model,event,call,objective,CE,L2_penalty,gradient_l2,feature_map,anchor_index_sha,weight_sha
R0_ONLY,objective,1,0.6928803802594987,0.6928803802594987,0.0,4.063497090040896,normalized94_abs_anchor_delta94_identity1,5ca38ebab9e2d191354ce7db934bf08f2b50c31bad2a7874ac97af410c8ebfc0,db725b42e2cd89e9cb7e9380e022e26d86f343e11195db88002ac0fe269834f1
R0_ONLY,objective,2,0.21623638888065916,0.21618638888065916,5e-05,0.12642591394886424,normalized94_abs_anchor_delta94_identity1,5ca38ebab9e2d191354ce7db934bf08f2b50c31bad2a7874ac97af410c8ebfc0,5d4106ee25e706ef06212e3201c9c9c4e18ef2325182b2605138be8024c685df
R0_ONLY,objective,3,0.21249566960409788,0.21244818509687,4.748450722789335e-05,0.12391156751923932,normalized94_abs_anchor_delta94_identity1,5ca38ebab9e2d191354ce7db934bf08f2b50c31bad2a7874ac97af410c8ebfc0,80043c9a6327d138f1bb86ccf9414e94173618ef5cee5c84574b9bf6f60dcfe1
R0_ONLY,objective,4,0.19839804490836963,0.19835972923191222,3.8315676457391894e-05,0.11190395399038565,normalized94_abs_anchor_delta94_identity1,5ca38ebab9e2d191354ce7db934bf08f2b50c31bad2a7874ac97af410c8ebfc0,a4d66497f76f4806c215b31f196918315290c3d3e75eda2a03f7a96c1adc162d
R0_ONLY,objective,5,2.6061733360565453,2.6060982449613923,7.509109515283508e-05,6.243452274185657,normalized94_abs_anchor_delta94_identity1,5ca38ebab9e2d191354ce7db934bf08f2b50c31bad2a7874ac97af410c8ebfc0,f058807b911350796c621ef76abac58c71d8f31a6c36cd8fda852242d5fb7fe7
R0_ONLY,objective,6,0.18362552759580622,0.18359411673738074,3.141085842548143e-05,0.0974774525419465,normalized94_abs_anchor_delta94_identity1,5ca38ebab9e2d191354ce7db934bf08f2b50c31bad2a7874ac97af410c8ebfc0,3317adfbb6b5da94f374a22fcb61923de46890011eabb3511092318b17128979
R0_ONLY,objective,7,1.5962177516275904,1.5961218327874132,9.591884017714159e-05,4.943189238709926,normalized94_abs_anchor_delta94_identity1,5ca38ebab9e2d191354ce7db934bf08f2b50c31bad2a7874ac97af410c8ebfc0,7df69aa9e4dc9b88ecc9f74ecd9669d531435f80f300ac48f33fdc2e5396a651
R0_ONLY,objective,8,0.16770071928724933,0.16767289612037575,2.7823166873578023e-05,0.0761688462844143,normalized94_abs_anchor_delta94_identity1,5ca38ebab9e2d191354ce7db934bf08f2b50c31bad2a7874ac97af410c8ebfc0,e36c44870e9da608125ca081a35439b6f2b7cfb87877570c62028ebda7be6204
R0_ONLY,objective,9,0.5856355274331618,0.5855450658993999,9.046153376186282e-05,2.5950671807349313,normalized94_abs_anchor_delta94_identity1,5ca38ebab9e2d191354ce7db934bf08f2b50c31bad2a7874ac97af410c8ebfc0,8921d496459f92a163b5f490375f2dcfc75bfb06657e97ea4395836bb9185002
R0_ONLY,objective,10,0.1539680091592174,0.15393720540135247,3.080375786494672e-05,0.047675921675142126,normalized94_abs_anchor_delta94_identity1,5ca38ebab9e2d191354ce7db934bf08f2b50c31bad2a7874ac97af410c8ebfc0,7faac44133de34936deb952e09d478100040f04bfe84ce942c09ee94fa43d441
R0_ONLY,objective,11,0.1668792333756492,0.16681711217353518,6.21212021140296e-05,0.32784963263922473,normalized94_abs_anchor_delta94_identity1,5ca38ebab9e2d191354ce7db934bf08f2b50c31bad2a7874ac97af410c8ebfc0,ae42527ff5ac7b2bc151ca587b7d37913bbfc0f1ea2f0fabc790308ae86954a6
R0_ONLY,objective,12,0.14851045670717455,0.14847109164384978,3.936506332477248e-05,0.065433586033842,normalized94_abs_anchor_delta94_identity1,5ca38ebab9e2d191354ce7db934bf08f2b50c31bad2a7874ac97af410c8ebfc0,df3727152da6974fe8f9d3938c953299d1876823d375ffea889b17af2f64e4aa
R0_ONLY,objective,13,0.1438600354272776,0.14380765193492673,5.2383492350872545e-05,0.061920937565157194,normalized94_abs_anchor_delta94_identity1,5ca38ebab9e2d191354ce7db934bf08f2b50c31bad2a7874ac97af410c8ebfc0,729b52c2c569ed2f5603e9301bb545c9c8b84c2c4e57ac89805f00e0b44cda55
R0_ONLY,objective,14,0.1319551439232863,0.13185092546057775,0.00010421846270854785,0.025541723354081773,normalized94_abs_anchor_delta94_identity1,5ca38ebab9e2d191354ce7db934bf08f2b50c31bad2a7874ac97af410c8ebfc0,7c97740b643c3cacebcf7b68e02897cc30687ba1a78da8de377425d644a69814
R0_ONLY,objective,15,0.12481361179515846,0.12462657301684266,0.0001870387783157949,0.018462935859673197,normalized94_abs_anchor_delta94_identity1,5ca38ebab9e2d191354ce7db934bf08f2b50c31bad2a7874ac97af410c8ebfc0,14af80cf3f67170d406fabe76a5cf27419e0616801b533a130ab65a7e3f24437
R0_ONLY,objective,16,0.1185120071549809,0.11816947161530776,0.0003425355396731455,0.01699024298101403,normalized94_abs_anchor_delta94_identity1,5ca38ebab9e2d191354ce7db934bf08f2b50c31bad2a7874ac97af410c8ebfc0,51bdfc7fb01a4e97ab8a85e852f41a32c1c36c878a9f902c983b7800d6a76c2d
R0_ONLY,objective,17,0.11681058742471162,0.11620912281955353,0.0006014646051580901,0.035926405732343986,normalized94_abs_anchor_delta94_identity1,5ca38ebab9e2d191354ce7db934bf08f2b50c31bad2a7874ac97af410c8ebfc0,7e6289748b0a79457eb91a8d2086049f8994d9d6759dfbf64218fbf197e5062d
R0_ONLY,objective,18,0.11413241352369384,0.11356632237581182,0.0005660911478820155,0.010807986230234013,normalized94_abs_anchor_delta94_identity1,5ca38ebab9e2d191354ce7db934bf08f2b50c31bad2a7874ac97af410c8ebfc0,1ee37240428a383c0567090e14c2c34f5f618f56254eaa7b701c42f082016079
R0_ONLY,objective,19,0.11327076688130436,0.11267966006799111,0.0005911068133132438,0.008072664542455189,normalized94_abs_anchor_delta94_identity1,5ca38ebab9e2d191354ce7db934bf08f2b50c31bad2a7874ac97af410c8ebfc0,7eb7bb9ec3bf44d57bb3440f516469ae6d6e93e2a608e57ca8ceec5b2e45ffa4
R0_ONLY,objective,20,0.11091202388353721,0.11017424590644743,0.0007377779770897834,0.010594559242975046,normalized94_abs_anchor_delta94_identity1,5ca38ebab9e2d191354ce7db934bf08f2b50c31bad2a7874ac97af410c8ebfc0,423d0564ea13a6eb0025491b5791bbc7aa41859da79fad43aa1ab48a711ecc82
R0_ONLY,objective,21,0.10979623565791699,0.10891166718030547,0.0008845684776115278,0.008706172091970178,normalized94_abs_anchor_delta94_identity1,5ca38ebab9e2d191354ce7db934bf08f2b50c31bad2a7874ac97af410c8ebfc0,efc03bd54e36275d1c9b696b59422999f61521319252fa99cab503a79eaf011b
R0_ONLY,objective,22,0.10808808747172689,0.1069540785869204,0.0011340088848065023,0.005061716575117051,normalized94_abs_anchor_delta94_identity1,5ca38ebab9e2d191354ce7db934bf08f2b50c31bad2a7874ac97af410c8ebfc0,dba7ca003b1f4c23fb4ee628166a214f59174a48f7931701cdc6da96c816c8a9
R0_ONLY,objective,23,0.10784037330161594,0.10625173940629305,0.0015886338953228964,0.02404440159867427,normalized94_abs_anchor_delta94_identity1,5ca38ebab9e2d191354ce7db934bf08f2b50c31bad2a7874ac97af410c8ebfc0,c67dc6b5aeb3550e91277b1871ecd20640b584e6bf48ce391c6e997f2d7e3b59
R0_ONLY,objective,24,0.10653180142537708,0.10476798436140713,0.0017638170639699415,0.004833069581818929,normalized94_abs_anchor_delta94_identity1,5ca38ebab9e2d191354ce7db934bf08f2b50c31bad2a7874ac97af410c8ebfc0,5bfa1a30381f349f6249931471c1f46d746a62ad8a9d39de487cc7d67fa0c5c4
R0_ONLY,objective,25,0.10630952370493302,0.10457514381414258,0.0017343798907904313,0.003590516515248281,normalized94_abs_anchor_delta94_identity1,5ca38ebab9e2d191354ce7db934bf08f2b50c31bad2a7874ac97af410c8ebfc0,e1dc0308d42ba09bf070e445f8023b71519a20995c5b33680d052e190f7f0626
R0_ONLY,objective,26,0.10594564221523685,0.10421739751539755,0.001728244699839301,0.004740233831469697,normalized94_abs_anchor_delta94_identity1,5ca38ebab9e2d191354ce7db934bf08f2b50c31bad2a7874ac97af410c8ebfc0,ea3ec0d70ce738791857727bc13e01c53faa71755c7064f50c2cbc9389c89f01
R0_ONLY,objective,27,0.10545756258353804,0.10363016564784638,0.0018273969356916646,0.005420839070722219,normalized94_abs_anchor_delta94_identity1,5ca38ebab9e2d191354ce7db934bf08f2b50c31bad2a7874ac97af410c8ebfc0,7fca77570d28e1cd0ba539a48dcb757655f3551c8c81348cf0125dd6225a4f9a
R0_ONLY,objective,28,0.10452237736436606,0.1026061348149235,0.001916242549442557,0.004315928255680235,normalized94_abs_anchor_delta94_identity1,5ca38ebab9e2d191354ce7db934bf08f2b50c31bad2a7874ac97af410c8ebfc0,70ba49af243db7c4070b9635ba2a4163afe457dc7d3b2dbab5dc722ddddcab7e
R0_ONLY,objective,29,0.10730237470258121,0.10444637937457284,0.002855995328008372,0.03804872282714088,normalized94_abs_anchor_delta94_identity1,5ca38ebab9e2d191354ce7db934bf08f2b50c31bad2a7874ac97af410c8ebfc0,236227d2e0e5b281323b14880acaf46aab16033ba12f3c0ae07a3f4b2ffb153c
R0_ONLY,objective,30,0.10418719279763428,0.10206333701024116,0.0021238557873931143,0.00861829878040703,normalized94_abs_anchor_delta94_identity1,5ca38ebab9e2d191354ce7db934bf08f2b50c31bad2a7874ac97af410c8ebfc0,815b8a1331db0cee32d60f96f3023adf2779d5b1239e4483db8cb574b8bb53ee
R0_ONLY,objective,31,0.10375227492021925,0.10144313005613502,0.002309144864084229,0.0035812674352428842,normalized94_abs_anchor_delta94_identity1,5ca38ebab9e2d191354ce7db934bf08f2b50c31bad2a7874ac97af410c8ebfc0,7802f051288a8571caaf8c68c945003e0336648c16a9c47295302a242f96c68f
R0_ONLY,objective,32,0.10352867668572023,0.10107294898019395,0.002455727705526277,0.0024966352374552266,normalized94_abs_anchor_delta94_identity1,5ca38ebab9e2d191354ce7db934bf08f2b50c31bad2a7874ac97af410c8ebfc0,d42fbcf9b39e9431dfff1bdf1c4c0a8be299e31593c6c0b8e3f5c6945a0d640f
R0_ONLY,objective,33,0.10326699727338857,0.10061393411173505,0.002653063161653518,0.002983355333508891,normalized94_abs_anchor_delta94_identity1,5ca38ebab9e2d191354ce7db934bf08f2b50c31bad2a7874ac97af410c8ebfc0,a5769e8b07235922f419a1ad259512e852d277d39979519b8a8a6ee7c28311e7
R0_ONLY,objective,34,0.10285607794244235,0.09985048264447142,0.0030055952979709277,0.0028705341784342857,normalized94_abs_anchor_delta94_identity1,5ca38ebab9e2d191354ce7db934bf08f2b50c31bad2a7874ac97af410c8ebfc0,4278fad15ad54d046cc01712d9e5d7521a0406f806f55bc4b7f33e079a9c9449
R0_ONLY,objective,35,0.10267878924863452,0.09898687946538724,0.0036919097832472858,0.007374429736379697,normalized94_abs_anchor_delta94_identity1,5ca38ebab9e2d191354ce7db934bf08f2b50c31bad2a7874ac97af410c8ebfc0,ea05ad6ce3d6b6b806c60cc60bdf101eec06b6fcea3ed9a18acb3599ecd16d6d
R0_ONLY,objective,36,0.10222870429523562,0.09856985278323972,0.003658851511995892,0.002998009829970043,normalized94_abs_anchor_delta94_identity1,5ca38ebab9e2d191354ce7db934bf08f2b50c31bad2a7874ac97af410c8ebfc0,5e072a41cc66165c20e7826892620a83a37fbc9121fe45a04d4f6732dd72e799
R0_ONLY,objective,37,0.10201583125376994,0.09844885200771226,0.003566979246057678,0.003251683871645501,normalized94_abs_anchor_delta94_identity1,5ca38ebab9e2d191354ce7db934bf08f2b50c31bad2a7874ac97af410c8ebfc0,7ceef862ec0ede1f8c7cdca4e3c3f66bf08c751421daa61f52c0a6819f8d0cad
R0_ONLY,objective,38,0.10196730368485216,0.09840812489626408,0.00355917878858808,0.011830953948017036,normalized94_abs_anchor_delta94_identity1,5ca38ebab9e2d191354ce7db934bf08f2b50c31bad2a7874ac97af410c8ebfc0,71cbb33b8e2c6fad31278b9bbc1e8002fc8bf6586a886517438b0e1c4eff1e2b
R0_ONLY,objective,39,0.10178014253356872,0.0981914865455606,0.0035886559880081224,0.004490209207232891,normalized94_abs_anchor_delta94_identity1,5ca38ebab9e2d191354ce7db934bf08f2b50c31bad2a7874ac97af410c8ebfc0,b74bc6a5906ad67547553cc6ff909ff213a757db322e59d03282ed2febb8739b
R0_ONLY,objective,40,0.1016605976269887,0.09800209685557178,0.0036585007714169224,0.002348898457971188,normalized94_abs_anchor_delta94_identity1,5ca38ebab9e2d191354ce7db934bf08f2b50c31bad2a7874ac97af410c8ebfc0,4564f8bc671fc4bac2fe0f565de3856cf88f71451baec209f42c27ee2ca3a720
R0_ONLY,objective,41,0.10153694588186234,0.09772571105217875,0.003811234829683583,0.002586174270355189,normalized94_abs_anchor_delta94_identity1,5ca38ebab9e2d191354ce7db934bf08f2b50c31bad2a7874ac97af410c8ebfc0,201d4640d260019ab8f2cdb48ef034e491b57eeae7b9989b81c5e33b0a74916d
R0_ONLY,objective,42,0.10144800055065979,0.09755409833868467,0.0038939022119751274,0.002523783146212968,normalized94_abs_anchor_delta94_identity1,5ca38ebab9e2d191354ce7db934bf08f2b50c31bad2a7874ac97af410c8ebfc0,bb933256bf056eae1c500413eb05a73f0a67f81c22674efbdbb84d61c1876a36
R0_ONLY,objective,43,0.10129488604515209,0.09705071835773556,0.004244167687416528,0.002813665218633242,normalized94_abs_anchor_delta94_identity1,5ca38ebab9e2d191354ce7db934bf08f2b50c31bad2a7874ac97af410c8ebfc0,971f6ee0dc954c7a9240f3463ef96fb7153de1145bb856230cf246d7828be902
R0_ONLY,objective,44,0.10115376912553338,0.09696740682301805,0.004186362302515328,0.0029138484418579974,normalized94_abs_anchor_delta94_identity1,5ca38ebab9e2d191354ce7db934bf08f2b50c31bad2a7874ac97af410c8ebfc0,24c22909d097b73606222818833f01a66b217adca2987289b789e20cda7d34e0
R0_ONLY,objective,45,0.10104144489122956,0.09680778228693948,0.004233662604290079,0.0019144473650145608,normalized94_abs_anchor_delta94_identity1,5ca38ebab9e2d191354ce7db934bf08f2b50c31bad2a7874ac97af410c8ebfc0,c8f4ac9fbb7e61e40ca7428c61adbdb72f89b392deb2455a1d55270e2df09d88
R0_ONLY,objective,46,0.10089082379158895,0.09650776732584326,0.004383056465745685,0.0016011314477543484,normalized94_abs_anchor_delta94_identity1,5ca38ebab9e2d191354ce7db934bf08f2b50c31bad2a7874ac97af410c8ebfc0,ea54722ae3ae6ee4bf324e0054426754837e46b503d385cb81269d3062e0b9d8
R0_ONLY,objective,47,0.10081035870780845,0.0963037485454887,0.004506610162319754,0.001270819588316007,normalized94_abs_anchor_delta94_identity1,5ca38ebab9e2d191354ce7db934bf08f2b50c31bad2a7874ac97af410c8ebfc0,842bae86c3ad4b452818fdb23e49cb12a411c3342cf9b92f555591eb8dc5dc24
R0_ONLY,objective,48,0.10066909438089,0.09587190065915381,0.004797193721736183,0.002816659987838572,normalized94_abs_anchor_delta94_identity1,5ca38ebab9e2d191354ce7db934bf08f2b50c31bad2a7874ac97af410c8ebfc0,9294d725b3a9b1152a241192e1648885031f9972a9e00a9e7053e639a032825d
R0_ONLY,objective,49,0.10062221007006757,0.09562889375165715,0.004993316318410417,0.0027524495000197944,normalized94_abs_anchor_delta94_identity1,5ca38ebab9e2d191354ce7db934bf08f2b50c31bad2a7874ac97af410c8ebfc0,62c4e1009cc5cc3bb853a4c34285a25f711791aa4283d22635230ce916e669ba
R0_ONLY,objective,50,0.10057109495314469,0.09562833160509239,0.004942763348052292,0.0016509087975507103,normalized94_abs_anchor_delta94_identity1,5ca38ebab9e2d191354ce7db934bf08f2b50c31bad2a7874ac97af410c8ebfc0,2794f08b50e8f2058c02ceb8d8c420b7010f1f0348009e757bce85ad3c92c96d
R0_ONLY,objective,51,0.100536381124687,0.09565208347219323,0.004884297652493775,0.0010917967790407478,normalized94_abs_anchor_delta94_identity1,5ca38ebab9e2d191354ce7db934bf08f2b50c31bad2a7874ac97af410c8ebfc0,55ee7167f5f228254675d38b1fe47e49ce2a94660ea6ea3d6c18d37fc970b0c2
R0_ONLY,objective,52,0.10051251591152234,0.09562685995779276,0.004885655953729582,0.003912163909941272,normalized94_abs_anchor_delta94_identity1,5ca38ebab9e2d191354ce7db934bf08f2b50c31bad2a7874ac97af410c8ebfc0,f84d018bb86e393678780359ded01bc53207cf557987f7c6e0419b679eaefb1a
R0_ONLY,objective,53,0.10046832168283072,0.09560489922472983,0.004863422458100898,0.0013311381654429555,normalized94_abs_anchor_delta94_identity1,5ca38ebab9e2d191354ce7db934bf08f2b50c31bad2a7874ac97af410c8ebfc0,e6a5364b52ac4b212b43b6f6813863c767acc226c1c79f34cd5bf06b711f3392
R0_ONLY,objective,54,0.10044145081046435,0.09555590836037453,0.0048855424500898175,0.001298680643011541,normalized94_abs_anchor_delta94_identity1,5ca38ebab9e2d191354ce7db934bf08f2b50c31bad2a7874ac97af410c8ebfc0,1176d232aef58d7a43634d73e46ccfc2357b33b7270e5dad5202f775b435edba
R0_ONLY,objective,55,0.10042333755283865,0.09550388012435139,0.0049194574284872564,0.001192999562885891,normalized94_abs_anchor_delta94_identity1,5ca38ebab9e2d191354ce7db934bf08f2b50c31bad2a7874ac97af410c8ebfc0,270757dc77ad4f25db0ac87b1729eac6951ce9244c7ccb2a5b831ebe35a3c6b6
R0_ONLY,objective,56,0.1003554448673083,0.09535004365627164,0.005005401211036659,0.0011018595896419168,normalized94_abs_anchor_delta94_identity1,5ca38ebab9e2d191354ce7db934bf08f2b50c31bad2a7874ac97af410c8ebfc0,ae3cc6443bdac91d889e290c125059e6416386aa9a2f1f0e6f9ecff4274b2ac4
R0_ONLY,objective,57,0.10051554010336994,0.09500732538015387,0.005508214723216072,0.006121171836655254,normalized94_abs_anchor_delta94_identity1,5ca38ebab9e2d191354ce7db934bf08f2b50c31bad2a7874ac97af410c8ebfc0,7bfc9bc94771ee62d7c36ceb7bc19f54c200c4f61aec68ee04d703852440634a
R0_ONLY,objective,58,0.10032778923124198,0.0951898522251506,0.00513793700609138,0.001750105893506961,normalized94_abs_anchor_delta94_identity1,5ca38ebab9e2d191354ce7db934bf08f2b50c31bad2a7874ac97af410c8ebfc0,ce140f3f82f82470713651871b6878c329faaade8de04abbe6606f19093e5a5d
R0_ONLY,objective,59,0.10028963860037987,0.09504596525630464,0.005243673344075234,0.0009124030442001569,normalized94_abs_anchor_delta94_identity1,5ca38ebab9e2d191354ce7db934bf08f2b50c31bad2a7874ac97af410c8ebfc0,a698a9396960e042506e74dc4b6a33b027194a58e86627f3648c63ef10e2f511
R0_ONLY,objective,60,0.10027234847846847,0.09497111781471987,0.005301230663748602,0.0006857644066412018,normalized94_abs_anchor_delta94_identity1,5ca38ebab9e2d191354ce7db934bf08f2b50c31bad2a7874ac97af410c8ebfc0,f6fe4d48190531ae04d93c39c6ce82afb43283c0bbe7694829ede6aeb544e9f3
R0_ONLY,objective,61,0.10024016305621021,0.09482239714780871,0.0054177659084015005,0.0010638564387851187,normalized94_abs_anchor_delta94_identity1,5ca38ebab9e2d191354ce7db934bf08f2b50c31bad2a7874ac97af410c8ebfc0,b740d8ec54b8ebabc456feaf84f6c3e8b6f1741ab301cf07941d34d3b829b3b1
R0_ONLY,objective,62,0.10029261596313058,0.09467509944856033,0.00561751651457025,0.004128718847926149,normalized94_abs_anchor_delta94_identity1,5ca38ebab9e2d191354ce7db934bf08f2b50c31bad2a7874ac97af410c8ebfc0,743aee9fa14c2c77ef39444502ca423a0f136e16be359c62dae0ee52eebe37f9
R0_ONLY,objective,63,0.10023050959879427,0.09475763262613383,0.005472876972660438,0.0010674119437101275,normalized94_abs_anchor_delta94_identity1,5ca38ebab9e2d191354ce7db934bf08f2b50c31bad2a7874ac97af410c8ebfc0,c4293250e8907f074173ea6ed53a4cfd879db084b6d500fc856aa2530f54f1f1
R0_ONLY,objective,64,0.10021551606683796,0.09470645074737394,0.00550906531946402,0.0007524615224889999,normalized94_abs_anchor_delta94_identity1,5ca38ebab9e2d191354ce7db934bf08f2b50c31bad2a7874ac97af410c8ebfc0,0af886839bf6c96159f10a08ceecfb0f05f818781f686e9ecc6aa60e9a26e56b
R0_ONLY,objective,65,0.10019654891473147,0.09466369526171456,0.005532853653016903,0.0004770000250205724,normalized94_abs_anchor_delta94_identity1,5ca38ebab9e2d191354ce7db934bf08f2b50c31bad2a7874ac97af410c8ebfc0,6586c9cb44b8b2aafa20dea41846bb8bb52e6c459209bfaed206210132712877
R0_ONLY,objective,66,0.10018205753618736,0.09464522434344164,0.005536833192745728,0.0009871582165208225,normalized94_abs_anchor_delta94_identity1,5ca38ebab9e2d191354ce7db934bf08f2b50c31bad2a7874ac97af410c8ebfc0,17bf7ef689f1116011757c2df6fcc7f61dd15c4a3a159ba739136a4bafb61de4
R0_ONLY,objective,67,0.10018879252558678,0.09466871514305171,0.0055200773825350765,0.003061508280939161,normalized94_abs_anchor_delta94_identity1,5ca38ebab9e2d191354ce7db934bf08f2b50c31bad2a7874ac97af410c8ebfc0,501afcc60383452c18c7eb0713eac7772e2f67fbecd7a42aed0f60799b93ebbb
R0_ONLY,objective,68,0.10017558661170561,0.094645858741058,0.005529727870647614,0.0010058526481321974,normalized94_abs_anchor_delta94_identity1,5ca38ebab9e2d191354ce7db934bf08f2b50c31bad2a7874ac97af410c8ebfc0,b777bcfaddafdfb3788ac5dbc532c7a569bd7c880baa7d78e6992031f0951d10
R0_ONLY,objective,69,0.10016749319602021,0.094640406101252,0.005527087094768205,0.0005439387889285498,normalized94_abs_anchor_delta94_identity1,5ca38ebab9e2d191354ce7db934bf08f2b50c31bad2a7874ac97af410c8ebfc0,f902e1ffcea69abf0e76c9349cc7a5f3daa81e5ad17f3f866e21174c27495681
R0_ONLY,objective,70,0.10016113412105104,0.09463450935751262,0.005526624763538414,0.0004248664272202868,normalized94_abs_anchor_delta94_identity1,5ca38ebab9e2d191354ce7db934bf08f2b50c31bad2a7874ac97af410c8ebfc0,fbfd923c567f3d6cb80d5492de1a7916f63b05c6111f72aa580e99786e71ac1f
R0_ONLY,objective,71,0.10015525560921025,0.09462490782222037,0.005530347786989876,0.0004052311617645885,normalized94_abs_anchor_delta94_identity1,5ca38ebab9e2d191354ce7db934bf08f2b50c31bad2a7874ac97af410c8ebfc0,7067700a8884b79e88dfb1c73cea3bb2e1843f43e69b013b6934deb650e3dab2
R0_ONLY,objective,72,0.10016029936766623,0.09469288565889046,0.005467413708775766,0.0022098037327243952,normalized94_abs_anchor_delta94_identity1,5ca38ebab9e2d191354ce7db934bf08f2b50c31bad2a7874ac97af410c8ebfc0,eb54a3e41ed9ccc0033c591da4af9ca0eed73d32e23fcdab683802c5d5c34ede
R0_ONLY,objective,73,0.10014841340167577,0.09464564263460563,0.0055027707670701346,0.0010410081407758807,normalized94_abs_anchor_delta94_identity1,5ca38ebab9e2d191354ce7db934bf08f2b50c31bad2a7874ac97af410c8ebfc0,4fffdadec4f1f8163d2ec3e8f3a1f4e7c36b833bb60c64953af3a10efdb443af
R0_ONLY,objective,74,0.10013680414828742,0.0946404814318994,0.005496322716388017,0.000593370528251679,normalized94_abs_anchor_delta94_identity1,5ca38ebab9e2d191354ce7db934bf08f2b50c31bad2a7874ac97af410c8ebfc0,d806b3a985da90ab3116a44d36f76f6e9d389d41eaa19d4f78516f54c882c0cf
R0_ONLY,objective,75,0.10012918955872215,0.09462497507491854,0.005504214483803598,0.0003296172617534751,normalized94_abs_anchor_delta94_identity1,5ca38ebab9e2d191354ce7db934bf08f2b50c31bad2a7874ac97af410c8ebfc0,57a86ee8595fe9db6b4403a5c0693cf37139859fd82f90a1dd2a1d7c93ed1e3b
R0_ONLY,objective,76,0.1001225925593229,0.09461332505205326,0.005509267507269646,0.00047123645435135904,normalized94_abs_anchor_delta94_identity1,5ca38ebab9e2d191354ce7db934bf08f2b50c31bad2a7874ac97af410c8ebfc0,21ec8257ab2c5ea46ca723a6f59c1c6c71295bdc9e4421c47d9bc9312c775b68
R0_ONLY,objective,77,0.10011921929732563,0.09459673634951975,0.0055224829478058846,0.00033327501203700655,normalized94_abs_anchor_delta94_identity1,5ca38ebab9e2d191354ce7db934bf08f2b50c31bad2a7874ac97af410c8ebfc0,49de34f7c5c10486ca3d73d260b998d07b9d4bb87d34ac0beeb984e53ac8837c
R0_ONLY,objective,78,0.10011569342904546,0.09457751079957576,0.0055381826294696995,0.00041174575784419255,normalized94_abs_anchor_delta94_identity1,5ca38ebab9e2d191354ce7db934bf08f2b50c31bad2a7874ac97af410c8ebfc0,f52df8b6d931ffed1481e16ac9c690058ce3667dbe304efde1c43995eed163fe
R0_ONLY,objective,79,0.10011217947001502,0.09455621582795666,0.005555963642058368,0.0002860639113007607,normalized94_abs_anchor_delta94_identity1,5ca38ebab9e2d191354ce7db934bf08f2b50c31bad2a7874ac97af410c8ebfc0,4b782807dc079667a4f758fd0825ae95768867a10ea350513bf13cfcf61db269
R0_ONLY,objective,80,0.10011042581608912,0.09452794254297345,0.005582483273115664,0.0012178254216821628,normalized94_abs_anchor_delta94_identity1,5ca38ebab9e2d191354ce7db934bf08f2b50c31bad2a7874ac97af410c8ebfc0,bf433e2620706d29072764b6ff54ae7741548a223684ae97d252b01b1e7d1d62
R0_ONLY,objective,81,0.10010783896215172,0.09451999690708518,0.00558784205506655,0.00042648460462868754,normalized94_abs_anchor_delta94_identity1,5ca38ebab9e2d191354ce7db934bf08f2b50c31bad2a7874ac97af410c8ebfc0,10c1891f6b4503f375ce680bc643b86c5b37e0e8c0b0969a126aea71a3a980ff
R0_ONLY,objective,82,0.10010670440151351,0.09452074970277902,0.005585954698734491,0.00035799837427863125,normalized94_abs_anchor_delta94_identity1,5ca38ebab9e2d191354ce7db934bf08f2b50c31bad2a7874ac97af410c8ebfc0,bceaf0ceeebc40cc6a43ace2ef942eb5e00faa529338809dfd26d2a1a9339599
R0_ONLY,objective,83,0.1001031372458557,0.0945202956624957,0.005582841583359997,0.0003948304946995449,normalized94_abs_anchor_delta94_identity1,5ca38ebab9e2d191354ce7db934bf08f2b50c31bad2a7874ac97af410c8ebfc0,5146aad32c72c0ca9add04ec213bcd856c56924f7b2982f13c85d20f992f5b7d
R0_ONLY,objective,84,0.10010128046453719,0.09451257226127646,0.005588708203260725,0.0003842718866477876,normalized94_abs_anchor_delta94_identity1,5ca38ebab9e2d191354ce7db934bf08f2b50c31bad2a7874ac97af410c8ebfc0,9eece3795fa8a92725d125e144027248c96226c2aa241691e4e1c42f9c5b3231
R0_ONLY,objective,85,0.10009927547169231,0.09451151439250248,0.005587761079189829,0.00024095405014115548,normalized94_abs_anchor_delta94_identity1,5ca38ebab9e2d191354ce7db934bf08f2b50c31bad2a7874ac97af410c8ebfc0,d5da124a892a3f8b66ed136bb675443c1a326d2ba34e24af8118f4144c90fab5
R0_ONLY,objective,86,0.1000968093975742,0.09450699297453377,0.005589816423040431,0.0002460990156468591,normalized94_abs_anchor_delta94_identity1,5ca38ebab9e2d191354ce7db934bf08f2b50c31bad2a7874ac97af410c8ebfc0,eac8db886db08b31d439533203c87d687b438b76b4451f19ffe7265986e7e214
R0_ONLY,objective,87,0.10009422598748972,0.09449374387813744,0.005600482109352284,0.0002958170706038591,normalized94_abs_anchor_delta94_identity1,5ca38ebab9e2d191354ce7db934bf08f2b50c31bad2a7874ac97af410c8ebfc0,e64b853d89e38c559e6dc858e76ee0299be56897a50fc3d128653261071d361d
R0_ONLY,objective,88,0.10009223130546702,0.09448597599082968,0.005606255314637341,0.00023869362844092392,normalized94_abs_anchor_delta94_identity1,5ca38ebab9e2d191354ce7db934bf08f2b50c31bad2a7874ac97af410c8ebfc0,b968837986376aff29d3b43482aafeaa59deb70167e3ff811086b3d6eee62bea
R0_ONLY,objective,89,0.10009292358479308,0.09443502943766298,0.005657894147130102,0.00045564447101892715,normalized94_abs_anchor_delta94_identity1,5ca38ebab9e2d191354ce7db934bf08f2b50c31bad2a7874ac97af410c8ebfc0,65c8d89fd451bbfad0bb5e3c784701455ea5869927c44a285ab00839bfa89ff3
R0_ONLY,objective,90,0.1000909827241215,0.0944620318166335,0.005628950907487995,0.00021522532786407976,normalized94_abs_anchor_delta94_identity1,5ca38ebab9e2d191354ce7db934bf08f2b50c31bad2a7874ac97af410c8ebfc0,e0e9bf272dcd1cf7944426278b88d0217ac661261318d763a471169852c8bf2f
R0_ONLY,objective,91,0.10008871145957414,0.09444958269759685,0.005639128761977293,0.00029399959322826905,normalized94_abs_anchor_delta94_identity1,5ca38ebab9e2d191354ce7db934bf08f2b50c31bad2a7874ac97af410c8ebfc0,5b800d4d24fe46703638c5adb0637ea68aa3db31fc3795c8e7857e1b43170528
R0_ONLY,objective,92,0.10008745397310224,0.09444758674848173,0.005639867224620511,0.00031996379831061275,normalized94_abs_anchor_delta94_identity1,5ca38ebab9e2d191354ce7db934bf08f2b50c31bad2a7874ac97af410c8ebfc0,5829967620ea06bf9e6aee3a2196c8e13af9ad97944c8f94a27798e6b6923c54
R0_ONLY,objective,93,0.10008639330987074,0.09443818682549784,0.005648206484372893,0.0002260434404058817,normalized94_abs_anchor_delta94_identity1,5ca38ebab9e2d191354ce7db934bf08f2b50c31bad2a7874ac97af410c8ebfc0,93ac2ef4ee1a45cd2cc9346d76b01e73cc29613a5968f03691817f2d091b3bfb
R0_ONLY,objective,94,0.10008560537873808,0.09442743524021686,0.005658170138521208,0.00019112722022900983,normalized94_abs_anchor_delta94_identity1,5ca38ebab9e2d191354ce7db934bf08f2b50c31bad2a7874ac97af410c8ebfc0,54ef93dd9d3a8c31e9bf22177668656bfc1b6bbd2308f5f41a81bc513cd3f33f
R0_ONLY,objective,95,0.10008507453588948,0.09442041993721384,0.005664654598675636,0.00022935081415980494,normalized94_abs_anchor_delta94_identity1,5ca38ebab9e2d191354ce7db934bf08f2b50c31bad2a7874ac97af410c8ebfc0,651e78527b36ec7c79bc3e5c46121b067c87698ba42977d6d54ef734c3c28d3d
R0_ONLY,objective,96,0.10008454867248467,0.09441474499941863,0.005669803673066043,0.0002481915104779076,normalized94_abs_anchor_delta94_identity1,5ca38ebab9e2d191354ce7db934bf08f2b50c31bad2a7874ac97af410c8ebfc0,ba7793161e61ad4d45d4357d2644e980542c49e910f8ec7051caa2e90443fb58
R0_ONLY,objective,97,0.1000837540103877,0.09441054655887385,0.005673207451513853,0.00011340108372908209,normalized94_abs_anchor_delta94_identity1,5ca38ebab9e2d191354ce7db934bf08f2b50c31bad2a7874ac97af410c8ebfc0,644e432bf276dbb345185c41162868d5f6d1e0c783aa35470d681137c06d0a2f
R0_ONLY,objective,98,0.1000835525929029,0.09440767560028283,0.005675876992620064,0.00010786246940266739,normalized94_abs_anchor_delta94_identity1,5ca38ebab9e2d191354ce7db934bf08f2b50c31bad2a7874ac97af410c8ebfc0,5e667ffee1e2d175673e93803d1bd341da3b9ba7cccc6d0cea0bba3595e2cd3a
R0_ONLY,objective,99,0.10008281914199733,0.09439817863444783,0.005684640507549501,9.062453506683478e-05,normalized94_abs_anchor_delta94_identity1,5ca38ebab9e2d191354ce7db934bf08f2b50c31bad2a7874ac97af410c8ebfc0,da32b39806f82d469b8eb50a8e74c29be7739c367c7bdb9637e38561e2501d1b
R0_ONLY,objective,100,0.10008217772079385,0.0943914995242827,0.0056906781965111505,9.767616459838396e-05,normalized94_abs_anchor_delta94_identity1,5ca38ebab9e2d191354ce7db934bf08f2b50c31bad2a7874ac97af410c8ebfc0,bc1ea26ed604c6fda38536102c9777e5e194f347edaf9c2641307b2271fd2d4a
R0_ONLY,objective,101,0.1000822771275343,0.0943731716726672,0.00570910545486709,0.00032362312300059624,normalized94_abs_anchor_delta94_identity1,5ca38ebab9e2d191354ce7db934bf08f2b50c31bad2a7874ac97af410c8ebfc0,b83b45dfa49054e734682eaccf251d30d9bdb73c50a46fdad18d16cb5232e637
R0_ONLY,objective,102,0.10008183107707902,0.09438256172193278,0.005699269355146234,0.0001412750051716449,normalized94_abs_anchor_delta94_identity1,5ca38ebab9e2d191354ce7db934bf08f2b50c31bad2a7874ac97af410c8ebfc0,c5799ce71795c22b0df55885441f214a38bff2816152fa277f2e72628c0a1994
R0_ONLY,objective,103,0.1000815688135568,0.09438263765418574,0.005698931159371063,5.83989462355989e-05,normalized94_abs_anchor_delta94_identity1,5ca38ebab9e2d191354ce7db934bf08f2b50c31bad2a7874ac97af410c8ebfc0,8f1646bbde78ad3645b867a19d7b514c9e6e2c6ec5bff3ca1c3d7b00e934df80
R0_ONLY,objective,104,0.10008143664291758,0.0943834914647623,0.0056979451781552755,4.734736086739193e-05,normalized94_abs_anchor_delta94_identity1,5ca38ebab9e2d191354ce7db934bf08f2b50c31bad2a7874ac97af410c8ebfc0,a9bc5c14197548f6081fcbf4cc60a163840f14af2c15a2b45af937e83eb20598
R0_ONLY,objective,105,0.10008132587458074,0.09438318354570091,0.005698142328879826,7.176626353205099e-05,normalized94_abs_anchor_delta94_identity1,5ca38ebab9e2d191354ce7db934bf08f2b50c31bad2a7874ac97af410c8ebfc0,88c5689ce1b889a2e207eac83459ca4c8d1e54db031b28c21311f837dbb2b18a
R0_ONLY,objective,106,0.10008113868419435,0.09438082102045868,0.005700317663735675,5.9610726528906196e-05,normalized94_abs_anchor_delta94_identity1,5ca38ebab9e2d191354ce7db934bf08f2b50c31bad2a7874ac97af410c8ebfc0,8b99865c3d374184b8d21df2cbaf157600c3fbe3c5589dd57f3c4de676697e41
R0_ONLY,objective,107,0.10008157049080366,0.0943789372609279,0.005702633229875752,0.0005675836766284539,normalized94_abs_anchor_delta94_identity1,5ca38ebab9e2d191354ce7db934bf08f2b50c31bad2a7874ac97af410c8ebfc0,991fab02417514e6038cdc096620404d8c82c7767727e49a01a05b48f1fd876a
R0_ONLY,objective,108,0.10008111440807814,0.09438036482942083,0.005700749578657304,0.00010941863460904031,normalized94_abs_anchor_delta94_identity1,5ca38ebab9e2d191354ce7db934bf08f2b50c31bad2a7874ac97af410c8ebfc0,dbc34d65556dc1dc29b99d33cc2b632f43d215b7fcce2f0b24ef912ab6f38ee7
R0_ONLY,objective,109,0.10008106101302933,0.0943790733267797,0.005701987686249634,6.286345278548579e-05,normalized94_abs_anchor_delta94_identity1,5ca38ebab9e2d191354ce7db934bf08f2b50c31bad2a7874ac97af410c8ebfc0,fbfb3fbc3fd4e3492a50a36eb9211ece7664009fa310e97aacaf7165334e0372
R0_ONLY,objective,110,0.10008101025700578,0.0943782895436705,0.00570272071333528,3.872708390262678e-05,normalized94_abs_anchor_delta94_identity1,5ca38ebab9e2d191354ce7db934bf08f2b50c31bad2a7874ac97af410c8ebfc0,31e20af853fa66738f88480f84f64269914e01648b45ea1bac06c4ae2985ef7e
R0_ONLY,objective,111,0.10008096588060686,0.09437806034349613,0.005702905537110727,5.820008165627265e-05,normalized94_abs_anchor_delta94_identity1,5ca38ebab9e2d191354ce7db934bf08f2b50c31bad2a7874ac97af410c8ebfc0,78bf41f700ae63813d9e5602800c3f269fe243e984e8a4b11cb123d095993e59
R0_ONLY,objective,112,0.10008088698507871,0.09437825999273844,0.005702626992340273,8.104128489233624e-05,normalized94_abs_anchor_delta94_identity1,5ca38ebab9e2d191354ce7db934bf08f2b50c31bad2a7874ac97af410c8ebfc0,3969ce955251523eaf6835612284f6448dd15cee56ed49ff594e1155003b122c
R0_ONLY,objective,113,0.1000807546811102,0.094378697240354,0.0057020574407562,7.73034320367017e-05,normalized94_abs_anchor_delta94_identity1,5ca38ebab9e2d191354ce7db934bf08f2b50c31bad2a7874ac97af410c8ebfc0,c882fcdeb611f30332427eefd9caad2ad960a8f1fcf0bfbbd76186a43da0fb30
R0_ONLY,objective,114,0.10008075849197226,0.09438122330022004,0.005699535191752211,0.00021526633386760517,normalized94_abs_anchor_delta94_identity1,5ca38ebab9e2d191354ce7db934bf08f2b50c31bad2a7874ac97af410c8ebfc0,ab53aea32db0895b26d8cb2a807a800123688845b9784f834851918988d9b23b
R0_ONLY,objective,115,0.10008066811506719,0.09437986576591689,0.0057008023491503,0.00013073515276674493,normalized94_abs_anchor_delta94_identity1,5ca38ebab9e2d191354ce7db934bf08f2b50c31bad2a7874ac97af410c8ebfc0,d7755c898de7d8d7d8c2f3e759c7ac8559e57f990f602e1ff895c082fb69a099
R0_ONLY,objective,116,0.10008053623098576,0.0943804037332237,0.0057001324977620504,5.049798061054902e-05,normalized94_abs_anchor_delta94_identity1,5ca38ebab9e2d191354ce7db934bf08f2b50c31bad2a7874ac97af410c8ebfc0,2fcb87b1704fa65b5de15fc3b5771886a16c1507eb2e7ecdd160bec2272ef3c5
R0_ONLY,objective,117,0.10008048477376003,0.09438072407801354,0.0056997606957464916,4.122555940626734e-05,normalized94_abs_anchor_delta94_identity1,5ca38ebab9e2d191354ce7db934bf08f2b50c31bad2a7874ac97af410c8ebfc0,b6d5f8a7ce84c5003483bd75e03621a8489e42a42eb9593e6bd364e4c72f98b4
R0_ONLY,objective,118,0.10008042158663727,0.0943807629563065,0.005699658630330768,5.6094538520047574e-05,normalized94_abs_anchor_delta94_identity1,5ca38ebab9e2d191354ce7db934bf08f2b50c31bad2a7874ac97af410c8ebfc0,dccffaa27666073f86db4023e34ff1d61c7474eb1a7b11962f5cc0b9f7606a2a
R0_ONLY,objective,119,0.10008036769382503,0.09438140850982928,0.005698959183995746,4.652925557465123e-05,normalized94_abs_anchor_delta94_identity1,5ca38ebab9e2d191354ce7db934bf08f2b50c31bad2a7874ac97af410c8ebfc0,928c9e608b5bba3d7535414b5a9f4fb9030a250317250397447e40833bd2c0cb
R0_ONLY,objective,120,0.10008046931872167,0.0943807332923059,0.005699736026415764,0.00032862846927848095,normalized94_abs_anchor_delta94_identity1,5ca38ebab9e2d191354ce7db934bf08f2b50c31bad2a7874ac97af410c8ebfc0,bdb3ab42101fe397619dc6627ad97e7f66e8e3c360018b3e4ba8291219ff86d8
R0_ONLY,objective,121,0.10008034961059187,0.09438117659679933,0.005699173013792542,0.0001126964474963429,normalized94_abs_anchor_delta94_identity1,5ca38ebab9e2d191354ce7db934bf08f2b50c31bad2a7874ac97af410c8ebfc0,64b8c42a5bbdde454d7801a4d080cd3bc29db7449364a88192535c4140676546
R0_ONLY,objective,122,0.10008031011450122,0.09438152350608033,0.00569878660842089,5.400451058823593e-05,normalized94_abs_anchor_delta94_identity1,5ca38ebab9e2d191354ce7db934bf08f2b50c31bad2a7874ac97af410c8ebfc0,dd6b0fb6acffc6914a2178be9d949b367ee4dbbad59f38eb271bd77a845242e1
R0_ONLY,objective,123,0.10008028889355228,0.09438154289524768,0.0056987459983045986,2.8818027156536606e-05,normalized94_abs_anchor_delta94_identity1,5ca38ebab9e2d191354ce7db934bf08f2b50c31bad2a7874ac97af410c8ebfc0,d608645ca6fa4ac30bcce182bb324d67b5d5da80a9e132bf7e41e619f5be5bb0
R0_ONLY,objective,124,0.10008027735906448,0.09438158283485344,0.005698694524211037,3.2247053663822814e-05,normalized94_abs_anchor_delta94_identity1,5ca38ebab9e2d191354ce7db934bf08f2b50c31bad2a7874ac97af410c8ebfc0,1996f9a26e0d26aa6bf2d61e14d074bf3d4753735a4b6cdd56a71d82a2ceddd3
R0_ONLY,objective,125,0.10008025551859664,0.09438201574423413,0.005698239774362514,3.591886696565399e-05,normalized94_abs_anchor_delta94_identity1,5ca38ebab9e2d191354ce7db934bf08f2b50c31bad2a7874ac97af410c8ebfc0,41b826f2d58a8b5da1095d441a052511e440a85c47cf807397964fd5b6b3f07c
R0_ONLY,objective,126,0.10008021288710081,0.09438294776475034,0.005697265122350473,3.5814341082894214e-05,normalized94_abs_anchor_delta94_identity1,5ca38ebab9e2d191354ce7db934bf08f2b50c31bad2a7874ac97af410c8ebfc0,d90d33bdee1ea0fe6a36e2591f7a6be749c7e5e3611528c538b434be9d624597
R0_ONLY,objective,127,0.10008015568030065,0.09438454881756451,0.005695606862736142,4.018097758553445e-05,normalized94_abs_anchor_delta94_identity1,5ca38ebab9e2d191354ce7db934bf08f2b50c31bad2a7874ac97af410c8ebfc0,b74d098eebe81c96cbb074078982bbd909a9b8e4fe2aef37eec9f12cfc405e72
R0_ONLY,objective,128,0.10008034643272488,0.09438679815245704,0.005693548280267848,0.00023334314390069985,normalized94_abs_anchor_delta94_identity1,5ca38ebab9e2d191354ce7db934bf08f2b50c31bad2a7874ac97af410c8ebfc0,e69f66170c10889c03acdf9f87937e20200e87c370768a65fbb6ff21c352f73d
R0_ONLY,objective,129,0.10008014588966749,0.0943849132146984,0.005695232674969093,3.636202935828441e-05,normalized94_abs_anchor_delta94_identity1,5ca38ebab9e2d191354ce7db934bf08f2b50c31bad2a7874ac97af410c8ebfc0,1570fafcf800662ba5af30958648998361d3b517364a10a4117a0a2b75884a11
R0_ONLY,objective,130,0.10008013106552098,0.09438512398604036,0.005695007079480613,2.118171588196379e-05,normalized94_abs_anchor_delta94_identity1,5ca38ebab9e2d191354ce7db934bf08f2b50c31bad2a7874ac97af410c8ebfc0,607f422477126b01213e24511dee240017188e9e7f232d871e39a48c0a9dfe65
R0_ONLY,objective,131,0.10008012049325812,0.09438494222221883,0.0056951782710393025,1.690703352538104e-05,normalized94_abs_anchor_delta94_identity1,5ca38ebab9e2d191354ce7db934bf08f2b50c31bad2a7874ac97af410c8ebfc0,63c62258ac2d4357c7665f5b761472046398e4c57fdb05a04a7ea33a0a27448a
R0_ONLY,objective,132,0.10008010565786676,0.09438467110424185,0.0056954345536249125,1.868572569124414e-05,normalized94_abs_anchor_delta94_identity1,5ca38ebab9e2d191354ce7db934bf08f2b50c31bad2a7874ac97af410c8ebfc0,2653cc69c08e28d1e071921448ad4cd2725f5d99b0a3997904a59fcc562e99cc
R0_ONLY,objective,133,0.10008008205854485,0.09438429846108967,0.005695783597455185,3.201398939127692e-05,normalized94_abs_anchor_delta94_identity1,5ca38ebab9e2d191354ce7db934bf08f2b50c31bad2a7874ac97af410c8ebfc0,3ded886401c6267ca28ad5a6034ce182f1594b15933fcfb73dc36ac198006807
R0_ONLY,objective,134,0.10008021819780336,0.09438451458264298,0.005695703615160381,0.00030648317062861435,normalized94_abs_anchor_delta94_identity1,5ca38ebab9e2d191354ce7db934bf08f2b50c31bad2a7874ac97af410c8ebfc0,0d26c0ddb0606e8d8ea9f7b8f1ac4762adb5d38276a901c23ee032c5fa89c9b0
R0_ONLY,objective,135,0.10008007660684508,0.09438430731449911,0.005695769292345975,3.9537146996615974e-05,normalized94_abs_anchor_delta94_identity1,5ca38ebab9e2d191354ce7db934bf08f2b50c31bad2a7874ac97af410c8ebfc0,d0f9010c2b1b1ff11fc9f242f9ae293cde25080e5c889bdb3be56c0313eac0ea
R0_ONLY,objective,136,0.10008005822744742,0.09438408046517971,0.00569597776226771,2.0154831884546112e-05,normalized94_abs_anchor_delta94_identity1,5ca38ebab9e2d191354ce7db934bf08f2b50c31bad2a7874ac97af410c8ebfc0,361fba499f6a17a1aba05280c639f110c5bc56c2bd05d9f7ebfbb93204f77736
R0_ONLY,objective,137,0.10008004818584722,0.09438412561373052,0.005695922572116699,1.3024944195275994e-05,normalized94_abs_anchor_delta94_identity1,5ca38ebab9e2d191354ce7db934bf08f2b50c31bad2a7874ac97af410c8ebfc0,dae0c2bd5392e5e206a23726477732e93f3662b5da4bebf555ee4fb84ea2d342
R0_ONLY,objective,138,0.10008003917324432,0.0943841931375117,0.005695846035732612,1.406479065989491e-05,normalized94_abs_anchor_delta94_identity1,5ca38ebab9e2d191354ce7db934bf08f2b50c31bad2a7874ac97af410c8ebfc0,498a80c8a142180aacffb310ffbdacecf1350bf79db7ef293490e43dad8ac6fe
R0_ONLY,objective,139,0.1000800239012084,0.09438427751763306,0.005695746383575339,1.8891922583100616e-05,normalized94_abs_anchor_delta94_identity1,5ca38ebab9e2d191354ce7db934bf08f2b50c31bad2a7874ac97af410c8ebfc0,b7597d6b9100a49cf28ef12ccf4abb2f4a96eed5765f9c02f2bd82d378b9f771
R0_ONLY,objective,140,0.10008000587330203,0.0943841686991351,0.00569583717416692,1.9207189813589008e-05,normalized94_abs_anchor_delta94_identity1,5ca38ebab9e2d191354ce7db934bf08f2b50c31bad2a7874ac97af410c8ebfc0,b97c86de689d427ea91f832c152924ba3d2c0cd8a934b4a78945e68889b61a3c
R0_ONLY,objective,141,0.10008018532224536,0.09438285902843638,0.005697326293808979,0.00018080025369214106,normalized94_abs_anchor_delta94_identity1,5ca38ebab9e2d191354ce7db934bf08f2b50c31bad2a7874ac97af410c8ebfc0,65bdaf07404cedf873bf51c7608a959a33e37fa6beee38d07e341621eef8fc10
R0_ONLY,objective,142,0.10008000281151104,0.09438399862120994,0.0056960041903011,2.2702769774995073e-05,normalized94_abs_anchor_delta94_identity1,5ca38ebab9e2d191354ce7db934bf08f2b50c31bad2a7874ac97af410c8ebfc0,25131879dcafe6ab5a525c5189b0631207ba7d9c4cfc6acd80ad4c3ff13b7ba5
R0_ONLY,objective,143,0.10007999342746696,0.09438375774397409,0.0056962356834928726,1.2474673852698797e-05,normalized94_abs_anchor_delta94_identity1,5ca38ebab9e2d191354ce7db934bf08f2b50c31bad2a7874ac97af410c8ebfc0,a9324be13ed9f044787b9da97f9f77f12fdc564be80d3d3448071733501f8498
R0_ONLY,objective,144,0.10007999218126129,0.09438374074829518,0.005696251432966112,1.9079056787239958e-05,normalized94_abs_anchor_delta94_identity1,5ca38ebab9e2d191354ce7db934bf08f2b50c31bad2a7874ac97af410c8ebfc0,455d08906a95f38efaa7cd04e1d65b82b4f5a70f7b1d2b25832808b93d4ef81e
R0_ONLY,objective,145,0.10007998994006814,0.0943836777689195,0.005696312171148643,6.355644511060744e-06,normalized94_abs_anchor_delta94_identity1,5ca38ebab9e2d191354ce7db934bf08f2b50c31bad2a7874ac97af410c8ebfc0,542b3922ed398c6bed0bdcbab467f8b31d5459a226188da2a938ccf05d20f818
R0_ONLY,objective,146,0.10007998905031278,0.09438367094030846,0.005696318110004318,5.081910825463481e-06,normalized94_abs_anchor_delta94_identity1,5ca38ebab9e2d191354ce7db934bf08f2b50c31bad2a7874ac97af410c8ebfc0,9a9ca8e899a0e9cc009fb15dbcf003e32ecf23e8beee5934af831cfaba967e5f
R0_ONLY,objective,147,0.10007998661930664,0.09438370253951955,0.005696284079787088,7.26286055113729e-06,normalized94_abs_anchor_delta94_identity1,5ca38ebab9e2d191354ce7db934bf08f2b50c31bad2a7874ac97af410c8ebfc0,a26f5a53aaed8a050cae116201f3da7ea534425dd2b87a2da69c1db4af22a3c0
R0_ONLY,objective,148,0.10007998708025309,0.09438384832097382,0.005696138759279272,5.233762343188903e-05,normalized94_abs_anchor_delta94_identity1,5ca38ebab9e2d191354ce7db934bf08f2b50c31bad2a7874ac97af410c8ebfc0,e217f3965fd03a7bd3453c2f3a1ca78f63a4bb6ac255a37375bde98c2772e36d
R0_ONLY,objective,149,0.10007998538578199,0.09438376826500773,0.005696217120774255,2.4870515228491826e-05,normalized94_abs_anchor_delta94_identity1,5ca38ebab9e2d191354ce7db934bf08f2b50c31bad2a7874ac97af410c8ebfc0,6cafb1c4a70a558cb87b5639326ec006cd15ce696047ee24f7b8d55fd1286496
R0_ONLY,objective,150,0.10007998244035735,0.09438386895705131,0.00569611348330604,1.260705213405545e-05,normalized94_abs_anchor_delta94_identity1,5ca38ebab9e2d191354ce7db934bf08f2b50c31bad2a7874ac97af410c8ebfc0,52f0f9e9cc83bc6d46bb75d072d438e6ad90d6f231b1c14152aa482a3e71e95c
R0_ONLY,objective,151,0.10007998064574418,0.09438396861675287,0.0056960120289913105,7.428508181696517e-06,normalized94_abs_anchor_delta94_identity1,5ca38ebab9e2d191354ce7db934bf08f2b50c31bad2a7874ac97af410c8ebfc0,4a053ad4c0b02552ce78d7a7e3e96a17014886af66eac1ed7315833814263649
R0_ONLY,objective,152,0.10007997933935667,0.09438404408572397,0.0056959352536327,6.2122644852302215e-06,normalized94_abs_anchor_delta94_identity1,5ca38ebab9e2d191354ce7db934bf08f2b50c31bad2a7874ac97af410c8ebfc0,be9977b4b472e1e4eb8ee3259b25b718d6371c87dd116446d9275358ec277a13
R0_ONLY,objective,153,0.10007997711128794,0.09438414065353866,0.005695836457749286,5.969034382642341e-06,normalized94_abs_anchor_delta94_identity1,5ca38ebab9e2d191354ce7db934bf08f2b50c31bad2a7874ac97af410c8ebfc0,34e27caed5037b3416d3886cbb78507dd97327bb028c1f8f615674aef7b398ac
R0_ONLY,objective,154,0.10007997362077026,0.0943842842357628,0.005695689385007454,5.819954864059632e-06,normalized94_abs_anchor_delta94_identity1,5ca38ebab9e2d191354ce7db934bf08f2b50c31bad2a7874ac97af410c8ebfc0,89ae350fcb39514e6e798ea7f1e8de72fc4e3c8a6d9f8056d94590719b66650b
R0_ONLY,objective,155,0.10007999886703299,0.09438424995004352,0.005695748916989473,7.29685047778393e-05,normalized94_abs_anchor_delta94_identity1,5ca38ebab9e2d191354ce7db934bf08f2b50c31bad2a7874ac97af410c8ebfc0,9e89aa9fe65c952841c92174ea47055efe357e960078923a5de4c3cf5a19f4f1
R0_ONLY,objective,156,0.10007997331940917,0.09438427820111452,0.005695695118294658,6.7292268628836766e-06,normalized94_abs_anchor_delta94_identity1,5ca38ebab9e2d191354ce7db934bf08f2b50c31bad2a7874ac97af410c8ebfc0,dbc1d588365a3835c4372b502e4527bd7052ae835a6aeb944f741971e6a89969
R0_ONLY,objective,157,0.10007997224165661,0.0943843069434961,0.005695665298160514,3.943233859273066e-06,normalized94_abs_anchor_delta94_identity1,5ca38ebab9e2d191354ce7db934bf08f2b50c31bad2a7874ac97af410c8ebfc0,3deec5fd8d770f461d7609ced3db20c66f66cf9234be3dea361871f340ed9214
R0_ONLY,objective,158,0.10007997133606295,0.09438429438756558,0.005695676948497359,3.147161876793263e-06,normalized94_abs_anchor_delta94_identity1,5ca38ebab9e2d191354ce7db934bf08f2b50c31bad2a7874ac97af410c8ebfc0,de576bca8643b2e6459fea676e20896613fe925781577e20575b3c385832f073
R0_ONLY,objective,159,0.10007996952895877,0.09438422490551478,0.005695744623443993,4.487357588238126e-06,normalized94_abs_anchor_delta94_identity1,5ca38ebab9e2d191354ce7db934bf08f2b50c31bad2a7874ac97af410c8ebfc0,e55946b458b227f1957fa45b0add98ce9b1766db21011a65cbc336fc4158e22f
R0_ONLY,objective,160,0.10007997110358995,0.0943841195193678,0.00569585158422214,2.118019353684833e-05,normalized94_abs_anchor_delta94_identity1,5ca38ebab9e2d191354ce7db934bf08f2b50c31bad2a7874ac97af410c8ebfc0,d93ca02c34828c537736eb402f717c1abf28d3a71a91576e7717f21cfd945ec0
R0_ONLY,objective,161,0.10007996921142051,0.094384193531165,0.005695775680255508,5.175019834205774e-06,normalized94_abs_anchor_delta94_identity1,5ca38ebab9e2d191354ce7db934bf08f2b50c31bad2a7874ac97af410c8ebfc0,c186550d77283dae52d134f8ac793d6fa66e442b3aad4a33528e4cc533c41597
R0_ONLY,objective,162,0.10007996857183545,0.0943841510874239,0.005695817484411547,3.838749021873119e-06,normalized94_abs_anchor_delta94_identity1,5ca38ebab9e2d191354ce7db934bf08f2b50c31bad2a7874ac97af410c8ebfc0,51a585b71f42182dc49c9c54c2c8391f0290f16b03c163b24cd4a3841d6ba899
R0_ONLY,objective,163,0.10007996838764262,0.09438402071774267,0.005695947669899951,2.26882402759398e-05,normalized94_abs_anchor_delta94_identity1,5ca38ebab9e2d191354ce7db934bf08f2b50c31bad2a7874ac97af410c8ebfc0,78348fae4bf5037338066661a5005e1b7809477a2bff6f8b3245c49803ae91db
R0_ONLY,objective,164,0.10007996747292498,0.09438400833759594,0.005695959135329043,7.7516592314608e-06,normalized94_abs_anchor_delta94_identity1,5ca38ebab9e2d191354ce7db934bf08f2b50c31bad2a7874ac97af410c8ebfc0,26d98aa9313434648d79a5092a2ea40c68b531701ffc775af3da31ace35bda14
R0_ONLY,objective,165,0.10007996696281657,0.09438396346266313,0.005696003500153437,2.920769938015933e-06,normalized94_abs_anchor_delta94_identity1,5ca38ebab9e2d191354ce7db934bf08f2b50c31bad2a7874ac97af410c8ebfc0,ed74dee535c613193458e67a72f2143b98b603dec614f9f6a2382f1cc6353039
R0_ONLY,objective,166,0.10007996654731731,0.09438387025052063,0.005696096296796685,3.850090795301601e-06,normalized94_abs_anchor_delta94_identity1,5ca38ebab9e2d191354ce7db934bf08f2b50c31bad2a7874ac97af410c8ebfc0,7b5eb72a540cd2664268a12730d1a6d4d066e9c589ce61845526d4f10e012a92
R0_ONLY,objective,167,0.10007996608244588,0.09438375462235421,0.0056962114600916675,3.3333578204935187e-06,normalized94_abs_anchor_delta94_identity1,5ca38ebab9e2d191354ce7db934bf08f2b50c31bad2a7874ac97af410c8ebfc0,5307f5225de18f0d8cf215e555d0e8a201ca58036763553da9a4319b75b2b00d
R0_ONLY,objective,168,0.1000799669052433,0.09438356590328628,0.005696401001957018,1.2002115360643958e-05,normalized94_abs_anchor_delta94_identity1,5ca38ebab9e2d191354ce7db934bf08f2b50c31bad2a7874ac97af410c8ebfc0,3bac617deca4a88d9dbb2581e258668adc27d293887ed129a81909b47de8dfb1
R0_ONLY,objective,169,0.10007996561397221,0.09438368296701398,0.005696282646958237,5.761689711855073e-06,normalized94_abs_anchor_delta94_identity1,5ca38ebab9e2d191354ce7db934bf08f2b50c31bad2a7874ac97af410c8ebfc0,a4c3e079ef69bab9057d52aed94dfa1f774b797aa91fe60366b14a4b580511c0
R0_ONLY,objective,170,0.10007996625031153,0.09438323760222915,0.00569672864808238,1.7518114009963116e-05,normalized94_abs_anchor_delta94_identity1,5ca38ebab9e2d191354ce7db934bf08f2b50c31bad2a7874ac97af410c8ebfc0,6d5a86844a4de137d97929a3bf6fb2eb574f875e6e4dc0014524e3756b0cb69b
R0_ONLY,objective,171,0.10007996513011447,0.09438350568567849,0.00569645944443598,8.83237079131391e-06,normalized94_abs_anchor_delta94_identity1,5ca38ebab9e2d191354ce7db934bf08f2b50c31bad2a7874ac97af410c8ebfc0,ead40c2c0b9e0af020998ce85864ced70dd76efb51848fa3e620244c14ffee91
R0_ONLY,objective,172,0.10007996474125323,0.0943833995297214,0.005696565211531829,2.5140356568457045e-06,normalized94_abs_anchor_delta94_identity1,5ca38ebab9e2d191354ce7db934bf08f2b50c31bad2a7874ac97af410c8ebfc0,9c103579c17b761a5f930a8ca98a292fd69793411c1c1bca349607b107f8a225
R0_ONLY,objective,173,0.10007996465463279,0.09438340834527074,0.0056965563093620344,1.6430005467605035e-06,normalized94_abs_anchor_delta94_identity1,5ca38ebab9e2d191354ce7db934bf08f2b50c31bad2a7874ac97af410c8ebfc0,2460f92380251b5862b73150ad009e382f3af0c4143b2f2fead86dfb5849732e
R0_ONLY,objective,174,0.10007996455478366,0.09438341268656796,0.005696551868215705,1.4635891320015094e-06,normalized94_abs_anchor_delta94_identity1,5ca38ebab9e2d191354ce7db934bf08f2b50c31bad2a7874ac97af410c8ebfc0,28a4000118ce33e330303cfb1e4f6d12758d46749dca67e34d14e9c3756d9051
R0_ONLY,objective,175,0.10007996445152571,0.09438340444483449,0.005696560006691223,1.9104759793324435e-06,normalized94_abs_anchor_delta94_identity1,5ca38ebab9e2d191354ce7db934bf08f2b50c31bad2a7874ac97af410c8ebfc0,5874c96bb79480d39a118ad041c9435d07e445df228f7129de6cad7b39de32c0
R0_ONLY,objective,176,0.10007996450705717,0.09438339510602814,0.005696569401029023,5.902796295940417e-06,normalized94_abs_anchor_delta94_identity1,5ca38ebab9e2d191354ce7db934bf08f2b50c31bad2a7874ac97af410c8ebfc0,e76cd7daf26773d1261a5be5418b5bcb0c02b7da980b8dc92214378f87abaa95
R0_ONLY,objective,177,0.10007996437911736,0.09438340034369688,0.0056965640354204716,2.6666846571717808e-06,normalized94_abs_anchor_delta94_identity1,5ca38ebab9e2d191354ce7db934bf08f2b50c31bad2a7874ac97af410c8ebfc0,2242fdbc7d64ce6c4be5a703aa9b56cd9530846e0cf5a6ca948d3ad0f53251be
R0_ONLY,objective,178,0.10007996426516431,0.0943833748163762,0.005696589448788117,3.0311603452577004e-06,normalized94_abs_anchor_delta94_identity1,5ca38ebab9e2d191354ce7db934bf08f2b50c31bad2a7874ac97af410c8ebfc0,149688f3a0d2713368b00a0f7a3800a7b190190d8d65aaf5bfc65fbf795a5d6c
R0_ONLY,objective,179,0.1000799643938436,0.09438333776173359,0.005696626632110015,1.0178870764351034e-05,normalized94_abs_anchor_delta94_identity1,5ca38ebab9e2d191354ce7db934bf08f2b50c31bad2a7874ac97af410c8ebfc0,ec6618f95250bdb3c40f99ed931d1087b0448ebbb1f7acc0fa2faa905cb33884
R0_ONLY,objective,180,0.10007996422252256,0.09438336240111467,0.00569660182140789,1.9285435951501435e-06,normalized94_abs_anchor_delta94_identity1,5ca38ebab9e2d191354ce7db934bf08f2b50c31bad2a7874ac97af410c8ebfc0,6056c2ec04988dbafbb21cd3dcf5579ac3ca964a849b1141f91c94765b035835
R0_ONLY,objective,181,0.10007996417248596,0.09438334818739039,0.005696615985095582,1.5943099784411925e-06,normalized94_abs_anchor_delta94_identity1,5ca38ebab9e2d191354ce7db934bf08f2b50c31bad2a7874ac97af410c8ebfc0,9112f5b2810d68a0233009a2e95b5757ca2738f1f20270c10792a3866a80a5a1
R0_ONLY,objective,182,0.10007996407327345,0.09438334493396813,0.0056966191393053225,1.2977076116107466e-06,normalized94_abs_anchor_delta94_identity1,5ca38ebab9e2d191354ce7db934bf08f2b50c31bad2a7874ac97af410c8ebfc0,48b1684295a920b4f6bf7577b1808e6a86b6c7219a9f53550d49b351da6fe92e
R0_ONLY,objective,183,0.10007996383707443,0.0943833716570251,0.0056965921800493395,1.5639162504458178e-06,normalized94_abs_anchor_delta94_identity1,5ca38ebab9e2d191354ce7db934bf08f2b50c31bad2a7874ac97af410c8ebfc0,54d3a4cf482997469e31eeb4ad6746863af40c062be650aac81b644f0480b198
R0_ONLY,objective,184,0.1000799637303587,0.09438334714289329,0.0056966165874654095,1.2187855945401537e-06,normalized94_abs_anchor_delta94_identity1,5ca38ebab9e2d191354ce7db934bf08f2b50c31bad2a7874ac97af410c8ebfc0,faa513452fbfc3c0f1bfd48ff67a6d34fbd42ed00f868979525dc7952c710e52
R0_ONLY,objective,185,0.10007996372205492,0.09438334658268145,0.005696617139373474,3.2015979517648676e-06,normalized94_abs_anchor_delta94_identity1,5ca38ebab9e2d191354ce7db934bf08f2b50c31bad2a7874ac97af410c8ebfc0,4aff6bd517c6fb838893f3aff566041f7d7fc792fb2d54741f573f52c3fcc26b
R0_ONLY,objective,186,0.1000799636837129,0.09438335155686167,0.005696612126851233,8.673210729874098e-07,normalized94_abs_anchor_delta94_identity1,5ca38ebab9e2d191354ce7db934bf08f2b50c31bad2a7874ac97af410c8ebfc0,c77581e84fdbab72419ef097c67dff1d9c702061af21e0a0806bf152c516225e
R0_ONLY,objective,187,0.10007996367150843,0.0943833564634041,0.005696607208104334,6.036168537857753e-07,normalized94_abs_anchor_delta94_identity1,5ca38ebab9e2d191354ce7db934bf08f2b50c31bad2a7874ac97af410c8ebfc0,7c259cad61a6e442a9d4926dfa8b85e9167c4b6ae966b90b8e086508a9706fba
R0_ONLY,objective,188,0.1000799636599013,0.09438336227013118,0.005696601389770116,7.708942234458672e-07,normalized94_abs_anchor_delta94_identity1,5ca38ebab9e2d191354ce7db934bf08f2b50c31bad2a7874ac97af410c8ebfc0,2b8b55003482454ac9ca58a06a7656bec7a5ef99102987e31d19a6fbc177a4e6
R0_ONLY,objective,189,0.10007996363268919,0.09438337786053567,0.005696585772153508,9.51144160663442e-07,normalized94_abs_anchor_delta94_identity1,5ca38ebab9e2d191354ce7db934bf08f2b50c31bad2a7874ac97af410c8ebfc0,b1e7490400671bced4b05ded730e39f92580f945f765fa7020c97336c6e019fa
R0_ONLY,objective,190,0.1000799635895161,0.09438340010784027,0.005696563481675826,1.0555205040444232e-06,normalized94_abs_anchor_delta94_identity1,5ca38ebab9e2d191354ce7db934bf08f2b50c31bad2a7874ac97af410c8ebfc0,89998887f73426ca1d2ef61fb06b80fdafe8d4359eefc9d458b54497ae271bfa
R0_ONLY,objective,191,0.10007996364297056,0.09438341587638693,0.00569654776658363,6.3033757400608425e-06,normalized94_abs_anchor_delta94_identity1,5ca38ebab9e2d191354ce7db934bf08f2b50c31bad2a7874ac97af410c8ebfc0,5750605b5b318a39ed09a594dbbb328803667ff1617c40e6ddf7cce204a3789c
R0_ONLY,objective,192,0.10007996358181455,0.09438340421707984,0.0056965593647347,1.4939150546380578e-06,normalized94_abs_anchor_delta94_identity1,5ca38ebab9e2d191354ce7db934bf08f2b50c31bad2a7874ac97af410c8ebfc0,641afb24a5c560a46aca50c294db368e453af7dfdd16f0c7e025d4d57f4f89dc
R0_ONLY,objective,193,0.10007996356706536,0.09438340463483415,0.005696558932231215,9.776147321816374e-07,normalized94_abs_anchor_delta94_identity1,5ca38ebab9e2d191354ce7db934bf08f2b50c31bad2a7874ac97af410c8ebfc0,5c4608b684941cc9783b97fd2beb61336ea0c02737b58681b9c7135994640a98
R0_ONLY,objective,194,0.1000799635499018,0.09438340457064495,0.00569655897925685,7.029519972769872e-07,normalized94_abs_anchor_delta94_identity1,5ca38ebab9e2d191354ce7db934bf08f2b50c31bad2a7874ac97af410c8ebfc0,d8cef514ec03be53584439724c5c217ff3d71715707e2955389785a88b899f81
R0_ONLY,objective,195,0.10007996352808152,0.09438340558566172,0.0056965579424198024,8.067831268362479e-07,normalized94_abs_anchor_delta94_identity1,5ca38ebab9e2d191354ce7db934bf08f2b50c31bad2a7874ac97af410c8ebfc0,e3c66ae8a98e376e0e0419babd75d91c55c8a24ee443cd6c132ee29cbccc97f4
R0_ONLY,objective,196,0.10007996350036487,0.09438341342642546,0.005696550073939406,1.5064822312583032e-06,normalized94_abs_anchor_delta94_identity1,5ca38ebab9e2d191354ce7db934bf08f2b50c31bad2a7874ac97af410c8ebfc0,8d814d36b52fa66189eebe593df5705c416111a2a8a3a69edf1a46ad88f911da
R0_ONLY,objective,197,0.10007996347765134,0.09438342300915648,0.005696540468494866,1.6230548967371823e-06,normalized94_abs_anchor_delta94_identity1,5ca38ebab9e2d191354ce7db934bf08f2b50c31bad2a7874ac97af410c8ebfc0,d013ab5c0499d20fe8a8a0193b3b65f0cd7f124a5dcba44cb1bb3b8a075356a7
R0_ONLY,objective,198,0.10007996346248535,0.0943834292630459,0.0056965341994394585,5.391674563721637e-07,normalized94_abs_anchor_delta94_identity1,5ca38ebab9e2d191354ce7db934bf08f2b50c31bad2a7874ac97af410c8ebfc0,65d2521f683af35888b6ee626ebdac0890ade49803ae44c7c85eb85705cd2915
R0_ONLY,objective,199,0.10007996345491109,0.09438343837207229,0.005696525082838801,5.868491983818753e-07,normalized94_abs_anchor_delta94_identity1,5ca38ebab9e2d191354ce7db934bf08f2b50c31bad2a7874ac97af410c8ebfc0,a9bb533cb0f684f146197bb2aa4bad5e2b25dec1375b4c960756869952ab8291
R0_ONLY,objective,200,0.10007996344811079,0.09438344567558156,0.005696517772529231,6.861440119380545e-07,normalized94_abs_anchor_delta94_identity1,5ca38ebab9e2d191354ce7db934bf08f2b50c31bad2a7874ac97af410c8ebfc0,7275866089183250326272407079915ade5477faa2590781001ada64dc5e99d4
R0_ONLY,objective,201,0.10007996342554343,0.09438347743576112,0.005696485989782316,5.438075511018684e-07,normalized94_abs_anchor_delta94_identity1,5ca38ebab9e2d191354ce7db934bf08f2b50c31bad2a7874ac97af410c8ebfc0,2c933575b803d605c570ef0af4b3dcecbfea218831e5266c55d72eca17863521
R0_ONLY,objective,202,0.10007996346012189,0.09438350737013201,0.005696456089989885,3.4111562268454675e-06,normalized94_abs_anchor_delta94_identity1,5ca38ebab9e2d191354ce7db934bf08f2b50c31bad2a7874ac97af410c8ebfc0,b148c924ecd57d8e3e2c1ac8c78eaf08e8dea753cbdb8802b6443dcdbd91c172
R0_ONLY,objective,203,0.10007996341863305,0.0943834860958075,0.005696477322825553,8.624027096900254e-07,normalized94_abs_anchor_delta94_identity1,5ca38ebab9e2d191354ce7db934bf08f2b50c31bad2a7874ac97af410c8ebfc0,a6f9d00ca05d69ceefbfec7f41c1d4f7d1287bcc2d2a812d2866dac780c522eb
R0_ONLY,objective,204,0.1000799634143744,0.09438348761249422,0.005696475801880178,3.5945780429565753e-07,normalized94_abs_anchor_delta94_identity1,5ca38ebab9e2d191354ce7db934bf08f2b50c31bad2a7874ac97af410c8ebfc0,f721642b27ea20a16caa6fc5b1532ba9899f72790c8f6e4d69b3cfe0d934d21d
R0_ONLY,objective,205,0.10007996341218088,0.09438348740766901,0.005696476004511864,3.748613460249936e-07,normalized94_abs_anchor_delta94_identity1,5ca38ebab9e2d191354ce7db934bf08f2b50c31bad2a7874ac97af410c8ebfc0,c094af729908c8460723d69f36f1e324d1fa1c85aa8bf293584c8b43851e2060
R0_ONLY,objective,206,0.10007996340828859,0.09438349189365768,0.005696471514630915,3.146242716552755e-07,normalized94_abs_anchor_delta94_identity1,5ca38ebab9e2d191354ce7db934bf08f2b50c31bad2a7874ac97af410c8ebfc0,9ab3274ae935571e1aaa5a872ee7e70efc8ba10c401f31f4aca72c4a790db1d3
R0_ONLY,objective,207,0.10007996339268121,0.09438353113552837,0.0056964322571528385,1.3028711500133924e-06,normalized94_abs_anchor_delta94_identity1,5ca38ebab9e2d191354ce7db934bf08f2b50c31bad2a7874ac97af410c8ebfc0,0fd27664b300e19655eac9dc657335376e9fd0d4aa1c5c2ec441dc639565e44b
R0_ONLY,objective,208,0.10007996339021774,0.09438356434918321,0.0056963990410345295,1.4808408580328999e-06,normalized94_abs_anchor_delta94_identity1,5ca38ebab9e2d191354ce7db934bf08f2b50c31bad2a7874ac97af410c8ebfc0,1feef4aee9b10292ee01cf05a5b4db5bf916865c822df7f82bf06008ac0f8503
R0_ONLY,objective,209,0.10007996338390253,0.09438355317106199,0.005696410212840537,3.221149937226765e-07,normalized94_abs_anchor_delta94_identity1,5ca38ebab9e2d191354ce7db934bf08f2b50c31bad2a7874ac97af410c8ebfc0,81493b2602d902ccd95a5f7bf76f2c3149051d1c828ade4db558ef5f9e5f1349
R0_ONLY,objective,210,0.10007996338288165,0.09438355442844905,0.0056964089544326085,2.6756838967242297e-07,normalized94_abs_anchor_delta94_identity1,5ca38ebab9e2d191354ce7db934bf08f2b50c31bad2a7874ac97af410c8ebfc0,d6e3adb7b9a79060e9afe7b309f006cdee37b7506a4ce156fda544f7a8cdaa1c
R0_ONLY,objective,211,0.10007996338052143,0.09438356020005673,0.005696403180464701,3.120638259708416e-07,normalized94_abs_anchor_delta94_identity1,5ca38ebab9e2d191354ce7db934bf08f2b50c31bad2a7874ac97af410c8ebfc0,1d018909b103b185292bf2401bbe082c11ad300d6b2d97f5b3ba1914b8c411a2
R0_ONLY,objective,212,0.10007996337555157,0.09438357196568949,0.005696391409862087,4.626948821866035e-07,normalized94_abs_anchor_delta94_identity1,5ca38ebab9e2d191354ce7db934bf08f2b50c31bad2a7874ac97af410c8ebfc0,6b227d97984367d143f432de595adffb8d8453dda63e8b50d98caa5302d04209
R0_ONLY,objective,213,0.10007996337251737,0.09438359015257336,0.005696373219944011,8.6442417323609e-07,normalized94_abs_anchor_delta94_identity1,5ca38ebab9e2d191354ce7db934bf08f2b50c31bad2a7874ac97af410c8ebfc0,70996cb66f196e94ed142deffbce21cd5198da395c55ed5cacfd431398ff1f1b
R0_ONLY,objective,214,0.10007996336868781,0.09438359107316519,0.005696372295522629,4.5571519698554755e-07,normalized94_abs_anchor_delta94_identity1,5ca38ebab9e2d191354ce7db934bf08f2b50c31bad2a7874ac97af410c8ebfc0,69c0df22907e91bf93ef429b5bf1aef1fe40b06d608e797f927fe3f65d4d3be1
R0_ONLY,objective,215,0.10007996336773586,0.0943835877031831,0.0056963756645527575,2.93737116399033e-07,normalized94_abs_anchor_delta94_identity1,5ca38ebab9e2d191354ce7db934bf08f2b50c31bad2a7874ac97af410c8ebfc0,c75388f39923492502ffa545915f95e888e3c41b3c707a94237c89b8f9346a43
R0_ONLY,objective,216,0.10007996336633954,0.0943835874935947,0.00569637587274484,2.270904444344067e-07,normalized94_abs_anchor_delta94_identity1,5ca38ebab9e2d191354ce7db934bf08f2b50c31bad2a7874ac97af410c8ebfc0,b9fa3619239a89fd8f45314960b6724bedbeb741b2bd33addc592c53c6c4c63b
R0_ONLY,objective,217,0.10007996336430558,0.09438359111722988,0.0056963722470757,3.7037628967573615e-07,normalized94_abs_anchor_delta94_identity1,5ca38ebab9e2d191354ce7db934bf08f2b50c31bad2a7874ac97af410c8ebfc0,7fc63768d01017f161879d2a94706c9f80039bc1767bdb2f316163ceb31c4836
R0_ONLY,objective,218,0.10007996336152769,0.0943836023996047,0.005696360961923,4.2159456834804674e-07,normalized94_abs_anchor_delta94_identity1,5ca38ebab9e2d191354ce7db934bf08f2b50c31bad2a7874ac97af410c8ebfc0,d61bd75500a49d5ce68b5d0167bcde5855a2178c2c3b8b0a5a64553e0097cfec
R0_ONLY,objective,219,0.10007996335960118,0.09438360987530812,0.005696353484293047,9.141091192400693e-07,normalized94_abs_anchor_delta94_identity1,5ca38ebab9e2d191354ce7db934bf08f2b50c31bad2a7874ac97af410c8ebfc0,e1bc004d91444805c500cb7b556984d690293959ff8dbdc4e84dd741f8bc41af
R0_ONLY,objective,220,0.10007996336180919,0.09438361892298668,0.00569634443882251,1.3503697131121274e-06,normalized94_abs_anchor_delta94_identity1,5ca38ebab9e2d191354ce7db934bf08f2b50c31bad2a7874ac97af410c8ebfc0,d01694d2e44bbe12bd37e9dcd6b6a7ce81a6cf465465de03fcf3a3125996134f
R0_ONLY,objective,221,0.10007996335770902,0.09438361353258046,0.005696349825128568,2.2305644609010394e-07,normalized94_abs_anchor_delta94_identity1,5ca38ebab9e2d191354ce7db934bf08f2b50c31bad2a7874ac97af410c8ebfc0,8a5376ec44e12db3ac4b6383005bac9da47b2e34be3f977f3e23fcf1be35fe9c
R0_ONLY,objective,222,0.10007996335679809,0.09438361525219865,0.005696348104599436,1.9159920037728097e-07,normalized94_abs_anchor_delta94_identity1,5ca38ebab9e2d191354ce7db934bf08f2b50c31bad2a7874ac97af410c8ebfc0,aed6df5ec30ab96652be30afe60b583d3506f9ad4e9ba020e82461a301d071f0
R0_ONLY,objective,223,0.10007996335579539,0.09438361949219143,0.0056963438636039535,1.7757290589218277e-07,normalized94_abs_anchor_delta94_identity1,5ca38ebab9e2d191354ce7db934bf08f2b50c31bad2a7874ac97af410c8ebfc0,8718adbaff75d13aff68c5c83e1b930d2973ebc7fad5f4dec2f6a020bc54ef96
R0_ONLY,objective,224,0.10007996335382174,0.09438362907038643,0.005696334283435316,2.50290461160363e-07,normalized94_abs_anchor_delta94_identity1,5ca38ebab9e2d191354ce7db934bf08f2b50c31bad2a7874ac97af410c8ebfc0,e804152f97f7b2003a9ee280692da50091b23fdc6b8284bc99db5975a47f310f
R0_ONLY,objective,225,0.10007996335286383,0.09438365273317467,0.005696310619689153,5.025928429808207e-07,normalized94_abs_anchor_delta94_identity1,5ca38ebab9e2d191354ce7db934bf08f2b50c31bad2a7874ac97af410c8ebfc0,c982c196ec42860247e9758684d14560d6b6a3e9b6656cc30c23afa9e9683983
R0_ONLY,objective,226,0.10007996335127153,0.09438364701590973,0.005696316335361806,2.39141809185311e-07,normalized94_abs_anchor_delta94_identity1,5ca38ebab9e2d191354ce7db934bf08f2b50c31bad2a7874ac97af410c8ebfc0,c158b924691fb08e87f469f25dbafcead72d515e9afa8b8349ec16131b02d0e6
R0_ONLY,objective,227,0.10007996335055654,0.09438364476433979,0.005696318586216744,1.160243280286922e-07,normalized94_abs_anchor_delta94_identity1,5ca38ebab9e2d191354ce7db934bf08f2b50c31bad2a7874ac97af410c8ebfc0,424c737989dead33842f0d1331c6440e24d6c1c73d7b870584c321f277cb96ad
R0_ONLY,objective,228,0.10007996334996329,0.09438364882541747,0.005696314524545812,1.748037686281211e-07,normalized94_abs_anchor_delta94_identity1,5ca38ebab9e2d191354ce7db934bf08f2b50c31bad2a7874ac97af410c8ebfc0,fdda2c1d24fb39f7199cdea9e44ae417ebda2a0de7a7c4a55da9036ccf26bfb1
R0_ONLY,objective,229,0.10007996334921342,0.09438365341122315,0.0056963099379902645,1.532688744041938e-07,normalized94_abs_anchor_delta94_identity1,5ca38ebab9e2d191354ce7db934bf08f2b50c31bad2a7874ac97af410c8ebfc0,0600b9b762fa0dc943a1d8d5370dfa51430f74bbcda003a394d43086650c5bba
R0_ONLY,objective,230,0.10007996334863906,0.09438365720895404,0.005696306139685006,1.1623898009652009e-07,normalized94_abs_anchor_delta94_identity1,5ca38ebab9e2d191354ce7db934bf08f2b50c31bad2a7874ac97af410c8ebfc0,13103fe29e269b7ae46dd7baa44007cdfd886530fb92b97b41dda871861683cc
R0_ONLY,objective,231,0.10007996334793859,0.09438365545590105,0.005696307892037544,8.105905220078625e-08,normalized94_abs_anchor_delta94_identity1,5ca38ebab9e2d191354ce7db934bf08f2b50c31bad2a7874ac97af410c8ebfc0,537b95147cac797e289adaf681b766161428927d6dccfe209d3bf0791255a622
R0_ONLY,objective,232,0.10007996334764942,0.09438365245749948,0.005696310890149942,6.16268409557029e-07,normalized94_abs_anchor_delta94_identity1,5ca38ebab9e2d191354ce7db934bf08f2b50c31bad2a7874ac97af410c8ebfc0,d1120dbe90c676f8d2542806c36166d81b42c85f9069160855a836491e4ac1a1
R0_ONLY,objective,233,0.10007996334689873,0.09438364771673911,0.005696315630159613,1.4536317278623122e-07,normalized94_abs_anchor_delta94_identity1,5ca38ebab9e2d191354ce7db934bf08f2b50c31bad2a7874ac97af410c8ebfc0,905542a6d7f353c5b88f9001a255201871a7ed10560a195b11620f64b04629d4
R0_ONLY,objective,234,0.10007996334670821,0.09438364628699158,0.0056963170597166286,7.759022705591435e-08,normalized94_abs_anchor_delta94_identity1,5ca38ebab9e2d191354ce7db934bf08f2b50c31bad2a7874ac97af410c8ebfc0,e964804e67817140902b6aff062195856088f0aa5fd48486a1ea30d73bad6dd0
R0_ONLY,objective,235,0.10007996334643522,0.09438364315026677,0.0056963201961684525,7.924667104592445e-08,normalized94_abs_anchor_delta94_identity1,5ca38ebab9e2d191354ce7db934bf08f2b50c31bad2a7874ac97af410c8ebfc0,3d329800f70433872152eaa72fd041f294d47d0617f6e4fd5ad744b2a1fc12a3
R0_ONLY,objective,236,0.10007996334618113,0.09438364204810848,0.005696321298072647,8.930964739614912e-08,normalized94_abs_anchor_delta94_identity1,5ca38ebab9e2d191354ce7db934bf08f2b50c31bad2a7874ac97af410c8ebfc0,b878edeb057847b95c4530a39f50d292b24583142fcb11f2d6e6cfd34c248997
R0_ONLY,objective,237,0.10007996334572024,0.09438363960679595,0.005696323738924283,1.8969631089300616e-07,normalized94_abs_anchor_delta94_identity1,5ca38ebab9e2d191354ce7db934bf08f2b50c31bad2a7874ac97af410c8ebfc0,f88703c0c3026f33ff27b006786417d5f5571908e5c77fcbf1126344f776ac51
R0_ONLY,objective,238,0.10007996334735676,0.09438362533024457,0.005696338017112195,3.9347369532886536e-07,normalized94_abs_anchor_delta94_identity1,5ca38ebab9e2d191354ce7db934bf08f2b50c31bad2a7874ac97af410c8ebfc0,93af144cd26dd06bc6c942badda999480fad7570767a0d791ea668c99bb7a0da
R0_ONLY,objective,239,0.10007996334535355,0.09438363532805663,0.00569632801729691,8.095095747500104e-08,normalized94_abs_anchor_delta94_identity1,5ca38ebab9e2d191354ce7db934bf08f2b50c31bad2a7874ac97af410c8ebfc0,e08d75d3a98fc87ea9fd60fdc35d548fe973a334ff9178faca4da57410fa2061
R0_ONLY,objective,240,0.10007996334517488,0.09438363470755382,0.005696328637621072,7.439758097782698e-08,normalized94_abs_anchor_delta94_identity1,5ca38ebab9e2d191354ce7db934bf08f2b50c31bad2a7874ac97af410c8ebfc0,48b3dd55267045812dd50a445778374acbe3449ea73f78e0d121bc51abd9c606
R0_ONLY,objective,241,0.10007996334515033,0.09438363328017622,0.005696330064974111,2.2374596303571072e-07,normalized94_abs_anchor_delta94_identity1,5ca38ebab9e2d191354ce7db934bf08f2b50c31bad2a7874ac97af410c8ebfc0,9ea166f8e67c1c14a4174103bc9fd1c9b98b30d6a3e0428d55413a7cb8958097
R0_ONLY,objective,242,0.1000799633450201,0.09438363255274936,0.005696330792270753,6.242001381852298e-08,normalized94_abs_anchor_delta94_identity1,5ca38ebab9e2d191354ce7db934bf08f2b50c31bad2a7874ac97af410c8ebfc0,3cd9a3be76e724b60b9f848e106027f45ce8576be127001e49959c2a02d2ac27
R0_ONLY,objective,243,0.10007996334498749,0.0943836318792544,0.00569633146573309,4.973856337460701e-08,normalized94_abs_anchor_delta94_identity1,5ca38ebab9e2d191354ce7db934bf08f2b50c31bad2a7874ac97af410c8ebfc0,0fcbe5a7a8680d60253220745401c6afd7b887c389687f4a043d7e7a5f6b4f4d
R0_ONLY,objective,244,0.10007996334484869,0.09438362835509827,0.005696334989750418,1.0870704095867384e-07,normalized94_abs_anchor_delta94_identity1,5ca38ebab9e2d191354ce7db934bf08f2b50c31bad2a7874ac97af410c8ebfc0,fd4a3f0a41b46960320000f44a4a35d84158b65c985e37d2d1891d7c60c5b899
R0_ONLY,objective,245,0.10007996334473428,0.0943836249017351,0.005696338442999178,1.2236149365599815e-07,normalized94_abs_anchor_delta94_identity1,5ca38ebab9e2d191354ce7db934bf08f2b50c31bad2a7874ac97af410c8ebfc0,73c7ed92a29644204e47dc97ebd435ddb18c2bfd5e730f3f273df2a81b61cb23
R0_ONLY,objective,246,0.10007996334452672,0.09438362050557403,0.005696342838952693,1.1335525189848532e-07,normalized94_abs_anchor_delta94_identity1,5ca38ebab9e2d191354ce7db934bf08f2b50c31bad2a7874ac97af410c8ebfc0,5650130598f4368779267ea248641bf148425f0855db0b6bbb6efeb5f19d05aa
R0_ONLY,objective,247,0.10007996334445539,0.09438361457019043,0.00569634877426496,1.533271349657485e-07,normalized94_abs_anchor_delta94_identity1,5ca38ebab9e2d191354ce7db934bf08f2b50c31bad2a7874ac97af410c8ebfc0,dde3fdc8b0f3afa0827f12f7fd561b69adff328c66f529219fc3dbad88e5288e
R0_ONLY,objective,248,0.10007996334433243,0.09438361739306,0.005696345951272424,4.332321647714565e-08,normalized94_abs_anchor_delta94_identity1,5ca38ebab9e2d191354ce7db934bf08f2b50c31bad2a7874ac97af410c8ebfc0,ace577cb1fcb6c5bf4baba01d06aa6761b325b177c8f478dec4e132410c8bcab
R0_ONLY,objective,249,0.1000799633443113,0.09438361818004846,0.005696345164262825,4.609695607801738e-08,normalized94_abs_anchor_delta94_identity1,5ca38ebab9e2d191354ce7db934bf08f2b50c31bad2a7874ac97af410c8ebfc0,78dfd75d0a519b7f0dcd6143075a0c071688de3ca75c2ea0d32389c0e575dd09
R0_ONLY,objective,250,0.10007996334424152,0.09438361784416814,0.005696345500073377,4.293952842310473e-08,normalized94_abs_anchor_delta94_identity1,5ca38ebab9e2d191354ce7db934bf08f2b50c31bad2a7874ac97af410c8ebfc0,552da2b4ce4c3a147369c6f3a1bd97a067a7c51afbe2cba12b160f3c9bd0f61d
R0_ONLY,objective,251,0.1000799633441492,0.09438361607167975,0.0056963472724694585,8.739700654174964e-08,normalized94_abs_anchor_delta94_identity1,5ca38ebab9e2d191354ce7db934bf08f2b50c31bad2a7874ac97af410c8ebfc0,ef596ba982260b6d7ef35eed277f64463b76513596ee057cc099e536684985d9
R0_ONLY,objective,252,0.10007996334408506,0.09438361485291319,0.005696348491171867,5.629553039976085e-08,normalized94_abs_anchor_delta94_identity1,5ca38ebab9e2d191354ce7db934bf08f2b50c31bad2a7874ac97af410c8ebfc0,931052720ad26a510904b414fc845db2489cb906ea400d806ffa1c6687b00433
R0_ONLY,objective,253,0.10007996334405551,0.09438361405047668,0.005696349293578833,3.0598839150410744e-08,normalized94_abs_anchor_delta94_identity1,5ca38ebab9e2d191354ce7db934bf08f2b50c31bad2a7874ac97af410c8ebfc0,2ebf9b1489dbfefdb29a5a2d9f9674912f64526f9719650e97f4b32eb2d5b76a
UNION_s1,objective,1,1.3857607605189974,1.3857607605189974,0.0,4.932731226328151,normalized94_abs_anchor_delta94_identity1,5ca38ebab9e2d191354ce7db934bf08f2b50c31bad2a7874ac97af410c8ebfc0,db725b42e2cd89e9cb7e9380e022e26d86f343e11195db88002ac0fe269834f1
UNION_s1,objective,2,0.7713354901868269,0.7712854901868269,4.999999999999999e-05,0.180876959502742,normalized94_abs_anchor_delta94_identity1,5ca38ebab9e2d191354ce7db934bf08f2b50c31bad2a7874ac97af410c8ebfc0,9ba11ab8cd52bbf941217bb695d71d75b31b8dd850ac76eb153613d24fa20ee0
UNION_s1,objective,3,0.7651591469565687,0.7651123445770536,4.680237951517801e-05,0.17075973739298336,normalized94_abs_anchor_delta94_identity1,5ca38ebab9e2d191354ce7db934bf08f2b50c31bad2a7874ac97af410c8ebfc0,a83fb28c9704e15b823a151d32f9331cca5c23c7857d4722f237c6730f954c37
UNION_s1,objective,4,0.7444871850034624,0.7444519387452695,3.5246258192972733e-05,0.12594311322411778,normalized94_abs_anchor_delta94_identity1,5ca38ebab9e2d191354ce7db934bf08f2b50c31bad2a7874ac97af410c8ebfc0,acb195da117f48cb66bfaad1688665f06d8fd23c48b38ea0a915c152b282459b
UNION_s1,objective,5,0.7352443255533665,0.7352272666816223,1.7058871744136765e-05,0.29449972600884494,normalized94_abs_anchor_delta94_identity1,5ca38ebab9e2d191354ce7db934bf08f2b50c31bad2a7874ac97af410c8ebfc0,c1042f8e70579cbd5f1e2016ea8420d9a7227ca2236ab655538fc186e8179cfe
UNION_s1,objective,6,0.7240952337450948,0.7240705598526309,2.4673892463805175e-05,0.0744174142206416,normalized94_abs_anchor_delta94_identity1,5ca38ebab9e2d191354ce7db934bf08f2b50c31bad2a7874ac97af410c8ebfc0,1c7a96f145f02ac31b3f85f74eec970b9a5cbc17ce2544205b0c01e8a627b810
UNION_s1,objective,7,0.7149168020789824,0.714892392241407,2.4409837575451097e-05,0.16996831094047452,normalized94_abs_anchor_delta94_identity1,5ca38ebab9e2d191354ce7db934bf08f2b50c31bad2a7874ac97af410c8ebfc0,04303d2bcd415352c111e4a0c612a4f17b41f173b59dd2f38ecdb750f9b3775c
UNION_s1,objective,8,0.705170830905432,0.705141242823728,2.958808170391051e-05,0.05956712309606153,normalized94_abs_anchor_delta94_identity1,5ca38ebab9e2d191354ce7db934bf08f2b50c31bad2a7874ac97af410c8ebfc0,8527e6385be606d8307e0206ed07f92c0b305c306e09ebe33531c0baed629842
UNION_s1,objective,9,0.6974796744452996,0.6974364854506855,4.318899461405025e-05,0.03843732051046102,normalized94_abs_anchor_delta94_identity1,5ca38ebab9e2d191354ce7db934bf08f2b50c31bad2a7874ac97af410c8ebfc0,cbfb2c8d3818c0899074863542e97cf96c29ecf8b6bda6fb451b05ca3b867499
UNION_s1,objective,10,0.6905383566362137,0.6904690277026172,6.932893359648044e-05,0.0392957297592632,normalized94_abs_anchor_delta94_identity1,5ca38ebab9e2d191354ce7db934bf08f2b50c31bad2a7874ac97af410c8ebfc0,539d5c795125b05559a351f8984d38d851aed33c22e53320d81ba008741b9c09
UNION_s1,objective,11,0.6814308038912258,0.681320955593447,0.00010984829777887549,0.02893675433591694,normalized94_abs_anchor_delta94_identity1,5ca38ebab9e2d191354ce7db934bf08f2b50c31bad2a7874ac97af410c8ebfc0,0c37bf00f646fc38a226073a4d697e47fb36afef76bf5b09e48b7edbfbc3268b
UNION_s1,objective,12,0.6732645466631203,0.6730649036765617,0.00019964298655865038,0.020845618617247035,normalized94_abs_anchor_delta94_identity1,5ca38ebab9e2d191354ce7db934bf08f2b50c31bad2a7874ac97af410c8ebfc0,4c057629767f0c9a043f452a8caada805ccd76034a93dffc31c317b701ac3336
UNION_s1,objective,13,0.6673708706718228,0.6670670169403814,0.00030385373144138763,0.02563984632991468,normalized94_abs_anchor_delta94_identity1,5ca38ebab9e2d191354ce7db934bf08f2b50c31bad2a7874ac97af410c8ebfc0,8e51ec9d2688761646a20719fd06124fdd2976103d0a583a85d89064482a3833
UNION_s1,objective,14,0.6623721317297078,0.6619029386934678,0.00046919303623996434,0.012824600978441859,normalized94_abs_anchor_delta94_identity1,5ca38ebab9e2d191354ce7db934bf08f2b50c31bad2a7874ac97af410c8ebfc0,e35d76cf74a12358f17370bf9bd3782194d40ba94cc934ca8d970fbdb8374371
UNION_s1,objective,15,0.6605891552393367,0.6600381435016646,0.0005510117376721376,0.011721484102363268,normalized94_abs_anchor_delta94_identity1,5ca38ebab9e2d191354ce7db934bf08f2b50c31bad2a7874ac97af410c8ebfc0,d5b0ccce9053784d91d5b30e2a0fdb1ff42f4b451048c62f2cb89e86280eb691
UNION_s1,objective,16,0.6589820271707684,0.6583478995223723,0.0006341276483961258,0.010863708014113986,normalized94_abs_anchor_delta94_identity1,5ca38ebab9e2d191354ce7db934bf08f2b50c31bad2a7874ac97af410c8ebfc0,f1be019d8ae6f849f9bfe3068bf9755c155703e2269a65336be1cb9cce0bd2fc
UNION_s1,objective,17,0.6563067971461076,0.655498027528371,0.0008087696177365315,0.017742415436271385,normalized94_abs_anchor_delta94_identity1,5ca38ebab9e2d191354ce7db934bf08f2b50c31bad2a7874ac97af410c8ebfc0,8b34ed20cc5f5c3c430cbf4c4a1d6ec35446572556f31586039d4d3b783a5772
UNION_s1,objective,18,0.6542031704265882,0.6531734601862583,0.0010297102403298043,0.013993263577574513,normalized94_abs_anchor_delta94_identity1,5ca38ebab9e2d191354ce7db934bf08f2b50c31bad2a7874ac97af410c8ebfc0,5ec27892aa685d855ca6f2047a6f7436542fc235a03f5fdb50af55ea6265e4eb
UNION_s1,objective,19,0.6530741450991865,0.6518315731631972,0.0012425719359892811,0.024832079087998813,normalized94_abs_anchor_delta94_identity1,5ca38ebab9e2d191354ce7db934bf08f2b50c31bad2a7874ac97af410c8ebfc0,ee2f1b1b6a259fa4c67e72f82ed8932baf2bf89c26d551ac08b4714170c82ab2
UNION_s1,objective,20,0.6522613769959876,0.6510006275154567,0.00126074948053091,0.011296918554857493,normalized94_abs_anchor_delta94_identity1,5ca38ebab9e2d191354ce7db934bf08f2b50c31bad2a7874ac97af410c8ebfc0,fca3375c631faad3f14af381b2ef6b08aba38566ebc1d33b6c2b9992555e3a00
UNION_s1,objective,21,0.651674950988784,0.6504327302416544,0.0012422207471296167,0.015210916900831782,normalized94_abs_anchor_delta94_identity1,5ca38ebab9e2d191354ce7db934bf08f2b50c31bad2a7874ac97af410c8ebfc0,7e392dcaadae91850d9cb1ee8de6bd05138e042cc252f211250cdbd8bd9cf21e
UNION_s1,objective,22,0.650800683360617,0.6495011190587927,0.001299564301824334,0.01484290164116695,normalized94_abs_anchor_delta94_identity1,5ca38ebab9e2d191354ce7db934bf08f2b50c31bad2a7874ac97af410c8ebfc0,f66d45cc5ec9795e56a6f296521f11acc8ace006e2738ec35348be78d563fe49
UNION_s1,objective,23,0.6491836183463456,0.6476640899674263,0.0015195283789192898,0.012152197730756422,normalized94_abs_anchor_delta94_identity1,5ca38ebab9e2d191354ce7db934bf08f2b50c31bad2a7874ac97af410c8ebfc0,0a397cc5010ce1cc4e5ab15ea5be3c989ce3e5d1814d184d4b9e58d676d901f7
UNION_s1,objective,24,0.6482592309135786,0.6462732929637012,0.0019859379498774763,0.027408037288539758,normalized94_abs_anchor_delta94_identity1,5ca38ebab9e2d191354ce7db934bf08f2b50c31bad2a7874ac97af410c8ebfc0,a70a53b840d143db06e5bdf39e00faef9ee6efa006c0b3c85843c97e4426365f
UNION_s1,objective,25,0.6461548518228213,0.6438016916167852,0.0023531602060360645,0.010476424347926654,normalized94_abs_anchor_delta94_identity1,5ca38ebab9e2d191354ce7db934bf08f2b50c31bad2a7874ac97af410c8ebfc0,75e436f807093e3c5920fcb45ebc75681e8e956a1e59880ec956ec63cd9c067d
UNION_s1,objective,26,0.6454353921692054,0.6430073962768008,0.002427995892404629,0.008432643700869037,normalized94_abs_anchor_delta94_identity1,5ca38ebab9e2d191354ce7db934bf08f2b50c31bad2a7874ac97af410c8ebfc0,b403012d75e1b19a06d56ca82f4cd56c94dd9acc6a07582bb196338ffa6ff7ff
UNION_s1,objective,27,0.6444557121392905,0.6418204991749068,0.0026352129643837834,0.006518289043041746,normalized94_abs_anchor_delta94_identity1,5ca38ebab9e2d191354ce7db934bf08f2b50c31bad2a7874ac97af410c8ebfc0,ce25461c2e72e3ab25d199866dee55d79cb9c3098ba81be2aba5698953bba7b3
UNION_s1,objective,28,0.6437020873923553,0.6408642731398597,0.0028378142524956,0.005283064438349987,normalized94_abs_anchor_delta94_identity1,5ca38ebab9e2d191354ce7db934bf08f2b50c31bad2a7874ac97af410c8ebfc0,892f1215dadfc2610486e80faaaf63edd032d719a15ac9ce834b64c3c794fe12
UNION_s1,objective,29,0.6425749247577132,0.6391427758818551,0.0034321488758580275,0.009803431221703709,normalized94_abs_anchor_delta94_identity1,5ca38ebab9e2d191354ce7db934bf08f2b50c31bad2a7874ac97af410c8ebfc0,32e67d45bf793a81e57e1a6a05ebc69011f8e85417d018ef74da6e844a5db877
UNION_s1,objective,30,0.6419329856913396,0.638075970108311,0.0038570155830285908,0.008047394274181604,normalized94_abs_anchor_delta94_identity1,5ca38ebab9e2d191354ce7db934bf08f2b50c31bad2a7874ac97af410c8ebfc0,c19d58cec7ced3617957f08455fd8c2e9c6c227f5167e58f20c51998f67a2bb1
UNION_s1,objective,31,0.641660364854107,0.637698199682911,0.003962165171196119,0.018932225978416446,normalized94_abs_anchor_delta94_identity1,5ca38ebab9e2d191354ce7db934bf08f2b50c31bad2a7874ac97af410c8ebfc0,229b171ffd64027d8f9392777cb6f4e4c4cbf2ee554070e4dbeecd5134e5e69f
UNION_s1,objective,32,0.6412891540284056,0.6372128188749561,0.004076335153449479,0.008116547254837965,normalized94_abs_anchor_delta94_identity1,5ca38ebab9e2d191354ce7db934bf08f2b50c31bad2a7874ac97af410c8ebfc0,1f5ea951e56d51d9d37bbe0dd81da701ff8c02b27479a6f6f994915ecca89831
UNION_s1,objective,33,0.6410426625443109,0.6369618455510774,0.004080816993233479,0.005042508490934989,normalized94_abs_anchor_delta94_identity1,5ca38ebab9e2d191354ce7db934bf08f2b50c31bad2a7874ac97af410c8ebfc0,fe9bf8d2f7d62c088b51d52b82aee92def7d24b3948821acc4a10e3fc6116aa0
UNION_s1,objective,34,0.6407316497146827,0.6365958164622942,0.004135833252388427,0.006282699979732604,normalized94_abs_anchor_delta94_identity1,5ca38ebab9e2d191354ce7db934bf08f2b50c31bad2a7874ac97af410c8ebfc0,22a246f7d8bb03795d78a06d4674f100fb3ae84c89193d50a00fa4b53b5de691
UNION_s1,objective,35,0.6402307973972917,0.6359963769155121,0.004234420481779621,0.007456042079887583,normalized94_abs_anchor_delta94_identity1,5ca38ebab9e2d191354ce7db934bf08f2b50c31bad2a7874ac97af410c8ebfc0,363e4c612f881a19faada1ae54ecad5f1e7a2ce6483f306cf721ebb61a348124
UNION_s1,objective,36,0.6394557935322593,0.6348864787960736,0.00456931473618572,0.008914003719774136,normalized94_abs_anchor_delta94_identity1,5ca38ebab9e2d191354ce7db934bf08f2b50c31bad2a7874ac97af410c8ebfc0,42d8c26487d0b31a39e9a5996b3122c03f1958b2a1239510e804be958f9a6daa
UNION_s1,objective,37,0.6402966726944981,0.6351853931881934,0.00511127950630458,0.028991135574249722,normalized94_abs_anchor_delta94_identity1,5ca38ebab9e2d191354ce7db934bf08f2b50c31bad2a7874ac97af410c8ebfc0,3a276672e1017139f81d2b042f701059143c37d544265d29fff58c291fbe6841
UNION_s1,objective,38,0.6391109046762796,0.6343667234573787,0.004744181218900926,0.010884660552424999,normalized94_abs_anchor_delta94_identity1,5ca38ebab9e2d191354ce7db934bf08f2b50c31bad2a7874ac97af410c8ebfc0,d0e497713fe47b8bc92c679ce3e0ff2127e16bbdd9c4b3ae10d94866ad509dcf
UNION_s1,objective,39,0.6385959597935835,0.6334512837741038,0.00514467601947971,0.003938545964570973,normalized94_abs_anchor_delta94_identity1,5ca38ebab9e2d191354ce7db934bf08f2b50c31bad2a7874ac97af410c8ebfc0,a6d931a1b5fcd4b0f914cbf95669ac442fafef6f634a787cd31200326bab19ac
UNION_s1,objective,40,0.6383832374909072,0.6330660391731038,0.005317198317803366,0.0037717036256854687,normalized94_abs_anchor_delta94_identity1,5ca38ebab9e2d191354ce7db934bf08f2b50c31bad2a7874ac97af410c8ebfc0,e6050708f0fb19db59d77cf6a79fdf531d9cce2e70c7694d1d8624724025bc81
UNION_s1,objective,41,0.6381438268897465,0.6326319248836714,0.0055119020060751265,0.003910396882843691,normalized94_abs_anchor_delta94_identity1,5ca38ebab9e2d191354ce7db934bf08f2b50c31bad2a7874ac97af410c8ebfc0,027e9a213d90d12a2e4d10c023dcff099f5672e1f4cc38b3f175f703c0917ee3
UNION_s1,objective,42,0.6377725429040272,0.6318400528003345,0.005932490103692648,0.007271762721728325,normalized94_abs_anchor_delta94_identity1,5ca38ebab9e2d191354ce7db934bf08f2b50c31bad2a7874ac97af410c8ebfc0,4084530fd3ba953170aaa929335a8b4d38d8051c6bdc34a68773e41c2c2a384f
UNION_s1,objective,43,0.6383434711194294,0.632219005767102,0.0061244653523273235,0.03743609249355396,normalized94_abs_anchor_delta94_identity1,5ca38ebab9e2d191354ce7db934bf08f2b50c31bad2a7874ac97af410c8ebfc0,76b74be9efaa4f84e3698a821f2c07d1545b7e70a950633d9057956ccffbea1d
UNION_s1,objective,44,0.6376342178163142,0.6316462237560173,0.005987994060296892,0.008176758505257455,normalized94_abs_anchor_delta94_identity1,5ca38ebab9e2d191354ce7db934bf08f2b50c31bad2a7874ac97af410c8ebfc0,545de16210f8e1adaa609f57b1874c8dbd07537e448f739e7dfab2b19828f894
UNION_s1,objective,45,0.6374114224566623,0.6313976991739249,0.006013723282737454,0.004668117319188667,normalized94_abs_anchor_delta94_identity1,5ca38ebab9e2d191354ce7db934bf08f2b50c31bad2a7874ac97af410c8ebfc0,2e42efd3a429c0adc3d694b486e3c289c5ef7c07320a1fcf1041ad8d8700e075
UNION_s1,objective,46,0.6372090512749812,0.6311302264270315,0.006078824847949593,0.004141004724203598,normalized94_abs_anchor_delta94_identity1,5ca38ebab9e2d191354ce7db934bf08f2b50c31bad2a7874ac97af410c8ebfc0,10fe09640d34f8e2f816f7bec06eb9ad0e7a366a662ac29e2cfab44c48f917bf
UNION_s1,objective,47,0.6383210643060887,0.6323265085494194,0.0059945557566692485,0.033384358694274745,normalized94_abs_anchor_delta94_identity1,5ca38ebab9e2d191354ce7db934bf08f2b50c31bad2a7874ac97af410c8ebfc0,58dfa5be4f090243f0283009d15f4887568e4fdd6c948ffb0005a5fd3e845e32
UNION_s1,objective,48,0.6371418673546286,0.6310816218657324,0.006060245488896288,0.005259764979734788,normalized94_abs_anchor_delta94_identity1,5ca38ebab9e2d191354ce7db934bf08f2b50c31bad2a7874ac97af410c8ebfc0,7b2090e344d1b5381abf8ce71d4e3be61767385207598ac9aed375d6950ef545
UNION_s1,objective,49,0.6370566953813084,0.6309299311256291,0.006126764255679215,0.004167173113723869,normalized94_abs_anchor_delta94_identity1,5ca38ebab9e2d191354ce7db934bf08f2b50c31bad2a7874ac97af410c8ebfc0,dc926eba81f375768feb8270bbffbca760ea6476c8154bd668813a668e2c1c8a
UNION_s1,objective,50,0.6368912739262459,0.6305300473581161,0.006361226568129726,0.0025638357009379396,normalized94_abs_anchor_delta94_identity1,5ca38ebab9e2d191354ce7db934bf08f2b50c31bad2a7874ac97af410c8ebfc0,7f752f03faa381f6e1ffb4590ad4990ac784b860a09022b53042e492ce92b9b3
UNION_s1,objective,51,0.6367742392354279,0.6301757541355161,0.006598485099911822,0.002967893287503718,normalized94_abs_anchor_delta94_identity1,5ca38ebab9e2d191354ce7db934bf08f2b50c31bad2a7874ac97af410c8ebfc0,e5739f105c6614a4b35ab945b33d10ee1d27a0c1092e49feb3ac7a7d72d0e6ad
UNION_s1,objective,52,0.6366819412577676,0.6299026761870887,0.00677926507067882,0.0030649606965266877,normalized94_abs_anchor_delta94_identity1,5ca38ebab9e2d191354ce7db934bf08f2b50c31bad2a7874ac97af410c8ebfc0,eb27d63370dca364e409a35690fb916e7a8e46a3827127b55e58e5636a0e5bb9
UNION_s1,objective,53,0.6365958456810483,0.6297470276633658,0.006848818017682612,0.0022970805968779073,normalized94_abs_anchor_delta94_identity1,5ca38ebab9e2d191354ce7db934bf08f2b50c31bad2a7874ac97af410c8ebfc0,3e99962c8a7de1dc40352df6383b2b557e3bae4c0f33acdfaed11454f13283b8
UNION_s1,objective,54,0.6365268922493338,0.6296200440867656,0.006906848162568157,0.0018995551206140349,normalized94_abs_anchor_delta94_identity1,5ca38ebab9e2d191354ce7db934bf08f2b50c31bad2a7874ac97af410c8ebfc0,4047dc4f64d1c2298cde81f7d0c2640a19b5f737ea58d793ea4c671b0b7e124a
UNION_s1,objective,55,0.6364495340620784,0.6294644196641096,0.0069851143979687315,0.002368562706810693,normalized94_abs_anchor_delta94_identity1,5ca38ebab9e2d191354ce7db934bf08f2b50c31bad2a7874ac97af410c8ebfc0,20b23cb83f874abf7be801bd82c6b337799bae4fc01b69e00f5cf7a34bf06494
UNION_s1,objective,56,0.636454975621495,0.6293448442405274,0.007110131380967569,0.010008762931048406,normalized94_abs_anchor_delta94_identity1,5ca38ebab9e2d191354ce7db934bf08f2b50c31bad2a7874ac97af410c8ebfc0,9a6509e1b4305beddd6b275768068b3000717a99627618211adeb4e5ab6b4f24
UNION_s1,objective,57,0.6364149090609595,0.6293701694232464,0.007044739637713136,0.004271621208976221,normalized94_abs_anchor_delta94_identity1,5ca38ebab9e2d191354ce7db934bf08f2b50c31bad2a7874ac97af410c8ebfc0,fed7d63522a339aa5d50300056a2bea0a4119b8e4f133aa1ae04b7a5a7e82388
UNION_s1,objective,58,0.6363612881244672,0.6291698826063644,0.007191405518102856,0.0020295275498537373,normalized94_abs_anchor_delta94_identity1,5ca38ebab9e2d191354ce7db934bf08f2b50c31bad2a7874ac97af410c8ebfc0,259115f458f37ff540767e9da8f99da851d26f7af5f3b430e2c86013326bf1e4
UNION_s1,objective,59,0.6363290213513364,0.6290377311696871,0.0072912901816493,0.0015579678803149873,normalized94_abs_anchor_delta94_identity1,5ca38ebab9e2d191354ce7db934bf08f2b50c31bad2a7874ac97af410c8ebfc0,5c25dd40466805f29afc0e075db63d8e9531ac377e5a687c124879511432f599
UNION_s1,objective,60,0.6362745393805707,0.6288662713592093,0.00740826802136139,0.0016187761850365008,normalized94_abs_anchor_delta94_identity1,5ca38ebab9e2d191354ce7db934bf08f2b50c31bad2a7874ac97af410c8ebfc0,2bbfe4a4dc3469be987c665b3e9e3f69796aad5a0106543e9a7a84c68db26ff7
UNION_s1,objective,61,0.6362769186213928,0.6287872402115232,0.007489678409869605,0.006631366716448069,normalized94_abs_anchor_delta94_identity1,5ca38ebab9e2d191354ce7db934bf08f2b50c31bad2a7874ac97af410c8ebfc0,fe460d3387ab4ae977f3624976630d36b4258532d0ea8c3800d8066cc509b384
UNION_s1,objective,62,0.6362546233125506,0.6288070384912517,0.007447584821298795,0.0029138663152639774,normalized94_abs_anchor_delta94_identity1,5ca38ebab9e2d191354ce7db934bf08f2b50c31bad2a7874ac97af410c8ebfc0,a31c0cbea762878a57ec81538b8c10c0d3fa2436b7634e7cce0081aee5cf83fa
UNION_s1,objective,63,0.6362223058024951,0.6287647796085776,0.00745752619391749,0.0014080458277416453,normalized94_abs_anchor_delta94_identity1,5ca38ebab9e2d191354ce7db934bf08f2b50c31bad2a7874ac97af410c8ebfc0,3fb2d957970d71f641931374df2802cc48ce86b31805f1444dcd5d0d642f1f3c
UNION_s1,objective,64,0.6362022860692045,0.6287753590276791,0.007426927041525391,0.0012725404270642763,normalized94_abs_anchor_delta94_identity1,5ca38ebab9e2d191354ce7db934bf08f2b50c31bad2a7874ac97af410c8ebfc0,a041cb9da6247e73d05cec135148917339ca0041b7c1d331d0d670b4c3f33189
UNION_s1,objective,65,0.6361544299014872,0.628785093462098,0.007369336439389243,0.0014060468664199547,normalized94_abs_anchor_delta94_identity1,5ca38ebab9e2d191354ce7db934bf08f2b50c31bad2a7874ac97af410c8ebfc0,a94b2ddf207c6de83e9b4d23fd5e01d0f9c26de7b4dc16f2b6604bc54b74bafa
UNION_s1,objective,66,0.6362218004288706,0.6289044729348533,0.007317327494017209,0.007479785200365235,normalized94_abs_anchor_delta94_identity1,5ca38ebab9e2d191354ce7db934bf08f2b50c31bad2a7874ac97af410c8ebfc0,333730790bebddc253ce956bc3aecf252189f43e14a757b597038c1af05e0245
UNION_s1,objective,67,0.636138038050725,0.6287850909850686,0.007352947065656406,0.0022532244393698828,normalized94_abs_anchor_delta94_identity1,5ca38ebab9e2d191354ce7db934bf08f2b50c31bad2a7874ac97af410c8ebfc0,fba0eec605013b9d6c26ad477d44a3930cb2c275e8ab9614f474610c7f5e7904
UNION_s1,objective,68,0.6361107510527284,0.6287791203395243,0.007331630713204085,0.0013890331159660742,normalized94_abs_anchor_delta94_identity1,5ca38ebab9e2d191354ce7db934bf08f2b50c31bad2a7874ac97af410c8ebfc0,fd16754e0028302c871fe414f0a5cee15edabc3f017fa3442e9c9dc82c95d30c
UNION_s1,objective,69,0.6360851954556598,0.6287582988644477,0.007326896591212055,0.0009902056991279726,normalized94_abs_anchor_delta94_identity1,5ca38ebab9e2d191354ce7db934bf08f2b50c31bad2a7874ac97af410c8ebfc0,6c2c9d157e0ce9f59f173ef6eeae7c683920334dd1b69e4c56659a5915eef480
UNION_s1,objective,70,0.6360561323942108,0.6287084905450148,0.007347641849196024,0.0011144362951769644,normalized94_abs_anchor_delta94_identity1,5ca38ebab9e2d191354ce7db934bf08f2b50c31bad2a7874ac97af410c8ebfc0,3fcb79c36ec2665283c8c93e695a83d273e212fe738610295105b1858b945858
UNION_s1,objective,71,0.6360926718806325,0.6286732232996184,0.007419448581014101,0.009675732875786089,normalized94_abs_anchor_delta94_identity1,5ca38ebab9e2d191354ce7db934bf08f2b50c31bad2a7874ac97af410c8ebfc0,4883040f209cea272318aaa6ba4418d4f1c96804d5fcb0978ab82aa14f97f333
UNION_s1,objective,72,0.636048826460914,0.6286806749140866,0.007368151546827369,0.0029016138074473867,normalized94_abs_anchor_delta94_identity1,5ca38ebab9e2d191354ce7db934bf08f2b50c31bad2a7874ac97af410c8ebfc0,09d4f4fa71d2bc1da1c67d444206e2dbbbbf3ed3f036f32f859edcea5f7aa3cc
UNION_s1,objective,73,0.6360311369617786,0.6286235884325777,0.007407548529200946,0.001709234126710322,normalized94_abs_anchor_delta94_identity1,5ca38ebab9e2d191354ce7db934bf08f2b50c31bad2a7874ac97af410c8ebfc0,8ef4538c71ed7633f68366843c671a77cc1256e2cdf910969013e54d16a86837
UNION_s1,objective,74,0.6360140142903745,0.628562723539376,0.0074512907509984815,0.0011692470691407311,normalized94_abs_anchor_delta94_identity1,5ca38ebab9e2d191354ce7db934bf08f2b50c31bad2a7874ac97af410c8ebfc0,0a7edd5e1b9f34815708658652585c1b17110f365a5aee2f4b673b7c68870ac1
UNION_s1,objective,75,0.6359892238873939,0.6284739652139435,0.007515258673450416,0.0017614078348924896,normalized94_abs_anchor_delta94_identity1,5ca38ebab9e2d191354ce7db934bf08f2b50c31bad2a7874ac97af410c8ebfc0,d1b1433758b452b5e58007c5212a06639885675efc8d541f335e1404fdc2d938
UNION_s1,objective,76,0.6359726296141934,0.628402067415767,0.00757056219842647,0.0015868156094460185,normalized94_abs_anchor_delta94_identity1,5ca38ebab9e2d191354ce7db934bf08f2b50c31bad2a7874ac97af410c8ebfc0,9bf75bca7d48981610ca5024daabd96c042285aa4188ca4840996837642c5850
UNION_s1,objective,77,0.6359604735967678,0.6283412622359226,0.007619211360845255,0.002994818282314128,normalized94_abs_anchor_delta94_identity1,5ca38ebab9e2d191354ce7db934bf08f2b50c31bad2a7874ac97af410c8ebfc0,1d42edec6e1299ed39bcd93819708fb419d9148e443f1fccafc4e4e8f0e1466f
UNION_s1,objective,78,0.6359472418519763,0.6283526597066802,0.007594582145296056,0.0013340479797466721,normalized94_abs_anchor_delta94_identity1,5ca38ebab9e2d191354ce7db934bf08f2b50c31bad2a7874ac97af410c8ebfc0,520724913c3d394eb40f75f308d71ed6d1d8e303a444445b6b9096c638de1fe9
UNION_s1,objective,79,0.6359356443033329,0.6283599334969846,0.0075757108063483685,0.0014116605523747704,normalized94_abs_anchor_delta94_identity1,5ca38ebab9e2d191354ce7db934bf08f2b50c31bad2a7874ac97af410c8ebfc0,e5cfe925f4b94acddc8df29463ecdfbd44421f7e0ffb69dab5cd871203c71def
UNION_s1,objective,80,0.6359267878527814,0.6283470219005393,0.0075797659522421875,0.0019103267445777978,normalized94_abs_anchor_delta94_identity1,5ca38ebab9e2d191354ce7db934bf08f2b50c31bad2a7874ac97af410c8ebfc0,8e70460543e8541c8d2fecb5cd0d63682d1c04949a3227c6d54b15855fd612e5
UNION_s1,objective,81,0.6359063274323353,0.6282910090896423,0.007615318342693031,0.001986876134243888,normalized94_abs_anchor_delta94_identity1,5ca38ebab9e2d191354ce7db934bf08f2b50c31bad2a7874ac97af410c8ebfc0,1526a368dbcbf3e9a1f23a29db5a213e5afaa81c640cd2aa614c50e795e44f18
UNION_s1,objective,82,0.6358870260956857,0.628190231243179,0.00769679485250677,0.003462618810297412,normalized94_abs_anchor_delta94_identity1,5ca38ebab9e2d191354ce7db934bf08f2b50c31bad2a7874ac97af410c8ebfc0,c597e1dfcb606e6a75a34d0a1eedeb241a8830298f484c839aaafbc50adaff9d
UNION_s1,objective,83,0.635862279435334,0.6281437103179991,0.007718569117334893,0.0009843963597838384,normalized94_abs_anchor_delta94_identity1,5ca38ebab9e2d191354ce7db934bf08f2b50c31bad2a7874ac97af410c8ebfc0,95a73deee05c071e5329ba0d8ccb13ba22f7b71e54d1bd6a95aedfc25ab1f09f
UNION_s1,objective,84,0.635855329081035,0.6281270704360348,0.007728258645000242,0.0011495203849142756,normalized94_abs_anchor_delta94_identity1,5ca38ebab9e2d191354ce7db934bf08f2b50c31bad2a7874ac97af410c8ebfc0,cc16c4a86ab1c959d64a3a451571af808aa0b177588be046734d60d3ed146dc8
UNION_s1,objective,85,0.6358554402218506,0.6281338370477784,0.00772160317407225,0.003557846036539353,normalized94_abs_anchor_delta94_identity1,5ca38ebab9e2d191354ce7db934bf08f2b50c31bad2a7874ac97af410c8ebfc0,7dcb94c3bbd2e18cf87148154b33509853a4d7ba59016aeb93d666ad5c0f05e8
UNION_s1,objective,86,0.6358505502819108,0.6281256264857008,0.007724923796210008,0.001515934007203355,normalized94_abs_anchor_delta94_identity1,5ca38ebab9e2d191354ce7db934bf08f2b50c31bad2a7874ac97af410c8ebfc0,d3796f15c964f4a2bc27ce465a85e7535d9e4d6269bb621e18741286897cbe4f
UNION_s1,objective,87,0.6358464778646603,0.6281113647631141,0.007735113101546122,0.0013047760450334922,normalized94_abs_anchor_delta94_identity1,5ca38ebab9e2d191354ce7db934bf08f2b50c31bad2a7874ac97af410c8ebfc0,9db653051ceeb94355f83304f8b61c703691476cb679ade78aec5beba3553f13
UNION_s1,objective,88,0.6358343286818056,0.6280741357397346,0.00776019294207103,0.0008926670434408196,normalized94_abs_anchor_delta94_identity1,5ca38ebab9e2d191354ce7db934bf08f2b50c31bad2a7874ac97af410c8ebfc0,faea2fc5bdd79d69cb178158ac0efa97a15885a442f173d14ef49b3a0dc4f976
UNION_s1,objective,89,0.6358261581473017,0.6280510360486805,0.0077751220986211735,0.0008608988944468349,normalized94_abs_anchor_delta94_identity1,5ca38ebab9e2d191354ce7db934bf08f2b50c31bad2a7874ac97af410c8ebfc0,f80fbafa626ca964b7e5d498923a1bf2a86807c331dcf51dd1ff6403c98f5b2d
UNION_s1,objective,90,0.6358174528352233,0.6280342062638623,0.007783246571361034,0.0007176186028473076,normalized94_abs_anchor_delta94_identity1,5ca38ebab9e2d191354ce7db934bf08f2b50c31bad2a7874ac97af410c8ebfc0,99704e239531090f25666721bf3368e1bdd1fd40ad7e33b1b023056016cfa04d
UNION_s1,objective,91,0.6358475093228733,0.6280724674497078,0.007775041873165494,0.006350540252873021,normalized94_abs_anchor_delta94_identity1,5ca38ebab9e2d191354ce7db934bf08f2b50c31bad2a7874ac97af410c8ebfc0,04fbf1b090e923c8ae978e1e0fc227c5491117682e5f0f4e8110459c2856baf4
UNION_s1,objective,92,0.6358136724724497,0.6280325673646855,0.007781105107764228,0.0016490391750274866,normalized94_abs_anchor_delta94_identity1,5ca38ebab9e2d191354ce7db934bf08f2b50c31bad2a7874ac97af410c8ebfc0,d15f31007ecf9e4a67c79607103b26f9f3068bae7849fc82398f50114c920dd6
UNION_s1,objective,93,0.6358063423238416,0.6280206194645265,0.007785722859315096,0.0009888754984894858,normalized94_abs_anchor_delta94_identity1,5ca38ebab9e2d191354ce7db934bf08f2b50c31bad2a7874ac97af410c8ebfc0,2c9d76b7f28f5d2b0e311c2b6eb5a9b3835023f536aac300851d27cd74afc33d
UNION_s1,objective,94,0.6357985989078515,0.6280069448378686,0.007791654069982933,0.0007563846632424654,normalized94_abs_anchor_delta94_identity1,5ca38ebab9e2d191354ce7db934bf08f2b50c31bad2a7874ac97af410c8ebfc0,a31cb3083aafc66d3156a3840fd0a17c48a7467b2c9dfe6fb61dcda231ba9620
UNION_s1,objective,95,0.6357932220614172,0.6279933935552667,0.00779982850615051,0.0007436878318877521,normalized94_abs_anchor_delta94_identity1,5ca38ebab9e2d191354ce7db934bf08f2b50c31bad2a7874ac97af410c8ebfc0,375d3edd357d16731d8322ffff253cb88d1c6a239bd41e4dce19f16bde613a2b
UNION_s1,objective,96,0.6357849083187685,0.6279731254603702,0.0078117828583983105,0.000620921068428848,normalized94_abs_anchor_delta94_identity1,5ca38ebab9e2d191354ce7db934bf08f2b50c31bad2a7874ac97af410c8ebfc0,c5ce9a2145b983658e75e49591af4cb3dde82dc71f899d3ca2576687105c87d9
UNION_s1,objective,97,0.6357928900525145,0.627937944957299,0.007854945095215504,0.0028243751337650815,normalized94_abs_anchor_delta94_identity1,5ca38ebab9e2d191354ce7db934bf08f2b50c31bad2a7874ac97af410c8ebfc0,6277baa9f7588647ffdf856e2f822bd3006ad2912579d0bcf6cc5985bac48f5c
UNION_s1,objective,98,0.6357814960516204,0.6279546515130582,0.007826844538562208,0.000987318394244618,normalized94_abs_anchor_delta94_identity1,5ca38ebab9e2d191354ce7db934bf08f2b50c31bad2a7874ac97af410c8ebfc0,8fe1f48dee6857eeb93ec2f58a385cfd638e0a6d59c2a38f386e7f2d4c96c3fe
UNION_s1,objective,99,0.6357769039295461,0.6279427443088812,0.007834159620664914,0.0006018065630022277,normalized94_abs_anchor_delta94_identity1,5ca38ebab9e2d191354ce7db934bf08f2b50c31bad2a7874ac97af410c8ebfc0,0658a06b48fac3fb698409dcd84234225794ea773f937ab8003755e266e3d9a5
UNION_s1,objective,100,0.635774267742056,0.6279331421256354,0.007841125616420553,0.0007474950083911825,normalized94_abs_anchor_delta94_identity1,5ca38ebab9e2d191354ce7db934bf08f2b50c31bad2a7874ac97af410c8ebfc0,1eb0d08c7ae6f3499ec70269ca8cbbef59a48d1416195aaa07609d8d1fb7e01a
UNION_s1,objective,101,0.6357718564116445,0.627918851844402,0.007853004567242422,0.0013822692548925188,normalized94_abs_anchor_delta94_identity1,5ca38ebab9e2d191354ce7db934bf08f2b50c31bad2a7874ac97af410c8ebfc0,416f5a2c3988143dad1cea8a6c546649bf2e0f09ccc485109c48a430e39ecb64
UNION_s1,objective,102,0.6357692700556022,0.6279158226446463,0.007853447410955916,0.0007989054598285392,normalized94_abs_anchor_delta94_identity1,5ca38ebab9e2d191354ce7db934bf08f2b50c31bad2a7874ac97af410c8ebfc0,c0bfc0629a7af9c8722cf1c57b18eac0206dae7a948e4a559820f28efffbc554
UNION_s1,objective,103,0.6357646887198644,0.6279027849699865,0.007861903749877797,0.000623175203654374,normalized94_abs_anchor_delta94_identity1,5ca38ebab9e2d191354ce7db934bf08f2b50c31bad2a7874ac97af410c8ebfc0,35ba962fa007a4dba5caba109eb5ae8b6488b83985b762387af28593ff9f5eb5
UNION_s1,objective,104,0.6357632571368219,0.6278962398781637,0.007867017258658276,0.000663009288395932,normalized94_abs_anchor_delta94_identity1,5ca38ebab9e2d191354ce7db934bf08f2b50c31bad2a7874ac97af410c8ebfc0,506df648f6b4defe70846211fcc808b170ca4bf5c1119c3dd78eb594562dbb07
UNION_s1,objective,105,0.6357627453461311,0.6278846634733571,0.00787808187277398,0.0016007945892425044,normalized94_abs_anchor_delta94_identity1,5ca38ebab9e2d191354ce7db934bf08f2b50c31bad2a7874ac97af410c8ebfc0,ae491016a049d45d7fdb297ce37fb7d4b77f947776f0d262ed9f9014fd384d9e
UNION_s1,objective,106,0.6357575818521466,0.6278742730459207,0.007883308806225859,0.0005161145058543231,normalized94_abs_anchor_delta94_identity1,5ca38ebab9e2d191354ce7db934bf08f2b50c31bad2a7874ac97af410c8ebfc0,84c08472ca3255270fcb429a86f69cc5703e2eab30d7474ab1f5cfbd870cec67
UNION_s1,objective,107,0.6357556861551327,0.6278734043455836,0.007882281809549134,0.0003855303780025918,normalized94_abs_anchor_delta94_identity1,5ca38ebab9e2d191354ce7db934bf08f2b50c31bad2a7874ac97af410c8ebfc0,7089723690aba0120d1baca7b134a3954bf2e3e93b1e3c9a8a6fae3b9a352444
UNION_s1,objective,108,0.6357523372522207,0.6278703587646868,0.00788197848753387,0.0003717218984464051,normalized94_abs_anchor_delta94_identity1,5ca38ebab9e2d191354ce7db934bf08f2b50c31bad2a7874ac97af410c8ebfc0,21fe06565a2cd7ece2f160392d2f8bfe6bf3108cf8cf77f264c5184b6fba9266
UNION_s1,objective,109,0.6357490807049778,0.6278703703254619,0.007878710379515977,0.00042461224273333473,normalized94_abs_anchor_delta94_identity1,5ca38ebab9e2d191354ce7db934bf08f2b50c31bad2a7874ac97af410c8ebfc0,4221a685fa390868d5aebeebc2c9120a72bf3b273a2c31306862a3aa2602b417
UNION_s1,objective,110,0.6357452721762605,0.6278500968835498,0.007895175292710752,0.0004444141414897167,normalized94_abs_anchor_delta94_identity1,5ca38ebab9e2d191354ce7db934bf08f2b50c31bad2a7874ac97af410c8ebfc0,46072f62ad8687870046c7e88e1561b5abd9ea314cb2eab565f15a253f9e5d1d
UNION_s1,objective,111,0.6357439542902796,0.6278616072207507,0.007882347069528986,0.0008762226873850474,normalized94_abs_anchor_delta94_identity1,5ca38ebab9e2d191354ce7db934bf08f2b50c31bad2a7874ac97af410c8ebfc0,cab7bb17cbfa124b6bef7c20f64ec3f17eec18fdff03589a6f2f29030486ad02
UNION_s1,objective,112,0.6357430061105038,0.6278493922072789,0.007893613903224968,0.0015586417309206885,normalized94_abs_anchor_delta94_identity1,5ca38ebab9e2d191354ce7db934bf08f2b50c31bad2a7874ac97af410c8ebfc0,2362f2c82f2228477981c0eea0ae81bd73e149f6b24980547e22b842670f56d3
UNION_s1,objective,113,0.6357411202428419,0.6278469225789184,0.007894197663923538,0.0004478951865446473,normalized94_abs_anchor_delta94_identity1,5ca38ebab9e2d191354ce7db934bf08f2b50c31bad2a7874ac97af410c8ebfc0,0862ecde1399ca80c0ad8ca91c4eca8cf6487b3756ca3da573e4d4c2bbb5fc23
UNION_s1,objective,114,0.6357405259818173,0.627843470758787,0.007897055223030315,0.00029625724684272445,normalized94_abs_anchor_delta94_identity1,5ca38ebab9e2d191354ce7db934bf08f2b50c31bad2a7874ac97af410c8ebfc0,2168bf7f25350ac9cfd9d25d0adc5ff294b44cb1686b7f18c15081530b67bfc6
UNION_s1,objective,115,0.6357394491728889,0.6278351054087269,0.007904343764162007,0.00035073045636932975,normalized94_abs_anchor_delta94_identity1,5ca38ebab9e2d191354ce7db934bf08f2b50c31bad2a7874ac97af410c8ebfc0,9e53e2db78d1d59f78a4750590bc1a3cd609657f815df176acd3c60972efbd68
UNION_s1,objective,116,0.6357378530940431,0.6278262909765117,0.007911562117531365,0.0004528471057507692,normalized94_abs_anchor_delta94_identity1,5ca38ebab9e2d191354ce7db934bf08f2b50c31bad2a7874ac97af410c8ebfc0,4e6547d83a74ca21db9e5391cf7dfedeafa2efab69434164e2432b35a36341a2
UNION_s1,objective,117,0.6357368632088366,0.6277990947521843,0.007937768456652313,0.001385043597969514,normalized94_abs_anchor_delta94_identity1,5ca38ebab9e2d191354ce7db934bf08f2b50c31bad2a7874ac97af410c8ebfc0,8b8daabf9803735f2259e141742eb5c71d1748f65a80bb5a5c87c16faacec20b
UNION_s1,objective,118,0.6357335388244123,0.627790387002373,0.00794315182203933,0.0005909603415141943,normalized94_abs_anchor_delta94_identity1,5ca38ebab9e2d191354ce7db934bf08f2b50c31bad2a7874ac97af410c8ebfc0,d00b0c717ecd5b96a94dc37bf19ff7ff499ff84c795d4e2f2ed4412df410928d
UNION_s1,objective,119,0.6357316187475226,0.6277942310369746,0.007937387710547973,0.00040235199794890636,normalized94_abs_anchor_delta94_identity1,5ca38ebab9e2d191354ce7db934bf08f2b50c31bad2a7874ac97af410c8ebfc0,947859324e1afad1644d18344561b2430958f953c7dccf976ffcc87d5b9c7690
UNION_s1,objective,120,0.6357294042013596,0.6277953939631041,0.007934010238255434,0.00028980725285994153,normalized94_abs_anchor_delta94_identity1,5ca38ebab9e2d191354ce7db934bf08f2b50c31bad2a7874ac97af410c8ebfc0,d095e5977577d88eb3f0c8522195da8557a10e64486c78b080451aba0cb5f6d0
UNION_s1,objective,121,0.6357277724450459,0.6277820884294284,0.00794568401561744,0.00047664189677673125,normalized94_abs_anchor_delta94_identity1,5ca38ebab9e2d191354ce7db934bf08f2b50c31bad2a7874ac97af410c8ebfc0,bcf7003bb5b58965bfa4a37eb5852d33575a9ff8fc93a1aedd3c268730ab020e
UNION_s1,objective,122,0.6357264037111553,0.6277761483972405,0.007950255313914805,0.00029625575495338354,normalized94_abs_anchor_delta94_identity1,5ca38ebab9e2d191354ce7db934bf08f2b50c31bad2a7874ac97af410c8ebfc0,096f39bcc69ae01d270fe1b43c74ab6861067e05cf1faf76c0253c8403689ccd
UNION_s1,objective,123,0.6357244184120652,0.6277643640483689,0.007960054363696241,0.0004361273824945051,normalized94_abs_anchor_delta94_identity1,5ca38ebab9e2d191354ce7db934bf08f2b50c31bad2a7874ac97af410c8ebfc0,10a27d8cd4f04aa03e0be6fa217287a18f91d3e1641373ff9f660a41331a291e
UNION_s1,objective,124,0.6357254626309292,0.6277453174531827,0.007980145177746485,0.0019116612260473992,normalized94_abs_anchor_delta94_identity1,5ca38ebab9e2d191354ce7db934bf08f2b50c31bad2a7874ac97af410c8ebfc0,5ad07ac45149a4759009edacfdafe80493a2287dd96cd60b6ab57da9968573e3
UNION_s1,objective,125,0.635723875264575,0.6277564707543746,0.007967404510200383,0.0006324197103971617,normalized94_abs_anchor_delta94_identity1,5ca38ebab9e2d191354ce7db934bf08f2b50c31bad2a7874ac97af410c8ebfc0,1a5bda62e04889ba75529f40639ccc48dcbafb26ee945c9305d0a79392ac2848
UNION_s1,objective,126,0.6357228503516692,0.6277520676641739,0.007970782687495317,0.0003812959634398935,normalized94_abs_anchor_delta94_identity1,5ca38ebab9e2d191354ce7db934bf08f2b50c31bad2a7874ac97af410c8ebfc0,f712866b73547ef46d4e08e15f1410c64f8a3f5283ec26fc1d12db4529e89fa6
UNION_s1,objective,127,0.6357218306636414,0.6277497595171349,0.007972071146506539,0.0002804703938740298,normalized94_abs_anchor_delta94_identity1,5ca38ebab9e2d191354ce7db934bf08f2b50c31bad2a7874ac97af410c8ebfc0,8ae4aec7689f506b76d15cd21ae27963d8f298bc63e016659180b5f77e50e0ea
UNION_s1,objective,128,0.635720911937926,0.6277479024787624,0.007973009459163601,0.0002609430116344859,normalized94_abs_anchor_delta94_identity1,5ca38ebab9e2d191354ce7db934bf08f2b50c31bad2a7874ac97af410c8ebfc0,75bda439e84a7dbd874a0b880b7865b89ef1787bef818066bcd14c678e4f419f
UNION_s1,objective,129,0.6357199157590686,0.627743966575825,0.007975949183243673,0.0002594629858817192,normalized94_abs_anchor_delta94_identity1,5ca38ebab9e2d191354ce7db934bf08f2b50c31bad2a7874ac97af410c8ebfc0,492ea74209fb9f41a2700931d309952883ce0c57d6403963ffd355a6faa14f92
UNION_s1,objective,130,0.6357196225239699,0.6277430235706145,0.007976598953355382,0.0009504659624097335,normalized94_abs_anchor_delta94_identity1,5ca38ebab9e2d191354ce7db934bf08f2b50c31bad2a7874ac97af410c8ebfc0,dea0abed7fe23ef5dbd7ebcf14a4e71532dadc1d793dddba8939521c671f7149
UNION_s1,objective,131,0.6357182728634686,0.6277357587364141,0.007982514127054535,0.00037376029596408007,normalized94_abs_anchor_delta94_identity1,5ca38ebab9e2d191354ce7db934bf08f2b50c31bad2a7874ac97af410c8ebfc0,4d4b61d8b12e067c7e538ca80027bdb957ea56528274f161e6d308dc54b40b65
UNION_s1,objective,132,0.6357175057419718,0.6277299650077547,0.007987540734217171,0.00024289415021038475,normalized94_abs_anchor_delta94_identity1,5ca38ebab9e2d191354ce7db934bf08f2b50c31bad2a7874ac97af410c8ebfc0,7ccd14417746b1f738c62680f7d6da8ae7d99ebf5fa5b5312f8aa94fbcc5c7d2
UNION_s1,objective,133,0.635716362230332,0.627718992906034,0.007997369324298106,0.00029128302611079726,normalized94_abs_anchor_delta94_identity1,5ca38ebab9e2d191354ce7db934bf08f2b50c31bad2a7874ac97af410c8ebfc0,a1c87582dc26baeb7a33d7b3334fd8f154afcce13493e1b66c521c4f752a7823
UNION_s1,objective,134,0.635715333893482,0.6277103204017461,0.008005013491735885,0.0002625204253400485,normalized94_abs_anchor_delta94_identity1,5ca38ebab9e2d191354ce7db934bf08f2b50c31bad2a7874ac97af410c8ebfc0,0585cdd73da1f17318adff286958b4c5bc3521974442e6eb8f5b12be0d8534f1
UNION_s1,objective,135,0.6357146499677848,0.6277034590940761,0.008011190873708685,0.0005666572776853845,normalized94_abs_anchor_delta94_identity1,5ca38ebab9e2d191354ce7db934bf08f2b50c31bad2a7874ac97af410c8ebfc0,d52784a53e4357b5e9e44a8477ce456fd1bc3dac71297880288e816eeda68a6a
UNION_s1,objective,136,0.6357135916661434,0.6277005244412917,0.008013067224851737,0.000292178236505062,normalized94_abs_anchor_delta94_identity1,5ca38ebab9e2d191354ce7db934bf08f2b50c31bad2a7874ac97af410c8ebfc0,ed5cc61b6827f77c00de380039b9aa33b22633b113fc17b96eb3f39ddd4d01e5
UNION_s1,objective,137,0.6357132479330055,0.627705103734192,0.008008144198813549,0.0004924298061320465,normalized94_abs_anchor_delta94_identity1,5ca38ebab9e2d191354ce7db934bf08f2b50c31bad2a7874ac97af410c8ebfc0,5d8d9617f6e2af4ad1167949e557af2d778eaa625f2a3fcc74ccd291a64a16a1
UNION_s1,objective,138,0.6357127823666856,0.6277072241055691,0.008005558261116529,0.0002177817250451915,normalized94_abs_anchor_delta94_identity1,5ca38ebab9e2d191354ce7db934bf08f2b50c31bad2a7874ac97af410c8ebfc0,b791e9ed8d3f0a27ab5cd24b638c4ebdc1cb38d1ad72e664a10ed88772bc0585
UNION_s1,objective,139,0.6357125643463517,0.6277072963928283,0.008005267953523382,0.0002015837582444611,normalized94_abs_anchor_delta94_identity1,5ca38ebab9e2d191354ce7db934bf08f2b50c31bad2a7874ac97af410c8ebfc0,04e7dc734698b8df9fe9483a32801ae2f06c22b373e21945d8b8405ff8e46815
UNION_s1,objective,140,0.6357122726271706,0.6277069643398923,0.008005308287278265,0.0001866273181771333,normalized94_abs_anchor_delta94_identity1,5ca38ebab9e2d191354ce7db934bf08f2b50c31bad2a7874ac97af410c8ebfc0,6e86986a401fc61b2c0116c0974f990f166f2973fa3148dd224c0b77a4334028
UNION_s1,objective,141,0.6357116451641938,0.6277079476821742,0.008003697482019576,0.00018181243001099627,normalized94_abs_anchor_delta94_identity1,5ca38ebab9e2d191354ce7db934bf08f2b50c31bad2a7874ac97af410c8ebfc0,d0e574eea37f548b05ad9a765d931e41a27c88725f2ad3bc383ab7f75a225147
UNION_s1,objective,142,0.6357116974519251,0.6277103414290309,0.008001356022894207,0.0005925016163931451,normalized94_abs_anchor_delta94_identity1,5ca38ebab9e2d191354ce7db934bf08f2b50c31bad2a7874ac97af410c8ebfc0,2bb39cb25527d305a4ffd413018075adfdf455189582976798166cf9be6c4567
UNION_s1,objective,143,0.6357114446800395,0.6277088577242254,0.008002586955814163,0.00028024092841372243,normalized94_abs_anchor_delta94_identity1,5ca38ebab9e2d191354ce7db934bf08f2b50c31bad2a7874ac97af410c8ebfc0,a8d058a11bba523d899e33bbb41add5d3450ee8de86c0235a3ee776eee55b862
UNION_s1,objective,144,0.6357111935547238,0.6277088499219406,0.008002343632783186,0.00015076200205514488,normalized94_abs_anchor_delta94_identity1,5ca38ebab9e2d191354ce7db934bf08f2b50c31bad2a7874ac97af410c8ebfc0,0055bc8eb0c02a0bc5ec8d9972c0853142facc09e10ffb2b724ffe272eccd14d
UNION_s1,objective,145,0.6357109737313927,0.6277094331824884,0.008001540548904356,0.00017950130152821406,normalized94_abs_anchor_delta94_identity1,5ca38ebab9e2d191354ce7db934bf08f2b50c31bad2a7874ac97af410c8ebfc0,4034c9782032f27bf0ce9e6cb7c61c7ba88d9ad130c6c9e2ca37dfa4abe6e7bb
UNION_s1,objective,146,0.6357106027679505,0.6277108804888094,0.007999722279141176,0.0002448941461838877,normalized94_abs_anchor_delta94_identity1,5ca38ebab9e2d191354ce7db934bf08f2b50c31bad2a7874ac97af410c8ebfc0,144f10dd472ba084c0cd208fd506b6c46354eadfb8eeb7276302e1d01def3099
UNION_s1,objective,147,0.635709956724321,0.6277133687292988,0.00799658799502209,0.00028875843427681434,normalized94_abs_anchor_delta94_identity1,5ca38ebab9e2d191354ce7db934bf08f2b50c31bad2a7874ac97af410c8ebfc0,4455fcd8e55dee0946048deda1bfc43884a4c3fab5cc91388281c20e42e54876
UNION_s1,objective,148,0.6357095339586017,0.627715810425841,0.007993723532760757,0.00043542875969409335,normalized94_abs_anchor_delta94_identity1,5ca38ebab9e2d191354ce7db934bf08f2b50c31bad2a7874ac97af410c8ebfc0,4f90af5692229e1c192c90364bdff4cf1e73e2ba37e2a790803951fd2863d84b
UNION_s1,objective,149,0.6357091252426709,0.6277170513591553,0.007992073883515485,0.00029220183751176997,normalized94_abs_anchor_delta94_identity1,5ca38ebab9e2d191354ce7db934bf08f2b50c31bad2a7874ac97af410c8ebfc0,9f6d864c77da0249394b49c811eda4a45c6b0d47be8e1e02b078eddc847475fc
UNION_s1,objective,150,0.6357089404693256,0.6277158459380211,0.007993094531304501,9.695056947352456e-05,normalized94_abs_anchor_delta94_identity1,5ca38ebab9e2d191354ce7db934bf08f2b50c31bad2a7874ac97af410c8ebfc0,cecf65324482f72bc3af3af1082397ce6d3ae4efaba3961de7f3ed1ac2004f8a
UNION_s1,objective,151,0.6357088333661693,0.6277149874799163,0.007993845886253119,0.00014998944459655069,normalized94_abs_anchor_delta94_identity1,5ca38ebab9e2d191354ce7db934bf08f2b50c31bad2a7874ac97af410c8ebfc0,db989d3b3bd9877be9d0b5ed43ec264a835178be4c0794e11c5ee4ce888a9524
UNION_s1,objective,152,0.6357086973564801,0.6277138723897537,0.007994824966726356,0.00018507897779735627,normalized94_abs_anchor_delta94_identity1,5ca38ebab9e2d191354ce7db934bf08f2b50c31bad2a7874ac97af410c8ebfc0,ecbf724a71fb4731e47af8ff558e77e713d1d844b4cb800dc3a86ebcb21a3b9b
UNION_s1,objective,153,0.635708435511724,0.6277122929473391,0.007996142564384802,0.0002326261355661816,normalized94_abs_anchor_delta94_identity1,5ca38ebab9e2d191354ce7db934bf08f2b50c31bad2a7874ac97af410c8ebfc0,f230497033f7079ac82730d74a63a0029d5c21094c334cf6bb17c92b38364869
UNION_s1,objective,154,0.6357085467835493,0.6277087109885253,0.00799983579502393,0.00034756987217437313,normalized94_abs_anchor_delta94_identity1,5ca38ebab9e2d191354ce7db934bf08f2b50c31bad2a7874ac97af410c8ebfc0,ced24b6e57caaf9d4101e5fba32e97cb32b778cc930572037e10177126b2e2ae
UNION_s1,objective,155,0.6357082873613186,0.6277105579285328,0.007997729432785757,0.000136318852329175,normalized94_abs_anchor_delta94_identity1,5ca38ebab9e2d191354ce7db934bf08f2b50c31bad2a7874ac97af410c8ebfc0,8ccc8fb5a2cb1237a38026674426b9dc484a769cd6ed126e6dbb3c03ef8e66d9
UNION_s1,objective,156,0.6357081328349122,0.6277104415868388,0.00799769124807349,9.301366834989134e-05,normalized94_abs_anchor_delta94_identity1,5ca38ebab9e2d191354ce7db934bf08f2b50c31bad2a7874ac97af410c8ebfc0,f94a9cd2f721295659f5af17df709dbc58f31122b5853679ae03523642499239
UNION_s1,objective,157,0.6357079741123235,0.6277099614571022,0.007998012655221225,8.466612782800852e-05,normalized94_abs_anchor_delta94_identity1,5ca38ebab9e2d191354ce7db934bf08f2b50c31bad2a7874ac97af410c8ebfc0,c1039b70bdbb0d1e9a6e772aea3abe96e2b447e3b606d232f8ff0ef0fa3db88b
UNION_s1,objective,158,0.6357078094768233,0.6277093189415714,0.007998490535251816,0.00023587739266883905,normalized94_abs_anchor_delta94_identity1,5ca38ebab9e2d191354ce7db934bf08f2b50c31bad2a7874ac97af410c8ebfc0,c6c7d557466dc1d9326df655f5a1458b43e21ca51180acf3f4c6b9fef93e795d
UNION_s1,objective,159,0.6357076779429505,0.6277081659787174,0.007999511964233078,0.00020027561327158006,normalized94_abs_anchor_delta94_identity1,5ca38ebab9e2d191354ce7db934bf08f2b50c31bad2a7874ac97af410c8ebfc0,224b0315e98eef19af267a98892780cf47e52088560a15c2964ef20cff3498c9
UNION_s1,objective,160,0.6357076128263972,0.6277077369040532,0.007999875922343996,0.00012360429314687093,normalized94_abs_anchor_delta94_identity1,5ca38ebab9e2d191354ce7db934bf08f2b50c31bad2a7874ac97af410c8ebfc0,fc97c2ef520e2b34067159e166c30cc5f114172cbcccb8e7b30ea739318fa222
UNION_s1,objective,161,0.6357075332479195,0.6277066099790526,0.008000923268866932,7.131542428792277e-05,normalized94_abs_anchor_delta94_identity1,5ca38ebab9e2d191354ce7db934bf08f2b50c31bad2a7874ac97af410c8ebfc0,b37b1e5c97ba367999ec0f244d7c29f23de5e1acd7afb01813359a2959a55d24
UNION_s1,objective,162,0.6357074874447248,0.6277059140955763,0.008001573349148474,0.00010527422263765309,normalized94_abs_anchor_delta94_identity1,5ca38ebab9e2d191354ce7db934bf08f2b50c31bad2a7874ac97af410c8ebfc0,881e7e19499bca12e630d8d44222fd8c8cfb34c6de5cf7e20afa4ec353ab5d32
UNION_s1,objective,163,0.6357073884446984,0.6277045011485455,0.008002887296152929,0.00011583604205773157,normalized94_abs_anchor_delta94_identity1,5ca38ebab9e2d191354ce7db934bf08f2b50c31bad2a7874ac97af410c8ebfc0,710d950b623054017313e28d6ac6fe219c97f9708c2bbf48965108a02a3d9aa4
UNION_s1,objective,164,0.6357073042894709,0.6277024283517432,0.008004875937727661,0.0002623535913026966,normalized94_abs_anchor_delta94_identity1,5ca38ebab9e2d191354ce7db934bf08f2b50c31bad2a7874ac97af410c8ebfc0,4a6243675a680cdf59567db86051b47c74d64d96ba576e56bb328a34792b40e3
UNION_s1,objective,165,0.6357072079967717,0.6277021398713155,0.008005068125456217,0.0001230664299256347,normalized94_abs_anchor_delta94_identity1,5ca38ebab9e2d191354ce7db934bf08f2b50c31bad2a7874ac97af410c8ebfc0,02eb39764209200ce2ce932ebc344993a34213a5e64465b8f75ea4ae5309efa9
UNION_s1,objective,166,0.6357071479013879,0.6277020284452268,0.008005119456161086,7.691962302604998e-05,normalized94_abs_anchor_delta94_identity1,5ca38ebab9e2d191354ce7db934bf08f2b50c31bad2a7874ac97af410c8ebfc0,a6496d8cdf984bbb66e41a29f561df76d599110fc465696cb3aa22a8d05fbaa6
UNION_s1,objective,167,0.6357071196542875,0.6277018014488019,0.008005318205485532,8.884620683558717e-05,normalized94_abs_anchor_delta94_identity1,5ca38ebab9e2d191354ce7db934bf08f2b50c31bad2a7874ac97af410c8ebfc0,383d0b6f70f5cbb8752cab9fca733a40958b5d22c9046ebcc340214475350c84
UNION_s1,objective,168,0.6357070179820359,0.6277005632122231,0.008006454769812786,9.198484406049444e-05,normalized94_abs_anchor_delta94_identity1,5ca38ebab9e2d191354ce7db934bf08f2b50c31bad2a7874ac97af410c8ebfc0,66c15385d5c9935527d7593980de7fa0e61371764cb47296a2b2d20c7febeba4
UNION_s1,objective,169,0.6357069222006909,0.6276987824143527,0.008008139786338159,0.00011122313037314497,normalized94_abs_anchor_delta94_identity1,5ca38ebab9e2d191354ce7db934bf08f2b50c31bad2a7874ac97af410c8ebfc0,b15bbcf43ff2a3d8ea0e1134048642c9b36c7f1b097bb08cd40229487ca8995d
UNION_s1,objective,170,0.6357071385943619,0.6276974891951157,0.008009649399246178,0.0005333884703508842,normalized94_abs_anchor_delta94_identity1,5ca38ebab9e2d191354ce7db934bf08f2b50c31bad2a7874ac97af410c8ebfc0,c972d06d6271ff48c9284f889104de4982462a897df95c2b140055009084cf3e
UNION_s1,objective,171,0.6357068934515517,0.6276983704127693,0.008008523038782378,7.850015182319915e-05,normalized94_abs_anchor_delta94_identity1,5ca38ebab9e2d191354ce7db934bf08f2b50c31bad2a7874ac97af410c8ebfc0,0f6fa234a8ac94103d7ff52b26744a83e7a951e439eace3ad9453937fc617d55
UNION_s1,objective,172,0.6357068564725273,0.6276973738010216,0.008009482671505646,5.968124604949295e-05,normalized94_abs_anchor_delta94_identity1,5ca38ebab9e2d191354ce7db934bf08f2b50c31bad2a7874ac97af410c8ebfc0,b1f115a31a383a11e64d0019ccb12448afe07c7e30d715c7bc8dde8487e8f6e3
UNION_s1,objective,173,0.6357068095958556,0.6276964966435059,0.008010312952349623,6.93760396174413e-05,normalized94_abs_anchor_delta94_identity1,5ca38ebab9e2d191354ce7db934bf08f2b50c31bad2a7874ac97af410c8ebfc0,3d175944bead677101c11ae454714d24d0e637b14cab84dba957fbf1cf50d9ff
UNION_s1,objective,174,0.6357067693400835,0.6276945221368545,0.00801224720322897,0.00015617441932814173,normalized94_abs_anchor_delta94_identity1,5ca38ebab9e2d191354ce7db934bf08f2b50c31bad2a7874ac97af410c8ebfc0,6f106cb172b1f18441c07be456dcb9fdd1e599365c5db688f56f3287fd5dc39b
UNION_s1,objective,175,0.635706717854587,0.6276945162098737,0.008012201644713234,5.283258217768659e-05,normalized94_abs_anchor_delta94_identity1,5ca38ebab9e2d191354ce7db934bf08f2b50c31bad2a7874ac97af410c8ebfc0,64396ed84cf9c1225dd05b2b2a3f36275ceefb464f76af5eb7435e78b39b2c95
UNION_s1,objective,176,0.6357066959635108,0.6276944122557788,0.008012283707731976,4.486075990403775e-05,normalized94_abs_anchor_delta94_identity1,5ca38ebab9e2d191354ce7db934bf08f2b50c31bad2a7874ac97af410c8ebfc0,92a994994095a8e95c47d526d2d83aa8275d161299769192ef26b4f89a54fe5e
UNION_s1,objective,177,0.6357066694468191,0.6276938611800199,0.008012808266799188,6.107816805153787e-05,normalized94_abs_anchor_delta94_identity1,5ca38ebab9e2d191354ce7db934bf08f2b50c31bad2a7874ac97af410c8ebfc0,3026ce6192987fed7bd9b0b651001951680bd7e0757a228ea08ddb8b7bbcc14d
UNION_s1,objective,178,0.6357066726352563,0.6276932682647343,0.008013404370522031,0.00018501501175423302,normalized94_abs_anchor_delta94_identity1,5ca38ebab9e2d191354ce7db934bf08f2b50c31bad2a7874ac97af410c8ebfc0,dd34bc4dddf72cbc564535051b75d283411628ec64a1f1db8057038ee486ed40
UNION_s1,objective,179,0.6357066525542744,0.6276935598965321,0.008013092657742336,7.991878409994712e-05,normalized94_abs_anchor_delta94_identity1,5ca38ebab9e2d191354ce7db934bf08f2b50c31bad2a7874ac97af410c8ebfc0,64397a0e9efc3a5837433e1bffc8a080a83403187c3a26d0053ea0de80f217ae
UNION_s1,objective,180,0.6357066260272048,0.6276928476153015,0.008013778411903351,5.153924025342498e-05,normalized94_abs_anchor_delta94_identity1,5ca38ebab9e2d191354ce7db934bf08f2b50c31bad2a7874ac97af410c8ebfc0,f15f15876d3d18f3e4efa59e3bc5824a8d5c42a81d48ef20c4880fa7b7eda3d1
UNION_s1,objective,181,0.6357065936055192,0.6276922560614631,0.008014337544056116,4.528173707013606e-05,normalized94_abs_anchor_delta94_identity1,5ca38ebab9e2d191354ce7db934bf08f2b50c31bad2a7874ac97af410c8ebfc0,290e6fc86905b2da728180d742d9472503be78b7f77c5a97828eacfbd1ce1274
UNION_s1,objective,182,0.6357065485839816,0.6276917072079515,0.008014841376030016,4.955610788051045e-05,normalized94_abs_anchor_delta94_identity1,5ca38ebab9e2d191354ce7db934bf08f2b50c31bad2a7874ac97af410c8ebfc0,4b1444ee5d8f32beb3e6424001271d6abfa10675f115b2935bf37b8a56faa8dc
UNION_s1,objective,183,0.6357064971049333,0.6276910621602726,0.008015434944660779,6.495757963579013e-05,normalized94_abs_anchor_delta94_identity1,5ca38ebab9e2d191354ce7db934bf08f2b50c31bad2a7874ac97af410c8ebfc0,d1da8acd1cb20c0d7928674fa8dc014daf72784a5fe12492013346d08897bbe1
UNION_s1,objective,184,0.6357065593646138,0.6276897466368343,0.00801681272777954,0.00030909469983993225,normalized94_abs_anchor_delta94_identity1,5ca38ebab9e2d191354ce7db934bf08f2b50c31bad2a7874ac97af410c8ebfc0,f62224b6fe89477dc396a9e6c2d4e49af57f55bbcc79add74c764a32df30806a
UNION_s1,objective,185,0.6357064753319032,0.6276905774617242,0.008015897870178989,8.288674848665348e-05,normalized94_abs_anchor_delta94_identity1,5ca38ebab9e2d191354ce7db934bf08f2b50c31bad2a7874ac97af410c8ebfc0,05c3349380c328f865b399466df68bcb5dbbadee6c33065d2efe1e0d16f42850
UNION_s1,objective,186,0.6357064526406051,0.6276905028515026,0.008015949789102481,4.111247033418393e-05,normalized94_abs_anchor_delta94_identity1,5ca38ebab9e2d191354ce7db934bf08f2b50c31bad2a7874ac97af410c8ebfc0,230ab82a3c6f07d11603fb55f31826539eb2673b6a6f956fcc455bc61e03a6eb
UNION_s1,objective,187,0.6357064375578328,0.6276904714474904,0.008015966110342502,4.390752013982413e-05,normalized94_abs_anchor_delta94_identity1,5ca38ebab9e2d191354ce7db934bf08f2b50c31bad2a7874ac97af410c8ebfc0,f8545d885f378b3cb73bc1420ff4602523601b85b1409ee42b5070d6d86f1b55
UNION_s1,objective,188,0.635706414666813,0.6276902718785211,0.008016142788291932,5.456961901420365e-05,normalized94_abs_anchor_delta94_identity1,5ca38ebab9e2d191354ce7db934bf08f2b50c31bad2a7874ac97af410c8ebfc0,15e7a23a325407a6107a3f84bdd40b21bbec4f9a17d6835af1317c76365e20ae
UNION_s1,objective,189,0.6357063848487607,0.6276899634125137,0.008016421436247066,8.239196047005068e-05,normalized94_abs_anchor_delta94_identity1,5ca38ebab9e2d191354ce7db934bf08f2b50c31bad2a7874ac97af410c8ebfc0,10439bc079d4e1aa28f0803b46a55fd832fe4892e179eeefcfbb1fff88bc18a1
UNION_s1,objective,190,0.6357063726811926,0.6276895073615955,0.008016865319597076,0.00010933213040223688,normalized94_abs_anchor_delta94_identity1,5ca38ebab9e2d191354ce7db934bf08f2b50c31bad2a7874ac97af410c8ebfc0,fb9d5d58d8174603c57e394b73857031f0872f7972b2f4d4dc37628f31721598
UNION_s1,objective,191,0.6357063561162319,0.6276896472301922,0.008016708886039755,2.9611826835986395e-05,normalized94_abs_anchor_delta94_identity1,5ca38ebab9e2d191354ce7db934bf08f2b50c31bad2a7874ac97af410c8ebfc0,efe2bf1970bc1951c99dab4be975f6e9d389c10006a4245d9de1624a95fbb4fa
UNION_s1,objective,192,0.635706351436717,0.6276896768727864,0.008016674563930647,3.534789730591635e-05,normalized94_abs_anchor_delta94_identity1,5ca38ebab9e2d191354ce7db934bf08f2b50c31bad2a7874ac97af410c8ebfc0,402df079b816437e88116f8c936f41c7c9609be52e14edaaaf4329e0f2cfcead
UNION_s1,objective,193,0.6357063441842479,0.627689706419202,0.008016637765045907,4.238870462612835e-05,normalized94_abs_anchor_delta94_identity1,5ca38ebab9e2d191354ce7db934bf08f2b50c31bad2a7874ac97af410c8ebfc0,b48ae5bf8fd06bf4ac8855b2e59fa0c3b680fd2c785ab6242c74a383f4c03e0b
UNION_s1,objective,194,0.635706328974816,0.6276898638964256,0.008016465078390518,0.00012263073499974513,normalized94_abs_anchor_delta94_identity1,5ca38ebab9e2d191354ce7db934bf08f2b50c31bad2a7874ac97af410c8ebfc0,4f46aded265ed7a850ed6a33f38576ee5353cb581e668082b65441c4e2953ea6
UNION_s1,objective,195,0.6357063089053653,0.6276899079405646,0.008016400964800758,5.8860863864394205e-05,normalized94_abs_anchor_delta94_identity1,5ca38ebab9e2d191354ce7db934bf08f2b50c31bad2a7874ac97af410c8ebfc0,edf0f1ec78677fcff2f98dd6cbf3010c35dfba2cb6326a4ff60ce34855f8c216
UNION_s1,objective,196,0.6357062950491772,0.6276899261403783,0.00801636890879889,2.851744002853111e-05,normalized94_abs_anchor_delta94_identity1,5ca38ebab9e2d191354ce7db934bf08f2b50c31bad2a7874ac97af410c8ebfc0,13a5d38d1c2edda58a0bcf1028c3fb0b3a40b368e319fead533d975c64cdcb2f
UNION_s1,objective,197,0.6357062883174097,0.6276899782888287,0.00801631002858105,3.908216775370637e-05,normalized94_abs_anchor_delta94_identity1,5ca38ebab9e2d191354ce7db934bf08f2b50c31bad2a7874ac97af410c8ebfc0,17c49458e829f1cabb165edc725d5289f7cb4c0e7094a15498ebba5386a7f751
UNION_s1,objective,198,0.6357062830801097,0.6276899776585158,0.008016305421593883,3.124226471604482e-05,normalized94_abs_anchor_delta94_identity1,5ca38ebab9e2d191354ce7db934bf08f2b50c31bad2a7874ac97af410c8ebfc0,351d26abd709e358b9357bf8f7d09e099977d7cd3039cc33ee85256cbf039c11
UNION_s1,objective,199,0.6357062762054196,0.6276901089284214,0.008016167276998248,3.5102064929604455e-05,normalized94_abs_anchor_delta94_identity1,5ca38ebab9e2d191354ce7db934bf08f2b50c31bad2a7874ac97af410c8ebfc0,85c9b362f634757ff6e7abc3224c7f12f930bcc60633947f8634ef0701a1ee85
UNION_s1,objective,200,0.6357062658496996,0.6276901369616461,0.008016128888053517,3.4039592768171994e-05,normalized94_abs_anchor_delta94_identity1,5ca38ebab9e2d191354ce7db934bf08f2b50c31bad2a7874ac97af410c8ebfc0,8c2eedec67a9dae68eb3e069e90f027dc75a94e6ea189e37692e03b6dc3dff70
UNION_s1,objective,201,0.6357062505351361,0.6276902489110533,0.008016001624082801,4.2114060344616704e-05,normalized94_abs_anchor_delta94_identity1,5ca38ebab9e2d191354ce7db934bf08f2b50c31bad2a7874ac97af410c8ebfc0,928407f7f8fa9aeb8fcddb8830910235cfd084c57a16416cb71a20d8c546ac03
UNION_s1,objective,202,0.6357062328614712,0.6276904462138254,0.00801578664764582,2.8999141157469334e-05,normalized94_abs_anchor_delta94_identity1,5ca38ebab9e2d191354ce7db934bf08f2b50c31bad2a7874ac97af410c8ebfc0,1d84c47106a77dbb2c1ed0a8d315067e1b545e526f191764860534636b985a3a
UNION_s1,objective,203,0.6357062237380244,0.6276905867716681,0.008015636966356314,9.095126710892491e-05,normalized94_abs_anchor_delta94_identity1,5ca38ebab9e2d191354ce7db934bf08f2b50c31bad2a7874ac97af410c8ebfc0,aa9a1fcda1ea60bb66e48eea39b796bba7e5b5d654c9c91006cdafe4de553a6e
UNION_s1,objective,204,0.6357062133172473,0.6276906520789695,0.00801556123827785,3.0015047608996823e-05,normalized94_abs_anchor_delta94_identity1,5ca38ebab9e2d191354ce7db934bf08f2b50c31bad2a7874ac97af410c8ebfc0,6509353a0af52142076fcbb711fec56253d0f4220ee61cf04fb3a0075ec73db0
UNION_s1,objective,205,0.6357062092458887,0.6276905947780431,0.00801561446784562,2.2780631664404673e-05,normalized94_abs_anchor_delta94_identity1,5ca38ebab9e2d191354ce7db934bf08f2b50c31bad2a7874ac97af410c8ebfc0,93a4ff48008f6310d98b793972e7e0984b55902b1ee74934e1ac4225ee7af2d3
UNION_s1,objective,206,0.63570619933398,0.6276905444640203,0.00801565486995974,2.1660260890240176e-05,normalized94_abs_anchor_delta94_identity1,5ca38ebab9e2d191354ce7db934bf08f2b50c31bad2a7874ac97af410c8ebfc0,d9b2b784ad67fb8f21d55e20288ef0e5aeb954a6c4c6d5c7466988e0cc4f8f8d
UNION_s1,objective,207,0.6357061986526177,0.627690494686134,0.008015703966483607,0.00010611024517186382,normalized94_abs_anchor_delta94_identity1,5ca38ebab9e2d191354ce7db934bf08f2b50c31bad2a7874ac97af410c8ebfc0,0e98537c773ddeb71967896b49c6737dca777216fc64500f43e1b00b18cb24be
UNION_s1,objective,208,0.6357061936096683,0.6276905135577013,0.008015680051966942,4.942772889165345e-05,normalized94_abs_anchor_delta94_identity1,5ca38ebab9e2d191354ce7db934bf08f2b50c31bad2a7874ac97af410c8ebfc0,28c3a188652eac764cb0b13217dc08930666aecb6d4e13e5e9d5a90a1fdac9df
UNION_s1,objective,209,0.6357061875025951,0.6276905164398213,0.008015671062773793,1.92981996228662e-05,normalized94_abs_anchor_delta94_identity1,5ca38ebab9e2d191354ce7db934bf08f2b50c31bad2a7874ac97af410c8ebfc0,250cf4c696c2df1671731b7baf935f4f56b08b2d3b784cbb45bfb8f1ce173edc
UNION_s1,objective,210,0.6357061855937443,0.6276905171731715,0.008015668420572733,1.70408915622147e-05,normalized94_abs_anchor_delta94_identity1,5ca38ebab9e2d191354ce7db934bf08f2b50c31bad2a7874ac97af410c8ebfc0,13d3656d316f4ff7c1cab0f98d856964b1fd38435eedf409eec779ed69a91317
UNION_s1,objective,211,0.6357061796624857,0.6276904484784557,0.00801573118403001,2.9858527517410848e-05,normalized94_abs_anchor_delta94_identity1,5ca38ebab9e2d191354ce7db934bf08f2b50c31bad2a7874ac97af410c8ebfc0,843740219b9ceee27d6c63e21a89fa3febf6e5bfb1611a94b1903985a61f37fb
UNION_s1,objective,212,0.6357061749713548,0.6276903037265694,0.008015871244785472,3.6316431607155644e-05,normalized94_abs_anchor_delta94_identity1,5ca38ebab9e2d191354ce7db934bf08f2b50c31bad2a7874ac97af410c8ebfc0,2512de2180af30659b1cf72e3ec14e909e789dd8e03951a4d7cefe4c729841b7
UNION_s1,objective,213,0.6357061710144428,0.6276902508114766,0.008015920202966256,1.8993162398449905e-05,normalized94_abs_anchor_delta94_identity1,5ca38ebab9e2d191354ce7db934bf08f2b50c31bad2a7874ac97af410c8ebfc0,c55a185b1754930ee0c38f36ee073f68f64c3d56b4d7a34c11745c39ec0d776f
UNION_s1,objective,214,0.6357061676672834,0.6276901306926681,0.008016036974615308,1.3925176119223317e-05,normalized94_abs_anchor_delta94_identity1,5ca38ebab9e2d191354ce7db934bf08f2b50c31bad2a7874ac97af410c8ebfc0,40b5467da5c81b5febc5d174b1ada3611b0b7e14f065321860ddc39edf45b477
UNION_s1,objective,215,0.6357061654802844,0.6276900489429836,0.008016116537300728,1.5017914027437395e-05,normalized94_abs_anchor_delta94_identity1,5ca38ebab9e2d191354ce7db934bf08f2b50c31bad2a7874ac97af410c8ebfc0,2659053c1a5a0ff9098c1b2276726ce380ef4c91ec20a2becbbeee2da191f128
UNION_s1,objective,216,0.6357061632611944,0.6276898241370574,0.008016339124136983,5.34824976190808e-05,normalized94_abs_anchor_delta94_identity1,5ca38ebab9e2d191354ce7db934bf08f2b50c31bad2a7874ac97af410c8ebfc0,477c9e31268f4441369ae1347d816635d882122a0e100a1648c1a24b50a46c7c
UNION_s1,objective,217,0.6357061598649053,0.6276897209920539,0.008016438872851455,1.817503145237923e-05,normalized94_abs_anchor_delta94_identity1,5ca38ebab9e2d191354ce7db934bf08f2b50c31bad2a7874ac97af410c8ebfc0,2b4a5b0199c21100b02a72a65eba996160640c95c6a7fae5996682d15c5892fc
UNION_s1,objective,218,0.6357061589690826,0.6276897679536285,0.008016391015454042,1.1289131452639916e-05,normalized94_abs_anchor_delta94_identity1,5ca38ebab9e2d191354ce7db934bf08f2b50c31bad2a7874ac97af410c8ebfc0,af50f862a7721ffe977ffd63ec9e358f5ee97005da8efcb502d1b957001f5675
UNION_s1,objective,219,0.6357061576154366,0.6276897610495643,0.008016396565872292,9.369982612293801e-06,normalized94_abs_anchor_delta94_identity1,5ca38ebab9e2d191354ce7db934bf08f2b50c31bad2a7874ac97af410c8ebfc0,68b3ea67a02ae2cc86f824b7ee933c1b1f7a0dff1d49f9961edade44065e6510
UNION_s1,objective,220,0.6357061575253081,0.6276896747530747,0.008016482772233473,5.808503221871375e-05,normalized94_abs_anchor_delta94_identity1,5ca38ebab9e2d191354ce7db934bf08f2b50c31bad2a7874ac97af410c8ebfc0,813dff7e476e30ee4c5460bdace21faff3ba6c8d94b3c0d11f0c1237aa92294e
UNION_s1,objective,221,0.635706156668731,0.6276897159266724,0.008016440742058501,3.093786049205734e-05,normalized94_abs_anchor_delta94_identity1,5ca38ebab9e2d191354ce7db934bf08f2b50c31bad2a7874ac97af410c8ebfc0,e9299bb8cc9567f293ac94afccb407272a65b7acf04bfa0c3f66382a12aeff86
UNION_s1,objective,222,0.6357061551193898,0.6276896106693161,0.008016544450073671,2.1424992238478386e-05,normalized94_abs_anchor_delta94_identity1,5ca38ebab9e2d191354ce7db934bf08f2b50c31bad2a7874ac97af410c8ebfc0,c53c747227cc3d0a92c7926345ae99f4f970315e5c7048df1ab416ebe4194452
UNION_s1,objective,223,0.6357061536209879,0.6276894801287236,0.008016673492264296,1.232484066019343e-05,normalized94_abs_anchor_delta94_identity1,5ca38ebab9e2d191354ce7db934bf08f2b50c31bad2a7874ac97af410c8ebfc0,f242b2e0f1207cd101ba1289bbcf0d34e9459342d427a43b27a02e06e677fce1
UNION_s1,objective,224,0.6357061517714069,0.6276892673490262,0.00801688442238069,1.457995566128939e-05,normalized94_abs_anchor_delta94_identity1,5ca38ebab9e2d191354ce7db934bf08f2b50c31bad2a7874ac97af410c8ebfc0,35fc4d29527c9f51c309ae468a9373fa80da66e224d30a9d6b4aee6ac8f53b46
UNION_s1,objective,225,0.6357061502199228,0.627689099864395,0.008017050355527834,1.9501472467442216e-05,normalized94_abs_anchor_delta94_identity1,5ca38ebab9e2d191354ce7db934bf08f2b50c31bad2a7874ac97af410c8ebfc0,2b0b0208d00e412a63786847e578cfc3268818e39098477a124491a2ab6ccc27
UNION_s1,objective,226,0.6357061469479747,0.6276887615411618,0.008017385406812887,2.0048545022236464e-05,normalized94_abs_anchor_delta94_identity1,5ca38ebab9e2d191354ce7db934bf08f2b50c31bad2a7874ac97af410c8ebfc0,eb44e3064a80c57d59d2685c35e614e634cf1bee865f086a63d1ac1efb8c44d2
UNION_s1,objective,227,0.6357061594366633,0.6276884495203938,0.008017709916269478,9.45588460279467e-05,normalized94_abs_anchor_delta94_identity1,5ca38ebab9e2d191354ce7db934bf08f2b50c31bad2a7874ac97af410c8ebfc0,928f96e826a037fb24585e7df43ffa0ff6dbc0de509cce98d3a0c23863e4b4d0
UNION_s1,objective,228,0.6357061459390355,0.6276886909167372,0.008017455022298383,3.152667643227406e-05,normalized94_abs_anchor_delta94_identity1,5ca38ebab9e2d191354ce7db934bf08f2b50c31bad2a7874ac97af410c8ebfc0,89b989ba9e66c9f889199d09eb1fcc7ce88c158ea35c8035ec073301666a0438
UNION_s1,objective,229,0.6357061429972275,0.627688349240636,0.008017793756591476,1.4131530737676236e-05,normalized94_abs_anchor_delta94_identity1,5ca38ebab9e2d191354ce7db934bf08f2b50c31bad2a7874ac97af410c8ebfc0,c366cf087f7b69be7210b1a49aac837b5068f62eaa05e96b547bfc810b7901d0
UNION_s1,objective,230,0.6357061421703705,0.627688316177047,0.008017825993323466,2.2533321324250074e-05,normalized94_abs_anchor_delta94_identity1,5ca38ebab9e2d191354ce7db934bf08f2b50c31bad2a7874ac97af410c8ebfc0,6ad189125c7919d188cf2694639bc45745870abab80f37cffd04d5dee00ed4de
UNION_s1,objective,231,0.6357061410376266,0.6276882944513382,0.008017846586288341,1.3868804596827202e-05,normalized94_abs_anchor_delta94_identity1,5ca38ebab9e2d191354ce7db934bf08f2b50c31bad2a7874ac97af410c8ebfc0,6d16b7379441b4284cd926ab499b12b0539e09617978d01c2cea5fc227658a6c
UNION_s1,objective,232,0.6357061405916826,0.6276883276018603,0.008017812989822256,1.26048769997595e-05,normalized94_abs_anchor_delta94_identity1,5ca38ebab9e2d191354ce7db934bf08f2b50c31bad2a7874ac97af410c8ebfc0,666ac0afb66a1748ee2c85606fbee88c65c75eb2ff85410f79230b475588d69d
UNION_s1,objective,233,0.6357061387707627,0.6276882706990206,0.008017868071742049,1.1093748967064148e-05,normalized94_abs_anchor_delta94_identity1,5ca38ebab9e2d191354ce7db934bf08f2b50c31bad2a7874ac97af410c8ebfc0,3f2ffd6c74d8c799693f5315b56127b9402ecac82b2a334188d65355cfcb5515
UNION_s1,objective,234,0.6357061379400504,0.6276880144309265,0.008018123509123913,2.5967580902091685e-05,normalized94_abs_anchor_delta94_identity1,5ca38ebab9e2d191354ce7db934bf08f2b50c31bad2a7874ac97af410c8ebfc0,77b48b2171f26a4884fae5f670a28e764944cb008becef9eeb3b300313ffb091
UNION_s1,objective,235,0.6357061365673246,0.6276878479365725,0.008018288630752036,1.0041631441049734e-05,normalized94_abs_anchor_delta94_identity1,5ca38ebab9e2d191354ce7db934bf08f2b50c31bad2a7874ac97af410c8ebfc0,221fb6f856c19ad42c0ddc2e929cbf2062d8c05a3765ae62c1c872ee5699b8dd
UNION_s1,objective,236,0.635706136126632,0.6276877462421242,0.008018389884507718,1.0404500871772913e-05,normalized94_abs_anchor_delta94_identity1,5ca38ebab9e2d191354ce7db934bf08f2b50c31bad2a7874ac97af410c8ebfc0,aff608d1145b2e130952a57572f82d31591c06f065446e397961b7846a18382b
UNION_s1,objective,237,0.635706135064623,0.6276876408779128,0.008018494186710181,8.939522439400696e-06,normalized94_abs_anchor_delta94_identity1,5ca38ebab9e2d191354ce7db934bf08f2b50c31bad2a7874ac97af410c8ebfc0,5603b619baa08d19a259f45a02088fa033c6683b0128921905192a62f8359fc6
UNION_s1,objective,238,0.6357061335904294,0.6276872142677663,0.008018919322663059,1.2204424705947265e-05,normalized94_abs_anchor_delta94_identity1,5ca38ebab9e2d191354ce7db934bf08f2b50c31bad2a7874ac97af410c8ebfc0,985dba0cc78b061dc9729273d46d5c48e59a0a2c33957e10158e8af62ee5c726
UNION_s1,objective,239,0.635706139002478,0.6276877031830227,0.0080184358194553,3.325737500567654e-05,normalized94_abs_anchor_delta94_identity1,5ca38ebab9e2d191354ce7db934bf08f2b50c31bad2a7874ac97af410c8ebfc0,f79f46ed045ff186414d7163fd5dbd5b902a900e24c1e766b0804f5f369a6846
UNION_s1,objective,240,0.6357061328669489,0.6276873373148011,0.008018795552147831,9.575896419183317e-06,normalized94_abs_anchor_delta94_identity1,5ca38ebab9e2d191354ce7db934bf08f2b50c31bad2a7874ac97af410c8ebfc0,8a83a80b0d856d71ec47ebe1e5c14fc1d2322bbdec759ffacd8a6e6f6686d3a5
UNION_s1,objective,241,0.6357061321116962,0.6276873227568242,0.008018809354872106,7.969529269241203e-06,normalized94_abs_anchor_delta94_identity1,5ca38ebab9e2d191354ce7db934bf08f2b50c31bad2a7874ac97af410c8ebfc0,db566a2c6b02df5127df32c25e002ac4a3159c908ac2ef00accbae2bb32775be
UNION_s1,objective,242,0.6357061312446193,0.6276873223713587,0.008018808873260605,5.414200658338805e-06,normalized94_abs_anchor_delta94_identity1,5ca38ebab9e2d191354ce7db934bf08f2b50c31bad2a7874ac97af410c8ebfc0,3d2a68e2d98381f63e17de66f694aedc5e92e6b9be26b1a39f93b9db7a4fd553
UNION_s1,objective,243,0.6357061315891892,0.6276870614016775,0.008019070187511655,3.9061089401508384e-05,normalized94_abs_anchor_delta94_identity1,5ca38ebab9e2d191354ce7db934bf08f2b50c31bad2a7874ac97af410c8ebfc0,bfe45130fdf7b26afde768c15f28896cdba50a44e4a33f5c9c3d4a1ad9566949
UNION_s1,objective,244,0.6357061308991062,0.6276872137666354,0.008018917132470813,1.695828556908462e-05,normalized94_abs_anchor_delta94_identity1,5ca38ebab9e2d191354ce7db934bf08f2b50c31bad2a7874ac97af410c8ebfc0,9f4c64aa6e279089e7254dca2607567669ea231eba5673291740daaddf6ff546
UNION_s1,objective,245,0.6357061302405258,0.627687169085147,0.008018961155378765,9.29643282531294e-06,normalized94_abs_anchor_delta94_identity1,5ca38ebab9e2d191354ce7db934bf08f2b50c31bad2a7874ac97af410c8ebfc0,2b66676b60923bc597d4d77793bb7f7f1d09a629b2ed3a4b1b774f6112f9dc69
UNION_s1,objective,246,0.6357061297030672,0.6276870742641315,0.008019055438935621,5.660716255083442e-06,normalized94_abs_anchor_delta94_identity1,5ca38ebab9e2d191354ce7db934bf08f2b50c31bad2a7874ac97af410c8ebfc0,a5fccdd11c437202260f9dcffb945ca54fa9a842df5c4eb62d0c2c50e806e4f9
UNION_s1,objective,247,0.6357061292591283,0.627686987059291,0.008019142199837199,5.704615650694656e-06,normalized94_abs_anchor_delta94_identity1,5ca38ebab9e2d191354ce7db934bf08f2b50c31bad2a7874ac97af410c8ebfc0,d20737e0fa464e1a176f7b4e46dfb24f1f9a4f2434463ecefd1d41df9fef1ec7
UNION_s1,objective,248,0.6357061285881227,0.6276869000843673,0.008019228503755329,9.929270685626584e-06,normalized94_abs_anchor_delta94_identity1,5ca38ebab9e2d191354ce7db934bf08f2b50c31bad2a7874ac97af410c8ebfc0,7883de4d1e22df06c9f0ff8f6342e5a24bed34bf4bb5f71e38563e1e6a514f56
UNION_s1,objective,249,0.6357061296096819,0.627686773444185,0.008019356165496878,4.464925277859117e-05,normalized94_abs_anchor_delta94_identity1,5ca38ebab9e2d191354ce7db934bf08f2b50c31bad2a7874ac97af410c8ebfc0,76e2286ff7bb3cbc04f027b343ce0a7cf077908aba98836ea7180453a2aa2f15
UNION_s1,objective,250,0.6357061283063759,0.6276868592968091,0.008019269009566727,1.0136476691060976e-05,normalized94_abs_anchor_delta94_identity1,5ca38ebab9e2d191354ce7db934bf08f2b50c31bad2a7874ac97af410c8ebfc0,96f7eb6a13e86864f066972588ceb7d89a21b177bb679bff3768ae4491c14b53
UNION_s1,objective,251,0.6357061278544559,0.6276868425883655,0.008019285266090375,5.806023064570157e-06,normalized94_abs_anchor_delta94_identity1,5ca38ebab9e2d191354ce7db934bf08f2b50c31bad2a7874ac97af410c8ebfc0,30b4bd2df2d0c44d5d6144d4b5dc7d433a8773075e43db5467a02c030cc5da7d
UNION_s1,objective,252,0.6357061275217689,0.6276868653529872,0.008019262168781727,5.28717782516995e-06,normalized94_abs_anchor_delta94_identity1,5ca38ebab9e2d191354ce7db934bf08f2b50c31bad2a7874ac97af410c8ebfc0,e7bf437f808b503fa8d82ca3d74f5dd89cfc5a05b53ffbb89b1275b48bd44a21
UNION_s1,objective,253,0.6357061268102012,0.6276868758786559,0.008019250931545329,5.391098401422601e-06,normalized94_abs_anchor_delta94_identity1,5ca38ebab9e2d191354ce7db934bf08f2b50c31bad2a7874ac97af410c8ebfc0,123d9dccd1a7bcfd5102f5bb1c7eb2591b6c309616d2bc4110c59d83c6c59615
UNION_s1,objective,254,0.6357061260065399,0.627686910272821,0.008019215733718919,4.819238723537263e-06,normalized94_abs_anchor_delta94_identity1,5ca38ebab9e2d191354ce7db934bf08f2b50c31bad2a7874ac97af410c8ebfc0,c31a4027ca27c4e476bbcbf29f95a02233a00a9e4747d8741509175cdf84ea09
UNION_s1,objective,255,0.6357061263912108,0.6276868841381495,0.008019242253061236,2.2252119146791862e-05,normalized94_abs_anchor_delta94_identity1,5ca38ebab9e2d191354ce7db934bf08f2b50c31bad2a7874ac97af410c8ebfc0,473db658a71ad03e6a4cd6256bfb2a99ba013ac642f126d2c3585174d7659963
UNION_s1,objective,256,0.635706125608452,0.6276868988634303,0.008019226745021644,9.261564150904116e-06,normalized94_abs_anchor_delta94_identity1,5ca38ebab9e2d191354ce7db934bf08f2b50c31bad2a7874ac97af410c8ebfc0,c9e2b8c25de7d0b2e4db048ed953a61c8bf2f07cfe51460817860cecc95fcfdd
UNION_s1,objective,257,0.6357061250007169,0.6276869201821684,0.008019204818548417,5.075549084455249e-06,normalized94_abs_anchor_delta94_identity1,5ca38ebab9e2d191354ce7db934bf08f2b50c31bad2a7874ac97af410c8ebfc0,4cb92d699e52c2c10cb9a77daa36114c7d6c3039dc03b56730d46993c0e45366
UNION_s1,objective,258,0.6357061248783673,0.6276868888996643,0.008019235978703052,1.9184310240009807e-05,normalized94_abs_anchor_delta94_identity1,5ca38ebab9e2d191354ce7db934bf08f2b50c31bad2a7874ac97af410c8ebfc0,e8d731f95414de9e7baf828770dfa8659ca709531523ceb163c745a9cd085c7e
UNION_s1,objective,259,0.6357061244847865,0.6276868958312484,0.008019228653538069,5.178997226914412e-06,normalized94_abs_anchor_delta94_identity1,5ca38ebab9e2d191354ce7db934bf08f2b50c31bad2a7874ac97af410c8ebfc0,9d0aeb2438759638c97359e0659c3c568fde53b24d02fb23d19135b383a92c52
UNION_s1,objective,260,0.635706124350232,0.6276868982015481,0.008019226148683884,4.073424039480437e-06,normalized94_abs_anchor_delta94_identity1,5ca38ebab9e2d191354ce7db934bf08f2b50c31bad2a7874ac97af410c8ebfc0,0f8416ab4f2e7bf12c100bd25a3ecd91aacb8752440c75a0bc9af1facecac7cb
UNION_s1,objective,261,0.6357061241832429,0.627686908780695,0.008019215402547951,5.600377317718649e-06,normalized94_abs_anchor_delta94_identity1,5ca38ebab9e2d191354ce7db934bf08f2b50c31bad2a7874ac97af410c8ebfc0,f3c0630fa44b3f22f533953d18d65a68d31ea02deecab264ccf0e04774f53191
UNION_s1,objective,262,0.6357061239705116,0.6276869319480461,0.0080191920224655,4.480154547956279e-06,normalized94_abs_anchor_delta94_identity1,5ca38ebab9e2d191354ce7db934bf08f2b50c31bad2a7874ac97af410c8ebfc0,27d3e89e0b0e69daf517e2cc5aaa83ecc1efd0d64bf101c64bcca5013a3620a8
UNION_s1,objective,263,0.6357061243451464,0.6276869952405458,0.008019129104600595,2.824468981794739e-05,normalized94_abs_anchor_delta94_identity1,5ca38ebab9e2d191354ce7db934bf08f2b50c31bad2a7874ac97af410c8ebfc0,1ca7e2551a32f674cd13c3bff52cccad11783a1b6a50ec6c0bf059b8c8223418
UNION_s1,objective,264,0.6357061237798125,0.6276869549080016,0.008019168871810919,1.1260818361748907e-05,normalized94_abs_anchor_delta94_identity1,5ca38ebab9e2d191354ce7db934bf08f2b50c31bad2a7874ac97af410c8ebfc0,332446eb582de7173b62131f867f5eab83c915f1be9dee59b99e5ef0c4982b84
UNION_s1,objective,265,0.6357061234237288,0.6276869991190973,0.008019124304631493,5.327340567211973e-06,normalized94_abs_anchor_delta94_identity1,5ca38ebab9e2d191354ce7db934bf08f2b50c31bad2a7874ac97af410c8ebfc0,8d46f45036b07ccf28a3b9fe20a0350261f9084b87c6576752266487872a71c0
UNION_s1,objective,266,0.635706123141893,0.6276870381393798,0.008019085002513268,6.536864478253986e-06,normalized94_abs_anchor_delta94_identity1,5ca38ebab9e2d191354ce7db934bf08f2b50c31bad2a7874ac97af410c8ebfc0,cf97b7e33657b0b2c7fa6cd1f8e233df08197e7dcf635a62fed5b18300cd3957
UNION_s1,objective,267,0.6357061229197173,0.6276870721335928,0.008019050786124544,5.570345495848368e-06,normalized94_abs_anchor_delta94_identity1,5ca38ebab9e2d191354ce7db934bf08f2b50c31bad2a7874ac97af410c8ebfc0,d6e46bc43f8b8448cd1ee193e7810f33805729a68528c11c885f3666f95b6d12
UNION_s1,objective,268,0.6357061226038122,0.6276871335625135,0.008018989041298696,3.7925139772634894e-06,normalized94_abs_anchor_delta94_identity1,5ca38ebab9e2d191354ce7db934bf08f2b50c31bad2a7874ac97af410c8ebfc0,e249db4e5cbd8608a5d74569e04559059a283898a2da7ef7e23f4704a8aa017d
UNION_s1,objective,269,0.6357061223389108,0.6276872171758311,0.008018905163079664,6.881913284812743e-06,normalized94_abs_anchor_delta94_identity1,5ca38ebab9e2d191354ce7db934bf08f2b50c31bad2a7874ac97af410c8ebfc0,47b721ab23e7cc731195ec3af7f65c4f3db57ed0c4c1c4611bd229da2b76c201
UNION_s1,objective,270,0.6357061221656389,0.6276872536201001,0.008018868545538774,6.197291074223655e-06,normalized94_abs_anchor_delta94_identity1,5ca38ebab9e2d191354ce7db934bf08f2b50c31bad2a7874ac97af410c8ebfc0,3364be311b0e4cbf5d0c9ff6bc85d601dac6968aa57e965d3709dd61cadb28bc
UNION_s1,objective,271,0.6357061220159961,0.6276872935946168,0.008018828421379222,5.709827303541536e-06,normalized94_abs_anchor_delta94_identity1,5ca38ebab9e2d191354ce7db934bf08f2b50c31bad2a7874ac97af410c8ebfc0,19657aefa5ff83234ca1a6722794f50f83d06761a5b7b499a774d97bd92fb5df
UNION_s1,objective,272,0.6357061219093483,0.627687324158668,0.008018797750680215,3.815729351085556e-06,normalized94_abs_anchor_delta94_identity1,5ca38ebab9e2d191354ce7db934bf08f2b50c31bad2a7874ac97af410c8ebfc0,bec2325a81bda7347eba84ce4abf65b4a933b026ceac9ab0228af231680dd644
UNION_s1,objective,273,0.6357061217809254,0.6276873599568781,0.00801876182404736,3.104543748203563e-06,normalized94_abs_anchor_delta94_identity1,5ca38ebab9e2d191354ce7db934bf08f2b50c31bad2a7874ac97af410c8ebfc0,d3e1d1cf1d19a18700999b097f5bcfa38436a6245f2309bab972aa1ecb59d7d8
UNION_s1,objective,274,0.6357061215523061,0.6276874597803471,0.008018661771958981,3.048912602902378e-06,normalized94_abs_anchor_delta94_identity1,5ca38ebab9e2d191354ce7db934bf08f2b50c31bad2a7874ac97af410c8ebfc0,27fd9328d80503f768468c15e34eb94e3fc4e33e2f87cbde9e45d56a8a154254
UNION_s1,objective,275,0.6357061214155512,0.627687535082873,0.008018586332678134,2.5181350460130354e-06,normalized94_abs_anchor_delta94_identity1,5ca38ebab9e2d191354ce7db934bf08f2b50c31bad2a7874ac97af410c8ebfc0,4bdaeddbc07fd3fcf41dda0e24da17823291fe5eaf45c185f48902070f452ed8
UNION_s1,objective,276,0.6357061212436969,0.6276876358097738,0.008018485433923011,3.87535397745049e-06,normalized94_abs_anchor_delta94_identity1,5ca38ebab9e2d191354ce7db934bf08f2b50c31bad2a7874ac97af410c8ebfc0,6f2407444152b4f5ab7098621982891b7c8acaa903d7a14f8c38688945eec9ba
UNION_s1,objective,277,0.6357061218834134,0.6276879520373501,0.008018169846063294,3.1202544940111106e-05,normalized94_abs_anchor_delta94_identity1,5ca38ebab9e2d191354ce7db934bf08f2b50c31bad2a7874ac97af410c8ebfc0,9a9d7a51451c41e65fc1edd9eac038443369532301e59e089eab7c30e625d89b
UNION_s1,objective,278,0.6357061211660473,0.627687713864199,0.008018407301848383,6.295991786032092e-06,normalized94_abs_anchor_delta94_identity1,5ca38ebab9e2d191354ce7db934bf08f2b50c31bad2a7874ac97af410c8ebfc0,5c34cc6fbad30e54eab8a3921a21817ed7ebc5554e5174ab4319f03504b0d8f6
UNION_s1,objective,279,0.6357061210289878,0.6276877789742298,0.008018342054758055,3.6874915408005703e-06,normalized94_abs_anchor_delta94_identity1,5ca38ebab9e2d191354ce7db934bf08f2b50c31bad2a7874ac97af410c8ebfc0,4f7a2074704bceef9c892de583c5965ecebb37d93bd2a6865eafd0d4769c4de3
UNION_s1,objective,280,0.6357061209102648,0.6276878347227333,0.008018286187531573,2.8646859503704502e-06,normalized94_abs_anchor_delta94_identity1,5ca38ebab9e2d191354ce7db934bf08f2b50c31bad2a7874ac97af410c8ebfc0,12988d882a24e0bd7cb664ffaedef33eea1061912536d9d2d0d40db4cbcdd5a8
UNION_s1,objective,281,0.6357061207619894,0.6276879142533985,0.008018206508590893,2.6569310374949596e-06,normalized94_abs_anchor_delta94_identity1,5ca38ebab9e2d191354ce7db934bf08f2b50c31bad2a7874ac97af410c8ebfc0,f39f4be7cf2298415b170df45a02deb449f46e7413c534339aa0e5eb66cfd1f4
UNION_s1,objective,282,0.6357061205788621,0.6276880685040701,0.008018052074792037,3.637556555479432e-06,normalized94_abs_anchor_delta94_identity1,5ca38ebab9e2d191354ce7db934bf08f2b50c31bad2a7874ac97af410c8ebfc0,a33954bf21161a8b439ab1ef190b3f0dc7fed25ddc18729d2a0846cf3f0335da
UNION_s1,objective,283,0.6357061206752981,0.6276882989482293,0.008017821727068792,1.282626674442564e-05,normalized94_abs_anchor_delta94_identity1,5ca38ebab9e2d191354ce7db934bf08f2b50c31bad2a7874ac97af410c8ebfc0,8a48bb542dcfa2e6f893612247cbd2b9e501101fabe6b6dde0546a706545ff2c
UNION_s1,objective,284,0.6357061205048866,0.6276881599239246,0.008017960580962014,4.112689021747338e-06,normalized94_abs_anchor_delta94_identity1,5ca38ebab9e2d191354ce7db934bf08f2b50c31bad2a7874ac97af410c8ebfc0,353bf2635bd4525dc1d7b2c4944233e0e41d83e41535899f24fdfef109dc7b80
UNION_s1,objective,285,0.6357061204374445,0.6276882356788747,0.008017884758569788,3.4549303145236843e-06,normalized94_abs_anchor_delta94_identity1,5ca38ebab9e2d191354ce7db934bf08f2b50c31bad2a7874ac97af410c8ebfc0,7051b7d6ad77a698e41c4575bf37a4b909e3bb66a31da88c5da35c780d7147d2
UNION_s1,objective,286,0.6357061203975513,0.6276882368944687,0.008017883503082503,2.000690689016937e-06,normalized94_abs_anchor_delta94_identity1,5ca38ebab9e2d191354ce7db934bf08f2b50c31bad2a7874ac97af410c8ebfc0,7e3b668048adeb65a59f194edbdd03a43b1e8fb4174080b6b7480eca98788b58
UNION_s1,objective,287,0.6357061203616194,0.6276882477381326,0.00801787262348687,2.0307858038592535e-06,normalized94_abs_anchor_delta94_identity1,5ca38ebab9e2d191354ce7db934bf08f2b50c31bad2a7874ac97af410c8ebfc0,96ab581623fbc01d94f4864a47cc8dc46e0ba507ac401615abe540df28c088d6
UNION_s1,objective,288,0.635706120296645,0.6276882906771755,0.008017829619469525,2.1968709771948173e-06,normalized94_abs_anchor_delta94_identity1,5ca38ebab9e2d191354ce7db934bf08f2b50c31bad2a7874ac97af410c8ebfc0,cc908fbd3f299e8d9d91a895802c123e005e02ef9320acfe0b06df3d54248c19
UNION_s1,objective,289,0.6357061201685125,0.6276883857809894,0.008017734387523054,2.452035506950501e-06,normalized94_abs_anchor_delta94_identity1,5ca38ebab9e2d191354ce7db934bf08f2b50c31bad2a7874ac97af410c8ebfc0,90acb666dd3426e6c7cc91a7615aaaa1165d6c7175c0ef68bf8342dfb7d6082f
UNION_s1,objective,290,0.6357061201799425,0.627688450835265,0.00801766934467746,1.265710913745171e-05,normalized94_abs_anchor_delta94_identity1,5ca38ebab9e2d191354ce7db934bf08f2b50c31bad2a7874ac97af410c8ebfc0,e1293b5361ca75e7feafb2e05bd68daa2add1ddb6a13c7c889b5a56965c681fa
UNION_s1,objective,291,0.6357061201126507,0.6276884167357375,0.008017703376913257,5.528284066787879e-06,normalized94_abs_anchor_delta94_identity1,5ca38ebab9e2d191354ce7db934bf08f2b50c31bad2a7874ac97af410c8ebfc0,049c8d7793d19092228a9a52ec33c95df84d17dc34bc303056404d20b0e70b29
UNION_s1,objective,292,0.6357061200242884,0.6276884986838875,0.008017621340400832,2.140408441403728e-06,normalized94_abs_anchor_delta94_identity1,5ca38ebab9e2d191354ce7db934bf08f2b50c31bad2a7874ac97af410c8ebfc0,8ecd6aec9e0ca0dc60d4633a751fbef8c4d45e5dcc8cfddbb43c971a2c816df5
UNION_s1,objective,293,0.6357061199878137,0.6276885082254892,0.00801761176232453,1.5781650027602187e-06,normalized94_abs_anchor_delta94_identity1,5ca38ebab9e2d191354ce7db934bf08f2b50c31bad2a7874ac97af410c8ebfc0,03eff218df31a7df005fe6603dd9165bf8b4eff2dbdd351dd50b6df6a4a2fbe5
UNION_s1,objective,294,0.6357061199337,0.6276885104747333,0.00801760945896666,1.4849716492614076e-06,normalized94_abs_anchor_delta94_identity1,5ca38ebab9e2d191354ce7db934bf08f2b50c31bad2a7874ac97af410c8ebfc0,ad5ad5e8044eb728d5dcf7604d924101e12bfa28b59a980b9421f0006ff5fa72
UNION_s1,objective,295,0.6357061198882349,0.6276885593448094,0.008017560543425553,2.0961164218438006e-06,normalized94_abs_anchor_delta94_identity1,5ca38ebab9e2d191354ce7db934bf08f2b50c31bad2a7874ac97af410c8ebfc0,5c34f2a093c131a9bbbeb40b76f7afeb8573270ed6891d2f3625229ea27fee33
UNION_s1,objective,296,0.6357061198637274,0.6276885999596873,0.008017519904040048,2.9368287539834785e-06,normalized94_abs_anchor_delta94_identity1,5ca38ebab9e2d191354ce7db934bf08f2b50c31bad2a7874ac97af410c8ebfc0,ff60683b7128ac64d1d2d8e71f5ced00dc9dd991d8ce51d0ee9c3c9c4f62a0be
UNION_s1,objective,297,0.6357061198495848,0.6276886224752419,0.008017497374342868,1.7282917767961985e-06,normalized94_abs_anchor_delta94_identity1,5ca38ebab9e2d191354ce7db934bf08f2b50c31bad2a7874ac97af410c8ebfc0,968cb8e61b279d3d41420f6f063c5621082602a32b85e2255cc5643932d558d4
UNION_s1,objective,298,0.6357061198431155,0.6276886308346696,0.008017489008445915,1.0665218437914136e-06,normalized94_abs_anchor_delta94_identity1,5ca38ebab9e2d191354ce7db934bf08f2b50c31bad2a7874ac97af410c8ebfc0,5c066f39635cc50c2818ec7101e29cc9df9591e80673e8b2c407228e1002102d
UNION_s1,objective,299,0.6357061198348405,0.6276886480182694,0.008017471816571056,8.848231432226197e-07,normalized94_abs_anchor_delta94_identity1,5ca38ebab9e2d191354ce7db934bf08f2b50c31bad2a7874ac97af410c8ebfc0,68a2147b89a544b8b10c42c996f91693cf13c331a92759794f55f90fb25a88a9
UNION_s1,objective,300,0.6357061198187924,0.6276886739046968,0.008017445914095641,1.2610447163261465e-06,normalized94_abs_anchor_delta94_identity1,5ca38ebab9e2d191354ce7db934bf08f2b50c31bad2a7874ac97af410c8ebfc0,a2bef15e2c9b04bd4589928b1ac784fbc9162401f6db9f9066cc7fb3a31d2ac4
UNION_s1,objective,301,0.6357061197917133,0.6276887081988093,0.00801741159290402,1.4627704893432885e-06,normalized94_abs_anchor_delta94_identity1,5ca38ebab9e2d191354ce7db934bf08f2b50c31bad2a7874ac97af410c8ebfc0,4a63e2a5ab29026e508b583b11c378b49cd5b2d84a24fb597fb467644b3af11b
UNION_s1,objective,302,0.6357061199225723,0.627688700072963,0.008017419849609362,1.3982213785299574e-05,normalized94_abs_anchor_delta94_identity1,5ca38ebab9e2d191354ce7db934bf08f2b50c31bad2a7874ac97af410c8ebfc0,209464b9984b14951cc192560283fa6d21ad772a248918ea69fcff1db6c01dbb
UNION_s1,objective,303,0.6357061197855195,0.6276887067454157,0.00801741304010387,2.8077141019754466e-06,normalized94_abs_anchor_delta94_identity1,5ca38ebab9e2d191354ce7db934bf08f2b50c31bad2a7874ac97af410c8ebfc0,3112ec6af93e42a58ce411c7278e56f7e3b4fe01d25879948d791d51550aef40
UNION_s1,objective,304,0.6357061197675988,0.6276887109927733,0.008017408774825513,1.4529178192383498e-06,normalized94_abs_anchor_delta94_identity1,5ca38ebab9e2d191354ce7db934bf08f2b50c31bad2a7874ac97af410c8ebfc0,4c53397b2b8b59ed96721e296833f1877cd7c9b8457bb56eda3c71b83e85a39a
UNION_s1,objective,305,0.6357061197575035,0.6276886992414042,0.008017420516099228,8.160411229837763e-07,normalized94_abs_anchor_delta94_identity1,5ca38ebab9e2d191354ce7db934bf08f2b50c31bad2a7874ac97af410c8ebfc0,97a1514fb1804291c081240fc9b3496bf3d756dae5ba8f868c624dd38927c0d0
UNION_s1,objective,306,0.6357061197508725,0.6276886906098004,0.008017429141072122,1.0707441084625946e-06,normalized94_abs_anchor_delta94_identity1,5ca38ebab9e2d191354ce7db934bf08f2b50c31bad2a7874ac97af410c8ebfc0,762c97e96abc0f00bc48ef94b109ada6c550266e9c5c1b7a54348e7b07f01da2
UNION_s1,objective,307,0.6357061197407055,0.6276886896123036,0.008017430128401865,1.3885125676931572e-06,normalized94_abs_anchor_delta94_identity1,5ca38ebab9e2d191354ce7db934bf08f2b50c31bad2a7874ac97af410c8ebfc0,0b78bd7c976cba630619f3b2320cc1ebd06a7a5fa5cb64596d78d04dcbaa9a1e
UNION_s1,objective,308,0.6357061197225651,0.6276887091319492,0.008017410590615868,1.4853277629472159e-06,normalized94_abs_anchor_delta94_identity1,5ca38ebab9e2d191354ce7db934bf08f2b50c31bad2a7874ac97af410c8ebfc0,e901b677b0c76c2bbddfc389e0e07e2ea47ae2328ba36ebf7e6e9ed90c743545
UNION_s1,objective,309,0.6357061196917452,0.6276887429977505,0.008017376693994762,1.958629222760965e-06,normalized94_abs_anchor_delta94_identity1,5ca38ebab9e2d191354ce7db934bf08f2b50c31bad2a7874ac97af410c8ebfc0,fbb7268e1d84054647d90f320a55b1f8772a30e19f29a2126bbabfca1e2e7ffa
UNION_s1,objective,310,0.6357061199093689,0.6276888275561185,0.008017292353250343,1.519126188730333e-05,normalized94_abs_anchor_delta94_identity1,5ca38ebab9e2d191354ce7db934bf08f2b50c31bad2a7874ac97af410c8ebfc0,e4a9c97f949f31fde8652a72a966f637ca7b8aca278497337772fa2900e1fd14
UNION_s1,objective,311,0.6357061196841717,0.6276887560614511,0.008017363622720552,1.3440438079457493e-06,normalized94_abs_anchor_delta94_identity1,5ca38ebab9e2d191354ce7db934bf08f2b50c31bad2a7874ac97af410c8ebfc0,449fe4095cff80e1fa22866ccce5878ae8bb3bb5065df072113e610476040123
UNION_s1,objective,312,0.6357061196658194,0.6276887884511309,0.008017331214688525,9.877158129809354e-07,normalized94_abs_anchor_delta94_identity1,5ca38ebab9e2d191354ce7db934bf08f2b50c31bad2a7874ac97af410c8ebfc0,350671c65fa39e94cf93a1e195763ebdbb871f67e409e67ceda45da981950ebb
UNION_s1,objective,313,0.6357061196573268,0.6276888160988447,0.008017303558482108,1.6739900552014535e-06,normalized94_abs_anchor_delta94_identity1,5ca38ebab9e2d191354ce7db934bf08f2b50c31bad2a7874ac97af410c8ebfc0,2883d931e07de81a7c801c129b466a676078102fbb798bfc5aa2f9263a1a70c2
UNION_s1,objective,314,0.6357061196444106,0.6276888176043595,0.008017302040051124,6.751814884839861e-07,normalized94_abs_anchor_delta94_identity1,5ca38ebab9e2d191354ce7db934bf08f2b50c31bad2a7874ac97af410c8ebfc0,49d49c9bff4a68230931106988f6494b6c18b375484f09d9e22af86c054bcd13
UNION_s1,objective,315,0.6357061196380075,0.6276888084798563,0.0080173111581512,6.990244854054086e-07,normalized94_abs_anchor_delta94_identity1,5ca38ebab9e2d191354ce7db934bf08f2b50c31bad2a7874ac97af410c8ebfc0,a5da5fd7701e80bb98dfd5dc09dbe861d701d5da662edfd767e74b1bbbd764a9
UNION_s1,objective,316,0.6357061196221194,0.6276887898249265,0.008017329797192954,1.7945727894063262e-06,normalized94_abs_anchor_delta94_identity1,5ca38ebab9e2d191354ce7db934bf08f2b50c31bad2a7874ac97af410c8ebfc0,14a77c5ea3004b658a8cd8aefc5b7122a275790b566830a451c4b58b3446ebda
UNION_s1,objective,317,0.6357061196350093,0.62768878870196,0.008017330933049396,5.20595252701056e-06,normalized94_abs_anchor_delta94_identity1,5ca38ebab9e2d191354ce7db934bf08f2b50c31bad2a7874ac97af410c8ebfc0,956fa565fdcd8dbf827a971f7712cd7ae3bee617cbf9b0b5dddfda02fb47892b
UNION_s1,objective,318,0.6357061196156746,0.6276887894030827,0.008017330212591923,1.167905922423389e-06,normalized94_abs_anchor_delta94_identity1,5ca38ebab9e2d191354ce7db934bf08f2b50c31bad2a7874ac97af410c8ebfc0,06ed038f6ca11ac96547e4cb96613b66acc7806239fc8c1873d7eeef1984d26a
UNION_s1,objective,319,0.6357061196093914,0.6276887921710318,0.008017327438359572,6.489336258208381e-07,normalized94_abs_anchor_delta94_identity1,5ca38ebab9e2d191354ce7db934bf08f2b50c31bad2a7874ac97af410c8ebfc0,84fa018fa5f3ec49a394bce1aaa7915841dabebe547460372e95c0339e0fe2c1
UNION_s1,objective,320,0.6357061196025643,0.6276888040810952,0.008017315521469079,6.338628400674374e-07,normalized94_abs_anchor_delta94_identity1,5ca38ebab9e2d191354ce7db934bf08f2b50c31bad2a7874ac97af410c8ebfc0,44cd0db314c1767920416c2ee2dd59840d047fa5c5488ac77c7e2f56b80d35be
UNION_s1,objective,321,0.6357061195957046,0.6276888137031458,0.008017305892558772,6.496006698169141e-07,normalized94_abs_anchor_delta94_identity1,5ca38ebab9e2d191354ce7db934bf08f2b50c31bad2a7874ac97af410c8ebfc0,7a385a33b2fd8f6038bcef132117acf7162c1685503ca6dfd2fcd050334898a9
UNION_s1,objective,322,0.6357061195826542,0.627688836126207,0.008017283456447286,1.2396489579138645e-06,normalized94_abs_anchor_delta94_identity1,5ca38ebab9e2d191354ce7db934bf08f2b50c31bad2a7874ac97af410c8ebfc0,fea017f23a4a07168fa459654f2297d14341a5c352ed5f15e3b789bdb62698a2
UNION_s1,objective,323,0.6357061196209531,0.6276888814067687,0.008017238214184479,7.2750280405844975e-06,normalized94_abs_anchor_delta94_identity1,5ca38ebab9e2d191354ce7db934bf08f2b50c31bad2a7874ac97af410c8ebfc0,7d4ae3a5f9d609efb0240eaaa79fd621346e3b0e590f0d486490d21603ffff6f
UNION_s1,objective,324,0.6357061195797373,0.6276888456303549,0.008017273949382406,1.4458555259022467e-06,normalized94_abs_anchor_delta94_identity1,5ca38ebab9e2d191354ce7db934bf08f2b50c31bad2a7874ac97af410c8ebfc0,20a59426659b27968d35c434d59f5e20ca10b1ad22eac24ccb65edd24cac8ffa
UNION_s1,objective,325,0.6357061195740776,0.6276888480913135,0.008017271482764045,8.784836371602605e-07,normalized94_abs_anchor_delta94_identity1,5ca38ebab9e2d191354ce7db934bf08f2b50c31bad2a7874ac97af410c8ebfc0,1700f8129dcdb55fc8acbe431c779426c711c37550b425dd7051f30e43c8e1a5
UNION_s1,objective,326,0.6357061195680768,0.6276888494316484,0.008017270136428382,5.967823728315229e-07,normalized94_abs_anchor_delta94_identity1,5ca38ebab9e2d191354ce7db934bf08f2b50c31bad2a7874ac97af410c8ebfc0,7568ce55e6084c71bc374bc738dc08b81cb77063c8faa1ebc9c40a7907d7a86b
UNION_s1,objective,327,0.6357061195637803,0.627688851610512,0.008017267953268238,6.296420301204517e-07,normalized94_abs_anchor_delta94_identity1,5ca38ebab9e2d191354ce7db934bf08f2b50c31bad2a7874ac97af410c8ebfc0,e7882b57b8315034e44ef24c92e08f16bd383cf0d1ee76174279b71034cf8f6c
UNION_s1,objective,328,0.6357061195536913,0.6276888572027934,0.008017262350897796,8.539255320559822e-07,normalized94_abs_anchor_delta94_identity1,5ca38ebab9e2d191354ce7db934bf08f2b50c31bad2a7874ac97af410c8ebfc0,b6d339da809287f5d983a11d840e8bb2ba8acfe7680ac46aa3d0c91df7240efc
UNION_s1,objective,329,0.6357061195703645,0.6276889012316945,0.008017218338669975,3.5083231987283505e-06,normalized94_abs_anchor_delta94_identity1,5ca38ebab9e2d191354ce7db934bf08f2b50c31bad2a7874ac97af410c8ebfc0,568f8e1ad7748037ee63a340a809bec69672bb28ad1cb19ca6128214cbf1b29c
UNION_s1,objective,330,0.6357061195490846,0.6276888711736957,0.008017248375389002,1.1521277829497975e-06,normalized94_abs_anchor_delta94_identity1,5ca38ebab9e2d191354ce7db934bf08f2b50c31bad2a7874ac97af410c8ebfc0,420e07427b3e2e3ae9fec0cf45e7770da290f655b51c84df1ac5be6ff70aca18
UNION_s1,objective,331,0.6357061195442628,0.627688873452923,0.008017246091339787,6.286030683571656e-07,normalized94_abs_anchor_delta94_identity1,5ca38ebab9e2d191354ce7db934bf08f2b50c31bad2a7874ac97af410c8ebfc0,5fa1c94b2e8864b70ec8d235cf4d06b55e21056410fb0826588a0d8d8c679dec
UNION_s1,objective,332,0.6357061195410576,0.6276888789040522,0.008017240637005357,4.942461629428368e-07,normalized94_abs_anchor_delta94_identity1,5ca38ebab9e2d191354ce7db934bf08f2b50c31bad2a7874ac97af410c8ebfc0,61182162855514873b5f129078fb82bcdcef49dece5f3e75e1b998b28f9a7866
UNION_s1,objective,333,0.6357061195372583,0.6276888853773002,0.008017234159958093,1.0900906062103657e-06,normalized94_abs_anchor_delta94_identity1,5ca38ebab9e2d191354ce7db934bf08f2b50c31bad2a7874ac97af410c8ebfc0,226d13ade0ce74e1312ccbef76e07c33d7d7e8c7c764e501e28e57ee2f400f98
UNION_s1,objective,334,0.6357061195326869,0.6276888963559243,0.008017223176762537,7.463277027130465e-07,normalized94_abs_anchor_delta94_identity1,5ca38ebab9e2d191354ce7db934bf08f2b50c31bad2a7874ac97af410c8ebfc0,cf95713baebdcb60ade6114fdb9c979c44a7a64528c13fcded3d3fa26f1a8585
UNION_s1,objective,335,0.6357061195288691,0.6276889111905801,0.008017208338289023,4.1777436527050767e-07,normalized94_abs_anchor_delta94_identity1,5ca38ebab9e2d191354ce7db934bf08f2b50c31bad2a7874ac97af410c8ebfc0,d308659cf550dcf7fc2d66b7643f8e4f9f314b416bed4054fc704ecb9ff3381e
UNION_s1,objective,336,0.6357061195257458,0.6276889282148437,0.008017191310902144,3.6544752236672163e-07,normalized94_abs_anchor_delta94_identity1,5ca38ebab9e2d191354ce7db934bf08f2b50c31bad2a7874ac97af410c8ebfc0,dc94b41c109dfed38fda9c65f67817f35865d1baa00156308e6288ae0306dc6d
UNION_s1,objective,337,0.6357061195318048,0.627688940075109,0.008017179456695823,3.657665600660064e-06,normalized94_abs_anchor_delta94_identity1,5ca38ebab9e2d191354ce7db934bf08f2b50c31bad2a7874ac97af410c8ebfc0,c579573b3794e4a4bc146c7f8c9f5ee2202ac3f8247f3f108e56f79c77e2a901
UNION_s1,objective,338,0.6357061195249112,0.6276889312741092,0.008017188250801947,9.673034393954777e-07,normalized94_abs_anchor_delta94_identity1,5ca38ebab9e2d191354ce7db934bf08f2b50c31bad2a7874ac97af410c8ebfc0,a23a1d22090926347b3a0bc91e6094cd548fd602544b029b3883b95cf96a1273
UNION_s1,objective,339,0.6357061195229051,0.6276889432365278,0.008017176286377372,7.222943380313752e-07,normalized94_abs_anchor_delta94_identity1,5ca38ebab9e2d191354ce7db934bf08f2b50c31bad2a7874ac97af410c8ebfc0,b8868cb171444deccac6994c5a32b28b2189b3e313586f7baf0e3ad57ce6b664
UNION_s1,objective,340,0.6357061195198092,0.6276889559681568,0.008017163551652402,5.124968735016232e-07,normalized94_abs_anchor_delta94_identity1,5ca38ebab9e2d191354ce7db934bf08f2b50c31bad2a7874ac97af410c8ebfc0,3d6a6d84aa87083913c0215c69fd1966e4769aa520f8b342d7b37b7bcc9f0296
UNION_s1,objective,341,0.635706119515427,0.6276889725785558,0.008017146936871198,3.539935571718276e-07,normalized94_abs_anchor_delta94_identity1,5ca38ebab9e2d191354ce7db934bf08f2b50c31bad2a7874ac97af410c8ebfc0,6814cfe2478e6913bb93994699031adfca103419da3acdd293f2ed2954d59e28
UNION_s1,objective,342,0.6357061195127737,0.6276889805234478,0.008017138989325857,4.457942147003903e-07,normalized94_abs_anchor_delta94_identity1,5ca38ebab9e2d191354ce7db934bf08f2b50c31bad2a7874ac97af410c8ebfc0,800c1cc72195a6125e36d59e67871f36e4a4dca7def7bf7299cf6e23fc9581eb
UNION_s1,objective,343,0.635706119511371,0.6276889812081887,0.008017138303182346,5.434381683187222e-07,normalized94_abs_anchor_delta94_identity1,5ca38ebab9e2d191354ce7db934bf08f2b50c31bad2a7874ac97af410c8ebfc0,1924016b3d07b8313bd57f56bd42e4a32e6128edf2c915d31c89088cd9442516
UNION_s1,objective,344,0.6357061195103441,0.6276889785940923,0.00801714091625172,2.768827167760907e-07,normalized94_abs_anchor_delta94_identity1,5ca38ebab9e2d191354ce7db934bf08f2b50c31bad2a7874ac97af410c8ebfc0,c994f2d9cb167ad43996d904ae650fc63ad2e88fd497e2c068eb7013826023dc
UNION_s1,objective,345,0.6357061195096023,0.6276889752030491,0.008017144306553196,2.651238692680323e-07,normalized94_abs_anchor_delta94_identity1,5ca38ebab9e2d191354ce7db934bf08f2b50c31bad2a7874ac97af410c8ebfc0,b59e0e44b8f2e3319ea0f39022923a7d539817259129f9685feec3c85807879f
UNION_s1,objective,346,0.6357061195084329,0.6276889753739469,0.008017144134486114,6.013580891452201e-07,normalized94_abs_anchor_delta94_identity1,5ca38ebab9e2d191354ce7db934bf08f2b50c31bad2a7874ac97af410c8ebfc0,4b54c5185ad8043ee9d95118f9ecf9dce1859bbd95c03ca5cd2dfce07e1aa7a2
UNION_s1,objective,347,0.6357061195069704,0.6276889784369439,0.008017141070026452,3.085080809150299e-07,normalized94_abs_anchor_delta94_identity1,5ca38ebab9e2d191354ce7db934bf08f2b50c31bad2a7874ac97af410c8ebfc0,0c12599e354b1b4d88ad406dec75fd081270877326ff712e01768ecde4595ade
UNION_s1,objective,348,0.6357061195051882,0.6276889858347214,0.008017133670466695,2.948757824237493e-07,normalized94_abs_anchor_delta94_identity1,5ca38ebab9e2d191354ce7db934bf08f2b50c31bad2a7874ac97af410c8ebfc0,a64cf5394f06fb68ec24213a70396e4a013f69dbe501454ab049e1bd3508629b
UNION_s1,objective,349,0.6357061195038869,0.627688987419064,0.008017132084822938,3.1058897603718704e-07,normalized94_abs_anchor_delta94_identity1,5ca38ebab9e2d191354ce7db934bf08f2b50c31bad2a7874ac97af410c8ebfc0,fef748ab78f612c42d45784886120d103bd7133d2493683ba3b7974c2e739f3a
UNION_s1,objective,350,0.6357061195120334,0.6276890030166097,0.008017116495423658,3.6283708351630746e-06,normalized94_abs_anchor_delta94_identity1,5ca38ebab9e2d191354ce7db934bf08f2b50c31bad2a7874ac97af410c8ebfc0,8e91d6a82dc9ca80156320ffd84144af2aca76290f421deaa1e3ab63a8599ee4
UNION_s1,objective,351,0.635706119503512,0.6276889901213085,0.008017129382203492,6.250782807257781e-07,normalized94_abs_anchor_delta94_identity1,5ca38ebab9e2d191354ce7db934bf08f2b50c31bad2a7874ac97af410c8ebfc0,31d77b65fdf8143b0df04a735b2c25c2e1623cb0f70f60111a07fab949f16911
UNION_s1,objective,352,0.6357061195025702,0.6276889890306312,0.008017130471938966,2.639887166501305e-07,normalized94_abs_anchor_delta94_identity1,5ca38ebab9e2d191354ce7db934bf08f2b50c31bad2a7874ac97af410c8ebfc0,00b9b9ad7fc2626c44fa82248c4423136c1bb94f4518d7a25e490d24a1535e30
UNION_s1,objective,353,0.6357061195021451,0.6276889870193872,0.008017132482757861,2.061995657235692e-07,normalized94_abs_anchor_delta94_identity1,5ca38ebab9e2d191354ce7db934bf08f2b50c31bad2a7874ac97af410c8ebfc0,8a2a87726dfc532643fdba5b37c82a9918fc0059e5583aea169127fe55e718c1
UNION_s1,objective,354,0.6357061195013958,0.6276889845585333,0.008017134942862499,2.4019254827733083e-07,normalized94_abs_anchor_delta94_identity1,5ca38ebab9e2d191354ce7db934bf08f2b50c31bad2a7874ac97af410c8ebfc0,e74acbd15fbd1a4f0a320a9643ae5302436c5988f8327e74a8db96cf81ebf3c2
UNION_s1,objective,355,0.6357061195004392,0.6276889849137163,0.008017134586722903,3.3427070086209747e-07,normalized94_abs_anchor_delta94_identity1,5ca38ebab9e2d191354ce7db934bf08f2b50c31bad2a7874ac97af410c8ebfc0,383dcdeecda871c921982b1ec9388bc2520519ba2e54fdb593a4f8da03b31a69
UNION_s1,objective,356,0.6357061195020199,0.6276889790004672,0.008017140501552828,1.2749380550015642e-06,normalized94_abs_anchor_delta94_identity1,5ca38ebab9e2d191354ce7db934bf08f2b50c31bad2a7874ac97af410c8ebfc0,3de50c2fd17f6bf1eb237e47466bf3722002ba6a1e5b4968f04464211b106de4
UNION_s1,objective,357,0.6357061195000642,0.6276889831120179,0.008017136388046242,2.70659354929714e-07,normalized94_abs_anchor_delta94_identity1,5ca38ebab9e2d191354ce7db934bf08f2b50c31bad2a7874ac97af410c8ebfc0,41b76f6861969bebe365e11c72d714e969a29f9737af030cf32fc3335a2f6ee6
UNION_s1,objective,358,0.6357061194992907,0.6276889873932323,0.008017132106058396,2.0464784701044913e-07,normalized94_abs_anchor_delta94_identity1,5ca38ebab9e2d191354ce7db934bf08f2b50c31bad2a7874ac97af410c8ebfc0,be0f6fe5a2ae1fa1f102bdd72cb8030d413c7321a38c030784f105ce0d062f29
UNION_s1,objective,359,0.6357061194985271,0.6276889909369497,0.00801712856157729,2.2899437704662057e-07,normalized94_abs_anchor_delta94_identity1,5ca38ebab9e2d191354ce7db934bf08f2b50c31bad2a7874ac97af410c8ebfc0,caef08a0cd5a1827eeaa291f3a9a7f5003bb3259585c1d0c6e7d8b91eada7a94
UNION_s1,objective,360,0.6357061194979714,0.6276889952492952,0.008017124248676148,4.975152205765107e-07,normalized94_abs_anchor_delta94_identity1,5ca38ebab9e2d191354ce7db934bf08f2b50c31bad2a7874ac97af410c8ebfc0,b612f1a0014af8e22c9c4f9661e880f80e882a6e8d788c1a225959821fcf5967
UNION_s1,objective,361,0.6357061194973057,0.627688994196046,0.008017125301259805,1.589730292050485e-07,normalized94_abs_anchor_delta94_identity1,5ca38ebab9e2d191354ce7db934bf08f2b50c31bad2a7874ac97af410c8ebfc0,bf90a92dfd4d2480fce242775eb95bd3017783111e734d6c32876da9354a19f5
UNION_s1,objective,362,0.6357061194970933,0.6276889925528893,0.008017126944203996,1.5203388003694232e-07,normalized94_abs_anchor_delta94_identity1,5ca38ebab9e2d191354ce7db934bf08f2b50c31bad2a7874ac97af410c8ebfc0,2addc9606286ea09778ebaa6d359de7faa49d8ff1dae330fb7a3de23b2afd5f8
UNION_s1,objective,363,0.6357061194965019,0.6276889901106266,0.008017129385875295,2.3268738139495148e-07,normalized94_abs_anchor_delta94_identity1,5ca38ebab9e2d191354ce7db934bf08f2b50c31bad2a7874ac97af410c8ebfc0,339169ae9f21e4626f00f72e0bf0f9a846c54b52bc3d28e426bc38538ee8c299
UNION_s1,objective,364,0.6357061194978446,0.6276889837466589,0.00801713575118566,1.5846109683309777e-06,normalized94_abs_anchor_delta94_identity1,5ca38ebab9e2d191354ce7db934bf08f2b50c31bad2a7874ac97af410c8ebfc0,9d6377ad102c0239c82b4ad8d67b66c9a5304cc25e15697472df833135183e92
UNION_s1,objective,365,0.6357061194963087,0.6276889884443491,0.008017131051959702,3.4526177527506536e-07,normalized94_abs_anchor_delta94_identity1,5ca38ebab9e2d191354ce7db934bf08f2b50c31bad2a7874ac97af410c8ebfc0,0f355af83a76c5fc8340e3ae20cc1a4a04731951bb37e0df7796596d0d0c5cee
UNION_s1,objective,366,0.6357061194959813,0.6276889879820886,0.00801713151389273,1.7966370094761966e-07,normalized94_abs_anchor_delta94_identity1,5ca38ebab9e2d191354ce7db934bf08f2b50c31bad2a7874ac97af410c8ebfc0,ab678c78b4ba57e82838a41dc0e41fe7215a91da232fdd8564773657e1764546
UNION_s1,objective,367,0.6357061194957635,0.6276889883550473,0.00801713114071619,1.435247809626879e-07,normalized94_abs_anchor_delta94_identity1,5ca38ebab9e2d191354ce7db934bf08f2b50c31bad2a7874ac97af410c8ebfc0,3d088c9d5653ce934c681ce0a76f2cc9c16895e367d3a1985870979aec7243fe
UNION_s1,objective,368,0.6357061194954583,0.6276889880463977,0.00801713144906063,1.4641465535189748e-07,normalized94_abs_anchor_delta94_identity1,5ca38ebab9e2d191354ce7db934bf08f2b50c31bad2a7874ac97af410c8ebfc0,d18173fca2d3506101b1b79248ca768d4c7f155c5185d475fa5684f2250f5865
UNION_s1,objective,369,0.635706119495054,0.6276889865224146,0.008017132972639373,2.180435963939965e-07,normalized94_abs_anchor_delta94_identity1,5ca38ebab9e2d191354ce7db934bf08f2b50c31bad2a7874ac97af410c8ebfc0,200972da2a30e89f81414032509a98acaef9bb55e86f7eb90ce11075da5c5b0e
UNION_s1,objective,370,0.635706119494779,0.6276889824590646,0.008017137035714378,3.969917317027882e-07,normalized94_abs_anchor_delta94_identity1,5ca38ebab9e2d191354ce7db934bf08f2b50c31bad2a7874ac97af410c8ebfc0,e10987ed0a418d1879cb92c39bb7a2a78bc1a336fa5826ca57c737f3bc4711fd
UNION_s1,objective,371,0.6357061194944102,0.6276889821954647,0.008017137298945645,1.5305131719734472e-07,normalized94_abs_anchor_delta94_identity1,5ca38ebab9e2d191354ce7db934bf08f2b50c31bad2a7874ac97af410c8ebfc0,261d326b554d8aea0b282b889fdef0e98f8af57c937f95d2676c880061e3f663
UNION_s1,objective,372,0.6357061194941153,0.627688980802654,0.00801713869146129,1.9448530436625152e-07,normalized94_abs_anchor_delta94_identity1,5ca38ebab9e2d191354ce7db934bf08f2b50c31bad2a7874ac97af410c8ebfc0,d9232cc912627bd9bee300bc8044c84a0ddb3ce3e6ad4f4179b979246c08bd18
UNION_s1,objective,373,0.635706119493823,0.6276889791750103,0.008017140318812777,2.482630014754697e-07,normalized94_abs_anchor_delta94_identity1,5ca38ebab9e2d191354ce7db934bf08f2b50c31bad2a7874ac97af410c8ebfc0,29c8bbd4ae2ea9816180c2a6095a5ea4a5ae847e5be73868f16e4a62366e8908
UNION_s1,objective,374,0.6357061194934904,0.627688976679372,0.008017142814118526,2.1179068077749006e-07,normalized94_abs_anchor_delta94_identity1,5ca38ebab9e2d191354ce7db934bf08f2b50c31bad2a7874ac97af410c8ebfc0,668ced1db5a8be10cba6e52311b138ed1c82124bd33ba24af4d783f7822010b2
UNION_s1,objective,375,0.6357061194932125,0.627688975350074,0.008017144143138628,1.7079648429482128e-07,normalized94_abs_anchor_delta94_identity1,5ca38ebab9e2d191354ce7db934bf08f2b50c31bad2a7874ac97af410c8ebfc0,8d050719b2b8ff59cabadf25b056e971799bafd41dfc13cff82db475ad265bd1
UNION_s1,objective,376,0.6357061194930721,0.6276889758906773,0.00801714360239484,1.0446324792520446e-07,normalized94_abs_anchor_delta94_identity1,5ca38ebab9e2d191354ce7db934bf08f2b50c31bad2a7874ac97af410c8ebfc0,528627edbaa5805e83cbf959dd522358e0332ec9dcd7879d149a12121cfd7d22
UNION_s1,objective,377,0.6357061194929592,0.6276889763338849,0.008017143159074331,1.4632352106917124e-07,normalized94_abs_anchor_delta94_identity1,5ca38ebab9e2d191354ce7db934bf08f2b50c31bad2a7874ac97af410c8ebfc0,e4c454dab398f8e72321390f272f6f5352ff84d154b5e2e00018d069e2f6a26b
UNION_s1,objective,378,0.6357061194930042,0.6276889769946343,0.008017142498369814,4.6643112246750323e-07,normalized94_abs_anchor_delta94_identity1,5ca38ebab9e2d191354ce7db934bf08f2b50c31bad2a7874ac97af410c8ebfc0,cac118c5722c895cc62e223d4e740c6550608b3af3e6094e7702358be74694ca
UNION_s1,objective,379,0.6357061194929123,0.6276889766091097,0.008017142883802661,1.66776964846354e-07,normalized94_abs_anchor_delta94_identity1,5ca38ebab9e2d191354ce7db934bf08f2b50c31bad2a7874ac97af410c8ebfc0,e0f163d148cb830ff82f3a484fb9e7c75749e21ad9442fcc47f82f417ac0c862
UNION_s1,objective,380,0.6357061194928691,0.627688976405975,0.008017143086894175,1.3170932222205674e-07,normalized94_abs_anchor_delta94_identity1,5ca38ebab9e2d191354ce7db934bf08f2b50c31bad2a7874ac97af410c8ebfc0,916baebb95ee4e56b2630eefa0e6fb2031f1e1407f5ac4099a21c73b6ad6413a
UNION_s1,objective,381,0.6357061194927356,0.6276889753210049,0.00801714417173075,8.897775003921625e-08,normalized94_abs_anchor_delta94_identity1,5ca38ebab9e2d191354ce7db934bf08f2b50c31bad2a7874ac97af410c8ebfc0,b66da20a94bb73628e1d383fb201c79fa12fe2c0054cc41b6722901a4451ff74
UNION_s1,objective,382,0.6357061194926797,0.6276889750241602,0.008017144468519555,9.898938407709239e-08,normalized94_abs_anchor_delta94_identity1,5ca38ebab9e2d191354ce7db934bf08f2b50c31bad2a7874ac97af410c8ebfc0,b771d2928884ec2bce0df601fb55bb494bbddaf3cea67ed4d242c1708fe9a9ea
UNION_s1,objective,383,0.6357061194925288,0.6276889741529156,0.008017145339613148,3.845975471673743e-07,normalized94_abs_anchor_delta94_identity1,5ca38ebab9e2d191354ce7db934bf08f2b50c31bad2a7874ac97af410c8ebfc0,ce29675b270e4153f0892d4dc2dd61b4c8e5d9129ee2bdd5a98586edd6e3126f
UNION_s1,objective,384,0.635706119492375,0.6276889737601395,0.008017145732235446,1.018955932112535e-07,normalized94_abs_anchor_delta94_identity1,5ca38ebab9e2d191354ce7db934bf08f2b50c31bad2a7874ac97af410c8ebfc0,14dc7eeece444c64573c69644a330a48d4b3a88d28613187bb4895a95461b8c3
UNION_s1,objective,385,0.6357061194923359,0.627688974063523,0.008017145428812949,6.633949781201384e-08,normalized94_abs_anchor_delta94_identity1,5ca38ebab9e2d191354ce7db934bf08f2b50c31bad2a7874ac97af410c8ebfc0,a52a8f17a084dbcc0a63708ab283746b1de07ee1b61c83b228528d163e321dd1
UNION_s1,objective,386,0.635706119492293,0.6276889741955962,0.008017145296696806,6.518048281666764e-08,normalized94_abs_anchor_delta94_identity1,5ca38ebab9e2d191354ce7db934bf08f2b50c31bad2a7874ac97af410c8ebfc0,01c2b2ab675f408dc85d395a91997f6df8e26f1c8a6a6188569128062b4d9d78
UNION_s1,objective,387,0.6357061194922157,0.6276889740604004,0.008017145431815299,7.77579659940669e-08,normalized94_abs_anchor_delta94_identity1,5ca38ebab9e2d191354ce7db934bf08f2b50c31bad2a7874ac97af410c8ebfc0,91e90b055ecb1f0aceb597cfed51edfc40c7acc4d6284d3724061b8171fff313
UNION_s1,objective,388,0.6357061194920629,0.6276889734195895,0.00801714607247341,8.21449091656883e-08,normalized94_abs_anchor_delta94_identity1,5ca38ebab9e2d191354ce7db934bf08f2b50c31bad2a7874ac97af410c8ebfc0,65a6ed444ea70158d15018c519c41019c6e803a5aa305fbc85e9c48c7b9a3de8
UNION_s1,objective,389,0.635706119492109,0.6276889721629726,0.008017147329136406,3.509767918661663e-07,normalized94_abs_anchor_delta94_identity1,5ca38ebab9e2d191354ce7db934bf08f2b50c31bad2a7874ac97af410c8ebfc0,6768198aa85522b905f84ad25c80ba4d945af6b812351245f69d18d4f2a929eb
UNION_s1,objective,390,0.6357061194919963,0.6276889728732656,0.008017146618730694,1.7980283998689888e-07,normalized94_abs_anchor_delta94_identity1,5ca38ebab9e2d191354ce7db934bf08f2b50c31bad2a7874ac97af410c8ebfc0,47932af30229624f03aafd56970d96fbb4286b15b27e19232b81be53ba0a2e69
UNION_s1,objective,391,0.6357061194918769,0.6276889722992464,0.008017147192630619,1.1267914119212106e-07,normalized94_abs_anchor_delta94_identity1,5ca38ebab9e2d191354ce7db934bf08f2b50c31bad2a7874ac97af410c8ebfc0,60a884a36a90a507e821da06c580f8af11ae03d7689359cdb924289f4b2365bb
UNION_s1,objective,392,0.6357061194919601,0.6276889723585078,0.008017147133452262,4.2040153306531496e-07,normalized94_abs_anchor_delta94_identity1,5ca38ebab9e2d191354ce7db934bf08f2b50c31bad2a7874ac97af410c8ebfc0,2d7fc83191d96493729066652db4d75e196eb6cb41da74f7902939e1bdef9109
UNION_s1,objective,393,0.6357061194918542,0.6276889723179871,0.008017147173867015,1.0175667343611584e-07,normalized94_abs_anchor_delta94_identity1,5ca38ebab9e2d191354ce7db934bf08f2b50c31bad2a7874ac97af410c8ebfc0,bf4fde8c9a13117ff6d4bcc246a3ca68cf002b2cb117655e5e9f2918978b767b
UNION_s1,objective,394,0.6357061194918139,0.6276889721692829,0.008017147322530994,6.488647841032411e-08,normalized94_abs_anchor_delta94_identity1,5ca38ebab9e2d191354ce7db934bf08f2b50c31bad2a7874ac97af410c8ebfc0,fbd001d29fd6ccbd6a8e70758acdd6191ae64e717f08f6124547acdffea4da80
UNION_s1,objective,395,0.6357061194917727,0.627688972327765,0.008017147164007738,5.6655744322386244e-08,normalized94_abs_anchor_delta94_identity1,5ca38ebab9e2d191354ce7db934bf08f2b50c31bad2a7874ac97af410c8ebfc0,ad5992cc386fc892d4fbe17483a27bae5b337ae106fb4a602c207b23d6087b1f
UNION_s1,objective,396,0.6357061194916716,0.6276889727987677,0.008017146692903881,7.206655272057508e-08,normalized94_abs_anchor_delta94_identity1,5ca38ebab9e2d191354ce7db934bf08f2b50c31bad2a7874ac97af410c8ebfc0,51d38cfa30c315840a9074939ab6d50fa8d6fbe9aa5f8dbad81b3d67911b89b1
UNION_s1,objective,397,0.6357061194916268,0.6276889734466371,0.008017146044989695,2.96480914071849e-07,normalized94_abs_anchor_delta94_identity1,5ca38ebab9e2d191354ce7db934bf08f2b50c31bad2a7874ac97af410c8ebfc0,95b38c9bc5e8be4d5e24791e10d705f6fcd19f2a1879e1d70696164f4c72412d
UNION_s1,objective,398,0.6357061194915327,0.6276889737095745,0.008017145781958128,6.91371547865611e-08,normalized94_abs_anchor_delta94_identity1,5ca38ebab9e2d191354ce7db934bf08f2b50c31bad2a7874ac97af410c8ebfc0,8088e72d1a23212514cfa9cf558c7ab05ae79ff0d55639bb171ad1dffb1a3d84
UNION_s1,objective,399,0.6357061194915107,0.6276889737205588,0.008017145770951944,5.25386542738732e-08,normalized94_abs_anchor_delta94_identity1,5ca38ebab9e2d191354ce7db934bf08f2b50c31bad2a7874ac97af410c8ebfc0,ee18d77f384116b259eb268992766a80d95bf32eb2aecf4fd2dbbe426ea703c4
UNION_s1,objective,400,0.6357061194914905,0.6276889737840945,0.008017145707395973,5.125453019031264e-08,normalized94_abs_anchor_delta94_identity1,5ca38ebab9e2d191354ce7db934bf08f2b50c31bad2a7874ac97af410c8ebfc0,f12c9680f0ac2f545947cdbec771a6437fb72feac6445dff4d4bf08598852265
UNION_s1,objective,401,0.6357061194914443,0.6276889740185092,0.00801714547293503,4.8961463671368276e-08,normalized94_abs_anchor_delta94_identity1,5ca38ebab9e2d191354ce7db934bf08f2b50c31bad2a7874ac97af410c8ebfc0,8ef152565466c520aa6ced374d247ef0128a6b67292ff0447122f7ec01b5c637
UNION_s1,objective,402,0.6357061194913624,0.6276889747543798,0.00801714473698261,5.87186721452394e-08,normalized94_abs_anchor_delta94_identity1,5ca38ebab9e2d191354ce7db934bf08f2b50c31bad2a7874ac97af410c8ebfc0,3a75b9119ce0d419db6f98359e0fe93b4bb065b169ac73d7bfe15f92c4cc143a
UNION_s1,objective,403,0.6357061194915725,0.6276889753838611,0.00801714410771137,2.6404190289140836e-07,normalized94_abs_anchor_delta94_identity1,5ca38ebab9e2d191354ce7db934bf08f2b50c31bad2a7874ac97af410c8ebfc0,aea81b4a722e6958f05adf8253307bed3c61a28bc8cffe0936809d7ea590c560
UNION_s1,objective,404,0.6357061194913258,0.6276889749291585,0.008017144562167334,8.306097451759694e-08,normalized94_abs_anchor_delta94_identity1,5ca38ebab9e2d191354ce7db934bf08f2b50c31bad2a7874ac97af410c8ebfc0,b54bea38b917d054051ebc006a33f3c189f2b9210f9465f1e17c10694303fae0
UNION_s1,objective,405,0.6357061194912854,0.6276889753373021,0.008017144153983363,6.244663576694949e-08,normalized94_abs_anchor_delta94_identity1,5ca38ebab9e2d191354ce7db934bf08f2b50c31bad2a7874ac97af410c8ebfc0,b437110d63b99e7ca2b60313803d18df314f743b32f4cede517345db3a61ae1f
UNION_s1,objective,406,0.6357061194912799,0.6276889755795594,0.008017143911720493,1.5795672887320723e-07,normalized94_abs_anchor_delta94_identity1,5ca38ebab9e2d191354ce7db934bf08f2b50c31bad2a7874ac97af410c8ebfc0,e346660b21352cc17d8db9af424084aa4e6b2c9087b8d4b2935da8b929e209d7
UNION_s1,objective,407,0.6357061194912583,0.6276889755634975,0.008017143927760846,5.160132926202532e-08,normalized94_abs_anchor_delta94_identity1,5ca38ebab9e2d191354ce7db934bf08f2b50c31bad2a7874ac97af410c8ebfc0,0eefd3d5145faf625063038b20204b8b01636726e1f7bc6830cf11e1b501cbd4
UNION_s1,objective,408,0.6357061194912517,0.6276889755820382,0.008017143909213537,3.16608628956607e-08,normalized94_abs_anchor_delta94_identity1,5ca38ebab9e2d191354ce7db934bf08f2b50c31bad2a7874ac97af410c8ebfc0,0feffa88efc85dfda762fa1e22614190d000607582963fbefc8890f54658f134
UNION_s2,objective,1,1.3857607605189974,1.3857607605189974,0.0,4.984248573375187,normalized94_abs_anchor_delta94_identity1,5ca38ebab9e2d191354ce7db934bf08f2b50c31bad2a7874ac97af410c8ebfc0,db725b42e2cd89e9cb7e9380e022e26d86f343e11195db88002ac0fe269834f1
UNION_s2,objective,2,0.761327054723832,0.761277054723832,4.9999999999999996e-05,0.16857773376637442,normalized94_abs_anchor_delta94_identity1,5ca38ebab9e2d191354ce7db934bf08f2b50c31bad2a7874ac97af410c8ebfc0,fa047765e9ac159bca39a2d2ef1126959be9a64ce955414897b1b3c20a2c4098
UNION_s2,objective,3,0.7559975746684393,0.7559505071575388,4.706751090052403e-05,0.15952045851943034,normalized94_abs_anchor_delta94_identity1,5ca38ebab9e2d191354ce7db934bf08f2b50c31bad2a7874ac97af410c8ebfc0,805bcd31b9bb6935fb97c83119ec7227ec0799d4d484c41de86b55f986e22762
UNION_s2,objective,4,0.7379969467718782,0.737960553501081,3.639327079721616e-05,0.11984152884083665,normalized94_abs_anchor_delta94_identity1,5ca38ebab9e2d191354ce7db934bf08f2b50c31bad2a7874ac97af410c8ebfc0,fa7f3d3ef13cea68955ac514239af1e200b18d601b17c75f1c62edcf014553f2
UNION_s2,objective,5,0.7276057933356314,0.7275876478973005,1.8145438330900632e-05,0.26619539867569225,normalized94_abs_anchor_delta94_identity1,5ca38ebab9e2d191354ce7db934bf08f2b50c31bad2a7874ac97af410c8ebfc0,c89b18ef35296d1f4962013eda72ae4896850c01693bf1a95ca22187fbf417f4
UNION_s2,objective,6,0.717957746711023,0.7179324184941575,2.5328216865530107e-05,0.0687945761685301,normalized94_abs_anchor_delta94_identity1,5ca38ebab9e2d191354ce7db934bf08f2b50c31bad2a7874ac97af410c8ebfc0,27f2f1bedcbe507c31a255e6503c97d627ad3b52c82a1f3522b594b0b7caf571
UNION_s2,objective,7,0.7080059718853176,0.7079808590348398,2.5112850477762833e-05,0.1396356123568193,normalized94_abs_anchor_delta94_identity1,5ca38ebab9e2d191354ce7db934bf08f2b50c31bad2a7874ac97af410c8ebfc0,d03d25d02e9398cf46b9a9a0277c140a652011589e2f041e318973fa9db30be0
UNION_s2,objective,8,0.6987264289738607,0.6986942936986851,3.213527517563191e-05,0.0657252990570517,normalized94_abs_anchor_delta94_identity1,5ca38ebab9e2d191354ce7db934bf08f2b50c31bad2a7874ac97af410c8ebfc0,70e7addbcf062bdd3b9d1d3c65e89ce1f4d6da3910291a33d4c1cde97b2def54
UNION_s2,objective,9,0.687976287012381,0.6879142803911773,6.200662120367688e-05,0.04548754102250657,normalized94_abs_anchor_delta94_identity1,5ca38ebab9e2d191354ce7db934bf08f2b50c31bad2a7874ac97af410c8ebfc0,9ce75f66e1341e69f20dc1a93a72f24c621c2acafcc74e63efc97c4f0c8f3244
UNION_s2,objective,10,0.6803633754336499,0.6802778093342254,8.55660994244975e-05,0.03595305923751109,normalized94_abs_anchor_delta94_identity1,5ca38ebab9e2d191354ce7db934bf08f2b50c31bad2a7874ac97af410c8ebfc0,a3285a619e8f457ff54926ed75010a1e18531777929c6e230ab7a47eead35ba1
UNION_s2,objective,11,0.6697530623856114,0.6695940935918676,0.00015896879374381365,0.027432760201956466,normalized94_abs_anchor_delta94_identity1,5ca38ebab9e2d191354ce7db934bf08f2b50c31bad2a7874ac97af410c8ebfc0,b158ca7e789eed99114c9ae9afe0596d371a9ea3e9d989ce702bc001da935daa
UNION_s2,objective,12,0.6644467934207577,0.6642085147659572,0.00023827865480053495,0.019364556121931595,normalized94_abs_anchor_delta94_identity1,5ca38ebab9e2d191354ce7db934bf08f2b50c31bad2a7874ac97af410c8ebfc0,258374ef3e5e253072f3bd5e7c70020229aa3487c9f3d41c3ba9d560c959a228
UNION_s2,objective,13,0.6591034328881823,0.6587373735819614,0.0003660593062209394,0.0208813877194921,normalized94_abs_anchor_delta94_identity1,5ca38ebab9e2d191354ce7db934bf08f2b50c31bad2a7874ac97af410c8ebfc0,d88723cea6cb1b912db002f0dae42451579f4ac7d565a66e84b1bae52c917bbc
UNION_s2,objective,14,0.6564297185000475,0.6558729913830738,0.0005567271169737059,0.03120148849006571,normalized94_abs_anchor_delta94_identity1,5ca38ebab9e2d191354ce7db934bf08f2b50c31bad2a7874ac97af410c8ebfc0,e63cec55c5d30203b2c9525ae2c1f5557d690721358cc6a49e44ee0cb68d1450
UNION_s2,objective,15,0.6539482085685933,0.6534118485982123,0.0005363599703808882,0.012578092124227452,normalized94_abs_anchor_delta94_identity1,5ca38ebab9e2d191354ce7db934bf08f2b50c31bad2a7874ac97af410c8ebfc0,25b9f50581ea37331db6625a87b6b8c40cd8bc588dba2915b8fb68b0a32100cc
UNION_s2,objective,16,0.6525915727617057,0.6520443265776998,0.0005472461840057843,0.011029405448576559,normalized94_abs_anchor_delta94_identity1,5ca38ebab9e2d191354ce7db934bf08f2b50c31bad2a7874ac97af410c8ebfc0,c9c1be34e0c9d933c2cd850f408dc0ad9dae91b6fe485171cf5cf96629b70168
UNION_s2,objective,17,0.6512454869748616,0.6506577268467989,0.0005877601280627185,0.015476387221405525,normalized94_abs_anchor_delta94_identity1,5ca38ebab9e2d191354ce7db934bf08f2b50c31bad2a7874ac97af410c8ebfc0,58bb633c61371da9693b530fafab04ca788326c231c40eace38913910529204c
UNION_s2,objective,18,0.6485506110748552,0.6477873569574802,0.0007632541173750175,0.014841940798414829,normalized94_abs_anchor_delta94_identity1,5ca38ebab9e2d191354ce7db934bf08f2b50c31bad2a7874ac97af410c8ebfc0,8749bdf2fe773c2057f6e3904748752d25270e9fd8a024ce91403d65232b4375
UNION_s2,objective,19,0.6497432832753564,0.6486385921148737,0.0011046911604826366,0.09045335312657926,normalized94_abs_anchor_delta94_identity1,5ca38ebab9e2d191354ce7db934bf08f2b50c31bad2a7874ac97af410c8ebfc0,28ae032768f9cb00e97997f737693307f9498dda5b1f64ea71f5fa1ec8d8a5e3
UNION_s2,objective,20,0.6475907083923111,0.6467114149362401,0.0008792934560710494,0.0437182658585664,normalized94_abs_anchor_delta94_identity1,5ca38ebab9e2d191354ce7db934bf08f2b50c31bad2a7874ac97af410c8ebfc0,8517cc87bced1782ee4e2cee954c287277897f8193f17a8b3a5441e6eea94c69
UNION_s2,objective,21,0.6458014308761009,0.6447444379035058,0.0010569929725951495,0.026421978927208947,normalized94_abs_anchor_delta94_identity1,5ca38ebab9e2d191354ce7db934bf08f2b50c31bad2a7874ac97af410c8ebfc0,3c295ef0083e6fc5a370461f2af53a956347a66c3215e2953220f78afbf6757b
UNION_s2,objective,22,0.6441822447826416,0.64294918447812,0.001233060304521585,0.011728893258085118,normalized94_abs_anchor_delta94_identity1,5ca38ebab9e2d191354ce7db934bf08f2b50c31bad2a7874ac97af410c8ebfc0,5a9846f9d26d2db0c00b2e801dc8b0c05b3cf010c8655caed4d6186eee580771
UNION_s2,objective,23,0.6432035004987913,0.6418577653611872,0.0013457351376040304,0.012965878508668972,normalized94_abs_anchor_delta94_identity1,5ca38ebab9e2d191354ce7db934bf08f2b50c31bad2a7874ac97af410c8ebfc0,b2689c78d98015471586a42f17171ad58a7aed26f15e94e1c31356d0b709dc8e
UNION_s2,objective,24,0.6418608806821002,0.6403718989926197,0.0014889816894805444,0.014745753017068023,normalized94_abs_anchor_delta94_identity1,5ca38ebab9e2d191354ce7db934bf08f2b50c31bad2a7874ac97af410c8ebfc0,fb15673cf01ab0054b29e7a15b177b0837c2b60a9e63add98077bd97fb38f10b
UNION_s2,objective,25,0.6399864034713886,0.6380797568376352,0.001906646633753388,0.014622100761088117,normalized94_abs_anchor_delta94_identity1,5ca38ebab9e2d191354ce7db934bf08f2b50c31bad2a7874ac97af410c8ebfc0,cf543e95ed56148d5bdbeb9f1acefc92bfa7a4e1ea40e2cd5222fc3c1759a05e
UNION_s2,objective,26,0.6398239543054028,0.6374551412728802,0.0023688130325226924,0.026406125710629214,normalized94_abs_anchor_delta94_identity1,5ca38ebab9e2d191354ce7db934bf08f2b50c31bad2a7874ac97af410c8ebfc0,1fe5fab90ba77086fdce9dc0ae00719d1463407b5d416b622ca563e4003367a9
UNION_s2,objective,27,0.6389705242411678,0.636838246290983,0.0021322779501848355,0.012829320554944615,normalized94_abs_anchor_delta94_identity1,5ca38ebab9e2d191354ce7db934bf08f2b50c31bad2a7874ac97af410c8ebfc0,733926ac27662994c1ac1c6503df847124d797eaf6ccbf2d8ff71279a8e950b3
UNION_s2,objective,28,0.6381667372465507,0.6359349854354728,0.002231751811077912,0.007497028619705525,normalized94_abs_anchor_delta94_identity1,5ca38ebab9e2d191354ce7db934bf08f2b50c31bad2a7874ac97af410c8ebfc0,b77dc8bbd986e88e3f74e7feebe2998350dfccadf97cdf0797fd88dc527c62ca
UNION_s2,objective,29,0.6372369639146247,0.6348429055695631,0.002394058345061564,0.009628291353559859,normalized94_abs_anchor_delta94_identity1,5ca38ebab9e2d191354ce7db934bf08f2b50c31bad2a7874ac97af410c8ebfc0,6c9bcedf1d8dcddf3cac3fca5ae6ecc1d558ec7880be53506e957136d66593f7
UNION_s2,objective,30,0.6364716179215405,0.6339080493264061,0.002563568595134368,0.00866656719312246,normalized94_abs_anchor_delta94_identity1,5ca38ebab9e2d191354ce7db934bf08f2b50c31bad2a7874ac97af410c8ebfc0,a01380cdc4e76f58a3b365c51f18dfafc69d9d969db8ac3c01c6d60639ac3311
UNION_s2,objective,31,0.6355448132637096,0.6325091025132503,0.003035710750459272,0.010519389374323486,normalized94_abs_anchor_delta94_identity1,5ca38ebab9e2d191354ce7db934bf08f2b50c31bad2a7874ac97af410c8ebfc0,84a00026d68d69d507538016e929800fc1d26a2ccd78f8efba66355a7af7b4b2
UNION_s2,objective,32,0.6348550969823492,0.6317314602742128,0.0031236367081364175,0.008775253238857889,normalized94_abs_anchor_delta94_identity1,5ca38ebab9e2d191354ce7db934bf08f2b50c31bad2a7874ac97af410c8ebfc0,715e16d520170f0e6f9d26e610ca59131fa9882b5e24220e9fc67c333fc1e322
UNION_s2,objective,33,0.634963223015448,0.6316869220318437,0.003276300983604304,0.026280333559769196,normalized94_abs_anchor_delta94_identity1,5ca38ebab9e2d191354ce7db934bf08f2b50c31bad2a7874ac97af410c8ebfc0,137b6beb9b81f9d965fc9e23198528b2a1a253692cb64eb9bb4636fabbfb32d0
UNION_s2,objective,34,0.6346989784951744,0.6315106372225556,0.003188341272618764,0.009793823876370185,normalized94_abs_anchor_delta94_identity1,5ca38ebab9e2d191354ce7db934bf08f2b50c31bad2a7874ac97af410c8ebfc0,d072d0f2af0f260775ad94ea5b1109245147540f6443a3b3a1db9307e04fadaf
UNION_s2,objective,35,0.6344584099080408,0.6312825157545551,0.0031758941534856984,0.0057351661045880594,normalized94_abs_anchor_delta94_identity1,5ca38ebab9e2d191354ce7db934bf08f2b50c31bad2a7874ac97af410c8ebfc0,d639314cf4578f86a116e42c12b0c0b0ab0dd9195ae3aab60c4a1f35ed493e9a
UNION_s2,objective,36,0.634179637287523,0.630995577754264,0.003184059533259024,0.005018533091525591,normalized94_abs_anchor_delta94_identity1,5ca38ebab9e2d191354ce7db934bf08f2b50c31bad2a7874ac97af410c8ebfc0,2458894dad95f5abb999cb7edaf49d9e4c1bd6a2e74eb8ab6871825234527ffe
UNION_s2,objective,37,0.6337716599119181,0.6305199256059199,0.003251734305998192,0.006903667428558381,normalized94_abs_anchor_delta94_identity1,5ca38ebab9e2d191354ce7db934bf08f2b50c31bad2a7874ac97af410c8ebfc0,a63ba2c4788faed90438b525b98269a31e1c7d33b73ed8499a86353c4123b64c
UNION_s2,objective,38,0.633089765322223,0.6296181265360555,0.0034716387861675494,0.00821100164900424,normalized94_abs_anchor_delta94_identity1,5ca38ebab9e2d191354ce7db934bf08f2b50c31bad2a7874ac97af410c8ebfc0,d36cae7cf51c0a0ed066f550ce4ecb86f0d946fc894ef1c294e2287ee7dd0ea3
UNION_s2,objective,39,0.6321852898673417,0.6283160556292229,0.0038692342381188172,0.009342269261007403,normalized94_abs_anchor_delta94_identity1,5ca38ebab9e2d191354ce7db934bf08f2b50c31bad2a7874ac97af410c8ebfc0,df0f756afa0081da90e82a2788d1cb2df858a0867aaeaef682cd972d876a99e9
UNION_s2,objective,40,0.6328301909593163,0.6281486274528292,0.0046815635064870595,0.023890149875987757,normalized94_abs_anchor_delta94_identity1,5ca38ebab9e2d191354ce7db934bf08f2b50c31bad2a7874ac97af410c8ebfc0,f36e8369574273247095bbaca9e5d44539bd08e7ca8e3c735dea5cde3f811750
UNION_s2,objective,41,0.6318012623759064,0.6276456408782609,0.004155621497645443,0.0073742406772522,normalized94_abs_anchor_delta94_identity1,5ca38ebab9e2d191354ce7db934bf08f2b50c31bad2a7874ac97af410c8ebfc0,8580bf1a618aab62599d8132570a2d65b098c4227df73e944b1933929c586bec
UNION_s2,objective,42,0.6313914277155271,0.6269875473990367,0.004403880316490468,0.00399515871145385,normalized94_abs_anchor_delta94_identity1,5ca38ebab9e2d191354ce7db934bf08f2b50c31bad2a7874ac97af410c8ebfc0,8b54624e2bd61a4f561635d56e1cb1df47be133e1429ac5be780d2a90f2c6c18
UNION_s2,objective,43,0.6311550306913573,0.6266668942904757,0.00448813640088151,0.006200254910293796,normalized94_abs_anchor_delta94_identity1,5ca38ebab9e2d191354ce7db934bf08f2b50c31bad2a7874ac97af410c8ebfc0,68994205fd0ff77806126e5e3458b94b7a67b6be0aedbb78d8f98c0cbaf28dbe
UNION_s2,objective,44,0.6309588926209493,0.6263611450754862,0.004597747545462997,0.004843875880648178,normalized94_abs_anchor_delta94_identity1,5ca38ebab9e2d191354ce7db934bf08f2b50c31bad2a7874ac97af410c8ebfc0,895b49cec620f6c2a4a97cf138e28f737f4d84595d71e95f8178ca1d955ea30f
UNION_s2,objective,45,0.6305420373025051,0.6257026059960848,0.004839431306420237,0.0037387567102881735,normalized94_abs_anchor_delta94_identity1,5ca38ebab9e2d191354ce7db934bf08f2b50c31bad2a7874ac97af410c8ebfc0,1fdb24e344d1827b4ad598f9184d5328990b69dde4b5b686a6ce3cfc4ddef248
UNION_s2,objective,46,0.630370080713343,0.6251330000453907,0.0052370806679522194,0.019118422062182026,normalized94_abs_anchor_delta94_identity1,5ca38ebab9e2d191354ce7db934bf08f2b50c31bad2a7874ac97af410c8ebfc0,a41e6879456e8dad0ca936a1f4500c1973b012bbfb07d58ac0f26457d981dda9
UNION_s2,objective,47,0.6300023208288145,0.6245446806230313,0.005457640205783262,0.0063319087406864105,normalized94_abs_anchor_delta94_identity1,5ca38ebab9e2d191354ce7db934bf08f2b50c31bad2a7874ac97af410c8ebfc0,ccfb5a778ad8aadae905c2266b2a2e3fe0cedf6d13feba910a3e44388c8b0808
UNION_s2,objective,48,0.6299042462288602,0.6245688895845476,0.0053353566443126626,0.0044844796726658,normalized94_abs_anchor_delta94_identity1,5ca38ebab9e2d191354ce7db934bf08f2b50c31bad2a7874ac97af410c8ebfc0,31b2489251f35647598b41cf25080f9ca3cd5bce6d6a44a4c879a3a4b13028fe
UNION_s2,objective,49,0.6297096878811963,0.6243544702441544,0.005355217637041918,0.0031351014801439606,normalized94_abs_anchor_delta94_identity1,5ca38ebab9e2d191354ce7db934bf08f2b50c31bad2a7874ac97af410c8ebfc0,81e2f624b5d789c89a2ad3145b44e3ebe1965b8d536d128377217763f630df78
UNION_s2,objective,50,0.6294549039235451,0.6239551306156852,0.005499773307859925,0.0042645682313942,normalized94_abs_anchor_delta94_identity1,5ca38ebab9e2d191354ce7db934bf08f2b50c31bad2a7874ac97af410c8ebfc0,4c32cf8c760feea143bdc23025ac26bcf87fd0ed1e83d062e9247d6475a8f644
UNION_s2,objective,51,0.6291975347927435,0.6235003971177642,0.005697137674979401,0.0044766736570735,normalized94_abs_anchor_delta94_identity1,5ca38ebab9e2d191354ce7db934bf08f2b50c31bad2a7874ac97af410c8ebfc0,6b168ac5c0cfdb366c0c6e0bb7de6d1a136299d1fa8df03a67f007d2854faf70
UNION_s2,objective,52,0.6297823318947888,0.623799142016635,0.0059831898781538715,0.016134834872223502,normalized94_abs_anchor_delta94_identity1,5ca38ebab9e2d191354ce7db934bf08f2b50c31bad2a7874ac97af410c8ebfc0,4be104f1fbb63c2d90ea7b447a87755508b187e93a43f8aa99090ccba6e93626
UNION_s2,objective,53,0.6291055858555918,0.6233381155656573,0.005767470289934514,0.0038157505844429816,normalized94_abs_anchor_delta94_identity1,5ca38ebab9e2d191354ce7db934bf08f2b50c31bad2a7874ac97af410c8ebfc0,3e6374bacc8fa87f7f429bb449812178d305ba4f69aa89a74a44543bbd948e9c
UNION_s2,objective,54,0.6289814154888659,0.6230330868208234,0.005948328668042461,0.0024188983524443,normalized94_abs_anchor_delta94_identity1,5ca38ebab9e2d191354ce7db934bf08f2b50c31bad2a7874ac97af410c8ebfc0,d33c357bc7edfbe487b2f4955634f94f7a97d2084c6c14b71c987eda96484634
UNION_s2,objective,55,0.6289008263204872,0.6228848391131171,0.006015987207370037,0.0024537291888389492,normalized94_abs_anchor_delta94_identity1,5ca38ebab9e2d191354ce7db934bf08f2b50c31bad2a7874ac97af410c8ebfc0,51e9b1ec20c08d33413b1165768c20f7bbcfcfa702879eabed62e2a72e7a372c
UNION_s2,objective,56,0.6287825815141359,0.6226713519567236,0.006111229557412285,0.0028725473496880377,normalized94_abs_anchor_delta94_identity1,5ca38ebab9e2d191354ce7db934bf08f2b50c31bad2a7874ac97af410c8ebfc0,9fb7ed7e39f4beb2f7293f2f8d6df77b58c466854d72daf441e5a3d0ccb938ce
UNION_s2,objective,57,0.6286200595909384,0.6223377285542727,0.006282331036665639,0.0022488981676754816,normalized94_abs_anchor_delta94_identity1,5ca38ebab9e2d191354ce7db934bf08f2b50c31bad2a7874ac97af410c8ebfc0,db710298fd00d1b3128097d0896255caa4fae82a095b724ebde78f6359c6c5df
UNION_s2,objective,58,0.6285721112623603,0.6224473095012149,0.006124801761145475,0.00640739084260255,normalized94_abs_anchor_delta94_identity1,5ca38ebab9e2d191354ce7db934bf08f2b50c31bad2a7874ac97af410c8ebfc0,f5f3a484fa4529234bb6fdedfa650b8aa25975884d1405554c290aae95eac1b4
UNION_s2,objective,59,0.6289676358953145,0.6227174071633503,0.006250228731964179,0.027154897398333096,normalized94_abs_anchor_delta94_identity1,5ca38ebab9e2d191354ce7db934bf08f2b50c31bad2a7874ac97af410c8ebfc0,eecd063223a8edf9b8c7401cd87b31003eb069a3f6f095b3507fbc47a22905b7
UNION_s2,objective,60,0.6285447872932598,0.6223952626249182,0.006149524668341663,0.002685374003160851,normalized94_abs_anchor_delta94_identity1,5ca38ebab9e2d191354ce7db934bf08f2b50c31bad2a7874ac97af410c8ebfc0,20c06717fe56dc0a362051f939dad1df8c4d615afab8d1438688a45c591e0a43
UNION_s2,objective,61,0.6284953182973623,0.6222583857572105,0.006236932540151826,0.0022345287068174812,normalized94_abs_anchor_delta94_identity1,5ca38ebab9e2d191354ce7db934bf08f2b50c31bad2a7874ac97af410c8ebfc0,52586e43360ceb8894d535b58f38291dae13a90942bba381a90d9b7c1c6c8d75
UNION_s2,objective,62,0.6284250864081026,0.6220052659797045,0.006419820428398041,0.0019005873919460054,normalized94_abs_anchor_delta94_identity1,5ca38ebab9e2d191354ce7db934bf08f2b50c31bad2a7874ac97af410c8ebfc0,a65ccc1f15e0075b3cf49e16d9bf0e9c1326a5e1ca2c4b280ec210052c153f0f
UNION_s2,objective,63,0.6283585421223846,0.6217577110614276,0.006600831060956984,0.0012843289210639575,normalized94_abs_anchor_delta94_identity1,5ca38ebab9e2d191354ce7db934bf08f2b50c31bad2a7874ac97af410c8ebfc0,cc2e7accaec37041703cc015bbd571d5deccb9d678fcffb7b414593bc2850639
UNION_s2,objective,64,0.6283222077097452,0.6216013117033655,0.00672089600637967,0.003308342280741602,normalized94_abs_anchor_delta94_identity1,5ca38ebab9e2d191354ce7db934bf08f2b50c31bad2a7874ac97af410c8ebfc0,7bbe2a747b7341257a3133f810ccf5fb150c7f8b14a20d1a172a0bc253b6270e
UNION_s2,objective,65,0.628273801849184,0.6215352332343134,0.0067385686148706825,0.0015391171629433337,normalized94_abs_anchor_delta94_identity1,5ca38ebab9e2d191354ce7db934bf08f2b50c31bad2a7874ac97af410c8ebfc0,1b5168554ab7bd281baa66ad57b96c2a030038e677ad8073998baaf342624848
UNION_s2,objective,66,0.6282448114643113,0.621515159080999,0.006729652383312358,0.0015097971309423978,normalized94_abs_anchor_delta94_identity1,5ca38ebab9e2d191354ce7db934bf08f2b50c31bad2a7874ac97af410c8ebfc0,73078ad45ee621b8def545fb881b613a1cb1e2e2d00b374823c4cbf0641d0735
UNION_s2,objective,67,0.6281976270700979,0.6214385748640577,0.006759052206040152,0.002306218759980088,normalized94_abs_anchor_delta94_identity1,5ca38ebab9e2d191354ce7db934bf08f2b50c31bad2a7874ac97af410c8ebfc0,7d7e0f7af9730ccc9d1af64ca2623161f9c6bf5bbb27bf1ea1b6496c405e502e
UNION_s2,objective,68,0.6281802223152613,0.6213523554958852,0.006827866819376034,0.0030323017783300517,normalized94_abs_anchor_delta94_identity1,5ca38ebab9e2d191354ce7db934bf08f2b50c31bad2a7874ac97af410c8ebfc0,ab12b08eee5ac91275f20dbe36c7479d479bd312546fd15606d91125d4453808
UNION_s2,objective,69,0.628157771819485,0.6213130767756345,0.006844695043850408,0.001162406393639868,normalized94_abs_anchor_delta94_identity1,5ca38ebab9e2d191354ce7db934bf08f2b50c31bad2a7874ac97af410c8ebfc0,a3831677e709a27f39939f6247d30025597bd0e7d95dfa73d3a81c3613bae103
UNION_s2,objective,70,0.6281467287086256,0.6212792215604142,0.006867507148211461,0.0008826083120452666,normalized94_abs_anchor_delta94_identity1,5ca38ebab9e2d191354ce7db934bf08f2b50c31bad2a7874ac97af410c8ebfc0,92daa3047cdd99e6111908990faa7ad4b3eb0d87e529e66c4dde552864fa1fb0
UNION_s2,objective,71,0.6281340391881988,0.6212505355783511,0.006883503609847704,0.0015590961550543847,normalized94_abs_anchor_delta94_identity1,5ca38ebab9e2d191354ce7db934bf08f2b50c31bad2a7874ac97af410c8ebfc0,6841d7ed9308076ef5ba37e210db0ad11ee4b49c63fffaff4c416c3f8b7fb651
UNION_s2,objective,72,0.6281304422902144,0.6212155077702235,0.006914934519990915,0.004821546675594556,normalized94_abs_anchor_delta94_identity1,5ca38ebab9e2d191354ce7db934bf08f2b50c31bad2a7874ac97af410c8ebfc0,fdab14082b0ce30010bfb9d1defdf774870bdb8c6c2c39ec508005ac7268c572
UNION_s2,objective,73,0.6281088962714856,0.6212077827493889,0.006901113522096697,0.0015598887372050435,normalized94_abs_anchor_delta94_identity1,5ca38ebab9e2d191354ce7db934bf08f2b50c31bad2a7874ac97af410c8ebfc0,afa5a452d17466d0f5b877b113cb2997054102da2a6dacf71081d3777fe25b0b
UNION_s2,objective,74,0.6280994496365828,0.62121913039281,0.00688031924377291,0.0014706347087745666,normalized94_abs_anchor_delta94_identity1,5ca38ebab9e2d191354ce7db934bf08f2b50c31bad2a7874ac97af410c8ebfc0,e6568f02ab79c8b84ecd7717c659097f07caf188848d72e52e27af26b1620c3c
UNION_s2,objective,75,0.6280846960931483,0.6212424536424116,0.006842242450736727,0.0015227312352426492,normalized94_abs_anchor_delta94_identity1,5ca38ebab9e2d191354ce7db934bf08f2b50c31bad2a7874ac97af410c8ebfc0,bb746b216d57c63a2397ae0d83db6cd563e64788d2edc25e5b8a89d521b24548
UNION_s2,objective,76,0.6280642377197095,0.621250299732802,0.006813937986907499,0.0013238928447631027,normalized94_abs_anchor_delta94_identity1,5ca38ebab9e2d191354ce7db934bf08f2b50c31bad2a7874ac97af410c8ebfc0,4eb254c566a5ed4ec7f3a55f1d6ea09713d094914bd95fcf24e5bd190c484336
UNION_s2,objective,77,0.6280439508368971,0.6212028328991919,0.006841117937705236,0.002501748137569175,normalized94_abs_anchor_delta94_identity1,5ca38ebab9e2d191354ce7db934bf08f2b50c31bad2a7874ac97af410c8ebfc0,ca38310df11454873534a3f6eaf7dfe5fd15f184f6ce697f1da8113e8be4a1fc
UNION_s2,objective,78,0.6280195423593795,0.6212080016528091,0.006811540706570434,0.0008863074833526127,normalized94_abs_anchor_delta94_identity1,5ca38ebab9e2d191354ce7db934bf08f2b50c31bad2a7874ac97af410c8ebfc0,17c421696eec0921b41ddfaa26c56a6ff88b6bd8c398f22bf8ea936684f8a839
UNION_s2,objective,79,0.6280110542656978,0.6211762643987165,0.0068347898669813105,0.0007491093441657812,normalized94_abs_anchor_delta94_identity1,5ca38ebab9e2d191354ce7db934bf08f2b50c31bad2a7874ac97af410c8ebfc0,6c2ba3901a079a4670a6a0775738a9264e8fdb8ba27f11249b415c9580112be0
UNION_s2,objective,80,0.6279923353012521,0.6211067975570932,0.006885537744158929,0.0008704299628317711,normalized94_abs_anchor_delta94_identity1,5ca38ebab9e2d191354ce7db934bf08f2b50c31bad2a7874ac97af410c8ebfc0,0882329aa2643e4b721c7656d9fa90c7513f79cb8ad5aca30948f502dd4744c0
UNION_s2,objective,81,0.6279826233896947,0.6210651418063744,0.0069174815833203274,0.0020622306153574993,normalized94_abs_anchor_delta94_identity1,5ca38ebab9e2d191354ce7db934bf08f2b50c31bad2a7874ac97af410c8ebfc0,10de9938b607523d2cbf64aafa868117b1f95d7a82671a5e4d6e484f312af35e
UNION_s2,objective,82,0.627975013413608,0.6210546370023252,0.006920376411282691,0.0008809301878869813,normalized94_abs_anchor_delta94_identity1,5ca38ebab9e2d191354ce7db934bf08f2b50c31bad2a7874ac97af410c8ebfc0,fe7ea0e9f144fe5caea44b88d126c1cc254981b440173ea5ea63d833cc51cb05
UNION_s2,objective,83,0.6279692858397811,0.621049634608221,0.006919651231560005,0.0008568833376048021,normalized94_abs_anchor_delta94_identity1,5ca38ebab9e2d191354ce7db934bf08f2b50c31bad2a7874ac97af410c8ebfc0,f075ff001315f45023933cad875f89411022939778018a01cc7f58891d31786e
UNION_s2,objective,84,0.6279633610960131,0.6210336489454438,0.006929712150569378,0.0008099380437674008,normalized94_abs_anchor_delta94_identity1,5ca38ebab9e2d191354ce7db934bf08f2b50c31bad2a7874ac97af410c8ebfc0,268a5de17b7b726399c6e062e2da98605ed88854f7b90363f45bca46eb253bb5
UNION_s2,objective,85,0.6279931604508523,0.6209554462624041,0.007037714188448254,0.008047681464774326,normalized94_abs_anchor_delta94_identity1,5ca38ebab9e2d191354ce7db934bf08f2b50c31bad2a7874ac97af410c8ebfc0,48b2dd238a5795e0d85aa653b53c8f4f833ed7e8a0f0d40004ac7c6596ac2ac5
UNION_s2,objective,86,0.6279589081391421,0.6210013495114872,0.006957558627654869,0.0024855702693239775,normalized94_abs_anchor_delta94_identity1,5ca38ebab9e2d191354ce7db934bf08f2b50c31bad2a7874ac97af410c8ebfc0,4546bc6d8bdd6f09576e98e28e7cb02e1f495fd978d5699bdf69dba6231b79d5
UNION_s2,objective,87,0.6279473068438135,0.6209528319364017,0.006994474907411791,0.0013491391459840728,normalized94_abs_anchor_delta94_identity1,5ca38ebab9e2d191354ce7db934bf08f2b50c31bad2a7874ac97af410c8ebfc0,029f6cb9981aeda7f8fcfe1b2204809399d785bc53553fa2b89ed64aaeee4816
UNION_s2,objective,88,0.6279374345014149,0.6208893996464532,0.007048034854961706,0.0008319866193460968,normalized94_abs_anchor_delta94_identity1,5ca38ebab9e2d191354ce7db934bf08f2b50c31bad2a7874ac97af410c8ebfc0,bdc61946a447cbe269e7bcd1a7d3629c14424e6153a8ac339d8ef22d97186b6c
UNION_s2,objective,89,0.627927865526727,0.6208138253766249,0.007114040150102084,0.0009825170890199394,normalized94_abs_anchor_delta94_identity1,5ca38ebab9e2d191354ce7db934bf08f2b50c31bad2a7874ac97af410c8ebfc0,098bcf33cd501529cb27e9f2f922b1ce8640757e8ffe6fb4530de4bcc703639d
UNION_s2,objective,90,0.6279176652502219,0.6207373913073722,0.007180273942849741,0.0010006237875327202,normalized94_abs_anchor_delta94_identity1,5ca38ebab9e2d191354ce7db934bf08f2b50c31bad2a7874ac97af410c8ebfc0,a53ac2d28ec699f3ec7dd0ecb5780d6773adda12d759365a90606c42ce1c80b3
UNION_s2,objective,91,0.627916480485488,0.62062353903969,0.007292941445797928,0.0020149790282446745,normalized94_abs_anchor_delta94_identity1,5ca38ebab9e2d191354ce7db934bf08f2b50c31bad2a7874ac97af410c8ebfc0,5718de2e834a54173aa7dabda53ce9b9649806e1685b78b8a1c93fa845d8c6d4
UNION_s2,objective,92,0.6279043947630681,0.6206289800626381,0.0072754147004300525,0.000497778735506306,normalized94_abs_anchor_delta94_identity1,5ca38ebab9e2d191354ce7db934bf08f2b50c31bad2a7874ac97af410c8ebfc0,0ff9e7e12880ec59e0655f8c31a842c4e939ff377dc5b9e1d33fbd2c693ad625
UNION_s2,objective,93,0.6279022520470763,0.6206389959851839,0.007263256061892386,0.0004416544846079624,normalized94_abs_anchor_delta94_identity1,5ca38ebab9e2d191354ce7db934bf08f2b50c31bad2a7874ac97af410c8ebfc0,495af1943949ac76ccee92f18ff049a07f04d067dfe30595b1dd4f564ebedfca
UNION_s2,objective,94,0.6278978227981508,0.6206289085156275,0.007268914282523345,0.0010721390908312966,normalized94_abs_anchor_delta94_identity1,5ca38ebab9e2d191354ce7db934bf08f2b50c31bad2a7874ac97af410c8ebfc0,aa917f510c7ce1fa6dbf794c1e0b20619259205c12aa27b53fc6f1648c31701c
UNION_s2,objective,95,0.6278953849141199,0.6205988018370929,0.007296583077026931,0.0007295985088549486,normalized94_abs_anchor_delta94_identity1,5ca38ebab9e2d191354ce7db934bf08f2b50c31bad2a7874ac97af410c8ebfc0,5c25f2b6413b175739e8de57040bfd06c8be6242bcea64a2ea889ad74200e987
UNION_s2,objective,96,0.6278930076613107,0.6205810079635184,0.0073119996977922645,0.00038056711234082984,normalized94_abs_anchor_delta94_identity1,5ca38ebab9e2d191354ce7db934bf08f2b50c31bad2a7874ac97af410c8ebfc0,78d06ba9743fbf68da58c51fe2ccf2ea6d50cc5b3c7f12b098c9de5a05d26917
UNION_s2,objective,97,0.6278913069829499,0.6205559661486122,0.007335340834337683,0.00039413949833028893,normalized94_abs_anchor_delta94_identity1,5ca38ebab9e2d191354ce7db934bf08f2b50c31bad2a7874ac97af410c8ebfc0,1c0fe83ae20129853b7a3cc2b084bffe600726270b075962f97dfed6cfa9fc60
UNION_s2,objective,98,0.6278887985270011,0.6205484139440588,0.007340384582942304,0.0008736953541878792,normalized94_abs_anchor_delta94_identity1,5ca38ebab9e2d191354ce7db934bf08f2b50c31bad2a7874ac97af410c8ebfc0,d1f6222944e85186fe27206ddae985ecb19a1af479dec9d3fb121c40a2ca490a
UNION_s2,objective,99,0.6278862457641898,0.6205272326372617,0.007359013126928139,0.0008215615322523863,normalized94_abs_anchor_delta94_identity1,5ca38ebab9e2d191354ce7db934bf08f2b50c31bad2a7874ac97af410c8ebfc0,3e3c5b9d52d908bce539d1e60f2c1c64b1a21a7b106a45ab66adb98e2e7742aa
UNION_s2,objective,100,0.627884781097995,0.6205420497160063,0.0073427313819886255,0.0003745447310733207,normalized94_abs_anchor_delta94_identity1,5ca38ebab9e2d191354ce7db934bf08f2b50c31bad2a7874ac97af410c8ebfc0,8927cca6c81bcf805ddb1ca9417616061881a3342e47d74670105c30aabbc200
UNION_s2,objective,101,0.6278838753424858,0.6205562676800257,0.007327607662460147,0.00041850746078000474,normalized94_abs_anchor_delta94_identity1,5ca38ebab9e2d191354ce7db934bf08f2b50c31bad2a7874ac97af410c8ebfc0,9a795d1226823b67c386bab60ffa612089c9246fccdaf5e3770651bbc05b488a
UNION_s2,objective,102,0.6278823466744987,0.6205618933012572,0.007320453373241475,0.0004964854660302762,normalized94_abs_anchor_delta94_identity1,5ca38ebab9e2d191354ce7db934bf08f2b50c31bad2a7874ac97af410c8ebfc0,ca18e1e88755f68033bcd68dc9554cff72a6647b3186413821b2f3c12ab4dfba
UNION_s2,objective,103,0.6278767291433236,0.6205576430336014,0.007319086109722203,0.0007238503407581032,normalized94_abs_anchor_delta94_identity1,5ca38ebab9e2d191354ce7db934bf08f2b50c31bad2a7874ac97af410c8ebfc0,51d8baaf445a54f0d347346d7fd0934b01fef8505cec518a8cbf7e1d1cd6b11c
UNION_s2,objective,104,0.6278736215298999,0.6205451351614486,0.007328486368451318,0.000931601916797894,normalized94_abs_anchor_delta94_identity1,5ca38ebab9e2d191354ce7db934bf08f2b50c31bad2a7874ac97af410c8ebfc0,5947d9bcb598ab773252dae052f32040be37cfca47449e0206b0ccd84c86d3f4
UNION_s2,objective,105,0.6278694583783456,0.6205174850200402,0.007351973358305377,0.00043501507013336783,normalized94_abs_anchor_delta94_identity1,5ca38ebab9e2d191354ce7db934bf08f2b50c31bad2a7874ac97af410c8ebfc0,6f90876849d81eff0470d06d07d268cd7f4b3ac9abe5b54ba62efa08f6053a3a
UNION_s2,objective,106,0.6278676186602923,0.6204973835881575,0.007370235072134733,0.00029027021488192386,normalized94_abs_anchor_delta94_identity1,5ca38ebab9e2d191354ce7db934bf08f2b50c31bad2a7874ac97af410c8ebfc0,5936e1ef3ab69e3cab85616c8be6bb457faf1c3e2adb136cc1794794cc533086
UNION_s2,objective,107,0.627869751613159,0.620510924041083,0.00735882757207605,0.0019371163013511801,normalized94_abs_anchor_delta94_identity1,5ca38ebab9e2d191354ce7db934bf08f2b50c31bad2a7874ac97af410c8ebfc0,4a9639afbf4cc55e415161f86a2568fb2a878d1e36038add0a6b293a141b77a9
UNION_s2,objective,108,0.6278669601627168,0.6205004564489907,0.007366503713726182,0.0005870193454220437,normalized94_abs_anchor_delta94_identity1,5ca38ebab9e2d191354ce7db934bf08f2b50c31bad2a7874ac97af410c8ebfc0,44e3bfc9ebf966e6178550963af73b7c30bacd67a9c4db20db29269493e26fca
UNION_s2,objective,109,0.6278659682175782,0.6204922661416893,0.007373702075888904,0.0004708700478384967,normalized94_abs_anchor_delta94_identity1,5ca38ebab9e2d191354ce7db934bf08f2b50c31bad2a7874ac97af410c8ebfc0,c9d709310c049608de9dcbd00f53fe55a9fe0088a005840411a1a8bd52ac37f7
UNION_s2,objective,110,0.62786445267524,0.6204934292002324,0.007371023475007623,0.0002847566536430112,normalized94_abs_anchor_delta94_identity1,5ca38ebab9e2d191354ce7db934bf08f2b50c31bad2a7874ac97af410c8ebfc0,8dece1b3ac21f05dabf603647fc03c42fe2b9bf42dbc97b9e67cdb5b4b670000
UNION_s2,objective,111,0.6278628056848101,0.6205073611133385,0.0073554445714716764,0.0003803130466016828,normalized94_abs_anchor_delta94_identity1,5ca38ebab9e2d191354ce7db934bf08f2b50c31bad2a7874ac97af410c8ebfc0,b4bde1e7ae48c36b5b584fb5d89bcc30c42f1de28bdee984255738bcdba75273
UNION_s2,objective,112,0.6278745181794525,0.6205516239645403,0.007322894214912152,0.004173490526378444,normalized94_abs_anchor_delta94_identity1,5ca38ebab9e2d191354ce7db934bf08f2b50c31bad2a7874ac97af410c8ebfc0,062327e83127cb6ee387d934b90fbe497191dd5f65b58110b1a5ab2cc09a8d84
UNION_s2,objective,113,0.6278624341441693,0.620511874800905,0.0073505593432643115,0.0005020037137713093,normalized94_abs_anchor_delta94_identity1,5ca38ebab9e2d191354ce7db934bf08f2b50c31bad2a7874ac97af410c8ebfc0,55ab7541ee732dd5c4cfbd33f40f97973eba0fef57339bbdee1ad8c782916446
UNION_s2,objective,114,0.6278619911047522,0.6205187322984295,0.007343258806322732,0.00037255319004090816,normalized94_abs_anchor_delta94_identity1,5ca38ebab9e2d191354ce7db934bf08f2b50c31bad2a7874ac97af410c8ebfc0,85a3ef2e84d184d3efe5b61bfa6ab1ec15b355314c1673814a7b0e1fb6d150ba
UNION_s2,objective,115,0.6278610776861245,0.6205247155712585,0.007336362114865996,0.00023084377589265354,normalized94_abs_anchor_delta94_identity1,5ca38ebab9e2d191354ce7db934bf08f2b50c31bad2a7874ac97af410c8ebfc0,89842a84739aa056542ea438d231aaa34cf43efe063aecbcce64d65d9f083dad
UNION_s2,objective,116,0.6278598306450642,0.6205246791883909,0.007335151456673274,0.0003137988226353298,normalized94_abs_anchor_delta94_identity1,5ca38ebab9e2d191354ce7db934bf08f2b50c31bad2a7874ac97af410c8ebfc0,d7291e9bbf723a632e1512d303e139e1cb197eb9755cabf79c2bf3214e6d8c47
UNION_s2,objective,117,0.6278581886243101,0.6205191321362803,0.007339056488029752,0.00045950118001766865,normalized94_abs_anchor_delta94_identity1,5ca38ebab9e2d191354ce7db934bf08f2b50c31bad2a7874ac97af410c8ebfc0,9708198272e238a1ef3ba49ac4fcb7c6921dfef9d30f7a75fbda1497eef5f114
UNION_s2,objective,118,0.627856444582962,0.620508857575236,0.007347587007725974,0.0006848560326589471,normalized94_abs_anchor_delta94_identity1,5ca38ebab9e2d191354ce7db934bf08f2b50c31bad2a7874ac97af410c8ebfc0,15929868d0e57d92722a06154804d2d1a3b08be60b43d1e5ccde3b953941f43d
UNION_s2,objective,119,0.6278544507118575,0.6205013618633085,0.007353088848549027,0.00036921363673890213,normalized94_abs_anchor_delta94_identity1,5ca38ebab9e2d191354ce7db934bf08f2b50c31bad2a7874ac97af410c8ebfc0,a66b88d399783d562d17f0abf51be9976a2cdb329f66a9ed5aa83ee9b93687ce
UNION_s2,objective,120,0.627852652080477,0.6204967583466071,0.007355893733869937,0.000377358219586447,normalized94_abs_anchor_delta94_identity1,5ca38ebab9e2d191354ce7db934bf08f2b50c31bad2a7874ac97af410c8ebfc0,42cea062671cdbd09b0d4a8c4f1dcd0fcfcde908dd99094a48fc9bbdf61a1aab
UNION_s2,objective,121,0.6278515272181694,0.6204968118679229,0.007354715350246509,0.00034024804753145937,normalized94_abs_anchor_delta94_identity1,5ca38ebab9e2d191354ce7db934bf08f2b50c31bad2a7874ac97af410c8ebfc0,fccbf267b7610bd5097b9493b671996af836691088a0dffb1892833f62b088c6
UNION_s2,objective,122,0.6278516363848886,0.6205137406685249,0.007337895716363626,0.0012478066627980148,normalized94_abs_anchor_delta94_identity1,5ca38ebab9e2d191354ce7db934bf08f2b50c31bad2a7874ac97af410c8ebfc0,481f28c16eb0e7f3b38aff6aefe581e22fd5dd2951d27907cc9060717c20df73
UNION_s2,objective,123,0.6278506559199932,0.6205041357605201,0.00734652015947312,0.0006431133279081436,normalized94_abs_anchor_delta94_identity1,5ca38ebab9e2d191354ce7db934bf08f2b50c31bad2a7874ac97af410c8ebfc0,1b589c0d8ff490f71e10db717eb2d01183f5cf9da66d9bc3f0864b9473362a3d
UNION_s2,objective,124,0.627849744093143,0.6205101327348524,0.007339611358290543,0.0003727312397279856,normalized94_abs_anchor_delta94_identity1,5ca38ebab9e2d191354ce7db934bf08f2b50c31bad2a7874ac97af410c8ebfc0,6f2cf30cd4d5b993e7b87478e132d234b15fc357c31453f106cf5a4dddb41625
UNION_s2,objective,125,0.6278487712627012,0.6205219452397243,0.007326826022976937,0.00024425635531357277,normalized94_abs_anchor_delta94_identity1,5ca38ebab9e2d191354ce7db934bf08f2b50c31bad2a7874ac97af410c8ebfc0,d6070e28599260bcea415f9d20000d951410f4a30d6187d2c159f48237faeb0a
UNION_s2,objective,126,0.6278483142712427,0.6205248174349036,0.0073234968363390255,0.0005536738978221496,normalized94_abs_anchor_delta94_identity1,5ca38ebab9e2d191354ce7db934bf08f2b50c31bad2a7874ac97af410c8ebfc0,bea2f395ea00717f1dd5e83e054e75a084e8963a0f57cd56fa398f5817ff5043
UNION_s2,objective,127,0.6278476592936023,0.620528427791515,0.0073192315020873654,0.00040897560427629134,normalized94_abs_anchor_delta94_identity1,5ca38ebab9e2d191354ce7db934bf08f2b50c31bad2a7874ac97af410c8ebfc0,2ce10bd29010245b0029d7a78fd274f4f052193480315af586816348152ab94e
UNION_s2,objective,128,0.6278470543693812,0.6205288655453174,0.007318188824063725,0.00022191362665039587,normalized94_abs_anchor_delta94_identity1,5ca38ebab9e2d191354ce7db934bf08f2b50c31bad2a7874ac97af410c8ebfc0,eb69516ddd1c845002ace20175cb1c1894941bcbcd534f0bd5fd1489a0125be4
UNION_s2,objective,129,0.627846657792407,0.6205288821130973,0.007317775679309715,0.0002084202631197616,normalized94_abs_anchor_delta94_identity1,5ca38ebab9e2d191354ce7db934bf08f2b50c31bad2a7874ac97af410c8ebfc0,dbbb0442a6ecf807a5f5cceda4df5f9f3c32d3c5758c58c90c6a372ef6c1c00e
UNION_s2,objective,130,0.6278462945953392,0.6205290431343641,0.007317251460975211,0.0003187651343326732,normalized94_abs_anchor_delta94_identity1,5ca38ebab9e2d191354ce7db934bf08f2b50c31bad2a7874ac97af410c8ebfc0,881efb126fa60bf8bd39fc36742ff19ac51776f52bda65f7106aa8550dbd1380
UNION_s2,objective,131,0.6278456950113848,0.6205320352504534,0.007313659760931312,0.00036987837529851543,normalized94_abs_anchor_delta94_identity1,5ca38ebab9e2d191354ce7db934bf08f2b50c31bad2a7874ac97af410c8ebfc0,09ff17041ed584a9cc9e2252a52e26cb6eb19f22d95d8e95e30dfbbd4b9e058b
UNION_s2,objective,132,0.627844711647649,0.620538176320609,0.007306535327039953,0.00035342088086107165,normalized94_abs_anchor_delta94_identity1,5ca38ebab9e2d191354ce7db934bf08f2b50c31bad2a7874ac97af410c8ebfc0,472d200d08e6f030507776b184ec59d492b92d9e44c86637a56592c37316043e
UNION_s2,objective,133,0.6278437913075561,0.6205495479885902,0.007294243318965872,0.00028507993674826266,normalized94_abs_anchor_delta94_identity1,5ca38ebab9e2d191354ce7db934bf08f2b50c31bad2a7874ac97af410c8ebfc0,5f164c92c3f86a09902f51b2769e6616741a12c5f6d0a82335254a0a96dde3e6
UNION_s2,objective,134,0.6278432103885084,0.6205516027074759,0.007291607681032558,0.00018953888640675385,normalized94_abs_anchor_delta94_identity1,5ca38ebab9e2d191354ce7db934bf08f2b50c31bad2a7874ac97af410c8ebfc0,d28dcd56021842e63c4bf13dc4fe729322e7f6705a588ead30a5ba34d89d9450
UNION_s2,objective,135,0.6278428467066507,0.6205485003708305,0.007294346335820193,0.0004389369147840431,normalized94_abs_anchor_delta94_identity1,5ca38ebab9e2d191354ce7db934bf08f2b50c31bad2a7874ac97af410c8ebfc0,3fc171f590be4d14c1f7ab58daf29e6af58c02974883c01d0eb389ef5a3d4cf5
UNION_s2,objective,136,0.6278426399535322,0.6205473787908198,0.007295261162712399,0.00027399797476286764,normalized94_abs_anchor_delta94_identity1,5ca38ebab9e2d191354ce7db934bf08f2b50c31bad2a7874ac97af410c8ebfc0,6b7534a0bca62338436a3254f75fe4bb168cddb4ad888fb24e446431caa11c7c
UNION_s2,objective,137,0.6278423315507891,0.6205464299863257,0.007295901564463367,0.00015187383123023939,normalized94_abs_anchor_delta94_identity1,5ca38ebab9e2d191354ce7db934bf08f2b50c31bad2a7874ac97af410c8ebfc0,b5709c34111b0e602acaaea464da7831ea63ad93d4f00701d9c3801b23d193d8
UNION_s2,objective,138,0.6278421539459995,0.6205463318770921,0.0072958220689074696,0.00021759738749061003,normalized94_abs_anchor_delta94_identity1,5ca38ebab9e2d191354ce7db934bf08f2b50c31bad2a7874ac97af410c8ebfc0,9d80e7f4de4f95f60184cc3bcc71eea3dee0a791228d0eb5855a6386aae80e2a
UNION_s2,objective,139,0.6278418333000932,0.6205463079817781,0.007295525318315067,0.00024999267543232795,normalized94_abs_anchor_delta94_identity1,5ca38ebab9e2d191354ce7db934bf08f2b50c31bad2a7874ac97af410c8ebfc0,7f70abb74a647c8b3e050d9f47cd4587a534310671123d69119988b928731b57
UNION_s2,objective,140,0.627841368582246,0.620543896061974,0.007297472520271989,0.00017971793263884183,normalized94_abs_anchor_delta94_identity1,5ca38ebab9e2d191354ce7db934bf08f2b50c31bad2a7874ac97af410c8ebfc0,202660277ddd1fea3a0c6ad18e26e05e73d74820fd4c5cb2fae3e8d7c7e282be
UNION_s2,objective,141,0.6278410280617838,0.6205443415232536,0.007296686538530192,0.00026532451628022034,normalized94_abs_anchor_delta94_identity1,5ca38ebab9e2d191354ce7db934bf08f2b50c31bad2a7874ac97af410c8ebfc0,6f1c330fbe6a50f9b4fc5553b56b44ee2d3316c8c95d48c5ad8efa05365c1279
UNION_s2,objective,142,0.6278407390778966,0.6205425409529854,0.007298198124911207,0.00014248744010048118,normalized94_abs_anchor_delta94_identity1,5ca38ebab9e2d191354ce7db934bf08f2b50c31bad2a7874ac97af410c8ebfc0,9206022f64f521ae90fb6a2538fe260281825dc68a125d75b33df9544b4343f3
UNION_s2,objective,143,0.6278403811399706,0.6205395975120375,0.007300783627933201,0.00020399783986022022,normalized94_abs_anchor_delta94_identity1,5ca38ebab9e2d191354ce7db934bf08f2b50c31bad2a7874ac97af410c8ebfc0,e062c0071605e9557449d090e3c645eb147c6b326e97316e7b29a91997842399
UNION_s2,objective,144,0.6278402132825038,0.6205380595761515,0.007302153706352329,0.00017630190245061895,normalized94_abs_anchor_delta94_identity1,5ca38ebab9e2d191354ce7db934bf08f2b50c31bad2a7874ac97af410c8ebfc0,85799c7dc07df3f30bde0d737eb61916c29e4fea9543f78355ee145aaa5235c7
UNION_s2,objective,145,0.6278399888470096,0.620535991326638,0.007303997520371724,0.00017354086074539984,normalized94_abs_anchor_delta94_identity1,5ca38ebab9e2d191354ce7db934bf08f2b50c31bad2a7874ac97af410c8ebfc0,36a0cd56a298e6e085bcc4009877295f653430e1d2db064f15d3679ba559a2c0
UNION_s2,objective,146,0.6278397868125034,0.6205343452002998,0.007305441612203625,0.00012406927814508453,normalized94_abs_anchor_delta94_identity1,5ca38ebab9e2d191354ce7db934bf08f2b50c31bad2a7874ac97af410c8ebfc0,853acc41feed4307ca0da176eb78be6743eed5748621eaf0aa2d00752f7322f8
UNION_s2,objective,147,0.6278396022586505,0.6205333241794795,0.0073062780791710155,0.00015209198201960613,normalized94_abs_anchor_delta94_identity1,5ca38ebab9e2d191354ce7db934bf08f2b50c31bad2a7874ac97af410c8ebfc0,ecbf40f34b6779c7c7bb46da6c3ef07d3625ccda099467282897322a6fe1d966
UNION_s2,objective,148,0.6278394442577493,0.6205319585741503,0.007307485683598988,0.0002773767454373642,normalized94_abs_anchor_delta94_identity1,5ca38ebab9e2d191354ce7db934bf08f2b50c31bad2a7874ac97af410c8ebfc0,860a22e751e22f8754c923ddd7550eac2052830f5eb7d00d34be2bf51ce8be11
UNION_s2,objective,149,0.6278393014483395,0.6205302259416365,0.007309075506703066,0.00010877539276583967,normalized94_abs_anchor_delta94_identity1,5ca38ebab9e2d191354ce7db934bf08f2b50c31bad2a7874ac97af410c8ebfc0,aafef1037f1c139e27e75de0cc497acd7d92d893a06b2f07e4bfbd07be6e712d
UNION_s2,objective,150,0.6278392238860229,0.6205298945570615,0.007309329328961281,8.733454785642258e-05,normalized94_abs_anchor_delta94_identity1,5ca38ebab9e2d191354ce7db934bf08f2b50c31bad2a7874ac97af410c8ebfc0,971f3824e89085ad51a1fb287cf8ba305edbc654dbac894c9c9e4ea573d27c08
UNION_s2,objective,151,0.6278390230753229,0.6205277680311091,0.007311255044213851,0.00011532997173484585,normalized94_abs_anchor_delta94_identity1,5ca38ebab9e2d191354ce7db934bf08f2b50c31bad2a7874ac97af410c8ebfc0,9566c9c6f0416a3221f470c2ffbf385313df24d856a35b7a5c0e3ae6ccdd3779
UNION_s2,objective,152,0.6278388863465926,0.6205253531343282,0.007313533212264313,0.00025931944653355095,normalized94_abs_anchor_delta94_identity1,5ca38ebab9e2d191354ce7db934bf08f2b50c31bad2a7874ac97af410c8ebfc0,5ca36ab9f45034d055ae3321ef4cbcb5aaa70f286030b6c349dd50d90ad8b21e
UNION_s2,objective,153,0.6278387192585696,0.6205233466713606,0.0073153725872090476,0.00010670124986829442,normalized94_abs_anchor_delta94_identity1,5ca38ebab9e2d191354ce7db934bf08f2b50c31bad2a7874ac97af410c8ebfc0,206a82415c57ec4eb96f6c056fc3dfe43793988e8add94b74707d0b7723a4609
UNION_s2,objective,154,0.6278386280961598,0.6205219354499971,0.007316692646162686,7.340248191549462e-05,normalized94_abs_anchor_delta94_identity1,5ca38ebab9e2d191354ce7db934bf08f2b50c31bad2a7874ac97af410c8ebfc0,3b918a644db4553bf7b8a1d535561c88d4e4ef2a858c3cfbf954559ccf77846a
UNION_s2,objective,155,0.6278385519510986,0.6205209259368929,0.007317626014205699,8.647581784363837e-05,normalized94_abs_anchor_delta94_identity1,5ca38ebab9e2d191354ce7db934bf08f2b50c31bad2a7874ac97af410c8ebfc0,677b9da2b831c6440b3865513b8a352095d1eb2580d4a0642ead374811448739
UNION_s2,objective,156,0.6278384141504584,0.6205192153172893,0.007319198833169157,9.916308989493233e-05,normalized94_abs_anchor_delta94_identity1,5ca38ebab9e2d191354ce7db934bf08f2b50c31bad2a7874ac97af410c8ebfc0,7c7c1759e8d8bd5fd0bdfa80798a8d77a9e89e70c400ec008827af1f1d70779f
UNION_s2,objective,157,0.6278382762211205,0.6205162731249194,0.007322003096201171,0.0001760698557248314,normalized94_abs_anchor_delta94_identity1,5ca38ebab9e2d191354ce7db934bf08f2b50c31bad2a7874ac97af410c8ebfc0,192bb8470dbb20d650155c5f622c2effcfcddeca03d04b049868c9a67d75c62f
UNION_s2,objective,158,0.6278381419761777,0.6205137928212805,0.007324349154897253,0.00010827416696209529,normalized94_abs_anchor_delta94_identity1,5ca38ebab9e2d191354ce7db934bf08f2b50c31bad2a7874ac97af410c8ebfc0,ef9c81648e5080a2d7dddf6116507d39bffc58ccfc15d24b6be6f12ba45744f6
UNION_s2,objective,159,0.6278380723731027,0.6205146092993433,0.007323463073759404,6.219806765399733e-05,normalized94_abs_anchor_delta94_identity1,5ca38ebab9e2d191354ce7db934bf08f2b50c31bad2a7874ac97af410c8ebfc0,9bcc17c27af3e014d0f5a4d1010406aab9a4397018ff7b4d37d5931ba11f8520
UNION_s2,objective,160,0.6278380641124875,0.6205150550531775,0.007323009059310067,0.00027373093949938847,normalized94_abs_anchor_delta94_identity1,5ca38ebab9e2d191354ce7db934bf08f2b50c31bad2a7874ac97af410c8ebfc0,9c753c9f62fc8c3929b2ea2a428f7965e23ad59b83c7f4b940e26e0cef528109
UNION_s2,objective,161,0.6278380029185279,0.6205146503921855,0.007323352526342442,7.810413900154387e-05,normalized94_abs_anchor_delta94_identity1,5ca38ebab9e2d191354ce7db934bf08f2b50c31bad2a7874ac97af410c8ebfc0,cb03d31d0796d024276eb4edabe160fd39b92b9e5dac28cf2ba4e9d1ef3ed31b
UNION_s2,objective,162,0.6278379768128182,0.6205140712297859,0.007323905583032279,6.854747460015126e-05,normalized94_abs_anchor_delta94_identity1,5ca38ebab9e2d191354ce7db934bf08f2b50c31bad2a7874ac97af410c8ebfc0,8fb2dc53ab8a224f6e3d29e02d55b6e2f3bbe7d24937bb16c3e2af6e53f1a183
UNION_s2,objective,163,0.6278378818951451,0.62051159006349,0.00732629183165513,0.00015376057253492525,normalized94_abs_anchor_delta94_identity1,5ca38ebab9e2d191354ce7db934bf08f2b50c31bad2a7874ac97af410c8ebfc0,25c485661fc5558d1022891b8b0a270dce288f41b1e1f14896f127fb894f13fb
UNION_s2,objective,164,0.6278378071292576,0.6205096246708093,0.00732818245844835,0.00015426626923251388,normalized94_abs_anchor_delta94_identity1,5ca38ebab9e2d191354ce7db934bf08f2b50c31bad2a7874ac97af410c8ebfc0,d4ad5d6e092e1867ae2df6f3b3799b2d4fa17ce5be21c7454f3b1340f2ac7a9f
UNION_s2,objective,165,0.6278376626220128,0.6205046586503331,0.007333003971679662,0.00017972419295502072,normalized94_abs_anchor_delta94_identity1,5ca38ebab9e2d191354ce7db934bf08f2b50c31bad2a7874ac97af410c8ebfc0,23d07b9d38f82efb3a87d60ffa125809111ce7f45aa584bd72f9032cc2357981
UNION_s2,objective,166,0.6278378995184011,0.6205039171806407,0.007333982337760397,0.00042599841943596,normalized94_abs_anchor_delta94_identity1,5ca38ebab9e2d191354ce7db934bf08f2b50c31bad2a7874ac97af410c8ebfc0,f07f18b17ad7f157259c85bb84f9bf92530d4ebd24c47cb3d4331cafc9695aa0
UNION_s2,objective,167,0.6278376227643575,0.6205043512015431,0.007333271562814355,0.00021090243234664035,normalized94_abs_anchor_delta94_identity1,5ca38ebab9e2d191354ce7db934bf08f2b50c31bad2a7874ac97af410c8ebfc0,de8372dd34a94b0357de92fbc52678b10ee9f710693e53c3bac8c44aa5b58452
UNION_s2,objective,168,0.6278375506218283,0.6205038914334754,0.007333659188352917,6.819140916978196e-05,normalized94_abs_anchor_delta94_identity1,5ca38ebab9e2d191354ce7db934bf08f2b50c31bad2a7874ac97af410c8ebfc0,22e7bbf881d86db0bd2c5cdecba8aadf6ef8c33119c0c13c58fd1b69909de44c
UNION_s2,objective,169,0.6278375181309735,0.6205036023127506,0.00733391581822297,8.136392650713143e-05,normalized94_abs_anchor_delta94_identity1,5ca38ebab9e2d191354ce7db934bf08f2b50c31bad2a7874ac97af410c8ebfc0,737cd84fb88d45f0c32f375e14fdb31fefa3b3bf5ebcb4aabbdb0f77a7bf4f0c
UNION_s2,objective,170,0.6278374892488368,0.6205030148040078,0.0073344744448289164,0.00011280757369327079,normalized94_abs_anchor_delta94_identity1,5ca38ebab9e2d191354ce7db934bf08f2b50c31bad2a7874ac97af410c8ebfc0,3f4b0c37bd1ceb3d0540b9042d76b365e8c9b987c638d8b5e2dc74e137a726bc
UNION_s2,objective,171,0.6278374323676353,0.6205013740017112,0.007336058365924113,0.00012012241941854105,normalized94_abs_anchor_delta94_identity1,5ca38ebab9e2d191354ce7db934bf08f2b50c31bad2a7874ac97af410c8ebfc0,ffc6f97a3b3ae5d12c8fbdd7aa311e40d0aa94bf6bc55e1e0bc53a1c02ce300d
UNION_s2,objective,172,0.6278373425091673,0.6204974199652106,0.007339922543956814,0.00018202071810599946,normalized94_abs_anchor_delta94_identity1,5ca38ebab9e2d191354ce7db934bf08f2b50c31bad2a7874ac97af410c8ebfc0,0eef404ed1b899fc135b8dc9cca9ab15669783561d2137d29f3f76a3065a34fc
UNION_s2,objective,173,0.6278372832871274,0.6204946466088216,0.007342636678305846,0.00016693362043171707,normalized94_abs_anchor_delta94_identity1,5ca38ebab9e2d191354ce7db934bf08f2b50c31bad2a7874ac97af410c8ebfc0,09d84bfcc59c15985bf7f07160e7fb84752df7b00a84eba7fd56ed3d6223de35
UNION_s2,objective,174,0.6278372669353968,0.6204950254984204,0.007342241436976419,0.00017063832730549705,normalized94_abs_anchor_delta94_identity1,5ca38ebab9e2d191354ce7db934bf08f2b50c31bad2a7874ac97af410c8ebfc0,2a1cdc447e5cabb86cac56a19543cc78715380df04aee98c863137a9c9af3a16
UNION_s2,objective,175,0.6278372382971118,0.6204950636396901,0.00734217465742172,5.0744486913336535e-05,normalized94_abs_anchor_delta94_identity1,5ca38ebab9e2d191354ce7db934bf08f2b50c31bad2a7874ac97af410c8ebfc0,aa6b0f19a002501fd3e3c13cd26e41d387912b76a8a7061ad7902c34eb82b8d5
UNION_s2,objective,176,0.6278372303917616,0.6204951369447019,0.007342093447059684,4.191427660061734e-05,normalized94_abs_anchor_delta94_identity1,5ca38ebab9e2d191354ce7db934bf08f2b50c31bad2a7874ac97af410c8ebfc0,e178ce2b927df20e9692f807f0c8c8afa706f53e34390bdaf25e4b20216e1355
UNION_s2,objective,177,0.6278372037765635,0.6204950735247338,0.007342130251829716,4.1832274434110706e-05,normalized94_abs_anchor_delta94_identity1,5ca38ebab9e2d191354ce7db934bf08f2b50c31bad2a7874ac97af410c8ebfc0,18c9edfa4f2760b409a2cdee5e1394fd705687cdd300abd7d7f6cc3cfa49f0a7
UNION_s2,objective,178,0.627837163172773,0.6204943415303821,0.007342821642390959,4.2725335506984847e-05,normalized94_abs_anchor_delta94_identity1,5ca38ebab9e2d191354ce7db934bf08f2b50c31bad2a7874ac97af410c8ebfc0,fbce529cbda272337220bd9e36c46e718e123df763e68e1d18d9528577668d97
UNION_s2,objective,179,0.6278371394815481,0.6204934317570482,0.007343707724499841,0.00013013492645119165,normalized94_abs_anchor_delta94_identity1,5ca38ebab9e2d191354ce7db934bf08f2b50c31bad2a7874ac97af410c8ebfc0,3af8a5b4ceb7f0576e57399af6704325c0fdbee0f7855b21597f2c9167e936b1
UNION_s2,objective,180,0.6278371037157139,0.6204916971780642,0.007345406537649654,4.031403605292044e-05,normalized94_abs_anchor_delta94_identity1,5ca38ebab9e2d191354ce7db934bf08f2b50c31bad2a7874ac97af410c8ebfc0,2a96dc5ced874d73a59157acb60a65ae7328c3a46f38ded603002394dd007d3a
UNION_s2,objective,181,0.6278370913980204,0.6204919171777517,0.007345174220268658,2.671186577147425e-05,normalized94_abs_anchor_delta94_identity1,5ca38ebab9e2d191354ce7db934bf08f2b50c31bad2a7874ac97af410c8ebfc0,b2f957f1ee77b236e09e8cc633e1b3a00e299b73f4a49f7a298beca4e6b38dcd
UNION_s2,objective,182,0.6278370791538188,0.6204916765232361,0.0073454026305827475,3.9724248474932965e-05,normalized94_abs_anchor_delta94_identity1,5ca38ebab9e2d191354ce7db934bf08f2b50c31bad2a7874ac97af410c8ebfc0,645a63f9a1ed290d52cf8622fc622896d254541c126ae2ef7430a1ea3af838a6
UNION_s2,objective,183,0.6278370664106893,0.6204907439212032,0.007346322489486132,3.705411379170029e-05,normalized94_abs_anchor_delta94_identity1,5ca38ebab9e2d191354ce7db934bf08f2b50c31bad2a7874ac97af410c8ebfc0,8dd6b0c8e6678a29050322513f1da2f1623bcd80a73d9234d53a28209337dc83
UNION_s2,objective,184,0.6278370573177403,0.620490411737123,0.007346645580617279,2.674843804416257e-05,normalized94_abs_anchor_delta94_identity1,5ca38ebab9e2d191354ce7db934bf08f2b50c31bad2a7874ac97af410c8ebfc0,f21e467a302832431580ed625a8672563beda30f812778fd80a25b26afaeb3af
UNION_s2,objective,185,0.6278370488567506,0.6204899193563559,0.0073471295003947395,6.236033025760613e-05,normalized94_abs_anchor_delta94_identity1,5ca38ebab9e2d191354ce7db934bf08f2b50c31bad2a7874ac97af410c8ebfc0,c6e45e91cab9c0a2c6be09625e7a9b78d9fa1a6fb12934382e7da97c9b4586fe
UNION_s2,objective,186,0.6278370429093961,0.6204894210707216,0.007347621838674494,6.702132752833435e-05,normalized94_abs_anchor_delta94_identity1,5ca38ebab9e2d191354ce7db934bf08f2b50c31bad2a7874ac97af410c8ebfc0,96bb831e8f76f533a56561a9898a35f4b4239e02f843b4ac7fdfb92da88215c2
UNION_s2,objective,187,0.6278370366397196,0.6204895660553855,0.007347470584334085,3.765349274159467e-05,normalized94_abs_anchor_delta94_identity1,5ca38ebab9e2d191354ce7db934bf08f2b50c31bad2a7874ac97af410c8ebfc0,b02f0d7cd68e38904ba58d0b5be03d5b7f42894119d243fc3a0541c47b283ff8
UNION_s2,objective,188,0.6278370261632702,0.620489568265925,0.007347457897345124,2.1120154294389732e-05,normalized94_abs_anchor_delta94_identity1,5ca38ebab9e2d191354ce7db934bf08f2b50c31bad2a7874ac97af410c8ebfc0,070e738d285b1c0ba61308ef1f329060ddd51f847441893fa66ea881a921d123
UNION_s2,objective,189,0.6278370198109552,0.6204893279924738,0.007347691818481404,2.6531179281660868e-05,normalized94_abs_anchor_delta94_identity1,5ca38ebab9e2d191354ce7db934bf08f2b50c31bad2a7874ac97af410c8ebfc0,aaeea777337c7777224bb2100442637e422c3d51d1ab589fad523d81afb2d325
UNION_s2,objective,190,0.6278370022373503,0.6204890432392676,0.007347958998082703,4.246241093643111e-05,normalized94_abs_anchor_delta94_identity1,5ca38ebab9e2d191354ce7db934bf08f2b50c31bad2a7874ac97af410c8ebfc0,41c908c156ee332c3f19b68c3076fcf11d35e38680b350feaa40d843f1dd43e6
UNION_s2,objective,191,0.6278369931513128,0.6204880715022414,0.0073489216490714,5.35485218682441e-05,normalized94_abs_anchor_delta94_identity1,5ca38ebab9e2d191354ce7db934bf08f2b50c31bad2a7874ac97af410c8ebfc0,191e67961f59d25d30c194348e52ddf9f23dfe63bb14ee4a1eda123ba3285ae8
UNION_s2,objective,192,0.6278369911938039,0.6204881125763626,0.007348878617441277,5.9768258676280395e-05,normalized94_abs_anchor_delta94_identity1,5ca38ebab9e2d191354ce7db934bf08f2b50c31bad2a7874ac97af410c8ebfc0,5f1856ab997bb2b6c75b181dafb53ff0c06d6abe1e0aecbb1e79615aa8d135ae
UNION_s2,objective,193,0.6278369825675778,0.6204882178243801,0.0073487647431977315,2.463769009908333e-05,normalized94_abs_anchor_delta94_identity1,5ca38ebab9e2d191354ce7db934bf08f2b50c31bad2a7874ac97af410c8ebfc0,e600f2047f89da8e289b7c8c43ce947baab97787378b31db36bdf9c304b89597
UNION_s2,objective,194,0.6278369778655449,0.6204882399387336,0.007348737926811296,1.7827880796817793e-05,normalized94_abs_anchor_delta94_identity1,5ca38ebab9e2d191354ce7db934bf08f2b50c31bad2a7874ac97af410c8ebfc0,5b1c140c4cb4568039a9029ef9ca7c55d40b3315321909681940c09b8882790e
UNION_s2,objective,195,0.6278369649762352,0.6204881609128282,0.007348804063406947,2.6374284587893326e-05,normalized94_abs_anchor_delta94_identity1,5ca38ebab9e2d191354ce7db934bf08f2b50c31bad2a7874ac97af410c8ebfc0,9b0e2d8fbd2dc0ce6417a2b2c3288a7295744e3ee25dedffa2fdebb56c5bf1c7
UNION_s2,objective,196,0.6278369565694562,0.6204882531185394,0.0073487034509167265,6.022550293971605e-05,normalized94_abs_anchor_delta94_identity1,5ca38ebab9e2d191354ce7db934bf08f2b50c31bad2a7874ac97af410c8ebfc0,05b8901afbb4c5b2758a6d7f9a941f064544e64622b5f36ae6118840fe76871c
UNION_s2,objective,197,0.6278369500370072,0.620488305916612,0.00734864412039525,3.9742378134784146e-05,normalized94_abs_anchor_delta94_identity1,5ca38ebab9e2d191354ce7db934bf08f2b50c31bad2a7874ac97af410c8ebfc0,9188897828f77ab1ddcba2fcb8bb7fa5a5e29b68b41828b2d032baf0e4d02376
UNION_s2,objective,198,0.627836946082798,0.620488362383811,0.007348583698987027,1.9628263706176093e-05,normalized94_abs_anchor_delta94_identity1,5ca38ebab9e2d191354ce7db934bf08f2b50c31bad2a7874ac97af410c8ebfc0,83c1e4c6b23f8128747b79d5c03da32692cb09255384879dcb2540cdf026e400
UNION_s2,objective,199,0.6278369429746217,0.6204884059081229,0.0073485370664987375,1.9982430238522546e-05,normalized94_abs_anchor_delta94_identity1,5ca38ebab9e2d191354ce7db934bf08f2b50c31bad2a7874ac97af410c8ebfc0,eb76d9790916684a9aff3fbfa69dfb23e581c2adf452cebf5137065fdedfae02
UNION_s2,objective,200,0.6278369376073413,0.6204884547460802,0.007348482861261079,2.560634664566303e-05,normalized94_abs_anchor_delta94_identity1,5ca38ebab9e2d191354ce7db934bf08f2b50c31bad2a7874ac97af410c8ebfc0,3d65080fab694a1ea38950f2fd87e6054815d3c4186d0a2c8f789cbc159c0329
UNION_s2,objective,201,0.6278369294167186,0.6204885116600583,0.007348417756660447,2.2689636491109278e-05,normalized94_abs_anchor_delta94_identity1,5ca38ebab9e2d191354ce7db934bf08f2b50c31bad2a7874ac97af410c8ebfc0,b6a306be8455d3da8be5373913e069e3d03d102d65c936eabf4bb576f7dfa8ee
UNION_s2,objective,202,0.6278369348793117,0.6204886775898619,0.007348257289449744,0.00010792018987057479,normalized94_abs_anchor_delta94_identity1,5ca38ebab9e2d191354ce7db934bf08f2b50c31bad2a7874ac97af410c8ebfc0,3c6b4e05ccda602bdc887d1c72d830aa7bcf159ec3c459e7f67d9a049c98e0a8
UNION_s2,objective,203,0.6278369268786145,0.620488567120251,0.0073483597583634454,4.2877565063286475e-05,normalized94_abs_anchor_delta94_identity1,5ca38ebab9e2d191354ce7db934bf08f2b50c31bad2a7874ac97af410c8ebfc0,4e661143f3dcc4bbe5e87adf393ecfa4a606efd31d065d067e8130bf114fa1f6
UNION_s2,objective,204,0.6278369230936965,0.620488627666335,0.007348295427361623,1.9568785408611198e-05,normalized94_abs_anchor_delta94_identity1,5ca38ebab9e2d191354ce7db934bf08f2b50c31bad2a7874ac97af410c8ebfc0,567599cba72f08d498348de0eae4a9311d6b721d9037b43ffc0e078d6db1a0f8
UNION_s2,objective,205,0.6278369211268555,0.620488699715464,0.0073482214113914516,1.1253580578266542e-05,normalized94_abs_anchor_delta94_identity1,5ca38ebab9e2d191354ce7db934bf08f2b50c31bad2a7874ac97af410c8ebfc0,a69311eb2aee5e9885784c0755b7f8a4548adee504c46c2abdeaaa3ef689e69c
UNION_s2,objective,206,0.6278369195358346,0.6204887991017018,0.00734812043413278,1.515995742964717e-05,normalized94_abs_anchor_delta94_identity1,5ca38ebab9e2d191354ce7db934bf08f2b50c31bad2a7874ac97af410c8ebfc0,4f076ed19afaaa46614f693dd667fc150afe25b9b545b866ad0ebc8f983e3108
UNION_s2,objective,207,0.6278369168756639,0.6204889987475148,0.007347918128149103,1.907542817034921e-05,normalized94_abs_anchor_delta94_identity1,5ca38ebab9e2d191354ce7db934bf08f2b50c31bad2a7874ac97af410c8ebfc0,a57dc131066383057f50262bfa5b8e1f95f2768ffafeac014bc9b2fb051a4bd6
UNION_s2,objective,208,0.6278369115834261,0.6204894521387841,0.007347459444641971,2.1350552238140085e-05,normalized94_abs_anchor_delta94_identity1,5ca38ebab9e2d191354ce7db934bf08f2b50c31bad2a7874ac97af410c8ebfc0,bab7f6fd744d101e416f255b5928c3d20656d8302472aac0fe674fd5af92c081
UNION_s2,objective,209,0.6278369227213249,0.6204903873907307,0.007346535330594199,0.0001114470966015251,normalized94_abs_anchor_delta94_identity1,5ca38ebab9e2d191354ce7db934bf08f2b50c31bad2a7874ac97af410c8ebfc0,4ce191e741cf6a3f29886e9be154f53c42c1164b2a80f3c883f4e19f11811486
UNION_s2,objective,210,0.6278369095985327,0.6204897091705441,0.0073472004279885456,2.889553528695554e-05,normalized94_abs_anchor_delta94_identity1,5ca38ebab9e2d191354ce7db934bf08f2b50c31bad2a7874ac97af410c8ebfc0,a8b7ab7b622c7d59d6b2a1888cbce7446943adc541e6b2ad5f44a12949a1bae0
UNION_s2,objective,211,0.6278369059398016,0.6204901560145452,0.0073467499252563686,2.5774888073860002e-05,normalized94_abs_anchor_delta94_identity1,5ca38ebab9e2d191354ce7db934bf08f2b50c31bad2a7874ac97af410c8ebfc0,9b60d57e8d633561041ba05ef7652b2db9ea6dfb83cf3b7d632c9a4541d20882
UNION_s2,objective,212,0.6278369038654653,0.6204903481844669,0.007346555680998383,1.885630136288473e-05,normalized94_abs_anchor_delta94_identity1,5ca38ebab9e2d191354ce7db934bf08f2b50c31bad2a7874ac97af410c8ebfc0,1c5ba1073f5dbdfcf827c0367d3260351312f25e464e7863dafd95b0b676a105
UNION_s2,objective,213,0.6278369024500516,0.6204903231002639,0.007346579349787821,1.604660289045257e-05,normalized94_abs_anchor_delta94_identity1,5ca38ebab9e2d191354ce7db934bf08f2b50c31bad2a7874ac97af410c8ebfc0,57334dcc2c407e36fd139dff88a80545eae80b129deb961387519202995e5150
UNION_s2,objective,214,0.6278368981261971,0.6204904928021752,0.007346405324022,1.0213397934342647e-05,normalized94_abs_anchor_delta94_identity1,5ca38ebab9e2d191354ce7db934bf08f2b50c31bad2a7874ac97af410c8ebfc0,a2a2bb11a0013ebde2f8859880e6ec3c4aa7b4b28bf50a281935db6fac3f36f7
UNION_s2,objective,215,0.6278368953581267,0.6204908673537831,0.007346028004343599,2.6684671923477575e-05,normalized94_abs_anchor_delta94_identity1,5ca38ebab9e2d191354ce7db934bf08f2b50c31bad2a7874ac97af410c8ebfc0,59b9e2f8404ffbfc6b0cc9daa9d1b3d98b201604dce776e57addb8bd46634752
UNION_s2,objective,216,0.6278368937430917,0.6204913274159797,0.00734556632711198,3.653244146990901e-05,normalized94_abs_anchor_delta94_identity1,5ca38ebab9e2d191354ce7db934bf08f2b50c31bad2a7874ac97af410c8ebfc0,636b418c664b84c9860a67b3bbeccd0f1f8f186b926709d722720afb445d6fce
UNION_s2,objective,217,0.6278368916797769,0.6204912363949953,0.007345655284781581,1.3956385787836587e-05,normalized94_abs_anchor_delta94_identity1,5ca38ebab9e2d191354ce7db934bf08f2b50c31bad2a7874ac97af410c8ebfc0,e9c004d8ba31f735283cd5c8e8926365934ba8e7eb2403567ac5acbf9ef2fd4c
UNION_s2,objective,218,0.6278368905625569,0.6204912713141696,0.007345619248387306,8.302246912042039e-06,normalized94_abs_anchor_delta94_identity1,5ca38ebab9e2d191354ce7db934bf08f2b50c31bad2a7874ac97af410c8ebfc0,e8aa1126752730331b3674a49aaee14236cfbb5199f818b81e6fb70bc8756397
UNION_s2,objective,219,0.6278368895221116,0.6204913361581219,0.007345553363989621,9.966481615239247e-06,normalized94_abs_anchor_delta94_identity1,5ca38ebab9e2d191354ce7db934bf08f2b50c31bad2a7874ac97af410c8ebfc0,b755949700cb7d965bb5ad4c56af373562d637d4b5a897b4dd13009f73d2f475
UNION_s2,objective,220,0.6278368877069219,0.6204914127148324,0.0073454749920895115,9.950318731702447e-06,normalized94_abs_anchor_delta94_identity1,5ca38ebab9e2d191354ce7db934bf08f2b50c31bad2a7874ac97af410c8ebfc0,8b572d11314aa64d2f346a59bba7e3fe35e6d03a8d0a38dd983d1c8b9c87bcf5
UNION_s2,objective,221,0.6278368892456335,0.6204917391752388,0.007345150070394759,4.1533804152834616e-05,normalized94_abs_anchor_delta94_identity1,5ca38ebab9e2d191354ce7db934bf08f2b50c31bad2a7874ac97af410c8ebfc0,bd61299c029e3e59186d121f4d85b84f50d6df6eee21d3803fa694db8b02d443
UNION_s2,objective,222,0.6278368866569699,0.6204915381674452,0.0073453484895247,1.900027897192196e-05,normalized94_abs_anchor_delta94_identity1,5ca38ebab9e2d191354ce7db934bf08f2b50c31bad2a7874ac97af410c8ebfc0,1cfcf6af15e68acf516ddf5a3e9cb3ce14eaf3f9b70ff1b4894d1b0306b2982f
UNION_s2,objective,223,0.6278368860432555,0.6204916848497096,0.007345201193545819,2.9145450409099482e-05,normalized94_abs_anchor_delta94_identity1,5ca38ebab9e2d191354ce7db934bf08f2b50c31bad2a7874ac97af410c8ebfc0,653922dd59cbc344069bcbca1b154db5bad13da02e7d77a2fe5cffdf54958956
UNION_s2,objective,224,0.6278368848969818,0.6204916525523353,0.007345232344646414,9.937796599816225e-06,normalized94_abs_anchor_delta94_identity1,5ca38ebab9e2d191354ce7db934bf08f2b50c31bad2a7874ac97af410c8ebfc0,638bac5dbc4e02075bac214630fcd24c63b3b630ba7ad4361f6a60fc7efcdc32
UNION_s2,objective,225,0.6278368843545661,0.6204916437226878,0.007345240631878252,8.516780054559496e-06,normalized94_abs_anchor_delta94_identity1,5ca38ebab9e2d191354ce7db934bf08f2b50c31bad2a7874ac97af410c8ebfc0,b1423c4250bcf027072e1d15cc501b70eb76f8b0ba5aadf76ca73493baf4345f
UNION_s2,objective,226,0.6278368834315685,0.6204916563848922,0.007345227046676329,1.069852340840258e-05,normalized94_abs_anchor_delta94_identity1,5ca38ebab9e2d191354ce7db934bf08f2b50c31bad2a7874ac97af410c8ebfc0,7e1fa3cec39d81da498e08293bfd0d238ac0d53c5597ca7e809b42390324cf5f
UNION_s2,objective,227,0.6278368815318509,0.6204917874642613,0.007345094067589601,1.8163896473778453e-05,normalized94_abs_anchor_delta94_identity1,5ca38ebab9e2d191354ce7db934bf08f2b50c31bad2a7874ac97af410c8ebfc0,332300bcb552e7caac012badd26fbb5853a18360e54c868744760e13be1dd29f
UNION_s2,objective,228,0.6278368816423329,0.620491762743812,0.0073451188985208535,3.8629591208211936e-05,normalized94_abs_anchor_delta94_identity1,5ca38ebab9e2d191354ce7db934bf08f2b50c31bad2a7874ac97af410c8ebfc0,d96863991a52514d13b6e1787045ff3d0fd7513ac53e621b28c2615a2081eee5
UNION_s2,objective,229,0.6278368801738397,0.6204917739592191,0.0073451062146205936,1.7843655065009078e-05,normalized94_abs_anchor_delta94_identity1,5ca38ebab9e2d191354ce7db934bf08f2b50c31bad2a7874ac97af410c8ebfc0,a8f546ac1e9ee72b45c56206f9ab29713b29a10c0b7901dd388454c2eebf5a2b
UNION_s2,objective,230,0.6278368784846146,0.6204918871131994,0.007344991371415195,1.203639890706809e-05,normalized94_abs_anchor_delta94_identity1,5ca38ebab9e2d191354ce7db934bf08f2b50c31bad2a7874ac97af410c8ebfc0,4fd79e7781d7993c2fd083920051a1cacf830de7f259ea231148d66a8ba2a386
UNION_s2,objective,231,0.6278368771897004,0.6204919699408744,0.007344907248825918,9.439565384413724e-06,normalized94_abs_anchor_delta94_identity1,5ca38ebab9e2d191354ce7db934bf08f2b50c31bad2a7874ac97af410c8ebfc0,7f3654bc798bf6ae6097d28807dc62e2fa9844b7617c3a7dd120b71ed951ce22
UNION_s2,objective,232,0.6278368759724784,0.6204919685219599,0.007344907450518539,1.0297801081177946e-05,normalized94_abs_anchor_delta94_identity1,5ca38ebab9e2d191354ce7db934bf08f2b50c31bad2a7874ac97af410c8ebfc0,cdaef27eadc970f79094934782faacb01b5fe4998d2c16a25f183ce498c41f9e
UNION_s2,objective,233,0.627836874430643,0.6204920257489592,0.007344848681683745,1.3521672139058454e-05,normalized94_abs_anchor_delta94_identity1,5ca38ebab9e2d191354ce7db934bf08f2b50c31bad2a7874ac97af410c8ebfc0,6a7dc1e35e3b0c8840b49625c601ff25730f59658c7c22bfb9da2f712b1d5915
UNION_s2,objective,234,0.6278368732781701,0.6204920212648728,0.007344852013297312,7.832124604140996e-06,normalized94_abs_anchor_delta94_identity1,5ca38ebab9e2d191354ce7db934bf08f2b50c31bad2a7874ac97af410c8ebfc0,2b4caa3906ac81579989dd389acdb693ac84040ecda5d670650368f677125232
UNION_s2,objective,235,0.6278368725700658,0.6204920058322521,0.007344866737813786,1.025171754571068e-05,normalized94_abs_anchor_delta94_identity1,5ca38ebab9e2d191354ce7db934bf08f2b50c31bad2a7874ac97af410c8ebfc0,0c5dd1692d403284ef46b62506218453e5273edf10c56cdf0da264225b650f21
UNION_s2,objective,236,0.6278368725167369,0.6204919952635044,0.0073448772532324754,2.8402437777471328e-05,normalized94_abs_anchor_delta94_identity1,5ca38ebab9e2d191354ce7db934bf08f2b50c31bad2a7874ac97af410c8ebfc0,eeb8a2a6ce62a20cbedd090be01e515cc0f4fe640a28632f090e2fb99472dbb7
UNION_s2,objective,237,0.6278368722061692,0.6204920000060608,0.007344872200108492,1.2670950702871422e-05,normalized94_abs_anchor_delta94_identity1,5ca38ebab9e2d191354ce7db934bf08f2b50c31bad2a7874ac97af410c8ebfc0,96118f7362934acf866d55e68bf48d373b74a283dd54fdb03cd5e24befc653ba
UNION_s2,objective,238,0.6278368719045427,0.6204919872002876,0.007344884704255105,9.093406591854095e-06,normalized94_abs_anchor_delta94_identity1,5ca38ebab9e2d191354ce7db934bf08f2b50c31bad2a7874ac97af410c8ebfc0,2d80dd1b4c47c31bc4efb1603bc77a7582c423d0d6e4d3861d59f59dff40abe4
UNION_s2,objective,239,0.6278368714381269,0.6204919771760652,0.007344894262061719,5.424775017786518e-06,normalized94_abs_anchor_delta94_identity1,5ca38ebab9e2d191354ce7db934bf08f2b50c31bad2a7874ac97af410c8ebfc0,6cd590e9e244a12d20a806278e62f06de9a6cd864b9f35ba4b0a431a466174bc
UNION_s2,objective,240,0.6278368711247616,0.6204919833146255,0.007344887810136064,6.678262269352135e-06,normalized94_abs_anchor_delta94_identity1,5ca38ebab9e2d191354ce7db934bf08f2b50c31bad2a7874ac97af410c8ebfc0,aea0bd3d0faaf2ba79a14cdb25945475276ad247fadf65d4704ae14666293240
UNION_s2,objective,241,0.6278368704140165,0.620491997006592,0.007344873407424476,9.145751358690537e-06,normalized94_abs_anchor_delta94_identity1,5ca38ebab9e2d191354ce7db934bf08f2b50c31bad2a7874ac97af410c8ebfc0,607299f8b5215e5f6584c8ca7dcb07ade318fae36d8def288d91bdf725ba2b2c
UNION_s2,objective,242,0.6278368696311194,0.6204920493292021,0.007344820301917348,1.3489203483990199e-05,normalized94_abs_anchor_delta94_identity1,5ca38ebab9e2d191354ce7db934bf08f2b50c31bad2a7874ac97af410c8ebfc0,420ab81110627ec5349cbeca885a4635320ae69fa4c7e6195b2f34e55fdd94b3
UNION_s2,objective,243,0.6278368690219577,0.6204920721353543,0.007344796886603429,1.8745041185542492e-05,normalized94_abs_anchor_delta94_identity1,5ca38ebab9e2d191354ce7db934bf08f2b50c31bad2a7874ac97af410c8ebfc0,87871a46ceed8557a6ae9c9f1d475f1018d87bd2872fcc01adfc6a29601ce2a3
UNION_s2,objective,244,0.6278368684170338,0.6204920638259229,0.007344804591110857,6.479989271423292e-06,normalized94_abs_anchor_delta94_identity1,5ca38ebab9e2d191354ce7db934bf08f2b50c31bad2a7874ac97af410c8ebfc0,d20bb842587272d8892fc60df58f4ea9e3dad515743e3373ce44a555977b323b
UNION_s2,objective,245,0.6278368681166415,0.6204920589474492,0.007344809169192304,5.9718793288495045e-06,normalized94_abs_anchor_delta94_identity1,5ca38ebab9e2d191354ce7db934bf08f2b50c31bad2a7874ac97af410c8ebfc0,ac9de3f53e50d7af1c4a39c7513b230dd0e1217d157280f44a2af304fda3fd1f
UNION_s2,objective,246,0.6278368679079321,0.6204920575896867,0.007344810318245431,7.039411662863756e-06,normalized94_abs_anchor_delta94_identity1,5ca38ebab9e2d191354ce7db934bf08f2b50c31bad2a7874ac97af410c8ebfc0,49eef5a18cd8de83e33c7d78f1f76ace51ef75a361ef228cd70c88a841fce2ca
UNION_s2,objective,247,0.627836867165753,0.6204920643658598,0.007344802799893221,7.867870805632378e-06,normalized94_abs_anchor_delta94_identity1,5ca38ebab9e2d191354ce7db934bf08f2b50c31bad2a7874ac97af410c8ebfc0,63e33d1f9cffd1405a2155fdab6d8e3be3be62404e839c39c7c3dacc319ac798
UNION_s2,objective,248,0.6278368666180365,0.6204921128289103,0.007344753789126219,1.5495078338924997e-05,normalized94_abs_anchor_delta94_identity1,5ca38ebab9e2d191354ce7db934bf08f2b50c31bad2a7874ac97af410c8ebfc0,9d2ff2542518608f3160eef9b9a8cd50c3e10cf3c6c71c0de0a263bf589643bc
UNION_s2,objective,249,0.6278368663742367,0.620492121402247,0.007344744971989732,2.497366992523776e-05,normalized94_abs_anchor_delta94_identity1,5ca38ebab9e2d191354ce7db934bf08f2b50c31bad2a7874ac97af410c8ebfc0,025b534e03569bba1136db29f769f047e0dcd4e1f9061a4d1c6c3398a5432cc1
UNION_s2,objective,250,0.6278368657443324,0.6204921158705079,0.007344749873824454,7.439580536931106e-06,normalized94_abs_anchor_delta94_identity1,5ca38ebab9e2d191354ce7db934bf08f2b50c31bad2a7874ac97af410c8ebfc0,9a5c9b1da76fd97d4a43e7466ab4319b8cf439f1dd09d2cdad4ea3c2167db856
UNION_s2,objective,251,0.6278368655825732,0.6204921220826053,0.007344743499967946,4.3376144080447855e-06,normalized94_abs_anchor_delta94_identity1,5ca38ebab9e2d191354ce7db934bf08f2b50c31bad2a7874ac97af410c8ebfc0,f00df28cb2cf01f187dee769c8641418b8557b9b3a800733848b1b19f9e9eaa0
UNION_s2,objective,252,0.6278368654112484,0.6204921351647381,0.0073447302465102695,5.447861944590234e-06,normalized94_abs_anchor_delta94_identity1,5ca38ebab9e2d191354ce7db934bf08f2b50c31bad2a7874ac97af410c8ebfc0,6fba16907d5ece754276d3df6ffa689f7d286be9bc7b67b58e659cd243611e8e
UNION_s2,objective,253,0.6278368651993796,0.6204921524164616,0.007344712782917985,5.840046744777089e-06,normalized94_abs_anchor_delta94_identity1,5ca38ebab9e2d191354ce7db934bf08f2b50c31bad2a7874ac97af410c8ebfc0,57f69a04436995ecc785c9781d3e63e53a9b8cb564c3f86d4dbbf079af8ec952
UNION_s2,objective,254,0.627836864636828,0.6204922039457217,0.007344660691106337,8.663479824723714e-06,normalized94_abs_anchor_delta94_identity1,5ca38ebab9e2d191354ce7db934bf08f2b50c31bad2a7874ac97af410c8ebfc0,4bd1ebb269fe05f9688e5cf919e63ceb64f124f46a111390b19f7b9bcb44c3ed
UNION_s2,objective,255,0.6278368647480079,0.6204923076023908,0.0073445571456170824,2.2905475539589913e-05,normalized94_abs_anchor_delta94_identity1,5ca38ebab9e2d191354ce7db934bf08f2b50c31bad2a7874ac97af410c8ebfc0,8f489ce21b3983a8192105b2ab953de267eb9bd2bea1209c8e4089e7635fbb73
UNION_s2,objective,256,0.6278368644122384,0.6204922503174147,0.007344614094823696,8.527503326937566e-06,normalized94_abs_anchor_delta94_identity1,5ca38ebab9e2d191354ce7db934bf08f2b50c31bad2a7874ac97af410c8ebfc0,964a7878f970cbdcd19905900059c2edf5328d190a7e906cb5284f1cd6fe0501
UNION_s2,objective,257,0.6278368640327082,0.6204922918577926,0.007344572174915558,5.600286710102342e-06,normalized94_abs_anchor_delta94_identity1,5ca38ebab9e2d191354ce7db934bf08f2b50c31bad2a7874ac97af410c8ebfc0,e9180bbfe269c186309ae8b17c567c59e0e4c437accb526b96c8c0d98d7bcea6
UNION_s2,objective,258,0.6278368636328567,0.6204923455703059,0.0073445180625508885,4.172382385493056e-06,normalized94_abs_anchor_delta94_identity1,5ca38ebab9e2d191354ce7db934bf08f2b50c31bad2a7874ac97af410c8ebfc0,dde2e67a551146d0f8faa64ec682223e312247a7ef56e6d08077e24fe0bca371
UNION_s2,objective,259,0.6278368629580411,0.6204924609706778,0.0073444019873632515,5.369578340762893e-06,normalized94_abs_anchor_delta94_identity1,5ca38ebab9e2d191354ce7db934bf08f2b50c31bad2a7874ac97af410c8ebfc0,74f3c86c3d0e6ac6ed0f1aadf8dc1df4dc94e742903e5f1ba11e0a3efd307c26
UNION_s2,objective,260,0.6278368624503192,0.6204925624689149,0.007344299981404304,6.19047259503863e-06,normalized94_abs_anchor_delta94_identity1,5ca38ebab9e2d191354ce7db934bf08f2b50c31bad2a7874ac97af410c8ebfc0,c76ef8b91a36338e6aeac12e12e2ebee07638973ee06cbad2419e7cdda0d83df
UNION_s2,objective,261,0.6278368621852553,0.6204926526144715,0.007344209570783759,6.713349202792466e-06,normalized94_abs_anchor_delta94_identity1,5ca38ebab9e2d191354ce7db934bf08f2b50c31bad2a7874ac97af410c8ebfc0,292b8cc44b3f7a339676debb4a2a73c9ff8bfaa4f0cf7a8d3609ff925c452216
UNION_s2,objective,262,0.6278368620083298,0.620492654945606,0.007344207062723808,6.251606739385472e-06,normalized94_abs_anchor_delta94_identity1,5ca38ebab9e2d191354ce7db934bf08f2b50c31bad2a7874ac97af410c8ebfc0,51ccd95d13403e5c62e6afa11770eb9a74ffdc9aa65739f5c25edcc46488dea9
UNION_s2,objective,263,0.627836861910184,0.6204926439866246,0.007344217923559278,5.183351861567566e-06,normalized94_abs_anchor_delta94_identity1,5ca38ebab9e2d191354ce7db934bf08f2b50c31bad2a7874ac97af410c8ebfc0,e9298fc240ed6cf79cf3713de9e57ab92ad7490c33f9b2a507e2f20864495412
UNION_s2,objective,264,0.6278368617236533,0.6204926590265873,0.00734420269706593,4.743741812364424e-06,normalized94_abs_anchor_delta94_identity1,5ca38ebab9e2d191354ce7db934bf08f2b50c31bad2a7874ac97af410c8ebfc0,0e54f6a645ee7dd5ac7d3e82f94d7d7b8362b0366266e6a6d93c681c52395022
UNION_s2,objective,265,0.627836861711471,0.6204927205607158,0.007344141150755225,1.092160317140192e-05,normalized94_abs_anchor_delta94_identity1,5ca38ebab9e2d191354ce7db934bf08f2b50c31bad2a7874ac97af410c8ebfc0,6fa9c0118926ad278ff35e9d2f618fd6b8437d667291575a08b576f30d349d34
UNION_s2,objective,266,0.6278368616181724,0.6204926906425875,0.007344170975584969,4.177070775123932e-06,normalized94_abs_anchor_delta94_identity1,5ca38ebab9e2d191354ce7db934bf08f2b50c31bad2a7874ac97af410c8ebfc0,85cd4778e408723f07422a85a07269fd9d454e91331c073bdf3ca933a20debb5
UNION_s2,objective,267,0.6278368615413387,0.6204927205097339,0.0073441410316047685,3.20558303842224e-06,normalized94_abs_anchor_delta94_identity1,5ca38ebab9e2d191354ce7db934bf08f2b50c31bad2a7874ac97af410c8ebfc0,21a30b13d072a0b50fa7052d2afc3ab30fb89828e678da38381053d43ca89354
UNION_s2,objective,268,0.6278368613891966,0.620492788550078,0.007344072839118696,3.560791108737249e-06,normalized94_abs_anchor_delta94_identity1,5ca38ebab9e2d191354ce7db934bf08f2b50c31bad2a7874ac97af410c8ebfc0,46ca1c852ee3e38c963a6da6e3ba1fe4f7cc05d2dcd9817fdf59463469e21f44
UNION_s2,objective,269,0.6278368625705908,0.620492852560001,0.007344010010589799,3.55650024308049e-05,normalized94_abs_anchor_delta94_identity1,5ca38ebab9e2d191354ce7db934bf08f2b50c31bad2a7874ac97af410c8ebfc0,c06da82f9ca1d727271732db54240f235a4d134cd85b77a06d68d8242aa2a274
UNION_s2,objective,270,0.6278368613414824,0.6204927988464889,0.007344062494993478,4.850019823028951e-06,normalized94_abs_anchor_delta94_identity1,5ca38ebab9e2d191354ce7db934bf08f2b50c31bad2a7874ac97af410c8ebfc0,5a678386457a09e6fbe5d97a605186cd6aa6cdaedc58ceb4d0031510300d222c
UNION_s2,objective,271,0.6278368612322481,0.6204928281285255,0.007344033103722654,4.118851137673699e-06,normalized94_abs_anchor_delta94_identity1,5ca38ebab9e2d191354ce7db934bf08f2b50c31bad2a7874ac97af410c8ebfc0,21b0ed1aaaffc83d7fb57d12781ba6f6d3492cae8e73455633dc2dd16a0fbaee
UNION_s2,objective,272,0.6278368609773475,0.6204928765146347,0.007343984462712782,3.0296834650789507e-06,normalized94_abs_anchor_delta94_identity1,5ca38ebab9e2d191354ce7db934bf08f2b50c31bad2a7874ac97af410c8ebfc0,9ebbb9aa70b77d83df524041d9c3e9e2716a95ff3d5016f4914f202ead3a4e94
UNION_s2,objective,273,0.6278368607872682,0.6204929101451798,0.00734395064208835,3.035140559260358e-06,normalized94_abs_anchor_delta94_identity1,5ca38ebab9e2d191354ce7db934bf08f2b50c31bad2a7874ac97af410c8ebfc0,859cad4bc650ee74b92ef1a5c63bc6cbafda0eba1b58c59694deb0a94f756767
UNION_s2,objective,274,0.6278368607670118,0.6204929378158949,0.007343922951116922,9.4965277133014e-06,normalized94_abs_anchor_delta94_identity1,5ca38ebab9e2d191354ce7db934bf08f2b50c31bad2a7874ac97af410c8ebfc0,129aa60c44a8cc702896e7879aa4cda3594b3ac941187e4d34511fb04dbc5703
UNION_s2,objective,275,0.6278368605899347,0.6204929370067465,0.0073439235831882655,4.48888891573688e-06,normalized94_abs_anchor_delta94_identity1,5ca38ebab9e2d191354ce7db934bf08f2b50c31bad2a7874ac97af410c8ebfc0,a0b7c3ecd6d3f1ddfc3dc82405d3634092a7886cb11613b6220a41365e6ae212
UNION_s2,objective,276,0.6278368605152707,0.6204929336125631,0.007343926902707624,2.1226968378924397e-06,normalized94_abs_anchor_delta94_identity1,5ca38ebab9e2d191354ce7db934bf08f2b50c31bad2a7874ac97af410c8ebfc0,75d5099b9e6675bf03a3476162fc4923c2be4ebe1fd3c8ef0bd38d416180c057
UNION_s2,objective,277,0.6278368604267642,0.6204929589957437,0.007343901431020537,2.4700561282042327e-06,normalized94_abs_anchor_delta94_identity1,5ca38ebab9e2d191354ce7db934bf08f2b50c31bad2a7874ac97af410c8ebfc0,4d4b72c5761fc3ccbff6002d6b4b0583ee9163fb683218a2e5de319e3a7d277d
UNION_s2,objective,278,0.6278368603309801,0.6204930132937421,0.007343847037238017,3.5814489759322754e-06,normalized94_abs_anchor_delta94_identity1,5ca38ebab9e2d191354ce7db934bf08f2b50c31bad2a7874ac97af410c8ebfc0,bc2af8cf957703808f0e9bce3af10e6abffc0a2a7cdbecd84a2c3667414dfaf4
UNION_s2,objective,279,0.6278368602900981,0.6204930501257879,0.007343810164310142,3.056767557928681e-06,normalized94_abs_anchor_delta94_identity1,5ca38ebab9e2d191354ce7db934bf08f2b50c31bad2a7874ac97af410c8ebfc0,38585744e71abc66159dbec2724e21d6f8f41ceae7473d3f7fea557f1253df7f
UNION_s2,objective,280,0.6278368602632202,0.6204930522172193,0.007343808046000884,1.602097968361711e-06,normalized94_abs_anchor_delta94_identity1,5ca38ebab9e2d191354ce7db934bf08f2b50c31bad2a7874ac97af410c8ebfc0,c9bcb7bde4ed28c1c46b420b64d19a6a247af1ff29c39448c6094c8cecabc41f
UNION_s2,objective,281,0.6278368602356492,0.6204930537051218,0.007343806530527427,1.962430003985296e-06,normalized94_abs_anchor_delta94_identity1,5ca38ebab9e2d191354ce7db934bf08f2b50c31bad2a7874ac97af410c8ebfc0,4dcb53e45b0c1d8a5681bfe10fbd830fb9db04a519a15b93135366ea7ff9a697
UNION_s2,objective,282,0.6278368601925188,0.620493058598309,0.007343801594209798,2.6122878011405715e-06,normalized94_abs_anchor_delta94_identity1,5ca38ebab9e2d191354ce7db934bf08f2b50c31bad2a7874ac97af410c8ebfc0,36882260e71159cfd8669c994503e9e76658a953c5aaad03bf088a4d81df70fb
UNION_s2,objective,283,0.627836860122573,0.6204930720943637,0.00734378802820935,1.9609513185288126e-06,normalized94_abs_anchor_delta94_identity1,5ca38ebab9e2d191354ce7db934bf08f2b50c31bad2a7874ac97af410c8ebfc0,b09a0ea71c710e865c51d144c790e22531a2a0596824245dba07ccec055b0342
UNION_s2,objective,284,0.6278368604081381,0.6204931200905649,0.0073437403175732035,1.6059116699408095e-05,normalized94_abs_anchor_delta94_identity1,5ca38ebab9e2d191354ce7db934bf08f2b50c31bad2a7874ac97af410c8ebfc0,b69672b1ae228671f0e4d26ae86fe51e7e574256b0538cc7e30b7f06e895871d
UNION_s2,objective,285,0.627836860099011,0.6204930823944611,0.007343777704549864,4.106076258649316e-06,normalized94_abs_anchor_delta94_identity1,5ca38ebab9e2d191354ce7db934bf08f2b50c31bad2a7874ac97af410c8ebfc0,22f602d4f2ce032b1976867688b6b3c0b94172493955a596cc2e08d6ae76778f
UNION_s2,objective,286,0.6278368600595269,0.620493093416282,0.007343766643244876,1.821522320682692e-06,normalized94_abs_anchor_delta94_identity1,5ca38ebab9e2d191354ce7db934bf08f2b50c31bad2a7874ac97af410c8ebfc0,902b49e803dd9c6e7a4f625f87029f1b2c10656585b7884585f58288cfbb2562
UNION_s2,objective,287,0.6278368600339156,0.6204931035206456,0.007343756513270047,1.927140487046757e-06,normalized94_abs_anchor_delta94_identity1,5ca38ebab9e2d191354ce7db934bf08f2b50c31bad2a7874ac97af410c8ebfc0,061ce913d75de1779d074093eb82aae6848343d7c5d2fb5a2a8c53bee861505d
UNION_s2,objective,288,0.627836860006724,0.620493113323741,0.007343746682982937,2.8371284714690936e-06,normalized94_abs_anchor_delta94_identity1,5ca38ebab9e2d191354ce7db934bf08f2b50c31bad2a7874ac97af410c8ebfc0,20d77ea2a3d66bdb5b2b7d51df668a182146077e4a7877b5f1bd841c6d4c7828
UNION_s2,objective,289,0.6278368599549072,0.6204931285033306,0.007343731451576591,3.0349563649874675e-06,normalized94_abs_anchor_delta94_identity1,5ca38ebab9e2d191354ce7db934bf08f2b50c31bad2a7874ac97af410c8ebfc0,12e6c1c457288541d68cd7eaaa43602d06412137e7a1d6306e28fcb967221f49
UNION_s2,objective,290,0.6278368603179023,0.6204931301305142,0.00734373018738807,2.2270492129156564e-05,normalized94_abs_anchor_delta94_identity1,5ca38ebab9e2d191354ce7db934bf08f2b50c31bad2a7874ac97af410c8ebfc0,1c0c89ebbaa600820b7edf4ce7eaa170a11540f84db6b008b95bb289d65250c8
UNION_s2,objective,291,0.6278368599406137,0.6204931286956112,0.00734373124500245,5.48577339775276e-06,normalized94_abs_anchor_delta94_identity1,5ca38ebab9e2d191354ce7db934bf08f2b50c31bad2a7874ac97af410c8ebfc0,60cf5bea77169283e206f5122cf4b3e85f5555457933c1362301ada4b93ded80
UNION_s2,objective,292,0.6278368598926167,0.620493137542529,0.007343722350087746,2.7895008756581552e-06,normalized94_abs_anchor_delta94_identity1,5ca38ebab9e2d191354ce7db934bf08f2b50c31bad2a7874ac97af410c8ebfc0,e81f8f4b9419c38257d9bfee6c8c1ebe556c48b29dc1ef2bcb841dcb9f693275
UNION_s2,objective,293,0.6278368598672677,0.620493137436288,0.007343722430979696,1.2981959314004116e-06,normalized94_abs_anchor_delta94_identity1,5ca38ebab9e2d191354ce7db934bf08f2b50c31bad2a7874ac97af410c8ebfc0,e401111485a9822bc53dd986926d004f8faea82bdcd1ec2601e7ee59e68b64a5
UNION_s2,objective,294,0.6278368598530546,0.6204931346545234,0.007343725198531201,1.438565514252746e-06,normalized94_abs_anchor_delta94_identity1,5ca38ebab9e2d191354ce7db934bf08f2b50c31bad2a7874ac97af410c8ebfc0,86126199061f7f812cdfc3878ae155dfd2b05aae58ab11d4dde8fb3e383b1c6b
UNION_s2,objective,295,0.6278368598359906,0.6204931337499227,0.007343726086067908,1.5393354473745704e-06,normalized94_abs_anchor_delta94_identity1,5ca38ebab9e2d191354ce7db934bf08f2b50c31bad2a7874ac97af410c8ebfc0,e9dd6d33295850b240ceda19163a0ff8f727da9aa266f1dbb589df0ede5fd410
UNION_s2,objective,296,0.6278368598058657,0.6204931411057819,0.00734371870008374,4.433826398889363e-06,normalized94_abs_anchor_delta94_identity1,5ca38ebab9e2d191354ce7db934bf08f2b50c31bad2a7874ac97af410c8ebfc0,4a3c0fb3e822ec526f95e2c385189569a354982b14488e201170f572b720b67f
UNION_s2,objective,297,0.627836859765434,0.6204931449687227,0.007343714796711402,1.994862271035937e-06,normalized94_abs_anchor_delta94_identity1,5ca38ebab9e2d191354ce7db934bf08f2b50c31bad2a7874ac97af410c8ebfc0,281fb13ec63cfebfc23114d4eca27c8e4640e2c0f960caf4ae542269a28da38b
UNION_s2,objective,298,0.6278368597344495,0.6204931520441759,0.007343707690273611,1.5515715556646711e-06,normalized94_abs_anchor_delta94_identity1,5ca38ebab9e2d191354ce7db934bf08f2b50c31bad2a7874ac97af410c8ebfc0,e9d82b2d2ae3525f5f5848e3bc75a2f449d8d98d9619737ebcef1593caae2ea4
UNION_s2,objective,299,0.6278368596959384,0.6204931795805947,0.007343680115343718,3.108102628388824e-06,normalized94_abs_anchor_delta94_identity1,5ca38ebab9e2d191354ce7db934bf08f2b50c31bad2a7874ac97af410c8ebfc0,16ebcd09ef71640165e90cde3f91c96f84537a598d04d3ed734fe98e907a74ee
UNION_s2,objective,300,0.6278368596856317,0.6204931872653625,0.007343672420269197,2.64334142500727e-06,normalized94_abs_anchor_delta94_identity1,5ca38ebab9e2d191354ce7db934bf08f2b50c31bad2a7874ac97af410c8ebfc0,cd295220e62cc72175d2b72a7ae227ee7afa2ba1107f4540e8934f2028cf23a6
UNION_s2,objective,301,0.6278368596663351,0.6204931860004566,0.0073436736658785045,1.100377679213143e-06,normalized94_abs_anchor_delta94_identity1,5ca38ebab9e2d191354ce7db934bf08f2b50c31bad2a7874ac97af410c8ebfc0,a7b45625b1be28525c208c528cb43724363db186c320008d7312216c9d166039
UNION_s2,objective,302,0.6278368596550236,0.6204931881176292,0.007343671537394311,8.804914089075281e-07,normalized94_abs_anchor_delta94_identity1,5ca38ebab9e2d191354ce7db934bf08f2b50c31bad2a7874ac97af410c8ebfc0,68814ce3d96ac0f02fae302b4946982fad6f4c1b9a9664cf3509b89daaa20059
UNION_s2,objective,303,0.6278368596323073,0.6204931979833053,0.007343661649001968,2.4496808744343004e-06,normalized94_abs_anchor_delta94_identity1,5ca38ebab9e2d191354ce7db934bf08f2b50c31bad2a7874ac97af410c8ebfc0,72ebf6db7c1186d186e81c0d23be23338fd32e1201e36d1c9dc76cb4d06983a5
UNION_s2,objective,304,0.6278368596195423,0.6204932135773961,0.007343646042146168,2.608067929352632e-06,normalized94_abs_anchor_delta94_identity1,5ca38ebab9e2d191354ce7db934bf08f2b50c31bad2a7874ac97af410c8ebfc0,6eb6a5dab8d80309888dbcf75d5aefcbe39c60e4668f43037847977e8b4915f6
UNION_s2,objective,305,0.6278368596054712,0.6204932138729342,0.007343645732536973,1.1740641737996646e-06,normalized94_abs_anchor_delta94_identity1,5ca38ebab9e2d191354ce7db934bf08f2b50c31bad2a7874ac97af410c8ebfc0,48ec55a370cb47ddd6dce3272c7a0d98f4197e2ab8843f8bb9af3c1641ebbe5f
UNION_s2,objective,306,0.6278368595931076,0.620493217752624,0.007343641840483685,1.303171234787332e-06,normalized94_abs_anchor_delta94_identity1,5ca38ebab9e2d191354ce7db934bf08f2b50c31bad2a7874ac97af410c8ebfc0,5a7d17fb787cdb62e2cfb6762aec64df8190351595cb3cabe1058dc104b7cb6c
UNION_s2,objective,307,0.6278368595784585,0.6204932242470457,0.007343635331412766,1.529476130544793e-06,normalized94_abs_anchor_delta94_identity1,5ca38ebab9e2d191354ce7db934bf08f2b50c31bad2a7874ac97af410c8ebfc0,506a63c1058becf43085728f95b52de45ee87ee9823fe382bb4697f459a64200
UNION_s2,objective,308,0.6278368595371625,0.6204932476355439,0.007343611901618635,1.5303935363939957e-06,normalized94_abs_anchor_delta94_identity1,5ca38ebab9e2d191354ce7db934bf08f2b50c31bad2a7874ac97af410c8ebfc0,3b8091206023733b7fe2e8e57f53bfe823cc1caa95c54138855bc68fc986de9a
UNION_s2,objective,309,0.6278368596937882,0.6204932908126952,0.007343568881093046,1.2265409352014419e-05,normalized94_abs_anchor_delta94_identity1,5ca38ebab9e2d191354ce7db934bf08f2b50c31bad2a7874ac97af410c8ebfc0,92f5eaf8e4e5e436f56424ac752569a9a4edb5175fa765d25c6245da288b110e
UNION_s2,objective,310,0.6278368595303044,0.6204932549427166,0.007343604587587918,2.7855363584276252e-06,normalized94_abs_anchor_delta94_identity1,5ca38ebab9e2d191354ce7db934bf08f2b50c31bad2a7874ac97af410c8ebfc0,ce128a04e0d85a8582505bacedf55e55769f8b7324f69c3ee000a33e4b979f5c
UNION_s2,objective,311,0.6278368595129941,0.6204932675238175,0.007343591989176605,1.4172863661054898e-06,normalized94_abs_anchor_delta94_identity1,5ca38ebab9e2d191354ce7db934bf08f2b50c31bad2a7874ac97af410c8ebfc0,576cab89e8be5c546ecad27d800bfa19ce5f1d6500f54686d93ee749f602f0a2
UNION_s2,objective,312,0.6278368595017789,0.6204932761652523,0.007343583336526624,1.01187647184369e-06,normalized94_abs_anchor_delta94_identity1,5ca38ebab9e2d191354ce7db934bf08f2b50c31bad2a7874ac97af410c8ebfc0,5606b2bb3a98166efa8571cf90bd85f919138547113fe8a2a4ea81fdf40063fd
UNION_s2,objective,313,0.6278368594884505,0.6204932865037465,0.0073435729847039916,1.5000274094051975e-06,normalized94_abs_anchor_delta94_identity1,5ca38ebab9e2d191354ce7db934bf08f2b50c31bad2a7874ac97af410c8ebfc0,e5a4512c0fba7dcc01f6a75c72dc093f97a31b8066ab0f4bb9c8a129fd8ec247
UNION_s2,objective,314,0.6278368594717888,0.6204933002787499,0.007343559193038881,1.5966856213132793e-06,normalized94_abs_anchor_delta94_identity1,5ca38ebab9e2d191354ce7db934bf08f2b50c31bad2a7874ac97af410c8ebfc0,643e0b4dec8b6d84931539c5716db5ae44ab6aabb2406c49a67e889a91bf8c57
UNION_s2,objective,315,0.6278368594607711,0.6204933239438947,0.007343535516876371,4.338077716270388e-06,normalized94_abs_anchor_delta94_identity1,5ca38ebab9e2d191354ce7db934bf08f2b50c31bad2a7874ac97af410c8ebfc0,8227aa324ac8e4463f4efa1c8c0a4a50a88228400f82665c337c866f1cdf2edc
UNION_s2,objective,316,0.6278368594465072,0.6204933315982019,0.007343527848305394,1.3749715355846528e-06,normalized94_abs_anchor_delta94_identity1,5ca38ebab9e2d191354ce7db934bf08f2b50c31bad2a7874ac97af410c8ebfc0,6e1977397d52c26359827b7617ea3eb5b5f1aba41b37dfb2d99ab6cea93071b3
UNION_s2,objective,317,0.627836859442229,0.6204933244513633,0.007343534990865719,6.933369030936187e-07,normalized94_abs_anchor_delta94_identity1,5ca38ebab9e2d191354ce7db934bf08f2b50c31bad2a7874ac97af410c8ebfc0,67afa3723ea2bf96dbd2baf19615ec89e0bfe1bd114f5c97f41a97539bdf0b1d
UNION_s2,objective,318,0.62783685943882,0.6204933258760119,0.007343533562808016,5.798334850799277e-07,normalized94_abs_anchor_delta94_identity1,5ca38ebab9e2d191354ce7db934bf08f2b50c31bad2a7874ac97af410c8ebfc0,4f555aa52c606e3ff52070617aae9a8cb73df5a18fea4a660a83d13829b5e617
UNION_s2,objective,319,0.6278368594331264,0.6204933380456894,0.0073435213874370195,1.34812961839086e-06,normalized94_abs_anchor_delta94_identity1,5ca38ebab9e2d191354ce7db934bf08f2b50c31bad2a7874ac97af410c8ebfc0,9514237337a96ffa06a0ebfc063fdcd7e25a98851da5ad787f214625b01a103d
UNION_s2,objective,320,0.6278368594235267,0.6204933525031271,0.007343506920399604,6.872705951273413e-07,normalized94_abs_anchor_delta94_identity1,5ca38ebab9e2d191354ce7db934bf08f2b50c31bad2a7874ac97af410c8ebfc0,45b6e807012364f932d377d6462efd32a0434ef577573da74336439dbdec1aec
UNION_s2,objective,321,0.627836859416063,0.6204933688179874,0.007343490598075628,8.071499555596222e-07,normalized94_abs_anchor_delta94_identity1,5ca38ebab9e2d191354ce7db934bf08f2b50c31bad2a7874ac97af410c8ebfc0,acaca887b4a95e4f386e350800193410b7b6028de647576c946ca1532dcb3bd2
UNION_s2,objective,322,0.627836859411266,0.6204933993371303,0.007343460074135701,1.9161583667507794e-06,normalized94_abs_anchor_delta94_identity1,5ca38ebab9e2d191354ce7db934bf08f2b50c31bad2a7874ac97af410c8ebfc0,70407bcfa27f22f30e70089706ad280d1618f8faa5bcbf993866f4d8742e4fae
UNION_s2,objective,323,0.6278368594029338,0.6204934089604971,0.007343450442436617,1.009994121072763e-06,normalized94_abs_anchor_delta94_identity1,5ca38ebab9e2d191354ce7db934bf08f2b50c31bad2a7874ac97af410c8ebfc0,10deea1d57c2dc4a3b5e4e6e0cae14c8ece8da10014a38699bcfc6b33947fc64
UNION_s2,objective,324,0.6278368593990298,0.6204934081818629,0.0073434512171668504,8.063250865231397e-07,normalized94_abs_anchor_delta94_identity1,5ca38ebab9e2d191354ce7db934bf08f2b50c31bad2a7874ac97af410c8ebfc0,5af01caa537c29a643feef87fa38da4a2a2711c142b23a736b89439b87d69e6c
UNION_s2,objective,325,0.627836859390287,0.6204934179219496,0.0073434414683374045,8.617476681230431e-07,normalized94_abs_anchor_delta94_identity1,5ca38ebab9e2d191354ce7db934bf08f2b50c31bad2a7874ac97af410c8ebfc0,f78305cfcf8917f524937be25598494e184dab51538c11f0d7f2e0d5c2079a0d
UNION_s2,objective,326,0.6278368593822276,0.6204934334475046,0.00734342593472288,8.475038954928048e-07,normalized94_abs_anchor_delta94_identity1,5ca38ebab9e2d191354ce7db934bf08f2b50c31bad2a7874ac97af410c8ebfc0,9bb86049cb017eaaf218c736d3e13392304eea5bae0d37280dbe3e5c1e50784e
UNION_s2,objective,327,0.6278368593790251,0.6204934669705945,0.00734339240843063,2.6972075132567347e-06,normalized94_abs_anchor_delta94_identity1,5ca38ebab9e2d191354ce7db934bf08f2b50c31bad2a7874ac97af410c8ebfc0,bf4f03ffdf082fa3c60cb69531b98478eabafc4f3e50a473c856bffd3a80aefa
UNION_s2,objective,328,0.627836859371496,0.6204934743600075,0.0073433850114885645,1.0480737922303284e-06,normalized94_abs_anchor_delta94_identity1,5ca38ebab9e2d191354ce7db934bf08f2b50c31bad2a7874ac97af410c8ebfc0,3151fe9c4c0aa57e9120060ce9c3bfc3894766d70168a919e8f43b0f980665a6
UNION_s2,objective,329,0.6278368593700103,0.620493471811132,0.007343387558878317,7.017814908213131e-07,normalized94_abs_anchor_delta94_identity1,5ca38ebab9e2d191354ce7db934bf08f2b50c31bad2a7874ac97af410c8ebfc0,b48981a4769a50ee96e6553cf329da21141765f3460be913230d6be6162be4cc
UNION_s2,objective,330,0.6278368593675341,0.6204934757492158,0.007343383618318271,4.834588099668498e-07,normalized94_abs_anchor_delta94_identity1,5ca38ebab9e2d191354ce7db934bf08f2b50c31bad2a7874ac97af410c8ebfc0,2fbe1a2268120c040ea272ce16f2427ddc205668f3199ea8ba1aae70da8e96d6
UNION_s2,objective,331,0.6278368593645044,0.6204934852608712,0.007343374103633136,6.24327948009398e-07,normalized94_abs_anchor_delta94_identity1,5ca38ebab9e2d191354ce7db934bf08f2b50c31bad2a7874ac97af410c8ebfc0,4100f51e239a49d726c237891fa499295bc3627cb6c98e786e560c2c1d432224
UNION_s2,objective,332,0.6278368593603323,0.6204934989736866,0.007343360386645779,8.589597557422665e-07,normalized94_abs_anchor_delta94_identity1,5ca38ebab9e2d191354ce7db934bf08f2b50c31bad2a7874ac97af410c8ebfc0,4f98107e7d2fad12beea65750bba9f5d15c03430698ccd87386f333f275dc2f4
UNION_s2,objective,333,0.6278368593552486,0.6204935212277595,0.007343338127489084,8.362060251886386e-07,normalized94_abs_anchor_delta94_identity1,5ca38ebab9e2d191354ce7db934bf08f2b50c31bad2a7874ac97af410c8ebfc0,ea805a08aa146efa66dee98d4b2c64c786220e3235fd00ae01620cca33de2227
UNION_s2,objective,334,0.6278368593510356,0.6204935402363358,0.007343319114699722,9.587472050859102e-07,normalized94_abs_anchor_delta94_identity1,5ca38ebab9e2d191354ce7db934bf08f2b50c31bad2a7874ac97af410c8ebfc0,ea7886bb07df515569778491d758296d063f446e8cab3335485c3a875027c846
UNION_s2,objective,335,0.627836859347361,0.620493543059777,0.007343316287583951,4.979066216072533e-07,normalized94_abs_anchor_delta94_identity1,5ca38ebab9e2d191354ce7db934bf08f2b50c31bad2a7874ac97af410c8ebfc0,54be19a403e68b6204a56e5c33a88d7f2de74285e27781852d100d29d2913da7
UNION_s2,objective,336,0.6278368593425848,0.6204935474619299,0.0073433118806549074,6.221464772759263e-07,normalized94_abs_anchor_delta94_identity1,5ca38ebab9e2d191354ce7db934bf08f2b50c31bad2a7874ac97af410c8ebfc0,9a7622e474f592d13ba87401670cc2235a2545ad1cc12fede5fd3b6f0af1629f
UNION_s2,objective,337,0.627836859340058,0.6204935544849255,0.007343304855132489,6.431892293228816e-07,normalized94_abs_anchor_delta94_identity1,5ca38ebab9e2d191354ce7db934bf08f2b50c31bad2a7874ac97af410c8ebfc0,458d5a3844379509b4d8bb37327d10908cec72415c672fe9f5f0da399e86f153
UNION_s2,objective,338,0.6278368593378072,0.6204936053283525,0.007343254009454677,1.3161686593919013e-06,normalized94_abs_anchor_delta94_identity1,5ca38ebab9e2d191354ce7db934bf08f2b50c31bad2a7874ac97af410c8ebfc0,9cdb988de370c579ba2953477612a872216b6a800e6c66072b59805bd90a4bb1
UNION_s2,objective,339,0.6278368593415019,0.6204936192236151,0.007343240117886779,4.425625629719121e-06,normalized94_abs_anchor_delta94_identity1,5ca38ebab9e2d191354ce7db934bf08f2b50c31bad2a7874ac97af410c8ebfc0,a3fd5e416a9478949dc92af324fe229189c53ac9cc2aae96f5c7de8f7e4df53d
UNION_s2,objective,340,0.6278368593343933,0.6204936110112509,0.007343248323142404,2.1713184990180966e-06,normalized94_abs_anchor_delta94_identity1,5ca38ebab9e2d191354ce7db934bf08f2b50c31bad2a7874ac97af410c8ebfc0,ce354a272f335cc0a83acc6e9f824dde7486c1e03f2f3363265c9133c5b4d740
UNION_s2,objective,341,0.6278368593297894,0.6204936050148315,0.007343254314957849,5.114212041916422e-07,normalized94_abs_anchor_delta94_identity1,5ca38ebab9e2d191354ce7db934bf08f2b50c31bad2a7874ac97af410c8ebfc0,07ed818adf3d4b2a7a4a7794337ca114011ccc4636fc3dd7ea160bc292dc079b
UNION_s2,objective,342,0.6278368593287607,0.6204936114184256,0.007343247910335066,4.075466956126172e-07,normalized94_abs_anchor_delta94_identity1,5ca38ebab9e2d191354ce7db934bf08f2b50c31bad2a7874ac97af410c8ebfc0,c0e51ba231824b6b66d047e614d35b780100cc2d2c4b1e03c4b3c57523f78e1c
UNION_s2,objective,343,0.6278368593271211,0.6204936233280123,0.00734323599910875,4.4315291168995716e-07,normalized94_abs_anchor_delta94_identity1,5ca38ebab9e2d191354ce7db934bf08f2b50c31bad2a7874ac97af410c8ebfc0,a34557b958a290b68fa0e4407cf50a27b8f6949ed557216f549807e69240cd21
UNION_s2,objective,344,0.6278368593252052,0.6204936322550828,0.00734322707012236,4.696134160370526e-07,normalized94_abs_anchor_delta94_identity1,5ca38ebab9e2d191354ce7db934bf08f2b50c31bad2a7874ac97af410c8ebfc0,05166c19c1bc8249d21412bfba24378d5c1c01905b5dc25d46474fba2a5efb53
UNION_s2,objective,345,0.6278368593213544,0.6204936483613916,0.007343210959962731,4.5732081502075407e-07,normalized94_abs_anchor_delta94_identity1,5ca38ebab9e2d191354ce7db934bf08f2b50c31bad2a7874ac97af410c8ebfc0,64bce933e781872be146636ef09d596036abe63e40fffd1e6c4fd632a6409f4a
UNION_s2,objective,346,0.6278368593212749,0.6204936906692171,0.007343168652057791,9.164358226020047e-07,normalized94_abs_anchor_delta94_identity1,5ca38ebab9e2d191354ce7db934bf08f2b50c31bad2a7874ac97af410c8ebfc0,667ae88141a6e652f53e2a351d4eabf2854ea9a0d240e913cf4511e4233bf2b7
UNION_s2,objective,347,0.6278368593196999,0.6204936697741447,0.007343189545555264,4.928473154907227e-07,normalized94_abs_anchor_delta94_identity1,5ca38ebab9e2d191354ce7db934bf08f2b50c31bad2a7874ac97af410c8ebfc0,8f0df4d31434a6a3443a7a24f1a4e08c0d12b03477fe65f119956c63d76b62db
UNION_s2,objective,348,0.6278368593179974,0.6204936728763618,0.007343186441635615,3.9970766116412784e-07,normalized94_abs_anchor_delta94_identity1,5ca38ebab9e2d191354ce7db934bf08f2b50c31bad2a7874ac97af410c8ebfc0,b84d85709428abb0b93d13884ff016375d3b5ae5c0548332e1c582fdd1730d2a
UNION_s2,objective,349,0.6278368593168749,0.6204936756284603,0.007343183688414695,2.994637001460887e-07,normalized94_abs_anchor_delta94_identity1,5ca38ebab9e2d191354ce7db934bf08f2b50c31bad2a7874ac97af410c8ebfc0,47631f10da0af2c6445c32fb7c4535af63e32c7fe2474874341bfa2480b54828
UNION_s2,objective,350,0.6278368593158354,0.620493680469695,0.0073431788461404855,2.6661136814942515e-07,normalized94_abs_anchor_delta94_identity1,5ca38ebab9e2d191354ce7db934bf08f2b50c31bad2a7874ac97af410c8ebfc0,fe1195a8f32f1226f9468870765075774e5a3599e6def6300ac3cda93f24939b
UNION_s2,objective,351,0.6278368593143535,0.6204936906754086,0.00734316863894491,2.5212436250002224e-07,normalized94_abs_anchor_delta94_identity1,5ca38ebab9e2d191354ce7db934bf08f2b50c31bad2a7874ac97af410c8ebfc0,c4659361c4cd55da908b0435b91e0d96e938dfb10809dd1db5a40c87edb54026
UNION_s2,objective,352,0.6278368593136506,0.6204937050737792,0.007343154239871374,8.115572701342056e-07,normalized94_abs_anchor_delta94_identity1,5ca38ebab9e2d191354ce7db934bf08f2b50c31bad2a7874ac97af410c8ebfc0,2b4ec8d7946b2841cb10512474e88804930c3014c1ca9af1128f4dc9e7b0062f
UNION_s2,objective,353,0.6278368593135297,0.6204937073984714,0.007343151915058353,1.149531453598799e-06,normalized94_abs_anchor_delta94_identity1,5ca38ebab9e2d191354ce7db934bf08f2b50c31bad2a7874ac97af410c8ebfc0,8a73e969fcf3cefb5a9f80ea75a95f8e4fd4305f70e396498fe1f62b97661b4a
UNION_s2,objective,354,0.627836859312999,0.6204937062950545,0.0073431530179445155,4.112756684684181e-07,normalized94_abs_anchor_delta94_identity1,5ca38ebab9e2d191354ce7db934bf08f2b50c31bad2a7874ac97af410c8ebfc0,b805d47c6d6310199affff2ecf7f4ba377187d1e18d8ccf0b745ac11f583162a
UNION_s2,objective,355,0.6278368593127006,0.6204937030428763,0.0073431562698242974,3.1269085374645874e-07,normalized94_abs_anchor_delta94_identity1,5ca38ebab9e2d191354ce7db934bf08f2b50c31bad2a7874ac97af410c8ebfc0,a58ecc4113c0dd1f4dc6b2afcdbb783b113ea387738f966fac98fcd779ade14b
UNION_s2,objective,356,0.6278368593121849,0.6204937046609952,0.007343154651189743,2.0015743462806794e-07,normalized94_abs_anchor_delta94_identity1,5ca38ebab9e2d191354ce7db934bf08f2b50c31bad2a7874ac97af410c8ebfc0,f1fa226b752127a553e85040248179458ea36d16692357befde1b952e83238d5
UNION_s2,objective,357,0.6278368593116402,0.6204937064892074,0.007343152822432859,2.611697887495163e-07,normalized94_abs_anchor_delta94_identity1,5ca38ebab9e2d191354ce7db934bf08f2b50c31bad2a7874ac97af410c8ebfc0,2c998196c4611d99396986d3b1d6c4ddf20d41056db4b7aa725718d6a98e9a78
UNION_s2,objective,358,0.6278368593106701,0.6204937096244837,0.007343149686186404,3.3699339303620137e-07,normalized94_abs_anchor_delta94_identity1,5ca38ebab9e2d191354ce7db934bf08f2b50c31bad2a7874ac97af410c8ebfc0,b0c80c7924d705e376c1a9d98bb21c41b2d973f2c480b23f0ba0057249ac82d8
UNION_s2,objective,359,0.6278368593092766,0.6204937164772742,0.007343142832002312,3.275884951757531e-07,normalized94_abs_anchor_delta94_identity1,5ca38ebab9e2d191354ce7db934bf08f2b50c31bad2a7874ac97af410c8ebfc0,5b12ceb3ae20395f47c5bdb97cbbc4a87152871f1e44ad0f06ae79957f7549f4
UNION_s2,objective,360,0.6278368593119338,0.6204937330811443,0.0073431262307895075,1.360045978605199e-06,normalized94_abs_anchor_delta94_identity1,5ca38ebab9e2d191354ce7db934bf08f2b50c31bad2a7874ac97af410c8ebfc0,73c48c171b1832b487122821e9152f7baaddc3bf9ad8ab5c9ddfb5675fed2bae
UNION_s2,objective,361,0.6278368593086395,0.6204937215473841,0.007343137761255351,5.391926720632078e-07,normalized94_abs_anchor_delta94_identity1,5ca38ebab9e2d191354ce7db934bf08f2b50c31bad2a7874ac97af410c8ebfc0,cc998539f2f35ccb9069645b7e9f7d50cbd2ca39dd2b7c514ff1e5807c809da2
UNION_s2,objective,362,0.6278368593076527,0.6204937250898096,0.007343134217843066,2.0415693538587747e-07,normalized94_abs_anchor_delta94_identity1,5ca38ebab9e2d191354ce7db934bf08f2b50c31bad2a7874ac97af410c8ebfc0,669c99d8c2a781a593acf2fdef6d8d8d4bdd3e5cc9497c7dd65736ecac1349e0
UNION_s2,objective,363,0.627836859307179,0.6204937271502431,0.007343132156935897,1.753218267711555e-07,normalized94_abs_anchor_delta94_identity1,5ca38ebab9e2d191354ce7db934bf08f2b50c31bad2a7874ac97af410c8ebfc0,cd0cedb63c09d60ec83ef5948c61d8c7bd0696dc3cc3a535b14da14e04a806bc
UNION_s2,objective,364,0.6278368593067652,0.6204937272938165,0.007343132012948734,2.0017865613404522e-07,normalized94_abs_anchor_delta94_identity1,5ca38ebab9e2d191354ce7db934bf08f2b50c31bad2a7874ac97af410c8ebfc0,8e683bd826e67b3c5173111f8875739eff083716a191e7325437f33abed9eab9
UNION_s2,objective,365,0.6278368593060943,0.6204937258649469,0.007343133441147502,1.7669987675681572e-07,normalized94_abs_anchor_delta94_identity1,5ca38ebab9e2d191354ce7db934bf08f2b50c31bad2a7874ac97af410c8ebfc0,d85e7ddb492f18aa7414f83902e645ffe9868d21dcae120a22a4e50399db7c98
UNION_s2,objective,366,0.6278368593143565,0.6204937222374858,0.007343137076870784,3.840238805613716e-06,normalized94_abs_anchor_delta94_identity1,5ca38ebab9e2d191354ce7db934bf08f2b50c31bad2a7874ac97af410c8ebfc0,500cd300b7023d4689dc782f6f376524e75b183e078ec625107cbf3c595bd030
UNION_s2,objective,367,0.6278368593060186,0.6204937255487034,0.007343133757315263,3.863850263264601e-07,normalized94_abs_anchor_delta94_identity1,5ca38ebab9e2d191354ce7db934bf08f2b50c31bad2a7874ac97af410c8ebfc0,9e60664a2125cde93a6f30ada730381003aa778c4bcdfb552a612706a233dfb2
UNION_s2,objective,368,0.627836859305736,0.6204937236653755,0.0073431356403604355,2.307608106335631e-07,normalized94_abs_anchor_delta94_identity1,5ca38ebab9e2d191354ce7db934bf08f2b50c31bad2a7874ac97af410c8ebfc0,150d3fc02520576b6b748f084e22305f617f165c643b6ae7436c1cb00546c5d1
UNION_s2,objective,369,0.6278368593054888,0.6204937217875981,0.007343137517890677,1.4174403348634953e-07,normalized94_abs_anchor_delta94_identity1,5ca38ebab9e2d191354ce7db934bf08f2b50c31bad2a7874ac97af410c8ebfc0,0767419bf134bbf7fa1b3e5a86d5b443698a92172a31eb5377b0215520f7c178
UNION_s2,objective,370,0.6278368593052176,0.6204937188273902,0.007343140477827394,1.7046149126877972e-07,normalized94_abs_anchor_delta94_identity1,5ca38ebab9e2d191354ce7db934bf08f2b50c31bad2a7874ac97af410c8ebfc0,655bb06c9d26c4fe2d3237310413cfd776230231c0c5f9f463096bfb0076eaf9
UNION_s2,objective,371,0.6278368593049575,0.6204937157442824,0.007343143560675127,1.5233239541783851e-07,normalized94_abs_anchor_delta94_identity1,5ca38ebab9e2d191354ce7db934bf08f2b50c31bad2a7874ac97af410c8ebfc0,e8ede351bc7ecdb6c0141a8ff269116d187ce8999759e7fcd5876416a7173412
UNION_s2,objective,372,0.6278368593046788,0.6204937121569911,0.007343147147687739,2.0080046565340176e-07,normalized94_abs_anchor_delta94_identity1,5ca38ebab9e2d191354ce7db934bf08f2b50c31bad2a7874ac97af410c8ebfc0,aed86ca9a8814da71060c7475e748366b03a4cf467132b227cc51704ece56e5a
UNION_s2,objective,373,0.6278368593044578,0.6204937050977611,0.007343154206696584,1.7125629800898366e-07,normalized94_abs_anchor_delta94_identity1,5ca38ebab9e2d191354ce7db934bf08f2b50c31bad2a7874ac97af410c8ebfc0,b6d0aaf26c340b6329addd88aba4778cda6744ddbd1cef8d029dbae70375a801
UNION_s2,objective,374,0.6278368593042686,0.6204937070951045,0.007343152209164005,1.0999803619817781e-07,normalized94_abs_anchor_delta94_identity1,5ca38ebab9e2d191354ce7db934bf08f2b50c31bad2a7874ac97af410c8ebfc0,51c985db8d0c80002834be965bc3a2820e1c03c464b6114f2cf1010b88be90db
UNION_s2,objective,375,0.6278368593041058,0.6204937083556565,0.007343150948449304,1.907395129845072e-07,normalized94_abs_anchor_delta94_identity1,5ca38ebab9e2d191354ce7db934bf08f2b50c31bad2a7874ac97af410c8ebfc0,d7db84aff7ee53cb9632228332271cc20bb41bfc450ecc2033511e56d355c056
UNION_s2,objective,376,0.6278368593039213,0.6204937069569353,0.007343152346986023,1.252526238939373e-07,normalized94_abs_anchor_delta94_identity1,5ca38ebab9e2d191354ce7db934bf08f2b50c31bad2a7874ac97af410c8ebfc0,e349dccd19d663a18de861f70cc4d0187914c3ae5f20ef2964e12370f08aaf1b
UNION_s2,objective,377,0.6278368593037066,0.6204937036116072,0.007343155692099436,1.239653271472137e-07,normalized94_abs_anchor_delta94_identity1,5ca38ebab9e2d191354ce7db934bf08f2b50c31bad2a7874ac97af410c8ebfc0,321b74c367f77f38b77ab508dfb69d28a69a2f0f98ad56c526b31581b6282cca
UNION_s2,objective,378,0.6278368593034653,0.6204937003490053,0.007343158954459992,2.2583904012370914e-07,normalized94_abs_anchor_delta94_identity1,5ca38ebab9e2d191354ce7db934bf08f2b50c31bad2a7874ac97af410c8ebfc0,1fe46a7318430704b778ad61dc62976d8ab813abc0b014ff568b41ebbca33b18
UNION_s2,objective,379,0.6278368593034643,0.6204936950969681,0.007343164206496273,4.50379968911245e-07,normalized94_abs_anchor_delta94_identity1,5ca38ebab9e2d191354ce7db934bf08f2b50c31bad2a7874ac97af410c8ebfc0,c57761017ab55a8770cbd15c22a79f2b8b07c8b6e3439d1aa2a900cf4f52ab74
UNION_s2,objective,380,0.627836859303345,0.6204936977184081,0.00734316158493689,1.569179397926089e-07,normalized94_abs_anchor_delta94_identity1,5ca38ebab9e2d191354ce7db934bf08f2b50c31bad2a7874ac97af410c8ebfc0,234453cb20d474eb2732de085512bb8cc243a12cd5382c6b60c993a3e5552a0b
UNION_s2,objective,381,0.6278368593032325,0.6204936975527734,0.007343161750459117,9.816918069215967e-08,normalized94_abs_anchor_delta94_identity1,5ca38ebab9e2d191354ce7db934bf08f2b50c31bad2a7874ac97af410c8ebfc0,0daae9614dc70249d1596a4f864ded3d008a63bfe4faa416d9323d3d63ba42eb
UNION_s2,objective,382,0.6278368593031315,0.6204936984809413,0.007343160822190189,1.209493281779211e-07,normalized94_abs_anchor_delta94_identity1,5ca38ebab9e2d191354ce7db934bf08f2b50c31bad2a7874ac97af410c8ebfc0,0b90f580f8a50466e55a3c7e559f95a82b947dd58758e8b3fd3d460699a763f4
UNION_s2,objective,383,0.6278368593029305,0.6204936986284786,0.00734316067445194,1.5042515008977275e-07,normalized94_abs_anchor_delta94_identity1,5ca38ebab9e2d191354ce7db934bf08f2b50c31bad2a7874ac97af410c8ebfc0,4aac37db22b5dd87e5e788e93850f7913b732335520c0385fd448fea1f3b0049
UNION_s2,objective,384,0.6278368593025714,0.6204936998786222,0.007343159423949155,1.1907855103430232e-07,normalized94_abs_anchor_delta94_identity1,5ca38ebab9e2d191354ce7db934bf08f2b50c31bad2a7874ac97af410c8ebfc0,c0d49a327eaa6eb36afc7fef91af205b9161ed90f757b57aa96e31dc20b43cfa
UNION_s2,objective,385,0.6278368593023518,0.62049369872552,0.007343160576831829,2.093056348689258e-07,normalized94_abs_anchor_delta94_identity1,5ca38ebab9e2d191354ce7db934bf08f2b50c31bad2a7874ac97af410c8ebfc0,59ae65235c8fdcb5fb05c64cd2b2c0007a9d6abffb6770b576da83207db8b4b6
UNION_s2,objective,386,0.6278368593021105,0.6204936981151977,0.007343161186912791,9.436526426935911e-08,normalized94_abs_anchor_delta94_identity1,5ca38ebab9e2d191354ce7db934bf08f2b50c31bad2a7874ac97af410c8ebfc0,8465c5227edb8703844f1f69bb169f6df1d047512b0298520448873a8624b370
UNION_s2,objective,387,0.6278368593019372,0.6204936966572125,0.007343162644724711,1.202562788699975e-07,normalized94_abs_anchor_delta94_identity1,5ca38ebab9e2d191354ce7db934bf08f2b50c31bad2a7874ac97af410c8ebfc0,88685f094b7508e5d4d14966192c59b129c8d0bba2e7077a7993ca007b552722
UNION_s2,objective,388,0.6278368593017281,0.620493696032972,0.00734316326875601,1.3563917780289048e-07,normalized94_abs_anchor_delta94_identity1,5ca38ebab9e2d191354ce7db934bf08f2b50c31bad2a7874ac97af410c8ebfc0,5b7155587cb90367593b7bf61a44db937d396f0af5439b74ca1d95347039fb2d
UNION_s2,objective,389,0.6278368593018422,0.6204936966474942,0.007343162654348006,5.163173231228967e-07,normalized94_abs_anchor_delta94_identity1,5ca38ebab9e2d191354ce7db934bf08f2b50c31bad2a7874ac97af410c8ebfc0,92e534588e14ef0124c5bb4796db2b512bf823bfa73b7bd62961d34a9990d436
UNION_s2,objective,390,0.6278368593015756,0.6204936962974078,0.007343163004167785,2.3808784254385044e-07,normalized94_abs_anchor_delta94_identity1,5ca38ebab9e2d191354ce7db934bf08f2b50c31bad2a7874ac97af410c8ebfc0,7877f02b15a037021f122632180fbad3d8e9a84570da4c9cc219a0e4faff26da
UNION_s2,objective,391,0.6278368593014072,0.6204936957283301,0.0073431635730770595,7.816341358546735e-08,normalized94_abs_anchor_delta94_identity1,5ca38ebab9e2d191354ce7db934bf08f2b50c31bad2a7874ac97af410c8ebfc0,0551a38aae73513369f0ceecf4fa7ba885ed715d5f4f00c06f479ae090ccf718
UNION_s2,objective,392,0.6278368593013605,0.6204936959002725,0.007343163401087941,6.743896259685308e-08,normalized94_abs_anchor_delta94_identity1,5ca38ebab9e2d191354ce7db934bf08f2b50c31bad2a7874ac97af410c8ebfc0,ff7829023bc1734918bbe05b61e00010dbcfef79d06b863aa088b7f6ba132baa
UNION_s2,objective,393,0.6278368593021265,0.6204936990256528,0.007343160276473721,1.1777445093037667e-06,normalized94_abs_anchor_delta94_identity1,5ca38ebab9e2d191354ce7db934bf08f2b50c31bad2a7874ac97af410c8ebfc0,b3227dcabb185b8f2b38fb2f01b87a42a0f6b59fda4b331bd1f503be663e37f2
UNION_s2,objective,394,0.6278368593013389,0.6204936963441533,0.007343162957185624,1.638025993892603e-07,normalized94_abs_anchor_delta94_identity1,5ca38ebab9e2d191354ce7db934bf08f2b50c31bad2a7874ac97af410c8ebfc0,b945bcaeb8d1d2f448aa12f0f6d2047eb6495c8d94538a37018fd77bb02ea0f5
UNION_s2,objective,395,0.6278368593012984,0.6204936966539739,0.007343162647324483,1.1280456059719383e-07,normalized94_abs_anchor_delta94_identity1,5ca38ebab9e2d191354ce7db934bf08f2b50c31bad2a7874ac97af410c8ebfc0,04c5e03c4056c91a93a2fc385c6d3e45e812c2cb501abe13b89e4752d6538caa
UNION_s2,objective,396,0.6278368593012196,0.620493696965492,0.007343162335727642,7.135192684660943e-08,normalized94_abs_anchor_delta94_identity1,5ca38ebab9e2d191354ce7db934bf08f2b50c31bad2a7874ac97af410c8ebfc0,40f17076092e8ada90081edb7b5194b3e419a94325e7df7bbdae1cad9defede1
UNION_s2,objective,397,0.627836859301088,0.6204936973475359,0.00734316195355207,7.957152330985974e-08,normalized94_abs_anchor_delta94_identity1,5ca38ebab9e2d191354ce7db934bf08f2b50c31bad2a7874ac97af410c8ebfc0,81d2bc6e528630203883df00af54a2a4b7302b9d0fe0bddd15e3563eb054bf28
UNION_s2,objective,398,0.627836859300983,0.620493697416531,0.007343161884451948,7.8344186514537e-08,normalized94_abs_anchor_delta94_identity1,5ca38ebab9e2d191354ce7db934bf08f2b50c31bad2a7874ac97af410c8ebfc0,af2676ef7b4a67847fb6260e7350e477c8cfdf08910b5471bd5bd1c7665c88b1
UNION_s2,objective,399,0.6278368593009619,0.6204936966681048,0.0073431626328570275,2.0363881399549482e-07,normalized94_abs_anchor_delta94_identity1,5ca38ebab9e2d191354ce7db934bf08f2b50c31bad2a7874ac97af410c8ebfc0,ada3b8fef553fcf402d29415ad3d6a73b53319b39c7f3b494d5bb44a31f71f66
UNION_s2,objective,400,0.6278368593008475,0.6204936965548841,0.007343162745963436,5.715065546649152e-08,normalized94_abs_anchor_delta94_identity1,5ca38ebab9e2d191354ce7db934bf08f2b50c31bad2a7874ac97af410c8ebfc0,a34564d99c6e8342faa9ff2c4f893f16bf341494732eb3bb1bc2cff573401e71
UNION_s2,objective,401,0.6278368593008189,0.6204936963570601,0.007343162943758845,3.833755706554244e-08,normalized94_abs_anchor_delta94_identity1,5ca38ebab9e2d191354ce7db934bf08f2b50c31bad2a7874ac97af410c8ebfc0,01b2c5a882d417209fda2c626b5d4d0cb687d41097abda0b6304f5c5a56b1ba3
UNION_s3,objective,1,1.3857607605189974,1.3857607605189974,0.0,4.94021986265665,normalized94_abs_anchor_delta94_identity1,5ca38ebab9e2d191354ce7db934bf08f2b50c31bad2a7874ac97af410c8ebfc0,db725b42e2cd89e9cb7e9380e022e26d86f343e11195db88002ac0fe269834f1
UNION_s3,objective,2,0.783319874107903,0.783269874107903,5e-05,0.18006705176123589,normalized94_abs_anchor_delta94_identity1,5ca38ebab9e2d191354ce7db934bf08f2b50c31bad2a7874ac97af410c8ebfc0,ae235ffe77d57525a3d559985a98b8f380364eca9235a31e59adb2d1343dc631
UNION_s3,objective,3,0.777181192525932,0.77713439348731,4.679903862203848e-05,0.17129860532593924,normalized94_abs_anchor_delta94_identity1,5ca38ebab9e2d191354ce7db934bf08f2b50c31bad2a7874ac97af410c8ebfc0,6fe4b272b2652ead8a251810a0e20d1f3ba2c03fa7abf0afcd7d99d68d9d4400
UNION_s3,objective,4,0.7561343493444985,0.7560991328184766,3.5216526021884196e-05,0.13224126126108182,normalized94_abs_anchor_delta94_identity1,5ca38ebab9e2d191354ce7db934bf08f2b50c31bad2a7874ac97af410c8ebfc0,8a3ea3c98bdb3c1b3155cf61a02927a6c8dc1873793fb1a1b4b27f0f0e14da91
UNION_s3,objective,5,0.7645357644107573,0.7645187091626617,1.7055248095581106e-05,0.5178647376496585,normalized94_abs_anchor_delta94_identity1,5ca38ebab9e2d191354ce7db934bf08f2b50c31bad2a7874ac97af410c8ebfc0,d8f99faa243954def69e83acce249fe14d089f06ba5e0132d494984fed274b74
UNION_s3,objective,6,0.7273268945192116,0.7273062545049868,2.0640014224807773e-05,0.08134730427416897,normalized94_abs_anchor_delta94_identity1,5ca38ebab9e2d191354ce7db934bf08f2b50c31bad2a7874ac97af410c8ebfc0,bab7c59b49606498603523cf90091fe7b6d5091369ad06381f209e478ba5e7c9
UNION_s3,objective,7,0.7167612239199174,0.7167366707036533,2.4553216264063373e-05,0.10539672583145107,normalized94_abs_anchor_delta94_identity1,5ca38ebab9e2d191354ce7db934bf08f2b50c31bad2a7874ac97af410c8ebfc0,935577fed2c0977fbcce938355f2ee59f8d5efdb261451c32556cc179cdaffcb
UNION_s3,objective,8,0.7007005487172346,0.7006469315769942,5.361714024044837e-05,0.06215654577035931,normalized94_abs_anchor_delta94_identity1,5ca38ebab9e2d191354ce7db934bf08f2b50c31bad2a7874ac97af410c8ebfc0,c4bd9e9ec08ac76f2429ee0c90cbe9903b8150317dd633b66e5525c9697d95c7
UNION_s3,objective,9,0.6922391446911456,0.6921634591368444,7.568555430117254e-05,0.03757007669417702,normalized94_abs_anchor_delta94_identity1,5ca38ebab9e2d191354ce7db934bf08f2b50c31bad2a7874ac97af410c8ebfc0,5ded831a4e406ac2870047903b57c58e59a3b814626db4c290bae5dee858af6e
UNION_s3,objective,10,0.6837840281022589,0.6836501203128671,0.00013390778939179114,0.03512857013057671,normalized94_abs_anchor_delta94_identity1,5ca38ebab9e2d191354ce7db934bf08f2b50c31bad2a7874ac97af410c8ebfc0,74f030eac4badee4099cb6efc88a2a0d94f58de4ef40574b20fd74b302fce82b
UNION_s3,objective,11,0.6795660023162338,0.6793802172807104,0.0001857850355233511,0.0629949884122328,normalized94_abs_anchor_delta94_identity1,5ca38ebab9e2d191354ce7db934bf08f2b50c31bad2a7874ac97af410c8ebfc0,392c6ecd34250f63f1382413922100af9ba39a0fab7d1c464c8a1d4ce49fc0ca
UNION_s3,objective,12,0.6773694551987619,0.6771612188965442,0.00020823630221769533,0.033037090834512325,normalized94_abs_anchor_delta94_identity1,5ca38ebab9e2d191354ce7db934bf08f2b50c31bad2a7874ac97af410c8ebfc0,9038f45ae06e43aee72b939f8b2524ac1063d1583706a1402d0612f26db91b67
UNION_s3,objective,13,0.6756041062902842,0.6753823080990743,0.00022179819120987743,0.027331674946770176,normalized94_abs_anchor_delta94_identity1,5ca38ebab9e2d191354ce7db934bf08f2b50c31bad2a7874ac97af410c8ebfc0,a729d3a6fe7e31900f35ea5ba9587efb5f63ae53fb6719916932b990422ec629
UNION_s3,objective,14,0.6748001954042641,0.6745749013491662,0.00022529405509786842,0.02928346761635687,normalized94_abs_anchor_delta94_identity1,5ca38ebab9e2d191354ce7db934bf08f2b50c31bad2a7874ac97af410c8ebfc0,7cf2827da4e3273046ecfafff884411dc5942b1404633f24aab8c94d0498a4db
UNION_s3,objective,15,0.6701380317459755,0.6698468473526954,0.0002911843932801637,0.027174472428571895,normalized94_abs_anchor_delta94_identity1,5ca38ebab9e2d191354ce7db934bf08f2b50c31bad2a7874ac97af410c8ebfc0,b89bfbef6dd31d6edb1b6806805c270924414af88cbafea88bfd7ece21438eeb
UNION_s3,objective,16,0.6670059262618694,0.6665587064247931,0.00044721983707627234,0.03458331750419343,normalized94_abs_anchor_delta94_identity1,5ca38ebab9e2d191354ce7db934bf08f2b50c31bad2a7874ac97af410c8ebfc0,20c541c600362915badaef52a425e454f2e61bf5a1d7c4df7ebae6a1e7ebec81
UNION_s3,objective,17,0.6645883250225368,0.6640460111146601,0.0005423139078766949,0.017728533449880915,normalized94_abs_anchor_delta94_identity1,5ca38ebab9e2d191354ce7db934bf08f2b50c31bad2a7874ac97af410c8ebfc0,c46ddbab63fda692eeeab6b1d92aea036c152055918cf3dd5f133abe974595bf
UNION_s3,objective,18,0.6634820198033289,0.66292071915066,0.0005613006526689052,0.014516581515423137,normalized94_abs_anchor_delta94_identity1,5ca38ebab9e2d191354ce7db934bf08f2b50c31bad2a7874ac97af410c8ebfc0,f8fee7c66db2cd3bf3826fdb0a05008107d1896bf9a464be363afe5c1b4e8bed
UNION_s3,objective,19,0.6621866775713245,0.6615620795066302,0.0006245980646943663,0.018829272001607,normalized94_abs_anchor_delta94_identity1,5ca38ebab9e2d191354ce7db934bf08f2b50c31bad2a7874ac97af410c8ebfc0,510979220714d3ab27b077bdf382380615685747691fc8d54158c1bd12009440
UNION_s3,objective,20,0.6605695381991268,0.6598660822343474,0.0007034559647793354,0.02454919468988293,normalized94_abs_anchor_delta94_identity1,5ca38ebab9e2d191354ce7db934bf08f2b50c31bad2a7874ac97af410c8ebfc0,85e59fe773288d1510460c6bb7f6ad66e76ebfc8c23907073df46ffc2934c064
UNION_s3,objective,21,0.6585134679720981,0.6576303638974826,0.0008831040746154715,0.01624592129534956,normalized94_abs_anchor_delta94_identity1,5ca38ebab9e2d191354ce7db934bf08f2b50c31bad2a7874ac97af410c8ebfc0,2c0dc601962602a56c8a6dd799e0aed057ea8d274e7c8a6c6df654db2fe3735b
UNION_s3,objective,22,0.656768490349819,0.6556501931854508,0.001118297164368129,0.01484837131456549,normalized94_abs_anchor_delta94_identity1,5ca38ebab9e2d191354ce7db934bf08f2b50c31bad2a7874ac97af410c8ebfc0,e0eac784c9fa49d46514ce16b7c0920fc54841d52061193f2d16088a20cc6b6e
UNION_s3,objective,23,0.6576142863333401,0.6562449575670918,0.0013693287662483312,0.08168241242185154,normalized94_abs_anchor_delta94_identity1,5ca38ebab9e2d191354ce7db934bf08f2b50c31bad2a7874ac97af410c8ebfc0,2ef218cc9a34fbc7a1e303e69bdeb3c0c4736cc611fa4bb65170f47142cd1e02
UNION_s3,objective,24,0.6558440704826388,0.6546269980629741,0.0012170724196646822,0.027603966884929408,normalized94_abs_anchor_delta94_identity1,5ca38ebab9e2d191354ce7db934bf08f2b50c31bad2a7874ac97af410c8ebfc0,850a6bbd27b884efe61dfe9479befc7e60bb0957302853cdc825c2f75d893e81
UNION_s3,objective,25,0.6547880324677134,0.6534792915852736,0.0013087408824398554,0.018439583705678594,normalized94_abs_anchor_delta94_identity1,5ca38ebab9e2d191354ce7db934bf08f2b50c31bad2a7874ac97af410c8ebfc0,c1f3718081a4ccd99cf43a93923bf18403441a6d7b320a9d0afa47cc9a81ba96
UNION_s3,objective,26,0.6537423459116186,0.6523256763156184,0.001416669596000185,0.014039394282689539,normalized94_abs_anchor_delta94_identity1,5ca38ebab9e2d191354ce7db934bf08f2b50c31bad2a7874ac97af410c8ebfc0,5ab161a410924547f63e72c7acf8bee3944f3b56d42bf6b1def892fca1c38857
UNION_s3,objective,27,0.6531270767137152,0.6514797962799959,0.0016472804337193435,0.027605822074629652,normalized94_abs_anchor_delta94_identity1,5ca38ebab9e2d191354ce7db934bf08f2b50c31bad2a7874ac97af410c8ebfc0,ed62d25084e1b1d3d2e13c6ebc14756b5f9c3efbefc775c5aaef6137c2783696
UNION_s3,objective,28,0.6522476214435026,0.6505897121835664,0.0016579092599361617,0.015563292891254146,normalized94_abs_anchor_delta94_identity1,5ca38ebab9e2d191354ce7db934bf08f2b50c31bad2a7874ac97af410c8ebfc0,7af4c08d6954da48883758bcde40104f865dd3e5a90136333a8e0485d4b2d85d
UNION_s3,objective,29,0.6515488798728303,0.6498173843830544,0.00173149548977596,0.008624728002402332,normalized94_abs_anchor_delta94_identity1,5ca38ebab9e2d191354ce7db934bf08f2b50c31bad2a7874ac97af410c8ebfc0,4074aaec1b7dba2b0332056691728f4edf91ed6bc1d310665b9f5ed81efc5482
UNION_s3,objective,30,0.6509070522618564,0.6490729927955778,0.001834059466278615,0.012557308505577281,normalized94_abs_anchor_delta94_identity1,5ca38ebab9e2d191354ce7db934bf08f2b50c31bad2a7874ac97af410c8ebfc0,c65b51b3e14e58e6c1d365238f5f1f3cdde1f6e99ae5454d3847de359c84521d
UNION_s3,objective,31,0.6499389654694709,0.6479190440563709,0.002019921413099985,0.01340750456358058,normalized94_abs_anchor_delta94_identity1,5ca38ebab9e2d191354ce7db934bf08f2b50c31bad2a7874ac97af410c8ebfc0,f8b9b589b059a1559857549546485fc24fd9c72d982c5c965eeb9f8334629708
UNION_s3,objective,32,0.6499784350938143,0.6474434811762225,0.0025349539175917217,0.035315305102505884,normalized94_abs_anchor_delta94_identity1,5ca38ebab9e2d191354ce7db934bf08f2b50c31bad2a7874ac97af410c8ebfc0,eedde5390c9b31afda18aa58e6022da93cd626d957e5cbe9fd50493000d0d0a3
UNION_s3,objective,33,0.6492305539745633,0.6469740267131351,0.0022565272614282752,0.020699076842491358,normalized94_abs_anchor_delta94_identity1,5ca38ebab9e2d191354ce7db934bf08f2b50c31bad2a7874ac97af410c8ebfc0,63de292a0375eef6da5cab0e3796f190dfe956757cb75bfce455f7bf4b85f1c4
UNION_s3,objective,34,0.6480755233307949,0.6455169080989926,0.002558615231802222,0.009644589065344746,normalized94_abs_anchor_delta94_identity1,5ca38ebab9e2d191354ce7db934bf08f2b50c31bad2a7874ac97af410c8ebfc0,be4d276326ae1a0030f2d59b4cd302f72e27ebd23ea811d21bf321b48236e718
UNION_s3,objective,35,0.6475043568192914,0.6448098573503054,0.0026944994689860166,0.006741435550333799,normalized94_abs_anchor_delta94_identity1,5ca38ebab9e2d191354ce7db934bf08f2b50c31bad2a7874ac97af410c8ebfc0,692b3d45d7968dee6d86ef316f8d48f370c80d6962b1735c48a4a6b58d7b0b47
UNION_s3,objective,36,0.6469658958044152,0.6441255752668662,0.0028403205375489592,0.01372565337006251,normalized94_abs_anchor_delta94_identity1,5ca38ebab9e2d191354ce7db934bf08f2b50c31bad2a7874ac97af410c8ebfc0,b66f7f3b5d99dd4fa9dd6c86cf87fc673569fa7d06410c25b9d70ac5948c707e
UNION_s3,objective,37,0.6466755564055062,0.6435062644256446,0.003169291979861562,0.011334081049427208,normalized94_abs_anchor_delta94_identity1,5ca38ebab9e2d191354ce7db934bf08f2b50c31bad2a7874ac97af410c8ebfc0,f44253496e92799cdd0a240fc790f0d1567f41d297e96e9813f7dcf1c5f3d8f7
UNION_s3,objective,38,0.6462442357060286,0.6430074711385552,0.0032367645674734272,0.008975293228560569,normalized94_abs_anchor_delta94_identity1,5ca38ebab9e2d191354ce7db934bf08f2b50c31bad2a7874ac97af410c8ebfc0,b17701273826e0d421c7b091c25492dc3834047719fee5c8a342088573cb720c
UNION_s3,objective,39,0.6457493983775211,0.6424048087245788,0.0033445896529422548,0.00721415067775438,normalized94_abs_anchor_delta94_identity1,5ca38ebab9e2d191354ce7db934bf08f2b50c31bad2a7874ac97af410c8ebfc0,435735240b7dd428ec08161f950e340ad960b98d241041bcb8aa9cda35afcef1
UNION_s3,objective,40,0.6452295714240384,0.6415927253641912,0.003636846059847195,0.009468031266414805,normalized94_abs_anchor_delta94_identity1,5ca38ebab9e2d191354ce7db934bf08f2b50c31bad2a7874ac97af410c8ebfc0,6b57bdf23e1f589ba1b81292bb7721407a5acc41966514fe6eb72027fb7f137c
UNION_s3,objective,41,0.646209159032291,0.6423594335191036,0.0038497255131873694,0.05303190747111404,normalized94_abs_anchor_delta94_identity1,5ca38ebab9e2d191354ce7db934bf08f2b50c31bad2a7874ac97af410c8ebfc0,6dc27ee997f84d25967505cdca409f08b701b1145c2e6c34271388e1d3fb8454
UNION_s3,objective,42,0.644950705395797,0.64124970802322,0.0037009973725769998,0.014730248314393471,normalized94_abs_anchor_delta94_identity1,5ca38ebab9e2d191354ce7db934bf08f2b50c31bad2a7874ac97af410c8ebfc0,6ee24689b05717d64f9c8dccad0412bcec34b3016d5318cd45e575e310a4b7f7
UNION_s3,objective,43,0.644487012470259,0.6405133056172159,0.003973706853043136,0.01027112674315478,normalized94_abs_anchor_delta94_identity1,5ca38ebab9e2d191354ce7db934bf08f2b50c31bad2a7874ac97af410c8ebfc0,d721b1cd5f5c1fcff69b87f9ca1a5e19526e1321e6fc8d5dfc468753ca7f63ea
UNION_s3,objective,44,0.6439557182050378,0.6397408155391218,0.004214902665916106,0.005777422941971649,normalized94_abs_anchor_delta94_identity1,5ca38ebab9e2d191354ce7db934bf08f2b50c31bad2a7874ac97af410c8ebfc0,eadebc11e931852a0158e746fddc087694cc42e615062329176bee91155266d9
UNION_s3,objective,45,0.643503211728469,0.6390470980583443,0.004456113670124726,0.006531164124366008,normalized94_abs_anchor_delta94_identity1,5ca38ebab9e2d191354ce7db934bf08f2b50c31bad2a7874ac97af410c8ebfc0,ab68c168953fdd4123fef12c1d503d856e7b893840fd8caf90215bd6974c5d8e
UNION_s3,objective,46,0.6430047863045499,0.6382620018406554,0.004742784463894487,0.00748041604994024,normalized94_abs_anchor_delta94_identity1,5ca38ebab9e2d191354ce7db934bf08f2b50c31bad2a7874ac97af410c8ebfc0,007a13ee13f7fad3ad788ebde02c06afa29a68aabfcccf3cc592af0f5f4dfd1c
UNION_s3,objective,47,0.6423653720921486,0.6371265007994392,0.005238871292709383,0.008906937967873504,normalized94_abs_anchor_delta94_identity1,5ca38ebab9e2d191354ce7db934bf08f2b50c31bad2a7874ac97af410c8ebfc0,e2be297b6b1479377145fe354af6cc9a8d3da46c8a62c8af94d724ef5068c4b7
UNION_s3,objective,48,0.6421029535692389,0.6364471192391793,0.00565583433005954,0.014090991152285362,normalized94_abs_anchor_delta94_identity1,5ca38ebab9e2d191354ce7db934bf08f2b50c31bad2a7874ac97af410c8ebfc0,747bd38d736e078e559a689b87b1602f777031d8e1aff231ad7bdd52eba9f414
UNION_s3,objective,49,0.6417854613646983,0.6361177801839657,0.005667681180732559,0.010693868194078348,normalized94_abs_anchor_delta94_identity1,5ca38ebab9e2d191354ce7db934bf08f2b50c31bad2a7874ac97af410c8ebfc0,d91ebb9cadc4abd634d3a496790fbae49ce336eb2243a234b43cbe3a5a4d9320
UNION_s3,objective,50,0.6415943659920602,0.6360766637488825,0.005517702243177755,0.004764986094145654,normalized94_abs_anchor_delta94_identity1,5ca38ebab9e2d191354ce7db934bf08f2b50c31bad2a7874ac97af410c8ebfc0,190b2f882612bfef1ace0a1f21ce19597e193138a548292681e52dc9f4870024
UNION_s3,objective,51,0.6414510129178478,0.6359461948288153,0.00550481808903247,0.004524479190786848,normalized94_abs_anchor_delta94_identity1,5ca38ebab9e2d191354ce7db934bf08f2b50c31bad2a7874ac97af410c8ebfc0,0c79bf3a1e898cbdf3618a443b28fcb9544d3e511791f7898ec9337850708ea8
UNION_s3,objective,52,0.6410447282409079,0.6354437694188009,0.005600958822106935,0.0054896695331631195,normalized94_abs_anchor_delta94_identity1,5ca38ebab9e2d191354ce7db934bf08f2b50c31bad2a7874ac97af410c8ebfc0,d762f57d87547eaad70e87c186346b5fa814f730de24e535b4769ede4a14f000
UNION_s3,objective,53,0.6406024644434289,0.6348878942015408,0.005714570241888112,0.014272272557740278,normalized94_abs_anchor_delta94_identity1,5ca38ebab9e2d191354ce7db934bf08f2b50c31bad2a7874ac97af410c8ebfc0,9589f4448d9a33a6fac92b736268742d9eacc41ee13cf4954113de222e7196cc
UNION_s3,objective,54,0.640375038237649,0.6342722861300585,0.0061027521075904395,0.010991683919793712,normalized94_abs_anchor_delta94_identity1,5ca38ebab9e2d191354ce7db934bf08f2b50c31bad2a7874ac97af410c8ebfc0,32dfee0ae4b41d82c74f07a979e5d78bc95f5e017bdda2e30f21de25d3a5f358
UNION_s3,objective,55,0.640108808313889,0.6340672048550107,0.006041603458878431,0.0038578721395779903,normalized94_abs_anchor_delta94_identity1,5ca38ebab9e2d191354ce7db934bf08f2b50c31bad2a7874ac97af410c8ebfc0,a059db719467b816fdf50a3843c056814d8c71260bae4788cd186b6fcf5c68da
UNION_s3,objective,56,0.6400183366788232,0.6339450992291207,0.006073237449702564,0.0032492189720796706,normalized94_abs_anchor_delta94_identity1,5ca38ebab9e2d191354ce7db934bf08f2b50c31bad2a7874ac97af410c8ebfc0,01304ecc7f1d6a050b368cdb949abd3da2d72c21b6caab736c3bc17f0adc511f
UNION_s3,objective,57,0.6398468798345384,0.6337021369003967,0.006144742934141725,0.0031349334844352392,normalized94_abs_anchor_delta94_identity1,5ca38ebab9e2d191354ce7db934bf08f2b50c31bad2a7874ac97af410c8ebfc0,ce6cddaeedf409798d46de7b82bd92e92a280bb8ff6949245438847833c2d86e
UNION_s3,objective,58,0.6395552020081583,0.6331693886416768,0.006385813366481443,0.003961148162929198,normalized94_abs_anchor_delta94_identity1,5ca38ebab9e2d191354ce7db934bf08f2b50c31bad2a7874ac97af410c8ebfc0,347a629a940bca6aad115a40b104d226285ea304a0394fc91ad9a9b5285f6227
UNION_s3,objective,59,0.6398676739414164,0.6334797587512059,0.006387915190210499,0.013088090842008878,normalized94_abs_anchor_delta94_identity1,5ca38ebab9e2d191354ce7db934bf08f2b50c31bad2a7874ac97af410c8ebfc0,7e33b49a76363de09c2789cf434f19acfe091a22ac03ea89100f9b9f281d1682
UNION_s3,objective,60,0.6394395274847355,0.6330548988538429,0.006384628630892573,0.00413450101612303,normalized94_abs_anchor_delta94_identity1,5ca38ebab9e2d191354ce7db934bf08f2b50c31bad2a7874ac97af410c8ebfc0,a711e179902b4e71e38370ae70c26e89509ab77e406616ac378630d5bcd4b02e
UNION_s3,objective,61,0.6393396660722352,0.6327587279525446,0.006580938119690586,0.005923345912859986,normalized94_abs_anchor_delta94_identity1,5ca38ebab9e2d191354ce7db934bf08f2b50c31bad2a7874ac97af410c8ebfc0,e4fb1667c62fd010d20162e1a8d57d3024de1133ee0d5be57a682036957328d4
UNION_s3,objective,62,0.6392488146350022,0.6325854892165842,0.006663325418417948,0.002627118081597879,normalized94_abs_anchor_delta94_identity1,5ca38ebab9e2d191354ce7db934bf08f2b50c31bad2a7874ac97af410c8ebfc0,9f75935dd51fc648e0993403c2e2401581514c276a8fa0859b8c5df4c60f5743
UNION_s3,objective,63,0.6391969139849144,0.6325334925743632,0.006663421410551239,0.002432203066998416,normalized94_abs_anchor_delta94_identity1,5ca38ebab9e2d191354ce7db934bf08f2b50c31bad2a7874ac97af410c8ebfc0,5800ad4f4ac9dc9156d363f5032df97e700d6c2ba5a3f6170c30a2ad6c9fa766
UNION_s3,objective,64,0.6390229130140663,0.6322743578724606,0.0067485551416057365,0.0027860624462093596,normalized94_abs_anchor_delta94_identity1,5ca38ebab9e2d191354ce7db934bf08f2b50c31bad2a7874ac97af410c8ebfc0,f1ac195feca318223f9550de23dadce2195ea91d73d5d2557112b82d79d6430b
UNION_s3,objective,65,0.6388942120380219,0.6319418221327168,0.006952389905305084,0.005761265528168481,normalized94_abs_anchor_delta94_identity1,5ca38ebab9e2d191354ce7db934bf08f2b50c31bad2a7874ac97af410c8ebfc0,2d0f256c1904373608ebb0eb1070a37e02748a242e5ff501113554ece5aa1490
UNION_s3,objective,66,0.6388418993332925,0.6317805299821151,0.007061369351177379,0.006193391176631719,normalized94_abs_anchor_delta94_identity1,5ca38ebab9e2d191354ce7db934bf08f2b50c31bad2a7874ac97af410c8ebfc0,8a1eec99b48b3ec85553e1d339582f080607dbc059ce871378134a5d30f1bdd4
UNION_s3,objective,67,0.6388064995551382,0.6317869723532644,0.007019527201873794,0.002298047132975498,normalized94_abs_anchor_delta94_identity1,5ca38ebab9e2d191354ce7db934bf08f2b50c31bad2a7874ac97af410c8ebfc0,903ff0d23d070c4f26a5e89710c229e4f5eb6f740971ff4423acecf84450b964
UNION_s3,objective,68,0.6387884393203351,0.6317750604718076,0.0070133788485274426,0.0019147699934547945,normalized94_abs_anchor_delta94_identity1,5ca38ebab9e2d191354ce7db934bf08f2b50c31bad2a7874ac97af410c8ebfc0,c7d570e2a4e26d808ac4db8aa6fefd7540e1060e44c95717c0cd3b33db8bf3b0
UNION_s3,objective,69,0.6387456556358515,0.6317272823035754,0.007018373332276045,0.0036081343648541485,normalized94_abs_anchor_delta94_identity1,5ca38ebab9e2d191354ce7db934bf08f2b50c31bad2a7874ac97af410c8ebfc0,abcb389106b158f265687b77c1d2c03efd85395649ad28c5f6431e4b8b239687
UNION_s3,objective,70,0.6386775222281745,0.6316223710925128,0.00705515113566167,0.005297704953982594,normalized94_abs_anchor_delta94_identity1,5ca38ebab9e2d191354ce7db934bf08f2b50c31bad2a7874ac97af410c8ebfc0,74c40e3e0454e3f25fe19829e959d98caaa0a17338e990340db050f35035eb76
UNION_s3,objective,71,0.6385756297477205,0.63140983323672,0.007165796511000621,0.005046050095522577,normalized94_abs_anchor_delta94_identity1,5ca38ebab9e2d191354ce7db934bf08f2b50c31bad2a7874ac97af410c8ebfc0,967b58d06cb8e33462bebc0b45ebfa137baa59eaadbfcf116a66744bf2cfadb7
UNION_s3,objective,72,0.6390817044846216,0.6313590592201129,0.007722645264508744,0.017547840343808994,normalized94_abs_anchor_delta94_identity1,5ca38ebab9e2d191354ce7db934bf08f2b50c31bad2a7874ac97af410c8ebfc0,33729ade81f271bebffe68697f274dfad6f7eecb0c407c4e38d028bdf886fd7b
UNION_s3,objective,73,0.6385512546835285,0.6312914532598045,0.007259801423723965,0.006495452589505743,normalized94_abs_anchor_delta94_identity1,5ca38ebab9e2d191354ce7db934bf08f2b50c31bad2a7874ac97af410c8ebfc0,661d4491565b67e78698d5fa10c981fe4d3f67a827d209eec89bdc8a1a7b0fa7
UNION_s3,objective,74,0.6384927951904937,0.6310758899370502,0.007416905253443543,0.0025453525449911814,normalized94_abs_anchor_delta94_identity1,5ca38ebab9e2d191354ce7db934bf08f2b50c31bad2a7874ac97af410c8ebfc0,1b8cf9889926f2419f4788f4a27d0303ed33ac9552a19e36118d180b3e420dd6
UNION_s3,objective,75,0.6384685458230547,0.6310223374947375,0.0074462083283172225,0.002060739414951831,normalized94_abs_anchor_delta94_identity1,5ca38ebab9e2d191354ce7db934bf08f2b50c31bad2a7874ac97af410c8ebfc0,5d23682c5f027fbe8b7033b7a517dc70821d0d477e161f2d6f3508dfcc0f5d7e
UNION_s3,objective,76,0.6384415723189055,0.6309562062899883,0.007485366028917234,0.0023978319954780208,normalized94_abs_anchor_delta94_identity1,5ca38ebab9e2d191354ce7db934bf08f2b50c31bad2a7874ac97af410c8ebfc0,f9a083d113f202103094a9cb7bf6c4477a25baefd638ee6b01e76ab908bf2eb3
UNION_s3,objective,77,0.6384082983599302,0.6308739007207239,0.007534397639206228,0.002479903443665916,normalized94_abs_anchor_delta94_identity1,5ca38ebab9e2d191354ce7db934bf08f2b50c31bad2a7874ac97af410c8ebfc0,28e96e51709fa98234be741e78cae65290a2e7d9c7c1e2ad6e9274c0f81f35b0
UNION_s3,objective,78,0.6383448113358374,0.6307420343735933,0.007602776962244095,0.006508463409633595,normalized94_abs_anchor_delta94_identity1,5ca38ebab9e2d191354ce7db934bf08f2b50c31bad2a7874ac97af410c8ebfc0,779d87842d2882fb888d713d29dad80c762bded008e8ea6deb51faf46812662c
UNION_s3,objective,79,0.6383096557958383,0.6305498743836174,0.007759781412220913,0.0052583187969316965,normalized94_abs_anchor_delta94_identity1,5ca38ebab9e2d191354ce7db934bf08f2b50c31bad2a7874ac97af410c8ebfc0,9ff3df29ca832ce0abf9de12e149fac1ceacd1e22e426ba4c4634be37be16a5c
UNION_s3,objective,80,0.6382746081647296,0.6305882864882272,0.007686321676502411,0.0018967598388475349,normalized94_abs_anchor_delta94_identity1,5ca38ebab9e2d191354ce7db934bf08f2b50c31bad2a7874ac97af410c8ebfc0,8686ee28f893fd32b4ef1c076732624b14e2b83e679ab787490198c62014bd73
UNION_s3,objective,81,0.6382610751224596,0.630599800986027,0.007661274136432586,0.0012606392515998772,normalized94_abs_anchor_delta94_identity1,5ca38ebab9e2d191354ce7db934bf08f2b50c31bad2a7874ac97af410c8ebfc0,37830548b94ba73028a256a6e7c4b76e0751890d15aeac136e8f9d3a49365771
UNION_s3,objective,82,0.6382416880437096,0.630578147478966,0.007663540564743582,0.0012816816411990069,normalized94_abs_anchor_delta94_identity1,5ca38ebab9e2d191354ce7db934bf08f2b50c31bad2a7874ac97af410c8ebfc0,32630d49eb5d1559c0701c3ce8802fe663b05ba0a3a877fa68b535faa53f4e40
UNION_s3,objective,83,0.6382059473186111,0.6304905551117633,0.0077153922068478485,0.0013558491932418744,normalized94_abs_anchor_delta94_identity1,5ca38ebab9e2d191354ce7db934bf08f2b50c31bad2a7874ac97af410c8ebfc0,ea5294d2fddcf59ebd715050dfda53c75a86b7dbe32668a11f8cd0ccc6ca9b00
UNION_s3,objective,84,0.6381717643380935,0.6303617250649137,0.007810039273179763,0.0018668378089911975,normalized94_abs_anchor_delta94_identity1,5ca38ebab9e2d191354ce7db934bf08f2b50c31bad2a7874ac97af410c8ebfc0,7c3d8cbaec77ef10bbfcd5af8abfdae0cd13e9222c114abb165853af8bb8c277
UNION_s3,objective,85,0.638154996533726,0.6302554450718313,0.007899551461894737,0.004018996415384266,normalized94_abs_anchor_delta94_identity1,5ca38ebab9e2d191354ce7db934bf08f2b50c31bad2a7874ac97af410c8ebfc0,0da1cc6bc2a97c704635e81107ee393f047e3dbbdac7113eb09de6186a024f4c
UNION_s3,objective,86,0.6381204526699161,0.6301202373948522,0.008000215275063925,0.002099306154153581,normalized94_abs_anchor_delta94_identity1,5ca38ebab9e2d191354ce7db934bf08f2b50c31bad2a7874ac97af410c8ebfc0,bf00094d09d6c50c61158808cc38a27e05f346de7459b415150533439e92449e
UNION_s3,objective,87,0.6381044669436268,0.6301263492575574,0.0079781176860694,0.0011785141625752825,normalized94_abs_anchor_delta94_identity1,5ca38ebab9e2d191354ce7db934bf08f2b50c31bad2a7874ac97af410c8ebfc0,a7754571375436d6f4cceff62897dc32eabf1a91903c0349f511f23102aecd0b
UNION_s3,objective,88,0.6380873794874798,0.6300956015756318,0.007991777911848066,0.0009900578873819944,normalized94_abs_anchor_delta94_identity1,5ca38ebab9e2d191354ce7db934bf08f2b50c31bad2a7874ac97af410c8ebfc0,6f9c500b696f7653895bdc3da020d122ba1f88204d1220798840d11f8e0086f9
UNION_s3,objective,89,0.6380713525729806,0.6300445679469664,0.008026784626014208,0.0011686454759344625,normalized94_abs_anchor_delta94_identity1,5ca38ebab9e2d191354ce7db934bf08f2b50c31bad2a7874ac97af410c8ebfc0,1c2bc63e43160eb6fe34f0c69e6b42605fcf96a72018941191d93316f4814af4
UNION_s3,objective,90,0.6380706202648425,0.6299745374360749,0.008096082828767592,0.005360663289825672,normalized94_abs_anchor_delta94_identity1,5ca38ebab9e2d191354ce7db934bf08f2b50c31bad2a7874ac97af410c8ebfc0,2590d40c47ea04220de65ac625657a425b2c8f90195e5bbb728c4778952bdb69
UNION_s3,objective,91,0.6380613883030299,0.629999784495021,0.008061603808008898,0.002458451436564906,normalized94_abs_anchor_delta94_identity1,5ca38ebab9e2d191354ce7db934bf08f2b50c31bad2a7874ac97af410c8ebfc0,89b9d7a228957053045a92aae39516e9b015f11f1583766db0758a5087b33a07
UNION_s3,objective,92,0.6380469767289506,0.6299264482170406,0.00812052851191007,0.0011288185468966378,normalized94_abs_anchor_delta94_identity1,5ca38ebab9e2d191354ce7db934bf08f2b50c31bad2a7874ac97af410c8ebfc0,fa077032118c2989b43e04b3ad929d182655b66a05864527a45bb5c7a04394d3
UNION_s3,objective,93,0.6380386420377744,0.629900828253057,0.008137813784717347,0.0009328121200230318,normalized94_abs_anchor_delta94_identity1,5ca38ebab9e2d191354ce7db934bf08f2b50c31bad2a7874ac97af410c8ebfc0,abf3fb8f437036baad713480c197a2446113eecaead387f564bbe08bac4bef18
UNION_s3,objective,94,0.638016281474851,0.629846793583007,0.008169487891843989,0.0011452202221515395,normalized94_abs_anchor_delta94_identity1,5ca38ebab9e2d191354ce7db934bf08f2b50c31bad2a7874ac97af410c8ebfc0,f290a057a8057088e95ab1933b899968839cd839013848122c1e55c15c848051
UNION_s3,objective,95,0.6379981608002094,0.629821749184842,0.008176411615367403,0.0015248460200043953,normalized94_abs_anchor_delta94_identity1,5ca38ebab9e2d191354ce7db934bf08f2b50c31bad2a7874ac97af410c8ebfc0,1ab194a0d3220b1e24046ac516f3e222b8a943c3670f4bc06ce833ecc577882e
UNION_s3,objective,96,0.6379839908623536,0.6297955097927005,0.008188481069653095,0.0009590861381029463,normalized94_abs_anchor_delta94_identity1,5ca38ebab9e2d191354ce7db934bf08f2b50c31bad2a7874ac97af410c8ebfc0,190fd076768ca50296dc261f5f501ae5838ffded4d232ae10775c72da18c7e73
UNION_s3,objective,97,0.6379755050764925,0.6298036477091473,0.008171857367345164,0.0007062676519530654,normalized94_abs_anchor_delta94_identity1,5ca38ebab9e2d191354ce7db934bf08f2b50c31bad2a7874ac97af410c8ebfc0,14b0bd5200440569961cbdb140693906b8951081d717a2e516b12fb768904c2c
UNION_s3,objective,98,0.6379710396654085,0.6298161807876413,0.008154858877767138,0.002796382695590836,normalized94_abs_anchor_delta94_identity1,5ca38ebab9e2d191354ce7db934bf08f2b50c31bad2a7874ac97af410c8ebfc0,228e98893c5589d8ffda815308359bc0c2a2686486c520d1bd6d8a2a8410f62a
UNION_s3,objective,99,0.6379592495930697,0.6298014647832455,0.008157784809824263,0.0008751185268410123,normalized94_abs_anchor_delta94_identity1,5ca38ebab9e2d191354ce7db934bf08f2b50c31bad2a7874ac97af410c8ebfc0,dfd5a3e0f1df40501739d7bcc35a38bbcdfc05ada8869432cd6e6f57c31bc5d6
UNION_s3,objective,100,0.6379533378886847,0.6297777918703973,0.008175546018287395,0.0007939306296031057,normalized94_abs_anchor_delta94_identity1,5ca38ebab9e2d191354ce7db934bf08f2b50c31bad2a7874ac97af410c8ebfc0,0bb4408b9e6a981eaee336ae9a8bff4bc1fe4a6755e121b81dc9efe8cdf32daf
UNION_s3,objective,101,0.6379432113421315,0.6297259978970121,0.008217213445119397,0.0009135171318418228,normalized94_abs_anchor_delta94_identity1,5ca38ebab9e2d191354ce7db934bf08f2b50c31bad2a7874ac97af410c8ebfc0,c0b6711df51802551d4d76c7fe9a513eec07664e46734c95001f753b18134f8c
UNION_s3,objective,102,0.6379327850298052,0.6296575174939284,0.008275267535876842,0.0014461960145111927,normalized94_abs_anchor_delta94_identity1,5ca38ebab9e2d191354ce7db934bf08f2b50c31bad2a7874ac97af410c8ebfc0,76678b4b686c30de3d9461323b93a3b49b000d1ce14f2f7b0315fdc835824dd4
UNION_s3,objective,103,0.6379433937737077,0.6296120664581141,0.00833132731559363,0.0049576136834068515,normalized94_abs_anchor_delta94_identity1,5ca38ebab9e2d191354ce7db934bf08f2b50c31bad2a7874ac97af410c8ebfc0,b322adca949fc62f0a9ebac9910447a2c9d9340145d1eca8d561a5a3fd29531f
UNION_s3,objective,104,0.6379295583791031,0.6296363173276674,0.008293241051435677,0.0011336691884513534,normalized94_abs_anchor_delta94_identity1,5ca38ebab9e2d191354ce7db934bf08f2b50c31bad2a7874ac97af410c8ebfc0,903cc51fc783a3c1c7deced35657eaf0e32831897f103974974bd20954c20b8e
UNION_s3,objective,105,0.637926073360959,0.6296157827674491,0.008310290593509866,0.0008396506064086201,normalized94_abs_anchor_delta94_identity1,5ca38ebab9e2d191354ce7db934bf08f2b50c31bad2a7874ac97af410c8ebfc0,8db1ea6b48ddf0f157f5ee5f62da1eace8dbaff5c646a6ab7eea4d9241cd1500
UNION_s3,objective,106,0.6379214065702336,0.6295967394355257,0.008324667134707758,0.0007163451035291867,normalized94_abs_anchor_delta94_identity1,5ca38ebab9e2d191354ce7db934bf08f2b50c31bad2a7874ac97af410c8ebfc0,1966e04b7f3351e67425c12316593d1675d696d93f546f2e414b3be37e0e321f
UNION_s3,objective,107,0.6379137647293185,0.6295704023414027,0.00834336238791573,0.0007909165201986459,normalized94_abs_anchor_delta94_identity1,5ca38ebab9e2d191354ce7db934bf08f2b50c31bad2a7874ac97af410c8ebfc0,bddc36f77aa6bfd3c6049fa55dc7de5f6cabde5cf450f9ab4437941a059d7c7f
UNION_s3,objective,108,0.6379049992207034,0.629547296204675,0.00835770301602841,0.0009861442443567662,normalized94_abs_anchor_delta94_identity1,5ca38ebab9e2d191354ce7db934bf08f2b50c31bad2a7874ac97af410c8ebfc0,cf1cb54364472e122fb0ee6fdcad9a5fce0be29e61d1f8137dfa01b4b49ab87c
UNION_s3,objective,109,0.6378977698707787,0.6295087698891,0.00838899998167873,0.0011590282612449008,normalized94_abs_anchor_delta94_identity1,5ca38ebab9e2d191354ce7db934bf08f2b50c31bad2a7874ac97af410c8ebfc0,c611a01c51322400b7ab46dfa5ac8b141a3a2c27d54353056de3a9d24f88ff23
UNION_s3,objective,110,0.6378909926012468,0.6295086140118046,0.00838237858944228,0.0005180126053939281,normalized94_abs_anchor_delta94_identity1,5ca38ebab9e2d191354ce7db934bf08f2b50c31bad2a7874ac97af410c8ebfc0,3546796fe61167cecd42dea63614dcd97db4ad014d257b1d575adef51896a93d
UNION_s3,objective,111,0.6378854781359171,0.6295058150068387,0.008379663129078447,0.0005658565099725347,normalized94_abs_anchor_delta94_identity1,5ca38ebab9e2d191354ce7db934bf08f2b50c31bad2a7874ac97af410c8ebfc0,05b9cfde3a2cc19e097ec5da676ba491783598961a82a02dae0d0c9f7a2e4e65
UNION_s3,objective,112,0.6378825698742437,0.6294886935024043,0.008393876371839455,0.0016332087264384928,normalized94_abs_anchor_delta94_identity1,5ca38ebab9e2d191354ce7db934bf08f2b50c31bad2a7874ac97af410c8ebfc0,c5c4b6d54dc154c579aa79a66a2543eb116bc3cd198ca8de80102f850588ea24
UNION_s3,objective,113,0.6378782563307149,0.6294853996522672,0.008392856678447745,0.000952429514204201,normalized94_abs_anchor_delta94_identity1,5ca38ebab9e2d191354ce7db934bf08f2b50c31bad2a7874ac97af410c8ebfc0,8ae8e8b7e180c175925c8dc879c3c09c52f4d9db27a79f7c136cd48d338a762a
UNION_s3,objective,114,0.6378735151707366,0.6294744986646128,0.008399016506123876,0.0005059915295969229,normalized94_abs_anchor_delta94_identity1,5ca38ebab9e2d191354ce7db934bf08f2b50c31bad2a7874ac97af410c8ebfc0,776f310f544ab82bdf7f449151a9555352e2b80b72b0ac30cf85bb97e6b9c096
UNION_s3,objective,115,0.6378713432128582,0.6294699008060521,0.008401442406806082,0.0005435898134504109,normalized94_abs_anchor_delta94_identity1,5ca38ebab9e2d191354ce7db934bf08f2b50c31bad2a7874ac97af410c8ebfc0,f6563f520899700548add9c435a3fc139b6f8b1a40e2909b4333cd4f8b351384
UNION_s3,objective,116,0.6378675694273908,0.6294570488318482,0.008410520595542592,0.0018201625803438391,normalized94_abs_anchor_delta94_identity1,5ca38ebab9e2d191354ce7db934bf08f2b50c31bad2a7874ac97af410c8ebfc0,7c1990f5d6958e2cd10efa434e6f984b163a85abc084919aaefa8946ee344d17
UNION_s3,objective,117,0.6378634633425686,0.6294568202779575,0.008406643064611108,0.0006352757038130078,normalized94_abs_anchor_delta94_identity1,5ca38ebab9e2d191354ce7db934bf08f2b50c31bad2a7874ac97af410c8ebfc0,de7e0f7d2fbf730bee40273b6bbe0ccdd51df55e5e4e8fc1691ddf560e3a85f3
UNION_s3,objective,118,0.6378614122712264,0.6294568066226544,0.008404605648572075,0.0005184964115887122,normalized94_abs_anchor_delta94_identity1,5ca38ebab9e2d191354ce7db934bf08f2b50c31bad2a7874ac97af410c8ebfc0,05cf105996f39a77e65b9abdeaec1d95ef5df8675f9be4d99b41abbdf6b6d64a
UNION_s3,objective,119,0.6378574802860613,0.6294530500611549,0.008404430224906358,0.0005079472109477433,normalized94_abs_anchor_delta94_identity1,5ca38ebab9e2d191354ce7db934bf08f2b50c31bad2a7874ac97af410c8ebfc0,bf4f41fb7759683737ad22582aec420172fa82b15e1b802459074ec31f4f717c
UNION_s3,objective,120,0.6378535435281726,0.6294452275876634,0.008408315940509174,0.0004457967426896744,normalized94_abs_anchor_delta94_identity1,5ca38ebab9e2d191354ce7db934bf08f2b50c31bad2a7874ac97af410c8ebfc0,9a930764f575093dde97d421271bca025b0f496aa51a6c1ab8596317295615d2
UNION_s3,objective,121,0.6378538493584079,0.6294562065811027,0.008397642777305266,0.0014795970555937482,normalized94_abs_anchor_delta94_identity1,5ca38ebab9e2d191354ce7db934bf08f2b50c31bad2a7874ac97af410c8ebfc0,28d91eab328766c0ca6212a961f2113057bdedd853adff0e2862d205914f8050
UNION_s3,objective,122,0.6378510535413072,0.6294480119746783,0.008403041566628985,0.0007693670177530885,normalized94_abs_anchor_delta94_identity1,5ca38ebab9e2d191354ce7db934bf08f2b50c31bad2a7874ac97af410c8ebfc0,163c90d4ed3b4f5785ece17e8d91e8ef1ce4416d6bdd30c8d1cdf3327000f785
UNION_s3,objective,123,0.6378472494159751,0.6294421445115349,0.008405104904440198,0.0004679005134605519,normalized94_abs_anchor_delta94_identity1,5ca38ebab9e2d191354ce7db934bf08f2b50c31bad2a7874ac97af410c8ebfc0,32e9a63fe1eff9cf3bdf3ca057cbf717f80ed6f94dd265d5c7f08ba28a653cc0
UNION_s3,objective,124,0.6378427656854502,0.6294363053102309,0.008406460375219272,0.0004840325579325698,normalized94_abs_anchor_delta94_identity1,5ca38ebab9e2d191354ce7db934bf08f2b50c31bad2a7874ac97af410c8ebfc0,fcbb45fd2509d70c6b746f0465fe01125241ec5c5fd49f3b4edcee42d143943c
UNION_s3,objective,125,0.6378588633626876,0.6295007068488515,0.008358156513836135,0.004893908395484251,normalized94_abs_anchor_delta94_identity1,5ca38ebab9e2d191354ce7db934bf08f2b50c31bad2a7874ac97af410c8ebfc0,1f7aacfb7cbac7580e3e91d6c06eba6f00b6f9dee91e163259ed4eb7985aa82a
UNION_s3,objective,126,0.6378412458496114,0.6294458623916998,0.008395383457911694,0.0012044407327022307,normalized94_abs_anchor_delta94_identity1,5ca38ebab9e2d191354ce7db934bf08f2b50c31bad2a7874ac97af410c8ebfc0,9483389f66839f8218c31e066d1559a50428068755f2dee15ff78e10db900b0f
UNION_s3,objective,127,0.6378382154557931,0.6294474327584393,0.00839078269735378,0.0008612942862669954,normalized94_abs_anchor_delta94_identity1,5ca38ebab9e2d191354ce7db934bf08f2b50c31bad2a7874ac97af410c8ebfc0,1a597fc17fb303cf1910a5f52fe31640a064975f204d04b6a6d8eb69f9abcc64
UNION_s3,objective,128,0.6378347891278461,0.6294543237270684,0.008380465400777592,0.0003778570279967674,normalized94_abs_anchor_delta94_identity1,5ca38ebab9e2d191354ce7db934bf08f2b50c31bad2a7874ac97af410c8ebfc0,e8af6c6a9aafdaf3684a7c6916b33253341e1b824c77899e0166ccd81334b942
UNION_s3,objective,129,0.6378330881765746,0.6294600764396808,0.008373011736893725,0.00039274271733085375,normalized94_abs_anchor_delta94_identity1,5ca38ebab9e2d191354ce7db934bf08f2b50c31bad2a7874ac97af410c8ebfc0,528a195c151bffe8950ad64d8c59f1657ee35ede6cd2e7cccaab97f5ea12e08d
UNION_s3,objective,130,0.6378313821702425,0.6294629841359356,0.008368398034306926,0.0005074313032151458,normalized94_abs_anchor_delta94_identity1,5ca38ebab9e2d191354ce7db934bf08f2b50c31bad2a7874ac97af410c8ebfc0,4e6c9f77e71dfd379a986614587769ff14b4e10c6adb00c9abe6320d7bf70a1b
UNION_s3,objective,131,0.6378352555365725,0.6294847856915615,0.008350469845011,0.0031639878127602337,normalized94_abs_anchor_delta94_identity1,5ca38ebab9e2d191354ce7db934bf08f2b50c31bad2a7874ac97af410c8ebfc0,c406bd87fde21714e781d5b48be9255a2b017cf59604c03c55b5f27deb0878b9
UNION_s3,objective,132,0.6378303025207764,0.6294676589121632,0.008362643608613243,0.001009210227711904,normalized94_abs_anchor_delta94_identity1,5ca38ebab9e2d191354ce7db934bf08f2b50c31bad2a7874ac97af410c8ebfc0,78184a9189e6ebb83117aac22bf9fdcc22abbb67c6e5f0d1a507a7630ebdeddc
UNION_s3,objective,133,0.6378283537091802,0.6294650506865389,0.008363303022641306,0.0005565308675904926,normalized94_abs_anchor_delta94_identity1,5ca38ebab9e2d191354ce7db934bf08f2b50c31bad2a7874ac97af410c8ebfc0,ddf18c6c18b4f038683a616d3affa51971bfa71e16632cd392445d6009fe44b2
UNION_s3,objective,134,0.6378265811690087,0.6294588550082615,0.008367726160747258,0.00039269353466547216,normalized94_abs_anchor_delta94_identity1,5ca38ebab9e2d191354ce7db934bf08f2b50c31bad2a7874ac97af410c8ebfc0,6d224e3fc4c7e47a62cab02f103be8e018796b06c9a5f2b5db7684b0b9ad8891
UNION_s3,objective,135,0.6378253508831253,0.6294535810930802,0.00837176979004502,0.00044040720367686436,normalized94_abs_anchor_delta94_identity1,5ca38ebab9e2d191354ce7db934bf08f2b50c31bad2a7874ac97af410c8ebfc0,ce2c966b6a4c7df3828a24a81845ea878f2b2e6c923265de1b0893f7fdb06b46
UNION_s3,objective,136,0.6378227825177482,0.6294451371977555,0.008377645319992652,0.0005109927911963665,normalized94_abs_anchor_delta94_identity1,5ca38ebab9e2d191354ce7db934bf08f2b50c31bad2a7874ac97af410c8ebfc0,d5cc6624efbb12221df55451ac1b0f10f68786b6da58d3602456f9f0b31dd5f1
UNION_s3,objective,137,0.6378187638058133,0.6294350615489778,0.008383702256835447,0.0005015034630898033,normalized94_abs_anchor_delta94_identity1,5ca38ebab9e2d191354ce7db934bf08f2b50c31bad2a7874ac97af410c8ebfc0,c2924e1a4702a0173957ce732ea026ab9c60438400b45fbf79aa3ac3c8db50d6
UNION_s3,objective,138,0.6378206291808544,0.6294362486305431,0.008384380550311155,0.0015099060176841411,normalized94_abs_anchor_delta94_identity1,5ca38ebab9e2d191354ce7db934bf08f2b50c31bad2a7874ac97af410c8ebfc0,42d80ee65cad745bc791cbf639616bf356bd3e30afce5d5ec97955983688cb4e
UNION_s3,objective,139,0.6378170397254199,0.6294331561003117,0.008383883625108276,0.0006108118581779318,normalized94_abs_anchor_delta94_identity1,5ca38ebab9e2d191354ce7db934bf08f2b50c31bad2a7874ac97af410c8ebfc0,8ab3559566ef9ce0a58acc399a8d07c32aa4179b4d901603bf3c72b607ccc577
UNION_s3,objective,140,0.637814670874297,0.629435589067021,0.008379081807276026,0.0006572258248803943,normalized94_abs_anchor_delta94_identity1,5ca38ebab9e2d191354ce7db934bf08f2b50c31bad2a7874ac97af410c8ebfc0,62fe7d515801df645b1154b77c94080944be120ccd488e2268f4b132c82e3020
UNION_s3,objective,141,0.6378144507320344,0.6294303955042884,0.008384055227745936,0.0010845510620979143,normalized94_abs_anchor_delta94_identity1,5ca38ebab9e2d191354ce7db934bf08f2b50c31bad2a7874ac97af410c8ebfc0,bb533c0d6db39015f7c26d637ee937488d29264086538500db8bca82ef40e305
UNION_s3,objective,142,0.6378130048294421,0.6294348559391204,0.008378148890321771,0.00033329848233124324,normalized94_abs_anchor_delta94_identity1,5ca38ebab9e2d191354ce7db934bf08f2b50c31bad2a7874ac97af410c8ebfc0,911237d68aeeef2737da17771d38b7658c97ee7ed822eb3bbe0d49dc10299ded
UNION_s3,objective,143,0.6378125803430239,0.6294361068414962,0.008376473501527757,0.000219113108098484,normalized94_abs_anchor_delta94_identity1,5ca38ebab9e2d191354ce7db934bf08f2b50c31bad2a7874ac97af410c8ebfc0,65386d8db39ea76759eb8aa7510eaa8528a0fb510fbdd2af0cd11ce8499a946c
UNION_s3,objective,144,0.6378117836878741,0.6294365720479046,0.008375211639969501,0.00025869700659623957,normalized94_abs_anchor_delta94_identity1,5ca38ebab9e2d191354ce7db934bf08f2b50c31bad2a7874ac97af410c8ebfc0,5c35a3d2b4ecbd7fecc68961ef894cdb271c70dd78e1411de4ccfe97deb9758b
UNION_s3,objective,145,0.637811069331732,0.6294351718440175,0.008375897487714466,0.00023551010584530683,normalized94_abs_anchor_delta94_identity1,5ca38ebab9e2d191354ce7db934bf08f2b50c31bad2a7874ac97af410c8ebfc0,84492f2d4124397345910aef48f55c755120e2c66e37c82f6c8b5d64a03948e4
UNION_s3,objective,146,0.6378171318336048,0.6294305809298788,0.008386550903726022,0.0032473257937160097,normalized94_abs_anchor_delta94_identity1,5ca38ebab9e2d191354ce7db934bf08f2b50c31bad2a7874ac97af410c8ebfc0,464c3b2a5ba68a2958868bf69e5356f362cb225e08abb43c828f7c116ea51725
UNION_s3,objective,147,0.637810824868983,0.6294332041415288,0.008377620727454162,0.000632938671796353,normalized94_abs_anchor_delta94_identity1,5ca38ebab9e2d191354ce7db934bf08f2b50c31bad2a7874ac97af410c8ebfc0,f36e697ad1e11484e3f2cb7b1da65e99ffbc600b00c864679ea9233034cfefc1
UNION_s3,objective,148,0.6378099457957347,0.6294300060590139,0.00837993973672084,0.00028651684354593753,normalized94_abs_anchor_delta94_identity1,5ca38ebab9e2d191354ce7db934bf08f2b50c31bad2a7874ac97af410c8ebfc0,156b41653e71f13383c4f7730a8d84312cad3c8b8674702979e510b5f6866977
UNION_s3,objective,149,0.6378094087591987,0.6294288453391852,0.008380563420013455,0.00020617182430756207,normalized94_abs_anchor_delta94_identity1,5ca38ebab9e2d191354ce7db934bf08f2b50c31bad2a7874ac97af410c8ebfc0,4fb8a3701dff7faab1de09b42067d45c316f465a374407ac64f8045100ea5fdb
UNION_s3,objective,150,0.6378086915682585,0.6294279381302894,0.00838075343796904,0.0002404511147417776,normalized94_abs_anchor_delta94_identity1,5ca38ebab9e2d191354ce7db934bf08f2b50c31bad2a7874ac97af410c8ebfc0,541021657b72b932074fdc97d8f98db6f57ef2638df4eb4e5f61e698ee6e2077
UNION_s3,objective,151,0.6378078859517612,0.6294260924267879,0.008381793524973258,0.00022745422088193257,normalized94_abs_anchor_delta94_identity1,5ca38ebab9e2d191354ce7db934bf08f2b50c31bad2a7874ac97af410c8ebfc0,963c5ef12b65d3ff7fccca3692426e057cabd8d772439923e9d79984ab1dd943
UNION_s3,objective,152,0.6378095587271221,0.6294331986664438,0.00837636006067836,0.001027761272283672,normalized94_abs_anchor_delta94_identity1,5ca38ebab9e2d191354ce7db934bf08f2b50c31bad2a7874ac97af410c8ebfc0,a189aa99365a642834607308327cad5347899eb3f302a04eea24113cfb15815c
UNION_s3,objective,153,0.6378075376384548,0.6294273501135133,0.0083801875249415,0.0003693348487735009,normalized94_abs_anchor_delta94_identity1,5ca38ebab9e2d191354ce7db934bf08f2b50c31bad2a7874ac97af410c8ebfc0,d79cc0cc9eb87344d4f4eebb10efd789a132a4ac478a14ee2773647a192dd7f8
UNION_s3,objective,154,0.6378068530442312,0.629425740618177,0.008381112426054164,0.00020331880266577566,normalized94_abs_anchor_delta94_identity1,5ca38ebab9e2d191354ce7db934bf08f2b50c31bad2a7874ac97af410c8ebfc0,8c715a2827d1d3e04da83944d53b9a4125cf7e095310ddaa5560a0591dcd0f25
UNION_s3,objective,155,0.6378066373769794,0.6294253996725733,0.008381237704406118,0.0001497685129007758,normalized94_abs_anchor_delta94_identity1,5ca38ebab9e2d191354ce7db934bf08f2b50c31bad2a7874ac97af410c8ebfc0,d58783827f251e8476290de08372e8717f2507c31f4e60daaa02fe7086f26768
UNION_s3,objective,156,0.6378062931101313,0.6294258758109383,0.00838041729919295,0.00021930252449251986,normalized94_abs_anchor_delta94_identity1,5ca38ebab9e2d191354ce7db934bf08f2b50c31bad2a7874ac97af410c8ebfc0,996e341e990949289eb60704c754ae756c8c6cd392825b49693f47d20b19b2a4
UNION_s3,objective,157,0.6378058806783135,0.6294255034294834,0.008380377248829996,0.00018641354192622977,normalized94_abs_anchor_delta94_identity1,5ca38ebab9e2d191354ce7db934bf08f2b50c31bad2a7874ac97af410c8ebfc0,3b98d4c5fd16407476b16ee4bc312fcd5228a68da08b183ea99a26eb12b4f831
UNION_s3,objective,158,0.6378052146387215,0.6294246921947557,0.0083805224439658,0.00017310524680739996,normalized94_abs_anchor_delta94_identity1,5ca38ebab9e2d191354ce7db934bf08f2b50c31bad2a7874ac97af410c8ebfc0,30bab4f9d232d8faa61609f1445058d839c425188f7274103cd5bf66fb345420
UNION_s3,objective,159,0.6378047635174059,0.6294224845319059,0.008382278985500008,0.00045468024107902,normalized94_abs_anchor_delta94_identity1,5ca38ebab9e2d191354ce7db934bf08f2b50c31bad2a7874ac97af410c8ebfc0,8ce7ff3c0ea811765624b48c4985f348eadbf6ef006b7dacff2605770e376c1a
UNION_s3,objective,160,0.6378050804689958,0.6294208637644979,0.008384216704497802,0.0009800467724351925,normalized94_abs_anchor_delta94_identity1,5ca38ebab9e2d191354ce7db934bf08f2b50c31bad2a7874ac97af410c8ebfc0,e7cce48eefee32f366a72e3f173d53ddb95fc4c7b9f1a81f88453e706be52e6c
UNION_s3,objective,161,0.6378045863672549,0.6294215849188601,0.008383001448394739,0.00019354129009660294,normalized94_abs_anchor_delta94_identity1,5ca38ebab9e2d191354ce7db934bf08f2b50c31bad2a7874ac97af410c8ebfc0,082f248b70e6cb0c40935561b3554311539a63b4ef2537f61341131fb91f7b85
UNION_s3,objective,162,0.637804459084895,0.6294215548395194,0.008382904245375522,0.00016226025808987262,normalized94_abs_anchor_delta94_identity1,5ca38ebab9e2d191354ce7db934bf08f2b50c31bad2a7874ac97af410c8ebfc0,26f639068e2540eab1d273046f07539767ec786314976440fb7c3dc70d3987f7
UNION_s3,objective,163,0.6378041405190231,0.6294205248360184,0.0083836156830047,0.00012681065455298808,normalized94_abs_anchor_delta94_identity1,5ca38ebab9e2d191354ce7db934bf08f2b50c31bad2a7874ac97af410c8ebfc0,6b81bf29c2bea2d462b8c37044171e99879137d3e0314bb9aaf23ade22c8e209
UNION_s3,objective,164,0.6378038821809358,0.6294196979349931,0.008384184245942672,0.00010345861438692378,normalized94_abs_anchor_delta94_identity1,5ca38ebab9e2d191354ce7db934bf08f2b50c31bad2a7874ac97af410c8ebfc0,0190e03d605d15d78a9773ec43ca66d6e6d94946c511cf63bf51549d5d9f6858
UNION_s3,objective,165,0.6378035413458897,0.62941844878105,0.008385092564839613,0.00014108916267466872,normalized94_abs_anchor_delta94_identity1,5ca38ebab9e2d191354ce7db934bf08f2b50c31bad2a7874ac97af410c8ebfc0,75ab4b206e8d414ab91ee0218c92857f72bf10d6872c8fd68a957d9a83021d19
UNION_s3,objective,166,0.637803549328174,0.6294183494045156,0.008385199923658437,0.00047243671642282283,normalized94_abs_anchor_delta94_identity1,5ca38ebab9e2d191354ce7db934bf08f2b50c31bad2a7874ac97af410c8ebfc0,a30a929c2ff978285778039a647298d0c046f3137a6c9f74f6d562faad391921
UNION_s3,objective,167,0.637803381178676,0.6294182397508242,0.008385141427851744,0.0002147396629102426,normalized94_abs_anchor_delta94_identity1,5ca38ebab9e2d191354ce7db934bf08f2b50c31bad2a7874ac97af410c8ebfc0,6fc2049a53ec4d492a215e53da0b0114bdaebb745c586598497ce7c08fd3c89b
UNION_s3,objective,168,0.637803207778154,0.6294183054480227,0.008384902330131293,0.00011993840796526388,normalized94_abs_anchor_delta94_identity1,5ca38ebab9e2d191354ce7db934bf08f2b50c31bad2a7874ac97af410c8ebfc0,9916f2e3561c6f64df80181b30bd6511ef35d3babd70ddfd604e77742f836b1a
UNION_s3,objective,169,0.6378030183888187,0.6294187677101868,0.00838425067863194,8.90612737033661e-05,normalized94_abs_anchor_delta94_identity1,5ca38ebab9e2d191354ce7db934bf08f2b50c31bad2a7874ac97af410c8ebfc0,2765c0708a4b183068f1abac717f7fe79319626b842c652dd7802e076f478679
UNION_s3,objective,170,0.6378028771081556,0.6294191237885401,0.008383753319615534,0.00011363423081535458,normalized94_abs_anchor_delta94_identity1,5ca38ebab9e2d191354ce7db934bf08f2b50c31bad2a7874ac97af410c8ebfc0,f4de3bc7642594d1025292e9036313b72cb699044244c9bbcda325c3de9429cd
UNION_s3,objective,171,0.6378028077486794,0.6294193845086384,0.00838342324004095,0.00022418591400747697,normalized94_abs_anchor_delta94_identity1,5ca38ebab9e2d191354ce7db934bf08f2b50c31bad2a7874ac97af410c8ebfc0,58b1a05f1fa31753cb8839098d0c07720f26e606da2cc1dfe6c7f2ab4b7e6a77
UNION_s3,objective,172,0.6378026467830955,0.6294191994651979,0.008383447317897686,8.028275759675635e-05,normalized94_abs_anchor_delta94_identity1,5ca38ebab9e2d191354ce7db934bf08f2b50c31bad2a7874ac97af410c8ebfc0,10aada9db441f4760b06dba0253eb849bcecc09bf17631049fd106b3e902fa8a
UNION_s3,objective,173,0.6378025986411504,0.6294189300782613,0.008383668562889114,9.849168651806614e-05,normalized94_abs_anchor_delta94_identity1,5ca38ebab9e2d191354ce7db934bf08f2b50c31bad2a7874ac97af410c8ebfc0,742c32d9ef69206189f8dba3db4eb018c26d743a808803405b06056012592bf5
UNION_s3,objective,174,0.6378025539261307,0.62941820718298,0.008384346743150747,0.00015881378144577587,normalized94_abs_anchor_delta94_identity1,5ca38ebab9e2d191354ce7db934bf08f2b50c31bad2a7874ac97af410c8ebfc0,3f676e673a14af9770c71c5d8ad3d7b3e2044ab44ec0d3c1bfac71e61a1f56d5
UNION_s3,objective,175,0.6378025070199889,0.6294180452704458,0.00838446174954305,7.106930091960657e-05,normalized94_abs_anchor_delta94_identity1,5ca38ebab9e2d191354ce7db934bf08f2b50c31bad2a7874ac97af410c8ebfc0,fc9fa3c40c04efd369360e81b5c2bf75f0e9b09b240b7aabb736ae9212c57bd7
UNION_s3,objective,176,0.6378024623600094,0.629417810367263,0.008384651992746366,0.00011195167471493243,normalized94_abs_anchor_delta94_identity1,5ca38ebab9e2d191354ce7db934bf08f2b50c31bad2a7874ac97af410c8ebfc0,72079f0a4ad455fad5b202abadb3dfa59c2afc8779eb4edbbc33b76375c8b1f2
UNION_s3,objective,177,0.6378024232257717,0.629417508317392,0.008384914908379773,0.00010528885211156016,normalized94_abs_anchor_delta94_identity1,5ca38ebab9e2d191354ce7db934bf08f2b50c31bad2a7874ac97af410c8ebfc0,d72c42874a266f3e1d2e4e11e487098462f7c30f46b53cdea0707df2aaacdfed
UNION_s3,objective,178,0.637802337996386,0.6294166211744738,0.008385716821912175,0.00010550443130574303,normalized94_abs_anchor_delta94_identity1,5ca38ebab9e2d191354ce7db934bf08f2b50c31bad2a7874ac97af410c8ebfc0,813fca113d7c04ae5f54f5fec673d6ca79507157f073de5564c9331cc08a23e2
UNION_s3,objective,179,0.6378022717413808,0.6294154066337319,0.00838686510764896,0.00011435449843152493,normalized94_abs_anchor_delta94_identity1,5ca38ebab9e2d191354ce7db934bf08f2b50c31bad2a7874ac97af410c8ebfc0,ed6cbd585023763fd7e00eb40d744d8dff49834a2a682e31395291ed05212fab
UNION_s3,objective,180,0.6378022021809647,0.6294149391251852,0.008387263055779541,0.0001357597884286725,normalized94_abs_anchor_delta94_identity1,5ca38ebab9e2d191354ce7db934bf08f2b50c31bad2a7874ac97af410c8ebfc0,67551cfaaa3554be74d3df200180c392b265e43c5fec96d40147e2904bc1a9a2
UNION_s3,objective,181,0.6378021555868827,0.6294146564468799,0.008387499140002787,0.00014513006464893268,normalized94_abs_anchor_delta94_identity1,5ca38ebab9e2d191354ce7db934bf08f2b50c31bad2a7874ac97af410c8ebfc0,85f2917ebfe33faaeef8af79e6fa1af72e8a5592e158956f54d91b9c8db15cab
UNION_s3,objective,182,0.6378020599267796,0.6294138335912688,0.008388226335510882,0.00012236118505366792,normalized94_abs_anchor_delta94_identity1,5ca38ebab9e2d191354ce7db934bf08f2b50c31bad2a7874ac97af410c8ebfc0,130d844ebe6ff4183d090b6f58d31063e6d1db5fcd8f001727e26d40d3c183a2
UNION_s3,objective,183,0.6378019456069017,0.629411707565881,0.008390238041020695,8.171453515535589e-05,normalized94_abs_anchor_delta94_identity1,5ca38ebab9e2d191354ce7db934bf08f2b50c31bad2a7874ac97af410c8ebfc0,23eded6435609b1ca8a83bd1d60d8373ef57acac5f57710b08cf725f33211bac
UNION_s3,objective,184,0.6378018562527983,0.6294102385201485,0.008391617732649723,7.032504053965029e-05,normalized94_abs_anchor_delta94_identity1,5ca38ebab9e2d191354ce7db934bf08f2b50c31bad2a7874ac97af410c8ebfc0,d4914d8989b65082f89514cb3cf1fd3274f359b43f92f4fb88757cc1f80a8493
UNION_s3,objective,185,0.6378017831523687,0.6294083037764951,0.008393479375873513,0.0001347439353185103,normalized94_abs_anchor_delta94_identity1,5ca38ebab9e2d191354ce7db934bf08f2b50c31bad2a7874ac97af410c8ebfc0,f8f878318b27bd782b50be0ebfa4ee065fbfdd4fe2a74c4d2b395f40d1adcd56
UNION_s3,objective,186,0.6378017723017324,0.6294072998950966,0.00839447240663584,0.00019106767594322935,normalized94_abs_anchor_delta94_identity1,5ca38ebab9e2d191354ce7db934bf08f2b50c31bad2a7874ac97af410c8ebfc0,9fca1314522d3afb3882a9792e179c2d3af1524860cd6613f4869aeb6a7d5df9
UNION_s3,objective,187,0.6378017411278089,0.6294077884351775,0.008393952692631304,5.760125888561537e-05,normalized94_abs_anchor_delta94_identity1,5ca38ebab9e2d191354ce7db934bf08f2b50c31bad2a7874ac97af410c8ebfc0,1fc4ebad7a982758f033031eef6c95879d90455a1e170d5603a65972b06304d0
UNION_s3,objective,188,0.6378017324151027,0.6294078469761578,0.008393885438944891,4.51949582624082e-05,normalized94_abs_anchor_delta94_identity1,5ca38ebab9e2d191354ce7db934bf08f2b50c31bad2a7874ac97af410c8ebfc0,51bc72a8cdc3ec3d6c400eccca65226913203e9b2c7ac3a0c88a0d6663d14bbc
UNION_s3,objective,189,0.6378017065201285,0.6294076992709787,0.008394007249149767,9.016233810388966e-05,normalized94_abs_anchor_delta94_identity1,5ca38ebab9e2d191354ce7db934bf08f2b50c31bad2a7874ac97af410c8ebfc0,235e3bdee71f154b98e398aa94b52e8153f2be7ad9e467da6dd1a4901d7957c6
UNION_s3,objective,190,0.6378016797206885,0.6294072451101872,0.008394434610501251,0.00011575303510160202,normalized94_abs_anchor_delta94_identity1,5ca38ebab9e2d191354ce7db934bf08f2b50c31bad2a7874ac97af410c8ebfc0,9c294635a55e4fdfe8b2ed7f9931506d1799c02aa4c8d6b318ff96419af39d02
UNION_s3,objective,191,0.6378016505399565,0.6294065416100711,0.008395108929885329,9.925334340085752e-05,normalized94_abs_anchor_delta94_identity1,5ca38ebab9e2d191354ce7db934bf08f2b50c31bad2a7874ac97af410c8ebfc0,32e193df1c0b19e8b4faaecf1ca76f07321a4f90515062a441699919a9bd047a
UNION_s3,objective,192,0.6378016154078182,0.6294052194591409,0.008396395948677403,6.569472479934371e-05,normalized94_abs_anchor_delta94_identity1,5ca38ebab9e2d191354ce7db934bf08f2b50c31bad2a7874ac97af410c8ebfc0,b2663d58b3467ef702e81e58357f55d0dbd421b8247cb61dc530d356aca1de2e
UNION_s3,objective,193,0.6378015962989197,0.6294050620314434,0.008396534267476378,4.1046702126675695e-05,normalized94_abs_anchor_delta94_identity1,5ca38ebab9e2d191354ce7db934bf08f2b50c31bad2a7874ac97af410c8ebfc0,3ee28f733cb84a74c64ecd989e7a5b174b24a8117416854162844adb8133c733
UNION_s3,objective,194,0.6378015708909601,0.6294047175704015,0.008396853320558664,8.39648131996517e-05,normalized94_abs_anchor_delta94_identity1,5ca38ebab9e2d191354ce7db934bf08f2b50c31bad2a7874ac97af410c8ebfc0,0a3acca9466cc2b0ff13fada0707c918b31b5a28465018fcca80bc070b69a899
UNION_s3,objective,195,0.6378015547493996,0.6294045220384263,0.008397032710973234,8.560423721493262e-05,normalized94_abs_anchor_delta94_identity1,5ca38ebab9e2d191354ce7db934bf08f2b50c31bad2a7874ac97af410c8ebfc0,769d60fb40218daced074e24494f56d2e8c3b9c30af74c2d97b59982e4ee31b6
UNION_s3,objective,196,0.6378015081052971,0.629403560246394,0.008397947858903148,0.00014900409204439608,normalized94_abs_anchor_delta94_identity1,5ca38ebab9e2d191354ce7db934bf08f2b50c31bad2a7874ac97af410c8ebfc0,0eb47986a4acb79bc23d3a0515ab40fcd81d859428cf7e2f8581990eb70acfab
UNION_s3,objective,197,0.637801487806715,0.6294024934236824,0.008398994383032628,7.350404151642271e-05,normalized94_abs_anchor_delta94_identity1,5ca38ebab9e2d191354ce7db934bf08f2b50c31bad2a7874ac97af410c8ebfc0,342de41067ae885f56173ed08c21ad3c424bf00c700cbd0445c0f0bb1acb334f
UNION_s3,objective,198,0.6378014748702865,0.6294027502983414,0.008398724571945158,3.614026402914201e-05,normalized94_abs_anchor_delta94_identity1,5ca38ebab9e2d191354ce7db934bf08f2b50c31bad2a7874ac97af410c8ebfc0,ae56b5089b2fc9494098cea24557c194531a8e6dc4a343b486b552dc8bb937af
UNION_s3,objective,199,0.6378014670001921,0.6294027941471745,0.008398672853017654,3.681191523408667e-05,normalized94_abs_anchor_delta94_identity1,5ca38ebab9e2d191354ce7db934bf08f2b50c31bad2a7874ac97af410c8ebfc0,6e3b863ea07f96b9e5831481755fc355de844e29dc0943a9735ae5c76cc560fb
UNION_s3,objective,200,0.6378014443214264,0.6294026986437429,0.008398745677683457,3.9730922648956776e-05,normalized94_abs_anchor_delta94_identity1,5ca38ebab9e2d191354ce7db934bf08f2b50c31bad2a7874ac97af410c8ebfc0,a3d59b68423e9bf6aa6c67795ee9c4271fae14eefe262274496356f80536b083
UNION_s3,objective,201,0.6378014372757325,0.6294023801528984,0.008399057122834092,0.00019019164356003104,normalized94_abs_anchor_delta94_identity1,5ca38ebab9e2d191354ce7db934bf08f2b50c31bad2a7874ac97af410c8ebfc0,89ba1819180d92cf3bbaab9ffec3f3686782dcf8167962bb74b4c83ae1069c7c
UNION_s3,objective,202,0.6378014074698801,0.6294023705047405,0.008399036965139654,4.0204945076571746e-05,normalized94_abs_anchor_delta94_identity1,5ca38ebab9e2d191354ce7db934bf08f2b50c31bad2a7874ac97af410c8ebfc0,ea72db1e0f1c8aaf5214062bd188b019e61a5be06ef4c4360dcbfd07f3a57eb0
UNION_s3,objective,203,0.6378014021362206,0.6294022653505735,0.008399136785647032,2.9608069338855013e-05,normalized94_abs_anchor_delta94_identity1,5ca38ebab9e2d191354ce7db934bf08f2b50c31bad2a7874ac97af410c8ebfc0,6d7ae79cdd1d92e18d9cb18fb8c3fccb7bac7446c6940a33d9c33af731118927
UNION_s3,objective,204,0.6378013968817373,0.629402116433784,0.008399280447953352,2.367032250757819e-05,normalized94_abs_anchor_delta94_identity1,5ca38ebab9e2d191354ce7db934bf08f2b50c31bad2a7874ac97af410c8ebfc0,af170a63dfdfaa169d71426f074c2778b439d13e34335ae1c3642e203a46385d
UNION_s3,objective,205,0.6378013909962823,0.6294019730608619,0.008399417935420388,2.904389528084968e-05,normalized94_abs_anchor_delta94_identity1,5ca38ebab9e2d191354ce7db934bf08f2b50c31bad2a7874ac97af410c8ebfc0,d100be1cf472d14aa91f964c9ee4aa6c256a11a0c820b52d711ac92b01ebeac6
UNION_s3,objective,206,0.6378013879525102,0.6294015244998008,0.008399863452709376,0.00011709757843390343,normalized94_abs_anchor_delta94_identity1,5ca38ebab9e2d191354ce7db934bf08f2b50c31bad2a7874ac97af410c8ebfc0,9cd9cde2aca4f41c4e5c2c5cd6869c008d5639f44db57713122fd06488c0d4dc
UNION_s3,objective,207,0.6378013693297786,0.6294014955109808,0.008399873818797806,4.573715194564943e-05,normalized94_abs_anchor_delta94_identity1,5ca38ebab9e2d191354ce7db934bf08f2b50c31bad2a7874ac97af410c8ebfc0,274fdfa74719749c508467c6665897440d5b8ab0aeec3335ee7d9b79af8bbc08
UNION_s3,objective,208,0.6378013605944968,0.6294014435510118,0.008399917043484958,2.8376767317137655e-05,normalized94_abs_anchor_delta94_identity1,5ca38ebab9e2d191354ce7db934bf08f2b50c31bad2a7874ac97af410c8ebfc0,60cf64a3bf69fd180c757b9d55ec4a2cb5e231b6d014edf0ed942519d00897e8
UNION_s3,objective,209,0.6378013515060709,0.6294012558057869,0.008400095700284037,3.539788159149714e-05,normalized94_abs_anchor_delta94_identity1,5ca38ebab9e2d191354ce7db934bf08f2b50c31bad2a7874ac97af410c8ebfc0,c093138f578154f9f51c68b9fa41230cbe532316c457114290bd72bbeba5872e
UNION_s3,objective,210,0.6378013429839517,0.6294010241527691,0.008400318831182661,5.137597750336708e-05,normalized94_abs_anchor_delta94_identity1,5ca38ebab9e2d191354ce7db934bf08f2b50c31bad2a7874ac97af410c8ebfc0,32c895f58e14050bad01dad6e4ff9a197e36817c51511989f52edd260610c70b
UNION_s3,objective,211,0.6378013285388943,0.6294004058245857,0.00840092271430861,3.7431658896006516e-05,normalized94_abs_anchor_delta94_identity1,5ca38ebab9e2d191354ce7db934bf08f2b50c31bad2a7874ac97af410c8ebfc0,17c91055e22c141e93b9d8abb34a00f8d5e354ea11df54cc36bbd84554c3612a
UNION_s3,objective,212,0.6378013107989648,0.629400033820805,0.008401276978159896,4.162128332073659e-05,normalized94_abs_anchor_delta94_identity1,5ca38ebab9e2d191354ce7db934bf08f2b50c31bad2a7874ac97af410c8ebfc0,262b46da7d68d963f36957c0e2aad90fc03180247acd146577347f926ede1ea3
UNION_s3,objective,213,0.6378013090174754,0.6293991610201346,0.008402147997340901,0.00016491247569185474,normalized94_abs_anchor_delta94_identity1,5ca38ebab9e2d191354ce7db934bf08f2b50c31bad2a7874ac97af410c8ebfc0,3b6b16edea44c2b96a287b360a18d83fead330444470a2611926a69820f4d637
UNION_s3,objective,214,0.637801298376218,0.6293995696100051,0.008401728766212972,7.862939815352813e-05,normalized94_abs_anchor_delta94_identity1,5ca38ebab9e2d191354ce7db934bf08f2b50c31bad2a7874ac97af410c8ebfc0,2d5e9112e90c93a11ae5160fa73795b6a117d1bb73fa1e5f1f00cbf95dd28500
UNION_s3,objective,215,0.6378012882036759,0.6293993110408072,0.008401977162868715,4.121954715314189e-05,normalized94_abs_anchor_delta94_identity1,5ca38ebab9e2d191354ce7db934bf08f2b50c31bad2a7874ac97af410c8ebfc0,b4eef6821694f4b1c181cd12ff71117e7603d0d95b5fb75d13d6c28181ac2e67
UNION_s3,objective,216,0.6378012835702362,0.6293992521500036,0.008402031420232688,3.519384028909589e-05,normalized94_abs_anchor_delta94_identity1,5ca38ebab9e2d191354ce7db934bf08f2b50c31bad2a7874ac97af410c8ebfc0,cd220a4e8a6d5b68f18b077421dde9d61575967fd50f9574b249c7a2f8c30a6b
UNION_s3,objective,217,0.6378012661080791,0.629398841383789,0.008402424724290118,2.400466889530963e-05,normalized94_abs_anchor_delta94_identity1,5ca38ebab9e2d191354ce7db934bf08f2b50c31bad2a7874ac97af410c8ebfc0,164dfd9606a24ae6471f2e17ace260d66255ccf458327c6538e9dc212539c24e
UNION_s3,objective,218,0.6378012561672737,0.6293985667839054,0.008402689383368257,2.1239465986758946e-05,normalized94_abs_anchor_delta94_identity1,5ca38ebab9e2d191354ce7db934bf08f2b50c31bad2a7874ac97af410c8ebfc0,35fcc9d2913bf83ec72b5ed73ccbff82234b0343d0d8b458add1659a6d1b897b
UNION_s3,objective,219,0.6378012366413113,0.6293976378612837,0.008403598780027584,7.274432561430098e-05,normalized94_abs_anchor_delta94_identity1,5ca38ebab9e2d191354ce7db934bf08f2b50c31bad2a7874ac97af410c8ebfc0,f86763590e4a1567545cce37be3664bed763929c0a5cf88813b8876635667678
UNION_s3,objective,220,0.6378012265879807,0.6293973158206434,0.008403910767337255,2.6266773943808837e-05,normalized94_abs_anchor_delta94_identity1,5ca38ebab9e2d191354ce7db934bf08f2b50c31bad2a7874ac97af410c8ebfc0,8998b9da583eace0b8240bcdf3b91cc8fa9aece6a3e5f50d996273183a001116
UNION_s3,objective,221,0.6378012223107365,0.6293972980960956,0.008403924214640944,2.01700083728938e-05,normalized94_abs_anchor_delta94_identity1,5ca38ebab9e2d191354ce7db934bf08f2b50c31bad2a7874ac97af410c8ebfc0,254ca0a8e6e01b4cb553944ac5e94aa85a331571f54d19c5a67bbdc2365ba6eb
UNION_s3,objective,222,0.6378012147232935,0.6293972063642156,0.008404008359077907,1.9068077620118843e-05,normalized94_abs_anchor_delta94_identity1,5ca38ebab9e2d191354ce7db934bf08f2b50c31bad2a7874ac97af410c8ebfc0,77068bfb794ea111a4591dd3bed5df82b748962a336af4108d831a34957a9974
UNION_s3,objective,223,0.6378012036061209,0.629396824285664,0.00840437932045686,3.962570364995861e-05,normalized94_abs_anchor_delta94_identity1,5ca38ebab9e2d191354ce7db934bf08f2b50c31bad2a7874ac97af410c8ebfc0,407dd97b0ef955611ab864caa261d75af60085131e2a5f6774cc8f2d3653a9fd
UNION_s3,objective,224,0.6378011942935742,0.6293966162984295,0.008404577995144755,3.417905564336309e-05,normalized94_abs_anchor_delta94_identity1,5ca38ebab9e2d191354ce7db934bf08f2b50c31bad2a7874ac97af410c8ebfc0,6bab6c4fb53137a7b8fd7026dcbfe34f60e8674a05fd4e097db040476d88ac6d
UNION_s3,objective,225,0.6378011876472929,0.6293965424726722,0.008404645174620643,2.098924940518238e-05,normalized94_abs_anchor_delta94_identity1,5ca38ebab9e2d191354ce7db934bf08f2b50c31bad2a7874ac97af410c8ebfc0,8bc4dcf9a98ead4e5c520be0a576d7753243283a277a17c08caecd6a38048bdf
UNION_s3,objective,226,0.6378011813624895,0.6293964395982579,0.008404741764231628,3.093764480000335e-05,normalized94_abs_anchor_delta94_identity1,5ca38ebab9e2d191354ce7db934bf08f2b50c31bad2a7874ac97af410c8ebfc0,d73be3408c5208c92fed47f7a522a3002ddacb57ea194741c56bb7239b6d5ba4
UNION_s3,objective,227,0.637801178542565,0.6293963026252045,0.008404875917360449,9.552997225932386e-05,normalized94_abs_anchor_delta94_identity1,5ca38ebab9e2d191354ce7db934bf08f2b50c31bad2a7874ac97af410c8ebfc0,4d185935cba9751445dcfdf92989e20c3704b7a01854263e589c857478346401
UNION_s3,objective,228,0.6378011727422368,0.6293963233811674,0.008404849361069434,4.967610389430476e-05,normalized94_abs_anchor_delta94_identity1,5ca38ebab9e2d191354ce7db934bf08f2b50c31bad2a7874ac97af410c8ebfc0,73ad32139d18e3c782f45b500c73d077e4433d7331dfe25ca48d53003cc39aac
UNION_s3,objective,229,0.6378011654328366,0.6293962904064198,0.008404875026416852,1.898186608153378e-05,normalized94_abs_anchor_delta94_identity1,5ca38ebab9e2d191354ce7db934bf08f2b50c31bad2a7874ac97af410c8ebfc0,b9b78f7adf590e1fe445be373a137422e92f1a951dd3327ca6434d4307132148
UNION_s3,objective,230,0.6378011611398696,0.6293961964490669,0.008404964690802753,2.9118656616712037e-05,normalized94_abs_anchor_delta94_identity1,5ca38ebab9e2d191354ce7db934bf08f2b50c31bad2a7874ac97af410c8ebfc0,84a039cc07ffdd7af85847f5c22a73a7441ab2f4483f2225c5060f3dc64184aa
UNION_s3,objective,231,0.6378011541266171,0.6293960778762849,0.008405076250332173,2.7448022919373714e-05,normalized94_abs_anchor_delta94_identity1,5ca38ebab9e2d191354ce7db934bf08f2b50c31bad2a7874ac97af410c8ebfc0,fc68bbca60c772604a648910942fd856e4485205ae53731d74b41f753cf796ee
UNION_s3,objective,232,0.6378011516185003,0.6293955765173047,0.008405575101195538,8.36537887471968e-05,normalized94_abs_anchor_delta94_identity1,5ca38ebab9e2d191354ce7db934bf08f2b50c31bad2a7874ac97af410c8ebfc0,d087eab5ca6c000042d924fccf459775de1081b5a506fb2b6332bdd64bcdc44c
UNION_s3,objective,233,0.6378011500690691,0.6293955248491476,0.008405625219921506,8.106081110467214e-05,normalized94_abs_anchor_delta94_identity1,5ca38ebab9e2d191354ce7db934bf08f2b50c31bad2a7874ac97af410c8ebfc0,a0505d28cc3a7e8a870fd20c6681f2f30fc397168aacc3a9ca425b246eaa2ad2
UNION_s3,objective,234,0.6378011403561039,0.629395677265042,0.008405463091061898,1.4876520069500084e-05,normalized94_abs_anchor_delta94_identity1,5ca38ebab9e2d191354ce7db934bf08f2b50c31bad2a7874ac97af410c8ebfc0,432e0ab8f8ebd28ded372ca853cee530ad060b117b7fe7a9c06c214e17c59c68
UNION_s3,objective,235,0.6378011395521279,0.6293956640538361,0.008405475498291877,1.1292875032173726e-05,normalized94_abs_anchor_delta94_identity1,5ca38ebab9e2d191354ce7db934bf08f2b50c31bad2a7874ac97af410c8ebfc0,fc51c83160c798ce777379d415882f5f60c68c072a5e0b518cfa37d6094ff067
UNION_s3,objective,236,0.6378011376961126,0.6293955988282829,0.008405538867829705,1.1183735005220972e-05,normalized94_abs_anchor_delta94_identity1,5ca38ebab9e2d191354ce7db934bf08f2b50c31bad2a7874ac97af410c8ebfc0,1ed6d45a8967768e2a57b6df530d16f7036e6cd63c7827307bf46f8527fd2024
UNION_s3,objective,237,0.637801135540884,0.6293955242774115,0.008405611263472512,1.4172511694325611e-05,normalized94_abs_anchor_delta94_identity1,5ca38ebab9e2d191354ce7db934bf08f2b50c31bad2a7874ac97af410c8ebfc0,e884c727b671105ec889666b66b0120a27f1c8e305186bd1d87a4be09552d581
UNION_s3,objective,238,0.637801135938372,0.6293953741583862,0.008405761779985699,5.609526737785931e-05,normalized94_abs_anchor_delta94_identity1,5ca38ebab9e2d191354ce7db934bf08f2b50c31bad2a7874ac97af410c8ebfc0,e9147967adb3fc1e1cd87eb1e50d1f645fc26f9159c6f62919ee4e614bbd0b3a
UNION_s3,objective,239,0.6378011339099107,0.6293954515515223,0.008405682358388318,2.8536769159636765e-05,normalized94_abs_anchor_delta94_identity1,5ca38ebab9e2d191354ce7db934bf08f2b50c31bad2a7874ac97af410c8ebfc0,1f28e95edad2f26369f4a3c4baab311f0c7f17acdff2992a8053dff97358d1b6
UNION_s3,objective,240,0.6378011314325789,0.6293953509183549,0.00840578051422406,1.554390125241346e-05,normalized94_abs_anchor_delta94_identity1,5ca38ebab9e2d191354ce7db934bf08f2b50c31bad2a7874ac97af410c8ebfc0,ee19ce5b04e8d39bbad21ebe85ef3c7a0e7c610dc83751dd039679be93b4c91e
UNION_s3,objective,241,0.6378011300101661,0.6293953278511177,0.008405802159048412,1.5225649903825916e-05,normalized94_abs_anchor_delta94_identity1,5ca38ebab9e2d191354ce7db934bf08f2b50c31bad2a7874ac97af410c8ebfc0,be962840d589c24e488462a96714a95be46818b2ad3afcdcff7380f27d9c2576
UNION_s3,objective,242,0.6378011287626372,0.629395325605278,0.00840580315735916,1.7667307737864145e-05,normalized94_abs_anchor_delta94_identity1,5ca38ebab9e2d191354ce7db934bf08f2b50c31bad2a7874ac97af410c8ebfc0,8d72ec91086ea5e14480208c81d38232d3473bd2bd7cd1215a283254ab45a824
UNION_s3,objective,243,0.6378011280100349,0.6293953400452162,0.00840578796481856,1.4509375371241583e-05,normalized94_abs_anchor_delta94_identity1,5ca38ebab9e2d191354ce7db934bf08f2b50c31bad2a7874ac97af410c8ebfc0,2f79e631b748a188b2a449093ba8ca04636f48f5d23ed1b4f08f7dc5d26f76c0
UNION_s3,objective,244,0.6378011263071205,0.6293953161484402,0.008405810158680268,9.70381014385033e-06,normalized94_abs_anchor_delta94_identity1,5ca38ebab9e2d191354ce7db934bf08f2b50c31bad2a7874ac97af410c8ebfc0,25550e9ca8c127af173bd6ae01716d0fa72f2a0ffb4744b149237fb87b96c759
UNION_s3,objective,245,0.6378011245492534,0.62939526931575,0.008405855233503503,8.927110476169221e-06,normalized94_abs_anchor_delta94_identity1,5ca38ebab9e2d191354ce7db934bf08f2b50c31bad2a7874ac97af410c8ebfc0,5a205d090d9ed73a33891586a28470f2e4f5fcaefb48aa15de0b4befb476e145
UNION_s3,objective,246,0.637801140298831,0.6293950435010494,0.00840609679778157,0.00013900163163081312,normalized94_abs_anchor_delta94_identity1,5ca38ebab9e2d191354ce7db934bf08f2b50c31bad2a7874ac97af410c8ebfc0,4fe3df894b9337d9de9483d680832d24e3089216918fe82cc2985401007dfd4e
UNION_s3,objective,247,0.6378011241954644,0.6293952378239157,0.008405886371548744,1.8393763493689425e-05,normalized94_abs_anchor_delta94_identity1,5ca38ebab9e2d191354ce7db934bf08f2b50c31bad2a7874ac97af410c8ebfc0,a6a7f66f1e6b860f5b12233aab400e1bd782e7586565a10687d932b6a5fbc9c3
UNION_s3,objective,248,0.6378011231860953,0.629395190604438,0.0084059325816572,1.422805874136503e-05,normalized94_abs_anchor_delta94_identity1,5ca38ebab9e2d191354ce7db934bf08f2b50c31bad2a7874ac97af410c8ebfc0,2a6ad26969e34e40411f3c52301c86f8d67b696f404408296e7408bf03982e72
UNION_s3,objective,249,0.6378011215370423,0.6293951257301181,0.008405995806924086,1.0141785633424756e-05,normalized94_abs_anchor_delta94_identity1,5ca38ebab9e2d191354ce7db934bf08f2b50c31bad2a7874ac97af410c8ebfc0,d621d6c1c746b916580b53a232c20b40b0daca5061a098b99f8cdc59e300c4f6
UNION_s3,objective,250,0.637801119394863,0.6293949779852126,0.008406141409650396,1.2207244685501016e-05,normalized94_abs_anchor_delta94_identity1,5ca38ebab9e2d191354ce7db934bf08f2b50c31bad2a7874ac97af410c8ebfc0,ad33e93b6a69fc3e09f9889c7e747ee39636926186717c0b6058946a26b928af
UNION_s3,objective,251,0.6378011177908198,0.6293948837107083,0.008406234080111544,1.1678404234512133e-05,normalized94_abs_anchor_delta94_identity1,5ca38ebab9e2d191354ce7db934bf08f2b50c31bad2a7874ac97af410c8ebfc0,3a39d9e9ef59f7ddd1da7870dfed472338e4734efd46911ce295ec94379b48f3
UNION_s3,objective,252,0.6378011163698166,0.6293947907894497,0.008406325580366964,2.001927773416512e-05,normalized94_abs_anchor_delta94_identity1,5ca38ebab9e2d191354ce7db934bf08f2b50c31bad2a7874ac97af410c8ebfc0,0ef0d9917d020cdca082cab642f2e77f6ba3cef059da1c392374653a5304f85f
UNION_s3,objective,253,0.6378011151967082,0.6293946980916002,0.008406417105108002,1.0931346144886774e-05,normalized94_abs_anchor_delta94_identity1,5ca38ebab9e2d191354ce7db934bf08f2b50c31bad2a7874ac97af410c8ebfc0,626e1bab4ac227efde115e7dd840c02959efd6e63a3e3f22b259e64ea3e9e224
UNION_s3,objective,254,0.6378011145739995,0.6293946488092863,0.008406465764713208,7.548205942597693e-06,normalized94_abs_anchor_delta94_identity1,5ca38ebab9e2d191354ce7db934bf08f2b50c31bad2a7874ac97af410c8ebfc0,e70d607e548fe199de534d4b84f42e159b8a53141bb9fbbbc44bf1b1ab5d47fa
UNION_s3,objective,255,0.637801113817519,0.6293945772130424,0.008406536604476624,9.27950627813198e-06,normalized94_abs_anchor_delta94_identity1,5ca38ebab9e2d191354ce7db934bf08f2b50c31bad2a7874ac97af410c8ebfc0,342aaf057d0b97467481fb2b683dc1fd2246408ea7c98ecbdcbe696a5adeb37b
UNION_s3,objective,256,0.6378011129025041,0.6293943995912175,0.008406713311286673,1.2057411095431554e-05,normalized94_abs_anchor_delta94_identity1,5ca38ebab9e2d191354ce7db934bf08f2b50c31bad2a7874ac97af410c8ebfc0,33c6741c409b4f22a67aa9a4dd3c333154835e268a5681d111d09fb692dd8fe9
UNION_s3,objective,257,0.6378011123903901,0.629394350106856,0.008406762283534052,6.29157108567905e-06,normalized94_abs_anchor_delta94_identity1,5ca38ebab9e2d191354ce7db934bf08f2b50c31bad2a7874ac97af410c8ebfc0,aee8cf45ae6e039f5f5ddd6634d216ee418690fc00d3e4e7fbd874e01a8f3ad3
UNION_s3,objective,258,0.6378011120190963,0.6293943002626459,0.00840681175645047,5.596936572016054e-06,normalized94_abs_anchor_delta94_identity1,5ca38ebab9e2d191354ce7db934bf08f2b50c31bad2a7874ac97af410c8ebfc0,6d4fd4ad7b4775cb7df760f7631b9334857c145f93d3b9330e45305fe2fcd9ce
UNION_s3,objective,259,0.6378011120166228,0.6293941777899196,0.008406934226703225,2.6518471762763368e-05,normalized94_abs_anchor_delta94_identity1,5ca38ebab9e2d191354ce7db934bf08f2b50c31bad2a7874ac97af410c8ebfc0,3ba6af7e3487c1cf5a53dc8db788486adfbdd6cfdbb49ff2014508859f48fb4f
UNION_s3,objective,260,0.6378011118188978,0.6293942386407958,0.008406873178101905,1.343179083808363e-05,normalized94_abs_anchor_delta94_identity1,5ca38ebab9e2d191354ce7db934bf08f2b50c31bad2a7874ac97af410c8ebfc0,b57410ef9f75dce451dcf24b7def15dc1aacefe4230132a2d62cc9a25fad1917
UNION_s3,objective,261,0.6378011115092111,0.6293941896747778,0.008406921834433381,9.737354044043543e-06,normalized94_abs_anchor_delta94_identity1,5ca38ebab9e2d191354ce7db934bf08f2b50c31bad2a7874ac97af410c8ebfc0,d481950c85c2f57c22f60a7474c5af44fec1c9843fa6b22bbdf133b58abaf419
UNION_s3,objective,262,0.6378011108360768,0.6293940550825317,0.008407055753545115,7.878082748635309e-06,normalized94_abs_anchor_delta94_identity1,5ca38ebab9e2d191354ce7db934bf08f2b50c31bad2a7874ac97af410c8ebfc0,e8fbf554133dd25adcd79c486469edb22bd0c71d4109c059efd87c6e1b45d16f
UNION_s3,objective,263,0.6378011100511016,0.6293938632587063,0.008407246792395314,1.0112196632726395e-05,normalized94_abs_anchor_delta94_identity1,5ca38ebab9e2d191354ce7db934bf08f2b50c31bad2a7874ac97af410c8ebfc0,a5eae9a034399a8ca39bf4b3291da4c4caab99b781f7afe6573f686f69af8455
UNION_s3,objective,264,0.6378011090083396,0.6293935810577768,0.008407527950562887,1.1078916893081382e-05,normalized94_abs_anchor_delta94_identity1,5ca38ebab9e2d191354ce7db934bf08f2b50c31bad2a7874ac97af410c8ebfc0,aba95316df1f2b2db6e886ca912efb2c91c70c76e6607651e5dc5cd35b3d9056
UNION_s3,objective,265,0.6378011080480999,0.62939307400425,0.008408034043849818,1.8628390794689596e-05,normalized94_abs_anchor_delta94_identity1,5ca38ebab9e2d191354ce7db934bf08f2b50c31bad2a7874ac97af410c8ebfc0,7337e30d48c8c3bc653a053d2d24afc7a947caaa3d455cd66ecd1f61a6587546
UNION_s3,objective,266,0.6378011072915297,0.6293928049717278,0.008408302319801952,1.9781299201391953e-05,normalized94_abs_anchor_delta94_identity1,5ca38ebab9e2d191354ce7db934bf08f2b50c31bad2a7874ac97af410c8ebfc0,21e0cb212e0fd1992d6453b231973f6b9e1a1a0f0d8c6c04278975dd58230f43
UNION_s3,objective,267,0.6378011066031645,0.6293929066904579,0.008408199912706542,8.7925486695462e-06,normalized94_abs_anchor_delta94_identity1,5ca38ebab9e2d191354ce7db934bf08f2b50c31bad2a7874ac97af410c8ebfc0,670e431fcd1bf611f7d292694a894cf1f8b20639f8abb135d9000d1f3dfc039c
UNION_s3,objective,268,0.6378011061264037,0.6293928711890096,0.008408234937394175,7.1339428654878185e-06,normalized94_abs_anchor_delta94_identity1,5ca38ebab9e2d191354ce7db934bf08f2b50c31bad2a7874ac97af410c8ebfc0,691bdbd90f1651805c90fdbd13bd27309396d253f4f2751b8e94b2d6c514e847
UNION_s3,objective,269,0.6378011058150164,0.6293927555566923,0.008408350258324109,7.288937094073464e-06,normalized94_abs_anchor_delta94_identity1,5ca38ebab9e2d191354ce7db934bf08f2b50c31bad2a7874ac97af410c8ebfc0,a774ea8b012356afec318c4badde51d698a2fffc58349f4b13993d0d5976f067
UNION_s3,objective,270,0.6378011051661701,0.6293925178168264,0.008408587349343721,1.0108997382196022e-05,normalized94_abs_anchor_delta94_identity1,5ca38ebab9e2d191354ce7db934bf08f2b50c31bad2a7874ac97af410c8ebfc0,98cb3433b4b96ed3de72e670d1b7896eb33d7e7cd2ee1b72a7fe2f88bf924131
UNION_s3,objective,271,0.6378011076849388,0.6293922170885957,0.008408890596343036,5.754333161901853e-05,normalized94_abs_anchor_delta94_identity1,5ca38ebab9e2d191354ce7db934bf08f2b50c31bad2a7874ac97af410c8ebfc0,0f2da11cb8b7eec715eb84d64056b8b426a531b66e2fe8761f7bee20f3c0dae9
UNION_s3,objective,272,0.6378011050439101,0.6293924640061194,0.008408641037790742,5.916104386566334e-06,normalized94_abs_anchor_delta94_identity1,5ca38ebab9e2d191354ce7db934bf08f2b50c31bad2a7874ac97af410c8ebfc0,1b161d451d38a167b2271bd4d5922902f782043c9a73cd5778953e58e6a65acb
UNION_s3,objective,273,0.6378011048709926,0.62939236931727,0.008408735553722589,4.338621595195293e-06,normalized94_abs_anchor_delta94_identity1,5ca38ebab9e2d191354ce7db934bf08f2b50c31bad2a7874ac97af410c8ebfc0,f0da31b8abe6c31bed1eb68862336d6839068e8de8f069d87326ab9686b197cc
UNION_s3,objective,274,0.6378011047001351,0.6293922822256556,0.008408822474479544,4.858305250143559e-06,normalized94_abs_anchor_delta94_identity1,5ca38ebab9e2d191354ce7db934bf08f2b50c31bad2a7874ac97af410c8ebfc0,be4e548415b0ec52e483e1771b7a8cabc79460a8a92244f0e6ed25a27a0a604c
UNION_s3,objective,275,0.6378011045136873,0.6293922165599402,0.008408887953747144,4.201353883719464e-06,normalized94_abs_anchor_delta94_identity1,5ca38ebab9e2d191354ce7db934bf08f2b50c31bad2a7874ac97af410c8ebfc0,f4e0e3d2e4e82fb1257b632aa1c6410005ce3f7a89efeb1eeef832e6c1915f1e
UNION_s3,objective,276,0.6378011041873441,0.6293921103950487,0.008408993792295393,4.5938197404043625e-06,normalized94_abs_anchor_delta94_identity1,5ca38ebab9e2d191354ce7db934bf08f2b50c31bad2a7874ac97af410c8ebfc0,f125cb8d429fa60ede7eff5b820caf81bbe8d25c2a0c744070252096e4828c62
UNION_s3,objective,277,0.6378011041017061,0.6293921020395479,0.008409002062158227,1.4487297260570519e-05,normalized94_abs_anchor_delta94_identity1,5ca38ebab9e2d191354ce7db934bf08f2b50c31bad2a7874ac97af410c8ebfc0,6d37d7c858e2ca0b5c9afd71fe00e6032cb244fd7d09eae26a8d18dc3db48793
UNION_s3,objective,278,0.6378011036871901,0.6293919723364984,0.008409131350691811,6.205566693201195e-06,normalized94_abs_anchor_delta94_identity1,5ca38ebab9e2d191354ce7db934bf08f2b50c31bad2a7874ac97af410c8ebfc0,4319b0ccf590968a2883a784933f287acee7f921fee97db6670ebc11c6e73ba9
UNION_s3,objective,279,0.6378011035807498,0.629391975569474,0.008409128011275784,3.990912218631554e-06,normalized94_abs_anchor_delta94_identity1,5ca38ebab9e2d191354ce7db934bf08f2b50c31bad2a7874ac97af410c8ebfc0,547889677c9c0c3abfbb772c5f3e279915e9de8097e6da8d486e1c5690371100
UNION_s3,objective,280,0.6378011034002531,0.6293919514371974,0.008409151963055701,4.079361585317449e-06,normalized94_abs_anchor_delta94_identity1,5ca38ebab9e2d191354ce7db934bf08f2b50c31bad2a7874ac97af410c8ebfc0,a27a92cee41cfcf075e6fb492876abc364698ec7b68980bdc7710f0f8e791abb
UNION_s3,objective,281,0.6378011032628752,0.6293918315101049,0.008409271752770292,1.093071550434745e-05,normalized94_abs_anchor_delta94_identity1,5ca38ebab9e2d191354ce7db934bf08f2b50c31bad2a7874ac97af410c8ebfc0,aec656cdc0a2cdb618c98b3829db2cb52defc52e468ce726b3fb419b39bfa064
UNION_s3,objective,282,0.6378011030635684,0.6293918109053622,0.008409292158206214,5.114803183991014e-06,normalized94_abs_anchor_delta94_identity1,5ca38ebab9e2d191354ce7db934bf08f2b50c31bad2a7874ac97af410c8ebfc0,e9692acf1a3fba091b568d3091b8c7ec1a23014943ec95c7f5d3215c789f2809
UNION_s3,objective,283,0.6378011029175668,0.6293917418189339,0.008409361098632847,2.995814673082991e-06,normalized94_abs_anchor_delta94_identity1,5ca38ebab9e2d191354ce7db934bf08f2b50c31bad2a7874ac97af410c8ebfc0,bc8c11cea856a49b6d72a5645876dcb331ab23f13805a161d2a0a4fbea99b35c
UNION_s3,objective,284,0.6378011027898152,0.6293916659888207,0.00840943680099447,4.365634765564419e-06,normalized94_abs_anchor_delta94_identity1,5ca38ebab9e2d191354ce7db934bf08f2b50c31bad2a7874ac97af410c8ebfc0,80528a099b870118a5a72128cffd81a708a5592cf7d08d99ca0c9450036b73ce
UNION_s3,objective,285,0.6378011027828143,0.6293914595091686,0.008409643273645689,1.6425651737394128e-05,normalized94_abs_anchor_delta94_identity1,5ca38ebab9e2d191354ce7db934bf08f2b50c31bad2a7874ac97af410c8ebfc0,7b4767c32c218b6e80bb9ef05c8ee47c5b912dd5fee5f3c809ecdf41464d3750
UNION_s3,objective,286,0.6378011026922049,0.6293915607404805,0.008409541951724409,7.816190173480304e-06,normalized94_abs_anchor_delta94_identity1,5ca38ebab9e2d191354ce7db934bf08f2b50c31bad2a7874ac97af410c8ebfc0,1d73fd14408461fd5a60f1dbb70d03787cc51a3a2d6a93498b3f042f06115ef2
UNION_s3,objective,287,0.6378011025416077,0.6293914696572803,0.008409632884327337,4.768075663392895e-06,normalized94_abs_anchor_delta94_identity1,5ca38ebab9e2d191354ce7db934bf08f2b50c31bad2a7874ac97af410c8ebfc0,d206879c87b43dbbf1349fddecbe59f76b164740ca6e7e328ae34d79d9cf49d0
UNION_s3,objective,288,0.6378011024119743,0.629391411752601,0.008409690659373277,3.5997234612427155e-06,normalized94_abs_anchor_delta94_identity1,5ca38ebab9e2d191354ce7db934bf08f2b50c31bad2a7874ac97af410c8ebfc0,fc548b590cb14b7ef713e15803a554c69c3cc0969a1d1d2a104769a3a9bc9351
UNION_s3,objective,289,0.6378011022370635,0.6293913330032866,0.00840976923377688,3.0327142775498004e-06,normalized94_abs_anchor_delta94_identity1,5ca38ebab9e2d191354ce7db934bf08f2b50c31bad2a7874ac97af410c8ebfc0,53d5c613956a931fdd76007ff1b0be721eafb6c3ab6681c2c19c98502c54f0c6
UNION_s3,objective,290,0.6378011021112379,0.6293912931166852,0.008409808994552658,2.916427605723565e-06,normalized94_abs_anchor_delta94_identity1,5ca38ebab9e2d191354ce7db934bf08f2b50c31bad2a7874ac97af410c8ebfc0,8ec2809e6edd25ae605aa0ae02f813b28f18c34deaf35f4e4716a471636102b4
UNION_s3,objective,291,0.6378011019916228,0.6293912046352597,0.008409897356363159,5.229960684718922e-06,normalized94_abs_anchor_delta94_identity1,5ca38ebab9e2d191354ce7db934bf08f2b50c31bad2a7874ac97af410c8ebfc0,d27d5a0ff1aa2458829bb40f41b281f04077b17fa0c28aae246a39628679f63c
UNION_s3,objective,292,0.6378011019338026,0.6293912284067098,0.008409873527092786,8.046845692345644e-06,normalized94_abs_anchor_delta94_identity1,5ca38ebab9e2d191354ce7db934bf08f2b50c31bad2a7874ac97af410c8ebfc0,cb97803f5e097aca0f0d847341dc7a93f45c2f73743f19814731479d5f3d3c9c
UNION_s3,objective,293,0.6378011018436736,0.6293912263868139,0.008409875456859667,2.886749447439546e-06,normalized94_abs_anchor_delta94_identity1,5ca38ebab9e2d191354ce7db934bf08f2b50c31bad2a7874ac97af410c8ebfc0,e336d5d851edc2a9a210c6714b017f0e3a72d9ddac04b5ff74093e41929b2b48
UNION_s3,objective,294,0.637801101800667,0.6293912168072813,0.008409884993385684,2.320646479771591e-06,normalized94_abs_anchor_delta94_identity1,5ca38ebab9e2d191354ce7db934bf08f2b50c31bad2a7874ac97af410c8ebfc0,91a9615966dc37db678eda6702438d02db700f8b0612e42b9a043b6cc640fd21
UNION_s3,objective,295,0.6378011017605348,0.6293911993400957,0.008409902420439147,2.764477222029047e-06,normalized94_abs_anchor_delta94_identity1,5ca38ebab9e2d191354ce7db934bf08f2b50c31bad2a7874ac97af410c8ebfc0,0449e1c0bfab72116824b2dd5bcda7f7677d9ff5c5a2b1538ea594025d80d87d
UNION_s3,objective,296,0.6378011016793259,0.6293911616498725,0.00840994002945337,5.225122207343127e-06,normalized94_abs_anchor_delta94_identity1,5ca38ebab9e2d191354ce7db934bf08f2b50c31bad2a7874ac97af410c8ebfc0,52b379df1e6c344e807c5797edf6cb5ca64839e24f6eb61351f2f944a7ef1627
UNION_s3,objective,297,0.6378011017603864,0.6293910145852821,0.008410087175104265,1.2109250939555677e-05,normalized94_abs_anchor_delta94_identity1,5ca38ebab9e2d191354ce7db934bf08f2b50c31bad2a7874ac97af410c8ebfc0,0b5a0a5f90e094ae7734c2ac86d0ca4924ea9ada2861a1d578b8ec5746e5bbc6
UNION_s3,objective,298,0.6378011016395507,0.6293911079687119,0.008409993670838865,3.2926513142055372e-06,normalized94_abs_anchor_delta94_identity1,5ca38ebab9e2d191354ce7db934bf08f2b50c31bad2a7874ac97af410c8ebfc0,e4b81511536446954fa7bbaf9b1074fc950e170f83591d5a484857b44f5ae1a6
UNION_s3,objective,299,0.6378011016029304,0.6293910956059947,0.008410005996935626,2.2510573754597695e-06,normalized94_abs_anchor_delta94_identity1,5ca38ebab9e2d191354ce7db934bf08f2b50c31bad2a7874ac97af410c8ebfc0,ad15fa50ff72ea0d22e0410c996f7cda079722569d3b0cc1658e85e96a536aac
UNION_s3,objective,300,0.6378011015528573,0.6293910855033706,0.008410016049486704,1.9152588432085446e-06,normalized94_abs_anchor_delta94_identity1,5ca38ebab9e2d191354ce7db934bf08f2b50c31bad2a7874ac97af410c8ebfc0,878bbd843d32dfd908f77fad5dcd838f6719e439af88d4159ad66b95052e220d
UNION_s3,objective,301,0.6378011014630788,0.6293910668731466,0.008410034589932178,2.5681444425475713e-06,normalized94_abs_anchor_delta94_identity1,5ca38ebab9e2d191354ce7db934bf08f2b50c31bad2a7874ac97af410c8ebfc0,95c107428d77fad234289c41f37d6527e2b78df43ab897badca91f706cfb0fb1
UNION_s3,objective,302,0.6378011014235462,0.6293910205297828,0.008410080893763433,7.678653499488864e-06,normalized94_abs_anchor_delta94_identity1,5ca38ebab9e2d191354ce7db934bf08f2b50c31bad2a7874ac97af410c8ebfc0,0ea2bea555a1561a71ca0e07c53fb5d806848076f812578337a072ea3b16c302
UNION_s3,objective,303,0.6378011013397669,0.6293910320123116,0.008410069327455237,2.7266489796889713e-06,normalized94_abs_anchor_delta94_identity1,5ca38ebab9e2d191354ce7db934bf08f2b50c31bad2a7874ac97af410c8ebfc0,5c9b64d61d27d49778f6ffdb1472d1faa6b7fac2d13159f15555639ff1e1367d
UNION_s3,objective,304,0.6378011013116961,0.6293910352581169,0.00841006605357919,1.3639538594867848e-06,normalized94_abs_anchor_delta94_identity1,5ca38ebab9e2d191354ce7db934bf08f2b50c31bad2a7874ac97af410c8ebfc0,50ba1ce857300e02975a5292cf3ab12ecafad681bcff52d0ebe229d88db79b69
UNION_s3,objective,305,0.6378011012949408,0.6293910350313372,0.008410066263603584,1.5533622194918317e-06,normalized94_abs_anchor_delta94_identity1,5ca38ebab9e2d191354ce7db934bf08f2b50c31bad2a7874ac97af410c8ebfc0,7f754631b5dd9a8a25a91eef9316819a9d6a07281404eb6b80588f15c9a3ca94
UNION_s3,objective,306,0.6378011012666193,0.6293910358762949,0.008410065390324436,1.7827781145851434e-06,normalized94_abs_anchor_delta94_identity1,5ca38ebab9e2d191354ce7db934bf08f2b50c31bad2a7874ac97af410c8ebfc0,95b14fb0f0f688dfd3e9286c6bba7732a20848a282fa8a49c991f4f36e80da07
UNION_s3,objective,307,0.637801101255951,0.6293910641089571,0.008410037146993916,6.697996638880788e-06,normalized94_abs_anchor_delta94_identity1,5ca38ebab9e2d191354ce7db934bf08f2b50c31bad2a7874ac97af410c8ebfc0,97946b5322294e1b4af9eebb98aea7e7c93c865acf651f19873736974f14ad46
UNION_s3,objective,308,0.6378011012057683,0.6293910382200868,0.008410062985681525,1.7952472283428965e-06,normalized94_abs_anchor_delta94_identity1,5ca38ebab9e2d191354ce7db934bf08f2b50c31bad2a7874ac97af410c8ebfc0,736cb236aec8fec602563724096177d49ac24c0952bfcb6c0429ed2aefec6ddc
UNION_s3,objective,309,0.6378011011927217,0.629391036310511,0.008410064882210692,1.466036234645465e-06,normalized94_abs_anchor_delta94_identity1,5ca38ebab9e2d191354ce7db934bf08f2b50c31bad2a7874ac97af410c8ebfc0,e503d4d96f275c1873cad662dbb62e5187a32aaa4d61d835112c82b954b9b1bf
UNION_s3,objective,310,0.6378011011716324,0.6293910510034607,0.008410050168171595,2.611310778549744e-06,normalized94_abs_anchor_delta94_identity1,5ca38ebab9e2d191354ce7db934bf08f2b50c31bad2a7874ac97af410c8ebfc0,49baa18056c786afcd0d7fcbb00eeefc9eeabd38e202cdfa1e76633c1d98910c
UNION_s3,objective,311,0.6378011011529958,0.6293910367985189,0.008410064354476885,2.499385385951237e-06,normalized94_abs_anchor_delta94_identity1,5ca38ebab9e2d191354ce7db934bf08f2b50c31bad2a7874ac97af410c8ebfc0,b2c40c2b8409b90c1f715370b4e03f8381e3850a435af84a867d18614ea20043
UNION_s3,objective,312,0.6378011011245142,0.6293910466792955,0.00841005444521871,1.8650291915978166e-06,normalized94_abs_anchor_delta94_identity1,5ca38ebab9e2d191354ce7db934bf08f2b50c31bad2a7874ac97af410c8ebfc0,a015738da3b471db73b1fb83df6e7a512abfeed65bd0e7ee72a5e1ccf1745335
UNION_s3,objective,313,0.6378011010602627,0.6293910557774599,0.008410045282802807,1.4629232698229738e-06,normalized94_abs_anchor_delta94_identity1,5ca38ebab9e2d191354ce7db934bf08f2b50c31bad2a7874ac97af410c8ebfc0,e28b1fac44e223a7edf00e78d6b2fa421167082df79277c710839ee94511e854
UNION_s3,objective,314,0.6378011010210597,0.629391049020151,0.00841005200090867,1.91053038171034e-06,normalized94_abs_anchor_delta94_identity1,5ca38ebab9e2d191354ce7db934bf08f2b50c31bad2a7874ac97af410c8ebfc0,0ca4a2cc800d9bc200f3903d56f7d48bcef368bbc9ba9a0be4e25ad5a841ee25
UNION_s3,objective,315,0.6378011011250677,0.629391020505756,0.008410080619311743,1.106848987081118e-05,normalized94_abs_anchor_delta94_identity1,5ca38ebab9e2d191354ce7db934bf08f2b50c31bad2a7874ac97af410c8ebfc0,db21aa3c050ab808ecaf06c7f0a078f49478693a93f469d8c02189bc329f400e
UNION_s3,objective,316,0.6378011009966782,0.6293910403116931,0.008410060684985083,3.054781786365772e-06,normalized94_abs_anchor_delta94_identity1,5ca38ebab9e2d191354ce7db934bf08f2b50c31bad2a7874ac97af410c8ebfc0,bd3c1847490d60271851e105ca5161d9635e3f9aa4c3b1e91954a4a3b58ccbf4
UNION_s3,objective,317,0.6378011009568575,0.6293910228429255,0.008410078113932006,1.638926528547909e-06,normalized94_abs_anchor_delta94_identity1,5ca38ebab9e2d191354ce7db934bf08f2b50c31bad2a7874ac97af410c8ebfc0,d8947f59561c6997faef37f4a68894a274e948588f91de3b5f1e2446ea840335
UNION_s3,objective,318,0.6378011009286825,0.6293910127373746,0.00841008819130782,1.302733774938193e-06,normalized94_abs_anchor_delta94_identity1,5ca38ebab9e2d191354ce7db934bf08f2b50c31bad2a7874ac97af410c8ebfc0,0c12ed09d99eb5df0bc636e2abc19d713314481851d548b6d0279a737c8bc0dd
UNION_s3,objective,319,0.6378011008798595,0.6293910005724312,0.008410100307428304,1.5107083172785112e-06,normalized94_abs_anchor_delta94_identity1,5ca38ebab9e2d191354ce7db934bf08f2b50c31bad2a7874ac97af410c8ebfc0,04eba7f83852e637f8544f2f4b1b6506cad68bef39276f8e89407029853adaa0
UNION_s3,objective,320,0.637801100893628,0.6293910090649657,0.00841009182866225,8.37469926515436e-06,normalized94_abs_anchor_delta94_identity1,5ca38ebab9e2d191354ce7db934bf08f2b50c31bad2a7874ac97af410c8ebfc0,ced4439ad1ebb976a6210ba35c3a40fc7cb85defeea07b5546e0c43498942dbf
UNION_s3,objective,321,0.6378011008643524,0.6293910041288776,0.008410096735474779,3.5338960527045525e-06,normalized94_abs_anchor_delta94_identity1,5ca38ebab9e2d191354ce7db934bf08f2b50c31bad2a7874ac97af410c8ebfc0,8545536ab0b9a11b07d6bde3ab0d4ffd37176cb851c9fef777387c6f2fd6bba9
UNION_s3,objective,322,0.6378011008370317,0.6293909989213298,0.008410101915701951,1.568878348209074e-06,normalized94_abs_anchor_delta94_identity1,5ca38ebab9e2d191354ce7db934bf08f2b50c31bad2a7874ac97af410c8ebfc0,fcfaea5876fe1ef2b98bdff15ff7d513eddb37e15c36f994f90954f78adb697d
UNION_s3,objective,323,0.6378011008215907,0.6293910004998213,0.008410100321769365,1.1448368845003853e-06,normalized94_abs_anchor_delta94_identity1,5ca38ebab9e2d191354ce7db934bf08f2b50c31bad2a7874ac97af410c8ebfc0,ce2c50c0a163639e784dc8ad76e357c71f3b617484ac930aaef3a3721a6d2990
UNION_s3,objective,324,0.6378011008038597,0.6293910003233351,0.008410100480524579,1.23028750478248e-06,normalized94_abs_anchor_delta94_identity1,5ca38ebab9e2d191354ce7db934bf08f2b50c31bad2a7874ac97af410c8ebfc0,a1ea30c169ee399387df0c44b6e8637c23df90fde82973bb246ac0b0f693fee3
UNION_s3,objective,325,0.6378011007935617,0.6293909907555477,0.008410110038013972,2.5984963172814426e-06,normalized94_abs_anchor_delta94_identity1,5ca38ebab9e2d191354ce7db934bf08f2b50c31bad2a7874ac97af410c8ebfc0,ae8ae6a9d537dfd80d365afac82bc76368900207e028c0b001fcdef5dcc4a199
UNION_s3,objective,326,0.6378011007804765,0.6293909886334259,0.008410112147050595,1.078270880544009e-06,normalized94_abs_anchor_delta94_identity1,5ca38ebab9e2d191354ce7db934bf08f2b50c31bad2a7874ac97af410c8ebfc0,8cefaf6c5902154eda07bad2e9cfde6e4dbe27de6d1a4f16ccf42fad04bcb29d
UNION_s3,objective,327,0.6378011007718254,0.6293909820400713,0.008410118731754075,8.68236957524655e-07,normalized94_abs_anchor_delta94_identity1,5ca38ebab9e2d191354ce7db934bf08f2b50c31bad2a7874ac97af410c8ebfc0,7076abb468925f956b654b94a411893a04d0b2d15b7ab71c5b350ce6619d7e79
UNION_s3,objective,328,0.6378011007610245,0.6293909692593501,0.008410131501674318,9.24388341437705e-07,normalized94_abs_anchor_delta94_identity1,5ca38ebab9e2d191354ce7db934bf08f2b50c31bad2a7874ac97af410c8ebfc0,1ee5c17057de3c8d9ac369769fcc6d689fa096dee14606a5597dac6400c1dc3e
UNION_s3,objective,329,0.6378011007435443,0.6293909499610945,0.008410150782449922,9.867530325668407e-07,normalized94_abs_anchor_delta94_identity1,5ca38ebab9e2d191354ce7db934bf08f2b50c31bad2a7874ac97af410c8ebfc0,78a181073f47a89c62645267eb806c7d62114945a3f32d6a1e0eaa06d8f21cfb
UNION_s3,objective,330,0.6378011007812995,0.6293908986286944,0.00841020215260509,6.282220626674167e-06,normalized94_abs_anchor_delta94_identity1,5ca38ebab9e2d191354ce7db934bf08f2b50c31bad2a7874ac97af410c8ebfc0,8ca3a15fe991668fce1427632eafa125565e55c8c843f27e3af98183893f3872
UNION_s3,objective,331,0.637801100736064,0.6293909351035444,0.008410165632519633,1.6365522422269734e-06,normalized94_abs_anchor_delta94_identity1,5ca38ebab9e2d191354ce7db934bf08f2b50c31bad2a7874ac97af410c8ebfc0,174ecdb8106758f17e42e3a7f43d132a0b589ac4099f6e29bbc6d8ab504b515a
UNION_s3,objective,332,0.6378011007173224,0.6293909083625161,0.008410192354806376,8.237962577146491e-07,normalized94_abs_anchor_delta94_identity1,5ca38ebab9e2d191354ce7db934bf08f2b50c31bad2a7874ac97af410c8ebfc0,7ec359c1912ca453db17cae75cb4220c39dec6939a3689fc0d8099d6bfabbd0a
UNION_s3,objective,333,0.6378011007058818,0.6293908949816599,0.008410205724221895,7.886935351145195e-07,normalized94_abs_anchor_delta94_identity1,5ca38ebab9e2d191354ce7db934bf08f2b50c31bad2a7874ac97af410c8ebfc0,f174d8ce03a98a82d62dcc6bc2e2f73a528a10408cb11d41b7c9c63c8430d8fb
UNION_s3,objective,334,0.63780110070551,0.6293908693313959,0.00841023137411411,4.082346809648515e-06,normalized94_abs_anchor_delta94_identity1,5ca38ebab9e2d191354ce7db934bf08f2b50c31bad2a7874ac97af410c8ebfc0,97623eda4183bd6823b28eb49ec256cec9d66ca9a85845a83950905877e8dcc1
UNION_s3,objective,335,0.6378011006969112,0.6293908820122757,0.008410218684635488,1.8877573218514517e-06,normalized94_abs_anchor_delta94_identity1,5ca38ebab9e2d191354ce7db934bf08f2b50c31bad2a7874ac97af410c8ebfc0,1b3138d8505237709892c7823674af27bef2d1a375ba09728b8f01ab1dc77917
UNION_s3,objective,336,0.6378011006867034,0.6293908640054018,0.008410236681301584,9.524358171871386e-07,normalized94_abs_anchor_delta94_identity1,5ca38ebab9e2d191354ce7db934bf08f2b50c31bad2a7874ac97af410c8ebfc0,e1a1b2b1990ba053cd4cd2fab121f94e608cfc040821deab547b9777c9806fb5
UNION_s3,objective,337,0.6378011006829842,0.6293908610240837,0.008410239658900536,7.992374102778765e-07,normalized94_abs_anchor_delta94_identity1,5ca38ebab9e2d191354ce7db934bf08f2b50c31bad2a7874ac97af410c8ebfc0,475b4831a4497ff6b18188566d1ea3f166eab4e06cfe2d019980fa7efebf6054
UNION_s3,objective,338,0.6378011006708404,0.6293908419034443,0.008410258767396072,1.117873714710688e-06,normalized94_abs_anchor_delta94_identity1,5ca38ebab9e2d191354ce7db934bf08f2b50c31bad2a7874ac97af410c8ebfc0,da06828034cb9585f74a00fc605cac11ef8b1ce4536405c570e06ce69c39957b
UNION_s3,objective,339,0.6378011006962119,0.6293908030348926,0.008410297661319273,5.817022261046766e-06,normalized94_abs_anchor_delta94_identity1,5ca38ebab9e2d191354ce7db934bf08f2b50c31bad2a7874ac97af410c8ebfc0,1ac33cccb2d5c8d9f3b45c303daa129d71c1d5a44d013019b9868731ba9d603a
UNION_s3,objective,340,0.6378011006670712,0.629390831611784,0.008410269055287174,1.0310073973085e-06,normalized94_abs_anchor_delta94_identity1,5ca38ebab9e2d191354ce7db934bf08f2b50c31bad2a7874ac97af410c8ebfc0,d6aa22812796ad2ca74855d5677a587ed6fc35802f9596e8b8a1e4187f25d668
UNION_s3,objective,341,0.6378011006632553,0.6293908228380275,0.008410277825227883,8.48714808983408e-07,normalized94_abs_anchor_delta94_identity1,5ca38ebab9e2d191354ce7db934bf08f2b50c31bad2a7874ac97af410c8ebfc0,83300b4a9792ef4ea07b383bbba17db19233578a970ced93eb4af1d5cb685eb4
UNION_s3,objective,342,0.6378011006529457,0.6293908002879064,0.0084103003650393,6.834307493527996e-07,normalized94_abs_anchor_delta94_identity1,5ca38ebab9e2d191354ce7db934bf08f2b50c31bad2a7874ac97af410c8ebfc0,6ced4a25a7c12bb74a449c0de3e2c759660ca795305bdd69e0d569a9e9831626
UNION_s3,objective,343,0.637801100641208,0.6293907735843908,0.008410327056817176,7.496075613732369e-07,normalized94_abs_anchor_delta94_identity1,5ca38ebab9e2d191354ce7db934bf08f2b50c31bad2a7874ac97af410c8ebfc0,6eca571740f19e516025ea71aae148b14f59108cbb1fbdb993548609bf48a5c7
UNION_s3,objective,344,0.637801100636985,0.6293907465564323,0.008410354080552638,2.194337127970117e-06,normalized94_abs_anchor_delta94_identity1,5ca38ebab9e2d191354ce7db934bf08f2b50c31bad2a7874ac97af410c8ebfc0,57390836cfa8cfa1da2c1f173859294796dedf8ba5f2a83531e56aec2dbc2226
UNION_s3,objective,345,0.6378011006280065,0.6293907394639598,0.008410361164046686,1.1985207442445578e-06,normalized94_abs_anchor_delta94_identity1,5ca38ebab9e2d191354ce7db934bf08f2b50c31bad2a7874ac97af410c8ebfc0,b5ecfdb97eba94c98e8cdac6388513ee2f7b5f4c5017da0917c85c30661faf75
UNION_s3,objective,346,0.637801100624175,0.6293907490554302,0.008410351568744819,4.383138510704734e-07,normalized94_abs_anchor_delta94_identity1,5ca38ebab9e2d191354ce7db934bf08f2b50c31bad2a7874ac97af410c8ebfc0,b93fac7cb109ab1514402f95f3d93a17cb439d002db141ba567fe97cef298111
UNION_s3,objective,347,0.6378011006223534,0.6293907516848494,0.008410348937504007,3.638122464882513e-07,normalized94_abs_anchor_delta94_identity1,5ca38ebab9e2d191354ce7db934bf08f2b50c31bad2a7874ac97af410c8ebfc0,48bf9c2681ed85d100385635f8e1e547ceb77aff0c0a7f47682545373aa6388c
UNION_s3,objective,348,0.6378011006197515,0.6293907520113592,0.008410348608392335,5.379185437047062e-07,normalized94_abs_anchor_delta94_identity1,5ca38ebab9e2d191354ce7db934bf08f2b50c31bad2a7874ac97af410c8ebfc0,7b509fb77ae1e6bf47a6f394ed462e64983a4016901733d42449347b79dd1bb1
UNION_s3,objective,349,0.637801100623343,0.6293907580162897,0.008410342607053352,2.9549067086430243e-06,normalized94_abs_anchor_delta94_identity1,5ca38ebab9e2d191354ce7db934bf08f2b50c31bad2a7874ac97af410c8ebfc0,880d24d09d51469d0ce5251dfe11c26852e7da185933d6e883ba8acd3ecb4345
UNION_s3,objective,350,0.6378011006182457,0.6293907541231628,0.00841034649508285,9.747800297874508e-07,normalized94_abs_anchor_delta94_identity1,5ca38ebab9e2d191354ce7db934bf08f2b50c31bad2a7874ac97af410c8ebfc0,100c6dfcfe94513b1bef79118d3e2a0443689c587f98518a13d0b5d1b77b4b09
UNION_s3,objective,351,0.6378011006151322,0.6293907500297319,0.008410350585400336,5.565563063981925e-07,normalized94_abs_anchor_delta94_identity1,5ca38ebab9e2d191354ce7db934bf08f2b50c31bad2a7874ac97af410c8ebfc0,32740fafd49bf3499f7abccfa1176bec7bfd087fcaf83a15e396ab2c8e9f5db4
UNION_s3,objective,352,0.6378011006122142,0.6293907450590532,0.008410355553160916,4.537967697319495e-07,normalized94_abs_anchor_delta94_identity1,5ca38ebab9e2d191354ce7db934bf08f2b50c31bad2a7874ac97af410c8ebfc0,733aa4ee220f4f71e0f57ca088c6aec6289f9675d093f9be00dfac690eaf737b
UNION_s3,objective,353,0.6378011006085303,0.6293907425442169,0.008410358064313417,8.478885596476347e-07,normalized94_abs_anchor_delta94_identity1,5ca38ebab9e2d191354ce7db934bf08f2b50c31bad2a7874ac97af410c8ebfc0,c6107f2ff05f8b8a57c12a7fb372a1a2d87e5760008ca11cbfeb80b4e3d9896b
UNION_s3,objective,354,0.6378011006056206,0.6293907291920603,0.008410371413560247,9.355749136234505e-07,normalized94_abs_anchor_delta94_identity1,5ca38ebab9e2d191354ce7db934bf08f2b50c31bad2a7874ac97af410c8ebfc0,f362edfa7acccfb36a39e569f64c0d17b71ad46099d80943545103e3a6b63b75
UNION_s3,objective,355,0.6378011006025507,0.6293907337198825,0.008410366882668153,5.108985386450147e-07,normalized94_abs_anchor_delta94_identity1,5ca38ebab9e2d191354ce7db934bf08f2b50c31bad2a7874ac97af410c8ebfc0,fa293eff9087da6ba4e6799ae034e99303d865933eac9136979d88e6eadd957c
UNION_s3,objective,356,0.6378011006005478,0.6293907369756703,0.008410363624877596,4.597662485333124e-07,normalized94_abs_anchor_delta94_identity1,5ca38ebab9e2d191354ce7db934bf08f2b50c31bad2a7874ac97af410c8ebfc0,3cf70a31d29aabd193e0fb95111b4615a0500d6ad3f2fb741df0dbd5af693f40
UNION_s3,objective,357,0.637801100596945,0.6293907350376429,0.00841036555930204,5.823982213024185e-07,normalized94_abs_anchor_delta94_identity1,5ca38ebab9e2d191354ce7db934bf08f2b50c31bad2a7874ac97af410c8ebfc0,536a3783586d320dc3b0b90b192aec5c14ac59bda319bc4980e36beab09c9eb9
UNION_s3,objective,358,0.6378011005963813,0.6293907343627708,0.008410366233610462,1.801202671123221e-06,normalized94_abs_anchor_delta94_identity1,5ca38ebab9e2d191354ce7db934bf08f2b50c31bad2a7874ac97af410c8ebfc0,e715ffb717de1a0b2bde80ff6b2f4b388fa36af939995ac49cafa6c756f2d97d
UNION_s3,objective,359,0.6378011005937299,0.6293907346811337,0.008410365912596137,8.443024021923762e-07,normalized94_abs_anchor_delta94_identity1,5ca38ebab9e2d191354ce7db934bf08f2b50c31bad2a7874ac97af410c8ebfc0,552f47c390d4db9858f684c865f6c233b656f15fd9d40cd38f80cbdb7a681658
UNION_s3,objective,360,0.6378011005896588,0.629390723411896,0.008410377177762805,4.373946012081616e-07,normalized94_abs_anchor_delta94_identity1,5ca38ebab9e2d191354ce7db934bf08f2b50c31bad2a7874ac97af410c8ebfc0,7ce5b11e7843b61ffce088b5d8190420a946d0b75bc1e5880624d873591b40f0
UNION_s3,objective,361,0.6378011005880211,0.6293907200595162,0.008410380528504829,3.189050515753123e-07,normalized94_abs_anchor_delta94_identity1,5ca38ebab9e2d191354ce7db934bf08f2b50c31bad2a7874ac97af410c8ebfc0,83d5dff5801c9d44b012900de21a4f99f4b66f294300e959654dedebedcd777d
UNION_s3,objective,362,0.6378011005862526,0.6293907179938691,0.008410382592383418,7.008259747859431e-07,normalized94_abs_anchor_delta94_identity1,5ca38ebab9e2d191354ce7db934bf08f2b50c31bad2a7874ac97af410c8ebfc0,c296aa3b38b895edc8fa83571745619ac0fd1ce62e0b71a5fd26cdfb80149e54
UNION_s3,objective,363,0.6378011005859436,0.6293907204025533,0.00841038018339033,1.1245835156599094e-06,normalized94_abs_anchor_delta94_identity1,5ca38ebab9e2d191354ce7db934bf08f2b50c31bad2a7874ac97af410c8ebfc0,3d7c5521bfa590a6c29de868cb8cb76fef3098501bc1966dd4b78c43c5821941
UNION_s3,objective,364,0.6378011005847404,0.6293907212980215,0.008410379286718795,3.917413671259208e-07,normalized94_abs_anchor_delta94_identity1,5ca38ebab9e2d191354ce7db934bf08f2b50c31bad2a7874ac97af410c8ebfc0,9589004d5eb9bbaa603c3af55d4a5fb8c5cf9aa452e813acc9844b6e333b7fa4
UNION_s3,objective,365,0.637801100584083,0.6293907230775964,0.008410377506486624,3.427948116031965e-07,normalized94_abs_anchor_delta94_identity1,5ca38ebab9e2d191354ce7db934bf08f2b50c31bad2a7874ac97af410c8ebfc0,d2c836c43450de52efd5c7c54e75ae732d2c152f07ef50c9f30a68e1b94acea9
UNION_s3,objective,366,0.6378011005828864,0.6293907270960556,0.008410373486830816,5.586415255212521e-07,normalized94_abs_anchor_delta94_identity1,5ca38ebab9e2d191354ce7db934bf08f2b50c31bad2a7874ac97af410c8ebfc0,0dbc5aac9c21490d9fa725bc02aa61b91424fab081432dda66c84a43a908c2d1
UNION_s3,objective,367,0.6378011005813882,0.6293907304439221,0.00841037013746603,4.713413530508414e-07,normalized94_abs_anchor_delta94_identity1,5ca38ebab9e2d191354ce7db934bf08f2b50c31bad2a7874ac97af410c8ebfc0,6ee34ac9c68de780aca428d04125995bbc3317d6aef8ecb78ba1040eed04f49e
UNION_s3,objective,368,0.6378011005874545,0.6293907469820316,0.008410353605422994,2.4507012787477864e-06,normalized94_abs_anchor_delta94_identity1,5ca38ebab9e2d191354ce7db934bf08f2b50c31bad2a7874ac97af410c8ebfc0,90ac9127923c168d6a47a4cd860e841befae2f4757d82c40847ee2ed6c0a55f9
UNION_s3,objective,369,0.6378011005804841,0.6293907348204024,0.00841036576008172,8.877257588854192e-07,normalized94_abs_anchor_delta94_identity1,5ca38ebab9e2d191354ce7db934bf08f2b50c31bad2a7874ac97af410c8ebfc0,c8ff9bc326addc48681a426e60f7ab6d94aa2996865fc53a129c9b5e30f9002a
UNION_s3,objective,370,0.637801100578392,0.6293907369437509,0.00841036363464107,4.0559862274428294e-07,normalized94_abs_anchor_delta94_identity1,5ca38ebab9e2d191354ce7db934bf08f2b50c31bad2a7874ac97af410c8ebfc0,7776cd52a3281f43e90819c4c366ac54688834390bcb532a4c938a0fd4b78b16
UNION_s3,objective,371,0.6378011005767582,0.6293907372628734,0.008410363313884825,4.2079798497234507e-07,normalized94_abs_anchor_delta94_identity1,5ca38ebab9e2d191354ce7db934bf08f2b50c31bad2a7874ac97af410c8ebfc0,566379f305ff09fb61073f45cf073261c96d1b1c8f0748704c7d86d546d7120b
UNION_s3,objective,372,0.6378011005757956,0.6293907368702,0.008410363705595635,5.20802717276975e-07,normalized94_abs_anchor_delta94_identity1,5ca38ebab9e2d191354ce7db934bf08f2b50c31bad2a7874ac97af410c8ebfc0,7a85e5012cecda8a5acfb59bee19c9e9581a2a52ee0da88f868105a05a364e7c
UNION_s3,objective,373,0.6378011005742359,0.629390739026884,0.008410361547351874,5.139578891810911e-07,normalized94_abs_anchor_delta94_identity1,5ca38ebab9e2d191354ce7db934bf08f2b50c31bad2a7874ac97af410c8ebfc0,1af80f2a7de025fa1f2661b8f02c2d82fe93eafdab7eb0d8d7cb08fa8faf4447
UNION_s3,objective,374,0.637801100574303,0.6293907477731918,0.008410352801111123,1.3817345518742599e-06,normalized94_abs_anchor_delta94_identity1,5ca38ebab9e2d191354ce7db934bf08f2b50c31bad2a7874ac97af410c8ebfc0,c661ddf5bd99df8dd49bcdf1064419be67fc857c4fffa63057813cf47413e878
UNION_s3,objective,375,0.6378011005731873,0.6293907433312306,0.008410357241956757,5.904240584506607e-07,normalized94_abs_anchor_delta94_identity1,5ca38ebab9e2d191354ce7db934bf08f2b50c31bad2a7874ac97af410c8ebfc0,998a953bf860a401c40f953ee053409913b746edb1c5f03e27df7f84d9c45238
UNION_s3,objective,376,0.6378011005718043,0.6293907491861763,0.008410351385628002,3.163924041553294e-07,normalized94_abs_anchor_delta94_identity1,5ca38ebab9e2d191354ce7db934bf08f2b50c31bad2a7874ac97af410c8ebfc0,ddba0d56013abb294700a2dae44876ae8964c4caad3ae9230601c4f04c4fa4a3
UNION_s3,objective,377,0.6378011005709772,0.6293907530816268,0.00841034748935032,3.533177647720405e-07,normalized94_abs_anchor_delta94_identity1,5ca38ebab9e2d191354ce7db934bf08f2b50c31bad2a7874ac97af410c8ebfc0,e50181f6b34739041f103489eaf4bd2d5c42f144c70e823820758be7ed2a5bcc
UNION_s3,objective,378,0.6378011005701978,0.6293907632922945,0.008410337277903303,5.706262798852335e-07,normalized94_abs_anchor_delta94_identity1,5ca38ebab9e2d191354ce7db934bf08f2b50c31bad2a7874ac97af410c8ebfc0,871663d3870b74ac3285941b4bf76a6a35b632a18ebd704cac01e3b916376332
UNION_s3,objective,379,0.6378011005694468,0.6293907656191934,0.008410334950253506,3.265672039490092e-07,normalized94_abs_anchor_delta94_identity1,5ca38ebab9e2d191354ce7db934bf08f2b50c31bad2a7874ac97af410c8ebfc0,1e749d7275d93c821bb01bba309e70123bf5f6d75033c3e91b4473a25c0d7ae4
UNION_s3,objective,380,0.6378011005689572,0.6293907669153472,0.008410333653610045,3.0936248921603415e-07,normalized94_abs_anchor_delta94_identity1,5ca38ebab9e2d191354ce7db934bf08f2b50c31bad2a7874ac97af410c8ebfc0,3235890c88171e9fab807b6e3999d49ef0384ae8c6cd3262753c51486ad50d34
UNION_s3,objective,381,0.637801100567761,0.6293907752479143,0.008410325319846666,3.6820613915190955e-07,normalized94_abs_anchor_delta94_identity1,5ca38ebab9e2d191354ce7db934bf08f2b50c31bad2a7874ac97af410c8ebfc0,983c735bae2515eeaac7af5961bc17a39408bdafbe3ecc00e8ba427f8be78648
UNION_s3,objective,382,0.637801100567074,0.6293907865102526,0.008410314056821359,7.752996232545614e-07,normalized94_abs_anchor_delta94_identity1,5ca38ebab9e2d191354ce7db934bf08f2b50c31bad2a7874ac97af410c8ebfc0,f20b70c975c64519bb2b29f006968dca8fccc582bea97849f150c1d24e0e30e3
UNION_s3,objective,383,0.6378011005660937,0.6293907915708026,0.008410308995291126,3.7209636122248176e-07,normalized94_abs_anchor_delta94_identity1,5ca38ebab9e2d191354ce7db934bf08f2b50c31bad2a7874ac97af410c8ebfc0,291dbdf50fc0a0560709a14a2d16f4ea5ba1789427b26ea43ec7a7f352088979
UNION_s3,objective,384,0.63780110056526,0.6293907971681305,0.00841030339712947,2.647344253406428e-07,normalized94_abs_anchor_delta94_identity1,5ca38ebab9e2d191354ce7db934bf08f2b50c31bad2a7874ac97af410c8ebfc0,9cb94100c5b157250cc8b5e2980d7317e54ab96076b6f7274e2fe2a19950574d
UNION_s3,objective,385,0.6378011005644064,0.6293908038485185,0.00841029671588792,2.733907948072973e-07,normalized94_abs_anchor_delta94_identity1,5ca38ebab9e2d191354ce7db934bf08f2b50c31bad2a7874ac97af410c8ebfc0,79c8fb58c58f4096653f8db028c353fc36b446a9f828d8f4ec98f9d20f248afa
UNION_s3,objective,386,0.6378011005634324,0.6293908111463409,0.008410289417091528,2.3833630769638726e-07,normalized94_abs_anchor_delta94_identity1,5ca38ebab9e2d191354ce7db934bf08f2b50c31bad2a7874ac97af410c8ebfc0,211d3d3c43641e5c9832c307546363d861995b754997ddb9fc34d47a86140f98
UNION_s3,objective,387,0.6378011005649432,0.6293908315933027,0.008410268971640518,1.218044098297906e-06,normalized94_abs_anchor_delta94_identity1,5ca38ebab9e2d191354ce7db934bf08f2b50c31bad2a7874ac97af410c8ebfc0,435f004022272120d15eff9a907037412648e023b14279381abd8c83faa1c792
UNION_s3,objective,388,0.6378011005631359,0.6293908170402184,0.008410283522917459,3.184023048847373e-07,normalized94_abs_anchor_delta94_identity1,5ca38ebab9e2d191354ce7db934bf08f2b50c31bad2a7874ac97af410c8ebfc0,028193ff575b9d42af1717a3a279c3d4b830781c60c25e8689038aaa99034e81
UNION_s3,objective,389,0.6378011005627717,0.6293908186208416,0.008410281941930142,1.7765147360535851e-07,normalized94_abs_anchor_delta94_identity1,5ca38ebab9e2d191354ce7db934bf08f2b50c31bad2a7874ac97af410c8ebfc0,29fcb310cafc9ecc0b1a72f0baac7f6d3662fb16e01c5e70ad8ad258deb0649a
UNION_s3,objective,390,0.6378011005624484,0.6293908208121789,0.008410279750269499,2.2077931257063632e-07,normalized94_abs_anchor_delta94_identity1,5ca38ebab9e2d191354ce7db934bf08f2b50c31bad2a7874ac97af410c8ebfc0,fa65c99acea0695c59f7448f083cab3cfd40a995462bc64366a7d304f4aaae91
UNION_s3,objective,391,0.6378011005620382,0.6293908250038718,0.00841027555816644,2.77615354175835e-07,normalized94_abs_anchor_delta94_identity1,5ca38ebab9e2d191354ce7db934bf08f2b50c31bad2a7874ac97af410c8ebfc0,4ab828df6a9cf50d5e6efc6760bd0dfa8383b4f57d75a48402e82e26636e5ef2
UNION_s3,objective,392,0.6378011005613705,0.6293908336159124,0.008410266945458121,2.4007186533036e-07,normalized94_abs_anchor_delta94_identity1,5ca38ebab9e2d191354ce7db934bf08f2b50c31bad2a7874ac97af410c8ebfc0,5e633f830bbea76391b0160edce455503e9abe04984b606ade135a63d15910df
UNION_s3,objective,393,0.6378011005697294,0.6293908577893444,0.008410242780384923,3.239626877000777e-06,normalized94_abs_anchor_delta94_identity1,5ca38ebab9e2d191354ce7db934bf08f2b50c31bad2a7874ac97af410c8ebfc0,ed43196dabfdaab066b450283c3cff99199e3642c5b40fddfbcc74990baa0221
UNION_s3,objective,394,0.6378011005612219,0.6293908364373914,0.008410264123830488,4.939537529205483e-07,normalized94_abs_anchor_delta94_identity1,5ca38ebab9e2d191354ce7db934bf08f2b50c31bad2a7874ac97af410c8ebfc0,686a97eab14d3096e9b6135148bf7ea1edc9ee817af767ec5c9e32a149e6adc3
UNION_s3,objective,395,0.6378011005607047,0.629390843938372,0.008410256622332779,1.8030986720511318e-07,normalized94_abs_anchor_delta94_identity1,5ca38ebab9e2d191354ce7db934bf08f2b50c31bad2a7874ac97af410c8ebfc0,702e2e48e81a2ef4956a12160b52dc36e4f31928f22cba42aafa9d6943d5aae6
UNION_s3,objective,396,0.6378011005605075,0.6293908463255418,0.008410254234965775,1.564222285854329e-07,normalized94_abs_anchor_delta94_identity1,5ca38ebab9e2d191354ce7db934bf08f2b50c31bad2a7874ac97af410c8ebfc0,66616e051536a6415de79ec21226c26a4300ebeaf391a31b7807bf9256d251d2
UNION_s3,objective,397,0.6378011005602583,0.6293908487924244,0.008410251767833946,2.130204212741817e-07,normalized94_abs_anchor_delta94_identity1,5ca38ebab9e2d191354ce7db934bf08f2b50c31bad2a7874ac97af410c8ebfc0,e4938739c418105e4e2ff4608ac3543d069901a04520d1fff69d68ac2700d84b
UNION_s3,objective,398,0.6378011005598847,0.6293908535387891,0.00841024702109558,1.7399704619527405e-07,normalized94_abs_anchor_delta94_identity1,5ca38ebab9e2d191354ce7db934bf08f2b50c31bad2a7874ac97af410c8ebfc0,dba10ada0a80c126912ffae7887543b41511ebf20f9ccd2f9b65483a52a88420
UNION_s3,objective,399,0.6378011005630997,0.6293908609115519,0.008410239651547741,1.8096822336722295e-06,normalized94_abs_anchor_delta94_identity1,5ca38ebab9e2d191354ce7db934bf08f2b50c31bad2a7874ac97af410c8ebfc0,b82ffb9d04784f65aaaf1fc51664547bd99a2dfa1d4d4e949d8b4bd84821a4b7
UNION_s3,objective,400,0.6378011005597203,0.6293908548706065,0.008410245689113709,4.105512854461056e-07,normalized94_abs_anchor_delta94_identity1,5ca38ebab9e2d191354ce7db934bf08f2b50c31bad2a7874ac97af410c8ebfc0,bd0ba1c4dc73f1933ead51ac4a15943f4b5ffb7fdc257fa10bfbb5381fbdfee7
UNION_s3,objective,401,0.6378011005593784,0.6293908590490975,0.008410241510280884,1.876289053206975e-07,normalized94_abs_anchor_delta94_identity1,5ca38ebab9e2d191354ce7db934bf08f2b50c31bad2a7874ac97af410c8ebfc0,f9d696bd2a567b5a8d49e869bc6ce9d6914839273b2f5a7f512a2c1373bcc4f8
UNION_s3,objective,402,0.6378011005591767,0.6293908615284303,0.0084102390307464,1.4068173872037488e-07,normalized94_abs_anchor_delta94_identity1,5ca38ebab9e2d191354ce7db934bf08f2b50c31bad2a7874ac97af410c8ebfc0,824b04fa81ee107457f8cabdcbff1e54ad7472a78158208c83c394bf8c53a9f0
UNION_s3,objective,403,0.6378011005590019,0.6293908634032337,0.008410237155768168,1.9646327351636946e-07,normalized94_abs_anchor_delta94_identity1,5ca38ebab9e2d191354ce7db934bf08f2b50c31bad2a7874ac97af410c8ebfc0,f21a79e3a795e05b16aef6e1abfdf3da287f9ec7b41e59666ba8ca43765cdbc8
UNION_s3,objective,404,0.6378011005587197,0.6293908667323841,0.008410233826335677,2.0750152161448747e-07,normalized94_abs_anchor_delta94_identity1,5ca38ebab9e2d191354ce7db934bf08f2b50c31bad2a7874ac97af410c8ebfc0,93cfe3d2e21bf5600b13db4040e0d3f75e00770a53e521ad0ff0eabc2cbf1951
UNION_s3,objective,405,0.6378011005584437,0.6293908720599672,0.008410228498476512,3.7450293189910167e-07,normalized94_abs_anchor_delta94_identity1,5ca38ebab9e2d191354ce7db934bf08f2b50c31bad2a7874ac97af410c8ebfc0,adea0d2ce08799d3e6e93ce5971a8fe0b6b7aff9e80746161cb3ee0eaa1176b5
UNION_s3,objective,406,0.6378011005581536,0.6293908726005409,0.008410227957612742,1.830499166104011e-07,normalized94_abs_anchor_delta94_identity1,5ca38ebab9e2d191354ce7db934bf08f2b50c31bad2a7874ac97af410c8ebfc0,d2aa96ba04313eb14f669b4fe2b41992308efa0ec3f05e79a338f618fb37f340
UNION_s3,objective,407,0.6378011005578957,0.629390873435539,0.008410227122356752,1.9449362562254892e-07,normalized94_abs_anchor_delta94_identity1,5ca38ebab9e2d191354ce7db934bf08f2b50c31bad2a7874ac97af410c8ebfc0,bf91e852a6ddb904c059b9914787e35af08cbf12172ada9daa434cd8425b8a6d
UNION_s3,objective,408,0.6378011005577108,0.6293908748249334,0.008410225732777405,1.383732426555768e-07,normalized94_abs_anchor_delta94_identity1,5ca38ebab9e2d191354ce7db934bf08f2b50c31bad2a7874ac97af410c8ebfc0,f306e854f5af2ed1221605d6444e1fd3ff4304001b394d5b189b1e87ba35b0b4
UNION_s3,objective,409,0.6378011005574913,0.6293908823900989,0.008410218167392455,2.848232266162045e-07,normalized94_abs_anchor_delta94_identity1,5ca38ebab9e2d191354ce7db934bf08f2b50c31bad2a7874ac97af410c8ebfc0,4b81ca5835795ff76066a7cce4d9407b9d227c2ecab207896d1a49526f8232d4
UNION_s3,objective,410,0.637801100557427,0.6293908826784415,0.0084102178789855,4.880914147346954e-07,normalized94_abs_anchor_delta94_identity1,5ca38ebab9e2d191354ce7db934bf08f2b50c31bad2a7874ac97af410c8ebfc0,cee6e33f22254436c3b8702388713caa2e08a24682a1f8f91138be7823867bd6
UNION_s3,objective,411,0.6378011005572581,0.6293908819094709,0.008410218647787234,1.6070553703261482e-07,normalized94_abs_anchor_delta94_identity1,5ca38ebab9e2d191354ce7db934bf08f2b50c31bad2a7874ac97af410c8ebfc0,eb0c33ec785eaaaa42d25d49dfbe35e3b1290ec4501468ba53960a58fe813723
UNION_s3,objective,412,0.6378011005571985,0.6293908821353832,0.008410218421815371,9.490748001322499e-08,normalized94_abs_anchor_delta94_identity1,5ca38ebab9e2d191354ce7db934bf08f2b50c31bad2a7874ac97af410c8ebfc0,c05e2a43acad26d7f5b3c2d1ab871284116f81fd882a9a2ab0b1cd9485950cac
UNION_s3,objective,413,0.6378011005570372,0.6293908837774153,0.008410216779621907,2.0196152474163085e-07,normalized94_abs_anchor_delta94_identity1,5ca38ebab9e2d191354ce7db934bf08f2b50c31bad2a7874ac97af410c8ebfc0,0e9e8e60d9f3caba16b98bd92b5d3b9c969157daa0fb4faf0a8c3b2ef2201f11
UNION_s3,objective,414,0.6378011005569106,0.6293908857925993,0.008410214764311408,2.4612769575526746e-07,normalized94_abs_anchor_delta94_identity1,5ca38ebab9e2d191354ce7db934bf08f2b50c31bad2a7874ac97af410c8ebfc0,903348ec10061db1acefc479f79b05f2cb9297fe280b26f4a9d6097ed21f05c6
UNION_s3,objective,415,0.637801100556647,0.6293908907448331,0.008410209811813871,2.9909288053409046e-07,normalized94_abs_anchor_delta94_identity1,5ca38ebab9e2d191354ce7db934bf08f2b50c31bad2a7874ac97af410c8ebfc0,fbc34c975f9f1947a89513cd79074fe65ffaa632334c6ea7b5b05c1856abda70
UNION_s3,objective,416,0.6378011005578393,0.6293909050817761,0.008410195476063215,9.133564484265191e-07,normalized94_abs_anchor_delta94_identity1,5ca38ebab9e2d191354ce7db934bf08f2b50c31bad2a7874ac97af410c8ebfc0,05f96106ffe57d9d4b5a5347a6c62e3d39707e5004c2ee3a7880adaa6acdfa44
UNION_s3,objective,417,0.6378011005565329,0.6293908940138865,0.008410206542646426,1.9590346777560025e-07,normalized94_abs_anchor_delta94_identity1,5ca38ebab9e2d191354ce7db934bf08f2b50c31bad2a7874ac97af410c8ebfc0,0e0105a5bc28c87c0f5b94603a178c398e68b053206ca746de2e65c79d3553c8
UNION_s3,objective,418,0.6378011005563374,0.6293908979621989,0.008410202594138532,1.1702477112065387e-07,normalized94_abs_anchor_delta94_identity1,5ca38ebab9e2d191354ce7db934bf08f2b50c31bad2a7874ac97af410c8ebfc0,fb594afcc56b4a5663e2ec54167879818c4a4d935f0232b69b02a21c2c5c1c6a
UNION_s3,objective,419,0.6378011005562282,0.6293909001501804,0.008410200406047742,1.6258991771536842e-07,normalized94_abs_anchor_delta94_identity1,5ca38ebab9e2d191354ce7db934bf08f2b50c31bad2a7874ac97af410c8ebfc0,01181ae4e8849c6f0325f83c09f3d2000daace1d33141fce3392c0f5b75ab13c
UNION_s3,objective,420,0.6378011005561387,0.6293909011311439,0.008410199424994816,1.608306049018622e-07,normalized94_abs_anchor_delta94_identity1,5ca38ebab9e2d191354ce7db934bf08f2b50c31bad2a7874ac97af410c8ebfc0,c5b5440762ca766ddb55ea1c5a072239c8f546a3309e8625ccf3b466f0634201
UNION_s3,objective,421,0.6378011005560108,0.6293909030225875,0.008410197533423286,9.276014923844606e-08,normalized94_abs_anchor_delta94_identity1,5ca38ebab9e2d191354ce7db934bf08f2b50c31bad2a7874ac97af410c8ebfc0,a0551fb797640f77ac36b16fc6814e258cbe78a48793273c3b2ef05dbc2eb888
UNION_s3,objective,422,0.6378011005559221,0.6293909050148506,0.008410195541071525,5.85289104084761e-08,normalized94_abs_anchor_delta94_identity1,5ca38ebab9e2d191354ce7db934bf08f2b50c31bad2a7874ac97af410c8ebfc0,f352e6ec66e2a16e3be553872f8e21bdd817d17767f12b44516aae0b565839c6
UNION_s3,objective,423,0.6378011005558646,0.6293909065769757,0.008410193978888899,6.823196390646525e-08,normalized94_abs_anchor_delta94_identity1,5ca38ebab9e2d191354ce7db934bf08f2b50c31bad2a7874ac97af410c8ebfc0,d7619130cfe6bc7cc68fe2daf5807eed671a40a8bac6acf69a5a8cf2a8f6050d
UNION_s3,objective,424,0.6378011005560104,0.6293909119949618,0.008410188561048616,6.601281391304826e-07,normalized94_abs_anchor_delta94_identity1,5ca38ebab9e2d191354ce7db934bf08f2b50c31bad2a7874ac97af410c8ebfc0,0bbb0887facac47921ef2717c6491e49db4e625723be023d4732337cc79eca0d
UNION_s3,objective,425,0.6378011005558434,0.6293909080026854,0.008410192553157968,2.0538703721851122e-07,normalized94_abs_anchor_delta94_identity1,5ca38ebab9e2d191354ce7db934bf08f2b50c31bad2a7874ac97af410c8ebfc0,bd559297aa80ed4be660468cc8998e1baa1fd3f756f07205fa370e2e9109cdd9
UNION_s3,objective,426,0.6378011005557909,0.6293909088257891,0.00841019173000177,1.467201346869578e-07,normalized94_abs_anchor_delta94_identity1,5ca38ebab9e2d191354ce7db934bf08f2b50c31bad2a7874ac97af410c8ebfc0,0010470b0dbc416fcf61df6db38699e61693270b56bac103c6a873ecff597935
UNION_s3,objective,427,0.6378011005557236,0.6293909097994331,0.008410190756290506,6.23973623350465e-08,normalized94_abs_anchor_delta94_identity1,5ca38ebab9e2d191354ce7db934bf08f2b50c31bad2a7874ac97af410c8ebfc0,89027733b40756da7fe470fa41f35e99725afc9dbfb913c9702bcb6521d11945
UNION_s3,objective,428,0.6378011005556862,0.629390910463679,0.008410190092007129,7.005874176523751e-08,normalized94_abs_anchor_delta94_identity1,5ca38ebab9e2d191354ce7db934bf08f2b50c31bad2a7874ac97af410c8ebfc0,3c8fda4717690c8ede8d9377e45f43a3f042090b4f1c16f03042d6d009542c53
UNION_s3,objective,429,0.6378011005556462,0.6293909112545683,0.008410189301077991,8.843952594949508e-08,normalized94_abs_anchor_delta94_identity1,5ca38ebab9e2d191354ce7db934bf08f2b50c31bad2a7874ac97af410c8ebfc0,1937989e245feebbd742332fefea9fea092a5fdc66f4099b48fffc6b2ca2f1a9
UNION_s3,objective,430,0.6378011005555896,0.6293909139247758,0.008410186630813835,1.679538778167906e-07,normalized94_abs_anchor_delta94_identity1,5ca38ebab9e2d191354ce7db934bf08f2b50c31bad2a7874ac97af410c8ebfc0,0b8608c4f389ae6da3e02fa82c541edb760aa2ac8b8571f6c10bf998297dfb25
UNION_s3,objective,431,0.6378011005555568,0.6293909140787348,0.008410186476822004,8.803310905848143e-08,normalized94_abs_anchor_delta94_identity1,5ca38ebab9e2d191354ce7db934bf08f2b50c31bad2a7874ac97af410c8ebfc0,82315f2ca5986c341a22049b51b1ff6756797c76b15609451e520e3588f20fb3
UNION_s3,objective,432,0.6378011005555175,0.6293909147977969,0.008410185757720725,4.909621121916718e-08,normalized94_abs_anchor_delta94_identity1,5ca38ebab9e2d191354ce7db934bf08f2b50c31bad2a7874ac97af410c8ebfc0,22c04471c23687c0e9e67dc3fcc21b6858c516b16d8a6af42b208c2133445c9f
UNION_s3,objective,433,0.6378011005554841,0.629390916146691,0.008410184408793138,3.9103866057954915e-08,normalized94_abs_anchor_delta94_identity1,5ca38ebab9e2d191354ce7db934bf08f2b50c31bad2a7874ac97af410c8ebfc0,e2dc7e60670586b070fe3517cf26b03a89235d6c3ffaba1d766c0f493d631ccb
