model,event,call,objective,CE,unadjusted_CE,loss_rule,margin_sha,L2_penalty,gradient_l2,feature_map,anchor_index_sha,weight_sha
R0_ONLY,objective,1,4.097450947090821,4.097450947090821,0.6928803802594987,TRAIN_LOG1P_ANCHOR_EXCESS_MARGIN_CE,afb00092c67a732501fee2b7ffe29c294662b13bb3e7bcf95c15099c63ebb665,0.0,8.096930318719439,normalized94_abs_anchor_delta94_identity1,5ca38ebab9e2d191354ce7db934bf08f2b50c31bad2a7874ac97af410c8ebfc0,db725b42e2cd89e9cb7e9380e022e26d86f343e11195db88002ac0fe269834f1
R0_ONLY,objective,2,0.7461460647893569,0.7460960647893569,0.2164234166818362,TRAIN_LOG1P_ANCHOR_EXCESS_MARGIN_CE,afb00092c67a732501fee2b7ffe29c294662b13bb3e7bcf95c15099c63ebb665,4.9999999999999996e-05,0.6112933984323518,normalized94_abs_anchor_delta94_identity1,5ca38ebab9e2d191354ce7db934bf08f2b50c31bad2a7874ac97af410c8ebfc0,9dd12a043e73418758bda774dbd96aac2ac5bc1fb7f8e110f1da3379180cb543
R0_ONLY,objective,3,0.6997497042388995,0.6996921006663493,0.22367374704452384,TRAIN_LOG1P_ANCHOR_EXCESS_MARGIN_CE,afb00092c67a732501fee2b7ffe29c294662b13bb3e7bcf95c15099c63ebb665,5.760357255013686e-05,0.5029220822053346,normalized94_abs_anchor_delta94_identity1,5ca38ebab9e2d191354ce7db934bf08f2b50c31bad2a7874ac97af410c8ebfc0,3ea1e2761cc6d053f1756ca7e62362b6ecc4be6da58326e8ffdd89b414d6812c
R0_ONLY,objective,4,0.5645238220609059,0.5644224722733016,0.2633826297925251,TRAIN_LOG1P_ANCHOR_EXCESS_MARGIN_CE,afb00092c67a732501fee2b7ffe29c294662b13bb3e7bcf95c15099c63ebb665,0.00010134978760429425,0.2019484210779743,normalized94_abs_anchor_delta94_identity1,5ca38ebab9e2d191354ce7db934bf08f2b50c31bad2a7874ac97af410c8ebfc0,9c344ff16bd36fd253925c8ace13683cceb07696fe82e831677ffcf91c29c6fd
R0_ONLY,objective,5,0.516256694288952,0.5161158486289054,0.290024531602623,TRAIN_LOG1P_ANCHOR_EXCESS_MARGIN_CE,afb00092c67a732501fee2b7ffe29c294662b13bb3e7bcf95c15099c63ebb665,0.00014084566004671817,0.11038785411040002,normalized94_abs_anchor_delta94_identity1,5ca38ebab9e2d191354ce7db934bf08f2b50c31bad2a7874ac97af410c8ebfc0,239bab46802d4ce37c42ac2f4e3a0dc3989df0797a168f107bc364ee4a0f7220
R0_ONLY,objective,6,0.47677144499208296,0.4765673528823333,0.31137196310628806,TRAIN_LOG1P_ANCHOR_EXCESS_MARGIN_CE,afb00092c67a732501fee2b7ffe29c294662b13bb3e7bcf95c15099c63ebb665,0.00020409210974966518,0.07778644738590419,normalized94_abs_anchor_delta94_identity1,5ca38ebab9e2d191354ce7db934bf08f2b50c31bad2a7874ac97af410c8ebfc0,ee0481adc05ea845c9783c66a7e739882af2f144eddcd77d46c3fb59706f1e2a
R0_ONLY,objective,7,0.43412266880457084,0.4337958045798753,0.3135741929656683,TRAIN_LOG1P_ANCHOR_EXCESS_MARGIN_CE,afb00092c67a732501fee2b7ffe29c294662b13bb3e7bcf95c15099c63ebb665,0.00032686422469552505,0.08641280154710197,normalized94_abs_anchor_delta94_identity1,5ca38ebab9e2d191354ce7db934bf08f2b50c31bad2a7874ac97af410c8ebfc0,3fc02d1274991f8909db6a2cba1d500f66dfa756a015e594c279f5d138456c89
R0_ONLY,objective,8,0.39216741536962985,0.3913768050736867,0.2845482992955772,TRAIN_LOG1P_ANCHOR_EXCESS_MARGIN_CE,afb00092c67a732501fee2b7ffe29c294662b13bb3e7bcf95c15099c63ebb665,0.0007906102959431499,0.08401545530130511,normalized94_abs_anchor_delta94_identity1,5ca38ebab9e2d191354ce7db934bf08f2b50c31bad2a7874ac97af410c8ebfc0,1cf6836ae66280bb16d4a4ff577194a66f3e814da2bfb77d3e1c04d9cf749f88
R0_ONLY,objective,9,0.3753094544819864,0.37464856679756137,0.28606783271685676,TRAIN_LOG1P_ANCHOR_EXCESS_MARGIN_CE,afb00092c67a732501fee2b7ffe29c294662b13bb3e7bcf95c15099c63ebb665,0.0006608876844250248,0.06062430120509742,normalized94_abs_anchor_delta94_identity1,5ca38ebab9e2d191354ce7db934bf08f2b50c31bad2a7874ac97af410c8ebfc0,1d2ce335df0392475c5f1fe07b0bb80785622b40c34fbbff4f39c53082ca383a
R0_ONLY,objective,10,0.3647724430499264,0.36406737283807156,0.2781002904323615,TRAIN_LOG1P_ANCHOR_EXCESS_MARGIN_CE,afb00092c67a732501fee2b7ffe29c294662b13bb3e7bcf95c15099c63ebb665,0.000705070211854827,0.059335962616974824,normalized94_abs_anchor_delta94_identity1,5ca38ebab9e2d191354ce7db934bf08f2b50c31bad2a7874ac97af410c8ebfc0,6a013a85977e03014962f849fc78a6bbdaaa888f99e9dae4ffe61f791fa6c393
R0_ONLY,objective,11,0.33039609781104734,0.32943459445913054,0.248378354307927,TRAIN_LOG1P_ANCHOR_EXCESS_MARGIN_CE,afb00092c67a732501fee2b7ffe29c294662b13bb3e7bcf95c15099c63ebb665,0.000961503351916805,0.04038452602608046,normalized94_abs_anchor_delta94_identity1,5ca38ebab9e2d191354ce7db934bf08f2b50c31bad2a7874ac97af410c8ebfc0,6692d3d10e6437235f6d0ccca893bf2a4b446e2abd4f8ea1b556d19e7ff05ef7
R0_ONLY,objective,12,0.3314077940422212,0.3293518493776724,0.1995167537193808,TRAIN_LOG1P_ANCHOR_EXCESS_MARGIN_CE,afb00092c67a732501fee2b7ffe29c294662b13bb3e7bcf95c15099c63ebb665,0.002055944664548801,0.1509849182169859,normalized94_abs_anchor_delta94_identity1,5ca38ebab9e2d191354ce7db934bf08f2b50c31bad2a7874ac97af410c8ebfc0,0ecc8f3915262a05dcb101cf9a452d73633c4067227bda215841fdd3e27b34cf
R0_ONLY,objective,13,0.30829822258568584,0.3068594071508641,0.21642923247496362,TRAIN_LOG1P_ANCHOR_EXCESS_MARGIN_CE,afb00092c67a732501fee2b7ffe29c294662b13bb3e7bcf95c15099c63ebb665,0.001438815434821699,0.02861728255670855,normalized94_abs_anchor_delta94_identity1,5ca38ebab9e2d191354ce7db934bf08f2b50c31bad2a7874ac97af410c8ebfc0,748c800a3e7ca4f1f106898c79b2c5988bfc8944a1dc75f2b38837fc8c84e836
R0_ONLY,objective,14,0.30260960246290514,0.3008304935366637,0.2218724058466636,TRAIN_LOG1P_ANCHOR_EXCESS_MARGIN_CE,afb00092c67a732501fee2b7ffe29c294662b13bb3e7bcf95c15099c63ebb665,0.0017791089262414184,0.028298980577264397,normalized94_abs_anchor_delta94_identity1,5ca38ebab9e2d191354ce7db934bf08f2b50c31bad2a7874ac97af410c8ebfc0,3602561c03419f805032b04416459f82cfcec8222d5554091f4769ee9079f4f3
R0_ONLY,objective,15,0.2987961159274731,0.29666511285193387,0.2303761800940121,TRAIN_LOG1P_ANCHOR_EXCESS_MARGIN_CE,afb00092c67a732501fee2b7ffe29c294662b13bb3e7bcf95c15099c63ebb665,0.0021310030755392634,0.014026671700546077,normalized94_abs_anchor_delta94_identity1,5ca38ebab9e2d191354ce7db934bf08f2b50c31bad2a7874ac97af410c8ebfc0,052f04fdcdaf93e90681c8fcf2a3c24e429f15154b384289f32c26e1905065d3
R0_ONLY,objective,16,0.29606361460498937,0.2937472796343904,0.23513000290062,TRAIN_LOG1P_ANCHOR_EXCESS_MARGIN_CE,afb00092c67a732501fee2b7ffe29c294662b13bb3e7bcf95c15099c63ebb665,0.0023163349705989707,0.010722544090184473,normalized94_abs_anchor_delta94_identity1,5ca38ebab9e2d191354ce7db934bf08f2b50c31bad2a7874ac97af410c8ebfc0,a12883170347c87c5b7073cc9fc20b6383f127ff9db2b099146affc37709bda5
R0_ONLY,objective,17,0.29306041439807773,0.2905195096462534,0.2361232731128229,TRAIN_LOG1P_ANCHOR_EXCESS_MARGIN_CE,afb00092c67a732501fee2b7ffe29c294662b13bb3e7bcf95c15099c63ebb665,0.002540904751824356,0.02041103169723096,normalized94_abs_anchor_delta94_identity1,5ca38ebab9e2d191354ce7db934bf08f2b50c31bad2a7874ac97af410c8ebfc0,097d158ac0af093cb055d035e39ddc44cb0d1759463d29e2a639ce74f812fff2
R0_ONLY,objective,18,0.2908848621013006,0.2882938934665631,0.23361760949695184,TRAIN_LOG1P_ANCHOR_EXCESS_MARGIN_CE,afb00092c67a732501fee2b7ffe29c294662b13bb3e7bcf95c15099c63ebb665,0.002590968634737528,0.022225310777000212,normalized94_abs_anchor_delta94_identity1,5ca38ebab9e2d191354ce7db934bf08f2b50c31bad2a7874ac97af410c8ebfc0,1d631aa9fe4cb20b8b066914e8ff51f902e0c41af60fbcd6852402fa313dcb3b
R0_ONLY,objective,19,0.2873205774736307,0.284398036237891,0.2150931057660827,TRAIN_LOG1P_ANCHOR_EXCESS_MARGIN_CE,afb00092c67a732501fee2b7ffe29c294662b13bb3e7bcf95c15099c63ebb665,0.002922541235739727,0.019415243374873943,normalized94_abs_anchor_delta94_identity1,5ca38ebab9e2d191354ce7db934bf08f2b50c31bad2a7874ac97af410c8ebfc0,1e9ded9d7afec68d77d6b135c6e40cfb2e18d345cfad2dd7f2c7d108c1803bbe
R0_ONLY,objective,20,0.28559026973562857,0.28272417320902654,0.21259657158515485,TRAIN_LOG1P_ANCHOR_EXCESS_MARGIN_CE,afb00092c67a732501fee2b7ffe29c294662b13bb3e7bcf95c15099c63ebb665,0.0028660965266020023,0.015578426553710637,normalized94_abs_anchor_delta94_identity1,5ca38ebab9e2d191354ce7db934bf08f2b50c31bad2a7874ac97af410c8ebfc0,dc23f1d6dd41dda3b55a8e8d601a4f09b192c04a1a6f6c95ffe1123b9335ac5b
R0_ONLY,objective,21,0.28303917157696634,0.2798484124401589,0.2094873323828838,TRAIN_LOG1P_ANCHOR_EXCESS_MARGIN_CE,afb00092c67a732501fee2b7ffe29c294662b13bb3e7bcf95c15099c63ebb665,0.003190759136807457,0.00950978149732449,normalized94_abs_anchor_delta94_identity1,5ca38ebab9e2d191354ce7db934bf08f2b50c31bad2a7874ac97af410c8ebfc0,9e2bac23113c28c91c0aa6baba04fe11ac8bed886e02256494299b5b3cbecf1c
R0_ONLY,objective,22,0.279849381817948,0.2754230754236717,0.20670585037710917,TRAIN_LOG1P_ANCHOR_EXCESS_MARGIN_CE,afb00092c67a732501fee2b7ffe29c294662b13bb3e7bcf95c15099c63ebb665,0.00442630639427625,0.010627210927891557,normalized94_abs_anchor_delta94_identity1,5ca38ebab9e2d191354ce7db934bf08f2b50c31bad2a7874ac97af410c8ebfc0,2ed22109ccd465b096b27a0bd5aef51062a460b903b89a3120946c2e6acf7ffa
R0_ONLY,objective,23,0.30568495654102534,0.2983927889298684,0.17655761201643508,TRAIN_LOG1P_ANCHOR_EXCESS_MARGIN_CE,afb00092c67a732501fee2b7ffe29c294662b13bb3e7bcf95c15099c63ebb665,0.007292167611156939,0.044732740550940606,normalized94_abs_anchor_delta94_identity1,5ca38ebab9e2d191354ce7db934bf08f2b50c31bad2a7874ac97af410c8ebfc0,794f848024c2c767f82b236cc687d1a5ac0bdaa9efda40aa0be92fbe1ccbc956
R0_ONLY,objective,24,0.2792932576794578,0.27456036802124184,0.20098321150031884,TRAIN_LOG1P_ANCHOR_EXCESS_MARGIN_CE,afb00092c67a732501fee2b7ffe29c294662b13bb3e7bcf95c15099c63ebb665,0.004732889658215959,0.0059033976429078315,normalized94_abs_anchor_delta94_identity1,5ca38ebab9e2d191354ce7db934bf08f2b50c31bad2a7874ac97af410c8ebfc0,fa0238fc52523799d1e1a062933118677cbdbc840ab662648bdb53b791962871
R0_ONLY,objective,25,0.2787643239369791,0.27364936421763414,0.20304141981162285,TRAIN_LOG1P_ANCHOR_EXCESS_MARGIN_CE,afb00092c67a732501fee2b7ffe29c294662b13bb3e7bcf95c15099c63ebb665,0.005114959719344924,0.004870644491486765,normalized94_abs_anchor_delta94_identity1,5ca38ebab9e2d191354ce7db934bf08f2b50c31bad2a7874ac97af410c8ebfc0,e949934c9adb95b0b9c5359140d49f8a04c74638d6e984706747fca76d5504db
R0_ONLY,objective,26,0.2776962633124,0.272020763852552,0.2035504302046161,TRAIN_LOG1P_ANCHOR_EXCESS_MARGIN_CE,afb00092c67a732501fee2b7ffe29c294662b13bb3e7bcf95c15099c63ebb665,0.005675499459847993,0.005175421072297445,normalized94_abs_anchor_delta94_identity1,5ca38ebab9e2d191354ce7db934bf08f2b50c31bad2a7874ac97af410c8ebfc0,8b03d8d50f8ea8540b1c55867f022de15b0a768278bc39fabcea42ab6dec967c
R0_ONLY,objective,27,0.27575884689614855,0.2687242277703504,0.20164240025148886,TRAIN_LOG1P_ANCHOR_EXCESS_MARGIN_CE,afb00092c67a732501fee2b7ffe29c294662b13bb3e7bcf95c15099c63ebb665,0.0070346191257981945,0.006563683775039586,normalized94_abs_anchor_delta94_identity1,5ca38ebab9e2d191354ce7db934bf08f2b50c31bad2a7874ac97af410c8ebfc0,39ddcd1ac6f573aec69690a8653c69b8cef50246e4cbca49ce3250c9a94f2a78
R0_ONLY,objective,28,0.2745077774152545,0.26672888501146824,0.19914356402171593,TRAIN_LOG1P_ANCHOR_EXCESS_MARGIN_CE,afb00092c67a732501fee2b7ffe29c294662b13bb3e7bcf95c15099c63ebb665,0.007778892403786278,0.008247622146050316,normalized94_abs_anchor_delta94_identity1,5ca38ebab9e2d191354ce7db934bf08f2b50c31bad2a7874ac97af410c8ebfc0,688596b7fcc21ec5d6a474c546c55b95343dd38a7a69d91b6028bcd23950b7d0
R0_ONLY,objective,29,0.27335604287475873,0.26493714578049016,0.19243570985205774,TRAIN_LOG1P_ANCHOR_EXCESS_MARGIN_CE,afb00092c67a732501fee2b7ffe29c294662b13bb3e7bcf95c15099c63ebb665,0.0084188970942686,0.0074274732839106645,normalized94_abs_anchor_delta94_identity1,5ca38ebab9e2d191354ce7db934bf08f2b50c31bad2a7874ac97af410c8ebfc0,8fdd954090728fb743db83133cb3bda987b70ec0b4af745fdc92d85f85014410
R0_ONLY,objective,30,0.27275103711164905,0.2649015358219403,0.19358515728101736,TRAIN_LOG1P_ANCHOR_EXCESS_MARGIN_CE,afb00092c67a732501fee2b7ffe29c294662b13bb3e7bcf95c15099c63ebb665,0.00784950128970872,0.004972831946308968,normalized94_abs_anchor_delta94_identity1,5ca38ebab9e2d191354ce7db934bf08f2b50c31bad2a7874ac97af410c8ebfc0,2eb0a7a6398340469c944139bd9b85bb1a8858e286e782984881a3285c697434
R0_ONLY,objective,31,0.27234802028692134,0.2648778366320637,0.1909929284179392,TRAIN_LOG1P_ANCHOR_EXCESS_MARGIN_CE,afb00092c67a732501fee2b7ffe29c294662b13bb3e7bcf95c15099c63ebb665,0.007470183654857619,0.004632584148434996,normalized94_abs_anchor_delta94_identity1,5ca38ebab9e2d191354ce7db934bf08f2b50c31bad2a7874ac97af410c8ebfc0,810d31234471773a8d411ff6cd3a1ab8d6556bde3715990601cdd051187436fc
R0_ONLY,objective,32,0.27169084666105053,0.2646111682976209,0.1952322564708273,TRAIN_LOG1P_ANCHOR_EXCESS_MARGIN_CE,afb00092c67a732501fee2b7ffe29c294662b13bb3e7bcf95c15099c63ebb665,0.007079678363429679,0.005639205479595678,normalized94_abs_anchor_delta94_identity1,5ca38ebab9e2d191354ce7db934bf08f2b50c31bad2a7874ac97af410c8ebfc0,eec70557ab89d90b0b98f978f43d9933d9e88b53a58ff4a6fac2bccc9f4d8ccd
R0_ONLY,objective,33,0.2708603931673654,0.2632544926535842,0.1946055985064499,TRAIN_LOG1P_ANCHOR_EXCESS_MARGIN_CE,afb00092c67a732501fee2b7ffe29c294662b13bb3e7bcf95c15099c63ebb665,0.007605900513781191,0.0033268319624398628,normalized94_abs_anchor_delta94_identity1,5ca38ebab9e2d191354ce7db934bf08f2b50c31bad2a7874ac97af410c8ebfc0,d903b583c8cbf85c49edd103c080b388917752c5db9ddd0fb38aceab165b117e
R0_ONLY,objective,34,0.2701908084928449,0.2610910638213521,0.19490277647573157,TRAIN_LOG1P_ANCHOR_EXCESS_MARGIN_CE,afb00092c67a732501fee2b7ffe29c294662b13bb3e7bcf95c15099c63ebb665,0.00909974467149275,0.002657385747891075,normalized94_abs_anchor_delta94_identity1,5ca38ebab9e2d191354ce7db934bf08f2b50c31bad2a7874ac97af410c8ebfc0,12a648c4a75fc3c12a971294591cedeff60923320c55642932a1bed14d4b74a7
R0_ONLY,objective,35,0.26959727321516486,0.26001675006498937,0.19367630335161937,TRAIN_LOG1P_ANCHOR_EXCESS_MARGIN_CE,afb00092c67a732501fee2b7ffe29c294662b13bb3e7bcf95c15099c63ebb665,0.009580523150175496,0.005479144505150554,normalized94_abs_anchor_delta94_identity1,5ca38ebab9e2d191354ce7db934bf08f2b50c31bad2a7874ac97af410c8ebfc0,78c98375c8fa883df8836c2bce010c89e15655b4d484d5bbf9aff483bbf1897b
R0_ONLY,objective,36,0.2690214446111378,0.2587649118404025,0.19237217594369693,TRAIN_LOG1P_ANCHOR_EXCESS_MARGIN_CE,afb00092c67a732501fee2b7ffe29c294662b13bb3e7bcf95c15099c63ebb665,0.010256532770735294,0.0036105660176507072,normalized94_abs_anchor_delta94_identity1,5ca38ebab9e2d191354ce7db934bf08f2b50c31bad2a7874ac97af410c8ebfc0,5190a30a950fefe7358b9d5363d70510d3f26ac8e500e844d0c2d3e448916707
R0_ONLY,objective,37,0.26826331919552915,0.2569155195108422,0.19043230131045552,TRAIN_LOG1P_ANCHOR_EXCESS_MARGIN_CE,afb00092c67a732501fee2b7ffe29c294662b13bb3e7bcf95c15099c63ebb665,0.011347799684686974,0.00282044178304098,normalized94_abs_anchor_delta94_identity1,5ca38ebab9e2d191354ce7db934bf08f2b50c31bad2a7874ac97af410c8ebfc0,17fc9d502fd6879360a10400dfb52cf1177617405cb19bb85248f4ea7695ce88
R0_ONLY,objective,38,0.2679926724745438,0.25625625062005536,0.18937828364665277,TRAIN_LOG1P_ANCHOR_EXCESS_MARGIN_CE,afb00092c67a732501fee2b7ffe29c294662b13bb3e7bcf95c15099c63ebb665,0.011736421854488437,0.0020080364640328416,normalized94_abs_anchor_delta94_identity1,5ca38ebab9e2d191354ce7db934bf08f2b50c31bad2a7874ac97af410c8ebfc0,ab4425d2e8d6190ef139b2e72c4a5ca96d44273a80a3e58a1ae91b5adc950b37
R0_ONLY,objective,39,0.26776395719599055,0.25576354259644196,0.1876634576719197,TRAIN_LOG1P_ANCHOR_EXCESS_MARGIN_CE,afb00092c67a732501fee2b7ffe29c294662b13bb3e7bcf95c15099c63ebb665,0.012000414599548568,0.0018292769428085818,normalized94_abs_anchor_delta94_identity1,5ca38ebab9e2d191354ce7db934bf08f2b50c31bad2a7874ac97af410c8ebfc0,fda778cf7cb23fd214e510d074f3bb99fbb705810a93143b55900d62ffb47999
R0_ONLY,objective,40,0.26740050719092473,0.25516043250293896,0.18699350294352837,TRAIN_LOG1P_ANCHOR_EXCESS_MARGIN_CE,afb00092c67a732501fee2b7ffe29c294662b13bb3e7bcf95c15099c63ebb665,0.012240074687985752,0.0022218553909809876,normalized94_abs_anchor_delta94_identity1,5ca38ebab9e2d191354ce7db934bf08f2b50c31bad2a7874ac97af410c8ebfc0,ccc88f1c6853638845ea33b9f16739fc59049e0432375dc86486c0ca0ac89286
R0_ONLY,objective,41,0.2673296466690405,0.25461721664288883,0.1903628677041867,TRAIN_LOG1P_ANCHOR_EXCESS_MARGIN_CE,afb00092c67a732501fee2b7ffe29c294662b13bb3e7bcf95c15099c63ebb665,0.012712430026151671,0.006519770594157383,normalized94_abs_anchor_delta94_identity1,5ca38ebab9e2d191354ce7db934bf08f2b50c31bad2a7874ac97af410c8ebfc0,cf080546f1dbabbebbb788228ebbb2d23646e653a9ec6cfeb84bc49870f90753
R0_ONLY,objective,42,0.2671630580282579,0.25464411481886445,0.18890904134216646,TRAIN_LOG1P_ANCHOR_EXCESS_MARGIN_CE,afb00092c67a732501fee2b7ffe29c294662b13bb3e7bcf95c15099c63ebb665,0.01251894320939345,0.0025408471844942777,normalized94_abs_anchor_delta94_identity1,5ca38ebab9e2d191354ce7db934bf08f2b50c31bad2a7874ac97af410c8ebfc0,1e59c64227b19ce9e9f8125d2f796a81391afe410fda51b91a8d11ebf4976551
R0_ONLY,objective,43,0.26709287725444664,0.2546153068820061,0.1880698682130635,TRAIN_LOG1P_ANCHOR_EXCESS_MARGIN_CE,afb00092c67a732501fee2b7ffe29c294662b13bb3e7bcf95c15099c63ebb665,0.012477570372440518,0.001435927343981099,normalized94_abs_anchor_delta94_identity1,5ca38ebab9e2d191354ce7db934bf08f2b50c31bad2a7874ac97af410c8ebfc0,33ba37ae8b40b5534a07de75bbce205a4be3234f0ed3f6c0c40d1410a40f52bc
R0_ONLY,objective,44,0.26702461408252504,0.2544411695094443,0.18761897855743603,TRAIN_LOG1P_ANCHOR_EXCESS_MARGIN_CE,afb00092c67a732501fee2b7ffe29c294662b13bb3e7bcf95c15099c63ebb665,0.012583444573080764,0.001974645542330409,normalized94_abs_anchor_delta94_identity1,5ca38ebab9e2d191354ce7db934bf08f2b50c31bad2a7874ac97af410c8ebfc0,253cada8a098268fdeadf2d5fee312acc47e1de9e2706e1187f9fec9d7475d34
R0_ONLY,objective,45,0.2669381613691532,0.25406375695654143,0.18692097988313497,TRAIN_LOG1P_ANCHOR_EXCESS_MARGIN_CE,afb00092c67a732501fee2b7ffe29c294662b13bb3e7bcf95c15099c63ebb665,0.012874404412611774,0.003153496605413612,normalized94_abs_anchor_delta94_identity1,5ca38ebab9e2d191354ce7db934bf08f2b50c31bad2a7874ac97af410c8ebfc0,ad61266d6bd567bb0ab17f643890c509d3bf00e24348bd21846480fdf2d44dc7
R0_ONLY,objective,46,0.26692688951237187,0.25350549295724006,0.1880105743847118,TRAIN_LOG1P_ANCHOR_EXCESS_MARGIN_CE,afb00092c67a732501fee2b7ffe29c294662b13bb3e7bcf95c15099c63ebb665,0.013421396555131828,0.005488171003415286,normalized94_abs_anchor_delta94_identity1,5ca38ebab9e2d191354ce7db934bf08f2b50c31bad2a7874ac97af410c8ebfc0,f6d21f28b0b1c1f43c28c41bedebfb81f6170f5f68cdcbe91f2e180e8c5b77af
R0_ONLY,objective,47,0.2668397856620765,0.2534949918204394,0.18752597548312858,TRAIN_LOG1P_ANCHOR_EXCESS_MARGIN_CE,afb00092c67a732501fee2b7ffe29c294662b13bb3e7bcf95c15099c63ebb665,0.013344793841637089,0.0015170285492817112,normalized94_abs_anchor_delta94_identity1,5ca38ebab9e2d191354ce7db934bf08f2b50c31bad2a7874ac97af410c8ebfc0,4323317f3de7a53bc3790b19888ccf1bbad21af2c0b54ce87258195c941e1235
R0_ONLY,objective,48,0.2668106890285147,0.2534863270634591,0.18755550559230025,TRAIN_LOG1P_ANCHOR_EXCESS_MARGIN_CE,afb00092c67a732501fee2b7ffe29c294662b13bb3e7bcf95c15099c63ebb665,0.013324361965055605,0.0010366353908096394,normalized94_abs_anchor_delta94_identity1,5ca38ebab9e2d191354ce7db934bf08f2b50c31bad2a7874ac97af410c8ebfc0,1c864ab819489ab687f044743177f68d8729d754f7fdfa3fd480afa5af4674ff
R0_ONLY,objective,49,0.2667423105603633,0.2534281261427766,0.1877980608549276,TRAIN_LOG1P_ANCHOR_EXCESS_MARGIN_CE,afb00092c67a732501fee2b7ffe29c294662b13bb3e7bcf95c15099c63ebb665,0.013314184417586685,0.0018907178037647146,normalized94_abs_anchor_delta94_identity1,5ca38ebab9e2d191354ce7db934bf08f2b50c31bad2a7874ac97af410c8ebfc0,df3f81b3102235f95c04c39a129c0437510915df28312d2ef9b068210a279f22
R0_ONLY,objective,50,0.2666723585943736,0.25332368401696864,0.18794194102972758,TRAIN_LOG1P_ANCHOR_EXCESS_MARGIN_CE,afb00092c67a732501fee2b7ffe29c294662b13bb3e7bcf95c15099c63ebb665,0.013348674577404967,0.002083306437770204,normalized94_abs_anchor_delta94_identity1,5ca38ebab9e2d191354ce7db934bf08f2b50c31bad2a7874ac97af410c8ebfc0,5a42cfa1efab66de6917b8ad7e7f01bdcc001ea2b1f7f90d777e136efdde52a4
R0_ONLY,objective,51,0.26652327089852607,0.25303574399586143,0.1865154188209236,TRAIN_LOG1P_ANCHOR_EXCESS_MARGIN_CE,afb00092c67a732501fee2b7ffe29c294662b13bb3e7bcf95c15099c63ebb665,0.013487526902664634,0.0026592849790815945,normalized94_abs_anchor_delta94_identity1,5ca38ebab9e2d191354ce7db934bf08f2b50c31bad2a7874ac97af410c8ebfc0,47590b16d8e67c4e1a86d1c9fdb348ebca52c9e7d0c8ba0db3bac4eee7af174e
R0_ONLY,objective,52,0.266483745824817,0.25224047833610674,0.18674615468728845,TRAIN_LOG1P_ANCHOR_EXCESS_MARGIN_CE,afb00092c67a732501fee2b7ffe29c294662b13bb3e7bcf95c15099c63ebb665,0.014243267488710217,0.0029943426596106483,normalized94_abs_anchor_delta94_identity1,5ca38ebab9e2d191354ce7db934bf08f2b50c31bad2a7874ac97af410c8ebfc0,74d4754a8034a59f971cbcbd1328c9e4fcfb50a2a8bae9f5dcb80839df7d09c1
R0_ONLY,objective,53,0.2663704746073324,0.25240334662472086,0.18673542285267672,TRAIN_LOG1P_ANCHOR_EXCESS_MARGIN_CE,afb00092c67a732501fee2b7ffe29c294662b13bb3e7bcf95c15099c63ebb665,0.013967127982611498,0.00091863885210673,normalized94_abs_anchor_delta94_identity1,5ca38ebab9e2d191354ce7db934bf08f2b50c31bad2a7874ac97af410c8ebfc0,21383a2e607d077b957cfb23e5fa4a41d9ebd586ce0d14d22756d4dc5c145424
R0_ONLY,objective,54,0.26634276925553624,0.2523730162663307,0.18611483411779198,TRAIN_LOG1P_ANCHOR_EXCESS_MARGIN_CE,afb00092c67a732501fee2b7ffe29c294662b13bb3e7bcf95c15099c63ebb665,0.01396975298920555,0.0011469855738156895,normalized94_abs_anchor_delta94_identity1,5ca38ebab9e2d191354ce7db934bf08f2b50c31bad2a7874ac97af410c8ebfc0,320263816765b0ea6c703229a9a80222ffe3589c40506dfc584b8569e78029cc
R0_ONLY,objective,55,0.26630723661092875,0.2522972401592671,0.18684172338808208,TRAIN_LOG1P_ANCHOR_EXCESS_MARGIN_CE,afb00092c67a732501fee2b7ffe29c294662b13bb3e7bcf95c15099c63ebb665,0.014009996451661701,0.002031429114167999,normalized94_abs_anchor_delta94_identity1,5ca38ebab9e2d191354ce7db934bf08f2b50c31bad2a7874ac97af410c8ebfc0,f989189ddc03566c1db13239cddf80328caae331f962d5cdae394cf47fae3f21
R0_ONLY,objective,56,0.2662777977927308,0.25213145056295233,0.18659081217443663,TRAIN_LOG1P_ANCHOR_EXCESS_MARGIN_CE,afb00092c67a732501fee2b7ffe29c294662b13bb3e7bcf95c15099c63ebb665,0.014146347229778453,0.0014000318995726453,normalized94_abs_anchor_delta94_identity1,5ca38ebab9e2d191354ce7db934bf08f2b50c31bad2a7874ac97af410c8ebfc0,26869556c09640b397ea66776a0c999a0eee342fc4732dd2d2ef6a91bfb6337e
R0_ONLY,objective,57,0.2662429264042789,0.25183279693144683,0.18670483568179722,TRAIN_LOG1P_ANCHOR_EXCESS_MARGIN_CE,afb00092c67a732501fee2b7ffe29c294662b13bb3e7bcf95c15099c63ebb665,0.014410129472832062,0.0007053658127168702,normalized94_abs_anchor_delta94_identity1,5ca38ebab9e2d191354ce7db934bf08f2b50c31bad2a7874ac97af410c8ebfc0,8aa41278e80570e8b06351ae0af05f55afc390c0870e6a20e30d3729690fbcb5
R0_ONLY,objective,58,0.26622347943412095,0.2517960990653707,0.18642104983471572,TRAIN_LOG1P_ANCHOR_EXCESS_MARGIN_CE,afb00092c67a732501fee2b7ffe29c294662b13bb3e7bcf95c15099c63ebb665,0.014427380368750253,0.0013638012573129027,normalized94_abs_anchor_delta94_identity1,5ca38ebab9e2d191354ce7db934bf08f2b50c31bad2a7874ac97af410c8ebfc0,e0bedb09285750d591c967e9edd7f6aa8444b40c2e591131af0c13c0a97903d5
R0_ONLY,objective,59,0.26619601697438866,0.2517524534671977,0.18639630806488128,TRAIN_LOG1P_ANCHOR_EXCESS_MARGIN_CE,afb00092c67a732501fee2b7ffe29c294662b13bb3e7bcf95c15099c63ebb665,0.014443563507190971,0.001587826546978598,normalized94_abs_anchor_delta94_identity1,5ca38ebab9e2d191354ce7db934bf08f2b50c31bad2a7874ac97af410c8ebfc0,5d0f6a63a898797846ee2153bcf336f8aba2c01f20f520e86681b9184de18840
R0_ONLY,objective,60,0.266199543745843,0.2515634077349403,0.18616301599509485,TRAIN_LOG1P_ANCHOR_EXCESS_MARGIN_CE,afb00092c67a732501fee2b7ffe29c294662b13bb3e7bcf95c15099c63ebb665,0.014636136010902698,0.002343310851734173,normalized94_abs_anchor_delta94_identity1,5ca38ebab9e2d191354ce7db934bf08f2b50c31bad2a7874ac97af410c8ebfc0,9943af1671ef005052e66334f85a0b292b619ec5a87d3e32e2f883bf609d25a4
R0_ONLY,objective,61,0.2661823173033585,0.25164897729447305,0.1862816052928603,TRAIN_LOG1P_ANCHOR_EXCESS_MARGIN_CE,afb00092c67a732501fee2b7ffe29c294662b13bb3e7bcf95c15099c63ebb665,0.014533340008885473,0.0009577263407270576,normalized94_abs_anchor_delta94_identity1,5ca38ebab9e2d191354ce7db934bf08f2b50c31bad2a7874ac97af410c8ebfc0,321990f7d096ce5577070cd985346c8f9ce1db3fb94bc9fedbe0681ab9d16d78
R0_ONLY,objective,62,0.26616605726637643,0.25175921098512977,0.18629517022629244,TRAIN_LOG1P_ANCHOR_EXCESS_MARGIN_CE,afb00092c67a732501fee2b7ffe29c294662b13bb3e7bcf95c15099c63ebb665,0.014406846281246692,0.0006349114742745568,normalized94_abs_anchor_delta94_identity1,5ca38ebab9e2d191354ce7db934bf08f2b50c31bad2a7874ac97af410c8ebfc0,fb984dba6c41ef4377d71937f0e9434d3948ee791a561089f5362d6448ca75ec
R0_ONLY,objective,63,0.26614908059213327,0.25174109710813114,0.18632312339716234,TRAIN_LOG1P_ANCHOR_EXCESS_MARGIN_CE,afb00092c67a732501fee2b7ffe29c294662b13bb3e7bcf95c15099c63ebb665,0.014407983484002108,0.00047585922728357073,normalized94_abs_anchor_delta94_identity1,5ca38ebab9e2d191354ce7db934bf08f2b50c31bad2a7874ac97af410c8ebfc0,dcfce5c6b2676c243e35e919622b4b202725b1f2ccc9b789f3f561f843061c6b
R0_ONLY,objective,64,0.2661310412276253,0.25172383484274397,0.18620699419818812,TRAIN_LOG1P_ANCHOR_EXCESS_MARGIN_CE,afb00092c67a732501fee2b7ffe29c294662b13bb3e7bcf95c15099c63ebb665,0.014407206384881336,0.0003738259487369425,normalized94_abs_anchor_delta94_identity1,5ca38ebab9e2d191354ce7db934bf08f2b50c31bad2a7874ac97af410c8ebfc0,4a178ffb677681f37cddd8d84eac59aab4bbcd28e3dc4c38e75b797403e520f3
R0_ONLY,objective,65,0.26611527865077395,0.25173224938289074,0.18623337249839597,TRAIN_LOG1P_ANCHOR_EXCESS_MARGIN_CE,afb00092c67a732501fee2b7ffe29c294662b13bb3e7bcf95c15099c63ebb665,0.014383029267883186,0.0003640114667698825,normalized94_abs_anchor_delta94_identity1,5ca38ebab9e2d191354ce7db934bf08f2b50c31bad2a7874ac97af410c8ebfc0,8d949574081831cd8394e2fe4c80f1d520bb0e16deb70dd12eaea601ffe3a8bf
R0_ONLY,objective,66,0.2661537665945808,0.2517195371275969,0.183919479308643,TRAIN_LOG1P_ANCHOR_EXCESS_MARGIN_CE,afb00092c67a732501fee2b7ffe29c294662b13bb3e7bcf95c15099c63ebb665,0.014434229466983854,0.004433063046557884,normalized94_abs_anchor_delta94_identity1,5ca38ebab9e2d191354ce7db934bf08f2b50c31bad2a7874ac97af410c8ebfc0,97d4b3948ab72c33c150cdfa6b5cb920c317a38f9a0e938d28e83774fa3bd3de
R0_ONLY,objective,67,0.2661047302479612,0.25170772639808897,0.18549494710564365,TRAIN_LOG1P_ANCHOR_EXCESS_MARGIN_CE,afb00092c67a732501fee2b7ffe29c294662b13bb3e7bcf95c15099c63ebb665,0.014397003849872267,0.0013133260479907326,normalized94_abs_anchor_delta94_identity1,5ca38ebab9e2d191354ce7db934bf08f2b50c31bad2a7874ac97af410c8ebfc0,c3f1b5b7695c7717483b47f3b591c8e91fa00ede9424a41ca53ce45a57876a3e
R0_ONLY,objective,68,0.2660870756796704,0.25166661996286055,0.18601928744404614,TRAIN_LOG1P_ANCHOR_EXCESS_MARGIN_CE,afb00092c67a732501fee2b7ffe29c294662b13bb3e7bcf95c15099c63ebb665,0.014420455716809838,0.00045703158850868536,normalized94_abs_anchor_delta94_identity1,5ca38ebab9e2d191354ce7db934bf08f2b50c31bad2a7874ac97af410c8ebfc0,36e83432fae5d9a963fcdf8cd96cb995636099f4b5c1b3a797c23a33cb5c00d1
R0_ONLY,objective,69,0.2660826405081133,0.2516808380553289,0.185959118724822,TRAIN_LOG1P_ANCHOR_EXCESS_MARGIN_CE,afb00092c67a732501fee2b7ffe29c294662b13bb3e7bcf95c15099c63ebb665,0.014401802452784359,0.0005327552645767276,normalized94_abs_anchor_delta94_identity1,5ca38ebab9e2d191354ce7db934bf08f2b50c31bad2a7874ac97af410c8ebfc0,e1e902d049f2ab42f49340cbf153b3bd5928188e589bd7e6cef69c2e02044d47
R0_ONLY,objective,70,0.2660766807393795,0.2516568787235099,0.18610111670510246,TRAIN_LOG1P_ANCHOR_EXCESS_MARGIN_CE,afb00092c67a732501fee2b7ffe29c294662b13bb3e7bcf95c15099c63ebb665,0.014419802015869636,0.00038322248194861135,normalized94_abs_anchor_delta94_identity1,5ca38ebab9e2d191354ce7db934bf08f2b50c31bad2a7874ac97af410c8ebfc0,2b5a91f431c678c64bc4e1eecb318b7ffd6bfeae82d48b437039acceece8fd55
R0_ONLY,objective,71,0.26606913307716695,0.25160760369597057,0.18611664913442336,TRAIN_LOG1P_ANCHOR_EXCESS_MARGIN_CE,afb00092c67a732501fee2b7ffe29c294662b13bb3e7bcf95c15099c63ebb665,0.014461529381196374,0.0002979443275257058,normalized94_abs_anchor_delta94_identity1,5ca38ebab9e2d191354ce7db934bf08f2b50c31bad2a7874ac97af410c8ebfc0,4806790149feb5bec7212306d6754c97218cec822a5e561794178f99374aa31c
R0_ONLY,objective,72,0.2660654912325149,0.2517100447846592,0.186336195471301,TRAIN_LOG1P_ANCHOR_EXCESS_MARGIN_CE,afb00092c67a732501fee2b7ffe29c294662b13bb3e7bcf95c15099c63ebb665,0.014355446447855665,0.0010933955593738559,normalized94_abs_anchor_delta94_identity1,5ca38ebab9e2d191354ce7db934bf08f2b50c31bad2a7874ac97af410c8ebfc0,d5266856bedde5f8b28852b24c768c581916681acaa111b160b4300446d46523
R0_ONLY,objective,73,0.2660615720499543,0.2516777947713338,0.18626282949516804,TRAIN_LOG1P_ANCHOR_EXCESS_MARGIN_CE,afb00092c67a732501fee2b7ffe29c294662b13bb3e7bcf95c15099c63ebb665,0.014383777278620518,0.00048788045382153043,normalized94_abs_anchor_delta94_identity1,5ca38ebab9e2d191354ce7db934bf08f2b50c31bad2a7874ac97af410c8ebfc0,68622ca602ce826e882895172e99769aab681d1a96d27c80be0ae05e758264ae
R0_ONLY,objective,74,0.26606034294201075,0.2516739325042923,0.1862346146173739,TRAIN_LOG1P_ANCHOR_EXCESS_MARGIN_CE,afb00092c67a732501fee2b7ffe29c294662b13bb3e7bcf95c15099c63ebb665,0.014386410437718454,0.00030965072210192287,normalized94_abs_anchor_delta94_identity1,5ca38ebab9e2d191354ce7db934bf08f2b50c31bad2a7874ac97af410c8ebfc0,eeda6f4a33695f25df1fda456332f721f6c262112b41277ecf0e7f9ca82addc7
R0_ONLY,objective,75,0.2660584623435156,0.25165911627708815,0.18619581772264587,TRAIN_LOG1P_ANCHOR_EXCESS_MARGIN_CE,afb00092c67a732501fee2b7ffe29c294662b13bb3e7bcf95c15099c63ebb665,0.014399346066427433,0.00022001256565979362,normalized94_abs_anchor_delta94_identity1,5ca38ebab9e2d191354ce7db934bf08f2b50c31bad2a7874ac97af410c8ebfc0,15b292879cdabda3f08ce45013edcbd6e6ea2c91d6345f6d36e91e10da46fb49
R0_ONLY,objective,76,0.2660557702541422,0.2516477483699645,0.1862153025501737,TRAIN_LOG1P_ANCHOR_EXCESS_MARGIN_CE,afb00092c67a732501fee2b7ffe29c294662b13bb3e7bcf95c15099c63ebb665,0.014408021884177646,0.00024547793936213806,normalized94_abs_anchor_delta94_identity1,5ca38ebab9e2d191354ce7db934bf08f2b50c31bad2a7874ac97af410c8ebfc0,c13104523a82f520925293debe9173409f3f2f89be199a14f531b9bb6fe4775d
R0_ONLY,objective,77,0.2660506412391302,0.25163647998316874,0.1862572248941031,TRAIN_LOG1P_ANCHOR_EXCESS_MARGIN_CE,afb00092c67a732501fee2b7ffe29c294662b13bb3e7bcf95c15099c63ebb665,0.014414161255961481,0.0002950715342923196,normalized94_abs_anchor_delta94_identity1,5ca38ebab9e2d191354ce7db934bf08f2b50c31bad2a7874ac97af410c8ebfc0,242cd21b5e3d77925e23b75eebf06f683cb74cafecbf4e72f7ad14e3ffd85b63
R0_ONLY,objective,78,0.26604676766211366,0.2516963963035161,0.18639947971652962,TRAIN_LOG1P_ANCHOR_EXCESS_MARGIN_CE,afb00092c67a732501fee2b7ffe29c294662b13bb3e7bcf95c15099c63ebb665,0.014350371358597562,0.0009549934801443734,normalized94_abs_anchor_delta94_identity1,5ca38ebab9e2d191354ce7db934bf08f2b50c31bad2a7874ac97af410c8ebfc0,8e5354601534af9b85e3b1d294aca31e174ad2e487b978cb19d0bcd52055452f
R0_ONLY,objective,79,0.2660441104590333,0.25169696903068384,0.18603469316291898,TRAIN_LOG1P_ANCHOR_EXCESS_MARGIN_CE,afb00092c67a732501fee2b7ffe29c294662b13bb3e7bcf95c15099c63ebb665,0.014347141428349478,0.0002977003401087637,normalized94_abs_anchor_delta94_identity1,5ca38ebab9e2d191354ce7db934bf08f2b50c31bad2a7874ac97af410c8ebfc0,924148518094a0e426116c188aa01988c1a07d1f6558f513c022ea60d1dcb9cc
R0_ONLY,objective,80,0.2660432091158461,0.25168830280800014,0.1860336578938697,TRAIN_LOG1P_ANCHOR_EXCESS_MARGIN_CE,afb00092c67a732501fee2b7ffe29c294662b13bb3e7bcf95c15099c63ebb665,0.014354906307845977,0.0002916851767051988,normalized94_abs_anchor_delta94_identity1,5ca38ebab9e2d191354ce7db934bf08f2b50c31bad2a7874ac97af410c8ebfc0,49c124b0165d8fce4404ef59975dc7e315ed337864836ce4efe40b56eca831e5
R0_ONLY,objective,81,0.2660419391528696,0.25168941399035294,0.18607188411740827,TRAIN_LOG1P_ANCHOR_EXCESS_MARGIN_CE,afb00092c67a732501fee2b7ffe29c294662b13bb3e7bcf95c15099c63ebb665,0.014352525162516677,0.000310011091456605,normalized94_abs_anchor_delta94_identity1,5ca38ebab9e2d191354ce7db934bf08f2b50c31bad2a7874ac97af410c8ebfc0,94f32312781a0cbeee01499f3d9d87c5700db1982629f58aec738834fa1c36a3
R0_ONLY,objective,82,0.26603973136647485,0.2516832223802346,0.18615998032773867,TRAIN_LOG1P_ANCHOR_EXCESS_MARGIN_CE,afb00092c67a732501fee2b7ffe29c294662b13bb3e7bcf95c15099c63ebb665,0.014356508986240227,0.0003092873857505566,normalized94_abs_anchor_delta94_identity1,5ca38ebab9e2d191354ce7db934bf08f2b50c31bad2a7874ac97af410c8ebfc0,8a0fc52ffeb632201ee8b9c190e957c5e598da2175d7309536f85762fcc476cc
R0_ONLY,objective,83,0.2660371661748532,0.251681658143206,0.18614273258109448,TRAIN_LOG1P_ANCHOR_EXCESS_MARGIN_CE,afb00092c67a732501fee2b7ffe29c294662b13bb3e7bcf95c15099c63ebb665,0.014355508031647196,0.0002233458427598568,normalized94_abs_anchor_delta94_identity1,5ca38ebab9e2d191354ce7db934bf08f2b50c31bad2a7874ac97af410c8ebfc0,d1c55700fc732333d8d8daa57c4ed12137d851c18c51ec08d8e543f286a0018d
R0_ONLY,objective,84,0.2660352563069846,0.2516709420204365,0.18629539195914296,TRAIN_LOG1P_ANCHOR_EXCESS_MARGIN_CE,afb00092c67a732501fee2b7ffe29c294662b13bb3e7bcf95c15099c63ebb665,0.014364314286548092,0.0002975952872335256,normalized94_abs_anchor_delta94_identity1,5ca38ebab9e2d191354ce7db934bf08f2b50c31bad2a7874ac97af410c8ebfc0,2b9426c5c37ef1d5a1a4c25c2ba8c3a8e652c3ce6890a1af791b0c0ae662d093
R0_ONLY,objective,85,0.2660400658629767,0.2516195854207867,0.1863339070797478,TRAIN_LOG1P_ANCHOR_EXCESS_MARGIN_CE,afb00092c67a732501fee2b7ffe29c294662b13bb3e7bcf95c15099c63ebb665,0.014420480442189992,0.0012353588811820555,normalized94_abs_anchor_delta94_identity1,5ca38ebab9e2d191354ce7db934bf08f2b50c31bad2a7874ac97af410c8ebfc0,04705dd8622dfb3e9698878956638ba573b01b7e3d6b9bd8313267d4efcc04cb
R0_ONLY,objective,86,0.2660346208097385,0.2516560611321843,0.1863047621886065,TRAIN_LOG1P_ANCHOR_EXCESS_MARGIN_CE,afb00092c67a732501fee2b7ffe29c294662b13bb3e7bcf95c15099c63ebb665,0.014378559677554211,0.00029223106052714455,normalized94_abs_anchor_delta94_identity1,5ca38ebab9e2d191354ce7db934bf08f2b50c31bad2a7874ac97af410c8ebfc0,476b1e07e69994d6da5806697fde2a0a832ad2bd14ea03d76baed68b579054e8
R0_ONLY,objective,87,0.26603358841946817,0.25166190341718786,0.1862413998399757,TRAIN_LOG1P_ANCHOR_EXCESS_MARGIN_CE,afb00092c67a732501fee2b7ffe29c294662b13bb3e7bcf95c15099c63ebb665,0.014371685002280327,0.00020395677891894403,normalized94_abs_anchor_delta94_identity1,5ca38ebab9e2d191354ce7db934bf08f2b50c31bad2a7874ac97af410c8ebfc0,b278dc745ece292b132644d07f07e5f6ff07ff66e6b46f8f92ab25444706f25e
R0_ONLY,objective,88,0.2660325633871859,0.25165614189149005,0.18619658758589577,TRAIN_LOG1P_ANCHOR_EXCESS_MARGIN_CE,afb00092c67a732501fee2b7ffe29c294662b13bb3e7bcf95c15099c63ebb665,0.014376421495695823,0.00012455509593843508,normalized94_abs_anchor_delta94_identity1,5ca38ebab9e2d191354ce7db934bf08f2b50c31bad2a7874ac97af410c8ebfc0,71933253a85c5b25bbc9fbf26bcd5321c567b77d444044165671c5941e973787
R0_ONLY,objective,89,0.2660319788278812,0.2516476853344189,0.18616709698196554,TRAIN_LOG1P_ANCHOR_EXCESS_MARGIN_CE,afb00092c67a732501fee2b7ffe29c294662b13bb3e7bcf95c15099c63ebb665,0.014384293493462302,0.00011194404608164438,normalized94_abs_anchor_delta94_identity1,5ca38ebab9e2d191354ce7db934bf08f2b50c31bad2a7874ac97af410c8ebfc0,7b61ee0b5f48710bc7f94dcb85d8f6f8bbb68dfc76a95ea1c6392b86c7e8e07d
R0_ONLY,objective,90,0.26603135446576587,0.2516325324049817,0.18621575246057057,TRAIN_LOG1P_ANCHOR_EXCESS_MARGIN_CE,afb00092c67a732501fee2b7ffe29c294662b13bb3e7bcf95c15099c63ebb665,0.014398822060784182,0.00015410135458184573,normalized94_abs_anchor_delta94_identity1,5ca38ebab9e2d191354ce7db934bf08f2b50c31bad2a7874ac97af410c8ebfc0,71929893ad80c1912d107d43fead3a72f22ff03ae92601a4f71630ff85122c04
R0_ONLY,objective,91,0.2660331832858868,0.2516134784076221,0.1858246182725541,TRAIN_LOG1P_ANCHOR_EXCESS_MARGIN_CE,afb00092c67a732501fee2b7ffe29c294662b13bb3e7bcf95c15099c63ebb665,0.014419704878264702,0.0010692834602145926,normalized94_abs_anchor_delta94_identity1,5ca38ebab9e2d191354ce7db934bf08f2b50c31bad2a7874ac97af410c8ebfc0,5651e0650f5bcad2e9570edb7297924191dab58d3abb0e0cc59519f20ff83cae
R0_ONLY,objective,92,0.26603125176949555,0.2516285398567705,0.1861423645548212,TRAIN_LOG1P_ANCHOR_EXCESS_MARGIN_CE,afb00092c67a732501fee2b7ffe29c294662b13bb3e7bcf95c15099c63ebb665,0.014402711912725076,0.0001395679150906271,normalized94_abs_anchor_delta94_identity1,5ca38ebab9e2d191354ce7db934bf08f2b50c31bad2a7874ac97af410c8ebfc0,07645af69e8e427708ca23653a3d8f9e69b3acfb37b3c78348573b22ee4233cc
R0_ONLY,objective,93,0.26603113412956897,0.2516250054399147,0.18616563918144463,TRAIN_LOG1P_ANCHOR_EXCESS_MARGIN_CE,afb00092c67a732501fee2b7ffe29c294662b13bb3e7bcf95c15099c63ebb665,0.014406128689654291,8.638482357092121e-05,normalized94_abs_anchor_delta94_identity1,5ca38ebab9e2d191354ce7db934bf08f2b50c31bad2a7874ac97af410c8ebfc0,1e3d81214ccae6dc9bf8a6557ed6c2d5948659aeb63d3bcda9d8b88961754841
R0_ONLY,objective,94,0.2660309989026098,0.2516223869286384,0.1861715051792746,TRAIN_LOG1P_ANCHOR_EXCESS_MARGIN_CE,afb00092c67a732501fee2b7ffe29c294662b13bb3e7bcf95c15099c63ebb665,0.014408611973971365,5.8473987247263345e-05,normalized94_abs_anchor_delta94_identity1,5ca38ebab9e2d191354ce7db934bf08f2b50c31bad2a7874ac97af410c8ebfc0,3d650ce91bbf926778008b2cca14f794dd4595258d64bcad6853924d0cd4f7ac
R0_ONLY,objective,95,0.2660308131175574,0.2516175543083724,0.18616804434701337,TRAIN_LOG1P_ANCHOR_EXCESS_MARGIN_CE,afb00092c67a732501fee2b7ffe29c294662b13bb3e7bcf95c15099c63ebb665,0.014413258809184981,8.264598584219329e-05,normalized94_abs_anchor_delta94_identity1,5ca38ebab9e2d191354ce7db934bf08f2b50c31bad2a7874ac97af410c8ebfc0,5a1174888a5176aff3e48a75cb67fdef5504ee0c32a01a9940f3f0d2e22ad98b
R0_ONLY,objective,96,0.26603053880442995,0.25160803470093357,0.18615413286599874,TRAIN_LOG1P_ANCHOR_EXCESS_MARGIN_CE,afb00092c67a732501fee2b7ffe29c294662b13bb3e7bcf95c15099c63ebb665,0.014422504103496355,0.00010900250211285512,normalized94_abs_anchor_delta94_identity1,5ca38ebab9e2d191354ce7db934bf08f2b50c31bad2a7874ac97af410c8ebfc0,aafe06d80c4b435baa9697c0cc44666af45c98812e8bf55fca10e92c8d022dc1
R0_ONLY,objective,97,0.2660300754737073,0.25158808939742494,0.18614100755066412,TRAIN_LOG1P_ANCHOR_EXCESS_MARGIN_CE,afb00092c67a732501fee2b7ffe29c294662b13bb3e7bcf95c15099c63ebb665,0.01444198607628231,0.00010880918631861147,normalized94_abs_anchor_delta94_identity1,5ca38ebab9e2d191354ce7db934bf08f2b50c31bad2a7874ac97af410c8ebfc0,cb43b5523720bb698014fd73c17388ff5b0bd829a38d275893553cdfc09c66a4
R0_ONLY,objective,98,0.2660310177111333,0.2515472678461081,0.18598445822002527,TRAIN_LOG1P_ANCHOR_EXCESS_MARGIN_CE,afb00092c67a732501fee2b7ffe29c294662b13bb3e7bcf95c15099c63ebb665,0.014483749865025201,0.0006904329858218747,normalized94_abs_anchor_delta94_identity1,5ca38ebab9e2d191354ce7db934bf08f2b50c31bad2a7874ac97af410c8ebfc0,3b7510616681c21cfee9f6f2a50ca10d5debbaaa5adf55289e74f3c6717551e2
R0_ONLY,objective,99,0.26602991907361584,0.2515765341073011,0.18609802436140224,TRAIN_LOG1P_ANCHOR_EXCESS_MARGIN_CE,afb00092c67a732501fee2b7ffe29c294662b13bb3e7bcf95c15099c63ebb665,0.014453384966314755,0.00024363136293963964,normalized94_abs_anchor_delta94_identity1,5ca38ebab9e2d191354ce7db934bf08f2b50c31bad2a7874ac97af410c8ebfc0,010b41240ca3023dffe353504cb5f0b061bfd2c19291c1fae49574d015db583d
R0_ONLY,objective,100,0.2660294552315256,0.2515522672687159,0.18608919977141025,TRAIN_LOG1P_ANCHOR_EXCESS_MARGIN_CE,afb00092c67a732501fee2b7ffe29c294662b13bb3e7bcf95c15099c63ebb665,0.01447718796280972,0.00011159700468813235,normalized94_abs_anchor_delta94_identity1,5ca38ebab9e2d191354ce7db934bf08f2b50c31bad2a7874ac97af410c8ebfc0,307743e4f5e662d27f660391904a8693faafa13f41680de8410d70c38ab50900
R0_ONLY,objective,101,0.26602924462131355,0.251542458872594,0.1860810451617803,TRAIN_LOG1P_ANCHOR_EXCESS_MARGIN_CE,afb00092c67a732501fee2b7ffe29c294662b13bb3e7bcf95c15099c63ebb665,0.014486785748719542,4.881659517261287e-05,normalized94_abs_anchor_delta94_identity1,5ca38ebab9e2d191354ce7db934bf08f2b50c31bad2a7874ac97af410c8ebfc0,1b1e6208fbc8e7e34cfe47e5fe557db203790e53d993c7cdb675d29dbe85e87c
R0_ONLY,objective,102,0.2660290969418108,0.25153654881306664,0.18607217153370145,TRAIN_LOG1P_ANCHOR_EXCESS_MARGIN_CE,afb00092c67a732501fee2b7ffe29c294662b13bb3e7bcf95c15099c63ebb665,0.014492548128744176,5.10553210603621e-05,normalized94_abs_anchor_delta94_identity1,5ca38ebab9e2d191354ce7db934bf08f2b50c31bad2a7874ac97af410c8ebfc0,1f397c7442c52b97714cfed712d55846bf003ad0ea0617b84fe85115528084bb
R0_ONLY,objective,103,0.26602898131409786,0.2515303624815974,0.1860704168752393,TRAIN_LOG1P_ANCHOR_EXCESS_MARGIN_CE,afb00092c67a732501fee2b7ffe29c294662b13bb3e7bcf95c15099c63ebb665,0.01449861883250047,5.0829573303109397e-05,normalized94_abs_anchor_delta94_identity1,5ca38ebab9e2d191354ce7db934bf08f2b50c31bad2a7874ac97af410c8ebfc0,03bd12ce965016f605372f2a2940d205d6c01eab18859157c12fe7fab394488d
R0_ONLY,objective,104,0.2660290035980029,0.251519425055357,0.18596894048628496,TRAIN_LOG1P_ANCHOR_EXCESS_MARGIN_CE,afb00092c67a732501fee2b7ffe29c294662b13bb3e7bcf95c15099c63ebb665,0.01450957854264591,0.00034670079482985295,normalized94_abs_anchor_delta94_identity1,5ca38ebab9e2d191354ce7db934bf08f2b50c31bad2a7874ac97af410c8ebfc0,f431a9d1231a69356a1ddd6f8ed58b3c1ef56805e30c516a76a5210a17995ace
R0_ONLY,objective,105,0.2660289180854475,0.25152523638242374,0.1860234753351667,TRAIN_LOG1P_ANCHOR_EXCESS_MARGIN_CE,afb00092c67a732501fee2b7ffe29c294662b13bb3e7bcf95c15099c63ebb665,0.014503681703023744,0.000172715607522987,normalized94_abs_anchor_delta94_identity1,5ca38ebab9e2d191354ce7db934bf08f2b50c31bad2a7874ac97af410c8ebfc0,bb02861a7b7fbe557ea826a3c039ec845b4379a8b21eb54597dbacc871ed567b
R0_ONLY,objective,106,0.2660288055707765,0.2515175091660883,0.18605956109158334,TRAIN_LOG1P_ANCHOR_EXCESS_MARGIN_CE,afb00092c67a732501fee2b7ffe29c294662b13bb3e7bcf95c15099c63ebb665,0.014511296404688222,6.761394040170707e-05,normalized94_abs_anchor_delta94_identity1,5ca38ebab9e2d191354ce7db934bf08f2b50c31bad2a7874ac97af410c8ebfc0,4adfd00f3df2384bfa37859109849ab2196f7de5695ab3b6b06f58f85a09198c
R0_ONLY,objective,107,0.2660287570352131,0.25151469772126495,0.18607489657084128,TRAIN_LOG1P_ANCHOR_EXCESS_MARGIN_CE,afb00092c67a732501fee2b7ffe29c294662b13bb3e7bcf95c15099c63ebb665,0.014514059313948162,4.158990650785588e-05,normalized94_abs_anchor_delta94_identity1,5ca38ebab9e2d191354ce7db934bf08f2b50c31bad2a7874ac97af410c8ebfc0,9482ab78e62e3aa5591df3f081ba10a56f6d598bcf31c8170893e949ff298c6c
R0_ONLY,objective,108,0.26602870268493434,0.25151225937612315,0.18608665914106196,TRAIN_LOG1P_ANCHOR_EXCESS_MARGIN_CE,afb00092c67a732501fee2b7ffe29c294662b13bb3e7bcf95c15099c63ebb665,0.014516443308811194,4.15542611595153e-05,normalized94_abs_anchor_delta94_identity1,5ca38ebab9e2d191354ce7db934bf08f2b50c31bad2a7874ac97af410c8ebfc0,36808548fe2be000df8a6a00685a8943b4d826d605e684b6d1b3974ebf8de6f9
R0_ONLY,objective,109,0.2660286314480014,0.251510303428141,0.18608475006273126,TRAIN_LOG1P_ANCHOR_EXCESS_MARGIN_CE,afb00092c67a732501fee2b7ffe29c294662b13bb3e7bcf95c15099c63ebb665,0.014518328019860346,4.303995088119485e-05,normalized94_abs_anchor_delta94_identity1,5ca38ebab9e2d191354ce7db934bf08f2b50c31bad2a7874ac97af410c8ebfc0,efaee9eb0fbb51c5685de4a96fdd3a28aff896ef0c8ea83f4ea25363d228c78b
R0_ONLY,objective,110,0.26602852776198505,0.25150472299136994,0.1860913410467863,TRAIN_LOG1P_ANCHOR_EXCESS_MARGIN_CE,afb00092c67a732501fee2b7ffe29c294662b13bb3e7bcf95c15099c63ebb665,0.014523804770615096,6.872987931156669e-05,normalized94_abs_anchor_delta94_identity1,5ca38ebab9e2d191354ce7db934bf08f2b50c31bad2a7874ac97af410c8ebfc0,36219c603b0db1fc886c4201df49ccfbb04c0ce0ee516fdbb0e8094833ce191c
R0_ONLY,objective,111,0.26602865565363143,0.2515168325584816,0.1860367153145091,TRAIN_LOG1P_ANCHOR_EXCESS_MARGIN_CE,afb00092c67a732501fee2b7ffe29c294662b13bb3e7bcf95c15099c63ebb665,0.014511823095149834,0.00014585089506709975,normalized94_abs_anchor_delta94_identity1,5ca38ebab9e2d191354ce7db934bf08f2b50c31bad2a7874ac97af410c8ebfc0,54db682bb323d92c24696f8b604fcdf4f5e747307bf0b401c9d2b00cd1683f8c
R0_ONLY,objective,112,0.2660284855884322,0.25150867004054167,0.18607316734641402,TRAIN_LOG1P_ANCHOR_EXCESS_MARGIN_CE,afb00092c67a732501fee2b7ffe29c294662b13bb3e7bcf95c15099c63ebb665,0.014519815547890488,4.324427828977191e-05,normalized94_abs_anchor_delta94_identity1,5ca38ebab9e2d191354ce7db934bf08f2b50c31bad2a7874ac97af410c8ebfc0,e82827e959b53431a8bb71442935e008c34996e11f15cff025a7ebc823bd33a1
R0_ONLY,objective,113,0.2660284382016585,0.2515078634085496,0.18604304116746426,TRAIN_LOG1P_ANCHOR_EXCESS_MARGIN_CE,afb00092c67a732501fee2b7ffe29c294662b13bb3e7bcf95c15099c63ebb665,0.01452057479310893,4.660940223316114e-05,normalized94_abs_anchor_delta94_identity1,5ca38ebab9e2d191354ce7db934bf08f2b50c31bad2a7874ac97af410c8ebfc0,0bae437d518bb5a4d8472f91d694c917dfeebddd41563616dcebd93c7fe1b589
R0_ONLY,objective,114,0.2660284020015193,0.25150595181607655,0.18604198986008236,TRAIN_LOG1P_ANCHOR_EXCESS_MARGIN_CE,afb00092c67a732501fee2b7ffe29c294662b13bb3e7bcf95c15099c63ebb665,0.014522450185442714,2.6291720980229856e-05,normalized94_abs_anchor_delta94_identity1,5ca38ebab9e2d191354ce7db934bf08f2b50c31bad2a7874ac97af410c8ebfc0,67fc8ecab7bcb58d2ff9b5ad4d429deaeaa87a92c7652693e8a6d740c0961bf2
R0_ONLY,objective,115,0.2660283664898332,0.2515045803551579,0.18603765842797879,TRAIN_LOG1P_ANCHOR_EXCESS_MARGIN_CE,afb00092c67a732501fee2b7ffe29c294662b13bb3e7bcf95c15099c63ebb665,0.014523786134675283,3.47583117337836e-05,normalized94_abs_anchor_delta94_identity1,5ca38ebab9e2d191354ce7db934bf08f2b50c31bad2a7874ac97af410c8ebfc0,b845c8834ae551a5fcff729b6849b5921439879b0252fb01e909d17cc8e12ae7
R0_ONLY,objective,116,0.2660283104478271,0.25150166883072156,0.18603352974975104,TRAIN_LOG1P_ANCHOR_EXCESS_MARGIN_CE,afb00092c67a732501fee2b7ffe29c294662b13bb3e7bcf95c15099c63ebb665,0.014526641617105549,4.449439866585979e-05,normalized94_abs_anchor_delta94_identity1,5ca38ebab9e2d191354ce7db934bf08f2b50c31bad2a7874ac97af410c8ebfc0,fccd181bcf22826eefa3fc2beb5438363195655c8545851d78b6ac5b43700f20
R0_ONLY,objective,117,0.2660282485849769,0.2515010172372318,0.18605872487542502,TRAIN_LOG1P_ANCHOR_EXCESS_MARGIN_CE,afb00092c67a732501fee2b7ffe29c294662b13bb3e7bcf95c15099c63ebb665,0.014527231347745147,3.7341121113471276e-05,normalized94_abs_anchor_delta94_identity1,5ca38ebab9e2d191354ce7db934bf08f2b50c31bad2a7874ac97af410c8ebfc0,00a0242a86c901b6c916a4e2c2751ff9a44938e5b57f6aeb7d32cc83c4381208
R0_ONLY,objective,118,0.26602835099904454,0.2514956454269737,0.18598229627857954,TRAIN_LOG1P_ANCHOR_EXCESS_MARGIN_CE,afb00092c67a732501fee2b7ffe29c294662b13bb3e7bcf95c15099c63ebb665,0.014532705572070823,0.0002649510264015598,normalized94_abs_anchor_delta94_identity1,5ca38ebab9e2d191354ce7db934bf08f2b50c31bad2a7874ac97af410c8ebfc0,04f94d162d8b870052fa364dc0789ee6c878784941ed578e0aa1ae888756fc4f
R0_ONLY,objective,119,0.26602822923129293,0.25149944026362053,0.18603692780430328,TRAIN_LOG1P_ANCHOR_EXCESS_MARGIN_CE,afb00092c67a732501fee2b7ffe29c294662b13bb3e7bcf95c15099c63ebb665,0.014528788967672384,6.232826823227731e-05,normalized94_abs_anchor_delta94_identity1,5ca38ebab9e2d191354ce7db934bf08f2b50c31bad2a7874ac97af410c8ebfc0,b4b9642c6e0aec6bc1d2d7c44632e02a44605f96f4ab21aa3bc7a651f076c731
R0_ONLY,objective,120,0.2660282089374618,0.2515010110580855,0.18605644576777094,TRAIN_LOG1P_ANCHOR_EXCESS_MARGIN_CE,afb00092c67a732501fee2b7ffe29c294662b13bb3e7bcf95c15099c63ebb665,0.014527197879376326,2.344026440534372e-05,normalized94_abs_anchor_delta94_identity1,5ca38ebab9e2d191354ce7db934bf08f2b50c31bad2a7874ac97af410c8ebfc0,3eb3bbfab1ec901f54be7437ccc1418a280067ea7f47054bca12df7aa91a1338
R0_ONLY,objective,121,0.26602819948051876,0.25150225275402704,0.1860637717725615,TRAIN_LOG1P_ANCHOR_EXCESS_MARGIN_CE,afb00092c67a732501fee2b7ffe29c294662b13bb3e7bcf95c15099c63ebb665,0.014525946726491717,2.4869328358766825e-05,normalized94_abs_anchor_delta94_identity1,5ca38ebab9e2d191354ce7db934bf08f2b50c31bad2a7874ac97af410c8ebfc0,d3d48b3a0f990e3bfec481d8384713657d09862e33d6734eaf8a287acb97ba65
R0_ONLY,objective,122,0.2660281836568409,0.2515036471581402,0.1860707458279521,TRAIN_LOG1P_ANCHOR_EXCESS_MARGIN_CE,afb00092c67a732501fee2b7ffe29c294662b13bb3e7bcf95c15099c63ebb665,0.014524536498700696,3.270823766464237e-05,normalized94_abs_anchor_delta94_identity1,5ca38ebab9e2d191354ce7db934bf08f2b50c31bad2a7874ac97af410c8ebfc0,7b15dc698c3f80b9a7e147b79f7e5f9b0aee619454718ec49e517e28092f6e2d
R0_ONLY,objective,123,0.26602816046729383,0.2515037116473317,0.1860732231626535,TRAIN_LOG1P_ANCHOR_EXCESS_MARGIN_CE,afb00092c67a732501fee2b7ffe29c294662b13bb3e7bcf95c15099c63ebb665,0.014524448819962132,2.8886007858973052e-05,normalized94_abs_anchor_delta94_identity1,5ca38ebab9e2d191354ce7db934bf08f2b50c31bad2a7874ac97af410c8ebfc0,fb2cafca66ee7a257775363ecd127d1b160e1dc5a71697f861aab55baa35b97e
R0_ONLY,objective,124,0.2660281287049875,0.2515018752117543,0.18606258395633551,TRAIN_LOG1P_ANCHOR_EXCESS_MARGIN_CE,afb00092c67a732501fee2b7ffe29c294662b13bb3e7bcf95c15099c63ebb665,0.014526253493233188,2.495468119822293e-05,normalized94_abs_anchor_delta94_identity1,5ca38ebab9e2d191354ce7db934bf08f2b50c31bad2a7874ac97af410c8ebfc0,4f1a55270a83352d5527267fd309cbd4fb71651dbcbea1daab4fd1f7ad9bf2b3
R0_ONLY,objective,125,0.26602820199687893,0.2515100325487676,0.18606114181082822,TRAIN_LOG1P_ANCHOR_EXCESS_MARGIN_CE,afb00092c67a732501fee2b7ffe29c294662b13bb3e7bcf95c15099c63ebb665,0.014518169448111337,0.0001563891970323354,normalized94_abs_anchor_delta94_identity1,5ca38ebab9e2d191354ce7db934bf08f2b50c31bad2a7874ac97af410c8ebfc0,c8d72789a4cdd723d9cc23540ce75dd269abbb8ca8f52118830f6fb98fdd93df
R0_ONLY,objective,126,0.2660281211269384,0.2515037634400994,0.18606223739676,TRAIN_LOG1P_ANCHOR_EXCESS_MARGIN_CE,afb00092c67a732501fee2b7ffe29c294662b13bb3e7bcf95c15099c63ebb665,0.014524357686839002,2.8626309333853996e-05,normalized94_abs_anchor_delta94_identity1,5ca38ebab9e2d191354ce7db934bf08f2b50c31bad2a7874ac97af410c8ebfc0,bdb9bd16ac1d706b9cefff363be21e09c3cae570671222b784a19d2b73868c8d
R0_ONLY,objective,127,0.2660281022488168,0.2515019486439417,0.18604476569726838,TRAIN_LOG1P_ANCHOR_EXCESS_MARGIN_CE,afb00092c67a732501fee2b7ffe29c294662b13bb3e7bcf95c15099c63ebb665,0.014526153604875067,2.2791277110661277e-05,normalized94_abs_anchor_delta94_identity1,5ca38ebab9e2d191354ce7db934bf08f2b50c31bad2a7874ac97af410c8ebfc0,015e1a8548c7902ca0ae860bd7dee24289d047a9899ec7de3f9813c6bc499420
R0_ONLY,objective,128,0.2660280815790517,0.2515053167881598,0.18605402557101502,TRAIN_LOG1P_ANCHOR_EXCESS_MARGIN_CE,afb00092c67a732501fee2b7ffe29c294662b13bb3e7bcf95c15099c63ebb665,0.01452276479089195,2.1443010816493393e-05,normalized94_abs_anchor_delta94_identity1,5ca38ebab9e2d191354ce7db934bf08f2b50c31bad2a7874ac97af410c8ebfc0,db87973094919dc3bccc7cf970a9a104980637c32bb2841e15f0587baf3ca79b
R0_ONLY,objective,129,0.26602807071615436,0.25150985036621704,0.18604685335973814,TRAIN_LOG1P_ANCHOR_EXCESS_MARGIN_CE,afb00092c67a732501fee2b7ffe29c294662b13bb3e7bcf95c15099c63ebb665,0.014518220349937334,2.1991888965224075e-05,normalized94_abs_anchor_delta94_identity1,5ca38ebab9e2d191354ce7db934bf08f2b50c31bad2a7874ac97af410c8ebfc0,a6042e44ebf976ca756fad4d1bb14ecf318888c3e642007bc519dec1f5029c06
R0_ONLY,objective,130,0.2660280625813461,0.25151013884796625,0.18606036473496432,TRAIN_LOG1P_ANCHOR_EXCESS_MARGIN_CE,afb00092c67a732501fee2b7ffe29c294662b13bb3e7bcf95c15099c63ebb665,0.01451792373337987,1.0912030683550113e-05,normalized94_abs_anchor_delta94_identity1,5ca38ebab9e2d191354ce7db934bf08f2b50c31bad2a7874ac97af410c8ebfc0,0cfe60ee5fba4bf1ce1e815080b0f0930f1132ea1419ef2db5c210125b2f3817
R0_ONLY,objective,131,0.2660280574259649,0.2515105556425932,0.1860651095907735,TRAIN_LOG1P_ANCHOR_EXCESS_MARGIN_CE,afb00092c67a732501fee2b7ffe29c294662b13bb3e7bcf95c15099c63ebb665,0.014517501783371713,1.0311247808150942e-05,normalized94_abs_anchor_delta94_identity1,5ca38ebab9e2d191354ce7db934bf08f2b50c31bad2a7874ac97af410c8ebfc0,16854fbc4b22a8eade9041ad7b24567d61c3a7e557daf52bb1bcb42ad6d49424
R0_ONLY,objective,132,0.26602805079766895,0.25151272381597334,0.18608644802946986,TRAIN_LOG1P_ANCHOR_EXCESS_MARGIN_CE,afb00092c67a732501fee2b7ffe29c294662b13bb3e7bcf95c15099c63ebb665,0.014515326981695595,6.749837965050878e-05,normalized94_abs_anchor_delta94_identity1,5ca38ebab9e2d191354ce7db934bf08f2b50c31bad2a7874ac97af410c8ebfc0,1e6061b5929ed794f81a89e403d9ea2187d80a4983cfa020e96d2a79ac59c80a
R0_ONLY,objective,133,0.26602803996218277,0.25151398624426646,0.18607454058762593,TRAIN_LOG1P_ANCHOR_EXCESS_MARGIN_CE,afb00092c67a732501fee2b7ffe29c294662b13bb3e7bcf95c15099c63ebb665,0.01451405371791633,1.6537405865958935e-05,normalized94_abs_anchor_delta94_identity1,5ca38ebab9e2d191354ce7db934bf08f2b50c31bad2a7874ac97af410c8ebfc0,03999b503882e4f1b034647bba45be4aff7a24757cfb2ed88772c23fb555e9fa
R0_ONLY,objective,134,0.2660280356113843,0.2515148913697533,0.18606796088185043,TRAIN_LOG1P_ANCHOR_EXCESS_MARGIN_CE,afb00092c67a732501fee2b7ffe29c294662b13bb3e7bcf95c15099c63ebb665,0.014513144241630992,7.834589915117106e-06,normalized94_abs_anchor_delta94_identity1,5ca38ebab9e2d191354ce7db934bf08f2b50c31bad2a7874ac97af410c8ebfc0,54f15a32a0e48b5975f0f81b389a4f5cbd6ad2c98978e932ee26d6ae58e5bea9
R0_ONLY,objective,135,0.26602803307835077,0.2515159723331733,0.18606471425424978,TRAIN_LOG1P_ANCHOR_EXCESS_MARGIN_CE,afb00092c67a732501fee2b7ffe29c294662b13bb3e7bcf95c15099c63ebb665,0.014512060745177462,8.035854599811812e-06,normalized94_abs_anchor_delta94_identity1,5ca38ebab9e2d191354ce7db934bf08f2b50c31bad2a7874ac97af410c8ebfc0,ec2c0ad56616f4fbfa5f78dcd24f2d6d21adbfd008f56ef22346530a47712dbc
R0_ONLY,objective,136,0.26602802985255775,0.2515168823968991,0.18606384783565855,TRAIN_LOG1P_ANCHOR_EXCESS_MARGIN_CE,afb00092c67a732501fee2b7ffe29c294662b13bb3e7bcf95c15099c63ebb665,0.014511147455658608,9.615363354994402e-06,normalized94_abs_anchor_delta94_identity1,5ca38ebab9e2d191354ce7db934bf08f2b50c31bad2a7874ac97af410c8ebfc0,b20a7f4d47b493b6ede2c347b02782ddd2483d5abf9cf98337797fc6a956b86b
R0_ONLY,objective,137,0.26602803327305513,0.25152004112408943,0.18606493573881425,TRAIN_LOG1P_ANCHOR_EXCESS_MARGIN_CE,afb00092c67a732501fee2b7ffe29c294662b13bb3e7bcf95c15099c63ebb665,0.01450799214896567,3.5875368365601725e-05,normalized94_abs_anchor_delta94_identity1,5ca38ebab9e2d191354ce7db934bf08f2b50c31bad2a7874ac97af410c8ebfc0,75b7e5c9f6f82bf0b949a800a79698705baa1516d0f953424b6b87840c4c5176
R0_ONLY,objective,138,0.2660280289076111,0.25151788352376725,0.18606419268901925,TRAIN_LOG1P_ANCHOR_EXCESS_MARGIN_CE,afb00092c67a732501fee2b7ffe29c294662b13bb3e7bcf95c15099c63ebb665,0.014510145383843872,1.0429376723781993e-05,normalized94_abs_anchor_delta94_identity1,5ca38ebab9e2d191354ce7db934bf08f2b50c31bad2a7874ac97af410c8ebfc0,8b1643cb39138cac1513e41a6bf07e09ce38c8e65104635fa1e49befab8b9916
R0_ONLY,objective,139,0.2660280278886741,0.25151805696256485,0.18606634327640456,TRAIN_LOG1P_ANCHOR_EXCESS_MARGIN_CE,afb00092c67a732501fee2b7ffe29c294662b13bb3e7bcf95c15099c63ebb665,0.014509970926109207,6.852482094854975e-06,normalized94_abs_anchor_delta94_identity1,5ca38ebab9e2d191354ce7db934bf08f2b50c31bad2a7874ac97af410c8ebfc0,60f2cf8980840ca4bbf8e786f6fdbfdb6d15ba8b997abadd955961c5a58d1ca6
R0_ONLY,objective,140,0.2660280260213888,0.2515186828826649,0.18607122218364983,TRAIN_LOG1P_ANCHOR_EXCESS_MARGIN_CE,afb00092c67a732501fee2b7ffe29c294662b13bb3e7bcf95c15099c63ebb665,0.014509343138723929,8.293324685663682e-06,normalized94_abs_anchor_delta94_identity1,5ca38ebab9e2d191354ce7db934bf08f2b50c31bad2a7874ac97af410c8ebfc0,1e9e66e976e5552dd2de763a3998389bb334a7c84141902d0e35bad9341f891d
R0_ONLY,objective,141,0.26602802469115006,0.2515191970096741,0.18607258632704982,TRAIN_LOG1P_ANCHOR_EXCESS_MARGIN_CE,afb00092c67a732501fee2b7ffe29c294662b13bb3e7bcf95c15099c63ebb665,0.01450882768147591,9.409189701618115e-06,normalized94_abs_anchor_delta94_identity1,5ca38ebab9e2d191354ce7db934bf08f2b50c31bad2a7874ac97af410c8ebfc0,2d8062a0e611c556a58d34585c1efcf39f24429e9895e1c77d80aa20e0c02f11
R0_ONLY,objective,142,0.2660280199263476,0.25152101536418503,0.1860759590645835,TRAIN_LOG1P_ANCHOR_EXCESS_MARGIN_CE,afb00092c67a732501fee2b7ffe29c294662b13bb3e7bcf95c15099c63ebb665,0.01450700456216261,9.13251568755718e-06,normalized94_abs_anchor_delta94_identity1,5ca38ebab9e2d191354ce7db934bf08f2b50c31bad2a7874ac97af410c8ebfc0,2152d0d3e5f6c9dc31cb75fa36db984c266294e8179157e6600f81eeff3fadf0
R0_ONLY,objective,143,0.26602801740504656,0.25152382428847836,0.18607209024315655,TRAIN_LOG1P_ANCHOR_EXCESS_MARGIN_CE,afb00092c67a732501fee2b7ffe29c294662b13bb3e7bcf95c15099c63ebb665,0.014504193116568172,2.1062978290739188e-05,normalized94_abs_anchor_delta94_identity1,5ca38ebab9e2d191354ce7db934bf08f2b50c31bad2a7874ac97af410c8ebfc0,de9c08a9212dcfe30c0d4bee8555894efd7726b0e89bcafe76d80fe7cfe10916
R0_ONLY,objective,144,0.2660280139855714,0.251523779489216,0.18607444489805713,TRAIN_LOG1P_ANCHOR_EXCESS_MARGIN_CE,afb00092c67a732501fee2b7ffe29c294662b13bb3e7bcf95c15099c63ebb665,0.014504234496355429,6.7625555213143985e-06,normalized94_abs_anchor_delta94_identity1,5ca38ebab9e2d191354ce7db934bf08f2b50c31bad2a7874ac97af410c8ebfc0,fb33acec170a184d6d39112dd1275fa0ef52e63178d6df3e9ef3e32918893a41
R0_ONLY,objective,145,0.26602801279441535,0.25152366086505146,0.1860747845185829,TRAIN_LOG1P_ANCHOR_EXCESS_MARGIN_CE,afb00092c67a732501fee2b7ffe29c294662b13bb3e7bcf95c15099c63ebb665,0.014504351929363904,3.344241024654798e-06,normalized94_abs_anchor_delta94_identity1,5ca38ebab9e2d191354ce7db934bf08f2b50c31bad2a7874ac97af410c8ebfc0,9bb3d8c4dccc6aa2a4c5c8453102841e3f73cb575e159624d2deba71baacd5be
R0_ONLY,objective,146,0.2660280128544068,0.2515238561467623,0.18606705399327444,TRAIN_LOG1P_ANCHOR_EXCESS_MARGIN_CE,afb00092c67a732501fee2b7ffe29c294662b13bb3e7bcf95c15099c63ebb665,0.014504156707644501,1.9550685676820045e-05,normalized94_abs_anchor_delta94_identity1,5ca38ebab9e2d191354ce7db934bf08f2b50c31bad2a7874ac97af410c8ebfc0,63ae1308a4e9410186994661201879f150356cda715604142d4672cb51e05598
R0_ONLY,objective,147,0.2660280126068924,0.2515237515294335,0.18607118697633057,TRAIN_LOG1P_ANCHOR_EXCESS_MARGIN_CE,afb00092c67a732501fee2b7ffe29c294662b13bb3e7bcf95c15099c63ebb665,0.014504261077458896,9.220496760284281e-06,normalized94_abs_anchor_delta94_identity1,5ca38ebab9e2d191354ce7db934bf08f2b50c31bad2a7874ac97af410c8ebfc0,41e7b954d938b7762b5cddf44e7da999d757a9c111452fa6a192cf65282be562
R0_ONLY,objective,148,0.2660280123613057,0.2515237726752041,0.186071850966778,TRAIN_LOG1P_ANCHOR_EXCESS_MARGIN_CE,afb00092c67a732501fee2b7ffe29c294662b13bb3e7bcf95c15099c63ebb665,0.014504239686101572,6.692422734970962e-06,normalized94_abs_anchor_delta94_identity1,5ca38ebab9e2d191354ce7db934bf08f2b50c31bad2a7874ac97af410c8ebfc0,43421b064ec9b2d617569deb5f1f53e0a195192619090f274a4e3a82c93ab1c4
R0_ONLY,objective,149,0.26602801195687525,0.2515240651973325,0.18607296068942453,TRAIN_LOG1P_ANCHOR_EXCESS_MARGIN_CE,afb00092c67a732501fee2b7ffe29c294662b13bb3e7bcf95c15099c63ebb665,0.014503946759542778,4.326045501830371e-06,normalized94_abs_anchor_delta94_identity1,5ca38ebab9e2d191354ce7db934bf08f2b50c31bad2a7874ac97af410c8ebfc0,a6083da8c4d6a2814e5627d5a0b9bc5f7c26c5269bc20334afe798ab958a0127
R0_ONLY,objective,150,0.2660280111532063,0.25152496873141866,0.18607573536201344,TRAIN_LOG1P_ANCHOR_EXCESS_MARGIN_CE,afb00092c67a732501fee2b7ffe29c294662b13bb3e7bcf95c15099c63ebb665,0.014503042421787647,5.125053509399943e-06,normalized94_abs_anchor_delta94_identity1,5ca38ebab9e2d191354ce7db934bf08f2b50c31bad2a7874ac97af410c8ebfc0,abd77b2cb5284c10ea402ee9713c5c0a2433da3773fd6d77e35fdcbc0b866f5d
R0_ONLY,objective,151,0.266028010558942,0.25152594887528706,0.18607794171674616,TRAIN_LOG1P_ANCHOR_EXCESS_MARGIN_CE,afb00092c67a732501fee2b7ffe29c294662b13bb3e7bcf95c15099c63ebb665,0.014502061683654893,6.489060393812773e-06,normalized94_abs_anchor_delta94_identity1,5ca38ebab9e2d191354ce7db934bf08f2b50c31bad2a7874ac97af410c8ebfc0,867e7e24c2eb93239aff11b345902bac8454373a574636f7d1fcef49ba553dde
R0_ONLY,objective,152,0.2660280100749113,0.25152702643266445,0.1860790802731659,TRAIN_LOG1P_ANCHOR_EXCESS_MARGIN_CE,afb00092c67a732501fee2b7ffe29c294662b13bb3e7bcf95c15099c63ebb665,0.014500983642246857,1.4237781292332594e-05,normalized94_abs_anchor_delta94_identity1,5ca38ebab9e2d191354ce7db934bf08f2b50c31bad2a7874ac97af410c8ebfc0,7c3f9e38c37a7b204246297c5113f09f8f0f770fbbd2a0de3a006b34a5968e3e
R0_ONLY,objective,153,0.266028009143229,0.25152812412710035,0.18607949582838476,TRAIN_LOG1P_ANCHOR_EXCESS_MARGIN_CE,afb00092c67a732501fee2b7ffe29c294662b13bb3e7bcf95c15099c63ebb665,0.014499885016128656,5.0694009744806044e-06,normalized94_abs_anchor_delta94_identity1,5ca38ebab9e2d191354ce7db934bf08f2b50c31bad2a7874ac97af410c8ebfc0,1f3a7f9206d0375d3afc1ff41e9f971274371f83edeccd5feaa9e2340a0c63c2
R0_ONLY,objective,154,0.2660280088579027,0.25152797612444966,0.18607857125200336,TRAIN_LOG1P_ANCHOR_EXCESS_MARGIN_CE,afb00092c67a732501fee2b7ffe29c294662b13bb3e7bcf95c15099c63ebb665,0.014500032733453037,2.0703443912290696e-06,normalized94_abs_anchor_delta94_identity1,5ca38ebab9e2d191354ce7db934bf08f2b50c31bad2a7874ac97af410c8ebfc0,33cca796a7d3c17ccd829f008d32b6869e0756eb71222674f8ed230aa674cd0f
R0_ONLY,objective,155,0.26602800868302484,0.25152788604920573,0.18607786055422798,TRAIN_LOG1P_ANCHOR_EXCESS_MARGIN_CE,afb00092c67a732501fee2b7ffe29c294662b13bb3e7bcf95c15099c63ebb665,0.01450012263381913,3.873815836162523e-06,normalized94_abs_anchor_delta94_identity1,5ca38ebab9e2d191354ce7db934bf08f2b50c31bad2a7874ac97af410c8ebfc0,072f3956cf96bf59f743fc22ee3d1e658f8f7a4e5f7c0e51eec853dd2099380e
R0_ONLY,objective,156,0.26602800850908565,0.2515279153430468,0.1860772781496851,TRAIN_LOG1P_ANCHOR_EXCESS_MARGIN_CE,afb00092c67a732501fee2b7ffe29c294662b13bb3e7bcf95c15099c63ebb665,0.014500093166038867,4.406784603826326e-06,normalized94_abs_anchor_delta94_identity1,5ca38ebab9e2d191354ce7db934bf08f2b50c31bad2a7874ac97af410c8ebfc0,001b90972cd0e65675a4b0cdfe5de36c736adaac8e7cb983d4299d86cacea7ef
R0_ONLY,objective,157,0.26602800821287387,0.251528309234914,0.18607880357019776,TRAIN_LOG1P_ANCHOR_EXCESS_MARGIN_CE,afb00092c67a732501fee2b7ffe29c294662b13bb3e7bcf95c15099c63ebb665,0.014499698977959908,5.783399675490177e-06,normalized94_abs_anchor_delta94_identity1,5ca38ebab9e2d191354ce7db934bf08f2b50c31bad2a7874ac97af410c8ebfc0,8f2aedc1257996e3e6220226a692057da012bdef5e9cf4596dafea7fee57aaec
R0_ONLY,objective,158,0.26602801106968715,0.25152851230821854,0.18608929917075373,TRAIN_LOG1P_ANCHOR_EXCESS_MARGIN_CE,afb00092c67a732501fee2b7ffe29c294662b13bb3e7bcf95c15099c63ebb665,0.014499498761468636,3.4900635348995455e-05,normalized94_abs_anchor_delta94_identity1,5ca38ebab9e2d191354ce7db934bf08f2b50c31bad2a7874ac97af410c8ebfc0,07095449148cc27740d5fb9a2dafc05d76f0749665b7ddbcf3d0e5f560f7e64f
R0_ONLY,objective,159,0.26602800808802884,0.2515283431269961,0.18608058616225043,TRAIN_LOG1P_ANCHOR_EXCESS_MARGIN_CE,afb00092c67a732501fee2b7ffe29c294662b13bb3e7bcf95c15099c63ebb665,0.014499664961032699,4.3408754342767865e-06,normalized94_abs_anchor_delta94_identity1,5ca38ebab9e2d191354ce7db934bf08f2b50c31bad2a7874ac97af410c8ebfc0,794fa33db16005e14eaa970e7dabea8383401b8ff10ffe987b6de09bab7dc57f
R0_ONLY,objective,160,0.2660280078678261,0.25152842896829136,0.1860794669171211,TRAIN_LOG1P_ANCHOR_EXCESS_MARGIN_CE,afb00092c67a732501fee2b7ffe29c294662b13bb3e7bcf95c15099c63ebb665,0.014499578899534732,2.6413169358154388e-06,normalized94_abs_anchor_delta94_identity1,5ca38ebab9e2d191354ce7db934bf08f2b50c31bad2a7874ac97af410c8ebfc0,241d2de61facf1b4d9910ed153c83bc2a8fe49145dc4b06139fa36a369ced87e
R0_ONLY,objective,161,0.26602800762483303,0.25152870561142593,0.18607901437043797,TRAIN_LOG1P_ANCHOR_EXCESS_MARGIN_CE,afb00092c67a732501fee2b7ffe29c294662b13bb3e7bcf95c15099c63ebb665,0.0144993020134071,2.4778449107986524e-06,normalized94_abs_anchor_delta94_identity1,5ca38ebab9e2d191354ce7db934bf08f2b50c31bad2a7874ac97af410c8ebfc0,0a9ddf3be8656131f3a39b882b64f7567d165052f173dd3d70dea9386cac8e3c
R0_ONLY,objective,162,0.26602800737124294,0.25152901971815245,0.1860781265504224,TRAIN_LOG1P_ANCHOR_EXCESS_MARGIN_CE,afb00092c67a732501fee2b7ffe29c294662b13bb3e7bcf95c15099c63ebb665,0.014498987653090493,3.681404991553723e-06,normalized94_abs_anchor_delta94_identity1,5ca38ebab9e2d191354ce7db934bf08f2b50c31bad2a7874ac97af410c8ebfc0,e9ca1ef35c6ab55b2bbffb64479c9ab08b403ef3826547f70b39b740ad1b36b2
R0_ONLY,objective,163,0.2660280071076768,0.2515294319357299,0.18607960170600876,TRAIN_LOG1P_ANCHOR_EXCESS_MARGIN_CE,afb00092c67a732501fee2b7ffe29c294662b13bb3e7bcf95c15099c63ebb665,0.0144985751719469,2.089934528965032e-06,normalized94_abs_anchor_delta94_identity1,5ca38ebab9e2d191354ce7db934bf08f2b50c31bad2a7874ac97af410c8ebfc0,f983229c75c37a367e7c8c11b4b2093093689427066ae9aa0a530091c2f0a3e1
R0_ONLY,objective,164,0.2660280069166273,0.2515296338700313,0.18607986185582434,TRAIN_LOG1P_ANCHOR_EXCESS_MARGIN_CE,afb00092c67a732501fee2b7ffe29c294662b13bb3e7bcf95c15099c63ebb665,0.014498373046596019,1.6415525626890034e-06,normalized94_abs_anchor_delta94_identity1,5ca38ebab9e2d191354ce7db934bf08f2b50c31bad2a7874ac97af410c8ebfc0,2c2b409e996a0b75785ec13a815781cad08d800b482edd19e77b4e9453d469cf
R0_ONLY,objective,165,0.2660280067539044,0.2515295460867693,0.18608035839770448,TRAIN_LOG1P_ANCHOR_EXCESS_MARGIN_CE,afb00092c67a732501fee2b7ffe29c294662b13bb3e7bcf95c15099c63ebb665,0.014498460667135107,2.2373485223676883e-06,normalized94_abs_anchor_delta94_identity1,5ca38ebab9e2d191354ce7db934bf08f2b50c31bad2a7874ac97af410c8ebfc0,ae28a0220a7bf6c3aa9169a493b0891a7998c726408f2c53be2ee5b9de5329a2
R0_ONLY,objective,166,0.2660280066786479,0.2515294443598246,0.18607992234703485,TRAIN_LOG1P_ANCHOR_EXCESS_MARGIN_CE,afb00092c67a732501fee2b7ffe29c294662b13bb3e7bcf95c15099c63ebb665,0.014498562318823321,1.4358594791203076e-06,normalized94_abs_anchor_delta94_identity1,5ca38ebab9e2d191354ce7db934bf08f2b50c31bad2a7874ac97af410c8ebfc0,801afe13a87a832799a08c62850b46fcd94891839f99f1dfbad49a485a65021a
R0_ONLY,objective,167,0.2660280066111824,0.2515292599328956,0.18607916617342818,TRAIN_LOG1P_ANCHOR_EXCESS_MARGIN_CE,afb00092c67a732501fee2b7ffe29c294662b13bb3e7bcf95c15099c63ebb665,0.014498746678286841,2.2680430195698995e-06,normalized94_abs_anchor_delta94_identity1,5ca38ebab9e2d191354ce7db934bf08f2b50c31bad2a7874ac97af410c8ebfc0,baab6d8ccf72ba6f9e955256c42768c1e21ffea197d3adaea3f67a98fa9e299c
R0_ONLY,objective,168,0.26602800656179426,0.25152916838700357,0.18607934206707252,TRAIN_LOG1P_ANCHOR_EXCESS_MARGIN_CE,afb00092c67a732501fee2b7ffe29c294662b13bb3e7bcf95c15099c63ebb665,0.014498838174790687,1.495043815945199e-06,normalized94_abs_anchor_delta94_identity1,5ca38ebab9e2d191354ce7db934bf08f2b50c31bad2a7874ac97af410c8ebfc0,33c6b220adcef8536d580a242f1c6191d143b9ec0fc6917c01f39a9913cf9efe
R0_ONLY,objective,169,0.26602800653777386,0.25152920347282204,0.186079422727782,TRAIN_LOG1P_ANCHOR_EXCESS_MARGIN_CE,afb00092c67a732501fee2b7ffe29c294662b13bb3e7bcf95c15099c63ebb665,0.014498803064951828,9.439613567461981e-07,normalized94_abs_anchor_delta94_identity1,5ca38ebab9e2d191354ce7db934bf08f2b50c31bad2a7874ac97af410c8ebfc0,30f4640bc62496821b14327f98e0401c56e25f3fbb11d0768f6e5a40ffad8da1
R0_ONLY,objective,170,0.26602800650578085,0.25152925047125474,0.18607956740635953,TRAIN_LOG1P_ANCHOR_EXCESS_MARGIN_CE,afb00092c67a732501fee2b7ffe29c294662b13bb3e7bcf95c15099c63ebb665,0.014498756034526123,7.861927059961154e-07,normalized94_abs_anchor_delta94_identity1,5ca38ebab9e2d191354ce7db934bf08f2b50c31bad2a7874ac97af410c8ebfc0,6e3c223b3861e61c0e4d31c91513cc8a4cca3132ba14624cb4b27be9a65f84f6
R0_ONLY,objective,171,0.2660280064746867,0.2515292844359601,0.1860786829987253,TRAIN_LOG1P_ANCHOR_EXCESS_MARGIN_CE,afb00092c67a732501fee2b7ffe29c294662b13bb3e7bcf95c15099c63ebb665,0.014498722038726602,3.081570988885085e-06,normalized94_abs_anchor_delta94_identity1,5ca38ebab9e2d191354ce7db934bf08f2b50c31bad2a7874ac97af410c8ebfc0,c7b4fda2ab336462fec76e4616494b53a7a2ab80daf219a2e3c406aa1fc812ce
R0_ONLY,objective,172,0.2660280064240326,0.25152930091189835,0.18607906297528876,TRAIN_LOG1P_ANCHOR_EXCESS_MARGIN_CE,afb00092c67a732501fee2b7ffe29c294662b13bb3e7bcf95c15099c63ebb665,0.014498705512134284,1.8605900189436407e-06,normalized94_abs_anchor_delta94_identity1,5ca38ebab9e2d191354ce7db934bf08f2b50c31bad2a7874ac97af410c8ebfc0,f66d68f3d745c524636b9a95dfcc714c714f5ed8b24f2c9787549baf3464a554
R0_ONLY,objective,173,0.26602800635339696,0.2515292953468467,0.18607916823076712,TRAIN_LOG1P_ANCHOR_EXCESS_MARGIN_CE,afb00092c67a732501fee2b7ffe29c294662b13bb3e7bcf95c15099c63ebb665,0.014498711006550247,1.1964832328478436e-06,normalized94_abs_anchor_delta94_identity1,5ca38ebab9e2d191354ce7db934bf08f2b50c31bad2a7874ac97af410c8ebfc0,314ffd26f8f9ff2b916719920ea11b4d582290a8e190bc1946af8d892ba18e09
R0_ONLY,objective,174,0.26602800631363854,0.25152927093199884,0.18607905373490885,TRAIN_LOG1P_ANCHOR_EXCESS_MARGIN_CE,afb00092c67a732501fee2b7ffe29c294662b13bb3e7bcf95c15099c63ebb665,0.014498735381639677,1.2073887977509504e-06,normalized94_abs_anchor_delta94_identity1,5ca38ebab9e2d191354ce7db934bf08f2b50c31bad2a7874ac97af410c8ebfc0,9fad335591c74d679556336f80a88fd90d85a081f07732471092ec6873bf7656
R0_ONLY,objective,175,0.2660280062430553,0.2515292699129704,0.18607879390096457,TRAIN_LOG1P_ANCHOR_EXCESS_MARGIN_CE,afb00092c67a732501fee2b7ffe29c294662b13bb3e7bcf95c15099c63ebb665,0.014498736330084859,9.98458939421512e-07,normalized94_abs_anchor_delta94_identity1,5ca38ebab9e2d191354ce7db934bf08f2b50c31bad2a7874ac97af410c8ebfc0,58ec35f3008c2afa1e4339c3813aad7b9991ab9c20b99b8ab552cee646c1db2d
R0_ONLY,objective,176,0.2660280063483724,0.25152923363700813,0.18608163659802615,TRAIN_LOG1P_ANCHOR_EXCESS_MARGIN_CE,afb00092c67a732501fee2b7ffe29c294662b13bb3e7bcf95c15099c63ebb665,0.014498772711364282,5.811032149550835e-06,normalized94_abs_anchor_delta94_identity1,5ca38ebab9e2d191354ce7db934bf08f2b50c31bad2a7874ac97af410c8ebfc0,28c3e9ff4709670d3cbc5c6c62d8ec10cc209b7c17803cff0e6ae0e028baad7a
R0_ONLY,objective,177,0.2660280062213406,0.25152925925234226,0.18607962540023384,TRAIN_LOG1P_ANCHOR_EXCESS_MARGIN_CE,afb00092c67a732501fee2b7ffe29c294662b13bb3e7bcf95c15099c63ebb665,0.014498746968998305,1.8453683060973367e-06,normalized94_abs_anchor_delta94_identity1,5ca38ebab9e2d191354ce7db934bf08f2b50c31bad2a7874ac97af410c8ebfc0,831e6b2a527ef8e07080455956cfa8eda696928b7e8ec5dc30250eb220e9d099
R0_ONLY,objective,178,0.2660280061820223,0.25152930355272385,0.1860790577605072,TRAIN_LOG1P_ANCHOR_EXCESS_MARGIN_CE,afb00092c67a732501fee2b7ffe29c294662b13bb3e7bcf95c15099c63ebb665,0.01449870262929846,4.928278630505126e-07,normalized94_abs_anchor_delta94_identity1,5ca38ebab9e2d191354ce7db934bf08f2b50c31bad2a7874ac97af410c8ebfc0,ef43ec1f022aae83b988a74bcd5274872f1a35cdd73b385f5caeda242200ea8a
R0_ONLY,objective,179,0.26602800617395156,0.251529320290291,0.18607905967780752,TRAIN_LOG1P_ANCHOR_EXCESS_MARGIN_CE,afb00092c67a732501fee2b7ffe29c294662b13bb3e7bcf95c15099c63ebb665,0.014498685883660547,4.5562599538803775e-07,normalized94_abs_anchor_delta94_identity1,5ca38ebab9e2d191354ce7db934bf08f2b50c31bad2a7874ac97af410c8ebfc0,15875d3ad5cdef8baa81aa01a3b58aa0cefc7a9cc745ea9e5b4399a30afe01a5
R0_ONLY,objective,180,0.2660280061720506,0.2515293391563857,0.18607873506919168,TRAIN_LOG1P_ANCHOR_EXCESS_MARGIN_CE,afb00092c67a732501fee2b7ffe29c294662b13bb3e7bcf95c15099c63ebb665,0.014498667015664905,3.0357146756670808e-06,normalized94_abs_anchor_delta94_identity1,5ca38ebab9e2d191354ce7db934bf08f2b50c31bad2a7874ac97af410c8ebfc0,10f0c130d65ecd532456dfed6748195039610fe0b39b5eeb214c947ac6cf127e
R0_ONLY,objective,181,0.2660280061637347,0.25152933019939067,0.1860788890269174,TRAIN_LOG1P_ANCHOR_EXCESS_MARGIN_CE,afb00092c67a732501fee2b7ffe29c294662b13bb3e7bcf95c15099c63ebb665,0.01449867596434403,1.667773870121446e-06,normalized94_abs_anchor_delta94_identity1,5ca38ebab9e2d191354ce7db934bf08f2b50c31bad2a7874ac97af410c8ebfc0,189224101187aa0e21c84853233dec7f55ccdd02fdc172c6dd78bacffa3c8dfd
R0_ONLY,objective,182,0.26602800614713984,0.25152935265786985,0.1860790558054258,TRAIN_LOG1P_ANCHOR_EXCESS_MARGIN_CE,afb00092c67a732501fee2b7ffe29c294662b13bb3e7bcf95c15099c63ebb665,0.01449865348926999,1.0501911784036867e-06,normalized94_abs_anchor_delta94_identity1,5ca38ebab9e2d191354ce7db934bf08f2b50c31bad2a7874ac97af410c8ebfc0,1df731d715c9e8c3b946e95a04a09fc5b1942d2a9c7bec02769c76a8cb11ffdb
R0_ONLY,objective,183,0.2660280061286086,0.2515293637553174,0.18607918040586693,TRAIN_LOG1P_ANCHOR_EXCESS_MARGIN_CE,afb00092c67a732501fee2b7ffe29c294662b13bb3e7bcf95c15099c63ebb665,0.014498642373291185,4.852151284706297e-07,normalized94_abs_anchor_delta94_identity1,5ca38ebab9e2d191354ce7db934bf08f2b50c31bad2a7874ac97af410c8ebfc0,4fb3bc17081451d870edb486d6c97693b9bea7ab6f03088b34f2c56ed857d5ce
R0_ONLY,objective,184,0.26602800611608146,0.25152935758742306,0.18607926391095123,TRAIN_LOG1P_ANCHOR_EXCESS_MARGIN_CE,afb00092c67a732501fee2b7ffe29c294662b13bb3e7bcf95c15099c63ebb665,0.014498648528658401,5.98919284372584e-07,normalized94_abs_anchor_delta94_identity1,5ca38ebab9e2d191354ce7db934bf08f2b50c31bad2a7874ac97af410c8ebfc0,fa8f4e0a56b2f606ad76da88b466d1134301fb439edf1998e6f0e08548d826b7
R0_ONLY,objective,185,0.26602800611134475,0.25152935468117393,0.1860789293892348,TRAIN_LOG1P_ANCHOR_EXCESS_MARGIN_CE,afb00092c67a732501fee2b7ffe29c294662b13bb3e7bcf95c15099c63ebb665,0.014498651430170841,6.286887976254834e-07,normalized94_abs_anchor_delta94_identity1,5ca38ebab9e2d191354ce7db934bf08f2b50c31bad2a7874ac97af410c8ebfc0,13129a0d970b308ec50bf5e1da6a8a24f263be96d14f6827ed509f5c3222f8c3
R0_ONLY,objective,186,0.2660280061063036,0.25152935193545245,0.18607911797395646,TRAIN_LOG1P_ANCHOR_EXCESS_MARGIN_CE,afb00092c67a732501fee2b7ffe29c294662b13bb3e7bcf95c15099c63ebb665,0.014498654170851158,5.254603837076412e-07,normalized94_abs_anchor_delta94_identity1,5ca38ebab9e2d191354ce7db934bf08f2b50c31bad2a7874ac97af410c8ebfc0,760c8bce5c8aeb6f3b143306b134e366d624b20c451574edbbec212d57cabff4
R0_ONLY,objective,187,0.2660280061018596,0.2515293562595677,0.18607912596700385,TRAIN_LOG1P_ANCHOR_EXCESS_MARGIN_CE,afb00092c67a732501fee2b7ffe29c294662b13bb3e7bcf95c15099c63ebb665,0.014498649842291926,4.2983713946598156e-07,normalized94_abs_anchor_delta94_identity1,5ca38ebab9e2d191354ce7db934bf08f2b50c31bad2a7874ac97af410c8ebfc0,11ce62eea702d64b7ed83b009f0d9d60c9c7b62eb7ae7c7cb9ec1bf7a1e51f3b
R0_ONLY,objective,188,0.26602800608475324,0.2515293888340177,0.18607922093315607,TRAIN_LOG1P_ANCHOR_EXCESS_MARGIN_CE,afb00092c67a732501fee2b7ffe29c294662b13bb3e7bcf95c15099c63ebb665,0.014498617250735533,2.597948166446919e-07,normalized94_abs_anchor_delta94_identity1,5ca38ebab9e2d191354ce7db934bf08f2b50c31bad2a7874ac97af410c8ebfc0,2d16d8c545ddb056132cd92140f2f8a263e9a50f348474532a7b894135807d44
R0_ONLY,objective,189,0.2660280060765191,0.2515294032866553,0.18607930416540897,TRAIN_LOG1P_ANCHOR_EXCESS_MARGIN_CE,afb00092c67a732501fee2b7ffe29c294662b13bb3e7bcf95c15099c63ebb665,0.014498602789863825,3.048728141023637e-07,normalized94_abs_anchor_delta94_identity1,5ca38ebab9e2d191354ce7db934bf08f2b50c31bad2a7874ac97af410c8ebfc0,c02307f8afe2855bcf95c845d1bd63e7ca7d85f8ca321aacbbf0905e91a96590
R0_ONLY,objective,190,0.2660280061442768,0.25152942163852776,0.18607824367093725,TRAIN_LOG1P_ANCHOR_EXCESS_MARGIN_CE,afb00092c67a732501fee2b7ffe29c294662b13bb3e7bcf95c15099c63ebb665,0.014498584505749035,4.144202561302487e-06,normalized94_abs_anchor_delta94_identity1,5ca38ebab9e2d191354ce7db934bf08f2b50c31bad2a7874ac97af410c8ebfc0,7e46b1247b1c2726ba2977868a4a7f8a78fd8fc1bfe833d2d0fe9d9394adec40
R0_ONLY,objective,191,0.26602800607396127,0.2515294062131971,0.1860791342969469,TRAIN_LOG1P_ANCHOR_EXCESS_MARGIN_CE,afb00092c67a732501fee2b7ffe29c294662b13bb3e7bcf95c15099c63ebb665,0.014498599860764188,6.376591588848351e-07,normalized94_abs_anchor_delta94_identity1,5ca38ebab9e2d191354ce7db934bf08f2b50c31bad2a7874ac97af410c8ebfc0,972bbcba1e683e3e8dc84ee2fcc5291af9377cf50b634623a34304de77584a88
R0_ONLY,objective,192,0.2660280060656632,0.25152941732873785,0.18607939137074306,TRAIN_LOG1P_ANCHOR_EXCESS_MARGIN_CE,afb00092c67a732501fee2b7ffe29c294662b13bb3e7bcf95c15099c63ebb665,0.014498588736925319,3.1043298625738836e-07,normalized94_abs_anchor_delta94_identity1,5ca38ebab9e2d191354ce7db934bf08f2b50c31bad2a7874ac97af410c8ebfc0,063be9fb38be06f5016f1ee3ef7604a0a1c5d5fbd27b6924bb73f31c4dab4aa4
R0_ONLY,objective,193,0.2660280060611548,0.25152941542580853,0.18607940549827157,TRAIN_LOG1P_ANCHOR_EXCESS_MARGIN_CE,afb00092c67a732501fee2b7ffe29c294662b13bb3e7bcf95c15099c63ebb665,0.01449859063534628,2.1211776466537735e-07,normalized94_abs_anchor_delta94_identity1,5ca38ebab9e2d191354ce7db934bf08f2b50c31bad2a7874ac97af410c8ebfc0,50ac54051de1bef2fe665e08cd1b61b73f8a6a00cefaeb2b27afed03e01a7098
R0_ONLY,objective,194,0.2660280060548664,0.25152940809790203,0.18607934477820112,TRAIN_LOG1P_ANCHOR_EXCESS_MARGIN_CE,afb00092c67a732501fee2b7ffe29c294662b13bb3e7bcf95c15099c63ebb665,0.014498597956964359,4.6426680309612957e-07,normalized94_abs_anchor_delta94_identity1,5ca38ebab9e2d191354ce7db934bf08f2b50c31bad2a7874ac97af410c8ebfc0,d6de3416a44d044c80844b26c2f8f40dd4f210da22052a8d67b026a3f575c0cc
R0_ONLY,objective,195,0.26602800607121746,0.2515293975550128,0.18607971597774295,TRAIN_LOG1P_ANCHOR_EXCESS_MARGIN_CE,afb00092c67a732501fee2b7ffe29c294662b13bb3e7bcf95c15099c63ebb665,0.01449860851620464,2.8150597850003825e-06,normalized94_abs_anchor_delta94_identity1,5ca38ebab9e2d191354ce7db934bf08f2b50c31bad2a7874ac97af410c8ebfc0,fa3a580d8fe3193b6b048048fc43d9b6c406076649eb3f505f8219b01514c179
R0_ONLY,objective,196,0.26602800605300503,0.25152940553830117,0.18607943469736066,TRAIN_LOG1P_ANCHOR_EXCESS_MARGIN_CE,afb00092c67a732501fee2b7ffe29c294662b13bb3e7bcf95c15099c63ebb665,0.014498600514703891,4.7586271807897337e-07,normalized94_abs_anchor_delta94_identity1,5ca38ebab9e2d191354ce7db934bf08f2b50c31bad2a7874ac97af410c8ebfc0,b269b73b55eb3754035e8909715923f87514c2c21b9be764c44d305f19e5a256
R0_ONLY,objective,197,0.2660280060514814,0.2515294035339915,0.18607932639770436,TRAIN_LOG1P_ANCHOR_EXCESS_MARGIN_CE,afb00092c67a732501fee2b7ffe29c294662b13bb3e7bcf95c15099c63ebb665,0.014498602517489932,3.246953875429783e-07,normalized94_abs_anchor_delta94_identity1,5ca38ebab9e2d191354ce7db934bf08f2b50c31bad2a7874ac97af410c8ebfc0,c085593c436db2c362fefe8dfc512fde83c10cd0260ba76d902b0283d933bb94
R0_ONLY,objective,198,0.2660280060491459,0.25152940128587076,0.18607912259788725,TRAIN_LOG1P_ANCHOR_EXCESS_MARGIN_CE,afb00092c67a732501fee2b7ffe29c294662b13bb3e7bcf95c15099c63ebb665,0.014498604763275108,2.247745001367169e-07,normalized94_abs_anchor_delta94_identity1,5ca38ebab9e2d191354ce7db934bf08f2b50c31bad2a7874ac97af410c8ebfc0,69370ddfef7dd161631bb93472b975c2f47226b66848edc9216bc7249951257f
R0_ONLY,objective,199,0.26602800604742494,0.25152939896801163,0.18607909641856038,TRAIN_LOG1P_ANCHOR_EXCESS_MARGIN_CE,afb00092c67a732501fee2b7ffe29c294662b13bb3e7bcf95c15099c63ebb665,0.014498607079413294,2.387640522038252e-07,normalized94_abs_anchor_delta94_identity1,5ca38ebab9e2d191354ce7db934bf08f2b50c31bad2a7874ac97af410c8ebfc0,94e7277ec6f251db9f4b14f4204617ae0da2cca2742b595454d3dc8901a081ae
R0_ONLY,objective,200,0.26602800619441636,0.25152935488711275,0.1860766132846995,TRAIN_LOG1P_ANCHOR_EXCESS_MARGIN_CE,afb00092c67a732501fee2b7ffe29c294662b13bb3e7bcf95c15099c63ebb665,0.014498651307303621,6.8524805455344575e-06,normalized94_abs_anchor_delta94_identity1,5ca38ebab9e2d191354ce7db934bf08f2b50c31bad2a7874ac97af410c8ebfc0,d173cfa47823ce1329876bb67c18004fef05f23796430966c0df07bc9c09e3a1
R0_ONLY,objective,201,0.26602800604642485,0.2515293956081801,0.18607890780003103,TRAIN_LOG1P_ANCHOR_EXCESS_MARGIN_CE,afb00092c67a732501fee2b7ffe29c294662b13bb3e7bcf95c15099c63ebb665,0.014498610438244743,6.421324863938997e-07,normalized94_abs_anchor_delta94_identity1,5ca38ebab9e2d191354ce7db934bf08f2b50c31bad2a7874ac97af410c8ebfc0,c0ea40bb2660acf6e8b6ed2c5cc51461034570042e28d876bc932e09422bd73f
R0_ONLY,objective,202,0.2660280060425758,0.25152938806635006,0.1860789920079483,TRAIN_LOG1P_ANCHOR_EXCESS_MARGIN_CE,afb00092c67a732501fee2b7ffe29c294662b13bb3e7bcf95c15099c63ebb665,0.014498617976225786,5.11123133682776e-07,normalized94_abs_anchor_delta94_identity1,5ca38ebab9e2d191354ce7db934bf08f2b50c31bad2a7874ac97af410c8ebfc0,6c6966cea586d78fb125e05653a4b33d648458d662927791f950f414de7613d7
R0_ONLY,objective,203,0.26602800603620946,0.2515293659652609,0.1860791054265143,TRAIN_LOG1P_ANCHOR_EXCESS_MARGIN_CE,afb00092c67a732501fee2b7ffe29c294662b13bb3e7bcf95c15099c63ebb665,0.014498640070948613,3.219279558017025e-07,normalized94_abs_anchor_delta94_identity1,5ca38ebab9e2d191354ce7db934bf08f2b50c31bad2a7874ac97af410c8ebfc0,93786b54d675934c3d0b5c6ef64a6c893bdc002688769ff4b110f4a97bb332de
R0_ONLY,objective,204,0.26602800603284554,0.2515293375504217,0.18607948965736135,TRAIN_LOG1P_ANCHOR_EXCESS_MARGIN_CE,afb00092c67a732501fee2b7ffe29c294662b13bb3e7bcf95c15099c63ebb665,0.014498668482423833,5.183472275836382e-07,normalized94_abs_anchor_delta94_identity1,5ca38ebab9e2d191354ce7db934bf08f2b50c31bad2a7874ac97af410c8ebfc0,ca2ec10084af0f055ad1e8c5d65f25aef47a74eac0eed9cfd7b77b558aa7b6a6
R0_ONLY,objective,205,0.2660280060307344,0.2515293288265468,0.18607932837895705,TRAIN_LOG1P_ANCHOR_EXCESS_MARGIN_CE,afb00092c67a732501fee2b7ffe29c294662b13bb3e7bcf95c15099c63ebb665,0.014498677204187573,2.816366210740821e-07,normalized94_abs_anchor_delta94_identity1,5ca38ebab9e2d191354ce7db934bf08f2b50c31bad2a7874ac97af410c8ebfc0,139b5fdc6711a1a9ccd0140eec663061d7a04b1e4f653bd7833d6dc30e4b2929
R0_ONLY,objective,206,0.266028006029838,0.251529332016399,0.18607932862506918,TRAIN_LOG1P_ANCHOR_EXCESS_MARGIN_CE,afb00092c67a732501fee2b7ffe29c294662b13bb3e7bcf95c15099c63ebb665,0.014498674013439041,1.6931570515704837e-07,normalized94_abs_anchor_delta94_identity1,5ca38ebab9e2d191354ce7db934bf08f2b50c31bad2a7874ac97af410c8ebfc0,6a88ce97ae7fefa8d8a1fb41aa879bfa3b6952819a037808663bdaa9720500da
R0_ONLY,objective,207,0.26602800602861654,0.25152933146120726,0.186079327716145,TRAIN_LOG1P_ANCHOR_EXCESS_MARGIN_CE,afb00092c67a732501fee2b7ffe29c294662b13bb3e7bcf95c15099c63ebb665,0.014498674567409282,1.231701809477575e-07,normalized94_abs_anchor_delta94_identity1,5ca38ebab9e2d191354ce7db934bf08f2b50c31bad2a7874ac97af410c8ebfc0,4451ce23ef56303eb01a3ac6bd0fe86bdb2be4924f11ef878c5e7bbc6d35a024
R0_ONLY,objective,208,0.26602800602721566,0.25152932733585287,0.18607929958294447,TRAIN_LOG1P_ANCHOR_EXCESS_MARGIN_CE,afb00092c67a732501fee2b7ffe29c294662b13bb3e7bcf95c15099c63ebb665,0.014498678691362765,2.409856292251438e-07,normalized94_abs_anchor_delta94_identity1,5ca38ebab9e2d191354ce7db934bf08f2b50c31bad2a7874ac97af410c8ebfc0,ae7bff1c2701ad910023af3ab90f11b47f405616dffe8658a1ad452ce7622bf0
R0_ONLY,objective,209,0.26602800602884347,0.25152931431760445,0.18607942819390488,TRAIN_LOG1P_ANCHOR_EXCESS_MARGIN_CE,afb00092c67a732501fee2b7ffe29c294662b13bb3e7bcf95c15099c63ebb665,0.014498691711239034,9.377732276441574e-07,normalized94_abs_anchor_delta94_identity1,5ca38ebab9e2d191354ce7db934bf08f2b50c31bad2a7874ac97af410c8ebfc0,7070b20a51b79ebc3f8c0a82eff492cced249cec5232f993948bb54d55730db4
R0_ONLY,objective,210,0.2660280060267695,0.2515293232102663,0.18607934033176543,TRAIN_LOG1P_ANCHOR_EXCESS_MARGIN_CE,afb00092c67a732501fee2b7ffe29c294662b13bb3e7bcf95c15099c63ebb665,0.014498682816503215,2.187870286534616e-07,normalized94_abs_anchor_delta94_identity1,5ca38ebab9e2d191354ce7db934bf08f2b50c31bad2a7874ac97af410c8ebfc0,cccd9fbd4011027fd97b117c45236b78c7eab6f662e04b43ee9be70fd277cbc4
R0_ONLY,objective,211,0.2660280060262279,0.2515293189393799,0.18607930690592378,TRAIN_LOG1P_ANCHOR_EXCESS_MARGIN_CE,afb00092c67a732501fee2b7ffe29c294662b13bb3e7bcf95c15099c63ebb665,0.014498687086847995,1.1274338343672201e-07,normalized94_abs_anchor_delta94_identity1,5ca38ebab9e2d191354ce7db934bf08f2b50c31bad2a7874ac97af410c8ebfc0,0d2ae20540ccf19e508d3db7ca48bbf42068e5d81754f2ede5522395265eddf0
R0_ONLY,objective,212,0.26602800602592996,0.25152931602694717,0.18607929783758412,TRAIN_LOG1P_ANCHOR_EXCESS_MARGIN_CE,afb00092c67a732501fee2b7ffe29c294662b13bb3e7bcf95c15099c63ebb665,0.01449868999898278,9.421339479302202e-08,normalized94_abs_anchor_delta94_identity1,5ca38ebab9e2d191354ce7db934bf08f2b50c31bad2a7874ac97af410c8ebfc0,eb25d132808448b51c56c3f2305ce17c4bb98d03c0f7ee8915bde2d43a134e7b
R0_ONLY,objective,213,0.26602800602541277,0.2515293113137439,0.18607930306690415,TRAIN_LOG1P_ANCHOR_EXCESS_MARGIN_CE,afb00092c67a732501fee2b7ffe29c294662b13bb3e7bcf95c15099c63ebb665,0.014498694711668876,1.0656085518336557e-07,normalized94_abs_anchor_delta94_identity1,5ca38ebab9e2d191354ce7db934bf08f2b50c31bad2a7874ac97af410c8ebfc0,a2946d9cc6118e873edf4bf5dc3483cb46ce1ac35847dcba198fd3e39e4ddf47
R0_ONLY,objective,214,0.26602800602503185,0.25152929532893703,0.1860791320046838,TRAIN_LOG1P_ANCHOR_EXCESS_MARGIN_CE,afb00092c67a732501fee2b7ffe29c294662b13bb3e7bcf95c15099c63ebb665,0.014498710696094822,4.895073790377407e-07,normalized94_abs_anchor_delta94_identity1,5ca38ebab9e2d191354ce7db934bf08f2b50c31bad2a7874ac97af410c8ebfc0,37af75af5f1e22f08e6f2e2ec26efecf28f5cde91a0475a0344a7368ac5725da
R0_ONLY,objective,215,0.266028006024138,0.2515292950373875,0.18607927860653975,TRAIN_LOG1P_ANCHOR_EXCESS_MARGIN_CE,afb00092c67a732501fee2b7ffe29c294662b13bb3e7bcf95c15099c63ebb665,0.014498710986750494,1.4245080859911747e-07,normalized94_abs_anchor_delta94_identity1,5ca38ebab9e2d191354ce7db934bf08f2b50c31bad2a7874ac97af410c8ebfc0,4d17ef1e4f4d07b72bdeac1d685feb21d611c57ee7a008845e011a73797d30c6
R0_ONLY,objective,216,0.26602800602376875,0.25152929451097933,0.18607931281177267,TRAIN_LOG1P_ANCHOR_EXCESS_MARGIN_CE,afb00092c67a732501fee2b7ffe29c294662b13bb3e7bcf95c15099c63ebb665,0.014498711512789447,7.722096250999447e-08,normalized94_abs_anchor_delta94_identity1,5ca38ebab9e2d191354ce7db934bf08f2b50c31bad2a7874ac97af410c8ebfc0,727497151358abd4a7401b4a08a5a5bcaf5a14a79bbb0d2fc58b834353695f1b
R0_ONLY,objective,217,0.2660280060235222,0.251529291947314,0.18607929801384657,TRAIN_LOG1P_ANCHOR_EXCESS_MARGIN_CE,afb00092c67a732501fee2b7ffe29c294662b13bb3e7bcf95c15099c63ebb665,0.014498714076208223,7.732144122959316e-08,normalized94_abs_anchor_delta94_identity1,5ca38ebab9e2d191354ce7db934bf08f2b50c31bad2a7874ac97af410c8ebfc0,396a0a5877557444d766194073a5fd2d3aee7d87ba03080e8e1c82d4ebc77ea6
R0_ONLY,objective,218,0.2660280060231208,0.251529285223784,0.18607927252699852,TRAIN_LOG1P_ANCHOR_EXCESS_MARGIN_CE,afb00092c67a732501fee2b7ffe29c294662b13bb3e7bcf95c15099c63ebb665,0.014498720799336843,6.31994104465771e-08,normalized94_abs_anchor_delta94_identity1,5ca38ebab9e2d191354ce7db934bf08f2b50c31bad2a7874ac97af410c8ebfc0,b3fbd9eef5708a00ae7a62c87b8cf0c92c4a7ad672157af088bf30b08a0c7ef4
R0_ONLY,objective,219,0.26602800602274373,0.25152927052078394,0.18607921922892107,TRAIN_LOG1P_ANCHOR_EXCESS_MARGIN_CE,afb00092c67a732501fee2b7ffe29c294662b13bb3e7bcf95c15099c63ebb665,0.014498735501959766,2.1411322809222758e-07,normalized94_abs_anchor_delta94_identity1,5ca38ebab9e2d191354ce7db934bf08f2b50c31bad2a7874ac97af410c8ebfc0,ed4467866a04d0212c1b6d73d581982375bff39b5591cd18aa802743d2627130
R0_ONLY,objective,220,0.2660280060225916,0.2515292741052439,0.18607913859994363,TRAIN_LOG1P_ANCHOR_EXCESS_MARGIN_CE,afb00092c67a732501fee2b7ffe29c294662b13bb3e7bcf95c15099c63ebb665,0.014498731917347709,1.9447061411467706e-07,normalized94_abs_anchor_delta94_identity1,5ca38ebab9e2d191354ce7db934bf08f2b50c31bad2a7874ac97af410c8ebfc0,4e575834df4874499ad75a81518b15c8f1b0da285d6c4b726da9bb0824401e30
R0_ONLY,objective,221,0.26602800602232907,0.25152927294878763,0.18607920037705086,TRAIN_LOG1P_ANCHOR_EXCESS_MARGIN_CE,afb00092c67a732501fee2b7ffe29c294662b13bb3e7bcf95c15099c63ebb665,0.01449873307354146,6.944117599768728e-08,normalized94_abs_anchor_delta94_identity1,5ca38ebab9e2d191354ce7db934bf08f2b50c31bad2a7874ac97af410c8ebfc0,05405c13a5a7dc0f711e7a2a99c9b5213aeeae34a32a5f4c1a741cca9162e656
R0_ONLY,objective,222,0.2660280060222268,0.25152927226917215,0.18607921875910619,TRAIN_LOG1P_ANCHOR_EXCESS_MARGIN_CE,afb00092c67a732501fee2b7ffe29c294662b13bb3e7bcf95c15099c63ebb665,0.014498733753054683,5.406425387922492e-08,normalized94_abs_anchor_delta94_identity1,5ca38ebab9e2d191354ce7db934bf08f2b50c31bad2a7874ac97af410c8ebfc0,02dcad4ad30962e30954080637379244ee68055356152493c61dd8c7620825dd
R0_ONLY,objective,223,0.26602800602201654,0.2515292656956909,0.1860792928874266,TRAIN_LOG1P_ANCHOR_EXCESS_MARGIN_CE,afb00092c67a732501fee2b7ffe29c294662b13bb3e7bcf95c15099c63ebb665,0.01449874032632562,1.379416767992951e-07,normalized94_abs_anchor_delta94_identity1,5ca38ebab9e2d191354ce7db934bf08f2b50c31bad2a7874ac97af410c8ebfc0,773e0725ba7927047a45a40c40cc2cfec99aa283dac34d512b2a8466f55406db
R0_ONLY,objective,224,0.2660280060219483,0.25152926677092546,0.18607926789003232,TRAIN_LOG1P_ANCHOR_EXCESS_MARGIN_CE,afb00092c67a732501fee2b7ffe29c294662b13bb3e7bcf95c15099c63ebb665,0.014498739251022838,1.922389970734243e-07,normalized94_abs_anchor_delta94_identity1,5ca38ebab9e2d191354ce7db934bf08f2b50c31bad2a7874ac97af410c8ebfc0,f1998bec9082b39ee6eb783d275d7b9cc9d574de7fd8e31a6c77dc7993d5e525
R0_ONLY,objective,225,0.2660280060218263,0.2515292658678906,0.1860792641694854,TRAIN_LOG1P_ANCHOR_EXCESS_MARGIN_CE,afb00092c67a732501fee2b7ffe29c294662b13bb3e7bcf95c15099c63ebb665,0.01449874015393568,9.028059024720295e-08,normalized94_abs_anchor_delta94_identity1,5ca38ebab9e2d191354ce7db934bf08f2b50c31bad2a7874ac97af410c8ebfc0,044a97a298ac676eff74ed6aeb0a5676183bbb6eea58e838de4484a48472fddb
R0_ONLY,objective,226,0.26602800602175175,0.25152926418306015,0.1860792466189006,TRAIN_LOG1P_ANCHOR_EXCESS_MARGIN_CE,afb00092c67a732501fee2b7ffe29c294662b13bb3e7bcf95c15099c63ebb665,0.01449874183869159,5.73310138633175e-08,normalized94_abs_anchor_delta94_identity1,5ca38ebab9e2d191354ce7db934bf08f2b50c31bad2a7874ac97af410c8ebfc0,dfa57b85c3e6c09d9623de9d0fbba4d3194c9c96796fd562ed4da9f3e8dd285d
R0_ONLY,objective,227,0.2660280060216591,0.25152926106006807,0.18607922097552798,TRAIN_LOG1P_ANCHOR_EXCESS_MARGIN_CE,afb00092c67a732501fee2b7ffe29c294662b13bb3e7bcf95c15099c63ebb665,0.01449874496159101,7.095915823120499e-08,normalized94_abs_anchor_delta94_identity1,5ca38ebab9e2d191354ce7db934bf08f2b50c31bad2a7874ac97af410c8ebfc0,bfeff6e4996f10273354b4f5a39d0f1d35fa58941f85eb855fccba28aa08975d
R0_ONLY,objective,228,0.26602800602156695,0.2515292573781685,0.18607919802665132,TRAIN_LOG1P_ANCHOR_EXCESS_MARGIN_CE,afb00092c67a732501fee2b7ffe29c294662b13bb3e7bcf95c15099c63ebb665,0.014498748643398455,6.743127350758898e-08,normalized94_abs_anchor_delta94_identity1,5ca38ebab9e2d191354ce7db934bf08f2b50c31bad2a7874ac97af410c8ebfc0,d4af6b61669759931f371dca9c8c7d3af41f14e2468d3c2d24417c141211bc1d
R0_ONLY,objective,229,0.2660280060214979,0.2515292559444646,0.1860792387469798,TRAIN_LOG1P_ANCHOR_EXCESS_MARGIN_CE,afb00092c67a732501fee2b7ffe29c294662b13bb3e7bcf95c15099c63ebb665,0.014498750077033246,1.7782281399071192e-07,normalized94_abs_anchor_delta94_identity1,5ca38ebab9e2d191354ce7db934bf08f2b50c31bad2a7874ac97af410c8ebfc0,90e6b38b8318a764be642d9678a4e96bebce24b307e6ca0803b6359f661f3552
R0_ONLY,objective,230,0.26602800602139554,0.2515292521200366,0.186079189663109,TRAIN_LOG1P_ANCHOR_EXCESS_MARGIN_CE,afb00092c67a732501fee2b7ffe29c294662b13bb3e7bcf95c15099c63ebb665,0.014498753901358937,3.677800611587462e-08,normalized94_abs_anchor_delta94_identity1,5ca38ebab9e2d191354ce7db934bf08f2b50c31bad2a7874ac97af410c8ebfc0,a5c85b0896eac51b6e74f1bafd1a635816757104c353500bba0d8098099bd581
R0_ONLY,objective,231,0.26602800602135873,0.2515292529045306,0.18607919161922098,TRAIN_LOG1P_ANCHOR_EXCESS_MARGIN_CE,afb00092c67a732501fee2b7ffe29c294662b13bb3e7bcf95c15099c63ebb665,0.01449875311682814,4.57465409101965e-08,normalized94_abs_anchor_delta94_identity1,5ca38ebab9e2d191354ce7db934bf08f2b50c31bad2a7874ac97af410c8ebfc0,592c79c75a97598836507618a301387100abc46a32dea0314e4886bed9dc3e8f
R0_ONLY,objective,232,0.26602800602130255,0.2515292536909891,0.18607919656584268,TRAIN_LOG1P_ANCHOR_EXCESS_MARGIN_CE,afb00092c67a732501fee2b7ffe29c294662b13bb3e7bcf95c15099c63ebb665,0.014498752330313443,6.00496214722537e-08,normalized94_abs_anchor_delta94_identity1,5ca38ebab9e2d191354ce7db934bf08f2b50c31bad2a7874ac97af410c8ebfc0,7bdc112a20762294114682266155fde2434504407eb5f561b17b4c1d988e83fa
R0_ONLY,objective,233,0.266028006021241,0.25152925438654616,0.1860791910023846,TRAIN_LOG1P_ANCHOR_EXCESS_MARGIN_CE,afb00092c67a732501fee2b7ffe29c294662b13bb3e7bcf95c15099c63ebb665,0.014498751634694816,8.993761589204592e-08,normalized94_abs_anchor_delta94_identity1,5ca38ebab9e2d191354ce7db934bf08f2b50c31bad2a7874ac97af410c8ebfc0,c6007c5994e5330d8b3a8da8ebf27a624a639eb19d32a303200e94836c5f756a
R0_ONLY,objective,234,0.2660280060211834,0.25152925206267096,0.18607920672409733,TRAIN_LOG1P_ANCHOR_EXCESS_MARGIN_CE,afb00092c67a732501fee2b7ffe29c294662b13bb3e7bcf95c15099c63ebb665,0.014498753958512472,5.5877758582608877e-08,normalized94_abs_anchor_delta94_identity1,5ca38ebab9e2d191354ce7db934bf08f2b50c31bad2a7874ac97af410c8ebfc0,33f7dcff4e4c97229c00f73517b455b6fbc7ae0715eb431563b3044e6fa9a8a8
R0_ONLY,objective,235,0.26602800602114696,0.25152925180495384,0.18607920466431865,TRAIN_LOG1P_ANCHOR_EXCESS_MARGIN_CE,afb00092c67a732501fee2b7ffe29c294662b13bb3e7bcf95c15099c63ebb665,0.014498754216193146,3.363104073983703e-08,normalized94_abs_anchor_delta94_identity1,5ca38ebab9e2d191354ce7db934bf08f2b50c31bad2a7874ac97af410c8ebfc0,344196b55baad91ea1d57adf2a5a6c97be7d61a2944f2f78ab8e792c9ecdfeb7
UNION_s1,objective,1,4.858769653039538,4.858769653039538,1.3857607605189974,TRAIN_LOG1P_ANCHOR_EXCESS_MARGIN_CE,5c2de947a760409b6a53c35062aaf9719b830e9884c7ab89fd2d4c816ab2a06e,0.0,8.969047049110184,normalized94_abs_anchor_delta94_identity1,5ca38ebab9e2d191354ce7db934bf08f2b50c31bad2a7874ac97af410c8ebfc0,db725b42e2cd89e9cb7e9380e022e26d86f343e11195db88002ac0fe269834f1
UNION_s1,objective,2,1.4540604319824315,1.4540104319824314,0.7715249295049755,TRAIN_LOG1P_ANCHOR_EXCESS_MARGIN_CE,5c2de947a760409b6a53c35062aaf9719b830e9884c7ab89fd2d4c816ab2a06e,5e-05,0.6304572698058972,normalized94_abs_anchor_delta94_identity1,5ca38ebab9e2d191354ce7db934bf08f2b50c31bad2a7874ac97af410c8ebfc0,25592c2d2dc22c1ab61a2dab2c32165e05b8bd6f8bfb2a4af3a095d0fdf83d75
UNION_s1,objective,3,1.4098017740050675,1.4097448302563511,0.7828019424339148,TRAIN_LOG1P_ANCHOR_EXCESS_MARGIN_CE,5c2de947a760409b6a53c35062aaf9719b830e9884c7ab89fd2d4c816ab2a06e,5.694374871626213e-05,0.5177550644892545,normalized94_abs_anchor_delta94_identity1,5ca38ebab9e2d191354ce7db934bf08f2b50c31bad2a7874ac97af410c8ebfc0,ed82b6a7f4014aea2ffa52cc5fb8ef82e0ca80506e0e188634c51d0f3d71dab6
UNION_s1,objective,4,1.2853054728763853,1.2852097507875504,0.8505640646743697,TRAIN_LOG1P_ANCHOR_EXCESS_MARGIN_CE,5c2de947a760409b6a53c35062aaf9719b830e9884c7ab89fd2d4c816ab2a06e,9.572208883481341e-05,0.1827073180314016,normalized94_abs_anchor_delta94_identity1,5ca38ebab9e2d191354ce7db934bf08f2b50c31bad2a7874ac97af410c8ebfc0,42edf773bd494491e098b011676078aeb8fa12c37be291d04a311ccc9213a1be
UNION_s1,objective,5,1.2519690651518107,1.2518470637317596,0.8883869227967952,TRAIN_LOG1P_ANCHOR_EXCESS_MARGIN_CE,5c2de947a760409b6a53c35062aaf9719b830e9884c7ab89fd2d4c816ab2a06e,0.00012200142005106008,0.10776004663341186,normalized94_abs_anchor_delta94_identity1,5ca38ebab9e2d191354ce7db934bf08f2b50c31bad2a7874ac97af410c8ebfc0,49f30f321c4d125276d184fd1fb723b8193ef5d7ee4e416421cfb1094ff43af2
UNION_s1,objective,6,1.2233604464617316,1.2232029437712484,0.9122916403936747,TRAIN_LOG1P_ANCHOR_EXCESS_MARGIN_CE,5c2de947a760409b6a53c35062aaf9719b830e9884c7ab89fd2d4c816ab2a06e,0.0001575026904833131,0.10209249928877577,normalized94_abs_anchor_delta94_identity1,5ca38ebab9e2d191354ce7db934bf08f2b50c31bad2a7874ac97af410c8ebfc0,497c11b843dd652e0e0557f73d351942450c3ec505f4b47a0b555b9e0a87356c
UNION_s1,objective,7,1.1844455354292234,1.1842091134464994,0.9091402735120615,TRAIN_LOG1P_ANCHOR_EXCESS_MARGIN_CE,5c2de947a760409b6a53c35062aaf9719b830e9884c7ab89fd2d4c816ab2a06e,0.0002364219827239225,0.10220321647477405,normalized94_abs_anchor_delta94_identity1,5ca38ebab9e2d191354ce7db934bf08f2b50c31bad2a7874ac97af410c8ebfc0,43f1b5171be3f7f8a6c2e466ab92a8d3d23f23d8421fe75b6f61f35c5b7ef3c1
UNION_s1,objective,8,1.1436355787119525,1.1431848470149628,0.863370337299109,TRAIN_LOG1P_ANCHOR_EXCESS_MARGIN_CE,5c2de947a760409b6a53c35062aaf9719b830e9884c7ab89fd2d4c816ab2a06e,0.00045073169698974224,0.04674578264105277,normalized94_abs_anchor_delta94_identity1,5ca38ebab9e2d191354ce7db934bf08f2b50c31bad2a7874ac97af410c8ebfc0,b3de609289b3dd456cb89d841421dc0ecfc17137907a216aa7677ca348dc65cc
UNION_s1,objective,9,1.133314259387676,1.1327885242497562,0.86116723005484,TRAIN_LOG1P_ANCHOR_EXCESS_MARGIN_CE,5c2de947a760409b6a53c35062aaf9719b830e9884c7ab89fd2d4c816ab2a06e,0.0005257351379197232,0.04202286594111912,normalized94_abs_anchor_delta94_identity1,5ca38ebab9e2d191354ce7db934bf08f2b50c31bad2a7874ac97af410c8ebfc0,1e6d3fcc6e8a762e7bdde848238ac6bbaa2dfd4816b6691a31ab19e2c27a8ee8
UNION_s1,objective,10,1.1049323363771972,1.1040335817709628,0.8457614336424636,TRAIN_LOG1P_ANCHOR_EXCESS_MARGIN_CE,5c2de947a760409b6a53c35062aaf9719b830e9884c7ab89fd2d4c816ab2a06e,0.0008987546062343621,0.02740865785125411,normalized94_abs_anchor_delta94_identity1,5ca38ebab9e2d191354ce7db934bf08f2b50c31bad2a7874ac97af410c8ebfc0,d6620401c328e597cc51cc5506e34b557c97011f6cc7afe449d319ea99c06eb6
UNION_s1,objective,11,1.0979299311222066,1.0967714254941037,0.8369840719925756,TRAIN_LOG1P_ANCHOR_EXCESS_MARGIN_CE,5c2de947a760409b6a53c35062aaf9719b830e9884c7ab89fd2d4c816ab2a06e,0.0011585056281029416,0.05388711324537015,normalized94_abs_anchor_delta94_identity1,5ca38ebab9e2d191354ce7db934bf08f2b50c31bad2a7874ac97af410c8ebfc0,06d578b8f1284f89bd967fc76fe0d851aa0e41a7dec95ad26ee6d252ace061cb
UNION_s1,objective,12,1.0920524456765817,1.090927190258924,0.8359711365075703,TRAIN_LOG1P_ANCHOR_EXCESS_MARGIN_CE,5c2de947a760409b6a53c35062aaf9719b830e9884c7ab89fd2d4c816ab2a06e,0.0011252554176578134,0.04090340237689483,normalized94_abs_anchor_delta94_identity1,5ca38ebab9e2d191354ce7db934bf08f2b50c31bad2a7874ac97af410c8ebfc0,a0d936f055c947b92dc5efa7bdfa607248ef5f0bb4f9e81e8acbaf03be235054
UNION_s1,objective,13,1.0888387546796923,1.0876484615620594,0.8229747086746583,TRAIN_LOG1P_ANCHOR_EXCESS_MARGIN_CE,5c2de947a760409b6a53c35062aaf9719b830e9884c7ab89fd2d4c816ab2a06e,0.0011902931176328469,0.019938697792825987,normalized94_abs_anchor_delta94_identity1,5ca38ebab9e2d191354ce7db934bf08f2b50c31bad2a7874ac97af410c8ebfc0,6b42ff6324ebaa5f4b6195d546823043135cc9ed30699bad4f2780fab31e04ab
UNION_s1,objective,14,1.0862801998396892,1.084936064937774,0.8133218423124413,TRAIN_LOG1P_ANCHOR_EXCESS_MARGIN_CE,5c2de947a760409b6a53c35062aaf9719b830e9884c7ab89fd2d4c816ab2a06e,0.0013441349019152151,0.018220721422643183,normalized94_abs_anchor_delta94_identity1,5ca38ebab9e2d191354ce7db934bf08f2b50c31bad2a7874ac97af410c8ebfc0,d9a91140643abe43f910bb12a52eba24d62d9f4e58a36406f71e232960ca4730
UNION_s1,objective,15,1.0833198840013762,1.0817192588507567,0.8080971895555118,TRAIN_LOG1P_ANCHOR_EXCESS_MARGIN_CE,5c2de947a760409b6a53c35062aaf9719b830e9884c7ab89fd2d4c816ab2a06e,0.0016006251506195744,0.024788168241769267,normalized94_abs_anchor_delta94_identity1,5ca38ebab9e2d191354ce7db934bf08f2b50c31bad2a7874ac97af410c8ebfc0,bdda9e3c18e99fec2985d2bf668a5c2373ea57ccedc4d4a0b903156673710765
UNION_s1,objective,16,1.0794554977230648,1.0775132253891342,0.8093886583645652,TRAIN_LOG1P_ANCHOR_EXCESS_MARGIN_CE,5c2de947a760409b6a53c35062aaf9719b830e9884c7ab89fd2d4c816ab2a06e,0.001942272333930579,0.019852958417712188,normalized94_abs_anchor_delta94_identity1,5ca38ebab9e2d191354ce7db934bf08f2b50c31bad2a7874ac97af410c8ebfc0,e356f7a214d42bb5258bf91aa371ee82298ecab6e32ed8f8535e2018899eeb7b
UNION_s1,objective,17,1.0740308299233756,1.0715312879545487,0.8025512097697499,TRAIN_LOG1P_ANCHOR_EXCESS_MARGIN_CE,5c2de947a760409b6a53c35062aaf9719b830e9884c7ab89fd2d4c816ab2a06e,0.0024995419688269177,0.03693409437789481,normalized94_abs_anchor_delta94_identity1,5ca38ebab9e2d191354ce7db934bf08f2b50c31bad2a7874ac97af410c8ebfc0,2cceb4c032ee9d89ee251b828fe8167a4ef279fe0c6a13edc848f76ec5b6acc4
UNION_s1,objective,18,1.0688224826868369,1.0654043118464593,0.8172604854345257,TRAIN_LOG1P_ANCHOR_EXCESS_MARGIN_CE,5c2de947a760409b6a53c35062aaf9719b830e9884c7ab89fd2d4c816ab2a06e,0.0034181708403776094,0.0265787160916376,normalized94_abs_anchor_delta94_identity1,5ca38ebab9e2d191354ce7db934bf08f2b50c31bad2a7874ac97af410c8ebfc0,d5b71a797218de90052d3f1d9ba1f5b85172b8f9c48f90e9d57be64b88f1f162
UNION_s1,objective,19,1.0656482498071802,1.0620876851831358,0.8112455067088187,TRAIN_LOG1P_ANCHOR_EXCESS_MARGIN_CE,5c2de947a760409b6a53c35062aaf9719b830e9884c7ab89fd2d4c816ab2a06e,0.00356056462404437,0.021674270948763938,normalized94_abs_anchor_delta94_identity1,5ca38ebab9e2d191354ce7db934bf08f2b50c31bad2a7874ac97af410c8ebfc0,6607b4ba7d2dbfdd714f35d55ad13fcd2ecd59364dc917decc2091396a6d88c4
UNION_s1,objective,20,1.0614766749835973,1.0577186822891234,0.8063606132084262,TRAIN_LOG1P_ANCHOR_EXCESS_MARGIN_CE,5c2de947a760409b6a53c35062aaf9719b830e9884c7ab89fd2d4c816ab2a06e,0.003757992694473881,0.018152307476382173,normalized94_abs_anchor_delta94_identity1,5ca38ebab9e2d191354ce7db934bf08f2b50c31bad2a7874ac97af410c8ebfc0,ff3ea89943ccee0b951bbf794f89a23c6d7b19156937abd6376903f274feeaf2
UNION_s1,objective,21,1.0571761712548433,1.0529716891368788,0.796057499201399,TRAIN_LOG1P_ANCHOR_EXCESS_MARGIN_CE,5c2de947a760409b6a53c35062aaf9719b830e9884c7ab89fd2d4c816ab2a06e,0.004204482117964512,0.015119084674422212,normalized94_abs_anchor_delta94_identity1,5ca38ebab9e2d191354ce7db934bf08f2b50c31bad2a7874ac97af410c8ebfc0,6ebf562bfd2f9b753c636dcf4a17660c7dd93aff2c9c33cf9b48b271341e89c4
UNION_s1,objective,22,1.0543965524660468,1.0491727483363464,0.8082122115502499,TRAIN_LOG1P_ANCHOR_EXCESS_MARGIN_CE,5c2de947a760409b6a53c35062aaf9719b830e9884c7ab89fd2d4c816ab2a06e,0.005223804129700394,0.02056239151702725,normalized94_abs_anchor_delta94_identity1,5ca38ebab9e2d191354ce7db934bf08f2b50c31bad2a7874ac97af410c8ebfc0,63b4f00c40108b90f3aac7665347f6c304b2adf122c23851494f684d4967e4bc
UNION_s1,objective,23,1.0533730814066327,1.0473305009034857,0.7975935052484803,TRAIN_LOG1P_ANCHOR_EXCESS_MARGIN_CE,5c2de947a760409b6a53c35062aaf9719b830e9884c7ab89fd2d4c816ab2a06e,0.006042580503146908,0.05687871761873704,normalized94_abs_anchor_delta94_identity1,5ca38ebab9e2d191354ce7db934bf08f2b50c31bad2a7874ac97af410c8ebfc0,819bde551984a3a5362091a9bebd49f58b24bfa1ebab9883459b359603775838
UNION_s1,objective,24,1.0506330228612106,1.0446736662512195,0.7979596598816984,TRAIN_LOG1P_ANCHOR_EXCESS_MARGIN_CE,5c2de947a760409b6a53c35062aaf9719b830e9884c7ab89fd2d4c816ab2a06e,0.005959356609991208,0.017614612697798373,normalized94_abs_anchor_delta94_identity1,5ca38ebab9e2d191354ce7db934bf08f2b50c31bad2a7874ac97af410c8ebfc0,5c34d2263fcea455bcc1cdf616686162c3fde5d544796ef8e2c4f0f52662828f
UNION_s1,objective,25,1.049033233963545,1.0427170400882493,0.794820167875939,TRAIN_LOG1P_ANCHOR_EXCESS_MARGIN_CE,5c2de947a760409b6a53c35062aaf9719b830e9884c7ab89fd2d4c816ab2a06e,0.00631619387529577,0.010419335826323572,normalized94_abs_anchor_delta94_identity1,5ca38ebab9e2d191354ce7db934bf08f2b50c31bad2a7874ac97af410c8ebfc0,9ac38581ccdb74c0a53dedaf63b24019343a66e6684d5b495c1ade2451eb972f
UNION_s1,objective,26,1.0472434444262786,1.0403581411629361,0.7906158853085986,TRAIN_LOG1P_ANCHOR_EXCESS_MARGIN_CE,5c2de947a760409b6a53c35062aaf9719b830e9884c7ab89fd2d4c816ab2a06e,0.0068853032633425,0.011897597588368787,normalized94_abs_anchor_delta94_identity1,5ca38ebab9e2d191354ce7db934bf08f2b50c31bad2a7874ac97af410c8ebfc0,2af28d69383f64ea8221f6a08c6d394a4a7b9ef32baed40797a88d9b3d5fb4f3
UNION_s1,objective,27,1.0442221077052016,1.036326141972716,0.7830932369884789,TRAIN_LOG1P_ANCHOR_EXCESS_MARGIN_CE,5c2de947a760409b6a53c35062aaf9719b830e9884c7ab89fd2d4c816ab2a06e,0.007895965732485438,0.014701634337806293,normalized94_abs_anchor_delta94_identity1,5ca38ebab9e2d191354ce7db934bf08f2b50c31bad2a7874ac97af410c8ebfc0,0d0adb71a3de69c084f07462c81e54b5a114231dced204ccc8c24940e5a9a463
UNION_s1,objective,28,1.0523693621736263,1.042307523177598,0.8006456161909364,TRAIN_LOG1P_ANCHOR_EXCESS_MARGIN_CE,5c2de947a760409b6a53c35062aaf9719b830e9884c7ab89fd2d4c816ab2a06e,0.010061838996028324,0.06251466258936642,normalized94_abs_anchor_delta94_identity1,5ca38ebab9e2d191354ce7db934bf08f2b50c31bad2a7874ac97af410c8ebfc0,d654470708c849e8cee6a9b77fe89070452a7c423dcf09af639cfacfbe8a57ff
UNION_s1,objective,29,1.0421408043891378,1.0336891396745576,0.784965935370999,TRAIN_LOG1P_ANCHOR_EXCESS_MARGIN_CE,5c2de947a760409b6a53c35062aaf9719b830e9884c7ab89fd2d4c816ab2a06e,0.008451664714580146,0.023390348146840444,normalized94_abs_anchor_delta94_identity1,5ca38ebab9e2d191354ce7db934bf08f2b50c31bad2a7874ac97af410c8ebfc0,c7b7ac4b7dc5a372cb4e4b939cfc31189160b4fc5aeab7c6484aa24400859576
UNION_s1,objective,30,1.0399286853840806,1.0311780577406775,0.7773265213151122,TRAIN_LOG1P_ANCHOR_EXCESS_MARGIN_CE,5c2de947a760409b6a53c35062aaf9719b830e9884c7ab89fd2d4c816ab2a06e,0.008750627643403014,0.01173919436280907,normalized94_abs_anchor_delta94_identity1,5ca38ebab9e2d191354ce7db934bf08f2b50c31bad2a7874ac97af410c8ebfc0,2b335ff379fe71d95d51058f72d086657110b365e76bea60bc2b1ff20dccf5f8
UNION_s1,objective,31,1.038506708400453,1.0294223512809821,0.7790117786131844,TRAIN_LOG1P_ANCHOR_EXCESS_MARGIN_CE,5c2de947a760409b6a53c35062aaf9719b830e9884c7ab89fd2d4c816ab2a06e,0.009084357119470697,0.010369730148381318,normalized94_abs_anchor_delta94_identity1,5ca38ebab9e2d191354ce7db934bf08f2b50c31bad2a7874ac97af410c8ebfc0,195600565cff9ae463734bbba1ab15be52f9c0b6fb23a70386e37db51f54d7b2
UNION_s1,objective,32,1.036973354549936,1.0274212520362234,0.7750037682749491,TRAIN_LOG1P_ANCHOR_EXCESS_MARGIN_CE,5c2de947a760409b6a53c35062aaf9719b830e9884c7ab89fd2d4c816ab2a06e,0.00955210251371271,0.014973374453328091,normalized94_abs_anchor_delta94_identity1,5ca38ebab9e2d191354ce7db934bf08f2b50c31bad2a7874ac97af410c8ebfc0,d8209c6d72db62b93055621f099d78cbdb429a473b35c4ed844575fcd20ab0b2
UNION_s1,objective,33,1.0354439029068354,1.02481223706202,0.7793933738131593,TRAIN_LOG1P_ANCHOR_EXCESS_MARGIN_CE,5c2de947a760409b6a53c35062aaf9719b830e9884c7ab89fd2d4c816ab2a06e,0.010631665844815423,0.00851037521830991,normalized94_abs_anchor_delta94_identity1,5ca38ebab9e2d191354ce7db934bf08f2b50c31bad2a7874ac97af410c8ebfc0,9686f18455148c5394c92c0372976ac66578a7c1b2996469a331ea3c4febe008
UNION_s1,objective,34,1.033717827834432,1.0219583644945367,0.7786442380426385,TRAIN_LOG1P_ANCHOR_EXCESS_MARGIN_CE,5c2de947a760409b6a53c35062aaf9719b830e9884c7ab89fd2d4c816ab2a06e,0.011759463339895117,0.008962954797174393,normalized94_abs_anchor_delta94_identity1,5ca38ebab9e2d191354ce7db934bf08f2b50c31bad2a7874ac97af410c8ebfc0,a4ccd45cfdaea63240716ad8ccf9d9d7a43d6eaba7b036809ac6670d84e2d2d5
UNION_s1,objective,35,1.0322875003992213,1.0195615710769164,0.7739541224090789,TRAIN_LOG1P_ANCHOR_EXCESS_MARGIN_CE,5c2de947a760409b6a53c35062aaf9719b830e9884c7ab89fd2d4c816ab2a06e,0.01272592932230502,0.007107160234428213,normalized94_abs_anchor_delta94_identity1,5ca38ebab9e2d191354ce7db934bf08f2b50c31bad2a7874ac97af410c8ebfc0,4bfe9bff0b8a75ccfb7b156c11c1f93c27ea7aef5babdbd6423f782f57184939
UNION_s1,objective,36,1.0374968226284227,1.024064231236133,0.7963971913441578,TRAIN_LOG1P_ANCHOR_EXCESS_MARGIN_CE,5c2de947a760409b6a53c35062aaf9719b830e9884c7ab89fd2d4c816ab2a06e,0.013432591392289804,0.07984711458473788,normalized94_abs_anchor_delta94_identity1,5ca38ebab9e2d191354ce7db934bf08f2b50c31bad2a7874ac97af410c8ebfc0,08c67125031f1b2c4390c02f0ebe42144d1f26dbd50ff59f614f6deb1f4eda03
UNION_s1,objective,37,1.0320224354754222,1.0191860956283194,0.7772617862539706,TRAIN_LOG1P_ANCHOR_EXCESS_MARGIN_CE,5c2de947a760409b6a53c35062aaf9719b830e9884c7ab89fd2d4c816ab2a06e,0.012836339847102824,0.016404407543175285,normalized94_abs_anchor_delta94_identity1,5ca38ebab9e2d191354ce7db934bf08f2b50c31bad2a7874ac97af410c8ebfc0,9d88e79e2e8ff677d6dba8a41f6d8e8f24614c48ecfd77edd058b40dbf4252fb
UNION_s1,objective,38,1.0314554630864972,1.0185073217200504,0.7732285827250887,TRAIN_LOG1P_ANCHOR_EXCESS_MARGIN_CE,5c2de947a760409b6a53c35062aaf9719b830e9884c7ab89fd2d4c816ab2a06e,0.012948141366446803,0.00784235489953971,normalized94_abs_anchor_delta94_identity1,5ca38ebab9e2d191354ce7db934bf08f2b50c31bad2a7874ac97af410c8ebfc0,ee3b9614b0c17f35e7d97db33bfa733c437f564c7fed0505af0576870764d64f
UNION_s1,objective,39,1.0309991133670133,1.0182095637773103,0.7717589592207709,TRAIN_LOG1P_ANCHOR_EXCESS_MARGIN_CE,5c2de947a760409b6a53c35062aaf9719b830e9884c7ab89fd2d4c816ab2a06e,0.012789549589703051,0.00610238451935076,normalized94_abs_anchor_delta94_identity1,5ca38ebab9e2d191354ce7db934bf08f2b50c31bad2a7874ac97af410c8ebfc0,e4c0d027e582aefd1663a0841ead35268d3be6f5a76ab6af34124261e18882dc
UNION_s1,objective,40,1.030223010649095,1.0176537107302412,0.7710861256819815,TRAIN_LOG1P_ANCHOR_EXCESS_MARGIN_CE,5c2de947a760409b6a53c35062aaf9719b830e9884c7ab89fd2d4c816ab2a06e,0.012569299918853815,0.008310676716515222,normalized94_abs_anchor_delta94_identity1,5ca38ebab9e2d191354ce7db934bf08f2b50c31bad2a7874ac97af410c8ebfc0,bda12a4706a00a48073b13efb6cc65f9c9582817d6f55d5573e75cf07578a246
UNION_s1,objective,41,1.0291228318657766,1.0164793962555752,0.7690659414842737,TRAIN_LOG1P_ANCHOR_EXCESS_MARGIN_CE,5c2de947a760409b6a53c35062aaf9719b830e9884c7ab89fd2d4c816ab2a06e,0.012643435610201337,0.011901664172053747,normalized94_abs_anchor_delta94_identity1,5ca38ebab9e2d191354ce7db934bf08f2b50c31bad2a7874ac97af410c8ebfc0,96e155952da6acf4dc6c793d6b49a851e5c05e162f46bcc536355317c82fd6ef
UNION_s1,objective,42,1.0282520074934824,1.015486840150697,0.7723513699970707,TRAIN_LOG1P_ANCHOR_EXCESS_MARGIN_CE,5c2de947a760409b6a53c35062aaf9719b830e9884c7ab89fd2d4c816ab2a06e,0.01276516734278552,0.014583033531064847,normalized94_abs_anchor_delta94_identity1,5ca38ebab9e2d191354ce7db934bf08f2b50c31bad2a7874ac97af410c8ebfc0,c8fe34c3031db19922c7728444d4591738f1d805780e02087816e5503ef1fe8c
UNION_s1,objective,43,1.0270552171404208,1.0136099390002822,0.769484120403355,TRAIN_LOG1P_ANCHOR_EXCESS_MARGIN_CE,5c2de947a760409b6a53c35062aaf9719b830e9884c7ab89fd2d4c816ab2a06e,0.013445278140138718,0.006975438167106672,normalized94_abs_anchor_delta94_identity1,5ca38ebab9e2d191354ce7db934bf08f2b50c31bad2a7874ac97af410c8ebfc0,2262fe4643a17d61d6a4b5bfb4529113c228650b7711d4c9c05614c639db3297
UNION_s1,objective,44,1.0263695094305387,1.0124855483200792,0.7671611429074097,TRAIN_LOG1P_ANCHOR_EXCESS_MARGIN_CE,5c2de947a760409b6a53c35062aaf9719b830e9884c7ab89fd2d4c816ab2a06e,0.013883961110459572,0.005186593099841049,normalized94_abs_anchor_delta94_identity1,5ca38ebab9e2d191354ce7db934bf08f2b50c31bad2a7874ac97af410c8ebfc0,d7c6d8829d2e7e3f30fec81806c4a449bcf6fc2098902ce9152ecf648bedc4a8
UNION_s1,objective,45,1.0254410412352188,1.0107659975429988,0.7666799701351384,TRAIN_LOG1P_ANCHOR_EXCESS_MARGIN_CE,5c2de947a760409b6a53c35062aaf9719b830e9884c7ab89fd2d4c816ab2a06e,0.014675043692219971,0.006835468308109692,normalized94_abs_anchor_delta94_identity1,5ca38ebab9e2d191354ce7db934bf08f2b50c31bad2a7874ac97af410c8ebfc0,c0c12324841a4c223034353d42c66ea029d09904ad172850f073e8a39b0a3d5c
UNION_s1,objective,46,1.0253326635450268,1.0099075203810104,0.7562890931983489,TRAIN_LOG1P_ANCHOR_EXCESS_MARGIN_CE,5c2de947a760409b6a53c35062aaf9719b830e9884c7ab89fd2d4c816ab2a06e,0.015425143164016454,0.019266577861339746,normalized94_abs_anchor_delta94_identity1,5ca38ebab9e2d191354ce7db934bf08f2b50c31bad2a7874ac97af410c8ebfc0,1141c31fde6425c4529131b92dc680f82a306b06c1623867c2880d7b852be9a8
UNION_s1,objective,47,1.0249519675167633,1.0098978221011072,0.7610566427678301,TRAIN_LOG1P_ANCHOR_EXCESS_MARGIN_CE,5c2de947a760409b6a53c35062aaf9719b830e9884c7ab89fd2d4c816ab2a06e,0.015054145415656195,0.009594509535327376,normalized94_abs_anchor_delta94_identity1,5ca38ebab9e2d191354ce7db934bf08f2b50c31bad2a7874ac97af410c8ebfc0,6b5ab195c697cd2fabca9c9fb378d6d7b801ab7677ee1c1111d0f803e7a20ce2
UNION_s1,objective,48,1.024341857070663,1.0089409487774823,0.7625667765643726,TRAIN_LOG1P_ANCHOR_EXCESS_MARGIN_CE,5c2de947a760409b6a53c35062aaf9719b830e9884c7ab89fd2d4c816ab2a06e,0.01540090829318084,0.006609823881224849,normalized94_abs_anchor_delta94_identity1,5ca38ebab9e2d191354ce7db934bf08f2b50c31bad2a7874ac97af410c8ebfc0,292449becc0801b81a2a3fc350bd98f1d84d0ca18cf64bd7c319bd811e8b3180
UNION_s1,objective,49,1.0236667107797024,1.0077530616025046,0.7633106679621959,TRAIN_LOG1P_ANCHOR_EXCESS_MARGIN_CE,5c2de947a760409b6a53c35062aaf9719b830e9884c7ab89fd2d4c816ab2a06e,0.015913649177197873,0.006237138132074558,normalized94_abs_anchor_delta94_identity1,5ca38ebab9e2d191354ce7db934bf08f2b50c31bad2a7874ac97af410c8ebfc0,d6ae0914e7484d94494eeaa78fd19e931a02bdcfa9331944f2d08bcfb128d19e
UNION_s1,objective,50,1.0243896280677762,1.007879332959472,0.775062851032197,TRAIN_LOG1P_ANCHOR_EXCESS_MARGIN_CE,5c2de947a760409b6a53c35062aaf9719b830e9884c7ab89fd2d4c816ab2a06e,0.016510295108304242,0.03814824427400955,normalized94_abs_anchor_delta94_identity1,5ca38ebab9e2d191354ce7db934bf08f2b50c31bad2a7874ac97af410c8ebfc0,da6a38262c4b1d597db7427cabfa0a0550791d73737c656f7f8940b56e7db6ec
UNION_s1,objective,51,1.023527403289067,1.007451212944889,0.7664818250094528,TRAIN_LOG1P_ANCHOR_EXCESS_MARGIN_CE,5c2de947a760409b6a53c35062aaf9719b830e9884c7ab89fd2d4c816ab2a06e,0.01607619034417817,0.00968406370395847,normalized94_abs_anchor_delta94_identity1,5ca38ebab9e2d191354ce7db934bf08f2b50c31bad2a7874ac97af410c8ebfc0,a74e2b6eaa126adc704a321a09eaf902e5caa686e2073b204ed784ed514757de
UNION_s1,objective,52,1.023309149238115,1.0070168026916455,0.7656709981813291,TRAIN_LOG1P_ANCHOR_EXCESS_MARGIN_CE,5c2de947a760409b6a53c35062aaf9719b830e9884c7ab89fd2d4c816ab2a06e,0.01629234654646944,0.005274684395643663,normalized94_abs_anchor_delta94_identity1,5ca38ebab9e2d191354ce7db934bf08f2b50c31bad2a7874ac97af410c8ebfc0,3840845236c9bac878d7448a3d085e71513a2dc5022ece6894fdd3eb38231131
UNION_s1,objective,53,1.0230928125014374,1.006554331344743,0.7647406650472116,TRAIN_LOG1P_ANCHOR_EXCESS_MARGIN_CE,5c2de947a760409b6a53c35062aaf9719b830e9884c7ab89fd2d4c816ab2a06e,0.016538481156694436,0.005471912762296848,normalized94_abs_anchor_delta94_identity1,5ca38ebab9e2d191354ce7db934bf08f2b50c31bad2a7874ac97af410c8ebfc0,00bfa57fba5919cad35a5cd769f53df060a260a8d759800003dd7b10e9a873e7
UNION_s1,objective,54,1.0227423937189977,1.005656084049828,0.7633733221936976,TRAIN_LOG1P_ANCHOR_EXCESS_MARGIN_CE,5c2de947a760409b6a53c35062aaf9719b830e9884c7ab89fd2d4c816ab2a06e,0.017086309669169488,0.007425698360508755,normalized94_abs_anchor_delta94_identity1,5ca38ebab9e2d191354ce7db934bf08f2b50c31bad2a7874ac97af410c8ebfc0,4d5c24f808946acb5a0aacb0df237beccc5167c22ff247d05218669d53ffc2ce
UNION_s1,objective,55,1.0222494988840871,1.0043416131001277,0.761799637159986,TRAIN_LOG1P_ANCHOR_EXCESS_MARGIN_CE,5c2de947a760409b6a53c35062aaf9719b830e9884c7ab89fd2d4c816ab2a06e,0.0179078857839595,0.007135642355506815,normalized94_abs_anchor_delta94_identity1,5ca38ebab9e2d191354ce7db934bf08f2b50c31bad2a7874ac97af410c8ebfc0,2508abcfff059bf93d253b62093ba6d7f9ed8151249cdd8c037f1b80e0ac1588
UNION_s1,objective,56,1.0216645032746832,1.0023732612070668,0.7618089975015597,TRAIN_LOG1P_ANCHOR_EXCESS_MARGIN_CE,5c2de947a760409b6a53c35062aaf9719b830e9884c7ab89fd2d4c816ab2a06e,0.019291242067616416,0.006923304087532727,normalized94_abs_anchor_delta94_identity1,5ca38ebab9e2d191354ce7db934bf08f2b50c31bad2a7874ac97af410c8ebfc0,9910bf07c32d2cdd4f76962a7a69fa96f155ee249be2074f1a8ccc0d315b1662
UNION_s1,objective,57,1.0217061519317197,1.0013872579317284,0.7560160952234505,TRAIN_LOG1P_ANCHOR_EXCESS_MARGIN_CE,5c2de947a760409b6a53c35062aaf9719b830e9884c7ab89fd2d4c816ab2a06e,0.02031889399999117,0.015248371079338232,normalized94_abs_anchor_delta94_identity1,5ca38ebab9e2d191354ce7db934bf08f2b50c31bad2a7874ac97af410c8ebfc0,0314c53655b72a4fb5e0f02d85f5099a6f752deea59c39ccfdfa7f86e62e13e4
UNION_s1,objective,58,1.0213754661089511,1.001594543490291,0.7588129197215235,TRAIN_LOG1P_ANCHOR_EXCESS_MARGIN_CE,5c2de947a760409b6a53c35062aaf9719b830e9884c7ab89fd2d4c816ab2a06e,0.01978092261866015,0.007043312082301354,normalized94_abs_anchor_delta94_identity1,5ca38ebab9e2d191354ce7db934bf08f2b50c31bad2a7874ac97af410c8ebfc0,994bbdf8fbd10fd4a073fc1855e4b23e6e76a05f97c1fcd37ebb99a5ef9d7c9e
UNION_s1,objective,59,1.021168290293267,1.0015691729768619,0.7599324439564141,TRAIN_LOG1P_ANCHOR_EXCESS_MARGIN_CE,5c2de947a760409b6a53c35062aaf9719b830e9884c7ab89fd2d4c816ab2a06e,0.01959911731640508,0.0031469157096772247,normalized94_abs_anchor_delta94_identity1,5ca38ebab9e2d191354ce7db934bf08f2b50c31bad2a7874ac97af410c8ebfc0,0f236ecafb530fdd5c5540727996d8f9f5c811b57ea555b5a7f063aacb4ec5b0
UNION_s1,objective,60,1.0210313264092525,1.001535406776456,0.7605339664316366,TRAIN_LOG1P_ANCHOR_EXCESS_MARGIN_CE,5c2de947a760409b6a53c35062aaf9719b830e9884c7ab89fd2d4c816ab2a06e,0.019495919632796677,0.003785947599163929,normalized94_abs_anchor_delta94_identity1,5ca38ebab9e2d191354ce7db934bf08f2b50c31bad2a7874ac97af410c8ebfc0,519d1941f7fa4bc3ce566e0a56c98e939ae802be52370b37d8d9cee43c032554
UNION_s1,objective,61,1.0209003770389358,1.0013763130801043,0.7604501375567967,TRAIN_LOG1P_ANCHOR_EXCESS_MARGIN_CE,5c2de947a760409b6a53c35062aaf9719b830e9884c7ab89fd2d4c816ab2a06e,0.01952406395883154,0.0046615599465857855,normalized94_abs_anchor_delta94_identity1,5ca38ebab9e2d191354ce7db934bf08f2b50c31bad2a7874ac97af410c8ebfc0,da44dad7247dd3fe2d8089df9b460a6cad29286c15022102dbc4ad3903832b72
UNION_s1,objective,62,1.0205497670514396,1.0006637395932396,0.7599089885736903,TRAIN_LOG1P_ANCHOR_EXCESS_MARGIN_CE,5c2de947a760409b6a53c35062aaf9719b830e9884c7ab89fd2d4c816ab2a06e,0.01988602745819999,0.005371506125687493,normalized94_abs_anchor_delta94_identity1,5ca38ebab9e2d191354ce7db934bf08f2b50c31bad2a7874ac97af410c8ebfc0,2597ffaaadcee6619c433c16aa741aa33ae76baa800592b9b9a877b605fc9c6d
UNION_s1,objective,63,1.0224062245476098,1.0020964278351532,0.7419142962792294,TRAIN_LOG1P_ANCHOR_EXCESS_MARGIN_CE,5c2de947a760409b6a53c35062aaf9719b830e9884c7ab89fd2d4c816ab2a06e,0.0203097967124565,0.038302057691950435,normalized94_abs_anchor_delta94_identity1,5ca38ebab9e2d191354ce7db934bf08f2b50c31bad2a7874ac97af410c8ebfc0,2863ef0506a5b5ee29168c1e7f9d20a6c2c14d2092aa540afdfb74c1e93a9e70
UNION_s1,objective,64,1.0204877274533926,1.0005395159268262,0.7570229904846506,TRAIN_LOG1P_ANCHOR_EXCESS_MARGIN_CE,5c2de947a760409b6a53c35062aaf9719b830e9884c7ab89fd2d4c816ab2a06e,0.019948211526566305,0.0036958933667982966,normalized94_abs_anchor_delta94_identity1,5ca38ebab9e2d191354ce7db934bf08f2b50c31bad2a7874ac97af410c8ebfc0,d242befad2af75af2cf447894acdc1e5031cb25a7f9bd9f4c5b435605f64735d
UNION_s1,objective,65,1.020334982744847,0.999931674738359,0.7572879273725232,TRAIN_LOG1P_ANCHOR_EXCESS_MARGIN_CE,5c2de947a760409b6a53c35062aaf9719b830e9884c7ab89fd2d4c816ab2a06e,0.02040330800648803,0.004824151363916145,normalized94_abs_anchor_delta94_identity1,5ca38ebab9e2d191354ce7db934bf08f2b50c31bad2a7874ac97af410c8ebfc0,0c9f322fb9916989fb6682bb4d95de8d78c1d495e38cf266e51489a9eeb97d9d
UNION_s1,objective,66,1.0204282650224772,0.9994940177804545,0.7544896581827447,TRAIN_LOG1P_ANCHOR_EXCESS_MARGIN_CE,5c2de947a760409b6a53c35062aaf9719b830e9884c7ab89fd2d4c816ab2a06e,0.020934247242022672,0.015537059805137863,normalized94_abs_anchor_delta94_identity1,5ca38ebab9e2d191354ce7db934bf08f2b50c31bad2a7874ac97af410c8ebfc0,b3a89a15adcb664f1a5d9535683e20f1d171558992108c6dbe4fe38f099bf383
UNION_s1,objective,67,1.020287063838783,0.9996899951299913,0.7562126223262954,TRAIN_LOG1P_ANCHOR_EXCESS_MARGIN_CE,5c2de947a760409b6a53c35062aaf9719b830e9884c7ab89fd2d4c816ab2a06e,0.02059706870879165,0.0038210258127184395,normalized94_abs_anchor_delta94_identity1,5ca38ebab9e2d191354ce7db934bf08f2b50c31bad2a7874ac97af410c8ebfc0,ac691ac4a838730f358bf5fd6034e1a21c1a3e79d76088c619c5f9c289fddf5c
UNION_s1,objective,68,1.020242486987772,0.9995203835331347,0.7561324433335415,TRAIN_LOG1P_ANCHOR_EXCESS_MARGIN_CE,5c2de947a760409b6a53c35062aaf9719b830e9884c7ab89fd2d4c816ab2a06e,0.020722103454637333,0.0032758357897218313,normalized94_abs_anchor_delta94_identity1,5ca38ebab9e2d191354ce7db934bf08f2b50c31bad2a7874ac97af410c8ebfc0,c4ddb88335c8a09c753f2c2c58031a462a0e7e5fd39d9e536a991e82b1652bdf
UNION_s1,objective,69,1.020120325411844,0.9991865997273637,0.7562644133197486,TRAIN_LOG1P_ANCHOR_EXCESS_MARGIN_CE,5c2de947a760409b6a53c35062aaf9719b830e9884c7ab89fd2d4c816ab2a06e,0.020933725684480375,0.0027467129833834087,normalized94_abs_anchor_delta94_identity1,5ca38ebab9e2d191354ce7db934bf08f2b50c31bad2a7874ac97af410c8ebfc0,d02ebe809add90256428ff8071ac4680ee55787cd6756fafda55e09ca20cbfdf
UNION_s1,objective,70,1.0199126536832934,0.9985558042644166,0.75685463159201,TRAIN_LOG1P_ANCHOR_EXCESS_MARGIN_CE,5c2de947a760409b6a53c35062aaf9719b830e9884c7ab89fd2d4c816ab2a06e,0.021356849418876885,0.0025840327231041772,normalized94_abs_anchor_delta94_identity1,5ca38ebab9e2d191354ce7db934bf08f2b50c31bad2a7874ac97af410c8ebfc0,b74cf97fec5a6257c7d7d1db4ff7eddc1cb076eaf2fcadb3fc9ee1c207063895
UNION_s1,objective,71,1.0197465371101295,0.9979287945626231,0.7573402777551737,TRAIN_LOG1P_ANCHOR_EXCESS_MARGIN_CE,5c2de947a760409b6a53c35062aaf9719b830e9884c7ab89fd2d4c816ab2a06e,0.021817742547506513,0.003623882224765133,normalized94_abs_anchor_delta94_identity1,5ca38ebab9e2d191354ce7db934bf08f2b50c31bad2a7874ac97af410c8ebfc0,9e92b16ba08cb452727ce209a7f97092c0b9481ad24fff15e1e3df358d176b5e
UNION_s1,objective,72,1.0197099167774766,0.9974486318832213,0.7556777134109963,TRAIN_LOG1P_ANCHOR_EXCESS_MARGIN_CE,5c2de947a760409b6a53c35062aaf9719b830e9884c7ab89fd2d4c816ab2a06e,0.0222612848942553,0.004979915506043983,normalized94_abs_anchor_delta94_identity1,5ca38ebab9e2d191354ce7db934bf08f2b50c31bad2a7874ac97af410c8ebfc0,18574ce881d0481479efa3e0cab4d99ec696972e4d7b8b39ee8b2f903eb7c0e6
UNION_s1,objective,73,1.0196191238149948,0.9975008570396,0.7564842942372686,TRAIN_LOG1P_ANCHOR_EXCESS_MARGIN_CE,5c2de947a760409b6a53c35062aaf9719b830e9884c7ab89fd2d4c816ab2a06e,0.0221182667753947,0.001446123763691605,normalized94_abs_anchor_delta94_identity1,5ca38ebab9e2d191354ce7db934bf08f2b50c31bad2a7874ac97af410c8ebfc0,fc1800238c3ac0e1ba5142f45e1b6542bc6a8f8874d91720003ffc464e058045
UNION_s1,objective,74,1.0196013520082396,0.9975358714102555,0.7564235778144006,TRAIN_LOG1P_ANCHOR_EXCESS_MARGIN_CE,5c2de947a760409b6a53c35062aaf9719b830e9884c7ab89fd2d4c816ab2a06e,0.022065480597984077,0.0013895742117748433,normalized94_abs_anchor_delta94_identity1,5ca38ebab9e2d191354ce7db934bf08f2b50c31bad2a7874ac97af410c8ebfc0,51dbac5e0fe402499daf5810301895531b21e1efb3bde6866f625d8b9b55a4ff
UNION_s1,objective,75,1.019533481921934,0.9974952724483995,0.7561844179029282,TRAIN_LOG1P_ANCHOR_EXCESS_MARGIN_CE,5c2de947a760409b6a53c35062aaf9719b830e9884c7ab89fd2d4c816ab2a06e,0.022038209473534427,0.001745143931512681,normalized94_abs_anchor_delta94_identity1,5ca38ebab9e2d191354ce7db934bf08f2b50c31bad2a7874ac97af410c8ebfc0,6073dd2f30b357f6855f18795db563ab24d6cbc44674599ea5c068dec6555449
UNION_s1,objective,76,1.0194244982343919,0.9973079527881628,0.7562494189813069,TRAIN_LOG1P_ANCHOR_EXCESS_MARGIN_CE,5c2de947a760409b6a53c35062aaf9719b830e9884c7ab89fd2d4c816ab2a06e,0.022116545446229183,0.002265085220677439,normalized94_abs_anchor_delta94_identity1,5ca38ebab9e2d191354ce7db934bf08f2b50c31bad2a7874ac97af410c8ebfc0,92b0c037ffaa61825f699506b4742beecc8e29a01837a414e88cd7ccb096aff3
UNION_s1,objective,77,1.0207517253225913,0.9985434293808245,0.7431215839892734,TRAIN_LOG1P_ANCHOR_EXCESS_MARGIN_CE,5c2de947a760409b6a53c35062aaf9719b830e9884c7ab89fd2d4c816ab2a06e,0.022208295941766838,0.03546881766952854,normalized94_abs_anchor_delta94_identity1,5ca38ebab9e2d191354ce7db934bf08f2b50c31bad2a7874ac97af410c8ebfc0,ffc25396f6beb6c699bd0032e5f2565001891385782b8290d55c21be372aeb5e
UNION_s1,objective,78,1.0194092753746633,0.9972849510674437,0.7549287970875891,TRAIN_LOG1P_ANCHOR_EXCESS_MARGIN_CE,5c2de947a760409b6a53c35062aaf9719b830e9884c7ab89fd2d4c816ab2a06e,0.02212432430721947,0.0035032289531979014,normalized94_abs_anchor_delta94_identity1,5ca38ebab9e2d191354ce7db934bf08f2b50c31bad2a7874ac97af410c8ebfc0,f2d2731a704bc46bf7d688be643ccb3ae078762ccb651d0b2a777a08d61ddfca
UNION_s1,objective,79,1.019338978901266,0.9970576161398709,0.7556166817576463,TRAIN_LOG1P_ANCHOR_EXCESS_MARGIN_CE,5c2de947a760409b6a53c35062aaf9719b830e9884c7ab89fd2d4c816ab2a06e,0.022281362761395133,0.002265563390659136,normalized94_abs_anchor_delta94_identity1,5ca38ebab9e2d191354ce7db934bf08f2b50c31bad2a7874ac97af410c8ebfc0,4dc0829969730b2d2f5b6692b2652d0e83ecd52f7658c2873991f734e6f7c016
UNION_s1,objective,80,1.0193325209982915,0.996797973988878,0.7551282776169477,TRAIN_LOG1P_ANCHOR_EXCESS_MARGIN_CE,5c2de947a760409b6a53c35062aaf9719b830e9884c7ab89fd2d4c816ab2a06e,0.022534547009413545,0.0061931428579154214,normalized94_abs_anchor_delta94_identity1,5ca38ebab9e2d191354ce7db934bf08f2b50c31bad2a7874ac97af410c8ebfc0,d3acee3d35b2c412f7c4c906c4f61ce53ad37de89b9a0383d1f9bdbc17537123
UNION_s1,objective,81,1.0192912292800915,0.9968073422015982,0.7556725537416566,TRAIN_LOG1P_ANCHOR_EXCESS_MARGIN_CE,5c2de947a760409b6a53c35062aaf9719b830e9884c7ab89fd2d4c816ab2a06e,0.02248388707849329,0.0015732406181922154,normalized94_abs_anchor_delta94_identity1,5ca38ebab9e2d191354ce7db934bf08f2b50c31bad2a7874ac97af410c8ebfc0,2c3a79e0355d91ea54558b0865f2b8ce578bd1e781215b1bfe20a407cc0e9acb
UNION_s1,objective,82,1.0192800379984597,0.9968063956540236,0.7557661161325472,TRAIN_LOG1P_ANCHOR_EXCESS_MARGIN_CE,5c2de947a760409b6a53c35062aaf9719b830e9884c7ab89fd2d4c816ab2a06e,0.022473642344435992,0.0016599488922092846,normalized94_abs_anchor_delta94_identity1,5ca38ebab9e2d191354ce7db934bf08f2b50c31bad2a7874ac97af410c8ebfc0,5334b4495fd516686a3f9cd2ae0fb6dcdedcea5de5061e9e8ad19ab3ea7f08fb
UNION_s1,objective,83,1.0192530783092109,0.9967698891505251,0.7558885901508849,TRAIN_LOG1P_ANCHOR_EXCESS_MARGIN_CE,5c2de947a760409b6a53c35062aaf9719b830e9884c7ab89fd2d4c816ab2a06e,0.02248318915868572,0.002515578396509939,normalized94_abs_anchor_delta94_identity1,5ca38ebab9e2d191354ce7db934bf08f2b50c31bad2a7874ac97af410c8ebfc0,3441086a92eb8e2b5236442892e9dbb95187fa0caeda6bb9efe8c1e06cc78fc1
UNION_s1,objective,84,1.0192120433943401,0.9967172000908667,0.7558119861577116,TRAIN_LOG1P_ANCHOR_EXCESS_MARGIN_CE,5c2de947a760409b6a53c35062aaf9719b830e9884c7ab89fd2d4c816ab2a06e,0.022494843303473337,0.0028770914577111585,normalized94_abs_anchor_delta94_identity1,5ca38ebab9e2d191354ce7db934bf08f2b50c31bad2a7874ac97af410c8ebfc0,816a6a82a8f1f6d8798625885010484e8dda57dc84786a45d3c6a8ab9ce78dba
UNION_s1,objective,85,1.019149363435813,0.9966168967553108,0.7555164637981273,TRAIN_LOG1P_ANCHOR_EXCESS_MARGIN_CE,5c2de947a760409b6a53c35062aaf9719b830e9884c7ab89fd2d4c816ab2a06e,0.022532466680502183,0.002739863802320937,normalized94_abs_anchor_delta94_identity1,5ca38ebab9e2d191354ce7db934bf08f2b50c31bad2a7874ac97af410c8ebfc0,98a7cd3b803fb8e90c2fe417e7b20e64a83f3fdff9db27cd535527669a1124c3
UNION_s1,objective,86,1.0193771182490226,0.9971720581344633,0.7537685964540891,TRAIN_LOG1P_ANCHOR_EXCESS_MARGIN_CE,5c2de947a760409b6a53c35062aaf9719b830e9884c7ab89fd2d4c816ab2a06e,0.022205060114559295,0.008172193275802332,normalized94_abs_anchor_delta94_identity1,5ca38ebab9e2d191354ce7db934bf08f2b50c31bad2a7874ac97af410c8ebfc0,a2fa8a0993f9eef9f81ee408b4e03f8d3bbf0d28466990323bc696fb68ae1d63
UNION_s1,objective,87,1.01912657456187,0.9966708769532532,0.7550688041736479,TRAIN_LOG1P_ANCHOR_EXCESS_MARGIN_CE,5c2de947a760409b6a53c35062aaf9719b830e9884c7ab89fd2d4c816ab2a06e,0.022455697608616824,0.002276031989327113,normalized94_abs_anchor_delta94_identity1,5ca38ebab9e2d191354ce7db934bf08f2b50c31bad2a7874ac97af410c8ebfc0,389b9df67c9ef70a989a54187417e3d12ff871bb0196ec380a3b313ef7d2ab49
UNION_s1,objective,88,1.0190752728762333,0.9965062249381941,0.7553261473549258,TRAIN_LOG1P_ANCHOR_EXCESS_MARGIN_CE,5c2de947a760409b6a53c35062aaf9719b830e9884c7ab89fd2d4c816ab2a06e,0.022569047938039162,0.001349080918589367,normalized94_abs_anchor_delta94_identity1,5ca38ebab9e2d191354ce7db934bf08f2b50c31bad2a7874ac97af410c8ebfc0,5180a37409c01f76b500a04b4ea2eab4f21e6dadf1e33674d88f5568c232394c
UNION_s1,objective,89,1.0190531355883006,0.9964998978339724,0.7547098914092069,TRAIN_LOG1P_ANCHOR_EXCESS_MARGIN_CE,5c2de947a760409b6a53c35062aaf9719b830e9884c7ab89fd2d4c816ab2a06e,0.02255323775432819,0.0020883263065267295,normalized94_abs_anchor_delta94_identity1,5ca38ebab9e2d191354ce7db934bf08f2b50c31bad2a7874ac97af410c8ebfc0,a92b30790e0692a4256e1733d859d9f7a635d23028044ae3d83edf8963dd73ff
UNION_s1,objective,90,1.0190402891922261,0.9965068821832401,0.755238998808029,TRAIN_LOG1P_ANCHOR_EXCESS_MARGIN_CE,5c2de947a760409b6a53c35062aaf9719b830e9884c7ab89fd2d4c816ab2a06e,0.02253340700898588,0.0014477011646033134,normalized94_abs_anchor_delta94_identity1,5ca38ebab9e2d191354ce7db934bf08f2b50c31bad2a7874ac97af410c8ebfc0,272d982f214f08a9b1811e071a840f23aa820118b249fcb809bb60b4cb32d71c
UNION_s1,objective,91,1.0190279235845372,0.99655030914314,0.7548464815666844,TRAIN_LOG1P_ANCHOR_EXCESS_MARGIN_CE,5c2de947a760409b6a53c35062aaf9719b830e9884c7ab89fd2d4c816ab2a06e,0.02247761444139725,0.002086047314804385,normalized94_abs_anchor_delta94_identity1,5ca38ebab9e2d191354ce7db934bf08f2b50c31bad2a7874ac97af410c8ebfc0,61716f2f8251d3eaa6d39f26e7bcd4c7e10c3ef8737e3563b5dffa583b6f5231
UNION_s1,objective,92,1.0190148471918232,0.9965648148707612,0.7556409346431509,TRAIN_LOG1P_ANCHOR_EXCESS_MARGIN_CE,5c2de947a760409b6a53c35062aaf9719b830e9884c7ab89fd2d4c816ab2a06e,0.02245003232106213,0.0014611952759267684,normalized94_abs_anchor_delta94_identity1,5ca38ebab9e2d191354ce7db934bf08f2b50c31bad2a7874ac97af410c8ebfc0,a1c2dab643c3e122075b2187085a2055a3032a022aa6cd492464934364fb80f4
UNION_s1,objective,93,1.0190005186841888,0.9965751595553072,0.7558999198757241,TRAIN_LOG1P_ANCHOR_EXCESS_MARGIN_CE,5c2de947a760409b6a53c35062aaf9719b830e9884c7ab89fd2d4c816ab2a06e,0.02242535912888156,0.002581520480492963,normalized94_abs_anchor_delta94_identity1,5ca38ebab9e2d191354ce7db934bf08f2b50c31bad2a7874ac97af410c8ebfc0,6fd3d15e895c18e3418157c3077ae237a2e66141510fc94d4f42f676740bbb11
UNION_s1,objective,94,1.0189765341525512,0.9965829056534562,0.755868149489461,TRAIN_LOG1P_ANCHOR_EXCESS_MARGIN_CE,5c2de947a760409b6a53c35062aaf9719b830e9884c7ab89fd2d4c816ab2a06e,0.022393628499094882,0.002634253837853818,normalized94_abs_anchor_delta94_identity1,5ca38ebab9e2d191354ce7db934bf08f2b50c31bad2a7874ac97af410c8ebfc0,26cce7abdb4bfa449a1843cd378e6f583db7d26de9e9da27a603cf3267115134
UNION_s1,objective,95,1.0189604531378817,0.9964082438450329,0.755287298067664,TRAIN_LOG1P_ANCHOR_EXCESS_MARGIN_CE,5c2de947a760409b6a53c35062aaf9719b830e9884c7ab89fd2d4c816ab2a06e,0.02255220929284889,0.0048323033702614765,normalized94_abs_anchor_delta94_identity1,5ca38ebab9e2d191354ce7db934bf08f2b50c31bad2a7874ac97af410c8ebfc0,d25383b8b8e16be88ceeb6c870bf13a79bbb5cec6e4e6e27310727c728d88d73
UNION_s1,objective,96,1.0189482972938593,0.9964236746204163,0.7555480706486474,TRAIN_LOG1P_ANCHOR_EXCESS_MARGIN_CE,5c2de947a760409b6a53c35062aaf9719b830e9884c7ab89fd2d4c816ab2a06e,0.02252462267344297,0.002347030203864068,normalized94_abs_anchor_delta94_identity1,5ca38ebab9e2d191354ce7db934bf08f2b50c31bad2a7874ac97af410c8ebfc0,cc090a0f371c8704c9aa65e88d5cbd5142dd92d72cda5d164295068cb67bd46a
UNION_s1,objective,97,1.0189281766600113,0.9964220821983292,0.7550916265724542,TRAIN_LOG1P_ANCHOR_EXCESS_MARGIN_CE,5c2de947a760409b6a53c35062aaf9719b830e9884c7ab89fd2d4c816ab2a06e,0.0225060944616822,0.0008898583450897192,normalized94_abs_anchor_delta94_identity1,5ca38ebab9e2d191354ce7db934bf08f2b50c31bad2a7874ac97af410c8ebfc0,62810b5da9e6c147e73fce1298991b72069ff40cf429d0ae2cb4eb6adb2aa19b
UNION_s1,objective,98,1.0189199931358466,0.9964015298710923,0.7549296951058991,TRAIN_LOG1P_ANCHOR_EXCESS_MARGIN_CE,5c2de947a760409b6a53c35062aaf9719b830e9884c7ab89fd2d4c816ab2a06e,0.02251846326475436,0.0007408681744467932,normalized94_abs_anchor_delta94_identity1,5ca38ebab9e2d191354ce7db934bf08f2b50c31bad2a7874ac97af410c8ebfc0,c697d7d486c7c103f9ebceb5be1ae75ccb2e1b8aef198321e010b32a57322305
UNION_s1,objective,99,1.018895366282085,0.9963069916871594,0.7542583270118302,TRAIN_LOG1P_ANCHOR_EXCESS_MARGIN_CE,5c2de947a760409b6a53c35062aaf9719b830e9884c7ab89fd2d4c816ab2a06e,0.02258837459492551,0.00114126887898877,normalized94_abs_anchor_delta94_identity1,5ca38ebab9e2d191354ce7db934bf08f2b50c31bad2a7874ac97af410c8ebfc0,58212a5aca05d498712cea548e9e62300065517cd00c3f90a55e7f8931dc4f74
UNION_s1,objective,100,1.0188806162154727,0.9962623391945741,0.7544320732605849,TRAIN_LOG1P_ANCHOR_EXCESS_MARGIN_CE,5c2de947a760409b6a53c35062aaf9719b830e9884c7ab89fd2d4c816ab2a06e,0.022618277020898553,0.0011269605678635832,normalized94_abs_anchor_delta94_identity1,5ca38ebab9e2d191354ce7db934bf08f2b50c31bad2a7874ac97af410c8ebfc0,c5211269b60da02cd7ecc927c015ef863933192d13b0ec422de3786e16620d66
UNION_s1,objective,101,1.0188684575912346,0.996215651026869,0.7536721876637835,TRAIN_LOG1P_ANCHOR_EXCESS_MARGIN_CE,5c2de947a760409b6a53c35062aaf9719b830e9884c7ab89fd2d4c816ab2a06e,0.022652806564365482,0.00208318940721296,normalized94_abs_anchor_delta94_identity1,5ca38ebab9e2d191354ce7db934bf08f2b50c31bad2a7874ac97af410c8ebfc0,4c7d6bc86e41033998aa737c9465b03d9dd093ab2ba1f2a229fe743e1527e716
UNION_s1,objective,102,1.0188568326827288,0.9962150697232348,0.7543025290489291,TRAIN_LOG1P_ANCHOR_EXCESS_MARGIN_CE,5c2de947a760409b6a53c35062aaf9719b830e9884c7ab89fd2d4c816ab2a06e,0.022641762959493977,0.0006738185612135004,normalized94_abs_anchor_delta94_identity1,5ca38ebab9e2d191354ce7db934bf08f2b50c31bad2a7874ac97af410c8ebfc0,29fde716f27462773b34bda1b4112890686f31ddccb49710ef1ad6dc44c521fc
UNION_s1,objective,103,1.0188493612983873,0.9962231660915404,0.7546279715614246,TRAIN_LOG1P_ANCHOR_EXCESS_MARGIN_CE,5c2de947a760409b6a53c35062aaf9719b830e9884c7ab89fd2d4c816ab2a06e,0.022626195206846937,0.000910539457116295,normalized94_abs_anchor_delta94_identity1,5ca38ebab9e2d191354ce7db934bf08f2b50c31bad2a7874ac97af410c8ebfc0,aec65828fe9aed950e2cb3821301aeb699a880fc8421ec12369d5497bb0577c8
UNION_s1,objective,104,1.0188448153459537,0.9962162413977996,0.7543716442557346,TRAIN_LOG1P_ANCHOR_EXCESS_MARGIN_CE,5c2de947a760409b6a53c35062aaf9719b830e9884c7ab89fd2d4c816ab2a06e,0.022628573948154148,0.0008060915713841015,normalized94_abs_anchor_delta94_identity1,5ca38ebab9e2d191354ce7db934bf08f2b50c31bad2a7874ac97af410c8ebfc0,28b79cf2e05f9f0c4f0fe57a10148111f73e99992a407dcd421b0ac5315732f2
UNION_s1,objective,105,1.01883998634153,0.9962099080002634,0.7545588214702107,TRAIN_LOG1P_ANCHOR_EXCESS_MARGIN_CE,5c2de947a760409b6a53c35062aaf9719b830e9884c7ab89fd2d4c816ab2a06e,0.02263007834126657,0.0007315747707862741,normalized94_abs_anchor_delta94_identity1,5ca38ebab9e2d191354ce7db934bf08f2b50c31bad2a7874ac97af410c8ebfc0,b833c12fb180fb7e9586b0276792e09f76bc19da63d3ebc071f2a98052da5b36
UNION_s1,objective,106,1.0188354050958914,0.9961976942427828,0.7543029034148157,TRAIN_LOG1P_ANCHOR_EXCESS_MARGIN_CE,5c2de947a760409b6a53c35062aaf9719b830e9884c7ab89fd2d4c816ab2a06e,0.022637710853108662,0.0007238896661478534,normalized94_abs_anchor_delta94_identity1,5ca38ebab9e2d191354ce7db934bf08f2b50c31bad2a7874ac97af410c8ebfc0,415feae5af5aee190d2dbcdc7efbab962c4e398e22b22ba71b2a27cd681ec554
UNION_s1,objective,107,1.0188291058784644,0.996174069549239,0.754183466499453,TRAIN_LOG1P_ANCHOR_EXCESS_MARGIN_CE,5c2de947a760409b6a53c35062aaf9719b830e9884c7ab89fd2d4c816ab2a06e,0.0226550363292254,0.0010260931687749663,normalized94_abs_anchor_delta94_identity1,5ca38ebab9e2d191354ce7db934bf08f2b50c31bad2a7874ac97af410c8ebfc0,d1ba02682c6280009d2a6a09b198dd0fd8157b2e82aabc9a84794ce85506f4fb
UNION_s1,objective,108,1.018821825323129,0.9961550391597936,0.754221775411111,TRAIN_LOG1P_ANCHOR_EXCESS_MARGIN_CE,5c2de947a760409b6a53c35062aaf9719b830e9884c7ab89fd2d4c816ab2a06e,0.022666786163335336,0.0014590553267279616,normalized94_abs_anchor_delta94_identity1,5ca38ebab9e2d191354ce7db934bf08f2b50c31bad2a7874ac97af410c8ebfc0,4be0569127f0e047853fd09a82a6760582a4aeba3f5fdeeaebc040bea8f451ea
UNION_s1,objective,109,1.0188104562418179,0.9961074999302881,0.7543352262348915,TRAIN_LOG1P_ANCHOR_EXCESS_MARGIN_CE,5c2de947a760409b6a53c35062aaf9719b830e9884c7ab89fd2d4c816ab2a06e,0.022702956311529722,0.000750315633009444,normalized94_abs_anchor_delta94_identity1,5ca38ebab9e2d191354ce7db934bf08f2b50c31bad2a7874ac97af410c8ebfc0,ef163073d32b4a74bc68f890048686b121386f8e01be1d0efd8a6994432f944a
UNION_s1,objective,110,1.0188053603144438,0.9961050728161427,0.75440848078803,TRAIN_LOG1P_ANCHOR_EXCESS_MARGIN_CE,5c2de947a760409b6a53c35062aaf9719b830e9884c7ab89fd2d4c816ab2a06e,0.022700287498301122,0.0005507085746776692,normalized94_abs_anchor_delta94_identity1,5ca38ebab9e2d191354ce7db934bf08f2b50c31bad2a7874ac97af410c8ebfc0,5ce1efa49144967db5109fcb0206f30253bc709c5906be4d9ca3121f4708a93c
UNION_s1,objective,111,1.0188008593139715,0.9961055292789928,0.7543470288368285,TRAIN_LOG1P_ANCHOR_EXCESS_MARGIN_CE,5c2de947a760409b6a53c35062aaf9719b830e9884c7ab89fd2d4c816ab2a06e,0.02269533003497876,0.0005416715171025368,normalized94_abs_anchor_delta94_identity1,5ca38ebab9e2d191354ce7db934bf08f2b50c31bad2a7874ac97af410c8ebfc0,c551f81db12c0db847e4c65b2b6f16960d0f9fb9a51c0bddda781496bd07f998
UNION_s1,objective,112,1.0187947895574405,0.9960994469260535,0.7542133364994502,TRAIN_LOG1P_ANCHOR_EXCESS_MARGIN_CE,5c2de947a760409b6a53c35062aaf9719b830e9884c7ab89fd2d4c816ab2a06e,0.02269534263138712,0.0005148900983485994,normalized94_abs_anchor_delta94_identity1,5ca38ebab9e2d191354ce7db934bf08f2b50c31bad2a7874ac97af410c8ebfc0,4d1583c16926d6da224ff4465bcdf58ce45cf5e21496598b453245771a2f3527
UNION_s1,objective,113,1.018813263678365,0.996083757777309,0.7552900341802162,TRAIN_LOG1P_ANCHOR_EXCESS_MARGIN_CE,5c2de947a760409b6a53c35062aaf9719b830e9884c7ab89fd2d4c816ab2a06e,0.022729505901056046,0.0046912225274891636,normalized94_abs_anchor_delta94_identity1,5ca38ebab9e2d191354ce7db934bf08f2b50c31bad2a7874ac97af410c8ebfc0,48c965dc26fb685a29651809deb852c6f1495b9ef1388224e171ddbd6892f5f9
UNION_s1,objective,114,1.0187918213007963,0.9960873354008851,0.7545005075095165,TRAIN_LOG1P_ANCHOR_EXCESS_MARGIN_CE,5c2de947a760409b6a53c35062aaf9719b830e9884c7ab89fd2d4c816ab2a06e,0.022704485899911177,0.001334444143236513,normalized94_abs_anchor_delta94_identity1,5ca38ebab9e2d191354ce7db934bf08f2b50c31bad2a7874ac97af410c8ebfc0,cb75462716e69c5de0963500d5a13ac136cd1b03fd0409a1031d9df0aef26d16
UNION_s1,objective,115,1.018786039214556,0.996069546169042,0.7542395361385769,TRAIN_LOG1P_ANCHOR_EXCESS_MARGIN_CE,5c2de947a760409b6a53c35062aaf9719b830e9884c7ab89fd2d4c816ab2a06e,0.022716493045514145,0.000650900783381749,normalized94_abs_anchor_delta94_identity1,5ca38ebab9e2d191354ce7db934bf08f2b50c31bad2a7874ac97af410c8ebfc0,24bd020e67b0e9cf5dd7f2b978fed050250f9ef9beff12b92b65b69e70b06fc7
UNION_s1,objective,116,1.0187824449594556,0.9960483569051823,0.7540910738139897,TRAIN_LOG1P_ANCHOR_EXCESS_MARGIN_CE,5c2de947a760409b6a53c35062aaf9719b830e9884c7ab89fd2d4c816ab2a06e,0.022734088054273318,0.00046397916617533667,normalized94_abs_anchor_delta94_identity1,5ca38ebab9e2d191354ce7db934bf08f2b50c31bad2a7874ac97af410c8ebfc0,ab298f270c8c84cda4a6693bac9b4830f64f98e9ed98431a711747fc5298e3de
UNION_s1,objective,117,1.0187794586952028,0.9960259485800438,0.7541554128239173,TRAIN_LOG1P_ANCHOR_EXCESS_MARGIN_CE,5c2de947a760409b6a53c35062aaf9719b830e9884c7ab89fd2d4c816ab2a06e,0.022753510115158977,0.0004933792575763526,normalized94_abs_anchor_delta94_identity1,5ca38ebab9e2d191354ce7db934bf08f2b50c31bad2a7874ac97af410c8ebfc0,e3fdf82bf9da61c7e42fc0f614d757df128e9c0e03645d440bd79286f3685e3c
UNION_s1,objective,118,1.0187872125436328,0.9959886973779482,0.7530260344029196,TRAIN_LOG1P_ANCHOR_EXCESS_MARGIN_CE,5c2de947a760409b6a53c35062aaf9719b830e9884c7ab89fd2d4c816ab2a06e,0.022798515165684725,0.003972977309607272,normalized94_abs_anchor_delta94_identity1,5ca38ebab9e2d191354ce7db934bf08f2b50c31bad2a7874ac97af410c8ebfc0,24c3c063f372ece02cc1eec87dac7145a24280ba4eab588e14b9387759106d34
UNION_s1,objective,119,1.0187783950195166,0.9960133550023125,0.7538626735797846,TRAIN_LOG1P_ANCHOR_EXCESS_MARGIN_CE,5c2de947a760409b6a53c35062aaf9719b830e9884c7ab89fd2d4c816ab2a06e,0.022765040017204138,0.0011954163738125973,normalized94_abs_anchor_delta94_identity1,5ca38ebab9e2d191354ce7db934bf08f2b50c31bad2a7874ac97af410c8ebfc0,4226e9bc519e0227c6720d35ee6e6d7bbd54a0c9833c6737177343b9af8b558a
UNION_s1,objective,120,1.0187759401357093,0.9959988141393236,0.7540342838492488,TRAIN_LOG1P_ANCHOR_EXCESS_MARGIN_CE,5c2de947a760409b6a53c35062aaf9719b830e9884c7ab89fd2d4c816ab2a06e,0.022777125996385806,0.0008091344727657033,normalized94_abs_anchor_delta94_identity1,5ca38ebab9e2d191354ce7db934bf08f2b50c31bad2a7874ac97af410c8ebfc0,8175d87b59744c74f9cb2ab84a5a8ee21f07645715f04a0ebae51f4e59c04d40
UNION_s1,objective,121,1.0187725641475043,0.9959837815184873,0.7541748719204557,TRAIN_LOG1P_ANCHOR_EXCESS_MARGIN_CE,5c2de947a760409b6a53c35062aaf9719b830e9884c7ab89fd2d4c816ab2a06e,0.0227887826290169,0.00042357956019361046,normalized94_abs_anchor_delta94_identity1,5ca38ebab9e2d191354ce7db934bf08f2b50c31bad2a7874ac97af410c8ebfc0,a779188a982f6c6a3f0a891474ecf5955075045a2220459e371155f01ba4efb6
UNION_s1,objective,122,1.018769842592487,0.9959724416186924,0.7542005035302343,TRAIN_LOG1P_ANCHOR_EXCESS_MARGIN_CE,5c2de947a760409b6a53c35062aaf9719b830e9884c7ab89fd2d4c816ab2a06e,0.022797400973794676,0.0005061624345486657,normalized94_abs_anchor_delta94_identity1,5ca38ebab9e2d191354ce7db934bf08f2b50c31bad2a7874ac97af410c8ebfc0,827a6fbe4ad598bb94277bcd53008715dd92ab70d14897d0f59a838826f88f58
UNION_s1,objective,123,1.018767037310375,0.9959600602543571,0.7541330744371539,TRAIN_LOG1P_ANCHOR_EXCESS_MARGIN_CE,5c2de947a760409b6a53c35062aaf9719b830e9884c7ab89fd2d4c816ab2a06e,0.022806977056017936,0.0005615332927788666,normalized94_abs_anchor_delta94_identity1,5ca38ebab9e2d191354ce7db934bf08f2b50c31bad2a7874ac97af410c8ebfc0,a6271c0340ad11f693e6ac12462164633c6fcea92258f06b1ad3f98e1f20a9d9
UNION_s1,objective,124,1.018762520489311,0.9959354436121658,0.7542450422803023,TRAIN_LOG1P_ANCHOR_EXCESS_MARGIN_CE,5c2de947a760409b6a53c35062aaf9719b830e9884c7ab89fd2d4c816ab2a06e,0.022827076877145074,0.0006097741707505181,normalized94_abs_anchor_delta94_identity1,5ca38ebab9e2d191354ce7db934bf08f2b50c31bad2a7874ac97af410c8ebfc0,6fac113593bb523180df93fc5e80e3b87fb7c6fa19a15424140fea4701bd66b2
UNION_s1,objective,125,1.0187665321494732,0.9958973879150418,0.7539292697344653,TRAIN_LOG1P_ANCHOR_EXCESS_MARGIN_CE,5c2de947a760409b6a53c35062aaf9719b830e9884c7ab89fd2d4c816ab2a06e,0.022869144234431534,0.0019858128567601815,normalized94_abs_anchor_delta94_identity1,5ca38ebab9e2d191354ce7db934bf08f2b50c31bad2a7874ac97af410c8ebfc0,24fa976961f5b5d885cbf1633eefa4c53de7d5a266343289e193ee111c2b0fb6
UNION_s1,objective,126,1.0187603640018055,0.9959178121103768,0.754125553315509,TRAIN_LOG1P_ANCHOR_EXCESS_MARGIN_CE,5c2de947a760409b6a53c35062aaf9719b830e9884c7ab89fd2d4c816ab2a06e,0.022842551891428593,0.0007070100100283238,normalized94_abs_anchor_delta94_identity1,5ca38ebab9e2d191354ce7db934bf08f2b50c31bad2a7874ac97af410c8ebfc0,bfabdeb692a23e4e6cb32583c65de615e8a293104809b61bd0a76636d840ce9d
UNION_s1,objective,127,1.0187584828181737,0.9959116101694028,0.7541204305151129,TRAIN_LOG1P_ANCHOR_EXCESS_MARGIN_CE,5c2de947a760409b6a53c35062aaf9719b830e9884c7ab89fd2d4c816ab2a06e,0.02284687264877105,0.0003239702807824351,normalized94_abs_anchor_delta94_identity1,5ca38ebab9e2d191354ce7db934bf08f2b50c31bad2a7874ac97af410c8ebfc0,e64c0c5ad10069c56caf555f238a1124c3a89f54d86c44a63cd69dcc4347c324
UNION_s1,objective,128,1.0187573052976013,0.9959061769293961,0.7541831216906718,TRAIN_LOG1P_ANCHOR_EXCESS_MARGIN_CE,5c2de947a760409b6a53c35062aaf9719b830e9884c7ab89fd2d4c816ab2a06e,0.02285112836820515,0.00037928610092253004,normalized94_abs_anchor_delta94_identity1,5ca38ebab9e2d191354ce7db934bf08f2b50c31bad2a7874ac97af410c8ebfc0,894d42bcd7ecd5372d58ffd09f439504cd9729b392d247a8594631eb32de024b
UNION_s1,objective,129,1.0187556175189656,0.9958967204965826,0.7540092081287358,TRAIN_LOG1P_ANCHOR_EXCESS_MARGIN_CE,5c2de947a760409b6a53c35062aaf9719b830e9884c7ab89fd2d4c816ab2a06e,0.02285889702238297,0.0009337486461407906,normalized94_abs_anchor_delta94_identity1,5ca38ebab9e2d191354ce7db934bf08f2b50c31bad2a7874ac97af410c8ebfc0,b16dfc791c63aea698d91f10fac68e881fcfbe58c83f13d2835100725b6ab244
UNION_s1,objective,130,1.0187534014751376,0.9958833839732032,0.7540597168237356,TRAIN_LOG1P_ANCHOR_EXCESS_MARGIN_CE,5c2de947a760409b6a53c35062aaf9719b830e9884c7ab89fd2d4c816ab2a06e,0.022870017501934393,0.0006479476616349432,normalized94_abs_anchor_delta94_identity1,5ca38ebab9e2d191354ce7db934bf08f2b50c31bad2a7874ac97af410c8ebfc0,b6d58d5648ec09bd9ab7246c7f5bd9fe3cd3ec47137c275fbaa7f6de29458e3d
UNION_s1,objective,131,1.0187513435255762,0.9958617629733157,0.7539698994306414,TRAIN_LOG1P_ANCHOR_EXCESS_MARGIN_CE,5c2de947a760409b6a53c35062aaf9719b830e9884c7ab89fd2d4c816ab2a06e,0.02288958055226033,0.0005921035796094257,normalized94_abs_anchor_delta94_identity1,5ca38ebab9e2d191354ce7db934bf08f2b50c31bad2a7874ac97af410c8ebfc0,7ed8cdcfdf19e70ef835c6d798cb13f4d864f16ce32e811f98abade4174eb2cc
UNION_s1,objective,132,1.0187815196096714,0.9958732591849603,0.7561051024016154,TRAIN_LOG1P_ANCHOR_EXCESS_MARGIN_CE,5c2de947a760409b6a53c35062aaf9719b830e9884c7ab89fd2d4c816ab2a06e,0.022908260424711176,0.00669653597565456,normalized94_abs_anchor_delta94_identity1,5ca38ebab9e2d191354ce7db934bf08f2b50c31bad2a7874ac97af410c8ebfc0,8a9b880926f16f19894db14a59cb4c9a184c6560bc12375052001cba0f2f8322
UNION_s1,objective,133,1.01875072707325,0.99585888542403,0.7542314129579272,TRAIN_LOG1P_ANCHOR_EXCESS_MARGIN_CE,5c2de947a760409b6a53c35062aaf9719b830e9884c7ab89fd2d4c816ab2a06e,0.022891841649220066,0.0004816861175145384,normalized94_abs_anchor_delta94_identity1,5ca38ebab9e2d191354ce7db934bf08f2b50c31bad2a7874ac97af410c8ebfc0,245d70ba523df59d479b552e2e95719788b896c060eeb6233bbd820fd2d2581e
UNION_s1,objective,134,1.0187499869123016,0.9958517017141318,0.7541801346951527,TRAIN_LOG1P_ANCHOR_EXCESS_MARGIN_CE,5c2de947a760409b6a53c35062aaf9719b830e9884c7ab89fd2d4c816ab2a06e,0.02289828519816963,0.0004898597113448038,normalized94_abs_anchor_delta94_identity1,5ca38ebab9e2d191354ce7db934bf08f2b50c31bad2a7874ac97af410c8ebfc0,ee0a4b2a6394ab606c6ee906041fdb18f623ebdd0e8fc9bc543a90ed9da6dbf8
UNION_s1,objective,135,1.0187477262625406,0.9958451483916475,0.7539521486595399,TRAIN_LOG1P_ANCHOR_EXCESS_MARGIN_CE,5c2de947a760409b6a53c35062aaf9719b830e9884c7ab89fd2d4c816ab2a06e,0.022902577870893007,0.00041222409402504176,normalized94_abs_anchor_delta94_identity1,5ca38ebab9e2d191354ce7db934bf08f2b50c31bad2a7874ac97af410c8ebfc0,724ac771ded2401c575ba05bfff7b8bd55e47a7f1d0c5821096103e719192ac4
UNION_s1,objective,136,1.0187453365195118,0.9958273268997899,0.7540712970007775,TRAIN_LOG1P_ANCHOR_EXCESS_MARGIN_CE,5c2de947a760409b6a53c35062aaf9719b830e9884c7ab89fd2d4c816ab2a06e,0.02291800961972188,0.00032982209829226963,normalized94_abs_anchor_delta94_identity1,5ca38ebab9e2d191354ce7db934bf08f2b50c31bad2a7874ac97af410c8ebfc0,e238d07d74c4d657be527e56fa5627aec8e47e616f60ca7abd634b50c83de116
UNION_s1,objective,137,1.0187432697616894,0.9958245936491826,0.7541133619633075,TRAIN_LOG1P_ANCHOR_EXCESS_MARGIN_CE,5c2de947a760409b6a53c35062aaf9719b830e9884c7ab89fd2d4c816ab2a06e,0.022918676112506788,0.0002672817327147863,normalized94_abs_anchor_delta94_identity1,5ca38ebab9e2d191354ce7db934bf08f2b50c31bad2a7874ac97af410c8ebfc0,9bc141237d0349c90fde0ba755fad58180a28c63c1902747d8bc0c3f52c9e5a5
UNION_s1,objective,138,1.0187395018413998,0.9958194625978282,0.7541533271246001,TRAIN_LOG1P_ANCHOR_EXCESS_MARGIN_CE,5c2de947a760409b6a53c35062aaf9719b830e9884c7ab89fd2d4c816ab2a06e,0.02292003924357177,0.0003726119370208505,normalized94_abs_anchor_delta94_identity1,5ca38ebab9e2d191354ce7db934bf08f2b50c31bad2a7874ac97af410c8ebfc0,6a1a4bcd8b8c5c45e064e8d2d120bbbb179506e8763b81a748d17da2ac01baf4
UNION_s1,objective,139,1.0187436628214905,0.9958070879475163,0.7540660265586789,TRAIN_LOG1P_ANCHOR_EXCESS_MARGIN_CE,5c2de947a760409b6a53c35062aaf9719b830e9884c7ab89fd2d4c816ab2a06e,0.02293657487397431,0.002059850064362767,normalized94_abs_anchor_delta94_identity1,5ca38ebab9e2d191354ce7db934bf08f2b50c31bad2a7874ac97af410c8ebfc0,fd1e890dc6a768888ec73ec1c4e2c76100d8dc0c5be3e8bdc711d19fc9154017
UNION_s1,objective,140,1.0187384321243933,0.9958133230963245,0.7541246210912605,TRAIN_LOG1P_ANCHOR_EXCESS_MARGIN_CE,5c2de947a760409b6a53c35062aaf9719b830e9884c7ab89fd2d4c816ab2a06e,0.02292510902806885,0.0005622150268616305,normalized94_abs_anchor_delta94_identity1,5ca38ebab9e2d191354ce7db934bf08f2b50c31bad2a7874ac97af410c8ebfc0,305e7a3a93940d539663efaea83b7b7bb58d0f2eb86213a010d9e733a1b3f313
UNION_s1,objective,141,1.0187360960296794,0.9958050401384904,0.754115077067563,TRAIN_LOG1P_ANCHOR_EXCESS_MARGIN_CE,5c2de947a760409b6a53c35062aaf9719b830e9884c7ab89fd2d4c816ab2a06e,0.02293105589118913,0.0003559481183311896,normalized94_abs_anchor_delta94_identity1,5ca38ebab9e2d191354ce7db934bf08f2b50c31bad2a7874ac97af410c8ebfc0,c9655431098f6a49b9b45d163535b818bc2a975c2cb314e342649f0376d95a78
UNION_s1,objective,142,1.018733849915664,0.9957951303957326,0.7540607920514185,TRAIN_LOG1P_ANCHOR_EXCESS_MARGIN_CE,5c2de947a760409b6a53c35062aaf9719b830e9884c7ab89fd2d4c816ab2a06e,0.022938719519931296,0.00025303640058335733,normalized94_abs_anchor_delta94_identity1,5ca38ebab9e2d191354ce7db934bf08f2b50c31bad2a7874ac97af410c8ebfc0,2ca63d0ff2a88a4d61afdb9036da2b8fd269f741497af4732ab2322543fec85a
UNION_s1,objective,143,1.0187316930881982,0.9957813514694174,0.7539286129153029,TRAIN_LOG1P_ANCHOR_EXCESS_MARGIN_CE,5c2de947a760409b6a53c35062aaf9719b830e9884c7ab89fd2d4c816ab2a06e,0.022950341618780883,0.0003942853289099821,normalized94_abs_anchor_delta94_identity1,5ca38ebab9e2d191354ce7db934bf08f2b50c31bad2a7874ac97af410c8ebfc0,fe645dc50e4b4b49607a3d0fa4198069356dd921a7e37cf77c140395ada0087e
UNION_s1,objective,144,1.0187326873484404,0.9957782277624037,0.7542194571989229,TRAIN_LOG1P_ANCHOR_EXCESS_MARGIN_CE,5c2de947a760409b6a53c35062aaf9719b830e9884c7ab89fd2d4c816ab2a06e,0.022954459586036632,0.0009949703672046193,normalized94_abs_anchor_delta94_identity1,5ca38ebab9e2d191354ce7db934bf08f2b50c31bad2a7874ac97af410c8ebfc0,37f78e6f6b0052df28d1dc761e42dece5d4e6ca6836c37f877e91ecbf263a622
UNION_s1,objective,145,1.0187308858648891,0.9957789152309015,0.7540442198746654,TRAIN_LOG1P_ANCHOR_EXCESS_MARGIN_CE,5c2de947a760409b6a53c35062aaf9719b830e9884c7ab89fd2d4c816ab2a06e,0.022951970633987778,0.00028319461386195965,normalized94_abs_anchor_delta94_identity1,5ca38ebab9e2d191354ce7db934bf08f2b50c31bad2a7874ac97af410c8ebfc0,4749ad8cfbb78a8b7238af763dd37cb23ed4971356d93857f775c0ec2ba6a6fa
UNION_s1,objective,146,1.0187302744514055,0.9957773222297678,0.7539214326216483,TRAIN_LOG1P_ANCHOR_EXCESS_MARGIN_CE,5c2de947a760409b6a53c35062aaf9719b830e9884c7ab89fd2d4c816ab2a06e,0.022952952221637676,0.0003558948796107936,normalized94_abs_anchor_delta94_identity1,5ca38ebab9e2d191354ce7db934bf08f2b50c31bad2a7874ac97af410c8ebfc0,e2a0c5a60dabfaf4b5c9a1548a71c595f980b911ee4c4abd9bc2a1900a582c4c
UNION_s1,objective,147,1.0187298365351523,0.9957750707464847,0.754092696711455,TRAIN_LOG1P_ANCHOR_EXCESS_MARGIN_CE,5c2de947a760409b6a53c35062aaf9719b830e9884c7ab89fd2d4c816ab2a06e,0.022954765788667505,0.00037884400568611893,normalized94_abs_anchor_delta94_identity1,5ca38ebab9e2d191354ce7db934bf08f2b50c31bad2a7874ac97af410c8ebfc0,d380977a2aa80c04fee1069b384401b90215255fdfb331bf3fb77628a6491ebf
UNION_s1,objective,148,1.0187294721871913,0.995776356285196,0.7540175394345798,TRAIN_LOG1P_ANCHOR_EXCESS_MARGIN_CE,5c2de947a760409b6a53c35062aaf9719b830e9884c7ab89fd2d4c816ab2a06e,0.022953115901995298,0.0001873712020389978,normalized94_abs_anchor_delta94_identity1,5ca38ebab9e2d191354ce7db934bf08f2b50c31bad2a7874ac97af410c8ebfc0,3c0e9f1777a875972e91989a0468329758791c41999006d23607406c0d39929a
UNION_s1,objective,149,1.0187291559465594,0.9957769240755365,0.7540065151179816,TRAIN_LOG1P_ANCHOR_EXCESS_MARGIN_CE,5c2de947a760409b6a53c35062aaf9719b830e9884c7ab89fd2d4c816ab2a06e,0.022952231871022844,0.00022990133443780275,normalized94_abs_anchor_delta94_identity1,5ca38ebab9e2d191354ce7db934bf08f2b50c31bad2a7874ac97af410c8ebfc0,63def853dd400c97dc510b232a05d168e52878df7f5788d24cadb5c54cab2391
UNION_s1,objective,150,1.018728730066967,0.9957761502447109,0.7540214940737507,TRAIN_LOG1P_ANCHOR_EXCESS_MARGIN_CE,5c2de947a760409b6a53c35062aaf9719b830e9884c7ab89fd2d4c816ab2a06e,0.02295257982225597,0.00023384105088509446,normalized94_abs_anchor_delta94_identity1,5ca38ebab9e2d191354ce7db934bf08f2b50c31bad2a7874ac97af410c8ebfc0,4f4ec7236ea9bc2805d6d3a121407b2e9dd7801613bf7f6e9881c0182af856ff
UNION_s1,objective,151,1.0187276785054684,0.9957742113308462,0.7540436338298948,TRAIN_LOG1P_ANCHOR_EXCESS_MARGIN_CE,5c2de947a760409b6a53c35062aaf9719b830e9884c7ab89fd2d4c816ab2a06e,0.022953467174622218,0.00023568616233027962,normalized94_abs_anchor_delta94_identity1,5ca38ebab9e2d191354ce7db934bf08f2b50c31bad2a7874ac97af410c8ebfc0,6993af5e83ad8cf04cd830ba8a6ce7856feb217926c8f37a5385b9b576aa9887
UNION_s1,objective,152,1.018727304900948,0.9957708716150333,0.754032729814424,TRAIN_LOG1P_ANCHOR_EXCESS_MARGIN_CE,5c2de947a760409b6a53c35062aaf9719b830e9884c7ab89fd2d4c816ab2a06e,0.022956433285914603,0.0003673403680639375,normalized94_abs_anchor_delta94_identity1,5ca38ebab9e2d191354ce7db934bf08f2b50c31bad2a7874ac97af410c8ebfc0,fc38350c2e8dafa2060dd638bbdbbfd5ff3e20ede241b4e5414e7c503c8766b4
UNION_s1,objective,153,1.018726553161148,0.9957709651058969,0.7540843380356708,TRAIN_LOG1P_ANCHOR_EXCESS_MARGIN_CE,5c2de947a760409b6a53c35062aaf9719b830e9884c7ab89fd2d4c816ab2a06e,0.022955588055251146,0.00023855842241593674,normalized94_abs_anchor_delta94_identity1,5ca38ebab9e2d191354ce7db934bf08f2b50c31bad2a7874ac97af410c8ebfc0,64fced4fe4b14c508b069d0e4bf50b097f531136145e4b0255fe659778a96c3e
UNION_s1,objective,154,1.0187262835741422,0.9957706506943417,0.7541263015410098,TRAIN_LOG1P_ANCHOR_EXCESS_MARGIN_CE,5c2de947a760409b6a53c35062aaf9719b830e9884c7ab89fd2d4c816ab2a06e,0.022955632879800476,0.0001675329704846919,normalized94_abs_anchor_delta94_identity1,5ca38ebab9e2d191354ce7db934bf08f2b50c31bad2a7874ac97af410c8ebfc0,923cc84cb49788e2dfa080c4208f645f085ac93549d1d15858b5f6c2cfd9f429
UNION_s1,objective,155,1.018726064655242,0.9957708598118793,0.754125751523226,TRAIN_LOG1P_ANCHOR_EXCESS_MARGIN_CE,5c2de947a760409b6a53c35062aaf9719b830e9884c7ab89fd2d4c816ab2a06e,0.022955204843362772,0.0001342015252393718,normalized94_abs_anchor_delta94_identity1,5ca38ebab9e2d191354ce7db934bf08f2b50c31bad2a7874ac97af410c8ebfc0,381322b45f568133deb6e63f8a5d74bfe9677fd51c6175beb142f62622552e84
UNION_s1,objective,156,1.0187257327753718,0.9957714606448762,0.7541111977710909,TRAIN_LOG1P_ANCHOR_EXCESS_MARGIN_CE,5c2de947a760409b6a53c35062aaf9719b830e9884c7ab89fd2d4c816ab2a06e,0.022954272130495675,0.00017192823678381455,normalized94_abs_anchor_delta94_identity1,5ca38ebab9e2d191354ce7db934bf08f2b50c31bad2a7874ac97af410c8ebfc0,b01704d8fee27fa2215c0866770e938c86c59c3381a6d44366c77e3e2947d9a0
UNION_s1,objective,157,1.0187253499220934,0.995771136289226,0.7540512952064359,TRAIN_LOG1P_ANCHOR_EXCESS_MARGIN_CE,5c2de947a760409b6a53c35062aaf9719b830e9884c7ab89fd2d4c816ab2a06e,0.022954213632867346,0.00015901795833607552,normalized94_abs_anchor_delta94_identity1,5ca38ebab9e2d191354ce7db934bf08f2b50c31bad2a7874ac97af410c8ebfc0,be49f642d5a01e220d0b5621b80a4e3ecbb27bba37f1b8c128111a42b315bf1c
UNION_s1,objective,158,1.0187249922779524,0.995770971501062,0.7541546409963097,TRAIN_LOG1P_ANCHOR_EXCESS_MARGIN_CE,5c2de947a760409b6a53c35062aaf9719b830e9884c7ab89fd2d4c816ab2a06e,0.022954020776890478,0.00032029063786797403,normalized94_abs_anchor_delta94_identity1,5ca38ebab9e2d191354ce7db934bf08f2b50c31bad2a7874ac97af410c8ebfc0,5fb11e45962c61dc1a8f2f49dc1abf00fe95601f57d4c404331939d371caa554
UNION_s1,objective,159,1.0187250471677216,0.9957706289959118,0.7538862712795283,TRAIN_LOG1P_ANCHOR_EXCESS_MARGIN_CE,5c2de947a760409b6a53c35062aaf9719b830e9884c7ab89fd2d4c816ab2a06e,0.022954418171809658,0.0006782272758403386,normalized94_abs_anchor_delta94_identity1,5ca38ebab9e2d191354ce7db934bf08f2b50c31bad2a7874ac97af410c8ebfc0,3b2ee4f500d45235b79eceb3bdaab74f91886cbdf1170311b87160dda8c39a00
UNION_s1,objective,160,1.0187248502247817,0.9957706512341751,0.7540313014185822,TRAIN_LOG1P_ANCHOR_EXCESS_MARGIN_CE,5c2de947a760409b6a53c35062aaf9719b830e9884c7ab89fd2d4c816ab2a06e,0.022954198990606647,0.0002148467890790249,normalized94_abs_anchor_delta94_identity1,5ca38ebab9e2d191354ce7db934bf08f2b50c31bad2a7874ac97af410c8ebfc0,baa76bed6d11a35ecdf19b3c8f800c2cfeab8de0a3e2bfe242759da93eddd23f
UNION_s1,objective,161,1.0187247585058836,0.9957704788957555,0.7540576716798209,TRAIN_LOG1P_ANCHOR_EXCESS_MARGIN_CE,5c2de947a760409b6a53c35062aaf9719b830e9884c7ab89fd2d4c816ab2a06e,0.022954279610128154,0.00018412727215996283,normalized94_abs_anchor_delta94_identity1,5ca38ebab9e2d191354ce7db934bf08f2b50c31bad2a7874ac97af410c8ebfc0,b5432e8c4a57de88080a89255a6921eefb30f0ec7c67f96f62a7969b74803cda
UNION_s1,objective,162,1.0187245139265277,0.9957700044855968,0.7541031806354744,TRAIN_LOG1P_ANCHOR_EXCESS_MARGIN_CE,5c2de947a760409b6a53c35062aaf9719b830e9884c7ab89fd2d4c816ab2a06e,0.022954509440930894,0.00011851894966993823,normalized94_abs_anchor_delta94_identity1,5ca38ebab9e2d191354ce7db934bf08f2b50c31bad2a7874ac97af410c8ebfc0,5a6d1d658df5693fb184b34bb2b9281dae28bcd3eedcb79c2a9e4bf2b0293ec4
UNION_s1,objective,163,1.0187243317601797,0.9957701998786268,0.7541297099526555,TRAIN_LOG1P_ANCHOR_EXCESS_MARGIN_CE,5c2de947a760409b6a53c35062aaf9719b830e9884c7ab89fd2d4c816ab2a06e,0.022954131881552868,0.0001260294985626001,normalized94_abs_anchor_delta94_identity1,5ca38ebab9e2d191354ce7db934bf08f2b50c31bad2a7874ac97af410c8ebfc0,c7ce936afeb960b065b43605a7a73b0dfb75d2214b49de4eda53c46c6b08dea2
UNION_s1,objective,164,1.018723937835904,0.9957709963129336,0.7541324920753313,TRAIN_LOG1P_ANCHOR_EXCESS_MARGIN_CE,5c2de947a760409b6a53c35062aaf9719b830e9884c7ab89fd2d4c816ab2a06e,0.02295294152297035,0.00013901767430807643,normalized94_abs_anchor_delta94_identity1,5ca38ebab9e2d191354ce7db934bf08f2b50c31bad2a7874ac97af410c8ebfc0,ac54f3c356961ec759f832ae22a62366ebb93176f85801eb2cef5521362ff0a5
UNION_s1,objective,165,1.0187237100607673,0.995772816774537,0.754120230042829,TRAIN_LOG1P_ANCHOR_EXCESS_MARGIN_CE,5c2de947a760409b6a53c35062aaf9719b830e9884c7ab89fd2d4c816ab2a06e,0.02295089328623026,0.0002046653428942702,normalized94_abs_anchor_delta94_identity1,5ca38ebab9e2d191354ce7db934bf08f2b50c31bad2a7874ac97af410c8ebfc0,d42a1ba491df2b1eb7a27c8dbf0d29514f2d6f8091b015af543e224ff7fc8981
UNION_s1,objective,166,1.0187235052887742,0.9957734712068639,0.7540692965596232,TRAIN_LOG1P_ANCHOR_EXCESS_MARGIN_CE,5c2de947a760409b6a53c35062aaf9719b830e9884c7ab89fd2d4c816ab2a06e,0.022950034081910334,0.0001683930032803654,normalized94_abs_anchor_delta94_identity1,5ca38ebab9e2d191354ce7db934bf08f2b50c31bad2a7874ac97af410c8ebfc0,284d097bc987ca5e949942226ad5d4f62cffc41327731d0827b99929262d2c40
UNION_s1,objective,167,1.0187233779640095,0.995773728969976,0.7540541942873404,TRAIN_LOG1P_ANCHOR_EXCESS_MARGIN_CE,5c2de947a760409b6a53c35062aaf9719b830e9884c7ab89fd2d4c816ab2a06e,0.02294964899403358,0.00011151467064303606,normalized94_abs_anchor_delta94_identity1,5ca38ebab9e2d191354ce7db934bf08f2b50c31bad2a7874ac97af410c8ebfc0,e49433ea12bc30306cdc5a103c3465a2529c4b4eea06d65cc69856521e29d948
UNION_s1,objective,168,1.0187232272156734,0.9957746051011173,0.7540446639523491,TRAIN_LOG1P_ANCHOR_EXCESS_MARGIN_CE,5c2de947a760409b6a53c35062aaf9719b830e9884c7ab89fd2d4c816ab2a06e,0.022948622114556103,9.254992226181019e-05,normalized94_abs_anchor_delta94_identity1,5ca38ebab9e2d191354ce7db934bf08f2b50c31bad2a7874ac97af410c8ebfc0,3c23e38416450e162b666da6035f2f8f4881d054b75c3e1b4f4ce8c9fa8a13b3
UNION_s1,objective,169,1.0187230932156064,0.9957755284813335,0.7540465113143906,TRAIN_LOG1P_ANCHOR_EXCESS_MARGIN_CE,5c2de947a760409b6a53c35062aaf9719b830e9884c7ab89fd2d4c816ab2a06e,0.02294756473427283,0.00010693202156193781,normalized94_abs_anchor_delta94_identity1,5ca38ebab9e2d191354ce7db934bf08f2b50c31bad2a7874ac97af410c8ebfc0,9d457837eb1de1083ccb0d8d76e3f30ec1a770ca94342c123a6c238c1878ecd4
UNION_s1,objective,170,1.0187228293451822,0.9957774641566469,0.7540541957435952,TRAIN_LOG1P_ANCHOR_EXCESS_MARGIN_CE,5c2de947a760409b6a53c35062aaf9719b830e9884c7ab89fd2d4c816ab2a06e,0.022945365188535263,0.00011394680779085914,normalized94_abs_anchor_delta94_identity1,5ca38ebab9e2d191354ce7db934bf08f2b50c31bad2a7874ac97af410c8ebfc0,c9e31c76f0b8b319a77c2b43e32f4c874947c279f5b630828281ab6b692314e2
UNION_s1,objective,171,1.0187226225036663,0.9957803957356176,0.7541799308863064,TRAIN_LOG1P_ANCHOR_EXCESS_MARGIN_CE,5c2de947a760409b6a53c35062aaf9719b830e9884c7ab89fd2d4c816ab2a06e,0.02294222676804858,0.000363684717653362,normalized94_abs_anchor_delta94_identity1,5ca38ebab9e2d191354ce7db934bf08f2b50c31bad2a7874ac97af410c8ebfc0,4e92cce19f4011b3c9715b270871df645986fca0b7fc3f418d4a729c42697829
UNION_s1,objective,172,1.0187224209566565,0.9957824876365154,0.7540569068267994,TRAIN_LOG1P_ANCHOR_EXCESS_MARGIN_CE,5c2de947a760409b6a53c35062aaf9719b830e9884c7ab89fd2d4c816ab2a06e,0.022939933320141125,0.0001013657257146991,normalized94_abs_anchor_delta94_identity1,5ca38ebab9e2d191354ce7db934bf08f2b50c31bad2a7874ac97af410c8ebfc0,6f2a95fb6aebc8124e9733b5528c62731af6a15a3729ace090b502609bb5a497
UNION_s1,objective,173,1.018722358567116,0.9957819453683936,0.7540710220961307,TRAIN_LOG1P_ANCHOR_EXCESS_MARGIN_CE,5c2de947a760409b6a53c35062aaf9719b830e9884c7ab89fd2d4c816ab2a06e,0.02294041319872224,6.711523731029603e-05,normalized94_abs_anchor_delta94_identity1,5ca38ebab9e2d191354ce7db934bf08f2b50c31bad2a7874ac97af410c8ebfc0,3e3c6ffafdcb47b5893680435e08384175d085706bf63c3e2a1322acbd79c01f
UNION_s1,objective,174,1.0187222947229166,0.995782109456102,0.7540756164453359,TRAIN_LOG1P_ANCHOR_EXCESS_MARGIN_CE,5c2de947a760409b6a53c35062aaf9719b830e9884c7ab89fd2d4c816ab2a06e,0.02294018526681466,7.534560192940909e-05,normalized94_abs_anchor_delta94_identity1,5ca38ebab9e2d191354ce7db934bf08f2b50c31bad2a7874ac97af410c8ebfc0,1ac757dfbf80d36151b86d38b17ead4be1bd72f3869df1b409a21b9975014f58
UNION_s1,objective,175,1.0187221785838882,0.995783179951938,0.754093009796048,TRAIN_LOG1P_ANCHOR_EXCESS_MARGIN_CE,5c2de947a760409b6a53c35062aaf9719b830e9884c7ab89fd2d4c816ab2a06e,0.02293899863195027,9.77388854207886e-05,normalized94_abs_anchor_delta94_identity1,5ca38ebab9e2d191354ce7db934bf08f2b50c31bad2a7874ac97af410c8ebfc0,4b3aab2bb11f58486c94848f35565a5c084cf41cf65fe67046529ef4d80c62cf
UNION_s1,objective,176,1.0187220779710884,0.9957866399082178,0.7540713028705842,TRAIN_LOG1P_ANCHOR_EXCESS_MARGIN_CE,5c2de947a760409b6a53c35062aaf9719b830e9884c7ab89fd2d4c816ab2a06e,0.022935438062870576,0.00013795857576059988,normalized94_abs_anchor_delta94_identity1,5ca38ebab9e2d191354ce7db934bf08f2b50c31bad2a7874ac97af410c8ebfc0,ced7cec834d05901553ee0c049b69eb42331d1eb8071459c2aafafe8a2fc707f
UNION_s1,objective,177,1.018721975075915,0.9957885406858498,0.7540758805784198,TRAIN_LOG1P_ANCHOR_EXCESS_MARGIN_CE,5c2de947a760409b6a53c35062aaf9719b830e9884c7ab89fd2d4c816ab2a06e,0.02293343439006541,0.00015761542457478413,normalized94_abs_anchor_delta94_identity1,5ca38ebab9e2d191354ce7db934bf08f2b50c31bad2a7874ac97af410c8ebfc0,2c736cb7acad82568f8263d5dbb3bf7808cdd1b4d690b44b66c26ab6c1723730
UNION_s1,objective,178,1.0187218945952237,0.9957886467070998,0.7540917475507983,TRAIN_LOG1P_ANCHOR_EXCESS_MARGIN_CE,5c2de947a760409b6a53c35062aaf9719b830e9884c7ab89fd2d4c816ab2a06e,0.02293324788812393,6.79809917992729e-05,normalized94_abs_anchor_delta94_identity1,5ca38ebab9e2d191354ce7db934bf08f2b50c31bad2a7874ac97af410c8ebfc0,17e38a252d7709e90de11e7280466fcdb96d57e2464649912e28e773855f5a3d
UNION_s1,objective,179,1.018721835714191,0.9957894518214575,0.7540894535317115,TRAIN_LOG1P_ANCHOR_EXCESS_MARGIN_CE,5c2de947a760409b6a53c35062aaf9719b830e9884c7ab89fd2d4c816ab2a06e,0.02293238389273349,7.497744990303655e-05,normalized94_abs_anchor_delta94_identity1,5ca38ebab9e2d191354ce7db934bf08f2b50c31bad2a7874ac97af410c8ebfc0,2c1abe8fc3ef4fbb42869146d207ad0e03ab094ea7e6b0e9014e666f705a4e37
UNION_s1,objective,180,1.0187217712440118,0.99579057211952,0.7540809090957422,TRAIN_LOG1P_ANCHOR_EXCESS_MARGIN_CE,5c2de947a760409b6a53c35062aaf9719b830e9884c7ab89fd2d4c816ab2a06e,0.022931199124491666,8.705161420600126e-05,normalized94_abs_anchor_delta94_identity1,5ca38ebab9e2d191354ce7db934bf08f2b50c31bad2a7874ac97af410c8ebfc0,7d71943b4b42dae16e0285042471c53e1174c92784891a5495e54c75ce6880ab
UNION_s1,objective,181,1.0187216634682243,0.9957925818005618,0.7540816919109091,TRAIN_LOG1P_ANCHOR_EXCESS_MARGIN_CE,5c2de947a760409b6a53c35062aaf9719b830e9884c7ab89fd2d4c816ab2a06e,0.02292908166766244,8.628401128623643e-05,normalized94_abs_anchor_delta94_identity1,5ca38ebab9e2d191354ce7db934bf08f2b50c31bad2a7874ac97af410c8ebfc0,8f3a2b6bd04aba3c61480ac128abe7e9a2415c5a1998a7bf757c47eef8b1b3e7
UNION_s1,objective,182,1.0187231338070568,0.9958034039512329,0.7543691580838177,TRAIN_LOG1P_ANCHOR_EXCESS_MARGIN_CE,5c2de947a760409b6a53c35062aaf9719b830e9884c7ab89fd2d4c816ab2a06e,0.0229197298558239,0.001124649499254588,normalized94_abs_anchor_delta94_identity1,5ca38ebab9e2d191354ce7db934bf08f2b50c31bad2a7874ac97af410c8ebfc0,b8bca755a0541a067ed84f2d57c160457a6ce4a511631430c0e0f683915144f4
UNION_s1,objective,183,1.01872164607149,0.995793490118137,0.7541096526294101,TRAIN_LOG1P_ANCHOR_EXCESS_MARGIN_CE,5c2de947a760409b6a53c35062aaf9719b830e9884c7ab89fd2d4c816ab2a06e,0.02292815595335304,9.09784027441124e-05,normalized94_abs_anchor_delta94_identity1,5ca38ebab9e2d191354ce7db934bf08f2b50c31bad2a7874ac97af410c8ebfc0,513d0782a2a064eb404bb634811571b9dd822804c3c65cb14c7d5c5e1ce71a12
UNION_s1,objective,184,1.0187215799977682,0.9957953530338175,0.7540753838975249,TRAIN_LOG1P_ANCHOR_EXCESS_MARGIN_CE,5c2de947a760409b6a53c35062aaf9719b830e9884c7ab89fd2d4c816ab2a06e,0.022926226963950788,5.884413153322998e-05,normalized94_abs_anchor_delta94_identity1,5ca38ebab9e2d191354ce7db934bf08f2b50c31bad2a7874ac97af410c8ebfc0,42731eae2e266ebc2b419b730480c974e87c69d54e5147186d5cb3e1fc509cde
UNION_s1,objective,185,1.0187215616823455,0.9957956408753987,0.7541120024843732,TRAIN_LOG1P_ANCHOR_EXCESS_MARGIN_CE,5c2de947a760409b6a53c35062aaf9719b830e9884c7ab89fd2d4c816ab2a06e,0.02292592080694682,9.928205845711971e-05,normalized94_abs_anchor_delta94_identity1,5ca38ebab9e2d191354ce7db934bf08f2b50c31bad2a7874ac97af410c8ebfc0,a1987bc09058075b717e91061d769e491a0fea86c1674e0b7b86c1eea4006fbc
UNION_s1,objective,186,1.0187215379864238,0.9957955962925098,0.7540977107062276,TRAIN_LOG1P_ANCHOR_EXCESS_MARGIN_CE,5c2de947a760409b6a53c35062aaf9719b830e9884c7ab89fd2d4c816ab2a06e,0.02292594169391396,6.813591234483696e-05,normalized94_abs_anchor_delta94_identity1,5ca38ebab9e2d191354ce7db934bf08f2b50c31bad2a7874ac97af410c8ebfc0,13e0f2281f329a3cd4492033eefed0dbac2c740592e639128a34ce7959022132
UNION_s1,objective,187,1.0187214907923925,0.9957957469691847,0.7540807953031808,TRAIN_LOG1P_ANCHOR_EXCESS_MARGIN_CE,5c2de947a760409b6a53c35062aaf9719b830e9884c7ab89fd2d4c816ab2a06e,0.022925743823207844,5.0024723700337675e-05,normalized94_abs_anchor_delta94_identity1,5ca38ebab9e2d191354ce7db934bf08f2b50c31bad2a7874ac97af410c8ebfc0,353a4e349de71650736e8166180d6c11e61178c5f7c62553dd5cf39356a060ab
UNION_s1,objective,188,1.0187214485150025,0.9957965752474891,0.7540732240193492,TRAIN_LOG1P_ANCHOR_EXCESS_MARGIN_CE,5c2de947a760409b6a53c35062aaf9719b830e9884c7ab89fd2d4c816ab2a06e,0.02292487326751343,5.485229144124868e-05,normalized94_abs_anchor_delta94_identity1,5ca38ebab9e2d191354ce7db934bf08f2b50c31bad2a7874ac97af410c8ebfc0,e33753ee615081e54e07c03995779785cd44b9c3ef206d8078ceb9dbc1bed677
UNION_s1,objective,189,1.0187213985086323,0.9957977108913689,0.7540716004859805,TRAIN_LOG1P_ANCHOR_EXCESS_MARGIN_CE,5c2de947a760409b6a53c35062aaf9719b830e9884c7ab89fd2d4c816ab2a06e,0.02292368761726329,4.4041906920213645e-05,normalized94_abs_anchor_delta94_identity1,5ca38ebab9e2d191354ce7db934bf08f2b50c31bad2a7874ac97af410c8ebfc0,d95441d4febb88a76bf97b239b005986cd64903607b319620fdd46b2440e49d0
UNION_s1,objective,190,1.0187214968693108,0.9958007928430036,0.754073946247947,TRAIN_LOG1P_ANCHOR_EXCESS_MARGIN_CE,5c2de947a760409b6a53c35062aaf9719b830e9884c7ab89fd2d4c816ab2a06e,0.022920704026307113,0.0002397859615178878,normalized94_abs_anchor_delta94_identity1,5ca38ebab9e2d191354ce7db934bf08f2b50c31bad2a7874ac97af410c8ebfc0,459151c51fb67b9308f30cd03177294ddc9b05baa657695d5d3a645a7ae2df99
UNION_s1,objective,191,1.018721382104186,0.9957985145723316,0.7540722151763289,TRAIN_LOG1P_ANCHOR_EXCESS_MARGIN_CE,5c2de947a760409b6a53c35062aaf9719b830e9884c7ab89fd2d4c816ab2a06e,0.0229228675318545,7.478829233657765e-05,normalized94_abs_anchor_delta94_identity1,5ca38ebab9e2d191354ce7db934bf08f2b50c31bad2a7874ac97af410c8ebfc0,2b4f7282475c1e19ea82fdd3db47b41c3673a1f5d53857fbed403b45ca7cf3b4
UNION_s1,objective,192,1.018721355966286,0.9957989034117635,0.7540741189535656,TRAIN_LOG1P_ANCHOR_EXCESS_MARGIN_CE,5c2de947a760409b6a53c35062aaf9719b830e9884c7ab89fd2d4c816ab2a06e,0.022922452554522448,3.627952058374544e-05,normalized94_abs_anchor_delta94_identity1,5ca38ebab9e2d191354ce7db934bf08f2b50c31bad2a7874ac97af410c8ebfc0,1ef83629ef9556b8db01651bb1cc327368d3306cbbb65238fc6b237d42a4cd36
UNION_s1,objective,193,1.0187213382948994,0.9957992393225071,0.7540813160173541,TRAIN_LOG1P_ANCHOR_EXCESS_MARGIN_CE,5c2de947a760409b6a53c35062aaf9719b830e9884c7ab89fd2d4c816ab2a06e,0.02292209897239228,3.540301699733543e-05,normalized94_abs_anchor_delta94_identity1,5ca38ebab9e2d191354ce7db934bf08f2b50c31bad2a7874ac97af410c8ebfc0,d71bd16789706337f8904f54f9a15f6b4c036bf75178a7d57a795ee25b2e0877
UNION_s1,objective,194,1.0187213147803829,0.995799484684371,0.7540851953650075,TRAIN_LOG1P_ANCHOR_EXCESS_MARGIN_CE,5c2de947a760409b6a53c35062aaf9719b830e9884c7ab89fd2d4c816ab2a06e,0.022921830096011928,4.893620795904286e-05,normalized94_abs_anchor_delta94_identity1,5ca38ebab9e2d191354ce7db934bf08f2b50c31bad2a7874ac97af410c8ebfc0,cb9253e933e18ea7ad9d4ae324e2f7223f99b8727b74aea95344209f5ad7ad1d
UNION_s1,objective,195,1.0187212895886466,0.9957997377603033,0.7540814563634471,TRAIN_LOG1P_ANCHOR_EXCESS_MARGIN_CE,5c2de947a760409b6a53c35062aaf9719b830e9884c7ab89fd2d4c816ab2a06e,0.022921551828343305,6.600120694545531e-05,normalized94_abs_anchor_delta94_identity1,5ca38ebab9e2d191354ce7db934bf08f2b50c31bad2a7874ac97af410c8ebfc0,e38bc17d1310052ed154b7df8b60e773bffd820f1d0602f648235988eb15cf84
UNION_s1,objective,196,1.0187212755554258,0.9957998788098771,0.7541197063077087,TRAIN_LOG1P_ANCHOR_EXCESS_MARGIN_CE,5c2de947a760409b6a53c35062aaf9719b830e9884c7ab89fd2d4c816ab2a06e,0.022921396745548658,9.037039962523659e-05,normalized94_abs_anchor_delta94_identity1,5ca38ebab9e2d191354ce7db934bf08f2b50c31bad2a7874ac97af410c8ebfc0,fefce0e798f4555198eb53616ba8d62bfe7ab12d1bb3d8d4e74ed7dbfbc2b22c
UNION_s1,objective,197,1.0187212615993089,0.9957998187878079,0.7540913455304805,TRAIN_LOG1P_ANCHOR_EXCESS_MARGIN_CE,5c2de947a760409b6a53c35062aaf9719b830e9884c7ab89fd2d4c816ab2a06e,0.022921442811500905,3.169285111101958e-05,normalized94_abs_anchor_delta94_identity1,5ca38ebab9e2d191354ce7db934bf08f2b50c31bad2a7874ac97af410c8ebfc0,9493b913dc40221d865ff8fffa24691e76f8c0e2c91b274d2da584f3b29c635d
UNION_s1,objective,198,1.0187212546534452,0.9957998984386512,0.7540808890290016,TRAIN_LOG1P_ANCHOR_EXCESS_MARGIN_CE,5c2de947a760409b6a53c35062aaf9719b830e9884c7ab89fd2d4c816ab2a06e,0.022921356214793975,5.062489935723426e-05,normalized94_abs_anchor_delta94_identity1,5ca38ebab9e2d191354ce7db934bf08f2b50c31bad2a7874ac97af410c8ebfc0,1f26722a739e543759d9523c9cb3b27dee7fdc34fbb8f1f28f6478d07e60e24f
UNION_s1,objective,199,1.0187212465716855,0.9958001803072262,0.7540822647117718,TRAIN_LOG1P_ANCHOR_EXCESS_MARGIN_CE,5c2de947a760409b6a53c35062aaf9719b830e9884c7ab89fd2d4c816ab2a06e,0.022921066264459406,4.553935619228712e-05,normalized94_abs_anchor_delta94_identity1,5ca38ebab9e2d191354ce7db934bf08f2b50c31bad2a7874ac97af410c8ebfc0,9d0b1593b32c5e1c85b9a2fa2c2968cda42d790d9db63f3729bd5d5241782fdc
UNION_s1,objective,200,1.0187212718872662,0.9958018571289797,0.7540090568326975,TRAIN_LOG1P_ANCHOR_EXCESS_MARGIN_CE,5c2de947a760409b6a53c35062aaf9719b830e9884c7ab89fd2d4c816ab2a06e,0.022919414758286606,0.00018483423147707065,normalized94_abs_anchor_delta94_identity1,5ca38ebab9e2d191354ce7db934bf08f2b50c31bad2a7874ac97af410c8ebfc0,03014ccb204c9d803ed2c07f312f559838a33c8908727978744a9a36e732c9e6
UNION_s1,objective,201,1.018721239164089,0.9958007063924699,0.7540586547981163,TRAIN_LOG1P_ANCHOR_EXCESS_MARGIN_CE,5c2de947a760409b6a53c35062aaf9719b830e9884c7ab89fd2d4c816ab2a06e,0.022920532771619078,8.348804593556979e-05,normalized94_abs_anchor_delta94_identity1,5ca38ebab9e2d191354ce7db934bf08f2b50c31bad2a7874ac97af410c8ebfc0,2d17e5b21259de687aaa7e92a90ce823288f9c1ab9c5426f18f704319e4b73fd
UNION_s1,objective,202,1.0187212231277976,0.9958013658103191,0.7540690083665059,TRAIN_LOG1P_ANCHOR_EXCESS_MARGIN_CE,5c2de947a760409b6a53c35062aaf9719b830e9884c7ab89fd2d4c816ab2a06e,0.022919857317478386,4.2559356897149485e-05,normalized94_abs_anchor_delta94_identity1,5ca38ebab9e2d191354ce7db934bf08f2b50c31bad2a7874ac97af410c8ebfc0,d0093e20f6107fb6c4cbaca3d0b37e70339b559039a36f2f99cf6d85e3a63d91
UNION_s1,objective,203,1.018721209997447,0.9958021206450749,0.7540805349285895,TRAIN_LOG1P_ANCHOR_EXCESS_MARGIN_CE,5c2de947a760409b6a53c35062aaf9719b830e9884c7ab89fd2d4c816ab2a06e,0.02291908935237202,2.9869060506754742e-05,normalized94_abs_anchor_delta94_identity1,5ca38ebab9e2d191354ce7db934bf08f2b50c31bad2a7874ac97af410c8ebfc0,c15a1cde0ea28f6af5222ef22bf1b65903527096b508a7cf53c9e3e6dc0f8d98
UNION_s1,objective,204,1.0187212037291649,0.9958024494770162,0.7540837014738813,TRAIN_LOG1P_ANCHOR_EXCESS_MARGIN_CE,5c2de947a760409b6a53c35062aaf9719b830e9884c7ab89fd2d4c816ab2a06e,0.022918754252148708,3.431554941721922e-05,normalized94_abs_anchor_delta94_identity1,5ca38ebab9e2d191354ce7db934bf08f2b50c31bad2a7874ac97af410c8ebfc0,065448f1ce32f1b2454c7bfcd7c6aaf7f56ee30611dbffb445871e407ce6f80a
UNION_s1,objective,205,1.0187211881042058,0.9958030252147557,0.7540861164443486,TRAIN_LOG1P_ANCHOR_EXCESS_MARGIN_CE,5c2de947a760409b6a53c35062aaf9719b830e9884c7ab89fd2d4c816ab2a06e,0.022918162889450006,4.121210895865297e-05,normalized94_abs_anchor_delta94_identity1,5ca38ebab9e2d191354ce7db934bf08f2b50c31bad2a7874ac97af410c8ebfc0,01a610ed3006903eb3f25dec98193d7b836f3ecf484b144e485c345e36216457
UNION_s1,objective,206,1.0187212396704555,0.9958048007845115,0.7541074502801215,TRAIN_LOG1P_ANCHOR_EXCESS_MARGIN_CE,5c2de947a760409b6a53c35062aaf9719b830e9884c7ab89fd2d4c816ab2a06e,0.022916438885943958,0.00017329868848696685,normalized94_abs_anchor_delta94_identity1,5ca38ebab9e2d191354ce7db934bf08f2b50c31bad2a7874ac97af410c8ebfc0,f43ff44af28dc47dc17212340c2cd7fb9de63595529a96d9e0fa00580eb73f20
UNION_s1,objective,207,1.018721181266363,0.9958034587564076,0.754091542595496,TRAIN_LOG1P_ANCHOR_EXCESS_MARGIN_CE,5c2de947a760409b6a53c35062aaf9719b830e9884c7ab89fd2d4c816ab2a06e,0.0229177225099554,3.5552678807590935e-05,normalized94_abs_anchor_delta94_identity1,5ca38ebab9e2d191354ce7db934bf08f2b50c31bad2a7874ac97af410c8ebfc0,66872b61dab3166bf5b24a6859c87f5d37ff18005d1dee7ff590e262f1fdbc2a
UNION_s1,objective,208,1.018721170395184,0.9958036594116951,0.7540872889272175,TRAIN_LOG1P_ANCHOR_EXCESS_MARGIN_CE,5c2de947a760409b6a53c35062aaf9719b830e9884c7ab89fd2d4c816ab2a06e,0.022917510983488903,2.2931440577448078e-05,normalized94_abs_anchor_delta94_identity1,5ca38ebab9e2d191354ce7db934bf08f2b50c31bad2a7874ac97af410c8ebfc0,fd63510e153f8fbbe8b71175155956358b2f1045ba445f54542a3f71f3902cfb
UNION_s1,objective,209,1.0187211634835631,0.9958038665150867,0.7540764187755319,TRAIN_LOG1P_ANCHOR_EXCESS_MARGIN_CE,5c2de947a760409b6a53c35062aaf9719b830e9884c7ab89fd2d4c816ab2a06e,0.02291729696847638,4.7525848193868985e-05,normalized94_abs_anchor_delta94_identity1,5ca38ebab9e2d191354ce7db934bf08f2b50c31bad2a7874ac97af410c8ebfc0,0c8a83ecc4e7ff8888377c5b61f066bc5de4cff19b516d5cb5d0d755db5fa930
UNION_s1,objective,210,1.0187211551973359,0.9958039282598101,0.7540798210784518,TRAIN_LOG1P_ANCHOR_EXCESS_MARGIN_CE,5c2de947a760409b6a53c35062aaf9719b830e9884c7ab89fd2d4c816ab2a06e,0.022917226937525688,4.2528946085211106e-05,normalized94_abs_anchor_delta94_identity1,5ca38ebab9e2d191354ce7db934bf08f2b50c31bad2a7874ac97af410c8ebfc0,8b01ec198d265633ca3d94a2d17b5d990017ace1bc1212370ceffebe1817fc5c
UNION_s1,objective,211,1.0187211402887981,0.9958043485617789,0.7540643246150319,TRAIN_LOG1P_ANCHOR_EXCESS_MARGIN_CE,5c2de947a760409b6a53c35062aaf9719b830e9884c7ab89fd2d4c816ab2a06e,0.022916791727019166,7.841814093402031e-05,normalized94_abs_anchor_delta94_identity1,5ca38ebab9e2d191354ce7db934bf08f2b50c31bad2a7874ac97af410c8ebfc0,3d294278d7dab8c7fc52cc01715ccfc584a7991beb40a7b12086fd67f8d05f1d
UNION_s1,objective,212,1.0187211269407952,0.9958047003755162,0.7540876714651917,TRAIN_LOG1P_ANCHOR_EXCESS_MARGIN_CE,5c2de947a760409b6a53c35062aaf9719b830e9884c7ab89fd2d4c816ab2a06e,0.02291642656527899,3.309364046676564e-05,normalized94_abs_anchor_delta94_identity1,5ca38ebab9e2d191354ce7db934bf08f2b50c31bad2a7874ac97af410c8ebfc0,3b7520cf7935e746db483c4a6b934a153fe595607a373bc50c4c7fe73ba7a550
UNION_s1,objective,213,1.018721121709293,0.995804929795137,0.7540893464088027,TRAIN_LOG1P_ANCHOR_EXCESS_MARGIN_CE,5c2de947a760409b6a53c35062aaf9719b830e9884c7ab89fd2d4c816ab2a06e,0.02291619191415604,3.2438107379889665e-05,normalized94_abs_anchor_delta94_identity1,5ca38ebab9e2d191354ce7db934bf08f2b50c31bad2a7874ac97af410c8ebfc0,2402d109fbf14943de979b79307bb039c505e5fb92c30a78e421a4f4e568eaa3
UNION_s1,objective,214,1.0187211125826516,0.9958049239461451,0.7540859351219589,TRAIN_LOG1P_ANCHOR_EXCESS_MARGIN_CE,5c2de947a760409b6a53c35062aaf9719b830e9884c7ab89fd2d4c816ab2a06e,0.022916188636506483,1.587331439750041e-05,normalized94_abs_anchor_delta94_identity1,5ca38ebab9e2d191354ce7db934bf08f2b50c31bad2a7874ac97af410c8ebfc0,e4e6efea8448c2487cf31ecc1128f10a187e2fb2dd023f38d5f2cbfc51eeb64e
UNION_s1,objective,215,1.0187211057003909,0.9958049319694556,0.7540883587695009,TRAIN_LOG1P_ANCHOR_EXCESS_MARGIN_CE,5c2de947a760409b6a53c35062aaf9719b830e9884c7ab89fd2d4c816ab2a06e,0.022916173730935283,2.166897443263587e-05,normalized94_abs_anchor_delta94_identity1,5ca38ebab9e2d191354ce7db934bf08f2b50c31bad2a7874ac97af410c8ebfc0,60f8a40884f5f3081cd65d17288023f77cccd4a7b558c5301885d011de5f2053
UNION_s1,objective,216,1.0187211470797224,0.9958041887979642,0.7540209175386763,TRAIN_LOG1P_ANCHOR_EXCESS_MARGIN_CE,5c2de947a760409b6a53c35062aaf9719b830e9884c7ab89fd2d4c816ab2a06e,0.02291695828175817,0.000173954209675371,normalized94_abs_anchor_delta94_identity1,5ca38ebab9e2d191354ce7db934bf08f2b50c31bad2a7874ac97af410c8ebfc0,30a38690df4b12dca778873991796a5b5b4d3bbcabf024378293b9e2e9d65986
UNION_s1,objective,217,1.0187211034980386,0.9958047859525178,0.7540759757707844,TRAIN_LOG1P_ANCHOR_EXCESS_MARGIN_CE,5c2de947a760409b6a53c35062aaf9719b830e9884c7ab89fd2d4c816ab2a06e,0.02291631754552075,2.8989341051866483e-05,normalized94_abs_anchor_delta94_identity1,5ca38ebab9e2d191354ce7db934bf08f2b50c31bad2a7874ac97af410c8ebfc0,fae49a4775d77a4532948c7035cda10f91ab67a16b8598ef901324e339b6c945
UNION_s1,objective,218,1.0187210998040597,0.9958047218221011,0.7540785542955456,TRAIN_LOG1P_ANCHOR_EXCESS_MARGIN_CE,5c2de947a760409b6a53c35062aaf9719b830e9884c7ab89fd2d4c816ab2a06e,0.0229163779819586,2.3450013587603753e-05,normalized94_abs_anchor_delta94_identity1,5ca38ebab9e2d191354ce7db934bf08f2b50c31bad2a7874ac97af410c8ebfc0,2fa2b213bdf0c24fa259716f543ac7b985c5e0728737857b653007b9c048e990
UNION_s1,objective,219,1.0187210910843114,0.9958044861448775,0.7540829346581323,TRAIN_LOG1P_ANCHOR_EXCESS_MARGIN_CE,5c2de947a760409b6a53c35062aaf9719b830e9884c7ab89fd2d4c816ab2a06e,0.022916604939434034,2.1082976006768517e-05,normalized94_abs_anchor_delta94_identity1,5ca38ebab9e2d191354ce7db934bf08f2b50c31bad2a7874ac97af410c8ebfc0,259c8b9c1bdd3c6264561205a341d872fb1c9be9c6d679cf064ed77ee34415fc
UNION_s1,objective,220,1.018721081918548,0.9958039842511742,0.754096197505135,TRAIN_LOG1P_ANCHOR_EXCESS_MARGIN_CE,5c2de947a760409b6a53c35062aaf9719b830e9884c7ab89fd2d4c816ab2a06e,0.022917097667373695,2.574798001550497e-05,normalized94_abs_anchor_delta94_identity1,5ca38ebab9e2d191354ce7db934bf08f2b50c31bad2a7874ac97af410c8ebfc0,2f0a89399f7e96977ab4f23367620882ae5e027cca0dd5fec87854fe07f0536a
UNION_s1,objective,221,1.0187210759636476,0.9958035848206064,0.7540971301401139,TRAIN_LOG1P_ANCHOR_EXCESS_MARGIN_CE,5c2de947a760409b6a53c35062aaf9719b830e9884c7ab89fd2d4c816ab2a06e,0.02291749114304117,5.859130072642928e-05,normalized94_abs_anchor_delta94_identity1,5ca38ebab9e2d191354ce7db934bf08f2b50c31bad2a7874ac97af410c8ebfc0,0ad58667a0c8d335b7c96fc5fd6ce2a87cc6ecc05f8da65835624e0f4cc771e4
UNION_s1,objective,222,1.018721070826309,0.9958036218598734,0.7540938378908822,TRAIN_LOG1P_ANCHOR_EXCESS_MARGIN_CE,5c2de947a760409b6a53c35062aaf9719b830e9884c7ab89fd2d4c816ab2a06e,0.022917448966435747,3.381222594687377e-05,normalized94_abs_anchor_delta94_identity1,5ca38ebab9e2d191354ce7db934bf08f2b50c31bad2a7874ac97af410c8ebfc0,848f9594a6abf0d406b42601129ffae537b91531c1f9cf74f6808264950c581c
UNION_s1,objective,223,1.0187210634666015,0.9958036237000985,0.7540867374076083,TRAIN_LOG1P_ANCHOR_EXCESS_MARGIN_CE,5c2de947a760409b6a53c35062aaf9719b830e9884c7ab89fd2d4c816ab2a06e,0.022917439766502967,1.8813785506966077e-05,normalized94_abs_anchor_delta94_identity1,5ca38ebab9e2d191354ce7db934bf08f2b50c31bad2a7874ac97af410c8ebfc0,c2b1097983f5b3d0baa66dfdd71f764e0bbcdec3814fd252873cb4fa05ca5b38
UNION_s1,objective,224,1.018721059990846,0.9958035727113072,0.7540817132243242,TRAIN_LOG1P_ANCHOR_EXCESS_MARGIN_CE,5c2de947a760409b6a53c35062aaf9719b830e9884c7ab89fd2d4c816ab2a06e,0.02291748727953887,2.882889796659411e-05,normalized94_abs_anchor_delta94_identity1,5ca38ebab9e2d191354ce7db934bf08f2b50c31bad2a7874ac97af410c8ebfc0,f3c0a37ef081fa0b9c5f9dbe7acb84a4660e19a0c2a96b4c1050aa82159b4fe2
UNION_s1,objective,225,1.018721057395167,0.9958033822429289,0.7540952317761203,TRAIN_LOG1P_ANCHOR_EXCESS_MARGIN_CE,5c2de947a760409b6a53c35062aaf9719b830e9884c7ab89fd2d4c816ab2a06e,0.022917675152238123,3.375274640029376e-05,normalized94_abs_anchor_delta94_identity1,5ca38ebab9e2d191354ce7db934bf08f2b50c31bad2a7874ac97af410c8ebfc0,e73b2e744492a278c41bad65b4946498e6c23a26b920cd4b00ef63fb841f9789
UNION_s1,objective,226,1.0187210538588316,0.9958032999896669,0.7540801083128976,TRAIN_LOG1P_ANCHOR_EXCESS_MARGIN_CE,5c2de947a760409b6a53c35062aaf9719b830e9884c7ab89fd2d4c816ab2a06e,0.022917753869164625,2.1434034836773784e-05,normalized94_abs_anchor_delta94_identity1,5ca38ebab9e2d191354ce7db934bf08f2b50c31bad2a7874ac97af410c8ebfc0,909f7b824d9ad9831324a6a226323bce002ed7aaf92ccc6ae87b8b4fe73e9a4b
UNION_s1,objective,227,1.0187210525090262,0.9958033156172423,0.7540841261358027,TRAIN_LOG1P_ANCHOR_EXCESS_MARGIN_CE,5c2de947a760409b6a53c35062aaf9719b830e9884c7ab89fd2d4c816ab2a06e,0.022917736891783887,1.2910025231468899e-05,normalized94_abs_anchor_delta94_identity1,5ca38ebab9e2d191354ce7db934bf08f2b50c31bad2a7874ac97af410c8ebfc0,4499c0981363a7d51a55a91e18006bfc312652d8e17a4a315e60a1727292543e
UNION_s1,objective,228,1.018721050401252,0.9958032656886171,0.7540883230151528,TRAIN_LOG1P_ANCHOR_EXCESS_MARGIN_CE,5c2de947a760409b6a53c35062aaf9719b830e9884c7ab89fd2d4c816ab2a06e,0.022917784712634868,1.4327593474625207e-05,normalized94_abs_anchor_delta94_identity1,5ca38ebab9e2d191354ce7db934bf08f2b50c31bad2a7874ac97af410c8ebfc0,804a2a665a4c9cc79fcfaa01350b92b61f79bed9824c5557ab0856581b6e0939
UNION_s1,objective,229,1.0187210481040567,0.9958032162083419,0.754093621104555,TRAIN_LOG1P_ANCHOR_EXCESS_MARGIN_CE,5c2de947a760409b6a53c35062aaf9719b830e9884c7ab89fd2d4c816ab2a06e,0.022917831895714807,2.364468994110985e-05,normalized94_abs_anchor_delta94_identity1,5ca38ebab9e2d191354ce7db934bf08f2b50c31bad2a7874ac97af410c8ebfc0,daef352bb1a20079e365ac04b7b11c277d4323096b309f070bd6b9418e77bcb8
UNION_s1,objective,230,1.0187210447786015,0.9958029688385497,0.7540919130600084,TRAIN_LOG1P_ANCHOR_EXCESS_MARGIN_CE,5c2de947a760409b6a53c35062aaf9719b830e9884c7ab89fd2d4c816ab2a06e,0.022918075940051783,2.0660628888420956e-05,normalized94_abs_anchor_delta94_identity1,5ca38ebab9e2d191354ce7db934bf08f2b50c31bad2a7874ac97af410c8ebfc0,35e61b28347688552f73e4e1bc6ce5a194fcf8c639730f23d501379490416944
UNION_s1,objective,231,1.0187210450197173,0.9958030005356765,0.7541098574230156,TRAIN_LOG1P_ANCHOR_EXCESS_MARGIN_CE,5c2de947a760409b6a53c35062aaf9719b830e9884c7ab89fd2d4c816ab2a06e,0.022918044484040872,4.674548087322901e-05,normalized94_abs_anchor_delta94_identity1,5ca38ebab9e2d191354ce7db934bf08f2b50c31bad2a7874ac97af410c8ebfc0,48a500ccc4fecf22f3c3e8820df2957ab82de0c5873386bc5370b5d1ac3a3509
UNION_s1,objective,232,1.0187210429400577,0.9958029823012329,0.7541006077797253,TRAIN_LOG1P_ANCHOR_EXCESS_MARGIN_CE,5c2de947a760409b6a53c35062aaf9719b830e9884c7ab89fd2d4c816ab2a06e,0.022918060638824827,2.8442553270952778e-05,normalized94_abs_anchor_delta94_identity1,5ca38ebab9e2d191354ce7db934bf08f2b50c31bad2a7874ac97af410c8ebfc0,fd35314855ec622ba69ed036d6d6b1863c6893fb82ddc7cd1d82021333feb057
UNION_s1,objective,233,1.018721041227396,0.9958029318855289,0.7540945617001242,TRAIN_LOG1P_ANCHOR_EXCESS_MARGIN_CE,5c2de947a760409b6a53c35062aaf9719b830e9884c7ab89fd2d4c816ab2a06e,0.02291810934186707,1.0513440557357762e-05,normalized94_abs_anchor_delta94_identity1,5ca38ebab9e2d191354ce7db934bf08f2b50c31bad2a7874ac97af410c8ebfc0,002e27a1594f75b9b990570f268563af5db4287ac11695cfbc2a29c602d4f623
UNION_s1,objective,234,1.018721040157187,0.9958029107280715,0.7540888179810411,TRAIN_LOG1P_ANCHOR_EXCESS_MARGIN_CE,5c2de947a760409b6a53c35062aaf9719b830e9884c7ab89fd2d4c816ab2a06e,0.022918129429115374,1.7888465801774487e-05,normalized94_abs_anchor_delta94_identity1,5ca38ebab9e2d191354ce7db934bf08f2b50c31bad2a7874ac97af410c8ebfc0,79213588768af9d27cc7f691af71ad76ce855dcd10f71e8019dd9269e535fe06
UNION_s1,objective,235,1.0187210393466057,0.995802889779804,0.7540863236204927,TRAIN_LOG1P_ANCHOR_EXCESS_MARGIN_CE,5c2de947a760409b6a53c35062aaf9719b830e9884c7ab89fd2d4c816ab2a06e,0.022918149566801826,1.4684616791225897e-05,normalized94_abs_anchor_delta94_identity1,5ca38ebab9e2d191354ce7db934bf08f2b50c31bad2a7874ac97af410c8ebfc0,c39c4fc69b59de32b4cc2edb5c91a3fec41124ef8a5a963b58ce43b36664a868
UNION_s1,objective,236,1.0187210380379583,0.9958029622828323,0.754079730442533,TRAIN_LOG1P_ANCHOR_EXCESS_MARGIN_CE,5c2de947a760409b6a53c35062aaf9719b830e9884c7ab89fd2d4c816ab2a06e,0.02291807575512612,3.769486653240882e-05,normalized94_abs_anchor_delta94_identity1,5ca38ebab9e2d191354ce7db934bf08f2b50c31bad2a7874ac97af410c8ebfc0,75a3e6666c3e6e1eb4b7c9ff8e3300b6308320aab78a25cd3984c81644bf63d0
UNION_s1,objective,237,1.0187210359242056,0.9958028903331326,0.7540826258149659,TRAIN_LOG1P_ANCHOR_EXCESS_MARGIN_CE,5c2de947a760409b6a53c35062aaf9719b830e9884c7ab89fd2d4c816ab2a06e,0.022918145591073056,1.4353015287343778e-05,normalized94_abs_anchor_delta94_identity1,5ca38ebab9e2d191354ce7db934bf08f2b50c31bad2a7874ac97af410c8ebfc0,c3c655f5f53725954c77cdf44c56c70c73c1a4c06a8f5449f19a53ffc3586219
UNION_s1,objective,238,1.0187210339582196,0.9958028512045404,0.7540860914421036,TRAIN_LOG1P_ANCHOR_EXCESS_MARGIN_CE,5c2de947a760409b6a53c35062aaf9719b830e9884c7ab89fd2d4c816ab2a06e,0.02291818275367922,1.4023719007304071e-05,normalized94_abs_anchor_delta94_identity1,5ca38ebab9e2d191354ce7db934bf08f2b50c31bad2a7874ac97af410c8ebfc0,493b593647190393bca50a4a82679896b2b269603a3ba9f89e439850e3078488
UNION_s1,objective,239,1.018721033110698,0.995802837483857,0.7540871333460226,TRAIN_LOG1P_ANCHOR_EXCESS_MARGIN_CE,5c2de947a760409b6a53c35062aaf9719b830e9884c7ab89fd2d4c816ab2a06e,0.022918195626840922,1.2803505076185602e-05,normalized94_abs_anchor_delta94_identity1,5ca38ebab9e2d191354ce7db934bf08f2b50c31bad2a7874ac97af410c8ebfc0,b00a3e959f6402abe71dd7a016fb59c5c9be371a91f82565c085b1d0e52a7a1f
UNION_s1,objective,240,1.0187210322622497,0.9958026741477095,0.7541010841334539,TRAIN_LOG1P_ANCHOR_EXCESS_MARGIN_CE,5c2de947a760409b6a53c35062aaf9719b830e9884c7ab89fd2d4c816ab2a06e,0.022918358114540346,3.373708596941565e-05,normalized94_abs_anchor_delta94_identity1,5ca38ebab9e2d191354ce7db934bf08f2b50c31bad2a7874ac97af410c8ebfc0,6d97903eddf11d56265c8205c2760e3bb3afed53396021de8fe82af161e7b2ff
UNION_s1,objective,241,1.0187210311270924,0.9958026827694333,0.7540927499856481,TRAIN_LOG1P_ANCHOR_EXCESS_MARGIN_CE,5c2de947a760409b6a53c35062aaf9719b830e9884c7ab89fd2d4c816ab2a06e,0.022918348357659192,8.753790553949087e-06,normalized94_abs_anchor_delta94_identity1,5ca38ebab9e2d191354ce7db934bf08f2b50c31bad2a7874ac97af410c8ebfc0,4b97c7b6d1c481eed2a085f87bdb27b1154a5b0b34cf89f88aca695db1e51692
UNION_s1,objective,242,1.0187210309536627,0.99580267590796,0.75409157574173,TRAIN_LOG1P_ANCHOR_EXCESS_MARGIN_CE,5c2de947a760409b6a53c35062aaf9719b830e9884c7ab89fd2d4c816ab2a06e,0.02291835504570275,6.033264367404318e-06,normalized94_abs_anchor_delta94_identity1,5ca38ebab9e2d191354ce7db934bf08f2b50c31bad2a7874ac97af410c8ebfc0,306f10a42301556ed6e144327c5f92076aade3bbac11f0528355266eec7bf0c0
UNION_s1,objective,243,1.0187210306471712,0.9958026471486071,0.7540901789476073,TRAIN_LOG1P_ANCHOR_EXCESS_MARGIN_CE,5c2de947a760409b6a53c35062aaf9719b830e9884c7ab89fd2d4c816ab2a06e,0.022918383498564017,6.7368267290587675e-06,normalized94_abs_anchor_delta94_identity1,5ca38ebab9e2d191354ce7db934bf08f2b50c31bad2a7874ac97af410c8ebfc0,8c419a64865e443708ea52f53833554047086fafe5fb572884ab9376e835748f
UNION_s1,objective,244,1.0187210301999772,0.9958026112186728,0.754088938696761,TRAIN_LOG1P_ANCHOR_EXCESS_MARGIN_CE,5c2de947a760409b6a53c35062aaf9719b830e9884c7ab89fd2d4c816ab2a06e,0.0229184189813044,1.0711488843465332e-05,normalized94_abs_anchor_delta94_identity1,5ca38ebab9e2d191354ce7db934bf08f2b50c31bad2a7874ac97af410c8ebfc0,c63aca2477b46fe7f45ce52b18abddd071bf5358ed0a0809ba6082adbd819914
UNION_s1,objective,245,1.0187210295689422,0.9958025901398551,0.7540883929884784,TRAIN_LOG1P_ANCHOR_EXCESS_MARGIN_CE,5c2de947a760409b6a53c35062aaf9719b830e9884c7ab89fd2d4c816ab2a06e,0.022918439429087018,1.225276358972e-05,normalized94_abs_anchor_delta94_identity1,5ca38ebab9e2d191354ce7db934bf08f2b50c31bad2a7874ac97af410c8ebfc0,545c3ce2aa7a8d376b18b1105b498c33aa85b65c6cb6829c04132b593628a617
UNION_s1,objective,246,1.0187210299474514,0.9958023448436414,0.7540832121032011,TRAIN_LOG1P_ANCHOR_EXCESS_MARGIN_CE,5c2de947a760409b6a53c35062aaf9719b830e9884c7ab89fd2d4c816ab2a06e,0.02291868510381005,2.4014489601902302e-05,normalized94_abs_anchor_delta94_identity1,5ca38ebab9e2d191354ce7db934bf08f2b50c31bad2a7874ac97af410c8ebfc0,a2eb160c63b171616f32414fac5f169e752cf323243eb834b1e381ec5cb4493f
UNION_s1,objective,247,1.018721029205719,0.9958024886887384,0.754086259843985,TRAIN_LOG1P_ANCHOR_EXCESS_MARGIN_CE,5c2de947a760409b6a53c35062aaf9719b830e9884c7ab89fd2d4c816ab2a06e,0.022918540516980505,1.5781692268921122e-05,normalized94_abs_anchor_delta94_identity1,5ca38ebab9e2d191354ce7db934bf08f2b50c31bad2a7874ac97af410c8ebfc0,e85d1198b182f349a6eddba21617972503a58696aec13a4aa52a4459d0867c92
UNION_s1,objective,248,1.0187210288436153,0.9958024822022997,0.7540910794104103,TRAIN_LOG1P_ANCHOR_EXCESS_MARGIN_CE,5c2de947a760409b6a53c35062aaf9719b830e9884c7ab89fd2d4c816ab2a06e,0.022918546641315558,8.209810954157814e-06,normalized94_abs_anchor_delta94_identity1,5ca38ebab9e2d191354ce7db934bf08f2b50c31bad2a7874ac97af410c8ebfc0,bd02150deb5bcdf7426deac4bc8c6322f567fadb01581a0b30bc8dd98a46a3fc
UNION_s1,objective,249,1.0187210283511134,0.9958024870639551,0.7540905619901832,TRAIN_LOG1P_ANCHOR_EXCESS_MARGIN_CE,5c2de947a760409b6a53c35062aaf9719b830e9884c7ab89fd2d4c816ab2a06e,0.022918541287158277,6.789039508198589e-06,normalized94_abs_anchor_delta94_identity1,5ca38ebab9e2d191354ce7db934bf08f2b50c31bad2a7874ac97af410c8ebfc0,342a008253da8ba2604839edd071652ae3d836a223856aa538413f491114c0f0
UNION_s1,objective,250,1.0187210281118664,0.9958024820105057,0.7540894372856958,TRAIN_LOG1P_ANCHOR_EXCESS_MARGIN_CE,5c2de947a760409b6a53c35062aaf9719b830e9884c7ab89fd2d4c816ab2a06e,0.022918546101360716,4.760835534256624e-06,normalized94_abs_anchor_delta94_identity1,5ca38ebab9e2d191354ce7db934bf08f2b50c31bad2a7874ac97af410c8ebfc0,c63222f61255a7ce1080a8bf47528f3449baab05742ae327bc6fbcbb3708ae23
UNION_s1,objective,251,1.0187210276907661,0.9958024653965192,0.7540901867193203,TRAIN_LOG1P_ANCHOR_EXCESS_MARGIN_CE,5c2de947a760409b6a53c35062aaf9719b830e9884c7ab89fd2d4c816ab2a06e,0.02291856229424686,3.701906001313027e-06,normalized94_abs_anchor_delta94_identity1,5ca38ebab9e2d191354ce7db934bf08f2b50c31bad2a7874ac97af410c8ebfc0,5ec5334a63fb97cc92c4022d0888d27a5e5c358ebc885726cea4689a7f348342
UNION_s1,objective,252,1.018721027009166,0.9958023817663172,0.7540919615612639,TRAIN_LOG1P_ANCHOR_EXCESS_MARGIN_CE,5c2de947a760409b6a53c35062aaf9719b830e9884c7ab89fd2d4c816ab2a06e,0.02291864524284879,7.678145979661293e-06,normalized94_abs_anchor_delta94_identity1,5ca38ebab9e2d191354ce7db934bf08f2b50c31bad2a7874ac97af410c8ebfc0,228791f905e0064a4d475bea46ae3c2c666ec2f07ae9d1fa6772e2ac885b8404
UNION_s1,objective,253,1.0187210280962788,0.995802388581418,0.7540777977409645,TRAIN_LOG1P_ANCHOR_EXCESS_MARGIN_CE,5c2de947a760409b6a53c35062aaf9719b830e9884c7ab89fd2d4c816ab2a06e,0.022918639514860922,3.470386490126978e-05,normalized94_abs_anchor_delta94_identity1,5ca38ebab9e2d191354ce7db934bf08f2b50c31bad2a7874ac97af410c8ebfc0,d35db5e3c5202012250b43426b048ecc74ea63c8a7a0c70470849e26ebd1aa38
UNION_s1,objective,254,1.0187210269039022,0.9958023829800208,0.7540887168957877,TRAIN_LOG1P_ANCHOR_EXCESS_MARGIN_CE,5c2de947a760409b6a53c35062aaf9719b830e9884c7ab89fd2d4c816ab2a06e,0.022918643923881453,4.851074566415289e-06,normalized94_abs_anchor_delta94_identity1,5ca38ebab9e2d191354ce7db934bf08f2b50c31bad2a7874ac97af410c8ebfc0,598894d88a00c8abf5a2e6f09abfb41bbd98dbd5def5a95a5a9ffe21663e3d81
UNION_s1,objective,255,1.0187210267435776,0.9958023418215214,0.7540893414848053,TRAIN_LOG1P_ANCHOR_EXCESS_MARGIN_CE,5c2de947a760409b6a53c35062aaf9719b830e9884c7ab89fd2d4c816ab2a06e,0.0229186849220562,4.4443908204073664e-06,normalized94_abs_anchor_delta94_identity1,5ca38ebab9e2d191354ce7db934bf08f2b50c31bad2a7874ac97af410c8ebfc0,51c1c28383955ee41f061151fa8a8f187f2793fd159eeb9a995f20ce02c0c4aa
UNION_s1,objective,256,1.018721026378645,0.9958022897549044,0.7540903884386028,TRAIN_LOG1P_ANCHOR_EXCESS_MARGIN_CE,5c2de947a760409b6a53c35062aaf9719b830e9884c7ab89fd2d4c816ab2a06e,0.022918736623740592,6.752999219018123e-06,normalized94_abs_anchor_delta94_identity1,5ca38ebab9e2d191354ce7db934bf08f2b50c31bad2a7874ac97af410c8ebfc0,a004b46d293bf0f7afacc56e436ea31bec2bfbe7e7c07fa8ffcb8319e959ce5e
UNION_s1,objective,257,1.018721025427984,0.9958021427834358,0.7540908816805569,TRAIN_LOG1P_ANCHOR_EXCESS_MARGIN_CE,5c2de947a760409b6a53c35062aaf9719b830e9884c7ab89fd2d4c816ab2a06e,0.02291888264454811,9.40541708891209e-06,normalized94_abs_anchor_delta94_identity1,5ca38ebab9e2d191354ce7db934bf08f2b50c31bad2a7874ac97af410c8ebfc0,104afe81dce5413234e0e2763fd0bc8ea7f72af1900148e9a4684380ccda357d
UNION_s1,objective,258,1.0187210244103915,0.9958019099811108,0.7540926687831383,TRAIN_LOG1P_ANCHOR_EXCESS_MARGIN_CE,5c2de947a760409b6a53c35062aaf9719b830e9884c7ab89fd2d4c816ab2a06e,0.02291911442928061,1.8510726176507863e-05,normalized94_abs_anchor_delta94_identity1,5ca38ebab9e2d191354ce7db934bf08f2b50c31bad2a7874ac97af410c8ebfc0,0acc64aa86b6204b9d97d36d608f2629174cf18ab234a0f720ac5190a057e19b
UNION_s1,objective,259,1.0187210236237414,0.9958017518923442,0.7540887309046529,TRAIN_LOG1P_ANCHOR_EXCESS_MARGIN_CE,5c2de947a760409b6a53c35062aaf9719b830e9884c7ab89fd2d4c816ab2a06e,0.02291927173139708,5.401245530478347e-06,normalized94_abs_anchor_delta94_identity1,5ca38ebab9e2d191354ce7db934bf08f2b50c31bad2a7874ac97af410c8ebfc0,2135eb32c4b75c72c44ab8848273807143ffdf4eff3b1b38e4ce21946d6a55a6
UNION_s1,objective,260,1.0187210232746484,0.9958017325653892,0.7540877987887566,TRAIN_LOG1P_ANCHOR_EXCESS_MARGIN_CE,5c2de947a760409b6a53c35062aaf9719b830e9884c7ab89fd2d4c816ab2a06e,0.022919290709259275,4.624105984671983e-06,normalized94_abs_anchor_delta94_identity1,5ca38ebab9e2d191354ce7db934bf08f2b50c31bad2a7874ac97af410c8ebfc0,58e21514c289584279d39f540163056a0b30224788da4add2d3b0084b2f415b3
UNION_s1,objective,261,1.0187210229610602,0.9958017234398203,0.754088541802147,TRAIN_LOG1P_ANCHOR_EXCESS_MARGIN_CE,5c2de947a760409b6a53c35062aaf9719b830e9884c7ab89fd2d4c816ab2a06e,0.022919299521239823,4.690435416318197e-06,normalized94_abs_anchor_delta94_identity1,5ca38ebab9e2d191354ce7db934bf08f2b50c31bad2a7874ac97af410c8ebfc0,15cf7e6270bc5b5b21b02134075c49ce763560d53c972d7e5f6c6aa62e8ecdb2
UNION_s1,objective,262,1.018721022497929,0.9958016940934349,0.7540892096145906,TRAIN_LOG1P_ANCHOR_EXCESS_MARGIN_CE,5c2de947a760409b6a53c35062aaf9719b830e9884c7ab89fd2d4c816ab2a06e,0.022919328404494087,5.88396607832466e-06,normalized94_abs_anchor_delta94_identity1,5ca38ebab9e2d191354ce7db934bf08f2b50c31bad2a7874ac97af410c8ebfc0,c166e1dc3cb18cec06cb26cbf8aa8f7746e6dfa5f87d3585a81c88c680c9c3ef
UNION_s1,objective,263,1.0187210227149164,0.9958016145628125,0.7540918236436229,TRAIN_LOG1P_ANCHOR_EXCESS_MARGIN_CE,5c2de947a760409b6a53c35062aaf9719b830e9884c7ab89fd2d4c816ab2a06e,0.022919408152104026,2.1726827178936202e-05,normalized94_abs_anchor_delta94_identity1,5ca38ebab9e2d191354ce7db934bf08f2b50c31bad2a7874ac97af410c8ebfc0,e94c0307427318697a90dd197805bc7e26bcb0210cdcd6e38b4bdbbb3cc112cf
UNION_s1,objective,264,1.0187210223051133,0.9958016614596922,0.754090272969366,TRAIN_LOG1P_ANCHOR_EXCESS_MARGIN_CE,5c2de947a760409b6a53c35062aaf9719b830e9884c7ab89fd2d4c816ab2a06e,0.022919360845421136,7.818433059290798e-06,normalized94_abs_anchor_delta94_identity1,5ca38ebab9e2d191354ce7db934bf08f2b50c31bad2a7874ac97af410c8ebfc0,302831a5fac5e0da4c69ed1339b3c5c0a464b7f541de4960eab89f7ba310915e
UNION_s1,objective,265,1.0187210221599878,0.9958016418891976,0.7540912530048679,TRAIN_LOG1P_ANCHOR_EXCESS_MARGIN_CE,5c2de947a760409b6a53c35062aaf9719b830e9884c7ab89fd2d4c816ab2a06e,0.02291938027079026,4.63246694768202e-06,normalized94_abs_anchor_delta94_identity1,5ca38ebab9e2d191354ce7db934bf08f2b50c31bad2a7874ac97af410c8ebfc0,e983751d48cb09853a820a5bcff14cb09130aff6fc0475f9adc90eecce236d49
UNION_s1,objective,266,1.0187210219816403,0.9958016073334005,0.7540913204203437,TRAIN_LOG1P_ANCHOR_EXCESS_MARGIN_CE,5c2de947a760409b6a53c35062aaf9719b830e9884c7ab89fd2d4c816ab2a06e,0.02291941464823986,3.8317883948508805e-06,normalized94_abs_anchor_delta94_identity1,5ca38ebab9e2d191354ce7db934bf08f2b50c31bad2a7874ac97af410c8ebfc0,764e74d4e0d2387633f0abb642402b87a651433e90c599d48f8f9706629f89ff
UNION_s1,objective,267,1.0187210218571874,0.9958015728207315,0.7540957011239764,TRAIN_LOG1P_ANCHOR_EXCESS_MARGIN_CE,5c2de947a760409b6a53c35062aaf9719b830e9884c7ab89fd2d4c816ab2a06e,0.022919449036456006,1.6615736004390425e-05,normalized94_abs_anchor_delta94_identity1,5ca38ebab9e2d191354ce7db934bf08f2b50c31bad2a7874ac97af410c8ebfc0,57e7923c25d6e52af7b394288acf0900110b755c5ba472902220addcc24b9f97
UNION_s1,objective,268,1.0187210216417661,0.9958015866729405,0.7540930080025919,TRAIN_LOG1P_ANCHOR_EXCESS_MARGIN_CE,5c2de947a760409b6a53c35062aaf9719b830e9884c7ab89fd2d4c816ab2a06e,0.022919434968825602,9.627866673583075e-06,normalized94_abs_anchor_delta94_identity1,5ca38ebab9e2d191354ce7db934bf08f2b50c31bad2a7874ac97af410c8ebfc0,cc427e04376cadfe97184fe95b92102f1aae9b25ba6d8f8c84ec615c3a19ee13
UNION_s1,objective,269,1.0187210213635967,0.9958016074425288,0.7540891173193026,TRAIN_LOG1P_ANCHOR_EXCESS_MARGIN_CE,5c2de947a760409b6a53c35062aaf9719b830e9884c7ab89fd2d4c816ab2a06e,0.02291941392106784,3.529896381583858e-06,normalized94_abs_anchor_delta94_identity1,5ca38ebab9e2d191354ce7db934bf08f2b50c31bad2a7874ac97af410c8ebfc0,52f3bca8a95de814914228e1b199f5c8a0f8ccb3f9042aafddf421e98566025c
UNION_s1,objective,270,1.0187210212755122,0.9958016205417741,0.7540885895942037,TRAIN_LOG1P_ANCHOR_EXCESS_MARGIN_CE,5c2de947a760409b6a53c35062aaf9719b830e9884c7ab89fd2d4c816ab2a06e,0.02291940073373813,4.302710780790345e-06,normalized94_abs_anchor_delta94_identity1,5ca38ebab9e2d191354ce7db934bf08f2b50c31bad2a7874ac97af410c8ebfc0,bfe17d955d2c873989badf01a837a487e74ae9ada3ca605174e0640ef21a54d0
UNION_s1,objective,271,1.0187210210035926,0.9958016461663898,0.7540889288211723,TRAIN_LOG1P_ANCHOR_EXCESS_MARGIN_CE,5c2de947a760409b6a53c35062aaf9719b830e9884c7ab89fd2d4c816ab2a06e,0.0229193748372029,4.240764969400405e-06,normalized94_abs_anchor_delta94_identity1,5ca38ebab9e2d191354ce7db934bf08f2b50c31bad2a7874ac97af410c8ebfc0,a4384dc1e458aecbc7f2bfe4472138b83ed70b238262b87c48f8ef991c5356e5
UNION_s1,objective,272,1.0187210206372483,0.9958016716188733,0.7540890805413323,TRAIN_LOG1P_ANCHOR_EXCESS_MARGIN_CE,5c2de947a760409b6a53c35062aaf9719b830e9884c7ab89fd2d4c816ab2a06e,0.02291934901837494,6.685037384432025e-06,normalized94_abs_anchor_delta94_identity1,5ca38ebab9e2d191354ce7db934bf08f2b50c31bad2a7874ac97af410c8ebfc0,1101a3b1f74c558108db5b81035e7f82400c47658c937a6f8044cc785e3465e5
UNION_s1,objective,273,1.0187210219834861,0.9958019202893698,0.7540954398638684,TRAIN_LOG1P_ANCHOR_EXCESS_MARGIN_CE,5c2de947a760409b6a53c35062aaf9719b830e9884c7ab89fd2d4c816ab2a06e,0.022919101694116283,2.1366238726526193e-05,normalized94_abs_anchor_delta94_identity1,5ca38ebab9e2d191354ce7db934bf08f2b50c31bad2a7874ac97af410c8ebfc0,28c8825e37319d7b6c6c305381ba44875a9e3aef3982cc25853804e1c00a23c1
UNION_s1,objective,274,1.0187210203898807,0.9958017412810506,0.754090877453915,TRAIN_LOG1P_ANCHOR_EXCESS_MARGIN_CE,5c2de947a760409b6a53c35062aaf9719b830e9884c7ab89fd2d4c816ab2a06e,0.022919279108830008,3.9664731472228156e-06,normalized94_abs_anchor_delta94_identity1,5ca38ebab9e2d191354ce7db934bf08f2b50c31bad2a7874ac97af410c8ebfc0,a79a7752a7c603c7754928f2dd9edbe05850850fad8aad2e00706ae9eba8f878
UNION_s1,objective,275,1.0187210202252919,0.9958017567834297,0.7540907083480473,TRAIN_LOG1P_ANCHOR_EXCESS_MARGIN_CE,5c2de947a760409b6a53c35062aaf9719b830e9884c7ab89fd2d4c816ab2a06e,0.022919263441862087,2.17182291879004e-06,normalized94_abs_anchor_delta94_identity1,5ca38ebab9e2d191354ce7db934bf08f2b50c31bad2a7874ac97af410c8ebfc0,98992b26260d646409c6464b11bfd54eb6f1ead3672ab526263efe76e809078b
UNION_s1,objective,276,1.0187210201079722,0.9958017843839568,0.7540908235658458,TRAIN_LOG1P_ANCHOR_EXCESS_MARGIN_CE,5c2de947a760409b6a53c35062aaf9719b830e9884c7ab89fd2d4c816ab2a06e,0.022919235724015354,2.004371882565994e-06,normalized94_abs_anchor_delta94_identity1,5ca38ebab9e2d191354ce7db934bf08f2b50c31bad2a7874ac97af410c8ebfc0,48ec219c82d1d3d4483f980f433959b137374b48715d0b90819c1e84f707f6da
UNION_s1,objective,277,1.01872102024696,0.99580192355027,0.7540893794609195,TRAIN_LOG1P_ANCHOR_EXCESS_MARGIN_CE,5c2de947a760409b6a53c35062aaf9719b830e9884c7ab89fd2d4c816ab2a06e,0.022919096696690136,1.2157604702812303e-05,normalized94_abs_anchor_delta94_identity1,5ca38ebab9e2d191354ce7db934bf08f2b50c31bad2a7874ac97af410c8ebfc0,7256b242ad841156239b6f5de640e3fd49ee7d112b55275b174d590d0da87fa8
UNION_s1,objective,278,1.0187210200516905,0.9958018328946385,0.7540903190464824,TRAIN_LOG1P_ANCHOR_EXCESS_MARGIN_CE,5c2de947a760409b6a53c35062aaf9719b830e9884c7ab89fd2d4c816ab2a06e,0.022919187157051952,3.844613233697117e-06,normalized94_abs_anchor_delta94_identity1,5ca38ebab9e2d191354ce7db934bf08f2b50c31bad2a7874ac97af410c8ebfc0,674be06cb2e3a85829643a6231f3899c13dd06976f007b2ce3982e483cac6d5e
UNION_s1,objective,279,1.0187210199518988,0.995801884518407,0.7540904410236587,TRAIN_LOG1P_ANCHOR_EXCESS_MARGIN_CE,5c2de947a760409b6a53c35062aaf9719b830e9884c7ab89fd2d4c816ab2a06e,0.02291913543349173,2.0535405998174574e-06,normalized94_abs_anchor_delta94_identity1,5ca38ebab9e2d191354ce7db934bf08f2b50c31bad2a7874ac97af410c8ebfc0,158c12536d20e86bd628bdab8616d6a33e695c524cbda3eb5d03cb2b171b7eb3
UNION_s1,objective,280,1.0187210198868326,0.9958019279274822,0.7540908120463405,TRAIN_LOG1P_ANCHOR_EXCESS_MARGIN_CE,5c2de947a760409b6a53c35062aaf9719b830e9884c7ab89fd2d4c816ab2a06e,0.022919091959350393,2.826946201984112e-06,normalized94_abs_anchor_delta94_identity1,5ca38ebab9e2d191354ce7db934bf08f2b50c31bad2a7874ac97af410c8ebfc0,a8ccc5b2e44b5f401ea2f75ed19f4a7f4a24a9aa57afcd27c524b045c85b2edd
UNION_s1,objective,281,1.0187210199965575,0.995802117101339,0.7540851447997221,TRAIN_LOG1P_ANCHOR_EXCESS_MARGIN_CE,5c2de947a760409b6a53c35062aaf9719b830e9884c7ab89fd2d4c816ab2a06e,0.02291890289521838,1.912645745905951e-05,normalized94_abs_anchor_delta94_identity1,5ca38ebab9e2d191354ce7db934bf08f2b50c31bad2a7874ac97af410c8ebfc0,d8633c57157fb3f49344a91014f5f971fdccfeba549dcf7acc7b770c7d2256ad
UNION_s1,objective,282,1.0187210198382832,0.9958019952719263,0.7540887919938365,TRAIN_LOG1P_ANCHOR_EXCESS_MARGIN_CE,5c2de947a760409b6a53c35062aaf9719b830e9884c7ab89fd2d4c816ab2a06e,0.022919024566356888,5.961421418695077e-06,normalized94_abs_anchor_delta94_identity1,5ca38ebab9e2d191354ce7db934bf08f2b50c31bad2a7874ac97af410c8ebfc0,f0c5babd01d9e86acaf1aa7f90c717de14f4e545cfb6afcf148674ac7d6a1438
UNION_s1,objective,283,1.0187210197801604,0.9958020373704024,0.7540894933794497,TRAIN_LOG1P_ANCHOR_EXCESS_MARGIN_CE,5c2de947a760409b6a53c35062aaf9719b830e9884c7ab89fd2d4c816ab2a06e,0.02291898240975804,3.2229602605921105e-06,normalized94_abs_anchor_delta94_identity1,5ca38ebab9e2d191354ce7db934bf08f2b50c31bad2a7874ac97af410c8ebfc0,ff80f6e0cf8e36ca5c83ca92efc5bd3495067e5f84db8b3e248a79e5ce67eb0b
UNION_s1,objective,284,1.0187210197202168,0.9958020897466079,0.7540902937531595,TRAIN_LOG1P_ANCHOR_EXCESS_MARGIN_CE,5c2de947a760409b6a53c35062aaf9719b830e9884c7ab89fd2d4c816ab2a06e,0.022918929973608868,1.9801200345695504e-06,normalized94_abs_anchor_delta94_identity1,5ca38ebab9e2d191354ce7db934bf08f2b50c31bad2a7874ac97af410c8ebfc0,e58f600c0886d75d524add663d0488f3b869d1c721cb45bf0b7ef5b1f71a2a9a
UNION_s1,objective,285,1.0187210196496805,0.9958021646431989,0.7540910865002578,TRAIN_LOG1P_ANCHOR_EXCESS_MARGIN_CE,5c2de947a760409b6a53c35062aaf9719b830e9884c7ab89fd2d4c816ab2a06e,0.02291885500648157,2.507728046643039e-06,normalized94_abs_anchor_delta94_identity1,5ca38ebab9e2d191354ce7db934bf08f2b50c31bad2a7874ac97af410c8ebfc0,21cc8e0b79894da3c27e4a8fa45b150600bbddd4949b2bf56e3194672e17d85a
UNION_s1,objective,286,1.0187210195668503,0.9958022425129995,0.7540909244859721,TRAIN_LOG1P_ANCHOR_EXCESS_MARGIN_CE,5c2de947a760409b6a53c35062aaf9719b830e9884c7ab89fd2d4c816ab2a06e,0.02291877705385085,2.420889408745777e-06,normalized94_abs_anchor_delta94_identity1,5ca38ebab9e2d191354ce7db934bf08f2b50c31bad2a7874ac97af410c8ebfc0,0e897f5b8f9b82b5effb4028593d0dfb3585670635183fad3f7ded972e7a133f
UNION_s1,objective,287,1.018721019501451,0.9958025385430767,0.7540936876789323,TRAIN_LOG1P_ANCHOR_EXCESS_MARGIN_CE,5c2de947a760409b6a53c35062aaf9719b830e9884c7ab89fd2d4c816ab2a06e,0.02291848095837441,6.0447601953833636e-06,normalized94_abs_anchor_delta94_identity1,5ca38ebab9e2d191354ce7db934bf08f2b50c31bad2a7874ac97af410c8ebfc0,6a591bf4c47b0231164ad5f149ab471e3b1ab0dba3decaa93c669e60c4f5de88
UNION_s1,objective,288,1.0187210193177076,0.9958025948335648,0.7540905136741229,TRAIN_LOG1P_ANCHOR_EXCESS_MARGIN_CE,5c2de947a760409b6a53c35062aaf9719b830e9884c7ab89fd2d4c816ab2a06e,0.02291842448414289,2.423566350704542e-06,normalized94_abs_anchor_delta94_identity1,5ca38ebab9e2d191354ce7db934bf08f2b50c31bad2a7874ac97af410c8ebfc0,c84c1f0deb7016a38eea9c3f9c886c73bfd113e8d2f4b9c58d8a8ca683c97c60
UNION_s1,objective,289,1.018721019248137,0.9958025792983362,0.7540900465245369,TRAIN_LOG1P_ANCHOR_EXCESS_MARGIN_CE,5c2de947a760409b6a53c35062aaf9719b830e9884c7ab89fd2d4c816ab2a06e,0.022918439949800973,1.5779255558571393e-06,normalized94_abs_anchor_delta94_identity1,5ca38ebab9e2d191354ce7db934bf08f2b50c31bad2a7874ac97af410c8ebfc0,e14e8d5e86e46bac661de2b83ec3265ba5857c588da46810607070c08e247550
UNION_s1,objective,290,1.018721019180442,0.9958026289694694,0.7540899021779376,TRAIN_LOG1P_ANCHOR_EXCESS_MARGIN_CE,5c2de947a760409b6a53c35062aaf9719b830e9884c7ab89fd2d4c816ab2a06e,0.022918390210972528,2.2308847938256194e-06,normalized94_abs_anchor_delta94_identity1,5ca38ebab9e2d191354ce7db934bf08f2b50c31bad2a7874ac97af410c8ebfc0,933567a78b3b1b49d07a76e33eac2fdd22703fe3ebd3e97f78e610b712699530
UNION_s1,objective,291,1.0187210192009502,0.9958028156283043,0.7540892817595958,TRAIN_LOG1P_ANCHOR_EXCESS_MARGIN_CE,5c2de947a760409b6a53c35062aaf9719b830e9884c7ab89fd2d4c816ab2a06e,0.02291820357264595,5.973075068866028e-06,normalized94_abs_anchor_delta94_identity1,5ca38ebab9e2d191354ce7db934bf08f2b50c31bad2a7874ac97af410c8ebfc0,545802d71e281061aaaa9aed4245b2033777233d67ec1c30a08b831ee1c053f9
UNION_s1,objective,292,1.0187210191531098,0.9958027092876153,0.7540896350813585,TRAIN_LOG1P_ANCHOR_EXCESS_MARGIN_CE,5c2de947a760409b6a53c35062aaf9719b830e9884c7ab89fd2d4c816ab2a06e,0.02291830986549453,2.4077930050721447e-06,normalized94_abs_anchor_delta94_identity1,5ca38ebab9e2d191354ce7db934bf08f2b50c31bad2a7874ac97af410c8ebfc0,8e3ba254f2584e995dc66353064d0becc2fece7f9d95930c9241196ae150f79e
UNION_s1,objective,293,1.0187210191139635,0.9958027852204974,0.7540900498255548,TRAIN_LOG1P_ANCHOR_EXCESS_MARGIN_CE,5c2de947a760409b6a53c35062aaf9719b830e9884c7ab89fd2d4c816ab2a06e,0.022918233893466228,1.5444440220788768e-06,normalized94_abs_anchor_delta94_identity1,5ca38ebab9e2d191354ce7db934bf08f2b50c31bad2a7874ac97af410c8ebfc0,0f9220cb03f96d185f08cf6fb9fec59d4d7b7f8d5d9781f1a7fa7f618739c175
UNION_s1,objective,294,1.0187210190669962,0.9958028804932366,0.7540905389184741,TRAIN_LOG1P_ANCHOR_EXCESS_MARGIN_CE,5c2de947a760409b6a53c35062aaf9719b830e9884c7ab89fd2d4c816ab2a06e,0.022918138573759662,1.2347677748315642e-06,normalized94_abs_anchor_delta94_identity1,5ca38ebab9e2d191354ce7db934bf08f2b50c31bad2a7874ac97af410c8ebfc0,4921203b3b43c9dae49b569b2bfbcfc8f099ec59a4688998c6299adfd25ab661
UNION_s1,objective,295,1.0187210190412723,0.9958030146310936,0.7540890304223157,TRAIN_LOG1P_ANCHOR_EXCESS_MARGIN_CE,5c2de947a760409b6a53c35062aaf9719b830e9884c7ab89fd2d4c816ab2a06e,0.022918004410178855,6.7259436869096775e-06,normalized94_abs_anchor_delta94_identity1,5ca38ebab9e2d191354ce7db934bf08f2b50c31bad2a7874ac97af410c8ebfc0,4928130b247cde3dcbf372c5cd8d3e53818f1b559e392f25d8c6e181052aec19
UNION_s1,objective,296,1.0187210189978897,0.99580304855329,0.7540905306108967,TRAIN_LOG1P_ANCHOR_EXCESS_MARGIN_CE,5c2de947a760409b6a53c35062aaf9719b830e9884c7ab89fd2d4c816ab2a06e,0.022917970444599724,1.6050048449112007e-06,normalized94_abs_anchor_delta94_identity1,5ca38ebab9e2d191354ce7db934bf08f2b50c31bad2a7874ac97af410c8ebfc0,51f756d04d87a42ca4a2aaf091107fbb14d81684804110a551ea7333d547f0b6
UNION_s1,objective,297,1.0187210189775422,0.9958030380234133,0.7540906040414118,TRAIN_LOG1P_ANCHOR_EXCESS_MARGIN_CE,5c2de947a760409b6a53c35062aaf9719b830e9884c7ab89fd2d4c816ab2a06e,0.022917980954128867,1.5554766925848753e-06,normalized94_abs_anchor_delta94_identity1,5ca38ebab9e2d191354ce7db934bf08f2b50c31bad2a7874ac97af410c8ebfc0,2722026aebb1cd449a0d361c397d9b7dc44f66716d0b81ce6e2f102ffac3a264
UNION_s1,objective,298,1.0187210189438296,0.9958030547460474,0.7540903384800861,TRAIN_LOG1P_ANCHOR_EXCESS_MARGIN_CE,5c2de947a760409b6a53c35062aaf9719b830e9884c7ab89fd2d4c816ab2a06e,0.02291796419778229,1.8694082322543312e-06,normalized94_abs_anchor_delta94_identity1,5ca38ebab9e2d191354ce7db934bf08f2b50c31bad2a7874ac97af410c8ebfc0,69032c5e342ab99a3f40f5d060f7ff81808b561e3f94effc7510e043d18c8b34
UNION_s1,objective,299,1.0187210189032405,0.9958031291905215,0.754090456217454,TRAIN_LOG1P_ANCHOR_EXCESS_MARGIN_CE,5c2de947a760409b6a53c35062aaf9719b830e9884c7ab89fd2d4c816ab2a06e,0.022917889712718926,1.6138563101354878e-06,normalized94_abs_anchor_delta94_identity1,5ca38ebab9e2d191354ce7db934bf08f2b50c31bad2a7874ac97af410c8ebfc0,fcb85c0cff3737914cfa9b3ba45312078cd828e11298f08ac779106fb1f6314a
UNION_s1,objective,300,1.018721018842937,0.9958032591563553,0.754091262548082,TRAIN_LOG1P_ANCHOR_EXCESS_MARGIN_CE,5c2de947a760409b6a53c35062aaf9719b830e9884c7ab89fd2d4c816ab2a06e,0.022917759686581763,2.2705838596948964e-06,normalized94_abs_anchor_delta94_identity1,5ca38ebab9e2d191354ce7db934bf08f2b50c31bad2a7874ac97af410c8ebfc0,f8be47b3488858c533cc6c4159128339088a195aea3e5639b417f008decaaa70
UNION_s1,objective,301,1.0187210188325064,0.9958033356096582,0.7540899863228748,TRAIN_LOG1P_ANCHOR_EXCESS_MARGIN_CE,5c2de947a760409b6a53c35062aaf9719b830e9884c7ab89fd2d4c816ab2a06e,0.022917683222848283,2.8828086068648916e-06,normalized94_abs_anchor_delta94_identity1,5ca38ebab9e2d191354ce7db934bf08f2b50c31bad2a7874ac97af410c8ebfc0,e3cb85d1a75730d02d04639ae6a5d8a1ca49e0c722c56707c35e2635f54878a0
UNION_s1,objective,302,1.0187210187713696,0.9958034105858693,0.7540909715777705,TRAIN_LOG1P_ANCHOR_EXCESS_MARGIN_CE,5c2de947a760409b6a53c35062aaf9719b830e9884c7ab89fd2d4c816ab2a06e,0.022917608185500316,1.1593350465367139e-06,normalized94_abs_anchor_delta94_identity1,5ca38ebab9e2d191354ce7db934bf08f2b50c31bad2a7874ac97af410c8ebfc0,e158b3a251b9f88b49e1ab203079908dfa877f3d92f7601c0804b8c45c1d9b22
UNION_s1,objective,303,1.0187210187488898,0.9958034214360967,0.7540910875476272,TRAIN_LOG1P_ANCHOR_EXCESS_MARGIN_CE,5c2de947a760409b6a53c35062aaf9719b830e9884c7ab89fd2d4c816ab2a06e,0.02291759731279297,7.992250619235444e-07,normalized94_abs_anchor_delta94_identity1,5ca38ebab9e2d191354ce7db934bf08f2b50c31bad2a7874ac97af410c8ebfc0,4df3123438560dd6fd67ff6f119334d7a3dba76829367782181ab90da2d07bf5
UNION_s1,objective,304,1.0187210187302127,0.9958034770146631,0.754091283871752,TRAIN_LOG1P_ANCHOR_EXCESS_MARGIN_CE,5c2de947a760409b6a53c35062aaf9719b830e9884c7ab89fd2d4c816ab2a06e,0.022917541715549643,1.0655117936036735e-06,normalized94_abs_anchor_delta94_identity1,5ca38ebab9e2d191354ce7db934bf08f2b50c31bad2a7874ac97af410c8ebfc0,98a1e6129e46cc52eb45498f5005c0570d4c40ea13b03c5bcedf8dc5e2711dfc
UNION_s1,objective,305,1.0187210187236133,0.9958034579929979,0.7540917839595407,TRAIN_LOG1P_ANCHOR_EXCESS_MARGIN_CE,5c2de947a760409b6a53c35062aaf9719b830e9884c7ab89fd2d4c816ab2a06e,0.022917560730615384,1.9181174742422463e-06,normalized94_abs_anchor_delta94_identity1,5ca38ebab9e2d191354ce7db934bf08f2b50c31bad2a7874ac97af410c8ebfc0,5da6321884dd7808549c87a1a32b1e33f2c8d58c65c96f14e0b60a788c20fed3
UNION_s1,objective,306,1.018721018706443,0.9958034695934268,0.7540914004123069,TRAIN_LOG1P_ANCHOR_EXCESS_MARGIN_CE,5c2de947a760409b6a53c35062aaf9719b830e9884c7ab89fd2d4c816ab2a06e,0.02291754911301634,1.0412088647787062e-06,normalized94_abs_anchor_delta94_identity1,5ca38ebab9e2d191354ce7db934bf08f2b50c31bad2a7874ac97af410c8ebfc0,5f14c097060719674f4844d5a3583846c7846328f36f8d5d6cb4f37660b2e5d1
UNION_s1,objective,307,1.0187210186912838,0.9958034925796458,0.754090804817592,TRAIN_LOG1P_ANCHOR_EXCESS_MARGIN_CE,5c2de947a760409b6a53c35062aaf9719b830e9884c7ab89fd2d4c816ab2a06e,0.022917526111638067,1.4096005481229624e-06,normalized94_abs_anchor_delta94_identity1,5ca38ebab9e2d191354ce7db934bf08f2b50c31bad2a7874ac97af410c8ebfc0,c2e5760abf43ec90933c42bcc38132ae3af4520b0b30a2650c05b39ab506eb34
UNION_s1,objective,308,1.0187210186894091,0.9958035214068494,0.7540920062172985,TRAIN_LOG1P_ANCHOR_EXCESS_MARGIN_CE,5c2de947a760409b6a53c35062aaf9719b830e9884c7ab89fd2d4c816ab2a06e,0.022917497282559846,4.121464673318473e-06,normalized94_abs_anchor_delta94_identity1,5ca38ebab9e2d191354ce7db934bf08f2b50c31bad2a7874ac97af410c8ebfc0,bee2fe4e45a23a9708b125abca14bdbe40183ca6262b5c517adaa1a23e9238de
UNION_s1,objective,309,1.0187210186765483,0.9958035185484573,0.7540912960952965,TRAIN_LOG1P_ANCHOR_EXCESS_MARGIN_CE,5c2de947a760409b6a53c35062aaf9719b830e9884c7ab89fd2d4c816ab2a06e,0.022917500128091076,1.0654696230900193e-06,normalized94_abs_anchor_delta94_identity1,5ca38ebab9e2d191354ce7db934bf08f2b50c31bad2a7874ac97af410c8ebfc0,86ca6f817f287ca92c86ed61cb321cc32a3da2077d5de2a4e389abcae390abf7
UNION_s1,objective,310,1.018721018673355,0.9958035195094346,0.7540913071916783,TRAIN_LOG1P_ANCHOR_EXCESS_MARGIN_CE,5c2de947a760409b6a53c35062aaf9719b830e9884c7ab89fd2d4c816ab2a06e,0.0229174991639204,9.3565747778886e-07,normalized94_abs_anchor_delta94_identity1,5ca38ebab9e2d191354ce7db934bf08f2b50c31bad2a7874ac97af410c8ebfc0,84c8d68803be61ec88108d511953bb69d03f4c88e58d16050a9c2d116a372522
UNION_s1,objective,311,1.0187210186683164,0.9958035295861358,0.7540914225364085,TRAIN_LOG1P_ANCHOR_EXCESS_MARGIN_CE,5c2de947a760409b6a53c35062aaf9719b830e9884c7ab89fd2d4c816ab2a06e,0.02291748908218059,1.068928016858048e-06,normalized94_abs_anchor_delta94_identity1,5ca38ebab9e2d191354ce7db934bf08f2b50c31bad2a7874ac97af410c8ebfc0,57fc946f88acbec8a8fee9f5b37dda8f18c9abe02d071733241724dc75f781d0
UNION_s1,objective,312,1.0187210186566478,0.9958035585159475,0.7540914953912365,TRAIN_LOG1P_ANCHOR_EXCESS_MARGIN_CE,5c2de947a760409b6a53c35062aaf9719b830e9884c7ab89fd2d4c816ab2a06e,0.022917460140700282,1.2148913394979269e-06,normalized94_abs_anchor_delta94_identity1,5ca38ebab9e2d191354ce7db934bf08f2b50c31bad2a7874ac97af410c8ebfc0,c6814d877c11062bb71428cef7de9099d4c00f7565a22e274bf606047882d5e6
UNION_s1,objective,313,1.018721018636656,0.9958036216896028,0.7540912260729812,TRAIN_LOG1P_ANCHOR_EXCESS_MARGIN_CE,5c2de947a760409b6a53c35062aaf9719b830e9884c7ab89fd2d4c816ab2a06e,0.022917396947053102,1.1767110944240816e-06,normalized94_abs_anchor_delta94_identity1,5ca38ebab9e2d191354ce7db934bf08f2b50c31bad2a7874ac97af410c8ebfc0,ad6434c805fec3fe1a079cc36f5d9c04f206dff7ac29e426cb89a771b30ca3d4
UNION_s1,objective,314,1.0187210186268842,0.9958037231102306,0.754091795300509,TRAIN_LOG1P_ANCHOR_EXCESS_MARGIN_CE,5c2de947a760409b6a53c35062aaf9719b830e9884c7ab89fd2d4c816ab2a06e,0.02291729551665378,1.9619220247754943e-06,normalized94_abs_anchor_delta94_identity1,5ca38ebab9e2d191354ce7db934bf08f2b50c31bad2a7874ac97af410c8ebfc0,e9d3b0fbeb272faa13c99d39cd309b9dcc374fcf355ec6b46a35fd546eac3680
UNION_s1,objective,315,1.0187210186072035,0.9958037544491727,0.7540912863867435,TRAIN_LOG1P_ANCHOR_EXCESS_MARGIN_CE,5c2de947a760409b6a53c35062aaf9719b830e9884c7ab89fd2d4c816ab2a06e,0.022917264158030862,9.186039596852947e-07,normalized94_abs_anchor_delta94_identity1,5ca38ebab9e2d191354ce7db934bf08f2b50c31bad2a7874ac97af410c8ebfc0,fd44499ecf808ce47074dcb1916f7ab89a924537f32adc2ab11b2c65866c4605
UNION_s1,objective,316,1.0187210185999058,0.9958037441722181,0.7540911043839732,TRAIN_LOG1P_ANCHOR_EXCESS_MARGIN_CE,5c2de947a760409b6a53c35062aaf9719b830e9884c7ab89fd2d4c816ab2a06e,0.02291727442768774,6.509555684773019e-07,normalized94_abs_anchor_delta94_identity1,5ca38ebab9e2d191354ce7db934bf08f2b50c31bad2a7874ac97af410c8ebfc0,354ff70d9af1338415072ed8dc9714410c7f664cca21183b45b43c4a124d2d46
UNION_s1,objective,317,1.01872101859024,0.9958037642832327,0.7540912000229479,TRAIN_LOG1P_ANCHOR_EXCESS_MARGIN_CE,5c2de947a760409b6a53c35062aaf9719b830e9884c7ab89fd2d4c816ab2a06e,0.02291725430700734,6.568276832334166e-07,normalized94_abs_anchor_delta94_identity1,5ca38ebab9e2d191354ce7db934bf08f2b50c31bad2a7874ac97af410c8ebfc0,99301fd614e9e7a876887ca0fece3cba87a5e42e8649e482f36a10e4d48379ee
UNION_s1,objective,318,1.0187210185797007,0.9958038101637181,0.7540907957417127,TRAIN_LOG1P_ANCHOR_EXCESS_MARGIN_CE,5c2de947a760409b6a53c35062aaf9719b830e9884c7ab89fd2d4c816ab2a06e,0.022917208415982597,1.284626282703549e-06,normalized94_abs_anchor_delta94_identity1,5ca38ebab9e2d191354ce7db934bf08f2b50c31bad2a7874ac97af410c8ebfc0,ae52100b1b8cbf9c1b00a501ec60f2acb0c1b5a73be19b4ad56ee12f4b4feaf4
UNION_s1,objective,319,1.01872101857052,0.9958038548002448,0.7540914474928558,TRAIN_LOG1P_ANCHOR_EXCESS_MARGIN_CE,5c2de947a760409b6a53c35062aaf9719b830e9884c7ab89fd2d4c816ab2a06e,0.02291716377027521,1.1955195303485743e-06,normalized94_abs_anchor_delta94_identity1,5ca38ebab9e2d191354ce7db934bf08f2b50c31bad2a7874ac97af410c8ebfc0,b2c67f610c19591493c65b0f87353533eeb072aa6a8694eeb26659519c0cdbad
UNION_s1,objective,320,1.018721018564958,0.9958038985845534,0.7540913397822349,TRAIN_LOG1P_ANCHOR_EXCESS_MARGIN_CE,5c2de947a760409b6a53c35062aaf9719b830e9884c7ab89fd2d4c816ab2a06e,0.022917119980404608,8.535404958841484e-07,normalized94_abs_anchor_delta94_identity1,5ca38ebab9e2d191354ce7db934bf08f2b50c31bad2a7874ac97af410c8ebfc0,32376d76a01ad4c6f48bb6854ca9781d8e89fff17087e077a0f8bd218e51fdb4
UNION_s1,objective,321,1.0187210185622197,0.9958039037599007,0.7540915456486111,TRAIN_LOG1P_ANCHOR_EXCESS_MARGIN_CE,5c2de947a760409b6a53c35062aaf9719b830e9884c7ab89fd2d4c816ab2a06e,0.02291711480231904,6.625119365396659e-07,normalized94_abs_anchor_delta94_identity1,5ca38ebab9e2d191354ce7db934bf08f2b50c31bad2a7874ac97af410c8ebfc0,1cc4300c2be45be28d25a60d7d7731cd21ab0c8712cb4d8275e79160051088ba
UNION_s1,objective,322,1.0187210185590765,0.9958039014987676,0.7540915458334839,TRAIN_LOG1P_ANCHOR_EXCESS_MARGIN_CE,5c2de947a760409b6a53c35062aaf9719b830e9884c7ab89fd2d4c816ab2a06e,0.022917117060308793,6.394927704510517e-07,normalized94_abs_anchor_delta94_identity1,5ca38ebab9e2d191354ce7db934bf08f2b50c31bad2a7874ac97af410c8ebfc0,d05e8027040dddf3ba0b0bed7f8019aeada7ed9e24ac70490d167f47d245210b
UNION_s1,objective,323,1.0187210185435138,0.9958039311305327,0.7540915817605729,TRAIN_LOG1P_ANCHOR_EXCESS_MARGIN_CE,5c2de947a760409b6a53c35062aaf9719b830e9884c7ab89fd2d4c816ab2a06e,0.022917087412981207,6.423843051700606e-07,normalized94_abs_anchor_delta94_identity1,5ca38ebab9e2d191354ce7db934bf08f2b50c31bad2a7874ac97af410c8ebfc0,ed354ff913183e37e6f52a3b6340483ae8fd2f9e19cd4d86e7565ec2b52e56c1
UNION_s1,objective,324,1.0187210185600895,0.9958039201891268,0.7540919441238275,TRAIN_LOG1P_ANCHOR_EXCESS_MARGIN_CE,5c2de947a760409b6a53c35062aaf9719b830e9884c7ab89fd2d4c816ab2a06e,0.022917098370962757,3.0042065720507954e-06,normalized94_abs_anchor_delta94_identity1,5ca38ebab9e2d191354ce7db934bf08f2b50c31bad2a7874ac97af410c8ebfc0,c5e48388b61298b73c7127682d50012c6a8d98db9ff6541122c335b667ad9549
UNION_s1,objective,325,1.018721018538614,0.9958039275836722,0.7540916988878105,TRAIN_LOG1P_ANCHOR_EXCESS_MARGIN_CE,5c2de947a760409b6a53c35062aaf9719b830e9884c7ab89fd2d4c816ab2a06e,0.02291709095494177,8.805635673893813e-07,normalized94_abs_anchor_delta94_identity1,5ca38ebab9e2d191354ce7db934bf08f2b50c31bad2a7874ac97af410c8ebfc0,e65d88b5289cca3fc3ce2203e19a4f8430ad9ea5e906fca63eafc3b314330f05
UNION_s1,objective,326,1.0187210185330198,0.9958039513565793,0.7540915867090588,TRAIN_LOG1P_ANCHOR_EXCESS_MARGIN_CE,5c2de947a760409b6a53c35062aaf9719b830e9884c7ab89fd2d4c816ab2a06e,0.02291706717644051,5.007930899628029e-07,normalized94_abs_anchor_delta94_identity1,5ca38ebab9e2d191354ce7db934bf08f2b50c31bad2a7874ac97af410c8ebfc0,b63ed3ad1f70e7d7f4c1e5d5ac275aa443f748539f8305cd970e214a95a8a352
UNION_s1,objective,327,1.018721018528599,0.9958039575335081,0.7540914530050372,TRAIN_LOG1P_ANCHOR_EXCESS_MARGIN_CE,5c2de947a760409b6a53c35062aaf9719b830e9884c7ab89fd2d4c816ab2a06e,0.022917060995091026,4.437819015472987e-07,normalized94_abs_anchor_delta94_identity1,5ca38ebab9e2d191354ce7db934bf08f2b50c31bad2a7874ac97af410c8ebfc0,c1b3fa30b8e916fad24a2778bec0e7bb925adfe87ecc8fb79a27d3fa866b0897
UNION_s1,objective,328,1.0187210185197957,0.9958039632357806,0.7540913838683391,TRAIN_LOG1P_ANCHOR_EXCESS_MARGIN_CE,5c2de947a760409b6a53c35062aaf9719b830e9884c7ab89fd2d4c816ab2a06e,0.022917055284015105,4.5549332043980257e-07,normalized94_abs_anchor_delta94_identity1,5ca38ebab9e2d191354ce7db934bf08f2b50c31bad2a7874ac97af410c8ebfc0,18b3c09a5df8916f6ca926aec91c22077f6689b22e9525531f5606fafe2109e0
UNION_s1,objective,329,1.0187210185131395,0.9958039606547548,0.7540912411166418,TRAIN_LOG1P_ANCHOR_EXCESS_MARGIN_CE,5c2de947a760409b6a53c35062aaf9719b830e9884c7ab89fd2d4c816ab2a06e,0.022917057858384663,9.011052770613347e-07,normalized94_abs_anchor_delta94_identity1,5ca38ebab9e2d191354ce7db934bf08f2b50c31bad2a7874ac97af410c8ebfc0,1960f1ce04f3afa82dfa867ab0e74866c86a03c2ebbfcb45211e70486ef31014
UNION_s1,objective,330,1.018721018506229,0.995803949001231,0.7540913183674115,TRAIN_LOG1P_ANCHOR_EXCESS_MARGIN_CE,5c2de947a760409b6a53c35062aaf9719b830e9884c7ab89fd2d4c816ab2a06e,0.022917069504997948,5.238634646712028e-07,normalized94_abs_anchor_delta94_identity1,5ca38ebab9e2d191354ce7db934bf08f2b50c31bad2a7874ac97af410c8ebfc0,33331424ea35338c894e34948780f2f706652eb197ddc3f09c48220276af724e
UNION_s1,objective,331,1.0187210185024136,0.9958039458232092,0.7540919481005368,TRAIN_LOG1P_ANCHOR_EXCESS_MARGIN_CE,5c2de947a760409b6a53c35062aaf9719b830e9884c7ab89fd2d4c816ab2a06e,0.02291707267920437,1.3360956457024925e-06,normalized94_abs_anchor_delta94_identity1,5ca38ebab9e2d191354ce7db934bf08f2b50c31bad2a7874ac97af410c8ebfc0,46faf6a914a1b6ef35f78b875ce5eaa4d194f50e025b03ddf12df740433c5de6
UNION_s1,objective,332,1.0187210185001656,0.9958039479873653,0.7540916693388422,TRAIN_LOG1P_ANCHOR_EXCESS_MARGIN_CE,5c2de947a760409b6a53c35062aaf9719b830e9884c7ab89fd2d4c816ab2a06e,0.02291707051280042,6.158028040301156e-07,normalized94_abs_anchor_delta94_identity1,5ca38ebab9e2d191354ce7db934bf08f2b50c31bad2a7874ac97af410c8ebfc0,2ed6d7e6358bd7fde2a685d0e9238ffd9386a7aca999eab8a93aa4ca386cfc86
UNION_s1,objective,333,1.0187210184988844,0.9958039539130887,0.7540916441518004,TRAIN_LOG1P_ANCHOR_EXCESS_MARGIN_CE,5c2de947a760409b6a53c35062aaf9719b830e9884c7ab89fd2d4c816ab2a06e,0.02291706458579573,5.206980571980206e-07,normalized94_abs_anchor_delta94_identity1,5ca38ebab9e2d191354ce7db934bf08f2b50c31bad2a7874ac97af410c8ebfc0,6a67c6ac258a304e35d56331c731bcdf0a09056d2b84c5c4b62c812acbc3d33a
UNION_s1,objective,334,1.018721018495017,0.9958039580936193,0.7540914364147594,TRAIN_LOG1P_ANCHOR_EXCESS_MARGIN_CE,5c2de947a760409b6a53c35062aaf9719b830e9884c7ab89fd2d4c816ab2a06e,0.02291706040139773,3.196268520010921e-07,normalized94_abs_anchor_delta94_identity1,5ca38ebab9e2d191354ce7db934bf08f2b50c31bad2a7874ac97af410c8ebfc0,df6205a999bf1bf8686a4c60e294b22e03326429c0d2c4dde445f8edb9502ba8
UNION_s1,objective,335,1.0187210184933317,0.9958039646532529,0.7540914510351022,TRAIN_LOG1P_ANCHOR_EXCESS_MARGIN_CE,5c2de947a760409b6a53c35062aaf9719b830e9884c7ab89fd2d4c816ab2a06e,0.0229170538400787,3.1854180382575005e-07,normalized94_abs_anchor_delta94_identity1,5ca38ebab9e2d191354ce7db934bf08f2b50c31bad2a7874ac97af410c8ebfc0,3989dd229bacd82fbb529fcf3b8947c9c4cd4b115e90de3cea08c1fbdf19a4c3
UNION_s1,objective,336,1.0187210184918896,0.9958039526122598,0.7540913868925134,TRAIN_LOG1P_ANCHOR_EXCESS_MARGIN_CE,5c2de947a760409b6a53c35062aaf9719b830e9884c7ab89fd2d4c816ab2a06e,0.022917065879629772,8.217458626500693e-07,normalized94_abs_anchor_delta94_identity1,5ca38ebab9e2d191354ce7db934bf08f2b50c31bad2a7874ac97af410c8ebfc0,17e93faef4a43dda87771fa61f1533cea2d93385e80837559a991617d4991d07
UNION_s1,objective,337,1.018721018490447,0.9958039489745788,0.7540914115512584,TRAIN_LOG1P_ANCHOR_EXCESS_MARGIN_CE,5c2de947a760409b6a53c35062aaf9719b830e9884c7ab89fd2d4c816ab2a06e,0.02291706951586818,4.5200449991749925e-07,normalized94_abs_anchor_delta94_identity1,5ca38ebab9e2d191354ce7db934bf08f2b50c31bad2a7874ac97af410c8ebfc0,30352a5fef4c81a78199117c70d18c162e80285ce7fdb5b375a19a87eee60239
UNION_s1,objective,338,1.0187210184887643,0.9958039370641582,0.7540914579734955,TRAIN_LOG1P_ANCHOR_EXCESS_MARGIN_CE,5c2de947a760409b6a53c35062aaf9719b830e9884c7ab89fd2d4c816ab2a06e,0.022917081424606148,3.432704892929914e-07,normalized94_abs_anchor_delta94_identity1,5ca38ebab9e2d191354ce7db934bf08f2b50c31bad2a7874ac97af410c8ebfc0,01226f338058765dcc31b1e536b2703f840a863111c675a91b92b2c3eb5f3e6e
UNION_s1,objective,339,1.0187210184877873,0.9958039313931161,0.754091473677931,TRAIN_LOG1P_ANCHOR_EXCESS_MARGIN_CE,5c2de947a760409b6a53c35062aaf9719b830e9884c7ab89fd2d4c816ab2a06e,0.022917087094671246,3.7880477962393395e-07,normalized94_abs_anchor_delta94_identity1,5ca38ebab9e2d191354ce7db934bf08f2b50c31bad2a7874ac97af410c8ebfc0,6f4f966c699ad433aff654798463fcefc1b4adcb1b6d186a4d176ab6459d1cc9
UNION_s1,objective,340,1.0187210184852593,0.9958039205034768,0.7540914798436291,TRAIN_LOG1P_ANCHOR_EXCESS_MARGIN_CE,5c2de947a760409b6a53c35062aaf9719b830e9884c7ab89fd2d4c816ab2a06e,0.022917097981782583,4.372388980827528e-07,normalized94_abs_anchor_delta94_identity1,5ca38ebab9e2d191354ce7db934bf08f2b50c31bad2a7874ac97af410c8ebfc0,4a3c604ae88f5b3386218676a35ab2e1ea0b684548737a8001cb2ee2889f2eea
UNION_s1,objective,341,1.0187210184832765,0.9958039159837883,0.7540915091102999,TRAIN_LOG1P_ANCHOR_EXCESS_MARGIN_CE,5c2de947a760409b6a53c35062aaf9719b830e9884c7ab89fd2d4c816ab2a06e,0.022917102499488293,3.5059223131735393e-07,normalized94_abs_anchor_delta94_identity1,5ca38ebab9e2d191354ce7db934bf08f2b50c31bad2a7874ac97af410c8ebfc0,4cdbce0e7be1c493894dfd74d9b68349395d5e93c35bacdd6cda94e7c123a7a1
UNION_s1,objective,342,1.018721018482154,0.9958039139399797,0.7540912909230054,TRAIN_LOG1P_ANCHOR_EXCESS_MARGIN_CE,5c2de947a760409b6a53c35062aaf9719b830e9884c7ab89fd2d4c816ab2a06e,0.022917104542174226,5.223226501685484e-07,normalized94_abs_anchor_delta94_identity1,5ca38ebab9e2d191354ce7db934bf08f2b50c31bad2a7874ac97af410c8ebfc0,f5e56542cb33692cca82acd17534cf46e1bf381a3d999ec01d5020a518309d30
UNION_s1,objective,343,1.0187210184825943,0.9958039185800528,0.7540917941118573,TRAIN_LOG1P_ANCHOR_EXCESS_MARGIN_CE,5c2de947a760409b6a53c35062aaf9719b830e9884c7ab89fd2d4c816ab2a06e,0.022917099902541645,1.1715682855073202e-06,normalized94_abs_anchor_delta94_identity1,5ca38ebab9e2d191354ce7db934bf08f2b50c31bad2a7874ac97af410c8ebfc0,fad81442b937876aac4ac4f0c815b343e43f7a5d471c90f78f6fa3d12ee6e07d
UNION_s1,objective,344,1.0187210184817523,0.9958039158349631,0.7540914964848143,TRAIN_LOG1P_ANCHOR_EXCESS_MARGIN_CE,5c2de947a760409b6a53c35062aaf9719b830e9884c7ab89fd2d4c816ab2a06e,0.022917102646789363,2.99368891187399e-07,normalized94_abs_anchor_delta94_identity1,5ca38ebab9e2d191354ce7db934bf08f2b50c31bad2a7874ac97af410c8ebfc0,d0b30446deefd5f73ac6a1d7c07b1479cabcd0fecd74245e2c898a6ca0f22f32
UNION_s1,objective,345,1.0187210184814437,0.9958039184400547,0.7540914508018636,TRAIN_LOG1P_ANCHOR_EXCESS_MARGIN_CE,5c2de947a760409b6a53c35062aaf9719b830e9884c7ab89fd2d4c816ab2a06e,0.02291710004138899,2.65268060079764e-07,normalized94_abs_anchor_delta94_identity1,5ca38ebab9e2d191354ce7db934bf08f2b50c31bad2a7874ac97af410c8ebfc0,41caf6d84df9d962e89c6a19756c79215a5e8aaa2073226e78cf10eb4873a906
UNION_s1,objective,346,1.0187210184805497,0.9958039175075539,0.7540914318166365,TRAIN_LOG1P_ANCHOR_EXCESS_MARGIN_CE,5c2de947a760409b6a53c35062aaf9719b830e9884c7ab89fd2d4c816ab2a06e,0.022917100972995718,2.397901170065174e-07,normalized94_abs_anchor_delta94_identity1,5ca38ebab9e2d191354ce7db934bf08f2b50c31bad2a7874ac97af410c8ebfc0,4dc1dcd2d83ad635a4368388a6573c350a4143b2cdf21280d82f02573c4df690
UNION_s1,objective,347,1.0187210184792352,0.9958039151986832,0.754091411947447,TRAIN_LOG1P_ANCHOR_EXCESS_MARGIN_CE,5c2de947a760409b6a53c35062aaf9719b830e9884c7ab89fd2d4c816ab2a06e,0.022917103280552055,2.3392804168918824e-07,normalized94_abs_anchor_delta94_identity1,5ca38ebab9e2d191354ce7db934bf08f2b50c31bad2a7874ac97af410c8ebfc0,2344c50527a5de6116ff87823c533471478d76c945bf8f270f705392a6291f22
UNION_s1,objective,348,1.0187210184771887,0.9958039011958452,0.754091408349129,TRAIN_LOG1P_ANCHOR_EXCESS_MARGIN_CE,5c2de947a760409b6a53c35062aaf9719b830e9884c7ab89fd2d4c816ab2a06e,0.022917117281343595,2.942739013720545e-07,normalized94_abs_anchor_delta94_identity1,5ca38ebab9e2d191354ce7db934bf08f2b50c31bad2a7874ac97af410c8ebfc0,54aeffd85ee1f2f0cde760d46805f9ec0539c452d7433f4432f8d59c23b8b563
UNION_s1,objective,349,1.018721018480439,0.9958038901151186,0.7540914735433533,TRAIN_LOG1P_ANCHOR_EXCESS_MARGIN_CE,5c2de947a760409b6a53c35062aaf9719b830e9884c7ab89fd2d4c816ab2a06e,0.022917128365320408,1.80042936796055e-06,normalized94_abs_anchor_delta94_identity1,5ca38ebab9e2d191354ce7db934bf08f2b50c31bad2a7874ac97af410c8ebfc0,313fb72584ad1269a2381284df9d21e19805d020347f8702788067bd8d08c060
UNION_s1,objective,350,1.0187210184765223,0.9958038979581982,0.7540914273882912,TRAIN_LOG1P_ANCHOR_EXCESS_MARGIN_CE,5c2de947a760409b6a53c35062aaf9719b830e9884c7ab89fd2d4c816ab2a06e,0.022917120518324043,5.184696406319787e-07,normalized94_abs_anchor_delta94_identity1,5ca38ebab9e2d191354ce7db934bf08f2b50c31bad2a7874ac97af410c8ebfc0,0dddd194ac438bf2040d89d978a98503b94078967db2a03167708320c65419e9
UNION_s1,objective,351,1.0187210184754327,0.9958038867377313,0.7540914378208666,TRAIN_LOG1P_ANCHOR_EXCESS_MARGIN_CE,5c2de947a760409b6a53c35062aaf9719b830e9884c7ab89fd2d4c816ab2a06e,0.02291713173770142,2.625206726617246e-07,normalized94_abs_anchor_delta94_identity1,5ca38ebab9e2d191354ce7db934bf08f2b50c31bad2a7874ac97af410c8ebfc0,df43ebf980eccfcb5607f8e1d5894473d37db371094a6e66cdba7e289411247c
UNION_s1,objective,352,1.0187210184747384,0.9958038782532496,0.7540914421352491,TRAIN_LOG1P_ANCHOR_EXCESS_MARGIN_CE,5c2de947a760409b6a53c35062aaf9719b830e9884c7ab89fd2d4c816ab2a06e,0.022917140221488833,1.6401394977804725e-07,normalized94_abs_anchor_delta94_identity1,5ca38ebab9e2d191354ce7db934bf08f2b50c31bad2a7874ac97af410c8ebfc0,339dc5cb2d34608f48516f7b1a807e52040dd21f5e421ad26a43b8fe4f5b800c
UNION_s1,objective,353,1.0187210184741857,0.9958038724762136,0.7540914374257688,TRAIN_LOG1P_ANCHOR_EXCESS_MARGIN_CE,5c2de947a760409b6a53c35062aaf9719b830e9884c7ab89fd2d4c816ab2a06e,0.022917145997972045,1.9852273413380042e-07,normalized94_abs_anchor_delta94_identity1,5ca38ebab9e2d191354ce7db934bf08f2b50c31bad2a7874ac97af410c8ebfc0,dde1d05499c4918f865c7c50c177ea864b075a3a47e3acb4b23fce3b62d62de4
UNION_s1,objective,354,1.018721018473228,0.9958038622214304,0.7540914334177924,TRAIN_LOG1P_ANCHOR_EXCESS_MARGIN_CE,5c2de947a760409b6a53c35062aaf9719b830e9884c7ab89fd2d4c816ab2a06e,0.02291715625179768,2.2509722260815905e-07,normalized94_abs_anchor_delta94_identity1,5ca38ebab9e2d191354ce7db934bf08f2b50c31bad2a7874ac97af410c8ebfc0,66a739988e9d0649358e3f6146e461cc1012249b2ea0601384fff44c941debc5
UNION_s1,objective,355,1.0187210184725082,0.9958038500666336,0.7540914533922327,TRAIN_LOG1P_ANCHOR_EXCESS_MARGIN_CE,5c2de947a760409b6a53c35062aaf9719b830e9884c7ab89fd2d4c816ab2a06e,0.02291716840587463,4.724755151405019e-07,normalized94_abs_anchor_delta94_identity1,5ca38ebab9e2d191354ce7db934bf08f2b50c31bad2a7874ac97af410c8ebfc0,568893c8074bb1b8a3f3f16dff04da32ab73963f7b1d0fe561149d410394ac02
UNION_s1,objective,356,1.018721018475623,0.9958038334757722,0.7540906938410586,TRAIN_LOG1P_ANCHOR_EXCESS_MARGIN_CE,5c2de947a760409b6a53c35062aaf9719b830e9884c7ab89fd2d4c816ab2a06e,0.02291718499985093,2.278572063496296e-06,normalized94_abs_anchor_delta94_identity1,5ca38ebab9e2d191354ce7db934bf08f2b50c31bad2a7874ac97af410c8ebfc0,b95edfeaf1350bc235313e9e298d45d3d5b1418a20cbd4ca2d506ab83eb4c657
UNION_s1,objective,357,1.0187210184723365,0.9958038469784455,0.7540913120445287,TRAIN_LOG1P_ANCHOR_EXCESS_MARGIN_CE,5c2de947a760409b6a53c35062aaf9719b830e9884c7ab89fd2d4c816ab2a06e,0.02291717149389105,3.095080073362398e-07,normalized94_abs_anchor_delta94_identity1,5ca38ebab9e2d191354ce7db934bf08f2b50c31bad2a7874ac97af410c8ebfc0,2b0220c4518be4ce569895001e7ad025f512bd23ab94dc35b62adf50a226515f
UNION_s1,objective,358,1.0187210184720206,0.9958038488086192,0.7540913548982848,TRAIN_LOG1P_ANCHOR_EXCESS_MARGIN_CE,5c2de947a760409b6a53c35062aaf9719b830e9884c7ab89fd2d4c816ab2a06e,0.02291716966340145,1.999842232548289e-07,normalized94_abs_anchor_delta94_identity1,5ca38ebab9e2d191354ce7db934bf08f2b50c31bad2a7874ac97af410c8ebfc0,0e72e37b61c0aba33fec7bd8905b785573554fb770f9eb673e4a0f63ccba5215
UNION_s1,objective,359,1.018721018471683,0.9958038474570162,0.7540914141783045,TRAIN_LOG1P_ANCHOR_EXCESS_MARGIN_CE,5c2de947a760409b6a53c35062aaf9719b830e9884c7ab89fd2d4c816ab2a06e,0.022917171014666924,1.3070476275834387e-07,normalized94_abs_anchor_delta94_identity1,5ca38ebab9e2d191354ce7db934bf08f2b50c31bad2a7874ac97af410c8ebfc0,0c6ecaac32a364aa8abf644ebb1db6cba150d51425629e6fe833d4f80dd918a3
UNION_s1,objective,360,1.0187210184713773,0.995803845805077,0.7540914441667933,TRAIN_LOG1P_ANCHOR_EXCESS_MARGIN_CE,5c2de947a760409b6a53c35062aaf9719b830e9884c7ab89fd2d4c816ab2a06e,0.022917172666300414,1.5835915541150806e-07,normalized94_abs_anchor_delta94_identity1,5ca38ebab9e2d191354ce7db934bf08f2b50c31bad2a7874ac97af410c8ebfc0,a8800b6f0c7a1c5799d511f6d82be84ffdf6f34c93de9f5377c39584ede2f91e
UNION_s1,objective,361,1.01872101847071,0.9958038390199443,0.7540914960989907,TRAIN_LOG1P_ANCHOR_EXCESS_MARGIN_CE,5c2de947a760409b6a53c35062aaf9719b830e9884c7ab89fd2d4c816ab2a06e,0.022917179450765657,2.2723230349088785e-07,normalized94_abs_anchor_delta94_identity1,5ca38ebab9e2d191354ce7db934bf08f2b50c31bad2a7874ac97af410c8ebfc0,c6218ce9ce5b3d4e5e676db3dce15b9c96379d2620e4aa4379b653d56e06b707
UNION_s1,objective,362,1.0187210184700002,0.9958038335932633,0.7540914531380261,TRAIN_LOG1P_ANCHOR_EXCESS_MARGIN_CE,5c2de947a760409b6a53c35062aaf9719b830e9884c7ab89fd2d4c816ab2a06e,0.022917184876736964,2.1666609805793753e-07,normalized94_abs_anchor_delta94_identity1,5ca38ebab9e2d191354ce7db934bf08f2b50c31bad2a7874ac97af410c8ebfc0,aa2784010e28dd529a01fab0e7e95046f6a9770e856d41768630e84fec95e8f9
UNION_s1,objective,363,1.0187210184698867,0.9958038145865604,0.7540914436212289,TRAIN_LOG1P_ANCHOR_EXCESS_MARGIN_CE,5c2de947a760409b6a53c35062aaf9719b830e9884c7ab89fd2d4c816ab2a06e,0.02291720388332631,5.954809639936162e-07,normalized94_abs_anchor_delta94_identity1,5ca38ebab9e2d191354ce7db934bf08f2b50c31bad2a7874ac97af410c8ebfc0,b66137fb72d13db2160d042d9bdc35d3a4e7b41f3b3408fccb0ea01f66878a46
UNION_s1,objective,364,1.018721018469263,0.9958038189503631,0.7540914254832943,TRAIN_LOG1P_ANCHOR_EXCESS_MARGIN_CE,5c2de947a760409b6a53c35062aaf9719b830e9884c7ab89fd2d4c816ab2a06e,0.022917199518899957,1.5495911691402246e-07,normalized94_abs_anchor_delta94_identity1,5ca38ebab9e2d191354ce7db934bf08f2b50c31bad2a7874ac97af410c8ebfc0,d8c58cf3eb15e50249830bd4b2210cd5a7d204e7c8d3c587ce823e3ac719eea2
UNION_s1,objective,365,1.0187210184690862,0.9958038190960373,0.7540914091330632,TRAIN_LOG1P_ANCHOR_EXCESS_MARGIN_CE,5c2de947a760409b6a53c35062aaf9719b830e9884c7ab89fd2d4c816ab2a06e,0.022917199373048817,1.1856318821485197e-07,normalized94_abs_anchor_delta94_identity1,5ca38ebab9e2d191354ce7db934bf08f2b50c31bad2a7874ac97af410c8ebfc0,a5f9ab8f7ca39eaf06018af6156a55803bc8805cc98e044bc920aebadb2ff670
UNION_s1,objective,366,1.018721018468885,0.9958038167556711,0.7540914026763719,TRAIN_LOG1P_ANCHOR_EXCESS_MARGIN_CE,5c2de947a760409b6a53c35062aaf9719b830e9884c7ab89fd2d4c816ab2a06e,0.022917201713213913,1.427976209434267e-07,normalized94_abs_anchor_delta94_identity1,5ca38ebab9e2d191354ce7db934bf08f2b50c31bad2a7874ac97af410c8ebfc0,09efca697714a79249a0f2bb6d3d0a5410c34438451dfab957827a3028350ba3
UNION_s1,objective,367,1.0187210184685278,0.9958038147169976,0.7540913920319635,TRAIN_LOG1P_ANCHOR_EXCESS_MARGIN_CE,5c2de947a760409b6a53c35062aaf9719b830e9884c7ab89fd2d4c816ab2a06e,0.022917203751530064,1.3333823435301652e-07,normalized94_abs_anchor_delta94_identity1,5ca38ebab9e2d191354ce7db934bf08f2b50c31bad2a7874ac97af410c8ebfc0,c7b814925dcef758a325d7ff978eb42982f1cba7f51848d372c4d7e941d5f36d
UNION_s1,objective,368,1.0187210184687459,0.9958037867908727,0.7540914820514993,TRAIN_LOG1P_ANCHOR_EXCESS_MARGIN_CE,5c2de947a760409b6a53c35062aaf9719b830e9884c7ab89fd2d4c816ab2a06e,0.022917231677873105,2.812634914906227e-07,normalized94_abs_anchor_delta94_identity1,5ca38ebab9e2d191354ce7db934bf08f2b50c31bad2a7874ac97af410c8ebfc0,e54d0ac919e62e97cd2cfdb623753b76b74e3bd5192d0ed98dca78dd6da40b54
UNION_s1,objective,369,1.018721018468293,0.9958038030261372,0.7540914297162908,TRAIN_LOG1P_ANCHOR_EXCESS_MARGIN_CE,5c2de947a760409b6a53c35062aaf9719b830e9884c7ab89fd2d4c816ab2a06e,0.022917215442155844,1.5238397846457663e-07,normalized94_abs_anchor_delta94_identity1,5ca38ebab9e2d191354ce7db934bf08f2b50c31bad2a7874ac97af410c8ebfc0,07a531dd122b31fcc1252a84b08f1a3e1305e1fe7e1cccbf12d36d3ee1414e04
UNION_s1,objective,370,1.01872101847007,0.9958038058565524,0.7540919758698832,TRAIN_LOG1P_ANCHOR_EXCESS_MARGIN_CE,5c2de947a760409b6a53c35062aaf9719b830e9884c7ab89fd2d4c816ab2a06e,0.022917212613517594,1.8625319035682026e-06,normalized94_abs_anchor_delta94_identity1,5ca38ebab9e2d191354ce7db934bf08f2b50c31bad2a7874ac97af410c8ebfc0,f36ed06d15a8be612385a2f7d2ffcedb9062fa3474081709859f9a67b13c3ef8
UNION_s1,objective,371,1.0187210184681978,0.9958038035464577,0.7540915301969184,TRAIN_LOG1P_ANCHOR_EXCESS_MARGIN_CE,5c2de947a760409b6a53c35062aaf9719b830e9884c7ab89fd2d4c816ab2a06e,0.022917214921740137,3.2435026255794385e-07,normalized94_abs_anchor_delta94_identity1,5ca38ebab9e2d191354ce7db934bf08f2b50c31bad2a7874ac97af410c8ebfc0,44d3a44a94cb5bddaecb60e9872fc463e2f0471c4b3249c3e57081a792e4c72f
UNION_s1,objective,372,1.0187210184679447,0.9958038039759721,0.7540914865290851,TRAIN_LOG1P_ANCHOR_EXCESS_MARGIN_CE,5c2de947a760409b6a53c35062aaf9719b830e9884c7ab89fd2d4c816ab2a06e,0.02291721449197263,2.211842504162828e-07,normalized94_abs_anchor_delta94_identity1,5ca38ebab9e2d191354ce7db934bf08f2b50c31bad2a7874ac97af410c8ebfc0,f32bdf5c37d15dbc52d028702fb1e158295251fe2c1ec0d823680ffb84c3a57f
UNION_s1,objective,373,1.0187210184676754,0.9958038027976773,0.7540914272341432,TRAIN_LOG1P_ANCHOR_EXCESS_MARGIN_CE,5c2de947a760409b6a53c35062aaf9719b830e9884c7ab89fd2d4c816ab2a06e,0.02291721566999805,1.4104435517036206e-07,normalized94_abs_anchor_delta94_identity1,5ca38ebab9e2d191354ce7db934bf08f2b50c31bad2a7874ac97af410c8ebfc0,78347a026879ea0d455ee921a4e698330156f81c1c3f6fefdc08b94e602195e9
UNION_s1,objective,374,1.0187210184673998,0.9958038011593957,0.7540913806230178,TRAIN_LOG1P_ANCHOR_EXCESS_MARGIN_CE,5c2de947a760409b6a53c35062aaf9719b830e9884c7ab89fd2d4c816ab2a06e,0.022917217308004112,1.0800744792907243e-07,normalized94_abs_anchor_delta94_identity1,5ca38ebab9e2d191354ce7db934bf08f2b50c31bad2a7874ac97af410c8ebfc0,11e2b727080f5f4a767f7a993d33c6b96a665f4b4d804ee63e9f5615d0b5c508
UNION_s1,objective,375,1.0187210184671573,0.9958037983011749,0.7540913507382341,TRAIN_LOG1P_ANCHOR_EXCESS_MARGIN_CE,5c2de947a760409b6a53c35062aaf9719b830e9884c7ab89fd2d4c816ab2a06e,0.022917220165982303,1.2513591207108058e-07,normalized94_abs_anchor_delta94_identity1,5ca38ebab9e2d191354ce7db934bf08f2b50c31bad2a7874ac97af410c8ebfc0,c753959089550567dd03c091d2e5e5e3e8ed9d1955bde2fddc9bab1811386783
UNION_s1,objective,376,1.0187210184668714,0.9958037971695323,0.7540913753279684,TRAIN_LOG1P_ANCHOR_EXCESS_MARGIN_CE,5c2de947a760409b6a53c35062aaf9719b830e9884c7ab89fd2d4c816ab2a06e,0.022917221297339165,1.5194594990928143e-07,normalized94_abs_anchor_delta94_identity1,5ca38ebab9e2d191354ce7db934bf08f2b50c31bad2a7874ac97af410c8ebfc0,f18f9e546ab8d120ffb406b3d268afce6360f49a97af8348efc1cf1eecd1978c
UNION_s1,objective,377,1.0187210184666216,0.9958037908723618,0.7540913677110866,TRAIN_LOG1P_ANCHOR_EXCESS_MARGIN_CE,5c2de947a760409b6a53c35062aaf9719b830e9884c7ab89fd2d4c816ab2a06e,0.0229172275942597,2.021650746300132e-07,normalized94_abs_anchor_delta94_identity1,5ca38ebab9e2d191354ce7db934bf08f2b50c31bad2a7874ac97af410c8ebfc0,79a1b906a2c0df0ce8d6d8f2fdb1d4b478fc28eb092634b82c3e761e441b864a
UNION_s1,objective,378,1.0187210184663495,0.9958037911061476,0.7540913873400693,TRAIN_LOG1P_ANCHOR_EXCESS_MARGIN_CE,5c2de947a760409b6a53c35062aaf9719b830e9884c7ab89fd2d4c816ab2a06e,0.02291722736020194,1.7406102190555997e-07,normalized94_abs_anchor_delta94_identity1,5ca38ebab9e2d191354ce7db934bf08f2b50c31bad2a7874ac97af410c8ebfc0,63daefa35d16f5544e1c581c5f708884f8d5204145fc2d586b824bf286af85a6
UNION_s1,objective,379,1.018721018466101,0.9958037924393165,0.7540914210319769,TRAIN_LOG1P_ANCHOR_EXCESS_MARGIN_CE,5c2de947a760409b6a53c35062aaf9719b830e9884c7ab89fd2d4c816ab2a06e,0.022917226026784605,1.1758981650322769e-07,normalized94_abs_anchor_delta94_identity1,5ca38ebab9e2d191354ce7db934bf08f2b50c31bad2a7874ac97af410c8ebfc0,0c0ff0974a59653d9e01c4c89de306b0c8a5e480a11596e95354f893086d028e
UNION_s1,objective,380,1.0187210184658277,0.9958037922161919,0.7540914196078123,TRAIN_LOG1P_ANCHOR_EXCESS_MARGIN_CE,5c2de947a760409b6a53c35062aaf9719b830e9884c7ab89fd2d4c816ab2a06e,0.022917226249635783,9.303143127317891e-08,normalized94_abs_anchor_delta94_identity1,5ca38ebab9e2d191354ce7db934bf08f2b50c31bad2a7874ac97af410c8ebfc0,9dd87498eb5c5043f20dee5a3b16d5ca13a9b67d00ee5960826108e2008ceb85
UNION_s1,objective,381,1.0187210184655964,0.9958037907090315,0.754091397621122,TRAIN_LOG1P_ANCHOR_EXCESS_MARGIN_CE,5c2de947a760409b6a53c35062aaf9719b830e9884c7ab89fd2d4c816ab2a06e,0.022917227756564955,7.47649149215899e-08,normalized94_abs_anchor_delta94_identity1,5ca38ebab9e2d191354ce7db934bf08f2b50c31bad2a7874ac97af410c8ebfc0,89b6678047668dc7c08d95b600dc645a03b98cee177e16fbc62886bef2c4a5a4
UNION_s1,objective,382,1.0187210184653501,0.995803787924487,0.7540914165420803,TRAIN_LOG1P_ANCHOR_EXCESS_MARGIN_CE,5c2de947a760409b6a53c35062aaf9719b830e9884c7ab89fd2d4c816ab2a06e,0.02291723054086323,1.3558807337997685e-07,normalized94_abs_anchor_delta94_identity1,5ca38ebab9e2d191354ce7db934bf08f2b50c31bad2a7874ac97af410c8ebfc0,539579ac70c73b42e41d68b867b56f6f50dcee296a273a519790c0b6e4699601
UNION_s1,objective,383,1.0187210184677675,0.9958037782203951,0.7540907972664526,TRAIN_LOG1P_ANCHOR_EXCESS_MARGIN_CE,5c2de947a760409b6a53c35062aaf9719b830e9884c7ab89fd2d4c816ab2a06e,0.022917240247372492,1.919117911178042e-06,normalized94_abs_anchor_delta94_identity1,5ca38ebab9e2d191354ce7db934bf08f2b50c31bad2a7874ac97af410c8ebfc0,a8447a47005968bd6794ca3641a9bc76be16e73ef085581a2b7eaccb79e9ee38
UNION_s1,objective,384,1.0187210184653057,0.9958037867765388,0.7540913433052876,TRAIN_LOG1P_ANCHOR_EXCESS_MARGIN_CE,5c2de947a760409b6a53c35062aaf9719b830e9884c7ab89fd2d4c816ab2a06e,0.02291723168876696,1.4663217758112217e-07,normalized94_abs_anchor_delta94_identity1,5ca38ebab9e2d191354ce7db934bf08f2b50c31bad2a7874ac97af410c8ebfc0,6018577542a8da6b29e190e78f952d5eed479fb940d77493483104160a545076
UNION_s1,objective,385,1.018721018465213,0.9958037851068197,0.7540913655524204,TRAIN_LOG1P_ANCHOR_EXCESS_MARGIN_CE,5c2de947a760409b6a53c35062aaf9719b830e9884c7ab89fd2d4c816ab2a06e,0.022917233358393144,1.0959154068234154e-07,normalized94_abs_anchor_delta94_identity1,5ca38ebab9e2d191354ce7db934bf08f2b50c31bad2a7874ac97af410c8ebfc0,1a2ab4d9597ca342d6b1f92aeea88399c38c433281db4a9eef0c258f157c4bfc
UNION_s1,objective,386,1.0187210184651005,0.9958037829482024,0.7540913963122653,TRAIN_LOG1P_ANCHOR_EXCESS_MARGIN_CE,5c2de947a760409b6a53c35062aaf9719b830e9884c7ab89fd2d4c816ab2a06e,0.0229172355168982,6.489711018668088e-08,normalized94_abs_anchor_delta94_identity1,5ca38ebab9e2d191354ce7db934bf08f2b50c31bad2a7874ac97af410c8ebfc0,4425f0c159307fed5c475b392f9bd4b6c036c382365aff7cf704d1ca657affdc
UNION_s1,objective,387,1.0187210184650428,0.9958037824482786,0.7540913952667395,TRAIN_LOG1P_ANCHOR_EXCESS_MARGIN_CE,5c2de947a760409b6a53c35062aaf9719b830e9884c7ab89fd2d4c816ab2a06e,0.02291723601676418,5.885714892692347e-08,normalized94_abs_anchor_delta94_identity1,5ca38ebab9e2d191354ce7db934bf08f2b50c31bad2a7874ac97af410c8ebfc0,acdf30ab9a3ebd2402b22108ebdb6eab2141e101dd7e549bd942efa1b808380d
UNION_s1,objective,388,1.0187210184648796,0.9958037805565848,0.7540913806096138,TRAIN_LOG1P_ANCHOR_EXCESS_MARGIN_CE,5c2de947a760409b6a53c35062aaf9719b830e9884c7ab89fd2d4c816ab2a06e,0.022917237908294898,5.125765903287414e-08,normalized94_abs_anchor_delta94_identity1,5ca38ebab9e2d191354ce7db934bf08f2b50c31bad2a7874ac97af410c8ebfc0,91b5d967000d23c0d30bc4cd824f5a4865892b7d2b360265d75e225809d7689b
UNION_s1,objective,389,1.0187210184649786,0.9958037755672291,0.7540914002156328,TRAIN_LOG1P_ANCHOR_EXCESS_MARGIN_CE,5c2de947a760409b6a53c35062aaf9719b830e9884c7ab89fd2d4c816ab2a06e,0.022917242897749455,2.986505639461403e-07,normalized94_abs_anchor_delta94_identity1,5ca38ebab9e2d191354ce7db934bf08f2b50c31bad2a7874ac97af410c8ebfc0,d0a29d7d369acfe115cbcc2f723f91f5da5d5c1798e9bf4414c93bc57a1a5225
UNION_s1,objective,390,1.0187210184648148,0.9958037786292776,0.7540913881826475,TRAIN_LOG1P_ANCHOR_EXCESS_MARGIN_CE,5c2de947a760409b6a53c35062aaf9719b830e9884c7ab89fd2d4c816ab2a06e,0.022917239835537076,1.1746120072310698e-07,normalized94_abs_anchor_delta94_identity1,5ca38ebab9e2d191354ce7db934bf08f2b50c31bad2a7874ac97af410c8ebfc0,8c4af1fade8eb1bb1cc5ce6350b0bd15ab1c15a8136bd262017296259e0a7ab2
UNION_s1,objective,391,1.0187210184647264,0.995803775965218,0.754091355589717,TRAIN_LOG1P_ANCHOR_EXCESS_MARGIN_CE,5c2de947a760409b6a53c35062aaf9719b830e9884c7ab89fd2d4c816ab2a06e,0.02291724249950845,1.0543830116902357e-07,normalized94_abs_anchor_delta94_identity1,5ca38ebab9e2d191354ce7db934bf08f2b50c31bad2a7874ac97af410c8ebfc0,2c4a9dee1fdda635458f8ed51811f777844d28043b3c62eed93b7eb90a6fc4a2
UNION_s1,objective,392,1.018721018464683,0.9958037754180837,0.7540913423213166,TRAIN_LOG1P_ANCHOR_EXCESS_MARGIN_CE,5c2de947a760409b6a53c35062aaf9719b830e9884c7ab89fd2d4c816ab2a06e,0.02291724304659941,6.232872516240082e-08,normalized94_abs_anchor_delta94_identity1,5ca38ebab9e2d191354ce7db934bf08f2b50c31bad2a7874ac97af410c8ebfc0,ff2812ce1421779f198da13c06499e1e18ab327c8024797635daf50d09fa5199
UNION_s1,objective,393,1.018721018464665,0.9958037751990011,0.7540913483960204,TRAIN_LOG1P_ANCHOR_EXCESS_MARGIN_CE,5c2de947a760409b6a53c35062aaf9719b830e9884c7ab89fd2d4c816ab2a06e,0.022917243265663845,3.750658718975098e-08,normalized94_abs_anchor_delta94_identity1,5ca38ebab9e2d191354ce7db934bf08f2b50c31bad2a7874ac97af410c8ebfc0,a2c5a88457e2c229f08f8a9abac4862558531111ac4b0cc7a77ed6fcce4a2266
UNION_s2,objective,1,4.86093697807659,4.86093697807659,1.3857607605189974,TRAIN_LOG1P_ANCHOR_EXCESS_MARGIN_CE,7d56a3cf42a07f683d323f7cbc28c99a9a6cbc061490716b2aa141f2666c4cd1,0.0,9.042138181028879,normalized94_abs_anchor_delta94_identity1,5ca38ebab9e2d191354ce7db934bf08f2b50c31bad2a7874ac97af410c8ebfc0,db725b42e2cd89e9cb7e9380e022e26d86f343e11195db88002ac0fe269834f1
UNION_s2,objective,2,1.4429837520805353,1.4429337520805352,0.7617123092762724,TRAIN_LOG1P_ANCHOR_EXCESS_MARGIN_CE,7d56a3cf42a07f683d323f7cbc28c99a9a6cbc061490716b2aa141f2666c4cd1,5.000000000000002e-05,0.6400779913618395,normalized94_abs_anchor_delta94_identity1,5ca38ebab9e2d191354ce7db934bf08f2b50c31bad2a7874ac97af410c8ebfc0,6afb07ba1d8b1bee41f16566aa25499fe49d53070c1d3d225c8130513c3e4d49
UNION_s2,objective,3,1.397760491827536,1.397703425511414,0.7725307390134606,TRAIN_LOG1P_ANCHOR_EXCESS_MARGIN_CE,7d56a3cf42a07f683d323f7cbc28c99a9a6cbc061490716b2aa141f2666c4cd1,5.706631612189047e-05,0.5253520161524896,normalized94_abs_anchor_delta94_identity1,5ca38ebab9e2d191354ce7db934bf08f2b50c31bad2a7874ac97af410c8ebfc0,5251624a74da5598192c1b689cf4271b59e0e790902a1ba93d882c8aec076318
UNION_s2,objective,4,1.271467064136676,1.2713706136489227,0.8391868792123447,TRAIN_LOG1P_ANCHOR_EXCESS_MARGIN_CE,7d56a3cf42a07f683d323f7cbc28c99a9a6cbc061490716b2aa141f2666c4cd1,9.64504877534036e-05,0.18470196494599483,normalized94_abs_anchor_delta94_identity1,5ca38ebab9e2d191354ce7db934bf08f2b50c31bad2a7874ac97af410c8ebfc0,b86b1efe7c12d4511480e307e993c93b02d0dfdcf29f43edba68fb1854d7f2ef
UNION_s2,objective,5,1.2383695824202683,1.2382463365283907,0.8781637287037434,TRAIN_LOG1P_ANCHOR_EXCESS_MARGIN_CE,7d56a3cf42a07f683d323f7cbc28c99a9a6cbc061490716b2aa141f2666c4cd1,0.00012324589187772433,0.10383956737921628,normalized94_abs_anchor_delta94_identity1,5ca38ebab9e2d191354ce7db934bf08f2b50c31bad2a7874ac97af410c8ebfc0,f0ecc9ab068866b6ae9f17743fb93c778d8074fddc5f037687ea54a2ed8b5822
UNION_s2,objective,6,1.212236537305004,1.2120792057103364,0.9037915149395886,TRAIN_LOG1P_ANCHOR_EXCESS_MARGIN_CE,7d56a3cf42a07f683d323f7cbc28c99a9a6cbc061490716b2aa141f2666c4cd1,0.00015733159466752608,0.09592212117525557,normalized94_abs_anchor_delta94_identity1,5ca38ebab9e2d191354ce7db934bf08f2b50c31bad2a7874ac97af410c8ebfc0,40845566ebd11ff000e805cea275fb48f11abc101c00ff05fbc3ae7a321db431
UNION_s2,objective,7,1.1777307589170614,1.177503141670836,0.9056864525701647,TRAIN_LOG1P_ANCHOR_EXCESS_MARGIN_CE,7d56a3cf42a07f683d323f7cbc28c99a9a6cbc061490716b2aa141f2666c4cd1,0.00022761724622552497,0.10228324102957212,normalized94_abs_anchor_delta94_identity1,5ca38ebab9e2d191354ce7db934bf08f2b50c31bad2a7874ac97af410c8ebfc0,b31fa95d716a944e370448c373a118134ad345c55f9b71f9da5833aaf0691fbe
UNION_s2,objective,8,1.1337082455447864,1.1332755130896852,0.8645307416232655,TRAIN_LOG1P_ANCHOR_EXCESS_MARGIN_CE,7d56a3cf42a07f683d323f7cbc28c99a9a6cbc061490716b2aa141f2666c4cd1,0.00043273245510112526,0.04621224477007351,normalized94_abs_anchor_delta94_identity1,5ca38ebab9e2d191354ce7db934bf08f2b50c31bad2a7874ac97af410c8ebfc0,4704044035c04451a952ba71457d61a73388d117efdc23e780cc179fef0ca2f8
UNION_s2,objective,9,1.1196398604467859,1.1190278182572064,0.8540308940663394,TRAIN_LOG1P_ANCHOR_EXCESS_MARGIN_CE,7d56a3cf42a07f683d323f7cbc28c99a9a6cbc061490716b2aa141f2666c4cd1,0.0006120421895794995,0.04950421435711494,normalized94_abs_anchor_delta94_identity1,5ca38ebab9e2d191354ce7db934bf08f2b50c31bad2a7874ac97af410c8ebfc0,8182b256868f94434b82bf38d30a99ad4d5de7ff34e9cc0663eb887bf8bddef5
UNION_s2,objective,10,1.107516517284317,1.1067965816354008,0.8565028633044992,TRAIN_LOG1P_ANCHOR_EXCESS_MARGIN_CE,7d56a3cf42a07f683d323f7cbc28c99a9a6cbc061490716b2aa141f2666c4cd1,0.0007199356489162674,0.03666787953075342,normalized94_abs_anchor_delta94_identity1,5ca38ebab9e2d191354ce7db934bf08f2b50c31bad2a7874ac97af410c8ebfc0,6c4f2a5b1070fd5a7389a5d1de6bbfe04ff88314182e0709205333f3b5a7baf2
UNION_s2,objective,11,1.097088662999675,1.0962383612817976,0.8457146168462745,TRAIN_LOG1P_ANCHOR_EXCESS_MARGIN_CE,7d56a3cf42a07f683d323f7cbc28c99a9a6cbc061490716b2aa141f2666c4cd1,0.0008503017178772732,0.032287615406411764,normalized94_abs_anchor_delta94_identity1,5ca38ebab9e2d191354ce7db934bf08f2b50c31bad2a7874ac97af410c8ebfc0,09ae041da07abd48b33f2d068bb198da7425da6da91105b995cc99e0889d4588
UNION_s2,objective,12,1.0883122614736813,1.087352336848339,0.8223246081905297,TRAIN_LOG1P_ANCHOR_EXCESS_MARGIN_CE,7d56a3cf42a07f683d323f7cbc28c99a9a6cbc061490716b2aa141f2666c4cd1,0.0009599246253423221,0.029057775372776602,normalized94_abs_anchor_delta94_identity1,5ca38ebab9e2d191354ce7db934bf08f2b50c31bad2a7874ac97af410c8ebfc0,5364ea3bd344692d677ca1c74e200d3bb417a9b2be167294c30291c5f8fd721f
UNION_s2,objective,13,1.0822405693264157,1.0811327108018087,0.8090543191268855,TRAIN_LOG1P_ANCHOR_EXCESS_MARGIN_CE,7d56a3cf42a07f683d323f7cbc28c99a9a6cbc061490716b2aa141f2666c4cd1,0.0011078585246068638,0.023220435136196895,normalized94_abs_anchor_delta94_identity1,5ca38ebab9e2d191354ce7db934bf08f2b50c31bad2a7874ac97af410c8ebfc0,15a9511d18cfb9808dd2e4b1c411bf33da139f206ae3df6edd7a9d5b4a36ca2c
UNION_s2,objective,14,1.0784200115433011,1.0772013718053586,0.8061433553550521,TRAIN_LOG1P_ANCHOR_EXCESS_MARGIN_CE,7d56a3cf42a07f683d323f7cbc28c99a9a6cbc061490716b2aa141f2666c4cd1,0.001218639737942492,0.016497859294756514,normalized94_abs_anchor_delta94_identity1,5ca38ebab9e2d191354ce7db934bf08f2b50c31bad2a7874ac97af410c8ebfc0,3cc4596304f731ff43ab6e13c4705cac47d4f7effaa4252fa280b91779f98e4d
UNION_s2,objective,15,1.0710098177378449,1.0692805027936358,0.8029317791510231,TRAIN_LOG1P_ANCHOR_EXCESS_MARGIN_CE,7d56a3cf42a07f683d323f7cbc28c99a9a6cbc061490716b2aa141f2666c4cd1,0.001729314944208978,0.016294951826394455,normalized94_abs_anchor_delta94_identity1,5ca38ebab9e2d191354ce7db934bf08f2b50c31bad2a7874ac97af410c8ebfc0,6ab82d19a7d0f22950057a63b9a4fda3a99a54049ce8ae370a6c7fcc7a794062
UNION_s2,objective,16,1.06536812629044,1.0632195895594838,0.8054927329435794,TRAIN_LOG1P_ANCHOR_EXCESS_MARGIN_CE,7d56a3cf42a07f683d323f7cbc28c99a9a6cbc061490716b2aa141f2666c4cd1,0.0021485367309561454,0.030892802892276118,normalized94_abs_anchor_delta94_identity1,5ca38ebab9e2d191354ce7db934bf08f2b50c31bad2a7874ac97af410c8ebfc0,a51f572dafe95b155037e6942b508ee5a8cdb0bbb09ac853adccd07cba915c30
UNION_s2,objective,17,1.0611207505902882,1.058504286115804,0.7945358505287765,TRAIN_LOG1P_ANCHOR_EXCESS_MARGIN_CE,7d56a3cf42a07f683d323f7cbc28c99a9a6cbc061490716b2aa141f2666c4cd1,0.0026164644744842256,0.020577733953521003,normalized94_abs_anchor_delta94_identity1,5ca38ebab9e2d191354ce7db934bf08f2b50c31bad2a7874ac97af410c8ebfc0,ff131884311a202718b986ce2c6e6c4e01c20435c83244cc342f35f2bbdc3117
UNION_s2,objective,18,1.0565047942885655,1.0534529174422789,0.7926604650103317,TRAIN_LOG1P_ANCHOR_EXCESS_MARGIN_CE,7d56a3cf42a07f683d323f7cbc28c99a9a6cbc061490716b2aa141f2666c4cd1,0.0030518768462865914,0.021916452720331128,normalized94_abs_anchor_delta94_identity1,5ca38ebab9e2d191354ce7db934bf08f2b50c31bad2a7874ac97af410c8ebfc0,a5b1f2d5734908534974b2bd76dec607d84040cc2126c3856dae5f6f27591009
UNION_s2,objective,19,1.0491420696540412,1.0451127293417666,0.7866813375303704,TRAIN_LOG1P_ANCHOR_EXCESS_MARGIN_CE,7d56a3cf42a07f683d323f7cbc28c99a9a6cbc061490716b2aa141f2666c4cd1,0.004029340312274717,0.0219416251685578,normalized94_abs_anchor_delta94_identity1,5ca38ebab9e2d191354ce7db934bf08f2b50c31bad2a7874ac97af410c8ebfc0,8dc4fb3f5d81b3ff545d64f0c2d8c37ff915f28562df1eaa477f4600c955f024
UNION_s2,objective,20,1.0434219522298382,1.0385197943279663,0.7808579136440645,TRAIN_LOG1P_ANCHOR_EXCESS_MARGIN_CE,7d56a3cf42a07f683d323f7cbc28c99a9a6cbc061490716b2aa141f2666c4cd1,0.004902157901871903,0.016267717873801255,normalized94_abs_anchor_delta94_identity1,5ca38ebab9e2d191354ce7db934bf08f2b50c31bad2a7874ac97af410c8ebfc0,489ca3dda1cf97713640cd57a287b5426184d7b2b8d96753e2ad9ef1e5219007
UNION_s2,objective,21,1.0399088084981278,1.0342459398521033,0.7769635728671409,TRAIN_LOG1P_ANCHOR_EXCESS_MARGIN_CE,7d56a3cf42a07f683d323f7cbc28c99a9a6cbc061490716b2aa141f2666c4cd1,0.005662868646024412,0.016183743723604153,normalized94_abs_anchor_delta94_identity1,5ca38ebab9e2d191354ce7db934bf08f2b50c31bad2a7874ac97af410c8ebfc0,84f30bebd5358935f70a1cc800e590f7e0278c6fb44382fa7b9632c1a983e566
UNION_s2,objective,22,1.0371017945148775,1.0303411495483987,0.7882188407031054,TRAIN_LOG1P_ANCHOR_EXCESS_MARGIN_CE,7d56a3cf42a07f683d323f7cbc28c99a9a6cbc061490716b2aa141f2666c4cd1,0.00676064496647878,0.028013970009491566,normalized94_abs_anchor_delta94_identity1,5ca38ebab9e2d191354ce7db934bf08f2b50c31bad2a7874ac97af410c8ebfc0,cf123129cb372b84dabe25bb50c97792741e27017ba0e7eabcf5cc7caae84ed0
UNION_s2,objective,23,1.0346371918524748,1.0270734188927664,0.7793181406163784,TRAIN_LOG1P_ANCHOR_EXCESS_MARGIN_CE,7d56a3cf42a07f683d323f7cbc28c99a9a6cbc061490716b2aa141f2666c4cd1,0.0075637729597083465,0.015581763862599247,normalized94_abs_anchor_delta94_identity1,5ca38ebab9e2d191354ce7db934bf08f2b50c31bad2a7874ac97af410c8ebfc0,0f2d321ab208ea115fd6ad4fbcd9c1976b288412ad656c3896828b93789ae160
UNION_s2,objective,24,1.032424364208335,1.0241613703192116,0.7717866754871968,TRAIN_LOG1P_ANCHOR_EXCESS_MARGIN_CE,7d56a3cf42a07f683d323f7cbc28c99a9a6cbc061490716b2aa141f2666c4cd1,0.008262993889123377,0.010548075284543514,normalized94_abs_anchor_delta94_identity1,5ca38ebab9e2d191354ce7db934bf08f2b50c31bad2a7874ac97af410c8ebfc0,732d00e035052ef5bb7095a486a0f004a2f247cab4b2ae49428a8c87da93dba5
UNION_s2,objective,25,1.030556766255097,1.0218217391358178,0.7678903038772814,TRAIN_LOG1P_ANCHOR_EXCESS_MARGIN_CE,7d56a3cf42a07f683d323f7cbc28c99a9a6cbc061490716b2aa141f2666c4cd1,0.008735027119279164,0.011022278787141715,normalized94_abs_anchor_delta94_identity1,5ca38ebab9e2d191354ce7db934bf08f2b50c31bad2a7874ac97af410c8ebfc0,fe46868fec8dcbd48b667e728a928e265239bbd657ca2bbf3323d74caf5423a6
UNION_s2,objective,26,1.0286235191441118,1.019421249900816,0.7665571294872926,TRAIN_LOG1P_ANCHOR_EXCESS_MARGIN_CE,7d56a3cf42a07f683d323f7cbc28c99a9a6cbc061490716b2aa141f2666c4cd1,0.009202269243295863,0.009060084100499487,normalized94_abs_anchor_delta94_identity1,5ca38ebab9e2d191354ce7db934bf08f2b50c31bad2a7874ac97af410c8ebfc0,c49c8647de37ede6621bda1b50a84b9acf05bb6b10b61ad11c6b67946f21909b
UNION_s2,objective,27,1.0279174822181778,1.0187151144243036,0.763352934034336,TRAIN_LOG1P_ANCHOR_EXCESS_MARGIN_CE,7d56a3cf42a07f683d323f7cbc28c99a9a6cbc061490716b2aa141f2666c4cd1,0.009202367793874117,0.03455930368642033,normalized94_abs_anchor_delta94_identity1,5ca38ebab9e2d191354ce7db934bf08f2b50c31bad2a7874ac97af410c8ebfc0,c85dd6302272ced7f80de7f2c31ce039ba715b6dbf01d2ba2107626b56282b69
UNION_s2,objective,28,1.0267068741904999,1.017592262977373,0.7677598974688097,TRAIN_LOG1P_ANCHOR_EXCESS_MARGIN_CE,7d56a3cf42a07f683d323f7cbc28c99a9a6cbc061490716b2aa141f2666c4cd1,0.009114611213126863,0.00922213706298725,normalized94_abs_anchor_delta94_identity1,5ca38ebab9e2d191354ce7db934bf08f2b50c31bad2a7874ac97af410c8ebfc0,34e1e5330e798d69010574f504c7eb1bfe78e35b754aa8ac3a40d3faffdf187c
UNION_s2,objective,29,1.026241942307791,1.017146166974466,0.768237954255332,TRAIN_LOG1P_ANCHOR_EXCESS_MARGIN_CE,7d56a3cf42a07f683d323f7cbc28c99a9a6cbc061490716b2aa141f2666c4cd1,0.009095775333325245,0.010059075166783867,normalized94_abs_anchor_delta94_identity1,5ca38ebab9e2d191354ce7db934bf08f2b50c31bad2a7874ac97af410c8ebfc0,0753bf83f0f5c65b9e34624a56578f0af172acc6dbd4af5f0d812640c4bb3e04
UNION_s2,objective,30,1.025641749301568,1.0164919403737491,0.7675283074209723,TRAIN_LOG1P_ANCHOR_EXCESS_MARGIN_CE,7d56a3cf42a07f683d323f7cbc28c99a9a6cbc061490716b2aa141f2666c4cd1,0.009149808927818723,0.01197825616742229,normalized94_abs_anchor_delta94_identity1,5ca38ebab9e2d191354ce7db934bf08f2b50c31bad2a7874ac97af410c8ebfc0,84d121049ce33242e01fe046beb76c4bb98e3ce5ab3629d4dd85459b71d9fca3
UNION_s2,objective,31,1.0242790169445175,1.0148088269245905,0.7653872588980392,TRAIN_LOG1P_ANCHOR_EXCESS_MARGIN_CE,7d56a3cf42a07f683d323f7cbc28c99a9a6cbc061490716b2aa141f2666c4cd1,0.00947019001992708,0.014582264878696682,normalized94_abs_anchor_delta94_identity1,5ca38ebab9e2d191354ce7db934bf08f2b50c31bad2a7874ac97af410c8ebfc0,50a23dbb4833c197a4ee30f21530452fd565f5c9682a47fd7963752fe0370bfe
UNION_s2,objective,32,1.0223730838386098,1.0119583232645406,0.7615184791451163,TRAIN_LOG1P_ANCHOR_EXCESS_MARGIN_CE,7d56a3cf42a07f683d323f7cbc28c99a9a6cbc061490716b2aa141f2666c4cd1,0.010414760574069157,0.014126818833092403,normalized94_abs_anchor_delta94_identity1,5ca38ebab9e2d191354ce7db934bf08f2b50c31bad2a7874ac97af410c8ebfc0,5cc0885005040d7202d0769d2218f1c457d1ab7f437a955be192193c2d029115
UNION_s2,objective,33,1.0246845738913262,1.0120875307188524,0.7590936568477212,TRAIN_LOG1P_ANCHOR_EXCESS_MARGIN_CE,7d56a3cf42a07f683d323f7cbc28c99a9a6cbc061490716b2aa141f2666c4cd1,0.012597043172473845,0.03878108666740851,normalized94_abs_anchor_delta94_identity1,5ca38ebab9e2d191354ce7db934bf08f2b50c31bad2a7874ac97af410c8ebfc0,b8608cfa81a971b2f802a160ec350270a27f5365eef13e5934c68f9eb1a5a442
UNION_s2,objective,34,1.0213594184072927,1.0102242804333224,0.7596089188161442,TRAIN_LOG1P_ANCHOR_EXCESS_MARGIN_CE,7d56a3cf42a07f683d323f7cbc28c99a9a6cbc061490716b2aa141f2666c4cd1,0.011135137973970286,0.016083107840615878,normalized94_abs_anchor_delta94_identity1,5ca38ebab9e2d191354ce7db934bf08f2b50c31bad2a7874ac97af410c8ebfc0,72e4006c2f1a2ef39eea56cc2bc9f50a0b1f8096b2098fd6b025ab0e7c4ce1f5
UNION_s2,objective,35,1.019965633549526,1.0077180700150046,0.7624395947718077,TRAIN_LOG1P_ANCHOR_EXCESS_MARGIN_CE,7d56a3cf42a07f683d323f7cbc28c99a9a6cbc061490716b2aa141f2666c4cd1,0.012247563534521375,0.013930907029347867,normalized94_abs_anchor_delta94_identity1,5ca38ebab9e2d191354ce7db934bf08f2b50c31bad2a7874ac97af410c8ebfc0,c8345ea177c1869d7fa88f166149a845eeb9593e7be17871b1fc967e2ddefcdb
UNION_s2,objective,36,1.0219216051529199,1.00774766210561,0.7410687741478451,TRAIN_LOG1P_ANCHOR_EXCESS_MARGIN_CE,7d56a3cf42a07f683d323f7cbc28c99a9a6cbc061490716b2aa141f2666c4cd1,0.014173943047309878,0.05643505224063806,normalized94_abs_anchor_delta94_identity1,5ca38ebab9e2d191354ce7db934bf08f2b50c31bad2a7874ac97af410c8ebfc0,c81e34a35b0f1ad454c6d225e8cd2eeca7c7fe219451abe462a8ffcfe2728dfa
UNION_s2,objective,37,1.0192211302887235,1.0063338499608665,0.7543181677358961,TRAIN_LOG1P_ANCHOR_EXCESS_MARGIN_CE,7d56a3cf42a07f683d323f7cbc28c99a9a6cbc061490716b2aa141f2666c4cd1,0.012887280327857088,0.012312823434663328,normalized94_abs_anchor_delta94_identity1,5ca38ebab9e2d191354ce7db934bf08f2b50c31bad2a7874ac97af410c8ebfc0,0bbd2f9cab084bf4d01ede45c16b4dcf30ba0c8979fd3750c60ec7f932fa1871
UNION_s2,objective,38,1.0185873401010632,1.0053855714775786,0.757006641541754,TRAIN_LOG1P_ANCHOR_EXCESS_MARGIN_CE,7d56a3cf42a07f683d323f7cbc28c99a9a6cbc061490716b2aa141f2666c4cd1,0.013201768623484652,0.00904279844686871,normalized94_abs_anchor_delta94_identity1,5ca38ebab9e2d191354ce7db934bf08f2b50c31bad2a7874ac97af410c8ebfc0,007dfa4cedca8e786bd99b4667190e94062b5482552689e04f03b4ff4bb5cf63
UNION_s2,objective,39,1.017872682737441,1.0043007650950966,0.758691215508706,TRAIN_LOG1P_ANCHOR_EXCESS_MARGIN_CE,7d56a3cf42a07f683d323f7cbc28c99a9a6cbc061490716b2aa141f2666c4cd1,0.013571917642344286,0.007256786085938803,normalized94_abs_anchor_delta94_identity1,5ca38ebab9e2d191354ce7db934bf08f2b50c31bad2a7874ac97af410c8ebfc0,06172a2cab1c1642d0dd6ad224c07bf0172d408ec16c81d1b9da02da76e12a57
UNION_s2,objective,40,1.0169131332269306,1.0025787739412462,0.7591981769756185,TRAIN_LOG1P_ANCHOR_EXCESS_MARGIN_CE,7d56a3cf42a07f683d323f7cbc28c99a9a6cbc061490716b2aa141f2666c4cd1,0.014334359285684424,0.006933237270549206,normalized94_abs_anchor_delta94_identity1,5ca38ebab9e2d191354ce7db934bf08f2b50c31bad2a7874ac97af410c8ebfc0,2127b472770ae86bfbb2f637d37abcb4d198cd45ffa61c52db7259736d2d7939
UNION_s2,objective,41,1.016371280963648,1.0013173573026957,0.7558169568342611,TRAIN_LOG1P_ANCHOR_EXCESS_MARGIN_CE,7d56a3cf42a07f683d323f7cbc28c99a9a6cbc061490716b2aa141f2666c4cd1,0.015053923660952475,0.015406145303384524,normalized94_abs_anchor_delta94_identity1,5ca38ebab9e2d191354ce7db934bf08f2b50c31bad2a7874ac97af410c8ebfc0,16a3339ab4fee2b9b00abd8994c8478010c309e60a68dd4c0f22c55fff820945
UNION_s2,objective,42,1.0159897815655652,0.9999868687041152,0.7569610090753429,TRAIN_LOG1P_ANCHOR_EXCESS_MARGIN_CE,7d56a3cf42a07f683d323f7cbc28c99a9a6cbc061490716b2aa141f2666c4cd1,0.016002912861450044,0.013305846159671208,normalized94_abs_anchor_delta94_identity1,5ca38ebab9e2d191354ce7db934bf08f2b50c31bad2a7874ac97af410c8ebfc0,0218ebb405ceec812bafd877d30e07671f242bc47cccf65b1b174b052cf2fb92
UNION_s2,objective,43,1.0157092565246795,0.99998224341102,0.7551473841213612,TRAIN_LOG1P_ANCHOR_EXCESS_MARGIN_CE,7d56a3cf42a07f683d323f7cbc28c99a9a6cbc061490716b2aa141f2666c4cd1,0.015727013113659538,0.005877540759691447,normalized94_abs_anchor_delta94_identity1,5ca38ebab9e2d191354ce7db934bf08f2b50c31bad2a7874ac97af410c8ebfc0,8bb719deae1fef7b7271cb24cd617172dd75f14778b490e79b61f30085c8d5f6
UNION_s2,objective,44,1.0154645105741569,0.9997749444959672,0.7530617675772328,TRAIN_LOG1P_ANCHOR_EXCESS_MARGIN_CE,7d56a3cf42a07f683d323f7cbc28c99a9a6cbc061490716b2aa141f2666c4cd1,0.01568956607818969,0.005525069624806773,normalized94_abs_anchor_delta94_identity1,5ca38ebab9e2d191354ce7db934bf08f2b50c31bad2a7874ac97af410c8ebfc0,21816a54b824f181ea40d8d7fe889b58b555e62457073e8f587256ead1bccc70
UNION_s2,objective,45,1.0152406632232418,0.9993382289837621,0.751997801919292,TRAIN_LOG1P_ANCHOR_EXCESS_MARGIN_CE,7d56a3cf42a07f683d323f7cbc28c99a9a6cbc061490716b2aa141f2666c4cd1,0.015902434239479783,0.0070605949040623405,normalized94_abs_anchor_delta94_identity1,5ca38ebab9e2d191354ce7db934bf08f2b50c31bad2a7874ac97af410c8ebfc0,5c75e26c46b917c6c7b727d7504661a55da6bbc9a9e57b264881a6042fc1b63d
UNION_s2,objective,46,1.0148383706074664,0.998549950930075,0.7518148166270764,TRAIN_LOG1P_ANCHOR_EXCESS_MARGIN_CE,7d56a3cf42a07f683d323f7cbc28c99a9a6cbc061490716b2aa141f2666c4cd1,0.01628841967739143,0.006432773137241687,normalized94_abs_anchor_delta94_identity1,5ca38ebab9e2d191354ce7db934bf08f2b50c31bad2a7874ac97af410c8ebfc0,af1380d148414959ca5afb560256884217b89d538544eaa901b2c9d9a03f6709
UNION_s2,objective,47,1.01411507128069,0.9966641001830544,0.7531263797649548,TRAIN_LOG1P_ANCHOR_EXCESS_MARGIN_CE,7d56a3cf42a07f683d323f7cbc28c99a9a6cbc061490716b2aa141f2666c4cd1,0.01745097109763553,0.005655655285811073,normalized94_abs_anchor_delta94_identity1,5ca38ebab9e2d191354ce7db934bf08f2b50c31bad2a7874ac97af410c8ebfc0,664765033eb29ae78bcc05613468ef51bd473e9a704aa32d12a7c87f138769e6
UNION_s2,objective,48,1.013451521144623,0.9948016133603805,0.7522810221005294,TRAIN_LOG1P_ANCHOR_EXCESS_MARGIN_CE,7d56a3cf42a07f683d323f7cbc28c99a9a6cbc061490716b2aa141f2666c4cd1,0.01864990778424247,0.007481429941619262,normalized94_abs_anchor_delta94_identity1,5ca38ebab9e2d191354ce7db934bf08f2b50c31bad2a7874ac97af410c8ebfc0,4db37af0bd530eb45b6e81f7184e96cdab3ccb524a71067f5a019778cd323423
UNION_s2,objective,49,1.0129911228854342,0.9937410513537878,0.7497048716705543,TRAIN_LOG1P_ANCHOR_EXCESS_MARGIN_CE,7d56a3cf42a07f683d323f7cbc28c99a9a6cbc061490716b2aa141f2666c4cd1,0.019250071531646554,0.005631699108840463,normalized94_abs_anchor_delta94_identity1,5ca38ebab9e2d191354ce7db934bf08f2b50c31bad2a7874ac97af410c8ebfc0,daab0f6d0d76577af3a8607abd15d7c4a8f54f2faea7a69ce3437104e6f764a0
UNION_s2,objective,50,1.0130890908110306,0.9939141327150902,0.759641218417902,TRAIN_LOG1P_ANCHOR_EXCESS_MARGIN_CE,7d56a3cf42a07f683d323f7cbc28c99a9a6cbc061490716b2aa141f2666c4cd1,0.01917495809594049,0.019854891393998028,normalized94_abs_anchor_delta94_identity1,5ca38ebab9e2d191354ce7db934bf08f2b50c31bad2a7874ac97af410c8ebfc0,a4a4e7dc13032b219fa9573fc7464ce2bf2a008e267f98212ee3e01e8a33cfc5
UNION_s2,objective,51,1.0127620551020489,0.9935474717354259,0.7540600808058516,TRAIN_LOG1P_ANCHOR_EXCESS_MARGIN_CE,7d56a3cf42a07f683d323f7cbc28c99a9a6cbc061490716b2aa141f2666c4cd1,0.019214583366622906,0.008276091676695836,normalized94_abs_anchor_delta94_identity1,5ca38ebab9e2d191354ce7db934bf08f2b50c31bad2a7874ac97af410c8ebfc0,98b64dd73527e4bcb42548749c2b279b4f6441761236d7a9d1712ec58b171657
UNION_s2,objective,52,1.0125787055756332,0.9933678037811183,0.7520811020353895,TRAIN_LOG1P_ANCHOR_EXCESS_MARGIN_CE,7d56a3cf42a07f683d323f7cbc28c99a9a6cbc061490716b2aa141f2666c4cd1,0.019210901794514804,0.004873174121895917,normalized94_abs_anchor_delta94_identity1,5ca38ebab9e2d191354ce7db934bf08f2b50c31bad2a7874ac97af410c8ebfc0,28d4e0caaf1a8958439ad9b4a2ef391c343dac6bd22babacb381e98bd5e17d40
UNION_s2,objective,53,1.0123920882989257,0.9931883519722271,0.7499990144729904,TRAIN_LOG1P_ANCHOR_EXCESS_MARGIN_CE,7d56a3cf42a07f683d323f7cbc28c99a9a6cbc061490716b2aa141f2666c4cd1,0.019203736326698664,0.004074047193860782,normalized94_abs_anchor_delta94_identity1,5ca38ebab9e2d191354ce7db934bf08f2b50c31bad2a7874ac97af410c8ebfc0,e1bc4358d9721fd7358afa82524a57d85bea448ca4ca1a601429b281a6e88b2c
UNION_s2,objective,54,1.0121993302110002,0.9929513784201328,0.7485743547171627,TRAIN_LOG1P_ANCHOR_EXCESS_MARGIN_CE,7d56a3cf42a07f683d323f7cbc28c99a9a6cbc061490716b2aa141f2666c4cd1,0.019247951790867458,0.0052601054499334,normalized94_abs_anchor_delta94_identity1,5ca38ebab9e2d191354ce7db934bf08f2b50c31bad2a7874ac97af410c8ebfc0,52e0cc80159b062e0a9ce5cd4fdfc6a6e2ea9dee91e55a9e2e85f39e437acbb3
UNION_s2,objective,55,1.0119432703839895,0.9922385305684646,0.7451874577897846,TRAIN_LOG1P_ANCHOR_EXCESS_MARGIN_CE,7d56a3cf42a07f683d323f7cbc28c99a9a6cbc061490716b2aa141f2666c4cd1,0.019704739815524917,0.017923906579137276,normalized94_abs_anchor_delta94_identity1,5ca38ebab9e2d191354ce7db934bf08f2b50c31bad2a7874ac97af410c8ebfc0,5e386215a99f51c69b3dc9b140a2f5316b9f8491dce0af2304f8ceb075adc5e7
UNION_s2,objective,56,1.011650169504974,0.9916680911703691,0.7462288996976274,TRAIN_LOG1P_ANCHOR_EXCESS_MARGIN_CE,7d56a3cf42a07f683d323f7cbc28c99a9a6cbc061490716b2aa141f2666c4cd1,0.019982078334604938,0.005086918500212874,normalized94_abs_anchor_delta94_identity1,5ca38ebab9e2d191354ce7db934bf08f2b50c31bad2a7874ac97af410c8ebfc0,94627fd894f0c638a9bb0123b8535a2bbcf22f15b8f62d49b7e3440b9a6ece71
UNION_s2,objective,57,1.0115423180013305,0.9914311138523578,0.747411791912659,TRAIN_LOG1P_ANCHOR_EXCESS_MARGIN_CE,7d56a3cf42a07f683d323f7cbc28c99a9a6cbc061490716b2aa141f2666c4cd1,0.020111204148972658,0.0028633911110945683,normalized94_abs_anchor_delta94_identity1,5ca38ebab9e2d191354ce7db934bf08f2b50c31bad2a7874ac97af410c8ebfc0,7de8dce28a9c423216b18760049d528abbfbddffa54382536a7a524ae969b521
UNION_s2,objective,58,1.0114583998372684,0.991204477476221,0.7482134968551971,TRAIN_LOG1P_ANCHOR_EXCESS_MARGIN_CE,7d56a3cf42a07f683d323f7cbc28c99a9a6cbc061490716b2aa141f2666c4cd1,0.020253922361047356,0.0028867362605788896,normalized94_abs_anchor_delta94_identity1,5ca38ebab9e2d191354ce7db934bf08f2b50c31bad2a7874ac97af410c8ebfc0,76ffbe76d00d6609ec7c8d0b946bd13a6568abf36638476515ec066d53ebb4bc
UNION_s2,objective,59,1.0113198501933995,0.9909333221277851,0.7485201272506118,TRAIN_LOG1P_ANCHOR_EXCESS_MARGIN_CE,7d56a3cf42a07f683d323f7cbc28c99a9a6cbc061490716b2aa141f2666c4cd1,0.02038652806561444,0.0031614179148569148,normalized94_abs_anchor_delta94_identity1,5ca38ebab9e2d191354ce7db934bf08f2b50c31bad2a7874ac97af410c8ebfc0,91843c845d82f06540a73f10bc1eee3108764f35fb9a60fc1c861ceac3f898f4
UNION_s2,objective,60,1.0110105812080716,0.990301973293502,0.747782193166963,TRAIN_LOG1P_ANCHOR_EXCESS_MARGIN_CE,7d56a3cf42a07f683d323f7cbc28c99a9a6cbc061490716b2aa141f2666c4cd1,0.02070860791456955,0.0035160503279076435,normalized94_abs_anchor_delta94_identity1,5ca38ebab9e2d191354ce7db934bf08f2b50c31bad2a7874ac97af410c8ebfc0,fa1a58f9e10f7dff1382e0f500f050ae34280ee1d52dc636c0e838f10e327ec4
UNION_s2,objective,61,1.0109617167123317,0.9898974079053945,0.7499066253470644,TRAIN_LOG1P_ANCHOR_EXCESS_MARGIN_CE,7d56a3cf42a07f683d323f7cbc28c99a9a6cbc061490716b2aa141f2666c4cd1,0.021064308806937323,0.008083730833258827,normalized94_abs_anchor_delta94_identity1,5ca38ebab9e2d191354ce7db934bf08f2b50c31bad2a7874ac97af410c8ebfc0,62408e306efab2f5e60731957cc8c9c0f7753922224b58c747a8ffb6f4de3a30
UNION_s2,objective,62,1.0106869468129975,0.9896567256579855,0.7462020443181341,TRAIN_LOG1P_ANCHOR_EXCESS_MARGIN_CE,7d56a3cf42a07f683d323f7cbc28c99a9a6cbc061490716b2aa141f2666c4cd1,0.021030221155012057,0.0023784674247083995,normalized94_abs_anchor_delta94_identity1,5ca38ebab9e2d191354ce7db934bf08f2b50c31bad2a7874ac97af410c8ebfc0,c19e4ab31093fd8e4243b94e77bb330671a8c7cf20ebad53fa4249acb707d8f3
UNION_s2,objective,63,1.0106319423748547,0.9896520895207171,0.7466090768677907,TRAIN_LOG1P_ANCHOR_EXCESS_MARGIN_CE,7d56a3cf42a07f683d323f7cbc28c99a9a6cbc061490716b2aa141f2666c4cd1,0.020979852854137476,0.002044068629477388,normalized94_abs_anchor_delta94_identity1,5ca38ebab9e2d191354ce7db934bf08f2b50c31bad2a7874ac97af410c8ebfc0,cf86739d8a6639ffebe1cca83a47f12163866794f7c30f88804dd5214d38b33d
UNION_s2,objective,64,1.0105847707895959,0.9896552193281821,0.7447419388613112,TRAIN_LOG1P_ANCHOR_EXCESS_MARGIN_CE,7d56a3cf42a07f683d323f7cbc28c99a9a6cbc061490716b2aa141f2666c4cd1,0.0209295514614138,0.002920766676605411,normalized94_abs_anchor_delta94_identity1,5ca38ebab9e2d191354ce7db934bf08f2b50c31bad2a7874ac97af410c8ebfc0,81e415f479dda60ba87d6dd329d70845f115b0eeb2c7e4ebafadf00e90fca8c7
UNION_s2,objective,65,1.0105472256160415,0.9895921910814933,0.7455362058585538,TRAIN_LOG1P_ANCHOR_EXCESS_MARGIN_CE,7d56a3cf42a07f683d323f7cbc28c99a9a6cbc061490716b2aa141f2666c4cd1,0.020955034534548066,0.0019101704535699894,normalized94_abs_anchor_delta94_identity1,5ca38ebab9e2d191354ce7db934bf08f2b50c31bad2a7874ac97af410c8ebfc0,14c9f89ab2bf3b1a6e0dcb363baafd477228764f1e2f4a72823c406858341b82
UNION_s2,objective,66,1.0104604420169399,0.9894194099266316,0.7470243386319935,TRAIN_LOG1P_ANCHOR_EXCESS_MARGIN_CE,7d56a3cf42a07f683d323f7cbc28c99a9a6cbc061490716b2aa141f2666c4cd1,0.021041032090308283,0.002381719510712044,normalized94_abs_anchor_delta94_identity1,5ca38ebab9e2d191354ce7db934bf08f2b50c31bad2a7874ac97af410c8ebfc0,abcbb113f4d1fed374a7727f3395039a9207882419c46aac16b9133df41ba04a
UNION_s2,objective,67,1.0104118958972446,0.989368007055072,0.7483986351291974,TRAIN_LOG1P_ANCHOR_EXCESS_MARGIN_CE,7d56a3cf42a07f683d323f7cbc28c99a9a6cbc061490716b2aa141f2666c4cd1,0.021043888842172617,0.006830517380266361,normalized94_abs_anchor_delta94_identity1,5ca38ebab9e2d191354ce7db934bf08f2b50c31bad2a7874ac97af410c8ebfc0,474f7075d6cb4834ce487ae807f8105e7fefd31ba77fcc4954a35c2516d27532
UNION_s2,objective,68,1.0103531063117128,0.989286963972786,0.7475040930967983,TRAIN_LOG1P_ANCHOR_EXCESS_MARGIN_CE,7d56a3cf42a07f683d323f7cbc28c99a9a6cbc061490716b2aa141f2666c4cd1,0.02106614233892682,0.0030935672575566203,normalized94_abs_anchor_delta94_identity1,5ca38ebab9e2d191354ce7db934bf08f2b50c31bad2a7874ac97af410c8ebfc0,3c164078acfa0cc29bcc1be9bd5a33c12339efc78528e4dc244711a28852e77f
UNION_s2,objective,69,1.0103172212483054,0.9892874720341753,0.7464512502123252,TRAIN_LOG1P_ANCHOR_EXCESS_MARGIN_CE,7d56a3cf42a07f683d323f7cbc28c99a9a6cbc061490716b2aa141f2666c4cd1,0.021029749214129964,0.001963165814755878,normalized94_abs_anchor_delta94_identity1,5ca38ebab9e2d191354ce7db934bf08f2b50c31bad2a7874ac97af410c8ebfc0,70c4f90850df867f533441be2f65fe8d4b8ca845fcdd5df3b65f47f9c9993530
UNION_s2,objective,70,1.0102774203597302,0.98929931024861,0.7453130634091716,TRAIN_LOG1P_ANCHOR_EXCESS_MARGIN_CE,7d56a3cf42a07f683d323f7cbc28c99a9a6cbc061490716b2aa141f2666c4cd1,0.020978110111120378,0.002392769600982264,normalized94_abs_anchor_delta94_identity1,5ca38ebab9e2d191354ce7db934bf08f2b50c31bad2a7874ac97af410c8ebfc0,42a68cea2b164a01934237a10c7d1a955e9cc01ad5f739a5f2dc8267b0044dc2
UNION_s2,objective,71,1.01023223042796,0.9892864784489079,0.7446904540464723,TRAIN_LOG1P_ANCHOR_EXCESS_MARGIN_CE,7d56a3cf42a07f683d323f7cbc28c99a9a6cbc061490716b2aa141f2666c4cd1,0.02094575197905208,0.0027161500558167506,normalized94_abs_anchor_delta94_identity1,5ca38ebab9e2d191354ce7db934bf08f2b50c31bad2a7874ac97af410c8ebfc0,fc7e2ed392b1d8a77fbd7fa7bd1725c19f0916a3751faf4318e0b6ddf59a7ac7
UNION_s2,objective,72,1.0101420062682382,0.989246545625837,0.7442445335119663,TRAIN_LOG1P_ANCHOR_EXCESS_MARGIN_CE,7d56a3cf42a07f683d323f7cbc28c99a9a6cbc061490716b2aa141f2666c4cd1,0.020895460642401255,0.002654395711413924,normalized94_abs_anchor_delta94_identity1,5ca38ebab9e2d191354ce7db934bf08f2b50c31bad2a7874ac97af410c8ebfc0,6bc91839bb2387265244c9bf470afdb5a56f04335c470da4d5311db51a1661b2
UNION_s2,objective,73,1.010068921093686,0.9892170586814953,0.7450371847620237,TRAIN_LOG1P_ANCHOR_EXCESS_MARGIN_CE,7d56a3cf42a07f683d323f7cbc28c99a9a6cbc061490716b2aa141f2666c4cd1,0.0208518624121906,0.004575914492883403,normalized94_abs_anchor_delta94_identity1,5ca38ebab9e2d191354ce7db934bf08f2b50c31bad2a7874ac97af410c8ebfc0,99ff37c4940da77d6902e527681091de54c099fda412d1b3bee1db5356b3610d
UNION_s2,objective,74,1.0099819349584367,0.9891844538547108,0.7453180816351902,TRAIN_LOG1P_ANCHOR_EXCESS_MARGIN_CE,7d56a3cf42a07f683d323f7cbc28c99a9a6cbc061490716b2aa141f2666c4cd1,0.020797481103725902,0.0015894654777502235,normalized94_abs_anchor_delta94_identity1,5ca38ebab9e2d191354ce7db934bf08f2b50c31bad2a7874ac97af410c8ebfc0,767e7fcf0c07ef8d7ba3b0eda0d6f8642dcf7a2ccf1dd43236b0684c219cd5e7
UNION_s2,objective,75,1.0099535829938713,0.9891595533334628,0.7455778569151927,TRAIN_LOG1P_ANCHOR_EXCESS_MARGIN_CE,7d56a3cf42a07f683d323f7cbc28c99a9a6cbc061490716b2aa141f2666c4cd1,0.020794029660408338,0.001176454441593312,normalized94_abs_anchor_delta94_identity1,5ca38ebab9e2d191354ce7db934bf08f2b50c31bad2a7874ac97af410c8ebfc0,c35c11284b3beb16ae0b14128aacd8321604d72f75f37d14d126f729801142eb
UNION_s2,objective,76,1.009928591128838,0.9891422348190665,0.7457605046987466,TRAIN_LOG1P_ANCHOR_EXCESS_MARGIN_CE,7d56a3cf42a07f683d323f7cbc28c99a9a6cbc061490716b2aa141f2666c4cd1,0.020786356309771565,0.0011917008544060131,normalized94_abs_anchor_delta94_identity1,5ca38ebab9e2d191354ce7db934bf08f2b50c31bad2a7874ac97af410c8ebfc0,b819f231e3813fdf104d034ed34b8be179e4920a8a454a8842ac4e478783a257
UNION_s2,objective,77,1.009899384408204,0.9891308438040243,0.7449149351626478,TRAIN_LOG1P_ANCHOR_EXCESS_MARGIN_CE,7d56a3cf42a07f683d323f7cbc28c99a9a6cbc061490716b2aa141f2666c4cd1,0.020768540604179674,0.0016874952246725308,normalized94_abs_anchor_delta94_identity1,5ca38ebab9e2d191354ce7db934bf08f2b50c31bad2a7874ac97af410c8ebfc0,8558c6f815285ecb4bb702122e4af41828d786bfa3060312ff36ab6d5984b7a9
UNION_s2,objective,78,1.0098874614529723,0.9891232404516854,0.7461310329011801,TRAIN_LOG1P_ANCHOR_EXCESS_MARGIN_CE,7d56a3cf42a07f683d323f7cbc28c99a9a6cbc061490716b2aa141f2666c4cd1,0.020764221001286724,0.004319323366599819,normalized94_abs_anchor_delta94_identity1,5ca38ebab9e2d191354ce7db934bf08f2b50c31bad2a7874ac97af410c8ebfc0,5e9fc515d9cae48e3f7a8991a7b1ed44b7ba5b66efa3c263f1b95a9ff1ba7f06
UNION_s2,objective,79,1.0098725245242974,0.9891051859898572,0.7442733545743259,TRAIN_LOG1P_ANCHOR_EXCESS_MARGIN_CE,7d56a3cf42a07f683d323f7cbc28c99a9a6cbc061490716b2aa141f2666c4cd1,0.020767338534440138,0.003916829036952445,normalized94_abs_anchor_delta94_identity1,5ca38ebab9e2d191354ce7db934bf08f2b50c31bad2a7874ac97af410c8ebfc0,5b03cfe96ce6832fd8ba2878b4e103f6ea0998379017c756bcce5896249a0686
UNION_s2,objective,80,1.0098569130607757,0.989095305779573,0.7445839196689351,TRAIN_LOG1P_ANCHOR_EXCESS_MARGIN_CE,7d56a3cf42a07f683d323f7cbc28c99a9a6cbc061490716b2aa141f2666c4cd1,0.020761607281202753,0.0014713320617983014,normalized94_abs_anchor_delta94_identity1,5ca38ebab9e2d191354ce7db934bf08f2b50c31bad2a7874ac97af410c8ebfc0,8332cdfddd1b3236199ed4bc59b57bdd2a7f10ea953a7e3c2afb9e3b63c5ee80
UNION_s2,objective,81,1.0098501563188123,0.9890932715007782,0.74462697101983,TRAIN_LOG1P_ANCHOR_EXCESS_MARGIN_CE,7d56a3cf42a07f683d323f7cbc28c99a9a6cbc061490716b2aa141f2666c4cd1,0.02075688481803403,0.0009862152090351682,normalized94_abs_anchor_delta94_identity1,5ca38ebab9e2d191354ce7db934bf08f2b50c31bad2a7874ac97af410c8ebfc0,bbd138ed707933bdc2644f8f61ccddf385a72528a3a523a414860dd38a4b3d3c
UNION_s2,objective,82,1.009840518997758,0.9890898466694938,0.7448134132226103,TRAIN_LOG1P_ANCHOR_EXCESS_MARGIN_CE,7d56a3cf42a07f683d323f7cbc28c99a9a6cbc061490716b2aa141f2666c4cd1,0.020750672328264008,0.0010445787702482918,normalized94_abs_anchor_delta94_identity1,5ca38ebab9e2d191354ce7db934bf08f2b50c31bad2a7874ac97af410c8ebfc0,a1d3498e828c2290b47441317e93ff99de58f36d3320387cf12ff58d5500ce51
UNION_s2,objective,83,1.0098290694882175,0.9890860113728804,0.744995606768485,TRAIN_LOG1P_ANCHOR_EXCESS_MARGIN_CE,7d56a3cf42a07f683d323f7cbc28c99a9a6cbc061490716b2aa141f2666c4cd1,0.020743058115337023,0.0013242426475508651,normalized94_abs_anchor_delta94_identity1,5ca38ebab9e2d191354ce7db934bf08f2b50c31bad2a7874ac97af410c8ebfc0,9915af95783c3a6c801348e55be2f38a0872aaa933b11964c812f80fa9db558b
UNION_s2,objective,84,1.0098131587420638,0.9890724239244243,0.7451197700948266,TRAIN_LOG1P_ANCHOR_EXCESS_MARGIN_CE,7d56a3cf42a07f683d323f7cbc28c99a9a6cbc061490716b2aa141f2666c4cd1,0.020740734817639436,0.0009754300969314209,normalized94_abs_anchor_delta94_identity1,5ca38ebab9e2d191354ce7db934bf08f2b50c31bad2a7874ac97af410c8ebfc0,697c07b3ebee9671feb9bbb2f440d2137574bbe36f45b4ee2329a7fc86ad183e
UNION_s2,objective,85,1.009808456002723,0.9890746195402245,0.7449564398143851,TRAIN_LOG1P_ANCHOR_EXCESS_MARGIN_CE,7d56a3cf42a07f683d323f7cbc28c99a9a6cbc061490716b2aa141f2666c4cd1,0.020733836462498545,0.001822375841639493,normalized94_abs_anchor_delta94_identity1,5ca38ebab9e2d191354ce7db934bf08f2b50c31bad2a7874ac97af410c8ebfc0,405f8b4d8c022411459d519de0b91f1a67dee8b6c1ffcd0cbab7435d5d29ce41
UNION_s2,objective,86,1.009783973632771,0.989042786522025,0.7451262455628997,TRAIN_LOG1P_ANCHOR_EXCESS_MARGIN_CE,7d56a3cf42a07f683d323f7cbc28c99a9a6cbc061490716b2aa141f2666c4cd1,0.020741187110745896,0.0010650411575408695,normalized94_abs_anchor_delta94_identity1,5ca38ebab9e2d191354ce7db934bf08f2b50c31bad2a7874ac97af410c8ebfc0,01ace66fd1eafb29df193ca7a5fa026ead6ddf37c83e11dc1109bdcfbbde3ebc
UNION_s2,objective,87,1.0097710191092406,0.9890240483338689,0.7450198912062523,TRAIN_LOG1P_ANCHOR_EXCESS_MARGIN_CE,7d56a3cf42a07f683d323f7cbc28c99a9a6cbc061490716b2aa141f2666c4cd1,0.020746970775371746,0.0009748997231773295,normalized94_abs_anchor_delta94_identity1,5ca38ebab9e2d191354ce7db934bf08f2b50c31bad2a7874ac97af410c8ebfc0,760696837e8f7ed004bbce57a007bc3f7f0a6b9e7ec5fc85d76dc20d5e993931
UNION_s2,objective,88,1.0097572462380566,0.9890037195831182,0.7447202967256794,TRAIN_LOG1P_ANCHOR_EXCESS_MARGIN_CE,7d56a3cf42a07f683d323f7cbc28c99a9a6cbc061490716b2aa141f2666c4cd1,0.020753526654938435,0.0011301421494534455,normalized94_abs_anchor_delta94_identity1,5ca38ebab9e2d191354ce7db934bf08f2b50c31bad2a7874ac97af410c8ebfc0,b6a9b9de1ff0c0ecedcbbf061e9c48dedd2fa79472e61a58798fd5155899a6fc
UNION_s2,objective,89,1.009738087120669,0.9889684061007862,0.7447245268247781,TRAIN_LOG1P_ANCHOR_EXCESS_MARGIN_CE,7d56a3cf42a07f683d323f7cbc28c99a9a6cbc061490716b2aa141f2666c4cd1,0.02076968101988284,0.0009634863629722809,normalized94_abs_anchor_delta94_identity1,5ca38ebab9e2d191354ce7db934bf08f2b50c31bad2a7874ac97af410c8ebfc0,53ff8f50d4ce3c5187061790f75cab3f3ec2d655df2ca75d547173aab2c83125
UNION_s2,objective,90,1.0100449047106748,0.989264914573081,0.7377073273556022,TRAIN_LOG1P_ANCHOR_EXCESS_MARGIN_CE,7d56a3cf42a07f683d323f7cbc28c99a9a6cbc061490716b2aa141f2666c4cd1,0.020779990137593764,0.018577004272293918,normalized94_abs_anchor_delta94_identity1,5ca38ebab9e2d191354ce7db934bf08f2b50c31bad2a7874ac97af410c8ebfc0,12aee2488c5f714654ca548074529a5e536b5cf6af5a77a334406de170d01600
UNION_s2,objective,91,1.009734954647519,0.9889647373196205,0.7440682610339655,TRAIN_LOG1P_ANCHOR_EXCESS_MARGIN_CE,7d56a3cf42a07f683d323f7cbc28c99a9a6cbc061490716b2aa141f2666c4cd1,0.020770217327898473,0.0021767703209287846,normalized94_abs_anchor_delta94_identity1,5ca38ebab9e2d191354ce7db934bf08f2b50c31bad2a7874ac97af410c8ebfc0,b4b4aa614feced82659acb5d95f2787de621f566ea4c3953e5ebcd7c385b0ff3
UNION_s2,objective,92,1.0097237382009754,0.9889379525790997,0.7444232925629489,TRAIN_LOG1P_ANCHOR_EXCESS_MARGIN_CE,7d56a3cf42a07f683d323f7cbc28c99a9a6cbc061490716b2aa141f2666c4cd1,0.0207857856218758,0.0009062529197241818,normalized94_abs_anchor_delta94_identity1,5ca38ebab9e2d191354ce7db934bf08f2b50c31bad2a7874ac97af410c8ebfc0,cb9e87dcbb3a55847f8883ce7d05186d5e8950ffa7e2b7496354c897a76375c0
UNION_s2,objective,93,1.009718219596319,0.9889241389331056,0.7446848985207687,TRAIN_LOG1P_ANCHOR_EXCESS_MARGIN_CE,7d56a3cf42a07f683d323f7cbc28c99a9a6cbc061490716b2aa141f2666c4cd1,0.02079408066321343,0.0007328505007222523,normalized94_abs_anchor_delta94_identity1,5ca38ebab9e2d191354ce7db934bf08f2b50c31bad2a7874ac97af410c8ebfc0,057bfc041c4bee29cd1b7f39fc7fd1332b552788521ef9ff9d09f7b6f222eefb
UNION_s2,objective,94,1.0097109238418134,0.9889034300222074,0.7449775781836636,TRAIN_LOG1P_ANCHOR_EXCESS_MARGIN_CE,7d56a3cf42a07f683d323f7cbc28c99a9a6cbc061490716b2aa141f2666c4cd1,0.020807493819606022,0.0008136095552690128,normalized94_abs_anchor_delta94_identity1,5ca38ebab9e2d191354ce7db934bf08f2b50c31bad2a7874ac97af410c8ebfc0,4d8bc9a872b8206862049c515e03c93d6ef9d96df0b6c99b063595b389740915
UNION_s2,objective,95,1.0097112806082675,0.9888919560121097,0.7454087543373302,TRAIN_LOG1P_ANCHOR_EXCESS_MARGIN_CE,7d56a3cf42a07f683d323f7cbc28c99a9a6cbc061490716b2aa141f2666c4cd1,0.020819324596157807,0.0033351480159832954,normalized94_abs_anchor_delta94_identity1,5ca38ebab9e2d191354ce7db934bf08f2b50c31bad2a7874ac97af410c8ebfc0,4b08016991982fe2d0670ae57e88792b96302678283f05bce2e4894ef632b9ba
UNION_s2,objective,96,1.0097065732598844,0.9888933730193319,0.7451861590775901,TRAIN_LOG1P_ANCHOR_EXCESS_MARGIN_CE,7d56a3cf42a07f683d323f7cbc28c99a9a6cbc061490716b2aa141f2666c4cd1,0.020813200240552606,0.0019379486483989596,normalized94_abs_anchor_delta94_identity1,5ca38ebab9e2d191354ce7db934bf08f2b50c31bad2a7874ac97af410c8ebfc0,363cc60969adda5e555a1ed344819af9877fe5d93949ac3f8c72d391cd3d880e
UNION_s2,objective,97,1.0096985364980164,0.9888700869356782,0.7451701712733482,TRAIN_LOG1P_ANCHOR_EXCESS_MARGIN_CE,7d56a3cf42a07f683d323f7cbc28c99a9a6cbc061490716b2aa141f2666c4cd1,0.020828449562338303,0.001075659151704176,normalized94_abs_anchor_delta94_identity1,5ca38ebab9e2d191354ce7db934bf08f2b50c31bad2a7874ac97af410c8ebfc0,9467b3ef46c152ed618e7a8769c3b29f04a5c8c8ba6c0acda04936cc2b4c60e5
UNION_s2,objective,98,1.009692712809542,0.9888542275610156,0.7449471419999772,TRAIN_LOG1P_ANCHOR_EXCESS_MARGIN_CE,7d56a3cf42a07f683d323f7cbc28c99a9a6cbc061490716b2aa141f2666c4cd1,0.02083848524852652,0.0005497571929844865,normalized94_abs_anchor_delta94_identity1,5ca38ebab9e2d191354ce7db934bf08f2b50c31bad2a7874ac97af410c8ebfc0,7f187bac86cfd4e202849504d8c8ad48e8f7c8adb22157498dfae0c02c53fb78
UNION_s2,objective,99,1.0096892305946996,0.9888443359143063,0.7447247930310653,TRAIN_LOG1P_ANCHOR_EXCESS_MARGIN_CE,7d56a3cf42a07f683d323f7cbc28c99a9a6cbc061490716b2aa141f2666c4cd1,0.020844894680393376,0.0006186834379309103,normalized94_abs_anchor_delta94_identity1,5ca38ebab9e2d191354ce7db934bf08f2b50c31bad2a7874ac97af410c8ebfc0,83168f97ef514ce510dfc61d6f8e68c403b5d95df68a37b563ca2a78dbcfbc45
UNION_s2,objective,100,1.0096853924517284,0.9888328503337462,0.7446070269109563,TRAIN_LOG1P_ANCHOR_EXCESS_MARGIN_CE,7d56a3cf42a07f683d323f7cbc28c99a9a6cbc061490716b2aa141f2666c4cd1,0.020852542117982133,0.0006721585020356964,normalized94_abs_anchor_delta94_identity1,5ca38ebab9e2d191354ce7db934bf08f2b50c31bad2a7874ac97af410c8ebfc0,42d3f61a9307c7aeec595aa98ede9ec073adc5392325726deb8907da0b599ab4
UNION_s2,objective,101,1.0096772043102837,0.9888048213719262,0.7445342705388068,TRAIN_LOG1P_ANCHOR_EXCESS_MARGIN_CE,7d56a3cf42a07f683d323f7cbc28c99a9a6cbc061490716b2aa141f2666c4cd1,0.020872382938357605,0.0006751116436620962,normalized94_abs_anchor_delta94_identity1,5ca38ebab9e2d191354ce7db934bf08f2b50c31bad2a7874ac97af410c8ebfc0,3ccd56fb7c0c2f91ff035aa2f0d877464dd3b9cdd99904827690fd0d07a58365
UNION_s2,objective,102,1.0096767543561818,0.9887678888939574,0.7445739294098177,TRAIN_LOG1P_ANCHOR_EXCESS_MARGIN_CE,7d56a3cf42a07f683d323f7cbc28c99a9a6cbc061490716b2aa141f2666c4cd1,0.02090886546222441,0.0017897023537598758,normalized94_abs_anchor_delta94_identity1,5ca38ebab9e2d191354ce7db934bf08f2b50c31bad2a7874ac97af410c8ebfc0,32c51bdcdb5ca821057b64f54a874f31a53f203db99d69a00967575099ce6280
UNION_s2,objective,103,1.0096729286609631,0.9887819611795954,0.7445526263613778,TRAIN_LOG1P_ANCHOR_EXCESS_MARGIN_CE,7d56a3cf42a07f683d323f7cbc28c99a9a6cbc061490716b2aa141f2666c4cd1,0.020890967481367772,0.0009025107747840398,normalized94_abs_anchor_delta94_identity1,5ca38ebab9e2d191354ce7db934bf08f2b50c31bad2a7874ac97af410c8ebfc0,e372677548bcc899de179bc6f403d9232878417aaee05ea1a99f4bdee1a4bf1e
UNION_s2,objective,104,1.0096679017882955,0.988759796271828,0.7443319855386369,TRAIN_LOG1P_ANCHOR_EXCESS_MARGIN_CE,7d56a3cf42a07f683d323f7cbc28c99a9a6cbc061490716b2aa141f2666c4cd1,0.020908105516467573,0.0007922759670870996,normalized94_abs_anchor_delta94_identity1,5ca38ebab9e2d191354ce7db934bf08f2b50c31bad2a7874ac97af410c8ebfc0,dfa207a1b44ee0acd182cfc45298d74318bce6e193f4670c95a7505064fbae2b
UNION_s2,objective,105,1.009667174019823,0.9887371037371286,0.7452782120318417,TRAIN_LOG1P_ANCHOR_EXCESS_MARGIN_CE,7d56a3cf42a07f683d323f7cbc28c99a9a6cbc061490716b2aa141f2666c4cd1,0.020930070282694387,0.0018048142941302155,normalized94_abs_anchor_delta94_identity1,5ca38ebab9e2d191354ce7db934bf08f2b50c31bad2a7874ac97af410c8ebfc0,877831466562a715f38b0ed70c0017701d34f2eadac43ab52c9709640638dbd7
UNION_s2,objective,106,1.0096632549312645,0.9887391662488813,0.7447223019618676,TRAIN_LOG1P_ANCHOR_EXCESS_MARGIN_CE,7d56a3cf42a07f683d323f7cbc28c99a9a6cbc061490716b2aa141f2666c4cd1,0.020924088682383293,0.0005096821340787886,normalized94_abs_anchor_delta94_identity1,5ca38ebab9e2d191354ce7db934bf08f2b50c31bad2a7874ac97af410c8ebfc0,bdecc5bfc7c254c0ded2794042ab1c899bff429dc8a703f3e49b55030eaf921b
UNION_s2,objective,107,1.0096621097861933,0.9887368169091313,0.7446019848201548,TRAIN_LOG1P_ANCHOR_EXCESS_MARGIN_CE,7d56a3cf42a07f683d323f7cbc28c99a9a6cbc061490716b2aa141f2666c4cd1,0.02092529287706208,0.00035936791008182064,normalized94_abs_anchor_delta94_identity1,5ca38ebab9e2d191354ce7db934bf08f2b50c31bad2a7874ac97af410c8ebfc0,57061e964063f2167e473a2ee7c1b4d2650aad0177906ce623436e319931ffa9
UNION_s2,objective,108,1.0096600912823235,0.9887270362730517,0.7444727542779029,TRAIN_LOG1P_ANCHOR_EXCESS_MARGIN_CE,7d56a3cf42a07f683d323f7cbc28c99a9a6cbc061490716b2aa141f2666c4cd1,0.02093305500927169,0.00048560381879240116,normalized94_abs_anchor_delta94_identity1,5ca38ebab9e2d191354ce7db934bf08f2b50c31bad2a7874ac97af410c8ebfc0,a1eb97de283585190ba6399f434a96f3ddc6250a6582e4610205fd9c453ac086
UNION_s2,objective,109,1.0096579601635867,0.9887134053335563,0.744444421482414,TRAIN_LOG1P_ANCHOR_EXCESS_MARGIN_CE,7d56a3cf42a07f683d323f7cbc28c99a9a6cbc061490716b2aa141f2666c4cd1,0.020944554830030375,0.0004497289307439336,normalized94_abs_anchor_delta94_identity1,5ca38ebab9e2d191354ce7db934bf08f2b50c31bad2a7874ac97af410c8ebfc0,ef8601a2eb559268b43d31146cfa2ce75b69dc55778832b7606359bc2c83a314
UNION_s2,objective,110,1.0096612190508405,0.9886667274424604,0.7443597742419171,TRAIN_LOG1P_ANCHOR_EXCESS_MARGIN_CE,7d56a3cf42a07f683d323f7cbc28c99a9a6cbc061490716b2aa141f2666c4cd1,0.02099449160838012,0.0025325107419348733,normalized94_abs_anchor_delta94_identity1,5ca38ebab9e2d191354ce7db934bf08f2b50c31bad2a7874ac97af410c8ebfc0,f29570abd9ef4524ba4629914f7393c83f63762ef73d6972e367b8bf281a913f
UNION_s2,objective,111,1.009656304170835,0.9886935559965317,0.7444120420179481,TRAIN_LOG1P_ANCHOR_EXCESS_MARGIN_CE,7d56a3cf42a07f683d323f7cbc28c99a9a6cbc061490716b2aa141f2666c4cd1,0.020962748174303335,0.0010329284909397583,normalized94_abs_anchor_delta94_identity1,5ca38ebab9e2d191354ce7db934bf08f2b50c31bad2a7874ac97af410c8ebfc0,07dd14de3f2ce396729aec8312d7e3b5e47a01d9940b975bf6a6766271abe8ff
UNION_s2,objective,112,1.0096533227452897,0.9886750242500965,0.7445101198129683,TRAIN_LOG1P_ANCHOR_EXCESS_MARGIN_CE,7d56a3cf42a07f683d323f7cbc28c99a9a6cbc061490716b2aa141f2666c4cd1,0.02097829849519323,0.000530740658224416,normalized94_abs_anchor_delta94_identity1,5ca38ebab9e2d191354ce7db934bf08f2b50c31bad2a7874ac97af410c8ebfc0,25b7f84ebde699778d13f018334367ad1cf56e39ff422b6913faf4565c3d324a
UNION_s2,objective,113,1.0096503473379903,0.9886537864032575,0.7446390023540853,TRAIN_LOG1P_ANCHOR_EXCESS_MARGIN_CE,7d56a3cf42a07f683d323f7cbc28c99a9a6cbc061490716b2aa141f2666c4cd1,0.02099656093473281,0.0004814433650928489,normalized94_abs_anchor_delta94_identity1,5ca38ebab9e2d191354ce7db934bf08f2b50c31bad2a7874ac97af410c8ebfc0,39f5589d891051165677be5c833f54df3a2a4992cc92eae2142a38b7a26ad65b
UNION_s2,objective,114,1.0096480978479967,0.9886394255258331,0.7446626862852352,TRAIN_LOG1P_ANCHOR_EXCESS_MARGIN_CE,7d56a3cf42a07f683d323f7cbc28c99a9a6cbc061490716b2aa141f2666c4cd1,0.02100867232216357,0.0005235462238641282,normalized94_abs_anchor_delta94_identity1,5ca38ebab9e2d191354ce7db934bf08f2b50c31bad2a7874ac97af410c8ebfc0,4372dd31a776b2ba2cd0bb39abff4a664108a5c1ef2d2107ea4fe38dddd49cf4
UNION_s2,objective,115,1.0096434349933725,0.9886001736418275,0.7445033627310567,TRAIN_LOG1P_ANCHOR_EXCESS_MARGIN_CE,7d56a3cf42a07f683d323f7cbc28c99a9a6cbc061490716b2aa141f2666c4cd1,0.02104326135154509,0.0005817016941856497,normalized94_abs_anchor_delta94_identity1,5ca38ebab9e2d191354ce7db934bf08f2b50c31bad2a7874ac97af410c8ebfc0,0edadc9d61b595a416cbca6b1ab64b7e5e9977c9bf41af0e4bd4ff4f06b91780
UNION_s2,objective,116,1.009644048273822,0.9885751839367551,0.7445740780461272,TRAIN_LOG1P_ANCHOR_EXCESS_MARGIN_CE,7d56a3cf42a07f683d323f7cbc28c99a9a6cbc061490716b2aa141f2666c4cd1,0.02106886433706688,0.0011182248347290345,normalized94_abs_anchor_delta94_identity1,5ca38ebab9e2d191354ce7db934bf08f2b50c31bad2a7874ac97af410c8ebfc0,eb40de37938c440ed2cd4e176448c37f0d724cf920384c67f15c8b8d500b3425
UNION_s2,objective,117,1.0096413695209236,0.9885862072533719,0.7445348958292569,TRAIN_LOG1P_ANCHOR_EXCESS_MARGIN_CE,7d56a3cf42a07f683d323f7cbc28c99a9a6cbc061490716b2aa141f2666c4cd1,0.021055162267551806,0.0006708525620069413,normalized94_abs_anchor_delta94_identity1,5ca38ebab9e2d191354ce7db934bf08f2b50c31bad2a7874ac97af410c8ebfc0,984f637b1d612395cc0d19f791308a99639d0a0cb78d87de6752db02a4f76021
UNION_s2,objective,118,1.009639989819625,0.9885662073372516,0.744073321204944,TRAIN_LOG1P_ANCHOR_EXCESS_MARGIN_CE,7d56a3cf42a07f683d323f7cbc28c99a9a6cbc061490716b2aa141f2666c4cd1,0.021073782482373474,0.0009539921803017877,normalized94_abs_anchor_delta94_identity1,5ca38ebab9e2d191354ce7db934bf08f2b50c31bad2a7874ac97af410c8ebfc0,80b618fbc66ff9142e2ed6728d225df03aedd579b61d230bfce76f50a39542f6
UNION_s2,objective,119,1.0096385679777382,0.9885677061793329,0.7443269072602159,TRAIN_LOG1P_ANCHOR_EXCESS_MARGIN_CE,7d56a3cf42a07f683d323f7cbc28c99a9a6cbc061490716b2aa141f2666c4cd1,0.021070861798405432,0.0003172216244576831,normalized94_abs_anchor_delta94_identity1,5ca38ebab9e2d191354ce7db934bf08f2b50c31bad2a7874ac97af410c8ebfc0,46de0fb8818b853ad00a0adc6e9edb50f5edb6e67ef3aa8db1554ff923e61bdc
UNION_s2,objective,120,1.0096380471433009,0.9885684106895705,0.7443974952575391,TRAIN_LOG1P_ANCHOR_EXCESS_MARGIN_CE,7d56a3cf42a07f683d323f7cbc28c99a9a6cbc061490716b2aa141f2666c4cd1,0.02106963645373049,0.00027976541205934635,normalized94_abs_anchor_delta94_identity1,5ca38ebab9e2d191354ce7db934bf08f2b50c31bad2a7874ac97af410c8ebfc0,4bce2b6cee8e1e4a83cd937626d4991afe6cf6955a6df1456a77bd4548dd4072
UNION_s2,objective,121,1.00963692605591,0.9885625538231825,0.7444912962502875,TRAIN_LOG1P_ANCHOR_EXCESS_MARGIN_CE,7d56a3cf42a07f683d323f7cbc28c99a9a6cbc061490716b2aa141f2666c4cd1,0.021074372232727533,0.0003141589289409025,normalized94_abs_anchor_delta94_identity1,5ca38ebab9e2d191354ce7db934bf08f2b50c31bad2a7874ac97af410c8ebfc0,d5758cfa22a5fb465b568705468eda3875de30785f821da4fa8d35937fcae2e8
UNION_s2,objective,122,1.0096353217369833,0.9885514952874822,0.7445069252996533,TRAIN_LOG1P_ANCHOR_EXCESS_MARGIN_CE,7d56a3cf42a07f683d323f7cbc28c99a9a6cbc061490716b2aa141f2666c4cd1,0.021083826449501054,0.00030355652491255273,normalized94_abs_anchor_delta94_identity1,5ca38ebab9e2d191354ce7db934bf08f2b50c31bad2a7874ac97af410c8ebfc0,141dee915ca077677b7794fd1bf1a7281877b3c612dfee2c1eccad1bb637cd0f
UNION_s2,objective,123,1.0096425177693293,0.988533062117037,0.7452839632151544,TRAIN_LOG1P_ANCHOR_EXCESS_MARGIN_CE,7d56a3cf42a07f683d323f7cbc28c99a9a6cbc061490716b2aa141f2666c4cd1,0.02110945565229239,0.0025557143236450562,normalized94_abs_anchor_delta94_identity1,5ca38ebab9e2d191354ce7db934bf08f2b50c31bad2a7874ac97af410c8ebfc0,b37813473cff90ad57e5d226985f5257052e97b6e970b6fc01bd0f74e44da54d
UNION_s2,objective,124,1.0096346660353441,0.9885451423882664,0.7446797935046929,TRAIN_LOG1P_ANCHOR_EXCESS_MARGIN_CE,7d56a3cf42a07f683d323f7cbc28c99a9a6cbc061490716b2aa141f2666c4cd1,0.0210895236470778,0.0006470757181276368,normalized94_abs_anchor_delta94_identity1,5ca38ebab9e2d191354ce7db934bf08f2b50c31bad2a7874ac97af410c8ebfc0,2a5924d11a08c273ff8be7081da694d77292f9d81d175ceb13e4778681a770b7
UNION_s2,objective,125,1.009633313882983,0.988530767781827,0.7445939283171612,TRAIN_LOG1P_ANCHOR_EXCESS_MARGIN_CE,7d56a3cf42a07f683d323f7cbc28c99a9a6cbc061490716b2aa141f2666c4cd1,0.021102546101155986,0.0003383027594658993,normalized94_abs_anchor_delta94_identity1,5ca38ebab9e2d191354ce7db934bf08f2b50c31bad2a7874ac97af410c8ebfc0,6e369bce7ca6a5608e94ba1b5e7307f19bfb1e6ea1f9d0469e4ca7358b0e830b
UNION_s2,objective,126,1.009631931195566,0.9885094808778957,0.7444533937308048,TRAIN_LOG1P_ANCHOR_EXCESS_MARGIN_CE,7d56a3cf42a07f683d323f7cbc28c99a9a6cbc061490716b2aa141f2666c4cd1,0.021122450317670148,0.00042011027752841964,normalized94_abs_anchor_delta94_identity1,5ca38ebab9e2d191354ce7db934bf08f2b50c31bad2a7874ac97af410c8ebfc0,46d8a266d7df8c424f98ebf3cc5ea28526bb013c5bf9cae50ba749d6045e356a
UNION_s2,objective,127,1.009630528205615,0.9884870900828595,0.744359789075512,TRAIN_LOG1P_ANCHOR_EXCESS_MARGIN_CE,7d56a3cf42a07f683d323f7cbc28c99a9a6cbc061490716b2aa141f2666c4cd1,0.021143438122755563,0.0005685231927321471,normalized94_abs_anchor_delta94_identity1,5ca38ebab9e2d191354ce7db934bf08f2b50c31bad2a7874ac97af410c8ebfc0,25c1942ca2210a7d7e750a67e603f4546cadbfeb81eac55c353e88b344d9315e
UNION_s2,objective,128,1.009628019522019,0.9884472697039132,0.7442740160694623,TRAIN_LOG1P_ANCHOR_EXCESS_MARGIN_CE,7d56a3cf42a07f683d323f7cbc28c99a9a6cbc061490716b2aa141f2666c4cd1,0.02118074981810596,0.000524079484340857,normalized94_abs_anchor_delta94_identity1,5ca38ebab9e2d191354ce7db934bf08f2b50c31bad2a7874ac97af410c8ebfc0,20bdec615ab84ec3adfea0a2920589d5338f16dcdc21f8f9eb718d080aa43d43
UNION_s2,objective,129,1.0096460686573863,0.9884204963996609,0.7446403059012483,TRAIN_LOG1P_ANCHOR_EXCESS_MARGIN_CE,7d56a3cf42a07f683d323f7cbc28c99a9a6cbc061490716b2aa141f2666c4cd1,0.021225572257725298,0.0034640847694249093,normalized94_abs_anchor_delta94_identity1,5ca38ebab9e2d191354ce7db934bf08f2b50c31bad2a7874ac97af410c8ebfc0,223ad617a04cd9845a0eb7b45647c6770734f4ef1641fa0f2d3cd93bdca5699a
UNION_s2,objective,130,1.0096273253910775,0.9884394090866111,0.7443314189942808,TRAIN_LOG1P_ANCHOR_EXCESS_MARGIN_CE,7d56a3cf42a07f683d323f7cbc28c99a9a6cbc061490716b2aa141f2666c4cd1,0.021187916304466415,0.000846704434118709,normalized94_abs_anchor_delta94_identity1,5ca38ebab9e2d191354ce7db934bf08f2b50c31bad2a7874ac97af410c8ebfc0,15b98f8b0ca64d1815dcf4d9eee12d06ce2e55fec70685b5cfc44a2b547dba7a
UNION_s2,objective,131,1.0096251946689514,0.9884072833054295,0.7443986039568772,TRAIN_LOG1P_ANCHOR_EXCESS_MARGIN_CE,7d56a3cf42a07f683d323f7cbc28c99a9a6cbc061490716b2aa141f2666c4cd1,0.021217911363521965,0.000356564433658374,normalized94_abs_anchor_delta94_identity1,5ca38ebab9e2d191354ce7db934bf08f2b50c31bad2a7874ac97af410c8ebfc0,81306908d3743feb02e9c3cfeb9c049c83799f21d1f096068e43651dd7fcc2ee
UNION_s2,objective,132,1.009624284171832,0.988400131721638,0.7443124375945893,TRAIN_LOG1P_ANCHOR_EXCESS_MARGIN_CE,7d56a3cf42a07f683d323f7cbc28c99a9a6cbc061490716b2aa141f2666c4cd1,0.02122415245019386,0.0002778564490691183,normalized94_abs_anchor_delta94_identity1,5ca38ebab9e2d191354ce7db934bf08f2b50c31bad2a7874ac97af410c8ebfc0,730fff90930bbd2b14122a6c82e75d1605b9856b5eced0abd55f920499b77158
UNION_s2,objective,133,1.0096256901992116,0.9883990260358376,0.7449232383632887,TRAIN_LOG1P_ANCHOR_EXCESS_MARGIN_CE,7d56a3cf42a07f683d323f7cbc28c99a9a6cbc061490716b2aa141f2666c4cd1,0.02122666416337402,0.0017833408628852019,normalized94_abs_anchor_delta94_identity1,5ca38ebab9e2d191354ce7db934bf08f2b50c31bad2a7874ac97af410c8ebfc0,d582b75a6c4497b93ed305e04b01d1fdde34ca071809d4db2bf3fe5a2180d91b
UNION_s2,objective,134,1.009623768745888,0.9883987717479217,0.7445202123073862,TRAIN_LOG1P_ANCHOR_EXCESS_MARGIN_CE,7d56a3cf42a07f683d323f7cbc28c99a9a6cbc061490716b2aa141f2666c4cd1,0.021224996997966233,0.0005668366287887074,normalized94_abs_anchor_delta94_identity1,5ca38ebab9e2d191354ce7db934bf08f2b50c31bad2a7874ac97af410c8ebfc0,ed548fa89a174e0c0a5da5a3ce36c8353ed57285afe98f437664b9a23987f3de
UNION_s2,objective,135,1.0096232272558046,0.9884031990366579,0.744479062552203,TRAIN_LOG1P_ANCHOR_EXCESS_MARGIN_CE,7d56a3cf42a07f683d323f7cbc28c99a9a6cbc061490716b2aa141f2666c4cd1,0.02122002821914661,0.00043692697899978225,normalized94_abs_anchor_delta94_identity1,5ca38ebab9e2d191354ce7db934bf08f2b50c31bad2a7874ac97af410c8ebfc0,6400163deda2b03e9f3f74320f8c713b3c06a31a7f8ed1f5fe3b460fa8a598d9
UNION_s2,objective,136,1.0096219993371989,0.9884044567789166,0.7443965462503648,TRAIN_LOG1P_ANCHOR_EXCESS_MARGIN_CE,7d56a3cf42a07f683d323f7cbc28c99a9a6cbc061490716b2aa141f2666c4cd1,0.021217542558282145,0.0002483052315337668,normalized94_abs_anchor_delta94_identity1,5ca38ebab9e2d191354ce7db934bf08f2b50c31bad2a7874ac97af410c8ebfc0,bb72491e59b7e1a952db9c92200db02fb320ef927f362d22ebec668324a2fb0b
UNION_s2,objective,137,1.0096208918956302,0.9883956715924358,0.7442956235724868,TRAIN_LOG1P_ANCHOR_EXCESS_MARGIN_CE,7d56a3cf42a07f683d323f7cbc28c99a9a6cbc061490716b2aa141f2666c4cd1,0.021225220303194427,0.0003646318927145255,normalized94_abs_anchor_delta94_identity1,5ca38ebab9e2d191354ce7db934bf08f2b50c31bad2a7874ac97af410c8ebfc0,8f948a0b7540b70e48bca069e4d62805cb035ac7cd02e71b944fb7a5e65b2a68
UNION_s2,objective,138,1.0096198191580443,0.9883778970260484,0.7443200405787807,TRAIN_LOG1P_ANCHOR_EXCESS_MARGIN_CE,7d56a3cf42a07f683d323f7cbc28c99a9a6cbc061490716b2aa141f2666c4cd1,0.021241922131995956,0.00031996075245936917,normalized94_abs_anchor_delta94_identity1,5ca38ebab9e2d191354ce7db934bf08f2b50c31bad2a7874ac97af410c8ebfc0,22565fced66e9aa0135fac4d1be6fbd62be7759dc1180b04908952bb087daaf7
UNION_s2,objective,139,1.0096218743318006,0.9883163249664463,0.743777709680368,TRAIN_LOG1P_ANCHOR_EXCESS_MARGIN_CE,7d56a3cf42a07f683d323f7cbc28c99a9a6cbc061490716b2aa141f2666c4cd1,0.02130554936535434,0.001599431483971028,normalized94_abs_anchor_delta94_identity1,5ca38ebab9e2d191354ce7db934bf08f2b50c31bad2a7874ac97af410c8ebfc0,9723b5c5f0578bbe84209907973be0afd93aaaa1ee8b44e2eaf5246402e93b9b
UNION_s2,objective,140,1.0096192944052964,0.9883577009398649,0.7441508594467663,TRAIN_LOG1P_ANCHOR_EXCESS_MARGIN_CE,7d56a3cf42a07f683d323f7cbc28c99a9a6cbc061490716b2aa141f2666c4cd1,0.021261593465431505,0.000598781972295596,normalized94_abs_anchor_delta94_identity1,5ca38ebab9e2d191354ce7db934bf08f2b50c31bad2a7874ac97af410c8ebfc0,b99391faa223173a7c9c96e8174a1a9705af760b7c17c10137d77bf9d4ae2eac
UNION_s2,objective,141,1.0096185153491237,0.9883454284847653,0.7442179734185784,TRAIN_LOG1P_ANCHOR_EXCESS_MARGIN_CE,7d56a3cf42a07f683d323f7cbc28c99a9a6cbc061490716b2aa141f2666c4cd1,0.02127308686435853,0.00031675702576558636,normalized94_abs_anchor_delta94_identity1,5ca38ebab9e2d191354ce7db934bf08f2b50c31bad2a7874ac97af410c8ebfc0,549e847f9795d5b8128ae146fb8188ff1a8301176f9752352d8613ea0fa970ce
UNION_s2,objective,142,1.0096178620697238,0.9883314916887748,0.7442815404284717,TRAIN_LOG1P_ANCHOR_EXCESS_MARGIN_CE,7d56a3cf42a07f683d323f7cbc28c99a9a6cbc061490716b2aa141f2666c4cd1,0.021286370380949042,0.00022141029042594467,normalized94_abs_anchor_delta94_identity1,5ca38ebab9e2d191354ce7db934bf08f2b50c31bad2a7874ac97af410c8ebfc0,6fe41a6b2a8b949f2e613ebdef7b8049aa36e34659a155e69aae38de62251633
UNION_s2,objective,143,1.0096175399509113,0.9883256122766197,0.7442906442756592,TRAIN_LOG1P_ANCHOR_EXCESS_MARGIN_CE,7d56a3cf42a07f683d323f7cbc28c99a9a6cbc061490716b2aa141f2666c4cd1,0.02129192767429158,0.0002690948127452572,normalized94_abs_anchor_delta94_identity1,5ca38ebab9e2d191354ce7db934bf08f2b50c31bad2a7874ac97af410c8ebfc0,5a74e12c6080e79cf257a662370da441e72957309d14a5eb470c9ae7816c1ff6
UNION_s2,objective,144,1.009616676221459,0.9883072978301514,0.7443312673415279,TRAIN_LOG1P_ANCHOR_EXCESS_MARGIN_CE,7d56a3cf42a07f683d323f7cbc28c99a9a6cbc061490716b2aa141f2666c4cd1,0.0213093783913076,0.00030013605424717907,normalized94_abs_anchor_delta94_identity1,5ca38ebab9e2d191354ce7db934bf08f2b50c31bad2a7874ac97af410c8ebfc0,fbaad261eabb68ec96e527cafd90faab1dc1b857d2df307affc0252bc87074aa
UNION_s2,objective,145,1.0096186473007747,0.9882624145382647,0.7441155136611364,TRAIN_LOG1P_ANCHOR_EXCESS_MARGIN_CE,7d56a3cf42a07f683d323f7cbc28c99a9a6cbc061490716b2aa141f2666c4cd1,0.021356232762509895,0.0012370887603573714,normalized94_abs_anchor_delta94_identity1,5ca38ebab9e2d191354ce7db934bf08f2b50c31bad2a7874ac97af410c8ebfc0,369ef19ce414f943b6c421a711be758c126547e4edb10c9db7c54db2cff6f873
UNION_s2,objective,146,1.0096163575691315,0.988294308307829,0.7442722061779409,TRAIN_LOG1P_ANCHOR_EXCESS_MARGIN_CE,7d56a3cf42a07f683d323f7cbc28c99a9a6cbc061490716b2aa141f2666c4cd1,0.02132204926130247,0.00041873586500358487,normalized94_abs_anchor_delta94_identity1,5ca38ebab9e2d191354ce7db934bf08f2b50c31bad2a7874ac97af410c8ebfc0,c18b85304ba35083bfe89163d761d361b1104dca5f2e340f873ce980124bc660
UNION_s2,objective,147,1.0096158361914902,0.988280927369221,0.7442143036956863,TRAIN_LOG1P_ANCHOR_EXCESS_MARGIN_CE,7d56a3cf42a07f683d323f7cbc28c99a9a6cbc061490716b2aa141f2666c4cd1,0.02133490882226912,0.0001674498528921099,normalized94_abs_anchor_delta94_identity1,5ca38ebab9e2d191354ce7db934bf08f2b50c31bad2a7874ac97af410c8ebfc0,c3d940ca45cc1f79ca082dcf27cb6e34bc73e1039604faec3265e0900e8d0ca7
UNION_s2,objective,148,1.0096155802050635,0.9882771304131895,0.7442790164413225,TRAIN_LOG1P_ANCHOR_EXCESS_MARGIN_CE,7d56a3cf42a07f683d323f7cbc28c99a9a6cbc061490716b2aa141f2666c4cd1,0.021338449791873854,0.00013180742993505214,normalized94_abs_anchor_delta94_identity1,5ca38ebab9e2d191354ce7db934bf08f2b50c31bad2a7874ac97af410c8ebfc0,4b1478a2e09d0eb314d768b6f4e8ab806d3b159efaf4b55fa8275b5bae1112b1
UNION_s2,objective,149,1.0096152934841436,0.9882720235276267,0.744172867920406,TRAIN_LOG1P_ANCHOR_EXCESS_MARGIN_CE,7d56a3cf42a07f683d323f7cbc28c99a9a6cbc061490716b2aa141f2666c4cd1,0.021343269956516874,0.000440643544209195,normalized94_abs_anchor_delta94_identity1,5ca38ebab9e2d191354ce7db934bf08f2b50c31bad2a7874ac97af410c8ebfc0,cc5b2f5aa60206aadb6053e71e134ce655097adf71eb114278c835b565740a77
UNION_s2,objective,150,1.0096149926217615,0.9882686901614688,0.7442153033046038,TRAIN_LOG1P_ANCHOR_EXCESS_MARGIN_CE,7d56a3cf42a07f683d323f7cbc28c99a9a6cbc061490716b2aa141f2666c4cd1,0.021346302460292642,0.0002646243492316563,normalized94_abs_anchor_delta94_identity1,5ca38ebab9e2d191354ce7db934bf08f2b50c31bad2a7874ac97af410c8ebfc0,b653a796e1a798a0945da8d0b971b9fdd19d4eb9b3c7b6e4877915715ce94b20
UNION_s2,objective,151,1.009614543784654,0.9882558729270886,0.74426066745793,TRAIN_LOG1P_ANCHOR_EXCESS_MARGIN_CE,7d56a3cf42a07f683d323f7cbc28c99a9a6cbc061490716b2aa141f2666c4cd1,0.02135867085756538,0.00020311817285812285,normalized94_abs_anchor_delta94_identity1,5ca38ebab9e2d191354ce7db934bf08f2b50c31bad2a7874ac97af410c8ebfc0,9aeb2e2c9d3edc493a603e497d3161a01790d1563810a3cbfd70f0833a42559d
UNION_s2,objective,152,1.0096143335860974,0.9882481346980032,0.7442624600501319,TRAIN_LOG1P_ANCHOR_EXCESS_MARGIN_CE,7d56a3cf42a07f683d323f7cbc28c99a9a6cbc061490716b2aa141f2666c4cd1,0.021366198888094275,0.0002408751564187595,normalized94_abs_anchor_delta94_identity1,5ca38ebab9e2d191354ce7db934bf08f2b50c31bad2a7874ac97af410c8ebfc0,e38ac48c7e0710870a78601167c6965e823dcc36ead31a4b45abcd133cf40104
UNION_s2,objective,153,1.0096138412908486,0.9882275148152163,0.7441669410910289,TRAIN_LOG1P_ANCHOR_EXCESS_MARGIN_CE,7d56a3cf42a07f683d323f7cbc28c99a9a6cbc061490716b2aa141f2666c4cd1,0.0213863264756324,0.0001905322423913601,normalized94_abs_anchor_delta94_identity1,5ca38ebab9e2d191354ce7db934bf08f2b50c31bad2a7874ac97af410c8ebfc0,a14dd80e026054fd126f93c1387c98a1e00517b903845ea10e528d4dfd0e846c
UNION_s2,objective,154,1.009614202110558,0.9881959196798997,0.7444197371882995,TRAIN_LOG1P_ANCHOR_EXCESS_MARGIN_CE,7d56a3cf42a07f683d323f7cbc28c99a9a6cbc061490716b2aa141f2666c4cd1,0.02141828243065838,0.0006243327940512018,normalized94_abs_anchor_delta94_identity1,5ca38ebab9e2d191354ce7db934bf08f2b50c31bad2a7874ac97af410c8ebfc0,2b7c25f54a18758dea52ba3711664485604e0658df990c88a998d31464df9c8c
UNION_s2,objective,155,1.0096136005647398,0.9882149196175432,0.7442646548918579,TRAIN_LOG1P_ANCHOR_EXCESS_MARGIN_CE,7d56a3cf42a07f683d323f7cbc28c99a9a6cbc061490716b2aa141f2666c4cd1,0.021398680947196637,0.00022635603414819996,normalized94_abs_anchor_delta94_identity1,5ca38ebab9e2d191354ce7db934bf08f2b50c31bad2a7874ac97af410c8ebfc0,78f2a2e69e1d42e8ef4f9e4d395320f83f03aaa8213f51509e9758f7d5f36c68
UNION_s2,objective,156,1.0096133734696355,0.9882127654097017,0.7442357115910663,TRAIN_LOG1P_ANCHOR_EXCESS_MARGIN_CE,7d56a3cf42a07f683d323f7cbc28c99a9a6cbc061490716b2aa141f2666c4cd1,0.021400608059933917,0.000132669710494022,normalized94_abs_anchor_delta94_identity1,5ca38ebab9e2d191354ce7db934bf08f2b50c31bad2a7874ac97af410c8ebfc0,727f4cd7bd147875bbec68e075103c6636320188e156acdf9db851d7cb5df016
UNION_s2,objective,157,1.0096131525773182,0.9882119821325837,0.7442304517756021,TRAIN_LOG1P_ANCHOR_EXCESS_MARGIN_CE,7d56a3cf42a07f683d323f7cbc28c99a9a6cbc061490716b2aa141f2666c4cd1,0.021401170444734552,0.00017852044102681884,normalized94_abs_anchor_delta94_identity1,5ca38ebab9e2d191354ce7db934bf08f2b50c31bad2a7874ac97af410c8ebfc0,48237ee9487da3b07dbd835c4f3e55890fdfef32e313d8a9e4d57aa8b3332c28
UNION_s2,objective,158,1.009613016865023,0.9882079819991654,0.744233622100972,TRAIN_LOG1P_ANCHOR_EXCESS_MARGIN_CE,7d56a3cf42a07f683d323f7cbc28c99a9a6cbc061490716b2aa141f2666c4cd1,0.02140503486585759,0.00016096518893989246,normalized94_abs_anchor_delta94_identity1,5ca38ebab9e2d191354ce7db934bf08f2b50c31bad2a7874ac97af410c8ebfc0,d692f8e014f626354b7153362f2e2224ce96a59a5d1cb0ce119ce34f1a6daac8
UNION_s2,objective,159,1.0096128382692473,0.9882000617476315,0.7442394776592323,TRAIN_LOG1P_ANCHOR_EXCESS_MARGIN_CE,7d56a3cf42a07f683d323f7cbc28c99a9a6cbc061490716b2aa141f2666c4cd1,0.021412776521615773,0.00029282940983485554,normalized94_abs_anchor_delta94_identity1,5ca38ebab9e2d191354ce7db934bf08f2b50c31bad2a7874ac97af410c8ebfc0,2d448989955fa33a2fc25485142aff6a72126bf0249ff9ef6bdf5f4f4408083a
UNION_s2,objective,160,1.0096127076557306,0.9881927078756446,0.744229793513278,TRAIN_LOG1P_ANCHOR_EXCESS_MARGIN_CE,7d56a3cf42a07f683d323f7cbc28c99a9a6cbc061490716b2aa141f2666c4cd1,0.02141999978008606,0.0001408776493899422,normalized94_abs_anchor_delta94_identity1,5ca38ebab9e2d191354ce7db934bf08f2b50c31bad2a7874ac97af410c8ebfc0,9fd97bdffafc250752f83142c1324af077ee56138522a8d4554aadc59933ddba
UNION_s2,objective,161,1.0096126407155357,0.9881942937342173,0.7442288863625736,TRAIN_LOG1P_ANCHOR_EXCESS_MARGIN_CE,7d56a3cf42a07f683d323f7cbc28c99a9a6cbc061490716b2aa141f2666c4cd1,0.02141834698131832,8.038839836668269e-05,normalized94_abs_anchor_delta94_identity1,5ca38ebab9e2d191354ce7db934bf08f2b50c31bad2a7874ac97af410c8ebfc0,8a47b7799d2ad9139b793cea76d6e2cec9912ffc85002121969baa447975cd70
UNION_s2,objective,162,1.009612558437688,0.9881955488819265,0.7442389669074511,TRAIN_LOG1P_ANCHOR_EXCESS_MARGIN_CE,7d56a3cf42a07f683d323f7cbc28c99a9a6cbc061490716b2aa141f2666c4cd1,0.0214170095557616,7.711005500856854e-05,normalized94_abs_anchor_delta94_identity1,5ca38ebab9e2d191354ce7db934bf08f2b50c31bad2a7874ac97af410c8ebfc0,481fca62078b464c280691118c2b71c29ffce3ae040eba2beaf980fb0a5310f2
UNION_s2,objective,163,1.0096124759856917,0.9881960171936475,0.7441847260968801,TRAIN_LOG1P_ANCHOR_EXCESS_MARGIN_CE,7d56a3cf42a07f683d323f7cbc28c99a9a6cbc061490716b2aa141f2666c4cd1,0.021416458792044308,0.00020878542774685336,normalized94_abs_anchor_delta94_identity1,5ca38ebab9e2d191354ce7db934bf08f2b50c31bad2a7874ac97af410c8ebfc0,46dc513c0ff5a08e762bf8a57528f1e4927a5a608e3942a2f7969ae40bdb90ec
UNION_s2,objective,164,1.0096123642163444,0.9881944652193354,0.744229303065887,TRAIN_LOG1P_ANCHOR_EXCESS_MARGIN_CE,7d56a3cf42a07f683d323f7cbc28c99a9a6cbc061490716b2aa141f2666c4cd1,0.02141789899700897,0.00013298054736149594,normalized94_abs_anchor_delta94_identity1,5ca38ebab9e2d191354ce7db934bf08f2b50c31bad2a7874ac97af410c8ebfc0,7b815412b611c5dc0904e3de8e298cf0238f8994d4b9dedc51a9ded2dab0847c
UNION_s2,objective,165,1.0096122471231475,0.9881919543030631,0.7442395613382172,TRAIN_LOG1P_ANCHOR_EXCESS_MARGIN_CE,7d56a3cf42a07f683d323f7cbc28c99a9a6cbc061490716b2aa141f2666c4cd1,0.021420292820084286,0.00010372118015177869,normalized94_abs_anchor_delta94_identity1,5ca38ebab9e2d191354ce7db934bf08f2b50c31bad2a7874ac97af410c8ebfc0,dba10904b9a90cb9e1e3da9343c0a0b1e6c9b208fa94ac2b3082769d9b1b2c5f
UNION_s2,objective,166,1.0096119639163696,0.9881898058987586,0.7442927726664453,TRAIN_LOG1P_ANCHOR_EXCESS_MARGIN_CE,7d56a3cf42a07f683d323f7cbc28c99a9a6cbc061490716b2aa141f2666c4cd1,0.021422158017611048,0.00012530718500786806,normalized94_abs_anchor_delta94_identity1,5ca38ebab9e2d191354ce7db934bf08f2b50c31bad2a7874ac97af410c8ebfc0,923bc67d2a558c2ee99deaf69b6412aff8cd1c68492134c112de4e8d65a42292
UNION_s2,objective,167,1.0096117845395776,0.9881855819116286,0.7441760865455148,TRAIN_LOG1P_ANCHOR_EXCESS_MARGIN_CE,7d56a3cf42a07f683d323f7cbc28c99a9a6cbc061490716b2aa141f2666c4cd1,0.02142620262794884,0.00023241309415671113,normalized94_abs_anchor_delta94_identity1,5ca38ebab9e2d191354ce7db934bf08f2b50c31bad2a7874ac97af410c8ebfc0,9e643b5f617ba7e299cfa13de939add9f0fd49d3e3284753296a56756350d275
UNION_s2,objective,168,1.0096115510897672,0.988188190110647,0.7442968283252488,TRAIN_LOG1P_ANCHOR_EXCESS_MARGIN_CE,7d56a3cf42a07f683d323f7cbc28c99a9a6cbc061490716b2aa141f2666c4cd1,0.021423360979120214,0.00016488747844297934,normalized94_abs_anchor_delta94_identity1,5ca38ebab9e2d191354ce7db934bf08f2b50c31bad2a7874ac97af410c8ebfc0,9f05ade63ff49550bb5d7ee47875747df75c97979751d3b34517b6e8474904c6
UNION_s2,objective,169,1.0096114496853452,0.9881905591849579,0.7442833030840508,TRAIN_LOG1P_ANCHOR_EXCESS_MARGIN_CE,7d56a3cf42a07f683d323f7cbc28c99a9a6cbc061490716b2aa141f2666c4cd1,0.021420890500387302,0.0001219108350693688,normalized94_abs_anchor_delta94_identity1,5ca38ebab9e2d191354ce7db934bf08f2b50c31bad2a7874ac97af410c8ebfc0,5ca6db75f9d7a16867641f2d03cc87894874b52c4d9660d7506df7c83e0ee26e
UNION_s2,objective,170,1.0096112421020873,0.9881932511399936,0.7442411804807219,TRAIN_LOG1P_ANCHOR_EXCESS_MARGIN_CE,7d56a3cf42a07f683d323f7cbc28c99a9a6cbc061490716b2aa141f2666c4cd1,0.02141799096209384,8.442681987581089e-05,normalized94_abs_anchor_delta94_identity1,5ca38ebab9e2d191354ce7db934bf08f2b50c31bad2a7874ac97af410c8ebfc0,8329050d0067002c54db1e2e337db037f79973eb3f6a0590a344de421c1cf449
UNION_s2,objective,171,1.0096110578109698,0.9881950185714324,0.7442170502360107,TRAIN_LOG1P_ANCHOR_EXCESS_MARGIN_CE,7d56a3cf42a07f683d323f7cbc28c99a9a6cbc061490716b2aa141f2666c4cd1,0.021416039239537436,8.821526240905818e-05,normalized94_abs_anchor_delta94_identity1,5ca38ebab9e2d191354ce7db934bf08f2b50c31bad2a7874ac97af410c8ebfc0,aed65ca106b9f3245aa24fb06df270722fe1d5c5e477c18329847512853a8142
UNION_s2,objective,172,1.0096108618275137,0.9881966264383849,0.7442157818316667,TRAIN_LOG1P_ANCHOR_EXCESS_MARGIN_CE,7d56a3cf42a07f683d323f7cbc28c99a9a6cbc061490716b2aa141f2666c4cd1,0.0214142353891288,0.0002464689420793341,normalized94_abs_anchor_delta94_identity1,5ca38ebab9e2d191354ce7db934bf08f2b50c31bad2a7874ac97af410c8ebfc0,145995665cd74339e0ba8a4f64a751cf340455eccc277a8d4d68bd5cb19cca7f
UNION_s2,objective,173,1.0096107460606736,0.988198957476384,0.7441910464803072,TRAIN_LOG1P_ANCHOR_EXCESS_MARGIN_CE,7d56a3cf42a07f683d323f7cbc28c99a9a6cbc061490716b2aa141f2666c4cd1,0.021411788584289573,0.00020576848848430647,normalized94_abs_anchor_delta94_identity1,5ca38ebab9e2d191354ce7db934bf08f2b50c31bad2a7874ac97af410c8ebfc0,94ef8a7628a9feb6f9c809b478c25f0d03b23747ecec132c2d42d43b935a7fc8
UNION_s2,objective,174,1.009610599703069,0.9881977100848696,0.7442180442841854,TRAIN_LOG1P_ANCHOR_EXCESS_MARGIN_CE,7d56a3cf42a07f683d323f7cbc28c99a9a6cbc061490716b2aa141f2666c4cd1,0.02141288961819951,8.679730795372546e-05,normalized94_abs_anchor_delta94_identity1,5ca38ebab9e2d191354ce7db934bf08f2b50c31bad2a7874ac97af410c8ebfc0,377684d29f464c723e0e69bd2a1f080f0f6296911f8df1c5fe052d904d18305e
UNION_s2,objective,175,1.009610531027458,0.9881979990512777,0.7442499188922853,TRAIN_LOG1P_ANCHOR_EXCESS_MARGIN_CE,7d56a3cf42a07f683d323f7cbc28c99a9a6cbc061490716b2aa141f2666c4cd1,0.02141253197618016,7.444275771117517e-05,normalized94_abs_anchor_delta94_identity1,5ca38ebab9e2d191354ce7db934bf08f2b50c31bad2a7874ac97af410c8ebfc0,c3341e5e899d6c5f102baff038f8fd89924f096ff15a76b29cb9579efd6dbb87
UNION_s2,objective,176,1.0096104591088657,0.9881995190522678,0.7442307919473224,TRAIN_LOG1P_ANCHOR_EXCESS_MARGIN_CE,7d56a3cf42a07f683d323f7cbc28c99a9a6cbc061490716b2aa141f2666c4cd1,0.02141094005659798,0.00013120291750967291,normalized94_abs_anchor_delta94_identity1,5ca38ebab9e2d191354ce7db934bf08f2b50c31bad2a7874ac97af410c8ebfc0,a08748177e48cd266eb74d9b159b81b19983befee87fd816a2db7ee518c7e049
UNION_s2,objective,177,1.0096103703402788,0.9882026586918019,0.7442794969106308,TRAIN_LOG1P_ANCHOR_EXCESS_MARGIN_CE,7d56a3cf42a07f683d323f7cbc28c99a9a6cbc061490716b2aa141f2666c4cd1,0.02140771164847694,9.726713354360536e-05,normalized94_abs_anchor_delta94_identity1,5ca38ebab9e2d191354ce7db934bf08f2b50c31bad2a7874ac97af410c8ebfc0,5b6447da956fbca4a925ff0f9ee662b7400356bd13bfe212c0380e5666a9120e
UNION_s2,objective,178,1.0096103028606542,0.9882054418991018,0.744260081166481,TRAIN_LOG1P_ANCHOR_EXCESS_MARGIN_CE,7d56a3cf42a07f683d323f7cbc28c99a9a6cbc061490716b2aa141f2666c4cd1,0.021404860961552537,8.202322898710362e-05,normalized94_abs_anchor_delta94_identity1,5ca38ebab9e2d191354ce7db934bf08f2b50c31bad2a7874ac97af410c8ebfc0,5d65346a91a242232e3ec146268baf9eeb073dcb840a4cb5ae5df0fdb286b337
UNION_s2,objective,179,1.0096102133724512,0.9882092784916053,0.7442759203292147,TRAIN_LOG1P_ANCHOR_EXCESS_MARGIN_CE,7d56a3cf42a07f683d323f7cbc28c99a9a6cbc061490716b2aa141f2666c4cd1,0.021400934880845882,0.00013813561957926393,normalized94_abs_anchor_delta94_identity1,5ca38ebab9e2d191354ce7db934bf08f2b50c31bad2a7874ac97af410c8ebfc0,400f4573e0b2a78752d6360de742ec6630c8d9849fac2b096a8b7c8db33cf35c
UNION_s2,objective,180,1.0096101727930955,0.9882133390320381,0.7441646325219871,TRAIN_LOG1P_ANCHOR_EXCESS_MARGIN_CE,7d56a3cf42a07f683d323f7cbc28c99a9a6cbc061490716b2aa141f2666c4cd1,0.02139683376105745,0.00015504239068658276,normalized94_abs_anchor_delta94_identity1,5ca38ebab9e2d191354ce7db934bf08f2b50c31bad2a7874ac97af410c8ebfc0,19e1e273f3c50f112eff45ce3b83281ce5f9f0f8b82f313c371bb5bc7ed4c76e
UNION_s2,objective,181,1.0096101253177876,0.9882118852670155,0.7442174046480456,TRAIN_LOG1P_ANCHOR_EXCESS_MARGIN_CE,7d56a3cf42a07f683d323f7cbc28c99a9a6cbc061490716b2aa141f2666c4cd1,0.021398240050772056,6.46558789063048e-05,normalized94_abs_anchor_delta94_identity1,5ca38ebab9e2d191354ce7db934bf08f2b50c31bad2a7874ac97af410c8ebfc0,6af538e26bda2f59039a6d7bbc692c9809c717660f6c54c03aad4288d743744f
UNION_s2,objective,182,1.009610098337912,0.9882114989014117,0.7442445295649812,TRAIN_LOG1P_ANCHOR_EXCESS_MARGIN_CE,7d56a3cf42a07f683d323f7cbc28c99a9a6cbc061490716b2aa141f2666c4cd1,0.021398599436500347,5.7340160457928164e-05,normalized94_abs_anchor_delta94_identity1,5ca38ebab9e2d191354ce7db934bf08f2b50c31bad2a7874ac97af410c8ebfc0,a3ed980a932dea03605ecadeb9c2bbd348fc53b7dac072a765e1ddb2650bc68c
UNION_s2,objective,183,1.0096100520456452,0.9882121539570242,0.7442718318553493,TRAIN_LOG1P_ANCHOR_EXCESS_MARGIN_CE,7d56a3cf42a07f683d323f7cbc28c99a9a6cbc061490716b2aa141f2666c4cd1,0.021397898088621102,7.40453203309552e-05,normalized94_abs_anchor_delta94_identity1,5ca38ebab9e2d191354ce7db934bf08f2b50c31bad2a7874ac97af410c8ebfc0,4ea936540210068dfa6e7797073d7a4a34c34709f50dc403b57bcab2988d85d0
UNION_s2,objective,184,1.0096099902884574,0.9882144818366075,0.7442926783232072,TRAIN_LOG1P_ANCHOR_EXCESS_MARGIN_CE,7d56a3cf42a07f683d323f7cbc28c99a9a6cbc061490716b2aa141f2666c4cd1,0.02139550845184994,7.17228098221938e-05,normalized94_abs_anchor_delta94_identity1,5ca38ebab9e2d191354ce7db934bf08f2b50c31bad2a7874ac97af410c8ebfc0,b2ec708eda934b0186b849fd201b31dc0185c6ecae80c848cd45b98d91c37815
UNION_s2,objective,185,1.0096100207967955,0.9882209175173615,0.7442915828880213,TRAIN_LOG1P_ANCHOR_EXCESS_MARGIN_CE,7d56a3cf42a07f683d323f7cbc28c99a9a6cbc061490716b2aa141f2666c4cd1,0.021389103279433965,0.00026747738120072107,normalized94_abs_anchor_delta94_identity1,5ca38ebab9e2d191354ce7db934bf08f2b50c31bad2a7874ac97af410c8ebfc0,08839219c385ecd53cce9cd404309a91896753d6f6d659d0fc78a3648d832559
UNION_s2,objective,186,1.009609951290601,0.9882171878204344,0.7442921788944187,TRAIN_LOG1P_ANCHOR_EXCESS_MARGIN_CE,7d56a3cf42a07f683d323f7cbc28c99a9a6cbc061490716b2aa141f2666c4cd1,0.021392763470166495,0.00011429636674283744,normalized94_abs_anchor_delta94_identity1,5ca38ebab9e2d191354ce7db934bf08f2b50c31bad2a7874ac97af410c8ebfc0,908336b29269d03de34e43913cfda875fb9d7e104e92add5c0dc576b3564b0d6
UNION_s2,objective,187,1.0096099136166556,0.9882194644238119,0.744275708069021,TRAIN_LOG1P_ANCHOR_EXCESS_MARGIN_CE,7d56a3cf42a07f683d323f7cbc28c99a9a6cbc061490716b2aa141f2666c4cd1,0.021390449192843705,5.2460125613258384e-05,normalized94_abs_anchor_delta94_identity1,5ca38ebab9e2d191354ce7db934bf08f2b50c31bad2a7874ac97af410c8ebfc0,fa759a3b9cfd260951a6f82d51e73d0af8d6c6367189464ac972d416bb9873a9
UNION_s2,objective,188,1.0096098897893249,0.9882214165400708,0.7442520753724134,TRAIN_LOG1P_ANCHOR_EXCESS_MARGIN_CE,7d56a3cf42a07f683d323f7cbc28c99a9a6cbc061490716b2aa141f2666c4cd1,0.021388473249254022,4.507603941245735e-05,normalized94_abs_anchor_delta94_identity1,5ca38ebab9e2d191354ce7db934bf08f2b50c31bad2a7874ac97af410c8ebfc0,5c5d8e8f9855d59101ceee3d39056e4ed7dba5f510dd5f08aa66fba5bd7e9ad4
UNION_s2,objective,189,1.009609871495657,0.988222422615418,0.744240322744688,TRAIN_LOG1P_ANCHOR_EXCESS_MARGIN_CE,7d56a3cf42a07f683d323f7cbc28c99a9a6cbc061490716b2aa141f2666c4cd1,0.021387448880238843,5.67093696989161e-05,normalized94_abs_anchor_delta94_identity1,5ca38ebab9e2d191354ce7db934bf08f2b50c31bad2a7874ac97af410c8ebfc0,e4c09ccc26c1c242872238c5364606b82dbc1bdc272d25874a2d9138dc99d078
UNION_s2,objective,190,1.0096098362665271,0.9882260232298103,0.7442581884794466,TRAIN_LOG1P_ANCHOR_EXCESS_MARGIN_CE,7d56a3cf42a07f683d323f7cbc28c99a9a6cbc061490716b2aa141f2666c4cd1,0.021383813036716756,8.3456882100343e-05,normalized94_abs_anchor_delta94_identity1,5ca38ebab9e2d191354ce7db934bf08f2b50c31bad2a7874ac97af410c8ebfc0,43a8ec2178434a720c75d58ee16faab247a2bf7b9200ef60e122e0307c60ff29
UNION_s2,objective,191,1.0096098063857104,0.9882263049560583,0.7442190656796095,TRAIN_LOG1P_ANCHOR_EXCESS_MARGIN_CE,7d56a3cf42a07f683d323f7cbc28c99a9a6cbc061490716b2aa141f2666c4cd1,0.021383501429652004,9.136311297466821e-05,normalized94_abs_anchor_delta94_identity1,5ca38ebab9e2d191354ce7db934bf08f2b50c31bad2a7874ac97af410c8ebfc0,af324f6320157761626a7e282c4ef2572406f58ba874ea7ea62713e920dbcbd7
UNION_s2,objective,192,1.0096097841846434,0.9882258204165044,0.7442460942556299,TRAIN_LOG1P_ANCHOR_EXCESS_MARGIN_CE,7d56a3cf42a07f683d323f7cbc28c99a9a6cbc061490716b2aa141f2666c4cd1,0.02138396376813907,4.203051285563685e-05,normalized94_abs_anchor_delta94_identity1,5ca38ebab9e2d191354ce7db934bf08f2b50c31bad2a7874ac97af410c8ebfc0,c2263522932fa4f3eee4b3eeb93ed767b2ec0c958ca39092ba7a982573b88ed2
UNION_s2,objective,193,1.0096097625554286,0.9882257633396065,0.7442740624957792,TRAIN_LOG1P_ANCHOR_EXCESS_MARGIN_CE,7d56a3cf42a07f683d323f7cbc28c99a9a6cbc061490716b2aa141f2666c4cd1,0.021383999215822024,6.194435888316753e-05,normalized94_abs_anchor_delta94_identity1,5ca38ebab9e2d191354ce7db934bf08f2b50c31bad2a7874ac97af410c8ebfc0,4b9b25995607887073179e337c5bf9a217f8d2dd3022c528c2b624d95cc739af
UNION_s2,objective,194,1.009609747771917,0.9882264909873443,0.7442717492982508,TRAIN_LOG1P_ANCHOR_EXCESS_MARGIN_CE,7d56a3cf42a07f683d323f7cbc28c99a9a6cbc061490716b2aa141f2666c4cd1,0.02138325678457275,5.5567152778309384e-05,normalized94_abs_anchor_delta94_identity1,5ca38ebab9e2d191354ce7db934bf08f2b50c31bad2a7874ac97af410c8ebfc0,3b719d035ff3870d9564951010f56c63fd185b97b5942e55f5b77941767c0b89
UNION_s2,objective,195,1.009609746470485,0.988229899000025,0.7443435763179518,TRAIN_LOG1P_ANCHOR_EXCESS_MARGIN_CE,7d56a3cf42a07f683d323f7cbc28c99a9a6cbc061490716b2aa141f2666c4cd1,0.021379847470459887,0.00018967816557378822,normalized94_abs_anchor_delta94_identity1,5ca38ebab9e2d191354ce7db934bf08f2b50c31bad2a7874ac97af410c8ebfc0,1fab1ffccc8d400f376b4ad17673e096585653dd2a97125ff5d0e76ba70ec346
UNION_s2,objective,196,1.0096097279801457,0.9882282055059862,0.7443082629373758,TRAIN_LOG1P_ANCHOR_EXCESS_MARGIN_CE,7d56a3cf42a07f683d323f7cbc28c99a9a6cbc061490716b2aa141f2666c4cd1,0.021381522474159465,0.00011634522480092725,normalized94_abs_anchor_delta94_identity1,5ca38ebab9e2d191354ce7db934bf08f2b50c31bad2a7874ac97af410c8ebfc0,7b0398e7ca54548f2b67015886e93c8ded96f6cd0f2a1b92e122f084226b1499
UNION_s2,objective,197,1.00960969803745,0.9882309006666423,0.7442756282026355,TRAIN_LOG1P_ANCHOR_EXCESS_MARGIN_CE,7d56a3cf42a07f683d323f7cbc28c99a9a6cbc061490716b2aa141f2666c4cd1,0.02137879737080764,4.5203192400700556e-05,normalized94_abs_anchor_delta94_identity1,5ca38ebab9e2d191354ce7db934bf08f2b50c31bad2a7874ac97af410c8ebfc0,cc7b3e9854eb851e9fb2804c5a016a916c84e4d80dc01b73c8d9184f89fb0231
UNION_s2,objective,198,1.009609680484723,0.9882327796718147,0.7442531176393318,TRAIN_LOG1P_ANCHOR_EXCESS_MARGIN_CE,7d56a3cf42a07f683d323f7cbc28c99a9a6cbc061490716b2aa141f2666c4cd1,0.021376900812908297,5.4343667109747636e-05,normalized94_abs_anchor_delta94_identity1,5ca38ebab9e2d191354ce7db934bf08f2b50c31bad2a7874ac97af410c8ebfc0,ebec7cdfc2bcb1fc8d984fad5e2fc16fabb17ee2772520a6babd46bbf304d51d
UNION_s2,objective,199,1.0096096650904625,0.9882342956136715,0.7442412036158849,TRAIN_LOG1P_ANCHOR_EXCESS_MARGIN_CE,7d56a3cf42a07f683d323f7cbc28c99a9a6cbc061490716b2aa141f2666c4cd1,0.02137536947679098,6.224618063744771e-05,normalized94_abs_anchor_delta94_identity1,5ca38ebab9e2d191354ce7db934bf08f2b50c31bad2a7874ac97af410c8ebfc0,5563fb03257d8a29f7fcfb545c49b3e885e7754835d85845b8c56535b28f1f40
UNION_s2,objective,200,1.009609640772907,0.988235808900652,0.7442436127458634,TRAIN_LOG1P_ANCHOR_EXCESS_MARGIN_CE,7d56a3cf42a07f683d323f7cbc28c99a9a6cbc061490716b2aa141f2666c4cd1,0.021373831872254962,7.996280488479911e-05,normalized94_abs_anchor_delta94_identity1,5ca38ebab9e2d191354ce7db934bf08f2b50c31bad2a7874ac97af410c8ebfc0,f27d0d3232dcee8c59f378ad89430784b2bf4eea13da332ed53dbd273f1e2e98
UNION_s2,objective,201,1.0096096424135457,0.9882384212940394,0.7442385916591486,TRAIN_LOG1P_ANCHOR_EXCESS_MARGIN_CE,7d56a3cf42a07f683d323f7cbc28c99a9a6cbc061490716b2aa141f2666c4cd1,0.021371221119506203,0.00011319607475727678,normalized94_abs_anchor_delta94_identity1,5ca38ebab9e2d191354ce7db934bf08f2b50c31bad2a7874ac97af410c8ebfc0,08cae5023257d8d9a430bdfe8d2878c509e07c9313b37c3cc04cba6f53cb5453
UNION_s2,objective,202,1.00960962455005,0.9882370670792946,0.7442411541145388,TRAIN_LOG1P_ANCHOR_EXCESS_MARGIN_CE,7d56a3cf42a07f683d323f7cbc28c99a9a6cbc061490716b2aa141f2666c4cd1,0.021372557470755532,4.6779298999760864e-05,normalized94_abs_anchor_delta94_identity1,5ca38ebab9e2d191354ce7db934bf08f2b50c31bad2a7874ac97af410c8ebfc0,02b1112dee3c0fd3bb778258500f3a535c0bf7d15f74792b439df9c5531d8689
UNION_s2,objective,203,1.0096096108647716,0.9882366839003255,0.7442542263243221,TRAIN_LOG1P_ANCHOR_EXCESS_MARGIN_CE,7d56a3cf42a07f683d323f7cbc28c99a9a6cbc061490716b2aa141f2666c4cd1,0.02137292696444617,3.4063778040247025e-05,normalized94_abs_anchor_delta94_identity1,5ca38ebab9e2d191354ce7db934bf08f2b50c31bad2a7874ac97af410c8ebfc0,693d8cb7bf1245c18362202a3dafb9f442114c8fd8812c7bda2a503dd7a2c783
UNION_s2,objective,204,1.0096095939028045,0.9882376224775129,0.744270988018199,TRAIN_LOG1P_ANCHOR_EXCESS_MARGIN_CE,7d56a3cf42a07f683d323f7cbc28c99a9a6cbc061490716b2aa141f2666c4cd1,0.021371971425291618,5.777199250167091e-05,normalized94_abs_anchor_delta94_identity1,5ca38ebab9e2d191354ce7db934bf08f2b50c31bad2a7874ac97af410c8ebfc0,fe0acb60d725f7ed07da60050167e247b8d8146227a42ad536d4752a15645523
UNION_s2,objective,205,1.009609573420401,0.988238213868342,0.7442716339066753,TRAIN_LOG1P_ANCHOR_EXCESS_MARGIN_CE,7d56a3cf42a07f683d323f7cbc28c99a9a6cbc061490716b2aa141f2666c4cd1,0.02137135955205883,4.455694279771034e-05,normalized94_abs_anchor_delta94_identity1,5ca38ebab9e2d191354ce7db934bf08f2b50c31bad2a7874ac97af410c8ebfc0,1934c68c6b1f5a01af244e3a0263e96b373ddb4b6a288ec1e009fba6e54c3318
UNION_s2,objective,206,1.009609557877873,0.9882404381686648,0.7442838940605876,TRAIN_LOG1P_ANCHOR_EXCESS_MARGIN_CE,7d56a3cf42a07f683d323f7cbc28c99a9a6cbc061490716b2aa141f2666c4cd1,0.021369119709208257,7.418546483826605e-05,normalized94_abs_anchor_delta94_identity1,5ca38ebab9e2d191354ce7db934bf08f2b50c31bad2a7874ac97af410c8ebfc0,611cce5f88101054601fbb23f295bebfd9d81b8c0c879a0978513e0573f9f69d
UNION_s2,objective,207,1.0096095415822097,0.9882410441346705,0.7442616858988501,TRAIN_LOG1P_ANCHOR_EXCESS_MARGIN_CE,7d56a3cf42a07f683d323f7cbc28c99a9a6cbc061490716b2aa141f2666c4cd1,0.021368497447539287,2.5458316794487628e-05,normalized94_abs_anchor_delta94_identity1,5ca38ebab9e2d191354ce7db934bf08f2b50c31bad2a7874ac97af410c8ebfc0,1106c7d10145677fd44a7db79d5435237b61fcee5ddd26ea6662fc19b7b89499
UNION_s2,objective,208,1.009609533799468,0.9882415781917393,0.7442520143141017,TRAIN_LOG1P_ANCHOR_EXCESS_MARGIN_CE,7d56a3cf42a07f683d323f7cbc28c99a9a6cbc061490716b2aa141f2666c4cd1,0.021367955607728535,3.794120746279319e-05,normalized94_abs_anchor_delta94_identity1,5ca38ebab9e2d191354ce7db934bf08f2b50c31bad2a7874ac97af410c8ebfc0,98ac6123614ad6c07c761ca4b3e6f3d1ecd13ef34f9ef3c096e1f4896f846fe2
UNION_s2,objective,209,1.009609523167102,0.9882421254333152,0.7442455788764654,TRAIN_LOG1P_ANCHOR_EXCESS_MARGIN_CE,7d56a3cf42a07f683d323f7cbc28c99a9a6cbc061490716b2aa141f2666c4cd1,0.021367397733786857,5.0021057628427096e-05,normalized94_abs_anchor_delta94_identity1,5ca38ebab9e2d191354ce7db934bf08f2b50c31bad2a7874ac97af410c8ebfc0,ce968f93d3c946acbd5571532d7f20e8d38590716aab8f565dc74e2a9953ebc9
UNION_s2,objective,210,1.0096094958647746,0.9882431343572815,0.7442536541199078,TRAIN_LOG1P_ANCHOR_EXCESS_MARGIN_CE,7d56a3cf42a07f683d323f7cbc28c99a9a6cbc061490716b2aa141f2666c4cd1,0.0213663615074931,5.3121576159501126e-05,normalized94_abs_anchor_delta94_identity1,5ca38ebab9e2d191354ce7db934bf08f2b50c31bad2a7874ac97af410c8ebfc0,3c56c586fab39ac5f16a116b3b78e7e0aaa57996056711437b7e562a04e52d14
UNION_s2,objective,211,1.0096095166471315,0.988246907799093,0.7441683834012425,TRAIN_LOG1P_ANCHOR_EXCESS_MARGIN_CE,7d56a3cf42a07f683d323f7cbc28c99a9a6cbc061490716b2aa141f2666c4cd1,0.021362608848038627,0.00023018607619965627,normalized94_abs_anchor_delta94_identity1,5ca38ebab9e2d191354ce7db934bf08f2b50c31bad2a7874ac97af410c8ebfc0,a61f8c5f48449aff32d7fdc98ff16cbac312ccfd71a20f2888f1c503516ae01b
UNION_s2,objective,212,1.0096094822720088,0.9882445709571479,0.7442207240164557,TRAIN_LOG1P_ANCHOR_EXCESS_MARGIN_CE,7d56a3cf42a07f683d323f7cbc28c99a9a6cbc061490716b2aa141f2666c4cd1,0.021364911314860874,9.339975281238e-05,normalized94_abs_anchor_delta94_identity1,5ca38ebab9e2d191354ce7db934bf08f2b50c31bad2a7874ac97af410c8ebfc0,55d44111f1fa7c6df6c0104e5b20a7472f88936b27c671415db1c1c60201a930
UNION_s2,objective,213,1.009609463666679,0.9882446814880096,0.7442429188216958,TRAIN_LOG1P_ANCHOR_EXCESS_MARGIN_CE,7d56a3cf42a07f683d323f7cbc28c99a9a6cbc061490716b2aa141f2666c4cd1,0.021364782178669384,4.092003336884353e-05,normalized94_abs_anchor_delta94_identity1,5ca38ebab9e2d191354ce7db934bf08f2b50c31bad2a7874ac97af410c8ebfc0,b15d64c66d9189bf0248eb1e07f5d377f9e19882b544d345f771a049b8bd27cb
UNION_s2,objective,214,1.0096094526231842,0.9882444390300397,0.7442612438602247,TRAIN_LOG1P_ANCHOR_EXCESS_MARGIN_CE,7d56a3cf42a07f683d323f7cbc28c99a9a6cbc061490716b2aa141f2666c4cd1,0.0213650135931445,2.92670928057835e-05,normalized94_abs_anchor_delta94_identity1,5ca38ebab9e2d191354ce7db934bf08f2b50c31bad2a7874ac97af410c8ebfc0,7432180441c329afc84a7788742e566294ff010babe5e5ce8184959de6c8170e
UNION_s2,objective,215,1.0096094461432616,0.9882442597346959,0.744267499399891,TRAIN_LOG1P_ANCHOR_EXCESS_MARGIN_CE,7d56a3cf42a07f683d323f7cbc28c99a9a6cbc061490716b2aa141f2666c4cd1,0.021365186408565766,3.1453289161423306e-05,normalized94_abs_anchor_delta94_identity1,5ca38ebab9e2d191354ce7db934bf08f2b50c31bad2a7874ac97af410c8ebfc0,1f42ec8ed94af6492d000ca2df2ce387ca849e8182b05b4e1545cfa83f4b0dd7
UNION_s2,objective,216,1.0096094297498446,0.9882443090241476,0.7442771204776039,TRAIN_LOG1P_ANCHOR_EXCESS_MARGIN_CE,7d56a3cf42a07f683d323f7cbc28c99a9a6cbc061490716b2aa141f2666c4cd1,0.02136512072569686,3.779297748722053e-05,normalized94_abs_anchor_delta94_identity1,5ca38ebab9e2d191354ce7db934bf08f2b50c31bad2a7874ac97af410c8ebfc0,5d90393ece6ec4ab5afdf706f019ffc1cdb50b2d70afa4f17e4126f0b05b1598
UNION_s2,objective,217,1.0096094207036774,0.9882449147779705,0.7442793023494771,TRAIN_LOG1P_ANCHOR_EXCESS_MARGIN_CE,7d56a3cf42a07f683d323f7cbc28c99a9a6cbc061490716b2aa141f2666c4cd1,0.021364505925706857,5.985915351296715e-05,normalized94_abs_anchor_delta94_identity1,5ca38ebab9e2d191354ce7db934bf08f2b50c31bad2a7874ac97af410c8ebfc0,9df9461d63473b499f4fcf6425f04dba8334a0915410ecda5997a0cfd93c7bc4
UNION_s2,objective,218,1.0096094107803693,0.9882450854150976,0.7442728709768495,TRAIN_LOG1P_ANCHOR_EXCESS_MARGIN_CE,7d56a3cf42a07f683d323f7cbc28c99a9a6cbc061490716b2aa141f2666c4cd1,0.02136432536527167,2.1512688370165164e-05,normalized94_abs_anchor_delta94_identity1,5ca38ebab9e2d191354ce7db934bf08f2b50c31bad2a7874ac97af410c8ebfc0,d8e65ce3bcd3c81554993c1f32b40ea743c49798077dd84c9fbb4c71ddcad5a7
UNION_s2,objective,219,1.0096094059401612,0.988245493602613,0.7442670655840935,TRAIN_LOG1P_ANCHOR_EXCESS_MARGIN_CE,7d56a3cf42a07f683d323f7cbc28c99a9a6cbc061490716b2aa141f2666c4cd1,0.021363912337548294,2.6211194398715536e-05,normalized94_abs_anchor_delta94_identity1,5ca38ebab9e2d191354ce7db934bf08f2b50c31bad2a7874ac97af410c8ebfc0,90df0362da6ae14984c0936a866e953829faa1973f86d0d1b9ecf731ffafd10a
UNION_s2,objective,220,1.0096094006904006,0.9882459020702512,0.7442652846522329,TRAIN_LOG1P_ANCHOR_EXCESS_MARGIN_CE,7d56a3cf42a07f683d323f7cbc28c99a9a6cbc061490716b2aa141f2666c4cd1,0.0213634986201494,2.663099758481787e-05,normalized94_abs_anchor_delta94_identity1,5ca38ebab9e2d191354ce7db934bf08f2b50c31bad2a7874ac97af410c8ebfc0,0e1c9189f3433e8f2751586e3fe13c0374aa41342a62c612cb090eba9e26e7c8
UNION_s2,objective,221,1.0096093943511015,0.9882466080408425,0.744252195983324,TRAIN_LOG1P_ANCHOR_EXCESS_MARGIN_CE,7d56a3cf42a07f683d323f7cbc28c99a9a6cbc061490716b2aa141f2666c4cd1,0.02136278631025896,7.570526891385448e-05,normalized94_abs_anchor_delta94_identity1,5ca38ebab9e2d191354ce7db934bf08f2b50c31bad2a7874ac97af410c8ebfc0,ae3a2dd983cfcd939422b00c23223a5ded74f8e4e146fd3e43b7136041f43615
UNION_s2,objective,222,1.0096093832943516,0.9882475645297127,0.7442727626814237,TRAIN_LOG1P_ANCHOR_EXCESS_MARGIN_CE,7d56a3cf42a07f683d323f7cbc28c99a9a6cbc061490716b2aa141f2666c4cd1,0.02136181876463892,2.032175428615772e-05,normalized94_abs_anchor_delta94_identity1,5ca38ebab9e2d191354ce7db934bf08f2b50c31bad2a7874ac97af410c8ebfc0,68d1c244e744f851c301a22c1d9dd55b5e25111287a399fd1622806524f67818
UNION_s2,objective,223,1.0096093798800796,0.9882475075376087,0.7442770752546723,TRAIN_LOG1P_ANCHOR_EXCESS_MARGIN_CE,7d56a3cf42a07f683d323f7cbc28c99a9a6cbc061490716b2aa141f2666c4cd1,0.021361872342470962,1.940620418088388e-05,normalized94_abs_anchor_delta94_identity1,5ca38ebab9e2d191354ce7db934bf08f2b50c31bad2a7874ac97af410c8ebfc0,a542bcd6afb83b38f7ac7e48451088e0982db9e32c702d7bb212710bb54fd007
UNION_s2,objective,224,1.009609373002156,0.9882476744393376,0.7442851774193813,TRAIN_LOG1P_ANCHOR_EXCESS_MARGIN_CE,7d56a3cf42a07f683d323f7cbc28c99a9a6cbc061490716b2aa141f2666c4cd1,0.02136169856281855,3.091716086281818e-05,normalized94_abs_anchor_delta94_identity1,5ca38ebab9e2d191354ce7db934bf08f2b50c31bad2a7874ac97af410c8ebfc0,022d88f9fb9856b565596d2ddc30d8ba98afeb19b42ebe3ebc052b27e61f3f84
UNION_s2,objective,225,1.0096093732087312,0.988248478074996,0.7442550206019393,TRAIN_LOG1P_ANCHOR_EXCESS_MARGIN_CE,7d56a3cf42a07f683d323f7cbc28c99a9a6cbc061490716b2aa141f2666c4cd1,0.021360895133735194,6.95967522912563e-05,normalized94_abs_anchor_delta94_identity1,5ca38ebab9e2d191354ce7db934bf08f2b50c31bad2a7874ac97af410c8ebfc0,66055efbefa11dbb4039758de7e9827f0355d05b500dcf9108f3d3c540fd8bc7
UNION_s2,objective,226,1.0096093701857112,0.9882480663330946,0.7442703639250535,TRAIN_LOG1P_ANCHOR_EXCESS_MARGIN_CE,7d56a3cf42a07f683d323f7cbc28c99a9a6cbc061490716b2aa141f2666c4cd1,0.02136130385261658,2.9315301325857095e-05,normalized94_abs_anchor_delta94_identity1,5ca38ebab9e2d191354ce7db934bf08f2b50c31bad2a7874ac97af410c8ebfc0,0e6583be474d4405c2b4babd09713bdcca33a608ac6338d9c4d4dddb058c76d4
UNION_s2,objective,227,1.0096093649853326,0.9882484655918795,0.7442788821098729,TRAIN_LOG1P_ANCHOR_EXCESS_MARGIN_CE,7d56a3cf42a07f683d323f7cbc28c99a9a6cbc061490716b2aa141f2666c4cd1,0.021360899393453186,1.852023951358436e-05,normalized94_abs_anchor_delta94_identity1,5ca38ebab9e2d191354ce7db934bf08f2b50c31bad2a7874ac97af410c8ebfc0,a70f63b75d4fae22f7933e9d3d3c49dee3728812797e57c249f4ac2d40404db0
UNION_s2,objective,228,1.009609361309376,0.9882488663878984,0.7442780405464736,TRAIN_LOG1P_ANCHOR_EXCESS_MARGIN_CE,7d56a3cf42a07f683d323f7cbc28c99a9a6cbc061490716b2aa141f2666c4cd1,0.02136049492147742,1.3068007926142028e-05,normalized94_abs_anchor_delta94_identity1,5ca38ebab9e2d191354ce7db934bf08f2b50c31bad2a7874ac97af410c8ebfc0,676f7bf30d5e66e121dcd6daaa95d32a09926cb6dbee51918b5a5c1066038c8a
UNION_s2,objective,229,1.0096093576581024,0.9882491612903415,0.7442740820793865,TRAIN_LOG1P_ANCHOR_EXCESS_MARGIN_CE,7d56a3cf42a07f683d323f7cbc28c99a9a6cbc061490716b2aa141f2666c4cd1,0.02136019636776092,1.1362947277880003e-05,normalized94_abs_anchor_delta94_identity1,5ca38ebab9e2d191354ce7db934bf08f2b50c31bad2a7874ac97af410c8ebfc0,11573d23de5a44d8467a8fb62f07476721330b42c1d6d1380514f5756966d200
UNION_s2,objective,230,1.0096093543250229,0.9882493986986969,0.7442694880628882,TRAIN_LOG1P_ANCHOR_EXCESS_MARGIN_CE,7d56a3cf42a07f683d323f7cbc28c99a9a6cbc061490716b2aa141f2666c4cd1,0.021359955626325904,2.9092960313773883e-05,normalized94_abs_anchor_delta94_identity1,5ca38ebab9e2d191354ce7db934bf08f2b50c31bad2a7874ac97af410c8ebfc0,30c1e00455ecb10f656772ddb175f606f426d5ddd6a592e1e1e19e3c5019c683
UNION_s2,objective,231,1.0096093508538262,0.988249352895582,0.7442663919231307,TRAIN_LOG1P_ANCHOR_EXCESS_MARGIN_CE,7d56a3cf42a07f683d323f7cbc28c99a9a6cbc061490716b2aa141f2666c4cd1,0.02135999795824424,2.6722270751185417e-05,normalized94_abs_anchor_delta94_identity1,5ca38ebab9e2d191354ce7db934bf08f2b50c31bad2a7874ac97af410c8ebfc0,015c8228f76b9687f39f4a30083e41563e043e8e714289fb8c7d5b83434fbb7b
UNION_s2,objective,232,1.0096093479960342,0.9882491580507791,0.7442688387379595,TRAIN_LOG1P_ANCHOR_EXCESS_MARGIN_CE,7d56a3cf42a07f683d323f7cbc28c99a9a6cbc061490716b2aa141f2666c4cd1,0.021360189945255233,1.6641720285665895e-05,normalized94_abs_anchor_delta94_identity1,5ca38ebab9e2d191354ce7db934bf08f2b50c31bad2a7874ac97af410c8ebfc0,cef1dc2f927bd9a8a0fa81469399610bfa3c31701c2a8fd6796f3057c31f2068
UNION_s2,objective,233,1.0096093446256518,0.9882487759344913,0.7442748957912276,TRAIN_LOG1P_ANCHOR_EXCESS_MARGIN_CE,7d56a3cf42a07f683d323f7cbc28c99a9a6cbc061490716b2aa141f2666c4cd1,0.021360568691160514,1.048193134760933e-05,normalized94_abs_anchor_delta94_identity1,5ca38ebab9e2d191354ce7db934bf08f2b50c31bad2a7874ac97af410c8ebfc0,e47a167de997cf4aff141ccca85f6a76cd29c30fe38dd204fec9e1c1f06df5a2
UNION_s2,objective,234,1.0096093428986992,0.9882486450126592,0.7442758455718638,TRAIN_LOG1P_ANCHOR_EXCESS_MARGIN_CE,7d56a3cf42a07f683d323f7cbc28c99a9a6cbc061490716b2aa141f2666c4cd1,0.021360697886039906,1.0004446657788456e-05,normalized94_abs_anchor_delta94_identity1,5ca38ebab9e2d191354ce7db934bf08f2b50c31bad2a7874ac97af410c8ebfc0,c32b9346d4405d8bc60b7dcd3162c1fef97550910170a5a908b03f7e9a0f35e5
UNION_s2,objective,235,1.009609369689728,0.9882489582324963,0.7443256069284312,TRAIN_LOG1P_ANCHOR_EXCESS_MARGIN_CE,7d56a3cf42a07f683d323f7cbc28c99a9a6cbc061490716b2aa141f2666c4cd1,0.021360411457231585,0.00016284856127684203,normalized94_abs_anchor_delta94_identity1,5ca38ebab9e2d191354ce7db934bf08f2b50c31bad2a7874ac97af410c8ebfc0,c6b725d20f5331197169c5a870a313743df709ecbb82b98e6a431f92595e39e7
UNION_s2,objective,236,1.0096093418031185,0.9882486915392266,0.7442840733719782,TRAIN_LOG1P_ANCHOR_EXCESS_MARGIN_CE,7d56a3cf42a07f683d323f7cbc28c99a9a6cbc061490716b2aa141f2666c4cd1,0.02136065026389181,2.95786208215824e-05,normalized94_abs_anchor_delta94_identity1,5ca38ebab9e2d191354ce7db934bf08f2b50c31bad2a7874ac97af410c8ebfc0,3d701a255d9c627610f156f50fb2749c0dbeec981277f6aa12a5f5fe460ae675
UNION_s2,objective,237,1.0096093384067903,0.988248424583615,0.7442810360700086,TRAIN_LOG1P_ANCHOR_EXCESS_MARGIN_CE,7d56a3cf42a07f683d323f7cbc28c99a9a6cbc061490716b2aa141f2666c4cd1,0.02136091382317542,1.3847827145240482e-05,normalized94_abs_anchor_delta94_identity1,5ca38ebab9e2d191354ce7db934bf08f2b50c31bad2a7874ac97af410c8ebfc0,54f31cc4a7850ceb1b7b1a2e9869e7f2a90a2b4e2ff5453fd07b52b16375b5af
UNION_s2,objective,238,1.0096093371687331,0.9882485079114165,0.7442745666828815,TRAIN_LOG1P_ANCHOR_EXCESS_MARGIN_CE,7d56a3cf42a07f683d323f7cbc28c99a9a6cbc061490716b2aa141f2666c4cd1,0.021360829257316635,1.4237364482988351e-05,normalized94_abs_anchor_delta94_identity1,5ca38ebab9e2d191354ce7db934bf08f2b50c31bad2a7874ac97af410c8ebfc0,10a2fb9a4260c6db393edae4167deccb760fec2222ded477050c3ccbd9a6d4da
UNION_s2,objective,239,1.0096093357509675,0.9882485925527426,0.7442737312389842,TRAIN_LOG1P_ANCHOR_EXCESS_MARGIN_CE,7d56a3cf42a07f683d323f7cbc28c99a9a6cbc061490716b2aa141f2666c4cd1,0.021360743198224803,1.644889448921361e-05,normalized94_abs_anchor_delta94_identity1,5ca38ebab9e2d191354ce7db934bf08f2b50c31bad2a7874ac97af410c8ebfc0,e9e0a85ffa7c961ea9f4947cf68e856b1e876e23cca1168499b5800ba0f8c926
UNION_s2,objective,240,1.0096093331875986,0.9882486124189116,0.7442730726236763,TRAIN_LOG1P_ANCHOR_EXCESS_MARGIN_CE,7d56a3cf42a07f683d323f7cbc28c99a9a6cbc061490716b2aa141f2666c4cd1,0.02136072076868703,1.956747942599426e-05,normalized94_abs_anchor_delta94_identity1,5ca38ebab9e2d191354ce7db934bf08f2b50c31bad2a7874ac97af410c8ebfc0,0456011c508f45394576fca9e36eeff2fac2cf421a53138c3fb1bc72fc20000d
UNION_s2,objective,241,1.009609330672314,0.988248179482094,0.7442885029292018,TRAIN_LOG1P_ANCHOR_EXCESS_MARGIN_CE,7d56a3cf42a07f683d323f7cbc28c99a9a6cbc061490716b2aa141f2666c4cd1,0.021361151190219887,3.706194334267984e-05,normalized94_abs_anchor_delta94_identity1,5ca38ebab9e2d191354ce7db934bf08f2b50c31bad2a7874ac97af410c8ebfc0,b6edc3bf602207a2583f986ee747efcd4a2d92f57ffa20e01c59f54b3aa4640f
UNION_s2,objective,242,1.0096093275838347,0.9882482659572971,0.7442796517658398,TRAIN_LOG1P_ANCHOR_EXCESS_MARGIN_CE,7d56a3cf42a07f683d323f7cbc28c99a9a6cbc061490716b2aa141f2666c4cd1,0.021361061626537524,1.0530209913827239e-05,normalized94_abs_anchor_delta94_identity1,5ca38ebab9e2d191354ce7db934bf08f2b50c31bad2a7874ac97af410c8ebfc0,8702a990524eb22b0069df34c145ca6e5e0881b52454863ea956596202abdbbc
UNION_s2,objective,243,1.0096093267361579,0.9882481858527066,0.7442787610496596,TRAIN_LOG1P_ANCHOR_EXCESS_MARGIN_CE,7d56a3cf42a07f683d323f7cbc28c99a9a6cbc061490716b2aa141f2666c4cd1,0.021361140883451264,8.455028929849437e-06,normalized94_abs_anchor_delta94_identity1,5ca38ebab9e2d191354ce7db934bf08f2b50c31bad2a7874ac97af410c8ebfc0,990e5d8dbf01db4a28970405ab15d3c997f9f2a3d5e5bffe4f6a31dfd1b4a0af
UNION_s2,objective,244,1.0096093258366559,0.9882479007085064,0.7442765511245355,TRAIN_LOG1P_ANCHOR_EXCESS_MARGIN_CE,7d56a3cf42a07f683d323f7cbc28c99a9a6cbc061490716b2aa141f2666c4cd1,0.021361425128149387,1.865850970679967e-05,normalized94_abs_anchor_delta94_identity1,5ca38ebab9e2d191354ce7db934bf08f2b50c31bad2a7874ac97af410c8ebfc0,f0245664189e5535a12363d457b19cedb813152043894bd9e39a5e23bc29bc1f
UNION_s2,objective,245,1.009609324731545,0.988247771018932,0.7442761141409195,TRAIN_LOG1P_ANCHOR_EXCESS_MARGIN_CE,7d56a3cf42a07f683d323f7cbc28c99a9a6cbc061490716b2aa141f2666c4cd1,0.021361553712612988,1.000049746902537e-05,normalized94_abs_anchor_delta94_identity1,5ca38ebab9e2d191354ce7db934bf08f2b50c31bad2a7874ac97af410c8ebfc0,fc810dbd2012395470c3ab40811dde5715bf0b5e7f6382cb1d3af5cfcc9767ee
UNION_s2,objective,246,1.0096093240630324,0.9882477466892946,0.7442750297209756,TRAIN_LOG1P_ANCHOR_EXCESS_MARGIN_CE,7d56a3cf42a07f683d323f7cbc28c99a9a6cbc061490716b2aa141f2666c4cd1,0.021361577373737787,9.292983732688438e-06,normalized94_abs_anchor_delta94_identity1,5ca38ebab9e2d191354ce7db934bf08f2b50c31bad2a7874ac97af410c8ebfc0,69745ff5ae9a17dc96e71870a0a61e851cb195f659de94a9d7558ecc4032c14a
UNION_s2,objective,247,1.0096093224116904,0.988247661553129,0.7442730556330874,TRAIN_LOG1P_ANCHOR_EXCESS_MARGIN_CE,7d56a3cf42a07f683d323f7cbc28c99a9a6cbc061490716b2aa141f2666c4cd1,0.021361660858561286,8.317792876495433e-06,normalized94_abs_anchor_delta94_identity1,5ca38ebab9e2d191354ce7db934bf08f2b50c31bad2a7874ac97af410c8ebfc0,790f90bab1667ec2b5a8c9756cc87bce935c151245071f354682a7001be8b4d1
UNION_s2,objective,248,1.0096093237621577,0.9882473914400499,0.7442568080224146,TRAIN_LOG1P_ANCHOR_EXCESS_MARGIN_CE,7d56a3cf42a07f683d323f7cbc28c99a9a6cbc061490716b2aa141f2666c4cd1,0.021361932322107813,5.6311715193146896e-05,normalized94_abs_anchor_delta94_identity1,5ca38ebab9e2d191354ce7db934bf08f2b50c31bad2a7874ac97af410c8ebfc0,a64f18990d888047b1b62b3a4ff31f1cbfa69e027e8a5e7843985f61554c5d5e
UNION_s2,objective,249,1.009609321822334,0.9882475645172858,0.7442672817418441,TRAIN_LOG1P_ANCHOR_EXCESS_MARGIN_CE,7d56a3cf42a07f683d323f7cbc28c99a9a6cbc061490716b2aa141f2666c4cd1,0.021361757305048225,1.9528400519818527e-05,normalized94_abs_anchor_delta94_identity1,5ca38ebab9e2d191354ce7db934bf08f2b50c31bad2a7874ac97af410c8ebfc0,bfe96c0c3c819a41de14e2a4cd35a870967b21f381d5d7904b36fd30ed78e25f
UNION_s2,objective,250,1.0096093205537737,0.9882474830765765,0.7442701196893466,TRAIN_LOG1P_ANCHOR_EXCESS_MARGIN_CE,7d56a3cf42a07f683d323f7cbc28c99a9a6cbc061490716b2aa141f2666c4cd1,0.021361837477197318,1.1257771370532127e-05,normalized94_abs_anchor_delta94_identity1,5ca38ebab9e2d191354ce7db934bf08f2b50c31bad2a7874ac97af410c8ebfc0,bc0d9269cc90191b3f653a022dc07057665292a59b85078f6466484e9dcf41f7
UNION_s2,objective,251,1.0096093196611333,0.9882474066737387,0.7442727169081937,TRAIN_LOG1P_ANCHOR_EXCESS_MARGIN_CE,7d56a3cf42a07f683d323f7cbc28c99a9a6cbc061490716b2aa141f2666c4cd1,0.021361912987394625,7.030754633402263e-06,normalized94_abs_anchor_delta94_identity1,5ca38ebab9e2d191354ce7db934bf08f2b50c31bad2a7874ac97af410c8ebfc0,8785a0f44386de8d105d562912af3ec939c8cb4194507f10fc514f064328dd36
UNION_s2,objective,252,1.0096093188055069,0.9882473240074815,0.7442753628632837,TRAIN_LOG1P_ANCHOR_EXCESS_MARGIN_CE,7d56a3cf42a07f683d323f7cbc28c99a9a6cbc061490716b2aa141f2666c4cd1,0.02136199479802542,7.443153161166698e-06,normalized94_abs_anchor_delta94_identity1,5ca38ebab9e2d191354ce7db934bf08f2b50c31bad2a7874ac97af410c8ebfc0,5e40c3cb008fb5dedecc0954993d7aabccbbbf71496d581e32d1faabdfeb2f5a
UNION_s2,objective,253,1.0096093179366066,0.9882472394713334,0.7442748650881944,TRAIN_LOG1P_ANCHOR_EXCESS_MARGIN_CE,7d56a3cf42a07f683d323f7cbc28c99a9a6cbc061490716b2aa141f2666c4cd1,0.02136207846527326,7.2393126542381685e-06,normalized94_abs_anchor_delta94_identity1,5ca38ebab9e2d191354ce7db934bf08f2b50c31bad2a7874ac97af410c8ebfc0,ec32cb1765b234deceec82f9e5cb0978e4e138d7d95d765dce33d228cfd9e32b
UNION_s2,objective,254,1.009609318234186,0.9882468923098946,0.7442860116605912,TRAIN_LOG1P_ANCHOR_EXCESS_MARGIN_CE,7d56a3cf42a07f683d323f7cbc28c99a9a6cbc061490716b2aa141f2666c4cd1,0.021362425924291505,3.4589474503759646e-05,normalized94_abs_anchor_delta94_identity1,5ca38ebab9e2d191354ce7db934bf08f2b50c31bad2a7874ac97af410c8ebfc0,abc41d20fcf2bc29a02f394cff0295bfe2a97f5ce6880456f5750eaf83d70a4a
UNION_s2,objective,255,1.0096093174289613,0.9882470852035908,0.7442797979952189,TRAIN_LOG1P_ANCHOR_EXCESS_MARGIN_CE,7d56a3cf42a07f683d323f7cbc28c99a9a6cbc061490716b2aa141f2666c4cd1,0.02136223222537038,1.6516782240890944e-05,normalized94_abs_anchor_delta94_identity1,5ca38ebab9e2d191354ce7db934bf08f2b50c31bad2a7874ac97af410c8ebfc0,78541286f8a0da1c0a0756293e106921bb2bc6388f9533f14013018372230bdb
UNION_s2,objective,256,1.0096093165537767,0.988247028722731,0.7442757807743352,TRAIN_LOG1P_ANCHOR_EXCESS_MARGIN_CE,7d56a3cf42a07f683d323f7cbc28c99a9a6cbc061490716b2aa141f2666c4cd1,0.021362287831045833,8.325372213913133e-06,normalized94_abs_anchor_delta94_identity1,5ca38ebab9e2d191354ce7db934bf08f2b50c31bad2a7874ac97af410c8ebfc0,4e6b4c69221d495ba50c7f3feb5472a96ca81ab0a1a9163e54dbbd8c72aba2f3
UNION_s2,objective,257,1.0096093159402786,0.9882469813874228,0.7442727276350861,TRAIN_LOG1P_ANCHOR_EXCESS_MARGIN_CE,7d56a3cf42a07f683d323f7cbc28c99a9a6cbc061490716b2aa141f2666c4cd1,0.02136233455285581,6.224400113052608e-06,normalized94_abs_anchor_delta94_identity1,5ca38ebab9e2d191354ce7db934bf08f2b50c31bad2a7874ac97af410c8ebfc0,e6044b422759e43bf22cec925f6ad951f28121c34d564b2708da64cbfbdbb6b1
UNION_s2,objective,258,1.0096093152835464,0.9882468938527643,0.7442704871096628,TRAIN_LOG1P_ANCHOR_EXCESS_MARGIN_CE,7d56a3cf42a07f683d323f7cbc28c99a9a6cbc061490716b2aa141f2666c4cd1,0.02136242143078207,9.52098173915589e-06,normalized94_abs_anchor_delta94_identity1,5ca38ebab9e2d191354ce7db934bf08f2b50c31bad2a7874ac97af410c8ebfc0,27287ba13e4c5cc0d4412d55813cbb8e0c058be8ca8e6915f884e3589cef7003
UNION_s2,objective,259,1.009609314811969,0.988246739342734,0.7442689756087046,TRAIN_LOG1P_ANCHOR_EXCESS_MARGIN_CE,7d56a3cf42a07f683d323f7cbc28c99a9a6cbc061490716b2aa141f2666c4cd1,0.0213625754692349,1.3375084888816325e-05,normalized94_abs_anchor_delta94_identity1,5ca38ebab9e2d191354ce7db934bf08f2b50c31bad2a7874ac97af410c8ebfc0,71063eeae5be218bc065d64f31938498cb07d21530fa8fdda69022ca733d0cd8
UNION_s2,objective,260,1.0096093142301654,0.9882466778653481,0.7442696930608198,TRAIN_LOG1P_ANCHOR_EXCESS_MARGIN_CE,7d56a3cf42a07f683d323f7cbc28c99a9a6cbc061490716b2aa141f2666c4cd1,0.021362636364817333,6.802172217493175e-06,normalized94_abs_anchor_delta94_identity1,5ca38ebab9e2d191354ce7db934bf08f2b50c31bad2a7874ac97af410c8ebfc0,4c8d93200e9f3c67a81f221d4bb83d532752b6e918c98cfa45d47509189208d5
UNION_s2,objective,261,1.0096093138707616,0.9882466339390332,0.7442717497995882,TRAIN_LOG1P_ANCHOR_EXCESS_MARGIN_CE,7d56a3cf42a07f683d323f7cbc28c99a9a6cbc061490716b2aa141f2666c4cd1,0.021362679931728436,5.48501613260517e-06,normalized94_abs_anchor_delta94_identity1,5ca38ebab9e2d191354ce7db934bf08f2b50c31bad2a7874ac97af410c8ebfc0,7dde55dc8d78000b5aa6c8e28907c65626a345ae942d2aadaa9467a6e32ff698
UNION_s2,objective,262,1.0096093134780049,0.9882464924983819,0.744270296053338,TRAIN_LOG1P_ANCHOR_EXCESS_MARGIN_CE,7d56a3cf42a07f683d323f7cbc28c99a9a6cbc061490716b2aa141f2666c4cd1,0.021362820979623044,1.1035998883801301e-05,normalized94_abs_anchor_delta94_identity1,5ca38ebab9e2d191354ce7db934bf08f2b50c31bad2a7874ac97af410c8ebfc0,b1948af4490c9afd440676cc918d48b7d78cdbbbc8ce21a526bd872b77c80c03
UNION_s2,objective,263,1.009609313056161,0.9882463974830089,0.7442763719560718,TRAIN_LOG1P_ANCHOR_EXCESS_MARGIN_CE,7d56a3cf42a07f683d323f7cbc28c99a9a6cbc061490716b2aa141f2666c4cd1,0.02136291557315201,1.030854126088434e-05,normalized94_abs_anchor_delta94_identity1,5ca38ebab9e2d191354ce7db934bf08f2b50c31bad2a7874ac97af410c8ebfc0,9dba16b56507ef414a2714e94d8749db311bbe6acccf093f7e1117ecea30caf4
UNION_s2,objective,264,1.009609312745128,0.9882463742830981,0.7442748604756715,TRAIN_LOG1P_ANCHOR_EXCESS_MARGIN_CE,7d56a3cf42a07f683d323f7cbc28c99a9a6cbc061490716b2aa141f2666c4cd1,0.021362938462029895,6.536243138778868e-06,normalized94_abs_anchor_delta94_identity1,5ca38ebab9e2d191354ce7db934bf08f2b50c31bad2a7874ac97af410c8ebfc0,8819ff8a4356f9fb64f8116c9e13ac490361290890f18c435f5db6fd55c57f0a
UNION_s2,objective,265,1.0096093123455914,0.9882463044510955,0.7442730843065399,TRAIN_LOG1P_ANCHOR_EXCESS_MARGIN_CE,7d56a3cf42a07f683d323f7cbc28c99a9a6cbc061490716b2aa141f2666c4cd1,0.02136300789449585,4.200863871264356e-06,normalized94_abs_anchor_delta94_identity1,5ca38ebab9e2d191354ce7db934bf08f2b50c31bad2a7874ac97af410c8ebfc0,9c8234c087cbfc40dbf1af413b536bc0869b55743f989dc62426a25a095e6cc9
UNION_s2,objective,266,1.0096093121027474,0.9882462684354876,0.7442720749287431,TRAIN_LOG1P_ANCHOR_EXCESS_MARGIN_CE,7d56a3cf42a07f683d323f7cbc28c99a9a6cbc061490716b2aa141f2666c4cd1,0.02136304366725993,4.9537963992485034e-06,normalized94_abs_anchor_delta94_identity1,5ca38ebab9e2d191354ce7db934bf08f2b50c31bad2a7874ac97af410c8ebfc0,c64e3fc425fa64f203601bf6d5f941833454d09b7a5b1d46061dccd4b0b3650a
UNION_s2,objective,267,1.0096093116477003,0.9882461120616111,0.7442741843356357,TRAIN_LOG1P_ANCHOR_EXCESS_MARGIN_CE,7d56a3cf42a07f683d323f7cbc28c99a9a6cbc061490716b2aa141f2666c4cd1,0.021363199586089187,8.322117495742793e-06,normalized94_abs_anchor_delta94_identity1,5ca38ebab9e2d191354ce7db934bf08f2b50c31bad2a7874ac97af410c8ebfc0,736bb30906728ef27b886f77afa36514e55609a0bf99bc2a9d000f89c8e95444
UNION_s2,objective,268,1.0096093114700824,0.9882460291370861,0.7442678681408549,TRAIN_LOG1P_ANCHOR_EXCESS_MARGIN_CE,7d56a3cf42a07f683d323f7cbc28c99a9a6cbc061490716b2aa141f2666c4cd1,0.02136328233299622,1.5383327152239864e-05,normalized94_abs_anchor_delta94_identity1,5ca38ebab9e2d191354ce7db934bf08f2b50c31bad2a7874ac97af410c8ebfc0,ab33d2995319c0b5630e141e80df61b38559e50a79d93fea63bbd8a2335c99c6
UNION_s2,objective,269,1.0096093111664002,0.9882460488903414,0.7442709819684729,TRAIN_LOG1P_ANCHOR_EXCESS_MARGIN_CE,7d56a3cf42a07f683d323f7cbc28c99a9a6cbc061490716b2aa141f2666c4cd1,0.021363262276058854,5.529826927611039e-06,normalized94_abs_anchor_delta94_identity1,5ca38ebab9e2d191354ce7db934bf08f2b50c31bad2a7874ac97af410c8ebfc0,14035782d867e6098c19fd3d6e4f70a6ccace214726b09b8ef5b98db1680cecf
UNION_s2,objective,270,1.009609310993817,0.9882460301966745,0.7442724946525062,TRAIN_LOG1P_ANCHOR_EXCESS_MARGIN_CE,7d56a3cf42a07f683d323f7cbc28c99a9a6cbc061490716b2aa141f2666c4cd1,0.021363280797142437,4.306985256772045e-06,normalized94_abs_anchor_delta94_identity1,5ca38ebab9e2d191354ce7db934bf08f2b50c31bad2a7874ac97af410c8ebfc0,9cdbc105027c59931aed5479a1ab49686bd5e101ede485b2ce9d2aecc3b07aa1
UNION_s2,objective,271,1.009609310783683,0.9882459720957839,0.7442734161100479,TRAIN_LOG1P_ANCHOR_EXCESS_MARGIN_CE,7d56a3cf42a07f683d323f7cbc28c99a9a6cbc061490716b2aa141f2666c4cd1,0.021363338687899112,7.500852412243815e-06,normalized94_abs_anchor_delta94_identity1,5ca38ebab9e2d191354ce7db934bf08f2b50c31bad2a7874ac97af410c8ebfc0,df3857af9d965e0c4bfd269b755fde3f0bdd08911db045c600e2dd6a647d7596
UNION_s2,objective,272,1.0096093104377624,0.9882458510645241,0.7442742188793129,TRAIN_LOG1P_ANCHOR_EXCESS_MARGIN_CE,7d56a3cf42a07f683d323f7cbc28c99a9a6cbc061490716b2aa141f2666c4cd1,0.021363459373238188,8.721633045876914e-06,normalized94_abs_anchor_delta94_identity1,5ca38ebab9e2d191354ce7db934bf08f2b50c31bad2a7874ac97af410c8ebfc0,324bcfa4d142684fa984f0ff83918052fc3b2df3f29e228666e9ee624b1ac3a1
UNION_s2,objective,273,1.0096093113290094,0.9882456062048879,0.74427262168793,TRAIN_LOG1P_ANCHOR_EXCESS_MARGIN_CE,7d56a3cf42a07f683d323f7cbc28c99a9a6cbc061490716b2aa141f2666c4cd1,0.02136370512412158,3.4093558290354526e-05,normalized94_abs_anchor_delta94_identity1,5ca38ebab9e2d191354ce7db934bf08f2b50c31bad2a7874ac97af410c8ebfc0,cf06bdd4eacab47003ae94e922d5ea7c891c27ef7223045246d91d1080d5d73a
UNION_s2,objective,274,1.009609310263206,0.9882457801018515,0.7442737584809423,TRAIN_LOG1P_ANCHOR_EXCESS_MARGIN_CE,7d56a3cf42a07f683d323f7cbc28c99a9a6cbc061490716b2aa141f2666c4cd1,0.021363530161354498,1.4882064138333497e-05,normalized94_abs_anchor_delta94_identity1,5ca38ebab9e2d191354ce7db934bf08f2b50c31bad2a7874ac97af410c8ebfc0,97d40054c37c7e7af15a60380a331ebac02ed5b2315bcc334e025f78168992aa
UNION_s2,objective,275,1.0096093098956165,0.9882456339807775,0.7442708382091595,TRAIN_LOG1P_ANCHOR_EXCESS_MARGIN_CE,7d56a3cf42a07f683d323f7cbc28c99a9a6cbc061490716b2aa141f2666c4cd1,0.02136367591483903,5.475579686451592e-06,normalized94_abs_anchor_delta94_identity1,5ca38ebab9e2d191354ce7db934bf08f2b50c31bad2a7874ac97af410c8ebfc0,8521a4a82d093d2b754f97ece998440cfdb0c0b704ad4d8007e325cbb4b55e6f
UNION_s2,objective,276,1.0096093097123808,0.9882455989853804,0.7442712135475583,TRAIN_LOG1P_ANCHOR_EXCESS_MARGIN_CE,7d56a3cf42a07f683d323f7cbc28c99a9a6cbc061490716b2aa141f2666c4cd1,0.021363710727000322,4.139073150504814e-06,normalized94_abs_anchor_delta94_identity1,5ca38ebab9e2d191354ce7db934bf08f2b50c31bad2a7874ac97af410c8ebfc0,b3fa5eb3f0140aea3e130695ebca19cb35edb3eefad1c0ee9ff4db1184c276c4
UNION_s2,objective,277,1.0096093094530423,0.9882455433687005,0.7442699266726117,TRAIN_LOG1P_ANCHOR_EXCESS_MARGIN_CE,7d56a3cf42a07f683d323f7cbc28c99a9a6cbc061490716b2aa141f2666c4cd1,0.021363766084341828,5.7077497446051055e-06,normalized94_abs_anchor_delta94_identity1,5ca38ebab9e2d191354ce7db934bf08f2b50c31bad2a7874ac97af410c8ebfc0,48badfb28750acd8f767bd0bb7ab4c8ea187bf0099be75e61a5b67925c1c2555
UNION_s2,objective,278,1.0096093091807985,0.9882454244581989,0.744272034255442,TRAIN_LOG1P_ANCHOR_EXCESS_MARGIN_CE,7d56a3cf42a07f683d323f7cbc28c99a9a6cbc061490716b2aa141f2666c4cd1,0.021363884722599615,5.76452327612896e-06,normalized94_abs_anchor_delta94_identity1,5ca38ebab9e2d191354ce7db934bf08f2b50c31bad2a7874ac97af410c8ebfc0,605025b56d7ebc1f7dd40baaf676975c31f6edd2587ec10ac624950cfb8c5320
UNION_s2,objective,279,1.009609308879398,0.9882453684579439,0.7442711712019362,TRAIN_LOG1P_ANCHOR_EXCESS_MARGIN_CE,7d56a3cf42a07f683d323f7cbc28c99a9a6cbc061490716b2aa141f2666c4cd1,0.021363940421454206,4.3668968244519175e-06,normalized94_abs_anchor_delta94_identity1,5ca38ebab9e2d191354ce7db934bf08f2b50c31bad2a7874ac97af410c8ebfc0,b511e77a944ed88ea5c4d7d771b1c7f65053584b7d8814adc77b7403eed8798e
UNION_s2,objective,280,1.0096093085115871,0.9882451804589928,0.7442739127534167,TRAIN_LOG1P_ANCHOR_EXCESS_MARGIN_CE,7d56a3cf42a07f683d323f7cbc28c99a9a6cbc061490716b2aa141f2666c4cd1,0.021364128052594338,1.0776763415741847e-05,normalized94_abs_anchor_delta94_identity1,5ca38ebab9e2d191354ce7db934bf08f2b50c31bad2a7874ac97af410c8ebfc0,83ac98ee59ded89e78ad6a233ceaef7192ec58203141c24fe00bdc597c0c87fe
UNION_s2,objective,281,1.0096093082613526,0.9882451491554514,0.7442706889615828,TRAIN_LOG1P_ANCHOR_EXCESS_MARGIN_CE,7d56a3cf42a07f683d323f7cbc28c99a9a6cbc061490716b2aa141f2666c4cd1,0.02136415910590131,3.965141391929495e-06,normalized94_abs_anchor_delta94_identity1,5ca38ebab9e2d191354ce7db934bf08f2b50c31bad2a7874ac97af410c8ebfc0,965de416a18a867db85413ad133596ba05616a1a497a6a6e18b31d110e52d6d3
UNION_s2,objective,282,1.0096093081502062,0.988245124167286,0.74426994775309,TRAIN_LOG1P_ANCHOR_EXCESS_MARGIN_CE,7d56a3cf42a07f683d323f7cbc28c99a9a6cbc061490716b2aa141f2666c4cd1,0.021364183982920074,3.480822195742365e-06,normalized94_abs_anchor_delta94_identity1,5ca38ebab9e2d191354ce7db934bf08f2b50c31bad2a7874ac97af410c8ebfc0,ea4363511e943cfe0fba51eebe1644aae75f2a583d575bbf4afe00b073c59ac1
UNION_s2,objective,283,1.0096093079856991,0.9882450779376918,0.7442695003735904,TRAIN_LOG1P_ANCHOR_EXCESS_MARGIN_CE,7d56a3cf42a07f683d323f7cbc28c99a9a6cbc061490716b2aa141f2666c4cd1,0.02136423004800745,3.845542576600278e-06,normalized94_abs_anchor_delta94_identity1,5ca38ebab9e2d191354ce7db934bf08f2b50c31bad2a7874ac97af410c8ebfc0,147871d153df18a50a838a1a8189dd853ff431ced7b6647b42cf9aeeaa75350d
UNION_s2,objective,284,1.0096093076946686,0.9882449956140834,0.7442691097001991,TRAIN_LOG1P_ANCHOR_EXCESS_MARGIN_CE,7d56a3cf42a07f683d323f7cbc28c99a9a6cbc061490716b2aa141f2666c4cd1,0.02136431208058509,3.7353977513498808e-06,normalized94_abs_anchor_delta94_identity1,5ca38ebab9e2d191354ce7db934bf08f2b50c31bad2a7874ac97af410c8ebfc0,303c529e8243f7ac992f6900ed0487300eed6385c21b47c38692e81afdb62fff
UNION_s2,objective,285,1.0096093074794674,0.9882448655403056,0.7442698116599676,TRAIN_LOG1P_ANCHOR_EXCESS_MARGIN_CE,7d56a3cf42a07f683d323f7cbc28c99a9a6cbc061490716b2aa141f2666c4cd1,0.02136444193916178,1.0751999643733971e-05,normalized94_abs_anchor_delta94_identity1,5ca38ebab9e2d191354ce7db934bf08f2b50c31bad2a7874ac97af410c8ebfc0,165b0c23e640a96fb22fe5dd2e6836f3ec9bb2d322be8faa41264bb90b587c56
UNION_s2,objective,286,1.0096093075433545,0.9882449285127981,0.7442725207789165,TRAIN_LOG1P_ANCHOR_EXCESS_MARGIN_CE,7d56a3cf42a07f683d323f7cbc28c99a9a6cbc061490716b2aa141f2666c4cd1,0.021364379030556394,1.4075269060866938e-05,normalized94_abs_anchor_delta94_identity1,5ca38ebab9e2d191354ce7db934bf08f2b50c31bad2a7874ac97af410c8ebfc0,6c6c30664f89e76ea49962114f91353df13782605abe05a1be6043daa87de510
UNION_s2,objective,287,1.009609307367096,0.9882448933586186,0.7442710143442232,TRAIN_LOG1P_ANCHOR_EXCESS_MARGIN_CE,7d56a3cf42a07f683d323f7cbc28c99a9a6cbc061490716b2aa141f2666c4cd1,0.021364414008477422,4.11714648770773e-06,normalized94_abs_anchor_delta94_identity1,5ca38ebab9e2d191354ce7db934bf08f2b50c31bad2a7874ac97af410c8ebfc0,514873ddcd88baf9448612e6297ec50d3543fa869b333227573528d5f8e24370
UNION_s2,objective,288,1.009609307283423,0.9882449109713306,0.7442709220612399,TRAIN_LOG1P_ANCHOR_EXCESS_MARGIN_CE,7d56a3cf42a07f683d323f7cbc28c99a9a6cbc061490716b2aa141f2666c4cd1,0.02136439631209237,2.9681437821155736e-06,normalized94_abs_anchor_delta94_identity1,5ca38ebab9e2d191354ce7db934bf08f2b50c31bad2a7874ac97af410c8ebfc0,476eca3c87d2f3e8afae9c494ddb6e978c62e9a2995bef970e227a32dc981327
UNION_s2,objective,289,1.0096093071697536,0.9882448487006813,0.7442699848722059,TRAIN_LOG1P_ANCHOR_EXCESS_MARGIN_CE,7d56a3cf42a07f683d323f7cbc28c99a9a6cbc061490716b2aa141f2666c4cd1,0.021364458469072336,1.915748843454117e-06,normalized94_abs_anchor_delta94_identity1,5ca38ebab9e2d191354ce7db934bf08f2b50c31bad2a7874ac97af410c8ebfc0,86f4de01b830e9508c69ea7d3d49b9e8bb4cb97a8b0cede4cb48dc0a922d534e
UNION_s2,objective,290,1.0096093070689336,0.9882447721702271,0.744270450564046,TRAIN_LOG1P_ANCHOR_EXCESS_MARGIN_CE,7d56a3cf42a07f683d323f7cbc28c99a9a6cbc061490716b2aa141f2666c4cd1,0.021364534898706454,2.476485059202263e-06,normalized94_abs_anchor_delta94_identity1,5ca38ebab9e2d191354ce7db934bf08f2b50c31bad2a7874ac97af410c8ebfc0,2b1d50575f2221c79ce378eee220929a66173f32c0bb30b7c7224fb2bcda28f7
UNION_s2,objective,291,1.009609307062472,0.9882445665994616,0.7442672425225455,TRAIN_LOG1P_ANCHOR_EXCESS_MARGIN_CE,7d56a3cf42a07f683d323f7cbc28c99a9a6cbc061490716b2aa141f2666c4cd1,0.02136474046301043,9.008143388335536e-06,normalized94_abs_anchor_delta94_identity1,5ca38ebab9e2d191354ce7db934bf08f2b50c31bad2a7874ac97af410c8ebfc0,c45550c63eaf5f887600b02bb38a52399051f2fb4b646c521432f16a2c684c63
UNION_s2,objective,292,1.0096093069923326,0.9882446670549642,0.7442688111854786,TRAIN_LOG1P_ANCHOR_EXCESS_MARGIN_CE,7d56a3cf42a07f683d323f7cbc28c99a9a6cbc061490716b2aa141f2666c4cd1,0.02136463993736853,4.230280396446936e-06,normalized94_abs_anchor_delta94_identity1,5ca38ebab9e2d191354ce7db934bf08f2b50c31bad2a7874ac97af410c8ebfc0,89d93c21397462664c8b72fe98c509463aae5a57449ca6b4e337e5fd2d3d1588
UNION_s2,objective,293,1.0096093069188248,0.9882446024634343,0.7442699680741827,TRAIN_LOG1P_ANCHOR_EXCESS_MARGIN_CE,7d56a3cf42a07f683d323f7cbc28c99a9a6cbc061490716b2aa141f2666c4cd1,0.021364704455390557,1.986348407419622e-06,normalized94_abs_anchor_delta94_identity1,5ca38ebab9e2d191354ce7db934bf08f2b50c31bad2a7874ac97af410c8ebfc0,c788dd9fa1fd278044d83feaa81164d0b6476bcc60380056af3382c55d5aa691
UNION_s2,objective,294,1.0096093068755447,0.9882445688852827,0.7442699104825196,TRAIN_LOG1P_ANCHOR_EXCESS_MARGIN_CE,7d56a3cf42a07f683d323f7cbc28c99a9a6cbc061490716b2aa141f2666c4cd1,0.02136473799026204,1.8387596299818711e-06,normalized94_abs_anchor_delta94_identity1,5ca38ebab9e2d191354ce7db934bf08f2b50c31bad2a7874ac97af410c8ebfc0,4f795092e51e741111038b47477a02e877b40ecbb562566ed7e20931a90a4072
UNION_s2,objective,295,1.0096093068660517,0.9882444808461446,0.7442721105555417,TRAIN_LOG1P_ANCHOR_EXCESS_MARGIN_CE,7d56a3cf42a07f683d323f7cbc28c99a9a6cbc061490716b2aa141f2666c4cd1,0.021364826019907183,5.41204379381324e-06,normalized94_abs_anchor_delta94_identity1,5ca38ebab9e2d191354ce7db934bf08f2b50c31bad2a7874ac97af410c8ebfc0,5b3678cd19f6848235f84405b8f32d8933403d2abe80260ab4c5997c3dab1fa0
UNION_s2,objective,296,1.0096093068224208,0.9882445257480591,0.7442707072000669,TRAIN_LOG1P_ANCHOR_EXCESS_MARGIN_CE,7d56a3cf42a07f683d323f7cbc28c99a9a6cbc061490716b2aa141f2666c4cd1,0.021364781074361627,2.267356380018588e-06,normalized94_abs_anchor_delta94_identity1,5ca38ebab9e2d191354ce7db934bf08f2b50c31bad2a7874ac97af410c8ebfc0,d2da0f6af7f14abb148102bf61169c4fd68c3f3d4ee5565e2925e24dd23f9c24
UNION_s2,objective,297,1.0096093067915406,0.988244551506265,0.7442697921517776,TRAIN_LOG1P_ANCHOR_EXCESS_MARGIN_CE,7d56a3cf42a07f683d323f7cbc28c99a9a6cbc061490716b2aa141f2666c4cd1,0.021364755285275563,1.5285681242495995e-06,normalized94_abs_anchor_delta94_identity1,5ca38ebab9e2d191354ce7db934bf08f2b50c31bad2a7874ac97af410c8ebfc0,fffad4c4e57370c97eaafe281bf6fad71783825163aae890121638f5f5b5afb0
UNION_s2,objective,298,1.009609306755333,0.9882445595353608,0.7442691777017233,TRAIN_LOG1P_ANCHOR_EXCESS_MARGIN_CE,7d56a3cf42a07f683d323f7cbc28c99a9a6cbc061490716b2aa141f2666c4cd1,0.021364747219971954,2.12591615478001e-06,normalized94_abs_anchor_delta94_identity1,5ca38ebab9e2d191354ce7db934bf08f2b50c31bad2a7874ac97af410c8ebfc0,7e764413de66856697f04b4b33703fa45ffc05d90f30c44af93f5c922b212951
UNION_s2,objective,299,1.0096093067138159,0.988244531780731,0.7442689090162495,TRAIN_LOG1P_ANCHOR_EXCESS_MARGIN_CE,7d56a3cf42a07f683d323f7cbc28c99a9a6cbc061490716b2aa141f2666c4cd1,0.02136477493308478,4.005490609274376e-06,normalized94_abs_anchor_delta94_identity1,5ca38ebab9e2d191354ce7db934bf08f2b50c31bad2a7874ac97af410c8ebfc0,b4eea913904cfde650eef22f4310cb4a03026b5f0973024ffe6bf805b3de02cd
UNION_s2,objective,300,1.009609306675091,0.9882444827680865,0.744269805724637,TRAIN_LOG1P_ANCHOR_EXCESS_MARGIN_CE,7d56a3cf42a07f683d323f7cbc28c99a9a6cbc061490716b2aa141f2666c4cd1,0.0213648239070045,2.4495451019476364e-06,normalized94_abs_anchor_delta94_identity1,5ca38ebab9e2d191354ce7db934bf08f2b50c31bad2a7874ac97af410c8ebfc0,0043ba926650a7c328a1b0d377626d72baf88b46f8dabd06a4d01d2a992b000b
UNION_s2,objective,301,1.0096093066441616,0.9882444436074529,0.7442702117934923,TRAIN_LOG1P_ANCHOR_EXCESS_MARGIN_CE,7d56a3cf42a07f683d323f7cbc28c99a9a6cbc061490716b2aa141f2666c4cd1,0.021364863036708596,1.597746315834018e-06,normalized94_abs_anchor_delta94_identity1,5ca38ebab9e2d191354ce7db934bf08f2b50c31bad2a7874ac97af410c8ebfc0,3c0e543b35bfaf40e039f756eb7c9734d1f5ab9a61f2b27aa76949a25462e4b9
UNION_s2,objective,302,1.0096093066173453,0.988244397775361,0.7442707069529038,TRAIN_LOG1P_ANCHOR_EXCESS_MARGIN_CE,7d56a3cf42a07f683d323f7cbc28c99a9a6cbc061490716b2aa141f2666c4cd1,0.02136490884198427,1.753117158545742e-06,normalized94_abs_anchor_delta94_identity1,5ca38ebab9e2d191354ce7db934bf08f2b50c31bad2a7874ac97af410c8ebfc0,18be8213b25a1b4b7c3b8ac4f8260a3a3985bebf1ec95052afaadb08d7efc92b
UNION_s2,objective,303,1.0096093065722054,0.9882442998999122,0.744270745681575,TRAIN_LOG1P_ANCHOR_EXCESS_MARGIN_CE,7d56a3cf42a07f683d323f7cbc28c99a9a6cbc061490716b2aa141f2666c4cd1,0.02136500667229309,1.673957011680074e-06,normalized94_abs_anchor_delta94_identity1,5ca38ebab9e2d191354ce7db934bf08f2b50c31bad2a7874ac97af410c8ebfc0,d39f365fc62170b53124a028a4bd6e6d93a0e6f10a4602ac1822dd0b4d26c059
UNION_s2,objective,304,1.0096093067522198,0.9882442716909087,0.7442731134081636,TRAIN_LOG1P_ANCHOR_EXCESS_MARGIN_CE,7d56a3cf42a07f683d323f7cbc28c99a9a6cbc061490716b2aa141f2666c4cd1,0.021365035061311075,1.0111272080337801e-05,normalized94_abs_anchor_delta94_identity1,5ca38ebab9e2d191354ce7db934bf08f2b50c31bad2a7874ac97af410c8ebfc0,0052e64bce658c4ffe1c3bfec40cc9c0e932a4b777249c3852f2e49b961dc8ef
UNION_s2,objective,305,1.0096093065540592,0.9882442932878015,0.7442712956969496,TRAIN_LOG1P_ANCHOR_EXCESS_MARGIN_CE,7d56a3cf42a07f683d323f7cbc28c99a9a6cbc061490716b2aa141f2666c4cd1,0.021365013266257653,3.0019136750526467e-06,normalized94_abs_anchor_delta94_identity1,5ca38ebab9e2d191354ce7db934bf08f2b50c31bad2a7874ac97af410c8ebfc0,e0cc9cbb53788202f3e072ee01137ba73da8e1ec83300918aa9028a2c2826ba3
UNION_s2,objective,306,1.0096093065010365,0.988244160471725,0.7442704882346518,TRAIN_LOG1P_ANCHOR_EXCESS_MARGIN_CE,7d56a3cf42a07f683d323f7cbc28c99a9a6cbc061490716b2aa141f2666c4cd1,0.021365146029311433,1.8238205407953152e-06,normalized94_abs_anchor_delta94_identity1,5ca38ebab9e2d191354ce7db934bf08f2b50c31bad2a7874ac97af410c8ebfc0,b3d8bdf32ac265ddbf4ace005ba8848d5942bc093c3c86dff9f30769014fcfe6
UNION_s2,objective,307,1.009609306457892,0.9882440710202961,0.7442696346953713,TRAIN_LOG1P_ANCHOR_EXCESS_MARGIN_CE,7d56a3cf42a07f683d323f7cbc28c99a9a6cbc061490716b2aa141f2666c4cd1,0.021365235437595876,1.1961415882481865e-06,normalized94_abs_anchor_delta94_identity1,5ca38ebab9e2d191354ce7db934bf08f2b50c31bad2a7874ac97af410c8ebfc0,7f53537b04f5160b1775c690c399dc56e09f4d9c2eb5a8a1cd77da06c15cce04
UNION_s2,objective,308,1.0096093064170781,0.9882439599082382,0.7442691049866468,TRAIN_LOG1P_ANCHOR_EXCESS_MARGIN_CE,7d56a3cf42a07f683d323f7cbc28c99a9a6cbc061490716b2aa141f2666c4cd1,0.02136534650883987,1.1342977092930954e-06,normalized94_abs_anchor_delta94_identity1,5ca38ebab9e2d191354ce7db934bf08f2b50c31bad2a7874ac97af410c8ebfc0,e11d66bac582a3704eeb9f2771db4c3401d2f177edf1a41ebc492714015fabf5
UNION_s2,objective,309,1.0096093064882854,0.9882438945695098,0.7442655306140099,TRAIN_LOG1P_ANCHOR_EXCESS_MARGIN_CE,7d56a3cf42a07f683d323f7cbc28c99a9a6cbc061490716b2aa141f2666c4cd1,0.02136541191877564,1.0712244421141863e-05,normalized94_abs_anchor_delta94_identity1,5ca38ebab9e2d191354ce7db934bf08f2b50c31bad2a7874ac97af410c8ebfc0,5b638304eeaf8f3a4c92c406ff0dd63044dbb1d5ceaea6f2a6fda9335c01c9f3
UNION_s2,objective,310,1.0096093064083353,0.9882439436449948,0.7442682167142946,TRAIN_LOG1P_ANCHOR_EXCESS_MARGIN_CE,7d56a3cf42a07f683d323f7cbc28c99a9a6cbc061490716b2aa141f2666c4cd1,0.021365362763340546,2.931958995489422e-06,normalized94_abs_anchor_delta94_identity1,5ca38ebab9e2d191354ce7db934bf08f2b50c31bad2a7874ac97af410c8ebfc0,0dd391f4e0bf5472ac568b0ffa4467c22577ece8acd81ee8afb194163a22f844
UNION_s2,objective,311,1.00960930639017,0.9882438966668875,0.7442684938242206,TRAIN_LOG1P_ANCHOR_EXCESS_MARGIN_CE,7d56a3cf42a07f683d323f7cbc28c99a9a6cbc061490716b2aa141f2666c4cd1,0.021365409723282505,1.846846286751975e-06,normalized94_abs_anchor_delta94_identity1,5ca38ebab9e2d191354ce7db934bf08f2b50c31bad2a7874ac97af410c8ebfc0,17c0508c09ba07f65294234c515c6fe1d048ab2ebee46a4a6e9734731fc73233
UNION_s2,objective,312,1.0096093063701608,0.9882438337438332,0.7442689913528674,TRAIN_LOG1P_ANCHOR_EXCESS_MARGIN_CE,7d56a3cf42a07f683d323f7cbc28c99a9a6cbc061490716b2aa141f2666c4cd1,0.021365472626327636,1.1363101146322231e-06,normalized94_abs_anchor_delta94_identity1,5ca38ebab9e2d191354ce7db934bf08f2b50c31bad2a7874ac97af410c8ebfc0,cb1992572caf16c16debb215370f400f4db05cc23a7e031a3aebf7cdbe59710e
UNION_s2,objective,313,1.0096093063529328,0.9882437611753812,0.7442693204069317,TRAIN_LOG1P_ANCHOR_EXCESS_MARGIN_CE,7d56a3cf42a07f683d323f7cbc28c99a9a6cbc061490716b2aa141f2666c4cd1,0.02136554517755153,1.145785057841765e-06,normalized94_abs_anchor_delta94_identity1,5ca38ebab9e2d191354ce7db934bf08f2b50c31bad2a7874ac97af410c8ebfc0,0ee8fb0e5dc799b6ecc60d507828afd8055fde38e6e040ec9526fdd2379c8ad1
UNION_s2,objective,314,1.009609306343142,0.9882436096045403,0.7442700811988366,TRAIN_LOG1P_ANCHOR_EXCESS_MARGIN_CE,7d56a3cf42a07f683d323f7cbc28c99a9a6cbc061490716b2aa141f2666c4cd1,0.02136569673860175,5.009987012880214e-06,normalized94_abs_anchor_delta94_identity1,5ca38ebab9e2d191354ce7db934bf08f2b50c31bad2a7874ac97af410c8ebfc0,d411205843e97b00579c6729e1683a72b7b8c2dd5a3256e16ff7bfdaffff3092
UNION_s2,objective,315,1.009609306314315,0.9882435592040241,0.7442697169366673,TRAIN_LOG1P_ANCHOR_EXCESS_MARGIN_CE,7d56a3cf42a07f683d323f7cbc28c99a9a6cbc061490716b2aa141f2666c4cd1,0.021365747110291013,2.04060415546319e-06,normalized94_abs_anchor_delta94_identity1,5ca38ebab9e2d191354ce7db934bf08f2b50c31bad2a7874ac97af410c8ebfc0,9c382bdb66a4a7b4033f8a3401d48be73d8cbf8b8890a68bb159f6fe08c60d1e
UNION_s2,objective,316,1.0096093062957658,0.9882435019560586,0.744269273780036,TRAIN_LOG1P_ANCHOR_EXCESS_MARGIN_CE,7d56a3cf42a07f683d323f7cbc28c99a9a6cbc061490716b2aa141f2666c4cd1,0.021365804339707327,1.2452774838420123e-06,normalized94_abs_anchor_delta94_identity1,5ca38ebab9e2d191354ce7db934bf08f2b50c31bad2a7874ac97af410c8ebfc0,da0d018dfa26eab37fc34c3d4559cc7f33e1794127302115c6f2a9badafd6a7e
UNION_s2,objective,317,1.009609306277763,0.9882434194738535,0.7442687518524446,TRAIN_LOG1P_ANCHOR_EXCESS_MARGIN_CE,7d56a3cf42a07f683d323f7cbc28c99a9a6cbc061490716b2aa141f2666c4cd1,0.02136588680390928,1.9601290233280483e-06,normalized94_abs_anchor_delta94_identity1,5ca38ebab9e2d191354ce7db934bf08f2b50c31bad2a7874ac97af410c8ebfc0,34f39abda6a59e5075910657bf1757480c17b477dfa20730ee832d3d9aca22ad
UNION_s2,objective,318,1.009609306263732,0.9882433436174561,0.7442684378878897,TRAIN_LOG1P_ANCHOR_EXCESS_MARGIN_CE,7d56a3cf42a07f683d323f7cbc28c99a9a6cbc061490716b2aa141f2666c4cd1,0.02136596264627573,2.0080259976730857e-06,normalized94_abs_anchor_delta94_identity1,5ca38ebab9e2d191354ce7db934bf08f2b50c31bad2a7874ac97af410c8ebfc0,d89c8a9c6eeba34d316921630d6ebd92d9b30b5aecfaf611c722156c2fb514d3
UNION_s2,objective,319,1.0096093062438332,0.9882432852052792,0.7442685831768941,TRAIN_LOG1P_ANCHOR_EXCESS_MARGIN_CE,7d56a3cf42a07f683d323f7cbc28c99a9a6cbc061490716b2aa141f2666c4cd1,0.02136602103855396,1.5103564713645297e-06,normalized94_abs_anchor_delta94_identity1,5ca38ebab9e2d191354ce7db934bf08f2b50c31bad2a7874ac97af410c8ebfc0,764ad6423688e037e34ac64a5e2843e7ea8c76e48d638ebd0a7fc044196deeeb
UNION_s2,objective,320,1.0096093062504357,0.9882429944929544,0.7442683993789999,TRAIN_LOG1P_ANCHOR_EXCESS_MARGIN_CE,7d56a3cf42a07f683d323f7cbc28c99a9a6cbc061490716b2aa141f2666c4cd1,0.021366311757481327,3.296901786641813e-06,normalized94_abs_anchor_delta94_identity1,5ca38ebab9e2d191354ce7db934bf08f2b50c31bad2a7874ac97af410c8ebfc0,17a54a3fed8a12efc256ac5c82c9301c8d935d45d371eddab9e2f4bb6bb4337b
UNION_s2,objective,321,1.0096093062281792,0.9882431525869735,0.7442684993345765,TRAIN_LOG1P_ANCHOR_EXCESS_MARGIN_CE,7d56a3cf42a07f683d323f7cbc28c99a9a6cbc061490716b2aa141f2666c4cd1,0.021366153641205764,1.6946445235475264e-06,normalized94_abs_anchor_delta94_identity1,5ca38ebab9e2d191354ce7db934bf08f2b50c31bad2a7874ac97af410c8ebfc0,4f22edb868df3b52404e114c4f65d777c56c13581984d4d0b9f41eba348b8b5d
UNION_s2,objective,322,1.0096093062128395,0.9882431287123817,0.7442696019270114,TRAIN_LOG1P_ANCHOR_EXCESS_MARGIN_CE,7d56a3cf42a07f683d323f7cbc28c99a9a6cbc061490716b2aa141f2666c4cd1,0.02136617750045788,2.4488483393431727e-06,normalized94_abs_anchor_delta94_identity1,5ca38ebab9e2d191354ce7db934bf08f2b50c31bad2a7874ac97af410c8ebfc0,133dae403611771f96bf9f6ebd41f9f48a8bcd533696d241d265eccb996e53f8
UNION_s2,objective,323,1.0096093061996412,0.9882431122533686,0.7442696559021892,TRAIN_LOG1P_ANCHOR_EXCESS_MARGIN_CE,7d56a3cf42a07f683d323f7cbc28c99a9a6cbc061490716b2aa141f2666c4cd1,0.021366193946272514,2.153218578452653e-06,normalized94_abs_anchor_delta94_identity1,5ca38ebab9e2d191354ce7db934bf08f2b50c31bad2a7874ac97af410c8ebfc0,a925a3d42835bf2580cdce11fea375570756e34385b1d4411c8bd4a4fecbaa95
UNION_s2,objective,324,1.0096093061826126,0.9882431103908323,0.7442696956636446,TRAIN_LOG1P_ANCHOR_EXCESS_MARGIN_CE,7d56a3cf42a07f683d323f7cbc28c99a9a6cbc061490716b2aa141f2666c4cd1,0.021366195791780295,1.8538265634430421e-06,normalized94_abs_anchor_delta94_identity1,5ca38ebab9e2d191354ce7db934bf08f2b50c31bad2a7874ac97af410c8ebfc0,864a9106402730ec72036b402c8e7c3e824a826603ec5b3392dd265d201beec3
UNION_s2,objective,325,1.0096093061739668,0.9882430544066713,0.7442684375753393,TRAIN_LOG1P_ANCHOR_EXCESS_MARGIN_CE,7d56a3cf42a07f683d323f7cbc28c99a9a6cbc061490716b2aa141f2666c4cd1,0.021366251767295653,1.5089784686902002e-06,normalized94_abs_anchor_delta94_identity1,5ca38ebab9e2d191354ce7db934bf08f2b50c31bad2a7874ac97af410c8ebfc0,f9da40c91b90f41a72183dbac20bc711edcc5f73d19554eb0cf37aadfab766e9
UNION_s2,objective,326,1.0096093061634996,0.9882430342681868,0.7442687398929184,TRAIN_LOG1P_ANCHOR_EXCESS_MARGIN_CE,7d56a3cf42a07f683d323f7cbc28c99a9a6cbc061490716b2aa141f2666c4cd1,0.02136627189531282,7.613461418825849e-07,normalized94_abs_anchor_delta94_identity1,5ca38ebab9e2d191354ce7db934bf08f2b50c31bad2a7874ac97af410c8ebfc0,4131e5d28ac9e09b5fc0693274894922670ca3dd204a3e5f6af3ac695067aad8
UNION_s2,objective,327,1.0096093061535412,0.9882430018495687,0.7442688424875569,TRAIN_LOG1P_ANCHOR_EXCESS_MARGIN_CE,7d56a3cf42a07f683d323f7cbc28c99a9a6cbc061490716b2aa141f2666c4cd1,0.02136630430397237,6.926024521451556e-07,normalized94_abs_anchor_delta94_identity1,5ca38ebab9e2d191354ce7db934bf08f2b50c31bad2a7874ac97af410c8ebfc0,cc31ec4c1efc5c30ef1d72a23e67787177fbd701f534fcc889675c2c4af09042
UNION_s2,objective,328,1.0096093061545999,0.9882429844291142,0.7442697493869868,TRAIN_LOG1P_ANCHOR_EXCESS_MARGIN_CE,7d56a3cf42a07f683d323f7cbc28c99a9a6cbc061490716b2aa141f2666c4cd1,0.021366321725485676,3.503015052579407e-06,normalized94_abs_anchor_delta94_identity1,5ca38ebab9e2d191354ce7db934bf08f2b50c31bad2a7874ac97af410c8ebfc0,c07fc8b6b6ba837938e45ab7fa0a5bcd06eb7542b7985e09c6014ebb4b5804d3
UNION_s2,objective,329,1.0096093061488343,0.9882429935756034,0.7442692729559094,TRAIN_LOG1P_ANCHOR_EXCESS_MARGIN_CE,7d56a3cf42a07f683d323f7cbc28c99a9a6cbc061490716b2aa141f2666c4cd1,0.021366312573230756,1.5752513935112917e-06,normalized94_abs_anchor_delta94_identity1,5ca38ebab9e2d191354ce7db934bf08f2b50c31bad2a7874ac97af410c8ebfc0,f9b04deec80778fb04b6fd733adbe4939223b26caa8c15b77b29e1a39b2e9542
UNION_s2,objective,330,1.0096093061419849,0.9882429626804429,0.744269162310361,TRAIN_LOG1P_ANCHOR_EXCESS_MARGIN_CE,7d56a3cf42a07f683d323f7cbc28c99a9a6cbc061490716b2aa141f2666c4cd1,0.021366343461542,9.018067145625559e-07,normalized94_abs_anchor_delta94_identity1,5ca38ebab9e2d191354ce7db934bf08f2b50c31bad2a7874ac97af410c8ebfc0,c47f71a2fd6412fac158a4047bb9cac73a00d3fecd210c285606739c4f860080
UNION_s2,objective,331,1.009609306136276,0.9882429497590675,0.7442691100969439,TRAIN_LOG1P_ANCHOR_EXCESS_MARGIN_CE,7d56a3cf42a07f683d323f7cbc28c99a9a6cbc061490716b2aa141f2666c4cd1,0.02136635637720853,5.920465745198537e-07,normalized94_abs_anchor_delta94_identity1,5ca38ebab9e2d191354ce7db934bf08f2b50c31bad2a7874ac97af410c8ebfc0,82d779cc76bb7cad6698d1e50c8c91fef04031a83b128b188f94585076b3fd4f
UNION_s2,objective,332,1.0096093061297478,0.9882429448551876,0.7442690813247792,TRAIN_LOG1P_ANCHOR_EXCESS_MARGIN_CE,7d56a3cf42a07f683d323f7cbc28c99a9a6cbc061490716b2aa141f2666c4cd1,0.02136636127456016,7.102304653487552e-07,normalized94_abs_anchor_delta94_identity1,5ca38ebab9e2d191354ce7db934bf08f2b50c31bad2a7874ac97af410c8ebfc0,061be55b8ecc5277089a51ae184fa54b54305d5539dcacf57d537deb73150d56
UNION_s2,objective,333,1.0096093061232967,0.9882429444408573,0.7442690512219496,TRAIN_LOG1P_ANCHOR_EXCESS_MARGIN_CE,7d56a3cf42a07f683d323f7cbc28c99a9a6cbc061490716b2aa141f2666c4cd1,0.02136636168243945,8.262503399996647e-07,normalized94_abs_anchor_delta94_identity1,5ca38ebab9e2d191354ce7db934bf08f2b50c31bad2a7874ac97af410c8ebfc0,c7dfac34980ee2c2a3e411811a1d71052b1cf5464b60d2cbcf2524a8349b2c5c
UNION_s2,objective,334,1.009609306114774,0.9882428951306055,0.7442695275521247,TRAIN_LOG1P_ANCHOR_EXCESS_MARGIN_CE,7d56a3cf42a07f683d323f7cbc28c99a9a6cbc061490716b2aa141f2666c4cd1,0.021366410984168478,1.4489597923052792e-06,normalized94_abs_anchor_delta94_identity1,5ca38ebab9e2d191354ce7db934bf08f2b50c31bad2a7874ac97af410c8ebfc0,681a5a30e30dd8b27affbca0230d6e07bfe848757c5aabc3dbfd86fedeb8c3e5
UNION_s2,objective,335,1.0096093061068014,0.9882429133306226,0.7442690030720944,TRAIN_LOG1P_ANCHOR_EXCESS_MARGIN_CE,7d56a3cf42a07f683d323f7cbc28c99a9a6cbc061490716b2aa141f2666c4cd1,0.02136639277617891,8.828867601052343e-07,normalized94_abs_anchor_delta94_identity1,5ca38ebab9e2d191354ce7db934bf08f2b50c31bad2a7874ac97af410c8ebfc0,8a7f8c0b55d3e5bf55c47e8e36a0be3244ed1047923edc42c9904fccaae0aec0
UNION_s2,objective,336,1.0096093061026867,0.9882429033999085,0.7442691241866497,TRAIN_LOG1P_ANCHOR_EXCESS_MARGIN_CE,7d56a3cf42a07f683d323f7cbc28c99a9a6cbc061490716b2aa141f2666c4cd1,0.02136640270277821,4.0207996770227057e-07,normalized94_abs_anchor_delta94_identity1,5ca38ebab9e2d191354ce7db934bf08f2b50c31bad2a7874ac97af410c8ebfc0,0dbed6feda3c021569bf0120fa747b9e7693465eeded0459f71ac92a84ec061e
UNION_s2,objective,337,1.0096093060996503,0.9882428799765787,0.7442691388670326,TRAIN_LOG1P_ANCHOR_EXCESS_MARGIN_CE,7d56a3cf42a07f683d323f7cbc28c99a9a6cbc061490716b2aa141f2666c4cd1,0.021366426123071706,5.217087228457488e-07,normalized94_abs_anchor_delta94_identity1,5ca38ebab9e2d191354ce7db934bf08f2b50c31bad2a7874ac97af410c8ebfc0,687142d5fccaf7aa3d409b0e497ca94cf406e03ae40962b0e1bc0618adfa52d0
UNION_s2,objective,338,1.0096093060963338,0.9882428580087115,0.7442691282645751,TRAIN_LOG1P_ANCHOR_EXCESS_MARGIN_CE,7d56a3cf42a07f683d323f7cbc28c99a9a6cbc061490716b2aa141f2666c4cd1,0.021366448087622374,6.084072109758723e-07,normalized94_abs_anchor_delta94_identity1,5ca38ebab9e2d191354ce7db934bf08f2b50c31bad2a7874ac97af410c8ebfc0,3146e05cf3fe79dcada85113ee346b9b8230990c32349ef4f13f212adab7a2e2
UNION_s2,objective,339,1.0096093060874851,0.9882428088442134,0.7442692699864826,TRAIN_LOG1P_ANCHOR_EXCESS_MARGIN_CE,7d56a3cf42a07f683d323f7cbc28c99a9a6cbc061490716b2aa141f2666c4cd1,0.021366497243271564,9.574695430959156e-07,normalized94_abs_anchor_delta94_identity1,5ca38ebab9e2d191354ce7db934bf08f2b50c31bad2a7874ac97af410c8ebfc0,1609b1c489a06face0bd77f800c0554b63effe41d697c738eaef31951069f39b
UNION_s2,objective,340,1.0096093061038625,0.9882427394260737,0.744267565231585,TRAIN_LOG1P_ANCHOR_EXCESS_MARGIN_CE,7d56a3cf42a07f683d323f7cbc28c99a9a6cbc061490716b2aa141f2666c4cd1,0.02136656667778881,3.2122367836613126e-06,normalized94_abs_anchor_delta94_identity1,5ca38ebab9e2d191354ce7db934bf08f2b50c31bad2a7874ac97af410c8ebfc0,17cd175dc443a8e7f17cce1406093d5aab6b4a3e93b960ba4ad1e30cb0d2cdc6
UNION_s2,objective,341,1.0096093060856115,0.9882427919942821,0.7442688563247501,TRAIN_LOG1P_ANCHOR_EXCESS_MARGIN_CE,7d56a3cf42a07f683d323f7cbc28c99a9a6cbc061490716b2aa141f2666c4cd1,0.021366514091329374,4.934884925450431e-07,normalized94_abs_anchor_delta94_identity1,5ca38ebab9e2d191354ce7db934bf08f2b50c31bad2a7874ac97af410c8ebfc0,aada8ac51cb3cdb60b43f26437230f9eec3ba61ddc934d591a71e6f4c1b46bbe
UNION_s2,objective,342,1.0096093060825844,0.98824278254651,0.7442690245564494,TRAIN_LOG1P_ANCHOR_EXCESS_MARGIN_CE,7d56a3cf42a07f683d323f7cbc28c99a9a6cbc061490716b2aa141f2666c4cd1,0.021366523536074357,4.888057786782883e-07,normalized94_abs_anchor_delta94_identity1,5ca38ebab9e2d191354ce7db934bf08f2b50c31bad2a7874ac97af410c8ebfc0,c8c7256552195abd5c29f4272e5e2d7421a8ee305cb6dc3ffc3daf75de58c542
UNION_s2,objective,343,1.0096093060830738,0.9882427609096291,0.7442689972582076,TRAIN_LOG1P_ANCHOR_EXCESS_MARGIN_CE,7d56a3cf42a07f683d323f7cbc28c99a9a6cbc061490716b2aa141f2666c4cd1,0.0213665451734445,1.5127758754451514e-06,normalized94_abs_anchor_delta94_identity1,5ca38ebab9e2d191354ce7db934bf08f2b50c31bad2a7874ac97af410c8ebfc0,95d341cbe15debe32ff4b568dcd233e7a4d349968d1672f2b44e58a883d4bf3e
UNION_s2,objective,344,1.0096093060814486,0.988242772693545,0.7442690121264787,TRAIN_LOG1P_ANCHOR_EXCESS_MARGIN_CE,7d56a3cf42a07f683d323f7cbc28c99a9a6cbc061490716b2aa141f2666c4cd1,0.021366533387903536,6.033944034077811e-07,normalized94_abs_anchor_delta94_identity1,5ca38ebab9e2d191354ce7db934bf08f2b50c31bad2a7874ac97af410c8ebfc0,2a1214608653be2367c214928a51fd738a97ebd8eb8e1eb28a136d512608d24f
UNION_s2,objective,345,1.0096093060801359,0.9882427779145879,0.7442690596395545,TRAIN_LOG1P_ANCHOR_EXCESS_MARGIN_CE,7d56a3cf42a07f683d323f7cbc28c99a9a6cbc061490716b2aa141f2666c4cd1,0.02136652816554797,4.1949304079495797e-07,normalized94_abs_anchor_delta94_identity1,5ca38ebab9e2d191354ce7db934bf08f2b50c31bad2a7874ac97af410c8ebfc0,0f9c5be064ce209ef67e72d1ac9ae59a36afcf8a8c6079e2306bea89d07e4c88
UNION_s2,objective,346,1.0096093060779698,0.9882427811204156,0.7442690786323285,TRAIN_LOG1P_ANCHOR_EXCESS_MARGIN_CE,7d56a3cf42a07f683d323f7cbc28c99a9a6cbc061490716b2aa141f2666c4cd1,0.021366524957554207,3.7264444770863043e-07,normalized94_abs_anchor_delta94_identity1,5ca38ebab9e2d191354ce7db934bf08f2b50c31bad2a7874ac97af410c8ebfc0,efa547be6d2ef73150f04fe9e2679be6d5cd9fad0f217655e6e5a5e94566406d
UNION_s2,objective,347,1.0096093060742888,0.9882427723732774,0.744269083963205,TRAIN_LOG1P_ANCHOR_EXCESS_MARGIN_CE,7d56a3cf42a07f683d323f7cbc28c99a9a6cbc061490716b2aa141f2666c4cd1,0.021366533701011284,4.487304423300054e-07,normalized94_abs_anchor_delta94_identity1,5ca38ebab9e2d191354ce7db934bf08f2b50c31bad2a7874ac97af410c8ebfc0,b11a139fe14e53f88260e30ba669b1782181ca30bbcdfa5ad611aca18042552f
UNION_s2,objective,348,1.0096093060710731,0.9882427643807746,0.7442688820144127,TRAIN_LOG1P_ANCHOR_EXCESS_MARGIN_CE,7d56a3cf42a07f683d323f7cbc28c99a9a6cbc061490716b2aa141f2666c4cd1,0.021366541690298498,5.529849777351215e-07,normalized94_abs_anchor_delta94_identity1,5ca38ebab9e2d191354ce7db934bf08f2b50c31bad2a7874ac97af410c8ebfc0,d6fd9d4210ec37f6257e11718573f08b0f6d9308722ba69291132261839e998f
UNION_s2,objective,349,1.0096093060696414,0.9882427150560755,0.7442692828437794,TRAIN_LOG1P_ANCHOR_EXCESS_MARGIN_CE,7d56a3cf42a07f683d323f7cbc28c99a9a6cbc061490716b2aa141f2666c4cd1,0.02136659101356584,1.2246901677848335e-06,normalized94_abs_anchor_delta94_identity1,5ca38ebab9e2d191354ce7db934bf08f2b50c31bad2a7874ac97af410c8ebfc0,ec4ce36a1674b5ee8c32266347d34a03c007dc09772e8a15be45d92969e90859
UNION_s2,objective,350,1.0096093060665412,0.9882427269095483,0.7442690250328379,TRAIN_LOG1P_ANCHOR_EXCESS_MARGIN_CE,7d56a3cf42a07f683d323f7cbc28c99a9a6cbc061490716b2aa141f2666c4cd1,0.02136657915699292,3.8602928602809627e-07,normalized94_abs_anchor_delta94_identity1,5ca38ebab9e2d191354ce7db934bf08f2b50c31bad2a7874ac97af410c8ebfc0,4ff29d048b11e2c418362326a4b6c85b9cf0a1b5180b93974963790a8daeaddd
UNION_s2,objective,351,1.009609306064954,0.9882427263871213,0.7442689494946011,TRAIN_LOG1P_ANCHOR_EXCESS_MARGIN_CE,7d56a3cf42a07f683d323f7cbc28c99a9a6cbc061490716b2aa141f2666c4cd1,0.021366579677832766,4.701838688913832e-07,normalized94_abs_anchor_delta94_identity1,5ca38ebab9e2d191354ce7db934bf08f2b50c31bad2a7874ac97af410c8ebfc0,76ccecddc8755821877f26872e44e1ff7a8f3d764dda508c358dff17d7d8349a
UNION_s2,objective,352,1.00960930606305,0.9882427184203969,0.7442689528784597,TRAIN_LOG1P_ANCHOR_EXCESS_MARGIN_CE,7d56a3cf42a07f683d323f7cbc28c99a9a6cbc061490716b2aa141f2666c4cd1,0.02136658764265315,5.768832100721818e-07,normalized94_abs_anchor_delta94_identity1,5ca38ebab9e2d191354ce7db934bf08f2b50c31bad2a7874ac97af410c8ebfc0,e57c3bbc424bd0a1b626ec605fd7923c7600e2b98ffc4d6a8b48e8fb1b9e6acc
UNION_s2,objective,353,1.009609306061334,0.9882426980986291,0.7442686564455858,TRAIN_LOG1P_ANCHOR_EXCESS_MARGIN_CE,7d56a3cf42a07f683d323f7cbc28c99a9a6cbc061490716b2aa141f2666c4cd1,0.02136660796270488,1.075846451766988e-06,normalized94_abs_anchor_delta94_identity1,5ca38ebab9e2d191354ce7db934bf08f2b50c31bad2a7874ac97af410c8ebfc0,8ed83e00903c4385393ec652ff7aff79303355cb54c67b07f60f3cdfaf1d9579
UNION_s2,objective,354,1.0096093060601468,0.9882426924461054,0.7442691507646236,TRAIN_LOG1P_ANCHOR_EXCESS_MARGIN_CE,7d56a3cf42a07f683d323f7cbc28c99a9a6cbc061490716b2aa141f2666c4cd1,0.0213666136140414,4.52379955302148e-07,normalized94_abs_anchor_delta94_identity1,5ca38ebab9e2d191354ce7db934bf08f2b50c31bad2a7874ac97af410c8ebfc0,9e78774e95d020b2761d492230458df69e1e7c5294dd54b1bd467c4887766e0c
UNION_s2,objective,355,1.0096093060594962,0.988242691913046,0.7442690444039775,TRAIN_LOG1P_ANCHOR_EXCESS_MARGIN_CE,7d56a3cf42a07f683d323f7cbc28c99a9a6cbc061490716b2aa141f2666c4cd1,0.02136661414645005,2.5457091455074656e-07,normalized94_abs_anchor_delta94_identity1,5ca38ebab9e2d191354ce7db934bf08f2b50c31bad2a7874ac97af410c8ebfc0,aaa7c5a52756f04f02da3bf9cc7dd77cffcb8ddc5bc93fb9c49bcf492f7ec93a
UNION_s2,objective,356,1.0096093060588223,0.9882426918788062,0.744269012096526,TRAIN_LOG1P_ANCHOR_EXCESS_MARGIN_CE,7d56a3cf42a07f683d323f7cbc28c99a9a6cbc061490716b2aa141f2666c4cd1,0.021366614180016053,2.0768370654792421e-07,normalized94_abs_anchor_delta94_identity1,5ca38ebab9e2d191354ce7db934bf08f2b50c31bad2a7874ac97af410c8ebfc0,bcb51674af5b1f288734a976a02ab5155ff543baf051edc99b47d24dccdb3c69
UNION_s2,objective,357,1.0096093060571865,0.9882427002615782,0.7442689141584117,TRAIN_LOG1P_ANCHOR_EXCESS_MARGIN_CE,7d56a3cf42a07f683d323f7cbc28c99a9a6cbc061490716b2aa141f2666c4cd1,0.021366605795608284,4.376502691929992e-07,normalized94_abs_anchor_delta94_identity1,5ca38ebab9e2d191354ce7db934bf08f2b50c31bad2a7874ac97af410c8ebfc0,bc162c5c05b4746a0c504b1da4dadc340a34fea892760cc307e74acd389bbe22
UNION_s2,objective,358,1.0096093060576976,0.9882426892668312,0.7442689936554635,TRAIN_LOG1P_ANCHOR_EXCESS_MARGIN_CE,7d56a3cf42a07f683d323f7cbc28c99a9a6cbc061490716b2aa141f2666c4cd1,0.021366616790866454,1.0421582680074933e-06,normalized94_abs_anchor_delta94_identity1,5ca38ebab9e2d191354ce7db934bf08f2b50c31bad2a7874ac97af410c8ebfc0,655c1642cbb27f0b442438d1c776b54808e3c7088f85410558ff3017f197247f
UNION_s2,objective,359,1.00960930605615,0.9882426953121389,0.7442689499364281,TRAIN_LOG1P_ANCHOR_EXCESS_MARGIN_CE,7d56a3cf42a07f683d323f7cbc28c99a9a6cbc061490716b2aa141f2666c4cd1,0.021366610744010982,4.6234241804262845e-07,normalized94_abs_anchor_delta94_identity1,5ca38ebab9e2d191354ce7db934bf08f2b50c31bad2a7874ac97af410c8ebfc0,b2cbb53cd4d28a93d279338d61cf2166b909eaea613398742fa77f70e7e81bc2
UNION_s2,objective,360,1.0096093060549303,0.9882427029911305,0.7442689644969632,TRAIN_LOG1P_ANCHOR_EXCESS_MARGIN_CE,7d56a3cf42a07f683d323f7cbc28c99a9a6cbc061490716b2aa141f2666c4cd1,0.02136660306379988,3.3913463291065006e-07,normalized94_abs_anchor_delta94_identity1,5ca38ebab9e2d191354ce7db934bf08f2b50c31bad2a7874ac97af410c8ebfc0,4aa444815a48496317cb9d06bdaaf0fb86f49d29e7ff7ab8ac525baea344175f
UNION_s2,objective,361,1.0096093060533378,0.9882427156382154,0.7442689593669004,TRAIN_LOG1P_ANCHOR_EXCESS_MARGIN_CE,7d56a3cf42a07f683d323f7cbc28c99a9a6cbc061490716b2aa141f2666c4cd1,0.021366590415122445,2.1495911505789346e-07,normalized94_abs_anchor_delta94_identity1,5ca38ebab9e2d191354ce7db934bf08f2b50c31bad2a7874ac97af410c8ebfc0,dbd72d40c0bcac9de160218e0838c17b431de8f3813757aa89558f57812b9922
UNION_s2,objective,362,1.0096093060527453,0.9882427189954691,0.7442691419909687,TRAIN_LOG1P_ANCHOR_EXCESS_MARGIN_CE,7d56a3cf42a07f683d323f7cbc28c99a9a6cbc061490716b2aa141f2666c4cd1,0.02136658705727614,6.214347281975753e-07,normalized94_abs_anchor_delta94_identity1,5ca38ebab9e2d191354ce7db934bf08f2b50c31bad2a7874ac97af410c8ebfc0,5d4f5db71598b37ee003b71dc072bd0436361d697ebd465ee50a9ee70ee5b755
UNION_s2,objective,363,1.0096093060519729,0.9882427240404216,0.7442690490067052,TRAIN_LOG1P_ANCHOR_EXCESS_MARGIN_CE,7d56a3cf42a07f683d323f7cbc28c99a9a6cbc061490716b2aa141f2666c4cd1,0.02136658201155137,2.5353640663778136e-07,normalized94_abs_anchor_delta94_identity1,5ca38ebab9e2d191354ce7db934bf08f2b50c31bad2a7874ac97af410c8ebfc0,fc26cf982bb1926a3718b1c33318b11b9fb99bbac2607bc440fc1fc008cb0177
UNION_s2,objective,364,1.009609306051009,0.9882427284702402,0.7442689629880392,TRAIN_LOG1P_ANCHOR_EXCESS_MARGIN_CE,7d56a3cf42a07f683d323f7cbc28c99a9a6cbc061490716b2aa141f2666c4cd1,0.02136657758076879,3.950530201526485e-07,normalized94_abs_anchor_delta94_identity1,5ca38ebab9e2d191354ce7db934bf08f2b50c31bad2a7874ac97af410c8ebfc0,b3f657149f6966c5fc5ec70eaf8230dc13f0aa8b36ef2d3e473be67e18245e1f
UNION_s2,objective,365,1.009609306050382,0.9882427311440408,0.7442689797072904,TRAIN_LOG1P_ANCHOR_EXCESS_MARGIN_CE,7d56a3cf42a07f683d323f7cbc28c99a9a6cbc061490716b2aa141f2666c4cd1,0.021366574906341168,4.124156995665661e-07,normalized94_abs_anchor_delta94_identity1,5ca38ebab9e2d191354ce7db934bf08f2b50c31bad2a7874ac97af410c8ebfc0,624fcb3065b75b8ab87cd571a3c9fb4d2119461ac3fe45669340c831f4680690
UNION_s2,objective,366,1.0096093060492748,0.9882427555793625,0.7442690654009407,TRAIN_LOG1P_ANCHOR_EXCESS_MARGIN_CE,7d56a3cf42a07f683d323f7cbc28c99a9a6cbc061490716b2aa141f2666c4cd1,0.02136655046991231,4.6387406875261506e-07,normalized94_abs_anchor_delta94_identity1,5ca38ebab9e2d191354ce7db934bf08f2b50c31bad2a7874ac97af410c8ebfc0,bc6d21d5bb0d580784991a5cd471c3db9763e599f045bce0020ec02e490765b6
UNION_s2,objective,367,1.0096093060489417,0.9882427704263408,0.7442686777764705,TRAIN_LOG1P_ANCHOR_EXCESS_MARGIN_CE,7d56a3cf42a07f683d323f7cbc28c99a9a6cbc061490716b2aa141f2666c4cd1,0.02136653562260098,7.620377507184013e-07,normalized94_abs_anchor_delta94_identity1,5ca38ebab9e2d191354ce7db934bf08f2b50c31bad2a7874ac97af410c8ebfc0,06bde71245e4fdb6e46c152b4485d3e6ac21bf254100f6d99fd804961d6a9f4c
UNION_s2,objective,368,1.0096093060480136,0.9882427626934017,0.7442689039165479,TRAIN_LOG1P_ANCHOR_EXCESS_MARGIN_CE,7d56a3cf42a07f683d323f7cbc28c99a9a6cbc061490716b2aa141f2666c4cd1,0.021366543354611862,2.202720796595096e-07,normalized94_abs_anchor_delta94_identity1,5ca38ebab9e2d191354ce7db934bf08f2b50c31bad2a7874ac97af410c8ebfc0,226ea4da5acd9ca6ca7a41aef4a05192fb070793af0711e3e9320b8964abca6d
UNION_s2,objective,369,1.0096093060477624,0.9882427657653321,0.7442689715816475,TRAIN_LOG1P_ANCHOR_EXCESS_MARGIN_CE,7d56a3cf42a07f683d323f7cbc28c99a9a6cbc061490716b2aa141f2666c4cd1,0.021366540282430277,1.7117514816414827e-07,normalized94_abs_anchor_delta94_identity1,5ca38ebab9e2d191354ce7db934bf08f2b50c31bad2a7874ac97af410c8ebfc0,7fb7575c3a782aac11e8ae4d38a6f541f86e1f7b6432fc4119d647cc0c42527c
UNION_s2,objective,370,1.0096093060473434,0.9882427774893476,0.7442690466462283,TRAIN_LOG1P_ANCHOR_EXCESS_MARGIN_CE,7d56a3cf42a07f683d323f7cbc28c99a9a6cbc061490716b2aa141f2666c4cd1,0.02136652855799578,3.42925014621629e-07,normalized94_abs_anchor_delta94_identity1,5ca38ebab9e2d191354ce7db934bf08f2b50c31bad2a7874ac97af410c8ebfc0,7af37045ee9b7d0861cb4d07fafde46039b7e1cd4fa9dbdf155d92d029dd4713
UNION_s2,objective,371,1.0096093060469131,0.9882427922131106,0.7442690796441273,TRAIN_LOG1P_ANCHOR_EXCESS_MARGIN_CE,7d56a3cf42a07f683d323f7cbc28c99a9a6cbc061490716b2aa141f2666c4cd1,0.021366513833802597,3.83708758419587e-07,normalized94_abs_anchor_delta94_identity1,5ca38ebab9e2d191354ce7db934bf08f2b50c31bad2a7874ac97af410c8ebfc0,df27d6cb3c89dfba42cb68be18c949130d296302ec8ee416bd8f5531bfa082e4
UNION_s2,objective,372,1.0096093060459024,0.9882428216038751,0.7442692633059566,TRAIN_LOG1P_ANCHOR_EXCESS_MARGIN_CE,7d56a3cf42a07f683d323f7cbc28c99a9a6cbc061490716b2aa141f2666c4cd1,0.021366484442027274,5.803476081609024e-07,normalized94_abs_anchor_delta94_identity1,5ca38ebab9e2d191354ce7db934bf08f2b50c31bad2a7874ac97af410c8ebfc0,1d04be1a164b926d7e762635f62848429e27902119b34c8e4d126ba59567287a
UNION_s2,objective,373,1.0096093060452958,0.9882428421869593,0.7442691767615401,TRAIN_LOG1P_ANCHOR_EXCESS_MARGIN_CE,7d56a3cf42a07f683d323f7cbc28c99a9a6cbc061490716b2aa141f2666c4cd1,0.02136646385833637,3.663801520778684e-07,normalized94_abs_anchor_delta94_identity1,5ca38ebab9e2d191354ce7db934bf08f2b50c31bad2a7874ac97af410c8ebfc0,586e992fb83fdd402c7da1a9f80479da15f3a82cd95e9b9ec8bce8b904321618
UNION_s2,objective,374,1.0096093060448592,0.9882428472787611,0.7442691583388086,TRAIN_LOG1P_ANCHOR_EXCESS_MARGIN_CE,7d56a3cf42a07f683d323f7cbc28c99a9a6cbc061490716b2aa141f2666c4cd1,0.02136645876609812,2.4503475759847517e-07,normalized94_abs_anchor_delta94_identity1,5ca38ebab9e2d191354ce7db934bf08f2b50c31bad2a7874ac97af410c8ebfc0,28c467c1a8873e7bd3c8cb0b5f8d6054b423e6f742942811f668d6d43b5502b9
UNION_s2,objective,375,1.0096093060448608,0.9882428489762103,0.7442688203435633,TRAIN_LOG1P_ANCHOR_EXCESS_MARGIN_CE,7d56a3cf42a07f683d323f7cbc28c99a9a6cbc061490716b2aa141f2666c4cd1,0.021366457068650504,8.411274092115486e-07,normalized94_abs_anchor_delta94_identity1,5ca38ebab9e2d191354ce7db934bf08f2b50c31bad2a7874ac97af410c8ebfc0,2aed1c8059c6b73679b563bb010065a2485a84a548417edff7af2a75ba8b080e
UNION_s2,objective,376,1.0096093060445117,0.9882428481261974,0.7442689895286996,TRAIN_LOG1P_ANCHOR_EXCESS_MARGIN_CE,7d56a3cf42a07f683d323f7cbc28c99a9a6cbc061490716b2aa141f2666c4cd1,0.021366457918314295,4.1951908265249525e-07,normalized94_abs_anchor_delta94_identity1,5ca38ebab9e2d191354ce7db934bf08f2b50c31bad2a7874ac97af410c8ebfc0,023ac131eb76189315a1947417d98279381e04d3e0e03564584344e1b46cd462
UNION_s2,objective,377,1.0096093060442666,0.9882428541349263,0.7442689790534576,TRAIN_LOG1P_ANCHOR_EXCESS_MARGIN_CE,7d56a3cf42a07f683d323f7cbc28c99a9a6cbc061490716b2aa141f2666c4cd1,0.02136645190934029,3.0721055393757267e-07,normalized94_abs_anchor_delta94_identity1,5ca38ebab9e2d191354ce7db934bf08f2b50c31bad2a7874ac97af410c8ebfc0,b074449fb4d9bb379df16e662c65e22a14243b05dbebedf42e6bed461f3b6515
UNION_s2,objective,378,1.009609306043833,0.988242866102539,0.7442689814046861,TRAIN_LOG1P_ANCHOR_EXCESS_MARGIN_CE,7d56a3cf42a07f683d323f7cbc28c99a9a6cbc061490716b2aa141f2666c4cd1,0.021366439941293867,1.8577654507814265e-07,normalized94_abs_anchor_delta94_identity1,5ca38ebab9e2d191354ce7db934bf08f2b50c31bad2a7874ac97af410c8ebfc0,93cccc9007698a8a70bc57724575d4bfc70c7ab0aca42bda7438b3992bce3fd1
UNION_s2,objective,379,1.0096093060435019,0.9882428752616494,0.7442690013100884,TRAIN_LOG1P_ANCHOR_EXCESS_MARGIN_CE,7d56a3cf42a07f683d323f7cbc28c99a9a6cbc061490716b2aa141f2666c4cd1,0.021366430781852404,2.446139966420729e-07,normalized94_abs_anchor_delta94_identity1,5ca38ebab9e2d191354ce7db934bf08f2b50c31bad2a7874ac97af410c8ebfc0,f01df1903abc2966c3a3287c08f15f061fbfa6df29afaebac5387b7ebe389b00
UNION_s2,objective,380,1.009609306043074,0.9882428844790977,0.7442690252481851,TRAIN_LOG1P_ANCHOR_EXCESS_MARGIN_CE,7d56a3cf42a07f683d323f7cbc28c99a9a6cbc061490716b2aa141f2666c4cd1,0.02136642156397638,2.929379571211857e-07,normalized94_abs_anchor_delta94_identity1,5ca38ebab9e2d191354ce7db934bf08f2b50c31bad2a7874ac97af410c8ebfc0,3674546d143523c708daf82f9eaf78ffa8d971729874d77a62e98d4814eae852
UNION_s2,objective,381,1.009609306042461,0.9882429006413932,0.7442689815573352,TRAIN_LOG1P_ANCHOR_EXCESS_MARGIN_CE,7d56a3cf42a07f683d323f7cbc28c99a9a6cbc061490716b2aa141f2666c4cd1,0.021366405401067694,2.0567170151585775e-07,normalized94_abs_anchor_delta94_identity1,5ca38ebab9e2d191354ce7db934bf08f2b50c31bad2a7874ac97af410c8ebfc0,31ee59325b3ed53af814199630ea15d473b3aa03ca61bdcb80a650ae0215b63d
UNION_s2,objective,382,1.0096093060425673,0.9882429089549977,0.7442692486130157,TRAIN_LOG1P_ANCHOR_EXCESS_MARGIN_CE,7d56a3cf42a07f683d323f7cbc28c99a9a6cbc061490716b2aa141f2666c4cd1,0.021366397087569582,4.2951868956402956e-07,normalized94_abs_anchor_delta94_identity1,5ca38ebab9e2d191354ce7db934bf08f2b50c31bad2a7874ac97af410c8ebfc0,d2497bff8db90d79eaf6680f5d40391f891c89967159dfaec7afa2b94798a0ae
UNION_s2,objective,383,1.0096093060422138,0.988242904426881,0.7442691031666397,TRAIN_LOG1P_ANCHOR_EXCESS_MARGIN_CE,7d56a3cf42a07f683d323f7cbc28c99a9a6cbc061490716b2aa141f2666c4cd1,0.021366401615332816,2.1432072190782437e-07,normalized94_abs_anchor_delta94_identity1,5ca38ebab9e2d191354ce7db934bf08f2b50c31bad2a7874ac97af410c8ebfc0,059ced855ca6efb95371cf5d5e5ad8953db71f75d2ef18a1ee588cd32b168ba0
UNION_s2,objective,384,1.009609306041982,0.98824290616475,0.7442690738796108,TRAIN_LOG1P_ANCHOR_EXCESS_MARGIN_CE,7d56a3cf42a07f683d323f7cbc28c99a9a6cbc061490716b2aa141f2666c4cd1,0.021366399877231913,1.1047391805183583e-07,normalized94_abs_anchor_delta94_identity1,5ca38ebab9e2d191354ce7db934bf08f2b50c31bad2a7874ac97af410c8ebfc0,41325d212707792aa6b7456dd6e1c4be29cfec35c351d19e9cc6158e91d9ddc6
UNION_s2,objective,385,1.0096093060417564,0.9882429080954069,0.7442690536436499,TRAIN_LOG1P_ANCHOR_EXCESS_MARGIN_CE,7d56a3cf42a07f683d323f7cbc28c99a9a6cbc061490716b2aa141f2666c4cd1,0.02136639794634935,1.8203888390614288e-07,normalized94_abs_anchor_delta94_identity1,5ca38ebab9e2d191354ce7db934bf08f2b50c31bad2a7874ac97af410c8ebfc0,a97cb4e0d914692fe5ca12c1c8711fbc01d5e82c2defd4a2e2c77c4232318268
UNION_s2,objective,386,1.0096093060415503,0.9882429129713108,0.7442690462307843,TRAIN_LOG1P_ANCHOR_EXCESS_MARGIN_CE,7d56a3cf42a07f683d323f7cbc28c99a9a6cbc061490716b2aa141f2666c4cd1,0.02136639307023944,2.3765375523365304e-07,normalized94_abs_anchor_delta94_identity1,5ca38ebab9e2d191354ce7db934bf08f2b50c31bad2a7874ac97af410c8ebfc0,4570a7aefb35730e780530a0f80eb270b3a014498049358b92444b7189a0b69e
UNION_s2,objective,387,1.0096093060411646,0.9882429248587126,0.7442690810901892,TRAIN_LOG1P_ANCHOR_EXCESS_MARGIN_CE,7d56a3cf42a07f683d323f7cbc28c99a9a6cbc061490716b2aa141f2666c4cd1,0.021366381182451977,1.648298790917961e-07,normalized94_abs_anchor_delta94_identity1,5ca38ebab9e2d191354ce7db934bf08f2b50c31bad2a7874ac97af410c8ebfc0,9df910900ae374d51662e7fe1a1a6a96605e47174102cd306fd9e6b06e5a69e8
UNION_s2,objective,388,1.0096093060413625,0.9882429552861912,0.7442688424567014,TRAIN_LOG1P_ANCHOR_EXCESS_MARGIN_CE,7d56a3cf42a07f683d323f7cbc28c99a9a6cbc061490716b2aa141f2666c4cd1,0.02136635075517114,8.239001605712252e-07,normalized94_abs_anchor_delta94_identity1,5ca38ebab9e2d191354ce7db934bf08f2b50c31bad2a7874ac97af410c8ebfc0,d0f7893bdf5c5142b4aa7d9754386947cca1b42fc5baa6e595918f430bc13cbc
UNION_s2,objective,389,1.0096093060410058,0.9882429370349554,0.7442689855938955,TRAIN_LOG1P_ANCHOR_EXCESS_MARGIN_CE,7d56a3cf42a07f683d323f7cbc28c99a9a6cbc061490716b2aa141f2666c4cd1,0.021366369006050465,3.589474552590925e-07,normalized94_abs_anchor_delta94_identity1,5ca38ebab9e2d191354ce7db934bf08f2b50c31bad2a7874ac97af410c8ebfc0,2c89adca9ddb5690f0f959402b9ea83d3fa5bdac4529897bf7cf8d48076202a0
UNION_s2,objective,390,1.0096093060408111,0.9882429434508796,0.744269044751764,TRAIN_LOG1P_ANCHOR_EXCESS_MARGIN_CE,7d56a3cf42a07f683d323f7cbc28c99a9a6cbc061490716b2aa141f2666c4cd1,0.02136636258993141,1.4352858384382927e-07,normalized94_abs_anchor_delta94_identity1,5ca38ebab9e2d191354ce7db934bf08f2b50c31bad2a7874ac97af410c8ebfc0,6ff3161581581a1c655c18ac3ab2aae1a27caa796f2ce3695bdc32988aa1ff1c
UNION_s2,objective,391,1.0096093060406914,0.9882429475594925,0.744269085173607,TRAIN_LOG1P_ANCHOR_EXCESS_MARGIN_CE,7d56a3cf42a07f683d323f7cbc28c99a9a6cbc061490716b2aa141f2666c4cd1,0.021366358481199003,1.725416052198498e-07,normalized94_abs_anchor_delta94_identity1,5ca38ebab9e2d191354ce7db934bf08f2b50c31bad2a7874ac97af410c8ebfc0,52f394097e0699ccfd629ab40393a617adeed6ab9099eb9d980cab9ddafd32f9
UNION_s2,objective,392,1.0096093060405948,0.9882429497570028,0.7442690986681878,TRAIN_LOG1P_ANCHOR_EXCESS_MARGIN_CE,7d56a3cf42a07f683d323f7cbc28c99a9a6cbc061490716b2aa141f2666c4cd1,0.02136635628359203,2.197441932303039e-07,normalized94_abs_anchor_delta94_identity1,5ca38ebab9e2d191354ce7db934bf08f2b50c31bad2a7874ac97af410c8ebfc0,fcbb5994d0261966dce4d3f8d7ed5f72a7ae5f119ed3beeceea3786a0380fe32
UNION_s2,objective,393,1.0096093060403253,0.988242955646847,0.7442691045721777,TRAIN_LOG1P_ANCHOR_EXCESS_MARGIN_CE,7d56a3cf42a07f683d323f7cbc28c99a9a6cbc061490716b2aa141f2666c4cd1,0.021366350393478235,2.50453929264653e-07,normalized94_abs_anchor_delta94_identity1,5ca38ebab9e2d191354ce7db934bf08f2b50c31bad2a7874ac97af410c8ebfc0,1e4b3e73fdd37079a1f70eb57ef85c392092ac7ed18a9e0a85a56bcdb8d89521
UNION_s2,objective,394,1.0096093060398885,0.988242971876992,0.7442691296177715,TRAIN_LOG1P_ANCHOR_EXCESS_MARGIN_CE,7d56a3cf42a07f683d323f7cbc28c99a9a6cbc061490716b2aa141f2666c4cd1,0.021366334162896586,2.628682720840078e-07,normalized94_abs_anchor_delta94_identity1,5ca38ebab9e2d191354ce7db934bf08f2b50c31bad2a7874ac97af410c8ebfc0,d2932fec3a54138caca7026fff0ff34bcf422307e420b816dfe3d627dabf8811
UNION_s2,objective,395,1.0096093060403544,0.9882429969912122,0.7442689979688887,TRAIN_LOG1P_ANCHOR_EXCESS_MARGIN_CE,7d56a3cf42a07f683d323f7cbc28c99a9a6cbc061490716b2aa141f2666c4cd1,0.021366309049142156,5.513984193596188e-07,normalized94_abs_anchor_delta94_identity1,5ca38ebab9e2d191354ce7db934bf08f2b50c31bad2a7874ac97af410c8ebfc0,49c5eb82d23526074f585281c075eef58a71e87d9c8d2f023e34b2d1dfdd5306
UNION_s2,objective,396,1.0096093060396825,0.9882429808291259,0.7442690826885784,TRAIN_LOG1P_ANCHOR_EXCESS_MARGIN_CE,7d56a3cf42a07f683d323f7cbc28c99a9a6cbc061490716b2aa141f2666c4cd1,0.021366325210556505,2.558882530259625e-07,normalized94_abs_anchor_delta94_identity1,5ca38ebab9e2d191354ce7db934bf08f2b50c31bad2a7874ac97af410c8ebfc0,39609b3dd34c5e6289d43ec4ec3d106e33319218f6749fc8fc98423f737844da
UNION_s2,objective,397,1.0096093060393438,0.9882429929015447,0.744269101431724,TRAIN_LOG1P_ANCHOR_EXCESS_MARGIN_CE,7d56a3cf42a07f683d323f7cbc28c99a9a6cbc061490716b2aa141f2666c4cd1,0.021366313137799048,1.0747300217013187e-07,normalized94_abs_anchor_delta94_identity1,5ca38ebab9e2d191354ce7db934bf08f2b50c31bad2a7874ac97af410c8ebfc0,d38180f422ac5a4f9ed064664ed44a6c5c92be500c2386d6ad3c4993c479385b
UNION_s2,objective,398,1.0096093060391769,0.9882429978228993,0.7442690858230357,TRAIN_LOG1P_ANCHOR_EXCESS_MARGIN_CE,7d56a3cf42a07f683d323f7cbc28c99a9a6cbc061490716b2aa141f2666c4cd1,0.021366308216277656,1.2120567678333567e-07,normalized94_abs_anchor_delta94_identity1,5ca38ebab9e2d191354ce7db934bf08f2b50c31bad2a7874ac97af410c8ebfc0,6e2fb4fe61dc568732efbc9a46293875c37f640ea6fdf1fbbcd282ecae16deb9
UNION_s2,objective,399,1.009609306039018,0.9882430020520184,0.7442690873102041,TRAIN_LOG1P_ANCHOR_EXCESS_MARGIN_CE,7d56a3cf42a07f683d323f7cbc28c99a9a6cbc061490716b2aa141f2666c4cd1,0.021366303986999662,1.575945644130854e-07,normalized94_abs_anchor_delta94_identity1,5ca38ebab9e2d191354ce7db934bf08f2b50c31bad2a7874ac97af410c8ebfc0,5eb61498e2ed3e856c6e7dd45437956cecfd45156605b9f6c540ca994c0f20de
UNION_s2,objective,400,1.009609306038833,0.9882430077003429,0.7442690681309728,TRAIN_LOG1P_ANCHOR_EXCESS_MARGIN_CE,7d56a3cf42a07f683d323f7cbc28c99a9a6cbc061490716b2aa141f2666c4cd1,0.021366298338490127,1.743316610230767e-07,normalized94_abs_anchor_delta94_identity1,5ca38ebab9e2d191354ce7db934bf08f2b50c31bad2a7874ac97af410c8ebfc0,e5c632b5a33a0d7440b9976285810f64589d7bc64c0c14ad603bfca241b47e54
UNION_s2,objective,401,1.0096093060388753,0.9882430087959538,0.7442692830606468,TRAIN_LOG1P_ANCHOR_EXCESS_MARGIN_CE,7d56a3cf42a07f683d323f7cbc28c99a9a6cbc061490716b2aa141f2666c4cd1,0.021366297242921467,3.484555970916401e-07,normalized94_abs_anchor_delta94_identity1,5ca38ebab9e2d191354ce7db934bf08f2b50c31bad2a7874ac97af410c8ebfc0,113e1de587eab5a4927a4fa8396541593c7ae55895caf04d726649d9d010a0ab
UNION_s2,objective,402,1.0096093060387363,0.9882430081983196,0.7442691658429677,TRAIN_LOG1P_ANCHOR_EXCESS_MARGIN_CE,7d56a3cf42a07f683d323f7cbc28c99a9a6cbc061490716b2aa141f2666c4cd1,0.02136629784041676,9.440661675005351e-08,normalized94_abs_anchor_delta94_identity1,5ca38ebab9e2d191354ce7db934bf08f2b50c31bad2a7874ac97af410c8ebfc0,a397a5234f02aa7d61cd6edaddfd4eddb0deae389efc16996280682ecca90d21
UNION_s2,objective,403,1.0096093060386475,0.9882430106743408,0.7442691177910047,TRAIN_LOG1P_ANCHOR_EXCESS_MARGIN_CE,7d56a3cf42a07f683d323f7cbc28c99a9a6cbc061490716b2aa141f2666c4cd1,0.021366295364306745,9.890592739559577e-08,normalized94_abs_anchor_delta94_identity1,5ca38ebab9e2d191354ce7db934bf08f2b50c31bad2a7874ac97af410c8ebfc0,129aacfa491205635e11c95d4399f15649f735ce6c643686ef77f7bf26c35fc6
UNION_s2,objective,404,1.009609306038584,0.9882430167226649,0.7442691462448542,TRAIN_LOG1P_ANCHOR_EXCESS_MARGIN_CE,7d56a3cf42a07f683d323f7cbc28c99a9a6cbc061490716b2aa141f2666c4cd1,0.021366289315919194,1.7587581333640058e-07,normalized94_abs_anchor_delta94_identity1,5ca38ebab9e2d191354ce7db934bf08f2b50c31bad2a7874ac97af410c8ebfc0,7e7c871932ec223781968673004a96e2f53d9815f523476510a90ea199b616c0
UNION_s2,objective,405,1.009609306038517,0.9882430177631939,0.7442691404233878,TRAIN_LOG1P_ANCHOR_EXCESS_MARGIN_CE,7d56a3cf42a07f683d323f7cbc28c99a9a6cbc061490716b2aa141f2666c4cd1,0.021366288275323005,1.275276329284556e-07,normalized94_abs_anchor_delta94_identity1,5ca38ebab9e2d191354ce7db934bf08f2b50c31bad2a7874ac97af410c8ebfc0,0239e8a8947a3d75be61583db6dacd5790185df7dbaca8684a9b49dbab408abd
UNION_s2,objective,406,1.0096093060383327,0.9882430267839982,0.744269143251717,TRAIN_LOG1P_ANCHOR_EXCESS_MARGIN_CE,7d56a3cf42a07f683d323f7cbc28c99a9a6cbc061490716b2aa141f2666c4cd1,0.021366279254334486,8.285231485768307e-08,normalized94_abs_anchor_delta94_identity1,5ca38ebab9e2d191354ce7db934bf08f2b50c31bad2a7874ac97af410c8ebfc0,7057a1640cad502bbab78365616a8473dba71f54efde115e4b1896086dfa5e16
UNION_s2,objective,407,1.0096093060382534,0.9882430329611521,0.7442691521974869,TRAIN_LOG1P_ANCHOR_EXCESS_MARGIN_CE,7d56a3cf42a07f683d323f7cbc28c99a9a6cbc061490716b2aa141f2666c4cd1,0.02136627307710135,7.021640171773685e-08,normalized94_abs_anchor_delta94_identity1,5ca38ebab9e2d191354ce7db934bf08f2b50c31bad2a7874ac97af410c8ebfc0,28cb12104425f26f449dc32a5c723fbbbb25fce1c7eeb6b8a1bcf5c9de93d38d
UNION_s2,objective,408,1.0096093060381306,0.988243045081053,0.7442691899591835,TRAIN_LOG1P_ANCHOR_EXCESS_MARGIN_CE,7d56a3cf42a07f683d323f7cbc28c99a9a6cbc061490716b2aa141f2666c4cd1,0.0213662609570776,8.81448356606046e-08,normalized94_abs_anchor_delta94_identity1,5ca38ebab9e2d191354ce7db934bf08f2b50c31bad2a7874ac97af410c8ebfc0,11b873141551ffa2382d9973a0c133ba25723ad4a63d0f023d73bed07f002880
UNION_s2,objective,409,1.0096093060381301,0.9882430588836967,0.7442691544995763,TRAIN_LOG1P_ANCHOR_EXCESS_MARGIN_CE,7d56a3cf42a07f683d323f7cbc28c99a9a6cbc061490716b2aa141f2666c4cd1,0.021366247154433568,1.9685144803929873e-07,normalized94_abs_anchor_delta94_identity1,5ca38ebab9e2d191354ce7db934bf08f2b50c31bad2a7874ac97af410c8ebfc0,b97f8486938bba8313ab063d81f77c366e938a12331baec840db902f2839e904
UNION_s2,objective,410,1.0096093060380615,0.9882430519927151,0.7442691722026135,TRAIN_LOG1P_ANCHOR_EXCESS_MARGIN_CE,7d56a3cf42a07f683d323f7cbc28c99a9a6cbc061490716b2aa141f2666c4cd1,0.0213662540453464,7.61761859588328e-08,normalized94_abs_anchor_delta94_identity1,5ca38ebab9e2d191354ce7db934bf08f2b50c31bad2a7874ac97af410c8ebfc0,80bc50e6515fd38bd6f5dcb751c7335eca78391310c3eb6d5ac38541d552d46f
UNION_s2,objective,411,1.0096093060380018,0.988243053251004,0.7442691792808064,TRAIN_LOG1P_ANCHOR_EXCESS_MARGIN_CE,7d56a3cf42a07f683d323f7cbc28c99a9a6cbc061490716b2aa141f2666c4cd1,0.021366252786997778,5.761225936192124e-08,normalized94_abs_anchor_delta94_identity1,5ca38ebab9e2d191354ce7db934bf08f2b50c31bad2a7874ac97af410c8ebfc0,69a2031e533f6f292570e2401bd7c6c0b79592fd17a2efdba2ffc06dffb1d2aa
UNION_s2,objective,412,1.0096093060378912,0.9882430536490628,0.7442691913519389,TRAIN_LOG1P_ANCHOR_EXCESS_MARGIN_CE,7d56a3cf42a07f683d323f7cbc28c99a9a6cbc061490716b2aa141f2666c4cd1,0.02136625238882836,6.957385313946229e-08,normalized94_abs_anchor_delta94_identity1,5ca38ebab9e2d191354ce7db934bf08f2b50c31bad2a7874ac97af410c8ebfc0,6a3ff3f5438416a8d09d1a64019d15a49bd7c99ddd5ace188433b68adb472ca3
UNION_s2,objective,413,1.0096093060378175,0.9882430574443558,0.7442691767727669,TRAIN_LOG1P_ANCHOR_EXCESS_MARGIN_CE,7d56a3cf42a07f683d323f7cbc28c99a9a6cbc061490716b2aa141f2666c4cd1,0.021366248593461767,7.45796644498906e-08,normalized94_abs_anchor_delta94_identity1,5ca38ebab9e2d191354ce7db934bf08f2b50c31bad2a7874ac97af410c8ebfc0,af4898d028b69a97e2a48c1e7f0750d413afbbabd03a8a6cee0cb39ba67b0c22
UNION_s2,objective,414,1.0096093060377944,0.988243057413337,0.7442692432382702,TRAIN_LOG1P_ANCHOR_EXCESS_MARGIN_CE,7d56a3cf42a07f683d323f7cbc28c99a9a6cbc061490716b2aa141f2666c4cd1,0.0213662486244574,1.5010698696460306e-07,normalized94_abs_anchor_delta94_identity1,5ca38ebab9e2d191354ce7db934bf08f2b50c31bad2a7874ac97af410c8ebfc0,0bc682464d414cc0cd80f5b08aed589fbb62a1e500ecb3cac4d7b9c2cfa918e1
UNION_s2,objective,415,1.00960930603776,0.9882430584092934,0.7442691931118702,TRAIN_LOG1P_ANCHOR_EXCESS_MARGIN_CE,7d56a3cf42a07f683d323f7cbc28c99a9a6cbc061490716b2aa141f2666c4cd1,0.021366247628466725,5.578183884953739e-08,normalized94_abs_anchor_delta94_identity1,5ca38ebab9e2d191354ce7db934bf08f2b50c31bad2a7874ac97af410c8ebfc0,8617294c42e2c08bac9c0a30b39dddc95dce07b2b5a4d6b5d9e1454e387d9427
UNION_s2,objective,416,1.0096093060377465,0.9882430587128571,0.744269172658171,TRAIN_LOG1P_ANCHOR_EXCESS_MARGIN_CE,7d56a3cf42a07f683d323f7cbc28c99a9a6cbc061490716b2aa141f2666c4cd1,0.021366247324889287,5.3510969876257717e-08,normalized94_abs_anchor_delta94_identity1,5ca38ebab9e2d191354ce7db934bf08f2b50c31bad2a7874ac97af410c8ebfc0,c6912deac18d2fa7de24446e5e81011334e3a84768e8780cf3686eb16d68aae5
UNION_s2,objective,417,1.0096093060377247,0.9882430582488585,0.7442691644544791,TRAIN_LOG1P_ANCHOR_EXCESS_MARGIN_CE,7d56a3cf42a07f683d323f7cbc28c99a9a6cbc061490716b2aa141f2666c4cd1,0.021366247788866248,5.1295104998296545e-08,normalized94_abs_anchor_delta94_identity1,5ca38ebab9e2d191354ce7db934bf08f2b50c31bad2a7874ac97af410c8ebfc0,47187877d90beb7776381be4ab0b8522eb5d533e257908476eeadf717d90680f
UNION_s2,objective,418,1.0096093060377567,0.9882430548444462,0.7442691101069672,TRAIN_LOG1P_ANCHOR_EXCESS_MARGIN_CE,7d56a3cf42a07f683d323f7cbc28c99a9a6cbc061490716b2aa141f2666c4cd1,0.02136625119331051,3.251909557344529e-07,normalized94_abs_anchor_delta94_identity1,5ca38ebab9e2d191354ce7db934bf08f2b50c31bad2a7874ac97af410c8ebfc0,e7ea89c3a2982b4f72f23325e3a516c0138ca21dd225225d69dcbfef7cd9ddcd
UNION_s2,objective,419,1.0096093060377052,0.9882430569522226,0.7442691437556564,TRAIN_LOG1P_ANCHOR_EXCESS_MARGIN_CE,7d56a3cf42a07f683d323f7cbc28c99a9a6cbc061490716b2aa141f2666c4cd1,0.02136624908548257,1.4286396253874352e-07,normalized94_abs_anchor_delta94_identity1,5ca38ebab9e2d191354ce7db934bf08f2b50c31bad2a7874ac97af410c8ebfc0,bed12be01eb457350cb0e4e8f81bf8e55fbe872853947999d1737b24220f8687
UNION_s2,objective,420,1.009609306037667,0.9882430547916738,0.7442691570774436,TRAIN_LOG1P_ANCHOR_EXCESS_MARGIN_CE,7d56a3cf42a07f683d323f7cbc28c99a9a6cbc061490716b2aa141f2666c4cd1,0.021366251245993024,6.3168669845477e-08,normalized94_abs_anchor_delta94_identity1,5ca38ebab9e2d191354ce7db934bf08f2b50c31bad2a7874ac97af410c8ebfc0,08aca86515031714c61cdeebd897ed97db3767ee87dae4380037a48788da7343
UNION_s2,objective,421,1.0096093060376532,0.9882430540365753,0.7442691729649279,TRAIN_LOG1P_ANCHOR_EXCESS_MARGIN_CE,7d56a3cf42a07f683d323f7cbc28c99a9a6cbc061490716b2aa141f2666c4cd1,0.021366252001077866,3.7082933486814436e-08,normalized94_abs_anchor_delta94_identity1,5ca38ebab9e2d191354ce7db934bf08f2b50c31bad2a7874ac97af410c8ebfc0,6a2fcab90220030cd686f1345b303dcb61a5c362285bba78a31b84b7b7bbbfc3
UNION_s2,objective,422,1.00960930603764,0.9882430536766293,0.7442691903255365,TRAIN_LOG1P_ANCHOR_EXCESS_MARGIN_CE,7d56a3cf42a07f683d323f7cbc28c99a9a6cbc061490716b2aa141f2666c4cd1,0.02136625236101079,3.5185770155897805e-08,normalized94_abs_anchor_delta94_identity1,5ca38ebab9e2d191354ce7db934bf08f2b50c31bad2a7874ac97af410c8ebfc0,ac614bf58cf750e1ac3f7501b49e1f1fbac7a5d25fbe0615305932a9a7e99b7e
UNION_s2,objective,423,1.009609306037627,0.9882430538490848,0.7442691972571799,TRAIN_LOG1P_ANCHOR_EXCESS_MARGIN_CE,7d56a3cf42a07f683d323f7cbc28c99a9a6cbc061490716b2aa141f2666c4cd1,0.021366252188542184,4.231452496561225e-08,normalized94_abs_anchor_delta94_identity1,5ca38ebab9e2d191354ce7db934bf08f2b50c31bad2a7874ac97af410c8ebfc0,d7153315e26e677749568dd2044615b358807b00b30870d6d05471364c1445f5
UNION_s3,objective,1,4.858166177492398,4.858166177492398,1.3857607605189974,TRAIN_LOG1P_ANCHOR_EXCESS_MARGIN_CE,8bc9b11301b162494bf1911c149be1dd71f31d0a0601906acdb10574fb0dc970,0.0,8.977609310431157,normalized94_abs_anchor_delta94_identity1,5ca38ebab9e2d191354ce7db934bf08f2b50c31bad2a7874ac97af410c8ebfc0,db725b42e2cd89e9cb7e9380e022e26d86f343e11195db88002ac0fe269834f1
UNION_s3,objective,2,1.479674094003392,1.4796240940033918,0.7839154110451936,TRAIN_LOG1P_ANCHOR_EXCESS_MARGIN_CE,8bc9b11301b162494bf1911c149be1dd71f31d0a0601906acdb10574fb0dc970,5.0000000000000016e-05,0.6281765230314051,normalized94_abs_anchor_delta94_identity1,5ca38ebab9e2d191354ce7db934bf08f2b50c31bad2a7874ac97af410c8ebfc0,5683d9de81031799af0f930e7ed542a37aab177cc0ae21d93e3aae96db790c06
UNION_s3,objective,3,1.4355964888679416,1.4355396505237765,0.7947514251234811,TRAIN_LOG1P_ANCHOR_EXCESS_MARGIN_CE,8bc9b11301b162494bf1911c149be1dd71f31d0a0601906acdb10574fb0dc970,5.6838344164958746e-05,0.5197708905001914,normalized94_abs_anchor_delta94_identity1,5ca38ebab9e2d191354ce7db934bf08f2b50c31bad2a7874ac97af410c8ebfc0,5bdbe2d1cafde3e85eff9a0960ded57ae5b2de39aaea65876a17002a286c1fbd
UNION_s3,objective,4,1.305248850689883,1.3051518003753517,0.864409013748212,TRAIN_LOG1P_ANCHOR_EXCESS_MARGIN_CE,8bc9b11301b162494bf1911c149be1dd71f31d0a0601906acdb10574fb0dc970,9.705031453117944e-05,0.1825849854616107,normalized94_abs_anchor_delta94_identity1,5ca38ebab9e2d191354ce7db934bf08f2b50c31bad2a7874ac97af410c8ebfc0,d1b8dc58396d96c213495d849602b9b3c07b9092c48d2881853721a5c6ca4f5c
UNION_s3,objective,5,1.2709480195978093,1.2708239087579218,0.9044582341189196,TRAIN_LOG1P_ANCHOR_EXCESS_MARGIN_CE,8bc9b11301b162494bf1911c149be1dd71f31d0a0601906acdb10574fb0dc970,0.00012411083988745773,0.10940557558814566,normalized94_abs_anchor_delta94_identity1,5ca38ebab9e2d191354ce7db934bf08f2b50c31bad2a7874ac97af410c8ebfc0,8a84c3769cd4d24c549c9486ae98a70595bd669a99fee28e36c79bf43daece4c
UNION_s3,objective,6,1.2421870592268132,1.242027765132951,0.9306654551427014,TRAIN_LOG1P_ANCHOR_EXCESS_MARGIN_CE,8bc9b11301b162494bf1911c149be1dd71f31d0a0601906acdb10574fb0dc970,0.0001592940938620809,0.10834390174826213,normalized94_abs_anchor_delta94_identity1,5ca38ebab9e2d191354ce7db934bf08f2b50c31bad2a7874ac97af410c8ebfc0,99dcd6b25eeb4406eb3eaa9faea00d7ecb23d84b67d49b9e5619d631a9d70770
UNION_s3,objective,7,1.2010191314297567,1.200780045156413,0.930833187178417,TRAIN_LOG1P_ANCHOR_EXCESS_MARGIN_CE,8bc9b11301b162494bf1911c149be1dd71f31d0a0601906acdb10574fb0dc970,0.00023908627334361197,0.1179876867879797,normalized94_abs_anchor_delta94_identity1,5ca38ebab9e2d191354ce7db934bf08f2b50c31bad2a7874ac97af410c8ebfc0,a9f6c162d37bcb9b4567490de7196a161f1b32f10e5ec252ef595dcf2ace3e4b
UNION_s3,objective,8,1.1509836757599554,1.1504890800182779,0.8765046921614688,TRAIN_LOG1P_ANCHOR_EXCESS_MARGIN_CE,8bc9b11301b162494bf1911c149be1dd71f31d0a0601906acdb10574fb0dc970,0.0004945957416775593,0.046892740694039314,normalized94_abs_anchor_delta94_identity1,5ca38ebab9e2d191354ce7db934bf08f2b50c31bad2a7874ac97af410c8ebfc0,72c1028a4e324c6e3331561b1504d8189f2e211c66182eb909abe8e67815a1d4
UNION_s3,objective,9,1.1415855363443927,1.1410331600373993,0.8756815463279805,TRAIN_LOG1P_ANCHOR_EXCESS_MARGIN_CE,8bc9b11301b162494bf1911c149be1dd71f31d0a0601906acdb10574fb0dc970,0.0005523763069934565,0.0391142889890985,normalized94_abs_anchor_delta94_identity1,5ca38ebab9e2d191354ce7db934bf08f2b50c31bad2a7874ac97af410c8ebfc0,1beeb7e8ce5024a0dd1d11795bdb081a828407356172d7b0c2f615704355cc84
UNION_s3,objective,10,1.119132075355772,1.1183489934859399,0.8705676817210679,TRAIN_LOG1P_ANCHOR_EXCESS_MARGIN_CE,8bc9b11301b162494bf1911c149be1dd71f31d0a0601906acdb10574fb0dc970,0.0007830818698322515,0.041761171869210974,normalized94_abs_anchor_delta94_identity1,5ca38ebab9e2d191354ce7db934bf08f2b50c31bad2a7874ac97af410c8ebfc0,b0b45db578ff224892a2197db68ca4e21f6d3b00dfa23c4791c58bc5b07af1b0
UNION_s3,objective,11,1.1105377629397015,1.109642750568786,0.8471763034619378,TRAIN_LOG1P_ANCHOR_EXCESS_MARGIN_CE,8bc9b11301b162494bf1911c149be1dd71f31d0a0601906acdb10574fb0dc970,0.0008950123709154932,0.033752719861067704,normalized94_abs_anchor_delta94_identity1,5ca38ebab9e2d191354ce7db934bf08f2b50c31bad2a7874ac97af410c8ebfc0,5db275ac295dc71e3307c988c899a304f8554a30c3736a1919b21fec8c4cd334
UNION_s3,objective,12,1.1058207126487083,1.1048730052263602,0.8285164547269624,TRAIN_LOG1P_ANCHOR_EXCESS_MARGIN_CE,8bc9b11301b162494bf1911c149be1dd71f31d0a0601906acdb10574fb0dc970,0.0009477074223481369,0.035524045329166365,normalized94_abs_anchor_delta94_identity1,5ca38ebab9e2d191354ce7db934bf08f2b50c31bad2a7874ac97af410c8ebfc0,ce4f82aead8ef9d3cfa2af717d4396be41a8a632333a8ce18e3ac872792dff51
UNION_s3,objective,13,1.0999899664831878,1.0988489988012096,0.8244539966351243,TRAIN_LOG1P_ANCHOR_EXCESS_MARGIN_CE,8bc9b11301b162494bf1911c149be1dd71f31d0a0601906acdb10574fb0dc970,0.0011409676819782247,0.02258393914037865,normalized94_abs_anchor_delta94_identity1,5ca38ebab9e2d191354ce7db934bf08f2b50c31bad2a7874ac97af410c8ebfc0,515c4e196d7b6f4a049c4298900011a49003d6b6ac5c43b4c4574148b23d9986
UNION_s3,objective,14,1.096258866990045,1.0949778772852066,0.8255247962704367,TRAIN_LOG1P_ANCHOR_EXCESS_MARGIN_CE,8bc9b11301b162494bf1911c149be1dd71f31d0a0601906acdb10574fb0dc970,0.0012809897048383677,0.01685492925083639,normalized94_abs_anchor_delta94_identity1,5ca38ebab9e2d191354ce7db934bf08f2b50c31bad2a7874ac97af410c8ebfc0,2cc4ead6103096adde311b1d3bd93fcc90528b4d26e13b3e27fb25b0e956181f
UNION_s3,objective,15,1.0883854628754006,1.0865127611608087,0.826295358343917,TRAIN_LOG1P_ANCHOR_EXCESS_MARGIN_CE,8bc9b11301b162494bf1911c149be1dd71f31d0a0601906acdb10574fb0dc970,0.0018727017145919597,0.01590714887526964,normalized94_abs_anchor_delta94_identity1,5ca38ebab9e2d191354ce7db934bf08f2b50c31bad2a7874ac97af410c8ebfc0,e515c5081c855ecc71d3844d7ce94219b5805da4d3a04cef53fe3d0dac363eff
UNION_s3,objective,16,1.0839203233151395,1.0815298302610274,0.81098925364954,TRAIN_LOG1P_ANCHOR_EXCESS_MARGIN_CE,8bc9b11301b162494bf1911c149be1dd71f31d0a0601906acdb10574fb0dc970,0.0023904930541121337,0.0369147100667362,normalized94_abs_anchor_delta94_identity1,5ca38ebab9e2d191354ce7db934bf08f2b50c31bad2a7874ac97af410c8ebfc0,78002340cfafa697f62f637a66003afdcdd99dab69caa8584e1932010554b0ce
UNION_s3,objective,17,1.077150765414667,1.074198730150498,0.8224480549800478,TRAIN_LOG1P_ANCHOR_EXCESS_MARGIN_CE,8bc9b11301b162494bf1911c149be1dd71f31d0a0601906acdb10574fb0dc970,0.002952035264168982,0.03023882591921076,normalized94_abs_anchor_delta94_identity1,5ca38ebab9e2d191354ce7db934bf08f2b50c31bad2a7874ac97af410c8ebfc0,68f95803cc0d5f3f65521c5a2c8f3a13419c74581c4e100b0cbad5d9620d641e
UNION_s3,objective,18,1.0725931015270458,1.0690384730031774,0.8167931124083064,TRAIN_LOG1P_ANCHOR_EXCESS_MARGIN_CE,8bc9b11301b162494bf1911c149be1dd71f31d0a0601906acdb10574fb0dc970,0.0035546285238684527,0.02034949928857857,normalized94_abs_anchor_delta94_identity1,5ca38ebab9e2d191354ce7db934bf08f2b50c31bad2a7874ac97af410c8ebfc0,87902101661f4efdcd23b082227ab353c4d538ce5530bfc80eecd1163ad2a065
UNION_s3,objective,19,1.0696000013746507,1.0659159993823464,0.8158090947290982,TRAIN_LOG1P_ANCHOR_EXCESS_MARGIN_CE,8bc9b11301b162494bf1911c149be1dd71f31d0a0601906acdb10574fb0dc970,0.003684001992304304,0.020736824714418033,normalized94_abs_anchor_delta94_identity1,5ca38ebab9e2d191354ce7db934bf08f2b50c31bad2a7874ac97af410c8ebfc0,6ad7e1ff9f9e7a21de70f9ce49d97254f8a4b5bc16ac23715dade1c7f70071ae
UNION_s3,objective,20,1.0665176851287337,1.0624980601267293,0.8044759375304996,TRAIN_LOG1P_ANCHOR_EXCESS_MARGIN_CE,8bc9b11301b162494bf1911c149be1dd71f31d0a0601906acdb10574fb0dc970,0.004019625002004323,0.018949046393936398,normalized94_abs_anchor_delta94_identity1,5ca38ebab9e2d191354ce7db934bf08f2b50c31bad2a7874ac97af410c8ebfc0,1eade8b0961ab9ebe7e738e64d1a25f25f78683d27dbdb79e89e7e77185b5e21
UNION_s3,objective,21,1.0631764817649332,1.0585880235918912,0.7990055980323316,TRAIN_LOG1P_ANCHOR_EXCESS_MARGIN_CE,8bc9b11301b162494bf1911c149be1dd71f31d0a0601906acdb10574fb0dc970,0.004588458173042014,0.018290477661505534,normalized94_abs_anchor_delta94_identity1,5ca38ebab9e2d191354ce7db934bf08f2b50c31bad2a7874ac97af410c8ebfc0,ac4a1fbdceb1a9851f670d1170c45412d012f25f87652fb03d4a8a1b7d53ca38
UNION_s3,objective,22,1.0590513992864548,1.0535753493255955,0.7960884762585628,TRAIN_LOG1P_ANCHOR_EXCESS_MARGIN_CE,8bc9b11301b162494bf1911c149be1dd71f31d0a0601906acdb10574fb0dc970,0.005476049960859182,0.01591762070457695,normalized94_abs_anchor_delta94_identity1,5ca38ebab9e2d191354ce7db934bf08f2b50c31bad2a7874ac97af410c8ebfc0,9317bc2674995304a4e4b3e832d592e554a731799e195e3ebe610ceb83d3deca
UNION_s3,objective,23,1.0583933803458048,1.0505767674845725,0.8119312846314214,TRAIN_LOG1P_ANCHOR_EXCESS_MARGIN_CE,8bc9b11301b162494bf1911c149be1dd71f31d0a0601906acdb10574fb0dc970,0.007816612861232305,0.06883763565328099,normalized94_abs_anchor_delta94_identity1,5ca38ebab9e2d191354ce7db934bf08f2b50c31bad2a7874ac97af410c8ebfc0,770f7b2a7a85b4ff1ef43c1ba21dfcd493e58de0583cecadbd1b9444848b28bd
UNION_s3,objective,24,1.0543231727036166,1.047065204723486,0.798014666437174,TRAIN_LOG1P_ANCHOR_EXCESS_MARGIN_CE,8bc9b11301b162494bf1911c149be1dd71f31d0a0601906acdb10574fb0dc970,0.007257967980130603,0.022734799253795124,normalized94_abs_anchor_delta94_identity1,5ca38ebab9e2d191354ce7db934bf08f2b50c31bad2a7874ac97af410c8ebfc0,ae4ea45fed0e2b94df8475da02330b2426e50d2bd13fda744e3079e80e89ca42
UNION_s3,objective,25,1.0529566930979846,1.0458466286890717,0.7929868759178197,TRAIN_LOG1P_ANCHOR_EXCESS_MARGIN_CE,8bc9b11301b162494bf1911c149be1dd71f31d0a0601906acdb10574fb0dc970,0.007110064408912906,0.011489173382101038,normalized94_abs_anchor_delta94_identity1,5ca38ebab9e2d191354ce7db934bf08f2b50c31bad2a7874ac97af410c8ebfc0,67df1502731cda713f9ade2d5520f6f5f4bcdb6207d19dd1a39ffb4fd18490f8
UNION_s3,objective,26,1.0509203747831704,1.0435413312282331,0.785779346122376,TRAIN_LOG1P_ANCHOR_EXCESS_MARGIN_CE,8bc9b11301b162494bf1911c149be1dd71f31d0a0601906acdb10574fb0dc970,0.007379043554937201,0.019648087438529062,normalized94_abs_anchor_delta94_identity1,5ca38ebab9e2d191354ce7db934bf08f2b50c31bad2a7874ac97af410c8ebfc0,3399579f8e1f6c709869beccfa8bda81effd8f073790a3b095abbc584235b037
UNION_s3,objective,27,1.049596981520328,1.0415464789267965,0.7857203138235462,TRAIN_LOG1P_ANCHOR_EXCESS_MARGIN_CE,8bc9b11301b162494bf1911c149be1dd71f31d0a0601906acdb10574fb0dc970,0.008050502593531511,0.016647994411343965,normalized94_abs_anchor_delta94_identity1,5ca38ebab9e2d191354ce7db934bf08f2b50c31bad2a7874ac97af410c8ebfc0,5fe1dc3094a3c0b4c8b0dc80191c1ecb95be085724169f5fe048f041e935e19a
UNION_s3,objective,28,1.0472651145465492,1.0373620566141768,0.7991589730599871,TRAIN_LOG1P_ANCHOR_EXCESS_MARGIN_CE,8bc9b11301b162494bf1911c149be1dd71f31d0a0601906acdb10574fb0dc970,0.009903057932372476,0.025335679459976803,normalized94_abs_anchor_delta94_identity1,5ca38ebab9e2d191354ce7db934bf08f2b50c31bad2a7874ac97af410c8ebfc0,a9499931b91658f33ea1e09e6874ddd8fe30f53e0b39180c2d644fffe9b9313d
UNION_s3,objective,29,1.0463074702700672,1.035901119159598,0.7928600249263831,TRAIN_LOG1P_ANCHOR_EXCESS_MARGIN_CE,8bc9b11301b162494bf1911c149be1dd71f31d0a0601906acdb10574fb0dc970,0.01040635111046924,0.01106801575379963,normalized94_abs_anchor_delta94_identity1,5ca38ebab9e2d191354ce7db934bf08f2b50c31bad2a7874ac97af410c8ebfc0,3549fe935d0aac369ac0eb8a36a6da673ee4777af83d5263a2884bd367882bc9
UNION_s3,objective,30,1.045647494827914,1.0352371033348708,0.7883887013634749,TRAIN_LOG1P_ANCHOR_EXCESS_MARGIN_CE,8bc9b11301b162494bf1911c149be1dd71f31d0a0601906acdb10574fb0dc970,0.010410391493043101,0.009541050508727266,normalized94_abs_anchor_delta94_identity1,5ca38ebab9e2d191354ce7db934bf08f2b50c31bad2a7874ac97af410c8ebfc0,9ac63ce8640b3b4262d27d222e87eb73a9a858ce232e18c072cfd635b666df7c
UNION_s3,objective,31,1.0449216069348473,1.0344305526721234,0.7859995023143733,TRAIN_LOG1P_ANCHOR_EXCESS_MARGIN_CE,8bc9b11301b162494bf1911c149be1dd71f31d0a0601906acdb10574fb0dc970,0.010491054262723907,0.0139981785356768,normalized94_abs_anchor_delta94_identity1,5ca38ebab9e2d191354ce7db934bf08f2b50c31bad2a7874ac97af410c8ebfc0,4aef77a20b36a3d725f24257d89322b945d846edd1a5dee0dbdafd181afb604e
UNION_s3,objective,32,1.0435397803629196,1.0328579277263088,0.7843389385327949,TRAIN_LOG1P_ANCHOR_EXCESS_MARGIN_CE,8bc9b11301b162494bf1911c149be1dd71f31d0a0601906acdb10574fb0dc970,0.010681852636610794,0.016710686849633633,normalized94_abs_anchor_delta94_identity1,5ca38ebab9e2d191354ce7db934bf08f2b50c31bad2a7874ac97af410c8ebfc0,6dc6d527822189a847d741a10e97a3c6a269e454777defab156cbf8fcaebfd3a
UNION_s3,objective,33,1.0411925628439214,1.0296693818398912,0.7796617992666877,TRAIN_LOG1P_ANCHOR_EXCESS_MARGIN_CE,8bc9b11301b162494bf1911c149be1dd71f31d0a0601906acdb10574fb0dc970,0.011523181004030108,0.013665592042165742,normalized94_abs_anchor_delta94_identity1,5ca38ebab9e2d191354ce7db934bf08f2b50c31bad2a7874ac97af410c8ebfc0,22aa81a66f94cbced0d2a6e69c52ad849e6ef6d417d9fe99fb349edd2f121a46
UNION_s3,objective,34,1.0416137317989844,1.027638242914731,0.7782557022417224,TRAIN_LOG1P_ANCHOR_EXCESS_MARGIN_CE,8bc9b11301b162494bf1911c149be1dd71f31d0a0601906acdb10574fb0dc970,0.013975488884253404,0.04024503644627394,normalized94_abs_anchor_delta94_identity1,5ca38ebab9e2d191354ce7db934bf08f2b50c31bad2a7874ac97af410c8ebfc0,9037543b864e745c7baa70787e5d2f81b84029ded017716deb48be3a76f2ade7
UNION_s3,objective,35,1.0400126073704519,1.0274036635318244,0.7782188619338095,TRAIN_LOG1P_ANCHOR_EXCESS_MARGIN_CE,8bc9b11301b162494bf1911c149be1dd71f31d0a0601906acdb10574fb0dc970,0.01260894383862752,0.018500454958174616,normalized94_abs_anchor_delta94_identity1,5ca38ebab9e2d191354ce7db934bf08f2b50c31bad2a7874ac97af410c8ebfc0,0b219dabdd1774eb809abb6bd0d60b17711804620323970bf5d87ed9bed7505d
UNION_s3,objective,36,1.038842508442575,1.0259546016768675,0.7792867589403563,TRAIN_LOG1P_ANCHOR_EXCESS_MARGIN_CE,8bc9b11301b162494bf1911c149be1dd71f31d0a0601906acdb10574fb0dc970,0.012887906765707502,0.009280337169035145,normalized94_abs_anchor_delta94_identity1,5ca38ebab9e2d191354ce7db934bf08f2b50c31bad2a7874ac97af410c8ebfc0,f7e3db7af48bdd842862fed207d1c10309a71684d9b64a839b644c2b7d3f0c0f
UNION_s3,objective,37,1.0382337789811857,1.0249291726265677,0.7793919300623533,TRAIN_LOG1P_ANCHOR_EXCESS_MARGIN_CE,8bc9b11301b162494bf1911c149be1dd71f31d0a0601906acdb10574fb0dc970,0.013304606354618014,0.011402329312504697,normalized94_abs_anchor_delta94_identity1,5ca38ebab9e2d191354ce7db934bf08f2b50c31bad2a7874ac97af410c8ebfc0,ff056587f7174afac313833b8c95c2df7f87a6b89ae2ee1e986b0b7a315de547
UNION_s3,objective,38,1.0376791688650542,1.0241136959853085,0.7850373031602511,TRAIN_LOG1P_ANCHOR_EXCESS_MARGIN_CE,8bc9b11301b162494bf1911c149be1dd71f31d0a0601906acdb10574fb0dc970,0.01356547287974571,0.034052201752703064,normalized94_abs_anchor_delta94_identity1,5ca38ebab9e2d191354ce7db934bf08f2b50c31bad2a7874ac97af410c8ebfc0,15778d110807edc000ee81dfb7d3a9672054c441a8fae590e5592354f084e9c3
UNION_s3,objective,39,1.0367827998525943,1.0228967515375058,0.7816042218678957,TRAIN_LOG1P_ANCHOR_EXCESS_MARGIN_CE,8bc9b11301b162494bf1911c149be1dd71f31d0a0601906acdb10574fb0dc970,0.013886048315088426,0.018683613449140175,normalized94_abs_anchor_delta94_identity1,5ca38ebab9e2d191354ce7db934bf08f2b50c31bad2a7874ac97af410c8ebfc0,58e58b3d518811dfc4381db8f07720e04dedee9b14cd5370ef37b699e1117997
UNION_s3,objective,40,1.036105726215253,1.021947142949628,0.7778085261480624,TRAIN_LOG1P_ANCHOR_EXCESS_MARGIN_CE,8bc9b11301b162494bf1911c149be1dd71f31d0a0601906acdb10574fb0dc970,0.014158583265625075,0.006813510335230778,normalized94_abs_anchor_delta94_identity1,5ca38ebab9e2d191354ce7db934bf08f2b50c31bad2a7874ac97af410c8ebfc0,8e18fa519aa2dd07a92b611507d34a0d741b0a068c22df9e866e6484aa604248
UNION_s3,objective,41,1.0359190871260706,1.0217651070831373,0.7770509068504127,TRAIN_LOG1P_ANCHOR_EXCESS_MARGIN_CE,8bc9b11301b162494bf1911c149be1dd71f31d0a0601906acdb10574fb0dc970,0.014153980042933282,0.00790016389520897,normalized94_abs_anchor_delta94_identity1,5ca38ebab9e2d191354ce7db934bf08f2b50c31bad2a7874ac97af410c8ebfc0,c21c3923158144c7950f309fa9e63c072d86d8d2d3bc5d6a651bd52606301512
UNION_s3,objective,42,1.035338568873944,1.0210984565805428,0.7772777851480762,TRAIN_LOG1P_ANCHOR_EXCESS_MARGIN_CE,8bc9b11301b162494bf1911c149be1dd71f31d0a0601906acdb10574fb0dc970,0.014240112293401226,0.007642165698101357,normalized94_abs_anchor_delta94_identity1,5ca38ebab9e2d191354ce7db934bf08f2b50c31bad2a7874ac97af410c8ebfc0,01c247f4aef09d912c1e052a674dc1cae55a5666475a65679dc630beddf5fc62
UNION_s3,objective,43,1.0469723550651306,1.0321077580000801,0.7407580769229912,TRAIN_LOG1P_ANCHOR_EXCESS_MARGIN_CE,8bc9b11301b162494bf1911c149be1dd71f31d0a0601906acdb10574fb0dc970,0.01486459706505048,0.08715870219295996,normalized94_abs_anchor_delta94_identity1,5ca38ebab9e2d191354ce7db934bf08f2b50c31bad2a7874ac97af410c8ebfc0,5c568efa4760fafda00877f28300542b40a13426e638d3275334ac53275ec6f6
UNION_s3,objective,44,1.035002446091953,1.0207056939796213,0.7710133686103673,TRAIN_LOG1P_ANCHOR_EXCESS_MARGIN_CE,8bc9b11301b162494bf1911c149be1dd71f31d0a0601906acdb10574fb0dc970,0.014296752112331657,0.014777434888104927,normalized94_abs_anchor_delta94_identity1,5ca38ebab9e2d191354ce7db934bf08f2b50c31bad2a7874ac97af410c8ebfc0,0b295e1e03a6e396adba7237670775024239eddda113cfee32e1bf75fef64672
UNION_s3,objective,45,1.0339628748295955,1.0193551291372303,0.7713472650527085,TRAIN_LOG1P_ANCHOR_EXCESS_MARGIN_CE,8bc9b11301b162494bf1911c149be1dd71f31d0a0601906acdb10574fb0dc970,0.014607745692365321,0.010469092204696853,normalized94_abs_anchor_delta94_identity1,5ca38ebab9e2d191354ce7db934bf08f2b50c31bad2a7874ac97af410c8ebfc0,120d34589613e8090f976eae3458eaa832695ef7f525ef9a62991e707bc04be9
UNION_s3,objective,46,1.0329948395793056,1.017744455371333,0.7707509808548835,TRAIN_LOG1P_ANCHOR_EXCESS_MARGIN_CE,8bc9b11301b162494bf1911c149be1dd71f31d0a0601906acdb10574fb0dc970,0.015250384207972428,0.0069563375571320375,normalized94_abs_anchor_delta94_identity1,5ca38ebab9e2d191354ce7db934bf08f2b50c31bad2a7874ac97af410c8ebfc0,a3e0ae01891b5fa81038d669a2bd720ce82d875222667e62c3e18b1c8cfe0a10
UNION_s3,objective,47,1.0319480822067904,1.0155042091354065,0.7709085066389996,TRAIN_LOG1P_ANCHOR_EXCESS_MARGIN_CE,8bc9b11301b162494bf1911c149be1dd71f31d0a0601906acdb10574fb0dc970,0.016443873071383897,0.007297304447848813,normalized94_abs_anchor_delta94_identity1,5ca38ebab9e2d191354ce7db934bf08f2b50c31bad2a7874ac97af410c8ebfc0,b3594b279880b308fce6b6aa489c8b4b5848d9203996e7729df8f11cf5962b2d
UNION_s3,objective,48,1.0315748557594182,1.0141020561386183,0.7702089709242468,TRAIN_LOG1P_ANCHOR_EXCESS_MARGIN_CE,8bc9b11301b162494bf1911c149be1dd71f31d0a0601906acdb10574fb0dc970,0.017472799620799975,0.015255300807484891,normalized94_abs_anchor_delta94_identity1,5ca38ebab9e2d191354ce7db934bf08f2b50c31bad2a7874ac97af410c8ebfc0,4a834391fdb49eee44cb11266fef9915fe598e0c67582732d26ce5faa3bc948f
UNION_s3,objective,49,1.0309873138716772,1.0134648839035814,0.7712124301401166,TRAIN_LOG1P_ANCHOR_EXCESS_MARGIN_CE,8bc9b11301b162494bf1911c149be1dd71f31d0a0601906acdb10574fb0dc970,0.01752242996809588,0.00981769144437539,normalized94_abs_anchor_delta94_identity1,5ca38ebab9e2d191354ce7db934bf08f2b50c31bad2a7874ac97af410c8ebfc0,1653810a70a6859b588cb421a28345f4c6d1f229f8e40dbfffee0ea9089d388a
UNION_s3,objective,50,1.0305999379478963,1.0131665226398048,0.7703783578461795,TRAIN_LOG1P_ANCHOR_EXCESS_MARGIN_CE,8bc9b11301b162494bf1911c149be1dd71f31d0a0601906acdb10574fb0dc970,0.017433415308091605,0.005581487990508153,normalized94_abs_anchor_delta94_identity1,5ca38ebab9e2d191354ce7db934bf08f2b50c31bad2a7874ac97af410c8ebfc0,1c09cbe9fbfcf5c3ea95ec819ecc38a70d51a5bda1abaec29d125bc0a1fe44ea
UNION_s3,objective,51,1.0300494269723846,1.0125017535099037,0.7696431816255597,TRAIN_LOG1P_ANCHOR_EXCESS_MARGIN_CE,8bc9b11301b162494bf1911c149be1dd71f31d0a0601906acdb10574fb0dc970,0.017547673462480776,0.00748278776285289,normalized94_abs_anchor_delta94_identity1,5ca38ebab9e2d191354ce7db934bf08f2b50c31bad2a7874ac97af410c8ebfc0,66c160666cf9dd0bd03caa79e942347682ec88a8ecb23d2af1be5abb255fe9db
UNION_s3,objective,52,1.0297343997171975,1.0117852641951286,0.7673217942164341,TRAIN_LOG1P_ANCHOR_EXCESS_MARGIN_CE,8bc9b11301b162494bf1911c149be1dd71f31d0a0601906acdb10574fb0dc970,0.017949135522068903,0.014656322823015131,normalized94_abs_anchor_delta94_identity1,5ca38ebab9e2d191354ce7db934bf08f2b50c31bad2a7874ac97af410c8ebfc0,3c62058759e516ea54d88c1ae63bc0b2fbf4ab447da6e607d234ac5e73eca165
UNION_s3,objective,53,1.029333367716735,1.0108426237685266,0.7696150609605074,TRAIN_LOG1P_ANCHOR_EXCESS_MARGIN_CE,8bc9b11301b162494bf1911c149be1dd71f31d0a0601906acdb10574fb0dc970,0.018490743948208228,0.0051859714775862095,normalized94_abs_anchor_delta94_identity1,5ca38ebab9e2d191354ce7db934bf08f2b50c31bad2a7874ac97af410c8ebfc0,97764e75c08434bce88b52a7aeddb25e663a200110305b41d59fa61a72441bd2
UNION_s3,objective,54,1.0291328536289144,1.0103653335248484,0.7683298077015014,TRAIN_LOG1P_ANCHOR_EXCESS_MARGIN_CE,8bc9b11301b162494bf1911c149be1dd71f31d0a0601906acdb10574fb0dc970,0.018767520104065932,0.004199054979250379,normalized94_abs_anchor_delta94_identity1,5ca38ebab9e2d191354ce7db934bf08f2b50c31bad2a7874ac97af410c8ebfc0,812c9cda796fa590e7ca4984ef40db4b6d27bdf6de47bf7404978a7b3e38f465
UNION_s3,objective,55,1.028850063693254,1.0098632290091802,0.7669699430940528,TRAIN_LOG1P_ANCHOR_EXCESS_MARGIN_CE,8bc9b11301b162494bf1911c149be1dd71f31d0a0601906acdb10574fb0dc970,0.018986834684073813,0.0030342987034941114,normalized94_abs_anchor_delta94_identity1,5ca38ebab9e2d191354ce7db934bf08f2b50c31bad2a7874ac97af410c8ebfc0,541c269a97365dd71c3c1f76a7e6122a2de78573399fb45a1361bbd3a4ae608e
UNION_s3,objective,56,1.028521419328822,1.0093254222542978,0.7663868193536694,TRAIN_LOG1P_ANCHOR_EXCESS_MARGIN_CE,8bc9b11301b162494bf1911c149be1dd71f31d0a0601906acdb10574fb0dc970,0.019195997074524202,0.0044245282578460506,normalized94_abs_anchor_delta94_identity1,5ca38ebab9e2d191354ce7db934bf08f2b50c31bad2a7874ac97af410c8ebfc0,d52ec17fd808a406d819dad628bd630a25857a0eee4e5f73dc8adc32cf46ff43
UNION_s3,objective,57,1.0284111660224962,1.0084366368500555,0.7600742619177339,TRAIN_LOG1P_ANCHOR_EXCESS_MARGIN_CE,8bc9b11301b162494bf1911c149be1dd71f31d0a0601906acdb10574fb0dc970,0.01997452917244072,0.010251408828211005,normalized94_abs_anchor_delta94_identity1,5ca38ebab9e2d191354ce7db934bf08f2b50c31bad2a7874ac97af410c8ebfc0,0d9ecb23ec879effc28998940b0af1cc65b3575c35d690dfe9b31e9022a89a30
UNION_s3,objective,58,1.0281660436112758,1.0085411411912706,0.7645793922105248,TRAIN_LOG1P_ANCHOR_EXCESS_MARGIN_CE,8bc9b11301b162494bf1911c149be1dd71f31d0a0601906acdb10574fb0dc970,0.0196249024200053,0.003426984887586242,normalized94_abs_anchor_delta94_identity1,5ca38ebab9e2d191354ce7db934bf08f2b50c31bad2a7874ac97af410c8ebfc0,21f1cab409e36f8f9f61b8688fa85cf838bb9563fde22bfd0b78224447d8bea5
UNION_s3,objective,59,1.0280275391036917,1.0084388078437543,0.7663867357350808,TRAIN_LOG1P_ANCHOR_EXCESS_MARGIN_CE,8bc9b11301b162494bf1911c149be1dd71f31d0a0601906acdb10574fb0dc970,0.019588731259937348,0.003338528791076402,normalized94_abs_anchor_delta94_identity1,5ca38ebab9e2d191354ce7db934bf08f2b50c31bad2a7874ac97af410c8ebfc0,14cd38ed29ff639eaf7cf969ef0470c8d5563bb1165e03c4b22c04115f793a79
UNION_s3,objective,60,1.0278777824856464,1.008034564871077,0.76681697359265,TRAIN_LOG1P_ANCHOR_EXCESS_MARGIN_CE,8bc9b11301b162494bf1911c149be1dd71f31d0a0601906acdb10574fb0dc970,0.019843217614569558,0.0035333575261133217,normalized94_abs_anchor_delta94_identity1,5ca38ebab9e2d191354ce7db934bf08f2b50c31bad2a7874ac97af410c8ebfc0,7aa8812bd0d8064dd8a7ac74e32f9565a6fc9f4a03254de95cde2dbf10603c7b
UNION_s3,objective,61,1.0276507276790992,1.0076420114741989,0.7661999304757537,TRAIN_LOG1P_ANCHOR_EXCESS_MARGIN_CE,8bc9b11301b162494bf1911c149be1dd71f31d0a0601906acdb10574fb0dc970,0.020008716204900207,0.0031412575668150764,normalized94_abs_anchor_delta94_identity1,5ca38ebab9e2d191354ce7db934bf08f2b50c31bad2a7874ac97af410c8ebfc0,2380673a58fdfe95c90f7d40d47740ab7fc97860576c8c74a6d73326053e0721
UNION_s3,objective,62,1.027407052007301,1.0058950021281161,0.7647532156664129,TRAIN_LOG1P_ANCHOR_EXCESS_MARGIN_CE,8bc9b11301b162494bf1911c149be1dd71f31d0a0601906acdb10574fb0dc970,0.021512049879185046,0.0061108769053856045,normalized94_abs_anchor_delta94_identity1,5ca38ebab9e2d191354ce7db934bf08f2b50c31bad2a7874ac97af410c8ebfc0,fe4fa150b4636b848c211430b0b3c782d66cdf0d4ae2c6a481813ffd4eaa8d64
UNION_s3,objective,63,1.027798607868241,1.0063848026066977,0.7595445908034478,TRAIN_LOG1P_ANCHOR_EXCESS_MARGIN_CE,8bc9b11301b162494bf1911c149be1dd71f31d0a0601906acdb10574fb0dc970,0.0214138052615434,0.029481056271643536,normalized94_abs_anchor_delta94_identity1,5ca38ebab9e2d191354ce7db934bf08f2b50c31bad2a7874ac97af410c8ebfc0,ecb54d530175072e73e33a42e6be5dcd0bb393d24259731c34646563a76f2324
UNION_s3,objective,64,1.0273026249029535,1.0058229233820652,0.7630090118257067,TRAIN_LOG1P_ANCHOR_EXCESS_MARGIN_CE,8bc9b11301b162494bf1911c149be1dd71f31d0a0601906acdb10574fb0dc970,0.021479701520888343,0.007942727663699743,normalized94_abs_anchor_delta94_identity1,5ca38ebab9e2d191354ce7db934bf08f2b50c31bad2a7874ac97af410c8ebfc0,90b3459971490bf601bcdac929a7882abbaaf2376d85d87046a7eea3fe6a6680
UNION_s3,objective,65,1.0271800060487313,1.0059376228213404,0.763406412793895,TRAIN_LOG1P_ANCHOR_EXCESS_MARGIN_CE,8bc9b11301b162494bf1911c149be1dd71f31d0a0601906acdb10574fb0dc970,0.02124238322739098,0.0020678403773112,normalized94_abs_anchor_delta94_identity1,5ca38ebab9e2d191354ce7db934bf08f2b50c31bad2a7874ac97af410c8ebfc0,e82bf681370acc7b614a0f0fd530cede40c593f6b9801e2b7678a7fd40a48d57
UNION_s3,objective,66,1.0271477484774822,1.00596768733132,0.7631009208625281,TRAIN_LOG1P_ANCHOR_EXCESS_MARGIN_CE,8bc9b11301b162494bf1911c149be1dd71f31d0a0601906acdb10574fb0dc970,0.021180061146162315,0.001852299935263211,normalized94_abs_anchor_delta94_identity1,5ca38ebab9e2d191354ce7db934bf08f2b50c31bad2a7874ac97af410c8ebfc0,18a459bba2ab7a72418ee023dd238eed94d8ab12d9e7f5051f508f7a7a434c62
UNION_s3,objective,67,1.0270251965631576,1.0056446053787373,0.7629444205157933,TRAIN_LOG1P_ANCHOR_EXCESS_MARGIN_CE,8bc9b11301b162494bf1911c149be1dd71f31d0a0601906acdb10574fb0dc970,0.02138059118442022,0.002459730063124653,normalized94_abs_anchor_delta94_identity1,5ca38ebab9e2d191354ce7db934bf08f2b50c31bad2a7874ac97af410c8ebfc0,45edbd8375aed1cf9cad97b42c440101a5972957f956af7fd1985310d5995b4b
UNION_s3,objective,68,1.026901013952206,1.006093784340892,0.7616699423083076,TRAIN_LOG1P_ANCHOR_EXCESS_MARGIN_CE,8bc9b11301b162494bf1911c149be1dd71f31d0a0601906acdb10574fb0dc970,0.02080722961131404,0.004620555456284012,normalized94_abs_anchor_delta94_identity1,5ca38ebab9e2d191354ce7db934bf08f2b50c31bad2a7874ac97af410c8ebfc0,2e260da8841599ab0f9f09f3b1bd0ed45fd5415afe9c8ae7a7319fa937cdd45c
UNION_s3,objective,69,1.0268037080306713,1.005640954398027,0.7626609628096555,TRAIN_LOG1P_ANCHOR_EXCESS_MARGIN_CE,8bc9b11301b162494bf1911c149be1dd71f31d0a0601906acdb10574fb0dc970,0.021162753632644492,0.0019109719521146558,normalized94_abs_anchor_delta94_identity1,5ca38ebab9e2d191354ce7db934bf08f2b50c31bad2a7874ac97af410c8ebfc0,403bf91048e01f88ce2370e3e3d47276288f646edefbe301cf27ea4df029f0d5
UNION_s3,objective,70,1.0267466821386995,1.0053469334534002,0.7630186805876087,TRAIN_LOG1P_ANCHOR_EXCESS_MARGIN_CE,8bc9b11301b162494bf1911c149be1dd71f31d0a0601906acdb10574fb0dc970,0.021399748685299223,0.0019282576651890719,normalized94_abs_anchor_delta94_identity1,5ca38ebab9e2d191354ce7db934bf08f2b50c31bad2a7874ac97af410c8ebfc0,90a639b7f80a737db299dc7456d2223c48c88ef30523b9fa3559b8cab9307a2f
UNION_s3,objective,71,1.0266740560137257,1.0051844753753971,0.7649656253078534,TRAIN_LOG1P_ANCHOR_EXCESS_MARGIN_CE,8bc9b11301b162494bf1911c149be1dd71f31d0a0601906acdb10574fb0dc970,0.021489580638328624,0.004303942074948215,normalized94_abs_anchor_delta94_identity1,5ca38ebab9e2d191354ce7db934bf08f2b50c31bad2a7874ac97af410c8ebfc0,0a6a3acc70eb54b81e34957394ccadfae4c0d389aa2104e2d6b96d01b1a19c0e
UNION_s3,objective,72,1.026587424185675,1.0046905392051542,0.7637954859423137,TRAIN_LOG1P_ANCHOR_EXCESS_MARGIN_CE,8bc9b11301b162494bf1911c149be1dd71f31d0a0601906acdb10574fb0dc970,0.021896884980520698,0.002467172377843061,normalized94_abs_anchor_delta94_identity1,5ca38ebab9e2d191354ce7db934bf08f2b50c31bad2a7874ac97af410c8ebfc0,dcfca7ad6c5b749064d380a8784efc53b3c580b7962537dc4f3ebab1797f6c4a
UNION_s3,objective,73,1.0265137543756984,1.0045194736743406,0.7632988683670958,TRAIN_LOG1P_ANCHOR_EXCESS_MARGIN_CE,8bc9b11301b162494bf1911c149be1dd71f31d0a0601906acdb10574fb0dc970,0.02199428070135776,0.001906642341350831,normalized94_abs_anchor_delta94_identity1,5ca38ebab9e2d191354ce7db934bf08f2b50c31bad2a7874ac97af410c8ebfc0,400697eca82f6cfea561840c16226ba4ca89a4866bba76b35d83f24f16c93504
UNION_s3,objective,74,1.026404592076499,1.0040233085267898,0.7620710264720154,TRAIN_LOG1P_ANCHOR_EXCESS_MARGIN_CE,8bc9b11301b162494bf1911c149be1dd71f31d0a0601906acdb10574fb0dc970,0.022381283549709145,0.0024040418480762043,normalized94_abs_anchor_delta94_identity1,5ca38ebab9e2d191354ce7db934bf08f2b50c31bad2a7874ac97af410c8ebfc0,9b13b1216177612ff2cc95584cb2216278177e64d1f0cd570e2f8eb77e8dfdd1
UNION_s3,objective,75,1.0263545090584105,1.0037733796732382,0.760369706466303,TRAIN_LOG1P_ANCHOR_EXCESS_MARGIN_CE,8bc9b11301b162494bf1911c149be1dd71f31d0a0601906acdb10574fb0dc970,0.022581129385172392,0.007265793167452151,normalized94_abs_anchor_delta94_identity1,5ca38ebab9e2d191354ce7db934bf08f2b50c31bad2a7874ac97af410c8ebfc0,2ff9648fdceec073119ca8d2e362c52f498dd868fe77e3beab1b97b8c6be35d5
UNION_s3,objective,76,1.0263173593851695,1.0038224901522932,0.7620226297237105,TRAIN_LOG1P_ANCHOR_EXCESS_MARGIN_CE,8bc9b11301b162494bf1911c149be1dd71f31d0a0601906acdb10574fb0dc970,0.022494869232876386,0.004024738132313579,normalized94_abs_anchor_delta94_identity1,5ca38ebab9e2d191354ce7db934bf08f2b50c31bad2a7874ac97af410c8ebfc0,145a7c6e3ba2158472fae7248205ed42e46ff78a66ee71c25b8e861ec261b288
UNION_s3,objective,77,1.0262900619962683,1.0037467825419966,0.7617982121485373,TRAIN_LOG1P_ANCHOR_EXCESS_MARGIN_CE,8bc9b11301b162494bf1911c149be1dd71f31d0a0601906acdb10574fb0dc970,0.022543279454271703,0.001807226512374378,normalized94_abs_anchor_delta94_identity1,5ca38ebab9e2d191354ce7db934bf08f2b50c31bad2a7874ac97af410c8ebfc0,ee29ae81102163ecbf0a7f77838a3f421699402b34650d21988ffd484381f7c8
UNION_s3,objective,78,1.0262720116462671,1.003671135011832,0.7618245461264322,TRAIN_LOG1P_ANCHOR_EXCESS_MARGIN_CE,8bc9b11301b162494bf1911c149be1dd71f31d0a0601906acdb10574fb0dc970,0.022600876634435167,0.0013395830219910365,normalized94_abs_anchor_delta94_identity1,5ca38ebab9e2d191354ce7db934bf08f2b50c31bad2a7874ac97af410c8ebfc0,cb49fb62edaa281d7a249f38080442f3dd23eb0f6a584d02dc23f79905a4d955
UNION_s3,objective,79,1.0262432478879546,1.0035605328191493,0.761924975136465,TRAIN_LOG1P_ANCHOR_EXCESS_MARGIN_CE,8bc9b11301b162494bf1911c149be1dd71f31d0a0601906acdb10574fb0dc970,0.022682715068805464,0.0014329301219892208,normalized94_abs_anchor_delta94_identity1,5ca38ebab9e2d191354ce7db934bf08f2b50c31bad2a7874ac97af410c8ebfc0,e05ab2f4bc9e25e8a64140d92f2189ab3773041846c7c7c57543847a6bf17236
UNION_s3,objective,80,1.0261924217365959,1.0035626739263632,0.7618097648839951,TRAIN_LOG1P_ANCHOR_EXCESS_MARGIN_CE,8bc9b11301b162494bf1911c149be1dd71f31d0a0601906acdb10574fb0dc970,0.022629747810232564,0.0018581032960487379,normalized94_abs_anchor_delta94_identity1,5ca38ebab9e2d191354ce7db934bf08f2b50c31bad2a7874ac97af410c8ebfc0,3f866fe6ea536cd7cad51c5cd9c9e2b23376d6f5ca10e2c272ac9efa73f3ac45
UNION_s3,objective,81,1.0262782962179817,1.002906688994153,0.7620978850211962,TRAIN_LOG1P_ANCHOR_EXCESS_MARGIN_CE,8bc9b11301b162494bf1911c149be1dd71f31d0a0601906acdb10574fb0dc970,0.023371607223828778,0.004253947142226465,normalized94_abs_anchor_delta94_identity1,5ca38ebab9e2d191354ce7db934bf08f2b50c31bad2a7874ac97af410c8ebfc0,52d4cd79b70d977fa3c025a186f75fb7036fa0a2922666c6f476e48b0129f9f8
UNION_s3,objective,82,1.026175610501029,1.0033364692587252,0.7618732032136075,TRAIN_LOG1P_ANCHOR_EXCESS_MARGIN_CE,8bc9b11301b162494bf1911c149be1dd71f31d0a0601906acdb10574fb0dc970,0.022839141242303594,0.0014953066300831073,normalized94_abs_anchor_delta94_identity1,5ca38ebab9e2d191354ce7db934bf08f2b50c31bad2a7874ac97af410c8ebfc0,75a9beee431a04e0342300e5d81a0c9eb854f1aa54c2124bb75d9289c5381208
UNION_s3,objective,83,1.0261466378275363,1.0034903717394517,0.7610799920510718,TRAIN_LOG1P_ANCHOR_EXCESS_MARGIN_CE,8bc9b11301b162494bf1911c149be1dd71f31d0a0601906acdb10574fb0dc970,0.022656266088084652,0.001582678100193696,normalized94_abs_anchor_delta94_identity1,5ca38ebab9e2d191354ce7db934bf08f2b50c31bad2a7874ac97af410c8ebfc0,c228c1b8188f611f4290bc24783627fb475acfa6572158caeceb3ba0ca0ac2f4
UNION_s3,objective,84,1.0261467346555884,1.0036808928250247,0.7630832916296234,TRAIN_LOG1P_ANCHOR_EXCESS_MARGIN_CE,8bc9b11301b162494bf1911c149be1dd71f31d0a0601906acdb10574fb0dc970,0.022465841830563566,0.0038282483551703985,normalized94_abs_anchor_delta94_identity1,5ca38ebab9e2d191354ce7db934bf08f2b50c31bad2a7874ac97af410c8ebfc0,15ab1c683971b2449ebc98574568bbd57d7ebc908b481a8bbe60c30341f948ae
UNION_s3,objective,85,1.0261340779383978,1.0035729660050428,0.7620688674115376,TRAIN_LOG1P_ANCHOR_EXCESS_MARGIN_CE,8bc9b11301b162494bf1911c149be1dd71f31d0a0601906acdb10574fb0dc970,0.022561111933355162,0.0016284601873440187,normalized94_abs_anchor_delta94_identity1,5ca38ebab9e2d191354ce7db934bf08f2b50c31bad2a7874ac97af410c8ebfc0,1402d6077a03f205e0a489300535c46fac823ed04782e6f395fe93f10c699d34
UNION_s3,objective,86,1.0261219292232258,1.003613784812638,0.7617745910707148,TRAIN_LOG1P_ANCHOR_EXCESS_MARGIN_CE,8bc9b11301b162494bf1911c149be1dd71f31d0a0601906acdb10574fb0dc970,0.022508144410587596,0.0012058148916678163,normalized94_abs_anchor_delta94_identity1,5ca38ebab9e2d191354ce7db934bf08f2b50c31bad2a7874ac97af410c8ebfc0,3368a666dcba18780cf2a0f9017e3aa49652ea5a356315cc5304ae5ac357f60d
UNION_s3,objective,87,1.0260991276291513,1.0036658332273092,0.7614149695139409,TRAIN_LOG1P_ANCHOR_EXCESS_MARGIN_CE,8bc9b11301b162494bf1911c149be1dd71f31d0a0601906acdb10574fb0dc970,0.022433294401842087,0.0009455199755843279,normalized94_abs_anchor_delta94_identity1,5ca38ebab9e2d191354ce7db934bf08f2b50c31bad2a7874ac97af410c8ebfc0,0c7db6c2326b28707c2de59cc9ab67271b5c9889537f8d1cd406cabc8976f2c5
UNION_s3,objective,88,1.0260756622282547,1.0037040397639079,0.7613708581390674,TRAIN_LOG1P_ANCHOR_EXCESS_MARGIN_CE,8bc9b11301b162494bf1911c149be1dd71f31d0a0601906acdb10574fb0dc970,0.02237162246434693,0.0010944655098338659,normalized94_abs_anchor_delta94_identity1,5ca38ebab9e2d191354ce7db934bf08f2b50c31bad2a7874ac97af410c8ebfc0,106797c310a5ed8a458320359480bd661ff845e7c2fc69e8c675c5701db3c641
UNION_s3,objective,89,1.026390720178158,1.0039733977746412,0.7566974073698379,TRAIN_LOG1P_ANCHOR_EXCESS_MARGIN_CE,8bc9b11301b162494bf1911c149be1dd71f31d0a0601906acdb10574fb0dc970,0.02241732240351672,0.023869874515482097,normalized94_abs_anchor_delta94_identity1,5ca38ebab9e2d191354ce7db934bf08f2b50c31bad2a7874ac97af410c8ebfc0,3383283e07486e708bcbf45adc6eb382f289c99875467bd07502a38308b1c43e
UNION_s3,objective,90,1.0260709126881864,1.0036956980620202,0.7608478004563185,TRAIN_LOG1P_ANCHOR_EXCESS_MARGIN_CE,8bc9b11301b162494bf1911c149be1dd71f31d0a0601906acdb10574fb0dc970,0.02237521462616617,0.002670462717081374,normalized94_abs_anchor_delta94_identity1,5ca38ebab9e2d191354ce7db934bf08f2b50c31bad2a7874ac97af410c8ebfc0,4ba988e2e874b8d898149263280cb1af772dd7bd4d7ef632fa3721bcf705c8ea
UNION_s3,objective,91,1.0260471696985838,1.0036853445199196,0.76113400432624,TRAIN_LOG1P_ANCHOR_EXCESS_MARGIN_CE,8bc9b11301b162494bf1911c149be1dd71f31d0a0601906acdb10574fb0dc970,0.022361825178664117,0.0019291463208088613,normalized94_abs_anchor_delta94_identity1,5ca38ebab9e2d191354ce7db934bf08f2b50c31bad2a7874ac97af410c8ebfc0,8a843c7e2e5abc73a8c2cf3b49cb950298924759eb0aaa081a48abff6339a916
UNION_s3,objective,92,1.0260299384578508,1.0035613495119797,0.7611570745215697,TRAIN_LOG1P_ANCHOR_EXCESS_MARGIN_CE,8bc9b11301b162494bf1911c149be1dd71f31d0a0601906acdb10574fb0dc970,0.022468588945871212,0.002053642605068617,normalized94_abs_anchor_delta94_identity1,5ca38ebab9e2d191354ce7db934bf08f2b50c31bad2a7874ac97af410c8ebfc0,e0fde8716b8d232765d7d0bb06f550d232b2a2d3d9dac88762cae2ae56db26cb
UNION_s3,objective,93,1.0260140315719142,1.003506500130564,0.7612940814118289,TRAIN_LOG1P_ANCHOR_EXCESS_MARGIN_CE,8bc9b11301b162494bf1911c149be1dd71f31d0a0601906acdb10574fb0dc970,0.02250753144135001,0.0011409703681878138,normalized94_abs_anchor_delta94_identity1,5ca38ebab9e2d191354ce7db934bf08f2b50c31bad2a7874ac97af410c8ebfc0,aac838c87f40f524cfcca8fd4c92a453df4928c64b1cbf7de0a525bec913a42a
UNION_s3,objective,94,1.0259996775083113,1.0034174324642107,0.7613151287973491,TRAIN_LOG1P_ANCHOR_EXCESS_MARGIN_CE,8bc9b11301b162494bf1911c149be1dd71f31d0a0601906acdb10574fb0dc970,0.022582245044100713,0.0007899256816010187,normalized94_abs_anchor_delta94_identity1,5ca38ebab9e2d191354ce7db934bf08f2b50c31bad2a7874ac97af410c8ebfc0,f02e180e0fa5aafc7690e042952cb5526b4f14a933ebdb11c637061e770c5119
UNION_s3,objective,95,1.0259838289134313,1.0033273332361836,0.7612388066451978,TRAIN_LOG1P_ANCHOR_EXCESS_MARGIN_CE,8bc9b11301b162494bf1911c149be1dd71f31d0a0601906acdb10574fb0dc970,0.02265649567724776,0.0009282937233386479,normalized94_abs_anchor_delta94_identity1,5ca38ebab9e2d191354ce7db934bf08f2b50c31bad2a7874ac97af410c8ebfc0,7426be5db30017267341dd4d87e77b5796fb4762f194dc6dbdb89a733b63d619
UNION_s3,objective,96,1.0259570586676643,1.003213921664397,0.7610542914609322,TRAIN_LOG1P_ANCHOR_EXCESS_MARGIN_CE,8bc9b11301b162494bf1911c149be1dd71f31d0a0601906acdb10574fb0dc970,0.022743137003267314,0.001061087219658955,normalized94_abs_anchor_delta94_identity1,5ca38ebab9e2d191354ce7db934bf08f2b50c31bad2a7874ac97af410c8ebfc0,c54eb6e38696b0e63345bf12fd4a62e6c18cd9f207eafcbcf706b3746c8262b2
UNION_s3,objective,97,1.0259567745174545,1.003103470314664,0.7617015715760556,TRAIN_LOG1P_ANCHOR_EXCESS_MARGIN_CE,8bc9b11301b162494bf1911c149be1dd71f31d0a0601906acdb10574fb0dc970,0.02285330420279049,0.003880631126140344,normalized94_abs_anchor_delta94_identity1,5ca38ebab9e2d191354ce7db934bf08f2b50c31bad2a7874ac97af410c8ebfc0,5c82069c35247b2b6c6f0a274d56d0284b68336ca2ecc474aa55ef08e7bc897f
UNION_s3,objective,98,1.025939727609647,1.0031422240089198,0.7613677898237029,TRAIN_LOG1P_ANCHOR_EXCESS_MARGIN_CE,8bc9b11301b162494bf1911c149be1dd71f31d0a0601906acdb10574fb0dc970,0.02279750360072716,0.002085878890955829,normalized94_abs_anchor_delta94_identity1,5ca38ebab9e2d191354ce7db934bf08f2b50c31bad2a7874ac97af410c8ebfc0,b52067052c907b81fc4cc9d2be91f917dd153689f46104b1dab6a49c1f4e460f
UNION_s3,objective,99,1.025915595777215,1.0030550642080784,0.7600487616120097,TRAIN_LOG1P_ANCHOR_EXCESS_MARGIN_CE,8bc9b11301b162494bf1911c149be1dd71f31d0a0601906acdb10574fb0dc970,0.022860531569136654,0.0015061234658925063,normalized94_abs_anchor_delta94_identity1,5ca38ebab9e2d191354ce7db934bf08f2b50c31bad2a7874ac97af410c8ebfc0,e790c126c30a848a86d30d31e90f2e907363713c6fc18634159c42d946c69985
UNION_s3,objective,100,1.0259002153934844,1.0030698044727582,0.7604161885703649,TRAIN_LOG1P_ANCHOR_EXCESS_MARGIN_CE,8bc9b11301b162494bf1911c149be1dd71f31d0a0601906acdb10574fb0dc970,0.02283041092072629,0.0007393361737021124,normalized94_abs_anchor_delta94_identity1,5ca38ebab9e2d191354ce7db934bf08f2b50c31bad2a7874ac97af410c8ebfc0,2255618007620bf977615dfbef16c8496880c70e7b024e602040bf4bb1229c4c
UNION_s3,objective,101,1.0258899730081286,1.0031054060963833,0.7605156780638437,TRAIN_LOG1P_ANCHOR_EXCESS_MARGIN_CE,8bc9b11301b162494bf1911c149be1dd71f31d0a0601906acdb10574fb0dc970,0.02278456691174529,0.0007519508462241802,normalized94_abs_anchor_delta94_identity1,5ca38ebab9e2d191354ce7db934bf08f2b50c31bad2a7874ac97af410c8ebfc0,48c36c422158669ade26685203449726d840db522f98e348c621452112d48791
UNION_s3,objective,102,1.025876526649249,1.0031293880570862,0.7611785892572493,TRAIN_LOG1P_ANCHOR_EXCESS_MARGIN_CE,8bc9b11301b162494bf1911c149be1dd71f31d0a0601906acdb10574fb0dc970,0.02274713859216302,0.0031920684435703013,normalized94_abs_anchor_delta94_identity1,5ca38ebab9e2d191354ce7db934bf08f2b50c31bad2a7874ac97af410c8ebfc0,114d91144b6326cf760cad91216a6347f8f0820e48d71dd3b3c3ab8d679b84f2
UNION_s3,objective,103,1.025863425549888,1.0031330459965975,0.7605217191464435,TRAIN_LOG1P_ANCHOR_EXCESS_MARGIN_CE,8bc9b11301b162494bf1911c149be1dd71f31d0a0601906acdb10574fb0dc970,0.022730379553290575,0.000789038368173203,normalized94_abs_anchor_delta94_identity1,5ca38ebab9e2d191354ce7db934bf08f2b50c31bad2a7874ac97af410c8ebfc0,3086705ec835cf06e132f5510e0b623d78b7e10cd525cbabf3f9546d0f304949
UNION_s3,objective,104,1.0258584065711929,1.0031033558352997,0.760465296163479,TRAIN_LOG1P_ANCHOR_EXCESS_MARGIN_CE,8bc9b11301b162494bf1911c149be1dd71f31d0a0601906acdb10574fb0dc970,0.02275505073589322,0.0007016693706864508,normalized94_abs_anchor_delta94_identity1,5ca38ebab9e2d191354ce7db934bf08f2b50c31bad2a7874ac97af410c8ebfc0,7a80061f31e00255721ebd84d7081b2ef4dda4d6766418dfe0478dcb7639c84d
UNION_s3,objective,105,1.025846091224455,1.003102162914417,0.7604831697240384,TRAIN_LOG1P_ANCHOR_EXCESS_MARGIN_CE,8bc9b11301b162494bf1911c149be1dd71f31d0a0601906acdb10574fb0dc970,0.022743928310037846,0.0010339467407234793,normalized94_abs_anchor_delta94_identity1,5ca38ebab9e2d191354ce7db934bf08f2b50c31bad2a7874ac97af410c8ebfc0,e4724e16c2586feeab8c2b734754fc3aa462dd5b94040e3ddcb82dd96162e3dd
UNION_s3,objective,106,1.0258381982727898,1.0030918693187554,0.7605534624469018,TRAIN_LOG1P_ANCHOR_EXCESS_MARGIN_CE,8bc9b11301b162494bf1911c149be1dd71f31d0a0601906acdb10574fb0dc970,0.022746328954034473,0.000774310316602281,normalized94_abs_anchor_delta94_identity1,5ca38ebab9e2d191354ce7db934bf08f2b50c31bad2a7874ac97af410c8ebfc0,5526685ce128e0a88701c28619c01aaff3cf4daf235ff6004cb546e82c3e9b8b
UNION_s3,objective,107,1.0258300217861065,1.0030999789079005,0.7606104407396203,TRAIN_LOG1P_ANCHOR_EXCESS_MARGIN_CE,8bc9b11301b162494bf1911c149be1dd71f31d0a0601906acdb10574fb0dc970,0.02273004287820603,0.0006488807483678965,normalized94_abs_anchor_delta94_identity1,5ca38ebab9e2d191354ce7db934bf08f2b50c31bad2a7874ac97af410c8ebfc0,10de03386af7eeffa4ded2cc20e9c85ad18b496bb22b26e09154b5510bf975bd
UNION_s3,objective,108,1.0258147844003511,1.0031082533281332,0.7606689733387428,TRAIN_LOG1P_ANCHOR_EXCESS_MARGIN_CE,8bc9b11301b162494bf1911c149be1dd71f31d0a0601906acdb10574fb0dc970,0.022706531072217862,0.0004235568243118207,normalized94_abs_anchor_delta94_identity1,5ca38ebab9e2d191354ce7db934bf08f2b50c31bad2a7874ac97af410c8ebfc0,88a878d6be921b1f57d6f5dd97bdfbee2d452d8b0a6290c0be9882c387b67701
UNION_s3,objective,109,1.0258063412873495,1.0031373446778722,0.7604700535268553,TRAIN_LOG1P_ANCHOR_EXCESS_MARGIN_CE,8bc9b11301b162494bf1911c149be1dd71f31d0a0601906acdb10574fb0dc970,0.02266899660947722,0.0005097507022708613,normalized94_abs_anchor_delta94_identity1,5ca38ebab9e2d191354ce7db934bf08f2b50c31bad2a7874ac97af410c8ebfc0,44ead6b986968a6df3d28b910fe2f68389936ea79102175b5426f8e5a0811d8c
UNION_s3,objective,110,1.025801713195681,1.0031894719026422,0.7611117338969123,TRAIN_LOG1P_ANCHOR_EXCESS_MARGIN_CE,8bc9b11301b162494bf1911c149be1dd71f31d0a0601906acdb10574fb0dc970,0.022612241293038633,0.001365568592693328,normalized94_abs_anchor_delta94_identity1,5ca38ebab9e2d191354ce7db934bf08f2b50c31bad2a7874ac97af410c8ebfc0,10e3d4454368ec7bbd50e46316bcbcfe66ca41c1c44870562fdfa8dc219d5c86
UNION_s3,objective,111,1.0257964129702752,1.0032101496858818,0.760527548800623,TRAIN_LOG1P_ANCHOR_EXCESS_MARGIN_CE,8bc9b11301b162494bf1911c149be1dd71f31d0a0601906acdb10574fb0dc970,0.022586263284393455,0.00045326266731698657,normalized94_abs_anchor_delta94_identity1,5ca38ebab9e2d191354ce7db934bf08f2b50c31bad2a7874ac97af410c8ebfc0,033edda569e85b2b5e8c400637716465adc93ad437095efb2d8649327de5db9f
UNION_s3,objective,112,1.0257948276206679,1.003201948244592,0.7605112555576141,TRAIN_LOG1P_ANCHOR_EXCESS_MARGIN_CE,8bc9b11301b162494bf1911c149be1dd71f31d0a0601906acdb10574fb0dc970,0.02259287937607596,0.00040006381757011527,normalized94_abs_anchor_delta94_identity1,5ca38ebab9e2d191354ce7db934bf08f2b50c31bad2a7874ac97af410c8ebfc0,a07fcd541e0ce9cfd3224f592ddcf5dad3caddbe61f2dbdad52e16d3d60ac064
UNION_s3,objective,113,1.0257889148182033,1.003196154688369,0.7602244885036996,TRAIN_LOG1P_ANCHOR_EXCESS_MARGIN_CE,8bc9b11301b162494bf1911c149be1dd71f31d0a0601906acdb10574fb0dc970,0.022592760129834338,0.0010161611199564597,normalized94_abs_anchor_delta94_identity1,5ca38ebab9e2d191354ce7db934bf08f2b50c31bad2a7874ac97af410c8ebfc0,5cea889ba3878468142990f90247f5628c759f4f4eb3629eb6cfb13b3bc980e6
UNION_s3,objective,114,1.0257983868356684,1.0031997559030081,0.7612670385285762,TRAIN_LOG1P_ANCHOR_EXCESS_MARGIN_CE,8bc9b11301b162494bf1911c149be1dd71f31d0a0601906acdb10574fb0dc970,0.022598630932660218,0.004472268154617219,normalized94_abs_anchor_delta94_identity1,5ca38ebab9e2d191354ce7db934bf08f2b50c31bad2a7874ac97af410c8ebfc0,a1a93ceeb4f3f72fb3dc7a9616a8f4002d2c98d14f62c52b511f920c949aeae9
UNION_s3,objective,115,1.0257862281269268,1.0031916880665692,0.7605541659178542,TRAIN_LOG1P_ANCHOR_EXCESS_MARGIN_CE,8bc9b11301b162494bf1911c149be1dd71f31d0a0601906acdb10574fb0dc970,0.022594540060357618,0.0009674032506762404,normalized94_abs_anchor_delta94_identity1,5ca38ebab9e2d191354ce7db934bf08f2b50c31bad2a7874ac97af410c8ebfc0,a86990ab4eb0db0b0d9dbdf081c31dab08d29156f8e5275dde09478ae980137e
UNION_s3,objective,116,1.0257840419813489,1.0031957244394178,0.7604623632117601,TRAIN_LOG1P_ANCHOR_EXCESS_MARGIN_CE,8bc9b11301b162494bf1911c149be1dd71f31d0a0601906acdb10574fb0dc970,0.022588317541931125,0.0005991833226616936,normalized94_abs_anchor_delta94_identity1,5ca38ebab9e2d191354ce7db934bf08f2b50c31bad2a7874ac97af410c8ebfc0,56e2016c25a211a6184ecb4ae52a97ca2b8f7eb0ce3935e1b62ef62738b0e455
UNION_s3,objective,117,1.0257818784014956,1.0031955104636063,0.7604306878983155,TRAIN_LOG1P_ANCHOR_EXCESS_MARGIN_CE,8bc9b11301b162494bf1911c149be1dd71f31d0a0601906acdb10574fb0dc970,0.022586367937889255,0.00046963129289282645,normalized94_abs_anchor_delta94_identity1,5ca38ebab9e2d191354ce7db934bf08f2b50c31bad2a7874ac97af410c8ebfc0,c4a6d5d20f577253b6212110d08121929c1b78815bb0c4d7d516c98b0f98009e
UNION_s3,objective,118,1.0257792592353911,1.003190393896068,0.760439571011044,TRAIN_LOG1P_ANCHOR_EXCESS_MARGIN_CE,8bc9b11301b162494bf1911c149be1dd71f31d0a0601906acdb10574fb0dc970,0.02258886533932317,0.0004996644954586583,normalized94_abs_anchor_delta94_identity1,5ca38ebab9e2d191354ce7db934bf08f2b50c31bad2a7874ac97af410c8ebfc0,f39f35571ea4a7b90a1a30df24c148ae01c8d58e57660f941a72a11b2a66cc04
UNION_s3,objective,119,1.0257750603640563,1.0031753482924857,0.7604811351643607,TRAIN_LOG1P_ANCHOR_EXCESS_MARGIN_CE,8bc9b11301b162494bf1911c149be1dd71f31d0a0601906acdb10574fb0dc970,0.022599712071570736,0.00046666275349593704,normalized94_abs_anchor_delta94_identity1,5ca38ebab9e2d191354ce7db934bf08f2b50c31bad2a7874ac97af410c8ebfc0,18bbc65b63b49ff464a63b8a0ff6bc4d5a579e1b53b75777f52c6aa51a2149b9
UNION_s3,objective,120,1.025769214893819,1.0031445891079045,0.7604841473963149,TRAIN_LOG1P_ANCHOR_EXCESS_MARGIN_CE,8bc9b11301b162494bf1911c149be1dd71f31d0a0601906acdb10574fb0dc970,0.022624625785914447,0.0008629637153852937,normalized94_abs_anchor_delta94_identity1,5ca38ebab9e2d191354ce7db934bf08f2b50c31bad2a7874ac97af410c8ebfc0,0998a9ef155c1113405c4a59fc15b636b1ca477754b128605d1ce5227553b1e6
UNION_s3,objective,121,1.025771955251663,1.0031308593323998,0.7606287801010924,TRAIN_LOG1P_ANCHOR_EXCESS_MARGIN_CE,8bc9b11301b162494bf1911c149be1dd71f31d0a0601906acdb10574fb0dc970,0.022641095919263256,0.0012107694883267735,normalized94_abs_anchor_delta94_identity1,5ca38ebab9e2d191354ce7db934bf08f2b50c31bad2a7874ac97af410c8ebfc0,bfb1e89180f9d1258c579f569eb5bf284cb2d71c36c88b9cd2dbede95f0f420a
UNION_s3,objective,122,1.0257662136193073,1.0031353711541073,0.7605424789534136,TRAIN_LOG1P_ANCHOR_EXCESS_MARGIN_CE,8bc9b11301b162494bf1911c149be1dd71f31d0a0601906acdb10574fb0dc970,0.0226308424652,0.00037365358875497635,normalized94_abs_anchor_delta94_identity1,5ca38ebab9e2d191354ce7db934bf08f2b50c31bad2a7874ac97af410c8ebfc0,1138af993ebe5095277bd34faa08254ae9a2cb9a71f58b84033e0692a374cb16
UNION_s3,objective,123,1.0257633742783798,1.0031206072463825,0.7604988982530254,TRAIN_LOG1P_ANCHOR_EXCESS_MARGIN_CE,8bc9b11301b162494bf1911c149be1dd71f31d0a0601906acdb10574fb0dc970,0.022642767031997347,0.0003180487356022185,normalized94_abs_anchor_delta94_identity1,5ca38ebab9e2d191354ce7db934bf08f2b50c31bad2a7874ac97af410c8ebfc0,21e40a5f7dc2c2b6f2b3ac37c5ac405ebb4cf70b03c3046178a5d0f69ac15b8d
UNION_s3,objective,124,1.0257617060739523,1.003101020784051,0.7610644400043983,TRAIN_LOG1P_ANCHOR_EXCESS_MARGIN_CE,8bc9b11301b162494bf1911c149be1dd71f31d0a0601906acdb10574fb0dc970,0.022660685289901426,0.0013252624161109684,normalized94_abs_anchor_delta94_identity1,5ca38ebab9e2d191354ce7db934bf08f2b50c31bad2a7874ac97af410c8ebfc0,c3340ef3111308e80b74202e5d5153f4dd5119c0719ceda75c0b76fd7f375da7
UNION_s3,objective,125,1.0257582730754617,1.0030969284677536,0.7606012800431304,TRAIN_LOG1P_ANCHOR_EXCESS_MARGIN_CE,8bc9b11301b162494bf1911c149be1dd71f31d0a0601906acdb10574fb0dc970,0.02266134460770818,0.00040355167967599055,normalized94_abs_anchor_delta94_identity1,5ca38ebab9e2d191354ce7db934bf08f2b50c31bad2a7874ac97af410c8ebfc0,b292318a20f042585f80764e78beaf7decad0ce5f8710599df264e831a868218
UNION_s3,objective,126,1.0257568706352003,1.003096401896861,0.76042491060582,TRAIN_LOG1P_ANCHOR_EXCESS_MARGIN_CE,8bc9b11301b162494bf1911c149be1dd71f31d0a0601906acdb10574fb0dc970,0.022660468738339393,0.0002674738958923986,normalized94_abs_anchor_delta94_identity1,5ca38ebab9e2d191354ce7db934bf08f2b50c31bad2a7874ac97af410c8ebfc0,e87b58c775d59eb1250ac262d57f11b8c5d3b760599ee6810525a1f1064018ff
UNION_s3,objective,127,1.025755704568603,1.0030939459617512,0.7604053503194135,TRAIN_LOG1P_ANCHOR_EXCESS_MARGIN_CE,8bc9b11301b162494bf1911c149be1dd71f31d0a0601906acdb10574fb0dc970,0.022661758606851906,0.0002866757777984935,normalized94_abs_anchor_delta94_identity1,5ca38ebab9e2d191354ce7db934bf08f2b50c31bad2a7874ac97af410c8ebfc0,fa33dd60c0a637fa7dc3d7362cf797a1be8225e4e634b28c6f68a3494eac9e47
UNION_s3,objective,128,1.0257948339886047,1.0031148804224634,0.7589445189020879,TRAIN_LOG1P_ANCHOR_EXCESS_MARGIN_CE,8bc9b11301b162494bf1911c149be1dd71f31d0a0601906acdb10574fb0dc970,0.022679953566141248,0.00798119353193879,normalized94_abs_anchor_delta94_identity1,5ca38ebab9e2d191354ce7db934bf08f2b50c31bad2a7874ac97af410c8ebfc0,248c0ea572ceb652f05c07d4613d68d50fe46b0186e30884286cc1da95a220bb
UNION_s3,objective,129,1.0257554629918697,1.0030924354762436,0.7602978251836712,TRAIN_LOG1P_ANCHOR_EXCESS_MARGIN_CE,8bc9b11301b162494bf1911c149be1dd71f31d0a0601906acdb10574fb0dc970,0.022663027515626183,0.0006158687978089795,normalized94_abs_anchor_delta94_identity1,5ca38ebab9e2d191354ce7db934bf08f2b50c31bad2a7874ac97af410c8ebfc0,0c2592846f725625f050cd540d6c40959f8e91ced73967cd9ddf499285f77401
UNION_s3,objective,130,1.025754687500558,1.0030898537614164,0.7603665455512209,TRAIN_LOG1P_ANCHOR_EXCESS_MARGIN_CE,8bc9b11301b162494bf1911c149be1dd71f31d0a0601906acdb10574fb0dc970,0.022664833739141736,0.00046290948418198656,normalized94_abs_anchor_delta94_identity1,5ca38ebab9e2d191354ce7db934bf08f2b50c31bad2a7874ac97af410c8ebfc0,0125c5a32c72394caecef93e07fedcbaf8aa1a1f1ad525c7cf5a9814acc33908
UNION_s3,objective,131,1.0257526482286676,1.0030850661409176,0.7604428102170748,TRAIN_LOG1P_ANCHOR_EXCESS_MARGIN_CE,8bc9b11301b162494bf1911c149be1dd71f31d0a0601906acdb10574fb0dc970,0.022667582087749914,0.00029644614262638646,normalized94_abs_anchor_delta94_identity1,5ca38ebab9e2d191354ce7db934bf08f2b50c31bad2a7874ac97af410c8ebfc0,b8fbba7b258de2e2af6aa8c404a6f54ee23261d4dbac67824bcaab8aa03ead1f
UNION_s3,objective,132,1.0257500336216359,1.003077374320364,0.7605237345137955,TRAIN_LOG1P_ANCHOR_EXCESS_MARGIN_CE,8bc9b11301b162494bf1911c149be1dd71f31d0a0601906acdb10574fb0dc970,0.022672659301271724,0.0003319460120725982,normalized94_abs_anchor_delta94_identity1,5ca38ebab9e2d191354ce7db934bf08f2b50c31bad2a7874ac97af410c8ebfc0,a309d72ca955410f2f4c0616804b502baf87d20bdb03ae8b77176b5bbf4efe52
UNION_s3,objective,133,1.0257473306389138,1.0030683960662086,0.760592623014314,TRAIN_LOG1P_ANCHOR_EXCESS_MARGIN_CE,8bc9b11301b162494bf1911c149be1dd71f31d0a0601906acdb10574fb0dc970,0.022678934572705138,0.00040515026491273195,normalized94_abs_anchor_delta94_identity1,5ca38ebab9e2d191354ce7db934bf08f2b50c31bad2a7874ac97af410c8ebfc0,8ce1b38a529385f0591cea42dfda1c18ef0a2ec4821c3907ba44da8a19b4dc76
UNION_s3,objective,134,1.025745486605296,1.003055591774915,0.7605986487338552,TRAIN_LOG1P_ANCHOR_EXCESS_MARGIN_CE,8bc9b11301b162494bf1911c149be1dd71f31d0a0601906acdb10574fb0dc970,0.02268989483038084,0.0006473508537041602,normalized94_abs_anchor_delta94_identity1,5ca38ebab9e2d191354ce7db934bf08f2b50c31bad2a7874ac97af410c8ebfc0,1142cbfa5587cce7b305ec8b5fc36b9d17535c6a8357aee796d84cc2c23961d0
UNION_s3,objective,135,1.025743621232215,1.0030494345865184,0.760559398807126,TRAIN_LOG1P_ANCHOR_EXCESS_MARGIN_CE,8bc9b11301b162494bf1911c149be1dd71f31d0a0601906acdb10574fb0dc970,0.022694186645696616,0.0003505133429211491,normalized94_abs_anchor_delta94_identity1,5ca38ebab9e2d191354ce7db934bf08f2b50c31bad2a7874ac97af410c8ebfc0,7c34a4b2d1a4c808914c707f02dd42e69c39e25bf81891885524ba084c874b8c
UNION_s3,objective,136,1.025742650551784,1.0030500678512297,0.7605134237162301,TRAIN_LOG1P_ANCHOR_EXCESS_MARGIN_CE,8bc9b11301b162494bf1911c149be1dd71f31d0a0601906acdb10574fb0dc970,0.022692582700554104,0.000220238237577678,normalized94_abs_anchor_delta94_identity1,5ca38ebab9e2d191354ce7db934bf08f2b50c31bad2a7874ac97af410c8ebfc0,ab9629fab32512c4a6f7a39b5623653221d7bfec83fec0e0ccd3eb5cdba80b6b
UNION_s3,objective,137,1.0257409437086382,1.0030465990118393,0.7604782013526198,TRAIN_LOG1P_ANCHOR_EXCESS_MARGIN_CE,8bc9b11301b162494bf1911c149be1dd71f31d0a0601906acdb10574fb0dc970,0.022694344696798933,0.0003064349898352339,normalized94_abs_anchor_delta94_identity1,5ca38ebab9e2d191354ce7db934bf08f2b50c31bad2a7874ac97af410c8ebfc0,4a2601900bc00ac90ba613e3df20b017f72abbc24a9c1f3899152c8a682d95e1
UNION_s3,objective,138,1.0257394713006411,1.0030390021227524,0.760385566189941,TRAIN_LOG1P_ANCHOR_EXCESS_MARGIN_CE,8bc9b11301b162494bf1911c149be1dd71f31d0a0601906acdb10574fb0dc970,0.02270046917788861,0.00046582352194794686,normalized94_abs_anchor_delta94_identity1,5ca38ebab9e2d191354ce7db934bf08f2b50c31bad2a7874ac97af410c8ebfc0,5e0c7c96c08170d89325b055d262b6cc6328a70b369333bf2656aed5ae36a7e7
UNION_s3,objective,139,1.025739480510153,1.003020935785159,0.7608722767839282,TRAIN_LOG1P_ANCHOR_EXCESS_MARGIN_CE,8bc9b11301b162494bf1911c149be1dd71f31d0a0601906acdb10574fb0dc970,0.022718544724994072,0.0008655723003966612,normalized94_abs_anchor_delta94_identity1,5ca38ebab9e2d191354ce7db934bf08f2b50c31bad2a7874ac97af410c8ebfc0,ce4df6deeaddd657b96d9f17b36570204e23db6fffdc52ac30b38beda4190746
UNION_s3,objective,140,1.0257384273464776,1.0030289974670719,0.7606279558363152,TRAIN_LOG1P_ANCHOR_EXCESS_MARGIN_CE,8bc9b11301b162494bf1911c149be1dd71f31d0a0601906acdb10574fb0dc970,0.022709429879405704,0.00038838640736981237,normalized94_abs_anchor_delta94_identity1,5ca38ebab9e2d191354ce7db934bf08f2b50c31bad2a7874ac97af410c8ebfc0,4434e8dc0c48c30f1517c309dda8d3ef5c022b82dee6e4f6b43d0080c99062c9
UNION_s3,objective,141,1.0257375795620998,1.003018147248761,0.7603949861326645,TRAIN_LOG1P_ANCHOR_EXCESS_MARGIN_CE,8bc9b11301b162494bf1911c149be1dd71f31d0a0601906acdb10574fb0dc970,0.022719432313338825,0.0006538194924896699,normalized94_abs_anchor_delta94_identity1,5ca38ebab9e2d191354ce7db934bf08f2b50c31bad2a7874ac97af410c8ebfc0,b3a81d6a3dbd5db5a24c163016ccd40278c5470670112fb9fc918e994a0f4fa2
UNION_s3,objective,142,1.0257374715255627,1.0030135146986452,0.7605777446144615,TRAIN_LOG1P_ANCHOR_EXCESS_MARGIN_CE,8bc9b11301b162494bf1911c149be1dd71f31d0a0601906acdb10574fb0dc970,0.022723956826917517,0.0007111282673222013,normalized94_abs_anchor_delta94_identity1,5ca38ebab9e2d191354ce7db934bf08f2b50c31bad2a7874ac97af410c8ebfc0,2ddfc1a82b6e1dc976392d17f152d852959272959a15281235081f3e94cd024a
UNION_s3,objective,143,1.0257370127645675,1.0030156443300833,0.7605172759622577,TRAIN_LOG1P_ANCHOR_EXCESS_MARGIN_CE,8bc9b11301b162494bf1911c149be1dd71f31d0a0601906acdb10574fb0dc970,0.022721368434484343,0.00020862049297440966,normalized94_abs_anchor_delta94_identity1,5ca38ebab9e2d191354ce7db934bf08f2b50c31bad2a7874ac97af410c8ebfc0,a3b6fbda03bf1cac2b4e57195f3fafaa9db4b8381f5e96d12a989d898b874729
UNION_s3,objective,144,1.0257368828570923,1.0030154749363354,0.760510758796093,TRAIN_LOG1P_ANCHOR_EXCESS_MARGIN_CE,8bc9b11301b162494bf1911c149be1dd71f31d0a0601906acdb10574fb0dc970,0.022721407920757036,0.00016158673170882964,normalized94_abs_anchor_delta94_identity1,5ca38ebab9e2d191354ce7db934bf08f2b50c31bad2a7874ac97af410c8ebfc0,23c46a3d55be67eb6154d0deecbe53f24ae6bc155c252af1f263df8ad1300fac
UNION_s3,objective,145,1.0257364804679634,1.0030138799110546,0.7604950211713447,TRAIN_LOG1P_ANCHOR_EXCESS_MARGIN_CE,8bc9b11301b162494bf1911c149be1dd71f31d0a0601906acdb10574fb0dc970,0.02272260055690873,0.00015341895062233492,normalized94_abs_anchor_delta94_identity1,5ca38ebab9e2d191354ce7db934bf08f2b50c31bad2a7874ac97af410c8ebfc0,b21eecc747bdb6ed75353bf2c654929818104a322a71caa75b49669486aeb749
UNION_s3,objective,146,1.0257360527932586,1.0030111460988547,0.7604814508680522,TRAIN_LOG1P_ANCHOR_EXCESS_MARGIN_CE,8bc9b11301b162494bf1911c149be1dd71f31d0a0601906acdb10574fb0dc970,0.022724906694404006,0.00015861333646833523,normalized94_abs_anchor_delta94_identity1,5ca38ebab9e2d191354ce7db934bf08f2b50c31bad2a7874ac97af410c8ebfc0,5a3943d6072c2d035ee6a4c9df0fafd70499df534cb99289e032531e0a98db18
UNION_s3,objective,147,1.0257353774867723,1.0030082192180667,0.7604768298293485,TRAIN_LOG1P_ANCHOR_EXCESS_MARGIN_CE,8bc9b11301b162494bf1911c149be1dd71f31d0a0601906acdb10574fb0dc970,0.02272715826870561,0.0001454524919312665,normalized94_abs_anchor_delta94_identity1,5ca38ebab9e2d191354ce7db934bf08f2b50c31bad2a7874ac97af410c8ebfc0,0ab18de1bc8ac0c525c5629909b6a45bc7809dddda110cfbf841f6c891645746
UNION_s3,objective,148,1.025737794352565,1.0030024577650452,0.7604697541137362,TRAIN_LOG1P_ANCHOR_EXCESS_MARGIN_CE,8bc9b11301b162494bf1911c149be1dd71f31d0a0601906acdb10574fb0dc970,0.02273533658751982,0.0010083405583383432,normalized94_abs_anchor_delta94_identity1,5ca38ebab9e2d191354ce7db934bf08f2b50c31bad2a7874ac97af410c8ebfc0,f5ece99154df0f7944fcf145649ca51040e52c670c6bafe733f7dbe7ead59d78
UNION_s3,objective,149,1.025735113959158,1.0030060200593487,0.7604745361139845,TRAIN_LOG1P_ANCHOR_EXCESS_MARGIN_CE,8bc9b11301b162494bf1911c149be1dd71f31d0a0601906acdb10574fb0dc970,0.02272909389980935,0.00025187407397848325,normalized94_abs_anchor_delta94_identity1,5ca38ebab9e2d191354ce7db934bf08f2b50c31bad2a7874ac97af410c8ebfc0,c0b3933b411d0e273a840c16bbd15003a2e985ba72e5303d355ee8cbeeed61b1
UNION_s3,objective,150,1.025734531400185,1.0030040196382615,0.7604921039557786,TRAIN_LOG1P_ANCHOR_EXCESS_MARGIN_CE,8bc9b11301b162494bf1911c149be1dd71f31d0a0601906acdb10574fb0dc970,0.02273051176192332,0.00014984824132940758,normalized94_abs_anchor_delta94_identity1,5ca38ebab9e2d191354ce7db934bf08f2b50c31bad2a7874ac97af410c8ebfc0,9e919fa7dcb5d2b9f361b3b7b59e07797c6cd93b603b958866361883a0394475
UNION_s3,objective,151,1.0257340523648304,1.0030029863825831,0.7605007649313275,TRAIN_LOG1P_ANCHOR_EXCESS_MARGIN_CE,8bc9b11301b162494bf1911c149be1dd71f31d0a0601906acdb10574fb0dc970,0.02273106598224737,0.00016773652896878152,normalized94_abs_anchor_delta94_identity1,5ca38ebab9e2d191354ce7db934bf08f2b50c31bad2a7874ac97af410c8ebfc0,a2bd9fd0272b2e91ba8bccb45cdbaecab63c172fdb40c7075d9ba46269ec3646
UNION_s3,objective,152,1.0257334765789108,1.0030001570934899,0.7605491733966807,TRAIN_LOG1P_ANCHOR_EXCESS_MARGIN_CE,8bc9b11301b162494bf1911c149be1dd71f31d0a0601906acdb10574fb0dc970,0.022733319485420966,0.00026443006568032653,normalized94_abs_anchor_delta94_identity1,5ca38ebab9e2d191354ce7db934bf08f2b50c31bad2a7874ac97af410c8ebfc0,c9cbfb8097cfa7398382216db1ddc72825d446f9b832b8f82b79c7708f7e6f3c
UNION_s3,objective,153,1.0257340515332825,1.0029973217386003,0.7601011685038233,TRAIN_LOG1P_ANCHOR_EXCESS_MARGIN_CE,8bc9b11301b162494bf1911c149be1dd71f31d0a0601906acdb10574fb0dc970,0.022736729794682168,0.0009558270616966181,normalized94_abs_anchor_delta94_identity1,5ca38ebab9e2d191354ce7db934bf08f2b50c31bad2a7874ac97af410c8ebfc0,f5f6ea703c0066fd5e4bb375a1b2365cf0d4a7669f7ade014f9b7d5c0bc0a69c
UNION_s3,objective,154,1.025733318156653,1.0029989256642335,0.7604067884350268,TRAIN_LOG1P_ANCHOR_EXCESS_MARGIN_CE,8bc9b11301b162494bf1911c149be1dd71f31d0a0601906acdb10574fb0dc970,0.022734392492419517,0.0002140929640917831,normalized94_abs_anchor_delta94_identity1,5ca38ebab9e2d191354ce7db934bf08f2b50c31bad2a7874ac97af410c8ebfc0,cca5ae7ee4cce2ee86f46cc84ddf15e047e55343487ced2ba50fbdaa31b86362
UNION_s3,objective,155,1.0257330029088447,1.002997532979724,0.7604694609163295,TRAIN_LOG1P_ANCHOR_EXCESS_MARGIN_CE,8bc9b11301b162494bf1911c149be1dd71f31d0a0601906acdb10574fb0dc970,0.022735469929120657,0.00013505537936917185,normalized94_abs_anchor_delta94_identity1,5ca38ebab9e2d191354ce7db934bf08f2b50c31bad2a7874ac97af410c8ebfc0,185161574a5a260c34cd64bbc573aa0f16e47b06d293c0eb9ebc95ddcf97c9c9
UNION_s3,objective,156,1.0257327756240993,1.0029966768206497,0.7604839798120125,TRAIN_LOG1P_ANCHOR_EXCESS_MARGIN_CE,8bc9b11301b162494bf1911c149be1dd71f31d0a0601906acdb10574fb0dc970,0.022736098803449463,0.0001491839354223843,normalized94_abs_anchor_delta94_identity1,5ca38ebab9e2d191354ce7db934bf08f2b50c31bad2a7874ac97af410c8ebfc0,5aa71c9f8472b50f71ef0819e01dec681bfb4555b65b72550248c6146a67e881
UNION_s3,objective,157,1.0257327642801257,1.0029954270276462,0.7605585238691409,TRAIN_LOG1P_ANCHOR_EXCESS_MARGIN_CE,8bc9b11301b162494bf1911c149be1dd71f31d0a0601906acdb10574fb0dc970,0.022737337252479575,0.00045971318306223615,normalized94_abs_anchor_delta94_identity1,5ca38ebab9e2d191354ce7db934bf08f2b50c31bad2a7874ac97af410c8ebfc0,1995d0a8610efe16def7a5d1816e487453869b4f7b2721bf29fe3e2f4587de13
UNION_s3,objective,158,1.0257326472667083,1.002995917435497,0.7605220561032223,TRAIN_LOG1P_ANCHOR_EXCESS_MARGIN_CE,8bc9b11301b162494bf1911c149be1dd71f31d0a0601906acdb10574fb0dc970,0.022736729831211413,0.00020726970627219199,normalized94_abs_anchor_delta94_identity1,5ca38ebab9e2d191354ce7db934bf08f2b50c31bad2a7874ac97af410c8ebfc0,9cf06c3e7f1c0d2a3b0139f3ebb270a08722b419a3b60d3c98b07854119e32d4
UNION_s3,objective,159,1.025732513722919,1.0029957670487197,0.7605003401056222,TRAIN_LOG1P_ANCHOR_EXCESS_MARGIN_CE,8bc9b11301b162494bf1911c149be1dd71f31d0a0601906acdb10574fb0dc970,0.02273674667419924,0.00011321201182691972,normalized94_abs_anchor_delta94_identity1,5ca38ebab9e2d191354ce7db934bf08f2b50c31bad2a7874ac97af410c8ebfc0,735cf5e0c6f1ac6ff9abed8ea127ff28d2db36d9ff1aabf051c48c42dee28b89
UNION_s3,objective,160,1.025732385151999,1.0029958495000888,0.7604804892004889,TRAIN_LOG1P_ANCHOR_EXCESS_MARGIN_CE,8bc9b11301b162494bf1911c149be1dd71f31d0a0601906acdb10574fb0dc970,0.022736535651910313,0.0001320037539993654,normalized94_abs_anchor_delta94_identity1,5ca38ebab9e2d191354ce7db934bf08f2b50c31bad2a7874ac97af410c8ebfc0,f0f3adb1f33f263745f53dde4a7a045d66c3630c4fbbf088527bc06e165c8a65
UNION_s3,objective,161,1.025732202236326,1.0029961555723914,0.760470289374807,TRAIN_LOG1P_ANCHOR_EXCESS_MARGIN_CE,8bc9b11301b162494bf1911c149be1dd71f31d0a0601906acdb10574fb0dc970,0.02273604666393454,0.000140180550198986,normalized94_abs_anchor_delta94_identity1,5ca38ebab9e2d191354ce7db934bf08f2b50c31bad2a7874ac97af410c8ebfc0,fd38a9b8dab8449ceabeff0af29c89516cb3fd451ae3ef5c77085685d5b775ab
UNION_s3,objective,162,1.0257318815180367,1.0029969007838673,0.7604618302767084,TRAIN_LOG1P_ANCHOR_EXCESS_MARGIN_CE,8bc9b11301b162494bf1911c149be1dd71f31d0a0601906acdb10574fb0dc970,0.022734980734169522,0.00016709655793684523,normalized94_abs_anchor_delta94_identity1,5ca38ebab9e2d191354ce7db934bf08f2b50c31bad2a7874ac97af410c8ebfc0,5b91fb78def4691d1429a4ac16246cb4630f83dd04cf6b81a75ce492ba0f7254
UNION_s3,objective,163,1.0257318723834161,1.0029983297161522,0.7604781164258934,TRAIN_LOG1P_ANCHOR_EXCESS_MARGIN_CE,8bc9b11301b162494bf1911c149be1dd71f31d0a0601906acdb10574fb0dc970,0.022733542667263865,0.000271784832026557,normalized94_abs_anchor_delta94_identity1,5ca38ebab9e2d191354ce7db934bf08f2b50c31bad2a7874ac97af410c8ebfc0,55c500526a9bfa5d08c8afc30ba4b59889003ae38f31077de02c2208f8052da2
UNION_s3,objective,164,1.0257317491668758,1.0029975035684775,0.7604700485216697,TRAIN_LOG1P_ANCHOR_EXCESS_MARGIN_CE,8bc9b11301b162494bf1911c149be1dd71f31d0a0601906acdb10574fb0dc970,0.022734245598398237,0.00013109211948358337,normalized94_abs_anchor_delta94_identity1,5ca38ebab9e2d191354ce7db934bf08f2b50c31bad2a7874ac97af410c8ebfc0,6d90f678700da8104d595cd89e8374aa54ef370b1ca0776ae2d43f902074a621
UNION_s3,objective,165,1.025731618470447,1.0029979366503576,0.760473191101903,TRAIN_LOG1P_ANCHOR_EXCESS_MARGIN_CE,8bc9b11301b162494bf1911c149be1dd71f31d0a0601906acdb10574fb0dc970,0.02273368182008934,8.76476754845218e-05,normalized94_abs_anchor_delta94_identity1,5ca38ebab9e2d191354ce7db934bf08f2b50c31bad2a7874ac97af410c8ebfc0,bacdb1225caa7ce7bef8819e4aa967b44b1f05588b1f3aa446974dfcdcd51fcb
UNION_s3,objective,166,1.0257314584679655,1.0029985999221254,0.7604800357620465,TRAIN_LOG1P_ANCHOR_EXCESS_MARGIN_CE,8bc9b11301b162494bf1911c149be1dd71f31d0a0601906acdb10574fb0dc970,0.022732858545840066,9.667829954330768e-05,normalized94_abs_anchor_delta94_identity1,5ca38ebab9e2d191354ce7db934bf08f2b50c31bad2a7874ac97af410c8ebfc0,7b5e9049c7ceb497bb224d082ba51356ce2751b02ee29066cb1cbeaa5d1e1f94
UNION_s3,objective,167,1.0257312338243236,1.0029997791271494,0.7604297495924366,TRAIN_LOG1P_ANCHOR_EXCESS_MARGIN_CE,8bc9b11301b162494bf1911c149be1dd71f31d0a0601906acdb10574fb0dc970,0.022731454697174244,0.0001412903176508547,normalized94_abs_anchor_delta94_identity1,5ca38ebab9e2d191354ce7db934bf08f2b50c31bad2a7874ac97af410c8ebfc0,bb6a33f636d6da94acae162b6b748baee47fbcb3e8e8dc4da0531640d83e5ff8
UNION_s3,objective,168,1.0257318129263668,1.0030040093950454,0.7608165982701337,TRAIN_LOG1P_ANCHOR_EXCESS_MARGIN_CE,8bc9b11301b162494bf1911c149be1dd71f31d0a0601906acdb10574fb0dc970,0.022727803531321384,0.0009183033520989258,normalized94_abs_anchor_delta94_identity1,5ca38ebab9e2d191354ce7db934bf08f2b50c31bad2a7874ac97af410c8ebfc0,57c2b5e93edfe0639a65cf3975ec3c4f872eacbeff0d91cd53f278be5362b081
UNION_s3,objective,169,1.0257311354173435,1.003000695322268,0.7605363096493045,TRAIN_LOG1P_ANCHOR_EXCESS_MARGIN_CE,8bc9b11301b162494bf1911c149be1dd71f31d0a0601906acdb10574fb0dc970,0.02273044009507536,0.00022780869051363832,normalized94_abs_anchor_delta94_identity1,5ca38ebab9e2d191354ce7db934bf08f2b50c31bad2a7874ac97af410c8ebfc0,7f2a9c00195616dbe7a1e6c97f1dfb29241639873ec895bb98fac4bb5fa3bfd8
UNION_s3,objective,170,1.0257310028627686,1.0030012196498341,0.7604990280114269,TRAIN_LOG1P_ANCHOR_EXCESS_MARGIN_CE,8bc9b11301b162494bf1911c149be1dd71f31d0a0601906acdb10574fb0dc970,0.022729783212934562,0.0001176339716601117,normalized94_abs_anchor_delta94_identity1,5ca38ebab9e2d191354ce7db934bf08f2b50c31bad2a7874ac97af410c8ebfc0,939538989c74a4980c129b50d63c6b3e6dc936d85cc72ea4756289c4126401c9
UNION_s3,objective,171,1.0257309171774995,1.0030016747118096,0.7604780645290115,TRAIN_LOG1P_ANCHOR_EXCESS_MARGIN_CE,8bc9b11301b162494bf1911c149be1dd71f31d0a0601906acdb10574fb0dc970,0.02272924246569,6.277412056227363e-05,normalized94_abs_anchor_delta94_identity1,5ca38ebab9e2d191354ce7db934bf08f2b50c31bad2a7874ac97af410c8ebfc0,89984319bb93365fcdcc1092ac94386918705d640b9a8bfa478f46a48b68921d
UNION_s3,objective,172,1.0257308722796554,1.0030021266271967,0.7604694917965364,TRAIN_LOG1P_ANCHOR_EXCESS_MARGIN_CE,8bc9b11301b162494bf1911c149be1dd71f31d0a0601906acdb10574fb0dc970,0.02272874565245879,9.55992686607187e-05,normalized94_abs_anchor_delta94_identity1,5ca38ebab9e2d191354ce7db934bf08f2b50c31bad2a7874ac97af410c8ebfc0,54b46b7a7db2a50cc9f255d3126b7b2277734afdeb2682868f3866b0d92d3f0d
UNION_s3,objective,173,1.0257307751920421,1.0030034287134069,0.7604737183365182,TRAIN_LOG1P_ANCHOR_EXCESS_MARGIN_CE,8bc9b11301b162494bf1911c149be1dd71f31d0a0601906acdb10574fb0dc970,0.022727346478635228,8.138629226351383e-05,normalized94_abs_anchor_delta94_identity1,5ca38ebab9e2d191354ce7db934bf08f2b50c31bad2a7874ac97af410c8ebfc0,8ef50f323d37be4ccbfeb1f263b177d1e9f9258a7884823979ede6c9820761d2
UNION_s3,objective,174,1.025730742411532,1.0030059820631287,0.7604538032036522,TRAIN_LOG1P_ANCHOR_EXCESS_MARGIN_CE,8bc9b11301b162494bf1911c149be1dd71f31d0a0601906acdb10574fb0dc970,0.02272476034840323,0.0003422681707289568,normalized94_abs_anchor_delta94_identity1,5ca38ebab9e2d191354ce7db934bf08f2b50c31bad2a7874ac97af410c8ebfc0,7528f33663310fd37afc566dd5259a2a292c8477efc568e1215d37543bc1bae9
UNION_s3,objective,175,1.0257306437049167,1.0030058405381272,0.7604722489309607,TRAIN_LOG1P_ANCHOR_EXCESS_MARGIN_CE,8bc9b11301b162494bf1911c149be1dd71f31d0a0601906acdb10574fb0dc970,0.022724803166789462,0.00013820254046085153,normalized94_abs_anchor_delta94_identity1,5ca38ebab9e2d191354ce7db934bf08f2b50c31bad2a7874ac97af410c8ebfc0,9d1e0f12e2b6a0731d2f5aa5b788ed14a36d30dd599e474c6fb0d1467534a35b
UNION_s3,objective,176,1.0257305874574913,1.0030065107515083,0.7604862332559135,TRAIN_LOG1P_ANCHOR_EXCESS_MARGIN_CE,8bc9b11301b162494bf1911c149be1dd71f31d0a0601906acdb10574fb0dc970,0.02272407670598314,5.892486357109286e-05,normalized94_abs_anchor_delta94_identity1,5ca38ebab9e2d191354ce7db934bf08f2b50c31bad2a7874ac97af410c8ebfc0,21a2114eb65892b8dc1dba155437f1a1f9cc1f927c0da1f2ba3ed244ce88641f
UNION_s3,objective,177,1.025730556983881,1.0030073674975,0.7604921452385369,TRAIN_LOG1P_ANCHOR_EXCESS_MARGIN_CE,8bc9b11301b162494bf1911c149be1dd71f31d0a0601906acdb10574fb0dc970,0.02272318948638104,8.004989239149599e-05,normalized94_abs_anchor_delta94_identity1,5ca38ebab9e2d191354ce7db934bf08f2b50c31bad2a7874ac97af410c8ebfc0,1d755a6fe5d9922eb9104705319a44d259b4e1ebeff4054a554d7b2a1b9043d5
UNION_s3,objective,178,1.0257304978996984,1.0030088396508394,0.7605001777118369,TRAIN_LOG1P_ANCHOR_EXCESS_MARGIN_CE,8bc9b11301b162494bf1911c149be1dd71f31d0a0601906acdb10574fb0dc970,0.022721658248858977,8.586956194812914e-05,normalized94_abs_anchor_delta94_identity1,5ca38ebab9e2d191354ce7db934bf08f2b50c31bad2a7874ac97af410c8ebfc0,01f7ffd7f9c06e3388be2a54a33233833de0081f357bd57a2e0a227a6e9eb28a
UNION_s3,objective,179,1.025730393928639,1.0030119310682721,0.760536563212483,TRAIN_LOG1P_ANCHOR_EXCESS_MARGIN_CE,8bc9b11301b162494bf1911c149be1dd71f31d0a0601906acdb10574fb0dc970,0.022718462860366974,0.0001523874051312253,normalized94_abs_anchor_delta94_identity1,5ca38ebab9e2d191354ce7db934bf08f2b50c31bad2a7874ac97af410c8ebfc0,459ba524c0c1df87f742ea8e23d6cb38ae7eb243779e5cfd0d594c4a10f9fec8
UNION_s3,objective,180,1.025730401348372,1.0030138412405751,0.7604334805458375,TRAIN_LOG1P_ANCHOR_EXCESS_MARGIN_CE,8bc9b11301b162494bf1911c149be1dd71f31d0a0601906acdb10574fb0dc970,0.022716560107796706,0.00020714378588665186,normalized94_abs_anchor_delta94_identity1,5ca38ebab9e2d191354ce7db934bf08f2b50c31bad2a7874ac97af410c8ebfc0,a009681a84e4a25f0977aa3437f731e9047ba0631aa200b5bc3720c2bb5ff27e
UNION_s3,objective,181,1.0257303658582664,1.0030127989969824,0.7604880253579998,TRAIN_LOG1P_ANCHOR_EXCESS_MARGIN_CE,8bc9b11301b162494bf1911c149be1dd71f31d0a0601906acdb10574fb0dc970,0.02271756686128412,7.003629440799771e-05,normalized94_abs_anchor_delta94_identity1,5ca38ebab9e2d191354ce7db934bf08f2b50c31bad2a7874ac97af410c8ebfc0,1464c7df631bdded8e79f14cc190fd5de90f50fa8448043540b2e130524a8b2c
UNION_s3,objective,182,1.025730343959151,1.0030131813004783,0.7605012990609584,TRAIN_LOG1P_ANCHOR_EXCESS_MARGIN_CE,8bc9b11301b162494bf1911c149be1dd71f31d0a0601906acdb10574fb0dc970,0.022717162658672532,4.3177318902507676e-05,normalized94_abs_anchor_delta94_identity1,5ca38ebab9e2d191354ce7db934bf08f2b50c31bad2a7874ac97af410c8ebfc0,6b180ae13b60cf3943514dacb69bd6d34871c1aaf2a7ee43265a08410aae642a
UNION_s3,objective,183,1.0257303225558978,1.00301368744971,0.7605082771890691,TRAIN_LOG1P_ANCHOR_EXCESS_MARGIN_CE,8bc9b11301b162494bf1911c149be1dd71f31d0a0601906acdb10574fb0dc970,0.022716635106187804,4.1669774825202056e-05,normalized94_abs_anchor_delta94_identity1,5ca38ebab9e2d191354ce7db934bf08f2b50c31bad2a7874ac97af410c8ebfc0,f2c23b23c0d79c1261004c3361f6a4cef3ceacc283fdf1f3325a6a674f3bce17
UNION_s3,objective,184,1.025730284725901,1.0030151740128206,0.7605114086613828,TRAIN_LOG1P_ANCHOR_EXCESS_MARGIN_CE,8bc9b11301b162494bf1911c149be1dd71f31d0a0601906acdb10574fb0dc970,0.02271511071308062,5.525441451864434e-05,normalized94_abs_anchor_delta94_identity1,5ca38ebab9e2d191354ce7db934bf08f2b50c31bad2a7874ac97af410c8ebfc0,240c4019e27c9f260c10a06835997ecf9f1f487b91bba61a5f4f3b973d800754
UNION_s3,objective,185,1.0257302431988482,1.0030188294681635,0.7605381728837444,TRAIN_LOG1P_ANCHOR_EXCESS_MARGIN_CE,8bc9b11301b162494bf1911c149be1dd71f31d0a0601906acdb10574fb0dc970,0.022711413730684808,8.878464151544967e-05,normalized94_abs_anchor_delta94_identity1,5ca38ebab9e2d191354ce7db934bf08f2b50c31bad2a7874ac97af410c8ebfc0,941c213c0c6781169b54528fa0e9857cf8dc7815b0881432ea187768e43bbd4e
UNION_s3,objective,186,1.025730203854121,1.0030223995717678,0.7605045446177436,TRAIN_LOG1P_ANCHOR_EXCESS_MARGIN_CE,8bc9b11301b162494bf1911c149be1dd71f31d0a0601906acdb10574fb0dc970,0.022707804282353104,7.960275505883387e-05,normalized94_abs_anchor_delta94_identity1,5ca38ebab9e2d191354ce7db934bf08f2b50c31bad2a7874ac97af410c8ebfc0,ebd8f0342d2c0c85fcf227c9cf43a7f6bd76d4d3f382d759b05013cc14999394
UNION_s3,objective,187,1.0257301796463736,1.0030231062062296,0.7605125646190992,TRAIN_LOG1P_ANCHOR_EXCESS_MARGIN_CE,8bc9b11301b162494bf1911c149be1dd71f31d0a0601906acdb10574fb0dc970,0.022707073440144037,4.174821636398591e-05,normalized94_abs_anchor_delta94_identity1,5ca38ebab9e2d191354ce7db934bf08f2b50c31bad2a7874ac97af410c8ebfc0,b607d1e711d3f177ebbc77f15a00118f54bd705d52cd8bfd4d17a1d289f81268
UNION_s3,objective,188,1.025730163925058,1.0030238317962106,0.7605109878243898,TRAIN_LOG1P_ANCHOR_EXCESS_MARGIN_CE,8bc9b11301b162494bf1911c149be1dd71f31d0a0601906acdb10574fb0dc970,0.022706332128847366,4.696473893285611e-05,normalized94_abs_anchor_delta94_identity1,5ca38ebab9e2d191354ce7db934bf08f2b50c31bad2a7874ac97af410c8ebfc0,f4a56b8c25b69422e22e487e389607ec3ac74e598b51f90afe98dd15ac09edd8
UNION_s3,objective,189,1.025730142891872,1.0030251582331757,0.7605148305889297,TRAIN_LOG1P_ANCHOR_EXCESS_MARGIN_CE,8bc9b11301b162494bf1911c149be1dd71f31d0a0601906acdb10574fb0dc970,0.022704984658696286,4.980083390892198e-05,normalized94_abs_anchor_delta94_identity1,5ca38ebab9e2d191354ce7db934bf08f2b50c31bad2a7874ac97af410c8ebfc0,082772a16ecea3a97612e820957391534a569d9b9875a06eb58b13deeb1d8676
UNION_s3,objective,190,1.0257300944906829,1.0030306231707875,0.7605113738282651,TRAIN_LOG1P_ANCHOR_EXCESS_MARGIN_CE,8bc9b11301b162494bf1911c149be1dd71f31d0a0601906acdb10574fb0dc970,0.02269947131989538,0.00012586346574830145,normalized94_abs_anchor_delta94_identity1,5ca38ebab9e2d191354ce7db934bf08f2b50c31bad2a7874ac97af410c8ebfc0,1c420ca0fc78f580bb1736c955e676c085a701457b0716c183df6c45017479a4
UNION_s3,objective,191,1.025730065299592,1.0030336608167236,0.76053454287417,TRAIN_LOG1P_ANCHOR_EXCESS_MARGIN_CE,8bc9b11301b162494bf1911c149be1dd71f31d0a0601906acdb10574fb0dc970,0.022696404482868394,4.5548372981277094e-05,normalized94_abs_anchor_delta94_identity1,5ca38ebab9e2d191354ce7db934bf08f2b50c31bad2a7874ac97af410c8ebfc0,eac4225887d53e67260f7a4d3023bf2091385dffd3d87996e43079328d5a2e87
UNION_s3,objective,192,1.0257300533490765,1.0030344693359106,0.7605307655224383,TRAIN_LOG1P_ANCHOR_EXCESS_MARGIN_CE,8bc9b11301b162494bf1911c149be1dd71f31d0a0601906acdb10574fb0dc970,0.022695584013165973,4.341117804537393e-05,normalized94_abs_anchor_delta94_identity1,5ca38ebab9e2d191354ce7db934bf08f2b50c31bad2a7874ac97af410c8ebfc0,a6acf63db1195435c6d2e1bbb099ae88811acd1785f7de9be5581b7f8bc4764d
UNION_s3,objective,193,1.0257301647273962,1.0030422887343438,0.7606677192745125,TRAIN_LOG1P_ANCHOR_EXCESS_MARGIN_CE,8bc9b11301b162494bf1911c149be1dd71f31d0a0601906acdb10574fb0dc970,0.02268787599305241,0.0004372003671364062,normalized94_abs_anchor_delta94_identity1,5ca38ebab9e2d191354ce7db934bf08f2b50c31bad2a7874ac97af410c8ebfc0,d75a2a65c38fd3ae30e3eae263ff57087bbb85e73174478114124ca2bba41c0d
UNION_s3,objective,194,1.0257300367058546,1.0030364958563005,0.7605670334661989,TRAIN_LOG1P_ANCHOR_EXCESS_MARGIN_CE,8bc9b11301b162494bf1911c149be1dd71f31d0a0601906acdb10574fb0dc970,0.02269354084955409,0.00012098377963854199,normalized94_abs_anchor_delta94_identity1,5ca38ebab9e2d191354ce7db934bf08f2b50c31bad2a7874ac97af410c8ebfc0,86fd2b2302473fb61dbb93495bede7c8002711024deda8fc926afece6c0ee669
UNION_s3,objective,195,1.0257300101967344,1.0030385947151905,0.7605454044974814,TRAIN_LOG1P_ANCHOR_EXCESS_MARGIN_CE,8bc9b11301b162494bf1911c149be1dd71f31d0a0601906acdb10574fb0dc970,0.022691415481543745,6.236703348075857e-05,normalized94_abs_anchor_delta94_identity1,5ca38ebab9e2d191354ce7db934bf08f2b50c31bad2a7874ac97af410c8ebfc0,07a91a3d8cb9cd7504a6121825bff83155424ed88800e1018d98d71f9de96893
UNION_s3,objective,196,1.0257299902329828,1.0030411892878284,0.7605289769379283,TRAIN_LOG1P_ANCHOR_EXCESS_MARGIN_CE,8bc9b11301b162494bf1911c149be1dd71f31d0a0601906acdb10574fb0dc970,0.02268880094515443,3.599072867511104e-05,normalized94_abs_anchor_delta94_identity1,5ca38ebab9e2d191354ce7db934bf08f2b50c31bad2a7874ac97af410c8ebfc0,e4f4f5f3418f228bc36d415efeac1caf1857cf868484e2d6a8073312e9f8ed8b
UNION_s3,objective,197,1.0257299770890032,1.003043063288414,0.7605231964535273,TRAIN_LOG1P_ANCHOR_EXCESS_MARGIN_CE,8bc9b11301b162494bf1911c149be1dd71f31d0a0601906acdb10574fb0dc970,0.022686913800589285,3.6750212881224034e-05,normalized94_abs_anchor_delta94_identity1,5ca38ebab9e2d191354ce7db934bf08f2b50c31bad2a7874ac97af410c8ebfc0,e29dd7de02536f23da6ffada6ef2371b255c1ca57115607d6a5724577ce39461
UNION_s3,objective,198,1.0257299553519528,1.003045676104602,0.7605225409466226,TRAIN_LOG1P_ANCHOR_EXCESS_MARGIN_CE,8bc9b11301b162494bf1911c149be1dd71f31d0a0601906acdb10574fb0dc970,0.02268427924735068,3.778141305097256e-05,normalized94_abs_anchor_delta94_identity1,5ca38ebab9e2d191354ce7db934bf08f2b50c31bad2a7874ac97af410c8ebfc0,a0e940c2e2c788087cccf0bef87e60c02e41b45a06f5290267514022f41a268f
UNION_s3,objective,199,1.0257299416072378,1.0030519811939,0.760494084301018,TRAIN_LOG1P_ANCHOR_EXCESS_MARGIN_CE,8bc9b11301b162494bf1911c149be1dd71f31d0a0601906acdb10574fb0dc970,0.02267796041333773,0.00012587274071827043,normalized94_abs_anchor_delta94_identity1,5ca38ebab9e2d191354ce7db934bf08f2b50c31bad2a7874ac97af410c8ebfc0,b404f3da79558f0fac61e7249586b4018b13131f444821fba9974ddf5faaaab4
UNION_s3,objective,200,1.0257299025665585,1.0030537138306217,0.760527459454206,TRAIN_LOG1P_ANCHOR_EXCESS_MARGIN_CE,8bc9b11301b162494bf1911c149be1dd71f31d0a0601906acdb10574fb0dc970,0.022676188735936877,3.493457583982005e-05,normalized94_abs_anchor_delta94_identity1,5ca38ebab9e2d191354ce7db934bf08f2b50c31bad2a7874ac97af410c8ebfc0,124c55c0bf9c5ebf0329a913f555e1234e10478fc202856e1fc54a5e30738fe1
UNION_s3,objective,201,1.0257298903219059,1.0030534464073142,0.7605365843185489,TRAIN_LOG1P_ANCHOR_EXCESS_MARGIN_CE,8bc9b11301b162494bf1911c149be1dd71f31d0a0601906acdb10574fb0dc970,0.022676443914591726,2.792998285796628e-05,normalized94_abs_anchor_delta94_identity1,5ca38ebab9e2d191354ce7db934bf08f2b50c31bad2a7874ac97af410c8ebfc0,08e1dd4f2a97e4a34bfbaeccd8919ac25a5e3460adca656b4d95893868439c44
UNION_s3,objective,202,1.0257298751045905,1.003054283336013,0.760543000998648,TRAIN_LOG1P_ANCHOR_EXCESS_MARGIN_CE,8bc9b11301b162494bf1911c149be1dd71f31d0a0601906acdb10574fb0dc970,0.0226755917685775,3.809513728681482e-05,normalized94_abs_anchor_delta94_identity1,5ca38ebab9e2d191354ce7db934bf08f2b50c31bad2a7874ac97af410c8ebfc0,9f553a4d7b29c862499f2cebe0de017b864a07b77bc5e4119cdca94bc79df5b5
UNION_s3,objective,203,1.0257298799839214,1.0030563469675398,0.7605391583493092,TRAIN_LOG1P_ANCHOR_EXCESS_MARGIN_CE,8bc9b11301b162494bf1911c149be1dd71f31d0a0601906acdb10574fb0dc970,0.022673533016381604,0.00013154369753494945,normalized94_abs_anchor_delta94_identity1,5ca38ebab9e2d191354ce7db934bf08f2b50c31bad2a7874ac97af410c8ebfc0,7b348c4a94e93dbff43cc5bf224143b475618ff2788423603987147e3f75bf62
UNION_s3,objective,204,1.025729869294659,1.0030551513252828,0.760541366367151,TRAIN_LOG1P_ANCHOR_EXCESS_MARGIN_CE,8bc9b11301b162494bf1911c149be1dd71f31d0a0601906acdb10574fb0dc970,0.022674717969376153,5.35530963562244e-05,normalized94_abs_anchor_delta94_identity1,5ca38ebab9e2d191354ce7db934bf08f2b50c31bad2a7874ac97af410c8ebfc0,589d8a759c1a66d783f99fe404e937623bd0a7c0e2e41df26b52ae1274e3756d
UNION_s3,objective,205,1.0257298584650902,1.0030568018082948,0.7605410508106087,TRAIN_LOG1P_ANCHOR_EXCESS_MARGIN_CE,8bc9b11301b162494bf1911c149be1dd71f31d0a0601906acdb10574fb0dc970,0.022673056656795434,3.591612898114829e-05,normalized94_abs_anchor_delta94_identity1,5ca38ebab9e2d191354ce7db934bf08f2b50c31bad2a7874ac97af410c8ebfc0,c39a9c31ec3e05cdba9a6b4d4e9d84749758edee3fd14730b8a684fa774f1ad7
UNION_s3,objective,206,1.0257298458776556,1.0030602148683783,0.7605505004165783,TRAIN_LOG1P_ANCHOR_EXCESS_MARGIN_CE,8bc9b11301b162494bf1911c149be1dd71f31d0a0601906acdb10574fb0dc970,0.022669631009277245,4.3936388671306254e-05,normalized94_abs_anchor_delta94_identity1,5ca38ebab9e2d191354ce7db934bf08f2b50c31bad2a7874ac97af410c8ebfc0,8cdcea6c7695417962159662ede452ad41298ea37cb60d5f04f1e9a970f0030d
UNION_s3,objective,207,1.0257298401224346,1.0030625417528471,0.7605162247792755,TRAIN_LOG1P_ANCHOR_EXCESS_MARGIN_CE,8bc9b11301b162494bf1911c149be1dd71f31d0a0601906acdb10574fb0dc970,0.022667298369587415,6.541860869225211e-05,normalized94_abs_anchor_delta94_identity1,5ca38ebab9e2d191354ce7db934bf08f2b50c31bad2a7874ac97af410c8ebfc0,1e011e770c5dbf1a0789b39b13840b06d211fafdee21652cac521cb13c23c131
UNION_s3,objective,208,1.025729832791556,1.0030629439123753,0.7605318410824503,TRAIN_LOG1P_ANCHOR_EXCESS_MARGIN_CE,8bc9b11301b162494bf1911c149be1dd71f31d0a0601906acdb10574fb0dc970,0.02266688887918084,3.26499443242563e-05,normalized94_abs_anchor_delta94_identity1,5ca38ebab9e2d191354ce7db934bf08f2b50c31bad2a7874ac97af410c8ebfc0,53e392e4a526f80473b331c4bbaf19b84fc35cb110e447b029585ae37bcd3c0f
UNION_s3,objective,209,1.0257298254061176,1.0030634124647075,0.7605427533876621,TRAIN_LOG1P_ANCHOR_EXCESS_MARGIN_CE,8bc9b11301b162494bf1911c149be1dd71f31d0a0601906acdb10574fb0dc970,0.022666412941410054,2.55627737583157e-05,normalized94_abs_anchor_delta94_identity1,5ca38ebab9e2d191354ce7db934bf08f2b50c31bad2a7874ac97af410c8ebfc0,fd02888fdc17ce80e1d3c380a3ce00b8f28f35b68a6eb7a0fc4a00da9ca7a858
UNION_s3,objective,210,1.025729815485711,1.0030646510201342,0.7605500040740976,TRAIN_LOG1P_ANCHOR_EXCESS_MARGIN_CE,8bc9b11301b162494bf1911c149be1dd71f31d0a0601906acdb10574fb0dc970,0.022665164465576877,2.9176273913212258e-05,normalized94_abs_anchor_delta94_identity1,5ca38ebab9e2d191354ce7db934bf08f2b50c31bad2a7874ac97af410c8ebfc0,8e51d4f67554759a4f16de01449da370b77c68d9255d4957f4be4b3689dad24c
UNION_s3,objective,211,1.0257298033220896,1.0030664331687615,0.7605526676941636,TRAIN_LOG1P_ANCHOR_EXCESS_MARGIN_CE,8bc9b11301b162494bf1911c149be1dd71f31d0a0601906acdb10574fb0dc970,0.022663370153327984,2.6820534817454355e-05,normalized94_abs_anchor_delta94_identity1,5ca38ebab9e2d191354ce7db934bf08f2b50c31bad2a7874ac97af410c8ebfc0,22b00804325ab6df58631979bdd06ce1cb53485951cc854cd085bc0494741db2
UNION_s3,objective,212,1.0257297930193985,1.0030690427202316,0.7605649428117517,TRAIN_LOG1P_ANCHOR_EXCESS_MARGIN_CE,8bc9b11301b162494bf1911c149be1dd71f31d0a0601906acdb10574fb0dc970,0.022660750299167014,5.1203109354930904e-05,normalized94_abs_anchor_delta94_identity1,5ca38ebab9e2d191354ce7db934bf08f2b50c31bad2a7874ac97af410c8ebfc0,7d7f3a5e0094e652cf2840b0faa9a69de7fbf893ecabe4c843f2c7f3dc43bc7a
UNION_s3,objective,213,1.0257297939538097,1.0030717084906418,0.7605413084498583,TRAIN_LOG1P_ANCHOR_EXCESS_MARGIN_CE,8bc9b11301b162494bf1911c149be1dd71f31d0a0601906acdb10574fb0dc970,0.022658085463167933,7.025617966018786e-05,normalized94_abs_anchor_delta94_identity1,5ca38ebab9e2d191354ce7db934bf08f2b50c31bad2a7874ac97af410c8ebfc0,bc5f8a797bbad419e45bfa298c55756d9891ec0ced3ca0330e6ef032e6f7b322
UNION_s3,objective,214,1.0257297859761643,1.003070326757085,0.760553488974962,TRAIN_LOG1P_ANCHOR_EXCESS_MARGIN_CE,8bc9b11301b162494bf1911c149be1dd71f31d0a0601906acdb10574fb0dc970,0.022659459219079144,2.424644115549644e-05,normalized94_abs_anchor_delta94_identity1,5ca38ebab9e2d191354ce7db934bf08f2b50c31bad2a7874ac97af410c8ebfc0,ece2cc7d6212e8c9b64e498b563b4d2f929b989b5061eabef0ef3c0519431cf0
UNION_s3,objective,215,1.025729782206897,1.0030710548773267,0.7605500563653763,TRAIN_LOG1P_ANCHOR_EXCESS_MARGIN_CE,8bc9b11301b162494bf1911c149be1dd71f31d0a0601906acdb10574fb0dc970,0.02265872732957019,1.702569237119964e-05,normalized94_abs_anchor_delta94_identity1,5ca38ebab9e2d191354ce7db934bf08f2b50c31bad2a7874ac97af410c8ebfc0,5221f5e799b38094faec87965c010b0af5a7354b490fb45d77be2284517191d7
UNION_s3,objective,216,1.0257297771107867,1.0030716107052975,0.7605461063277941,TRAIN_LOG1P_ANCHOR_EXCESS_MARGIN_CE,8bc9b11301b162494bf1911c149be1dd71f31d0a0601906acdb10574fb0dc970,0.02265816640548916,1.4300886565474771e-05,normalized94_abs_anchor_delta94_identity1,5ca38ebab9e2d191354ce7db934bf08f2b50c31bad2a7874ac97af410c8ebfc0,ad3802d6556c97942d05832c98784eb6947639553a1aa33e31c3a098793081cc
UNION_s3,objective,217,1.0257297751000949,1.0030739600057168,0.7605402683642698,TRAIN_LOG1P_ANCHOR_EXCESS_MARGIN_CE,8bc9b11301b162494bf1911c149be1dd71f31d0a0601906acdb10574fb0dc970,0.022655815094378112,5.978798179860933e-05,normalized94_abs_anchor_delta94_identity1,5ca38ebab9e2d191354ce7db934bf08f2b50c31bad2a7874ac97af410c8ebfc0,f1ccf4bb128f240113cd9eb5106fe2050032299f00a610ff506e804fbcdf9807
UNION_s3,objective,218,1.025729770151567,1.0030748019481104,0.7605476613455464,TRAIN_LOG1P_ANCHOR_EXCESS_MARGIN_CE,8bc9b11301b162494bf1911c149be1dd71f31d0a0601906acdb10574fb0dc970,0.022654968203456735,1.8579951096111586e-05,normalized94_abs_anchor_delta94_identity1,5ca38ebab9e2d191354ce7db934bf08f2b50c31bad2a7874ac97af410c8ebfc0,1b5eac5823c9fb05b04c0c52ffb0e5ce977391070687389c96b335d712b17806
UNION_s3,objective,219,1.0257297680862194,1.0030748395059021,0.7605502900104311,TRAIN_LOG1P_ANCHOR_EXCESS_MARGIN_CE,8bc9b11301b162494bf1911c149be1dd71f31d0a0601906acdb10574fb0dc970,0.022654928580317167,1.828543658177625e-05,normalized94_abs_anchor_delta94_identity1,5ca38ebab9e2d191354ce7db934bf08f2b50c31bad2a7874ac97af410c8ebfc0,78d1334360984140f1b90be0f75490481f4bad20f63c083953b7f613ef4fbd3d
UNION_s3,objective,220,1.0257297642068053,1.0030754558552115,0.7605546238120119,TRAIN_LOG1P_ANCHOR_EXCESS_MARGIN_CE,8bc9b11301b162494bf1911c149be1dd71f31d0a0601906acdb10574fb0dc970,0.022654308351593776,2.1074582809535822e-05,normalized94_abs_anchor_delta94_identity1,5ca38ebab9e2d191354ce7db934bf08f2b50c31bad2a7874ac97af410c8ebfc0,e313f9d2deb82b51b05dbb954cdbe87d1cbc7a273c69da1cf4a7d68c9e5dab0e
UNION_s3,objective,221,1.0257297702439394,1.003075349528304,0.7605205422572329,TRAIN_LOG1P_ANCHOR_EXCESS_MARGIN_CE,8bc9b11301b162494bf1911c149be1dd71f31d0a0601906acdb10574fb0dc970,0.022654420715635358,7.467787096209168e-05,normalized94_abs_anchor_delta94_identity1,5ca38ebab9e2d191354ce7db934bf08f2b50c31bad2a7874ac97af410c8ebfc0,998ed9cc7bb0244eda61ff2467dce51b21da9df409f8a0287f0818a85411176e
UNION_s3,objective,222,1.025729763193317,1.0030754239626887,0.7605452531119592,TRAIN_LOG1P_ANCHOR_EXCESS_MARGIN_CE,8bc9b11301b162494bf1911c149be1dd71f31d0a0601906acdb10574fb0dc970,0.02265433923062833,1.2904725380505142e-05,normalized94_abs_anchor_delta94_identity1,5ca38ebab9e2d191354ce7db934bf08f2b50c31bad2a7874ac97af410c8ebfc0,c1177f35aef663daca4a79ead517e71d3259b8049bb9fa95a9cc426352ea4064
UNION_s3,objective,223,1.025729761507355,1.0030761904242613,0.7605475311593919,TRAIN_LOG1P_ANCHOR_EXCESS_MARGIN_CE,8bc9b11301b162494bf1911c149be1dd71f31d0a0601906acdb10574fb0dc970,0.022653571083093838,1.2054667014893444e-05,normalized94_abs_anchor_delta94_identity1,5ca38ebab9e2d191354ce7db934bf08f2b50c31bad2a7874ac97af410c8ebfc0,20046c444a623dfeeaa7b7f70d5037d08aeed0b845e2694ce4f82aa362c4728f
UNION_s3,objective,224,1.025729758831779,1.003076873755757,0.7605496459202754,TRAIN_LOG1P_ANCHOR_EXCESS_MARGIN_CE,8bc9b11301b162494bf1911c149be1dd71f31d0a0601906acdb10574fb0dc970,0.02265288507602222,1.1402358706394063e-05,normalized94_abs_anchor_delta94_identity1,5ca38ebab9e2d191354ce7db934bf08f2b50c31bad2a7874ac97af410c8ebfc0,14b824d2ad6a13b21f1788e70bbbee0c01898756ab428f132c8c9aba958ad446
UNION_s3,objective,225,1.025729751963819,1.003078781495551,0.7605496208053512,TRAIN_LOG1P_ANCHOR_EXCESS_MARGIN_CE,8bc9b11301b162494bf1911c149be1dd71f31d0a0601906acdb10574fb0dc970,0.02265097046826796,1.5428469462952706e-05,normalized94_abs_anchor_delta94_identity1,5ca38ebab9e2d191354ce7db934bf08f2b50c31bad2a7874ac97af410c8ebfc0,b1ca6721f795d4f15dcfa5fa5d28013c03ddac3b1733359a74388c0d632f4990
UNION_s3,objective,226,1.0257297585471965,1.0030815648201823,0.7605771525702612,TRAIN_LOG1P_ANCHOR_EXCESS_MARGIN_CE,8bc9b11301b162494bf1911c149be1dd71f31d0a0601906acdb10574fb0dc970,0.022648193727014237,8.229792691827625e-05,normalized94_abs_anchor_delta94_identity1,5ca38ebab9e2d191354ce7db934bf08f2b50c31bad2a7874ac97af410c8ebfc0,f9d15d01f79c656f40f9b056735f6ceae4182e59c91511a5d875a8db714780a6
UNION_s3,objective,227,1.0257297492712045,1.0030797512217895,0.7605592566757707,TRAIN_LOG1P_ANCHOR_EXCESS_MARGIN_CE,8bc9b11301b162494bf1911c149be1dd71f31d0a0601906acdb10574fb0dc970,0.022649998049415084,2.854915363747386e-05,normalized94_abs_anchor_delta94_identity1,5ca38ebab9e2d191354ce7db934bf08f2b50c31bad2a7874ac97af410c8ebfc0,6d142226e7560884d7c7c947d9eff3f07a35d333b836841c3cdad035ad165206
UNION_s3,objective,228,1.0257297445124904,1.003080589008819,0.7605541610257025,TRAIN_LOG1P_ANCHOR_EXCESS_MARGIN_CE,8bc9b11301b162494bf1911c149be1dd71f31d0a0601906acdb10574fb0dc970,0.022649155503671334,1.5451848468926298e-05,normalized94_abs_anchor_delta94_identity1,5ca38ebab9e2d191354ce7db934bf08f2b50c31bad2a7874ac97af410c8ebfc0,dfffcba06431ad3996bf66ea9c0db5e18b1a58d79a053a4b39d8a4a8bec14063
UNION_s3,objective,229,1.0257297408793844,1.0030810631622429,0.7605500528302841,TRAIN_LOG1P_ANCHOR_EXCESS_MARGIN_CE,8bc9b11301b162494bf1911c149be1dd71f31d0a0601906acdb10574fb0dc970,0.022648677717141442,1.1512729737834685e-05,normalized94_abs_anchor_delta94_identity1,5ca38ebab9e2d191354ce7db934bf08f2b50c31bad2a7874ac97af410c8ebfc0,2a3e46b2832feee010bb7abdfd4e629b71199f367dfd7cee0d2492294737e075
UNION_s3,objective,230,1.0257297412394906,1.0030841834188537,0.7605397570263317,TRAIN_LOG1P_ANCHOR_EXCESS_MARGIN_CE,8bc9b11301b162494bf1911c149be1dd71f31d0a0601906acdb10574fb0dc970,0.022645557820636843,4.7701259404574674e-05,normalized94_abs_anchor_delta94_identity1,5ca38ebab9e2d191354ce7db934bf08f2b50c31bad2a7874ac97af410c8ebfc0,e6efa2a2f3f1bb9412e5dd9144b4833bb1ced5f5a550cade113f882d7bd852ab
UNION_s3,objective,231,1.0257297394522578,1.0030825341986866,0.7605451933513233,TRAIN_LOG1P_ANCHOR_EXCESS_MARGIN_CE,8bc9b11301b162494bf1911c149be1dd71f31d0a0601906acdb10574fb0dc970,0.02264720525357105,2.2094740114319354e-05,normalized94_abs_anchor_delta94_identity1,5ca38ebab9e2d191354ce7db934bf08f2b50c31bad2a7874ac97af410c8ebfc0,cf53ea8c1fe84570881923adf3218b1074b276ce60a1559178c2edc7339f1b16
UNION_s3,objective,232,1.025729738337741,1.0030828848411115,0.7605477657143944,TRAIN_LOG1P_ANCHOR_EXCESS_MARGIN_CE,8bc9b11301b162494bf1911c149be1dd71f31d0a0601906acdb10574fb0dc970,0.022646853496629524,1.9233729485149225e-05,normalized94_abs_anchor_delta94_identity1,5ca38ebab9e2d191354ce7db934bf08f2b50c31bad2a7874ac97af410c8ebfc0,65e11ec8a6717fae424974e456e46e736fd34996e59377d327f4911a25cdf798
UNION_s3,objective,233,1.0257297374683025,1.0030828240181286,0.7605477409931359,TRAIN_LOG1P_ANCHOR_EXCESS_MARGIN_CE,8bc9b11301b162494bf1911c149be1dd71f31d0a0601906acdb10574fb0dc970,0.022646913450173983,1.3877105866772003e-05,normalized94_abs_anchor_delta94_identity1,5ca38ebab9e2d191354ce7db934bf08f2b50c31bad2a7874ac97af410c8ebfc0,17dd4e27a5d9f154393c6a7e4548b3b26a013b65d1e98e7fd994d6ded64c1eda
UNION_s3,objective,234,1.025729735614099,1.0030830585855297,0.7605495989554094,TRAIN_LOG1P_ANCHOR_EXCESS_MARGIN_CE,8bc9b11301b162494bf1911c149be1dd71f31d0a0601906acdb10574fb0dc970,0.022646677028569345,1.0292935518218848e-05,normalized94_abs_anchor_delta94_identity1,5ca38ebab9e2d191354ce7db934bf08f2b50c31bad2a7874ac97af410c8ebfc0,450ff6e5b8619eb5a10da02afad6b1e129c98ad5f02e6abdf16b9645cb587352
UNION_s3,objective,235,1.0257297338901274,1.0030834894787772,0.7605511982570036,TRAIN_LOG1P_ANCHOR_EXCESS_MARGIN_CE,8bc9b11301b162494bf1911c149be1dd71f31d0a0601906acdb10574fb0dc970,0.02264624441135011,1.2322190099602973e-05,normalized94_abs_anchor_delta94_identity1,5ca38ebab9e2d191354ce7db934bf08f2b50c31bad2a7874ac97af410c8ebfc0,b21532a063b10f8be2f054f2e3d5a5d638dd3cfbf54f9688c6e3479d9920ed6a
UNION_s3,objective,236,1.0257297317755663,1.0030840228791025,0.7605457153610866,TRAIN_LOG1P_ANCHOR_EXCESS_MARGIN_CE,8bc9b11301b162494bf1911c149be1dd71f31d0a0601906acdb10574fb0dc970,0.02264570889646383,2.0323801930206937e-05,normalized94_abs_anchor_delta94_identity1,5ca38ebab9e2d191354ce7db934bf08f2b50c31bad2a7874ac97af410c8ebfc0,b72a3e94935c38ced3539116a925b1afe93d73cd4c02c06222f4bb86b633362b
UNION_s3,objective,237,1.0257297321017638,1.0030852728377437,0.7605643211028313,TRAIN_LOG1P_ANCHOR_EXCESS_MARGIN_CE,8bc9b11301b162494bf1911c149be1dd71f31d0a0601906acdb10574fb0dc970,0.0226444592640201,3.516899891375496e-05,normalized94_abs_anchor_delta94_identity1,5ca38ebab9e2d191354ce7db934bf08f2b50c31bad2a7874ac97af410c8ebfc0,2fba10b150e1b206c93af3f9927e3554df87b8c9a52b19683085ec72a4ddba41
UNION_s3,objective,238,1.025729730703072,1.0030846052454168,0.7605544007254166,TRAIN_LOG1P_ANCHOR_EXCESS_MARGIN_CE,8bc9b11301b162494bf1911c149be1dd71f31d0a0601906acdb10574fb0dc970,0.022645125457655135,1.1384217656383056e-05,normalized94_abs_anchor_delta94_identity1,5ca38ebab9e2d191354ce7db934bf08f2b50c31bad2a7874ac97af410c8ebfc0,9b94fb27a1d4623a70f270ae6b06ba2e3ea42c534a8dea3b87b85457ad28a7c3
UNION_s3,objective,239,1.0257297300366628,1.0030846139885,0.7605516441192968,TRAIN_LOG1P_ANCHOR_EXCESS_MARGIN_CE,8bc9b11301b162494bf1911c149be1dd71f31d0a0601906acdb10574fb0dc970,0.022645116048162953,7.258034069576586e-06,normalized94_abs_anchor_delta94_identity1,5ca38ebab9e2d191354ce7db934bf08f2b50c31bad2a7874ac97af410c8ebfc0,ce8fd3e498b6d03a7d12082742716d148410bf87160b703624dbf340ab0dd686
UNION_s3,objective,240,1.0257297292872112,1.0030844824705394,0.7605493735147385,TRAIN_LOG1P_ANCHOR_EXCESS_MARGIN_CE,8bc9b11301b162494bf1911c149be1dd71f31d0a0601906acdb10574fb0dc970,0.022645246816671738,8.726137465123746e-06,normalized94_abs_anchor_delta94_identity1,5ca38ebab9e2d191354ce7db934bf08f2b50c31bad2a7874ac97af410c8ebfc0,c4c2fe584854f8de3c2beb0724aa043f71d117e744cdb5919f7f583478b68fbd
UNION_s3,objective,241,1.0257297282557913,1.0030843176213788,0.7605490382352644,TRAIN_LOG1P_ANCHOR_EXCESS_MARGIN_CE,8bc9b11301b162494bf1911c149be1dd71f31d0a0601906acdb10574fb0dc970,0.022645410634412482,1.0974645023212695e-05,normalized94_abs_anchor_delta94_identity1,5ca38ebab9e2d191354ce7db934bf08f2b50c31bad2a7874ac97af410c8ebfc0,eeeda505080f6f2dedaf23aa913f3003787e26c275af46ff487a9d10d8f31b65
UNION_s3,objective,242,1.0257297272920072,1.0030837815486964,0.7605429622171435,TRAIN_LOG1P_ANCHOR_EXCESS_MARGIN_CE,8bc9b11301b162494bf1911c149be1dd71f31d0a0601906acdb10574fb0dc970,0.022645945743310854,2.7016074330754236e-05,normalized94_abs_anchor_delta94_identity1,5ca38ebab9e2d191354ce7db934bf08f2b50c31bad2a7874ac97af410c8ebfc0,d89dbb84452d6316da9864859986f00bd48e937d605a8febca4d68110b35b2c0
UNION_s3,objective,243,1.0257297259092188,1.0030830888401367,0.760552719126637,TRAIN_LOG1P_ANCHOR_EXCESS_MARGIN_CE,8bc9b11301b162494bf1911c149be1dd71f31d0a0601906acdb10574fb0dc970,0.02264663706908217,1.2929689401336522e-05,normalized94_abs_anchor_delta94_identity1,5ca38ebab9e2d191354ce7db934bf08f2b50c31bad2a7874ac97af410c8ebfc0,90c6ccab3ffa40cd7d9454b8b9410f1eedc874c297c962d6d2da6e678ca02616
UNION_s3,objective,244,1.0257297253673043,1.0030831367596285,0.7605530646647034,TRAIN_LOG1P_ANCHOR_EXCESS_MARGIN_CE,8bc9b11301b162494bf1911c149be1dd71f31d0a0601906acdb10574fb0dc970,0.022646588607675922,8.499427320169212e-06,normalized94_abs_anchor_delta94_identity1,5ca38ebab9e2d191354ce7db934bf08f2b50c31bad2a7874ac97af410c8ebfc0,328c6bb3549a355df83d2b06bb63662f4c1fca0a006f11018b378f6709a706a1
UNION_s3,objective,245,1.025729724815201,1.0030830920735525,0.7605542816367152,TRAIN_LOG1P_ANCHOR_EXCESS_MARGIN_CE,8bc9b11301b162494bf1911c149be1dd71f31d0a0601906acdb10574fb0dc970,0.022646632741648662,1.058549469945981e-05,normalized94_abs_anchor_delta94_identity1,5ca38ebab9e2d191354ce7db934bf08f2b50c31bad2a7874ac97af410c8ebfc0,1c7cbae151300876f7cf3669f4a115e4c167089a34b6b85992826fa2bb6a9755
UNION_s3,objective,246,1.0257297234667182,1.003083030495963,0.7605548825741997,TRAIN_LOG1P_ANCHOR_EXCESS_MARGIN_CE,8bc9b11301b162494bf1911c149be1dd71f31d0a0601906acdb10574fb0dc970,0.022646692970755153,1.2381225710561861e-05,normalized94_abs_anchor_delta94_identity1,5ca38ebab9e2d191354ce7db934bf08f2b50c31bad2a7874ac97af410c8ebfc0,0cb27761fe3f023764cb9ea340f1a53fec4270c68ff2907a681e44eababb1417
UNION_s3,objective,247,1.0257297211786376,1.0030829131349388,0.7605562693479526,TRAIN_LOG1P_ANCHOR_EXCESS_MARGIN_CE,8bc9b11301b162494bf1911c149be1dd71f31d0a0601906acdb10574fb0dc970,0.02264680804369869,1.3039683670134348e-05,normalized94_abs_anchor_delta94_identity1,5ca38ebab9e2d191354ce7db934bf08f2b50c31bad2a7874ac97af410c8ebfc0,c273b84f0b8c0189627ab4922bf3b645ad54e2acdcf26420cd5dcd28ec7cdbc6
UNION_s3,objective,248,1.0257297201240956,1.0030827838852745,0.760552070955598,TRAIN_LOG1P_ANCHOR_EXCESS_MARGIN_CE,8bc9b11301b162494bf1911c149be1dd71f31d0a0601906acdb10574fb0dc970,0.02264693623882099,1.0566550983186654e-05,normalized94_abs_anchor_delta94_identity1,5ca38ebab9e2d191354ce7db934bf08f2b50c31bad2a7874ac97af410c8ebfc0,f899f97feb9ce360c3e15659f1b5a4a3222be84e4cda08028c4f43868a710be6
UNION_s3,objective,249,1.025729719633001,1.0030828597894779,0.7605550648043088,TRAIN_LOG1P_ANCHOR_EXCESS_MARGIN_CE,8bc9b11301b162494bf1911c149be1dd71f31d0a0601906acdb10574fb0dc970,0.022646859843523246,9.096591612299522e-06,normalized94_abs_anchor_delta94_identity1,5ca38ebab9e2d191354ce7db934bf08f2b50c31bad2a7874ac97af410c8ebfc0,716f0e2240f7c4e0f14fc16b3ced226ee6f2087d2ad500b0c4c6232ac1eede46
UNION_s3,objective,250,1.0257297192423833,1.0030828401133551,0.7605540906518009,TRAIN_LOG1P_ANCHOR_EXCESS_MARGIN_CE,8bc9b11301b162494bf1911c149be1dd71f31d0a0601906acdb10574fb0dc970,0.022646879129028127,9.36555823882162e-06,normalized94_abs_anchor_delta94_identity1,5ca38ebab9e2d191354ce7db934bf08f2b50c31bad2a7874ac97af410c8ebfc0,50af69cf57a68bc47964ea2434e4c75c86796038a41ae6bfd9c890501b0e7f41
UNION_s3,objective,251,1.0257297176930213,1.0030825979685454,0.7605528694081725,TRAIN_LOG1P_ANCHOR_EXCESS_MARGIN_CE,8bc9b11301b162494bf1911c149be1dd71f31d0a0601906acdb10574fb0dc970,0.02264711972447604,1.0829049345659704e-05,normalized94_abs_anchor_delta94_identity1,5ca38ebab9e2d191354ce7db934bf08f2b50c31bad2a7874ac97af410c8ebfc0,a2ed40a75fcc57a5a3cd908fa0a23783d82cab17e338c64f05a3089e660069e5
UNION_s3,objective,252,1.0257297153592515,1.0030818904962027,0.7605471160063929,TRAIN_LOG1P_ANCHOR_EXCESS_MARGIN_CE,8bc9b11301b162494bf1911c149be1dd71f31d0a0601906acdb10574fb0dc970,0.02264782486304874,1.277979603424506e-05,normalized94_abs_anchor_delta94_identity1,5ca38ebab9e2d191354ce7db934bf08f2b50c31bad2a7874ac97af410c8ebfc0,fddc2b124cc93f56d773b44b67269492cc7396cfaf51a5b8241a8b2065fdcd0c
UNION_s3,objective,253,1.0257297140358383,1.0030814749112735,0.7605516327617792,TRAIN_LOG1P_ANCHOR_EXCESS_MARGIN_CE,8bc9b11301b162494bf1911c149be1dd71f31d0a0601906acdb10574fb0dc970,0.022648239124564824,7.297079374878663e-06,normalized94_abs_anchor_delta94_identity1,5ca38ebab9e2d191354ce7db934bf08f2b50c31bad2a7874ac97af410c8ebfc0,da1e1e7b564055da6cd1b7688a6a1e4b254070731348ba07c36707f274f46b4f
UNION_s3,objective,254,1.0257297135730505,1.0030813494045399,0.7605462309529075,TRAIN_LOG1P_ANCHOR_EXCESS_MARGIN_CE,8bc9b11301b162494bf1911c149be1dd71f31d0a0601906acdb10574fb0dc970,0.022648364168510723,1.4485598595717083e-05,normalized94_abs_anchor_delta94_identity1,5ca38ebab9e2d191354ce7db934bf08f2b50c31bad2a7874ac97af410c8ebfc0,bebc9e2997df9c00aca4ec6a15c7d4e7213ea82f60b102788388e409e8c9edb3
UNION_s3,objective,255,1.0257297131138725,1.003081223782762,0.7605496354955946,TRAIN_LOG1P_ANCHOR_EXCESS_MARGIN_CE,8bc9b11301b162494bf1911c149be1dd71f31d0a0601906acdb10574fb0dc970,0.02264848933111054,5.603433008809634e-06,normalized94_abs_anchor_delta94_identity1,5ca38ebab9e2d191354ce7db934bf08f2b50c31bad2a7874ac97af410c8ebfc0,456c31f2332638cb4d13f93cedf015d240499a72668a6c5a3332a3b5b6efa77c
UNION_s3,objective,256,1.0257297128234986,1.0030811901239434,0.7605513040430872,TRAIN_LOG1P_ANCHOR_EXCESS_MARGIN_CE,8bc9b11301b162494bf1911c149be1dd71f31d0a0601906acdb10574fb0dc970,0.022648522699555272,5.393392006046712e-06,normalized94_abs_anchor_delta94_identity1,5ca38ebab9e2d191354ce7db934bf08f2b50c31bad2a7874ac97af410c8ebfc0,73c020a59f61cf0e6eed8b09fb3c8aa8a226928d517ed7c66807ed387dead4e6
UNION_s3,objective,257,1.025729712346604,1.003081101114574,0.7605525157170717,TRAIN_LOG1P_ANCHOR_EXCESS_MARGIN_CE,8bc9b11301b162494bf1911c149be1dd71f31d0a0601906acdb10574fb0dc970,0.022648611232030144,6.539912146921357e-06,normalized94_abs_anchor_delta94_identity1,5ca38ebab9e2d191354ce7db934bf08f2b50c31bad2a7874ac97af410c8ebfc0,8f02a41f0eb299560ea5b87fba739bf20823432c438d80a337d9209250da1f4e
UNION_s3,objective,258,1.0257297118284339,1.0030809048052944,0.7605521919535251,TRAIN_LOG1P_ANCHOR_EXCESS_MARGIN_CE,8bc9b11301b162494bf1911c149be1dd71f31d0a0601906acdb10574fb0dc970,0.02264880702313944,5.929369434282539e-06,normalized94_abs_anchor_delta94_identity1,5ca38ebab9e2d191354ce7db934bf08f2b50c31bad2a7874ac97af410c8ebfc0,f39bf49f8bffbe392a4ea7dd45bb7ad7c4a6c1a36c9dfe907c3bafd21090f696
UNION_s3,objective,259,1.025729711545071,1.0030806294681647,0.7605487253662321,TRAIN_LOG1P_ANCHOR_EXCESS_MARGIN_CE,8bc9b11301b162494bf1911c149be1dd71f31d0a0601906acdb10574fb0dc970,0.022649082076906225,1.722650101881619e-05,normalized94_abs_anchor_delta94_identity1,5ca38ebab9e2d191354ce7db934bf08f2b50c31bad2a7874ac97af410c8ebfc0,b9d0394503cb6fc84e0ff3fb2d3c50a079d508d3a290d84bf0ed197171ae7174
UNION_s3,objective,260,1.0257297111394978,1.0030804558833102,0.7605496049518112,TRAIN_LOG1P_ANCHOR_EXCESS_MARGIN_CE,8bc9b11301b162494bf1911c149be1dd71f31d0a0601906acdb10574fb0dc970,0.022649255256187655,5.63647474578856e-06,normalized94_abs_anchor_delta94_identity1,5ca38ebab9e2d191354ce7db934bf08f2b50c31bad2a7874ac97af410c8ebfc0,dfa253546982d0a8c98756955664af2f179464ba57c45ae51c42c203ba06ef1e
UNION_s3,objective,261,1.0257297109247967,1.0030803711376297,0.7605494111127457,TRAIN_LOG1P_ANCHOR_EXCESS_MARGIN_CE,8bc9b11301b162494bf1911c149be1dd71f31d0a0601906acdb10574fb0dc970,0.02264933978716698,5.439836150933414e-06,normalized94_abs_anchor_delta94_identity1,5ca38ebab9e2d191354ce7db934bf08f2b50c31bad2a7874ac97af410c8ebfc0,c2fd94eb03c6db56d8e5412a180071967e77c5287f4826bf3c31f108080ac83b
UNION_s3,objective,262,1.0257297103382865,1.0030800012435335,0.7605492551667867,TRAIN_LOG1P_ANCHOR_EXCESS_MARGIN_CE,8bc9b11301b162494bf1911c149be1dd71f31d0a0601906acdb10574fb0dc970,0.022649709094753064,6.061845718108694e-06,normalized94_abs_anchor_delta94_identity1,5ca38ebab9e2d191354ce7db934bf08f2b50c31bad2a7874ac97af410c8ebfc0,c8485a3759e1ac48cdf16dd4b4ddc1c61ded7ef8db088657cd62feda7e7daedc
UNION_s3,objective,263,1.0257297098517213,1.0030796696299829,0.7605496861518171,TRAIN_LOG1P_ANCHOR_EXCESS_MARGIN_CE,8bc9b11301b162494bf1911c149be1dd71f31d0a0601906acdb10574fb0dc970,0.0226500402217384,5.264207114721439e-06,normalized94_abs_anchor_delta94_identity1,5ca38ebab9e2d191354ce7db934bf08f2b50c31bad2a7874ac97af410c8ebfc0,da98273cad6329037588229287957b953fe07e2f8cb8484fd6e789f43e7bca8a
UNION_s3,objective,264,1.0257297094759021,1.0030789891795469,0.7605529279933954,TRAIN_LOG1P_ANCHOR_EXCESS_MARGIN_CE,8bc9b11301b162494bf1911c149be1dd71f31d0a0601906acdb10574fb0dc970,0.0226507202963552,8.73480168713883e-06,normalized94_abs_anchor_delta94_identity1,5ca38ebab9e2d191354ce7db934bf08f2b50c31bad2a7874ac97af410c8ebfc0,a9909f0c932564b709f0b9ec1ec07ae62f100318d84c7caf65b3c28a2373e748
UNION_s3,objective,265,1.0257297110061432,1.0030781662888617,0.7605372035183827,TRAIN_LOG1P_ANCHOR_EXCESS_MARGIN_CE,8bc9b11301b162494bf1911c149be1dd71f31d0a0601906acdb10574fb0dc970,0.022651544717281386,3.7110585752664514e-05,normalized94_abs_anchor_delta94_identity1,5ca38ebab9e2d191354ce7db934bf08f2b50c31bad2a7874ac97af410c8ebfc0,c6b767a0630ea1e2fab2c7fd0d0802ffbcd431a52bcd83e7d53320edc2561a0d
UNION_s3,objective,266,1.0257297093137456,1.0030787941564299,0.7605492108411955,TRAIN_LOG1P_ANCHOR_EXCESS_MARGIN_CE,8bc9b11301b162494bf1911c149be1dd71f31d0a0601906acdb10574fb0dc970,0.022650915157315675,5.258344005148287e-06,normalized94_abs_anchor_delta94_identity1,5ca38ebab9e2d191354ce7db934bf08f2b50c31bad2a7874ac97af410c8ebfc0,e8833d2d21f3473f03c2263513cffc10a0cebcc7142b47acdc6992016476c582
UNION_s3,objective,267,1.0257297090966342,1.0030789109644336,0.7605497423258242,TRAIN_LOG1P_ANCHOR_EXCESS_MARGIN_CE,8bc9b11301b162494bf1911c149be1dd71f31d0a0601906acdb10574fb0dc970,0.022650798132200507,3.941314275910424e-06,normalized94_abs_anchor_delta94_identity1,5ca38ebab9e2d191354ce7db934bf08f2b50c31bad2a7874ac97af410c8ebfc0,04eadf1ee4bb2e88b53247bf9d168cd952b5f6da33a7357c30c505646194d998
UNION_s3,objective,268,1.0257297087626902,1.0030790263518996,0.760548995891041,TRAIN_LOG1P_ANCHOR_EXCESS_MARGIN_CE,8bc9b11301b162494bf1911c149be1dd71f31d0a0601906acdb10574fb0dc970,0.02265068241079068,8.727712243688152e-06,normalized94_abs_anchor_delta94_identity1,5ca38ebab9e2d191354ce7db934bf08f2b50c31bad2a7874ac97af410c8ebfc0,66632bb2801d6fd8adf2a0a1f259ece1b55cb4948f2c115901d976bdcaa3131b
UNION_s3,objective,269,1.025729708476597,1.0030787354925152,0.7605502732028268,TRAIN_LOG1P_ANCHOR_EXCESS_MARGIN_CE,8bc9b11301b162494bf1911c149be1dd71f31d0a0601906acdb10574fb0dc970,0.02265097298408175,5.7735458787717525e-06,normalized94_abs_anchor_delta94_identity1,5ca38ebab9e2d191354ce7db934bf08f2b50c31bad2a7874ac97af410c8ebfc0,376203c7e29fb76e197bc3bd433f75c70b7567e08d59fd2649447243276e141b
UNION_s3,objective,270,1.025729708275346,1.003078549112679,0.7605499819540019,TRAIN_LOG1P_ANCHOR_EXCESS_MARGIN_CE,8bc9b11301b162494bf1911c149be1dd71f31d0a0601906acdb10574fb0dc970,0.022651159162667054,3.822998823290123e-06,normalized94_abs_anchor_delta94_identity1,5ca38ebab9e2d191354ce7db934bf08f2b50c31bad2a7874ac97af410c8ebfc0,c2fbf4e9f8a2c338809b222f40293436e9161bb40d2d4c61584d060050fff43a
UNION_s3,objective,271,1.0257297080049848,1.003078148695241,0.7605500822557795,TRAIN_LOG1P_ANCHOR_EXCESS_MARGIN_CE,8bc9b11301b162494bf1911c149be1dd71f31d0a0601906acdb10574fb0dc970,0.02265155930974376,2.9272343490736234e-06,normalized94_abs_anchor_delta94_identity1,5ca38ebab9e2d191354ce7db934bf08f2b50c31bad2a7874ac97af410c8ebfc0,f2124dacd37289ac0382d3b79e253687495bab54ce5ae0cb6552694e1fdba1c1
UNION_s3,objective,272,1.025729707949732,1.0030778376697473,0.7605469338605239,TRAIN_LOG1P_ANCHOR_EXCESS_MARGIN_CE,8bc9b11301b162494bf1911c149be1dd71f31d0a0601906acdb10574fb0dc970,0.02265187027998475,1.2820975316410333e-05,normalized94_abs_anchor_delta94_identity1,5ca38ebab9e2d191354ce7db934bf08f2b50c31bad2a7874ac97af410c8ebfc0,36ebe4a5f87b43c77e7a3c0bc7ad9d4c1231e45e5cdaedd872b4fb1cb966aee1
UNION_s3,objective,273,1.0257297077716672,1.0030777650271474,0.7605486527338189,TRAIN_LOG1P_ANCHOR_EXCESS_MARGIN_CE,8bc9b11301b162494bf1911c149be1dd71f31d0a0601906acdb10574fb0dc970,0.02265194274451966,4.411285404854309e-06,normalized94_abs_anchor_delta94_identity1,5ca38ebab9e2d191354ce7db934bf08f2b50c31bad2a7874ac97af410c8ebfc0,f68389f77ed5bc6ca2cbcdfd29fa45264064ed117ba22b0896d72e65268f74d0
UNION_s3,objective,274,1.0257297076486949,1.003077729174332,0.7605495172679794,TRAIN_LOG1P_ANCHOR_EXCESS_MARGIN_CE,8bc9b11301b162494bf1911c149be1dd71f31d0a0601906acdb10574fb0dc970,0.022651978474362854,3.152217298268353e-06,normalized94_abs_anchor_delta94_identity1,5ca38ebab9e2d191354ce7db934bf08f2b50c31bad2a7874ac97af410c8ebfc0,b1980a22378c5faa211dbf34b211cdce95b2d113252c9786d7ff2748a2c5991f
UNION_s3,objective,275,1.0257297075071525,1.0030776248950657,0.7605498599854927,TRAIN_LOG1P_ANCHOR_EXCESS_MARGIN_CE,8bc9b11301b162494bf1911c149be1dd71f31d0a0601906acdb10574fb0dc970,0.022652082612086902,4.835036106677994e-06,normalized94_abs_anchor_delta94_identity1,5ca38ebab9e2d191354ce7db934bf08f2b50c31bad2a7874ac97af410c8ebfc0,d168eff1e49e2f6325be50a049aa768a0df2e6149b92310037842b3843292155
UNION_s3,objective,276,1.025729707322221,1.0030774144030938,0.7605489382246732,TRAIN_LOG1P_ANCHOR_EXCESS_MARGIN_CE,8bc9b11301b162494bf1911c149be1dd71f31d0a0601906acdb10574fb0dc970,0.02265229291912706,4.278338242098901e-06,normalized94_abs_anchor_delta94_identity1,5ca38ebab9e2d191354ce7db934bf08f2b50c31bad2a7874ac97af410c8ebfc0,da5266f9e134bebaed1a1e1b72bc895ea0c1ee7ca8ed99530ddd8d9e2a893d91
UNION_s3,objective,277,1.0257297074238723,1.0030766536101472,0.7605537889264171,TRAIN_LOG1P_ANCHOR_EXCESS_MARGIN_CE,8bc9b11301b162494bf1911c149be1dd71f31d0a0601906acdb10574fb0dc970,0.02265305381372504,1.202854844543549e-05,normalized94_abs_anchor_delta94_identity1,5ca38ebab9e2d191354ce7db934bf08f2b50c31bad2a7874ac97af410c8ebfc0,c6f9c716e18afdecd03524875c1c09dc036a6dd52a33aa36c35f3baa2ffc136a
UNION_s3,objective,278,1.02572970718647,1.0030770866493603,0.7605510267439396,TRAIN_LOG1P_ANCHOR_EXCESS_MARGIN_CE,8bc9b11301b162494bf1911c149be1dd71f31d0a0601906acdb10574fb0dc970,0.022652620537109588,6.052562614385757e-06,normalized94_abs_anchor_delta94_identity1,5ca38ebab9e2d191354ce7db934bf08f2b50c31bad2a7874ac97af410c8ebfc0,710b0f8847bf78b3f149c3448414d72192c3291c96068f26f8d3fd72b81c60fc
UNION_s3,objective,279,1.025729707055113,1.0030768456995203,0.7605477711444837,TRAIN_LOG1P_ANCHOR_EXCESS_MARGIN_CE,8bc9b11301b162494bf1911c149be1dd71f31d0a0601906acdb10574fb0dc970,0.022652861355592725,4.1842065107563824e-06,normalized94_abs_anchor_delta94_identity1,5ca38ebab9e2d191354ce7db934bf08f2b50c31bad2a7874ac97af410c8ebfc0,41036c978cc2e19e1926dd82637bbbe2ec395edeb6dcc3976da08945618b2767
UNION_s3,objective,280,1.0257297069906364,1.0030766812227099,0.7605485214597039,TRAIN_LOG1P_ANCHOR_EXCESS_MARGIN_CE,8bc9b11301b162494bf1911c149be1dd71f31d0a0601906acdb10574fb0dc970,0.022653025767926455,2.41521796239712e-06,normalized94_abs_anchor_delta94_identity1,5ca38ebab9e2d191354ce7db934bf08f2b50c31bad2a7874ac97af410c8ebfc0,3914f19aa1d811cb0721171406baa048d147fad42ae6f54a962b66f862c11d6f
UNION_s3,objective,281,1.0257297069265978,1.0030767242500707,0.7605483077084647,TRAIN_LOG1P_ANCHOR_EXCESS_MARGIN_CE,8bc9b11301b162494bf1911c149be1dd71f31d0a0601906acdb10574fb0dc970,0.022652982676527173,3.5956368078181306e-06,normalized94_abs_anchor_delta94_identity1,5ca38ebab9e2d191354ce7db934bf08f2b50c31bad2a7874ac97af410c8ebfc0,67cd2f6380f404cf892fca4bb1774e3ebd6f3ac7d0b20b58a33bd6ddb8c91751
UNION_s3,objective,282,1.0257297068012046,1.0030766492813277,0.7605483787138227,TRAIN_LOG1P_ANCHOR_EXCESS_MARGIN_CE,8bc9b11301b162494bf1911c149be1dd71f31d0a0601906acdb10574fb0dc970,0.022653057519876812,2.7954399025437423e-06,normalized94_abs_anchor_delta94_identity1,5ca38ebab9e2d191354ce7db934bf08f2b50c31bad2a7874ac97af410c8ebfc0,0a33696cc00d20279dbdd8df99a9a0a9c08e40ef79d4ccf125b3f7a20478ab7e
UNION_s3,objective,283,1.0257297066565263,1.0030763314377835,0.7605487652258398,TRAIN_LOG1P_ANCHOR_EXCESS_MARGIN_CE,8bc9b11301b162494bf1911c149be1dd71f31d0a0601906acdb10574fb0dc970,0.022653375218742822,2.72376487173497e-06,normalized94_abs_anchor_delta94_identity1,5ca38ebab9e2d191354ce7db934bf08f2b50c31bad2a7874ac97af410c8ebfc0,64f07bc58d0c6d782f38a77430b35a530338804c9bb50e90bb6b01eafb206b3e
UNION_s3,objective,284,1.0257297065446649,1.00307609376171,0.7605490183739461,TRAIN_LOG1P_ANCHOR_EXCESS_MARGIN_CE,8bc9b11301b162494bf1911c149be1dd71f31d0a0601906acdb10574fb0dc970,0.022653612782954965,3.714784230873413e-06,normalized94_abs_anchor_delta94_identity1,5ca38ebab9e2d191354ce7db934bf08f2b50c31bad2a7874ac97af410c8ebfc0,d92126b7c7478875d9f3050c516b08e5ab3a5fa018dfffeb6b7a37f73c82bc3b
UNION_s3,objective,285,1.0257297064953879,1.0030759205852995,0.7605474044916092,TRAIN_LOG1P_ANCHOR_EXCESS_MARGIN_CE,8bc9b11301b162494bf1911c149be1dd71f31d0a0601906acdb10574fb0dc970,0.022653785910088296,4.510281912532956e-06,normalized94_abs_anchor_delta94_identity1,5ca38ebab9e2d191354ce7db934bf08f2b50c31bad2a7874ac97af410c8ebfc0,54e56108f3e459d2fdf3b6fc43d8b1b384fd4ca43e8bd2e17226351b74021464
UNION_s3,objective,286,1.0257297064422652,1.0030758609621684,0.7605480637193559,TRAIN_LOG1P_ANCHOR_EXCESS_MARGIN_CE,8bc9b11301b162494bf1911c149be1dd71f31d0a0601906acdb10574fb0dc970,0.02265384548009675,1.9690326573661913e-06,normalized94_abs_anchor_delta94_identity1,5ca38ebab9e2d191354ce7db934bf08f2b50c31bad2a7874ac97af410c8ebfc0,af736cfeb56310e0acd473276000205ad2fbab498943f86cb86c3afb41810927
UNION_s3,objective,287,1.0257297063957302,1.0030758437343121,0.7605484840910898,TRAIN_LOG1P_ANCHOR_EXCESS_MARGIN_CE,8bc9b11301b162494bf1911c149be1dd71f31d0a0601906acdb10574fb0dc970,0.02265386266141814,2.0331610337632075e-06,normalized94_abs_anchor_delta94_identity1,5ca38ebab9e2d191354ce7db934bf08f2b50c31bad2a7874ac97af410c8ebfc0,1c5292879b934fd4e3cbc4a09a59c4bafd945c8076811d88643592ea33264bda
UNION_s3,objective,288,1.0257297063371766,1.003075810835071,0.7605486485598074,TRAIN_LOG1P_ANCHOR_EXCESS_MARGIN_CE,8bc9b11301b162494bf1911c149be1dd71f31d0a0601906acdb10574fb0dc970,0.022653895502105604,2.2710706138675364e-06,normalized94_abs_anchor_delta94_identity1,5ca38ebab9e2d191354ce7db934bf08f2b50c31bad2a7874ac97af410c8ebfc0,3bea6ad2144e96aefaf68df87053af94fbf61fe067f844500e88fed59d9cbff0
UNION_s3,objective,289,1.0257297061983834,1.0030756523572781,0.7605486633870137,TRAIN_LOG1P_ANCHOR_EXCESS_MARGIN_CE,8bc9b11301b162494bf1911c149be1dd71f31d0a0601906acdb10574fb0dc970,0.022654053841105335,2.712857148829753e-06,normalized94_abs_anchor_delta94_identity1,5ca38ebab9e2d191354ce7db934bf08f2b50c31bad2a7874ac97af410c8ebfc0,85f124e69062a9e65f83fe310e2350ba11a32bdd60e24c63cbd1e4b1d8089a05
UNION_s3,objective,290,1.0257297060691897,1.0030752951117272,0.7605480751994758,TRAIN_LOG1P_ANCHOR_EXCESS_MARGIN_CE,8bc9b11301b162494bf1911c149be1dd71f31d0a0601906acdb10574fb0dc970,0.022654410957462533,2.9463942813663453e-06,normalized94_abs_anchor_delta94_identity1,5ca38ebab9e2d191354ce7db934bf08f2b50c31bad2a7874ac97af410c8ebfc0,bf544d10208b3fc5dbf3aa67fc9c790836f3ae980a1a505516679fbb405c453b
UNION_s3,objective,291,1.0257297060118704,1.0030751174510555,0.7605496641844144,TRAIN_LOG1P_ANCHOR_EXCESS_MARGIN_CE,8bc9b11301b162494bf1911c149be1dd71f31d0a0601906acdb10574fb0dc970,0.022654588560814974,3.749099673979729e-06,normalized94_abs_anchor_delta94_identity1,5ca38ebab9e2d191354ce7db934bf08f2b50c31bad2a7874ac97af410c8ebfc0,2a239c5a3825a4d3a735b497ce90ef4e32c4c9a392daff55ae43b9aec01ab13c
UNION_s3,objective,292,1.0257297059637336,1.0030750766396856,0.7605478242035745,TRAIN_LOG1P_ANCHOR_EXCESS_MARGIN_CE,8bc9b11301b162494bf1911c149be1dd71f31d0a0601906acdb10574fb0dc970,0.022654629324047885,1.5727519390351146e-06,normalized94_abs_anchor_delta94_identity1,5ca38ebab9e2d191354ce7db934bf08f2b50c31bad2a7874ac97af410c8ebfc0,77f1c70189ca44dddbdde0c9d8a6f40c63f850b7a6f7559e50bce63fef3d2f35
UNION_s3,objective,293,1.0257297059413044,1.00307505777523,0.7605477406449813,TRAIN_LOG1P_ANCHOR_EXCESS_MARGIN_CE,8bc9b11301b162494bf1911c149be1dd71f31d0a0601906acdb10574fb0dc970,0.02265464816607429,1.649625447501766e-06,normalized94_abs_anchor_delta94_identity1,5ca38ebab9e2d191354ce7db934bf08f2b50c31bad2a7874ac97af410c8ebfc0,c2e369f30d1f7b7826b95f8fa351ffa88f96e2596db99ce863ea159908c0017d
UNION_s3,objective,294,1.025729705810892,1.003074792822377,0.7605472877866708,TRAIN_LOG1P_ANCHOR_EXCESS_MARGIN_CE,8bc9b11301b162494bf1911c149be1dd71f31d0a0601906acdb10574fb0dc970,0.022654912988514988,1.6534006337266338e-06,normalized94_abs_anchor_delta94_identity1,5ca38ebab9e2d191354ce7db934bf08f2b50c31bad2a7874ac97af410c8ebfc0,b5ae6364fa6249cf9c42344b17274a20a0ad405fbfac470cc3e5be238f6c885c
UNION_s3,objective,295,1.025729706024736,1.0030745588160548,0.7605478241577874,TRAIN_LOG1P_ANCHOR_EXCESS_MARGIN_CE,8bc9b11301b162494bf1911c149be1dd71f31d0a0601906acdb10574fb0dc970,0.022655147208681108,8.934148110858354e-06,normalized94_abs_anchor_delta94_identity1,5ca38ebab9e2d191354ce7db934bf08f2b50c31bad2a7874ac97af410c8ebfc0,c68dd92a29e41492bf9dea13b6e8b6d8cafade869b29a9313f1170c565f7a920
UNION_s3,objective,296,1.0257297057756352,1.003074728761146,0.7605474343525968,TRAIN_LOG1P_ANCHOR_EXCESS_MARGIN_CE,8bc9b11301b162494bf1911c149be1dd71f31d0a0601906acdb10574fb0dc970,0.022654977014489312,2.568161512256962e-06,normalized94_abs_anchor_delta94_identity1,5ca38ebab9e2d191354ce7db934bf08f2b50c31bad2a7874ac97af410c8ebfc0,41c132607e0b9e1ae913df4dd4ea593dec407e05994f1b6704d1354f9aadb927
UNION_s3,objective,297,1.0257297057202877,1.003074561769815,0.7605479867590335,TRAIN_LOG1P_ANCHOR_EXCESS_MARGIN_CE,8bc9b11301b162494bf1911c149be1dd71f31d0a0601906acdb10574fb0dc970,0.022655143950472686,2.341010111769072e-06,normalized94_abs_anchor_delta94_identity1,5ca38ebab9e2d191354ce7db934bf08f2b50c31bad2a7874ac97af410c8ebfc0,ccb4ea08647f3b812a37cc78cccd60357e83287504dc88209288ebdd9abba66e
UNION_s3,objective,298,1.0257297057201993,1.003074434990519,0.7605465446964376,TRAIN_LOG1P_ANCHOR_EXCESS_MARGIN_CE,8bc9b11301b162494bf1911c149be1dd71f31d0a0601906acdb10574fb0dc970,0.02265527072968025,5.420926882146479e-06,normalized94_abs_anchor_delta94_identity1,5ca38ebab9e2d191354ce7db934bf08f2b50c31bad2a7874ac97af410c8ebfc0,f8e066545aba6a1ed4cca5978ecf8e856e074cc3b17e8e6a2ccd17d4020aba4c
UNION_s3,objective,299,1.0257297057041408,1.0030744982778068,0.7605472647328999,TRAIN_LOG1P_ANCHOR_EXCESS_MARGIN_CE,8bc9b11301b162494bf1911c149be1dd71f31d0a0601906acdb10574fb0dc970,0.022655207426334027,1.9624819340209113e-06,normalized94_abs_anchor_delta94_identity1,5ca38ebab9e2d191354ce7db934bf08f2b50c31bad2a7874ac97af410c8ebfc0,6e59e2c2ffb0d07fb42e70e48933949affe0df1e1366ee7ab7aaea5fb36fafb7
UNION_s3,objective,300,1.025729705691976,1.0030744865436636,0.7605475707546353,TRAIN_LOG1P_ANCHOR_EXCESS_MARGIN_CE,8bc9b11301b162494bf1911c149be1dd71f31d0a0601906acdb10574fb0dc970,0.02265521914831238,1.2552069964839074e-06,normalized94_abs_anchor_delta94_identity1,5ca38ebab9e2d191354ce7db934bf08f2b50c31bad2a7874ac97af410c8ebfc0,6f8c1e7b84a22c3d70727279c0ce6beccc786ffb2bada42725b0b7770657f2f1
UNION_s3,objective,301,1.0257297056822168,1.0030744951416062,0.7605476231865622,TRAIN_LOG1P_ANCHOR_EXCESS_MARGIN_CE,8bc9b11301b162494bf1911c149be1dd71f31d0a0601906acdb10574fb0dc970,0.02265521054061051,1.343046780132016e-06,normalized94_abs_anchor_delta94_identity1,5ca38ebab9e2d191354ce7db934bf08f2b50c31bad2a7874ac97af410c8ebfc0,d05796db3bee85cd26c6ce47fb2363578837fa7d102a38bf4b32ba1852073832
UNION_s3,objective,302,1.025729705659065,1.003074500272826,0.7605474685161862,TRAIN_LOG1P_ANCHOR_EXCESS_MARGIN_CE,8bc9b11301b162494bf1911c149be1dd71f31d0a0601906acdb10574fb0dc970,0.022655205386238993,1.3228037616222103e-06,normalized94_abs_anchor_delta94_identity1,5ca38ebab9e2d191354ce7db934bf08f2b50c31bad2a7874ac97af410c8ebfc0,7fed8762a8b582a2776c34fcd5c4331e75042596c55d56951f110a15658a4c37
UNION_s3,objective,303,1.0257297056273857,1.003074510322948,0.7605472880391064,TRAIN_LOG1P_ANCHOR_EXCESS_MARGIN_CE,8bc9b11301b162494bf1911c149be1dd71f31d0a0601906acdb10574fb0dc970,0.022655195304437856,1.0686650962498974e-06,normalized94_abs_anchor_delta94_identity1,5ca38ebab9e2d191354ce7db934bf08f2b50c31bad2a7874ac97af410c8ebfc0,388142a687113df6de7eaa8bdfd332a669c0e44d4bcba6b5e3186e8547d2e291
UNION_s3,objective,304,1.025729705628631,1.003074437927082,0.7605463852914864,TRAIN_LOG1P_ANCHOR_EXCESS_MARGIN_CE,8bc9b11301b162494bf1911c149be1dd71f31d0a0601906acdb10574fb0dc970,0.02265526770154904,2.704318552721962e-06,normalized94_abs_anchor_delta94_identity1,5ca38ebab9e2d191354ce7db934bf08f2b50c31bad2a7874ac97af410c8ebfc0,3d7e4cf6943d313c201478cdba1ff0efb6d8338e223430d099c214158c2da80e
UNION_s3,objective,305,1.0257297056098076,1.003074474726659,0.7605468443795352,TRAIN_LOG1P_ANCHOR_EXCESS_MARGIN_CE,8bc9b11301b162494bf1911c149be1dd71f31d0a0601906acdb10574fb0dc970,0.022655230883148584,1.5051712942016255e-06,normalized94_abs_anchor_delta94_identity1,5ca38ebab9e2d191354ce7db934bf08f2b50c31bad2a7874ac97af410c8ebfc0,a25a63aff39d45c2bc9f6fe5984f6c6b647e1d6819a036709524df710837713f
UNION_s3,objective,306,1.0257297055890386,1.0030744769874547,0.7605466704405429,TRAIN_LOG1P_ANCHOR_EXCESS_MARGIN_CE,8bc9b11301b162494bf1911c149be1dd71f31d0a0601906acdb10574fb0dc970,0.022655228601583897,1.0232573340616892e-06,normalized94_abs_anchor_delta94_identity1,5ca38ebab9e2d191354ce7db934bf08f2b50c31bad2a7874ac97af410c8ebfc0,5de064385d00fdd32da5bbe692c512cfaafa5e87ffd566f5a448954a664702a7
UNION_s3,objective,307,1.0257297055721883,1.0030744651160057,0.7605470395500998,TRAIN_LOG1P_ANCHOR_EXCESS_MARGIN_CE,8bc9b11301b162494bf1911c149be1dd71f31d0a0601906acdb10574fb0dc970,0.022655240456182706,9.996806829154653e-07,normalized94_abs_anchor_delta94_identity1,5ca38ebab9e2d191354ce7db934bf08f2b50c31bad2a7874ac97af410c8ebfc0,560f509333891e21764130b22eae7f753d4dc3dd025d22dfb17355f098085f37
UNION_s3,objective,308,1.0257297055726466,1.0030744080953062,0.7605455332169792,TRAIN_LOG1P_ANCHOR_EXCESS_MARGIN_CE,8bc9b11301b162494bf1911c149be1dd71f31d0a0601906acdb10574fb0dc970,0.0226552974773405,3.7646242784619456e-06,normalized94_abs_anchor_delta94_identity1,5ca38ebab9e2d191354ce7db934bf08f2b50c31bad2a7874ac97af410c8ebfc0,4527502154cb4700d8899046d039b471c0dca50e48c15364d939e265d3f5297c
UNION_s3,objective,309,1.0257297055640362,1.0030744369872557,0.7605462966744939,TRAIN_LOG1P_ANCHOR_EXCESS_MARGIN_CE,8bc9b11301b162494bf1911c149be1dd71f31d0a0601906acdb10574fb0dc970,0.0226552685767804,1.96296962535751e-06,normalized94_abs_anchor_delta94_identity1,5ca38ebab9e2d191354ce7db934bf08f2b50c31bad2a7874ac97af410c8ebfc0,001fda5925dba812ab55fce0b9d7dab336ea613b42945e533fa94d88c85e3f62
UNION_s3,objective,310,1.0257297055531924,1.0030744218643985,0.7605467107626859,TRAIN_LOG1P_ANCHOR_EXCESS_MARGIN_CE,8bc9b11301b162494bf1911c149be1dd71f31d0a0601906acdb10574fb0dc970,0.02265528368879387,1.120603850956528e-06,normalized94_abs_anchor_delta94_identity1,5ca38ebab9e2d191354ce7db934bf08f2b50c31bad2a7874ac97af410c8ebfc0,a984629c902c6d5143633e87aa5a878673f11b19c3fc1d00ea1731fbb9b86732
UNION_s3,objective,311,1.025729705540579,1.0030743980725774,0.7605470737519227,TRAIN_LOG1P_ANCHOR_EXCESS_MARGIN_CE,8bc9b11301b162494bf1911c149be1dd71f31d0a0601906acdb10574fb0dc970,0.022655307468001533,8.843598666605811e-07,normalized94_abs_anchor_delta94_identity1,5ca38ebab9e2d191354ce7db934bf08f2b50c31bad2a7874ac97af410c8ebfc0,e0119be99bcb04296e6d8be13fbfc0930406c4d3fcc079590046b625d4ea82f6
UNION_s3,objective,312,1.0257297055316694,1.0030743813889638,0.7605472943795267,TRAIN_LOG1P_ANCHOR_EXCESS_MARGIN_CE,8bc9b11301b162494bf1911c149be1dd71f31d0a0601906acdb10574fb0dc970,0.022655324142705748,1.571282397161754e-06,normalized94_abs_anchor_delta94_identity1,5ca38ebab9e2d191354ce7db934bf08f2b50c31bad2a7874ac97af410c8ebfc0,52362b99b8fcb93b4c98e7fe74492c7fa5c2def3e04d8dc3a77bedb9c56a8e67
UNION_s3,objective,313,1.0257297055253407,1.003074361631464,0.7605467921914187,TRAIN_LOG1P_ANCHOR_EXCESS_MARGIN_CE,8bc9b11301b162494bf1911c149be1dd71f31d0a0601906acdb10574fb0dc970,0.02265534389387674,1.6322487370596649e-06,normalized94_abs_anchor_delta94_identity1,5ca38ebab9e2d191354ce7db934bf08f2b50c31bad2a7874ac97af410c8ebfc0,79816b4ca67d88ac2bda4763244cddb7e1b9b98651c0e494c4f69884ef0ea3c7
UNION_s3,objective,314,1.0257297055178107,1.0030743608177444,0.7605469689281219,TRAIN_LOG1P_ANCHOR_EXCESS_MARGIN_CE,8bc9b11301b162494bf1911c149be1dd71f31d0a0601906acdb10574fb0dc970,0.022655344700066266,1.106227313784135e-06,normalized94_abs_anchor_delta94_identity1,5ca38ebab9e2d191354ce7db934bf08f2b50c31bad2a7874ac97af410c8ebfc0,cae89eaa1af8ed211d8dd0ee165c17842d353d9420dbffac1fac6951003c64d3
UNION_s3,objective,315,1.0257297055129722,1.0030743633297718,0.760546887954525,TRAIN_LOG1P_ANCHOR_EXCESS_MARGIN_CE,8bc9b11301b162494bf1911c149be1dd71f31d0a0601906acdb10574fb0dc970,0.022655342183200332,1.0249586637953932e-06,normalized94_abs_anchor_delta94_identity1,5ca38ebab9e2d191354ce7db934bf08f2b50c31bad2a7874ac97af410c8ebfc0,320c51867cd225e04c9bc7778dd9c5f833e860ead4e7f4ec025e4bd1a0c7f1c6
UNION_s3,objective,316,1.0257297054975465,1.0030743433837224,0.7605467163669013,TRAIN_LOG1P_ANCHOR_EXCESS_MARGIN_CE,8bc9b11301b162494bf1911c149be1dd71f31d0a0601906acdb10574fb0dc970,0.0226553621138241,9.329391627470739e-07,normalized94_abs_anchor_delta94_identity1,5ca38ebab9e2d191354ce7db934bf08f2b50c31bad2a7874ac97af410c8ebfc0,efe4c68860169ff5fecde60952b6a3f938ce0429a5b9ab4fbb318c674c953414
UNION_s3,objective,317,1.0257297054813193,1.003074293058063,0.760546623688372,TRAIN_LOG1P_ANCHOR_EXCESS_MARGIN_CE,8bc9b11301b162494bf1911c149be1dd71f31d0a0601906acdb10574fb0dc970,0.022655412423256256,7.781240944888941e-07,normalized94_abs_anchor_delta94_identity1,5ca38ebab9e2d191354ce7db934bf08f2b50c31bad2a7874ac97af410c8ebfc0,9f7fe2600c10be6539ce084be086f946c4d7c9729d94ed05dfabafd4ee16ddf4
UNION_s3,objective,318,1.0257297054767684,1.0030742334162224,0.7605466930328945,TRAIN_LOG1P_ANCHOR_EXCESS_MARGIN_CE,8bc9b11301b162494bf1911c149be1dd71f31d0a0601906acdb10574fb0dc970,0.022655472060546144,1.2900799215946225e-06,normalized94_abs_anchor_delta94_identity1,5ca38ebab9e2d191354ce7db934bf08f2b50c31bad2a7874ac97af410c8ebfc0,275bbdd85db3702ccf457a28c9e133521e6f8458fd04b1ceac90ea8828ab643b
UNION_s3,objective,319,1.0257297054682826,1.003074243757193,0.7605465937900673,TRAIN_LOG1P_ANCHOR_EXCESS_MARGIN_CE,8bc9b11301b162494bf1911c149be1dd71f31d0a0601906acdb10574fb0dc970,0.022655461711089637,5.254286437627116e-07,normalized94_abs_anchor_delta94_identity1,5ca38ebab9e2d191354ce7db934bf08f2b50c31bad2a7874ac97af410c8ebfc0,9bbd34060d57f78ae3391fac3076174842afa9698362db29ddcbdb5bed27e26f
UNION_s3,objective,320,1.0257297054650962,1.0030742427358947,0.7605467441995059,TRAIN_LOG1P_ANCHOR_EXCESS_MARGIN_CE,8bc9b11301b162494bf1911c149be1dd71f31d0a0601906acdb10574fb0dc970,0.022655462729201475,4.080862338117666e-07,normalized94_abs_anchor_delta94_identity1,5ca38ebab9e2d191354ce7db934bf08f2b50c31bad2a7874ac97af410c8ebfc0,ae555699e35360e6a971ca5267d81adf9ae7c4f261e9e138d97d69dc2e426a86
UNION_s3,objective,321,1.0257297054609902,1.0030742284170782,0.7605465665781219,TRAIN_LOG1P_ANCHOR_EXCESS_MARGIN_CE,8bc9b11301b162494bf1911c149be1dd71f31d0a0601906acdb10574fb0dc970,0.022655477043912013,7.635253141032457e-07,normalized94_abs_anchor_delta94_identity1,5ca38ebab9e2d191354ce7db934bf08f2b50c31bad2a7874ac97af410c8ebfc0,7a346c4e5cdccb486c1f4c4686cd7c8d03e55b6331651df36a767f59753bb9d0
UNION_s3,objective,322,1.0257297054555348,1.0030742004509408,0.7605471760810179,TRAIN_LOG1P_ANCHOR_EXCESS_MARGIN_CE,8bc9b11301b162494bf1911c149be1dd71f31d0a0601906acdb10574fb0dc970,0.022655505004594047,1.609386518938397e-06,normalized94_abs_anchor_delta94_identity1,5ca38ebab9e2d191354ce7db934bf08f2b50c31bad2a7874ac97af410c8ebfc0,ef4bca0acb3ba96dbf0e5a644cea832347f08df0350f313a8c1459506e8e0f1d
UNION_s3,objective,323,1.0257297054494516,1.0030741837451118,0.7605468643251543,TRAIN_LOG1P_ANCHOR_EXCESS_MARGIN_CE,8bc9b11301b162494bf1911c149be1dd71f31d0a0601906acdb10574fb0dc970,0.022655521704339723,8.806022526465615e-07,normalized94_abs_anchor_delta94_identity1,5ca38ebab9e2d191354ce7db934bf08f2b50c31bad2a7874ac97af410c8ebfc0,1bba4fc20cb704c88f9d4a1c6d215cb470edbb82b37a384a8b540cf5e6b78dfd
UNION_s3,objective,324,1.0257297054421914,1.0030741582967542,0.7605465095560549,TRAIN_LOG1P_ANCHOR_EXCESS_MARGIN_CE,8bc9b11301b162494bf1911c149be1dd71f31d0a0601906acdb10574fb0dc970,0.02265554714543717,4.99533576883435e-07,normalized94_abs_anchor_delta94_identity1,5ca38ebab9e2d191354ce7db934bf08f2b50c31bad2a7874ac97af410c8ebfc0,043f407bb52e1b9272dba232cade97f10ea35f477251f6d49076f1de0c1815c4
UNION_s3,objective,325,1.0257297054396781,1.003074146658242,0.760546293110845,TRAIN_LOG1P_ANCHOR_EXCESS_MARGIN_CE,8bc9b11301b162494bf1911c149be1dd71f31d0a0601906acdb10574fb0dc970,0.022655558781436005,1.4128414563203384e-06,normalized94_abs_anchor_delta94_identity1,5ca38ebab9e2d191354ce7db934bf08f2b50c31bad2a7874ac97af410c8ebfc0,b11a613e7ed4067b9d1a6f165fa391a2623bd8b1b20da71c1c5c2c66cd2c7bb4
UNION_s3,objective,326,1.0257297054364398,1.0030741403421293,0.7605463026978971,TRAIN_LOG1P_ANCHOR_EXCESS_MARGIN_CE,8bc9b11301b162494bf1911c149be1dd71f31d0a0601906acdb10574fb0dc970,0.02265556509431046,8.097912619871585e-07,normalized94_abs_anchor_delta94_identity1,5ca38ebab9e2d191354ce7db934bf08f2b50c31bad2a7874ac97af410c8ebfc0,056c07f4718dd20aa990a2c4c19e24c383836901943cb77b7b93b7332f9fa1c3
UNION_s3,objective,327,1.0257297054325347,1.0030741294407888,0.7605463398744772,TRAIN_LOG1P_ANCHOR_EXCESS_MARGIN_CE,8bc9b11301b162494bf1911c149be1dd71f31d0a0601906acdb10574fb0dc970,0.022655575991745842,4.386038252346028e-07,normalized94_abs_anchor_delta94_identity1,5ca38ebab9e2d191354ce7db934bf08f2b50c31bad2a7874ac97af410c8ebfc0,6d65e5aad980cb4ebc522862ad7c9f7b03a16d9321d6a9e6877820a859e8ba3c
UNION_s3,objective,328,1.0257297054293528,1.0030741139276034,0.7605463412148051,TRAIN_LOG1P_ANCHOR_EXCESS_MARGIN_CE,8bc9b11301b162494bf1911c149be1dd71f31d0a0601906acdb10574fb0dc970,0.022655591501749357,6.260711514225873e-07,normalized94_abs_anchor_delta94_identity1,5ca38ebab9e2d191354ce7db934bf08f2b50c31bad2a7874ac97af410c8ebfc0,f988a14665556e728071bd5f9cf113311ceec7f7b1f33befd4d354d17579e890
UNION_s3,objective,329,1.0257297054257417,1.0030740910067186,0.7605463521615202,TRAIN_LOG1P_ANCHOR_EXCESS_MARGIN_CE,8bc9b11301b162494bf1911c149be1dd71f31d0a0601906acdb10574fb0dc970,0.022655614419023105,6.137176084140648e-07,normalized94_abs_anchor_delta94_identity1,5ca38ebab9e2d191354ce7db934bf08f2b50c31bad2a7874ac97af410c8ebfc0,58389c2b947bff94ec0261ea71c655878ce037c07bdfeda4e4d29140a7117d9b
UNION_s3,objective,330,1.0257297054207493,1.003074045614654,0.7605462157398964,TRAIN_LOG1P_ANCHOR_EXCESS_MARGIN_CE,8bc9b11301b162494bf1911c149be1dd71f31d0a0601906acdb10574fb0dc970,0.022655659806095147,6.789031529176521e-07,normalized94_abs_anchor_delta94_identity1,5ca38ebab9e2d191354ce7db934bf08f2b50c31bad2a7874ac97af410c8ebfc0,4e3ed3281456cd682f09d3135d3a87a10d856d26c9276f534c24a388ff037be1
UNION_s3,objective,331,1.0257297054173367,1.0030740134954692,0.7605464843822055,TRAIN_LOG1P_ANCHOR_EXCESS_MARGIN_CE,8bc9b11301b162494bf1911c149be1dd71f31d0a0601906acdb10574fb0dc970,0.022655691921867387,6.547499851086831e-07,normalized94_abs_anchor_delta94_identity1,5ca38ebab9e2d191354ce7db934bf08f2b50c31bad2a7874ac97af410c8ebfc0,da25e86983d01fcc771534d5b3dfb20337cab628a1e4092367c111107cb53229
UNION_s3,objective,332,1.0257297054152983,1.003074016975674,0.7605462969527695,TRAIN_LOG1P_ANCHOR_EXCESS_MARGIN_CE,8bc9b11301b162494bf1911c149be1dd71f31d0a0601906acdb10574fb0dc970,0.022655688439624237,3.202380374995965e-07,normalized94_abs_anchor_delta94_identity1,5ca38ebab9e2d191354ce7db934bf08f2b50c31bad2a7874ac97af410c8ebfc0,f993927938563d3a62c0815785c6e21d64db589ed1af906b83729bd7e4e9ccc8
UNION_s3,objective,333,1.0257297054143322,1.0030740166898886,0.7605462804911582,TRAIN_LOG1P_ANCHOR_EXCESS_MARGIN_CE,8bc9b11301b162494bf1911c149be1dd71f31d0a0601906acdb10574fb0dc970,0.022655688724443603,3.071509859675371e-07,normalized94_abs_anchor_delta94_identity1,5ca38ebab9e2d191354ce7db934bf08f2b50c31bad2a7874ac97af410c8ebfc0,f192b84e9b8c7ced27d24bfaee1ea951434fffab7609e2b3ac04eaab4c0c4cab
UNION_s3,objective,334,1.0257297054149568,1.003074017275573,0.7605455923092818,TRAIN_LOG1P_ANCHOR_EXCESS_MARGIN_CE,8bc9b11301b162494bf1911c149be1dd71f31d0a0601906acdb10574fb0dc970,0.022655688139383734,2.0460035865530283e-06,normalized94_abs_anchor_delta94_identity1,5ca38ebab9e2d191354ce7db934bf08f2b50c31bad2a7874ac97af410c8ebfc0,06b91cce87166c17639135121971ae4d0bfe6cc5fdfdcb4cb09fecb126db3fdd
UNION_s3,objective,335,1.0257297054136199,1.003074016936051,0.7605459901155756,TRAIN_LOG1P_ANCHOR_EXCESS_MARGIN_CE,8bc9b11301b162494bf1911c149be1dd71f31d0a0601906acdb10574fb0dc970,0.022655688477568908,9.798504122975297e-07,normalized94_abs_anchor_delta94_identity1,5ca38ebab9e2d191354ce7db934bf08f2b50c31bad2a7874ac97af410c8ebfc0,cfc6fb6186bfb434897db27753cc65279647de9e96fc8a127b9f52adf9fb771b
UNION_s3,objective,336,1.0257297054122743,1.0030740124360187,0.7605460726465056,TRAIN_LOG1P_ANCHOR_EXCESS_MARGIN_CE,8bc9b11301b162494bf1911c149be1dd71f31d0a0601906acdb10574fb0dc970,0.022655692976255633,6.488286818690397e-07,normalized94_abs_anchor_delta94_identity1,5ca38ebab9e2d191354ce7db934bf08f2b50c31bad2a7874ac97af410c8ebfc0,535f417684cd82dee5c8592cc4061917ce92f1b2419aee7b78d511295f4a417f
UNION_s3,objective,337,1.0257297054106322,1.0030740020625548,0.760546209769905,TRAIN_LOG1P_ANCHOR_EXCESS_MARGIN_CE,8bc9b11301b162494bf1911c149be1dd71f31d0a0601906acdb10574fb0dc970,0.02265570334807753,2.954571768711672e-07,normalized94_abs_anchor_delta94_identity1,5ca38ebab9e2d191354ce7db934bf08f2b50c31bad2a7874ac97af410c8ebfc0,e6d111d8f5dc24373946584949f8480ff655a113f52f78affeb5f50ce8a1f3e9
UNION_s3,objective,338,1.025729705409737,1.003073993029773,0.7605462715763361,TRAIN_LOG1P_ANCHOR_EXCESS_MARGIN_CE,8bc9b11301b162494bf1911c149be1dd71f31d0a0601906acdb10574fb0dc970,0.022655712379963937,3.597470973383353e-07,normalized94_abs_anchor_delta94_identity1,5ca38ebab9e2d191354ce7db934bf08f2b50c31bad2a7874ac97af410c8ebfc0,36a8c5942ff06fa416cde6c2aa97618552fab82717809bb75d6321c376e80cae
UNION_s3,objective,339,1.0257297054086378,1.0030739834166156,0.7605464049888925,TRAIN_LOG1P_ANCHOR_EXCESS_MARGIN_CE,8bc9b11301b162494bf1911c149be1dd71f31d0a0601906acdb10574fb0dc970,0.022655721992022256,9.980145552279872e-07,normalized94_abs_anchor_delta94_identity1,5ca38ebab9e2d191354ce7db934bf08f2b50c31bad2a7874ac97af410c8ebfc0,4e5cb1ee372b3c2d2c3af8e6340e44e58433ea269e5bae66bd9701cb10cb8725
UNION_s3,objective,340,1.025729705407102,1.0030739733121459,0.7605464271415047,TRAIN_LOG1P_ANCHOR_EXCESS_MARGIN_CE,8bc9b11301b162494bf1911c149be1dd71f31d0a0601906acdb10574fb0dc970,0.022655732094955982,5.752665735724145e-07,normalized94_abs_anchor_delta94_identity1,5ca38ebab9e2d191354ce7db934bf08f2b50c31bad2a7874ac97af410c8ebfc0,553e37533a593e93af012705f0b3b4a6055dcc1bd6797b28ecc71bfd58a9f7ce
UNION_s3,objective,341,1.025729705405761,1.0030739678891194,0.7605464060483689,TRAIN_LOG1P_ANCHOR_EXCESS_MARGIN_CE,8bc9b11301b162494bf1911c149be1dd71f31d0a0601906acdb10574fb0dc970,0.022655737516641624,3.331956088248603e-07,normalized94_abs_anchor_delta94_identity1,5ca38ebab9e2d191354ce7db934bf08f2b50c31bad2a7874ac97af410c8ebfc0,86fe4a916c5d0f1d54602f3791a6bf6a1f1da641a389d12b793e963834ccb9f6
UNION_s3,objective,342,1.025729705404881,1.0030739643079387,0.7605463754592333,TRAIN_LOG1P_ANCHOR_EXCESS_MARGIN_CE,8bc9b11301b162494bf1911c149be1dd71f31d0a0601906acdb10574fb0dc970,0.022655741096942395,4.065386540412809e-07,normalized94_abs_anchor_delta94_identity1,5ca38ebab9e2d191354ce7db934bf08f2b50c31bad2a7874ac97af410c8ebfc0,483fb7bbef58c4eac6522d5e4a4df772944051e5710c1e4cc0ec4cf965638989
UNION_s3,objective,343,1.025729705403521,1.0030739569188554,0.7605463199873287,TRAIN_LOG1P_ANCHOR_EXCESS_MARGIN_CE,8bc9b11301b162494bf1911c149be1dd71f31d0a0601906acdb10574fb0dc970,0.0226557484846656,4.854563296624488e-07,normalized94_abs_anchor_delta94_identity1,5ca38ebab9e2d191354ce7db934bf08f2b50c31bad2a7874ac97af410c8ebfc0,e2cf5b3d0ec9a1201d9e7df06112a918857272349fe57d868a8c0b6d2a1cc29c
UNION_s3,objective,344,1.025729705401033,1.0030739412811591,0.7605462830623887,TRAIN_LOG1P_ANCHOR_EXCESS_MARGIN_CE,8bc9b11301b162494bf1911c149be1dd71f31d0a0601906acdb10574fb0dc970,0.022655764119873904,4.881568244064042e-07,normalized94_abs_anchor_delta94_identity1,5ca38ebab9e2d191354ce7db934bf08f2b50c31bad2a7874ac97af410c8ebfc0,b145acbbe243d1d8a859f697c551db16c5ce4a80877e0b584aeffc9f9014cb14
UNION_s3,objective,345,1.0257297054097783,1.0030738751652961,0.7605459863046696,TRAIN_LOG1P_ANCHOR_EXCESS_MARGIN_CE,8bc9b11301b162494bf1911c149be1dd71f31d0a0601906acdb10574fb0dc970,0.022655830244482034,1.7204198050248643e-06,normalized94_abs_anchor_delta94_identity1,5ca38ebab9e2d191354ce7db934bf08f2b50c31bad2a7874ac97af410c8ebfc0,c5569018c8df2f2838b585f77303694823f2a823d26736d77a59623a0defbd7e
UNION_s3,objective,346,1.0257297054002252,1.0030739263848094,0.7605462162115921,TRAIN_LOG1P_ANCHOR_EXCESS_MARGIN_CE,8bc9b11301b162494bf1911c149be1dd71f31d0a0601906acdb10574fb0dc970,0.022655779015415854,5.575125440837289e-07,normalized94_abs_anchor_delta94_identity1,5ca38ebab9e2d191354ce7db934bf08f2b50c31bad2a7874ac97af410c8ebfc0,afad06d5a1e6aa32c853de454fac83e1168e152bf990db571c05b36554c137a7
UNION_s3,objective,347,1.025729705398826,1.0030739143399254,0.7605464358303126,TRAIN_LOG1P_ANCHOR_EXCESS_MARGIN_CE,8bc9b11301b162494bf1911c149be1dd71f31d0a0601906acdb10574fb0dc970,0.022655791058900462,4.6142655362544866e-07,normalized94_abs_anchor_delta94_identity1,5ca38ebab9e2d191354ce7db934bf08f2b50c31bad2a7874ac97af410c8ebfc0,e7f20d1a12978deeeb25f310b0aeb7d98d1d00f7f2ed9a1e9e101b8a413ec805
UNION_s3,objective,348,1.0257297053979688,1.0030739054973616,0.7605462213474377,TRAIN_LOG1P_ANCHOR_EXCESS_MARGIN_CE,8bc9b11301b162494bf1911c149be1dd71f31d0a0601906acdb10574fb0dc970,0.02265579990060708,2.3689392883981666e-07,normalized94_abs_anchor_delta94_identity1,5ca38ebab9e2d191354ce7db934bf08f2b50c31bad2a7874ac97af410c8ebfc0,f5cb2e5bccbf63a6bc10fbbaeb3c3a600564175b23ad05cb2b289940b4c0e011
UNION_s3,objective,349,1.0257297053974996,1.0030739029478397,0.7605463144846245,TRAIN_LOG1P_ANCHOR_EXCESS_MARGIN_CE,8bc9b11301b162494bf1911c149be1dd71f31d0a0601906acdb10574fb0dc970,0.022655802449659986,2.5417014052555714e-07,normalized94_abs_anchor_delta94_identity1,5ca38ebab9e2d191354ce7db934bf08f2b50c31bad2a7874ac97af410c8ebfc0,b08d77d83052add00d57c0df7e0df47ecb92357a41ca87edd31531f687251648
UNION_s3,objective,350,1.025729705397023,1.003073899474799,0.7605463531068714,TRAIN_LOG1P_ANCHOR_EXCESS_MARGIN_CE,8bc9b11301b162494bf1911c149be1dd71f31d0a0601906acdb10574fb0dc970,0.022655805922223833,2.3919987350405135e-07,normalized94_abs_anchor_delta94_identity1,5ca38ebab9e2d191354ce7db934bf08f2b50c31bad2a7874ac97af410c8ebfc0,c4ec98c3d5b7343c6dbc8bd915d004ed3d273684f0f011ab229b5f8a0cf53355
UNION_s3,objective,351,1.025729705396404,1.0030738959516212,0.7605462912490208,TRAIN_LOG1P_ANCHOR_EXCESS_MARGIN_CE,8bc9b11301b162494bf1911c149be1dd71f31d0a0601906acdb10574fb0dc970,0.02265580944478278,3.345313531305083e-07,normalized94_abs_anchor_delta94_identity1,5ca38ebab9e2d191354ce7db934bf08f2b50c31bad2a7874ac97af410c8ebfc0,a6ad88d1d2620c0365270bdc1d5f43d9dac2afb7b0962aae0f7063140f88f214
UNION_s3,objective,352,1.0257297053958356,1.0030738881111754,0.7605463556787532,TRAIN_LOG1P_ANCHOR_EXCESS_MARGIN_CE,8bc9b11301b162494bf1911c149be1dd71f31d0a0601906acdb10574fb0dc970,0.02265581728466016,2.4258396030896147e-07,normalized94_abs_anchor_delta94_identity1,5ca38ebab9e2d191354ce7db934bf08f2b50c31bad2a7874ac97af410c8ebfc0,91b33eb7bd51390d21fb9bc3d18315e826f594a64c024cf31e716d586a8537d9
UNION_s3,objective,353,1.0257297053954364,1.0030738837821198,0.7605463186621887,TRAIN_LOG1P_ANCHOR_EXCESS_MARGIN_CE,8bc9b11301b162494bf1911c149be1dd71f31d0a0601906acdb10574fb0dc970,0.022655821613316605,1.9563879711974764e-07,normalized94_abs_anchor_delta94_identity1,5ca38ebab9e2d191354ce7db934bf08f2b50c31bad2a7874ac97af410c8ebfc0,34615c4a28774a085753262639cd05dee7b26271f725987c6f0ea81d77d547da
UNION_s3,objective,354,1.0257297053946957,1.0030738769073657,0.7605462822082083,TRAIN_LOG1P_ANCHOR_EXCESS_MARGIN_CE,8bc9b11301b162494bf1911c149be1dd71f31d0a0601906acdb10574fb0dc970,0.022655828487330026,1.8740503143141676e-07,normalized94_abs_anchor_delta94_identity1,5ca38ebab9e2d191354ce7db934bf08f2b50c31bad2a7874ac97af410c8ebfc0,ceef94c536c984edf2d02d6bb2fed3a569b4f7febdde55ffb7268e88bec49c96
UNION_s3,objective,355,1.025729705393827,1.003073862433441,0.7605463018616463,TRAIN_LOG1P_ANCHOR_EXCESS_MARGIN_CE,8bc9b11301b162494bf1911c149be1dd71f31d0a0601906acdb10574fb0dc970,0.02265584296038604,2.9887119415736773e-07,normalized94_abs_anchor_delta94_identity1,5ca38ebab9e2d191354ce7db934bf08f2b50c31bad2a7874ac97af410c8ebfc0,0094ebcb6f598dbecc25907cd7bebf6905334197ffc673de8fcd3de2ed339521
UNION_s3,objective,356,1.025729705393232,1.0030738616591317,0.7605462929480699,TRAIN_LOG1P_ANCHOR_EXCESS_MARGIN_CE,8bc9b11301b162494bf1911c149be1dd71f31d0a0601906acdb10574fb0dc970,0.022655843734100133,1.2430882848331032e-07,normalized94_abs_anchor_delta94_identity1,5ca38ebab9e2d191354ce7db934bf08f2b50c31bad2a7874ac97af410c8ebfc0,3a86213a338d8979ac355ca3b1f6a82a936a963d7218946992cc8b9d1079d824
UNION_s3,objective,357,1.0257297053929249,1.0030738617434765,0.7605462985298709,TRAIN_LOG1P_ANCHOR_EXCESS_MARGIN_CE,8bc9b11301b162494bf1911c149be1dd71f31d0a0601906acdb10574fb0dc970,0.022655843649448414,1.135445100196096e-07,normalized94_abs_anchor_delta94_identity1,5ca38ebab9e2d191354ce7db934bf08f2b50c31bad2a7874ac97af410c8ebfc0,0e2ea3208f08913cd52dc2d48b6571fc01788738fa09d1169e6846449b0e4f49
UNION_s3,objective,358,1.025729705392465,1.0030738633140386,0.7605462300917338,TRAIN_LOG1P_ANCHOR_EXCESS_MARGIN_CE,8bc9b11301b162494bf1911c149be1dd71f31d0a0601906acdb10574fb0dc970,0.022655842078426327,2.2917119940456497e-07,normalized94_abs_anchor_delta94_identity1,5ca38ebab9e2d191354ce7db934bf08f2b50c31bad2a7874ac97af410c8ebfc0,327a482cbd524a0a8bf6dfc1484ab082279c56bedaf8db73f0a8c8d23a9d37f9
UNION_s3,objective,359,1.025729705392649,1.003073863530366,0.7605465107665982,TRAIN_LOG1P_ANCHOR_EXCESS_MARGIN_CE,8bc9b11301b162494bf1911c149be1dd71f31d0a0601906acdb10574fb0dc970,0.022655841862283088,6.839111314886049e-07,normalized94_abs_anchor_delta94_identity1,5ca38ebab9e2d191354ce7db934bf08f2b50c31bad2a7874ac97af410c8ebfc0,55f0918d7830d9889c012aebe8a69a392f950af70fb67eba634a6673327d748a
UNION_s3,objective,360,1.0257297053923147,1.0030738634006637,0.7605463427715081,TRAIN_LOG1P_ANCHOR_EXCESS_MARGIN_CE,8bc9b11301b162494bf1911c149be1dd71f31d0a0601906acdb10574fb0dc970,0.02265584199165085,2.0285487851357593e-07,normalized94_abs_anchor_delta94_identity1,5ca38ebab9e2d191354ce7db934bf08f2b50c31bad2a7874ac97af410c8ebfc0,a4b3c8070c8e063984a6c9f722eb941bd79166e18ed5c0149efd0d4a0b91b523
UNION_s3,objective,361,1.0257297053921948,1.0030738635452225,0.7605463050584106,TRAIN_LOG1P_ANCHOR_EXCESS_MARGIN_CE,8bc9b11301b162494bf1911c149be1dd71f31d0a0601906acdb10574fb0dc970,0.022655841846972266,1.2737101287440204e-07,normalized94_abs_anchor_delta94_identity1,5ca38ebab9e2d191354ce7db934bf08f2b50c31bad2a7874ac97af410c8ebfc0,cdbfcdecc6389e0f59705cf50c8ed9940ebe161f2a8786927aff8960c0a4f0a9
UNION_s3,objective,362,1.0257297053920507,1.0030738627959093,0.7605462632407105,TRAIN_LOG1P_ANCHOR_EXCESS_MARGIN_CE,8bc9b11301b162494bf1911c149be1dd71f31d0a0601906acdb10574fb0dc970,0.022655842596141455,1.0629030103122246e-07,normalized94_abs_anchor_delta94_identity1,5ca38ebab9e2d191354ce7db934bf08f2b50c31bad2a7874ac97af410c8ebfc0,0b9cc0294ba03f65032fe6b44bfa1fc77d94c815e0a64af9dbb551d20847fa02
UNION_s3,objective,363,1.0257297053918975,1.0030738613574974,0.7605462390678532,TRAIN_LOG1P_ANCHOR_EXCESS_MARGIN_CE,8bc9b11301b162494bf1911c149be1dd71f31d0a0601906acdb10574fb0dc970,0.022655844034399963,1.402912009676975e-07,normalized94_abs_anchor_delta94_identity1,5ca38ebab9e2d191354ce7db934bf08f2b50c31bad2a7874ac97af410c8ebfc0,a11a0a0548bf5023495982e9f07936a8026972b6416bd93790b6da09d9870173
UNION_s3,objective,364,1.0257297053915932,1.0030738567555562,0.7605462346881365,TRAIN_LOG1P_ANCHOR_EXCESS_MARGIN_CE,8bc9b11301b162494bf1911c149be1dd71f31d0a0601906acdb10574fb0dc970,0.022655848636037118,1.675398582919964e-07,normalized94_abs_anchor_delta94_identity1,5ca38ebab9e2d191354ce7db934bf08f2b50c31bad2a7874ac97af410c8ebfc0,48e04c5859924de9573b3da24510124ab8a09675c1445acbad19dee2bf483c71
UNION_s3,objective,365,1.025729705394351,1.003073856994782,0.760545913859063,TRAIN_LOG1P_ANCHOR_EXCESS_MARGIN_CE,8bc9b11301b162494bf1911c149be1dd71f31d0a0601906acdb10574fb0dc970,0.022655848399569214,1.8233623086291253e-06,normalized94_abs_anchor_delta94_identity1,5ca38ebab9e2d191354ce7db934bf08f2b50c31bad2a7874ac97af410c8ebfc0,e372a9453c54ff48e8d582347ff4165578e2477a1c46de49f4c2dcf820bc4f9b
UNION_s3,objective,366,1.0257297053915162,1.0030738567889284,0.7605461893157139,TRAIN_LOG1P_ANCHOR_EXCESS_MARGIN_CE,8bc9b11301b162494bf1911c149be1dd71f31d0a0601906acdb10574fb0dc970,0.022655848602587843,3.055921037028326e-07,normalized94_abs_anchor_delta94_identity1,5ca38ebab9e2d191354ce7db934bf08f2b50c31bad2a7874ac97af410c8ebfc0,01b0fd63d0f8f25d73e3b67f80cd18d10d586a33349eafed10458616acfd316e
UNION_s3,objective,367,1.0257297053912802,1.0030738524740574,0.7605462283474838,TRAIN_LOG1P_ANCHOR_EXCESS_MARGIN_CE,8bc9b11301b162494bf1911c149be1dd71f31d0a0601906acdb10574fb0dc970,0.022655852917222767,1.8796568410176076e-07,normalized94_abs_anchor_delta94_identity1,5ca38ebab9e2d191354ce7db934bf08f2b50c31bad2a7874ac97af410c8ebfc0,7b855763d34478f18f03c9f929e6f34a0bfeae031c981253e8fd9914ccd41504
UNION_s3,objective,368,1.0257297053910783,1.0030738505380739,0.7605462707087538,TRAIN_LOG1P_ANCHOR_EXCESS_MARGIN_CE,8bc9b11301b162494bf1911c149be1dd71f31d0a0601906acdb10574fb0dc970,0.022655854853004555,9.778210428819188e-08,normalized94_abs_anchor_delta94_identity1,5ca38ebab9e2d191354ce7db934bf08f2b50c31bad2a7874ac97af410c8ebfc0,bc9b62ee281e9a82a1c1222681e3e13e2d31a165c7ff31f74faf55d8717dba1f
UNION_s3,objective,369,1.0257297053909364,1.0030738502608143,0.7605463043553629,TRAIN_LOG1P_ANCHOR_EXCESS_MARGIN_CE,8bc9b11301b162494bf1911c149be1dd71f31d0a0601906acdb10574fb0dc970,0.022655855130122055,1.1262571241528599e-07,normalized94_abs_anchor_delta94_identity1,5ca38ebab9e2d191354ce7db934bf08f2b50c31bad2a7874ac97af410c8ebfc0,e2f9ab4a054a069b4685568bfd311bacf4c91c61ff209dfb0de8e731b20ba224
UNION_s3,objective,370,1.025729705390796,1.0030738504295207,0.7605463183145414,TRAIN_LOG1P_ANCHOR_EXCESS_MARGIN_CE,8bc9b11301b162494bf1911c149be1dd71f31d0a0601906acdb10574fb0dc970,0.022655854961275448,1.2094561603061258e-07,normalized94_abs_anchor_delta94_identity1,5ca38ebab9e2d191354ce7db934bf08f2b50c31bad2a7874ac97af410c8ebfc0,59b2484fbb0e357ba342d5b036bded1a8ade8e84ea6704fe1d9545c3d1a364cf
UNION_s3,objective,371,1.0257297053905734,1.0030738510917834,0.7605463174589607,TRAIN_LOG1P_ANCHOR_EXCESS_MARGIN_CE,8bc9b11301b162494bf1911c149be1dd71f31d0a0601906acdb10574fb0dc970,0.022655854298790013,1.2158494858053037e-07,normalized94_abs_anchor_delta94_identity1,5ca38ebab9e2d191354ce7db934bf08f2b50c31bad2a7874ac97af410c8ebfc0,3549bd9b8aa176679335ad556f493f61b70b9d0a3ceea973e44880bd7286959c
UNION_s3,objective,372,1.0257297053906977,1.0030738515975492,0.7605463298554422,TRAIN_LOG1P_ANCHOR_EXCESS_MARGIN_CE,8bc9b11301b162494bf1911c149be1dd71f31d0a0601906acdb10574fb0dc970,0.022655853793148398,3.0060932784946984e-07,normalized94_abs_anchor_delta94_identity1,5ca38ebab9e2d191354ce7db934bf08f2b50c31bad2a7874ac97af410c8ebfc0,ca9c75a36c2d67cfe0df60ae9eb2100a7a50cbe1f2837b1d58bca158d36dcca9
UNION_s3,objective,373,1.0257297053904866,1.0030738512891193,0.7605463222988922,TRAIN_LOG1P_ANCHOR_EXCESS_MARGIN_CE,8bc9b11301b162494bf1911c149be1dd71f31d0a0601906acdb10574fb0dc970,0.022655854101367372,1.3237947866911925e-07,normalized94_abs_anchor_delta94_identity1,5ca38ebab9e2d191354ce7db934bf08f2b50c31bad2a7874ac97af410c8ebfc0,7935cde82580993ce23efd441ccd6170d39f90afc04ae2b0e081c69f848fc3c3
UNION_s3,objective,374,1.0257297053904528,1.0030738507479513,0.7605462385035974,TRAIN_LOG1P_ANCHOR_EXCESS_MARGIN_CE,8bc9b11301b162494bf1911c149be1dd71f31d0a0601906acdb10574fb0dc970,0.022655854642501454,2.433677895267356e-07,normalized94_abs_anchor_delta94_identity1,5ca38ebab9e2d191354ce7db934bf08f2b50c31bad2a7874ac97af410c8ebfc0,61eb06baca8e5131711076d537690b6454f1c94e16a5efcae113069a18b0e0ed
UNION_s3,objective,375,1.025729705390383,1.0030738520132478,0.7605462767473751,TRAIN_LOG1P_ANCHOR_EXCESS_MARGIN_CE,8bc9b11301b162494bf1911c149be1dd71f31d0a0601906acdb10574fb0dc970,0.022655853377135295,9.762341530143333e-08,normalized94_abs_anchor_delta94_identity1,5ca38ebab9e2d191354ce7db934bf08f2b50c31bad2a7874ac97af410c8ebfc0,ac6c1e726444679a9eaedc6c323288f9d7e0e454a52011b30b761d17fea9c9fa
UNION_s3,objective,376,1.025729705390345,1.0030738527177014,0.7605462900137409,TRAIN_LOG1P_ANCHOR_EXCESS_MARGIN_CE,8bc9b11301b162494bf1911c149be1dd71f31d0a0601906acdb10574fb0dc970,0.022655852672643473,6.397378125173966e-08,normalized94_abs_anchor_delta94_identity1,5ca38ebab9e2d191354ce7db934bf08f2b50c31bad2a7874ac97af410c8ebfc0,835be98c26c597491419af539caba4cef105ee7958c8330fde0ac2b5b553123b
UNION_s3,objective,377,1.0257297053902763,1.0030738537600874,0.7605463006670986,TRAIN_LOG1P_ANCHOR_EXCESS_MARGIN_CE,8bc9b11301b162494bf1911c149be1dd71f31d0a0601906acdb10574fb0dc970,0.022655851630188874,7.290712124802584e-08,normalized94_abs_anchor_delta94_identity1,5ca38ebab9e2d191354ce7db934bf08f2b50c31bad2a7874ac97af410c8ebfc0,7eef119fdd7c386dfae12e32d69167f3566543f8916f6ed9443aa035349cb50f
UNION_s3,objective,378,1.025729705390176,1.0030738550894711,0.7605463041881874,TRAIN_LOG1P_ANCHOR_EXCESS_MARGIN_CE,8bc9b11301b162494bf1911c149be1dd71f31d0a0601906acdb10574fb0dc970,0.022655850300704928,7.067568475398006e-08,normalized94_abs_anchor_delta94_identity1,5ca38ebab9e2d191354ce7db934bf08f2b50c31bad2a7874ac97af410c8ebfc0,c17c012e0bd5b892f73b1c27d40e944bcd13df0aabf1cef98e7701aaf4e3f743
UNION_s3,objective,379,1.0257297053914889,1.0030738561279218,0.7605464837042062,TRAIN_LOG1P_ANCHOR_EXCESS_MARGIN_CE,8bc9b11301b162494bf1911c149be1dd71f31d0a0601906acdb10574fb0dc970,0.022655849263567014,1.0581429560012162e-06,normalized94_abs_anchor_delta94_identity1,5ca38ebab9e2d191354ce7db934bf08f2b50c31bad2a7874ac97af410c8ebfc0,d5d04a843fa7bede937cbcb7cb9e10694dd5394d444ede49c468be82e731c01d
UNION_s3,objective,380,1.025729705390161,1.0030738551880154,0.7605463212472674,TRAIN_LOG1P_ANCHOR_EXCESS_MARGIN_CE,8bc9b11301b162494bf1911c149be1dd71f31d0a0601906acdb10574fb0dc970,0.022655850202145587,1.4783004428934926e-07,normalized94_abs_anchor_delta94_identity1,5ca38ebab9e2d191354ce7db934bf08f2b50c31bad2a7874ac97af410c8ebfc0,04368655c8bd112289eb2342ca533f6dcc12fb93469d6ce7e0501fae87c925c3
UNION_s3,objective,381,1.0257297053900891,1.0030738562282489,0.7605463115013086,TRAIN_LOG1P_ANCHOR_EXCESS_MARGIN_CE,8bc9b11301b162494bf1911c149be1dd71f31d0a0601906acdb10574fb0dc970,0.022655849161840214,9.102022586630483e-08,normalized94_abs_anchor_delta94_identity1,5ca38ebab9e2d191354ce7db934bf08f2b50c31bad2a7874ac97af410c8ebfc0,0830bf12d4d4e53cb6625aeead308bedd9ad2a6118da2b3100bf2f985062fac9
UNION_s3,objective,382,1.0257297053900243,1.003073857578504,0.7605462911220955,TRAIN_LOG1P_ANCHOR_EXCESS_MARGIN_CE,8bc9b11301b162494bf1911c149be1dd71f31d0a0601906acdb10574fb0dc970,0.022655847811520226,5.3573407775669475e-08,normalized94_abs_anchor_delta94_identity1,5ca38ebab9e2d191354ce7db934bf08f2b50c31bad2a7874ac97af410c8ebfc0,7d9a3342473e74bdee0ebc157ce941b562b8ab329d3ba8430e74f284aca9360c
UNION_s3,objective,383,1.025729705389962,1.0030738593074775,0.7605462751725393,TRAIN_LOG1P_ANCHOR_EXCESS_MARGIN_CE,8bc9b11301b162494bf1911c149be1dd71f31d0a0601906acdb10574fb0dc970,0.022655846082484606,9.826306190861535e-08,normalized94_abs_anchor_delta94_identity1,5ca38ebab9e2d191354ce7db934bf08f2b50c31bad2a7874ac97af410c8ebfc0,4fdbedc57cb5ddb7a9f75f9e275a358b7c0da487218054eaa94613c862eb6b5f
UNION_s3,objective,384,1.025729705389905,1.0030738606532346,0.7605462736649867,TRAIN_LOG1P_ANCHOR_EXCESS_MARGIN_CE,8bc9b11301b162494bf1911c149be1dd71f31d0a0601906acdb10574fb0dc970,0.022655844736670393,1.0094606814064638e-07,normalized94_abs_anchor_delta94_identity1,5ca38ebab9e2d191354ce7db934bf08f2b50c31bad2a7874ac97af410c8ebfc0,32c7e17e3a6785f2dab76b37805597f5167dab85197f4c07eb56f55e72785d59
UNION_s3,objective,385,1.0257297053897534,1.0030738651094588,0.7605462458303583,TRAIN_LOG1P_ANCHOR_EXCESS_MARGIN_CE,8bc9b11301b162494bf1911c149be1dd71f31d0a0601906acdb10574fb0dc970,0.02265584028029448,1.3828323954897011e-07,normalized94_abs_anchor_delta94_identity1,5ca38ebab9e2d191354ce7db934bf08f2b50c31bad2a7874ac97af410c8ebfc0,7424d8546124d948c108a75e98c4adb8f8897bf3c376555ca6287f8a9b056395
UNION_s3,objective,386,1.0257297053901941,1.003073864861636,0.7605465470828737,TRAIN_LOG1P_ANCHOR_EXCESS_MARGIN_CE,8bc9b11301b162494bf1911c149be1dd71f31d0a0601906acdb10574fb0dc970,0.02265584052855813,6.504379677056891e-07,normalized94_abs_anchor_delta94_identity1,5ca38ebab9e2d191354ce7db934bf08f2b50c31bad2a7874ac97af410c8ebfc0,0a127704ef17586b86cabfaa78017a953befd0347a0e2d3327dbb35adf3ca999
UNION_s3,objective,387,1.0257297053897276,1.0030738650622244,0.7605463031174861,TRAIN_LOG1P_ANCHOR_EXCESS_MARGIN_CE,8bc9b11301b162494bf1911c149be1dd71f31d0a0601906acdb10574fb0dc970,0.02265584032750325,5.466181472925856e-08,normalized94_abs_anchor_delta94_identity1,5ca38ebab9e2d191354ce7db934bf08f2b50c31bad2a7874ac97af410c8ebfc0,80ad9566c4c1dd1888de312ea36caf445c8d0bffd69633979e03cfbb16ab2fb5
UNION_s3,objective,388,1.0257297053896959,1.0030738651886113,0.7605463045783429,TRAIN_LOG1P_ANCHOR_EXCESS_MARGIN_CE,8bc9b11301b162494bf1911c149be1dd71f31d0a0601906acdb10574fb0dc970,0.022655840201084496,4.58164117898496e-08,normalized94_abs_anchor_delta94_identity1,5ca38ebab9e2d191354ce7db934bf08f2b50c31bad2a7874ac97af410c8ebfc0,89f5ff990e7188e339d5b7c2615ffffdbcce59363337c51fc2c006e223fb2318
UNION_s3,objective,389,1.0257297053896604,1.0030738651383313,0.7605462970499676,TRAIN_LOG1P_ANCHOR_EXCESS_MARGIN_CE,8bc9b11301b162494bf1911c149be1dd71f31d0a0601906acdb10574fb0dc970,0.022655840251329017,1.0889030813661183e-07,normalized94_abs_anchor_delta94_identity1,5ca38ebab9e2d191354ce7db934bf08f2b50c31bad2a7874ac97af410c8ebfc0,9f54e57193e3696830922051fbd1f2f65fa7f2cf6eec04c1b773983eb0188f31
UNION_s3,objective,390,1.0257297053896288,1.003073864532416,0.7605463005370623,TRAIN_LOG1P_ANCHOR_EXCESS_MARGIN_CE,8bc9b11301b162494bf1911c149be1dd71f31d0a0601906acdb10574fb0dc970,0.022655840857212898,5.2032138156260774e-08,normalized94_abs_anchor_delta94_identity1,5ca38ebab9e2d191354ce7db934bf08f2b50c31bad2a7874ac97af410c8ebfc0,b32dc13554b645e98ed2489f0acdc406b98fd37b4eb5a927f484d2497a20bd2b
UNION_s3,objective,391,1.025729705389597,1.003073864528367,0.7605463075841087,TRAIN_LOG1P_ANCHOR_EXCESS_MARGIN_CE,8bc9b11301b162494bf1911c149be1dd71f31d0a0601906acdb10574fb0dc970,0.02265584086123002,4.4277117685452076e-08,normalized94_abs_anchor_delta94_identity1,5ca38ebab9e2d191354ce7db934bf08f2b50c31bad2a7874ac97af410c8ebfc0,4639afe4606ee380ffefa3ffb387bc66174e583e54a5613397d1be39df3f8af3
UNION_s3,objective,392,1.0257297053895593,1.0030738647057478,0.7605463094912165,TRAIN_LOG1P_ANCHOR_EXCESS_MARGIN_CE,8bc9b11301b162494bf1911c149be1dd71f31d0a0601906acdb10574fb0dc970,0.022655840683811622,5.318283139754371e-08,normalized94_abs_anchor_delta94_identity1,5ca38ebab9e2d191354ce7db934bf08f2b50c31bad2a7874ac97af410c8ebfc0,fc56d9ab2da1bda07349ba2196067939e6ffe9fb7c9bd9d22028cb5107ccd8af
UNION_s3,objective,393,1.025729705389558,1.0030738657188472,0.7605463493305575,TRAIN_LOG1P_ANCHOR_EXCESS_MARGIN_CE,8bc9b11301b162494bf1911c149be1dd71f31d0a0601906acdb10574fb0dc970,0.02265583967071091,1.7435395354046752e-07,normalized94_abs_anchor_delta94_identity1,5ca38ebab9e2d191354ce7db934bf08f2b50c31bad2a7874ac97af410c8ebfc0,6a72f59526d713f0b0de8548c156011cbcf0d301e07b7524b2978177be0c5629
UNION_s3,objective,394,1.0257297053895447,1.003073865223537,0.7605463298533963,TRAIN_LOG1P_ANCHOR_EXCESS_MARGIN_CE,8bc9b11301b162494bf1911c149be1dd71f31d0a0601906acdb10574fb0dc970,0.022655840166007683,8.104771699043897e-08,normalized94_abs_anchor_delta94_identity1,5ca38ebab9e2d191354ce7db934bf08f2b50c31bad2a7874ac97af410c8ebfc0,9b8d4a2fa32f399c58651278b90e987d9a58c41466eed0db13a2ffea88e86e93
UNION_s3,objective,395,1.0257297053895222,1.003073865707679,0.7605463186800853,TRAIN_LOG1P_ANCHOR_EXCESS_MARGIN_CE,8bc9b11301b162494bf1911c149be1dd71f31d0a0601906acdb10574fb0dc970,0.022655839681843263,4.81962222821411e-08,normalized94_abs_anchor_delta94_identity1,5ca38ebab9e2d191354ce7db934bf08f2b50c31bad2a7874ac97af410c8ebfc0,18022cb15b5633e8113a3cfc79d7d991130eb6c12425e4f6e3ec0bc391142ff4
UNION_s3,objective,396,1.0257297053894923,1.0030738661760807,0.7605463084181856,TRAIN_LOG1P_ANCHOR_EXCESS_MARGIN_CE,8bc9b11301b162494bf1911c149be1dd71f31d0a0601906acdb10574fb0dc970,0.0226558392134115,4.412915774898296e-08,normalized94_abs_anchor_delta94_identity1,5ca38ebab9e2d191354ce7db934bf08f2b50c31bad2a7874ac97af410c8ebfc0,424cf0aa32eef3acfaab6900f50108163ba8399b2be5a8a3ac6f9550348a9eb9
UNION_s3,objective,397,1.0257297053894416,1.003073866704281,0.7605462973120962,TRAIN_LOG1P_ANCHOR_EXCESS_MARGIN_CE,8bc9b11301b162494bf1911c149be1dd71f31d0a0601906acdb10574fb0dc970,0.022655838685160776,5.6218045533295284e-08,normalized94_abs_anchor_delta94_identity1,5ca38ebab9e2d191354ce7db934bf08f2b50c31bad2a7874ac97af410c8ebfc0,90b3d6e392b35d267ad47c7bad9758d6e9f88f889d131f4846a4cb2eb16ddffe
UNION_s3,objective,398,1.0257297053893832,1.003073867513533,0.7605462892841665,TRAIN_LOG1P_ANCHOR_EXCESS_MARGIN_CE,8bc9b11301b162494bf1911c149be1dd71f31d0a0601906acdb10574fb0dc970,0.022655837875850314,5.556277364278013e-08,normalized94_abs_anchor_delta94_identity1,5ca38ebab9e2d191354ce7db934bf08f2b50c31bad2a7874ac97af410c8ebfc0,5edf28079aff7be372724de73959dbfea1b5909db1af2bd021cb61027df21ad3
UNION_s3,objective,399,1.0257297053893857,1.0030738685911105,0.7605463828781196,TRAIN_LOG1P_ANCHOR_EXCESS_MARGIN_CE,8bc9b11301b162494bf1911c149be1dd71f31d0a0601906acdb10574fb0dc970,0.0226558367982753,2.3153333884301771e-07,normalized94_abs_anchor_delta94_identity1,5ca38ebab9e2d191354ce7db934bf08f2b50c31bad2a7874ac97af410c8ebfc0,212fa923efcc49ab946b756ba3acc1d496612913e0913b101c14ee04edb1fcbd
UNION_s3,objective,400,1.0257297053893575,1.0030738680402647,0.7605463350361098,TRAIN_LOG1P_ANCHOR_EXCESS_MARGIN_CE,8bc9b11301b162494bf1911c149be1dd71f31d0a0601906acdb10574fb0dc970,0.02265583734909285,1.0574578133980541e-07,normalized94_abs_anchor_delta94_identity1,5ca38ebab9e2d191354ce7db934bf08f2b50c31bad2a7874ac97af410c8ebfc0,0cab1bb95c55d6fb82ec5de8c35a72a4d86fd900c27e811c011af4c461a9c8ed
UNION_s3,objective,401,1.0257297053893197,1.0030738690896621,0.7605462997326328,TRAIN_LOG1P_ANCHOR_EXCESS_MARGIN_CE,8bc9b11301b162494bf1911c149be1dd71f31d0a0601906acdb10574fb0dc970,0.022655836299657565,3.3222540557700056e-08,normalized94_abs_anchor_delta94_identity1,5ca38ebab9e2d191354ce7db934bf08f2b50c31bad2a7874ac97af410c8ebfc0,61d2c413b00d8fdb22ac5e5c362668aece7eb9376ffacc45a09e7d4e7e770b9c
UNION_s3,objective,402,1.0257297053893095,1.0030738690819219,0.7605463004632146,TRAIN_LOG1P_ANCHOR_EXCESS_MARGIN_CE,8bc9b11301b162494bf1911c149be1dd71f31d0a0601906acdb10574fb0dc970,0.022655836307387656,2.7876617062045576e-08,normalized94_abs_anchor_delta94_identity1,5ca38ebab9e2d191354ce7db934bf08f2b50c31bad2a7874ac97af410c8ebfc0,4fc742f5e4951d91788564b306ae58ef99c3252cc097040586f0f44a1d7c8647
