image_path,image_sha256,capture_session,paper_condition
data/pallet/raw_data/outside/capturepallet01/rgb/1778651488900632064.png,9bced5a8a95efa718479be18960dfd3ce13d55c584fdd043f614283b0330c9b9,capturepallet01,day
data/pallet/raw_data/outside/capturepallet01/rgb/1778651489134974464.png,a7c15b27f3adff03bbdf31253317e584cc78a06d42df385ad775dc01f50d30bb,capturepallet01,day
data/pallet/raw_data/outside/capturepallet01/rgb/1778651489202195712.png,20fb9deaa59c3600f98cefc736a88cd8080f37f73d50002b945da9bc2130f890,capturepallet01,day
data/pallet/raw_data/outside/capturepallet01/rgb/1778651489235832576.png,50d4c51530f9aa47b2c8a298a97aa234bc855830e46fd30bff7605be575a9814,capturepallet01,day
data/pallet/raw_data/outside/capturepallet01/rgb/1778651489302867968.png,6b16b36ff079c0f8c6f46a123f376d3c8cc8540453d46901749ad8310869ce58,capturepallet01,day
data/pallet/raw_data/outside/capturepallet01/rgb/1778651489370367744.png,534494d88cd86ff588d7a7f0ffc6c56d45d5cfa8ff1f3fe78cd7785a5c29d394,capturepallet01,day
data/pallet/raw_data/outside/capturepallet01/rgb/1778651489437160960.png,463671948bff425de71ff06203af33f45ef6751ac3454e6fa88c6c27ba0d53cb,capturepallet01,day
data/pallet/raw_data/outside/capturepallet01/rgb/1778651489504339712.png,834916e95c3663c54f128a56f71b987a9df0cb672a0e8e9e9072732d5d45a946,capturepallet01,day
data/pallet/raw_data/outside/capturepallet01/rgb/1778651489571578368.png,15465d38e6a19d95d93eac5939e0aa5906f21c1b4e91ea53aac3d4ea14eccdc9,capturepallet01,day
data/pallet/raw_data/outside/capturepallet01/rgb/1778651489638620160.png,08406c2720aadebdf86ec4c5e6c1e55fa78cbeb4aa840ac01480567f55cf9ec7,capturepallet01,day
data/pallet/raw_data/outside/capturepallet01/rgb/1778651489672216064.png,ef375cac70425bbe066354999a202e389a0270204a80b3983f677ed21cb6ccce,capturepallet01,day
data/pallet/raw_data/outside/capturepallet01/rgb/1778651489739301120.png,97a880916017ea162ddffee9b8f4db21f9a778118a169b4f2dc4c4dfd7f43a9b,capturepallet01,day
data/pallet/raw_data/outside/capturepallet01/rgb/1778651489806957568.png,c121f7894f090c1743c8eb35130b25915d3604e7c4d6b866ef494a8ea0b1c2f2,capturepallet01,day
data/pallet/raw_data/outside/capturepallet01/rgb/1778651489873783808.png,acc8fb6f6c430ef26f9586ecb15f953f21832593c48ce01e8263dc35850976b6,capturepallet01,day
data/pallet/raw_data/outside/capturepallet01/rgb/1778651489941048064.png,85597680061ace591089ced06924c8e3f1bdb8bd29edbe36ec114574d0096a0f,capturepallet01,day
data/pallet/raw_data/outside/capturepallet01/rgb/1778651489974534912.png,89c4f6ebdd2abe6ebe1d19555732a9763d5bd24fe7f293c84da23cc5b0efc5d6,capturepallet01,day
data/pallet/raw_data/outside/capturepallet01/rgb/1778651490041890816.png,f765ef06c8d3e332ebeb52a3d7a1628eff65603a8e4c2d58c98a072c4b27c492,capturepallet01,day
data/pallet/raw_data/outside/capturepallet01/rgb/1778651490109133312.png,1cfdfbe8091e3d459d4e7f509df17faddf514c4fc563c2f0e0000396460342eb,capturepallet01,day
data/pallet/raw_data/outside/capturepallet01/rgb/1778651490176271872.png,d1c5002c8fd078a26a51aec8bb18a0cdf683726bb629591f194f79be41da04b2,capturepallet01,day
data/pallet/raw_data/outside/capturepallet01/rgb/1778651490243496448.png,964d52f8c1b1aeef5ac5e820dbeaeb3cea14cf6e64d120eab7907cfce128a394,capturepallet01,day
data/pallet/raw_data/outside/capturepallet01/rgb/1778651490310670848.png,f1bc6e8a26faf3245bd383a2032f240bcc7116116d6321f594c2cd213425030a,capturepallet01,day
data/pallet/raw_data/outside/capturepallet01/rgb/1778651490377737216.png,00529008bd6cafb774b61bfc7bbef98e44573609214ac81283e8911a5122c5a2,capturepallet01,day
data/pallet/raw_data/outside/capturepallet01/rgb/1778651490411493120.png,d945c8935b883e20162d1ef61789385bf31e882ac8b7aadd7e7e532055766791,capturepallet01,day
data/pallet/raw_data/outside/capturepallet01/rgb/1778651490478626816.png,fff7b477865469703701e39d4a477059a0fe3ffdc23117c600615f3cb9e67877,capturepallet01,day
data/pallet/raw_data/outside/capturepallet01/rgb/1778651490546186752.png,4c4f184216caeb2ac48737bb2ea82bb7710e32ea8dffae9df5544928ef0d3d2c,capturepallet01,day
data/pallet/raw_data/outside/capturepallet01/rgb/1778651490646779136.png,dc8e3d6ef348d71b53b13d8ae4d9dd7aaf6e401ba41415551fa3b7f4d96ca1d5,capturepallet01,day
data/pallet/raw_data/outside/capturepallet01/rgb/1778651490713883648.png,8c14bda752db38c31c55d1c86d672362efe87dcdb5938ca73dcf7df72f1f1745,capturepallet01,day
data/pallet/raw_data/outside/capturepallet01/rgb/1778651490781239808.png,f59f6a6536142d21c038dc4591de660ed53a8b19a19a76e4e5307b91b5a93afb,capturepallet01,day
data/pallet/raw_data/outside/capturepallet01/rgb/1778651490848228096.png,91f9fcaf88dd6f6b72032f32eb2cb6a2230e0ba11db66cce5518a3562518d4d2,capturepallet01,day
data/pallet/raw_data/outside/capturepallet01/rgb/1778651490915459840.png,7cdcb84adc493da84e5cf7a6e2c359ba963b7c54325388d7e3f280272fecd063,capturepallet01,day
data/pallet/raw_data/outside/capturepallet01/rgb/1778651490983007488.png,d363e863c3b5153971a899e076f983510489a6d43ed9efa506d4b2f1289831db,capturepallet01,day
data/pallet/raw_data/outside/capturepallet01/rgb/1778651491049825792.png,27554a3fcc2ce227cf1d60e6d83c513abf3c109d6d3d17836c0cfb057283b00d,capturepallet01,day
data/pallet/raw_data/outside/capturepallet01/rgb/1778651491150542848.png,ecddf622295578f29c539cf5ba2240f15cae7ba32942a0cf82c5091feb638cf8,capturepallet01,day
data/pallet/raw_data/outside/capturepallet01/rgb/1778651491217872128.png,116616c055a97cef62cb776822fb8d636dbebf91a1bf91a40ec2f0ff8fbe8cab,capturepallet01,day
data/pallet/raw_data/outside/capturepallet01/rgb/1778651491285059328.png,54f9fe7b27443a9ef4e2c5530f893a576e3f96497ed0989d4e38aff57718af4a,capturepallet01,day
data/pallet/raw_data/outside/capturepallet01/rgb/1778651491352184576.png,21e82c65d93a60096c106eb94f0f23a479fc3759b3362d0cf417247f2bb0779c,capturepallet01,day
data/pallet/raw_data/outside/capturepallet01/rgb/1778651491419763968.png,cd254b246d14e261d2ee594c63457b086a5a8df5410afe5e5521511d4c409692,capturepallet01,day
data/pallet/raw_data/outside/capturepallet01/rgb/1778651491486768384.png,71f0263da78a1ab48ceee4602132bae5e02adb36bcc332f4237b01eb0a16388f,capturepallet01,day
data/pallet/raw_data/outside/capturepallet01/rgb/1778651491553864704.png,2a21bcd9d0ae7ed18cf2e1cf66c3dbc2dea4912e6a3fcf6fa4d0e718f25819ef,capturepallet01,day
data/pallet/raw_data/outside/capturepallet01/rgb/1778651491620902912.png,4b9d8045a462491b8cdf217da2da51463bfe7f446e3e55fc8e3fc17cfb6da451,capturepallet01,day
data/pallet/raw_data/outside/capturepallet01/rgb/1778651491654703616.png,db362471a70bd1779a06dbe4db1093c2b01a15d73b7aeca039dee95ebcdd0752,capturepallet01,day
data/pallet/raw_data/outside/capturepallet01/rgb/1778651491721746944.png,ea848c3de48c629a4bbc0e99b1c6d44e19a6b46e656f0ae75e7a00b1872a1652,capturepallet01,day
data/pallet/raw_data/outside/capturepallet10/rgb/1778654224965159680.png,2b01231f15b94c5a489601fbe04e3c8fa24e0b6fd8729e97cc1993bf5b159989,capturepallet10,day
data/pallet/raw_data/outside/capturepallet10/rgb/1778654225032481792.png,5014373ca73b10ebfc8d3b299e7060c210cb6640999bd851836997577095153b,capturepallet10,day
data/pallet/raw_data/outside/capturepallet10/rgb/1778654225099178496.png,63732ebf4c9a4c75a5a326be69f6db18eabbf4056ca173492513085f365cfa11,capturepallet10,day
data/pallet/raw_data/outside/capturepallet10/rgb/1778654225200260608.png,cef23044dd0849d73f8beb576ffd965688c37d6142adfa9bfc2eb43dc5722928,capturepallet10,day
data/pallet/raw_data/outside/capturepallet10/rgb/1778654225334948608.png,c468cc5cab60c06bfb6e7fe3e6b4b600a0cee0f020f09648b0f03edcf34d4fcb,capturepallet10,day
data/pallet/raw_data/outside/capturepallet10/rgb/1778654225502940928.png,af702004226b7361334ebb8278aadf794c43c6e1b7ca21454456f996f142607a,capturepallet10,day
data/pallet/raw_data/outside/capturepallet10/rgb/1778654225671027712.png,8233310ed93adbbcf1d694864ad7f56bf0341561bc270564a3300f1560c9b102,capturepallet10,day
data/pallet/raw_data/outside/capturepallet10/rgb/1778654225839158784.png,b7d571b3f94f8d1e990cf75564c02e490336c73eea7c68b7901ec6062927b6eb,capturepallet10,day
data/pallet/raw_data/outside/capturepallet10/rgb/1778654226006875904.png,dfbcf7b63a78283a7e7af57c1a0621e071f74adad3a0110164524416e57c948c,capturepallet10,day
data/pallet/raw_data/outside/capturepallet10/rgb/1778654226107101952.png,db8453d55a0e25f035d273cd65303439eed9f32cbd3d45b09f59de07906703b8,capturepallet10,day
data/pallet/raw_data/outside/capturepallet10/rgb/1778654226174344448.png,10b352e2c49b5e99ebc64a75eafd68c23fbccb383d5f36abf6c13c01e1e5b668,capturepallet10,day
data/pallet/raw_data/outside/capturepallet10/rgb/1778654226207955712.png,0aaf8495bffc8a5abc02929458cec3f9e40f188c8c12b9dabad419db33df8ab7,capturepallet10,day
data/pallet/raw_data/outside/capturepallet10/rgb/1778654226275115264.png,6d59672ca0ee3ba28b926cd0d960c6148528357586e18851d48efdaf91a59360,capturepallet10,day
data/pallet/raw_data/outside/capturepallet10/rgb/1778654226342397184.png,1e8e7d7f4e1761944f9525b08ecabcf32f4d98a1cecdf11b3f7fcd9690585313,capturepallet10,day
data/pallet/raw_data/outside/capturepallet10/rgb/1778654226409594112.png,0590bbbec11b72e31f87e7061b0e3a92defee7c8362b82d09f404971eb68ec4e,capturepallet10,day
data/pallet/raw_data/outside/capturepallet10/rgb/1778654226476708864.png,d8136c80b94b27bb0296c1d2640140ef9c1d7f4ce9d665cf28e98e3eb45b1699,capturepallet10,day
data/pallet/raw_data/outside/capturepallet10/rgb/1778654226510324224.png,9f934b8aaaae3ff944b708fc36a0096a33484d1703380133fbdeafb30a7566a2,capturepallet10,day
data/pallet/raw_data/outside/capturepallet10/rgb/1778654226645386496.png,31c49652ec8eb33f5abd4e09882a65d474573bf47222680a76be9c92aedd231b,capturepallet10,day
data/pallet/raw_data/outside/capturepallet10/rgb/1778654226779206912.png,6e3e1b6d9836f99a72f9e8b99c5a75ee2918c7bf4fd5f20c887e0303c63d1e1e,capturepallet10,day
data/pallet/raw_data/outside/capturepallet10/rgb/1778654226880439808.png,5acda59548e030cff495cea8a8459939aff0b0f226631266a854fce084f647cf,capturepallet10,day
data/pallet/raw_data/outside/capturepallet10/rgb/1778654226947087104.png,7703bd0a04b44c539aa5bd4a21b0960311ceda280045ac57cf8981787b0223c6,capturepallet10,day
data/pallet/raw_data/outside/capturepallet10/rgb/1778654227014724352.png,4ef23c5bc49f3e1b913d3b6a00769bb985ef278e754c745c7de1a4f2f15345da,capturepallet10,day
data/pallet/raw_data/outside/capturepallet10/rgb/1778654227047886592.png,7540c1cd136808bb7df643e47c48d039fad4f7c27d54dfdca6344617bb73637b,capturepallet10,day
data/pallet/raw_data/outside/capturepallet10/rgb/1778654227115245568.png,9fe90ed141cb53c76c45d00a9634fe83f9fe6f644470ec580112b011dcb7d4a0,capturepallet10,day
data/pallet/raw_data/outside/capturepallet10/rgb/1778654227182516480.png,5544a5630492c67bac22856a7bde4c58bb53f5a16852aea1762cb4e709544ae0,capturepallet10,day
data/pallet/raw_data/outside/capturepallet10/rgb/1778654227249307136.png,e44042f7edaf9224c7bd8becff8264f9c0594ec235f5e6008023eb5ccbc38a4b,capturepallet10,day
data/pallet/raw_data/outside/capturepallet10/rgb/1778654227282946816.png,01be2c4b428b9b84812d5b4fb642feabe13238ed8ddf05f224379253ecbc3b2b,capturepallet10,day
data/pallet/raw_data/outside/capturepallet10/rgb/1778654227350087168.png,e9a9d3c4867c3a61fff5529b93a8b029a31e4caeec642bc9942677d4b3ba1556,capturepallet10,day
data/pallet/raw_data/outside/capturepallet10/rgb/1778654227417418496.png,48b4f28253399a9fa7a35171eb7404a481960f2d7fda86c9b43f12e4123c35f5,capturepallet10,day
data/pallet/raw_data/outside/capturepallet10/rgb/1778654227484558336.png,ad4933b2a16a8e405f17760d0d631a1e0a44f1102d3bccd725ef16332f7b1bea,capturepallet10,day
data/pallet/raw_data/outside/capturepallet10/rgb/1778654227619173120.png,35db8c2a5868a94ce74783afbeb71e930b7a402361ce558488fa9b9f0e9ac824,capturepallet10,day
data/pallet/raw_data/outside/capturepallet10/rgb/1778654227753460992.png,7afc55cf8ca9c01ca1e95ff6cbbaf82195d3c0c85123ef9fbf241a62a0cde381,capturepallet10,day
data/pallet/raw_data/outside/capturepallet10/rgb/1778654227854539264.png,2fafdfa8e644d47a13b0456fedb161d09194577153d3b9971ed05dac3a715f6d,capturepallet10,day
data/pallet/raw_data/outside/capturepallet10/rgb/1778654227921587200.png,156229fb8befe7016216057b624472c3479b29b44a071c6dd50dd3a334c0856a,capturepallet10,day
data/pallet/raw_data/outside/capturepallet10/rgb/1778654227988647168.png,5e005fa463494a6cb6e111741291b7de22863886909341a0f4754ff61184f2d0,capturepallet10,day
data/pallet/raw_data/outside/capturepallet10/rgb/1778654228055900928.png,c26787013885751770a104f21d1935fe817c92b950a96701ad74523fe3699548,capturepallet10,day
data/pallet/raw_data/outside/capturepallet10/rgb/1778654228089362688.png,b5524437f7e550c904cee5bef2a2e191ae56e651c308a7ecdf494b6377a66e75,capturepallet10,day
data/pallet/raw_data/outside/capturepallet10/rgb/1778654228190292480.png,eb219250e00b232263844555b7e7baf2fe40af4e3b769009a9093e2677864fd1,capturepallet10,day
data/pallet/raw_data/outside/capturepallet10/rgb/1778654228325009920.png,eea705ac0b874b9e66bebaeb426d656866b4f1eb37958e12e3483d9788befd70,capturepallet10,day
data/pallet/raw_data/outside/capturepallet10/rgb/1778654228459032576.png,9277e25493225fe7004294116789e55e2ab8efb20d927c138221caa7e732c5fa,capturepallet10,day
data/pallet/raw_data/outside/capturepallet10/rgb/1778654228526265088.png,b76c7963279d619a02d24bd11ade1b8b44c26c07e862de9a2232e7c63cb467f8,capturepallet10,day
data/pallet/raw_data/outside/capturepallet10/rgb/1778654228593393664.png,00dbeba2f50ac8519245a6e5a522ae2fd5142f39fe86cc80f6b523f7c9b2965c,capturepallet10,day
data/pallet/raw_data/outside/capturepallet10/rgb/1778654228660531200.png,8f91cf9fd8554bd339f3e6c7948e80609bc401534f74227288d1b70d5e760d0b,capturepallet10,day
data/pallet/raw_data/outside/capturepallet10/rgb/1778654228694469120.png,86975d6c88d7e0f031a788d26785ff96e0158010796fe2983e88367d5366c016,capturepallet10,day
data/pallet/raw_data/outside/capturepallet10/rgb/1778654228761379840.png,976e678c052cdc49e3b0ec1e4e621f79214a203ed8afd718dd543ee58a13cc90,capturepallet10,day
data/pallet/raw_data/outside/capturepallet10/rgb/1778654228862233088.png,a2569bf5645a49c30684d481761330d79c77317d7361d6510cfb392d6055d855,capturepallet10,day
data/pallet/raw_data/outside/capturepallet10/rgb/1778654228963407616.png,b4605adf08736c30f54d05f18c63d9a80d7534063cc5ad6dc3b94a8495dcfaf5,capturepallet10,day
data/pallet/raw_data/outside/capturepallet10/rgb/1778654229097678592.png,d1e4830a76a4b16ed6356b902ca24da84ff3575e6a2779ac79ca00b92a2ef123,capturepallet10,day
data/pallet/raw_data/outside/capturepallet10/rgb/1778654229198245120.png,20bc4a303d0d434da372cbdb6e2130f93969fc6174bf0bc61d43d81c360ea723,capturepallet10,day
data/pallet/raw_data/outside/capturepallet10/rgb/1778654229265481728.png,92ceb92035d20f801a76cb6a757b7c75f8ef2307c922a4af780cadffaeb2dfad,capturepallet10,day
data/pallet/raw_data/outside/capturepallet10/rgb/1778654229298910720.png,38acf85b383e0d55d44615ce018b6dab2adb644447338c3751f923811b5eb874,capturepallet10,day
data/pallet/raw_data/outside/capturepallet10/rgb/1778654229366105600.png,601edf821c933881057ca6026f40576b842df2742c3fe93946399226db30e864,capturepallet10,day
data/pallet/raw_data/outside/capturepallet10/rgb/1778654229399635200.png,09650a9c75a5ef532ca24a941391fda57f1f54222ffc013ed98957769e3b5dd1,capturepallet10,day
data/pallet/raw_data/outside/capturepallet10/rgb/1778654229466870016.png,ea27c58ed27acd9db7a7791821d87546c3e4b38472b95eb6a4de7166293d2ea3,capturepallet10,day
data/pallet/raw_data/outside/capturepallet10/rgb/1778654229534095616.png,5e887cc01e73421668387534125a9ec103ac6eae1a92cdc385e0b9541d3e1145,capturepallet10,day
data/pallet/raw_data/outside/capturepallet10/rgb/1778654229567608832.png,40a3c946584882eb864ca6836674407a9982f096e1765a0c792b6beb8db5d742,capturepallet10,day
data/pallet/raw_data/outside/capturepallet10/rgb/1778654229634981632.png,c54929e3dbab7088a590f585054d20e4323effd11fcdd86464ce0c57658be4b0,capturepallet10,day
data/pallet/raw_data/outside/capturepallet10/rgb/1778654229702457600.png,92624fbadac63d72b7e825b9fa80ebccad7a4a325e29ad17cb5d86cf9debf6d8,capturepallet10,day
data/pallet/raw_data/outside/capturepallet10/rgb/1778654229836749312.png,16c5afc83ce03d04081b9a66626ccb83dc48387e1ed68b837b8b32bbeedaecca,capturepallet10,day
data/pallet/raw_data/outside/capturepallet10/rgb/1778654229971158016.png,a5216212d6fca3b7a0f34d94021eb0f10396a0f0ab37b8e2a8f3859a4b92ef0e,capturepallet10,day
data/pallet/raw_data/outside/capturepallet10/rgb/1778654230105337856.png,2e47ebe79b69abbd3c690723e1b65390bb9b567ca2ac1327dead6612c41cec6f,capturepallet10,day
data/pallet/raw_data/outside/capturepallet10/rgb/1778654230172354816.png,9a0e9b8221c1a3e4563b79e3ec6d954cd5dd0a529a3ac92571a965f907e6b2c7,capturepallet10,day
data/pallet/raw_data/outside/capturepallet10/rgb/1778654230206120704.png,63e4eebbf76131dd5ad58268f931bb3f6c105b5bb2ed18bfa528c2d197768455,capturepallet10,day
data/pallet/raw_data/outside/capturepallet10/rgb/1778654230273189120.png,71c1ffd9655deaab1739ebaee7aed6e63609d1446d08b14a8f484ce5b35b20c8,capturepallet10,day
data/pallet/raw_data/outside/capturepallet10/rgb/1778654230340392704.png,3e4b43d5166e67d4602cd586d25f33a246f6f5912cd61432ed00538e64f6af93,capturepallet10,day
data/pallet/raw_data/outside/capturepallet10/rgb/1778654230407604480.png,977f481c66bfe494ffeaee75782a4235830f68884185eed2204590925be69870,capturepallet10,day
data/pallet/raw_data/outside/capturepallet10/rgb/1778654230441147648.png,135096e1fff7396de87ae06063048a1ca2a33858f9365296b61024798ed70956,capturepallet10,day
data/pallet/raw_data/outside/capturepallet10/rgb/1778654230542051328.png,e1d79b177232f0ce905421e104ad909fcedea49b20d64fac93999f6ff8b5b729,capturepallet10,day
data/pallet/raw_data/outside/capturepallet10/rgb/1778654230676632576.png,ade0afa82436109b665001e704f8434ec3e1273b9d7d7f674508911244bd8567,capturepallet10,day
data/pallet/raw_data/outside/capturepallet10/rgb/1778654230811011840.png,ec62a20f72c577d5e28e0683506557390c34f300285d94e0dc4fc57d2939975f,capturepallet10,day
data/pallet/raw_data/outside/capturepallet10/rgb/1778654230911571968.png,fd12a113dd626013146321a80eb7e3dd298a48fbacf1977192c1cccb9a7782ee,capturepallet10,day
data/pallet/raw_data/outside/capturepallet10/rgb/1778654231012527104.png,bad08b8b3814c3dc301fec96b982378ba83633f50537631fcfb064acd44bfa2b,capturepallet10,day
data/pallet/raw_data/outside/capturepallet10/rgb/1778654231046062848.png,013f0c817c1070fdcb415b18c0d8c1d1dd26d959d851f335db0d98eaaed209ad,capturepallet10,day
data/pallet/raw_data/outside/capturepallet10/rgb/1778654231113123584.png,fdad29d92a7b18c532a68bd517e895b42b1f589524ea06552f47b334e536212f,capturepallet10,day
data/pallet/raw_data/outside/capturepallet10/rgb/1778654231180371200.png,542652ffa4dec90f9c9131750ac2b1849b6d74443e4132d6b22af1c46ccb3c06,capturepallet10,day
data/pallet/raw_data/outside/capturepallet10/rgb/1778654231247439616.png,dd861bedce9141f3b27bc91072b520e4f6f8c52013b6aee10b53c8e8690ca2d3,capturepallet10,day
data/pallet/raw_data/outside/capturepallet10/rgb/1778654231348778752.png,acd1169058a4f1abed48ea332228ff450f048f7b6c58ba96fc4f0770f4dcecf8,capturepallet10,day
data/pallet/raw_data/outside/capturepallet10/rgb/1778654231482736128.png,fed562d55285cb033caebe4b9b88ddb7bfffcd446e85ddb4bc6fc8870b03159e,capturepallet10,day
data/pallet/raw_data/outside/capturepallet10/rgb/1778654231516491776.png,dcd6703457bed462fceea1a1dc8e973277e1cb6cb5346e3c743129377e855ded,capturepallet10,day
data/pallet/raw_data/outside/capturepallet10/rgb/1778654231583386624.png,0de7c50ec3eb678403670cc233183bf8268f3b802630b3d79015fb3452a312ac,capturepallet10,day
data/pallet/raw_data/outside/capturepallet10/rgb/1778654231650632448.png,8a50b6e7bc1fb0aeb04c44222b32ba226bded8abb063ef0369d8eac65015ffe4,capturepallet10,day
data/pallet/raw_data/outside/capturepallet10/rgb/1778654231717884160.png,c5b069c253db69ebc50df18b1a54150fc1beae95c262ae5ecf576632b2ca0922,capturepallet10,day
data/pallet/raw_data/outside/capturepallet10/rgb/1778654231785018112.png,ede755b6eefb0662503772f4370684958d28e471c1d930f44b250cf2b788375e,capturepallet10,day
data/pallet/raw_data/outside/capturepallet10/rgb/1778654231818488832.png,ed1f4efa6e7c2094898ce8fe62e91c1475edbd3c9707a6ea1e5234b5c2daacb3,capturepallet10,day
data/pallet/raw_data/outside/capturepallet10/rgb/1778654231885628416.png,c5205a144bba8c72576b75f6254d9eafb84088b4a6ee1b8d1f7f114167305528,capturepallet10,day
data/pallet/raw_data/outside/capturepallet10/rgb/1778654232020327168.png,8644e71ce97b07341fd050a6ea216ef37fdb023e75ef68e70fd09d7587caa444,capturepallet10,day
data/pallet/raw_data/outside/capturepallet10/rgb/1778654232120982528.png,2393207fff333a7a0ebd3033ecec4831313b25fb5afddac15e035d465626c775,capturepallet10,day
data/pallet/raw_data/outside/capturepallet10/rgb/1778654232154441984.png,13ae41cbf5fb2750d5d4cd158e0ec43241dc3bd7f87c836a93ad983836459b5c,capturepallet10,day
data/pallet/raw_data/outside/capturepallet10/rgb/1778654232221765376.png,60f98f62c967ffd2ff9b7fcd22fb635dfa4e12e797a0806e46fc0ac8807216b5,capturepallet10,day
data/pallet/raw_data/outside/capturepallet10/rgb/1778654232288881152.png,1bafd5f0d8d5edd5105c2ebef66e7abb4bcf34ddabb82a823bef761f38b1fe42,capturepallet10,day
data/pallet/raw_data/outside/capturepallet10/rgb/1778654232356115200.png,7f155e09e2cd21eb0722f0efeec316cf1cae2565eecf52db9daaf1aa81281fb9,capturepallet10,day
data/pallet/raw_data/outside/capturepallet10/rgb/1778654232423352320.png,194f2c9b41483b100c3838f0c06ca77ebfc21eae16dd653a34c990dba1e03f94,capturepallet10,day
data/pallet/raw_data/outside/capturepallet10/rgb/1778654232490574592.png,72aa256187f484ff1fc06ff1f038bccf782984afb2998c376dd4339dd3ce9ff8,capturepallet10,day
data/pallet/raw_data/outside/capturepallet10/rgb/1778654232558036992.png,cddf6271bb8c831a017313546de389a846d136aa2baa534c6e15cb10d1f75126,capturepallet10,day
data/pallet/raw_data/outside/capturepallet10/rgb/1778654232591292160.png,036f441c44c940f91622027422962b8487e62ed3d2b40e118d47c778bb76abf8,capturepallet10,day
data/pallet/raw_data/outside/capturepallet10/rgb/1778654232658589440.png,5ddeaff3419d7e599708815d33e207703fc498af3dec67d20a526be91b98ab6c,capturepallet10,day
data/pallet/raw_data/outside/capturepallet10/rgb/1778654232759480064.png,39ef0fb8b884c66208b256c06ea24058b17501ce883037fef45f74a7881980ba,capturepallet10,day
data/pallet/raw_data/outside/capturepallet10/rgb/1778654232893975552.png,57576289aee38e3372d76f7bd3e9928376655531d8b38844bed5aebee540a1eb,capturepallet10,day
data/pallet/raw_data/outside/capturepallet10/rgb/1778654232994669824.png,a9ec1c4dd78f137f87dec42a0a62c2f947dcf4f5ab1f00ef18a70939d725f551,capturepallet10,day
data/pallet/raw_data/outside/capturepallet10/rgb/1778654233061880320.png,663eebdec908b36ba0e72170cb8239b73547e6715789ca0ae9241be0525b160b,capturepallet10,day
data/pallet/raw_data/outside/capturepallet10/rgb/1778654233128922880.png,22fad09ae6c8d453e4161e4b994d21440b9c60da509014f61dea7defcb4f3be0,capturepallet10,day
data/pallet/raw_data/outside/capturepallet10/rgb/1778654233196204032.png,51b9bfac38cccece91c63f3e474e334fe3de238567622b62630ad682798e96f5,capturepallet10,day
data/pallet/raw_data/outside/capturepallet10/rgb/1778654233263299328.png,f4cab6d97c3e5c6f771927e9d5404ac2219c2a41b1f4a4b3ef892e4fa05e207b,capturepallet10,day
data/pallet/raw_data/outside/capturepallet10/rgb/1778654233330537728.png,0aa91788b2c4843318c319f82c40d13d54fd560c170ba488a1e92a0e6830ba50,capturepallet10,day
data/pallet/raw_data/outside/capturepallet10/rgb/1778654233397724416.png,343d66ffe4fcc44b87d913a07ea3449c70a9aa6b35f211ebb03e68c01def141a,capturepallet10,day
data/pallet/raw_data/outside/capturepallet10/rgb/1778654233465050880.png,8bb66da5bb6929cc09907cef8af1373b511b687c3b903f524e3f8e7bd14053dc,capturepallet10,day
data/pallet/raw_data/outside/capturepallet10/rgb/1778654233532171776.png,8fea7d29b238cc2a9af917de69e422a859ac2386399ba0108b421e0f6a2433ad,capturepallet10,day
data/pallet/raw_data/outside/capturepallet10/rgb/1778654233599521792.png,c75acb9c473c9904dc69bffba3020bf988224c7cba95ae76f6a9bf2703c1fb17,capturepallet10,day
data/pallet/raw_data/outside/capturepallet10/rgb/1778654233633334784.png,bf1e11dfedda6ead35a683460986df4d54065854267fbe7a0b54c44bb78c7443,capturepallet10,day
data/pallet/raw_data/outside/capturepallet10/rgb/1778654233700340224.png,6c073104e527990e9c9eaab59757533569833a76a9974a139c9cae09ca754391,capturepallet10,day
data/pallet/raw_data/outside/capturepallet10/rgb/1778654233767341312.png,03a72ee204ca569df38c30b8ff1e07c231cfc5dfc64343cf504605b7fb073e69,capturepallet10,day
data/pallet/raw_data/outside/capturepallet10/rgb/1778654233834444800.png,4376df1a8b810d2afb507a806445a706499d51c0084b574b34d57867d0a28dab,capturepallet10,day
data/pallet/raw_data/outside/capturepallet10/rgb/1778654233868270080.png,b4b9e3f12a1d69e378cce5971bba2d9b567b905caef33af382bd3955d9ffb868,capturepallet10,day
data/pallet/raw_data/outside/capturepallet10/rgb/1778654233935367168.png,79b9d69ca05b10e1c624b46a902eecd07e64e7b96dc351cb479dac2ccc1fea34,capturepallet10,day
data/pallet/raw_data/outside/capturepallet10/rgb/1778654234002472448.png,13143cab0921cd6e2f8633f469ab9cfa07170f1033fb81c5c5bd9be96f855133,capturepallet10,day
data/pallet/raw_data/outside/capturepallet10/rgb/1778654234069582592.png,cf56bb1ce1667b0766cd4b2f622987d3113a921792b19c90a199d2ea2e463f40,capturepallet10,day
data/pallet/raw_data/outside/capturepallet10/rgb/1778654234136771840.png,e34102480e48d52050a26b225f60732c5e7c7302557a8833cc31248cbc245b9d,capturepallet10,day
data/pallet/raw_data/outside/capturepallet10/rgb/1778654234203892992.png,d341063309ccd321276896a6d5291fe8e155460c6ee28fc0ea4f5f72ae7a233f,capturepallet10,day
data/pallet/raw_data/outside/capturepallet10/rgb/1778654234271365376.png,614cedccdc7243d225d53519231a2d59126a856457a346b4f0a5e4525cceba00,capturepallet10,day
data/pallet/raw_data/outside/capturepallet10/rgb/1778654234372063232.png,936bafad046cdec034269e219f7e6e7e2a4bec5613ddfeeb875ad8a9c7a3f02a,capturepallet10,day
data/pallet/raw_data/outside/capturepallet10/rgb/1778654234506740480.png,3b5f744ef2c79b02a4f75983554ca2fe89c3f14fc780a3598d7d344a3fcd85a2,capturepallet10,day
data/pallet/raw_data/outside/capturepallet10/rgb/1778654234573687296.png,0dffc8688db801a01829ceb260b81c0683751a059eb286933dc4ef6081a52a42,capturepallet10,day
data/pallet/raw_data/outside/capturepallet10/rgb/1778654234640745728.png,f0730ffc144d6607f5cc76ee69471ebea94861013747c63921f58724739a2a5f,capturepallet10,day
data/pallet/raw_data/outside/capturepallet10/rgb/1778654234708000512.png,6974853430161a5bb122902cc925f37f6073d510b0f3e3172a213d8cb4c70038,capturepallet10,day
data/pallet/raw_data/outside/capturepallet10/rgb/1778654234775296512.png,8f063377dd7254e43eb5e2acfaf190c1fa8d599fabb595cdd8112c9f43bc2408,capturepallet10,day
data/pallet/raw_data/outside/capturepallet10/rgb/1778654234842684928.png,c3ed7e532ceb66ca6b3a40a9d357dae115e494cdd07452da98fca2244ee08a21,capturepallet10,day
data/pallet/raw_data/outside/capturepallet10/rgb/1778654234909449728.png,a7e5fc662d78d04d54f94d2bd21bd9feca3353af54e545f6777dbf7381c23b1f,capturepallet10,day
data/pallet/raw_data/outside/capturepallet10/rgb/1778654234943271680.png,858d5dd4c70024bbab571c04d2e807a2159f8cadf6df1b8d6b49b030fba3c0b9,capturepallet10,day
data/pallet/raw_data/outside/capturepallet10/rgb/1778654235010436864.png,cc617a58bcd44e77d65b14e50f2a2b30e7dd3e898a67445f261947c2440b6a55,capturepallet10,day
data/pallet/raw_data/outside/capturepallet10/rgb/1778654235077511424.png,9d487f7425353780809116213ff00d5ca26d82d5548efb0a0e6febba0bdd00de,capturepallet10,day
data/pallet/raw_data/outside/capturepallet10/rgb/1778654235144765696.png,b0bf5bc0a5c106a0b57c1b722b6f16f23f4646fb4edabb8f0c94e793e92d5742,capturepallet10,day
data/pallet/raw_data/outside/capturepallet10/rgb/1778654235211946752.png,5e3654a0535f59b41ec16dea9c8613e295f64b7765a488c1e62b3ba123584ee3,capturepallet10,day
data/pallet/raw_data/outside/capturepallet10/rgb/1778654235313018880.png,d0bd864ccdfa0f67e69778ca22c82eb8a365cf8ed8636384df44c97cc7de54fb,capturepallet10,day
data/pallet/raw_data/outside/capturepallet10/rgb/1778654235413615360.png,a1c68226e72a678323e738cb13318e89e98c5544b3827008846471efa4f771e9,capturepallet10,day
data/pallet/raw_data/outside/capturepallet10/rgb/1778654235447116288.png,b1271612fb9bba087300239a7012a0386c5dca5617dd940f25edfc66e1faa401,capturepallet10,day
data/pallet/raw_data/outside/capturepallet10/rgb/1778654235514355712.png,520d1189ee16b445d2276077acc2e7d1380e8f22ec0b5380924c3d0b301fd51d,capturepallet10,day
data/pallet/raw_data/outside/capturepallet10/rgb/1778654235581498368.png,c8d8835a9399a9227fb615dc60efcd1e42b8a1b932730c84bdbce36f9261a46e,capturepallet10,day
data/pallet/raw_data/outside/capturepallet10/rgb/1778654235648700928.png,59e86f151f5fdfefca95b4fccba285d532cf55f623fabeaa6b90487a878da4f7,capturepallet10,day
data/pallet/raw_data/outside/capturepallet10/rgb/1778654235682423552.png,7d347ef4260c87cf030c00da08c46e3a2c7a7f2fef28303df02bf7629ba6181c,capturepallet10,day
data/pallet/raw_data/outside/capturepallet10/rgb/1778654235749530624.png,6b4478d4b8c45bfa49ef124d7c425dc5a906bf5ac8250c7b9851e5ddb91c5ae5,capturepallet10,day
data/pallet/raw_data/outside/capturepallet10/rgb/1778654235817433088.png,bb20d12fd338348cbea2ea5f2385aa5ac96bfc8a362b5fefdf801814d09cd5ef,capturepallet10,day
data/pallet/raw_data/outside/capturepallet10/rgb/1778654235884479488.png,24f723efbd6d4b8ea54a758e0f74bc4f1c8d5caa7c566ad69547875fae03387c,capturepallet10,day
data/pallet/raw_data/outside/capturepallet10/rgb/1778654235950895616.png,95d8fe6742fe1e5186c20cbea4ef680c6483ab9884cd384eca5ad7e6f439c245,capturepallet10,day
data/pallet/raw_data/outside/capturepallet10/rgb/1778654236018110208.png,de63583e7f7e24148804e2e25974fd847cadac59debf827eb1e1241d6b8c7e35,capturepallet10,day
data/pallet/raw_data/outside/capturepallet10/rgb/1778654236051716096.png,a0f3d7dc896f8f0d624ff0748af5c162e42b41e216fb894a0c0d414058ef6e35,capturepallet10,day
data/pallet/raw_data/outside/capturepallet10/rgb/1778654236118842112.png,72ae0147668f1308faa7b43a972c0a6a758323df2fe103082b4162fc2a81579c,capturepallet10,day
data/pallet/raw_data/outside/capturepallet10/rgb/1778654236186130944.png,a9318fe1f655bcef25f0e74e9c85d7646e64c7ffa58c78ec8114cc208322fe7f,capturepallet10,day
data/pallet/raw_data/outside/capturepallet10/rgb/1778654236253267456.png,2b6aa595b48340d3794a156611deff4016e72996833b4f5de95de3f28a4a9726,capturepallet10,day
data/pallet/raw_data/outside/capturepallet10/rgb/1778654236320529920.png,2638a8066646715c9cf23ebe5ee20bfc4d4eceb61d4df2c33006340a887e7719,capturepallet10,day
data/pallet/raw_data/outside/capturepallet10/rgb/1778654236354160896.png,d2de53cc261daeee90d08cdf3661bd1131a1b5a01fbfdf37a88e37debc47a6d0,capturepallet10,day
data/pallet/raw_data/outside/capturepallet10/rgb/1778654236421285888.png,53e99f72ecf8a292f78a2759a01bed4a6a3dcebb69b9a529efbf22097ecc4f59,capturepallet10,day
data/pallet/raw_data/outside/capturepallet10/rgb/1778654236488494592.png,5acbc2f1736616a14a47f4f020435da30bd45711530ab5b6d944ab7b6bc576cb,capturepallet10,day
data/pallet/raw_data/outside/capturepallet10/rgb/1778654236555765760.png,cbdbea71d998ca73ffd5766d6beb19360de0a515e5e48b9ff8ed77b26d1a7036,capturepallet10,day
data/pallet/raw_data/outside/capturepallet10/rgb/1778654236723945984.png,60553f57568c3640a07bccf689ba252bb1aee60dca94a34067d832724014b67a,capturepallet10,day
data/pallet/raw_data/outside/capturepallet10/rgb/1778654236790869248.png,633bbb5628a6b2373f2102c365a2509c1e28b65d02202fa46b1a799ea5620a7d,capturepallet10,day
data/pallet/raw_data/outside/capturepallet10/rgb/1778654236858201856.png,1030ead150d06068555e928d2af3144477fa0bbbc816ce98bef464a9d74fc91c,capturepallet10,day
data/pallet/raw_data/outside/capturepallet10/rgb/1778654236925319680.png,8e96ce41e6c7d8dea444dd591aa89ce202fbffcb429d5778e99261dfa771d58f,capturepallet10,day
data/pallet/raw_data/outside/capturepallet10/rgb/1778654236959052032.png,e63a879a3eee4e5301e18dedfcf7e9686037e1169b73f65d3db31ca3ff907c25,capturepallet10,day
data/pallet/raw_data/outside/capturepallet10/rgb/1778654237026212864.png,a5c54cb8fe6935945cd4fc99da3b6039be144c3663cba06ad61918119ee95661,capturepallet10,day
data/pallet/raw_data/outside/capturepallet10/rgb/1778654237093365504.png,692f8894b9cf8a5d5023e830a67b64cc1cf94be8224897e480fa34822f7bdfce,capturepallet10,day
data/pallet/raw_data/outside/capturepallet10/rgb/1778654237160722944.png,e5e1595aa9a350f9930cd6dabfd03c0f6265f67975394347c0571cd1643835aa,capturepallet10,day
data/pallet/raw_data/outside/capturepallet10/rgb/1778654237227832320.png,a58b9a8393dfecbcad1fb6d3e57015a88bd461b61e6d047017ed1443dbf03bcc,capturepallet10,day
data/pallet/raw_data/outside/capturepallet10/rgb/1778654237294984704.png,bb93f187b7df749b0fb268ae085ce9178b9b7c4fb51ad899c4821e1695de344c,capturepallet10,day
data/pallet/raw_data/outside/capturepallet10/rgb/1778654237362134016.png,8ac545251ea9c7f28e52a49d29cbc708a0db4af01fceaf1e9b2a63d06a91efe9,capturepallet10,day
data/pallet/raw_data/outside/capturepallet10/rgb/1778654237429277696.png,457d0aa390b32d8afcee783df37733e8d16104504d5a38807a7aa95b4d3c6c67,capturepallet10,day
data/pallet/raw_data/outside/capturepallet10/rgb/1778654237463000320.png,3072872c22522415290558365cf01db74ad0a2e330f4b0ccbe1b0279569a6522,capturepallet10,day
data/pallet/raw_data/outside/capturepallet10/rgb/1778654237530071296.png,9f2e78ce943896cecfa12574375bc56644cd99720d32b67170321ce93de2360b,capturepallet10,day
data/pallet/raw_data/outside/capturepallet10/rgb/1778654237597308928.png,0770deaf505dc0bcdc94e73de893648e8d12f90e62aebcdc515f8d6edd03d1ff,capturepallet10,day
data/pallet/raw_data/outside/capturepallet10/rgb/1778654237664632064.png,a5446c20e8c66a7cafd08a9d216580b5869ee172fb9f713d6b4e1acf0d346a77,capturepallet10,day
data/pallet/raw_data/outside/capturepallet10/rgb/1778654237731837952.png,d50c70f8f5f3b29fb17fbc08e479ba1a8fb2003daba26f36cbb6b863799e6bda,capturepallet10,day
data/pallet/raw_data/outside/capturepallet10/rgb/1778654237798853632.png,8dbef4a364e18928d980c15df9cf80881be7426c24e3896212280726e364f504,capturepallet10,day
data/pallet/raw_data/outside/capturepallet10/rgb/1778654237866263808.png,12752506378792babdc81e42d625f1a292dcd41bf64114ba257d54c526d6a6ae,capturepallet10,day
data/pallet/raw_data/outside/capturepallet10/rgb/1778654237933215488.png,3a7f561b2b05231cb4f7c09fcbdfcb0a62ec2e5b7460dd8a0dd25789361e9dca,capturepallet10,day
data/pallet/raw_data/outside/capturepallet10/rgb/1778654238000631040.png,7e525b93b1a3381e75a5fa68008e356f12a9a9057c1f8f1bbb2ce7926d0dfc19,capturepallet10,day
data/pallet/raw_data/outside/capturepallet10/rgb/1778654238067636224.png,7e3c79d5a5d696b32d5dcb5548bdbede84e03409bfac80e7032c39425b087ead,capturepallet10,day
data/pallet/raw_data/outside/capturepallet10/rgb/1778654238135072512.png,749e60ee857863b93fa809cb9229d5932332ed80ee6a7ed41c5e6d4409862bb0,capturepallet10,day
data/pallet/raw_data/outside/capturepallet10/rgb/1778654238168502016.png,3579189516ad77d460f542953dfce7a41d6fdbfb37cc97f9e50a41b3a7c3574c,capturepallet10,day
data/pallet/raw_data/outside/capturepallet10/rgb/1778654238235642112.png,11bb14fe99362977d5eb0d80d4800bb3a0264563ebddfa1f3285616e6b9fe45e,capturepallet10,day
data/pallet/raw_data/outside/capturepallet10/rgb/1778654238302879232.png,531077e2768dbec78ba959bcfa06b802d4da809d1c74dd1827c4f38c9829561c,capturepallet10,day
data/pallet/raw_data/outside/capturepallet10/rgb/1778654238370153216.png,2d545769c75bb5dc48df4fc707caff9808c025a1e1c24f907b16b4c1e361d00b,capturepallet10,day
data/pallet/raw_data/outside/capturepallet10/rgb/1778654238437124608.png,8b91acf505aae3aeffaeeaa13f63fc9f14d960e964e5f43f8c57e994fd15fa83,capturepallet10,day
data/pallet/raw_data/outside/capturepallet10/rgb/1778654238504435456.png,9697ac7f260b1f97f8db458b6791cd560d73a850e11054873916d6cbea1ec028,capturepallet10,day
data/pallet/raw_data/outside/capturepallet10/rgb/1778654238571725312.png,1f680f9282002bfd2bb2b61f1acd7995434337f4e13423d89ea81e28600308cd,capturepallet10,day
data/pallet/raw_data/outside/capturepallet10/rgb/1778654238638822912.png,cca78f6c1c27059e973e865e893ac57afc8cbf8306ecb90054081f8d520c681a,capturepallet10,day
data/pallet/raw_data/outside/capturepallet10/rgb/1778654238706001408.png,9b143b5257c7d384a4a1b606d5f9e3ea43a34a4afca6ebe0a2e1bcbfc1bf1019,capturepallet10,day
data/pallet/raw_data/outside/capturepallet10/rgb/1778654238841144064.png,e39c9a1c80f84b8eafd28abf33815cbd5d683bf7c87ffd478c62fa02fa0ac71a,capturepallet10,day
data/pallet/raw_data/outside/capturepallet10/rgb/1778654238975139840.png,3ecceb1f7066a7f5b81fc08ee0c6c7d1312d8c758620b59a7f0c6266b09998f7,capturepallet10,day
data/pallet/raw_data/outside/capturepallet10/rgb/1778654239041894144.png,aba0c8399be0fb76848d4c156b15a8668a0bcb7fb48133998e6f680abf9086a5,capturepallet10,day
data/pallet/raw_data/outside/capturepallet10/rgb/1778654239109137920.png,8000cf2e4c915ef7fee47e006b484d2218165afaa769cf62ef64cf452e6a5f5c,capturepallet10,day
data/pallet/raw_data/outside/capturepallet10/rgb/1778654239176354048.png,1418d73e1c55e24eed52cd37b5fed4b93b8e089c3f7a56c4cff6cdc74f28ab27,capturepallet10,day
data/pallet/raw_data/outside/capturepallet10/rgb/1778654239243791872.png,5b4fbd5722360a28091e4b9f0739f28e8cdd568530a053ecb8aa28494be19ebf,capturepallet10,day
data/pallet/raw_data/outside/capturepallet10/rgb/1778654239310896640.png,e126a924a2a5de5f30c7a3aefdaa2f9d72763b92fe5b9e456b1ca19c1602b6cc,capturepallet10,day
data/pallet/raw_data/outside/capturepallet10/rgb/1778654239377981184.png,f0f5b6308add3f89a42be5b76bb6d0cb5bc9eb7d2c7bac8a98fd6b14ebe74a18,capturepallet10,day
data/pallet/raw_data/outside/capturepallet10/rgb/1778654239445277184.png,528dc6ac1349d10154342206926e70a31b1e9946a22e2c7891f44d6a50ffd799,capturepallet10,day
data/pallet/raw_data/outside/capturepallet10/rgb/1778654239512621056.png,f2cde00e4168d9d64c49c9972caae585cd517b659fe4eed8f33f9d7af5fc21f0,capturepallet10,day
data/pallet/raw_data/outside/capturepallet10/rgb/1778654239579613184.png,2cb6a120090e9c114a85bd5e32ac218e0f5d461c5ab36494b235bd4dea4ca279,capturepallet10,day
data/pallet/raw_data/outside/capturepallet10/rgb/1778654239680442624.png,55842cf6f32fe6afcfa216c6fdbf947c86b76b382763bff7cb8f735e7abd3f2c,capturepallet10,day
data/pallet/raw_data/outside/capturepallet10/rgb/1778654239747464448.png,aaf2b8d75b726c76e203798ff1ca62fa008ceefb30ce4bb739d0ec8923051336,capturepallet10,day
data/pallet/raw_data/outside/capturepallet10/rgb/1778654239781078784.png,e77fa2be71760ff4e2138884cb51e983b682c4278bb3172b4880ece0987f872a,capturepallet10,day
data/pallet/raw_data/outside/capturepallet10/rgb/1778654239848250368.png,59fcda7046a39b7ca81c8394e907d5d0ac87c44f6fadc3f7e4fa7bac3cf57383,capturepallet10,day
data/pallet/raw_data/outside/capturepallet10/rgb/1778654239915523584.png,5658ea116ecb7cc4e5364cc6e09e615e96ff9afe763494d209861f827cdc6baf,capturepallet10,day
data/pallet/raw_data/outside/capturepallet10/rgb/1778654239982754816.png,017ed590cb3012286fd4c71e7641b265d89df1b42f313932db88a365163f4a00,capturepallet10,day
data/pallet/raw_data/outside/capturepallet10/rgb/1778654240049836288.png,84913c7f564da201a987c6e0b82587f4598f258d481d06247b4835268e78b451,capturepallet10,day
data/pallet/raw_data/outside/capturepallet10/rgb/1778654240117030912.png,2a6fbebd0d4ccbca4ff23cc6fb8bbd17ff0b2db612bba64ddb3b807f05732224,capturepallet10,day
data/pallet/raw_data/outside/capturepallet10/rgb/1778654240184856064.png,8e034eb263abcd18189fb88e68aabdc1833b618a008a8d936cb3bacab12a9bd0,capturepallet10,day
data/pallet/raw_data/outside/capturepallet10/rgb/1778654240352480000.png,6097c9f63c8b0005250c8ad185fbf360833bd5755c8f27033d40300f32b522ba,capturepallet10,day
data/pallet/raw_data/outside/capturepallet10/rgb/1778654240486566912.png,e19506888498683d883c211763d96cb1ffa304be86ef312eb3efe97311c5099a,capturepallet10,day
data/pallet/raw_data/outside/capturepallet10/rgb/1778654240553674240.png,0762dfe762d67f031beb3cdb7866834b049765d3a6b7f91cab976043e22c05ed,capturepallet10,day
data/pallet/raw_data/outside/capturepallet10/rgb/1778654240621256960.png,fd0a450daa659e8c53115eabb1f23aa5ca673a7f4546c18dcc2bc166d82b421d,capturepallet10,day
data/pallet/raw_data/outside/capturepallet10/rgb/1778654240688111104.png,0c547389feaa0dae87b37c089676a1b1933a1797b8c8723f499468a00946213a,capturepallet10,day
data/pallet/raw_data/outside/capturepallet10/rgb/1778654240755332864.png,7ff4770a41ca7fda23b9e41d2a01f0c9815dfedb2a68a904b1bd1aebe6541544,capturepallet10,day
data/pallet/raw_data/outside/capturepallet10/rgb/1778654240788867072.png,02bea9b50fa45e654fc3ea8e4c0b855d33c5271799cad42b4eab8775fc3d291b,capturepallet10,day
data/pallet/raw_data/outside/capturepallet10/rgb/1778654240856097536.png,2377e57a003c883d7d5f9f08ce8fadadf9dbe3088a19cae3fecb50b52725f60f,capturepallet10,day
data/pallet/raw_data/outside/capturepallet10/rgb/1778654240923226368.png,7acaea7aa6533c1fb4aa2874173e865f9c8bc38e29f3945a25dd5674884c7814,capturepallet10,day
data/pallet/raw_data/outside/capturepallet10/rgb/1778654240990607616.png,cfe232d1204c0a46eaff744aee52a04430abf4d4cbf460ce6a178cfac6b08e01,capturepallet10,day
data/pallet/raw_data/outside/capturepallet10/rgb/1778654241124966400.png,70abf8f907789c87b30f904dd594add0dc4e8c205a31aaeebabbb508824deb71,capturepallet10,day
data/pallet/raw_data/outside/capturepallet10/rgb/1778654241225999616.png,542620bddde15ffc08808de89eef7e8d35dcc0ea08daf0c565e6c5f1b99cce56,capturepallet10,day
data/pallet/raw_data/outside/capturepallet10/rgb/1778654241292994816.png,fb077a6f7e32f7a77d102816ec34387d36e6b867048efbac9e23fa2bf5cbc64e,capturepallet10,day
data/pallet/raw_data/outside/capturepallet10/rgb/1778654241360071168.png,e2f58ab802adb1a4c320717bd47c9e4eb40d17cb84c8f6dc56ab49592ddafb15,capturepallet10,day
data/pallet/raw_data/outside/capturepallet10/rgb/1778654241393794560.png,942da925a497379920c3bc6d68242e08e8f68da62b056f0efc06cbc88f932356,capturepallet10,day
data/pallet/raw_data/outside/capturepallet10/rgb/1778654241460877312.png,2ffe8a16fb992c37fab788524d49c5b9f758401057e62149e2138388e667fd59,capturepallet10,day
data/pallet/raw_data/outside/capturepallet10/rgb/1778654241528065792.png,e6e326bc1201cdeafb46dc9ad151aca22d1a7e9a7b06e1e3c7f76d25e54f1d00,capturepallet10,day
data/pallet/raw_data/outside/capturepallet10/rgb/1778654241595346688.png,830ef36788ef5aa20d4c5e1074e74b2e12a1f6040b471bd59639095c12fbf934,capturepallet10,day
data/pallet/raw_data/outside/capturepallet10/rgb/1778654241662562816.png,6db4d207e95be0d3d409f12e0a0d005bba104ff099c82cad6e0c7d5a8b4c5a60,capturepallet10,day
data/pallet/raw_data/outside/capturepallet10/rgb/1778654241763371520.png,4476d45ed4f3ca9f4524f5aaf1ed25b24605c2f6f3919c29aebff0f65f179923,capturepallet10,day
data/pallet/raw_data/outside/capturepallet10/rgb/1778654241931659520.png,bfea8115819f547853d28f9f4eb29dc622dc212cceb855e08973d1ebf59d534a,capturepallet10,day
data/pallet/raw_data/outside/capturepallet10/rgb/1778654242066009344.png,d5f0c6e7eaa44ebecb2a29664d38195adada1e939b167b9f0b9acb3c6273d927,capturepallet10,day
data/pallet/raw_data/outside/capturepallet10/rgb/1778654242166618880.png,783d19d21350d02964f5d9f0038c335b504ee22f41dd613909caeb3925242e74,capturepallet10,day
data/pallet/raw_data/outside/capturepallet10/rgb/1778654242233792768.png,c11bfd2069114cbc1725f5435049b08428c50aa58df854b35707cfce1ac23d0f,capturepallet10,day
data/pallet/raw_data/outside/capturepallet10/rgb/1778654242300886784.png,500a41304065677ba1fb9408a6060e7f03ca0a215887624fabc4fc576f9f61ab,capturepallet10,day
data/pallet/raw_data/outside/capturepallet10/rgb/1778654242334436352.png,5bf60d84f9aad0e65ae4f2a79aea83ed7a669860acbd758afe96451d78504c14,capturepallet10,day
data/pallet/raw_data/outside/capturepallet10/rgb/1778654242401616128.png,826083d6a0f38685d1a5551af8dfea9e1a6f20d6389bd2f58c1746f78e416636,capturepallet10,day
data/pallet/raw_data/outside/capturepallet10/rgb/1778654242468810240.png,f20ddb64f2f579f5d778cfff81bff921f19f1933b461272a688f880b62fc7c0c,capturepallet10,day
data/pallet/raw_data/outside/capturepallet10/rgb/1778654242502421248.png,d5aa602e5d7e93fc77c9a6616cbd738857bf6cc00802d62122e362583d3b27ff,capturepallet10,day
data/pallet/raw_data/outside/capturepallet10/rgb/1778654242569743104.png,4cb11f4c879fe27a3752af1d1e19eb411b528422181b7b8df2cbd20b94abd50e,capturepallet10,day
data/pallet/raw_data/outside/capturepallet10/rgb/1778654242636876032.png,27358c859ce11a3b1c164d4421f24437238c37438fab8d30fa97c175b0ee6f1a,capturepallet10,day
data/pallet/raw_data/outside/capturepallet10/rgb/1778654242771814400.png,16a3f2c797a7bf20b7b566b729970039c823fc6ad201ad18e19a70c631a34e3d,capturepallet10,day
data/pallet/raw_data/outside/capturepallet10/rgb/1778654242838758912.png,4bb4e29ecd6582dda7a76259e53f4ca9193a78c4f7c3a7db6d5c1ed19748b6d9,capturepallet10,day
data/pallet/raw_data/outside/capturepallet10/rgb/1778654242905563136.png,8ac7a1aab5d43879e82bb935bbaea91989954aec103680a0bc15a166fc5b0cc7,capturepallet10,day
data/pallet/raw_data/outside/capturepallet10/rgb/1778654242972812032.png,1494bedfc1e9a0324ec4793a3a21488125d6c7d607e198eb1e3333723973a6b5,capturepallet10,day
data/pallet/raw_data/outside/capturepallet10/rgb/1778654243039921664.png,0061243dca8117335ceb45cbd7f6a32ce6d740b0c8cf755df4c81bd3755aaa1c,capturepallet10,day
data/pallet/raw_data/outside/capturepallet10/rgb/1778654243107159808.png,c456874cf7f13fe1711de256a9b95fd1d7364b58ca88e14ab616fd67ec122ca9,capturepallet10,day
data/pallet/raw_data/outside/capturepallet10/rgb/1778654243140813824.png,32aa5896532c3fd3da79f350a6df872f8d32432fe46c2909660329e4ec9dc60f,capturepallet10,day
data/pallet/raw_data/outside/capturepallet10/rgb/1778654243207969536.png,9937a494040209efb1c8ed448d3b465fd2816fa0a48b6a6b697128bd97669e52,capturepallet10,day
data/pallet/raw_data/outside/capturepallet10/rgb/1778654243275163136.png,356a95c98683fa1d8e80de5d1b711e8793475175f10d983d943f66e8cb5bc9df,capturepallet10,day
data/pallet/raw_data/outside/capturepallet10/rgb/1778654243342562560.png,81db377cae4e0a194417b3f8b7a0bf1a3fab6c1559c7f78622eecf52d7c9c801,capturepallet10,day
data/pallet/raw_data/outside/capturepallet10/rgb/1778654243375982336.png,89dd66673a7a1e23f4f88d9af9e6e0eeb3e7b1ebd443a80f22bebcbe21f1defb,capturepallet10,day
data/pallet/raw_data/outside/capturepallet10/rgb/1778654243476954112.png,c946de63f5f009f9c1a30e30df1247ed1d71ba54d612a51c9d3b02abb1943a8b,capturepallet10,day
data/pallet/raw_data/outside/capturepallet10/rgb/1778654243544355840.png,3c7e992b81c7aceb4878d8757d26868e076562b8504537ff089bd00b4e0ff56e,capturepallet10,day
data/pallet/raw_data/outside/capturepallet10/rgb/1778654243678458880.png,516ad83c0725dbbb5a99a60e0c9447de37a7ef3ddf9fe1822a83d3e3b8f31f2d,capturepallet10,day
data/pallet/raw_data/outside/capturepallet10/rgb/1778654243745630976.png,81171374b085867ed2490944d032f1be3e311f5bb91790a0b4a59b1e2bd3c0dc,capturepallet10,day
data/pallet/raw_data/outside/capturepallet10/rgb/1778654243812805888.png,cf94bef43d0011a04f3c46b73668d9dbbfa71334add59066a6fe582381ab7e8c,capturepallet10,day
data/pallet/raw_data/outside/capturepallet10/rgb/1778654243846270976.png,0207586653d1a65b60a1fc5cbd2e70a0811f07ab7e8a47c2a0ceab979ae62e34,capturepallet10,day
data/pallet/raw_data/outside/capturepallet10/rgb/1778654243913521152.png,7b78355bc81e2c162a1ea40096dddf9bfb6a76c415dd8ab2017def0416d21f57,capturepallet10,day
data/pallet/raw_data/outside/capturepallet10/rgb/1778654243980834816.png,1297c869ae940716526ad45bf7878bc4a9965c7a6011f9f80de6fe4e986bc0bb,capturepallet10,day
data/pallet/raw_data/outside/capturepallet10/rgb/1778654244048147200.png,67fe01c11e827d404f2965efb1a05d761febc63d5fdd370ef59e29e85e30b7fe,capturepallet10,day
data/pallet/raw_data/outside/capturepallet10/rgb/1778654244115237632.png,842142d1182f1287374ebf826b667a4385a0f38034b02a9b62c246385b3329ef,capturepallet10,day
data/pallet/raw_data/outside/capturepallet10/rgb/1778654244182516992.png,aab7861a333f028bc4868ddeb1797b26c94031451f1799a44edb219476ee06e5,capturepallet10,day
data/pallet/raw_data/outside/capturepallet10/rgb/1778654244283572736.png,c32cefc6e525dc4af21eae4b97ea3f8850e657796ac29f73c3cddc593b253da0,capturepallet10,day
data/pallet/raw_data/outside/capturepallet10/rgb/1778654244383828992.png,b265e2de71ff2a751e6ba5adb7666d4b8d6c09ec28302528cd0f0a68bf9ca2b3,capturepallet10,day
data/pallet/raw_data/outside/capturepallet10/rgb/1778654244451064576.png,f23c964b0795869af1c5f4a82ed3c7071231871684e8d6082344737fcca61740,capturepallet10,day
data/pallet/raw_data/outside/capturepallet10/rgb/1778654244484689920.png,f4ae6d10217a75e019520627e4955dcd617761f921f447ca1dd71b2dfa0ca4ae,capturepallet10,day
data/pallet/raw_data/outside/capturepallet10/rgb/1778654244551936512.png,9ea8dbfa9ea6e2f4a6e446f4cddebc4419ea1171ad4074a044261d7ec2235e18,capturepallet10,day
data/pallet/raw_data/outside/capturepallet10/rgb/1778654244618956288.png,f1d5aaf78c4ebca6d2fb4f7910420b0cee358a6c5dbd729f11ab9b6e6b7c16a2,capturepallet10,day
data/pallet/raw_data/outside/capturepallet10/rgb/1778654244686064384.png,e6359d2046de71db084e0e3197cda50d7590eaf6bb85a3fe9e1a649bf84ce83e,capturepallet10,day
data/pallet/raw_data/outside/capturepallet10/rgb/1778654244753286400.png,af3cb2a96f2d9a2964dc711e11fe0f709176adbca0843778d35389dda996418e,capturepallet10,day
data/pallet/raw_data/outside/capturepallet10/rgb/1778654244787003136.png,53ea7fa3c7914c690cae712c588ce0fa86ea893d9bfdbd8d8a68fc33e5fff8cd,capturepallet10,day
data/pallet/raw_data/outside/capturepallet10/rgb/1778654244854039296.png,5bfac14857a934a6381f6e4c7d184714d9b2d37d8c2f3c813bbb1cefdd772da5,capturepallet10,day
data/pallet/raw_data/outside/capturepallet10/rgb/1778654244921373952.png,703dff1a65b51eb0c4127574a0e5dc767d0f605af80ef4f7cb6285994b72d8da,capturepallet10,day
data/pallet/raw_data/outside/capturepallet10/rgb/1778654244954931712.png,7651a1d0fea22e0c1013cd45e2f5d690f939291f68b21dfb60c26faa18617e52,capturepallet10,day
data/pallet/raw_data/outside/capturepallet10/rgb/1778654245055776768.png,37b67dd31970936ef92fb5630ac1593faf1c6d11483f45203029a442927b9dbe,capturepallet10,day
data/pallet/raw_data/outside/capturepallet10/rgb/1778654245089313280.png,01be5008cb5526923daf25477a4f49c3ec05b6d59d92016d84a781331138b395,capturepallet10,day
data/pallet/raw_data/outside/capturepallet10/rgb/1778654245156467200.png,16ecbb2b2aad73432bbd16e0fd4f97b920ecf005f3fffaa290e166851f6d595e,capturepallet10,day
data/pallet/raw_data/outside/capturepallet10/rgb/1778654245223723776.png,fb23d79dfee6c83f15cfbc073c90f6e42b708ba9b092d4bb4ebd2feddf8e5054,capturepallet10,day
data/pallet/raw_data/outside/capturepallet10/rgb/1778654245290902784.png,1b6180b8bff274e3883db6a80336d493d1ab2b50b506e55159b50e7eb1995b6f,capturepallet10,day
data/pallet/raw_data/outside/capturepallet10/rgb/1778654245324433152.png,790f5e36f6cacfea99150ecb9e0aeaff1e51b5746de277ee4198ac52d6307b7d,capturepallet10,day
data/pallet/raw_data/outside/capturepallet10/rgb/1778654245391676672.png,73c6f559aae6321e98c2424ffd80a2cec693bd944e87aa34c78a97aba3d62815,capturepallet10,day
data/pallet/raw_data/outside/capturepallet10/rgb/1778654245459121152.png,7dbe61d8e44eedb4981228a70f4dfb09372f17428181d8ee213b2be2bfbc3010,capturepallet10,day
data/pallet/raw_data/outside/capturepallet10/rgb/1778654245526180608.png,c6f6f4bfb0be5e5f867dcf6e99c4baea636a4cc093a5b22251d5a6b856e9f763,capturepallet10,day
data/pallet/raw_data/outside/capturepallet10/rgb/1778654245593597696.png,c1d8f496781a2435ed3ac675ede296e0fe7451b03cc2782e9e23561923aa621e,capturepallet10,day
data/pallet/raw_data/outside/capturepallet10/rgb/1778654245660564480.png,f9b5a5c82402c2b3400fdc122353229bc9b87f45728ba7f87b216f424ec9537e,capturepallet10,day
data/pallet/raw_data/outside/capturepallet10/rgb/1778654245727597568.png,b379d54db111d40263a09520865ead41f3d3cbccabec6822738fe538a4031dbd,capturepallet10,day
data/pallet/raw_data/outside/capturepallet10/rgb/1778654245862284544.png,3e9a51fee111c61e404d0baf340e6054567f73e3bc370dad5f66ab800ed16a00,capturepallet10,day
data/pallet/raw_data/outside/capturepallet10/rgb/1778654246064200704.png,f053d685bb5b453b341aba4f725f19da5b55259dcb81ad4a82c3b59f0416bb1d,capturepallet10,day
data/pallet/raw_data/outside/capturepallet10/rgb/1778654246232071936.png,cd4645cd60612e70731862a18b214b0e80bdd51b66184abb9526a070904e246a,capturepallet10,day
data/pallet/raw_data/outside/capturepallet10/rgb/1778654246433774336.png,01af1fde2d5653f357d67694c0b3d5b02fa76d953a884969c2d3164c97f179b4,capturepallet10,day
data/pallet/raw_data/outside/capturepallet10/rgb/1778654246567931904.png,2a45001f1038d0c52f45d567efcad2d8f415293e1b406004de287090c027dfcd,capturepallet10,day
data/pallet/raw_data/outside/capturepallet10/rgb/1778654246668483072.png,82be393a86772b32639666a49f865234f0efc0909d151240ba5796ffcddc4446,capturepallet10,day
data/pallet/raw_data/outside/capturepallet10/rgb/1778654246803276800.png,4660e58d25555db2e1ed0e6ae58ce4b762886539aae183ab0354139f869d5131,capturepallet10,day
data/pallet/raw_data/outside/capturepallet10/rgb/1778654246937554176.png,0b77cb26d4da5fa450e65ce4e8b3a9efa29c8be8a1ec878fbf3beeb1ad76093e,capturepallet10,day
data/pallet/raw_data/outside/capturepallet10/rgb/1778654247004391168.png,53c35a67e0ceebf01e9adbe5809f1b1a2b01d525ab4cb2ae88ac04e2d2b3c285,capturepallet10,day
data/pallet/raw_data/outside/capturepallet10/rgb/1778654247071615488.png,62509fa43881c259b2731ee7008036ec5b23bb53306515a8cba6c4d17221ddb0,capturepallet10,day
data/pallet/raw_data/outside/capturepallet10/rgb/1778654247105188608.png,06e6cd1877b8e583f5b9791f73e8ead6942793a91187a53afcaeb6f9e27e503b,capturepallet10,day
data/pallet/raw_data/outside/capturepallet10/rgb/1778654247172360960.png,562229ec6583baaf3c4ddb67c80d695c8459fcb0be9449974382a8c5d22d4548,capturepallet10,day
data/pallet/raw_data/outside/capturepallet10/rgb/1778654247239534336.png,86f79b3b51871f23ad63a5501bf87986e5f489cb2776cc591b4a656b9e19f69f,capturepallet10,day
data/pallet/raw_data/outside/capturepallet10/rgb/1778654247306919680.png,eb71aa5833b15ee0381e69197466484512bb7ba95732355de5887be2d1a4becc,capturepallet10,day
data/pallet/raw_data/outside/capturepallet10/rgb/1778654247373957888.png,ddf32001dd9dd705a30dc5deb22f271b41d0b9693bc0726cabaf544ecab3a2c1,capturepallet10,day
data/pallet/raw_data/outside/capturepallet10/rgb/1778654247441137408.png,1ecd7627d83755d2fd61c47e86cc27c1c8c8a21500f97b7c08924421940f5f93,capturepallet10,day
data/pallet/raw_data/outside/capturepallet10/rgb/1778654247508367872.png,ffc74b552f8ccea977df8d51c36d1a1a4c7fc224c77a1a28bb2ba7ab6ef5c5a2,capturepallet10,day
data/pallet/raw_data/outside/capturepallet10/rgb/1778654247575518720.png,9ffddfca4c4c82b9f67dfdf9ccf0e313f63c5e196608b464d021859d382e7baf,capturepallet10,day
data/pallet/raw_data/outside/capturepallet10/rgb/1778654247642928640.png,8d1c870e24574bfbb21d73cf4366fe887bb0b108c33ee2845b499594d12afd42,capturepallet10,day
data/pallet/raw_data/outside/capturepallet10/rgb/1778654247709954816.png,f1e079e3846f07a21b56fe24ece5d026d63aed6b5996b4fe514ac3aa5933b37a,capturepallet10,day
data/pallet/raw_data/outside/capturepallet10/rgb/1778654247777318400.png,79bfc08535f7d3dd79ece0e47af433716812b037b85aaab65925126c62904d28,capturepallet10,day
data/pallet/raw_data/outside/capturepallet10/rgb/1778654247844267008.png,84af2dbbf71b5e6633d3c89be86ff21e68d6ec888eab579c97359c0076aabae9,capturepallet10,day
data/pallet/raw_data/outside/capturepallet10/rgb/1778654247911500800.png,69d1e15ec8b13fc39738460eb4d6f1581c9047b58b72b24c75ed2889dd776ce9,capturepallet10,day
data/pallet/raw_data/outside/capturepallet10/rgb/1778654247978690048.png,c005b8391a4ce34dfddef4cbfb7280edcf4bbf48fd62451dd546e298879a27f5,capturepallet10,day
data/pallet/raw_data/outside/capturepallet10/rgb/1778654248012266240.png,24d97c0186db9e14b972b7a8047255faf918ce90b2b8f6662092f7e01db36ab2,capturepallet10,day
data/pallet/raw_data/outside/capturepallet10/rgb/1778654248079720448.png,5b6ab01cfe88a2dd5664e879d3794999e8642f014c85ba2a31be9c42c597aa49,capturepallet10,day
data/pallet/raw_data/outside/capturepallet10/rgb/1778654248146736128.png,6f7dd03b22070a63c8f4e0c68fb0427d53b301307f848e7ecabe6aab157b02a7,capturepallet10,day
data/pallet/raw_data/outside/capturepallet10/rgb/1778654248214020864.png,b5c742bc08ba623354fb33cb431e6ac73f5a78d7cfa4c421f5e77732e863e17c,capturepallet10,day
data/pallet/raw_data/outside/capturepallet10/rgb/1778654248281259264.png,afd7d70a1f68f9bd31eba5180aaa2c4bbfe624e90bf26d8c552eace350631e79,capturepallet10,day
data/pallet/raw_data/outside/capturepallet10/rgb/1778654248348237312.png,90f8da3d0c9047c574af71eea2762f987786ddb21f7a667fab81316078bde271,capturepallet10,day
data/pallet/raw_data/outside/capturepallet10/rgb/1778654248415396608.png,eb47336d49f9dccaf2cb113512188a56444c7d60dfe5883d9edda56543cffb8a,capturepallet10,day
data/pallet/raw_data/outside/capturepallet10/rgb/1778654248482836992.png,eb748f86adcf6771fed218fae7cf999afd3405939287bc39e62eb53815a115f6,capturepallet10,day
data/pallet/raw_data/outside/capturepallet10/rgb/1778654248549962240.png,6cb14f46b9a03aaeddc26178c67dc61786deae603d6b1d69a67d79447e73c8ec,capturepallet10,day
data/pallet/raw_data/outside/capturepallet10/rgb/1778654248617035776.png,794369ac1ca9a56bc8854cad49c25904c71d9374377a22f55c3615afc1d52727,capturepallet10,day
data/pallet/raw_data/outside/capturepallet10/rgb/1778654248684323584.png,3fdff06a5b5524d07923d54da1ff1285318205e7299a52e076be134a46e1774b,capturepallet10,day
data/pallet/raw_data/outside/capturepallet10/rgb/1778654248751546880.png,f3b90ac4e784f332054615908ca6fd69846f726daf3e7afbb1752f9c7836c4e5,capturepallet10,day
data/pallet/raw_data/outside/capturepallet10/rgb/1778654248919625984.png,52b2c84798683380ea031081906bf8a623974d0f40381b81827f58100ff16973,capturepallet10,day
data/pallet/raw_data/outside/capturepallet10/rgb/1778654248986536960.png,0d8ea413d33cd415f95ff1e89cecfd519385ec8dd717cc12937f73e2bc3833f4,capturepallet10,day
data/pallet/raw_data/outside/capturepallet10/rgb/1778654249053559040.png,1cca3bd29e9431217649cf97714a4ae6aaaea4ec79b8016edfbccf684a61731d,capturepallet10,day
data/pallet/raw_data/outside/capturepallet10/rgb/1778654249087220736.png,af198449c54ab6a62d13039f121cde37fd65e6f71c5c5f3aee5095a41ef652f1,capturepallet10,day
data/pallet/raw_data/outside/capturepallet10/rgb/1778654249154436608.png,3e2bd5396cf8178fd09377bc0daf23fcd351bbac750ba2e610bf4bc513a314b4,capturepallet10,day
data/pallet/raw_data/outside/capturepallet10/rgb/1778654249221633280.png,7099df835b137c246ec862d005eb2c06dcc2b3a561f5ce8afc68dbc4736e0d4e,capturepallet10,day
data/pallet/raw_data/outside/capturepallet10/rgb/1778654249288815872.png,688dd2d5af572ef6a83f90e634d2377f409c9ac7a70fd2fe6714eff07aa53df7,capturepallet10,day
data/pallet/raw_data/outside/capturepallet10/rgb/1778654249356047104.png,85cce6f217554dc8419dca84075339f71753ce86495316d3e97af9edda29d8d9,capturepallet10,day
data/pallet/raw_data/outside/capturepallet10/rgb/1778654249423318272.png,556b854a68da60e22720a192a09c6951378f7c80e7a12d26e35d125a0a0ca494,capturepallet10,day
data/pallet/raw_data/outside/capturepallet10/rgb/1778654249524332288.png,73715eea0a889802d51c1a07b6fefe3937985e7dd2dcae644428c0dcda546308,capturepallet10,day
data/pallet/raw_data/outside/capturepallet10/rgb/1778654249692572672.png,3ef1cf1d16cd63346b2ca12073b726b77d83ad3b9f78275ba160150fc9384f63,capturepallet10,day
data/pallet/raw_data/outside/capturepallet10/rgb/1778654249793120256.png,062e9f5011024b9e451ac0ba34d7177e2cee017f4829ee8ecd4a0a5494ced937,capturepallet10,day
data/pallet/raw_data/outside/capturepallet10/rgb/1778654249860211712.png,ee4357b82cf731c86ede7674b8ccef310b3116363c50c8fe7bc5c52078bcf913,capturepallet10,day
data/pallet/raw_data/outside/capturepallet10/rgb/1778654249927308032.png,dfec27920e77978d5c198f99a069a4580d0e781c171d2b515df26b068df587ce,capturepallet10,day
data/pallet/raw_data/outside/capturepallet10/rgb/1778654249960992000.png,42dfd3cac5ac4a1cc57b8faa79f396fa42a99cce13f3b54b3f856fea68b7ef80,capturepallet10,day
data/pallet/raw_data/outside/capturepallet10/rgb/1778654250061974272.png,0ef4ab9f2b520638382a334ded863be7cf9ceb55f28a9f473638f46115dfeeb5,capturepallet10,day
data/pallet/raw_data/outside/capturepallet10/rgb/1778654250128860160.png,24b478868cda5b25246cd78c035c99c137acfa7541ebdf0dbdcca9a79d96528c,capturepallet10,day
data/pallet/raw_data/outside/capturepallet10/rgb/1778654250195977728.png,f325cecbdcea0b62e02dc4515a4d9d668a8f44534f45cbe126f848c3cc97ac7c,capturepallet10,day
data/pallet/raw_data/outside/capturepallet10/rgb/1778654250297127680.png,2713ef76cb767528adfa90ddf44d11bfc7c3619a48b14071d9483f249bea59eb,capturepallet10,day
data/pallet/raw_data/outside/capturepallet10/rgb/1778654250431447552.png,e9e74ae9025cfa0ab099c856996435bd67ff922b4aaff9dc00ae6e30e677ea00,capturepallet10,day
data/pallet/raw_data/outside/capturepallet10/rgb/1778654250565929216.png,1666901da19654f0c3668d0b4198e50023efddf10e5d85c1842bda575d8f60a9,capturepallet10,day
data/pallet/raw_data/outside/capturepallet10/rgb/1778654250632809984.png,1c25385719b8b51df2b948d19cfd87d3f5e841b676fa46918d0a815e5985f4f0,capturepallet10,day
data/pallet/raw_data/outside/capturepallet10/rgb/1778654250700055808.png,8a7ffff8f49c2a0d99db588354756e1958f6f1aebd1065f03844bd4358d48cee,capturepallet10,day
data/pallet/raw_data/outside/capturepallet10/rgb/1778654250767326464.png,8e9f81964dd65c8abe38b457d3852bf67079c3e088588c6a12224a4a063c4b48,capturepallet10,day
data/pallet/raw_data/outside/capturepallet10/rgb/1778654250834659584.png,00d87a2cb0b90859857e41d9b1d44f9258f882ed3569827fbbc58c15f7be96b1,capturepallet10,day
data/pallet/raw_data/outside/capturepallet10/rgb/1778654250901549568.png,7e5db872e0a2256795ee2dea6f103466282152cd81d213793784c271fe4549e1,capturepallet10,day
data/pallet/raw_data/outside/capturepallet10/rgb/1778654250968899840.png,89fbb47a34fb4684079f7c0e518011e011cfbe149403db32e300e9a368fe8141,capturepallet10,day
data/pallet/raw_data/outside/capturepallet10/rgb/1778654251069964544.png,536399ee2bb4d62e98f275ac9f396d4ad467a894a99b07e5ff998ad7020cc2b2,capturepallet10,day
data/pallet/raw_data/outside/capturepallet10/rgb/1778654251136865280.png,594d29d5473d34c27921a2bd4ca700c67981bb01dcc67a0ed0ddefbf97302990,capturepallet10,day
data/pallet/raw_data/outside/capturepallet10/rgb/1778654251204025088.png,bf8276a6df6457e168c8256aa70f37a73f80d55f6eb8c1ba02f2ad2b74d46c67,capturepallet10,day
data/pallet/raw_data/outside/capturepallet10/rgb/1778654251237634816.png,340ce4a8ffcaa6f53b897a7f14e07e1d1a1b629d890e3829c2a359a4b0bcd5e4,capturepallet10,day
data/pallet/raw_data/outside/capturepallet10/rgb/1778654251304935680.png,0c7e9db534a44f441fc4897d42232fb7bbb592ba9a3900930a88b34f6fa1b00d,capturepallet10,day
data/pallet/raw_data/outside/capturepallet10/rgb/1778654251372154880.png,eed418b10451860d97c60c31339d28fd85b0b46fb29674b456bef626473f9c0a,capturepallet10,day
data/pallet/raw_data/outside/capturepallet10/rgb/1778654251439320832.png,ee4dd0935feef1da9a12e97ccba14e7d743e857cc9aa0dc8605f534167dd9089,capturepallet10,day
data/pallet/raw_data/outside/capturepallet10/rgb/1778654251506406144.png,48bd19b22699e6e413575e3cbe1fb772112d08674c388c55862b0a562ad8de1d,capturepallet10,day
data/pallet/raw_data/outside/capturepallet10/rgb/1778654251573760512.png,1d957f2d267e49c2258d713bd04f4ce1517cf88d2389a3f9208a2c3604bcc279,capturepallet10,day
data/pallet/raw_data/outside/capturepallet10/rgb/1778654251607207424.png,c255084ce406d375cd0106cc713c610a67342f7c737aa4d1279a9b8c91bf30ec,capturepallet10,day
data/pallet/raw_data/outside/capturepallet10/rgb/1778654251741987840.png,c945f582ed0c9f1f28d613c58e4cf971e5933b7b22556d90ed9188eafe5ab8a6,capturepallet10,day
data/pallet/raw_data/outside/capturepallet10/rgb/1778654251876142336.png,e26346f90b89b810245e8590fa51d0a6e7531579d95aeab690138073012f2cd7,capturepallet10,day
data/pallet/raw_data/outside/capturepallet10/rgb/1778654251977120768.png,51e55baf224375640a1e047a3bc9ac70046e8fd14bd825ab9c2676b3f4d3ad0c,capturepallet10,day
data/pallet/raw_data/outside/capturepallet10/rgb/1778654252111312128.png,c7a2cffa87037f1ed7fb2b32bb83adcc691936a1c785ba5523e151fd49dfbcb1,capturepallet10,day
data/pallet/raw_data/outside/capturepallet10/rgb/1778654252178228480.png,fbed9538a0faaca847d96ee59e9026d5c284d35908edfaf5b5ca7462d49153f8,capturepallet10,day
data/pallet/raw_data/outside/capturepallet10/rgb/1778654252245488384.png,83f8381bd4e1ec042c76361a5a3ed5f5c4c88382f8df9fe92b4910f50c8f7a1c,capturepallet10,day
data/pallet/raw_data/outside/capturepallet10/rgb/1778654252279128320.png,c7297cde70da7beec9bf525d694addd13cecf7704ae015c2f1c13f91a54a335b,capturepallet10,day
data/pallet/raw_data/outside/capturepallet10/rgb/1778654252346867968.png,c7f05117474fd4f67cff848774aa2ff30defc06c0ea2ecb7a72d263674e96105,capturepallet10,day
data/pallet/raw_data/outside/capturepallet10/rgb/1778654252413469440.png,038afcf005b251641126abd720e7f6a1c84b8e3e96dd6f01daec444ec7c633ec,capturepallet10,day
data/pallet/raw_data/outside/capturepallet10/rgb/1778654252480809216.png,7fc1b45da14748cebe1d6f79721ba2c961719600561cbfe6f1470bf1ed028e91,capturepallet10,day
data/pallet/raw_data/outside/capturepallet10/rgb/1778654252615318016.png,35d2c7dbac3a404d386f3e7b866789232f2e7bdd494ca48c754a4bea96a41100,capturepallet10,day
data/pallet/raw_data/outside/capturepallet10/rgb/1778654252783673088.png,f611f80960163a84594e9ff6f5361bbb863f9a65c30d3ffa5bbcfb4f2e4cd5c2,capturepallet10,day
data/pallet/raw_data/outside/capturepallet10/rgb/1778654252884021248.png,a7d761c2674d99b406ec35ebfd2d167192885ccc97121b00e42ebbfa46672566,capturepallet10,day
data/pallet/raw_data/outside/capturepallet10/rgb/1778654252984852224.png,cfdd455d9cad396e3d0eb5af82d22aede53edde3c56d32d5a356bacfbafada0d,capturepallet10,day
data/pallet/raw_data/outside/capturepallet10/rgb/1778654253051845632.png,c02a715af7396f78d12bfcb4e9daa0ba43022229d22045ad5089c44d56384d56,capturepallet10,day
data/pallet/raw_data/outside/capturepallet10/rgb/1778654253119152384.png,d977272aaaf02d1d22abcebf971661afa5c2f908328634b468e94b6c364dcda8,capturepallet10,day
data/pallet/raw_data/outside/capturepallet10/rgb/1778654253219875072.png,531e762b9049fefd9775e01dd173afdeca0a357bb5879c77ea5a8fc37a1ffada,capturepallet10,day
data/pallet/raw_data/outside/capturepallet10/rgb/1778654253287031296.png,6614ae35969d4ed719a5508f43ce5875504ea9243689d787d0ecdec08d8e2b3b,capturepallet10,day
data/pallet/raw_data/outside/capturepallet10/rgb/1778654253354048000.png,2f1d15685497c1f36b895d3ad6d2bde24b252b0fec0aa493b1a63cf7486f5094,capturepallet10,day
data/pallet/raw_data/outside/capturepallet10/rgb/1778654253421357824.png,59ebcf178f585af2da3391a479be41cc40919f5b81df8fc41abf4748dc2dbb4d,capturepallet10,day
data/pallet/raw_data/outside/capturepallet10/rgb/1778654253522191104.png,bb499f2739a125c7fcc48b53747670d66ced445371c2c4c46e4e71aa6a0447d0,capturepallet10,day
data/pallet/raw_data/outside/capturepallet10/rgb/1778654253622855936.png,e2869441a89e67cabbe334495a273be1fa8a7056a606edb789c162fb3f2f7ce3,capturepallet10,day
data/pallet/raw_data/outside/capturepallet10/rgb/1778654253690049280.png,cb91586243672aea8f935b2757b11ddb20986cd20958b69dd21f1039c6de39aa,capturepallet10,day
data/pallet/raw_data/outside/capturepallet10/rgb/1778654253757372416.png,b764704838039c495f06272a92c47b9797f9b5ce72b40b5f81f3824562ba88b0,capturepallet10,day
data/pallet/raw_data/outside/capturepallet10/rgb/1778654253824451072.png,aec4f369e022de0f66c16e1cbb2c414d5fcd9828bd8c0492396382246c4ab5d8,capturepallet10,day
data/pallet/raw_data/outside/capturepallet10/rgb/1778654253858098944.png,246d05d4979c09b996802083e83e176097f2b2b4a560527281c27430f9c0f6c1,capturepallet10,day
data/pallet/raw_data/outside/capturepallet10/rgb/1778654253925161984.png,2f16cf9f9489a07f15b8adab7ebce7c3e2a4fe7c3196cd4ea51ba64bab6f3d80,capturepallet10,day
data/pallet/raw_data/outside/capturepallet10/rgb/1778654254060054784.png,0bc3c8bc84ec6527cdb8fd35b5c9b264a5b307cd0832d04e31f2b7077e1b7b55,capturepallet10,day
data/pallet/raw_data/outside/capturepallet10/rgb/1778654254194281728.png,a6794ac0cb741ce553c9691b52c97d967ae1f06ae4f95bea3cd7f4e372179264,capturepallet10,day
data/pallet/raw_data/outside/capturepallet10/rgb/1778654254362382848.png,0d95ac99d6d5ec78e43391c5628304cae33e6e3b39194d7635edb4b1b1647168,capturepallet10,day
data/pallet/raw_data/outside/capturepallet10/rgb/1778654254462807808.png,3746cfd95b25a882b42f0a3d3089d6621915cc946474404cac7780b59a53e9b2,capturepallet10,day
data/pallet/raw_data/outside/capturepallet10/rgb/1778654254563739904.png,e912c2f311b4e789dd234807dd4ecf4a1bd1e7b37b57967efee4cc50eeaab040,capturepallet10,day
data/pallet/raw_data/outside/capturepallet10/rgb/1778654254664624896.png,ef62e97ab194dffc8219f4167d31bf5f641b9e8409c545634cc73a8f4b8b5f5c,capturepallet10,day
data/pallet/raw_data/outside/capturepallet10/rgb/1778654254731633920.png,ad71aee208efa731498c3d2645302cb4f21537712745afb98d1dae6f0e04ca42,capturepallet10,day
data/pallet/raw_data/outside/capturepallet10/rgb/1778654254798842880.png,163314dd95273d2ecb778de3ab6ee144050c34a5edeca7e7957f10563363277d,capturepallet10,day
data/pallet/raw_data/outside/capturepallet10/rgb/1778654254832357120.png,9bbbabc8b6f817c2e3f382915450784a31d5a2e04ebefaf658cdf26c4780a57c,capturepallet10,day
data/pallet/raw_data/outside/capturepallet10/rgb/1778654254933504768.png,fc6cdd77c1359ab77a21135fef3570a7d04bc568801a279b0074a682daa9ea5b,capturepallet10,day
data/pallet/raw_data/outside/capturepallet10/rgb/1778654255000428800.png,2796ddae04e4ed21724eead3b1ac5c70dcff4c3c36e9dd959310665257b77f51,capturepallet10,day
data/pallet/raw_data/outside/capturepallet10/rgb/1778654255068223232.png,1cd1406c73bfdb220f29859379ba586de699ce9894162c1cb94f038ec7ac3894,capturepallet10,day
data/pallet/raw_data/outside/capturepallet10/rgb/1778654255202496000.png,6bb63f0a4d3253fdf0add45d0e17289c19a33e42fdf71ea6cd9ef9acf7ecb319,capturepallet10,day
data/pallet/raw_data/outside/capturepallet10/rgb/1778654255303083264.png,cf3f0f30340db2c182cf818b747fdb802d798b23f75401820362729dcaf9cc34,capturepallet10,day
data/pallet/raw_data/outside/capturepallet10/rgb/1778654255403535872.png,822ae3cc6e8642fe10915f92184552783a908ef2177b0f5f40fdf0ec2fb5568d,capturepallet10,day
data/pallet/raw_data/outside/capturepallet10/rgb/1778654255437357824.png,0ca53b3ab13f3678f3b2831e640d53f4e94500452dc64cbf7dd343e9e8d77fac,capturepallet10,day
data/pallet/raw_data/outside/capturepallet10/rgb/1778654255504357632.png,e4163572fdec96847e38b7a4ad839e69044331bd3683e73065aef1a26a2fe44f,capturepallet10,day
data/pallet/raw_data/outside/capturepallet10/rgb/1778654255571857920.png,7f9e14462cebab90c082a108b8f1644af7810d9ceef47dd73fa37604347f3428,capturepallet10,day
data/pallet/raw_data/outside/capturepallet10/rgb/1778654255672617216.png,d73861840072889fb3e9d936df5acfcbfa1938664e421272f540af173c77247b,capturepallet10,day
data/pallet/raw_data/outside/capturepallet10/rgb/1778654255739666944.png,763a8b7c6ab1135fce67d29f923b448b75d60df9e43e590dfcdc9b965c2df112,capturepallet10,day
data/pallet/raw_data/outside/capturepallet10/rgb/1778654255806924544.png,c0c1e5cbdcd9822a54a657e2272c1c51b32a311f03d3cadf3251fc80d0b3f9e5,capturepallet10,day
data/pallet/raw_data/outside/capturepallet10/rgb/1778654255874173952.png,c1b5823c86fef38994124cf044b54fedef2bae848f3e022e93beeed9107bc079,capturepallet10,day
data/pallet/raw_data/outside/capturepallet10/rgb/1778654255974815232.png,5de0c4ab65e84871926ff19893b11b8d51da2c3c4f81d0fe2d8d040987571c13,capturepallet10,day
data/pallet/raw_data/outside/capturepallet10/rgb/1778654256042052608.png,cadb89fe4d305784c231dc7b886b4ae2e6f8d171bed06740dfd0c496851dbb9b,capturepallet10,day
data/pallet/raw_data/outside/capturepallet10/rgb/1778654256109577472.png,f6a07abcfa6c8786bcc9734454286af8859ee5ab8ebac30a9c87c01f8daa3560,capturepallet10,day
data/pallet/raw_data/outside/capturepallet10/rgb/1778654256176483840.png,933740833b2bbcc30b249d403d57149181f5c35f4530db648885e91dffc5dd75,capturepallet10,day
data/pallet/raw_data/outside/capturepallet10/rgb/1778654256243497216.png,df0d345b639e2bcde9d3c4537655f7c1ca9453be62a4889f939e9254c41cc634,capturepallet10,day
data/pallet/raw_data/outside/capturepallet10/rgb/1778654256310691840.png,c23b8588ec6cddc86ce44f8ca0767b2d530c0143e3c3d1ecbcf5430caa7febdf,capturepallet10,day
data/pallet/raw_data/outside/capturepallet10/rgb/1778654256378026496.png,8bb616fcf8882264e9d250379a356a0cdff3c1c019588f4a2040532df951efd8,capturepallet10,day
data/pallet/raw_data/outside/capturepallet10/rgb/1778654256445260800.png,b8c6cf54f001558a0beff634d6afcccbe3544ded94f3a19609ee945a451cde88,capturepallet10,day
data/pallet/raw_data/outside/capturepallet10/rgb/1778654256512208384.png,8b0ecda6d8be0a506fec8e6ef80b7efe3f2a607d424ae667ff969e5ee5dfac5f,capturepallet10,day
data/pallet/raw_data/outside/capturepallet10/rgb/1778654256579462912.png,1abb17d12555fba84d40e09be7cf3c3f85aa2355bd748111f0f9fa8335d7221c,capturepallet10,day
data/pallet/raw_data/outside/capturepallet10/rgb/1778654256646760704.png,b3af392ef5cd2f4a16d41a0a319cf9768c3b7ea977255d1205cff3fbb49a7389,capturepallet10,day
data/pallet/raw_data/outside/capturepallet10/rgb/1778654256713803776.png,f3cf99e7da16a3bdc58e945a66de2c72ffada17fc604842b555fd8c7ab2b8651,capturepallet10,day
data/pallet/raw_data/outside/capturepallet10/rgb/1778654256781122816.png,eb7ad1b2ab1447de1cd1de5008a63281f2658525c0fd756a687169797e3cedfa,capturepallet10,day
data/pallet/raw_data/outside/capturepallet10/rgb/1778654256848443648.png,686aabba07fb999e5722f7829c6c3293bc819389bf104dd95047cfe0e3f34e2b,capturepallet10,day
data/pallet/raw_data/outside/capturepallet10/rgb/1778654256915731968.png,cdc79114ae7fdc78706e821b8134aef7175bf8d63bc2d754f83fb6c2bfd441bf,capturepallet10,day
data/pallet/raw_data/outside/capturepallet10/rgb/1778654256982760704.png,6db0dcf381de2f2d38acea20ca5126146c267447d4a750a4db17e5a296e5593d,capturepallet10,day
data/pallet/raw_data/outside/capturepallet10/rgb/1778654257049859584.png,d567f8ed9b65c681b732f5419ba669701aaef86ede628ea117b813f1592f2708,capturepallet10,day
data/pallet/raw_data/outside/capturepallet10/rgb/1778654257117078016.png,543eddd565371abcc4e19de53ec4fae6a24f424849043510b36fff3a0b7df471,capturepallet10,day
data/pallet/raw_data/outside/capturepallet10/rgb/1778654257251794944.png,d465cb7dc2b2794d4761d24beb111b9b5013607f091b49ec9d29186412b1acd0,capturepallet10,day
data/pallet/raw_data/outside/capturepallet10/rgb/1778654257419904000.png,5f72e5c6ac0152d2711bd339cc2869e0b1a50c1b4d90465fe58ff060aff38a44,capturepallet10,day
data/pallet/raw_data/outside/capturepallet10/rgb/1778654257554258176.png,92880de4aa904749083856ac102ed8550ccbf39b94deda62aa2ecf8279fe788d,capturepallet10,day
data/pallet/raw_data/outside/capturepallet10/rgb/1778654257721903616.png,b874c63d432340e32fd6303599b489ab1df94b375ff7a06c55e8f69ba2582e52,capturepallet10,day
data/pallet/raw_data/outside/capturepallet10/rgb/1778654257822504704.png,9b3aa35ac2b44c063608cfcd5b9a4ee394f8b0dee0257fd28565f9102c546fff,capturepallet10,day
data/pallet/raw_data/outside/capturepallet10/rgb/1778654257923249152.png,3d7202331dd21f79e7c045b48cd3f0377b992d7d45d22ab2cafffe9b46beafd6,capturepallet10,day
data/pallet/raw_data/outside/capturepallet10/rgb/1778654257990343424.png,4b5754368bd26a950876c56ed199f89000cb458dee7ca6907f27cf6143be11ed,capturepallet10,day
data/pallet/raw_data/outside/capturepallet10/rgb/1778654258057608960.png,64eccefc565ad8e5155f53d9370c2d6c56248729fba12d8f12acd1686d4ef5d5,capturepallet10,day
data/pallet/raw_data/outside/capturepallet10/rgb/1778654258124996096.png,e1cfd423b6f759c52ef10d6f8d696e7759d993c61457dfe82f2c90ac744bc5d4,capturepallet10,day
data/pallet/raw_data/outside/capturepallet10/rgb/1778654258192147200.png,b9d8c1cc512d90abcef44bb553e2b81d68a855253af60222960a4f347c040a97,capturepallet10,day
data/pallet/raw_data/outside/capturepallet10/rgb/1778654258259302400.png,fbd1c7b90e98e07b89ca356e2f4838f1b31f42714ee15c8b84fae121deb41b05,capturepallet10,day
data/pallet/raw_data/outside/capturepallet10/rgb/1778654258326615040.png,74d568b50a132257b25271aa31eebc1b53fa4664480c171ee93686627cb28342,capturepallet10,day
data/pallet/raw_data/outside/capturepallet10/rgb/1778654258393893376.png,098a20b45927bdf8ef659a4f169c12f314636254e3f12a63d21c3b74ef9169e7,capturepallet10,day
data/pallet/raw_data/outside/capturepallet10/rgb/1778654258460758272.png,deec028b079051f3b9714e0a6687a1aa1402e42421cb8a1160b42a2368707495,capturepallet10,day
data/pallet/raw_data/outside/capturepallet10/rgb/1778654258494444288.png,9ee965050d23d1ae8909471222b1ce2a98a1ba05b7446f7356d4289853ffbdb4,capturepallet10,day
data/pallet/raw_data/outside/capturepallet10/rgb/1778654258561636096.png,c49ee0b340cc8d07548facac2c47c5bdac4c72dcb9036a7126265ac4ee25744f,capturepallet10,day
data/pallet/raw_data/outside/capturepallet10/rgb/1778654258629041920.png,37ee525616453d9ff9e26bb8a5e50886a0a2b53ad5161df47d8b4fb01bda4d11,capturepallet10,day
data/pallet/raw_data/outside/capturepallet10/rgb/1778654258696191744.png,450d7f8a7d86b71959b280b1cadff8ff373c206f653271a0aeb89e7f8fd75375,capturepallet10,day
data/pallet/raw_data/outside/capturepallet10/rgb/1778654258729703168.png,cff2e82e55af71a2000c8022699846b19c82d574a6c3e8c86e1333ebc377d281,capturepallet10,day
data/pallet/raw_data/outside/capturepallet10/rgb/1778654258830384896.png,da5ced4fd532517b325f04299750240d5355c7ed093d402538e48444488a7cc8,capturepallet10,day
data/pallet/raw_data/outside/capturepallet10/rgb/1778654258965233664.png,24dc3f3ec21652a2f0d394a28650c5fb47466b536d2603337b8c3c4989e3b206,capturepallet10,day
data/pallet/raw_data/outside/capturepallet10/rgb/1778654259099659776.png,72881d801f70734e65375ca3f44b0b8e70c669f104741189bd759b5c7c37332b,capturepallet10,day
data/pallet/raw_data/outside/capturepallet10/rgb/1778654259199956224.png,e689d7a6440219f75490c54e3fd6bdaef21ddf42b910d222c4e09fd5a6fcd680,capturepallet10,day
data/pallet/raw_data/outside/capturepallet10/rgb/1778654259267137792.png,9f044cbc8f8cc22f8ae42fa931539f490c8e847cf447047a0f60cf2b7dc8cc19,capturepallet10,day
data/pallet/raw_data/outside/capturepallet10/rgb/1778654259334622976.png,cf18c851ca0e0ab386e21e6cef380f436cc806429a8aff1a3bddfe874cd1afbd,capturepallet10,day
data/pallet/raw_data/outside/capturepallet10/rgb/1778654259368158720.png,9a1c6dded04bb8f7c97cd604a7260777711c1d00b372e5733eb16e8486be7496,capturepallet10,day
data/pallet/raw_data/outside/capturepallet10/rgb/1778654259435329024.png,46dd30cf811f61130c96a6463e7f99a1274aba98847cd52fb736c65a5e3420c9,capturepallet10,day
data/pallet/raw_data/outside/capturepallet10/rgb/1778654259502456064.png,d0e981b002f3f3a55dd356434c0d40c5284bc936a605188cef0274259b26d02d,capturepallet10,day
data/pallet/raw_data/outside/capturepallet10/rgb/1778654259569619712.png,99a17182693f41e95b93419a97b556215376e8d5d0cb4827bff2ff99de47ed84,capturepallet10,day
data/pallet/raw_data/outside/capturepallet10/rgb/1778654259603277056.png,1f474837c07f3b03760b36cd84a4db2dfdd51da65cff1de8e20aa2de2fb9c526,capturepallet10,day
data/pallet/raw_data/outside/capturepallet10/rgb/1778654259737969664.png,34044ac1334d3d0d96dce952ffe07023c8694ccac6fc9225ae089513e6e0cc87,capturepallet10,day
data/pallet/raw_data/outside/capturepallet10/rgb/1778654259804742400.png,474e7ee13fec726a339df2e7f13e2c133536270e796021b293ea90fd2b57abca,capturepallet10,day
data/pallet/raw_data/outside/capturepallet10/rgb/1778654259838368512.png,9085387f07f0e7f76eb17e5f5e2b1cbc233282b49bf465cebde46a64e71260a0,capturepallet10,day
data/pallet/raw_data/outside/capturepallet10/rgb/1778654259905491200.png,8844fe59ec5d1c51c387c5478560aca60c5b1d50e1e5068ba163fa30e8edc377,capturepallet10,day
data/pallet/raw_data/outside/capturepallet10/rgb/1778654259972941056.png,026e360ab6c0612dcdcb3284b38132502d28cb5f5f8b2d94b1f8b98394c2ac3f,capturepallet10,day
data/pallet/raw_data/outside/capturepallet10/rgb/1778654260040081664.png,8e80e6756fb03a38d960b477c391876886c2e706e4bdbe1bde4e4fef71799e4c,capturepallet10,day
data/pallet/raw_data/outside/capturepallet10/rgb/1778654260107364608.png,3a66a5207c46d81b575cd6343f0e13cdaa27703bfe0c42a50b4d4c339989644a,capturepallet10,day
data/pallet/raw_data/outside/capturepallet10/rgb/1778654260141041920.png,6eff884f78c29d5e73311261b8037fc9888b0a7bb0b02d44a7b4d3ca67115a12,capturepallet10,day
data/pallet/raw_data/outside/capturepallet10/rgb/1778654260208011520.png,c6ec88482c07f004bcac68244145bd1205c5ebac907ba3b5b97df0eab86c84c3,capturepallet10,day
data/pallet/raw_data/outside/capturepallet10/rgb/1778654260275284992.png,1040715779d1b6aa4c2560068817ccad83536e5c797e836d3e87b1e078eecca5,capturepallet10,day
data/pallet/raw_data/outside/capturepallet10/rgb/1778654260342743040.png,190dc1926a95a846c0699d2e7556e11c9af6c927eef534d8da8b801fc6996a28,capturepallet10,day
data/pallet/raw_data/outside/capturepallet10/rgb/1778654260409474816.png,03a0d653b0f0db46191e490b70d594f4c35f9d9c27fcce0a3878a01849360b1c,capturepallet10,day
data/pallet/raw_data/outside/capturepallet10/rgb/1778654260443072256.png,7e9c1d6bf7f89e1805134060dee1f0e64e25d5f9365f92e34208412e8e3fe11a,capturepallet10,day
data/pallet/raw_data/outside/capturepallet10/rgb/1778654260543868160.png,801644e31499a3d7f78725f627b1c40ed08c65172188925a5c6c5d11d1d48314,capturepallet10,day
data/pallet/raw_data/outside/capturepallet10/rgb/1778654260577479936.png,fbbfcf45ee5c3a5a70fdc66b7080a7b9e58eb8ecbad6ea0f351a04b62815f340,capturepallet10,day
data/pallet/raw_data/outside/capturepallet10/rgb/1778654260644715776.png,e945dd1a070ae61ba4495a6355a888208401a021fd4599c72bdc04f35ff03b77,capturepallet10,day
data/pallet/raw_data/outside/capturepallet10/rgb/1778654260711967232.png,2ea0dc2454d2bfa1de3f907415c7ff4b67221a10ff11b781807f15fd2d1a9ace,capturepallet10,day
data/pallet/raw_data/outside/capturepallet10/rgb/1778654260779043328.png,d4a82d10dbdc457fb9d313351f873b771c0702ae70efec059c0b5f91268de941,capturepallet10,day
data/pallet/raw_data/outside/capturepallet10/rgb/1778654260846394368.png,b4ec92b686b9eebf4ba0f3bb71144fa93f4e5606049e8f79522800d5651b631d,capturepallet10,day
data/pallet/raw_data/outside/capturepallet10/rgb/1778654260879831296.png,5ad53cbf74ca7ff7ce63041faa8cedb341fac8f6e6a02cc2392d3b4c61ecf550,capturepallet10,day
data/pallet/raw_data/outside/capturepallet10/rgb/1778654260947078400.png,d3675468063b0d5a8df7b73688303c09aa9b020e923017b5c00cfcb8a2b35849,capturepallet10,day
data/pallet/raw_data/outside/capturepallet10/rgb/1778654261014237696.png,10dde3c64ec34cd805e67b72c335c175d0f601e0d1efce19b234ad96c580b7a7,capturepallet10,day
data/pallet/raw_data/outside/capturepallet10/rgb/1778654261081543680.png,caeba265d44af1e5bdd4ba8a541a60aa8a785f9cde93b2c00fd6ac017268ea0a,capturepallet10,day
data/pallet/raw_data/outside/capturepallet10/rgb/1778654261148579072.png,ecec9bb8f5a2d155a35a13ce45a5b616fb5dfbc7f5e82b18b9dcbae4e72e07ff,capturepallet10,day
data/pallet/raw_data/outside/capturepallet10/rgb/1778654261215856640.png,967f4ac2cfe5259b33636bba4c98527072f9883b17c9b891a46e4169b2b4aac3,capturepallet10,day
data/pallet/raw_data/outside/capturepallet10/rgb/1778654261283070720.png,535d4588e9a90c878ecef45bd5d13b7262a5c268a67a4d078651e4f65312057b,capturepallet10,day
data/pallet/raw_data/outside/capturepallet10/rgb/1778654261316782080.png,5b7f9c7c6c4e0f265e74d3eb80e316a0e99d3d0996eb87e63c1773b031deef03,capturepallet10,day
data/pallet/raw_data/outside/capturepallet10/rgb/1778654261383827456.png,d601b24f7df027b3abd6deb13d715b72bb544795762a25ebd7bda6f698dca17e,capturepallet10,day
data/pallet/raw_data/outside/capturepallet10/rgb/1778654261451333888.png,f604877b4e568ae8e2de2dcac8c170fc65a6e745e2ea824fb8eca21d4b391d50,capturepallet10,day
data/pallet/raw_data/outside/capturepallet10/rgb/1778654261518210816.png,9e00d9ffc781a6242b47ca99673abf60800d8ae2c8fe5147137835bb40a896f7,capturepallet10,day
data/pallet/raw_data/outside/capturepallet10/rgb/1778654261585851648.png,f0540bbb0b548205c5738ab761d6ec2c5f9c31342dee02cd98324ec68f2ae8ce,capturepallet10,day
data/pallet/raw_data/outside/capturepallet10/rgb/1778654261652653312.png,e927100636e64a39014f0e4372e53774673dd2acec48c8c7bfc0d887becd8a99,capturepallet10,day
data/pallet/raw_data/outside/capturepallet10/rgb/1778654261719695616.png,f1fe2bbbfd7d6a58fe882f4c70191a17cb91e8ab7162b7f1c2af57a0689fc789,capturepallet10,day
data/pallet/raw_data/outside/capturepallet10/rgb/1778654261787079680.png,3028d2abbcb4ee5bd54205abeeb81b7a8e033f014ecc2f2342b203520a7c6195,capturepallet10,day
data/pallet/raw_data/outside/capturepallet10/rgb/1778654261888550912.png,0393b1c8b8c0e399ab8984468731a5821ac43db036e75743ae2aa2993c0309fa,capturepallet10,day
data/pallet/raw_data/outside/capturepallet10/rgb/1778654262056157696.png,1d4d339a5d28012dfe5f22a4df8c6043aaad29b52e9d66f9e1eaee7b0ab6519a,capturepallet10,day
data/pallet/raw_data/outside/capturepallet10/rgb/1778654262156482048.png,858c9c9e5b64bcb3168a880865967529d166e8c4874054cc490f8447b15103e4,capturepallet10,day
data/pallet/raw_data/outside/capturepallet10/rgb/1778654262190145280.png,b5d94f2764ceb2fddd0f1c77d2cb2d2cfe20e93ee0002450937dc60bb13c9555,capturepallet10,day
data/pallet/raw_data/outside/capturepallet10/rgb/1778654262290844416.png,3217a3c036bb431c2b83d459cf67cae91acf8053e2e10225e82ff37540aac04e,capturepallet10,day
data/pallet/raw_data/outside/capturepallet10/rgb/1778654262358025984.png,1bdb9b025eaa9c82d033a9f6b1b07e14301b1b860137d2766467e604fbca4218,capturepallet10,day
data/pallet/raw_data/outside/capturepallet10/rgb/1778654262391774464.png,588590cc50f3a470aa3a92a7f5b8fb2ccddae4a713471a58e07c30ded8961bd7,capturepallet10,day
data/pallet/raw_data/outside/capturepallet10/rgb/1778654262458865664.png,bea9c48797cd73098903e0c60c20ca80b15eca2df3b64a69cfbbb89336d77210,capturepallet10,day
data/pallet/raw_data/outside/capturepallet10/rgb/1778654262526063360.png,19842a3dbfa01f0ddb9020f809d5d4904f982c283f07a0bd853fb5a82ad37a54,capturepallet10,day
data/pallet/raw_data/outside/capturepallet10/rgb/1778654262660649984.png,c0440d448f9678ff28dd947a23231bd5264d0ad2ff1065ff4cfa2e3d1cd26a99,capturepallet10,day
data/pallet/raw_data/outside/capturepallet10/rgb/1778654262795046912.png,e1450a698216acbb6990f4d56dcdaf3b7f3c5b03f59f8ab9b5d40938c036d704,capturepallet10,day
data/pallet/raw_data/outside/capturepallet10/rgb/1778654262895621632.png,a78067ff7d9e6b2aedc0c39f094214838d6ca5c0dc720c713273a123d277600b,capturepallet10,day
data/pallet/raw_data/outside/capturepallet10/rgb/1778654262962894336.png,1af2338e34ebe037292afd55b0221fabe72d5a3ccaedad07134335d5a1432433,capturepallet10,day
data/pallet/raw_data/outside/capturepallet10/rgb/1778654262996560896.png,bbe8d6a6c9c76df97e39128d67186e838f11a383ac6a981ee22d500251a3afe5,capturepallet10,day
data/pallet/raw_data/outside/capturepallet10/rgb/1778654263063634432.png,20a7997e2773fec54a46595081e98a67f90f047714e959a814c3b5ea6646fa7d,capturepallet10,day
data/pallet/raw_data/outside/capturepallet10/rgb/1778654263130821632.png,ce586fa4f54881e7d19046bb96aad52c936b54543d9a689b7d9dcf5a0215b7c3,capturepallet10,day
data/pallet/raw_data/outside/capturepallet10/rgb/1778654263198031616.png,1c19a0f72d69b7591d42afbc269881490128497d619cf1ab0f7d2b50074a1b96,capturepallet10,day
data/pallet/raw_data/outside/capturepallet10/rgb/1778654263265234432.png,db105fdb9c2395b1c8d5bf6a2319934eb0693689bd4068d33f9cfc98d36b6ea0,capturepallet10,day
data/pallet/raw_data/outside/capturepallet10/rgb/1778654263332670464.png,71ec74f5e00161a38ad7af01d27eb558e2fc414bff92f846f3378ef032ce02e6,capturepallet10,day
data/pallet/raw_data/outside/capturepallet10/rgb/1778654263400087040.png,bd47b18d757fabb82d959a3ee2b7b9dae11e97c329c0b07628fe19fe0be03509,capturepallet10,day
data/pallet/raw_data/outside/capturepallet10/rgb/1778654263534148608.png,20ed3175e8e05f2468f87c78b0e97162da6e51d5d9a024858871004a016c3165,capturepallet10,day
data/pallet/raw_data/outside/capturepallet10/rgb/1778654263601327104.png,928af5c87886bf5ac31ba4060312da3e4c59fcaf8272959dd2ab6681908efed4,capturepallet10,day
data/pallet/raw_data/outside/capturepallet10/rgb/1778654263668656128.png,75d5ab8203b06cd5fb818345dbebb79bd8f2e68daa055f9b77be7f14f704657c,capturepallet10,day
data/pallet/raw_data/outside/capturepallet10/rgb/1778654263735554048.png,cd1e3bf0d741b04c7d82e0ba08020f10a58aa9323f06675bd067e149975a346f,capturepallet10,day
data/pallet/raw_data/outside/capturepallet10/rgb/1778654263802729216.png,1b4ef8ec681280dcc249f90ef261bf55737164e8a14ac46d7d0e3aa5d9d3e951,capturepallet10,day
data/pallet/raw_data/outside/capturepallet10/rgb/1778654263836366592.png,347bb429a33b1b09e033892838edbca36210ddda8c4a2f544635fb5df3136bc9,capturepallet10,day
data/pallet/raw_data/outside/capturepallet10/rgb/1778654263937200640.png,0264fdd5369e4699dea581cbfd90363f96eae25fde42ae54394677aab49a32ee,capturepallet10,day
data/pallet/raw_data/outside/capturepallet10/rgb/1778654263970674432.png,6808d3e7a976d608dbb060f707541bc522d40a5f1d9dc322d8ac1ba753d17279,capturepallet10,day
data/pallet/raw_data/outside/capturepallet10/rgb/1778654264037931520.png,8761172a08f5a3e6d74e40a11d6fc4b6275f3a03299b5b6ca7146150b83dfd68,capturepallet10,day
data/pallet/raw_data/outside/capturepallet10/rgb/1778654264105253888.png,8441e31349d2799bba9f040e4897d32494afecb4ee19fd19113d71200426d1ff,capturepallet10,day
data/pallet/raw_data/outside/capturepallet10/rgb/1778654264206187520.png,8830e7725a882cd28ec09ec065be2c56779456fd8003177fdd7bae9ed8061fc1,capturepallet10,day
data/pallet/raw_data/outside/capturepallet10/rgb/1778654264307409920.png,987ca2dd39bc2e95eb157667f2b26d58eb9dc8c442453efc310632dc5c995756,capturepallet10,day
data/pallet/raw_data/outside/capturepallet10/rgb/1778654264441237504.png,ad8e3bd3b07ee4b5c7c5e06d0dc3136e8e5dc726fa2fd6053080b4103966673b,capturepallet10,day
data/pallet/raw_data/outside/capturepallet10/rgb/1778654264474770432.png,c5a24aa83ef59c28d67c1183a0213b845babe5ae153407262f16488131d0fa68,capturepallet10,day
data/pallet/raw_data/outside/capturepallet10/rgb/1778654264541911040.png,37b4a88749acc1ea762f0a93fb3f286131a796cecc2068121c3ff7cb33fc36ed,capturepallet10,day
data/pallet/raw_data/outside/capturepallet10/rgb/1778654264609974272.png,f2aac01c4dd7a5ee33f39899fd8ed873ca3196f1b8b5601d7a6987f8c7a48b45,capturepallet10,day
data/pallet/raw_data/outside/capturepallet10/rgb/1778654264676283648.png,36d60ce64adf10ec2174917a87b9fc38ea91e481cfe4a6f20c770790e7dd1d8b,capturepallet10,day
data/pallet/raw_data/outside/capturepallet10/rgb/1778654264743464960.png,43228cd955dabead4dfc8b15d19699b525da00164dfb2ac304ec31b81c13aa93,capturepallet10,day
data/pallet/raw_data/outside/capturepallet10/rgb/1778654264810700800.png,9dcd1896a397e6ae3d485ff75fa5e39dce429f19856e7af20e1a517198cc97a4,capturepallet10,day
data/pallet/raw_data/outside/capturepallet10/rgb/1778654264877845248.png,a6e8846fe77544e9637b83ce8e0d328d387f93059e82d687bb436b40dd73bcab,capturepallet10,day
data/pallet/raw_data/outside/capturepallet10/rgb/1778654264978774272.png,9cd5f74ce3dda70e19bc5fb62884cea483c895888baf2a01e0fc2c61b2b4de78,capturepallet10,day
data/pallet/raw_data/outside/capturepallet10/rgb/1778654265147222784.png,bb698ed12acd5f0f39502959f20f7580b42074a4ff87ed5a5c36110792b69673,capturepallet10,day
data/pallet/raw_data/outside/capturepallet10/rgb/1778654265247621120.png,1f428fc656002d0cbaf53f8c936e6789d12b9fc5cd30d53bfe6ccdaadd6e5892,capturepallet10,day
data/pallet/raw_data/outside/capturepallet10/rgb/1778654265314610944.png,69ba001be518cd037ec59c6c58aa279161b884af7dfbc396e6dd894c01f71d32,capturepallet10,day
data/pallet/raw_data/outside/capturepallet10/rgb/1778654265348451328.png,30297bd5ede15555693efa1a385755b19170c1f4e34647337094d9b0f3f33cce,capturepallet10,day
data/pallet/raw_data/outside/capturepallet10/rgb/1778654265415545856.png,699082081f9416d0b578c7fa3f8c2d88b923b4aea0edce4d11c96b8a412cab32,capturepallet10,day
data/pallet/raw_data/outside/capturepallet10/rgb/1778654265482921216.png,a62a97b54e8c2b103f9addae91a3ab43866df28cab2b481193cd02b783c89922,capturepallet10,day
data/pallet/raw_data/outside/capturepallet10/rgb/1778654265550062592.png,a9aba2bce84c0b39cd041f5a3aadec6ab69a188f869835937df29d78958648c0,capturepallet10,day
data/pallet/raw_data/outside/capturepallet10/rgb/1778654265650918656.png,584568561e71d0eaff27e12566942083d6d9da0e84a7fff7132b5fd0626de0e8,capturepallet10,day
data/pallet/raw_data/outside/capturepallet10/rgb/1778654265785180416.png,024d05b9a52b3b876d7818d071198cce9efa9f7d171e7a665bd95ffa84cff1c3,capturepallet10,day
data/pallet/raw_data/outside/capturepallet10/rgb/1778654265886225152.png,4b6cabb32a8b079f8bf913ac1c3029584d5f9677463775ad97817bd49072c657,capturepallet10,day
data/pallet/raw_data/outside/capturepallet10/rgb/1778654265986795776.png,8f008bdfba932e2bc62263307571cd95ad517e5632308d1dceeb453c7e561f95,capturepallet10,day
data/pallet/raw_data/outside/capturepallet10/rgb/1778654266054016768.png,de430f7e68f407313a9db7806cc2eccdb6c03ec6ce8d7f7745d6008722534689,capturepallet10,day
data/pallet/raw_data/outside/capturepallet10/rgb/1778654266154947328.png,f9984299e48400d619048a88e6ab8a094d14c40112db177049a845e02e73b228,capturepallet10,day
data/pallet/raw_data/outside/capturepallet10/rgb/1778654266221810176.png,558fceecd61def25036f9ecc757d7eda0a082d87d288b6163fa15650c8503f13,capturepallet10,day
data/pallet/raw_data/outside/capturepallet10/rgb/1778654266289098496.png,df67161ccd29de8279e6bd10da096c0d2132132d6b5e2f83728f262013069d5c,capturepallet10,day
data/pallet/raw_data/outside/capturepallet10/rgb/1778654266356545280.png,cdb3622f7a8b857c0257472029bf758876ec1d76b99aca646704a3098bfcb29c,capturepallet10,day
data/pallet/raw_data/outside/capturepallet10/rgb/1778654266490424832.png,7429d69118adc7524f8f1ca10186f3311aa8694bdf2948a8e7bdcbda16b6ba2d,capturepallet10,day
data/pallet/raw_data/outside/capturepallet10/rgb/1778654266625149696.png,baefea56b69cd09799bf088ae41129f7a312dd8e435ce50db278a1d9d88c4d90,capturepallet10,day
data/pallet/raw_data/outside/capturepallet10/rgb/1778654266691976192.png,a754024fbe5e8f85486e57b873f0a955063024b86046c5a69e40acd194de8781,capturepallet10,day
data/pallet/raw_data/outside/capturepallet10/rgb/1778654266759219456.png,f40f98dd69f68fffbf9a2df5ac64e1d0467c8724b01456c4c91aec756f6bb327,capturepallet10,day
data/pallet/raw_data/outside/capturepallet10/rgb/1778654266826723584.png,eb0bd68e567a957c368dafa4297bf1df381fc6a806212407de1a5d808a1adf8f,capturepallet10,day
data/pallet/raw_data/outside/capturepallet10/rgb/1778654266893588992.png,57cb1fa74630a039fcd03eb36db9bfb43bf47a56486a1ffe5b3ba9edf4491444,capturepallet10,day
data/pallet/raw_data/outside/capturepallet10/rgb/1778654266960899328.png,c98304a528ee0932d543686d2bddef5ede162fa2261e6114a9f47329d4dd8af7,capturepallet10,day
data/pallet/raw_data/outside/capturepallet10/rgb/1778654267027938816.png,a81d91b0333d86a033a43178770b41fef57f513cd97f81f3401ad9e525444f73,capturepallet10,day
data/pallet/raw_data/outside/capturepallet10/rgb/1778654267128850944.png,a04e12fc85e4f762a222c5a9d0a37528629f28c01b40b9fb3281acd439191a3d,capturepallet10,day
data/pallet/raw_data/outside/capturepallet10/rgb/1778654267229726208.png,63bcf8b62484f07a1cab89ed7331ff7dc3503ff9b470e6a0b6bb6e5b79ccbcc8,capturepallet10,day
data/pallet/raw_data/outside/capturepallet10/rgb/1778654267296883712.png,a0a50e4a5ab6caa39f945e2b1c99a24b9a39284c04a2a0f8b7ee905b7f0c65eb,capturepallet10,day
data/pallet/raw_data/outside/capturepallet10/rgb/1778654267364008704.png,6acb68976c6761b3b634ed2ba610b7fd0fe945270b698f740089b34519c86b4c,capturepallet10,day
data/pallet/raw_data/outside/capturepallet10/rgb/1778654267464835584.png,b2e50790f1f00f87987b8c2a4a614f525aafec1a527677422438e5de2b8eb8fa,capturepallet10,day
data/pallet/raw_data/outside/capturepallet10/rgb/1778654267532060416.png,74a71a1a0dd59889b2f09791cb7bd56446987e7d212439e0172db4013a84c6e4,capturepallet10,day
data/pallet/raw_data/outside/capturepallet10/rgb/1778654267599252736.png,1b15a3f2973ec7d2645410e0216edad8e003eb32a38feb8854a8c9ea5a5cc0e9,capturepallet10,day
data/pallet/raw_data/outside/capturepallet10/rgb/1778654267666572800.png,10fbdf7c0a7943939f8a0435db4d702b55bbfc13da7e23c27a55108e4e4e0252,capturepallet10,day
data/pallet/raw_data/outside/capturepallet10/rgb/1778654267733756416.png,e93eb78d00f360af370bfaa3cbac2f6e58642aa0cb5e5bd4468e763494c8e72f,capturepallet10,day
data/pallet/raw_data/outside/capturepallet10/rgb/1778654267800808960.png,ce9760ec0c175a600278bc1381e01efa5d53cd095300e65443076b5ecc909a97,capturepallet10,day
data/pallet/raw_data/outside/capturepallet10/rgb/1778654267868220416.png,efd01da1e3362f5838f288f1d48c8675bbc05577cae36296e85563eb81c5bce5,capturepallet10,day
data/pallet/raw_data/outside/capturepallet10/rgb/1778654267901781248.png,e01727d723394039cf020e6c66a53163ccd5beda938c68da4608b1c8d874c46c,capturepallet10,day
data/pallet/raw_data/outside/capturepallet10/rgb/1778654268002521600.png,c74b25c6f5f570d70440114764e6afc611dc00de7d935bd2bea53ccd9a93a479,capturepallet10,day
data/pallet/raw_data/outside/capturepallet10/rgb/1778654268137499392.png,2b6c09483619c37002fd0af947df520af424b410d75ec40214acf320b5d3121f,capturepallet10,day
data/pallet/raw_data/outside/capturepallet10/rgb/1778654268271720704.png,e1ce0aa52a2c7b683ef5d4d1bc959e01dc27740d6ab1044065a6d220726f4cef,capturepallet10,day
data/pallet/raw_data/outside/capturepallet10/rgb/1778654268338570240.png,5dddc03b80c55cd3558114cb66e5e21eaec159b34f5c39738df45eb44342be29,capturepallet10,day
data/pallet/raw_data/outside/capturepallet10/rgb/1778654268405709312.png,682614c9136f8a882a0c315568adb17a8f312fd14e691e3cbafdcbf1e08157fe,capturepallet10,day
data/pallet/raw_data/outside/capturepallet10/rgb/1778654268472717568.png,d2ba2e37a8142c7f5fc410328d2c75f8cc9c46cbade5f33ffc6bb19c9a4e2b0a,capturepallet10,day
data/pallet/raw_data/outside/capturepallet10/rgb/1778654268506296064.png,cffc0112ce2338b5442194278e53a62758e8e65d0717c56142e921130a06dc3a,capturepallet10,day
data/pallet/raw_data/outside/capturepallet10/rgb/1778654268573537536.png,ce3ae93fe6f0272e7d19b23d3e316f7278f6aeea260ee198095070a2afc22966,capturepallet10,day
data/pallet/raw_data/outside/capturepallet10/rgb/1778654268640824576.png,b5a0e1954720c117d8c0482bcf4ab012e48344145227c945dd6bfcb298d30bd2,capturepallet10,day
data/pallet/raw_data/outside/capturepallet10/rgb/1778654268708818944.png,6e45621a03f3cd9015beb0b5b2fa1fcfd6f108b52b141d05cdea239ac040d185,capturepallet10,day
data/pallet/raw_data/outside/capturepallet10/rgb/1778654268775084800.png,1f95be44fa4c318abafcd25c6bddf13f0d6753b4b1611b71645ebc0f5654c59e,capturepallet10,day
data/pallet/raw_data/outside/capturepallet10/rgb/1778654268842442752.png,005c22b81552e95d6db376400ef87efd2da364fb288dc348f717482c8900d93b,capturepallet10,day
data/pallet/raw_data/outside/capturepallet10/rgb/1778654268943357696.png,21de1f5b3403741dc950486204e3bd621f5b9fa2b8407895056a08432f7a3442,capturepallet10,day
data/pallet/raw_data/outside/capturepallet10/rgb/1778654269044076800.png,a273aabee90e707b1cf44c01ba70e23f838c43c28f909ac758800855fda764d7,capturepallet10,day
data/pallet/raw_data/outside/capturepallet10/rgb/1778654269111232512.png,c71367eb45eed299f8580ca3968a86727acead277b878060302950aa0e6be330,capturepallet10,day
data/pallet/raw_data/outside/capturepallet10/rgb/1778654269144896512.png,d36e87f50993a1a1d520ee1a8087a46fdc67722d743ccc96dcae5078054c416f,capturepallet10,day
data/pallet/raw_data/outside/capturepallet10/rgb/1778654269245831424.png,943b12e2e9335bc1644a3ab5eba83261226c68d4f4d8a60193c273ae340ecab4,capturepallet10,day
data/pallet/raw_data/outside/capturepallet10/rgb/1778654269279186176.png,9baa5dfabdefbd4e5417200ee466fccb38a869acea9a405707a033971d1c143c,capturepallet10,day
data/pallet/raw_data/outside/capturepallet10/rgb/1778654269346206720.png,c0c8523fdacab095fb4640b08753cc3aae5cc7fc96cf10716de913e0c0c34c4d,capturepallet10,day
data/pallet/raw_data/outside/capturepallet10/rgb/1778654269413641728.png,19fa151ab7f99191866174ce62ac13aec13ad40dd49311ed660ceeca17fdfaa1,capturepallet10,day
data/pallet/raw_data/outside/capturepallet10/rgb/1778654269480674816.png,cc3ec37f3f31a5919c56f7c269ed2857a4566ab304c54d52b8591fdb1ed39e0b,capturepallet10,day
data/pallet/raw_data/outside/capturepallet10/rgb/1778654269581591552.png,fdf7869d997b43e69bd14b9cbbc20c481edb695fb7dc91c46a8871c5d3c0426c,capturepallet10,day
data/pallet/raw_data/outside/capturepallet10/rgb/1778654269716251136.png,c4ac2cb1fcf9efd670600667c1de711e03fdde99979c1253820275eff1d0cddc,capturepallet10,day
data/pallet/raw_data/outside/capturepallet10/rgb/1778654269816573952.png,f971a84a2fc00bdf1a06a75752cc778565e15bda8e5bc5b88a8765519e17fedc,capturepallet10,day
data/pallet/raw_data/outside/capturepallet10/rgb/1778654269850290688.png,f1402807fb12a32177cdfbc66d38904184fba68c02c5d72b45c85aa5a48932c7,capturepallet10,day
data/pallet/raw_data/outside/capturepallet10/rgb/1778654269917461248.png,cdba06314ae98c779cad168938f6882d5591b39ea508e61ae40438cbf01e3256,capturepallet10,day
data/pallet/raw_data/outside/capturepallet10/rgb/1778654269984643584.png,4435e97a1d02645f6e6d86cc241e637f31ef2581d893aa9dcf1ce7e57e45a55e,capturepallet10,day
data/pallet/raw_data/outside/capturepallet10/rgb/1778654270051808000.png,f684dc01c7ccd5bd2a5d7008d76c72cad0238021b115def1ea853ece091e80ea,capturepallet10,day
data/pallet/raw_data/outside/capturepallet10/rgb/1778654270119199744.png,b97c357aba65223dbc0661d9d3b68695fb26cbe4055e439d04581929b9876296,capturepallet10,day
data/pallet/raw_data/outside/capturepallet10/rgb/1778654270186441984.png,94192bfb089a05a6ee6861e2ca3d17e5248ba7ff5ed6951aa322087a46822e1a,capturepallet10,day
data/pallet/raw_data/outside/capturepallet10/rgb/1778654270253594624.png,4cbd9d21da72a3de72396db85e219aa2b424c0da5f1266d3bb59b18089985d73,capturepallet10,day
data/pallet/raw_data/outside/capturepallet10/rgb/1778654270320509952.png,1cd7e0187c7ef131e1a42bb7c37b41307bb2447b4f1a9fe7d523056cd41e7b13,capturepallet10,day
data/pallet/raw_data/outside/capturepallet10/rgb/1778654270421716480.png,0008d081e9e1e5101e459c18f402be4d189301562401cc7f3277a24ca1d4674c,capturepallet10,day
data/pallet/raw_data/outside/capturepallet10/rgb/1778654270589627136.png,82661969c3078cd1418e9dbc4659b4ca96e06b358940b243a0b8625dd07f9958,capturepallet10,day
data/pallet/raw_data/outside/capturepallet10/rgb/1778654270656743680.png,78fda58274ff22840d3072ff28ece6a9ca06441b93936f0bb33fc7ddbe42a8e9,capturepallet10,day
data/pallet/raw_data/outside/capturepallet10/rgb/1778654270723738880.png,da5c245ea7dbc36363ecab1a995cf4f2ab36804399921496c8124b3fb297ab31,capturepallet10,day
data/pallet/raw_data/outside/capturepallet10/rgb/1778654270790864384.png,dceeafa9d044c40af464ba8ad53eae968099999ddbc4d792b63ae89aa9f2f9f9,capturepallet10,day
data/pallet/raw_data/outside/capturepallet10/rgb/1778654270858054656.png,c24865c08bd3d2ab19e9b1f5707fb81c0bfa519cd24daa3d589e9037ae03c91f,capturepallet10,day
data/pallet/raw_data/outside/capturepallet10/rgb/1778654270925173504.png,234db6780c506ac815a444871c10f66843596ff8e7f50c35179ca3180b1eaa25,capturepallet10,day
data/pallet/raw_data/outside/capturepallet10/rgb/1778654270992378368.png,9b0efdecb1d895566fc337dec242d253dc8ab32661fd8283e05933853b0de05e,capturepallet10,day
data/pallet/raw_data/outside/capturepallet10/rgb/1778654271026024704.png,c98b56d25f1d137ad6a8bb381da1c08a978d003b1bbf85dcf27f1e0070b4b2fd,capturepallet10,day
data/pallet/raw_data/outside/capturepallet10/rgb/1778654271126941952.png,a4f3ae2334aa0652abf89520ea36014bbf97e056879050b863983bce550bbdda,capturepallet10,day
data/pallet/raw_data/outside/capturepallet10/rgb/1778654271228076544.png,fd4c226d68606b068ee9fe7ddcffb9af6077678e9b9d9dd977e6cf38264dce46,capturepallet10,day
data/pallet/raw_data/outside/capturepallet10/rgb/1778654271362358784.png,d597f82b3deb100d8a93187ea63ea23fed4de5f20c0873b160884d64b646d352,capturepallet10,day
data/pallet/raw_data/outside/capturepallet10/rgb/1778654271496565248.png,0f317a3e2b766236d9d988c32e9db888d28bebe89e277f939d001fb5e4741281,capturepallet10,day
data/pallet/raw_data/outside/capturepallet10/rgb/1778654271563833600.png,b353d3cf4792fa1059cc011e99dfc941917f9e336f4db4e38f29fc39c6202f08,capturepallet10,day
data/pallet/raw_data/outside/capturepallet10/rgb/1778654271630771200.png,b7688e53a62dbfc0ceec93f29abacc12d9b57e6dfac4273ca89f6ba0a850c8fb,capturepallet10,day
data/pallet/raw_data/outside/capturepallet10/rgb/1778654271698082048.png,6fbbf125307f194f1ee48d2fee93ce2580bc8f3fc9de6cfa0dffe1b442bc82a5,capturepallet10,day
data/pallet/raw_data/outside/capturepallet10/rgb/1778654271765154304.png,cd1b89824b41a2ace44b6795a23f710d7019a4a844702be12415de744c74721b,capturepallet10,day
data/pallet/raw_data/outside/capturepallet10/rgb/1778654271832459776.png,a16dff1664071224aeaca41fe70d11a6a7cafc9aaccd42d5d2990ceb732df9ca,capturepallet10,day
data/pallet/raw_data/outside/capturepallet11/rgb/1778654476127902464.png,30d0c813706fe968f07ed96a80a3994f5f5808fb9845e0346bffc84094033f51,capturepallet11,day
data/pallet/raw_data/outside/capturepallet11/rgb/1778654476329507072.png,61e0ef02b085318a939f1c68aa5f8d2b2e8e935c3cad90df9257626e7b56279e,capturepallet11,day
data/pallet/raw_data/outside/capturepallet11/rgb/1778654476497681408.png,0f45f456c9a69c61e1e017c4fb01c31199a0e9bc2695888f5677c6b0839ad2f9,capturepallet11,day
data/pallet/raw_data/outside/capturepallet11/rgb/1778654476665335296.png,e51345edeae369de565c55a9690788f01170b49f109bb81ab1c4ff418c0f7ea3,capturepallet11,day
data/pallet/raw_data/outside/capturepallet11/rgb/1778654476765820416.png,182a6bcae878b86536ef17b8ce49ce95acafcde1c3cbaa0c63db8e1b006847f1,capturepallet11,day
data/pallet/raw_data/outside/capturepallet11/rgb/1778654476799631104.png,1b92fa9fe8a6dab6c5222c2d57312e9eb08d630db7924b6a053e95a20519bd81,capturepallet11,day
data/pallet/raw_data/outside/capturepallet11/rgb/1778654476866897920.png,de8d80b39f947c328f07dce25fb510a968bd412bd5cbd54740acb8a15739199e,capturepallet11,day
data/pallet/raw_data/outside/capturepallet11/rgb/1778654476933822720.png,2f2ce75c0f188556c9278fb1207d87a3c0c67ab935b97e19b8811da0a6d42232,capturepallet11,day
data/pallet/raw_data/outside/capturepallet11/rgb/1778654477001155584.png,fb154ebf6a605899448684d0c42382f34b4e62242f5618d8b02441dacad93624,capturepallet11,day
data/pallet/raw_data/outside/capturepallet11/rgb/1778654477102401536.png,c5b592ce2d13e52cedca6015b960816ed075ef990cb07f0fdca69950070cc4f3,capturepallet11,day
data/pallet/raw_data/outside/capturepallet11/rgb/1778654477169411584.png,59d4d71666cf1fc5ee3760aa09bb975ead7022e67e43bc7555b05037bec7ff3b,capturepallet11,day
data/pallet/raw_data/outside/capturepallet11/rgb/1778654477304326400.png,8f6cc0bd094817b88b8f9023a74500439d7257e8a88af380eb40aa122908950d,capturepallet11,day
data/pallet/raw_data/outside/capturepallet11/rgb/1778654477505511680.png,2becb1abeab695422589c2e6f09de32ca997fea0de7e4a818f8f761cb56cf854,capturepallet11,day
data/pallet/raw_data/outside/capturepallet11/rgb/1778654477606031616.png,85dd0d5837e44ef99ccf3eaf563b0ba951516a02639f8bf917d4843e58e48428,capturepallet11,day
data/pallet/raw_data/outside/capturepallet11/rgb/1778654477673197312.png,a2ee37d6077e6caf8862f9a23071218c86eda0ace627728c3bd929a7ca0af9bc,capturepallet11,day
data/pallet/raw_data/outside/capturepallet11/rgb/1778654477740207360.png,11ff722d82e4a2241cd6e4e56c1db3eb6b35caf4b4d0829876c6f30519cbb277,capturepallet11,day
data/pallet/raw_data/outside/capturepallet11/rgb/1778654477807456768.png,92da8e2da3b05401469484608179d0ed81903fe455f2408831333772a856e6ab,capturepallet11,day
data/pallet/raw_data/outside/capturepallet11/rgb/1778654477874660864.png,a21ae8d8dc4e48323ca94184ac5a0df361cc3c61bc4a57abc0467cbf3348b006,capturepallet11,day
data/pallet/raw_data/outside/capturepallet11/rgb/1778654477975388416.png,0ad365c92332a39243ed7b245eecbf6e1e6ca1d5cc14ec2765519c3338ab00af,capturepallet11,day
data/pallet/raw_data/outside/capturepallet11/rgb/1778654478009048320.png,6ac373342702437bf5b8deb1d0013d79ac8eddd5e51454e97bfb996f5c0f3ad6,capturepallet11,day
data/pallet/raw_data/outside/capturepallet11/rgb/1778654478076109056.png,ff2a4e05251f9b88b7971eda1c5878bc4c337b6bb568960a4f8c8ad248be6133,capturepallet11,day
data/pallet/raw_data/outside/capturepallet11/rgb/1778654478143244544.png,670461ca3dbbc538a2127cacb85d01b0b1dfda393d7ee8b2afff100aac20055e,capturepallet11,day
data/pallet/raw_data/outside/capturepallet11/rgb/1778654478210522624.png,b36295d3d5447a3bd32a7d6395f8c848dead9ee85d074671e7f0c3c992648431,capturepallet11,day
data/pallet/raw_data/outside/capturepallet11/rgb/1778654478277691904.png,82e166da15b17739f135942cf1dd96145b78636d1ea2ea1b382515c61df438b2,capturepallet11,day
data/pallet/raw_data/outside/capturepallet11/rgb/1778654478311329536.png,609d75c6e5fc94600d444bbbc31f38d835e9e7cd8e5da55765638dd89caf3c37,capturepallet11,day
data/pallet/raw_data/outside/capturepallet11/rgb/1778654478378491392.png,b0390bab56eb055b26e4c7544dddc03ba816e383dcafefad367b17c39f324d07,capturepallet11,day
data/pallet/raw_data/outside/capturepallet11/rgb/1778654478445550080.png,97fe397b1db0ae91d03c3af6d4b023c0367eded812043c82fe610ec7991dc305,capturepallet11,day
data/pallet/raw_data/outside/capturepallet11/rgb/1778654478479352064.png,251fdca93ee9a492481b98f077d9790bb80be317529cfc5954399f05f6f764eb,capturepallet11,day
data/pallet/raw_data/outside/capturepallet11/rgb/1778654478546557184.png,a5a2806b29f7ea4c8f879a248b7a6febd2a6fd1963e0e4ed26accd3f3fb0bd2e,capturepallet11,day
data/pallet/raw_data/outside/capturepallet11/rgb/1778654478613741824.png,859989ccbe328c0ade8625b9e7e0f73ef480109c5631b3b718d8ff3ae58e6b60,capturepallet11,day
data/pallet/raw_data/outside/capturepallet11/rgb/1778654478680727808.png,392e91a92d7f583bf69b63d8d5837530d4b2e702820e2f54943f3885a7fc7241,capturepallet11,day
data/pallet/raw_data/outside/capturepallet11/rgb/1778654478748195328.png,8dd19e8dbadbfc2d9363458867cc46686674532a62f0c1a99e2eb15ddd72634f,capturepallet11,day
data/pallet/raw_data/outside/capturepallet11/rgb/1778654478815154176.png,6d2a0e8d94e524131ae57cb55e5aa31d77d744a037217d26365741ecb4268df6,capturepallet11,day
data/pallet/raw_data/outside/capturepallet11/rgb/1778654478882588928.png,948aacf533e5dd626ab6c8f56163112adfd8d1b6be969ac0f7eb65cc893818f4,capturepallet11,day
data/pallet/raw_data/outside/capturepallet11/rgb/1778654478983611392.png,56a34e461beb772dc9d66752dd234f880c92e2654c7d530f7ae8172b603477e3,capturepallet11,day
data/pallet/raw_data/outside/capturepallet11/rgb/1778654479084191232.png,f19ddd4d8bfdac1598a2f7eb462af64ed1b39259235b2e7b3738281aab462b26,capturepallet11,day
data/pallet/raw_data/outside/capturepallet11/rgb/1778654479117755392.png,bd9ea756cf1aa9d4c337422398cd62d162d0aadff90b8f31bdf53df319160e32,capturepallet11,day
data/pallet/raw_data/outside/capturepallet11/rgb/1778654479185009152.png,e77bb5c7af8b188d04e4694cf023860218e79b20449e0a73812e52bcca63da34,capturepallet11,day
data/pallet/raw_data/outside/capturepallet11/rgb/1778654479252106752.png,67e8687718c886e385352671c87b5d3e8c89ca55c1508ed7ae2a8bc5cfd7ed26,capturepallet11,day
data/pallet/raw_data/outside/capturepallet11/rgb/1778654479319515648.png,f3f9d5c4d772adb626a24985f7fc01814b1c22cce4aaec712bcf35dd90543c69,capturepallet11,day
data/pallet/raw_data/outside/capturepallet11/rgb/1778654479386540032.png,3de6ac877d94d811974555213550493108402eba471081fb5a4a702bec259531,capturepallet11,day
data/pallet/raw_data/outside/capturepallet11/rgb/1778654479453569024.png,32c5f0ca379c36a2c53533424987dc1958b3331ea9771def1e9e47a2e9020bfe,capturepallet11,day
data/pallet/raw_data/outside/capturepallet11/rgb/1778654479520711168.png,cfaff371f3622b23ce787b4b8da6e751a9d9be77084a0de5f3c74b0376b9b869,capturepallet11,day
data/pallet/raw_data/outside/capturepallet11/rgb/1778654479588076544.png,bc03cd2d2d9c9fa1a65581895f6f34b6f1d540932a9ebde44099bbd72753bb8b,capturepallet11,day
data/pallet/raw_data/outside/capturepallet11/rgb/1778654479655237632.png,927e72a3b4f9a4042cd2495a7e33b43f4774680d19b2fccd4dc931144f9d1e12,capturepallet11,day
data/pallet/raw_data/outside/capturepallet11/rgb/1778654479722496000.png,125c13d31cd5a764d285d3da91986526acf572dc72379818d93d62dd82856d25,capturepallet11,day
data/pallet/raw_data/outside/capturepallet11/rgb/1778654479789595904.png,bfdc33e9b5709bf524e2e5424014593692b291668def956992eb9348e7548b76,capturepallet11,day
data/pallet/raw_data/outside/capturepallet11/rgb/1778654479823392768.png,6212509be740741c34d5d3e47c944075f48a33c8641b766e8963fab5bd1d9881,capturepallet11,day
data/pallet/raw_data/outside/capturepallet11/rgb/1778654479890480640.png,d20d2dfd17a8747ec824dfa1381e7930afeaaa8f5572cbad1b1115a865a27a6f,capturepallet11,day
data/pallet/raw_data/outside/capturepallet11/rgb/1778654479957465088.png,373f020b75039ce16a9aa5d4a5a8c121b774c00a9afad14f6a661890473e2e16,capturepallet11,day
data/pallet/raw_data/outside/capturepallet11/rgb/1778654480024841472.png,47228aef32e32a73f52d536c4a2e2d566435889602529734dcf63c0e65650d01,capturepallet11,day
data/pallet/raw_data/outside/capturepallet11/rgb/1778654480092263936.png,49c85229c80896b5314b0ef6ee6c3d803b773f7c6d759ba0062bf38503d5ec26,capturepallet11,day
data/pallet/raw_data/outside/capturepallet11/rgb/1778654480159048960.png,41109e9dc47e00d1ebc234f397b49ddfa26ef8efe4d52f4f6e2f2983e51cc9e5,capturepallet11,day
data/pallet/raw_data/outside/capturepallet11/rgb/1778654480193045760.png,e286f897f1232a3e97a94fcdfb575e6dbb0a00734cd8a95d38084867892e7b4b,capturepallet11,day
data/pallet/raw_data/outside/capturepallet11/rgb/1778654480293590784.png,86477253bb2761a355469f47faa22c209ee5da80b522162eaab6043f85057c72,capturepallet11,day
data/pallet/raw_data/outside/capturepallet11/rgb/1778654480428579072.png,33089e4676d7b3e24853c58066349a52eb3f3fa639c90be13f9189afddc09666,capturepallet11,day
data/pallet/raw_data/outside/capturepallet11/rgb/1778654480562592000.png,88c1ee1c322c38120c689d9e184b47b653e7cfe4b99634ebbe116d348f3483cc,capturepallet11,day
data/pallet/raw_data/outside/capturepallet11/rgb/1778654480663424000.png,b04c4b0ebd4830da046c3872324afeeea6fb3ddac473e534f2c67df0c42d9d74,capturepallet11,day
data/pallet/raw_data/outside/capturepallet11/rgb/1778654480797757184.png,8cefe76681a9948369ab2b69e2cfcba99155662dbb9e4772fae5c832c09b47b4,capturepallet11,day
data/pallet/raw_data/outside/capturepallet11/rgb/1778654480898311680.png,80023c853529af050e7585cdb99adb8bdd22626f03a4704d0d667eb1dc54d500,capturepallet11,day
data/pallet/raw_data/outside/capturepallet11/rgb/1778654480965462016.png,95ca5e9869ce28bb7e0148a4004ff7f2e65208a8c15f1d2f3c4e05127d52710c,capturepallet11,day
data/pallet/raw_data/outside/capturepallet11/rgb/1778654480999160320.png,7d40dd44d91b85f8d781f3f00fc2d692592bf952f0144ceafeb797f4360b9acc,capturepallet11,day
data/pallet/raw_data/outside/capturepallet11/rgb/1778654481066993664.png,729ea7385cae6206f2ef2c4eaaf5026c69de7ba30cf403b1eea5dad9a8f1bde1,capturepallet11,day
data/pallet/raw_data/outside/capturepallet11/rgb/1778654481133715456.png,99dec40adf28449ff73865e7346543e8208cd8a915cf0892df15fd3c796352c9,capturepallet11,day
data/pallet/raw_data/outside/capturepallet11/rgb/1778654481201243392.png,5b80cc9f839ad38cf9c20dc38b9d4351d541089f4d85ff0f0bafa025a8c178b1,capturepallet11,day
data/pallet/raw_data/outside/capturepallet11/rgb/1778654481267990528.png,83ab01676cd1968a85f561af90a547ff2b34c883088c6bb0d0bc5c9b2372de8d,capturepallet11,day
data/pallet/raw_data/outside/capturepallet11/rgb/1778654481334947584.png,30b6a840426d58d8dc2baa87d210ddfc05f7dee59d1310436407faa20f1317ad,capturepallet11,day
data/pallet/raw_data/outside/capturepallet11/rgb/1778654481402417152.png,e9fc98eb267ee0937fbb204242e9a784f7ca5926b159812226487978416f9095,capturepallet11,day
data/pallet/raw_data/outside/capturepallet11/rgb/1778654481435862784.png,2f0f4687eeef8ee5673d0f220ca9d0205b1ff8208c7b9bd210e2370ee999337d,capturepallet11,day
data/pallet/raw_data/outside/capturepallet11/rgb/1778654481503222016.png,f0731ae6a50d64e92eec47d1109a4abd665a1640496972deece8a382d52ba48c,capturepallet11,day
data/pallet/raw_data/outside/capturepallet11/rgb/1778654481570339840.png,bd60c8848f725acf7972a57139773b2f4f5c996440d0d1063ade6a8a0dfaafe6,capturepallet11,day
data/pallet/raw_data/outside/capturepallet11/rgb/1778654481637517056.png,e9fde69bd762cbd189e4f633d8b9558ed7aaceed24c2298ad4d1cf28119d9b24,capturepallet11,day
data/pallet/raw_data/outside/capturepallet11/rgb/1778654481738472704.png,a65db0baad670f8cd8eba8f61842a6a112ca9043a973c470eaa65282ff4933ad,capturepallet11,day
data/pallet/raw_data/outside/capturepallet11/rgb/1778654481872944640.png,ae4e2d5ae06ac8ac5cc2d30769ae37567d01077906eaa95092f4ed3d7b250232,capturepallet11,day
data/pallet/raw_data/outside/capturepallet11/rgb/1778654482041214976.png,dec2bf1f4f91c0f7e5bb191b31878185ca0cda21ec3238f05b6defe58edf53a0,capturepallet11,day
data/pallet/raw_data/outside/capturepallet11/rgb/1778654482141663488.png,e2b731efc41605c6554ad948db0354b8b1df341ee5c3677762b0d978e75e6af1,capturepallet11,day
data/pallet/raw_data/outside/capturepallet11/rgb/1778654482208310272.png,9517a6b11dd55e7b16922258a2519916f5565555d6ab2e1779b174c28ef97577,capturepallet11,day
data/pallet/raw_data/outside/capturepallet11/rgb/1778654482275528192.png,7470ff0d6a7fbeb3b71cccc4f923bf698250a5707fb3ebb86fecfcdf517c283b,capturepallet11,day
data/pallet/raw_data/outside/capturepallet11/rgb/1778654482342753280.png,e0747b0e0197f565e7879a35781da7c8955ff8f0300d984c9e42582cecaa0647,capturepallet11,day
data/pallet/raw_data/outside/capturepallet11/rgb/1778654482376396544.png,a5c525e920a4ce779a9a133dad5b2e880672ee4b87a7d52e6ab9db15ebbd5f90,capturepallet11,day
data/pallet/raw_data/outside/capturepallet11/rgb/1778654482443643648.png,e8144a9863fa087c741c4f4f2566c07ebf1a03f5060e9e1704f7ff5f7f136cfb,capturepallet11,day
data/pallet/raw_data/outside/capturepallet11/rgb/1778654482510837760.png,d226e2d63d6d81e0dda063717707efd241670f225533f323a67e945f26968204,capturepallet11,day
data/pallet/raw_data/outside/capturepallet11/rgb/1778654482578060032.png,2135f3712be9d23b75ce393416db7a84621cddf1b599045e3553e1ee162cbf9c,capturepallet11,day
data/pallet/raw_data/outside/capturepallet11/rgb/1778654482645186816.png,53a1f36c755e6362ac2f1e0687def1b1fd0883cf949880e0e01da9ea615b3d0d,capturepallet11,day
data/pallet/raw_data/outside/capturepallet11/rgb/1778654482678853632.png,5a57498ac0d95dd1a4536cb30816aae293430fd054cea6ca2f0b476a6560fb31,capturepallet11,day
data/pallet/raw_data/outside/capturepallet11/rgb/1778654482779780608.png,9bd61528aee0a9f589fa974bbbbb5c6235d84f07d1c3dc98111e8b209c898758,capturepallet11,day
data/pallet/raw_data/outside/capturepallet11/rgb/1778654482847005184.png,18fda3a7877b09b3b129f899927c4741c2f057c66bc4499ba0c4f324aeb01513,capturepallet11,day
data/pallet/raw_data/outside/capturepallet11/rgb/1778654482914054912.png,1229a5345ca3882d3472701091f977c3cc8a10a32d467e7f733c496a307265cc,capturepallet11,day
data/pallet/raw_data/outside/capturepallet11/rgb/1778654482981301248.png,fcfce43a71483979188d746de873b3c46e3dfde8c0a1779b7f138b6734b5dbb6,capturepallet11,day
data/pallet/raw_data/outside/capturepallet11/rgb/1778654483048478720.png,065ce983d36e2bc31c8efa7718dad18f748cfd6002f92f2cdc264b6746e07174,capturepallet11,day
data/pallet/raw_data/outside/capturepallet11/rgb/1778654483082193920.png,6aba92fa5f53fedce7e68d00df015bd61ccc1341c13679b532ffc699819e1cf1,capturepallet11,day
data/pallet/raw_data/outside/capturepallet11/rgb/1778654483149346304.png,0b1ae0be069105595cb983adbe0bd8e88133046d4143874bb25bc71197f8e502,capturepallet11,day
data/pallet/raw_data/outside/capturepallet11/rgb/1778654483216517120.png,22add9f89c34912d879011f76eedc63239fe144e11c79120db01f286ad8dcfc8,capturepallet11,day
data/pallet/raw_data/outside/capturepallet11/rgb/1778654483283483904.png,bd92cc79fe5b5c5596f6533dd2ae4740662fe5c9119e16bed95101e44114f54e,capturepallet11,day
data/pallet/raw_data/outside/capturepallet11/rgb/1778654483350696192.png,69e3822f988e2747a668945485a10e15a7e7f588c8eb4fc35813a0bcbf2aa1fa,capturepallet11,day
data/pallet/raw_data/outside/capturepallet11/rgb/1778654483384410624.png,f0b271004720b36ca1a4040706c3409413dbd3ce2b14af5e62ba9fe570624429,capturepallet11,day
data/pallet/raw_data/outside/capturepallet11/rgb/1778654483485398528.png,b16676645c2f578dc4f7144d48ee0f4d91c82465caeb2c3d1ab9866f035b9775,capturepallet11,day
data/pallet/raw_data/outside/capturepallet11/rgb/1778654483552647168.png,bac1b959b783f3c02ef220a164cc26ede801c4a31cf72a9ce7458a729628195c,capturepallet11,day
data/pallet/raw_data/outside/capturepallet11/rgb/1778654483619611136.png,e181b116d809bd9b8746818854ec60cb2ba0d8b4d898a52d0db4a3194483151c,capturepallet11,day
data/pallet/raw_data/outside/capturepallet11/rgb/1778654483686743552.png,919ee1a6e0120da0e99efee0b15a5d17b03c3a385beba90190c96a456747710c,capturepallet11,day
data/pallet/raw_data/outside/capturepallet11/rgb/1778654483754585856.png,7185dd24f78de49456611a2034262564dfbd864e8c3e112945ca2ddcdf57fa0e,capturepallet11,day
data/pallet/raw_data/outside/capturepallet11/rgb/1778654483787508736.png,6fa064446f73bcbb542c21e1f0de1bc305bef5996faf7fbd9959bdedf510706a,capturepallet11,day
data/pallet/raw_data/outside/capturepallet11/rgb/1778654483854744320.png,3724e6c2a284035b9828af60bbf5b48a3816be8cdab0ca3ef338d409da4f74d2,capturepallet11,day
data/pallet/raw_data/outside/capturepallet11/rgb/1778654483921905920.png,e7a567f31e9937adb7d4601ba5ce7d564708da02f13617b3ed270be624cf8099,capturepallet11,day
data/pallet/raw_data/outside/capturepallet11/rgb/1778654483989087744.png,8208f9b6f90d0f3409bc0cbdc6f995154f8301e75d00257d0adff76764cba203,capturepallet11,day
data/pallet/raw_data/outside/capturepallet11/rgb/1778654484089994496.png,e1708e3552dc87c3129dac6aa3571a91973d652c7b371a7c2f3bb75403bb23ad,capturepallet11,day
data/pallet/raw_data/outside/capturepallet11/rgb/1778654484157336832.png,4e26a3b0bdfcb802cf30e09295acc17f80493efab83286a9e42948c154c262dc,capturepallet11,day
data/pallet/raw_data/outside/capturepallet11/rgb/1778654484224551680.png,a54d713f36541c6d3190d8059b25c0ee61fec3f83c29a64d3125e33a0cae9420,capturepallet11,day
data/pallet/raw_data/outside/capturepallet11/rgb/1778654484258031616.png,05d2fc70b20bb00b8f952cb0d3e2dba2e89544a864b2e17cf04c9a0e780b55f8,capturepallet11,day
data/pallet/raw_data/outside/capturepallet11/rgb/1778654484358715136.png,b040595358c7e6896781efdc77429138a318cc272af950465d50ae6d2e20ac89,capturepallet11,day
data/pallet/raw_data/outside/capturepallet11/rgb/1778654484425894656.png,84f109a7c9a2d31e6c1af883c09275000cff0762463febd63a2a9e1ea87aa71b,capturepallet11,day
data/pallet/raw_data/outside/capturepallet11/rgb/1778654484459521536.png,4e7ba8ebb686e7b78e32ac615066595b802b702de89516400ac21d1ed08ada6a,capturepallet11,day
data/pallet/raw_data/outside/capturepallet11/rgb/1778654484526773248.png,fff1b0829623a8387e726d76c55c26442ab03fe524490f137a083c06563926a4,capturepallet11,day
data/pallet/raw_data/outside/capturepallet11/rgb/1778654484594261760.png,c3578645085f828b90685383c43c3ae0b5510fb20f43bcb4dda559f7ef165ce5,capturepallet11,day
data/pallet/raw_data/outside/capturepallet11/rgb/1778654484661088000.png,b45240f597f5debf906c1011242cf5a419b75e2233286791dcbe38029079068a,capturepallet11,day
data/pallet/raw_data/outside/capturepallet11/rgb/1778654484728243712.png,2b884433f5ce4e2bea5e5cf05176c4fa727310d9df8d24bdbc88f7bd4f29417f,capturepallet11,day
data/pallet/raw_data/outside/capturepallet11/rgb/1778654484795703808.png,2d9858b8a681bb42cc2228059cd91402222949e4f53b14f8020933f8beb14ca1,capturepallet11,day
data/pallet/raw_data/outside/capturepallet11/rgb/1778654484896364544.png,d4aeef766de89fa232020a93a4bdf53571b83c88bfbb3b2f3488b6b87608d129,capturepallet11,day
data/pallet/raw_data/outside/capturepallet11/rgb/1778654484963543808.png,259e4757cbcd84a8902dc5cf235fe7feb1405a18f57e787342a86eac2038d414,capturepallet11,day
data/pallet/raw_data/outside/capturepallet11/rgb/1778654485030856704.png,574554fb1e87db8553aed98a44c0059d8c4ecc74f0930daaadfff8208fc1a3f9,capturepallet11,day
data/pallet/raw_data/outside/capturepallet11/rgb/1778654485131531520.png,8c7c6273ec174161c5a939659ec2516aef1591189f685ce7da072affe5fffa4b,capturepallet11,day
data/pallet/raw_data/outside/capturepallet11/rgb/1778654485198995200.png,c243c2daa56da043bfd6658b83d28f8fe582621a4d1a0ad5bbc5091e8592528f,capturepallet11,day
data/pallet/raw_data/outside/capturepallet11/rgb/1778654485265954560.png,eb349ee7a3c7458ac4540bc9d4e030283a04072c9e0353f2abfbe397a7171b53,capturepallet11,day
data/pallet/raw_data/outside/capturepallet11/rgb/1778654485332955136.png,096b7a172adbb3bd1f43ee5354cadeb3610e0c9ff664a04724d4c0dc427e8700,capturepallet11,day
data/pallet/raw_data/outside/capturepallet11/rgb/1778654485366658048.png,f451a6dd0d7422681ffe00f623d0de071ee1ff9c9832b009829c63938b36b42f,capturepallet11,day
data/pallet/raw_data/outside/capturepallet11/rgb/1778654485433758464.png,90c47729b99685175f647006edcc6c8184e54ba54ec1e64a66ecd776e02ba4f7,capturepallet11,day
data/pallet/raw_data/outside/capturepallet11/rgb/1778654485500926720.png,e088dd462ffe0c6dee9eae33aa8af2740801798ec31932b31787a7e7b30786f3,capturepallet11,day
data/pallet/raw_data/outside/capturepallet11/rgb/1778654485601762048.png,68826f7213fa46ee8d01c0af26283492ad677ff057d07b89d08d0e4dffe7f493,capturepallet11,day
data/pallet/raw_data/outside/capturepallet11/rgb/1778654485669142016.png,b02d76b4fbe6b243b77c65a07ba475fcf53e6c01f40eb0be1e8d1063f1af1293,capturepallet11,day
data/pallet/raw_data/outside/capturepallet11/rgb/1778654485736192000.png,596a9888ba5cf44372bfacf30f8d709bcf204abc67e51cdc65a6c6af80fe49b4,capturepallet11,day
data/pallet/raw_data/outside/capturepallet11/rgb/1778654485836993280.png,b033ce33f281a50e20639f6eebdb6b348a0585a98aace26afcaf5e7966710bbe,capturepallet11,day
data/pallet/raw_data/outside/capturepallet11/rgb/1778654485904267008.png,7f7ff0871733a11a11069c0a4f9faba000ca8a9dbc6349295f3723f192cb4a9f,capturepallet11,day
data/pallet/raw_data/outside/capturepallet11/rgb/1778654485971413760.png,c251a23a7af2130a1e5594bd399a4e65793794e689d3982993a236b625d45ce1,capturepallet11,day
data/pallet/raw_data/outside/capturepallet11/rgb/1778654486038628864.png,c60f1279fa7a29ac589e1a06ddea00dd69a4257aea796147beed476e84791862,capturepallet11,day
data/pallet/raw_data/outside/capturepallet11/rgb/1778654486105777664.png,d139b24ac361e3f23f862838addd9d202bdaaad8e1de73269da8f371cc438a0c,capturepallet11,day
data/pallet/raw_data/outside/capturepallet11/rgb/1778654486206540288.png,334c8876d144b4032d7ded89c1858b4d63e112d7dfef82ce65f7281a45bb9f9c,capturepallet11,day
data/pallet/raw_data/outside/capturepallet11/rgb/1778654486273882368.png,d08a63791a763dae44b4dcff160e8f4dc370c7a3b705dc66dc8a9eea560d64b0,capturepallet11,day
data/pallet/raw_data/outside/capturepallet11/rgb/1778654486341070336.png,3be0f4bf2bfa42f78fc349e5090e80777d3b7e234cc7783f44f7f32aa30268b1,capturepallet11,day
data/pallet/raw_data/outside/capturepallet11/rgb/1778654486408500480.png,0087c0abba0cea4f1a84ea14112cca660610d0c1624410882eef66274ff28b80,capturepallet11,day
data/pallet/raw_data/outside/capturepallet11/rgb/1778654486475295488.png,20561c58e973d3fa60a7a95e35851e2b4aab3ff4f692757594f2880849789e66,capturepallet11,day
data/pallet/raw_data/outside/capturepallet11/rgb/1778654486542337024.png,ad0b0459811abc73e474a87aa537cd323b929dd1e7b8a5ae0580655a5eeed7d6,capturepallet11,day
data/pallet/raw_data/outside/capturepallet11/rgb/1778654486609562624.png,b03746053893013a53e4726161c9f767529ba855468400a19fd6ad0f5ff557cd,capturepallet11,day
data/pallet/raw_data/outside/capturepallet11/rgb/1778654486676891648.png,8135e171664cb623a5d02cf4456e66b46473e65e7a97fe3ca907bfdd6c738b4e,capturepallet11,day
data/pallet/raw_data/outside/capturepallet11/rgb/1778654486744080128.png,2e99ff2e535fdfceab8b8d78624c7dcaa649415fae3aae1e9296e1daaa171357,capturepallet11,day
data/pallet/raw_data/outside/capturepallet11/rgb/1778654486777547520.png,327f76bb0a9c02abef44e67e1b0b35be8bd097f31d706764b68a0dc7100ebdd4,capturepallet11,day
data/pallet/raw_data/outside/capturepallet11/rgb/1778654486844790784.png,fefebfd9fbc9ec201674daa52a5f361337acc1f06b2594cea866a36a9c6d7f2b,capturepallet11,day
data/pallet/raw_data/outside/capturepallet11/rgb/1778654486979545856.png,bfc227b25b5276f2b28fd4ce0b1185e95e1267f0046947c36538aa1ffc9a1f89,capturepallet11,day
data/pallet/raw_data/outside/capturepallet11/rgb/1778654487113901568.png,e3aeea9069dd872ec66eef9fd28361a2ba41414e723f293e87db4f06fae4bcf2,capturepallet11,day
data/pallet/raw_data/outside/capturepallet11/rgb/1778654487214415360.png,c32bec8eacf0a8cd5de79368d3729cb0e20fc867889f2ef15e411731c1d5a738,capturepallet11,day
data/pallet/raw_data/outside/capturepallet11/rgb/1778654487281624064.png,66dc384340936b099c22b8ea42be4a8e9295e2419cc88954c5280f3ca683a4c1,capturepallet11,day
data/pallet/raw_data/outside/capturepallet11/rgb/1778654487348777216.png,7e73f8bf551d3882d9997f2c5da131ece33c1d445a22a0527b99d33849448aca,capturepallet11,day
data/pallet/raw_data/outside/capturepallet11/rgb/1778654487416216320.png,55d8ce8dc4c96ced9f1c522c821b53bcf83c45de499bc3a9dbfc8e1685339a2f,capturepallet11,day
data/pallet/raw_data/outside/capturepallet11/rgb/1778654487483334656.png,55220c58ae3371ad84109bb2e62469dc83c7776d6a2ed3b344475203586fb794,capturepallet11,day
data/pallet/raw_data/outside/capturepallet11/rgb/1778654487550493184.png,f85611a895848a0d8fecc082943d0e345ddbfdae40ec44ca2fd4570378f058a6,capturepallet11,day
data/pallet/raw_data/outside/capturepallet11/rgb/1778654487617611008.png,15a299ace9bc064600e70acde7efab0d62020f61f5ec8cb48bfd6571bfb41d87,capturepallet11,day
data/pallet/raw_data/outside/capturepallet11/rgb/1778654487684679680.png,b9f3957b045e02f98a8d67474c481b35526b4005ebaf2945fc6520fff2ed049c,capturepallet11,day
data/pallet/raw_data/outside/capturepallet11/rgb/1778654487751956992.png,11aa26c1c3b5b96b241d1b9a01bf74daf1040d98a0d8b73c01f93eb36c809a80,capturepallet11,day
data/pallet/raw_data/outside/capturepallet11/rgb/1778654487819170048.png,f0ce240aa20dbe209480d8750ea5d885eed1f3b68c327cb8ce77cb047aec0de5,capturepallet11,day
data/pallet/raw_data/outside/capturepallet11/rgb/1778654487886450432.png,a1a4db9d53f8878fcbdf0bdc6543a223cfbe7dcb909152535a4d52ad59c2f79e,capturepallet11,day
data/pallet/raw_data/outside/capturepallet11/rgb/1778654487953743872.png,8c5d8ed2948ac8b7d281738ccd3c90e800ddb283419c69911b0052a52366e34c,capturepallet11,day
data/pallet/raw_data/outside/capturepallet11/rgb/1778654488020743680.png,0cc76c0c7ef7edc419d7dc7cce706f549c6b06e9f5e8c03d14de349c5b3f38f8,capturepallet11,day
data/pallet/raw_data/outside/capturepallet11/rgb/1778654488088187392.png,ee35e939ab9f9777cfa6c86120f2024437efd02650ca4acbdd8c69d31b4c4259,capturepallet11,day
data/pallet/raw_data/outside/capturepallet11/rgb/1778654488155147264.png,94286b4853f296d35bef51c97d5277b7d888eec49759ee6a380afef91cbdf99f,capturepallet11,day
data/pallet/raw_data/outside/capturepallet11/rgb/1778654488222331904.png,812c2f6e211a917d139ca11aa8f8d9b819e5649f0282c65531fbc28fa9ee5579,capturepallet11,day
data/pallet/raw_data/outside/capturepallet11/rgb/1778654488289699328.png,8fe73b1232653fd0c62d7b2666a7c3d8adbcb69c0fce485a359c4ff7e332e126,capturepallet11,day
data/pallet/raw_data/outside/capturepallet11/rgb/1778654488356821248.png,957a5d3760b74784a0bf9fd414781eb661a457d2d3edb8e618e77230af06a416,capturepallet11,day
data/pallet/raw_data/outside/capturepallet11/rgb/1778654488424362752.png,0caa018854c8711c574d799629de96e2de2716050fbb0e009e77a8d7f4fe3987,capturepallet11,day
data/pallet/raw_data/outside/capturepallet11/rgb/1778654488525188352.png,0d66cf0978277eac21a1cbfd8e60a5d0ebf532e2016deb40a735f2438ef3866f,capturepallet11,day
data/pallet/raw_data/outside/capturepallet11/rgb/1778654488692816896.png,c1cea70280467ae882be15bf9209b74375cef34a84a5894d22686b583f811b1f,capturepallet11,day
data/pallet/raw_data/outside/capturepallet11/rgb/1778654488793803520.png,dfd6c38393a352d033007cfe3fc267fc1368e790e8b30ee1eeca1bd29557a447,capturepallet11,day
data/pallet/raw_data/outside/capturepallet11/rgb/1778654488928002816.png,ddd34285a137835bdff7b2040f219c7fefb9a1732758a0fae4cf6045feadd307,capturepallet11,day
data/pallet/raw_data/outside/capturepallet11/rgb/1778654488961576960.png,fd6543508eddf8cbf5f3fab7b1f027d9eab508e26b0c896e225ee2deed3aa9c1,capturepallet11,day
data/pallet/raw_data/outside/capturepallet11/rgb/1778654489028798464.png,8b52c451b903669f7f3d1fd3791a8b76424ed25e1341c67a7d04dd997735fcef,capturepallet11,day
data/pallet/raw_data/outside/capturepallet11/rgb/1778654489096089088.png,f06ec214ac5fd642edcea9c62e2f68236f94e14418a6535574c5ef5f183ff20d,capturepallet11,day
data/pallet/raw_data/outside/capturepallet11/rgb/1778654489163298048.png,aa366a1238d8241a3b562652ae0d5166160ce02279fd3f5631670f9f03e920cb,capturepallet11,day
data/pallet/raw_data/outside/capturepallet11/rgb/1778654489230464768.png,0f50c9f62fa78da2a2976d89c8038bc5e65ea99e68dcf1f35c51848e22e35804,capturepallet11,day
data/pallet/raw_data/outside/capturepallet11/rgb/1778654489297691904.png,5a55db139761156d5e2eaac92e4c77836818bde77d76adb8f3ea4b26281a6bba,capturepallet11,day
data/pallet/raw_data/outside/capturepallet11/rgb/1778654489465731584.png,6bbfff2116f67d0f208692ee594dd3c314d32284bf5cf188d076c35c9093485b,capturepallet11,day
data/pallet/raw_data/outside/capturepallet11/rgb/1778654489566395392.png,31b387d6cf3004a379b1425885823ca318aa90b016d45fac50f641e9bc8e5f84,capturepallet11,day
data/pallet/raw_data/outside/capturepallet11/rgb/1778654489599753216.png,f1b015e16732cfe6ef477ca2bbcb87cc40cdc2a805eceac6c6796592f6508368,capturepallet11,day
data/pallet/raw_data/outside/capturepallet11/rgb/1778654489666992896.png,e8e5b52ec2bc1c57f893e0078214e369efca3d451be476b50090dc58c5a838f6,capturepallet11,day
data/pallet/raw_data/outside/capturepallet11/rgb/1778654489734264832.png,2c9e878d5b77690e313d76302145c03f1723356e91d37537c5ea54dc2021da15,capturepallet11,day
data/pallet/raw_data/outside/capturepallet11/rgb/1778654489801486080.png,3e7d5cfef13497a4969fc179a9f13f63c5901535c75b9887a69d7b1095056074,capturepallet11,day
data/pallet/raw_data/outside/capturepallet11/rgb/1778654489868577024.png,f012707e807d13246e0f7f7b71494f62bbfe918c7c26fc23811519f645b4d100,capturepallet11,day
data/pallet/raw_data/outside/capturepallet11/rgb/1778654489969630464.png,0fb58510cb5ca6a2a4d2f2f7d0226887a766da35d0a5118b447d22147c69191b,capturepallet11,day
data/pallet/raw_data/outside/capturepallet11/rgb/1778654490104159744.png,ffcf0ec0da33532eb03060531b60994f950ef52c1243b77cb821c22ca9d0babc,capturepallet11,day
data/pallet/raw_data/outside/capturepallet11/rgb/1778654490204759296.png,532e352c9d157ff9fe1d166c3e2dec33e0ea3a68fd2e1d9a27411cbd7a82d465,capturepallet11,day
data/pallet/raw_data/outside/capturepallet11/rgb/1778654490271696384.png,89f7a6638b04fd5304e129729acb8af750b48743e37217fb4ba889ece4252b6a,capturepallet11,day
data/pallet/raw_data/outside/capturepallet11/rgb/1778654490339170048.png,49b67c0d0ad1bc5631d6e92127dea26a272ac892573e5a3ca36296e8263a999e,capturepallet11,day
data/pallet/raw_data/outside/capturepallet11/rgb/1778654490372559104.png,8ca10fe031d8b1a72d294a58c2db4fafdd0be9bafdd0f41295a6ce0e0d22294a,capturepallet11,day
data/pallet/raw_data/outside/capturepallet11/rgb/1778654490473343488.png,1fcbe2155c0d8902e44843cc6b5acd0cbabb832d35b2979d63637e8a75e5fb5e,capturepallet11,day
data/pallet/raw_data/outside/capturepallet11/rgb/1778654490540577024.png,2fcc027e43a5a5a48977ff79126a31bf2597bee699e8129c95cc21215fd85d0f,capturepallet11,day
data/pallet/raw_data/outside/capturepallet11/rgb/1778654490574391552.png,367040cf0f1af7a52e29feab8a08817ff72623dcf23951040703b25b5300ce95,capturepallet11,day
data/pallet/raw_data/outside/capturepallet11/rgb/1778654490674985216.png,a60cf3fed295013f19e0319b793abd39438b485ad6beda763b0f89655106bccd,capturepallet11,day
data/pallet/raw_data/outside/capturepallet11/rgb/1778654490742264832.png,b77a4ff098037cbd3b8a0c077f960e85d859744d7170b7da79293c1a96129599,capturepallet11,day
data/pallet/raw_data/outside/capturepallet11/rgb/1778654490809129984.png,0c0f6811be85a4f546adaf830604bad1a9a210061214a0c98f87809166bd1d8c,capturepallet11,day
data/pallet/raw_data/outside/capturepallet11/rgb/1778654490876622336.png,2723deb8489a874e780fec436edf18b5bfa7e533c7f72c84251c61bf336f7c27,capturepallet11,day
data/pallet/raw_data/outside/capturepallet11/rgb/1778654490943544576.png,bf289a0153a53958d90820bdf63457b6d01d26199ccba68ae86e203bf42949c0,capturepallet11,day
data/pallet/raw_data/outside/capturepallet11/rgb/1778654491010733824.png,3b6a9a61fbbc8c80ca87bbb96f5bbf50af442e87dcc759ead82b90e4627298d0,capturepallet11,day
data/pallet/raw_data/outside/capturepallet11/rgb/1778654491077999616.png,823412bd50e937773082e6e14fd30428b669e546854fca3e24b4a4c0459b560d,capturepallet11,day
data/pallet/raw_data/outside/capturepallet11/rgb/1778654491111554560.png,f0cd997da0f0be9298ae3f5e6cfba668fd0f6a60609d0289b73e800e613870c1,capturepallet11,day
data/pallet/raw_data/outside/capturepallet11/rgb/1778654491178808320.png,3b9faa4cca504e752ef8eb99c5fe896552c4c48e5660dd550b612bbf0dffb627,capturepallet11,day
data/pallet/raw_data/outside/capturepallet11/rgb/1778654491246132224.png,07fa1a7b7a8bcfa29b8c3f4d9c6660b2ec4e579e5d1d8daf4f8b88665f9a5349,capturepallet11,day
data/pallet/raw_data/outside/capturepallet11/rgb/1778654491313124096.png,9ec1fc9e6117a27ed6d7fff540c38f59cace023b288be01a82a0d671f8f7aa3f,capturepallet11,day
data/pallet/raw_data/outside/capturepallet11/rgb/1778654491380412416.png,f3f82ff11527bbe09cb886f573ffa04cffa8a1214b8e73c5fb8ceceb620768e0,capturepallet11,day
data/pallet/raw_data/outside/capturepallet11/rgb/1778654491447514368.png,dbe69b2916d42a3de87890ae2a67d440a724c0070da1235b1f35116f1ff44242,capturepallet11,day
data/pallet/raw_data/outside/capturepallet11/rgb/1778654491481169152.png,20d675c0061ef0ef5472c71808e7db5c4c37da3ddcf672ab47808d8ee09dcf2b,capturepallet11,day
data/pallet/raw_data/outside/capturepallet11/rgb/1778654491615952640.png,67c19a8857883a5a09e85a1e3a797a2a3e6b463dd2efa66c26dca6b46c83c8dc,capturepallet11,day
data/pallet/raw_data/outside/capturepallet11/rgb/1778654491783971840.png,d6db0a93c7c238e2bdc9c2b82cdfd2401f3fb90ca3a2cf0e54690ce9053eedae,capturepallet11,day
data/pallet/raw_data/outside/capturepallet11/rgb/1778654491917947392.png,c9476304d17f5ec02a7be7fe38e55b486fcc817044fe37962bd80bf93baff621,capturepallet11,day
data/pallet/raw_data/outside/capturepallet11/rgb/1778654491985206272.png,e39434b979458792a57692d4959f6a99d9b530a8a4ccc7ed504010d4c3daefac,capturepallet11,day
data/pallet/raw_data/outside/capturepallet11/rgb/1778654492052309248.png,4cbddec0c49501ea55b9e7b4e623ae6c1005af7859c9ca673373e9578ae1e99b,capturepallet11,day
data/pallet/raw_data/outside/capturepallet11/rgb/1778654492086048000.png,007fca387fff3c116d3943c6f38de05dd7d955583f03e4995641a0e2f6441ec0,capturepallet11,day
data/pallet/raw_data/outside/capturepallet11/rgb/1778654492153243904.png,9ca16af0611103870d55afcfd620eef2ea23aa1fd1123e6daa3c50df0276cdb3,capturepallet11,day
data/pallet/raw_data/outside/capturepallet11/rgb/1778654492220455424.png,006ebd664b30a77304cd8fe1497a6c3b9ccea8ee4cd5179f96dac729a2127ed2,capturepallet11,day
data/pallet/raw_data/outside/capturepallet11/rgb/1778654492287566336.png,02de6c08049dcdc4f7b6c55af4e670e8909af1c71ce7638e3fda56bbf40d724e,capturepallet11,day
data/pallet/raw_data/outside/capturepallet11/rgb/1778654492354802688.png,cf509377a7a7dc5fa7a8326947a2fb8b1a03dbda7349974a6324c5d170ca5b27,capturepallet11,day
data/pallet/raw_data/outside/capturepallet11/rgb/1778654492489612800.png,10ec3a76409a90f2e0c4eb11ece9cde89c4b885be4dd8d21377269c5d1d31454,capturepallet11,day
data/pallet/raw_data/outside/capturepallet11/rgb/1778654492623690240.png,6f157cc7559dfae575f00ca676a139bdcff88f18fcabd1ac85ce6872e88018ae,capturepallet11,day
data/pallet/raw_data/outside/capturepallet11/rgb/1778654492657202944.png,979c6f81be713ddf077aec427b4b221a57f7f0473876ee9f574b960679527a52,capturepallet11,day
data/pallet/raw_data/outside/capturepallet11/rgb/1778654492724502784.png,8b7cf434b92f771a2a0efc47a3550657486291b57cecb2e162a6ce58352e8d2d,capturepallet11,day
data/pallet/raw_data/outside/capturepallet11/rgb/1778654492791526912.png,08da9832e439c987dc36f79e7208526dd8625233455adf7b2b723942a3dfcd30,capturepallet11,day
data/pallet/raw_data/outside/capturepallet11/rgb/1778654492858823424.png,ae4bb4cdcbf602c61a15dc2eb281655d7e94012bac9ca1f6fd3f415ff14724f2,capturepallet11,day
data/pallet/raw_data/outside/capturepallet11/rgb/1778654492925893376.png,06cfe4d0f9392a01360a47a156fb558d23f39ab383a7d628f86089b0f44f8911,capturepallet11,day
data/pallet/raw_data/outside/capturepallet11/rgb/1778654492959464192.png,b68e5aefec1add5e5aa02ee1603f541de024c3e77329ba242cc58568f7141084,capturepallet11,day
data/pallet/raw_data/outside/capturepallet11/rgb/1778654493026968832.png,87bae111b1eeccf3755892aabde2f26d662a188d3f50c5e54111f61c817801cf,capturepallet11,day
data/pallet/raw_data/outside/capturepallet11/rgb/1778654493094059008.png,3d4f56bf7816a905bc3e67db3280cdcb819c6f952f911c626b6921bd85090635,capturepallet11,day
data/pallet/raw_data/outside/capturepallet11/rgb/1778654493161114112.png,4270c7d900fec0786adc4d94a029b7e4e71ca8d7f15811608af57fa4708b6af5,capturepallet11,day
data/pallet/raw_data/outside/capturepallet11/rgb/1778654493228654080.png,8fa654fd93a92503bdfeee3c2ed482acef4c94a89803a6d5197ef6111a448592,capturepallet11,day
data/pallet/raw_data/outside/capturepallet11/rgb/1778654493295652864.png,98f34f5553df3a5137a47ba1fccf07c3ea5f7e9c3e234faf41bf8b976353acae,capturepallet11,day
data/pallet/raw_data/outside/capturepallet11/rgb/1778654493362802176.png,75c05c43b0a0e31a4d36306f460545459160b978725ed9becb80d2403f5d4aff,capturepallet11,day
data/pallet/raw_data/outside/capturepallet11/rgb/1778654493429893376.png,cb87b9fee4ccefd347175839dbfece82c19a77209418ae3e6c6c7c5583bc66c3,capturepallet11,day
data/pallet/raw_data/outside/capturepallet11/rgb/1778654493497099520.png,7a90d3466153c7c9fb8132d32e8ed8ae8d056def64eaf9c77692f42766c4b998,capturepallet11,day
data/pallet/raw_data/outside/capturepallet11/rgb/1778654493564408320.png,b3c00b5600ff1846190dfa742b31e5abfb21ecba3711596499fd58c90d767486,capturepallet11,day
data/pallet/raw_data/outside/capturepallet11/rgb/1778654493631473664.png,e6c1a1c2df5ad2218c53f6149cf21f0465bc2862436cddb2867af411818ad6bd,capturepallet11,day
data/pallet/raw_data/outside/capturepallet11/rgb/1778654493698677504.png,9b5f904f0530f2efcfb0641e8a62cfcd673b9cee7a8d79130c926cff31eaec16,capturepallet11,day
data/pallet/raw_data/outside/capturepallet11/rgb/1778654493765869568.png,1d7df84819a201b2d4661bdb34f360aceac1a5cbf7c623a423a90c5e69b5c66f,capturepallet11,day
data/pallet/raw_data/outside/capturepallet11/rgb/1778654493866843392.png,195a1946a116bbd3b22cdbd64a58cdaea187e704a78bac5eb458c19b97cc82cb,capturepallet11,day
data/pallet/raw_data/outside/capturepallet11/rgb/1778654494001337088.png,671a3f5670b60635aea130491d67b40e808230b4b3edfd543a63872d4b77c983,capturepallet11,day
data/pallet/raw_data/outside/capturepallet11/rgb/1778654494068177408.png,8f0a82497a07ebf33543dacfdf7d69f9be720cfa7d7027fd0a59c01437bb2862,capturepallet11,day
data/pallet/raw_data/outside/capturepallet11/rgb/1778654494135595008.png,d633bdf524f7bb72faf3e08f10e3ba1a2e4dad57d3891bc96f61bf8760be0dff,capturepallet11,day
data/pallet/raw_data/outside/capturepallet11/rgb/1778654494202661888.png,e01b1312cf2d735e61aa8c1af969343a507bb80a550596cecbf4130a86d414c4,capturepallet11,day
data/pallet/raw_data/outside/capturepallet11/rgb/1778654494269907712.png,4c8e9e1275b2def8557d31821a98a5cb96f7b16999aa60a38dcc695b7437f896,capturepallet11,day
data/pallet/raw_data/outside/capturepallet11/rgb/1778654494303444224.png,b1ae0d4f3107c1eb56adc0393ad66162346f373950e36f0639d1cf0f37aabbe2,capturepallet11,day
data/pallet/raw_data/outside/capturepallet11/rgb/1778654494370662144.png,e04e56ef891b20398a6b645e06fd97d587ce98fd90f05221564ab46d97db0b8c,capturepallet11,day
data/pallet/raw_data/outside/capturepallet11/rgb/1778654494437906688.png,a6e85d2f4dd301451ceb7f5b7d0abbc2703af58e8a43235698b089ade16d71d8,capturepallet11,day
data/pallet/raw_data/outside/capturepallet11/rgb/1778654494505098752.png,cc99e7921ba720fc243c0629ad2b865436ba78d055bb3217eae86389ce6ba243,capturepallet11,day
data/pallet/raw_data/outside/capturepallet11/rgb/1778654494572328192.png,34a33c9e66b57f20cb418c89a6dcbfdd2cd4635d6b499a0e41fc9cbf5c1a308f,capturepallet11,day
data/pallet/raw_data/outside/capturepallet11/rgb/1778654494639479552.png,4496dcff340bbe57a34dc6182882942d735a726afe3195ace72b47cfd7029f15,capturepallet11,day
data/pallet/raw_data/outside/capturepallet11/rgb/1778654494706495232.png,87997149735f6c3c557d7ec8d17003e4bda67e16029fd6e728f3214d38da6068,capturepallet11,day
data/pallet/raw_data/outside/capturepallet11/rgb/1778654494774035200.png,08ac80f2feda949c6dfa1f6047547bf6654e07d7627fa577e201986973fe3199,capturepallet11,day
data/pallet/raw_data/outside/capturepallet11/rgb/1778654494841185280.png,c6f99e2446c66fa947673428d34016a2dc074d7b9236ac50a643ea0a6735af3c,capturepallet11,day
data/pallet/raw_data/outside/capturepallet11/rgb/1778654494874682368.png,dc740d0282373acfdb524933a8999d74e8c95ae044dfe9e8f270c41465ed9e63,capturepallet11,day
data/pallet/raw_data/outside/capturepallet11/rgb/1778654494942122240.png,3a05decf471a0527af3fab6871d5206e211b374294906e493e1f3f2ceed30069,capturepallet11,day
data/pallet/raw_data/outside/capturepallet11/rgb/1778654495076248832.png,35e87f245dac18a4ebc6df55212b0ea12266e9501bfdabba2a029e6265344954,capturepallet11,day
data/pallet/raw_data/outside/capturepallet11/rgb/1778654495244727296.png,fbe4a59c13c20307d22e86145700c9c7f8d3f85b0b9f2d61eb5f16d0533b8cb6,capturepallet11,day
data/pallet/raw_data/outside/capturepallet11/rgb/1778654495412521216.png,4e993af873203845561554908e16aa5b9af6ba0fff78871a4ebc6341ff037dcc,capturepallet11,day
data/pallet/raw_data/outside/capturepallet11/rgb/1778654495546697472.png,550bb89187c93f7546bbd7f1e2c6b52824b206456fc9ee37b13d47312fe76947,capturepallet11,day
data/pallet/raw_data/outside/capturepallet11/rgb/1778654495714743040.png,ed9f65ef16b7b0f4b970a5a07258ece5ad8cafb0b8e85ab865b89d96a8ca7dcc,capturepallet11,day
data/pallet/raw_data/outside/capturepallet11/rgb/1778654495781558784.png,4f149e2a559e80aecfb548a46efc2ca62841dc53126cf72aacee2da6e8aeb7e6,capturepallet11,day
data/pallet/raw_data/outside/capturepallet11/rgb/1778654495848777216.png,c68941a890eaa655218b1973a702c113c04b94aec56cd8a0168bfcbf0ff45f30,capturepallet11,day
data/pallet/raw_data/outside/capturepallet11/rgb/1778654495983627264.png,ff95f8e6ca17278cfac22b5379a72f551884e502ee0156f9710e187ff9ae45aa,capturepallet11,day
data/pallet/raw_data/outside/capturepallet11/rgb/1778654496118028288.png,dcf191c90dc9fc8860fb98245691b92f295fb0850cc58ed6419f4ee3a8a40e60,capturepallet11,day
data/pallet/raw_data/outside/capturepallet11/rgb/1778654496285857792.png,51c25ba5fe0a48b523066583f81e4322704fa85e2a1c03613c9500815c1fb7cd,capturepallet11,day
data/pallet/raw_data/outside/capturepallet11/rgb/1778654496453821952.png,3c534ae40e53063e973ab36beb0d833fb792d70ef307f908cac649efc50a35e3,capturepallet11,day
data/pallet/raw_data/outside/capturepallet11/rgb/1778654496588233216.png,86f28cce4b469a8b9b0551af8753d2f7830887c73742215df19d8ba60ed5de7c,capturepallet11,day
data/pallet/raw_data/outside/capturepallet11/rgb/1778654496722437376.png,2ea1af221506beccf5ff4ed47889cd1f1c6394de11fd2350477e23f40c74c424,capturepallet11,day
data/pallet/raw_data/outside/capturepallet11/rgb/1778654496789641472.png,dd13ea1ea04877892135f8b3735b5083a0251173b004cd054ab4aece013d0acc,capturepallet11,day
data/pallet/raw_data/outside/capturepallet11/rgb/1778654496856865280.png,c309632872c03a3602f9dd7ea781089efa533b7b7d474118e27f457882dd126d,capturepallet11,day
data/pallet/raw_data/outside/capturepallet11/rgb/1778654496923969024.png,1c902b62bfade5c8c7d1b8db0122210cb79e75330da9dd8d04d5ae9ecfc971c8,capturepallet11,day
data/pallet/raw_data/outside/capturepallet11/rgb/1778654497025206784.png,abb40d67bd5513a3997a2e00104c6c797a7e64c5f52bf70bf731879ee07960f8,capturepallet11,day
data/pallet/raw_data/outside/capturepallet11/rgb/1778654497092172288.png,f9a8742328da2ceedc9ecd0a3f1419d85df13267064e53f71461c52445024450,capturepallet11,day
data/pallet/raw_data/outside/capturepallet11/rgb/1778654497159089152.png,316040ea6ca9b66c28003d69cbad2d87ad0078e45b06035a8793488b824977c8,capturepallet11,day
data/pallet/raw_data/outside/capturepallet11/rgb/1778654497226301952.png,8b7d7242c672fcd5144001d06aa9ed9fb37d9cc3ecc581c6f55b007ffd0e4468,capturepallet11,day
data/pallet/raw_data/outside/capturepallet11/rgb/1778654497259993856.png,b9d64afb84ff60aa6a540b191d68eeac00d499d1248d05da7db1956d8814f941,capturepallet11,day
data/pallet/raw_data/outside/capturepallet11/rgb/1778654497327001344.png,cdfecc87e0bd6c6d7c1c1e3c1e251509ce51035ed9095055d6be9d28a072fa61,capturepallet11,day
data/pallet/raw_data/outside/capturepallet11/rgb/1778654497461815552.png,7567bd529530e454d8b9dfb4c304614c150de688ce898a2210a53442a95390a5,capturepallet11,day
data/pallet/raw_data/outside/capturepallet11/rgb/1778654497629694720.png,a44fe1a763c6aa4eb31911a3ed97b6c21b7bb05e1b21f57aae2ddd8f4576fa00,capturepallet11,day
data/pallet/raw_data/outside/capturepallet11/rgb/1778654497764260096.png,d0b0239cef40df87a386a4f5d8444fde69a74906ff4b582add09defe3cf3e47b,capturepallet11,day
data/pallet/raw_data/outside/capturepallet11/rgb/1778654497864799744.png,b05c5a42773c030aa683e1032d63c20a6ea98e47ad88a0aa9d2e65886eb8a878,capturepallet11,day
data/pallet/raw_data/outside/capturepallet11/rgb/1778654497931941376.png,3a925f8737dcaa35d4695e97c60b278c18039a239fe4cbe39c6d93e48698d215,capturepallet11,day
data/pallet/raw_data/outside/capturepallet11/rgb/1778654498032738304.png,c3196c90dadf19cfe483ea8670fae3f075508a64257b765088287189dcd650d7,capturepallet11,day
data/pallet/raw_data/outside/capturepallet11/rgb/1778654498099805952.png,082754c4121b926c795198a083dc616ab19fe7af4e0f25a6dd860c9e362ef32d,capturepallet11,day
data/pallet/raw_data/outside/capturepallet11/rgb/1778654498167072000.png,a9d8b343afd786fe090f3f0ef8ccce985ce5ce52e5bc7444dd9a6119c34e8c2c,capturepallet11,day
data/pallet/raw_data/outside/capturepallet11/rgb/1778654498200584704.png,9f5d425a37cba432eb397ea089eb15f1ab9b6b36a37d2c4240ec8fadd56f9b28,capturepallet11,day
data/pallet/raw_data/outside/capturepallet11/rgb/1778654498267924736.png,9df24dc669cee616f2b9ee6de67ac875ce53484c67b172fd60a06e4263f9a27d,capturepallet11,day
data/pallet/raw_data/outside/capturepallet11/rgb/1778654498335130368.png,0c4004e43c4ff0cc300e7c1c61e61cca6d19c674fe194443d6692aded6885735,capturepallet11,day
data/pallet/raw_data/outside/capturepallet11/rgb/1778654498402150400.png,aec0a307aa6f90a55910f752ffef136ec189380f94f0c2a903dd5238c0e47c81,capturepallet11,day
data/pallet/raw_data/outside/capturepallet11/rgb/1778654498469530624.png,99b535128cc65dbb4c20c4e7a9e0d51064f416f6febcc511d65dbaf22e870662,capturepallet11,day
data/pallet/raw_data/outside/capturepallet11/rgb/1778654498536765696.png,70d200a47cb665643cbe3bcd8cb540646494f2a615f84b9304db044c756ee5b2,capturepallet11,day
data/pallet/raw_data/outside/capturepallet11/rgb/1778654498603780608.png,100d7fe6da5b254566bcf7176133e110c77d07f68a78b7c21e85f78dc491ab97,capturepallet11,day
data/pallet/raw_data/outside/capturepallet11/rgb/1778654498671045120.png,a054896573f22943e8f96b6225afad5c4de694066593db3e1bb7c3cc457032ed,capturepallet11,day
data/pallet/raw_data/outside/capturepallet11/rgb/1778654498738169856.png,e1294022c1537b215032f50cdb12e716bef86683c1119930d8b62f39bae2d33b,capturepallet11,day
data/pallet/raw_data/outside/capturepallet11/rgb/1778654498805257984.png,d32d0d605fe068709234ec1ec3d03e4951905dc0ee1a535ae4ebb57934e63228,capturepallet11,day
data/pallet/raw_data/outside/capturepallet11/rgb/1778654498872462848.png,656474b2f57f38b02cc569571a7f587e119bef65e7c61dbdccd175862bc0f186,capturepallet11,day
data/pallet/raw_data/outside/capturepallet11/rgb/1778654498939760640.png,7f114d6cc152d4d8a561afd2f573b7b13e5b65b0cbda5992191b3623e2f64891,capturepallet11,day
data/pallet/raw_data/outside/capturepallet11/rgb/1778654498973413120.png,2ad0c378272948bc07969210a83b3aa2b9bcc2a16a2953da3b0745b842d69047,capturepallet11,day
data/pallet/raw_data/outside/capturepallet11/rgb/1778654499040774144.png,0185a16910fe7f23ed7233c6857dbc4cfc2ee99a7a2cc6260373cea25962150c,capturepallet11,day
data/pallet/raw_data/outside/capturepallet11/rgb/1778654499107743232.png,8e594b5bee97c25c2fa5fe7141a68844889ad43674e924a25b0582bd3dedb698,capturepallet11,day
data/pallet/raw_data/outside/capturepallet11/rgb/1778654499174871040.png,7ad92d367e204b66fecd988a26d6ace598598e87e26a7c6de0d17da27ffaaaae,capturepallet11,day
data/pallet/raw_data/outside/capturepallet11/rgb/1778654499242167296.png,4f3de2461a05f302e9d98010ad1579858c08967b71bdc65a4023003a5c2422dd,capturepallet11,day
data/pallet/raw_data/outside/capturepallet11/rgb/1778654499309534464.png,1d37fc77b1d9dae4614448b3aa3908cf54b1b8d3552e246470e606aa7071b466,capturepallet11,day
data/pallet/raw_data/outside/capturepallet11/rgb/1778654499376609536.png,c9047135380bb40f5141d37955b5afd44475701c05b93de58187563a560d63bf,capturepallet11,day
data/pallet/raw_data/outside/capturepallet11/rgb/1778654499443742976.png,559c48e3f764658710681207ef0e7110773d2389088efde0976d003c2329cb83,capturepallet11,day
data/pallet/raw_data/outside/capturepallet11/rgb/1778654499510772736.png,0dcd9fa8b285e4cc1b68d87e64f3be7d15af288c6965f1ec0392839bf547589d,capturepallet11,day
data/pallet/raw_data/outside/capturepallet11/rgb/1778654499577899776.png,4da90559b91ede541e5342a6bbc74ebe03631c6a51a21a0500159bf66df8722c,capturepallet11,day
data/pallet/raw_data/outside/capturepallet11/rgb/1778654499645124608.png,c640432c4cd0de7c170c4be6d256913117712c3faf1460d76eba4c46c66b908b,capturepallet11,day
data/pallet/raw_data/outside/capturepallet11/rgb/1778654499678867200.png,1a3f62da94673f9521b2d7285caedadb8c3c0319137379e48ec957848078b1d5,capturepallet11,day
data/pallet/raw_data/outside/capturepallet11/rgb/1778654499745948416.png,aa4c4503cd66a3419ccf7ae64e92519ab281ceb30b2a3f18a91bcf0d892f8439,capturepallet11,day
data/pallet/raw_data/outside/capturepallet11/rgb/1778654499813125376.png,8c3848840071f6a5db6e73505546cfdfa0784c3ef30ab4662b87858427f10f3b,capturepallet11,day
data/pallet/raw_data/outside/capturepallet11/rgb/1778654499880292096.png,1c655b9fce27fd4df6f61150880c74d9077e829f7c95534666da70c4cb636355,capturepallet11,day
data/pallet/raw_data/outside/capturepallet11/rgb/1778654499947614720.png,756a449ee563c246cf9b84307be19f79103aa106dbb99c6f212448d36d8b39a2,capturepallet11,day
data/pallet/raw_data/outside/capturepallet11/rgb/1778654500014783232.png,76bcfcf68d0c7c0fb268edd57a81e3ecb879d5b42b9dfed5a8cc589cd0a5a3f3,capturepallet11,day
data/pallet/raw_data/outside/capturepallet11/rgb/1778654500081969152.png,accd7252d67e8a567d06e603896f6f056a0b4c9dcbc7a9fd402cecd969202003,capturepallet11,day
data/pallet/raw_data/outside/capturepallet11/rgb/1778654500149151488.png,cbe995e4d9639ebe9cad51576eaef738d30b65c4f4b36318af7e4e9458d18936,capturepallet11,day
data/pallet/raw_data/outside/capturepallet11/rgb/1778654500216384000.png,39d5ccbc415e08acd05a0c7d656cca9cd18b667fd6d135920efcf6b91f1b593c,capturepallet11,day
data/pallet/raw_data/outside/capturepallet11/rgb/1778654500283552512.png,826dcc0a5cd8f8ceea34f8d800506b487321996defa92a3c0be2416cff91a303,capturepallet11,day
data/pallet/raw_data/outside/capturepallet11/rgb/1778654500350672896.png,77c84890c4c2cdb3c3fef342d08db9d0f03e7b5252eb6f82b4cc5798def9f896,capturepallet11,day
data/pallet/raw_data/outside/capturepallet11/rgb/1778654500417804800.png,505e67d170043e987187e8b491367752c72488b4c9b4c947c66202a73095b06d,capturepallet11,day
data/pallet/raw_data/outside/capturepallet11/rgb/1778654500485111552.png,5ae691d011553307cc9ff3712c348f6c8739e6af301b3f25920752e9bfbb3a75,capturepallet11,day
data/pallet/raw_data/outside/capturepallet11/rgb/1778654500552320768.png,7c9e698b8ed9d935141dd61ce374af4c55a7b3b780ab84313fa30be6d0b1f545,capturepallet11,day
data/pallet/raw_data/outside/capturepallet11/rgb/1778654500619785728.png,21ff9e3a0bd219da6400279210c9fe71b7121f2603139d12f49cd5637680fc05,capturepallet11,day
data/pallet/raw_data/outside/capturepallet11/rgb/1778654500686744320.png,0cff746f23ca381d7c2178733dd593dca781afa851367fa963150b84a570bdbf,capturepallet11,day
data/pallet/raw_data/outside/capturepallet11/rgb/1778654500754086400.png,6095c242dab4e954f55c2f9a83146a5053dca5c2b77cac4c44bd27ff231caeb2,capturepallet11,day
data/pallet/raw_data/outside/capturepallet11/rgb/1778654500787467264.png,b98d9a36875e70368343bc8c47bf25f228cd8b8c6d9a9ffbe202987ec4dfdd17,capturepallet11,day
data/pallet/raw_data/outside/capturepallet11/rgb/1778654500888304128.png,29a3c4b17e38445a3f793d159e3210c77e521ca39d20dbc3f43b4a4b7342c38f,capturepallet11,day
data/pallet/raw_data/outside/capturepallet11/rgb/1778654500921939200.png,ad36ec1fd93c301c57aefa5b748e126d053e95ba68de044f9d2705b95e106001,capturepallet11,day
data/pallet/raw_data/outside/capturepallet11/rgb/1778654501022740480.png,9af4ae21f172bf8bf4e2dcbab93611dbb35c2a46a33bfb1d26fd07590d326d23,capturepallet11,day
data/pallet/raw_data/outside/capturepallet11/rgb/1778654501056249344.png,40c8c877cd01ca3f3f7bbfd6cf455af98e65a10cea3dbac841bd7db8c1d741d8,capturepallet11,day
data/pallet/raw_data/outside/capturepallet11/rgb/1778654501123623168.png,525b8d322abfdcdfb69befc64467290fac6e7af4a974d03b8211473cd812489c,capturepallet11,day
data/pallet/raw_data/outside/capturepallet11/rgb/1778654501191059968.png,75afae9143c7a1b2824e68172add19119302d7ab0046afbc5d1c378a7ef6a04f,capturepallet11,day
data/pallet/raw_data/outside/capturepallet11/rgb/1778654501257903872.png,f9c4a4f7318bbabb9146ad8bfa9e14095696d488007b6bcad0a45ebd3138c3f2,capturepallet11,day
data/pallet/raw_data/outside/capturepallet11/rgb/1778654501325309184.png,35d35df631cc28c001644ee450e957831e9f4ee9503fe9bfe894dfdbc253cd05,capturepallet11,day
data/pallet/raw_data/outside/capturepallet11/rgb/1778654501392398592.png,a53090b265f2ac5d9a30f453e389fe0ce4b95a51b7ce9406f840e35cf1c0aafc,capturepallet11,day
data/pallet/raw_data/outside/capturepallet11/rgb/1778654501459479296.png,9c1d3d87a6856f628e71018cb181800cefd9658c169af8e9201b23d4b34c0d7f,capturepallet11,day
data/pallet/raw_data/outside/capturepallet11/rgb/1778654501526650880.png,d21d8382f6d787012029b466ef3444186252343a24f4188d4cb10d03149fefb6,capturepallet11,day
data/pallet/raw_data/outside/capturepallet11/rgb/1778654501593778432.png,94bace7af7eae120d821b262f2dc249a0687ee0db52413ac97c31e80b53c906b,capturepallet11,day
data/pallet/raw_data/outside/capturepallet11/rgb/1778654501627481600.png,2804f5a697274626741b9f65b371ba9461b1c3de08e8c9661c6c863fc5026778,capturepallet11,day
data/pallet/raw_data/outside/capturepallet11/rgb/1778654501694783744.png,4571728bfa96963c8c07fbe9fbb7595e54bd2a4159f308f7ef08f440cc88e188,capturepallet11,day
data/pallet/raw_data/outside/capturepallet11/rgb/1778654501761873920.png,67fd98820f214939a5266c2b14d27659c675536e0727e56581731c025f790333,capturepallet11,day
data/pallet/raw_data/outside/capturepallet11/rgb/1778654501829010432.png,dd28bb10238e90b0122f31bdc8e8811a9d9af46cc50c524c61dacf6d0a0c773f,capturepallet11,day
data/pallet/raw_data/outside/capturepallet11/rgb/1778654501896243968.png,668be1520a862e23e338d6b61c9d4dffba25a29293f0bd12eac2359e37f4ae3b,capturepallet11,day
data/pallet/raw_data/outside/capturepallet11/rgb/1778654501963388928.png,8d2afe8f975d7e25f5cd37343bd87d0d524e1a7047830c834f6d0cd175466d70,capturepallet11,day
data/pallet/raw_data/outside/capturepallet11/rgb/1778654502030674176.png,3062018e0c27999c1fd61d6484ecc3fc6ec6d0610621319d44388e3d4fbb3fbd,capturepallet11,day
data/pallet/raw_data/outside/capturepallet11/rgb/1778654502097743104.png,db119b8585ff7796ef3a156085c90e8ea6878b457147da5cadb6b805673a6f99,capturepallet11,day
data/pallet/raw_data/outside/capturepallet11/rgb/1778654502165046784.png,3deb265b9b84eea3d5dedb1c2d5ddc3031d258a7958a2ef80efb7e245ac0a3a1,capturepallet11,day
data/pallet/raw_data/outside/capturepallet11/rgb/1778654502232124160.png,004ec2e6548433df935ab61bab77f55948258e0a1b515308fca605af1e01c8f1,capturepallet11,day
data/pallet/raw_data/outside/capturepallet11/rgb/1778654502299417344.png,fdb7793d974acc270666567bf91be7ae1092d0ac15154a91672e19b61c5dec62,capturepallet11,day
data/pallet/raw_data/outside/capturepallet11/rgb/1778654502366743808.png,a27e31e36e294037842ac6881220537671b75adb908afeeb21d6eb36ec2aa7ea,capturepallet11,day
data/pallet/raw_data/outside/capturepallet11/rgb/1778654502433957888.png,847923271b3d1e307fe5fd0ed57eed51ddc650887cf045e3fcd21f9c0282f723,capturepallet11,day
data/pallet/raw_data/outside/capturepallet11/rgb/1778654502500967168.png,fd0ab44fbf106b5d0e550814857511eec1ad318c89cd4abc809419e1e407544d,capturepallet11,day
data/pallet/raw_data/outside/capturepallet11/rgb/1778654502568313344.png,7a89d9c9284a079bd8e16b568c6d5e6f41a1f11e7b0c4eb1e730cffdbf481832,capturepallet11,day
data/pallet/raw_data/outside/capturepallet11/rgb/1778654502635574016.png,511dd6a4b257ed8e8517df18c499ec4252d3caefca212b1bc0f32ddd1db6fad2,capturepallet11,day
data/pallet/raw_data/outside/capturepallet11/rgb/1778654502702680832.png,25e4247cd4898bde40f57331e17808ee021dba5eb59823e63e66f6b4866f2076,capturepallet11,day
data/pallet/raw_data/outside/capturepallet11/rgb/1778654502769734912.png,723ceb8216a4585f75afd299f008ae1b046ada535820f2bc42178d309f0c0fdd,capturepallet11,day
data/pallet/raw_data/outside/capturepallet11/rgb/1778654502836921600.png,90500f253e84b16f7f6f42123c8a48b288c9437aafd984ec93627086e09fef45,capturepallet11,day
data/pallet/raw_data/outside/capturepallet11/rgb/1778654502870694912.png,5a7b55f28707722a7f88a6fd9db0bdfde8ba757428baa464d69858f6d33bbb98,capturepallet11,day
data/pallet/raw_data/outside/capturepallet11/rgb/1778654502937792512.png,1312b99a27af62d50da0e0b709084044231c4e319ccc7dc6b0f20e9552939cc6,capturepallet11,day
data/pallet/raw_data/outside/capturepallet11/rgb/1778654503038531584.png,c384064b23d4e0838016b98ddb6138a32ad1f168ed24696951a7a0d5921547a5,capturepallet11,day
data/pallet/raw_data/outside/capturepallet11/rgb/1778654503105925632.png,da4a3ef1f79f2a2229e274e0a140ce114725800617cdb8d6e890aef8b931c443,capturepallet11,day
data/pallet/raw_data/outside/capturepallet11/rgb/1778654503139408640.png,49ecef2754d0ae1baca2ec4fd85956ff57034a57ff1a536c74fe8e4b9b7f3785,capturepallet11,day
data/pallet/raw_data/outside/capturepallet11/rgb/1778654503206493952.png,253882f658ae23c86bbe15261df41aa6934673acf52fa4ae3bff2ec6def32e54,capturepallet11,day
data/pallet/raw_data/outside/capturepallet11/rgb/1778654503274281984.png,8db180495b14bde2f12248123fa2149e906e681de2bbd623ee3e4aba3cb44f78,capturepallet11,day
data/pallet/raw_data/outside/capturepallet11/rgb/1778654503341191936.png,e6d73a452b33e7c41e984b18a29e71527e08268b021a995591876414e112cbea,capturepallet11,day
data/pallet/raw_data/outside/capturepallet11/rgb/1778654503408180480.png,dd003d73a42dc3afd34b33b79711d753663ed8fe1fcf9c9862e5406a7e6cd348,capturepallet11,day
data/pallet/raw_data/outside/capturepallet11/rgb/1778654503475298304.png,5ad9afb3f4825d7e62bc63e1da90608584287aaf98b0da9e258e78fd9ba508fd,capturepallet11,day
data/pallet/raw_data/outside/capturepallet11/rgb/1778654503542575360.png,1d0393d2b234f36b752af0b89f3c9700521349dfca7aed4e938b38a8fcbd274e,capturepallet11,day
data/pallet/raw_data/outside/capturepallet11/rgb/1778654503576048128.png,b6fd16f7a348622ed321278db0145d92ed10ca454aadfd91dcc96718f1d5078a,capturepallet11,day
data/pallet/raw_data/outside/capturepallet11/rgb/1778654503643225088.png,0225cecc3cc989b11b8dbd7bc5afa0d09f0d6e75d922da76e3ec114ac4f4406c,capturepallet11,day
data/pallet/raw_data/outside/capturepallet11/rgb/1778654503710384640.png,8b041e2f090f73d9a361f2888e790a4ab300bae25a1036abce3401d1efccd395,capturepallet11,day
data/pallet/raw_data/outside/capturepallet11/rgb/1778654503777895936.png,3dc38b7dbacd19d92bbbcde3de3eaba7a3eac186e7d1e29c02108c3a78181e92,capturepallet11,day
data/pallet/raw_data/outside/capturepallet11/rgb/1778654503945791744.png,4d9a6e671014541fa58eea704c09bfab96192e51b1f5ca25be5f79b1b50555a0,capturepallet11,day
data/pallet/raw_data/outside/capturepallet11/rgb/1778654504046266112.png,58f7410a8ffc8061cb2221b7c87af3ba2375254c862b82acf013b68e06502034,capturepallet11,day
data/pallet/raw_data/outside/capturepallet11/rgb/1778654504113578496.png,c6c61b92a50201eda9c28f4ddf61e896f43fb497afd1853111668bb40f257472,capturepallet11,day
data/pallet/raw_data/outside/capturepallet11/rgb/1778654504180863488.png,dbe8fcbb522e8c36d639167dc1d0e6bd977d1cbd42ea02d43c09408672fe2d7a,capturepallet11,day
data/pallet/raw_data/outside/capturepallet11/rgb/1778654504248001792.png,d6f88f87a4349ae568ac9a41a28187690f9344619eb5eae31c2a2d9f0f6e8863,capturepallet11,day
data/pallet/raw_data/outside/capturepallet11/rgb/1778654504281575936.png,527a874a1b83f4c1a26f99ecf96dd6447a7d1860ae0f6f9c3e2bf43cf58dff62,capturepallet11,day
data/pallet/raw_data/outside/capturepallet11/rgb/1778654504348751616.png,107cd0843eee70caa5efdd8fcf09dfccf29149fbc0d52ac21b16843ed3a9f54d,capturepallet11,day
data/pallet/raw_data/outside/capturepallet11/rgb/1778654504415989248.png,c0f7ab6701998e2fd740e6cb46f01c3fe28a53012f4480b12de067d42bc87be3,capturepallet11,day
data/pallet/raw_data/outside/capturepallet11/rgb/1778654504483090176.png,d6ba9145f4a2780b0c3ee90a01fb99b9dfe64f929dba87ec86772f2edda03790,capturepallet11,day
data/pallet/raw_data/outside/capturepallet11/rgb/1778654504550334464.png,02fa39d954b8c20ccb845ea2dd65478dbb2550f8d651e76a8f33793f76a55642,capturepallet11,day
data/pallet/raw_data/outside/capturepallet11/rgb/1778654504617606400.png,7ab730f351d5e998a931da40c4c56471e28a23218b436c26f2b190326f7a6beb,capturepallet11,day
data/pallet/raw_data/outside/capturepallet11/rgb/1778654504684724992.png,87f4aedc300be0f6074494bfa628ca701463110c4b28d8a8d03ea228b6424bd9,capturepallet11,day
data/pallet/raw_data/outside/capturepallet11/rgb/1778654504751999744.png,17b7ddbbda49362da0e2caee939e362c81a11800f14e72d5e3b099be129ee10a,capturepallet11,day
data/pallet/raw_data/outside/capturepallet11/rgb/1778654504819300352.png,b99394b03b2d9f6fb393111eef906af20d9eff9fdc3372699263facd4eaba7f6,capturepallet11,day
data/pallet/raw_data/outside/capturepallet11/rgb/1778654504886235904.png,2fea84de3849a8b43866fb48298ac7db3e1f91d51a75bb66cab8ca2a834b2995,capturepallet11,day
data/pallet/raw_data/outside/capturepallet11/rgb/1778654504953550336.png,2eb95c6d7464704911538556c735da5eada276675d61191b68a27a82e6d2836e,capturepallet11,day
data/pallet/raw_data/outside/capturepallet11/rgb/1778654505020744704.png,7355bf772e78f0989dd3300a31804d286c484b5a1c9763a47f167f4a95c0761c,capturepallet11,day
data/pallet/raw_data/outside/capturepallet11/rgb/1778654505087899904.png,3b92f8d637e39b8bc749ed6e97cd5c428a5ea9357a7f9429dce55207fe5dabf4,capturepallet11,day
data/pallet/raw_data/outside/capturepallet11/rgb/1778654505155205120.png,8aff3a29f7f28c55222112ead8a9fd9e29f847b7609cf75044cafbc29b29f45f,capturepallet11,day
data/pallet/raw_data/outside/capturepallet11/rgb/1778654505222446848.png,91492f57eb2f77eab896e810e9304f584161d8d2db894b7e00fdcd793b1595ea,capturepallet11,day
data/pallet/raw_data/outside/capturepallet11/rgb/1778654505289680896.png,4d69475714fab73e99bc20a9bd5304339ee35c39a9efcc0b26b4c6b4b8c4141f,capturepallet11,day
data/pallet/raw_data/outside/capturepallet11/rgb/1778654505356763136.png,bc53667a4c7cbafcc7073f4b38e471395ff69bb1eb42e24c9f63a0bb1844dde0,capturepallet11,day
data/pallet/raw_data/outside/capturepallet11/rgb/1778654505491385600.png,6604e4c0682f8e0fbf645a9ddd43baa906dd85c9137b605e96244aa80efabc8d,capturepallet11,day
data/pallet/raw_data/outside/capturepallet11/rgb/1778654505558278400.png,5da84807741cc82bdbc518d9a5d21e42363adda9cdd94f3ecc5ca979025bf4a1,capturepallet11,day
data/pallet/raw_data/outside/capturepallet11/rgb/1778654505591815424.png,3e5ce04bfe4aee15c0d18b48622ef1687e82b704e0870f83f9c4a85dd03084e0,capturepallet11,day
data/pallet/raw_data/outside/capturepallet11/rgb/1778654505659240448.png,1b9d27f72d65e452acb8b08120458db92a9553cf700bcee4fbe63e0b32fb2e33,capturepallet11,day
data/pallet/raw_data/outside/capturepallet11/rgb/1778654505726288896.png,1990d25e08dd527f9dcff40bc87e08b99908c4821e4f2a9de1ca87ff10add955,capturepallet11,day
data/pallet/raw_data/outside/capturepallet11/rgb/1778654505793696256.png,95d97f769524979c085b7aa182c6f1a1e9396afcb9a068b959deace771a42467,capturepallet11,day
data/pallet/raw_data/outside/capturepallet11/rgb/1778654505860513792.png,262559db0ef155276160c239e478ef219ed29524225c2382ed9bc6d26b0dac07,capturepallet11,day
data/pallet/raw_data/outside/capturepallet11/rgb/1778654505927996416.png,536ad06ac6f30f10e2eb7e02f1b67b7f6cd2875e0fafde4a8fe7953cf787a6a4,capturepallet11,day
data/pallet/raw_data/outside/capturepallet11/rgb/1778654506028862208.png,b9246ff66f0d668e2dfc6c46ce70e2c6cc3b0d04d8b856f0a526f7c43582d1eb,capturepallet11,day
data/pallet/raw_data/outside/capturepallet11/rgb/1778654506196842752.png,40717e9d3a16c6f36ea4b82cf742ba4c100c6e9ab59cc09ebedbda3d31687894,capturepallet11,day
data/pallet/raw_data/outside/capturepallet11/rgb/1778654506331350016.png,6b152aeb4706cbcd01aab813e0caeb3c29e3893ee7408d7bee24ef4b8734ed2a,capturepallet11,day
data/pallet/raw_data/outside/capturepallet11/rgb/1778654506432283648.png,6625f680acfc68b0f07a0143b57ef6e713736403a2641802de83627f35f627ed,capturepallet11,day
data/pallet/raw_data/outside/capturepallet11/rgb/1778654506532951808.png,62aeebadb069ec5c11c4264fc22a9376ad2d267244a8baf353fea0dfd3085993,capturepallet11,day
data/pallet/raw_data/outside/capturepallet11/rgb/1778654506633712896.png,25985de7490b23c97675038767051c6b560c9d256f6a465976716213495ec1ec,capturepallet11,day
data/pallet/raw_data/outside/capturepallet11/rgb/1778654506700600832.png,8fbafdafe40ccb09b07adaea155b2c10ae87d9f782ad5a85e164e9fd6a0e3a74,capturepallet11,day
data/pallet/raw_data/outside/capturepallet11/rgb/1778654506734259200.png,31335addd9a1fc21a5c95695250face21065158991e7c92364893007514e3558,capturepallet11,day
data/pallet/raw_data/outside/capturepallet11/rgb/1778654506801495808.png,61381f6acfe8082909001c1aa6410801ca61df4427c91de416d926ec7d4d51c9,capturepallet11,day
data/pallet/raw_data/outside/capturepallet11/rgb/1778654506868664320.png,df953a18a3e9716fa760aa3f1acaf13fba8f67f99b50f25d45af9af7c62e4363,capturepallet11,day
data/pallet/raw_data/outside/capturepallet11/rgb/1778654506935708416.png,6f49c6f94a2aea345567bf258307246069bd413b7c9ed8c5052bbc92ee0c7826,capturepallet11,day
data/pallet/raw_data/outside/capturepallet11/rgb/1778654507003062528.png,42360f316d8ba3c76159539456a9c830666cfb9d4cf77a6da302e546c89d8f9d,capturepallet11,day
data/pallet/raw_data/outside/capturepallet11/rgb/1778654507070368512.png,5538b8831555a4c981120844228074326c0293192dc8b0662aee2d4720286991,capturepallet11,day
data/pallet/raw_data/outside/capturepallet11/rgb/1778654507137300224.png,9da04096f1c49caa4c38bd4db94b8bd3a5065b3ebbfcf258f85dc9a9e1545aee,capturepallet11,day
data/pallet/raw_data/outside/capturepallet11/rgb/1778654507204448768.png,6aeec9ec89d54f08251956774ae391e3a3aca6ebd140c1ec191e54609ffe2ed3,capturepallet11,day
data/pallet/raw_data/outside/capturepallet11/rgb/1778654507238262528.png,32cd3346aa1d6c48fb9a5cc99c7241984f327972388d3c4bb29a1a4a62f5cb6f,capturepallet11,day
data/pallet/raw_data/outside/capturepallet11/rgb/1778654507305751296.png,9004d2c25f5ccc241c774f0910147abb8210f4900c836ab43977efc21f973b45,capturepallet11,day
data/pallet/raw_data/outside/capturepallet11/rgb/1778654507372556032.png,f75a424262c3a4b557e7a164b1333f01074dde93bb327c86521c5e34b97ff67c,capturepallet11,day
data/pallet/raw_data/outside/capturepallet11/rgb/1778654507507246848.png,81995f42c261af61d4cb7f891ec6adc11067de7550f67c68bae1d6d3a163115a,capturepallet11,day
data/pallet/raw_data/outside/capturepallet11/rgb/1778654507675436800.png,7766528ab66f8d87b1ae69410e52ac56a581309264da8477f478782c04ecbe3a,capturepallet11,day
data/pallet/raw_data/outside/capturepallet11/rgb/1778654507809462272.png,0edeaf9b7b0d824218e0623bad89122bb7ee52639000d783f6b7719ea5ee95f3,capturepallet11,day
data/pallet/raw_data/outside/capturepallet11/rgb/1778654507910252032.png,b7397c3fa652792b74614b459ca1fdbb88a04b8e9a65cd4d2d608e8520534e5b,capturepallet11,day
data/pallet/raw_data/outside/capturepallet11/rgb/1778654508044625408.png,4e93bd5605b7cda57b9163b533aed2bc0943ff1db564704d84c5011323bf253e,capturepallet11,day
data/pallet/raw_data/outside/capturepallet11/rgb/1778654508112013312.png,8f98a6ea742570d501d9ba3119980940f3529baac880544c7fdbfd8485767e24,capturepallet11,day
data/pallet/raw_data/outside/capturepallet11/rgb/1778654508178780416.png,4daf2a6496e03523f7a85362f21310a146b3e83c3e92455a014470680677b51a,capturepallet11,day
data/pallet/raw_data/outside/capturepallet11/rgb/1778654508246093824.png,e28cddc23a6cda6daec2b7539e13c6ab27b8111e4308b3dd57c425296c7e81c2,capturepallet11,day
data/pallet/raw_data/outside/capturepallet11/rgb/1778654508313001216.png,5a56037ab6ba26e52a82f38d1ce643dc5f00ac8b514f4a66ad557444161bcec9,capturepallet11,day
data/pallet/raw_data/outside/capturepallet11/rgb/1778654508481657344.png,a39785fcce8919829f3af015a36ea63daafcd0bfc5bdaac8f7bf472fc0ea6c63,capturepallet11,day
data/pallet/raw_data/outside/capturepallet11/rgb/1778654508581954048.png,55679bbadede1df6b635837a54606a9dff3fac73bea232a3f9167d887da33fe6,capturepallet11,day
data/pallet/raw_data/outside/capturepallet11/rgb/1778654508649168640.png,5b742ddb839e45d3f21659b445cd41be87764f0dac557936bed6d6bddf1c0ecf,capturepallet11,day
data/pallet/raw_data/outside/capturepallet11/rgb/1778654508716310784.png,86b44390db4c99e9d2a6a65e6486f1eecd88b434b367dc5457e29d44b4eed592,capturepallet11,day
data/pallet/raw_data/outside/capturepallet11/rgb/1778654508783601664.png,915f44eeed7fb59c9d3f06736e61a31f415b768ff6c63fa39186784b391f453c,capturepallet11,day
data/pallet/raw_data/outside/capturepallet11/rgb/1778654508850925568.png,f1e9fa4cdfe32a6340dd0bd2ad706524555c65c168cdb493323b58250212a551,capturepallet11,day
data/pallet/raw_data/outside/capturepallet11/rgb/1778654508917816320.png,005dc6ef52ae81c623a929b76d3d3a28e7e7b3a02db41d183410d4c7152a765c,capturepallet11,day
data/pallet/raw_data/outside/capturepallet11/rgb/1778654508985466112.png,23976bf93785880326cae66fa1847f54c35e984774e988b77518c2c117a853d1,capturepallet11,day
data/pallet/raw_data/outside/capturepallet11/rgb/1778654509120128768.png,8b4dae8f8a4de0a723f1c8981f382820cc7de7e5399032034f6c1297078f4572,capturepallet11,day
data/pallet/raw_data/outside/capturepallet11/rgb/1778654509254208768.png,5a1c5ea7bd9dfdf3d632f94c3b26d4e551ea5ed0c8e1105d0de5d164d7d1e86b,capturepallet11,day
data/pallet/raw_data/outside/capturepallet11/rgb/1778654509388630784.png,368bf299a99fb0e3a0f44591ff7e100eccbe600965c2b7b083951d9ab415ea50,capturepallet11,day
data/pallet/raw_data/outside/capturepallet11/rgb/1778654509523004672.png,8779e8aef74d8bbd007b91c6931e2cfc4fd803c7b50e14cd572be605b7d3dfd0,capturepallet11,day
data/pallet/raw_data/outside/capturepallet11/rgb/1778654509589873920.png,6406489784b27191131036a3c67aefe036e9e671b459aaa65d76117bb3799b19,capturepallet11,day
data/pallet/raw_data/outside/capturepallet11/rgb/1778654509657071616.png,cddf8495ad580416499442ac9724f45aa1e5b5f3b7308a591d95250d88992198,capturepallet11,day
data/pallet/raw_data/outside/capturepallet11/rgb/1778654509690653440.png,4ce62c920b42448915e1291760e90f7d47fe50566363376f5126e58a833ff88d,capturepallet11,day
data/pallet/raw_data/outside/capturepallet11/rgb/1778654509757948672.png,aedcec8862fab59cc057ced5aca8dcb22ad2a0ff008a75d37ba68fb924c92038,capturepallet11,day
data/pallet/raw_data/outside/capturepallet11/rgb/1778654509824980480.png,c85c3a7dba310bd242a694115cd910e551884bbb79f8a934675a5afc7a6dcad3,capturepallet11,day
data/pallet/raw_data/outside/capturepallet11/rgb/1778654509892164096.png,cea4ed2b13b12972cf02da64f80187d9bd8521b4414a35670a2f83e07825061d,capturepallet11,day
data/pallet/raw_data/outside/capturepallet11/rgb/1778654509926023168.png,7dbd77547fc63ab7e00a37f303b892f50ad7608c548adb80d928eb95e37a8d00,capturepallet11,day
data/pallet/raw_data/outside/capturepallet11/rgb/1778654510026690304.png,9a4c513a647a03f6d8caaf3e3ffee46b706e28f32bb8224fb9f41bf548c45f25,capturepallet11,day
data/pallet/raw_data/outside/capturepallet11/rgb/1778654510060316928.png,d79931f43b793554b6b7fce33309762fc6d73b67a9bcf165edcdc0c7954ce6fa,capturepallet11,day
data/pallet/raw_data/outside/capturepallet11/rgb/1778654510127575808.png,b64bafc4313f3dd212bdca8cb2208bf5dd336da265baa5bebea2800a8681185d,capturepallet11,day
data/pallet/raw_data/outside/capturepallet11/rgb/1778654510194551040.png,175090e0993a7849bed0508f3c8bfcf40e3324fc6d85233215a5b17c19371cb6,capturepallet11,day
data/pallet/raw_data/outside/capturepallet11/rgb/1778654510262029312.png,0af54fb3b83fa3b73a8ad3b847c1d991b7b3695995b75fe984c92a13fe56e1cb,capturepallet11,day
data/pallet/raw_data/outside/capturepallet11/rgb/1778654510295507712.png,74d8f37f469057cf061f45a8d2d2e881644b2f01411275a9522054ca6d2df46f,capturepallet11,day
data/pallet/raw_data/outside/capturepallet11/rgb/1778654510362615552.png,4dc7b9793134c68bbda68aa7bcba0009a50fabeaf013b6b2d5236ae3299bb235,capturepallet11,day
data/pallet/raw_data/outside/capturepallet11/rgb/1778654510431080448.png,a993b34db75ef1bfca6eef8a8548b630b8f1f8de2d0fb7856cb474a69b307b7a,capturepallet11,day
data/pallet/raw_data/outside/capturepallet11/rgb/1778654510497374720.png,97edd5606b46fc2cb2f878fef8a2666f1eadaafe4085d167b9c83602c09e2299,capturepallet11,day
data/pallet/raw_data/outside/capturepallet11/rgb/1778654510564330752.png,71d4ce5b798585a9b9d4242af8ecb0e92228c2c6f8d8d8f936a683d98f7b9258,capturepallet11,day
data/pallet/raw_data/outside/capturepallet11/rgb/1778654510631336192.png,87efbb87a822293550ee0a735b9e869b1fb8244d489419e522494795697cd73a,capturepallet11,day
data/pallet/raw_data/outside/capturepallet11/rgb/1778654510665320192.png,9889563d8411f1c13a5f659ebc54cfbc3c9a93f4f4020e1f90ed63a0414a64b1,capturepallet11,day
data/pallet/raw_data/outside/capturepallet11/rgb/1778654510765927424.png,84c648f37dfd92df02ff8b65f68803a5104d0ccbc501910fd6070751b43e5ef0,capturepallet11,day
data/pallet/raw_data/outside/capturepallet11/rgb/1778654510833215488.png,6624492ac89b7159e3d4da5ece680d3ed5ded7041d100a009efc08eb2ff8dc65,capturepallet11,day
data/pallet/raw_data/outside/capturepallet11/rgb/1778654510866514944.png,8882333d63240a2e0adc7c041eccbf5f4cf4040f90b7abc60b893c55103d1901,capturepallet11,day
data/pallet/raw_data/outside/capturepallet11/rgb/1778654510933948416.png,83dc12da812610ed506d04b72e49c1bf755d5f33005371bb90bb187e7f1304d4,capturepallet11,day
data/pallet/raw_data/outside/capturepallet11/rgb/1778654511001118208.png,b36499658eef4c609f51badd4b9c5ab994800d3ef487212a6d24d26e7896d9e3,capturepallet11,day
data/pallet/raw_data/outside/capturepallet11/rgb/1778654511068272384.png,70385ac88584704c44158b69b31a374edbbadbb7725d6909cf90b941fcb0c16a,capturepallet11,day
data/pallet/raw_data/outside/capturepallet11/rgb/1778654511135289600.png,c3a0df1cbce798ea53ac8054dc113f2c5d3784073a282962c30c842ef77a7308,capturepallet11,day
data/pallet/raw_data/outside/capturepallet11/rgb/1778654511202501120.png,83ad7f5a137db3757ea094e7949c75b8ed2043fdb044180dc7d5849b9bb53127,capturepallet11,day
data/pallet/raw_data/outside/capturepallet11/rgb/1778654511269823232.png,f29891ec69ff166eddebb0415a028df2d3698d6a6340fe419139750133b47e73,capturepallet11,day
data/pallet/raw_data/outside/capturepallet11/rgb/1778654511336864512.png,8e7257fa19e45d1e461615e2075e25e8b57eeba92b4cb433b76802f6669cc640,capturepallet11,day
data/pallet/raw_data/outside/capturepallet11/rgb/1778654511404391168.png,b09d620ab68a88860855c27bbc0f3b836c62e7a08c3129109fb07ec6d50efb50,capturepallet11,day
data/pallet/raw_data/outside/capturepallet11/rgb/1778654511505320960.png,4602a61841a61910c6ce856e70410afdf39b744b715a04d652cbe2a36158f482,capturepallet11,day
data/pallet/raw_data/outside/capturepallet11/rgb/1778654511639586048.png,aa22576426be73d2de0dfdf26a2659d5d5b599a441c608069d256a8283a8fe1d,capturepallet11,day
data/pallet/raw_data/outside/capturepallet11/rgb/1778654511740270080.png,5775cee2bb818e76a9cc8413bed475f1d4ab15489272ec2de2133e7964d705c3,capturepallet11,day
data/pallet/raw_data/outside/capturepallet11/rgb/1778654511841040896.png,e9a4e906ebf0ccfb6234c68c182e3111d402b5fabcfcf386e1ede4753bfea5cd,capturepallet11,day
data/pallet/raw_data/outside/capturepallet11/rgb/1778654511908101120.png,6c24157016120c5daf041cbdf5c38fc7fb2787609644fb08302661660528a6df,capturepallet11,day
data/pallet/raw_data/outside/capturepallet11/rgb/1778654511941723392.png,4f1b770390c47bb864d8ff95ee315ed6cdb2c9c90f24d1018e4bf4f627044b6d,capturepallet11,day
data/pallet/raw_data/outside/capturepallet11/rgb/1778654512008944128.png,2140cc677250998a4c9230d1c999acd2f0cd45af0f59639bfbaf59739d17a39d,capturepallet11,day
data/pallet/raw_data/outside/capturepallet11/rgb/1778654512076039936.png,c3f264a87cedea0015d2187ad5140ea0e043709b5ff923f56a7c2c4bb7ee2e08,capturepallet11,day
data/pallet/raw_data/outside/capturepallet11/rgb/1778654512143239424.png,f4c192dcb14b97c2ae89e9cbc5fac44ec802c4d789e2bfa93129c12297640845,capturepallet11,day
data/pallet/raw_data/outside/capturepallet11/rgb/1778654512210677248.png,3fbf3dca19d914f8b9bc350a5cd3bb41af68e4b7e1cd36982471542c80eec895,capturepallet11,day
data/pallet/raw_data/outside/capturepallet11/rgb/1778654512311195392.png,a434ac8c78eda76f9bbf3db70d872b78973d4eefb55ecf1670589af7fc93cacd,capturepallet11,day
data/pallet/raw_data/outside/capturepallet11/rgb/1778654512378351360.png,4b2cf674cfd0213c9f637190f757fece6b21b1c2c566b454bd3c3d15653e4e2b,capturepallet11,day
data/pallet/raw_data/outside/capturepallet11/rgb/1778654512412150784.png,32300210b634e11a8f8bf59868f774ebef16cadaf85ae9165576cf86b3a35bc7,capturepallet11,day
data/pallet/raw_data/outside/capturepallet11/rgb/1778654512479401728.png,96b9e0fc074220135893792dc6cab14eb1306064ebb3df92fb19155d81bdfc92,capturepallet11,day
data/pallet/raw_data/outside/capturepallet11/rgb/1778654512546411008.png,29d71f406fd665e695e31d4c6d0474aa0528a9c4609c2e8996babf9d3ecbd64e,capturepallet11,day
data/pallet/raw_data/outside/capturepallet11/rgb/1778654512613439232.png,b5297313558f0b8da3e4d4ac6bc6c304b22f9a2369d8464ca46bc42a10c85bb8,capturepallet11,day
data/pallet/raw_data/outside/capturepallet11/rgb/1778654512680685312.png,c4887f785fe6fc810b941840502e25bd9a8f84c71d6aed057a60f79c78ea13b5,capturepallet11,day
data/pallet/raw_data/outside/capturepallet11/rgb/1778654512747945984.png,8a712285273031af4ce7a01b396649a2900e29d878602daca4bbc4d7ee6d3425,capturepallet11,day
data/pallet/raw_data/outside/capturepallet11/rgb/1778654512815224576.png,6bbde8ad93ed00230ac35492cb838a57877341237d8024a69b811d186543d274,capturepallet11,day
data/pallet/raw_data/outside/capturepallet11/rgb/1778654512983386368.png,564d3a24531e81ec74a1df220666ee82e9796924098fa7d232c1e04a837ee72c,capturepallet11,day
data/pallet/raw_data/outside/capturepallet11/rgb/1778654513117753856.png,86e8f2e1b67db7a10f8d4667a7bbae7fe9444c03bb1600ca6f47ac6eb17e4df6,capturepallet11,day
data/pallet/raw_data/outside/capturepallet11/rgb/1778654513218610176.png,177123e01c83c5ac51cac4ea18285138100caf1e5fd748238c1e92b3b84e9f12,capturepallet11,day
data/pallet/raw_data/outside/capturepallet11/rgb/1778654513285432320.png,e4cdeba17e941694c00702fbf806aa181206fc5e437c12f5bc3d08b85b669e46,capturepallet11,day
data/pallet/raw_data/outside/capturepallet11/rgb/1778654513319281664.png,03938f3457823f5afcd2bd3a42cdd5cd43378fa3c4e4f580f9377172e95d816c,capturepallet11,day
data/pallet/raw_data/outside/capturepallet11/rgb/1778654513386216704.png,d398b406076542726a9b2593b32947c10dd175646c967d779b28d63879b361b5,capturepallet11,day
data/pallet/raw_data/outside/capturepallet11/rgb/1778654513487374080.png,d373c9d477e5789fac11e2fd16e45724745eb1a56c1379c5d85f5e6601207cbb,capturepallet11,day
data/pallet/raw_data/outside/capturepallet11/rgb/1778654513554511872.png,18c392109137f6298f5887da71b8bab1dbd890ef586f648c6dab7eca0a5d02c7,capturepallet11,day
data/pallet/raw_data/outside/capturepallet11/rgb/1778654513621576960.png,efe81be42143b43b9ec79342980b4f99eb8d5c63b06cc2420c2be936eba5e957,capturepallet11,day
data/pallet/raw_data/outside/capturepallet11/rgb/1778654513655377920.png,4fe0d111d3724fd62e04a8279fe938dfd67be2f0de3883fb069851b0dc3af49e,capturepallet11,day
data/pallet/raw_data/outside/capturepallet11/rgb/1778654513722236672.png,835f94d2a615dcfdc440aa023c22b17f3eb9f36b0d9617c29e4ff68d92fa396d,capturepallet11,day
data/pallet/raw_data/outside/capturepallet11/rgb/1778654513789641728.png,3e9862acee8a7c8f4c705a74dc2d273643594779dbe3d7aa2b6e1a7a2a8ef382,capturepallet11,day
data/pallet/raw_data/outside/capturepallet11/rgb/1778654513890359552.png,a8e0746a163390969b02740fe075845abb6927ed4bcc9d0b418b58fb75d42c83,capturepallet11,day
data/pallet/raw_data/outside/capturepallet11/rgb/1778654513957526016.png,a72de873220d4336582152d751b16a4d0be0409d5ce5b4e131b62615e72242ec,capturepallet11,day
data/pallet/raw_data/outside/capturepallet11/rgb/1778654514024656128.png,3dcdd039a25955eda4b69f0ffb986c19c29be2accf1cecc5f72707523922049e,capturepallet11,day
data/pallet/raw_data/outside/capturepallet11/rgb/1778654514091840768.png,1c843d63de885ef295ef635f01b190aa5863de11cfa28149013c09c598205096,capturepallet11,day
data/pallet/raw_data/outside/capturepallet11/rgb/1778654514159066624.png,b0b04150988be4308924aa62f14d1bdbbb89533cf3267e574d0a57e3893b3f9f,capturepallet11,day
data/pallet/raw_data/outside/capturepallet11/rgb/1778654514226248192.png,4a3df348b0cc6d18ede283a446419edecb0218173503e7223072204556734dfc,capturepallet11,day
data/pallet/raw_data/outside/capturepallet11/rgb/1778654514293462016.png,0a9e6b815cc8b14a4a2671d190205cea16f01d24cdbfb9336a43f5928f0deac7,capturepallet11,day
data/pallet/raw_data/outside/capturepallet11/rgb/1778654514360609536.png,7df573cceede0f87b19b1a29ace9cf7416824e893119caf7ee3be6d392daa017,capturepallet11,day
data/pallet/raw_data/outside/capturepallet11/rgb/1778654514427715584.png,0c3864251eb00aa0bcf467ee956c0369f3987cc0b2060b9dbbf6dbc8d7f8c075,capturepallet11,day
data/pallet/raw_data/outside/capturepallet11/rgb/1778654514528610816.png,983f6d6620e3faa4127b6cc4717eebc3d8f65cbe67c55a00f5c8709d54b0aa85,capturepallet11,day
data/pallet/raw_data/outside/capturepallet11/rgb/1778654514595837184.png,5fb61369ada5cf8903c851a061f4cb30ce64ad0d7be61e4933298dc847f0c9f6,capturepallet11,day
data/pallet/raw_data/outside/capturepallet11/rgb/1778654514662991104.png,9be9a42e564fafba8ba124ad85898b378579c22a6f4f886e0d9b0e0ee92fb350,capturepallet11,day
data/pallet/raw_data/outside/capturepallet11/rgb/1778654514696571648.png,70529d7d0a166eecd542b0ac75b6d4594d63a4f0362c9d12b4790f2adae821e4,capturepallet11,day
data/pallet/raw_data/outside/capturepallet11/rgb/1778654514763745024.png,066f07efb81a7077a18b7deadd4dbf4acf1b5fe09ad8d5288f18630a3ec6ae3c,capturepallet11,day
data/pallet/raw_data/outside/capturepallet11/rgb/1778654514831134720.png,a916dd2ed44298db4ae1ee79382394cc82afdbb87e972c9bf69f3d4fce902488,capturepallet11,day
data/pallet/raw_data/outside/capturepallet11/rgb/1778654514898337792.png,8156c6e023772bb64e564164583937a85409a717c91acdb7447178588235b32e,capturepallet11,day
data/pallet/raw_data/outside/capturepallet11/rgb/1778654514965594368.png,81843cbb848e80b18cd0730f45b2c76f7fe4b2892a16a34366898026a5eaa0af,capturepallet11,day
data/pallet/raw_data/outside/capturepallet11/rgb/1778654515032679168.png,9e2896cd339f4170922ac2d8fa3a0a340cd6cef5c48105cdb78bdf7a7c7b640a,capturepallet11,day
data/pallet/raw_data/outside/capturepallet11/rgb/1778654515099835648.png,5224ea792f46dd7c9aee4542fc925b8734fd6fd88aa7ec1d3ae7f5cae68e9efe,capturepallet11,day
data/pallet/raw_data/outside/capturepallet11/rgb/1778654515167045888.png,c156556ff20bf03ec3a939f90cc3c1b95f1f20a1034e4c36b31692f0bbadef7e,capturepallet11,day
data/pallet/raw_data/outside/capturepallet11/rgb/1778654515234111744.png,0455fbe4839cd9562ab8ec821fd7b80ad6d71415ac886830ec254c3abfc2cd79,capturepallet11,day
data/pallet/raw_data/outside/capturepallet11/rgb/1778654515301368576.png,d4d0948f54f290817c53646a6999e999a9871560276f7bbbf770b20727d8c30d,capturepallet11,day
data/pallet/raw_data/outside/capturepallet11/rgb/1778654515368563712.png,96952e64d24b8761bfef02eae7abf00bae9c1794971e2ca8681b646ceff26daf,capturepallet11,day
data/pallet/raw_data/outside/capturepallet11/rgb/1778654515469417728.png,a40e7a97415530a5e25a82d756d6c9a132437e3c04de561c12cba93fbfd0da6d,capturepallet11,day
data/pallet/raw_data/outside/capturepallet11/rgb/1778654515536761600.png,4e9b2ead01f86f35da92e4e7653a5cf88aca55a040ce50c77fd82557c8f6858e,capturepallet11,day
data/pallet/raw_data/outside/capturepallet11/rgb/1778654515603770624.png,e38ed25c1a270bd568d4834a5c1cc31be1c4d4a2e3e378196684b4b28e8023c6,capturepallet11,day
data/pallet/raw_data/outside/capturepallet11/rgb/1778654515670865408.png,1db49d1a75e5ce8e09c234fcc9a2491235d26b11b3df6a7b0f5af3a5c8775383,capturepallet11,day
data/pallet/raw_data/outside/capturepallet11/rgb/1778654515738042624.png,de5550a7062a61702b9ddb9f7f6fd3ea94b01e205a11e81df2f979185b148c17,capturepallet11,day
data/pallet/raw_data/outside/capturepallet11/rgb/1778654515838914048.png,669edd06114e768146b935ac513c6298a74b06a194de9d30247811775f69deb7,capturepallet11,day
data/pallet/raw_data/outside/capturepallet11/rgb/1778654515906079488.png,6b9363623bfbecc61fa4873945d9fd173fc6addc1e04df0f0ab21fe02c647814,capturepallet11,day
data/pallet/raw_data/outside/capturepallet11/rgb/1778654515939716864.png,787d20a91e968d3ed57f0b7ab7362ef010bfafbc8258240c2f6bec6694bee861,capturepallet11,day
data/pallet/raw_data/outside/capturepallet11/rgb/1778654516006997504.png,b981d3bb49a280fc89d142844405f96d760703d1594ed8b97d3a0982a288d302,capturepallet11,day
data/pallet/raw_data/outside/capturepallet11/rgb/1778654516074029312.png,9853bf9823be16f2edcd16568ae706bb86d67aceb7e460d3a478d3e57543975f,capturepallet11,day
data/pallet/raw_data/outside/capturepallet11/rgb/1778654516141234944.png,0d3b17dc7a01197597f197603ed4c2a72b77d18876655f641b5d525fb63047e0,capturepallet11,day
data/pallet/raw_data/outside/capturepallet11/rgb/1778654516208648192.png,b544f7ea8ef085fd6ffde6a50eb19599f9d3d9b3be26c7618b85c7caddc51851,capturepallet11,day
data/pallet/raw_data/outside/capturepallet11/rgb/1778654516275661568.png,61b94c3277bce28342bab7f6c299e9d3f22a9a807dd2af3540897a4f4b3e27b2,capturepallet11,day
data/pallet/raw_data/outside/capturepallet11/rgb/1778654516343007744.png,709d85c2c5b7ed30ba6625c718b317ed230d862dd05fd4c2fe56b749857d27d6,capturepallet11,day
data/pallet/raw_data/outside/capturepallet11/rgb/1778654516410168576.png,a9d47c2ecd21b4e570a03611238e446d296f0115e694e86635757bb991096b80,capturepallet11,day
data/pallet/raw_data/outside/capturepallet11/rgb/1778654516477141504.png,4887d2bb099bb82f7ead91f74bdfadcbd168a312dd6143c6684831184f4b4f3b,capturepallet11,day
data/pallet/raw_data/outside/capturepallet11/rgb/1778654516544427520.png,0475b525edff1e9ea39fd75bc6b35c809f580aa7088a50bfb766728e5deea7f5,capturepallet11,day
data/pallet/raw_data/outside/capturepallet11/rgb/1778654516611566336.png,c210b7cfb5d5b02e455e947c28fcf870ad77c161ca7f4df65b94505f84ab276b,capturepallet11,day
data/pallet/raw_data/outside/capturepallet11/rgb/1778654516645408768.png,c8e12de04b67a9518eafc07fafd4d850f9123eca0da2116e2216c6928dd1dfe2,capturepallet11,day
data/pallet/raw_data/outside/capturepallet11/rgb/1778654516712460800.png,9860c22d65a6af8b57d246ff8779333368ac83c7737ebd2bf0041b9a4f90b6c4,capturepallet11,day
data/pallet/raw_data/outside/capturepallet11/rgb/1778654516813302528.png,ad8b143cd27d13af7c9f9a0e61e62874fe43df110486cd3e72acd8736238e435,capturepallet11,day
data/pallet/raw_data/outside/capturepallet11/rgb/1778654516880496128.png,feb5cd9962fc45aff66c26ff02e000dad2a9d50e8397b5e7d082ac05e66822bb,capturepallet11,day
data/pallet/raw_data/outside/capturepallet11/rgb/1778654516947389696.png,1d5362f1e9653a60016b92294e335b0879cef24ae038fe63094bba942f7a8892,capturepallet11,day
data/pallet/raw_data/outside/capturepallet11/rgb/1778654517014726144.png,ea3a5a67140c8ce6360ed96843301840a353aa5b6f618f1ab045c6f77efe56a1,capturepallet11,day
data/pallet/raw_data/outside/capturepallet11/rgb/1778654517081930496.png,51788cb4443a2a28a9534da982fae6f307e0f00e627eee1bfc78715477a84d2f,capturepallet11,day
data/pallet/raw_data/outside/capturepallet11/rgb/1778654517148996864.png,52175fa29559eb053ba64b58049db102fb1e8f78a8c114014c2903c8b6a6efb8,capturepallet11,day
data/pallet/raw_data/outside/capturepallet11/rgb/1778654517216231168.png,0560f8dbde08925a182fe52a7512c629625fe2c41834f67b8a2380e903e46886,capturepallet11,day
data/pallet/raw_data/outside/capturepallet11/rgb/1778654517283466240.png,b67e350cfad028c6b80eed8e49b2902faedf5fff2f4fe90d82af6d7b6a528510,capturepallet11,day
data/pallet/raw_data/outside/capturepallet11/rgb/1778654517350697728.png,82e0b024e9ecf225934b19c2f6f3de4dab6195f972e99d12cc51cca0544df9ea,capturepallet11,day
data/pallet/raw_data/outside/capturepallet11/rgb/1778654517384191744.png,418e9c2117ee525d61dc50a020265d4c565cf2966613fb55969225e874751675,capturepallet11,day
data/pallet/raw_data/outside/capturepallet11/rgb/1778654517451582208.png,2f275e5013fbccf8fabace64969c8b15b4b39635b0b689591437eca8cae3e82e,capturepallet11,day
data/pallet/raw_data/outside/capturepallet11/rgb/1778654517518601216.png,b0075cb94160a6d5291d6a28f83cea2c97fd118bcd7bc019c8e8fdaf54502584,capturepallet11,day
data/pallet/raw_data/outside/capturepallet11/rgb/1778654517619526912.png,efe5545a1d6f1a47f02616c4829141fa8b4073308235937693880216416fe4b4,capturepallet11,day
data/pallet/raw_data/outside/capturepallet11/rgb/1778654517686770432.png,5652f55687053678bc02abac1f13c6cbc02637907d08ab235914d7161743779e,capturepallet11,day
data/pallet/raw_data/outside/capturepallet11/rgb/1778654517753779968.png,564b077e189617fb6b8a44116b477b84f2a54353bd16f92b419b343c90227ee4,capturepallet11,day
data/pallet/raw_data/outside/capturepallet11/rgb/1778654517787467776.png,60a0e01a7df7724ac1fba5a79333bae3cc1a33a7953b374769e24d8a3c743218,capturepallet11,day
data/pallet/raw_data/outside/capturepallet11/rgb/1778654517854754560.png,9ec6706e1f4f3c934dda2ef0883b8a3292e33d3d0aeda80c6ef962a183da17f9,capturepallet11,day
data/pallet/raw_data/outside/capturepallet11/rgb/1778654517921893376.png,5dcdc6e467a43f2023588c2a7e41a09bf10d928f6bdbf1ce084a119766db5a46,capturepallet11,day
data/pallet/raw_data/outside/capturepallet11/rgb/1778654517989111552.png,31be2a48137652594a97b08c2017a1e8b26c201dac975bc36add9b2017259e7f,capturepallet11,day
data/pallet/raw_data/outside/capturepallet11/rgb/1778654518056239616.png,456dd2a1cd0d0c0d0e963a8e273572c36a528017cac58f9ad11f9c31853de884,capturepallet11,day
data/pallet/raw_data/outside/capturepallet11/rgb/1778654518089789184.png,2cf759192d14436d3904f3a32f11685e6d7f33f6c6e19a79bd869b0244c49746,capturepallet11,day
data/pallet/raw_data/outside/capturepallet11/rgb/1778654518190971136.png,9df1fd1d76f26396c836ca33399e96b5b4ebb46771623f0d38b67023e7a8b71e,capturepallet11,day
data/pallet/raw_data/outside/capturepallet11/rgb/1778654518324993024.png,b6f53c00d0268e13a8ed34f036c0a0316679f8350b1bc4eff8f97b5d8a3ee0d0,capturepallet11,day
data/pallet/raw_data/outside/capturepallet11/rgb/1778654518392566528.png,3aad35c89d90db24136fd425db333572be154c4ec4d2cd75fbf185c5360daa66,capturepallet11,day
data/pallet/raw_data/outside/capturepallet11/rgb/1778654518459632128.png,9572311f29d65a27ef1a75a380c9ac078bdbbae85de76cf91ed2477bde887d1d,capturepallet11,day
data/pallet/raw_data/outside/capturepallet11/rgb/1778654518526805248.png,47c38d281ab3f566130ceab698cd944c7d0ec549cb7832951c8159e42f04794a,capturepallet11,day
data/pallet/raw_data/outside/capturepallet11/rgb/1778654518593924352.png,21dabeec7ca6277e7635e1068b786a9f5b199b9f8fa9cebf6aabf2393cd7a3b1,capturepallet11,day
data/pallet/raw_data/outside/capturepallet11/rgb/1778654518661063168.png,11e9692e1144d4a4c07b36fb6a428415222dccf2ff2abaf70c149c9647da6442,capturepallet11,day
data/pallet/raw_data/outside/capturepallet11/rgb/1778654518728234496.png,07b92a3cb6f2cb4bda33cb931e38bb87f323a3768d40b215e30e2fbff7a82b8a,capturepallet11,day
data/pallet/raw_data/outside/capturepallet11/rgb/1778654518761696768.png,0f9189c55fb19027937944a3a0bf77e279f4d5ff4c7f278a2dbdbfbd059f372e,capturepallet11,day
data/pallet/raw_data/outside/capturepallet11/rgb/1778654518829114368.png,db1eea1c9a0ee01e2e7caad4d3b9107e791689616f22ac04d4d8464c534eac2e,capturepallet11,day
data/pallet/raw_data/outside/capturepallet11/rgb/1778654518896081920.png,dd1cf3650ad4b0fd25c25cf6e167169691b1addcd38153cede26be35ee6460b5,capturepallet11,day
data/pallet/raw_data/outside/capturepallet11/rgb/1778654518963407872.png,0b342589fa4e76aef945c2b9af11b73f3747fb237199acfde33bf541f1318aa8,capturepallet11,day
data/pallet/raw_data/outside/capturepallet11/rgb/1778654518997101056.png,9deef6c90a76b875972f1bf01de1200040783c9aba0b5ef76793d72907ca2c04,capturepallet11,day
data/pallet/raw_data/outside/capturepallet11/rgb/1778654519064431360.png,819054beda90184d8bf87bb6667b9e681d587459145820600ffab1f07958e9c6,capturepallet11,day
data/pallet/raw_data/outside/capturepallet11/rgb/1778654519131420672.png,cb2663add2b8f6aea50310517398d85e35514b3d34e955f350456e852d35d14f,capturepallet11,day
data/pallet/raw_data/outside/capturepallet11/rgb/1778654519164967424.png,c8497cdbe515efe34a5ef69ab0379c175fb8ce3a6e74f0c20bffc2482d2ddd66,capturepallet11,day
data/pallet/raw_data/outside/capturepallet11/rgb/1778654519232464896.png,61f4d773bd8a27d1058fa893b969ac9be639ea14eac35fa4bdc79155ef64a4a5,capturepallet11,day
data/pallet/raw_data/outside/capturepallet11/rgb/1778654519299434752.png,20124d4cf7fb551fd8d2dc55a4998dc1f19af63d0b601abab2d54474e71e2c35,capturepallet11,day
data/pallet/raw_data/outside/capturepallet11/rgb/1778654519366560000.png,1ae786da3369d8c9dffbc6dce67928df1f793f7bd60b00368c338c607f1d6c3b,capturepallet11,day
data/pallet/raw_data/outside/capturepallet11/rgb/1778654519433709568.png,c3b6966dc46c32c2a79d054584e7685afc0479e6a5aec25ece7180fe3f7309c5,capturepallet11,day
data/pallet/raw_data/outside/capturepallet11/rgb/1778654519501129984.png,0b7f090876ff1296cf678d05ae38553bb736fbf3613364d24049ecde39a33c13,capturepallet11,day
data/pallet/raw_data/outside/capturepallet11/rgb/1778654519568483584.png,a63e69a10512fbdad74799c0bdda33d40411e5cfe36acb53a7c7762638c7ed4f,capturepallet11,day
data/pallet/raw_data/outside/capturepallet11/rgb/1778654519635442432.png,6a60b6e4795d30d65776277bbc14597980d515ea02764818ef2934d58389b7a3,capturepallet11,day
data/pallet/raw_data/outside/capturepallet11/rgb/1778654519803745024.png,eedbc5a39673bd6cad933322ae78cf0a1bb43d24a95b27c2c2bc50a51817e102,capturepallet11,day
data/pallet/raw_data/outside/capturepallet11/rgb/1778654519870634240.png,57c08bc5152e610bc6587f5e926012a1ad6bf4780e40be2917efdf1f760a25a9,capturepallet11,day
data/pallet/raw_data/outside/capturepallet11/rgb/1778654519937705216.png,eaed4f718aee166b6019f77b57dd1deaa378c2e8447250f5f255edc0d7f06e4a,capturepallet11,day
data/pallet/raw_data/outside/capturepallet11/rgb/1778654520004982528.png,04cf48dd23f91699ac870ebec885bf533af96fa264638b8638728dffd2bb8133,capturepallet11,day
data/pallet/raw_data/outside/capturepallet11/rgb/1778654520072178688.png,7ae8a82aa82d30eff08ec79b3533e0b38fb8b1e74979c3debace2cc21a806335,capturepallet11,day
data/pallet/raw_data/outside/capturepallet11/rgb/1778654520139251712.png,88be64874aa270f787d663dd83f40748934d12e8acf983f301ed3bbefa246635,capturepallet11,day
data/pallet/raw_data/outside/capturepallet11/rgb/1778654520206423552.png,a45c0d17e903cdfa48dad22549840e59a426971f16d55345a2bfee00560c107d,capturepallet11,day
data/pallet/raw_data/outside/capturepallet11/rgb/1778654520240004864.png,e12fc588181e0f68cdc6ae9c5b0920a69db5696488fe2fa07948f09bb430fbc4,capturepallet11,day
data/pallet/raw_data/outside/capturepallet11/rgb/1778654520375258112.png,094ed1499b5ed1092099e607b6985cd1132a76259d6df0783b4c3197571ffe34,capturepallet11,day
data/pallet/raw_data/outside/capturepallet11/rgb/1778654520509407744.png,ed4aa4d3b04b5c983d7500aa1d32e979c9ef4bb55278dd921f0c9c7e45bbb458,capturepallet11,day
data/pallet/raw_data/outside/capturepallet11/rgb/1778654520643462912.png,609da1c3c1173b39edd44610c5c82be46d4146c175f287379a8f78e59d8b1f11,capturepallet11,day
data/pallet/raw_data/outside/capturepallet11/rgb/1778654520744237056.png,fd2e8f25b20098a4f759763c49f6e11a12b990bf9a88b5253eff0d0c5c2ac9d7,capturepallet11,day
data/pallet/raw_data/outside/capturepallet11/rgb/1778654520845036032.png,d776b912b96f21ed19dcc65abdf690312f34716d7a2c782efdd6e209c92ee617,capturepallet11,day
data/pallet/raw_data/outside/capturepallet11/rgb/1778654520911976192.png,37f4238af2e580174df50f2eddda59f9c434a59a3626ac3283d3cc45f3a79659,capturepallet11,day
data/pallet/raw_data/outside/capturepallet11/rgb/1778654520979242496.png,e715eb8afd0d5932c3d53086cf3988fac7fd34ba7b99de595dc2bfac05e3642d,capturepallet11,day
data/pallet/raw_data/outside/capturepallet11/rgb/1778654521046674176.png,093462ed7bbb13ef44b269da4a288bf9066b438dcebdc2ba6861ff202e6a3a1f,capturepallet11,day
data/pallet/raw_data/outside/capturepallet11/rgb/1778654521181271552.png,6b5d61bc11a3750499bda050ce8eb91f84beced459d6e03304ab2887779ddf10,capturepallet11,day
data/pallet/raw_data/outside/capturepallet11/rgb/1778654521315529216.png,04ac72fd212139d0c56b818dc4fb752b50b96221cea29098aa6dda6242a0d64c,capturepallet11,day
data/pallet/raw_data/outside/capturepallet11/rgb/1778654521415933184.png,a09fda307cb4b63225e84b2704ffb66aa0df6b5e49c65721876acbca8e2d2b54,capturepallet11,day
data/pallet/raw_data/outside/capturepallet11/rgb/1778654521483570176.png,77e0b6406fcf13fe364a9f8991b41f9cf8f160fd41df370b0cb34ac44e1fdcb7,capturepallet11,day
data/pallet/raw_data/outside/capturepallet11/rgb/1778654521550774528.png,489eb49656a5f2b6d4169fb4a7c231bd1a1a37c041446d912343416d9b458a4e,capturepallet11,day
data/pallet/raw_data/outside/capturepallet11/rgb/1778654521617827328.png,1823c7a12fcaa50cfb3c926ec5c660dc42392d97732c99420e1d07391a40f625,capturepallet11,day
data/pallet/raw_data/outside/capturepallet11/rgb/1778654521684739840.png,f1c917e144b332843ad4c9103be7b21a4840906f7ee35d3e51676845c88e4aab,capturepallet11,day
data/pallet/raw_data/outside/capturepallet11/rgb/1778654521751788288.png,fd02ae8779ec24902b7df9806e6d3fd37773d85dc97ef5cac3395625d2b03eae,capturepallet11,day
data/pallet/raw_data/outside/capturepallet11/rgb/1778654521818991616.png,3be5c06e36dbe1e0983b273b4d5ff493ac2947584bbade347f7e2c9598386e33,capturepallet11,day
data/pallet/raw_data/outside/capturepallet11/rgb/1778654521852673536.png,0e9c471c0babd60f60cbba046bfb4ff71c40ddd1e3afe6d34c12137aac13fed1,capturepallet11,day
data/pallet/raw_data/outside/capturepallet11/rgb/1778654521919887104.png,0db197a4d00e4c68164d3ad6b98a843c97b9b966895edcc9b2f8abe7a65b7b93,capturepallet11,day
data/pallet/raw_data/outside/capturepallet11/rgb/1778654521987035136.png,c61638fb2e1d49a8738a10bf515feb7e4fdcdadc99693c66cf0571981b0ef5c7,capturepallet11,day
data/pallet/raw_data/outside/capturepallet11/rgb/1778654522054306816.png,155710090ff751b503e2aa3764de2b07e90fc7a2769a6589d41ac8fac41abcaa,capturepallet11,day
data/pallet/raw_data/outside/capturepallet11/rgb/1778654522121471744.png,10a3a9e331f21f21526de53626eb62b6761a0038a58d3b4855cc7086b8c0ddcf,capturepallet11,day
data/pallet/raw_data/outside/capturepallet11/rgb/1778654522188649472.png,03a64b37a9dc68c82f2e28052896d2ee44722aee62f374acaf7ea6de68ba9f18,capturepallet11,day
data/pallet/raw_data/outside/capturepallet11/rgb/1778654522255826176.png,ed30181c65d2193637ae866e2e558496eff14a619d8123ce4b6722e9322e57be,capturepallet11,day
data/pallet/raw_data/outside/capturepallet11/rgb/1778654522323179520.png,862b7ee92d508f77e8225bc1baa3ee8859744214b26880b4dd09f1d680ec8ea7,capturepallet11,day
data/pallet/raw_data/outside/capturepallet11/rgb/1778654522356633600.png,c8468c203cb90d8779a8ca3ae25078a5b3d0a1031d8d98fb4ed5d42aeb83d729,capturepallet11,day
data/pallet/raw_data/outside/capturepallet11/rgb/1778654522423881472.png,636016c8e4ea783c6c914dcc71f8625ef4be7b117160869889bcad46e85e287e,capturepallet11,day
data/pallet/raw_data/outside/capturepallet11/rgb/1778654522491168000.png,7f720ead3a41ea55e889d01249ff63077ba0ff260697d9455ad91b15efa3b70b,capturepallet11,day
data/pallet/raw_data/outside/capturepallet11/rgb/1778654522558252032.png,88ec9db389ba4d8edb0324d1dead197408d5508a1b3d0a59ad545dedea84df5c,capturepallet11,day
data/pallet/raw_data/outside/capturepallet11/rgb/1778654522625613056.png,19c72194538d7076993c8b005e39e15466e51707d1565a97254c87c0397f6f1f,capturepallet11,day
data/pallet/raw_data/outside/capturepallet11/rgb/1778654522726398976.png,7f2058e6a69119684fa2b65871b0d42e55044e44c43fdc42c8c971d0a4de9849,capturepallet11,day
data/pallet/raw_data/outside/capturepallet11/rgb/1778654522827352320.png,d8b719d59f53ade547e704d076122ab7ce5062222b00da0045968088dd9647ce,capturepallet11,day
data/pallet/raw_data/outside/capturepallet11/rgb/1778654522894210816.png,d3e5d8ea0d3fd38357eec51a8f38a182ed9e0ce2107d392f2972fcfc31380745,capturepallet11,day
data/pallet/raw_data/outside/capturepallet11/rgb/1778654522961460992.png,a24e09009d305fc22ff86acb8b3c6267194619354538af99c019b7d11d1470dc,capturepallet11,day
data/pallet/raw_data/outside/capturepallet11/rgb/1778654523028564224.png,886aedb27d19e465cf5b4f1b6cf5fc9a65a39896aa99c50f762cec73c6bdd2b2,capturepallet11,day
data/pallet/raw_data/outside/capturepallet11/rgb/1778654523062285056.png,8fa5a26fa8bea855a6e2e0319a2f635a04d274db2ec5254be889cbcd665ff135,capturepallet11,day
data/pallet/raw_data/outside/capturepallet11/rgb/1778654523129419776.png,724ef5fe09626deb8fd3a5cb50fafc9532ad6f77aa7ea45afe1c56b390164aa0,capturepallet11,day
data/pallet/raw_data/outside/capturepallet11/rgb/1778654523196571904.png,a5e7152649f095fe4ab5dcde960a24f1e95012965c1ba6a5e5ec577ae992b9a3,capturepallet11,day
data/pallet/raw_data/outside/capturepallet11/rgb/1778654523264018432.png,b29d9cbb6da6968e63b687337930cf969cad5ede64b08a5b92975a65a44694c5,capturepallet11,day
data/pallet/raw_data/outside/capturepallet11/rgb/1778654523330887680.png,f6b236b5870145524f68bdd1a33a98283818e85b896c38a44ec2ef859e7d5592,capturepallet11,day
data/pallet/raw_data/outside/capturepallet11/rgb/1778654523364586496.png,8ebee99b57de25f45c96bb12a8e4a9b30335129e7a64c17cf3e215db8c121cca,capturepallet11,day
data/pallet/raw_data/outside/capturepallet11/rgb/1778654523465740544.png,7bd27da3330dea991f522f8fa764cb59b41aeac7558b9393b58726504be93f28,capturepallet11,day
data/pallet/raw_data/outside/capturepallet11/rgb/1778654523599878912.png,fb749703d16fae1e3ed3ff6900113854d768666788651996ff1687ddfc3a00c6,capturepallet11,day
data/pallet/raw_data/outside/capturepallet11/rgb/1778654523667186944.png,fcecb0351be15db70ebdf0968224af9eb5b50297be62203a29dd715856818bff,capturepallet11,day
data/pallet/raw_data/outside/capturepallet11/rgb/1778654523734488576.png,3a7ab59794f13f6f82cc8c627067c5b80dd1ddb5b66a91dde09129261d68be62,capturepallet11,day
data/pallet/raw_data/outside/capturepallet11/rgb/1778654523801229312.png,8ff9c670736ec22badfb26ad87975ebe00c06d5277b93eb9d0981e78c95e4cc0,capturepallet11,day
data/pallet/raw_data/outside/capturepallet11/rgb/1778654523868544256.png,907268dde565485faf0c4e4e13b0871231b6bb011486f3f28c69fa8969dd842e,capturepallet11,day
data/pallet/raw_data/outside/capturepallet11/rgb/1778654523935725824.png,8557a14218e0ddda94aafa367ff988db3fb41204a328729282c46a8d428b9dd3,capturepallet11,day
data/pallet/raw_data/outside/capturepallet11/rgb/1778654524002830336.png,841a7f8b293b5dbeb39f92764ee6b41cbb460c70392f4503de793554249566a6,capturepallet11,day
data/pallet/raw_data/outside/capturepallet11/rgb/1778654524070091264.png,4c92da1b4c77f515a1c94237ee2e9f9645fd0062511d9e7473dfd6a63a5c4e41,capturepallet11,day
data/pallet/raw_data/outside/capturepallet11/rgb/1778654524137286144.png,dce8d1c215dbdfc7ed1551643a66a3d45d3ad404d6462bf3e78466590faddace,capturepallet11,day
data/pallet/raw_data/outside/capturepallet11/rgb/1778654524204557056.png,94330fe772ea90b8b975b2d5cf1c3fc6665ed990f1667ca111e97c0c05cdc4c9,capturepallet11,day
data/pallet/raw_data/outside/capturepallet11/rgb/1778654524238200064.png,14137ef9b80660663878c614e0bdc90f341975fc6942965c6cca59d480c987e0,capturepallet11,day
data/pallet/raw_data/outside/capturepallet11/rgb/1778654524305441280.png,2dfc4d5c5d3c79bc9c0681d5953bd5cbbb6d467d1081bc5f9c0a755e9f534339,capturepallet11,day
data/pallet/raw_data/outside/capturepallet11/rgb/1778654524372595968.png,ce6bb6af6bd5648ba53c2792a9034361a22dcf3e759877c9361a6dfb79a85d11,capturepallet11,day
data/pallet/raw_data/outside/capturepallet11/rgb/1778654524439904000.png,8d6f1a642db24c4812394b91051fea31a304b7b704b958a70f7514a7c80dc733,capturepallet11,day
data/pallet/raw_data/outside/capturepallet11/rgb/1778654524506891008.png,2320626a16b757e6e0e2c682bb4398d33794240f53789e47d54de01a74879a11,capturepallet11,day
data/pallet/raw_data/outside/capturepallet11/rgb/1778654524574194944.png,6937a20a351b67711793626ebdcd9a50e14cd3be707994ffc11b15e2d1d7244b,capturepallet11,day
data/pallet/raw_data/outside/capturepallet11/rgb/1778654524641238016.png,2613ca477917cf82847cb5089add8e98dcf1abb911c1326a29d47c84b79da821,capturepallet11,day
data/pallet/raw_data/outside/capturepallet11/rgb/1778654524708686080.png,73cc0eb36d003b1025707d1999989b8374974327daac071e05df96caa27c37dd,capturepallet11,day
data/pallet/raw_data/outside/capturepallet11/rgb/1778654524775847168.png,563219d346b89d6abda433ce89ce26c9317aa55fabea4d1fcc139ee3fa94457a,capturepallet11,day
data/pallet/raw_data/outside/capturepallet11/rgb/1778654524842765056.png,d8fee944c8bdf49ae818919e1b7669ee944f02331c693493ef9b4353bb111244,capturepallet11,day
data/pallet/raw_data/outside/capturepallet11/rgb/1778654524910161152.png,caf06c8380ea6ccdae7aa832df3ee19d60ca1276fe183659fd1c5c4f1130e30a,capturepallet11,day
data/pallet/raw_data/outside/capturepallet11/rgb/1778654524977628928.png,c15a1e9150013a59738bdd89fe2df3bec2ea8e1400d073d8d2d3ba809df72051,capturepallet11,day
data/pallet/raw_data/outside/capturepallet11/rgb/1778654525111826432.png,c904c47a6cd339b84620d9cbc74110100c8c0854df04ee4f8b5ae336a9b1996b,capturepallet11,day
data/pallet/raw_data/outside/capturepallet11/rgb/1778654525212526848.png,64ded403e1fc0ac99421c9069d7aff7c34e83630ad7cf2e2d676a3434894cbe2,capturepallet11,day
data/pallet/raw_data/outside/capturepallet11/rgb/1778654525279734784.png,e7dfc086ad69d54eb93ce9568e877fbacd278ec29bfb5ef253dfeccb8c8a28bb,capturepallet11,day
data/pallet/raw_data/outside/capturepallet11/rgb/1778654525346820352.png,b36ca9846e78b5f046837e545b4d316dd7c0b2a62df9661b0733f5024d220156,capturepallet11,day
data/pallet/raw_data/outside/capturepallet11/rgb/1778654525414013952.png,e12b607028219cde8945fef64e8a78a15804e20942406ed9b4ac967b3cfcf259,capturepallet11,day
data/pallet/raw_data/outside/capturepallet11/rgb/1778654525481251328.png,a00baad71d9106864ae8c499bb9411b7eeabfe1034ff52ab85342066be2bfc53,capturepallet11,day
data/pallet/raw_data/outside/capturepallet11/rgb/1778654525548433152.png,ad092105491113a993ec8ed1289f4a9a483c68776af6367fcb7286867dac26fd,capturepallet11,day
data/pallet/raw_data/outside/capturepallet11/rgb/1778654525615562496.png,820c306c64044d5d9ce43238671600d21e5bb731913cf258889edb5c90b34fa7,capturepallet11,day
data/pallet/raw_data/outside/capturepallet11/rgb/1778654525682819328.png,1090ccf9088cd40b10d045931e576e66568bf569e0f51f8c38d753b66134ffe0,capturepallet11,day
data/pallet/raw_data/outside/capturepallet11/rgb/1778654525750113536.png,06cc01a27bd1c4b1d03984b4937048c33eb70a322a4212906a830f67fa5c8cfe,capturepallet11,day
data/pallet/raw_data/outside/capturepallet11/rgb/1778654525884679936.png,44e7ad8c748642e67f27ba5ae226d5e0630b77792f076818ea1981452be2fb4d,capturepallet11,day
data/pallet/raw_data/outside/capturepallet11/rgb/1778654525985237504.png,020785e2a4fa109c48af97cfb8332dfbb761d6386beace386ec093fea5d04edd,capturepallet11,day
data/pallet/raw_data/outside/capturepallet11/rgb/1778654526052173824.png,2f896c1463046d4c7a7cdae654a23d3fc4c9ad53a972cab01baaa8fd6e9a5713,capturepallet11,day
data/pallet/raw_data/outside/capturepallet11/rgb/1778654526119426304.png,e5c27926a0c79d16c3c2f4fd647e69d1b3d97e1a61ccbd904c2992ba084eff66,capturepallet11,day
data/pallet/raw_data/outside/capturepallet11/rgb/1778654526186626304.png,fced81bc4deb2277f302c3a4817187860fd048ce9f2fbcf4533bc343928f8ed3,capturepallet11,day
data/pallet/raw_data/outside/capturepallet11/rgb/1778654526253819648.png,56383d7724ec1d7450c6e0e039a4393a69b1bb112987f8798286ed68a9f818d4,capturepallet11,day
data/pallet/raw_data/outside/capturepallet11/rgb/1778654526321046784.png,19103b9c0230f2abb4e03c9e4a8875957ec033e0cbc2622c24cf519619934534,capturepallet11,day
data/pallet/raw_data/outside/capturepallet11/rgb/1778654526388534528.png,c83572e922fa6a599d2f3216c416025c8ebab6da1d7764088be8497a5470f1db,capturepallet11,day
data/pallet/raw_data/outside/capturepallet11/rgb/1778654526489229056.png,bce1588fa99e7e89e5123be618d296c9fe5e5e3355d80de3f43cbd3e8eefb2b7,capturepallet11,day
data/pallet/raw_data/outside/capturepallet11/rgb/1778654526623677440.png,dd757f73c35471af0cd2c077ef827a0e7106994648061c7b7b395c426f74d002,capturepallet11,day
data/pallet/raw_data/outside/capturepallet11/rgb/1778654526758110976.png,d85608165ce770a5dc5b2526e49125fe448ead9d6948caa35cd7b25f0408fc65,capturepallet11,day
data/pallet/raw_data/outside/capturepallet11/rgb/1778654526825080320.png,2229a3f05287e1cdc3567a178edd74736e8c29cdac273878c47402e2e9edbeb2,capturepallet11,day
data/pallet/raw_data/outside/capturepallet11/rgb/1778654526892238336.png,0b402e376a89820ff60c04e8e0159b8c16485de9a2030985c43d5fae87dfe8b8,capturepallet11,day
data/pallet/raw_data/outside/capturepallet11/rgb/1778654526959592448.png,0a535a2433e208d55afa59d66362e8b243a6137dbb424e057fe774a1c145b2b7,capturepallet11,day
data/pallet/raw_data/outside/capturepallet11/rgb/1778654527026690816.png,536dd0901a98f70b92ddfdd25808e7184d4bf454106eb101f597427857c5e420,capturepallet11,day
data/pallet/raw_data/outside/capturepallet11/rgb/1778654527093793792.png,7592374bd54ac4a2887c7887af4419ee97d2323435851b001b29da5255769f72,capturepallet11,day
data/pallet/raw_data/outside/capturepallet11/rgb/1778654527160924928.png,7978461d6244bda7823f8ab6e3b633085315265333e5fc535534d07ef8eee3de,capturepallet11,day
data/pallet/raw_data/outside/capturepallet11/rgb/1778654527228263936.png,2b1e547d88f1f8446742aef14bcf531365b4f454fd582bc447ea3ba6a05dc01b,capturepallet11,day
data/pallet/raw_data/outside/capturepallet11/rgb/1778654527295412224.png,1633aefd92aa9a833da73b94c958ea8cc4a1f0b91f2e529e8106dbb4796d0955,capturepallet11,day
data/pallet/raw_data/outside/capturepallet11/rgb/1778654527362917120.png,b9886166ce15e39c673f9d8acee58e93624b2345407010f6941383934e61a20b,capturepallet11,day
data/pallet/raw_data/outside/capturepallet11/rgb/1778654527396320256.png,9c1b1669ad6a9eb4fbdf44c50ee931cbdafdbb14b1826bebf8b0dad951fd736a,capturepallet11,day
data/pallet/raw_data/outside/capturepallet11/rgb/1778654527463570688.png,400d8568b2c9898f031068e150e3865fd6354434b96321028e052f5de502b687,capturepallet11,day
data/pallet/raw_data/outside/capturepallet11/rgb/1778654527530756608.png,52b64ef055a05160ca7ba7c34b2e2ea0d21a0b2e434bf7e6059b2d78f693d770,capturepallet11,day
data/pallet/raw_data/outside/capturepallet11/rgb/1778654527597933312.png,c5f6be2aab607420436624342872dcbc98a781060451595c1012aa3a6054c253,capturepallet11,day
data/pallet/raw_data/outside/capturepallet11/rgb/1778654527665004288.png,a5b0a343786acbafeefed0fc4ac002c9188e840312b6c30422479514e43186a9,capturepallet11,day
data/pallet/raw_data/outside/capturepallet11/rgb/1778654527698608896.png,2e865eaf664ad2e461867453ed3df943446ecce819be33478a325602d4441aa6,capturepallet11,day
data/pallet/raw_data/outside/capturepallet11/rgb/1778654527765757184.png,31d1f796a8be44da1393fda24664e75633deb88fa62275a5dd04decfe121536c,capturepallet11,day
data/pallet/raw_data/outside/capturepallet11/rgb/1778654527832913664.png,b74930ac822b1bcfc2d27975503bd68d9996d2a207e89826f383ddc811eaff6c,capturepallet11,day
data/pallet/raw_data/outside/capturepallet11/rgb/1778654527900465664.png,36fc29cdd634f4ae2590529fc7e2e5e844e5b4c2efbaea889cf99df2c3220508,capturepallet11,day
data/pallet/raw_data/outside/capturepallet11/rgb/1778654527967575808.png,b6864f8e056f5e888bf4fa67f1e869a3da550f2ed36b3835b7518a61fe1f82a8,capturepallet11,day
data/pallet/raw_data/outside/capturepallet11/rgb/1778654528034467840.png,697058d72391c1394c09931de3de2688bc0cea814b30570a026a30fabda3e4ac,capturepallet11,day
data/pallet/raw_data/outside/capturepallet11/rgb/1778654528101827072.png,0856b07e6f9d1d3be3176ef958ee2bf79467992a8f5b5775cfd43fe16cdb965d,capturepallet11,day
data/pallet/raw_data/outside/capturepallet11/rgb/1778654528169094656.png,29ffd7c2b91d41d8e090fcebfb8df3b5d54760fe457e0529cd9da1a7029c4dea,capturepallet11,day
data/pallet/raw_data/outside/capturepallet11/rgb/1778654528236081920.png,b2a2fb6e943c138371e2244ce3c907ed6a481757726211fcd872ba01cb519de8,capturepallet11,day
data/pallet/raw_data/outside/capturepallet11/rgb/1778654528303269632.png,412e8653e552076eb15d89a331d494a1fc4c7d9e415ce0d10316ee484ee56028,capturepallet11,day
data/pallet/raw_data/outside/capturepallet11/rgb/1778654528370521856.png,e61b5da9fbb373100853e4371b4fc38f8816a92688d794a275da10d32561d50d,capturepallet11,day
data/pallet/raw_data/outside/capturepallet11/rgb/1778654528437738240.png,f78a045697341ebdcc23edac65fd2a12a8e23a639816307d74ff7514eab5d725,capturepallet11,day
data/pallet/raw_data/outside/capturepallet11/rgb/1778654528504986880.png,eb702669efdf8e31c12754ef18fb72d387526e11622401b9166f1428baef2734,capturepallet11,day
data/pallet/raw_data/outside/capturepallet11/rgb/1778654528572052480.png,74fbe2dadb3619cd1b3b1f13d5757a231be61d971096c6211202aa1345920c0b,capturepallet11,day
data/pallet/raw_data/outside/capturepallet11/rgb/1778654528639243776.png,ddcaee607936da04af261605cdf7be4ce8f3d1841100ce0d6968b47fa183941a,capturepallet11,day
data/pallet/raw_data/outside/capturepallet11/rgb/1778654528740321024.png,f2cc2c8f3aaf294aa65a765e36d92c7ea65197ab4bf991b314091902f62bcc6f,capturepallet11,day
data/pallet/raw_data/outside/capturepallet11/rgb/1778654528908441856.png,fdf04782c07583997d4268ed55d11fc4907969a22773f721cf7281e4b48a1afc,capturepallet11,day
data/pallet/raw_data/outside/capturepallet11/rgb/1778654529008985600.png,3c573d9b3b0d553c100d81be11e00220b9f027e50e24eb62b0c412513a5d0e17,capturepallet11,day
data/pallet/raw_data/outside/capturepallet11/rgb/1778654529076072448.png,3011afb428f71c93ee98d78c92df10b52ef3c5c963cc28b1dd56cbefe4688a1a,capturepallet11,day
data/pallet/raw_data/outside/capturepallet11/rgb/1778654529143344384.png,6953e81f58ac88262c1cf1129a00d0bd7d3ac9638de872816bbccc26ff9ac650,capturepallet11,day
data/pallet/raw_data/outside/capturepallet11/rgb/1778654529210613248.png,91db95e79cffabc89f657a70a192a7fdfdd28358a1739c36a30dcec41f18712f,capturepallet11,day
data/pallet/raw_data/outside/capturepallet11/rgb/1778654529277662464.png,b5f4423bd6c43e9cc2e495a55b78367a254a77e4f0dcd5c378acbe4dc38c28de,capturepallet11,day
data/pallet/raw_data/outside/capturepallet11/rgb/1778654529311438336.png,074264b17ed8def117a44b844337c9449b4dfc6b6a2f13ecbc5a9b8ae0b3789a,capturepallet11,day
data/pallet/raw_data/outside/capturepallet11/rgb/1778654529445824256.png,44af10718e440a2e94590eafd3a75f0e5642b9d05f51ef2c8ce4e394264c4b73,capturepallet11,day
data/pallet/raw_data/outside/capturepallet11/rgb/1778654529580738304.png,3b345b27ce1c98f7c7c526fe8a56341b269d55d24e377b9266582d67a8bafdd2,capturepallet11,day
data/pallet/raw_data/outside/capturepallet11/rgb/1778654529681059072.png,c69d0367851f3ca6fc305d3b9544f53e43f2d3abecab0776e7bc7ebc9dd209d5,capturepallet11,day
data/pallet/raw_data/outside/capturepallet11/rgb/1778654529748454400.png,dfc8767f5d891772714c2903e1e70663547fd99721fcbb794b38165450b2b329,capturepallet11,day
data/pallet/raw_data/outside/capturepallet11/rgb/1778654529815141632.png,013cb5944bfa5c36f8135e203e8d7fdfbbe86d859b420a1f70d6de6337a90297,capturepallet11,day
data/pallet/raw_data/outside/capturepallet11/rgb/1778654529882461696.png,451740a2782e0f28755b62e5646d8ed7a6e05b98aa6ac94e482703d78f3d6341,capturepallet11,day
data/pallet/raw_data/outside/capturepallet11/rgb/1778654529949439744.png,5ba947dd31f71a935fa0375e068dd391d73802feb5b594849054e923911f1ea7,capturepallet11,day
data/pallet/raw_data/outside/capturepallet11/rgb/1778654530016556544.png,45dbc6b6915cc2f37a282771579232e356c2220566504a48823ad109ec686c8a,capturepallet11,day
data/pallet/raw_data/outside/capturepallet11/rgb/1778654530083740160.png,55ebd45a3550f6baf1c8e500bfa389ae2e88a2195e26d6a9a351a1631d5e51a8,capturepallet11,day
data/pallet/raw_data/outside/capturepallet11/rgb/1778654530150934528.png,54f08548c0beaaf1b9a2d322ed764ad7ee2e8fa0dd9cb79504a63ff396071c24,capturepallet11,day
data/pallet/raw_data/outside/capturepallet11/rgb/1778654530218051328.png,2793c0f16435b59b19a5ed50c6360e569594be7c894ab96d063c0568889cd38f,capturepallet11,day
data/pallet/raw_data/outside/capturepallet11/rgb/1778654530285345792.png,23c50ff19a484d7e03524e15596fe0c69d526706909c55214d2bc96f7c98bf67,capturepallet11,day
data/pallet/raw_data/outside/capturepallet11/rgb/1778654530352769024.png,a1e0a293c7b8e4db760876453e821ea1c5b9795b07f2dda7ddcc607a5d4b75f6,capturepallet11,day
data/pallet/raw_data/outside/capturepallet11/rgb/1778654530487424000.png,44164a0bb7e6a58498e982a9e5b81355a4a037c2f88627f12022529fcec55345,capturepallet11,day
data/pallet/raw_data/outside/capturepallet11/rgb/1778654530587944704.png,0feeaafea4d389901de8f93982f2943e5e19385578a77e0c85651a45fbd625a3,capturepallet11,day
data/pallet/raw_data/outside/capturepallet11/rgb/1778654530654982912.png,fa1358de1cde9b9354585ec06781778f548d5b1435fcf311b9e4d2406c50baf6,capturepallet11,day
data/pallet/raw_data/outside/capturepallet11/rgb/1778654530722293504.png,0fb0cf18652e6e12e28418a2955f0cfa6a19042b3ca39afadb6c1292901f8c7b,capturepallet11,day
data/pallet/raw_data/outside/capturepallet11/rgb/1778654530789443584.png,5de96af84dba773826136e32188e08290fe70f9345602ffa908d5ff1ee13aeeb,capturepallet11,day
data/pallet/raw_data/outside/capturepallet11/rgb/1778654530823013632.png,3d720ab76b4c0aa8921432b3a1268584f189e9d86c006e7ea4c5e9add171d181,capturepallet11,day
data/pallet/raw_data/outside/capturepallet11/rgb/1778654530890275840.png,009838f8fdb963cd645528a2b2934d8b652d9ecc8c8e823249e8992e1d7c6e32,capturepallet11,day
data/pallet/raw_data/outside/capturepallet11/rgb/1778654530957452800.png,8a5a59061c93f48efd460bb57de4450e2b02ddc6f6ab033d4af7ff3784504b53,capturepallet11,day
data/pallet/raw_data/outside/capturepallet11/rgb/1778654531024948736.png,887d1d07bc5dc1b66a0351f7822d5258217c40e4f464a174599895a73a2b2609,capturepallet11,day
data/pallet/raw_data/outside/capturepallet11/rgb/1778654531159236096.png,acf5906585b03cf076b5b649a483d57ca913feea11611c786a3e0d1a49275404,capturepallet11,day
data/pallet/raw_data/outside/capturepallet11/rgb/1778654531293586944.png,3b954c3d898d4138018aba04585dc8eec4073cab1024774a5c34a9ae7426ba19,capturepallet11,day
data/pallet/raw_data/outside/capturepallet11/rgb/1778654531394617600.png,1e458b31ab5d16070baf4aa31953c612addeda89a2edd31b0c3241727fa9650a,capturepallet11,day
data/pallet/raw_data/outside/capturepallet11/rgb/1778654531495125504.png,7b2f0552f48022fb34f91533f02118e40f92b217c619097ec055e099248d6552,capturepallet11,day
data/pallet/raw_data/outside/capturepallet11/rgb/1778654531528616448.png,375b9076dd89922a8f36db17626670810f60f9b28dc2c2fdfb5144b98d79860b,capturepallet11,day
data/pallet/raw_data/outside/capturepallet11/rgb/1778654531595844608.png,845ca589104b908e0a11bc609e630ee583d665fbb943fd0c4653e797a4348a2d,capturepallet11,day
data/pallet/raw_data/outside/capturepallet11/rgb/1778654531662853888.png,7565a9055e5e3700150ee0280e08c4805b57befe88fabf7b394a8061c4cdb5a0,capturepallet11,day
data/pallet/raw_data/outside/capturepallet11/rgb/1778654531730128640.png,73f58845bf1db0da70738d0bead16ad1430273c4cdfc6569f1a45917833c1d77,capturepallet11,day
data/pallet/raw_data/outside/capturepallet11/rgb/1778654531797412864.png,c912876657dad44d2d079bc2099dd0641eda98225c70a683e2ceee3703627e74,capturepallet11,day
data/pallet/raw_data/outside/capturepallet11/rgb/1778654531898045952.png,b990e1e0991fe29b37e1c902f6eb05ceee36779e21986477c5fa179cbe04de51,capturepallet11,day
data/pallet/raw_data/outside/capturepallet11/rgb/1778654531965337600.png,6edc9d518ca13490d803ae24e2c1bb0d2f483b9f6c38db1d56df925ee3de352e,capturepallet11,day
data/pallet/raw_data/outside/capturepallet11/rgb/1778654532032488704.png,edf213b824bb316d78dba9bf6b84f7f10a1668df22d2822ba44facea0769f4c4,capturepallet11,day
data/pallet/raw_data/outside/capturepallet11/rgb/1778654532066084096.png,6085be32ee23eee6df493f921a60d2ac931765cc3d8653a7b3d4260522da5661,capturepallet11,day
data/pallet/raw_data/outside/capturepallet11/rgb/1778654532133781248.png,4ea610dd5631f2850de97b8ee621415dd63bf785f9aeb56111fbca878935d6bb,capturepallet11,day
data/pallet/raw_data/outside/capturepallet11/rgb/1778654532200426496.png,d2db4fd207893ad0ef6359b7dab12dbd5de3be6c291b7fb4bf3bc89576186417,capturepallet11,day
data/pallet/raw_data/outside/capturepallet11/rgb/1778654532234110976.png,91ae79f9c0a1c1455f139e240217728b2a244967c776a3f82888818377a2d68c,capturepallet11,day
data/pallet/raw_data/outside/capturepallet11/rgb/1778654532301329152.png,696e330a844f5585a7a304ed1673e16a648cf16a9c45dbc1243f67c090755178,capturepallet11,day
data/pallet/raw_data/outside/capturepallet11/rgb/1778654532368476928.png,07d0831e9c7039bc2b49c924e2ffff6745edf9345c5365ed8f43d33413dc43f8,capturepallet11,day
data/pallet/raw_data/outside/capturepallet11/rgb/1778654532435757056.png,2f4ef37b03e2dc56d26d19df2d67047168431a7d238761a44cc9c5e7ffeb7f0a,capturepallet11,day
data/pallet/raw_data/outside/capturepallet11/rgb/1778654532503228416.png,1ccac9576f533b47d82f582f9bcadf41cfea75b0b0e6a8a0729816be0b603e85,capturepallet11,day
data/pallet/raw_data/outside/capturepallet11/rgb/1778654532603834624.png,cdc582d4f7fca40e15c463d4b98cfa50dcf55ff22548f77d57d8a58aeef4cdce,capturepallet11,day
data/pallet/raw_data/outside/capturepallet11/rgb/1778654532704724224.png,e7e29abad532481d512ed73e415b4567d32d54117c4bbcc50e3669f35392ab5c,capturepallet11,day
data/pallet/raw_data/outside/capturepallet11/rgb/1778654532772049152.png,ce78c5080296edc4e86b94993e46064aaa4ab90bf87467fc849d03bc3c163868,capturepallet11,day
data/pallet/raw_data/outside/capturepallet11/rgb/1778654532838841856.png,c9a4d6dbbee57456c05d83e6c0c3c0ef5f4b652cd6301d9ecfe270d643ab4d90,capturepallet11,day
data/pallet/raw_data/outside/capturepallet11/rgb/1778654532906328576.png,4e4e106f74ce2c6a928e7b6f8705ddd9253fbce270fbafd53d89340eee0dec63,capturepallet11,day
data/pallet/raw_data/outside/capturepallet11/rgb/1778654532973219584.png,4ed59950ad6fa25936df29ee0c19d3d705f379f16b906dae3193767868db0bfa,capturepallet11,day
data/pallet/raw_data/outside/capturepallet11/rgb/1778654533006919680.png,ec8237c47b07259473c7278c24283c5a92ba6ebc550828d87ede70010625bc51,capturepallet11,day
data/pallet/raw_data/outside/capturepallet11/rgb/1778654533074038784.png,deae26b61b503f64653b8c1def506b689fd0e329d8b1e63748f8871c6717bc41,capturepallet11,day
data/pallet/raw_data/outside/capturepallet11/rgb/1778654533141360384.png,d65712d1b036bbf6b1760f8de1d3477948907f80bc2a434ee3aa7c52f0bd2f4f,capturepallet11,day
data/pallet/raw_data/outside/capturepallet11/rgb/1778654533208502016.png,44ccb716375b64b299cd99c4461110dd9ce15befe0cfae0b592948b64c191b2e,capturepallet11,day
data/pallet/raw_data/outside/capturepallet11/rgb/1778654533275550720.png,5462e93d9008ceffddffe9168d44ab12f39670d0c852e8fe7053d3b9849094da,capturepallet11,day
data/pallet/raw_data/outside/capturepallet11/rgb/1778654533342766080.png,c18c65eba5f6b80b558b673b98deb2954f19b31384e5c710630580b1573a8175,capturepallet11,day
data/pallet/raw_data/outside/capturepallet11/rgb/1778654533376645632.png,d64349c094ac18c96a6ff65cc84cc6decbd9e6266aceea7abf14d79477032d17,capturepallet11,day
data/pallet/raw_data/outside/capturepallet11/rgb/1778654533477546496.png,4195c0c1e8a82e78a9948521e50387d12d377941aca71a3b06571bf1b028cf6f,capturepallet11,day
data/pallet/raw_data/outside/capturepallet11/rgb/1778654533544503552.png,e4f368ff8874a2b58216e45b1346ae5b92a02e4ccc43f526b583d91609a02399,capturepallet11,day
data/pallet/raw_data/outside/capturepallet11/rgb/1778654533578182400.png,56f66a03f4b6a519bd6fe78c9c310df12eb9608b1c74574302ca821b4fdf6cec,capturepallet11,day
data/pallet/raw_data/outside/capturepallet11/rgb/1778654533645274368.png,afb20b57642bc9b76ae7920f952d758e740a76f2a54ba035e41f55eb8f4bf846,capturepallet11,day
data/pallet/raw_data/outside/capturepallet11/rgb/1778654533712330240.png,166d5289309c50adabf399da6f2badc9460d0074df6e4f25a3623a284b4e5082,capturepallet11,day
data/pallet/raw_data/outside/capturepallet11/rgb/1778654533779620864.png,c6657fb2509b71de5a0b0db8632fd4188f56e29a9fb370efb29c2450f387f950,capturepallet11,day
data/pallet/raw_data/outside/capturepallet11/rgb/1778654533846722048.png,e5aad55c49cbe14fa6ec80c0940f68828b34384b25fa7d69ff877eb3ea19e868,capturepallet11,day
data/pallet/raw_data/outside/capturepallet11/rgb/1778654533913926656.png,fb01da559c30ccb4d9495cabbecacb65a46c86edb6fe4dd911c6c9208ec37cf4,capturepallet11,day
data/pallet/raw_data/outside/capturepallet11/rgb/1778654533981289472.png,828c48800e15cbf0e8eba11028f1b2da2e8617368e5f08b6b06e559a81301417,capturepallet11,day
data/pallet/raw_data/outside/capturepallet11/rgb/1778654534082384128.png,4d02002ab45ee84361f56c4ebb000b54bf974c0d8cff30864d78ab9a37adc8c3,capturepallet11,day
data/pallet/raw_data/outside/capturepallet11/rgb/1778654534182943488.png,0f068279e7e0204b1b9c70e58451a6ce0d25b0abe471b5ac2b7a9d5c29f29d69,capturepallet11,day
data/pallet/raw_data/outside/capturepallet11/rgb/1778654534283755520.png,57fb8391ad1ba0232535d44bc5b42801a78ce7e8093aa0bdf565be7fe57e81d3,capturepallet11,day
data/pallet/raw_data/outside/capturepallet11/rgb/1778654534316940800.png,37456f7e939848ac40a1998bf79f742eaa9f0147e36cd00ce1c80148ad6c76a6,capturepallet11,day
data/pallet/raw_data/outside/capturepallet11/rgb/1778654534384099072.png,6487babd295ff2fd2b888fcb3ba40a17c6eb2168d8e975ba6a901ae4835ec431,capturepallet11,day
data/pallet/raw_data/outside/capturepallet11/rgb/1778654534451322624.png,1765c737d4ce4fd641e4df40196c3ae856ce4472b3071fd6a8abfea845c89617,capturepallet11,day
data/pallet/raw_data/outside/capturepallet11/rgb/1778654534518647296.png,c5e80e2e0c31aebc6694196f4e4ad6707c0efc049fd8043bc96a1e58458f6636,capturepallet11,day
data/pallet/raw_data/outside/capturepallet11/rgb/1778654534619446016.png,a2c6953c7771212afbd03e640a5b8b9dbed9fde3891eb8a9711113670c6e2fc2,capturepallet11,day
data/pallet/raw_data/outside/capturepallet11/rgb/1778654534652969472.png,08c0fa78f7747cef36732cf0b353f6030ed689fdda8f9b55bd8bb3316a0cb660,capturepallet11,day
data/pallet/raw_data/outside/capturepallet11/rgb/1778654534720161024.png,08cd5b6072e18ad0ec44d8c052860f63db4a482b6e6e530bf5d1ca52887142ff,capturepallet11,day
data/pallet/raw_data/outside/capturepallet11/rgb/1778654534787422208.png,d88ce1911375cd634a972cf6e1c23f474fa59d419b53596fb58b9ad0fd024b1c,capturepallet11,day
data/pallet/raw_data/outside/capturepallet11/rgb/1778654534854622720.png,55662540ae92543235d6fc1fd97de4bbae66ea587fa8344546f7c1a7826e928b,capturepallet11,day
data/pallet/raw_data/outside/capturepallet11/rgb/1778654534921834496.png,7eceb3a5d83dda9aa678b9f3d33a81f3b82f21cbb09e99362e7e171a005284cd,capturepallet11,day
data/pallet/raw_data/outside/capturepallet11/rgb/1778654535056274944.png,74679afe4391f7a989f446a9411b9eb259ab027b778f618b17023af2d3ddc456,capturepallet11,day
data/pallet/raw_data/outside/capturepallet11/rgb/1778654535157077760.png,d4095ff60b0c440a4592dd0d761d53a0e9f3415ac912ef3dac91a64360086cde,capturepallet11,day
data/pallet/raw_data/outside/capturepallet11/rgb/1778654535258024448.png,884833702c210969ed6cd91a446a6dd6081f47656c3a188113445d012fad921a,capturepallet11,day
data/pallet/raw_data/outside/capturepallet11/rgb/1778654535324923136.png,0edd27101f70152aec44b543e2e566c4fc071409409dee3fe62ec1c8b7f4c070,capturepallet11,day
data/pallet/raw_data/outside/capturepallet11/rgb/1778654535392160512.png,d75092998020295c6a8299fa3cd417e4c0c15508c26d2706e9b7f4819c423196,capturepallet11,day
data/pallet/raw_data/outside/capturepallet11/rgb/1778654535425708544.png,917433b51043ae6e5eb9f765b509a976d5207e15906505e79e00a9bc51908c0a,capturepallet11,day
data/pallet/raw_data/outside/capturepallet11/rgb/1778654535492993536.png,e1a6d0bc99b5302f6379a45a9f83ed997b8cb44cad28a020b22ca459f87f209d,capturepallet11,day
data/pallet/raw_data/outside/capturepallet11/rgb/1778654535560160768.png,392b91487c326b03b8a4d444f60a8032d1bc95ca6edf1c3fedb6a34cd8ea5431,capturepallet11,day
data/pallet/raw_data/outside/capturepallet11/rgb/1778654535627386880.png,d7d9411e45876b5b49c6a221719fb253378853217be2cbcf1dfce1ea64d8e670,capturepallet11,day
data/pallet/raw_data/outside/capturepallet11/rgb/1778654535694621184.png,9bb3980b3072dc199a07a4d84ac7f893dfc5cb80414bbef55091b336833b08a1,capturepallet11,day
data/pallet/raw_data/outside/capturepallet11/rgb/1778654535761881600.png,bc4e9751f845fef9e5eaa488a6151f5c46c084756c7cdfbf944173d092aeec36,capturepallet11,day
data/pallet/raw_data/outside/capturepallet11/rgb/1778654535828916480.png,004abfc28a1df198e348793faa8c034d3bea3f04b252a4fc4e4d4d53ba545795,capturepallet11,day
data/pallet/raw_data/outside/capturepallet11/rgb/1778654535896213248.png,2bff71f1371a49d63781f1956a3a0eaa338dc73b3069a444366e470fbee40204,capturepallet11,day
data/pallet/raw_data/outside/capturepallet11/rgb/1778654535929676032.png,5105a4991c4c29b06d9632a308793b6548f8f9e81be0ddec9a381800d2a89a33,capturepallet11,day
data/pallet/raw_data/outside/capturepallet11/rgb/1778654535996968192.png,a21b4976e97091a7a31c1a8f5919829938ea1f30d2bbcf4f8d61961d84e4b56d,capturepallet11,day
data/pallet/raw_data/outside/capturepallet11/rgb/1778654536064174080.png,0084fcf2c84b86f03a7dcd7b4389073d0b06614b832283a266a91bc3e4018bcf,capturepallet11,day
data/pallet/raw_data/outside/capturepallet11/rgb/1778654536131269120.png,e4655cd965d8073b48d21c54230732d0590bf4e9dfbdc17f2abf7593d8872d7a,capturepallet11,day
data/pallet/raw_data/outside/capturepallet11/rgb/1778654536232369664.png,56789e9efe9068c1bbd499ac70ba2b491bb150b99d497e704f06c3d8d32b3ae4,capturepallet11,day
data/pallet/raw_data/outside/capturepallet11/rgb/1778654536400325888.png,73046380dedac16c9dd754a43e1b5d806b573a9ed9d1e76bab1eff0e4285ef72,capturepallet11,day
data/pallet/raw_data/outside/capturepallet11/rgb/1778654536534742784.png,8a5484bda01707ec670a90574c46f31a5d90a03e4169ad17386ff10e714be4de,capturepallet11,day
data/pallet/raw_data/outside/capturepallet11/rgb/1778654536635524864.png,cefe4d2cc862b53f88a9f7dce9730b9931b398d20fcacbce196209d5d6f3bed6,capturepallet11,day
data/pallet/raw_data/outside/capturepallet11/rgb/1778654536702610176.png,89db6d9d768da77458407a376fcf98c473ac542397b34ab63a22b672847fef8e,capturepallet11,day
data/pallet/raw_data/outside/capturepallet11/rgb/1778654536769688832.png,e191aab6244d0dfc5c14569c8f887ae7aeba4d43f260b9741a4af44265b3aad0,capturepallet11,day
data/pallet/raw_data/outside/capturepallet11/rgb/1778654536836835328.png,5e8f2fed8260d3248eb3828dd41cd8ca7a79de609ce7c34779d6e1158419d862,capturepallet11,day
data/pallet/raw_data/outside/capturepallet11/rgb/1778654536904032000.png,8101ddffc5ec4e2688065d696b38ec46a652d5bedb892d8cf6849d52ebf0fd9c,capturepallet11,day
data/pallet/raw_data/outside/capturepallet11/rgb/1778654536971565312.png,8feba79a5bce2ef97f0cc1e1397be24dd968c76b8cee7cca835b3541bfa42e50,capturepallet11,day
data/pallet/raw_data/outside/capturepallet11/rgb/1778654537105782784.png,cd22a704813834c9a7e0424ac6719e1390048a945607790c94ca2a0da6786088,capturepallet11,day
data/pallet/raw_data/outside/capturepallet11/rgb/1778654537206558464.png,a8871aaa9cebcb371d77f1c92004d7dea6cf284743f7516b62ed2801c49877ad,capturepallet11,day
data/pallet/raw_data/outside/capturepallet11/rgb/1778654537274169088.png,a3a9ca26348af80edcfd98a711ec37194de6992297246194624ffa2567495eb6,capturepallet11,day
data/pallet/raw_data/outside/capturepallet11/rgb/1778654537340934144.png,6b4d63b5393a9ec8d5f67d7f47174c0a1546211f930f1e9a88d1a774f4d24f0e,capturepallet11,day
data/pallet/raw_data/outside/capturepallet11/rgb/1778654537408133632.png,fee10dc034d84d8220232e93009810881ecef494deb9ea2ac96ec143165158f7,capturepallet11,day
data/pallet/raw_data/outside/capturepallet11/rgb/1778654537475148032.png,21dfec022395a11c4fa94c408860490c9893446bd193cb11b3ab6d70bc301eb2,capturepallet11,day
data/pallet/raw_data/outside/capturepallet11/rgb/1778654537508919552.png,f89cb690895186ee6ca684738547de0621b02e89e685b9b6359acc64ebf7ac6d,capturepallet11,day
data/pallet/raw_data/outside/capturepallet11/rgb/1778654537575953664.png,fa50177201c84971f279173465f526585d7e92df79272b688351f71c81c46a74,capturepallet11,day
data/pallet/raw_data/outside/capturepallet11/rgb/1778654537677035520.png,10481d601b2fb511b615d05e8eda1997122deca1194227a469dbfa9bf7617c99,capturepallet11,day
data/pallet/raw_data/outside/capturepallet11/rgb/1778654537743926784.png,858d020aabf14de26f30f53bdb18876ac4e9b347c91d29adb3de08e24fb85d74,capturepallet11,day
data/pallet/raw_data/outside/capturepallet11/rgb/1778654537811173632.png,f774af834e1db41fb6f2e30b59f483fb0303b5770fb8b1a19ff5217088540212,capturepallet11,day
data/pallet/raw_data/outside/capturepallet11/rgb/1778654537844916224.png,46b40dab05c89d4a0baeb45c397748300d82b0479725aaf5810727e974970071,capturepallet11,day
data/pallet/raw_data/outside/capturepallet11/rgb/1778654537912020480.png,70875b72c04cc330c0e6f07147517c4bbbac6ef046d3151b8950487937d3f6ea,capturepallet11,day
data/pallet/raw_data/outside/capturepallet11/rgb/1778654537979236096.png,276f68bf10a8e9c519be34575287e0061c3a1c94980244860b72847f3de276ec,capturepallet11,day
data/pallet/raw_data/outside/capturepallet11/rgb/1778654538046514944.png,befea765a270c7121a6f47b240b2a4a39c3f2e476fda46d512c11ab5c4a412ed,capturepallet11,day
data/pallet/raw_data/outside/capturepallet11/rgb/1778654538113751808.png,bb55a73ff404b8ed13cb10d78967b9659c4787c23166e00f4ec979f0f35a91d6,capturepallet11,day
data/pallet/raw_data/outside/capturepallet11/rgb/1778654538181061376.png,3a11c3045c3085b27924a93127017c9cc1e01166f792532a629aeef1744613bf,capturepallet11,day
data/pallet/raw_data/outside/capturepallet11/rgb/1778654538315654400.png,949584e2cbb447d875333d9266e63065f6e2ce1a2ddb275a51494cafa5dc5fc8,capturepallet11,day
data/pallet/raw_data/outside/capturepallet11/rgb/1778654538483679232.png,1d6ada2a586ffd591b3c833f6817940f36281316fbafbe43b86eb32986dc1fd1,capturepallet11,day
data/pallet/raw_data/outside/capturepallet11/rgb/1778654538651671296.png,d2919c9c8ce96bf7b08b24c3b535fc829ff5cb545b44de66c3341daae6b2f854,capturepallet11,day
data/pallet/raw_data/outside/capturepallet11/rgb/1778654538819284992.png,b1bb67cdc3810877af91bdfbc7698ee9ee04ee467beb3e692c84a413027b40da,capturepallet11,day
data/pallet/raw_data/outside/capturepallet11/rgb/1778654538953543680.png,5b0ae13136f03b1f981aed770df41179fe4fa5e07407dfd61a2785b08270d0fe,capturepallet11,day
data/pallet/raw_data/outside/capturepallet11/rgb/1778654539088260608.png,e0c0c08180c4305af13c08f4771eb0b1f8e9a87d6ff7f408204478cc34d84064,capturepallet11,day
data/pallet/raw_data/outside/capturepallet11/rgb/1778654539188567040.png,77107785c93f6ccc67b4cc51a587e39e53d3a6c7aaf75cf17f095832ed21a657,capturepallet11,day
data/pallet/raw_data/outside/capturepallet11/rgb/1778654539222088960.png,a055dc937a4896d30a73c6befb6b96d42cdac86b7e409376a157e51f62efae6d,capturepallet11,day
data/pallet/raw_data/outside/capturepallet11/rgb/1778654539289390336.png,7fa25dcaa2eb8fa2240d476eb927e5a2c3652a8eb5a4d2cc5f9824ff352cbe0b,capturepallet11,day
data/pallet/raw_data/outside/capturepallet11/rgb/1778654539356538112.png,ef69580e2d819491be4b655a511d4ab91fac70f379b90dd50bdddae1daf8945f,capturepallet11,day
data/pallet/raw_data/outside/capturepallet11/rgb/1778654539423680512.png,19c63b086b182b3cce30738583f43df08bde4494101daefbe82691680d2fb2d4,capturepallet11,day
data/pallet/raw_data/outside/capturepallet11/rgb/1778654539490998016.png,1effbcf12b42496dbc491588c3be60863a0129cd22dd3cc72c1437ecb449d84a,capturepallet11,day
data/pallet/raw_data/outside/capturepallet11/rgb/1778654539558268672.png,e3fb5c754057848812eb690c463520bf3e3c076457cab0df7a8025d513265fca,capturepallet11,day
data/pallet/raw_data/outside/capturepallet11/rgb/1778654539659140864.png,da60fd395149f4d3b56e0a7c38afc3f8b636a17dfa8ab54d5d44afb713bc2863,capturepallet11,day
data/pallet/raw_data/outside/capturepallet11/rgb/1778654539726229504.png,479492e624dc9dd7af17ae6f4c8f714576e470d757250ef9ef42566df0dede93,capturepallet11,day
data/pallet/raw_data/outside/capturepallet11/rgb/1778654539793418752.png,c1847dba4c828d0949ac6ed5c6fe9bc3744cc1a65e441b02ee8bb983759c27cf,capturepallet11,day
data/pallet/raw_data/outside/capturepallet11/rgb/1778654539860692480.png,5c7510b58131e0859132f0c72fdd0d8983d3ab7834d01d1c90bccd6f3aa87381,capturepallet11,day
data/pallet/raw_data/outside/capturepallet11/rgb/1778654539928011776.png,d7758a709a29926c1099e41d182927f65741c8f4676dd913b256b61088078923,capturepallet11,day
data/pallet/raw_data/outside/capturepallet11/rgb/1778654539995045120.png,8d7d5e0a7eb2b1f203b11fc61fc6e076b44ec508cd9a16f70c36118431ec66ff,capturepallet11,day
data/pallet/raw_data/outside/capturepallet11/rgb/1778654540062303744.png,f1db4ec2748962142d06342970b2f662c2df16f5d94bca22742531a1cfbcbe3e,capturepallet11,day
data/pallet/raw_data/outside/capturepallet11/rgb/1778654540129392384.png,a2b6cbbb2e2cc9b58716dd5dac86cea409172ff01091ba8e51c35ea81d269606,capturepallet11,day
data/pallet/raw_data/outside/capturepallet11/rgb/1778654540196596736.png,4ed3c2c6ec4da297f5be09e68359dba106022a27d2bdb7ff72c7807828bf94fb,capturepallet11,day
data/pallet/raw_data/outside/capturepallet11/rgb/1778654540230129152.png,332d43f92b39ff22e82e06a552210fe1b05f3389f29e1764c9423d33e455ec7f,capturepallet11,day
data/pallet/raw_data/outside/capturepallet11/rgb/1778654540297422080.png,75895c3b1f52cbfb5cd473886bf0658866013f6bf2cba9acad04b169f3a43c16,capturepallet11,day
data/pallet/raw_data/outside/capturepallet11/rgb/1778654540364552704.png,204f284624ec45c877b7745ec75e7e773ad207c88a7dfdb3c88a386850c570c0,capturepallet11,day
data/pallet/raw_data/outside/capturepallet11/rgb/1778654540431697920.png,e4b0b5b328a462020f53eb40935903df3c4112ace07096f094a9eb4997b9190a,capturepallet11,day
data/pallet/raw_data/outside/capturepallet11/rgb/1778654540499126016.png,d63c20d2114edbbf9a6ca10ecd68b5563ff5f620704331f20f0288ca4df097e7,capturepallet11,day
data/pallet/raw_data/outside/capturepallet11/rgb/1778654540566206720.png,f2a08f7a76a9fa1b9f2dd320bbc6e63ca94695be3b67ec6a0ad1d31e723a13cc,capturepallet11,day
data/pallet/raw_data/outside/capturepallet11/rgb/1778654540633394176.png,b2fdf48452a939363aee2ee7da43ab0ff3178436ef60e70e9fb18178fad73a9f,capturepallet11,day
data/pallet/raw_data/outside/capturepallet11/rgb/1778654540700460800.png,c3639e6f233f60424e021596a7e1663f46e5e4f6c6a0a8ccfd75db8aafe0c5c8,capturepallet11,day
data/pallet/raw_data/outside/capturepallet11/rgb/1778654540767799296.png,01aac7c18cabe36b2b98d7d070387194d47b38890e27ad36ca0c9973683a178b,capturepallet11,day
data/pallet/raw_data/outside/capturepallet11/rgb/1778654540834956032.png,060f053039143dff2c3f9aad01bbe61a865368973e6564aab929509024f92aa9,capturepallet11,day
data/pallet/raw_data/outside/capturepallet11/rgb/1778654540868410880.png,be569f38cba836723eff68d827e46a9bcf673ea57b5016ab305de848a3a60a43,capturepallet11,day
data/pallet/raw_data/outside/capturepallet11/rgb/1778654540969645568.png,02e8a81e37e79227435f48a5368306588deb6fcf6b1cae22ba7b819c9c4d8279,capturepallet11,day
data/pallet/raw_data/outside/capturepallet11/rgb/1778654541137946624.png,39a021cbb9cd64f3851ed29be7021b1de463bf49380e13c7fc50876075c7b79a,capturepallet11,day
data/pallet/raw_data/outside/capturepallet11/rgb/1778654541271995136.png,333b5176a470bec14f826972ab7611fb879f1bc109b8e98d8ff1310460b5c865,capturepallet11,day
data/pallet/raw_data/outside/capturepallet11/rgb/1778654541406340096.png,9e64fa1af9b9e5a6a04ace5e25b26245cbd4f7e02c7d0357dc611be09874794e,capturepallet11,day
data/pallet/raw_data/outside/capturepallet11/rgb/1778654541473361152.png,d1af7fef4d6a6f1b4dfb2ff53511b39bb02a27869a816ede0bccc983c605a173,capturepallet11,day
data/pallet/raw_data/outside/capturepallet11/rgb/1778654541540416768.png,345e7047ad2c122ca8f4748e6f0c158ed101f5acaef6fc82fc7a813c11273090,capturepallet11,day
data/pallet/raw_data/outside/capturepallet11/rgb/1778654541641282816.png,ce8c7f78fba14d8cd7b2c48e0489686fdf22c849f32d5ce22c24e3d96fe7657d,capturepallet11,day
data/pallet/raw_data/outside/capturepallet11/rgb/1778654541675037440.png,b3988047b4144465d23b6af11ca106268b0a9a1bece930bcb9730178c169cbdd,capturepallet11,day
data/pallet/raw_data/outside/capturepallet11/rgb/1778654541741966080.png,e027abba840fc34e0609862729771c6ca35a281eb9fbb18cf893002b2bdc3a19,capturepallet11,day
data/pallet/raw_data/outside/capturepallet11/rgb/1778654541809320448.png,6dee6dee5d2e558f0ed85613c934a2ee63b82e7864ed3e60abd25a6056e9c34b,capturepallet11,day
data/pallet/raw_data/outside/capturepallet11/rgb/1778654541876419072.png,b3ff8935d1e22ab3f58069b0593949156dd96e8e08a751747373ba5d31355589,capturepallet11,day
data/pallet/raw_data/outside/capturepallet11/rgb/1778654541943801344.png,f6f493e7bbf79eb7af207a844fe0c12754fabc3f412c7fe35e4ee3015b7ed4a9,capturepallet11,day
data/pallet/raw_data/outside/capturepallet11/rgb/1778654542010784256.png,a72d74c3f4498c7980eab2816d8e546e7bb16dbeab1f924a8989ceee79e5766a,capturepallet11,day
data/pallet/raw_data/outside/capturepallet11/rgb/1778654542077979648.png,7a9f282703ba0740c3e9913ec6a27c455466f434feef7343aaf13d5c9986ef26,capturepallet11,day
data/pallet/raw_data/outside/capturepallet11/rgb/1778654542145166080.png,96f4aabb213a3ea5055bd51ff1e5097a92138864fa1dd140a2864a733e44c992,capturepallet11,day
data/pallet/raw_data/outside/capturepallet11/rgb/1778654542212353024.png,ce2485e854b401ca365da9c187820feddd4dca6597e949006927a9fb5512a582,capturepallet11,day
data/pallet/raw_data/outside/capturepallet11/rgb/1778654542279547136.png,29ee27049c703d5798880152a21386573980e06af02f81c51d6a6750869be8cb,capturepallet11,day
data/pallet/raw_data/outside/capturepallet11/rgb/1778654542380464896.png,359329300ae083abdb265483342c03caedb11f0a0bb295c552cdac5509dfa807,capturepallet11,day
data/pallet/raw_data/outside/capturepallet11/rgb/1778654542447886592.png,168415e88e83cf82b91f971ae2217be5f7a5361fa2d92dad5a4e6077def9a07c,capturepallet11,day
data/pallet/raw_data/outside/capturepallet11/rgb/1778654542548779520.png,c418a2973757da2f3a0d21d5ebe07d97aef0934ebcd4ebd7222be167b4a66cdb,capturepallet11,day
data/pallet/raw_data/outside/capturepallet11/rgb/1778654542716963584.png,58666e05df087b16f53db3323dfcb51c006d831b6f789d96c22d96258539c239,capturepallet11,day
data/pallet/raw_data/outside/capturepallet11/rgb/1778654542817299200.png,40c535bffff46769dbd50eef291b958695e3e40cae36775858c3bd5649909327,capturepallet11,day
data/pallet/raw_data/outside/capturepallet11/rgb/1778654542884237568.png,3188c875f13307bb5566753fdda1e282da3bd6a9016a99419127c69887fbbfd0,capturepallet11,day
data/pallet/raw_data/outside/capturepallet11/rgb/1778654542951427584.png,620cd663645c8b9a95323023f274059337b7ab6f75762984d9ff11f103c81ea7,capturepallet11,day
data/pallet/raw_data/outside/capturepallet11/rgb/1778654543018501376.png,048be5461cb1aae386ef7b8ec73e6334dd2dc1a9f13aa2b321173441131a5858,capturepallet11,day
data/pallet/raw_data/outside/capturepallet11/rgb/1778654543085632256.png,68dd15c9c35662c34aec5d254128b46f99400b6c407aafb8d32d8fce20956034,capturepallet11,day
data/pallet/raw_data/outside/capturepallet11/rgb/1778654543152904192.png,02a632343dac5eb1ed7c4bc32ee536e2478e0d230db4e8c07cf628ebf6418a77,capturepallet11,day
data/pallet/raw_data/outside/capturepallet11/rgb/1778654543220592384.png,2df45da25adce74405771fe4336ff7c09a7c0574d19da7a5efc857379c7d349b,capturepallet11,day
data/pallet/raw_data/outside/capturepallet11/rgb/1778654543354870016.png,fba2f3bf561ab5cd1e68d175e81da6d8b60eff734fd05d41e1f5a4b9687a6ae2,capturepallet11,day
data/pallet/raw_data/outside/capturepallet11/rgb/1778654543522867456.png,7b535bc007007dded34c6816856c40b37559e6c37f14c637ae4de8f1f6e4614a,capturepallet11,day
data/pallet/raw_data/outside/capturepallet11/rgb/1778654543656851968.png,963f734475e86453556cddeef81b3d71a252685187cb2a6daf60a9a0308681f3,capturepallet11,day
data/pallet/raw_data/outside/capturepallet11/rgb/1778654543724225792.png,06aaf271cdaf4b066454ce734d1b0a7fd2304934f2621e1f3993f23f2c280997,capturepallet11,day
data/pallet/raw_data/outside/capturepallet11/rgb/1778654543757779200.png,114b41bb2499c7cb30cd4d4e9bfa6aa79fae53e1c62d25917fd769bb39f47f6d,capturepallet11,day
data/pallet/raw_data/outside/capturepallet11/rgb/1778654543824902400.png,6d76696a76b1f3970746be11b3531d6a0aaa3436be0b3ae10530e5adf2cfc4e2,capturepallet11,day
data/pallet/raw_data/outside/capturepallet11/rgb/1778654543892158464.png,2157613363e497d7e4846deaec9043c3ba23ce5832b66a2486e04bf09970d899,capturepallet11,day
data/pallet/raw_data/outside/capturepallet11/rgb/1778654543959281408.png,6ec1915653a721a6bfb76bb4a1adf63b1af96e97c73431ea8504c10e47326880,capturepallet11,day
data/pallet/raw_data/outside/capturepallet11/rgb/1778654544026540288.png,3f950ec66358d59937526ba859e0083ea8b8e3cbc02b123d635cf0383b454b7b,capturepallet11,day
data/pallet/raw_data/outside/capturepallet11/rgb/1778654544093668608.png,40ebda1eb0e9884ccf56a94680f4350778f9d60bf9efa3b5e49445e2a4d9dc3d,capturepallet11,day
data/pallet/raw_data/outside/capturepallet11/rgb/1778654544228542720.png,c66673f20983f803be40096054c30d8ff18932dd99e5705e0a7be6edf690625d,capturepallet11,day
data/pallet/raw_data/outside/capturepallet11/rgb/1778654544362738176.png,ef529881a758676f3c8010b2c4d5ddb7e04e49575ea4a78f6facb12241f65081,capturepallet11,day
data/pallet/raw_data/outside/capturepallet11/rgb/1778654544429637632.png,56ccd2b21d8af5318d967fd2c1f0f114ee0564e3a43b47f014074e331d0dcd50,capturepallet11,day
data/pallet/raw_data/outside/capturepallet11/rgb/1778654544496870656.png,54784e594adf0f3e04c56def1a63bcdc4af5bc71f228c5e1951645c3c53b48d5,capturepallet11,day
data/pallet/raw_data/outside/capturepallet11/rgb/1778654544564132352.png,0d8a4975f0f1564808ac70b99be322a546908689b0081c62931ba6e8547952b0,capturepallet11,day
data/pallet/raw_data/outside/capturepallet11/rgb/1778654544631380992.png,4dd077ec576935430df6b302a93d08e6dabb062ff9ac3c205e7423e0ba4085ff,capturepallet11,day
data/pallet/raw_data/outside/capturepallet11/rgb/1778654544698655488.png,38518b4fa3d9aa3f7bf357a843e2917edce8f02a88a1ac0c27c5f544adfd4e29,capturepallet11,day
data/pallet/raw_data/outside/capturepallet11/rgb/1778654544765913088.png,2a9f556fa3f5c8114d16593e6a638dcd5b42cc2e8285424614cf784334e137f3,capturepallet11,day
data/pallet/raw_data/outside/capturepallet11/rgb/1778654544832920832.png,d61f135f762a6003c0e5b138044830f0cf19c1a8e4051d245db8d36dae5e5b52,capturepallet11,day
data/pallet/raw_data/outside/capturepallet11/rgb/1778654544900225024.png,c2e39107bd4870603812a4e14b35b68e6b59e31f7b850b820fee9b2b80712e2c,capturepallet11,day
data/pallet/raw_data/outside/capturepallet11/rgb/1778654544967251200.png,8b98c087ed9048c3523d585a5d771370d545796f254bef6bdb33574617482d18,capturepallet11,day
data/pallet/raw_data/outside/capturepallet11/rgb/1778654545034535936.png,f989219f519592e3ee3ce3894774e0e784cb74bd5770b69ad8965cb323bf0d47,capturepallet11,day
data/pallet/raw_data/outside/capturepallet11/rgb/1778654545135402752.png,f3f1bb6efe1743840036fd696342bda2e94047ab1c2cdf6717da376d0005091d,capturepallet11,day
data/pallet/raw_data/outside/capturepallet11/rgb/1778654545236237568.png,56cadefb28a3f4fa27712aa058493ed79c35b42db72d1221b34da4043c82393c,capturepallet11,day
data/pallet/raw_data/outside/capturepallet11/rgb/1778654545303325184.png,2a481c4b63a129cc3d8970f03b8b0a03fdb27bb15120bd7a60f457c80471668a,capturepallet11,day
data/pallet/raw_data/outside/capturepallet11/rgb/1778654545370522624.png,ffd5b15306935cb9c2490a5a38f04699425430320069538578aebe6419cbb224,capturepallet11,day
data/pallet/raw_data/outside/capturepallet11/rgb/1778654545404199680.png,da4071a2a9ed9a7f42f0170e3a54d6fa7bb57526cfb61bf792b2a302d4f41b6e,capturepallet11,day
data/pallet/raw_data/outside/capturepallet11/rgb/1778654545471225088.png,fb99e1770b1c9802007e7018ae1ec3b8c9cc17dbc6c999c51e3d8294bbdebeae,capturepallet11,day
data/pallet/raw_data/outside/capturepallet11/rgb/1778654545538428672.png,a8176159e0111d3f9ef16fbb7ed7e7b9b9595a2c16a08b508e065e291eab7f52,capturepallet11,day
data/pallet/raw_data/outside/capturepallet11/rgb/1778654545673394432.png,a545a52d107e258e1a7b27401e24371e090e3b8abae4ea8d3301f7fd58f37e97,capturepallet11,day
data/pallet/raw_data/outside/capturepallet11/rgb/1778654545841043200.png,c9e027985542610ccf4fb7df53be9b64b1d385f0e8f348033c5e33062a785c44,capturepallet11,day
data/pallet/raw_data/outside/capturepallet11/rgb/1778654545908087040.png,ce9d5e499d82b98a290c16e421d4cb10160c99e0914481c19fa85381d3bdb700,capturepallet11,day
data/pallet/raw_data/outside/capturepallet11/rgb/1778654545975204096.png,a1a848b6da36131b2009183ec9ad69b0337074ce80faacb22438f8cf6a325dd8,capturepallet11,day
data/pallet/raw_data/outside/capturepallet11/rgb/1778654546076044544.png,53e7df82ace8d2f2dc1985eddfda68de097bbfa91857148093ba7f2934dff03d,capturepallet11,day
data/pallet/raw_data/outside/capturepallet11/rgb/1778654546143171072.png,7e43746c7faa6a9245b69d77a00e8a01207c46464fdcdbb4fee4141613c4b301,capturepallet11,day
data/pallet/raw_data/outside/capturepallet11/rgb/1778654546210446848.png,a02231f7d5348d3a92e3844b63eac54587810984331527f0e6e7c12bb98882cc,capturepallet11,day
data/pallet/raw_data/outside/capturepallet11/rgb/1778654546244070400.png,68d458cb24e74248a6877aaf67b0a4c9ba766b02485ab17655be1cb66ff38445,capturepallet11,day
data/pallet/raw_data/outside/capturepallet11/rgb/1778654546311090944.png,669e628cfdf818213725e1fe4614f09e768b177c6c4f6b6dcfb13a5348693aa1,capturepallet11,day
data/pallet/raw_data/outside/capturepallet11/rgb/1778654546412209664.png,20ec15683eb2d3edfbdf34b75a328388bdac7cb5f79576bb96a8e36d176de117,capturepallet11,day
data/pallet/raw_data/outside/capturepallet11/rgb/1778654546580401664.png,765e2f97d298c2ba13572fc2222d65f66dfdbb39eb6e469de12daa6426899603,capturepallet11,day
data/pallet/raw_data/outside/capturepallet11/rgb/1778654546714515968.png,7779182b88033ef5be6823c77635207b93aa8bccc95ee200a69525f43c2d7c14,capturepallet11,day
data/pallet/raw_data/outside/capturepallet11/rgb/1778654546815177984.png,b32a6fa80d440fb8c163a443b6397f3fc742c94e031cebcde601993052d09375,capturepallet11,day
data/pallet/raw_data/outside/capturepallet11/rgb/1778654546882385152.png,88e4024eb1a58fac998b95a132c3d0a2ec05d3c1aa3e5044f656c4d7e8636b83,capturepallet11,day
data/pallet/raw_data/outside/capturepallet11/rgb/1778654546949738752.png,dd4cae37512abee5814c55d9cd92a9f130bedd055c74f38c54f0db0813167a75,capturepallet11,day
data/pallet/raw_data/outside/capturepallet11/rgb/1778654547016672000.png,7fa8258c35f0519165d3a9cfc5000dd81dd1a298e6e27d70d9520ed69790f40b,capturepallet11,day
data/pallet/raw_data/outside/capturepallet11/rgb/1778654547117767168.png,384626946b8ff6e7ed3c44cfd7b80f5c2d5618d0f9dec593f329c0a9a1c8a791,capturepallet11,day
data/pallet/raw_data/outside/capturepallet11/rgb/1778654547286207488.png,0cbf8f38b8509f70d91cbcde0e89875fff5b1fc7a498a2140fc76938153e28b1,capturepallet11,day
data/pallet/raw_data/outside/capturepallet11/rgb/1778654547386208512.png,ab8744c0105892174e4456d275ec5133016be08212c611dd93582b785a8c5cb5,capturepallet11,day
data/pallet/raw_data/outside/capturepallet11/rgb/1778654547486946304.png,7ab4d53b444dee6f99064d72f65e66e079f52feae36f3e084e7e418dc6f97107,capturepallet11,day
data/pallet/raw_data/outside/capturepallet11/rgb/1778654547554175488.png,9efe664c20c4b3cdab346fecc1bd27b1b77ed4781d14cf290f24f74939cf836e,capturepallet11,day
data/pallet/raw_data/outside/capturepallet11/rgb/1778654547621266432.png,4a3f8a6bb4a75f7bb668ba950cabbed69e9a91378679f4215086a2ef437d58de,capturepallet11,day
data/pallet/raw_data/outside/capturepallet11/rgb/1778654547654884608.png,357d0cc769d389c47d7cc70be9cd9b9690620b9d30c2cc99ff2d587d01b5914d,capturepallet11,day
data/pallet/raw_data/outside/capturepallet11/rgb/1778654547722014976.png,7c0982e473a68244747afbb3150213144460e536ab56c8ec16ad13e19b6e300c,capturepallet11,day
data/pallet/raw_data/outside/capturepallet11/rgb/1778654547890472448.png,7f2ac206c72232762cf424f697f3ee4f88687699fa5c25439e988ddf5fe3027d,capturepallet11,day
data/pallet/raw_data/outside/capturepallet11/rgb/1778654548024736000.png,d403a335c0ed6a49ddac418808fea0aea22ec8f3d1d3bceb0e6dd1ced4706ba7,capturepallet11,day
data/pallet/raw_data/outside/capturepallet11/rgb/1778654548159147776.png,13f3f4919bdad914ca4032f81716c4a4b1c4bb2093ad4addb3aad2d9d06cd46a,capturepallet11,day
data/pallet/raw_data/outside/capturepallet11/rgb/1778654548226196480.png,26420fd6a694357493f835fe8d2cca29ad0c9205d6d04064e7d27fb583caffd2,capturepallet11,day
data/pallet/raw_data/outside/capturepallet11/rgb/1778654548293352192.png,7cb0c3c395af92706efe0e0bc0dd88f395612208bfb2afae61426404d69329b1,capturepallet11,day
data/pallet/raw_data/outside/capturepallet11/rgb/1778654548360504320.png,b1cdc48eae0c53029cf5ce0341d04e4782196ad75e26ac258045df314d844544,capturepallet11,day
data/pallet/raw_data/outside/capturepallet11/rgb/1778654548427915264.png,1db4c00df1d460bed73346a30f0c59fe34a0f19028611b95c99e5a54addf607e,capturepallet11,day
data/pallet/raw_data/outside/capturepallet11/rgb/1778654548494854400.png,918703933caf10249b4741289f7103abb119ed305a41640baa9b829adea41fc1,capturepallet11,day
data/pallet/raw_data/outside/capturepallet11/rgb/1778654548562334208.png,6b93cde1972e587ff8038a86704054150e580d4703bb9429403e2f43a2e8e875,capturepallet11,day
data/pallet/raw_data/outside/capturepallet11/rgb/1778654548629319168.png,55d66bd6687dcb6137835c4f88f39ff1152ea91cd978600fd8d29fe5c756f4ef,capturepallet11,day
data/pallet/raw_data/outside/capturepallet11/rgb/1778654548696714240.png,080a69cfa211458821fb63bb8c66b71de32e8b0ff1f21395fbafd1ec1fced942,capturepallet11,day
data/pallet/raw_data/outside/capturepallet11/rgb/1778654548763821824.png,007cd719ee9917effadf281313429ca1409d8462c0d3759885e6b5eff414d62c,capturepallet11,day
data/pallet/raw_data/outside/capturepallet11/rgb/1778654548864587008.png,8a22cfd6597fb89e85bbd0c9703294ec90a29c7134ddeed46d386083174a8f4c,capturepallet11,day
data/pallet/raw_data/outside/capturepallet11/rgb/1778654548931999232.png,ace2ddddc538080615118dbcebe9926d137cf3bee2512a00a718faebdb28cc21,capturepallet11,day
data/pallet/raw_data/outside/capturepallet11/rgb/1778654548998988032.png,8729e3f31e1b169b9a85c64d97659ae27f158a9c77a7a2e05670922623f819c6,capturepallet11,day
data/pallet/raw_data/outside/capturepallet11/rgb/1778654549066050816.png,bc5c49b02cb0432c2423a95e8153576fc5742656079d7a3308264c56f867e554,capturepallet11,day
data/pallet/raw_data/outside/capturepallet11/rgb/1778654549133460224.png,7b13247ae267b8375237dd6fa4c7e5a2e255ac66f5d56f633d7b4949e097bf97,capturepallet11,day
data/pallet/raw_data/outside/capturepallet11/rgb/1778654549200742656.png,1dce420038ff416f9e437bd9fe3234e1f82cd3b0945a861b7115b56e44139595,capturepallet11,day
data/pallet/raw_data/outside/capturepallet11/rgb/1778654549267675904.png,9da4659885fa293c53418ce29c5004e460eb77be3893600e4abb23bd6d0a0002,capturepallet11,day
data/pallet/raw_data/outside/capturepallet11/rgb/1778654549334927616.png,be0ec18131fa35263e731c8d39b85c0138b630561547e8fc827eb349693efc52,capturepallet11,day
data/pallet/raw_data/outside/capturepallet11/rgb/1778654549401961216.png,a2e8b6945e1abb10b2faac346a0975ba41619eb8a9d9001927698c9579534138,capturepallet11,day
data/pallet/raw_data/outside/capturepallet11/rgb/1778654549435808000.png,a691332c5480cc859df092bbc219033a5e0e6711d62018e767b4ab4181e4c94e,capturepallet11,day
data/pallet/raw_data/outside/capturepallet11/rgb/1778654549536650496.png,317cd4940634263fb86aace9c701723b910f854592a6e05c37cb078022bde9e3,capturepallet11,day
data/pallet/raw_data/outside/capturepallet11/rgb/1778654549705001472.png,264e31898125d2baf9c265b34e8b737bd8d5ded77228d1a5835d070461fb4b9c,capturepallet11,day
data/pallet/raw_data/outside/capturepallet11/rgb/1778654549805509888.png,45384eaa0feaaed0e5b40bc500f4807f39f1d6a65992b2af2a33d56ee478307a,capturepallet11,day
data/pallet/raw_data/outside/capturepallet11/rgb/1778654549906061568.png,3c9e15002538c8075243e81980ec84fffb0901df56b57c2435ae974334156c3d,capturepallet11,day
data/pallet/raw_data/outside/capturepallet11/rgb/1778654549939516672.png,47b921b3054709fbc37838b864607af99e78a0dacaca9231ff07aa223b5d3f59,capturepallet11,day
data/pallet/raw_data/outside/capturepallet11/rgb/1778654550006832640.png,62d997c6cdf60ce91b2d0fccfd0883d7682cc8c4175733f275bd52eb1b01548f,capturepallet11,day
data/pallet/raw_data/outside/capturepallet11/rgb/1778654550107635968.png,91e379be1704d82d118a6ac3f9723294c0f236d95c486bc3f6556812e3d06b8c,capturepallet11,day
data/pallet/raw_data/outside/capturepallet11/rgb/1778654550208514304.png,5a61c2fd241cd6832301540d415f39f44842aa4ba3f6e62e8def4c121bf78a3b,capturepallet11,day
data/pallet/raw_data/outside/capturepallet11/rgb/1778654550376798976.png,8d01ba5cf4ec76c5db3e7353948ad5e38ff0b0d0aeaed494963ac8f5bac031e8,capturepallet11,day
data/pallet/raw_data/outside/capturepallet11/rgb/1778654550510939648.png,5be69b7ca6c88d2633af40a1071a6c92f20ebd6f4dace3de9f752946224d1b2b,capturepallet11,day
data/pallet/raw_data/outside/capturepallet11/rgb/1778654550577980672.png,16be676556b23fcdc258bf1fa7f39788a0437e3a2cce06ca69f2ce2057208767,capturepallet11,day
data/pallet/raw_data/outside/capturepallet11/rgb/1778654550645170176.png,0737f46841de4a0d06ddd503acbd17e7ea5afa64ffc34c152146693301647e7a,capturepallet11,day
data/pallet/raw_data/outside/capturepallet11/rgb/1778654550712423168.png,de88f32d2e0e06c1c456c28c464b460f2c0ac937a4d52c239b56f5d40feb9d63,capturepallet11,day
data/pallet/raw_data/outside/capturepallet11/rgb/1778654550779466240.png,fdaa9bd89ea59e52c070e697ee4b609e322e55cc35b61673f5563c6daac4e90e,capturepallet11,day
data/pallet/raw_data/outside/capturepallet11/rgb/1778654550846863360.png,f35d762ebfb713d4b7b68bde71ae0a3d821aaa12051f0ea26aeebf38095fb2d3,capturepallet11,day
data/pallet/raw_data/outside/capturepallet11/rgb/1778654550914369024.png,04772a36043bf061b0f2f19647ca3b6f74bea44d36f29bb87b86246b01ff65e9,capturepallet11,day
data/pallet/raw_data/outside/capturepallet11/rgb/1778654551048497920.png,97851e9511c04de44927d4e8c1aad59d2af6d2382951b844311e45a49cc4c0b2,capturepallet11,day
data/pallet/raw_data/outside/capturepallet11/rgb/1778654551183111168.png,f83274e667fb2741279bf186c6cbbb072fee95cec7148b122c788f3dc536be38,capturepallet11,day
data/pallet/raw_data/outside/capturepallet11/rgb/1778654551317414912.png,e8a58b754f942eb6c8ba7266336fb3c7e4508c2d63c9d2a64286b4a2f4dad27a,capturepallet11,day
data/pallet/raw_data/outside/capturepallet11/rgb/1778654551418013184.png,9a1575bba4e42d354a6ffc323781df158847127f92dbd1c329031ffb7e50b283,capturepallet11,day
data/pallet/raw_data/outside/capturepallet11/rgb/1778654551518620928.png,00eb54c1908f5d8bf9f091e0fe741a72d9b84fb63715260c7a66bb0fd76ca577,capturepallet11,day
data/pallet/raw_data/outside/capturepallet11/rgb/1778654551586182656.png,2d0367b17d8ca3c0e7f05b6081aeff180247c52034e48cae0a4558bc477824f5,capturepallet11,day
data/pallet/raw_data/outside/capturepallet11/rgb/1778654551653254144.png,8db6a729192c885556ff92e8a6383a1c47a2ac734ffb96599638944a701aae15,capturepallet11,day
data/pallet/raw_data/outside/capturepallet11/rgb/1778654551686551552.png,6f94b9646a6d8409dc048a57bce0e232b2c98fcb12b35fe5945e66b25886ee20,capturepallet11,day
data/pallet/raw_data/outside/capturepallet11/rgb/1778654551753565952.png,55cb212960cdcd1e7dfea98afd47f3b031eb2eee397b746012f5033cc4ca2c45,capturepallet11,day
data/pallet/raw_data/outside/capturepallet11/rgb/1778654551888900864.png,56f4dd2458c2b284c69208f7e0191e55ef3d1f608c3d6e0e4244d5f440530d48,capturepallet11,day
data/pallet/raw_data/outside/capturepallet11/rgb/1778654552023006464.png,2e55d7d9ea700507b8503ed34e53246e21d40044b3029fe3ff9bf8ddb35b8055,capturepallet11,day
data/pallet/raw_data/outside/capturepallet11/rgb/1778654552157030400.png,99e16e61569a8cd2152e5ad698fe9b5d37ce36f782a0ee6012a281edfb0cb856,capturepallet11,day
data/pallet/raw_data/outside/capturepallet11/rgb/1778654552257856768.png,83f2006bfbc73fb2e394bb68d8b4427bbe24f5dd8dd67c0e5ab25bb2b3c3eb61,capturepallet11,day
data/pallet/raw_data/outside/capturepallet11/rgb/1778654552358622208.png,b4e0399a01717c7155e06aef9fae9b90980ef454c27b45c1ac0e7cd179deec20,capturepallet11,day
data/pallet/raw_data/outside/capturepallet11/rgb/1778654552425688832.png,f0bd24307b6957b3ebb1e8d35e42e06ab525f642844bcd5cc739b97799ce21f5,capturepallet11,day
data/pallet/raw_data/outside/capturepallet11/rgb/1778654552459378176.png,82d715945576b30256491ed4b13ffc957741b41f549638beebdd19253f40c74d,capturepallet11,day
data/pallet/raw_data/outside/capturepallet11/rgb/1778654552560216832.png,138a7cc4ceb82389746bb44b905f7d867dec4d54923b19e6a4eb6712a5ceb748,capturepallet11,day
data/pallet/raw_data/outside/capturepallet11/rgb/1778654552660998656.png,e33b398b81d859bf41cba9b3b5d60fcd331ffa4d02a065e3e0cb7d288b48b368,capturepallet11,day
data/pallet/raw_data/outside/capturepallet11/rgb/1778654552728581632.png,01dbaddaf7a4841213bc5d50b17e337955e3dd8ddbf70a13cd45b98333694fe8,capturepallet11,day
data/pallet/raw_data/outside/capturepallet11/rgb/1778654552862955008.png,bbc8a51f77bf66f69b786f9fda9fc4544dc6e178f8f5563b660c8598f0b09701,capturepallet11,day
data/pallet/raw_data/outside/capturepallet11/rgb/1778654552963489280.png,02ab269c04ef9fc028d52c4d97c6d16792d204ab6428719479a4627946f5b4b4,capturepallet11,day
data/pallet/raw_data/outside/capturepallet11/rgb/1778654553030490624.png,591c83e5d33f8df0f8087d18c254d98b8c8e55c7e4e1b7bad8cd3812ce734ae9,capturepallet11,day
data/pallet/raw_data/outside/capturepallet11/rgb/1778654553097783808.png,cee95ab41e1696ce535e2641588606d2cf245e26d746143c21d19ecabbb671cc,capturepallet11,day
data/pallet/raw_data/outside/capturepallet11/rgb/1778654553165003264.png,08bb4672bb31d7377048cd8930c9abba2d19fd69012981da55714442cfdc6fbc,capturepallet11,day
data/pallet/raw_data/outside/capturepallet11/rgb/1778654553232181504.png,b31625c3b36e88932174bbe576d0cea42638c75fd505d1a65e9c14a0d2667bef,capturepallet11,day
data/pallet/raw_data/outside/capturepallet11/rgb/1778654553265639936.png,7abfcb1e8dfe3a38d55dd4bb941a068fc5006cac82d60cf28881d341cf241b3c,capturepallet11,day
data/pallet/raw_data/outside/capturepallet11/rgb/1778654553333078784.png,d1da8af2b00c227f151d8a161c9618cdb6af2732cf72c1d6a284d7e5965f353a,capturepallet11,day
data/pallet/raw_data/outside/capturepallet11/rgb/1778654553467700736.png,f68109098edd44b92ee803f96e9866361c16ee7b10eb3553797614435d9e1639,capturepallet11,day
data/pallet/raw_data/outside/capturepallet11/rgb/1778654553635812608.png,bcd0bb33744cc8d4737744c6d27f2ae6f7e6411edc1bf88b18397e97ff2e5449,capturepallet11,day
data/pallet/raw_data/outside/capturepallet11/rgb/1778654553736302336.png,e6d864ab2e065f68ee187362c9525bf1cba39ffa5797aa6bf159bcd6e94cb8f0,capturepallet11,day
data/pallet/raw_data/outside/capturepallet11/rgb/1778654553803226112.png,8e1b5424522d3ee0e94ddcefcf052250432a8ec7adfd2efcd6c4967a8a93a8b6,capturepallet11,day
data/pallet/raw_data/outside/capturepallet11/rgb/1778654553870709760.png,1957ea7c0f0cbb98aa15e0b7f90cce01867ddeedef3ae90bb50e6723ace1147c,capturepallet11,day
data/pallet/raw_data/outside/capturepallet11/rgb/1778654553904342272.png,69f18cb90605f8776462078ade5ced822f3feda4f9fd6ecde68a8675b0534dfb,capturepallet11,day
data/pallet/raw_data/outside/capturepallet11/rgb/1778654553971198720.png,22f80658e3b777c0a80447a6efe119500964e828386806e8842415224e1865fc,capturepallet11,day
data/pallet/raw_data/outside/capturepallet11/rgb/1778654554038495488.png,9444587d6fdcb79997a9913e6e937638cf9572d416dd98d0e668240c225e8ea3,capturepallet11,day
data/pallet/raw_data/outside/capturepallet11/rgb/1778654554139362048.png,56ed52c0c5923e8fb7173a15cd28f7a12e1814a5da14d19bc008b38ffd7d8abe,capturepallet11,day
data/pallet/raw_data/outside/capturepallet11/rgb/1778654554307480832.png,2085f90ee5e6c8ebffa692407b85cf4a79d84b049a673249746ff01e0ffa6e34,capturepallet11,day
data/pallet/raw_data/outside/capturepallet11/rgb/1778654554475995648.png,db15cb30ce1a61bf222eba645e608f641aa225a4d3598227125292eb00c451e7,capturepallet11,day
data/pallet/raw_data/outside/capturepallet11/rgb/1778654554676991232.png,99d76044480236776fd77ed42ee35ea5e4ccb8e53c665738d531badc9c4953a4,capturepallet11,day
data/pallet/raw_data/outside/capturepallet11/rgb/1778654554777828864.png,858f86b6cd2c34b116ca8b29878472e910debeb166a81027b2a8b473a4b2630c,capturepallet11,day
data/pallet/raw_data/outside/capturepallet11/rgb/1778654554878461184.png,e37fbacf4360ce1e81ef5312855257d39e11d4b9630056f5a7265bbd3a6715b3,capturepallet11,day
data/pallet/raw_data/outside/capturepallet11/rgb/1778654554945720576.png,a2d013260af28d11481391a712dc641b13b50a2b32e28df74f05a97710617af6,capturepallet11,day
data/pallet/raw_data/outside/capturepallet11/rgb/1778654555012733952.png,31509c6dce5ea3701379841eeea2b4ed27f5d623469f753e72a2f448b27522f0,capturepallet11,day
data/pallet/raw_data/outside/capturepallet11/rgb/1778654555080100352.png,47dff6e07df9ef8e0c79c3e58f9807c4f531bcae50658a7ba00e18c7c8bb4637,capturepallet11,day
data/pallet/raw_data/outside/capturepallet11/rgb/1778654555147398400.png,481dfa0096b5fd8812532dd6c134623492f8d6d43c019a5f7f80a2d79bb4bbbf,capturepallet11,day
data/pallet/raw_data/outside/capturepallet11/rgb/1778654555248166656.png,aa6b976f8ff4c464f09bff72bff32794f4fdf045f1cb845860347c96b68abf18,capturepallet11,day
data/pallet/raw_data/outside/capturepallet11/rgb/1778654555315239424.png,1776815b3379e5e18ce6328e9b4afafd7746d54d7d54c5d31af26c63073059ec,capturepallet11,day
data/pallet/raw_data/outside/capturepallet11/rgb/1778654555382379776.png,d7bab7dd86f00458a84540660ea2d85991fd4976e0dba79e51cb545ee744c2d9,capturepallet11,day
data/pallet/raw_data/outside/capturepallet11/rgb/1778654555449629184.png,a55749f0adab419ca0888f5efc9361d09d93d7a3584773ef9c3fa4f45c67a623,capturepallet11,day
data/pallet/raw_data/outside/capturepallet11/rgb/1778654555483219968.png,75296814d4bdc92ba38ed1337569144357677926c97f0cb49e3f8e94ae7960c7,capturepallet11,day
data/pallet/raw_data/outside/capturepallet11/rgb/1778654555550537984.png,55aa03435ecd9a4bf7015128bbebae2f6d3ab07e99113b409db4fc56e5aea7fe,capturepallet11,day
data/pallet/raw_data/outside/capturepallet11/rgb/1778654555651257600.png,bf4411584997fe94dd03bd54b251d911689a6291d36b7e347ab313fd3fbbcdc2,capturepallet11,day
data/pallet/raw_data/outside/capturepallet11/rgb/1778654555684660480.png,61ffb502f3b537ff26bf515a183cad4e394a58e8efd0b717aa153a12e3292e5c,capturepallet11,day
data/pallet/raw_data/outside/capturepallet11/rgb/1778654555785686016.png,3fb363069db598e6f7f1e79ffe70b22c0fbbba59432dc17e9d340b9836f769f0,capturepallet11,day
data/pallet/raw_data/outside/capturepallet11/rgb/1778654555853061888.png,0ae2478d5e007ae1fae5846d1b80b517584439e7b0d5810455b1b6c45bf3653f,capturepallet11,day
data/pallet/raw_data/outside/capturepallet11/rgb/1778654556021024256.png,755bf8999ab9e6e3178f04b2c61abdfa40d7f183f0b2d00fee5a28ce5dfc7c23,capturepallet11,day
data/pallet/raw_data/outside/capturepallet11/rgb/1778654556155160320.png,8c09d6df7145972240307f5f0f0529ea5e22111b1c984a8da25a257e844c9d33,capturepallet11,day
data/pallet/raw_data/outside/capturepallet11/rgb/1778654556255662080.png,9027bd1742138cdd0db39d1431fd14025bacd8505e3cde6bd240af59be01d6d4,capturepallet11,day
data/pallet/raw_data/outside/capturepallet11/rgb/1778654556322932736.png,333a72694a78d158e5b731932adf53dd6dd3ec116037972ca5d6bf754137c82a,capturepallet11,day
data/pallet/raw_data/outside/capturepallet11/rgb/1778654556390035200.png,4032463b5e90eedb4db2c0f98e71cec4667688a98d154c66f1c42f8e890ea091,capturepallet11,day
data/pallet/raw_data/outside/capturepallet11/rgb/1778654556457271296.png,a371e64b0ad076840f0cbac9bc603d3425cfc51adb8c46777716ac0b9cb2b99d,capturepallet11,day
data/pallet/raw_data/outside/capturepallet11/rgb/1778654556524566784.png,9274c53b6c64e92ec7383907c827638b03adc20bc18be30acf22077faa20c69d,capturepallet11,day
data/pallet/raw_data/outside/capturepallet11/rgb/1778654556591701248.png,705cef9ebdf76be64efb0646c175536a202dd278087142b44412855d1d70023c,capturepallet11,day
data/pallet/raw_data/outside/capturepallet11/rgb/1778654556658768128.png,7ced0b7dc006a2d50b004a3e7302d1c176a3bf5e04b3edac58d12234de278249,capturepallet11,day
data/pallet/raw_data/outside/capturepallet11/rgb/1778654556726328832.png,6bd431b9214e4a0ca97b6eaec1ee1a206b7d2b3ce40e9bbd05228bbc36aa55b7,capturepallet11,day
data/pallet/raw_data/outside/capturepallet11/rgb/1778654556759645952.png,661669d2629e31169e0a94a6e0fb7b33b0284e674f155e7d79a1304234de8377,capturepallet11,day
data/pallet/raw_data/outside/capturepallet11/rgb/1778654556894286336.png,a58820de3902af21e9f00008d01e978f18d5fb24ada65811494496a9289245a6,capturepallet11,day
data/pallet/raw_data/outside/capturepallet11/rgb/1778654556961287168.png,7afbd8ad53cbbf88adc1c1f7820248f012856e5a3924ca9a388669c3f4eb60ae,capturepallet11,day
data/pallet/raw_data/outside/capturepallet11/rgb/1778654557028809472.png,a6164823f8c5ba48311f33b6013b551ff70960210ab53002acc10b75c9369f9a,capturepallet11,day
data/pallet/raw_data/outside/capturepallet11/rgb/1778654557095835648.png,73f705cff4db6def57d76e37d7002128d540dae724e3d6c0fa6110c65aea9385,capturepallet11,day
data/pallet/raw_data/outside/capturepallet11/rgb/1778654557162862080.png,d2c01a53ab22021c331c893c9ed12ad4abe230b75eb553a1ecf9c182447de6cd,capturepallet11,day
data/pallet/raw_data/outside/capturepallet11/rgb/1778654557230094592.png,7aba4436af30991b10a69ac2131056a36ed0b2961bb4787588396183b567e3ce,capturepallet11,day
data/pallet/raw_data/outside/capturepallet11/rgb/1778654557263692032.png,14123dc5b22fa5e1e1f39d2ac10b9d57fa201600da69291bad9a44512542c282,capturepallet11,day
data/pallet/raw_data/outside/capturepallet11/rgb/1778654557364479232.png,4a20e69f194c62b67f2c232fae20c1b4d1578a5a638e6f59f051aab6104d6011,capturepallet11,day
data/pallet/raw_data/outside/capturepallet11/rgb/1778654557398039808.png,192895483d5befac3e3c699c4faaa564c75af4344f99b7759d3cae943a57c650,capturepallet11,day
data/pallet/raw_data/outside/capturepallet11/rgb/1778654557498775808.png,29a1ec3259392b9fdf8214b83aed0dcf9194235196b531f36efe136603b26df2,capturepallet11,day
data/pallet/raw_data/outside/capturepallet11/rgb/1778654557532518912.png,8318fab7c7bc5d25e67fb756e0b6eccecdd075368813e8ae7a3c9fb8ed133b62,capturepallet11,day
data/pallet/raw_data/outside/capturepallet11/rgb/1778654557633476096.png,caaf9f063a9c642db0d3da90288f2194c2e692792b083875e7ace59ccead8bd0,capturepallet11,day
data/pallet/raw_data/outside/capturepallet11/rgb/1778654557666911744.png,29a8f41a3543e368cf41bcaeeb8449d08b74044a8b2960d2cd1f142172bd15bf,capturepallet11,day
data/pallet/raw_data/outside/capturepallet11/rgb/1778654557734113792.png,10218c41c8e774cb82ff860cd467e1e0d72675d41be0edf7703a3815cbf34961,capturepallet11,day
data/pallet/raw_data/outside/capturepallet11/rgb/1778654557801188096.png,4d00799f6ff702ccd08cdb2c2f03b2747b1dbed3119e3a0942c0f539fc3caa04,capturepallet11,day
data/pallet/raw_data/outside/capturepallet11/rgb/1778654557868730624.png,0a8d317c0a1e2fbb5358179e4347fa1226fc914b6343bd401034e74b5f9226fc,capturepallet11,day
data/pallet/raw_data/outside/capturepallet11/rgb/1778654557935601664.png,6747cdeb66792f2db0d30713542011b241ea602a1d0adb5b2ff34264d95b40c9,capturepallet11,day
data/pallet/raw_data/outside/capturepallet11/rgb/1778654558002828800.png,7afbc50b90af4d680201d384a4cd752d8d98aff2bc522ec67184299084742be3,capturepallet11,day
data/pallet/raw_data/outside/capturepallet11/rgb/1778654558069960704.png,7433166bc9d22f41cf23770fb53e6674ed2d55d67d033d8ad72cab18a28bf5af,capturepallet11,day
data/pallet/raw_data/outside/capturepallet11/rgb/1778654558137135872.png,553c562e733f7aed8e396c07da8363430d4010c3b7488769a00d6af9ff93f965,capturepallet11,day
data/pallet/raw_data/outside/capturepallet11/rgb/1778654558170729472.png,2db8bd8ddb64b8ccb155f896baae69c7f0a039f3e8ca1318f29e8d514e99a7de,capturepallet11,day
data/pallet/raw_data/outside/capturepallet11/rgb/1778654558305478144.png,130303ee945d852384c1e646978b1145c0b2c1005a9242e0a806fe44ecd7b123,capturepallet11,day
data/pallet/raw_data/outside/capturepallet11/rgb/1778654558372663040.png,f438e3bc619f45113fd5f4e2c78e6f76dec1af200f7a16802fecd98c95df813d,capturepallet11,day
data/pallet/raw_data/outside/capturepallet11/rgb/1778654558439562240.png,f5c2df8976d04987604e15f1bcceec4186c3b4c262ce5420cabf7215a274af7a,capturepallet11,day
data/pallet/raw_data/outside/capturepallet11/rgb/1778654558506832640.png,f18ad71bb62a5a6017dcad63d2f29a1b91729808eff53e05c9d88cc1eaf8cf33,capturepallet11,day
data/pallet/raw_data/outside/capturepallet11/rgb/1778654558573973248.png,4550a81a65003cbf0159538bbe91a0bda2a67a56e1f217df8fc90e47d2b4531f,capturepallet11,day
data/pallet/raw_data/outside/capturepallet11/rgb/1778654558641133312.png,ad8f8748141331fe729491287d3e3bea6c9c598142b269dda63ef6978455857f,capturepallet11,day
data/pallet/raw_data/outside/capturepallet11/rgb/1778654558674742016.png,6c06ef36e5e4c3cdd578c891f5754f4faab8dced88e982d771f6eb97152c5321,capturepallet11,day
data/pallet/raw_data/outside/capturepallet11/rgb/1778654558742001920.png,6745c23c02cd31c3d2bdd6b92352583bc7af79659f1d2a928c18f673ebfc6ed4,capturepallet11,day
data/pallet/raw_data/outside/capturepallet11/rgb/1778654558809089024.png,218c62546f69582591f1a901ac1af2e6b404a1bc6ed6d25dfb3e80e30d57f7be,capturepallet11,day
data/pallet/raw_data/outside/capturepallet11/rgb/1778654558876548096.png,533efc73356e3cf52684013cf8ad26dad7a8d77171140bf7b86b40936ca09ee5,capturepallet11,day
data/pallet/raw_data/outside/capturepallet11/rgb/1778654558943664384.png,f594952cb03be699515a48f2fba66e1f26bd84dc4d1c41f8f99174b3852ce6ed,capturepallet11,day
data/pallet/raw_data/outside/capturepallet11/rgb/1778654559044664064.png,24f816860aa452cc928e156d6b32f5d9ca98f04315b49a37cfbccfe9c9980a31,capturepallet11,day
data/pallet/raw_data/outside/capturepallet11/rgb/1778654559212671744.png,b39e26a59703df2accc9fad28ddf7434889abe825aabe57aee0a7b747cd7e32e,capturepallet11,day
data/pallet/raw_data/outside/capturepallet11/rgb/1778654559347069696.png,99cd2a7c4b6448171423dd20cfedc5c9deb1c3d4c9a2cbe4f3d9b6e4573e909e,capturepallet11,day
data/pallet/raw_data/outside/capturepallet11/rgb/1778654559413914368.png,7bfbc28e0966a20b2778f006e7692ede240406b7a0c6c984bd73503b6f8fadaa,capturepallet11,day
data/pallet/raw_data/outside/capturepallet11/rgb/1778654559481424896.png,658265588b6baea668171e5ce27a16a8aa3aed743249ea3c6910646e44c2cf91,capturepallet11,day
data/pallet/raw_data/outside/capturepallet11/rgb/1778654559548422912.png,8ac9b0e84688fb49a0063dcedc195e9932f647226ac6257766356882a6287a4f,capturepallet11,day
data/pallet/raw_data/outside/capturepallet11/rgb/1778654559615446016.png,aec8ba7ecca278a9728d4d6a5f5484645a8b2100b9c5640052ddf62bc2cf5d30,capturepallet11,day
data/pallet/raw_data/outside/capturepallet11/rgb/1778654559682851584.png,fce7db8ef4a6b5a5ef761ac1b2e2b20b723810ea1de1fe20257028d9f41f0f3a,capturepallet11,day
data/pallet/raw_data/outside/capturepallet11/rgb/1778654559750094080.png,477963fb991ecf6aff577d4485676bf7ef40efaa49d3db16b493a730ad684479,capturepallet11,day
data/pallet/raw_data/outside/capturepallet11/rgb/1778654559884777472.png,7657c78aeb14aa6686a876eed1970b9e1820abb8b355d8276aa31c96ada0aaa7,capturepallet11,day
data/pallet/raw_data/outside/capturepallet11/rgb/1778654559985081600.png,a2c19bf19835ac5d013ff79960d48de12d70f82a138bdf2fb55d8d6922622d7e,capturepallet11,day
data/pallet/raw_data/outside/capturepallet11/rgb/1778654560052279296.png,9b9a206f7873d922d8516336e2bbbae6c8c099010d2e6f9ab4ba5ae51537a0e5,capturepallet11,day
data/pallet/raw_data/outside/capturepallet11/rgb/1778654560119460352.png,fe193807e81695129df1d0925e1c0282b3c27a7b15c36fdf1a990d9f953ade2f,capturepallet11,day
data/pallet/raw_data/outside/capturepallet11/rgb/1778654560186645504.png,37cdf7379cd07f918e4f5ea8c601cc77c81fea031801fa6177c6d958a1a39c5e,capturepallet11,day
data/pallet/raw_data/outside/capturepallet11/rgb/1778654560253845760.png,9a01dcc1ddb0139ac4064350e512ea5185ab80738f5adf37563ecb49239498a5,capturepallet11,day
data/pallet/raw_data/outside/capturepallet11/rgb/1778654560354870272.png,b39f750b0917475eb817967c93f65af28e72520c5947c04114fafdbb03cf4c1d,capturepallet11,day
data/pallet/raw_data/outside/capturepallet11/rgb/1778654560455559168.png,5aa1ccf5c707f9be6b649635a04fd91d74950f4dc2d06b93adf5c6bec600b173,capturepallet11,day
data/pallet/raw_data/outside/capturepallet11/rgb/1778654560589923584.png,d3ac8e1a4c83cd42fa9c37c68a68924c5fa2608c9570bcb969c3454d199d38cb,capturepallet11,day
data/pallet/raw_data/outside/capturepallet11/rgb/1778654560757846784.png,2ac773311dd30f0dbe89d51ab9a4648931032356f5e2aec991fb63cbdb7ea6a1,capturepallet11,day
data/pallet/raw_data/outside/capturepallet11/rgb/1778654560892164864.png,26b6f8b9bf7893c49990d8d22611671dff717daeceaf919450ca522b21a0a47a,capturepallet11,day
data/pallet/raw_data/outside/capturepallet11/rgb/1778654560959389952.png,9447d695cae217c26b16df77e9d1d70a39564af6db793b9fedbaa62fc39dad2d,capturepallet11,day
data/pallet/raw_data/outside/capturepallet11/rgb/1778654561026406400.png,5b8ade5753a7b14b3b7011ffb7603ecdc0c7579c665b879997ba13573f512343,capturepallet11,day
data/pallet/raw_data/outside/capturepallet11/rgb/1778654561093791488.png,79479fa2053d3e37ad02c4a2e46f1bfe90cd0f3d798763cd7fe2df7cd624f276,capturepallet11,day
data/pallet/raw_data/outside/capturepallet11/rgb/1778654561160909056.png,173f4c5b135c46a0c42e40e22e08b3d8feac0ffaf1a294883633c58b397d0b04,capturepallet11,day
data/pallet/raw_data/outside/capturepallet11/rgb/1778654561228158720.png,ebe86cb2e3c57e1cbad10d5bd492d164ecb972bb7fb43907120136048d7de43c,capturepallet11,day
data/pallet/raw_data/outside/capturepallet11/rgb/1778654561328843264.png,661982e72142a4bbf5d57664048791e223ee1156e2ea387f9e64eda25df5bdd4,capturepallet11,day
data/pallet/raw_data/outside/capturepallet11/rgb/1778654561463380480.png,f281d94029753246dcaaf19d286c17bf6628430237e79d5d3b95e50f836d4b63,capturepallet11,day
data/pallet/raw_data/outside/capturepallet11/rgb/1778654561564244992.png,a5b96b6d6484619aa88b38f45e220cdebf7d9afe029ad0aefa8cee0513a6518a,capturepallet11,day
data/pallet/raw_data/outside/capturepallet11/rgb/1778654561698511104.png,4966a7b1c2448b170ab038c860bfacad9e7aebf10b30556ac2df9ac1f95151b4,capturepallet11,day
data/pallet/raw_data/outside/capturepallet11/rgb/1778654561765776640.png,2099f315cf9733dce37673f054559d46f206590559277a18ba973bc36677d3d9,capturepallet11,day
data/pallet/raw_data/outside/capturepallet11/rgb/1778654561832914176.png,5b0133328ec399412c3809f819d34ff9a7e46a0df3f7a116f3c760917ad36989,capturepallet11,day
data/pallet/raw_data/outside/capturepallet11/rgb/1778654561900168704.png,1795b6e87ed5791079a8d5d1a0955a2dabfd14d9e490dff0b0e50e13e5244ef7,capturepallet11,day
data/pallet/raw_data/outside/capturepallet11/rgb/1778654562000989184.png,c4f62fba25c3958a8dfc2c263eb8e69f5ac1b116f9896dd7e41563c02b3697b1,capturepallet11,day
data/pallet/raw_data/outside/capturepallet11/rgb/1778654562101951744.png,bf443c484c01e50eed65d5663320678405d4eeb71926b2ddf19726b049d553bd,capturepallet11,day
data/pallet/raw_data/outside/capturepallet11/rgb/1778654562270342400.png,cd7142048524676ae724254d5db652bf69e71878226f8064f5f0d3635a7b2bb0,capturepallet11,day
data/pallet/raw_data/outside/capturepallet11/rgb/1778654562404179200.png,0c136961536be20c8095979724367ca3934e0af85ba0a43c0ffa36d06de75351,capturepallet11,day
data/pallet/raw_data/outside/capturepallet11/rgb/1778654562471191808.png,b4553c0d31df988ebc018ac7f3643af2e831fd7855d5b45734d4e606daea4174,capturepallet11,day
data/pallet/raw_data/outside/capturepallet11/rgb/1778654562504733184.png,5b8c900650d87e397602b8be57ca5b3f3e65f41dcf317da31cfc108e4f304700,capturepallet11,day
data/pallet/raw_data/outside/capturepallet11/rgb/1778654562571953664.png,251bb58b5532e3375e4ff5ae3d304fa42b3c729c6131083368d8cafb7e4247d2,capturepallet11,day
data/pallet/raw_data/outside/capturepallet11/rgb/1778654562639130368.png,03fb64b229744333f80e4a2cf342db95d19caf932c8fdb3799a29741d7d35299,capturepallet11,day
data/pallet/raw_data/outside/capturepallet11/rgb/1778654562706510592.png,56da038ffd7a3c43526b763a21cc8ae5199a0efc83fd9c3819731ca5ca5799a5,capturepallet11,day
data/pallet/raw_data/outside/capturepallet11/rgb/1778654562773606656.png,2fe0a5c8cb872644b04e491fd227671bb6e45237fad02bac85c7696d92e3559c,capturepallet11,day
data/pallet/raw_data/outside/capturepallet11/rgb/1778654562840953600.png,9a166a3dbddc9848824e882fd9e56fff7097ba9c71e94be98c606e3990877cad,capturepallet11,day
data/pallet/raw_data/outside/capturepallet11/rgb/1778654563009086976.png,4c59f5cf3b28e432de0156bb44e7d9c1f51bba1cb42f933abefa0f482cee801d,capturepallet11,day
data/pallet/raw_data/outside/capturepallet11/rgb/1778654563109934848.png,7115cd59e77e74fda1394dc7140c9bf4177a31b86aa815346698bef6abd91e1e,capturepallet11,day
data/pallet/raw_data/outside/capturepallet11/rgb/1778654563244076032.png,9ed96f1a1f04de2d64f053e85bfc8a930d6c50ae85e589803fa0a3d700986d3f,capturepallet11,day
data/pallet/raw_data/outside/capturepallet11/rgb/1778654563344999936.png,cc7cf5423d4800ae58706050759418afda45bb1e0b6a131bf4ce01caac03711f,capturepallet11,day
data/pallet/raw_data/outside/capturepallet11/rgb/1778654563411956224.png,28df1135be2dbc50b48cc4957a64540032975006127546b5fdea66abf4f70047,capturepallet11,day
data/pallet/raw_data/outside/capturepallet11/rgb/1778654563479173120.png,2b674719fa33332fdb82ebcab049174ceadeb0bdf1a94916d3581a7aa861b574,capturepallet11,day
data/pallet/raw_data/outside/capturepallet11/rgb/1778654563546398464.png,599251313ca56c2bc5f84d3ff852ad4f4d6182095ad506647115304442385903,capturepallet11,day
data/pallet/raw_data/outside/capturepallet11/rgb/1778654563613624576.png,64bbb09877dc9faa5d557f79bdea310114c30f0658b24594d4f38d04b1a22b85,capturepallet11,day
data/pallet/raw_data/outside/capturepallet11/rgb/1778654563647095552.png,96be2cf357e972149b2b30d6fe81f68f9a824c063e478ca46f355186000740c2,capturepallet11,day
data/pallet/raw_data/outside/capturepallet11/rgb/1778654563714262784.png,404fac5e4d583ca90aeb946f8cab43d4fee555e900b0b9ca81324c0f2b45f62a,capturepallet11,day
data/pallet/raw_data/outside/capturepallet11/rgb/1778654563781773568.png,52526938b6c33bdfd71175e2fe9479636a872cd360fa406e4588f75d9188b460,capturepallet11,day
data/pallet/raw_data/outside/capturepallet11/rgb/1778654563848655104.png,2d5147ae1cdc5aa65896199866e1d6643ee69958467eba5e1361fe90b0448208,capturepallet11,day
data/pallet/raw_data/outside/capturepallet11/rgb/1778654563915926016.png,c27be3612d14426b733e6fca8137213a934681abbe13555e492db8bcaa75026f,capturepallet11,day
data/pallet/raw_data/outside/capturepallet11/rgb/1778654563983128064.png,1cefadf5c7afcfa84a580b2fb449def1016b2a30aebe38417636278dffbfe4a9,capturepallet11,day
data/pallet/raw_data/outside/capturepallet11/rgb/1778654564050290176.png,95ad522cfa9522e21d403a91d15dade659ddc7dbb4d653dbf6fdbe06b39eee5f,capturepallet11,day
data/pallet/raw_data/outside/capturepallet11/rgb/1778654564117577984.png,bbb8f723f9b8098f2cd6971b0c21f0e6178d8a30aa58b348a30a0ce5d48ca234,capturepallet11,day
data/pallet/raw_data/outside/capturepallet11/rgb/1778654564184630016.png,9dee18aa5319c3107f899ef1324374ba6c5b9c031c046f53c8e638640e9fbd49,capturepallet11,day
data/pallet/raw_data/outside/capturepallet11/rgb/1778654564251808256.png,40bf53103826cf622a529db9ce167e2ab1a0aa4631d1d16b37d4044c45c3b75a,capturepallet11,day
data/pallet/raw_data/outside/capturepallet11/rgb/1778654564319096064.png,f9cb7245ee6169478967ac4145c083a8d56fb2ffb84243d8b1e0050063438763,capturepallet11,day
data/pallet/raw_data/outside/capturepallet11/rgb/1778654564386439680.png,3b23e9ac312e0bbbb87fc599292ca0be7d0b839a9bbbce7923c0033f896ebb6e,capturepallet11,day
data/pallet/raw_data/outside/capturepallet11/rgb/1778654564453362432.png,6b29c8858db203bb5d7957d9227b2abaa756a2d727cc3720bf9c2df71033c71e,capturepallet11,day
data/pallet/raw_data/outside/capturepallet11/rgb/1778654564520634880.png,8464d2cc2ba87425e197f2d9af0cb1c3a50b67872888d04e6c165fda7d8c75c0,capturepallet11,day
data/pallet/raw_data/outside/capturepallet11/rgb/1778654564587945472.png,a5b90621c8b8d040ec4fc1d484363234723ade421afab3ff3fc3bfec9253a179,capturepallet11,day
data/pallet/raw_data/outside/capturepallet11/rgb/1778654564655110144.png,e6bc48d98fd7062a29f3b0a6f3cc3af3ac431723acba3ff02dec8db98d28fd39,capturepallet11,day
data/pallet/raw_data/outside/capturepallet11/rgb/1778654564721965568.png,a7135162e40e31b1cdfb132a6001a861208ec3ba260ed6c4dcb9a95223311301,capturepallet11,day
data/pallet/raw_data/outside/capturepallet11/rgb/1778654564789201920.png,0fc7c05a07c3f78c5f0a03f874aba56d5719505ef374f21c81beae4b486f4a25,capturepallet11,day
data/pallet/raw_data/outside/capturepallet11/rgb/1778654564856418816.png,06191ce25858e5dd241fa6aed52bf35488b29606c1e452c5ddf0bff95b854192,capturepallet11,day
data/pallet/raw_data/outside/capturepallet11/rgb/1778654564923753984.png,ea29e8a11eaacb726038b24a33bc8d4f8f099e7cd938bc878c74913def5d4204,capturepallet11,day
data/pallet/raw_data/outside/capturepallet11/rgb/1778654565024515584.png,12b8b5e4299471eea8cc3424f16f5dba0a7494e9de8ebc08b6c04f28d9c13e53,capturepallet11,day
data/pallet/raw_data/outside/capturepallet11/rgb/1778654565091751168.png,3f71b141b9c05afacb3bf71a4ceff57cff66a94a81c1bc360b7d33cff9b698d9,capturepallet11,day
data/pallet/raw_data/outside/capturepallet11/rgb/1778654565125139968.png,b14cf05f80b21c5270491abfa4ef4ada7f65426162c5a54701de8bfc04db9db7,capturepallet11,day
data/pallet/raw_data/outside/capturepallet11/rgb/1778654565226237440.png,469f55ecf4d9eeaba15ce8c93e0324cd1b4580a9103ed4fc47b42b10285b570d,capturepallet11,day
data/pallet/raw_data/outside/capturepallet11/rgb/1778654565360624128.png,5f7f3dc510cd706e1b116a13b85c6426e5a297efafc1e52bb70d571819e6242e,capturepallet11,day
data/pallet/raw_data/outside/capturepallet11/rgb/1778654565394030592.png,064ef3a291f047c3833f2f83602fca83cdd5b87e4990e680aa8e73b98f7bf2a8,capturepallet11,day
data/pallet/raw_data/outside/capturepallet11/rgb/1778654565461248768.png,a015050a91d3689e8c06e50a95f3872f90109ac5f6686f8ff6634d5e71a3a062,capturepallet11,day
data/pallet/raw_data/outside/capturepallet11/rgb/1778654565528471552.png,b9a424d4ab437a3fe04ce6a0861c6b254c2ad6b785cdb82cf3bf4361bac9f6c0,capturepallet11,day
data/pallet/raw_data/outside/capturepallet11/rgb/1778654565595677952.png,da3c773fc06f1b00854e1784eeefecd3e98576da4da2278a313095e42f270258,capturepallet11,day
data/pallet/raw_data/outside/capturepallet11/rgb/1778654565662959104.png,8f660dc2a9533ea6f931ecfc6c4c4b9bc61207a6260d37ee190d9b4407a4a6bf,capturepallet11,day
data/pallet/raw_data/outside/capturepallet11/rgb/1778654565729998336.png,a6a80a048529f22e25b5c86947a13db00deedc23db7743858266ea264963732a,capturepallet11,day
data/pallet/raw_data/outside/capturepallet11/rgb/1778654565797354496.png,3b1a536a2fc189c0d8b35328a709baa2e8d4d3c282ea7782896f28f3fb344417,capturepallet11,day
data/pallet/raw_data/outside/capturepallet11/rgb/1778654565864814848.png,9891cfb0a6a4755185a6ad4e4cf8d3a7eb2bf3357746e1215a04d5ec9c174c2e,capturepallet11,day
data/pallet/raw_data/outside/capturepallet11/rgb/1778654565999266048.png,d05c853d1977f62d74ca662450bce166389403f2f4974f13929e2190368d8c44,capturepallet11,day
data/pallet/raw_data/outside/capturepallet11/rgb/1778654566167167232.png,243ee9ab77d7ad91d85ecc468db8f1c40a14a0220d7a2e9456d24f49a0a2a13a,capturepallet11,day
data/pallet/raw_data/outside/capturepallet11/rgb/1778654566267668736.png,5a737480a01c2eded1655759b9e550c8c854ef94a77afa214b2168b1b3109f1e,capturepallet11,day
data/pallet/raw_data/outside/capturepallet11/rgb/1778654566402208000.png,e6c95ecdca200374e12f122093ea8c11de4f6f33fce9770bdb246fd8e2a064be,capturepallet11,day
data/pallet/raw_data/outside/capturepallet11/rgb/1778654566469200640.png,e6dcea952942141bfb8864a4c14f679325d3a8f7efbc44a6f2ebcfa7d4290b07,capturepallet11,day
data/pallet/raw_data/outside/capturepallet11/rgb/1778654566536434176.png,6e83848bf15c634475884b0a7648af8710dae9b611658947872d5f1e08269cfe,capturepallet11,day
data/pallet/raw_data/outside/capturepallet11/rgb/1778654566637379072.png,82e85134bead5a7bb6425a2014e518ab8898a688f29ba90f8601b4fffd753f27,capturepallet11,day
data/pallet/raw_data/outside/capturepallet11/rgb/1778654566704396032.png,0695d2d91911c4bad4bfd67b2b1154f8f8f21a95aa0ac8277bf69098d03402f8,capturepallet11,day
data/pallet/raw_data/outside/capturepallet11/rgb/1778654566805146368.png,0c7f7702cb649315d63aae18658a708893a2004f9ae7bfc60ecb74c35ab08187,capturepallet11,day
data/pallet/raw_data/outside/capturepallet11/rgb/1778654566906248704.png,1ec4309f1ab75742417f481d01784c6c926c22f9b59b35f85facd65d7f545e96,capturepallet11,day
data/pallet/raw_data/outside/capturepallet11/rgb/1778654566973093120.png,e77e65393a3820affb7f1f8323baf1a221181d322b20e75d445e1416d9ce0b4b,capturepallet11,day
data/pallet/raw_data/outside/capturepallet11/rgb/1778654567040367616.png,62789b094ae3e158bf301502232f38e6f8c94f34d24da435e868cced447437e5,capturepallet11,day
data/pallet/raw_data/outside/capturepallet11/rgb/1778654567107532544.png,5203caa82a12a478c2ab1e1f6fcbd39be51b9e0c073dc2801f2c7ce9d324e0b6,capturepallet11,day
data/pallet/raw_data/outside/capturepallet11/rgb/1778654567174823168.png,1a30ebb8487dc75c5e31fb9b107e417b68f91a412b47dbe132ca4a55b9da3e64,capturepallet11,day
data/pallet/raw_data/outside/capturepallet11/rgb/1778654567241958400.png,3eaa14fab3675cb026efd8595db60e08368c15bc43df1949ca1af5e6aa1bd3ca,capturepallet11,day
data/pallet/raw_data/outside/capturepallet11/rgb/1778654567309250048.png,3119ff3a3008860bbe535a11047a3a99210b00fca6aa6c80db527c239640e68d,capturepallet11,day
data/pallet/raw_data/outside/capturepallet11/rgb/1778654567376455680.png,59b0ad39af2b81c20d9f41dd0b1ec7bd4c27496fcb4514402b9dd238faf77c5f,capturepallet11,day
data/pallet/raw_data/outside/capturepallet11/rgb/1778654567443828992.png,a06aa60b11e9d26af30c76e1b84214bab3446863bd9a3fa5be65699cac1c3065,capturepallet11,day
data/pallet/raw_data/outside/capturepallet11/rgb/1778654567578362880.png,dfa0dbc93e650713e7e0badced6101783f7d65b49bee852c05a5e67b5b7246ae,capturepallet11,day
data/pallet/raw_data/outside/capturepallet11/rgb/1778654567746037504.png,0b1d588391804c451dc83d3a673ab49ad5c0dfd1a37ef3d4df12677f6c43ba92,capturepallet11,day
data/pallet/raw_data/outside/capturepallet11/rgb/1778654567813157120.png,9fff9daa41b36af5e5ea67f36735f88e4fa7c7acfa283e5a0954c3f5d3b4807c,capturepallet11,day
data/pallet/raw_data/outside/capturepallet11/rgb/1778654567880239616.png,4876bfa4c4008f0b5556acf2e9cc5b134e56f4bf2e8c4ef7d8566fb6b314c5e4,capturepallet11,day
data/pallet/raw_data/outside/capturepallet11/rgb/1778654567947679232.png,b0cd573b02a792666aee079d0b7b13ade4923dac33f777f328d1e7f7afe26446,capturepallet11,day
data/pallet/raw_data/outside/capturepallet11/rgb/1778654568014724352.png,247c1d05cf35b906a59d5393d13ccb968949115fa632ab1695519d9101f86952,capturepallet11,day
data/pallet/raw_data/outside/capturepallet11/rgb/1778654568081997568.png,8a83d53ad7da6cb38d19ea87554105cb44ff0d0f5dbbdadb9f34cceaeda8dafe,capturepallet11,day
data/pallet/raw_data/outside/capturepallet11/rgb/1778654568149134592.png,1b0ad4f4f868649584c28a344e3abe3852b91ffb8015d88e487519308fb85251,capturepallet11,day
data/pallet/raw_data/outside/capturepallet11/rgb/1778654568249900288.png,41231493912d2ad27b33bf8874d7aafe6c90e3e12758b6a6558edb00744cb4fb,capturepallet11,day
data/pallet/raw_data/outside/capturepallet11/rgb/1778654568418318848.png,81212083697dfed520eba8e2bd3405025a0018d7fa633fcde30f2f9e4d7e292a,capturepallet11,day
data/pallet/raw_data/outside/capturepallet11/rgb/1778654568518767104.png,7bdf27a4d104803eee9a3ef055732ae62c39eb1f5b08c199c8e843b7c7c79cb5,capturepallet11,day
data/pallet/raw_data/outside/capturepallet11/rgb/1778654568585801728.png,b879199b992eeabb9a6ffb209a0e962d660957625b05280e8bb564025706ed31,capturepallet11,day
data/pallet/raw_data/outside/capturepallet11/rgb/1778654568653283328.png,6128a6874e32493857d18729f07912dba95f310c4831404a5337777fd8b6d38e,capturepallet11,day
data/pallet/raw_data/outside/capturepallet11/rgb/1778654568720258048.png,99f78d0e6e401b7eb6cb951e3b3dca82d472482293604b4a9d4a7e57eae22488,capturepallet11,day
data/pallet/raw_data/outside/capturepallet11/rgb/1778654568787365888.png,105ac1212fbc78f92e98e482fe95e4ccb21ca52cc409e4d0e6933fcff4aeb9d1,capturepallet11,day
data/pallet/raw_data/outside/capturepallet11/rgb/1778654568854575104.png,e611dfe9337679546be6d7bbf1d7eb7154f2ca12adc54768ded70262b1f06752,capturepallet11,day
data/pallet/raw_data/outside/capturepallet11/rgb/1778654568921939200.png,b64aac5d8baace73c510236543c875148fa12ca77410e2e7c3977602b3313607,capturepallet11,day
data/pallet/raw_data/outside/capturepallet11/rgb/1778654568989161728.png,c5e95deafc7338a452ff0021d398fe268d574dbeedb8bf411648a0c837785659,capturepallet11,day
data/pallet/raw_data/outside/capturepallet11/rgb/1778654569056366080.png,24e51dd02480ac9b2bc8ab2e46f200636019fcc099d38e3a6774228b65301d61,capturepallet11,day
data/pallet/raw_data/outside/capturepallet11/rgb/1778654569224397824.png,d716a43b8517c7fcf62568a733ef85ec1c584ebd06ad6bb0fe61b09fbc7ffc2e,capturepallet11,day
data/pallet/raw_data/outside/capturepallet11/rgb/1778654569392242176.png,57a4f4ab319360bcde7b16993caba6967b886a57e23de389696407b1ff5b4ebd,capturepallet11,day
data/pallet/raw_data/outside/capturepallet11/rgb/1778654569459179264.png,14fb8d86f70fca2638aa0c8f5e136930edf92a0d71c3ced08c2cd0bd3f127014,capturepallet11,day
data/pallet/raw_data/outside/capturepallet11/rgb/1778654569526403584.png,252ac3c4eee0fb4c2c7f629b6c0d7353b6805f91bd928ff8036eab039b8e06b9,capturepallet11,day
data/pallet/raw_data/outside/capturepallet11/rgb/1778654569593627904.png,5fccd084488f046d0f9ca7c816958e495c170d1933b132a85cb2f3dfb36cd4e9,capturepallet11,day
data/pallet/raw_data/outside/capturepallet11/rgb/1778654569660779520.png,e80391c9bc04499f8aba7b15c4efd085efbd14120d26670af065c643913b11f4,capturepallet11,day
data/pallet/raw_data/outside/capturepallet11/rgb/1778654569728078848.png,0f7eaee9fa462b292964b29e774050fb83a32cbb77df65917792518ab17e6bc9,capturepallet11,day
data/pallet/raw_data/outside/capturepallet11/rgb/1778654569795190528.png,5f5aa6586bd3ecf93eb49c368fd83ce2d21c3a44a5cb81c82b9bc3f3825e6eef,capturepallet11,day
data/pallet/raw_data/outside/capturepallet11/rgb/1778654569828684800.png,ebab7b4d7de7b8a62cfbcad3478163f3b403126fd8a90833c3de478247281166,capturepallet11,day
data/pallet/raw_data/outside/capturepallet11/rgb/1778654569896061440.png,6be42ec4fb75ac66a774ac84825820c0360c3434c9f8288692b6e9fb7f0481df,capturepallet11,day
data/pallet/raw_data/outside/capturepallet11/rgb/1778654569963199744.png,02d3a375114de12fc4fb81b65f3ca1840a073acfcef355609514896d4a9072fa,capturepallet11,day
data/pallet/raw_data/outside/capturepallet11/rgb/1778654570064192768.png,aff6f3f4f0c19a5cb09098af264645b01a3ebd5ef88a6a5292ad6f9d3aeda670,capturepallet11,day
data/pallet/raw_data/outside/capturepallet11/rgb/1778654570131188480.png,39ca37a2475370571690d03be4b1d769fd53c091b93a28bdb60f28702acdd849,capturepallet11,day
data/pallet/raw_data/outside/capturepallet11/rgb/1778654570232158464.png,bb00f5514a3aa16c8b5f7bdf6ea82a193b4067ea5f669328c35a1223b055ca23,capturepallet11,day
data/pallet/raw_data/outside/capturepallet11/rgb/1778654570299178752.png,58ec16f9a2a6848f1ddf89684c284859db1972e0ca52a020a27112fa64efaf17,capturepallet11,day
data/pallet/raw_data/outside/capturepallet11/rgb/1778654570366325760.png,4438b4574061779086f3bcec7b992658ca67017c2c7b1032d523cf78f6fcca2d,capturepallet11,day
data/pallet/raw_data/outside/capturepallet11/rgb/1778654570433658624.png,f2e727ca24dba878a8ba491b3c4e235d4b8658ff449bc0d4aab3a0acb227365d,capturepallet11,day
data/pallet/raw_data/outside/capturepallet11/rgb/1778654570500677376.png,cd5be3f598e4e868dc8a66702524c204e26d4bf9910b6c422a9bf08cd60a6906,capturepallet11,day
data/pallet/raw_data/outside/capturepallet11/rgb/1778654570568186368.png,117571363403ae08dfad18a084aa9a2df00d5772b41a91389f42c775a3d88b75,capturepallet11,day
data/pallet/raw_data/outside/capturepallet11/rgb/1778654570635153408.png,7889d79049c1c2f053452e35ef30c37f589133af6536f2259c429f9698a1e6b8,capturepallet11,day
data/pallet/raw_data/outside/capturepallet11/rgb/1778654570702294784.png,3fd1133357d56de5007c72a78e1d2f29f08ce8a3a1d87b1e6d1fc956f8597953,capturepallet11,day
data/pallet/raw_data/outside/capturepallet11/rgb/1778654570769996032.png,a79791c20dac55bfef89c71d448f568e2027ceb9e7f1579ae4033930bea8b719,capturepallet11,day
data/pallet/raw_data/outside/capturepallet11/rgb/1778654570870355200.png,cf42c58b45843386cddafbe915c066ca3f1c4eef384d3d8d449918c4700a9f55,capturepallet11,day
data/pallet/raw_data/outside/capturepallet11/rgb/1778654570937508864.png,d3960e4e5d64020d14470dc7e647bf69477fa77557c4ec906aefcd9e0e9a7130,capturepallet11,day
data/pallet/raw_data/outside/capturepallet11/rgb/1778654571004770304.png,afd0dd8599e21f66ce60f0925441db7e0a7fc3fa4ba7bb46b6223be28ad51131,capturepallet11,day
data/pallet/raw_data/outside/capturepallet11/rgb/1778654571105585920.png,12295b42eb718d0ac0de3190f1236cf1b9cf2ad318322aeb5d830ac519303f0d,capturepallet11,day
data/pallet/raw_data/outside/capturepallet11/rgb/1778654571139292416.png,6b9a78e71af0a0c974b72fa66f1793e664318a1de1f49a9fd35bf2cb208013b5,capturepallet11,day
data/pallet/raw_data/outside/capturepallet11/rgb/1778654571206541312.png,0ed812d3d330a91162d2d3f4d4fe623b70ba322a8ff2fe52a669a9a9b893cf6a,capturepallet11,day
data/pallet/raw_data/outside/capturepallet11/rgb/1778654571273446656.png,d8b247c68db40ee2db7246a3a8edaf8f0dae8b9a24cf005a2f185f8b3217f851,capturepallet11,day
data/pallet/raw_data/outside/capturepallet11/rgb/1778654571340841216.png,0fb01a0f1afa89592de16ebc0dcd8e12f612d592ddc7a3973869243b012de4ca,capturepallet11,day
data/pallet/raw_data/outside/capturepallet11/rgb/1778654571509263872.png,feb723e796a902762237b49de8c58a618339115823969dfb480016687d8332fd,capturepallet11,day
data/pallet/raw_data/outside/capturepallet11/rgb/1778654571643508736.png,f990dfee95a621dbda9c439a807b7b2887a7f529e8c56b4754741df9a043b336,capturepallet11,day
data/pallet/raw_data/outside/capturepallet11/rgb/1778654571710730752.png,3fa5b6c03f5b8bed6d0305abec1497e17b4e8cc65b0ba846abf8753a6efb73cf,capturepallet11,day
data/pallet/raw_data/outside/capturepallet11/rgb/1778654571777518336.png,4881e0a7f3b6dd5321091e821647a7599997b41f7828f1e465b98dcc8c032198,capturepallet11,day
data/pallet/raw_data/outside/capturepallet11/rgb/1778654571844766976.png,812192be570817164f7b7b01c429f2443d6b9b2ee7a813efdc1cdfb4d6500288,capturepallet11,day
data/pallet/raw_data/outside/capturepallet11/rgb/1778654571911886080.png,5a8153076bcf90c1405f4d0ab1fc5fe47b65b4ad90255c03b60e70acbd181d62,capturepallet11,day
data/pallet/raw_data/outside/capturepallet11/rgb/1778654571979113216.png,dfa771c73ccad8dd55742326c59dd3b23304ba3feb4aefdd9d689dee2f171dda,capturepallet11,day
data/pallet/raw_data/outside/capturepallet11/rgb/1778654572046291712.png,6051edcf118f65260e88a2ceebac12d686d4adfa8ebf3fb2591cc38694510ebc,capturepallet11,day
data/pallet/raw_data/outside/capturepallet11/rgb/1778654572180719872.png,6b274fff3d1559ab9b170fa59c4ae38c2b63df9e5609dbd7d2dc34474298bb43,capturepallet11,day
data/pallet/raw_data/outside/capturepallet11/rgb/1778654572349217536.png,26b9ca254debf28c51dc6d898593891fff0cd72ce897122e77c47d1ffed88970,capturepallet11,day
data/pallet/raw_data/outside/capturepallet11/rgb/1778654572483220992.png,b838fc4ff7013c236e9f111e342f48fcc1e9309ab2334a57e033763354ab0fdd,capturepallet11,day
data/pallet/raw_data/outside/capturepallet11/rgb/1778654572584023808.png,5ebd67968416e3f2843b6089d1d2dd120dc22d2cbdc0229aa5347117cb89cdca,capturepallet11,day
data/pallet/raw_data/outside/capturepallet11/rgb/1778654572651117312.png,9eabbd0b118f62d07cc9f6320dd5e3421f38cded1e08f70be23db22a7fcc019e,capturepallet11,day
data/pallet/raw_data/outside/capturepallet11/rgb/1778654572718208512.png,7b85347b5635c82178079703aa9dd420613dd8f8ee4cde703173eae1919a3f31,capturepallet11,day
data/pallet/raw_data/outside/capturepallet11/rgb/1778654572785565696.png,463321fea02255e07d67cc6444a0bfecf456467107dbd4236fc2ddd11516eb4a,capturepallet11,day
data/pallet/raw_data/outside/capturepallet11/rgb/1778654572852644096.png,1684994b6fdbcbba023813dbc27b1f4c31389ac106e2e5d918617017523ad43d,capturepallet11,day
data/pallet/raw_data/outside/capturepallet11/rgb/1778654572953835776.png,2b7a66f0996a706355ed0b2292cb7d010a30180237bcde9135af60e929f8c1fb,capturepallet11,day
data/pallet/raw_data/outside/capturepallet11/rgb/1778654573088158720.png,ac63448e711ce01ea226ccd44b5048a1685fe74ebfb02ed80bbf93d66e1bedd9,capturepallet11,day
data/pallet/raw_data/outside/capturepallet11/rgb/1778654573188635392.png,237695009d8c35be7abde373e7e20de957aced5c295778daeaf7135b3770a108,capturepallet11,day
data/pallet/raw_data/outside/capturepallet11/rgb/1778654573222289920.png,1e7f3b9d060c046df3e4df5d5a324d9760f517d778f50b1d0493e1fcf692e840,capturepallet11,day
data/pallet/raw_data/outside/capturepallet11/rgb/1778654573289413120.png,fee0b39097d2fe3642308993302e440a1516d987d2f034f8540e218d3b59a77d,capturepallet11,day
data/pallet/raw_data/outside/capturepallet11/rgb/1778654573356706816.png,da84af7681613bb52356a9a97bf49f010d44eb31f015bb11d64fb567f0180b94,capturepallet11,day
data/pallet/raw_data/outside/capturepallet11/rgb/1778654573423500032.png,d94066299bb6b641420bfd82319c16f72c0eca758bc8af3b908f18da2fb7fabe,capturepallet11,day
data/pallet/raw_data/outside/capturepallet11/rgb/1778654573490915584.png,423797c48e1811b837dbd77bbf909c0e03c3b38e336752f80d063ab11156424c,capturepallet11,day
data/pallet/raw_data/outside/capturepallet11/rgb/1778654573557904896.png,bd8ca5db54820f307a5290835e73ab94a57f22a342023799f604aa3f9381c984,capturepallet11,day
data/pallet/raw_data/outside/capturepallet11/rgb/1778654573692868864.png,0eeae1d23b74d2e8388c963d1e35215033f40c6c1d2ae58a0ece8f02cd615b4b,capturepallet11,day
data/pallet/raw_data/outside/capturepallet11/rgb/1778654573827072000.png,c35a78beb9abb63ffa159f9e848b6de834b859f2d20739ca8b498f93964e91b7,capturepallet11,day
data/pallet/raw_data/outside/capturepallet11/rgb/1778654573995440896.png,b112d21825d839c308a28e1a929e7917b407cece25e1d67ea7fabd2c042c53f3,capturepallet11,day
data/pallet/raw_data/outside/capturepallet11/rgb/1778654574062139136.png,1de63b4a24ba5dd7a8d5076238eef1b117bb56add5a087d106bbb34ea61fb7b8,capturepallet11,day
data/pallet/raw_data/outside/capturepallet11/rgb/1778654574129279488.png,3b5e9a3b62abca9cb030bf661723f2f94c73238af9d60b90b8069d69d70b6193,capturepallet11,day
data/pallet/raw_data/outside/capturepallet11/rgb/1778654574196474112.png,0b05a3cb50c19cb6b8a2beb84e38ccb7e062f7d760871a568450dc21dc17e95c,capturepallet11,day
data/pallet/raw_data/outside/capturepallet11/rgb/1778654574263645184.png,12ce10791f9a62a088188f89464c9049c05ac3b5b8d5e7680959f14da62cfd6b,capturepallet11,day
data/pallet/raw_data/outside/capturepallet11/rgb/1778654574330727168.png,dadb95cc9ffbf4f9d093bc515480ebaa88affbb0e3ac8edea2a87d0bdb983b8a,capturepallet11,day
data/pallet/raw_data/outside/capturepallet11/rgb/1778654574398107648.png,8ced4b8a109e8a114901a202b33dcb2f62912515f164dcdb2b5675698b782461,capturepallet11,day
data/pallet/raw_data/outside/capturepallet11/rgb/1778654574465139968.png,9cef5c3abca03ac5d84ded735736a574f8de79c952b366c4cbb6790fd32ff55b,capturepallet11,day
data/pallet/raw_data/outside/capturepallet11/rgb/1778654574532382720.png,1635f2ccbdf0903bc20e40442c113eaca5c2e5ad4d3ced72421c809374783d0b,capturepallet11,day
data/pallet/raw_data/outside/capturepallet11/rgb/1778654574599763200.png,5d81afb48ea76ef71a175b57acba936a5db16a912c6f0f95ae80258cd4c38255,capturepallet11,day
data/pallet/raw_data/outside/capturepallet11/rgb/1778654574700957952.png,9a9c25d9d22e6540c69da8433065bc97fb37653356f780f6ff90734038a71324,capturepallet11,day
data/pallet/raw_data/outside/capturepallet11/rgb/1778654574767753728.png,8393a658795f335f0296fe9da6c1b9ece790081fd9c35abd8c8cb03f5fcc9d82,capturepallet11,day
data/pallet/raw_data/outside/capturepallet11/rgb/1778654574834941184.png,b5dc52c95b51a0ad5c14bd04b0b595fd51babd432dd2cb6dea58be51ca5a2b2b,capturepallet11,day
data/pallet/raw_data/outside/capturepallet11/rgb/1778654574935563776.png,428ba3bbf2237d6fd19977a120a70bddf2abd92e2fe7ab3be407d46789d7dfe2,capturepallet11,day
data/pallet/raw_data/outside/capturepallet11/rgb/1778654574969321728.png,976775938435bdedb6c0a41ca830f92fbe4486bc49fe1635e65b62878f7cc273,capturepallet11,day
data/pallet/raw_data/outside/capturepallet11/rgb/1778654575036483584.png,7a77b0216988e6ea34095a05c1f0a2f958933d20d0f690256b67ab80387b38e3,capturepallet11,day
data/pallet/raw_data/outside/capturepallet11/rgb/1778654575103669760.png,23240217b6d3126ee9d3f639533e97ff9abaf83472b4831c833a916df4c0a7b6,capturepallet11,day
data/pallet/raw_data/outside/capturepallet11/rgb/1778654575204389632.png,4703b3fda517ce47c0689f5404977e2f8da3fb8989de86a16143ffb87cf8d268,capturepallet11,day
data/pallet/raw_data/outside/capturepallet11/rgb/1778654575238002432.png,83834fa1af25e4392f08fb64afb5dcd2a2afba381a91f8756853df2130b93d78,capturepallet11,day
data/pallet/raw_data/outside/capturepallet11/rgb/1778654575305209600.png,ddedcb4a5e7fe7134b122de23a9145f01ddea1bba2ce62c2120d8d03861f03d4,capturepallet11,day
data/pallet/raw_data/outside/capturepallet11/rgb/1778654575473583872.png,15c7a09fe0a1099254e598a59478d9eb2c3978ab8e24b561e6b6a38d87cfa632,capturepallet11,day
data/pallet/raw_data/outside/capturepallet11/rgb/1778654575540580352.png,bd62f5bf63cf0c5e1e83ec0664aa45a931f7810846872ed2ad6e5d936331c375,capturepallet11,day
data/pallet/raw_data/outside/capturepallet11/rgb/1778654575607508736.png,90e6232308a92708d1ec9dc1e0ddd9e1416bdab80d348680d12a7f997a234f4f,capturepallet11,day
data/pallet/raw_data/outside/capturepallet11/rgb/1778654575674658816.png,5d62befe22ff82d57e5487a10dc58bcb5f9f6e7bfcfc9a17007097938ae7b653,capturepallet11,day
data/pallet/raw_data/outside/capturepallet11/rgb/1778654575741951232.png,355e8b6dae78d555c0684b0e1c3ac0363dccbd00e6d123ee471a53793a3de9a9,capturepallet11,day
data/pallet/raw_data/outside/capturepallet11/rgb/1778654575809227776.png,a86244c5f0cd2c37c69585598ac463f17a3bba6bff2770e029ee0eb8c66a5901,capturepallet11,day
data/pallet/raw_data/outside/capturepallet11/rgb/1778654575876374016.png,a5a127fe3bb95aed4881065097a24bbf0ea3c1c3dd873a8d6443732ec09a65d9,capturepallet11,day
data/pallet/raw_data/outside/capturepallet11/rgb/1778654575943467520.png,b3cd10c8ac4818b1d0f8155109f580e16be7cf0bc8dc5ad864ae7ff4953b5f59,capturepallet11,day
data/pallet/raw_data/outside/capturepallet11/rgb/1778654576010691840.png,df46ef39a679da97723286a3a8032a65e9e622d478aa5e09c80c021f27eb686e,capturepallet11,day
data/pallet/raw_data/outside/capturepallet11/rgb/1778654576044431872.png,bdde51944018269be00db9df9683c28407b29d034a961450ee4ec046d3f84cdf,capturepallet11,day
data/pallet/raw_data/outside/capturepallet11/rgb/1778654576178949120.png,8c1e94a1c3a02e911af177e8e190d8f525bca968fabcf615e540edf66b44bdd0,capturepallet11,day
data/pallet/raw_data/outside/capturepallet11/rgb/1778654576279631104.png,a82f404770c583fe45a6ade9ec9d4d4fabf7510205434fdcd9686f9c9aa86b77,capturepallet11,day
data/pallet/raw_data/outside/capturepallet11/rgb/1778654576380174848.png,e2dc8f0169c376a10cb84a3f3aa9fc1ad70ad716b5218950f0792305a7a9c934,capturepallet11,day
data/pallet/raw_data/outside/capturepallet11/rgb/1778654576447500032.png,e0970a41ccd6d53677cda5c3307bd6bf88e42431d7194221f23a0dbeeed9ff57,capturepallet11,day
data/pallet/raw_data/outside/capturepallet11/rgb/1778654576514696704.png,57d582ad6771f54a5e7a6e10c21660bb7b33336458314f6a2762b288165a063e,capturepallet11,day
data/pallet/raw_data/outside/capturepallet11/rgb/1778654576548159232.png,9aa0543940c846cfc0f4cf343f74f6a118cb4e2ef28bdbd1e3a872f6cd8cf69c,capturepallet11,day
data/pallet/raw_data/outside/capturepallet11/rgb/1778654576649009408.png,b1955061a5c8607320e4cad1a4bc30c140f147e9a0a22bf02d4e3c1bc09b0aff,capturepallet11,day
data/pallet/raw_data/outside/capturepallet11/rgb/1778654576682651648.png,2dc4df2afb2b19e1cfcf6eae0d4f6da0aea7a9b0b809701a0951d9eacb55784c,capturepallet11,day
data/pallet/raw_data/outside/capturepallet11/rgb/1778654576749753088.png,2adb6463b49a13847fc945ebd0f759d29aa60712c9d04e512eb3c147229a9829,capturepallet11,day
data/pallet/raw_data/outside/capturepallet11/rgb/1778654576817114624.png,f57b206ac568eeb99a0e98b32cebf5f71613c1dcb988a38b132896105095edaf,capturepallet11,day
data/pallet/raw_data/outside/capturepallet11/rgb/1778654576884419840.png,521909ed7d340e015099c8865096bc7db770d789b51b5ca355d159e4e5c82d24,capturepallet11,day
data/pallet/raw_data/outside/capturepallet11/rgb/1778654576985034496.png,56f228f85599cda2e75bc231e5c5110c7afaf9df35476a48f3d508330a6aa7cf,capturepallet11,day
data/pallet/raw_data/outside/capturepallet11/rgb/1778654577052168448.png,7eae7d368be1ea213599537c3f4982252e7f422d7ba7b1aaa4f81835d68bb49e,capturepallet11,day
data/pallet/raw_data/outside/capturepallet11/rgb/1778654577119337984.png,1a7f86d0c4d660a43518a163c2352ba671e2635f177dd4f145499ef9d2b48e35,capturepallet11,day
data/pallet/raw_data/outside/capturepallet11/rgb/1778654577186647808.png,2546db68bb6fd8552e5af8ca0e14a840828ddea9f5128de723384b7ca0a5c038,capturepallet11,day
data/pallet/raw_data/outside/capturepallet11/rgb/1778654577220226304.png,c8738cbaf37bb00ac299d24dc783c492a08f6c68eb91245483b4f7eeac5f74ca,capturepallet11,day
data/pallet/raw_data/outside/capturepallet11/rgb/1778654577287426048.png,75583ab74e8b1a524d0898af1e7244aac4fe796ea8b1716ff777aed11a6c8088,capturepallet11,day
data/pallet/raw_data/outside/capturepallet11/rgb/1778654577354658816.png,d990f3793362a2bfecad3b4e53993663db27dacc1b4d280eabaaf2bb3dc32156,capturepallet11,day
data/pallet/raw_data/outside/capturepallet11/rgb/1778654577421814528.png,56646b3428209cb480c7a561888bf31f4ce1685b1caea51a03685b4054ef80fc,capturepallet11,day
data/pallet/raw_data/outside/capturepallet11/rgb/1778654577488933632.png,0ba7687614c1b700e2e9ddcf5dfa899e0508f2686a92fe5656713badb9e356db,capturepallet11,day
data/pallet/raw_data/outside/capturepallet11/rgb/1778654577624092672.png,a7011a5a6885952305170ddb2f9a4c44ad34adfb7f33ee2dd0c87eb014871be5,capturepallet11,day
data/pallet/raw_data/outside/capturepallet11/rgb/1778654577791440896.png,58ecaf6554d994afae5aae2a72cb35eeb34fcd9f3b29c92805107bea05f6c3d8,capturepallet11,day
data/pallet/raw_data/outside/capturepallet11/rgb/1778654577891945984.png,f4d152bf3ddcfdf78e0d6853cfa973e96d3da01a7f5fe1f53efcffbc08233cf7,capturepallet11,day
data/pallet/raw_data/outside/capturepallet11/rgb/1778654577925563904.png,0ac2c1886ae345f3b647194fd2ac0b6677777091c6e6f995eee587c7bf2fda2f,capturepallet11,day
data/pallet/raw_data/outside/capturepallet11/rgb/1778654577992726272.png,21dd0520c1c8c38f013e793d67a95ba57c45f16ee23e0ab780e58b5e033c2f6a,capturepallet11,day
data/pallet/raw_data/outside/capturepallet11/rgb/1778654578060002048.png,1417f019abbe161cba51a8c33d8e656f3c5b78f944eb3cdb79e680bbbe31d314,capturepallet11,day
data/pallet/raw_data/outside/capturepallet11/rgb/1778654578127163136.png,9fb23b29dfd4193d1a6d997d4c22109a1a165768c5585fd06a2498f7d13bca32,capturepallet11,day
data/pallet/raw_data/outside/capturepallet11/rgb/1778654578194363648.png,dee8926d56bbf0c3acf434afb781bef6156229fa28a3a0df4b4e79e45f094f7e,capturepallet11,day
data/pallet/raw_data/outside/capturepallet11/rgb/1778654578261536768.png,d03d1521ca2183609c32e3a66e109aea89595aafa4511a3e4645608a670073fd,capturepallet11,day
data/pallet/raw_data/outside/capturepallet11/rgb/1778654578328951040.png,1df20db38340edf80beeb5cb700c3091bae1c93ef93cc9f597d21594571dd676,capturepallet11,day
data/pallet/raw_data/outside/capturepallet11/rgb/1778654578395897088.png,b4eb57d530dbb7bcf04834d2e87472198a6489888fab11a44df951de12a5e32f,capturepallet11,day
data/pallet/raw_data/outside/capturepallet11/rgb/1778654578463164672.png,7c60088937f9ac93457a41676c0388cf9d61e679f5364b4aad72df4f7b0de07f,capturepallet11,day
data/pallet/raw_data/outside/capturepallet11/rgb/1778654578496880896.png,14a048975015ddca5a11cba49076ce03f5c5bbe8b055f1d44f1c58a50a6accf7,capturepallet11,day
data/pallet/raw_data/outside/capturepallet11/rgb/1778654578564049664.png,2afebb0c032b09e355926dd12763e407aa9584dafd552f663439f95ea182cc50,capturepallet11,day
data/pallet/raw_data/outside/capturepallet11/rgb/1778654578631252480.png,f6d2f008cd531027697d1a44888c197be9ffd6b7ccd94dbf32679ef2743e0d57,capturepallet11,day
data/pallet/raw_data/outside/capturepallet11/rgb/1778654578698333952.png,4bde5c6888ab9f93ac35279159831ec310dbc761742d0d273896478d3ebd6170,capturepallet11,day
data/pallet/raw_data/outside/capturepallet11/rgb/1778654578765950464.png,823cd51171572ec692d6bb5b72e441ee1fc3b19e95e1761f3dc1d3d4aa9f07d7,capturepallet11,day
data/pallet/raw_data/outside/capturepallet11/rgb/1778654578832852736.png,c7b0e2aadbb4295efda294d3c67b4580766adc5784315085c835893da21e6f12,capturepallet11,day
data/pallet/raw_data/outside/capturepallet11/rgb/1778654578899937792.png,93c71452bc07ebaa2a3a6b359669d003d8d75a454b9b73b1de7f871d67b16313,capturepallet11,day
data/pallet/raw_data/outside/capturepallet11/rgb/1778654578967159552.png,fd6b893d49e2e0e613d6861dcf20a105361db46398b12b1163c0331a5f40361f,capturepallet11,day
data/pallet/raw_data/outside/capturepallet11/rgb/1778654579034657280.png,f9d8ecb500bc95d687813001efdf458a774807da12900cb50a4e851f35d510a3,capturepallet11,day
data/pallet/raw_data/outside/capturepallet11/rgb/1778654579203184896.png,01c0a35e613156061b1db01b9439fd2092c117ce30eb157af4c84f311378b0ca,capturepallet11,day
data/pallet/raw_data/outside/capturepallet11/rgb/1778654579336894208.png,dc6cbea1eda9b0a2cb0cf2879609145806d6e82193da75eac3c9a3b68273a768,capturepallet11,day
data/pallet/raw_data/outside/capturepallet11/rgb/1778654579437750272.png,71e2486ca2c3b6fe69f0f226200633ebf348dbc6f1138f96bf4e928e4561ac10,capturepallet11,day
data/pallet/raw_data/outside/capturepallet11/rgb/1778654579504745472.png,573cb5be9f4e1607778138c781c5329016a1e6303b0bdb8e87b39452fe635686,capturepallet11,day
data/pallet/raw_data/outside/capturepallet11/rgb/1778654579572128000.png,1abfa64577aa70e482f0fbcd06da93e27961a779cd29bd6970ae77eb30f68824,capturepallet11,day
data/pallet/raw_data/outside/capturepallet11/rgb/1778654579639090176.png,64c5d8ca34409d458908da9e0c8ab30b600c3f62fc008b15eaa2b26b59fc6017,capturepallet11,day
data/pallet/raw_data/outside/capturepallet11/rgb/1778654579706370816.png,cbe04f57f03873524c452d0e5adc373a8a471641eea3f67c0be9a4a0e9cb8fa3,capturepallet11,day
data/pallet/raw_data/outside/capturepallet11/rgb/1778654579773486336.png,8c5e44eb7feb7aac0998106c828dfbcc9fefeefe02b03fcac31adb55b2aa212d,capturepallet11,day
data/pallet/raw_data/outside/capturepallet11/rgb/1778654579841015040.png,b5fb04d5153b4817684686fe8de823b291521e0e48d4b33647b0a2a714c52450,capturepallet11,day
data/pallet/raw_data/outside/capturepallet11/rgb/1778654579975360000.png,146f43b282b5b29fd5f488dc95223d79dab594412366cf9ddd482511e9d1e8d0,capturepallet11,day
data/pallet/raw_data/outside/capturepallet11/rgb/1778654580042546944.png,dca16470e465197f1549efb70990d9a9f23e820465bd91aba3d7012072df2fc1,capturepallet11,day
data/pallet/raw_data/outside/capturepallet11/rgb/1778654580109551616.png,1a1a003f7ed6676425c2c73cce454b6c86fd73aca8f0dcac9ba998b9e28acc05,capturepallet11,day
data/pallet/raw_data/outside/capturepallet11/rgb/1778654580176878848.png,d8953562822bbb38b6442a47aaa499724c72ea97bda8f51981b7261912e6cea0,capturepallet11,day
data/pallet/raw_data/outside/capturepallet11/rgb/1778654580243854592.png,0429c660dd78a8c26482fe0eb876c515bf1c9fc335e883187cc722a909e48e01,capturepallet11,day
data/pallet/raw_data/outside/capturepallet11/rgb/1778654580311158784.png,336ceb39a396e663e050c447a20e41886b3ae61b6a238aee37bf7a488284c542,capturepallet11,day
data/pallet/raw_data/outside/capturepallet11/rgb/1778654580378403328.png,6853e8154b3da05d3b373c24739b1c92b6262f6533ab7cec82902bf1f788935a,capturepallet11,day
data/pallet/raw_data/outside/capturepallet11/rgb/1778654580445452288.png,edf6e6f18706ce9ae2ed5e988390b12bf24fc3103915ce2960046789bac2bdfa,capturepallet11,day
data/pallet/raw_data/outside/capturepallet11/rgb/1778654580479090944.png,53f95be4a0fd48b3112d53398b498eb90b7df90b834c42a9bfbfb466ebd2ed86,capturepallet11,day
data/pallet/raw_data/outside/capturepallet11/rgb/1778654580580076800.png,46d3c56dd2890b69b5a59afff78df58a9d8f367592b6d4bc1ea87ee97d782101,capturepallet11,day
data/pallet/raw_data/outside/capturepallet11/rgb/1778654580714511360.png,3195df8ee9b6ec919955bfc80b6c4c94c35275de91f28ae6102ab14c58838065,capturepallet11,day
data/pallet/raw_data/outside/capturepallet11/rgb/1778654580849085952.png,88619865a4ed9824fb5d00aab7d643101990f05918a47bad9136aeb3a67738e3,capturepallet11,day
data/pallet/raw_data/outside/capturepallet11/rgb/1778654580983414784.png,af8ad7025d945ce5834ab8423a00f434ef39b5592a83ca19b2f11ab36a96adc4,capturepallet11,day
data/pallet/raw_data/outside/capturepallet11/rgb/1778654581084021504.png,3bfcd4966fe5bb908c3511bf4628677120f17b2adb5f5604d0cdfea84f09443a,capturepallet11,day
data/pallet/raw_data/outside/capturepallet11/rgb/1778654581150926080.png,6ba6902dc4dc75ae115c8b56492006cda16ade6f78e94c52efce5ec87037ba0c,capturepallet11,day
data/pallet/raw_data/outside/capturepallet11/rgb/1778654581218317056.png,655d222b8d608e07ba90b14be827e6c6e678692bc828a6943cb4afbe1a042e6b,capturepallet11,day
data/pallet/raw_data/outside/capturepallet11/rgb/1778654581285740032.png,bf6280f5df41239614a3ecf81ca023e5a4f049f8c33365439fdf795b7db8f826,capturepallet11,day
data/pallet/raw_data/outside/capturepallet11/rgb/1778654581352724992.png,a2d7cfa3d84dad6491b6a36a511a5cafd50cbda2d2d27eb64176295aed13b125,capturepallet11,day
data/pallet/raw_data/outside/capturepallet11/rgb/1778654581419730176.png,0023b36d9af4b4c00f48615a593a3bcad18c55d7e2b5c1b88c80d86424a94dab,capturepallet11,day
data/pallet/raw_data/outside/capturepallet11/rgb/1778654581486951936.png,a112768bf72bd6e49072fb5d5a61a63130ecd0ea4bd6871607e35c4fcb0615a7,capturepallet11,day
data/pallet/raw_data/outside/capturepallet11/rgb/1778654581554357760.png,43809a3c121063d5058a7c3a8880fa597ff5c47e2763d9822f7fa7911ecd4435,capturepallet11,day
data/pallet/raw_data/outside/capturepallet11/rgb/1778654581654898688.png,9720e8bcf04582b53edd173d51a9e14d4b3696321a6d6dbaf3d06835f3d2a4ec,capturepallet11,day
data/pallet/raw_data/outside/capturepallet11/rgb/1778654581688817408.png,d3401847d4d4a70ab8edc93fa9c45b006a9ca7e4791f8e1c0ac1a9811d9628b6,capturepallet11,day
data/pallet/raw_data/outside/capturepallet11/rgb/1778654581755913472.png,27b60a60aa5dff6e1258effde11c9f0fe26beb1bde9054635be8507aed44ca60,capturepallet11,day
data/pallet/raw_data/outside/capturepallet11/rgb/1778654581822929664.png,7ac8f28f2ba2716cb7cc10d75ffb1ab3bb3a6ca6e59ce2fba647c419f1c497bc,capturepallet11,day
data/pallet/raw_data/outside/capturepallet11/rgb/1778654581890237440.png,759c9a6fc0abc1505476fa5df58ca7f35904b0a0a0cf4c8f9a0a05b902c74fa4,capturepallet11,day
data/pallet/raw_data/outside/capturepallet11/rgb/1778654581957383424.png,53f772ae8e6406e618a748f738341931ce7e6f21e91fcbfd1c68ea50a4f8844d,capturepallet11,day
data/pallet/raw_data/outside/capturepallet11/rgb/1778654582024657664.png,4cbf621d3c4e10e635fc10f57ecea85b902dd400f9a919908ef372ddda110fa6,capturepallet11,day
data/pallet/raw_data/outside/capturepallet11/rgb/1778654582092080384.png,dde0bfc745d527bffc50df5af8d3f7199ba496729a233ccc0677d7d925a3f4fa,capturepallet11,day
data/pallet/raw_data/outside/capturepallet11/rgb/1778654582158774016.png,9bcebb6693f59ada2b9d5fd8aa73270d75f453172026135a5184b2765b1e1c75,capturepallet11,day
data/pallet/raw_data/outside/capturepallet11/rgb/1778654582260172288.png,13e578de19a6c7995125042a0585fec82a66050d247de7339b2a98c24d335248,capturepallet11,day
data/pallet/raw_data/outside/capturepallet11/rgb/1778654582394402048.png,dbc3a08e2e60f95883042e288663036dc69f99de307388b34b0592923e2f2377,capturepallet11,day
data/pallet/raw_data/outside/capturepallet11/rgb/1778654582461181696.png,e987865c9b5511cc494f4360af3b63424282185c1ac3bd2618e63b16a0c78aa4,capturepallet11,day
data/pallet/raw_data/outside/capturepallet11/rgb/1778654582528339200.png,09bf5bde8e6f010c54a351868399441c75a1422c070463181ef142db7fe64261,capturepallet11,day
data/pallet/raw_data/outside/capturepallet11/rgb/1778654582595548160.png,b9a141f49e9fd30637127c81953f07b9d848f5d9f22c8045c34e001bba8e0e36,capturepallet11,day
data/pallet/raw_data/outside/capturepallet11/rgb/1778654582662742272.png,c0cdc8bd8233226ea2d62381c79bc0aaa7c72f6ddbeff0b0d2b0619cb7f7aa6c,capturepallet11,day
data/pallet/raw_data/outside/capturepallet11/rgb/1778654582729970432.png,e98c186b3715d90b4accc9965beb6b0c3b8616c3391936aefcd1e4896c886cb9,capturepallet11,day
data/pallet/raw_data/outside/capturepallet11/rgb/1778654582797135616.png,e8a9827269d6e438e3c607e71bf19d19fc279c3fa499a05e7229614b43689f67,capturepallet11,day
data/pallet/raw_data/outside/capturepallet11/rgb/1778654582864240384.png,b6fecbb8428a58eac84a6955aadd28f91251cbc6a65f22b175977e89f6d9fe71,capturepallet11,day
data/pallet/raw_data/outside/capturepallet11/rgb/1778654582931668480.png,07d76345233acc2707cbceb7a3ce4b805266a592e8df093eafa9d91d2f710106,capturepallet11,day
data/pallet/raw_data/outside/capturepallet11/rgb/1778654582998803200.png,9d516fbc67babb4809ae14ade7b79be5bb41546c5cac733c7cd421ca7af5f466,capturepallet11,day
data/pallet/raw_data/outside/capturepallet11/rgb/1778654583099935232.png,301ea18be280fc1a8630a6966edc41e83428b417900779c85d1db9925f2924e4,capturepallet11,day
data/pallet/raw_data/outside/capturepallet11/rgb/1778654583267805952.png,ed9765bab01a316f974d4b50ae68e3316d06386735ede15241a2b24fa96301fd,capturepallet11,day
data/pallet/raw_data/outside/capturepallet11/rgb/1778654583368395264.png,0b5de68fb51f9171be3b93820dd62a6bd4be349d12b3a30a16b6a50fec1a9db2,capturepallet11,day
data/pallet/raw_data/outside/capturepallet11/rgb/1778654583469247232.png,c12d1ae2138cb07d3e656e929ca9fafa8011e5bd6a1149db434b71f6b1e43b41,capturepallet11,day
data/pallet/raw_data/outside/capturepallet11/rgb/1778654583536476416.png,68d7ba57bb9a501aa50a542f9fdf2554d9a60e65bdb3436ff82d5698cfa23ebd,capturepallet11,day
data/pallet/raw_data/outside/capturepallet11/rgb/1778654583603570688.png,69887abb15c518b91494ea60e48732f437db8f28e5ca196e56c16e4cd42340fd,capturepallet11,day
data/pallet/raw_data/outside/capturepallet11/rgb/1778654583670701568.png,000f5751d9fc6f66c5d869e47a8f1d4a518eca8da25769c9dd376b6564c8c6ff,capturepallet11,day
data/pallet/raw_data/outside/capturepallet11/rgb/1778654583737859072.png,d73f8bedb9f7b95bc503ad42aa868a7ce019a01a3f6b2a2cffe96e45fbd9e323,capturepallet11,day
data/pallet/raw_data/outside/capturepallet11/rgb/1778654583771628800.png,1b1f7105b3e576c1068253eb1969da34bcf63c0d989c620ba010c2b01e984e53,capturepallet11,day
data/pallet/raw_data/outside/capturepallet11/rgb/1778654583839068672.png,11ad8b8323290aeb19d0c29669517e5f3b809490bda076c8ba2970b7a3cace49,capturepallet11,day
data/pallet/raw_data/outside/capturepallet11/rgb/1778654583905910016.png,949cebec7a0144bace96768359ce886a6c44ec0e1a938c8069f9e087ff6a5b96,capturepallet11,day
data/pallet/raw_data/outside/capturepallet11/rgb/1778654583973106688.png,4489cc534221ebe65b40b950d9a763725f2c79d59ee8556f76bf88892e504cea,capturepallet11,day
data/pallet/raw_data/outside/capturepallet11/rgb/1778654584040433152.png,6c39c2f98563da17ab9fcc6e19cab8a3fc46b59f896c6e891afb5f775e4d2a1f,capturepallet11,day
data/pallet/raw_data/outside/capturepallet11/rgb/1778654584107625472.png,0d787af366010e88cea87420c431b425b86471b2087db4d1dbef6a4a591451aa,capturepallet11,day
data/pallet/raw_data/outside/capturepallet11/rgb/1778654584174711808.png,1d9efc755664b41880728d678ac4758e1fedc9c19d2755c0d58a4a376414a08b,capturepallet11,day
data/pallet/raw_data/outside/capturepallet11/rgb/1778654584208464384.png,86289c6ac4dfb95ad431e2e8670b4a3fd65ca46944a953ee381c3aa81dbac543,capturepallet11,day
data/pallet/raw_data/outside/capturepallet11/rgb/1778654584275497472.png,29a560c1a18a3129f620d0596e500e283ec13983d4a4b5dc57bcb9b858f1984e,capturepallet11,day
data/pallet/raw_data/outside/capturepallet11/rgb/1778654584410123008.png,4efa2579e53ff1ac30b606cb9c42d2f418e49d1eefbfb023817f046375375356,capturepallet11,day
data/pallet/raw_data/outside/capturepallet11/rgb/1778654584544738816.png,862e6900b35201a7a70cfddd7d3671058d2bba4b8b643cb4aa7d952872e959f6,capturepallet11,day
data/pallet/raw_data/outside/capturepallet11/rgb/1778654584679065600.png,c000a6e0a506b459958b5f968f5574c3c396a836131155c9eca227e41176d91f,capturepallet11,day
data/pallet/raw_data/outside/capturepallet11/rgb/1778654584813327104.png,9c651a12d7b8f177e1e141e5531be7828a63eb66babd75ca1177c6388b8d43cc,capturepallet11,day
data/pallet/raw_data/outside/capturepallet11/rgb/1778654584913973760.png,fef1ca6ded9f6bd2550ac004abd799f43f27dca53f1d6e3cf11970ca559f7425,capturepallet11,day
data/pallet/raw_data/outside/capturepallet11/rgb/1778654585048360448.png,3e8947e72665a810e594f5d2953d1b6f20e2839a033400b8366b41193208210d,capturepallet11,day
data/pallet/raw_data/outside/capturepallet11/rgb/1778654585081726208.png,73e0321c5f17adbd09ec7f97ac1cff0700427f9292492b5b4a61bb3d770baece,capturepallet11,day
data/pallet/raw_data/outside/capturepallet11/rgb/1778654585149176576.png,d317f926fded8fb8ff638715574523b231fdd017a12e832be987cb7508f9bd09,capturepallet11,day
data/pallet/raw_data/outside/capturepallet11/rgb/1778654585216387584.png,3b7e807360d5dbfe4a29ea3b1d669834525d84c640a117ce0026dedd470d7827,capturepallet11,day
data/pallet/raw_data/outside/capturepallet11/rgb/1778654585317708544.png,9623abbd5995261095908124e96574a5095b29fd09edcb0f589920d66951da4d,capturepallet11,day
data/pallet/raw_data/outside/capturepallet11/rgb/1778654585485441024.png,098924b2f006791eef4f07a27cafeb63542cf70c4393aa8aa5af53d101a9603a,capturepallet11,day
data/pallet/raw_data/outside/capturepallet11/rgb/1778654585619681024.png,850c3f51176f921a59fd21ff1c4c50dff25e80a694dd617e825e16152f22a16d,capturepallet11,day
data/pallet/raw_data/outside/capturepallet11/rgb/1778654585720290304.png,0cddb1b6be7cb4d8fc0ed9a40ff6bda7a3fee819bcb08e77bd7972c11d0bcb38,capturepallet11,day
data/pallet/raw_data/outside/capturepallet11/rgb/1778654585787793664.png,d809a31be8be7bdde1b7321b6e8dc0895a0463714e6ca48849dcc763e6a98f32,capturepallet11,day
data/pallet/raw_data/outside/capturepallet11/rgb/1778654585922073600.png,14b057f80670447814b268554e5973e08d4375833b1cfdd5d9872b3f11bfa1f7,capturepallet11,day
data/pallet/raw_data/outside/capturepallet11/rgb/1778654586022816512.png,98dea8e0df84e6f4c1603600455ae8535f9c5a4b8dd36b3a29e9c00b76ffa39c,capturepallet11,day
data/pallet/raw_data/outside/capturepallet11/rgb/1778654586191250944.png,7806c68ac8e1d324e820cd6352a58f50f6fcac12a95f30caad33a2c0ab265f1c,capturepallet11,day
data/pallet/raw_data/outside/capturepallet11/rgb/1778654586325433600.png,5ad9a7fe7862ea4947adaa11aed48f0fead2217fac4c6d68ff655aa7f184ee32,capturepallet11,day
data/pallet/raw_data/outside/capturepallet11/rgb/1778654586459625728.png,ce0d6ffb24fa446f9c8fb1b8cd006bd66b1fce1ab8acfa0fec476a48df05fa78,capturepallet11,day
data/pallet/raw_data/outside/capturepallet11/rgb/1778654586627650304.png,a622ac92dd4cf37532ac3ded0627c2b40ece4aad5cf6f02919722795d7325a69,capturepallet11,day
data/pallet/raw_data/outside/capturepallet11/rgb/1778654586728047616.png,061aefe6c28309fdebe1ab91dd2153cf1b21c7555e46898a455d8c2103ed5883,capturepallet11,day
data/pallet/raw_data/outside/capturepallet11/rgb/1778654586862743040.png,0f1ec845944645cb1af4aaf1f06fe55d386a592a787ab9020247e3f188725155,capturepallet11,day
data/pallet/raw_data/outside/capturepallet11/rgb/1778654587030702848.png,9daa9e8e5fca953b224041d295734640a2dcab56933da48e6e443141d7de5e94,capturepallet11,day
data/pallet/raw_data/outside/capturepallet11/rgb/1778654587131521280.png,7e5ce541515cca40d7cb6a7f311078d2775abd3a82f1a69a76eb2471bf58e0d9,capturepallet11,day
data/pallet/raw_data/outside/capturepallet11/rgb/1778654587164841984.png,2c77a86fb40d53acb4a065b05ed76b35894d3dee3fbded5388a5d8b19487db87,capturepallet11,day
data/pallet/raw_data/outside/capturepallet11/rgb/1778654587231985664.png,fbe34242f64e408d689899cbf7c993c332b6159bd1424fcb5b6d6f6ce0176ae4,capturepallet11,day
data/pallet/raw_data/outside/capturepallet11/rgb/1778654587299167744.png,9996800d2c0e83621122f63d85055640660b21b84836a10f457123246d8e0e23,capturepallet11,day
data/pallet/raw_data/outside/capturepallet11/rgb/1778654587332727552.png,7b1ef214cebd4fe29043e73f144e9d1f72aa617eb267759a6d3ace53077aef8e,capturepallet11,day
data/pallet/raw_data/outside/capturepallet11/rgb/1778654587400075776.png,00c1ebfca54f2b64b7a959c6360cb8cca27496151aabc5af9599966751074c07,capturepallet11,day
data/pallet/raw_data/outside/capturepallet11/rgb/1778654587467191808.png,dabbaa244601d35d4dcaa42ef28a54e037e1e44ae9945901611960db60eb5c3a,capturepallet11,day
data/pallet/raw_data/outside/capturepallet11/rgb/1778654587500729600.png,97b6fba6e4c442739de74186385156d41e5b349431d499014112299102622f2a,capturepallet11,day
data/pallet/raw_data/outside/capturepallet11/rgb/1778654587567854080.png,e9be90d00d0dca27354a60a1c5ac00b18ac5a9b92cc6134ae4b081243b094f15,capturepallet11,day
data/pallet/raw_data/outside/capturepallet11/rgb/1778654587635139584.png,39969198a386aa184fd69b95b8039f15c3c25f3a604259d4d4ecafcf261146a4,capturepallet11,day
data/pallet/raw_data/outside/capturepallet11/rgb/1778654587668639744.png,c006fddac8f188f91065c0ae20a66b7e40c424234495c3dd010f5bbb2df31eb2,capturepallet11,day
data/pallet/raw_data/outside/capturepallet11/rgb/1778654587735987968.png,e860375deae802873f92676d0082f4f61d15f5be8b81a8c20c9c6f16124ba397,capturepallet11,day
data/pallet/raw_data/outside/capturepallet11/rgb/1778654587803123968.png,d6594e72f94df430a3f5f1ac79089444cb39da267b58a04ff801c982ebefd495,capturepallet11,day
data/pallet/raw_data/outside/capturepallet11/rgb/1778654587836854784.png,57fdea7ec1f63dd50735b07365d8a0b606713d90f7b63aa78b07bac91eac8c08,capturepallet11,day
data/pallet/raw_data/outside/capturepallet11/rgb/1778654587903893504.png,26a65f5cefe6eb5e9b8bc3789756e709302bbb895dc4b8c80cbe8769ddfd1fff,capturepallet11,day
data/pallet/raw_data/outside/capturepallet11/rgb/1778654587971075840.png,ece88cd2d0b0d7cfd8c12ae4a40e60192eeb42c298dda32fe1d9237750cd2fc0,capturepallet11,day
data/pallet/raw_data/outside/capturepallet11/rgb/1778654588004688128.png,5aabf1093f29d44086457538f4b9a74761b688f31a83236eb96ef8aa5f3a801c,capturepallet11,day
data/pallet/raw_data/outside/capturepallet11/rgb/1778654588071879424.png,671d9df60f25b80529187ce6e8a7148b85c860817add5570ba65d04e3a79b476,capturepallet11,day
data/pallet/raw_data/outside/capturepallet11/rgb/1778654588139127808.png,ccb8698ec83b7bb76f9ca5c3e87ef94d18efed3694d70fe6968aa3a690af0b25,capturepallet11,day
data/pallet/raw_data/outside/capturepallet11/rgb/1778654588172748288.png,1956dc139a07338a33a634396ad2a1ced839119aee3e8602becc5561e32215e7,capturepallet11,day
data/pallet/raw_data/outside/capturepallet11/rgb/1778654588239953664.png,fa1a808481175a5cbafa85bb13bc93ec668899bfa8b0e7e78c4ecee49fb26fd0,capturepallet11,day
data/pallet/raw_data/outside/capturepallet11/rgb/1778654588307089920.png,72c9522fce982fcfaf66275cc3d2b58f56c5e1349672906b982d38e76e5ba844,capturepallet11,day
data/pallet/raw_data/outside/capturepallet11/rgb/1778654588374258688.png,5a8e4f1e8e8703f529faa8634d8ae9fbcaee403742e98efd7e2feb85d7e120e3,capturepallet11,day
data/pallet/raw_data/outside/capturepallet11/rgb/1778654588441763840.png,a83f8087e90e6241bdbf84eb817c517440226fc2e2f99f9c36d6d02943fd74f8,capturepallet11,day
data/pallet/raw_data/outside/capturepallet11/rgb/1778654588475086336.png,f902e44efca865d1e3f8fda2706a1ad3cf514ec4b1e319e2e347a369bcb95889,capturepallet11,day
data/pallet/raw_data/outside/capturepallet11/rgb/1778654588542221312.png,38b1cf755d619219ec523bd268b90fc36285bca98f2da2b21ac0a9ca8281ccb0,capturepallet11,day
data/pallet/raw_data/outside/capturepallet11/rgb/1778654588575883264.png,9e8f4595876f2f1ac729f67569a3bd5946fedb1c53e76febd433dcc9994a945d,capturepallet11,day
data/pallet/raw_data/outside/capturepallet11/rgb/1778654588643066880.png,dad32a159f9ff3202e12bfa918c8016d5692137c5490ac82f145d2c26803f28a,capturepallet11,day
data/pallet/raw_data/outside/capturepallet11/rgb/1778654588710217216.png,4e6f8141f83ac50cf67b010df9100837ba96ae8ec2f75da31f826fa763058cd8,capturepallet11,day
data/pallet/raw_data/outside/capturepallet11/rgb/1778654588777580032.png,6019b02f1fa9ba9f075077d57abb761c446e1635d638fb2ab191dead6c36a81e,capturepallet11,day
data/pallet/raw_data/outside/capturepallet11/rgb/1778654588844698368.png,1fb9066856db73c7ecc4c45da0db34c979118046d03c0954e54e16ecac888db1,capturepallet11,day
data/pallet/raw_data/outside/capturepallet11/rgb/1778654588911948544.png,4a31e289fb55ad404ec51261169c09559e2143d1ab42910c1644daf864b32ed1,capturepallet11,day
data/pallet/raw_data/outside/capturepallet11/rgb/1778654588978991616.png,af508eca6fb37525758c957f8778a6a6d561cb08ba0a83525068782d72bd14ec,capturepallet11,day
data/pallet/raw_data/outside/capturepallet11/rgb/1778654589012765184.png,7a301ab8f947b7a85005bc21bfaac9d580753a997a42bf715ecb79ef3f96d5d5,capturepallet11,day
data/pallet/raw_data/outside/capturepallet11/rgb/1778654589079759104.png,0aec5455f4ce3880756ef9fe4a39a40e339d7e2a11835693577d10c9d467498d,capturepallet11,day
data/pallet/raw_data/outside/capturepallet11/rgb/1778654589147065088.png,93f6ad16365142c12fb51af2539bf0f8ea342322430a89199bc9ecad7e0f322e,capturepallet11,day
data/pallet/raw_data/outside/capturepallet11/rgb/1778654589248352256.png,63e7ce48aa1f7e7ed2bb24739a61318248c378e8b13e0a6dbf7f255a9994497b,capturepallet11,day
data/pallet/raw_data/outside/capturepallet11/rgb/1778654589382691840.png,6b03488ef3fec8e4c3a13e32dfbf3b5de07031291bc28d8f61a4a85d0365c766,capturepallet11,day
data/pallet/raw_data/outside/capturepallet11/rgb/1778654589516974080.png,44ff45b1e18e8ed17c2b8c417d3725bfc5326a362168a45fa778e22d120b5f2a,capturepallet11,day
data/pallet/raw_data/outside/capturepallet11/rgb/1778654589617542144.png,fef161f6fb9e85a5809440b5e573e3a67657ed8d4c17190f281eb06effc26ab4,capturepallet11,day
data/pallet/raw_data/outside/capturepallet11/rgb/1778654589684777216.png,613a968906223338066737247f3cbefc00787f6239c603d1ff9d2228fb37d81e,capturepallet11,day
data/pallet/raw_data/outside/capturepallet11/rgb/1778654589752019968.png,90e376a44c2cc96d77454ad4ba522be22cfc7e33489bf4a5450488803e4ec469,capturepallet11,day
data/pallet/raw_data/outside/capturepallet11/rgb/1778654589818945792.png,0065b7f16beafe1f2cdd6bdfe449ef01a2686923f2823a6393f7ba1263bf2936,capturepallet11,day
data/pallet/raw_data/outside/capturepallet11/rgb/1778654589886251264.png,ce67cb3d0e1a8b020a5576070e4ec61511816639cf85baf9027556c921232eef,capturepallet11,day
data/pallet/raw_data/outside/capturepallet11/rgb/1778654589919737856.png,ef595a4811f98ad717df44bf0c2f23aab8f11befb18477e5bfd7db7ff76a784d,capturepallet11,day
data/pallet/raw_data/outside/capturepallet11/rgb/1778654590020651264.png,441e00e5be08bac70c86f1a401432cb240fac524a44ba99fb1c322735a1e32e1,capturepallet11,day
data/pallet/raw_data/outside/capturepallet11/rgb/1778654590155324672.png,e6f243e58fccf95e890fbb1b39a8f4ae3dc6ecb7ed72412b4fb7a4ff2ae34265,capturepallet11,day
data/pallet/raw_data/outside/capturepallet11/rgb/1778654590289986048.png,c6cd8ce74787e6b1f5d381c51671afe962d2621faff293a2b7178ce12d92c544,capturepallet11,day
data/pallet/raw_data/outside/capturepallet11/rgb/1778654590390299648.png,2f44eecaba915a85a2152645109a2cdebcc20dc7d718215b313e9f151ff4aa68,capturepallet11,day
data/pallet/raw_data/outside/capturepallet11/rgb/1778654590490879744.png,70ebe24c0199bb6960a099827d96f57bc9c5581d42c6117daefcc43b99ab0a39,capturepallet11,day
data/pallet/raw_data/outside/capturepallet11/rgb/1778654590524466432.png,5a9f899bb0d9ed3dd5da9b138f67f7b1e5c0e99fabd4428dbdec81896638f17c,capturepallet11,day
data/pallet/raw_data/outside/capturepallet11/rgb/1778654590591731456.png,d5cfdabb95ca7fe9155a99f3ca5f4d8feec91be29bee04f5ae01bf9a9f63f45e,capturepallet11,day
data/pallet/raw_data/outside/capturepallet11/rgb/1778654590658906624.png,d087dc87f715d9511b769d88be792e0f869d76031599db727b6a7909fcdfdc77,capturepallet11,day
data/pallet/raw_data/outside/capturepallet11/rgb/1778654590760226304.png,9d4c43113f78c461e1bf0cb258951db8d253b4b2209d8bad56fb0f4a04f7c2f9,capturepallet11,day
data/pallet/raw_data/outside/capturepallet11/rgb/1778654590860725504.png,a9a8c4d91dc89734f641947acb3b666893e3ef6dd40bfc1f959adeed8588bb5c,capturepallet11,day
data/pallet/raw_data/outside/capturepallet11/rgb/1778654590994895360.png,7613e47cf0b5f45e00896d28c5d8af6f6309ba01f7377a00d4e273541f0bfc02,capturepallet11,day
data/pallet/raw_data/outside/capturepallet11/rgb/1778654591095639040.png,a9bfce0f5587e0c5ead44f7c119ea71ded34fdf33d184b6de310123bac2b4030,capturepallet11,day
data/pallet/raw_data/outside/capturepallet11/rgb/1778654591162672896.png,f8a3c39bca3f3cd05a0597eeeaa05e56b213ce26f4847f8a8476d48284c3207d,capturepallet11,day
data/pallet/raw_data/outside/capturepallet11/rgb/1778654591229901056.png,ee0f6a5ccbb9352816ae60b0910bdedb4f9c5e7a9b88ffda02f547bb407f3597,capturepallet11,day
data/pallet/raw_data/outside/capturepallet11/rgb/1778654591263408640.png,a0d08fdd24aa3bb4fc9c914a77a7107b68408ef246b1a86d5543cd507936c268,capturepallet11,day
data/pallet/raw_data/outside/capturepallet11/rgb/1778654591330737664.png,4b9c0b98fa527f3f2ded609b37303b6c8c6b87dd5cc8bc69987a38be91b2a116,capturepallet11,day
data/pallet/raw_data/outside/capturepallet11/rgb/1778654591397925376.png,f95a2ef30a9c08c13efecb8ed3ddc4fe2304cb8723cf5e1c93e66e137bb75926,capturepallet11,day
data/pallet/raw_data/outside/capturepallet11/rgb/1778654591499016192.png,be6d976ec76350ce8b04fe53d4e0c57518cf96f202d8d96cb0ab37ca4a925cc2,capturepallet11,day
data/pallet/raw_data/outside/capturepallet11/rgb/1778654591633513216.png,ba7d215b462a779cdd7133b6605c09ffe1cf5b10fdc007d594134762281d5abb,capturepallet11,day
data/pallet/raw_data/outside/capturepallet11/rgb/1778654591768197888.png,287d0bd5ea880aace51a5387c2916293b660b2882721ddbe4b9ca3a84c9f464a,capturepallet11,day
data/pallet/raw_data/outside/capturepallet11/rgb/1778654591868192768.png,024548adf3493f0a858846848e97d65818cd3d1a5aeff806e8b5fbec279580f5,capturepallet11,day
data/pallet/raw_data/outside/capturepallet11/rgb/1778654591902023680.png,d88173913f8b0b25ea2523fcde8b950c4944e95061710117b0342b9cf5b29ed7,capturepallet11,day
data/pallet/raw_data/outside/capturepallet11/rgb/1778654591969074432.png,1ea772bda9d46e033288e1c6a2d8b4d33b7b0166c517c96cad804b4cd2b2213e,capturepallet11,day
data/pallet/raw_data/outside/capturepallet11/rgb/1778654592036368896.png,32df07d13f6a60a5b2cdd504f8cee0e72b7b7dd44ecc5acb426c6daece94860d,capturepallet11,day
data/pallet/raw_data/outside/capturepallet11/rgb/1778654592070095104.png,90495de23c78d220d16ca51e99ffd9b770a28b67e0d681bc9782427cdcca4632,capturepallet11,day
data/pallet/raw_data/outside/capturepallet11/rgb/1778654592137186304.png,9d01fda400c551cac9cc57473abce2be967b25e64a11dc8af5743e407b2e6d20,capturepallet11,day
data/pallet/raw_data/outside/capturepallet11/rgb/1778654592204571904.png,b9458c2083d87941d547020b9e5a0796b5a3b515e6cd07f552e9c1ef59edd31d,capturepallet11,day
data/pallet/raw_data/outside/capturepallet11/rgb/1778654592339012352.png,eb688b606752e1095c54c14fc2f71201f805737d2988cdc0eaf6695374876d0d,capturepallet11,day
data/pallet/raw_data/outside/capturepallet11/rgb/1778654592473249536.png,3be3e0b5220d351f63806e18c39047cee0a506fc9156ab0ea907c320c9a282e6,capturepallet11,day
data/pallet/raw_data/outside/capturepallet11/rgb/1778654592540197376.png,61ad878cd30113f1222d8995e49e3912ceaf1be025223b0974bd6eb8b020b00b,capturepallet11,day
data/pallet/raw_data/outside/capturepallet11/rgb/1778654592607510272.png,ffae0c8ee267b045e5c3267dd25a343d67a840d1e90ab1f5b21472f7e7e24e59,capturepallet11,day
data/pallet/raw_data/outside/capturepallet11/rgb/1778654592674641152.png,8b4d1c61f5f4253a7c80ec48c191008b9a4dc4f53b64f2a378e3e23c2655efda,capturepallet11,day
data/pallet/raw_data/outside/capturepallet11/rgb/1778654592708317952.png,3b4c16df3e8867b904416a376ff2d0eaa3fd63c50de28a98d2d0ea1749870c8f,capturepallet11,day
data/pallet/raw_data/outside/capturepallet11/rgb/1778654592775512576.png,cc553de9e23fc8803974577373d07b5d2db480863553a1295ed8f08ce6b2e026,capturepallet11,day
data/pallet/raw_data/outside/capturepallet11/rgb/1778654592842649856.png,513c41d08cf460425dac9287f56e16014e9a96bbb54d684dc5ac75734de651fe,capturepallet11,day
data/pallet/raw_data/outside/capturepallet11/rgb/1778654592876395008.png,f358c16590e0c3fb6cab16098a54655ee6dad74bbf0e4cc6670dafe03b224735,capturepallet11,day
data/pallet/raw_data/outside/capturepallet11/rgb/1778654592943554560.png,268afb48479fe81241e4c2812038adb2701a33f19922bb354712493a305dd873,capturepallet11,day
data/pallet/raw_data/outside/capturepallet11/rgb/1778654592977352704.png,e90114dcd63d3df7057a3b3038a5dce292f1398836439d830c5ad766d21da9b6,capturepallet11,day
data/pallet/raw_data/outside/capturepallet11/rgb/1778654593044357120.png,cf255e58501cffe61269c2a6d65236ce5191ac18ae7eb8259bb98fca2e5449ad,capturepallet11,day
data/pallet/raw_data/outside/capturepallet11/rgb/1778654593145389056.png,ebcb2ba2319fabc51a7cc77127800734fa47d490b088c87c0fa798b3d5bd04b5,capturepallet11,day
data/pallet/raw_data/outside/capturepallet11/rgb/1778654593246032384.png,26856049086bc46e361156ec26ae4649d5e6e17fed4834c96570537be2eced35,capturepallet11,day
data/pallet/raw_data/outside/capturepallet11/rgb/1778654593279327232.png,6d9cf709aa019dec79e4d4545a86ad59e96d4c9c8f07dacdd97e174d761f208d,capturepallet11,day
data/pallet/raw_data/outside/capturepallet11/rgb/1778654593347124480.png,15fa42b66a6b0c1da6159876623e40bc5d74d5687da8dcf7974eba7e59471db6,capturepallet11,day
data/pallet/raw_data/outside/capturepallet11/rgb/1778654593380173568.png,e727a1e52d4c06032926b1218a371e26ccf210a9bccb9e109d7eb213bbb38d32,capturepallet11,day
data/pallet/raw_data/outside/capturepallet11/rgb/1778654593447373568.png,971cc5feb976ad79739ad1bbdc5823a99f675fa6941c746a6e95ea704780345d,capturepallet11,day
data/pallet/raw_data/outside/capturepallet11/rgb/1778654593514636032.png,8ab011169f058f289390ddabc6eb3ce766a21e9beb60828627b7e4941a224ccd,capturepallet11,day
data/pallet/raw_data/outside/capturepallet11/rgb/1778654593548271360.png,e5b77982348a2a00c3362c520312446c5d7e145ca7cb550ae992f8885ee744a6,capturepallet11,day
data/pallet/raw_data/outside/capturepallet11/rgb/1778654593615374848.png,e210603637fdee6b72279d6f012df962389a3baff762d12fc17d331f41bb8a99,capturepallet11,day
data/pallet/raw_data/outside/capturepallet11/rgb/1778654593648959744.png,3a4c0897438dbcf1daa2dd8306f1bbd82194d52bf74d41a6d1d51a5cd9183245,capturepallet11,day
data/pallet/raw_data/outside/capturepallet11/rgb/1778654593716326400.png,d18616ffa90d4abe93d02f392b5f6f93dbce0f992ea86228d1a6812b955a4b6b,capturepallet11,day
data/pallet/raw_data/outside/capturepallet11/rgb/1778654593783371008.png,d979252a7d0f35d5f4be1621e1c23f493bd1ef38a1b95aed4e2bec0bda5ea00e,capturepallet11,day
data/pallet/raw_data/outside/capturepallet11/rgb/1778654593816931840.png,024e4d7ce4dfb45b10f4aff055d4b5d6d3da67e16f03d1bcec6a02a0e8793366,capturepallet11,day
data/pallet/raw_data/outside/capturepallet11/rgb/1778654593884343552.png,56ab66bcf85e9d2fbb379da688acb377bf406b7b352381f05799112896c3d1cc,capturepallet11,day
data/pallet/raw_data/outside/capturepallet11/rgb/1778654593951592448.png,804bf64cecbaa197f10b7fe2951b3266a6bccc2462f8f99e3cd74662f2fc4e1e,capturepallet11,day
data/pallet/raw_data/outside/capturepallet11/rgb/1778654594018468864.png,d747515c8f11cfd40ec310910e9192774fd9448ebd207ed51b8d2f751f1ada6f,capturepallet11,day
data/pallet/raw_data/outside/capturepallet11/rgb/1778654594052299264.png,1abb4c41332470e103f2c4ab0785f391968760937d4ceddcd64a2c952659d032,capturepallet11,day
data/pallet/raw_data/outside/capturepallet11/rgb/1778654594119418368.png,8e27af539904f1555171ed472950fe547294063999a68e25f65b622df7411e8e,capturepallet11,day
data/pallet/raw_data/outside/capturepallet11/rgb/1778654594186532352.png,8c1973c2ef1a923757d47ff766d7fd99d941b1aa5e6abe44dce3eeffa9a3d016,capturepallet11,day
data/pallet/raw_data/outside/capturepallet11/rgb/1778654594253794560.png,42539d3ea72e80f9f9decc5364211640f8bd7db75bbaefd9f7d736695354ade1,capturepallet11,day
data/pallet/raw_data/outside/capturepallet11/rgb/1778654594321187328.png,bcfccef320fa8fb7a56e62e4872adc8f108cc908da13031e85fa50c979d8a559,capturepallet11,day
data/pallet/raw_data/outside/capturepallet11/rgb/1778654594388299264.png,eb7d7c0b5fdbe0064ab407d7404b9185e90190405e0370de11942caa6e61fd14,capturepallet11,day
data/pallet/raw_data/outside/capturepallet11/rgb/1778654594489024000.png,d8a20b28bcf5c3455d92816dc4c6ba6726ee3eb35ccf61adfe4951cc79a05045,capturepallet11,day
data/pallet/raw_data/outside/capturepallet11/rgb/1778654594556314624.png,0780c73bf371501e9550ce9bd381c95f4b3b11053ed363db9bce6ab84b8d31ce,capturepallet11,day
data/pallet/raw_data/outside/capturepallet11/rgb/1778654594623342336.png,0cd3775211c87bf1d42b461f2d313ea6d5b456ecee7a42d3bdf301cd04660c83,capturepallet11,day
data/pallet/raw_data/outside/capturepallet11/rgb/1778654594690461952.png,57a228e2d63ae6d9c5f2c6ccadba2c8ba5c638bc9fd65b02112e92736f2a642b,capturepallet11,day
data/pallet/raw_data/outside/capturepallet11/rgb/1778654594724090880.png,9ac2d65a41429939ce8ea59109f8b41437fb177cd5c62a7ea85df0c9002c3e8d,capturepallet11,day
data/pallet/raw_data/outside/capturepallet11/rgb/1778654594791333888.png,7417556c56e0a17b8448d7e986f528a5628c3c1e279c403b5f3a46e3c360d2c6,capturepallet11,day
data/pallet/raw_data/outside/capturepallet11/rgb/1778654594824823552.png,57a21e433b13a864b3880e58cca18c40819a526e5bc2f8cc1ec234ead46429ec,capturepallet11,day
data/pallet/raw_data/outside/capturepallet11/rgb/1778654594892024832.png,726f1a8cf6bfc919a760cf90cdeb0762268debe3ba421d24869d7c2f30dbfd10,capturepallet11,day
data/pallet/raw_data/outside/capturepallet11/rgb/1778654594959353856.png,b3a539ba6b4e431fb8cff44a201e8be02be441ff3970013d888b2b28a8fef251,capturepallet11,day
data/pallet/raw_data/outside/capturepallet11/rgb/1778654594992872960.png,ef15d51baf954381d4a992343b63313aa90e2c2ce65e3bb0dc4c4692b6e7fbcc,capturepallet11,day
data/pallet/raw_data/outside/capturepallet11/rgb/1778654595059980032.png,2ad482ae1944bdee0c119f2e81837c1d4e289ba9ee0a49716badb5afad5c930f,capturepallet11,day
data/pallet/raw_data/outside/capturepallet11/rgb/1778654595127609088.png,60b28a1d2d009e5afbc7e4805d446aa0bd1676245ab0330ceed127b1f266abbf,capturepallet11,day
data/pallet/raw_data/outside/capturepallet11/rgb/1778654595160698624.png,b1e39669503a3f6585e3c8b4bb9a3a7b0b84eb6f7a37166c4cda0a395335f61e,capturepallet11,day
data/pallet/raw_data/outside/capturepallet11/rgb/1778654595261823488.png,3f0f479a874c1d3b44ea726ac4fb943e38d0891f4fce7d8d69926112634b7e1a,capturepallet11,day
data/pallet/raw_data/outside/capturepallet11/rgb/1778654595396430336.png,3e457edc5b93a677a6a07f357725d2074483b783fa5780f60e16f9da81624c3b,capturepallet11,day
data/pallet/raw_data/outside/capturepallet11/rgb/1778654595530543616.png,70ee75ebb61dd8d49618b1fae8ab065ac44d686c58807043e1e7b0651c144671,capturepallet11,day
data/pallet/raw_data/outside/capturepallet11/rgb/1778654595664936448.png,ff98938724f2f37f4be94d54e796e90fc9d1c4c46600f6fadb7aee42a00784cd,capturepallet11,day
data/pallet/raw_data/outside/capturepallet11/rgb/1778654595765731072.png,059c6bcc849d553fe62cb1b6fedd749e7c9fc171fea945c650c827d82359ada0,capturepallet11,day
data/pallet/raw_data/outside/capturepallet11/rgb/1778654595832792064.png,c1feb7071345be9de9d43831c2a3a3c669ac82ccf47875b762ac55e183d858a2,capturepallet11,day
data/pallet/raw_data/outside/capturepallet11/rgb/1778654595899832064.png,2fcbf26a2ae35b05a98bb82bf80913e2a06b5b34c614b9d2026844e8abd6cc0c,capturepallet11,day
data/pallet/raw_data/outside/capturepallet11/rgb/1778654595967022848.png,de5cb749f844a763d4b2c17884cf8ede526aafd28021c11d7970d8b8b2be65e8,capturepallet11,day
data/pallet/raw_data/outside/capturepallet11/rgb/1778654596034415104.png,c036880be1f2ad62c86e85597f95ed5a3f2ae5bcd8ee636352a5a7c95afa6fbe,capturepallet11,day
data/pallet/raw_data/outside/capturepallet11/rgb/1778654596067936512.png,87dd0c4407d4737631790e44dc14de45d2a5385ce223bd7a9dcbf8ab2c84da52,capturepallet11,day
data/pallet/raw_data/outside/capturepallet11/rgb/1778654596135246848.png,8715b19fe5297933812ed09ecbac3844c96f633b442bc41a3df5618f3ceb9b64,capturepallet11,day
data/pallet/raw_data/outside/capturepallet11/rgb/1778654596168822528.png,7bfd5785d4117d6969c0bb3928f46ec534ab66a8d19ff8da32d98c3ec4cc15ea,capturepallet11,day
data/pallet/raw_data/outside/capturepallet11/rgb/1778654596236458752.png,4c0dd1115eaa09487959f4703280413039238ac2f8a90b2efc775ea23339f526,capturepallet11,day
data/pallet/raw_data/outside/capturepallet11/rgb/1778654596303085824.png,99728968aa2d10ffcae5516a05a88d152c964305b94c0af8bc17333e3ceda8b3,capturepallet11,day
data/pallet/raw_data/outside/capturepallet11/rgb/1778654596336844544.png,4b27c47aa4394f437d15b514c6cb7b87eb7029ba979d79160ee44f28be3a1158,capturepallet11,day
data/pallet/raw_data/outside/capturepallet11/rgb/1778654596403960064.png,62df4e1fc5effe83886b24973f5beafdc23791be9601b4514798f083ecd4277f,capturepallet11,day
data/pallet/raw_data/outside/capturepallet11/rgb/1778654596471484928.png,6c179860cdc36ec68ee3f417b411f0fa8dfe09072f5e76bdc17a019f20c223fb,capturepallet11,day
data/pallet/raw_data/outside/capturepallet11/rgb/1778654596504771328.png,c4e7f20671655f4fd281e9121a54ec9b435d7dac441c19e64544218c3a79791e,capturepallet11,day
data/pallet/raw_data/outside/capturepallet11/rgb/1778654596571854848.png,aaafeb817aacca463145de81422e87b2f4eb35e8eab949fe8e6ae39bf9fa2253,capturepallet11,day
data/pallet/raw_data/outside/capturepallet11/rgb/1778654596639010560.png,e7f8d65d96caaa8aab5318ee7a7cc8bf2731399d5e82e50beff604ee68f495a8,capturepallet11,day
data/pallet/raw_data/outside/capturepallet11/rgb/1778654596672744448.png,6bbe38987b74f22b9092bab131887ac7d954d30a0682a998e3ae258513825e0e,capturepallet11,day
data/pallet/raw_data/outside/capturepallet11/rgb/1778654596774028800.png,36a287a870059e83401c8e81128d08a3807af6dfb39fa5d8b9d613ec8b1e248f,capturepallet11,day
data/pallet/raw_data/outside/capturepallet11/rgb/1778654596908447488.png,e9e22cb42ca218432e7d666f3ab07c5d127ec464b747aa30214a6aaa7150bce7,capturepallet11,day
data/pallet/raw_data/outside/capturepallet11/rgb/1778654597042528256.png,8dd29f7e2b2814505595d8fbb6f017f8aa9ed120f8b40a8792bbac19003393cc,capturepallet11,day
data/pallet/raw_data/outside/capturepallet11/rgb/1778654597143299328.png,6bce0feffeed07d4a77755c92b33ba2f95db2c1dd311033f34215c9a9b665511,capturepallet11,day
data/pallet/raw_data/outside/capturepallet11/rgb/1778654597210304000.png,80d76964def0cd33198a1d4d2697fadaeab3b6073faf5308a64432f7a342c728,capturepallet11,day
