recording_a,recording_b,session_a,session_b,geometric_match_inliers,geometric_match_inlier_ratio,background_colour_similarity,camera_intrinsics_same,resolution_same,lighting_a,lighting_b,provenance_relation,automatic_grade
REC_040,REC_045,data/pallet/raw_data/outside/capturepallet03,data/pallet/raw_data/outside/capturepallet04,396,0.9274,0.9767,False,True,day,day,DISTINCT_RECORDING,LIKELY_SAME_SITE
REC_041,REC_045,data/pallet/raw_data/outside/capturepallet05,data/pallet/raw_data/outside/capturepallet04,389,0.8348,0.9836,False,True,day,day,DISTINCT_RECORDING,LIKELY_SAME_SITE
REC_038,REC_040,data/pallet/raw_data/outside/capturepallet02,data/pallet/raw_data/outside/capturepallet03,379,0.9244,0.9724,False,True,day,day,DISTINCT_RECORDING,LIKELY_SAME_SITE
REC_038,REC_041,data/pallet/raw_data/outside/capturepallet02,data/pallet/raw_data/outside/capturepallet05,375,0.9124,0.9766,False,True,day,day,DISTINCT_RECORDING,LIKELY_SAME_SITE
REC_038,REC_045,data/pallet/raw_data/outside/capturepallet02,data/pallet/raw_data/outside/capturepallet04,356,0.9295,0.9914,False,True,day,day,DISTINCT_RECORDING,LIKELY_SAME_SITE
REC_040,REC_041,data/pallet/raw_data/outside/capturepallet03,data/pallet/raw_data/outside/capturepallet05,322,0.8429,0.9817,False,True,day,day,DISTINCT_RECORDING,LIKELY_SAME_SITE
REC_008,REC_026,challenge/data/01_real/_live_captures/forklift_v4_20260901/sessions/forklift_v4_174342,challenge/data/01_real/_live_captures/forklift_v4_20260901/sessions/forklift_v4_174126,256,0.9624,0.9279,False,True,unknown,unknown,DISTINCT_RECORDING,LIKELY_SAME_SITE
REC_012,REC_038,data/pallet/raw_data/outside/capturepallet08,data/pallet/raw_data/outside/capturepallet02,201,0.8171,0.7738,False,True,day,day,DISTINCT_RECORDING,LIKELY_SAME_SITE
REC_008,REC_013,challenge/data/01_real/_live_captures/forklift_v4_20260901/sessions/forklift_v4_174342,challenge/data/01_real/_live_captures/forklift_v4_20260901/sessions/forklift_v4_174925,180,0.9424,0.8912,False,True,unknown,unknown,DISTINCT_RECORDING,LIKELY_SAME_SITE
REC_011,REC_028,data/pallet/raw_data/outside/capturepallet11,data/pallet/raw_data/outside/capturepallet10,179,0.7247,0.5636,False,True,day,day,DISTINCT_RECORDING,LIKELY_SAME_SITE
REC_012,REC_045,data/pallet/raw_data/outside/capturepallet08,data/pallet/raw_data/outside/capturepallet04,174,0.7982,0.7937,False,True,day,day,DISTINCT_RECORDING,LIKELY_SAME_SITE
REC_012,REC_041,data/pallet/raw_data/outside/capturepallet08,data/pallet/raw_data/outside/capturepallet05,168,0.866,0.7718,False,True,day,day,DISTINCT_RECORDING,LIKELY_SAME_SITE
REC_007,REC_028,data/pallet/raw_data/outside/capturepallet09,data/pallet/raw_data/outside/capturepallet10,164,0.7773,0.7689,False,True,day,day,DISTINCT_RECORDING,LIKELY_SAME_SITE
REC_012,REC_040,data/pallet/raw_data/outside/capturepallet08,data/pallet/raw_data/outside/capturepallet03,150,0.6818,0.7664,False,True,day,day,DISTINCT_RECORDING,LIKELY_SAME_SITE
REC_011,REC_038,data/pallet/raw_data/outside/capturepallet11,data/pallet/raw_data/outside/capturepallet02,135,0.7143,0.3378,False,True,day,day,DISTINCT_RECORDING,LIKELY_SAME_SITE
REC_011,REC_041,data/pallet/raw_data/outside/capturepallet11,data/pallet/raw_data/outside/capturepallet05,121,0.6722,0.3021,False,True,day,day,DISTINCT_RECORDING,LIKELY_SAME_SITE
REC_011,REC_045,data/pallet/raw_data/outside/capturepallet11,data/pallet/raw_data/outside/capturepallet04,121,0.6798,0.2997,False,True,day,day,DISTINCT_RECORDING,LIKELY_SAME_SITE
REC_011,REC_012,data/pallet/raw_data/outside/capturepallet11,data/pallet/raw_data/outside/capturepallet08,114,0.7081,0.714,False,True,day,day,DISTINCT_RECORDING,LIKELY_SAME_SITE
REC_012,REC_028,data/pallet/raw_data/outside/capturepallet08,data/pallet/raw_data/outside/capturepallet10,110,0.6471,0.6505,False,True,day,day,DISTINCT_RECORDING,LIKELY_SAME_SITE
REC_007,REC_012,data/pallet/raw_data/outside/capturepallet09,data/pallet/raw_data/outside/capturepallet08,101,0.6159,0.7122,False,True,day,day,DISTINCT_RECORDING,LIKELY_SAME_SITE
REC_007,REC_038,data/pallet/raw_data/outside/capturepallet09,data/pallet/raw_data/outside/capturepallet02,100,0.6711,0.5209,False,True,day,day,DISTINCT_RECORDING,LIKELY_SAME_SITE
REC_028,REC_041,data/pallet/raw_data/outside/capturepallet10,data/pallet/raw_data/outside/capturepallet05,97,0.6783,0.4141,False,True,day,day,DISTINCT_RECORDING,LIKELY_SAME_SITE
REC_011,REC_040,data/pallet/raw_data/outside/capturepallet11,data/pallet/raw_data/outside/capturepallet03,96,0.6194,0.3092,False,True,day,day,DISTINCT_RECORDING,LIKELY_SAME_SITE
REC_028,REC_038,data/pallet/raw_data/outside/capturepallet10,data/pallet/raw_data/outside/capturepallet02,91,0.6233,0.4502,False,True,day,day,DISTINCT_RECORDING,LIKELY_SAME_SITE
REC_007,REC_045,data/pallet/raw_data/outside/capturepallet09,data/pallet/raw_data/outside/capturepallet04,85,0.6911,0.5275,False,True,day,day,DISTINCT_RECORDING,LIKELY_SAME_SITE
REC_028,REC_045,data/pallet/raw_data/outside/capturepallet10,data/pallet/raw_data/outside/capturepallet04,80,0.597,0.4299,False,True,day,day,DISTINCT_RECORDING,LIKELY_SAME_SITE
REC_007,REC_041,data/pallet/raw_data/outside/capturepallet09,data/pallet/raw_data/outside/capturepallet05,77,0.5833,0.5419,False,True,day,day,DISTINCT_RECORDING,LIKELY_SAME_SITE
REC_029,REC_038,data/pallet/raw_data/night/capturenight07,data/pallet/raw_data/outside/capturepallet02,75,0.8333,0.4234,False,True,night,day,DISTINCT_RECORDING,LIKELY_SAME_SITE
REC_028,REC_040,data/pallet/raw_data/outside/capturepallet10,data/pallet/raw_data/outside/capturepallet03,71,0.5547,0.3424,False,True,day,day,DISTINCT_RECORDING,LIKELY_SAME_SITE
REC_027,REC_038,data/pallet/raw_data/night/capturenight08,data/pallet/raw_data/outside/capturepallet02,69,0.8118,0.5292,False,True,night,day,DISTINCT_RECORDING,LIKELY_SAME_SITE
REC_027,REC_040,data/pallet/raw_data/night/capturenight08,data/pallet/raw_data/outside/capturepallet03,69,0.8625,0.5068,False,True,night,day,DISTINCT_RECORDING,LIKELY_SAME_SITE
REC_007,REC_040,data/pallet/raw_data/outside/capturepallet09,data/pallet/raw_data/outside/capturepallet03,66,0.569,0.4416,False,True,day,day,DISTINCT_RECORDING,LIKELY_SAME_SITE
REC_029,REC_041,data/pallet/raw_data/night/capturenight07,data/pallet/raw_data/outside/capturepallet05,66,0.8919,0.4884,False,True,night,day,DISTINCT_RECORDING,LIKELY_SAME_SITE
REC_027,REC_029,data/pallet/raw_data/night/capturenight08,data/pallet/raw_data/night/capturenight07,64,0.6957,0.8345,False,True,night,night,DISTINCT_RECORDING,LIKELY_SAME_SITE
REC_021,REC_038,data/pallet/raw_data/outside/capturepalletcad,data/pallet/raw_data/outside/capturepallet02,63,0.6364,0.511,False,True,day,day,DISTINCT_RECORDING,LIKELY_SAME_SITE
REC_021,REC_040,data/pallet/raw_data/outside/capturepalletcad,data/pallet/raw_data/outside/capturepallet03,63,0.6923,0.5086,False,True,day,day,DISTINCT_RECORDING,LIKELY_SAME_SITE
REC_011,REC_021,data/pallet/raw_data/outside/capturepallet11,data/pallet/raw_data/outside/capturepalletcad,59,0.513,0.5308,False,True,day,day,DISTINCT_RECORDING,LIKELY_SAME_SITE
REC_036,REC_044,data/pallet/raw_data/capture0403middle,data/pallet/raw_data/capture0403noapril,59,0.8194,0.9444,False,True,unknown,unknown,DISTINCT_RECORDING,LIKELY_SAME_SITE
REC_027,REC_031,data/pallet/raw_data/night/capturenight08,data/pallet/raw_data/capture03,57,0.5758,0.3328,False,True,night,unknown,DISTINCT_RECORDING,LIKELY_SAME_SITE
REC_007,REC_011,data/pallet/raw_data/outside/capturepallet09,data/pallet/raw_data/outside/capturepallet11,56,0.6222,0.6615,False,True,day,day,DISTINCT_RECORDING,LIKELY_SAME_SITE
REC_024,REC_038,data/pallet/raw_data/night/capturenight02,data/pallet/raw_data/outside/capturepallet02,55,0.7333,0.4574,False,True,night,day,DISTINCT_RECORDING,LIKELY_SAME_SITE
REC_027,REC_041,data/pallet/raw_data/night/capturenight08,data/pallet/raw_data/outside/capturepallet05,55,0.7746,0.5947,False,True,night,day,DISTINCT_RECORDING,LIKELY_SAME_SITE
REC_013,REC_026,challenge/data/01_real/_live_captures/forklift_v4_20260901/sessions/forklift_v4_174925,challenge/data/01_real/_live_captures/forklift_v4_20260901/sessions/forklift_v4_174126,52,0.6667,0.8842,False,True,unknown,unknown,DISTINCT_RECORDING,LIKELY_SAME_SITE
REC_017,REC_020,data/pallet/raw_data/night/capturenight10,data/pallet/raw_data/night/capturenight03,51,0.7391,0.9239,False,True,night,night,DISTINCT_RECORDING,LIKELY_SAME_SITE
REC_027,REC_045,data/pallet/raw_data/night/capturenight08,data/pallet/raw_data/outside/capturepallet04,51,0.5667,0.5952,False,True,night,day,DISTINCT_RECORDING,LIKELY_SAME_SITE
REC_029,REC_040,data/pallet/raw_data/night/capturenight07,data/pallet/raw_data/outside/capturepallet03,51,0.7969,0.3885,False,True,night,day,DISTINCT_RECORDING,LIKELY_SAME_SITE
REC_029,REC_045,data/pallet/raw_data/night/capturenight07,data/pallet/raw_data/outside/capturepallet04,51,0.6,0.4822,False,True,night,day,DISTINCT_RECORDING,LIKELY_SAME_SITE
REC_020,REC_023,data/pallet/raw_data/night/capturenight03,data/pallet/raw_data/night/capturenight04,48,0.75,0.663,False,True,night,night,DISTINCT_RECORDING,LIKELY_SAME_SITE
REC_029,REC_033,data/pallet/raw_data/night/capturenight07,data/pallet/raw_data/night/capturenight05,48,0.64,0.9009,False,True,night,night,DISTINCT_RECORDING,LIKELY_SAME_SITE
REC_033,REC_038,data/pallet/raw_data/night/capturenight05,data/pallet/raw_data/outside/capturepallet02,48,0.7869,0.3383,False,True,night,day,DISTINCT_RECORDING,LIKELY_SAME_SITE
REC_012,REC_021,data/pallet/raw_data/outside/capturepallet08,data/pallet/raw_data/outside/capturepalletcad,46,0.6667,0.6208,False,True,day,day,DISTINCT_RECORDING,LIKELY_SAME_SITE
REC_021,REC_045,data/pallet/raw_data/outside/capturepalletcad,data/pallet/raw_data/outside/capturepallet04,46,0.6667,0.5599,False,True,day,day,DISTINCT_RECORDING,LIKELY_SAME_SITE
REC_021,REC_041,data/pallet/raw_data/outside/capturepalletcad,data/pallet/raw_data/outside/capturepallet05,44,0.6377,0.559,False,True,day,day,DISTINCT_RECORDING,LIKELY_SAME_SITE
REC_029,REC_031,data/pallet/raw_data/night/capturenight07,data/pallet/raw_data/capture03,43,0.5309,0.3292,False,True,night,unknown,DISTINCT_RECORDING,LIKELY_SAME_SITE
REC_024,REC_043,data/pallet/raw_data/night/capturenight02,data/pallet/raw_data/wood/selected/20260618_132917,42,0.8936,0.3899,False,False,night,unknown,DISTINCT_RECORDING,LIKELY_SAME_SITE
REC_024,REC_030,data/pallet/raw_data/night/capturenight02,challenge/data/01_real/_live_captures/handheld_20260902/sessions/capture_20260902_kimjihoon,41,0.5325,0.4677,False,True,night,unknown,DISTINCT_RECORDING,LIKELY_SAME_SITE
REC_027,REC_030,data/pallet/raw_data/night/capturenight08,challenge/data/01_real/_live_captures/handheld_20260902/sessions/capture_20260902_kimjihoon,40,0.4651,0.4392,False,True,night,unknown,DISTINCT_RECORDING,LIKELY_SAME_SITE
REC_029,REC_030,data/pallet/raw_data/night/capturenight07,challenge/data/01_real/_live_captures/handheld_20260902/sessions/capture_20260902_kimjihoon,40,0.4124,0.337,False,True,night,unknown,DISTINCT_RECORDING,LIKELY_SAME_SITE
REC_024,REC_040,data/pallet/raw_data/night/capturenight02,data/pallet/raw_data/outside/capturepallet03,37,0.5068,0.4177,False,True,night,day,DISTINCT_RECORDING,LIKELY_SAME_SITE
REC_033,REC_045,data/pallet/raw_data/night/capturenight05,data/pallet/raw_data/outside/capturepallet04,37,0.6066,0.3635,False,True,night,day,DISTINCT_RECORDING,LIKELY_SAME_SITE
REC_024,REC_041,data/pallet/raw_data/night/capturenight02,data/pallet/raw_data/outside/capturepallet05,36,0.4444,0.4575,False,True,night,day,DISTINCT_RECORDING,LIKELY_SAME_SITE
REC_024,REC_045,data/pallet/raw_data/night/capturenight02,data/pallet/raw_data/outside/capturepallet04,36,0.45,0.4501,False,True,night,day,DISTINCT_RECORDING,LIKELY_SAME_SITE
REC_033,REC_044,data/pallet/raw_data/night/capturenight05,data/pallet/raw_data/capture0403noapril,36,0.6316,0.3935,False,True,night,unknown,DISTINCT_RECORDING,LIKELY_SAME_SITE
REC_034,REC_043,data/pallet/raw_data/night/capturenight06,data/pallet/raw_data/wood/selected/20260618_132917,35,0.7778,0.4363,False,False,night,unknown,DISTINCT_RECORDING,LIKELY_SAME_SITE
REC_033,REC_043,data/pallet/raw_data/night/capturenight05,data/pallet/raw_data/wood/selected/20260618_132917,34,0.5667,0.3305,False,False,night,unknown,DISTINCT_RECORDING,LIKELY_SAME_SITE
REC_033,REC_041,data/pallet/raw_data/night/capturenight05,data/pallet/raw_data/outside/capturepallet05,33,0.6226,0.3792,False,True,night,day,DISTINCT_RECORDING,LIKELY_SAME_SITE
REC_022,REC_038,data/pallet/raw_data/night/capturenight09,data/pallet/raw_data/outside/capturepallet02,32,0.8889,0.4386,False,True,night,day,DISTINCT_RECORDING,LIKELY_SAME_SITE
REC_027,REC_043,data/pallet/raw_data/night/capturenight08,data/pallet/raw_data/wood/selected/20260618_132917,32,0.6957,0.2818,False,False,night,unknown,DISTINCT_RECORDING,LIKELY_SAME_SITE
REC_021,REC_028,data/pallet/raw_data/outside/capturepalletcad,data/pallet/raw_data/outside/capturepallet10,31,0.5962,0.4646,False,True,day,day,DISTINCT_RECORDING,LIKELY_SAME_SITE
REC_033,REC_040,data/pallet/raw_data/night/capturenight05,data/pallet/raw_data/outside/capturepallet03,31,0.6458,0.3274,False,True,night,day,DISTINCT_RECORDING,LIKELY_SAME_SITE
REC_022,REC_027,data/pallet/raw_data/night/capturenight09,data/pallet/raw_data/night/capturenight08,30,0.5357,0.8202,False,True,night,night,DISTINCT_RECORDING,LIKELY_SAME_SITE
REC_022,REC_031,data/pallet/raw_data/night/capturenight09,data/pallet/raw_data/capture03,30,0.566,0.2843,False,True,night,unknown,DISTINCT_RECORDING,LIKELY_SAME_SITE
REC_024,REC_031,data/pallet/raw_data/night/capturenight02,data/pallet/raw_data/capture03,29,0.4265,0.3689,False,True,night,unknown,DISTINCT_RECORDING,POSSIBLE_SAME_SITE
REC_012,REC_025,data/pallet/raw_data/outside/capturepallet08,data/pallet/raw_data/outside/capturepallet07,28,0.6829,0.6574,False,True,day,day,DISTINCT_RECORDING,POSSIBLE_SAME_SITE
REC_022,REC_041,data/pallet/raw_data/night/capturenight09,data/pallet/raw_data/outside/capturepallet05,27,0.8182,0.5124,False,True,night,day,DISTINCT_RECORDING,POSSIBLE_SAME_SITE
REC_022,REC_045,data/pallet/raw_data/night/capturenight09,data/pallet/raw_data/outside/capturepallet04,27,0.675,0.5253,False,True,night,day,DISTINCT_RECORDING,POSSIBLE_SAME_SITE
REC_029,REC_043,data/pallet/raw_data/night/capturenight07,data/pallet/raw_data/wood/selected/20260618_132917,27,0.54,0.216,False,False,night,unknown,DISTINCT_RECORDING,POSSIBLE_SAME_SITE
REC_017,REC_023,data/pallet/raw_data/night/capturenight10,data/pallet/raw_data/night/capturenight04,26,0.6842,0.6341,False,True,night,night,DISTINCT_RECORDING,POSSIBLE_SAME_SITE
REC_027,REC_033,data/pallet/raw_data/night/capturenight08,data/pallet/raw_data/night/capturenight05,25,0.4237,0.9113,False,True,night,night,DISTINCT_RECORDING,POSSIBLE_SAME_SITE
REC_005,REC_013,challenge/data/01_real/_live_captures/forklift_v4_20260901/sessions/forklift_v4_173507,challenge/data/01_real/_live_captures/forklift_v4_20260901/sessions/forklift_v4_174925,24,0.4528,0.8957,False,True,unknown,unknown,DISTINCT_RECORDING,POSSIBLE_SAME_SITE
REC_017,REC_043,data/pallet/raw_data/night/capturenight10,data/pallet/raw_data/wood/selected/20260618_132917,23,0.6389,0.3773,False,False,night,unknown,DISTINCT_RECORDING,POSSIBLE_SAME_SITE
REC_017,REC_044,data/pallet/raw_data/night/capturenight10,data/pallet/raw_data/capture0403noapril,23,0.5227,0.2776,False,True,night,unknown,DISTINCT_RECORDING,POSSIBLE_SAME_SITE
REC_022,REC_040,data/pallet/raw_data/night/capturenight09,data/pallet/raw_data/outside/capturepallet03,23,0.575,0.396,False,True,night,day,DISTINCT_RECORDING,POSSIBLE_SAME_SITE
REC_024,REC_034,data/pallet/raw_data/night/capturenight02,data/pallet/raw_data/night/capturenight06,23,0.377,0.9295,False,True,night,night,DISTINCT_RECORDING,POSSIBLE_SAME_SITE
REC_034,REC_044,data/pallet/raw_data/night/capturenight06,data/pallet/raw_data/capture0403noapril,23,0.5897,0.3544,False,True,night,unknown,DISTINCT_RECORDING,POSSIBLE_SAME_SITE
REC_024,REC_044,data/pallet/raw_data/night/capturenight02,data/pallet/raw_data/capture0403noapril,22,0.4681,0.334,False,True,night,unknown,DISTINCT_RECORDING,POSSIBLE_SAME_SITE
REC_008,REC_018,challenge/data/01_real/_live_captures/forklift_v4_20260901/sessions/forklift_v4_174342,data/pallet/raw_data/capture02,21,0.5526,0.4124,False,True,unknown,unknown,DISTINCT_RECORDING,POSSIBLE_SAME_SITE
REC_020,REC_034,data/pallet/raw_data/night/capturenight03,data/pallet/raw_data/night/capturenight06,21,0.4667,0.6576,False,True,night,night,DISTINCT_RECORDING,POSSIBLE_SAME_SITE
REC_024,REC_036,data/pallet/raw_data/night/capturenight02,data/pallet/raw_data/capture0403middle,21,0.4884,0.3588,False,True,night,unknown,DISTINCT_RECORDING,POSSIBLE_SAME_SITE
REC_005,REC_026,challenge/data/01_real/_live_captures/forklift_v4_20260901/sessions/forklift_v4_173507,challenge/data/01_real/_live_captures/forklift_v4_20260901/sessions/forklift_v4_174126,20,0.5714,0.9147,False,True,unknown,unknown,DISTINCT_RECORDING,POSSIBLE_SAME_SITE
REC_017,REC_018,data/pallet/raw_data/night/capturenight10,data/pallet/raw_data/capture02,20,0.4444,0.3488,False,True,night,unknown,DISTINCT_RECORDING,POSSIBLE_SAME_SITE
REC_022,REC_043,data/pallet/raw_data/night/capturenight09,data/pallet/raw_data/wood/selected/20260618_132917,20,0.5882,0.1843,False,False,night,unknown,DISTINCT_RECORDING,POSSIBLE_SAME_SITE
REC_028,REC_031,data/pallet/raw_data/outside/capturepallet10,data/pallet/raw_data/capture03,20,0.6667,0.3716,False,True,day,unknown,DISTINCT_RECORDING,POSSIBLE_SAME_SITE
REC_029,REC_034,data/pallet/raw_data/night/capturenight07,data/pallet/raw_data/night/capturenight06,20,0.6452,0.6294,False,True,night,night,DISTINCT_RECORDING,POSSIBLE_SAME_SITE
REC_034,REC_045,data/pallet/raw_data/night/capturenight06,data/pallet/raw_data/outside/capturepallet04,20,0.4545,0.2497,False,True,night,day,DISTINCT_RECORDING,POSSIBLE_SAME_SITE
REC_019,REC_024,data/pallet/raw_data/night/capturenight01,data/pallet/raw_data/night/capturenight02,19,0.413,0.9189,False,True,night,night,DISTINCT_RECORDING,POSSIBLE_SAME_SITE
REC_022,REC_024,data/pallet/raw_data/night/capturenight09,data/pallet/raw_data/night/capturenight02,19,0.4318,0.7217,False,True,night,night,DISTINCT_RECORDING,POSSIBLE_SAME_SITE
REC_034,REC_038,data/pallet/raw_data/night/capturenight06,data/pallet/raw_data/outside/capturepallet02,19,0.6129,0.2337,False,True,night,day,DISTINCT_RECORDING,POSSIBLE_SAME_SITE
REC_005,REC_008,challenge/data/01_real/_live_captures/forklift_v4_20260901/sessions/forklift_v4_173507,challenge/data/01_real/_live_captures/forklift_v4_20260901/sessions/forklift_v4_174342,18,0.4091,0.9094,False,True,unknown,unknown,DISTINCT_RECORDING,POSSIBLE_SAME_SITE
REC_020,REC_044,data/pallet/raw_data/night/capturenight03,data/pallet/raw_data/capture0403noapril,18,0.5455,0.3963,False,True,night,unknown,DISTINCT_RECORDING,POSSIBLE_SAME_SITE
REC_003,REC_004,challenge/data/01_real/_live_captures/handheld_20260902/sessions/capture_20260902,data/pallet/raw_data/negative_real_20260823,17,0.6538,0.5762,False,True,unknown,unknown,DISTINCT_RECORDING,POSSIBLE_SAME_SITE
REC_019,REC_034,data/pallet/raw_data/night/capturenight01,data/pallet/raw_data/night/capturenight06,17,0.5152,0.8904,False,True,night,night,DISTINCT_RECORDING,POSSIBLE_SAME_SITE
REC_022,REC_023,data/pallet/raw_data/night/capturenight09,data/pallet/raw_data/night/capturenight04,17,0.7083,0.2148,False,True,night,night,DISTINCT_RECORDING,POSSIBLE_SAME_SITE
REC_027,REC_028,data/pallet/raw_data/night/capturenight08,data/pallet/raw_data/outside/capturepallet10,17,0.4146,0.4754,False,True,night,day,DISTINCT_RECORDING,POSSIBLE_SAME_SITE
REC_007,REC_009,data/pallet/raw_data/outside/capturepallet09,data/pallet/raw_data/vdoframes,16,0.6154,0.4689,False,False,day,unknown,DISTINCT_RECORDING,POSSIBLE_SAME_SITE
REC_011,REC_013,data/pallet/raw_data/outside/capturepallet11,challenge/data/01_real/_live_captures/forklift_v4_20260901/sessions/forklift_v4_174925,16,0.6957,0.4704,False,True,day,unknown,DISTINCT_RECORDING,POSSIBLE_SAME_SITE
REC_017,REC_033,data/pallet/raw_data/night/capturenight10,data/pallet/raw_data/night/capturenight05,16,0.5517,0.7767,False,True,night,night,DISTINCT_RECORDING,POSSIBLE_SAME_SITE
REC_020,REC_043,data/pallet/raw_data/night/capturenight03,data/pallet/raw_data/wood/selected/20260618_132917,16,0.4324,0.2405,False,False,night,unknown,DISTINCT_RECORDING,POSSIBLE_SAME_SITE
REC_022,REC_030,data/pallet/raw_data/night/capturenight09,challenge/data/01_real/_live_captures/handheld_20260902/sessions/capture_20260902_kimjihoon,16,0.4571,0.3162,False,True,night,unknown,DISTINCT_RECORDING,POSSIBLE_SAME_SITE
REC_034,REC_040,data/pallet/raw_data/night/capturenight06,data/pallet/raw_data/outside/capturepallet03,16,0.3478,0.2331,False,True,night,day,DISTINCT_RECORDING,POSSIBLE_SAME_SITE
REC_038,REC_044,data/pallet/raw_data/outside/capturepallet02,data/pallet/raw_data/capture0403noapril,16,0.5714,0.3251,False,True,day,unknown,DISTINCT_RECORDING,POSSIBLE_SAME_SITE
REC_001,REC_011,data/evaluation/pallet_eval_v1/incoming/sessions/real_unlabeled_day_20260830,data/pallet/raw_data/outside/capturepallet11,15,0.75,0.7379,False,True,day,day,DISTINCT_RECORDING,POSSIBLE_SAME_SITE
REC_007,REC_025,data/pallet/raw_data/outside/capturepallet09,data/pallet/raw_data/outside/capturepallet07,15,0.5357,0.7063,False,True,day,day,DISTINCT_RECORDING,POSSIBLE_SAME_SITE
REC_015,REC_034,data/pallet/raw_data/outside/forklift_raw_20260528,data/pallet/raw_data/night/capturenight06,15,0.5172,0.3074,False,True,day,night,DISTINCT_RECORDING,POSSIBLE_SAME_SITE
REC_017,REC_031,data/pallet/raw_data/night/capturenight10,data/pallet/raw_data/capture03,15,0.3061,0.3057,False,True,night,unknown,DISTINCT_RECORDING,POSSIBLE_SAME_SITE
REC_027,REC_044,data/pallet/raw_data/night/capturenight08,data/pallet/raw_data/capture0403noapril,15,0.3947,0.3347,False,True,night,unknown,DISTINCT_RECORDING,POSSIBLE_SAME_SITE
REC_034,REC_041,data/pallet/raw_data/night/capturenight06,data/pallet/raw_data/outside/capturepallet05,15,0.3409,0.2343,False,True,night,day,DISTINCT_RECORDING,POSSIBLE_SAME_SITE
REC_007,REC_018,data/pallet/raw_data/outside/capturepallet09,data/pallet/raw_data/capture02,14,0.5185,0.7278,False,True,day,unknown,DISTINCT_RECORDING,POSSIBLE_SAME_SITE
REC_007,REC_021,data/pallet/raw_data/outside/capturepallet09,data/pallet/raw_data/outside/capturepalletcad,14,0.2917,0.8031,False,True,day,day,DISTINCT_RECORDING,POSSIBLE_SAME_SITE
REC_012,REC_017,data/pallet/raw_data/outside/capturepallet08,data/pallet/raw_data/night/capturenight10,14,0.7,0.3054,False,True,day,night,DISTINCT_RECORDING,POSSIBLE_SAME_SITE
REC_017,REC_045,data/pallet/raw_data/night/capturenight10,data/pallet/raw_data/outside/capturepallet04,14,0.2917,0.3113,False,True,night,day,DISTINCT_RECORDING,POSSIBLE_SAME_SITE
REC_020,REC_031,data/pallet/raw_data/night/capturenight03,data/pallet/raw_data/capture03,14,0.4516,0.3812,False,True,night,unknown,DISTINCT_RECORDING,POSSIBLE_SAME_SITE
REC_001,REC_004,data/evaluation/pallet_eval_v1/incoming/sessions/real_unlabeled_day_20260830,data/pallet/raw_data/negative_real_20260823,13,0.3421,0.6696,False,True,day,unknown,DISTINCT_RECORDING,POSSIBLE_SAME_SITE
REC_003,REC_009,challenge/data/01_real/_live_captures/handheld_20260902/sessions/capture_20260902,data/pallet/raw_data/vdoframes,13,0.5417,0.4454,False,False,unknown,unknown,DISTINCT_RECORDING,POSSIBLE_SAME_SITE
REC_003,REC_030,challenge/data/01_real/_live_captures/handheld_20260902/sessions/capture_20260902,challenge/data/01_real/_live_captures/handheld_20260902/sessions/capture_20260902_kimjihoon,13,0.5,0.8947,False,True,unknown,unknown,DISTINCT_RECORDING,POSSIBLE_SAME_SITE
REC_005,REC_044,challenge/data/01_real/_live_captures/forklift_v4_20260901/sessions/forklift_v4_173507,data/pallet/raw_data/capture0403noapril,13,0.5652,0.4101,False,True,unknown,unknown,DISTINCT_RECORDING,POSSIBLE_SAME_SITE
REC_007,REC_030,data/pallet/raw_data/outside/capturepallet09,challenge/data/01_real/_live_captures/handheld_20260902/sessions/capture_20260902_kimjihoon,13,0.52,0.7475,False,True,day,unknown,DISTINCT_RECORDING,POSSIBLE_SAME_SITE
REC_007,REC_031,data/pallet/raw_data/outside/capturepallet09,data/pallet/raw_data/capture03,13,0.3824,0.6309,False,True,day,unknown,DISTINCT_RECORDING,POSSIBLE_SAME_SITE
REC_011,REC_015,data/pallet/raw_data/outside/capturepallet11,data/pallet/raw_data/outside/forklift_raw_20260528,13,0.5,0.4537,False,True,day,day,DISTINCT_RECORDING,POSSIBLE_SAME_SITE
REC_011,REC_025,data/pallet/raw_data/outside/capturepallet11,data/pallet/raw_data/outside/capturepallet07,13,0.5417,0.5294,False,True,day,day,DISTINCT_RECORDING,POSSIBLE_SAME_SITE
REC_011,REC_031,data/pallet/raw_data/outside/capturepallet11,data/pallet/raw_data/capture03,13,0.3095,0.6648,False,True,day,unknown,DISTINCT_RECORDING,POSSIBLE_SAME_SITE
REC_017,REC_038,data/pallet/raw_data/night/capturenight10,data/pallet/raw_data/outside/capturepallet02,13,0.4643,0.301,False,True,night,day,DISTINCT_RECORDING,POSSIBLE_SAME_SITE
REC_019,REC_030,data/pallet/raw_data/night/capturenight01,challenge/data/01_real/_live_captures/handheld_20260902/sessions/capture_20260902_kimjihoon,13,0.5417,0.4326,False,True,night,unknown,DISTINCT_RECORDING,POSSIBLE_SAME_SITE
REC_020,REC_021,data/pallet/raw_data/night/capturenight03,data/pallet/raw_data/outside/capturepalletcad,13,0.65,0.3711,False,True,night,day,DISTINCT_RECORDING,POSSIBLE_SAME_SITE
REC_024,REC_029,data/pallet/raw_data/night/capturenight02,data/pallet/raw_data/night/capturenight07,13,0.5,0.7393,False,True,night,night,DISTINCT_RECORDING,POSSIBLE_SAME_SITE
REC_028,REC_043,data/pallet/raw_data/outside/capturepallet10,data/pallet/raw_data/wood/selected/20260618_132917,13,0.52,0.2267,False,False,day,unknown,DISTINCT_RECORDING,POSSIBLE_SAME_SITE
REC_028,REC_044,data/pallet/raw_data/outside/capturepallet10,data/pallet/raw_data/capture0403noapril,13,0.4815,0.4855,False,True,day,unknown,DISTINCT_RECORDING,POSSIBLE_SAME_SITE
REC_029,REC_044,data/pallet/raw_data/night/capturenight07,data/pallet/raw_data/capture0403noapril,13,0.4194,0.315,False,True,night,unknown,DISTINCT_RECORDING,POSSIBLE_SAME_SITE
REC_001,REC_027,data/evaluation/pallet_eval_v1/incoming/sessions/real_unlabeled_day_20260830,data/pallet/raw_data/night/capturenight08,12,0.6,0.4215,False,True,day,night,DISTINCT_RECORDING,POSSIBLE_SAME_SITE
REC_011,REC_036,data/pallet/raw_data/outside/capturepallet11,data/pallet/raw_data/capture0403middle,12,0.5217,0.5795,False,True,day,unknown,DISTINCT_RECORDING,POSSIBLE_SAME_SITE
REC_012,REC_031,data/pallet/raw_data/outside/capturepallet08,data/pallet/raw_data/capture03,12,0.3871,0.6236,False,True,day,unknown,DISTINCT_RECORDING,POSSIBLE_SAME_SITE
REC_015,REC_031,data/pallet/raw_data/outside/forklift_raw_20260528,data/pallet/raw_data/capture03,12,0.3429,0.5107,False,True,day,unknown,DISTINCT_RECORDING,POSSIBLE_SAME_SITE
REC_015,REC_040,data/pallet/raw_data/outside/forklift_raw_20260528,data/pallet/raw_data/outside/capturepallet03,12,0.5714,0.3477,False,True,day,day,DISTINCT_RECORDING,POSSIBLE_SAME_SITE
REC_015,REC_044,data/pallet/raw_data/outside/forklift_raw_20260528,data/pallet/raw_data/capture0403noapril,12,0.3636,0.5491,False,True,day,unknown,DISTINCT_RECORDING,POSSIBLE_SAME_SITE
REC_017,REC_034,data/pallet/raw_data/night/capturenight10,data/pallet/raw_data/night/capturenight06,12,0.3158,0.7227,False,True,night,night,DISTINCT_RECORDING,POSSIBLE_SAME_SITE
REC_018,REC_031,data/pallet/raw_data/capture02,data/pallet/raw_data/capture03,12,0.5,0.8937,False,True,unknown,unknown,DISTINCT_RECORDING,POSSIBLE_SAME_SITE
REC_020,REC_028,data/pallet/raw_data/night/capturenight03,data/pallet/raw_data/outside/capturepallet10,12,0.6316,0.3945,False,True,night,day,DISTINCT_RECORDING,POSSIBLE_SAME_SITE
REC_020,REC_038,data/pallet/raw_data/night/capturenight03,data/pallet/raw_data/outside/capturepallet02,12,0.7059,0.2712,False,True,night,day,DISTINCT_RECORDING,POSSIBLE_SAME_SITE
REC_022,REC_029,data/pallet/raw_data/night/capturenight09,data/pallet/raw_data/night/capturenight07,12,0.4138,0.9921,False,True,night,night,DISTINCT_RECORDING,POSSIBLE_SAME_SITE
REC_022,REC_033,data/pallet/raw_data/night/capturenight09,data/pallet/raw_data/night/capturenight05,12,0.48,0.8648,False,True,night,night,DISTINCT_RECORDING,POSSIBLE_SAME_SITE
REC_024,REC_027,data/pallet/raw_data/night/capturenight02,data/pallet/raw_data/night/capturenight08,12,0.4444,0.8746,False,True,night,night,DISTINCT_RECORDING,POSSIBLE_SAME_SITE
REC_024,REC_039,data/pallet/raw_data/night/capturenight02,data/pallet/raw_data/wood/_annotate_pallet_20260618_183705,12,0.75,0.2825,False,False,night,unknown,DISTINCT_RECORDING,POSSIBLE_SAME_SITE
REC_025,REC_031,data/pallet/raw_data/outside/capturepallet07,data/pallet/raw_data/capture03,12,0.4286,0.5613,False,True,day,unknown,DISTINCT_RECORDING,POSSIBLE_SAME_SITE
REC_027,REC_034,data/pallet/raw_data/night/capturenight08,data/pallet/raw_data/night/capturenight06,12,0.3636,0.7526,False,True,night,night,DISTINCT_RECORDING,POSSIBLE_SAME_SITE
REC_030,REC_039,challenge/data/01_real/_live_captures/handheld_20260902/sessions/capture_20260902_kimjihoon,data/pallet/raw_data/wood/_annotate_pallet_20260618_183705,12,0.6316,0.3521,False,False,unknown,unknown,DISTINCT_RECORDING,POSSIBLE_SAME_SITE
REC_030,REC_044,challenge/data/01_real/_live_captures/handheld_20260902/sessions/capture_20260902_kimjihoon,data/pallet/raw_data/capture0403noapril,12,0.1967,0.6421,False,True,unknown,unknown,DISTINCT_RECORDING,POSSIBLE_SAME_SITE
REC_040,REC_044,data/pallet/raw_data/outside/capturepallet03,data/pallet/raw_data/capture0403noapril,12,0.4286,0.2886,False,True,day,unknown,DISTINCT_RECORDING,POSSIBLE_SAME_SITE
REC_001,REC_041,data/evaluation/pallet_eval_v1/incoming/sessions/real_unlabeled_day_20260830,data/pallet/raw_data/outside/capturepallet05,11,0.6471,0.2557,False,True,day,day,DISTINCT_RECORDING,POSSIBLE_SAME_SITE
REC_002,REC_031,data/evaluation/pallet_eval_v1/incoming/sessions/real_unlabeled_night_20260830,data/pallet/raw_data/capture03,11,0.5,0.6077,False,True,night,unknown,DISTINCT_RECORDING,POSSIBLE_SAME_SITE
REC_005,REC_018,challenge/data/01_real/_live_captures/forklift_v4_20260901/sessions/forklift_v4_173507,data/pallet/raw_data/capture02,11,0.5238,0.3537,False,True,unknown,unknown,DISTINCT_RECORDING,POSSIBLE_SAME_SITE
REC_007,REC_013,data/pallet/raw_data/outside/capturepallet09,challenge/data/01_real/_live_captures/forklift_v4_20260901/sessions/forklift_v4_174925,11,0.44,0.4904,False,True,day,unknown,DISTINCT_RECORDING,POSSIBLE_SAME_SITE
REC_008,REC_011,challenge/data/01_real/_live_captures/forklift_v4_20260901/sessions/forklift_v4_174342,data/pallet/raw_data/outside/capturepallet11,11,0.5789,0.4803,False,True,unknown,day,DISTINCT_RECORDING,POSSIBLE_SAME_SITE
REC_009,REC_018,data/pallet/raw_data/vdoframes,data/pallet/raw_data/capture02,11,0.4231,0.4827,False,False,unknown,unknown,DISTINCT_RECORDING,POSSIBLE_SAME_SITE
REC_009,REC_026,data/pallet/raw_data/vdoframes,challenge/data/01_real/_live_captures/forklift_v4_20260901/sessions/forklift_v4_174126,11,0.5238,0.4428,False,False,unknown,unknown,DISTINCT_RECORDING,POSSIBLE_SAME_SITE
REC_009,REC_036,data/pallet/raw_data/vdoframes,data/pallet/raw_data/capture0403middle,11,0.5,0.4281,False,False,unknown,unknown,DISTINCT_RECORDING,POSSIBLE_SAME_SITE
REC_011,REC_014,data/pallet/raw_data/outside/capturepallet11,data/pallet/raw_data/real_data,11,0.3793,0.5715,False,True,day,unknown,DISTINCT_RECORDING,POSSIBLE_SAME_SITE
REC_011,REC_018,data/pallet/raw_data/outside/capturepallet11,data/pallet/raw_data/capture02,11,0.3793,0.7091,False,True,day,unknown,DISTINCT_RECORDING,POSSIBLE_SAME_SITE
REC_011,REC_023,data/pallet/raw_data/outside/capturepallet11,data/pallet/raw_data/night/capturenight04,11,0.7857,0.3803,False,True,day,night,DISTINCT_RECORDING,POSSIBLE_SAME_SITE
REC_012,REC_026,data/pallet/raw_data/outside/capturepallet08,challenge/data/01_real/_live_captures/forklift_v4_20260901/sessions/forklift_v4_174126,11,0.55,0.5705,False,True,day,unknown,DISTINCT_RECORDING,POSSIBLE_SAME_SITE
REC_014,REC_044,data/pallet/raw_data/real_data,data/pallet/raw_data/capture0403noapril,11,0.4583,0.412,False,True,unknown,unknown,DISTINCT_RECORDING,POSSIBLE_SAME_SITE
REC_017,REC_019,data/pallet/raw_data/night/capturenight10,data/pallet/raw_data/night/capturenight01,11,0.5,0.823,False,True,night,night,DISTINCT_RECORDING,POSSIBLE_SAME_SITE
REC_017,REC_026,data/pallet/raw_data/night/capturenight10,challenge/data/01_real/_live_captures/forklift_v4_20260901/sessions/forklift_v4_174126,11,0.44,0.2145,False,True,night,unknown,DISTINCT_RECORDING,POSSIBLE_SAME_SITE
REC_017,REC_040,data/pallet/raw_data/night/capturenight10,data/pallet/raw_data/outside/capturepallet03,11,0.3667,0.2941,False,True,night,day,DISTINCT_RECORDING,POSSIBLE_SAME_SITE
REC_017,REC_041,data/pallet/raw_data/night/capturenight10,data/pallet/raw_data/outside/capturepallet05,11,0.6111,0.3113,False,True,night,day,DISTINCT_RECORDING,POSSIBLE_SAME_SITE
REC_020,REC_022,data/pallet/raw_data/night/capturenight03,data/pallet/raw_data/night/capturenight09,11,0.5,0.6443,False,True,night,night,DISTINCT_RECORDING,POSSIBLE_SAME_SITE
REC_020,REC_041,data/pallet/raw_data/night/capturenight03,data/pallet/raw_data/outside/capturepallet05,11,0.3929,0.2666,False,True,night,day,DISTINCT_RECORDING,POSSIBLE_SAME_SITE
REC_020,REC_045,data/pallet/raw_data/night/capturenight03,data/pallet/raw_data/outside/capturepallet04,11,0.6111,0.2628,False,True,night,day,DISTINCT_RECORDING,POSSIBLE_SAME_SITE
REC_022,REC_044,data/pallet/raw_data/night/capturenight09,data/pallet/raw_data/capture0403noapril,11,0.5,0.2702,False,True,night,unknown,DISTINCT_RECORDING,POSSIBLE_SAME_SITE
REC_024,REC_025,data/pallet/raw_data/night/capturenight02,data/pallet/raw_data/outside/capturepallet07,11,0.4783,0.4915,False,True,night,day,DISTINCT_RECORDING,POSSIBLE_SAME_SITE
REC_024,REC_026,data/pallet/raw_data/night/capturenight02,challenge/data/01_real/_live_captures/forklift_v4_20260901/sessions/forklift_v4_174126,11,0.5789,0.381,False,True,night,unknown,DISTINCT_RECORDING,POSSIBLE_SAME_SITE
REC_024,REC_033,data/pallet/raw_data/night/capturenight02,data/pallet/raw_data/night/capturenight05,11,0.4231,0.8421,False,True,night,night,DISTINCT_RECORDING,POSSIBLE_SAME_SITE
REC_029,REC_036,data/pallet/raw_data/night/capturenight07,data/pallet/raw_data/capture0403middle,11,0.3235,0.3192,False,True,night,unknown,DISTINCT_RECORDING,POSSIBLE_SAME_SITE
REC_033,REC_034,data/pallet/raw_data/night/capturenight05,data/pallet/raw_data/night/capturenight06,11,0.44,0.8372,False,True,night,night,DISTINCT_RECORDING,POSSIBLE_SAME_SITE
REC_041,REC_043,data/pallet/raw_data/outside/capturepallet05,data/pallet/raw_data/wood/selected/20260618_132917,11,0.4074,0.2108,False,False,day,unknown,DISTINCT_RECORDING,POSSIBLE_SAME_SITE
REC_001,REC_015,data/evaluation/pallet_eval_v1/incoming/sessions/real_unlabeled_day_20260830,data/pallet/raw_data/outside/forklift_raw_20260528,10,0.5263,0.3593,False,True,day,day,DISTINCT_RECORDING,POSSIBLE_SAME_SITE
REC_001,REC_018,data/evaluation/pallet_eval_v1/incoming/sessions/real_unlabeled_day_20260830,data/pallet/raw_data/capture02,10,0.5556,0.8625,False,True,day,unknown,DISTINCT_RECORDING,POSSIBLE_SAME_SITE
REC_002,REC_005,data/evaluation/pallet_eval_v1/incoming/sessions/real_unlabeled_night_20260830,challenge/data/01_real/_live_captures/forklift_v4_20260901/sessions/forklift_v4_173507,10,0.5882,0.4292,False,True,night,unknown,DISTINCT_RECORDING,POSSIBLE_SAME_SITE
REC_002,REC_023,data/evaluation/pallet_eval_v1/incoming/sessions/real_unlabeled_night_20260830,data/pallet/raw_data/night/capturenight04,10,0.6667,0.7957,False,True,night,night,DISTINCT_RECORDING,POSSIBLE_SAME_SITE
REC_002,REC_034,data/evaluation/pallet_eval_v1/incoming/sessions/real_unlabeled_night_20260830,data/pallet/raw_data/night/capturenight06,10,0.6667,0.7538,False,True,night,night,DISTINCT_RECORDING,POSSIBLE_SAME_SITE
REC_003,REC_014,challenge/data/01_real/_live_captures/handheld_20260902/sessions/capture_20260902,data/pallet/raw_data/real_data,10,0.4545,0.578,False,True,unknown,unknown,DISTINCT_RECORDING,POSSIBLE_SAME_SITE
REC_005,REC_030,challenge/data/01_real/_live_captures/forklift_v4_20260901/sessions/forklift_v4_173507,challenge/data/01_real/_live_captures/handheld_20260902/sessions/capture_20260902_kimjihoon,10,0.625,0.4986,False,True,unknown,unknown,DISTINCT_RECORDING,POSSIBLE_SAME_SITE
REC_007,REC_034,data/pallet/raw_data/outside/capturepallet09,data/pallet/raw_data/night/capturenight06,10,0.5,0.5099,False,True,day,night,DISTINCT_RECORDING,POSSIBLE_SAME_SITE
REC_007,REC_043,data/pallet/raw_data/outside/capturepallet09,data/pallet/raw_data/wood/selected/20260618_132917,10,0.5263,0.6234,False,False,day,unknown,DISTINCT_RECORDING,POSSIBLE_SAME_SITE
REC_009,REC_013,data/pallet/raw_data/vdoframes,challenge/data/01_real/_live_captures/forklift_v4_20260901/sessions/forklift_v4_174925,10,0.5,0.5892,False,False,unknown,unknown,DISTINCT_RECORDING,POSSIBLE_SAME_SITE
REC_011,REC_043,data/pallet/raw_data/outside/capturepallet11,data/pallet/raw_data/wood/selected/20260618_132917,10,0.4,0.6056,False,False,day,unknown,DISTINCT_RECORDING,POSSIBLE_SAME_SITE
REC_012,REC_013,data/pallet/raw_data/outside/capturepallet08,challenge/data/01_real/_live_captures/forklift_v4_20260901/sessions/forklift_v4_174925,10,0.4348,0.564,False,True,day,unknown,DISTINCT_RECORDING,POSSIBLE_SAME_SITE
REC_012,REC_018,data/pallet/raw_data/outside/capturepallet08,data/pallet/raw_data/capture02,10,0.5263,0.6124,False,True,day,unknown,DISTINCT_RECORDING,POSSIBLE_SAME_SITE
REC_013,REC_018,challenge/data/01_real/_live_captures/forklift_v4_20260901/sessions/forklift_v4_174925,data/pallet/raw_data/capture02,10,0.4762,0.4936,False,True,unknown,unknown,DISTINCT_RECORDING,POSSIBLE_SAME_SITE
REC_013,REC_030,challenge/data/01_real/_live_captures/forklift_v4_20260901/sessions/forklift_v4_174925,challenge/data/01_real/_live_captures/handheld_20260902/sessions/capture_20260902_kimjihoon,10,0.3846,0.6193,False,True,unknown,unknown,DISTINCT_RECORDING,POSSIBLE_SAME_SITE
REC_014,REC_031,data/pallet/raw_data/real_data,data/pallet/raw_data/capture03,10,0.6667,0.498,False,True,unknown,unknown,DISTINCT_RECORDING,POSSIBLE_SAME_SITE
REC_015,REC_018,data/pallet/raw_data/outside/forklift_raw_20260528,data/pallet/raw_data/capture02,10,0.3571,0.4434,False,True,day,unknown,DISTINCT_RECORDING,POSSIBLE_SAME_SITE
REC_015,REC_022,data/pallet/raw_data/outside/forklift_raw_20260528,data/pallet/raw_data/night/capturenight09,10,0.5,0.3033,False,True,day,night,DISTINCT_RECORDING,POSSIBLE_SAME_SITE
REC_015,REC_029,data/pallet/raw_data/outside/forklift_raw_20260528,data/pallet/raw_data/night/capturenight07,10,0.5882,0.3049,False,True,day,night,DISTINCT_RECORDING,POSSIBLE_SAME_SITE
REC_015,REC_030,data/pallet/raw_data/outside/forklift_raw_20260528,challenge/data/01_real/_live_captures/handheld_20260902/sessions/capture_20260902_kimjihoon,10,0.4348,0.4121,False,True,day,unknown,DISTINCT_RECORDING,POSSIBLE_SAME_SITE
REC_015,REC_039,data/pallet/raw_data/outside/forklift_raw_20260528,data/pallet/raw_data/wood/_annotate_pallet_20260618_183705,10,0.4,0.4229,False,False,day,unknown,DISTINCT_RECORDING,POSSIBLE_SAME_SITE
REC_015,REC_043,data/pallet/raw_data/outside/forklift_raw_20260528,data/pallet/raw_data/wood/selected/20260618_132917,10,0.3571,0.4948,False,False,day,unknown,DISTINCT_RECORDING,POSSIBLE_SAME_SITE
REC_017,REC_030,data/pallet/raw_data/night/capturenight10,challenge/data/01_real/_live_captures/handheld_20260902/sessions/capture_20260902_kimjihoon,10,0.3571,0.2767,False,True,night,unknown,DISTINCT_RECORDING,POSSIBLE_SAME_SITE
REC_019,REC_029,data/pallet/raw_data/night/capturenight01,data/pallet/raw_data/night/capturenight07,10,0.625,0.811,False,True,night,night,DISTINCT_RECORDING,POSSIBLE_SAME_SITE
REC_019,REC_043,data/pallet/raw_data/night/capturenight01,data/pallet/raw_data/wood/selected/20260618_132917,10,0.6667,0.3696,False,False,night,unknown,DISTINCT_RECORDING,POSSIBLE_SAME_SITE
REC_020,REC_027,data/pallet/raw_data/night/capturenight03,data/pallet/raw_data/night/capturenight08,10,0.5,0.5877,False,True,night,night,DISTINCT_RECORDING,POSSIBLE_SAME_SITE
REC_020,REC_039,data/pallet/raw_data/night/capturenight03,data/pallet/raw_data/wood/_annotate_pallet_20260618_183705,10,0.7143,0.4585,False,False,night,unknown,DISTINCT_RECORDING,POSSIBLE_SAME_SITE
REC_022,REC_026,data/pallet/raw_data/night/capturenight09,challenge/data/01_real/_live_captures/forklift_v4_20260901/sessions/forklift_v4_174126,10,0.7692,0.3,False,True,night,unknown,DISTINCT_RECORDING,POSSIBLE_SAME_SITE
REC_022,REC_034,data/pallet/raw_data/night/capturenight09,data/pallet/raw_data/night/capturenight06,10,0.3226,0.6706,False,True,night,night,DISTINCT_RECORDING,POSSIBLE_SAME_SITE
REC_024,REC_028,data/pallet/raw_data/night/capturenight02,data/pallet/raw_data/outside/capturepallet10,10,0.2857,0.4785,False,True,night,day,DISTINCT_RECORDING,POSSIBLE_SAME_SITE
REC_025,REC_026,data/pallet/raw_data/outside/capturepallet07,challenge/data/01_real/_live_captures/forklift_v4_20260901/sessions/forklift_v4_174126,10,0.4762,0.51,False,True,day,unknown,DISTINCT_RECORDING,POSSIBLE_SAME_SITE
REC_027,REC_036,data/pallet/raw_data/night/capturenight08,data/pallet/raw_data/capture0403middle,10,0.4,0.3458,False,True,night,unknown,DISTINCT_RECORDING,POSSIBLE_SAME_SITE
REC_027,REC_039,data/pallet/raw_data/night/capturenight08,data/pallet/raw_data/wood/_annotate_pallet_20260618_183705,10,0.4167,0.2992,False,False,night,unknown,DISTINCT_RECORDING,POSSIBLE_SAME_SITE
REC_028,REC_030,data/pallet/raw_data/outside/capturepallet10,challenge/data/01_real/_live_captures/handheld_20260902/sessions/capture_20260902_kimjihoon,10,0.3571,0.348,False,True,day,unknown,DISTINCT_RECORDING,POSSIBLE_SAME_SITE
REC_028,REC_033,data/pallet/raw_data/outside/capturepallet10,data/pallet/raw_data/night/capturenight05,10,0.625,0.3552,False,True,day,night,DISTINCT_RECORDING,POSSIBLE_SAME_SITE
REC_028,REC_039,data/pallet/raw_data/outside/capturepallet10,data/pallet/raw_data/wood/_annotate_pallet_20260618_183705,10,0.5556,0.4263,False,False,day,unknown,DISTINCT_RECORDING,POSSIBLE_SAME_SITE
REC_031,REC_036,data/pallet/raw_data/capture03,data/pallet/raw_data/capture0403middle,10,0.3333,0.9185,False,True,unknown,unknown,DISTINCT_RECORDING,POSSIBLE_SAME_SITE
REC_040,REC_043,data/pallet/raw_data/outside/capturepallet03,data/pallet/raw_data/wood/selected/20260618_132917,10,0.5,0.1924,False,False,day,unknown,DISTINCT_RECORDING,POSSIBLE_SAME_SITE
REC_001,REC_026,data/evaluation/pallet_eval_v1/incoming/sessions/real_unlabeled_day_20260830,challenge/data/01_real/_live_captures/forklift_v4_20260901/sessions/forklift_v4_174126,9,0.6,0.3672,False,True,day,unknown,DISTINCT_RECORDING,POSSIBLE_SAME_SITE
REC_001,REC_031,data/evaluation/pallet_eval_v1/incoming/sessions/real_unlabeled_day_20260830,data/pallet/raw_data/capture03,9,0.6923,0.6702,False,True,day,unknown,DISTINCT_RECORDING,POSSIBLE_SAME_SITE
REC_004,REC_018,data/pallet/raw_data/negative_real_20260823,data/pallet/raw_data/capture02,9,0.4737,0.5922,False,True,unknown,unknown,DISTINCT_RECORDING,POSSIBLE_SAME_SITE
REC_005,REC_043,challenge/data/01_real/_live_captures/forklift_v4_20260901/sessions/forklift_v4_173507,data/pallet/raw_data/wood/selected/20260618_132917,9,0.6429,0.3523,False,False,unknown,unknown,DISTINCT_RECORDING,POSSIBLE_SAME_SITE
REC_009,REC_017,data/pallet/raw_data/vdoframes,data/pallet/raw_data/night/capturenight10,9,0.5,0.313,False,False,unknown,night,DISTINCT_RECORDING,POSSIBLE_SAME_SITE
REC_009,REC_029,data/pallet/raw_data/vdoframes,data/pallet/raw_data/night/capturenight07,9,0.6923,0.2498,False,False,unknown,night,DISTINCT_RECORDING,POSSIBLE_SAME_SITE
REC_009,REC_031,data/pallet/raw_data/vdoframes,data/pallet/raw_data/capture03,9,0.36,0.4956,False,False,unknown,unknown,DISTINCT_RECORDING,POSSIBLE_SAME_SITE
REC_011,REC_044,data/pallet/raw_data/outside/capturepallet11,data/pallet/raw_data/capture0403noapril,9,0.4737,0.6103,False,True,day,unknown,DISTINCT_RECORDING,POSSIBLE_SAME_SITE
REC_012,REC_015,data/pallet/raw_data/outside/capturepallet08,data/pallet/raw_data/outside/forklift_raw_20260528,9,0.45,0.5305,False,True,day,day,DISTINCT_RECORDING,POSSIBLE_SAME_SITE
REC_012,REC_039,data/pallet/raw_data/outside/capturepallet08,data/pallet/raw_data/wood/_annotate_pallet_20260618_183705,9,0.6923,0.5729,False,False,day,unknown,DISTINCT_RECORDING,POSSIBLE_SAME_SITE
REC_012,REC_044,data/pallet/raw_data/outside/capturepallet08,data/pallet/raw_data/capture0403noapril,9,0.375,0.7151,False,True,day,unknown,DISTINCT_RECORDING,POSSIBLE_SAME_SITE
REC_015,REC_038,data/pallet/raw_data/outside/forklift_raw_20260528,data/pallet/raw_data/outside/capturepallet02,9,0.45,0.4087,False,True,day,day,DISTINCT_RECORDING,POSSIBLE_SAME_SITE
REC_017,REC_022,data/pallet/raw_data/night/capturenight10,data/pallet/raw_data/night/capturenight09,9,0.5625,0.694,False,True,night,night,DISTINCT_RECORDING,POSSIBLE_SAME_SITE
REC_017,REC_036,data/pallet/raw_data/night/capturenight10,data/pallet/raw_data/capture0403middle,9,0.45,0.2818,False,True,night,unknown,DISTINCT_RECORDING,POSSIBLE_SAME_SITE
REC_019,REC_021,data/pallet/raw_data/night/capturenight01,data/pallet/raw_data/outside/capturepalletcad,9,0.6923,0.3636,False,True,night,day,DISTINCT_RECORDING,POSSIBLE_SAME_SITE
REC_019,REC_026,data/pallet/raw_data/night/capturenight01,challenge/data/01_real/_live_captures/forklift_v4_20260901/sessions/forklift_v4_174126,9,0.4737,0.3202,False,True,night,unknown,DISTINCT_RECORDING,POSSIBLE_SAME_SITE
REC_019,REC_045,data/pallet/raw_data/night/capturenight01,data/pallet/raw_data/outside/capturepallet04,9,0.4737,0.3321,False,True,night,day,DISTINCT_RECORDING,POSSIBLE_SAME_SITE
REC_020,REC_030,data/pallet/raw_data/night/capturenight03,challenge/data/01_real/_live_captures/handheld_20260902/sessions/capture_20260902_kimjihoon,9,0.3913,0.3051,False,True,night,unknown,DISTINCT_RECORDING,POSSIBLE_SAME_SITE
REC_022,REC_028,data/pallet/raw_data/night/capturenight09,data/pallet/raw_data/outside/capturepallet10,9,0.3214,0.4368,False,True,night,day,DISTINCT_RECORDING,POSSIBLE_SAME_SITE
REC_022,REC_039,data/pallet/raw_data/night/capturenight09,data/pallet/raw_data/wood/_annotate_pallet_20260618_183705,9,0.5294,0.2585,False,False,night,unknown,DISTINCT_RECORDING,POSSIBLE_SAME_SITE
REC_025,REC_034,data/pallet/raw_data/outside/capturepallet07,data/pallet/raw_data/night/capturenight06,9,0.375,0.4462,False,True,day,night,DISTINCT_RECORDING,POSSIBLE_SAME_SITE
REC_025,REC_041,data/pallet/raw_data/outside/capturepallet07,data/pallet/raw_data/outside/capturepallet05,9,0.3913,0.799,False,True,day,day,DISTINCT_RECORDING,POSSIBLE_SAME_SITE
REC_025,REC_045,data/pallet/raw_data/outside/capturepallet07,data/pallet/raw_data/outside/capturepallet04,9,0.5,0.7924,False,True,day,day,DISTINCT_RECORDING,POSSIBLE_SAME_SITE
REC_028,REC_036,data/pallet/raw_data/outside/capturepallet10,data/pallet/raw_data/capture0403middle,9,0.6,0.2753,False,True,day,unknown,DISTINCT_RECORDING,POSSIBLE_SAME_SITE
REC_029,REC_039,data/pallet/raw_data/night/capturenight07,data/pallet/raw_data/wood/_annotate_pallet_20260618_183705,9,0.5625,0.2606,False,False,night,unknown,DISTINCT_RECORDING,POSSIBLE_SAME_SITE
REC_038,REC_043,data/pallet/raw_data/outside/capturepallet02,data/pallet/raw_data/wood/selected/20260618_132917,9,0.45,0.2005,False,False,day,unknown,DISTINCT_RECORDING,POSSIBLE_SAME_SITE
REC_001,REC_039,data/evaluation/pallet_eval_v1/incoming/sessions/real_unlabeled_day_20260830,data/pallet/raw_data/wood/_annotate_pallet_20260618_183705,8,0.5,0.3001,False,False,day,unknown,DISTINCT_RECORDING,POSSIBLE_SAME_SITE
REC_001,REC_043,data/evaluation/pallet_eval_v1/incoming/sessions/real_unlabeled_day_20260830,data/pallet/raw_data/wood/selected/20260618_132917,8,0.4706,0.7449,False,False,day,unknown,DISTINCT_RECORDING,POSSIBLE_SAME_SITE
REC_002,REC_004,data/evaluation/pallet_eval_v1/incoming/sessions/real_unlabeled_night_20260830,data/pallet/raw_data/negative_real_20260823,8,0.2963,0.5084,False,True,night,unknown,DISTINCT_RECORDING,POSSIBLE_SAME_SITE
REC_002,REC_013,data/evaluation/pallet_eval_v1/incoming/sessions/real_unlabeled_night_20260830,challenge/data/01_real/_live_captures/forklift_v4_20260901/sessions/forklift_v4_174925,8,0.5714,0.4795,False,True,night,unknown,DISTINCT_RECORDING,POSSIBLE_SAME_SITE
REC_002,REC_014,data/evaluation/pallet_eval_v1/incoming/sessions/real_unlabeled_night_20260830,data/pallet/raw_data/real_data,8,0.5,0.3588,False,True,night,unknown,DISTINCT_RECORDING,POSSIBLE_SAME_SITE
REC_003,REC_012,challenge/data/01_real/_live_captures/handheld_20260902/sessions/capture_20260902,data/pallet/raw_data/outside/capturepallet08,8,0.6667,0.5244,False,True,unknown,day,DISTINCT_RECORDING,POSSIBLE_SAME_SITE
REC_003,REC_039,challenge/data/01_real/_live_captures/handheld_20260902/sessions/capture_20260902,data/pallet/raw_data/wood/_annotate_pallet_20260618_183705,8,0.2424,0.4608,False,False,unknown,unknown,DISTINCT_RECORDING,POSSIBLE_SAME_SITE
REC_004,REC_031,data/pallet/raw_data/negative_real_20260823,data/pallet/raw_data/capture03,8,0.4444,0.7658,False,True,unknown,unknown,DISTINCT_RECORDING,POSSIBLE_SAME_SITE
REC_004,REC_036,data/pallet/raw_data/negative_real_20260823,data/pallet/raw_data/capture0403middle,8,0.6154,0.5412,False,True,unknown,unknown,DISTINCT_RECORDING,POSSIBLE_SAME_SITE
REC_005,REC_009,challenge/data/01_real/_live_captures/forklift_v4_20260901/sessions/forklift_v4_173507,data/pallet/raw_data/vdoframes,8,0.4444,0.4379,False,False,unknown,unknown,DISTINCT_RECORDING,POSSIBLE_SAME_SITE
REC_005,REC_039,challenge/data/01_real/_live_captures/forklift_v4_20260901/sessions/forklift_v4_173507,data/pallet/raw_data/wood/_annotate_pallet_20260618_183705,8,0.5714,0.4466,False,False,unknown,unknown,DISTINCT_RECORDING,POSSIBLE_SAME_SITE
REC_007,REC_015,data/pallet/raw_data/outside/capturepallet09,data/pallet/raw_data/outside/forklift_raw_20260528,8,0.6154,0.4323,False,True,day,day,DISTINCT_RECORDING,POSSIBLE_SAME_SITE
REC_007,REC_026,data/pallet/raw_data/outside/capturepallet09,challenge/data/01_real/_live_captures/forklift_v4_20260901/sessions/forklift_v4_174126,8,0.5333,0.5203,False,True,day,unknown,DISTINCT_RECORDING,POSSIBLE_SAME_SITE
REC_008,REC_019,challenge/data/01_real/_live_captures/forklift_v4_20260901/sessions/forklift_v4_174342,data/pallet/raw_data/night/capturenight01,8,0.5714,0.3383,False,True,unknown,night,DISTINCT_RECORDING,POSSIBLE_SAME_SITE
REC_008,REC_031,challenge/data/01_real/_live_captures/forklift_v4_20260901/sessions/forklift_v4_174342,data/pallet/raw_data/capture03,8,0.4,0.6141,False,True,unknown,unknown,DISTINCT_RECORDING,POSSIBLE_SAME_SITE
REC_009,REC_014,data/pallet/raw_data/vdoframes,data/pallet/raw_data/real_data,8,0.381,0.625,False,False,unknown,unknown,DISTINCT_RECORDING,POSSIBLE_SAME_SITE
REC_009,REC_019,data/pallet/raw_data/vdoframes,data/pallet/raw_data/night/capturenight01,8,0.4444,0.3369,False,False,unknown,night,DISTINCT_RECORDING,POSSIBLE_SAME_SITE
REC_009,REC_024,data/pallet/raw_data/vdoframes,data/pallet/raw_data/night/capturenight02,8,0.5333,0.3256,False,False,unknown,night,DISTINCT_RECORDING,POSSIBLE_SAME_SITE
REC_009,REC_039,data/pallet/raw_data/vdoframes,data/pallet/raw_data/wood/_annotate_pallet_20260618_183705,8,0.6154,0.3795,False,True,unknown,unknown,DISTINCT_RECORDING,POSSIBLE_SAME_SITE
REC_009,REC_043,data/pallet/raw_data/vdoframes,data/pallet/raw_data/wood/selected/20260618_132917,8,0.3636,0.8328,False,False,unknown,unknown,DISTINCT_RECORDING,POSSIBLE_SAME_SITE
REC_009,REC_044,data/pallet/raw_data/vdoframes,data/pallet/raw_data/capture0403noapril,8,0.5,0.3965,False,False,unknown,unknown,DISTINCT_RECORDING,POSSIBLE_SAME_SITE
REC_011,REC_024,data/pallet/raw_data/outside/capturepallet11,data/pallet/raw_data/night/capturenight02,8,0.5714,0.4805,False,True,day,night,DISTINCT_RECORDING,POSSIBLE_SAME_SITE
REC_011,REC_030,data/pallet/raw_data/outside/capturepallet11,challenge/data/01_real/_live_captures/handheld_20260902/sessions/capture_20260902_kimjihoon,8,0.4706,0.6012,False,True,day,unknown,DISTINCT_RECORDING,POSSIBLE_SAME_SITE
REC_011,REC_039,data/pallet/raw_data/outside/capturepallet11,data/pallet/raw_data/wood/_annotate_pallet_20260618_183705,8,0.5333,0.5196,False,False,day,unknown,DISTINCT_RECORDING,POSSIBLE_SAME_SITE
REC_012,REC_014,data/pallet/raw_data/outside/capturepallet08,data/pallet/raw_data/real_data,8,0.32,0.6087,False,True,day,unknown,DISTINCT_RECORDING,POSSIBLE_SAME_SITE
REC_012,REC_036,data/pallet/raw_data/outside/capturepallet08,data/pallet/raw_data/capture0403middle,8,0.381,0.519,False,True,day,unknown,DISTINCT_RECORDING,POSSIBLE_SAME_SITE
REC_012,REC_043,data/pallet/raw_data/outside/capturepallet08,data/pallet/raw_data/wood/selected/20260618_132917,8,0.4,0.4697,False,False,day,unknown,DISTINCT_RECORDING,POSSIBLE_SAME_SITE
REC_013,REC_014,challenge/data/01_real/_live_captures/forklift_v4_20260901/sessions/forklift_v4_174925,data/pallet/raw_data/real_data,8,0.4444,0.5795,False,True,unknown,unknown,DISTINCT_RECORDING,POSSIBLE_SAME_SITE
REC_013,REC_031,challenge/data/01_real/_live_captures/forklift_v4_20260901/sessions/forklift_v4_174925,data/pallet/raw_data/capture03,8,0.4706,0.5739,False,True,unknown,unknown,DISTINCT_RECORDING,POSSIBLE_SAME_SITE
REC_014,REC_018,data/pallet/raw_data/real_data,data/pallet/raw_data/capture02,8,0.5714,0.4585,False,True,unknown,unknown,DISTINCT_RECORDING,POSSIBLE_SAME_SITE
REC_014,REC_030,data/pallet/raw_data/real_data,challenge/data/01_real/_live_captures/handheld_20260902/sessions/capture_20260902_kimjihoon,8,0.4,0.6109,False,True,unknown,unknown,DISTINCT_RECORDING,POSSIBLE_SAME_SITE
REC_014,REC_043,data/pallet/raw_data/real_data,data/pallet/raw_data/wood/selected/20260618_132917,8,0.381,0.6045,False,False,unknown,unknown,DISTINCT_RECORDING,POSSIBLE_SAME_SITE
REC_017,REC_021,data/pallet/raw_data/night/capturenight10,data/pallet/raw_data/outside/capturepalletcad,8,0.4706,0.2749,False,True,night,day,DISTINCT_RECORDING,POSSIBLE_SAME_SITE
REC_017,REC_024,data/pallet/raw_data/night/capturenight10,data/pallet/raw_data/night/capturenight02,8,0.4,0.7896,False,True,night,night,DISTINCT_RECORDING,POSSIBLE_SAME_SITE
REC_017,REC_025,data/pallet/raw_data/night/capturenight10,data/pallet/raw_data/outside/capturepallet07,8,0.2222,0.4567,False,True,night,day,DISTINCT_RECORDING,POSSIBLE_SAME_SITE
REC_017,REC_027,data/pallet/raw_data/night/capturenight10,data/pallet/raw_data/night/capturenight08,8,0.4706,0.7341,False,True,night,night,DISTINCT_RECORDING,POSSIBLE_SAME_SITE
REC_019,REC_031,data/pallet/raw_data/night/capturenight01,data/pallet/raw_data/capture03,8,0.5333,0.431,False,True,night,unknown,DISTINCT_RECORDING,POSSIBLE_SAME_SITE
REC_019,REC_044,data/pallet/raw_data/night/capturenight01,data/pallet/raw_data/capture0403noapril,8,0.3333,0.3822,False,True,night,unknown,DISTINCT_RECORDING,POSSIBLE_SAME_SITE
REC_020,REC_029,data/pallet/raw_data/night/capturenight03,data/pallet/raw_data/night/capturenight07,8,0.6667,0.6753,False,True,night,night,DISTINCT_RECORDING,POSSIBLE_SAME_SITE
REC_020,REC_033,data/pallet/raw_data/night/capturenight03,data/pallet/raw_data/night/capturenight05,8,0.4706,0.6973,False,True,night,night,DISTINCT_RECORDING,POSSIBLE_SAME_SITE
REC_020,REC_040,data/pallet/raw_data/night/capturenight03,data/pallet/raw_data/outside/capturepallet03,8,0.6154,0.2347,False,True,night,day,DISTINCT_RECORDING,POSSIBLE_SAME_SITE
REC_021,REC_022,data/pallet/raw_data/outside/capturepalletcad,data/pallet/raw_data/night/capturenight09,8,0.4,0.5049,False,True,day,night,DISTINCT_RECORDING,POSSIBLE_SAME_SITE
REC_023,REC_038,data/pallet/raw_data/night/capturenight04,data/pallet/raw_data/outside/capturepallet02,8,0.5714,0.123,False,True,night,day,DISTINCT_RECORDING,POSSIBLE_SAME_SITE
REC_023,REC_043,data/pallet/raw_data/night/capturenight04,data/pallet/raw_data/wood/selected/20260618_132917,8,0.5333,0.3276,False,False,night,unknown,DISTINCT_RECORDING,POSSIBLE_SAME_SITE
REC_025,REC_036,data/pallet/raw_data/outside/capturepallet07,data/pallet/raw_data/capture0403middle,8,0.5333,0.5019,False,True,day,unknown,DISTINCT_RECORDING,POSSIBLE_SAME_SITE
REC_025,REC_040,data/pallet/raw_data/outside/capturepallet07,data/pallet/raw_data/outside/capturepallet03,8,0.5714,0.7805,False,True,day,day,DISTINCT_RECORDING,POSSIBLE_SAME_SITE
REC_026,REC_031,challenge/data/01_real/_live_captures/forklift_v4_20260901/sessions/forklift_v4_174126,data/pallet/raw_data/capture03,8,0.4211,0.5611,False,True,unknown,unknown,DISTINCT_RECORDING,POSSIBLE_SAME_SITE
REC_026,REC_040,challenge/data/01_real/_live_captures/forklift_v4_20260901/sessions/forklift_v4_174126,data/pallet/raw_data/outside/capturepallet03,8,0.5,0.2849,False,True,unknown,day,DISTINCT_RECORDING,POSSIBLE_SAME_SITE
REC_028,REC_029,data/pallet/raw_data/outside/capturepallet10,data/pallet/raw_data/night/capturenight07,8,0.6154,0.3431,False,True,day,night,DISTINCT_RECORDING,POSSIBLE_SAME_SITE
REC_028,REC_034,data/pallet/raw_data/outside/capturepallet10,data/pallet/raw_data/night/capturenight06,8,0.32,0.1733,False,True,day,night,DISTINCT_RECORDING,POSSIBLE_SAME_SITE
REC_031,REC_044,data/pallet/raw_data/capture03,data/pallet/raw_data/capture0403noapril,8,0.4211,0.9106,False,True,unknown,unknown,DISTINCT_RECORDING,POSSIBLE_SAME_SITE
REC_038,REC_039,data/pallet/raw_data/outside/capturepallet02,data/pallet/raw_data/wood/_annotate_pallet_20260618_183705,8,0.4,0.3319,False,False,day,unknown,DISTINCT_RECORDING,POSSIBLE_SAME_SITE
REC_041,REC_044,data/pallet/raw_data/outside/capturepallet05,data/pallet/raw_data/capture0403noapril,8,0.4444,0.3455,False,True,day,unknown,DISTINCT_RECORDING,POSSIBLE_SAME_SITE
REC_043,REC_044,data/pallet/raw_data/wood/selected/20260618_132917,data/pallet/raw_data/capture0403noapril,8,0.4706,0.4069,False,False,unknown,unknown,DISTINCT_RECORDING,POSSIBLE_SAME_SITE
REC_001,REC_013,data/evaluation/pallet_eval_v1/incoming/sessions/real_unlabeled_day_20260830,challenge/data/01_real/_live_captures/forklift_v4_20260901/sessions/forklift_v4_174925,7,0.5385,0.5001,False,True,day,unknown,DISTINCT_RECORDING,LIKELY_DIFFERENT_SITE
REC_001,REC_017,data/evaluation/pallet_eval_v1/incoming/sessions/real_unlabeled_day_20260830,data/pallet/raw_data/night/capturenight10,7,0.5,0.3759,False,True,day,night,DISTINCT_RECORDING,LIKELY_DIFFERENT_SITE
REC_001,REC_028,data/evaluation/pallet_eval_v1/incoming/sessions/real_unlabeled_day_20260830,data/pallet/raw_data/outside/capturepallet10,7,0.5,0.3518,False,True,day,day,DISTINCT_RECORDING,LIKELY_DIFFERENT_SITE
REC_001,REC_036,data/evaluation/pallet_eval_v1/incoming/sessions/real_unlabeled_day_20260830,data/pallet/raw_data/capture0403middle,7,0.5833,0.6786,False,True,day,unknown,DISTINCT_RECORDING,LIKELY_DIFFERENT_SITE
REC_001,REC_044,data/evaluation/pallet_eval_v1/incoming/sessions/real_unlabeled_day_20260830,data/pallet/raw_data/capture0403noapril,7,0.4118,0.7014,False,True,day,unknown,DISTINCT_RECORDING,LIKELY_DIFFERENT_SITE
REC_002,REC_003,data/evaluation/pallet_eval_v1/incoming/sessions/real_unlabeled_night_20260830,challenge/data/01_real/_live_captures/handheld_20260902/sessions/capture_20260902,7,0.5385,0.4303,False,True,night,unknown,DISTINCT_RECORDING,LIKELY_DIFFERENT_SITE
REC_002,REC_009,data/evaluation/pallet_eval_v1/incoming/sessions/real_unlabeled_night_20260830,data/pallet/raw_data/vdoframes,7,0.35,0.4144,False,False,night,unknown,DISTINCT_RECORDING,LIKELY_DIFFERENT_SITE
REC_002,REC_030,data/evaluation/pallet_eval_v1/incoming/sessions/real_unlabeled_night_20260830,challenge/data/01_real/_live_captures/handheld_20260902/sessions/capture_20260902_kimjihoon,7,0.3889,0.5476,False,True,night,unknown,DISTINCT_RECORDING,LIKELY_DIFFERENT_SITE
REC_002,REC_036,data/evaluation/pallet_eval_v1/incoming/sessions/real_unlabeled_night_20260830,data/pallet/raw_data/capture0403middle,7,0.3889,0.5461,False,True,night,unknown,DISTINCT_RECORDING,LIKELY_DIFFERENT_SITE
REC_002,REC_044,data/evaluation/pallet_eval_v1/incoming/sessions/real_unlabeled_night_20260830,data/pallet/raw_data/capture0403noapril,7,0.5833,0.4859,False,True,night,unknown,DISTINCT_RECORDING,LIKELY_DIFFERENT_SITE
REC_003,REC_005,challenge/data/01_real/_live_captures/handheld_20260902/sessions/capture_20260902,challenge/data/01_real/_live_captures/forklift_v4_20260901/sessions/forklift_v4_173507,7,0.5833,0.4794,False,True,unknown,unknown,DISTINCT_RECORDING,LIKELY_DIFFERENT_SITE
REC_003,REC_008,challenge/data/01_real/_live_captures/handheld_20260902/sessions/capture_20260902,challenge/data/01_real/_live_captures/forklift_v4_20260901/sessions/forklift_v4_174342,7,0.4667,0.5291,False,True,unknown,unknown,DISTINCT_RECORDING,LIKELY_DIFFERENT_SITE
REC_003,REC_018,challenge/data/01_real/_live_captures/handheld_20260902/sessions/capture_20260902,data/pallet/raw_data/capture02,7,0.5833,0.5447,False,True,unknown,unknown,DISTINCT_RECORDING,LIKELY_DIFFERENT_SITE
REC_003,REC_044,challenge/data/01_real/_live_captures/handheld_20260902/sessions/capture_20260902,data/pallet/raw_data/capture0403noapril,7,0.5,0.6131,False,True,unknown,unknown,DISTINCT_RECORDING,LIKELY_DIFFERENT_SITE
REC_004,REC_009,data/pallet/raw_data/negative_real_20260823,data/pallet/raw_data/vdoframes,7,0.4375,0.4477,False,False,unknown,unknown,DISTINCT_RECORDING,LIKELY_DIFFERENT_SITE
REC_004,REC_034,data/pallet/raw_data/negative_real_20260823,data/pallet/raw_data/night/capturenight06,7,0.4667,0.3951,False,True,unknown,night,DISTINCT_RECORDING,LIKELY_DIFFERENT_SITE
REC_005,REC_011,challenge/data/01_real/_live_captures/forklift_v4_20260901/sessions/forklift_v4_173507,data/pallet/raw_data/outside/capturepallet11,7,0.5,0.4659,False,True,unknown,day,DISTINCT_RECORDING,LIKELY_DIFFERENT_SITE
REC_005,REC_031,challenge/data/01_real/_live_captures/forklift_v4_20260901/sessions/forklift_v4_173507,data/pallet/raw_data/capture03,7,0.5,0.5397,False,True,unknown,unknown,DISTINCT_RECORDING,LIKELY_DIFFERENT_SITE
REC_005,REC_034,challenge/data/01_real/_live_captures/forklift_v4_20260901/sessions/forklift_v4_173507,data/pallet/raw_data/night/capturenight06,7,0.3333,0.2892,False,True,unknown,night,DISTINCT_RECORDING,LIKELY_DIFFERENT_SITE
REC_007,REC_008,data/pallet/raw_data/outside/capturepallet09,challenge/data/01_real/_live_captures/forklift_v4_20260901/sessions/forklift_v4_174342,7,0.4667,0.5677,False,True,day,unknown,DISTINCT_RECORDING,LIKELY_DIFFERENT_SITE
REC_007,REC_014,data/pallet/raw_data/outside/capturepallet09,data/pallet/raw_data/real_data,7,0.3684,0.631,False,True,day,unknown,DISTINCT_RECORDING,LIKELY_DIFFERENT_SITE
REC_007,REC_017,data/pallet/raw_data/outside/capturepallet09,data/pallet/raw_data/night/capturenight10,7,0.3889,0.3832,False,True,day,night,DISTINCT_RECORDING,LIKELY_DIFFERENT_SITE
REC_007,REC_024,data/pallet/raw_data/outside/capturepallet09,data/pallet/raw_data/night/capturenight02,7,0.3889,0.5054,False,True,day,night,DISTINCT_RECORDING,LIKELY_DIFFERENT_SITE
REC_007,REC_029,data/pallet/raw_data/outside/capturepallet09,data/pallet/raw_data/night/capturenight07,7,0.5,0.3866,False,True,day,night,DISTINCT_RECORDING,LIKELY_DIFFERENT_SITE
REC_007,REC_033,data/pallet/raw_data/outside/capturepallet09,data/pallet/raw_data/night/capturenight05,7,0.5833,0.4654,False,True,day,night,DISTINCT_RECORDING,LIKELY_DIFFERENT_SITE
REC_007,REC_036,data/pallet/raw_data/outside/capturepallet09,data/pallet/raw_data/capture0403middle,7,0.5385,0.6568,False,True,day,unknown,DISTINCT_RECORDING,LIKELY_DIFFERENT_SITE
REC_007,REC_044,data/pallet/raw_data/outside/capturepallet09,data/pallet/raw_data/capture0403noapril,7,0.5385,0.7074,False,True,day,unknown,DISTINCT_RECORDING,LIKELY_DIFFERENT_SITE
REC_008,REC_012,challenge/data/01_real/_live_captures/forklift_v4_20260901/sessions/forklift_v4_174342,data/pallet/raw_data/outside/capturepallet08,7,0.5,0.5326,False,True,unknown,day,DISTINCT_RECORDING,LIKELY_DIFFERENT_SITE
REC_008,REC_023,challenge/data/01_real/_live_captures/forklift_v4_20260901/sessions/forklift_v4_174342,data/pallet/raw_data/night/capturenight04,7,0.4118,0.2514,False,True,unknown,night,DISTINCT_RECORDING,LIKELY_DIFFERENT_SITE
REC_008,REC_030,challenge/data/01_real/_live_captures/forklift_v4_20260901/sessions/forklift_v4_174342,challenge/data/01_real/_live_captures/handheld_20260902/sessions/capture_20260902_kimjihoon,7,0.3333,0.6134,False,True,unknown,unknown,DISTINCT_RECORDING,LIKELY_DIFFERENT_SITE
REC_008,REC_036,challenge/data/01_real/_live_captures/forklift_v4_20260901/sessions/forklift_v4_174342,data/pallet/raw_data/capture0403middle,7,0.4375,0.5139,False,True,unknown,unknown,DISTINCT_RECORDING,LIKELY_DIFFERENT_SITE
REC_008,REC_041,challenge/data/01_real/_live_captures/forklift_v4_20260901/sessions/forklift_v4_174342,data/pallet/raw_data/outside/capturepallet05,7,0.4118,0.3606,False,True,unknown,day,DISTINCT_RECORDING,LIKELY_DIFFERENT_SITE
REC_008,REC_044,challenge/data/01_real/_live_captures/forklift_v4_20260901/sessions/forklift_v4_174342,data/pallet/raw_data/capture0403noapril,7,0.3684,0.48,False,True,unknown,unknown,DISTINCT_RECORDING,LIKELY_DIFFERENT_SITE
REC_008,REC_045,challenge/data/01_real/_live_captures/forklift_v4_20260901/sessions/forklift_v4_174342,data/pallet/raw_data/outside/capturepallet04,7,0.35,0.3361,False,True,unknown,day,DISTINCT_RECORDING,LIKELY_DIFFERENT_SITE
REC_009,REC_028,data/pallet/raw_data/vdoframes,data/pallet/raw_data/outside/capturepallet10,7,0.4375,0.2399,False,False,unknown,day,DISTINCT_RECORDING,LIKELY_DIFFERENT_SITE
REC_009,REC_034,data/pallet/raw_data/vdoframes,data/pallet/raw_data/night/capturenight06,7,0.3182,0.3533,False,False,unknown,night,DISTINCT_RECORDING,LIKELY_DIFFERENT_SITE
REC_009,REC_038,data/pallet/raw_data/vdoframes,data/pallet/raw_data/outside/capturepallet02,7,0.4667,0.2014,False,False,unknown,day,DISTINCT_RECORDING,LIKELY_DIFFERENT_SITE
REC_009,REC_040,data/pallet/raw_data/vdoframes,data/pallet/raw_data/outside/capturepallet03,7,0.4375,0.2096,False,False,unknown,day,DISTINCT_RECORDING,LIKELY_DIFFERENT_SITE
REC_011,REC_026,data/pallet/raw_data/outside/capturepallet11,challenge/data/01_real/_live_captures/forklift_v4_20260901/sessions/forklift_v4_174126,7,0.3684,0.5175,False,True,day,unknown,DISTINCT_RECORDING,LIKELY_DIFFERENT_SITE
REC_012,REC_022,data/pallet/raw_data/outside/capturepallet08,data/pallet/raw_data/night/capturenight09,7,0.5833,0.3629,False,True,day,night,DISTINCT_RECORDING,LIKELY_DIFFERENT_SITE
REC_012,REC_023,data/pallet/raw_data/outside/capturepallet08,data/pallet/raw_data/night/capturenight04,7,0.5833,0.3737,False,True,day,night,DISTINCT_RECORDING,LIKELY_DIFFERENT_SITE
REC_012,REC_033,data/pallet/raw_data/outside/capturepallet08,data/pallet/raw_data/night/capturenight05,7,0.4667,0.4539,False,True,day,night,DISTINCT_RECORDING,LIKELY_DIFFERENT_SITE
REC_012,REC_034,data/pallet/raw_data/outside/capturepallet08,data/pallet/raw_data/night/capturenight06,7,0.5833,0.4093,False,True,day,night,DISTINCT_RECORDING,LIKELY_DIFFERENT_SITE
REC_014,REC_021,data/pallet/raw_data/real_data,data/pallet/raw_data/outside/capturepalletcad,7,0.5833,0.4535,False,True,unknown,day,DISTINCT_RECORDING,LIKELY_DIFFERENT_SITE
REC_014,REC_036,data/pallet/raw_data/real_data,data/pallet/raw_data/capture0403middle,7,0.5833,0.3927,False,True,unknown,unknown,DISTINCT_RECORDING,LIKELY_DIFFERENT_SITE
REC_014,REC_045,data/pallet/raw_data/real_data,data/pallet/raw_data/outside/capturepallet04,7,0.4667,0.295,False,True,unknown,day,DISTINCT_RECORDING,LIKELY_DIFFERENT_SITE
REC_015,REC_017,data/pallet/raw_data/outside/forklift_raw_20260528,data/pallet/raw_data/night/capturenight10,7,0.3889,0.3021,False,True,day,night,DISTINCT_RECORDING,LIKELY_DIFFERENT_SITE
REC_015,REC_019,data/pallet/raw_data/outside/forklift_raw_20260528,data/pallet/raw_data/night/capturenight01,7,0.4667,0.504,False,True,day,night,DISTINCT_RECORDING,LIKELY_DIFFERENT_SITE
REC_015,REC_020,data/pallet/raw_data/outside/forklift_raw_20260528,data/pallet/raw_data/night/capturenight03,7,0.4118,0.3562,False,True,day,night,DISTINCT_RECORDING,LIKELY_DIFFERENT_SITE
REC_015,REC_024,data/pallet/raw_data/outside/forklift_raw_20260528,data/pallet/raw_data/night/capturenight02,7,0.4118,0.4153,False,True,day,night,DISTINCT_RECORDING,LIKELY_DIFFERENT_SITE
REC_015,REC_036,data/pallet/raw_data/outside/forklift_raw_20260528,data/pallet/raw_data/capture0403middle,7,0.3043,0.3846,False,True,day,unknown,DISTINCT_RECORDING,LIKELY_DIFFERENT_SITE
REC_015,REC_041,data/pallet/raw_data/outside/forklift_raw_20260528,data/pallet/raw_data/outside/capturepallet05,7,0.35,0.3848,False,True,day,day,DISTINCT_RECORDING,LIKELY_DIFFERENT_SITE
REC_017,REC_028,data/pallet/raw_data/night/capturenight10,data/pallet/raw_data/outside/capturepallet10,7,0.3889,0.225,False,True,night,day,DISTINCT_RECORDING,LIKELY_DIFFERENT_SITE
REC_017,REC_029,data/pallet/raw_data/night/capturenight10,data/pallet/raw_data/night/capturenight07,7,0.4667,0.7035,False,True,night,night,DISTINCT_RECORDING,LIKELY_DIFFERENT_SITE
REC_017,REC_039,data/pallet/raw_data/night/capturenight10,data/pallet/raw_data/wood/_annotate_pallet_20260618_183705,7,0.4667,0.2084,False,False,night,unknown,DISTINCT_RECORDING,LIKELY_DIFFERENT_SITE
REC_018,REC_036,data/pallet/raw_data/capture02,data/pallet/raw_data/capture0403middle,7,0.3889,0.919,False,True,unknown,unknown,DISTINCT_RECORDING,LIKELY_DIFFERENT_SITE
REC_019,REC_022,data/pallet/raw_data/night/capturenight01,data/pallet/raw_data/night/capturenight09,7,0.3333,0.7807,False,True,night,night,DISTINCT_RECORDING,LIKELY_DIFFERENT_SITE
REC_019,REC_027,data/pallet/raw_data/night/capturenight01,data/pallet/raw_data/night/capturenight08,7,0.3684,0.7068,False,True,night,night,DISTINCT_RECORDING,LIKELY_DIFFERENT_SITE
REC_019,REC_033,data/pallet/raw_data/night/capturenight01,data/pallet/raw_data/night/capturenight05,7,0.4118,0.7958,False,True,night,night,DISTINCT_RECORDING,LIKELY_DIFFERENT_SITE
REC_019,REC_036,data/pallet/raw_data/night/capturenight01,data/pallet/raw_data/capture0403middle,7,0.5385,0.4162,False,True,night,unknown,DISTINCT_RECORDING,LIKELY_DIFFERENT_SITE
REC_019,REC_041,data/pallet/raw_data/night/capturenight01,data/pallet/raw_data/outside/capturepallet05,7,0.5833,0.3367,False,True,night,day,DISTINCT_RECORDING,LIKELY_DIFFERENT_SITE
REC_020,REC_026,data/pallet/raw_data/night/capturenight03,challenge/data/01_real/_live_captures/forklift_v4_20260901/sessions/forklift_v4_174126,7,0.5385,0.3516,False,True,night,unknown,DISTINCT_RECORDING,LIKELY_DIFFERENT_SITE
REC_021,REC_044,data/pallet/raw_data/outside/capturepalletcad,data/pallet/raw_data/capture0403noapril,7,0.4375,0.6761,False,True,day,unknown,DISTINCT_RECORDING,LIKELY_DIFFERENT_SITE
REC_022,REC_025,data/pallet/raw_data/night/capturenight09,data/pallet/raw_data/outside/capturepallet07,7,0.4118,0.4583,False,True,night,day,DISTINCT_RECORDING,LIKELY_DIFFERENT_SITE
REC_025,REC_028,data/pallet/raw_data/outside/capturepallet07,data/pallet/raw_data/outside/capturepallet10,7,0.3333,0.4463,False,True,day,day,DISTINCT_RECORDING,LIKELY_DIFFERENT_SITE
REC_025,REC_039,data/pallet/raw_data/outside/capturepallet07,data/pallet/raw_data/wood/_annotate_pallet_20260618_183705,7,0.4667,0.5254,False,False,day,unknown,DISTINCT_RECORDING,LIKELY_DIFFERENT_SITE
REC_025,REC_043,data/pallet/raw_data/outside/capturepallet07,data/pallet/raw_data/wood/selected/20260618_132917,7,0.3333,0.5225,False,False,day,unknown,DISTINCT_RECORDING,LIKELY_DIFFERENT_SITE
REC_025,REC_044,data/pallet/raw_data/outside/capturepallet07,data/pallet/raw_data/capture0403noapril,7,0.2917,0.5188,False,True,day,unknown,DISTINCT_RECORDING,LIKELY_DIFFERENT_SITE
REC_026,REC_030,challenge/data/01_real/_live_captures/forklift_v4_20260901/sessions/forklift_v4_174126,challenge/data/01_real/_live_captures/handheld_20260902/sessions/capture_20260902_kimjihoon,7,0.3333,0.566,False,True,unknown,unknown,DISTINCT_RECORDING,LIKELY_DIFFERENT_SITE
REC_026,REC_036,challenge/data/01_real/_live_captures/forklift_v4_20260901/sessions/forklift_v4_174126,data/pallet/raw_data/capture0403middle,7,0.5833,0.4098,False,True,unknown,unknown,DISTINCT_RECORDING,LIKELY_DIFFERENT_SITE
REC_026,REC_045,challenge/data/01_real/_live_captures/forklift_v4_20260901/sessions/forklift_v4_174126,data/pallet/raw_data/outside/capturepallet04,7,0.4375,0.3396,False,True,unknown,day,DISTINCT_RECORDING,LIKELY_DIFFERENT_SITE
REC_030,REC_040,challenge/data/01_real/_live_captures/handheld_20260902/sessions/capture_20260902_kimjihoon,data/pallet/raw_data/outside/capturepallet03,7,0.5385,0.3486,False,True,unknown,day,DISTINCT_RECORDING,LIKELY_DIFFERENT_SITE
REC_030,REC_045,challenge/data/01_real/_live_captures/handheld_20260902/sessions/capture_20260902_kimjihoon,data/pallet/raw_data/outside/capturepallet04,7,0.4667,0.3487,False,True,unknown,day,DISTINCT_RECORDING,LIKELY_DIFFERENT_SITE
REC_036,REC_039,data/pallet/raw_data/capture0403middle,data/pallet/raw_data/wood/_annotate_pallet_20260618_183705,7,0.4667,0.5493,False,False,unknown,unknown,DISTINCT_RECORDING,LIKELY_DIFFERENT_SITE
REC_036,REC_043,data/pallet/raw_data/capture0403middle,data/pallet/raw_data/wood/selected/20260618_132917,7,0.4375,0.4176,False,False,unknown,unknown,DISTINCT_RECORDING,LIKELY_DIFFERENT_SITE
REC_001,REC_005,data/evaluation/pallet_eval_v1/incoming/sessions/real_unlabeled_day_20260830,challenge/data/01_real/_live_captures/forklift_v4_20260901/sessions/forklift_v4_173507,6,0.5,0.3247,False,True,day,unknown,DISTINCT_RECORDING,LIKELY_DIFFERENT_SITE
REC_001,REC_014,data/evaluation/pallet_eval_v1/incoming/sessions/real_unlabeled_day_20260830,data/pallet/raw_data/real_data,6,0.4,0.6371,False,True,day,unknown,DISTINCT_RECORDING,LIKELY_DIFFERENT_SITE
REC_001,REC_021,data/evaluation/pallet_eval_v1/incoming/sessions/real_unlabeled_day_20260830,data/pallet/raw_data/outside/capturepalletcad,6,0.3,0.722,False,True,day,day,DISTINCT_RECORDING,LIKELY_DIFFERENT_SITE
REC_001,REC_025,data/evaluation/pallet_eval_v1/incoming/sessions/real_unlabeled_day_20260830,data/pallet/raw_data/outside/capturepallet07,6,0.5,0.5991,False,True,day,day,DISTINCT_RECORDING,LIKELY_DIFFERENT_SITE
REC_001,REC_030,data/evaluation/pallet_eval_v1/incoming/sessions/real_unlabeled_day_20260830,challenge/data/01_real/_live_captures/handheld_20260902/sessions/capture_20260902_kimjihoon,6,0.4286,0.7601,False,True,day,unknown,DISTINCT_RECORDING,LIKELY_DIFFERENT_SITE
REC_001,REC_040,data/evaluation/pallet_eval_v1/incoming/sessions/real_unlabeled_day_20260830,data/pallet/raw_data/outside/capturepallet03,6,0.3,0.2556,False,True,day,day,DISTINCT_RECORDING,LIKELY_DIFFERENT_SITE
REC_002,REC_011,data/evaluation/pallet_eval_v1/incoming/sessions/real_unlabeled_night_20260830,data/pallet/raw_data/outside/capturepallet11,6,0.4286,0.6706,False,True,night,day,DISTINCT_RECORDING,LIKELY_DIFFERENT_SITE
REC_002,REC_018,data/evaluation/pallet_eval_v1/incoming/sessions/real_unlabeled_night_20260830,data/pallet/raw_data/capture02,6,0.5,0.6166,False,True,night,unknown,DISTINCT_RECORDING,LIKELY_DIFFERENT_SITE
REC_002,REC_019,data/evaluation/pallet_eval_v1/incoming/sessions/real_unlabeled_night_20260830,data/pallet/raw_data/night/capturenight01,6,0.4615,0.7408,False,True,night,night,DISTINCT_RECORDING,LIKELY_DIFFERENT_SITE
REC_002,REC_020,data/evaluation/pallet_eval_v1/incoming/sessions/real_unlabeled_night_20260830,data/pallet/raw_data/night/capturenight03,6,0.5,0.71,False,True,night,night,DISTINCT_RECORDING,LIKELY_DIFFERENT_SITE
REC_002,REC_041,data/evaluation/pallet_eval_v1/incoming/sessions/real_unlabeled_night_20260830,data/pallet/raw_data/outside/capturepallet05,6,0.4615,0.209,False,True,night,day,DISTINCT_RECORDING,LIKELY_DIFFERENT_SITE
REC_003,REC_013,challenge/data/01_real/_live_captures/handheld_20260902/sessions/capture_20260902,challenge/data/01_real/_live_captures/forklift_v4_20260901/sessions/forklift_v4_174925,6,0.4286,0.5121,False,True,unknown,unknown,DISTINCT_RECORDING,LIKELY_DIFFERENT_SITE
REC_003,REC_022,challenge/data/01_real/_live_captures/handheld_20260902/sessions/capture_20260902,data/pallet/raw_data/night/capturenight09,6,0.5,0.3658,False,True,unknown,night,DISTINCT_RECORDING,LIKELY_DIFFERENT_SITE
REC_003,REC_026,challenge/data/01_real/_live_captures/handheld_20260902/sessions/capture_20260902,challenge/data/01_real/_live_captures/forklift_v4_20260901/sessions/forklift_v4_174126,6,0.4615,0.5113,False,True,unknown,unknown,DISTINCT_RECORDING,LIKELY_DIFFERENT_SITE
REC_004,REC_021,data/pallet/raw_data/negative_real_20260823,data/pallet/raw_data/outside/capturepalletcad,6,0.375,0.5446,False,True,unknown,day,DISTINCT_RECORDING,LIKELY_DIFFERENT_SITE
REC_004,REC_028,data/pallet/raw_data/negative_real_20260823,data/pallet/raw_data/outside/capturepallet10,6,0.375,0.501,False,True,unknown,day,DISTINCT_RECORDING,LIKELY_DIFFERENT_SITE
REC_004,REC_043,data/pallet/raw_data/negative_real_20260823,data/pallet/raw_data/wood/selected/20260618_132917,6,0.5,0.5518,False,False,unknown,unknown,DISTINCT_RECORDING,LIKELY_DIFFERENT_SITE
REC_005,REC_012,challenge/data/01_real/_live_captures/forklift_v4_20260901/sessions/forklift_v4_173507,data/pallet/raw_data/outside/capturepallet08,6,0.4286,0.5792,False,True,unknown,day,DISTINCT_RECORDING,LIKELY_DIFFERENT_SITE
REC_005,REC_014,challenge/data/01_real/_live_captures/forklift_v4_20260901/sessions/forklift_v4_173507,data/pallet/raw_data/real_data,6,0.3529,0.5655,False,True,unknown,unknown,DISTINCT_RECORDING,LIKELY_DIFFERENT_SITE
REC_005,REC_015,challenge/data/01_real/_live_captures/forklift_v4_20260901/sessions/forklift_v4_173507,data/pallet/raw_data/outside/forklift_raw_20260528,6,0.4615,0.5266,False,True,unknown,day,DISTINCT_RECORDING,LIKELY_DIFFERENT_SITE
REC_005,REC_019,challenge/data/01_real/_live_captures/forklift_v4_20260901/sessions/forklift_v4_173507,data/pallet/raw_data/night/capturenight01,6,0.4,0.3289,False,True,unknown,night,DISTINCT_RECORDING,LIKELY_DIFFERENT_SITE
REC_005,REC_025,challenge/data/01_real/_live_captures/forklift_v4_20260901/sessions/forklift_v4_173507,data/pallet/raw_data/outside/capturepallet07,6,0.3333,0.4693,False,True,unknown,day,DISTINCT_RECORDING,LIKELY_DIFFERENT_SITE
REC_005,REC_027,challenge/data/01_real/_live_captures/forklift_v4_20260901/sessions/forklift_v4_173507,data/pallet/raw_data/night/capturenight08,6,0.5,0.2826,False,True,unknown,night,DISTINCT_RECORDING,LIKELY_DIFFERENT_SITE
REC_005,REC_028,challenge/data/01_real/_live_captures/forklift_v4_20260901/sessions/forklift_v4_173507,data/pallet/raw_data/outside/capturepallet10,6,0.4615,0.458,False,True,unknown,day,DISTINCT_RECORDING,LIKELY_DIFFERENT_SITE
REC_005,REC_038,challenge/data/01_real/_live_captures/forklift_v4_20260901/sessions/forklift_v4_173507,data/pallet/raw_data/outside/capturepallet02,6,0.4615,0.3371,False,True,unknown,day,DISTINCT_RECORDING,LIKELY_DIFFERENT_SITE
REC_005,REC_041,challenge/data/01_real/_live_captures/forklift_v4_20260901/sessions/forklift_v4_173507,data/pallet/raw_data/outside/capturepallet05,6,0.4615,0.3415,False,True,unknown,day,DISTINCT_RECORDING,LIKELY_DIFFERENT_SITE
REC_005,REC_045,challenge/data/01_real/_live_captures/forklift_v4_20260901/sessions/forklift_v4_173507,data/pallet/raw_data/outside/capturepallet04,6,0.4286,0.3187,False,True,unknown,day,DISTINCT_RECORDING,LIKELY_DIFFERENT_SITE
REC_007,REC_020,data/pallet/raw_data/outside/capturepallet09,data/pallet/raw_data/night/capturenight03,6,0.375,0.4701,False,True,day,night,DISTINCT_RECORDING,LIKELY_DIFFERENT_SITE
REC_007,REC_022,data/pallet/raw_data/outside/capturepallet09,data/pallet/raw_data/night/capturenight09,6,0.3529,0.4531,False,True,day,night,DISTINCT_RECORDING,LIKELY_DIFFERENT_SITE
REC_007,REC_023,data/pallet/raw_data/outside/capturepallet09,data/pallet/raw_data/night/capturenight04,6,0.5,0.3204,False,True,day,night,DISTINCT_RECORDING,LIKELY_DIFFERENT_SITE
REC_007,REC_039,data/pallet/raw_data/outside/capturepallet09,data/pallet/raw_data/wood/_annotate_pallet_20260618_183705,6,0.5,0.4994,False,False,day,unknown,DISTINCT_RECORDING,LIKELY_DIFFERENT_SITE
REC_008,REC_009,challenge/data/01_real/_live_captures/forklift_v4_20260901/sessions/forklift_v4_174342,data/pallet/raw_data/vdoframes,6,0.4286,0.526,False,False,unknown,unknown,DISTINCT_RECORDING,LIKELY_DIFFERENT_SITE
REC_008,REC_014,challenge/data/01_real/_live_captures/forklift_v4_20260901/sessions/forklift_v4_174342,data/pallet/raw_data/real_data,6,0.5,0.6185,False,True,unknown,unknown,DISTINCT_RECORDING,LIKELY_DIFFERENT_SITE
REC_008,REC_015,challenge/data/01_real/_live_captures/forklift_v4_20260901/sessions/forklift_v4_174342,data/pallet/raw_data/outside/forklift_raw_20260528,6,0.4615,0.561,False,True,unknown,day,DISTINCT_RECORDING,LIKELY_DIFFERENT_SITE
REC_008,REC_029,challenge/data/01_real/_live_captures/forklift_v4_20260901/sessions/forklift_v4_174342,data/pallet/raw_data/night/capturenight07,6,0.5,0.2515,False,True,unknown,night,DISTINCT_RECORDING,LIKELY_DIFFERENT_SITE
REC_008,REC_034,challenge/data/01_real/_live_captures/forklift_v4_20260901/sessions/forklift_v4_174342,data/pallet/raw_data/night/capturenight06,6,0.3333,0.4136,False,True,unknown,night,DISTINCT_RECORDING,LIKELY_DIFFERENT_SITE
REC_008,REC_039,challenge/data/01_real/_live_captures/forklift_v4_20260901/sessions/forklift_v4_174342,data/pallet/raw_data/wood/_annotate_pallet_20260618_183705,6,0.4286,0.4693,False,False,unknown,unknown,DISTINCT_RECORDING,LIKELY_DIFFERENT_SITE
REC_009,REC_011,data/pallet/raw_data/vdoframes,data/pallet/raw_data/outside/capturepallet11,6,0.5,0.5146,False,False,unknown,day,DISTINCT_RECORDING,LIKELY_DIFFERENT_SITE
REC_009,REC_012,data/pallet/raw_data/vdoframes,data/pallet/raw_data/outside/capturepallet08,6,0.5,0.3793,False,False,unknown,day,DISTINCT_RECORDING,LIKELY_DIFFERENT_SITE
REC_009,REC_023,data/pallet/raw_data/vdoframes,data/pallet/raw_data/night/capturenight04,6,0.4615,0.2632,False,False,unknown,night,DISTINCT_RECORDING,LIKELY_DIFFERENT_SITE
REC_009,REC_025,data/pallet/raw_data/vdoframes,data/pallet/raw_data/outside/capturepallet07,6,0.5,0.4739,False,False,unknown,day,DISTINCT_RECORDING,LIKELY_DIFFERENT_SITE
REC_009,REC_030,data/pallet/raw_data/vdoframes,challenge/data/01_real/_live_captures/handheld_20260902/sessions/capture_20260902_kimjihoon,6,0.4615,0.4715,False,False,unknown,unknown,DISTINCT_RECORDING,LIKELY_DIFFERENT_SITE
REC_009,REC_033,data/pallet/raw_data/vdoframes,data/pallet/raw_data/night/capturenight05,6,0.5,0.3234,False,False,unknown,night,DISTINCT_RECORDING,LIKELY_DIFFERENT_SITE
REC_009,REC_041,data/pallet/raw_data/vdoframes,data/pallet/raw_data/outside/capturepallet05,6,0.3529,0.2274,False,False,unknown,day,DISTINCT_RECORDING,LIKELY_DIFFERENT_SITE
REC_009,REC_045,data/pallet/raw_data/vdoframes,data/pallet/raw_data/outside/capturepallet04,6,0.5,0.2173,False,False,unknown,day,DISTINCT_RECORDING,LIKELY_DIFFERENT_SITE
REC_011,REC_017,data/pallet/raw_data/outside/capturepallet11,data/pallet/raw_data/night/capturenight10,6,0.4286,0.488,False,True,day,night,DISTINCT_RECORDING,LIKELY_DIFFERENT_SITE
REC_011,REC_020,data/pallet/raw_data/outside/capturepallet11,data/pallet/raw_data/night/capturenight03,6,0.4,0.478,False,True,day,night,DISTINCT_RECORDING,LIKELY_DIFFERENT_SITE
REC_011,REC_022,data/pallet/raw_data/outside/capturepallet11,data/pallet/raw_data/night/capturenight09,6,0.4286,0.4316,False,True,day,night,DISTINCT_RECORDING,LIKELY_DIFFERENT_SITE
REC_012,REC_020,data/pallet/raw_data/outside/capturepallet08,data/pallet/raw_data/night/capturenight03,6,0.3333,0.4949,False,True,day,night,DISTINCT_RECORDING,LIKELY_DIFFERENT_SITE
REC_012,REC_024,data/pallet/raw_data/outside/capturepallet08,data/pallet/raw_data/night/capturenight02,6,0.3529,0.4176,False,True,day,night,DISTINCT_RECORDING,LIKELY_DIFFERENT_SITE
REC_012,REC_030,data/pallet/raw_data/outside/capturepallet08,challenge/data/01_real/_live_captures/handheld_20260902/sessions/capture_20260902_kimjihoon,6,0.375,0.5134,False,True,day,unknown,DISTINCT_RECORDING,LIKELY_DIFFERENT_SITE
REC_013,REC_015,challenge/data/01_real/_live_captures/forklift_v4_20260901/sessions/forklift_v4_174925,data/pallet/raw_data/outside/forklift_raw_20260528,6,0.4615,0.4794,False,True,unknown,day,DISTINCT_RECORDING,LIKELY_DIFFERENT_SITE
REC_013,REC_022,challenge/data/01_real/_live_captures/forklift_v4_20260901/sessions/forklift_v4_174925,data/pallet/raw_data/night/capturenight09,6,0.5,0.2943,False,True,unknown,night,DISTINCT_RECORDING,LIKELY_DIFFERENT_SITE
REC_013,REC_023,challenge/data/01_real/_live_captures/forklift_v4_20260901/sessions/forklift_v4_174925,data/pallet/raw_data/night/capturenight04,6,0.4286,0.2282,False,True,unknown,night,DISTINCT_RECORDING,LIKELY_DIFFERENT_SITE
REC_013,REC_033,challenge/data/01_real/_live_captures/forklift_v4_20260901/sessions/forklift_v4_174925,data/pallet/raw_data/night/capturenight05,6,0.4286,0.3924,False,True,unknown,night,DISTINCT_RECORDING,LIKELY_DIFFERENT_SITE
REC_013,REC_038,challenge/data/01_real/_live_captures/forklift_v4_20260901/sessions/forklift_v4_174925,data/pallet/raw_data/outside/capturepallet02,6,0.4,0.3651,False,True,unknown,day,DISTINCT_RECORDING,LIKELY_DIFFERENT_SITE
REC_013,REC_039,challenge/data/01_real/_live_captures/forklift_v4_20260901/sessions/forklift_v4_174925,data/pallet/raw_data/wood/_annotate_pallet_20260618_183705,6,0.5,0.5284,False,False,unknown,unknown,DISTINCT_RECORDING,LIKELY_DIFFERENT_SITE
REC_013,REC_044,challenge/data/01_real/_live_captures/forklift_v4_20260901/sessions/forklift_v4_174925,data/pallet/raw_data/capture0403noapril,6,0.4615,0.4989,False,True,unknown,unknown,DISTINCT_RECORDING,LIKELY_DIFFERENT_SITE
REC_013,REC_045,challenge/data/01_real/_live_captures/forklift_v4_20260901/sessions/forklift_v4_174925,data/pallet/raw_data/outside/capturepallet04,6,0.3529,0.3746,False,True,unknown,day,DISTINCT_RECORDING,LIKELY_DIFFERENT_SITE
REC_014,REC_015,data/pallet/raw_data/real_data,data/pallet/raw_data/outside/forklift_raw_20260528,6,0.5,0.4746,False,True,unknown,day,DISTINCT_RECORDING,LIKELY_DIFFERENT_SITE
REC_014,REC_019,data/pallet/raw_data/real_data,data/pallet/raw_data/night/capturenight01,6,0.4,0.34,False,True,unknown,night,DISTINCT_RECORDING,LIKELY_DIFFERENT_SITE
REC_014,REC_020,data/pallet/raw_data/real_data,data/pallet/raw_data/night/capturenight03,6,0.4,0.3868,False,True,unknown,night,DISTINCT_RECORDING,LIKELY_DIFFERENT_SITE
REC_014,REC_022,data/pallet/raw_data/real_data,data/pallet/raw_data/night/capturenight09,6,0.4615,0.2466,False,True,unknown,night,DISTINCT_RECORDING,LIKELY_DIFFERENT_SITE
REC_014,REC_023,data/pallet/raw_data/real_data,data/pallet/raw_data/night/capturenight04,6,0.4286,0.2241,False,True,unknown,night,DISTINCT_RECORDING,LIKELY_DIFFERENT_SITE
REC_014,REC_024,data/pallet/raw_data/real_data,data/pallet/raw_data/night/capturenight02,6,0.4286,0.2876,False,True,unknown,night,DISTINCT_RECORDING,LIKELY_DIFFERENT_SITE
REC_014,REC_026,data/pallet/raw_data/real_data,challenge/data/01_real/_live_captures/forklift_v4_20260901/sessions/forklift_v4_174126,6,0.4615,0.6105,False,True,unknown,unknown,DISTINCT_RECORDING,LIKELY_DIFFERENT_SITE
REC_014,REC_028,data/pallet/raw_data/real_data,data/pallet/raw_data/outside/capturepallet10,6,0.3529,0.43,False,True,unknown,day,DISTINCT_RECORDING,LIKELY_DIFFERENT_SITE
REC_014,REC_029,data/pallet/raw_data/real_data,data/pallet/raw_data/night/capturenight07,6,0.5,0.2618,False,True,unknown,night,DISTINCT_RECORDING,LIKELY_DIFFERENT_SITE
REC_014,REC_040,data/pallet/raw_data/real_data,data/pallet/raw_data/outside/capturepallet03,6,0.4615,0.3121,False,True,unknown,day,DISTINCT_RECORDING,LIKELY_DIFFERENT_SITE
REC_014,REC_041,data/pallet/raw_data/real_data,data/pallet/raw_data/outside/capturepallet05,6,0.4,0.3243,False,True,unknown,day,DISTINCT_RECORDING,LIKELY_DIFFERENT_SITE
REC_015,REC_025,data/pallet/raw_data/outside/forklift_raw_20260528,data/pallet/raw_data/outside/capturepallet07,6,0.2857,0.4585,False,True,day,day,DISTINCT_RECORDING,LIKELY_DIFFERENT_SITE
REC_015,REC_026,data/pallet/raw_data/outside/forklift_raw_20260528,challenge/data/01_real/_live_captures/forklift_v4_20260901/sessions/forklift_v4_174126,6,0.3158,0.4753,False,True,day,unknown,DISTINCT_RECORDING,LIKELY_DIFFERENT_SITE
REC_015,REC_027,data/pallet/raw_data/outside/forklift_raw_20260528,data/pallet/raw_data/night/capturenight08,6,0.375,0.3979,False,True,day,night,DISTINCT_RECORDING,LIKELY_DIFFERENT_SITE
REC_015,REC_033,data/pallet/raw_data/outside/forklift_raw_20260528,data/pallet/raw_data/night/capturenight05,6,0.4286,0.4579,False,True,day,night,DISTINCT_RECORDING,LIKELY_DIFFERENT_SITE
REC_015,REC_045,data/pallet/raw_data/outside/forklift_raw_20260528,data/pallet/raw_data/outside/capturepallet04,6,0.3,0.3181,False,True,day,day,DISTINCT_RECORDING,LIKELY_DIFFERENT_SITE
REC_018,REC_044,data/pallet/raw_data/capture02,data/pallet/raw_data/capture0403noapril,6,0.5,0.9246,False,True,unknown,unknown,DISTINCT_RECORDING,LIKELY_DIFFERENT_SITE
REC_019,REC_020,data/pallet/raw_data/night/capturenight01,data/pallet/raw_data/night/capturenight03,6,0.4,0.6936,False,True,night,night,DISTINCT_RECORDING,LIKELY_DIFFERENT_SITE
REC_019,REC_023,data/pallet/raw_data/night/capturenight01,data/pallet/raw_data/night/capturenight04,6,0.4286,0.8221,False,True,night,night,DISTINCT_RECORDING,LIKELY_DIFFERENT_SITE
REC_019,REC_028,data/pallet/raw_data/night/capturenight01,data/pallet/raw_data/outside/capturepallet10,6,0.4286,0.3903,False,True,night,day,DISTINCT_RECORDING,LIKELY_DIFFERENT_SITE
REC_020,REC_024,data/pallet/raw_data/night/capturenight03,data/pallet/raw_data/night/capturenight02,6,0.3333,0.6677,False,True,night,night,DISTINCT_RECORDING,LIKELY_DIFFERENT_SITE
REC_020,REC_036,data/pallet/raw_data/night/capturenight03,data/pallet/raw_data/capture0403middle,6,0.375,0.3837,False,True,night,unknown,DISTINCT_RECORDING,LIKELY_DIFFERENT_SITE
REC_021,REC_025,data/pallet/raw_data/outside/capturepalletcad,data/pallet/raw_data/outside/capturepallet07,6,0.4286,0.7357,False,True,day,day,DISTINCT_RECORDING,LIKELY_DIFFERENT_SITE
REC_021,REC_027,data/pallet/raw_data/outside/capturepalletcad,data/pallet/raw_data/night/capturenight08,6,0.4615,0.5177,False,True,day,night,DISTINCT_RECORDING,LIKELY_DIFFERENT_SITE
REC_021,REC_031,data/pallet/raw_data/outside/capturepalletcad,data/pallet/raw_data/capture03,6,0.4,0.692,False,True,day,unknown,DISTINCT_RECORDING,LIKELY_DIFFERENT_SITE
REC_021,REC_034,data/pallet/raw_data/outside/capturepalletcad,data/pallet/raw_data/night/capturenight06,6,0.1875,0.4201,False,True,day,night,DISTINCT_RECORDING,LIKELY_DIFFERENT_SITE
REC_021,REC_043,data/pallet/raw_data/outside/capturepalletcad,data/pallet/raw_data/wood/selected/20260618_132917,6,0.4615,0.4369,False,False,day,unknown,DISTINCT_RECORDING,LIKELY_DIFFERENT_SITE
REC_022,REC_036,data/pallet/raw_data/night/capturenight09,data/pallet/raw_data/capture0403middle,6,0.24,0.2774,False,True,night,unknown,DISTINCT_RECORDING,LIKELY_DIFFERENT_SITE
REC_023,REC_027,data/pallet/raw_data/night/capturenight04,data/pallet/raw_data/night/capturenight08,6,0.4615,0.3717,False,True,night,night,DISTINCT_RECORDING,LIKELY_DIFFERENT_SITE
REC_023,REC_031,data/pallet/raw_data/night/capturenight04,data/pallet/raw_data/capture03,6,0.4,0.298,False,True,night,unknown,DISTINCT_RECORDING,LIKELY_DIFFERENT_SITE
REC_023,REC_033,data/pallet/raw_data/night/capturenight04,data/pallet/raw_data/night/capturenight05,6,0.4286,0.5736,False,True,night,night,DISTINCT_RECORDING,LIKELY_DIFFERENT_SITE
REC_023,REC_034,data/pallet/raw_data/night/capturenight04,data/pallet/raw_data/night/capturenight06,6,0.4286,0.6488,False,True,night,night,DISTINCT_RECORDING,LIKELY_DIFFERENT_SITE
REC_025,REC_029,data/pallet/raw_data/outside/capturepallet07,data/pallet/raw_data/night/capturenight07,6,0.4286,0.4617,False,True,day,night,DISTINCT_RECORDING,LIKELY_DIFFERENT_SITE
REC_025,REC_030,data/pallet/raw_data/outside/capturepallet07,challenge/data/01_real/_live_captures/handheld_20260902/sessions/capture_20260902_kimjihoon,6,0.4,0.596,False,True,day,unknown,DISTINCT_RECORDING,LIKELY_DIFFERENT_SITE
REC_025,REC_033,data/pallet/raw_data/outside/capturepallet07,data/pallet/raw_data/night/capturenight05,6,0.5,0.5232,False,True,day,night,DISTINCT_RECORDING,LIKELY_DIFFERENT_SITE
REC_025,REC_038,data/pallet/raw_data/outside/capturepallet07,data/pallet/raw_data/outside/capturepallet02,6,0.3158,0.8035,False,True,day,day,DISTINCT_RECORDING,LIKELY_DIFFERENT_SITE
REC_026,REC_028,challenge/data/01_real/_live_captures/forklift_v4_20260901/sessions/forklift_v4_174126,data/pallet/raw_data/outside/capturepallet10,6,0.3529,0.5428,False,True,unknown,day,DISTINCT_RECORDING,LIKELY_DIFFERENT_SITE
REC_026,REC_029,challenge/data/01_real/_live_captures/forklift_v4_20260901/sessions/forklift_v4_174126,data/pallet/raw_data/night/capturenight07,6,0.4,0.2296,False,True,unknown,night,DISTINCT_RECORDING,LIKELY_DIFFERENT_SITE
REC_026,REC_033,challenge/data/01_real/_live_captures/forklift_v4_20260901/sessions/forklift_v4_174126,data/pallet/raw_data/night/capturenight05,6,0.4615,0.3511,False,True,unknown,night,DISTINCT_RECORDING,LIKELY_DIFFERENT_SITE
REC_026,REC_039,challenge/data/01_real/_live_captures/forklift_v4_20260901/sessions/forklift_v4_174126,data/pallet/raw_data/wood/_annotate_pallet_20260618_183705,6,0.4615,0.4578,False,False,unknown,unknown,DISTINCT_RECORDING,LIKELY_DIFFERENT_SITE
REC_026,REC_041,challenge/data/01_real/_live_captures/forklift_v4_20260901/sessions/forklift_v4_174126,data/pallet/raw_data/outside/capturepallet05,6,0.5,0.3609,False,True,unknown,day,DISTINCT_RECORDING,LIKELY_DIFFERENT_SITE
REC_026,REC_043,challenge/data/01_real/_live_captures/forklift_v4_20260901/sessions/forklift_v4_174126,data/pallet/raw_data/wood/selected/20260618_132917,6,0.5,0.3737,False,False,unknown,unknown,DISTINCT_RECORDING,LIKELY_DIFFERENT_SITE
REC_026,REC_044,challenge/data/01_real/_live_captures/forklift_v4_20260901/sessions/forklift_v4_174126,data/pallet/raw_data/capture0403noapril,6,0.375,0.4044,False,True,unknown,unknown,DISTINCT_RECORDING,LIKELY_DIFFERENT_SITE
REC_030,REC_031,challenge/data/01_real/_live_captures/handheld_20260902/sessions/capture_20260902_kimjihoon,data/pallet/raw_data/capture03,6,0.4615,0.5833,False,True,unknown,unknown,DISTINCT_RECORDING,LIKELY_DIFFERENT_SITE
REC_030,REC_036,challenge/data/01_real/_live_captures/handheld_20260902/sessions/capture_20260902_kimjihoon,data/pallet/raw_data/capture0403middle,6,0.5,0.6177,False,True,unknown,unknown,DISTINCT_RECORDING,LIKELY_DIFFERENT_SITE
REC_030,REC_043,challenge/data/01_real/_live_captures/handheld_20260902/sessions/capture_20260902_kimjihoon,data/pallet/raw_data/wood/selected/20260618_132917,6,0.5,0.571,False,False,unknown,unknown,DISTINCT_RECORDING,LIKELY_DIFFERENT_SITE
REC_033,REC_036,data/pallet/raw_data/night/capturenight05,data/pallet/raw_data/capture0403middle,6,0.2857,0.396,False,True,night,unknown,DISTINCT_RECORDING,LIKELY_DIFFERENT_SITE
REC_033,REC_039,data/pallet/raw_data/night/capturenight05,data/pallet/raw_data/wood/_annotate_pallet_20260618_183705,6,0.4,0.3554,False,False,night,unknown,DISTINCT_RECORDING,LIKELY_DIFFERENT_SITE
REC_001,REC_002,data/evaluation/pallet_eval_v1/incoming/sessions/real_unlabeled_day_20260830,data/evaluation/pallet_eval_v1/incoming/sessions/real_unlabeled_night_20260830,5,0.3333,0.6006,False,True,day,night,DISTINCT_RECORDING,LIKELY_DIFFERENT_SITE
REC_001,REC_008,data/evaluation/pallet_eval_v1/incoming/sessions/real_unlabeled_day_20260830,challenge/data/01_real/_live_captures/forklift_v4_20260901/sessions/forklift_v4_174342,5,0.3333,0.5048,False,True,day,unknown,DISTINCT_RECORDING,LIKELY_DIFFERENT_SITE
REC_001,REC_009,data/evaluation/pallet_eval_v1/incoming/sessions/real_unlabeled_day_20260830,data/pallet/raw_data/vdoframes,5,0.3846,0.6075,False,False,day,unknown,DISTINCT_RECORDING,LIKELY_DIFFERENT_SITE
REC_001,REC_023,data/evaluation/pallet_eval_v1/incoming/sessions/real_unlabeled_day_20260830,data/pallet/raw_data/night/capturenight04,5,0.3846,0.3129,False,True,day,night,DISTINCT_RECORDING,LIKELY_DIFFERENT_SITE
REC_001,REC_029,data/evaluation/pallet_eval_v1/incoming/sessions/real_unlabeled_day_20260830,data/pallet/raw_data/night/capturenight07,5,0.2941,0.2868,False,True,day,night,DISTINCT_RECORDING,LIKELY_DIFFERENT_SITE
REC_001,REC_034,data/evaluation/pallet_eval_v1/incoming/sessions/real_unlabeled_day_20260830,data/pallet/raw_data/night/capturenight06,5,0.1786,0.5266,False,True,day,night,DISTINCT_RECORDING,LIKELY_DIFFERENT_SITE
REC_002,REC_012,data/evaluation/pallet_eval_v1/incoming/sessions/real_unlabeled_night_20260830,data/pallet/raw_data/outside/capturepallet08,5,0.3846,0.483,False,True,night,day,DISTINCT_RECORDING,LIKELY_DIFFERENT_SITE
REC_002,REC_026,data/evaluation/pallet_eval_v1/incoming/sessions/real_unlabeled_night_20260830,challenge/data/01_real/_live_captures/forklift_v4_20260901/sessions/forklift_v4_174126,5,0.3571,0.4007,False,True,night,unknown,DISTINCT_RECORDING,LIKELY_DIFFERENT_SITE
REC_002,REC_033,data/evaluation/pallet_eval_v1/incoming/sessions/real_unlabeled_night_20260830,data/pallet/raw_data/night/capturenight05,5,0.3571,0.7141,False,True,night,night,DISTINCT_RECORDING,LIKELY_DIFFERENT_SITE
REC_004,REC_005,data/pallet/raw_data/negative_real_20260823,challenge/data/01_real/_live_captures/forklift_v4_20260901/sessions/forklift_v4_173507,5,0.3571,0.5686,False,True,unknown,unknown,DISTINCT_RECORDING,LIKELY_DIFFERENT_SITE
REC_004,REC_007,data/pallet/raw_data/negative_real_20260823,data/pallet/raw_data/outside/capturepallet09,5,0.3333,0.7094,False,True,unknown,day,DISTINCT_RECORDING,LIKELY_DIFFERENT_SITE
REC_004,REC_008,data/pallet/raw_data/negative_real_20260823,challenge/data/01_real/_live_captures/forklift_v4_20260901/sessions/forklift_v4_174342,5,0.2941,0.675,False,True,unknown,unknown,DISTINCT_RECORDING,LIKELY_DIFFERENT_SITE
REC_004,REC_013,data/pallet/raw_data/negative_real_20260823,challenge/data/01_real/_live_captures/forklift_v4_20260901/sessions/forklift_v4_174925,5,0.3571,0.6378,False,True,unknown,unknown,DISTINCT_RECORDING,LIKELY_DIFFERENT_SITE
REC_004,REC_014,data/pallet/raw_data/negative_real_20260823,data/pallet/raw_data/real_data,5,0.3846,0.5159,False,True,unknown,unknown,DISTINCT_RECORDING,LIKELY_DIFFERENT_SITE
REC_004,REC_023,data/pallet/raw_data/negative_real_20260823,data/pallet/raw_data/night/capturenight04,5,0.3846,0.2613,False,True,unknown,night,DISTINCT_RECORDING,LIKELY_DIFFERENT_SITE
REC_004,REC_025,data/pallet/raw_data/negative_real_20260823,data/pallet/raw_data/outside/capturepallet07,5,0.3333,0.6774,False,True,unknown,day,DISTINCT_RECORDING,LIKELY_DIFFERENT_SITE
REC_004,REC_026,data/pallet/raw_data/negative_real_20260823,challenge/data/01_real/_live_captures/forklift_v4_20260901/sessions/forklift_v4_174126,5,0.3571,0.6389,False,True,unknown,unknown,DISTINCT_RECORDING,LIKELY_DIFFERENT_SITE
REC_004,REC_044,data/pallet/raw_data/negative_real_20260823,data/pallet/raw_data/capture0403noapril,5,0.3571,0.6023,False,True,unknown,unknown,DISTINCT_RECORDING,LIKELY_DIFFERENT_SITE
REC_005,REC_007,challenge/data/01_real/_live_captures/forklift_v4_20260901/sessions/forklift_v4_173507,data/pallet/raw_data/outside/capturepallet09,5,0.3846,0.4328,False,True,unknown,day,DISTINCT_RECORDING,LIKELY_DIFFERENT_SITE
REC_005,REC_020,challenge/data/01_real/_live_captures/forklift_v4_20260901/sessions/forklift_v4_173507,data/pallet/raw_data/night/capturenight03,5,0.3571,0.3497,False,True,unknown,night,DISTINCT_RECORDING,LIKELY_DIFFERENT_SITE
REC_005,REC_021,challenge/data/01_real/_live_captures/forklift_v4_20260901/sessions/forklift_v4_173507,data/pallet/raw_data/outside/capturepalletcad,5,0.3125,0.5543,False,True,unknown,day,DISTINCT_RECORDING,LIKELY_DIFFERENT_SITE
REC_005,REC_029,challenge/data/01_real/_live_captures/forklift_v4_20260901/sessions/forklift_v4_173507,data/pallet/raw_data/night/capturenight07,5,0.4167,0.2409,False,True,unknown,night,DISTINCT_RECORDING,LIKELY_DIFFERENT_SITE
REC_005,REC_036,challenge/data/01_real/_live_captures/forklift_v4_20260901/sessions/forklift_v4_173507,data/pallet/raw_data/capture0403middle,5,0.4167,0.3812,False,True,unknown,unknown,DISTINCT_RECORDING,LIKELY_DIFFERENT_SITE
REC_007,REC_027,data/pallet/raw_data/outside/capturepallet09,data/pallet/raw_data/night/capturenight08,5,0.4167,0.5221,False,True,day,night,DISTINCT_RECORDING,LIKELY_DIFFERENT_SITE
REC_008,REC_017,challenge/data/01_real/_live_captures/forklift_v4_20260901/sessions/forklift_v4_174342,data/pallet/raw_data/night/capturenight10,5,0.3846,0.2486,False,True,unknown,night,DISTINCT_RECORDING,LIKELY_DIFFERENT_SITE
REC_008,REC_024,challenge/data/01_real/_live_captures/forklift_v4_20260901/sessions/forklift_v4_174342,data/pallet/raw_data/night/capturenight02,5,0.3846,0.3762,False,True,unknown,night,DISTINCT_RECORDING,LIKELY_DIFFERENT_SITE
REC_008,REC_025,challenge/data/01_real/_live_captures/forklift_v4_20260901/sessions/forklift_v4_174342,data/pallet/raw_data/outside/capturepallet07,5,0.3846,0.5082,False,True,unknown,day,DISTINCT_RECORDING,LIKELY_DIFFERENT_SITE
REC_008,REC_027,challenge/data/01_real/_live_captures/forklift_v4_20260901/sessions/forklift_v4_174342,data/pallet/raw_data/night/capturenight08,5,0.4167,0.3006,False,True,unknown,night,DISTINCT_RECORDING,LIKELY_DIFFERENT_SITE
REC_008,REC_028,challenge/data/01_real/_live_captures/forklift_v4_20260901/sessions/forklift_v4_174342,data/pallet/raw_data/outside/capturepallet10,5,0.4167,0.4629,False,True,unknown,day,DISTINCT_RECORDING,LIKELY_DIFFERENT_SITE
REC_008,REC_038,challenge/data/01_real/_live_captures/forklift_v4_20260901/sessions/forklift_v4_174342,data/pallet/raw_data/outside/capturepallet02,5,0.2941,0.3096,False,True,unknown,day,DISTINCT_RECORDING,LIKELY_DIFFERENT_SITE
REC_008,REC_040,challenge/data/01_real/_live_captures/forklift_v4_20260901/sessions/forklift_v4_174342,data/pallet/raw_data/outside/capturepallet03,5,0.3125,0.3121,False,True,unknown,day,DISTINCT_RECORDING,LIKELY_DIFFERENT_SITE
REC_008,REC_043,challenge/data/01_real/_live_captures/forklift_v4_20260901/sessions/forklift_v4_174342,data/pallet/raw_data/wood/selected/20260618_132917,5,0.4167,0.4635,False,False,unknown,unknown,DISTINCT_RECORDING,LIKELY_DIFFERENT_SITE
REC_009,REC_015,data/pallet/raw_data/vdoframes,data/pallet/raw_data/outside/forklift_raw_20260528,5,0.3846,0.6138,False,False,unknown,day,DISTINCT_RECORDING,LIKELY_DIFFERENT_SITE
REC_009,REC_021,data/pallet/raw_data/vdoframes,data/pallet/raw_data/outside/capturepalletcad,5,0.3333,0.3321,False,False,unknown,day,DISTINCT_RECORDING,LIKELY_DIFFERENT_SITE
REC_009,REC_022,data/pallet/raw_data/vdoframes,data/pallet/raw_data/night/capturenight09,5,0.3846,0.2292,False,False,unknown,night,DISTINCT_RECORDING,LIKELY_DIFFERENT_SITE
REC_009,REC_027,data/pallet/raw_data/vdoframes,data/pallet/raw_data/night/capturenight08,5,0.3571,0.2688,False,False,unknown,night,DISTINCT_RECORDING,LIKELY_DIFFERENT_SITE
REC_011,REC_027,data/pallet/raw_data/outside/capturepallet11,data/pallet/raw_data/night/capturenight08,5,0.4167,0.4584,False,True,day,night,DISTINCT_RECORDING,LIKELY_DIFFERENT_SITE
REC_011,REC_033,data/pallet/raw_data/outside/capturepallet11,data/pallet/raw_data/night/capturenight05,5,0.3571,0.5653,False,True,day,night,DISTINCT_RECORDING,LIKELY_DIFFERENT_SITE
REC_011,REC_034,data/pallet/raw_data/outside/capturepallet11,data/pallet/raw_data/night/capturenight06,5,0.1613,0.5128,False,True,day,night,DISTINCT_RECORDING,LIKELY_DIFFERENT_SITE
REC_012,REC_019,data/pallet/raw_data/outside/capturepallet08,data/pallet/raw_data/night/capturenight01,5,0.4167,0.4904,False,True,day,night,DISTINCT_RECORDING,LIKELY_DIFFERENT_SITE
REC_013,REC_017,challenge/data/01_real/_live_captures/forklift_v4_20260901/sessions/forklift_v4_174925,data/pallet/raw_data/night/capturenight10,5,0.4167,0.258,False,True,unknown,night,DISTINCT_RECORDING,LIKELY_DIFFERENT_SITE
REC_013,REC_019,challenge/data/01_real/_live_captures/forklift_v4_20260901/sessions/forklift_v4_174925,data/pallet/raw_data/night/capturenight01,5,0.3571,0.3635,False,True,unknown,night,DISTINCT_RECORDING,LIKELY_DIFFERENT_SITE
REC_013,REC_034,challenge/data/01_real/_live_captures/forklift_v4_20260901/sessions/forklift_v4_174925,data/pallet/raw_data/night/capturenight06,5,0.4167,0.4856,False,True,unknown,night,DISTINCT_RECORDING,LIKELY_DIFFERENT_SITE
REC_013,REC_036,challenge/data/01_real/_live_captures/forklift_v4_20260901/sessions/forklift_v4_174925,data/pallet/raw_data/capture0403middle,5,0.4167,0.5533,False,True,unknown,unknown,DISTINCT_RECORDING,LIKELY_DIFFERENT_SITE
REC_013,REC_040,challenge/data/01_real/_live_captures/forklift_v4_20260901/sessions/forklift_v4_174925,data/pallet/raw_data/outside/capturepallet03,5,0.3125,0.3806,False,True,unknown,day,DISTINCT_RECORDING,LIKELY_DIFFERENT_SITE
REC_013,REC_041,challenge/data/01_real/_live_captures/forklift_v4_20260901/sessions/forklift_v4_174925,data/pallet/raw_data/outside/capturepallet05,5,0.2778,0.3934,False,True,unknown,day,DISTINCT_RECORDING,LIKELY_DIFFERENT_SITE
REC_014,REC_025,data/pallet/raw_data/real_data,data/pallet/raw_data/outside/capturepallet07,5,0.3571,0.5724,False,True,unknown,day,DISTINCT_RECORDING,LIKELY_DIFFERENT_SITE
REC_014,REC_027,data/pallet/raw_data/real_data,data/pallet/raw_data/night/capturenight08,5,0.4167,0.3046,False,True,unknown,night,DISTINCT_RECORDING,LIKELY_DIFFERENT_SITE
REC_015,REC_028,data/pallet/raw_data/outside/forklift_raw_20260528,data/pallet/raw_data/outside/capturepallet10,5,0.4167,0.6141,False,True,day,day,DISTINCT_RECORDING,LIKELY_DIFFERENT_SITE
REC_019,REC_025,data/pallet/raw_data/night/capturenight01,data/pallet/raw_data/outside/capturepallet07,5,0.4167,0.4784,False,True,night,day,DISTINCT_RECORDING,LIKELY_DIFFERENT_SITE
REC_019,REC_038,data/pallet/raw_data/night/capturenight01,data/pallet/raw_data/outside/capturepallet02,5,0.3333,0.3285,False,True,night,day,DISTINCT_RECORDING,LIKELY_DIFFERENT_SITE
REC_019,REC_040,data/pallet/raw_data/night/capturenight01,data/pallet/raw_data/outside/capturepallet03,5,0.2941,0.3219,False,True,night,day,DISTINCT_RECORDING,LIKELY_DIFFERENT_SITE
REC_021,REC_026,data/pallet/raw_data/outside/capturepalletcad,challenge/data/01_real/_live_captures/forklift_v4_20260901/sessions/forklift_v4_174126,5,0.4167,0.6005,False,True,day,unknown,DISTINCT_RECORDING,LIKELY_DIFFERENT_SITE
REC_021,REC_030,data/pallet/raw_data/outside/capturepalletcad,challenge/data/01_real/_live_captures/handheld_20260902/sessions/capture_20260902_kimjihoon,5,0.3571,0.5844,False,True,day,unknown,DISTINCT_RECORDING,LIKELY_DIFFERENT_SITE
REC_021,REC_036,data/pallet/raw_data/outside/capturepalletcad,data/pallet/raw_data/capture0403middle,5,0.4167,0.6515,False,True,day,unknown,DISTINCT_RECORDING,LIKELY_DIFFERENT_SITE
REC_023,REC_026,data/pallet/raw_data/night/capturenight04,challenge/data/01_real/_live_captures/forklift_v4_20260901/sessions/forklift_v4_174126,5,0.4167,0.1729,False,True,night,unknown,DISTINCT_RECORDING,LIKELY_DIFFERENT_SITE
REC_023,REC_029,data/pallet/raw_data/night/capturenight04,data/pallet/raw_data/night/capturenight07,5,0.4167,0.2052,False,True,night,night,DISTINCT_RECORDING,LIKELY_DIFFERENT_SITE
REC_023,REC_030,data/pallet/raw_data/night/capturenight04,challenge/data/01_real/_live_captures/handheld_20260902/sessions/capture_20260902_kimjihoon,5,0.4167,0.2034,False,True,night,unknown,DISTINCT_RECORDING,LIKELY_DIFFERENT_SITE
REC_023,REC_044,data/pallet/raw_data/night/capturenight04,data/pallet/raw_data/capture0403noapril,5,0.4167,0.2373,False,True,night,unknown,DISTINCT_RECORDING,LIKELY_DIFFERENT_SITE
REC_025,REC_027,data/pallet/raw_data/outside/capturepallet07,data/pallet/raw_data/night/capturenight08,5,0.4167,0.5433,False,True,day,night,DISTINCT_RECORDING,LIKELY_DIFFERENT_SITE
REC_026,REC_034,challenge/data/01_real/_live_captures/forklift_v4_20260901/sessions/forklift_v4_174126,data/pallet/raw_data/night/capturenight06,5,0.2778,0.4364,False,True,unknown,night,DISTINCT_RECORDING,LIKELY_DIFFERENT_SITE
REC_002,REC_028,data/evaluation/pallet_eval_v1/incoming/sessions/real_unlabeled_night_20260830,data/pallet/raw_data/outside/capturepallet10,4,0.3077,0.319,False,True,night,day,DISTINCT_RECORDING,LIKELY_DIFFERENT_SITE
REC_004,REC_015,data/pallet/raw_data/negative_real_20260823,data/pallet/raw_data/outside/forklift_raw_20260528,4,0.3077,0.5838,False,True,unknown,day,DISTINCT_RECORDING,LIKELY_DIFFERENT_SITE
REC_004,REC_019,data/pallet/raw_data/negative_real_20260823,data/pallet/raw_data/night/capturenight01,4,0.3333,0.4752,False,True,unknown,night,DISTINCT_RECORDING,LIKELY_DIFFERENT_SITE
REC_004,REC_022,data/pallet/raw_data/negative_real_20260823,data/pallet/raw_data/night/capturenight09,4,0.2857,0.3756,False,True,unknown,night,DISTINCT_RECORDING,LIKELY_DIFFERENT_SITE
REC_004,REC_041,data/pallet/raw_data/negative_real_20260823,data/pallet/raw_data/outside/capturepallet05,4,0.3077,0.416,False,True,unknown,day,DISTINCT_RECORDING,LIKELY_DIFFERENT_SITE
REC_005,REC_023,challenge/data/01_real/_live_captures/forklift_v4_20260901/sessions/forklift_v4_173507,data/pallet/raw_data/night/capturenight04,4,0.3333,0.2192,False,True,unknown,night,DISTINCT_RECORDING,LIKELY_DIFFERENT_SITE
REC_007,REC_019,data/pallet/raw_data/outside/capturepallet09,data/pallet/raw_data/night/capturenight01,4,0.3333,0.4566,False,True,day,night,DISTINCT_RECORDING,LIKELY_DIFFERENT_SITE
REC_011,REC_029,data/pallet/raw_data/outside/capturepallet11,data/pallet/raw_data/night/capturenight07,4,0.3333,0.4379,False,True,day,night,DISTINCT_RECORDING,LIKELY_DIFFERENT_SITE
REC_013,REC_021,challenge/data/01_real/_live_captures/forklift_v4_20260901/sessions/forklift_v4_174925,data/pallet/raw_data/outside/capturepalletcad,4,0.3333,0.6505,False,True,unknown,day,DISTINCT_RECORDING,LIKELY_DIFFERENT_SITE
REC_013,REC_025,challenge/data/01_real/_live_captures/forklift_v4_20260901/sessions/forklift_v4_174925,data/pallet/raw_data/outside/capturepallet07,4,0.3333,0.5644,False,True,unknown,day,DISTINCT_RECORDING,LIKELY_DIFFERENT_SITE
REC_014,REC_034,data/pallet/raw_data/real_data,data/pallet/raw_data/night/capturenight06,4,0.3077,0.3165,False,True,unknown,night,DISTINCT_RECORDING,LIKELY_DIFFERENT_SITE
REC_014,REC_039,data/pallet/raw_data/real_data,data/pallet/raw_data/wood/_annotate_pallet_20260618_183705,4,0.3333,0.7415,False,False,unknown,unknown,DISTINCT_RECORDING,LIKELY_DIFFERENT_SITE
REC_020,REC_025,data/pallet/raw_data/night/capturenight03,data/pallet/raw_data/outside/capturepallet07,4,0.3333,0.4951,False,True,night,day,DISTINCT_RECORDING,LIKELY_DIFFERENT_SITE
REC_026,REC_027,challenge/data/01_real/_live_captures/forklift_v4_20260901/sessions/forklift_v4_174126,data/pallet/raw_data/night/capturenight08,4,0.3077,0.2958,False,True,unknown,night,DISTINCT_RECORDING,LIKELY_DIFFERENT_SITE
REC_030,REC_034,challenge/data/01_real/_live_captures/handheld_20260902/sessions/capture_20260902_kimjihoon,data/pallet/raw_data/night/capturenight06,4,0.3333,0.4244,False,True,unknown,night,DISTINCT_RECORDING,LIKELY_DIFFERENT_SITE
REC_034,REC_036,data/pallet/raw_data/night/capturenight06,data/pallet/raw_data/capture0403middle,4,0.2857,0.3683,False,True,night,unknown,DISTINCT_RECORDING,LIKELY_DIFFERENT_SITE
REC_001,REC_003,data/evaluation/pallet_eval_v1/incoming/sessions/real_unlabeled_day_20260830,challenge/data/01_real/_live_captures/handheld_20260902/sessions/capture_20260902,0,0.0,0.7485,False,True,day,unknown,DISTINCT_RECORDING,LIKELY_DIFFERENT_SITE
REC_001,REC_007,data/evaluation/pallet_eval_v1/incoming/sessions/real_unlabeled_day_20260830,data/pallet/raw_data/outside/capturepallet09,0,0.0,0.8574,False,True,day,day,DISTINCT_RECORDING,LIKELY_DIFFERENT_SITE
REC_001,REC_012,data/evaluation/pallet_eval_v1/incoming/sessions/real_unlabeled_day_20260830,data/pallet/raw_data/outside/capturepallet08,0,0.0,0.6464,False,True,day,day,DISTINCT_RECORDING,LIKELY_DIFFERENT_SITE
REC_001,REC_019,data/evaluation/pallet_eval_v1/incoming/sessions/real_unlabeled_day_20260830,data/pallet/raw_data/night/capturenight01,0,0.0,0.4444,False,True,day,night,DISTINCT_RECORDING,LIKELY_DIFFERENT_SITE
REC_001,REC_020,data/evaluation/pallet_eval_v1/incoming/sessions/real_unlabeled_day_20260830,data/pallet/raw_data/night/capturenight03,0,0.0,0.3226,False,True,day,night,DISTINCT_RECORDING,LIKELY_DIFFERENT_SITE
REC_001,REC_022,data/evaluation/pallet_eval_v1/incoming/sessions/real_unlabeled_day_20260830,data/pallet/raw_data/night/capturenight09,0,0.0,0.2437,False,True,day,night,DISTINCT_RECORDING,LIKELY_DIFFERENT_SITE
REC_001,REC_024,data/evaluation/pallet_eval_v1/incoming/sessions/real_unlabeled_day_20260830,data/pallet/raw_data/night/capturenight02,0,0.0,0.4698,False,True,day,night,DISTINCT_RECORDING,LIKELY_DIFFERENT_SITE
REC_001,REC_033,data/evaluation/pallet_eval_v1/incoming/sessions/real_unlabeled_day_20260830,data/pallet/raw_data/night/capturenight05,0,0.0,0.4102,False,True,day,night,DISTINCT_RECORDING,LIKELY_DIFFERENT_SITE
REC_001,REC_038,data/evaluation/pallet_eval_v1/incoming/sessions/real_unlabeled_day_20260830,data/pallet/raw_data/outside/capturepallet02,0,0.0,0.265,False,True,day,day,DISTINCT_RECORDING,LIKELY_DIFFERENT_SITE
REC_001,REC_045,data/evaluation/pallet_eval_v1/incoming/sessions/real_unlabeled_day_20260830,data/pallet/raw_data/outside/capturepallet04,0,0.0,0.2576,False,True,day,day,DISTINCT_RECORDING,LIKELY_DIFFERENT_SITE
REC_002,REC_007,data/evaluation/pallet_eval_v1/incoming/sessions/real_unlabeled_night_20260830,data/pallet/raw_data/outside/capturepallet09,0,0.0,0.5882,False,True,night,day,DISTINCT_RECORDING,LIKELY_DIFFERENT_SITE
REC_002,REC_008,data/evaluation/pallet_eval_v1/incoming/sessions/real_unlabeled_night_20260830,challenge/data/01_real/_live_captures/forklift_v4_20260901/sessions/forklift_v4_174342,0,0.0,0.4362,False,True,night,unknown,DISTINCT_RECORDING,LIKELY_DIFFERENT_SITE
REC_002,REC_015,data/evaluation/pallet_eval_v1/incoming/sessions/real_unlabeled_night_20260830,data/pallet/raw_data/outside/forklift_raw_20260528,0,0.0,0.442,False,True,night,day,DISTINCT_RECORDING,LIKELY_DIFFERENT_SITE
REC_002,REC_017,data/evaluation/pallet_eval_v1/incoming/sessions/real_unlabeled_night_20260830,data/pallet/raw_data/night/capturenight10,0,0.0,0.7225,False,True,night,night,DISTINCT_RECORDING,LIKELY_DIFFERENT_SITE
REC_002,REC_021,data/evaluation/pallet_eval_v1/incoming/sessions/real_unlabeled_night_20260830,data/pallet/raw_data/outside/capturepalletcad,0,0.0,0.4237,False,True,night,day,DISTINCT_RECORDING,LIKELY_DIFFERENT_SITE
REC_002,REC_022,data/evaluation/pallet_eval_v1/incoming/sessions/real_unlabeled_night_20260830,data/pallet/raw_data/night/capturenight09,0,0.0,0.4584,False,True,night,night,DISTINCT_RECORDING,LIKELY_DIFFERENT_SITE
REC_002,REC_024,data/evaluation/pallet_eval_v1/incoming/sessions/real_unlabeled_night_20260830,data/pallet/raw_data/night/capturenight02,0,0.0,0.7048,False,True,night,night,DISTINCT_RECORDING,LIKELY_DIFFERENT_SITE
REC_002,REC_025,data/evaluation/pallet_eval_v1/incoming/sessions/real_unlabeled_night_20260830,data/pallet/raw_data/outside/capturepallet07,0,0.0,0.4876,False,True,night,day,DISTINCT_RECORDING,LIKELY_DIFFERENT_SITE
REC_002,REC_027,data/evaluation/pallet_eval_v1/incoming/sessions/real_unlabeled_night_20260830,data/pallet/raw_data/night/capturenight08,0,0.0,0.7411,False,True,night,night,DISTINCT_RECORDING,LIKELY_DIFFERENT_SITE
REC_002,REC_029,data/evaluation/pallet_eval_v1/incoming/sessions/real_unlabeled_night_20260830,data/pallet/raw_data/night/capturenight07,0,0.0,0.4744,False,True,night,night,DISTINCT_RECORDING,LIKELY_DIFFERENT_SITE
REC_002,REC_038,data/evaluation/pallet_eval_v1/incoming/sessions/real_unlabeled_night_20260830,data/pallet/raw_data/outside/capturepallet02,0,0.0,0.2439,False,True,night,day,DISTINCT_RECORDING,LIKELY_DIFFERENT_SITE
REC_002,REC_039,data/evaluation/pallet_eval_v1/incoming/sessions/real_unlabeled_night_20260830,data/pallet/raw_data/wood/_annotate_pallet_20260618_183705,0,0.0,0.5096,False,False,night,unknown,DISTINCT_RECORDING,LIKELY_DIFFERENT_SITE
REC_002,REC_040,data/evaluation/pallet_eval_v1/incoming/sessions/real_unlabeled_night_20260830,data/pallet/raw_data/outside/capturepallet03,0,0.0,0.2165,False,True,night,day,DISTINCT_RECORDING,LIKELY_DIFFERENT_SITE
REC_002,REC_043,data/evaluation/pallet_eval_v1/incoming/sessions/real_unlabeled_night_20260830,data/pallet/raw_data/wood/selected/20260618_132917,0,0.0,0.4837,False,False,night,unknown,DISTINCT_RECORDING,LIKELY_DIFFERENT_SITE
REC_002,REC_045,data/evaluation/pallet_eval_v1/incoming/sessions/real_unlabeled_night_20260830,data/pallet/raw_data/outside/capturepallet04,0,0.0,0.2161,False,True,night,day,DISTINCT_RECORDING,LIKELY_DIFFERENT_SITE
REC_003,REC_007,challenge/data/01_real/_live_captures/handheld_20260902/sessions/capture_20260902,data/pallet/raw_data/outside/capturepallet09,0,0.0,0.7305,False,True,unknown,day,DISTINCT_RECORDING,LIKELY_DIFFERENT_SITE
REC_003,REC_011,challenge/data/01_real/_live_captures/handheld_20260902/sessions/capture_20260902,data/pallet/raw_data/outside/capturepallet11,0,0.0,0.5367,False,True,unknown,day,DISTINCT_RECORDING,LIKELY_DIFFERENT_SITE
REC_003,REC_015,challenge/data/01_real/_live_captures/handheld_20260902/sessions/capture_20260902,data/pallet/raw_data/outside/forklift_raw_20260528,0,0.0,0.4317,False,True,unknown,day,DISTINCT_RECORDING,LIKELY_DIFFERENT_SITE
REC_003,REC_017,challenge/data/01_real/_live_captures/handheld_20260902/sessions/capture_20260902,data/pallet/raw_data/night/capturenight10,0,0.0,0.2692,False,True,unknown,night,DISTINCT_RECORDING,LIKELY_DIFFERENT_SITE
REC_003,REC_019,challenge/data/01_real/_live_captures/handheld_20260902/sessions/capture_20260902,data/pallet/raw_data/night/capturenight01,0,0.0,0.3954,False,True,unknown,night,DISTINCT_RECORDING,LIKELY_DIFFERENT_SITE
REC_003,REC_020,challenge/data/01_real/_live_captures/handheld_20260902/sessions/capture_20260902,data/pallet/raw_data/night/capturenight03,0,0.0,0.3675,False,True,unknown,night,DISTINCT_RECORDING,LIKELY_DIFFERENT_SITE
REC_003,REC_021,challenge/data/01_real/_live_captures/handheld_20260902/sessions/capture_20260902,data/pallet/raw_data/outside/capturepalletcad,0,0.0,0.5927,False,True,unknown,day,DISTINCT_RECORDING,LIKELY_DIFFERENT_SITE
REC_003,REC_023,challenge/data/01_real/_live_captures/handheld_20260902/sessions/capture_20260902,data/pallet/raw_data/night/capturenight04,0,0.0,0.2138,False,True,unknown,night,DISTINCT_RECORDING,LIKELY_DIFFERENT_SITE
REC_003,REC_024,challenge/data/01_real/_live_captures/handheld_20260902/sessions/capture_20260902,data/pallet/raw_data/night/capturenight02,0,0.0,0.4036,False,True,unknown,night,DISTINCT_RECORDING,LIKELY_DIFFERENT_SITE
REC_003,REC_025,challenge/data/01_real/_live_captures/handheld_20260902/sessions/capture_20260902,data/pallet/raw_data/outside/capturepallet07,0,0.0,0.6702,False,True,unknown,day,DISTINCT_RECORDING,LIKELY_DIFFERENT_SITE
REC_003,REC_027,challenge/data/01_real/_live_captures/handheld_20260902/sessions/capture_20260902,data/pallet/raw_data/night/capturenight08,0,0.0,0.4346,False,True,unknown,night,DISTINCT_RECORDING,LIKELY_DIFFERENT_SITE
REC_003,REC_028,challenge/data/01_real/_live_captures/handheld_20260902/sessions/capture_20260902,data/pallet/raw_data/outside/capturepallet10,0,0.0,0.4663,False,True,unknown,day,DISTINCT_RECORDING,LIKELY_DIFFERENT_SITE
REC_003,REC_029,challenge/data/01_real/_live_captures/handheld_20260902/sessions/capture_20260902,data/pallet/raw_data/night/capturenight07,0,0.0,0.3802,False,True,unknown,night,DISTINCT_RECORDING,LIKELY_DIFFERENT_SITE
REC_003,REC_031,challenge/data/01_real/_live_captures/handheld_20260902/sessions/capture_20260902,data/pallet/raw_data/capture03,0,0.0,0.6089,False,True,unknown,unknown,DISTINCT_RECORDING,LIKELY_DIFFERENT_SITE
REC_003,REC_033,challenge/data/01_real/_live_captures/handheld_20260902/sessions/capture_20260902,data/pallet/raw_data/night/capturenight05,0,0.0,0.4845,False,True,unknown,night,DISTINCT_RECORDING,LIKELY_DIFFERENT_SITE
REC_003,REC_034,challenge/data/01_real/_live_captures/handheld_20260902/sessions/capture_20260902,data/pallet/raw_data/night/capturenight06,0,0.0,0.3849,False,True,unknown,night,DISTINCT_RECORDING,LIKELY_DIFFERENT_SITE
REC_003,REC_036,challenge/data/01_real/_live_captures/handheld_20260902/sessions/capture_20260902,data/pallet/raw_data/capture0403middle,0,0.0,0.5511,False,True,unknown,unknown,DISTINCT_RECORDING,LIKELY_DIFFERENT_SITE
REC_003,REC_038,challenge/data/01_real/_live_captures/handheld_20260902/sessions/capture_20260902,data/pallet/raw_data/outside/capturepallet02,0,0.0,0.3718,False,True,unknown,day,DISTINCT_RECORDING,LIKELY_DIFFERENT_SITE
REC_003,REC_040,challenge/data/01_real/_live_captures/handheld_20260902/sessions/capture_20260902,data/pallet/raw_data/outside/capturepallet03,0,0.0,0.3486,False,True,unknown,day,DISTINCT_RECORDING,LIKELY_DIFFERENT_SITE
REC_003,REC_041,challenge/data/01_real/_live_captures/handheld_20260902/sessions/capture_20260902,data/pallet/raw_data/outside/capturepallet05,0,0.0,0.3961,False,True,unknown,day,DISTINCT_RECORDING,LIKELY_DIFFERENT_SITE
REC_003,REC_043,challenge/data/01_real/_live_captures/handheld_20260902/sessions/capture_20260902,data/pallet/raw_data/wood/selected/20260618_132917,0,0.0,0.5163,False,False,unknown,unknown,DISTINCT_RECORDING,LIKELY_DIFFERENT_SITE
REC_003,REC_045,challenge/data/01_real/_live_captures/handheld_20260902/sessions/capture_20260902,data/pallet/raw_data/outside/capturepallet04,0,0.0,0.4116,False,True,unknown,day,DISTINCT_RECORDING,LIKELY_DIFFERENT_SITE
REC_004,REC_011,data/pallet/raw_data/negative_real_20260823,data/pallet/raw_data/outside/capturepallet11,0,0.0,0.6387,False,True,unknown,day,DISTINCT_RECORDING,LIKELY_DIFFERENT_SITE
REC_004,REC_012,data/pallet/raw_data/negative_real_20260823,data/pallet/raw_data/outside/capturepallet08,0,0.0,0.6552,False,True,unknown,day,DISTINCT_RECORDING,LIKELY_DIFFERENT_SITE
REC_004,REC_017,data/pallet/raw_data/negative_real_20260823,data/pallet/raw_data/night/capturenight10,0,0.0,0.2799,False,True,unknown,night,DISTINCT_RECORDING,LIKELY_DIFFERENT_SITE
REC_004,REC_020,data/pallet/raw_data/negative_real_20260823,data/pallet/raw_data/night/capturenight03,0,0.0,0.525,False,True,unknown,night,DISTINCT_RECORDING,LIKELY_DIFFERENT_SITE
REC_004,REC_024,data/pallet/raw_data/negative_real_20260823,data/pallet/raw_data/night/capturenight02,0,0.0,0.4175,False,True,unknown,night,DISTINCT_RECORDING,LIKELY_DIFFERENT_SITE
REC_004,REC_027,data/pallet/raw_data/negative_real_20260823,data/pallet/raw_data/night/capturenight08,0,0.0,0.4777,False,True,unknown,night,DISTINCT_RECORDING,LIKELY_DIFFERENT_SITE
REC_004,REC_029,data/pallet/raw_data/negative_real_20260823,data/pallet/raw_data/night/capturenight07,0,0.0,0.3763,False,True,unknown,night,DISTINCT_RECORDING,LIKELY_DIFFERENT_SITE
REC_004,REC_030,data/pallet/raw_data/negative_real_20260823,challenge/data/01_real/_live_captures/handheld_20260902/sessions/capture_20260902_kimjihoon,0,0.0,0.7375,False,True,unknown,unknown,DISTINCT_RECORDING,LIKELY_DIFFERENT_SITE
REC_004,REC_033,data/pallet/raw_data/negative_real_20260823,data/pallet/raw_data/night/capturenight05,0,0.0,0.4721,False,True,unknown,night,DISTINCT_RECORDING,LIKELY_DIFFERENT_SITE
REC_004,REC_038,data/pallet/raw_data/negative_real_20260823,data/pallet/raw_data/outside/capturepallet02,0,0.0,0.4653,False,True,unknown,day,DISTINCT_RECORDING,LIKELY_DIFFERENT_SITE
REC_004,REC_039,data/pallet/raw_data/negative_real_20260823,data/pallet/raw_data/wood/_annotate_pallet_20260618_183705,0,0.0,0.6665,False,False,unknown,unknown,DISTINCT_RECORDING,LIKELY_DIFFERENT_SITE
REC_004,REC_040,data/pallet/raw_data/negative_real_20260823,data/pallet/raw_data/outside/capturepallet03,0,0.0,0.3791,False,True,unknown,day,DISTINCT_RECORDING,LIKELY_DIFFERENT_SITE
REC_004,REC_045,data/pallet/raw_data/negative_real_20260823,data/pallet/raw_data/outside/capturepallet04,0,0.0,0.4335,False,True,unknown,day,DISTINCT_RECORDING,LIKELY_DIFFERENT_SITE
REC_005,REC_017,challenge/data/01_real/_live_captures/forklift_v4_20260901/sessions/forklift_v4_173507,data/pallet/raw_data/night/capturenight10,0,0.0,0.221,False,True,unknown,night,DISTINCT_RECORDING,LIKELY_DIFFERENT_SITE
REC_005,REC_022,challenge/data/01_real/_live_captures/forklift_v4_20260901/sessions/forklift_v4_173507,data/pallet/raw_data/night/capturenight09,0,0.0,0.2527,False,True,unknown,night,DISTINCT_RECORDING,LIKELY_DIFFERENT_SITE
REC_005,REC_024,challenge/data/01_real/_live_captures/forklift_v4_20260901/sessions/forklift_v4_173507,data/pallet/raw_data/night/capturenight02,0,0.0,0.3585,False,True,unknown,night,DISTINCT_RECORDING,LIKELY_DIFFERENT_SITE
REC_005,REC_033,challenge/data/01_real/_live_captures/forklift_v4_20260901/sessions/forklift_v4_173507,data/pallet/raw_data/night/capturenight05,0,0.0,0.3078,False,True,unknown,night,DISTINCT_RECORDING,LIKELY_DIFFERENT_SITE
REC_005,REC_040,challenge/data/01_real/_live_captures/forklift_v4_20260901/sessions/forklift_v4_173507,data/pallet/raw_data/outside/capturepallet03,0,0.0,0.312,False,True,unknown,day,DISTINCT_RECORDING,LIKELY_DIFFERENT_SITE
REC_008,REC_020,challenge/data/01_real/_live_captures/forklift_v4_20260901/sessions/forklift_v4_174342,data/pallet/raw_data/night/capturenight03,0,0.0,0.3805,False,True,unknown,night,DISTINCT_RECORDING,LIKELY_DIFFERENT_SITE
REC_008,REC_021,challenge/data/01_real/_live_captures/forklift_v4_20260901/sessions/forklift_v4_174342,data/pallet/raw_data/outside/capturepalletcad,0,0.0,0.6685,False,True,unknown,day,DISTINCT_RECORDING,LIKELY_DIFFERENT_SITE
REC_008,REC_022,challenge/data/01_real/_live_captures/forklift_v4_20260901/sessions/forklift_v4_174342,data/pallet/raw_data/night/capturenight09,0,0.0,0.254,False,True,unknown,night,DISTINCT_RECORDING,LIKELY_DIFFERENT_SITE
REC_008,REC_033,challenge/data/01_real/_live_captures/forklift_v4_20260901/sessions/forklift_v4_174342,data/pallet/raw_data/night/capturenight05,0,0.0,0.3529,False,True,unknown,night,DISTINCT_RECORDING,LIKELY_DIFFERENT_SITE
REC_009,REC_020,data/pallet/raw_data/vdoframes,data/pallet/raw_data/night/capturenight03,0,0.0,0.2425,False,False,unknown,night,DISTINCT_RECORDING,LIKELY_DIFFERENT_SITE
REC_011,REC_019,data/pallet/raw_data/outside/capturepallet11,data/pallet/raw_data/night/capturenight01,0,0.0,0.5619,False,True,day,night,DISTINCT_RECORDING,LIKELY_DIFFERENT_SITE
REC_012,REC_027,data/pallet/raw_data/outside/capturepallet08,data/pallet/raw_data/night/capturenight08,0,0.0,0.4826,False,True,day,night,DISTINCT_RECORDING,LIKELY_DIFFERENT_SITE
REC_012,REC_029,data/pallet/raw_data/outside/capturepallet08,data/pallet/raw_data/night/capturenight07,0,0.0,0.3694,False,True,day,night,DISTINCT_RECORDING,LIKELY_DIFFERENT_SITE
REC_013,REC_020,challenge/data/01_real/_live_captures/forklift_v4_20260901/sessions/forklift_v4_174925,data/pallet/raw_data/night/capturenight03,0,0.0,0.3694,False,True,unknown,night,DISTINCT_RECORDING,LIKELY_DIFFERENT_SITE
REC_013,REC_024,challenge/data/01_real/_live_captures/forklift_v4_20260901/sessions/forklift_v4_174925,data/pallet/raw_data/night/capturenight02,0,0.0,0.4351,False,True,unknown,night,DISTINCT_RECORDING,LIKELY_DIFFERENT_SITE
REC_013,REC_027,challenge/data/01_real/_live_captures/forklift_v4_20260901/sessions/forklift_v4_174925,data/pallet/raw_data/night/capturenight08,0,0.0,0.3526,False,True,unknown,night,DISTINCT_RECORDING,LIKELY_DIFFERENT_SITE
REC_013,REC_028,challenge/data/01_real/_live_captures/forklift_v4_20260901/sessions/forklift_v4_174925,data/pallet/raw_data/outside/capturepallet10,0,0.0,0.4093,False,True,unknown,day,DISTINCT_RECORDING,LIKELY_DIFFERENT_SITE
REC_013,REC_029,challenge/data/01_real/_live_captures/forklift_v4_20260901/sessions/forklift_v4_174925,data/pallet/raw_data/night/capturenight07,0,0.0,0.2377,False,True,unknown,night,DISTINCT_RECORDING,LIKELY_DIFFERENT_SITE
REC_013,REC_043,challenge/data/01_real/_live_captures/forklift_v4_20260901/sessions/forklift_v4_174925,data/pallet/raw_data/wood/selected/20260618_132917,0,0.0,0.575,False,False,unknown,unknown,DISTINCT_RECORDING,LIKELY_DIFFERENT_SITE
REC_014,REC_017,data/pallet/raw_data/real_data,data/pallet/raw_data/night/capturenight10,0,0.0,0.2149,False,True,unknown,night,DISTINCT_RECORDING,LIKELY_DIFFERENT_SITE
REC_014,REC_033,data/pallet/raw_data/real_data,data/pallet/raw_data/night/capturenight05,0,0.0,0.3394,False,True,unknown,night,DISTINCT_RECORDING,LIKELY_DIFFERENT_SITE
REC_014,REC_038,data/pallet/raw_data/real_data,data/pallet/raw_data/outside/capturepallet02,0,0.0,0.3719,False,True,unknown,day,DISTINCT_RECORDING,LIKELY_DIFFERENT_SITE
REC_015,REC_021,data/pallet/raw_data/outside/forklift_raw_20260528,data/pallet/raw_data/outside/capturepalletcad,0,0.0,0.3617,False,True,day,day,DISTINCT_RECORDING,LIKELY_DIFFERENT_SITE
REC_015,REC_023,data/pallet/raw_data/outside/forklift_raw_20260528,data/pallet/raw_data/night/capturenight04,0,0.0,0.3215,False,True,day,night,DISTINCT_RECORDING,LIKELY_DIFFERENT_SITE
REC_018,REC_019,data/pallet/raw_data/capture02,data/pallet/raw_data/night/capturenight01,0,0.0,0.4826,False,True,unknown,night,DISTINCT_RECORDING,LIKELY_DIFFERENT_SITE
REC_018,REC_020,data/pallet/raw_data/capture02,data/pallet/raw_data/night/capturenight03,0,0.0,0.3759,False,True,unknown,night,DISTINCT_RECORDING,LIKELY_DIFFERENT_SITE
REC_018,REC_021,data/pallet/raw_data/capture02,data/pallet/raw_data/outside/capturepalletcad,0,0.0,0.653,False,True,unknown,day,DISTINCT_RECORDING,LIKELY_DIFFERENT_SITE
REC_018,REC_022,data/pallet/raw_data/capture02,data/pallet/raw_data/night/capturenight09,0,0.0,0.2571,False,True,unknown,night,DISTINCT_RECORDING,LIKELY_DIFFERENT_SITE
REC_018,REC_023,data/pallet/raw_data/capture02,data/pallet/raw_data/night/capturenight04,0,0.0,0.3309,False,True,unknown,night,DISTINCT_RECORDING,LIKELY_DIFFERENT_SITE
REC_018,REC_024,data/pallet/raw_data/capture02,data/pallet/raw_data/night/capturenight02,0,0.0,0.437,False,True,unknown,night,DISTINCT_RECORDING,LIKELY_DIFFERENT_SITE
REC_018,REC_025,data/pallet/raw_data/capture02,data/pallet/raw_data/outside/capturepallet07,0,0.0,0.5259,False,True,unknown,day,DISTINCT_RECORDING,LIKELY_DIFFERENT_SITE
REC_018,REC_026,data/pallet/raw_data/capture02,challenge/data/01_real/_live_captures/forklift_v4_20260901/sessions/forklift_v4_174126,0,0.0,0.4028,False,True,unknown,unknown,DISTINCT_RECORDING,LIKELY_DIFFERENT_SITE
REC_018,REC_027,data/pallet/raw_data/capture02,data/pallet/raw_data/night/capturenight08,0,0.0,0.3233,False,True,unknown,night,DISTINCT_RECORDING,LIKELY_DIFFERENT_SITE
REC_018,REC_028,data/pallet/raw_data/capture02,data/pallet/raw_data/outside/capturepallet10,0,0.0,0.3108,False,True,unknown,day,DISTINCT_RECORDING,LIKELY_DIFFERENT_SITE
REC_018,REC_029,data/pallet/raw_data/capture02,data/pallet/raw_data/night/capturenight07,0,0.0,0.3047,False,True,unknown,night,DISTINCT_RECORDING,LIKELY_DIFFERENT_SITE
REC_018,REC_030,data/pallet/raw_data/capture02,challenge/data/01_real/_live_captures/handheld_20260902/sessions/capture_20260902_kimjihoon,0,0.0,0.5762,False,True,unknown,unknown,DISTINCT_RECORDING,LIKELY_DIFFERENT_SITE
REC_018,REC_033,data/pallet/raw_data/capture02,data/pallet/raw_data/night/capturenight05,0,0.0,0.4116,False,True,unknown,night,DISTINCT_RECORDING,LIKELY_DIFFERENT_SITE
REC_018,REC_034,data/pallet/raw_data/capture02,data/pallet/raw_data/night/capturenight06,0,0.0,0.4903,False,True,unknown,night,DISTINCT_RECORDING,LIKELY_DIFFERENT_SITE
REC_018,REC_038,data/pallet/raw_data/capture02,data/pallet/raw_data/outside/capturepallet02,0,0.0,0.2508,False,True,unknown,day,DISTINCT_RECORDING,LIKELY_DIFFERENT_SITE
REC_018,REC_039,data/pallet/raw_data/capture02,data/pallet/raw_data/wood/_annotate_pallet_20260618_183705,0,0.0,0.4606,False,False,unknown,unknown,DISTINCT_RECORDING,LIKELY_DIFFERENT_SITE
REC_018,REC_040,data/pallet/raw_data/capture02,data/pallet/raw_data/outside/capturepallet03,0,0.0,0.2652,False,True,unknown,day,DISTINCT_RECORDING,LIKELY_DIFFERENT_SITE
REC_018,REC_041,data/pallet/raw_data/capture02,data/pallet/raw_data/outside/capturepallet05,0,0.0,0.2747,False,True,unknown,day,DISTINCT_RECORDING,LIKELY_DIFFERENT_SITE
REC_018,REC_043,data/pallet/raw_data/capture02,data/pallet/raw_data/wood/selected/20260618_132917,0,0.0,0.5504,False,False,unknown,unknown,DISTINCT_RECORDING,LIKELY_DIFFERENT_SITE
REC_018,REC_045,data/pallet/raw_data/capture02,data/pallet/raw_data/outside/capturepallet04,0,0.0,0.2555,False,True,unknown,day,DISTINCT_RECORDING,LIKELY_DIFFERENT_SITE
REC_019,REC_039,data/pallet/raw_data/night/capturenight01,data/pallet/raw_data/wood/_annotate_pallet_20260618_183705,0,0.0,0.4464,False,False,night,unknown,DISTINCT_RECORDING,LIKELY_DIFFERENT_SITE
REC_021,REC_023,data/pallet/raw_data/outside/capturepalletcad,data/pallet/raw_data/night/capturenight04,0,0.0,0.2078,False,True,day,night,DISTINCT_RECORDING,LIKELY_DIFFERENT_SITE
REC_021,REC_024,data/pallet/raw_data/outside/capturepalletcad,data/pallet/raw_data/night/capturenight02,0,0.0,0.3535,False,True,day,night,DISTINCT_RECORDING,LIKELY_DIFFERENT_SITE
REC_021,REC_029,data/pallet/raw_data/outside/capturepalletcad,data/pallet/raw_data/night/capturenight07,0,0.0,0.5136,False,True,day,night,DISTINCT_RECORDING,LIKELY_DIFFERENT_SITE
REC_021,REC_033,data/pallet/raw_data/outside/capturepalletcad,data/pallet/raw_data/night/capturenight05,0,0.0,0.4926,False,True,day,night,DISTINCT_RECORDING,LIKELY_DIFFERENT_SITE
REC_021,REC_039,data/pallet/raw_data/outside/capturepalletcad,data/pallet/raw_data/wood/_annotate_pallet_20260618_183705,0,0.0,0.5268,False,False,day,unknown,DISTINCT_RECORDING,LIKELY_DIFFERENT_SITE
REC_023,REC_024,data/pallet/raw_data/night/capturenight04,data/pallet/raw_data/night/capturenight02,0,0.0,0.7043,False,True,night,night,DISTINCT_RECORDING,LIKELY_DIFFERENT_SITE
REC_023,REC_025,data/pallet/raw_data/night/capturenight04,data/pallet/raw_data/outside/capturepallet07,0,0.0,0.3109,False,True,night,day,DISTINCT_RECORDING,LIKELY_DIFFERENT_SITE
REC_023,REC_028,data/pallet/raw_data/night/capturenight04,data/pallet/raw_data/outside/capturepallet10,0,0.0,0.1867,False,True,night,day,DISTINCT_RECORDING,LIKELY_DIFFERENT_SITE
REC_023,REC_036,data/pallet/raw_data/night/capturenight04,data/pallet/raw_data/capture0403middle,0,0.0,0.2647,False,True,night,unknown,DISTINCT_RECORDING,LIKELY_DIFFERENT_SITE
REC_023,REC_039,data/pallet/raw_data/night/capturenight04,data/pallet/raw_data/wood/_annotate_pallet_20260618_183705,0,0.0,0.3472,False,False,night,unknown,DISTINCT_RECORDING,LIKELY_DIFFERENT_SITE
REC_023,REC_040,data/pallet/raw_data/night/capturenight04,data/pallet/raw_data/outside/capturepallet03,0,0.0,0.1351,False,True,night,day,DISTINCT_RECORDING,LIKELY_DIFFERENT_SITE
REC_023,REC_041,data/pallet/raw_data/night/capturenight04,data/pallet/raw_data/outside/capturepallet05,0,0.0,0.1442,False,True,night,day,DISTINCT_RECORDING,LIKELY_DIFFERENT_SITE
REC_023,REC_045,data/pallet/raw_data/night/capturenight04,data/pallet/raw_data/outside/capturepallet04,0,0.0,0.1661,False,True,night,day,DISTINCT_RECORDING,LIKELY_DIFFERENT_SITE
REC_026,REC_038,challenge/data/01_real/_live_captures/forklift_v4_20260901/sessions/forklift_v4_174126,data/pallet/raw_data/outside/capturepallet02,0,0.0,0.2998,False,True,unknown,day,DISTINCT_RECORDING,LIKELY_DIFFERENT_SITE
REC_030,REC_033,challenge/data/01_real/_live_captures/handheld_20260902/sessions/capture_20260902_kimjihoon,data/pallet/raw_data/night/capturenight05,0,0.0,0.4148,False,True,unknown,night,DISTINCT_RECORDING,LIKELY_DIFFERENT_SITE
REC_030,REC_038,challenge/data/01_real/_live_captures/handheld_20260902/sessions/capture_20260902_kimjihoon,data/pallet/raw_data/outside/capturepallet02,0,0.0,0.3969,False,True,unknown,day,DISTINCT_RECORDING,LIKELY_DIFFERENT_SITE
REC_030,REC_041,challenge/data/01_real/_live_captures/handheld_20260902/sessions/capture_20260902_kimjihoon,data/pallet/raw_data/outside/capturepallet05,0,0.0,0.3495,False,True,unknown,day,DISTINCT_RECORDING,LIKELY_DIFFERENT_SITE
REC_031,REC_033,data/pallet/raw_data/capture03,data/pallet/raw_data/night/capturenight05,0,0.0,0.4186,False,True,unknown,night,DISTINCT_RECORDING,LIKELY_DIFFERENT_SITE
REC_031,REC_034,data/pallet/raw_data/capture03,data/pallet/raw_data/night/capturenight06,0,0.0,0.3851,False,True,unknown,night,DISTINCT_RECORDING,LIKELY_DIFFERENT_SITE
REC_031,REC_038,data/pallet/raw_data/capture03,data/pallet/raw_data/outside/capturepallet02,0,0.0,0.2692,False,True,unknown,day,DISTINCT_RECORDING,LIKELY_DIFFERENT_SITE
REC_031,REC_039,data/pallet/raw_data/capture03,data/pallet/raw_data/wood/_annotate_pallet_20260618_183705,0,0.0,0.5321,False,False,unknown,unknown,DISTINCT_RECORDING,LIKELY_DIFFERENT_SITE
REC_031,REC_040,data/pallet/raw_data/capture03,data/pallet/raw_data/outside/capturepallet03,0,0.0,0.2607,False,True,unknown,day,DISTINCT_RECORDING,LIKELY_DIFFERENT_SITE
REC_031,REC_041,data/pallet/raw_data/capture03,data/pallet/raw_data/outside/capturepallet05,0,0.0,0.2751,False,True,unknown,day,DISTINCT_RECORDING,LIKELY_DIFFERENT_SITE
REC_031,REC_043,data/pallet/raw_data/capture03,data/pallet/raw_data/wood/selected/20260618_132917,0,0.0,0.4001,False,False,unknown,unknown,DISTINCT_RECORDING,LIKELY_DIFFERENT_SITE
REC_031,REC_045,data/pallet/raw_data/capture03,data/pallet/raw_data/outside/capturepallet04,0,0.0,0.2774,False,True,unknown,day,DISTINCT_RECORDING,LIKELY_DIFFERENT_SITE
REC_034,REC_039,data/pallet/raw_data/night/capturenight06,data/pallet/raw_data/wood/_annotate_pallet_20260618_183705,0,0.0,0.241,False,False,night,unknown,DISTINCT_RECORDING,LIKELY_DIFFERENT_SITE
REC_036,REC_038,data/pallet/raw_data/capture0403middle,data/pallet/raw_data/outside/capturepallet02,0,0.0,0.2379,False,True,unknown,day,DISTINCT_RECORDING,LIKELY_DIFFERENT_SITE
REC_036,REC_040,data/pallet/raw_data/capture0403middle,data/pallet/raw_data/outside/capturepallet03,0,0.0,0.2563,False,True,unknown,day,DISTINCT_RECORDING,LIKELY_DIFFERENT_SITE
REC_036,REC_041,data/pallet/raw_data/capture0403middle,data/pallet/raw_data/outside/capturepallet05,0,0.0,0.2638,False,True,unknown,day,DISTINCT_RECORDING,LIKELY_DIFFERENT_SITE
REC_036,REC_045,data/pallet/raw_data/capture0403middle,data/pallet/raw_data/outside/capturepallet04,0,0.0,0.276,False,True,unknown,day,DISTINCT_RECORDING,LIKELY_DIFFERENT_SITE
REC_039,REC_040,data/pallet/raw_data/wood/_annotate_pallet_20260618_183705,data/pallet/raw_data/outside/capturepallet03,0,0.0,0.319,False,False,unknown,day,DISTINCT_RECORDING,LIKELY_DIFFERENT_SITE
REC_039,REC_041,data/pallet/raw_data/wood/_annotate_pallet_20260618_183705,data/pallet/raw_data/outside/capturepallet05,0,0.0,0.3499,False,False,unknown,day,DISTINCT_RECORDING,LIKELY_DIFFERENT_SITE
REC_039,REC_043,data/pallet/raw_data/wood/_annotate_pallet_20260618_183705,data/pallet/raw_data/wood/selected/20260618_132917,0,0.0,0.3251,False,False,unknown,unknown,DISTINCT_RECORDING,LIKELY_DIFFERENT_SITE
REC_039,REC_044,data/pallet/raw_data/wood/_annotate_pallet_20260618_183705,data/pallet/raw_data/capture0403noapril,0,0.0,0.5619,False,False,unknown,unknown,DISTINCT_RECORDING,LIKELY_DIFFERENT_SITE
REC_039,REC_045,data/pallet/raw_data/wood/_annotate_pallet_20260618_183705,data/pallet/raw_data/outside/capturepallet04,0,0.0,0.2806,False,False,unknown,day,DISTINCT_RECORDING,LIKELY_DIFFERENT_SITE
REC_043,REC_045,data/pallet/raw_data/wood/selected/20260618_132917,data/pallet/raw_data/outside/capturepallet04,0,0.0,0.2079,False,False,unknown,day,DISTINCT_RECORDING,LIKELY_DIFFERENT_SITE
REC_044,REC_045,data/pallet/raw_data/capture0403noapril,data/pallet/raw_data/outside/capturepallet04,0,0.0,0.2787,False,True,unknown,day,DISTINCT_RECORDING,LIKELY_DIFFERENT_SITE
