image_path,source_recording,lighting,full_valid_ratio_strict,full_valid_ratio_loose,zero_ratio,saturated_ratio,has_roi,bbox_valid_ratio,hull_valid_ratio,roi_valid_pixels,roi_pixels,largest_component_ratio,usable_support
data/pallet/raw_data/night/capturenight01/rgb/1779448556736988160.png,capturenight01,night,0.8097819010416667,0.9043684895833334,0.09563151041666666,0.09458658854166667,True,1.0,1.0,1263,1263,1.0,True
data/pallet/raw_data/night/capturenight01/rgb/1779448557470275584.png,capturenight01,night,0.8037662760416666,0.9043717447916667,0.09562825520833333,0.10060546875,True,1.0,1.0,1403,1403,1.0,True
data/pallet/raw_data/night/capturenight01/rgb/1779448557903872256.png,capturenight01,night,0.8036197916666666,0.9024739583333333,0.09752604166666666,0.09885416666666667,True,1.0,1.0,1217,1217,1.0,True
data/pallet/raw_data/night/capturenight01/rgb/1779448558337433088.png,capturenight01,night,0.7868977864583333,0.9044466145833333,0.09555338541666666,0.117548828125,True,1.0,1.0,1309,1309,1.0,True
data/pallet/raw_data/night/capturenight01/rgb/1779448558837801984.png,capturenight01,night,0.8153450520833333,0.9138671875,0.0861328125,0.09852213541666667,True,1.0,1.0,1256,1256,1.0,True
data/pallet/raw_data/night/capturenight01/rgb/1779448560138961152.png,capturenight01,night,0.812509765625,0.9122623697916666,0.08773763020833333,0.09975260416666666,True,1.0,1.0,1319,1319,1.0,True
data/pallet/raw_data/night/capturenight01/rgb/1779448561839908608.png,capturenight01,night,0.8302864583333334,0.9099446614583333,0.09005533854166667,0.079658203125,True,1.0,1.0,1719,1719,1.0,True
data/pallet/raw_data/night/capturenight01/rgb/1779448561940019200.png,capturenight01,night,0.81033203125,0.91095703125,0.08904296875,0.100625,True,1.0,1.0,1544,1544,1.0,True
data/pallet/raw_data/night/capturenight01/rgb/1779448562373650432.png,capturenight01,night,0.8100325520833334,0.908681640625,0.091318359375,0.09864908854166667,True,1.0,1.0,1625,1625,1.0,True
data/pallet/raw_data/night/capturenight01/rgb/1779448564108194816.png,capturenight01,night,0.8770345052083334,0.9525748697916666,0.04742513020833333,0.07554036458333334,True,0.9994620763851533,0.999490575649516,1962,1963,0.999490575649516,True
data/pallet/raw_data/night/capturenight01/rgb/1779448566443400960.png,capturenight01,night,0.9001432291666667,0.9697200520833333,0.030279947916666668,0.06957682291666667,True,1.0,1.0,272,272,1.0,True
data/pallet/raw_data/night/capturenight01/rgb/1779448566643478528.png,capturenight01,night,0.9145279947916667,0.9748828125,0.0251171875,0.060354817708333335,True,1.0,1.0,3963,3963,1.0,True
data/pallet/raw_data/night/capturenight01/rgb/1779448568378063872.png,capturenight01,night,0.8813736979166666,0.9449609375,0.0550390625,0.06358723958333333,True,1.0,1.0,2375,2375,1.0,True
data/pallet/raw_data/night/capturenight01/rgb/1779448569645348352.png,capturenight01,night,0.8214322916666666,0.8975065104166666,0.10249348958333333,0.07607421875,True,1.0,1.0,1852,1852,1.0,True
data/pallet/raw_data/night/capturenight01/rgb/1779448570946236928.png,capturenight01,night,0.8373763020833334,0.9170149739583333,0.08298502604166667,0.079638671875,True,1.0,1.0,1839,1839,1.0,True
data/pallet/raw_data/night/capturenight01/rgb/1779448571513686272.png,capturenight01,night,0.8598958333333333,0.92033203125,0.07966796875,0.06043619791666666,True,1.0,1.0,1778,1778,1.0,True
data/pallet/raw_data/night/capturenight01/rgb/1779448571913841408.png,capturenight01,night,0.857939453125,0.9205013020833334,0.07949869791666667,0.06256184895833333,True,1.0,1.0,1837,1837,1.0,True
data/pallet/raw_data/night/capturenight01/rgb/1779448573781575680.png,capturenight01,night,0.8704915364583333,0.9196028645833333,0.08039713541666667,0.049111328125,True,1.0,1.0,1953,1953,1.0,True
data/pallet/raw_data/night/capturenight01/rgb/1779448574115317248.png,capturenight01,night,0.8820670572916667,0.929814453125,0.070185546875,0.04774739583333333,True,1.0,1.0,2148,2148,1.0,True
data/pallet/raw_data/night/capturenight01/rgb/1779448574548898560.png,capturenight01,night,0.852900390625,0.9243326822916667,0.07566731770833333,0.07143229166666666,True,1.0,1.0,2067,2067,1.0,True
data/pallet/raw_data/night/capturenight01/rgb/1779448576450137856.png,capturenight01,night,0.8620149739583334,0.9286458333333333,0.07135416666666666,0.066630859375,True,1.0,1.0,2401,2401,1.0,True
data/pallet/raw_data/night/capturenight01/rgb/1779448577384180992.png,capturenight01,night,0.8623307291666666,0.92642578125,0.07357421875,0.06409505208333334,True,1.0,1.0,2462,2462,1.0,True
data/pallet/raw_data/night/capturenight01/rgb/1779448577584323584.png,capturenight01,night,0.86900390625,0.9345475260416667,0.06545247395833333,0.06554361979166666,True,0.999625748502994,0.9996124031007751,2579,2580,0.9996124031007751,True
data/pallet/raw_data/night/capturenight01/rgb/1779448578218077184.png,capturenight01,night,0.8686686197916667,0.9362727864583333,0.06372721354166666,0.06760416666666667,True,1.0,1.0,2337,2337,1.0,True
data/pallet/raw_data/night/capturenight01/rgb/1779448578918752768.png,capturenight01,night,0.8822786458333334,0.9397330729166666,0.06026692708333333,0.057454427083333336,True,0.9990303813833226,0.9989729544676481,2918,2921,0.9989729544676481,True
data/pallet/raw_data/night/capturenight01/rgb/1779448579619222784.png,capturenight01,night,0.9281705729166667,0.9504459635416667,0.04955403645833333,0.022275390625,True,0.9928137092316197,0.9925714285714285,3474,3500,0.9925714285714285,True
data/pallet/raw_data/night/capturenight01/rgb/1779448580352921600.png,capturenight01,night,0.8962109375,0.944716796875,0.055283203125,0.048505859375,True,0.999604273842501,1.0,2239,2239,1.0,True
data/pallet/raw_data/night/capturenight01/rgb/1779448581853892096.png,capturenight01,night,0.8934700520833333,0.9376627604166666,0.062337239583333336,0.04419270833333333,True,1.0,1.0,1006,1006,1.0,True
data/pallet/raw_data/night/capturenight01/rgb/1779448582721234432.png,capturenight01,night,0.909814453125,0.94927734375,0.05072265625,0.039462890625,True,1.0,1.0,2616,2616,1.0,True
data/pallet/raw_data/night/capturenight01/rgb/1779448583054822400.png,capturenight01,night,0.9240299479166667,0.955234375,0.044765625,0.031204427083333333,True,0.9988207547169812,0.9990155057839035,4059,4063,0.9990155057839035,True
data/pallet/raw_data/night/capturenight01/rgb/1779448583355163648.png,capturenight01,night,0.8910384114583333,0.9484309895833334,0.051569010416666665,0.057392578125,True,1.0,1.0,1638,1638,1.0,True
data/pallet/raw_data/night/capturenight01/rgb/1779448584389239296.png,capturenight01,night,0.8829654947916666,0.93314453125,0.06685546875,0.05017903645833333,True,0.9986187845303868,0.9982134881643591,2235,2239,0.9982134881643591,True
data/pallet/raw_data/night/capturenight01/rgb/1779448586557494016.png,capturenight01,night,0.8706673177083334,0.9675651041666666,0.03243489583333333,0.09689778645833333,True,0.9993847415914684,0.9992587101556709,4044,4047,0.9992587101556709,True
data/pallet/raw_data/night/capturenight01/rgb/1779448587792189696.png,capturenight01,night,0.939580078125,0.9817578125,0.0182421875,0.042177734375,True,1.0,1.0,1560,1560,1.0,True
data/pallet/raw_data/night/capturenight01/rgb/1779448590159923968.png,capturenight01,night,0.9171419270833333,0.975419921875,0.024580078125,0.05827799479166667,True,0.9842555105713,0.9732283464566929,2472,2540,0.9732283464566929,True
data/pallet/raw_data/night/capturenight01/rgb/1779448591327296768.png,capturenight01,night,0.9215234375,0.9732356770833334,0.026764322916666666,0.05171223958333333,True,0.9958333333333333,0.9955530850472485,3582,3598,0.9955530850472485,True
data/pallet/raw_data/night/capturenight01/rgb/1779448592061162240.png,capturenight01,night,0.9155078125,0.9810709635416667,0.018929036458333333,0.06556315104166667,True,1.0,1.0,2355,2355,1.0,True
data/pallet/raw_data/night/capturenight01/rgb/1779448593529096448.png,capturenight01,night,0.90044921875,0.9438899739583333,0.056110026041666664,0.043440755208333334,True,0.9889673433362753,0.9881824627747577,4181,4231,0.9872370597967384,True
data/pallet/raw_data/night/capturenight01/rgb/1779448593829102336.png,capturenight01,night,0.873720703125,0.939365234375,0.060634765625,0.06564453125,True,0.9988154465766406,0.9988117870722434,4203,4208,0.9988117870722434,True
data/pallet/raw_data/night/capturenight01/rgb/1779448594429682432.png,capturenight01,night,0.8848893229166667,0.9372200520833334,0.06277994791666666,0.052330729166666666,True,0.9977777777777778,0.9961920880050772,4709,4727,0.9961920880050772,True
data/pallet/raw_data/night/capturenight01/rgb/1779448594896496128.png,capturenight01,night,0.88181640625,0.9125032552083333,0.08749674479166666,0.030686848958333332,True,0.9880687563195146,0.9872156013001083,4556,4615,0.9872156013001083,True
data/pallet/raw_data/night/capturenight01/rgb/1779448595296903936.png,capturenight01,night,0.90177734375,0.9324186197916666,0.06758138020833333,0.030641276041666665,True,0.9969834087481146,0.9968167348794906,4384,4398,0.9968167348794906,True
data/pallet/raw_data/night/capturenight01/rgb/1779448595830617088.png,capturenight01,night,0.903974609375,0.937080078125,0.062919921875,0.03310546875,True,0.9968377976190477,0.9972689075630252,4747,4760,0.9972689075630252,True
data/pallet/raw_data/night/capturenight01/rgb/1779448596030724864.png,capturenight01,night,0.88716796875,0.9209895833333334,0.07901041666666667,0.03382161458333333,True,0.9886363636363636,0.987885462555066,4485,4540,0.987885462555066,True
data/pallet/raw_data/night/capturenight01/rgb/1779448597465017088.png,capturenight01,night,0.8599348958333334,0.9214908854166667,0.07850911458333333,0.06155598958333333,True,1.0,1.0,4416,4416,1.0,True
data/pallet/raw_data/night/capturenight01/rgb/1779448597998876416.png,capturenight01,night,0.859794921875,0.920302734375,0.079697265625,0.0605078125,True,0.9939117199391172,0.9932758982979617,4727,4759,0.9932758982979617,True
data/pallet/raw_data/night/capturenight01/rgb/1779448598732770816.png,capturenight01,night,0.8761328125,0.9413606770833334,0.05863932291666667,0.06522786458333334,True,0.9900734564224737,0.9888888888888889,4539,4590,0.9888888888888889,True
data/pallet/raw_data/night/capturenight01/rgb/1779448598932603648.png,capturenight01,night,0.875146484375,0.9439225260416667,0.05607747395833333,0.06877604166666666,True,0.9954337899543378,0.9950576606260296,4832,4856,0.9950576606260296,True
data/pallet/raw_data/night/capturenight01/rgb/1779448599466561536.png,capturenight01,night,0.8950651041666666,0.95126953125,0.04873046875,0.056204427083333335,True,0.9933103975535168,0.9925229651783807,4646,4681,0.9925229651783807,True
data/pallet/raw_data/night/capturenight01/rgb/1779448600266955520.png,capturenight01,night,0.8729069010416667,0.9422265625,0.0577734375,0.06931966145833333,True,0.9761111111111112,0.9732309607802448,4690,4819,0.9732309607802448,True
data/pallet/raw_data/night/capturenight01/rgb/1779448601968534016.png,capturenight01,night,0.88921875,0.94732421875,0.05267578125,0.05810546875,True,0.9992211838006231,0.9991421831438988,4659,4663,0.9991421831438988,True
data/pallet/raw_data/night/capturenight01/rgb/1779448602302164224.png,capturenight01,night,0.881513671875,0.936376953125,0.063623046875,0.05486328125,True,0.9942396313364056,0.9939267015706806,4746,4775,0.9939267015706806,True
data/pallet/raw_data/night/capturenight01/rgb/1779448603202598400.png,capturenight01,night,0.90203125,0.950625,0.049375,0.04859375,True,0.9990423290557364,0.9989884685413717,4938,4943,0.9989884685413717,True
data/pallet/raw_data/night/capturenight01/rgb/1779448615510915328.png,capturenight01,night,0.9142805989583334,0.9419368489583333,0.058063151041666664,0.02765625,True,0.997545008183306,0.9967729688686409,5251,5268,0.9967729688686409,True
data/pallet/raw_data/night/capturenight01/rgb/1779448616144850944.png,capturenight01,night,0.9146158854166667,0.9443391927083333,0.05566080729166667,0.029723307291666667,True,0.9870172022070757,0.9840827695980899,4946,5026,0.9840827695980899,True
data/pallet/raw_data/night/capturenight01/rgb/1779448616244816896.png,capturenight01,night,0.9102962239583333,0.9433821614583333,0.05661783854166667,0.0330859375,True,0.9962986803990989,0.9954733320212557,5058,5081,0.9954733320212557,True
data/pallet/raw_data/night/capturenight01/rgb/1779448618746842112.png,capturenight01,night,0.9046028645833334,0.9640625,0.0359375,0.05945963541666666,True,0.9948717948717949,0.9942951785057048,5403,5434,0.9942951785057048,True
data/pallet/raw_data/night/capturenight01/rgb/1779448619247128320.png,capturenight01,night,0.9268391927083334,0.979736328125,0.020263671875,0.052897135416666664,True,0.9998511904761904,0.9998281196287384,5817,5818,0.9998281196287384,True
data/pallet/raw_data/night/capturenight01/rgb/1779448619413827840.png,capturenight01,night,0.9094759114583333,0.9743391927083334,0.025660807291666667,0.06486328125,True,0.9915375788869765,0.9894043987799005,6163,6229,0.9894043987799005,True
data/pallet/raw_data/night/capturenight01/rgb/1779448619813985536.png,capturenight01,night,0.9011881510416667,0.9648111979166667,0.03518880208333333,0.063623046875,True,0.997096399535424,0.9970223325062034,6027,6045,0.9970223325062034,True
data/pallet/raw_data/night/capturenight01/rgb/1779448620281001216.png,capturenight01,night,0.9114615885416667,0.957255859375,0.042744140625,0.04579427083333333,True,0.9969491525423729,0.9966114457831325,5294,5312,0.9966114457831325,True
data/pallet/raw_data/night/capturenight01/rgb/1779448620814788096.png,capturenight01,night,0.8882584635416667,0.9385970052083333,0.061402994791666665,0.05033854166666667,True,0.9741443452380952,0.9722997210043842,4879,5018,0.9722997210043842,True
data/pallet/raw_data/night/capturenight01/rgb/1779448621381746176.png,capturenight01,night,0.88193359375,0.93666015625,0.06333984375,0.0547265625,True,0.9975949975949976,0.9972840847365562,5508,5523,0.9972840847365562,True
data/pallet/raw_data/night/capturenight01/rgb/1779448621982224896.png,capturenight01,night,0.9074348958333334,0.9431966145833334,0.056803385416666664,0.03576171875,True,0.9938820912124583,0.9927452596867271,6021,6065,0.9927452596867271,True
data/pallet/raw_data/night/capturenight01/rgb/1779448622115595520.png,capturenight01,night,0.926416015625,0.9505078125,0.0494921875,0.024091796875,True,0.983433734939759,0.9815797689665938,6288,6406,0.9815797689665938,True
data/pallet/raw_data/night/capturenight01/rgb/1779448625951881728.png,capturenight01,night,0.9158658854166667,0.9479361979166666,0.05206380208333333,0.0320703125,True,0.9905447070914697,0.9903014416775885,3778,3815,0.9903014416775885,True
data/pallet/raw_data/night/capturenight01/rgb/1779448626085151232.png,capturenight01,night,0.9200325520833333,0.9513899739583334,0.048610026041666664,0.031357421875,True,0.9995576199955762,0.9994891443167305,3913,3915,0.9994891443167305,True
data/pallet/raw_data/night/capturenight01/rgb/1779448628587282432.png,capturenight01,night,0.9531608072916666,0.9847819010416666,0.015218098958333334,0.03162109375,True,0.9735039149888143,0.9742900087018432,12316,12641,0.9734989320465153,True
data/pallet/raw_data/night/capturenight01/rgb/1779448628754166016.png,capturenight01,night,0.947041015625,0.97505859375,0.02494140625,0.028017578125,True,0.9806693989071038,0.9817218339605253,12783,13021,0.981414637892635,True
data/pallet/raw_data/night/capturenight01/rgb/1779448629020662272.png,capturenight01,night,0.93546875,0.9727311197916667,0.027268880208333332,0.037262369791666666,True,0.9769108280254777,0.9752006362518979,13488,13831,0.9743330200274745,True
data/pallet/raw_data/night/capturenight01/rgb/1779448631388837888.png,capturenight01,night,0.9290299479166667,0.9813509114583333,0.018649088541666668,0.05232096354166667,True,0.9853933476224498,0.9834488381573583,12062,12265,0.9829596412556054,True
data/pallet/raw_data/night/capturenight01/rgb/1779448633156790272.png,capturenight01,night,0.9277180989583333,0.965517578125,0.034482421875,0.037799479166666664,True,0.9714342001576044,0.9687411996620671,13760,14204,0.964235426640383,True
data/pallet/raw_data/night/capturenight01/rgb/1779448634958011392.png,capturenight01,night,0.949697265625,0.9780598958333333,0.021940104166666665,0.028362630208333333,True,0.9858236923578295,0.9870243377706064,14681,14874,0.9870243377706064,True
data/pallet/raw_data/night/capturenight01/rgb/1779448638093856768.png,capturenight01,night,0.9363444010416667,0.954541015625,0.045458984375,0.018196614583333333,True,0.996014974036952,0.9960035523978685,6729,6756,0.9960035523978685,True
data/pallet/raw_data/night/capturenight01/rgb/1779448638727432704.png,capturenight01,night,0.9516764322916667,0.9605078125,0.0394921875,0.008831380208333333,True,0.9853174603174604,0.9944059447273942,11910,11977,0.9944059447273942,True
data/pallet/raw_data/night/capturenight01/rgb/1779448639694974976.png,capturenight01,night,0.9381022135416667,0.9842057291666667,0.015794270833333332,0.046103515625,True,0.9785591766723842,0.9775569760978321,14069,14392,0.9732490272373541,True
data/pallet/raw_data/night/capturenight01/rgb/1779448640862080768.png,capturenight01,night,0.9423893229166667,0.9893717447916667,0.010628255208333333,0.046982421875,True,0.9787403818751781,0.9763143483023001,14262,14608,0.9748767798466593,True
data/pallet/raw_data/night/capturenight01/rgb/1779448641195688704.png,capturenight01,night,0.941142578125,0.9838118489583333,0.016188151041666668,0.042669270833333335,True,0.9781243231535629,0.9761702127659575,14911,15275,0.9742062193126023,True
data/pallet/raw_data/night/capturenight01/rgb/1779448642463240448.png,capturenight01,night,0.9447591145833333,0.97357421875,0.02642578125,0.028815104166666668,True,0.9692942601847645,0.9727377080543332,20338,20908,0.9721159364836426,True
data/pallet/raw_data/night/capturenight01/rgb/1779448642863913472.png,capturenight01,night,0.9586002604166667,0.9770377604166667,0.022962239583333332,0.0184375,True,0.9814518814518814,0.9907794757961239,23210,23426,0.9907794757961239,True
data/pallet/raw_data/night/capturenight01/rgb/1779448643731123456.png,capturenight01,night,0.9416666666666667,0.9725748697916666,0.027425130208333332,0.030908203125,True,0.9770951704545454,0.9829346240963108,31679,32229,0.9829346240963108,True
data/pallet/raw_data/night/capturenight01/rgb/1779448644197775104.png,capturenight01,night,0.9470963541666667,0.9645735677083334,0.035426432291666664,0.017477213541666668,True,0.9794233401779603,0.9809774733236728,37233,37955,0.9809774733236728,True
data/pallet/raw_data/night/capturenight01/rgb/1779448644965228800.png,capturenight01,night,0.9512825520833333,0.9638248697916667,0.036175130208333336,0.012542317708333334,True,0.9767984223613135,0.9774118765975153,49329,50469,0.9769561513007985,True
data/pallet/raw_data/night/capturenight01/rgb/1779448645498783744.png,capturenight01,night,0.943408203125,0.9582584635416667,0.04174153645833333,0.014850260416666667,True,0.9767770782005657,0.9750706302528475,54876,56279,0.9749995557845733,True
data/pallet/raw_data/night/capturenight01/rgb/1779448646566616576.png,capturenight01,night,0.9502604166666667,0.9789973958333333,0.021002604166666668,0.028736979166666666,True,0.9745989304812834,0.9608412406174763,27138,28244,0.9608412406174763,True
data/pallet/raw_data/night/capturenight01/rgb/1779448648100537088.png,capturenight01,night,0.9542024739583334,0.968203125,0.031796875,0.014000651041666666,True,0.9751447269066197,0.9752892620290673,55295,56696,0.9749717793142373,True
data/pallet/raw_data/night/capturenight01/rgb/1779448649534886400.png,capturenight01,night,0.9630013020833333,0.973212890625,0.026787109375,0.010211588541666667,True,0.9747530931191665,0.9732747442731595,54044,55528,0.9730406281515632,True
data/pallet/raw_data/night/capturenight01/rgb/1779448650635599872.png,capturenight01,night,0.96470703125,0.9843424479166667,0.015657552083333335,0.019635416666666666,True,0.9664245945291697,0.9625816878645211,27397,28462,0.9623357459068231,True
data/pallet/raw_data/night/capturenight01/rgb/1779448651903224320.png,capturenight01,night,0.95650390625,0.9687044270833334,0.03129557291666667,0.012200520833333334,True,0.9799176171576668,0.9765044667692006,59682,61118,0.9739847508099087,True
data/pallet/raw_data/night/capturenight01/rgb/1779448651969966336.png,capturenight01,night,0.9597819010416667,0.968759765625,0.031240234375,0.008977864583333333,True,0.9783808995562727,0.9752742356238961,60191,61717,0.9743506651327836,True
data/pallet/raw_data/night/capturenight01/rgb/1779448653271090432.png,capturenight01,night,0.9467122395833333,0.9577799479166667,0.042220052083333334,0.011067708333333334,True,0.9707405109694884,0.9666859791425261,66740,69040,0.9663818076477404,True
data/pallet/raw_data/night/capturenight01/rgb/1779448653471087872.png,capturenight01,night,0.9461490885416667,0.9611490885416667,0.03885091145833333,0.015,True,0.9719534915041189,0.9678230196644817,69691,72008,0.9676980335518276,True
data/pallet/raw_data/night/capturenight01/rgb/1779448654972012544.png,capturenight01,night,0.9564811197916666,0.96255859375,0.03744140625,0.006077473958333334,True,0.9686953671328671,0.959311151875514,60663,63236,0.9592637105446264,True
data/pallet/raw_data/night/capturenight01/rgb/1779448655138856960.png,capturenight01,night,0.9636458333333333,0.9693229166666667,0.030677083333333334,0.0056770833333333335,True,0.9706871143041356,0.9672397601675937,53558,55372,0.9669146861229502,True
data/pallet/raw_data/night/capturenight01/rgb/1779448658874758400.png,capturenight01,night,0.9475455729166666,0.9639485677083334,0.036051432291666664,0.016402994791666667,True,0.9385841110858183,0.9679504627109418,42675,44088,0.9662493195427327,True
data/pallet/raw_data/night/capturenight01/rgb/1779448659875475200.png,capturenight01,night,0.9428190104166667,0.9652962239583334,0.03470377604166667,0.022477213541666666,True,0.9360607831677382,0.9780251637966023,16868,17247,0.9780251637966023,True
data/pallet/raw_data/night/capturenight01/rgb/1779448660242530816.png,capturenight01,night,0.9639388020833334,0.9723893229166667,0.027610677083333333,0.008450520833333334,True,0.9528905322249811,0.9791356184798807,15768,16104,0.9791356184798807,True
data/pallet/raw_data/night/capturenight01/rgb/1779448663244465664.png,capturenight01,night,0.9566471354166667,0.969345703125,0.030654296875,0.012698567708333334,True,0.9580536912751678,0.9773903830873324,40592,41531,0.9770532854975801,True
data/pallet/raw_data/night/capturenight01/rgb/1779448665479451648.png,capturenight01,night,0.9517350260416667,0.9679296875,0.0320703125,0.016194661458333332,True,0.9592074230387289,0.9592736574611669,57001,59421,0.9591053667895189,True
data/pallet/raw_data/night/capturenight01/rgb/1779448665579691776.png,capturenight01,night,0.945146484375,0.9637565104166667,0.03624348958333334,0.01861002604166667,True,0.9603113201708238,0.9623532656473549,55829,58013,0.9620774653956872,True
data/pallet/raw_data/night/capturenight01/rgb/1779448665913008384.png,capturenight01,night,0.952841796875,0.9672526041666667,0.03274739583333333,0.014410807291666666,True,0.9680016952744226,0.9702451561882167,49075,50580,0.9689007512850929,True
data/pallet/raw_data/night/capturenight01/rgb/1779448666180243712.png,capturenight01,night,0.9493782552083333,0.9740625,0.0259375,0.024684244791666667,True,0.9654356060606061,0.9635152556940266,44842,46540,0.9635152556940266,True
data/pallet/raw_data/night/capturenight01/rgb/1779448666246638848.png,capturenight01,night,0.9508268229166666,0.9709212239583334,0.029078776041666667,0.020094401041666668,True,0.9620228410513142,0.9606333654098504,43924,45724,0.9558437582013822,True
data/pallet/raw_data/night/capturenight01/rgb/1779448667314095616.png,capturenight01,night,0.9566569010416667,0.9686100260416667,0.03138997395833333,0.011953125,True,0.9689408440433871,0.9715622933306202,38196,39314,0.9712061860914687,True
data/pallet/raw_data/night/capturenight01/rgb/1779448668147937792.png,capturenight01,night,0.9696256510416666,0.9774934895833334,0.022506510416666667,0.007867838541666667,True,0.9752852754004828,0.9572133557328854,18233,19048,0.9567408651826963,True
data/pallet/raw_data/night/capturenight01/rgb/1779448668915440384.png,capturenight01,night,0.968642578125,0.9783919270833333,0.021608072916666665,0.009749348958333333,True,0.9731677837600263,0.9762487938840644,39459,40419,0.9761003488458398,True
data/pallet/raw_data/night/capturenight01/rgb/1779448669548905984.png,capturenight01,night,0.9572200520833334,0.9744108072916666,0.025589192708333333,0.017190755208333332,True,0.9658906554185593,0.9643658619517171,42543,44115,0.964184517737731,True
data/pallet/raw_data/night/capturenight01/rgb/1779448670016088320.png,capturenight01,night,0.96080078125,0.9779069010416667,0.022093098958333335,0.017106119791666666,True,0.9772988505747127,0.9760526889270926,40310,41299,0.9756168430228335,True
data/pallet/raw_data/night/capturenight01/rgb/1779448670950046208.png,capturenight01,night,0.9634733072916667,0.9729524739583333,0.027047526041666665,0.009479166666666667,True,0.9801068376068376,0.9798330845101446,40035,40859,0.9794904427421132,True
data/pallet/raw_data/night/capturenight01/rgb/1779448671350194176.png,capturenight01,night,0.9597135416666667,0.973916015625,0.026083984375,0.014202473958333333,True,0.9795479302832244,0.9761873552671823,22342,22887,0.9757067330799144,True
data/pallet/raw_data/night/capturenight02/rgb/1779448696016933120.png,capturenight02,night,0.8780826822916666,0.9307975260416667,0.06920247395833333,0.05271484375,True,1.0,1.0,497,497,1.0,True
data/pallet/raw_data/night/capturenight02/rgb/1779448698618539264.png,capturenight02,night,0.9181608072916667,0.96146484375,0.03853515625,0.043304036458333334,True,0.9984709480122325,0.999194847020934,4964,4968,0.999194847020934,True
data/pallet/raw_data/night/capturenight02/rgb/1779448698718573568.png,capturenight02,night,0.9142838541666667,0.9642220052083333,0.03577799479166666,0.04993815104166666,True,0.9990221642764016,0.9989171629669734,5535,5541,0.9989171629669734,True
data/pallet/raw_data/night/capturenight02/rgb/1779448698918811392.png,capturenight02,night,0.9043684895833334,0.9606217447916666,0.03937825520833333,0.05625325520833333,True,1.0,1.0,4710,4710,1.0,True
data/pallet/raw_data/night/capturenight02/rgb/1779448700419784192.png,capturenight02,night,0.9012076822916667,0.9875911458333333,0.012408854166666667,0.08638346354166666,True,0.9998285322359396,0.999753269183321,4052,4053,0.999753269183321,True
data/pallet/raw_data/night/capturenight02/rgb/1779448700620226816.png,capturenight02,night,0.8952115885416667,0.9878190104166666,0.012180989583333333,0.092607421875,True,0.9990880072959416,0.998755057578587,3209,3213,0.998755057578587,True
data/pallet/raw_data/night/capturenight02/rgb/1779448701086922496.png,capturenight02,night,0.905390625,0.9891634114583333,0.010836588541666666,0.08377278645833333,True,0.9918414918414918,0.9885919165580183,3033,3068,0.9885919165580183,True
data/pallet/raw_data/night/capturenight02/rgb/1779448701554289920.png,capturenight02,night,0.8919856770833333,0.9805143229166666,0.019485677083333333,0.08852864583333334,True,0.999390243902439,0.9992242048099301,5152,5156,0.9992242048099301,True
data/pallet/raw_data/night/capturenight02/rgb/1779448702721389312.png,capturenight02,night,0.8899479166666666,0.95126953125,0.04873046875,0.061321614583333336,True,0.9988591916558018,0.9986742424242424,5273,5280,0.9986742424242424,True
data/pallet/raw_data/night/capturenight02/rgb/1779448703588740096.png,capturenight02,night,0.90625,0.9613053385416667,0.038694661458333335,0.055055338541666665,True,0.9974683544303797,0.9962855963681386,4828,4846,0.9962855963681386,True
data/pallet/raw_data/night/capturenight02/rgb/1779448704422495232.png,capturenight02,night,0.88279296875,0.9762272135416666,0.023772786458333334,0.09343424479166666,True,1.0,1.0,1048,1048,1.0,True
data/pallet/raw_data/night/capturenight02/rgb/1779448705456690944.png,capturenight02,night,0.8772688802083334,0.91978515625,0.08021484375,0.04251627604166667,True,1.0,1.0,990,990,1.0,True
data/pallet/raw_data/night/capturenight02/rgb/1779448705523397888.png,capturenight02,night,0.8937174479166666,0.9418522135416667,0.058147786458333336,0.048134765625,False,,,,,,
data/pallet/raw_data/night/capturenight02/rgb/1779448705690138112.png,capturenight02,night,0.8989615885416666,0.9477701822916667,0.052229817708333334,0.04880859375,True,1.0,1.0,256,256,1.0,True
data/pallet/raw_data/night/capturenight02/rgb/1779448705890321408.png,capturenight02,night,0.8951171875,0.939228515625,0.060771484375,0.044111328125,False,,,,,,
data/pallet/raw_data/night/capturenight02/rgb/1779448705956929792.png,capturenight02,night,0.88703125,0.9364225260416666,0.06357747395833334,0.04939127604166667,False,,,,,,
data/pallet/raw_data/night/capturenight02/rgb/1779448706190625792.png,capturenight02,night,0.876572265625,0.9271907552083334,0.07280924479166667,0.050618489583333336,True,0.09375,0.06369426751592357,40,628,0.06369426751592357,False
data/pallet/raw_data/night/capturenight02/rgb/1779448706924433664.png,capturenight02,night,0.8892057291666666,0.932822265625,0.067177734375,0.043616536458333334,True,1.0,1.0,826,826,1.0,True
data/pallet/raw_data/night/capturenight02/rgb/1779448708792289280.png,capturenight02,night,0.8755078125,0.9754231770833334,0.024576822916666668,0.09991536458333333,True,1.0,1.0,1148,1148,1.0,True
data/pallet/raw_data/night/capturenight02/rgb/1779448708992437504.png,capturenight02,night,0.8635611979166666,0.9757942708333334,0.024205729166666665,0.11223307291666666,True,0.9991952789699571,0.9992020427705075,6261,6266,0.9992020427705075,True
data/pallet/raw_data/night/capturenight02/rgb/1779448709659545600.png,capturenight02,night,0.890048828125,0.972158203125,0.027841796875,0.082109375,True,0.9996983408748115,0.999649430324277,5703,5705,0.999649430324277,True
data/pallet/raw_data/night/capturenight02/rgb/1779448710326677504.png,capturenight02,night,0.8925651041666667,0.9646484375,0.0353515625,0.07208333333333333,True,0.9976756198347108,0.9971047128840277,6199,6217,0.9971047128840277,True
data/pallet/raw_data/night/capturenight02/rgb/1779448710560176640.png,capturenight02,night,0.8980859375,0.9628548177083334,0.03714518229166667,0.06476888020833334,True,0.9995136186770428,0.999413661682791,6818,6822,0.999413661682791,True
data/pallet/raw_data/night/capturenight02/rgb/1779448712027896064.png,capturenight02,night,0.8993587239583334,0.9628483072916667,0.037151692708333336,0.06348958333333334,True,0.9995966928816293,0.9994923213605788,7875,7879,0.9994923213605788,True
data/pallet/raw_data/night/capturenight02/rgb/1779448712694970368.png,capturenight02,night,0.893046875,0.956259765625,0.043740234375,0.063212890625,True,0.9977453102453102,0.997571973638571,8628,8649,0.997571973638571,True
data/pallet/raw_data/night/capturenight02/rgb/1779448712895164416.png,capturenight02,night,0.8947884114583333,0.9553971354166667,0.04460286458333333,0.06060872395833333,True,0.9965703971119133,0.99584035975267,8858,8895,0.99584035975267,True
data/pallet/raw_data/night/capturenight02/rgb/1779448714429589504.png,capturenight02,night,0.920205078125,0.9707942708333334,0.029205729166666666,0.050589192708333335,True,0.9958145096997076,0.9940224388449512,10809,10874,0.9940224388449512,True
data/pallet/raw_data/night/capturenight02/rgb/1779448715230347776.png,capturenight02,night,0.906171875,0.9803971354166666,0.019602864583333334,0.07422526041666666,True,0.9948622881355932,0.9937948152233866,14414,14504,0.9937948152233866,True
data/pallet/raw_data/night/capturenight02/rgb/1779448715764028160.png,capturenight02,night,0.9040169270833334,0.9837565104166667,0.016243489583333333,0.07973958333333334,True,0.9964912280701754,0.9967853222518426,12713,12754,0.9958444409596989,True
data/pallet/raw_data/night/capturenight02/rgb/1779448716497697280.png,capturenight02,night,0.9169010416666666,0.9639876302083333,0.036012369791666665,0.04708658854166667,True,0.9919610746773853,0.9891615700239994,12777,12917,0.9891615700239994,True
data/pallet/raw_data/night/capturenight02/rgb/1779448716631280640.png,capturenight02,night,0.9255696614583333,0.9617057291666666,0.03829427083333333,0.03613606770833333,True,0.9935213414634146,0.9947443501764397,13249,13319,0.9947443501764397,True
data/pallet/raw_data/night/capturenight02/rgb/1779448716898029312.png,capturenight02,night,0.950107421875,0.9742350260416667,0.025764973958333333,0.024127604166666667,True,0.9975633528265108,0.9986618095308899,13433,13451,0.9986618095308899,True
data/pallet/raw_data/night/capturenight02/rgb/1779448718966190336.png,capturenight02,night,0.8941764322916667,0.9415266927083333,0.058473307291666665,0.047350260416666665,True,0.9996923076923077,0.9997745208568207,8868,8870,0.9997745208568207,True
data/pallet/raw_data/night/capturenight02/rgb/1779448719566516480.png,capturenight02,night,0.9249381510416667,0.9613932291666667,0.03860677083333333,0.036455078125,True,0.9970363615638892,0.9986808354708685,13627,13645,0.9986808354708685,True
data/pallet/raw_data/night/capturenight02/rgb/1779448719900115456.png,capturenight02,night,0.9201139322916667,0.9545768229166667,0.045423177083333335,0.034462890625,True,0.9902643260694108,0.9947304418321848,14724,14802,0.9947304418321848,True
data/pallet/raw_data/night/capturenight02/rgb/1779448720800907008.png,capturenight02,night,0.9020345052083333,0.9526302083333333,0.04736979166666667,0.050595703125,True,0.9969699794890919,0.9972716562286849,16083,16127,0.9972716562286849,True
data/pallet/raw_data/night/capturenight02/rgb/1779448721434554624.png,capturenight02,night,0.9226236979166667,0.9630598958333333,0.03694010416666667,0.040436197916666666,True,0.9911507936507936,0.9939556749496307,17760,17868,0.9939556749496307,True
data/pallet/raw_data/night/capturenight02/rgb/1779448721534759936.png,capturenight02,night,0.914833984375,0.9643033854166667,0.035696614583333335,0.049469401041666666,True,0.9909682080924855,0.9953550842240753,17786,17869,0.9953550842240753,True
data/pallet/raw_data/night/capturenight02/rgb/1779448722335544832.png,capturenight02,night,0.9361751302083333,0.9703125,0.0296875,0.034137369791666664,True,0.9932068543451652,0.995436594997806,22686,22790,0.9953488372093023,True
data/pallet/raw_data/night/capturenight02/rgb/1779448722402101504.png,capturenight02,night,0.943505859375,0.9794075520833333,0.020592447916666666,0.035901692708333335,True,0.9906572354848217,0.9950486740516952,23714,23832,0.9950486740516952,True
data/pallet/raw_data/night/capturenight02/rgb/1779448722868809472.png,capturenight02,night,0.9478483072916667,0.9781673177083333,0.021832682291666666,0.030319010416666667,True,0.9924782878411911,0.9946756135808322,27275,27421,0.9943838663797819,True
data/pallet/raw_data/night/capturenight02/rgb/1779448724536740096.png,capturenight02,night,0.9588313802083334,0.9809147135416667,0.019085286458333333,0.022083333333333333,True,0.9894681083102234,0.9905978076618827,43829,44245,0.9905978076618827,True
data/pallet/raw_data/night/capturenight02/rgb/1779448726071082496.png,capturenight02,night,0.9809830729166666,0.9887109375,0.0112890625,0.007727864583333333,True,0.9910002278423331,0.9972367594724723,47638,47770,0.9972367594724723,True
data/pallet/raw_data/night/capturenight02/rgb/1779448726538178048.png,capturenight02,night,0.9767903645833333,0.9791438802083333,0.020856119791666666,0.002353515625,True,0.9931964809384164,0.9951564828614009,37394,37576,0.9951564828614009,True
data/pallet/raw_data/night/capturenight02/rgb/1779448727772337920.png,capturenight02,night,0.9707389322916666,0.980166015625,0.019833984375,0.009427083333333334,True,0.9898924731182795,0.9915017507967109,25201,25417,0.9915017507967109,True
data/pallet/raw_data/night/capturenight02/rgb/1779448728172612864.png,capturenight02,night,0.9722005208333333,0.9829817708333334,0.017018229166666666,0.01078125,True,0.991069302214813,0.9937987374675084,26763,26930,0.9937987374675084,True
data/pallet/raw_data/night/capturenight02/rgb/1779448729507198464.png,capturenight02,night,0.9727506510416667,0.9894108072916666,0.010589192708333334,0.01666015625,True,0.9900995178003488,0.9924833013935661,53343,53747,0.9924833013935661,True
data/pallet/raw_data/night/capturenight02/rgb/1779448729973808896.png,capturenight02,night,0.9640787760416667,0.98599609375,0.01400390625,0.02191731770833333,True,0.9896036866359447,0.989682132786465,30886,31208,0.9896180466547039,True
data/pallet/raw_data/night/capturenight02/rgb/1779448730507676672.png,capturenight02,night,0.963857421875,0.9812076822916667,0.018792317708333332,0.017350260416666666,True,0.9882243139123873,0.9897682253485978,31729,32057,0.9897682253485978,True
data/pallet/raw_data/night/capturenight02/rgb/1779448731508374528.png,capturenight02,night,0.9817220052083333,0.9901595052083333,0.009840494791666666,0.0084375,True,0.9887184538887325,0.9897965701146488,61987,62626,0.9896688276434707,True
data/pallet/raw_data/night/capturenight02/rgb/1779448733443282688.png,capturenight02,night,0.9635807291666667,0.9666927083333333,0.03330729166666667,0.0031119791666666665,True,0.9776833291042882,0.9845160033759657,60658,61612,0.9845160033759657,True
data/pallet/raw_data/night/capturenight02/rgb/1779448734577398016.png,capturenight02,night,0.9679524739583333,0.9690950520833334,0.030904947916666668,0.001142578125,True,0.9825069678744316,0.9888677708389899,25494,25781,0.9888677708389899,True
data/pallet/raw_data/night/capturenight02/rgb/1779448734744167168.png,capturenight02,night,0.97220703125,0.9731510416666667,0.026848958333333332,0.0009440104166666667,True,0.9744538178671858,0.9837141820819731,27121,27570,0.9837141820819731,True
data/pallet/raw_data/night/capturenight02/rgb/1779448735945262336.png,capturenight02,night,0.964140625,0.9657161458333333,0.03428385416666667,0.0015755208333333333,True,0.9815018315018315,0.9824038433710531,33945,34553,0.9820565508060082,True
data/pallet/raw_data/night/capturenight02/rgb/1779448736645820928.png,capturenight02,night,0.9600813802083333,0.9641796875,0.0358203125,0.004098307291666666,True,0.9834107218235543,0.9866289835298704,50619,51305,0.9866289835298704,True
data/pallet/raw_data/night/capturenight02/rgb/1779448737012091648.png,capturenight02,night,0.9709440104166667,0.975166015625,0.024833984375,0.004222005208333333,True,0.9784021996094151,0.9841809532931073,61655,62646,0.9840851770264661,True
data/pallet/raw_data/night/capturenight02/rgb/1779448737713135104.png,capturenight02,night,0.9707161458333333,0.9779231770833333,0.022076822916666666,0.00720703125,True,0.9787016152031319,0.9785131391779591,39210,40071,0.9785131391779591,True
data/pallet/raw_data/night/capturenight02/rgb/1779448737846141696.png,capturenight02,night,0.9704134114583334,0.9749544270833334,0.025045572916666668,0.004541015625,True,0.9755186142348258,0.9778758829465186,38763,39640,0.9778758829465186,True
data/pallet/raw_data/night/capturenight02/rgb/1779448737912869120.png,capturenight02,night,0.961650390625,0.9684147135416666,0.031585286458333334,0.006764322916666667,True,0.9804655099449852,0.9823113766775738,41428,42174,0.9820979750557215,True
data/pallet/raw_data/night/capturenight02/rgb/1779448738046362368.png,capturenight02,night,0.9668684895833334,0.9727766927083333,0.027223307291666665,0.005908203125,True,0.9791984061877417,0.9782098747986321,34612,35383,0.9780403018398666,True
data/pallet/raw_data/night/capturenight02/rgb/1779448738846698496.png,capturenight02,night,0.9639485677083334,0.9761881510416667,0.023811848958333333,0.012239583333333333,True,0.9773740613266583,0.9761850501367365,34268,35104,0.9761850501367365,True
data/pallet/raw_data/night/capturenight02/rgb/1779448740681478656.png,capturenight02,night,0.9840559895833333,0.98412109375,0.01587890625,6.510416666666667e-05,True,0.986439588688946,0.9944956221658158,34870,35063,0.9944956221658158,True
data/pallet/raw_data/night/capturenight02/rgb/1779448741415227648.png,capturenight02,night,0.9644986979166666,0.9655436197916667,0.03445638020833333,0.001044921875,True,0.9781953376205788,0.9890836617294017,21836,22077,0.9890836617294017,True
data/pallet/raw_data/night/capturenight02/rgb/1779448753823944960.png,capturenight02,night,0.899814453125,0.9248958333333334,0.07510416666666667,0.025081380208333334,True,0.9849370902002481,0.9844927980386148,16062,16315,0.9844927980386148,True
data/pallet/raw_data/night/capturenight02/rgb/1779448756425767680.png,capturenight02,night,0.9501171875,0.9561393229166667,0.043860677083333334,0.006022135416666667,True,0.9850472910174403,0.9892877822814129,30753,31086,0.9892234446374574,True
data/pallet/raw_data/night/capturenight02/rgb/1779448756459122432.png,capturenight02,night,0.9324153645833333,0.9403515625,0.0596484375,0.007936197916666667,True,0.9833120408815075,0.9864127864821411,31290,31721,0.9864127864821411,True
data/pallet/raw_data/night/capturenight02/rgb/1779448757659922432.png,capturenight02,night,0.968232421875,0.968603515625,0.031396484375,0.00037109375,True,0.9732725989606723,0.9732694225285586,55635,57163,0.9729370396935081,True
data/pallet/raw_data/night/capturenight02/rgb/1779448758393908224.png,capturenight02,night,0.9637532552083333,0.9638248697916667,0.036175130208333336,7.161458333333333e-05,True,0.9750524475524476,0.9917668957617412,13853,13968,0.9917668957617412,True
data/pallet/raw_data/night/capturenight02/rgb/1779448759227853568.png,capturenight02,night,0.974873046875,0.974873046875,0.025126953125,0.0,True,0.9287876793471107,0.9497498274672188,22019,23184,0.9487146307798482,True
data/pallet/raw_data/night/capturenight02/rgb/1779448761429323264.png,capturenight02,night,0.9530403645833333,0.9530403645833333,0.046959635416666666,0.0,True,0.8517640044586152,0.9765365448504983,14109,14448,0.9761212624584718,True
data/pallet/raw_data/night/capturenight02/rgb/1779448761829774592.png,capturenight02,night,0.957880859375,0.957880859375,0.042119140625,0.0,True,0.8794044665012407,0.9879140555058191,13242,13404,0.9879140555058191,True
data/pallet/raw_data/night/capturenight02/rgb/1779448765365640960.png,capturenight02,night,0.9506184895833333,0.9519108072916667,0.04808919270833333,0.0012923177083333333,True,0.9628857018687527,0.9631268680130121,58326,60559,0.9624003038359286,True
data/pallet/raw_data/night/capturenight02/rgb/1779448765899578624.png,capturenight02,night,0.9599674479166667,0.9617220052083333,0.038277994791666665,0.0017545572916666666,True,0.9731190795020582,0.9714778624658852,68700,70717,0.9708839458687444,True
data/pallet/raw_data/night/capturenight02/rgb/1779448765966384896.png,capturenight02,night,0.9426302083333333,0.94376953125,0.05623046875,0.0011393229166666667,True,0.9683519574900368,0.9687574351653581,65147,67248,0.9686830835117773,True
data/pallet/raw_data/night/capturenight02/rgb/1779448766099561472.png,capturenight02,night,0.957646484375,0.9598209635416667,0.04017903645833333,0.0021744791666666666,True,0.9682764036120927,0.9663961335035565,63585,65796,0.9652410480880297,True
data/pallet/raw_data/night/capturenight02/rgb/1779448767700896256.png,capturenight02,night,0.9546354166666666,0.9620345052083333,0.037965494791666665,0.007399088541666667,True,0.9896074571560908,0.9892981491662085,26993,27285,0.9892981491662085,True
data/pallet/raw_data/night/capturenight02/rgb/1779448768400962304.png,capturenight02,night,0.975771484375,0.9773763020833334,0.022623697916666668,0.0016048177083333333,True,0.9846383657320495,0.9828664959476227,37230,37879,0.980833707331239,True
data/pallet/raw_data/night/capturenight02/rgb/1779448768667755008.png,capturenight02,night,0.9712727864583334,0.9715787760416666,0.028421223958333332,0.00030598958333333335,True,0.972824427480916,0.9663415668398176,36462,37732,0.9658910208841301,True
data/pallet/raw_data/night/capturenight02/rgb/1779448768767794944.png,capturenight02,night,0.9768912760416667,0.97732421875,0.02267578125,0.00043294270833333336,True,0.975333257377236,0.9695938502215585,39605,40847,0.9695938502215585,True
data/pallet/raw_data/night/capturenight02/rgb/1779448770202126592.png,capturenight02,night,0.9438606770833333,0.9455305989583334,0.054469401041666664,0.001669921875,True,0.9680913348946136,0.9563214688355612,29689,31045,0.9562892575293929,True
data/pallet/raw_data/night/capturenight02/rgb/1779448771803394304.png,capturenight02,night,0.9463411458333333,0.94634765625,0.05365234375,6.510416666666667e-06,True,0.967178669758006,0.9595323741007195,6402,6672,0.9586330935251799,True
data/pallet/raw_data/night/capturenight02/rgb/1779448772136867584.png,capturenight02,night,0.945078125,0.94830078125,0.05169921875,0.00322265625,True,0.9668174962292609,0.9740949316170555,6054,6215,0.9740949316170555,True
data/pallet/raw_data/night/capturenight03/rgb/1779448848688752640.png,capturenight03,night,0.833095703125,0.9991536458333333,0.0008463541666666667,0.16605794270833332,True,0.9528301886792453,0.9525745257452575,2109,2214,0.950316169828365,True
data/pallet/raw_data/night/capturenight03/rgb/1779448852023818752.png,capturenight03,night,0.96892578125,0.9992513020833333,0.0007486979166666667,0.030325520833333335,True,1.0,1.0,1386,1386,1.0,True
data/pallet/raw_data/night/capturenight03/rgb/1779448852657805568.png,capturenight03,night,0.945146484375,0.9969889322916666,0.0030110677083333335,0.051842447916666666,True,1.0,1.0,1549,1549,1.0,True
data/pallet/raw_data/night/capturenight03/rgb/1779448852791054080.png,capturenight03,night,0.9365755208333333,0.9993098958333333,0.0006901041666666667,0.062734375,True,0.9212121212121213,0.9330024813895782,376,403,0.9330024813895782,True
data/pallet/raw_data/night/capturenight03/rgb/1779448853158151168.png,capturenight03,night,0.9034309895833333,0.9987076822916666,0.0012923177083333333,0.09527669270833333,True,1.0,1.0,10010,10010,1.0,True
data/pallet/raw_data/night/capturenight03/rgb/1779448853224879872.png,capturenight03,night,0.890986328125,0.9920377604166667,0.007962239583333334,0.10105143229166667,True,1.0,1.0,1694,1694,1.0,True
data/pallet/raw_data/night/capturenight03/rgb/1779448853991987968.png,capturenight03,night,0.83927734375,0.995654296875,0.004345703125,0.156376953125,True,0.8941326530612245,0.910761154855643,2082,2286,0.9094488188976378,True
data/pallet/raw_data/night/capturenight03/rgb/1779448854792510464.png,capturenight03,night,0.868662109375,0.997548828125,0.002451171875,0.12888671875,True,0.8971830985915493,0.8930254476908577,1895,2122,0.8930254476908577,True
data/pallet/raw_data/night/capturenight03/rgb/1779448855226363648.png,capturenight03,night,0.8809114583333333,0.9989680989583334,0.0010319010416666666,0.118056640625,True,0.9859154929577465,0.9858490566037735,2090,2120,0.9858490566037735,True
data/pallet/raw_data/night/capturenight03/rgb/1779448856960682496.png,capturenight03,night,0.8708528645833333,0.980322265625,0.019677734375,0.10946940104166666,True,0.8466281310211946,0.8524962178517398,2254,2644,0.8479576399394856,True
data/pallet/raw_data/night/capturenight03/rgb/1779448857260903936.png,capturenight03,night,0.8775651041666667,0.9726334635416667,0.027366536458333333,0.095068359375,True,0.9815436241610739,0.9808731808731809,2359,2405,0.9808731808731809,True
data/pallet/raw_data/night/capturenight03/rgb/1779448857627937536.png,capturenight03,night,0.878583984375,0.9643880208333333,0.03561197916666667,0.08580403645833333,True,0.9891917293233082,0.9883070665988816,1944,1967,0.9883070665988816,True
data/pallet/raw_data/night/capturenight03/rgb/1779448857861369600.png,capturenight03,night,0.90833984375,0.967998046875,0.032001953125,0.059658203125,True,0.9723479135243841,0.970682302771855,1821,1876,0.970682302771855,True
data/pallet/raw_data/night/capturenight03/rgb/1779448857928037120.png,capturenight03,night,0.903515625,0.9719759114583333,0.028024088541666665,0.06846028645833334,True,0.9994553376906318,0.999409681227863,1693,1694,0.999409681227863,True
data/pallet/raw_data/night/capturenight03/rgb/1779448859829605120.png,capturenight03,night,0.8534016927083333,0.9856640625,0.0143359375,0.13226236979166667,True,0.9477045908183632,0.9448909299655568,2469,2613,0.9448909299655568,True
data/pallet/raw_data/night/capturenight03/rgb/1779448860263243008.png,capturenight03,night,0.9016178385416667,0.9971744791666667,0.0028255208333333335,0.095556640625,True,0.929047619047619,0.927816091954023,2018,2175,0.9222988505747126,True
data/pallet/raw_data/night/capturenight03/rgb/1779448860863453184.png,capturenight03,night,0.86431640625,0.9940266927083333,0.005973307291666666,0.12971028645833332,True,0.9437908496732026,0.9409881061299177,2057,2186,0.9409881061299177,True
data/pallet/raw_data/night/capturenight03/rgb/1779448860930119168.png,capturenight03,night,0.8638639322916667,0.9971809895833333,0.0028190104166666667,0.13331705729166668,True,0.9770408163265306,0.9778325123152709,1985,2030,0.9778325123152709,True
data/pallet/raw_data/night/capturenight03/rgb/1779448861196848896.png,capturenight03,night,0.861513671875,0.9963541666666667,0.0036458333333333334,0.13484049479166665,True,0.9911642411642412,0.9895088221268479,2075,2097,0.9895088221268479,True
data/pallet/raw_data/night/capturenight03/rgb/1779448862331153408.png,capturenight03,night,0.8614973958333333,0.9969368489583333,0.0030631510416666667,0.135439453125,True,0.9357575757575758,0.9372533543804262,2375,2534,0.9372533543804262,True
data/pallet/raw_data/night/capturenight03/rgb/1779448862664646656.png,capturenight03,night,0.844453125,0.9951985677083334,0.004801432291666667,0.15074544270833334,True,0.8523809523809524,0.8294865756005653,1761,2123,0.8294865756005653,True
data/pallet/raw_data/night/capturenight03/rgb/1779448863765714944.png,capturenight03,night,0.8687076822916666,0.997314453125,0.002685546875,0.12860677083333333,True,0.9351415094339622,0.9333602584814217,2311,2476,0.9333602584814217,True
data/pallet/raw_data/night/capturenight03/rgb/1779448865433617920.png,capturenight03,night,0.8893815104166667,0.9994466145833333,0.0005533854166666667,0.11006510416666666,True,0.9651675485008818,0.9626394953905871,1984,2061,0.9626394953905871,True
data/pallet/raw_data/night/capturenight03/rgb/1779448866767789312.png,capturenight03,night,0.948994140625,0.99869140625,0.00130859375,0.049697265625,True,1.0,1.0,4355,4355,1.0,True
data/pallet/raw_data/night/capturenight03/rgb/1779448868035222528.png,capturenight03,night,0.83666015625,0.9982584635416667,0.0017415364583333334,0.16159830729166666,True,0.9615112994350282,0.9484536082474226,2668,2813,0.9477426235335941,True
data/pallet/raw_data/night/capturenight03/rgb/1779448872905228800.png,capturenight03,night,0.8982291666666666,0.9951497395833333,0.004850260416666667,0.09692057291666667,True,0.9519953730480046,0.9469139750559642,2961,3127,0.9469139750559642,True
data/pallet/raw_data/night/capturenight03/rgb/1779448874072710400.png,capturenight03,night,0.8446712239583334,0.9982096354166666,0.0017903645833333333,0.15353841145833333,True,0.94451871657754,0.9386341141537446,2845,3031,0.9386341141537446,True
data/pallet/raw_data/night/capturenight03/rgb/1779448874606688512.png,capturenight03,night,0.8491341145833333,0.996025390625,0.003974609375,0.14689127604166666,True,0.9187834224598931,0.917470525187567,2568,2799,0.917470525187567,True
data/pallet/raw_data/night/capturenight03/rgb/1779448878175770624.png,capturenight03,night,0.86201171875,0.9931803385416667,0.006819661458333333,0.13116861979166666,True,0.9385714285714286,0.9553219448094612,3635,3805,0.9553219448094612,True
data/pallet/raw_data/night/capturenight03/rgb/1779448880010447104.png,capturenight03,night,0.8236686197916666,0.9904361979166667,0.009563802083333333,0.166767578125,True,0.9800431499460626,0.9808136846971799,4243,4326,0.9794267221451688,True
data/pallet/raw_data/night/capturenight03/rgb/1779448880143756288.png,capturenight03,night,0.86458984375,0.9891015625,0.0108984375,0.12451171875,True,0.9879725085910653,0.9795769511305616,4029,4113,0.9795769511305616,True
data/pallet/raw_data/night/capturenight03/rgb/1779448880210685184.png,capturenight03,night,0.8316243489583334,0.988203125,0.011796875,0.15657877604166667,True,0.98998998998999,0.9909646558596864,3729,3763,0.9909646558596864,True
data/pallet/raw_data/night/capturenight03/rgb/1779448882445510656.png,capturenight03,night,0.8449739583333333,0.9926236979166667,0.007376302083333334,0.14764973958333333,True,0.9783068783068783,0.9826716385172187,4480,4559,0.9826716385172187,True
data/pallet/raw_data/night/capturenight03/rgb/1779448883846637568.png,capturenight03,night,0.8274869791666667,0.9939680989583334,0.006031901041666667,0.16648111979166666,True,0.9602564102564103,0.9650959860383944,4424,4584,0.9650959860383944,True
data/pallet/raw_data/night/capturenight03/rgb/1779448884346571520.png,capturenight03,night,0.8357649739583334,0.992490234375,0.007509765625,0.15672526041666668,True,0.9555121951219512,0.9541345093715545,4327,4535,0.9523704520396913,True
data/pallet/raw_data/night/capturenight03/rgb/1779448884613390336.png,capturenight03,night,0.8479720052083334,0.9960579427083334,0.003942057291666667,0.1480859375,True,0.9611378205128205,0.9628227960819234,4325,4492,0.96260017809439,True
data/pallet/raw_data/night/capturenight03/rgb/1779448885213875200.png,capturenight03,night,0.87560546875,0.997734375,0.002265625,0.12212890625,True,0.9753060363022372,0.9748953974895398,4194,4302,0.9735006973500697,True
data/pallet/raw_data/night/capturenight03/rgb/1779448887315625984.png,capturenight03,night,0.8985970052083333,0.9967447916666666,0.0032552083333333335,0.09814778645833333,True,0.9868562809739281,0.9854446213327268,4333,4397,0.9854446213327268,True
data/pallet/raw_data/night/capturenight03/rgb/1779448888516226816.png,capturenight03,night,0.9128190104166667,0.991376953125,0.008623046875,0.07855794270833333,True,0.984067866749431,0.9784877529286475,4594,4695,0.9784877529286475,True
data/pallet/raw_data/night/capturenight03/rgb/1779448891117993216.png,capturenight03,night,0.881396484375,0.99837890625,0.00162109375,0.116982421875,True,0.9476190476190476,0.9641988950276243,4363,4525,0.9641988950276243,True
data/pallet/raw_data/night/capturenight03/rgb/1779448893720145408.png,capturenight03,night,0.8282942708333333,0.99611328125,0.00388671875,0.16781901041666666,True,0.9660766961651918,0.9666070363744782,4863,5031,0.9660107334525939,True
data/pallet/raw_data/night/capturenight03/rgb/1779448894286998784.png,capturenight03,night,0.889775390625,0.9953678385416667,0.004632161458333333,0.10559244791666667,True,1.0,1.0,2559,2559,1.0,True
data/pallet/raw_data/night/capturenight03/rgb/1779448895554594560.png,capturenight03,night,0.8594921875,0.9942610677083333,0.005738932291666667,0.13476888020833333,True,0.9901067430356678,0.9833385727758567,3128,3181,0.9833385727758567,True
data/pallet/raw_data/night/capturenight03/rgb/1779448896321628672.png,capturenight03,night,0.8297200520833333,0.9977734375,0.0022265625,0.16805338541666667,True,0.9868840836582772,0.9971559833734412,4558,4571,0.9971559833734412,True
data/pallet/raw_data/night/capturenight03/rgb/1779448897822947584.png,capturenight03,night,0.83982421875,0.9945833333333334,0.005416666666666667,0.15475911458333333,True,0.9556878306878307,0.9627915943705417,4994,5187,0.9627915943705417,True
data/pallet/raw_data/night/capturenight03/rgb/1779448898089769472.png,capturenight03,night,0.8379557291666667,0.99708984375,0.00291015625,0.15913411458333335,True,0.9619664507556884,0.9711917916337806,4922,5068,0.9711917916337806,True
data/pallet/raw_data/night/capturenight03/rgb/1779448899390552832.png,capturenight03,night,0.8576822916666667,0.9936067708333334,0.006393229166666667,0.13592447916666667,True,0.9861707200762995,0.9838071248650594,5468,5558,0.9838071248650594,True
data/pallet/raw_data/night/capturenight03/rgb/1779448899690639872.png,capturenight03,night,0.8577864583333333,0.9964518229166667,0.0035481770833333333,0.13866536458333334,True,0.978586135895676,0.982026959560659,5901,6009,0.981361291396239,True
data/pallet/raw_data/night/capturenight03/rgb/1779448901859069952.png,capturenight03,night,0.8826399739583334,0.9971061197916666,0.0028938802083333334,0.11446614583333334,True,0.9851772287862514,0.9900108316283548,8226,8309,0.9900108316283548,True
data/pallet/raw_data/night/capturenight03/rgb/1779448905161279744.png,capturenight03,night,0.9065397135416666,0.9987630208333333,0.0012369791666666666,0.09222330729166667,True,0.9922902494331066,0.9913307813555505,8805,8882,0.9903174960594461,True
data/pallet/raw_data/night/capturenight03/rgb/1779448906495707136.png,capturenight03,night,0.8932649739583334,0.9966634114583334,0.0033365885416666665,0.1033984375,True,0.990948745910578,0.9951275804590332,7761,7799,0.9951275804590332,True
data/pallet/raw_data/night/capturenight03/rgb/1779448906628965120.png,capturenight03,night,0.8763704427083333,0.9980338541666667,0.001966145833333333,0.12166341145833333,True,0.9953874538745388,0.9952983725135623,8256,8295,0.9950572634116938,True
data/pallet/raw_data/night/capturenight03/rgb/1779448907529834752.png,capturenight03,night,0.860966796875,0.998037109375,0.001962890625,0.1370703125,True,0.9873061927645299,0.9900232018561484,8534,8620,0.9893271461716937,True
data/pallet/raw_data/night/capturenight03/rgb/1779448908063256832.png,capturenight03,night,0.8546126302083333,0.99541015625,0.00458984375,0.14079752604166668,True,0.9760379596678529,0.993787511845846,9438,9497,0.993787511845846,True
data/pallet/raw_data/night/capturenight03/rgb/1779448908630379008.png,capturenight03,night,0.89265625,0.9975716145833333,0.002428385416666667,0.10491536458333334,True,0.9940860215053764,0.9988076988587975,5864,5871,0.9988076988587975,True
data/pallet/raw_data/night/capturenight03/rgb/1779448908830531840.png,capturenight03,night,0.8906770833333333,0.9952311197916667,0.004768880208333334,0.10455403645833333,True,0.9870967741935484,0.9878361075544174,4629,4686,0.9878361075544174,True
data/pallet/raw_data/night/capturenight03/rgb/1779448909564314624.png,capturenight03,night,0.925732421875,0.9931770833333333,0.006822916666666666,0.06744466145833333,True,0.9626362221069019,0.9863157894736843,2811,2850,0.9863157894736843,True
data/pallet/raw_data/night/capturenight03/rgb/1779448909831136768.png,capturenight03,night,0.9264127604166666,0.9871647135416667,0.012835286458333333,0.060751953125,True,0.8957939508506616,0.8746995192307693,2911,3328,0.87109375,True
data/pallet/raw_data/night/capturenight03/rgb/1779448911332178688.png,capturenight03,night,0.8285677083333334,0.9971061197916666,0.0028938802083333334,0.16853841145833334,True,0.9877215807448365,0.994001894138693,9446,9503,0.994001894138693,True
data/pallet/raw_data/night/capturenight03/rgb/1779448912799907840.png,capturenight03,night,0.8786555989583333,0.9979069010416667,0.0020930989583333335,0.11925130208333333,True,0.9914571877454831,0.9887964887964888,8561,8658,0.9887964887964888,True
data/pallet/raw_data/night/capturenight03/rgb/1779448913734283776.png,capturenight03,night,0.8699641927083334,0.9972786458333334,0.0027213541666666666,0.127314453125,True,0.988356683074593,0.9943633952254642,8997,9048,0.9943633952254642,True
data/pallet/raw_data/night/capturenight03/rgb/1779448914634553344.png,capturenight03,night,0.8754264322916666,0.9957161458333333,0.004283854166666667,0.12028971354166666,True,0.9848264729620662,0.9900422733677783,10539,10645,0.9900422733677783,True
data/pallet/raw_data/night/capturenight03/rgb/1779448915368495616.png,capturenight03,night,0.8889127604166667,0.99818359375,0.00181640625,0.10927083333333333,True,0.9825343466822567,0.9894728116710876,11937,12064,0.9883123342175066,True
data/pallet/raw_data/night/capturenight03/rgb/1779448916035803136.png,capturenight03,night,0.875966796875,0.9940462239583333,0.005953776041666667,0.11807942708333333,True,0.9713823566007217,0.9703678239944998,14114,14545,0.9680990030938467,True
data/pallet/raw_data/night/capturenight03/rgb/1779448916902936320.png,capturenight03,night,0.8920345052083334,0.9943001302083333,0.005699869791666667,0.102265625,True,0.9843674843674843,0.9868157994272437,18263,18507,0.9862754633381964,True
data/pallet/raw_data/night/capturenight03/rgb/1779448918537469440.png,capturenight03,night,0.9316471354166667,0.9974772135416666,0.0025227864583333335,0.065830078125,True,0.9914942528735632,0.9956381763422993,9587,9629,0.9956381763422993,True
data/pallet/raw_data/night/capturenight03/rgb/1779448918604157696.png,capturenight03,night,0.9349088541666667,0.9935384114583333,0.006461588541666666,0.05862955729166667,True,0.9924170616113744,0.9893582715253144,9204,9303,0.9893582715253144,True
data/pallet/raw_data/night/capturenight03/rgb/1779448919004529408.png,capturenight03,night,0.9441634114583334,0.990751953125,0.009248046875,0.046588541666666664,True,0.9933176100628931,0.9926744634365763,7724,7781,0.9926744634365763,True
data/pallet/raw_data/night/capturenight03/rgb/1779448920205333248.png,capturenight03,night,0.950283203125,0.9980696614583333,0.0019303385416666666,0.04778645833333333,True,0.9947556433837501,0.986087133136996,9710,9847,0.986087133136996,True
data/pallet/raw_data/night/capturenight03/rgb/1779448921372761344.png,capturenight03,night,0.881064453125,0.9971126302083333,0.0028873697916666666,0.11604817708333333,True,0.986880915694475,0.9883410374935798,19243,19470,0.9880842321520288,True
data/pallet/raw_data/night/capturenight03/rgb/1779448922306795264.png,capturenight03,night,0.8579915364583334,0.9981315104166667,0.0018684895833333333,0.14013997395833333,True,0.9889322916666666,0.9873727486296007,20174,20432,0.9872259201252936,True
data/pallet/raw_data/night/capturenight03/rgb/1779448922807031552.png,capturenight03,night,0.8499641927083333,0.99740234375,0.00259765625,0.14743815104166666,True,0.9908583037074657,0.991778613648576,18457,18610,0.9909725953788285,True
data/pallet/raw_data/night/capturenight03/rgb/1779448923641086464.png,capturenight03,night,0.88689453125,0.9950065104166667,0.004993489583333333,0.10811197916666666,True,0.9900995831403427,0.9925391095066185,12372,12465,0.9925391095066185,True
data/pallet/raw_data/night/capturenight03/rgb/1779448924107859200.png,capturenight03,night,0.9187239583333333,0.9899381510416667,0.010061848958333333,0.07121419270833333,True,0.9815051020408163,0.9820875718708536,8882,9044,0.9820875718708536,True
data/pallet/raw_data/night/capturenight03/rgb/1779448924241453056.png,capturenight03,night,0.9184309895833334,0.9829134114583333,0.017086588541666666,0.064482421875,True,0.9898431931575196,0.992426187419769,7731,7790,0.9916559691912709,True
data/pallet/raw_data/night/capturenight03/rgb/1779448925642395136.png,capturenight03,night,0.841201171875,0.9951041666666667,0.004895833333333334,0.15390299479166666,True,0.9859928591046416,0.9852145060830083,16925,17179,0.9835846091157809,True
data/pallet/raw_data/night/capturenight03/rgb/1779448928244129536.png,capturenight03,night,0.8810091145833333,0.9971256510416666,0.0028743489583333334,0.11611653645833334,True,0.9849397590361446,0.9828382626547764,30639,31174,0.9826457945724001,True
data/pallet/raw_data/night/capturenight03/rgb/1779448928544302080.png,capturenight03,night,0.85591796875,0.9961490885416666,0.0038509114583333334,0.14023111979166666,True,0.9834152334152334,0.9806327404384931,34127,34801,0.980575270825551,True
data/pallet/raw_data/night/capturenight03/rgb/1779448928677886464.png,capturenight03,night,0.8704296875,0.992333984375,0.007666015625,0.121904296875,True,0.983640589390076,0.9804583702391497,35422,36128,0.9804583702391497,True
data/pallet/raw_data/night/capturenight03/rgb/1779448929511659776.png,capturenight03,night,0.8709114583333334,0.99427734375,0.00572265625,0.12336588541666667,True,0.9859118229510475,0.9836483773837403,47042,47824,0.9836483773837403,True
data/pallet/raw_data/night/capturenight03/rgb/1779448932280312576.png,capturenight03,night,0.8777799479166667,0.9860319010416667,0.013968098958333333,0.108251953125,True,0.9758602628043087,0.9668200532816663,27944,28903,0.9660934851053524,True
data/pallet/raw_data/night/capturenight03/rgb/1779448934215082240.png,capturenight03,night,0.9471875,0.9957454427083333,0.0042545572916666665,0.048557942708333336,True,0.9849126970672996,0.9804743519029233,26664,27195,0.9801434087148373,True
data/pallet/raw_data/night/capturenight03/rgb/1779448934748818176.png,capturenight03,night,0.908291015625,0.992216796875,0.007783203125,0.08392578125,True,0.9860299949527723,0.9768293061199169,31492,32239,0.9768293061199169,True
data/pallet/raw_data/night/capturenight03/rgb/1779448935315774464.png,capturenight03,night,0.8811751302083334,0.9858821614583333,0.014117838541666667,0.10470703125,True,0.978630956620842,0.9737691590349346,40724,41821,0.9734104875540996,True
data/pallet/raw_data/night/capturenight03/rgb/1779448935649323008.png,capturenight03,night,0.8424251302083333,0.9921419270833334,0.007858072916666667,0.149716796875,True,0.9802183493589743,0.9786966205093445,30321,30981,0.9778573964688034,True
data/pallet/raw_data/night/capturenight03/rgb/1779448936483269120.png,capturenight03,night,0.888203125,0.99484375,0.00515625,0.106640625,True,0.9889216286545232,0.9868432197408171,34953,35419,0.9867585194387193,True
data/pallet/raw_data/night/capturenight03/rgb/1779448936683346688.png,capturenight03,night,0.8702083333333334,0.9862174479166667,0.013782552083333333,0.11600911458333334,True,0.9833662746325904,0.9568157033805889,8774,9170,0.9502726281352235,True
data/pallet/raw_data/night/capturenight03/rgb/1779448939218476800.png,capturenight03,night,0.85669921875,0.9872200520833333,0.012779947916666666,0.13052083333333334,True,0.9781136775362319,0.9870045484080572,45570,46170,0.9869828893220706,True
data/pallet/raw_data/night/capturenight03/rgb/1779448939618732800.png,capturenight03,night,0.86130859375,0.9892545572916667,0.010745442708333334,0.12794596354166668,True,0.9749875,0.9965339892665475,17826,17888,0.9965339892665475,True
data/pallet/raw_data/night/capturenight03/rgb/1779448940052430848.png,capturenight03,night,0.8590234375,0.98900390625,0.01099609375,0.12998046875,True,0.9824715909090909,0.9995480481328739,17693,17701,0.9995480481328739,True
data/pallet/raw_data/night/capturenight03/rgb/1779448940419431680.png,capturenight03,night,0.8763020833333334,0.98986328125,0.01013671875,0.11356119791666666,True,0.9880501501893693,0.978339617062172,13234,13527,0.978339617062172,True
data/pallet/raw_data/night/capturenight03/rgb/1779448941687200768.png,capturenight03,night,0.9017545572916666,0.9892415364583333,0.010758463541666667,0.08748697916666667,True,0.9705887169409645,0.9818809318377912,15932,16226,0.9815111549365216,True
data/pallet/raw_data/night/capturenight03/rgb/1779448942921199360.png,capturenight03,night,0.9194270833333333,0.9866080729166666,0.013391927083333333,0.06718098958333334,True,0.9611537452446544,0.9877417222191615,35857,36302,0.9865021210952565,True
data/pallet/raw_data/night/capturenight03/rgb/1779448944388849664.png,capturenight03,night,0.9149641927083333,0.9916731770833334,0.008326822916666667,0.076708984375,True,0.9741389536952826,0.9919704680070076,47563,47948,0.9919704680070076,True
data/pallet/raw_data/night/capturenight03/rgb/1779448944755759616.png,capturenight03,night,0.8952083333333334,0.9916438802083334,0.008356119791666667,0.096435546875,True,0.9799493457154917,0.9903120936280885,15231,15380,0.9903120936280885,True
data/pallet/raw_data/night/capturenight03/rgb/1779448945256229376.png,capturenight03,night,0.90521484375,0.9919921875,0.0080078125,0.08677734375,True,0.9870930989583333,0.9992461364493027,31812,31836,0.9992461364493027,True
data/pallet/raw_data/night/capturenight03/rgb/1779448945923390464.png,capturenight03,night,0.8712272135416667,0.9843717447916667,0.015628255208333334,0.11314453125,True,0.9632096338166626,0.9793681623592834,49415,50456,0.9786348501664817,True
data/pallet/raw_data/night/capturenight03/rgb/1779448947591508224.png,capturenight03,night,0.8741861979166666,0.9886393229166667,0.011360677083333333,0.114453125,True,0.9685301947597029,0.97734375,43785,44800,0.9771875,True
data/pallet/raw_data/night/capturenight03/rgb/1779448947657743616.png,capturenight03,night,0.8753190104166667,0.982763671875,0.017236328125,0.10744466145833333,True,0.9729153101231626,0.9908573141486811,46277,46704,0.9906646111682083,True
data/pallet/raw_data/night/capturenight03/rgb/1779448948959159552.png,capturenight03,night,0.8503385416666667,0.9837272135416667,0.016272786458333334,0.133388671875,True,0.9985347985347985,0.9983429991714996,1205,1207,0.9983429991714996,True
data/pallet/raw_data/night/capturenight03/rgb/1779448950893416704.png,capturenight03,night,0.8681901041666666,0.9870345052083334,0.012965494791666667,0.11884440104166667,True,0.999048706240487,0.999165623696287,4790,4794,0.999165623696287,True
data/pallet/raw_data/night/capturenight03/rgb/1779448951160339968.png,capturenight03,night,0.8695638020833333,0.9905501302083334,0.009449869791666666,0.120986328125,True,0.9727797001153402,0.976716769820218,3314,3393,0.976716769820218,True
data/pallet/raw_data/night/capturenight03/rgb/1779448951927411968.png,capturenight03,night,0.8779850260416666,0.991748046875,0.008251953125,0.11376302083333334,True,1.0,1.0,1287,1287,1.0,True
data/pallet/raw_data/night/capturenight03/rgb/1779448952094411008.png,capturenight03,night,0.8760319010416666,0.9842252604166667,0.015774739583333332,0.108193359375,True,0.9809081527347782,0.9842968315730961,21249,21588,0.9839262553270335,True
data/pallet/raw_data/night/capturenight03/rgb/1779448954329236480.png,capturenight03,night,0.9297688802083334,0.9910026041666666,0.008997395833333333,0.06123372395833333,True,0.9990157480314961,0.99892530897367,1859,1861,0.99892530897367,True
data/pallet/raw_data/night/capturenight03/rgb/1779448956764288768.png,capturenight03,night,0.9034244791666667,0.9883138020833333,0.011686197916666667,0.08488932291666666,True,0.9749478433434537,0.9464494244564311,17020,17983,0.945003614524829,True
data/pallet/raw_data/night/capturenight03/rgb/1779448956830909184.png,capturenight03,night,0.909892578125,0.987841796875,0.012158203125,0.07794921875,True,0.9958256029684601,0.9876488751654169,2239,2267,0.9876488751654169,True
data/pallet/raw_data/night/capturenight03/rgb/1779448957664746752.png,capturenight03,night,0.9252115885416666,0.9878515625,0.0121484375,0.06263997395833333,True,0.9731299927378358,0.9755721265106712,11382,11667,0.9755721265106712,True
data/pallet/raw_data/night/capturenight04/rgb/1779448990605266176.png,capturenight04,night,0.8431315104166667,0.9931477864583333,0.006852213541666667,0.15001627604166667,True,0.9984948826008428,0.9983215844243034,2974,2979,0.9983215844243034,True
data/pallet/raw_data/night/capturenight04/rgb/1779448991772781312.png,capturenight04,night,0.8420442708333333,0.9969108072916667,0.0030891927083333335,0.15486653645833334,True,0.980564263322884,0.98016,3063,3125,0.98016,True
data/pallet/raw_data/night/capturenight04/rgb/1779448992040113152.png,capturenight04,night,0.874638671875,0.995654296875,0.004345703125,0.121015625,True,0.9973725696269049,0.9976649153531816,3418,3426,0.9976649153531816,True
data/pallet/raw_data/night/capturenight04/rgb/1779448995908997632.png,capturenight04,night,0.8714518229166667,0.99240234375,0.00759765625,0.12095052083333334,True,0.986217008797654,0.9856881851400731,3237,3284,0.9856881851400731,True
data/pallet/raw_data/night/capturenight04/rgb/1779448996409331456.png,capturenight04,night,0.867001953125,0.987490234375,0.012509765625,0.12048828125,True,0.9901234567901235,0.9888919744515412,3561,3601,0.9888919744515412,True
data/pallet/raw_data/night/capturenight04/rgb/1779448997043097344.png,capturenight04,night,0.8764029947916666,0.9942610677083333,0.005738932291666667,0.11785807291666667,True,0.9623439387837294,0.9580152671755725,4267,4454,0.9580152671755725,True
data/pallet/raw_data/night/capturenight04/rgb/1779448998377343232.png,capturenight04,night,0.839267578125,0.9959700520833333,0.004029947916666667,0.15670247395833334,True,0.9700243046178774,0.9667066586682663,3223,3334,0.9667066586682663,True
data/pallet/raw_data/night/capturenight04/rgb/1779449001246239488.png,capturenight04,night,0.896572265625,0.9937174479166667,0.0062825520833333336,0.09714518229166667,True,0.9721181856013317,0.9690033381020505,4064,4194,0.9690033381020505,True
data/pallet/raw_data/night/capturenight04/rgb/1779449001512946688.png,capturenight04,night,0.888134765625,0.98810546875,0.01189453125,0.099970703125,True,0.9923316062176166,0.9933333333333333,4172,4200,0.9933333333333333,True
data/pallet/raw_data/night/capturenight04/rgb/1779449001779744000.png,capturenight04,night,0.8952408854166667,0.994404296875,0.005595703125,0.09916341145833334,True,0.9803592814371257,0.9772861356932153,3313,3390,0.9772861356932153,True
data/pallet/raw_data/night/capturenight04/rgb/1779449001980044800.png,capturenight04,night,0.8989388020833333,0.991708984375,0.008291015625,0.09277018229166667,True,0.9951149425287357,0.9947122861586314,3198,3215,0.9947122861586314,True
data/pallet/raw_data/night/capturenight04/rgb/1779449002046723584.png,capturenight04,night,0.8847981770833333,0.9924544270833333,0.007545572916666667,0.10765625,True,0.9988425925925926,0.9987138263665595,3106,3110,0.9987138263665595,True
data/pallet/raw_data/night/capturenight04/rgb/1779449004215176704.png,capturenight04,night,0.89478515625,0.9980598958333333,0.0019401041666666666,0.10327473958333333,True,0.9704886308659894,0.9681129116570831,3704,3826,0.9681129116570831,True
data/pallet/raw_data/night/capturenight04/rgb/1779449004381892864.png,capturenight04,night,0.9116927083333334,0.994384765625,0.005615234375,0.08269205729166666,True,0.967948717948718,0.966129409016585,4136,4281,0.966129409016585,True
data/pallet/raw_data/night/capturenight04/rgb/1779449005515726336.png,capturenight04,night,0.9343880208333334,0.9946940104166667,0.0053059895833333336,0.06030598958333333,True,0.9592633928571429,0.9624060150375939,3200,3325,0.9624060150375939,True
data/pallet/raw_data/night/capturenight04/rgb/1779449006416598784.png,capturenight04,night,0.882734375,0.9947265625,0.0052734375,0.1119921875,True,0.9902874902874903,0.990146750524109,4723,4770,0.990146750524109,True
data/pallet/raw_data/night/capturenight04/rgb/1779449007617410816.png,capturenight04,night,0.8168294270833333,0.9949186197916666,0.005081380208333333,0.17808919270833334,True,0.9747087240693378,0.9743884892086331,3386,3475,0.9743884892086331,True
data/pallet/raw_data/night/capturenight04/rgb/1779449007984289536.png,capturenight04,night,0.8137532552083333,0.9942708333333333,0.005729166666666666,0.180517578125,True,0.96953125,0.9662496363107361,3321,3437,0.9662496363107361,True
data/pallet/raw_data/night/capturenight04/rgb/1779449008351223552.png,capturenight04,night,0.843720703125,0.9952864583333333,0.004713541666666667,0.15156575520833335,True,0.9943369513921662,0.9934282584884995,3628,3652,0.9934282584884995,True
data/pallet/raw_data/night/capturenight04/rgb/1779449008551388928.png,capturenight04,night,0.82984375,0.9970442708333334,0.002955729166666667,0.16720052083333334,True,0.9871013133208255,0.9846067730198712,3518,3573,0.9846067730198712,True
data/pallet/raw_data/night/capturenight04/rgb/1779449012320494336.png,capturenight04,night,0.8428092447916666,0.99640625,0.00359375,0.15359700520833333,True,0.9718137254901961,0.968509327400308,5659,5843,0.9674824576416224,True
data/pallet/raw_data/night/capturenight04/rgb/1779449012453995520.png,capturenight04,night,0.852255859375,0.9950846354166667,0.004915364583333333,0.14282877604166666,True,0.9912176997128863,0.9905299581132763,5439,5491,0.9905299581132763,True
data/pallet/raw_data/night/capturenight04/rgb/1779449012887686144.png,capturenight04,night,0.846611328125,0.995400390625,0.004599609375,0.1487890625,True,0.9698590179873602,0.9716965046888321,5699,5865,0.9716965046888321,True
data/pallet/raw_data/night/capturenight04/rgb/1779449013087889920.png,capturenight04,night,0.8680240885416667,0.9931087239583334,0.006891276041666667,0.12508463541666667,True,0.9916911045943304,0.9909846208237582,5606,5657,0.9909846208237582,True
data/pallet/raw_data/night/capturenight04/rgb/1779449014655601664.png,capturenight04,night,0.8928743489583333,0.989951171875,0.010048828125,0.09707682291666667,True,0.9980506822612085,0.9976795152765244,7739,7757,0.9976795152765244,True
data/pallet/raw_data/night/capturenight04/rgb/1779449015289631488.png,capturenight04,night,0.89689453125,0.996953125,0.003046875,0.10005859375,True,0.9964753982799943,0.9962332379086937,6612,6637,0.9962332379086937,True
data/pallet/raw_data/night/capturenight04/rgb/1779449019792672768.png,capturenight04,night,0.956728515625,0.9857682291666666,0.014231770833333334,0.029039713541666668,True,0.9901315789473685,0.9882075471698113,2514,2544,0.9882075471698113,True
data/pallet/raw_data/night/capturenight04/rgb/1779449021093401088.png,capturenight04,night,0.8914290364583334,0.9950130208333333,0.0049869791666666665,0.103583984375,True,0.9835812016656752,0.9811783960720131,7194,7332,0.9811783960720131,True
data/pallet/raw_data/night/capturenight04/rgb/1779449021427228160.png,capturenight04,night,0.9040559895833333,0.9972721354166667,0.0027278645833333334,0.09321614583333333,True,0.968936170212766,0.9652711703139867,8116,8408,0.9652711703139867,True
data/pallet/raw_data/night/capturenight04/rgb/1779449022361009408.png,capturenight04,night,0.8632552083333334,0.99640625,0.00359375,0.13315104166666666,True,0.997043918918919,0.9962486602357985,5577,5598,0.9962486602357985,True
data/pallet/raw_data/night/capturenight04/rgb/1779449024295805440.png,capturenight04,night,0.8286263020833333,0.9938020833333333,0.006197916666666667,0.16517578125,True,0.9846616065781151,0.9833847207947928,5741,5838,0.9833847207947928,True
data/pallet/raw_data/night/capturenight04/rgb/1779449024429187584.png,capturenight04,night,0.8421712239583333,0.9902311197916667,0.009768880208333334,0.14805989583333334,True,0.9923416789396171,0.9907604832977968,5576,5628,0.9907604832977968,True
data/pallet/raw_data/night/capturenight04/rgb/1779449025029462016.png,capturenight04,night,0.8446451822916666,0.9927799479166667,0.0072200520833333335,0.148134765625,True,0.9906735751295337,0.9899813211071489,5830,5889,0.9899813211071489,True
data/pallet/raw_data/night/capturenight04/rgb/1779449028098284544.png,capturenight04,night,0.9042122395833333,0.9976236979166667,0.002376302083333333,0.09341145833333334,True,0.9890784272935302,0.9886351336724754,9134,9239,0.9886351336724754,True
data/pallet/raw_data/night/capturenight04/rgb/1779449028565523968.png,capturenight04,night,0.918203125,0.996240234375,0.003759765625,0.078037109375,True,0.9950471918512288,0.9947721444071809,10085,10138,0.9947721444071809,True
data/pallet/raw_data/night/capturenight04/rgb/1779449028865498368.png,capturenight04,night,0.8863802083333333,0.994208984375,0.005791015625,0.10782877604166667,True,0.9898912101665543,0.9884019181443069,8863,8967,0.9884019181443069,True
data/pallet/raw_data/night/capturenight04/rgb/1779449029699561472.png,capturenight04,night,0.9289095052083334,0.9992154947916667,0.0007845052083333333,0.07030598958333334,True,0.9996834441278886,0.9996414485478666,2788,2789,0.9996414485478666,True
data/pallet/raw_data/night/capturenight04/rgb/1779449031167083520.png,capturenight04,night,0.8902864583333333,0.9927506510416667,0.007249348958333333,0.10246419270833333,True,0.9894725870335627,0.9892997139527492,9338,9439,0.9892997139527492,True
data/pallet/raw_data/night/capturenight04/rgb/1779449033035095040.png,capturenight04,night,0.9149674479166666,0.9955013020833333,0.0044986979166666665,0.08053385416666667,True,0.9914933837429112,0.9899639732372619,7694,7772,0.9899639732372619,True
data/pallet/raw_data/night/capturenight04/rgb/1779449034336140288.png,capturenight04,night,0.9421842447916666,0.9883138020833333,0.011686197916666667,0.046129557291666665,True,0.9828318584070797,0.9788348243508619,4486,4583,0.9788348243508619,True
data/pallet/raw_data/night/capturenight04/rgb/1779449035203236864.png,capturenight04,night,0.889375,0.993251953125,0.006748046875,0.103876953125,True,0.9850603941513032,0.98276020174232,10717,10905,0.98276020174232,True
data/pallet/raw_data/night/capturenight04/rgb/1779449036537531136.png,capturenight04,night,0.85462890625,0.986025390625,0.013974609375,0.131396484375,True,0.991304347826087,0.9911408815903198,9174,9256,0.9911408815903198,True
data/pallet/raw_data/night/capturenight04/rgb/1779449038238951680.png,capturenight04,night,0.8473274739583333,0.991640625,0.008359375,0.14431315104166667,True,0.9816949680635613,0.981276392319337,12316,12551,0.981276392319337,True
data/pallet/raw_data/night/capturenight04/rgb/1779449039639809536.png,capturenight04,night,0.8670703125,0.995400390625,0.004599609375,0.128330078125,True,0.9876136642909806,0.9861872396404298,17992,18244,0.9861872396404298,True
data/pallet/raw_data/night/capturenight04/rgb/1779449040307016448.png,capturenight04,night,0.867255859375,0.9922819010416667,0.007718098958333333,0.12502604166666667,True,0.9876036866359447,0.986501295078701,19805,20076,0.986501295078701,True
data/pallet/raw_data/night/capturenight04/rgb/1779449040707243264.png,capturenight04,night,0.874130859375,0.989365234375,0.010634765625,0.115234375,True,0.9813955243594098,0.9798715029277814,24097,24592,0.9798715029277814,True
data/pallet/raw_data/night/capturenight04/rgb/1779449041407586560.png,capturenight04,night,0.9034830729166666,0.9884114583333333,0.011588541666666667,0.08492838541666667,True,0.9801515542926031,0.9787738083957168,20658,21106,0.9787738083957168,True
data/pallet/raw_data/night/capturenight04/rgb/1779449041675036672.png,capturenight04,night,0.9107649739583333,0.9943489583333334,0.005651041666666667,0.083583984375,True,0.9848469387755102,0.9835195358311215,15934,16201,0.9831491883217085,True
data/pallet/raw_data/night/capturenight04/rgb/1779449042308326400.png,capturenight04,night,0.93392578125,0.995888671875,0.004111328125,0.061962890625,True,0.9866629097398328,1.0,500,500,1.0,True
data/pallet/raw_data/night/capturenight04/rgb/1779449043442519552.png,capturenight04,night,0.8667610677083334,0.9930696614583333,0.006930338541666667,0.12630859375,True,0.9844380403458213,0.9839815077659273,24264,24659,0.9839815077659273,True
data/pallet/raw_data/night/capturenight04/rgb/1779449043575811328.png,capturenight04,night,0.8812727864583333,0.9940071614583333,0.005992838541666667,0.112734375,True,0.9895891859734938,0.9889144386862065,28814,29137,0.9889144386862065,True
data/pallet/raw_data/night/capturenight04/rgb/1779449044109689856.png,capturenight04,night,0.88546875,0.996494140625,0.003505859375,0.111025390625,True,0.986602648493766,0.9857829642108723,23991,24337,0.9857829642108723,True
data/pallet/raw_data/night/capturenight04/rgb/1779449044409757184.png,capturenight04,night,0.871064453125,0.9948958333333333,0.005104166666666667,0.12383138020833333,True,0.9800577163285523,0.978426631950902,21044,21508,0.978426631950902,True
data/pallet/raw_data/night/capturenight04/rgb/1779449044743985152.png,capturenight04,night,0.8639485677083333,0.99513671875,0.00486328125,0.13118815104166667,True,0.9864510301518344,0.9845976529756916,18794,19088,0.9845976529756916,True
data/pallet/raw_data/night/capturenight04/rgb/1779449046511217920.png,capturenight04,night,0.9496126302083333,0.9748372395833333,0.025162760416666666,0.025224609375,True,0.978405315614618,0.9815807880624854,4210,4289,0.9801818605735603,True
data/pallet/raw_data/night/capturenight04/rgb/1779449047545424128.png,capturenight04,night,0.8819921875,0.9879231770833333,0.012076822916666667,0.10593098958333333,True,0.9902003802837502,0.9886066003143007,22647,22908,0.9886066003143007,True
data/pallet/raw_data/night/capturenight04/rgb/1779449049413407232.png,capturenight04,night,0.865546875,0.9933365885416666,0.006663411458333333,0.12778971354166666,True,0.9825046904315197,0.9802547770700637,18468,18840,0.9802547770700637,True
data/pallet/raw_data/night/capturenight04/rgb/1779449049680318720.png,capturenight04,night,0.848955078125,0.9929947916666667,0.007005208333333333,0.14403971354166667,True,0.9882993197278912,0.986958054282693,22400,22696,0.986958054282693,True
data/pallet/raw_data/night/capturenight04/rgb/1779449050447654400.png,capturenight04,night,0.8415885416666666,0.9888118489583333,0.011188151041666667,0.14722330729166666,True,0.983727237504843,0.9816467418757366,29150,29695,0.9816467418757366,True
data/pallet/raw_data/night/capturenight04/rgb/1779449052649303296.png,capturenight04,night,0.8778059895833333,0.9809212239583334,0.019078776041666665,0.103115234375,True,0.980331088664422,0.9700906753281906,21504,22167,0.9700906753281906,True
data/pallet/raw_data/night/capturenight04/rgb/1779449053182699520.png,capturenight04,night,0.930419921875,0.9975390625,0.0024609375,0.067119140625,True,0.9820377267812087,0.9848539487919221,13655,13865,0.9848539487919221,True
data/pallet/raw_data/night/capturenight04/rgb/1779449053883160832.png,capturenight04,night,0.9248828125,0.996357421875,0.003642578125,0.071474609375,True,0.9848162769511084,0.9831566796096127,18737,19058,0.9821597229509917,True
data/pallet/raw_data/night/capturenight04/rgb/1779449056084629760.png,capturenight04,night,0.8432421875,0.9935904947916666,0.0064095052083333335,0.15034830729166668,True,0.9837547892720306,0.9789872314755856,29212,29839,0.9789872314755856,True
data/pallet/raw_data/night/capturenight04/rgb/1779449057352182784.png,capturenight04,night,0.9051041666666667,0.9629720052083334,0.037027994791666664,0.05786783854166667,True,0.9719013846673421,0.9696263698334627,11237,11589,0.9689360600569505,True
data/pallet/raw_data/night/capturenight04/rgb/1779449061455069952.png,capturenight04,night,0.8912858072916666,0.9924479166666667,0.007552083333333333,0.101162109375,True,0.9924334824050233,0.9918151179585941,35020,35309,0.9918151179585941,True
data/pallet/raw_data/night/capturenight04/rgb/1779449062056113408.png,capturenight04,night,0.8858984375,0.987666015625,0.012333984375,0.101767578125,True,0.9793894184279597,0.9723476483965591,59004,60682,0.9709304241785043,True
data/pallet/raw_data/night/capturenight04/rgb/1779449062155905024.png,capturenight04,night,0.8620703125,0.9862890625,0.0137109375,0.12421875,True,0.9704377656797674,0.9659794689064223,56930,58935,0.9655043692203275,True
data/pallet/raw_data/night/capturenight04/rgb/1779449064257317120.png,capturenight04,night,0.8949934895833334,0.981650390625,0.018349609375,0.08665690104166666,True,0.975,0.9727016002510198,31000,31870,0.9727016002510198,True
data/pallet/raw_data/night/capturenight04/rgb/1779449064590779904.png,capturenight04,night,0.9190201822916667,0.9937109375,0.0062890625,0.07469075520833333,True,0.9725973771775298,0.9700636497167238,41607,42891,0.9699703900585205,True
data/pallet/raw_data/night/capturenight04/rgb/1779449065091318272.png,capturenight04,night,0.9252115885416666,0.995068359375,0.004931640625,0.06985677083333333,True,0.9727699530516432,0.9689964325948178,41287,42608,0.9689964325948178,True
data/pallet/raw_data/night/capturenight04/rgb/1779449066058333952.png,capturenight04,night,0.8925911458333333,0.9892903645833333,0.010709635416666667,0.09669921875,True,0.9653317001684202,0.9648628613787991,39048,40470,0.9647146034099333,True
data/pallet/raw_data/night/capturenight04/rgb/1779449067959754496.png,capturenight04,night,0.84326171875,0.9888118489583333,0.011188151041666667,0.14555013020833332,True,0.9461538461538461,0.9643652561247216,433,449,0.9643652561247216,True
data/pallet/raw_data/night/capturenight04/rgb/1779449070427939584.png,capturenight04,night,0.8625813802083333,0.98783203125,0.01216796875,0.12525065104166666,True,0.5671873171873172,0.5509083227714406,10432,18936,0.5200675961132235,True
data/pallet/raw_data/night/capturenight04/rgb/1779449070561694720.png,capturenight04,night,0.8642805989583333,0.9881770833333333,0.011822916666666667,0.123896484375,True,0.9735267857142857,0.9526293889831322,29763,31243,0.9353775245655027,True
data/pallet/raw_data/night/capturenight04/rgb/1779449071195397888.png,capturenight04,night,0.883974609375,0.9780013020833334,0.021998697916666667,0.09402669270833333,True,1.0,1.0,1605,1605,1.0,True
data/pallet/raw_data/night/capturenight04/rgb/1779449073063574784.png,capturenight04,night,0.9239811197916666,0.9954069010416666,0.004593098958333333,0.07142578125,True,0.9683908045977011,0.964968152866242,909,942,0.964968152866242,True
data/pallet/raw_data/night/capturenight04/rgb/1779449074531197952.png,capturenight04,night,0.88734375,0.9881184895833334,0.011881510416666666,0.10077473958333333,True,0.9905702739110912,0.9894570374275171,1877,1897,0.9894570374275171,True
data/pallet/raw_data/night/capturenight04/rgb/1779449074764602880.png,capturenight04,night,0.8562076822916667,0.981357421875,0.018642578125,0.12514973958333334,True,0.7003644567858383,0.7444869020763316,16171,21721,0.7312738824179366,True
data/pallet/raw_data/night/capturenight04/rgb/1779449075765237248.png,capturenight04,night,0.8437174479166667,0.9837565104166667,0.016243489583333333,0.1400390625,True,0.9752460196815745,0.9766469706323309,55371,56695,0.9766469706323309,True
data/pallet/raw_data/night/capturenight04/rgb/1779449077666664192.png,capturenight04,night,0.8387109375,0.9883138020833333,0.011686197916666667,0.14960286458333333,True,0.9795224468445183,0.9731198429719021,53543,55022,0.9731198429719021,True
data/pallet/raw_data/night/capturenight10/rgb/1779449734498206208.png,capturenight10,night,0.994453125,0.9989811197916667,0.0010188802083333332,0.004527994791666667,True,1.0,1.0,2079,2079,1.0,True
data/pallet/raw_data/night/capturenight10/rgb/1779449735432270848.png,capturenight10,night,0.9944010416666667,0.9944010416666667,0.005598958333333333,0.0,True,1.0,1.0,414,414,1.0,True
data/pallet/raw_data/night/capturenight10/rgb/1779449735498792192.png,capturenight10,night,0.9961328125,0.9961328125,0.0038671875,0.0,True,1.0,1.0,289,289,1.0,True
data/pallet/raw_data/night/capturenight10/rgb/1779449736099241728.png,capturenight10,night,0.9941438802083333,0.9941438802083333,0.005856119791666667,0.0,False,,,,,,
data/pallet/raw_data/night/capturenight10/rgb/1779449738534253568.png,capturenight10,night,0.9979427083333333,0.9979427083333333,0.0020572916666666665,0.0,True,1.0,1.0,13086,13086,1.0,True
data/pallet/raw_data/night/capturenight10/rgb/1779449739635008256.png,capturenight10,night,0.9967122395833333,0.9967122395833333,0.0032877604166666667,0.0,True,1.0,1.0,4250,4250,1.0,True
data/pallet/raw_data/night/capturenight10/rgb/1779449739701841920.png,capturenight10,night,0.9927766927083334,0.9927766927083334,0.0072233072916666665,0.0,False,,,,,,
data/pallet/raw_data/night/capturenight10/rgb/1779449741636811264.png,capturenight10,night,0.9909798177083333,0.9938704427083334,0.006129557291666666,0.002890625,True,1.0,1.0,1581,1581,1.0,True
data/pallet/raw_data/night/capturenight10/rgb/1779449743671618816.png,capturenight10,night,0.9961328125,0.9991569010416667,0.0008430989583333333,0.0030240885416666667,True,0.9402599715099715,0.9169929522317932,7026,7662,0.9169929522317932,True
data/pallet/raw_data/night/capturenight10/rgb/1779449746573452032.png,capturenight10,night,0.97525390625,0.9982877604166667,0.0017122395833333334,0.023033854166666666,True,1.0,1.0,1349,1349,1.0,True
data/pallet/raw_data/night/capturenight10/rgb/1779449746807002368.png,capturenight10,night,0.978896484375,0.998671875,0.001328125,0.019775390625,True,1.0,1.0,911,911,1.0,True
data/pallet/raw_data/night/capturenight10/rgb/1779449748341163008.png,capturenight10,night,0.9702766927083334,0.9875227864583334,0.012477213541666667,0.01724609375,True,0.9996292176492398,0.9994788952579469,1918,1919,0.9994788952579469,True
data/pallet/raw_data/night/capturenight10/rgb/1779449750008977664.png,capturenight10,night,0.9805240885416666,0.9880989583333334,0.011901041666666667,0.007574869791666667,True,0.9923809523809524,0.999000999000999,6000,6006,0.999000999000999,True
data/pallet/raw_data/night/capturenight10/rgb/1779449750409757184.png,capturenight10,night,0.98046875,0.98048828125,0.01951171875,1.953125e-05,True,0.9923132183908046,0.991663249965833,7256,7317,0.991663249965833,True
data/pallet/raw_data/night/capturenight10/rgb/1779449750643185664.png,capturenight10,night,0.9748404947916667,0.9748404947916667,0.025159505208333332,0.0,False,,,,,,
data/pallet/raw_data/night/capturenight10/rgb/1779449750943340032.png,capturenight10,night,0.968203125,0.968203125,0.031796875,0.0,True,0.9868969107948629,0.9837145471180238,5376,5465,0.9837145471180238,True
data/pallet/raw_data/night/capturenight10/rgb/1779449751043227392.png,capturenight10,night,0.969111328125,0.969111328125,0.030888671875,0.0,False,,,,,,
data/pallet/raw_data/night/capturenight10/rgb/1779449752211185664.png,capturenight10,night,0.972392578125,0.9742578125,0.0257421875,0.001865234375,False,,,,,,
data/pallet/raw_data/night/capturenight10/rgb/1779449752744321280.png,capturenight10,night,0.9722819010416667,0.9723274739583333,0.027672526041666666,4.557291666666667e-05,False,,,,,,
data/pallet/raw_data/night/capturenight10/rgb/1779449753778789888.png,capturenight10,night,0.9715787760416666,0.9722819010416667,0.027718098958333333,0.000703125,True,0.9869030229506573,0.9982768041020468,23752,23793,0.9982768041020468,True
data/pallet/raw_data/night/capturenight10/rgb/1779449754078590208.png,capturenight10,night,0.966650390625,0.966953125,0.033046875,0.000302734375,False,,,,,,
data/pallet/raw_data/night/capturenight10/rgb/1779449754712586496.png,capturenight10,night,0.95810546875,0.960810546875,0.039189453125,0.002705078125,True,1.0,1.0,583,583,1.0,True
data/pallet/raw_data/night/capturenight10/rgb/1779449756780403456.png,capturenight10,night,0.9011588541666666,0.9129654947916667,0.08703450520833333,0.011806640625,True,1.0,1.0,597,597,1.0,True
data/pallet/raw_data/night/capturenight10/rgb/1779449759349080320.png,capturenight10,night,0.8405436197916667,0.91095703125,0.08904296875,0.07041341145833334,True,1.0,1.0,637,637,1.0,True
data/pallet/raw_data/night/capturenight10/rgb/1779449759615712000.png,capturenight10,night,0.84494140625,0.9133919270833334,0.08660807291666667,0.06845052083333333,True,1.0,1.0,601,601,1.0,True
data/pallet/raw_data/night/capturenight10/rgb/1779449760049866752.png,capturenight10,night,0.85001953125,0.919365234375,0.080634765625,0.069345703125,True,1.0,1.0,658,658,1.0,True
data/pallet/raw_data/night/capturenight10/rgb/1779449760283155200.png,capturenight10,night,0.8316438802083334,0.912890625,0.087109375,0.08124674479166667,True,1.0,1.0,643,643,1.0,True
data/pallet/raw_data/night/capturenight10/rgb/1779449760649799936.png,capturenight10,night,0.822158203125,0.9089583333333333,0.09104166666666667,0.08680013020833334,True,1.0,1.0,564,564,1.0,True
data/pallet/raw_data/night/capturenight10/rgb/1779449761850839552.png,capturenight10,night,0.8562662760416667,0.920380859375,0.079619140625,0.06411458333333334,True,0.9828571428571429,0.9827044025157232,625,636,0.9827044025157232,True
data/pallet/raw_data/night/capturenight10/rgb/1779449762384311552.png,capturenight10,night,0.8937109375,0.9233756510416666,0.07662434895833334,0.029664713541666665,True,1.0,1.0,813,813,1.0,True
data/pallet/raw_data/night/capturenight10/rgb/1779449763685266944.png,capturenight10,night,0.9122102864583334,0.9216178385416667,0.07838216145833334,0.009407552083333333,True,0.9994761851311408,0.9993044515103339,20114,20128,0.9993044515103339,True
data/pallet/raw_data/night/capturenight10/rgb/1779449764653142784.png,capturenight10,night,0.9591015625,0.9636197916666667,0.03638020833333333,0.004518229166666667,True,1.0,1.0,388,388,1.0,True
data/pallet/raw_data/night/capturenight10/rgb/1779449765119620096.png,capturenight10,night,0.96978515625,0.9718782552083334,0.028121744791666667,0.0020930989583333335,False,,,,,,
data/pallet/raw_data/night/capturenight10/rgb/1779449766020382464.png,capturenight10,night,0.96466796875,0.9659928385416666,0.03400716145833333,0.0013248697916666667,True,1.0,1.0,9028,9028,1.0,True
data/pallet/raw_data/night/capturenight10/rgb/1779449768021854208.png,capturenight10,night,0.961552734375,0.9616276041666667,0.038372395833333336,7.486979166666666e-05,True,0.9884425918908678,0.9858534322820037,8502,8624,0.9858534322820037,True
data/pallet/raw_data/night/capturenight10/rgb/1779449768455283200.png,capturenight10,night,0.96796875,0.96796875,0.03203125,0.0,True,0.9956937799043062,0.995530964034901,4678,4699,0.995530964034901,True
data/pallet/raw_data/night/capturenight10/rgb/1779449768622214144.png,capturenight10,night,0.9644401041666667,0.9644401041666667,0.035559895833333334,0.0,True,0.9920408648134948,0.9878493317132442,4065,4115,0.9878493317132442,True
data/pallet/raw_data/night/capturenight10/rgb/1779449768922271232.png,capturenight10,night,0.9636165364583333,0.9637467447916667,0.036253255208333335,0.00013020833333333333,True,0.9934946656258131,0.9891376634892485,4462,4511,0.9891376634892485,True
data/pallet/raw_data/night/capturenight10/rgb/1779449769222536960.png,capturenight10,night,0.9631705729166666,0.9631705729166666,0.03682942708333333,0.0,True,0.9516908212560387,0.938610662358643,581,619,0.938610662358643,True
data/pallet/raw_data/night/capturenight10/rgb/1779449769389274880.png,capturenight10,night,0.9630305989583333,0.9630305989583333,0.03696940104166667,0.0,True,0.9805786761791518,0.9860099096473331,6766,6862,0.9860099096473331,True
data/pallet/raw_data/night/capturenight10/rgb/1779449770323536896.png,capturenight10,night,0.9666959635416666,0.9666959635416666,0.03330403645833333,0.0,True,0.9974002599740026,0.997369805365597,5688,5703,0.997369805365597,True
data/pallet/raw_data/night/capturenight10/rgb/1779449772558319104.png,capturenight10,night,0.9678092447916666,0.96798828125,0.03201171875,0.00017903645833333332,True,0.9999514751552795,0.9999055445357514,10586,10587,0.9999055445357514,True
data/pallet/raw_data/night/capturenight10/rgb/1779449773558907648.png,capturenight10,night,0.960322265625,0.960322265625,0.039677734375,0.0,True,0.9933862433862434,0.9979575163398693,2443,2448,0.9979575163398693,True
data/pallet/raw_data/night/capturenight10/rgb/1779449776027474432.png,capturenight10,night,0.95033203125,0.9512923177083333,0.048707682291666665,0.0009602864583333333,False,,,,,,
data/pallet/raw_data/night/capturenight10/rgb/1779449777161659648.png,capturenight10,night,0.946259765625,0.9463020833333333,0.053697916666666665,4.2317708333333335e-05,True,1.0,1.0,385,385,1.0,True
data/pallet/raw_data/night/capturenight10/rgb/1779449778862886656.png,capturenight10,night,0.957529296875,0.958154296875,0.041845703125,0.000625,False,,,,,,
data/pallet/raw_data/night/capturenight10/rgb/1779449779529863680.png,capturenight10,night,0.9569303385416666,0.958642578125,0.041357421875,0.0017122395833333334,False,,,,,,
data/pallet/raw_data/night/capturenight10/rgb/1779449779696538112.png,capturenight10,night,0.9733040364583333,0.9733040364583333,0.026695963541666666,0.0,False,,,,,,
data/pallet/raw_data/night/capturenight10/rgb/1779449781031117312.png,capturenight10,night,0.9567708333333333,0.9567708333333333,0.043229166666666666,0.0,True,1.0,1.0,13089,13089,1.0,True
data/pallet/raw_data/night/capturenight10/rgb/1779449783399374080.png,capturenight10,night,0.82138671875,0.9485514322916667,0.05144856770833333,0.12716471354166667,True,0.9915611814345991,0.9934810951760105,762,767,0.9934810951760105,True
data/pallet/raw_data/night/capturenight10/rgb/1779449784633435648.png,capturenight10,night,0.8172102864583334,0.9443229166666667,0.055677083333333335,0.12711263020833333,True,1.0,1.0,598,598,1.0,True
data/pallet/raw_data/night/capturenight10/rgb/1779449785667424768.png,capturenight10,night,0.8017708333333333,0.9439680989583333,0.056031901041666665,0.142197265625,True,1.0,1.0,595,595,1.0,True
data/pallet/raw_data/night/capturenight10/rgb/1779449786467962112.png,capturenight10,night,0.8116015625,0.945166015625,0.054833984375,0.133564453125,True,1.0,1.0,554,554,1.0,True
data/pallet/raw_data/night/capturenight10/rgb/1779449790437409792.png,capturenight10,night,0.755810546875,0.9219466145833334,0.07805338541666666,0.16613606770833333,True,1.0,1.0,805,805,1.0,True
data/pallet/raw_data/night/capturenight10/rgb/1779449790804763904.png,capturenight10,night,0.7774772135416667,0.9268326822916667,0.07316731770833333,0.14935546875,True,1.0,1.0,719,719,1.0,True
data/pallet/raw_data/night/capturenight10/rgb/1779449792405590272.png,capturenight10,night,0.769345703125,0.9293131510416667,0.07068684895833334,0.15996744791666667,True,1.0,1.0,842,842,1.0,True
data/pallet/raw_data/night/capturenight10/rgb/1779449793806551808.png,capturenight10,night,0.7678645833333333,0.9336100260416667,0.06638997395833333,0.16574544270833333,True,0.9890909090909091,0.9894366197183099,843,852,0.9894366197183099,True
data/pallet/raw_data/night/capturenight10/rgb/1779449793940060672.png,capturenight10,night,0.765693359375,0.92650390625,0.07349609375,0.160810546875,True,0.9901719901719902,0.9900990099009901,800,808,0.9900990099009901,True
data/pallet/raw_data/night/capturenight10/rgb/1779449794073504000.png,capturenight10,night,0.77720703125,0.925419921875,0.074580078125,0.148212890625,True,0.9896049896049897,0.9896373056994818,955,965,0.9896373056994818,True
data/pallet/raw_data/night/capturenight10/rgb/1779449794140022272.png,capturenight10,night,0.769375,0.934873046875,0.065126953125,0.165498046875,True,0.9988738738738738,0.9989669421487604,967,968,0.9989669421487604,True
data/pallet/raw_data/night/capturenight10/rgb/1779449794574028288.png,capturenight10,night,0.805224609375,0.933349609375,0.066650390625,0.128125,True,1.0,1.0,901,901,1.0,True
data/pallet/raw_data/night/capturenight10/rgb/1779449795274347776.png,capturenight10,night,0.791865234375,0.9359375,0.0640625,0.144072265625,True,1.0,1.0,906,906,1.0,True
data/pallet/raw_data/night/capturenight10/rgb/1779449796641836032.png,capturenight10,night,0.7778743489583333,0.939697265625,0.060302734375,0.16182291666666668,True,0.9890873015873016,0.9914448669201521,1043,1052,0.9914448669201521,True
data/pallet/raw_data/night/capturenight10/rgb/1779449798176168704.png,capturenight10,night,0.80080078125,0.94638671875,0.05361328125,0.1455859375,True,0.9725378787878788,0.9743354720439963,1063,1091,0.9743354720439963,True
data/pallet/raw_data/night/capturenight10/rgb/1779449798476490496.png,capturenight10,night,0.81572265625,0.946943359375,0.053056640625,0.131220703125,True,0.9822134387351779,0.9802847754654983,895,913,0.9802847754654983,True
data/pallet/raw_data/night/capturenight10/rgb/1779449799310299392.png,capturenight10,night,0.79908203125,0.9453125,0.0546875,0.14623046875,True,0.9706439393939394,0.9609665427509294,1034,1076,0.9609665427509294,True
data/pallet/raw_data/night/capturenight10/rgb/1779449801812167424.png,capturenight10,night,0.8457259114583333,0.984677734375,0.015322265625,0.13895182291666666,True,0.9718406593406593,0.9716655148583275,1406,1447,0.9716655148583275,True
data/pallet/raw_data/night/capturenight10/rgb/1779449804147028480.png,capturenight10,night,0.8552180989583333,0.973203125,0.026796875,0.11798502604166666,True,0.9887096774193549,0.9883720930232558,1785,1806,0.9883720930232558,True
data/pallet/raw_data/night/capturenight10/rgb/1779449804981060352.png,capturenight10,night,0.8610514322916667,0.9751236979166666,0.024876302083333333,0.114072265625,True,0.9868235294117647,0.9855446566855963,1909,1937,0.9839958699019101,True
data/pallet/raw_data/night/capturenight10/rgb/1779449805381307648.png,capturenight10,night,0.84484375,0.9808561197916666,0.019143880208333332,0.13601236979166667,True,0.9889429455992923,0.9879227053140096,2045,2070,0.9869565217391304,True
data/pallet/raw_data/night/capturenight10/rgb/1779449805848431616.png,capturenight10,night,0.844892578125,0.9742610677083333,0.025738932291666666,0.12936848958333333,True,0.9582289055973267,0.9563040509786072,2101,2197,0.9526627218934911,True
data/pallet/raw_data/night/capturenight10/rgb/1779449806348659456.png,capturenight10,night,0.8702701822916666,0.978369140625,0.021630859375,0.10809895833333333,True,0.9846663903854124,0.9854932301740812,2038,2068,0.9845261121856866,True
data/pallet/raw_data/night/capturenight10/rgb/1779449807750259968.png,capturenight10,night,0.8469791666666666,0.9535221354166666,0.046477864583333334,0.10654296875,True,0.9940720474236207,0.9943316013226263,2105,2117,0.9943316013226263,True
data/pallet/raw_data/night/capturenight10/rgb/1779449807883062528.png,capturenight10,night,0.8344173177083334,0.959326171875,0.040673828125,0.12490885416666667,True,0.9695767195767195,0.9680900985452839,2063,2131,0.9680900985452839,True
data/pallet/raw_data/night/capturenight10/rgb/1779449808550224384.png,capturenight10,night,0.8430598958333333,0.9561100260416666,0.043889973958333335,0.11305013020833334,True,0.9470486111111112,0.943778801843318,2048,2170,0.9373271889400921,True
data/pallet/raw_data/night/capturenight10/rgb/1779449808783633664.png,capturenight10,night,0.8483333333333334,0.9556022135416666,0.04439778645833333,0.10726888020833333,True,0.9916457811194653,0.9913457377758547,2291,2311,0.9913457377758547,True
data/pallet/raw_data/night/capturenight10/rgb/1779449811151962368.png,capturenight10,night,0.9372623697916667,0.949375,0.050625,0.012112630208333334,True,0.9570578231292517,0.9644012944983819,2086,2163,0.9644012944983819,True
data/pallet/raw_data/night/capturenight10/rgb/1779449811952724224.png,capturenight10,night,0.92931640625,0.9365364583333333,0.06346354166666666,0.0072200520833333335,True,0.9709443099273608,0.978558394160584,2145,2192,0.978558394160584,True
data/pallet/raw_data/night/capturenight10/rgb/1779449812019416832.png,capturenight10,night,0.9329264322916667,0.9457291666666666,0.05427083333333333,0.012802734375,True,0.9424761904761905,0.9498460184777827,2159,2273,0.9498460184777827,True
data/pallet/raw_data/night/capturenight10/rgb/1779449812353533952.png,capturenight10,night,0.9183658854166666,0.952861328125,0.047138671875,0.03449544270833333,True,0.985544848035582,0.9846517119244392,2502,2541,0.983077528532074,True
data/pallet/raw_data/night/capturenight10/rgb/1779449814954764288.png,capturenight10,night,0.846201171875,0.9773860677083334,0.022613932291666666,0.13118489583333334,True,0.9811580882352942,0.9791288566243194,2158,2204,0.9791288566243194,True
data/pallet/raw_data/night/capturenight10/rgb/1779449815855296768.png,capturenight10,night,0.834833984375,0.9694694010416667,0.030530598958333332,0.13463541666666667,True,0.9889429455992923,0.9882352941176471,2268,2295,0.9882352941176471,True
data/pallet/raw_data/night/capturenight10/rgb/1779449815988695296.png,capturenight10,night,0.8421907552083333,0.9614225260416667,0.03857747395833333,0.11923177083333333,True,0.9759358288770054,0.9768760907504364,2239,2292,0.9768760907504364,True
data/pallet/raw_data/night/capturenight10/rgb/1779449816188777216.png,capturenight10,night,0.8496712239583334,0.9662662760416667,0.033733723958333336,0.11659505208333333,True,0.9594017094017094,0.959086993970715,2227,2322,0.959086993970715,True
data/pallet/raw_data/night/capturenight10/rgb/1779449819557841152.png,capturenight10,night,0.8623209635416667,0.9869401041666667,0.013059895833333333,0.124619140625,True,0.9970552147239263,0.9971204188481675,3809,3820,0.9971204188481675,True
data/pallet/raw_data/night/capturenight10/rgb/1779449820125051392.png,capturenight10,night,0.8520963541666666,0.9857063802083333,0.014293619791666667,0.13361002604166666,True,0.9806122448979592,0.9816573154941735,4549,4634,0.9816573154941735,True
data/pallet/raw_data/night/capturenight10/rgb/1779449820258388224.png,capturenight10,night,0.8482356770833334,0.9857747395833333,0.014225260416666666,0.1375390625,True,0.9927507836990596,0.9937994440880906,4648,4677,0.9937994440880906,True
data/pallet/raw_data/night/capturenight10/rgb/1779449821692792064.png,capturenight10,night,0.8726399739583334,0.9900520833333334,0.009947916666666667,0.117412109375,True,0.9681219681219682,0.9616573902288188,6220,6468,0.9616573902288188,True
data/pallet/raw_data/night/capturenight10/rgb/1779449821892909824.png,capturenight10,night,0.8522493489583334,0.98939453125,0.01060546875,0.13714518229166667,True,0.9572139303482587,0.961448415795224,6160,6407,0.961448415795224,True
data/pallet/raw_data/night/capturenight10/rgb/1779449823427400448.png,capturenight10,night,0.8471809895833333,0.9887337239583334,0.011266276041666667,0.141552734375,True,0.9759182908545727,0.9692996482251359,9093,9381,0.9692996482251359,True
data/pallet/raw_data/night/capturenight10/rgb/1779449824361404416.png,capturenight10,night,0.8722200520833333,0.9898600260416667,0.010139973958333333,0.11763997395833334,True,0.9870557261956999,0.9865182221449074,11342,11497,0.9862572845090023,True
data/pallet/raw_data/night/capturenight10/rgb/1779449824661768960.png,capturenight10,night,0.8727962239583333,0.99166015625,0.00833984375,0.11886393229166667,True,0.9834893048128343,0.981181934657271,12253,12488,0.981181934657271,True
data/pallet/raw_data/night/capturenight10/rgb/1779449824894970368.png,capturenight10,night,0.8681705729166667,0.9932552083333334,0.006744791666666666,0.12508463541666667,True,0.9815556284870365,0.9791275797373359,12525,12792,0.9791275797373359,True
data/pallet/raw_data/night/capturenight10/rgb/1779449824962068992.png,capturenight10,night,0.87728515625,0.994111328125,0.005888671875,0.116826171875,True,0.9752304147465438,0.9755464987032234,13165,13495,0.9710263060392738,True
data/pallet/raw_data/night/capturenight10/rgb/1779449827063651072.png,capturenight10,night,0.874423828125,0.9938151041666666,0.006184895833333333,0.11939127604166666,True,0.975843137254902,0.9796476442372349,21853,22307,0.9796476442372349,True
data/pallet/raw_data/night/capturenight10/rgb/1779449827163493120.png,capturenight10,night,0.871689453125,0.9913736979166666,0.008626302083333334,0.11968424479166667,True,0.9787151702786377,0.9845912770958475,22620,22974,0.9845912770958475,True
data/pallet/raw_data/night/capturenight10/rgb/1779449831199453952.png,capturenight10,night,0.881201171875,0.9903971354166666,0.009602864583333334,0.10919596354166666,True,0.9775745882616111,0.9778414229725656,32435,33170,0.9771178776002412,True
data/pallet/raw_data/night/capturenight10/rgb/1779449831332899840.png,capturenight10,night,0.8989192708333333,0.9850553385416667,0.014944661458333333,0.08613606770833333,True,0.984868242325455,0.9860832645359122,33444,33916,0.9860832645359122,True
data/pallet/raw_data/night/capturenight10/rgb/1779449831566656000.png,capturenight10,night,0.9051106770833334,0.9864420572916667,0.013557942708333333,0.08133138020833333,True,0.9843745686442316,0.9850320070289946,31391,31868,0.9847495920672775,True
data/pallet/raw_data/night/capturenight10/rgb/1779449832133422848.png,capturenight10,night,0.9469563802083333,0.9882552083333334,0.011744791666666667,0.041298828125,True,0.9847484748474847,0.9862866870527411,31286,31721,0.9862551621953911,True
data/pallet/raw_data/night/capturenight10/rgb/1779449833300857856.png,capturenight10,night,0.9862825520833334,0.98724609375,0.01275390625,0.0009635416666666667,True,0.9885151763740772,0.9687856870955462,5090,5254,0.9636467453368862,True
data/pallet/raw_data/night/capturenight10/rgb/1779449834501937152.png,capturenight10,night,0.9827506510416667,0.9827506510416667,0.017249348958333334,0.0,False,,,,,,
data/pallet/raw_data/night/capturenight10/rgb/1779449834968752640.png,capturenight10,night,0.979912109375,0.9806217447916666,0.019378255208333334,0.0007096354166666667,False,,,,,,
data/pallet/raw_data/night/capturenight10/rgb/1779449835335839488.png,capturenight10,night,0.9587174479166667,0.9597819010416667,0.04021809895833333,0.001064453125,True,1.0,1.0,215,215,1.0,True
data/pallet/raw_data/night/capturenight10/rgb/1779449835669736192.png,capturenight10,night,0.95125,0.9526725260416666,0.04732747395833333,0.0014225260416666668,False,,,,,,
data/pallet/raw_data/night/capturenight10/rgb/1779449836036120832.png,capturenight10,night,0.9460774739583333,0.9477180989583334,0.05228190104166667,0.001640625,True,1.0,1.0,761,761,1.0,True
data/pallet/raw_data/night/capturenight10/rgb/1779449838671625984.png,capturenight10,night,0.9521712239583333,0.9528059895833333,0.04719401041666667,0.000634765625,False,,,,,,
data/pallet/raw_data/night/capturenight10/rgb/1779449839371928832.png,capturenight10,night,0.965126953125,0.965126953125,0.034873046875,0.0,True,1.0,1.0,971,971,1.0,True
data/pallet/raw_data/night/capturenight10/rgb/1779449840706139648.png,capturenight10,night,0.977978515625,0.9830533854166666,0.016946614583333332,0.005074869791666666,True,1.0,1.0,6127,6127,1.0,True
data/pallet/raw_data/night/capturenight10/rgb/1779449840839513344.png,capturenight10,night,0.9903776041666666,0.9908626302083333,0.009137369791666667,0.00048502604166666665,False,,,,,,
data/pallet/raw_data/night/capturenight10/rgb/1779449840973718784.png,capturenight10,night,0.993271484375,0.993271484375,0.006728515625,0.0,False,,,,,,
data/pallet/raw_data/night/capturenight10/rgb/1779449846043288576.png,capturenight10,night,0.8551302083333333,0.9749088541666666,0.02509114583333333,0.11977864583333334,True,0.9812618595825426,0.9842324692015925,31398,31901,0.9839816933638444,True
data/pallet/raw_data/night/capturenight10/rgb/1779449846610320128.png,capturenight10,night,0.8811295572916666,0.9915625,0.0084375,0.11043294270833333,True,0.9806156806156806,0.9795649114577225,33411,34108,0.9785094406004456,True
data/pallet/raw_data/night/capturenight10/rgb/1779449847110726912.png,capturenight10,night,0.8727180989583333,0.9873470052083333,0.012652994791666667,0.11462890625,True,0.9841127622377622,0.9842601165513861,36144,36722,0.9842601165513861,True
data/pallet/raw_data/night/capturenight10/rgb/1779449849512461824.png,capturenight10,night,0.8696875,0.98185546875,0.01814453125,0.11216796875,True,0.97624,0.9719288256227758,34139,35125,0.9716156583629894,True
data/pallet/raw_data/night/capturenight10/rgb/1779449849745825792.png,capturenight10,night,0.8944889322916667,0.979091796875,0.020908203125,0.08460286458333334,True,0.9711182510302437,0.974228444161629,36744,37716,0.9740693604836144,True
data/pallet/raw_data/night/capturenight10/rgb/1779449850879958528.png,capturenight10,night,0.8861100260416667,0.9705436197916667,0.029456380208333334,0.08443359375,True,0.9408330428720809,0.9840951425705688,13736,13958,0.9840951425705688,True
data/pallet/raw_data/night/capturenight10/rgb/1779449850946661632.png,capturenight10,night,0.8934147135416667,0.964599609375,0.035400390625,0.07118489583333333,True,0.943008658008658,0.9460617011309643,14137,14943,0.9459947801646256,True
data/pallet/raw_data/night/capturenight10/rgb/1779449851013570048.png,capturenight10,night,0.8819303385416667,0.9691569010416666,0.030843098958333332,0.0872265625,True,0.9337348706476223,0.8769373616170274,12278,14001,0.8575816013141918,True
data/pallet/raw_data/night/capturenight10/rgb/1779449855149982464.png,capturenight10,night,0.88119140625,0.9643131510416667,0.035686848958333336,0.08312174479166666,True,0.9360655321954807,0.9363770095618367,17823,19034,0.9360617841756856,True
data/pallet/raw_data/outside/capturepallet01/rgb/1778651488900632064.png,capturepallet01,day,0.917978515625,0.9988834635416667,0.0011165364583333333,0.08090494791666666,False,,,,,,
data/pallet/raw_data/outside/capturepallet01/rgb/1778651489134974464.png,capturepallet01,day,0.910166015625,0.9969661458333333,0.0030338541666666665,0.08680013020833334,True,1.0,1.0,468,468,1.0,True
data/pallet/raw_data/outside/capturepallet01/rgb/1778651489202195712.png,capturepallet01,day,0.9100065104166667,0.99859375,0.00140625,0.08858723958333334,False,,,,,,
data/pallet/raw_data/outside/capturepallet01/rgb/1778651489235832576.png,capturepallet01,day,0.91919921875,0.9993912760416667,0.0006087239583333333,0.08019205729166666,False,,,,,,
data/pallet/raw_data/outside/capturepallet01/rgb/1778651489302867968.png,capturepallet01,day,0.9147721354166667,0.999111328125,0.000888671875,0.08433919270833333,True,1.0,1.0,228,228,1.0,True
data/pallet/raw_data/outside/capturepallet01/rgb/1778651489370367744.png,capturepallet01,day,0.9063509114583334,0.9950846354166667,0.004915364583333333,0.08873372395833333,True,1.0,1.0,598,598,1.0,True
data/pallet/raw_data/outside/capturepallet01/rgb/1778651489437160960.png,capturepallet01,day,0.9064095052083333,0.99466796875,0.00533203125,0.08825846354166667,True,1.0,1.0,520,520,1.0,True
data/pallet/raw_data/outside/capturepallet01/rgb/1778651489504339712.png,capturepallet01,day,0.907294921875,0.9954427083333334,0.004557291666666667,0.08814778645833334,True,1.0,1.0,555,555,1.0,True
data/pallet/raw_data/outside/capturepallet01/rgb/1778651489571578368.png,capturepallet01,day,0.9087825520833334,0.99552734375,0.00447265625,0.08674479166666667,True,1.0,1.0,922,922,1.0,True
data/pallet/raw_data/outside/capturepallet01/rgb/1778651489638620160.png,capturepallet01,day,0.9105631510416666,0.9965592447916667,0.0034407552083333334,0.08599609375,True,1.0,1.0,1184,1184,1.0,True
data/pallet/raw_data/outside/capturepallet01/rgb/1778651489672216064.png,capturepallet01,day,0.9158203125,0.9975032552083334,0.0024967447916666666,0.08168294270833333,True,1.0,1.0,930,930,1.0,True
data/pallet/raw_data/outside/capturepallet01/rgb/1778651489739301120.png,capturepallet01,day,0.9144368489583333,0.9968131510416667,0.003186848958333333,0.08237630208333334,True,1.0,1.0,916,916,1.0,True
data/pallet/raw_data/outside/capturepallet01/rgb/1778651489806957568.png,capturepallet01,day,0.9111295572916667,0.9966276041666666,0.003372395833333333,0.085498046875,True,1.0,1.0,864,864,1.0,True
data/pallet/raw_data/outside/capturepallet01/rgb/1778651489873783808.png,capturepallet01,day,0.9075227864583333,0.998447265625,0.001552734375,0.09092447916666667,True,1.0,1.0,869,869,1.0,True
data/pallet/raw_data/outside/capturepallet01/rgb/1778651489941048064.png,capturepallet01,day,0.908251953125,0.997451171875,0.002548828125,0.08919921875,True,1.0,1.0,779,779,1.0,True
data/pallet/raw_data/outside/capturepallet01/rgb/1778651489974534912.png,capturepallet01,day,0.9096614583333333,0.9974479166666667,0.0025520833333333333,0.08778645833333333,True,1.0,1.0,862,862,1.0,True
data/pallet/raw_data/outside/capturepallet01/rgb/1778651490041890816.png,capturepallet01,day,0.9069661458333333,0.9990462239583333,0.0009537760416666667,0.092080078125,True,1.0,1.0,786,786,1.0,True
data/pallet/raw_data/outside/capturepallet01/rgb/1778651490109133312.png,capturepallet01,day,0.9084342447916667,0.9993717447916667,0.0006282552083333333,0.0909375,True,1.0,1.0,662,662,1.0,True
data/pallet/raw_data/outside/capturepallet01/rgb/1778651490176271872.png,capturepallet01,day,0.9086881510416667,0.9967610677083333,0.003238932291666667,0.08807291666666667,True,1.0,1.0,781,781,1.0,True
data/pallet/raw_data/outside/capturepallet01/rgb/1778651490243496448.png,capturepallet01,day,0.910263671875,0.9978190104166667,0.0021809895833333334,0.08755533854166667,True,1.0,1.0,782,782,1.0,True
data/pallet/raw_data/outside/capturepallet01/rgb/1778651490310670848.png,capturepallet01,day,0.91185546875,0.9963671875,0.0036328125,0.08451171875,True,1.0,1.0,476,476,1.0,True
data/pallet/raw_data/outside/capturepallet01/rgb/1778651490377737216.png,capturepallet01,day,0.9099186197916667,0.9960091145833333,0.003990885416666667,0.08609049479166667,True,1.0,1.0,997,997,1.0,True
data/pallet/raw_data/outside/capturepallet01/rgb/1778651490411493120.png,capturepallet01,day,0.9118391927083334,0.9961588541666667,0.003841145833333333,0.08431966145833333,True,1.0,1.0,974,974,1.0,True
data/pallet/raw_data/outside/capturepallet01/rgb/1778651490478626816.png,capturepallet01,day,0.9094954427083334,0.9957389322916667,0.004261067708333333,0.08624348958333333,True,1.0,1.0,981,981,1.0,True
data/pallet/raw_data/outside/capturepallet01/rgb/1778651490546186752.png,capturepallet01,day,0.9062467447916667,0.9939420572916666,0.006057942708333333,0.0876953125,True,1.0,1.0,913,913,1.0,True
data/pallet/raw_data/outside/capturepallet01/rgb/1778651490646779136.png,capturepallet01,day,0.906640625,0.9949837239583333,0.005016276041666667,0.08834309895833334,True,1.0,1.0,922,922,1.0,True
data/pallet/raw_data/outside/capturepallet01/rgb/1778651490713883648.png,capturepallet01,day,0.9072102864583333,0.9941178385416667,0.005882161458333333,0.08690755208333334,True,1.0,1.0,906,906,1.0,True
data/pallet/raw_data/outside/capturepallet01/rgb/1778651490781239808.png,capturepallet01,day,0.9094661458333333,0.99490234375,0.00509765625,0.08543619791666666,True,1.0,1.0,822,822,1.0,True
data/pallet/raw_data/outside/capturepallet01/rgb/1778651490848228096.png,capturepallet01,day,0.9089453125,0.996513671875,0.003486328125,0.087568359375,True,1.0,1.0,910,910,1.0,True
data/pallet/raw_data/outside/capturepallet01/rgb/1778651490915459840.png,capturepallet01,day,0.909306640625,0.9959602864583333,0.004039713541666667,0.08665364583333333,True,1.0,1.0,842,842,1.0,True
data/pallet/raw_data/outside/capturepallet01/rgb/1778651490983007488.png,capturepallet01,day,0.9094270833333333,0.9954427083333334,0.004557291666666667,0.086015625,True,1.0,1.0,790,790,1.0,True
data/pallet/raw_data/outside/capturepallet01/rgb/1778651491049825792.png,capturepallet01,day,0.9082291666666666,0.995390625,0.004609375,0.08716145833333333,True,1.0,1.0,842,842,1.0,True
data/pallet/raw_data/outside/capturepallet01/rgb/1778651491150542848.png,capturepallet01,day,0.9097526041666667,0.9956966145833334,0.004303385416666666,0.08594401041666666,True,1.0,1.0,700,700,1.0,True
data/pallet/raw_data/outside/capturepallet01/rgb/1778651491217872128.png,capturepallet01,day,0.9107291666666667,0.9963053385416667,0.0036946614583333332,0.085576171875,True,1.0,1.0,765,765,1.0,True
data/pallet/raw_data/outside/capturepallet01/rgb/1778651491285059328.png,capturepallet01,day,0.9109830729166667,0.9956380208333333,0.004361979166666667,0.08465494791666667,True,1.0,1.0,915,915,1.0,True
data/pallet/raw_data/outside/capturepallet01/rgb/1778651491352184576.png,capturepallet01,day,0.91578125,0.9987272135416667,0.0012727864583333332,0.08294596354166667,True,1.0,1.0,819,819,1.0,True
data/pallet/raw_data/outside/capturepallet01/rgb/1778651491419763968.png,capturepallet01,day,0.9169596354166667,0.998740234375,0.001259765625,0.08178059895833334,True,1.0,1.0,712,712,1.0,True
data/pallet/raw_data/outside/capturepallet01/rgb/1778651491486768384.png,capturepallet01,day,0.9140462239583333,0.9981966145833333,0.0018033854166666667,0.084150390625,True,1.0,1.0,694,694,1.0,True
data/pallet/raw_data/outside/capturepallet01/rgb/1778651491553864704.png,capturepallet01,day,0.9135221354166667,0.9965494791666667,0.0034505208333333332,0.08302734375,True,1.0,1.0,757,757,1.0,True
data/pallet/raw_data/outside/capturepallet01/rgb/1778651491620902912.png,capturepallet01,day,0.9118619791666667,0.9963541666666667,0.0036458333333333334,0.0844921875,True,1.0,1.0,547,547,1.0,True
data/pallet/raw_data/outside/capturepallet01/rgb/1778651491654703616.png,capturepallet01,day,0.914873046875,0.9959765625,0.0040234375,0.081103515625,True,1.0,1.0,516,516,1.0,True
data/pallet/raw_data/outside/capturepallet01/rgb/1778651491721746944.png,capturepallet01,day,0.9158463541666667,0.99734375,0.00265625,0.08149739583333333,True,1.0,1.0,581,581,1.0,True
data/pallet/raw_data/outside/capturepallet10/rgb/1778654224965159680.png,capturepallet10,day,0.84828125,0.9864518229166667,0.013548177083333333,0.13817057291666668,True,1.0,1.0,826,826,1.0,True
data/pallet/raw_data/outside/capturepallet10/rgb/1778654225032481792.png,capturepallet10,day,0.8441536458333333,0.985380859375,0.014619140625,0.14122721354166667,True,1.0,1.0,759,759,1.0,True
data/pallet/raw_data/outside/capturepallet10/rgb/1778654225099178496.png,capturepallet10,day,0.8405989583333333,0.986845703125,0.013154296875,0.14624674479166666,True,1.0,1.0,700,700,1.0,True
data/pallet/raw_data/outside/capturepallet10/rgb/1778654225200260608.png,capturepallet10,day,0.8415983072916666,0.9790494791666666,0.020950520833333333,0.137451171875,True,1.0,1.0,807,807,1.0,True
data/pallet/raw_data/outside/capturepallet10/rgb/1778654225334948608.png,capturepallet10,day,0.8334016927083333,0.9776302083333334,0.022369791666666666,0.144228515625,True,1.0,1.0,835,835,1.0,True
data/pallet/raw_data/outside/capturepallet10/rgb/1778654225502940928.png,capturepallet10,day,0.8430501302083333,0.9807356770833333,0.019264322916666667,0.137685546875,True,1.0,1.0,287,287,1.0,True
data/pallet/raw_data/outside/capturepallet10/rgb/1778654225671027712.png,capturepallet10,day,0.844443359375,0.980224609375,0.019775390625,0.13578125,True,1.0,1.0,679,679,1.0,True
data/pallet/raw_data/outside/capturepallet10/rgb/1778654225839158784.png,capturepallet10,day,0.8536946614583333,0.9817740885416667,0.018225911458333334,0.12807942708333334,True,1.0,1.0,357,357,1.0,True
data/pallet/raw_data/outside/capturepallet10/rgb/1778654226006875904.png,capturepallet10,day,0.8494368489583334,0.9851432291666666,0.014856770833333333,0.13570638020833334,True,1.0,0.9979166666666667,479,480,0.9979166666666667,True
data/pallet/raw_data/outside/capturepallet10/rgb/1778654226107101952.png,capturepallet10,day,0.8516341145833334,0.974326171875,0.025673828125,0.12269205729166667,True,0.9921052631578947,0.9871794871794872,693,702,0.9871794871794872,True
data/pallet/raw_data/outside/capturepallet10/rgb/1778654226174344448.png,capturepallet10,day,0.8434993489583333,0.9735188802083333,0.026481119791666667,0.13001953125,True,0.9984962406015038,0.9986357435197817,732,733,0.9986357435197817,True
data/pallet/raw_data/outside/capturepallet10/rgb/1778654226207955712.png,capturepallet10,day,0.8551399739583333,0.9782194010416667,0.021780598958333335,0.12307942708333333,True,0.9955357142857143,0.9896907216494846,672,679,0.9896907216494846,True
data/pallet/raw_data/outside/capturepallet10/rgb/1778654226275115264.png,capturepallet10,day,0.85751953125,0.9870442708333333,0.012955729166666667,0.12952473958333333,True,0.9938556067588326,0.9836289222373806,721,733,0.9836289222373806,True
data/pallet/raw_data/outside/capturepallet10/rgb/1778654226342397184.png,capturepallet10,day,0.8629752604166666,0.97357421875,0.02642578125,0.11059895833333333,True,0.9920634920634921,0.989345509893455,650,657,0.989345509893455,True
data/pallet/raw_data/outside/capturepallet10/rgb/1778654226409594112.png,capturepallet10,day,0.866005859375,0.9857421875,0.0142578125,0.119736328125,True,0.9381868131868132,0.9393511988716502,666,709,0.8377997179125529,True
data/pallet/raw_data/outside/capturepallet10/rgb/1778654226476708864.png,capturepallet10,day,0.8673828125,0.9831022135416667,0.016897786458333335,0.11571940104166667,True,0.9984756097560976,0.9941690962099126,682,686,0.9941690962099126,True
data/pallet/raw_data/outside/capturepallet10/rgb/1778654226510324224.png,capturepallet10,day,0.876220703125,0.991005859375,0.008994140625,0.11478515625,True,0.9987080103359173,0.9985119047619048,671,672,0.9985119047619048,True
data/pallet/raw_data/outside/capturepallet10/rgb/1778654226645386496.png,capturepallet10,day,0.8607942708333334,0.9820865885416666,0.017913411458333334,0.12129231770833333,True,0.937888198757764,0.9417808219178082,275,292,0.9417808219178082,True
data/pallet/raw_data/outside/capturepallet10/rgb/1778654226779206912.png,capturepallet10,day,0.8497623697916666,0.971943359375,0.028056640625,0.12218098958333333,True,0.9047619047619048,0.8742857142857143,306,350,0.6428571428571429,True
data/pallet/raw_data/outside/capturepallet10/rgb/1778654226880439808.png,capturepallet10,day,0.84669921875,0.970927734375,0.029072265625,0.124228515625,True,0.8192090395480226,0.8004640371229699,345,431,0.5197215777262181,True
data/pallet/raw_data/outside/capturepallet10/rgb/1778654226947087104.png,capturepallet10,day,0.8422916666666667,0.974248046875,0.025751953125,0.13195638020833333,True,1.0,1.0,1174,1174,1.0,True
data/pallet/raw_data/outside/capturepallet10/rgb/1778654227014724352.png,capturepallet10,day,0.847685546875,0.9751204427083333,0.024879557291666667,0.12743489583333334,True,0.9340659340659341,0.9559585492227979,369,386,0.9559585492227979,True
data/pallet/raw_data/outside/capturepallet10/rgb/1778654227047886592.png,capturepallet10,day,0.8396321614583333,0.9746354166666666,0.025364583333333333,0.13500325520833334,True,0.930672268907563,0.923963133640553,401,434,0.7626728110599078,True
data/pallet/raw_data/outside/capturepallet10/rgb/1778654227115245568.png,capturepallet10,day,0.8325260416666667,0.9746223958333333,0.025377604166666668,0.14209635416666666,True,1.0,1.0,462,462,1.0,True
data/pallet/raw_data/outside/capturepallet10/rgb/1778654227182516480.png,capturepallet10,day,0.84708984375,0.9796712239583333,0.020328776041666666,0.13258138020833332,True,0.8615384615384616,0.8546365914786967,341,399,0.7443609022556391,True
data/pallet/raw_data/outside/capturepallet10/rgb/1778654227249307136.png,capturepallet10,day,0.8345084635416666,0.9748209635416667,0.025179036458333335,0.1403125,True,0.9448529411764706,0.9445544554455445,477,505,0.9445544554455445,True
data/pallet/raw_data/outside/capturepallet10/rgb/1778654227282946816.png,capturepallet10,day,0.8374674479166667,0.9728190104166666,0.027180989583333332,0.1353515625,True,0.9863247863247864,0.9824281150159745,615,626,0.9824281150159745,True
data/pallet/raw_data/outside/capturepallet10/rgb/1778654227350087168.png,capturepallet10,day,0.8334147135416666,0.9786555989583333,0.021344401041666666,0.14524088541666666,True,0.9964285714285714,1.0,574,574,1.0,True
data/pallet/raw_data/outside/capturepallet10/rgb/1778654227417418496.png,capturepallet10,day,0.8275520833333333,0.9782779947916667,0.021722005208333332,0.15072591145833333,True,1.0,1.0,649,649,1.0,True
data/pallet/raw_data/outside/capturepallet10/rgb/1778654227484558336.png,capturepallet10,day,0.821025390625,0.9774251302083333,0.022574869791666667,0.15639973958333334,True,1.0,1.0,633,633,1.0,True
data/pallet/raw_data/outside/capturepallet10/rgb/1778654227619173120.png,capturepallet10,day,0.805849609375,0.9687141927083334,0.03128580729166667,0.16286458333333334,True,1.0,1.0,671,671,1.0,True
data/pallet/raw_data/outside/capturepallet10/rgb/1778654227753460992.png,capturepallet10,day,0.8295735677083333,0.9799446614583334,0.020055338541666665,0.15037109375,True,1.0,1.0,639,639,1.0,True
data/pallet/raw_data/outside/capturepallet10/rgb/1778654227854539264.png,capturepallet10,day,0.8318522135416667,0.9846451822916666,0.015354817708333333,0.15279296875,False,,,,,,
data/pallet/raw_data/outside/capturepallet10/rgb/1778654227921587200.png,capturepallet10,day,0.8261165364583334,0.984833984375,0.015166015625,0.15871744791666667,True,1.0,1.0,684,684,1.0,True
data/pallet/raw_data/outside/capturepallet10/rgb/1778654227988647168.png,capturepallet10,day,0.8372233072916667,0.9857096354166667,0.014290364583333333,0.148486328125,True,1.0,1.0,703,703,1.0,True
data/pallet/raw_data/outside/capturepallet10/rgb/1778654228055900928.png,capturepallet10,day,0.8485709635416666,0.9887727864583333,0.011227213541666666,0.14020182291666666,True,1.0,1.0,726,726,1.0,True
data/pallet/raw_data/outside/capturepallet10/rgb/1778654228089362688.png,capturepallet10,day,0.8311067708333333,0.989892578125,0.010107421875,0.15878580729166666,True,1.0,1.0,812,812,1.0,True
data/pallet/raw_data/outside/capturepallet10/rgb/1778654228190292480.png,capturepallet10,day,0.83330078125,0.98556640625,0.01443359375,0.152265625,False,,,,,,
data/pallet/raw_data/outside/capturepallet10/rgb/1778654228325009920.png,capturepallet10,day,0.8332779947916666,0.975947265625,0.024052734375,0.14266927083333333,False,,,,,,
data/pallet/raw_data/outside/capturepallet10/rgb/1778654228459032576.png,capturepallet10,day,0.8198697916666666,0.9642122395833334,0.03578776041666667,0.14434244791666667,True,1.0,1.0,406,406,1.0,True
data/pallet/raw_data/outside/capturepallet10/rgb/1778654228526265088.png,capturepallet10,day,0.8334635416666667,0.9781022135416667,0.021897786458333332,0.144638671875,True,1.0,1.0,617,617,1.0,True
data/pallet/raw_data/outside/capturepallet10/rgb/1778654228593393664.png,capturepallet10,day,0.8226888020833333,0.964912109375,0.035087890625,0.14222330729166666,True,1.0,1.0,1149,1149,1.0,True
data/pallet/raw_data/outside/capturepallet10/rgb/1778654228660531200.png,capturepallet10,day,0.823193359375,0.9680598958333333,0.031940104166666664,0.14486653645833333,False,,,,,,
data/pallet/raw_data/outside/capturepallet10/rgb/1778654228694469120.png,capturepallet10,day,0.8364680989583333,0.9772819010416667,0.022718098958333332,0.14081380208333333,False,,,,,,
data/pallet/raw_data/outside/capturepallet10/rgb/1778654228761379840.png,capturepallet10,day,0.8182161458333334,0.9648795572916666,0.03512044270833333,0.14666341145833334,False,,,,,,
data/pallet/raw_data/outside/capturepallet10/rgb/1778654228862233088.png,capturepallet10,day,0.831142578125,0.9642220052083333,0.03577799479166666,0.13307942708333334,True,1.0,1.0,1223,1223,1.0,True
data/pallet/raw_data/outside/capturepallet10/rgb/1778654228963407616.png,capturepallet10,day,0.8141243489583333,0.9653157552083333,0.034684244791666666,0.15119140625,True,1.0,1.0,442,442,1.0,True
data/pallet/raw_data/outside/capturepallet10/rgb/1778654229097678592.png,capturepallet10,day,0.8255078125,0.9617415364583334,0.03825846354166667,0.13623372395833333,True,1.0,1.0,1189,1189,1.0,True
data/pallet/raw_data/outside/capturepallet10/rgb/1778654229198245120.png,capturepallet10,day,0.821982421875,0.9626920572916666,0.03730794270833333,0.14070963541666667,True,1.0,1.0,1297,1297,1.0,True
data/pallet/raw_data/outside/capturepallet10/rgb/1778654229265481728.png,capturepallet10,day,0.82115234375,0.9626920572916666,0.03730794270833333,0.14153971354166667,True,1.0,1.0,1382,1382,1.0,True
data/pallet/raw_data/outside/capturepallet10/rgb/1778654229298910720.png,capturepallet10,day,0.8293880208333333,0.9616471354166667,0.03835286458333333,0.13225911458333334,True,1.0,1.0,1155,1155,1.0,True
data/pallet/raw_data/outside/capturepallet10/rgb/1778654229366105600.png,capturepallet10,day,0.8278352864583334,0.958115234375,0.041884765625,0.13027994791666667,True,1.0,1.0,1140,1140,1.0,True
data/pallet/raw_data/outside/capturepallet10/rgb/1778654229399635200.png,capturepallet10,day,0.8386328125,0.9743587239583333,0.025641276041666668,0.13572591145833332,True,1.0,1.0,1150,1150,1.0,True
data/pallet/raw_data/outside/capturepallet10/rgb/1778654229466870016.png,capturepallet10,day,0.8239420572916667,0.97232421875,0.02767578125,0.14838216145833333,True,1.0,1.0,488,488,1.0,True
data/pallet/raw_data/outside/capturepallet10/rgb/1778654229534095616.png,capturepallet10,day,0.8306770833333333,0.975419921875,0.024580078125,0.14474283854166667,False,,,,,,
data/pallet/raw_data/outside/capturepallet10/rgb/1778654229567608832.png,capturepallet10,day,0.8236067708333333,0.9689876302083333,0.031012369791666668,0.145380859375,False,,,,,,
data/pallet/raw_data/outside/capturepallet10/rgb/1778654229634981632.png,capturepallet10,day,0.827607421875,0.9665983072916666,0.03340169270833333,0.13899088541666665,True,1.0,1.0,900,900,1.0,True
data/pallet/raw_data/outside/capturepallet10/rgb/1778654229702457600.png,capturepallet10,day,0.8256022135416666,0.9599251302083334,0.04007486979166667,0.13432291666666665,True,1.0,1.0,437,437,1.0,True
data/pallet/raw_data/outside/capturepallet10/rgb/1778654229836749312.png,capturepallet10,day,0.828759765625,0.9631705729166666,0.03682942708333333,0.13441080729166666,True,1.0,1.0,836,836,1.0,True
data/pallet/raw_data/outside/capturepallet10/rgb/1778654229971158016.png,capturepallet10,day,0.842060546875,0.9705143229166666,0.02948567708333333,0.12845377604166666,False,,,,,,
data/pallet/raw_data/outside/capturepallet10/rgb/1778654230105337856.png,capturepallet10,day,0.82826171875,0.97888671875,0.02111328125,0.150625,False,,,,,,
data/pallet/raw_data/outside/capturepallet10/rgb/1778654230172354816.png,capturepallet10,day,0.8510774739583333,0.9816178385416666,0.018382161458333334,0.13054036458333335,True,1.0,1.0,950,950,1.0,True
data/pallet/raw_data/outside/capturepallet10/rgb/1778654230206120704.png,capturepallet10,day,0.8402278645833333,0.980380859375,0.019619140625,0.14015299479166668,False,,,,,,
data/pallet/raw_data/outside/capturepallet10/rgb/1778654230273189120.png,capturepallet10,day,0.8490104166666667,0.9858756510416666,0.014124348958333333,0.136865234375,False,,,,,,
data/pallet/raw_data/outside/capturepallet10/rgb/1778654230340392704.png,capturepallet10,day,0.8421744791666667,0.983984375,0.016015625,0.14180989583333334,True,1.0,1.0,545,545,1.0,True
data/pallet/raw_data/outside/capturepallet10/rgb/1778654230407604480.png,capturepallet10,day,0.8370572916666666,0.9808138020833334,0.019186197916666668,0.14375651041666668,True,1.0,1.0,1285,1285,1.0,True
data/pallet/raw_data/outside/capturepallet10/rgb/1778654230441147648.png,capturepallet10,day,0.8279654947916667,0.9812532552083333,0.018746744791666665,0.15328776041666667,False,,,,,,
data/pallet/raw_data/outside/capturepallet10/rgb/1778654230542051328.png,capturepallet10,day,0.858984375,0.9889680989583334,0.011031901041666667,0.12998372395833332,True,1.0,1.0,1255,1255,1.0,True
data/pallet/raw_data/outside/capturepallet10/rgb/1778654230676632576.png,capturepallet10,day,0.8414615885416666,0.9889322916666666,0.011067708333333334,0.147470703125,False,,,,,,
data/pallet/raw_data/outside/capturepallet10/rgb/1778654230811011840.png,capturepallet10,day,0.8281412760416667,0.9732096354166667,0.026790364583333334,0.145068359375,True,1.0,1.0,318,318,1.0,True
data/pallet/raw_data/outside/capturepallet10/rgb/1778654230911571968.png,capturepallet10,day,0.8293522135416667,0.981875,0.018125,0.15252278645833334,True,1.0,1.0,352,352,1.0,True
data/pallet/raw_data/outside/capturepallet10/rgb/1778654231012527104.png,capturepallet10,day,0.83609375,0.9866569010416667,0.013343098958333334,0.15056315104166668,True,1.0,1.0,855,855,1.0,True
data/pallet/raw_data/outside/capturepallet10/rgb/1778654231046062848.png,capturepallet10,day,0.8376790364583333,0.9887955729166666,0.011204427083333333,0.15111653645833334,True,1.0,1.0,314,314,1.0,True
data/pallet/raw_data/outside/capturepallet10/rgb/1778654231113123584.png,capturepallet10,day,0.8421158854166667,0.9893098958333333,0.010690104166666667,0.14719401041666666,True,1.0,1.0,242,242,1.0,True
data/pallet/raw_data/outside/capturepallet10/rgb/1778654231180371200.png,capturepallet10,day,0.8451920572916667,0.9877604166666667,0.012239583333333333,0.142568359375,True,1.0,1.0,890,890,1.0,True
data/pallet/raw_data/outside/capturepallet10/rgb/1778654231247439616.png,capturepallet10,day,0.84056640625,0.985546875,0.014453125,0.14498046875,True,1.0,1.0,350,350,1.0,True
data/pallet/raw_data/outside/capturepallet10/rgb/1778654231348778752.png,capturepallet10,day,0.8320149739583333,0.9829036458333333,0.017096354166666668,0.150888671875,True,1.0,1.0,305,305,1.0,True
data/pallet/raw_data/outside/capturepallet10/rgb/1778654231482736128.png,capturepallet10,day,0.8322135416666666,0.9771484375,0.0228515625,0.14493489583333333,True,1.0,1.0,366,366,1.0,True
data/pallet/raw_data/outside/capturepallet10/rgb/1778654231516491776.png,capturepallet10,day,0.8331380208333333,0.9828385416666666,0.017161458333333334,0.14970052083333332,True,1.0,1.0,411,411,1.0,True
data/pallet/raw_data/outside/capturepallet10/rgb/1778654231583386624.png,capturepallet10,day,0.8445182291666666,0.9857877604166667,0.014212239583333333,0.14126953125,True,1.0,1.0,900,900,1.0,True
data/pallet/raw_data/outside/capturepallet10/rgb/1778654231650632448.png,capturepallet10,day,0.8362760416666667,0.9908040364583334,0.009195963541666666,0.15452799479166668,True,1.0,1.0,911,911,1.0,True
data/pallet/raw_data/outside/capturepallet10/rgb/1778654231717884160.png,capturepallet10,day,0.8453190104166667,0.9925390625,0.0074609375,0.14722005208333333,True,1.0,1.0,329,329,1.0,True
data/pallet/raw_data/outside/capturepallet10/rgb/1778654231785018112.png,capturepallet10,day,0.8400520833333334,0.9863411458333333,0.013658854166666666,0.1462890625,True,0.9986702127659575,0.9987212276214834,781,782,0.9987212276214834,True
data/pallet/raw_data/outside/capturepallet10/rgb/1778654231818488832.png,capturepallet10,day,0.8477766927083333,0.9909244791666667,0.009075520833333333,0.14314778645833334,True,1.0,1.0,763,763,1.0,True
data/pallet/raw_data/outside/capturepallet10/rgb/1778654231885628416.png,capturepallet10,day,0.8352799479166667,0.9905143229166666,0.009485677083333333,0.155234375,True,1.0,1.0,420,420,1.0,True
data/pallet/raw_data/outside/capturepallet10/rgb/1778654232020327168.png,capturepallet10,day,0.853271484375,0.9966471354166667,0.003352864583333333,0.14337565104166666,False,,,,,,
data/pallet/raw_data/outside/capturepallet10/rgb/1778654232120982528.png,capturepallet10,day,0.8567122395833333,0.9968326822916667,0.003167317708333333,0.14012044270833332,True,1.0,1.0,329,329,1.0,True
data/pallet/raw_data/outside/capturepallet10/rgb/1778654232154441984.png,capturepallet10,day,0.8497884114583333,0.9931315104166667,0.006868489583333333,0.14334309895833333,True,1.0,1.0,731,731,1.0,True
data/pallet/raw_data/outside/capturepallet10/rgb/1778654232221765376.png,capturepallet10,day,0.8540885416666667,0.9875520833333333,0.012447916666666666,0.13346354166666666,True,1.0,1.0,352,352,1.0,True
data/pallet/raw_data/outside/capturepallet10/rgb/1778654232288881152.png,capturepallet10,day,0.8590169270833333,0.985810546875,0.014189453125,0.12679361979166667,True,1.0,1.0,301,301,1.0,True
data/pallet/raw_data/outside/capturepallet10/rgb/1778654232356115200.png,capturepallet10,day,0.8574609375,0.9937532552083334,0.0062467447916666665,0.13629231770833333,False,,,,,,
data/pallet/raw_data/outside/capturepallet10/rgb/1778654232423352320.png,capturepallet10,day,0.8704524739583334,0.991728515625,0.008271484375,0.12127604166666667,False,,,,,,
data/pallet/raw_data/outside/capturepallet10/rgb/1778654232490574592.png,capturepallet10,day,0.8753841145833333,0.994423828125,0.005576171875,0.11903971354166666,True,1.0,1.0,270,270,1.0,True
data/pallet/raw_data/outside/capturepallet10/rgb/1778654232558036992.png,capturepallet10,day,0.8691243489583333,0.9917936197916667,0.008206380208333334,0.12266927083333333,False,,,,,,
data/pallet/raw_data/outside/capturepallet10/rgb/1778654232591292160.png,capturepallet10,day,0.873486328125,0.9959114583333334,0.0040885416666666665,0.12242513020833333,False,,,,,,
data/pallet/raw_data/outside/capturepallet10/rgb/1778654232658589440.png,capturepallet10,day,0.8840234375,0.99431640625,0.00568359375,0.11029296875,False,,,,,,
data/pallet/raw_data/outside/capturepallet10/rgb/1778654232759480064.png,capturepallet10,day,0.8777311197916666,0.994580078125,0.005419921875,0.11684895833333334,False,,,,,,
data/pallet/raw_data/outside/capturepallet10/rgb/1778654232893975552.png,capturepallet10,day,0.8850162760416667,0.9955891927083333,0.004410807291666667,0.11057291666666667,False,,,,,,
data/pallet/raw_data/outside/capturepallet10/rgb/1778654232994669824.png,capturepallet10,day,0.8947981770833333,0.995439453125,0.004560546875,0.10064127604166667,False,,,,,,
data/pallet/raw_data/outside/capturepallet10/rgb/1778654233061880320.png,capturepallet10,day,0.886044921875,0.99439453125,0.00560546875,0.108349609375,False,,,,,,
data/pallet/raw_data/outside/capturepallet10/rgb/1778654233128922880.png,capturepallet10,day,0.8878873697916667,0.9941145833333334,0.005885416666666666,0.10622721354166667,False,,,,,,
data/pallet/raw_data/outside/capturepallet10/rgb/1778654233196204032.png,capturepallet10,day,0.8904622395833334,0.993818359375,0.006181640625,0.10335611979166667,False,,,,,,
data/pallet/raw_data/outside/capturepallet10/rgb/1778654233263299328.png,capturepallet10,day,0.89455078125,0.9901009114583333,0.009899088541666667,0.09555013020833333,False,,,,,,
data/pallet/raw_data/outside/capturepallet10/rgb/1778654233330537728.png,capturepallet10,day,0.89763671875,0.99275390625,0.00724609375,0.0951171875,False,,,,,,
data/pallet/raw_data/outside/capturepallet10/rgb/1778654233397724416.png,capturepallet10,day,0.911240234375,0.9962109375,0.0037890625,0.084970703125,False,,,,,,
data/pallet/raw_data/outside/capturepallet10/rgb/1778654233465050880.png,capturepallet10,day,0.901396484375,0.9940169270833333,0.005983072916666667,0.09262044270833333,False,,,,,,
data/pallet/raw_data/outside/capturepallet10/rgb/1778654233532171776.png,capturepallet10,day,0.9005891927083334,0.9905436197916667,0.009456380208333334,0.08995442708333333,False,,,,,,
data/pallet/raw_data/outside/capturepallet10/rgb/1778654233599521792.png,capturepallet10,day,0.8999934895833334,0.9972428385416666,0.0027571614583333333,0.09724934895833333,False,,,,,,
data/pallet/raw_data/outside/capturepallet10/rgb/1778654233633334784.png,capturepallet10,day,0.8915299479166666,0.9937890625,0.0062109375,0.10225911458333334,False,,,,,,
data/pallet/raw_data/outside/capturepallet10/rgb/1778654233700340224.png,capturepallet10,day,0.8989420572916667,0.9961067708333333,0.003893229166666667,0.09716471354166667,False,,,,,,
data/pallet/raw_data/outside/capturepallet10/rgb/1778654233767341312.png,capturepallet10,day,0.8995930989583333,0.9961555989583334,0.0038444010416666665,0.0965625,False,,,,,,
data/pallet/raw_data/outside/capturepallet10/rgb/1778654233834444800.png,capturepallet10,day,0.9048697916666667,0.9964420572916667,0.0035579427083333335,0.091572265625,False,,,,,,
data/pallet/raw_data/outside/capturepallet10/rgb/1778654233868270080.png,capturepallet10,day,0.893984375,0.9868684895833333,0.013131510416666667,0.09288411458333333,False,,,,,,
data/pallet/raw_data/outside/capturepallet10/rgb/1778654233935367168.png,capturepallet10,day,0.890087890625,0.9961100260416667,0.0038899739583333334,0.10602213541666666,False,,,,,,
data/pallet/raw_data/outside/capturepallet10/rgb/1778654234002472448.png,capturepallet10,day,0.8941959635416666,0.9954622395833334,0.0045377604166666665,0.10126627604166667,False,,,,,,
data/pallet/raw_data/outside/capturepallet10/rgb/1778654234069582592.png,capturepallet10,day,0.9136328125,0.9933626302083334,0.006637369791666667,0.07972981770833333,False,,,,,,
data/pallet/raw_data/outside/capturepallet10/rgb/1778654234136771840.png,capturepallet10,day,0.8838346354166666,0.997451171875,0.002548828125,0.11361653645833333,False,,,,,,
data/pallet/raw_data/outside/capturepallet10/rgb/1778654234203892992.png,capturepallet10,day,0.8832063802083333,0.9940071614583333,0.005992838541666667,0.11080078125,False,,,,,,
data/pallet/raw_data/outside/capturepallet10/rgb/1778654234271365376.png,capturepallet10,day,0.8776009114583333,0.99044921875,0.00955078125,0.11284830729166667,True,1.0,1.0,376,376,1.0,True
data/pallet/raw_data/outside/capturepallet10/rgb/1778654234372063232.png,capturepallet10,day,0.8824348958333333,0.9972884114583334,0.002711588541666667,0.114853515625,True,1.0,1.0,336,336,1.0,True
data/pallet/raw_data/outside/capturepallet10/rgb/1778654234506740480.png,capturepallet10,day,0.8856315104166667,0.9951302083333333,0.004869791666666666,0.10949869791666667,True,1.0,1.0,246,246,1.0,True
data/pallet/raw_data/outside/capturepallet10/rgb/1778654234573687296.png,capturepallet10,day,0.8776725260416667,0.9920833333333333,0.007916666666666667,0.11441080729166667,True,1.0,1.0,431,431,1.0,True
data/pallet/raw_data/outside/capturepallet10/rgb/1778654234640745728.png,capturepallet10,day,0.8634375,0.993115234375,0.006884765625,0.129677734375,True,1.0,1.0,777,777,1.0,True
data/pallet/raw_data/outside/capturepallet10/rgb/1778654234708000512.png,capturepallet10,day,0.87126953125,0.988232421875,0.011767578125,0.116962890625,True,1.0,1.0,770,770,1.0,True
data/pallet/raw_data/outside/capturepallet10/rgb/1778654234775296512.png,capturepallet10,day,0.8800065104166667,0.9965201822916666,0.0034798177083333335,0.116513671875,True,1.0,1.0,357,357,1.0,True
data/pallet/raw_data/outside/capturepallet10/rgb/1778654234842684928.png,capturepallet10,day,0.8811979166666667,0.9911946614583333,0.008805338541666667,0.10999674479166667,True,1.0,1.0,207,207,1.0,True
data/pallet/raw_data/outside/capturepallet10/rgb/1778654234909449728.png,capturepallet10,day,0.855888671875,0.9912109375,0.0087890625,0.135322265625,True,1.0,1.0,557,557,1.0,True
data/pallet/raw_data/outside/capturepallet10/rgb/1778654234943271680.png,capturepallet10,day,0.844833984375,0.9892838541666666,0.010716145833333333,0.14444986979166666,True,1.0,1.0,760,760,1.0,True
data/pallet/raw_data/outside/capturepallet10/rgb/1778654235010436864.png,capturepallet10,day,0.8569401041666667,0.9948307291666667,0.005169270833333333,0.137890625,True,1.0,1.0,250,250,1.0,True
data/pallet/raw_data/outside/capturepallet10/rgb/1778654235077511424.png,capturepallet10,day,0.8362076822916666,0.9860481770833334,0.013951822916666667,0.14984049479166667,True,1.0,1.0,272,272,1.0,True
data/pallet/raw_data/outside/capturepallet10/rgb/1778654235144765696.png,capturepallet10,day,0.8498470052083333,0.9935709635416666,0.006429036458333333,0.14372395833333335,True,1.0,1.0,240,240,1.0,True
data/pallet/raw_data/outside/capturepallet10/rgb/1778654235211946752.png,capturepallet10,day,0.84048828125,0.9888932291666667,0.011106770833333333,0.14840494791666667,True,1.0,1.0,344,344,1.0,True
data/pallet/raw_data/outside/capturepallet10/rgb/1778654235313018880.png,capturepallet10,day,0.8334049479166666,0.9940494791666666,0.005950520833333334,0.16064453125,True,1.0,1.0,303,303,1.0,True
data/pallet/raw_data/outside/capturepallet10/rgb/1778654235413615360.png,capturepallet10,day,0.847763671875,0.9920735677083333,0.007926432291666667,0.14430989583333334,True,1.0,1.0,234,234,1.0,True
data/pallet/raw_data/outside/capturepallet10/rgb/1778654235447116288.png,capturepallet10,day,0.8547493489583333,0.9901985677083334,0.009801432291666667,0.13544921875,True,1.0,1.0,302,302,1.0,True
data/pallet/raw_data/outside/capturepallet10/rgb/1778654235514355712.png,capturepallet10,day,0.8575423177083333,0.9945735677083334,0.005426432291666667,0.13703125,True,1.0,1.0,228,228,1.0,True
data/pallet/raw_data/outside/capturepallet10/rgb/1778654235581498368.png,capturepallet10,day,0.8351041666666666,0.9944954427083333,0.005504557291666667,0.15939127604166667,True,1.0,1.0,240,240,1.0,True
data/pallet/raw_data/outside/capturepallet10/rgb/1778654235648700928.png,capturepallet10,day,0.8421321614583334,0.9944010416666667,0.005598958333333333,0.15226888020833335,True,1.0,1.0,239,239,1.0,True
data/pallet/raw_data/outside/capturepallet10/rgb/1778654235682423552.png,capturepallet10,day,0.8454524739583333,0.9960677083333334,0.003932291666666666,0.150615234375,True,1.0,1.0,548,548,1.0,True
data/pallet/raw_data/outside/capturepallet10/rgb/1778654235749530624.png,capturepallet10,day,0.850048828125,0.9927506510416667,0.007249348958333333,0.14270182291666667,True,1.0,1.0,372,372,1.0,True
data/pallet/raw_data/outside/capturepallet10/rgb/1778654235817433088.png,capturepallet10,day,0.8390559895833334,0.990712890625,0.009287109375,0.15165690104166665,True,1.0,1.0,902,902,1.0,True
data/pallet/raw_data/outside/capturepallet10/rgb/1778654235884479488.png,capturepallet10,day,0.856201171875,0.9843033854166666,0.015696614583333334,0.12810221354166668,True,1.0,1.0,980,980,1.0,True
data/pallet/raw_data/outside/capturepallet10/rgb/1778654235950895616.png,capturepallet10,day,0.8300553385416667,0.9924088541666667,0.007591145833333333,0.162353515625,True,1.0,1.0,511,511,1.0,True
data/pallet/raw_data/outside/capturepallet10/rgb/1778654236018110208.png,capturepallet10,day,0.8336295572916667,0.9917350260416666,0.008264973958333333,0.15810546875,True,1.0,1.0,309,309,1.0,True
data/pallet/raw_data/outside/capturepallet10/rgb/1778654236051716096.png,capturepallet10,day,0.8236686197916666,0.99005859375,0.00994140625,0.16638997395833333,True,1.0,1.0,305,305,1.0,True
data/pallet/raw_data/outside/capturepallet10/rgb/1778654236118842112.png,capturepallet10,day,0.846630859375,0.9919921875,0.0080078125,0.145361328125,True,1.0,1.0,288,288,1.0,True
data/pallet/raw_data/outside/capturepallet10/rgb/1778654236186130944.png,capturepallet10,day,0.8369563802083333,0.9934114583333333,0.006588541666666667,0.156455078125,True,1.0,1.0,310,310,1.0,True
data/pallet/raw_data/outside/capturepallet10/rgb/1778654236253267456.png,capturepallet10,day,0.8363248697916666,0.9942154947916667,0.005784505208333333,0.157890625,True,1.0,1.0,343,343,1.0,True
data/pallet/raw_data/outside/capturepallet10/rgb/1778654236320529920.png,capturepallet10,day,0.8432356770833334,0.9914453125,0.0085546875,0.14820963541666668,True,1.0,1.0,265,265,1.0,True
data/pallet/raw_data/outside/capturepallet10/rgb/1778654236354160896.png,capturepallet10,day,0.836982421875,0.9919986979166666,0.008001302083333333,0.15501627604166668,True,1.0,1.0,250,250,1.0,True
data/pallet/raw_data/outside/capturepallet10/rgb/1778654236421285888.png,capturepallet10,day,0.8390462239583333,0.993896484375,0.006103515625,0.15485026041666666,True,1.0,1.0,224,224,1.0,True
data/pallet/raw_data/outside/capturepallet10/rgb/1778654236488494592.png,capturepallet10,day,0.8175130208333333,0.9878255208333333,0.012174479166666667,0.1703125,True,1.0,1.0,347,347,1.0,True
data/pallet/raw_data/outside/capturepallet10/rgb/1778654236555765760.png,capturepallet10,day,0.8367838541666667,0.9958561197916667,0.004143880208333333,0.159072265625,True,1.0,1.0,886,886,1.0,True
data/pallet/raw_data/outside/capturepallet10/rgb/1778654236723945984.png,capturepallet10,day,0.8355859375,0.9930924479166666,0.006907552083333333,0.15750651041666666,True,1.0,1.0,342,342,1.0,True
data/pallet/raw_data/outside/capturepallet10/rgb/1778654236790869248.png,capturepallet10,day,0.8402734375,0.9882649739583333,0.011735026041666667,0.14799153645833332,True,1.0,1.0,287,287,1.0,True
data/pallet/raw_data/outside/capturepallet10/rgb/1778654236858201856.png,capturepallet10,day,0.8330110677083333,0.992197265625,0.007802734375,0.15918619791666666,True,1.0,1.0,752,752,1.0,True
data/pallet/raw_data/outside/capturepallet10/rgb/1778654236925319680.png,capturepallet10,day,0.8580110677083334,0.9926236979166667,0.007376302083333334,0.13461263020833333,True,1.0,1.0,264,264,1.0,True
data/pallet/raw_data/outside/capturepallet10/rgb/1778654236959052032.png,capturepallet10,day,0.84876953125,0.9911197916666666,0.008880208333333334,0.14235026041666668,True,1.0,1.0,322,322,1.0,True
data/pallet/raw_data/outside/capturepallet10/rgb/1778654237026212864.png,capturepallet10,day,0.83732421875,0.9899739583333333,0.010026041666666667,0.15264973958333333,True,1.0,1.0,318,318,1.0,True
data/pallet/raw_data/outside/capturepallet10/rgb/1778654237093365504.png,capturepallet10,day,0.8597721354166666,0.9934505208333333,0.006549479166666667,0.13367838541666666,True,1.0,1.0,327,327,1.0,True
data/pallet/raw_data/outside/capturepallet10/rgb/1778654237160722944.png,capturepallet10,day,0.843818359375,0.986689453125,0.013310546875,0.14287109375,True,1.0,1.0,264,264,1.0,True
data/pallet/raw_data/outside/capturepallet10/rgb/1778654237227832320.png,capturepallet10,day,0.8570182291666667,0.9871744791666667,0.012825520833333333,0.13015625,True,0.9954545454545455,0.9968553459119497,317,318,0.9968553459119497,True
data/pallet/raw_data/outside/capturepallet10/rgb/1778654237294984704.png,capturepallet10,day,0.8531119791666667,0.99236328125,0.00763671875,0.13925130208333333,True,1.0,1.0,289,289,1.0,True
data/pallet/raw_data/outside/capturepallet10/rgb/1778654237362134016.png,capturepallet10,day,0.86033203125,0.9951888020833334,0.004811197916666667,0.13485677083333333,True,1.0,1.0,311,311,1.0,True
data/pallet/raw_data/outside/capturepallet10/rgb/1778654237429277696.png,capturepallet10,day,0.8662630208333333,0.9888899739583333,0.011110026041666667,0.122626953125,True,1.0,1.0,335,335,1.0,True
data/pallet/raw_data/outside/capturepallet10/rgb/1778654237463000320.png,capturepallet10,day,0.846611328125,0.995185546875,0.004814453125,0.14857421875,True,1.0,1.0,244,244,1.0,True
data/pallet/raw_data/outside/capturepallet10/rgb/1778654237530071296.png,capturepallet10,day,0.847841796875,0.9933430989583333,0.0066569010416666664,0.14550130208333334,True,1.0,1.0,291,291,1.0,True
data/pallet/raw_data/outside/capturepallet10/rgb/1778654237597308928.png,capturepallet10,day,0.851318359375,0.994462890625,0.005537109375,0.14314453125,True,1.0,1.0,455,455,1.0,True
data/pallet/raw_data/outside/capturepallet10/rgb/1778654237664632064.png,capturepallet10,day,0.8591080729166667,0.9924739583333333,0.007526041666666667,0.13336588541666666,True,1.0,1.0,274,274,1.0,True
data/pallet/raw_data/outside/capturepallet10/rgb/1778654237731837952.png,capturepallet10,day,0.855986328125,0.9858138020833334,0.014186197916666667,0.12982747395833333,True,1.0,1.0,349,349,1.0,True
data/pallet/raw_data/outside/capturepallet10/rgb/1778654237798853632.png,capturepallet10,day,0.8500553385416667,0.9917903645833334,0.008209635416666666,0.14173502604166666,True,1.0,1.0,515,515,1.0,True
data/pallet/raw_data/outside/capturepallet10/rgb/1778654237866263808.png,capturepallet10,day,0.8272265625,0.9925227864583334,0.007477213541666666,0.16529622395833332,True,1.0,1.0,281,281,1.0,True
data/pallet/raw_data/outside/capturepallet10/rgb/1778654237933215488.png,capturepallet10,day,0.8665625,0.9909830729166667,0.009016927083333333,0.12442057291666667,True,1.0,1.0,324,324,1.0,True
data/pallet/raw_data/outside/capturepallet10/rgb/1778654238000631040.png,capturepallet10,day,0.8476106770833334,0.9926920572916667,0.007307942708333333,0.14508138020833333,True,1.0,1.0,354,354,1.0,True
data/pallet/raw_data/outside/capturepallet10/rgb/1778654238067636224.png,capturepallet10,day,0.8655631510416667,0.993447265625,0.006552734375,0.12788411458333335,True,1.0,1.0,379,379,1.0,True
data/pallet/raw_data/outside/capturepallet10/rgb/1778654238135072512.png,capturepallet10,day,0.8393294270833334,0.9904296875,0.0095703125,0.15110026041666666,True,0.9648351648351648,0.9666666666666667,464,480,0.9666666666666667,True
data/pallet/raw_data/outside/capturepallet10/rgb/1778654238168502016.png,capturepallet10,day,0.8627897135416667,0.991943359375,0.008056640625,0.12915364583333333,True,1.0,1.0,334,334,1.0,True
data/pallet/raw_data/outside/capturepallet10/rgb/1778654238235642112.png,capturepallet10,day,0.840869140625,0.9873111979166667,0.012688802083333334,0.14644205729166668,True,1.0,1.0,266,266,1.0,True
data/pallet/raw_data/outside/capturepallet10/rgb/1778654238302879232.png,capturepallet10,day,0.8564680989583333,0.9942154947916667,0.005784505208333333,0.13774739583333334,True,0.9974937343358395,0.9974747474747475,395,396,0.9974747474747475,True
data/pallet/raw_data/outside/capturepallet10/rgb/1778654238370153216.png,capturepallet10,day,0.8787467447916667,0.9947493489583333,0.005250651041666667,0.11600260416666666,True,1.0,1.0,343,343,1.0,True
data/pallet/raw_data/outside/capturepallet10/rgb/1778654238437124608.png,capturepallet10,day,0.8506803385416667,0.9949381510416667,0.0050618489583333336,0.1442578125,True,1.0,1.0,770,770,1.0,True
data/pallet/raw_data/outside/capturepallet10/rgb/1778654238504435456.png,capturepallet10,day,0.8489778645833334,0.9894368489583333,0.010563151041666666,0.140458984375,True,0.9964726631393298,0.9966887417218543,602,604,0.9966887417218543,True
data/pallet/raw_data/outside/capturepallet10/rgb/1778654238571725312.png,capturepallet10,day,0.8457421875,0.9961197916666666,0.003880208333333333,0.15037760416666668,True,0.9986702127659575,0.9973684210526316,758,760,0.9973684210526316,True
data/pallet/raw_data/outside/capturepallet10/rgb/1778654238638822912.png,capturepallet10,day,0.8556673177083334,0.9951302083333333,0.004869791666666666,0.139462890625,True,1.0,1.0,328,328,1.0,True
data/pallet/raw_data/outside/capturepallet10/rgb/1778654238706001408.png,capturepallet10,day,0.85849609375,0.9962630208333333,0.0037369791666666667,0.13776692708333332,True,1.0,1.0,253,253,1.0,True
data/pallet/raw_data/outside/capturepallet10/rgb/1778654238841144064.png,capturepallet10,day,0.886142578125,0.9926041666666666,0.007395833333333333,0.10646158854166667,True,1.0,1.0,329,329,1.0,True
data/pallet/raw_data/outside/capturepallet10/rgb/1778654238975139840.png,capturepallet10,day,0.8793131510416666,0.9963802083333333,0.0036197916666666666,0.11706705729166667,True,1.0,1.0,326,326,1.0,True
data/pallet/raw_data/outside/capturepallet10/rgb/1778654239041894144.png,capturepallet10,day,0.8540299479166666,0.9954557291666667,0.004544270833333333,0.14142578125,True,1.0,1.0,262,262,1.0,True
data/pallet/raw_data/outside/capturepallet10/rgb/1778654239109137920.png,capturepallet10,day,0.866328125,0.9931087239583334,0.006891276041666667,0.12678059895833332,True,1.0,1.0,280,280,1.0,True
data/pallet/raw_data/outside/capturepallet10/rgb/1778654239176354048.png,capturepallet10,day,0.87626953125,0.9933528645833334,0.006647135416666667,0.11708333333333333,True,1.0,1.0,278,278,1.0,True
data/pallet/raw_data/outside/capturepallet10/rgb/1778654239243791872.png,capturepallet10,day,0.886376953125,0.993466796875,0.006533203125,0.10708984375,True,1.0,1.0,330,330,1.0,True
data/pallet/raw_data/outside/capturepallet10/rgb/1778654239310896640.png,capturepallet10,day,0.8775944010416666,0.9950944010416667,0.004905598958333333,0.1175,True,1.0,1.0,299,299,1.0,True
data/pallet/raw_data/outside/capturepallet10/rgb/1778654239377981184.png,capturepallet10,day,0.8711588541666667,0.993193359375,0.006806640625,0.12203450520833334,True,1.0,1.0,299,299,1.0,True
data/pallet/raw_data/outside/capturepallet10/rgb/1778654239445277184.png,capturepallet10,day,0.8705598958333334,0.9907747395833333,0.009225260416666667,0.12021484375,True,1.0,1.0,301,301,1.0,True
data/pallet/raw_data/outside/capturepallet10/rgb/1778654239512621056.png,capturepallet10,day,0.8704915364583333,0.9911946614583333,0.008805338541666667,0.120703125,True,1.0,1.0,995,995,1.0,True
data/pallet/raw_data/outside/capturepallet10/rgb/1778654239579613184.png,capturepallet10,day,0.873876953125,0.9928255208333333,0.007174479166666667,0.11894856770833333,True,0.9991228070175439,0.999176276771005,1213,1214,0.999176276771005,True
data/pallet/raw_data/outside/capturepallet10/rgb/1778654239680442624.png,capturepallet10,day,0.8562727864583334,0.9817415364583333,0.018258463541666665,0.12546875,True,1.0,1.0,379,379,1.0,True
data/pallet/raw_data/outside/capturepallet10/rgb/1778654239747464448.png,capturepallet10,day,0.8652994791666667,0.9848502604166667,0.015149739583333334,0.11955078125,True,0.9899082568807339,0.9902482269503546,1117,1128,0.9902482269503546,True
data/pallet/raw_data/outside/capturepallet10/rgb/1778654239781078784.png,capturepallet10,day,0.8639225260416666,0.9872037760416666,0.012796223958333333,0.12328125,True,1.0,1.0,351,351,1.0,True
data/pallet/raw_data/outside/capturepallet10/rgb/1778654239848250368.png,capturepallet10,day,0.8664713541666667,0.99146484375,0.00853515625,0.12499348958333334,True,1.0,1.0,360,360,1.0,True
data/pallet/raw_data/outside/capturepallet10/rgb/1778654239915523584.png,capturepallet10,day,0.8598795572916667,0.991123046875,0.008876953125,0.13124348958333334,True,1.0,1.0,353,353,1.0,True
data/pallet/raw_data/outside/capturepallet10/rgb/1778654239982754816.png,capturepallet10,day,0.8547135416666667,0.9889615885416667,0.011038411458333333,0.134248046875,True,0.9984126984126984,0.9984496124031008,1288,1290,0.9984496124031008,True
data/pallet/raw_data/outside/capturepallet10/rgb/1778654240049836288.png,capturepallet10,day,0.8623177083333333,0.9860579427083334,0.013942057291666667,0.123740234375,True,1.0,1.0,634,634,1.0,True
data/pallet/raw_data/outside/capturepallet10/rgb/1778654240117030912.png,capturepallet10,day,0.8578157552083333,0.987978515625,0.012021484375,0.13016276041666666,True,0.9973045822102425,0.9975369458128078,405,406,0.9975369458128078,True
data/pallet/raw_data/outside/capturepallet10/rgb/1778654240184856064.png,capturepallet10,day,0.866083984375,0.9915657552083333,0.008434244791666667,0.12548177083333334,True,0.9990662931839402,0.999236641221374,1309,1310,0.999236641221374,True
data/pallet/raw_data/outside/capturepallet10/rgb/1778654240352480000.png,capturepallet10,day,0.8722265625,0.9923600260416666,0.007639973958333333,0.12013346354166667,True,1.0,1.0,405,405,1.0,True
data/pallet/raw_data/outside/capturepallet10/rgb/1778654240486566912.png,capturepallet10,day,0.8719401041666667,0.9893619791666667,0.010638020833333333,0.117421875,True,0.9939707149009475,0.9909217877094972,1419,1432,0.9909217877094972,True
data/pallet/raw_data/outside/capturepallet10/rgb/1778654240553674240.png,capturepallet10,day,0.8581119791666667,0.991796875,0.008203125,0.13368489583333334,True,0.9444444444444444,0.946034341782502,1157,1223,0.946034341782502,True
data/pallet/raw_data/outside/capturepallet10/rgb/1778654240621256960.png,capturepallet10,day,0.8745052083333333,0.9937890625,0.0062109375,0.11928385416666666,True,1.0,0.997545008183306,1219,1222,0.997545008183306,True
data/pallet/raw_data/outside/capturepallet10/rgb/1778654240688111104.png,capturepallet10,day,0.8723795572916667,0.9899934895833333,0.010006510416666666,0.11761393229166667,True,0.985593220338983,0.9838297872340426,1156,1175,0.9838297872340426,True
data/pallet/raw_data/outside/capturepallet10/rgb/1778654240755332864.png,capturepallet10,day,0.8620833333333333,0.98798828125,0.01201171875,0.12590494791666668,True,1.0,1.0,1564,1564,1.0,True
data/pallet/raw_data/outside/capturepallet10/rgb/1778654240788867072.png,capturepallet10,day,0.850576171875,0.9894173177083333,0.010582682291666666,0.13884114583333335,True,0.9916083916083916,0.9917920656634747,1450,1462,0.9917920656634747,True
data/pallet/raw_data/outside/capturepallet10/rgb/1778654240856097536.png,capturepallet10,day,0.862529296875,0.985654296875,0.014345703125,0.123125,True,0.9981343283582089,0.9982300884955753,1692,1695,0.9982300884955753,True
data/pallet/raw_data/outside/capturepallet10/rgb/1778654240923226368.png,capturepallet10,day,0.85330078125,0.9863216145833333,0.013678385416666666,0.13302083333333334,True,0.992741935483871,0.9936170212765958,1401,1410,0.9936170212765958,True
data/pallet/raw_data/outside/capturepallet10/rgb/1778654240990607616.png,capturepallet10,day,0.851572265625,0.9841829427083333,0.015817057291666665,0.13261067708333332,True,0.9986431478968792,0.9987745098039216,1630,1632,0.9987745098039216,True
data/pallet/raw_data/outside/capturepallet10/rgb/1778654241124966400.png,capturepallet10,day,0.8589615885416667,0.9912662760416666,0.008733723958333333,0.1323046875,True,0.9669354838709677,0.9725016767270288,1450,1491,0.9725016767270288,True
data/pallet/raw_data/outside/capturepallet10/rgb/1778654241225999616.png,capturepallet10,day,0.8543294270833334,0.9861002604166667,0.013899739583333333,0.13177083333333334,True,0.9338842975206612,0.9389705882352941,1277,1360,0.9389705882352941,True
data/pallet/raw_data/outside/capturepallet10/rgb/1778654241292994816.png,capturepallet10,day,0.8590071614583333,0.9873990885416667,0.012600911458333334,0.12839192708333333,True,0.9624342599549212,0.9611197511664075,1236,1286,0.9611197511664075,True
data/pallet/raw_data/outside/capturepallet10/rgb/1778654241360071168.png,capturepallet10,day,0.8422819010416667,0.987998046875,0.012001953125,0.14571614583333334,True,0.9964622641509434,0.9909547738693467,986,995,0.9909547738693467,True
data/pallet/raw_data/outside/capturepallet10/rgb/1778654241393794560.png,capturepallet10,day,0.8443684895833333,0.9853938802083333,0.014606119791666667,0.141025390625,True,0.9279279279279279,0.9228039041703638,1040,1127,0.9094942324755989,True
data/pallet/raw_data/outside/capturepallet10/rgb/1778654241460877312.png,capturepallet10,day,0.845693359375,0.9915625,0.0084375,0.145869140625,True,1.0,1.0,445,445,1.0,True
data/pallet/raw_data/outside/capturepallet10/rgb/1778654241528065792.png,capturepallet10,day,0.834716796875,0.98296875,0.01703125,0.148251953125,True,0.9953775038520801,0.9954337899543378,1308,1314,0.9954337899543378,True
data/pallet/raw_data/outside/capturepallet10/rgb/1778654241595346688.png,capturepallet10,day,0.8312565104166667,0.9893912760416667,0.010608723958333333,0.158134765625,True,0.9964912280701754,0.9958711808422791,1206,1211,0.9958711808422791,True
data/pallet/raw_data/outside/capturepallet10/rgb/1778654241662562816.png,capturepallet10,day,0.8326204427083334,0.99095703125,0.00904296875,0.15833658854166666,True,0.9887005649717514,0.9883466860888566,1357,1373,0.9883466860888566,True
data/pallet/raw_data/outside/capturepallet10/rgb/1778654241763371520.png,capturepallet10,day,0.83875,0.991396484375,0.008603515625,0.152646484375,True,1.0,1.0,1368,1368,1.0,True
data/pallet/raw_data/outside/capturepallet10/rgb/1778654241931659520.png,capturepallet10,day,0.8305826822916667,0.98671875,0.01328125,0.15613606770833333,True,0.9962121212121212,0.9962630792227205,1333,1338,0.9962630792227205,True
data/pallet/raw_data/outside/capturepallet10/rgb/1778654242066009344.png,capturepallet10,day,0.8290234375,0.9831217447916667,0.016878255208333335,0.15409830729166665,True,0.9981167608286252,1.0,476,476,1.0,True
data/pallet/raw_data/outside/capturepallet10/rgb/1778654242166618880.png,capturepallet10,day,0.831162109375,0.9839973958333333,0.016002604166666667,0.15283528645833333,True,0.9623931623931624,0.9685489635453896,1355,1399,0.9685489635453896,True
data/pallet/raw_data/outside/capturepallet10/rgb/1778654242233792768.png,capturepallet10,day,0.8401334635416666,0.9811197916666666,0.018880208333333332,0.140986328125,True,0.98,0.9805321219987021,1511,1541,0.9805321219987021,True
data/pallet/raw_data/outside/capturepallet10/rgb/1778654242300886784.png,capturepallet10,day,0.835810546875,0.9840234375,0.0159765625,0.148212890625,True,0.996551724137931,0.9950207468879668,1199,1205,0.9950207468879668,True
data/pallet/raw_data/outside/capturepallet10/rgb/1778654242334436352.png,capturepallet10,day,0.8295084635416666,0.9809798177083333,0.019020182291666667,0.15147135416666666,True,0.9979838709677419,0.9980366492146597,1525,1528,0.9980366492146597,True
data/pallet/raw_data/outside/capturepallet10/rgb/1778654242401616128.png,capturepallet10,day,0.8320247395833333,0.984794921875,0.015205078125,0.15277018229166667,True,0.9994301994301994,0.9994075829383886,1687,1688,0.9994075829383886,True
data/pallet/raw_data/outside/capturepallet10/rgb/1778654242468810240.png,capturepallet10,day,0.8459798177083333,0.9759733072916666,0.024026692708333332,0.12999348958333334,True,0.9965823650034177,0.9968334388853705,1574,1579,0.9968334388853705,True
data/pallet/raw_data/outside/capturepallet10/rgb/1778654242502421248.png,capturepallet10,day,0.8344368489583334,0.978271484375,0.021728515625,0.14383463541666666,True,0.9843034663178548,0.9856801909307876,1652,1676,0.9856801909307876,True
data/pallet/raw_data/outside/capturepallet10/rgb/1778654242569743104.png,capturepallet10,day,0.84595703125,0.9828125,0.0171875,0.13685546875,True,0.9978331527627302,0.9978947368421053,1896,1900,0.9978947368421053,True
data/pallet/raw_data/outside/capturepallet10/rgb/1778654242636876032.png,capturepallet10,day,0.826796875,0.978466796875,0.021533203125,0.151669921875,True,0.97265625,0.9756427604871448,1442,1478,0.9756427604871448,True
data/pallet/raw_data/outside/capturepallet10/rgb/1778654242771814400.png,capturepallet10,day,0.8387955729166666,0.9873567708333333,0.012643229166666667,0.14856119791666667,True,0.9989241527703067,0.9989293361884368,1866,1868,0.9989293361884368,True
data/pallet/raw_data/outside/capturepallet10/rgb/1778654242838758912.png,capturepallet10,day,0.8356477864583334,0.9881477864583333,0.011852213541666667,0.1525,True,0.9941239316239316,0.9942348008385744,1897,1908,0.9942348008385744,True
data/pallet/raw_data/outside/capturepallet10/rgb/1778654242905563136.png,capturepallet10,day,0.8270052083333334,0.985087890625,0.014912109375,0.15808268229166667,True,0.9979166666666667,0.9980009995002499,1997,2001,0.9980009995002499,True
data/pallet/raw_data/outside/capturepallet10/rgb/1778654242972812032.png,capturepallet10,day,0.8376627604166667,0.9825390625,0.0174609375,0.14487630208333332,True,0.9664138678223185,0.9680577022153529,1879,1941,0.9680577022153529,True
data/pallet/raw_data/outside/capturepallet10/rgb/1778654243039921664.png,capturepallet10,day,0.8578645833333334,0.986982421875,0.013017578125,0.12911783854166667,True,1.0,1.0,2022,2022,1.0,True
data/pallet/raw_data/outside/capturepallet10/rgb/1778654243107159808.png,capturepallet10,day,0.842705078125,0.9889453125,0.0110546875,0.146240234375,True,0.9499072356215214,0.9571201694017999,1808,1889,0.9571201694017999,True
data/pallet/raw_data/outside/capturepallet10/rgb/1778654243140813824.png,capturepallet10,day,0.8397005208333334,0.9836848958333333,0.016315104166666667,0.143984375,True,0.94723458359822,0.9504716981132075,1612,1696,0.9504716981132075,True
data/pallet/raw_data/outside/capturepallet10/rgb/1778654243207969536.png,capturepallet10,day,0.8532584635416667,0.9855859375,0.0144140625,0.13232747395833333,True,1.0,0.9994222992489891,1730,1731,0.9994222992489891,True
data/pallet/raw_data/outside/capturepallet10/rgb/1778654243275163136.png,capturepallet10,day,0.8390983072916667,0.98921875,0.01078125,0.15012044270833333,True,0.9980769230769231,0.9982678983833718,1729,1732,0.9982678983833718,True
data/pallet/raw_data/outside/capturepallet10/rgb/1778654243342562560.png,capturepallet10,day,0.8423860677083334,0.9831119791666667,0.016888020833333333,0.14072591145833332,True,1.0,1.0,1665,1665,1.0,True
data/pallet/raw_data/outside/capturepallet10/rgb/1778654243375982336.png,capturepallet10,day,0.8701953125,0.9890397135416666,0.010960286458333333,0.11884440104166667,True,0.9729526671675433,0.9779276517473943,1595,1631,0.9779276517473943,True
data/pallet/raw_data/outside/capturepallet10/rgb/1778654243476954112.png,capturepallet10,day,0.8552962239583334,0.9890104166666667,0.010989583333333334,0.13371419270833335,True,0.978030303030303,0.9807568954457986,1529,1559,0.9807568954457986,True
data/pallet/raw_data/outside/capturepallet10/rgb/1778654243544355840.png,capturepallet10,day,0.8583919270833333,0.9901106770833333,0.009889322916666667,0.13171875,True,0.9973244147157191,0.9975698663426489,1642,1646,0.9975698663426489,True
data/pallet/raw_data/outside/capturepallet10/rgb/1778654243678458880.png,capturepallet10,day,0.84044921875,0.98529296875,0.01470703125,0.14484375,True,0.9923469387755102,0.9935483870967742,1386,1395,0.9935483870967742,True
data/pallet/raw_data/outside/capturepallet10/rgb/1778654243745630976.png,capturepallet10,day,0.8474153645833333,0.986767578125,0.013232421875,0.13935221354166666,True,0.9630434782608696,0.9650565262076053,939,973,0.9650565262076053,True
data/pallet/raw_data/outside/capturepallet10/rgb/1778654243812805888.png,capturepallet10,day,0.857783203125,0.9875911458333333,0.012408854166666667,0.12980794270833335,True,0.9975903614457832,0.998001998001998,999,1001,0.998001998001998,True
data/pallet/raw_data/outside/capturepallet10/rgb/1778654243846270976.png,capturepallet10,day,0.8533561197916667,0.98796875,0.01203125,0.13461263020833333,True,0.998780487804878,0.9990530303030303,1055,1056,0.9990530303030303,True
data/pallet/raw_data/outside/capturepallet10/rgb/1778654243913521152.png,capturepallet10,day,0.861962890625,0.9802766927083333,0.019723307291666665,0.11831380208333334,True,0.9966740576496674,0.9971264367816092,1041,1044,0.9971264367816092,True
data/pallet/raw_data/outside/capturepallet10/rgb/1778654243980834816.png,capturepallet10,day,0.8531770833333333,0.9797916666666666,0.02020833333333333,0.12661458333333334,True,1.0,1.0,121,121,1.0,False
data/pallet/raw_data/outside/capturepallet10/rgb/1778654244048147200.png,capturepallet10,day,0.8464388020833333,0.9836588541666667,0.016341145833333334,0.13722005208333332,True,1.0,1.0,121,121,1.0,False
data/pallet/raw_data/outside/capturepallet10/rgb/1778654244115237632.png,capturepallet10,day,0.8502213541666667,0.9784602864583334,0.02153971354166667,0.12823893229166666,True,0.9988636363636364,0.999,999,1000,0.999,True
data/pallet/raw_data/outside/capturepallet10/rgb/1778654244182516992.png,capturepallet10,day,0.850859375,0.97873046875,0.02126953125,0.12787109375,True,1.0,0.9981818181818182,1098,1100,0.9981818181818182,True
data/pallet/raw_data/outside/capturepallet10/rgb/1778654244283572736.png,capturepallet10,day,0.8555859375,0.9833756510416667,0.016624348958333333,0.12778971354166666,True,1.0,1.0,909,909,1.0,True
data/pallet/raw_data/outside/capturepallet10/rgb/1778654244383828992.png,capturepallet10,day,0.8534309895833333,0.9781022135416667,0.021897786458333332,0.12467122395833333,True,1.0,1.0,1352,1352,1.0,True
data/pallet/raw_data/outside/capturepallet10/rgb/1778654244451064576.png,capturepallet10,day,0.8562174479166667,0.9794368489583334,0.02056315104166667,0.12321940104166666,True,1.0,1.0,1615,1615,1.0,True
data/pallet/raw_data/outside/capturepallet10/rgb/1778654244484689920.png,capturepallet10,day,0.8390657552083334,0.9814290364583333,0.018570963541666666,0.14236328125,True,1.0,1.0,1443,1443,1.0,True
data/pallet/raw_data/outside/capturepallet10/rgb/1778654244551936512.png,capturepallet10,day,0.8342805989583333,0.97912109375,0.02087890625,0.14484049479166666,True,0.9987373737373737,0.9987789987789988,818,819,0.9987789987789988,True
data/pallet/raw_data/outside/capturepallet10/rgb/1778654244618956288.png,capturepallet10,day,0.8389095052083333,0.9808984375,0.0191015625,0.14198893229166668,True,0.9946581196581197,0.9949057564951604,1953,1963,0.9949057564951604,True
data/pallet/raw_data/outside/capturepallet10/rgb/1778654244686064384.png,capturepallet10,day,0.8320345052083333,0.9830826822916666,0.016917317708333334,0.15104817708333335,True,0.9984615384615385,0.9984879032258065,1981,1984,0.9984879032258065,True
data/pallet/raw_data/outside/capturepallet10/rgb/1778654244753286400.png,capturepallet10,day,0.8493424479166667,0.9908723958333333,0.009127604166666666,0.14152994791666668,True,0.9994731296101159,0.9994720168954594,1893,1894,0.9994720168954594,True
data/pallet/raw_data/outside/capturepallet10/rgb/1778654244787003136.png,capturepallet10,day,0.8272819010416667,0.9883756510416667,0.011624348958333334,0.16109375,True,0.9994505494505495,0.9994722955145119,1894,1895,0.9994722955145119,True
data/pallet/raw_data/outside/capturepallet10/rgb/1778654244854039296.png,capturepallet10,day,0.8468001302083333,0.98841796875,0.01158203125,0.14161783854166668,True,0.9982778415614236,0.9994410285075461,1788,1789,0.9994410285075461,True
data/pallet/raw_data/outside/capturepallet10/rgb/1778654244921373952.png,capturepallet10,day,0.861357421875,0.9875455729166667,0.012454427083333334,0.12618815104166667,True,0.9944029850746269,0.99469652327637,1688,1697,0.99469652327637,True
data/pallet/raw_data/outside/capturepallet10/rgb/1778654244954931712.png,capturepallet10,day,0.844814453125,0.9880533854166667,0.011946614583333333,0.14323893229166668,True,0.999400479616307,0.9994239631336406,1735,1736,0.9994239631336406,True
data/pallet/raw_data/outside/capturepallet10/rgb/1778654245055776768.png,capturepallet10,day,0.8508984375,0.9867740885416667,0.013225911458333333,0.13587565104166666,True,1.0,1.0,1532,1532,1.0,True
data/pallet/raw_data/outside/capturepallet10/rgb/1778654245089313280.png,capturepallet10,day,0.8336328125,0.9839778645833334,0.016022135416666666,0.15034505208333335,True,0.9994216310005783,0.9994438264738599,1797,1798,0.9994438264738599,True
data/pallet/raw_data/outside/capturepallet10/rgb/1778654245156467200.png,capturepallet10,day,0.8247200520833333,0.98236328125,0.01763671875,0.15764322916666668,True,0.9837914023960536,0.9851421188630491,1525,1548,0.9851421188630491,True
data/pallet/raw_data/outside/capturepallet10/rgb/1778654245223723776.png,capturepallet10,day,0.8450846354166667,0.983759765625,0.016240234375,0.13867513020833333,True,0.9984973703981969,0.9986648865153538,1496,1498,0.9986648865153538,True
data/pallet/raw_data/outside/capturepallet10/rgb/1778654245290902784.png,capturepallet10,day,0.8387662760416666,0.9878450520833333,0.012154947916666667,0.14907877604166667,True,0.9992877492877493,0.9992997198879552,1427,1428,0.9992997198879552,True
data/pallet/raw_data/outside/capturepallet10/rgb/1778654245324433152.png,capturepallet10,day,0.8479622395833334,0.98609375,0.01390625,0.13813151041666666,True,0.9786821705426356,0.9787096774193549,1517,1550,0.9787096774193549,True
data/pallet/raw_data/outside/capturepallet10/rgb/1778654245391676672.png,capturepallet10,day,0.8348046875,0.98443359375,0.01556640625,0.14962890625,True,0.9941077441077442,0.9941569282136895,1191,1198,0.9941569282136895,True
data/pallet/raw_data/outside/capturepallet10/rgb/1778654245459121152.png,capturepallet10,day,0.8408756510416666,0.9904850260416667,0.009514973958333334,0.149609375,True,1.0,1.0,1399,1399,1.0,True
data/pallet/raw_data/outside/capturepallet10/rgb/1778654245526180608.png,capturepallet10,day,0.8355598958333333,0.9886458333333333,0.011354166666666667,0.1530859375,True,0.9990990990990991,0.9990671641791045,1071,1072,0.9990671641791045,True
data/pallet/raw_data/outside/capturepallet10/rgb/1778654245593597696.png,capturepallet10,day,0.842587890625,0.9851497395833333,0.014850260416666667,0.14256184895833332,True,0.9863636363636363,0.9851485148514851,1194,1212,0.9851485148514851,True
data/pallet/raw_data/outside/capturepallet10/rgb/1778654245660564480.png,capturepallet10,day,0.8565755208333333,0.988818359375,0.011181640625,0.13224283854166666,True,1.0,1.0,1010,1010,1.0,True
data/pallet/raw_data/outside/capturepallet10/rgb/1778654245727597568.png,capturepallet10,day,0.8501529947916666,0.9859147135416667,0.014085286458333334,0.13576171875,True,0.9885339885339886,0.9891135303265941,1272,1286,0.9891135303265941,True
data/pallet/raw_data/outside/capturepallet10/rgb/1778654245862284544.png,capturepallet10,day,0.86818359375,0.9913704427083333,0.008629557291666666,0.12318684895833333,True,1.0,1.0,332,332,1.0,True
data/pallet/raw_data/outside/capturepallet10/rgb/1778654246064200704.png,capturepallet10,day,0.8717350260416666,0.9941569010416667,0.005843098958333333,0.122421875,True,0.9951573849878934,0.9976851851851852,431,432,0.9976851851851852,True
data/pallet/raw_data/outside/capturepallet10/rgb/1778654246232071936.png,capturepallet10,day,0.881640625,0.9939225260416666,0.006077473958333334,0.11228190104166667,True,1.0,1.0,1021,1021,1.0,True
data/pallet/raw_data/outside/capturepallet10/rgb/1778654246433774336.png,capturepallet10,day,0.88626953125,0.9935091145833334,0.0064908854166666665,0.10723958333333333,True,1.0,1.0,353,353,1.0,True
data/pallet/raw_data/outside/capturepallet10/rgb/1778654246567931904.png,capturepallet10,day,0.9058235677083334,0.9947135416666667,0.005286458333333333,0.08888997395833333,True,0.9928571428571429,0.9957894736842106,473,475,0.9957894736842106,True
data/pallet/raw_data/outside/capturepallet10/rgb/1778654246668483072.png,capturepallet10,day,0.907353515625,0.9937141927083334,0.0062858072916666665,0.08636067708333334,True,1.0,1.0,439,439,1.0,True
data/pallet/raw_data/outside/capturepallet10/rgb/1778654246803276800.png,capturepallet10,day,0.9294466145833333,0.9926497395833334,0.007350260416666666,0.063203125,True,1.0,1.0,358,358,1.0,True
data/pallet/raw_data/outside/capturepallet10/rgb/1778654246937554176.png,capturepallet10,day,0.9292252604166666,0.99662109375,0.00337890625,0.06739583333333334,True,1.0,1.0,1587,1587,1.0,True
data/pallet/raw_data/outside/capturepallet10/rgb/1778654247004391168.png,capturepallet10,day,0.9273274739583334,0.9965299479166667,0.0034700520833333332,0.06920247395833333,True,1.0,1.0,512,512,1.0,True
data/pallet/raw_data/outside/capturepallet10/rgb/1778654247071615488.png,capturepallet10,day,0.9368619791666667,0.993681640625,0.006318359375,0.05681966145833333,True,1.0,1.0,424,424,1.0,True
data/pallet/raw_data/outside/capturepallet10/rgb/1778654247105188608.png,capturepallet10,day,0.9162174479166667,0.9928645833333334,0.007135416666666667,0.07664713541666666,True,1.0,1.0,1596,1596,1.0,True
data/pallet/raw_data/outside/capturepallet10/rgb/1778654247172360960.png,capturepallet10,day,0.9344075520833334,0.9963216145833333,0.0036783854166666666,0.0619140625,True,1.0,1.0,1101,1101,1.0,True
data/pallet/raw_data/outside/capturepallet10/rgb/1778654247239534336.png,capturepallet10,day,0.929072265625,0.9920670572916667,0.007932942708333333,0.06299479166666666,True,0.997289972899729,0.9974025974025974,1152,1155,0.9974025974025974,True
data/pallet/raw_data/outside/capturepallet10/rgb/1778654247306919680.png,capturepallet10,day,0.925146484375,0.9939290364583333,0.006070963541666667,0.06878255208333334,True,1.0,1.0,364,364,1.0,True
data/pallet/raw_data/outside/capturepallet10/rgb/1778654247373957888.png,capturepallet10,day,0.91716796875,0.9919140625,0.0080859375,0.07474609375,True,0.998989898989899,0.9990680335507922,1072,1073,0.9990680335507922,True
data/pallet/raw_data/outside/capturepallet10/rgb/1778654247441137408.png,capturepallet10,day,0.92388671875,0.9895377604166666,0.010462239583333333,0.06565104166666667,True,1.0,1.0,1773,1773,1.0,True
data/pallet/raw_data/outside/capturepallet10/rgb/1778654247508367872.png,capturepallet10,day,0.9269270833333333,0.9945345052083333,0.005465494791666667,0.067607421875,True,1.0,1.0,1562,1562,1.0,True
data/pallet/raw_data/outside/capturepallet10/rgb/1778654247575518720.png,capturepallet10,day,0.9237174479166667,0.994150390625,0.005849609375,0.07043294270833333,True,1.0,1.0,1776,1776,1.0,True
data/pallet/raw_data/outside/capturepallet10/rgb/1778654247642928640.png,capturepallet10,day,0.9138704427083333,0.9903125,0.0096875,0.07644205729166667,True,1.0,1.0,1154,1154,1.0,True
data/pallet/raw_data/outside/capturepallet10/rgb/1778654247709954816.png,capturepallet10,day,0.9295149739583334,0.9924772135416666,0.007522786458333333,0.06296223958333333,True,1.0,1.0,1483,1483,1.0,True
data/pallet/raw_data/outside/capturepallet10/rgb/1778654247777318400.png,capturepallet10,day,0.93015625,0.9931087239583334,0.006891276041666667,0.06295247395833334,True,1.0,1.0,1680,1680,1.0,True
data/pallet/raw_data/outside/capturepallet10/rgb/1778654247844267008.png,capturepallet10,day,0.9422786458333333,0.9936881510416666,0.006311848958333333,0.05140950520833333,True,1.0,1.0,391,391,1.0,True
data/pallet/raw_data/outside/capturepallet10/rgb/1778654247911500800.png,capturepallet10,day,0.92869140625,0.9922819010416667,0.007718098958333333,0.06359049479166666,True,1.0,1.0,378,378,1.0,True
data/pallet/raw_data/outside/capturepallet10/rgb/1778654247978690048.png,capturepallet10,day,0.9370247395833333,0.9937141927083334,0.0062858072916666665,0.056689453125,True,1.0,1.0,367,367,1.0,True
data/pallet/raw_data/outside/capturepallet10/rgb/1778654248012266240.png,capturepallet10,day,0.9215852864583334,0.9948307291666667,0.005169270833333333,0.07324544270833333,True,1.0,1.0,360,360,1.0,True
data/pallet/raw_data/outside/capturepallet10/rgb/1778654248079720448.png,capturepallet10,day,0.9203352864583333,0.9919986979166666,0.008001302083333333,0.07166341145833334,True,0.9953149401353462,0.9953325554259043,1706,1714,0.9953325554259043,True
data/pallet/raw_data/outside/capturepallet10/rgb/1778654248146736128.png,capturepallet10,day,0.91439453125,0.992939453125,0.007060546875,0.078544921875,True,0.9983748645720477,0.9985014985014985,1999,2002,0.9985014985014985,True
data/pallet/raw_data/outside/capturepallet10/rgb/1778654248214020864.png,capturepallet10,day,0.9284407552083334,0.9911946614583333,0.008805338541666667,0.06275390625,True,1.0,1.0,1049,1049,1.0,True
data/pallet/raw_data/outside/capturepallet10/rgb/1778654248281259264.png,capturepallet10,day,0.9264322916666666,0.99482421875,0.00517578125,0.06839192708333333,True,1.0,1.0,1254,1254,1.0,True
data/pallet/raw_data/outside/capturepallet10/rgb/1778654248348237312.png,capturepallet10,day,0.9301399739583334,0.9949479166666667,0.005052083333333333,0.06480794270833333,True,0.9991452991452991,0.9992378048780488,1311,1312,0.9992378048780488,True
data/pallet/raw_data/outside/capturepallet10/rgb/1778654248415396608.png,capturepallet10,day,0.9205338541666667,0.995771484375,0.004228515625,0.07523763020833334,True,1.0,1.0,1279,1279,1.0,True
data/pallet/raw_data/outside/capturepallet10/rgb/1778654248482836992.png,capturepallet10,day,0.9222298177083333,0.9946614583333333,0.005338541666666667,0.072431640625,True,0.9433962264150944,0.938,938,1000,0.932,True
data/pallet/raw_data/outside/capturepallet10/rgb/1778654248549962240.png,capturepallet10,day,0.9177962239583334,0.992275390625,0.007724609375,0.07447916666666667,True,0.9949494949494949,0.9935779816513761,1083,1090,0.9917431192660551,True
data/pallet/raw_data/outside/capturepallet10/rgb/1778654248617035776.png,capturepallet10,day,0.90951171875,0.9936295572916667,0.006370442708333333,0.08411783854166667,True,1.0,1.0,504,504,1.0,True
data/pallet/raw_data/outside/capturepallet10/rgb/1778654248684323584.png,capturepallet10,day,0.9167838541666666,0.9932486979166667,0.006751302083333333,0.07646484375,True,1.0,1.0,396,396,1.0,True
data/pallet/raw_data/outside/capturepallet10/rgb/1778654248751546880.png,capturepallet10,day,0.91564453125,0.9944954427083333,0.005504557291666667,0.07885091145833334,True,1.0,1.0,364,364,1.0,True
data/pallet/raw_data/outside/capturepallet10/rgb/1778654248919625984.png,capturepallet10,day,0.9265299479166667,0.9926302083333334,0.007369791666666667,0.06610026041666667,True,1.0,1.0,873,873,1.0,True
data/pallet/raw_data/outside/capturepallet10/rgb/1778654248986536960.png,capturepallet10,day,0.8995247395833333,0.9933203125,0.0066796875,0.09379557291666667,True,1.0,1.0,402,402,1.0,True
data/pallet/raw_data/outside/capturepallet10/rgb/1778654249053559040.png,capturepallet10,day,0.9120475260416666,0.9875130208333334,0.012486979166666667,0.07546549479166667,True,1.0,1.0,412,412,1.0,True
data/pallet/raw_data/outside/capturepallet10/rgb/1778654249087220736.png,capturepallet10,day,0.9039453125,0.9895279947916666,0.010472005208333333,0.08558268229166667,True,1.0,1.0,348,348,1.0,True
data/pallet/raw_data/outside/capturepallet10/rgb/1778654249154436608.png,capturepallet10,day,0.8910807291666667,0.9906770833333334,0.009322916666666667,0.09959635416666666,True,1.0,1.0,357,357,1.0,True
data/pallet/raw_data/outside/capturepallet10/rgb/1778654249221633280.png,capturepallet10,day,0.9031022135416666,0.994228515625,0.005771484375,0.09112630208333333,True,1.0,1.0,467,467,1.0,True
data/pallet/raw_data/outside/capturepallet10/rgb/1778654249288815872.png,capturepallet10,day,0.896162109375,0.9914192708333334,0.008580729166666667,0.09525716145833334,True,1.0,0.9990990990990991,1109,1110,0.9990990990990991,True
data/pallet/raw_data/outside/capturepallet10/rgb/1778654249356047104.png,capturepallet10,day,0.8893196614583333,0.9941764322916666,0.005823567708333333,0.10485677083333333,True,0.998989898989899,0.9981718464351006,1092,1094,0.9981718464351006,True
data/pallet/raw_data/outside/capturepallet10/rgb/1778654249423318272.png,capturepallet10,day,0.8868229166666667,0.994072265625,0.005927734375,0.10724934895833334,True,1.0,1.0,1058,1058,1.0,True
data/pallet/raw_data/outside/capturepallet10/rgb/1778654249524332288.png,capturepallet10,day,0.8837239583333333,0.9936979166666666,0.006302083333333333,0.10997395833333333,True,0.9981308411214953,0.9981498612395929,1079,1081,0.9981498612395929,True
data/pallet/raw_data/outside/capturepallet10/rgb/1778654249692572672.png,capturepallet10,day,0.8877278645833333,0.990693359375,0.009306640625,0.10296549479166667,True,1.0,1.0,439,439,1.0,True
data/pallet/raw_data/outside/capturepallet10/rgb/1778654249793120256.png,capturepallet10,day,0.8764388020833334,0.9896907552083334,0.010309244791666667,0.113251953125,True,1.0,1.0,455,455,1.0,True
data/pallet/raw_data/outside/capturepallet10/rgb/1778654249860211712.png,capturepallet10,day,0.880673828125,0.9939420572916666,0.006057942708333333,0.11326822916666666,True,1.0,1.0,427,427,1.0,True
data/pallet/raw_data/outside/capturepallet10/rgb/1778654249927308032.png,capturepallet10,day,0.872353515625,0.9940462239583333,0.005953776041666667,0.12169270833333333,True,0.9975786924939467,0.9977426636568849,442,443,0.9977426636568849,True
data/pallet/raw_data/outside/capturepallet10/rgb/1778654249960992000.png,capturepallet10,day,0.886962890625,0.9916080729166666,0.008391927083333334,0.10464518229166667,True,0.9938053097345133,0.9947826086956522,1144,1150,0.9947826086956522,True
data/pallet/raw_data/outside/capturepallet10/rgb/1778654250061974272.png,capturepallet10,day,0.8952213541666667,0.993271484375,0.006728515625,0.09805013020833334,True,0.9827272727272728,0.9746835443037974,1155,1185,0.9746835443037974,True
data/pallet/raw_data/outside/capturepallet10/rgb/1778654250128860160.png,capturepallet10,day,0.881787109375,0.993642578125,0.006357421875,0.11185546875,True,1.0,1.0,336,336,1.0,True
data/pallet/raw_data/outside/capturepallet10/rgb/1778654250195977728.png,capturepallet10,day,0.8667122395833333,0.9953092447916667,0.004690755208333334,0.12859700520833334,True,0.9990909090909091,0.9924496644295302,1183,1192,0.9924496644295302,True
data/pallet/raw_data/outside/capturepallet10/rgb/1778654250297127680.png,capturepallet10,day,0.862158203125,0.9866959635416667,0.013304036458333333,0.12453776041666667,True,0.9917452830188679,0.9666666666666667,957,990,0.9666666666666667,True
data/pallet/raw_data/outside/capturepallet10/rgb/1778654250431447552.png,capturepallet10,day,0.868525390625,0.9919563802083333,0.008043619791666666,0.12343098958333333,True,1.0,1.0,586,586,1.0,True
data/pallet/raw_data/outside/capturepallet10/rgb/1778654250565929216.png,capturepallet10,day,0.8619075520833334,0.994404296875,0.005595703125,0.13249674479166668,True,0.95,0.9520426287744227,1072,1126,0.9520426287744227,True
data/pallet/raw_data/outside/capturepallet10/rgb/1778654250632809984.png,capturepallet10,day,0.849326171875,0.9915364583333334,0.008463541666666666,0.14221028645833333,True,1.0,1.0,343,343,1.0,True
data/pallet/raw_data/outside/capturepallet10/rgb/1778654250700055808.png,capturepallet10,day,0.8459407552083333,0.9924153645833333,0.007584635416666667,0.146474609375,True,1.0,1.0,457,457,1.0,True
data/pallet/raw_data/outside/capturepallet10/rgb/1778654250767326464.png,capturepallet10,day,0.8685091145833334,0.9893489583333334,0.010651041666666666,0.12083984375,True,0.999195494770716,0.9984639016897081,1300,1302,0.9984639016897081,True
data/pallet/raw_data/outside/capturepallet10/rgb/1778654250834659584.png,capturepallet10,day,0.8692057291666667,0.9930859375,0.0069140625,0.12388020833333334,True,0.9920255183413078,0.9921568627450981,1265,1275,0.9921568627450981,True
data/pallet/raw_data/outside/capturepallet10/rgb/1778654250901549568.png,capturepallet10,day,0.8510481770833334,0.991708984375,0.008291015625,0.14066080729166666,True,0.9984126984126984,0.9982964224872232,586,587,0.9982964224872232,True
data/pallet/raw_data/outside/capturepallet10/rgb/1778654250968899840.png,capturepallet10,day,0.8565885416666666,0.9951985677083334,0.004801432291666667,0.13861002604166667,True,0.9983319432860718,0.9977678571428571,1341,1344,0.9977678571428571,True
data/pallet/raw_data/outside/capturepallet10/rgb/1778654251069964544.png,capturepallet10,day,0.8709375,0.9950065104166667,0.004993489583333333,0.12406901041666667,True,1.0,1.0,1016,1016,1.0,True
data/pallet/raw_data/outside/capturepallet10/rgb/1778654251136865280.png,capturepallet10,day,0.86482421875,0.9953548177083333,0.004645182291666667,0.13053059895833333,True,0.9714946070878274,0.9712062256809338,1248,1285,0.9712062256809338,True
data/pallet/raw_data/outside/capturepallet10/rgb/1778654251204025088.png,capturepallet10,day,0.8794466145833333,0.995654296875,0.004345703125,0.11620768229166667,True,1.0,0.9985855728429985,1412,1414,0.9985855728429985,True
data/pallet/raw_data/outside/capturepallet10/rgb/1778654251237634816.png,capturepallet10,day,0.8582356770833334,0.9932942708333333,0.006705729166666666,0.13505859375,True,1.0,1.0,1206,1206,1.0,True
data/pallet/raw_data/outside/capturepallet10/rgb/1778654251304935680.png,capturepallet10,day,0.844462890625,0.98294921875,0.01705078125,0.138486328125,True,0.9934640522875817,0.994475138121547,360,362,0.994475138121547,True
data/pallet/raw_data/outside/capturepallet10/rgb/1778654251372154880.png,capturepallet10,day,0.8520279947916667,0.9923697916666666,0.0076302083333333335,0.140341796875,True,1.0,1.0,326,326,1.0,True
data/pallet/raw_data/outside/capturepallet10/rgb/1778654251439320832.png,capturepallet10,day,0.842607421875,0.9896321614583333,0.010367838541666667,0.14702473958333334,True,0.9942307692307693,0.9814651368049426,1112,1133,0.9814651368049426,True
data/pallet/raw_data/outside/capturepallet10/rgb/1778654251506406144.png,capturepallet10,day,0.87357421875,0.987529296875,0.012470703125,0.113955078125,True,1.0,1.0,596,596,1.0,True
data/pallet/raw_data/outside/capturepallet10/rgb/1778654251573760512.png,capturepallet10,day,0.8666080729166666,0.9902180989583333,0.009781901041666667,0.12361002604166667,True,1.0,0.9933993399339934,903,909,0.9933993399339934,True
data/pallet/raw_data/outside/capturepallet10/rgb/1778654251607207424.png,capturepallet10,day,0.8539876302083333,0.9917545572916666,0.008245442708333333,0.13776692708333332,True,1.0,1.0,1449,1449,1.0,True
data/pallet/raw_data/outside/capturepallet10/rgb/1778654251741987840.png,capturepallet10,day,0.8757779947916666,0.992861328125,0.007138671875,0.11708333333333333,True,1.0,1.0,1080,1080,1.0,True
data/pallet/raw_data/outside/capturepallet10/rgb/1778654251876142336.png,capturepallet10,day,0.8727408854166666,0.9967057291666667,0.0032942708333333335,0.12396484375,True,0.998062015503876,0.9973315543695798,1495,1499,0.9973315543695798,True
data/pallet/raw_data/outside/capturepallet10/rgb/1778654251977120768.png,capturepallet10,day,0.8698795572916667,0.99431640625,0.00568359375,0.12443684895833333,True,0.9770992366412213,0.9797859690844233,1648,1682,0.9797859690844233,True
data/pallet/raw_data/outside/capturepallet10/rgb/1778654252111312128.png,capturepallet10,day,0.86970703125,0.9938118489583333,0.006188151041666667,0.12410481770833333,True,0.9844961240310077,0.9854251012145749,1217,1235,0.9838056680161943,True
data/pallet/raw_data/outside/capturepallet10/rgb/1778654252178228480.png,capturepallet10,day,0.867587890625,0.99220703125,0.00779296875,0.124619140625,True,1.0,1.0,412,412,1.0,True
data/pallet/raw_data/outside/capturepallet10/rgb/1778654252245488384.png,capturepallet10,day,0.889716796875,0.9926334635416667,0.007366536458333333,0.10291666666666667,True,0.9923664122137404,0.9921197793538219,1259,1269,0.9921197793538219,True
data/pallet/raw_data/outside/capturepallet10/rgb/1778654252279128320.png,capturepallet10,day,0.8778841145833334,0.99443359375,0.00556640625,0.11654947916666666,True,0.9993827160493827,0.9993630573248408,1569,1570,0.9993630573248408,True
data/pallet/raw_data/outside/capturepallet10/rgb/1778654252346867968.png,capturepallet10,day,0.8708951822916666,0.9930078125,0.0069921875,0.12211263020833334,True,0.907100199071002,0.911651728553137,1424,1562,0.911651728553137,True
data/pallet/raw_data/outside/capturepallet10/rgb/1778654252413469440.png,capturepallet10,day,0.8668717447916666,0.9945703125,0.0054296875,0.12769856770833332,True,0.9247572815533981,0.9031811894882434,653,723,0.9031811894882434,True
data/pallet/raw_data/outside/capturepallet10/rgb/1778654252480809216.png,capturepallet10,day,0.855712890625,0.9905924479166667,0.009407552083333333,0.13487955729166667,True,0.9878787878787879,0.9889250814332248,1518,1535,0.9889250814332248,True
data/pallet/raw_data/outside/capturepallet10/rgb/1778654252615318016.png,capturepallet10,day,0.8911067708333333,0.9937890625,0.0062109375,0.10268229166666666,True,0.9960407239819005,0.9958823529411764,1693,1700,0.9958823529411764,True
data/pallet/raw_data/outside/capturepallet10/rgb/1778654252783673088.png,capturepallet10,day,0.8849674479166667,0.9934733072916667,0.0065266927083333336,0.108505859375,True,0.9502398081534772,0.9487970388648982,1538,1621,0.9487970388648982,True
data/pallet/raw_data/outside/capturepallet10/rgb/1778654252884021248.png,capturepallet10,day,0.8705533854166667,0.991103515625,0.008896484375,0.12055013020833333,True,0.9585006693440429,0.9819354838709677,761,775,0.9819354838709677,True
data/pallet/raw_data/outside/capturepallet10/rgb/1778654252984852224.png,capturepallet10,day,0.8623404947916666,0.98701171875,0.01298828125,0.12467122395833333,True,0.9809523809523809,0.9703315881326352,556,573,0.9703315881326352,True
data/pallet/raw_data/outside/capturepallet10/rgb/1778654253051845632.png,capturepallet10,day,0.87822265625,0.9949934895833333,0.005006510416666667,0.11677083333333334,True,0.9966666666666667,0.9956043956043956,1359,1365,0.9956043956043956,True
data/pallet/raw_data/outside/capturepallet10/rgb/1778654253119152384.png,capturepallet10,day,0.8723372395833333,0.9926888020833333,0.007311197916666666,0.1203515625,True,0.9950248756218906,0.9943181818181818,525,528,0.9943181818181818,True
data/pallet/raw_data/outside/capturepallet10/rgb/1778654253219875072.png,capturepallet10,day,0.8625748697916666,0.9947981770833333,0.005201822916666667,0.13222330729166668,True,0.9832535885167464,0.9835423197492164,1255,1276,0.9835423197492164,True
data/pallet/raw_data/outside/capturepallet10/rgb/1778654253287031296.png,capturepallet10,day,0.86568359375,0.9923111979166667,0.007688802083333333,0.12662760416666666,True,0.9470529470529471,0.9477575160177427,1923,2029,0.9477575160177427,True
data/pallet/raw_data/outside/capturepallet10/rgb/1778654253354048000.png,capturepallet10,day,0.8617643229166667,0.9899283854166666,0.010071614583333333,0.1281640625,True,0.998001998001998,0.9976481655691439,2121,2126,0.9976481655691439,True
data/pallet/raw_data/outside/capturepallet10/rgb/1778654253421357824.png,capturepallet10,day,0.8688118489583333,0.9962109375,0.0037890625,0.12739908854166668,True,1.0,0.9993939393939394,1649,1650,0.9993939393939394,True
data/pallet/raw_data/outside/capturepallet10/rgb/1778654253522191104.png,capturepallet10,day,0.851123046875,0.9932942708333333,0.006705729166666666,0.14217122395833334,True,0.9978925184404637,0.9979969954932398,1993,1997,0.9979969954932398,True
data/pallet/raw_data/outside/capturepallet10/rgb/1778654253622855936.png,capturepallet10,day,0.8702213541666667,0.9911458333333333,0.008854166666666666,0.12092447916666667,True,0.9924690693921463,0.9921436588103255,1768,1782,0.9921436588103255,True
data/pallet/raw_data/outside/capturepallet10/rgb/1778654253690049280.png,capturepallet10,day,0.8721321614583334,0.99111328125,0.00888671875,0.11898111979166667,True,0.9989648033126294,0.9989588755856325,1919,1921,0.9989588755856325,True
data/pallet/raw_data/outside/capturepallet10/rgb/1778654253757372416.png,capturepallet10,day,0.8581770833333333,0.9869889322916666,0.013011067708333334,0.12881184895833334,True,0.9204781704781705,0.925146771037182,1891,2044,0.925146771037182,True
data/pallet/raw_data/outside/capturepallet10/rgb/1778654253824451072.png,capturepallet10,day,0.856845703125,0.993896484375,0.006103515625,0.13705078125,True,0.996031746031746,0.9965703086722195,2034,2041,0.9965703086722195,True
data/pallet/raw_data/outside/capturepallet10/rgb/1778654253858098944.png,capturepallet10,day,0.8728515625,0.9941243489583333,0.005875651041666667,0.12127278645833334,True,0.9059251559251559,0.9140958709065021,1926,2107,0.9140958709065021,True
data/pallet/raw_data/outside/capturepallet10/rgb/1778654253925161984.png,capturepallet10,day,0.8619694010416666,0.9945670572916666,0.0054329427083333335,0.13259765625,True,0.9953222453222453,0.9961032635168047,2045,2053,0.9961032635168047,True
data/pallet/raw_data/outside/capturepallet10/rgb/1778654254060054784.png,capturepallet10,day,0.8726595052083334,0.9848990885416666,0.015100911458333333,0.11223958333333334,True,0.9941299790356394,0.9941203075531434,2198,2211,0.9941203075531434,True
data/pallet/raw_data/outside/capturepallet10/rgb/1778654254194281728.png,capturepallet10,day,0.8846712239583333,0.9945735677083334,0.005426432291666667,0.10990234375,True,0.9423076923076923,0.9442211055276382,1879,1990,0.9442211055276382,True
data/pallet/raw_data/outside/capturepallet10/rgb/1778654254362382848.png,capturepallet10,day,0.8685514322916666,0.9935514322916666,0.0064485677083333335,0.125,True,0.9725274725274725,0.9747716398434102,2241,2299,0.9747716398434102,True
data/pallet/raw_data/outside/capturepallet10/rgb/1778654254462807808.png,capturepallet10,day,0.896611328125,0.99248046875,0.00751953125,0.095869140625,True,0.9959935897435898,0.9959167006941608,2439,2449,0.9959167006941608,True
data/pallet/raw_data/outside/capturepallet10/rgb/1778654254563739904.png,capturepallet10,day,0.8772200520833333,0.9943391927083334,0.005660807291666667,0.117119140625,True,0.9388888888888889,0.937609841827768,2134,2276,0.937609841827768,True
data/pallet/raw_data/outside/capturepallet10/rgb/1778654254664624896.png,capturepallet10,day,0.8758984375,0.978251953125,0.021748046875,0.102353515625,True,0.9715447154471545,0.9714170692431562,2413,2484,0.9714170692431562,True
data/pallet/raw_data/outside/capturepallet10/rgb/1778654254731633920.png,capturepallet10,day,0.879443359375,0.9940104166666667,0.005989583333333334,0.11456705729166666,True,0.9155555555555556,0.921161825726141,2442,2651,0.921161825726141,True
data/pallet/raw_data/outside/capturepallet10/rgb/1778654254798842880.png,capturepallet10,day,0.8835188802083334,0.9932063802083333,0.006793619791666667,0.1096875,True,0.939662447257384,0.9426030719482619,2332,2474,0.9426030719482619,True
data/pallet/raw_data/outside/capturepallet10/rgb/1778654254832357120.png,capturepallet10,day,0.89115234375,0.994375,0.005625,0.10322265625,True,0.9695473251028807,0.9690931272875153,2383,2459,0.9682797885319235,True
data/pallet/raw_data/outside/capturepallet10/rgb/1778654254933504768.png,capturepallet10,day,0.8689811197916667,0.9921744791666667,0.007825520833333334,0.123193359375,True,0.9727272727272728,0.9706563706563707,2514,2590,0.9637065637065637,True
data/pallet/raw_data/outside/capturepallet10/rgb/1778654255000428800.png,capturepallet10,day,0.8799186197916666,0.9964973958333333,0.0035026041666666665,0.11657877604166667,True,0.9436349693251533,0.9449850299401198,2525,2672,0.9449850299401198,True
data/pallet/raw_data/outside/capturepallet10/rgb/1778654255068223232.png,capturepallet10,day,0.8963671875,0.993486328125,0.006513671875,0.097119140625,True,0.9621212121212122,0.9620111731843576,2583,2685,0.9620111731843576,True
data/pallet/raw_data/outside/capturepallet10/rgb/1778654255202496000.png,capturepallet10,day,0.8632942708333333,0.9860546875,0.0139453125,0.12276041666666666,True,0.9544715447154472,0.9581636430951499,2588,2701,0.9581636430951499,True
data/pallet/raw_data/outside/capturepallet10/rgb/1778654255303083264.png,capturepallet10,day,0.8646516927083333,0.98796875,0.01203125,0.12331705729166667,True,0.9254658385093167,0.924904214559387,2414,2610,0.924904214559387,True
data/pallet/raw_data/outside/capturepallet10/rgb/1778654255403535872.png,capturepallet10,day,0.8659244791666667,0.9934244791666667,0.006575520833333333,0.1275,True,0.9501984843016962,0.9481454807346057,2633,2777,0.9481454807346057,True
data/pallet/raw_data/outside/capturepallet10/rgb/1778654255437357824.png,capturepallet10,day,0.8877115885416667,0.9931412760416667,0.006858723958333333,0.1054296875,True,0.9352272727272727,0.9343453510436432,2462,2635,0.9343453510436432,True
data/pallet/raw_data/outside/capturepallet10/rgb/1778654255504357632.png,capturepallet10,day,0.8838834635416667,0.9963932291666666,0.0036067708333333334,0.112509765625,True,0.9559725730783111,0.9564138908575478,2699,2822,0.9564138908575478,True
data/pallet/raw_data/outside/capturepallet10/rgb/1778654255571857920.png,capturepallet10,day,0.881279296875,0.9932194010416666,0.006780598958333333,0.11194010416666667,True,0.9821969696969697,0.9819887429643527,2617,2665,0.9819887429643527,True
data/pallet/raw_data/outside/capturepallet10/rgb/1778654255672617216.png,capturepallet10,day,0.8602408854166667,0.9930078125,0.0069921875,0.13276692708333335,True,0.9573170731707317,0.9592298980747452,2541,2649,0.9592298980747452,True
data/pallet/raw_data/outside/capturepallet10/rgb/1778654255739666944.png,capturepallet10,day,0.8548697916666667,0.9946744791666666,0.005325520833333333,0.1398046875,True,0.8530120481927711,0.8612975391498882,2310,2682,0.8594332587621178,True
data/pallet/raw_data/outside/capturepallet10/rgb/1778654255806924544.png,capturepallet10,day,0.881865234375,0.9958919270833333,0.004108072916666667,0.11402669270833334,True,0.936377245508982,0.9383783783783783,2604,2775,0.9383783783783783,True
data/pallet/raw_data/outside/capturepallet10/rgb/1778654255874173952.png,capturepallet10,day,0.8709635416666667,0.988994140625,0.011005859375,0.11803059895833333,True,0.8843537414965986,0.8915708812260537,2327,2610,0.8915708812260537,True
data/pallet/raw_data/outside/capturepallet10/rgb/1778654255974815232.png,capturepallet10,day,0.8549674479166667,0.994306640625,0.005693359375,0.13933919270833334,True,0.9632734530938124,0.9644327967053538,2576,2671,0.9644327967053538,True
data/pallet/raw_data/outside/capturepallet10/rgb/1778654256042052608.png,capturepallet10,day,0.8688053385416666,0.9951627604166666,0.004837239583333333,0.126357421875,True,0.9381526104417671,0.93812375249501,2350,2505,0.93812375249501,True
data/pallet/raw_data/outside/capturepallet10/rgb/1778654256109577472.png,capturepallet10,day,0.8823470052083333,0.9944108072916666,0.005589192708333334,0.11206380208333333,True,0.944578313253012,0.9442198868229588,2336,2474,0.9442198868229588,True
data/pallet/raw_data/outside/capturepallet10/rgb/1778654256176483840.png,capturepallet10,day,0.860693359375,0.9965885416666667,0.003411458333333333,0.13589518229166667,True,0.8937373737373737,0.8989019310867096,2374,2641,0.8936009087466869,True
data/pallet/raw_data/outside/capturepallet10/rgb/1778654256243497216.png,capturepallet10,day,0.873173828125,0.9929557291666666,0.007044270833333333,0.11978190104166667,True,0.9527272727272728,0.9541213063763608,2454,2572,0.9541213063763608,True
data/pallet/raw_data/outside/capturepallet10/rgb/1778654256310691840.png,capturepallet10,day,0.8682161458333333,0.9944856770833334,0.0055143229166666665,0.12626953125,True,0.9215909090909091,0.9179626749611197,2361,2572,0.9179626749611197,True
data/pallet/raw_data/outside/capturepallet10/rgb/1778654256378026496.png,capturepallet10,day,0.86083984375,0.994658203125,0.005341796875,0.133818359375,True,0.9103030303030303,0.9155622870124953,2418,2641,0.9132904202953427,True
data/pallet/raw_data/outside/capturepallet10/rgb/1778654256445260800.png,capturepallet10,day,0.8628743489583334,0.9872395833333333,0.012760416666666666,0.124365234375,True,0.9157684630738523,0.922521838207368,2429,2633,0.9213824534751235,True
data/pallet/raw_data/outside/capturepallet10/rgb/1778654256512208384.png,capturepallet10,day,0.8744791666666667,0.9880891927083333,0.011910807291666667,0.11361002604166667,True,0.9377510040160643,0.9410870391486127,2476,2631,0.9372862029646523,True
data/pallet/raw_data/outside/capturepallet10/rgb/1778654256579462912.png,capturepallet10,day,0.8825,0.9961686197916667,0.0038313802083333333,0.11366861979166666,True,0.9234848484848485,0.9230769230769231,2424,2626,0.9230769230769231,True
data/pallet/raw_data/outside/capturepallet10/rgb/1778654256646760704.png,capturepallet10,day,0.8588248697916666,0.9959537760416667,0.0040462239583333335,0.13712890625,True,0.8771717171717172,0.8838709677419355,2329,2635,0.8747628083491461,True
data/pallet/raw_data/outside/capturepallet10/rgb/1778654256713803776.png,capturepallet10,day,0.8765983072916667,0.9961490885416666,0.0038509114583333334,0.11955078125,True,0.9706325301204819,0.9704769114307343,2564,2642,0.9704769114307343,True
data/pallet/raw_data/outside/capturepallet10/rgb/1778654256781122816.png,capturepallet10,day,0.8619205729166667,0.991494140625,0.008505859375,0.12957356770833334,True,0.9499246987951807,0.9496593489780469,2509,2642,0.9466313398940197,True
data/pallet/raw_data/outside/capturepallet10/rgb/1778654256848443648.png,capturepallet10,day,0.8714029947916667,0.9950325520833333,0.004967447916666667,0.12362955729166666,True,0.9567676767676768,0.9592536176694593,2519,2626,0.9592536176694593,True
data/pallet/raw_data/outside/capturepallet10/rgb/1778654256915731968.png,capturepallet10,day,0.8770247395833334,0.98984375,0.01015625,0.11281901041666667,True,0.9156626506024096,0.9154397885994715,2425,2649,0.9146847867119667,True
data/pallet/raw_data/outside/capturepallet10/rgb/1778654256982760704.png,capturepallet10,day,0.862919921875,0.9956868489583334,0.004313151041666667,0.13276692708333335,True,0.9273343373493976,0.9274591720470946,2442,2633,0.9259399924041017,True
data/pallet/raw_data/outside/capturepallet10/rgb/1778654257049859584.png,capturepallet10,day,0.8772786458333334,0.9955143229166666,0.004485677083333334,0.11823567708333334,True,0.9160642570281124,0.9192639879834773,2448,2663,0.9192639879834773,True
data/pallet/raw_data/outside/capturepallet10/rgb/1778654257117078016.png,capturepallet10,day,0.8583365885416666,0.9881477864583333,0.011852213541666667,0.12981119791666668,True,0.8731947868967946,0.8685839097196942,2386,2747,0.866035675282126,True
data/pallet/raw_data/outside/capturepallet10/rgb/1778654257251794944.png,capturepallet10,day,0.8562890625,0.9894954427083333,0.010504557291666666,0.13320638020833334,True,0.9849397590361446,0.9850299401197605,2632,2672,0.9850299401197605,True
data/pallet/raw_data/outside/capturepallet10/rgb/1778654257419904000.png,capturepallet10,day,0.8464453125,0.99546875,0.00453125,0.1490234375,True,0.9703252032520325,0.9704025256511445,2459,2534,0.9704025256511445,True
data/pallet/raw_data/outside/capturepallet10/rgb/1778654257554258176.png,capturepallet10,day,0.824443359375,0.989638671875,0.010361328125,0.1651953125,True,0.9757575757575757,0.976928895612708,2583,2644,0.976928895612708,True
data/pallet/raw_data/outside/capturepallet10/rgb/1778654257721903616.png,capturepallet10,day,0.8334765625,0.9940755208333333,0.0059244791666666664,0.16059895833333335,True,0.9544427710843374,0.9544599171998495,2536,2657,0.9544599171998495,True
data/pallet/raw_data/outside/capturepallet10/rgb/1778654257822504704.png,capturepallet10,day,0.8183561197916667,0.99095703125,0.00904296875,0.17260091145833334,True,0.9641489731987469,0.9638776262440103,2615,2713,0.9638776262440103,True
data/pallet/raw_data/outside/capturepallet10/rgb/1778654257923249152.png,capturepallet10,day,0.822451171875,0.9944075520833333,0.005592447916666667,0.17195638020833334,True,0.9495301079011487,0.9474782608695652,2724,2875,0.9474782608695652,True
data/pallet/raw_data/outside/capturepallet10/rgb/1778654257990343424.png,capturepallet10,day,0.8088020833333334,0.9895345052083333,0.010465494791666667,0.180732421875,True,0.8707682291666666,0.8713961775186265,2690,3087,0.8713961775186265,True
data/pallet/raw_data/outside/capturepallet10/rgb/1778654258057608960.png,capturepallet10,day,0.801767578125,0.9919498697916667,0.008050130208333334,0.19018229166666667,True,0.9704182250935056,0.9684700824077391,2703,2791,0.9684700824077391,True
data/pallet/raw_data/outside/capturepallet10/rgb/1778654258124996096.png,capturepallet10,day,0.8147819010416667,0.991337890625,0.008662109375,0.17655598958333332,True,0.9138257575757576,0.9079734219269103,2733,3010,0.9076411960132891,True
data/pallet/raw_data/outside/capturepallet10/rgb/1778654258192147200.png,capturepallet10,day,0.763828125,0.98248046875,0.01751953125,0.21865234375,True,0.8223995271867612,0.8204511278195489,2728,3325,0.44781954887218045,True
data/pallet/raw_data/outside/capturepallet10/rgb/1778654258259302400.png,capturepallet10,day,0.77462890625,0.982353515625,0.017646484375,0.207724609375,True,0.9778353483016695,0.9775967413441955,3360,3437,0.9775967413441955,True
data/pallet/raw_data/outside/capturepallet10/rgb/1778654258326615040.png,capturepallet10,day,0.768720703125,0.984521484375,0.015478515625,0.21580078125,True,0.9052453468697124,0.9076376554174067,3066,3378,0.9076376554174067,True
data/pallet/raw_data/outside/capturepallet10/rgb/1778654258393893376.png,capturepallet10,day,0.7778938802083334,0.9769791666666666,0.023020833333333334,0.19908528645833334,True,0.9202387411828541,0.9193772588268001,3307,3597,0.9193772588268001,True
data/pallet/raw_data/outside/capturepallet10/rgb/1778654258460758272.png,capturepallet10,day,0.7910514322916666,0.9698177083333334,0.030182291666666666,0.17876627604166667,True,0.9248704663212435,0.9107192835152533,3254,3573,0.9107192835152533,True
data/pallet/raw_data/outside/capturepallet10/rgb/1778654258494444288.png,capturepallet10,day,0.7631412760416667,0.9733138020833333,0.026686197916666668,0.21017252604166667,True,0.952887537993921,0.9513157894736842,3615,3800,0.9513157894736842,True
data/pallet/raw_data/outside/capturepallet10/rgb/1778654258561636096.png,capturepallet10,day,0.764326171875,0.9607389322916666,0.03926106770833333,0.19641276041666667,True,0.9254901960784314,0.9276431331225852,2641,2847,0.9276431331225852,True
data/pallet/raw_data/outside/capturepallet10/rgb/1778654258629041920.png,capturepallet10,day,0.7674348958333334,0.9587630208333333,0.04123697916666667,0.191328125,True,0.9271523178807947,0.9241972856669977,2792,3021,0.9241972856669977,True
data/pallet/raw_data/outside/capturepallet10/rgb/1778654258696191744.png,capturepallet10,day,0.7632259114583333,0.96328125,0.03671875,0.20005533854166666,True,0.904268545379196,0.8926233085988651,2045,2291,0.890877346137058,True
data/pallet/raw_data/outside/capturepallet10/rgb/1778654258729703168.png,capturepallet10,day,0.7590625,0.959541015625,0.040458984375,0.200478515625,True,0.7782805429864253,0.774390243902439,1651,2132,0.7621951219512195,True
data/pallet/raw_data/outside/capturepallet10/rgb/1778654258830384896.png,capturepallet10,day,0.7763346354166667,0.9488151041666667,0.051184895833333334,0.17248046875,True,0.8361737218251787,0.8380566801619433,1656,1976,0.8340080971659919,True
data/pallet/raw_data/outside/capturepallet10/rgb/1778654258965233664.png,capturepallet10,day,0.77251953125,0.969814453125,0.030185546875,0.197294921875,True,0.8571428571428571,0.8580474934036939,1626,1895,0.8580474934036939,True
data/pallet/raw_data/outside/capturepallet10/rgb/1778654259099659776.png,capturepallet10,day,0.7854231770833333,0.9703873697916666,0.029612630208333334,0.18496419270833334,True,0.9187675070028011,0.9144100580270793,1891,2068,0.9144100580270793,True
data/pallet/raw_data/outside/capturepallet10/rgb/1778654259199956224.png,capturepallet10,day,0.779228515625,0.9573209635416666,0.04267903645833333,0.17809244791666667,True,0.8610526315789474,0.8615542974781266,1674,1943,0.8605249613998971,True
data/pallet/raw_data/outside/capturepallet10/rgb/1778654259267137792.png,capturepallet10,day,0.7802799479166667,0.9665690104166667,0.033430989583333334,0.1862890625,True,0.9362348178137652,0.9346371590324241,1816,1943,0.9346371590324241,True
data/pallet/raw_data/outside/capturepallet10/rgb/1778654259334622976.png,capturepallet10,day,0.787587890625,0.9668717447916667,0.03312825520833333,0.17928385416666667,True,0.8817145957677699,0.8786516853932584,1564,1780,0.8780898876404495,True
data/pallet/raw_data/outside/capturepallet10/rgb/1778654259368158720.png,capturepallet10,day,0.7835611979166667,0.9682389322916667,0.03176106770833333,0.184677734375,True,0.9100801832760596,0.91470749043193,1673,1829,0.91470749043193,True
data/pallet/raw_data/outside/capturepallet10/rgb/1778654259435329024.png,capturepallet10,day,0.7749674479166667,0.962421875,0.037578125,0.18745442708333335,True,0.9331521739130435,0.935016111707841,1741,1862,0.935016111707841,True
data/pallet/raw_data/outside/capturepallet10/rgb/1778654259502456064.png,capturepallet10,day,0.787900390625,0.9587141927083334,0.041285807291666664,0.17081380208333333,True,0.8546511627906976,0.8564476885644768,1408,1644,0.8564476885644768,True
data/pallet/raw_data/outside/capturepallet10/rgb/1778654259569619712.png,capturepallet10,day,0.7788704427083334,0.9659375,0.0340625,0.18706705729166667,True,0.8892405063291139,0.8864373783257625,1366,1541,0.8864373783257625,True
data/pallet/raw_data/outside/capturepallet10/rgb/1778654259603277056.png,capturepallet10,day,0.781845703125,0.9705859375,0.0294140625,0.188740234375,True,0.8677285318559557,0.8687719298245614,1238,1425,0.8687719298245614,True
data/pallet/raw_data/outside/capturepallet10/rgb/1778654259737969664.png,capturepallet10,day,0.7934895833333333,0.9652734375,0.0347265625,0.17178385416666667,True,0.7912578055307761,0.7702564102564102,751,975,0.7702564102564102,True
data/pallet/raw_data/outside/capturepallet10/rgb/1778654259804742400.png,capturepallet10,day,0.779501953125,0.9647526041666666,0.035247395833333334,0.18525065104166666,True,0.7118205349439172,0.7225,867,1200,0.7225,True
data/pallet/raw_data/outside/capturepallet10/rgb/1778654259838368512.png,capturepallet10,day,0.7870084635416666,0.9643326822916667,0.03566731770833333,0.17732421875,True,0.8576555023923444,0.8550295857988166,578,676,0.8550295857988166,True
data/pallet/raw_data/outside/capturepallet10/rgb/1778654259905491200.png,capturepallet10,day,0.7873990885416666,0.9614485677083333,0.03855143229166667,0.17404947916666666,True,0.8369565217391305,0.8492975734355045,665,783,0.8492975734355045,True
data/pallet/raw_data/outside/capturepallet10/rgb/1778654259972941056.png,capturepallet10,day,0.7865625,0.967275390625,0.032724609375,0.180712890625,True,0.9557291666666666,0.9602484472049689,773,805,0.9602484472049689,True
data/pallet/raw_data/outside/capturepallet10/rgb/1778654260040081664.png,capturepallet10,day,0.7883561197916666,0.9693131510416667,0.030686848958333332,0.18095703125,True,0.7903645833333334,0.7962025316455696,629,790,0.7962025316455696,True
data/pallet/raw_data/outside/capturepallet10/rgb/1778654260107364608.png,capturepallet10,day,0.782763671875,0.9695572916666667,0.030442708333333332,0.18679361979166667,True,0.883578431372549,0.8831003811944091,695,787,0.8831003811944091,True
data/pallet/raw_data/outside/capturepallet10/rgb/1778654260141041920.png,capturepallet10,day,0.7813411458333334,0.963173828125,0.036826171875,0.18183268229166666,True,0.9247058823529412,0.9307048984468339,779,837,0.9307048984468339,True
data/pallet/raw_data/outside/capturepallet10/rgb/1778654260208011520.png,capturepallet10,day,0.7852278645833334,0.966044921875,0.033955078125,0.18081705729166667,True,0.7533539731682146,0.7710727969348659,805,1044,0.7710727969348659,True
data/pallet/raw_data/outside/capturepallet10/rgb/1778654260275284992.png,capturepallet10,day,0.78197265625,0.9556184895833333,0.044381510416666665,0.17364583333333333,True,0.8970588235294118,0.863514719000892,968,1121,0.863514719000892,True
data/pallet/raw_data/outside/capturepallet10/rgb/1778654260342743040.png,capturepallet10,day,0.7721647135416667,0.9631087239583334,0.036891276041666664,0.19094401041666667,True,0.8559941520467836,0.8305343511450382,1088,1310,0.8305343511450382,True
data/pallet/raw_data/outside/capturepallet10/rgb/1778654260409474816.png,capturepallet10,day,0.7787760416666667,0.9551985677083333,0.044801432291666665,0.17642252604166667,True,0.8948529411764706,0.8929121725731896,1159,1298,0.8929121725731896,True
data/pallet/raw_data/outside/capturepallet10/rgb/1778654260443072256.png,capturepallet10,day,0.7826106770833333,0.965634765625,0.034365234375,0.18302408854166666,True,0.8820224719101124,0.8603156049094097,1472,1711,0.8515488018702513,True
data/pallet/raw_data/outside/capturepallet10/rgb/1778654260543868160.png,capturepallet10,day,0.7663151041666667,0.9571223958333334,0.042877604166666666,0.19080729166666666,True,0.8816964285714286,0.8838495575221239,1598,1808,0.8816371681415929,True
data/pallet/raw_data/outside/capturepallet10/rgb/1778654260577479936.png,capturepallet10,day,0.7701888020833333,0.963291015625,0.036708984375,0.19310221354166668,True,0.7000486144871172,0.6925996204933587,1460,2108,0.6005692599620494,True
data/pallet/raw_data/outside/capturepallet10/rgb/1778654260644715776.png,capturepallet10,day,0.7548990885416667,0.9621061197916667,0.037893880208333335,0.20720703125,True,0.841931216931217,0.8615014050582096,2146,2491,0.86029706945002,True
data/pallet/raw_data/outside/capturepallet10/rgb/1778654260711967232.png,capturepallet10,day,0.7688736979166667,0.9589713541666667,0.041028645833333335,0.19009765625,True,0.7773882559158632,0.7773134328358209,2604,3350,0.7734328358208955,True
data/pallet/raw_data/outside/capturepallet10/rgb/1778654260779043328.png,capturepallet10,day,0.7459342447916667,0.94240234375,0.05759765625,0.19646809895833334,True,0.8861149110807114,0.8939492517891997,2748,3074,0.8926480156148341,True
data/pallet/raw_data/outside/capturepallet10/rgb/1778654260846394368.png,capturepallet10,day,0.7627083333333333,0.949580078125,0.050419921875,0.18687174479166666,True,0.9105113636363636,0.897170075651443,3202,3569,0.8960493135332026,True
data/pallet/raw_data/outside/capturepallet10/rgb/1778654260879831296.png,capturepallet10,day,0.76076171875,0.96212890625,0.03787109375,0.2013671875,True,0.931687858389429,0.9219595556821418,3237,3511,0.9219595556821418,True
data/pallet/raw_data/outside/capturepallet10/rgb/1778654260947078400.png,capturepallet10,day,0.7869986979166667,0.974716796875,0.025283203125,0.18771809895833333,True,0.9383152173913043,0.940839118623604,3117,3313,0.940839118623604,True
data/pallet/raw_data/outside/capturepallet10/rgb/1778654261014237696.png,capturepallet10,day,0.7884147135416667,0.9859212239583334,0.014078776041666666,0.19750651041666667,True,0.9353940406571986,0.9317464869515343,3249,3487,0.9317464869515343,True
data/pallet/raw_data/outside/capturepallet10/rgb/1778654261081543680.png,capturepallet10,day,0.8077115885416667,0.9796354166666666,0.020364583333333332,0.171923828125,True,0.9220430107526881,0.919737663960025,2945,3202,0.919737663960025,True
data/pallet/raw_data/outside/capturepallet10/rgb/1778654261148579072.png,capturepallet10,day,0.8080631510416667,0.9873470052083333,0.012652994791666667,0.17928385416666667,True,0.9237726098191215,0.9177700348432056,2634,2870,0.913588850174216,True
data/pallet/raw_data/outside/capturepallet10/rgb/1778654261215856640.png,capturepallet10,day,0.82474609375,0.9958951822916666,0.004104817708333333,0.17114908854166666,True,0.8237645348837209,0.8307470227354745,2302,2771,0.8246120534103212,True
data/pallet/raw_data/outside/capturepallet10/rgb/1778654261283070720.png,capturepallet10,day,0.8317708333333333,0.994501953125,0.005498046875,0.16273111979166666,True,0.889792899408284,0.890481440646821,2423,2721,0.890481440646821,True
data/pallet/raw_data/outside/capturepallet10/rgb/1778654261316782080.png,capturepallet10,day,0.8346419270833333,0.9938639322916667,0.006136067708333333,0.15922200520833332,True,0.9185267857142857,0.9197781885397412,2488,2705,0.9168207024029574,True
data/pallet/raw_data/outside/capturepallet10/rgb/1778654261383827456.png,capturepallet10,day,0.836650390625,0.990244140625,0.009755859375,0.15359375,True,0.940562248995984,0.9404940119760479,2513,2672,0.9404940119760479,True
data/pallet/raw_data/outside/capturepallet10/rgb/1778654261451333888.png,capturepallet10,day,0.8434602864583334,0.9926627604166667,0.007337239583333334,0.14920247395833333,True,0.9222903885480572,0.9269511726259131,2411,2601,0.9257977700884276,True
data/pallet/raw_data/outside/capturepallet10/rgb/1778654261518210816.png,capturepallet10,day,0.8528938802083333,0.9944140625,0.0055859375,0.14152018229166666,True,0.9203506097560976,0.9152542372881356,2268,2478,0.9152542372881356,True
data/pallet/raw_data/outside/capturepallet10/rgb/1778654261585851648.png,capturepallet10,day,0.8647102864583334,0.98623046875,0.01376953125,0.12152018229166667,True,0.9429141716566867,0.9441448382126348,2451,2596,0.9441448382126348,True
data/pallet/raw_data/outside/capturepallet10/rgb/1778654261652653312.png,capturepallet10,day,0.86248046875,0.9942057291666667,0.0057942708333333336,0.13172526041666666,True,0.9420454545454545,0.9422492401215805,2480,2632,0.9422492401215805,True
data/pallet/raw_data/outside/capturepallet10/rgb/1778654261719695616.png,capturepallet10,day,0.8595963541666667,0.9938118489583333,0.006188151041666667,0.13421549479166667,True,0.9481060606060606,0.9511747430249633,2591,2724,0.948237885462555,True
data/pallet/raw_data/outside/capturepallet10/rgb/1778654261787079680.png,capturepallet10,day,0.8658528645833333,0.995673828125,0.004326171875,0.12982096354166667,True,0.9270833333333334,0.9270992366412214,2429,2620,0.9270992366412214,True
data/pallet/raw_data/outside/capturepallet10/rgb/1778654261888550912.png,capturepallet10,day,0.890830078125,0.99201171875,0.00798828125,0.101181640625,True,0.9236111111111112,0.9274136715997181,2632,2838,0.9274136715997181,True
data/pallet/raw_data/outside/capturepallet10/rgb/1778654262056157696.png,capturepallet10,day,0.894609375,0.9920833333333333,0.007916666666666667,0.09747395833333333,True,0.954578488372093,0.9534217126477965,2661,2791,0.9534217126477965,True
data/pallet/raw_data/outside/capturepallet10/rgb/1778654262156482048.png,capturepallet10,day,0.9050390625,0.9899251302083333,0.010074869791666666,0.08488606770833333,True,0.820268361581921,0.8250661375661376,2495,3024,0.8214285714285714,True
data/pallet/raw_data/outside/capturepallet10/rgb/1778654262190145280.png,capturepallet10,day,0.9092805989583334,0.9934928385416667,0.006507161458333333,0.08421223958333333,True,0.8693181818181818,0.8780741253896779,2535,2887,0.8697609975753378,True
data/pallet/raw_data/outside/capturepallet10/rgb/1778654262290844416.png,capturepallet10,day,0.9278255208333334,0.9919140625,0.0080859375,0.06408854166666667,True,0.9004524886877828,0.9033771106941839,2889,3198,0.899624765478424,True
data/pallet/raw_data/outside/capturepallet10/rgb/1778654262358025984.png,capturepallet10,day,0.91783203125,0.993310546875,0.006689453125,0.075478515625,True,0.9554367201426025,0.9558823529411765,3250,3400,0.9558823529411765,True
data/pallet/raw_data/outside/capturepallet10/rgb/1778654262391774464.png,capturepallet10,day,0.9272526041666667,0.991826171875,0.008173828125,0.06457356770833333,True,0.8415204678362573,0.8398818316100443,2843,3385,0.8389955686853766,True
data/pallet/raw_data/outside/capturepallet10/rgb/1778654262458865664.png,capturepallet10,day,0.90685546875,0.9845149739583333,0.015485026041666667,0.07765950520833333,True,0.8232893910860013,0.829607250755287,2746,3310,0.820845921450151,True
data/pallet/raw_data/outside/capturepallet10/rgb/1778654262526063360.png,capturepallet10,day,0.933056640625,0.9933821614583334,0.006617838541666666,0.06032552083333333,True,0.8815261044176707,0.8858432763624637,2747,3101,0.8858432763624637,True
data/pallet/raw_data/outside/capturepallet10/rgb/1778654262660649984.png,capturepallet10,day,0.9348893229166667,0.98736328125,0.01263671875,0.052473958333333334,True,0.916451969083548,0.9165134240529607,2492,2719,0.9165134240529607,True
data/pallet/raw_data/outside/capturepallet10/rgb/1778654262795046912.png,capturepallet10,day,0.927431640625,0.9916536458333334,0.008346354166666667,0.06422200520833334,True,0.8832375055285272,0.8833256775378961,1923,2177,0.8502526412494258,True
data/pallet/raw_data/outside/capturepallet10/rgb/1778654262895621632.png,capturepallet10,day,0.9267643229166667,0.9810221354166667,0.018977864583333334,0.0542578125,True,0.868421052631579,0.8626865671641791,1734,2010,0.8587064676616916,True
data/pallet/raw_data/outside/capturepallet10/rgb/1778654262962894336.png,capturepallet10,day,0.9246907552083333,0.9881640625,0.0118359375,0.06347330729166667,True,0.7597883597883598,0.7682051282051282,1498,1950,0.7651282051282051,True
data/pallet/raw_data/outside/capturepallet10/rgb/1778654262996560896.png,capturepallet10,day,0.9264453125,0.9929134114583333,0.007086588541666667,0.06646809895833333,True,0.968421052631579,0.9695945945945946,2009,2072,0.9695945945945946,True
data/pallet/raw_data/outside/capturepallet10/rgb/1778654263063634432.png,capturepallet10,day,0.928837890625,0.9872981770833333,0.012701822916666666,0.05846028645833334,True,0.9576190476190476,0.9605330599692465,1874,1951,0.9600205023065095,True
data/pallet/raw_data/outside/capturepallet10/rgb/1778654263130821632.png,capturepallet10,day,0.93228515625,0.9918619791666666,0.008138020833333334,0.05957682291666667,True,0.9824468085106383,0.9824374667376264,1846,1879,0.9824374667376264,True
data/pallet/raw_data/outside/capturepallet10/rgb/1778654263198031616.png,capturepallet10,day,0.9201822916666667,0.9901106770833333,0.009889322916666667,0.06992838541666667,True,0.9865689865689866,0.9872093023255814,1698,1720,0.9872093023255814,True
data/pallet/raw_data/outside/capturepallet10/rgb/1778654263265234432.png,capturepallet10,day,0.9293326822916667,0.9905110677083333,0.009488932291666667,0.06117838541666667,True,0.9420461265523359,0.9418604651162791,1620,1720,0.9418604651162791,True
data/pallet/raw_data/outside/capturepallet10/rgb/1778654263332670464.png,capturepallet10,day,0.924208984375,0.9892610677083333,0.010738932291666666,0.06505208333333333,True,0.9688995215311005,0.9677018633540373,1558,1610,0.9677018633540373,True
data/pallet/raw_data/outside/capturepallet10/rgb/1778654263400087040.png,capturepallet10,day,0.9282779947916666,0.9905924479166667,0.009407552083333333,0.062314453125,True,0.9760765550239234,0.9758162031438936,1614,1654,0.9758162031438936,True
data/pallet/raw_data/outside/capturepallet10/rgb/1778654263534148608.png,capturepallet10,day,0.9209212239583333,0.9835123697916667,0.016487630208333333,0.06259114583333333,True,0.9509166173861621,0.9503588516746412,1589,1672,0.9503588516746412,True
data/pallet/raw_data/outside/capturepallet10/rgb/1778654263601327104.png,capturepallet10,day,0.93068359375,0.9899251302083333,0.010074869791666666,0.059241536458333334,True,0.9660818713450292,0.9657007687758723,1633,1691,0.9657007687758723,True
data/pallet/raw_data/outside/capturepallet10/rgb/1778654263668656128.png,capturepallet10,day,0.9219368489583334,0.98810546875,0.01189453125,0.06616861979166666,True,0.9612492770387507,0.9623971797884842,1638,1702,0.9576968272620446,True
data/pallet/raw_data/outside/capturepallet10/rgb/1778654263735554048.png,capturepallet10,day,0.9245149739583334,0.981103515625,0.018896484375,0.056588541666666665,True,0.9873626373626374,0.9865418373317729,1686,1709,0.9865418373317729,True
data/pallet/raw_data/outside/capturepallet10/rgb/1778654263802729216.png,capturepallet10,day,0.9389420572916667,0.9898795572916667,0.010120442708333333,0.0509375,True,0.937906564163217,0.937906564163217,1586,1691,0.937906564163217,True
data/pallet/raw_data/outside/capturepallet10/rgb/1778654263836366592.png,capturepallet10,day,0.93376953125,0.9873665364583334,0.012633463541666667,0.05359700520833333,True,0.9258373205741627,0.9273579379027533,1583,1707,0.9273579379027533,True
data/pallet/raw_data/outside/capturepallet10/rgb/1778654263937200640.png,capturepallet10,day,0.9235611979166667,0.986640625,0.013359375,0.06307942708333333,True,0.9796747967479674,0.9800796812749004,1476,1506,0.9800796812749004,True
data/pallet/raw_data/outside/capturepallet10/rgb/1778654263970674432.png,capturepallet10,day,0.93052734375,0.9921744791666667,0.007825520833333334,0.061647135416666665,True,0.9321329639889196,0.9300499643112062,1303,1401,0.9300499643112062,True
data/pallet/raw_data/outside/capturepallet10/rgb/1778654264037931520.png,capturepallet10,day,0.9281510416666666,0.989296875,0.010703125,0.06114583333333334,True,0.996395097332372,0.9963289280469897,1357,1362,0.9963289280469897,True
data/pallet/raw_data/outside/capturepallet10/rgb/1778654264105253888.png,capturepallet10,day,0.925625,0.9881184895833334,0.011881510416666666,0.06249348958333333,True,0.993421052631579,0.9930178432893716,1280,1289,0.9930178432893716,True
data/pallet/raw_data/outside/capturepallet10/rgb/1778654264206187520.png,capturepallet10,day,0.9205891927083333,0.9893587239583334,0.010641276041666667,0.06876953125,True,0.9490106544901066,0.9495481927710844,1261,1328,0.9495481927710844,True
data/pallet/raw_data/outside/capturepallet10/rgb/1778654264307409920.png,capturepallet10,day,0.91927734375,0.9893587239583334,0.010641276041666667,0.07008138020833334,True,0.9685577580314423,0.967032967032967,1320,1365,0.967032967032967,True
data/pallet/raw_data/outside/capturepallet10/rgb/1778654264441237504.png,capturepallet10,day,0.9233984375,0.9893912760416667,0.010608723958333333,0.06599283854166667,True,0.9935064935064936,0.9941391941391942,1357,1365,0.9941391941391942,True
data/pallet/raw_data/outside/capturepallet10/rgb/1778654264474770432.png,capturepallet10,day,0.92373046875,0.9891178385416667,0.010882161458333333,0.06538736979166666,True,0.9314404432132964,0.9360667129951356,1347,1439,0.9360667129951356,True
data/pallet/raw_data/outside/capturepallet10/rgb/1778654264541911040.png,capturepallet10,day,0.9370930989583334,0.9917545572916666,0.008245442708333333,0.054661458333333336,True,0.9922644163150492,0.9930458970792768,1428,1438,0.9930458970792768,True
data/pallet/raw_data/outside/capturepallet10/rgb/1778654264609974272.png,capturepallet10,day,0.9281575520833333,0.9827506510416667,0.017249348958333334,0.054593098958333336,True,0.9467492260061919,0.9460659898477157,1491,1576,0.9460659898477157,True
data/pallet/raw_data/outside/capturepallet10/rgb/1778654264676283648.png,capturepallet10,day,0.9452311197916666,0.9918522135416666,0.008147786458333334,0.04662109375,True,0.9887640449438202,0.9912177985948478,1693,1708,0.9912177985948478,True
data/pallet/raw_data/outside/capturepallet10/rgb/1778654264743464960.png,capturepallet10,day,0.925283203125,0.9871647135416667,0.012835286458333333,0.06188151041666667,True,0.9229258713794797,0.9176225234619395,1760,1918,0.9165797705943691,True
data/pallet/raw_data/outside/capturepallet10/rgb/1778654264810700800.png,capturepallet10,day,0.9353125,0.986865234375,0.013134765625,0.051552734375,True,0.9612817089452603,0.9601629696695337,2121,2209,0.9601629696695337,True
data/pallet/raw_data/outside/capturepallet10/rgb/1778654264877845248.png,capturepallet10,day,0.9222623697916666,0.983134765625,0.016865234375,0.060872395833333336,True,0.9898599710284887,0.9904714142427282,1975,1994,0.9904714142427282,True
data/pallet/raw_data/outside/capturepallet10/rgb/1778654264978774272.png,capturepallet10,day,0.929375,0.990185546875,0.009814453125,0.060810546875,True,0.9919962335216572,0.9924134660976767,2093,2109,0.9924134660976767,True
data/pallet/raw_data/outside/capturepallet10/rgb/1778654265147222784.png,capturepallet10,day,0.9294368489583333,0.990673828125,0.009326171875,0.061236979166666664,True,0.9061561561561562,0.904397705544933,2365,2615,0.904397705544933,True
data/pallet/raw_data/outside/capturepallet10/rgb/1778654265247621120.png,capturepallet10,day,0.9232486979166666,0.9883984375,0.0116015625,0.06514973958333334,True,0.7945492662473794,0.7991391678622669,2228,2788,0.7991391678622669,True
data/pallet/raw_data/outside/capturepallet10/rgb/1778654265314610944.png,capturepallet10,day,0.9183561197916666,0.9900455729166666,0.009954427083333333,0.071689453125,True,0.9515151515151515,0.9496426250812215,2923,3078,0.9496426250812215,True
data/pallet/raw_data/outside/capturepallet10/rgb/1778654265348451328.png,capturepallet10,day,0.93728515625,0.9904459635416667,0.009554036458333333,0.05316080729166667,True,0.8792415169660679,0.8755510342488979,2582,2949,0.8755510342488979,True
data/pallet/raw_data/outside/capturepallet10/rgb/1778654265415545856.png,capturepallet10,day,0.9276204427083333,0.9931087239583334,0.006891276041666667,0.06548828125,True,0.9329501915708812,0.9318475452196382,2885,3096,0.9318475452196382,True
data/pallet/raw_data/outside/capturepallet10/rgb/1778654265482921216.png,capturepallet10,day,0.917958984375,0.98927734375,0.01072265625,0.071318359375,True,0.8956043956043956,0.896551724137931,3016,3364,0.896551724137931,True
data/pallet/raw_data/outside/capturepallet10/rgb/1778654265550062592.png,capturepallet10,day,0.9078157552083334,0.9893001302083333,0.010699869791666667,0.081484375,True,0.8763157894736842,0.8779691211401425,2957,3368,0.8779691211401425,True
data/pallet/raw_data/outside/capturepallet10/rgb/1778654265650918656.png,capturepallet10,day,0.9149869791666667,0.9893815104166667,0.010618489583333333,0.07439453125,True,0.9197860962566845,0.9214199029126213,3037,3296,0.9205097087378641,True
data/pallet/raw_data/outside/capturepallet10/rgb/1778654265785180416.png,capturepallet10,day,0.9230533854166667,0.9926139322916666,0.0073860677083333335,0.069560546875,True,0.8897460623593699,0.8941211757648471,2981,3334,0.8929214157168567,True
data/pallet/raw_data/outside/capturepallet10/rgb/1778654265886225152.png,capturepallet10,day,0.9306315104166667,0.9935774739583333,0.006422526041666667,0.06294596354166666,True,0.9413750767341927,0.9411046689044859,3084,3277,0.9411046689044859,True
data/pallet/raw_data/outside/capturepallet10/rgb/1778654265986795776.png,capturepallet10,day,0.9232063802083333,0.99154296875,0.00845703125,0.06833658854166667,True,0.8849528761780956,0.8893404188809003,2845,3199,0.8893404188809003,True
data/pallet/raw_data/outside/capturepallet10/rgb/1778654266054016768.png,capturepallet10,day,0.9072265625,0.9939811197916667,0.006018880208333333,0.08675455729166667,True,0.8956463941508807,0.8952412425644415,2709,3026,0.8952412425644415,True
data/pallet/raw_data/outside/capturepallet10/rgb/1778654266154947328.png,capturepallet10,day,0.9053255208333333,0.9962727864583333,0.003727213541666667,0.090947265625,True,0.8929877035559987,0.8934696569920845,2709,3032,0.8934696569920845,True
data/pallet/raw_data/outside/capturepallet10/rgb/1778654266221810176.png,capturepallet10,day,0.898984375,0.9933658854166667,0.006634114583333333,0.09438151041666666,True,0.9335488505747126,0.934,2802,3000,0.934,True
data/pallet/raw_data/outside/capturepallet10/rgb/1778654266289098496.png,capturepallet10,day,0.8856510416666666,0.990361328125,0.009638671875,0.10471028645833333,True,0.8178151260504202,0.8168779186124083,2449,2998,0.8168779186124083,True
data/pallet/raw_data/outside/capturepallet10/rgb/1778654266356545280.png,capturepallet10,day,0.8888053385416667,0.9877473958333334,0.012252604166666667,0.09894205729166666,True,0.985014619883041,0.9841493483620993,2794,2839,0.9841493483620993,True
data/pallet/raw_data/outside/capturepallet10/rgb/1778654266490424832.png,capturepallet10,day,0.8953548177083334,0.9936783854166666,0.006321614583333334,0.09832356770833334,True,0.881985294117647,0.8867325335215244,2513,2834,0.8853211009174312,True
data/pallet/raw_data/outside/capturepallet10/rgb/1778654266625149696.png,capturepallet10,day,0.8852213541666667,0.99123046875,0.00876953125,0.10600911458333333,True,0.9564732142857143,0.9560595322466336,2698,2822,0.9560595322466336,True
data/pallet/raw_data/outside/capturepallet10/rgb/1778654266691976192.png,capturepallet10,day,0.8874641927083333,0.9938216145833333,0.006178385416666667,0.106357421875,True,0.9281994047619048,0.931712549159814,2606,2797,0.931712549159814,True
data/pallet/raw_data/outside/capturepallet10/rgb/1778654266759219456.png,capturepallet10,day,0.869892578125,0.9945182291666667,0.005481770833333333,0.12462565104166666,True,0.9025948103792415,0.9073660714285714,2439,2688,0.9073660714285714,True
data/pallet/raw_data/outside/capturepallet10/rgb/1778654266826723584.png,capturepallet10,day,0.8594108072916666,0.99263671875,0.00736328125,0.13322591145833335,True,0.9024390243902439,0.9060232220609579,2497,2756,0.9060232220609579,True
data/pallet/raw_data/outside/capturepallet10/rgb/1778654266893588992.png,capturepallet10,day,0.8677864583333333,0.9909049479166666,0.009095052083333333,0.12311848958333334,True,0.9340892983699504,0.9322651128914785,2560,2746,0.9322651128914785,True
data/pallet/raw_data/outside/capturepallet10/rgb/1778654266960899328.png,capturepallet10,day,0.859423828125,0.9938932291666667,0.006106770833333333,0.13446940104166666,True,0.9285429141716567,0.9323224852071006,2521,2704,0.9323224852071006,True
data/pallet/raw_data/outside/capturepallet10/rgb/1778654267027938816.png,capturepallet10,day,0.8757584635416666,0.9893294270833334,0.010670572916666666,0.11357096354166667,True,0.9257575757575758,0.9272926561929119,2538,2737,0.9272926561929119,True
data/pallet/raw_data/outside/capturepallet10/rgb/1778654267128850944.png,capturepallet10,day,0.8519791666666666,0.9874055989583334,0.012594401041666667,0.13542643229166668,True,0.858130081300813,0.8674698795180723,2304,2656,0.8640813253012049,True
data/pallet/raw_data/outside/capturepallet10/rgb/1778654267229726208.png,capturepallet10,day,0.8414518229166666,0.994150390625,0.005849609375,0.15269856770833334,True,0.926829268292683,0.9279406570116566,2627,2831,0.9279406570116566,True
data/pallet/raw_data/outside/capturepallet10/rgb/1778654267296883712.png,capturepallet10,day,0.8571321614583334,0.9944173177083333,0.005582682291666667,0.13728515625,True,0.8464176829268293,0.8550932568149211,2384,2788,0.8550932568149211,True
data/pallet/raw_data/outside/capturepallet10/rgb/1778654267364008704.png,capturepallet10,day,0.8497526041666666,0.9937727864583333,0.006227213541666667,0.14402018229166666,True,0.8403292181069959,0.8484965304548959,2201,2594,0.8484965304548959,True
data/pallet/raw_data/outside/capturepallet10/rgb/1778654267464835584.png,capturepallet10,day,0.8570670572916667,0.9944694010416667,0.005530598958333333,0.13740234375,True,0.9199186991869919,0.9225878833208676,2467,2674,0.9225878833208676,True
data/pallet/raw_data/outside/capturepallet10/rgb/1778654267532060416.png,capturepallet10,day,0.8545735677083334,0.9934309895833333,0.006569010416666667,0.138857421875,True,0.8470347648261759,0.8502548020384163,2169,2551,0.8424147393179146,True
data/pallet/raw_data/outside/capturepallet10/rgb/1778654267599252736.png,capturepallet10,day,0.8483333333333334,0.9934309895833333,0.006569010416666667,0.14509765625,True,0.9195884146341463,0.9135029354207437,2334,2555,0.9135029354207437,True
data/pallet/raw_data/outside/capturepallet10/rgb/1778654267666572800.png,capturepallet10,day,0.8373209635416666,0.993984375,0.006015625,0.15666341145833335,True,0.9344135802469136,0.934931506849315,2457,2628,0.934931506849315,True
data/pallet/raw_data/outside/capturepallet10/rgb/1778654267733756416.png,capturepallet10,day,0.84138671875,0.9930924479166666,0.006907552083333333,0.15170572916666666,True,0.9594446474241871,0.9555555555555556,2494,2610,0.9555555555555556,True
data/pallet/raw_data/outside/capturepallet10/rgb/1778654267800808960.png,capturepallet10,day,0.8520182291666667,0.99462890625,0.00537109375,0.14261067708333333,True,0.8756302521008403,0.8639636225843123,2280,2639,0.8639636225843123,True
data/pallet/raw_data/outside/capturepallet10/rgb/1778654267868220416.png,capturepallet10,day,0.8360709635416667,0.9940755208333333,0.0059244791666666664,0.15800455729166665,True,0.9070121951219512,0.9066300510003923,2311,2549,0.9066300510003923,True
data/pallet/raw_data/outside/capturepallet10/rgb/1778654267901781248.png,capturepallet10,day,0.8692415364583334,0.9962369791666666,0.0037630208333333335,0.12699544270833332,True,0.9032921810699589,0.9060375849660136,2266,2501,0.9060375849660136,True
data/pallet/raw_data/outside/capturepallet10/rgb/1778654268002521600.png,capturepallet10,day,0.8409505208333333,0.992529296875,0.007470703125,0.15157877604166667,True,0.9608957219251337,0.9579136690647482,2663,2780,0.9579136690647482,True
data/pallet/raw_data/outside/capturepallet10/rgb/1778654268137499392.png,capturepallet10,day,0.8401985677083333,0.993037109375,0.006962890625,0.15283854166666666,True,0.9383416017009213,0.9336235038084875,2574,2757,0.9336235038084875,True
data/pallet/raw_data/outside/capturepallet10/rgb/1778654268271720704.png,capturepallet10,day,0.8682063802083333,0.9946744791666666,0.005325520833333333,0.12646809895833333,True,0.9126506024096386,0.9159901164842923,2595,2833,0.9159901164842923,True
data/pallet/raw_data/outside/capturepallet10/rgb/1778654268338570240.png,capturepallet10,day,0.852275390625,0.9923014322916667,0.007698567708333334,0.14002604166666666,True,0.8541666666666666,0.8587155963302753,2340,2725,0.8587155963302753,True
data/pallet/raw_data/outside/capturepallet10/rgb/1778654268405709312.png,capturepallet10,day,0.8411295572916667,0.994833984375,0.005166015625,0.15370442708333334,True,0.9214414414414415,0.9240366972477064,2518,2725,0.9203669724770642,True
data/pallet/raw_data/outside/capturepallet10/rgb/1778654268472717568.png,capturepallet10,day,0.8483658854166667,0.9926334635416667,0.007366536458333333,0.144267578125,True,0.8682634730538922,0.8689988835132118,2335,2687,0.8689988835132118,True
data/pallet/raw_data/outside/capturepallet10/rgb/1778654268506296064.png,capturepallet10,day,0.85111328125,0.9924446614583333,0.007555338541666666,0.14133138020833333,True,0.8458057779324748,0.8394366197183099,2384,2840,0.8380281690140845,True
data/pallet/raw_data/outside/capturepallet10/rgb/1778654268573537536.png,capturepallet10,day,0.8522428385416667,0.9912239583333333,0.008776041666666666,0.13898111979166666,True,0.9475357710651828,0.9496644295302014,3113,3278,0.9496644295302014,True
data/pallet/raw_data/outside/capturepallet10/rgb/1778654268640824576.png,capturepallet10,day,0.8466243489583334,0.9937044270833333,0.006295572916666666,0.147080078125,True,0.8874509803921569,0.8895216400911162,2343,2634,0.8895216400911162,True
data/pallet/raw_data/outside/capturepallet10/rgb/1778654268708818944.png,capturepallet10,day,0.856181640625,0.9904231770833334,0.009576822916666667,0.13424153645833334,True,0.9281045751633987,0.9315245478036176,2884,3096,0.9312015503875969,True
data/pallet/raw_data/outside/capturepallet10/rgb/1778654268775084800.png,capturepallet10,day,0.8342643229166666,0.9948209635416667,0.005179036458333334,0.160556640625,True,0.9180550833049983,0.9203158650394831,2564,2786,0.9203158650394831,True
data/pallet/raw_data/outside/capturepallet10/rgb/1778654268842442752.png,capturepallet10,day,0.8462955729166667,0.99658203125,0.00341796875,0.15028645833333334,True,0.9282945736434108,0.925535532131928,2722,2941,0.925535532131928,True
data/pallet/raw_data/outside/capturepallet10/rgb/1778654268943357696.png,capturepallet10,day,0.850458984375,0.9963932291666666,0.0036067708333333334,0.14593424479166667,True,0.8865373309817755,0.8858244365361803,2987,3372,0.8858244365361803,True
data/pallet/raw_data/outside/capturepallet10/rgb/1778654269044076800.png,capturepallet10,day,0.8664029947916667,0.9932259114583334,0.0067740885416666665,0.12682291666666667,True,0.8474630700064226,0.8439763001974984,2564,3038,0.8354180381830152,True
data/pallet/raw_data/outside/capturepallet10/rgb/1778654269111232512.png,capturepallet10,day,0.8715201822916666,0.992744140625,0.007255859375,0.12122395833333334,True,0.980225988700565,0.9794604537093807,3195,3262,0.9782342121397916,True
data/pallet/raw_data/outside/capturepallet10/rgb/1778654269144896512.png,capturepallet10,day,0.8734342447916666,0.9947200520833334,0.005279947916666666,0.12128580729166667,True,0.920120320855615,0.9180645161290323,2846,3100,0.9180645161290323,True
data/pallet/raw_data/outside/capturepallet10/rgb/1778654269245831424.png,capturepallet10,day,0.8811490885416666,0.9964908854166666,0.0035091145833333333,0.115341796875,True,0.9338919925512105,0.9269911504424779,2933,3164,0.9231984829329962,True
data/pallet/raw_data/outside/capturepallet10/rgb/1778654269279186176.png,capturepallet10,day,0.8437239583333334,0.9940071614583333,0.005992838541666667,0.150283203125,True,0.8866792929292929,0.8804638715432649,2961,3363,0.8760035682426405,True
data/pallet/raw_data/outside/capturepallet10/rgb/1778654269346206720.png,capturepallet10,day,0.8683951822916667,0.99357421875,0.00642578125,0.12517903645833334,True,0.9367301231802911,0.9319072009641458,3093,3319,0.9319072009641458,True
data/pallet/raw_data/outside/capturepallet10/rgb/1778654269413641728.png,capturepallet10,day,0.8695930989583334,0.994375,0.005625,0.12478190104166667,True,0.930939226519337,0.9157829070492826,2936,3206,0.9148471615720524,True
data/pallet/raw_data/outside/capturepallet10/rgb/1778654269480674816.png,capturepallet10,day,0.872802734375,0.9920442708333334,0.007955729166666667,0.11924153645833334,True,0.9710526315789474,0.9660107334525939,3240,3354,0.9660107334525939,True
data/pallet/raw_data/outside/capturepallet10/rgb/1778654269581591552.png,capturepallet10,day,0.8611197916666666,0.9932877604166667,0.006712239583333333,0.13216796875,True,0.8669590643274854,0.8686131386861314,2975,3425,0.8686131386861314,True
data/pallet/raw_data/outside/capturepallet10/rgb/1778654269716251136.png,capturepallet10,day,0.8418294270833333,0.988037109375,0.011962890625,0.14620768229166667,True,0.8998060762766645,0.8993569131832797,2797,3110,0.8993569131832797,True
data/pallet/raw_data/outside/capturepallet10/rgb/1778654269816573952.png,capturepallet10,day,0.852421875,0.9939811197916667,0.006018880208333333,0.14155924479166668,True,0.9408212560386473,0.9435665914221218,3344,3544,0.9435665914221218,True
data/pallet/raw_data/outside/capturepallet10/rgb/1778654269850290688.png,capturepallet10,day,0.8564290364583333,0.99365234375,0.00634765625,0.13722330729166668,True,0.92124718739955,0.917803970223325,2959,3224,0.917803970223325,True
data/pallet/raw_data/outside/capturepallet10/rgb/1778654269917461248.png,capturepallet10,day,0.85869140625,0.9898274739583334,0.010172526041666666,0.13113606770833333,True,0.9237237237237237,0.921020282728949,2997,3254,0.921020282728949,True
data/pallet/raw_data/outside/capturepallet10/rgb/1778654269984643584.png,capturepallet10,day,0.8530533854166666,0.9948828125,0.0051171875,0.14182942708333332,True,0.8701382192221151,0.8717785555202037,2740,3143,0.8717785555202037,True
data/pallet/raw_data/outside/capturepallet10/rgb/1778654270051808000.png,capturepallet10,day,0.8774837239583333,0.9976302083333334,0.0023697916666666667,0.120146484375,True,0.9069069069069069,0.9068825910931174,3136,3458,0.9068825910931174,True
data/pallet/raw_data/outside/capturepallet10/rgb/1778654270119199744.png,capturepallet10,day,0.8606282552083333,0.9935481770833333,0.0064518229166666665,0.132919921875,True,0.8368121442125237,0.8427431274017144,2851,3383,0.8427431274017144,True
data/pallet/raw_data/outside/capturepallet10/rgb/1778654270186441984.png,capturepallet10,day,0.8783072916666667,0.9961783854166667,0.0038216145833333335,0.11787109375,True,0.8134284016636958,0.8138375842861331,2776,3411,0.8138375842861331,True
data/pallet/raw_data/outside/capturepallet10/rgb/1778654270253594624.png,capturepallet10,day,0.8524869791666667,0.9936360677083333,0.006363932291666667,0.14114908854166666,True,0.9065113500597372,0.9049034175334324,3045,3365,0.9031203566121843,True
data/pallet/raw_data/outside/capturepallet10/rgb/1778654270320509952.png,capturepallet10,day,0.8756673177083333,0.9945930989583334,0.005406901041666667,0.11892578125,True,0.9332151300236406,0.9386869234943027,3460,3686,0.9386869234943027,True
data/pallet/raw_data/outside/capturepallet10/rgb/1778654270421716480.png,capturepallet10,day,0.8627701822916667,0.9925227864583334,0.007477213541666666,0.12975260416666667,True,0.8670360110803325,0.8629821531375935,2998,3474,0.8629821531375935,True
data/pallet/raw_data/outside/capturepallet10/rgb/1778654270589627136.png,capturepallet10,day,0.86486328125,0.99576171875,0.00423828125,0.1308984375,True,0.8534031413612565,0.8513745704467354,2973,3492,0.8513745704467354,True
data/pallet/raw_data/outside/capturepallet10/rgb/1778654270656743680.png,capturepallet10,day,0.8691796875,0.9936197916666667,0.006380208333333333,0.12444010416666666,True,0.9211904105814274,0.9177377892030848,3213,3501,0.9177377892030848,True
data/pallet/raw_data/outside/capturepallet10/rgb/1778654270723738880.png,capturepallet10,day,0.8653385416666667,0.991796875,0.008203125,0.12645833333333334,True,0.9010416666666666,0.9077326343381389,3463,3815,0.9077326343381389,True
data/pallet/raw_data/outside/capturepallet10/rgb/1778654270790864384.png,capturepallet10,day,0.8645377604166666,0.9944596354166667,0.005540364583333333,0.129921875,True,0.7193135543920884,0.7125518058022499,2407,3378,0.38069863824748373,True
data/pallet/raw_data/outside/capturepallet10/rgb/1778654270858054656.png,capturepallet10,day,0.8741015625,0.9957845052083333,0.0042154947916666664,0.12168294270833334,True,0.8766531713900135,0.8827679782903664,3253,3685,0.8803256445047489,True
data/pallet/raw_data/outside/capturepallet10/rgb/1778654270925173504.png,capturepallet10,day,0.873486328125,0.9950911458333334,0.004908854166666666,0.12160481770833333,True,0.8579220070902646,0.8608328940432262,3266,3794,0.8608328940432262,True
data/pallet/raw_data/outside/capturepallet10/rgb/1778654270992378368.png,capturepallet10,day,0.87158203125,0.9921647135416667,0.007835286458333333,0.12058268229166667,True,0.771025641025641,0.7711664482306684,2942,3815,0.7711664482306684,True
data/pallet/raw_data/outside/capturepallet10/rgb/1778654271026024704.png,capturepallet10,day,0.8609602864583333,0.9947981770833333,0.005201822916666667,0.133837890625,True,0.9223952738990333,0.9226652394969227,3448,3737,0.9226652394969227,True
data/pallet/raw_data/outside/capturepallet10/rgb/1778654271126941952.png,capturepallet10,day,0.8567252604166666,0.99201171875,0.00798828125,0.13528645833333333,True,0.8515832729030699,0.8459602315630506,3361,3973,0.8459602315630506,True
data/pallet/raw_data/outside/capturepallet10/rgb/1778654271228076544.png,capturepallet10,day,0.8677962239583333,0.9929459635416666,0.007054036458333334,0.12514973958333334,True,0.7878706919583222,0.7968589083419155,3095,3884,0.7950566426364573,True
data/pallet/raw_data/outside/capturepallet10/rgb/1778654271362358784.png,capturepallet10,day,0.8590006510416667,0.9898111979166667,0.010188802083333334,0.130810546875,True,0.8239380176329147,0.8271638541099618,3039,3674,0.8255307566684812,True
data/pallet/raw_data/outside/capturepallet10/rgb/1778654271496565248.png,capturepallet10,day,0.8583951822916667,0.9942838541666666,0.0057161458333333335,0.135888671875,True,0.8809838667019307,0.8854007146503318,3469,3918,0.8848902501276161,True
data/pallet/raw_data/outside/capturepallet10/rgb/1778654271563833600.png,capturepallet10,day,0.869443359375,0.9959342447916667,0.004065755208333333,0.12649088541666667,True,0.7547368421052632,0.751863684771033,2824,3756,0.7196485623003195,True
data/pallet/raw_data/outside/capturepallet10/rgb/1778654271630771200.png,capturepallet10,day,0.86291015625,0.9922721354166667,0.007727864583333333,0.12936197916666667,True,0.7839473684210526,0.784783741532048,3012,3838,0.7782699322563835,True
data/pallet/raw_data/outside/capturepallet10/rgb/1778654271698082048.png,capturepallet10,day,0.8693001302083333,0.9935774739583333,0.006422526041666667,0.12427734375,True,0.8563157894736843,0.861648016276704,3388,3932,0.8606307222787386,True
data/pallet/raw_data/outside/capturepallet10/rgb/1778654271765154304.png,capturepallet10,day,0.8602473958333333,0.9910286458333334,0.008971354166666667,0.13078125,True,0.8442211055276382,0.8404986008649199,3304,3931,0.8389722716865937,True
data/pallet/raw_data/outside/capturepallet10/rgb/1778654271832459776.png,capturepallet10,day,0.8667903645833334,0.9934049479166667,0.006595052083333333,0.12661458333333334,True,0.8309045226130654,0.8280577361357305,3270,3949,0.8280577361357305,True
data/pallet/raw_data/outside/capturepallet11/rgb/1778654476127902464.png,capturepallet11,day,0.88328125,0.9918131510416667,0.008186848958333333,0.10853190104166667,True,0.9963768115942029,1.0,517,517,1.0,True
data/pallet/raw_data/outside/capturepallet11/rgb/1778654476329507072.png,capturepallet11,day,0.8938671875,0.989091796875,0.010908203125,0.095224609375,True,0.9921722113502935,0.9983660130718954,611,612,0.9983660130718954,True
data/pallet/raw_data/outside/capturepallet11/rgb/1778654476497681408.png,capturepallet11,day,0.8954459635416666,0.9914322916666667,0.008567708333333333,0.095986328125,True,0.9913194444444444,0.9982517482517482,571,572,0.9982517482517482,True
data/pallet/raw_data/outside/capturepallet11/rgb/1778654476665335296.png,capturepallet11,day,0.8723274739583333,0.9854850260416667,0.014514973958333333,0.11315755208333333,True,0.9472222222222222,0.9536516853932584,679,712,0.9536516853932584,True
data/pallet/raw_data/outside/capturepallet11/rgb/1778654476765820416.png,capturepallet11,day,0.8752701822916666,0.98640625,0.01359375,0.11113606770833333,True,1.0,1.0,588,588,1.0,True
data/pallet/raw_data/outside/capturepallet11/rgb/1778654476799631104.png,capturepallet11,day,0.8982682291666667,0.9893098958333333,0.010690104166666667,0.09104166666666667,True,0.9916666666666667,0.9873595505617978,703,712,0.9873595505617978,True
data/pallet/raw_data/outside/capturepallet11/rgb/1778654476866897920.png,capturepallet11,day,0.893720703125,0.9887858072916667,0.011214192708333333,0.09506510416666666,True,0.9841269841269841,0.9783333333333334,587,600,0.9783333333333334,True
data/pallet/raw_data/outside/capturepallet11/rgb/1778654476933822720.png,capturepallet11,day,0.896533203125,0.9882747395833333,0.011725260416666666,0.09174153645833333,True,0.7686170212765957,0.7506426735218509,292,389,0.5449871465295629,True
data/pallet/raw_data/outside/capturepallet11/rgb/1778654477001155584.png,capturepallet11,day,0.8867415364583333,0.9827018229166666,0.017298177083333335,0.09596028645833334,True,0.8602693602693603,0.8747967479674796,538,615,0.7788617886178861,True
data/pallet/raw_data/outside/capturepallet11/rgb/1778654477102401536.png,capturepallet11,day,0.8865950520833333,0.9840397135416666,0.015960286458333334,0.09744466145833333,True,0.846875,0.8151408450704225,463,568,0.7922535211267606,True
data/pallet/raw_data/outside/capturepallet11/rgb/1778654477169411584.png,capturepallet11,day,0.87013671875,0.97919921875,0.02080078125,0.1090625,True,0.8814553990610329,0.85,561,660,0.45,True
data/pallet/raw_data/outside/capturepallet11/rgb/1778654477304326400.png,capturepallet11,day,0.8700032552083333,0.9798600260416667,0.020139973958333335,0.10985677083333334,True,0.9937888198757764,0.9917695473251029,241,243,0.9917695473251029,True
data/pallet/raw_data/outside/capturepallet11/rgb/1778654477505511680.png,capturepallet11,day,0.8609635416666667,0.97140625,0.02859375,0.11044270833333333,True,0.9166666666666666,0.9221238938053097,521,565,0.8973451327433628,True
data/pallet/raw_data/outside/capturepallet11/rgb/1778654477606031616.png,capturepallet11,day,0.8736848958333333,0.9761458333333334,0.023854166666666666,0.1024609375,True,0.9934426229508196,0.9934533551554828,607,611,0.9934533551554828,True
data/pallet/raw_data/outside/capturepallet11/rgb/1778654477673197312.png,capturepallet11,day,0.8678385416666666,0.968037109375,0.031962890625,0.10019856770833334,True,0.9874213836477987,0.9858823529411764,419,425,0.9858823529411764,True
data/pallet/raw_data/outside/capturepallet11/rgb/1778654477740207360.png,capturepallet11,day,0.8559733072916667,0.974501953125,0.025498046875,0.11852864583333333,True,1.0,1.0,590,590,1.0,True
data/pallet/raw_data/outside/capturepallet11/rgb/1778654477807456768.png,capturepallet11,day,0.8511458333333334,0.9716764322916667,0.028323567708333334,0.12053059895833333,True,0.9831168831168832,0.9895697522816167,759,767,0.9895697522816167,True
data/pallet/raw_data/outside/capturepallet11/rgb/1778654477874660864.png,capturepallet11,day,0.8525260416666667,0.9779524739583333,0.022047526041666668,0.12542643229166667,True,0.984029484029484,0.9896238651102465,763,771,0.9896238651102465,True
data/pallet/raw_data/outside/capturepallet11/rgb/1778654477975388416.png,capturepallet11,day,0.8482454427083334,0.96916015625,0.03083984375,0.12091471354166666,True,0.996,1.0,724,724,1.0,True
data/pallet/raw_data/outside/capturepallet11/rgb/1778654478009048320.png,capturepallet11,day,0.8304557291666667,0.969228515625,0.030771484375,0.13877278645833332,True,1.0,1.0,510,510,1.0,True
data/pallet/raw_data/outside/capturepallet11/rgb/1778654478076109056.png,capturepallet11,day,0.8376529947916667,0.9675911458333334,0.03240885416666667,0.12993815104166667,True,0.9986666666666667,1.0,745,745,1.0,True
data/pallet/raw_data/outside/capturepallet11/rgb/1778654478143244544.png,capturepallet11,day,0.8245475260416667,0.9644694010416667,0.03553059895833333,0.139921875,True,1.0,1.0,702,702,1.0,True
data/pallet/raw_data/outside/capturepallet11/rgb/1778654478210522624.png,capturepallet11,day,0.8328645833333334,0.9655436197916667,0.03445638020833333,0.13267903645833334,True,0.9985074626865672,1.0,643,643,1.0,True
data/pallet/raw_data/outside/capturepallet11/rgb/1778654478277691904.png,capturepallet11,day,0.8314811197916666,0.9674381510416666,0.032561848958333334,0.13595703125,True,1.0,1.0,660,660,1.0,True
data/pallet/raw_data/outside/capturepallet11/rgb/1778654478311329536.png,capturepallet11,day,0.843447265625,0.9702506510416666,0.029749348958333335,0.12680338541666666,True,1.0,1.0,635,635,1.0,True
data/pallet/raw_data/outside/capturepallet11/rgb/1778654478378491392.png,capturepallet11,day,0.819072265625,0.96765625,0.03234375,0.148583984375,True,1.0,1.0,650,650,1.0,True
data/pallet/raw_data/outside/capturepallet11/rgb/1778654478445550080.png,capturepallet11,day,0.8325553385416666,0.9876399739583334,0.012360026041666666,0.15508463541666667,True,0.9852941176470589,0.9949579831932773,592,595,0.9949579831932773,True
data/pallet/raw_data/outside/capturepallet11/rgb/1778654478479352064.png,capturepallet11,day,0.8337630208333333,0.9865625,0.0134375,0.15279947916666667,True,1.0,1.0,616,616,1.0,True
data/pallet/raw_data/outside/capturepallet11/rgb/1778654478546557184.png,capturepallet11,day,0.8507486979166666,0.987421875,0.012578125,0.13667317708333335,True,1.0,1.0,591,591,1.0,True
data/pallet/raw_data/outside/capturepallet11/rgb/1778654478613741824.png,capturepallet11,day,0.84818359375,0.9881087239583334,0.011891276041666666,0.13992513020833333,True,1.0,1.0,543,543,1.0,True
data/pallet/raw_data/outside/capturepallet11/rgb/1778654478680727808.png,capturepallet11,day,0.8535774739583334,0.9947428385416667,0.005257161458333334,0.14116536458333334,True,0.9981617647058824,1.0,617,617,1.0,True
data/pallet/raw_data/outside/capturepallet11/rgb/1778654478748195328.png,capturepallet11,day,0.8482649739583333,0.994326171875,0.005673828125,0.14606119791666666,True,1.0,1.0,613,613,1.0,True
data/pallet/raw_data/outside/capturepallet11/rgb/1778654478815154176.png,capturepallet11,day,0.8805078125,0.9957063802083334,0.0042936197916666665,0.11519856770833334,True,1.0,1.0,550,550,1.0,True
data/pallet/raw_data/outside/capturepallet11/rgb/1778654478882588928.png,capturepallet11,day,0.8457942708333334,0.99546875,0.00453125,0.14967447916666668,True,0.9963768115942029,1.0,596,596,1.0,True
data/pallet/raw_data/outside/capturepallet11/rgb/1778654478983611392.png,capturepallet11,day,0.8771744791666667,0.9959635416666667,0.004036458333333334,0.1187890625,True,0.9986301369863013,0.9925816023738873,669,674,0.9925816023738873,True
data/pallet/raw_data/outside/capturepallet11/rgb/1778654479084191232.png,capturepallet11,day,0.8537239583333334,0.9944498697916667,0.0055501302083333336,0.14072591145833332,True,1.0,1.0,629,629,1.0,True
data/pallet/raw_data/outside/capturepallet11/rgb/1778654479117755392.png,capturepallet11,day,0.8560091145833333,0.9923795572916667,0.007620442708333334,0.13637044270833334,True,1.0,1.0,637,637,1.0,True
data/pallet/raw_data/outside/capturepallet11/rgb/1778654479185009152.png,capturepallet11,day,0.8606770833333334,0.9928385416666666,0.007161458333333333,0.13216145833333334,True,0.9982905982905983,0.9965753424657534,582,584,0.9965753424657534,True
data/pallet/raw_data/outside/capturepallet11/rgb/1778654479252106752.png,capturepallet11,day,0.84345703125,0.9911263020833333,0.008873697916666666,0.14766927083333334,True,1.0,1.0,577,577,1.0,True
data/pallet/raw_data/outside/capturepallet11/rgb/1778654479319515648.png,capturepallet11,day,0.830908203125,0.994375,0.005625,0.163466796875,True,1.0,1.0,500,500,1.0,True
data/pallet/raw_data/outside/capturepallet11/rgb/1778654479386540032.png,capturepallet11,day,0.83443359375,0.9951041666666667,0.004895833333333334,0.16067057291666667,True,1.0,1.0,476,476,1.0,True
data/pallet/raw_data/outside/capturepallet11/rgb/1778654479453569024.png,capturepallet11,day,0.8249772135416666,0.9948828125,0.0051171875,0.16990559895833332,True,1.0,1.0,494,494,1.0,True
data/pallet/raw_data/outside/capturepallet11/rgb/1778654479520711168.png,capturepallet11,day,0.8509798177083333,0.9970345052083334,0.0029654947916666666,0.1460546875,True,1.0,1.0,532,532,1.0,True
data/pallet/raw_data/outside/capturepallet11/rgb/1778654479588076544.png,capturepallet11,day,0.865732421875,0.9927506510416667,0.007249348958333333,0.12701822916666666,True,0.9971428571428571,1.0,671,671,1.0,True
data/pallet/raw_data/outside/capturepallet11/rgb/1778654479655237632.png,capturepallet11,day,0.838212890625,0.9910970052083333,0.008902994791666667,0.15288411458333334,True,1.0,1.0,485,485,1.0,True
data/pallet/raw_data/outside/capturepallet11/rgb/1778654479722496000.png,capturepallet11,day,0.8656575520833333,0.996220703125,0.003779296875,0.13056315104166666,True,1.0,1.0,452,452,1.0,True
data/pallet/raw_data/outside/capturepallet11/rgb/1778654479789595904.png,capturepallet11,day,0.856923828125,0.9879947916666667,0.012005208333333333,0.13107096354166667,True,1.0,1.0,584,584,1.0,True
data/pallet/raw_data/outside/capturepallet11/rgb/1778654479823392768.png,capturepallet11,day,0.8569140625,0.993955078125,0.006044921875,0.137041015625,True,1.0,1.0,605,605,1.0,True
data/pallet/raw_data/outside/capturepallet11/rgb/1778654479890480640.png,capturepallet11,day,0.8475260416666667,0.99580078125,0.00419921875,0.14827473958333334,True,1.0,1.0,611,611,1.0,True
data/pallet/raw_data/outside/capturepallet11/rgb/1778654479957465088.png,capturepallet11,day,0.8645703125,0.9928743489583334,0.007125651041666667,0.12830403645833333,True,1.0,1.0,666,666,1.0,True
data/pallet/raw_data/outside/capturepallet11/rgb/1778654480024841472.png,capturepallet11,day,0.8269303385416666,0.9896484375,0.0103515625,0.16271809895833333,True,0.9917184265010351,0.9963833634719711,551,553,0.9963833634719711,True
data/pallet/raw_data/outside/capturepallet11/rgb/1778654480092263936.png,capturepallet11,day,0.8306380208333334,0.993779296875,0.006220703125,0.16314127604166667,True,0.18661417322834645,0.13561293324028845,2332,17196,0.11880669923237962,True
data/pallet/raw_data/outside/capturepallet11/rgb/1778654480159048960.png,capturepallet11,day,0.8100260416666667,0.994609375,0.005390625,0.18458333333333332,True,0.9906103286384976,0.9893805309734514,559,565,0.9893805309734514,True
data/pallet/raw_data/outside/capturepallet11/rgb/1778654480193045760.png,capturepallet11,day,0.8386100260416667,0.993203125,0.006796875,0.15459309895833334,True,1.0,1.0,548,548,1.0,True
data/pallet/raw_data/outside/capturepallet11/rgb/1778654480293590784.png,capturepallet11,day,0.8370670572916666,0.9884440104166666,0.011555989583333334,0.151376953125,True,0.21241276171485543,0.16261020737613313,2619,16106,0.09996274680243387,True
data/pallet/raw_data/outside/capturepallet11/rgb/1778654480428579072.png,capturepallet11,day,0.8249641927083333,0.9887239583333334,0.011276041666666667,0.163759765625,True,0.09345268542199489,0.07841369986480397,1218,15533,0.04062318933882701,True
data/pallet/raw_data/outside/capturepallet11/rgb/1778654480562592000.png,capturepallet11,day,0.8458528645833333,0.9897688802083333,0.010231119791666667,0.143916015625,True,1.0,1.0,432,432,1.0,True
data/pallet/raw_data/outside/capturepallet11/rgb/1778654480663424000.png,capturepallet11,day,0.8429557291666666,0.9871256510416667,0.012874348958333334,0.144169921875,False,,,,,,
data/pallet/raw_data/outside/capturepallet11/rgb/1778654480797757184.png,capturepallet11,day,0.827783203125,0.985458984375,0.014541015625,0.15767578125,False,,,,,,
data/pallet/raw_data/outside/capturepallet11/rgb/1778654480898311680.png,capturepallet11,day,0.853828125,0.9885091145833333,0.011490885416666667,0.13468098958333333,True,1.0,0.998639455782313,734,735,0.998639455782313,True
data/pallet/raw_data/outside/capturepallet11/rgb/1778654480965462016.png,capturepallet11,day,0.8463671875,0.9861393229166666,0.013860677083333333,0.13977213541666667,True,1.0,1.0,709,709,1.0,True
data/pallet/raw_data/outside/capturepallet11/rgb/1778654480999160320.png,capturepallet11,day,0.8315787760416666,0.986875,0.013125,0.15529622395833334,True,1.0,1.0,203,203,1.0,True
data/pallet/raw_data/outside/capturepallet11/rgb/1778654481066993664.png,capturepallet11,day,0.8124641927083334,0.9859244791666667,0.014075520833333334,0.17346028645833333,False,,,,,,
data/pallet/raw_data/outside/capturepallet11/rgb/1778654481133715456.png,capturepallet11,day,0.8379134114583333,0.9896907552083334,0.010309244791666667,0.15177734375,True,1.0,1.0,598,598,1.0,True
data/pallet/raw_data/outside/capturepallet11/rgb/1778654481201243392.png,capturepallet11,day,0.8380989583333334,0.9863313802083333,0.013668619791666666,0.148232421875,False,,,,,,
data/pallet/raw_data/outside/capturepallet11/rgb/1778654481267990528.png,capturepallet11,day,0.84869140625,0.9857356770833333,0.014264322916666667,0.13704427083333334,True,1.0,1.0,253,253,1.0,True
data/pallet/raw_data/outside/capturepallet11/rgb/1778654481334947584.png,capturepallet11,day,0.8253743489583333,0.9793717447916667,0.020628255208333335,0.15399739583333333,True,1.0,1.0,3017,3017,1.0,True
data/pallet/raw_data/outside/capturepallet11/rgb/1778654481402417152.png,capturepallet11,day,0.8480403645833333,0.98935546875,0.01064453125,0.14131510416666668,True,1.0,1.0,919,919,1.0,True
data/pallet/raw_data/outside/capturepallet11/rgb/1778654481435862784.png,capturepallet11,day,0.8322395833333334,0.985029296875,0.014970703125,0.15278971354166668,True,1.0,1.0,1001,1001,1.0,True
data/pallet/raw_data/outside/capturepallet11/rgb/1778654481503222016.png,capturepallet11,day,0.8269173177083333,0.989169921875,0.010830078125,0.16225260416666668,True,0.9769230769230769,0.9792387543252595,849,867,0.9792387543252595,True
data/pallet/raw_data/outside/capturepallet11/rgb/1778654481570339840.png,capturepallet11,day,0.8364127604166667,0.9884993489583334,0.011500651041666667,0.15208658854166668,False,,,,,,
data/pallet/raw_data/outside/capturepallet11/rgb/1778654481637517056.png,capturepallet11,day,0.852119140625,0.986103515625,0.013896484375,0.133984375,False,,,,,,
data/pallet/raw_data/outside/capturepallet11/rgb/1778654481738472704.png,capturepallet11,day,0.8291634114583334,0.9779069010416667,0.022093098958333335,0.14874348958333333,True,0.9985935302390999,0.9986376021798365,733,734,0.9986376021798365,True
data/pallet/raw_data/outside/capturepallet11/rgb/1778654481872944640.png,capturepallet11,day,0.8514420572916667,0.98556640625,0.01443359375,0.13412434895833333,False,,,,,,
data/pallet/raw_data/outside/capturepallet11/rgb/1778654482041214976.png,capturepallet11,day,0.8588248697916666,0.9844173177083333,0.015582682291666667,0.12559244791666666,True,1.0,1.0,264,264,1.0,True
data/pallet/raw_data/outside/capturepallet11/rgb/1778654482141663488.png,capturepallet11,day,0.8628841145833334,0.9799772135416667,0.020022786458333334,0.11709309895833334,True,1.0,1.0,342,342,1.0,True
data/pallet/raw_data/outside/capturepallet11/rgb/1778654482208310272.png,capturepallet11,day,0.8745670572916666,0.979912109375,0.020087890625,0.10534505208333333,True,1.0,1.0,363,363,1.0,True
data/pallet/raw_data/outside/capturepallet11/rgb/1778654482275528192.png,capturepallet11,day,0.8567578125,0.9838248697916666,0.016175130208333333,0.12706705729166667,True,1.0,1.0,320,320,1.0,True
data/pallet/raw_data/outside/capturepallet11/rgb/1778654482342753280.png,capturepallet11,day,0.8617447916666666,0.9799576822916667,0.020042317708333333,0.118212890625,False,,,,,,
data/pallet/raw_data/outside/capturepallet11/rgb/1778654482376396544.png,capturepallet11,day,0.866728515625,0.9844173177083333,0.015582682291666667,0.11768880208333334,True,0.9966329966329966,0.9965397923875432,288,289,0.9965397923875432,True
data/pallet/raw_data/outside/capturepallet11/rgb/1778654482443643648.png,capturepallet11,day,0.8526041666666667,0.982705078125,0.017294921875,0.13010091145833333,True,0.94824016563147,0.950530035335689,538,566,0.8586572438162544,True
data/pallet/raw_data/outside/capturepallet11/rgb/1778654482510837760.png,capturepallet11,day,0.8751139322916667,0.9760026041666666,0.023997395833333334,0.100888671875,True,1.0,1.0,418,418,1.0,True
data/pallet/raw_data/outside/capturepallet11/rgb/1778654482578060032.png,capturepallet11,day,0.8562825520833334,0.9736653645833333,0.026334635416666665,0.1173828125,False,,,,,,
data/pallet/raw_data/outside/capturepallet11/rgb/1778654482645186816.png,capturepallet11,day,0.8633854166666667,0.9819010416666667,0.018098958333333335,0.118515625,True,1.0,1.0,470,470,1.0,True
data/pallet/raw_data/outside/capturepallet11/rgb/1778654482678853632.png,capturepallet11,day,0.85388671875,0.978857421875,0.021142578125,0.124970703125,True,1.0,1.0,583,583,1.0,True
data/pallet/raw_data/outside/capturepallet11/rgb/1778654482779780608.png,capturepallet11,day,0.8554134114583334,0.9787434895833333,0.021256510416666666,0.123330078125,True,1.0,1.0,286,286,1.0,True
data/pallet/raw_data/outside/capturepallet11/rgb/1778654482847005184.png,capturepallet11,day,0.8825455729166667,0.9850162760416666,0.014983723958333334,0.102470703125,False,,,,,,
data/pallet/raw_data/outside/capturepallet11/rgb/1778654482914054912.png,capturepallet11,day,0.8866243489583333,0.9811848958333333,0.018815104166666666,0.094560546875,False,,,,,,
data/pallet/raw_data/outside/capturepallet11/rgb/1778654482981301248.png,capturepallet11,day,0.8426888020833333,0.97681640625,0.02318359375,0.13412760416666666,False,,,,,,
data/pallet/raw_data/outside/capturepallet11/rgb/1778654483048478720.png,capturepallet11,day,0.8612044270833333,0.977109375,0.022890625,0.11590494791666667,False,,,,,,
data/pallet/raw_data/outside/capturepallet11/rgb/1778654483082193920.png,capturepallet11,day,0.843759765625,0.9813216145833333,0.018678385416666665,0.13756184895833334,True,0.9929411764705882,0.992600422832981,939,946,0.992600422832981,True
data/pallet/raw_data/outside/capturepallet11/rgb/1778654483149346304.png,capturepallet11,day,0.838095703125,0.97943359375,0.02056640625,0.141337890625,True,1.0,1.0,876,876,1.0,True
data/pallet/raw_data/outside/capturepallet11/rgb/1778654483216517120.png,capturepallet11,day,0.8289290364583334,0.98865234375,0.01134765625,0.15972330729166667,True,0.9933065595716198,0.997698504027618,867,869,0.997698504027618,True
data/pallet/raw_data/outside/capturepallet11/rgb/1778654483283483904.png,capturepallet11,day,0.8259895833333334,0.9856510416666666,0.014348958333333333,0.15966145833333334,False,,,,,,
data/pallet/raw_data/outside/capturepallet11/rgb/1778654483350696192.png,capturepallet11,day,0.815439453125,0.9873470052083333,0.012652994791666667,0.17190755208333333,False,,,,,,
data/pallet/raw_data/outside/capturepallet11/rgb/1778654483384410624.png,capturepallet11,day,0.8454720052083333,0.9882194010416666,0.011780598958333333,0.14274739583333335,False,,,,,,
data/pallet/raw_data/outside/capturepallet11/rgb/1778654483485398528.png,capturepallet11,day,0.8585546875,0.9867317708333333,0.013268229166666666,0.12817708333333333,True,1.0,1.0,710,710,1.0,True
data/pallet/raw_data/outside/capturepallet11/rgb/1778654483552647168.png,capturepallet11,day,0.810634765625,0.9830891927083333,0.016910807291666666,0.17245442708333333,True,1.0,1.0,541,541,1.0,True
data/pallet/raw_data/outside/capturepallet11/rgb/1778654483619611136.png,capturepallet11,day,0.8448274739583334,0.9864615885416667,0.013538411458333333,0.14163411458333333,True,1.0,1.0,420,420,1.0,True
data/pallet/raw_data/outside/capturepallet11/rgb/1778654483686743552.png,capturepallet11,day,0.8273502604166667,0.98818359375,0.01181640625,0.16083333333333333,True,1.0,1.0,470,470,1.0,True
data/pallet/raw_data/outside/capturepallet11/rgb/1778654483754585856.png,capturepallet11,day,0.8331119791666667,0.9870475260416667,0.012952473958333334,0.153935546875,True,0.18150448585231194,0.10199587061252581,1482,14530,0.05650378527185134,True
data/pallet/raw_data/outside/capturepallet11/rgb/1778654483787508736.png,capturepallet11,day,0.8263704427083334,0.9907649739583333,0.009235026041666667,0.16439453125,True,1.0,1.0,454,454,1.0,True
data/pallet/raw_data/outside/capturepallet11/rgb/1778654483854744320.png,capturepallet11,day,0.8327897135416666,0.9902897135416666,0.009710286458333333,0.1575,True,1.0,1.0,485,485,1.0,True
data/pallet/raw_data/outside/capturepallet11/rgb/1778654483921905920.png,capturepallet11,day,0.8265071614583334,0.98978515625,0.01021484375,0.16327799479166666,True,1.0,1.0,474,474,1.0,True
data/pallet/raw_data/outside/capturepallet11/rgb/1778654483989087744.png,capturepallet11,day,0.8482975260416666,0.9938802083333333,0.006119791666666667,0.14558268229166665,True,0.26272252321981426,0.22064872487953932,3755,17018,0.19967093665530614,True
data/pallet/raw_data/outside/capturepallet11/rgb/1778654484089994496.png,capturepallet11,day,0.83119140625,0.9932356770833334,0.006764322916666667,0.16204427083333334,True,0.990234375,0.9902723735408561,509,514,0.9902723735408561,True
data/pallet/raw_data/outside/capturepallet11/rgb/1778654484157336832.png,capturepallet11,day,0.8329654947916667,0.9934602864583333,0.006539713541666666,0.16049479166666666,True,0.9944444444444445,0.9942363112391931,690,694,0.9942363112391931,True
data/pallet/raw_data/outside/capturepallet11/rgb/1778654484224551680.png,capturepallet11,day,0.8487141927083334,0.994697265625,0.005302734375,0.14598307291666668,True,1.0,1.0,551,551,1.0,True
data/pallet/raw_data/outside/capturepallet11/rgb/1778654484258031616.png,capturepallet11,day,0.8621028645833333,0.994931640625,0.005068359375,0.13282877604166668,True,0.9983870967741936,0.9968051118210862,624,626,0.9968051118210862,True
data/pallet/raw_data/outside/capturepallet11/rgb/1778654484358715136.png,capturepallet11,day,0.86314453125,0.9917122395833333,0.008287760416666666,0.12856770833333334,True,1.0,0.9981684981684982,545,546,0.9981684981684982,True
data/pallet/raw_data/outside/capturepallet11/rgb/1778654484425894656.png,capturepallet11,day,0.86416015625,0.9923828125,0.0076171875,0.12822265625,False,,,,,,
data/pallet/raw_data/outside/capturepallet11/rgb/1778654484459521536.png,capturepallet11,day,0.879541015625,0.9934407552083333,0.006559244791666667,0.11389973958333334,True,1.0,1.0,537,537,1.0,True
data/pallet/raw_data/outside/capturepallet11/rgb/1778654484526773248.png,capturepallet11,day,0.8624348958333333,0.9900813802083334,0.009918619791666666,0.127646484375,True,1.0,1.0,782,782,1.0,True
data/pallet/raw_data/outside/capturepallet11/rgb/1778654484594261760.png,capturepallet11,day,0.88486328125,0.9932389322916667,0.006761067708333333,0.10837565104166667,True,1.0,1.0,1349,1349,1.0,True
data/pallet/raw_data/outside/capturepallet11/rgb/1778654484661088000.png,capturepallet11,day,0.8884798177083333,0.995400390625,0.004599609375,0.10692057291666666,True,0.20804263565891473,0.14837571826819138,2608,17577,0.08266484610570632,True
data/pallet/raw_data/outside/capturepallet11/rgb/1778654484728243712.png,capturepallet11,day,0.8809342447916667,0.99330078125,0.00669921875,0.11236653645833333,True,0.3098884140550807,0.32043530834340994,5035,15713,0.21415388531788965,True
data/pallet/raw_data/outside/capturepallet11/rgb/1778654484795703808.png,capturepallet11,day,0.900341796875,0.9949641927083334,0.005035807291666666,0.09462239583333333,True,1.0,1.0,654,654,1.0,True
data/pallet/raw_data/outside/capturepallet11/rgb/1778654484896364544.png,capturepallet11,day,0.8913834635416666,0.9913704427083333,0.008629557291666666,0.09998697916666667,False,,,,,,
data/pallet/raw_data/outside/capturepallet11/rgb/1778654484963543808.png,capturepallet11,day,0.9156868489583333,0.99314453125,0.00685546875,0.07745768229166666,False,,,,,,
data/pallet/raw_data/outside/capturepallet11/rgb/1778654485030856704.png,capturepallet11,day,0.914326171875,0.9917610677083334,0.008238932291666667,0.07743489583333334,True,0.996996996996997,0.997037037037037,673,675,0.997037037037037,True
data/pallet/raw_data/outside/capturepallet11/rgb/1778654485131531520.png,capturepallet11,day,0.9138346354166667,0.992431640625,0.007568359375,0.07859700520833333,True,1.0,1.0,2132,2132,1.0,True
data/pallet/raw_data/outside/capturepallet11/rgb/1778654485198995200.png,capturepallet11,day,0.918056640625,0.9944205729166666,0.005579427083333333,0.07636393229166667,False,,,,,,
data/pallet/raw_data/outside/capturepallet11/rgb/1778654485265954560.png,capturepallet11,day,0.911123046875,0.9938541666666667,0.006145833333333333,0.08273111979166667,False,,,,,,
data/pallet/raw_data/outside/capturepallet11/rgb/1778654485332955136.png,capturepallet11,day,0.9150748697916666,0.992236328125,0.007763671875,0.07716145833333334,True,1.0,1.0,1882,1882,1.0,True
data/pallet/raw_data/outside/capturepallet11/rgb/1778654485366658048.png,capturepallet11,day,0.9356640625,0.9944889322916667,0.0055110677083333335,0.058824869791666665,True,1.0,1.0,525,525,1.0,True
data/pallet/raw_data/outside/capturepallet11/rgb/1778654485433758464.png,capturepallet11,day,0.9245865885416666,0.995556640625,0.004443359375,0.07097005208333333,True,0.989345509893455,0.9823529411764705,668,680,0.9823529411764705,True
data/pallet/raw_data/outside/capturepallet11/rgb/1778654485500926720.png,capturepallet11,day,0.9245703125,0.9909375,0.0090625,0.0663671875,True,1.0,1.0,2788,2788,1.0,True
data/pallet/raw_data/outside/capturepallet11/rgb/1778654485601762048.png,capturepallet11,day,0.944609375,0.995986328125,0.004013671875,0.051376953125,True,1.0,1.0,814,814,1.0,True
data/pallet/raw_data/outside/capturepallet11/rgb/1778654485669142016.png,capturepallet11,day,0.9415201822916667,0.992822265625,0.007177734375,0.05130208333333333,True,1.0,1.0,1495,1495,1.0,True
data/pallet/raw_data/outside/capturepallet11/rgb/1778654485736192000.png,capturepallet11,day,0.9545963541666667,0.9956575520833333,0.004342447916666666,0.04106119791666667,True,1.0,1.0,851,851,1.0,True
data/pallet/raw_data/outside/capturepallet11/rgb/1778654485836993280.png,capturepallet11,day,0.9506998697916667,0.99595703125,0.00404296875,0.045257161458333334,True,1.0,1.0,649,649,1.0,True
data/pallet/raw_data/outside/capturepallet11/rgb/1778654485904267008.png,capturepallet11,day,0.9573307291666666,0.9964127604166667,0.0035872395833333333,0.03908203125,True,1.0,1.0,576,576,1.0,True
data/pallet/raw_data/outside/capturepallet11/rgb/1778654485971413760.png,capturepallet11,day,0.97169921875,0.9968294270833333,0.0031705729166666666,0.025130208333333334,True,1.0,1.0,473,473,1.0,True
data/pallet/raw_data/outside/capturepallet11/rgb/1778654486038628864.png,capturepallet11,day,0.96107421875,0.99544921875,0.00455078125,0.034375,True,1.0,1.0,348,348,1.0,True
data/pallet/raw_data/outside/capturepallet11/rgb/1778654486105777664.png,capturepallet11,day,0.9672884114583333,0.9958723958333333,0.004127604166666667,0.028583984375,True,1.0,1.0,284,284,1.0,True
data/pallet/raw_data/outside/capturepallet11/rgb/1778654486206540288.png,capturepallet11,day,0.9684049479166666,0.9940885416666667,0.005911458333333334,0.02568359375,True,1.0,1.0,234,234,1.0,True
data/pallet/raw_data/outside/capturepallet11/rgb/1778654486273882368.png,capturepallet11,day,0.9603841145833333,0.9971744791666667,0.0028255208333333335,0.03679036458333333,True,1.0,1.0,177,177,1.0,False
data/pallet/raw_data/outside/capturepallet11/rgb/1778654486341070336.png,capturepallet11,day,0.9640104166666666,0.9959212239583334,0.004078776041666667,0.03191080729166667,False,,,,,,
data/pallet/raw_data/outside/capturepallet11/rgb/1778654486408500480.png,capturepallet11,day,0.96373046875,0.9967513020833333,0.0032486979166666667,0.03302083333333333,False,,,,,,
data/pallet/raw_data/outside/capturepallet11/rgb/1778654486475295488.png,capturepallet11,day,0.96765625,0.99396484375,0.00603515625,0.02630859375,False,,,,,,
data/pallet/raw_data/outside/capturepallet11/rgb/1778654486542337024.png,capturepallet11,day,0.9721647135416667,0.9971061197916666,0.0028938802083333334,0.02494140625,True,1.0,1.0,234,234,1.0,True
data/pallet/raw_data/outside/capturepallet11/rgb/1778654486609562624.png,capturepallet11,day,0.96423828125,0.9964290364583334,0.0035709635416666667,0.03219075520833333,True,1.0,1.0,313,313,1.0,True
data/pallet/raw_data/outside/capturepallet11/rgb/1778654486676891648.png,capturepallet11,day,0.9651725260416667,0.9943294270833334,0.005670572916666667,0.029156901041666666,True,1.0,1.0,370,370,1.0,True
data/pallet/raw_data/outside/capturepallet11/rgb/1778654486744080128.png,capturepallet11,day,0.958974609375,0.9960416666666667,0.003958333333333334,0.037067057291666664,True,1.0,1.0,532,532,1.0,True
data/pallet/raw_data/outside/capturepallet11/rgb/1778654486777547520.png,capturepallet11,day,0.959638671875,0.9981510416666667,0.0018489583333333333,0.03851236979166667,True,1.0,1.0,781,781,1.0,True
data/pallet/raw_data/outside/capturepallet11/rgb/1778654486844790784.png,capturepallet11,day,0.9487369791666667,0.9956477864583333,0.004352213541666667,0.04691080729166667,True,0.9985569985569985,0.9986945169712794,765,766,0.9986945169712794,True
data/pallet/raw_data/outside/capturepallet11/rgb/1778654486979545856.png,capturepallet11,day,0.9278678385416667,0.996103515625,0.003896484375,0.06823567708333333,True,0.9958847736625515,1.0,788,788,1.0,True
data/pallet/raw_data/outside/capturepallet11/rgb/1778654487113901568.png,capturepallet11,day,0.9084895833333333,0.9931998697916666,0.006800130208333333,0.08471028645833334,True,1.0,1.0,2018,2018,1.0,True
data/pallet/raw_data/outside/capturepallet11/rgb/1778654487214415360.png,capturepallet11,day,0.90654296875,0.9919140625,0.0080859375,0.08537109375,True,1.0,1.0,1695,1695,1.0,True
data/pallet/raw_data/outside/capturepallet11/rgb/1778654487281624064.png,capturepallet11,day,0.9107747395833333,0.9915592447916667,0.008440755208333333,0.08078450520833333,True,1.0,1.0,671,671,1.0,True
data/pallet/raw_data/outside/capturepallet11/rgb/1778654487348777216.png,capturepallet11,day,0.8969270833333334,0.9877473958333334,0.012252604166666667,0.0908203125,False,,,,,,
data/pallet/raw_data/outside/capturepallet11/rgb/1778654487416216320.png,capturepallet11,day,0.900986328125,0.9941927083333333,0.005807291666666666,0.09320638020833333,True,1.0,1.0,690,690,1.0,True
data/pallet/raw_data/outside/capturepallet11/rgb/1778654487483334656.png,capturepallet11,day,0.87939453125,0.991728515625,0.008271484375,0.112333984375,True,1.0,1.0,658,658,1.0,True
data/pallet/raw_data/outside/capturepallet11/rgb/1778654487550493184.png,capturepallet11,day,0.8837076822916666,0.9943717447916667,0.005628255208333334,0.1106640625,True,1.0,1.0,726,726,1.0,True
data/pallet/raw_data/outside/capturepallet11/rgb/1778654487617611008.png,capturepallet11,day,0.8805989583333333,0.9937141927083334,0.0062858072916666665,0.113115234375,True,1.0,1.0,479,479,1.0,True
data/pallet/raw_data/outside/capturepallet11/rgb/1778654487684679680.png,capturepallet11,day,0.8888118489583333,0.9889322916666666,0.011067708333333334,0.10012044270833333,False,,,,,,
data/pallet/raw_data/outside/capturepallet11/rgb/1778654487751956992.png,capturepallet11,day,0.8935677083333333,0.99640625,0.00359375,0.10283854166666667,True,0.9888888888888889,0.9878296146044625,487,493,0.9878296146044625,True
data/pallet/raw_data/outside/capturepallet11/rgb/1778654487819170048.png,capturepallet11,day,0.8898828125,0.994658203125,0.005341796875,0.104775390625,True,0.3277027027027027,0.32437911809427267,5120,15784,0.26729599594526104,True
data/pallet/raw_data/outside/capturepallet11/rgb/1778654487886450432.png,capturepallet11,day,0.86154296875,0.9982454427083334,0.0017545572916666666,0.13670247395833332,True,1.0,1.0,538,538,1.0,True
data/pallet/raw_data/outside/capturepallet11/rgb/1778654487953743872.png,capturepallet11,day,0.8649869791666667,0.9896842447916666,0.010315755208333333,0.124697265625,True,0.9986631016042781,0.9985486211901307,688,689,0.9985486211901307,True
data/pallet/raw_data/outside/capturepallet11/rgb/1778654488020743680.png,capturepallet11,day,0.8700748697916667,0.9874641927083333,0.012535807291666666,0.11738932291666666,False,,,,,,
data/pallet/raw_data/outside/capturepallet11/rgb/1778654488088187392.png,capturepallet11,day,0.8727701822916667,0.9957584635416666,0.004241536458333334,0.12298828125,True,1.0,1.0,671,671,1.0,True
data/pallet/raw_data/outside/capturepallet11/rgb/1778654488155147264.png,capturepallet11,day,0.8865397135416667,0.9952669270833333,0.004733072916666667,0.10872721354166667,False,,,,,,
data/pallet/raw_data/outside/capturepallet11/rgb/1778654488222331904.png,capturepallet11,day,0.8477864583333333,0.9945475260416666,0.005452473958333333,0.14676106770833333,True,1.0,1.0,739,739,1.0,True
data/pallet/raw_data/outside/capturepallet11/rgb/1778654488289699328.png,capturepallet11,day,0.88529296875,0.9890201822916667,0.010979817708333334,0.10372721354166667,True,1.0,1.0,761,761,1.0,True
data/pallet/raw_data/outside/capturepallet11/rgb/1778654488356821248.png,capturepallet11,day,0.867919921875,0.9951139322916667,0.004886067708333333,0.12719401041666667,True,1.0,1.0,742,742,1.0,True
data/pallet/raw_data/outside/capturepallet11/rgb/1778654488424362752.png,capturepallet11,day,0.8675716145833333,0.9940462239583333,0.005953776041666667,0.126474609375,False,,,,,,
data/pallet/raw_data/outside/capturepallet11/rgb/1778654488525188352.png,capturepallet11,day,0.8730631510416667,0.9955859375,0.0044140625,0.12252278645833334,False,,,,,,
data/pallet/raw_data/outside/capturepallet11/rgb/1778654488692816896.png,capturepallet11,day,0.8476725260416667,0.9911393229166666,0.008860677083333334,0.143466796875,True,1.0,1.0,641,641,1.0,True
data/pallet/raw_data/outside/capturepallet11/rgb/1778654488793803520.png,capturepallet11,day,0.8451790364583334,0.9932584635416667,0.006741536458333333,0.14807942708333333,True,1.0,1.0,706,706,1.0,True
data/pallet/raw_data/outside/capturepallet11/rgb/1778654488928002816.png,capturepallet11,day,0.8425227864583333,0.996240234375,0.003759765625,0.15371744791666667,True,0.9875,0.9875968992248062,637,645,0.9875968992248062,True
data/pallet/raw_data/outside/capturepallet11/rgb/1778654488961576960.png,capturepallet11,day,0.867236328125,0.9948177083333334,0.005182291666666667,0.12758138020833334,True,1.0,1.0,524,524,1.0,True
data/pallet/raw_data/outside/capturepallet11/rgb/1778654489028798464.png,capturepallet11,day,0.8247591145833333,0.9931868489583333,0.006813151041666667,0.168427734375,True,1.0,1.0,464,464,1.0,True
data/pallet/raw_data/outside/capturepallet11/rgb/1778654489096089088.png,capturepallet11,day,0.8422493489583334,0.9906119791666667,0.009388020833333333,0.14836263020833335,True,1.0,1.0,586,586,1.0,True
data/pallet/raw_data/outside/capturepallet11/rgb/1778654489163298048.png,capturepallet11,day,0.8397005208333334,0.9922298177083333,0.007770182291666667,0.152529296875,True,1.0,1.0,420,420,1.0,True
data/pallet/raw_data/outside/capturepallet11/rgb/1778654489230464768.png,capturepallet11,day,0.8319466145833333,0.9955143229166666,0.004485677083333334,0.16356770833333334,True,1.0,1.0,574,574,1.0,True
data/pallet/raw_data/outside/capturepallet11/rgb/1778654489297691904.png,capturepallet11,day,0.8262272135416666,0.9933561197916667,0.006643880208333334,0.16712890625,True,1.0,1.0,399,399,1.0,True
data/pallet/raw_data/outside/capturepallet11/rgb/1778654489465731584.png,capturepallet11,day,0.824482421875,0.9906119791666667,0.009388020833333333,0.16612955729166667,True,1.0,0.9930555555555556,572,576,0.9930555555555556,True
data/pallet/raw_data/outside/capturepallet11/rgb/1778654489566395392.png,capturepallet11,day,0.830205078125,0.993134765625,0.006865234375,0.1629296875,True,0.9829059829059829,0.9862745098039216,503,510,0.9862745098039216,True
data/pallet/raw_data/outside/capturepallet11/rgb/1778654489599753216.png,capturepallet11,day,0.8373372395833333,0.9930696614583333,0.006930338541666667,0.155732421875,True,1.0,1.0,470,470,1.0,True
data/pallet/raw_data/outside/capturepallet11/rgb/1778654489666992896.png,capturepallet11,day,0.8357682291666667,0.9951790364583334,0.0048209635416666665,0.15941080729166668,True,0.9767827529021559,0.9728353140916808,573,589,0.9728353140916808,True
data/pallet/raw_data/outside/capturepallet11/rgb/1778654489734264832.png,capturepallet11,day,0.8311783854166667,0.9924348958333333,0.007565104166666667,0.16125651041666667,True,1.0,0.9982698961937716,577,578,0.9982698961937716,True
data/pallet/raw_data/outside/capturepallet11/rgb/1778654489801486080.png,capturepallet11,day,0.839443359375,0.9938151041666666,0.006184895833333333,0.15437174479166665,True,1.0,1.0,580,580,1.0,True
data/pallet/raw_data/outside/capturepallet11/rgb/1778654489868577024.png,capturepallet11,day,0.8203125,0.9944270833333333,0.005572916666666667,0.17411458333333332,True,1.0,1.0,488,488,1.0,True
data/pallet/raw_data/outside/capturepallet11/rgb/1778654489969630464.png,capturepallet11,day,0.8460611979166667,0.9902669270833333,0.009733072916666667,0.14420572916666666,True,1.0,1.0,410,410,1.0,True
data/pallet/raw_data/outside/capturepallet11/rgb/1778654490104159744.png,capturepallet11,day,0.8159016927083333,0.9921028645833333,0.007897135416666666,0.176201171875,True,1.0,1.0,523,523,1.0,True
data/pallet/raw_data/outside/capturepallet11/rgb/1778654490204759296.png,capturepallet11,day,0.8189973958333333,0.9896126302083333,0.010387369791666667,0.170615234375,True,1.0,1.0,487,487,1.0,True
data/pallet/raw_data/outside/capturepallet11/rgb/1778654490271696384.png,capturepallet11,day,0.835703125,0.9837044270833334,0.016295572916666667,0.14800130208333334,True,1.0,1.0,517,517,1.0,True
data/pallet/raw_data/outside/capturepallet11/rgb/1778654490339170048.png,capturepallet11,day,0.81857421875,0.9918815104166666,0.008118489583333333,0.17330729166666667,True,1.0,1.0,376,376,1.0,True
data/pallet/raw_data/outside/capturepallet11/rgb/1778654490372559104.png,capturepallet11,day,0.822822265625,0.9866927083333333,0.013307291666666667,0.16387044270833334,True,0.9974358974358974,0.997946611909651,486,487,0.997946611909651,True
data/pallet/raw_data/outside/capturepallet11/rgb/1778654490473343488.png,capturepallet11,day,0.8274967447916667,0.9908919270833333,0.009108072916666666,0.16339518229166666,True,0.9976387249114522,0.9975990396158463,831,833,0.9975990396158463,True
data/pallet/raw_data/outside/capturepallet11/rgb/1778654490540577024.png,capturepallet11,day,0.8258203125,0.9936653645833333,0.006334635416666666,0.16784505208333333,True,1.0,1.0,638,638,1.0,True
data/pallet/raw_data/outside/capturepallet11/rgb/1778654490574391552.png,capturepallet11,day,0.8491861979166667,0.9935286458333333,0.006471354166666667,0.14434244791666667,True,1.0,1.0,578,578,1.0,True
data/pallet/raw_data/outside/capturepallet11/rgb/1778654490674985216.png,capturepallet11,day,0.840361328125,0.9891959635416666,0.010804036458333333,0.14883463541666667,True,1.0,1.0,560,560,1.0,True
data/pallet/raw_data/outside/capturepallet11/rgb/1778654490742264832.png,capturepallet11,day,0.8390787760416667,0.9908528645833333,0.009147135416666667,0.15177408854166666,True,1.0,1.0,703,703,1.0,True
data/pallet/raw_data/outside/capturepallet11/rgb/1778654490809129984.png,capturepallet11,day,0.841552734375,0.993740234375,0.006259765625,0.1521875,True,0.9949022939677146,0.9950657894736842,1210,1216,0.9950657894736842,True
data/pallet/raw_data/outside/capturepallet11/rgb/1778654490876622336.png,capturepallet11,day,0.8226204427083333,0.993359375,0.006640625,0.17073893229166667,True,1.0,1.0,1243,1243,1.0,True
data/pallet/raw_data/outside/capturepallet11/rgb/1778654490943544576.png,capturepallet11,day,0.840693359375,0.9948958333333333,0.005104166666666667,0.15420247395833334,True,0.9978354978354979,0.9973787680209698,761,763,0.9973787680209698,True
data/pallet/raw_data/outside/capturepallet11/rgb/1778654491010733824.png,capturepallet11,day,0.839580078125,0.990107421875,0.009892578125,0.15052734375,True,1.0,1.0,519,519,1.0,True
data/pallet/raw_data/outside/capturepallet11/rgb/1778654491077999616.png,capturepallet11,day,0.848310546875,0.99259765625,0.00740234375,0.144287109375,True,1.0,1.0,658,658,1.0,True
data/pallet/raw_data/outside/capturepallet11/rgb/1778654491111554560.png,capturepallet11,day,0.8277604166666667,0.9919270833333333,0.008072916666666667,0.16416666666666666,True,1.0,1.0,662,662,1.0,True
data/pallet/raw_data/outside/capturepallet11/rgb/1778654491178808320.png,capturepallet11,day,0.8300325520833334,0.9963541666666667,0.0036458333333333334,0.16632161458333333,True,0.9964705882352941,0.9929161747343566,841,847,0.9929161747343566,True
data/pallet/raw_data/outside/capturepallet11/rgb/1778654491246132224.png,capturepallet11,day,0.8331184895833333,0.9928678385416667,0.007132161458333334,0.15974934895833334,True,1.0,0.9978189749182116,915,917,0.9978189749182116,True
data/pallet/raw_data/outside/capturepallet11/rgb/1778654491313124096.png,capturepallet11,day,0.83587890625,0.9946321614583333,0.005367838541666667,0.15875325520833333,True,1.0,1.0,533,533,1.0,True
data/pallet/raw_data/outside/capturepallet11/rgb/1778654491380412416.png,capturepallet11,day,0.8373014322916666,0.9958951822916666,0.004104817708333333,0.15859375,True,1.0,1.0,592,592,1.0,True
data/pallet/raw_data/outside/capturepallet11/rgb/1778654491447514368.png,capturepallet11,day,0.8375911458333334,0.997421875,0.002578125,0.15983072916666666,True,0.9976387249114522,0.9988151658767772,843,844,0.9988151658767772,True
data/pallet/raw_data/outside/capturepallet11/rgb/1778654491481169152.png,capturepallet11,day,0.8381412760416667,0.9947298177083334,0.0052701822916666665,0.15658854166666666,True,1.0,1.0,526,526,1.0,True
data/pallet/raw_data/outside/capturepallet11/rgb/1778654491615952640.png,capturepallet11,day,0.8409114583333334,0.99373046875,0.00626953125,0.15281901041666668,True,1.0,1.0,614,614,1.0,True
data/pallet/raw_data/outside/capturepallet11/rgb/1778654491783971840.png,capturepallet11,day,0.8551204427083333,0.9934375,0.0065625,0.13831705729166666,True,0.9985074626865672,0.9984615384615385,649,650,0.9984615384615385,True
data/pallet/raw_data/outside/capturepallet11/rgb/1778654491917947392.png,capturepallet11,day,0.8545670572916667,0.9943001302083333,0.005699869791666667,0.13973307291666667,True,1.0,1.0,1030,1030,1.0,True
data/pallet/raw_data/outside/capturepallet11/rgb/1778654491985206272.png,capturepallet11,day,0.8260677083333333,0.9895735677083334,0.010426432291666666,0.163505859375,True,1.0,1.0,773,773,1.0,True
data/pallet/raw_data/outside/capturepallet11/rgb/1778654492052309248.png,capturepallet11,day,0.8505826822916667,0.99515625,0.00484375,0.14457356770833332,True,0.9935979513444302,0.9885550786838341,691,699,0.9885550786838341,True
data/pallet/raw_data/outside/capturepallet11/rgb/1778654492086048000.png,capturepallet11,day,0.8459765625,0.9900358072916666,0.009964192708333333,0.14405924479166668,True,0.9992211838006231,0.9992458521870287,1325,1326,0.9992458521870287,True
data/pallet/raw_data/outside/capturepallet11/rgb/1778654492153243904.png,capturepallet11,day,0.8337239583333333,0.9936848958333333,0.006315104166666667,0.1599609375,True,1.0,1.0,777,777,1.0,True
data/pallet/raw_data/outside/capturepallet11/rgb/1778654492220455424.png,capturepallet11,day,0.8469921875,0.9891536458333333,0.010846354166666667,0.14216145833333332,True,1.0,0.9983660130718954,611,612,0.9983660130718954,True
data/pallet/raw_data/outside/capturepallet11/rgb/1778654492287566336.png,capturepallet11,day,0.8594498697916667,0.9908984375,0.0091015625,0.13144856770833332,True,1.0,1.0,671,671,1.0,True
data/pallet/raw_data/outside/capturepallet11/rgb/1778654492354802688.png,capturepallet11,day,0.8614713541666666,0.9968294270833333,0.0031705729166666666,0.13535807291666666,True,0.9918588873812755,0.9880952380952381,747,756,0.9880952380952381,True
data/pallet/raw_data/outside/capturepallet11/rgb/1778654492489612800.png,capturepallet11,day,0.847509765625,0.9865071614583333,0.013492838541666666,0.13899739583333334,True,1.0,1.0,720,720,1.0,True
data/pallet/raw_data/outside/capturepallet11/rgb/1778654492623690240.png,capturepallet11,day,0.842041015625,0.9898502604166667,0.010149739583333333,0.14780924479166666,True,0.9889434889434889,0.987603305785124,717,726,0.987603305785124,True
data/pallet/raw_data/outside/capturepallet11/rgb/1778654492657202944.png,capturepallet11,day,0.865419921875,0.9914290364583334,0.008570963541666667,0.12600911458333333,True,0.9953139643861293,0.9953227315247896,1064,1069,0.9953227315247896,True
data/pallet/raw_data/outside/capturepallet11/rgb/1778654492724502784.png,capturepallet11,day,0.862333984375,0.995146484375,0.004853515625,0.1328125,True,1.0,1.0,757,757,1.0,True
data/pallet/raw_data/outside/capturepallet11/rgb/1778654492791526912.png,capturepallet11,day,0.8460123697916667,0.994833984375,0.005166015625,0.14882161458333334,True,1.0,1.0,794,794,1.0,True
data/pallet/raw_data/outside/capturepallet11/rgb/1778654492858823424.png,capturepallet11,day,0.8508365885416667,0.9950813802083334,0.004918619791666667,0.14424479166666668,True,0.9973262032085561,0.9961389961389961,774,777,0.9961389961389961,True
data/pallet/raw_data/outside/capturepallet11/rgb/1778654492925893376.png,capturepallet11,day,0.8391731770833334,0.9903971354166666,0.009602864583333334,0.15122395833333332,True,0.9984326018808778,0.9981132075471698,529,530,0.9981132075471698,True
data/pallet/raw_data/outside/capturepallet11/rgb/1778654492959464192.png,capturepallet11,day,0.8478092447916666,0.9940885416666667,0.005911458333333334,0.146279296875,True,0.9937611408199644,0.994238683127572,1208,1215,0.994238683127572,True
data/pallet/raw_data/outside/capturepallet11/rgb/1778654493026968832.png,capturepallet11,day,0.8359602864583333,0.995771484375,0.004228515625,0.15981119791666668,True,1.0,1.0,555,555,1.0,True
data/pallet/raw_data/outside/capturepallet11/rgb/1778654493094059008.png,capturepallet11,day,0.852216796875,0.985439453125,0.014560546875,0.13322265625,True,0.9918283963227783,0.991991991991992,991,999,0.991991991991992,True
data/pallet/raw_data/outside/capturepallet11/rgb/1778654493161114112.png,capturepallet11,day,0.8332291666666667,0.990400390625,0.009599609375,0.15717122395833333,True,1.0,1.0,481,481,1.0,True
data/pallet/raw_data/outside/capturepallet11/rgb/1778654493228654080.png,capturepallet11,day,0.8388834635416667,0.9934928385416667,0.006507161458333333,0.154609375,True,0.9931506849315068,0.9929378531073446,703,708,0.9929378531073446,True
data/pallet/raw_data/outside/capturepallet11/rgb/1778654493295652864.png,capturepallet11,day,0.8347493489583333,0.992255859375,0.007744140625,0.15750651041666666,True,0.9939393939393939,0.9940758293838863,839,844,0.9940758293838863,True
data/pallet/raw_data/outside/capturepallet11/rgb/1778654493362802176.png,capturepallet11,day,0.8351888020833333,0.9936946614583333,0.006305338541666667,0.158505859375,True,0.9873239436619718,0.9883570504527813,764,773,0.9883570504527813,True
data/pallet/raw_data/outside/capturepallet11/rgb/1778654493429893376.png,capturepallet11,day,0.841962890625,0.9898177083333334,0.010182291666666666,0.14785481770833334,True,1.0,1.0,504,504,1.0,True
data/pallet/raw_data/outside/capturepallet11/rgb/1778654493497099520.png,capturepallet11,day,0.83423828125,0.9945182291666667,0.005481770833333333,0.16027994791666667,True,0.9981617647058824,0.9983606557377049,609,610,0.9983606557377049,True
data/pallet/raw_data/outside/capturepallet11/rgb/1778654493564408320.png,capturepallet11,day,0.8390787760416667,0.9922298177083333,0.007770182291666667,0.15315104166666665,True,0.99375,0.9971014492753624,688,690,0.9971014492753624,True
data/pallet/raw_data/outside/capturepallet11/rgb/1778654493631473664.png,capturepallet11,day,0.85587890625,0.9946516927083333,0.005348307291666667,0.13877278645833332,True,0.9986225895316805,0.9986187845303868,723,724,0.9986187845303868,True
data/pallet/raw_data/outside/capturepallet11/rgb/1778654493698677504.png,capturepallet11,day,0.84630859375,0.992734375,0.007265625,0.14642578125,True,1.0,1.0,457,457,1.0,True
data/pallet/raw_data/outside/capturepallet11/rgb/1778654493765869568.png,capturepallet11,day,0.8276432291666667,0.9916243489583333,0.008375651041666666,0.16398111979166666,True,1.0,1.0,534,534,1.0,True
data/pallet/raw_data/outside/capturepallet11/rgb/1778654493866843392.png,capturepallet11,day,0.8495475260416666,0.9935481770833333,0.0064518229166666665,0.14400065104166668,True,1.0,1.0,613,613,1.0,True
data/pallet/raw_data/outside/capturepallet11/rgb/1778654494001337088.png,capturepallet11,day,0.837294921875,0.987265625,0.012734375,0.149970703125,True,1.0,1.0,595,595,1.0,True
data/pallet/raw_data/outside/capturepallet11/rgb/1778654494068177408.png,capturepallet11,day,0.8296549479166667,0.9900162760416666,0.009983723958333333,0.160361328125,True,1.0,1.0,592,592,1.0,True
data/pallet/raw_data/outside/capturepallet11/rgb/1778654494135595008.png,capturepallet11,day,0.8360970052083333,0.9940104166666667,0.005989583333333334,0.15791341145833335,True,0.9842857142857143,0.9851752021563343,731,742,0.9851752021563343,True
data/pallet/raw_data/outside/capturepallet11/rgb/1778654494202661888.png,capturepallet11,day,0.84876953125,0.9893587239583334,0.010641276041666667,0.14058919270833334,True,0.9984615384615385,0.9985007496251874,666,667,0.9985007496251874,True
data/pallet/raw_data/outside/capturepallet11/rgb/1778654494269907712.png,capturepallet11,day,0.8447005208333334,0.9943489583333334,0.005651041666666667,0.1496484375,True,1.0,1.0,604,604,1.0,True
data/pallet/raw_data/outside/capturepallet11/rgb/1778654494303444224.png,capturepallet11,day,0.8479036458333333,0.9921907552083333,0.007809244791666667,0.144287109375,True,1.0,1.0,592,592,1.0,True
data/pallet/raw_data/outside/capturepallet11/rgb/1778654494370662144.png,capturepallet11,day,0.8541731770833333,0.99369140625,0.00630859375,0.13951822916666667,True,1.0,1.0,698,698,1.0,True
data/pallet/raw_data/outside/capturepallet11/rgb/1778654494437906688.png,capturepallet11,day,0.834912109375,0.9938541666666667,0.006145833333333333,0.15894205729166666,True,1.0,1.0,646,646,1.0,True
data/pallet/raw_data/outside/capturepallet11/rgb/1778654494505098752.png,capturepallet11,day,0.8466927083333333,0.9939290364583333,0.006070963541666667,0.147236328125,True,0.9973333333333333,0.9976275207591934,841,843,0.9976275207591934,True
data/pallet/raw_data/outside/capturepallet11/rgb/1778654494572328192.png,capturepallet11,day,0.8313020833333333,0.9920182291666667,0.007981770833333334,0.16071614583333332,True,0.9850402761795167,0.9863588667366212,940,953,0.9863588667366212,True
data/pallet/raw_data/outside/capturepallet11/rgb/1778654494639479552.png,capturepallet11,day,0.8308528645833333,0.989814453125,0.010185546875,0.15896158854166667,True,1.0,1.0,806,806,1.0,True
data/pallet/raw_data/outside/capturepallet11/rgb/1778654494706495232.png,capturepallet11,day,0.8432779947916667,0.99044921875,0.00955078125,0.14717122395833335,True,0.9922222222222222,0.991304347826087,798,805,0.991304347826087,True
data/pallet/raw_data/outside/capturepallet11/rgb/1778654494774035200.png,capturepallet11,day,0.8434342447916666,0.9890885416666667,0.010911458333333334,0.145654296875,True,1.0,1.0,674,674,1.0,True
data/pallet/raw_data/outside/capturepallet11/rgb/1778654494841185280.png,capturepallet11,day,0.8320540364583333,0.9925520833333333,0.007447916666666667,0.160498046875,True,0.9918414918414918,0.9923664122137404,910,917,0.9923664122137404,True
data/pallet/raw_data/outside/capturepallet11/rgb/1778654494874682368.png,capturepallet11,day,0.843388671875,0.9931608072916667,0.006839192708333333,0.14977213541666667,True,1.0,1.0,700,700,1.0,True
data/pallet/raw_data/outside/capturepallet11/rgb/1778654494942122240.png,capturepallet11,day,0.8587532552083333,0.9943977864583333,0.005602213541666666,0.13564453125,True,1.0,1.0,604,604,1.0,True
data/pallet/raw_data/outside/capturepallet11/rgb/1778654495076248832.png,capturepallet11,day,0.8355305989583334,0.9918359375,0.0081640625,0.15630533854166667,True,1.0,1.0,690,690,1.0,True
data/pallet/raw_data/outside/capturepallet11/rgb/1778654495244727296.png,capturepallet11,day,0.8245377604166667,0.98703125,0.01296875,0.16249348958333334,True,1.0,1.0,860,860,1.0,True
data/pallet/raw_data/outside/capturepallet11/rgb/1778654495412521216.png,capturepallet11,day,0.8300162760416666,0.9910904947916667,0.008909505208333333,0.16107421875,True,1.0,1.0,798,798,1.0,True
data/pallet/raw_data/outside/capturepallet11/rgb/1778654495546697472.png,capturepallet11,day,0.850283203125,0.992001953125,0.007998046875,0.14171875,True,1.0,0.997037037037037,673,675,0.997037037037037,True
data/pallet/raw_data/outside/capturepallet11/rgb/1778654495714743040.png,capturepallet11,day,0.839091796875,0.9947981770833333,0.005201822916666667,0.15570638020833333,True,1.0,0.9972144846796658,716,718,0.9972144846796658,True
data/pallet/raw_data/outside/capturepallet11/rgb/1778654495781558784.png,capturepallet11,day,0.85076171875,0.989951171875,0.010048828125,0.139189453125,True,1.0,1.0,646,646,1.0,True
data/pallet/raw_data/outside/capturepallet11/rgb/1778654495848777216.png,capturepallet11,day,0.8438606770833333,0.9941861979166666,0.005813802083333333,0.15032552083333334,True,1.0,1.0,709,709,1.0,True
data/pallet/raw_data/outside/capturepallet11/rgb/1778654495983627264.png,capturepallet11,day,0.8500032552083333,0.9939453125,0.0060546875,0.14394205729166668,True,1.0,1.0,740,740,1.0,True
data/pallet/raw_data/outside/capturepallet11/rgb/1778654496118028288.png,capturepallet11,day,0.829345703125,0.988935546875,0.011064453125,0.15958984375,True,1.0,1.0,679,679,1.0,True
data/pallet/raw_data/outside/capturepallet11/rgb/1778654496285857792.png,capturepallet11,day,0.857353515625,0.9939876302083334,0.006012369791666666,0.13663411458333333,True,1.0,1.0,726,726,1.0,True
data/pallet/raw_data/outside/capturepallet11/rgb/1778654496453821952.png,capturepallet11,day,0.855380859375,0.9912467447916666,0.008753255208333333,0.13586588541666667,True,1.0,1.0,676,676,1.0,True
data/pallet/raw_data/outside/capturepallet11/rgb/1778654496588233216.png,capturepallet11,day,0.85392578125,0.9924739583333333,0.007526041666666667,0.13854817708333333,True,1.0,1.0,590,590,1.0,True
data/pallet/raw_data/outside/capturepallet11/rgb/1778654496722437376.png,capturepallet11,day,0.8699251302083333,0.99408203125,0.00591796875,0.12415690104166667,True,0.9916666666666667,0.9918367346938776,729,735,0.9918367346938776,True
data/pallet/raw_data/outside/capturepallet11/rgb/1778654496789641472.png,capturepallet11,day,0.8770833333333333,0.9936979166666666,0.006302083333333333,0.11661458333333333,True,1.0,1.0,665,665,1.0,True
data/pallet/raw_data/outside/capturepallet11/rgb/1778654496856865280.png,capturepallet11,day,0.8689127604166667,0.99572265625,0.00427734375,0.12680989583333332,True,1.0,0.9984202211690363,632,633,0.9984202211690363,True
data/pallet/raw_data/outside/capturepallet11/rgb/1778654496923969024.png,capturepallet11,day,0.8906673177083333,0.99576171875,0.00423828125,0.10509440104166666,True,1.0,0.9984301412872841,636,637,0.9984301412872841,True
data/pallet/raw_data/outside/capturepallet11/rgb/1778654497025206784.png,capturepallet11,day,0.8830794270833333,0.9900618489583334,0.009938151041666666,0.106982421875,True,1.0,1.0,635,635,1.0,True
data/pallet/raw_data/outside/capturepallet11/rgb/1778654497092172288.png,capturepallet11,day,0.8591731770833333,0.9858723958333333,0.014127604166666667,0.12669921875,True,0.9985294117647059,0.9985315712187959,680,681,0.9985315712187959,True
data/pallet/raw_data/outside/capturepallet11/rgb/1778654497159089152.png,capturepallet11,day,0.88158203125,0.9944010416666667,0.005598958333333333,0.11281901041666667,True,1.0,1.0,861,861,1.0,True
data/pallet/raw_data/outside/capturepallet11/rgb/1778654497226301952.png,capturepallet11,day,0.882451171875,0.9955110677083333,0.004488932291666667,0.11305989583333333,True,1.0,1.0,741,741,1.0,True
data/pallet/raw_data/outside/capturepallet11/rgb/1778654497259993856.png,capturepallet11,day,0.891826171875,0.9933821614583334,0.006617838541666666,0.10155598958333334,True,1.0,1.0,816,816,1.0,True
data/pallet/raw_data/outside/capturepallet11/rgb/1778654497327001344.png,capturepallet11,day,0.86658203125,0.992900390625,0.007099609375,0.126318359375,True,1.0,1.0,918,918,1.0,True
data/pallet/raw_data/outside/capturepallet11/rgb/1778654497461815552.png,capturepallet11,day,0.8991959635416666,0.9945703125,0.0054296875,0.09537434895833333,True,0.9970238095238095,0.9906191369606003,1056,1066,0.9906191369606003,True
data/pallet/raw_data/outside/capturepallet11/rgb/1778654497629694720.png,capturepallet11,day,0.8929720052083333,0.9932454427083334,0.006754557291666667,0.1002734375,True,0.9960552268244576,0.9913793103448276,1610,1624,0.9913793103448276,True
data/pallet/raw_data/outside/capturepallet11/rgb/1778654497764260096.png,capturepallet11,day,0.9020963541666667,0.9926953125,0.0073046875,0.09059895833333333,True,0.9922480620155039,0.9907192575406032,854,862,0.9907192575406032,True
data/pallet/raw_data/outside/capturepallet11/rgb/1778654497864799744.png,capturepallet11,day,0.9216569010416666,0.995166015625,0.004833984375,0.07350911458333333,True,0.9930182599355531,0.9927414852037968,1778,1791,0.9927414852037968,True
data/pallet/raw_data/outside/capturepallet11/rgb/1778654497931941376.png,capturepallet11,day,0.8960286458333333,0.9893782552083333,0.010621744791666667,0.093349609375,True,0.9903492647058824,0.9900190114068441,2083,2104,0.9900190114068441,True
data/pallet/raw_data/outside/capturepallet11/rgb/1778654498032738304.png,capturepallet11,day,0.889130859375,0.9906217447916666,0.009378255208333333,0.10149088541666666,True,1.0,1.0,940,940,1.0,True
data/pallet/raw_data/outside/capturepallet11/rgb/1778654498099805952.png,capturepallet11,day,0.9114388020833334,0.9894791666666667,0.010520833333333333,0.07804036458333333,True,0.9931623931623932,0.9925729442970822,1871,1885,0.9925729442970822,True
data/pallet/raw_data/outside/capturepallet11/rgb/1778654498167072000.png,capturepallet11,day,0.9294173177083334,0.9917447916666666,0.008255208333333333,0.06232747395833333,True,0.9994629430719656,0.9994505494505495,1819,1820,0.9994505494505495,True
data/pallet/raw_data/outside/capturepallet11/rgb/1778654498200584704.png,capturepallet11,day,0.9113020833333333,0.9911197916666666,0.008880208333333334,0.07981770833333333,True,0.9988851727982163,0.9979633401221996,1960,1964,0.9979633401221996,True
data/pallet/raw_data/outside/capturepallet11/rgb/1778654498267924736.png,capturepallet11,day,0.90412109375,0.9928938802083334,0.007106119791666666,0.08877278645833334,True,0.9966183574879227,0.9965686274509804,2033,2040,0.9965686274509804,True
data/pallet/raw_data/outside/capturepallet11/rgb/1778654498335130368.png,capturepallet11,day,0.899365234375,0.9934798177083334,0.006520182291666667,0.09411458333333333,True,0.9942857142857143,0.9942363112391931,2070,2082,0.9942363112391931,True
data/pallet/raw_data/outside/capturepallet11/rgb/1778654498402150400.png,capturepallet11,day,0.9074186197916667,0.98439453125,0.01560546875,0.07697591145833334,True,0.9955555555555555,0.9959183673469387,976,980,0.9959183673469387,True
data/pallet/raw_data/outside/capturepallet11/rgb/1778654498469530624.png,capturepallet11,day,0.9130110677083333,0.995380859375,0.004619140625,0.08236979166666666,True,0.9968905472636815,0.9970605526161082,1696,1701,0.9970605526161082,True
data/pallet/raw_data/outside/capturepallet11/rgb/1778654498536765696.png,capturepallet11,day,0.893427734375,0.989384765625,0.010615234375,0.09595703125,True,0.993719806763285,0.9936492427943332,2034,2047,0.9936492427943332,True
data/pallet/raw_data/outside/capturepallet11/rgb/1778654498603780608.png,capturepallet11,day,0.9045735677083333,0.993017578125,0.006982421875,0.08844401041666666,True,0.9932367149758454,0.992269213278763,2182,2199,0.992269213278763,True
data/pallet/raw_data/outside/capturepallet11/rgb/1778654498671045120.png,capturepallet11,day,0.896455078125,0.9902473958333333,0.009752604166666666,0.09379231770833334,True,0.9972329828444937,0.994647201946472,2044,2055,0.994647201946472,True
data/pallet/raw_data/outside/capturepallet11/rgb/1778654498738169856.png,capturepallet11,day,0.9130826822916667,0.9965364583333334,0.003463541666666667,0.08345377604166666,True,0.9985714285714286,0.9985549132947977,2073,2076,0.9985549132947977,True
data/pallet/raw_data/outside/capturepallet11/rgb/1778654498805257984.png,capturepallet11,day,0.9093326822916666,0.9967643229166666,0.0032356770833333335,0.087431640625,True,0.9994934143870314,0.9995085995085995,2034,2035,0.9995085995085995,True
data/pallet/raw_data/outside/capturepallet11/rgb/1778654498872462848.png,capturepallet11,day,0.9075162760416666,0.9968717447916666,0.003128255208333333,0.08935546875,True,0.9872557349192863,0.9857142857142858,1035,1050,0.9857142857142858,True
data/pallet/raw_data/outside/capturepallet11/rgb/1778654498939760640.png,capturepallet11,day,0.9183919270833333,0.9962076822916667,0.0037923177083333333,0.07781575520833334,True,0.9905437352245863,0.9901136925358379,2003,2023,0.9901136925358379,True
data/pallet/raw_data/outside/capturepallet11/rgb/1778654498973413120.png,capturepallet11,day,0.9098307291666666,0.9958984375,0.0041015625,0.08606770833333334,True,0.9994861253854059,0.998992950654582,1984,1986,0.998992950654582,True
data/pallet/raw_data/outside/capturepallet11/rgb/1778654499040774144.png,capturepallet11,day,0.90615234375,0.9854915364583333,0.014508463541666667,0.07933919270833334,True,0.9979445015416238,0.9979859013091642,1982,1986,0.9979859013091642,True
data/pallet/raw_data/outside/capturepallet11/rgb/1778654499107743232.png,capturepallet11,day,0.8993033854166667,0.9936848958333333,0.006315104166666667,0.09438151041666666,True,0.9978021978021978,0.9979929754139488,1989,1993,0.9979929754139488,True
data/pallet/raw_data/outside/capturepallet11/rgb/1778654499174871040.png,capturepallet11,day,0.919228515625,0.9943489583333334,0.005651041666666667,0.07512044270833333,True,0.992326139088729,0.992326139088729,2069,2085,0.992326139088729,True
data/pallet/raw_data/outside/capturepallet11/rgb/1778654499242167296.png,capturepallet11,day,0.905830078125,0.9913020833333334,0.008697916666666666,0.08547200520833333,True,0.9991071428571429,0.9958088851634534,1188,1193,0.9958088851634534,True
data/pallet/raw_data/outside/capturepallet11/rgb/1778654499309534464.png,capturepallet11,day,0.880439453125,0.9850455729166666,0.014954427083333333,0.10460611979166666,True,0.9972527472527473,0.9993328885923949,1498,1499,0.9993328885923949,True
data/pallet/raw_data/outside/capturepallet11/rgb/1778654499376609536.png,capturepallet11,day,0.9031119791666666,0.9923274739583333,0.0076725260416666665,0.08921549479166667,True,0.9989821882951654,0.9989934574735783,1985,1987,0.9989934574735783,True
data/pallet/raw_data/outside/capturepallet11/rgb/1778654499443742976.png,capturepallet11,day,0.9053125,0.9939095052083333,0.006090494791666666,0.08859700520833333,True,0.9987129987129987,0.9966821499668215,1502,1507,0.9966821499668215,True
data/pallet/raw_data/outside/capturepallet11/rgb/1778654499510772736.png,capturepallet11,day,0.9132584635416666,0.9932845052083333,0.006715494791666667,0.08002604166666667,True,0.9982905982905983,0.9983193277310924,1188,1190,0.9983193277310924,True
data/pallet/raw_data/outside/capturepallet11/rgb/1778654499577899776.png,capturepallet11,day,0.9111490885416667,0.994150390625,0.005849609375,0.08300130208333334,True,1.0,0.9991532599491956,1180,1181,0.9991532599491956,True
data/pallet/raw_data/outside/capturepallet11/rgb/1778654499645124608.png,capturepallet11,day,0.901982421875,0.99275390625,0.00724609375,0.090771484375,True,1.0,1.0,1141,1141,1.0,True
data/pallet/raw_data/outside/capturepallet11/rgb/1778654499678867200.png,capturepallet11,day,0.902353515625,0.993828125,0.006171875,0.091474609375,True,0.9991289198606271,0.9938217122683142,1126,1133,0.9938217122683142,True
data/pallet/raw_data/outside/capturepallet11/rgb/1778654499745948416.png,capturepallet11,day,0.908798828125,0.9934895833333334,0.006510416666666667,0.08469075520833333,True,0.9952941176470588,0.994750656167979,1137,1143,0.994750656167979,True
data/pallet/raw_data/outside/capturepallet11/rgb/1778654499813125376.png,capturepallet11,day,0.8950520833333333,0.9929296875,0.0070703125,0.09787760416666667,True,0.9976470588235294,0.9974137931034482,1157,1160,0.9974137931034482,True
data/pallet/raw_data/outside/capturepallet11/rgb/1778654499880292096.png,capturepallet11,day,0.90685546875,0.9900748697916667,0.009925130208333334,0.08321940104166667,True,0.9951923076923077,0.9983050847457627,1767,1770,0.9983050847457627,True
data/pallet/raw_data/outside/capturepallet11/rgb/1778654499947614720.png,capturepallet11,day,0.9160384114583333,0.99443359375,0.00556640625,0.07839518229166667,True,1.0,1.0,1239,1239,1.0,True
data/pallet/raw_data/outside/capturepallet11/rgb/1778654500014783232.png,capturepallet11,day,0.9220833333333334,0.9925846354166666,0.007415364583333334,0.07050130208333333,True,0.9990196078431373,1.0,1060,1060,1.0,True
data/pallet/raw_data/outside/capturepallet11/rgb/1778654500081969152.png,capturepallet11,day,0.9116145833333333,0.9954752604166667,0.004524739583333334,0.08386067708333333,True,0.9974789915966387,0.9974226804123711,1161,1164,0.9974226804123711,True
data/pallet/raw_data/outside/capturepallet11/rgb/1778654500149151488.png,capturepallet11,day,0.9170345052083333,0.9929622395833333,0.007037760416666667,0.075927734375,True,0.9853896103896104,0.9852941176470589,1206,1224,0.9852941176470589,True
data/pallet/raw_data/outside/capturepallet11/rgb/1778654500216384000.png,capturepallet11,day,0.9273763020833333,0.9883040364583333,0.011695963541666667,0.060927734375,True,1.0,1.0,1325,1325,1.0,True
data/pallet/raw_data/outside/capturepallet11/rgb/1778654500283552512.png,capturepallet11,day,0.918310546875,0.992978515625,0.007021484375,0.07466796875,True,0.9986254295532646,0.9985663082437276,1393,1395,0.9985663082437276,True
data/pallet/raw_data/outside/capturepallet11/rgb/1778654500350672896.png,capturepallet11,day,0.928115234375,0.9934342447916666,0.006565755208333334,0.06531901041666667,True,1.0,0.997254632807138,1453,1457,0.997254632807138,True
data/pallet/raw_data/outside/capturepallet11/rgb/1778654500417804800.png,capturepallet11,day,0.9052018229166666,0.990068359375,0.009931640625,0.08486653645833334,True,0.997872340425532,0.9977989728539985,1360,1363,0.9977989728539985,True
data/pallet/raw_data/outside/capturepallet11/rgb/1778654500485111552.png,capturepallet11,day,0.9149446614583333,0.9889713541666667,0.011028645833333333,0.07402669270833333,True,1.0,0.9979619565217391,1469,1472,0.9979619565217391,True
data/pallet/raw_data/outside/capturepallet11/rgb/1778654500552320768.png,capturepallet11,day,0.9297526041666667,0.9917415364583333,0.008258463541666667,0.06198893229166667,True,0.9992753623188406,0.9992592592592593,1349,1350,0.9992592592592593,True
data/pallet/raw_data/outside/capturepallet11/rgb/1778654500619785728.png,capturepallet11,day,0.9182584635416666,0.985419921875,0.014580078125,0.06716145833333333,True,1.0,1.0,1481,1481,1.0,True
data/pallet/raw_data/outside/capturepallet11/rgb/1778654500686744320.png,capturepallet11,day,0.92943359375,0.991962890625,0.008037109375,0.062529296875,True,1.0,1.0,1472,1472,1.0,True
data/pallet/raw_data/outside/capturepallet11/rgb/1778654500754086400.png,capturepallet11,day,0.9222493489583333,0.9914127604166667,0.008587239583333333,0.06916341145833334,True,1.0,1.0,1504,1504,1.0,True
data/pallet/raw_data/outside/capturepallet11/rgb/1778654500787467264.png,capturepallet11,day,0.9186979166666667,0.993125,0.006875,0.07442708333333334,True,1.0,0.997254632807138,1453,1457,0.997254632807138,True
data/pallet/raw_data/outside/capturepallet11/rgb/1778654500888304128.png,capturepallet11,day,0.9232682291666666,0.993466796875,0.006533203125,0.07019856770833334,True,0.9993351063829787,0.9993136582017845,1456,1457,0.9993136582017845,True
data/pallet/raw_data/outside/capturepallet11/rgb/1778654500921939200.png,capturepallet11,day,0.9211686197916666,0.9881022135416667,0.011897786458333334,0.06693359375,True,1.0,1.0,1504,1504,1.0,True
data/pallet/raw_data/outside/capturepallet11/rgb/1778654501022740480.png,capturepallet11,day,0.9241048177083333,0.9938704427083334,0.006129557291666666,0.069765625,True,0.9993421052631579,0.9961315280464217,1545,1551,0.9961315280464217,True
data/pallet/raw_data/outside/capturepallet11/rgb/1778654501056249344.png,capturepallet11,day,0.9293782552083333,0.9925716145833333,0.0074283854166666665,0.063193359375,True,0.9992982456140351,0.9993351063829787,1503,1504,0.9993351063829787,True
data/pallet/raw_data/outside/capturepallet11/rgb/1778654501123623168.png,capturepallet11,day,0.9184309895833334,0.9905989583333333,0.009401041666666667,0.07216796875,True,0.999290780141844,0.9993351063829787,1503,1504,0.9993351063829787,True
data/pallet/raw_data/outside/capturepallet11/rgb/1778654501191059968.png,capturepallet11,day,0.9303580729166666,0.99328125,0.00671875,0.06292317708333334,True,0.9964912280701754,0.9967105263157895,1515,1520,0.9967105263157895,True
data/pallet/raw_data/outside/capturepallet11/rgb/1778654501257903872.png,capturepallet11,day,0.9247981770833333,0.9961295572916666,0.0038704427083333334,0.07133138020833334,True,1.0,0.9992816091954023,1391,1392,0.9992816091954023,True
data/pallet/raw_data/outside/capturepallet11/rgb/1778654501325309184.png,capturepallet11,day,0.9100846354166666,0.9929036458333333,0.007096354166666667,0.08281901041666667,True,1.0,0.9968769519050593,1596,1601,0.9968769519050593,True
data/pallet/raw_data/outside/capturepallet11/rgb/1778654501392398592.png,capturepallet11,day,0.9305078125,0.99419921875,0.00580078125,0.06369140625,True,0.9963662790697675,0.9930769230769231,1291,1300,0.9930769230769231,True
data/pallet/raw_data/outside/capturepallet11/rgb/1778654501459479296.png,capturepallet11,day,0.9158430989583334,0.9958821614583333,0.004117838541666667,0.0800390625,True,0.9991394148020654,0.995571302037201,1124,1129,0.995571302037201,True
data/pallet/raw_data/outside/capturepallet11/rgb/1778654501526650880.png,capturepallet11,day,0.9169401041666667,0.9962923177083334,0.003707682291666667,0.07935221354166666,True,1.0,0.9947643979057592,1140,1146,0.9947643979057592,True
data/pallet/raw_data/outside/capturepallet11/rgb/1778654501593778432.png,capturepallet11,day,0.8959147135416666,0.99005859375,0.00994140625,0.09414388020833334,True,0.9987577639751553,1.0,1484,1484,1.0,True
data/pallet/raw_data/outside/capturepallet11/rgb/1778654501627481600.png,capturepallet11,day,0.91236328125,0.9961067708333333,0.003893229166666667,0.08374348958333333,True,0.9955555555555555,0.9953198127925117,1914,1923,0.9953198127925117,True
data/pallet/raw_data/outside/capturepallet11/rgb/1778654501694783744.png,capturepallet11,day,0.9011979166666667,0.9911263020833333,0.008873697916666666,0.08992838541666667,True,0.998972250770812,0.9989706639217705,1941,1943,0.9989706639217705,True
data/pallet/raw_data/outside/capturepallet11/rgb/1778654501761873920.png,capturepallet11,day,0.9045247395833333,0.9928287760416666,0.007171223958333334,0.08830403645833333,True,0.9918478260869565,0.992326139088729,2069,2085,0.992326139088729,True
data/pallet/raw_data/outside/capturepallet11/rgb/1778654501829010432.png,capturepallet11,day,0.9103450520833334,0.9890201822916667,0.010979817708333334,0.07867513020833333,True,0.9964285714285714,0.9964610717896866,1971,1978,0.9964610717896866,True
data/pallet/raw_data/outside/capturepallet11/rgb/1778654501896243968.png,capturepallet11,day,0.90791015625,0.99466796875,0.00533203125,0.0867578125,True,0.9981087470449173,0.99822695035461,2252,2256,0.99822695035461,True
data/pallet/raw_data/outside/capturepallet11/rgb/1778654501963388928.png,capturepallet11,day,0.9055208333333333,0.990791015625,0.009208984375,0.08527018229166666,True,0.9938775510204082,0.9942446043165467,2073,2085,0.9942446043165467,True
data/pallet/raw_data/outside/capturepallet11/rgb/1778654502030674176.png,capturepallet11,day,0.9020149739583333,0.993896484375,0.006103515625,0.09188151041666667,True,0.9974120082815735,0.9974823766364552,1981,1986,0.9974823766364552,True
data/pallet/raw_data/outside/capturepallet11/rgb/1778654502097743104.png,capturepallet11,day,0.9081608072916667,0.99421875,0.00578125,0.08605794270833333,True,0.9928571428571429,0.9932712215320911,1919,1932,0.9932712215320911,True
data/pallet/raw_data/outside/capturepallet11/rgb/1778654502165046784.png,capturepallet11,day,0.9127994791666667,0.9887239583333334,0.011276041666666667,0.07592447916666667,True,0.9980952380952381,0.9980952380952381,2096,2100,0.9980952380952381,True
data/pallet/raw_data/outside/capturepallet11/rgb/1778654502232124160.png,capturepallet11,day,0.904150390625,0.993837890625,0.006162109375,0.0896875,True,0.9984472049689441,0.9985236220472441,2029,2032,0.9985236220472441,True
data/pallet/raw_data/outside/capturepallet11/rgb/1778654502299417344.png,capturepallet11,day,0.88958984375,0.9893001302083333,0.010699869791666667,0.09971028645833334,True,0.9984008528784648,0.9983570646221248,1823,1826,0.9983570646221248,True
data/pallet/raw_data/outside/capturepallet11/rgb/1778654502366743808.png,capturepallet11,day,0.9063151041666667,0.9896744791666666,0.010325520833333334,0.083359375,True,0.992022792022792,0.9927385892116183,1914,1928,0.9927385892116183,True
data/pallet/raw_data/outside/capturepallet11/rgb/1778654502433957888.png,capturepallet11,day,0.890478515625,0.9921061197916666,0.007893880208333334,0.10162760416666666,True,0.9825517993456925,0.9830238726790451,1853,1885,0.9830238726790451,True
data/pallet/raw_data/outside/capturepallet11/rgb/1778654502500967168.png,capturepallet11,day,0.8942545572916667,0.9947721354166666,0.0052278645833333335,0.100517578125,True,1.0,1.0,786,786,1.0,True
data/pallet/raw_data/outside/capturepallet11/rgb/1778654502568313344.png,capturepallet11,day,0.9006022135416667,0.99611328125,0.00388671875,0.09551106770833333,True,0.9994259471871412,0.9994334277620397,1764,1765,0.9994334277620397,True
data/pallet/raw_data/outside/capturepallet11/rgb/1778654502635574016.png,capturepallet11,day,0.8950325520833333,0.993544921875,0.006455078125,0.09851236979166667,True,0.9923664122137404,0.9921875,1778,1792,0.9921875,True
data/pallet/raw_data/outside/capturepallet11/rgb/1778654502702680832.png,capturepallet11,day,0.883701171875,0.9955826822916667,0.004417317708333333,0.11188151041666666,True,0.9938132733408324,0.9934640522875817,1672,1683,0.9934640522875817,True
data/pallet/raw_data/outside/capturepallet11/rgb/1778654502769734912.png,capturepallet11,day,0.9041796875,0.9960546875,0.0039453125,0.091875,True,0.9594202898550724,0.9563233376792699,1467,1534,0.9563233376792699,True
data/pallet/raw_data/outside/capturepallet11/rgb/1778654502836921600.png,capturepallet11,day,0.87609375,0.9942122395833334,0.005787760416666667,0.11811848958333333,True,0.9925714285714285,0.9925714285714285,1737,1750,0.9925714285714285,True
data/pallet/raw_data/outside/capturepallet11/rgb/1778654502870694912.png,capturepallet11,day,0.8857389322916667,0.995888671875,0.004111328125,0.11014973958333334,True,0.9668571428571429,0.9721563981042654,1641,1688,0.9721563981042654,True
data/pallet/raw_data/outside/capturepallet11/rgb/1778654502937792512.png,capturepallet11,day,0.878251953125,0.99494140625,0.00505859375,0.116689453125,True,1.0,1.0,907,907,1.0,True
data/pallet/raw_data/outside/capturepallet11/rgb/1778654503038531584.png,capturepallet11,day,0.8783984375,0.9957747395833333,0.004225260416666667,0.11737630208333333,True,1.0,0.9959514170040485,984,988,0.9959514170040485,True
data/pallet/raw_data/outside/capturepallet11/rgb/1778654503105925632.png,capturepallet11,day,0.8665787760416667,0.9940266927083333,0.005973307291666666,0.12744791666666666,True,1.0,1.0,738,738,1.0,True
data/pallet/raw_data/outside/capturepallet11/rgb/1778654503139408640.png,capturepallet11,day,0.8798046875,0.99552734375,0.00447265625,0.11572265625,True,1.0,1.0,650,650,1.0,True
data/pallet/raw_data/outside/capturepallet11/rgb/1778654503206493952.png,capturepallet11,day,0.8725618489583333,0.9958170572916667,0.004182942708333333,0.12325520833333334,True,1.0,1.0,800,800,1.0,True
data/pallet/raw_data/outside/capturepallet11/rgb/1778654503274281984.png,capturepallet11,day,0.8763346354166667,0.9895572916666666,0.010442708333333333,0.11322265625,True,0.9981884057971014,0.9984662576687117,651,652,0.9984662576687117,True
data/pallet/raw_data/outside/capturepallet11/rgb/1778654503341191936.png,capturepallet11,day,0.864453125,0.987548828125,0.012451171875,0.123095703125,True,1.0,1.0,780,780,1.0,True
data/pallet/raw_data/outside/capturepallet11/rgb/1778654503408180480.png,capturepallet11,day,0.868193359375,0.99298828125,0.00701171875,0.124794921875,True,0.9974747474747475,1.0,763,763,1.0,True
data/pallet/raw_data/outside/capturepallet11/rgb/1778654503475298304.png,capturepallet11,day,0.8590983072916667,0.9876302083333334,0.012369791666666666,0.12853190104166667,True,1.0,1.0,703,703,1.0,True
data/pallet/raw_data/outside/capturepallet11/rgb/1778654503542575360.png,capturepallet11,day,0.8624153645833333,0.9918522135416666,0.008147786458333334,0.12943684895833332,True,1.0,1.0,645,645,1.0,True
data/pallet/raw_data/outside/capturepallet11/rgb/1778654503576048128.png,capturepallet11,day,0.86111328125,0.9894270833333333,0.010572916666666666,0.12831380208333334,True,1.0,1.0,621,621,1.0,True
data/pallet/raw_data/outside/capturepallet11/rgb/1778654503643225088.png,capturepallet11,day,0.8692057291666667,0.9944270833333333,0.005572916666666667,0.12522135416666666,True,1.0,0.9982578397212544,573,574,0.9982578397212544,True
data/pallet/raw_data/outside/capturepallet11/rgb/1778654503710384640.png,capturepallet11,day,0.846240234375,0.9947102864583334,0.005289713541666667,0.14847005208333333,True,0.9982638888888888,0.9985915492957746,709,710,0.9985915492957746,True
data/pallet/raw_data/outside/capturepallet11/rgb/1778654503777895936.png,capturepallet11,day,0.8572786458333334,0.9952962239583333,0.0047037760416666664,0.138017578125,True,1.0,1.0,770,770,1.0,True
data/pallet/raw_data/outside/capturepallet11/rgb/1778654503945791744.png,capturepallet11,day,0.86197265625,0.9880110677083334,0.011988932291666667,0.12603841145833333,True,1.0,1.0,710,710,1.0,True
data/pallet/raw_data/outside/capturepallet11/rgb/1778654504046266112.png,capturepallet11,day,0.8481380208333333,0.9923990885416667,0.007600911458333333,0.14426106770833333,True,1.0,1.0,591,591,1.0,True
data/pallet/raw_data/outside/capturepallet11/rgb/1778654504113578496.png,capturepallet11,day,0.8430338541666667,0.9928450520833333,0.007154947916666667,0.14981119791666667,True,1.0,1.0,585,585,1.0,True
data/pallet/raw_data/outside/capturepallet11/rgb/1778654504180863488.png,capturepallet11,day,0.866376953125,0.9936295572916667,0.006370442708333333,0.12725260416666667,True,1.0,1.0,681,681,1.0,True
data/pallet/raw_data/outside/capturepallet11/rgb/1778654504248001792.png,capturepallet11,day,0.8489290364583333,0.9919661458333333,0.008033854166666667,0.143037109375,True,1.0,0.9969040247678018,644,646,0.9969040247678018,True
data/pallet/raw_data/outside/capturepallet11/rgb/1778654504281575936.png,capturepallet11,day,0.8369954427083334,0.990498046875,0.009501953125,0.15350260416666667,True,1.0,1.0,849,849,1.0,True
data/pallet/raw_data/outside/capturepallet11/rgb/1778654504348751616.png,capturepallet11,day,0.8333072916666666,0.9903841145833333,0.009615885416666666,0.15707682291666666,True,1.0,1.0,540,540,1.0,True
data/pallet/raw_data/outside/capturepallet11/rgb/1778654504415989248.png,capturepallet11,day,0.8358138020833333,0.9921907552083333,0.007809244791666667,0.156376953125,True,1.0,1.0,750,750,1.0,True
data/pallet/raw_data/outside/capturepallet11/rgb/1778654504483090176.png,capturepallet11,day,0.8499348958333334,0.9953190104166667,0.004680989583333333,0.14538411458333333,True,1.0,0.9970326409495549,672,674,0.9970326409495549,True
data/pallet/raw_data/outside/capturepallet11/rgb/1778654504550334464.png,capturepallet11,day,0.8322623697916667,0.995263671875,0.004736328125,0.16300130208333333,True,1.0,1.0,693,693,1.0,True
data/pallet/raw_data/outside/capturepallet11/rgb/1778654504617606400.png,capturepallet11,day,0.8240201822916666,0.9905013020833333,0.009498697916666667,0.16648111979166666,True,1.0,1.0,661,661,1.0,True
data/pallet/raw_data/outside/capturepallet11/rgb/1778654504684724992.png,capturepallet11,day,0.8246256510416666,0.9935221354166667,0.006477864583333334,0.168896484375,True,0.9932432432432432,0.9945054945054945,724,728,0.9945054945054945,True
data/pallet/raw_data/outside/capturepallet11/rgb/1778654504751999744.png,capturepallet11,day,0.8113118489583333,0.9906901041666667,0.009309895833333333,0.17937825520833334,True,1.0,1.0,714,714,1.0,True
data/pallet/raw_data/outside/capturepallet11/rgb/1778654504819300352.png,capturepallet11,day,0.83330078125,0.9923014322916667,0.007698567708333334,0.15900065104166666,True,1.0,1.0,717,717,1.0,True
data/pallet/raw_data/outside/capturepallet11/rgb/1778654504886235904.png,capturepallet11,day,0.8412141927083333,0.9912760416666667,0.008723958333333334,0.15006184895833333,True,1.0,1.0,823,823,1.0,True
data/pallet/raw_data/outside/capturepallet11/rgb/1778654504953550336.png,capturepallet11,day,0.82681640625,0.993896484375,0.006103515625,0.167080078125,True,0.9483204134366925,0.9580272822665268,913,953,0.9580272822665268,True
data/pallet/raw_data/outside/capturepallet11/rgb/1778654505020744704.png,capturepallet11,day,0.8219694010416667,0.98927734375,0.01072265625,0.16730794270833332,True,1.0,1.0,748,748,1.0,True
data/pallet/raw_data/outside/capturepallet11/rgb/1778654505087899904.png,capturepallet11,day,0.82728515625,0.9923111979166667,0.007688802083333333,0.16502604166666668,True,1.0,1.0,808,808,1.0,True
data/pallet/raw_data/outside/capturepallet11/rgb/1778654505155205120.png,capturepallet11,day,0.8315364583333333,0.9934114583333333,0.006588541666666667,0.161875,True,1.0,1.0,793,793,1.0,True
data/pallet/raw_data/outside/capturepallet11/rgb/1778654505222446848.png,capturepallet11,day,0.8154296875,0.9861653645833334,0.013834635416666666,0.17073567708333334,True,1.0,1.0,791,791,1.0,True
data/pallet/raw_data/outside/capturepallet11/rgb/1778654505289680896.png,capturepallet11,day,0.8222298177083334,0.991083984375,0.008916015625,0.16885416666666667,True,0.9974358974358974,0.9952095808383233,831,835,0.9952095808383233,True
data/pallet/raw_data/outside/capturepallet11/rgb/1778654505356763136.png,capturepallet11,day,0.8192903645833334,0.990400390625,0.009599609375,0.17111002604166667,True,1.0,1.0,719,719,1.0,True
data/pallet/raw_data/outside/capturepallet11/rgb/1778654505491385600.png,capturepallet11,day,0.8364192708333333,0.9870247395833334,0.012975260416666667,0.15060546875,True,0.9987080103359173,0.9989669421487604,967,968,0.9989669421487604,True
data/pallet/raw_data/outside/capturepallet11/rgb/1778654505558278400.png,capturepallet11,day,0.8149283854166667,0.989501953125,0.010498046875,0.17457356770833332,True,1.0,1.0,833,833,1.0,True
data/pallet/raw_data/outside/capturepallet11/rgb/1778654505591815424.png,capturepallet11,day,0.8218489583333334,0.9896907552083334,0.010309244791666667,0.167841796875,True,0.9984779299847792,0.9983443708609272,603,604,0.9983443708609272,True
data/pallet/raw_data/outside/capturepallet11/rgb/1778654505659240448.png,capturepallet11,day,0.82328125,0.9849088541666666,0.015091145833333333,0.16162760416666666,True,1.0,1.0,1035,1035,1.0,True
data/pallet/raw_data/outside/capturepallet11/rgb/1778654505726288896.png,capturepallet11,day,0.82828125,0.9921061197916666,0.007893880208333334,0.16382486979166666,True,1.0,1.0,840,840,1.0,True
data/pallet/raw_data/outside/capturepallet11/rgb/1778654505793696256.png,capturepallet11,day,0.817822265625,0.9905598958333334,0.009440104166666666,0.17273763020833333,True,0.9974683544303797,0.9953542392566783,857,861,0.9953542392566783,True
data/pallet/raw_data/outside/capturepallet11/rgb/1778654505860513792.png,capturepallet11,day,0.835400390625,0.9924446614583333,0.007555338541666666,0.15704427083333333,True,1.0,1.0,1008,1008,1.0,True
data/pallet/raw_data/outside/capturepallet11/rgb/1778654505927996416.png,capturepallet11,day,0.8230533854166666,0.9915852864583333,0.008414713541666667,0.16853190104166665,True,0.9780361757105943,0.9825997952917093,960,977,0.9825997952917093,True
data/pallet/raw_data/outside/capturepallet11/rgb/1778654506028862208.png,capturepallet11,day,0.8196419270833334,0.9912467447916666,0.008753255208333333,0.17160481770833333,True,1.0,0.9973856209150327,763,765,0.9973856209150327,True
data/pallet/raw_data/outside/capturepallet11/rgb/1778654506196842752.png,capturepallet11,day,0.803623046875,0.9917578125,0.0082421875,0.188134765625,True,0.9931818181818182,0.9941860465116279,1026,1032,0.9941860465116279,True
data/pallet/raw_data/outside/capturepallet11/rgb/1778654506331350016.png,capturepallet11,day,0.8433170572916666,0.9920377604166667,0.007962239583333334,0.148720703125,True,0.9988636363636364,0.9990636704119851,1067,1068,0.9990636704119851,True
data/pallet/raw_data/outside/capturepallet11/rgb/1778654506432283648.png,capturepallet11,day,0.819453125,0.9842220052083334,0.015777994791666666,0.16476888020833333,True,0.9988505747126437,0.999,999,1000,0.999,True
data/pallet/raw_data/outside/capturepallet11/rgb/1778654506532951808.png,capturepallet11,day,0.823369140625,0.9885286458333333,0.011471354166666666,0.16515950520833333,True,1.0,0.9989350372736954,938,939,0.9989350372736954,True
data/pallet/raw_data/outside/capturepallet11/rgb/1778654506633712896.png,capturepallet11,day,0.8326106770833334,0.9921256510416666,0.007874348958333333,0.15951497395833333,True,0.9948717948717949,0.994729907773386,755,759,0.994729907773386,True
data/pallet/raw_data/outside/capturepallet11/rgb/1778654506700600832.png,capturepallet11,day,0.8204947916666666,0.986298828125,0.013701171875,0.16580403645833333,True,0.9978021978021978,0.9981684981684982,1090,1092,0.9981684981684982,True
data/pallet/raw_data/outside/capturepallet11/rgb/1778654506734259200.png,capturepallet11,day,0.8443782552083333,0.9906022135416667,0.009397786458333333,0.14622395833333332,True,0.9974358974358974,0.9978354978354979,1383,1386,0.9978354978354979,True
data/pallet/raw_data/outside/capturepallet11/rgb/1778654506801495808.png,capturepallet11,day,0.8139192708333334,0.9921842447916667,0.007815755208333334,0.17826497395833332,True,0.9789915966386554,0.9817073170731707,483,492,0.9817073170731707,True
data/pallet/raw_data/outside/capturepallet11/rgb/1778654506868664320.png,capturepallet11,day,0.8122819010416666,0.9913053385416667,0.008694661458333334,0.1790234375,True,0.9922222222222222,0.9886363636363636,1131,1144,0.9886363636363636,True
data/pallet/raw_data/outside/capturepallet11/rgb/1778654506935708416.png,capturepallet11,day,0.8085384114583334,0.9817805989583334,0.018219401041666666,0.1732421875,True,0.9974570883661793,0.9981971153846154,1661,1664,0.9981971153846154,True
data/pallet/raw_data/outside/capturepallet11/rgb/1778654507003062528.png,capturepallet11,day,0.8475325520833333,0.9890201822916667,0.010979817708333334,0.14148763020833333,True,0.9944903581267218,0.9955499046408137,1566,1573,0.9955499046408137,True
data/pallet/raw_data/outside/capturepallet11/rgb/1778654507070368512.png,capturepallet11,day,0.8197721354166667,0.982958984375,0.017041015625,0.16318684895833332,True,0.9915254237288136,0.9927710843373494,412,415,0.9927710843373494,True
data/pallet/raw_data/outside/capturepallet11/rgb/1778654507137300224.png,capturepallet11,day,0.816533203125,0.9841438802083333,0.015856119791666668,0.16761067708333333,True,0.997086247086247,0.9989567031820553,1915,1917,0.9989567031820553,True
data/pallet/raw_data/outside/capturepallet11/rgb/1778654507204448768.png,capturepallet11,day,0.8395833333333333,0.9875553385416667,0.012444661458333334,0.14797200520833334,True,0.9962476547842402,0.9968253968253968,1570,1575,0.9968253968253968,True
data/pallet/raw_data/outside/capturepallet11/rgb/1778654507238262528.png,capturepallet11,day,0.81513671875,0.98689453125,0.01310546875,0.1717578125,True,0.9939516129032258,0.9946172248803827,1663,1672,0.9946172248803827,True
data/pallet/raw_data/outside/capturepallet11/rgb/1778654507305751296.png,capturepallet11,day,0.8337630208333333,0.98677734375,0.01322265625,0.15301432291666667,True,0.9954218443427076,0.9971542401821286,1752,1757,0.9971542401821286,True
data/pallet/raw_data/outside/capturepallet11/rgb/1778654507372556032.png,capturepallet11,day,0.8271614583333333,0.983720703125,0.016279296875,0.15655924479166666,True,0.9893491124260355,0.9949494949494949,1773,1782,0.9949494949494949,True
data/pallet/raw_data/outside/capturepallet11/rgb/1778654507507246848.png,capturepallet11,day,0.8217740885416667,0.9888346354166667,0.011165364583333334,0.167060546875,True,0.9990167158308751,0.9992690058479532,1367,1368,0.9992690058479532,True
data/pallet/raw_data/outside/capturepallet11/rgb/1778654507675436800.png,capturepallet11,day,0.845400390625,0.9853483072916667,0.014651692708333334,0.13994791666666667,True,0.9982905982905983,0.998639455782313,1468,1470,0.998639455782313,True
data/pallet/raw_data/outside/capturepallet11/rgb/1778654507809462272.png,capturepallet11,day,0.8375260416666667,0.9876334635416667,0.012366536458333334,0.150107421875,True,0.996,0.9964189794091316,1113,1117,0.9964189794091316,True
data/pallet/raw_data/outside/capturepallet11/rgb/1778654507910252032.png,capturepallet11,day,0.8230208333333333,0.9858268229166667,0.014173177083333334,0.16280598958333334,True,1.0,1.0,531,531,1.0,True
data/pallet/raw_data/outside/capturepallet11/rgb/1778654508044625408.png,capturepallet11,day,0.8424544270833333,0.9848795572916667,0.015120442708333333,0.14242513020833333,True,1.0,1.0,1040,1040,1.0,True
data/pallet/raw_data/outside/capturepallet11/rgb/1778654508112013312.png,capturepallet11,day,0.8512890625,0.986513671875,0.013486328125,0.135224609375,True,0.996900826446281,0.9970238095238095,1005,1008,0.9970238095238095,True
data/pallet/raw_data/outside/capturepallet11/rgb/1778654508178780416.png,capturepallet11,day,0.82115234375,0.9834440104166666,0.016555989583333333,0.16229166666666667,True,0.9896907216494846,0.9903339191564148,1127,1138,0.9903339191564148,True
data/pallet/raw_data/outside/capturepallet11/rgb/1778654508246093824.png,capturepallet11,day,0.8420149739583334,0.9844694010416667,0.015530598958333334,0.14245442708333333,True,0.9957912457912458,0.9959546925566343,1231,1236,0.9959546925566343,True
data/pallet/raw_data/outside/capturepallet11/rgb/1778654508313001216.png,capturepallet11,day,0.8368229166666666,0.979375,0.020625,0.14255208333333333,True,1.0,1.0,1038,1038,1.0,True
data/pallet/raw_data/outside/capturepallet11/rgb/1778654508481657344.png,capturepallet11,day,0.8506868489583334,0.9822298177083333,0.017770182291666665,0.13154296875,True,0.9990842490842491,0.9990636704119851,1067,1068,0.9990636704119851,True
data/pallet/raw_data/outside/capturepallet11/rgb/1778654508581954048.png,capturepallet11,day,0.8305436197916667,0.9831575520833333,0.016842447916666666,0.15261393229166667,True,0.9905956112852664,0.991106719367589,1003,1012,0.991106719367589,True
data/pallet/raw_data/outside/capturepallet11/rgb/1778654508649168640.png,capturepallet11,day,0.8410611979166667,0.9792513020833333,0.020748697916666666,0.13819010416666666,True,0.9935064935064936,0.9934569247546347,911,917,0.9934569247546347,True
data/pallet/raw_data/outside/capturepallet11/rgb/1778654508716310784.png,capturepallet11,day,0.8449739583333333,0.9835774739583333,0.016422526041666666,0.138603515625,True,0.9901423877327492,0.9904559915164369,934,943,0.9904559915164369,True
data/pallet/raw_data/outside/capturepallet11/rgb/1778654508783601664.png,capturepallet11,day,0.83546875,0.981591796875,0.018408203125,0.146123046875,True,1.0,1.0,882,882,1.0,True
data/pallet/raw_data/outside/capturepallet11/rgb/1778654508850925568.png,capturepallet11,day,0.8544173177083333,0.9850455729166666,0.014954427083333333,0.13062825520833332,True,0.9956709956709957,0.9959100204498977,974,978,0.9959100204498977,True
data/pallet/raw_data/outside/capturepallet11/rgb/1778654508917816320.png,capturepallet11,day,0.8347688802083333,0.9762044270833333,0.023795572916666667,0.141435546875,True,1.0,1.0,1026,1026,1.0,True
data/pallet/raw_data/outside/capturepallet11/rgb/1778654508985466112.png,capturepallet11,day,0.842119140625,0.9771907552083333,0.022809244791666666,0.13507161458333333,True,1.0,1.0,974,974,1.0,True
data/pallet/raw_data/outside/capturepallet11/rgb/1778654509120128768.png,capturepallet11,day,0.853515625,0.9818619791666666,0.018138020833333334,0.12834635416666668,True,0.9989177489177489,0.9989517819706499,953,954,0.9989517819706499,True
data/pallet/raw_data/outside/capturepallet11/rgb/1778654509254208768.png,capturepallet11,day,0.8357845052083334,0.972333984375,0.027666015625,0.13654947916666665,True,0.9948717948717949,0.9910714285714286,444,448,0.9910714285714286,True
data/pallet/raw_data/outside/capturepallet11/rgb/1778654509388630784.png,capturepallet11,day,0.8291796875,0.981435546875,0.018564453125,0.152255859375,True,0.9990421455938697,0.9989429175475687,945,946,0.9989429175475687,True
data/pallet/raw_data/outside/capturepallet11/rgb/1778654509523004672.png,capturepallet11,day,0.8176139322916667,0.976396484375,0.023603515625,0.15878255208333333,True,0.9858585858585859,0.9856996935648621,965,979,0.9856996935648621,True
data/pallet/raw_data/outside/capturepallet11/rgb/1778654509589873920.png,capturepallet11,day,0.8269173177083333,0.9835481770833333,0.016451822916666668,0.156630859375,True,0.9918283963227783,0.9914438502673797,927,935,0.9914438502673797,True
data/pallet/raw_data/outside/capturepallet11/rgb/1778654509657071616.png,capturepallet11,day,0.8305305989583334,0.9858854166666666,0.014114583333333333,0.15535481770833334,True,0.9981255857544518,0.996309963099631,1080,1084,0.996309963099631,True
data/pallet/raw_data/outside/capturepallet11/rgb/1778654509690653440.png,capturepallet11,day,0.8365201822916667,0.9791829427083333,0.020817057291666666,0.14266276041666667,True,0.9914772727272727,0.991106719367589,1003,1012,0.991106719367589,True
data/pallet/raw_data/outside/capturepallet11/rgb/1778654509757948672.png,capturepallet11,day,0.826220703125,0.9828190104166666,0.017180989583333334,0.15659830729166666,True,0.9908256880733946,0.9924190213645762,1440,1451,0.9924190213645762,True
data/pallet/raw_data/outside/capturepallet11/rgb/1778654509824980480.png,capturepallet11,day,0.8316471354166667,0.9865983072916666,0.013401692708333333,0.154951171875,True,1.0,1.0,966,966,1.0,True
data/pallet/raw_data/outside/capturepallet11/rgb/1778654509892164096.png,capturepallet11,day,0.8244303385416667,0.982822265625,0.017177734375,0.15839192708333333,True,1.0,1.0,1032,1032,1.0,True
data/pallet/raw_data/outside/capturepallet11/rgb/1778654509926023168.png,capturepallet11,day,0.8172526041666667,0.98125,0.01875,0.16399739583333334,True,0.9988372093023256,0.9988776655443322,890,891,0.9988776655443322,True
data/pallet/raw_data/outside/capturepallet11/rgb/1778654510026690304.png,capturepallet11,day,0.8255729166666667,0.9861067708333333,0.013893229166666667,0.16053385416666666,True,0.9878246753246753,0.9893969516235918,1493,1509,0.9893969516235918,True
data/pallet/raw_data/outside/capturepallet11/rgb/1778654510060316928.png,capturepallet11,day,0.82216796875,0.9846028645833333,0.015397135416666667,0.16243489583333334,True,1.0,1.0,1306,1306,1.0,True
data/pallet/raw_data/outside/capturepallet11/rgb/1778654510127575808.png,capturepallet11,day,0.8172493489583333,0.989912109375,0.010087890625,0.17266276041666667,True,0.9973451327433628,0.9978632478632479,1401,1404,0.9978632478632479,True
data/pallet/raw_data/outside/capturepallet11/rgb/1778654510194551040.png,capturepallet11,day,0.8225618489583333,0.9819563802083333,0.018043619791666667,0.15939453125,True,0.9963768115942029,0.996316758747698,541,543,0.996316758747698,True
data/pallet/raw_data/outside/capturepallet11/rgb/1778654510262029312.png,capturepallet11,day,0.8365299479166667,0.9865364583333334,0.013463541666666667,0.15000651041666666,True,0.9958920187793427,0.9965260545905708,2008,2015,0.9965260545905708,True
data/pallet/raw_data/outside/capturepallet11/rgb/1778654510295507712.png,capturepallet11,day,0.8079296875,0.988076171875,0.011923828125,0.180146484375,True,1.0,1.0,551,551,1.0,True
data/pallet/raw_data/outside/capturepallet11/rgb/1778654510362615552.png,capturepallet11,day,0.8315234375,0.9833430989583334,0.01665690104166667,0.15181966145833334,True,0.9898373983739838,0.9914869466515324,1747,1762,0.9914869466515324,True
data/pallet/raw_data/outside/capturepallet11/rgb/1778654510431080448.png,capturepallet11,day,0.8094270833333334,0.985712890625,0.014287109375,0.17628580729166668,True,0.9953208556149733,0.9976275207591934,1682,1686,0.9976275207591934,True
data/pallet/raw_data/outside/capturepallet11/rgb/1778654510497374720.png,capturepallet11,day,0.8225260416666667,0.977626953125,0.022373046875,0.15510091145833332,True,0.9856459330143541,0.9944488501189532,1254,1261,0.9944488501189532,True
data/pallet/raw_data/outside/capturepallet11/rgb/1778654510564330752.png,capturepallet11,day,0.8258138020833333,0.9897330729166667,0.010266927083333334,0.16391927083333332,True,0.9831460674157303,0.9850187265917603,1052,1068,0.9850187265917603,True
data/pallet/raw_data/outside/capturepallet11/rgb/1778654510631336192.png,capturepallet11,day,0.8213444010416666,0.9908528645833333,0.009147135416666667,0.16950846354166665,True,0.994343891402715,0.994054054054054,1839,1850,0.994054054054054,True
data/pallet/raw_data/outside/capturepallet11/rgb/1778654510665320192.png,capturepallet11,day,0.82388671875,0.9914192708333334,0.008580729166666667,0.16753255208333334,True,0.9928057553956835,0.9932349323493235,1615,1626,0.9932349323493235,True
data/pallet/raw_data/outside/capturepallet11/rgb/1778654510765927424.png,capturepallet11,day,0.8111328125,0.9909440104166667,0.009055989583333333,0.17981119791666667,True,1.0,1.0,993,993,1.0,True
data/pallet/raw_data/outside/capturepallet11/rgb/1778654510833215488.png,capturepallet11,day,0.822431640625,0.989384765625,0.010615234375,0.166953125,True,1.0,1.0,1222,1222,1.0,True
data/pallet/raw_data/outside/capturepallet11/rgb/1778654510866514944.png,capturepallet11,day,0.8149641927083333,0.9923860677083334,0.007613932291666667,0.177421875,True,0.9965034965034965,0.9966694421315571,1197,1201,0.9966694421315571,True
data/pallet/raw_data/outside/capturepallet11/rgb/1778654510933948416.png,capturepallet11,day,0.8353548177083333,0.9879296875,0.0120703125,0.15257486979166668,True,0.9961240310077519,0.9959785522788204,1486,1492,0.9959785522788204,True
data/pallet/raw_data/outside/capturepallet11/rgb/1778654511001118208.png,capturepallet11,day,0.82216796875,0.9896940104166667,0.010305989583333333,0.16752604166666665,True,0.9953703703703703,0.9965059399021663,1426,1431,0.9965059399021663,True
data/pallet/raw_data/outside/capturepallet11/rgb/1778654511068272384.png,capturepallet11,day,0.830048828125,0.986845703125,0.013154296875,0.156796875,True,0.9982078853046595,0.9982456140350877,1138,1140,0.9982456140350877,True
data/pallet/raw_data/outside/capturepallet11/rgb/1778654511135289600.png,capturepallet11,day,0.8107747395833333,0.9892415364583333,0.010758463541666667,0.178466796875,True,1.0,1.0,929,929,1.0,True
data/pallet/raw_data/outside/capturepallet11/rgb/1778654511202501120.png,capturepallet11,day,0.8457552083333333,0.99091796875,0.00908203125,0.14516276041666668,True,0.9979338842975206,0.9965665236051502,1161,1165,0.9965665236051502,True
data/pallet/raw_data/outside/capturepallet11/rgb/1778654511269823232.png,capturepallet11,day,0.8245572916666667,0.9896158854166667,0.010384114583333333,0.16505859375,True,0.9905956112852664,0.9936594202898551,1097,1104,0.9936594202898551,True
data/pallet/raw_data/outside/capturepallet11/rgb/1778654511336864512.png,capturepallet11,day,0.8253125,0.988359375,0.011640625,0.163046875,True,0.9925133689839573,0.9931573802541545,1016,1023,0.9931573802541545,True
data/pallet/raw_data/outside/capturepallet11/rgb/1778654511404391168.png,capturepallet11,day,0.8227506510416667,0.9925553385416667,0.007444661458333333,0.1698046875,True,0.9952978056426333,0.9958246346555324,1431,1437,0.9958246346555324,True
data/pallet/raw_data/outside/capturepallet11/rgb/1778654511505320960.png,capturepallet11,day,0.853837890625,0.9922428385416666,0.007757161458333333,0.13840494791666666,True,0.9957264957264957,0.9953846153846154,647,650,0.9953846153846154,True
data/pallet/raw_data/outside/capturepallet11/rgb/1778654511639586048.png,capturepallet11,day,0.81560546875,0.99138671875,0.00861328125,0.17578125,True,0.9989304812834224,0.9982078853046595,1114,1116,0.9982078853046595,True
data/pallet/raw_data/outside/capturepallet11/rgb/1778654511740270080.png,capturepallet11,day,0.8234244791666666,0.9918131510416667,0.008186848958333333,0.168388671875,True,1.0,1.0,652,652,1.0,True
data/pallet/raw_data/outside/capturepallet11/rgb/1778654511841040896.png,capturepallet11,day,0.8143033854166667,0.9925553385416667,0.007444661458333333,0.178251953125,True,0.9898734177215189,0.9907940161104718,861,869,0.9907940161104718,True
data/pallet/raw_data/outside/capturepallet11/rgb/1778654511908101120.png,capturepallet11,day,0.8334928385416667,0.9920833333333333,0.007916666666666667,0.15859049479166668,True,1.0,1.0,801,801,1.0,True
data/pallet/raw_data/outside/capturepallet11/rgb/1778654511941723392.png,capturepallet11,day,0.8155338541666667,0.9899283854166666,0.010071614583333333,0.17439453125,True,0.9954337899543378,0.9950248756218906,600,603,0.9950248756218906,True
data/pallet/raw_data/outside/capturepallet11/rgb/1778654512008944128.png,capturepallet11,day,0.831708984375,0.9931901041666666,0.006809895833333334,0.16148111979166666,True,1.0,0.9987293519695044,786,787,0.9987293519695044,True
data/pallet/raw_data/outside/capturepallet11/rgb/1778654512076039936.png,capturepallet11,day,0.82041015625,0.990107421875,0.009892578125,0.169697265625,True,1.0,1.0,668,668,1.0,True
data/pallet/raw_data/outside/capturepallet11/rgb/1778654512143239424.png,capturepallet11,day,0.8247428385416666,0.993994140625,0.006005859375,0.16925130208333333,True,1.0,1.0,810,810,1.0,True
data/pallet/raw_data/outside/capturepallet11/rgb/1778654512210677248.png,capturepallet11,day,0.8153059895833333,0.9890169270833333,0.010983072916666666,0.1737109375,True,1.0,1.0,646,646,1.0,True
data/pallet/raw_data/outside/capturepallet11/rgb/1778654512311195392.png,capturepallet11,day,0.8314029947916667,0.9930078125,0.0069921875,0.16160481770833332,True,1.0,0.9987623762376238,807,808,0.9987623762376238,True
data/pallet/raw_data/outside/capturepallet11/rgb/1778654512378351360.png,capturepallet11,day,0.83353515625,0.9913020833333334,0.008697916666666666,0.15776692708333334,True,1.0,1.0,1080,1080,1.0,True
data/pallet/raw_data/outside/capturepallet11/rgb/1778654512412150784.png,capturepallet11,day,0.8203483072916666,0.99326171875,0.00673828125,0.17291341145833333,True,1.0,1.0,790,790,1.0,True
data/pallet/raw_data/outside/capturepallet11/rgb/1778654512479401728.png,capturepallet11,day,0.838076171875,0.9952083333333334,0.004791666666666666,0.15713216145833334,True,1.0,0.997979797979798,988,990,0.997979797979798,True
data/pallet/raw_data/outside/capturepallet11/rgb/1778654512546411008.png,capturepallet11,day,0.8295572916666667,0.9947916666666666,0.005208333333333333,0.165234375,True,0.9967532467532467,0.9970355731225297,1009,1012,0.9970355731225297,True
data/pallet/raw_data/outside/capturepallet11/rgb/1778654512613439232.png,capturepallet11,day,0.839482421875,0.9939388020833333,0.006061197916666667,0.15445638020833333,True,0.9941520467836257,0.9942279942279942,689,693,0.9942279942279942,True
data/pallet/raw_data/outside/capturepallet11/rgb/1778654512680685312.png,capturepallet11,day,0.835859375,0.9938248697916666,0.006175130208333333,0.15796549479166666,True,0.9987179487179487,0.9986979166666666,767,768,0.9986979166666666,True
data/pallet/raw_data/outside/capturepallet11/rgb/1778654512747945984.png,capturepallet11,day,0.8362825520833334,0.9933072916666666,0.0066927083333333335,0.15702473958333332,True,0.9971509971509972,0.9973992197659298,767,769,0.9973992197659298,True
data/pallet/raw_data/outside/capturepallet11/rgb/1778654512815224576.png,capturepallet11,day,0.837705078125,0.9939876302083334,0.006012369791666666,0.15628255208333333,True,1.0,1.0,717,717,1.0,True
data/pallet/raw_data/outside/capturepallet11/rgb/1778654512983386368.png,capturepallet11,day,0.8391048177083333,0.9910026041666666,0.008997395833333333,0.15189778645833332,True,1.0,0.9985915492957746,709,710,0.9985915492957746,True
data/pallet/raw_data/outside/capturepallet11/rgb/1778654513117753856.png,capturepallet11,day,0.8416373697916667,0.9929557291666666,0.007044270833333333,0.151318359375,True,1.0,1.0,744,744,1.0,True
data/pallet/raw_data/outside/capturepallet11/rgb/1778654513218610176.png,capturepallet11,day,0.8321061197916667,0.9925455729166667,0.007454427083333334,0.160439453125,True,1.0,1.0,681,681,1.0,True
data/pallet/raw_data/outside/capturepallet11/rgb/1778654513285432320.png,capturepallet11,day,0.8404329427083334,0.9910579427083334,0.008942057291666666,0.150625,True,1.0,1.0,757,757,1.0,True
data/pallet/raw_data/outside/capturepallet11/rgb/1778654513319281664.png,capturepallet11,day,0.8512272135416666,0.9930891927083333,0.006910807291666667,0.14186197916666668,True,1.0,1.0,670,670,1.0,True
data/pallet/raw_data/outside/capturepallet11/rgb/1778654513386216704.png,capturepallet11,day,0.82375,0.9881640625,0.0118359375,0.1644140625,True,1.0,0.9970149253731343,668,670,0.9970149253731343,True
data/pallet/raw_data/outside/capturepallet11/rgb/1778654513487374080.png,capturepallet11,day,0.849013671875,0.9932975260416667,0.006702473958333333,0.14428385416666667,True,1.0,0.9984917043740573,662,663,0.9984917043740573,True
data/pallet/raw_data/outside/capturepallet11/rgb/1778654513554511872.png,capturepallet11,day,0.85658203125,0.9900520833333334,0.009947916666666667,0.13347005208333335,True,0.9976190476190476,0.996662958843159,896,899,0.996662958843159,True
data/pallet/raw_data/outside/capturepallet11/rgb/1778654513621576960.png,capturepallet11,day,0.8415852864583333,0.9944694010416667,0.005530598958333333,0.15288411458333334,True,1.0,1.0,825,825,1.0,True
data/pallet/raw_data/outside/capturepallet11/rgb/1778654513655377920.png,capturepallet11,day,0.8392220052083333,0.9867220052083333,0.013277994791666666,0.1475,True,1.0,0.9989373007438895,940,941,0.9989373007438895,True
data/pallet/raw_data/outside/capturepallet11/rgb/1778654513722236672.png,capturepallet11,day,0.8583203125,0.992578125,0.007421875,0.1342578125,True,1.0,0.9977246871444824,877,879,0.9977246871444824,True
data/pallet/raw_data/outside/capturepallet11/rgb/1778654513789641728.png,capturepallet11,day,0.8296907552083334,0.9947981770833333,0.005201822916666667,0.165107421875,True,0.9870689655172413,0.9857142857142858,1518,1540,0.9857142857142858,True
data/pallet/raw_data/outside/capturepallet11/rgb/1778654513890359552.png,capturepallet11,day,0.8495865885416667,0.9942740885416667,0.005725911458333333,0.1446875,True,1.0,1.0,780,780,1.0,True
data/pallet/raw_data/outside/capturepallet11/rgb/1778654513957526016.png,capturepallet11,day,0.840048828125,0.9947298177083334,0.0052701822916666665,0.15468098958333334,True,1.0,1.0,869,869,1.0,True
data/pallet/raw_data/outside/capturepallet11/rgb/1778654514024656128.png,capturepallet11,day,0.8372526041666667,0.997373046875,0.002626953125,0.16012044270833334,True,1.0,1.0,1025,1025,1.0,True
data/pallet/raw_data/outside/capturepallet11/rgb/1778654514091840768.png,capturepallet11,day,0.8711555989583334,0.9942610677083333,0.005738932291666667,0.12310546875,True,1.0,1.0,840,840,1.0,True
data/pallet/raw_data/outside/capturepallet11/rgb/1778654514159066624.png,capturepallet11,day,0.8521809895833333,0.9950065104166667,0.004993489583333333,0.14282552083333333,True,0.998876404494382,0.9989754098360656,975,976,0.9989754098360656,True
data/pallet/raw_data/outside/capturepallet11/rgb/1778654514226248192.png,capturepallet11,day,0.8582845052083333,0.9873600260416666,0.012639973958333333,0.12907552083333335,True,1.0,1.0,806,806,1.0,True
data/pallet/raw_data/outside/capturepallet11/rgb/1778654514293462016.png,capturepallet11,day,0.8536360677083333,0.99078125,0.00921875,0.13714518229166667,True,0.9956709956709957,0.9960975609756098,1021,1025,0.9960975609756098,True
data/pallet/raw_data/outside/capturepallet11/rgb/1778654514360609536.png,capturepallet11,day,0.8717252604166666,0.99234375,0.00765625,0.12061848958333334,True,0.9945235487404163,0.998998998998999,998,999,0.998998998998999,True
data/pallet/raw_data/outside/capturepallet11/rgb/1778654514427715584.png,capturepallet11,day,0.863720703125,0.992919921875,0.007080078125,0.12919921875,True,0.991044776119403,0.9908022483392949,1939,1957,0.9908022483392949,True
data/pallet/raw_data/outside/capturepallet11/rgb/1778654514528610816.png,capturepallet11,day,0.8722981770833333,0.98830078125,0.01169921875,0.11600260416666666,True,0.9903329752953813,0.9909182643794148,1964,1982,0.9909182643794148,True
data/pallet/raw_data/outside/capturepallet11/rgb/1778654514595837184.png,capturepallet11,day,0.8745735677083334,0.9945149739583333,0.005485026041666666,0.11994140625,True,0.9972527472527473,0.9967783505154639,1547,1552,0.9967783505154639,True
data/pallet/raw_data/outside/capturepallet11/rgb/1778654514662991104.png,capturepallet11,day,0.8766048177083333,0.9915397135416667,0.008460286458333334,0.11493489583333333,True,0.9950980392156863,0.9958639705882353,2167,2176,0.9958639705882353,True
data/pallet/raw_data/outside/capturepallet11/rgb/1778654514696571648.png,capturepallet11,day,0.870595703125,0.9926139322916666,0.0073860677083333335,0.12201822916666667,True,0.9920398009950249,0.9920713577799801,2002,2018,0.9920713577799801,True
data/pallet/raw_data/outside/capturepallet11/rgb/1778654514763745024.png,capturepallet11,day,0.8868619791666666,0.9956217447916667,0.004378255208333333,0.108759765625,True,1.0,1.0,1081,1081,1.0,True
data/pallet/raw_data/outside/capturepallet11/rgb/1778654514831134720.png,capturepallet11,day,0.8898079427083333,0.9883463541666667,0.011653645833333334,0.09853841145833334,True,0.9925925925925926,0.9925373134328358,1995,2010,0.9925373134328358,True
data/pallet/raw_data/outside/capturepallet11/rgb/1778654514898337792.png,capturepallet11,day,0.8668717447916666,0.9885481770833333,0.011451822916666667,0.12167643229166666,True,0.9953125,0.9954637096774194,1975,1984,0.9954637096774194,True
data/pallet/raw_data/outside/capturepallet11/rgb/1778654514965594368.png,capturepallet11,day,0.888740234375,0.9911263020833333,0.008873697916666666,0.10238606770833333,True,0.9978517722878625,0.998061076102763,2059,2063,0.998061076102763,True
data/pallet/raw_data/outside/capturepallet11/rgb/1778654515032679168.png,capturepallet11,day,0.8756087239583333,0.9937532552083334,0.0062467447916666665,0.11814453125,True,0.9940021810250818,0.9943386515697376,1932,1943,0.9943386515697376,True
data/pallet/raw_data/outside/capturepallet11/rgb/1778654515099835648.png,capturepallet11,day,0.8856510416666666,0.9902473958333333,0.009752604166666666,0.10459635416666667,True,0.9951690821256038,0.993231046931408,2201,2216,0.993231046931408,True
data/pallet/raw_data/outside/capturepallet11/rgb/1778654515167045888.png,capturepallet11,day,0.9018977864583333,0.992314453125,0.007685546875,0.09041666666666667,True,0.9938534278959811,0.9939223936418887,2126,2139,0.9939223936418887,True
data/pallet/raw_data/outside/capturepallet11/rgb/1778654515234111744.png,capturepallet11,day,0.876123046875,0.994443359375,0.005556640625,0.1183203125,True,0.9903748733535968,0.9903651115618661,1953,1972,0.9903651115618661,True
data/pallet/raw_data/outside/capturepallet11/rgb/1778654515301368576.png,capturepallet11,day,0.8866015625,0.994541015625,0.005458984375,0.107939453125,True,0.9927007299270073,0.9922630560928434,2052,2068,0.9922630560928434,True
data/pallet/raw_data/outside/capturepallet11/rgb/1778654515368563712.png,capturepallet11,day,0.885244140625,0.9899739583333333,0.010026041666666667,0.10472981770833334,True,1.0,1.0,2293,2293,1.0,True
data/pallet/raw_data/outside/capturepallet11/rgb/1778654515469417728.png,capturepallet11,day,0.882294921875,0.9942154947916667,0.005784505208333333,0.11192057291666667,True,0.9986254295532646,0.9965108164689462,1428,1433,0.9965108164689462,True
data/pallet/raw_data/outside/capturepallet11/rgb/1778654515536761600.png,capturepallet11,day,0.879677734375,0.9955436197916666,0.0044563802083333335,0.11586588541666666,True,0.9973591549295775,0.997457627118644,2354,2360,0.997457627118644,True
data/pallet/raw_data/outside/capturepallet11/rgb/1778654515603770624.png,capturepallet11,day,0.8872233072916667,0.9940494791666666,0.005950520833333334,0.106826171875,True,0.9956293706293706,0.9956197985107315,2273,2283,0.9956197985107315,True
data/pallet/raw_data/outside/capturepallet11/rgb/1778654515670865408.png,capturepallet11,day,0.9111002604166667,0.994462890625,0.005537109375,0.08336263020833333,True,0.9991830065359477,0.9991617770326907,2384,2386,0.9991617770326907,True
data/pallet/raw_data/outside/capturepallet11/rgb/1778654515738042624.png,capturepallet11,day,0.8854915364583333,0.9937630208333333,0.006236979166666667,0.108271484375,True,0.998,0.9978494623655914,1856,1860,0.9978494623655914,True
data/pallet/raw_data/outside/capturepallet11/rgb/1778654515838914048.png,capturepallet11,day,0.8877213541666666,0.9970833333333333,0.002916666666666667,0.10936197916666666,True,0.9991889699918897,0.9991564740615774,2369,2371,0.9991564740615774,True
data/pallet/raw_data/outside/capturepallet11/rgb/1778654515906079488.png,capturepallet11,day,0.8932942708333333,0.9942122395833334,0.005787760416666667,0.10091796875,True,0.9980694980694981,0.9979716024340771,1476,1479,0.9979716024340771,True
data/pallet/raw_data/outside/capturepallet11/rgb/1778654515939716864.png,capturepallet11,day,0.8799088541666666,0.993515625,0.006484375,0.11360677083333333,True,0.9995337995337995,0.9995501574448943,2222,2223,0.9995501574448943,True
data/pallet/raw_data/outside/capturepallet11/rgb/1778654516006997504.png,capturepallet11,day,0.8907877604166666,0.9952473958333333,0.004752604166666666,0.10445963541666667,True,0.996938775510204,0.9953249181860683,2129,2139,0.9953249181860683,True
data/pallet/raw_data/outside/capturepallet11/rgb/1778654516074029312.png,capturepallet11,day,0.8661002604166667,0.9928678385416667,0.007132161458333334,0.126767578125,True,0.9980815347721822,0.9976415094339622,2115,2120,0.9976415094339622,True
data/pallet/raw_data/outside/capturepallet11/rgb/1778654516141234944.png,capturepallet11,day,0.8699967447916667,0.99349609375,0.00650390625,0.12349934895833334,True,0.9985294117647059,0.9985401459854014,2052,2055,0.9985401459854014,True
data/pallet/raw_data/outside/capturepallet11/rgb/1778654516208648192.png,capturepallet11,day,0.8760221354166666,0.996796875,0.003203125,0.12077473958333333,True,0.998641304347826,0.9985974754558204,2136,2139,0.9985974754558204,True
data/pallet/raw_data/outside/capturepallet11/rgb/1778654516275661568.png,capturepallet11,day,0.8590787760416667,0.9939680989583334,0.006031901041666667,0.13488932291666667,True,0.9962962962962963,0.9964249233912156,1951,1958,0.9964249233912156,True
data/pallet/raw_data/outside/capturepallet11/rgb/1778654516343007744.png,capturepallet11,day,0.8545930989583334,0.993876953125,0.006123046875,0.13928385416666667,True,0.9931873479318735,0.9935956084172004,2172,2186,0.9935956084172004,True
data/pallet/raw_data/outside/capturepallet11/rgb/1778654516410168576.png,capturepallet11,day,0.8479817708333334,0.9946940104166667,0.0053059895833333336,0.14671223958333332,True,0.9955703211517165,0.9955922865013774,1807,1815,0.9955922865013774,True
data/pallet/raw_data/outside/capturepallet11/rgb/1778654516477141504.png,capturepallet11,day,0.848291015625,0.9944661458333334,0.005533854166666667,0.14617513020833334,True,0.998211091234347,0.9983397897066962,1804,1807,0.9983397897066962,True
data/pallet/raw_data/outside/capturepallet11/rgb/1778654516544427520.png,capturepallet11,day,0.8339908854166667,0.994375,0.005625,0.16038411458333332,True,0.9916010498687664,0.9911894273127754,1800,1816,0.9911894273127754,True
data/pallet/raw_data/outside/capturepallet11/rgb/1778654516611566336.png,capturepallet11,day,0.8451790364583334,0.9917610677083334,0.008238932291666667,0.14658203125,True,0.9955223880597015,0.9955990220048899,2036,2045,0.9955990220048899,True
data/pallet/raw_data/outside/capturepallet11/rgb/1778654516645408768.png,capturepallet11,day,0.8376497395833333,0.9935546875,0.0064453125,0.15590494791666668,True,0.9957356076759062,0.9933741080530072,1949,1962,0.9933741080530072,True
data/pallet/raw_data/outside/capturepallet11/rgb/1778654516712460800.png,capturepallet11,day,0.823896484375,0.9905501302083334,0.009449869791666666,0.16665364583333334,True,0.9885572139303482,0.9826800364630811,2156,2194,0.9826800364630811,True
data/pallet/raw_data/outside/capturepallet11/rgb/1778654516813302528.png,capturepallet11,day,0.8122623697916667,0.9908170572916667,0.009182942708333334,0.1785546875,True,0.996078431372549,0.989351403678606,1022,1033,0.989351403678606,True
data/pallet/raw_data/outside/capturepallet11/rgb/1778654516880496128.png,capturepallet11,day,0.8248307291666667,0.9916861979166667,0.008313802083333334,0.16685546875,True,0.9894736842105263,0.9862792574656981,1222,1239,0.9862792574656981,True
data/pallet/raw_data/outside/capturepallet11/rgb/1778654516947389696.png,capturepallet11,day,0.802119140625,0.9862109375,0.0137890625,0.184091796875,True,1.0,0.9928143712574851,829,835,0.9928143712574851,True
data/pallet/raw_data/outside/capturepallet11/rgb/1778654517014726144.png,capturepallet11,day,0.813671875,0.9924055989583334,0.007594401041666666,0.17873372395833334,True,1.0,0.9953379953379954,854,858,0.9953379953379954,True
data/pallet/raw_data/outside/capturepallet11/rgb/1778654517081930496.png,capturepallet11,day,0.8108333333333333,0.991259765625,0.008740234375,0.18042643229166666,True,0.9957482993197279,0.9930448222565688,1285,1294,0.9930448222565688,True
data/pallet/raw_data/outside/capturepallet11/rgb/1778654517148996864.png,capturepallet11,day,0.8038411458333333,0.9914029947916667,0.008597005208333333,0.18756184895833333,True,1.0,1.0,888,888,1.0,True
data/pallet/raw_data/outside/capturepallet11/rgb/1778654517216231168.png,capturepallet11,day,0.8170345052083333,0.98794921875,0.01205078125,0.17091471354166668,True,0.9921798631476051,0.9878163074039362,1054,1067,0.9878163074039362,True
data/pallet/raw_data/outside/capturepallet11/rgb/1778654517283466240.png,capturepallet11,day,0.8427897135416667,0.990927734375,0.009072265625,0.14813802083333333,True,0.9557926829268293,0.9602739726027397,701,730,0.9602739726027397,True
data/pallet/raw_data/outside/capturepallet11/rgb/1778654517350697728.png,capturepallet11,day,0.83298828125,0.9891536458333333,0.010846354166666667,0.15616536458333333,True,0.9974457215836526,0.991106719367589,1003,1012,0.991106719367589,True
data/pallet/raw_data/outside/capturepallet11/rgb/1778654517384191744.png,capturepallet11,day,0.8206673177083333,0.9882552083333334,0.011744791666666667,0.167587890625,True,0.9977528089887641,1.0,990,990,1.0,True
data/pallet/raw_data/outside/capturepallet11/rgb/1778654517451582208.png,capturepallet11,day,0.8473372395833333,0.9893229166666667,0.010677083333333334,0.14198567708333334,True,0.9978858350951374,0.9861660079051383,998,1012,0.9861660079051383,True
data/pallet/raw_data/outside/capturepallet11/rgb/1778654517518601216.png,capturepallet11,day,0.8270963541666667,0.9914127604166667,0.008587239583333333,0.16431640625,True,0.9937304075235109,0.9931372549019608,1013,1020,0.9931372549019608,True
data/pallet/raw_data/outside/capturepallet11/rgb/1778654517619526912.png,capturepallet11,day,0.8156477864583334,0.98876953125,0.01123046875,0.17312174479166667,True,0.9730769230769231,0.9781073446327684,1385,1416,0.9781073446327684,True
data/pallet/raw_data/outside/capturepallet11/rgb/1778654517686770432.png,capturepallet11,day,0.847490234375,0.9922786458333334,0.007721354166666666,0.14478841145833332,True,1.0,1.0,1437,1437,1.0,True
data/pallet/raw_data/outside/capturepallet11/rgb/1778654517753779968.png,capturepallet11,day,0.821845703125,0.98765625,0.01234375,0.165810546875,True,0.9825970548862115,0.984029484029484,801,814,0.984029484029484,True
data/pallet/raw_data/outside/capturepallet11/rgb/1778654517787467776.png,capturepallet11,day,0.8160481770833333,0.9893391927083334,0.010660807291666666,0.173291015625,True,0.9763513513513513,0.9766899766899767,1676,1716,0.9766899766899767,True
data/pallet/raw_data/outside/capturepallet11/rgb/1778654517854754560.png,capturepallet11,day,0.8267838541666667,0.9905338541666666,0.009466145833333333,0.16375,True,0.9848993288590604,0.9850549450549451,2241,2275,0.9850549450549451,True
data/pallet/raw_data/outside/capturepallet11/rgb/1778654517921893376.png,capturepallet11,day,0.8334602864583334,0.9901822916666667,0.009817708333333333,0.15672200520833332,True,0.9850980392156863,0.9842258198422582,2371,2409,0.9842258198422582,True
data/pallet/raw_data/outside/capturepallet11/rgb/1778654517989111552.png,capturepallet11,day,0.840166015625,0.9933528645833334,0.006647135416666667,0.15318684895833334,True,0.9845288326300985,0.9814814814814815,2756,2808,0.9814814814814815,True
data/pallet/raw_data/outside/capturepallet11/rgb/1778654518056239616.png,capturepallet11,day,0.8250944010416666,0.9883626302083334,0.011637369791666666,0.16326822916666667,True,0.9925,0.9930286599535244,2564,2582,0.9930286599535244,True
data/pallet/raw_data/outside/capturepallet11/rgb/1778654518089789184.png,capturepallet11,day,0.8246614583333334,0.9892610677083333,0.010738932291666666,0.164599609375,True,0.9518072289156626,0.9537869062901155,743,779,0.9537869062901155,True
data/pallet/raw_data/outside/capturepallet11/rgb/1778654518190971136.png,capturepallet11,day,0.8247233072916667,0.9813151041666667,0.018684895833333333,0.156591796875,True,0.9794238683127572,0.9823455233291298,779,793,0.9823455233291298,True
data/pallet/raw_data/outside/capturepallet11/rgb/1778654518324993024.png,capturepallet11,day,0.8347526041666666,0.9881998697916666,0.011800130208333334,0.153447265625,True,0.9805867126833477,0.9810046433094133,2324,2369,0.9810046433094133,True
data/pallet/raw_data/outside/capturepallet11/rgb/1778654518392566528.png,capturepallet11,day,0.832841796875,0.9887955729166666,0.011204427083333333,0.15595377604166666,True,0.9494505494505494,0.9561965811965812,895,936,0.9561965811965812,True
data/pallet/raw_data/outside/capturepallet11/rgb/1778654518459632128.png,capturepallet11,day,0.8425813802083333,0.9835221354166667,0.016477864583333335,0.14094075520833332,True,1.0,1.0,461,461,1.0,True
data/pallet/raw_data/outside/capturepallet11/rgb/1778654518526805248.png,capturepallet11,day,0.8432942708333333,0.988330078125,0.011669921875,0.14503580729166668,True,0.9802197802197802,0.981651376146789,963,981,0.981651376146789,True
data/pallet/raw_data/outside/capturepallet11/rgb/1778654518593924352.png,capturepallet11,day,0.8519954427083334,0.9873209635416667,0.012679036458333333,0.13532552083333332,True,0.9404040404040404,0.9419862340216323,1916,2034,0.9419862340216323,True
data/pallet/raw_data/outside/capturepallet11/rgb/1778654518661063168.png,capturepallet11,day,0.8174967447916667,0.98626953125,0.01373046875,0.16877278645833332,True,0.9472222222222222,0.9489962018448183,1749,1843,0.9489962018448183,True
data/pallet/raw_data/outside/capturepallet11/rgb/1778654518728234496.png,capturepallet11,day,0.83046875,0.9842317708333334,0.015768229166666668,0.15376302083333335,True,0.9648148148148148,0.9670437776684703,1966,2033,0.9670437776684703,True
data/pallet/raw_data/outside/capturepallet11/rgb/1778654518761696768.png,capturepallet11,day,0.8196712239583334,0.9820052083333334,0.017994791666666666,0.162333984375,True,1.0,1.0,432,432,1.0,True
data/pallet/raw_data/outside/capturepallet11/rgb/1778654518829114368.png,capturepallet11,day,0.840703125,0.98181640625,0.01818359375,0.14111328125,True,0.9473684210526315,0.9501743896362731,1907,2007,0.9501743896362731,True
data/pallet/raw_data/outside/capturepallet11/rgb/1778654518896081920.png,capturepallet11,day,0.8426595052083333,0.9781510416666667,0.021848958333333335,0.13549153645833334,True,0.9751984126984127,0.9758687258687259,2022,2072,0.9758687258687259,True
data/pallet/raw_data/outside/capturepallet11/rgb/1778654518963407872.png,capturepallet11,day,0.8336197916666667,0.9838444010416667,0.016155598958333333,0.150224609375,True,0.9202614379084967,0.9280742459396751,800,862,0.9280742459396751,True
data/pallet/raw_data/outside/capturepallet11/rgb/1778654518997101056.png,capturepallet11,day,0.8420084635416667,0.984111328125,0.015888671875,0.14210286458333332,True,0.9347826086956522,0.9390125847047435,970,1033,0.9390125847047435,True
data/pallet/raw_data/outside/capturepallet11/rgb/1778654519064431360.png,capturepallet11,day,0.8436946614583334,0.9814388020833333,0.018561197916666668,0.137744140625,True,0.985024154589372,0.9848927875243665,2021,2052,0.9848927875243665,True
data/pallet/raw_data/outside/capturepallet11/rgb/1778654519131420672.png,capturepallet11,day,0.8394108072916666,0.9848697916666667,0.015130208333333334,0.145458984375,True,0.9628099173553719,0.9651063829787234,2268,2350,0.9651063829787234,True
data/pallet/raw_data/outside/capturepallet11/rgb/1778654519164967424.png,capturepallet11,day,0.8466373697916667,0.98279296875,0.01720703125,0.13615559895833335,True,0.9689387402933564,0.9680992467877714,2185,2257,0.9680992467877714,True
data/pallet/raw_data/outside/capturepallet11/rgb/1778654519232464896.png,capturepallet11,day,0.8373958333333333,0.9826985677083333,0.017301432291666665,0.145302734375,True,0.9466845878136201,0.9491810163796724,2260,2381,0.9458210835783284,True
data/pallet/raw_data/outside/capturepallet11/rgb/1778654519299434752.png,capturepallet11,day,0.835009765625,0.9864322916666667,0.013567708333333333,0.15142252604166667,True,0.9435555555555556,0.9456936784047518,2229,2357,0.9456936784047518,True
data/pallet/raw_data/outside/capturepallet11/rgb/1778654519366560000.png,capturepallet11,day,0.8413151041666667,0.987666015625,0.012333984375,0.14635091145833334,True,0.9392084863321093,0.9401941747572815,2421,2575,0.9401941747572815,True
data/pallet/raw_data/outside/capturepallet11/rgb/1778654519433709568.png,capturepallet11,day,0.8365201822916667,0.9813313802083333,0.018668619791666667,0.14481119791666666,True,0.914308176100629,0.9124497991967871,1136,1245,0.8995983935742972,True
data/pallet/raw_data/outside/capturepallet11/rgb/1778654519501129984.png,capturepallet11,day,0.8191178385416666,0.9862337239583333,0.013766276041666666,0.16711588541666667,True,0.9638429752066116,0.9628055260361318,906,941,0.9628055260361318,True
data/pallet/raw_data/outside/capturepallet11/rgb/1778654519568483584.png,capturepallet11,day,0.859599609375,0.989541015625,0.010458984375,0.12994140625,True,0.9090909090909091,0.915807560137457,1066,1164,0.915807560137457,True
data/pallet/raw_data/outside/capturepallet11/rgb/1778654519635442432.png,capturepallet11,day,0.8243587239583333,0.9878255208333333,0.012174479166666667,0.163466796875,True,0.9853658536585366,0.9851485148514851,796,808,0.9851485148514851,True
data/pallet/raw_data/outside/capturepallet11/rgb/1778654519803745024.png,capturepallet11,day,0.82140625,0.9837369791666667,0.016263020833333332,0.16233072916666666,True,0.9323126510878323,0.9374305812661977,2532,2701,0.9374305812661977,True
data/pallet/raw_data/outside/capturepallet11/rgb/1778654519870634240.png,capturepallet11,day,0.8306282552083334,0.987080078125,0.012919921875,0.15645182291666668,True,0.9521531100478469,0.9515503875968992,982,1032,0.9515503875968992,True
data/pallet/raw_data/outside/capturepallet11/rgb/1778654519937705216.png,capturepallet11,day,0.8360286458333334,0.986650390625,0.013349609375,0.15062174479166668,True,0.9647727272727272,0.9641618497109826,834,865,0.9641618497109826,True
data/pallet/raw_data/outside/capturepallet11/rgb/1778654520004982528.png,capturepallet11,day,0.834951171875,0.988779296875,0.011220703125,0.153828125,True,0.9806122448979592,0.9826642335766423,1077,1096,0.9826642335766423,True
data/pallet/raw_data/outside/capturepallet11/rgb/1778654520072178688.png,capturepallet11,day,0.8011295572916667,0.9830143229166667,0.016985677083333334,0.181884765625,True,0.9850046860356139,0.9851714550509731,1063,1079,0.9851714550509731,True
data/pallet/raw_data/outside/capturepallet11/rgb/1778654520139251712.png,capturepallet11,day,0.8259049479166667,0.986572265625,0.013427734375,0.16066731770833334,True,0.979565772669221,0.9801980198019802,792,808,0.9801980198019802,True
data/pallet/raw_data/outside/capturepallet11/rgb/1778654520206423552.png,capturepallet11,day,0.817978515625,0.986025390625,0.013974609375,0.168046875,True,0.9789473684210527,0.9782178217821782,988,1010,0.9782178217821782,True
data/pallet/raw_data/outside/capturepallet11/rgb/1778654520240004864.png,capturepallet11,day,0.8156282552083334,0.9840364583333333,0.015963541666666668,0.168408203125,True,0.96875,0.9693877551020408,1045,1078,0.9693877551020408,True
data/pallet/raw_data/outside/capturepallet11/rgb/1778654520375258112.png,capturepallet11,day,0.8434798177083334,0.9870833333333333,0.012916666666666667,0.143603515625,True,0.9966666666666667,0.9965197215777262,859,862,0.9965197215777262,True
data/pallet/raw_data/outside/capturepallet11/rgb/1778654520509407744.png,capturepallet11,day,0.8317024739583333,0.9853743489583333,0.014625651041666667,0.153671875,True,0.9042741080890144,0.9108781127129751,2780,3052,0.9108781127129751,True
data/pallet/raw_data/outside/capturepallet11/rgb/1778654520643462912.png,capturepallet11,day,0.841279296875,0.9867643229166667,0.013235677083333333,0.14548502604166666,True,0.9855072463768116,0.9852941176470589,804,816,0.9852941176470589,True
data/pallet/raw_data/outside/capturepallet11/rgb/1778654520744237056.png,capturepallet11,day,0.8411653645833334,0.9812532552083333,0.018746744791666665,0.140087890625,True,0.967741935483871,0.9702380952380952,978,1008,0.9702380952380952,True
data/pallet/raw_data/outside/capturepallet11/rgb/1778654520845036032.png,capturepallet11,day,0.8119498697916666,0.98619140625,0.01380859375,0.17424153645833335,True,0.9368622448979592,0.9404894327030033,1691,1798,0.9098998887652948,True
data/pallet/raw_data/outside/capturepallet11/rgb/1778654520911976192.png,capturepallet11,day,0.8381087239583334,0.9861555989583334,0.013844401041666666,0.148046875,True,0.8841832324978393,0.8854700854700854,1036,1170,0.8854700854700854,True
data/pallet/raw_data/outside/capturepallet11/rgb/1778654520979242496.png,capturepallet11,day,0.8204069010416667,0.9841731770833333,0.015826822916666667,0.16376627604166666,True,0.9478764478764479,0.9530343007915567,1806,1895,0.9509234828496043,True
data/pallet/raw_data/outside/capturepallet11/rgb/1778654521046674176.png,capturepallet11,day,0.8636100260416667,0.986103515625,0.013896484375,0.12249348958333334,True,0.9624819624819625,0.9614243323442137,648,674,0.9614243323442137,True
data/pallet/raw_data/outside/capturepallet11/rgb/1778654521181271552.png,capturepallet11,day,0.831630859375,0.985986328125,0.014013671875,0.15435546875,True,0.9399585921325052,0.934156378600823,1816,1944,0.934156378600823,True
data/pallet/raw_data/outside/capturepallet11/rgb/1778654521315529216.png,capturepallet11,day,0.8176725260416666,0.9861100260416666,0.013889973958333333,0.1684375,True,0.8906819364914107,0.8864370290635092,1647,1858,0.8864370290635092,True
data/pallet/raw_data/outside/capturepallet11/rgb/1778654521415933184.png,capturepallet11,day,0.846435546875,0.98611328125,0.01388671875,0.139677734375,True,0.9748283752860412,0.9733587059942912,3069,3153,0.9733587059942912,True
data/pallet/raw_data/outside/capturepallet11/rgb/1778654521483570176.png,capturepallet11,day,0.8270279947916667,0.97935546875,0.02064453125,0.15232747395833332,True,0.9139566395663956,0.9182468138016786,2954,3217,0.9145166304009947,True
data/pallet/raw_data/outside/capturepallet11/rgb/1778654521550774528.png,capturepallet11,day,0.810478515625,0.9855208333333333,0.014479166666666666,0.17504231770833334,True,0.9527186761229315,0.9548467274233637,2305,2414,0.9548467274233637,True
data/pallet/raw_data/outside/capturepallet11/rgb/1778654521617827328.png,capturepallet11,day,0.8198860677083334,0.9848665364583333,0.015133463541666666,0.16498046875,True,0.9461382113821138,0.9492580181905218,1983,2089,0.9492580181905218,True
data/pallet/raw_data/outside/capturepallet11/rgb/1778654521684739840.png,capturepallet11,day,0.8309147135416667,0.9819563802083333,0.018043619791666667,0.15104166666666666,True,0.9500147015583652,0.9522240527182867,3468,3642,0.9522240527182867,True
data/pallet/raw_data/outside/capturepallet11/rgb/1778654521751788288.png,capturepallet11,day,0.8185970052083333,0.9804524739583333,0.019547526041666666,0.16185546875,True,0.9593984962406015,0.960968660968661,3373,3510,0.960968660968661,True
data/pallet/raw_data/outside/capturepallet11/rgb/1778654521818991616.png,capturepallet11,day,0.8292708333333333,0.98751953125,0.01248046875,0.15824869791666665,True,0.9413233458177278,0.9451977401129944,3346,3540,0.9451977401129944,True
data/pallet/raw_data/outside/capturepallet11/rgb/1778654521852673536.png,capturepallet11,day,0.8234928385416667,0.9810026041666666,0.018997395833333333,0.157509765625,True,0.9610795454545454,0.9606974813174647,3471,3613,0.9606974813174647,True
data/pallet/raw_data/outside/capturepallet11/rgb/1778654521919887104.png,capturepallet11,day,0.7923893229166666,0.9865071614583333,0.013492838541666666,0.19411783854166667,True,0.9460431654676259,0.9462579617834395,2377,2512,0.9462579617834395,True
data/pallet/raw_data/outside/capturepallet11/rgb/1778654521987035136.png,capturepallet11,day,0.8209407552083333,0.983837890625,0.016162109375,0.16289713541666667,True,0.955837870538415,0.9545596016184251,3067,3213,0.9545596016184251,True
data/pallet/raw_data/outside/capturepallet11/rgb/1778654522054306816.png,capturepallet11,day,0.8205338541666667,0.9845540364583333,0.015445963541666666,0.16402018229166668,True,0.9449624060150376,0.9462643678160919,3293,3480,0.9462643678160919,True
data/pallet/raw_data/outside/capturepallet11/rgb/1778654522121471744.png,capturepallet11,day,0.8208756510416667,0.9818326822916666,0.018167317708333332,0.16095703125,True,0.9595375722543352,0.9583952451708767,3225,3365,0.9583952451708767,True
data/pallet/raw_data/outside/capturepallet11/rgb/1778654522188649472.png,capturepallet11,day,0.8094563802083333,0.9857779947916666,0.014222005208333333,0.17632161458333334,True,0.9770897832817338,0.9744010502133246,2969,3047,0.9744010502133246,True
data/pallet/raw_data/outside/capturepallet11/rgb/1778654522255826176.png,capturepallet11,day,0.8415234375,0.9860481770833334,0.013951822916666667,0.14452473958333334,True,0.9751479289940829,0.9743906201789572,3158,3241,0.9743906201789572,True
data/pallet/raw_data/outside/capturepallet11/rgb/1778654522323179520.png,capturepallet11,day,0.83615234375,0.98681640625,0.01318359375,0.1506640625,True,0.9709580838323353,0.9686591276252019,2998,3095,0.9686591276252019,True
data/pallet/raw_data/outside/capturepallet11/rgb/1778654522356633600.png,capturepallet11,day,0.8325651041666666,0.9830533854166666,0.016946614583333332,0.15048828125,True,0.9509036144578313,0.9490754774173992,3131,3299,0.9490754774173992,True
data/pallet/raw_data/outside/capturepallet11/rgb/1778654522423881472.png,capturepallet11,day,0.8004166666666667,0.9847526041666667,0.015247395833333333,0.1843359375,True,0.9819018404907975,0.9804441498176997,2958,3017,0.9804441498176997,True
data/pallet/raw_data/outside/capturepallet11/rgb/1778654522491168000.png,capturepallet11,day,0.827529296875,0.9875423177083333,0.012457682291666666,0.16001302083333332,True,0.968125,0.9657258064516129,2874,2976,0.9657258064516129,True
data/pallet/raw_data/outside/capturepallet11/rgb/1778654522558252032.png,capturepallet11,day,0.8231217447916667,0.989921875,0.010078125,0.16680013020833334,True,0.9397550479973519,0.9340964273326396,2693,2883,0.9340964273326396,True
data/pallet/raw_data/outside/capturepallet11/rgb/1778654522625613056.png,capturepallet11,day,0.8322623697916667,0.985224609375,0.014775390625,0.15296223958333333,True,0.9745283018867924,0.9731788079470198,2939,3020,0.9731788079470198,True
data/pallet/raw_data/outside/capturepallet11/rgb/1778654522726398976.png,capturepallet11,day,0.82736328125,0.9886458333333333,0.011354166666666667,0.16128255208333334,True,0.9727564102564102,0.9684247050659265,2791,2882,0.9684247050659265,True
data/pallet/raw_data/outside/capturepallet11/rgb/1778654522827352320.png,capturepallet11,day,0.8358463541666666,0.9911067708333333,0.008893229166666667,0.15526041666666668,True,0.9607142857142857,0.9572135785007072,2707,2828,0.9572135785007072,True
data/pallet/raw_data/outside/capturepallet11/rgb/1778654522894210816.png,capturepallet11,day,0.8449576822916667,0.9909016927083333,0.009098307291666666,0.14594401041666666,True,0.966295609152752,0.9624784853700517,2796,2905,0.9624784853700517,True
data/pallet/raw_data/outside/capturepallet11/rgb/1778654522961460992.png,capturepallet11,day,0.8458333333333333,0.9829915364583334,0.017008463541666668,0.137158203125,True,0.9554730983302412,0.9509035117627003,2789,2933,0.9509035117627003,True
data/pallet/raw_data/outside/capturepallet11/rgb/1778654523028564224.png,capturepallet11,day,0.8417350260416666,0.989404296875,0.010595703125,0.14766927083333334,True,0.9576376004947433,0.9531943969935087,2790,2927,0.9531943969935087,True
data/pallet/raw_data/outside/capturepallet11/rgb/1778654523062285056.png,capturepallet11,day,0.836103515625,0.9854915364583333,0.014508463541666667,0.14938802083333333,True,0.9505012531328321,0.9426631459826481,2499,2651,0.9426631459826481,True
data/pallet/raw_data/outside/capturepallet11/rgb/1778654523129419776.png,capturepallet11,day,0.8484244791666666,0.9930013020833334,0.006998697916666667,0.14457682291666665,True,0.9568616097278517,0.9515331355093967,2886,3033,0.9515331355093967,True
data/pallet/raw_data/outside/capturepallet11/rgb/1778654523196571904.png,capturepallet11,day,0.8541178385416667,0.993134765625,0.006865234375,0.13901692708333332,True,0.9595393713040772,0.9538349691021447,2624,2751,0.9516539440203562,True
data/pallet/raw_data/outside/capturepallet11/rgb/1778654523264018432.png,capturepallet11,day,0.8453190104166667,0.992353515625,0.007646484375,0.14703450520833333,True,0.935655253837072,0.9277427908518395,2799,3017,0.9277427908518395,True
data/pallet/raw_data/outside/capturepallet11/rgb/1778654523330887680.png,capturepallet11,day,0.8490169270833333,0.9906087239583333,0.009391276041666667,0.141591796875,True,0.9607142857142857,0.9562228654124457,2643,2764,0.9562228654124457,True
data/pallet/raw_data/outside/capturepallet11/rgb/1778654523364586496.png,capturepallet11,day,0.8515885416666666,0.98908203125,0.01091796875,0.13749348958333332,True,0.9503267973856209,0.9476723204619271,2626,2771,0.9476723204619271,True
data/pallet/raw_data/outside/capturepallet11/rgb/1778654523465740544.png,capturepallet11,day,0.886533203125,0.9916471354166667,0.008352864583333333,0.10511393229166667,True,0.931929181929182,0.9259136212624585,2787,3010,0.9259136212624585,True
data/pallet/raw_data/outside/capturepallet11/rgb/1778654523599878912.png,capturepallet11,day,0.8618880208333334,0.995654296875,0.004345703125,0.13376627604166666,True,0.9600649350649351,0.9561682573347473,2705,2829,0.9561682573347473,True
data/pallet/raw_data/outside/capturepallet11/rgb/1778654523667186944.png,capturepallet11,day,0.8634602864583333,0.992138671875,0.007861328125,0.12867838541666668,True,0.9396202925614691,0.9341099381143065,2566,2747,0.9341099381143065,True
data/pallet/raw_data/outside/capturepallet11/rgb/1778654523734488576.png,capturepallet11,day,0.8835384114583333,0.9943522135416667,0.005647786458333333,0.11081380208333333,True,0.9601618425147836,0.9575821845174973,2709,2829,0.9575821845174973,True
data/pallet/raw_data/outside/capturepallet11/rgb/1778654523801229312.png,capturepallet11,day,0.864541015625,0.991298828125,0.008701171875,0.1267578125,True,0.9816129032258064,0.9798190675017397,2816,2874,0.9798190675017397,True
data/pallet/raw_data/outside/capturepallet11/rgb/1778654523868544256.png,capturepallet11,day,0.8707845052083333,0.9876595052083333,0.012340494791666667,0.116875,True,0.9376344086021505,0.930081855388813,2727,2932,0.930081855388813,True
data/pallet/raw_data/outside/capturepallet11/rgb/1778654523935725824.png,capturepallet11,day,0.8941764322916667,0.987626953125,0.012373046875,0.09345052083333333,True,0.956891495601173,0.9528395881766855,2869,3011,0.9528395881766855,True
data/pallet/raw_data/outside/capturepallet11/rgb/1778654524002830336.png,capturepallet11,day,0.88615234375,0.9947428385416667,0.005257161458333334,0.10859049479166667,True,0.9362455726092089,0.9277833500501504,2775,2991,0.9277833500501504,True
data/pallet/raw_data/outside/capturepallet11/rgb/1778654524070091264.png,capturepallet11,day,0.8881022135416666,0.9952994791666666,0.0047005208333333335,0.107197265625,True,0.9263929618768328,0.9168614357262104,2746,2995,0.9168614357262104,True
data/pallet/raw_data/outside/capturepallet11/rgb/1778654524137286144.png,capturepallet11,day,0.8830045572916667,0.9898893229166666,0.010110677083333333,0.106884765625,True,0.9466783216783217,0.9413137712570857,2823,2999,0.9413137712570857,True
data/pallet/raw_data/outside/capturepallet11/rgb/1778654524204557056.png,capturepallet11,day,0.902177734375,0.99091796875,0.00908203125,0.088740234375,True,0.9300920598388953,0.9200391644908616,2819,3064,0.9200391644908616,True
data/pallet/raw_data/outside/capturepallet11/rgb/1778654524238200064.png,capturepallet11,day,0.9069954427083333,0.9944140625,0.0055859375,0.08741861979166667,True,0.9459691252144082,0.9399428026692088,2958,3147,0.9399428026692088,True
data/pallet/raw_data/outside/capturepallet11/rgb/1778654524305441280.png,capturepallet11,day,0.89951171875,0.9909244791666667,0.009075520833333333,0.09141276041666667,True,0.9348581354950781,0.928,2900,3125,0.928,True
data/pallet/raw_data/outside/capturepallet11/rgb/1778654524372595968.png,capturepallet11,day,0.9008333333333334,0.9889485677083333,0.011051432291666666,0.088115234375,True,0.9497459062676454,0.9395995928062436,2769,2947,0.9395995928062436,True
data/pallet/raw_data/outside/capturepallet11/rgb/1778654524439904000.png,capturepallet11,day,0.9118359375,0.9940397135416666,0.0059602864583333335,0.08220377604166666,True,0.9625500285877644,0.9572784810126582,3025,3160,0.9572784810126582,True
data/pallet/raw_data/outside/capturepallet11/rgb/1778654524506891008.png,capturepallet11,day,0.9071126302083333,0.9947786458333333,0.005221354166666667,0.087666015625,True,0.9682539682539683,0.9642618570474282,2887,2994,0.9642618570474282,True
data/pallet/raw_data/outside/capturepallet11/rgb/1778654524574194944.png,capturepallet11,day,0.9108463541666667,0.9949544270833334,0.005045572916666667,0.08410807291666667,True,0.9409937888198758,0.9323943661971831,2979,3195,0.9323943661971831,True
data/pallet/raw_data/outside/capturepallet11/rgb/1778654524641238016.png,capturepallet11,day,0.9128678385416666,0.9954915364583333,0.004508463541666666,0.08262369791666667,True,0.9377604166666667,0.9271441746080541,3016,3253,0.9271441746080541,True
data/pallet/raw_data/outside/capturepallet11/rgb/1778654524708686080.png,capturepallet11,day,0.883662109375,0.99259765625,0.00740234375,0.108935546875,True,0.958728388176241,0.9533333333333334,3003,3150,0.9533333333333334,True
data/pallet/raw_data/outside/capturepallet11/rgb/1778654524775847168.png,capturepallet11,day,0.9043001302083333,0.9902669270833333,0.009733072916666667,0.085966796875,True,0.9347826086956522,0.9285928592859286,3095,3333,0.9285928592859286,True
data/pallet/raw_data/outside/capturepallet11/rgb/1778654524842765056.png,capturepallet11,day,0.909736328125,0.9924186197916667,0.007581380208333334,0.08268229166666667,True,0.9197691197691198,0.9119417168197655,2879,3157,0.9119417168197655,True
data/pallet/raw_data/outside/capturepallet11/rgb/1778654524910161152.png,capturepallet11,day,0.9137825520833334,0.99474609375,0.00525390625,0.08096354166666667,True,0.937125748502994,0.9315110565110565,3033,3256,0.9315110565110565,True
data/pallet/raw_data/outside/capturepallet11/rgb/1778654524977628928.png,capturepallet11,day,0.925849609375,0.9911295572916666,0.008870442708333334,0.06527994791666666,True,0.931682090364725,0.9221946683199008,2975,3226,0.9221946683199008,True
data/pallet/raw_data/outside/capturepallet11/rgb/1778654525111826432.png,capturepallet11,day,0.9231705729166667,0.9947265625,0.0052734375,0.07155598958333333,True,0.9582668793195109,0.9537827494848395,3240,3397,0.9537827494848395,True
data/pallet/raw_data/outside/capturepallet11/rgb/1778654525212526848.png,capturepallet11,day,0.9112174479166667,0.9937760416666667,0.006223958333333333,0.08255859375,True,0.9312169312169312,0.9273743016759777,3154,3401,0.9273743016759777,True
data/pallet/raw_data/outside/capturepallet11/rgb/1778654525279734784.png,capturepallet11,day,0.9179524739583333,0.9938313802083333,0.0061686197916666664,0.07587890625,True,0.9519331243469175,0.947949080622348,3351,3535,0.947949080622348,True
data/pallet/raw_data/outside/capturepallet11/rgb/1778654525346820352.png,capturepallet11,day,0.9123177083333334,0.9937044270833333,0.006295572916666666,0.08138671875,True,0.9221525600835946,0.9162686147794324,3261,3559,0.9162686147794324,True
data/pallet/raw_data/outside/capturepallet11/rgb/1778654525414013952.png,capturepallet11,day,0.9127473958333333,0.9924544270833333,0.007545572916666667,0.07970703125,True,0.9070807453416149,0.8954723309111235,3204,3578,0.8954723309111235,True
data/pallet/raw_data/outside/capturepallet11/rgb/1778654525481251328.png,capturepallet11,day,0.921123046875,0.9938411458333334,0.006158854166666667,0.07271809895833334,True,0.9181301652892562,0.9112044817927171,3253,3570,0.9112044817927171,True
data/pallet/raw_data/outside/capturepallet11/rgb/1778654525548433152.png,capturepallet11,day,0.9230501302083334,0.9925162760416667,0.007483723958333333,0.06946614583333334,True,0.9208796764408493,0.9076968445886169,3078,3391,0.9076968445886169,True
data/pallet/raw_data/outside/capturepallet11/rgb/1778654525615562496.png,capturepallet11,day,0.934267578125,0.9944759114583334,0.005524088541666666,0.060208333333333336,True,0.9378516624040921,0.9307015052541892,3277,3521,0.9307015052541892,True
data/pallet/raw_data/outside/capturepallet11/rgb/1778654525682819328.png,capturepallet11,day,0.9326204427083333,0.992958984375,0.007041015625,0.06033854166666667,True,0.9218426501035196,0.9114109709592256,3107,3409,0.9114109709592256,True
data/pallet/raw_data/outside/capturepallet11/rgb/1778654525750113536.png,capturepallet11,day,0.9389225260416667,0.993486328125,0.006513671875,0.054563802083333335,True,0.9132231404958677,0.9033742331288344,2945,3260,0.9033742331288344,True
data/pallet/raw_data/outside/capturepallet11/rgb/1778654525884679936.png,capturepallet11,day,0.929287109375,0.9934895833333334,0.006510416666666667,0.06420247395833334,True,0.92309670781893,0.9094500151929504,2993,3291,0.9094500151929504,True
data/pallet/raw_data/outside/capturepallet11/rgb/1778654525985237504.png,capturepallet11,day,0.9157063802083333,0.9902278645833333,0.009772135416666666,0.074521484375,True,0.9144107191687175,0.9059957818620066,3007,3319,0.9059957818620066,True
data/pallet/raw_data/outside/capturepallet11/rgb/1778654526052173824.png,capturepallet11,day,0.9215104166666667,0.993544921875,0.006455078125,0.07203450520833334,True,0.933957072096863,0.9270294922468836,3049,3289,0.9270294922468836,True
data/pallet/raw_data/outside/capturepallet11/rgb/1778654526119426304.png,capturepallet11,day,0.937939453125,0.9950260416666666,0.004973958333333334,0.057086588541666664,True,0.9451675436167266,0.9408425455631909,3149,3347,0.9408425455631909,True
data/pallet/raw_data/outside/capturepallet11/rgb/1778654526186626304.png,capturepallet11,day,0.91669921875,0.9930143229166667,0.006985677083333333,0.07631510416666666,True,0.9036278039324287,0.8938513306821658,2922,3269,0.8938513306821658,True
data/pallet/raw_data/outside/capturepallet11/rgb/1778654526253819648.png,capturepallet11,day,0.93232421875,0.9916243489583333,0.008375651041666666,0.059300130208333336,True,0.9240469208211144,0.9176470588235294,2886,3145,0.9176470588235294,True
data/pallet/raw_data/outside/capturepallet11/rgb/1778654526321046784.png,capturepallet11,day,0.9240625,0.9932584635416667,0.006741536458333333,0.06919596354166667,True,0.9248246844319775,0.912987012987013,2812,3080,0.912987012987013,True
data/pallet/raw_data/outside/capturepallet11/rgb/1778654526388534528.png,capturepallet11,day,0.91927734375,0.9903580729166667,0.009641927083333333,0.07108072916666666,True,0.8951277480689246,0.8873194221508828,2764,3115,0.8873194221508828,True
data/pallet/raw_data/outside/capturepallet11/rgb/1778654526489229056.png,capturepallet11,day,0.9156510416666667,0.9918326822916667,0.008167317708333333,0.076181640625,True,0.8803030303030303,0.8649020281883809,2516,2909,0.8649020281883809,True
data/pallet/raw_data/outside/capturepallet11/rgb/1778654526623677440.png,capturepallet11,day,0.9230240885416666,0.992314453125,0.007685546875,0.06929036458333333,True,0.908068783068783,0.8980564723138981,2449,2727,0.8980564723138981,True
data/pallet/raw_data/outside/capturepallet11/rgb/1778654526758110976.png,capturepallet11,day,0.9234375,0.9917936197916667,0.008206380208333334,0.06835611979166667,True,0.8871340523882897,0.8793742280773981,2136,2429,0.8793742280773981,True
data/pallet/raw_data/outside/capturepallet11/rgb/1778654526825080320.png,capturepallet11,day,0.9148600260416667,0.9873828125,0.0126171875,0.07252278645833334,True,0.9247517188693659,0.9121711992866697,2046,2243,0.9121711992866697,True
data/pallet/raw_data/outside/capturepallet11/rgb/1778654526892238336.png,capturepallet11,day,0.922841796875,0.9918229166666667,0.008177083333333333,0.06898111979166667,True,0.9004683840749415,0.8919949174078781,2106,2361,0.8919949174078781,True
data/pallet/raw_data/outside/capturepallet11/rgb/1778654526959592448.png,capturepallet11,day,0.9281901041666667,0.993525390625,0.006474609375,0.06533528645833334,True,0.9062722736992159,0.8909618573797679,2149,2412,0.8909618573797679,True
data/pallet/raw_data/outside/capturepallet11/rgb/1778654527026690816.png,capturepallet11,day,0.9263509114583334,0.9924153645833333,0.007584635416666667,0.066064453125,True,0.9102272727272728,0.9007569386038689,2142,2378,0.9007569386038689,True
data/pallet/raw_data/outside/capturepallet11/rgb/1778654527093793792.png,capturepallet11,day,0.9220833333333334,0.988310546875,0.011689453125,0.06622721354166666,True,0.93353705118411,0.9285420944558521,2261,2435,0.9285420944558521,True
data/pallet/raw_data/outside/capturepallet11/rgb/1778654527160924928.png,capturepallet11,day,0.92158203125,0.9919173177083334,0.008082682291666667,0.07033528645833333,True,0.9083333333333333,0.9000850340136054,2117,2352,0.9000850340136054,True
data/pallet/raw_data/outside/capturepallet11/rgb/1778654527228263936.png,capturepallet11,day,0.92326171875,0.98767578125,0.01232421875,0.0644140625,True,0.9102368220015279,0.9004581424406497,2162,2401,0.9004581424406497,True
data/pallet/raw_data/outside/capturepallet11/rgb/1778654527295412224.png,capturepallet11,day,0.933310546875,0.9915787760416667,0.008421223958333333,0.058268229166666664,True,0.8917565485362096,0.8769096464426015,2009,2291,0.8769096464426015,True
data/pallet/raw_data/outside/capturepallet11/rgb/1778654527362917120.png,capturepallet11,day,0.9161295572916667,0.9885384114583333,0.011461588541666666,0.07240885416666666,True,0.9112468559108875,0.8967391304347826,2145,2392,0.8967391304347826,True
data/pallet/raw_data/outside/capturepallet11/rgb/1778654527396320256.png,capturepallet11,day,0.9269694010416667,0.9900813802083334,0.009918619791666666,0.06311197916666667,True,0.9357336430507163,0.9285714285714286,2158,2324,0.9285714285714286,True
data/pallet/raw_data/outside/capturepallet11/rgb/1778654527463570688.png,capturepallet11,day,0.916884765625,0.9915625,0.0084375,0.074677734375,True,0.914207005116096,0.9037940379403794,2001,2214,0.9037940379403794,True
data/pallet/raw_data/outside/capturepallet11/rgb/1778654527530756608.png,capturepallet11,day,0.91029296875,0.9908138020833334,0.009186197916666666,0.08052083333333333,True,0.9033127889060092,0.8969671790610719,2159,2407,0.8969671790610719,True
data/pallet/raw_data/outside/capturepallet11/rgb/1778654527597933312.png,capturepallet11,day,0.9222428385416667,0.991259765625,0.008740234375,0.06901692708333333,True,0.9415766306522609,0.9365493263798349,2155,2301,0.9365493263798349,True
data/pallet/raw_data/outside/capturepallet11/rgb/1778654527665004288.png,capturepallet11,day,0.926826171875,0.9917708333333334,0.008229166666666666,0.06494466145833333,True,0.9178403755868545,0.9109947643979057,2436,2674,0.9109947643979057,True
data/pallet/raw_data/outside/capturepallet11/rgb/1778654527698608896.png,capturepallet11,day,0.9164029947916666,0.9878157552083333,0.012184244791666667,0.07141276041666667,True,0.9163763066202091,0.91458153580673,2120,2318,0.91458153580673,True
data/pallet/raw_data/outside/capturepallet11/rgb/1778654527765757184.png,capturepallet11,day,0.917841796875,0.9922721354166667,0.007727864583333333,0.07443033854166667,True,0.9048872180451127,0.900574458683164,2038,2263,0.900574458683164,True
data/pallet/raw_data/outside/capturepallet11/rgb/1778654527832913664.png,capturepallet11,day,0.917578125,0.9923209635416667,0.007679036458333333,0.07474283854166666,True,0.8785803237858032,0.8531889290012034,2127,2493,0.8531889290012034,True
data/pallet/raw_data/outside/capturepallet11/rgb/1778654527900465664.png,capturepallet11,day,0.9334016927083333,0.9912890625,0.0087109375,0.057887369791666664,True,0.9294258373205742,0.9253400822524518,2925,3161,0.9253400822524518,True
data/pallet/raw_data/outside/capturepallet11/rgb/1778654527967575808.png,capturepallet11,day,0.9175032552083333,0.99330078125,0.00669921875,0.07579752604166666,True,0.917486971627099,0.9130832570905764,2994,3279,0.9130832570905764,True
data/pallet/raw_data/outside/capturepallet11/rgb/1778654528034467840.png,capturepallet11,day,0.9290852864583333,0.99373046875,0.00626953125,0.06464518229166667,True,0.9562533548040795,0.9507299270072993,3126,3288,0.948905109489051,True
data/pallet/raw_data/outside/capturepallet11/rgb/1778654528101827072.png,capturepallet11,day,0.9283268229166667,0.9951888020833334,0.004811197916666667,0.06686197916666667,True,0.929156010230179,0.9225391498881432,3299,3576,0.9225391498881432,True
data/pallet/raw_data/outside/capturepallet11/rgb/1778654528169094656.png,capturepallet11,day,0.91376953125,0.99513671875,0.00486328125,0.0813671875,True,0.9322033898305084,0.9215349369988545,3218,3492,0.9215349369988545,True
data/pallet/raw_data/outside/capturepallet11/rgb/1778654528236081920.png,capturepallet11,day,0.9250423177083333,0.9956282552083333,0.004371744791666667,0.0705859375,True,0.9368707482993197,0.9314015375517445,3150,3382,0.9287403903015967,True
data/pallet/raw_data/outside/capturepallet11/rgb/1778654528303269632.png,capturepallet11,day,0.924853515625,0.9931380208333334,0.006861979166666666,0.06828450520833333,True,0.9193264639356622,0.9088844734601192,3202,3523,0.9088844734601192,True
data/pallet/raw_data/outside/capturepallet11/rgb/1778654528370521856.png,capturepallet11,day,0.9165690104166667,0.99421875,0.00578125,0.07764973958333334,True,0.960735171261487,0.9585537918871252,3261,3402,0.9585537918871252,True
data/pallet/raw_data/outside/capturepallet11/rgb/1778654528437738240.png,capturepallet11,day,0.9124674479166667,0.9888606770833334,0.011139322916666666,0.07639322916666667,True,0.9225842383737121,0.9158086008479709,3024,3302,0.9158086008479709,True
data/pallet/raw_data/outside/capturepallet11/rgb/1778654528504986880.png,capturepallet11,day,0.918447265625,0.9931282552083334,0.006871744791666667,0.07468098958333333,True,0.9272727272727272,0.9211822660098522,3179,3451,0.9211822660098522,True
data/pallet/raw_data/outside/capturepallet11/rgb/1778654528572052480.png,capturepallet11,day,0.9142350260416666,0.9920638020833333,0.007936197916666667,0.07782877604166667,True,0.922427871529668,0.9147659063625451,3048,3332,0.9105642256902761,True
data/pallet/raw_data/outside/capturepallet11/rgb/1778654528639243776.png,capturepallet11,day,0.9007063802083334,0.9912630208333333,0.008736979166666667,0.090556640625,True,0.9323753169907016,0.9267622825755264,3037,3277,0.9267622825755264,True
data/pallet/raw_data/outside/capturepallet11/rgb/1778654528740321024.png,capturepallet11,day,0.9038313802083333,0.9936588541666667,0.006341145833333333,0.08982747395833333,True,0.9156626506024096,0.9112121212121213,3007,3300,0.9112121212121213,True
data/pallet/raw_data/outside/capturepallet11/rgb/1778654528908441856.png,capturepallet11,day,0.92546875,0.9945182291666667,0.005481770833333333,0.06904947916666666,True,0.931024531024531,0.9249843063402385,2947,3186,0.9249843063402385,True
data/pallet/raw_data/outside/capturepallet11/rgb/1778654529008985600.png,capturepallet11,day,0.8958072916666666,0.9956966145833334,0.004303385416666666,0.09988932291666666,True,0.9140534262485482,0.9023424612339161,2735,3031,0.9023424612339161,True
data/pallet/raw_data/outside/capturepallet11/rgb/1778654529076072448.png,capturepallet11,day,0.9010514322916666,0.99439453125,0.00560546875,0.09334309895833333,True,0.9177758059745638,0.9057307561885385,2671,2949,0.9057307561885385,True
data/pallet/raw_data/outside/capturepallet11/rgb/1778654529143344384.png,capturepallet11,day,0.924931640625,0.9939778645833334,0.006022135416666667,0.06904622395833333,True,0.930503144654088,0.9258251105818306,2721,2939,0.9258251105818306,True
data/pallet/raw_data/outside/capturepallet11/rgb/1778654529210613248.png,capturepallet11,day,0.9120833333333334,0.9961848958333334,0.0038151041666666667,0.0841015625,True,0.963620230700976,0.960594315245478,2974,3096,0.960594315245478,True
data/pallet/raw_data/outside/capturepallet11/rgb/1778654529277662464.png,capturepallet11,day,0.89267578125,0.9926041666666666,0.007395833333333333,0.09992838541666667,True,0.9522584333905089,0.9488087572440438,2947,3106,0.9488087572440438,True
data/pallet/raw_data/outside/capturepallet11/rgb/1778654529311438336.png,capturepallet11,day,0.90291015625,0.99416015625,0.00583984375,0.09125,True,0.9268987341772152,0.9232813018930588,2780,3011,0.9232813018930588,True
data/pallet/raw_data/outside/capturepallet11/rgb/1778654529445824256.png,capturepallet11,day,0.8969401041666667,0.9955598958333334,0.004440104166666667,0.09861979166666666,True,0.9528301886792453,0.9500166611129623,2851,3001,0.9500166611129623,True
data/pallet/raw_data/outside/capturepallet11/rgb/1778654529580738304.png,capturepallet11,day,0.8897005208333333,0.990712890625,0.009287109375,0.10101236979166667,True,0.9596153846153846,0.9569855471438403,2781,2906,0.9569855471438403,True
data/pallet/raw_data/outside/capturepallet11/rgb/1778654529681059072.png,capturepallet11,day,0.8809244791666667,0.9926106770833333,0.0073893229166666664,0.11168619791666666,True,0.9840407470288625,0.982223771348902,2818,2869,0.982223771348902,True
data/pallet/raw_data/outside/capturepallet11/rgb/1778654529748454400.png,capturepallet11,day,0.8835611979166667,0.9938671875,0.0061328125,0.11030598958333333,True,0.9579630895420369,0.9556916426512968,2653,2776,0.9556916426512968,True
data/pallet/raw_data/outside/capturepallet11/rgb/1778654529815141632.png,capturepallet11,day,0.8717447916666666,0.996728515625,0.003271484375,0.12498372395833333,True,0.9773885350318471,0.9764468371467026,2902,2972,0.9764468371467026,True
data/pallet/raw_data/outside/capturepallet11/rgb/1778654529882461696.png,capturepallet11,day,0.877373046875,0.988388671875,0.011611328125,0.111015625,True,0.9674193548387097,0.9656130600903091,2780,2879,0.9656130600903091,True
data/pallet/raw_data/outside/capturepallet11/rgb/1778654529949439744.png,capturepallet11,day,0.8703190104166667,0.9948665364583333,0.005133463541666667,0.12454752604166666,True,0.9531039136302294,0.9505689900426743,2673,2812,0.9505689900426743,True
data/pallet/raw_data/outside/capturepallet11/rgb/1778654530016556544.png,capturepallet11,day,0.8818294270833333,0.992890625,0.007109375,0.11106119791666667,True,0.987012987012987,0.986228813559322,2793,2832,0.986228813559322,True
data/pallet/raw_data/outside/capturepallet11/rgb/1778654530083740160.png,capturepallet11,day,0.845234375,0.9917154947916667,0.008284505208333333,0.14648111979166667,True,0.9317880794701987,0.9228753275926619,2465,2671,0.9228753275926619,True
data/pallet/raw_data/outside/capturepallet11/rgb/1778654530150934528.png,capturepallet11,day,0.8465071614583334,0.9889615885416667,0.011038411458333333,0.14245442708333333,True,0.9200273410799726,0.9154624277456648,2534,2768,0.9122109826589595,True
data/pallet/raw_data/outside/capturepallet11/rgb/1778654530218051328.png,capturepallet11,day,0.8615169270833334,0.9901171875,0.0098828125,0.12860026041666667,True,0.936016511867905,0.9324083955887584,2621,2811,0.9324083955887584,True
data/pallet/raw_data/outside/capturepallet11/rgb/1778654530285345792.png,capturepallet11,day,0.8521451822916667,0.99345703125,0.00654296875,0.14131184895833335,True,0.9668949771689498,0.9658873131467995,2520,2609,0.9658873131467995,True
data/pallet/raw_data/outside/capturepallet11/rgb/1778654530352769024.png,capturepallet11,day,0.8643424479166667,0.9922786458333334,0.007721354166666666,0.12793619791666666,True,0.930718954248366,0.9262608695652174,2663,2875,0.9262608695652174,True
data/pallet/raw_data/outside/capturepallet11/rgb/1778654530487424000.png,capturepallet11,day,0.8577669270833334,0.993046875,0.006953125,0.13527994791666667,True,0.891984864121087,0.8857766460531102,2435,2749,0.8857766460531102,True
data/pallet/raw_data/outside/capturepallet11/rgb/1778654530587944704.png,capturepallet11,day,0.8432877604166666,0.9916764322916667,0.008323567708333333,0.148388671875,True,0.9463497453310696,0.9434300035803795,2635,2793,0.9434300035803795,True
data/pallet/raw_data/outside/capturepallet11/rgb/1778654530654982912.png,capturepallet11,day,0.8501399739583333,0.9898177083333334,0.010182291666666666,0.139677734375,True,0.98125,0.9789977892409727,2657,2714,0.9789977892409727,True
data/pallet/raw_data/outside/capturepallet11/rgb/1778654530722293504.png,capturepallet11,day,0.8263834635416667,0.9854459635416667,0.014554036458333334,0.1590625,True,0.9557007988380537,0.950801749271137,2609,2744,0.950801749271137,True
data/pallet/raw_data/outside/capturepallet11/rgb/1778654530789443584.png,capturepallet11,day,0.8369075520833333,0.9884537760416666,0.011546223958333334,0.15154622395833334,True,0.9778746228628897,0.976785086176574,2777,2843,0.976785086176574,True
data/pallet/raw_data/outside/capturepallet11/rgb/1778654530823013632.png,capturepallet11,day,0.8245345052083334,0.99044921875,0.00955078125,0.16591471354166668,True,0.9524291497975709,0.9496402877697842,2640,2780,0.9496402877697842,True
data/pallet/raw_data/outside/capturepallet11/rgb/1778654530890275840.png,capturepallet11,day,0.8405891927083333,0.987021484375,0.012978515625,0.14643229166666666,True,0.9815286624203822,0.9814230634419909,2800,2853,0.9814230634419909,True
data/pallet/raw_data/outside/capturepallet11/rgb/1778654530957452800.png,capturepallet11,day,0.8387565104166667,0.9860546875,0.0139453125,0.14729817708333334,True,0.9837011884550085,0.9806002928257687,2679,2732,0.9806002928257687,True
data/pallet/raw_data/outside/capturepallet11/rgb/1778654531024948736.png,capturepallet11,day,0.8318359375,0.9869303385416667,0.013069661458333333,0.15509440104166666,True,0.9620253164556962,0.9602780536246276,2901,3021,0.9602780536246276,True
data/pallet/raw_data/outside/capturepallet11/rgb/1778654531159236096.png,capturepallet11,day,0.8289680989583333,0.9876399739583334,0.012360026041666666,0.158671875,True,0.9550314465408805,0.9507969507969508,2744,2886,0.9507969507969508,True
data/pallet/raw_data/outside/capturepallet11/rgb/1778654531293586944.png,capturepallet11,day,0.8290657552083334,0.9868717447916666,0.013128255208333333,0.15780598958333333,True,0.9567549446865572,0.9522304179838427,2711,2847,0.9522304179838427,True
data/pallet/raw_data/outside/capturepallet11/rgb/1778654531394617600.png,capturepallet11,day,0.835283203125,0.9852278645833333,0.014772135416666667,0.14994466145833332,True,0.9616021185038067,0.9589086127547666,2917,3042,0.9589086127547666,True
data/pallet/raw_data/outside/capturepallet11/rgb/1778654531495125504.png,capturepallet11,day,0.8186100260416667,0.9852604166666666,0.014739583333333334,0.166650390625,True,0.9733552631578948,0.9721553798556205,2828,2909,0.9721553798556205,True
data/pallet/raw_data/outside/capturepallet11/rgb/1778654531528616448.png,capturepallet11,day,0.82583984375,0.98509765625,0.01490234375,0.1592578125,True,0.9453125,0.9393014581213971,2770,2949,0.9365886741268227,True
data/pallet/raw_data/outside/capturepallet11/rgb/1778654531595844608.png,capturepallet11,day,0.8179654947916667,0.9838053385416666,0.016194661458333332,0.16583984375,True,0.9656441717791411,0.961439588688946,2992,3112,0.961439588688946,True
data/pallet/raw_data/outside/capturepallet11/rgb/1778654531662853888.png,capturepallet11,day,0.824482421875,0.98779296875,0.01220703125,0.163310546875,True,0.9540880503144654,0.9494773519163763,2725,2870,0.9494773519163763,True
data/pallet/raw_data/outside/capturepallet11/rgb/1778654531730128640.png,capturepallet11,day,0.8213541666666667,0.9867708333333334,0.013229166666666667,0.16541666666666666,True,0.9521341463414634,0.9493548387096774,2943,3100,0.9493548387096774,True
data/pallet/raw_data/outside/capturepallet11/rgb/1778654531797412864.png,capturepallet11,day,0.8115364583333333,0.9878743489583334,0.012125651041666666,0.176337890625,True,0.9515151515151515,0.9466666666666667,2982,3150,0.9466666666666667,True
data/pallet/raw_data/outside/capturepallet11/rgb/1778654531898045952.png,capturepallet11,day,0.83400390625,0.9860774739583333,0.013922526041666666,0.15207356770833333,True,0.9313253012048193,0.9277070063694267,2913,3140,0.9277070063694267,True
data/pallet/raw_data/outside/capturepallet11/rgb/1778654531965337600.png,capturepallet11,day,0.8236100260416667,0.9828125,0.0171875,0.15920247395833334,True,0.9327060165383518,0.925645872715816,2938,3174,0.925645872715816,True
data/pallet/raw_data/outside/capturepallet11/rgb/1778654532032488704.png,capturepallet11,day,0.814599609375,0.984912109375,0.015087890625,0.1703125,True,0.9433734939759036,0.9394803548795945,2965,3156,0.9394803548795945,True
data/pallet/raw_data/outside/capturepallet11/rgb/1778654532066084096.png,capturepallet11,day,0.8265592447916666,0.982861328125,0.017138671875,0.15630208333333334,True,0.9520940906483075,0.9473186119873817,3003,3170,0.9473186119873817,True
data/pallet/raw_data/outside/capturepallet11/rgb/1778654532133781248.png,capturepallet11,day,0.8145703125,0.9833756510416667,0.016624348958333333,0.16880533854166666,True,0.9413919413919414,0.9353032659409021,3007,3215,0.9353032659409021,True
data/pallet/raw_data/outside/capturepallet11/rgb/1778654532200426496.png,capturepallet11,day,0.8176529947916666,0.9867415364583333,0.013258463541666666,0.16908854166666668,True,0.9604166666666667,0.9582417582417583,3052,3185,0.9582417582417583,True
data/pallet/raw_data/outside/capturepallet11/rgb/1778654532234110976.png,capturepallet11,day,0.8348567708333333,0.9870475260416667,0.012952473958333334,0.15219075520833333,True,0.9501267962806424,0.9446875,3023,3200,0.9446875,True
data/pallet/raw_data/outside/capturepallet11/rgb/1778654532301329152.png,capturepallet11,day,0.8273665364583334,0.9821516927083334,0.017848307291666667,0.15478515625,True,0.9674036281179138,0.9642296830875432,3073,3187,0.9642296830875432,True
data/pallet/raw_data/outside/capturepallet11/rgb/1778654532368476928.png,capturepallet11,day,0.816767578125,0.9839713541666667,0.016028645833333334,0.16720377604166667,True,0.9274509803921569,0.9221286831028263,3067,3326,0.9221286831028263,True
data/pallet/raw_data/outside/capturepallet11/rgb/1778654532435757056.png,capturepallet11,day,0.8502766927083333,0.9841536458333333,0.015846354166666667,0.133876953125,True,0.9242603550295858,0.9189020586400499,2946,3206,0.9189020586400499,True
data/pallet/raw_data/outside/capturepallet11/rgb/1778654532503228416.png,capturepallet11,day,0.81869140625,0.982412109375,0.017587890625,0.163720703125,True,0.9494082840236686,0.9471243042671614,3063,3234,0.9471243042671614,True
data/pallet/raw_data/outside/capturepallet11/rgb/1778654532603834624.png,capturepallet11,day,0.8133626302083333,0.9865852864583333,0.013414713541666666,0.17322265625,True,0.9470414201183432,0.9443407960199005,3037,3216,0.9443407960199005,True
data/pallet/raw_data/outside/capturepallet11/rgb/1778654532704724224.png,capturepallet11,day,0.8165104166666667,0.9874674479166666,0.012532552083333334,0.17095703125,True,0.9562130177514793,0.9526702910137512,2979,3127,0.9526702910137512,True
data/pallet/raw_data/outside/capturepallet11/rgb/1778654532772049152.png,capturepallet11,day,0.8250390625,0.9860774739583333,0.013922526041666666,0.16103841145833334,True,0.9615384615384616,0.9596022374145432,3088,3218,0.9596022374145432,True
data/pallet/raw_data/outside/capturepallet11/rgb/1778654532838841856.png,capturepallet11,day,0.8119173177083333,0.985009765625,0.014990234375,0.17309244791666667,True,0.967032967032967,0.9648164998483469,3181,3297,0.9648164998483469,True
data/pallet/raw_data/outside/capturepallet11/rgb/1778654532906328576.png,capturepallet11,day,0.8328515625,0.9840592447916666,0.015940755208333334,0.15120768229166667,True,0.9653423499577346,0.9629854368932039,3174,3296,0.9629854368932039,True
data/pallet/raw_data/outside/capturepallet11/rgb/1778654532973219584.png,capturepallet11,day,0.813251953125,0.9850325520833333,0.014967447916666666,0.17178059895833334,True,0.9366018596787827,0.9317561419472248,3072,3297,0.9317561419472248,True
data/pallet/raw_data/outside/capturepallet11/rgb/1778654533006919680.png,capturepallet11,day,0.8150846354166666,0.9822819010416667,0.017718098958333334,0.167197265625,True,0.94392786700479,0.9403753026634383,3107,3304,0.9403753026634383,True
data/pallet/raw_data/outside/capturepallet11/rgb/1778654533074038784.png,capturepallet11,day,0.8177278645833334,0.985458984375,0.014541015625,0.16773111979166666,True,0.9472789115646258,0.9443772672309553,3124,3308,0.9443772672309553,True
data/pallet/raw_data/outside/capturepallet11/rgb/1778654533141360384.png,capturepallet11,day,0.8224283854166666,0.981552734375,0.018447265625,0.15912434895833333,True,0.8947058823529411,0.8902291917973462,2952,3316,0.8884197828709288,True
data/pallet/raw_data/outside/capturepallet11/rgb/1778654533208502016.png,capturepallet11,day,0.8050748697916666,0.9781510416666667,0.021848958333333335,0.173076171875,True,0.9425190194420964,0.9386391251518833,3090,3292,0.9386391251518833,True
data/pallet/raw_data/outside/capturepallet11/rgb/1778654533275550720.png,capturepallet11,day,0.80744140625,0.9835091145833333,0.016490885416666667,0.17606770833333332,True,0.9473389355742297,0.9447725930301241,3199,3386,0.9447725930301241,True
data/pallet/raw_data/outside/capturepallet11/rgb/1778654533342766080.png,capturepallet11,day,0.8051236979166667,0.9840559895833333,0.015944010416666668,0.17893229166666666,True,0.9535080304311073,0.9505543901708121,3172,3337,0.9505543901708121,True
data/pallet/raw_data/outside/capturepallet11/rgb/1778654533376645632.png,capturepallet11,day,0.8144173177083334,0.9841178385416667,0.015882161458333332,0.16970052083333334,True,0.9579881656804734,0.955675351901767,3191,3339,0.955675351901767,True
data/pallet/raw_data/outside/capturepallet11/rgb/1778654533477546496.png,capturepallet11,day,0.8191080729166667,0.9842545572916667,0.015745442708333335,0.165146484375,True,0.9454191033138402,0.9402985074626866,3087,3283,0.9402985074626866,True
data/pallet/raw_data/outside/capturepallet11/rgb/1778654533544503552.png,capturepallet11,day,0.8205143229166667,0.9821940104166667,0.017805989583333334,0.1616796875,True,0.9281976744186047,0.924,3003,3250,0.924,True
data/pallet/raw_data/outside/capturepallet11/rgb/1778654533578182400.png,capturepallet11,day,0.8161393229166667,0.9836686197916666,0.016331380208333333,0.167529296875,True,0.9465317919075145,0.9436447166921899,3081,3265,0.9436447166921899,True
data/pallet/raw_data/outside/capturepallet11/rgb/1778654533645274368.png,capturepallet11,day,0.8119010416666667,0.984677734375,0.015322265625,0.17277669270833335,True,0.939047619047619,0.9355210132412205,3250,3474,0.9355210132412205,True
data/pallet/raw_data/outside/capturepallet11/rgb/1778654533712330240.png,capturepallet11,day,0.81626953125,0.9845052083333333,0.015494791666666667,0.16823567708333334,True,0.9497109826589596,0.9486119314825753,3212,3386,0.9486119314825753,True
data/pallet/raw_data/outside/capturepallet11/rgb/1778654533779620864.png,capturepallet11,day,0.8132682291666666,0.9838313802083334,0.01616861979166667,0.17056315104166667,True,0.9414483821263482,0.9401324503311258,3549,3775,0.9401324503311258,True
data/pallet/raw_data/outside/capturepallet11/rgb/1778654533846722048.png,capturepallet11,day,0.80064453125,0.9831119791666667,0.016888020833333333,0.18246744791666666,True,0.9420454545454545,0.9421981776765376,3309,3512,0.9421981776765376,True
data/pallet/raw_data/outside/capturepallet11/rgb/1778654533913926656.png,capturepallet11,day,0.8101888020833333,0.9817220052083333,0.018277994791666665,0.171533203125,True,0.9583333333333334,0.9532598987793987,3202,3359,0.9532598987793987,True
data/pallet/raw_data/outside/capturepallet11/rgb/1778654533981289472.png,capturepallet11,day,0.7921061197916667,0.9746484375,0.0253515625,0.18254231770833335,True,0.9675324675324676,0.9640080621940685,3348,3473,0.9640080621940685,True
data/pallet/raw_data/outside/capturepallet11/rgb/1778654534082384128.png,capturepallet11,day,0.7915625,0.9805338541666667,0.019466145833333334,0.18897135416666666,True,0.9442176870748299,0.9408710700894145,3262,3467,0.9408710700894145,True
data/pallet/raw_data/outside/capturepallet11/rgb/1778654534182943488.png,capturepallet11,day,0.8026204427083333,0.9836393229166667,0.016360677083333334,0.18101888020833334,True,0.96,0.9583571021106674,3360,3506,0.9577866514546491,True
data/pallet/raw_data/outside/capturepallet11/rgb/1778654534283755520.png,capturepallet11,day,0.8050032552083334,0.9851399739583333,0.014860026041666667,0.18013671875,True,0.9471399387129724,0.9415419373058458,3334,3541,0.9415419373058458,True
data/pallet/raw_data/outside/capturepallet11/rgb/1778654534316940800.png,capturepallet11,day,0.8038736979166666,0.9764778645833333,0.023522135416666666,0.17260416666666667,True,0.9236465781409602,0.9151722174779391,3215,3513,0.9151722174779391,True
data/pallet/raw_data/outside/capturepallet11/rgb/1778654534384099072.png,capturepallet11,day,0.8116015625,0.9846061197916667,0.015393880208333334,0.17300455729166667,True,0.9537750385208013,0.9499861072520145,3419,3599,0.9499861072520145,True
data/pallet/raw_data/outside/capturepallet11/rgb/1778654534451322624.png,capturepallet11,day,0.8095833333333333,0.985595703125,0.014404296875,0.17601236979166668,True,0.9808884297520661,0.9796423658872077,3561,3635,0.9796423658872077,True
data/pallet/raw_data/outside/capturepallet11/rgb/1778654534518647296.png,capturepallet11,day,0.8085970052083333,0.9858528645833333,0.014147135416666666,0.177255859375,True,0.9685580938344387,0.9667452212621105,3692,3819,0.9667452212621105,True
data/pallet/raw_data/outside/capturepallet11/rgb/1778654534619446016.png,capturepallet11,day,0.8049153645833333,0.9847037760416667,0.015296223958333334,0.17978841145833332,True,0.9178222907036466,0.9110556940980881,3288,3609,0.9110556940980881,True
data/pallet/raw_data/outside/capturepallet11/rgb/1778654534652969472.png,capturepallet11,day,0.8051790364583333,0.9851920572916667,0.014807942708333334,0.18001302083333334,True,0.9437596302003082,0.9367015098722415,3226,3444,0.9367015098722415,True
data/pallet/raw_data/outside/capturepallet11/rgb/1778654534720161024.png,capturepallet11,day,0.8142415364583333,0.9861458333333334,0.013854166666666667,0.171904296875,True,0.957883923985619,0.9533162539140336,3349,3513,0.9533162539140336,True
data/pallet/raw_data/outside/capturepallet11/rgb/1778654534787422208.png,capturepallet11,day,0.795205078125,0.982861328125,0.017138671875,0.18765625,True,0.9177732379979571,0.9114238410596026,3303,3624,0.9114238410596026,True
data/pallet/raw_data/outside/capturepallet11/rgb/1778654534854622720.png,capturepallet11,day,0.7954850260416667,0.9878743489583334,0.012125651041666666,0.19238932291666666,True,0.9518518518518518,0.9461418953909891,3654,3862,0.9461418953909891,True
data/pallet/raw_data/outside/capturepallet11/rgb/1778654534921834496.png,capturepallet11,day,0.8036881510416667,0.9820768229166666,0.017923177083333332,0.178388671875,True,0.9363614282244352,0.9315926892950391,3568,3830,0.9315926892950391,True
data/pallet/raw_data/outside/capturepallet11/rgb/1778654535056274944.png,capturepallet11,day,0.7915592447916666,0.98521484375,0.01478515625,0.19365559895833334,True,0.947403314917127,0.9412209889001009,3731,3964,0.9412209889001009,True
data/pallet/raw_data/outside/capturepallet11/rgb/1778654535157077760.png,capturepallet11,day,0.8142903645833334,0.9843880208333333,0.015611979166666666,0.17009765625,True,0.9543761638733705,0.9503671815649531,3753,3949,0.9503671815649531,True
data/pallet/raw_data/outside/capturepallet11/rgb/1778654535258024448.png,capturepallet11,day,0.8053092447916667,0.9869010416666667,0.013098958333333334,0.181591796875,True,0.9564917127071824,0.9521276595744681,3759,3948,0.9521276595744681,True
data/pallet/raw_data/outside/capturepallet11/rgb/1778654535324923136.png,capturepallet11,day,0.8188313802083333,0.9887272135416667,0.011272786458333333,0.16989583333333333,True,0.9562637362637363,0.9489219712525667,3697,3896,0.9489219712525667,True
data/pallet/raw_data/outside/capturepallet11/rgb/1778654535392160512.png,capturepallet11,day,0.807333984375,0.9868489583333333,0.013151041666666667,0.17951497395833332,True,0.9603651213067499,0.9588445807770961,3751,3912,0.9588445807770961,True
data/pallet/raw_data/outside/capturepallet11/rgb/1778654535425708544.png,capturepallet11,day,0.8123697916666667,0.98462890625,0.01537109375,0.17225911458333334,True,0.9448757763975155,0.9407427635172038,3445,3662,0.9407427635172038,True
data/pallet/raw_data/outside/capturepallet11/rgb/1778654535492993536.png,capturepallet11,day,0.8099934895833333,0.9856770833333334,0.014322916666666666,0.17568359375,True,0.9435255198487713,0.9380867800050748,3697,3941,0.9370718091854859,True
data/pallet/raw_data/outside/capturepallet11/rgb/1778654535560160768.png,capturepallet11,day,0.7965266927083333,0.9869075520833334,0.013092447916666666,0.190380859375,True,0.9558823529411765,0.9517543859649122,3906,4104,0.9517543859649122,True
data/pallet/raw_data/outside/capturepallet11/rgb/1778654535627386880.png,capturepallet11,day,0.789755859375,0.9774544270833333,0.022545572916666666,0.18769856770833335,True,0.9539784946236559,0.9507286606523248,4110,4323,0.9507286606523248,True
data/pallet/raw_data/outside/capturepallet11/rgb/1778654535694621184.png,capturepallet11,day,0.817041015625,0.98328125,0.01671875,0.166240234375,True,0.9208553791887125,0.9150542708824917,3878,4238,0.9150542708824917,True
data/pallet/raw_data/outside/capturepallet11/rgb/1778654535761881600.png,capturepallet11,day,0.7895670572916667,0.9800813802083334,0.019918619791666668,0.19051432291666667,True,0.9329959514170041,0.9246881619204519,3929,4249,0.9246881619204519,True
data/pallet/raw_data/outside/capturepallet11/rgb/1778654535828916480.png,capturepallet11,day,0.8035611979166667,0.9845735677083334,0.015426432291666667,0.18101236979166666,True,0.937932437932438,0.9343539781953143,4028,4311,0.9343539781953143,True
data/pallet/raw_data/outside/capturepallet11/rgb/1778654535896213248.png,capturepallet11,day,0.7963053385416666,0.9827018229166666,0.017298177083333335,0.186396484375,True,0.9021929824561403,0.8905252822778595,3628,4074,0.8892979872361315,True
data/pallet/raw_data/outside/capturepallet11/rgb/1778654535929676032.png,capturepallet11,day,0.7904654947916666,0.9845149739583333,0.015485026041666667,0.19404947916666668,True,0.9175302245250432,0.9099269040320679,3859,4241,0.9014383400141476,True
data/pallet/raw_data/outside/capturepallet11/rgb/1778654535996968192.png,capturepallet11,day,0.7868977864583333,0.9856673177083334,0.014332682291666666,0.19876953125,True,0.9561855670103093,0.9525922466137319,4079,4282,0.9525922466137319,True
data/pallet/raw_data/outside/capturepallet11/rgb/1778654536064174080.png,capturepallet11,day,0.8111783854166666,0.9818098958333333,0.018190104166666665,0.17063151041666666,True,0.9232731554160125,0.9145915246832678,4187,4578,0.9145915246832678,True
data/pallet/raw_data/outside/capturepallet11/rgb/1778654536131269120.png,capturepallet11,day,0.79958984375,0.9771647135416667,0.022835286458333333,0.17757486979166667,True,0.9274534686971235,0.9217332123411979,4063,4408,0.9217332123411979,True
data/pallet/raw_data/outside/capturepallet11/rgb/1778654536232369664.png,capturepallet11,day,0.787841796875,0.98271484375,0.01728515625,0.194873046875,True,0.904877510483337,0.9013261407057765,4010,4449,0.9013261407057765,True
data/pallet/raw_data/outside/capturepallet11/rgb/1778654536400325888.png,capturepallet11,day,0.796533203125,0.98158203125,0.01841796875,0.185048828125,True,0.9007537688442211,0.8912943344081069,3870,4342,0.8912943344081069,True
data/pallet/raw_data/outside/capturepallet11/rgb/1778654536534742784.png,capturepallet11,day,0.817763671875,0.9798372395833334,0.020162760416666668,0.16207356770833334,True,0.9357281553398058,0.9308688387635756,4457,4788,0.9308688387635756,True
data/pallet/raw_data/outside/capturepallet11/rgb/1778654536635524864.png,capturepallet11,day,0.8213606770833334,0.9773111979166667,0.022688802083333334,0.15595052083333333,True,0.9379045307443366,0.9319915254237288,4399,4720,0.9319915254237288,True
data/pallet/raw_data/outside/capturepallet11/rgb/1778654536702610176.png,capturepallet11,day,0.7929654947916667,0.9823763020833334,0.017623697916666667,0.18941080729166668,True,0.9334935897435898,0.931098696461825,4500,4833,0.931098696461825,True
data/pallet/raw_data/outside/capturepallet11/rgb/1778654536769688832.png,capturepallet11,day,0.7918359375,0.9747395833333333,0.025260416666666667,0.18290364583333332,True,0.8975,0.8875290145600337,4206,4739,0.8875290145600337,True
data/pallet/raw_data/outside/capturepallet11/rgb/1778654536836835328.png,capturepallet11,day,0.7865983072916667,0.9759928385416666,0.024007161458333332,0.18939453125,True,0.9225108225108225,0.9211706900234993,4312,4681,0.9211706900234993,True
data/pallet/raw_data/outside/capturepallet11/rgb/1778654536904032000.png,capturepallet11,day,0.8238053385416667,0.975478515625,0.024521484375,0.15167317708333333,True,0.8968944099378882,0.8918634064080945,4231,4744,0.8918634064080945,True
data/pallet/raw_data/outside/capturepallet11/rgb/1778654536971565312.png,capturepallet11,day,0.7863444010416667,0.976416015625,0.023583984375,0.19007161458333333,True,0.9314018691588785,0.9315145813734713,4951,5315,0.9315145813734713,True
data/pallet/raw_data/outside/capturepallet11/rgb/1778654537105782784.png,capturepallet11,day,0.8092024739583333,0.9791276041666667,0.020872395833333335,0.16992513020833333,True,0.9003001715265866,0.8956668068994531,4258,4754,0.8956668068994531,True
data/pallet/raw_data/outside/capturepallet11/rgb/1778654537206558464.png,capturepallet11,day,0.7935091145833333,0.978388671875,0.021611328125,0.18487955729166666,True,0.9322310675648091,0.9214703425229741,4412,4788,0.9189640768588136,True
data/pallet/raw_data/outside/capturepallet11/rgb/1778654537274169088.png,capturepallet11,day,0.806904296875,0.9775032552083334,0.022496744791666665,0.17059895833333333,True,0.9314145744029394,0.9302185682775216,4639,4987,0.9302185682775216,True
data/pallet/raw_data/outside/capturepallet11/rgb/1778654537340934144.png,capturepallet11,day,0.7904036458333333,0.9763802083333334,0.023619791666666667,0.1859765625,True,0.9077610727346607,0.9059085390530149,4477,4942,0.9040874140024282,True
data/pallet/raw_data/outside/capturepallet11/rgb/1778654537408133632.png,capturepallet11,day,0.7991927083333333,0.9778515625,0.0221484375,0.17865885416666666,True,0.9374031007751938,0.934503846912606,4737,5069,0.934503846912606,True
data/pallet/raw_data/outside/capturepallet11/rgb/1778654537475148032.png,capturepallet11,day,0.789794921875,0.9792805989583333,0.020719401041666665,0.18948567708333333,True,0.9190821256038647,0.9179995950597287,4534,4939,0.9179995950597287,True
data/pallet/raw_data/outside/capturepallet11/rgb/1778654537508919552.png,capturepallet11,day,0.7891959635416667,0.9733723958333333,0.026627604166666666,0.18417643229166666,True,0.918016975308642,0.9168110918544194,4761,5193,0.9156556903523975,True
data/pallet/raw_data/outside/capturepallet11/rgb/1778654537575953664.png,capturepallet11,day,0.79060546875,0.97578125,0.02421875,0.18517578125,True,0.8918721461187215,0.8869581821653618,4645,5237,0.8678632805041054,True
data/pallet/raw_data/outside/capturepallet11/rgb/1778654537677035520.png,capturepallet11,day,0.778447265625,0.9687076822916667,0.031292317708333336,0.19026041666666665,True,0.9093577981651376,0.9041858678955453,4709,5208,0.9041858678955453,True
data/pallet/raw_data/outside/capturepallet11/rgb/1778654537743926784.png,capturepallet11,day,0.7915787760416667,0.9755305989583334,0.02446940104166667,0.18395182291666667,True,0.8988636363636363,0.8975346687211094,4660,5192,0.8929121725731896,True
data/pallet/raw_data/outside/capturepallet11/rgb/1778654537811173632.png,capturepallet11,day,0.7988639322916666,0.9750325520833333,0.024967447916666666,0.17616861979166668,True,0.9011009174311927,0.8972942073170732,4709,5248,0.8965320121951219,True
data/pallet/raw_data/outside/capturepallet11/rgb/1778654537844916224.png,capturepallet11,day,0.7937434895833333,0.9736653645833333,0.026334635416666665,0.179921875,True,0.8981818181818182,0.8951642672572905,4850,5418,0.8951642672572905,True
data/pallet/raw_data/outside/capturepallet11/rgb/1778654537912020480.png,capturepallet11,day,0.7914680989583334,0.9780989583333334,0.021901041666666666,0.186630859375,True,0.9190909090909091,0.9147888657451241,4831,5281,0.9049422457867828,True
data/pallet/raw_data/outside/capturepallet11/rgb/1778654537979236096.png,capturepallet11,day,0.7851529947916667,0.9780305989583333,0.021969401041666666,0.19287760416666666,True,0.9420627802690583,0.9403961475558786,5175,5503,0.9403961475558786,True
data/pallet/raw_data/outside/capturepallet11/rgb/1778654538046514944.png,capturepallet11,day,0.7965592447916666,0.9769498697916666,0.023050130208333332,0.180390625,True,0.890724057390724,0.8866925520649488,5024,5666,0.8842216731380163,True
data/pallet/raw_data/outside/capturepallet11/rgb/1778654538113751808.png,capturepallet11,day,0.7952766927083333,0.9757194010416667,0.024280598958333333,0.18044270833333334,True,0.8898273273273273,0.8891006097560976,4666,5248,0.8879573170731707,True
data/pallet/raw_data/outside/capturepallet11/rgb/1778654538181061376.png,capturepallet11,day,0.7851334635416667,0.9738802083333333,0.026119791666666666,0.18874674479166667,True,0.914050822122571,0.9164233576642336,5022,5480,0.9164233576642336,True
data/pallet/raw_data/outside/capturepallet11/rgb/1778654538315654400.png,capturepallet11,day,0.7952115885416666,0.9783561197916667,0.021643880208333334,0.18314453125,True,0.9431818181818182,0.9422782874617737,4930,5232,0.9422782874617737,True
data/pallet/raw_data/outside/capturepallet11/rgb/1778654538483679232.png,capturepallet11,day,0.8040950520833333,0.985654296875,0.014345703125,0.18155924479166666,True,0.9087837837837838,0.9108007448789571,4891,5370,0.9091247672253259,True
data/pallet/raw_data/outside/capturepallet11/rgb/1778654538651671296.png,capturepallet11,day,0.8255110677083334,0.9899869791666667,0.010013020833333334,0.16447591145833335,True,0.91,0.910958904109589,5054,5548,0.910958904109589,True
data/pallet/raw_data/outside/capturepallet11/rgb/1778654538819284992.png,capturepallet11,day,0.81048828125,0.98529296875,0.01470703125,0.1748046875,True,0.9243618618618619,0.9257028112449799,5071,5478,0.9257028112449799,True
data/pallet/raw_data/outside/capturepallet11/rgb/1778654538953543680.png,capturepallet11,day,0.8411393229166667,0.9876041666666666,0.012395833333333333,0.14646484375,True,0.9585253456221198,0.9560985299960271,4813,5034,0.9560985299960271,True
data/pallet/raw_data/outside/capturepallet11/rgb/1778654539088260608.png,capturepallet11,day,0.8297981770833334,0.988466796875,0.011533203125,0.15866861979166666,True,0.9216901408450704,0.9196564885496183,4819,5240,0.9196564885496183,True
data/pallet/raw_data/outside/capturepallet11/rgb/1778654539188567040.png,capturepallet11,day,0.8485384114583333,0.9894368489583333,0.010563151041666666,0.1408984375,True,0.9136150234741784,0.9082183563287343,4542,5001,0.9074185162967406,True
data/pallet/raw_data/outside/capturepallet11/rgb/1778654539222088960.png,capturepallet11,day,0.85158203125,0.99361328125,0.00638671875,0.14203125,True,0.8900934579439252,0.8881566194999031,4582,5159,0.8815661949990308,True
data/pallet/raw_data/outside/capturepallet11/rgb/1778654539289390336.png,capturepallet11,day,0.8548828125,0.99375,0.00625,0.1388671875,True,0.9162717219589257,0.916422000391466,4682,5109,0.9048737522019965,True
data/pallet/raw_data/outside/capturepallet11/rgb/1778654539356538112.png,capturepallet11,day,0.8570345052083334,0.9937337239583334,0.006266276041666667,0.13669921875,True,0.9145283018867925,0.9129608513873052,4804,5262,0.9099201824401368,True
data/pallet/raw_data/outside/capturepallet11/rgb/1778654539423680512.png,capturepallet11,day,0.8643522135416667,0.9924739583333333,0.007526041666666667,0.12812174479166666,True,0.8971698113207547,0.8965255363584583,4722,5267,0.8781089804442757,True
data/pallet/raw_data/outside/capturepallet11/rgb/1778654539490998016.png,capturepallet11,day,0.87220703125,0.9915104166666666,0.008489583333333333,0.11930338541666667,True,0.910377358490566,0.9068019541525743,4826,5322,0.9068019541525743,True
data/pallet/raw_data/outside/capturepallet11/rgb/1778654539558268672.png,capturepallet11,day,0.8757389322916667,0.994482421875,0.005517578125,0.11874348958333333,True,0.9174261757200146,0.9125934445083381,4761,5217,0.9014759440291356,True
data/pallet/raw_data/outside/capturepallet11/rgb/1778654539659140864.png,capturepallet11,day,0.8576595052083333,0.994736328125,0.005263671875,0.13707682291666667,True,0.9152387896463726,0.9139764881507744,4898,5359,0.910990856503079,True
data/pallet/raw_data/outside/capturepallet11/rgb/1778654539726229504.png,capturepallet11,day,0.8960286458333333,0.9939680989583334,0.006031901041666667,0.097939453125,True,0.9034741784037559,0.8990624376620786,4507,5013,0.8990624376620786,True
data/pallet/raw_data/outside/capturepallet11/rgb/1778654539793418752.png,capturepallet11,day,0.8890299479166667,0.9960611979166667,0.003938802083333333,0.10703125,True,0.9175586854460094,0.9132993330717929,4656,5098,0.9132993330717929,True
data/pallet/raw_data/outside/capturepallet11/rgb/1778654539860692480.png,capturepallet11,day,0.879072265625,0.9920540364583333,0.007945963541666667,0.11298177083333333,True,0.907979870596693,0.9031279620853081,4764,5275,0.9031279620853081,True
data/pallet/raw_data/outside/capturepallet11/rgb/1778654539928011776.png,capturepallet11,day,0.8766634114583334,0.990556640625,0.009443359375,0.11389322916666667,True,0.8931022029613579,0.8842456346870708,4507,5097,0.8830684716499901,True
data/pallet/raw_data/outside/capturepallet11/rgb/1778654539995045120.png,capturepallet11,day,0.8847233072916667,0.9945703125,0.0054296875,0.10984700520833333,True,0.9046728971962616,0.9022324865280985,4688,5196,0.9022324865280985,True
data/pallet/raw_data/outside/capturepallet11/rgb/1778654540062303744.png,capturepallet11,day,0.887548828125,0.99013671875,0.00986328125,0.102587890625,True,0.9081595974119339,0.8995415587004186,4513,5017,0.8977476579629261,True
data/pallet/raw_data/outside/capturepallet11/rgb/1778654540129392384.png,capturepallet11,day,0.8979752604166666,0.99484375,0.00515625,0.09686848958333333,True,0.8950904392764858,0.8830261881668283,4552,5155,0.8830261881668283,True
data/pallet/raw_data/outside/capturepallet11/rgb/1778654540196596736.png,capturepallet11,day,0.905,0.99552734375,0.00447265625,0.09052734375,True,0.8968518518518519,0.8934127136546957,4652,5207,0.8922604186671788,True
data/pallet/raw_data/outside/capturepallet11/rgb/1778654540230129152.png,capturepallet11,day,0.9053190104166666,0.9957063802083334,0.0042936197916666665,0.09038736979166667,True,0.8987906976744187,0.8938018922571925,4629,5179,0.8918710175709597,True
data/pallet/raw_data/outside/capturepallet11/rgb/1778654540297422080.png,capturepallet11,day,0.9046614583333333,0.9937727864583333,0.006227213541666667,0.089111328125,True,0.9048716260697828,0.8957715133531158,4830,5392,0.8957715133531158,True
data/pallet/raw_data/outside/capturepallet11/rgb/1778654540364552704.png,capturepallet11,day,0.9046256510416667,0.992294921875,0.007705078125,0.08766927083333333,True,0.8774928774928775,0.8711903392754456,4545,5217,0.8671650373778034,True
data/pallet/raw_data/outside/capturepallet11/rgb/1778654540431697920.png,capturepallet11,day,0.9012467447916667,0.995048828125,0.004951171875,0.09380208333333333,True,0.9037713512599357,0.8959731543624161,4806,5364,0.8931767337807607,True
data/pallet/raw_data/outside/capturepallet11/rgb/1778654540499126016.png,capturepallet11,day,0.9146354166666667,0.993525390625,0.006474609375,0.07888997395833333,True,0.8830419580419581,0.8784715750232992,4713,5365,0.8784715750232992,True
data/pallet/raw_data/outside/capturepallet11/rgb/1778654540566206720.png,capturepallet11,day,0.90759765625,0.989814453125,0.010185546875,0.082216796875,True,0.9005050505050505,0.8874249176516179,4580,5161,0.8874249176516179,True
data/pallet/raw_data/outside/capturepallet11/rgb/1778654540633394176.png,capturepallet11,day,0.9159635416666667,0.9942805989583333,0.0057194010416666665,0.07831705729166667,True,0.8812145478812146,0.87226738934056,4828,5535,0.8711833785004517,True
data/pallet/raw_data/outside/capturepallet11/rgb/1778654540700460800.png,capturepallet11,day,0.9236002604166667,0.9926009114583333,0.007399088541666667,0.06900065104166667,True,0.9050288276745676,0.8979484481851657,5121,5703,0.8979484481851657,True
data/pallet/raw_data/outside/capturepallet11/rgb/1778654540767799296.png,capturepallet11,day,0.9226920572916667,0.9912890625,0.0087109375,0.06859700520833334,True,0.9075742409075742,0.9007524184879971,5028,5582,0.9007524184879971,True
data/pallet/raw_data/outside/capturepallet11/rgb/1778654540834956032.png,capturepallet11,day,0.9235026041666666,0.992939453125,0.007060546875,0.06943684895833334,True,0.9239886219974716,0.9160493827160494,5194,5670,0.9160493827160494,True
data/pallet/raw_data/outside/capturepallet11/rgb/1778654540868410880.png,capturepallet11,day,0.9242220052083333,0.9945084635416667,0.005491536458333333,0.07028645833333333,True,0.9205827067669173,0.9103373624391123,5046,5543,0.8962655601659751,True
data/pallet/raw_data/outside/capturepallet11/rgb/1778654540969645568.png,capturepallet11,day,0.93908203125,0.9940299479166667,0.005970052083333333,0.054947916666666666,True,0.9175465838509317,0.9113457348751466,5438,5967,0.9113457348751466,True
data/pallet/raw_data/outside/capturepallet11/rgb/1778654541137946624.png,capturepallet11,day,0.9383463541666667,0.9941015625,0.0058984375,0.055755208333333334,True,0.9233618233618234,0.9134150274105127,5665,6202,0.9134150274105127,True
data/pallet/raw_data/outside/capturepallet11/rgb/1778654541271995136.png,capturepallet11,day,0.9309049479166667,0.9909765625,0.0090234375,0.060071614583333335,True,0.887816091954023,0.8790041493775934,5296,6025,0.8765145228215767,True
data/pallet/raw_data/outside/capturepallet11/rgb/1778654541406340096.png,capturepallet11,day,0.930087890625,0.9951399739583333,0.004860026041666667,0.06505208333333333,True,0.9103030303030303,0.8987692841046975,5185,5769,0.8965158606344253,True
data/pallet/raw_data/outside/capturepallet11/rgb/1778654541473361152.png,capturepallet11,day,0.9243359375,0.9904947916666667,0.009505208333333333,0.06615885416666667,True,0.8967106308596854,0.8891541609822646,5214,5864,0.8891541609822646,True
data/pallet/raw_data/outside/capturepallet11/rgb/1778654541540416768.png,capturepallet11,day,0.9352799479166667,0.992568359375,0.007431640625,0.057288411458333334,True,0.9211637021404884,0.9119958988380041,5337,5852,0.9119958988380041,True
data/pallet/raw_data/outside/capturepallet11/rgb/1778654541641282816.png,capturepallet11,day,0.9317122395833334,0.9934765625,0.0065234375,0.06176432291666667,True,0.9154351395730707,0.9084837545126354,5033,5540,0.9074007220216607,True
data/pallet/raw_data/outside/capturepallet11/rgb/1778654541675037440.png,capturepallet11,day,0.91447265625,0.9925553385416667,0.007444661458333333,0.07808268229166666,True,0.9208051476654018,0.9132200886262924,4946,5416,0.9132200886262924,True
data/pallet/raw_data/outside/capturepallet11/rgb/1778654541741966080.png,capturepallet11,day,0.938310546875,0.9918522135416666,0.008147786458333334,0.05354166666666667,True,0.9064510806797558,0.8983976693372178,4934,5492,0.8973051711580481,True
data/pallet/raw_data/outside/capturepallet11/rgb/1778654541809320448.png,capturepallet11,day,0.929638671875,0.992353515625,0.007646484375,0.06271484375,True,0.9040119363395226,0.8920519679021781,4669,5234,0.8920519679021781,True
data/pallet/raw_data/outside/capturepallet11/rgb/1778654541876419072.png,capturepallet11,day,0.9355794270833333,0.9928450520833333,0.007154947916666667,0.057265625,True,0.9047143095119107,0.8964688482159364,4849,5409,0.8964688482159364,True
data/pallet/raw_data/outside/capturepallet11/rgb/1778654541943801344.png,capturepallet11,day,0.9258072916666666,0.9917317708333333,0.008268229166666667,0.06592447916666666,True,0.9171289875173371,0.9143792037811307,5030,5501,0.9143792037811307,True
data/pallet/raw_data/outside/capturepallet11/rgb/1778654542010784256.png,capturepallet11,day,0.928193359375,0.9938313802083333,0.0061686197916666664,0.06563802083333334,True,0.9184188393608074,0.9121140142517815,4992,5473,0.9115658688105244,True
data/pallet/raw_data/outside/capturepallet11/rgb/1778654542077979648.png,capturepallet11,day,0.9213932291666667,0.991162109375,0.008837890625,0.06976888020833333,True,0.9316920943134536,0.9258350632194754,4906,5299,0.9258350632194754,True
data/pallet/raw_data/outside/capturepallet11/rgb/1778654542145166080.png,capturepallet11,day,0.9350618489583333,0.9931575520833333,0.006842447916666667,0.058095703125,True,0.9211165048543689,0.9141622839969947,4867,5324,0.9122839969947408,True
data/pallet/raw_data/outside/capturepallet11/rgb/1778654542212353024.png,capturepallet11,day,0.9214453125,0.9873404947916666,0.012659505208333333,0.06589518229166667,True,0.9316620879120879,0.9293213348331458,4957,5334,0.9293213348331458,True
data/pallet/raw_data/outside/capturepallet11/rgb/1778654542279547136.png,capturepallet11,day,0.9156510416666667,0.99091796875,0.00908203125,0.07526692708333334,True,0.9250793650793651,0.9150786308973173,4946,5405,0.9150786308973173,True
data/pallet/raw_data/outside/capturepallet11/rgb/1778654542380464896.png,capturepallet11,day,0.935283203125,0.993154296875,0.006845703125,0.05787109375,True,0.9422576447625244,0.9363588016309166,5282,5641,0.9363588016309166,True
data/pallet/raw_data/outside/capturepallet11/rgb/1778654542447886592.png,capturepallet11,day,0.9226236979166667,0.991962890625,0.008037109375,0.06933919270833333,True,0.9177841634738186,0.9132704614348265,5423,5938,0.9132704614348265,True
data/pallet/raw_data/outside/capturepallet11/rgb/1778654542548779520.png,capturepallet11,day,0.92861328125,0.9900520833333334,0.009947916666666667,0.061438802083333334,True,0.874384236453202,0.8612051455653351,5088,5908,0.8584969532836831,True
data/pallet/raw_data/outside/capturepallet11/rgb/1778654542716963584.png,capturepallet11,day,0.935927734375,0.994921875,0.005078125,0.058994140625,True,0.9041319857312723,0.8928571428571429,5350,5992,0.8901869158878505,True
data/pallet/raw_data/outside/capturepallet11/rgb/1778654542817299200.png,capturepallet11,day,0.9407194010416666,0.9925390625,0.0074609375,0.05181966145833333,True,0.9014348097317529,0.88625678119349,4901,5530,0.8822784810126583,True
data/pallet/raw_data/outside/capturepallet11/rgb/1778654542884237568.png,capturepallet11,day,0.9286653645833334,0.9901204427083333,0.009879557291666667,0.061455078125,True,0.8588929219600726,0.843279797125951,4988,5915,0.8405748098055791,True
data/pallet/raw_data/outside/capturepallet11/rgb/1778654542951427584.png,capturepallet11,day,0.930283203125,0.994541015625,0.005458984375,0.0642578125,True,0.9110073784068664,0.9017071908949819,5229,5799,0.9017071908949819,True
data/pallet/raw_data/outside/capturepallet11/rgb/1778654543018501376.png,capturepallet11,day,0.92630859375,0.9927180989583333,0.007281901041666667,0.06640950520833333,True,0.8960363872644574,0.8845733041575492,4851,5484,0.8827498176513494,True
data/pallet/raw_data/outside/capturepallet11/rgb/1778654543085632256.png,capturepallet11,day,0.9163802083333333,0.9929036458333333,0.007096354166666667,0.0765234375,True,0.9186862244897959,0.9107142857142857,5202,5712,0.9107142857142857,True
data/pallet/raw_data/outside/capturepallet11/rgb/1778654543152904192.png,capturepallet11,day,0.9184798177083333,0.9924609375,0.0075390625,0.07398111979166666,True,0.9027777777777778,0.8937294932555596,4903,5486,0.8937294932555596,True
data/pallet/raw_data/outside/capturepallet11/rgb/1778654543220592384.png,capturepallet11,day,0.9161653645833333,0.9931022135416666,0.0068977864583333335,0.07693684895833333,True,0.9117063492063492,0.902896398069068,4863,5386,0.902896398069068,True
data/pallet/raw_data/outside/capturepallet11/rgb/1778654543354870016.png,capturepallet11,day,0.9286295572916666,0.9934016927083333,0.006598307291666667,0.06477213541666667,True,0.8915701415701416,0.8809393773894046,4839,5493,0.8809393773894046,True
data/pallet/raw_data/outside/capturepallet11/rgb/1778654543522867456.png,capturepallet11,day,0.9145279947916667,0.9934147135416667,0.006585286458333333,0.07888671875,True,0.9098173515981736,0.9039800107085489,5065,5603,0.9039800107085489,True
data/pallet/raw_data/outside/capturepallet11/rgb/1778654543656851968.png,capturepallet11,day,0.9006640625,0.9941796875,0.0058203125,0.093515625,True,0.8997695852534562,0.8896829759941359,4855,5457,0.8896829759941359,True
data/pallet/raw_data/outside/capturepallet11/rgb/1778654543724225792.png,capturepallet11,day,0.917998046875,0.9942643229166667,0.005735677083333333,0.07626627604166666,True,0.8810375670840788,0.873144399460189,4529,5187,0.8669751301330249,True
data/pallet/raw_data/outside/capturepallet11/rgb/1778654543757779200.png,capturepallet11,day,0.9091796875,0.9928841145833334,0.007115885416666667,0.08370442708333334,True,0.8668911733427862,0.85785536159601,4472,5213,0.85785536159601,True
data/pallet/raw_data/outside/capturepallet11/rgb/1778654543824902400.png,capturepallet11,day,0.8983854166666667,0.9954459635416667,0.004554036458333333,0.097060546875,True,0.8824586628324946,0.8771331058020477,4626,5274,0.8771331058020477,True
data/pallet/raw_data/outside/capturepallet11/rgb/1778654543892158464.png,capturepallet11,day,0.89955078125,0.9951204427083333,0.004879557291666667,0.09556966145833333,True,0.9051754696915987,0.8963822257176564,4559,5086,0.8885174990169091,True
data/pallet/raw_data/outside/capturepallet11/rgb/1778654543959281408.png,capturepallet11,day,0.8961393229166666,0.9911490885416666,0.008850911458333333,0.095009765625,True,0.9054205607476635,0.902047913446677,4669,5176,0.902047913446677,True
data/pallet/raw_data/outside/capturepallet11/rgb/1778654544026540288.png,capturepallet11,day,0.870322265625,0.9916243489583333,0.008375651041666666,0.12130208333333334,True,0.882803738317757,0.878887386517288,4550,5177,0.877728414139463,True
data/pallet/raw_data/outside/capturepallet11/rgb/1778654544093668608.png,capturepallet11,day,0.8846419270833333,0.99365234375,0.00634765625,0.10901041666666667,True,0.9061032863849765,0.9011685482273718,4550,5049,0.9011685482273718,True
data/pallet/raw_data/outside/capturepallet11/rgb/1778654544228542720.png,capturepallet11,day,0.870771484375,0.991298828125,0.008701171875,0.12052734375,True,0.8768075117370892,0.8741431835491241,4591,5252,0.8693830921553694,True
data/pallet/raw_data/outside/capturepallet11/rgb/1778654544362738176.png,capturepallet11,day,0.8739322916666666,0.9920735677083333,0.007926432291666667,0.11814127604166667,True,0.9018691588785047,0.9003221908981072,4471,4966,0.8991139750302054,True
data/pallet/raw_data/outside/capturepallet11/rgb/1778654544429637632.png,capturepallet11,day,0.8552506510416666,0.9879069010416667,0.012093098958333333,0.13265625,True,0.9008450704225353,0.8972069162074863,4722,5263,0.8956868706061182,True
data/pallet/raw_data/outside/capturepallet11/rgb/1778654544496870656.png,capturepallet11,day,0.86650390625,0.9921028645833333,0.007897135416666666,0.12559895833333334,True,0.8927102803738318,0.890279114533205,4625,5195,0.8837343599615014,True
data/pallet/raw_data/outside/capturepallet11/rgb/1778654544564132352.png,capturepallet11,day,0.8689680989583334,0.9911783854166667,0.008821614583333333,0.12221028645833333,True,0.8661682242990654,0.8617624810892587,4557,5288,0.8439863842662633,True
data/pallet/raw_data/outside/capturepallet11/rgb/1778654544631380992.png,capturepallet11,day,0.8486555989583333,0.99162109375,0.00837890625,0.14296549479166668,True,0.861046511627907,0.8574789257008429,4374,5101,0.8574789257008429,True
data/pallet/raw_data/outside/capturepallet11/rgb/1778654544698655488.png,capturepallet11,day,0.8437565104166667,0.991875,0.008125,0.14811848958333335,True,0.9018132716049383,0.9018817204301075,4697,5208,0.9011136712749616,True
data/pallet/raw_data/outside/capturepallet11/rgb/1778654544765913088.png,capturepallet11,day,0.8611295572916666,0.9939615885416667,0.0060384114583333336,0.13283203125,True,0.9257142857142857,0.9240434037692747,4854,5253,0.9240434037692747,True
data/pallet/raw_data/outside/capturepallet11/rgb/1778654544832920832.png,capturepallet11,day,0.8338736979166667,0.9886100260416667,0.011389973958333334,0.154736328125,True,0.8948688271604939,0.8940030557677616,4681,5236,0.8861726508785333,True
data/pallet/raw_data/outside/capturepallet11/rgb/1778654544900225024.png,capturepallet11,day,0.8474186197916667,0.98736328125,0.01263671875,0.13994466145833334,True,0.8822222222222222,0.8809478310720428,4610,5233,0.8706287024651251,True
data/pallet/raw_data/outside/capturepallet11/rgb/1778654544967251200.png,capturepallet11,day,0.8430305989583333,0.9881282552083334,0.011871744791666666,0.14509765625,True,0.8925546930134086,0.8886038842066691,4850,5458,0.8867717112495419,True
data/pallet/raw_data/outside/capturepallet11/rgb/1778654545034535936.png,capturepallet11,day,0.8297623697916666,0.9854296875,0.0145703125,0.15566731770833334,True,0.8818493150684932,0.8812664907651715,4676,5306,0.8765548435733133,True
data/pallet/raw_data/outside/capturepallet11/rgb/1778654545135402752.png,capturepallet11,day,0.8209114583333333,0.9865950520833333,0.013404947916666667,0.16568359375,True,0.8770833333333333,0.8812398630383853,4890,5549,0.8812398630383853,True
data/pallet/raw_data/outside/capturepallet11/rgb/1778654545236237568.png,capturepallet11,day,0.811943359375,0.9895703125,0.0104296875,0.177626953125,True,0.9001141552511416,0.9015878877400295,4883,5416,0.9015878877400295,True
data/pallet/raw_data/outside/capturepallet11/rgb/1778654545303325184.png,capturepallet11,day,0.841259765625,0.9884895833333334,0.011510416666666667,0.14722981770833332,True,0.8776470588235294,0.8795223667795402,4935,5611,0.8795223667795402,True
data/pallet/raw_data/outside/capturepallet11/rgb/1778654545370522624.png,capturepallet11,day,0.826171875,0.98974609375,0.01025390625,0.16357421875,True,0.9207142857142857,0.9223231783360057,5177,5613,0.9205415998574737,True
data/pallet/raw_data/outside/capturepallet11/rgb/1778654545404199680.png,capturepallet11,day,0.8220670572916666,0.990009765625,0.009990234375,0.16794270833333333,True,0.9294222222222223,0.9299617657281891,5351,5754,0.9299617657281891,True
data/pallet/raw_data/outside/capturepallet11/rgb/1778654545471225088.png,capturepallet11,day,0.81126953125,0.9900260416666666,0.009973958333333333,0.17875651041666665,True,0.9452433628318584,0.9456845238095238,5084,5376,0.9445684523809523,True
data/pallet/raw_data/outside/capturepallet11/rgb/1778654545538428672.png,capturepallet11,day,0.8060970052083334,0.984140625,0.015859375,0.17804361979166666,True,0.9246018298881735,0.9244536224401996,5372,5811,0.9244536224401996,True
data/pallet/raw_data/outside/capturepallet11/rgb/1778654545673394432.png,capturepallet11,day,0.794033203125,0.9862044270833333,0.013795572916666667,0.19217122395833333,True,0.9201739130434783,0.9205607476635514,5319,5778,0.9205607476635514,True
data/pallet/raw_data/outside/capturepallet11/rgb/1778654545841043200.png,capturepallet11,day,0.7876822916666667,0.9827669270833334,0.017233072916666668,0.19508463541666668,True,0.8696219035202086,0.8697280573196547,5341,6141,0.8674482983227487,True
data/pallet/raw_data/outside/capturepallet11/rgb/1778654545908087040.png,capturepallet11,day,0.7994596354166666,0.9823046875,0.0176953125,0.18284505208333332,True,0.8911342894393742,0.8902277979531198,5393,6058,0.8856058104985144,True
data/pallet/raw_data/outside/capturepallet11/rgb/1778654545975204096.png,capturepallet11,day,0.7747884114583333,0.9769205729166667,0.023079427083333333,0.20213216145833332,True,0.9019954940457032,0.9039082687338501,5597,6192,0.9022932816537468,True
data/pallet/raw_data/outside/capturepallet11/rgb/1778654546076044544.png,capturepallet11,day,0.794072265625,0.97529296875,0.02470703125,0.181220703125,True,0.9355648535564853,0.934270765206017,5714,6116,0.934270765206017,True
data/pallet/raw_data/outside/capturepallet11/rgb/1778654546143171072.png,capturepallet11,day,0.799150390625,0.9731966145833333,0.026803385416666665,0.17404622395833333,True,0.8570954356846473,0.859337874227784,5425,6313,0.8585458577538413,True
data/pallet/raw_data/outside/capturepallet11/rgb/1778654546210446848.png,capturepallet11,day,0.8031966145833334,0.9766796875,0.0233203125,0.17348307291666668,True,0.908284023668639,0.9088709677419354,5635,6200,0.9075806451612903,True
data/pallet/raw_data/outside/capturepallet11/rgb/1778654546244070400.png,capturepallet11,day,0.7887923177083334,0.97896484375,0.02103515625,0.19017252604166668,True,0.9018181818181819,0.9021592442645074,5348,5928,0.9021592442645074,True
data/pallet/raw_data/outside/capturepallet11/rgb/1778654546311090944.png,capturepallet11,day,0.7881575520833334,0.9769303385416667,0.023069661458333335,0.18877278645833334,True,0.9272162814763711,0.9274380165289257,5611,6050,0.9264462809917355,True
data/pallet/raw_data/outside/capturepallet11/rgb/1778654546412209664.png,capturepallet11,day,0.792412109375,0.977919921875,0.022080078125,0.1855078125,True,0.9403120464441219,0.9409619725646814,5419,5759,0.9409619725646814,True
data/pallet/raw_data/outside/capturepallet11/rgb/1778654546580401664.png,capturepallet11,day,0.7838736979166666,0.973251953125,0.026748046875,0.18937825520833335,True,0.8999050332383666,0.9000937207122774,4802,5335,0.8980318650421744,True
data/pallet/raw_data/outside/capturepallet11/rgb/1778654546714515968.png,capturepallet11,day,0.79044921875,0.9701009114583333,0.029899088541666667,0.17965169270833334,True,0.9217649239896181,0.9188191881918819,4731,5149,0.9188191881918819,True
data/pallet/raw_data/outside/capturepallet11/rgb/1778654546815177984.png,capturepallet11,day,0.8058138020833333,0.9735221354166667,0.026477864583333333,0.16770833333333332,True,0.914945054945055,0.9143352851875949,4216,4611,0.9123834309260465,True
data/pallet/raw_data/outside/capturepallet11/rgb/1778654546882385152.png,capturepallet11,day,0.7950716145833333,0.9691080729166667,0.030891927083333333,0.17403645833333334,True,0.9009411764705882,0.9044283777677361,4003,4426,0.9017171260732038,True
data/pallet/raw_data/outside/capturepallet11/rgb/1778654546949738752.png,capturepallet11,day,0.7875716145833334,0.9687565104166667,0.031243489583333332,0.18118489583333333,True,0.9010141093474426,0.8988095238095238,4077,4536,0.8842592592592593,True
data/pallet/raw_data/outside/capturepallet11/rgb/1778654547016672000.png,capturepallet11,day,0.7729947916666666,0.9688313802083334,0.031168619791666668,0.19583658854166666,True,0.9179796107506951,0.9172366621067032,4023,4386,0.908344733242134,True
data/pallet/raw_data/outside/capturepallet11/rgb/1778654547117767168.png,capturepallet11,day,0.7991634114583334,0.9672786458333333,0.03272135416666667,0.168115234375,True,0.9469286359530262,0.9468134957825679,4041,4268,0.9432989690721649,True
data/pallet/raw_data/outside/capturepallet11/rgb/1778654547286207488.png,capturepallet11,day,0.7969889322916667,0.96484375,0.03515625,0.16785481770833333,True,0.9446529080675422,0.9453603391427225,4014,4246,0.942769665567593,True
data/pallet/raw_data/outside/capturepallet11/rgb/1778654547386208512.png,capturepallet11,day,0.7890201822916667,0.9686653645833333,0.031334635416666666,0.17964518229166668,True,0.8872109485606419,0.8858106480366177,3677,4151,0.8826788725608287,True
data/pallet/raw_data/outside/capturepallet11/rgb/1778654547486946304.png,capturepallet11,day,0.8026725260416666,0.968984375,0.031015625,0.16631184895833334,True,0.9058536585365854,0.9079739821729703,3769,4151,0.9079739821729703,True
data/pallet/raw_data/outside/capturepallet11/rgb/1778654547554175488.png,capturepallet11,day,0.7734375,0.9643359375,0.0356640625,0.1908984375,True,0.9365152919369787,0.9384965831435079,4120,4390,0.9375854214123007,True
data/pallet/raw_data/outside/capturepallet11/rgb/1778654547621266432.png,capturepallet11,day,0.8152213541666666,0.9689192708333333,0.031080729166666668,0.15369791666666666,True,0.8814664867296447,0.8827648520442738,3908,4427,0.8827648520442738,True
data/pallet/raw_data/outside/capturepallet11/rgb/1778654547654884608.png,capturepallet11,day,0.7917024739583334,0.96359375,0.03640625,0.17189127604166668,True,0.9282407407407407,0.9292555507183282,4269,4594,0.9292555507183282,True
data/pallet/raw_data/outside/capturepallet11/rgb/1778654547722014976.png,capturepallet11,day,0.785615234375,0.9694205729166666,0.030579427083333333,0.18380533854166667,True,0.9208760852407262,0.9231687898089171,4638,5024,0.9231687898089171,True
data/pallet/raw_data/outside/capturepallet11/rgb/1778654547890472448.png,capturepallet11,day,0.792451171875,0.96708984375,0.03291015625,0.174638671875,True,0.9278273809523809,0.9305669679539852,4530,4868,0.9287181594083813,True
data/pallet/raw_data/outside/capturepallet11/rgb/1778654548024736000.png,capturepallet11,day,0.8227669270833333,0.9793326822916667,0.020667317708333334,0.15656575520833332,True,0.953310371220819,0.9527265959426764,5119,5373,0.9527265959426764,True
data/pallet/raw_data/outside/capturepallet11/rgb/1778654548159147776.png,capturepallet11,day,0.8039029947916667,0.9738151041666666,0.026184895833333333,0.169912109375,True,0.8970999301187981,0.8992693110647182,5169,5748,0.8992693110647182,True
data/pallet/raw_data/outside/capturepallet11/rgb/1778654548226196480.png,capturepallet11,day,0.7995052083333334,0.975791015625,0.024208984375,0.17628580729166668,True,0.9228817858954845,0.9241041244083841,5467,5916,0.9241041244083841,True
data/pallet/raw_data/outside/capturepallet11/rgb/1778654548293352192.png,capturepallet11,day,0.8132421875,0.9768522135416666,0.023147786458333333,0.16361002604166666,True,0.9268884268884269,0.9277891854893908,5422,5844,0.9166666666666666,True
data/pallet/raw_data/outside/capturepallet11/rgb/1778654548360504320.png,capturepallet11,day,0.7910546875,0.9757096354166667,0.024290364583333335,0.18465494791666667,True,0.8958260869565218,0.8967456125404668,5263,5869,0.8952121315385926,True
data/pallet/raw_data/outside/capturepallet11/rgb/1778654548427915264.png,capturepallet11,day,0.781708984375,0.9780533854166666,0.021946614583333333,0.19634440104166667,True,0.9209401709401709,0.9192345118391178,5668,6166,0.9192345118391178,True
data/pallet/raw_data/outside/capturepallet11/rgb/1778654548494854400.png,capturepallet11,day,0.7796744791666667,0.976123046875,0.023876953125,0.19644856770833333,True,0.9110373443983403,0.9115907274180656,5702,6255,0.9115907274180656,True
data/pallet/raw_data/outside/capturepallet11/rgb/1778654548562334208.png,capturepallet11,day,0.8014029947916667,0.9716959635416667,0.028304036458333334,0.17029296875,True,0.8675964187327824,0.8715851464092916,5328,6113,0.8715851464092916,True
data/pallet/raw_data/outside/capturepallet11/rgb/1778654548629319168.png,capturepallet11,day,0.7824934895833333,0.9807552083333333,0.019244791666666667,0.19826171875,True,0.8959336099585062,0.8969490425186628,5527,6162,0.8941901979876663,True
data/pallet/raw_data/outside/capturepallet11/rgb/1778654548696714240.png,capturepallet11,day,0.8004361979166666,0.9796875,0.0203125,0.17925130208333334,True,0.919662447257384,0.9190583682683006,5700,6202,0.9190583682683006,True
data/pallet/raw_data/outside/capturepallet11/rgb/1778654548763821824.png,capturepallet11,day,0.795302734375,0.98328125,0.01671875,0.187978515625,True,0.8853781512605042,0.8852513779856356,5300,5987,0.8852513779856356,True
data/pallet/raw_data/outside/capturepallet11/rgb/1778654548864587008.png,capturepallet11,day,0.7885221354166667,0.9866861979166667,0.013313802083333333,0.1981640625,True,0.8659526127880558,0.8655367231638418,5362,6195,0.8635996771589992,True
data/pallet/raw_data/outside/capturepallet11/rgb/1778654548931999232.png,capturepallet11,day,0.8014518229166666,0.988505859375,0.011494140625,0.18705403645833332,True,0.8922553191489362,0.8955465587044534,5530,6175,0.8955465587044534,True
data/pallet/raw_data/outside/capturepallet11/rgb/1778654548998988032.png,capturepallet11,day,0.79630859375,0.989033203125,0.010966796875,0.192724609375,True,0.9191820837390458,0.9186007957559682,5541,6032,0.9179376657824934,True
data/pallet/raw_data/outside/capturepallet11/rgb/1778654549066050816.png,capturepallet11,day,0.802236328125,0.9870703125,0.0129296875,0.184833984375,True,0.92,0.921631092704683,5786,6278,0.9158967824147818,True
data/pallet/raw_data/outside/capturepallet11/rgb/1778654549133460224.png,capturepallet11,day,0.8003743489583334,0.9885807291666666,0.011419270833333333,0.18820638020833333,True,0.9044326241134751,0.9100244498777507,5583,6135,0.9090464547677262,True
data/pallet/raw_data/outside/capturepallet11/rgb/1778654549200742656.png,capturepallet11,day,0.8033333333333333,0.9799674479166667,0.020032552083333332,0.17663411458333333,True,0.8723763118440779,0.878631260024951,4930,5611,0.8768490465157726,True
data/pallet/raw_data/outside/capturepallet11/rgb/1778654549267675904.png,capturepallet11,day,0.7897330729166666,0.9856705729166667,0.014329427083333334,0.1959375,True,0.9004291845493563,0.9019607843137255,5290,5865,0.8958226768968457,True
data/pallet/raw_data/outside/capturepallet11/rgb/1778654549334927616.png,capturepallet11,day,0.7870279947916666,0.9891829427083333,0.010817057291666666,0.20215494791666666,True,0.9329310344827586,0.934812521499828,5435,5814,0.934812521499828,True
data/pallet/raw_data/outside/capturepallet11/rgb/1778654549401961216.png,capturepallet11,day,0.7966731770833333,0.9867936197916667,0.013206380208333333,0.19012044270833334,True,0.8905579399141631,0.8942243116185359,5326,5956,0.8942243116185359,True
data/pallet/raw_data/outside/capturepallet11/rgb/1778654549435808000.png,capturepallet11,day,0.7946614583333333,0.9871549479166667,0.012845052083333334,0.19249348958333334,True,0.9380434782608695,0.9376460017969452,5218,5565,0.9372866127583108,True
data/pallet/raw_data/outside/capturepallet11/rgb/1778654549536650496.png,capturepallet11,day,0.8057649739583334,0.9852506510416666,0.014749348958333333,0.17948567708333332,True,0.9094372294372295,0.9105177701605629,5047,5543,0.9105177701605629,True
data/pallet/raw_data/outside/capturepallet11/rgb/1778654549705001472.png,capturepallet11,day,0.8423828125,0.9894368489583333,0.010563151041666666,0.14705403645833334,True,0.9131877729257641,0.9144642857142857,5121,5600,0.9128571428571428,True
data/pallet/raw_data/outside/capturepallet11/rgb/1778654549805509888.png,capturepallet11,day,0.841630859375,0.9895182291666667,0.010481770833333333,0.14788736979166667,True,0.92876254180602,0.928386092371562,5367,5781,0.9273482096523092,True
data/pallet/raw_data/outside/capturepallet11/rgb/1778654549906061568.png,capturepallet11,day,0.8221940104166666,0.986259765625,0.013740234375,0.16406575520833333,True,0.9188888888888889,0.9189483227561197,5068,5515,0.9189483227561197,True
data/pallet/raw_data/outside/capturepallet11/rgb/1778654549939516672.png,capturepallet11,day,0.82791015625,0.9852766927083333,0.014723307291666666,0.15736653645833334,True,0.9066079295154185,0.9074429144151995,5206,5737,0.9013421648945442,True
data/pallet/raw_data/outside/capturepallet11/rgb/1778654550006832640.png,capturepallet11,day,0.839052734375,0.9882356770833334,0.011764322916666667,0.14918294270833332,True,0.8958475153165418,0.8934671597112168,5074,5679,0.892410635675295,True
data/pallet/raw_data/outside/capturepallet11/rgb/1778654550107635968.png,capturepallet11,day,0.8436555989583333,0.984248046875,0.015751953125,0.14059244791666667,True,0.8827777777777778,0.8805416434798738,4747,5391,0.8805416434798738,True
data/pallet/raw_data/outside/capturepallet11/rgb/1778654550208514304.png,capturepallet11,day,0.8441341145833333,0.9901204427083333,0.009879557291666667,0.145986328125,True,0.9275213675213675,0.9233723482077542,5049,5468,0.9233723482077542,True
data/pallet/raw_data/outside/capturepallet11/rgb/1778654550376798976.png,capturepallet11,day,0.8650423177083333,0.9851888020833334,0.014811197916666666,0.120146484375,True,0.8764102564102564,0.8687066358299235,4883,5621,0.8590998043052838,True
data/pallet/raw_data/outside/capturepallet11/rgb/1778654550510939648.png,capturepallet11,day,0.8443033854166667,0.9847493489583333,0.015250651041666667,0.14044596354166666,True,0.904778041341918,0.8991323210412148,4974,5532,0.8991323210412148,True
data/pallet/raw_data/outside/capturepallet11/rgb/1778654550577980672.png,capturepallet11,day,0.8532291666666667,0.9893619791666667,0.010638020833333333,0.1361328125,True,0.8801762114537445,0.8732914665681566,4728,5414,0.8649796823051349,True
data/pallet/raw_data/outside/capturepallet11/rgb/1778654550645170176.png,capturepallet11,day,0.8590657552083333,0.99142578125,0.00857421875,0.13236002604166666,True,0.9156832298136646,0.9126942552819975,5227,5727,0.9112973633665095,True
data/pallet/raw_data/outside/capturepallet11/rgb/1778654550712423168.png,capturepallet11,day,0.8650423177083333,0.9835384114583333,0.016461588541666666,0.11849609375,True,0.8934986488634558,0.8855989232839838,5264,5944,0.8849259757738897,True
data/pallet/raw_data/outside/capturepallet11/rgb/1778654550779466240.png,capturepallet11,day,0.8673209635416667,0.98970703125,0.01029296875,0.12238606770833334,True,0.8899572649572649,0.8818420190101606,5381,6102,0.8818420190101606,True
data/pallet/raw_data/outside/capturepallet11/rgb/1778654550846863360.png,capturepallet11,day,0.8414583333333333,0.989111328125,0.010888671875,0.14765299479166666,True,0.8956161863887185,0.8845250083920779,5270,5958,0.88351795904666,True
data/pallet/raw_data/outside/capturepallet11/rgb/1778654550914369024.png,capturepallet11,day,0.8773372395833333,0.991357421875,0.008642578125,0.11402018229166666,True,0.8706088062311238,0.8641647293258053,5204,6022,0.8635004981733644,True
data/pallet/raw_data/outside/capturepallet11/rgb/1778654551048497920.png,capturepallet11,day,0.871943359375,0.9902213541666667,0.009778645833333334,0.11827799479166666,True,0.8650614091790563,0.8616248348745046,5218,6056,0.8461030383091149,True
data/pallet/raw_data/outside/capturepallet11/rgb/1778654551183111168.png,capturepallet11,day,0.84439453125,0.990810546875,0.009189453125,0.146416015625,True,0.8947069675039023,0.8840849217418255,5705,6453,0.8840849217418255,True
data/pallet/raw_data/outside/capturepallet11/rgb/1778654551317414912.png,capturepallet11,day,0.858505859375,0.988173828125,0.011826171875,0.12966796875,True,0.8984962406015038,0.8906951540486143,5753,6459,0.8897662176807556,True
data/pallet/raw_data/outside/capturepallet11/rgb/1778654551418013184.png,capturepallet11,day,0.8608268229166667,0.989326171875,0.010673828125,0.12849934895833334,True,0.8662913441238564,0.8575685339690108,5756,6712,0.8493742550655542,True
data/pallet/raw_data/outside/capturepallet11/rgb/1778654551518620928.png,capturepallet11,day,0.8534212239583333,0.9890462239583333,0.010953776041666667,0.135625,True,0.8983376837477676,0.8913395088957506,6062,6801,0.8913395088957506,True
data/pallet/raw_data/outside/capturepallet11/rgb/1778654551586182656.png,capturepallet11,day,0.8492317708333333,0.9897916666666666,0.010208333333333333,0.14055989583333334,True,0.8932413793103449,0.8861131520940485,6030,6805,0.8861131520940485,True
data/pallet/raw_data/outside/capturepallet11/rgb/1778654551653254144.png,capturepallet11,day,0.8719205729166667,0.9882389322916667,0.011761067708333333,0.116318359375,True,0.901195219123506,0.8903495667762175,5960,6694,0.8888556916641769,True
data/pallet/raw_data/outside/capturepallet11/rgb/1778654551686551552.png,capturepallet11,day,0.8659602864583333,0.990673828125,0.009326171875,0.12471354166666666,True,0.896,0.8843596415148887,6118,6918,0.8651344319167389,True
data/pallet/raw_data/outside/capturepallet11/rgb/1778654551753565952.png,capturepallet11,day,0.8666178385416666,0.9915559895833334,0.008444010416666667,0.12493815104166667,True,0.8923891129032258,0.8782533256217466,6074,6916,0.8776749566223251,True
data/pallet/raw_data/outside/capturepallet11/rgb/1778654551888900864.png,capturepallet11,day,0.8379166666666666,0.9904427083333334,0.009557291666666667,0.15252604166666667,True,0.8729974160206718,0.8605728727885426,6129,7122,0.8543948329121034,True
data/pallet/raw_data/outside/capturepallet11/rgb/1778654552023006464.png,capturepallet11,day,0.8580403645833333,0.9905208333333333,0.009479166666666667,0.13248046875,True,0.8819444444444444,0.8691994572591587,6406,7370,0.8679782903663501,True
data/pallet/raw_data/outside/capturepallet11/rgb/1778654552157030400.png,capturepallet11,day,0.87353515625,0.991923828125,0.008076171875,0.118388671875,True,0.9011642008246422,0.8902255639097745,6512,7315,0.8902255639097745,True
data/pallet/raw_data/outside/capturepallet11/rgb/1778654552257856768.png,capturepallet11,day,0.8676236979166667,0.993603515625,0.006396484375,0.12597981770833333,True,0.915743861338469,0.910953706046041,7202,7906,0.910953706046041,True
data/pallet/raw_data/outside/capturepallet11/rgb/1778654552358622208.png,capturepallet11,day,0.856103515625,0.9927213541666666,0.007278645833333333,0.13661783854166668,True,0.8682897139379184,0.8590691041099443,6626,7713,0.8590691041099443,True
data/pallet/raw_data/outside/capturepallet11/rgb/1778654552425688832.png,capturepallet11,day,0.8568001302083333,0.9908203125,0.0091796875,0.13402018229166668,True,0.8873988159961339,0.8719704231137888,6368,7303,0.8719704231137888,True
data/pallet/raw_data/outside/capturepallet11/rgb/1778654552459378176.png,capturepallet11,day,0.8451204427083333,0.9884993489583334,0.011500651041666667,0.14337890625,True,0.9084654850746269,0.8973418881759854,6853,7637,0.8973418881759854,True
data/pallet/raw_data/outside/capturepallet11/rgb/1778654552560216832.png,capturepallet11,day,0.864443359375,0.989130859375,0.010869140625,0.1246875,True,0.8932354357246028,0.879526003949967,6680,7595,0.879526003949967,True
data/pallet/raw_data/outside/capturepallet11/rgb/1778654552660998656.png,capturepallet11,day,0.8826139322916666,0.9897916666666666,0.010208333333333333,0.107177734375,True,0.8849607182940517,0.868824531516184,6630,7631,0.867776176123706,True
data/pallet/raw_data/outside/capturepallet11/rgb/1778654552728581632.png,capturepallet11,day,0.853095703125,0.9894140625,0.0105859375,0.136318359375,True,0.8976961678832117,0.8858348248529788,6929,7822,0.8858348248529788,True
data/pallet/raw_data/outside/capturepallet11/rgb/1778654552862955008.png,capturepallet11,day,0.8637858072916667,0.989091796875,0.010908203125,0.12530598958333333,True,0.8844765342960289,0.8720617042115573,7123,8168,0.8720617042115573,True
data/pallet/raw_data/outside/capturepallet11/rgb/1778654552963489280.png,capturepallet11,day,0.8584895833333334,0.9897200520833334,0.010279947916666667,0.13123046875,True,0.9316017316017317,0.9247375250678306,7839,8477,0.9233219299280406,True
data/pallet/raw_data/outside/capturepallet11/rgb/1778654553030490624.png,capturepallet11,day,0.859208984375,0.9866796875,0.0133203125,0.127470703125,True,0.8772834730281539,0.8624451559350172,7273,8433,0.8624451559350172,True
data/pallet/raw_data/outside/capturepallet11/rgb/1778654553097783808.png,capturepallet11,day,0.8615494791666667,0.9877311197916666,0.012268880208333333,0.126181640625,True,0.8918948763250883,0.8828357321279886,7422,8407,0.8828357321279886,True
data/pallet/raw_data/outside/capturepallet11/rgb/1778654553165003264.png,capturepallet11,day,0.85947265625,0.9878580729166667,0.012141927083333334,0.12838541666666667,True,0.9184149184149184,0.9100449775112444,7891,8671,0.9088917079921578,True
data/pallet/raw_data/outside/capturepallet11/rgb/1778654553232181504.png,capturepallet11,day,0.8702799479166666,0.9883333333333333,0.011666666666666667,0.11805338541666667,True,0.8736499947572612,0.8613963039014374,7551,8766,0.8593429158110883,True
data/pallet/raw_data/outside/capturepallet11/rgb/1778654553265639936.png,capturepallet11,day,0.867802734375,0.986328125,0.013671875,0.118525390625,True,0.8996904024767802,0.8879270004679457,7590,8548,0.887459054749649,True
data/pallet/raw_data/outside/capturepallet11/rgb/1778654553333078784.png,capturepallet11,day,0.8508235677083333,0.9860872395833333,0.013912760416666666,0.135263671875,True,0.9015842013888888,0.8941136671177267,7929,8868,0.8941136671177267,True
data/pallet/raw_data/outside/capturepallet11/rgb/1778654553467700736.png,capturepallet11,day,0.8505989583333333,0.9892838541666666,0.010716145833333333,0.13868489583333332,True,0.9258454855724481,0.9224986765484383,8713,9445,0.9224986765484383,True
data/pallet/raw_data/outside/capturepallet11/rgb/1778654553635812608.png,capturepallet11,day,0.8565592447916667,0.9857975260416667,0.014202473958333333,0.12923828125,True,0.9164370982552801,0.9164506480558325,9192,10030,0.9164506480558325,True
data/pallet/raw_data/outside/capturepallet11/rgb/1778654553736302336.png,capturepallet11,day,0.8524055989583333,0.9900748697916667,0.009925130208333334,0.13766927083333333,True,0.9206243032329989,0.913751298926221,7914,8661,0.913058538275026,True
data/pallet/raw_data/outside/capturepallet11/rgb/1778654553803226112.png,capturepallet11,day,0.8654296875,0.9915299479166667,0.008470052083333334,0.12610026041666667,True,0.9346779048765804,0.9320588235294117,9507,10200,0.9320588235294117,True
data/pallet/raw_data/outside/capturepallet11/rgb/1778654553870709760.png,capturepallet11,day,0.8384895833333333,0.989462890625,0.010537109375,0.15097330729166666,True,0.9089052287581699,0.9113404031718735,9539,10467,0.9113404031718735,True
data/pallet/raw_data/outside/capturepallet11/rgb/1778654553904342272.png,capturepallet11,day,0.8440690104166667,0.988125,0.011875,0.14405598958333332,True,0.9428212074303406,0.9389406341142158,9980,10629,0.9380938940634114,True
data/pallet/raw_data/outside/capturepallet11/rgb/1778654553971198720.png,capturepallet11,day,0.8486881510416666,0.9824609375,0.0175390625,0.13377278645833332,True,0.8908301253578127,0.8902697495183044,9241,10380,0.8902697495183044,True
data/pallet/raw_data/outside/capturepallet11/rgb/1778654554038495488.png,capturepallet11,day,0.8497005208333334,0.9861490885416667,0.013850911458333334,0.13644856770833333,True,0.8940129449838188,0.8940846161293445,9235,10329,0.8940846161293445,True
data/pallet/raw_data/outside/capturepallet11/rgb/1778654554139362048.png,capturepallet11,day,0.8548014322916667,0.9890201822916667,0.010979817708333334,0.13421875,True,0.9116161616161617,0.9116300794021486,9759,10705,0.9116300794021486,True
data/pallet/raw_data/outside/capturepallet11/rgb/1778654554307480832.png,capturepallet11,day,0.846748046875,0.9870703125,0.0129296875,0.140322265625,True,0.900105152471083,0.8953020134228188,10005,11175,0.8953020134228188,True
data/pallet/raw_data/outside/capturepallet11/rgb/1778654554475995648.png,capturepallet11,day,0.831474609375,0.98087890625,0.01912109375,0.149404296875,True,0.8904072398190045,0.8914185639229422,10180,11420,0.8898423817863398,True
data/pallet/raw_data/outside/capturepallet11/rgb/1778654554676991232.png,capturepallet11,day,0.8630240885416667,0.9851171875,0.0148828125,0.12209309895833333,True,0.902004662004662,0.8955295935116346,9275,10357,0.8948537221203051,True
data/pallet/raw_data/outside/capturepallet11/rgb/1778654554777828864.png,capturepallet11,day,0.840322265625,0.9871321614583334,0.012867838541666666,0.14680989583333334,True,0.8899517253709994,0.8877531524646541,9293,10468,0.8851738632021399,True
data/pallet/raw_data/outside/capturepallet11/rgb/1778654554878461184.png,capturepallet11,day,0.8653580729166667,0.989375,0.010625,0.12401692708333334,True,0.920754087420754,0.9216184188251227,10888,11814,0.9216184188251227,True
data/pallet/raw_data/outside/capturepallet11/rgb/1778654554945720576.png,capturepallet11,day,0.8648372395833334,0.9898307291666667,0.010169270833333334,0.12499348958333334,True,0.9076240419524002,0.9042379788101059,11095,12270,0.9042379788101059,True
data/pallet/raw_data/outside/capturepallet11/rgb/1778654555012733952.png,capturepallet11,day,0.871552734375,0.989462890625,0.010537109375,0.11791015625,True,0.9176395330241484,0.9144016227180527,11270,12325,0.9144016227180527,True
data/pallet/raw_data/outside/capturepallet11/rgb/1778654555080100352.png,capturepallet11,day,0.8549544270833334,0.988671875,0.011328125,0.13371744791666668,True,0.8880650562066491,0.8857835218093699,10966,12380,0.884248788368336,True
data/pallet/raw_data/outside/capturepallet11/rgb/1778654555147398400.png,capturepallet11,day,0.8706868489583334,0.9897916666666666,0.010208333333333333,0.11910481770833334,True,0.9172711838246643,0.9130297029702971,11527,12625,0.9130297029702971,True
data/pallet/raw_data/outside/capturepallet11/rgb/1778654555248166656.png,capturepallet11,day,0.845322265625,0.9841829427083333,0.015817057291666665,0.13886067708333333,True,0.900839054157132,0.8951005025125628,11400,12736,0.8932945979899497,True
data/pallet/raw_data/outside/capturepallet11/rgb/1778654555315239424.png,capturepallet11,day,0.8557779947916667,0.9859244791666667,0.014075520833333334,0.130146484375,True,0.883100091268634,0.8787080783827744,11345,12911,0.8754550383394005,True
data/pallet/raw_data/outside/capturepallet11/rgb/1778654555382379776.png,capturepallet11,day,0.84427734375,0.986962890625,0.013037109375,0.142685546875,True,0.9063011137939092,0.9025430548849187,11215,12426,0.8967487526154837,True
data/pallet/raw_data/outside/capturepallet11/rgb/1778654555449629184.png,capturepallet11,day,0.8538802083333333,0.985537109375,0.014462890625,0.13165690104166666,True,0.9045148300162626,0.9010339734121122,11590,12863,0.9010339734121122,True
data/pallet/raw_data/outside/capturepallet11/rgb/1778654555483219968.png,capturepallet11,day,0.8556412760416666,0.9872688802083334,0.012731119791666667,0.13162760416666666,True,0.914054054054054,0.9105345911949686,11582,12720,0.910377358490566,True
data/pallet/raw_data/outside/capturepallet11/rgb/1778654555550537984.png,capturepallet11,day,0.843896484375,0.983740234375,0.016259765625,0.13984375,True,0.8727958727958728,0.8677608440797187,11103,12795,0.8672919109026964,True
data/pallet/raw_data/outside/capturepallet11/rgb/1778654555651257600.png,capturepallet11,day,0.8535611979166666,0.9810188802083334,0.018981119791666667,0.12745768229166668,True,0.9086775011182346,0.9051571746983322,11777,13011,0.9034662977480593,True
data/pallet/raw_data/outside/capturepallet11/rgb/1778654555684660480.png,capturepallet11,day,0.8503938802083333,0.987001953125,0.012998046875,0.13660807291666666,True,0.8799053290578714,0.8778225499885958,11546,13153,0.8762259560556527,True
data/pallet/raw_data/outside/capturepallet11/rgb/1778654555785686016.png,capturepallet11,day,0.8484700520833334,0.984560546875,0.015439453125,0.13609049479166666,True,0.9132249888176532,0.910025706940874,12036,13226,0.910025706940874,True
data/pallet/raw_data/outside/capturepallet11/rgb/1778654555853061888.png,capturepallet11,day,0.856611328125,0.986845703125,0.013154296875,0.130234375,True,0.9273147457879827,0.9235615606497647,12167,13174,0.9226506755730985,True
data/pallet/raw_data/outside/capturepallet11/rgb/1778654556021024256.png,capturepallet11,day,0.8542805989583333,0.9883138020833333,0.011686197916666667,0.134033203125,True,0.9103813559322034,0.9074934650014522,12498,13772,0.907203020621551,True
data/pallet/raw_data/outside/capturepallet11/rgb/1778654556155160320.png,capturepallet11,day,0.84865234375,0.985380859375,0.014619140625,0.136728515625,True,0.9226825842696629,0.9191100633564167,12476,13574,0.9191100633564167,True
data/pallet/raw_data/outside/capturepallet11/rgb/1778654556255662080.png,capturepallet11,day,0.8243522135416667,0.9881770833333333,0.011822916666666667,0.16382486979166666,True,0.9117604927660794,0.9087497240415041,12349,13589,0.9084553683126058,True
data/pallet/raw_data/outside/capturepallet11/rgb/1778654556322932736.png,capturepallet11,day,0.8313020833333333,0.986162109375,0.013837890625,0.15486002604166665,True,0.9015540243366076,0.9023162134944612,12544,13902,0.9023162134944612,True
data/pallet/raw_data/outside/capturepallet11/rgb/1778654556390035200.png,capturepallet11,day,0.835634765625,0.9881901041666666,0.011809895833333334,0.15255533854166667,True,0.9228638397613467,0.9222197786086064,12580,13641,0.9219265449747086,True
data/pallet/raw_data/outside/capturepallet11/rgb/1778654556457271296.png,capturepallet11,day,0.8291569010416666,0.9890462239583333,0.010953776041666667,0.15988932291666666,True,0.9111345275728837,0.9109883804332234,12701,13942,0.9109883804332234,True
data/pallet/raw_data/outside/capturepallet11/rgb/1778654556524566784.png,capturepallet11,day,0.8317024739583333,0.9904427083333334,0.009557291666666667,0.158740234375,True,0.9137148047229791,0.9127459366980325,12804,14028,0.9127459366980325,True
data/pallet/raw_data/outside/capturepallet11/rgb/1778654556591701248.png,capturepallet11,day,0.8102506510416667,0.9833203125,0.0166796875,0.17306966145833333,True,0.9252310471822667,0.9248986558566247,13005,14061,0.9248986558566247,True
data/pallet/raw_data/outside/capturepallet11/rgb/1778654556658768128.png,capturepallet11,day,0.83646484375,0.989921875,0.010078125,0.15345703125,True,0.9312,0.9267256637168142,13090,14125,0.9261592920353983,True
data/pallet/raw_data/outside/capturepallet11/rgb/1778654556726328832.png,capturepallet11,day,0.7994010416666667,0.9921712239583333,0.007828776041666667,0.19277018229166668,True,0.9501267962806424,0.9484319548055334,13095,13807,0.9484319548055334,True
data/pallet/raw_data/outside/capturepallet11/rgb/1778654556759645952.png,capturepallet11,day,0.814873046875,0.9935319010416667,0.006468098958333333,0.17865885416666666,True,0.9508788663305627,0.9460949244756246,13216,13969,0.9460949244756246,True
data/pallet/raw_data/outside/capturepallet11/rgb/1778654556894286336.png,capturepallet11,day,0.79119140625,0.9860514322916667,0.013948567708333333,0.19486002604166666,True,0.9530956848030019,0.9492217016774973,12562,13234,0.9492217016774973,True
data/pallet/raw_data/outside/capturepallet11/rgb/1778654556961287168.png,capturepallet11,day,0.8046875,0.9848372395833334,0.015162760416666667,0.18014973958333333,True,0.9479915433403806,0.9419379258137774,12443,13210,0.9419379258137774,True
data/pallet/raw_data/outside/capturepallet11/rgb/1778654557028809472.png,capturepallet11,day,0.777744140625,0.981962890625,0.018037109375,0.20421875,True,0.9160486716106271,0.9096045197740112,11914,13098,0.9093754771720873,True
data/pallet/raw_data/outside/capturepallet11/rgb/1778654557095835648.png,capturepallet11,day,0.7802115885416666,0.9833235677083333,0.016676432291666668,0.20311197916666668,True,0.9236583522297808,0.9190472358574072,11421,12427,0.9190472358574072,True
data/pallet/raw_data/outside/capturepallet11/rgb/1778654557162862080.png,capturepallet11,day,0.7720572916666667,0.9836588541666667,0.016341145833333334,0.2116015625,True,0.8952688172043011,0.884362368233336,11158,12617,0.8681937069033844,True
data/pallet/raw_data/outside/capturepallet11/rgb/1778654557230094592.png,capturepallet11,day,0.78529296875,0.9868782552083334,0.013121744791666667,0.20158528645833335,True,0.9139028723719278,0.9076558800315706,11500,12670,0.9076558800315706,True
data/pallet/raw_data/outside/capturepallet11/rgb/1778654557263692032.png,capturepallet11,day,0.7845963541666666,0.9840266927083333,0.015973307291666666,0.19943033854166667,True,0.9243046055631555,0.9182186905057529,11093,12081,0.9182186905057529,True
data/pallet/raw_data/outside/capturepallet11/rgb/1778654557364479232.png,capturepallet11,day,0.7979915364583333,0.9814680989583333,0.018531901041666667,0.1834765625,True,0.896343329253366,0.8880505207906175,10828,12193,0.8880505207906175,True
data/pallet/raw_data/outside/capturepallet11/rgb/1778654557398039808.png,capturepallet11,day,0.781923828125,0.9820345052083334,0.017965494791666668,0.20011067708333333,True,0.9198367472662867,0.9126820837791129,11090,12151,0.9119414039996708,True
data/pallet/raw_data/outside/capturepallet11/rgb/1778654557498775808.png,capturepallet11,day,0.773330078125,0.9827864583333333,0.017213541666666665,0.20945638020833332,True,0.8918370532230373,0.8888446215139443,11155,12550,0.8883665338645418,True
data/pallet/raw_data/outside/capturepallet11/rgb/1778654557532518912.png,capturepallet11,day,0.7833333333333333,0.9870768229166667,0.012923177083333333,0.20374348958333333,True,0.9309649394973627,0.923732983434476,11264,12194,0.923732983434476,True
data/pallet/raw_data/outside/capturepallet11/rgb/1778654557633476096.png,capturepallet11,day,0.781875,0.9840755208333334,0.01592447916666667,0.20220052083333334,True,0.9449794699514744,0.9391395592864638,11635,12389,0.9391395592864638,True
data/pallet/raw_data/outside/capturepallet11/rgb/1778654557666911744.png,capturepallet11,day,0.7721419270833333,0.9837923177083333,0.016207682291666668,0.211650390625,True,0.9517126905085257,0.9488248041340224,11384,11998,0.9488248041340224,True
data/pallet/raw_data/outside/capturepallet11/rgb/1778654557734113792.png,capturepallet11,day,0.7591243489583334,0.972900390625,0.027099609375,0.21377604166666667,True,0.9219599316664078,0.915337529097336,10617,11599,0.915337529097336,True
data/pallet/raw_data/outside/capturepallet11/rgb/1778654557801188096.png,capturepallet11,day,0.7720247395833333,0.982939453125,0.017060546875,0.21091471354166666,True,0.9283174397931145,0.924209042037543,10487,11347,0.924209042037543,True
data/pallet/raw_data/outside/capturepallet11/rgb/1778654557868730624.png,capturepallet11,day,0.793037109375,0.984990234375,0.015009765625,0.191953125,True,0.9373197625106022,0.9346838662790697,10289,11008,0.9346838662790697,True
data/pallet/raw_data/outside/capturepallet11/rgb/1778654557935601664.png,capturepallet11,day,0.7668587239583333,0.979755859375,0.020244140625,0.21289713541666666,True,0.9176053779069767,0.9149689143950263,9566,10455,0.9149689143950263,True
data/pallet/raw_data/outside/capturepallet11/rgb/1778654558002828800.png,capturepallet11,day,0.7677376302083333,0.9842708333333333,0.015729166666666666,0.216533203125,True,0.9363233665559247,0.9378009236513707,9544,10177,0.9378009236513707,True
data/pallet/raw_data/outside/capturepallet11/rgb/1778654558069960704.png,capturepallet11,day,0.764501953125,0.98666015625,0.01333984375,0.222158203125,True,0.941953488372093,0.941798428557571,9709,10309,0.941798428557571,True
data/pallet/raw_data/outside/capturepallet11/rgb/1778654558137135872.png,capturepallet11,day,0.7725390625,0.980068359375,0.019931640625,0.207529296875,True,0.8928169542385597,0.8893241919686582,9080,10210,0.8893241919686582,True
data/pallet/raw_data/outside/capturepallet11/rgb/1778654558170729472.png,capturepallet11,day,0.7635091145833334,0.9802766927083333,0.019723307291666665,0.216767578125,True,0.8830618585820544,0.8799608035276825,8980,10205,0.8795688388045076,True
data/pallet/raw_data/outside/capturepallet11/rgb/1778654558305478144.png,capturepallet11,day,0.77474609375,0.9844303385416666,0.015569661458333333,0.20968424479166667,True,0.8798131910026687,0.8752374287713686,8755,10003,0.8752374287713686,True
data/pallet/raw_data/outside/capturepallet11/rgb/1778654558372663040.png,capturepallet11,day,0.7634440104166667,0.9836360677083333,0.016363932291666668,0.22019205729166666,True,0.8889630194433854,0.8864265927977839,8960,10108,0.886030866640285,True
data/pallet/raw_data/outside/capturepallet11/rgb/1778654558439562240.png,capturepallet11,day,0.7615885416666667,0.9845475260416666,0.015452473958333334,0.222958984375,True,0.9210827296988181,0.9181008902077151,9282,10110,0.9175074183976261,True
data/pallet/raw_data/outside/capturepallet11/rgb/1778654558506832640.png,capturepallet11,day,0.760302734375,0.9831868489583333,0.016813151041666665,0.22288411458333332,True,0.9254488680718189,0.9252252252252252,9243,9990,0.9246246246246246,True
data/pallet/raw_data/outside/capturepallet11/rgb/1778654558573973248.png,capturepallet11,day,0.7510026041666666,0.983818359375,0.016181640625,0.23281575520833334,True,0.8887269193391643,0.886143506621862,8966,10118,0.886143506621862,True
data/pallet/raw_data/outside/capturepallet11/rgb/1778654558641133312.png,capturepallet11,day,0.768984375,0.98369140625,0.01630859375,0.21470703125,True,0.9242768009075439,0.9234352256186318,9516,10305,0.9234352256186318,True
data/pallet/raw_data/outside/capturepallet11/rgb/1778654558674742016.png,capturepallet11,day,0.771650390625,0.98193359375,0.01806640625,0.210283203125,True,0.9066942849072592,0.9049764890282131,9238,10208,0.8933189655172413,True
data/pallet/raw_data/outside/capturepallet11/rgb/1778654558742001920.png,capturepallet11,day,0.7466438802083334,0.9790397135416666,0.020960286458333335,0.23239583333333333,True,0.9216400485663585,0.9190382728164868,9365,10190,0.9190382728164868,True
data/pallet/raw_data/outside/capturepallet11/rgb/1778654558809089024.png,capturepallet11,day,0.7659212239583333,0.984091796875,0.015908203125,0.21817057291666667,True,0.9384459210040605,0.9357218124341412,9768,10439,0.9357218124341412,True
data/pallet/raw_data/outside/capturepallet11/rgb/1778654558876548096.png,capturepallet11,day,0.761474609375,0.9813932291666667,0.018606770833333335,0.21991861979166666,True,0.8940071556350626,0.8907657657657657,9492,10656,0.886448948948949,True
data/pallet/raw_data/outside/capturepallet11/rgb/1778654558943664384.png,capturepallet11,day,0.78193359375,0.9857259114583333,0.014274088541666667,0.20379231770833334,True,0.9195172700790678,0.9146608315098468,10032,10968,0.9141137855579868,True
data/pallet/raw_data/outside/capturepallet11/rgb/1778654559044664064.png,capturepallet11,day,0.7844661458333333,0.98615234375,0.01384765625,0.20168619791666667,True,0.9257310846356182,0.9177101967799642,10773,11739,0.9177101967799642,True
data/pallet/raw_data/outside/capturepallet11/rgb/1778654559212671744.png,capturepallet11,day,0.77130859375,0.9862141927083333,0.013785807291666667,0.21490559895833333,True,0.9305294486215538,0.9243415534306324,11020,11922,0.9243415534306324,True
data/pallet/raw_data/outside/capturepallet11/rgb/1778654559347069696.png,capturepallet11,day,0.7823046875,0.9822428385416667,0.017757161458333334,0.19993815104166668,True,0.9265687583444593,0.9185097106619105,11587,12615,0.918192627824019,True
data/pallet/raw_data/outside/capturepallet11/rgb/1778654559413914368.png,capturepallet11,day,0.8037467447916666,0.987197265625,0.012802734375,0.18345052083333332,True,0.9566887134627694,0.9509765776982336,12221,12851,0.9509765776982336,True
data/pallet/raw_data/outside/capturepallet11/rgb/1778654559481424896.png,capturepallet11,day,0.8006901041666666,0.985244140625,0.014755859375,0.18455403645833332,True,0.9245836745836746,0.9146869070208729,12051,13175,0.9143833017077799,True
data/pallet/raw_data/outside/capturepallet11/rgb/1778654559548422912.png,capturepallet11,day,0.81541015625,0.9880794270833333,0.011920572916666667,0.17266927083333333,True,0.9213304809881996,0.9139227568080601,12518,13697,0.9139227568080601,True
data/pallet/raw_data/outside/capturepallet11/rgb/1778654559615446016.png,capturepallet11,day,0.785126953125,0.9889290364583333,0.011070963541666666,0.20380208333333333,True,0.9329624875196121,0.928044002411091,12317,13272,0.9275919228450874,True
data/pallet/raw_data/outside/capturepallet11/rgb/1778654559682851584.png,capturepallet11,day,0.802041015625,0.991689453125,0.008310546875,0.1896484375,True,0.9471427567301609,0.9420666122691195,12700,13481,0.9419924337957125,True
data/pallet/raw_data/outside/capturepallet11/rgb/1778654559750094080.png,capturepallet11,day,0.815087890625,0.9891341145833333,0.010865885416666667,0.17404622395833333,True,0.9005586592178771,0.8960506438385728,12456,13901,0.8960506438385728,True
data/pallet/raw_data/outside/capturepallet11/rgb/1778654559884777472.png,capturepallet11,day,0.8125260416666666,0.9874609375,0.0125390625,0.17493489583333333,True,0.8935175637588506,0.8907502863688431,12442,13968,0.8907502863688431,True
data/pallet/raw_data/outside/capturepallet11/rgb/1778654559985081600.png,capturepallet11,day,0.822978515625,0.989892578125,0.010107421875,0.1669140625,True,0.8881688963210702,0.8843254110720183,12316,13927,0.8843254110720183,True
data/pallet/raw_data/outside/capturepallet11/rgb/1778654560052279296.png,capturepallet11,day,0.8303515625,0.9903971354166666,0.009602864583333334,0.16004557291666666,True,0.916535207227879,0.9146929824561404,12513,13680,0.9112573099415204,True
data/pallet/raw_data/outside/capturepallet11/rgb/1778654560119460352.png,capturepallet11,day,0.821953125,0.99037109375,0.00962890625,0.16841796875,True,0.9118240807498198,0.9106239460370995,12420,13639,0.9094508395043625,True
data/pallet/raw_data/outside/capturepallet11/rgb/1778654560186645504.png,capturepallet11,day,0.8231803385416666,0.987216796875,0.012783203125,0.16403645833333333,True,0.8817970340215179,0.8790597656829304,11855,13486,0.8757971229423105,True
data/pallet/raw_data/outside/capturepallet11/rgb/1778654560253845760.png,capturepallet11,day,0.8416634114583333,0.989111328125,0.010888671875,0.14744791666666668,True,0.8926228313165184,0.8919888693614528,12181,13656,0.8916227299355595,True
data/pallet/raw_data/outside/capturepallet11/rgb/1778654560354870272.png,capturepallet11,day,0.8383561197916667,0.9892740885416667,0.010725911458333333,0.15091796875,True,0.9075498575498575,0.9058814858490566,12291,13568,0.9058814858490566,True
data/pallet/raw_data/outside/capturepallet11/rgb/1778654560455559168.png,capturepallet11,day,0.8561295572916666,0.989306640625,0.010693359375,0.13317708333333333,True,0.9003390830016217,0.8976775750263912,11905,13262,0.8971497511687528,True
data/pallet/raw_data/outside/capturepallet11/rgb/1778654560589923584.png,capturepallet11,day,0.86009765625,0.9906868489583334,0.009313151041666667,0.13058919270833333,True,0.9109550561797752,0.9072111846946284,12329,13590,0.9072111846946284,True
data/pallet/raw_data/outside/capturepallet11/rgb/1778654560757846784.png,capturepallet11,day,0.874189453125,0.9898111979166667,0.010188802083333334,0.11562174479166666,True,0.8982744783306581,0.8901829094026865,12459,13996,0.8901829094026865,True
data/pallet/raw_data/outside/capturepallet11/rgb/1778654560892164864.png,capturepallet11,day,0.8969401041666667,0.992509765625,0.007490234375,0.09556966145833333,True,0.9229350276696044,0.9171181724996339,12526,13658,0.9168253038512227,True
data/pallet/raw_data/outside/capturepallet11/rgb/1778654560959389952.png,capturepallet11,day,0.8888444010416666,0.98802734375,0.01197265625,0.09918294270833333,True,0.8981825552327546,0.8905104292731544,12509,14047,0.8905104292731544,True
data/pallet/raw_data/outside/capturepallet11/rgb/1778654561026406400.png,capturepallet11,day,0.8909342447916667,0.9869661458333333,0.013033854166666666,0.09603190104166667,True,0.8924646781789639,0.8841519272778522,12547,14191,0.8837291240927349,True
data/pallet/raw_data/outside/capturepallet11/rgb/1778654561093791488.png,capturepallet11,day,0.8939518229166666,0.9844140625,0.0155859375,0.09046223958333334,True,0.896909843899331,0.8873259052924791,12742,14360,0.8862813370473538,True
data/pallet/raw_data/outside/capturepallet11/rgb/1778654561160909056.png,capturepallet11,day,0.9180305989583334,0.9901692708333333,0.009830729166666666,0.072138671875,True,0.9131101456682852,0.9051243713470164,13318,14714,0.9051243713470164,True
data/pallet/raw_data/outside/capturepallet11/rgb/1778654561228158720.png,capturepallet11,day,0.9018326822916667,0.986328125,0.013671875,0.08449544270833333,True,0.9044384057971014,0.8956017061743934,12808,14301,0.89490245437382,True
data/pallet/raw_data/outside/capturepallet11/rgb/1778654561328843264.png,capturepallet11,day,0.912421875,0.9869661458333333,0.013033854166666666,0.07454427083333333,True,0.9020229100658055,0.8911794525177424,13185,14795,0.890841500506928,True
data/pallet/raw_data/outside/capturepallet11/rgb/1778654561463380480.png,capturepallet11,day,0.9118001302083333,0.987353515625,0.012646484375,0.07555338541666666,True,0.8848085373509103,0.8716489544052108,12713,14585,0.8705519369214947,True
data/pallet/raw_data/outside/capturepallet11/rgb/1778654561564244992.png,capturepallet11,day,0.9199283854166667,0.9917740885416667,0.008225911458333334,0.071845703125,True,0.9314182194616977,0.9211910228871936,12437,13501,0.9208947485371454,True
data/pallet/raw_data/outside/capturepallet11/rgb/1778654561698511104.png,capturepallet11,day,0.9389388020833334,0.99265625,0.00734375,0.05371744791666667,True,0.9546725239616614,0.9443930991990142,12262,12984,0.9443930991990142,True
data/pallet/raw_data/outside/capturepallet11/rgb/1778654561765776640.png,capturepallet11,day,0.9323470052083334,0.9894270833333333,0.010572916666666666,0.057080078125,True,0.9187557053577698,0.9063299232736572,11340,12512,0.9058503836317136,True
data/pallet/raw_data/outside/capturepallet11/rgb/1778654561832914176.png,capturepallet11,day,0.9362369791666667,0.9921451822916667,0.007854817708333333,0.055908203125,True,0.955,0.9427468639433901,11724,12436,0.941781923448054,True
data/pallet/raw_data/outside/capturepallet11/rgb/1778654561900168704.png,capturepallet11,day,0.92216796875,0.9913541666666666,0.008645833333333333,0.06918619791666666,True,0.9345943324326197,0.9140391352644621,10697,11703,0.9136973425617363,True
data/pallet/raw_data/outside/capturepallet11/rgb/1778654562000989184.png,capturepallet11,day,0.9372428385416667,0.9912630208333333,0.008736979166666667,0.05402018229166667,True,0.9376642335766423,0.9245982694684796,10472,11326,0.9245982694684796,True
data/pallet/raw_data/outside/capturepallet11/rgb/1778654562101951744.png,capturepallet11,day,0.9367838541666667,0.9907942708333334,0.009205729166666666,0.054010416666666665,True,0.9217946720673001,0.9103118388372735,9896,10871,0.9103118388372735,True
data/pallet/raw_data/outside/capturepallet11/rgb/1778654562270342400.png,capturepallet11,day,0.9356966145833333,0.9915104166666666,0.008489583333333333,0.055813802083333336,True,0.946711432506887,0.9417957283125823,9304,9879,0.9417957283125823,True
data/pallet/raw_data/outside/capturepallet11/rgb/1778654562404179200.png,capturepallet11,day,0.946875,0.9927994791666667,0.007200520833333333,0.045924479166666664,True,0.9573855974107705,0.9523299410819497,8890,9335,0.9523299410819497,True
data/pallet/raw_data/outside/capturepallet11/rgb/1778654562471191808.png,capturepallet11,day,0.9360384114583333,0.98984375,0.01015625,0.053805338541666664,True,0.9585372610582694,0.9581566614594956,8587,8962,0.9562597634456594,True
data/pallet/raw_data/outside/capturepallet11/rgb/1778654562504733184.png,capturepallet11,day,0.9350813802083333,0.9931868489583333,0.006813151041666667,0.05810546875,True,0.960795902285264,0.9592186429061,8397,8754,0.9592186429061,True
data/pallet/raw_data/outside/capturepallet11/rgb/1778654562571953664.png,capturepallet11,day,0.93556640625,0.9938671875,0.0061328125,0.05830078125,True,0.9523060796645703,0.9503521126760563,8097,8520,0.9503521126760563,True
data/pallet/raw_data/outside/capturepallet11/rgb/1778654562639130368.png,capturepallet11,day,0.9294205729166667,0.9899088541666666,0.010091145833333334,0.06048828125,True,0.9643162393162393,0.9659428028954551,8140,8427,0.9659428028954551,True
data/pallet/raw_data/outside/capturepallet11/rgb/1778654562706510592.png,capturepallet11,day,0.93318359375,0.9947591145833333,0.005240885416666666,0.061575520833333335,True,0.9443053817271589,0.9394792399718508,8010,8526,0.9394792399718508,True
data/pallet/raw_data/outside/capturepallet11/rgb/1778654562773606656.png,capturepallet11,day,0.9341634114583334,0.99234375,0.00765625,0.05818033854166667,True,0.9487044449125763,0.9419062388166527,7896,8383,0.9419062388166527,True
data/pallet/raw_data/outside/capturepallet11/rgb/1778654562840953600.png,capturepallet11,day,0.933740234375,0.9928157552083333,0.0071842447916666665,0.05907552083333333,True,0.9522169608265174,0.948081810480455,7834,8263,0.948081810480455,True
data/pallet/raw_data/outside/capturepallet11/rgb/1778654563009086976.png,capturepallet11,day,0.9405013020833334,0.9927376302083334,0.0072623697916666665,0.052236328125,True,0.9656862745098039,0.9664478482859227,7950,8226,0.9664478482859227,True
data/pallet/raw_data/outside/capturepallet11/rgb/1778654563109934848.png,capturepallet11,day,0.942861328125,0.9920768229166667,0.007923177083333333,0.04921549479166667,True,0.958029935275081,0.9520342117429496,8237,8652,0.9520342117429496,True
data/pallet/raw_data/outside/capturepallet11/rgb/1778654563244076032.png,capturepallet11,day,0.94037109375,0.992177734375,0.007822265625,0.051806640625,True,0.9455496308449549,0.9434537775692163,8042,8524,0.9434537775692163,True
data/pallet/raw_data/outside/capturepallet11/rgb/1778654563344999936.png,capturepallet11,day,0.9407649739583334,0.9926529947916667,0.007347005208333333,0.05188802083333333,True,0.9587173579109063,0.9568858209799705,8456,8837,0.9562068575308362,True
data/pallet/raw_data/outside/capturepallet11/rgb/1778654563411956224.png,capturepallet11,day,0.9375423177083333,0.9910611979166667,0.008938802083333334,0.053518880208333335,True,0.964927370030581,0.9656232214001138,8483,8785,0.9643710870802504,True
data/pallet/raw_data/outside/capturepallet11/rgb/1778654563479173120.png,capturepallet11,day,0.936123046875,0.9926139322916666,0.0073860677083333335,0.056490885416666664,True,0.9369404062770771,0.9335608646188851,8206,8790,0.9335608646188851,True
data/pallet/raw_data/outside/capturepallet11/rgb/1778654563546398464.png,capturepallet11,day,0.93673828125,0.9908333333333333,0.009166666666666667,0.05409505208333333,True,0.9433251741668236,0.9410064239828694,8789,9340,0.9410064239828694,True
data/pallet/raw_data/outside/capturepallet11/rgb/1778654563613624576.png,capturepallet11,day,0.9382063802083334,0.9934212239583333,0.006578776041666666,0.05521484375,True,0.9529453702878531,0.9473404820044591,8923,9419,0.9473404820044591,True
data/pallet/raw_data/outside/capturepallet11/rgb/1778654563647095552.png,capturepallet11,day,0.9327506510416667,0.9922037760416667,0.007796223958333333,0.059453125,True,0.9368686868686869,0.928912006935414,8572,9228,0.928912006935414,True
data/pallet/raw_data/outside/capturepallet11/rgb/1778654563714262784.png,capturepallet11,day,0.93203125,0.9904915364583333,0.009508463541666666,0.05846028645833334,True,0.9561075498575499,0.9505126595522075,9085,9558,0.9505126595522075,True
data/pallet/raw_data/outside/capturepallet11/rgb/1778654563781773568.png,capturepallet11,day,0.9419466145833333,0.9921614583333334,0.007838541666666667,0.05021484375,True,0.9596574858757062,0.9552501033484911,9243,9676,0.9552501033484911,True
data/pallet/raw_data/outside/capturepallet11/rgb/1778654563848655104.png,capturepallet11,day,0.9381673177083333,0.9942220052083334,0.005777994791666667,0.0560546875,True,0.9570035460992907,0.952891454489228,9244,9701,0.952891454489228,True
data/pallet/raw_data/outside/capturepallet11/rgb/1778654563915926016.png,capturepallet11,day,0.9366080729166667,0.9912239583333333,0.008776041666666666,0.05461588541666667,True,0.9584020842379505,0.9542490425421799,9219,9661,0.9542490425421799,True
data/pallet/raw_data/outside/capturepallet11/rgb/1778654563983128064.png,capturepallet11,day,0.943759765625,0.9905891927083333,0.009410807291666667,0.04682942708333333,True,0.9198260869565218,0.9078582434514638,8838,9735,0.9078582434514638,True
data/pallet/raw_data/outside/capturepallet11/rgb/1778654564050290176.png,capturepallet11,day,0.9452213541666666,0.9922005208333333,0.007799479166666666,0.04697916666666667,True,0.9319819065170045,0.9229693276051554,9238,10009,0.9229693276051554,True
data/pallet/raw_data/outside/capturepallet11/rgb/1778654564117577984.png,capturepallet11,day,0.9336653645833334,0.9896712239583333,0.010328776041666666,0.056005859375,True,0.9220593191776205,0.9127076091154886,9452,10356,0.9127076091154886,True
data/pallet/raw_data/outside/capturepallet11/rgb/1778654564184630016.png,capturepallet11,day,0.9388444010416667,0.9909212239583334,0.009078776041666667,0.05207682291666667,True,0.9071788208543121,0.893418100224383,9556,10696,0.893418100224383,True
data/pallet/raw_data/outside/capturepallet11/rgb/1778654564251808256.png,capturepallet11,day,0.9338248697916667,0.9898893229166666,0.010110677083333333,0.056064453125,True,0.8995522388059701,0.8769890935097443,9810,11186,0.8769890935097443,True
data/pallet/raw_data/outside/capturepallet11/rgb/1778654564319096064.png,capturepallet11,day,0.93109375,0.988876953125,0.011123046875,0.057783203125,True,0.8922243713733076,0.8744190203789775,9783,11188,0.8738827314980336,True
data/pallet/raw_data/outside/capturepallet11/rgb/1778654564386439680.png,capturepallet11,day,0.9384114583333333,0.9889420572916666,0.011057942708333334,0.05053059895833333,True,0.9068368544600939,0.8901863140722933,10368,11647,0.8901863140722933,True
data/pallet/raw_data/outside/capturepallet11/rgb/1778654564453362432.png,capturepallet11,day,0.9336686197916667,0.9903483072916667,0.009651692708333333,0.0566796875,True,0.912171803652968,0.8954270342972428,10652,11896,0.8954270342972428,True
data/pallet/raw_data/outside/capturepallet11/rgb/1778654564520634880.png,capturepallet11,day,0.9280501302083334,0.98888671875,0.01111328125,0.06083658854166667,True,0.9143434927054745,0.8984946598267597,10684,11891,0.8984946598267597,True
data/pallet/raw_data/outside/capturepallet11/rgb/1778654564587945472.png,capturepallet11,day,0.9278971354166666,0.989599609375,0.010400390625,0.06170247395833333,True,0.9101867335562988,0.8976532454281454,11437,12741,0.8976532454281454,True
data/pallet/raw_data/outside/capturepallet11/rgb/1778654564655110144.png,capturepallet11,day,0.9101171875,0.9860970052083333,0.013902994791666666,0.07597981770833333,True,0.891983695652174,0.8742667489966038,11327,12956,0.8742667489966038,True
data/pallet/raw_data/outside/capturepallet11/rgb/1778654564721965568.png,capturepallet11,day,0.9319986979166667,0.9913606770833333,0.008639322916666666,0.05936197916666667,True,0.9304319793681496,0.9193929688095783,12056,13113,0.9193929688095783,True
data/pallet/raw_data/outside/capturepallet11/rgb/1778654564789201920.png,capturepallet11,day,0.9327864583333333,0.9918326822916667,0.008167317708333333,0.05904622395833333,True,0.9221014492753623,0.9107473520479964,12296,13501,0.9107473520479964,True
data/pallet/raw_data/outside/capturepallet11/rgb/1778654564856418816.png,capturepallet11,day,0.9259016927083333,0.9922330729166666,0.007766927083333333,0.06633138020833333,True,0.917275875336668,0.9053410506264196,12357,13649,0.9053410506264196,True
data/pallet/raw_data/outside/capturepallet11/rgb/1778654564923753984.png,capturepallet11,day,0.9279720052083333,0.9887858072916667,0.011214192708333333,0.06081380208333333,True,0.8906092012133469,0.872862779482683,11946,13686,0.872862779482683,True
data/pallet/raw_data/outside/capturepallet11/rgb/1778654565024515584.png,capturepallet11,day,0.9172981770833334,0.9907063802083333,0.009293619791666667,0.073408203125,True,0.9284139620330679,0.9179742224712805,13105,14276,0.9179742224712805,True
data/pallet/raw_data/outside/capturepallet11/rgb/1778654565091751168.png,capturepallet11,day,0.9210970052083334,0.988330078125,0.011669921875,0.06723307291666666,True,0.8840791476407914,0.8681379693247276,12509,14409,0.8591158303837879,True
data/pallet/raw_data/outside/capturepallet11/rgb/1778654565125139968.png,capturepallet11,day,0.9167545572916667,0.9898665364583333,0.010133463541666667,0.07311197916666666,True,0.9127149877149877,0.9007072528082097,12990,14422,0.9007072528082097,True
data/pallet/raw_data/outside/capturepallet11/rgb/1778654565226237440.png,capturepallet11,day,0.9105305989583333,0.989599609375,0.010400390625,0.07906901041666667,True,0.9212204007285975,0.9133545873184555,12892,14115,0.906199078993978,True
data/pallet/raw_data/outside/capturepallet11/rgb/1778654565360624128.png,capturepallet11,day,0.9101204427083334,0.9891829427083333,0.010817057291666666,0.0790625,True,0.9002032520325203,0.8906226889513386,12043,13522,0.8906226889513386,True
data/pallet/raw_data/outside/capturepallet11/rgb/1778654565394030592.png,capturepallet11,day,0.895263671875,0.98818359375,0.01181640625,0.092919921875,True,0.8954412663903798,0.886432086975685,12067,13613,0.8842283111731433,True
data/pallet/raw_data/outside/capturepallet11/rgb/1778654565461248768.png,capturepallet11,day,0.8744010416666667,0.9900390625,0.0099609375,0.11563802083333333,True,0.9114788732394367,0.9062961868164351,12264,13532,0.9062961868164351,True
data/pallet/raw_data/outside/capturepallet11/rgb/1778654565528471552.png,capturepallet11,day,0.8848079427083333,0.98716796875,0.01283203125,0.10236002604166666,True,0.9169718309859155,0.9116182264178994,12264,13453,0.9116182264178994,True
data/pallet/raw_data/outside/capturepallet11/rgb/1778654565595677952.png,capturepallet11,day,0.8729752604166666,0.9890592447916666,0.010940755208333333,0.116083984375,True,0.9282394366197183,0.9224617259501866,12111,13129,0.9224617259501866,True
data/pallet/raw_data/outside/capturepallet11/rgb/1778654565662959104.png,capturepallet11,day,0.8795703125,0.9849934895833333,0.015006510416666667,0.10542317708333333,True,0.9232213795594078,0.9191596763417712,12382,13471,0.9191596763417712,True
data/pallet/raw_data/outside/capturepallet11/rgb/1778654565729998336.png,capturepallet11,day,0.8680533854166667,0.987421875,0.012578125,0.11936848958333333,True,0.8935861117164233,0.8879051730445598,12135,13667,0.8865149630496817,True
data/pallet/raw_data/outside/capturepallet11/rgb/1778654565797354496.png,capturepallet11,day,0.8779459635416667,0.9906184895833333,0.009381510416666667,0.11267252604166667,True,0.9036475261827375,0.8964944091870656,11866,13236,0.8964944091870656,True
data/pallet/raw_data/outside/capturepallet11/rgb/1778654565864814848.png,capturepallet11,day,0.874931640625,0.9889127604166666,0.011087239583333333,0.11398111979166667,True,0.9090589887640449,0.9046101393418322,12205,13492,0.9046101393418322,True
data/pallet/raw_data/outside/capturepallet11/rgb/1778654565999266048.png,capturepallet11,day,0.851064453125,0.9885416666666667,0.011458333333333333,0.13747721354166667,True,0.9049719887955182,0.8989936362290958,12149,13514,0.898105668195945,True
data/pallet/raw_data/outside/capturepallet11/rgb/1778654566167167232.png,capturepallet11,day,0.8375032552083334,0.98796875,0.01203125,0.15046549479166665,True,0.8944361117063067,0.8906340474811812,12305,13816,0.8899102489866821,True
data/pallet/raw_data/outside/capturepallet11/rgb/1778654566267668736.png,capturepallet11,day,0.86404296875,0.98935546875,0.01064453125,0.1253125,True,0.9175925925925926,0.9138108545374319,12426,13598,0.9135166936314164,True
data/pallet/raw_data/outside/capturepallet11/rgb/1778654566402208000.png,capturepallet11,day,0.84150390625,0.9910384114583334,0.008961588541666666,0.14953450520833333,True,0.9149572649572649,0.9111963523196063,12590,13817,0.9111963523196063,True
data/pallet/raw_data/outside/capturepallet11/rgb/1778654566469200640.png,capturepallet11,day,0.8550455729166667,0.9900846354166667,0.009915364583333334,0.1350390625,True,0.8989192625556262,0.8953097603740503,12255,13688,0.8953097603740503,True
data/pallet/raw_data/outside/capturepallet11/rgb/1778654566536434176.png,capturepallet11,day,0.8441666666666666,0.988369140625,0.011630859375,0.14420247395833333,True,0.8895952532316169,0.8857518056467498,12141,13707,0.885022251404392,True
data/pallet/raw_data/outside/capturepallet11/rgb/1778654566637379072.png,capturepallet11,day,0.8395442708333334,0.9879850260416667,0.012014973958333333,0.14844075520833333,True,0.8808559861191441,0.8825179856115108,12267,13900,0.8825179856115108,True
data/pallet/raw_data/outside/capturepallet11/rgb/1778654566704396032.png,capturepallet11,day,0.8404752604166666,0.9856184895833333,0.014381510416666667,0.14514322916666667,True,0.8637864418686336,0.8640549730801926,12197,14116,0.8625672995182772,True
data/pallet/raw_data/outside/capturepallet11/rgb/1778654566805146368.png,capturepallet11,day,0.8484733072916667,0.989609375,0.010390625,0.14113606770833334,True,0.8918345705196182,0.8870225815444661,12727,14348,0.8866044047950934,True
data/pallet/raw_data/outside/capturepallet11/rgb/1778654566906248704.png,capturepallet11,day,0.8532747395833333,0.9885579427083333,0.011442057291666667,0.135283203125,True,0.9040168299257116,0.900171762281003,13102,14555,0.8994160082445894,True
data/pallet/raw_data/outside/capturepallet11/rgb/1778654566973093120.png,capturepallet11,day,0.8370279947916667,0.9871907552083333,0.012809244791666667,0.15016276041666668,True,0.9027650971696882,0.8983425414364641,13008,14480,0.8983425414364641,True
data/pallet/raw_data/outside/capturepallet11/rgb/1778654567040367616.png,capturepallet11,day,0.8450032552083333,0.985703125,0.014296875,0.14069986979166665,True,0.8911869918699187,0.889377875575115,13338,14997,0.8881776355271054,True
data/pallet/raw_data/outside/capturepallet11/rgb/1778654567107532544.png,capturepallet11,day,0.8332356770833333,0.9876790364583333,0.012320963541666667,0.154443359375,True,0.9127903215371677,0.9081924754634678,13325,14672,0.9081924754634678,True
data/pallet/raw_data/outside/capturepallet11/rgb/1778654567174823168.png,capturepallet11,day,0.8332649739583333,0.9871256510416667,0.012874348958333334,0.15386067708333334,True,0.8800332885218616,0.874765980208612,13083,14956,0.874765980208612,True
data/pallet/raw_data/outside/capturepallet11/rgb/1778654567241958400.png,capturepallet11,day,0.8358528645833333,0.9852473958333333,0.014752604166666667,0.14939453125,True,0.8615173103362079,0.8530147446024223,12959,15192,0.8530147446024223,True
data/pallet/raw_data/outside/capturepallet11/rgb/1778654567309250048.png,capturepallet11,day,0.8408984375,0.98607421875,0.01392578125,0.14517578125,True,0.8898420987193834,0.8873963622340767,13807,15559,0.8873963622340767,True
data/pallet/raw_data/outside/capturepallet11/rgb/1778654567376455680.png,capturepallet11,day,0.8337239583333333,0.9840364583333333,0.015963541666666668,0.1503125,True,0.8673156661258338,0.8746948738812043,13975,15977,0.8746948738812043,True
data/pallet/raw_data/outside/capturepallet11/rgb/1778654567443828992.png,capturepallet11,day,0.8292708333333333,0.982236328125,0.017763671875,0.15296549479166666,True,0.8522141518275539,0.8411938794786222,13359,15881,0.8406901328631698,True
data/pallet/raw_data/outside/capturepallet11/rgb/1778654567578362880.png,capturepallet11,day,0.843583984375,0.9829524739583333,0.017047526041666667,0.13936848958333334,True,0.8561827157556653,0.8506123963874799,13751,16166,0.8506123963874799,True
data/pallet/raw_data/outside/capturepallet11/rgb/1778654567746037504.png,capturepallet11,day,0.85650390625,0.9819173177083333,0.018082682291666666,0.12541341145833335,True,0.854522670312144,0.8464917559273077,14067,16618,0.8464917559273077,True
data/pallet/raw_data/outside/capturepallet11/rgb/1778654567813157120.png,capturepallet11,day,0.8549869791666667,0.9872786458333334,0.012721354166666667,0.13229166666666667,True,0.9198569856985699,0.9158486883646174,15955,17421,0.9158486883646174,True
data/pallet/raw_data/outside/capturepallet11/rgb/1778654567880239616.png,capturepallet11,day,0.8544108072916666,0.9848307291666667,0.015169270833333333,0.130419921875,True,0.8904684095860567,0.8876990197744915,15667,17649,0.8873590571703779,True
data/pallet/raw_data/outside/capturepallet11/rgb/1778654567947679232.png,capturepallet11,day,0.8531868489583333,0.9841341145833333,0.015865885416666666,0.130947265625,True,0.9042293086406908,0.897612235915493,16315,18176,0.8971170774647887,True
data/pallet/raw_data/outside/capturepallet11/rgb/1778654568014724352.png,capturepallet11,day,0.85283203125,0.9858203125,0.0141796875,0.13298828125,True,0.9183563125168964,0.9151377418103209,16510,18041,0.9145834488110415,True
data/pallet/raw_data/outside/capturepallet11/rgb/1778654568081997568.png,capturepallet11,day,0.86494140625,0.985625,0.014375,0.12068359375,True,0.8771958717610892,0.874296435272045,15844,18122,0.874296435272045,True
data/pallet/raw_data/outside/capturepallet11/rgb/1778654568149134592.png,capturepallet11,day,0.847861328125,0.9811328125,0.0188671875,0.133271484375,True,0.891565635451505,0.8865956624910325,16066,18121,0.882622371833784,True
data/pallet/raw_data/outside/capturepallet11/rgb/1778654568249900288.png,capturepallet11,day,0.8520540364583333,0.982255859375,0.017744140625,0.13020182291666665,True,0.9000103029054193,0.8964834341379864,16749,18683,0.8957340898142696,True
data/pallet/raw_data/outside/capturepallet11/rgb/1778654568418318848.png,capturepallet11,day,0.8525944010416666,0.980556640625,0.019443359375,0.12796223958333333,True,0.8973933172302737,0.9038061932998834,17833,19731,0.9009173381987735,True
data/pallet/raw_data/outside/capturepallet11/rgb/1778654568518767104.png,capturepallet11,day,0.8597330729166667,0.9777669270833333,0.022233072916666666,0.11803385416666666,True,0.8468337129840546,0.8410236894681762,17680,21022,0.8404528589097137,True
data/pallet/raw_data/outside/capturepallet11/rgb/1778654568585801728.png,capturepallet11,day,0.863759765625,0.980927734375,0.019072265625,0.11716796875,True,0.9222034534534534,0.9265167877478893,18875,20372,0.9259768309444335,True
data/pallet/raw_data/outside/capturepallet11/rgb/1778654568653283328.png,capturepallet11,day,0.8546484375,0.9767936197916667,0.023206380208333332,0.12214518229166667,True,0.8854038259599142,0.8817599397022801,18718,21228,0.8719615602035048,True
data/pallet/raw_data/outside/capturepallet11/rgb/1778654568720258048.png,capturepallet11,day,0.8630208333333333,0.9795442708333333,0.020455729166666665,0.1165234375,True,0.8537610619469026,0.8498433920807816,18179,21391,0.8355383105044177,True
data/pallet/raw_data/outside/capturepallet11/rgb/1778654568787365888.png,capturepallet11,day,0.8633463541666667,0.979560546875,0.020439453125,0.11621419270833333,True,0.8427063132945486,0.8358976693372178,18363,21968,0.8322560087399854,True
data/pallet/raw_data/outside/capturepallet11/rgb/1778654568854575104.png,capturepallet11,day,0.8672916666666667,0.981884765625,0.018115234375,0.11459309895833333,True,0.8669401148482363,0.8611660503912633,20029,23258,0.8611660503912633,True
data/pallet/raw_data/outside/capturepallet11/rgb/1778654568921939200.png,capturepallet11,day,0.8619010416666667,0.9833919270833333,0.016608072916666668,0.12149088541666667,True,0.8657161803713528,0.8571112487830781,19369,22598,0.8146738649438003,True
data/pallet/raw_data/outside/capturepallet11/rgb/1778654568989161728.png,capturepallet11,day,0.8642513020833333,0.9793131510416667,0.020686848958333334,0.11506184895833334,True,0.8651800327332242,0.8606716859825734,20348,23642,0.8598680314694188,True
data/pallet/raw_data/outside/capturepallet11/rgb/1778654569056366080.png,capturepallet11,day,0.87466796875,0.9798404947916667,0.020159505208333334,0.10517252604166667,True,0.8580915906127771,0.8524810984618059,19619,23014,0.8402276874945686,True
data/pallet/raw_data/outside/capturepallet11/rgb/1778654569224397824.png,capturepallet11,day,0.8645638020833334,0.9773600260416667,0.022639973958333334,0.11279622395833333,True,0.8536832239925023,0.8478235454580881,21756,25661,0.8266630295000195,True
data/pallet/raw_data/outside/capturepallet11/rgb/1778654569392242176.png,capturepallet11,day,0.870537109375,0.9755045572916666,0.024495442708333332,0.10496744791666666,True,0.8448233259204349,0.8405558341093045,23470,27922,0.8093259795143615,True
data/pallet/raw_data/outside/capturepallet11/rgb/1778654569459179264.png,capturepallet11,day,0.8648404947916667,0.9725944010416666,0.027405598958333333,0.10775390625,True,0.8537128712871287,0.8502656519241815,23685,27856,0.8469270534175761,True
data/pallet/raw_data/outside/capturepallet11/rgb/1778654569526403584.png,capturepallet11,day,0.8619791666666666,0.9771842447916667,0.022815755208333333,0.115205078125,True,0.8608554785785683,0.8566730802868637,24488,28585,0.8544691271645968,True
data/pallet/raw_data/outside/capturepallet11/rgb/1778654569593627904.png,capturepallet11,day,0.8665950520833333,0.978330078125,0.021669921875,0.11173502604166667,True,0.8879655278547245,0.885711343037627,25799,29128,0.8691980225212853,True
data/pallet/raw_data/outside/capturepallet11/rgb/1778654569660779520.png,capturepallet11,day,0.8512727864583334,0.97572265625,0.02427734375,0.12444986979166667,True,0.8673033936191831,0.8630519458136569,25038,29011,0.8482644514149805,True
data/pallet/raw_data/outside/capturepallet11/rgb/1778654569728078848.png,capturepallet11,day,0.8694075520833333,0.9764453125,0.0235546875,0.10703776041666667,True,0.8828512806936263,0.8780988951765023,26069,29688,0.8509161950956615,True
data/pallet/raw_data/outside/capturepallet11/rgb/1778654569795190528.png,capturepallet11,day,0.870078125,0.9728971354166667,0.027102864583333334,0.10281901041666666,True,0.8599869876382563,0.8570410674957896,26462,30876,0.8406529343179169,True
data/pallet/raw_data/outside/capturepallet11/rgb/1778654569828684800.png,capturepallet11,day,0.8586197916666667,0.9787076822916667,0.021292317708333335,0.120087890625,True,0.8959348009611013,0.8944992315573771,27937,31232,0.8747438524590164,True
data/pallet/raw_data/outside/capturepallet11/rgb/1778654569896061440.png,capturepallet11,day,0.8721484375,0.9749381510416667,0.025061848958333334,0.10278971354166666,True,0.8631284916201117,0.8630937261874524,27184,31496,0.8419481838963678,True
data/pallet/raw_data/outside/capturepallet11/rgb/1778654569963199744.png,capturepallet11,day,0.8670735677083333,0.976943359375,0.023056640625,0.10986979166666666,True,0.8843948745261443,0.8828694190173735,28356,32118,0.8796936297403325,True
data/pallet/raw_data/outside/capturepallet11/rgb/1778654570064192768.png,capturepallet11,day,0.8614322916666667,0.9727734375,0.0272265625,0.11134114583333334,True,0.8487928464977645,0.8460455784146378,28252,33393,0.8261312251070584,True
data/pallet/raw_data/outside/capturepallet11/rgb/1778654570131188480.png,capturepallet11,day,0.86111328125,0.9721549479166667,0.027845052083333332,0.11104166666666666,True,0.8400174367916303,0.8381164750514031,28941,34531,0.8150936839361733,True
data/pallet/raw_data/outside/capturepallet11/rgb/1778654570232158464.png,capturepallet11,day,0.8668587239583333,0.9775944010416666,0.02240559895833333,0.11073567708333333,True,0.8974125156730879,0.8923258294504014,31790,35626,0.8739684500084208,True
data/pallet/raw_data/outside/capturepallet11/rgb/1778654570299178752.png,capturepallet11,day,0.86390625,0.975732421875,0.024267578125,0.111826171875,True,0.8665194153577661,0.8619822282980177,31527,36575,0.8378947368421052,True
data/pallet/raw_data/outside/capturepallet11/rgb/1778654570366325760.png,capturepallet11,day,0.86703125,0.9794205729166666,0.020579427083333334,0.11238932291666667,True,0.8927519633507853,0.8909847434119279,32120,36050,0.870124826629681,True
data/pallet/raw_data/outside/capturepallet11/rgb/1778654570433658624.png,capturepallet11,day,0.8705794270833334,0.9762272135416666,0.023772786458333334,0.10564778645833334,True,0.8842182093425606,0.8789486572524692,32304,36753,0.8554675808777514,True
data/pallet/raw_data/outside/capturepallet11/rgb/1778654570500677376.png,capturepallet11,day,0.8752213541666667,0.9745247395833333,0.025475260416666666,0.09930338541666667,True,0.8853858784893268,0.8823719328454585,32796,37168,0.8598256564786914,True
data/pallet/raw_data/outside/capturepallet11/rgb/1778654570568186368.png,capturepallet11,day,0.8775911458333333,0.9733658854166667,0.026634114583333333,0.09577473958333334,True,0.873929794520548,0.8710685163613259,32902,37772,0.8440114370433125,True
data/pallet/raw_data/outside/capturepallet11/rgb/1778654570635153408.png,capturepallet11,day,0.8693033854166666,0.976904296875,0.023095703125,0.10760091145833334,True,0.880570882852292,0.8768623321926823,33312,37990,0.8748091603053435,True
data/pallet/raw_data/outside/capturepallet11/rgb/1778654570702294784.png,capturepallet11,day,0.874951171875,0.9775520833333333,0.022447916666666668,0.10260091145833333,True,0.9042242503259452,0.9010044903574117,34713,38527,0.9003036831313105,True
data/pallet/raw_data/outside/capturepallet11/rgb/1778654570769996032.png,capturepallet11,day,0.8620930989583333,0.9748177083333334,0.025182291666666665,0.112724609375,True,0.8893711018711019,0.8853886338451796,33558,37902,0.8639649622711203,True
data/pallet/raw_data/outside/capturepallet11/rgb/1778654570870355200.png,capturepallet11,day,0.8833723958333334,0.975908203125,0.024091796875,0.09253580729166666,True,0.8931765572390572,0.8907448746568137,34715,38973,0.8864855156133734,True
data/pallet/raw_data/outside/capturepallet11/rgb/1778654570937508864.png,capturepallet11,day,0.8596549479166666,0.974521484375,0.025478515625,0.11486653645833333,True,0.8783040488922842,0.875591633161993,34409,39298,0.8480584253651585,True
data/pallet/raw_data/outside/capturepallet11/rgb/1778654571004770304.png,capturepallet11,day,0.8665104166666666,0.9745182291666666,0.025481770833333334,0.1080078125,True,0.8742812742812743,0.8711654861558275,33823,38825,0.8465936896329684,True
data/pallet/raw_data/outside/capturepallet11/rgb/1778654571105585920.png,capturepallet11,day,0.87216796875,0.973466796875,0.026533203125,0.101298828125,True,0.8919310555216595,0.886164397689769,34369,38784,0.8631652227722773,True
data/pallet/raw_data/outside/capturepallet11/rgb/1778654571139292416.png,capturepallet11,day,0.866728515625,0.977216796875,0.022783203125,0.11048828125,True,0.9085225061616292,0.9048309804429479,34931,38605,0.8821655226006994,True
data/pallet/raw_data/outside/capturepallet11/rgb/1778654571206541312.png,capturepallet11,day,0.8587076822916667,0.973603515625,0.026396484375,0.11489583333333334,True,0.8877310924369748,0.8851263149811871,34581,39069,0.8591722337403056,True
data/pallet/raw_data/outside/capturepallet11/rgb/1778654571273446656.png,capturepallet11,day,0.858173828125,0.9750553385416667,0.024944661458333333,0.11688151041666667,True,0.9001881349554747,0.8975749513967052,35088,39092,0.8695641051877622,True
data/pallet/raw_data/outside/capturepallet11/rgb/1778654571340841216.png,capturepallet11,day,0.8460709635416667,0.9737630208333333,0.026236979166666667,0.12769205729166666,True,0.896755681961189,0.8904388633902326,34533,38782,0.8670259398690114,True
data/pallet/raw_data/outside/capturepallet11/rgb/1778654571509263872.png,capturepallet11,day,0.8484830729166667,0.9745572916666667,0.025442708333333335,0.12607421875,True,0.9154504915374481,0.9110201726082736,34729,38121,0.9096823273261457,True
data/pallet/raw_data/outside/capturepallet11/rgb/1778654571643508736.png,capturepallet11,day,0.837509765625,0.975673828125,0.024326171875,0.1381640625,True,0.9301976999612352,0.9239261781830166,33642,36412,0.9193947050422937,True
data/pallet/raw_data/outside/capturepallet11/rgb/1778654571710730752.png,capturepallet11,day,0.8454231770833334,0.9761946614583333,0.023805338541666665,0.130771484375,True,0.9269497582509986,0.9216781254384734,32844,35635,0.9009400869931248,True
data/pallet/raw_data/outside/capturepallet11/rgb/1778654571777518336.png,capturepallet11,day,0.8386197916666667,0.9767057291666666,0.023294270833333332,0.1380859375,True,0.9136558481322719,0.905165700441291,31383,34671,0.8786305557959101,True
data/pallet/raw_data/outside/capturepallet11/rgb/1778654571844766976.png,capturepallet11,day,0.8225455729166666,0.97529296875,0.02470703125,0.15274739583333333,True,0.9199420442571128,0.9116843084797023,31351,34388,0.8896417354891241,True
data/pallet/raw_data/outside/capturepallet11/rgb/1778654571911886080.png,capturepallet11,day,0.8267154947916666,0.9757649739583333,0.024235026041666666,0.14904947916666667,True,0.9149934321636329,0.9062296441049328,30607,33774,0.8843489074435956,True
data/pallet/raw_data/outside/capturepallet11/rgb/1778654571979113216.png,capturepallet11,day,0.8217545572916667,0.9757259114583333,0.024274088541666666,0.15397135416666666,True,0.926396752483709,0.9181782980371131,30826,33573,0.8968814225717094,True
data/pallet/raw_data/outside/capturepallet11/rgb/1778654572046291712.png,capturepallet11,day,0.8126171875,0.973642578125,0.026357421875,0.161025390625,True,0.9045723024997363,0.8935272598536701,30287,33896,0.8652053339627095,True
data/pallet/raw_data/outside/capturepallet11/rgb/1778654572180719872.png,capturepallet11,day,0.8059505208333333,0.972138671875,0.027861328125,0.16618815104166668,True,0.9070891514500538,0.859375,17545,20416,0.8457092476489029,True
data/pallet/raw_data/outside/capturepallet11/rgb/1778654572349217536.png,capturepallet11,day,0.8168522135416667,0.970205078125,0.029794921875,0.15335286458333333,True,0.914149008885851,0.8815802044520875,18455,20934,0.8598452278589854,True
data/pallet/raw_data/outside/capturepallet11/rgb/1778654572483220992.png,capturepallet11,day,0.79923828125,0.9725358072916667,0.027464192708333335,0.17329752604166668,True,0.9150480139676997,0.8839748703629836,17729,20056,0.8772437175907459,True
data/pallet/raw_data/outside/capturepallet11/rgb/1778654572584023808.png,capturepallet11,day,0.7963639322916667,0.9733723958333333,0.026627604166666666,0.17700846354166666,True,0.9209489479419901,0.8942141623488774,18639,20844,0.8865860679332181,True
data/pallet/raw_data/outside/capturepallet11/rgb/1778654572651117312.png,capturepallet11,day,0.79666015625,0.9732682291666667,0.026731770833333335,0.17660807291666666,True,0.9269391342562074,0.9064068497195158,18420,20322,0.9059147721680937,True
data/pallet/raw_data/outside/capturepallet11/rgb/1778654572718208512.png,capturepallet11,day,0.79853515625,0.972236328125,0.027763671875,0.173701171875,True,0.9185131439415081,0.8926234384295062,18006,20172,0.8775530438231212,True
data/pallet/raw_data/outside/capturepallet11/rgb/1778654572785565696.png,capturepallet11,day,0.7938899739583334,0.975234375,0.024765625,0.18134440104166666,True,0.9118615909025809,0.8808717420114858,17946,20373,0.8793010356844844,True
data/pallet/raw_data/outside/capturepallet11/rgb/1778654572852644096.png,capturepallet11,day,0.7955078125,0.9772330729166666,0.022766927083333333,0.18172526041666667,True,0.9202904865649963,0.8939035574648839,18519,20717,0.8903316117198437,True
data/pallet/raw_data/outside/capturepallet11/rgb/1778654572953835776.png,capturepallet11,day,0.7913997395833333,0.9780045572916667,0.021995442708333333,0.18660481770833334,True,0.928139052231062,0.9175826105277943,26130,28477,0.9118235769217263,True
data/pallet/raw_data/outside/capturepallet11/rgb/1778654573088158720.png,capturepallet11,day,0.7873177083333334,0.9793815104166667,0.020618489583333333,0.19206380208333335,True,0.920971012763927,0.916219577189554,25787,28145,0.9145851838692486,True
data/pallet/raw_data/outside/capturepallet11/rgb/1778654573188635392.png,capturepallet11,day,0.7790983072916666,0.9781477864583333,0.021852213541666665,0.19904947916666665,True,0.9194483670342217,0.9112327376853093,25140,27589,0.9068106854181014,True
data/pallet/raw_data/outside/capturepallet11/rgb/1778654573222289920.png,capturepallet11,day,0.7964453125,0.9807942708333334,0.019205729166666668,0.18434895833333334,True,0.9362818811735221,0.9298842257597685,25702,27640,0.9262662807525326,True
data/pallet/raw_data/outside/capturepallet11/rgb/1778654573289413120.png,capturepallet11,day,0.7868001302083333,0.9771516927083334,0.022848307291666668,0.1903515625,True,0.919831223628692,0.9107300559317044,24750,27176,0.9096261407123933,True
data/pallet/raw_data/outside/capturepallet11/rgb/1778654573356706816.png,capturepallet11,day,0.78396484375,0.9804752604166667,0.019524739583333332,0.19651041666666666,True,0.9220116618075802,0.9137334315169366,24817,27160,0.9129234167893961,True
data/pallet/raw_data/outside/capturepallet11/rgb/1778654573423500032.png,capturepallet11,day,0.784921875,0.97609375,0.02390625,0.191171875,True,0.9302896416298478,0.9244117211780376,24985,27028,0.9239677371614622,True
data/pallet/raw_data/outside/capturepallet11/rgb/1778654573490915584.png,capturepallet11,day,0.7800065104166667,0.9803255208333334,0.019674479166666668,0.20031901041666667,True,0.9393782383419689,0.9319052400609915,25058,26889,0.9319052400609915,True
data/pallet/raw_data/outside/capturepallet11/rgb/1778654573557904896.png,capturepallet11,day,0.790185546875,0.9830859375,0.0169140625,0.192900390625,True,0.9404681244225439,0.933500018658805,25015,26797,0.933500018658805,True
data/pallet/raw_data/outside/capturepallet11/rgb/1778654573692868864.png,capturepallet11,day,0.7771907552083334,0.9782454427083334,0.021754557291666667,0.2010546875,True,0.9249871827736478,0.8876951654199507,17682,19919,0.8852854058938702,True
data/pallet/raw_data/outside/capturepallet11/rgb/1778654573827072000.png,capturepallet11,day,0.783505859375,0.9850358072916666,0.014964192708333334,0.20152994791666667,True,0.9506522972206466,0.9255462773138657,18510,19999,0.9255462773138657,True
data/pallet/raw_data/outside/capturepallet11/rgb/1778654573995440896.png,capturepallet11,day,0.781181640625,0.9855078125,0.0144921875,0.204326171875,True,0.9414180990899899,0.911379906196001,18460,20255,0.8878301653912615,True
data/pallet/raw_data/outside/capturepallet11/rgb/1778654574062139136.png,capturepallet11,day,0.7853483072916667,0.98359375,0.01640625,0.19824544270833333,True,0.9413549039433772,0.9178968156010862,18592,20255,0.897062453715132,True
data/pallet/raw_data/outside/capturepallet11/rgb/1778654574129279488.png,capturepallet11,day,0.7903873697916667,0.9832161458333334,0.016783854166666667,0.19282877604166668,True,0.9367100606673407,0.908678756476684,18239,20072,0.908678756476684,True
data/pallet/raw_data/outside/capturepallet11/rgb/1778654574196474112.png,capturepallet11,day,0.7800032552083334,0.98212890625,0.01787109375,0.20212565104166666,True,0.9306117290192113,0.8979057591623036,18179,20246,0.8978069742171293,True
data/pallet/raw_data/outside/capturepallet11/rgb/1778654574263645184.png,capturepallet11,day,0.7813313802083334,0.9846028645833333,0.015397135416666667,0.203271484375,True,0.9440978130711539,0.916060937966743,18400,20086,0.9148660758737429,True
data/pallet/raw_data/outside/capturepallet11/rgb/1778654574330727168.png,capturepallet11,day,0.777509765625,0.980361328125,0.019638671875,0.2028515625,True,0.9278219395866455,0.8933399356276306,18041,20195,0.8933399356276306,True
data/pallet/raw_data/outside/capturepallet11/rgb/1778654574398107648.png,capturepallet11,day,0.785751953125,0.98263671875,0.01736328125,0.196884765625,True,0.9340264282938204,0.8998325468107778,17733,19707,0.8991728827320241,True
data/pallet/raw_data/outside/capturepallet11/rgb/1778654574465139968.png,capturepallet11,day,0.7813834635416667,0.978701171875,0.021298828125,0.19731770833333334,True,0.9281598277608916,0.9167906604097517,24030,26211,0.9037045515241693,True
data/pallet/raw_data/outside/capturepallet11/rgb/1778654574532382720.png,capturepallet11,day,0.8003255208333333,0.981259765625,0.018740234375,0.18093424479166667,True,0.9268596327419857,0.9174453654860588,24349,26540,0.9174453654860588,True
data/pallet/raw_data/outside/capturepallet11/rgb/1778654574599763200.png,capturepallet11,day,0.7953971354166667,0.9810709635416667,0.018929036458333333,0.185673828125,True,0.9226637368003419,0.9114826286524611,24425,26797,0.9112587229913797,True
data/pallet/raw_data/outside/capturepallet11/rgb/1778654574700957952.png,capturepallet11,day,0.796650390625,0.9807194010416667,0.019280598958333332,0.18406901041666668,True,0.9294724075197089,0.9209584337789466,25214,27378,0.9203009715830228,True
data/pallet/raw_data/outside/capturepallet11/rgb/1778654574767753728.png,capturepallet11,day,0.7919205729166666,0.979150390625,0.020849609375,0.18722981770833333,True,0.9309767385214955,0.9249796642756785,25017,27046,0.9243880795681432,True
data/pallet/raw_data/outside/capturepallet11/rgb/1778654574834941184.png,capturepallet11,day,0.7973828125,0.974189453125,0.025810546875,0.176806640625,True,0.8956916099773242,0.8813897040176792,24329,27603,0.8810274245553019,True
data/pallet/raw_data/outside/capturepallet11/rgb/1778654574935563776.png,capturepallet11,day,0.7941764322916667,0.9752408854166666,0.024759114583333332,0.181064453125,True,0.925609756097561,0.9179366528548353,26141,28478,0.9151976964674485,True
data/pallet/raw_data/outside/capturepallet11/rgb/1778654574969321728.png,capturepallet11,day,0.80076171875,0.9798404947916667,0.020159505208333334,0.17907877604166667,True,0.9323955365622032,0.9047780085994492,18728,20699,0.9047780085994492,True
data/pallet/raw_data/outside/capturepallet11/rgb/1778654575036483584.png,capturepallet11,day,0.7866764322916666,0.975908203125,0.024091796875,0.18923177083333334,True,0.9268578953395168,0.905663174540423,18327,20236,0.9047242538050998,True
data/pallet/raw_data/outside/capturepallet11/rgb/1778654575103669760.png,capturepallet11,day,0.7985416666666667,0.9721842447916667,0.027815755208333334,0.173642578125,True,0.9034139874047067,0.882425068119891,19431,22020,0.8748410535876476,True
data/pallet/raw_data/outside/capturepallet11/rgb/1778654575204389632.png,capturepallet11,day,0.8044954427083333,0.9749674479166667,0.025032552083333333,0.17047200520833333,True,0.9247409611992945,0.9018270401948842,18510,20525,0.8978806333739342,True
data/pallet/raw_data/outside/capturepallet11/rgb/1778654575238002432.png,capturepallet11,day,0.7898958333333334,0.9725716145833333,0.027428385416666666,0.18267578125,True,0.9278333333333333,0.9200235802711731,28092,30534,0.9177965546603786,True
data/pallet/raw_data/outside/capturepallet11/rgb/1778654575305209600.png,capturepallet11,day,0.7972037760416667,0.9748111979166667,0.025188802083333333,0.177607421875,True,0.919989224137931,0.8853463545406673,18494,20889,0.8850591220259467,True
data/pallet/raw_data/outside/capturepallet11/rgb/1778654575473583872.png,capturepallet11,day,0.81861328125,0.9693619791666667,0.030638020833333335,0.15074869791666667,True,0.9168904333175381,0.8772510464323956,18024,20546,0.8649858853304779,True
data/pallet/raw_data/outside/capturepallet11/rgb/1778654575540580352.png,capturepallet11,day,0.80935546875,0.9705110677083333,0.029488932291666665,0.16115559895833334,True,0.9176039898132428,0.9068611203181969,30096,33187,0.88670262452165,True
data/pallet/raw_data/outside/capturepallet11/rgb/1778654575607508736.png,capturepallet11,day,0.82470703125,0.9741666666666666,0.025833333333333333,0.14945963541666665,True,0.909459815546772,0.8983873354046457,30361,33795,0.8804556887113478,True
data/pallet/raw_data/outside/capturepallet11/rgb/1778654575674658816.png,capturepallet11,day,0.8212369791666667,0.9724674479166666,0.02753255208333333,0.15123046875,True,0.8945523193096009,0.8852593854650138,30136,34042,0.8809411902943423,True
data/pallet/raw_data/outside/capturepallet11/rgb/1778654575741951232.png,capturepallet11,day,0.825712890625,0.9699967447916666,0.030003255208333333,0.14428385416666667,True,0.8976913345983555,0.8892323544564658,31068,34938,0.8753506211002346,True
data/pallet/raw_data/outside/capturepallet11/rgb/1778654575809227776.png,capturepallet11,day,0.832373046875,0.9747428385416667,0.025257161458333333,0.14236979166666666,True,0.910155114552229,0.9005811657168651,31922,35446,0.8794786435705017,True
data/pallet/raw_data/outside/capturepallet11/rgb/1778654575876374016.png,capturepallet11,day,0.8317513020833334,0.9738216145833334,0.02617838541666667,0.1420703125,True,0.9206382204667117,0.9131207127435709,33412,36591,0.8890984121778579,True
data/pallet/raw_data/outside/capturepallet11/rgb/1778654575943467520.png,capturepallet11,day,0.8284147135416666,0.9722428385416667,0.027757161458333332,0.143828125,True,0.8957845433255269,0.8862150920974451,32813,37026,0.8633122670555826,True
data/pallet/raw_data/outside/capturepallet11/rgb/1778654576010691840.png,capturepallet11,day,0.8396451822916666,0.976796875,0.023203125,0.13715169270833333,True,0.9119824016563147,0.9061857596710895,33943,37457,0.9005526336866273,True
data/pallet/raw_data/outside/capturepallet11/rgb/1778654576044431872.png,capturepallet11,day,0.84169921875,0.9725651041666666,0.027434895833333334,0.13086588541666666,True,0.890661938534279,0.8849192717279285,33488,37843,0.8811933514784769,True
data/pallet/raw_data/outside/capturepallet11/rgb/1778654576178949120.png,capturepallet11,day,0.8535286458333333,0.9733365885416667,0.026663411458333335,0.11980794270833334,True,0.8935503135264258,0.8908577426771969,35645,40012,0.8719134259722083,True
data/pallet/raw_data/outside/capturepallet11/rgb/1778654576279631104.png,capturepallet11,day,0.8470247395833334,0.9682096354166667,0.031790364583333335,0.12118489583333333,True,0.8836253515033528,0.8794207943529867,36379,41367,0.8481639954553146,True
data/pallet/raw_data/outside/capturepallet11/rgb/1778654576380174848.png,capturepallet11,day,0.867734375,0.96958984375,0.03041015625,0.10185546875,True,0.8724827264009442,0.8683184443018607,35186,40522,0.8677261734366517,True
data/pallet/raw_data/outside/capturepallet11/rgb/1778654576447500032.png,capturepallet11,day,0.8662662760416666,0.9685807291666667,0.03141927083333333,0.102314453125,True,0.854616398094659,0.8534591976152031,34356,40255,0.8513973419451,True
data/pallet/raw_data/outside/capturepallet11/rgb/1778654576514696704.png,capturepallet11,day,0.8673958333333334,0.9733268229166666,0.026673177083333333,0.10593098958333333,True,0.8766567908934976,0.877543156596794,34161,38928,0.8774917796958488,True
data/pallet/raw_data/outside/capturepallet11/rgb/1778654576548159232.png,capturepallet11,day,0.8755240885416666,0.9733365885416667,0.026663411458333335,0.0978125,True,0.876469824789098,0.8760606374172185,33865,38656,0.8491825331125827,True
data/pallet/raw_data/outside/capturepallet11/rgb/1778654576649009408.png,capturepallet11,day,0.877412109375,0.9721647135416667,0.027835286458333334,0.09475260416666667,True,0.8948226875723456,0.8933173039228498,34181,38263,0.8921935028617725,True
data/pallet/raw_data/outside/capturepallet11/rgb/1778654576682651648.png,capturepallet11,day,0.8773372395833333,0.9719954427083334,0.028004557291666666,0.094658203125,True,0.8899722932651322,0.8880232924142273,33855,38124,0.8866068618193265,True
data/pallet/raw_data/outside/capturepallet11/rgb/1778654576749753088.png,capturepallet11,day,0.9006412760416667,0.977275390625,0.022724609375,0.07663411458333333,True,0.9063218231661728,0.906018293012935,33481,36954,0.8810412945824538,True
data/pallet/raw_data/outside/capturepallet11/rgb/1778654576817114624.png,capturepallet11,day,0.8880533854166667,0.9776009114583334,0.022399088541666667,0.08954752604166667,True,0.9111624117327539,0.9089555531046652,32966,36268,0.9089555531046652,True
data/pallet/raw_data/outside/capturepallet11/rgb/1778654576884419840.png,capturepallet11,day,0.8891829427083333,0.9726236979166667,0.027376302083333335,0.08344075520833333,True,0.890754664438875,0.8868651389400334,31309,35303,0.8862419624394527,True
data/pallet/raw_data/outside/capturepallet11/rgb/1778654576985034496.png,capturepallet11,day,0.9038411458333333,0.9735579427083333,0.026442057291666668,0.069716796875,True,0.8875324675324675,0.8844348561266435,30337,34301,0.8840558584297834,True
data/pallet/raw_data/outside/capturepallet11/rgb/1778654577052168448.png,capturepallet11,day,0.9089453125,0.9780891927083334,0.021910807291666667,0.06914388020833333,True,0.9114114114114115,0.9058414792132846,30766,33964,0.8783123307030974,True
data/pallet/raw_data/outside/capturepallet11/rgb/1778654577119337984.png,capturepallet11,day,0.910947265625,0.97630859375,0.02369140625,0.065361328125,True,0.8979616093183574,0.8613174635747999,20986,24365,0.8270469936384157,True
data/pallet/raw_data/outside/capturepallet11/rgb/1778654577186647808.png,capturepallet11,day,0.9076204427083333,0.9751334635416666,0.024866536458333335,0.06751302083333334,True,0.9042179802955665,0.8776676188875819,20892,23804,0.837758359939506,True
data/pallet/raw_data/outside/capturepallet11/rgb/1778654577220226304.png,capturepallet11,day,0.9169205729166666,0.9783203125,0.0216796875,0.061399739583333335,True,0.9122687217507235,0.8823248130759868,20297,23004,0.8819335767692575,True
data/pallet/raw_data/outside/capturepallet11/rgb/1778654577287426048.png,capturepallet11,day,0.9173111979166667,0.9755338541666667,0.024466145833333335,0.05822265625,True,0.8751111111111111,0.8395960130546,19037,22674,0.8392431860280497,True
data/pallet/raw_data/outside/capturepallet11/rgb/1778654577354658816.png,capturepallet11,day,0.9246419270833334,0.9804557291666667,0.019544270833333332,0.055813802083333336,True,0.9017347117574908,0.8722359828867372,19368,22205,0.8403963071380319,True
data/pallet/raw_data/outside/capturepallet11/rgb/1778654577421814528.png,capturepallet11,day,0.9234700520833333,0.9823893229166667,0.017610677083333335,0.058919270833333336,True,0.8944259874492433,0.8683915036960793,18561,21374,0.8462618134181716,True
data/pallet/raw_data/outside/capturepallet11/rgb/1778654577488933632.png,capturepallet11,day,0.92046875,0.9764290364583333,0.023570963541666667,0.055960286458333335,True,0.8987199788862497,0.8675094475436387,19283,22228,0.8330933957171136,True
data/pallet/raw_data/outside/capturepallet11/rgb/1778654577624092672.png,capturepallet11,day,0.9205338541666667,0.9822395833333334,0.017760416666666667,0.06170572916666667,True,0.9104888530754768,0.8711758288668595,18367,21083,0.8708912393871839,True
data/pallet/raw_data/outside/capturepallet11/rgb/1778654577791440896.png,capturepallet11,day,0.9203938802083333,0.9787532552083333,0.021246744791666668,0.058359375,True,0.9019986675549634,0.8914666969938209,23516,26379,0.867280791538724,True
data/pallet/raw_data/outside/capturepallet11/rgb/1778654577891945984.png,capturepallet11,day,0.9306640625,0.9775162760416667,0.022483723958333333,0.04685221354166667,True,0.8872266973532796,0.8731592530742371,23006,26348,0.8397221800516168,True
data/pallet/raw_data/outside/capturepallet11/rgb/1778654577925563904.png,capturepallet11,day,0.9206608072916667,0.980556640625,0.019443359375,0.059895833333333336,True,0.9075784974519152,0.8965072133637054,23614,26340,0.866628701594533,True
data/pallet/raw_data/outside/capturepallet11/rgb/1778654577992726272.png,capturepallet11,day,0.9254329427083333,0.9820052083333334,0.017994791666666666,0.056572265625,True,0.9123917388407728,0.9029644493241964,23850,26413,0.9026237080225646,True
data/pallet/raw_data/outside/capturepallet11/rgb/1778654578060002048.png,capturepallet11,day,0.9262890625,0.9824153645833333,0.017584635416666668,0.056126302083333336,True,0.9186585566332401,0.9096671347781531,23967,26347,0.9075416555964626,True
data/pallet/raw_data/outside/capturepallet11/rgb/1778654578127163136.png,capturepallet11,day,0.925712890625,0.979873046875,0.020126953125,0.05416015625,True,0.9112676997061181,0.9014876285900034,23573,26149,0.8711614210868485,True
data/pallet/raw_data/outside/capturepallet11/rgb/1778654578194363648.png,capturepallet11,day,0.927490234375,0.9818359375,0.0181640625,0.054345703125,True,0.9366211329851346,0.9300328269333537,24365,26198,0.8978547980761891,True
data/pallet/raw_data/outside/capturepallet11/rgb/1778654578261536768.png,capturepallet11,day,0.9235123697916666,0.9761783854166667,0.023821614583333334,0.052666015625,True,0.9125452552562527,0.9011907085691977,23084,25615,0.8692953347647863,True
data/pallet/raw_data/outside/capturepallet11/rgb/1778654578328951040.png,capturepallet11,day,0.9285514322916667,0.9824055989583333,0.017594401041666666,0.05385416666666667,True,0.9130229419703104,0.9024533166653644,23101,25598,0.8714352683803422,True
data/pallet/raw_data/outside/capturepallet11/rgb/1778654578395897088.png,capturepallet11,day,0.9246940104166667,0.9796484375,0.0203515625,0.05495442708333333,True,0.9237265325348227,0.9163654934003771,23327,25456,0.882110307982401,True
data/pallet/raw_data/outside/capturepallet11/rgb/1778654578463164672.png,capturepallet11,day,0.9269270833333333,0.9814583333333333,0.018541666666666668,0.05453125,True,0.9182224025974026,0.9073187951051145,23133,25496,0.8723721368057734,True
data/pallet/raw_data/outside/capturepallet11/rgb/1778654578496880896.png,capturepallet11,day,0.9217545572916667,0.9806705729166667,0.019329427083333333,0.058916015625,True,0.9033264385744804,0.8903271636607601,22560,25339,0.8598997592643751,True
data/pallet/raw_data/outside/capturepallet11/rgb/1778654578564049664.png,capturepallet11,day,0.9351595052083334,0.9823209635416666,0.017679036458333332,0.047161458333333336,True,0.9233115169790631,0.9116131110574213,22639,24834,0.8835467504228074,True
data/pallet/raw_data/outside/capturepallet11/rgb/1778654578631252480.png,capturepallet11,day,0.9271451822916666,0.9800911458333333,0.019908854166666667,0.05294596354166667,True,0.8945495993368334,0.8780248928790043,21516,24505,0.8510099979596001,True
data/pallet/raw_data/outside/capturepallet11/rgb/1778654578698333952.png,capturepallet11,day,0.93978515625,0.9846451822916666,0.015354817708333333,0.04486002604166667,True,0.9214044469462426,0.9113747954173486,22274,24440,0.880973813420622,True
data/pallet/raw_data/outside/capturepallet11/rgb/1778654578765950464.png,capturepallet11,day,0.9386067708333333,0.9831966145833333,0.016803385416666667,0.04458984375,True,0.9176331689700674,0.9069146785281035,22428,24730,0.8716134249898908,True
data/pallet/raw_data/outside/capturepallet11/rgb/1778654578832852736.png,capturepallet11,day,0.932265625,0.9843977864583333,0.015602213541666667,0.05213216145833333,True,0.926521754107961,0.9171436576872273,22913,24983,0.8816795420886203,True
data/pallet/raw_data/outside/capturepallet11/rgb/1778654578899937792.png,capturepallet11,day,0.9268880208333333,0.9799576822916667,0.020042317708333333,0.053069661458333334,True,0.9114425461559659,0.900494971715902,22923,25456,0.8968416090509114,True
data/pallet/raw_data/outside/capturepallet11/rgb/1778654578967159552.png,capturepallet11,day,0.920908203125,0.979091796875,0.020908203125,0.05818359375,True,0.9037112010796221,0.8927763072083478,23272,26067,0.8925461311236429,True
data/pallet/raw_data/outside/capturepallet11/rgb/1778654579034657280.png,capturepallet11,day,0.9232584635416666,0.97982421875,0.02017578125,0.05656575520833333,True,0.9185773366418528,0.8777277620119386,17939,20438,0.8288482238966631,True
data/pallet/raw_data/outside/capturepallet11/rgb/1778654579203184896.png,capturepallet11,day,0.9144694010416666,0.9788020833333333,0.021197916666666667,0.06433268229166667,True,0.8907322654462243,0.8615348945049849,18579,21565,0.8598655228379318,True
data/pallet/raw_data/outside/capturepallet11/rgb/1778654579336894208.png,capturepallet11,day,0.9126985677083334,0.975263671875,0.024736328125,0.06256510416666666,True,0.8984384798695597,0.8654378272529905,20330,23491,0.8270401430335022,True
data/pallet/raw_data/outside/capturepallet11/rgb/1778654579437750272.png,capturepallet11,day,0.9008561197916667,0.9734114583333333,0.026588541666666667,0.07255533854166667,True,0.8872180451127819,0.8834574295888638,30019,33979,0.8560581535654375,True
data/pallet/raw_data/outside/capturepallet11/rgb/1778654579504745472.png,capturepallet11,day,0.8912174479166667,0.973642578125,0.026357421875,0.08242513020833334,True,0.9056838768115942,0.9032167201847783,32066,35502,0.9032167201847783,True
data/pallet/raw_data/outside/capturepallet11/rgb/1778654579572128000.png,capturepallet11,day,0.8864713541666667,0.9701302083333333,0.029869791666666666,0.08365885416666667,True,0.9035465162893872,0.9013746630727762,33441,37100,0.8710781671159029,True
data/pallet/raw_data/outside/capturepallet11/rgb/1778654579639090176.png,capturepallet11,day,0.8793424479166667,0.97455078125,0.02544921875,0.09520833333333334,True,0.9001254437238103,0.8995231697357675,34145,37959,0.8995231697357675,True
data/pallet/raw_data/outside/capturepallet11/rgb/1778654579706370816.png,capturepallet11,day,0.8729720052083333,0.9666569010416667,0.03334309895833333,0.09368489583333334,True,0.8965908504822322,0.8965771164491392,35309,39382,0.8964755472043066,True
data/pallet/raw_data/outside/capturepallet11/rgb/1778654579773486336.png,capturepallet11,day,0.8719173177083334,0.9690787760416667,0.030921223958333334,0.09716145833333334,True,0.8787765012139871,0.8784671442381577,35440,40343,0.8458716505961381,True
data/pallet/raw_data/outside/capturepallet11/rgb/1778654579841015040.png,capturepallet11,day,0.858818359375,0.9734375,0.0265625,0.114619140625,True,0.9069705547893833,0.9030851858095903,37497,41521,0.8749548421280797,True
data/pallet/raw_data/outside/capturepallet11/rgb/1778654579975360000.png,capturepallet11,day,0.8561165364583333,0.9747819010416666,0.025218098958333334,0.11866536458333334,True,0.9202568724650744,0.9162921348314607,40775,44500,0.912,True
data/pallet/raw_data/outside/capturepallet11/rgb/1778654580042546944.png,capturepallet11,day,0.8563834635416666,0.97595703125,0.02404296875,0.11957356770833333,True,0.9189683555880739,0.9125636672325976,39775,43586,0.8912035974854311,True
data/pallet/raw_data/outside/capturepallet11/rgb/1778654580109551616.png,capturepallet11,day,0.8400455729166667,0.97458984375,0.02541015625,0.13454427083333334,True,0.9230891937468666,0.9176484504376626,38789,42270,0.9160397444996451,True
data/pallet/raw_data/outside/capturepallet11/rgb/1778654580176878848.png,capturepallet11,day,0.8403971354166667,0.97587890625,0.02412109375,0.13548177083333332,True,0.9286746987951807,0.9237720833233454,38537,41717,0.9225975022173215,True
data/pallet/raw_data/outside/capturepallet11/rgb/1778654580243854592.png,capturepallet11,day,0.8295475260416667,0.96822265625,0.03177734375,0.13867513020833333,True,0.9052340989399293,0.8970755521850412,37853,42196,0.8893260024646886,True
data/pallet/raw_data/outside/capturepallet11/rgb/1778654580311158784.png,capturepallet11,day,0.8292220052083333,0.9716829427083333,0.028317057291666666,0.1424609375,True,0.9316675503711559,0.901250361077869,21840,24233,0.8958857755952626,True
data/pallet/raw_data/outside/capturepallet11/rgb/1778654580378403328.png,capturepallet11,day,0.8222395833333334,0.96916015625,0.03083984375,0.14692057291666666,True,0.9012802081193948,0.8605692481407935,22102,25683,0.8403223922438967,True
data/pallet/raw_data/outside/capturepallet11/rgb/1778654580445452288.png,capturepallet11,day,0.81818359375,0.9767252604166666,0.023274739583333332,0.15854166666666666,True,0.9520102883443888,0.9295122245941918,23077,24827,0.9259676964594997,True
data/pallet/raw_data/outside/capturepallet11/rgb/1778654580479090944.png,capturepallet11,day,0.8178483072916667,0.972099609375,0.027900390625,0.15425130208333335,True,0.9108045977011494,0.860736820679829,21144,24565,0.8530022389578669,True
data/pallet/raw_data/outside/capturepallet11/rgb/1778654580580076800.png,capturepallet11,day,0.817666015625,0.9719954427083334,0.028004557291666666,0.15432942708333333,True,0.9265869526991384,0.9041743025860314,22202,24555,0.9038892282630828,True
data/pallet/raw_data/outside/capturepallet11/rgb/1778654580714511360.png,capturepallet11,day,0.8089811197916666,0.9681868489583333,0.03181315104166667,0.15920572916666667,True,0.920340802067591,0.8898321585731531,22850,25679,0.8877292729467658,True
data/pallet/raw_data/outside/capturepallet11/rgb/1778654580849085952.png,capturepallet11,day,0.7990201822916667,0.966640625,0.033359375,0.16762044270833334,True,0.9055000514986096,0.8921848260125499,25024,28048,0.8832358813462635,True
data/pallet/raw_data/outside/capturepallet11/rgb/1778654580983414784.png,capturepallet11,day,0.8076236979166667,0.9703157552083334,0.029684244791666668,0.16269205729166666,True,0.9343629343629344,0.9193800137936041,25328,27549,0.9164397981777923,True
data/pallet/raw_data/outside/capturepallet11/rgb/1778654581084021504.png,capturepallet11,day,0.8069889322916667,0.967041015625,0.032958984375,0.16005208333333334,True,0.9224691064638784,0.8979407890175414,25902,28846,0.8958954447757055,True
data/pallet/raw_data/outside/capturepallet11/rgb/1778654581150926080.png,capturepallet11,day,0.8023307291666667,0.9641471354166666,0.03585286458333333,0.16181640625,True,0.9169288015958263,0.8917985408663166,25303,28373,0.8877453917456737,True
data/pallet/raw_data/outside/capturepallet11/rgb/1778654581218317056.png,capturepallet11,day,0.8033463541666667,0.9602180989583333,0.039781901041666665,0.15687174479166666,True,0.920742050745299,0.8956907894736842,27229,30400,0.8856907894736842,True
data/pallet/raw_data/outside/capturepallet11/rgb/1778654581285740032.png,capturepallet11,day,0.8159049479166667,0.966826171875,0.033173828125,0.15092122395833332,True,0.9199073337223902,0.8965046075627582,28213,31470,0.8850015888147442,True
data/pallet/raw_data/outside/capturepallet11/rgb/1778654581352724992.png,capturepallet11,day,0.8152864583333334,0.9623307291666666,0.03766927083333333,0.14704427083333332,True,0.9064035899992877,0.8734362357627435,28067,32134,0.866869981950582,True
data/pallet/raw_data/outside/capturepallet11/rgb/1778654581419730176.png,capturepallet11,day,0.8131640625,0.962919921875,0.037080078125,0.149755859375,True,0.9224659863945578,0.9040351376117799,28610,31647,0.9025500047397857,True
data/pallet/raw_data/outside/capturepallet11/rgb/1778654581486951936.png,capturepallet11,day,0.8191796875,0.9636328125,0.0363671875,0.144453125,True,0.9254335739772633,0.9021008029867552,30445,33749,0.8952561557379478,True
data/pallet/raw_data/outside/capturepallet11/rgb/1778654581554357760.png,capturepallet11,day,0.808603515625,0.9579036458333333,0.04209635416666667,0.14930013020833333,True,0.8939587775408671,0.8451803051317615,29250,34608,0.8446601941747572,True
data/pallet/raw_data/outside/capturepallet11/rgb/1778654581654898688.png,capturepallet11,day,0.8120052083333333,0.959375,0.040625,0.14736979166666667,True,0.9124634935669745,0.898372709396107,31523,35089,0.898372709396107,True
data/pallet/raw_data/outside/capturepallet11/rgb/1778654581688817408.png,capturepallet11,day,0.81294921875,0.9584765625,0.0415234375,0.14552734375,True,0.9090776095384391,0.9005889026959857,33338,37018,0.8994813334053704,True
data/pallet/raw_data/outside/capturepallet11/rgb/1778654581755913472.png,capturepallet11,day,0.8252376302083333,0.9617415364583334,0.03825846354166667,0.13650390625,True,0.9170782255930858,0.9130219857822136,38787,42482,0.9118685560943458,True
data/pallet/raw_data/outside/capturepallet11/rgb/1778654581822929664.png,capturepallet11,day,0.8255989583333333,0.95791015625,0.04208984375,0.13231119791666668,True,0.9027484143763214,0.8939072080336021,37031,41426,0.8933761405880365,True
data/pallet/raw_data/outside/capturepallet11/rgb/1778654581890237440.png,capturepallet11,day,0.8194401041666667,0.9555403645833334,0.044459635416666664,0.13610026041666667,True,0.8776744186046511,0.879285480170436,26827,30510,0.8786627335299901,True
data/pallet/raw_data/outside/capturepallet11/rgb/1778654581957383424.png,capturepallet11,day,0.8341276041666666,0.95677734375,0.04322265625,0.12264973958333333,True,0.9051441677588467,0.8919128874126061,33296,37331,0.8919128874126061,True
data/pallet/raw_data/outside/capturepallet11/rgb/1778654582024657664.png,capturepallet11,day,0.819716796875,0.9586783854166666,0.04132161458333333,0.13896158854166665,True,0.8972769340294258,0.8493883280967979,12706,14959,0.8493883280967979,True
data/pallet/raw_data/outside/capturepallet11/rgb/1778654582092080384.png,capturepallet11,day,0.8283203125,0.9592643229166666,0.04073567708333333,0.13094401041666667,True,0.8928367579908676,0.8547263122400809,15209,17794,0.854501517365404,True
data/pallet/raw_data/outside/capturepallet11/rgb/1778654582158774016.png,capturepallet11,day,0.8275944010416667,0.955302734375,0.044697265625,0.12770833333333334,True,0.8802609568417531,0.8280432869051934,15992,19313,0.8269559364158857,True
data/pallet/raw_data/outside/capturepallet11/rgb/1778654582260172288.png,capturepallet11,day,0.8353776041666666,0.9572981770833333,0.04270182291666667,0.12192057291666666,True,0.9212434608252552,0.8714670611231444,16496,18929,0.8703576522795711,True
data/pallet/raw_data/outside/capturepallet11/rgb/1778654582394402048.png,capturepallet11,day,0.8402994791666667,0.9579166666666666,0.042083333333333334,0.1176171875,True,0.8970403022670025,0.8694147621401681,22863,26297,0.8682739475985853,True
data/pallet/raw_data/outside/capturepallet11/rgb/1778654582461181696.png,capturepallet11,day,0.828779296875,0.9567122395833333,0.04328776041666667,0.12793294270833333,True,0.9040005263850507,0.8706786171574904,17000,19525,0.8648399487836107,True
data/pallet/raw_data/outside/capturepallet11/rgb/1778654582528339200.png,capturepallet11,day,0.8296712239583334,0.95654296875,0.04345703125,0.12687174479166666,True,0.8225316455696202,0.7753104106972302,12988,16752,0.7695797516714422,True
data/pallet/raw_data/outside/capturepallet11/rgb/1778654582595548160.png,capturepallet11,day,0.82962890625,0.95666015625,0.04333984375,0.12703125,True,0.8903631284916201,0.866559637359524,36704,42356,0.865733308149967,True
data/pallet/raw_data/outside/capturepallet11/rgb/1778654582662742272.png,capturepallet11,day,0.8344401041666667,0.95326171875,0.04673828125,0.11882161458333333,True,0.8639611650485437,0.8079024558578248,14047,17387,0.8028412031977915,True
data/pallet/raw_data/outside/capturepallet11/rgb/1778654582729970432.png,capturepallet11,day,0.8324967447916667,0.9515462239583333,0.04845377604166667,0.11904947916666667,True,0.861169345446075,0.8094559954428938,14210,17555,0.8078040444317858,True
data/pallet/raw_data/outside/capturepallet11/rgb/1778654582797135616.png,capturepallet11,day,0.8382454427083333,0.9546842447916667,0.045315755208333336,0.11643880208333333,True,0.8455340513401894,0.789846589858912,12820,16231,0.7828846035364426,True
data/pallet/raw_data/outside/capturepallet11/rgb/1778654582864240384.png,capturepallet11,day,0.8316634114583333,0.950341796875,0.049658203125,0.11867838541666667,True,0.8852503180423558,0.8605199528405572,43063,50043,0.8118817816677657,True
data/pallet/raw_data/outside/capturepallet11/rgb/1778654582931668480.png,capturepallet11,day,0.8269856770833334,0.9414453125,0.0585546875,0.11445963541666666,True,0.8558197666965773,0.8372972435068166,42070,50245,0.7552592297741069,True
data/pallet/raw_data/outside/capturepallet11/rgb/1778654582998803200.png,capturepallet11,day,0.8445052083333333,0.9472884114583333,0.05271158854166667,0.102783203125,True,0.8855202944687625,0.827272372172962,21179,25601,0.7315729854302566,True
data/pallet/raw_data/outside/capturepallet11/rgb/1778654583099935232.png,capturepallet11,day,0.8361555989583334,0.9438248697916667,0.05617513020833333,0.10766927083333333,True,0.8388278388278388,0.7764657772325309,15190,19563,0.6376322649900322,True
data/pallet/raw_data/outside/capturepallet11/rgb/1778654583267805952.png,capturepallet11,day,0.8362630208333334,0.9431640625,0.0568359375,0.10690104166666667,True,0.8384681215233205,0.7828372217752749,14596,18645,0.7823008849557522,True
data/pallet/raw_data/outside/capturepallet11/rgb/1778654583368395264.png,capturepallet11,day,0.82560546875,0.9369563802083334,0.06304361979166667,0.11135091145833333,True,0.8619639302732373,0.803769613471106,16802,20904,0.8032433983926521,True
data/pallet/raw_data/outside/capturepallet11/rgb/1778654583469247232.png,capturepallet11,day,0.8436751302083333,0.9368001302083333,0.06319986979166667,0.093125,True,0.8561913696060037,0.8111063970206949,17206,21213,0.8088907745250554,True
data/pallet/raw_data/outside/capturepallet11/rgb/1778654583536476416.png,capturepallet11,day,0.8509440104166667,0.937529296875,0.062470703125,0.08658528645833333,True,0.8620500972762646,0.8177056050288108,17171,20999,0.8167531787227963,True
data/pallet/raw_data/outside/capturepallet11/rgb/1778654583603570688.png,capturepallet11,day,0.84380859375,0.935263671875,0.064736328125,0.091455078125,True,0.7967910914901327,0.7519831049757907,14599,19414,0.7512104666735345,True
data/pallet/raw_data/outside/capturepallet11/rgb/1778654583670701568.png,capturepallet11,day,0.84126953125,0.9331770833333334,0.06682291666666666,0.09190755208333333,True,0.8676246830092984,0.8315702045812204,19023,22876,0.6850848050358455,True
data/pallet/raw_data/outside/capturepallet11/rgb/1778654583737859072.png,capturepallet11,day,0.8397981770833334,0.93681640625,0.06318359375,0.09701822916666666,True,0.8782090960002358,0.8460606604450825,18857,22288,0.844759511844939,True
data/pallet/raw_data/outside/capturepallet11/rgb/1778654583771628800.png,capturepallet11,day,0.8343196614583334,0.9349934895833333,0.06500651041666666,0.100673828125,True,0.8435569037186833,0.7998226650903564,18943,23684,0.6324522884647864,True
data/pallet/raw_data/outside/capturepallet11/rgb/1778654583839068672.png,capturepallet11,day,0.8311653645833333,0.931025390625,0.068974609375,0.09986002604166666,True,0.8608834755276156,0.8232295572313266,19541,23737,0.8204069595989384,True
data/pallet/raw_data/outside/capturepallet11/rgb/1778654583905910016.png,capturepallet11,day,0.8358463541666666,0.9278059895833334,0.07219401041666666,0.09195963541666667,True,0.8760891398170516,0.8716131721550646,20910,23990,0.8709879116298458,True
data/pallet/raw_data/outside/capturepallet11/rgb/1778654583973106688.png,capturepallet11,day,0.8151692708333333,0.9170279947916666,0.08297200520833334,0.10185872395833333,True,0.7904991697799917,0.7633343979559246,19120,25048,0.7555493452571064,True
data/pallet/raw_data/outside/capturepallet11/rgb/1778654584040433152.png,capturepallet11,day,0.8180338541666666,0.9225390625,0.0774609375,0.10450520833333334,True,0.8318083708708709,0.8338167162604995,22137,26549,0.8294474368149459,True
data/pallet/raw_data/outside/capturepallet11/rgb/1778654584107625472.png,capturepallet11,day,0.8370182291666667,0.928623046875,0.071376953125,0.09160481770833333,True,0.8432822641176211,0.8397515076654799,23115,27526,0.6668240935842477,True
data/pallet/raw_data/outside/capturepallet11/rgb/1778654584174711808.png,capturepallet11,day,0.8397135416666667,0.9242740885416667,0.07572591145833334,0.084560546875,True,0.8422619047619048,0.8564116470628115,25265,29501,0.8439713908003118,True
data/pallet/raw_data/outside/capturepallet11/rgb/1778654584208464384.png,capturepallet11,day,0.8208040364583333,0.9244791666666666,0.07552083333333333,0.10367513020833333,True,0.8436781609195402,0.8407721844506288,23867,28387,0.8395392257019058,True
data/pallet/raw_data/outside/capturepallet11/rgb/1778654584275497472.png,capturepallet11,day,0.8159928385416667,0.9252799479166667,0.07472005208333334,0.109287109375,True,0.861902778604153,0.8443237479590817,25339,30011,0.8375928826097098,True
data/pallet/raw_data/outside/capturepallet11/rgb/1778654584410123008.png,capturepallet11,day,0.813408203125,0.9063736979166667,0.09362630208333333,0.09296549479166667,True,0.8058679125752296,0.7987751256281407,25433,31840,0.797393216080402,True
data/pallet/raw_data/outside/capturepallet11/rgb/1778654584544738816.png,capturepallet11,day,0.82595703125,0.9145735677083333,0.08542643229166667,0.08861653645833334,True,0.8483391608391608,0.8360975609756097,27424,32800,0.8307012195121951,True
data/pallet/raw_data/outside/capturepallet11/rgb/1778654584679065600.png,capturepallet11,day,0.795087890625,0.9053255208333333,0.09467447916666667,0.11023763020833334,True,0.8257424921187987,0.8132668832602593,25783,31703,0.8129514556981989,True
data/pallet/raw_data/outside/capturepallet11/rgb/1778654584813327104.png,capturepallet11,day,0.7963053385416666,0.8988053385416667,0.10119466145833333,0.1025,True,0.8084848484848485,0.8052094458288833,27142,33708,0.8024801234128397,True
data/pallet/raw_data/outside/capturepallet11/rgb/1778654584913973760.png,capturepallet11,day,0.813857421875,0.9077473958333333,0.09225260416666667,0.09388997395833333,True,0.8262012012012012,0.8106752372942448,26989,33292,0.8058692779046017,True
data/pallet/raw_data/outside/capturepallet11/rgb/1778654585048360448.png,capturepallet11,day,0.8051790364583333,0.9073600260416667,0.09263997395833333,0.10218098958333334,True,0.8171666666666667,0.7805371649946515,26998,34589,0.7713145797796988,True
data/pallet/raw_data/outside/capturepallet11/rgb/1778654585081726208.png,capturepallet11,day,0.7954459635416666,0.890703125,0.109296875,0.09525716145833334,True,0.7807003612974948,0.7559404308872442,25228,33373,0.7484193809366854,True
data/pallet/raw_data/outside/capturepallet11/rgb/1778654585149176576.png,capturepallet11,day,0.7820963541666667,0.884658203125,0.115341796875,0.10256184895833333,True,0.7751777195331209,0.7581433923413504,26510,34967,0.7438727943489576,True
data/pallet/raw_data/outside/capturepallet11/rgb/1778654585216387584.png,capturepallet11,day,0.7874739583333333,0.896591796875,0.103408203125,0.10911783854166666,True,0.8224123849123849,0.8137290965167935,28758,35341,0.7269460400101865,True
data/pallet/raw_data/outside/capturepallet11/rgb/1778654585317708544.png,capturepallet11,day,0.7788541666666666,0.8838834635416667,0.11611653645833334,0.105029296875,True,0.7889816844508053,0.7505473491671979,27082,36083,0.6541584679766095,True
data/pallet/raw_data/outside/capturepallet11/rgb/1778654585485441024.png,capturepallet11,day,0.7896647135416667,0.882138671875,0.117861328125,0.09247395833333333,True,0.7859518054640006,0.7336436514093613,31207,42537,0.6322965888520582,True
data/pallet/raw_data/outside/capturepallet11/rgb/1778654585619681024.png,capturepallet11,day,0.776591796875,0.8737109375,0.1262890625,0.097119140625,True,0.7217955957086392,0.677412878244658,23618,34865,0.3833070414455758,True
data/pallet/raw_data/outside/capturepallet11/rgb/1778654585720290304.png,capturepallet11,day,0.7748958333333333,0.8662076822916667,0.13379231770833333,0.09131184895833333,False,,,,,,
data/pallet/raw_data/outside/capturepallet11/rgb/1778654585787793664.png,capturepallet11,day,0.7808333333333334,0.8748828125,0.1251171875,0.09404947916666667,False,,,,,,
data/pallet/raw_data/outside/capturepallet11/rgb/1778654585922073600.png,capturepallet11,day,0.7924837239583333,0.8801888020833334,0.11981119791666667,0.087705078125,False,,,,,,
data/pallet/raw_data/outside/capturepallet11/rgb/1778654586022816512.png,capturepallet11,day,0.7841959635416667,0.8733723958333334,0.12662760416666666,0.08917643229166666,False,,,,,,
data/pallet/raw_data/outside/capturepallet11/rgb/1778654586191250944.png,capturepallet11,day,0.8009928385416667,0.8698274739583334,0.13017252604166665,0.06883463541666666,False,,,,,,
data/pallet/raw_data/outside/capturepallet11/rgb/1778654586325433600.png,capturepallet11,day,0.7789908854166666,0.8734635416666666,0.12653645833333332,0.09447265625,True,0.997093023255814,0.9934065934065934,452,455,0.9934065934065934,True
data/pallet/raw_data/outside/capturepallet11/rgb/1778654586459625728.png,capturepallet11,day,0.78103515625,0.8712109375,0.1287890625,0.09017578125,False,,,,,,
data/pallet/raw_data/outside/capturepallet11/rgb/1778654586627650304.png,capturepallet11,day,0.7877115885416667,0.86138671875,0.13861328125,0.07367513020833333,False,,,,,,
data/pallet/raw_data/outside/capturepallet11/rgb/1778654586728047616.png,capturepallet11,day,0.7784440104166667,0.8739420572916666,0.12605794270833334,0.095498046875,False,,,,,,
data/pallet/raw_data/outside/capturepallet11/rgb/1778654586862743040.png,capturepallet11,day,0.7694921875,0.8605110677083333,0.13948893229166667,0.09101888020833333,False,,,,,,
data/pallet/raw_data/outside/capturepallet11/rgb/1778654587030702848.png,capturepallet11,day,0.7916048177083334,0.87779296875,0.12220703125,0.08618815104166666,False,,,,,,
data/pallet/raw_data/outside/capturepallet11/rgb/1778654587131521280.png,capturepallet11,day,0.7901302083333334,0.8734765625,0.1265234375,0.08334635416666666,True,0.8103174603174603,0.8103174603174603,2042,2520,0.49722222222222223,True
data/pallet/raw_data/outside/capturepallet11/rgb/1778654587164841984.png,capturepallet11,day,0.7796875,0.8723600260416666,0.12763997395833335,0.09267252604166666,False,,,,,,
data/pallet/raw_data/outside/capturepallet11/rgb/1778654587231985664.png,capturepallet11,day,0.784990234375,0.870595703125,0.129404296875,0.08560546875,False,,,,,,
data/pallet/raw_data/outside/capturepallet11/rgb/1778654587299167744.png,capturepallet11,day,0.7761165364583333,0.8595638020833334,0.14043619791666667,0.083447265625,False,,,,,,
data/pallet/raw_data/outside/capturepallet11/rgb/1778654587332727552.png,capturepallet11,day,0.765244140625,0.853994140625,0.146005859375,0.08875,False,,,,,,
data/pallet/raw_data/outside/capturepallet11/rgb/1778654587400075776.png,capturepallet11,day,0.7743880208333334,0.8558430989583333,0.14415690104166667,0.081455078125,True,0.7896999520349612,0.7638351496219516,21518,28171,0.7338042667991906,True
data/pallet/raw_data/outside/capturepallet11/rgb/1778654587467191808.png,capturepallet11,day,0.7955208333333333,0.8647591145833333,0.13524088541666668,0.06923828125,True,0.7862129144851658,0.8189022315134425,16844,20569,0.8162283047304195,True
data/pallet/raw_data/outside/capturepallet11/rgb/1778654587500729600.png,capturepallet11,day,0.805751953125,0.8705729166666667,0.12942708333333333,0.06482096354166667,True,0.7966189539793601,0.7436895322615843,20447,27494,0.7345602676947698,True
data/pallet/raw_data/outside/capturepallet11/rgb/1778654587567854080.png,capturepallet11,day,0.7914811197916667,0.8632194010416666,0.13678059895833333,0.07173828125,True,0.7805620216958024,0.7475740118911925,24267,32461,0.6535226887649795,True
data/pallet/raw_data/outside/capturepallet11/rgb/1778654587635139584.png,capturepallet11,day,0.79712890625,0.8599967447916667,0.14000325520833334,0.06286783854166667,True,0.783460164198238,0.7230443974630021,26676,36894,0.6688350409280642,True
data/pallet/raw_data/outside/capturepallet11/rgb/1778654587668639744.png,capturepallet11,day,0.794140625,0.858837890625,0.141162109375,0.064697265625,True,0.7817452299165777,0.7139975796692215,24780,34706,0.6382758024549069,True
data/pallet/raw_data/outside/capturepallet11/rgb/1778654587735987968.png,capturepallet11,day,0.80064453125,0.865234375,0.134765625,0.06458984375,True,0.7846946342496954,0.7177224929469095,27984,38990,0.6592972557065915,True
data/pallet/raw_data/outside/capturepallet11/rgb/1778654587803123968.png,capturepallet11,day,0.8183658854166667,0.8718033854166667,0.12819661458333334,0.0534375,True,0.7667460912400942,0.6742192759852919,26037,38618,0.5580299342275623,True
data/pallet/raw_data/outside/capturepallet11/rgb/1778654587836854784.png,capturepallet11,day,0.8166569010416667,0.86607421875,0.13392578125,0.04941731770833333,True,0.7700877192982456,0.7284456333946385,26141,35886,0.6553809284957922,True
data/pallet/raw_data/outside/capturepallet11/rgb/1778654587903893504.png,capturepallet11,day,0.8251888020833333,0.8819368489583334,0.11806315104166666,0.056748046875,True,0.7819068818895538,0.7016270399723478,28418,40503,0.5988445300348122,True
data/pallet/raw_data/outside/capturepallet11/rgb/1778654587971075840.png,capturepallet11,day,0.8434309895833333,0.893203125,0.106796875,0.04977213541666667,True,0.780974805118791,0.6766002423242504,26246,38791,0.5898790956665206,True
data/pallet/raw_data/outside/capturepallet11/rgb/1778654588004688128.png,capturepallet11,day,0.8326953125,0.8802701822916666,0.11972981770833334,0.04757486979166667,True,0.7707698597976761,0.6903736663317545,28859,41802,0.5542079326348022,True
data/pallet/raw_data/outside/capturepallet11/rgb/1778654588071879424.png,capturepallet11,day,0.8346940104166667,0.8859440104166667,0.11405598958333334,0.05125,True,0.789264787175235,0.6831079862989003,37892,55470,0.47910582296736975,True
data/pallet/raw_data/outside/capturepallet11/rgb/1778654588139127808.png,capturepallet11,day,0.8418684895833334,0.8876920572916667,0.11230794270833333,0.04582356770833333,True,0.8243967253868244,0.7226040954403138,40158,55574,0.4858566955770684,True
data/pallet/raw_data/outside/capturepallet11/rgb/1778654588172748288.png,capturepallet11,day,0.84546875,0.8822786458333334,0.11772135416666667,0.036809895833333335,True,0.7728891509433963,0.6726907630522089,32830,48804,0.505429882796492,True
data/pallet/raw_data/outside/capturepallet11/rgb/1778654588239953664.png,capturepallet11,day,0.8578743489583334,0.892138671875,0.107861328125,0.034264322916666666,True,0.8068598185542873,0.7167166372138276,36096,50363,0.5536008577725712,True
data/pallet/raw_data/outside/capturepallet11/rgb/1778654588307089920.png,capturepallet11,day,0.857626953125,0.8956640625,0.1043359375,0.038037109375,True,0.8294401522532115,0.7432848217150839,39377,52977,0.6248938218472168,True
data/pallet/raw_data/outside/capturepallet11/rgb/1778654588374258688.png,capturepallet11,day,0.8554459635416667,0.8903125,0.1096875,0.03486653645833333,True,0.8113780180622965,0.7082811205743049,33348,47083,0.6398912558672982,True
data/pallet/raw_data/outside/capturepallet11/rgb/1778654588441763840.png,capturepallet11,day,0.8591438802083333,0.8964453125,0.1035546875,0.037301432291666665,True,0.8166886939805359,0.7141306755260244,32243,45150,0.6710299003322259,True
data/pallet/raw_data/outside/capturepallet11/rgb/1778654588475086336.png,capturepallet11,day,0.8631477864583333,0.897265625,0.102734375,0.03411783854166667,True,0.8179730049727681,0.7166183427437814,32872,45871,0.6832421355540538,True
data/pallet/raw_data/outside/capturepallet11/rgb/1778654588542221312.png,capturepallet11,day,0.8539973958333333,0.894716796875,0.105283203125,0.040719401041666665,True,0.8139699237667123,0.7108446519524618,33495,47120,0.436141765704584,True
data/pallet/raw_data/outside/capturepallet11/rgb/1778654588575883264.png,capturepallet11,day,0.86087890625,0.8934830729166666,0.10651692708333334,0.03260416666666666,True,0.8161968113187625,0.7220274147274466,38505,53329,0.7022070543231638,True
data/pallet/raw_data/outside/capturepallet11/rgb/1778654588643066880.png,capturepallet11,day,0.8636002604166667,0.897158203125,0.102841796875,0.03355794270833334,True,0.8119546547578151,0.7080857601156723,31342,44263,0.6522603528906762,True
data/pallet/raw_data/outside/capturepallet11/rgb/1778654588710217216.png,capturepallet11,day,0.8530891927083334,0.887802734375,0.112197265625,0.03471354166666667,True,0.8059495192307692,0.6954790948877921,29875,42956,0.6314600987056523,True
data/pallet/raw_data/outside/capturepallet11/rgb/1778654588777580032.png,capturepallet11,day,0.8515364583333334,0.883037109375,0.116962890625,0.03150065104166667,True,0.7999783923941227,0.6821616191213713,32593,47779,0.6258816634923293,True
data/pallet/raw_data/outside/capturepallet11/rgb/1778654588844698368.png,capturepallet11,day,0.8526236979166667,0.8878092447916667,0.11219075520833334,0.035185546875,True,0.8205128205128205,0.7228752920560748,39602,54784,0.7016647196261683,True
data/pallet/raw_data/outside/capturepallet11/rgb/1778654588911948544.png,capturepallet11,day,0.8446842447916667,0.87943359375,0.12056640625,0.034749348958333336,True,0.7822541830638997,0.6855695920752407,36957,53907,0.38930009089728607,True
data/pallet/raw_data/outside/capturepallet11/rgb/1778654588978991616.png,capturepallet11,day,0.8559505208333333,0.8880794270833333,0.11192057291666667,0.03212890625,True,0.8086327488741976,0.6876554843573314,36487,53060,0.29913305691669806,True
data/pallet/raw_data/outside/capturepallet11/rgb/1778654589012765184.png,capturepallet11,day,0.865869140625,0.899970703125,0.100029296875,0.0341015625,True,0.8399049641087858,0.7363672417211977,37135,50430,0.6860003965893318,True
data/pallet/raw_data/outside/capturepallet11/rgb/1778654589079759104.png,capturepallet11,day,0.8458821614583333,0.8824837239583333,0.11751627604166667,0.0366015625,True,0.7830952380952381,0.6566761513331225,31156,47445,0.6153230055854146,True
data/pallet/raw_data/outside/capturepallet11/rgb/1778654589147065088.png,capturepallet11,day,0.8506673177083334,0.88712890625,0.11287109375,0.036461588541666666,True,0.8401495010210766,0.7885591892174276,75473,95710,0.7859784766482081,True
data/pallet/raw_data/outside/capturepallet11/rgb/1778654589248352256.png,capturepallet11,day,0.8465462239583333,0.890224609375,0.109775390625,0.04367838541666667,True,0.841104340630407,0.7980513378505366,80679,101095,0.793362678668579,True
data/pallet/raw_data/outside/capturepallet11/rgb/1778654589382691840.png,capturepallet11,day,0.8359798177083333,0.8808333333333334,0.11916666666666667,0.044853515625,True,0.8241776315789474,0.7852422565799679,75929,96695,0.5973421583329024,True
data/pallet/raw_data/outside/capturepallet11/rgb/1778654589516974080.png,capturepallet11,day,0.8277994791666666,0.8831087239583333,0.11689127604166667,0.05530924479166666,True,0.8247084868489406,0.7787817834854814,75499,96945,0.7688070555469596,True
data/pallet/raw_data/outside/capturepallet11/rgb/1778654589617542144.png,capturepallet11,day,0.82658203125,0.8804134114583333,0.11958658854166666,0.053831380208333335,True,0.8126994873778896,0.7656960502436737,75101,98082,0.7353846781264656,True
data/pallet/raw_data/outside/capturepallet11/rgb/1778654589684777216.png,capturepallet11,day,0.82025390625,0.8814583333333333,0.11854166666666667,0.06120442708333333,True,0.8159240736531029,0.7729450301975638,75509,97690,0.7681134200020473,True
data/pallet/raw_data/outside/capturepallet11/rgb/1778654589752019968.png,capturepallet11,day,0.8306477864583334,0.8924739583333333,0.10752604166666667,0.061826171875,True,0.8382125212005015,0.797694412677667,78123,97936,0.7152119751674563,True
data/pallet/raw_data/outside/capturepallet11/rgb/1778654589818945792.png,capturepallet11,day,0.8172981770833333,0.8850520833333333,0.11494791666666666,0.06775390625,True,0.8155921913958589,0.7691476316172344,74012,96226,0.7285037308004074,True
data/pallet/raw_data/outside/capturepallet11/rgb/1778654589886251264.png,capturepallet11,day,0.8166536458333333,0.883955078125,0.116044921875,0.06730143229166667,True,0.811396971647302,0.7597180283247565,71453,94052,0.7556032832900949,True
data/pallet/raw_data/outside/capturepallet11/rgb/1778654589919737856.png,capturepallet11,day,0.8181998697916667,0.8865104166666666,0.11348958333333334,0.068310546875,True,0.8226398034733359,0.7747658199812008,71710,92557,0.7513100035653705,True
data/pallet/raw_data/outside/capturepallet11/rgb/1778654590020651264.png,capturepallet11,day,0.817041015625,0.886298828125,0.113701171875,0.0692578125,True,0.8140039649986328,0.7620715536652489,70058,91931,0.7553164873655241,True
data/pallet/raw_data/outside/capturepallet11/rgb/1778654590155324672.png,capturepallet11,day,0.8280240885416666,0.8896712239583333,0.11032877604166667,0.061647135416666665,True,0.8344299068537929,0.7923263932178033,76263,96252,0.7796097743423513,True
data/pallet/raw_data/outside/capturepallet11/rgb/1778654590289986048.png,capturepallet11,day,0.820205078125,0.8778385416666666,0.12216145833333333,0.057633463541666666,True,0.8176292279514681,0.7723886689252623,75691,97996,0.6664863871994775,True
data/pallet/raw_data/outside/capturepallet11/rgb/1778654590390299648.png,capturepallet11,day,0.839013671875,0.889794921875,0.110205078125,0.05078125,True,0.8479444444444444,0.8144707318033303,82760,101612,0.6897216864149903,True
data/pallet/raw_data/outside/capturepallet11/rgb/1778654590490879744.png,capturepallet11,day,0.857041015625,0.8939908854166667,0.10600911458333333,0.036949869791666666,True,0.8480530805687204,0.8123435178211574,79816,98254,0.7861969996132473,True
data/pallet/raw_data/outside/capturepallet11/rgb/1778654590524466432.png,capturepallet11,day,0.851376953125,0.8906640625,0.1093359375,0.039287109375,True,0.8518315018315018,0.8045755716904422,78566,97649,0.8038894407520815,True
data/pallet/raw_data/outside/capturepallet11/rgb/1778654590591731456.png,capturepallet11,day,0.8558138020833334,0.8915006510416666,0.10849934895833334,0.035686848958333336,True,0.8470351835001516,0.8026114487272109,75545,94124,0.7954081849475161,True
data/pallet/raw_data/outside/capturepallet11/rgb/1778654590658906624.png,capturepallet11,day,0.8635904947916667,0.8965559895833334,0.10344401041666666,0.03296549479166667,True,0.8372764864711769,0.7317502035981343,39535,54028,0.6649329977048938,True
data/pallet/raw_data/outside/capturepallet11/rgb/1778654590760226304.png,capturepallet11,day,0.873974609375,0.9030338541666667,0.09696614583333334,0.029059244791666668,True,0.8443520443520444,0.7293884717396989,39050,53538,0.5369830774403228,True
data/pallet/raw_data/outside/capturepallet11/rgb/1778654590860725504.png,capturepallet11,day,0.8632161458333333,0.89900390625,0.10099609375,0.03578776041666667,True,0.8316585506767911,0.7604154645124063,39534,51990,0.677264858626659,True
data/pallet/raw_data/outside/capturepallet11/rgb/1778654590994895360.png,capturepallet11,day,0.8650618489583334,0.897724609375,0.102275390625,0.032662760416666665,True,0.8396135265700483,0.744455009075979,43063,57845,0.7240038032673524,True
data/pallet/raw_data/outside/capturepallet11/rgb/1778654591095639040.png,capturepallet11,day,0.8422233072916666,0.8835970052083333,0.11640299479166667,0.04137369791666667,True,0.7863411407580643,0.7030781406197935,33759,48016,0.5627915694768411,True
data/pallet/raw_data/outside/capturepallet11/rgb/1778654591162672896.png,capturepallet11,day,0.8644368489583333,0.9004654947916667,0.09953450520833333,0.03602864583333333,True,0.8370819308519952,0.7452536413862381,44514,59730,0.7250795245270384,True
data/pallet/raw_data/outside/capturepallet11/rgb/1778654591229901056.png,capturepallet11,day,0.8650162760416666,0.8969694010416667,0.10303059895833333,0.031953125,True,0.8110944191573802,0.7287027459552294,37338,51239,0.6291691875329339,True
data/pallet/raw_data/outside/capturepallet11/rgb/1778654591263408640.png,capturepallet11,day,0.84640625,0.8845930989583334,0.11540690104166666,0.03818684895833333,True,0.8090756830315085,0.7018210471020837,40081,57110,0.6676063736648573,True
data/pallet/raw_data/outside/capturepallet11/rgb/1778654591330737664.png,capturepallet11,day,0.842138671875,0.8866796875,0.1133203125,0.044541015625,True,0.8070116243632722,0.7114161684627395,37365,52522,0.568238071665207,True
data/pallet/raw_data/outside/capturepallet11/rgb/1778654591397925376.png,capturepallet11,day,0.8415625,0.8831998697916666,0.11680013020833334,0.04163736979166666,True,0.7904792468977322,0.6891270246928812,39099,56737,0.5852970724571267,True
data/pallet/raw_data/outside/capturepallet11/rgb/1778654591499016192.png,capturepallet11,day,0.830615234375,0.87828125,0.12171875,0.047666015625,True,0.7791047304450938,0.6636659885134041,36862,55543,0.46524314495075886,True
data/pallet/raw_data/outside/capturepallet11/rgb/1778654591633513216.png,capturepallet11,day,0.84130859375,0.8872884114583334,0.11271158854166667,0.045979817708333336,True,0.8121282160452528,0.7356661457315882,30127,40952,0.6300546981832389,True
data/pallet/raw_data/outside/capturepallet11/rgb/1778654591768197888.png,capturepallet11,day,0.8166178385416667,0.8703190104166667,0.12968098958333332,0.053701171875,True,0.7509122335317842,0.6700034862293939,26906,40158,0.549155834453907,True
data/pallet/raw_data/outside/capturepallet11/rgb/1778654591868192768.png,capturepallet11,day,0.8299772135416666,0.8812044270833334,0.11879557291666666,0.051227213541666664,True,0.7897589502210811,0.7301194890811702,26580,36405,0.6774344183491279,True
data/pallet/raw_data/outside/capturepallet11/rgb/1778654591902023680.png,capturepallet11,day,0.8368294270833333,0.8823893229166667,0.11761067708333334,0.045559895833333336,True,0.813645393245852,0.7763671108086175,29658,38201,0.7266040156016859,True
data/pallet/raw_data/outside/capturepallet11/rgb/1778654591969074432.png,capturepallet11,day,0.7962239583333334,0.86310546875,0.13689453125,0.06688151041666666,True,0.7654765514453203,0.6751101866983609,27265,40386,0.585995146833061,True
data/pallet/raw_data/outside/capturepallet11/rgb/1778654592036368896.png,capturepallet11,day,0.8135319010416666,0.8760221354166666,0.12397786458333333,0.062490234375,True,0.7866323907455013,0.7042040237482874,29297,41603,0.6606735091219383,True
data/pallet/raw_data/outside/capturepallet11/rgb/1778654592070095104.png,capturepallet11,day,0.8069694010416667,0.8641276041666667,0.13587239583333333,0.057158203125,True,0.7815970609349268,0.6815640796907523,22921,33630,0.6409753196550699,True
data/pallet/raw_data/outside/capturepallet11/rgb/1778654592137186304.png,capturepallet11,day,0.7999251302083333,0.867216796875,0.132783203125,0.06729166666666667,True,0.788244089337445,0.7379204797451354,23626,32017,0.6752037979823219,True
data/pallet/raw_data/outside/capturepallet11/rgb/1778654592204571904.png,capturepallet11,day,0.8018717447916667,0.8696647135416666,0.13033528645833334,0.06779296875,True,0.8257575757575758,0.8866498740554156,704,794,0.7959697732997482,True
data/pallet/raw_data/outside/capturepallet11/rgb/1778654592339012352.png,capturepallet11,day,0.7910807291666667,0.8770247395833334,0.12297526041666666,0.08594401041666666,True,0.8416233506597361,1.0,3978,3978,1.0,True
data/pallet/raw_data/outside/capturepallet11/rgb/1778654592473249536.png,capturepallet11,day,0.7854134114583333,0.8640169270833333,0.13598307291666667,0.078603515625,True,0.7981972394220846,0.8900458438466186,25045,28139,0.8891929350723196,True
data/pallet/raw_data/outside/capturepallet11/rgb/1778654592540197376.png,capturepallet11,day,0.7717838541666666,0.856953125,0.143046875,0.08516927083333334,False,,,,,,
data/pallet/raw_data/outside/capturepallet11/rgb/1778654592607510272.png,capturepallet11,day,0.7886263020833333,0.8746126302083334,0.12538736979166668,0.085986328125,False,,,,,,
data/pallet/raw_data/outside/capturepallet11/rgb/1778654592674641152.png,capturepallet11,day,0.786259765625,0.8684798177083334,0.13152018229166668,0.08222005208333333,False,,,,,,
data/pallet/raw_data/outside/capturepallet11/rgb/1778654592708317952.png,capturepallet11,day,0.7843033854166667,0.8794954427083334,0.12050455729166666,0.09519205729166667,False,,,,,,
data/pallet/raw_data/outside/capturepallet11/rgb/1778654592775512576.png,capturepallet11,day,0.795009765625,0.8698470052083334,0.13015299479166667,0.07483723958333334,False,,,,,,
data/pallet/raw_data/outside/capturepallet11/rgb/1778654592842649856.png,capturepallet11,day,0.7544986979166667,0.854775390625,0.145224609375,0.10027669270833334,False,,,,,,
data/pallet/raw_data/outside/capturepallet11/rgb/1778654592876395008.png,capturepallet11,day,0.7459895833333333,0.8411295572916667,0.15887044270833334,0.09513997395833333,False,,,,,,
data/pallet/raw_data/outside/capturepallet11/rgb/1778654592943554560.png,capturepallet11,day,0.775126953125,0.877275390625,0.122724609375,0.1021484375,True,0.7488115642078712,0.658712698144074,23354,35454,0.3396231736898516,True
data/pallet/raw_data/outside/capturepallet11/rgb/1778654592977352704.png,capturepallet11,day,0.773896484375,0.8886165364583334,0.11138346354166667,0.11472005208333333,True,0.8123587533505019,0.7625634703387174,36494,47857,0.6785423240069374,True
data/pallet/raw_data/outside/capturepallet11/rgb/1778654593044357120.png,capturepallet11,day,0.7960774739583333,0.8979850260416666,0.10201497395833334,0.10190755208333334,True,0.8052737395607794,0.7431089227371037,32297,43462,0.6297685334315034,True
data/pallet/raw_data/outside/capturepallet11/rgb/1778654593145389056.png,capturepallet11,day,0.7798014322916667,0.8839290364583333,0.11607096354166667,0.10412760416666667,True,0.7699644549763033,0.7367371778729119,35107,47652,0.617980357592546,True
data/pallet/raw_data/outside/capturepallet11/rgb/1778654593246032384.png,capturepallet11,day,0.7921744791666666,0.9017838541666666,0.09821614583333334,0.109609375,True,0.7917691424823742,0.7700550919361212,33127,43019,0.7478788442316185,True
data/pallet/raw_data/outside/capturepallet11/rgb/1778654593279327232.png,capturepallet11,day,0.7786100260416666,0.9023763020833333,0.09762369791666667,0.12376627604166666,True,0.8219026548672567,0.7794654281787593,32895,42202,0.38465001658689163,True
data/pallet/raw_data/outside/capturepallet11/rgb/1778654593347124480.png,capturepallet11,day,0.8017350260416667,0.9122916666666666,0.08770833333333333,0.110556640625,True,0.8053094864319355,0.758176705638597,30738,40542,0.38971930343840955,True
data/pallet/raw_data/outside/capturepallet11/rgb/1778654593380173568.png,capturepallet11,day,0.7680729166666667,0.8962760416666666,0.10372395833333334,0.128203125,True,0.7372458459414981,0.7010875866706862,30233,43123,0.32525566403079564,True
data/pallet/raw_data/outside/capturepallet11/rgb/1778654593447373568.png,capturepallet11,day,0.7825260416666666,0.9120345052083333,0.08796549479166667,0.12950846354166667,True,0.7941018478727976,0.7632546049388249,34061,44626,0.6650383184690539,True
data/pallet/raw_data/outside/capturepallet11/rgb/1778654593514636032.png,capturepallet11,day,0.8013509114583334,0.9211946614583333,0.07880533854166667,0.11984375,True,0.8364377768828031,0.8222721188306922,38086,46318,0.447536594844337,True
data/pallet/raw_data/outside/capturepallet11/rgb/1778654593548271360.png,capturepallet11,day,0.7984895833333333,0.9086100260416666,0.09138997395833333,0.11012044270833334,True,0.7548889490790899,0.7150861174517534,34460,48190,0.5219340112056443,True
data/pallet/raw_data/outside/capturepallet11/rgb/1778654593615374848.png,capturepallet11,day,0.7808951822916667,0.901357421875,0.098642578125,0.12046223958333334,True,0.7814550436224674,0.7713825719460656,38330,49690,0.7523847856711612,True
data/pallet/raw_data/outside/capturepallet11/rgb/1778654593648959744.png,capturepallet11,day,0.790302734375,0.9032942708333334,0.09670572916666667,0.11299153645833333,True,0.7920431940892299,0.7591810737033667,41717,54950,0.750646041856233,True
data/pallet/raw_data/outside/capturepallet11/rgb/1778654593716326400.png,capturepallet11,day,0.783740234375,0.9055403645833333,0.09445963541666667,0.12180013020833333,True,0.741221235260506,0.698374215630348,34279,49084,0.49912395077825766,True
data/pallet/raw_data/outside/capturepallet11/rgb/1778654593783371008.png,capturepallet11,day,0.789677734375,0.9111458333333333,0.08885416666666666,0.12146809895833334,True,0.76767098906687,0.7179555301234366,35131,48932,0.6951688056895283,True
data/pallet/raw_data/outside/capturepallet11/rgb/1778654593816931840.png,capturepallet11,day,0.7823763020833333,0.9137272135416666,0.08627278645833333,0.13135091145833333,True,0.7615657501241025,0.7087141629560191,36289,51204,0.3554605108975861,True
data/pallet/raw_data/outside/capturepallet11/rgb/1778654593884343552.png,capturepallet11,day,0.7837923177083334,0.90919921875,0.09080078125,0.12540690104166666,True,0.7750456391341605,0.7581950349746263,38696,51037,0.7459882046358525,True
data/pallet/raw_data/outside/capturepallet11/rgb/1778654593951592448.png,capturepallet11,day,0.7925358072916666,0.9173111979166667,0.08268880208333333,0.124775390625,True,0.8028229151417557,0.7530830735872069,38899,51653,0.654153679360347,True
data/pallet/raw_data/outside/capturepallet11/rgb/1778654594018468864.png,capturepallet11,day,0.7819140625,0.9094401041666667,0.09055989583333333,0.12752604166666667,True,0.7938145559504782,0.7528478675012635,38728,51442,0.7311729715018856,True
data/pallet/raw_data/outside/capturepallet11/rgb/1778654594052299264.png,capturepallet11,day,0.792080078125,0.9049576822916666,0.09504231770833334,0.11287760416666667,True,0.781129599809149,0.7414925487786143,38611,52072,0.4864226455676755,True
data/pallet/raw_data/outside/capturepallet11/rgb/1778654594119418368.png,capturepallet11,day,0.7964453125,0.917666015625,0.082333984375,0.121220703125,True,0.798648294900169,0.7670928615574784,39717,51776,0.7433946229913473,True
data/pallet/raw_data/outside/capturepallet11/rgb/1778654594186532352.png,capturepallet11,day,0.7808463541666667,0.9156673177083333,0.08433268229166667,0.13482096354166667,True,0.7954873001049197,0.7383066143292124,40251,54518,0.621354415055578,True
data/pallet/raw_data/outside/capturepallet11/rgb/1778654594253794560.png,capturepallet11,day,0.7911555989583333,0.91921875,0.08078125,0.12806315104166666,True,0.8257664216864712,0.8010420475319927,43817,54700,0.7887385740402194,True
data/pallet/raw_data/outside/capturepallet11/rgb/1778654594321187328.png,capturepallet11,day,0.79265625,0.9119075520833333,0.08809244791666666,0.11925130208333333,True,0.8223708658491267,0.7770201283547258,42618,54848,0.6907088681446908,True
data/pallet/raw_data/outside/capturepallet11/rgb/1778654594388299264.png,capturepallet11,day,0.7764453125,0.905322265625,0.094677734375,0.128876953125,True,0.7720788935713389,0.7580345091744792,41560,54826,0.6508773209790976,True
data/pallet/raw_data/outside/capturepallet11/rgb/1778654594489024000.png,capturepallet11,day,0.7914973958333333,0.909833984375,0.090166015625,0.11833658854166666,True,0.7779140502354788,0.7245854079272357,36964,51014,0.6046575449876505,True
data/pallet/raw_data/outside/capturepallet11/rgb/1778654594556314624.png,capturepallet11,day,0.78921875,0.912333984375,0.087666015625,0.123115234375,True,0.7736968623481781,0.7446943930624341,37441,50277,0.6329932175746366,True
data/pallet/raw_data/outside/capturepallet11/rgb/1778654594623342336.png,capturepallet11,day,0.7853743489583334,0.8987727864583334,0.10122721354166667,0.1133984375,True,0.7632983692315904,0.723552850512304,33049,45676,0.3566205447061914,True
data/pallet/raw_data/outside/capturepallet11/rgb/1778654594690461952.png,capturepallet11,day,0.79583984375,0.9038346354166666,0.09616536458333333,0.10799479166666667,True,0.7668986796785304,0.7495501688130521,37075,49463,0.5483088369083962,True
data/pallet/raw_data/outside/capturepallet11/rgb/1778654594724090880.png,capturepallet11,day,0.7988020833333334,0.9150227864583333,0.08497721354166667,0.116220703125,True,0.8040467801918184,0.7735770755088913,37281,48193,0.3306289295125848,True
data/pallet/raw_data/outside/capturepallet11/rgb/1778654594791333888.png,capturepallet11,day,0.780302734375,0.9097233072916666,0.09027669270833333,0.12942057291666667,True,0.7929745345082903,0.73144002126398,35774,48909,0.37214009691467825,True
data/pallet/raw_data/outside/capturepallet11/rgb/1778654594824823552.png,capturepallet11,day,0.7702115885416667,0.89328125,0.10671875,0.12306966145833333,True,0.7836061239695243,0.7374558594070789,35920,48708,0.390223371930689,True
data/pallet/raw_data/outside/capturepallet11/rgb/1778654594892024832.png,capturepallet11,day,0.7781705729166667,0.9020638020833334,0.09793619791666666,0.12389322916666666,True,0.7954996860544087,0.7658799303025503,33845,44191,0.7537960218143966,True
data/pallet/raw_data/outside/capturepallet11/rgb/1778654594959353856.png,capturepallet11,day,0.805576171875,0.9143489583333333,0.08565104166666666,0.10877278645833334,True,0.7834931433469038,0.7443648550962739,33981,45651,0.6467985367242777,True
data/pallet/raw_data/outside/capturepallet11/rgb/1778654594992872960.png,capturepallet11,day,0.7796875,0.8948014322916666,0.10519856770833333,0.11511393229166667,True,0.7719367381252628,0.7386966434166272,32725,44301,0.3424527663032437,True
data/pallet/raw_data/outside/capturepallet11/rgb/1778654595059980032.png,capturepallet11,day,0.7984798177083333,0.9018522135416667,0.09814778645833333,0.10337239583333334,True,0.8123167155425219,0.805997666277713,34537,42850,0.7900116686114352,True
data/pallet/raw_data/outside/capturepallet11/rgb/1778654595127609088.png,capturepallet11,day,0.7791666666666667,0.8944205729166667,0.10557942708333333,0.11525390625,True,0.8044378698224852,0.7411080319721504,32359,43663,0.4247761262396079,True
data/pallet/raw_data/outside/capturepallet11/rgb/1778654595160698624.png,capturepallet11,day,0.7801529947916667,0.8959114583333333,0.10408854166666667,0.11575846354166666,True,0.846861901761499,0.7998672799249446,34955,43701,0.47545822750051486,True
data/pallet/raw_data/outside/capturepallet11/rgb/1778654595261823488.png,capturepallet11,day,0.7445865885416667,0.8566634114583334,0.14333658854166667,0.11207682291666667,True,0.7391836734693877,0.7047941576243463,30593,43407,0.3911350703803534,True
data/pallet/raw_data/outside/capturepallet11/rgb/1778654595396430336.png,capturepallet11,day,0.77609375,0.8770052083333333,0.12299479166666667,0.10091145833333333,True,0.8914600550964187,0.8725296442687747,2649,3036,0.8725296442687747,True
data/pallet/raw_data/outside/capturepallet11/rgb/1778654595530543616.png,capturepallet11,day,0.761494140625,0.86296875,0.13703125,0.101474609375,False,,,,,,
data/pallet/raw_data/outside/capturepallet11/rgb/1778654595664936448.png,capturepallet11,day,0.7463411458333333,0.8629622395833333,0.13703776041666665,0.11662109375,False,,,,,,
data/pallet/raw_data/outside/capturepallet11/rgb/1778654595765731072.png,capturepallet11,day,0.7634244791666667,0.867529296875,0.132470703125,0.10410481770833334,False,,,,,,
data/pallet/raw_data/outside/capturepallet11/rgb/1778654595832792064.png,capturepallet11,day,0.7827311197916667,0.877880859375,0.122119140625,0.09514973958333334,False,,,,,,
data/pallet/raw_data/outside/capturepallet11/rgb/1778654595899832064.png,capturepallet11,day,0.7850162760416667,0.8786881510416666,0.12131184895833333,0.093671875,False,,,,,,
data/pallet/raw_data/outside/capturepallet11/rgb/1778654595967022848.png,capturepallet11,day,0.7604361979166666,0.8731380208333334,0.12686197916666667,0.11270182291666667,False,,,,,,
data/pallet/raw_data/outside/capturepallet11/rgb/1778654596034415104.png,capturepallet11,day,0.7868001302083333,0.8746484375,0.1253515625,0.08784830729166666,False,,,,,,
data/pallet/raw_data/outside/capturepallet11/rgb/1778654596067936512.png,capturepallet11,day,0.7866178385416667,0.8828287760416667,0.11717122395833333,0.0962109375,False,,,,,,
data/pallet/raw_data/outside/capturepallet11/rgb/1778654596135246848.png,capturepallet11,day,0.7646516927083333,0.8705143229166666,0.12948567708333333,0.10586263020833334,False,,,,,,
data/pallet/raw_data/outside/capturepallet11/rgb/1778654596168822528.png,capturepallet11,day,0.7794856770833334,0.88349609375,0.11650390625,0.10401041666666666,False,,,,,,
data/pallet/raw_data/outside/capturepallet11/rgb/1778654596236458752.png,capturepallet11,day,0.7691341145833334,0.8705989583333333,0.12940104166666666,0.10146484375,False,,,,,,
data/pallet/raw_data/outside/capturepallet11/rgb/1778654596303085824.png,capturepallet11,day,0.7751888020833333,0.875537109375,0.124462890625,0.10034830729166666,False,,,,,,
data/pallet/raw_data/outside/capturepallet11/rgb/1778654596336844544.png,capturepallet11,day,0.763271484375,0.8611100260416666,0.13888997395833333,0.09783854166666667,False,,,,,,
data/pallet/raw_data/outside/capturepallet11/rgb/1778654596403960064.png,capturepallet11,day,0.7789518229166666,0.8745768229166667,0.12542317708333334,0.095625,False,,,,,,
data/pallet/raw_data/outside/capturepallet11/rgb/1778654596471484928.png,capturepallet11,day,0.7764811197916667,0.8718717447916666,0.12812825520833335,0.095390625,False,,,,,,
data/pallet/raw_data/outside/capturepallet11/rgb/1778654596504771328.png,capturepallet11,day,0.7710709635416667,0.8720735677083333,0.12792643229166667,0.10100260416666666,False,,,,,,
data/pallet/raw_data/outside/capturepallet11/rgb/1778654596571854848.png,capturepallet11,day,0.7852734375,0.8850260416666667,0.11497395833333333,0.09975260416666666,False,,,,,,
data/pallet/raw_data/outside/capturepallet11/rgb/1778654596639010560.png,capturepallet11,day,0.782763671875,0.8847981770833333,0.11520182291666667,0.10203450520833333,False,,,,,,
data/pallet/raw_data/outside/capturepallet11/rgb/1778654596672744448.png,capturepallet11,day,0.7794889322916667,0.8786588541666667,0.12134114583333333,0.099169921875,False,,,,,,
data/pallet/raw_data/outside/capturepallet11/rgb/1778654596774028800.png,capturepallet11,day,0.7840852864583333,0.888076171875,0.111923828125,0.10399088541666666,False,,,,,,
data/pallet/raw_data/outside/capturepallet11/rgb/1778654596908447488.png,capturepallet11,day,0.793896484375,0.8868294270833333,0.11317057291666667,0.09293294270833333,False,,,,,,
data/pallet/raw_data/outside/capturepallet11/rgb/1778654597042528256.png,capturepallet11,day,0.7802799479166667,0.8740625,0.1259375,0.09378255208333333,False,,,,,,
data/pallet/raw_data/outside/capturepallet11/rgb/1778654597143299328.png,capturepallet11,day,0.7775065104166666,0.876552734375,0.123447265625,0.09904622395833333,False,,,,,,
data/pallet/raw_data/outside/capturepallet11/rgb/1778654597210304000.png,capturepallet11,day,0.7590885416666666,0.869013671875,0.130986328125,0.10992513020833333,False,,,,,,
