model,event,call,objective,CE,L2_penalty,gradient_l2,weight_sha
R0_ONLY,objective,1,0.6928803802594987,0.6928803802594987,0.0,2.5981087136976764,4b39c64bbb665b6806871c126c8edca4d7c9046530c00f64a58a52579a7f1f2e
R0_ONLY,objective,2,0.24249809501883968,0.24244809501883968,5e-05,0.12524001511547386,d71e77f6f7946f8289529a15c24fb0551945e6da8c12b9b63330e4393cf74456
R0_ONLY,objective,3,0.23693751113514117,0.2368890940142163,4.841712092487468e-05,0.11793944301251544,e8f590bb1d415af46d18e7c104a1de080e11408c793a68f34ac303df5fae937a
R0_ONLY,objective,4,0.21841838258399654,0.21837420215361317,4.4180430383375545e-05,0.08825157586616784,ae702003c7c86cadf4e903ea4d35a00a5cab49e19adfd5c0dda4c39ba5b0e179
R0_ONLY,objective,5,0.20379200939765232,0.20372870096734524,6.330843030707873e-05,0.209500486115257,73a0fa5364ff35f280e474a7885edc8b6a14737d01f39ba3e5edebb316c70773
R0_ONLY,objective,6,0.19513532037696119,0.19508895123955072,4.63691374104625e-05,0.06234316888961489,295bbf3b0d1b5153c9b328fffb908bf1dbf82ad983dc009eababf9f74beab783
R0_ONLY,objective,7,0.1860605050757141,0.18599008963844632,7.041543726777648e-05,0.11960219546751658,e07c29b0f49381fe49a1357c26bde5909c4b8d5bace401f30f574047963d3787
R0_ONLY,objective,8,0.17757335164689883,0.17749616436077126,7.71872861275839e-05,0.06013457901106883,685f3ccbf45950c108de5ddfe7e1ffa2ff4d06093488d924b0ec590f5b555bd8
R0_ONLY,objective,9,0.17136447302566346,0.17125995404248767,0.00010451898317579767,0.04226864599838998,ac81e7a8fdae8cf4faa3e3143a6d6e2a93dd817fe665b46b7b76c403182be26c
R0_ONLY,objective,10,0.16626971619244377,0.16612642188210916,0.0001432943103345968,0.03357092795802272,83a0f514c0b151acf6b77cbb662e940f0276a5570803923c032a66f74d396a82
R0_ONLY,objective,11,0.15972365348941564,0.15949859954167211,0.000225053947743515,0.023179392835338295,4ae495b19cf969f779fb8e97f8ea763f2a38fb987921702a17f2b461b988d36c
R0_ONLY,objective,12,0.1547090648186819,0.15437079237684875,0.00033827244183315825,0.016402001883375567,7cc853dcb565473ccfbfd44ad5a9e0b2b9f4e9fd87c7ad4e23e41b6870c31195
R0_ONLY,objective,13,0.15082309039453415,0.15032553102793625,0.0004975593665979074,0.012069414553178007,142938f43356d39ca0eb71cffd685716f4e1b4c137a38257fd990ab429621174
R0_ONLY,objective,14,0.14788717165975926,0.1472016857338613,0.0006854859258979526,0.007140847415996557,906e81bd82ed09549a2e997f08ebb40929c0c22f6036e8e2ca0fc172c54c8214
R0_ONLY,objective,15,0.1463507320330488,0.14548683516067157,0.0008638968723772331,0.014110951316249485,bf8b7420ff95499cc877f62b427c9a1334bf5480d64fc4ad09b1cc82250ea42c
R0_ONLY,objective,16,0.14541230065047292,0.14441527139877078,0.0009970292517021524,0.008353106967493303,4f482d499e504b1bc24d63761bc8edd0e7ba7a9c67d68c1e7de0530a9bc17bcc
R0_ONLY,objective,17,0.1445124779034968,0.14340732897905203,0.001105148924444764,0.005283151332028505,efca9a09db0fa0f39f537ef1469a28639fe07a0878c2502b39e175917e8d56a4
R0_ONLY,objective,18,0.14348272724429376,0.14224472862668888,0.001237998617604887,0.007045745947849888,9d4f8bfbec7ca95af543f3dd02079a6c2a3c6854ec8bc9f8a0037f24c250eec0
R0_ONLY,objective,19,0.14275291037283608,0.1413535223693648,0.0013993880034712846,0.010583383529026874,915f0423ea8a1f1063bffcd78cf815094eb0045594b3d0da794fadda4c59a923
R0_ONLY,objective,20,0.1420458010657674,0.14039805056595428,0.0016477504998131235,0.008125077123304302,713034662285caa91fe47ea4623db46c684d69c3be2917dedb803c7270d32e4f
R0_ONLY,objective,21,0.141669239047642,0.13999254253992816,0.0016766965077138487,0.003973935461148636,2bb08564379d66627fa3d29dec55fb8e966aa5d17f7d6fb1f8ebcba3d32f6649
R0_ONLY,objective,22,0.14129468549332172,0.1395045298271472,0.0017901556661745162,0.004537360906462364,333694a36b0a7fb5dc4bbfcfdcb8008e86cbecce12f284f5f20abc68da6c5c5e
R0_ONLY,objective,23,0.14089895587253504,0.13893871291505638,0.0019602429574786394,0.005710374793141527,2e0ff3d44bf63c74b38ecf4621798877936b81edbf461084af1dd6bda1d28179
R0_ONLY,objective,24,0.1401748333824485,0.1379262483235812,0.002248585058867299,0.006322131442960227,8cf0becf4aee34c8904d11607834e57a2bc98a7d5e0dfd4f770e46a383625ccf
R0_ONLY,objective,25,0.13949196008712816,0.13681470341794086,0.002677256669187312,0.0030824669018540848,b7ba744d19585f7d9add3d267a66494d69a02d14b3c50bcec85d9606df2b2db1
R0_ONLY,objective,26,0.13922211151357478,0.13619854565315692,0.0030235658604178504,0.003785016121925228,9257a279270e9cf5ea881cc89bd245c75e7fa3fa7f437a9af5898be5b8114fa4
R0_ONLY,objective,27,0.1397550601281174,0.13665029327205372,0.003104766856063672,0.01581584125565786,11b2113f4c2334a1ee8b2e2c71b02239f919bdfd9ffe9ce7db85b18a78a99b32
R0_ONLY,objective,28,0.13905329050354548,0.1360086295156686,0.0030446609878768604,0.0036291415216777373,1c7597bdd4faf92805dcabe4c1b564eaa1e9461b22754c03b3347f62f6a0fb66
R0_ONLY,objective,29,0.13894678323281445,0.13601298293431546,0.002933800298498977,0.0037071495497581915,75157d06363267723a5fd8c4a13b06cf66ad236d57835fd44b97882f6c5904b1
R0_ONLY,objective,30,0.1387225094322749,0.1359058899829792,0.002816619449295704,0.0032384049281934243,ebf7ba86b8b285161e7902ded21b7b16bc080a69c8e539fb30e6e0d51ba5af65
R0_ONLY,objective,31,0.1385344668524217,0.13563327838102,0.002901188471401734,0.0013642854395830694,4200accca4e300bc1b5876d127348f5dc5577c56020f333a555a84a239f315d5
R0_ONLY,objective,32,0.13843985611027884,0.13528439300952308,0.0031554631007557564,0.0024880056563899022,82dc8c33b7ead90ef1a19eac08d9811d040356f440227bc81d843d5e8d51e103
R0_ONLY,objective,33,0.13835021531095265,0.1349416911671312,0.0034085241438214634,0.004759779190926156,2febf28fac79072acd946933290620bd4ebe672dd0a06aac13dd0e4302aa54c7
R0_ONLY,objective,34,0.13825863024026852,0.13477007657195078,0.0034885536683177437,0.002633259963785047,5b527be40637418011f9a55f8601b978e9186b54f53c6c9eecd392e06db6691e
R0_ONLY,objective,35,0.13817744801866716,0.13453544709146775,0.003642000927199416,0.0011461542442939999,d55379d12ae0bed2f12c84f4e795157e215cfc151cac98c2d37ae52218cd5c52
R0_ONLY,objective,36,0.1381406184386923,0.13444608948889442,0.003694528949797895,0.001359421094962904,cf92457c288743c08f837713acb83749243322e49dba81bc99782a8f12bddf72
R0_ONLY,objective,37,0.13801727557898588,0.13420142518165798,0.0038158503973278954,0.001965779460153303,98f13a1bade06713dac0db9f7282e210df6059c6c7c35415da2efa89a21361d4
R0_ONLY,objective,38,0.13785543785269225,0.13395148130164083,0.003903956551051408,0.0023135781041570156,0fbfd31e9fa6ce0fbcf1bae7b22caf4b19541638020829beae506081e7393851
R0_ONLY,objective,39,0.14760730132376926,0.14339850032207302,0.0042088010016962255,0.0491887351074308,c95d7158c076a519c9c208aadfd7d79fafe6021ad3fdd1ec742ee976f4d2a4c4
R0_ONLY,objective,40,0.1378386193718214,0.13392796026554527,0.003910659106276151,0.0015158720112123708,8c755962eb0d7c84441c729119e75832bb2fd5734970ed455290273086649cbd
R0_ONLY,objective,41,0.13773474083026846,0.13381842113146533,0.00391631969880312,0.0012195246022462267,4c30e9fea53e084ed6918b2fa4a4229e33890dcda44a6bc5f80e119197f88098
R0_ONLY,objective,42,0.13783839859797165,0.13354909951763885,0.004289299080332783,0.004764626376934843,3bb46adf4e2f1e86dee76a73b9d153204b12355d067dfb13e0f1884f95a21ed3
R0_ONLY,objective,43,0.13765653271924827,0.13359916904240837,0.0040573636768398945,0.0018888925101194155,2ebfeb9c963445ac37fd79e5e9d8fb98e218455537b65c420610cc7485a44f84
R0_ONLY,objective,44,0.1375995316100232,0.13353812183344158,0.0040614097765816325,0.0009301901902332138,f74ef70cde1684486e40a8608e1e4c5fdb8e14f0a4354bd07bf9ba89335dc820
R0_ONLY,objective,45,0.13756319689674743,0.1335060284468707,0.004057168449876722,0.0007725849706182822,8fbc3121aab21dfbafb94003edd67112a78e3d6b2525741213e1ecfb9b5360dc
R0_ONLY,objective,46,0.13751915110496488,0.13342345842705647,0.0040956926779084106,0.0009835491823419321,3f3e41b6cf887699fb340ce5f51cf87a472c5e2cb3dca36d25cd9639c4dd3a5f
R0_ONLY,objective,47,0.13755587695067314,0.133206503610291,0.004349373340382156,0.006391827518489302,bf29a05bf40c157cdd6f06fde15e89d7e9d0a5900a45b3ca6bcc8347c0651a32
R0_ONLY,objective,48,0.13749794545820662,0.13330879036693816,0.004189155091268478,0.002662288902724356,4a5bdbea530b0c0005f8eed000902b7542295cde40e36dce7001e29631f8eb9c
R0_ONLY,objective,49,0.13745092686634622,0.133146205970719,0.004304720895627218,0.0015369504764049925,898702fdeb23cf320fcaa49663150c1fd19fbdb003cf750e2469e54e0a79b595
R0_ONLY,objective,50,0.13741930012898163,0.1329906447579667,0.004428655371014931,0.0008021288621618546,328b31520050574b0f1e9ad59680e13592a4d8e4f8deecc374a38e86ae429651
R0_ONLY,objective,51,0.13739649081326935,0.13286696295979744,0.004529527853471908,0.0007153597781377252,74266fd3600917549dd7ed9fcd6ee71add9b99a457d33ef585e086ef5657e4fe
R0_ONLY,objective,52,0.13737371753805677,0.1327721659319638,0.004601551606092969,0.0007001429031601212,1c977ca7e562516d43be520e6561317d118431bebf425275f6b9b9a50e924310
R0_ONLY,objective,53,0.13735812736773814,0.13275533034564013,0.004602797022098011,0.0025978398536826144,8a04b105d07f701cabed51d79ab9389214f73eea6030d47b17d1e3baec4ee120
R0_ONLY,objective,54,0.1373272608330615,0.1327032038735194,0.004624056959542095,0.0008265085688042163,c6fe4a354a85cdd8dccf1c0839fb5a9fe94cf47abeb75cda2ae70a839771946a
R0_ONLY,objective,55,0.13731546404515435,0.13273987255951245,0.0045755914856418995,0.0004553857187030072,382816cb8ae5e7af30619ca13c4a13c722e5a4177e4e3665376648b4336d964c
R0_ONLY,objective,56,0.13730647736550308,0.13279052672085506,0.004515950644648024,0.0005605748414493483,e793d5edbd2a790c3507bc0b1ebdd42a68673b720ba7c05a67d5002c47822084
R0_ONLY,objective,57,0.13729549386938478,0.13280181666610458,0.004493677203280207,0.00040774327290460437,38f00ec77131620821c5ac67dea3c1f5dfc23221eb252c65184ff25b984d49aa
R0_ONLY,objective,58,0.1372816647703224,0.13275945477278134,0.004522209997541039,0.0007088913030148992,592d3826b6cb2b099af5fa271faa2f883cb19e0fe64cfb52c3e3a9d7d21f5fa7
R0_ONLY,objective,59,0.13727607830881666,0.1328601774546509,0.004415900854165774,0.0016944270515448002,c27cb4ed6bb05837a0f87349eeb669993b64f05647a0716f64d1585e62888a74
R0_ONLY,objective,60,0.13727589606307208,0.13275818159060324,0.004517714472468839,0.0019115731006589221,4e478f58e10de13b052d45c2cf03c85c5c1444f2234fc58f62e9ccdb0bb2adca
R0_ONLY,objective,61,0.1372664042379213,0.13280026301023237,0.004466141227688929,0.0008832041601923566,a428a7ff1211ee0297ac3e687ecfc811cdf61e0f31e8c600208eba7b1a1eba60
R0_ONLY,objective,62,0.13725821053706572,0.13274766782297018,0.004510542714095544,0.000489946749671155,586a7f676d838249bfe46454a4a2a5df47b5fb24eefe0be6a2a20bf0e204a983
R0_ONLY,objective,63,0.13725061625663662,0.13274721291406838,0.004503403342568235,0.0003003496485671776,763867bc816e2347744987d9200e4879d25f67940b77ecafa2335d40b7a95f05
R0_ONLY,objective,64,0.13724302020942541,0.13271937327236819,0.004523646937057236,0.00027588559450598954,263d79530ebadcc5eb6fa8fd9c7463bf771f1c1e09224b6ca8f2861c63727d61
R0_ONLY,objective,65,0.13723785117025153,0.13271086236250784,0.0045269888077437,0.00026299436788235366,691adbb37b02283bc58b5dbed7bdc0aea51010aff88cf19bc0a32c658235c540
R0_ONLY,objective,66,0.13723337095681584,0.13267523906072815,0.004558131896087708,0.0007955704906912002,a9559d1b2ce364b3484f39c1bd519116cad426b87863518170922d1febe11ccb
R0_ONLY,objective,67,0.13724113248444822,0.1326341873991694,0.004606945085278818,0.0015425373832139793,a0fd628370482c0f373a6fa94fa652cbbd31786d5b2a815baf207c8e528838c9
R0_ONLY,objective,68,0.1372307422627392,0.13265642934786065,0.004574312914878548,0.00022340413463604062,c4b71b012a389eee9ac04907a801c2644f65f1ba1b4173352208f146d7c58ab7
R0_ONLY,objective,69,0.13722914916417475,0.13267309743388186,0.004556051730292891,0.00018940483408742272,b2362a5937145e7b55806c4440a214a9dc98e02100e75b36f02f14f65a3ba8fb
R0_ONLY,objective,70,0.13722716061333193,0.1326740121809445,0.0045531484323874435,0.00017048276930905942,5b5f57dddb6f853fa51c41c39def1562adba9084524e7f3d021398159eddce2e
R0_ONLY,objective,71,0.13722205703380283,0.13263859123131264,0.004583465802490197,0.00017485146531771075,1cdb921dcb9d47a4cd0e8274d71b046e03cd2ff61129b2daff063d540920e0c8
R0_ONLY,objective,72,0.13725460734435532,0.1326704971086692,0.0045841102356861075,0.0018169636806683028,34f59e47ffdab2ffb388f7866d1b7ee5acb98812d155c28fb81b6676edb2e0d3
R0_ONLY,objective,73,0.13722039454591084,0.1326375167288062,0.004582877817104635,0.0003042761906168491,7dfe26cd1456d9c201e3e135e2961e67a255e8af5a045938394658362818662b
R0_ONLY,objective,74,0.1372180934420274,0.13261063684713328,0.004607456594894103,0.00029485860522137156,2304d0f290476235b82829967f2961f223dd51d5825154e1088f9a5f85b57b5e
R0_ONLY,objective,75,0.13721614002470411,0.1325661537562243,0.004649986268479824,0.00013223204318397357,18a32e05c277614292044b5a6335a4c2b2ae5ad2e0ebd3f7c65488a4b4192b39
R0_ONLY,objective,76,0.13721540667104737,0.13256130858784224,0.0046540980832051335,9.631871588823711e-05,92d9a144468c4141ea0f617cf7b5f2d1ca3430bcc2079d860c78f9c075e3417b
R0_ONLY,objective,77,0.13721470936287505,0.13255680098044684,0.004657908382428208,7.264661017220753e-05,203023999f4cebb305eb0dc1c582a2a4315b6b694ec0e11bfe0f8ce6850afc2c
R0_ONLY,objective,78,0.13721342113449467,0.13254426785484114,0.004669153279653536,0.00011993210880563506,8acb3533b80c4b3c4c5e5a9f15f540db410fe343f27bb91ad126632c789b6957
R0_ONLY,objective,79,0.13721241762070227,0.13251681525998205,0.004695602360720218,9.374455908872951e-05,2e20dabadba9c9ff1f7ca533177b4537cdcb54eed64ec5c7129edc6502239366
R0_ONLY,objective,80,0.13721362943891466,0.13248667797989794,0.004726951459016716,0.0007271951855280526,6ce41629509221c9dbf5982b31da14e746becf8c4fae8b35cac23becb0834b2c
R0_ONLY,objective,81,0.13721214989304306,0.1325072618617077,0.004704888031335365,0.00021756790223266152,4f1d4e885a6f541a2d532811f20e902fc2035a49c03507e321f477ef4126303e
R0_ONLY,objective,82,0.13721169246465015,0.1325002706419232,0.004711421822726928,0.0001105207369186368,b891999f87cb836cbe7a23531652c751d55107d0283208b0d10606ce694086ea
R0_ONLY,objective,83,0.13721142961662672,0.1324961264403347,0.0047153031762920215,4.704580972152784e-05,eb3c3165bac0463dfaf1176aa22a1f6ad428696bf9b537e008dc1d59277463ed
R0_ONLY,objective,84,0.13721133749816194,0.13249528999750965,0.0047160475006523,4.7686264517201624e-05,94a4f8bceb3dfdb71cd78b2d3c943bd92b134feb6968c7b35ebedf609344a186
R0_ONLY,objective,85,0.1372110515594088,0.1324946185597664,0.00471643299964239,6.355247561796124e-05,8536a8496c57e3e3dc6917aa29d11f7807f79048aa0946d7891919f6ed33a27d
R0_ONLY,objective,86,0.13721246785315097,0.13250854034516182,0.004703927507989146,0.0007007982894523362,37b38cc51321a6d14dee1981de62b69fcb2c1ba7513210154bc598d834be0570
R0_ONLY,objective,87,0.13721098415015032,0.13249676050630693,0.004714223643843392,0.00010534773704079281,2a103aac647acdbfc1c9ddbde8ce66f819b13c8cc0258e2b3d036b3f0287c98a
R0_ONLY,objective,88,0.13721085268972036,0.13249846621968678,0.00471238647003359,6.183212980795517e-05,4eda9b2a822733afe46ffb12b0ceed2f6f414cc2a1d1609dc05b8f54825c659c
R0_ONLY,objective,89,0.137210738627346,0.13250122778492304,0.004709510842422953,4.9336995659730176e-05,882e16e1f07bf4cd856ed721aa2909c3bae4badd061afa47879e3e80fe6879ee
R0_ONLY,objective,90,0.13721060007929806,0.13250410815548372,0.00470649192381434,5.7952744093775674e-05,f61300a8fb3bd1c9a762431171400b2a9dd3263142f6311f97a03d4e808f2589
R0_ONLY,objective,91,0.13721040957385494,0.13250568356722162,0.004704726006633323,4.706920075875084e-05,ed4865f9d6720d69af8e32220fe08bdb528047a5632e1bac99eabe29d4e3eb9c
R0_ONLY,objective,92,0.13721046843520388,0.13250763115062755,0.004702837284576318,0.00017542361830432632,a0277035d713eee78228350a71c8cad66f716d3800b3097f0c2d01e006f48f1e
R0_ONLY,objective,93,0.13721030481502774,0.1325064341792836,0.0047038706357441454,8.653180452790799e-05,d032b23d0e235245d90a0680eb28278b99d0c0425e5e93d2eca53f5759f7c6ce
R0_ONLY,objective,94,0.13721014395639156,0.1325044131011825,0.004705730855209052,3.850320724879215e-05,0a4857e0375525a0217ab5bc7ddf7cc6f8453dc58a361bf046231cd596fff814
R0_ONLY,objective,95,0.13721007320940648,0.13250200559166309,0.004708067617743384,2.39723047613328e-05,7b00d538065e014e830f856ecae6edae3dd5a1e2a2b27cb6b1a38095b8522d7d
R0_ONLY,objective,96,0.1372100466431808,0.1324986898463513,0.004711356796829485,9.94298772873506e-05,89a3105c94722c2c7c0d9cab060e90739663d196c1bb219b4708f74990576400
R0_ONLY,objective,97,0.1372100018058457,0.13249822950049553,0.0047117723053501665,3.025227718651202e-05,1b0b28bb7f800c7375995e7b52065f89c62ed5bfca7910b8c183a5b197e06e9f
R0_ONLY,objective,98,0.13720998652342903,0.13249886857264515,0.004711117950783876,2.292065772574329e-05,863a3f5fef5892e1197a70a03998a7ee2bf6c6affda8d33dadbf21bd09246b32
R0_ONLY,objective,99,0.13720995865726712,0.13249912346070367,0.0047108351965634435,5.0912887763455186e-05,66b057f42c7f8dc3b49a853617f6305a53614a259994692b2a9fd6657689120c
R0_ONLY,objective,100,0.13720994237248876,0.1325002015788983,0.004709740793590469,2.483919791104416e-05,12b278e49c2c0af2c56736a229f36edf716e3b9e6e8b43cbbf911c8f211f9702
R0_ONLY,objective,101,0.13720992561300663,0.13249999298012316,0.004709932632883464,2.4019037555029234e-05,62969d6c87fcbd8f1a4aa0c668972a91387cf0ede176f69cae7f7ff5c1d76bc9
R0_ONLY,objective,102,0.13720985414749653,0.13250293068311608,0.0047069234643804594,2.8651494222229507e-05,564d3ceb9f18dba84a9385cc70fe84282e684986f217697c9eace1af42919aaf
R0_ONLY,objective,103,0.13720981640843852,0.132502855079483,0.004706961328955518,2.4531426054965165e-05,a11526c2ed311b9c5ecfe14f35c558a6bbd3b9cdf7d8048e0e54ef61074cc9e1
R0_ONLY,objective,104,0.1372097842613944,0.13250380828875796,0.004705975972636452,2.6381576631799103e-05,d76d569d74bedc227427f2ff2023eb353829a7e136331fcfaa41bde36fbeadf0
R0_ONLY,objective,105,0.1372097634579427,0.1325057324617096,0.004704030996233085,3.5009253012890834e-05,1eb44e7a1c4d434d9b35d2e8d48af7c348e956bf3f57a0bdb0c4254202de82a8
R0_ONLY,objective,106,0.13720974657537116,0.1325065169526507,0.004703229622720473,1.498289632352364e-05,6af9ae0be10b23ec3a50742cc5b58fde640af6de093132c417cdeb3f9bc4fc9e
R0_ONLY,objective,107,0.13720973070068093,0.1325079794925509,0.004701751208130057,1.4056194912560361e-05,2940f7ab43f76e05b7bff94d77c89f63bd32a29f23b2e8281fd93c0cf8981fb2
R0_ONLY,objective,108,0.13720972431154704,0.1325088271209819,0.004700897190565159,3.986000592615568e-05,7809c728b763e0a27086ea50465604cbab5cadeb068e8317332311d571fb81b6
R0_ONLY,objective,109,0.1372097163921445,0.1325092715213373,0.004700444870807207,1.8804583993676092e-05,15f91c0ab73b71bd8763cac5631e79e9cc2303ed2b2b5a8c47e82173fec99aec
R0_ONLY,objective,110,0.13720971045200092,0.13250922763303352,0.004700482818967411,1.2385453556634054e-05,14d078d44e25e1f3a32fef4bed7510d104ee16a940e8b170d40fb0976d062d7b
R0_ONLY,objective,111,0.1372097038241125,0.1325091396569598,0.004700564167152698,1.2470606800092533e-05,fe25f0f73645677428f2ff939dc7c21e84acc1b36e23c0fb188837c38bc04da1
R0_ONLY,objective,112,0.13720969702623892,0.13250923343866533,0.004700463587573584,1.3609517336759655e-05,60c1c87ecb759e24c3eaabb0691fc6f212294e530382442aad1302c40381614c
R0_ONLY,objective,113,0.13720981261087503,0.13250952947135688,0.004700283139518153,0.00014774522969421698,7df4281e61b72affd0c19865a06700b06bcef03eb1b032df62e99cb8ca9eb7bf
R0_ONLY,objective,114,0.1372096948572891,0.13250925446561107,0.004700440391678021,1.3584505186652437e-05,c7bc2e2e3e468674e50a024b107f611156c7ab0a64f315ac1f0d1683dac6a19e
R0_ONLY,objective,115,0.1372096916521735,0.13250940705126094,0.004700284600912562,8.473358990017578e-06,7544e18faf6833a312cb00fd66f66d374ba0f5a36847c7a89da920d23e910821
R0_ONLY,objective,116,0.13720968786011506,0.13250973638894492,0.0046999514711701385,5.763893707845891e-06,cfb0d84df2a70c5a21fc89e5d5b71a2d8cf5ed9d865d9868266d6f47aa1b83b0
R0_ONLY,objective,117,0.13720968214124768,0.13251023429721065,0.004699447844037039,6.305978561623719e-06,cc9db320e75adc5c016fb2d4bf4b879853e07f39ecf88db83611372ff277388a
R0_ONLY,objective,118,0.13720967803748693,0.13251103680700665,0.0046986412304802746,5.974517820047101e-06,b0c5cd2f57b2b155f4aef53435b9a8c84d90721c11e293796f4acb18689e0c8d
R0_ONLY,objective,119,0.13720968246067297,0.13251167936302996,0.004698003097643012,3.511246583661285e-05,848e7f102aa799e8d5329c4f709b09195c92714f9a7068e62db3811dde05713e
R0_ONLY,objective,120,0.13720967658325095,0.13251124791164023,0.00469842867161072,1.1412517946498941e-05,2bcf9440a3453cde39649d0c174bb23f38b5a5bf8b46c5dc11a42c1823670138
R0_ONLY,objective,121,0.13720967474023116,0.13251144095327097,0.004698233786960178,6.50615809886966e-06,00d7959ce812903b412267f31ac7c9f55c5ce83f743aa806ba34f800b4db2a2d
R0_ONLY,objective,122,0.13720967286166275,0.1325115705514729,0.004698102310189869,7.341417161400341e-06,c2c1c7a9018d055e17da2d9c8664c6348a2c7bc5af33cda30885175a5ebc056e
R0_ONLY,objective,123,0.13720967191213213,0.13251165028644402,0.0046980216256881134,1.1810967695081046e-05,b23f2d0da3dbc33f1bb14a0970cf9890d731a3b4e1047d5f6cddb94bc51c2f0a
R0_ONLY,objective,124,0.13720967064777478,0.13251166524756847,0.004698005400206305,7.72503974707152e-06,f2475a5aff91f8239e9b9e7459880bb46e9954b0f59c25a8954656f1cdcc4049
R0_ONLY,objective,125,0.1372096685332445,0.13251178516657092,0.0046978833666735855,5.324245734145425e-06,6d2a366eff3f725935ceca79dc22183ceee89e9279059670910a399b5ffd7e8c
R0_ONLY,objective,126,0.13720966773432047,0.13251184100614258,0.0046978267281779056,4.488379631415171e-06,2c8e22a3359a6f5dba173b71cdd32b0225b6bea15d14135d8c7dc412831ccc06
R0_ONLY,objective,127,0.13720966676556476,0.13251187192181704,0.004697794843747703,5.345955349798117e-06,35f979124a827bb4ed59116ba7049a6bc0fa64a26e9a4e75f8c3940cf91f84c5
R0_ONLY,objective,128,0.13720966645115393,0.132511875475804,0.004697790975349922,1.2917363919843632e-05,cdbb31ddd86bbc280e9d17344ebfdd77d155f9f61e81733309466f2958979045
R0_ONLY,objective,129,0.1372096656287144,0.13251175672334464,0.0046979089053697555,5.466143639795332e-06,0f3a619051060fffffb68d80aea95aeefcdc1aed919407228cebd11efb76242f
R0_ONLY,objective,130,0.1372096651258482,0.13251161828679991,0.004698046839048273,2.877946430922127e-06,22dff8ab9d675e1c4aa3f5a265141b31838cc4b6dc5084e782f725ee4aab188c
R0_ONLY,objective,131,0.13720966459250578,0.13251140608080955,0.004698258511696221,4.951177502295275e-06,2e5ff8b40c9990c9f1f2bacb7bb1eb9b48e36931177cee7026b7a717d16e9fb4
R0_ONLY,objective,132,0.13720966408135743,0.1325111881024904,0.004698475978867015,4.0309401551236845e-06,9e7c2b2868211e09bd955ad9c3c99136985a83c690f4249422d1f85774ee8617
R0_ONLY,objective,133,0.13720966465416454,0.13251101271217247,0.0046986519419920615,1.6885444043959654e-05,9e0496bc36bcfaebdce4d017d060321afdbac5184f1fd659aab473b609ef0807
R0_ONLY,objective,134,0.13720966384660935,0.13251112627642456,0.004698537570184803,8.228964810853394e-06,6820107790c5a8ee2f59ceaf442eed6524ab3995bef8de97d94fd805852ae8d6
R0_ONLY,objective,135,0.13720966328959766,0.13251091794836764,0.00469874534123001,2.9351827295704634e-06,b05cd44e4d94df62e42cc926ca97db883a201a94fb7586a48aa8b15238ca6f1c
R0_ONLY,objective,136,0.13720966296432835,0.1325108512546437,0.004698811709684647,3.1522535227711054e-06,33bdd5ae68249e80cb049c1625fc9519a1eef429ca8aa7b2604c70c4084e201a
R0_ONLY,objective,137,0.1372096626021381,0.13251078344171682,0.004698879160421268,5.278601860122365e-06,f1eae19788101daeb39afe96c5d0cf06b7bb1e32f589dba55233878077877334
R0_ONLY,objective,138,0.13720966223183184,0.13251065272811366,0.0046990095037181805,5.659978843528571e-06,6b2349c98d1f0cce9a0831e9569b9e8a898bed44409437c99736b53961422e6d
R0_ONLY,objective,139,0.13720966181260832,0.13251044243243856,0.004699219380169748,3.401192014914393e-06,bc3ade58a7519f68571f7735ceb7a02cc94e732b3f1a74aee5a1423bafcb3be7
R0_ONLY,objective,140,0.13720966155243725,0.13251033790266,0.0046993236497772355,2.2240476538700656e-06,5d8875bb255a2b7b2af38e09f51700a89e92505af83cb595ec60244795862ae5
R0_ONLY,objective,141,0.13720966136773674,0.1325102285467815,0.004699432820955261,3.001589006237534e-06,de0b88fdd6ec3817fdf9e69cc8a75ff88a304ac73fbf97f20a3944fa61e5d8c8
R0_ONLY,objective,142,0.1372096612318288,0.13251017910705618,0.00469948212477262,1.7219621102351164e-06,f85f271031e9e44a5011b65f76720408559b7d835766f3f508ed513bf5d94c14
R0_ONLY,objective,143,0.13720966108053767,0.1325100362200329,0.004699624860504769,2.1863780816106387e-06,54bb5e33440e3112b92760884205271c7880ece3dfedc39bb33b61c64ebc9258
R0_ONLY,objective,144,0.13720966085207034,0.13250990671237337,0.004699754139696981,2.6717020842882603e-06,8d6150b58ec674644a31351713e910bdd402d2bd3464251738c5e75cf503d289
R0_ONLY,objective,145,0.1372096604103343,0.13250965433642614,0.004700006073908169,1.5219484337528482e-06,5303a5e9f3445f02efc9594e797c508e109085fdd236e96c3c9374715c82f57c
R0_ONLY,objective,146,0.13720966056236342,0.13250953007075328,0.004700130491610145,9.633473686447016e-06,cf10a6dc271cfb881a7af3593c0ffa3d0dd12ec130ff4148c75106953cafe922
R0_ONLY,objective,147,0.13720966034925583,0.1325096108975988,0.0047000494516570256,3.939046138131115e-06,6f753431ceeacb599027c94f89db220e509355b739812f360660ada7fe2241ff
R0_ONLY,objective,148,0.13720966024031478,0.13250961528471084,0.004700044955603955,1.2988847948517622e-06,0a48f7ecefad0186b28c53fd4fcdfcf32cd2ff659e571ca2b0724ca2b15e7969
R0_ONLY,objective,149,0.137209660211564,0.1325096539717496,0.0047000062398143945,7.889621920902009e-07,8b663c613709dfb6090a387b51278f42c41d3e853b6f8c3f4ed7d00f7fcc5762
R0_ONLY,objective,150,0.13720966018072292,0.13250968653217007,0.004699973648552854,8.865985309333457e-07,bf6dd4aebd1bba9faf5edf41d1f620d4432dc79cd7531a44cf9411549c8e5cfb
R0_ONLY,objective,151,0.13720966011423186,0.1325097244237374,0.004699935690494457,1.1300999679818342e-06,bac5ec1df2a875c641ff6aee15f318d4ecd9ca693427fc5f1e6fceacb0f45225
R0_ONLY,objective,152,0.137209660242197,0.1325097208564945,0.0046999393857024944,7.44863838654349e-06,f10b7eac40bb8b8674711088e3fb3c5d5bb38cd605ade14ec19e26bd45fb1f72
R0_ONLY,objective,153,0.13720966009060206,0.13250972335608338,0.004699936734518675,2.3872447593694767e-06,7d9cb54a7d5f5163d56c0e5596cbdfb5a7a2e488dac637de367e50bae1f1d87c
R0_ONLY,objective,154,0.13720966002436918,0.13250972548872342,0.004699934535645759,1.4855561309661272e-06,38ab9c18d6ae37921e806c8401bb79f91e9c33b89c9c6a3d3c3a9f46b3bcabb6
R0_ONLY,objective,155,0.13720965996546627,0.1325097027567801,0.004699957208686173,8.261793579935096e-07,71d5f10eabdaccf33c90dcb437acc4f40afd216b753db965cd086d25ecf1bc35
R0_ONLY,objective,156,0.13720965990914177,0.13250965368376563,0.004700006225376131,8.951738676774208e-07,c964f8c2d14eba556a7255eb0bc6eea474f263709d99e5027a93e50fd52b5f28
R0_ONLY,objective,157,0.13720966000956134,0.13250965948990875,0.004700000519652583,5.291041980543786e-06,09d1e4562b5f77e94710f1450481c6af2a7fae314877104fa8302a8b9873211b
R0_ONLY,objective,158,0.13720965988841893,0.13250965533755155,0.004700004550867383,1.695363747781133e-06,e40bde77dde3db5b53cd4d967911854a83a93e785c4ec3ca7b7ba49ccc1b53f6
R0_ONLY,objective,159,0.13720965985836742,0.13250964263376336,0.004700017224604045,1.107501151916047e-06,774c507e1e0ee66f934c789db692c46017a4938d01b7009ccf83b008213b6c79
R0_ONLY,objective,160,0.13720965982897948,0.13250965693869626,0.004700002890283203,4.6203130126203644e-07,365d34a1ed8d91fc87c66c0f8dbf5bf4a6133bec4b7abadbc35c3f2fe7446b28
R0_ONLY,objective,161,0.13720965982033226,0.13250967619077997,0.004699983629552279,5.371901255645886e-07,e1e6a188f19cb783e9ca7539e5238cad3b8cddb9ecdc7a9487673f7c97eff621
R0_ONLY,objective,162,0.1372096598276085,0.1325097214121829,0.004699938415425598,2.614705088698788e-06,658c5c5ecf768ead418c1449075415ed7ac97800131b0c2e4157da36573d0e8d
R0_ONLY,objective,163,0.1372096598141325,0.13250969445844504,0.004699965355687461,9.86244004024404e-07,53c36438f70972e59974b2676968ce331e59f47ff9ef2a8c66eeb2659161a716
R0_ONLY,objective,164,0.13720965980695016,0.13250970353836983,0.004699956268580318,6.970048405003023e-07,63926e1103b0af1b003a9db6bb6b8057fe84d9b3dc96ea94a7ad54aa7083baf3
R0_ONLY,objective,165,0.13720965978977395,0.13250971853789614,0.0046999412518778216,4.1557958568172663e-07,6227cb9bb8d94a0c1e7de7c8997dec85511eb230c62ddbf446844308d6ec6242
R0_ONLY,objective,166,0.13720965978033134,0.13250971659689229,0.00469994318343905,4.835214247490704e-07,611c360eeea912520aab1f8742d489a13a5fd66e6b708ecaf0d1732c114ab59e
R0_ONLY,objective,167,0.13720965976197994,0.1325097056769028,0.004699954085077146,1.0256142980147565e-06,8e7d9c20c7c32bf206af0578452b19578f9e8e04dbcd2b564b593cb481a1c532
R0_ONLY,objective,168,0.13720965976668206,0.13250968540655447,0.004699974360127588,1.7190920662617065e-06,de3c17b41e95c3127aad6bf6f126d5a7f618b3c76b5cacef045ed7574fb9d1a6
R0_ONLY,objective,169,0.13720965975260122,0.13250969655736003,0.004699963195241195,5.425520853078921e-07,0e578b7692d0d6364c49e74eae6c989115c414f1d531514f65e7561d9af4fd12
R0_ONLY,objective,170,0.13720965974746951,0.13250968675839808,0.0046999729890714395,2.751418976213775e-07,d76b1706d35ab788f47171732f70036d5dab605cc14aa51667184de35cc28c8b
R0_ONLY,objective,171,0.13720965974424176,0.1325096809149932,0.00469997882924856,2.4294405387082485e-07,1794fda3dd9c4fe380c65c1abf3d8c9caf4c301ec38eaa3e6a29af1b8962572e
R0_ONLY,objective,172,0.13720965974112165,0.13250967800764346,0.004699981733478199,2.716681926552912e-07,be59ad94d20a68799bf0a4233b14e502f34147a1a293fc17a932638287328bdf
R0_ONLY,objective,173,0.137209659740172,0.13250967349866463,0.004699986241507353,1.0733651546722153e-06,f9ec7ea11669da71a5948d23f23507f2abbcdabab874bcab3ac4267f125ecd04
R0_ONLY,objective,174,0.13720965973300697,0.1325096789754649,0.004699980757542069,3.613457970609228e-07,c16ca7d5cc30ead9d9417b4bb5304026dfd949c403b5be86b1b9adfb1929f5be
R0_ONLY,objective,175,0.13720965973012345,0.13250968349202136,0.004699976238102082,2.541786121536362e-07,a5bc3439be7d799dfd5ef02dac7ef8e0ed016d69f67c635c6e692407137bae3d
R0_ONLY,objective,176,0.13720965972718652,0.13250968977372135,0.004699969953465176,2.713740259473674e-07,4ab8c4bccbd5f9ab4bbca51feef77a3a61f31407d36e46b6b75276e758601a52
R0_ONLY,objective,177,0.1372096597595185,0.13250967940127842,0.004699980358240071,3.6074002849281924e-06,1355a140776cd49e553b5057bf8b081073436f26888825c1a4090b7606757956
R0_ONLY,objective,178,0.13720965972603646,0.1325096881461352,0.004699971579901256,7.207782966298615e-07,05c90befaaf814d3d9c1e303a1a116cd01808b9f473320f34f88e3d34515ccaa
R0_ONLY,objective,179,0.13720965972329116,0.1325096912510963,0.0046999684721948645,5.507243579609808e-07,433766158d67d19f55a0f7a4d8d5b15135a660f6a229c66a1c311e5332378ab3
R0_ONLY,objective,180,0.13720965971834942,0.13250969275675645,0.004699966961592968,2.2044792107866053e-07,cc47be46081414171892dd290a3b51260b6a736c4ac81de8eda433904ef7d047
R0_ONLY,objective,181,0.13720965971635915,0.13250969142838806,0.004699968287971083,1.7778540747903627e-07,312412a1fd0d6a06bffd166931c0f40a8219a525c2684504855d0bb0c192ebfd
R0_ONLY,objective,182,0.13720965971459512,0.1325096903668921,0.004699969347702999,2.1151823488282462e-07,31aead4bc7a9e9c64d9eb33b682135630a3780fc4cfcffe0cc6960547d5c69ea
R0_ONLY,objective,183,0.13720965971984656,0.13250969242198618,0.004699967297860366,1.3005059515659497e-06,b8dc425d7190610f309980cafdd21840c01f6eb3e1873ca6ff1eedf20e7f6148
R0_ONLY,objective,184,0.13720965971367227,0.13250969093756185,0.004699968776110431,3.4197353699067126e-07,8c0ddc2cab0d4adc6f81c89a9a2f0edbc618b4855085f3707f655cb528bf46f2
R0_ONLY,objective,185,0.13720965971193752,0.13250969088567077,0.004699968826266758,1.6960680943036268e-07,d6dc6775d5807faa31355a3c3a9c7badfac9b54355794285d2b29f0cba953e47
R0_ONLY,objective,186,0.1372096597108377,0.13250969200571433,0.004699967705123383,1.2663854952170486e-07,0314dc4caec9040d4ea7447382dedb4d6d17d89a03ce0e58143b73a587f6c7ba
R0_ONLY,objective,187,0.13720965970972152,0.13250969270418653,0.004699967005534977,1.4388936985477204e-07,62d003393f46aa128205b65893319bc058ba53fc6e76d783bd0221d63fc12651
R0_ONLY,objective,188,0.1372096597081193,0.13250969402352397,0.004699965684595325,2.590512355371558e-07,3c95849977d5dc62dd716419fbbc06038dc472dea252aa622cc7c64e0e72ad5f
R0_ONLY,objective,189,0.13720965970724155,0.13250968755088194,0.004699972156359606,1.940217728602037e-07,25d6667d923b291ec770b28748891d1a4714fbe26d795a93298e20a8b12fdbc3
R0_ONLY,objective,190,0.13720965970645232,0.1325096891721353,0.004699970534317025,3.4161734202516016e-07,bcc3db54f3f27ccffcafb091dc0f98d005656bfb1f672f19bc9568a2ff4b4110
R0_ONLY,objective,191,0.13720965970599064,0.13250969047675862,0.0046999692292320145,6.67582557934447e-08,e78b27b4f61345ae30c560f328c1c0efa565275187fb3f53fffa944bfb9d0a94
R0_ONLY,objective,192,0.13720965970589477,0.13250968980987765,0.004699969896017128,6.768295303189418e-08,f98bb87cbab577b2607336cf59593ab8416575de2633bb20bca49c577954087b
R0_ONLY,objective,193,0.13720965970551197,0.1325096896386026,0.004699970066909357,6.012516403657392e-08,20e7abe3abf8daa3843ff6811580a2157656248471a68475c0311b409af91490
R0_ONLY,objective,194,0.13720965970469648,0.13250969138054794,0.004699968324148532,8.806984567272263e-08,0ec9e18923118725293e15ebab695abd9f5ec517fdaa64d3a9f312899570e424
R0_ONLY,objective,195,0.1372096597068799,0.1325096938159038,0.0046999658909761075,5.841528652196768e-07,09703ac33e34b14a1c7872e8ad59de3c97d9d3f2bde05eecee07f81e9d1d16d8
R0_ONLY,objective,196,0.13720965970441207,0.13250969199700272,0.004699967707409355,1.4889297548288784e-07,683814f030730a0975352b2e45529f4ff1dc8d7b3d8904da59ccbe269f8cac97
R0_ONLY,objective,197,0.13720965970396454,0.13250969430084558,0.0046999654031189666,6.402293100383567e-08,498e029e35d8bdc4666dd75ec5cdefac73ac4f7198057a503f94cac129ea132d
R0_ONLY,objective,198,0.13720965970373922,0.1325096964861952,0.004699963217544019,6.572276529069663e-08,36fc09a1e0d74bf42f112b3aae22e9e2b8510dabaa6509b90f173993c36ea046
R0_ONLY,objective,199,0.13720965970345514,0.13250969745548247,0.004699962247972684,8.233123188027595e-08,3a4be2e6a822886eb44370053085e9cafdb440b7e2c13a1b6318623b2a3d84f2
R0_ONLY,objective,200,0.13720965970305396,0.13250969871311513,0.0046999609899388275,5.3520192335978134e-08,8bcbf8d906c742d3f49e115db9acc7dfc8751057808f319ec70abb28debed2d8
R0_ONLY,objective,201,0.13720965970280352,0.13250969788682654,0.00469996181597699,4.8132862048993386e-08,71a45e77e74aa84a3f99b92287bd06d42fb91082c23668145247a55181d5d043
R0_ONLY,objective,202,0.13720965970264742,0.1325096970812585,0.004699962621388925,8.741414481339416e-08,e4f1a64f330f389f94d7756ffce54f30a3879ca5f0b6f4db964bbbd8adad0468
R0_ONLY,objective,203,0.1372096597026988,0.13250969603750637,0.004699963665192423,1.9854421198878942e-07,e0700af53783797497c3b39d50c5a3ec1b4fc8e7b23880f334780c7e76c5a3db
R0_ONLY,objective,204,0.13720965970260304,0.13250969665842993,0.00469996304417312,5.459963110449546e-08,cc79c95088139c4c176072626ceba621569730b36e0fca79a4f6f69010e4fb91
R0_ONLY,objective,205,0.13720965970257315,0.13250969671265506,0.004699962989918085,4.220233370558706e-08,3a15b23e9c7b073a5efc1e5f6241ba68d471ae1c1739cc2f1749a6e0f717d1cd
R0_ONLY,objective,206,0.13720965970249352,0.13250969697217718,0.004699962730316345,3.6484459581662344e-08,a7fed74dcb1ac832b29a917ddc1c872bb9f1e5f7a3ed889b080f86c88dd255c8
UNION_s1,objective,1,1.3857607605189974,1.3857607605189974,0.0,3.166400223110324,4b39c64bbb665b6806871c126c8edca4d7c9046530c00f64a58a52579a7f1f2e
UNION_s1,objective,2,0.906879606960348,0.906829606960348,5.0000000000000016e-05,0.18773610607669067,3fa353dea5f7ac1974054a8f7c710d590c2bbece9ebe28d4df3a31212dab5d09
UNION_s1,objective,3,0.8969813386982033,0.8969361080432535,4.523065494974791e-05,0.17109355278614166,af157ee570687c2ac48eada49c25cdede0ccd43e2b0a7b89b6b049098918ca51
UNION_s1,objective,4,0.86875135193631,0.8687221574528506,2.9194483459381512e-05,0.08440065120310332,3f5f50ef6a40686033ef3ef23b1002880c1aa0531d0c52b0eb4553fcdc2bb0c1
UNION_s1,objective,5,0.860541274966993,0.8605196126243367,2.1662342656224104e-05,0.10307680567015455,a7df5fc305a7a3ad86a27b2a92d41eec672a253300c62a6a70286e93a7327230
UNION_s1,objective,6,0.8548110094259802,0.8547846696648196,2.633976116065464e-05,0.04688010832143013,ec2516235079665c4cacd5c02e797329241190898ff1d0ca870eb8d0c4284887
UNION_s1,objective,7,0.848354448041139,0.8483173416879028,3.71063532361941e-05,0.026517520522398166,45c8592be55cd33e57dffc4dca67021d4171640547f9c9928891ce9c389cdcf9
UNION_s1,objective,8,0.8439843792539046,0.8439282714630882,5.610779081636299e-05,0.022597433358530615,0db74e2f115447a94d7724728af6153232c954c9afcf59811541f58a8fcbd802
UNION_s1,objective,9,0.8395002122638863,0.8394141876062136,8.602465767266416e-05,0.02874703393107597,2092a6be7cf94a62c1c5fc4bf388c4fa294ffe55019b3e51f45d69352bf56b9d
UNION_s1,objective,10,0.8356451204011901,0.8354697017919016,0.00017541860928845738,0.034083031036717844,af76b2c5e6729b287b0bc5200e118a106fc7e2f0e4261b25556f5a40739223c2
UNION_s1,objective,11,0.833667607299721,0.833486181948933,0.00018142535078798585,0.014012705940966867,23450861d888f49e05c319694570c4ebaa531f544ddb4cfc677ba933ad8c7914
UNION_s1,objective,12,0.8325778926817343,0.8324001441822563,0.00017774849947803693,0.016519867677781946,99067c262a3a4fb419636ec6eb4f5ece6813a8bf8a48ed69ab8f86b3ba0539b7
UNION_s1,objective,13,0.8314623968832414,0.8312765394138786,0.00018585746936284662,0.022529910055761646,f8474e65ed5c93f76d7393df331aa5697aaa7fbed4d8b73fcf8d9408da6f226d
UNION_s1,objective,14,0.8289644290879783,0.8287232801206292,0.00024114896734901185,0.029754632124756056,b752f8af989234e971c7eff6e01107bd312ce761ae9ffa0438c0c53a050fd0c0
UNION_s1,objective,15,0.8250991414912007,0.8246949195506346,0.00040422194056615785,0.027872635545760666,6b0f5054219d65eafa2f257dd4ce13537a30b196cee5ef0e42010ac4c9010b08
UNION_s1,objective,16,0.8196168471472158,0.8187806520508624,0.0008361950963535162,0.035030948346699405,dafbe38b8dbd249c9a9440b94b61fddb012ebbd61eb8ed386616b9a936e75543
UNION_s1,objective,17,0.853260673972118,0.8516926216193836,0.0015680523527343447,0.15920316554498182,d892d6d9553ec8963b9d4e26508511f97cebcc7769d87fa47fb3f9e0fd93921a
UNION_s1,objective,18,0.8190610302519693,0.8181633441353418,0.0008976861166275859,0.020293341001082602,b5d05f0d098949c1f2a29e68c77302bd0c30c007bae5db918034ee2c9088e001
UNION_s1,objective,19,0.8177697186235864,0.8167114111193615,0.0010583075042248271,0.01042270635922832,2e7609476295920bfed3b101e4fc137eff6bf60c21dae39fa6bca1e04c860172
UNION_s1,objective,20,0.8169727657407159,0.815829347693389,0.0011434180473269113,0.007073463416889153,a41dc0370b9730d8b2420ebeffe759dccf80e5ffa88b3c71a1647b0130ca5a6d
UNION_s1,objective,21,0.8162231155237862,0.8149695606373295,0.0012535548864567399,0.009337040282208891,78b83e6751807eb490f8f7b60f4fdce8caf6bf261b47d87353279097bfb2e690
UNION_s1,objective,22,0.8155807464720685,0.8142283783593764,0.00135236811269198,0.009591590412458216,f48f1422120eab44296466e71235818ca5c634086e1963e7e7e29df66c076eb2
UNION_s1,objective,23,0.8148359997840365,0.8132101721033849,0.0016258276806517251,0.01836696256737622,0b0ba28b2e6cf6b5a7d754908dac41cc96a7679e151a95bbfa6c64ffb574a2d5
UNION_s1,objective,24,0.8139004660305349,0.8122670537566492,0.0016334122738856898,0.006537377247530715,b85c22bd17c055ab9439729bd369557489a04d9a94cf2534b8e1d8a4a49371ee
UNION_s1,objective,25,0.813389822527156,0.811724148487924,0.0016656740392319983,0.00533912555617018,f8ff42123655d6e8fdbab3c8f010b5dffcc2d0235aa1fc0a475bbd2cc36f132b
UNION_s1,objective,26,0.8126208524231755,0.8108556957184274,0.0017651567047481196,0.005665757416307335,e713b3ed876a7ad6d19cf4d72ecf0e26193d5400d67146fdbce14aaeb638be12
UNION_s1,objective,27,0.8119796975390662,0.8096566034958879,0.002323094043178342,0.01747340024248694,d1cb6723ac099d14e8cbe5eb6e503080733b2c77bb6053e225ed6c79a87a3a3e
UNION_s1,objective,28,0.8110242971585999,0.8087212494874585,0.0023030476711414075,0.007094374727304531,1d424384ef2a1e39747056a36a960f5755f3b18d1e36b6a794f2819057746e10
UNION_s1,objective,29,0.8105329884458096,0.8081175829884247,0.0024154054573848295,0.006881203014895082,4b00bc5bc88c2012931e1c0866c2faba6f26ba62c8416e28ae970743d591796b
UNION_s1,objective,30,0.8101986112528854,0.8076577247258242,0.0025408865270611716,0.009490797926969755,817470abcf3011da2b30bae3adc2801cb889f1a92cc6b95423427fb6aace7dfb
UNION_s1,objective,31,0.80977898981044,0.8068898579467736,0.0028891318636664323,0.012161271755774491,312c13439c5715b96407a557f451f753ca9e8f1848db98e57f0ee02048aed27d
UNION_s1,objective,32,0.8092885256272999,0.8062031867748605,0.0030853388524394983,0.01121547148598899,8e01b43596602e47136769d36ca9691269a82d6c4d59abb2941dee4350c4fd7b
UNION_s1,objective,33,0.8076532575176866,0.8037683346081568,0.0038849229095297704,0.005570755935770805,2be381ed261c5a787ed5032bf1123c232e7cdb6c6ae1f67f3a19d2a42cd8fc1f
UNION_s1,objective,34,0.8070691002344632,0.8027921253831997,0.004276974851263565,0.0054868845984089145,8a8dfd095f204b9f112112a8a6f2f00da3423f44405dccf9b5f597e7f556912e
UNION_s1,objective,35,0.8076212437581063,0.8027785196459913,0.0048427241121149,0.023811357764103452,97f6f65c47af89560d72a7e3cf35eeee87cd594207c45c17343075d040a9a70f
UNION_s1,objective,36,0.8069299702932962,0.8024861201238376,0.004443850169458589,0.006188145183756167,b6da52f06b66c3279ba38fa8d803599396b96998b9eda906568a5999096d6d3b
UNION_s1,objective,37,0.8067434634650035,0.8022387031936106,0.004504760271392891,0.00398725972748798,bc494390ced9fededd95b0be5f4fc1b4a7ec12b96ed5fdab4810c2d22e0effb5
UNION_s1,objective,38,0.806579027631272,0.8021106472574298,0.0044683803738421865,0.0036719705845756844,33bb517df84287d51e1ddd04d70424b14aec58b5c93b4f48ab865d5fb3e02d55
UNION_s1,objective,39,0.8061329650453584,0.8014945552084173,0.004638409836941066,0.0046689234474274165,37f1272f0ee726fa1cb6e8575db77c4415eedf5fe6abffcc332f748059beb7ea
UNION_s1,objective,40,0.805749966600562,0.8008816097779837,0.0048683568225782025,0.003415814461399022,521c252d037d0a4ba8b5dd524085af76d60ef43d0925d5b7c19bc789741082b9
UNION_s1,objective,41,0.8056765876083045,0.8001750992186899,0.005501488389614594,0.015165284793808985,35f7b2c2c62c38cada47685e139306180b7a7b56ab73d3752026b66498435fd3
UNION_s1,objective,42,0.8053972867239023,0.8000164763985025,0.005380810325399782,0.0030461955826804744,8a72fc9c2624cf56eed73e8dcfa901297f0f7bb75ed47a68cd53522a11a3c058
UNION_s1,objective,43,0.805343941958663,0.7999605939720521,0.005383347986610854,0.003147559963475128,d41d2e8893b1457f9025055567593f6e65d0702e856136a7c0fe78b9501b9015
UNION_s1,objective,44,0.8052180949011546,0.7996506106627156,0.005567484238439054,0.0046934480778312235,8edd5f9ce993d4ae10da02bb861e676f0d3e37c72948e583742334d3e57aa3ed
UNION_s1,objective,45,0.8051319400829068,0.7995183065535915,0.005613633529315322,0.004257202755702075,fee9fd7577999f0352b9bfa567f3eb2b8893cd3cbc9c17406b2dc3c8cccd329e
UNION_s1,objective,46,0.8050217272462817,0.799092618108636,0.005929109137645825,0.0031651004532799085,dd02ad31d6d0321bd0e8781d86196e7f5296aec977d868e1c2ba64656c2faed2
UNION_s1,objective,47,0.8049525712707551,0.7989891328022004,0.005963438468554731,0.001967745866251285,a907d0990a2a60bd40d027d2d11de61987aa08ee9c9fb1e1dd3789294267de02
UNION_s1,objective,48,0.8048836570613265,0.7989182010570335,0.005965456004293011,0.0018180746490189545,bf3c267a2f041633b9aab6e5e358c0bd8923ba3663737f39fc33885bb04c94f2
UNION_s1,objective,49,0.8049699906393032,0.799081169951881,0.00588882068742219,0.011317046189991437,b023e0f38c4dbd7476f34bdc8346ca8174d33f9503054e2efdf527185fe660ff
UNION_s1,objective,50,0.8048634758085254,0.7989216289694494,0.005941846839075997,0.0031103516089005046,ce0d95ed70e23ef6288c6460af12beaf0f9c272462bc074c46bf516a38eb96a6
UNION_s1,objective,51,0.8048267856494361,0.7988958317276293,0.00593095392180677,0.0027233408629367376,e09e5be908ec3fece58824277cf6462e7e129156f1a3cf1e6d22aec3cffdd756
UNION_s1,objective,52,0.8047174298063415,0.7987883932510258,0.005929036555315729,0.0022202610203612316,7ef4f0d2bbbfa5834774d027890564961a8b8486d78154f087a5c41bcd86c955
UNION_s1,objective,53,0.8046181508241467,0.7986386121674447,0.005979538656701978,0.0021078601456131192,9702f6b051bd62064ce5603acba4c472128570760c97783bc903d8afc387c683
UNION_s1,objective,54,0.8045098676663867,0.7984008154738104,0.006109052192576242,0.003648497012655672,3a17dabb1776b4ca41d828bf23f96ca29b0359a59b56b0fb0322b68f6a300015
UNION_s1,objective,55,0.8046441407537687,0.7984872054076372,0.006156935346131458,0.014255017999844497,2cd3fff5d2c8dd8645f8ebebbe975b58f9b41ca89dc8ec5ac587edb965d5f1ab
UNION_s1,objective,56,0.8044649553303546,0.7983422724039769,0.006122682926377661,0.00309496048510186,f14245aa058b692297d618311df1d8b2fe8c49c8d39fc953cdb8086b8508ef07
UNION_s1,objective,57,0.8044239390151494,0.7982404957930508,0.006183443222098662,0.0015916590086414817,f2454278f404fff82ef0bf72a071aba5d83a181cbc64647755ecf983420d14d0
UNION_s1,objective,58,0.8043925603910326,0.7981714547381276,0.006221105652904963,0.0016141248121649843,4f42986c7d06f947b6db214dd82cd6653c7b81543520696860275ee75b205955
UNION_s1,objective,59,0.8043577267085862,0.7981306670117984,0.006227059696787865,0.002177653897801335,0d5c2a2e7fe0a4f2bd054676294b12ef6d62f5358f82132bacc7a241cb933844
UNION_s1,objective,60,0.8043226116934377,0.7980199165175705,0.0063026951758671295,0.0017818314947923874,486f5a2d442132e29bdee5411e2aa29a4551f2ac143f5fc7c241857d8991db16
UNION_s1,objective,61,0.80429611296087,0.7979919830852599,0.006304129875610176,0.0012558188433839288,b772d0333da6c291c1c295dc009e0786f783c94a9324012a7489e34f280fba78
UNION_s1,objective,62,0.8042697215173784,0.7979349791296312,0.006334742387747247,0.0013870797371407693,dc3619da5ad724a6e901e7de277626e6643b3b8793259212609db98214f5d41e
UNION_s1,objective,63,0.8042334774634597,0.7978265431150319,0.0064069343484278625,0.0015895811961565312,7f74c6d2dbd1dff4f4c6eafab97f7ec97bb32c27d7e807e15e4b25b6cc371482
UNION_s1,objective,64,0.8042270034520669,0.7975780878913282,0.006648915560738709,0.005041374680953839,b71af18e18f58c18b2fa2f915c4c7f4b737be7998a273d0234e8221c73e723ff
UNION_s1,objective,65,0.8041814683380841,0.7975903298731555,0.006591138464928674,0.001329083820964195,e94243614e5bd5b12d81ea5229e60181275ed331c3cfbc57efb772a02843ab98
UNION_s1,objective,66,0.8041686270775599,0.7975648074019174,0.00660381967564254,0.000986664195214545,eab65bda14ced1dd93aa378f2ff8c2cf4c68d329163b94b057d251ddb043fc10
UNION_s1,objective,67,0.8041593189624133,0.7975242265312155,0.006635092431197825,0.0011463431982889323,9b4c919d6bb74e8130ba7af4609a450fb1818b546dea5e37f8c6bdb8150a05c4
UNION_s1,objective,68,0.8041588293119866,0.7975120163518216,0.006646812960164956,0.0036715387882493675,298704f07460a4ca6b410da56c4f7fe2a7855aa5d4091156d69167207f902ec9
UNION_s1,objective,69,0.8041537744180685,0.7975127402346178,0.006641034183450668,0.0018383522712952561,1ebb3d66208c9eae70d75232c3be9e2c52eb339a01b43444dd0de5d8533992b3
UNION_s1,objective,70,0.8041450220715978,0.7974683903914223,0.006676631680175568,0.0008887352713079139,de10cbc7c13781a6e43a22a48c365d9ec41cd2fb4abbfa6d87249956963f82cc
UNION_s1,objective,71,0.804136793671913,0.7974475223880579,0.006689271283855119,0.0007262740908354182,ea2e39a5dbe9f42aac02015e42ca68ef1b2ab7aa89a643e5241ef9535591a609
UNION_s1,objective,72,0.8041289786705239,0.7974460813790849,0.006682897291439031,0.0009738708583703022,ec8f46cb981379121807c5fdde129b75dd0714554fbb137538ea42a1357abcfe
UNION_s1,objective,73,0.8041141297278488,0.7974366852388508,0.006677444488998005,0.001023681795421623,1bcd28ed699e92fffdd39890ee993fc6641f1c61e0cf947ecbae6b5b752dd3e2
UNION_s1,objective,74,0.8041071809550775,0.7975554117633072,0.006551769191770197,0.0028628822692258605,509e2bb75e6f55c6eb0bc9d78b8c7717d8dd5634176ffcdb5b2b57e30308ce46
UNION_s1,objective,75,0.8040914171160709,0.7974046299725612,0.006686787143509676,0.0014654817764133655,280709d28773246546ae89b5d5e0c99a5e39dbed3ccb886ac7132a65d9ec8bba
UNION_s1,objective,76,0.8040802824809588,0.7974254138109008,0.006654868670057909,0.0005565107941752998,16e2df967aaa0cc8bd73b22a50b0902c3d49f5d01b94268a0a291c3326ea5080
UNION_s1,objective,77,0.8040764280580195,0.7974345853930177,0.006641842665001782,0.0007176956266596631,ac1db50baf4776d43049aab8ec275fca94a9bfb67e8856bfb4a34088aedc0b7a
UNION_s1,objective,78,0.8040706146374014,0.7974349487312047,0.0066356659061967225,0.0005238617120992383,8d76e569939200d29426a2b5d84b205e3d9699f6b84ff18456f1c7684e17d383
UNION_s1,objective,79,0.8040646865388116,0.7974248207689919,0.0066398657698196265,0.0005922330101591813,80150f9a457b8ce5721d84ae6304f8ba36a704e66d207bc0ec68be764192a296
UNION_s1,objective,80,0.8040566561470699,0.7973946574714268,0.006661998675643126,0.0010678881654639352,ea48b282daf3f12505a918f5e2a0c6dac8609638887e51dac3afb2722216b549
UNION_s1,objective,81,0.8040543613756787,0.797378307000301,0.006676054375377652,0.0018500299750437003,9494d91b4664041b6cb2ec29878138184ec9dce11d09e5c4f1ba8bcf0da73bba
UNION_s1,objective,82,0.8040499778352244,0.7973621656951554,0.006687812140069001,0.0006897547228865381,1b0f0f04b852d52a5c168e1eac1cc93f9e936aacf5c721e2fc447d86c4ab907b
UNION_s1,objective,83,0.8040476510792384,0.7973498314747482,0.0066978196044901,0.0006024364267311276,d6ce98b776755517719dbfc4537522752019782883d0ea4b989308c0978baca4
UNION_s1,objective,84,0.8040448795127775,0.7973314548775614,0.006713424635216022,0.0008643580038439268,62a2a44fde6f30030462897489689ffefac199afd9ade83b2735f96423206f53
UNION_s1,objective,85,0.8040409308373795,0.7973059884949576,0.006734942342421924,0.0009325904807822988,7b916085f1f18bbc8245cb64d3ea1ae50adf5afacd65b4b7a7c75d04addf79e3
UNION_s1,objective,86,0.8040333756650967,0.7972689271444281,0.00676444852066865,0.0007608526980888618,74d8eb260ed5432b91317f9c42c7f6a52c18486ce2e9f29778cddbd340f26123
UNION_s1,objective,87,0.8040480500672244,0.7972324974864835,0.0068155525807409,0.0022704788870605494,1ebd0a1f50b31fc85fd1e94d0f8a135bc90ab9daf12fd73201bda399599d57c4
UNION_s1,objective,88,0.8040297049264853,0.7972505001623852,0.006779204764100084,0.0009823990882290837,42a03147cdeebd71c6a487a164ef91c6bfeba952bd696449b0b0bf961d5ed0e7
UNION_s1,objective,89,0.8040228304694801,0.7972221233049841,0.0068007071644959624,0.0004842758956221522,1174737a008351057bec0d5b75835c71bd81e1644901ad9a43a5f4623e4412b9
UNION_s1,objective,90,0.8040205175082206,0.7972209024656566,0.00679961504256404,0.00056263154598581,853344986907f5c0e439c7f3cacfbf1de7951bb44853516d634887ca7d1d4c2f
UNION_s1,objective,91,0.8040187517916909,0.7972265880414928,0.00679216375019806,0.0004450705686880722,3fbc556621214141975ab5101386325f5e0c5d21388ce8b1cf1c0fda7ac1726e
UNION_s1,objective,92,0.8040166837701309,0.7972274051158861,0.006789278654244811,0.0004279200644888395,fc3ee5d0cb004e224eb47bcc229c6a647c5521e30ed60cfdb80593ce115f268b
UNION_s1,objective,93,0.8040123764359135,0.7972142684974152,0.006798107938498328,0.0007843156467045888,accc5e56cfc515a9af7051a4e6daf95a43a15563381b6d5d0ca31c6be27cbf1c
UNION_s1,objective,94,0.8040094858033149,0.7971960497045755,0.006813436098739439,0.0004090141431704912,473cdbed5ecc5ba38fd86005ed340157db51a8249413f9a26b1f26871efbc700
UNION_s1,objective,95,0.8040076330313316,0.7971716568927899,0.006835976138541713,0.0007535530400723563,0a657c539c5abd791ba35df66efe45ce86c580d35071262c3166c0c2ab178299
UNION_s1,objective,96,0.804005450822866,0.797153409807046,0.006852041015820001,0.0003824033338619695,1658d9485cfa0ce5d5b6086b425c912c7dbf9436bbda04f8e3e3fd5e4c559fce
UNION_s1,objective,97,0.8040045811711587,0.7971492768624697,0.006855304308688976,0.0003024110366790518,b70d46e7ead222153c12c5f2e2e6c93236f6c2fa7f95b4a7dc8db41815e8e439
UNION_s1,objective,98,0.8040029045745374,0.7971390055135446,0.0068638990609927964,0.00021087086116557902,e15d64a4172e21b8a8fd7c87489b2db6674c01470b44168caf5dc25b328125a2
UNION_s1,objective,99,0.8040007749819543,0.7971256900557037,0.006875084926250622,0.0002616612068709541,9dd5f923e42558f729c789161b11ae72ca6f86a05318fd2038010f41d89d4f22
UNION_s1,objective,100,0.8039983742920761,0.7971023038708247,0.006896070421251403,0.00048139084549747574,c6e80a2ca3b6894748c620b7a12ec73eedba28dc1ee36d426c7dbbd95fb7fee3
UNION_s1,objective,101,0.803996221877417,0.7970871310110867,0.006909090866330328,0.000263714978122643,b6e9950b9b3bf554179341e70499b664308cea299cc93beac5f6f0434baff665
UNION_s1,objective,102,0.8039948611263139,0.7970755612575028,0.006919299868811178,0.00045546006492996964,b3a24ddbc2ca32aa5d730db7eeeba8d176397503d25a6701cbaa6f75488b0e53
UNION_s1,objective,103,0.8039941985838517,0.7970744749224239,0.006919723661427835,0.0003469352968936457,f8f6f4af834f33d98bcde9b706c4966808c30105b57eace4a1e20085d8c1210c
UNION_s1,objective,104,0.8039938996395415,0.7970764269728065,0.006917472666735065,0.00020964710841780173,10a4ef1772e425d4806284c6fbd3ce355045e47f95abff0b0ec5a5934d0c4b5d
UNION_s1,objective,105,0.8039934932808595,0.7970764470570593,0.006917046223800185,0.0002093753764187946,b4250d15797348bd47a4f5b3a1f178666b817cd86887df817c7c6a62057915cc
UNION_s1,objective,106,0.8039931252559641,0.7970723149297044,0.006920810326259632,0.00017622439615101382,4b9f09246808d3fabc5a907941c8c6b914604428a0d8168691a11804b7005fe5
UNION_s1,objective,107,0.8039928747374444,0.7970569913231808,0.006935883414263605,0.000643237156743283,0c2a3c8345dd9f8fdbb7c07693c92f90bc0e02bb95fbc46299dfddfb2689b022
UNION_s1,objective,108,0.8039922653491791,0.7970546360646497,0.006937629284529423,0.00020812846224786157,d845282c7672ce0b2b37aa604840df2bdfcd807dfd5aad6e49c40b411511e6a6
UNION_s1,objective,109,0.8039920278367013,0.7970540170065773,0.006938010830123976,0.00024024063457274916,7e3496289031ecba27d53b28b35ecb23c23551844bc49ff54673be22ac5b2407
UNION_s1,objective,110,0.8039915327312779,0.7970504426920051,0.0069410900392728,0.0002205935268790993,868a4b654cb8a85706ad57957b69f87fcda4aec946632bc008e1c441764c3f5b
UNION_s1,objective,111,0.8039904181378064,0.797044485936986,0.006945932200820399,0.00018831969065180064,6de51f7824f1f35533bbb6c13112ff813392535620b7f990fdc5decaa161cc93
UNION_s1,objective,112,0.803989747095391,0.7970266895130211,0.006963057582369831,0.00041003970266378567,9d9f57993c5d07dc6e76c6b2ee131d6907f0ed52d2174452ade66c7166d70d2b
UNION_s1,objective,113,0.803989080611534,0.7970264268928235,0.006962653718710453,0.00024060584377864726,78ea600570299f9dd144f07b1399eacce8dfc4c2cdf743a5203063caaef8d6ee
UNION_s1,objective,114,0.8039887050454025,0.7970256038349335,0.006963101210469008,0.0003092942617532953,633be1d7fd4dea81fea95e470e503ec0f780af65c99c79898d671d9cfdd6c4c4
UNION_s1,objective,115,0.8039884063451306,0.7970222460735186,0.006966160271612016,0.00012880197134356662,e6f09d935925574b1604836113f321dff632355d3a54b4a43b3a7f1228ad584c
UNION_s1,objective,116,0.8039881926982108,0.7970194407191454,0.006968751979065295,0.000104146483347141,89ef94d9e852c9f9c4e89dd690f4e82229da4b2967c9ef108380db1c3142d6d8
UNION_s1,objective,117,0.8039878459744296,0.7970099633539712,0.006977882620458442,0.00013741612105349342,4eebfddede7aaf9cec539910a45117d06410325ac134f1c44d02f4e274d58d0b
UNION_s1,objective,118,0.8039875230556113,0.7970017338488259,0.006985789206785406,0.000140346061908657,54928d454ffb6112b0485c223fa2b587eb3fa6e5e36de2520ff2d6f47d94d9ac
UNION_s1,objective,119,0.803987110424506,0.7969881345728501,0.006998975851655857,0.0006473804332263216,ab06c5beddad3bbfb4d3b44961b3c7fcf986d643c3c95189abe5f0557c2de7a0
UNION_s1,objective,120,0.8039866260326163,0.7969776235882817,0.0070090024443345686,0.0001848771279245296,9d12776227d5a7b8f9d1bf3ead9acb80cfde993c343de14ec0d1f3c73b72e1ff
UNION_s1,objective,121,0.8039864664692199,0.7969826924502312,0.007003774018988621,0.00010068142311379679,d75a4ba5cfb9f9bbbe2431d2a60e957e7ed8bafac612caa4505a4f87a7c2940e
UNION_s1,objective,122,0.8039863076816436,0.7969864566388061,0.006999851042837557,8.776956996802022e-05,4a08584acf6400c2d82545c075da5a302cc9794a11c8867c937743bff16bb9c8
UNION_s1,objective,123,0.8039861014517616,0.7969888144842241,0.006997286967537589,0.00010655031295984643,26f2d6db427fae186bc9bd8bce62c55aaa94891f5d442d24e74f10cba13bb3e7
UNION_s1,objective,124,0.8039857796892199,0.7969900697401183,0.0069957099491016386,0.00012099263317180066,3c69e2bc47a9348b7d01153f6dc9324d5cfcd1ba0f03ac423f5dbe62cfe52348
UNION_s1,objective,125,0.8039866905009894,0.7969994913050298,0.006987199195959585,0.000929409278073936,1d306f46304aabb4b7111404c21aa1640c0df93af49b51ac4a2c1f1884a7ebde
UNION_s1,objective,126,0.8039856750053455,0.7969920403480617,0.006993634657283717,0.00023537712981855,9287cfa63247e938e7d816e1ab6749e3953a6540901248b34aec66a664ad11ea
UNION_s1,objective,127,0.8039853983493058,0.7969915575174221,0.0069938408318837506,0.00010538914226908822,40e63e91c7d5880287147aba6d74f80b15efa0f653626f8ed50fd0f3a3d5b7aa
UNION_s1,objective,128,0.8039852258650018,0.7969895217966834,0.006995704068318344,0.00010673934387509228,7487fa2e0f9c8a1e9a6fe26a2cfb4c68593286969b3943aefb9160e6ecbf5949
UNION_s1,objective,129,0.8039854223937904,0.7969983308444375,0.006987091549352962,0.0006230224726691309,182531aa86b82f42423be21edd3887813d61f88733613fba3e34ed531586d715
UNION_s1,objective,130,0.8039850883891828,0.7969927576422833,0.006992330746899572,0.000266089573694157,0c91bdca3559ccbc26debe940e8e86be0bcc4b1938664acecdea4a59e3600cc9
UNION_s1,objective,131,0.8039848973236258,0.7969921440693387,0.0069927532542870445,0.00019698126546624154,7352db585f35f2b8ac4ad60e36f234b854b5ecfca8d23f02f3391dbc810e478c
UNION_s1,objective,132,0.8039846409125495,0.7969921679786435,0.006992472933906011,9.339686113562885e-05,9fb77a69d60e98ab44d834450bc4cb7c7c849cbc8c349b00165267749a1fcab0
UNION_s1,objective,133,0.8039845308827323,0.7969949732024237,0.006989557680308496,0.0002405275226832685,292fcdaa65266393e68187649d6243ecee742099a60cf1ea64f49762fef94bdd
UNION_s1,objective,134,0.803984395213906,0.7969974559889323,0.006986939224973662,0.000237692772440141,5c56fca6778e06c17f1b1182fa557eb92bdb969c1f2c8b4e914e26f0c3a475cc
UNION_s1,objective,135,0.8039843031136054,0.7969979359418348,0.006986367171770643,0.00016772090925302717,369fc9bb6829d0ed66635384e3acda605196a6f29dfbfa7ff029338c0586a5aa
UNION_s1,objective,136,0.8039840927039477,0.7969993106243797,0.006984782079567933,7.01352160178735e-05,c1615cb4917dd35311ecd90c8e7622da7b7e28eb28b757d2ec6ef0c580776cb6
UNION_s1,objective,137,0.8039839978102142,0.7969994330650151,0.006984564745199181,8.74579076229006e-05,be90c94e11ee19e9513afeda69bf551163a32f3f02ecfde645726563e465dfe6
UNION_s1,objective,138,0.8039838556162262,0.796999950360105,0.0069839052561213024,8.385964702126819e-05,15ca181d65e54d5a4d1281aa7e289dc826e2252d704e26e3b40d91a79455de9a
UNION_s1,objective,139,0.8039840217268297,0.79700348273715,0.006980538989679619,0.0004779851091481194,ed868ec1e09f1337fe7d3027146db9f416ed1ae931756b34840bddd9fcff0009
UNION_s1,objective,140,0.8039837779179408,0.7970010910656866,0.006982686852254209,0.00017179871909484514,10d1f1307e1a2b2f3b6cde8bc8ed992a94fdf23f6c1104b01ced964d7b7f61ef
UNION_s1,objective,141,0.8039836247022905,0.7970012625508696,0.0069823621514209224,9.006015955046544e-05,2dd16da72593e350d0e54fbd59976b27823215f43c52f092f926b13bf3ac2455
UNION_s1,objective,142,0.8039835171249773,0.7970021043785998,0.006981412746377493,5.849506189287463e-05,e655b839cd0f43f3638576c92bdb990abf93e6116f7f2282a6adcbe3a1c0348b
UNION_s1,objective,143,0.803983485459277,0.7970033178100684,0.006980167649208621,0.00020661787712139557,34e1ac1a5dd26df00e497030962e5b887850a33d3a9ebd2f62d4d4e027fe8f3e
UNION_s1,objective,144,0.8039833979883414,0.7970032225626997,0.006980175425641676,6.298677806625599e-05,370d0b23c1b9f06a07bf88085b7a76599637ae9382a5b777d3ed29481a1832a8
UNION_s1,objective,145,0.803983369313654,0.7970033525450787,0.006980016768575305,4.352857401584733e-05,310391171bdbdf31656b506de910aa5f7069f4cf469a44fc42f681ef37f2f537
UNION_s1,objective,146,0.8039833036692998,0.7970038278023988,0.006979475866901093,7.263901977967977e-05,ec865673ff92c40e7a7f5c8c60cd874a82759e78cc4a062081fd644365f2b3c7
UNION_s1,objective,147,0.8039834262651415,0.7970055844036882,0.006977841861453371,0.0004466701795648427,073926765f7368615dfce55757666aabad036ad518bb672e8bd50941c054f492
UNION_s1,objective,148,0.8039832893520971,0.797004214478378,0.006979074873719026,9.728525245506917e-05,3ec50a47065c82d6bad2e67a30100da747c3ce15d2c9842a907ec24d01b4ad82
UNION_s1,objective,149,0.8039832676265749,0.7970044443516083,0.006978823274966536,6.188100344038428e-05,51cf8b05e5e4c920fd34789eb9757e5152ecf0b14f52ea1a0b258eb877a7b78d
UNION_s1,objective,150,0.8039832412487921,0.797004641903507,0.006978599345285093,4.462122157470052e-05,b056cd423c07651ea5fee335e36a317e14ed3afad4e0580a5e0d0cd917c6b286
UNION_s1,objective,151,0.803983205444817,0.797004804534564,0.006978400910253052,6.13205374178165e-05,d5f59bf215762478b4e0b9fc776638f8cdc60113108e0df313e721e77bcedd97
UNION_s1,objective,152,0.8039831463151057,0.7970050082737167,0.006978138041389045,7.433320132979516e-05,b0ccd14a8f0d4368c7fe64f39ec93de27b1e87eb692cfe894e35e381bea1e50a
UNION_s1,objective,153,0.8039831109181157,0.7970048279980756,0.00697828292004015,0.00020996040189203666,8a068420f0309b11e80607edc5dc49bf553605e5dea7718f1371f630a182e08e
UNION_s1,objective,154,0.8039830074295213,0.7970053723738201,0.006977635055701299,5.853990120434848e-05,e04de29c63d8d81583c5aa53ff7c6f803396f92b9a7a2c8a9e1a9181b937c4f9
UNION_s1,objective,155,0.8039829781392667,0.7970052599035934,0.006977718235673331,3.2617434831419e-05,2ac98162cd1c465d43170206f6580d4edf5bfe698f9e09df4b8d5ed238565617
UNION_s1,objective,156,0.8039829525564326,0.7970051186824149,0.0069778338740177906,5.3041858511485625e-05,76c513b0a057e33cad2270bba8d032a97384ce26759bb73eb661dc792b6b5a2a
UNION_s1,objective,157,0.8039829282154095,0.7970052013548555,0.006977726860554032,4.502690042109794e-05,e5d5620366859bdb9aacedb2da4938a5c10427d0f3ec1eccdc22374d015666ee
UNION_s1,objective,158,0.8039828919508745,0.7970055502666552,0.006977341684219259,9.837717435336639e-05,bc4a72dcf5133be08d3375bfa0a67383f3935dd887dd3c4a1a718a667950ad6d
UNION_s1,objective,159,0.8039828453283195,0.7970059691285238,0.006976876199795746,5.5565581865551266e-05,9ea277201037e4587b0a74fc048bf45cb80531c151b0ba94d71414badf0da79e
UNION_s1,objective,160,0.8039828027093913,0.79700724393952,0.006975558769871253,0.00010280142080778106,50548759c26f0149c7450972d6ca1f293bc3ba674300642b90978acc0b2154e1
UNION_s1,objective,161,0.8039827875507265,0.7970075161904655,0.006975271360261039,0.00016334519397106278,56a42b88d86954eac6d48ce3e1a6827d153492fd416749bc0410cc5d10d8f52b
UNION_s1,objective,162,0.8039827707587167,0.7970073345704021,0.006975436188314687,7.58904508170311e-05,6f14120a1ae092b00c44c88f84bc4a133d37162d855e741ab8a424e7d4fe0cc5
UNION_s1,objective,163,0.8039827567696863,0.7970074352848959,0.006975321484790375,3.307078737065611e-05,11a8d729ae65309dc77b453dd39db8bb67194f34dd28d9f89fac0086ec633c6e
UNION_s1,objective,164,0.8039827359911206,0.7970079492085202,0.006974786782600294,5.6795744291925944e-05,ae7b7c5470f222e461b582b8c34b04e767066678f07fdd0d8f735af005c8e9a7
UNION_s1,objective,165,0.8039827210307032,0.7970085357894523,0.006974185241250929,5.481360549626517e-05,ad8e7158de2a3c6c2849df018a4d1fbb6f6db3cd5b6ecaec14a0dc7ad44e987d
UNION_s1,objective,166,0.8039827111560267,0.7970102505313894,0.006972460624637259,0.000132818538298464,a42ae03680db2465a0d818fc81b8724f714e1e18d740e985c4d5d04ce589cfd3
UNION_s1,objective,167,0.8039826843231578,0.7970102543883738,0.006972429934784018,4.403280182988525e-05,5a0c6f76b0532e1e7f2dee2d5ad989f9656b9ca106bc742964fa97d0f6ac934c
UNION_s1,objective,168,0.8039826789574912,0.7970101000097786,0.006972578947712589,2.834889879477461e-05,f138aaa65a4e5883f9394aae64e397610cd0d9ed7f145036af2b05110ab3b6cc
UNION_s1,objective,169,0.8039826707547265,0.7970101822474691,0.006972488507257386,4.00849469104461e-05,95fc469c21cd58cd874af0d0540e54c73165d2b990be9a83fdb1482d366a33b6
UNION_s1,objective,170,0.8039826611056686,0.7970105293307951,0.006972131774873523,6.386751132615788e-05,2ea20d74718611f6af03806eab3a0b70400de6ff50c829008e424818bd757e0b
UNION_s1,objective,171,0.8039826495154354,0.7970111506987289,0.006971498816706537,6.54240830649122e-05,1d94a2cd2cda6308bcc36eb8d42260030d996c8cf7ea5663bd077f1ffd864acc
UNION_s1,objective,172,0.8039826350671685,0.7970124415424968,0.006970193524671619,3.996789153281567e-05,70c0173ab1595f54cfb9c668008f7f357f600f13063c6ff90c354f18a02d2652
UNION_s1,objective,173,0.8039826193755961,0.7970132739817065,0.00696934539388963,5.210006557899143e-05,efa2a66275931c4ce12c73b27391d103bcbc0c0dcfecc8c269e8b1ec7e0891cc
UNION_s1,objective,174,0.8039826108567201,0.79701307573161,0.006969535125110124,4.469224957603279e-05,2c0dc306c06a4be2af0e5fc770cd42a93b2aa83793d639c15e817b4c318c68ab
UNION_s1,objective,175,0.8039826050808037,0.7970133654114094,0.006969239669394169,3.010767317819514e-05,4579c337e2cd7cefe41883e3e3926ebcf7338007ce7d6964c16aa4803df4eb54
UNION_s1,objective,176,0.8039825975290609,0.7970135723487823,0.006969025180278479,2.3586303639206356e-05,6511a9f397dda36424669210677b05e5fe6326c4b5bb3091b9d24e19519de9bc
UNION_s1,objective,177,0.8039825852154429,0.7970140217918819,0.006968563423560963,2.4788434304850296e-05,2db06acf9e676f06e9a68c1802267a01eeb4699a8f3ffc2852f11c7b37399d73
UNION_s1,objective,178,0.8039825739196342,0.7970144509881132,0.006968122931521032,5.41510410081381e-05,58fc16471da44ff4478ea4551d3ec82ad140bbf6510eb71ea2c3ecf3853f47ce
UNION_s1,objective,179,0.8039825617494172,0.7970153387904841,0.006967222958933062,3.171768207949235e-05,1bfaecc8ed6c341fbed30c12de3e572df0c5f073f04c46bcfbd6ab225b5da2ea
UNION_s1,objective,180,0.8039825525377496,0.7970155146779702,0.006967037859779456,2.265352152246729e-05,a35333297df7b4309ebd830b1d76a66e659704994527029fdc0331d227558eaa
UNION_s1,objective,181,0.803982539801424,0.7970160426976625,0.006966497103761527,3.750767505233829e-05,7f6b6332248d84141441d7a5a83c6022bb54cd5965796f2cfdb5b78ef51ce394
UNION_s1,objective,182,0.8039825355051484,0.7970168182204063,0.006965717284742205,6.0805018900707915e-05,5fa163b54b27aafa83790d10502f83a6d3cfb70870f3fa44def9fdf0bf38d313
UNION_s1,objective,183,0.8039825296313989,0.7970167323685285,0.006965797262870351,2.564923891823375e-05,4fb717d896181bfc34b21d47c4d0f25566ddba5d7ccc7277e5853b7471071139
UNION_s1,objective,184,0.8039825243274891,0.7970168344920303,0.006965689835458778,2.663480197170386e-05,f944d35cc4b6bde723db4fdcda592325c3b20f94bbaae2cf6af6d306671550d5
UNION_s1,objective,185,0.8039825184981502,0.7970170402713687,0.0069654782267815265,3.996507510669562e-05,2add509abb0c3fd6ee092037b4c37d82f96f04087ae251cbade58e5b591bbce5
UNION_s1,objective,186,0.8039825115226368,0.7970173197902392,0.0069651917323976294,2.4899513335527396e-05,1acc085c41556e50fd96f122a1f36833d2cdda6407d71e3f9eea92fc3199504d
UNION_s1,objective,187,0.8039825184303542,0.7970183759635453,0.006964142466808891,0.00010150899426163094,e5067d94569c2bd3edc4c5a830a0408e82ca6ba01c13f50354b19910a8d369ad
UNION_s1,objective,188,0.8039825079897122,0.7970177024908132,0.006964805498899028,4.619783141502426e-05,7790e4f981664cb073208ea5fd95c1c2eb3d68223b55c427cf8eef79d39a8d01
UNION_s1,objective,189,0.8039825030009433,0.7970177692577861,0.006964733743157153,2.2876536354219297e-05,9db1cd3931a51a4dbb87590819271921dc839f70a4078fc16f509ff9d84540e1
UNION_s1,objective,190,0.8039824978051477,0.7970177605841985,0.006964737220949208,2.944112598267971e-05,30a601611893c82630c1a279828a8039ae2eaac95c3f1092144ff565feb2766b
UNION_s1,objective,191,0.8039824955482329,0.797017728952661,0.006964766595571902,2.7469822631353804e-05,1abc83de738e6e9075a35be6853b74502cd013e4331e4fd58a076f0841bdeb6f
UNION_s1,objective,192,0.8039824893358073,0.7970178012155807,0.006964688120226585,1.9487314836730445e-05,7d4f700e764de51ad6772991a350eb8d52e10cf7e65380dac5d732411f2c81cc
UNION_s1,objective,193,0.8039824873284067,0.7970181112074365,0.006964376120970174,5.321954542957154e-05,f715a43015e7d496ae4a4ab4f47fca3b2f2f6cc415617809dab9d77d64c42739
UNION_s1,objective,194,0.8039824819926072,0.797018064227847,0.006964417764760245,1.8926240772058945e-05,0cc6c1a1f62d10fd5390f5af0f3af5db3dda592280c0ed8d0d2232aea6e8e446
UNION_s1,objective,195,0.8039824802776917,0.797018104884153,0.006964375393538703,1.5000649607698754e-05,e2aac2dbfea6cd58bebc23cf806156c12119ff0c90c5abd5e7b6bd9e0e154df5
UNION_s1,objective,196,0.8039824780418441,0.7970182048828591,0.006964273158984943,1.4937255830815138e-05,3cd682c97748560806e5ceacf6612f4e041d76470220cb9890aa28197b5562a8
UNION_s1,objective,197,0.8039824748592806,0.7970183469285542,0.006964127930726389,1.8609156099757467e-05,99858cd10d266a59814f76bbea2cb739299c912a62998f89dd9efc0458299a78
UNION_s1,objective,198,0.8039824714698733,0.7970185785344861,0.006963892935387287,2.6168776315024344e-05,7a560af9cf5c98f39d7a560bf1565baa02efe73bf89fc5bb07c552c2d78f6e24
UNION_s1,objective,199,0.8039824691187267,0.797018553961611,0.0069639151571157356,1.902321657800305e-05,1a0d3b5d40991efc139427894f49a253db322140b2f87e3469f9d5c9a9092d15
UNION_s1,objective,200,0.8039824681621724,0.7970185004763946,0.0069639676857779055,1.3272439750264133e-05,3f8a4853fdb1021df31732d57eefb95887a08876bc9a8cb04ae18f70d647036f
UNION_s1,objective,201,0.8039824668338489,0.7970184548753672,0.0069640119584817315,1.1951219866582597e-05,e60c524dc6413df6fb8a79b003936d825e1da470bc850cfa5d4239785222602c
UNION_s1,objective,202,0.8039824649841342,0.7970184436732434,0.006964021310890797,1.5577490475757506e-05,a6a2743a002d51a1c1f595bf7d2a780ab76ae6cdb5011c96f2b664316da479bb
UNION_s1,objective,203,0.8039824623643731,0.7970184448005094,0.006964017563863644,1.4003202103486175e-05,31ae48ce9d348df9e78cbae35288c36e54002397ddc8e877b8c32cf53144e929
UNION_s1,objective,204,0.8039824679597242,0.7970184481967739,0.006964019762950244,7.806531336266095e-05,638b7311315c7293939560eb0aaad5f5b38b2b8063de7af9875717a54ed354de
UNION_s1,objective,205,0.8039824607048462,0.7970184426295048,0.006964018075341396,3.1019920509391376e-05,2ab4893537e97fc8342b50e51c121cf8eba8a6d8b053ad4742a247157aaa008c
UNION_s1,objective,206,0.8039824579934898,0.7970184614527324,0.00696399654075737,1.7537157512101437e-05,a5bfbd1f017331a9844e20eafe0ee91bd5c3721ebfd4f76370fb5f5edae70837
UNION_s1,objective,207,0.8039824560984757,0.7970184772389391,0.006963978859536553,1.3545637973147165e-05,5435f15576ab5a2d9bb9a465a5ae9de5576a951ed23456d1005db2d6c8ab59a8
UNION_s1,objective,208,0.803982455404972,0.7970184457780936,0.0069640096268785345,1.0039098219077938e-05,3b49fb5f7d9da44c2126aa8e96514fc1b54c504f46b78ad319b2dee549831535
UNION_s1,objective,209,0.8039824549808174,0.7970184150918298,0.006964039888987668,7.9894834728348e-06,df3eed30664f87086c966f0f11b005996950abb3ffb27555e6e7a2bb3341f79d
UNION_s1,objective,210,0.8039824538858112,0.7970183156865819,0.006964138199229356,6.023021178935475e-06,c74f967b73b90d0bab16d3f0801aa061d9b4cb58bb3f5dc541941ee82bef7c4e
UNION_s1,objective,211,0.8039824528255688,0.7970182030580242,0.006964249767544575,7.520498458084991e-06,6aeda52d7b3dc9e20cfab4884866e8d78fb8d0c09920f93b9a74905d679fcd71
UNION_s1,objective,212,0.8039824511642071,0.797017989099312,0.006964462064895099,9.924234941744828e-06,a8130ee206af32c9435a41b4998725789418c703e21307f205f5ea50ebbc89b6
UNION_s1,objective,213,0.8039824567834872,0.7970175051468006,0.006964951636686682,8.16111264861616e-05,cc0547182e0e36eb7e04899a926ad23f70c65ffb0280812bd9cb889c88b1f903
UNION_s1,objective,214,0.8039824504315746,0.7970178643380849,0.0069645860934896865,1.7744706766238658e-05,42f824f82fb3548eefa0ecaa294854a24ed45a512a94367659c74a3ab8d4e310
UNION_s1,objective,215,0.8039824492429263,0.7970177168552911,0.006964732387635151,7.737800960063081e-06,00ffbed599d3c38d0a2f10adf88b60683cf3d6386ad71c1c8f33f4d2bd2b296e
UNION_s1,objective,216,0.803982448525806,0.7970176358342315,0.006964812691574555,6.758189483434798e-06,66d824e05e8cfdc4f843d9a4758da49fd53f3ee568252f4b71d5083742111e9c
UNION_s1,objective,217,0.8039824479468497,0.7970175696590901,0.006964878287759564,7.460856694143088e-06,59946e0ffb080323da5621d421fe83c6490a42802ea3efb8c1dcc5dc5c693a45
UNION_s1,objective,218,0.8039824470078721,0.7970173961663582,0.006965050841513838,8.844941127529334e-06,49c07970489f34023bdb86cf82489e50ce4e14d91be99807ce0dbdbe99586ed6
UNION_s1,objective,219,0.8039824466056122,0.7970171729995985,0.006965273606013689,1.5387637156050146e-05,d465a5cbcac64b3b732d36edf15692e380d59da0ac8c7c14afd223b6e22d9f3c
UNION_s1,objective,220,0.8039824460289796,0.7970171865077775,0.006965259521202067,6.549072829830076e-06,8191fdac4071fcdd973838d16ff78eb0d3e65fc990a0a3e573cd2ebd8b8dad86
UNION_s1,objective,221,0.8039824458154752,0.7970171806511843,0.006965265164290824,4.925941258467931e-06,e78326d5453c52a3ea2437f4d61edec4490796b8d4b08e4f12f93d392c34ccc7
UNION_s1,objective,222,0.8039824456020325,0.7970171272568757,0.006965318345156737,5.048561080915229e-06,012805ece57749674e905b3bb90ee71ca72d63caf36187ee83f547389e040459
UNION_s1,objective,223,0.803982444999822,0.7970169929138627,0.006965452085959272,7.24147788526597e-06,0b03420ea0706c24030707e614fd0f91575fe95aeb2ecdeecceb59d71cfa9c2c
UNION_s1,objective,224,0.8039824442056598,0.7970167067344962,0.006965737471163629,5.473002715729338e-06,7efc02a4b78858d5b6e8e2406effc83c6318f5f9524128b4da46b29f0a165c12
UNION_s1,objective,225,0.803982443536502,0.7970164050223694,0.0069660385141325385,8.529157246511684e-06,428295abe9818b7b014b877bcba81c39200e204e33f8024ff91a96cf0a601073
UNION_s1,objective,226,0.8039824431414789,0.7970161806112348,0.00696626253024417,6.592882082135319e-06,d423fec41301fb9d60beca1726aeec752edb4899e95e1f8dd6e030ed3fe824a9
UNION_s1,objective,227,0.8039824432470789,0.7970160767507033,0.006966366496375568,1.6095808846660718e-05,b928f0904e0a43b67b5e3c6784cf21743afdf4ed7b53632313325197879f41f3
UNION_s1,objective,228,0.8039824430312255,0.7970161371683747,0.006966305862850738,4.207232836148126e-06,b90faaf289279e93912a1eb25b240e84c97641718e30de711d0b378b64d558b4
UNION_s1,objective,229,0.8039824429691712,0.7970161465751283,0.006966296394042925,3.3372490620402013e-06,6f0cd30542f203f327e407a3b72d921aa4ca129b510f0bdfdf68b2857cd86266
UNION_s1,objective,230,0.8039824428454274,0.7970161276504679,0.006966315194959496,3.277884327561632e-06,3aa06916e2a256eaa5af3c04047b6c168c32234e4c451f255b19aefddfe858bb
UNION_s1,objective,231,0.8039824424718881,0.7970159794609367,0.00696646301095143,4.627167669762462e-06,d2f092cbdd8788550c84b85ff9e70bc9d4f3734cda73e9b5e22a46b1f8c7da8d
UNION_s1,objective,232,0.8039824421080394,0.7970157404264498,0.006966701681589564,3.4809593758996853e-06,d8082eb8a60f382ebff58273b871e2858477fed3c6f4481e2ea30d7269990634
UNION_s1,objective,233,0.8039824446988842,0.7970150871845118,0.006967357514372534,4.60557650397482e-05,e7b491874de9b0c9af09e610540c3acf6b987f597fe9c0442bc482d72e571235
UNION_s1,objective,234,0.8039824420187655,0.7970156391347921,0.0069668028839732785,8.233991098698015e-06,2fdd3a4b801a271de267473850098d288cde1a894344da81d49182ce323e035e
UNION_s1,objective,235,0.803982441775146,0.7970154152852967,0.006967026489849311,3.4774710609040254e-06,1e96d5ac371ca0c1490a0762206e8c7699a089dce721524877a6bd8d81d6fc6a
UNION_s1,objective,236,0.8039824416500793,0.7970153084487667,0.006967133201312547,2.9415563650057365e-06,7636301141d4e6c62ec966e0be5945fbb0e20630eb476aaab071d426cd620e25
UNION_s1,objective,237,0.8039824414599719,0.7970151696984349,0.006967271761537036,4.435268164297444e-06,512ba46d8cfdc8e7409143d1e7537f3e80aae21929d79c0bf95bfcd0bd2a9e8d
UNION_s1,objective,238,0.8039824411955437,0.7970149811045747,0.006967460090969006,5.4639888333224554e-06,db9e0186484cb175bf7b62fd0ac041aaf4bcf322d464f232ce57e25ae2dc8c2a
UNION_s1,objective,239,0.8039824420808744,0.7970146103661104,0.006967831714764033,2.8920637069214654e-05,625e97b601775162164816ed55c4570ceb92d93741e88d0499353406c4e7adb2
UNION_s1,objective,240,0.8039824411132237,0.7970148971139108,0.006967543999312895,6.4356250541340365e-06,64476a9e819f6ed8025b05cd3e2dd7d637dca967ad120b02a40b9aef08fd8705
UNION_s1,objective,241,0.8039824408743973,0.7970147420807158,0.006967698793681507,3.883495363649701e-06,47d859ae9d8e3d2f5f5cb8e1eee45a7f5c2644499048b144615caebf3578c209
UNION_s1,objective,242,0.8039824407392062,0.7970146685248137,0.006967772214392516,4.893790105097117e-06,189406fe934b5cb41122f0581c499ff963229860b633e6347838a7f0623fdc86
UNION_s1,objective,243,0.8039824406299363,0.7970146636474169,0.006967776982519368,2.951276700548225e-06,a29d3384b3533ce04ee99c28a54f56d8de1d873ed2f9f7d7451445b0f4951797
UNION_s1,objective,244,0.8039824405567128,0.7970146605902372,0.0069677799664755275,2.9118686862450082e-06,9c9530406ecbe708f7c7f2bbd0eee15f952a9ae0b82d19f8cced9e204f28e540
UNION_s1,objective,245,0.8039824404283616,0.7970146024680999,0.00696783796026176,2.8386219358833375e-06,686a6aad3687fdd754cafb21bae5484a3223b78829236c7ed18d6a1a6b31214c
UNION_s1,objective,246,0.803982440364572,0.7970145361077495,0.006967904256822489,2.337927873286506e-06,bd0c0449b784ac55ede88aab91af632d341adb60e74866b79c335ee559da799a
UNION_s1,objective,247,0.8039824403955989,0.7970144526458509,0.00696798774974792,1.2178436744248318e-05,2b5ae55627c7172eca3659b65f6ebe6602f3b3cfdb839b74b700da20a2fb9a6a
UNION_s1,objective,248,0.8039824403283534,0.7970145007330285,0.006967939595324964,6.025899394351551e-06,c52884be5bb891c3032767f6950a608b026fca1cee16a5621feab00be05357ab
UNION_s1,objective,249,0.8039824402566101,0.7970144760313451,0.006967964225265007,3.609922437324819e-06,83bb094ce818d252fa292f4eef7278136e0936a716917f48719393ef8796f707
UNION_s1,objective,250,0.8039824401766827,0.797014471188763,0.006967968987919736,1.983149681825784e-06,f9bb9b885cfe8facb99ec91c468b69801b8bd96e5f4b24de4031c7fd5b6478a4
UNION_s1,objective,251,0.8039824401380189,0.7970144789055544,0.006967961232464418,2.1500216186715303e-06,fdf52bd4023ff25a31e5e35058108868cd79aaa7ae8016d1af975e1931c66970
UNION_s1,objective,252,0.8039824400539487,0.7970144711087457,0.006967968945202968,2.6823568935573068e-06,c7b7de2ba5954b5d0102edcfab151621092f60ce2f07ee0825519767fc05bb52
UNION_s1,objective,253,0.8039824401192549,0.797014430980749,0.00696800913850588,1.0213777930192344e-05,d6d9fb434d1a5e09ae44a7a2df9d374e614ff394ad99e61d111302a02e5a834a
UNION_s1,objective,254,0.8039824400091012,0.7970144554095904,0.006967984599510855,3.661721956563487e-06,3bf4334f50f90f8937882d64d0b045f8de6f51958f725c791489ee177185720c
UNION_s1,objective,255,0.8039824399531587,0.7970144313293872,0.0069680086237714125,2.1066797507221635e-06,60b808df558c3ea7ed9aca031bcdf4af91356cf4ffae26255d0b782dc2fe3741
UNION_s1,objective,256,0.803982439903981,0.7970143976339606,0.006968042270020305,1.8611354246529339e-06,67423c12031fd8793a5167370d15d6e005ec97392f800a3e57e5500111739786
UNION_s1,objective,257,0.8039824398438863,0.7970143655677002,0.0069680742761860474,1.7829661496465786e-06,6fdffca341f845e0b09d153cc7283c5f4c4dc31ff56c053fcf3ac93aee9c99eb
UNION_s1,objective,258,0.8039824401063987,0.7970142801159664,0.006968159990432339,1.569722953925336e-05,ed02db33b0fbed0ec4ab406171a9089704ea95797c19538c4b9f80f0a217e2bb
UNION_s1,objective,259,0.8039824398250653,0.7970143479366489,0.006968091888416458,3.484173556429375e-06,ce2c279f56443e3d9e1bb1e6f85c2ed11f56e42670000150b5031935ab8b9ad4
UNION_s1,objective,260,0.8039824397783735,0.7970143278430608,0.006968111935312631,1.5990921398955699e-06,6bf823b534f9e4bbc6df25fe7e17a96b51de4d0ba54fc2d58212c9bf834d01d6
UNION_s1,objective,261,0.8039824397543592,0.7970143299390909,0.006968109815268252,1.2715179153707915e-06,56b8aed94ad22ba55ab9ca24160ebdb33ccf80515c0125914c8d366546ef4445
UNION_s1,objective,262,0.8039824397316757,0.7970143378345513,0.006968101897124368,1.2307058739687318e-06,a3f2d270641301c882afad859b57b18f379b8ea2e125bed0c2e882d2d1cb8e26
UNION_s1,objective,263,0.803982439841657,0.7970143228808138,0.0069681169608432104,1.2190493047360223e-05,26fcf0b993317e0c24923e0d74f7c73254d7229612d050dce0a115719d3223b1
UNION_s1,objective,264,0.8039824397228474,0.7970143345994448,0.006968105123402646,2.7414416070765544e-06,635386a03568f44aea65ff8d346dcb51a3498381267879744ae2b22c33e91c55
UNION_s1,objective,265,0.8039824397071172,0.7970143354366206,0.006968104270496688,1.988390871159856e-06,06f719b65b9ba70a978f4f979a930efb44238241503682478f87b004b473bd77
UNION_s1,objective,266,0.8039824396737312,0.7970143242802271,0.006968115393504005,1.0446347298693065e-06,512818f804844b398d9a51524ca7879126d3ab1dc06bf91f0ad95c4ef2c563ee
UNION_s1,objective,267,0.8039824396573529,0.7970143093862873,0.006968130271065722,1.080993777441061e-06,88f099e8cc4224d2b584b162b8aebd2c447d21853e5125a6128a01acd32b3249
UNION_s1,objective,268,0.803982439635764,0.7970142913436892,0.006968148292074803,1.4012208610787694e-06,8f73bf01deeeb55037e167e89b3e7901eb12d3cbd25c78d3ec44a978e229af57
UNION_s1,objective,269,0.8039824396636561,0.7970142653338348,0.006968174329821288,5.3446361601579195e-06,6aa27cbfa714fb53b30567a7d734a955e2e19d673de6a235fcb635b5c4737d3a
UNION_s1,objective,270,0.8039824396268161,0.7970142827390243,0.006968156887791833,1.3501445028017716e-06,945a06bdd596af61d50bf9aab9fd1eb2dbe9dd73786e652b89353a1042343ee6
UNION_s1,objective,271,0.8039824396167295,0.7970142746136325,0.0069681650030970765,8.07035864529369e-07,b2260afa3fb69c66478febb5f8b0b28f3380c3c062debbbe234514d4952b533d
UNION_s1,objective,272,0.8039824396088164,0.797014269831196,0.006968169777620339,7.29290835458178e-07,fbef51331b36d8b4b9840e0459c8470e5db3637f3c96ee928c4c50b21475efd8
UNION_s1,objective,273,0.8039824395953088,0.7970142595390024,0.006968180056306438,1.4849708601628304e-06,d7a15d9ea7f2d0c625292e8f9a7f32ff63a493a03c8e788eb0ba32eb0212477d
UNION_s1,objective,274,0.803982439596635,0.7970142423344423,0.006968197262192662,2.2213786261534805e-06,50348190f3116302e8a59e10b36e9d01b82d46e0baa1a01f1e758703f1b9858e
UNION_s1,objective,275,0.8039824395897223,0.7970142513882561,0.006968188201466187,8.374430234150126e-07,93f4c83ed05b2cedafd38b20eb23c4371112f3a5ee65c0178d868d22eff2530a
UNION_s1,objective,276,0.8039824395858435,0.7970142500618487,0.006968189523994797,6.612601456469498e-07,6c088fbbf845d0ca1980eb217a9640e42e8c9e7d90bf3a47f33474c0fab4b05f
UNION_s1,objective,277,0.8039824395779269,0.7970142431212315,0.006968196456695417,9.546976427253756e-07,962272e8bce426295fc9a49c6195a7e54f95ee917b1a16e38ee046006d926fa0
UNION_s1,objective,278,0.8039824395768695,0.7970142233809732,0.006968216195896355,2.5502107854463692e-06,3d5587a204968a05e4a6322ce326f5c88be47dac5b05d1030664d95cc8a4dd4e
UNION_s1,objective,279,0.8039824395683649,0.7970142241329559,0.006968215435409045,6.345398624577884e-07,7ff12962a00ceb5989abea071051e13b4b3cde3542ad6a92ad405082ed7d7d40
UNION_s1,objective,280,0.8039824395660092,0.7970142201308292,0.00696821943517999,5.690719642132196e-07,f0fd5d0b5848c8b45852e9899c8cafb3a914d521a63655dc8dabf4ee67b38f55
UNION_s1,objective,281,0.8039824395628694,0.7970142118506413,0.0069682277122282065,6.465318074857344e-07,d0b99dc9d0accfb0ed1c89cf3e1c10776a8c72403387d5d644009636a687a8e2
UNION_s1,objective,282,0.803982439554837,0.7970141975646867,0.006968241990150257,7.084085253489492e-07,a0ffb7d046a8b2083a7e90362868d00d938935d6097ad2de89f4de7b3e1be700
UNION_s1,objective,283,0.8039824395502569,0.7970141636567308,0.006968275893526074,3.029181096488774e-06,15b44a8d8e814a82ffd998bdd03410c358da29113df9012091f626c5fcc4be34
UNION_s1,objective,284,0.8039824395363155,0.7970141553181151,0.006968284218200357,8.033825057824027e-07,a428dcf9b394881287764caab900f7c333b8f19fd7e70742e0636eebecb98f53
UNION_s1,objective,285,0.8039824395322233,0.7970141550714072,0.00696828446081614,4.6171570663560206e-07,d568d57d46f5ab6e8c494726bf038467ac8d7d932bf9274f40d16c5b82a82c12
UNION_s1,objective,286,0.8039824395282967,0.7970141504636201,0.006968289064676646,6.469143069073201e-07,85fb21e22904a807ba47f8688d901da7893d112a2bb88c7d69e5d94ed35851be
UNION_s1,objective,287,0.8039824395260514,0.7970141405011897,0.006968299024861748,1.012567661589271e-06,da18fc37478e36d50f763ac74c276ec6d788cf26f2d34895cb6e0b9a2204d09a
UNION_s1,objective,288,0.8039824395220119,0.7970141382433596,0.006968301278652239,5.708709987377168e-07,c669921f2a128f50faee6ff56d6a277dcecf3f14de36982a57fc834aae5084b2
UNION_s1,objective,289,0.8039824395188834,0.7970141326703185,0.0069683068485648795,4.146261391535095e-07,56957de5bf458ca315238635729bf28ec65810195881a67093132a0ad8c5f2e4
UNION_s1,objective,290,0.803982439515393,0.7970141185643669,0.0069683209510261555,6.779242790208661e-07,80af30cde5d9d8e9bab0d71ba6d9dd456809f9487f7d5dfd6681b5ae1609ab00
UNION_s1,objective,291,0.8039824395262559,0.7970141125182547,0.006968327008001234,3.526315390619683e-06,73ea1fabc95c4cc7d20e426f6b3dce53d10dac830f3ae1c28772f9b45ea9a0d8
UNION_s1,objective,292,0.8039824395141933,0.7970141171110752,0.0069683224031181655,5.482918438558202e-07,be9425959f7bb4eec63916ab5a8a98ea39ce52041efa394c1aee50fcddca0212
UNION_s1,objective,293,0.8039824395129238,0.7970141116710219,0.006968327841901902,4.562534812701165e-07,74b3329b1955b391ee01cbbfea5aaf1ff357a20cba2affb5160bbcf02427492d
UNION_s1,objective,294,0.8039824395093279,0.7970141047475124,0.0069683347618154645,3.569450729701684e-07,61329a4fb57bbf0d161a9697acbf63535c2104b80eae7e3453349943bdcbc680
UNION_s1,objective,295,0.8039824395036503,0.7970140925139053,0.006968346989745018,4.2801389836763044e-07,3adf2aa91916da2da2ba8b4b70e50c68c70391fd34a008ebdecc6e0f50fcca18
UNION_s1,objective,296,0.8039824394979426,0.7970140796801568,0.006968359817785803,4.2621022980278796e-07,2b3e3ea11626262855e4caac6ae177dbb7974befa583a776822ce51bfebcaf99
UNION_s1,objective,297,0.8039824395192745,0.797014064786298,0.006968374732976554,4.2675322498690115e-06,d548af4e9175631a4238e20df58269fc46a5cf246626d36248b6f64cb5849713
UNION_s1,objective,298,0.8039824394968479,0.7970140769801659,0.006968362516681927,7.871292381155744e-07,1d028b38c146ea3b809325b63d53484cbb29b524b5e6884c398669ca30b9a556
UNION_s1,objective,299,0.8039824394939625,0.7970140702434859,0.0069683692504766415,3.480846760592505e-07,bf70b93963ac6e129ab35569b0a48dd28e8ac72816f471bb48aad66bb3533bf4
UNION_s1,objective,300,0.8039824394927076,0.797014067392115,0.006968372100592669,2.1044116886742757e-07,8a9062ef5bed57fabd6e4c477ec02c9399a1f2485d2a38ee83addd15df6bb949
UNION_s1,objective,301,0.8039824394918413,0.7970140620155612,0.006968377476280067,5.931299218598633e-07,151ef4f2e8dd9ebc0ea70740a1606b520cc0d55911cfd574e620ffcbec4a95b2
UNION_s1,objective,302,0.8039824394908742,0.7970140601765914,0.006968379314282846,3.1071378757381335e-07,701188f9099808b4ad1d611b71ade7263383e303527cad8b8633fd35ee187e7f
UNION_s1,objective,303,0.8039824394899897,0.7970140581569075,0.0069683813330821635,3.167433312971245e-07,ba405e36f480dc8985fdcc67af1c058bb00033c47633401141dfc872dc12cb7d
UNION_s1,objective,304,0.803982439487975,0.7970140525149327,0.006968386973042238,4.011884256703583e-07,608ad5fbbe6d4eb1ea58efd58dd55cc3274c28d8effdf60a48a7a62f14ba93d0
UNION_s1,objective,305,0.8039824394863312,0.7970140486957031,0.006968390790628107,3.20492097233281e-07,051426a68bd3db1f64f381ad8158c5a8e6b88c49885244f73d8c2067ca53ca5c
UNION_s1,objective,306,0.8039824394861962,0.7970140382424127,0.0069684012437834925,1.0609115935556332e-06,ce2880cce3be1b33269abf8e6cbbbe2b8eb473f49937364de8ea4fb3c69a4f64
UNION_s1,objective,307,0.8039824394852719,0.7970140432900575,0.006968396195214359,5.234175906013309e-07,3060202077041b3f8032ab3ed3f0df20683bcfc126d931b7cb76258db1e7bd8a
UNION_s1,objective,308,0.8039824394842796,0.7970140438385502,0.006968395645729408,2.997897967527238e-07,bb18b8d6f3e04759af24d88c19ae7a3ed7c3e404fe3652c5ed2950e809276f9b
UNION_s1,objective,309,0.8039824394832887,0.7970140454546458,0.006968394028642876,4.551436541371975e-07,8645b0a36604381352942d144657a74ac884b4c6a326cf59eb9f522480cb27fd
UNION_s1,objective,310,0.8039824394820583,0.7970140473246502,0.006968392157408049,5.701470995232826e-07,55d44ea906bb66a862beace451269db926b1e9803549f5fd5cf3927d9caef8dc
UNION_s1,objective,311,0.8039824394807438,0.7970140499590002,0.006968389521743578,7.878922026792195e-07,179f09811e24e5e2ac7eb996125bd78f6bea3f729a6ad65661cb904d3e40a94d
UNION_s1,objective,312,0.8039824394790369,0.7970140501934783,0.006968389285558699,3.8772368981026364e-07,3ce08824b617cc0879e0f00d88e161b02f0cafdbec35c44655c9e33e0656ac18
UNION_s1,objective,313,0.8039824394782198,0.7970140495400514,0.006968389938168419,3.144207322932243e-07,8b77206d37171ca68b76eb500b807412419762a0066a5deea847b212dcca6f5d
UNION_s1,objective,314,0.8039824394769477,0.7970140488539588,0.006968390622988962,3.0017204807030033e-07,992515f3c303d53237d74e39e27cd074cb86ae25497a9285326a3a6c23502701
UNION_s1,objective,315,0.8039824394763969,0.7970140506203287,0.006968388856068235,9.96868199696856e-07,f95adc72a38353303b5111e4f69f4fb52f473dbf107a3a5c348385df2cfc22ac
UNION_s1,objective,316,0.8039824394752378,0.7970140510804965,0.006968388394741385,4.747955958038698e-07,3077c64cf1b016c4f14774fea3a670ea8582ed4570592e1328d382914a2e9947
UNION_s1,objective,317,0.803982439474533,0.7970140524304834,0.006968387044049523,2.1928995290902256e-07,e2ded22a7eadf9fb6d9ae2482f125f49c3678f97149cd149ee2913095a67b967
UNION_s1,objective,318,0.8039824394741718,0.7970140536508801,0.006968385823291753,2.695968318982297e-07,3e0dc5aa7e6bfbd085b6115fe19f16aa3eb945f7c1a48ca72d5e43529cc39065
UNION_s1,objective,319,0.803982439473573,0.7970140550899861,0.006968384383586829,2.3341585179979757e-07,5b89605299cbc7aeec763fc9ace87cf14fad3e004c7a2a4a7c58fcf2814f0aa3
UNION_s1,objective,320,0.8039824394802589,0.7970140595615176,0.006968379918741286,2.285105858521087e-06,107eea69fe752b8c9bfdb86342c6a43c96b0e5f94294b7c65f8aeeecda54c0d4
UNION_s1,objective,321,0.8039824394732968,0.797014055831108,0.00696838364218893,4.981220346330515e-07,8fcb876a7bea3f0e29a9ebc054ff998e76c959c44c7b33061f3f268ef8388fea
UNION_s1,objective,322,0.8039824394726013,0.7970140570294332,0.006968382443168068,2.639787104585401e-07,ca794e311ac2dfc770f4d5acdefbb9cbbde817b07e7a4942b54a6859c3b56a2d
UNION_s1,objective,323,0.8039824394721814,0.7970140575288261,0.0069683819433552,1.742525362039618e-07,f868b9abcd7e273c7d488b56b0b759fca16fc7775c985d1eda89d787a1c06a7f
UNION_s1,objective,324,0.8039824394717228,0.7970140581278633,0.006968381343859413,2.328829125963911e-07,efe65aa43968eca9ed6fa94db45a674ccd7c36475c045b350185b2c094400bb2
UNION_s1,objective,325,0.8039824394711782,0.7970140593199921,0.006968380151186023,2.6602599119236216e-07,a15e0952f409a5a907eeb10a3fe4409b93f2a9fd3f1a51b38364f48ec1282508
UNION_s1,objective,326,0.8039824394715928,0.7970140617561403,0.0069683777154523965,9.352108466985338e-07,a415ec84b3ecb1b5382803fa35637bf85c9afcfc39e9d559b6a06d07d8d1eab8
UNION_s1,objective,327,0.8039824394708702,0.7970140602818515,0.006968379189018677,3.881997594537443e-07,72ff5f02268fd068134d6ce4571ae8a864a47c6800fd8be48844274d322642b8
UNION_s1,objective,328,0.8039824394702717,0.797014062189708,0.006968377280563709,1.8338309398185927e-07,6d14abea0d46ab60997605d0aa2c5dc976ebd2af528b4fd00535359d36544c8e
UNION_s1,objective,329,0.8039824394699747,0.7970140629837464,0.006968376486228317,1.2066292289688736e-07,3f17b1f3317b257252f820901cc99817484e558ed1a79effc0ba4ce399acee5d
UNION_s1,objective,330,0.8039824394696852,0.7970140635444306,0.00696837592525459,3.116766945610949e-07,9e243b6b6942bedec12d6e63a0820f49702147eddc36f3652aafec3509a4ae53
UNION_s1,objective,331,0.8039824394694636,0.7970140635501477,0.0069683759193158714,1.6826788971112384e-07,1a630ebc9501913da01b96de330998c5a4250f1691df284c17429afff5c9e26f
UNION_s1,objective,332,0.8039824394692698,0.7970140633704101,0.006968376098859681,1.5008270027766225e-07,3867c6ae58dea1d8a7ff2fecfa203c8ba852b6332e52b04b183f695d4cff69b2
UNION_s1,objective,333,0.8039824394688309,0.797014062834995,0.006968376633835817,2.035362362811984e-07,693ff30872ee7d44cfba55e027916ba7145a56399c0a83e5a00b0553cf6550ef
UNION_s1,objective,334,0.803982439468775,0.7970140625726989,0.006968376896076126,3.295880942493787e-07,c4f47f94c51a44f4f3b277c59a6b7188bdf24281664c8fbee20bd9469d0c8be6
UNION_s1,objective,335,0.8039824394686029,0.7970140629485524,0.0069683765200505635,8.45138551394434e-08,20a13a7fd11def01154f0711abb9a8be475e237d99837c0c9a3b9723567b60fc
UNION_s1,objective,336,0.803982439468563,0.7970140631265894,0.00696837634197359,7.876439894284327e-08,635a7a9cea4006cd5fb631ed46b6e79e3e12978f0ddd037c92d9dec068f979e6
UNION_s1,objective,337,0.8039824394684874,0.7970140633592384,0.006968376109248961,1.0707283326412705e-07,a64f2b0cfa379a81f2a11095922780a69d0d6013c54a0067bff6a42f641ffead
UNION_s1,objective,338,0.8039824394683436,0.7970140634102962,0.006968376058047322,1.4497765513554595e-07,907ef76ec8afe7686ce858f233813b1ea0a1f5d020329ed2c5093edc71eed3d2
UNION_s1,objective,339,0.8039824394680355,0.797014063252688,0.006968376215347538,2.211275807651183e-07,3d7e8df5903aca9a3cb49431e1d243978462eaec0eaf88554815818cc9f9ce5c
UNION_s1,objective,340,0.8039824394677848,0.7970140624380205,0.006968377029764316,3.383151388321219e-07,69703bb7bb3018a9f082baab813a2d9ed3b3d71a94ee7d3183a3f3c3cd1e03cd
UNION_s1,objective,341,0.8039824394674343,0.7970140621232706,0.0069683773441636876,1.4993115487598477e-07,97f3b501e499eec9cc28294a14fdb6c3fbb38f6cad44a4996dfb08e6e8142aa0
UNION_s1,objective,342,0.8039824394671431,0.7970140613948369,0.006968378072306168,1.6607765663451485e-07,7cc0c169acb29632478547b17c62b06d06b138692457e92e187f3dd2655a4c31
UNION_s1,objective,343,0.8039824394670193,0.7970140609611518,0.006968378505867564,1.7813118201708483e-07,5894099052b29e9bdae6e4e0fff334266fd4fcd6444a0fa289efbfcd83176807
UNION_s1,objective,344,0.8039824394668522,0.7970140606565262,0.006968378810326021,1.9827149923202586e-07,59ea6b30a463385ad22f04e73e2c588111589ee041f58e4c9b077973cb5cdeb4
UNION_s1,objective,345,0.8039824394666842,0.7970140607618638,0.0069683787048204935,1.097217173820931e-07,8f2f112f7483c8482a5acec0d27407d5c8750230f5217b717e311b9bac2e9c5c
UNION_s1,objective,346,0.8039824394664933,0.7970140611182621,0.006968378348231147,1.4739942097657877e-07,645b2e90f8d8593f456fcee664f8b29d702fb4cd6b3e08526802ca7fec4df7cb
UNION_s1,objective,347,0.8039824394664008,0.7970140611390235,0.006968378327377244,8.887552968435768e-08,65534d9f10655de6e474879dcdfb0b6dc201e32950103c9132adc16b40f16a89
UNION_s1,objective,348,0.8039824394663201,0.7970140611982117,0.006968378268108366,7.448980115173464e-08,f86e80c02a6aa6501f658c35cc6b1db39571fa2e0df811bea02cccaa24212463
UNION_s1,objective,349,0.8039824394662397,0.7970140612069638,0.006968378259275926,8.494952082041657e-08,3c04a8256526e7c177f3f3c57b7452c7b8e3a09c28ff209d8f80b4d012914bc8
UNION_s1,objective,350,0.8039824394660807,0.7970140614193063,0.0069683780467744184,7.411433416117437e-08,d7a3e31fa24c0f4faf8b15dd7765c5df2bee54a2689e6274c1f287617aa73a1e
UNION_s1,objective,351,0.8039824394659085,0.7970140616884241,0.00696837777748435,1.2623963925904587e-07,af44eca5f20466e8f27e00a526e586108bffb3d42fa22f3ac516c7a1dfd75d35
UNION_s1,objective,352,0.8039824394658235,0.7970140623577977,0.006968377108025806,2.4120544243031567e-07,ef2b4a3156d49b4166809b4b38447f8da88249a0242cc2cd89818c5beb8cdaba
UNION_s1,objective,353,0.8039824394656745,0.7970140623523757,0.006968377113298772,7.754267786827405e-08,b66d32e85812f7f58a8233a46b187c24952e2b55653dea1df6812d402093e478
UNION_s1,objective,354,0.8039824394656148,0.7970140624809143,0.0069683769847004445,6.176198375359327e-08,a940e8938670703ef1a1bcbeecb83afde6e89082c4a8fff68b2fb046e2df66d7
UNION_s1,objective,355,0.8039824394655539,0.7970140627883262,0.0069683766772277,6.740511842257925e-08,c24bcedb3d9766da3037dbf374d320c2c1bfb1b3ec471973104608a6f3927516
UNION_s1,objective,356,0.8039824394657983,0.7970140640467143,0.006968375419083968,6.541316952735021e-07,1b557830568120a430b98d35e3abce709f669b3c4e4b4b84ae80591d12748bcc
UNION_s1,objective,357,0.8039824394655227,0.7970140631050529,0.006968376360469839,1.5692776765763907e-07,426d80781a826408421f58504636d66636dda65247e9acc85a225958b84fad1a
UNION_s1,objective,358,0.8039824394654453,0.797014063716653,0.006968375748792409,8.419464468231269e-08,cbb3eb739565b921535bec42f4ece6ae08fd992d058e0f595fb856ef2cde9673
UNION_s1,objective,359,0.8039824394653899,0.7970140642348309,0.006968375230559065,5.329955126519287e-08,aa818f7328f91360db069e2bf7770c02062956a520aa4d7eee190aa4b80c96d8
UNION_s1,objective,360,0.8039824394653431,0.7970140647819466,0.006968374683396536,4.740574627953108e-08,fb87f876f6fa7fc99f6ea30177626cc5b3966da9eee89616d7148677a86c0ff8
UNION_s1,objective,361,0.8039824394653071,0.7970140654255118,0.006968374039795282,1.272802044593987e-07,741baabf54c7f04f8d124393ccde266717506ccc48da6a8715e4bdaea6ecc2fc
UNION_s1,objective,362,0.8039824394652603,0.7970140657921835,0.006968373673076825,6.244941263805735e-08,8ee3c854761f6a1185f7469d2024b140e4b01d8f778ded6622ebbbeb8cc6c86a
UNION_s1,objective,363,0.8039824394652259,0.7970140660329373,0.006968373432288548,4.594487497045105e-08,de98367775ab424b92bb52b7120dfe3c3117173169ec4b64ad86a0e8f17ad3a8
UNION_s1,objective,364,0.8039824394652028,0.7970140662559435,0.006968373209259218,5.2381524115785525e-08,b535b2b2eabf6eaf27690c8711606fa2d3763fa9f60e9445204e642aef0269c9
UNION_s1,objective,365,0.8039824394651682,0.7970140666869497,0.006968372778218447,5.9407866540488185e-08,db5f43a801c1da35e4ac8a8783b6ca3d50614b6e1b33a3e9fdbf3c8ff69bbe03
UNION_s1,objective,366,0.8039824394651987,0.7970140676228479,0.00696837184235081,1.9733860922402052e-07,866c0348ca481adfd1cd09f986b8707ec8cbef1fe8907e3f6ab6449fc253f2ad
UNION_s1,objective,367,0.8039824394651505,0.7970140670405522,0.006968372424598203,6.294750856253268e-08,cbd501df1f634e5a288fc2cf377f906d6b3d68d3cc012cd089379c3f5c3753d9
UNION_s1,objective,368,0.8039824394651347,0.7970140671552328,0.006968372309901895,3.7190876116960664e-08,d69390be24d712e846f13322ebf3bd2b6d12cd12b1e5d67661875cfe9020b543
UNION_s1,objective,369,0.8039824394651185,0.7970140672856483,0.006968372179470188,3.972577257363644e-08,2ba9e39dfd9065065e081f58e3e1b708dad18dfa957dc5dccefe404268ebd165
UNION_s1,objective,370,0.8039824394650987,0.7970140673945076,0.006968372070591045,9.575386602048348e-08,da7e439c1c96349958a8e14a9b004240bf0e02ea70001901c1523517ccbdda6b
UNION_s1,objective,371,0.8039824394650648,0.7970140677206268,0.00696837174443794,7.921347073109619e-08,cf1011d5eaef93a002622950f37505b07f395444c1fde63c03b1cac7a204e82c
UNION_s1,objective,372,0.8039824394650172,0.7970140681976453,0.0069683712673718765,9.666749099803349e-08,3e0153488cee185281a733dc4c518693a6a161302b18e4fe5a77b3b14773f147
UNION_s1,objective,373,0.8039824394649817,0.7970140685051276,0.006968370959854105,1.0067085419421812e-07,29e997de08191dd2f682535c7eda1ad8bad05ea1b99acf03c1861aa9052c4614
UNION_s1,objective,374,0.8039824394649623,0.7970140685334246,0.006968370931537653,3.677280477523309e-08,e137207dafc50215c03d6c80647ee35a4ddcf75c017488819aaf04dc8eec3261
UNION_s1,objective,375,0.8039824394649524,0.7970140686222411,0.006968370842711298,4.088471552690975e-08,ba2b93af42368a605095958ba4ac10c6d9eaccf418a034ff121dda83a7a6cf30
UNION_s1,objective,376,0.8039824394649382,0.7970140688901368,0.006968370574801336,4.54188408811431e-08,da2348c2aec438cc2afd81322813865b46f67834c426b2b01b5d8e2ed518f9b4
UNION_s1,objective,377,0.8039824394649107,0.7970140696171635,0.0069683698477471445,3.41205823500783e-08,15de87d0b25a7a869ac8e3b92913cb1cd95f0ff466c9e8704856c6376ba13e31
UNION_s2,objective,1,1.3857607605189974,1.3857607605189974,0.0,3.2070369194092962,4b39c64bbb665b6806871c126c8edca4d7c9046530c00f64a58a52579a7f1f2e
UNION_s2,objective,2,0.8985407511400813,0.8984907511400813,4.999999999999999e-05,0.17926423710895883,35e48b42b6e9be516b7dccff4b6886dfde219c5fd47693532ea936723002a92f
UNION_s2,objective,3,0.8895888140675241,0.8895433111593604,4.550290816369598e-05,0.16372928642329354,a09cdee550e7933407b438030a70011e4435bd237ac1ee2014d96a25da09b49c
UNION_s2,objective,4,0.8636877147979369,0.8636574775399709,3.0237257965998066e-05,0.08415350474393797,04063b24b8094cd5fa57ce614a3f287bb20b33db4d1459f4466652f8cfecb9c8
UNION_s2,objective,5,0.8553537475947639,0.8553315706977384,2.2176897025594357e-05,0.101171977529557,99b30411e2ee3d0f4e12019960406df4c0fd6d3b17cb57e8849f10c54983a9da
UNION_s2,objective,6,0.8498091296933945,0.8497822329949848,2.689669840974477e-05,0.04552156866477179,ad4357458fa64797dd272132df13c9afac5f217cd8c95efaeffc203dedfa7aff
UNION_s2,objective,7,0.8437033218320207,0.8436664305764532,3.689125556743971e-05,0.027600875380381792,e2e9a24024da5bce185dee1bbb8791b31c5fb14d59983b4be5c129c62307b748
UNION_s2,objective,8,0.83876802882956,0.8387102122754606,5.781655409941242e-05,0.02330483657481698,92fc797a0a11bb7a846bc3d22f36a53867ab0c64e4f25e02ff64bb6f5c2dc368
UNION_s2,objective,9,0.8339255033477062,0.8338358511610499,8.965218665639223e-05,0.02937865640359563,ad5ca08f8dccdc8f67747a246d97ba632f5591262188321655b6bd00ce678feb
UNION_s2,objective,10,0.8300151828970272,0.8298223982112216,0.0001927846858056546,0.037299349395026826,0773994b4ff220941aee3e545e456f590b4d68fa174491185e777beeed9064db
UNION_s2,objective,11,0.8275219019921671,0.8273241202631764,0.00019778172899073804,0.015689931884083637,6c3fd1489bf979d2e3cdfc66d6caf903946e2c5f7623cfbd034357098861bab4
UNION_s2,objective,12,0.8261107865431229,0.8259181809766029,0.00019260556652000584,0.018615680789661516,26075db88975c658bac94a57c0fc001e95bdf7a82a4118976da136a9763e144b
UNION_s2,objective,13,0.8244822383778908,0.8242754660027133,0.00020677237517757418,0.02575153041909771,27d1237e1ab4ef1ce93e4d7d3f1290edcb5fa3b6bc2130fd853814da02de2cb0
UNION_s2,objective,14,0.8210997422151096,0.8208092083600271,0.0002905338550824879,0.03385026434308507,97ec4aa91ea1e3132d9eb819ffaf3ae48dc86451b3970a8566c1204c19792b37
UNION_s2,objective,15,0.816177044990384,0.8156597784986874,0.0005172664916966266,0.02986909869973951,0ef50c75a87ec46e00d2a38226ed5ad42eb735c154108acb5492e15a11b3e3ed
UNION_s2,objective,16,0.8102279328446077,0.8092056066116794,0.0010223262329283284,0.03451256590301372,ce0c9116c89e7090be1b545e8b9a95280d81b6167d32b10c80abc1ee0456bfb7
UNION_s2,objective,17,0.8272402539009658,0.8255597464463721,0.0016805074545937447,0.1305576112902305,4318ec0c378898ce69b63c70d6669cd7791f5a730805a498a59a57faffcb5e4b
UNION_s2,objective,18,0.8093178889825843,0.8081989345334566,0.0011189544491276458,0.023722293119452235,0dac93d976719030d8f6645ac86131850c3d6588ad9e07ace56a8f820923f233
UNION_s2,objective,19,0.8075852750931212,0.8062974604478647,0.0012878146452564604,0.013367520257798662,f60da14fd8ebd525b163499872dc496e162ba01295bf5e25099a3c66affaf9f5
UNION_s2,objective,20,0.806443811889777,0.8049925555459909,0.0014512563437860126,0.00956235683339373,9dcbafee28d719c71dd3c9257d8c598ff8ecccbb7d2632c391396778c4ee4057
UNION_s2,objective,21,0.8056893215365888,0.804087688890174,0.00160163264641479,0.010331468207989471,c8abb2b162afad5b525c0cf93ecc384fcce11f93471e8ec51ebf93a4b66ec3ef
UNION_s2,objective,22,0.8043451305137653,0.8025099387611702,0.0018351917525951784,0.009334459535642369,06ae3e48f37d283f73de0f0c57def375ab6cc45f5de176c66442127aa11e7482
UNION_s2,objective,23,0.8036105243331648,0.8015310614538093,0.0020794628793556202,0.01757006687502465,dfa8c934d0d908d22590b540f59e5e3d79ab38fbe7bca5324d83263a92fb4b5f
UNION_s2,objective,24,0.8029891206766641,0.8007473101141367,0.0022418105625274048,0.01040675418205054,bb978d4b3734386a933ab78f65dec6c93b7fbe812f709360515a3bb87b8910b6
UNION_s2,objective,25,0.8026756719223738,0.8005706067544166,0.002105065167957122,0.006670633747696812,767cc2b4e3123cbcc23cc567a933088336e339d9a9a65d27faf2748faee90f75
UNION_s2,objective,26,0.8021748460732742,0.8001336549636598,0.002041191109614273,0.004426081186364572,252130b56b08672d0c0bb8d7ae05413c15bb454767a6b74709d6f208a7fc213a
UNION_s2,objective,27,0.8014034599370502,0.7992585608426,0.002144899094450179,0.004642061301772365,5531d68ce25f0b8b0a377acc123f45cc5071ef40705b3661ea188045728c0ba3
UNION_s2,objective,28,0.8003883145854486,0.7979407759870754,0.0024475385983732476,0.006333298851664389,45874ccc2dd714b25502ced2d66caac618600e14d1d479b453fd8b4d050f6149
UNION_s2,objective,29,0.8045032088396115,0.801562168206774,0.0029410406328375226,0.09369458653535402,f061bfaca460916dec9fc9ae99ab5b7b3f83525bb488947706b6c23630f93021
UNION_s2,objective,30,0.8001405840952562,0.7976098672694069,0.0025307168258493465,0.014554143053323811,7111b07a0b486b0a0d5691f95b451c6f173a19c389591754921f5a9178ffa0a0
UNION_s2,objective,31,0.7991111147591743,0.7959673212140759,0.003143793545098469,0.009771099395597933,9fe8241740f78d86f6933133fbafc39d13cd2d2030f883aad5659ba3c7fa3f65
UNION_s2,objective,32,0.797837597262249,0.7940690604727314,0.00376853678951763,0.005708177417763396,373968f94f1dc9f2a663068bbf1cf955f9278e29b92a7c1521d89984649c3c6e
UNION_s2,objective,33,0.7966970791381119,0.7919205485854679,0.004776530552644015,0.006056582760695588,fc1fbf03e42a5876158f419749d42ec029223202a64de0295aa68dc60661aa20
UNION_s2,objective,34,0.7964830187754882,0.791616465695298,0.004866553080190188,0.01138277024895406,5684cef4d4573300850ba8dca60048dcb2c30908dabfc039bb85e3cd0974cb63
UNION_s2,objective,35,0.7960285326917899,0.7913851342843523,0.004643398407437527,0.004412666620099733,f212c43785d2b62651f204fbf70ad92722eacf4b7a4d3775ee030a667f9e0236
UNION_s2,objective,36,0.795831595898423,0.791306845577164,0.004524750321258968,0.0028358706124838374,03804396c97024f751ee77d39065da5438dacc2621e5616074ed09b912761795
UNION_s2,objective,37,0.7955360500940928,0.7910545588829884,0.004481491211104392,0.004903484657436025,84e2f760b586957344bd03b03f2a3e8a1d7073bb63d16cce09ff57bd5d242487
UNION_s2,objective,38,0.795392233068362,0.7906864256024868,0.004705807465875182,0.015121618491444094,523f1a55f4e84ea89b3c2641a48372ac14866a93f9e6b549508dac0c06754e08
UNION_s2,objective,39,0.7950513478279095,0.790191126497843,0.00486022133006661,0.005418905107216977,3db186ddbb2e139283cd3cbc1b3636d8077fbbdc1275b3b4b6bf36f11c742001
UNION_s2,objective,40,0.7949081055444922,0.7897837552643215,0.005124350280170619,0.003538747475930985,f21b2a487b720924b2652f183c042090107f9f43a158205e8d14e1441612487c
UNION_s2,objective,41,0.7947926759392134,0.7893167573261767,0.005475918613036706,0.00279109271338511,9c0d7be8b2f21350bfeab75bb988e7c207e4b4272deab88b51ba0b2b70faf197
UNION_s2,objective,42,0.7956502056010679,0.7897205096183997,0.005929695982668206,0.03464920875581162,5d7b09f60642e463136534aeea4fc51081c88155cf0f678ab7f0adea4b194531
UNION_s2,objective,43,0.7947521054200101,0.7892003043119206,0.005551801108089481,0.006297499974870705,3cf50cb33f956026116419a22e83edfe033dde4cb992a1206cc68c8b4a0087ee
UNION_s2,objective,44,0.7946751619388214,0.7889693761031729,0.005705785835648563,0.004498005217113372,42e785fee6732b32ff0ad9c02089cb753a6a85ecb65e958febf7bf2c5050336d
UNION_s2,objective,45,0.7945176933312392,0.7886794116079006,0.005838281723338612,0.0029162440087014785,37aa7b67c678f7c7dd03a84cf6e073b63a733083bf69eedfc4d7d2cc42f544fa
UNION_s2,objective,46,0.7943867117239678,0.7885791664134656,0.005807545310502188,0.003339237377360337,908baa1e3d6a7496a4efd40ad8adb45401b4895b436eb350119a42d9ddb4ca64
UNION_s2,objective,47,0.7942244801746704,0.7884127174402417,0.0058117627344287355,0.0029791109365364917,d61a0d98282843a08bab366120dbf2a7891b9f0f5a27fefd7580bb559864ef87
UNION_s2,objective,48,0.793981197929852,0.7881208690250557,0.005860328904796261,0.0027758638631374985,1143f177252edc7f0c0536682ab783d740221c3c44b0caa9030bad57b6c82c97
UNION_s2,objective,49,0.7949889518146588,0.7878378088428439,0.007151142971814814,0.019978796665443496,0f6bdc1e1fb8656b757929c0449f09952deb9cd66accd487534e04e6f1c90fd0
UNION_s2,objective,50,0.7939018299974515,0.78778794444554,0.00611388555191154,0.004386470075726648,a5ad7fdf0df4f115fd186d5a2c94f35288b6f355f8ad73111c50454ea849dcb0
UNION_s2,objective,51,0.7937645717149493,0.787540336770453,0.006224234944496305,0.002340438286822053,4da5b11c97847a08335b6fbd405d08534ab13fb66661946324e8e57a69b3c013
UNION_s2,objective,52,0.7936771812483493,0.7872783760840618,0.006398805164287474,0.002724254848541215,8518f541452d41f0fa3b7dc32d349a1f5c9c4263ff5adfb5f5323f6a2c870178
UNION_s2,objective,53,0.7937415664702535,0.7872002252060883,0.006541341264165141,0.00985961138272979,4533107546a8f1fad454ab9433af140f6e124967462625a1b512309abff2fe87
UNION_s2,objective,54,0.7936461214127831,0.7871961543512535,0.006449967061529718,0.0027234153635736463,f424c968f030f998c5112c9bd0e433b557272dbfa7353c24390c0c2eef18f428
UNION_s2,objective,55,0.7936111842704012,0.7870723214127366,0.0065388628576646,0.002102291172310265,62019e10726de2b49e8e6a978ecef6a2a5773b816214a20d59171528e06777f4
UNION_s2,objective,56,0.7935383988329389,0.786894050368575,0.0066443484643639,0.0028655394020031194,3213a1023633ff3a8f9c72de6dfc76184845b266a3f0d8b2f2a894235fe6142b
UNION_s2,objective,57,0.7934700276281176,0.7865450534202579,0.006924974207859664,0.0059678523684590385,9dd2b816b0c380707d7321b9722484922183b5dc9f94b900dfb4ec04f3d2c7a9
UNION_s2,objective,58,0.7933763743736396,0.7864813368752419,0.006895037498397745,0.0026458580970473537,80eb5fc394fcfe5f7457c97b1f02b0829ca05adc4f90e8e89fd17ef742c87ecd
UNION_s2,objective,59,0.7933038090918146,0.7864602152491658,0.006843593842648867,0.00407823257400993,bf6957e4e9fb4ba507d275b1fc6eae5accd038fc93251928e282f5d2ab5633ab
UNION_s2,objective,60,0.7932417211642946,0.7864448687559099,0.006796852408384692,0.0030729683835141247,d0e8be41a595f8db9782deaa10f647f2ce65578372e9951c943f27bbdbd7f55b
UNION_s2,objective,61,0.7931574262912067,0.7862974820315162,0.006859944259690551,0.001886667491195777,a1d7d979a8eac10fb28a36fdec1de147a44374903a95bd89c29839f5af48b328
UNION_s2,objective,62,0.7930732272145774,0.7861379573693854,0.006935269845192011,0.0017587271280001334,e13ac15ef6e859fc991d5eb8a964cf642838ea438457325b1fff6cdb77a60f69
UNION_s2,objective,63,0.7930453944991909,0.7860175560425869,0.007027838456603951,0.0018396818748123139,d68f1dc0daf9ac4891c541988fe943a1f1d20cf8ce405363e5d3ffd351196c92
UNION_s2,objective,64,0.7930265877892363,0.785948842722292,0.007077745066944273,0.001282919722928027,5449f3d06cb37643c567965d83903ea7ce14ca0aafeadd502dd5977bfdf7da68
UNION_s2,objective,65,0.7930161065197346,0.7859586570883599,0.00705744943137475,0.0008254110361087687,e4c8424f281c06a89f445fdae63b9cf85b21fa4fdf86491239bcdece1de456b2
UNION_s2,objective,66,0.793002678913137,0.7859655344623625,0.007037144450774564,0.001145276209934586,73f9a85eed6bd22b7c479aaefba5a0124b5a122564b12f5776dc54ba9512e34d
UNION_s2,objective,67,0.7929971298191765,0.7859088936244142,0.007088236194762334,0.003423117036209807,f61b5b345ec4ec38762050af2c85eeae622bfb2bf1e4fb4d3a62c789e34a75e4
UNION_s2,objective,68,0.792985011347016,0.7858917557394769,0.007093255607539135,0.0016812664363774984,3a5b9d9419aef37ffc727c296265030bd9c010690feaa7981b1a99db0ceabbbd
UNION_s2,objective,69,0.7929753203572589,0.7858472688269109,0.007128051530348049,0.000937278860299692,0e41b5e4157ea38bb090e37aaf68f3be6ae037490ca7185f80c98d0655489b17
UNION_s2,objective,70,0.7929695560327309,0.7858088580962928,0.007160697936438169,0.0012080737844632173,650a0377482a9dba30276350cf64250dfae970836eac7686d3492e1c298b258b
UNION_s2,objective,71,0.7929548779507842,0.7857495463098062,0.0072053316409779996,0.0017656644691113397,43de442585e0ac9c0274b3dbba34d4cf70ed427e82fa0ba5cba99cf207ff7e57
UNION_s2,objective,72,0.7929674572640151,0.7857008891286932,0.00726656813532193,0.004553374639434074,3c2348448460c0e32fa680b2a11fde4b8dd024442b33802b2a6358921592e295
UNION_s2,objective,73,0.7929462290896498,0.785717446774492,0.007228782315157878,0.0014651765996454675,8c6bec7260018a03eeff8c8d97dff70e4e1ce84839f1cfdc0bae1e586887ed65
UNION_s2,objective,74,0.7929351768781296,0.7856987862962984,0.00723639058183125,0.0006871854263323757,d4723708d5b3ff97277737a239678d0f88d36293cad1bd602ad0cadf7b18012b
UNION_s2,objective,75,0.792930923379718,0.785712341666312,0.007218581713406088,0.0005848551775986709,3beef0c58da726ee1399587199fb311252779baea34c2bb9788d65e3db17a299
UNION_s2,objective,76,0.7929227690788676,0.785729723797804,0.0071930452810635885,0.0005754010630220105,f510a7aa4919b9e80ec87170b55385798a62248b81082ba74c1cd25848247193
UNION_s2,objective,77,0.7929126804909242,0.7857341533880016,0.007178527102922627,0.0007784033829210535,75c886110563a32b324f9e18a8d5ab2dcd078d9b1f16c7a7316d94bc5d88db98
UNION_s2,objective,78,0.7929368796813113,0.7857116919192851,0.007225187762026208,0.0032317840335305092,3e2c2d60b091e8ae19a233ee4bd0f0aa97465083f92f32d1404894c4ca5d7636
UNION_s2,objective,79,0.7929060128127715,0.7857130918532497,0.007192920959521795,0.0009996236917966938,f24202c4d798978401f7a7276bc46436fdfb97a0b2300547b62cfa4c55d73b81
UNION_s2,objective,80,0.7928963363739486,0.7856861471152733,0.007210189258675303,0.0006996230944871192,ec9c5489310f5dd73cc6e4c75078effa87186509d34717022c59e84d1859907d
UNION_s2,objective,81,0.7928895845262749,0.7856626863954159,0.007226898130858969,0.001399901708789707,0b3f38b43771821436aa9eef8b59278478924702f6e396bbb331186984eb3439
UNION_s2,objective,82,0.7928847525484929,0.7856299377317785,0.007254814816714401,0.0005719548320034755,ee3f99f32edd418eea657b97fb45c7b159db587532caf8da8eba26771b4de717
UNION_s2,objective,83,0.7928814602014739,0.7856141509985914,0.007267309202882414,0.0005543968343390995,954301116be3485a68b5ae8492da21a63c578adb58de355f6d0b991ed913c611
UNION_s2,objective,84,0.7928706987660253,0.7855792613900582,0.007291437375967145,0.000840650609320551,9641d5be80764da37a2addb513db7f60391d60c490992a0f1730b8ea8b52fc3a
UNION_s2,objective,85,0.7928679024683128,0.7855736163689924,0.007294286099320502,0.0014297541194734375,cedb1fb62046d723eed906a03f3019b119a799c55e396720de2decf0ec72d361
UNION_s2,objective,86,0.7928644694874869,0.7855790667311082,0.007285402756378722,0.0005375577137077683,ce7f87e4d85f8d1eb0092ebc519da60c29a634e212cc2b590023f15daecdfe2a
UNION_s2,objective,87,0.792862563563095,0.7855851063309522,0.007277457232142827,0.00046568856478182907,e810ac91232dc6d6b868841092df8296b5275f86016e228e6041333b5072be73
UNION_s2,objective,88,0.7928595585853612,0.7855850436452639,0.007274514940097187,0.0005293729117087195,143075808517d38ee6a0b1094d6deaf78809a71b641a84c835cab81758253abd
UNION_s2,objective,89,0.7928542510105111,0.7855672176567479,0.007287033353763246,0.0005783690617632977,d657cd933e01b1e94aebf818a9945902164c24cac9babb79c266a496b6d934bc
UNION_s2,objective,90,0.7928499410163667,0.7855342157948718,0.007315725221494965,0.0011284234234797362,ce6b733a980eb29f86dc62b148e9197be5016ad7311d17b3706c3d3b6b5970e4
UNION_s2,objective,91,0.792845250889741,0.7855072142174995,0.0073380366722415324,0.0003805317796532564,82ed13d855df487e33ccfca3818fcd3390d9e1f0873f388a69b5935f5c3bbd4d
UNION_s2,objective,92,0.7928434668137886,0.7854923970389506,0.007351069774838045,0.00043748898903577356,6fa5479a8941f327297cc110f9c6f2a9f21a53928c50c773c6f6ad7724e11dec
UNION_s2,objective,93,0.7928423438691027,0.7854726152645036,0.007369728604599022,0.0006139648350975817,6f8b400f08de253e94593b9d1704877e9d2c8ff607b4529703cfbb470b9fe71a
UNION_s2,objective,94,0.792840672221444,0.7854642340238733,0.0073764381975707565,0.00045033339414911376,c573b0d16917de4486fa6e23260c08196d812ede3550b71357011c7f646b2678
UNION_s2,objective,95,0.7928394769574504,0.7854648105003361,0.007374666457114265,0.000425244531361312,0ee430e6515187ca6a78a9916a5b3cb9c5ea0ff7cb6f7a32508b3a337bc0ea9e
UNION_s2,objective,96,0.7928364936087227,0.785459674073943,0.007376819534779699,0.00036693386940619884,001a471c85e64fa9841cb7e2e1af8ad11c9143dd7ff2058e05ff4bbf1550b5e4
UNION_s2,objective,97,0.7928427814527284,0.7854470068289344,0.007395774623793906,0.0031345030527866317,067a42778f08668327ea0e142ca57a7625db0410dca7fe1c7f1f797dd3cefe57
UNION_s2,objective,98,0.7928356550914138,0.78545404978918,0.007381605302233916,0.0007317114620009012,93701462eba568bf4c5fa2b2d18486083d09c1583aef2aafcc9c3f0cec3992df
UNION_s2,objective,99,0.7928337911343594,0.78544834959626,0.007385441538099427,0.0005574460423604334,d203a2d3eddccb92e8206abf8ce267e8f3072f58c2db756819e55017569af684
UNION_s2,objective,100,0.7928310009246244,0.7854413613893528,0.007389639535271554,0.000372196359723923,87c34e586cfa62c06a8274fa7fd901b7c1ce00d0e45d75936373a60fdc599054
UNION_s2,objective,101,0.792828839517582,0.7854285375808291,0.007400301936752947,0.00037962725647492604,121fc60208d0a6dedd9bc0dc616bf4d237c2ec7d00b865be084e43356e99eb7a
UNION_s2,objective,102,0.7928260818675948,0.7854200877893751,0.007405994078219783,0.00032356492342740245,0e07bf2030c481c82109502ff8ce23199039a14ac3f20da155b07220f22a6045
UNION_s2,objective,103,0.7928243367645782,0.785412257658914,0.007412079105664258,0.0008335786219122376,a7217ae5361cb1220526796893be980eacc6821f93f7010969e4568c155b0c38
UNION_s2,objective,104,0.7928228174939332,0.7854114749487968,0.007411342545136376,0.00033701112967808437,d3ac32a33a5801fb9c7657d1a66e25ba8138f0feb7875eec681bb4f94b1022eb
UNION_s2,objective,105,0.7928223456614515,0.7854157586480897,0.007406587013361882,0.00017409401234107544,5bc8ead62279e921c73ebba619d855ed3e14a9d2ac222755f7f553e74db43e16
UNION_s2,objective,106,0.7928219284883594,0.7854198784866606,0.007402050001698761,0.00016644472609276094,c3ba5b6203372a82ae5e1f3372a155faac8cf2a09a23dae79779ee4fbfb80827
UNION_s2,objective,107,0.7928215373414254,0.7854280506770471,0.007393486664378223,0.0005593924582717813,5d5c265b40704bfd82cf5a8549e4c1d72a2e03b833496414c82e8969b78bd405
UNION_s2,objective,108,0.7928209017871034,0.7854280831597406,0.007392818627362825,0.00029954419211292545,569fdc9fbb09b816d1235f6332337ffa3c99564a09ea37a4438d2da3a3d7e973
UNION_s2,objective,109,0.7928201766237807,0.7854270618088095,0.007393114814971153,0.00019183878943136983,a597bc616fb7440e9491777044f39c80fb5327f181f8d82d82d66f290cfcdeee
UNION_s2,objective,110,0.7928196774066348,0.7854274033810514,0.007392274025583405,0.0003260116787750393,2fd9daa3e5ccbc59c3490615fdb61012d5e5ad480b1085b3f1b85fb7a3561ac7
UNION_s2,objective,111,0.7928190872819956,0.7854253083337859,0.007393778948209735,0.0004126096245323197,07a8a8ef5120dcee0cd0989dea824be3b453233b0f4c7728a0d4954857de09a2
UNION_s2,objective,112,0.7928183832874282,0.7854282428718755,0.0073901404155526824,0.00029206507127386825,d001fab96cf19b49105b98588588121b86415429cf2603fdb2ac8940501a1710
UNION_s2,objective,113,0.79281784440776,0.7854293721809669,0.007388472226793207,0.00023162070003194662,cc7f06cffc36d100e852a8f22972411faa8b0cb68029c4328226215a1c1ece35
UNION_s2,objective,114,0.792817210893539,0.7854288288830844,0.007388382010454504,0.00011987999714829358,0cdd52237215c4bf1ea6b6963872b71819011e7eaa45028992198e19ec1655b6
UNION_s2,objective,115,0.7928169666961078,0.7854295983221176,0.007387368373990208,9.48342180385004e-05,34cc4c9bfc2687552f6f3f2ac13631ea45215868440e947a8bde18059ff27b62
UNION_s2,objective,116,0.7928167825449367,0.7854264023224189,0.007390380222517856,0.00023193199497170954,88ef15767433e87a9d40319ab8029f2cfc0bba3bb6d133a784c2557e867dd093
UNION_s2,objective,117,0.792816509756553,0.7854274786472611,0.007389031109291908,0.00019366519959773475,ff7f5f204268d833492e96ce83466208f0112dd74ef78b0730379cb86a9e98fa
UNION_s2,objective,118,0.7928162930524514,0.785427689828734,0.0073886032237173455,0.00017751028680808515,f0162e65cfc53c63e7f5e9a087b444591b18fde58698051bc1002e60321b0180
UNION_s2,objective,119,0.7928158437720592,0.7854251594763245,0.00739068429573467,0.00047872492859356584,bedd4209667699638d712a95874e81e7816d1b89d767ed923f66186f0588945b
UNION_s2,objective,120,0.792815468528713,0.785424489446827,0.007390979081885971,0.00019374897684546467,000df30ad90173e1be7cc71691fb99742eade7d0c9a4ea12db0808374b9ee3bb
UNION_s2,objective,121,0.7928152048693213,0.7854228457925557,0.007392359076765625,0.00016037361227669322,9fef23c66988bc5476d539bb749249c1519c2f03a921dc3b615462d485f1546b
UNION_s2,objective,122,0.7928148681568021,0.7854197857487768,0.007395082408025386,0.0001809602502378901,d209aab3df9151e26b48c29c9a94499813ac11c0162fd2740cf62d6a22e3d553
UNION_s2,objective,123,0.7928144817018672,0.7854168168756428,0.007397664826224412,0.0001765100832095649,2b0f6dbec6c36b7b62811d7e69a2fd6906e9923b703e86e7342ada318bbce826
UNION_s2,objective,124,0.7928142417915378,0.7854131183095614,0.007401123481976386,0.0005759629956785098,860b5cfb8c4ae0f31e81ad5bb9b807d28c78d8faae0e212442987469f8e57810
UNION_s2,objective,125,0.7928136903834803,0.78541057314068,0.007403117242800269,0.00015306376740869667,004073204ab5a65732e8b53c97caed9e4b5629fe8bfbb51d0ffa176e03ff76f4
UNION_s2,objective,126,0.792813533614989,0.7854105640274935,0.007402969587495422,0.00013494718270500838,6fe752592fbebe9862655aa646040e81ac62c6cb387d85f0c77906777981dc80
UNION_s2,objective,127,0.7928131291580017,0.785408192396971,0.00740493676103068,0.0001325005534021902,f976435bad7ecbbf1a2264890dfdd4290ebcffb6df2671e283edb03d8a4b5015
UNION_s2,objective,128,0.7928127384563171,0.7854088289827531,0.007403909473563942,0.00012759420916464835,e8351e4a5bb3752110adb1d6e250d6f37bd6c89b0b2f9b770daa3065276eff95
UNION_s2,objective,129,0.7928122223877416,0.7854079402180925,0.007404282169649162,0.0001751760494662637,5504d5dea03a2e729d5502fb9563c2c1501dec4eaa879aa895e9dddbbd6a307c
UNION_s2,objective,130,0.7928118642565656,0.7854074961770554,0.00740436807951021,0.00022299536898093592,d2d552afbe39ca1eb0d11a90bb18bcb0f2a1ec7a744d0f2e48bbc4829d88e540
UNION_s2,objective,131,0.7928117423387362,0.7854069958180668,0.0074047465206693915,0.0002563384737887347,6b7663bfc706af8784408951603d03279452fc5b8b5052f9ba3bfb49ede8b3a2
UNION_s2,objective,132,0.7928116493185999,0.7854068235468111,0.0074048257717888475,0.0001476512092059462,ff6a022d86296c5b8f1bd562b4fe096f44f784229029ef2a877e937021965165
UNION_s2,objective,133,0.7928115123792827,0.7854062746701053,0.007405237709177417,8.769744629365363e-05,ca0a0ef537d99a4945a0dca154b12bb4c31dd92f102af9625100cc0b26cf7ac3
UNION_s2,objective,134,0.7928114270994326,0.7854057523834286,0.0074056747160040105,0.00011344717963374233,9c94cca80a840000398fa6176ea1744e797585366e49e02c9c57bdccdb04f6b9
UNION_s2,objective,135,0.792811296702548,0.7854053580036134,0.007405938698934543,0.00011091687210223866,785217f40c2e66cb97bea59077b28778215645a8c5fe4923c6a8de9427d2314d
UNION_s2,objective,136,0.7928113537617613,0.7854055394267124,0.0074058143350488196,0.00030949911073630324,c169f86437ee318ac4d211e00b66feb7197bdf94bc56b87d690b3a44a1bd26b5
UNION_s2,objective,137,0.7928112131933828,0.7854053304980737,0.007405882695309095,0.00014470332406473467,3773c1aa9523e4dc08f4bd24df441b34b152cec3481c414c50356abf69b421aa
UNION_s2,objective,138,0.7928111277229699,0.7854053228511154,0.0074058048718545115,0.00014416545094070478,c837daebea9365a8ae18ec9da1f6e8579a14e758af9d55a56c62a93d4bdd3637
UNION_s2,objective,139,0.7928110670269459,0.7854056360845705,0.007405430942375465,7.362033860910342e-05,a398fa0d9a1890c66b617fe9f0c00138446e10f576a9f686a1a0f6f6a2845158
UNION_s2,objective,140,0.7928110295548587,0.7854058169716345,0.007405212583224225,6.670647539574894e-05,d47140ed084f635b369aa1b8a3eef71a3b57646c45192228f18008c1bfd23487
UNION_s2,objective,141,0.79281089847415,0.7854062436686933,0.007404654805456706,5.216899040904365e-05,b1cdb70e8a9a5ba37f142645319ed6e473e045f3a3adec3382144cba08a7400a
UNION_s2,objective,142,0.7928108009411718,0.785406461010753,0.007404339930418943,6.542811609937271e-05,2ddd4b864b96308add1a051090829a14ae0412f804309746a8af3be148789282
UNION_s2,objective,143,0.792810774705162,0.7854065382620814,0.007404236443080625,0.00019162321193630987,fe7ee78e5b6e240af47a210afb617eafb482e8fc4751eca2a98b2bff42bbc809
UNION_s2,objective,144,0.7928107049505314,0.7854060129533066,0.007404691997224791,8.886095003372104e-05,075fa7207fe7968d1ddbffff2b05f4c10870796356744aeabc3bed7ddb2a9991
UNION_s2,objective,145,0.7928106760699127,0.7854057914657501,0.007404884604162691,5.9523906351146715e-05,7f0dae972202d65734408516287482d3adc80e0205e494bedf2b754d43cce096
UNION_s2,objective,146,0.792810602765669,0.7854051709126911,0.007405431852977826,7.012171370910876e-05,56b7255e4ebd41e5e30efe293fffdc73ef3e375a36597813709e3f6fcbe3f488
UNION_s2,objective,147,0.7928105821358562,0.7854044243293749,0.007406157806481399,0.00025228412524061435,d37d1240ca7a033e6355178c7ff25f1f303a65850261649836dd0f8a81b4fd4d
UNION_s2,objective,148,0.7928104664177806,0.7854042821004878,0.00740618431729277,6.541708746760967e-05,0d79f4ae0248cae71103d5f50086c49d4363c58265a7b40a1b313bf29622ad45
UNION_s2,objective,149,0.7928104462095946,0.785404298005594,0.007406148204000651,4.162231796271057e-05,53f4044f301370d15f2f0ee7fc0fca35daaf756a076a38d7d4577c876535b8a5
UNION_s2,objective,150,0.7928104198904389,0.7854042601075041,0.0074061597829348505,5.139938408178838e-05,a0147f4559a087bedd0e9ca69276d4d1bdaa835203c2986a2396fbf3a187237b
UNION_s2,objective,151,0.7928103998987218,0.7854039697757208,0.007406430123001005,0.00015844273836553206,766167a90850cb27a69622aa38a366137460c264a6cf7e43bf19fdf4b7c62800
UNION_s2,objective,152,0.7928103581762199,0.7854038048299097,0.007406553346310243,8.032807872903769e-05,e18d42befa45f93809b6b82451c2af5024294e4a4fd1882cc3ef41aeee1f5b00
UNION_s2,objective,153,0.7928103100452626,0.7854033899852944,0.00740692005996822,5.7651690897206356e-05,947c179249888d6b5494c109262a0e6ffe9fdb7ae74839485f8fefd78c04e6d0
UNION_s2,objective,154,0.7928102715356979,0.7854028518003635,0.007407419735334446,6.854607625383646e-05,15861eb9827b4b98545b368015aef17fbd4903cd1f5a9e181a33cefddfa42755
UNION_s2,objective,155,0.792810224927129,0.7854022649463966,0.0074079599807324375,8.679894771529939e-05,4bddbd9f9b3f2f254ac156b6015dff55ee2c3011b80a98558c6fbbd201f590fe
UNION_s2,objective,156,0.7928102032436158,0.7854010705753457,0.007409132668270119,0.00010297095154515926,9d1b74fc1ee174119ac16a3025e0a3c3fcc70a65184cd42139e9bb31ecd37fdf
UNION_s2,objective,157,0.7928101658321507,0.7854013304186211,0.007408835413529551,5.6176278580670995e-05,27a1fcc5203085b4249a2f467817944ebf3858799796b84badfcd33aa7310a69
UNION_s2,objective,158,0.7928101464197189,0.7854014449292109,0.0074087014905079955,5.9370992237904846e-05,463487813f4e694affe5b6eea3f94a6fea042085b454f0789c2b297d460eae0f
UNION_s2,objective,159,0.7928100931649732,0.7854011423873061,0.007408950777667115,8.980417260487842e-05,e3646f5db1a32cdb320827a981997aa8612162f91b94cbfbd9d1152fe80460cd
UNION_s2,objective,160,0.7928100320101212,0.7854003115983214,0.007409720411799829,0.00010270223917830904,8f58a28b7b33499a6ef642f1295ea69290e999e58d1a72cc313c23909ba3b63f
UNION_s2,objective,161,0.7928099880625852,0.7853994503058909,0.007410537756694359,7.019486231436717e-05,99395834a8603d901ac993b26947cf9e1f741a45894776e2eb3df746852369ee
UNION_s2,objective,162,0.7928099638232672,0.7853991203485391,0.007410843474728073,4.4295509736468775e-05,11ef66ecd12e4a0a2cbdfbf6e535a3ca7c7a67656e03f56aed9b7f1ae2604fc4
UNION_s2,objective,163,0.7928099306709879,0.7853986686108667,0.00741126206012121,4.532031240916657e-05,e6ec998f3f489d887285798525ce7242b4c54695495a5b24285485de16a6d12a
UNION_s2,objective,164,0.7928099074108609,0.7853984160920434,0.007411491318817414,9.667583289623841e-05,0b8d0ff014499bea7429c48aaf7fe80f0e9cc0c3313f78b73ac75d8dabf577d9
UNION_s2,objective,165,0.7928098774429231,0.7853982724638859,0.007411604979037123,7.169547947427446e-05,855f193b89084670402b2b97196c190c5b3083e2f1efcd4334fb85abb9b85d30
UNION_s2,objective,166,0.7928098464748321,0.7853982944651183,0.007411552009713748,4.6187803543950505e-05,cc53f6ca0da6bfddc85ae4420f17b9f94c51514ef55f1631f0b342f936990edc
UNION_s2,objective,167,0.7928098145691475,0.785398238035827,0.007411576533320441,3.300361394146087e-05,2c9c6cd4428710ff5f8b8c7a992cc449f397f75d468e8969a2c5ddace9ae8b9e
UNION_s2,objective,168,0.7928097925700464,0.7853980922874406,0.007411700282605793,3.7292098819318974e-05,576c09d004783bf64e09015a7c7c016d41bd07c3ed928556f0bba77935e65c5b
UNION_s2,objective,169,0.7928097899768592,0.785398119694983,0.007411670281876334,0.00010709877309256055,da557a7bd16f0a29d027e1bbdea4d1006bb9c5b73508163bbebcb87d5df107f6
UNION_s2,objective,170,0.7928097701539448,0.7853978964882952,0.00741187366564962,2.7897145524065882e-05,212f38e4f96fdc2ef91f1b019c7bb1735ffbc281d03fac6e040ecbf101f962b7
UNION_s2,objective,171,0.7928097645343218,0.7853978816687808,0.007411882865541074,2.4000204228177366e-05,37add2d43b171d1e58595adbacda9f914e31d8748c4011afeef7f5452e7ca36f
UNION_s2,objective,172,0.792809753430656,0.7853979717415202,0.00741178168913585,2.736573431561886e-05,7b4f0fa25dac0425187906795d27e3312416d5ea7c7ad7f6e6dbc2668f1c1ca7
UNION_s2,objective,173,0.7928097582247439,0.7853982668079409,0.007411491416802966,0.00010246339863418801,f95c59639bbc621e23ddff30faedd44af89fd0ac98285d09a050e0bac3de0863
UNION_s2,objective,174,0.792809748372793,0.7853980879020266,0.007411660470766503,4.0437191786031784e-05,12574491b6a2df5503f67e9999754664aa98e55d0a934b2af318dfbe43cc5d34
UNION_s2,objective,175,0.7928097387666075,0.7853983019935431,0.007411436773064459,2.3953388757468883e-05,39057c65344d10fdfc8072adfe3a11bd2b4f1093679fce7be032f81ae883c302
UNION_s2,objective,176,0.79280973177477,0.785398478699773,0.007411253074996962,1.8411277272336083e-05,db5ff904c5aacb0e7496f56dcd45f51ff3538e3b1966531ee3ca83efd43958c0
UNION_s2,objective,177,0.7928097281635966,0.785398654144531,0.007411074019065555,2.7399608802113092e-05,7cd2326675638de94d0721a754cb8fcc2ec62e9f75a29dad7c11362b21095f6b
UNION_s2,objective,178,0.7928097241028844,0.7853986892756877,0.007411034827196703,2.6283042393017467e-05,6a2ec12e494cb9d63375473fa578f74bce39255ac19b69c71074a40674cdd688
UNION_s2,objective,179,0.7928097202805895,0.7853986678527757,0.007411052427813823,2.7054681338042228e-05,7eb074d5ed9084a2ac13ceb9f926780993a15dd6cd42c9ed0fe38069805da572
UNION_s2,objective,180,0.7928097040100377,0.7853986557721052,0.007411048237932527,2.737526288311979e-05,006182a1be77e53d68f2f4b16ac15abc3080aba9108311a92676fa0cc551f489
UNION_s2,objective,181,0.7928096963739178,0.7853987243020445,0.007410972071873348,2.517463078223661e-05,6f990df53cbd55199233cc60b9728eda23c2705ec6acef49a851ac61ca436bf1
UNION_s2,objective,182,0.7928096899890051,0.785398813342671,0.007410876646334127,3.720850934865268e-05,a4d8df210ae0492eaf3dbb13affafe05144a6477436dc78069860a0c5e9bd166
UNION_s2,objective,183,0.7928096838073085,0.785398844567628,0.007410839239680539,2.409273711730442e-05,bd1a99246c553e0f32b0ce155a4f048990602ba87b5a7cb046cfbd26ba7d3315
UNION_s2,objective,184,0.7928096770924076,0.7853988344610134,0.007410842631394107,2.99048264441524e-05,2cf5fdf7c7c599fb49c7f0cd6e0c7276fbe2dcf40ea993edd40959d091f3932c
UNION_s2,objective,185,0.7928096710562239,0.7853988091914397,0.007410861864784252,2.1767958960803052e-05,40e46f15c81f3f77226e4f302fc7d09f133fe8ca2d5fcba122d32764d8d3ff1d
UNION_s2,objective,186,0.7928096669546039,0.7853986573069197,0.0074110096476841325,6.496699140646546e-05,cc25a534e419e5793dc1b09628720fe3ad56cd443ab65dbd73a3db08cbd904e1
UNION_s2,objective,187,0.7928096606088197,0.7853986362441155,0.007411024364704196,2.0429282814516008e-05,bec5fd9714c75bfff8fcc34a9dd0085091742141568991eda9f0d356756b0c5b
UNION_s2,objective,188,0.7928096580012951,0.7853985988699833,0.00741105913131176,1.7890747627078115e-05,2d51bf1244e724c710d26d208a139d302d5ad2c3145e589336d3f95ca90e1457
UNION_s2,objective,189,0.7928096557823474,0.7853985462450593,0.007411109537288045,1.905023084818645e-05,d527e2306bc0e0b1e68d5f3756e377f65c147d3477b4f8b3e25eb422cbbd6509
UNION_s2,objective,190,0.7928096535257403,0.7853985281892566,0.007411125336483657,2.0012876564506945e-05,2412e3ec345789f198f56f47127028e05cf1809a16b98183542d6e2b13de24b6
UNION_s2,objective,191,0.7928096507395943,0.7853984446574168,0.007411206082177539,1.6203651659986173e-05,bfbc9d1e4d9e832a168ff03d54e7405c6c0eada03e91ae5c4e88328cc0d969b3
UNION_s2,objective,192,0.792809648906975,0.7853984580085231,0.0074111908984518466,1.1550426003961036e-05,03f47c06a82ff19b3030746c46420076f57fd08674ae4acfaa4d89ac931d7a23
UNION_s2,objective,193,0.7928096455977532,0.7853984689468674,0.007411176650885816,1.3505386634375996e-05,68709a01259bc9f5f5cfa5205ed6562839b8753be76588048f3310ce7fc2d3e4
UNION_s2,objective,194,0.7928096437099507,0.7853984495633802,0.007411194146570459,1.9743520319070772e-05,fe6147bd2ddc31d6d0c14a62b87df26839f4b0123cda2264d19cbbf97b3b8e75
UNION_s2,objective,195,0.7928096412580916,0.7853984279362122,0.007411213321879417,1.2904632466102621e-05,2663a82c218732ddc91a561fefbe192e9aff560a0ac5a88fcf0a0b8c8e2b68a2
UNION_s2,objective,196,0.7928096392439422,0.7853983804646976,0.007411258779244609,1.3045901124254632e-05,b6afe2a334ca862dcb028a4999aef74daba65023c5ac0985c6d6bc908d2ea8ab
UNION_s2,objective,197,0.792809637230782,0.7853983293599204,0.007411307870861632,1.0286844694515097e-05,93c893e4dc7fcc89875fa90023535f7d50f560bfa4415cd6cc914487f71679e2
UNION_s2,objective,198,0.7928096357583125,0.7853983237244829,0.007411312033829593,2.1592997266904134e-05,5a3e09bbf23f12974ef5e2888662d72a1e4e7ea88312d9db8a8f911d5d231090
UNION_s2,objective,199,0.7928096364405374,0.7853982899839385,0.007411346456598941,4.0456494138726004e-05,2328b0c68bc600553d4e1deda48d263735e40397288435a6aa1e3b6f7436a767
UNION_s2,objective,200,0.7928096350080897,0.7853983085367545,0.0074113264713350935,7.560017338820181e-06,9545f24251caa2cea5d4ef0a5e52f8a4bbda4bbebda7a72f243ed118dc278c5d
UNION_s2,objective,201,0.7928096346567032,0.7853983168302273,0.007411317826475907,8.042666762140126e-06,88dab8e1af5b4abad3a5b372a09f9c54a6c38d7c57bacc7b5dd332cd73389181
UNION_s2,objective,202,0.7928096333604172,0.7853982978420868,0.007411335518330421,8.370903195220354e-06,a23a7b3e18e1daef0c8e6a8b244410813125cfeddbb93bb9e5f77c0e1a69ec10
UNION_s2,objective,203,0.7928096329975194,0.7853982500460764,0.0074113829514429515,2.5981353606521902e-05,bdc3d454b46295b7ac966dc2c33b91a3cf4a5625c9b394b4910c47d965171403
UNION_s2,objective,204,0.7928096315534747,0.7853982344229948,0.0074113971304799195,7.419741712382714e-06,3dc49137e03811c59802e1b1565226736fa57b82ba115537d9cac89f8d9ad955
UNION_s2,objective,205,0.7928096311515966,0.7853982225199054,0.007411408631691234,5.42251049044542e-06,a170edf44382bf0f1e80193c4237ab70d35ad7bc85ab669907e4722706ec21a2
UNION_s2,objective,206,0.7928096305300727,0.7853982057282433,0.007411424801829489,6.841672834671858e-06,44d11a4ad6265184494eb2e395a124c3ae09131c680293d972ef5396108aec58
UNION_s2,objective,207,0.7928096295951065,0.7853981948554083,0.007411434739698227,7.781211227948595e-06,81b312e3db2219f188c0eff5e6033972733c72de3e5444b6c3e374a31943704a
UNION_s2,objective,208,0.7928096290376956,0.7853981886558951,0.007411440381800579,2.267494468918936e-05,bec0cf2c78a19176a590582c4bb35837d00d562d7f9bf93579f8995a74d4226a
UNION_s2,objective,209,0.7928096280156929,0.7853981932086043,0.007411434807088606,4.632158070241369e-06,f5e2b2bc75cc783b6ef33a58de471ae50f4c9b5e0ede68b93b21040988dfed15
UNION_s2,objective,210,0.7928096277865518,0.7853982055687332,0.007411422217818705,4.000441797385483e-06,c3676fedc0363dd1cc9513a35658c28df155a051dc5610453bbfb7f22cc64674
UNION_s2,objective,211,0.7928096274514455,0.7853982166045045,0.007411410846940955,3.7214453674613674e-06,aa280da674e677906ee648e19da3b4471204b4db82bb850206eac4f31bf73994
UNION_s2,objective,212,0.7928096284636875,0.7853982447930732,0.007411383670614341,3.5608445177455435e-05,78cec5219f46d67ec5a63995403f358517f5fb2ce1805a1db8f467e3f2c28534
UNION_s2,objective,213,0.7928096273478518,0.7853982228510094,0.007411404496842439,7.913528291131968e-06,5a7897d54c1988de1671b4fd0925b1307ca3831b0b0e6d8f0937e7bc7fee109b
UNION_s2,objective,214,0.7928096270748417,0.7853982289363984,0.007411398138443227,3.8089866027515924e-06,4db802abe6726c4a1c14d66e56b76e657049b187d411d14c8889dcee70726f17
UNION_s2,objective,215,0.7928096268473465,0.7853982285996527,0.007411398247693791,4.152233715681041e-06,ccd59de761c09e21566ec3ffd276e1da743933143446b6270a4b29a1445c35d4
UNION_s2,objective,216,0.7928096265594085,0.7853982237192435,0.007411402840164971,4.259521821131904e-06,cbdf79629d7d8f284309fbd5bb579efedf51ff80ecdca043620aeff6fa7cc196
UNION_s2,objective,217,0.7928096267310194,0.7853982036259529,0.0074114231050665174,1.9471776462344467e-05,f378b9a146bce7b8baa7be0d4a980b34fe8664b4d9118b7871cf5fd386af62d2
UNION_s2,objective,218,0.7928096264090511,0.7853982153489399,0.007411411060111082,9.022373292579225e-06,c5fd450859e1b7f37494f6eda7ae074db98c4441af26b7c4da8c9f97b494ca49
UNION_s2,objective,219,0.7928096261591981,0.7853982054811288,0.007411420678069333,5.124367761876874e-06,af6dc9890df26304e113a74a989b1a0b5e7ecae3008c14032223be17987f2078
UNION_s2,objective,220,0.7928096259428892,0.7853981905566002,0.007411435386288935,3.395650106998844e-06,6dc1479257207c367f4cbd56d9c8b02a9fd2c4882f41e19dfd833a416441daad
UNION_s2,objective,221,0.7928096257490043,0.7853981722975039,0.00741145345150045,4.250793680955751e-06,3b60c22c32a40bd6c97cdcc6894760386f1ed11ef4b0aa86d484f00e341a6d03
UNION_s2,objective,222,0.7928096255172347,0.7853981472840758,0.007411478233158883,5.4733316373906525e-06,67c4c4069524238d3965082a6699ae41db17cfef9d46c11949d8f09e1675167c
UNION_s2,objective,223,0.7928096257071141,0.7853980950879224,0.00741153061919172,1.768446063209162e-05,86c0a569e22748d2b6b09d7799158570facee5457e1d7b18f93fa538e156b4d5
UNION_s2,objective,224,0.7928096254016461,0.7853981272213946,0.007411498180251588,6.169282898650429e-06,6080707f3e3ca846f5c493e4b8ddf7611e28613148e3b4099cfbe756db373411
UNION_s2,objective,225,0.7928096252725029,0.7853981172853304,0.007411507987172507,3.3827416860392105e-06,dc8255872f1afb70e35d59f3ccfd8aff3d2dc2fec2c36d47661b3c894f832213
UNION_s2,objective,226,0.7928096251506618,0.785398107249779,0.007411517900882825,4.024067046063224e-06,f622b40b8fc32e7cb64695bb90b8409eeada7627f2989f2a3e861aa2ab13a7b7
UNION_s2,objective,227,0.7928096250088248,0.7853980931516247,0.007411531857200114,4.916144099861691e-06,e282965004936f325468d793cf1ec854d9c9a26843730a4019b61a6ed360b293
UNION_s2,objective,228,0.7928096255744644,0.7853980229161437,0.007411602658320706,3.3351747608470613e-05,48e632d4fa468230e148979e1e79e90077fc8746858a092b9fc507c71fc03a20
UNION_s2,objective,229,0.7928096249197287,0.785398073988117,0.007411550931611674,1.1300760006878034e-05,bcf6431cc33e6b5d6494c2743bcc37e0b1007cadd54bcd2b97fedcdaa0ce93a5
UNION_s2,objective,230,0.7928096247099259,0.7853980507406924,0.0074115739692335045,8.163549138971486e-06,fe8c4521d6a87ceb467e779dbdac90624bad305a9722eaa21b9db724d5b46da0
UNION_s2,objective,231,0.7928096244590775,0.7853980102294407,0.0074116142296369305,3.1770417876168025e-06,3f9dc6989fc548384efc139dfe9b90defe0f1ae4fcdf367dd0c942eac7b1adb9
UNION_s2,objective,232,0.7928096243663119,0.7853979885614025,0.0074116358049093264,2.340161043972047e-06,168af3af96e4c0326f271e74e1fe3b7f9de9d24fff68534d18a1fab31e729945
UNION_s2,objective,233,0.7928096242993616,0.7853979725747399,0.00741165172462181,2.7101176552946505e-06,b8039a9e9043d789cd3d85a1d2403bbf5833ef3a857db7024461ff4cb864d159
UNION_s2,objective,234,0.7928096242150978,0.7853979438073443,0.007411680407753549,4.018749635149454e-06,597576f8cad7f87d2ecec213c3370c6931fac6a00b9dafa2ed37b23746e9aed6
UNION_s2,objective,235,0.7928096241108591,0.7853979126367222,0.007411711474136868,3.280194180717211e-06,bf639c5626078a85e3660bd7516589229410d0a4621ad16c9702fb4af591ca2d
UNION_s2,objective,236,0.7928096239955688,0.785397883121061,0.00741174087450777,3.280147009688771e-06,69db27a2b6f6913b49cd6f73b475e386c1a0d524c57223f17a39050805c0a3d1
UNION_s2,objective,237,0.7928096238081456,0.785397779890233,0.007411843917912605,1.1581304466537844e-05,ecc246121b8ca6dd902673b33eeb8bb375e18ec54f6626c2bc0d67b92e27b58e
UNION_s2,objective,238,0.7928096235948355,0.7853977261046525,0.007411897490183028,3.871704137179004e-06,fba072131009658c238b47af94127745940c53de6de45e6e84e9419563bee1ca
UNION_s2,objective,239,0.7928096235133568,0.7853977095205557,0.007411913992801218,2.5106272600512336e-06,6acbe79f235d334bc2fe68e14d515f1cd2e09c4146d63fccd54a8a2f8963235b
UNION_s2,objective,240,0.7928096234190675,0.7853976692180822,0.007411954200985288,3.1682545893903858e-06,f212a1a0f5b0c21b199de2b1d7a5674dcf7889f8e028859057bf1cd3f74dc34a
UNION_s2,objective,241,0.7928096233532376,0.785397619916442,0.007412003436795556,4.030899205074125e-06,7075d1538d8c086985af0307520edb4fa8be9a0fbceabd511c9ac1b2d41a7556
UNION_s2,objective,242,0.7928096232739029,0.7853975539920671,0.007412069281835815,2.786020250463044e-06,0b95fc09bb1f6084ec479ee510df3283f1dc8c48a13696db7cbe8d7ba61aa95f
UNION_s2,objective,243,0.792809623223889,0.7853975372318637,0.007412085992025313,2.009463684077716e-06,f953e074a495a3ae5e9d74e6c89e0126b7e21f71fabf8f0b1acd801bb8d9e1b2
UNION_s2,objective,244,0.7928096231511148,0.7853975113307129,0.007412111820401939,1.5131564049457722e-06,91dc6d20242a5f07c7892d08edd37616020c2fb5fac88bfba0d9c293d8ac9edc
UNION_s2,objective,245,0.7928096230785825,0.7853974785691161,0.0074121445094664186,1.814695926551729e-06,d2dbd304d61e4b20f9804231072b1ec3f34b07300ebf27f0852acb588a6f3776
UNION_s2,objective,246,0.7928096230249951,0.7853974214048671,0.0074122016201280325,4.191422580659196e-06,9499f6ec4deac41b7e073506d0d76692085f62450a82f572e47abbf0c2a9f2d7
UNION_s2,objective,247,0.7928096229574371,0.7853973889942114,0.007412233963225606,1.6673123222440602e-06,732e184e8e1fabaa412ab0c5176adac11b1bb15147fc52dafab2fc3dc51bef7b
UNION_s2,objective,248,0.7928096229186185,0.7853973787387244,0.007412244179894075,1.3493624936292935e-06,4438b7be481b1293c5e2c7889f64aa25502a7a795304312b66fe63b9edfe06d4
UNION_s2,objective,249,0.7928096228490012,0.7853973445992327,0.007412278249768487,1.6883190960550936e-06,12a7e9b0a17d16c24ced251f6806e9de0e91b3cc48efb94b1d4e67621d5470dc
UNION_s2,objective,250,0.7928096228529598,0.7853972990024607,0.007412323850499085,6.7275294656865134e-06,e48500052ff0f551d56bc78ba2c3375096fd7907ffe06583138f18baf252c1ad
UNION_s2,objective,251,0.7928096228297569,0.7853973228455563,0.007412299984200542,2.9464513741237592e-06,3c8b42ab4430feac9375c5e12642f189e2f67379200da3d0411faa08a55fcaee
UNION_s2,objective,252,0.7928096227971035,0.7853972941485924,0.0074123286485111356,1.5088066402812084e-06,1b77e36ab12d238c0da16d7a039835ed14281355ba8338851ae746c1a6a551b1
UNION_s2,objective,253,0.7928096227766842,0.7853972771824553,0.007412345594228921,1.0764350315658374e-06,01994284a31f8dc0bf9abf4428160a743da8a2fed3072948531e96a77466acc8
UNION_s2,objective,254,0.7928096227536882,0.7853972619285974,0.007412360825090826,9.731394992099677e-07,f653389e4c555b81a0cc3a4a0493643da426e51ffd6410b40c115de2a325447b
UNION_s2,objective,255,0.7928096227527697,0.7853972497707302,0.007412372982039432,5.094091178763256e-06,8ac3d026b5a070fd050df86edc5ea4786070afedf024f45404bd82742a92f009
UNION_s2,objective,256,0.7928096227420806,0.7853972557134008,0.007412367028679746,2.5233863644858784e-06,2a5d0b015b71bd568aa086e5a4dd3f140c31c3996fdff3b726d0b3a3cd159612
UNION_s2,objective,257,0.7928096227227782,0.7853972444937234,0.007412378229054797,1.4574372245282993e-06,a37e2f2357d4796c6933d17540e15009a9724b1bd286a9ce7afbb5fdaa5e0b2e
UNION_s2,objective,258,0.7928096227071434,0.7853972388549441,0.007412383852199284,1.016469639058901e-06,c779759af5a26214e224ded35901ac4846b1a831830d3f74dd675ee82db12f80
UNION_s2,objective,259,0.7928096226796367,0.7853972302772297,0.007412392402407039,1.1169470297042328e-06,7658bd0d3f16006d7a6c63f6e95293b87eb9b472be25cdbe664b08f3185b286f
UNION_s2,objective,260,0.7928096226592704,0.7853972232502457,0.007412399409024572,1.2248252834242869e-06,73e7a1fcceaed04c96809fe862783b3815a1330e1e2d0fbc4a34eddeea7faaed
UNION_s2,objective,261,0.792809622673835,0.785397204605162,0.007412418068673035,4.549703624271743e-06,bf7a075ead6eb3f7e536c74f13bac5850fbc0f3dbb0b5e20dce81e8c2376a679
UNION_s2,objective,262,0.7928096226467485,0.7853972156861061,0.007412406960642425,1.993858634935481e-06,25dedde6f41b85370248509752c5498d1c3ff3dd870de382b8307892ac4d224b
UNION_s2,objective,263,0.792809622630458,0.7853972117588024,0.007412410871655617,1.0497356189344896e-06,3dedf4a374fbcf312f93ead236dce92b23eacae37403e08d927d85d40cbdaac4
UNION_s2,objective,264,0.7928096226175217,0.7853972091577568,0.007412413459764969,7.895373531421475e-07,3748a8cf6411c1c4bb175d1aa2377179851851e5b2bb5d08655c168eef5cd941
UNION_s2,objective,265,0.792809622614555,0.7853972028960778,0.007412419718477162,2.6772859628981284e-06,f2e33dcdb6532e1dbe7b3ddb3fc33172427aa26d1351cd1395062001547706b3
UNION_s2,objective,266,0.7928096226064294,0.7853972022415487,0.007412420364880683,1.016033306491513e-06,f7165c0edb3fd165c3cc5985084d1b3d2a1182106af263b74ada150b4983e003
UNION_s2,objective,267,0.792809622601935,0.7853972001213679,0.007412422480567114,8.303701028710264e-07,bfd232777356cf33235b52b6d3633822e5f51b1546bd6c02ecac58dd067e5bc5
UNION_s2,objective,268,0.7928096225952099,0.7853971956636974,0.0074124269315126,1.2903260535525934e-06,c269bba2eeaf6e335ae15eca88106a8713677d72c18ace112389cf37bd8fd30c
UNION_s2,objective,269,0.7928096225875229,0.7853971898049342,0.00741243278258861,1.1372120831207278e-06,00f311aa0cecb73e6811532ec4b0ad177926582b2eabbb26916b4da68e90d27b
UNION_s2,objective,270,0.7928096226177012,0.78539716962788,0.00741245298982116,5.629945128598457e-06,9110597a4af3bb403c90a411e4b889dbef60b8453950e3c4b8e8e862b1a6f1f0
UNION_s2,objective,271,0.7928096225835851,0.7853971846771429,0.0074124379064421965,1.9871445048378834e-06,b74682e87c0d9ded1061d66c958eda1ae70c8133072ce3aebb2132c61172d6a0
UNION_s2,objective,272,0.7928096225752264,0.7853971803733093,0.007412442201917032,1.0325781205495132e-06,ab52f755fc054031ed8ca3b723631b46511fd02e060f5a1c5d008928b12298e2
UNION_s2,objective,273,0.7928096225690381,0.7853971775843209,0.007412444984717192,6.648663267714856e-07,ec5ebfea7891941495ac9041e369e41397f9334040814ba30ac63245c4b804e3
UNION_s2,objective,274,0.7928096225655922,0.7853971769167167,0.007412445648875472,7.765212690263255e-07,7c0a4191fe0314e037f1e1919737b55e49a10db5f16713fe41ab1bde6673f4d5
UNION_s2,objective,275,0.7928096225602311,0.7853971757370799,0.007412446823151203,7.935734307194672e-07,79223918b8202df3ce8f88fd0b6709506ffcf40db5eac2e95bcf56902493410f
UNION_s2,objective,276,0.792809622566099,0.7853971648746203,0.0074124576914787015,3.3658071182410307e-06,22de886bea160bf5f172c740329933f2a19c8be7e48f726fb7de9fe193aa6cf5
UNION_s2,objective,277,0.7928096225563777,0.7853971715344489,0.007412451021928774,1.491810384940342e-06,71b1e75deff6e2c8113932f18683754998b96dbb4337126c6c16e20d44aa051f
UNION_s2,objective,278,0.7928096225490494,0.785397169669874,0.007412452879175352,8.785660375852218e-07,ee9c24b0ca46f88e68bfee69d53697eb1836be318c63256e4d198aa38d2cddaa
UNION_s2,objective,279,0.7928096225443516,0.7853971680820886,0.00741245446226303,5.619235579272389e-07,90cc3162e01b279da0381e3c47544fbcef31d4a8f38a2423057de96d0417c65b
UNION_s2,objective,280,0.792809622542165,0.785397167211469,0.007412455330695985,5.631598589166934e-07,ee6a31a9c27cc525437e6a6feb201e79d1e69547c3118cd52b948e7726a2de8c
UNION_s2,objective,281,0.7928096225406295,0.785397166267969,0.0074124562726605465,4.893465012028389e-07,2899ea23f0c9e1e4d9521968262d495d3d6a4b22bfd53cd766f92e43c40661cd
UNION_s2,objective,282,0.7928096225382999,0.7853971654259763,0.007412457112323685,4.945536519868614e-07,27816c4d6bab021fb54684ed8a7aec2915eedba8c7e90a4650227e2bb7de63b6
UNION_s2,objective,283,0.7928096225315788,0.7853971650417326,0.00741245748984623,6.347756448579739e-07,166780c55759b1d6ab714cd078fa9f920fbe67a59126b17cef4130b957be668d
UNION_s2,objective,284,0.792809622530389,0.7853971605204573,0.007412462009931723,2.4587305151601376e-06,dd70193accb5cad79928b97304d19e1ebea5547ade7a40314ce4988679cd3dba
UNION_s2,objective,285,0.792809622522006,0.7853971616548522,0.007412460867153851,5.953758964998992e-07,f2575ae57faa3f2be92f46ce164a416c2ec0f0aaffc8931aad9065507068b066
UNION_s2,objective,286,0.7928096225199515,0.7853971620252789,0.007412460494672553,5.9035243437834e-07,54fad6b10b20bbf12a4316e76eae4e6738e83d55f824737626b47e2afc2650ac
UNION_s2,objective,287,0.7928096225170069,0.7853971618854823,0.0074124606315246686,5.826019297601753e-07,a11ae5e92689b39a632b866cfb5e5d2a8bb384bd9aeac37557b16e2b1860253a
UNION_s2,objective,288,0.7928096225129798,0.7853971616839606,0.0074124608290193055,6.936023911609093e-07,2a89a06aa546626b082b93554ff164b86e13fd046509ce90828df680189e591f
UNION_s2,objective,289,0.7928096225134366,0.785397160132646,0.007412462380790542,1.2681242921223922e-06,47b1e0ef0d8926a7c57b0b93265089d9a1c193d8f21e72d5b0cee29c4f0808ff
UNION_s2,objective,290,0.7928096225106132,0.7853971609400673,0.007412461570545874,5.55380922605569e-07,05f00a367857a61615f2cd34f6bef779a98586f0a6c777260b8742774325f8fc
UNION_s2,objective,291,0.7928096225082343,0.7853971606241591,0.00741246188407516,3.0460150831396306e-07,48bee2eadafd0c1a7326d9637c75f8195785db0fdcbedda7d15b2660ae5a8e17
UNION_s2,objective,292,0.7928096225071182,0.7853971605906542,0.007412461916463895,2.2848764272921291e-07,e2ef2e308f257c6ef16be43648656c43ac58a4cd26b7077ccfe2dee3332c2fc3
UNION_s2,objective,293,0.7928096225133455,0.7853971638429628,0.007412458670382799,2.3263279054986233e-06,a12db732be6f656ba1b889ed0a6864d44a50af1e72e5164e4ac677184833de5e
UNION_s2,objective,294,0.7928096225066038,0.7853971612927091,0.007412461213894704,5.110676288297871e-07,45f73d6a4e14d8a64938c5946a8caffb80a1ca1b00b4045fea8b1555266687f2
UNION_s2,objective,295,0.7928096225055044,0.7853971613462603,0.00741246115924408,2.7480425111829177e-07,397782306704a4fadce27a58b4c7de1ff05e91faad05b3d930e32903391e9b04
UNION_s2,objective,296,0.792809622504788,0.7853971614867499,0.007412461018038149,2.3160373298811306e-07,4804f1bb25538504cf62328b7c05488806c330dfbfe78dd7e9db3d49e8c6da33
UNION_s2,objective,297,0.7928096225029082,0.7853971619340249,0.007412460568883335,3.53692673366987e-07,3a2afc2e54bb3f4f43f7f9df157da72e9ecc4c61d29a46d07730c6c646021134
UNION_s2,objective,298,0.7928096225017658,0.7853971619659291,0.007412460535836684,5.431694485461254e-07,d0fe22c050c30a5803a8989d0e086f8456fc47abdd3e430951989ef3727a4762
UNION_s2,objective,299,0.7928096225004484,0.7853971624600264,0.0074124600404219115,4.5075692227515855e-07,e2044f0a17f00c16445de5ce7b93c5a746ad9701a474dbc89de267022061dfc2
UNION_s2,objective,300,0.7928096224994462,0.7853971621855781,0.007412460313868133,3.0976155126754537e-07,06f53af4cc13b0fd3338063ccfd847e6808d35dce7323ab7ca2e996959160b57
UNION_s2,objective,301,0.7928096224976006,0.7853971614023593,0.0074124610952413265,3.588185099589732e-07,eace15bfb7434690c0a1e5d60e8d959c7ecf54a9ba0674aa8c0d88cc412a4f39
UNION_s2,objective,302,0.7928096224962318,0.7853971609090007,0.007412461587231074,3.585833364948279e-07,877468cd74e8244ca3496584323526774b502ff13419cdaf1a9cfec2bd496cdf
UNION_s2,objective,303,0.7928096225090071,0.7853971577866397,0.007412464722367406,3.1955790871174767e-06,d0d34a7062afdae63d6255c85b23f7507e605ed9f241baa1c985342eb2550c1a
UNION_s2,objective,304,0.7928096224957382,0.7853971604015614,0.0074124620941767505,6.200253069380692e-07,3a72a501866e2829fea3ac157daa4e444f76cc8b9968e2a2f16fa41de8930e92
UNION_s2,objective,305,0.7928096224941864,0.7853971598280298,0.007412462666156569,3.079308892563068e-07,09406bc41bc6164ab2fcb0b30a0af7c824b1d6e1523a55377e295dc590e63351
UNION_s2,objective,306,0.7928096224932926,0.7853971594708447,0.007412463022447875,2.1639174357269525e-07,4ea9737d5ed8b5bf75f366e1ecef830a2a6f792262c21a61568972088e657d89
UNION_s2,objective,307,0.7928096224923775,0.7853971580956498,0.007412464396727664,7.902791412993974e-07,d564fe20cb2e5ef2158d12d759c4b89a0945538374ea7c9af201a0798972fbc9
UNION_s2,objective,308,0.7928096224914529,0.7853971578051858,0.007412464686267146,3.0915627286345467e-07,58938c131963babf73d26f011598dedf165c82044d7eeafdcfe75cebb3073fff
UNION_s2,objective,309,0.7928096224909633,0.7853971573807705,0.00741246511019275,1.6583175368078495e-07,54230a0f1536d1658947431dc48b0a1238bdcbb66f8358e2c8ad4c9e40d5636b
UNION_s2,objective,310,0.7928096224905484,0.7853971567689696,0.007412465721578801,2.4163558275647787e-07,94968fab85de408a28752ef1096b32adf1f658a874f91e8c6f7e5b6a15e8303c
UNION_s2,objective,311,0.7928096224898746,0.7853971559262587,0.007412466563615967,3.1946875499044835e-07,6ef79aef503cad52d0d231f9bc986ae1bbf92fcc3a7a5a47b78d8a9703bd045c
UNION_s2,objective,312,0.792809622490246,0.785397154272298,0.007412468217948042,1.1511493527921456e-06,394b5c01b69a06c3fc134be0356b91542177c97e0c8d8ca4e815a29199496f14
UNION_s2,objective,313,0.7928096224893005,0.7853971552011911,0.00741246728810935,4.912786460276286e-07,f6ac2a78061eea22816da6769a480a11906b1667aae39066ddf8ce3ea8edf18a
UNION_s2,objective,314,0.7928096224881779,0.7853971535099459,0.007412468978231983,2.683964166231305e-07,facf4898223b3385efd26a50064799ee3d6effb4b87b6fbbfd2c6074d7a41316
UNION_s2,objective,315,0.7928096224873992,0.7853971530092765,0.007412469478122692,2.0585467833945087e-07,5c349e37d47fef3c13308991459bb00023ded61e71c40085912a4ed26d04c93f
UNION_s2,objective,316,0.792809622486212,0.7853971520699974,0.007412470416214604,1.850812784737441e-07,2814346d9d1e998b47190816479b6f5d704ab2875726298a07d15a9029c2c15e
UNION_s2,objective,317,0.7928096224852974,0.7853971512984141,0.007412471186883295,3.72290323894501e-07,40627703a0384bd23a9fafc3ce86b62836f8fbc745b1788c488dfbc6075e5311
UNION_s2,objective,318,0.7928096224845369,0.7853971495774222,0.007412472907114651,3.978506482452865e-07,6055423c355b048eed3c544ecd9808f7e898f9cbd03a202e829a0b41b7c343ec
UNION_s2,objective,319,0.792809622483871,0.7853971494472677,0.007412473036603273,2.691851518916521e-07,d71c9e4be3754c2db6bb42fe806962fc93d3000fb1ae3cbeea466ada23b3ae4d
UNION_s2,objective,320,0.7928096224833118,0.7853971489894258,0.0074124734938859835,3.040126085408331e-07,3e8d5ab061e749b95e1dd998fbdddd419e4556e08a3fdc9bccd22c356f5b4a6e
UNION_s2,objective,321,0.7928096224829304,0.7853971483464287,0.007412474136501648,2.283066918378607e-07,34e639032ba657d753d4df0cfe65637cd6750933e7ae05275c2ef03ae765e9ca
UNION_s2,objective,322,0.7928096224823639,0.7853971471007011,0.0074124753816627335,2.2793762872407048e-07,725e1ecd216f9b03deedc65b4d88c4714f35b2d4f2e479af645b75102ad94fc0
UNION_s2,objective,323,0.7928096224810283,0.7853971452868966,0.007412477194131637,3.834292215370187e-07,6d54ccfd7c0e685a757686547e93ecac7fa4e1be332d26427bbca70621f760cd
UNION_s2,objective,324,0.7928096224804141,0.7853971442359656,0.007412478244448436,2.2738967762102412e-07,d84ce7cbc13d59c59b321e9a8143538e02f77bc3279001526c6417a480325368
UNION_s2,objective,325,0.7928096224800496,0.7853971443258262,0.007412478154223363,1.6363125594468488e-07,bae5093aa9ae2325788381891b799746864d29573ee37560f656fd079dd44513
UNION_s2,objective,326,0.7928096224795559,0.7853971445184201,0.007412477961135781,1.5898919356973112e-07,5f4fb19d83a3fe05b4a3f421eeae4b7b864a3186780abe3f9439bae170f4c79b
UNION_s2,objective,327,0.7928096224790286,0.7853971421651239,0.007412480313904694,5.522299149438557e-07,262a427f3ad002c790a2181e2a794f83de07ba62b8e0d1cad7c03fa64a015d8a
UNION_s2,objective,328,0.7928096224785199,0.7853971422193458,0.007412480259174232,1.8455605455294606e-07,8362747ac148d3138663ad1f7b488e59aa2bf26166027394bdd5ac65977ead9a
UNION_s2,objective,329,0.7928096224783239,0.7853971416133578,0.007412480864965999,1.2650085711314458e-07,c0954780948b70f9a265922cdb205590d862ed6f2083810a73a6a8147b895c34
UNION_s2,objective,330,0.7928096224781135,0.7853971406098779,0.007412481868235641,1.636691296140728e-07,1069f3124576226305a068680b359011b40663e682292abf2347881e99316cdd
UNION_s2,objective,331,0.7928096224777004,0.7853971391623733,0.0074124833153270345,1.75764701523971e-07,0270f49bce9a0480e8c488e6d98b5ac777555789e094208258d780f131b75ab5
UNION_s2,objective,332,0.7928096224795114,0.7853971356227172,0.007412486856794146,1.1054722033197832e-06,ae182bdda049e865c25ea51f06986879116ae01f4184f4cb3392885ce1a7c906
UNION_s2,objective,333,0.792809622477564,0.7853971384211448,0.0074124840564192525,3.020398349130695e-07,1c633b09378704b10d2a937f89893aec5b5e289ad52b422a014098ca592ef7c9
UNION_s2,objective,334,0.792809622477245,0.7853971371848749,0.0074124852923700395,1.274853553087071e-07,3221fe4a994af2bc1ab084d6e8b5fc1419cc6b50baabd4c7309d00c2d4c54e3d
UNION_s2,objective,335,0.7928096224771232,0.7853971372401185,0.007412485237004714,1.1402601315058561e-07,2b8fa36b12ccd0b74716fc92d96f1bdee4bd4409924d9ff25aa48d08b6d6c355
UNION_s2,objective,336,0.7928096224770931,0.7853971374870612,0.0074124849900318495,3.120842505605723e-07,c26a07b0e2e77411fb015972ad42f70a465274812a943610baaa1caf1b3780cd
UNION_s2,objective,337,0.7928096224770163,0.7853971376367906,0.007412484840225615,1.266446029832877e-07,e97784d1e26f3994bd1697e520e08f1e55652fbc55db387fdf8ea0631a02029d
UNION_s2,objective,338,0.7928096224769747,0.7853971377169601,0.007412484760014627,8.852037718414429e-08,119e687ad0f54e4fd7aa4bf4151c778ff21d137c167d7cf5e500b23e8b355cbd
UNION_s2,objective,339,0.7928096224769138,0.7853971376795668,0.007412484797347017,1.1336557835917919e-07,c88931576db6978ca20dc96d7e9f12df43d22d3fd9d56b63d5775d73339b76b2
UNION_s2,objective,340,0.7928096224768364,0.7853971374475229,0.007412485029313516,1.2104705434734293e-07,680ca487a322372eeeb80e654dd3e9b63c834a3ed1b55c6c660768bd9bed968a
UNION_s2,objective,341,0.7928096224766731,0.7853971367351164,0.0074124857415567465,1.3255310700248562e-07,21653efab4ee6004c4d3dd7dd879cd668635a20b43e3c4a8e230e611639e4d0b
UNION_s2,objective,342,0.7928096224771034,0.7853971343341887,0.007412488142914711,5.613222717756456e-07,eea476c3c75dc8de0d975dcf2c0b82aff799fd601f0197ea771acc0963b34c87
UNION_s2,objective,343,0.7928096224765616,0.7853971359856948,0.007412486490866765,1.6886779276559667e-07,7e2f349574068f1929030c42effe3a0faf76495108ead1a7033b3f00a96ed5c3
UNION_s2,objective,344,0.7928096224764363,0.7853971355321536,0.007412486944282681,1.0040514710091052e-07,e564c6b3e2957db218a10d2bc74ba06cc3dbafb45507935e549872c7f41d1237
UNION_s2,objective,345,0.7928096224763146,0.7853971349231484,0.007412487553166148,9.282212410143321e-08,3cad5af036349bdd8aeac671d3516f9957849b04d13626eac84a1bd09d03b996
UNION_s2,objective,346,0.7928096224762361,0.7853971344248457,0.007412488051390371,9.520239601661686e-08,3bf34f18c6f04db60272511a0742e108d6cbd0346e8ebe821d44f90e37bcb0ca
UNION_s2,objective,347,0.792809622476507,0.7853971328201088,0.007412489656398188,2.664580541798113e-07,d72c9b2b4358f07271667b78cf9ff5217d34e93e2a0cb8092fa318542fa40694
UNION_s2,objective,348,0.7928096224761969,0.7853971340042755,0.0074124884719214265,9.003594455608841e-08,aae044f4ff7f62551f0b5664c39434274f3968bf654863f64f937ed0adbf609d
UNION_s2,objective,349,0.7928096224761237,0.7853971335114533,0.007412488964670405,1.0037983067603815e-07,05fb1b276575c016a56bcfe4d17dd2d3928ed5150b1be3c6da4b7a3c8a053bd2
UNION_s2,objective,350,0.7928096224760964,0.78539713288823,0.0074124895878664365,1.560032716433467e-07,b3daa1945d2472e8f8c6f0d82612e9a201ac860f1bc1003ed12ce0ab273cc70a
UNION_s2,objective,351,0.7928096224760667,0.7853971329722995,0.007412489503767162,6.62000040861394e-08,f5bd663bf34ec86bc82f3b4406dd83c2977ac578400dded6ee9c2378fa5b40dc
UNION_s2,objective,352,0.792809622476046,0.7853971328769472,0.007412489599098808,5.896498292594644e-08,e85ed2ef2ca1aad19d63f6ebf5050b3283e82c3fd81415ff4ff0b508b546338f
UNION_s2,objective,353,0.7928096224760188,0.7853971325760475,0.007412489899971302,6.804431990457617e-08,ca53a2bd04ab71deda28cb09b4d8102f12d33860b703b22d8df357f977180593
UNION_s2,objective,354,0.7928096224759691,0.785397131629348,0.007412490846621049,8.794740260400353e-08,1f2627bf4c5eacfe2eaaf223c90d227bbcb0efc7e259cf2c60e849150deec91b
UNION_s2,objective,355,0.7928096224762935,0.7853971309213896,0.007412491554903844,4.584652543220303e-07,777f237060820c0ab28816048094789bc72983363fc89d0e385652c86d91a868
UNION_s2,objective,356,0.7928096224759513,0.7853971314980234,0.007412490977927994,7.820874206658464e-08,545b5ca2cf55055fa5d4eaa4912e247a68905b6e41668e5f1c80ea81b05bd6f6
UNION_s2,objective,357,0.7928096224759149,0.7853971307010535,0.007412491774861331,6.15540123533961e-08,c8c8338154b54eebee389131db4742b82f93fa18dfdb9a108f163830b83ed713
UNION_s2,objective,358,0.7928096224758827,0.7853971297671778,0.007412492708704866,9.017730497576851e-08,d47fce4150be059d13e7b868dd3bbc210f24b58594e962c2f2c8e8163115304d
UNION_s2,objective,359,0.7928096224758362,0.7853971292369383,0.007412493238897911,3.6061535340061066e-08,a095cac10251e3076ab7cce03dbf108880351701eea60c2ea1176ce6d47e7c46
UNION_s2,objective,360,0.7928096224758159,0.7853971292244514,0.007412493251364546,3.1081928995939986e-08,8a4a85aeebf86db049f05747e4ac17ac8ad7fdcea2f9f44190bc57a1580db397
UNION_s2,objective,361,0.7928096224757779,0.7853971289755478,0.007412493500230062,4.378695799403623e-08,1e49e0dae9239ad6c229398e1eac7a7d7a06ee3db5ca8ccf11151dc02ae18e6f
UNION_s2,objective,362,0.7928096224757359,0.7853971283730994,0.007412494102636604,9.751303918305338e-08,a6fd33ac89e3d2409410dffb84abc211485d4d4ec84df7a839dffa89fad33484
UNION_s2,objective,363,0.7928096224757195,0.785397127394938,0.007412495080781454,1.4137349084494288e-07,bd5eb699fe8d0a5754a832b4d1fcee725b0b8191b2cefe248e0bd9cc7f67d36e
UNION_s2,objective,364,0.7928096224756881,0.7853971273574961,0.00741249511819203,4.43128526608821e-08,2e22448409eafa3008aa93cd056f436441e31f6c1e37654d99c20a6393fcb4d0
UNION_s2,objective,365,0.7928096224756783,0.7853971271984642,0.007412495277214145,4.017766763590812e-08,1f6265b9ce2e469081719c9cfd36b1005b9c0179368b6856a0d1a9f477d138a9
UNION_s2,objective,366,0.7928096224756638,0.7853971268503255,0.007412495625338265,3.7284046241556366e-08,424f26274050601fa344df074c3b9c23a9c98e1cb6dbc2fbd36d2d70a674d7c9
UNION_s2,objective,367,0.792809622475643,0.7853971262513736,0.0074124962242693975,4.552234711732255e-08,a2c8086e375a7fed8e550e1264a51356c4a9bb314440cc4d35b09a6e696e095d
UNION_s2,objective,368,0.7928096224756366,0.7853971250664086,0.007412497409228009,5.571655598818746e-08,ba32da2b179112055a23c1216b67860851790c1ce839d0f426d9d0698d3d8df7
UNION_s2,objective,369,0.7928096224756244,0.7853971253321653,0.007412497143459058,2.637209595382438e-08,cd62200fb25c21a1bf54b530cf2e10b803ac4f5435476d041e4dbebece1b76d7
UNION_s2,objective,370,0.7928096224756213,0.7853971254434022,0.007412497032218973,1.8202225498854908e-08,a17fc5d39a71aaa7fb3512d92c7c81de4c69cf7f3cd0841a494c16fdd693bf11
UNION_s3,objective,1,1.3857607605189974,1.3857607605189974,0.0,3.173164690148284,4b39c64bbb665b6806871c126c8edca4d7c9046530c00f64a58a52579a7f1f2e
UNION_s3,objective,2,0.9238189079023504,0.9237689079023504,5.000000000000002e-05,0.1930381966177951,e0ce7f614cd9af84505aab7e4257bb344044097c347fbb6b474c322c0b95ae84
UNION_s3,objective,3,0.913361766945485,0.9133168332134805,4.4933732004504095e-05,0.17580129820019663,8fcc130b71ff0dad5258caa69300c6799a6931036e08563a7281c9a7465e2428
UNION_s3,objective,4,0.8836860416358945,0.8836581612035042,2.7880432390327567e-05,0.08282258332939937,23aae5231039a0ddd950993339272eea2136f87b7b8c47c57a22ec33066f13c4
UNION_s3,objective,5,0.8770981716345236,0.8770788562326243,1.9315401899372388e-05,0.09768110151676687,f6961ff21bb1637cfb0430a4585737fbb55d44807a1d682550e0b8777bc48db2
UNION_s3,objective,6,0.8724149320515705,0.8723913470953715,2.3584956199018775e-05,0.04039699473250203,85bc33dbc6c4870e4fdc42e3a9b82108042d19e7b425ba131b283502c97fcce5
UNION_s3,objective,7,0.8682165236771652,0.868187178940622,2.934473654318773e-05,0.029120425365634892,8fb2078b10aa535c01ac92ba916d4f06978413680ca86765e36415f5c49116ad
UNION_s3,objective,8,0.8625320696123492,0.8624827482791032,4.9321333245950214e-05,0.02455908899153833,102149cca8ae81e6f675964bc7f65a08039046387619caa4e42b65ec774b9527
UNION_s3,objective,9,0.8576362517099247,0.8575584870761312,7.77646337935034e-05,0.029981105091298622,2752d4e966a02288af3b86aa2220c779196c460d38d0fc5aa42b1b81c05ae162
UNION_s3,objective,10,0.8548604420871789,0.8546687383819643,0.00019170370521458862,0.04688552941953447,3b4bbe43adcb5ea8e6fd99900c17c55cd2376c44359d804b1c51e8eca74fdd0c
UNION_s3,objective,11,0.851496396637318,0.8513123953735826,0.0001840012637353777,0.01653820362438142,619b57ba1873aeb67f27a4a86ba7ea9cf9025a4903d2add4f2e85d4001c443da
UNION_s3,objective,12,0.8504293880581131,0.850259513985819,0.00016987407229406736,0.01645097378491193,be9deed0829e0ace64073397eba42c3477fae4b3474dc7a6c62765a762db640c
UNION_s3,objective,13,0.8484486644031487,0.8482696539859913,0.00017901041715739696,0.02257270165930062,32dffe11caa205002065d3aeba0cb6c912525b91b4cd53dfeabca29b06f14672
UNION_s3,objective,14,0.8442175767287493,0.8439462746677022,0.00027130206104708824,0.03537667335471625,88e8c863e967eee99c21d82b7411aa6246432e486ac978e0a4f419637f4a0ccf
UNION_s3,objective,15,0.8392188943839085,0.8387100019391347,0.000508892444773848,0.03232859225921007,508b535479b1051252633fb21b9f52bd06931cbb9bc824380d33fbac731eb23a
UNION_s3,objective,16,0.8320717840096352,0.8310125495372194,0.0010592344724158534,0.02937236292699345,0676f79d87d1fa59932ee59b8388338eccb22c326845c8036da8d9fbeda8a20d
UNION_s3,objective,17,0.8292402395944096,0.8273058099816258,0.001934429612783768,0.020940792761200974,6103c8a66bb9dcb7536eedec0713458c80dd2b0e2eb2c97861132bff6975d0d5
UNION_s3,objective,18,0.8402016092599821,0.8382564145325494,0.001945194727432748,0.11295097014788112,5a1b4b0716ea31c7fc56c5871c98dce4d3de9151fc988c59c8dae0643e4214e1
UNION_s3,objective,19,0.8288103494152141,0.8268756432705443,0.0019347061446697872,0.015195285922392882,2d85592ab70b0629e7c2c27966a9148f5e210f19cd177423c679c3347ca684d9
UNION_s3,objective,20,0.827768772724147,0.8260211272744526,0.0017476454496942644,0.008619893721898704,4686199f55940994c931ff36890dc8d542f7163c3b4432fcf589fbac1fd046fa
UNION_s3,objective,21,0.8270772888413418,0.825232214001865,0.001845074839476832,0.005659790601779448,d18684f2059edfb175eb604113ab2b85182805bc7e504905cbb4f9a75e42a5c0
UNION_s3,objective,22,0.8266398674979102,0.8247793298472581,0.0018605376506521066,0.005723123248041307,90afdf83a2c94b40d937052325c3436397d7dcd8784dc24a7541e7263fa93636
UNION_s3,objective,23,0.8257316129391052,0.8237574812939864,0.0019741316451188907,0.015302434875975686,251a8376a13c182ff5138cd198e7b55790304368297f06598abb6b2d57888db3
UNION_s3,objective,24,0.8247184199459964,0.8224629284578825,0.0022554914881138997,0.009543040875808838,b9f2924b93e124d67d3fe15c5426c4727ba459b911562096bd23a2da8b69e8fd
UNION_s3,objective,25,0.823955948912491,0.8216031941385658,0.0023527547739252935,0.007160748068710269,0364b090a850d604ab3189bed00180994a09963d1058d08ec1a4aa50658353a2
UNION_s3,objective,26,0.8226954574092761,0.8201189728621443,0.0025764845471317396,0.005479504406727296,6bf8571b76bef1306633eb55be04670d2dffab3c528bb0cb23c8b3c709ad8f31
UNION_s3,objective,27,0.8216257889549607,0.8186795587899589,0.0029462301650018527,0.0056728991035600185,8eb30d4261e2b7f8985ea88717e0d5219c7e6577a41eb045b928043587ed0fa8
UNION_s3,objective,28,0.8207870840448749,0.8171173667027514,0.003669717342123532,0.014025254454332168,5abc2b7ab2d92309a3637051df70f0a0308b1d608ec152206cbf0d0c88f9eb00
UNION_s3,objective,29,0.8199331745718017,0.8160201531696938,0.003913021402107942,0.005743534072083698,015899a30248c0e94a7c08a80c03d3a016d9726c07acddca6a74339a0a8e1863
UNION_s3,objective,30,0.8193468372404149,0.8151402180186267,0.004206619221788232,0.0062200430495152,becc1ff55351cbf11ff0e7d25c9b2dcaa8a67f5021db4cfc399f9baacfadc49d
UNION_s3,objective,31,0.8213312735871197,0.8162757362739519,0.005055537313167817,0.05627353013518735,6c850ce06ff6c98246481db15e0d105ab1615ae42b3eede51d6479919ca2be7c
UNION_s3,objective,32,0.8191964052954706,0.8148253211450092,0.0043710841504613915,0.01186480653617544,5f528e70f027b1d06c9c853975acdaf1a64e7bae8934497b91b2bdb6a3e1d7df
UNION_s3,objective,33,0.8188534235532892,0.814251723659321,0.004601699893968141,0.008371297904040892,3390acd9ddff47edb5308909bff8c1ea764a3e1f834680b43e66a3597a6c772f
UNION_s3,objective,34,0.8183839761802553,0.8134893046726999,0.004894671507555392,0.005174975801118607,dd9db3a4a195912f74f397ca9529fb9a2c158f33298c1f39f41a4fe76f1b9d7a
UNION_s3,objective,35,0.81794717392185,0.812769521989471,0.005177651932378956,0.004229366376620199,2a197d2cd105fb16903d3e5736bb2cdd2aac5c6b854db3e41ad664c4e707461b
UNION_s3,objective,36,0.8177602347367159,0.8123865929765001,0.00537364176021587,0.009165593931329988,6fdc77891cc527b1b9c4e5eb6281de59966d7d269d66a9be3fc6059e2df61189
UNION_s3,objective,37,0.8175155900499446,0.81204029996488,0.0054752900850645065,0.0041197546435936625,92e14353e8a07bf781a810a8b02636c3fa834bd8ff152ed9455759431debd9bc
UNION_s3,objective,38,0.8173457420724402,0.8118782292645005,0.005467512807939719,0.0038814751407219602,d3a8224c2688e5c71de0144831823703fa9c82a00b1121db96e784ad34befe3f
UNION_s3,objective,39,0.8169739005073445,0.8113990426282869,0.005574857879057662,0.004256509559461936,de781bc5158363e62a04a402c465f1437abc43fac1947da568dc39b6935995aa
UNION_s3,objective,40,0.8164893614370905,0.8107794175973005,0.005709943839789983,0.004474283786430542,c55e287beab21628b71362b89517697056a9e4d24d9f8cf5dba86535fa29d433
UNION_s3,objective,41,0.8176085728833373,0.811305486790276,0.006303086093061349,0.022553698618060062,3100161ceb7ab0536133c057181db41d7c8eff5b7f95b39d4f48873e030b3262
UNION_s3,objective,42,0.8163780109593464,0.8105374591763317,0.005840551783014681,0.005291839636142309,6a4cb0ad40c1f8536bcdd5030e191d78df185c4b8b2bbdb19b79aecdb107eb80
UNION_s3,objective,43,0.8162328795506241,0.8103315295862092,0.00590134996441487,0.002181147601744505,bcfc25f41334380355d33de785a653e5f47a1431fb9df590f8ef478fbedd0337
UNION_s3,objective,44,0.8161791281084736,0.8102581455385207,0.005920982569952886,0.002206505897502021,568b620662658f3d0b9045607bc53427d96b2c314ebb44350f3113ce4c40243e
UNION_s3,objective,45,0.8161314241935549,0.8100855575447308,0.006045866648824107,0.005779988068414465,fa2551e39a098c7c1924be59711e6256a02336736d78989c010d08764724006c
UNION_s3,objective,46,0.8160639851680098,0.8099854584570798,0.006078526710930025,0.002810102504159799,867d313a044d4b3ede79dcb6c2771e5aaeb50d1dae3297315ef39f4252c89d24
UNION_s3,objective,47,0.8160170193387325,0.8098921233816206,0.00612489595711188,0.003331629859250379,54d298c6821ad2bd9ff0d1e677bd1b4957169719fa4aa586ffa6502dacfc0579
UNION_s3,objective,48,0.8159488160159472,0.8097163672813703,0.0062324487345768245,0.002950297310494932,a2a69a5a8c4302f4c980889c45897c6694e29fe12617cd40655c13104b66e7b3
UNION_s3,objective,49,0.8158340378824281,0.8094236715395257,0.006410366342902431,0.004617110498761824,15b7ca4c6e21155bfd60ca9a7654854ef4945e40c3a5d6cc405d6d1d87d90b72
UNION_s3,objective,50,0.8157832633098198,0.8090449916631873,0.006738271646632484,0.005164088453589586,a7c2e69e503a82a3925466b1b64ecf756344ca2a197b83649dc8d86ed70ee83d
UNION_s3,objective,51,0.8156825409659397,0.8089838058231517,0.006698735142788118,0.0018066196651731492,87785dc1acc98f5197f7e4144cce628c67ff5095c80940ea078573dbd92890ef
UNION_s3,objective,52,0.8156561068412866,0.8089706990695249,0.006685407771761754,0.0017894406097827833,5327a7fb49077c16c2091bc344110467bf70901af6e056b70df61870e9c5a63b
UNION_s3,objective,53,0.8155438837429337,0.8087170257301173,0.006826858012816423,0.002373600958000512,3c246e047d910cc387f79c5d48f4061f42c6fd69681fbe2591704008d8de18b1
UNION_s3,objective,54,0.8154487452703476,0.8083891194211266,0.007059625849221031,0.0014824451292309768,a524e14e37f7a620bd64669b21e229c5862953da800ac12dc651852dea0f017b
UNION_s3,objective,55,0.815483513992376,0.8083506914060292,0.007132822586346744,0.0052899647865474715,2135c1dea9ccbe55e6ec122fed6a11d84748d1a66b8c81c625d173540936aa54
UNION_s3,objective,56,0.8154226159731565,0.8083347679800656,0.0070878479930908305,0.0021805378936267253,c97c0fcc1aebb4ff66124c2450a7413fb587945977e894107ea6351547f0f1aa
UNION_s3,objective,57,0.8153943141214314,0.8082356619593867,0.007158652162044738,0.001263249125697369,822190b7bb01613f0ef0f82736a9b522c82f57acbe97cee031a3944ff9f9618b
UNION_s3,objective,58,0.8153562355088213,0.808121357892317,0.007234877616504269,0.0013934140656073264,32598616684b5990c44f1fff7f95d2b11a3fcabaf163fabd18ccf1f66e6aebef
UNION_s3,objective,59,0.8155074367134307,0.8082417155173395,0.007265721196091214,0.017802209005955572,a8f13156057b8c69a25a9bd7a14b15c35c1ee14ac66d18cc7306f6e6697aefed
UNION_s3,objective,60,0.8153464951545261,0.8081057272894848,0.007240767865041251,0.00352280616193524,e23bd33a225aabd2dc4e45e6440e417200afd64c960e8a5661e8c2afda342b57
UNION_s3,objective,61,0.815315406029816,0.8080442324640469,0.007271173565769082,0.002913602428266607,e231f2fc1537e654c570ccbc5cee7d799c5ef6611691c542388ccd5851723e85
UNION_s3,objective,62,0.8152536444015652,0.807940517000398,0.007313127401167144,0.0017160744786072007,86bc05171ba7c01e10debfcf1d7ea1d7b82f69ab824cae63647b53eb24ce6048
UNION_s3,objective,63,0.8152072184962638,0.8078809076236082,0.007326310872655592,0.001044801132148516,c604223616155c5dd321fd627ba5fdbfc58466d647c02cbb4086e1af54c147d5
UNION_s3,objective,64,0.8152009730244799,0.8078849192560658,0.007316053768414176,0.0038488092491345714,e799ef960a7862e418d163c6577e6d9e6ddeeec95d41765a8629b734e6b4b3ca
UNION_s3,objective,65,0.815178962294457,0.8078635719753909,0.007315390319066028,0.001016973074978503,5deb3c8edabd3abc757cddb870d02a6c4a9a7dcdbb20ea358b4f6dad027cf536
UNION_s3,objective,66,0.8151733229215639,0.8078604329338741,0.007312889987689757,0.0007735779972875531,58c6cf55af10cc6272993e50979031aed93454adf93e1d7156bd81f6d3ca5a4b
UNION_s3,objective,67,0.8151615873208715,0.8078438869187208,0.00731770040215073,0.0008694510835715482,4dc2a30c238820a94ce2d16447f9b38dcc627beefe9369734ef1bdc3c7d5a9e5
UNION_s3,objective,68,0.8151489260981805,0.8078208478693698,0.007328078228810624,0.0008497584429628338,95bafd227aa8f82d48b3e885854588805988c20ca8be27d55a499fd414bbe364
UNION_s3,objective,69,0.8151275052124134,0.8077962132507256,0.007331291961687831,0.001372089895106772,59ded5ca62ebc9041c97309a6b26ab1d3c6c48d680f7db958b1ded60bea1c134
UNION_s3,objective,70,0.8151556960662507,0.8078316978531845,0.007323998213066168,0.002832167489619563,7246a957ecbcb52d67e19794c53b760dc1211b2539e415d3cb4955d9c062ca61
UNION_s3,objective,71,0.8151172211371731,0.8077887490435629,0.007328472093610215,0.0007583629455946051,c6d744543d41fa722dde91bca398764205c100845ac0c1eb7d80310cf943329d
UNION_s3,objective,72,0.815108866293725,0.8077823100925343,0.007326556201190687,0.001042219045181941,22cda6b8d31d8b51dc4df8a557bef51962de3619b449cfdbe4ace363b34e2a96
UNION_s3,objective,73,0.8151412566306058,0.8078472577489917,0.007293998881614028,0.007267237787242061,208ab739d5f1d8d9977a99065b71bfc66523f37511fd3f71732a1949d2f29bd3
UNION_s3,objective,74,0.8151046153768222,0.8077864218653571,0.00731819351146508,0.0013268233962854777,ce7ed3337b9fc3e65845ee4ccf665c3aa07aeccbe3c3bc5c1a42914a54667cf4
UNION_s3,objective,75,0.8150989362181625,0.8077875364783298,0.0073113997398327685,0.000773380526766285,791173d9bda3a9ee1404433935ca2ab1414036a5bd39f5fe1d034adddc1f46d4
UNION_s3,objective,76,0.8150923844147846,0.8077905010437253,0.007301883371059328,0.0006581661120327278,c79126edcaed10bc7c0404abcbdad50c196df58e2ba0f64ca555b651e7ff611d
UNION_s3,objective,77,0.8150801477914186,0.807798415969188,0.007281731822230572,0.0008409949332876281,edcf63e577171e25ad745ac55564fe3a65a9a8d29b7173b12f19c68b5b2c859d
UNION_s3,objective,78,0.8150713259132136,0.8078035391951388,0.007267786718074863,0.00116596457643318,03d96eb8948181404c7f770a360a390ff2eb2a46480bbd8746f378446eb1b7fd
UNION_s3,objective,79,0.8150704340631632,0.8078172388990047,0.007253195164158479,0.0016285377484541524,6e55ac4582249c2759e96015147600754f33d3f3086bece7ce9320a7d9d339b3
UNION_s3,objective,80,0.8150649043458325,0.8078037645722703,0.007261139773562174,0.0003483149338905119,8164a1d7e36b19b325259acbce353e52d42e66bcb03048415a2b1765012c23a9
UNION_s3,objective,81,0.8150641720373283,0.8078015482135303,0.007262623823797996,0.0003645547371027317,485144ec30a0e16d47243fedf2f6fff00e25b72baf164fde8e96a219a1fb3d2f
UNION_s3,objective,82,0.8150613648683364,0.8077983727017374,0.007262992166598966,0.0005038318585882469,c94e0b4e368c4140926205417e0cf8c87f1a6f88a88dc735ee0aa4e92c9bfd6b
UNION_s3,objective,83,0.8150552959087853,0.8077978066292117,0.007257489279573571,0.0006943680566572724,2d12c669e51137aea18b9e8df76515f463be0dcaeab00b1f9c98709dd1a8a4e4
UNION_s3,objective,84,0.8150460952416971,0.8078051511689505,0.007240944072746665,0.0008566035026773479,eeebc425694449fa5d810abc702f31af8136f7720ffb05a397db32b378ba8d4f
UNION_s3,objective,85,0.8151045184384644,0.8079001244076621,0.007204394030802276,0.008722360760146076,91cb1af33fb2adf0b9edabfacf7dfa24117b5def8e23d0c3e20a50a86d2e1458
UNION_s3,objective,86,0.815044391612923,0.8078090123473709,0.007235379265552057,0.0014093882974891777,8835e88a385ec2564e9cfc09f95ed2a40de9707a665accf1f935daa8e243c0b3
UNION_s3,objective,87,0.8150402488161475,0.8078156782018807,0.007224570614266725,0.0007145599433613877,c8169668e7b8c27067f280721a34bbf585ef845fe3702a4e4f296d0d45e37774
UNION_s3,objective,88,0.8150382785373923,0.8078200902976105,0.00721818823978179,0.00032001612834670615,28969c0b5fb925953dc9bc1e158e8e216919159a89c20cc4482dd6f19c6654e2
UNION_s3,objective,89,0.8150375622132467,0.8078207114039444,0.007216850809302396,0.00038313717057414235,3eef97c9a9ffdfebd7ac5a8262e81278cce8143ba1fe3480d7a09e1051c63dd9
UNION_s3,objective,90,0.8150350187795304,0.8078193690437204,0.00721564973581004,0.0006056583925938908,d17e579a6fcf867a0076d6d72fc2c42297de1000f09b3cc9aa084a775a86d1db
UNION_s3,objective,91,0.8150315562442377,0.807818025261593,0.007213530982644723,0.0005787446856273916,df2bd7d38655461dbacc56463b103d895774ca9253ffa3fc29cd63b7c3f23701
UNION_s3,objective,92,0.8150284350583927,0.807810610645725,0.007217824412667736,0.0008486927131139156,0008fb8065da361498b5a9ab9137ae7211e8cc515c257f6028af59c32ca05506
UNION_s3,objective,93,0.8150257232405154,0.8078065732652798,0.007219149975235526,0.00034954743101196854,f0bbadf303fcec2307f94a6d445116a3fd9753ffb88416178698ba5337bec2ed
UNION_s3,objective,94,0.81502464419978,0.8078043051668479,0.007220339032932157,0.0003264316641666084,e90c0df7be0be456bd7b3a6a795483a73268a3cac1232f0dcf198f0e2ddf3aca
UNION_s3,objective,95,0.8150241984833871,0.8078009565440059,0.007223241939381234,0.0003276261503333379,8b85db4809e628d8378acff23f6316a6f88bc913ef4e9d51f9b0810ccf5313c0
UNION_s3,objective,96,0.8150233411169489,0.8077984429244359,0.007224898192512939,0.0003299762997156335,bc9e8d14e35b5b14bdfa44132d27077c7c3ecf424a5738e4b970ac56f80c2a55
UNION_s3,objective,97,0.8150201019318215,0.8077858158446445,0.007234286087177018,0.0016785429854277122,ad1c83d7c49d500f943c40e375e01853b87fff95126361c5dcb02028f9071af5
UNION_s3,objective,98,0.8150168261012408,0.8077731838049358,0.007243642296304994,0.0005629752022716496,9cc4306a2b5c7bd85dcf05b4591c3c2ec95bb5f73e4302cd6ad98553ce3be79a
UNION_s3,objective,99,0.8150156296808276,0.8077741890445389,0.007241440636288772,0.00030629734411622935,a9d9a6426cd787b76ba203203cdbb38a79867aeb99c0644634083d9b4faeb7a5
UNION_s3,objective,100,0.815014663488181,0.807771409219825,0.007243254268355975,0.00017731676398150215,651fc76b5295000da94eda28d5da0aa2dae2f0edfc892cd711a409d7b677493f
UNION_s3,objective,101,0.8150139767131245,0.8077666581980755,0.007247318515048963,0.00018104603064527001,371e385c7550403d6b6fc1f157d9c60dd858fe69cc40b5487415fee8db272ac2
UNION_s3,objective,102,0.8150128599380742,0.8077577409147474,0.00725511902332672,0.00019031152855792757,50ac15408ab77fb11471c0237868d206fd7291c4aa8c6e86f0a087f186b69a15
UNION_s3,objective,103,0.8150110743939775,0.8077437232590035,0.007267351134973957,0.00029896631693536013,bf6f9f0725967700817c33ca1ed638697cd8d768f8b67cabe39db14e5ce17de7
UNION_s3,objective,104,0.815009711130776,0.8077172945995265,0.007292416531249544,0.0005552945632884635,abebcb4a1d9134348ac6c7a17eb057700a243e75f992d8639329a7039beb5689
UNION_s3,objective,105,0.8150080256441289,0.807713386577536,0.007294639066592855,0.00022326218837472685,f6497459ca63c4f6abd836b00f490ee91f8c8568b8c983b2810966c935d5d400
UNION_s3,objective,106,0.8150069695915483,0.8077111302190846,0.007295839372463674,0.0002475206971695629,30c35e58f06f2c9587230446265d24bcde03f205cdc3a7f4c696d588d601be90
UNION_s3,objective,107,0.8150064703501502,0.8076998600584627,0.0073066102916874275,0.0008302796996441426,a26eef601adb26b24e94b8d07da4e1392e790b188aa84db33776b129ed811641
UNION_s3,objective,108,0.8150052925166799,0.8076969128181614,0.007308379698518522,0.0002802284592178123,319a766c989f0b201e00101af08017357dad480eb3ad9781e177d51b37186012
UNION_s3,objective,109,0.8150048443530181,0.8076922600755372,0.007312584277480921,0.00017742922654500742,b784bb90290fce7b4c06b4ab9a71b11c3e031d42d71316c856b1831955c2d888
UNION_s3,objective,110,0.815004701219449,0.8076856681750614,0.007319033044387665,0.0004176626450352483,a448d8ced041769f9a2a54eeb6956d3a00340d18f9ca678c86218178bc30619a
UNION_s3,objective,111,0.8150045328017202,0.8076848591265018,0.007319673675218498,0.00015764004527659016,e70e91a32d2cea6b45de366a6b20bb1e336da1754e8b306c195a278fd12f0223
UNION_s3,objective,112,0.8150044518567205,0.8076842111234069,0.007320240733313648,0.00014579633765141416,a7ad297b53046fda9794d62e7a0111413d8d33c3fbbd654f47b3bc380ac163cc
UNION_s3,objective,113,0.8150042962278693,0.8076826326193018,0.007321663608567481,0.00024544261943507166,6600085b0e17f7fbbda2b4f02e920d3d3a744a2f1f379978ce1cf87abf382d61
UNION_s3,objective,114,0.8150040399110303,0.8076799446258988,0.00732409528513152,0.00036065953461791005,cb44990696484ce0c6cc1aa09ca54d997255833c42f2906ac9088c4e1132d1bd
UNION_s3,objective,115,0.8150034881195556,0.8076741179981393,0.007329370121416369,0.00046755137849279366,e3e8c7f647cf98f88a2b2e121a7b82fd704c5e543ee3262000b4f38c8061496e
UNION_s3,objective,116,0.8150026069939611,0.8076641799281994,0.007338427065761659,0.0005757272769610348,6558cd5de3afec58963dd92daf732ff2739e0714d934ad43f800c5fdc5731c60
UNION_s3,objective,117,0.8150022784800611,0.8076561743870491,0.007346104093012052,0.00043275834924015534,00967b9501b63c7071e5fcd02836b77488031caff852f60bbc83301a6dea8a46
UNION_s3,objective,118,0.8150016158250369,0.8076549400453188,0.007346675779718196,0.0001663153428562679,1c88b5c90cd7c4caf5c81692c471f49f93d4773e021465e29aec6067efb0adef
UNION_s3,objective,119,0.8150013972506887,0.807655631903901,0.007345765346787611,0.00012650365503787597,84cecb5a910781b8c4ddbbf286293dc2e1794f7a56d83017fc85db4dc8f32e56
UNION_s3,objective,120,0.8150011461085329,0.8076541732723211,0.007346972836211794,0.00021978580017075836,fb4630550066c7b90482c0655c7601bdb6a4326ba1b62566ed425d49eb9c47be
UNION_s3,objective,121,0.8150007704581419,0.8076503962737293,0.007350374184412641,0.0003161471221000049,7780434cd8911605410297660e174061fca49b2ee10de406964a42f3c9740779
UNION_s3,objective,122,0.815000687735566,0.8076430156693328,0.007357672066233119,0.0007395278847209436,f791d81f72fdb0b3d4fe62daf27fa0b9331803579ddbd9407cdbf6e14ee17260
UNION_s3,objective,123,0.8150000963744776,0.8076399193367118,0.007360177037765795,0.00022907165073055613,6b06df4298280c959aa40ebb4446d1e6f7db9b9062dbde72c205a961df94dd5f
UNION_s3,objective,124,0.8149999015351488,0.8076369439780656,0.007362957557083144,0.00015849481211396634,29e2671b291808b1606757d567f57ec42e55461882f55d53b162e432b915e783
UNION_s3,objective,125,0.8149997410929495,0.8076327015714663,0.007367039521483213,0.00015386555043487232,1e7f3607c0e6b2151b9dba1821bf98503272f22e81159f1e73cb5000f6918490
UNION_s3,objective,126,0.8149994953524082,0.8076287964345471,0.007370698917861124,0.00014878842613996637,ad168c2322302db3ce582c252e6ed635306935478c4c5b1ee91626941028a1b2
UNION_s3,objective,127,0.81499916557228,0.8076214144617724,0.007377751110507657,0.00021007825660798374,375acbe49e43c8b0e67308de4a683cbfaec33845f292a596ea65e41264d0e1b2
UNION_s3,objective,128,0.8149990655589499,0.807620712147001,0.007378353411948835,0.00034824689980520113,fd25cc81ba143f68ca5556cd42c7d2e8e5798752a158afe6b06c2b02fbf78a23
UNION_s3,objective,129,0.8149989128843892,0.807621837605756,0.00737707527863323,0.000136119987588726,c063f3863a4aedbd683efcab7f8adf55a124c1b396c87667e331eb9ddb2371bb
UNION_s3,objective,130,0.8149988271835681,0.8076227535070587,0.007376073676509398,0.00010874129174610288,5af21e157b2c957b809b89f5781cd20e90d2ef3b7b4987a2cedd5285654aa0d8
UNION_s3,objective,131,0.8149987001375774,0.8076233707891385,0.007375329348438854,0.00018474855575240117,a8b8dc02fd6d2e78a77b5dc0015bfcd9cc08613758c910925e482e1140f689a8
UNION_s3,objective,132,0.8149985292806949,0.8076225557349701,0.007375973545724877,0.00022596631208206903,ba5a599f9aec8390b41814194aac8768e2554858afd0674481b2935db3625b0e
UNION_s3,objective,133,0.8149982486877275,0.8076185313480693,0.007379717339658269,0.00024191071129071062,640628837ea6d075fd0c0b2ccf8775f86ac876bd0f2ee10984597f15b76680ee
UNION_s3,objective,134,0.8149997541324423,0.8076144973007432,0.0073852568316991486,0.0011925183458362282,369d27b99ee078217dc90694f82c9c0d3c75c2bcca70c00aab075fb0891a9bca
UNION_s3,objective,135,0.8149981571921333,0.807617374615949,0.007380782576184396,0.00020495005186817102,5c5a1d78ba99752887ecf1764dfcf0bd6bfcfbc8580468fffbbb6f591bf4141c
UNION_s3,objective,136,0.8149979157825793,0.807611121308422,0.007386794474157241,0.00012191837432242083,1c608837d0fecfc7745d704db2af25fc59458453a0a9ee707d9a37b7f98f148d
UNION_s3,objective,137,0.8149977296050288,0.8076070516845202,0.007390677920508671,0.00012462358171379202,5b271febda3ec28c2084e4d771431c2118e19ea50fc8626e65a9f2e49424d632
UNION_s3,objective,138,0.8149975747008082,0.8076002615105105,0.007397313190297817,0.00024681564667528705,9cfeca1c818c785409ac4947e7757318a00a776dcd81feb21316cbeaadc23f96
UNION_s3,objective,139,0.814997436000219,0.8076002304660005,0.007397205534218549,8.261279958217964e-05,54b6898be690d2a08b277893ad44edf02bdf45f93bf80e6b37304e6d818a6ec9
UNION_s3,objective,140,0.8149973847091897,0.8076010500519937,0.0073963346571959895,8.517049396457188e-05,c316643ec944ed4385151058b1940e4acbec584fffe9be4b843ed7b2ce629bdc
UNION_s3,objective,141,0.8149972900934395,0.8076015512842171,0.007395738809222349,0.00010384849609560624,89824cd6a798b1b6e1b7d17075db601953d195e1b653dab1d2791c868fa02a18
UNION_s3,objective,142,0.81499714089061,0.8075985404084814,0.0073986004821285705,0.00016752915296755537,2aae4c7abe67be2895c2534779e2c2a1e4f6c6eec1a35a9ad86d121d846bf630
UNION_s3,objective,143,0.8149973615268674,0.8075969881762395,0.007400373350627877,0.0005422950847890147,e428e48768da810584e59268c456b613972ec40f3b26908c568d8cc45cc6f515
UNION_s3,objective,144,0.8149970670078791,0.8075978767977546,0.007399190210124448,0.00013263156863383953,682ff901bb155b6bc31915e58cbf3a96d627225007da79136ef670fd74edd824
UNION_s3,objective,145,0.8149969900332026,0.8075942909517392,0.0074026990814634475,6.662594510029256e-05,afb9fcd81d0c78ba77686c68b63e0549bf7b9f111d2e7e4b437ee0e71105de31
UNION_s3,objective,146,0.8149969428276377,0.8075925640242557,0.0074043788033820125,6.355204217419799e-05,e77a1e7726834b462446b0472bc0a9e979e191829217d00f645c46df6741ca30
UNION_s3,objective,147,0.8149968331882222,0.8075891021098788,0.007407731078343483,0.00010162363973515774,dbc52eacf146535bf324c07c847035e32d853623df5b2d755cee63330a105aa1
UNION_s3,objective,148,0.8149967816527618,0.807585278156843,0.007411503495918817,0.00015287857712985918,86e6192b264a4cc2d9a1060133b395d4b37ccc4552f45c0751e7f109eff861fe
UNION_s3,objective,149,0.8149966995632567,0.8075862842826709,0.0074104152805858775,6.907512039871212e-05,65170b3092867cdba0e6b3c592d6ef5b8cc3b460dcf4c5ded4f5582f36924130
UNION_s3,objective,150,0.8149966646143744,0.8075874096466877,0.007409254967686641,5.273833638525174e-05,45d6faf78001d89e7d5f09aa0b324d8152fb6ba627e0c225cf6648c5f36545b2
UNION_s3,objective,151,0.8149966112967717,0.807588691608853,0.007407919687918704,5.877369590880001e-05,31a42e6cb6b9b25ede27550609209692f831f3eb684ed66eceae9c4212f206c5
UNION_s3,objective,152,0.8149966067867312,0.8075884685575433,0.007408138229187917,0.000278771357807448,9fdd0d9ae41fdfecd1f2d0f72183df7031655251bfb88fff6ac6477f2fc36ee0
UNION_s3,objective,153,0.8149965668949088,0.8075885356294835,0.007408031265425333,0.00015483025486193226,0bb29eaecfa387e73c88efaece51e89b74eaf988b61c37a292614b21c30aae68
UNION_s3,objective,154,0.8149965013419314,0.8075881714127617,0.0074083299291696665,0.00011958805408418026,603e2a69f50fa32565d2fca6d8954e903483676bf351f6750dfcae7bbb72e7ac
UNION_s3,objective,155,0.8149963813944825,0.807585641755277,0.0074107396392054155,5.525835287073595e-05,16b8e689f13b2c4737a74e38a753812b85e45235ef3ef9ee2d76bd0406a85a60
UNION_s3,objective,156,0.8149963568138823,0.8075854995973205,0.007410857216561732,0.00017342620133445008,4506870c83cc44663eb6d6f91261d56cad544a133a335a18b316005953d2b410
UNION_s3,objective,157,0.8149963196609078,0.8075843952102123,0.007411924450695449,6.0758513639487907e-05,5f05dc1cb570415352279be5176e14757badc4ab16ab752fb4225a1dcdf9c7a0
UNION_s3,objective,158,0.8149963055701825,0.8075844696398833,0.007411835930299277,4.644667197786421e-05,3f8b1b44c6b971b3d58417f5aebf9dcc6f76c64543abdc620098cd668495668e
UNION_s3,objective,159,0.8149962858261695,0.8075849253314188,0.0074113604947506125,4.867667701430952e-05,73cee6997c1914c3d957e3b01ab87aba287cea2d42c388612245634eee6ec25b
UNION_s3,objective,160,0.8149962628300033,0.8075854076889347,0.0074108551410685215,5.206116900938037e-05,439a5d6631c935b7a77d3426705bdae1e54279323ed08480e4bec492bb9e6182
UNION_s3,objective,161,0.8149963325550629,0.8075836817127225,0.00741265084234036,0.00031939296130001674,39e75c7e7c1704215e4de7801cdb4cff7a9debacdd599796e22f4fe1dfde163e
UNION_s3,objective,162,0.8149962519314197,0.8075849144789979,0.007411337452421688,9.265622716432299e-05,8473aff40df2310cd4b3e89c35b92d3e0d44e71a46020f5c485f4db2bca7ff0b
UNION_s3,objective,163,0.8149962235982281,0.8075852818949544,0.007410941703273716,5.805478107491001e-05,9f15eede294dd156551a63c6e6c48617827b5ebf8414b93ca155d22700395c8f
UNION_s3,objective,164,0.81499619924287,0.8075849065214625,0.007411292721407452,3.53538204304728e-05,cd5e15181986a5183cfe00cbfd9131585e57d24808422e6c1924106949917932
UNION_s3,objective,165,0.8149961671317555,0.807583740126644,0.007412427005111431,3.571086090647884e-05,fd537259b276302fad0746d95112b90f12e29d66fae6c5a99a4f3e384a97d9a6
UNION_s3,objective,166,0.8149961449841694,0.8075828586492291,0.007413286334940289,3.5294108448956796e-05,c338bd0e2e50c8b488d7b1abaa3ea43c44c3727a9dbf666e6399345b25269277
UNION_s3,objective,167,0.8149962263705958,0.8075806430086713,0.007415583361924475,0.00027484570534985054,36becd83e077b139c103af375113f40c3ac56276856d7cd3f913771ac5c94a41
UNION_s3,objective,168,0.8149961346135217,0.8075822712039105,0.0074138634096112006,8.319871172785027e-05,5d794dfb0cd70e8e129724d1c1458d957cc05a5c135b735f21b49f6be74e075f
UNION_s3,objective,169,0.814996109346471,0.80758175981795,0.00741434952852101,4.270944510644128e-05,04e4e77f1186469aefce8319d31c4f6e0c87bcdcba21ffbb6baffce14a0f3100
UNION_s3,objective,170,0.8149960935538819,0.8075819625769315,0.0074141309769504005,2.5814207373416816e-05,e2e690bc8d66978f1df98510c0ea4870b5b861d27712717eae50326ebab44a37
UNION_s3,objective,171,0.8149960795072599,0.8075824865361292,0.007413592971130714,4.2933329455805624e-05,7d2bdaf3239e29a6e6ac3de7f56688fc87989c9f10a422e3438da72137645c6c
UNION_s3,objective,172,0.814996081446769,0.8075834994417388,0.007412582005030251,0.00010744975770831991,f5d9e5e55fa0ce3d3adee649dea5c70bb0762b0267d3b3bceb747416ba93002d
UNION_s3,objective,173,0.8149960740871095,0.8075829481512251,0.007413125935884439,4.5533140875144536e-05,df48ab24c2cd34ed87591c0bf81829e834ccc38a51a6d79e082f07027f8d5557
UNION_s3,objective,174,0.8149960684380276,0.8075831944078504,0.007412874030177202,3.1484190536587456e-05,cedba9f0ce090def5cd429f9396fb46b25554b9ab06746d385bf9b2892b4c5c0
UNION_s3,objective,175,0.8149960588894809,0.8075835643104531,0.007412494579027779,3.25848860606045e-05,edcea5ef78fc04c555a0a91972c36f97dd7126aca5c50c34bba7aeff125e289a
UNION_s3,objective,176,0.814996050765685,0.8075836869939993,0.0074123637716857335,3.984681152635175e-05,950ba41c4a5ca35335612a2656174f2a2361c26f1cb0be40d9a2c34459fe02a2
UNION_s3,objective,177,0.81499604365494,0.8075844900993537,0.007411553555586324,0.00015210618244021812,009f42a2078dde80ff3b76e92af43b3dfecb5d0bacaa365771d7cf6edb88c804
UNION_s3,objective,178,0.8149960205808388,0.8075842865400916,0.007411734040747149,7.879041668945824e-05,5ef79fd7d946320387d795ad22a7d5ec64d1ab0b02a58fad44fc96e940eac096
UNION_s3,objective,179,0.814995999222724,0.8075842052182427,0.007411794004481325,3.2907847078401416e-05,3f49c1a7b7f9aeb73bd270be3a7151efb5b119e2a1bcb41540ee61d8b39c1a6f
UNION_s3,objective,180,0.8149959876575709,0.807584438869591,0.007411548787979878,4.479121485229423e-05,e4213b5502fc24d8783bf964bc2badb02f40ed5cc78afcb4189de9ee4bbb5b14
UNION_s3,objective,181,0.8149959790777676,0.8075845540610228,0.007411425016744797,4.294075782365494e-05,02a980020a0999f31e548654a9dbae711987a1707c338707f5a1bc40a1404f94
UNION_s3,objective,182,0.8149959645158869,0.8075849935865514,0.007410970929335406,7.377224955620607e-05,f8298a8ebf14b97c84d2c773a8720f19303d012efa16ba8d68706236373b16db
UNION_s3,objective,183,0.8149959493992095,0.8075844610826111,0.0074114883165984895,5.477584988913075e-05,e3c256f4a16f086e15f2b24d9703f65d9c8dc827b81e5288f8caf600b2cbbdb4
UNION_s3,objective,184,0.8149959389605218,0.8075843516145396,0.007411587345982267,3.889062616049191e-05,e2b6fb60f9c510407206b3c80ec0c8bf747a9c57d6bf3ec3c0fa93fd1c4ae225
UNION_s3,objective,185,0.8149959302072686,0.8075843458794504,0.007411584327818203,4.078792170509262e-05,84d9ba52aee067ff49ba25b8481a1a2d931e7d9757f135aebe057133fb9eb9f7
UNION_s3,objective,186,0.8149959097846119,0.8075842091793987,0.007411700605213198,4.721112317919931e-05,ce41b30f9b05ec8d0571ec626ab7cd6b408d07717e02960326ee79cc0aa1760a
UNION_s3,objective,187,0.8149958789061806,0.8075841618051296,0.007411717101050987,7.607506200681246e-05,b636967f8a1c2e33b04f03ab1cc15254ec447ff471efba87e0343bdec1ab09a9
UNION_s3,objective,188,0.8149958606966203,0.8075838161991786,0.0074120444974416855,3.942904232978327e-05,2a1544e5ece853f6785dea034ca12b946ee08a6592793e2c13253e54fc6b9491
UNION_s3,objective,189,0.8149958568495106,0.8075837347510958,0.007412122098414849,1.6273391505143654e-05,59b1bc86000883b5c93fe794f8abcaf4aaa666ce20924c772d17c6ee91041444
UNION_s3,objective,190,0.8149958544175637,0.8075836403155747,0.007412214101989032,1.6670903458015615e-05,040c1bad696150472b4f6a799ea910a4206e1847ee934c027e9ee8c99bf2f6dc
UNION_s3,objective,191,0.8149958513807734,0.8075835128637777,0.007412338516995621,2.0175945184331213e-05,064aaac2937a595a5c639afacf56fbcbb0eab181f29d027a66e67a79ecfb3ef1
UNION_s3,objective,192,0.814995844063564,0.8075832719481282,0.007412572115435828,1.8308973791705555e-05,d1eb76d9fff0d0f9a473634b133784a6be44942ba0abf6088660dcdcd64855eb
UNION_s3,objective,193,0.8149958449951691,0.8075829098296388,0.007412935165530361,8.488522580312396e-05,3013b16f404aab4939f23f77ee063f3c9978dd0715c1dbf25d35b1ec49d58839
UNION_s3,objective,194,0.8149958413498118,0.8075831013027064,0.007412740047105418,3.865477127742301e-05,69444c2d113ddd0550b03a88f1dd6e2ea7eebc7417519bc0e6b9138b77174b55
UNION_s3,objective,195,0.8149958383993573,0.8075830740850544,0.007412764314302969,1.6182640201218033e-05,e37d6270ec7f7e73b6b73cd1e40cab409830189aefbd80bfa092333771f8a0a9
UNION_s3,objective,196,0.8149958365606299,0.8075831218973211,0.0074127146633088834,1.324197062560917e-05,8e2ab400a4649bd6713328a77761940da87e1cdd84f35981062084e0a51e3561
UNION_s3,objective,197,0.8149958352197525,0.8075831775655392,0.007412657654213232,1.6945128652181798e-05,5824bf35e36b293994dd23a45474787c13fb4b8853d4baf429cb85566ed30885
UNION_s3,objective,198,0.8149958322456599,0.8075832524468278,0.007412579798831995,1.7900145827027765e-05,4d18f307d72a8bc31160a9c4cd747b6c57642519d6afc4868a93390ce8211302
UNION_s3,objective,199,0.8149958315611595,0.8075834357232557,0.007412395837903719,6.103589920620663e-05,e05fe02976edc5daf1a9c8cae9e82146f411b0d9959ed277cca1932f573c9acc
UNION_s3,objective,200,0.8149958269038471,0.8075834584876815,0.007412368416165602,1.4870989858566375e-05,fc29065143eac651bda951aad214a9652f4b8a62dd7acf7b9a61738bf946f860
UNION_s3,objective,201,0.8149958259117772,0.8075833993685781,0.007412426543199098,1.1904959099385787e-05,7da38ba475995e7f244d40e6d61c5c1054d724414abb0cad7bb0ed39eb7dcabc
UNION_s3,objective,202,0.8149958241857981,0.8075833392103667,0.007412484975431345,8.100044625281901e-06,935598d90def0af7ae66fdbadeb8cac23779ece0a9120a010d577f56a3c73a64
UNION_s3,objective,203,0.8149958229993812,0.807583300250583,0.0074125227487982686,6.656091017277009e-06,a5081236cd84ce3b8d52fdc9a7512fac4358d992830c9c0699d82135c9bf7f6f
UNION_s3,objective,204,0.8149958212350057,0.8075832653759412,0.007412555859064565,1.6800824806133903e-05,ec76f0c7f083a230df0ddec0f62789d970ca256637288b8aa44047ce234a760b
UNION_s3,objective,205,0.8149958204191406,0.8075833124220546,0.00741250799708606,2.269813952456081e-05,d72bb9212ce8cbffe635bb2547004bf3529f4a421fa6fa98ff37e52bfb8cc401
UNION_s3,objective,206,0.8149958194775346,0.8075833556769708,0.0074124638005637995,5.49459417610498e-06,8a9bc9222426d72aae8999281201dfc80095d5df615f9b60528a3b941ca06837
UNION_s3,objective,207,0.8149958191853589,0.8075833829082371,0.0074124362771218815,6.948269853762168e-06,8f0af73a513599a628dbd505ea96045ebc924f809ff913bb19a676f3b3da8a85
UNION_s3,objective,208,0.8149958185590014,0.8075834402948963,0.007412378264105171,9.553939576399419e-06,4abe3e49fa11db0928ce744985d3fcb0c28cce67dd340a912d90c16307e14a9b
UNION_s3,objective,209,0.8149958173208648,0.8075835651392776,0.007412252181587088,1.0931618580080942e-05,d90fc9d28cab04d6f303d7d466e227306b72eb4954c6f22b88279715c3b624ba
UNION_s3,objective,210,0.814995816135738,0.8075837865654243,0.00741202957031374,2.1118394624025806e-05,b3865c94ac9a7375cb3c28a446d8a315161061af47eff1997143a0d9ce4a1091
UNION_s3,objective,211,0.8149958156170796,0.8075839769134906,0.007411838703588942,2.0407477865495573e-05,eac165a0f99017c3c56149700e14138e948f342e41df69ece12724a26c01e51d
UNION_s3,objective,212,0.8149958146294772,0.807583927500777,0.0074118871287002066,1.5457671629579312e-05,0db38e3ed6e40f24c3fcb5dae57eca29a3f6ce8a7a1e98a7b504a760c3c63021
UNION_s3,objective,213,0.8149958142160236,0.8075838951876858,0.007411919028337816,4.948554758760039e-06,09cfb1924207c08b46135ac44871bb3c3fa96eaf669a525e1fafcf69ebc80781
UNION_s3,objective,214,0.8149958140787829,0.8075839075111483,0.00741190656763454,5.596901830769702e-06,08bb85a9cab97b886ad8b6f84f21ee14f6bbc25f80a829a44b3c5c77895b413a
UNION_s3,objective,215,0.8149958136135106,0.8075839722448201,0.0074118413686904295,8.973435990951225e-06,3531657b9126c3f6a3985ad8da7b25dbe65f4368650f83a0065affb423289a1a
UNION_s3,objective,216,0.814995812900133,0.8075840825190841,0.007411730381048968,9.942417891451882e-06,132398ce654c147f4168004a0a607518e08cde02788a520226193fb6b7061458
UNION_s3,objective,217,0.814995815664645,0.8075844973579147,0.007411318306730276,6.84357071149853e-05,dabd51fcaf952fe21f70d862fa47b3ca869eaa173140823b5fb363357b28b6dc
UNION_s3,objective,218,0.8149958126496204,0.8075841745006074,0.0074116381490129755,2.0784127636089692e-05,b1d78ca64195ea380c90037d598283ae8fed2b82b2c52cc1e9b76f93068a1da8
UNION_s3,objective,219,0.8149958118065154,0.807584350434156,0.007411461372359367,1.0505187625049273e-05,066b387ad6ed5e4b3d5153a70cd056d74705ca211b274dc74e34b2c254fb9479
UNION_s3,objective,220,0.8149958114286772,0.8075844327100444,0.007411378718632753,4.288432461526496e-06,d220da71629d5db215e226f4f32dde28482b5e766869148b687d0bd0655e7c6a
UNION_s3,objective,221,0.814995811185532,0.8075844911308188,0.007411320054713238,4.988883333176184e-06,7919cd13b0cdcc42a24554494a027fb7e8604a05b856e432f94a952193170ce6
UNION_s3,objective,222,0.8149958109676417,0.8075845443751422,0.0074112665924996185,6.238277696442996e-06,cfd933b99896f7bbfc1ce398da556c21633b65deb204da332ad745f4d94fba27
UNION_s3,objective,223,0.8149958103977958,0.8075847143169457,0.007411096080850161,7.418317820336427e-06,6417d0c2fe5cd297b2613683266395051a071ed2f0b4a87ae206e87f52a8c968
UNION_s3,objective,224,0.8149958109721288,0.8075849904894087,0.007410820482720166,2.451046897234492e-05,9f31aa9b519d4b51d205948087fc5e65154704070fdd43819da93e169f3b333e
UNION_s3,objective,225,0.8149958102155593,0.8075848048735369,0.007411005342022454,1.1660681502211033e-05,d05416398394756fdbd593512e4947e27bfcab83dbbace4c7380a1482f960b8a
UNION_s3,objective,226,0.8149958097823514,0.8075849758352137,0.007410833947137738,5.452096612320745e-06,554c5485895bb7b291bff44064d8c35297f747c0f9c156037dc0c4a9e46ad33e
UNION_s3,objective,227,0.8149958096056047,0.8075850435546683,0.007410766050936356,5.6597556972785545e-06,988ffa24f6b4aacf9a115e9cd584aa13f716e48759f7bf0e73ce7951cb83008c
UNION_s3,objective,228,0.8149958094591775,0.8075850779841864,0.00741073147499105,4.14093967627608e-06,3a944e4ad206010a772143c6f9ca1b80306c1e47a454ccc87fbca130935fe7fb
UNION_s3,objective,229,0.8149958093667539,0.8075850806140065,0.00741072875274744,4.0901193160622495e-06,175b0f91d53a04d3e1456e88ae64fdd8df94dcb7e93499781d11af498af84b15
UNION_s3,objective,230,0.8149958091230578,0.8075851176794436,0.007410691443614124,4.083774440791708e-06,e96df7e2677cd07981f8684431a6ad5e22f2c97b1d06536c053ebd87463fc6cb
UNION_s3,objective,231,0.814995809321413,0.8075852893748727,0.007410519946540322,1.736268485456398e-05,ec4e7fbc3f99d591ecc2dfea984785332b3bf9e3c52384e4ded0ff0fe8628a5e
UNION_s3,objective,232,0.8149958090475138,0.8075851766590949,0.007410632388418917,4.9499025446538e-06,a978e82fc7bf722110a407309505026e62bc9e48c5f3a6b1ad45dced14abb5f8
UNION_s3,objective,233,0.8149958089637354,0.8075852342432055,0.007410574720529863,2.6376489515000766e-06,b3b4d6c9d1e3ff8d2c3b2a61c200ce9377529f6eeb7aa62a8a40114bbd0b2bb2
UNION_s3,objective,234,0.8149958089027965,0.8075852812655241,0.007410527637272487,3.031199100255937e-06,8639eda371566a2de575d7882e16fb263dec41a0ed264d4d6a42aa2f2717ae3a
UNION_s3,objective,235,0.8149958087736687,0.8075853553896265,0.0074104533840421765,3.7160594224216283e-06,b36aae3ce7ea90b0d9e36fa1cefb907992a49f67ec8144709402a5fd9415a64c
UNION_s3,objective,236,0.8149958085236775,0.807585516591204,0.007410291932473483,4.015720792638146e-06,197bd2d05c1e64585bb10faaa4e2935dd8a5684004d9b29518d9bf1b5d96ce4d
UNION_s3,objective,237,0.8149958089548923,0.8075855357357342,0.007410273219158082,1.5498182877930576e-05,57684997add7a6bf02656a7c1004837b39094e2f651af835eaf4cce9e68d6756
UNION_s3,objective,238,0.8149958084263165,0.8075855221203129,0.007410286306003583,4.219623895688603e-06,ba61dcf87e5ddcbd315329d07e64ffae6ddc6727d04d25b0bbbd6df6986e32af
UNION_s3,objective,239,0.8149958082183089,0.8075856674261268,0.007410140792182041,3.31871301100079e-06,7c90bb318969ba24a1d86e110458646464818d73929d1f6964f1b3ef03e27fa2
UNION_s3,objective,240,0.8149958080914419,0.8075857441740976,0.007410063917344382,2.3797776924976603e-06,e1f540ee90a098ed9009dbdc02d1a50a950e653a4a4abe311d6fedd134d56037
UNION_s3,objective,241,0.8149958079666373,0.8075858118632095,0.007409996103427736,3.4557711813566216e-06,c64043f980b234c9e67be4c36e442baf5e888a7a4adb59f662c29a41ef5f7820
UNION_s3,objective,242,0.8149958079356818,0.8075860390347899,0.007409768900892005,1.2964466983042122e-05,f5047c35c32ec673f0a962f6bdd1844912b6d72a247ad24f0216a8b07c7f6a7d
UNION_s3,objective,243,0.814995807748297,0.8075859851121845,0.007409822636112527,5.034867905747264e-06,58d48b3ac46df223004a0b3ff2910aaabe898e5039a95bf32a1c899f7466b67b
UNION_s3,objective,244,0.814995807633615,0.8075860364811005,0.007409771152514464,1.7650662067338203e-06,fbf531d46305db7705ee2d4074af44b3c038020d45f326c5d1b4fe86830c1388
UNION_s3,objective,245,0.8149958075564046,0.8075861621738359,0.007409645382568578,2.8079371056170064e-06,d4edfbd02de25c1dc9650a6c104e88d86e2992f463cb2aa0a54feb78fa4dc27c
UNION_s3,objective,246,0.814995807482287,0.8075862498397288,0.007409557642558156,2.487939217581734e-06,1a83df864a8b135af439d4f0b291aa880e98576882bfe037a5e0992caece86d4
UNION_s3,objective,247,0.8149958079539735,0.8075865159109495,0.007409292043024019,2.636103308540107e-05,5b379ec83880a55f0d6d47e445b1b3c7e2eb5079f2a7adada7a5197794b3a3fd
UNION_s3,objective,248,0.814995807446658,0.8075863054495994,0.007409501997058568,5.610071655948922e-06,84409ffa80819b47c03c416ba08b944580f03a3a1d2b1c09d5355bf1c14c6d2e
UNION_s3,objective,249,0.8149958073414179,0.8075864213139439,0.007409386027474029,2.7066138490652925e-06,1d40fc49375603c10791fc099e0fd836d9b1c1ea0e6311d42241db21324ee018
UNION_s3,objective,250,0.8149958072825585,0.8075864471324141,0.0074093601501444015,2.7474166223992376e-06,480b91fff0893c0a70ba91b5aff0489fa13be36bacd7da1a0796af795f6a3993
UNION_s3,objective,251,0.8149958071990058,0.8075864653788934,0.007409341820112317,2.853777377856652e-06,be0e25dbba9b566b950921ec881ade6f5fc84edaf31799dcd224805c7ae5a70a
UNION_s3,objective,252,0.8149958071246097,0.8075865445837396,0.0074092625408701766,4.9011276904007125e-06,77271b4b69c85351c6a2d1bcae829074d3741fb7894a33e3c7128a7dadd5f2da
UNION_s3,objective,253,0.8149958070604304,0.8075865752484177,0.007409231812012647,1.7861989006840934e-06,0ea85b42e753958ad3d5fc0632d524b09c95f7374d352b27a0c3831fef1b5460
UNION_s3,objective,254,0.8149958070319876,0.8075865527126274,0.0074092543193602055,1.584479047396574e-06,b877484901d1d84a44969292080fcdf1178f7880a317e7d0c6e182de5263419f
UNION_s3,objective,255,0.8149958069918654,0.8075865082962178,0.0074092986956475855,1.8897218875779797e-06,ebb6784841c537751677122656c7389f6a8f30707fef06c15510343bffa71b1d
UNION_s3,objective,256,0.8149958069481091,0.8075865075657276,0.007409299382381602,3.0168541493711998e-06,bf34a7cf7c97cd9ebb9fff268e093499fa2b53739266541e1a05660fb13d9209
UNION_s3,objective,257,0.814995806940435,0.8075864582151637,0.007409348725271304,3.8578948984610975e-06,4204bd9226fab4f510859cb63354c95b59ba656963acc2e29ef715e6b6617db0
UNION_s3,objective,258,0.8149958068986777,0.8075865225760789,0.007409284322598785,9.180597245393651e-07,c808db80e53fb106f8aef66e9373e15fdda3f1070656cc613121e3610c205316
UNION_s3,objective,259,0.8149958068930814,0.8075865459475536,0.0074092609455277516,8.419543380329241e-07,26e81475c7e5cb4ed19543533efd0bf74289be537c66dc9f8905619e9d7e0b95
UNION_s3,objective,260,0.8149958068703305,0.8075865796313006,0.007409227239029855,2.178714171373252e-06,7395d4aab31e0781782ca435ffa32d449ecf0242e31f1958fdeb8c1ba71bcda0
UNION_s3,objective,261,0.8149958068545681,0.8075866354160187,0.007409171438549334,1.994060373427204e-06,b2a98a5dc7122d5fb5e4acd6915dd93a890f7c89df97c0818facc7fafee0fef0
UNION_s3,objective,262,0.8149958068396452,0.8075866075727519,0.007409199266893328,1.097143704506063e-06,acc9f23d46712d08050d0dffa0d0c9f4e649a97cedc9092669b904eaa7a01eef
UNION_s3,objective,263,0.8149958068302634,0.8075865832565187,0.007409223573744739,1.0439054012778936e-06,2bf8002a7ee5098a5fbc4005eb904066fc8226e6144b92b98d7c23ea0485e9b4
UNION_s3,objective,264,0.8149958068002024,0.8075866054072174,0.00740920139298506,2.2189986000005055e-06,fce3420622269376d43cf2817e0fb61b60de9a6fb07e3083272435235c95937c
UNION_s3,objective,265,0.8149958067822296,0.8075866353158533,0.007409171466376323,1.7778932501233708e-06,a93bf872aa8acd2ed745df0195ffb538e40b88a0239ee55c4964468a3abd9d39
UNION_s3,objective,266,0.814995806769511,0.8075866626628463,0.007409144106664725,1.0881304398837613e-06,e000c826ca337a829134ebb195962416922342f6655f7adc271d71774ce9fa2a
UNION_s3,objective,267,0.8149958067585026,0.807586681737943,0.00740912502055962,1.0748165871173382e-06,dd8d30c3d8cf15785a5f6a35e06b956471aea5c8ce4a66a544a5fdbed7fdc532
UNION_s3,objective,268,0.8149958067318698,0.807586712950898,0.007409093780971817,1.1359671211021023e-06,f03769de91cf9db683ba6f4bf7e43d89d1da529b243bcd153ddf593a4b0ee7ba
UNION_s3,objective,269,0.8149958067070819,0.8075867526302208,0.007409054076861118,2.236616720024259e-06,4f739134ee4e219e5571b55415ffa4c828e94401e8587b853cd5e6f4c72ab393
UNION_s3,objective,270,0.8149958067070123,0.8075867839781321,0.007409022728880244,3.0250706482195665e-06,d811dc32f428426d6027fe816720195de4071d5c36376457f6ec8a13f3b2125d
UNION_s3,objective,271,0.8149958066935916,0.8075867683114077,0.007409038382183913,9.425298296490591e-07,ff6ae9f2b6fcb592f26298e5d684030730149f60e01266a1c2d646cd4a9d186f
UNION_s3,objective,272,0.8149958066864084,0.8075867688761602,0.007409037810248106,6.330689886740336e-07,419e031a692db8d83ff80cf7297362848ee819d1edba84c16115bb049006fe2d
UNION_s3,objective,273,0.8149958066785712,0.8075867677324345,0.007409038946136656,6.605105245736839e-07,bae4ee6ac9ee4eb657c718acabb6f8a86d107a7c97d0887934cb5d947aa0c731
UNION_s3,objective,274,0.8149958066879925,0.8075867446345582,0.007409062053434335,4.7124849931868075e-06,32fa5b632c79c9d85741efe22044c775b0bf46894048c1b5e84e6ee7e118abd4
UNION_s3,objective,275,0.8149958066755001,0.8075867600700062,0.00740904660549387,1.523003296058037e-06,afd9dbff40f9151b0651680eb4f8c0b23f9116c8b8422cacdd9ae4ce9b314bff
UNION_s3,objective,276,0.8149958066695151,0.8075867632275162,0.0074090434419988305,7.604147407497537e-07,5448c99fe5e775052e2d60262afdac7aeb61c2e92da2968407b642a14527a7c5
UNION_s3,objective,277,0.8149958066651315,0.8075867682930445,0.007409038372087,5.898634716875472e-07,2c1d1a73f55d844ad1b7021b0852b33c212643e503824c8eed62edc9848cf742
UNION_s3,objective,278,0.8149958066602632,0.8075867746248946,0.007409032035368624,6.793263096560501e-07,5a756485a84e2abc6b05727e74a82827a09e6fca26f892e64e65ff6f51942fc1
UNION_s3,objective,279,0.8149958066516575,0.8075867715623605,0.00740903508929698,9.592332722754628e-07,b18e2cb855800f00f4736bfbeebd2e4eb3b8e231500d59c8fa26db035fa8444a
UNION_s3,objective,280,0.8149958066520749,0.8075867825555431,0.0074090240965319284,2.1510654551786255e-06,a2afae9c89780911a70c1d986f870bce27c1478f3e8deefd145af533ade1cc2e
UNION_s3,objective,281,0.8149958066461475,0.8075867769531115,0.007409029693035923,8.788694715350154e-07,06ea6576012443f8f45a58feaf64e6ae9c2f50e4a1b5647f1675a4129bd2eb1b
UNION_s3,objective,282,0.8149958066394326,0.8075867668667236,0.007409039772709023,5.587887931635539e-07,5041586cc5651cda10cf9f9b9f455b0fdc78254a90d505863048e0133df604be
UNION_s3,objective,283,0.814995806633698,0.8075867587615345,0.007409047872163475,5.027481775491425e-07,524087c3a0656b76ef757dd64284484886fc62f8bb2ff4a994e772d82028c89a
UNION_s3,objective,284,0.8149958066267771,0.807586748457026,0.007409058169751004,1.9707281034577146e-06,e25c6909f90236358a64dea83aeae0824584dfeaa799e114358781f360e46786
UNION_s3,objective,285,0.8149958066193227,0.8075867353297814,0.007409071289541322,5.227765319955184e-07,a34bbf8c2770d69b34c5bffeb0891fe9b9d161397ecb15890f4b44fada455f3e
UNION_s3,objective,286,0.8149958066167208,0.807586737573463,0.007409069043257751,4.4227398434064775e-07,ae20978e8c19c9931a288a4f66c73e179841216409eafd8d6ea00c2b13ce4975
UNION_s3,objective,287,0.8149958066111913,0.8075867363690452,0.007409070242146113,4.950225684139934e-07,39ec394497515f2017dc144041043015e1133ec56fe30abb389966c0bf2e1c2f
UNION_s3,objective,288,0.8149958066706726,0.8075867342682852,0.007409072402387432,8.704287778004251e-06,218cc8adf07f1ceca5f8ef26658b080d1697bce38743892eb856d68b36ee9b6b
UNION_s3,objective,289,0.8149958066103621,0.8075867361415685,0.007409070468793614,7.747434046004463e-07,f0611d5107368f05c6c7c8345bb4fc5e4defeb8fd1b42aa70c910f9b489679f6
UNION_s3,objective,290,0.8149958066080722,0.8075867327032284,0.007409073904843749,5.329280068410875e-07,ac4658d0df4e62f95cbe309332469d72ec24ec428c61b2f080c014cf8b987133
UNION_s3,objective,291,0.814995806604835,0.8075867271770636,0.0074090794277713685,3.8358007975221716e-07,ac25169976a0df1ce55475f0553b063b858d9da61bdf331f09579c1a76e5ceda
UNION_s3,objective,292,0.8149958066002647,0.8075867188823174,0.007409087717947379,5.147323766069221e-07,518c29c7c6b1bad70903621ad6ee754b12db643aa741947ece37b5a75baefca4
UNION_s3,objective,293,0.8149958065938617,0.8075867079053802,0.007409098688481532,7.095488624780951e-07,74faa5f5a3ebab8f47273ddc757fd245142412d3c518de82c8380a2cd8d9937f
UNION_s3,objective,294,0.8149958065914992,0.8075866784545297,0.007409128136969511,1.9447052896268978e-06,9c0c06c9531b6a158215ab58570ec5eb0291cc89cc7596d7c3e3d1dd7e1945be
UNION_s3,objective,295,0.8149958065809706,0.807586677588209,0.0074091289927616195,5.231391845915794e-07,cbfa647c4407f85d81f5279a6d65b0beca01c6d8870fbe5ee3f0ddae2951d63e
UNION_s3,objective,296,0.8149958065786093,0.8075866796452986,0.007409126933310629,3.401135404665128e-07,b1f80044b9c7b3560182f917b945a9de0362e89aad633819de7ad329344b975a
UNION_s3,objective,297,0.8149958065757044,0.8075866733180309,0.007409133257673483,4.610511067442461e-07,7d5528df9f0d26197e42720081e104c3e86046766c2129fa45abea7732520425
UNION_s3,objective,298,0.814995806576884,0.8075866702768368,0.007409136300047099,1.3085228633863274e-06,f775be02de8869d859feb47c5bda20480a70555fe8ccff128c4ba7455c337c00
UNION_s3,objective,299,0.8149958065748294,0.8075866721157705,0.007409134459058868,4.0689327874979234e-07,ffa671d5518d7c88088fe9e7c715882f9623a60de3caf43e04923ec2ed2ea7fb
UNION_s3,objective,300,0.8149958065737064,0.807586666910749,0.007409139662957397,3.0478875971063414e-07,41d6f9fae06690db27ede0eb8a8c4510a9102055c7201b3f580277756d4d0c24
UNION_s3,objective,301,0.8149958065721805,0.807586658963031,0.007409147609149571,3.3552464371878055e-07,6f7844de9a5737356ef05be35f374d2f46d40f6f3c17ea2abe9445a8615f4bfc
UNION_s3,objective,302,0.8149958065726307,0.8075866494637971,0.0074091571088336075,1.1625505642502787e-06,a3a420a00a00027f4fd4c4669f85a84b811c749ac41c37721bec8d0d00b75a5f
UNION_s3,objective,303,0.8149958065716018,0.8075866548910928,0.007409151680508878,3.965507775878995e-07,e83a65037c4895a1dccefd9a6bd7943626502f89fa5364062738410c19287cfb
UNION_s3,objective,304,0.8149958065710035,0.8075866517515394,0.00740915481946404,2.3112802608724174e-07,683a673391376994089f274eb62ed0627e997f7901fbf776b8711766787586b6
UNION_s3,objective,305,0.814995806570434,0.8075866499095454,0.007409156660888646,3.2492086483313894e-07,dec43b782770a9c7f4681a1000743cfaf7af8b45d214629cca68f41a8ba7050f
UNION_s3,objective,306,0.8149958065695351,0.8075866470024594,0.007409159567075637,3.8822332642237426e-07,f4b74bf0678e7f55b46ef9556b39deb01cf3e1b3d45b969094562c4f8c992186
UNION_s3,objective,307,0.8149958065675428,0.8075866387146609,0.00740916785288191,4.604185552259779e-07,6a6a2b6db7859a3d20f7e1f9ac17d506fcc2d770e68a2decca47769a4759e3b8
UNION_s3,objective,308,0.8149958065671946,0.8075866193414831,0.007409187225711496,1.1626433356859746e-06,9b0a101df8ee27e3c5750ca9577884a12c0d9e943c20a4cd8c2f28a36521bf4c
UNION_s3,objective,309,0.8149958065640446,0.807586619176442,0.007409187387602599,2.874418368116218e-07,7034cd9341cc207b13d08498d784625c2f479f7ffa52e6cb857a10c55231d7bd
UNION_s3,objective,310,0.8149958065632177,0.8075866184199835,0.007409188143234206,2.0754433061894948e-07,f915325aeaac39434fb4a08a7b7b235bd9ac4cdfa9133d9ee9979c045e7c094a
UNION_s3,objective,311,0.8149958065621966,0.8075866137674039,0.007409192794792698,2.7139289294663265e-07,07682f7788460cadc33677669c2c8b1d5ec323e50ac390d6b1aaa8c3099e169a
UNION_s3,objective,312,0.814995806563435,0.8075866117322947,0.0074091948311402365,1.1124852468877759e-06,35cfed8e49fff6bfc1f52d0369fa49f14f6fb45f35d52d70bdb25b64a690057f
UNION_s3,objective,313,0.8149958065618994,0.8075866131449718,0.0074091934169275946,2.863453097904917e-07,5e8a8427c43998550456f0e53289529739ebb8c581827a1858e1e7871c859d88
UNION_s3,objective,314,0.8149958065613564,0.8075866090008396,0.007409197560516787,1.9205009532445235e-07,e5e72822f8cf45990b2af774094dd5b6e0d2eb4982103ab65ca28134d551e0ca
UNION_s3,objective,315,0.8149958065606483,0.8075866041679524,0.007409202392695949,1.970278803718974e-07,0e813771b8e117e44fc2a1439270cef0d8eeac7ee768d019eed3f15eace9117e
UNION_s3,objective,316,0.8149958065629754,0.8075865911352782,0.007409215427697191,1.98329769448734e-06,4990232367a19b29f9d2cb1feb173afd6556dedd249e2ccd95e6cf5f470ea175
UNION_s3,objective,317,0.8149958065603844,0.8075866010136424,0.007409205546741906,4.2028562234570974e-07,d592e90045bdba085073aaf8d5733e0cf1cbc42502c4c74501a0fd2f32e3f51c
UNION_s3,objective,318,0.8149958065599272,0.8075865978187002,0.0074092087412269666,2.547131196346167e-07,eab97abc1dfac9c402f389e1be45f7486fbb76e17802e409c0331e7953b24d7a
UNION_s3,objective,319,0.8149958065595164,0.8075865952605321,0.007409211298984336,1.5189933537912552e-07,f0877c70fa3431457141e0ca43c4148c78d843b80817c0607f841c7cfb208696
UNION_s3,objective,320,0.8149958065590911,0.8075865930661288,0.0074092134929623415,1.695342541322487e-07,c92c2ee09b2a6036ad1c768ad8dbc737d24077629f28890e50cd5644c92be124
UNION_s3,objective,321,0.8149958065586577,0.8075865915266419,0.007409215032015768,1.9165464027146453e-07,f4829dd03bbd321d411302cc476583359bffe09b7436447fc8fba5bfa90f0488
UNION_s3,objective,322,0.8149958065578864,0.8075865862076331,0.007409220350253275,5.328258427856072e-07,0758378f6ede5ea61c74faff7eee7e54509d6f8125840276239a9be061b6d8b5
UNION_s3,objective,323,0.8149958065571385,0.8075865853876395,0.00740922116949903,2.6670760219196056e-07,44fe41e04a36058ac5788e2b802ba6bc6c2d8afa7901c6848378fbd96c6d15c6
UNION_s3,objective,324,0.814995806556683,0.8075865859602541,0.007409220596428921,1.4581265439636237e-07,604e62997ce4b3052de380f7f47741efd9ec7923f88837fa4eaad120bf9fbcbd
UNION_s3,objective,325,0.8149958065563209,0.807586586189802,0.007409220366518905,1.058623206755401e-07,58bce10697600187d46b26e453e895d0c3f6c271be9711b3bff87263669c3156
UNION_s3,objective,326,0.8149958065561169,0.8075865860579028,0.0074092204982140804,3.5438822091909506e-07,11f68dc7e4f8ba289c829158171aa13145694d4d8f8c4bfc6732db96cb49c5a3
UNION_s3,objective,327,0.8149958065557672,0.80758658580961,0.007409220746157263,2.0239142462569716e-07,c6a2b0bed751233ae4794202817877e227f700d91dd340098865d8fd4df8e89e
UNION_s3,objective,328,0.8149958065552796,0.8075865854806894,0.007409221074590209,1.3368484473377274e-07,e51e6615da93c8ee0a039cbb41f884743e9ccd9facd9192083a7fb087e4ea040
UNION_s3,objective,329,0.8149958065550428,0.8075865857746692,0.007409220780373518,1.3099183626362948e-07,8571017ef205c9809d5a1fe70d2a536e7dd91b9248c32039620bea7059a5c80c
UNION_s3,objective,330,0.8149958065551816,0.807586585805087,0.007409220750094509,7.583466783637009e-07,ef8835d704b81df5b22c4ae90b6d5e3bf954ac45df848fe9abf12d8cad1ad8dc
UNION_s3,objective,331,0.8149958065549436,0.8075865857864526,0.00740922076849107,3.0081276872651206e-07,9ab610575d1ab4c41ee70d61d8e2864ecf4b65d99e63f9e9546e506f248ad773
UNION_s3,objective,332,0.8149958065547617,0.8075865866780443,0.007409219876717377,1.7394473405089734e-07,9c050d3884c0bbca39e83362a2e3174aedd43100ab464e911fe56310cd42dd39
UNION_s3,objective,333,0.8149958065545568,0.8075865878751682,0.00740921867938863,1.0620248633344747e-07,5ed6d2c06b6b65941e62292ae87507c84d063e60058da2bf36602cb094174442
UNION_s3,objective,334,0.8149958065543409,0.8075865892713789,0.007409217282961993,1.2665115621953288e-07,8228828ff15b902e5fb87c7093acb4f308ee519831dcbbe6fbaac51588d8c604
UNION_s3,objective,335,0.8149958065541503,0.8075865908338347,0.007409215720315587,1.1029903461665058e-07,9d955f0cddf477f051db8c34847ed464d49d071d5c01b4b4aa4b17547a2d3b43
UNION_s3,objective,336,0.8149958065544001,0.8075865934508905,0.007409213103509643,4.796530409594802e-07,3c0c2058ba5e4691d1ce472c0cac1081c0947d4a400aea3ea3866f306110bcf2
UNION_s3,objective,337,0.8149958065540147,0.807586591807748,0.007409214746266676,1.851054148570364e-07,8011f94eb86550a1fd7c4cd64c48d1447b55c89d111270937c458c880fa31fc2
UNION_s3,objective,338,0.814995806553869,0.8075865929482751,0.00740921360559397,7.032098571155603e-08,80b07b96622175e74353ff8e4b344cc2d5dc794e5881fcd5fa640deef4a50878
UNION_s3,objective,339,0.8149958065538038,0.8075865934635388,0.007409213090264955,7.044494391603547e-08,7a0aaf498b75cf45605e6253505fbf2fd2ddf73735cc4f4eb6680db1c5b887bd
UNION_s3,objective,340,0.814995806553743,0.8075865941077971,0.00740921244594596,7.51773560346447e-08,688fff45b724377265a29a55ee05ffcffa5e72728c40df872faf5238f9cf65de
UNION_s3,objective,341,0.814995806553618,0.8075865958861097,0.007409210667508276,1.327896708953891e-07,3faf4829082ab8643232c4526066b62a24bbbbf70d475fb88702e6aa0b9b5844
UNION_s3,objective,342,0.8149958065536698,0.8075865998925187,0.007409206661151086,3.323542807844124e-07,f92f007da07723dcdee8a24393caae5ad2f451f627f171b5f3b79e62feac7b9d
UNION_s3,objective,343,0.814995806553538,0.8075865976407032,0.007409208912834795,1.1573567560134389e-07,ab933c658861cc38e025300ef5d1a331f7ff7c816c7d44c7a65eb42b2fe9be70
UNION_s3,objective,344,0.8149958065534596,0.8075865988415625,0.007409207711897118,6.086719210428576e-08,6246acb626154f40217499f067a3822ac7b2b226b3df931ecec2e556928235b2
UNION_s3,objective,345,0.8149958065534058,0.8075865998825627,0.007409206670843145,6.887740185755572e-08,db485186155e5f11f99d2e7bb5ff2a775bd0f0885b9955c17fb498c16d7495a0
UNION_s3,objective,346,0.8149958065539252,0.8075866034996272,0.007409203054298073,8.765435442378212e-07,e0c8752a171d1d9629a37951a30d583beceef3dbaba18d4ef7fe3ee2d9a02ac6
UNION_s3,objective,347,0.8149958065533871,0.8075866004496969,0.007409206103690172,1.2341814462262662e-07,6198a8692fec0c8eb9eef310b7eef365371bffadba75be7f03f960f70ded73fd
UNION_s3,objective,348,0.8149958065533497,0.8075866011075375,0.00740920544581213,9.783726382958482e-08,734916f812785acb9007f4721e442a2c004e530b5bbb05882bb3df5757470104
UNION_s3,objective,349,0.8149958065532489,0.807586603061946,0.007409203491302882,7.065486076821537e-08,5d100defcc8f588f6a3bd77f13ebbc9742193c7c95391d7d6dbc988568818e54
UNION_s3,objective,350,0.8149958065531082,0.8075866064908807,0.0074092000622275386,7.480679010121718e-08,c17fc5944f9514158c2eaee5918e1da04b57878fcf869b27f88fde5d58a180cc
UNION_s3,objective,351,0.8149958065529826,0.8075866099486703,0.007409196604312416,9.281739882842687e-08,c4dbbe3148460d01934f320d47bcf9b046893e230bdd8ee0f725506a5968ccad
UNION_s3,objective,352,0.8149958065532967,0.8075866145243731,0.007409192028923628,4.3971334443411616e-07,421b314c9e38954b9054f6a4b1498371a818c6958e7ba3a3cf566a388e9589fd
UNION_s3,objective,353,0.814995806552948,0.8075866110444213,0.007409195508526678,7.736011779124141e-08,d3a12822d525f393b734f01082de6e2fca36d3ff1483bb89999f3831f2e8ce57
UNION_s3,objective,354,0.8149958065528898,0.8075866126085464,0.007409193944343498,4.8171013321501985e-08,aae39a4edac558356639996a267966af95cfbb659d89a0c00a0445dfd347588f
UNION_s3,objective,355,0.8149958065528359,0.8075866134566617,0.007409193096174159,4.693695832765893e-08,48f9806bebc0e58c7b01b7feb6b3aa63da898e77a1c669d4c10a76eb7c02225a
UNION_s3,objective,356,0.81499580655267,0.8075866172996591,0.007409189253010901,1.778078498907874e-07,84c17bf39235ef7194759fe7f60ddc30d4816c8eec2f2fada045d69c80d9f8fe
UNION_s3,objective,357,0.8149958065526023,0.807586621700362,0.0074091848522402975,1.7557804023588544e-07,110d07221f38de983482e299ff9e5f245709696af1c0498a3ad6e96ff527f480
UNION_s3,objective,358,0.8149958065525041,0.8075866211268027,0.007409185425701503,6.138690344225909e-08,f8b57822eace93f974b7f742ec5e1e36e16993d05ba3da9940d3d94cfb6dc0c5
UNION_s3,objective,359,0.8149958065524626,0.8075866217782002,0.00740918477426248,5.3365338228567325e-08,b20e0e836f71c88a332ceb560747ba68ddb0308e8bd0597aef64a865ceaaed2b
UNION_s3,objective,360,0.8149958065524169,0.8075866234417579,0.0074091831106589965,9.23064510477024e-08,944058b732fb7b3550c27a027197e0c3bc36572d71debf9fcbafdaf229bff3b4
UNION_s3,objective,361,0.8149958065523577,0.8075866286479979,0.007409177904359778,1.6810020579386517e-07,9807dc88acdb5c8ef0ab4127832cc0a764db7968171d41fc4a4d976b6c70fa01
UNION_s3,objective,362,0.8149958065522892,0.8075866293797291,0.00740917717256011,6.131626605359162e-08,cfe700c680b5e1a861e710271a60fb9bbf3d0d58e8d89a99d8caf524b6436ae6
UNION_s3,objective,363,0.8149958065522411,0.8075866306862266,0.007409175866014477,7.849343748340481e-08,8b47f3c31e3d9ca97c62601143cf271018ea708f93217fb8a7b48d7e5ae09ebc
UNION_s3,objective,364,0.8149958065522003,0.8075866318816447,0.007409174670555556,6.781709993448856e-08,519082a30542cb036a48e55b8a9d59e60c68aaf4bca7cfb52f529d28d8c17aee
UNION_s3,objective,365,0.814995806552114,0.8075866347981292,0.0074091717539847965,4.031641372051879e-08,f0848cebf179356b980a67f3a0aa76a5fca06055369ae886497f68038b3edb6e
UNION_s3,objective,366,0.8149958065522401,0.8075866385245618,0.007409168027678328,2.904953995198006e-07,d300c5c06273ed8d0cef2d3a700386e4e46710f865e60171e0afbf12037d5000
UNION_s3,objective,367,0.8149958065521038,0.8075866356017816,0.00740917095032218,6.460159074109117e-08,b3f2838fe6d92c702f44fc7204a7d6773eecb7de3eee86697203f28cc55866f0
UNION_s3,objective,368,0.8149958065520889,0.8075866360712348,0.007409170480854101,3.3717390135715194e-08,8110ccfd9d6d616b914d35a7912ed40c0ab94a6d1c65d51c56827965049cc4a2
UNION_s3,objective,369,0.8149958065520766,0.807586636264748,0.007409170287328544,3.5076959333907304e-08,65a34b45d5ea538f4958317c59666fdb68e8abd436798344728a396fb80e7315
UNION_s3,objective,370,0.8149958065520554,0.8075866364836681,0.007409170068387268,4.686828151069662e-08,76952109bf86ee5b8a3e95c4599eab74a7435cdbb28220b1e308a9749f8a83b0
UNION_s3,objective,371,0.8149958065520252,0.8075866366979534,0.00740916985407179,6.600469240429069e-08,7afb8aa37533868f3339075e4de7c6796c021c16a1e0e05b54c5cd285b1e6a62
UNION_s3,objective,372,0.8149958065520455,0.8075866362097123,0.007409170342333282,1.9662284951276943e-07,4991013c94831cbad188ab5f248f623746ae49f8b4bd0fc9f50c01893962b0e8
UNION_s3,objective,373,0.8149958065520053,0.8075866364963258,0.007409170055679562,7.739787972987085e-08,960b651b58e6f79bc48dc1c66910a2a6d48524e929904e37dfafb81bc9926441
UNION_s3,objective,374,0.8149958065519788,0.8075866362482556,0.007409170303723211,3.831007426063685e-08,aba4e3d83660a60c48442ea56b39352017525d49fb80c85ac6e5d96b931dec6b
UNION_s3,objective,375,0.8149958065519577,0.8075866357842685,0.007409170767689253,3.9009215597488e-08,0d866ade8ae4f3c96cb050e570cb61a13db8f38dc1d3cdd31dd4bd731a3ee146
UNION_s3,objective,376,0.8149958065519366,0.8075866353338476,0.007409171218089094,6.692713296552405e-08,8910575f8a239f4c8bd920e3c7dae96afd901d05fb2d8e252f74f4901f49d5a8
UNION_s3,objective,377,0.8149958065519415,0.807586634236076,0.007409172315865519,1.287755556753526e-07,85892f45277c0c99df637144fbab7eb2cdacdcbe5fa8e5546816ae8be8e94de8
UNION_s3,objective,378,0.8149958065519252,0.8075866348338582,0.007409171718067002,4.1185767946035294e-08,19b3cac5375c80abf4c78c2fb74e9971f7330f68d32c7523d02b023f2b95e918
UNION_s3,objective,379,0.8149958065519122,0.8075866346088283,0.007409171943083896,2.992427982588329e-08,6b8fb391c1d50d6baa1c6f410ee011f2dd1bfda8160100a51983fc0e53023dc1
