center_frame_id,source_recording,center_rgb,neighbor_rgb_paths,gt_annotation_path,lighting,manual_gt_status,paper_eval_recording_overlap,eligible,exclusion_reason
capture0403noapril_manual_gt__1775201411535812864,,,,legacy_unverified/annotations/capture0403noapril_manual_gt/1775201411535812864.json,unknown,eval_canonical_legacy,,False,not resolvable to a raw recording by sha256
capture0403noapril_manual_gt__1775201432466607872,,,,legacy_unverified/annotations/capture0403noapril_manual_gt/1775201432466607872.json,unknown,eval_canonical_legacy,,False,not resolvable to a raw recording by sha256
capture0403noapril_manual_gt__1775201436599073280,,,,legacy_unverified/annotations/capture0403noapril_manual_gt/1775201436599073280.json,unknown,eval_canonical_legacy,,False,not resolvable to a raw recording by sha256
capture0403noapril_manual_gt__1775201439118590208,,,,legacy_unverified/annotations/capture0403noapril_manual_gt/1775201439118590208.json,unknown,eval_canonical_legacy,,False,not resolvable to a raw recording by sha256
capture0403noapril_manual_gt__1775201442780546816,,,,legacy_unverified/annotations/capture0403noapril_manual_gt/1775201442780546816.json,unknown,eval_canonical_legacy,,False,not resolvable to a raw recording by sha256
capture0403noapril_manual_gt__1775201447585014272,,,,legacy_unverified/annotations/capture0403noapril_manual_gt/1775201447585014272.json,unknown,eval_canonical_legacy,,False,not resolvable to a raw recording by sha256
capturenight01_manual_gt__1779448594529620736,capturenight01,data/pallet/raw_data/night/capturenight01/rgb/1779448594529620736.png,data/pallet/raw_data/night/capturenight01/rgb/1779448594362865920.png|data/pallet/raw_data/night/capturenight01/rgb/1779448594429682432.png|data/pallet/raw_data/night/capturenight01/rgb/1779448594496090112.png|data/pallet/raw_data/night/capturenight01/rgb/1779448594596243968.png|data/pallet/raw_data/night/capturenight01/rgb/1779448594696480512.png|data/pallet/raw_data/night/capturenight01/rgb/1779448594763062784.png,legacy_unverified/annotations/capturenight01_manual_gt/1779448594529620736.json,night,manual_gt_legacy,False,True,
capturenight01_manual_gt__1779448595563677184,capturenight01,data/pallet/raw_data/night/capturenight01/rgb/1779448595563677184.png,data/pallet/raw_data/night/capturenight01/rgb/1779448595363560192.png|data/pallet/raw_data/night/capturenight01/rgb/1779448595430359552.png|data/pallet/raw_data/night/capturenight01/rgb/1779448595496928768.png|data/pallet/raw_data/night/capturenight01/rgb/1779448595630339584.png|data/pallet/raw_data/night/capturenight01/rgb/1779448595697107968.png|data/pallet/raw_data/night/capturenight01/rgb/1779448595763907328.png,legacy_unverified/annotations/capturenight01_manual_gt/1779448595563677184.json,night,manual_gt_legacy,False,True,
capturenight01_manual_gt__1779448629320837120,capturenight01,data/pallet/raw_data/night/capturenight01/rgb/1779448629320837120.png,data/pallet/raw_data/night/capturenight01/rgb/1779448629120540928.png|data/pallet/raw_data/night/capturenight01/rgb/1779448629187286528.png|data/pallet/raw_data/night/capturenight01/rgb/1779448629254136064.png|data/pallet/raw_data/night/capturenight01/rgb/1779448629387562496.png|data/pallet/raw_data/night/capturenight01/rgb/1779448629454208000.png|data/pallet/raw_data/night/capturenight01/rgb/1779448629520870912.png,legacy_unverified/annotations/capturenight01_manual_gt/1779448629320837120.json,night,manual_gt_legacy,False,True,
capturenight01_manual_gt__1779448633156790272,capturenight01,data/pallet/raw_data/night/capturenight01/rgb/1779448633156790272.png,data/pallet/raw_data/night/capturenight01/rgb/1779448632989814784.png|data/pallet/raw_data/night/capturenight01/rgb/1779448633023272704.png|data/pallet/raw_data/night/capturenight01/rgb/1779448633089942528.png|data/pallet/raw_data/night/capturenight01/rgb/1779448633223493888.png|data/pallet/raw_data/night/capturenight01/rgb/1779448633357269760.png|data/pallet/raw_data/night/capturenight01/rgb/1779448633523823872.png,legacy_unverified/annotations/capturenight01_manual_gt/1779448633156790272.json,night,manual_gt_legacy,False,True,
capturenight01_manual_gt__1779448641529222400,capturenight01,data/pallet/raw_data/night/capturenight01/rgb/1779448641529222400.png,data/pallet/raw_data/night/capturenight01/rgb/1779448641262454784.png|data/pallet/raw_data/night/capturenight01/rgb/1779448641362481664.png|data/pallet/raw_data/night/capturenight01/rgb/1779448641429341184.png|data/pallet/raw_data/night/capturenight01/rgb/1779448641595984384.png|data/pallet/raw_data/night/capturenight01/rgb/1779448641662792704.png|data/pallet/raw_data/night/capturenight01/rgb/1779448641729363200.png,legacy_unverified/annotations/capturenight01_manual_gt/1779448641529222400.json,night,manual_gt_legacy,False,True,
capturenight01_manual_gt__1779448648033896448,capturenight01,data/pallet/raw_data/night/capturenight01/rgb/1779448648033896448.png,data/pallet/raw_data/night/capturenight01/rgb/1779448647700675072.png|data/pallet/raw_data/night/capturenight01/rgb/1779448647867429632.png|data/pallet/raw_data/night/capturenight01/rgb/1779448647967085568.png|data/pallet/raw_data/night/capturenight01/rgb/1779448648100537088.png|data/pallet/raw_data/night/capturenight01/rgb/1779448648167545088.png|data/pallet/raw_data/night/capturenight01/rgb/1779448648300974336.png,legacy_unverified/annotations/capturenight01_manual_gt/1779448648033896448.json,night,manual_gt_legacy,False,True,
capturenight02_manual_gt__1779448698918811392,capturenight02,data/pallet/raw_data/night/capturenight02/rgb/1779448698918811392.png,data/pallet/raw_data/night/capturenight02/rgb/1779448698718573568.png|data/pallet/raw_data/night/capturenight02/rgb/1779448698785272576.png|data/pallet/raw_data/night/capturenight02/rgb/1779448698851957504.png|data/pallet/raw_data/night/capturenight02/rgb/1779448699085966592.png|data/pallet/raw_data/night/capturenight02/rgb/1779448699185996288.png|data/pallet/raw_data/night/capturenight02/rgb/1779448699252475136.png,legacy_unverified/annotations/capturenight02_manual_gt/1779448698918811392.json,night,manual_gt_legacy,False,True,
capturenight02_manual_gt__1779448711360824320,capturenight02,data/pallet/raw_data/night/capturenight02/rgb/1779448711360824320.png,data/pallet/raw_data/night/capturenight02/rgb/1779448711160638976.png|data/pallet/raw_data/night/capturenight02/rgb/1779448711193948672.png|data/pallet/raw_data/night/capturenight02/rgb/1779448711260653824.png|data/pallet/raw_data/night/capturenight02/rgb/1779448711528033280.png|data/pallet/raw_data/night/capturenight02/rgb/1779448711661340672.png|data/pallet/raw_data/night/capturenight02/rgb/1779448711694266112.png,legacy_unverified/annotations/capturenight02_manual_gt/1779448711360824320.json,night,manual_gt_legacy,False,True,
capturenight02_manual_gt__1779448712694970368,capturenight02,data/pallet/raw_data/night/capturenight02/rgb/1779448712694970368.png,data/pallet/raw_data/night/capturenight02/rgb/1779448712461873152.png|data/pallet/raw_data/night/capturenight02/rgb/1779448712561763584.png|data/pallet/raw_data/night/capturenight02/rgb/1779448712628238592.png|data/pallet/raw_data/night/capturenight02/rgb/1779448712761760512.png|data/pallet/raw_data/night/capturenight02/rgb/1779448712828503808.png|data/pallet/raw_data/night/capturenight02/rgb/1779448712895164416.png,legacy_unverified/annotations/capturenight02_manual_gt/1779448712694970368.json,night,manual_gt_legacy,False,True,
capturenight02_manual_gt__1779448713863113472,capturenight02,data/pallet/raw_data/night/capturenight02/rgb/1779448713863113472.png,data/pallet/raw_data/night/capturenight02/rgb/1779448713629245440.png|data/pallet/raw_data/night/capturenight02/rgb/1779448713695645440.png|data/pallet/raw_data/night/capturenight02/rgb/1779448713762505216.png|data/pallet/raw_data/night/capturenight02/rgb/1779448714029585664.png|data/pallet/raw_data/night/capturenight02/rgb/1779448714096074240.png|data/pallet/raw_data/night/capturenight02/rgb/1779448714162909696.png,legacy_unverified/annotations/capturenight02_manual_gt/1779448713863113472.json,night,manual_gt_legacy,False,True,
capturenight02_manual_gt__1779448721234390272,capturenight02,data/pallet/raw_data/night/capturenight02/rgb/1779448721234390272.png,data/pallet/raw_data/night/capturenight02/rgb/1779448721067828992.png|data/pallet/raw_data/night/capturenight02/rgb/1779448721100892672.png|data/pallet/raw_data/night/capturenight02/rgb/1779448721167658752.png|data/pallet/raw_data/night/capturenight02/rgb/1779448721301230592.png|data/pallet/raw_data/night/capturenight02/rgb/1779448721367845632.png|data/pallet/raw_data/night/capturenight02/rgb/1779448721434554624.png,legacy_unverified/annotations/capturenight02_manual_gt/1779448721234390272.json,night,manual_gt_legacy,False,True,
capturenight02_manual_gt__1779448722468782592,capturenight02,data/pallet/raw_data/night/capturenight02/rgb/1779448722468782592.png,data/pallet/raw_data/night/capturenight02/rgb/1779448722268742144.png|data/pallet/raw_data/night/capturenight02/rgb/1779448722335544832.png|data/pallet/raw_data/night/capturenight02/rgb/1779448722402101504.png|data/pallet/raw_data/night/capturenight02/rgb/1779448722602431488.png|data/pallet/raw_data/night/capturenight02/rgb/1779448722702210048.png|data/pallet/raw_data/night/capturenight02/rgb/1779448722768793856.png,legacy_unverified/annotations/capturenight02_manual_gt/1779448722468782592.json,night,manual_gt_legacy,False,True,
capturenight02_manual_gt__1779448723536054784,capturenight02,data/pallet/raw_data/night/capturenight02/rgb/1779448723536054784.png,data/pallet/raw_data/night/capturenight02/rgb/1779448723335821312.png|data/pallet/raw_data/night/capturenight02/rgb/1779448723402501888.png|data/pallet/raw_data/night/capturenight02/rgb/1779448723469219584.png|data/pallet/raw_data/night/capturenight02/rgb/1779448723569489408.png|data/pallet/raw_data/night/capturenight02/rgb/1779448723636058624.png|data/pallet/raw_data/night/capturenight02/rgb/1779448723702940416.png,legacy_unverified/annotations/capturenight02_manual_gt/1779448723536054784.json,night,manual_gt_legacy,False,True,
capturenight02_manual_gt__1779448724837351936,capturenight02,data/pallet/raw_data/night/capturenight02/rgb/1779448724837351936.png,data/pallet/raw_data/night/capturenight02/rgb/1779448724536740096.png|data/pallet/raw_data/night/capturenight02/rgb/1779448724603367680.png|data/pallet/raw_data/night/capturenight02/rgb/1779448724670173952.png|data/pallet/raw_data/night/capturenight02/rgb/1779448724970544896.png|data/pallet/raw_data/night/capturenight02/rgb/1779448725036954368.png|data/pallet/raw_data/night/capturenight02/rgb/1779448725103771904.png,legacy_unverified/annotations/capturenight02_manual_gt/1779448724837351936.json,night,manual_gt_legacy,False,True,
capturenight02_manual_gt__1779448726204407296,capturenight02,data/pallet/raw_data/night/capturenight02/rgb/1779448726204407296.png,data/pallet/raw_data/night/capturenight02/rgb/1779448726004602112.png|data/pallet/raw_data/night/capturenight02/rgb/1779448726071082496.png|data/pallet/raw_data/night/capturenight02/rgb/1779448726137859840.png|data/pallet/raw_data/night/capturenight02/rgb/1779448726271245056.png|data/pallet/raw_data/night/capturenight02/rgb/1779448726304574464.png|data/pallet/raw_data/night/capturenight02/rgb/1779448726371279616.png,legacy_unverified/annotations/capturenight02_manual_gt/1779448726204407296.json,night,manual_gt_legacy,False,True,
capturenight02_manual_gt__1779448728372722944,capturenight02,data/pallet/raw_data/night/capturenight02/rgb/1779448728372722944.png,data/pallet/raw_data/night/capturenight02/rgb/1779448728172612864.png|data/pallet/raw_data/night/capturenight02/rgb/1779448728239658752.png|data/pallet/raw_data/night/capturenight02/rgb/1779448728306197504.png|data/pallet/raw_data/night/capturenight02/rgb/1779448728439544320.png|data/pallet/raw_data/night/capturenight02/rgb/1779448728539616512.png|data/pallet/raw_data/night/capturenight02/rgb/1779448728606117888.png,legacy_unverified/annotations/capturenight02_manual_gt/1779448728372722944.json,night,manual_gt_legacy,False,True,
capturenight02_manual_gt__1779448729640510208,capturenight02,data/pallet/raw_data/night/capturenight02/rgb/1779448729640510208.png,data/pallet/raw_data/night/capturenight02/rgb/1779448729306946304.png|data/pallet/raw_data/night/capturenight02/rgb/1779448729373507328.png|data/pallet/raw_data/night/capturenight02/rgb/1779448729507198464.png|data/pallet/raw_data/night/capturenight02/rgb/1779448729740288256.png|data/pallet/raw_data/night/capturenight02/rgb/1779448729773677056.png|data/pallet/raw_data/night/capturenight02/rgb/1779448729840464896.png,legacy_unverified/annotations/capturenight02_manual_gt/1779448729640510208.json,night,manual_gt_legacy,False,True,
capturenight02_manual_gt__1779448754290919680,capturenight02,data/pallet/raw_data/night/capturenight02/rgb/1779448754290919680.png,data/pallet/raw_data/night/capturenight02/rgb/1779448754090754304.png|data/pallet/raw_data/night/capturenight02/rgb/1779448754157490432.png|data/pallet/raw_data/night/capturenight02/rgb/1779448754224220928.png|data/pallet/raw_data/night/capturenight02/rgb/1779448754391127808.png|data/pallet/raw_data/night/capturenight02/rgb/1779448754524793600.png|data/pallet/raw_data/night/capturenight02/rgb/1779448754691654912.png,legacy_unverified/annotations/capturenight02_manual_gt/1779448754290919680.json,night,manual_gt_legacy,False,True,
capturenight02_manual_gt__1779448756059212288,capturenight02,data/pallet/raw_data/night/capturenight02/rgb/1779448756059212288.png,data/pallet/raw_data/night/capturenight02/rgb/1779448755792109056.png|data/pallet/raw_data/night/capturenight02/rgb/1779448755858686208.png|data/pallet/raw_data/night/capturenight02/rgb/1779448755925585920.png|data/pallet/raw_data/night/capturenight02/rgb/1779448756226316288.png|data/pallet/raw_data/night/capturenight02/rgb/1779448756358959616.png|data/pallet/raw_data/night/capturenight02/rgb/1779448756425767680.png,legacy_unverified/annotations/capturenight02_manual_gt/1779448756059212288.json,night,manual_gt_legacy,False,True,
capturenight02_manual_gt__1779448757593242112,capturenight02,data/pallet/raw_data/night/capturenight02/rgb/1779448757593242112.png,data/pallet/raw_data/night/capturenight02/rgb/1779448757393128960.png|data/pallet/raw_data/night/capturenight02/rgb/1779448757459945216.png|data/pallet/raw_data/night/capturenight02/rgb/1779448757526616064.png|data/pallet/raw_data/night/capturenight02/rgb/1779448757659922432.png|data/pallet/raw_data/night/capturenight02/rgb/1779448757760302592.png|data/pallet/raw_data/night/capturenight02/rgb/1779448757893801216.png,legacy_unverified/annotations/capturenight02_manual_gt/1779448757593242112.json,night,manual_gt_legacy,False,True,
capturenight03_manual_gt__1779448855092836864,capturenight03,data/pallet/raw_data/night/capturenight03/rgb/1779448855092836864.png,data/pallet/raw_data/night/capturenight03/rgb/1779448854859195648.png|data/pallet/raw_data/night/capturenight03/rgb/1779448854926159104.png|data/pallet/raw_data/night/capturenight03/rgb/1779448854992493312.png|data/pallet/raw_data/night/capturenight03/rgb/1779448855226363648.png|data/pallet/raw_data/night/capturenight03/rgb/1779448855326394624.png|data/pallet/raw_data/night/capturenight03/rgb/1779448855392972288.png,legacy_unverified/annotations/capturenight03_manual_gt/1779448855092836864.json,night,manual_gt_legacy,False,True,
capturenight03_manual_gt__1779448863832166400,capturenight03,data/pallet/raw_data/night/capturenight03/rgb/1779448863832166400.png,data/pallet/raw_data/night/capturenight03/rgb/1779448863531986176.png|data/pallet/raw_data/night/capturenight03/rgb/1779448863598823424.png|data/pallet/raw_data/night/capturenight03/rgb/1779448863765714944.png|data/pallet/raw_data/night/capturenight03/rgb/1779448863999419904.png|data/pallet/raw_data/night/capturenight03/rgb/1779448864099249152.png|data/pallet/raw_data/night/capturenight03/rgb/1779448864165719296.png,legacy_unverified/annotations/capturenight03_manual_gt/1779448863832166400.json,night,manual_gt_legacy,False,True,
capturenight03_manual_gt__1779448868035222528,capturenight03,data/pallet/raw_data/night/capturenight03/rgb/1779448868035222528.png,data/pallet/raw_data/night/capturenight03/rgb/1779448867835120896.png|data/pallet/raw_data/night/capturenight03/rgb/1779448867901857792.png|data/pallet/raw_data/night/capturenight03/rgb/1779448867968478976.png|data/pallet/raw_data/night/capturenight03/rgb/1779448868101780480.png|data/pallet/raw_data/night/capturenight03/rgb/1779448868168508160.png|data/pallet/raw_data/night/capturenight03/rgb/1779448868235259136.png,legacy_unverified/annotations/capturenight03_manual_gt/1779448868035222528.json,night,manual_gt_legacy,False,True,
capturenight03_manual_gt__1779448869636532992,capturenight03,data/pallet/raw_data/night/capturenight03/rgb/1779448869636532992.png,data/pallet/raw_data/night/capturenight03/rgb/1779448869235910912.png|data/pallet/raw_data/night/capturenight03/rgb/1779448869336064512.png|data/pallet/raw_data/night/capturenight03/rgb/1779448869469773312.png|data/pallet/raw_data/night/capturenight03/rgb/1779448869736628480.png|data/pallet/raw_data/night/capturenight03/rgb/1779448869836467456.png|data/pallet/raw_data/night/capturenight03/rgb/1779448870003322880.png,legacy_unverified/annotations/capturenight03_manual_gt/1779448869636532992.json,night,manual_gt_legacy,False,True,
capturenight03_manual_gt__1779448872738284800,capturenight03,data/pallet/raw_data/night/capturenight03/rgb/1779448872738284800.png,data/pallet/raw_data/night/capturenight03/rgb/1779448872538316800.png|data/pallet/raw_data/night/capturenight03/rgb/1779448872605102080.png|data/pallet/raw_data/night/capturenight03/rgb/1779448872671793664.png|data/pallet/raw_data/night/capturenight03/rgb/1779448872805224960.png|data/pallet/raw_data/night/capturenight03/rgb/1779448872905228800.png|data/pallet/raw_data/night/capturenight03/rgb/1779448872971878912.png,legacy_unverified/annotations/capturenight03_manual_gt/1779448872738284800.json,night,manual_gt_legacy,False,True,
capturenight03_manual_gt__1779448874006227968,capturenight03,data/pallet/raw_data/night/capturenight03/rgb/1779448874006227968.png,data/pallet/raw_data/night/capturenight03/rgb/1779448873706154496.png|data/pallet/raw_data/night/capturenight03/rgb/1779448873839705088.png|data/pallet/raw_data/night/capturenight03/rgb/1779448873939447808.png|data/pallet/raw_data/night/capturenight03/rgb/1779448874072710400.png|data/pallet/raw_data/night/capturenight03/rgb/1779448874106035968.png|data/pallet/raw_data/night/capturenight03/rgb/1779448874172815872.png,legacy_unverified/annotations/capturenight03_manual_gt/1779448874006227968.json,night,manual_gt_legacy,False,True,
capturenight03_manual_gt__1779448882812175360,capturenight03,data/pallet/raw_data/night/capturenight03/rgb/1779448882812175360.png,data/pallet/raw_data/night/capturenight03/rgb/1779448882445510656.png|data/pallet/raw_data/night/capturenight03/rgb/1779448882612734976.png|data/pallet/raw_data/night/capturenight03/rgb/1779448882712366592.png|data/pallet/raw_data/night/capturenight03/rgb/1779448882878852864.png|data/pallet/raw_data/night/capturenight03/rgb/1779448882945573632.png|data/pallet/raw_data/night/capturenight03/rgb/1779448883012287488.png,legacy_unverified/annotations/capturenight03_manual_gt/1779448882812175360.json,night,manual_gt_legacy,False,True,
capturenight03_manual_gt__1779448883946251264,capturenight03,data/pallet/raw_data/night/capturenight03/rgb/1779448883946251264.png,data/pallet/raw_data/night/capturenight03/rgb/1779448883712786432.png|data/pallet/raw_data/night/capturenight03/rgb/1779448883779572224.png|data/pallet/raw_data/night/capturenight03/rgb/1779448883846637568.png|data/pallet/raw_data/night/capturenight03/rgb/1779448883979676416.png|data/pallet/raw_data/night/capturenight03/rgb/1779448884079661056.png|data/pallet/raw_data/night/capturenight03/rgb/1779448884146525184.png,legacy_unverified/annotations/capturenight03_manual_gt/1779448883946251264.json,night,manual_gt_legacy,False,True,
capturenight03_manual_gt__1779448885080491264,capturenight03,data/pallet/raw_data/night/capturenight03/rgb/1779448885080491264.png,data/pallet/raw_data/night/capturenight03/rgb/1779448884847437056.png|data/pallet/raw_data/night/capturenight03/rgb/1779448884947065856.png|data/pallet/raw_data/night/capturenight03/rgb/1779448885013761280.png|data/pallet/raw_data/night/capturenight03/rgb/1779448885147362304.png|data/pallet/raw_data/night/capturenight03/rgb/1779448885213875200.png|data/pallet/raw_data/night/capturenight03/rgb/1779448885280551424.png,legacy_unverified/annotations/capturenight03_manual_gt/1779448885080491264.json,night,manual_gt_legacy,False,True,
capturenight03_manual_gt__1779448886415168000,capturenight03,data/pallet/raw_data/night/capturenight03/rgb/1779448886415168000.png,data/pallet/raw_data/night/capturenight03/rgb/1779448886014426112.png|data/pallet/raw_data/night/capturenight03/rgb/1779448886114686208.png|data/pallet/raw_data/night/capturenight03/rgb/1779448886248368896.png|data/pallet/raw_data/night/capturenight03/rgb/1779448886481427968.png|data/pallet/raw_data/night/capturenight03/rgb/1779448886548119040.png|data/pallet/raw_data/night/capturenight03/rgb/1779448886648386048.png,legacy_unverified/annotations/capturenight03_manual_gt/1779448886415168000.json,night,manual_gt_legacy,False,True,
capturenight03_manual_gt__1779448900157882368,capturenight03,data/pallet/raw_data/night/capturenight03/rgb/1779448900157882368.png,data/pallet/raw_data/night/capturenight03/rgb/1779448899957518848.png|data/pallet/raw_data/night/capturenight03/rgb/1779448900024206336.png|data/pallet/raw_data/night/capturenight03/rgb/1779448900090980608.png|data/pallet/raw_data/night/capturenight03/rgb/1779448900224615936.png|data/pallet/raw_data/night/capturenight03/rgb/1779448900291100160.png|data/pallet/raw_data/night/capturenight03/rgb/1779448900425086464.png,legacy_unverified/annotations/capturenight03_manual_gt/1779448900157882368.json,night,manual_gt_legacy,False,True,
capturenight03_manual_gt__1779448901592700416,capturenight03,data/pallet/raw_data/night/capturenight03/rgb/1779448901592700416.png,data/pallet/raw_data/night/capturenight03/rgb/1779448901191929088.png|data/pallet/raw_data/night/capturenight03/rgb/1779448901291928832.png|data/pallet/raw_data/night/capturenight03/rgb/1779448901425580032.png|data/pallet/raw_data/night/capturenight03/rgb/1779448901759710976.png|data/pallet/raw_data/night/capturenight03/rgb/1779448901859069952.png|data/pallet/raw_data/night/capturenight03/rgb/1779448901925740032.png,legacy_unverified/annotations/capturenight03_manual_gt/1779448901592700416.json,night,manual_gt_legacy,False,True,
capturenight03_manual_gt__1779448903193593600,capturenight03,data/pallet/raw_data/night/capturenight03/rgb/1779448903193593600.png,data/pallet/raw_data/night/capturenight03/rgb/1779448902759558656.png|data/pallet/raw_data/night/capturenight03/rgb/1779448902893477632.png|data/pallet/raw_data/night/capturenight03/rgb/1779448903060205056.png|data/pallet/raw_data/night/capturenight03/rgb/1779448903293299456.png|data/pallet/raw_data/night/capturenight03/rgb/1779448903359944192.png|data/pallet/raw_data/night/capturenight03/rgb/1779448903426704128.png,legacy_unverified/annotations/capturenight03_manual_gt/1779448903193593600.json,night,manual_gt_legacy,False,True,
capturenight03_manual_gt__1779448915368495616,capturenight03,data/pallet/raw_data/night/capturenight03/rgb/1779448915368495616.png,data/pallet/raw_data/night/capturenight03/rgb/1779448915168239872.png|data/pallet/raw_data/night/capturenight03/rgb/1779448915234995200.png|data/pallet/raw_data/night/capturenight03/rgb/1779448915301771264.png|data/pallet/raw_data/night/capturenight03/rgb/1779448915435231744.png|data/pallet/raw_data/night/capturenight03/rgb/1779448915502057984.png|data/pallet/raw_data/night/capturenight03/rgb/1779448915568493568.png,legacy_unverified/annotations/capturenight03_manual_gt/1779448915368495616.json,night,manual_gt_legacy,False,True,
capturenight03_manual_gt__1779448922440025600,capturenight03,data/pallet/raw_data/night/capturenight03/rgb/1779448922440025600.png,data/pallet/raw_data/night/capturenight03/rgb/1779448922207097856.png|data/pallet/raw_data/night/capturenight03/rgb/1779448922306795264.png|data/pallet/raw_data/night/capturenight03/rgb/1779448922373327360.png|data/pallet/raw_data/night/capturenight03/rgb/1779448922506857728.png|data/pallet/raw_data/night/capturenight03/rgb/1779448922573335808.png|data/pallet/raw_data/night/capturenight03/rgb/1779448922673533184.png,legacy_unverified/annotations/capturenight03_manual_gt/1779448922440025600.json,night,manual_gt_legacy,False,True,
capturenight03_manual_gt__1779448927277019648,capturenight03,data/pallet/raw_data/night/capturenight03/rgb/1779448927277019648.png,data/pallet/raw_data/night/capturenight03/rgb/1779448927109960448.png|data/pallet/raw_data/night/capturenight03/rgb/1779448927143301376.png|data/pallet/raw_data/night/capturenight03/rgb/1779448927210196992.png|data/pallet/raw_data/night/capturenight03/rgb/1779448927343538176.png|data/pallet/raw_data/night/capturenight03/rgb/1779448927443760128.png|data/pallet/raw_data/night/capturenight03/rgb/1779448927510452992.png,legacy_unverified/annotations/capturenight03_manual_gt/1779448927277019648.json,night,manual_gt_legacy,False,True,
capturenight03_manual_gt__1779448928544302080,capturenight03,data/pallet/raw_data/night/capturenight03/rgb/1779448928544302080.png,data/pallet/raw_data/night/capturenight03/rgb/1779448928310870784.png|data/pallet/raw_data/night/capturenight03/rgb/1779448928377717248.png|data/pallet/raw_data/night/capturenight03/rgb/1779448928477751296.png|data/pallet/raw_data/night/capturenight03/rgb/1779448928611079168.png|data/pallet/raw_data/night/capturenight03/rgb/1779448928677886464.png|data/pallet/raw_data/night/capturenight03/rgb/1779448928744602368.png,legacy_unverified/annotations/capturenight03_manual_gt/1779448928544302080.json,night,manual_gt_legacy,False,True,
capturenight03_manual_gt__1779448929711908352,capturenight03,data/pallet/raw_data/night/capturenight03/rgb/1779448929711908352.png,data/pallet/raw_data/night/capturenight03/rgb/1779448929511659776.png|data/pallet/raw_data/night/capturenight03/rgb/1779448929578515712.png|data/pallet/raw_data/night/capturenight03/rgb/1779448929645088768.png|data/pallet/raw_data/night/capturenight03/rgb/1779448929778877440.png|data/pallet/raw_data/night/capturenight03/rgb/1779448929845549312.png|data/pallet/raw_data/night/capturenight03/rgb/1779448929979206912.png,legacy_unverified/annotations/capturenight03_manual_gt/1779448929711908352.json,night,manual_gt_legacy,False,True,
capturenight03_manual_gt__1779448935115737600,capturenight03,data/pallet/raw_data/night/capturenight03/rgb/1779448935115737600.png,data/pallet/raw_data/night/capturenight03/rgb/1779448934882253056.png|data/pallet/raw_data/night/capturenight03/rgb/1779448934948772096.png|data/pallet/raw_data/night/capturenight03/rgb/1779448935015580160.png|data/pallet/raw_data/night/capturenight03/rgb/1779448935182511872.png|data/pallet/raw_data/night/capturenight03/rgb/1779448935282347776.png|data/pallet/raw_data/night/capturenight03/rgb/1779448935315774464.png,legacy_unverified/annotations/capturenight03_manual_gt/1779448935115737600.json,night,manual_gt_legacy,False,True,
capturenight03_manual_gt__1779448939051663616,capturenight03,data/pallet/raw_data/night/capturenight03/rgb/1779448939051663616.png,data/pallet/raw_data/night/capturenight03/rgb/1779448938885015040.png|data/pallet/raw_data/night/capturenight03/rgb/1779448938951567104.png|data/pallet/raw_data/night/capturenight03/rgb/1779448939018388480.png|data/pallet/raw_data/night/capturenight03/rgb/1779448939118394880.png|data/pallet/raw_data/night/capturenight03/rgb/1779448939218476800.png|data/pallet/raw_data/night/capturenight03/rgb/1779448939285229824.png,legacy_unverified/annotations/capturenight03_manual_gt/1779448939051663616.json,night,manual_gt_legacy,False,True,
capturenight04_manual_gt__1779449040507058176,capturenight04,data/pallet/raw_data/night/capturenight04/rgb/1779449040507058176.png,data/pallet/raw_data/night/capturenight04/rgb/1779449040307016448.png|data/pallet/raw_data/night/capturenight04/rgb/1779449040406930944.png|data/pallet/raw_data/night/capturenight04/rgb/1779449040440525056.png|data/pallet/raw_data/night/capturenight04/rgb/1779449040573645568.png|data/pallet/raw_data/night/capturenight04/rgb/1779449040640539392.png|data/pallet/raw_data/night/capturenight04/rgb/1779449040707243264.png,legacy_unverified/annotations/capturenight04_manual_gt/1779449040507058176.json,night,manual_gt_legacy,False,True,
capturenight04_manual_gt__1779449048012287232,capturenight04,data/pallet/raw_data/night/capturenight04/rgb/1779449048012287232.png,data/pallet/raw_data/night/capturenight04/rgb/1779449047812326400.png|data/pallet/raw_data/night/capturenight04/rgb/1779449047912378880.png|data/pallet/raw_data/night/capturenight04/rgb/1779449047945798656.png|data/pallet/raw_data/night/capturenight04/rgb/1779449048079104768.png|data/pallet/raw_data/night/capturenight04/rgb/1779449048145821952.png|data/pallet/raw_data/night/capturenight04/rgb/1779449048212605184.png,legacy_unverified/annotations/capturenight04_manual_gt/1779449048012287232.json,night,manual_gt_legacy,False,True,
capturenight04_manual_gt__1779449050347302400,capturenight04,data/pallet/raw_data/night/capturenight04/rgb/1779449050347302400.png,data/pallet/raw_data/night/capturenight04/rgb/1779449050046963200.png|data/pallet/raw_data/night/capturenight04/rgb/1779449050113905152.png|data/pallet/raw_data/night/capturenight04/rgb/1779449050214077696.png|data/pallet/raw_data/night/capturenight04/rgb/1779449050413972992.png|data/pallet/raw_data/night/capturenight04/rgb/1779449050447654400.png|data/pallet/raw_data/night/capturenight04/rgb/1779449050547375616.png,legacy_unverified/annotations/capturenight04_manual_gt/1779449050347302400.json,night,manual_gt_legacy,False,True,
capturenight04_manual_gt__1779449055320893184,capturenight04,data/pallet/raw_data/night/capturenight04/rgb/1779449055320893184.png,data/pallet/raw_data/night/capturenight04/rgb/1779449055117635072.png|data/pallet/raw_data/night/capturenight04/rgb/1779449055183992832.png|data/pallet/raw_data/night/capturenight04/rgb/1779449055250745344.png|data/pallet/raw_data/night/capturenight04/rgb/1779449055384150528.png|data/pallet/raw_data/night/capturenight04/rgb/1779449055450823424.png|data/pallet/raw_data/night/capturenight04/rgb/1779449055584675072.png,legacy_unverified/annotations/capturenight04_manual_gt/1779449055320893184.json,night,manual_gt_legacy,False,True,
capturenight04_manual_gt__1779449060087834368,capturenight04,data/pallet/raw_data/night/capturenight04/rgb/1779449060087834368.png,data/pallet/raw_data/night/capturenight04/rgb/1779449059887363840.png|data/pallet/raw_data/night/capturenight04/rgb/1779449059954045184.png|data/pallet/raw_data/night/capturenight04/rgb/1779449060020692992.png|data/pallet/raw_data/night/capturenight04/rgb/1779449060221177088.png|data/pallet/raw_data/night/capturenight04/rgb/1779449060421715200.png|data/pallet/raw_data/night/capturenight04/rgb/1779449060554599168.png,legacy_unverified/annotations/capturenight04_manual_gt/1779449060087834368.json,night,manual_gt_legacy,False,True,
capturepalletcad_manual_gt__1778653004700882176,capturepalletcad,data/pallet/raw_data/outside/capturepalletcad/rgb/1778653004700882176.png,,legacy_unverified/annotations/capturepalletcad_manual_gt/1778653004700882176.json,unknown,eval_canonical_legacy,True,False,recording feeds PAPER_EVAL 319
capturepalletcad_manual_gt__1778653007153689088,capturepalletcad,data/pallet/raw_data/outside/capturepalletcad/rgb/1778653007153689088.png,,legacy_unverified/annotations/capturepalletcad_manual_gt/1778653007153689088.json,unknown,eval_canonical_legacy,True,False,recording feeds PAPER_EVAL 319
capturepalletcad_manual_gt__1778653013973307392,capturepalletcad,data/pallet/raw_data/outside/capturepalletcad/rgb/1778653013973307392.png,,legacy_unverified/annotations/capturepalletcad_manual_gt/1778653013973307392.json,unknown,eval_canonical_legacy,True,False,recording feeds PAPER_EVAL 319
capturepalletcad_manual_gt__1778653016761774848,capturepalletcad,data/pallet/raw_data/outside/capturepalletcad/rgb/1778653016761774848.png,,legacy_unverified/annotations/capturepalletcad_manual_gt/1778653016761774848.json,unknown,eval_canonical_legacy,True,False,recording feeds PAPER_EVAL 319
capturepalletcad_manual_gt__1778653018743942912,capturepalletcad,data/pallet/raw_data/outside/capturepalletcad/rgb/1778653018743942912.png,,legacy_unverified/annotations/capturepalletcad_manual_gt/1778653018743942912.json,unknown,eval_canonical_legacy,True,False,recording feeds PAPER_EVAL 319
capturepalletcad_manual_gt__1778653028016879104,capturepalletcad,data/pallet/raw_data/outside/capturepalletcad/rgb/1778653028016879104.png,,legacy_unverified/annotations/capturepalletcad_manual_gt/1778653028016879104.json,unknown,eval_canonical_legacy,True,False,recording feeds PAPER_EVAL 319
capturepalletcad_manual_gt__1778653028856936192,capturepalletcad,data/pallet/raw_data/outside/capturepalletcad/rgb/1778653028856936192.png,,legacy_unverified/annotations/capturepalletcad_manual_gt/1778653028856936192.json,unknown,eval_canonical_legacy,True,False,recording feeds PAPER_EVAL 319
capturepalletcad_manual_gt__1778653030872511232,capturepalletcad,data/pallet/raw_data/outside/capturepalletcad/rgb/1778653030872511232.png,,legacy_unverified/annotations/capturepalletcad_manual_gt/1778653030872511232.json,unknown,eval_canonical_legacy,True,False,recording feeds PAPER_EVAL 319
capturepalletcad_manual_gt__1778653033896396544,capturepalletcad,data/pallet/raw_data/outside/capturepalletcad/rgb/1778653033896396544.png,,legacy_unverified/annotations/capturepalletcad_manual_gt/1778653033896396544.json,unknown,eval_canonical_legacy,True,False,recording feeds PAPER_EVAL 319
capturepalletcad_manual_gt__1778653036281819136,capturepalletcad,data/pallet/raw_data/outside/capturepalletcad/rgb/1778653036281819136.png,,legacy_unverified/annotations/capturepalletcad_manual_gt/1778653036281819136.json,unknown,eval_canonical_legacy,True,False,recording feeds PAPER_EVAL 319
capturepalletcad_manual_gt__1778653039607563264,capturepalletcad,data/pallet/raw_data/outside/capturepalletcad/rgb/1778653039607563264.png,,legacy_unverified/annotations/capturepalletcad_manual_gt/1778653039607563264.json,unknown,eval_canonical_legacy,True,False,recording feeds PAPER_EVAL 319
capturepalletcad_manual_gt__1778653042732726272,capturepalletcad,data/pallet/raw_data/outside/capturepalletcad/rgb/1778653042732726272.png,,legacy_unverified/annotations/capturepalletcad_manual_gt/1778653042732726272.json,unknown,eval_canonical_legacy,True,False,recording feeds PAPER_EVAL 319
capturepalletcad_manual_gt__1778653056641040128,capturepalletcad,data/pallet/raw_data/outside/capturepalletcad/rgb/1778653056641040128.png,,legacy_unverified/annotations/capturepalletcad_manual_gt/1778653056641040128.json,unknown,eval_canonical_legacy,True,False,recording feeds PAPER_EVAL 319
capturepalletcad_manual_gt__1778653073171027968,capturepalletcad,data/pallet/raw_data/outside/capturepalletcad/rgb/1778653073171027968.png,,legacy_unverified/annotations/capturepalletcad_manual_gt/1778653073171027968.json,unknown,eval_canonical_legacy,True,False,recording feeds PAPER_EVAL 319
capturepalletcad_manual_gt__1778653075052340224,capturepalletcad,data/pallet/raw_data/outside/capturepalletcad/rgb/1778653075052340224.png,,legacy_unverified/annotations/capturepalletcad_manual_gt/1778653075052340224.json,unknown,eval_canonical_legacy,True,False,recording feeds PAPER_EVAL 319
eval_cad__1778653003088339968,capturepalletcad,data/pallet/raw_data/outside/capturepalletcad/rgb/1778653003088339968.png,,dev_existing/annotations/eval_cad/1778653003088339968.json,day,real_gt_v2_plastic_audited,True,False,recording feeds PAPER_EVAL 319
eval_cad__1778653006783606016,capturepalletcad,data/pallet/raw_data/outside/capturepalletcad/rgb/1778653006783606016.png,,dev_existing/annotations/eval_cad/1778653006783606016.json,day,real_gt_v2_plastic_audited,True,False,recording feeds PAPER_EVAL 319
eval_cad__1778653007724386048,capturepalletcad,data/pallet/raw_data/outside/capturepalletcad/rgb/1778653007724386048.png,,dev_existing/annotations/eval_cad/1778653007724386048.json,day,real_gt_v2_plastic_audited,True,False,recording feeds PAPER_EVAL 319
eval_cad__1778653017736058368,capturepalletcad,data/pallet/raw_data/outside/capturepalletcad/rgb/1778653017736058368.png,,dev_existing/annotations/eval_cad/1778653017736058368.json,day,real_gt_v2_plastic_audited,True,False,recording feeds PAPER_EVAL 319
eval_cad__1778653018878592768,capturepalletcad,data/pallet/raw_data/outside/capturepalletcad/rgb/1778653018878592768.png,,dev_existing/annotations/eval_cad/1778653018878592768.json,day,real_gt_v2_plastic_audited,True,False,recording feeds PAPER_EVAL 319
eval_cad__1778653029965134592,capturepalletcad,data/pallet/raw_data/outside/capturepalletcad/rgb/1778653029965134592.png,,dev_existing/annotations/eval_cad/1778653029965134592.json,day,real_gt_v2_plastic_audited,True,False,recording feeds PAPER_EVAL 319
eval_cad__1778653030032337920,capturepalletcad,data/pallet/raw_data/outside/capturepalletcad/rgb/1778653030032337920.png,,dev_existing/annotations/eval_cad/1778653030032337920.json,day,real_gt_v2_plastic_audited,True,False,recording feeds PAPER_EVAL 319
eval_cad__1778653030099587072,capturepalletcad,data/pallet/raw_data/outside/capturepalletcad/rgb/1778653030099587072.png,,dev_existing/annotations/eval_cad/1778653030099587072.json,day,real_gt_v2_plastic_audited,True,False,recording feeds PAPER_EVAL 319
eval_cad__1778653030166875904,capturepalletcad,data/pallet/raw_data/outside/capturepalletcad/rgb/1778653030166875904.png,,dev_existing/annotations/eval_cad/1778653030166875904.json,day,real_gt_v2_plastic_audited,True,False,recording feeds PAPER_EVAL 319
eval_cad__1778653030233998336,capturepalletcad,data/pallet/raw_data/outside/capturepalletcad/rgb/1778653030233998336.png,,dev_existing/annotations/eval_cad/1778653030233998336.json,day,real_gt_v2_plastic_audited,True,False,recording feeds PAPER_EVAL 319
eval_cad__1778653030939714816,capturepalletcad,data/pallet/raw_data/outside/capturepalletcad/rgb/1778653030939714816.png,,dev_existing/annotations/eval_cad/1778653030939714816.json,day,real_gt_v2_plastic_audited,True,False,recording feeds PAPER_EVAL 319
eval_cad__1778653031275751936,capturepalletcad,data/pallet/raw_data/outside/capturepalletcad/rgb/1778653031275751936.png,,dev_existing/annotations/eval_cad/1778653031275751936.json,day,real_gt_v2_plastic_audited,True,False,recording feeds PAPER_EVAL 319
eval_cad__1778653033056483584,capturepalletcad,data/pallet/raw_data/outside/capturepalletcad/rgb/1778653033056483584.png,,dev_existing/annotations/eval_cad/1778653033056483584.json,day,real_gt_v2_plastic_audited,True,False,recording feeds PAPER_EVAL 319
eval_cad__1778653041187027200,capturepalletcad,data/pallet/raw_data/outside/capturepalletcad/rgb/1778653041187027200.png,,dev_existing/annotations/eval_cad/1778653041187027200.json,day,real_gt_v2_plastic_audited,True,False,recording feeds PAPER_EVAL 319
eval_cad__1778653055734035712,capturepalletcad,data/pallet/raw_data/outside/capturepalletcad/rgb/1778653055734035712.png,,dev_existing/annotations/eval_cad/1778653055734035712.json,day,real_gt_v2_plastic_audited,True,False,recording feeds PAPER_EVAL 319
eval_cad__1778653055801377280,capturepalletcad,data/pallet/raw_data/outside/capturepalletcad/rgb/1778653055801377280.png,,dev_existing/annotations/eval_cad/1778653055801377280.json,day,real_gt_v2_plastic_audited,True,False,recording feeds PAPER_EVAL 319
eval_cad__1778653055868669952,capturepalletcad,data/pallet/raw_data/outside/capturepalletcad/rgb/1778653055868669952.png,,dev_existing/annotations/eval_cad/1778653055868669952.json,day,real_gt_v2_plastic_audited,True,False,recording feeds PAPER_EVAL 319
eval_cad__1778653056137140480,capturepalletcad,data/pallet/raw_data/outside/capturepalletcad/rgb/1778653056137140480.png,,dev_existing/annotations/eval_cad/1778653056137140480.json,day,real_gt_v2_plastic_audited,True,False,recording feeds PAPER_EVAL 319
eval_night08__1779449467555301888,capturenight08,data/pallet/raw_data/night/capturenight08/rgb/1779449467555301888.png,,dev_existing/annotations/eval_night08/1779449467555301888.json,night,real_gt_v2_plastic_audited,True,False,recording feeds PAPER_EVAL 319
eval_night08__1779449470423201536,capturenight08,data/pallet/raw_data/night/capturenight08/rgb/1779449470423201536.png,,dev_existing/annotations/eval_night08/1779449470423201536.json,night,real_gt_v2_plastic_audited,True,False,recording feeds PAPER_EVAL 319
eval_night08__1779449475060066816,capturenight08,data/pallet/raw_data/night/capturenight08/rgb/1779449475060066816.png,,dev_existing/annotations/eval_night08/1779449475060066816.json,night,real_gt_v2_plastic_audited,True,False,recording feeds PAPER_EVAL 319
eval_night08__1779449479095927552,capturenight08,data/pallet/raw_data/night/capturenight08/rgb/1779449479095927552.png,,dev_existing/annotations/eval_night08/1779449479095927552.json,night,real_gt_v2_plastic_audited,True,False,recording feeds PAPER_EVAL 319
eval_night08__1779449481331070208,capturenight08,data/pallet/raw_data/night/capturenight08/rgb/1779449481331070208.png,,dev_existing/annotations/eval_night08/1779449481331070208.json,night,real_gt_v2_plastic_audited,True,False,recording feeds PAPER_EVAL 319
eval_night08__1779449483432542720,capturenight08,data/pallet/raw_data/night/capturenight08/rgb/1779449483432542720.png,,dev_existing/annotations/eval_night08/1779449483432542720.json,night,real_gt_v2_plastic_audited,True,False,recording feeds PAPER_EVAL 319
eval_night08__1779449485800670464,capturenight08,data/pallet/raw_data/night/capturenight08/rgb/1779449485800670464.png,,dev_existing/annotations/eval_night08/1779449485800670464.json,night,real_gt_v2_plastic_audited,True,False,recording feeds PAPER_EVAL 319
eval_night08__1779449488068910592,capturenight08,data/pallet/raw_data/night/capturenight08/rgb/1779449488068910592.png,,dev_existing/annotations/eval_night08/1779449488068910592.json,night,real_gt_v2_plastic_audited,True,False,recording feeds PAPER_EVAL 319
eval_night08__1779449492505469440,capturenight08,data/pallet/raw_data/night/capturenight08/rgb/1779449492505469440.png,,dev_existing/annotations/eval_night08/1779449492505469440.json,night,real_gt_v2_plastic_audited,True,False,recording feeds PAPER_EVAL 319
eval_night08__1779449496875356416,capturenight08,data/pallet/raw_data/night/capturenight08/rgb/1779449496875356416.png,,dev_existing/annotations/eval_night08/1779449496875356416.json,night,real_gt_v2_plastic_audited,True,False,recording feeds PAPER_EVAL 319
eval_night08__1779449499143611648,capturenight08,data/pallet/raw_data/night/capturenight08/rgb/1779449499143611648.png,,dev_existing/annotations/eval_night08/1779449499143611648.json,night,real_gt_v2_plastic_audited,True,False,recording feeds PAPER_EVAL 319
eval_night08__1779449501478488320,capturenight08,data/pallet/raw_data/night/capturenight08/rgb/1779449501478488320.png,,dev_existing/annotations/eval_night08/1779449501478488320.json,night,real_gt_v2_plastic_audited,True,False,recording feeds PAPER_EVAL 319
eval_night09__1779449575470221824,capturenight09,data/pallet/raw_data/night/capturenight09/rgb/1779449575470221824.png,,dev_existing/annotations/eval_night09/1779449575470221824.json,night,real_gt_v2_plastic_audited,True,False,recording feeds PAPER_EVAL 319
eval_night09__1779449580573721600,capturenight09,data/pallet/raw_data/night/capturenight09/rgb/1779449580573721600.png,,dev_existing/annotations/eval_night09/1779449580573721600.json,night,real_gt_v2_plastic_audited,True,False,recording feeds PAPER_EVAL 319
eval_night09__1779449591514485504,capturenight09,data/pallet/raw_data/night/capturenight09/rgb/1779449591514485504.png,,dev_existing/annotations/eval_night09/1779449591514485504.json,night,real_gt_v2_plastic_audited,True,False,recording feeds PAPER_EVAL 319
eval_night09__1779449593782795264,capturenight09,data/pallet/raw_data/night/capturenight09/rgb/1779449593782795264.png,,dev_existing/annotations/eval_night09/1779449593782795264.json,night,real_gt_v2_plastic_audited,True,False,recording feeds PAPER_EVAL 319
eval_night09__1779449596017728000,capturenight09,data/pallet/raw_data/night/capturenight09/rgb/1779449596017728000.png,,dev_existing/annotations/eval_night09/1779449596017728000.json,night,real_gt_v2_plastic_audited,True,False,recording feeds PAPER_EVAL 319
eval_night09__1779449602689248000,capturenight09,data/pallet/raw_data/night/capturenight09/rgb/1779449602689248000.png,,dev_existing/annotations/eval_night09/1779449602689248000.json,night,real_gt_v2_plastic_audited,True,False,recording feeds PAPER_EVAL 319
eval_night09__1779449604823769344,capturenight09,data/pallet/raw_data/night/capturenight09/rgb/1779449604823769344.png,,dev_existing/annotations/eval_night09/1779449604823769344.json,night,real_gt_v2_plastic_audited,True,False,recording feeds PAPER_EVAL 319
eval_night09__1779449631842893312,capturenight09,data/pallet/raw_data/night/capturenight09/rgb/1779449631842893312.png,,dev_existing/annotations/eval_night09/1779449631842893312.json,night,real_gt_v2_plastic_audited,True,False,recording feeds PAPER_EVAL 319
eval_night09__1779449634044385536,capturenight09,data/pallet/raw_data/night/capturenight09/rgb/1779449634044385536.png,,dev_existing/annotations/eval_night09/1779449634044385536.json,night,real_gt_v2_plastic_audited,True,False,recording feeds PAPER_EVAL 319
eval_night09__1779449638581035008,capturenight09,data/pallet/raw_data/night/capturenight09/rgb/1779449638581035008.png,,dev_existing/annotations/eval_night09/1779449638581035008.json,night,real_gt_v2_plastic_audited,True,False,recording feeds PAPER_EVAL 319
eval_night09__1779449643284402176,capturenight09,data/pallet/raw_data/night/capturenight09/rgb/1779449643284402176.png,,dev_existing/annotations/eval_night09/1779449643284402176.json,night,real_gt_v2_plastic_audited,True,False,recording feeds PAPER_EVAL 319
eval_night09__1779449645419136000,capturenight09,data/pallet/raw_data/night/capturenight09/rgb/1779449645419136000.png,,dev_existing/annotations/eval_night09/1779449645419136000.json,night,real_gt_v2_plastic_audited,True,False,recording feeds PAPER_EVAL 319
eval_night09__1779449647620845824,capturenight09,data/pallet/raw_data/night/capturenight09/rgb/1779449647620845824.png,,dev_existing/annotations/eval_night09/1779449647620845824.json,night,real_gt_v2_plastic_audited,True,False,recording feeds PAPER_EVAL 319
eval_night09__1779449649655479552,capturenight09,data/pallet/raw_data/night/capturenight09/rgb/1779449649655479552.png,,dev_existing/annotations/eval_night09/1779449649655479552.json,night,real_gt_v2_plastic_audited,True,False,recording feeds PAPER_EVAL 319
eval_night09__1779449656527024896,capturenight09,data/pallet/raw_data/night/capturenight09/rgb/1779449656527024896.png,,dev_existing/annotations/eval_night09/1779449656527024896.json,night,real_gt_v2_plastic_audited,True,False,recording feeds PAPER_EVAL 319
eval_night09__1779449661263803392,capturenight09,data/pallet/raw_data/night/capturenight09/rgb/1779449661263803392.png,,dev_existing/annotations/eval_night09/1779449661263803392.json,night,real_gt_v2_plastic_audited,True,False,recording feeds PAPER_EVAL 319
eval_noapril__1775201414728017664,,,,dev_existing/annotations/eval_noapril/1775201414728017664.json,day,real_gt_v2_plastic_audited,,False,not resolvable to a raw recording by sha256
eval_noapril__1775201415399297536,,,,dev_existing/annotations/eval_noapril/1775201415399297536.json,day,real_gt_v2_plastic_audited,,False,not resolvable to a raw recording by sha256
eval_noapril__1775201416944730624,,,,dev_existing/annotations/eval_noapril/1775201416944730624.json,day,real_gt_v2_plastic_audited,,False,not resolvable to a raw recording by sha256
eval_noapril__1775201418120676608,,,,dev_existing/annotations/eval_noapril/1775201418120676608.json,day,real_gt_v2_plastic_audited,,False,not resolvable to a raw recording by sha256
eval_noapril__1775201421043401984,,,,dev_existing/annotations/eval_noapril/1775201421043401984.json,day,real_gt_v2_plastic_audited,,False,not resolvable to a raw recording by sha256
eval_noapril__1775201428535961600,,,,dev_existing/annotations/eval_noapril/1775201428535961600.json,day,real_gt_v2_plastic_audited,,False,not resolvable to a raw recording by sha256
eval_noapril__1775201429879521792,,,,dev_existing/annotations/eval_noapril/1775201429879521792.json,day,real_gt_v2_plastic_audited,,False,not resolvable to a raw recording by sha256
eval_noapril__1775201430551447040,,,,dev_existing/annotations/eval_noapril/1775201430551447040.json,day,real_gt_v2_plastic_audited,,False,not resolvable to a raw recording by sha256
eval_noapril__1775201430786751744,,,,dev_existing/annotations/eval_noapril/1775201430786751744.json,day,real_gt_v2_plastic_audited,,False,not resolvable to a raw recording by sha256
eval_noapril__1775201436800711168,,,,dev_existing/annotations/eval_noapril/1775201436800711168.json,day,real_gt_v2_plastic_audited,,False,not resolvable to a raw recording by sha256
eval_noapril__1775201442546213120,,,,dev_existing/annotations/eval_noapril/1775201442546213120.json,day,real_gt_v2_plastic_audited,,False,not resolvable to a raw recording by sha256
eval_noapril__1775201443822140928,,,,dev_existing/annotations/eval_noapril/1775201443822140928.json,day,real_gt_v2_plastic_audited,,False,not resolvable to a raw recording by sha256
eval_outside__1778651518865604096,,,,dev_existing/annotations/eval_outside/1778651518865604096.json,day,real_gt_v2_plastic_audited,,False,workspace: FT_OVERLAP
eval_outside__1778651519235162880,capturepallet02,data/pallet/raw_data/outside/capturepallet02/rgb/1778651519235162880.png,,dev_existing/annotations/eval_outside/1778651519235162880.json,day,real_gt_v2_plastic_audited,True,False,recording feeds PAPER_EVAL 319
eval_outside__1778651530691638016,capturepallet02,data/pallet/raw_data/outside/capturepallet02/rgb/1778651530691638016.png,,dev_existing/annotations/eval_outside/1778651530691638016.json,day,real_gt_v2_plastic_audited,True,False,recording feeds PAPER_EVAL 319
eval_outside__1778651569891693056,,,,dev_existing/annotations/eval_outside/1778651569891693056.json,day,real_gt_v2_plastic_audited,,False,workspace: FT_OVERLAP
eval_outside__1778651579029250816,capturepallet03,data/pallet/raw_data/outside/capturepallet03/rgb/1778651579029250816.png,,dev_existing/annotations/eval_outside/1778651579029250816.json,day,real_gt_v2_plastic_audited,True,False,recording feeds PAPER_EVAL 319
eval_outside__1778651618049498624,,,,dev_existing/annotations/eval_outside/1778651618049498624.json,day,real_gt_v2_plastic_audited,,False,workspace: FT_OVERLAP
eval_outside__1778651650570397184,capturepallet05,data/pallet/raw_data/outside/capturepallet05/rgb/1778651650570397184.png,,dev_existing/annotations/eval_outside/1778651650570397184.json,day,real_gt_v2_plastic_audited,True,False,recording feeds PAPER_EVAL 319
eval_outside__1778651650839160832,capturepallet05,data/pallet/raw_data/outside/capturepallet05/rgb/1778651650839160832.png,,dev_existing/annotations/eval_outside/1778651650839160832.json,day,real_gt_v2_plastic_audited,True,False,recording feeds PAPER_EVAL 319
eval_outside__1778651651444080384,,,,dev_existing/annotations/eval_outside/1778651651444080384.json,day,real_gt_v2_plastic_audited,,False,workspace: FT_OVERLAP
eval_outside__1778653337772735232,,,,dev_existing/annotations/eval_outside/1778653337772735232.json,day,real_gt_v2_plastic_audited,,False,workspace: FT_OVERLAP
eval_outside__1778653345465966336,,,,dev_existing/annotations/eval_outside/1778653345465966336.json,day,real_gt_v2_plastic_audited,,False,workspace: FT_OVERLAP
eval_outside__1778653364045039360,,,,dev_existing/annotations/eval_outside/1778653364045039360.json,day,real_gt_v2_plastic_audited,,False,workspace: FT_OVERLAP
eval_outside__1778653367706938112,capturepallet08,data/pallet/raw_data/outside/capturepallet08/rgb/1778653367706938112.png,,dev_existing/annotations/eval_outside/1778653367706938112.json,day,real_gt_v2_plastic_audited,True,False,recording feeds PAPER_EVAL 319
eval_outside__1778653378457989888,,,,dev_existing/annotations/eval_outside/1778653378457989888.json,day,real_gt_v2_plastic_audited,,False,workspace: FT_OVERLAP
eval_outside__1778653455932024064,,,,dev_existing/annotations/eval_outside/1778653455932024064.json,day,real_gt_v2_plastic_audited,,False,workspace: FT_OVERLAP
eval_outside__1778653498432396288,,,,dev_existing/annotations/eval_outside/1778653498432396288.json,day,real_gt_v2_plastic_audited,,False,workspace: FT_OVERLAP
eval_outside__1778653508779767808,capturepallet08,data/pallet/raw_data/outside/capturepallet08/rgb/1778653508779767808.png,,dev_existing/annotations/eval_outside/1778653508779767808.json,day,real_gt_v2_plastic_audited,True,False,recording feeds PAPER_EVAL 319
eval_outside__1778653522084302848,,,,dev_existing/annotations/eval_outside/1778653522084302848.json,day,real_gt_v2_plastic_audited,,False,workspace: FT_OVERLAP
eval_outside__1778653526955536896,capturepallet08,data/pallet/raw_data/outside/capturepallet08/rgb/1778653526955536896.png,,dev_existing/annotations/eval_outside/1778653526955536896.json,day,real_gt_v2_plastic_audited,True,False,recording feeds PAPER_EVAL 319
eval_outside__1778653539789436160,,,,dev_existing/annotations/eval_outside/1778653539789436160.json,day,real_gt_v2_plastic_audited,,False,workspace: FT_OVERLAP
eval_outside__1778653540259983104,capturepallet08,data/pallet/raw_data/outside/capturepallet08/rgb/1778653540259983104.png,,dev_existing/annotations/eval_outside/1778653540259983104.json,day,real_gt_v2_plastic_audited,True,False,recording feeds PAPER_EVAL 319
eval_outside__1778653545299653120,capturepallet08,data/pallet/raw_data/outside/capturepallet08/rgb/1778653545299653120.png,,dev_existing/annotations/eval_outside/1778653545299653120.json,day,real_gt_v2_plastic_audited,True,False,recording feeds PAPER_EVAL 319
eval_pallet07__1778652124170068224,capturepallet07,data/pallet/raw_data/outside/capturepallet07/rgb/1778652124170068224.png,,dev_existing/annotations/eval_pallet07/1778652124170068224.json,day,real_gt_v2_plastic_audited,True,False,recording feeds PAPER_EVAL 319
eval_pallet07__1778652125245035520,capturepallet07,data/pallet/raw_data/outside/capturepallet07/rgb/1778652125245035520.png,,dev_existing/annotations/eval_pallet07/1778652125245035520.json,day,real_gt_v2_plastic_audited,True,False,recording feeds PAPER_EVAL 319
eval_pallet07__1778652126319943168,capturepallet07,data/pallet/raw_data/outside/capturepallet07/rgb/1778652126319943168.png,,dev_existing/annotations/eval_pallet07/1778652126319943168.json,day,real_gt_v2_plastic_audited,True,False,recording feeds PAPER_EVAL 319
eval_pallet07__1778652127361815808,capturepallet07,data/pallet/raw_data/outside/capturepallet07/rgb/1778652127361815808.png,,dev_existing/annotations/eval_pallet07/1778652127361815808.json,day,real_gt_v2_plastic_audited,True,False,recording feeds PAPER_EVAL 319
eval_pallet07__1778652128369383168,capturepallet07,data/pallet/raw_data/outside/capturepallet07/rgb/1778652128369383168.png,,dev_existing/annotations/eval_pallet07/1778652128369383168.json,day,real_gt_v2_plastic_audited,True,False,recording feeds PAPER_EVAL 319
eval_pallet07__1778652130452698368,capturepallet07,data/pallet/raw_data/outside/capturepallet07/rgb/1778652130452698368.png,,dev_existing/annotations/eval_pallet07/1778652130452698368.json,day,real_gt_v2_plastic_audited,True,False,recording feeds PAPER_EVAL 319
eval_pallet07__1778652132535256576,capturepallet07,data/pallet/raw_data/outside/capturepallet07/rgb/1778652132535256576.png,,dev_existing/annotations/eval_pallet07/1778652132535256576.json,day,real_gt_v2_plastic_audited,True,False,recording feeds PAPER_EVAL 319
eval_pallet07__1778652134517495552,capturepallet07,data/pallet/raw_data/outside/capturepallet07/rgb/1778652134517495552.png,,dev_existing/annotations/eval_pallet07/1778652134517495552.json,day,real_gt_v2_plastic_audited,True,False,recording feeds PAPER_EVAL 319
eval_pallet07__1778652136533958400,capturepallet07,data/pallet/raw_data/outside/capturepallet07/rgb/1778652136533958400.png,,dev_existing/annotations/eval_pallet07/1778652136533958400.json,day,real_gt_v2_plastic_audited,True,False,recording feeds PAPER_EVAL 319
eval_pallet07__1778652138515809024,capturepallet07,data/pallet/raw_data/outside/capturepallet07/rgb/1778652138515809024.png,,dev_existing/annotations/eval_pallet07/1778652138515809024.json,day,real_gt_v2_plastic_audited,True,False,recording feeds PAPER_EVAL 319
eval_pallet07__1778652140531310080,capturepallet07,data/pallet/raw_data/outside/capturepallet07/rgb/1778652140531310080.png,,dev_existing/annotations/eval_pallet07/1778652140531310080.json,day,real_gt_v2_plastic_audited,True,False,recording feeds PAPER_EVAL 319
eval_pallet07__1778652142480077056,capturepallet07,data/pallet/raw_data/outside/capturepallet07/rgb/1778652142480077056.png,,dev_existing/annotations/eval_pallet07/1778652142480077056.json,day,real_gt_v2_plastic_audited,True,False,recording feeds PAPER_EVAL 319
eval_pallet07__1778652144496057088,capturepallet07,data/pallet/raw_data/outside/capturepallet07/rgb/1778652144496057088.png,,dev_existing/annotations/eval_pallet07/1778652144496057088.json,day,real_gt_v2_plastic_audited,True,False,recording feeds PAPER_EVAL 319
eval_pallet07__1778652146612550912,capturepallet07,data/pallet/raw_data/outside/capturepallet07/rgb/1778652146612550912.png,,dev_existing/annotations/eval_pallet07/1778652146612550912.json,day,real_gt_v2_plastic_audited,True,False,recording feeds PAPER_EVAL 319
eval_pallet07__1778652148628229376,capturepallet07,data/pallet/raw_data/outside/capturepallet07/rgb/1778652148628229376.png,,dev_existing/annotations/eval_pallet07/1778652148628229376.json,day,real_gt_v2_plastic_audited,True,False,recording feeds PAPER_EVAL 319
eval_pallet07__1778652150610404864,capturepallet07,data/pallet/raw_data/outside/capturepallet07/rgb/1778652150610404864.png,,dev_existing/annotations/eval_pallet07/1778652150610404864.json,day,real_gt_v2_plastic_audited,True,False,recording feeds PAPER_EVAL 319
eval_pallet07__1778652152626116352,capturepallet07,data/pallet/raw_data/outside/capturepallet07/rgb/1778652152626116352.png,,dev_existing/annotations/eval_pallet07/1778652152626116352.json,day,real_gt_v2_plastic_audited,True,False,recording feeds PAPER_EVAL 319
eval_pallet07__1778652154608392192,capturepallet07,data/pallet/raw_data/outside/capturepallet07/rgb/1778652154608392192.png,,dev_existing/annotations/eval_pallet07/1778652154608392192.json,day,real_gt_v2_plastic_audited,True,False,recording feeds PAPER_EVAL 319
eval_pallet07__1778652156557165568,capturepallet07,data/pallet/raw_data/outside/capturepallet07/rgb/1778652156557165568.png,,dev_existing/annotations/eval_pallet07/1778652156557165568.json,day,real_gt_v2_plastic_audited,True,False,recording feeds PAPER_EVAL 319
eval_pallet07__1778652158404883456,capturepallet07,data/pallet/raw_data/outside/capturepallet07/rgb/1778652158404883456.png,,dev_existing/annotations/eval_pallet07/1778652158404883456.json,day,real_gt_v2_plastic_audited,True,False,recording feeds PAPER_EVAL 319
eval_pallet07__1778652166837872128,capturepallet07,data/pallet/raw_data/outside/capturepallet07/rgb/1778652166837872128.png,,dev_existing/annotations/eval_pallet07/1778652166837872128.json,day,real_gt_v2_plastic_audited,True,False,recording feeds PAPER_EVAL 319
eval_pallet07__1778652168786111744,capturepallet07,data/pallet/raw_data/outside/capturepallet07/rgb/1778652168786111744.png,,dev_existing/annotations/eval_pallet07/1778652168786111744.json,day,real_gt_v2_plastic_audited,True,False,recording feeds PAPER_EVAL 319
eval_pallet07__1778652170735118080,capturepallet07,data/pallet/raw_data/outside/capturepallet07/rgb/1778652170735118080.png,,dev_existing/annotations/eval_pallet07/1778652170735118080.json,day,real_gt_v2_plastic_audited,True,False,recording feeds PAPER_EVAL 319
eval_pallet07__1778652172717607680,capturepallet07,data/pallet/raw_data/outside/capturepallet07/rgb/1778652172717607680.png,,dev_existing/annotations/eval_pallet07/1778652172717607680.json,day,real_gt_v2_plastic_audited,True,False,recording feeds PAPER_EVAL 319
eval_pallet07__1778652174598774528,capturepallet07,data/pallet/raw_data/outside/capturepallet07/rgb/1778652174598774528.png,,dev_existing/annotations/eval_pallet07/1778652174598774528.json,day,real_gt_v2_plastic_audited,True,False,recording feeds PAPER_EVAL 319
eval_pallet07__1778652176547299328,capturepallet07,data/pallet/raw_data/outside/capturepallet07/rgb/1778652176547299328.png,,dev_existing/annotations/eval_pallet07/1778652176547299328.json,day,real_gt_v2_plastic_audited,True,False,recording feeds PAPER_EVAL 319
eval_pallet07__1778652178428551168,capturepallet07,data/pallet/raw_data/outside/capturepallet07/rgb/1778652178428551168.png,,dev_existing/annotations/eval_pallet07/1778652178428551168.json,day,real_gt_v2_plastic_audited,True,False,recording feeds PAPER_EVAL 319
eval_pallet09__1778653630038417664,capturepallet09,data/pallet/raw_data/outside/capturepallet09/rgb/1778653630038417664.png,,dev_existing/annotations/eval_pallet09/1778653630038417664.json,day,real_gt_v2_plastic_audited,True,False,recording feeds PAPER_EVAL 319
eval_pallet09__1778653632188551424,capturepallet09,data/pallet/raw_data/outside/capturepallet09/rgb/1778653632188551424.png,,dev_existing/annotations/eval_pallet09/1778653632188551424.json,day,real_gt_v2_plastic_audited,True,False,recording feeds PAPER_EVAL 319
eval_pallet09__1778653634641026304,capturepallet09,data/pallet/raw_data/outside/capturepallet09/rgb/1778653634641026304.png,,dev_existing/annotations/eval_pallet09/1778653634641026304.json,day,real_gt_v2_plastic_audited,True,False,recording feeds PAPER_EVAL 319
eval_pallet09__1778653643678509824,capturepallet09,data/pallet/raw_data/outside/capturepallet09/rgb/1778653643678509824.png,,dev_existing/annotations/eval_pallet09/1778653643678509824.json,day,real_gt_v2_plastic_audited,True,False,recording feeds PAPER_EVAL 319
eval_pallet09__1778653659065885952,capturepallet09,data/pallet/raw_data/outside/capturepallet09/rgb/1778653659065885952.png,,dev_existing/annotations/eval_pallet09/1778653659065885952.json,day,real_gt_v2_plastic_audited,True,False,recording feeds PAPER_EVAL 319
eval_pallet09__1778653661653195264,capturepallet09,data/pallet/raw_data/outside/capturepallet09/rgb/1778653661653195264.png,,dev_existing/annotations/eval_pallet09/1778653661653195264.json,day,real_gt_v2_plastic_audited,True,False,recording feeds PAPER_EVAL 319
eval_pallet09__1778653664407620608,capturepallet09,data/pallet/raw_data/outside/capturepallet09/rgb/1778653664407620608.png,,dev_existing/annotations/eval_pallet09/1778653664407620608.json,day,real_gt_v2_plastic_audited,True,False,recording feeds PAPER_EVAL 319
eval_pallet09__1778653674184865536,capturepallet09,data/pallet/raw_data/outside/capturepallet09/rgb/1778653674184865536.png,,dev_existing/annotations/eval_pallet09/1778653674184865536.json,day,real_gt_v2_plastic_audited,True,False,recording feeds PAPER_EVAL 319
eval_pallet09__1778653693804927232,capturepallet09,data/pallet/raw_data/outside/capturepallet09/rgb/1778653693804927232.png,,dev_existing/annotations/eval_pallet09/1778653693804927232.json,day,real_gt_v2_plastic_audited,True,False,recording feeds PAPER_EVAL 319
eval_pallet09__1778653699314620416,capturepallet09,data/pallet/raw_data/outside/capturepallet09/rgb/1778653699314620416.png,,dev_existing/annotations/eval_pallet09/1778653699314620416.json,day,real_gt_v2_plastic_audited,True,False,recording feeds PAPER_EVAL 319
eval_pallet09__1778653704118966272,capturepallet09,data/pallet/raw_data/outside/capturepallet09/rgb/1778653704118966272.png,,dev_existing/annotations/eval_pallet09/1778653704118966272.json,day,real_gt_v2_plastic_audited,True,False,recording feeds PAPER_EVAL 319
eval_pallet09__1778653706706429696,capturepallet09,data/pallet/raw_data/outside/capturepallet09/rgb/1778653706706429696.png,,dev_existing/annotations/eval_pallet09/1778653706706429696.json,day,real_gt_v2_plastic_audited,True,False,recording feeds PAPER_EVAL 319
eval_pallet09__1778653709259341568,capturepallet09,data/pallet/raw_data/outside/capturepallet09/rgb/1778653709259341568.png,,dev_existing/annotations/eval_pallet09/1778653709259341568.json,day,real_gt_v2_plastic_audited,True,False,recording feeds PAPER_EVAL 319
eval_pallet09__1778653711544007680,capturepallet09,data/pallet/raw_data/outside/capturepallet09/rgb/1778653711544007680.png,,dev_existing/annotations/eval_pallet09/1778653711544007680.json,day,real_gt_v2_plastic_audited,True,False,recording feeds PAPER_EVAL 319
eval_pallet09__1778653713962971904,capturepallet09,data/pallet/raw_data/outside/capturepallet09/rgb/1778653713962971904.png,,dev_existing/annotations/eval_pallet09/1778653713962971904.json,day,real_gt_v2_plastic_audited,True,False,recording feeds PAPER_EVAL 319
eval_pallet09__1778653721118964736,capturepallet09,data/pallet/raw_data/outside/capturepallet09/rgb/1778653721118964736.png,,dev_existing/annotations/eval_pallet09/1778653721118964736.json,day,real_gt_v2_plastic_audited,True,False,recording feeds PAPER_EVAL 319
eval_pallet09__1778653723571790336,capturepallet09,data/pallet/raw_data/outside/capturepallet09/rgb/1778653723571790336.png,,dev_existing/annotations/eval_pallet09/1778653723571790336.json,day,real_gt_v2_plastic_audited,True,False,recording feeds PAPER_EVAL 319
eval_pallet09__1778653730458996736,capturepallet09,data/pallet/raw_data/outside/capturepallet09/rgb/1778653730458996736.png,,dev_existing/annotations/eval_pallet09/1778653730458996736.json,day,real_gt_v2_plastic_audited,True,False,recording feeds PAPER_EVAL 319
eval_pallet09__1778653738858078976,capturepallet09,data/pallet/raw_data/outside/capturepallet09/rgb/1778653738858078976.png,,dev_existing/annotations/eval_pallet09/1778653738858078976.json,day,real_gt_v2_plastic_audited,True,False,recording feeds PAPER_EVAL 319
eval_pallet09__1778653796073599488,capturepallet09,data/pallet/raw_data/outside/capturepallet09/rgb/1778653796073599488.png,,dev_existing/annotations/eval_pallet09/1778653796073599488.json,day,real_gt_v2_plastic_audited,True,False,recording feeds PAPER_EVAL 319
eval_pallet09__1778653798391620864,capturepallet09,data/pallet/raw_data/outside/capturepallet09/rgb/1778653798391620864.png,,dev_existing/annotations/eval_pallet09/1778653798391620864.json,day,real_gt_v2_plastic_audited,True,False,recording feeds PAPER_EVAL 319
eval_pallet09__1778653804674198784,capturepallet09,data/pallet/raw_data/outside/capturepallet09/rgb/1778653804674198784.png,,dev_existing/annotations/eval_pallet09/1778653804674198784.json,day,real_gt_v2_plastic_audited,True,False,recording feeds PAPER_EVAL 319
eval_pallet09__1778653806958839552,capturepallet09,data/pallet/raw_data/outside/capturepallet09/rgb/1778653806958839552.png,,dev_existing/annotations/eval_pallet09/1778653806958839552.json,day,real_gt_v2_plastic_audited,True,False,recording feeds PAPER_EVAL 319
eval_pallet09__1778653811763352320,capturepallet09,data/pallet/raw_data/outside/capturepallet09/rgb/1778653811763352320.png,,dev_existing/annotations/eval_pallet09/1778653811763352320.json,day,real_gt_v2_plastic_audited,True,False,recording feeds PAPER_EVAL 319
eval_pallet09__1778653814384002560,capturepallet09,data/pallet/raw_data/outside/capturepallet09/rgb/1778653814384002560.png,,dev_existing/annotations/eval_pallet09/1778653814384002560.json,day,real_gt_v2_plastic_audited,True,False,recording feeds PAPER_EVAL 319
eval_pallet09__1778653821069351168,capturepallet09,data/pallet/raw_data/outside/capturepallet09/rgb/1778653821069351168.png,,dev_existing/annotations/eval_pallet09/1778653821069351168.json,day,real_gt_v2_plastic_audited,True,False,recording feeds PAPER_EVAL 319
eval_pallet09__1778653823253508096,capturepallet09,data/pallet/raw_data/outside/capturepallet09/rgb/1778653823253508096.png,,dev_existing/annotations/eval_pallet09/1778653823253508096.json,day,real_gt_v2_plastic_audited,True,False,recording feeds PAPER_EVAL 319
eval_pallet09__1778653832794714368,capturepallet09,data/pallet/raw_data/outside/capturepallet09/rgb/1778653832794714368.png,,dev_existing/annotations/eval_pallet09/1778653832794714368.json,day,real_gt_v2_plastic_audited,True,False,recording feeds PAPER_EVAL 319
eval_pallet09__1778653871330109184,capturepallet09,data/pallet/raw_data/outside/capturepallet09/rgb/1778653871330109184.png,,dev_existing/annotations/eval_pallet09/1778653871330109184.json,day,real_gt_v2_plastic_audited,True,False,recording feeds PAPER_EVAL 319
eval_pallet09__1778653882316513792,capturepallet09,data/pallet/raw_data/outside/capturepallet09/rgb/1778653882316513792.png,,dev_existing/annotations/eval_pallet09/1778653882316513792.json,day,real_gt_v2_plastic_audited,True,False,recording feeds PAPER_EVAL 319
eval_pallet09__1778653884903302656,capturepallet09,data/pallet/raw_data/outside/capturepallet09/rgb/1778653884903302656.png,,dev_existing/annotations/eval_pallet09/1778653884903302656.json,day,real_gt_v2_plastic_audited,True,False,recording feeds PAPER_EVAL 319
eval_pallet09__1778653889069260032,capturepallet09,data/pallet/raw_data/outside/capturepallet09/rgb/1778653889069260032.png,,dev_existing/annotations/eval_pallet09/1778653889069260032.json,day,real_gt_v2_plastic_audited,True,False,recording feeds PAPER_EVAL 319
eval_pallet09__1778653898342159872,capturepallet09,data/pallet/raw_data/outside/capturepallet09/rgb/1778653898342159872.png,,dev_existing/annotations/eval_pallet09/1778653898342159872.json,day,real_gt_v2_plastic_audited,True,False,recording feeds PAPER_EVAL 319
forklift_20260528_manual_gt__000000,forklift_raw_20260528_163408,data/pallet/raw_data/outside/forklift_raw_20260528_163408/rgb/000000.png,,legacy_unverified/annotations/forklift_20260528_manual_gt/000000.json,unknown,manual_gt_legacy,False,False,tracklet would cross the recording boundary
forklift_20260528_manual_gt__000015,forklift_raw_20260528_163408,data/pallet/raw_data/outside/forklift_raw_20260528_163408/rgb/000015.png,data/pallet/raw_data/outside/forklift_raw_20260528_163408/rgb/000012.png|data/pallet/raw_data/outside/forklift_raw_20260528_163408/rgb/000013.png|data/pallet/raw_data/outside/forklift_raw_20260528_163408/rgb/000014.png|data/pallet/raw_data/outside/forklift_raw_20260528_163408/rgb/000016.png|data/pallet/raw_data/outside/forklift_raw_20260528_163408/rgb/000017.png|data/pallet/raw_data/outside/forklift_raw_20260528_163408/rgb/000018.png,legacy_unverified/annotations/forklift_20260528_manual_gt/000015.json,unknown,manual_gt_legacy,False,True,
forklift_20260528_manual_gt__000030,forklift_raw_20260528_163408,data/pallet/raw_data/outside/forklift_raw_20260528_163408/rgb/000030.png,data/pallet/raw_data/outside/forklift_raw_20260528_163408/rgb/000027.png|data/pallet/raw_data/outside/forklift_raw_20260528_163408/rgb/000028.png|data/pallet/raw_data/outside/forklift_raw_20260528_163408/rgb/000029.png|data/pallet/raw_data/outside/forklift_raw_20260528_163408/rgb/000031.png|data/pallet/raw_data/outside/forklift_raw_20260528_163408/rgb/000032.png|data/pallet/raw_data/outside/forklift_raw_20260528_163408/rgb/000033.png,legacy_unverified/annotations/forklift_20260528_manual_gt/000030.json,unknown,manual_gt_legacy,False,True,
forklift_20260528_manual_gt__000045,forklift_raw_20260528_163408,data/pallet/raw_data/outside/forklift_raw_20260528_163408/rgb/000045.png,data/pallet/raw_data/outside/forklift_raw_20260528_163408/rgb/000042.png|data/pallet/raw_data/outside/forklift_raw_20260528_163408/rgb/000043.png|data/pallet/raw_data/outside/forklift_raw_20260528_163408/rgb/000044.png|data/pallet/raw_data/outside/forklift_raw_20260528_163408/rgb/000046.png|data/pallet/raw_data/outside/forklift_raw_20260528_163408/rgb/000047.png|data/pallet/raw_data/outside/forklift_raw_20260528_163408/rgb/000048.png,legacy_unverified/annotations/forklift_20260528_manual_gt/000045.json,unknown,manual_gt_legacy,False,True,
forklift_20260528_manual_gt__000060,forklift_raw_20260528_163408,data/pallet/raw_data/outside/forklift_raw_20260528_163408/rgb/000060.png,data/pallet/raw_data/outside/forklift_raw_20260528_163408/rgb/000057.png|data/pallet/raw_data/outside/forklift_raw_20260528_163408/rgb/000058.png|data/pallet/raw_data/outside/forklift_raw_20260528_163408/rgb/000059.png|data/pallet/raw_data/outside/forklift_raw_20260528_163408/rgb/000061.png|data/pallet/raw_data/outside/forklift_raw_20260528_163408/rgb/000062.png|data/pallet/raw_data/outside/forklift_raw_20260528_163408/rgb/000063.png,legacy_unverified/annotations/forklift_20260528_manual_gt/000060.json,unknown,manual_gt_legacy,False,True,
forklift_20260528_manual_gt__000075,forklift_raw_20260528_163408,data/pallet/raw_data/outside/forklift_raw_20260528_163408/rgb/000075.png,data/pallet/raw_data/outside/forklift_raw_20260528_163408/rgb/000072.png|data/pallet/raw_data/outside/forklift_raw_20260528_163408/rgb/000073.png|data/pallet/raw_data/outside/forklift_raw_20260528_163408/rgb/000074.png|data/pallet/raw_data/outside/forklift_raw_20260528_163408/rgb/000076.png|data/pallet/raw_data/outside/forklift_raw_20260528_163408/rgb/000077.png|data/pallet/raw_data/outside/forklift_raw_20260528_163408/rgb/000078.png,legacy_unverified/annotations/forklift_20260528_manual_gt/000075.json,unknown,manual_gt_legacy,False,True,
forklift_20260528_manual_gt__000090,forklift_raw_20260528_163408,data/pallet/raw_data/outside/forklift_raw_20260528_163408/rgb/000090.png,data/pallet/raw_data/outside/forklift_raw_20260528_163408/rgb/000087.png|data/pallet/raw_data/outside/forklift_raw_20260528_163408/rgb/000088.png|data/pallet/raw_data/outside/forklift_raw_20260528_163408/rgb/000089.png|data/pallet/raw_data/outside/forklift_raw_20260528_163408/rgb/000091.png|data/pallet/raw_data/outside/forklift_raw_20260528_163408/rgb/000092.png|data/pallet/raw_data/outside/forklift_raw_20260528_163408/rgb/000093.png,legacy_unverified/annotations/forklift_20260528_manual_gt/000090.json,unknown,manual_gt_legacy,False,True,
forklift_20260528_manual_gt__000105,forklift_raw_20260528_163408,data/pallet/raw_data/outside/forklift_raw_20260528_163408/rgb/000105.png,data/pallet/raw_data/outside/forklift_raw_20260528_163408/rgb/000102.png|data/pallet/raw_data/outside/forklift_raw_20260528_163408/rgb/000103.png|data/pallet/raw_data/outside/forklift_raw_20260528_163408/rgb/000104.png|data/pallet/raw_data/outside/forklift_raw_20260528_163408/rgb/000106.png|data/pallet/raw_data/outside/forklift_raw_20260528_163408/rgb/000107.png|data/pallet/raw_data/outside/forklift_raw_20260528_163408/rgb/000108.png,legacy_unverified/annotations/forklift_20260528_manual_gt/000105.json,unknown,manual_gt_legacy,False,True,
forklift_20260528_manual_gt__000210,forklift_raw_20260528_163408,data/pallet/raw_data/outside/forklift_raw_20260528_163408/rgb/000210.png,data/pallet/raw_data/outside/forklift_raw_20260528_163408/rgb/000207.png|data/pallet/raw_data/outside/forklift_raw_20260528_163408/rgb/000208.png|data/pallet/raw_data/outside/forklift_raw_20260528_163408/rgb/000209.png|data/pallet/raw_data/outside/forklift_raw_20260528_163408/rgb/000211.png|data/pallet/raw_data/outside/forklift_raw_20260528_163408/rgb/000212.png|data/pallet/raw_data/outside/forklift_raw_20260528_163408/rgb/000213.png,legacy_unverified/annotations/forklift_20260528_manual_gt/000210.json,unknown,manual_gt_legacy,False,True,
forklift_20260528_manual_gt__000225,forklift_raw_20260528_163408,data/pallet/raw_data/outside/forklift_raw_20260528_163408/rgb/000225.png,data/pallet/raw_data/outside/forklift_raw_20260528_163408/rgb/000222.png|data/pallet/raw_data/outside/forklift_raw_20260528_163408/rgb/000223.png|data/pallet/raw_data/outside/forklift_raw_20260528_163408/rgb/000224.png|data/pallet/raw_data/outside/forklift_raw_20260528_163408/rgb/000226.png|data/pallet/raw_data/outside/forklift_raw_20260528_163408/rgb/000227.png|data/pallet/raw_data/outside/forklift_raw_20260528_163408/rgb/000228.png,legacy_unverified/annotations/forklift_20260528_manual_gt/000225.json,unknown,manual_gt_legacy,False,True,
forklift_20260528_manual_gt__000240,forklift_raw_20260528_163408,data/pallet/raw_data/outside/forklift_raw_20260528_163408/rgb/000240.png,data/pallet/raw_data/outside/forklift_raw_20260528_163408/rgb/000237.png|data/pallet/raw_data/outside/forklift_raw_20260528_163408/rgb/000238.png|data/pallet/raw_data/outside/forklift_raw_20260528_163408/rgb/000239.png|data/pallet/raw_data/outside/forklift_raw_20260528_163408/rgb/000241.png|data/pallet/raw_data/outside/forklift_raw_20260528_163408/rgb/000242.png|data/pallet/raw_data/outside/forklift_raw_20260528_163408/rgb/000243.png,legacy_unverified/annotations/forklift_20260528_manual_gt/000240.json,unknown,manual_gt_legacy,False,True,
forklift_20260528_manual_gt__000255,forklift_raw_20260528_163408,data/pallet/raw_data/outside/forklift_raw_20260528_163408/rgb/000255.png,data/pallet/raw_data/outside/forklift_raw_20260528_163408/rgb/000252.png|data/pallet/raw_data/outside/forklift_raw_20260528_163408/rgb/000253.png|data/pallet/raw_data/outside/forklift_raw_20260528_163408/rgb/000254.png|data/pallet/raw_data/outside/forklift_raw_20260528_163408/rgb/000256.png|data/pallet/raw_data/outside/forklift_raw_20260528_163408/rgb/000257.png|data/pallet/raw_data/outside/forklift_raw_20260528_163408/rgb/000258.png,legacy_unverified/annotations/forklift_20260528_manual_gt/000255.json,unknown,manual_gt_legacy,False,True,
forklift_20260528_manual_gt__000270,forklift_raw_20260528_163408,data/pallet/raw_data/outside/forklift_raw_20260528_163408/rgb/000270.png,data/pallet/raw_data/outside/forklift_raw_20260528_163408/rgb/000267.png|data/pallet/raw_data/outside/forklift_raw_20260528_163408/rgb/000268.png|data/pallet/raw_data/outside/forklift_raw_20260528_163408/rgb/000269.png|data/pallet/raw_data/outside/forklift_raw_20260528_163408/rgb/000271.png|data/pallet/raw_data/outside/forklift_raw_20260528_163408/rgb/000272.png|data/pallet/raw_data/outside/forklift_raw_20260528_163408/rgb/000273.png,legacy_unverified/annotations/forklift_20260528_manual_gt/000270.json,unknown,manual_gt_legacy,False,True,
forklift_20260528_manual_gt__000285,forklift_raw_20260528_163408,data/pallet/raw_data/outside/forklift_raw_20260528_163408/rgb/000285.png,data/pallet/raw_data/outside/forklift_raw_20260528_163408/rgb/000282.png|data/pallet/raw_data/outside/forklift_raw_20260528_163408/rgb/000283.png|data/pallet/raw_data/outside/forklift_raw_20260528_163408/rgb/000284.png|data/pallet/raw_data/outside/forklift_raw_20260528_163408/rgb/000286.png|data/pallet/raw_data/outside/forklift_raw_20260528_163408/rgb/000287.png|data/pallet/raw_data/outside/forklift_raw_20260528_163408/rgb/000288.png,legacy_unverified/annotations/forklift_20260528_manual_gt/000285.json,unknown,manual_gt_legacy,False,True,
forklift_20260528_manual_gt__000300,forklift_raw_20260528_163408,data/pallet/raw_data/outside/forklift_raw_20260528_163408/rgb/000300.png,data/pallet/raw_data/outside/forklift_raw_20260528_163408/rgb/000297.png|data/pallet/raw_data/outside/forklift_raw_20260528_163408/rgb/000298.png|data/pallet/raw_data/outside/forklift_raw_20260528_163408/rgb/000299.png|data/pallet/raw_data/outside/forklift_raw_20260528_163408/rgb/000301.png|data/pallet/raw_data/outside/forklift_raw_20260528_163408/rgb/000302.png|data/pallet/raw_data/outside/forklift_raw_20260528_163408/rgb/000303.png,legacy_unverified/annotations/forklift_20260528_manual_gt/000300.json,unknown,manual_gt_legacy,False,True,
forklift_20260528_manual_gt__000315,forklift_raw_20260528_163408,data/pallet/raw_data/outside/forklift_raw_20260528_163408/rgb/000315.png,data/pallet/raw_data/outside/forklift_raw_20260528_163408/rgb/000312.png|data/pallet/raw_data/outside/forklift_raw_20260528_163408/rgb/000313.png|data/pallet/raw_data/outside/forklift_raw_20260528_163408/rgb/000314.png|data/pallet/raw_data/outside/forklift_raw_20260528_163408/rgb/000316.png|data/pallet/raw_data/outside/forklift_raw_20260528_163408/rgb/000317.png|data/pallet/raw_data/outside/forklift_raw_20260528_163408/rgb/000318.png,legacy_unverified/annotations/forklift_20260528_manual_gt/000315.json,unknown,manual_gt_legacy,False,True,
forklift_20260528_manual_gt__000330,forklift_raw_20260528_163408,data/pallet/raw_data/outside/forklift_raw_20260528_163408/rgb/000330.png,data/pallet/raw_data/outside/forklift_raw_20260528_163408/rgb/000327.png|data/pallet/raw_data/outside/forklift_raw_20260528_163408/rgb/000328.png|data/pallet/raw_data/outside/forklift_raw_20260528_163408/rgb/000329.png|data/pallet/raw_data/outside/forklift_raw_20260528_163408/rgb/000331.png|data/pallet/raw_data/outside/forklift_raw_20260528_163408/rgb/000332.png|data/pallet/raw_data/outside/forklift_raw_20260528_163408/rgb/000333.png,legacy_unverified/annotations/forklift_20260528_manual_gt/000330.json,unknown,manual_gt_legacy,False,True,
forklift_20260528_manual_gt__000345,forklift_raw_20260528_163408,data/pallet/raw_data/outside/forklift_raw_20260528_163408/rgb/000345.png,data/pallet/raw_data/outside/forklift_raw_20260528_163408/rgb/000342.png|data/pallet/raw_data/outside/forklift_raw_20260528_163408/rgb/000343.png|data/pallet/raw_data/outside/forklift_raw_20260528_163408/rgb/000344.png|data/pallet/raw_data/outside/forklift_raw_20260528_163408/rgb/000346.png|data/pallet/raw_data/outside/forklift_raw_20260528_163408/rgb/000347.png|data/pallet/raw_data/outside/forklift_raw_20260528_163408/rgb/000348.png,legacy_unverified/annotations/forklift_20260528_manual_gt/000345.json,unknown,manual_gt_legacy,False,True,
forklift_20260528_manual_gt__000360,forklift_raw_20260528_163408,data/pallet/raw_data/outside/forklift_raw_20260528_163408/rgb/000360.png,data/pallet/raw_data/outside/forklift_raw_20260528_163408/rgb/000357.png|data/pallet/raw_data/outside/forklift_raw_20260528_163408/rgb/000358.png|data/pallet/raw_data/outside/forklift_raw_20260528_163408/rgb/000359.png|data/pallet/raw_data/outside/forklift_raw_20260528_163408/rgb/000361.png|data/pallet/raw_data/outside/forklift_raw_20260528_163408/rgb/000362.png|data/pallet/raw_data/outside/forklift_raw_20260528_163408/rgb/000363.png,legacy_unverified/annotations/forklift_20260528_manual_gt/000360.json,unknown,manual_gt_legacy,False,True,
forklift_20260528_manual_gt__000825,forklift_raw_20260528_163408,data/pallet/raw_data/outside/forklift_raw_20260528_163408/rgb/000825.png,data/pallet/raw_data/outside/forklift_raw_20260528_163408/rgb/000822.png|data/pallet/raw_data/outside/forklift_raw_20260528_163408/rgb/000823.png|data/pallet/raw_data/outside/forklift_raw_20260528_163408/rgb/000824.png|data/pallet/raw_data/outside/forklift_raw_20260528_163408/rgb/000826.png|data/pallet/raw_data/outside/forklift_raw_20260528_163408/rgb/000827.png|data/pallet/raw_data/outside/forklift_raw_20260528_163408/rgb/000828.png,legacy_unverified/annotations/forklift_20260528_manual_gt/000825.json,unknown,manual_gt_legacy,False,True,
forklift_20260528_manual_gt__000840,forklift_raw_20260528_163408,data/pallet/raw_data/outside/forklift_raw_20260528_163408/rgb/000840.png,data/pallet/raw_data/outside/forklift_raw_20260528_163408/rgb/000837.png|data/pallet/raw_data/outside/forklift_raw_20260528_163408/rgb/000838.png|data/pallet/raw_data/outside/forklift_raw_20260528_163408/rgb/000839.png|data/pallet/raw_data/outside/forklift_raw_20260528_163408/rgb/000841.png|data/pallet/raw_data/outside/forklift_raw_20260528_163408/rgb/000842.png|data/pallet/raw_data/outside/forklift_raw_20260528_163408/rgb/000843.png,legacy_unverified/annotations/forklift_20260528_manual_gt/000840.json,unknown,manual_gt_legacy,False,True,
forklift_20260528_manual_gt__000855,forklift_raw_20260528_163408,data/pallet/raw_data/outside/forklift_raw_20260528_163408/rgb/000855.png,data/pallet/raw_data/outside/forklift_raw_20260528_163408/rgb/000852.png|data/pallet/raw_data/outside/forklift_raw_20260528_163408/rgb/000853.png|data/pallet/raw_data/outside/forklift_raw_20260528_163408/rgb/000854.png|data/pallet/raw_data/outside/forklift_raw_20260528_163408/rgb/000856.png|data/pallet/raw_data/outside/forklift_raw_20260528_163408/rgb/000857.png|data/pallet/raw_data/outside/forklift_raw_20260528_163408/rgb/000858.png,legacy_unverified/annotations/forklift_20260528_manual_gt/000855.json,unknown,manual_gt_legacy,False,True,
forklift_20260528_manual_gt__000870,forklift_raw_20260528_163408,data/pallet/raw_data/outside/forklift_raw_20260528_163408/rgb/000870.png,data/pallet/raw_data/outside/forklift_raw_20260528_163408/rgb/000867.png|data/pallet/raw_data/outside/forklift_raw_20260528_163408/rgb/000868.png|data/pallet/raw_data/outside/forklift_raw_20260528_163408/rgb/000869.png|data/pallet/raw_data/outside/forklift_raw_20260528_163408/rgb/000871.png|data/pallet/raw_data/outside/forklift_raw_20260528_163408/rgb/000872.png|data/pallet/raw_data/outside/forklift_raw_20260528_163408/rgb/000873.png,legacy_unverified/annotations/forklift_20260528_manual_gt/000870.json,unknown,manual_gt_legacy,False,True,
forklift_20260528_manual_gt__000885,forklift_raw_20260528_163408,data/pallet/raw_data/outside/forklift_raw_20260528_163408/rgb/000885.png,data/pallet/raw_data/outside/forklift_raw_20260528_163408/rgb/000882.png|data/pallet/raw_data/outside/forklift_raw_20260528_163408/rgb/000883.png|data/pallet/raw_data/outside/forklift_raw_20260528_163408/rgb/000884.png|data/pallet/raw_data/outside/forklift_raw_20260528_163408/rgb/000886.png|data/pallet/raw_data/outside/forklift_raw_20260528_163408/rgb/000887.png|data/pallet/raw_data/outside/forklift_raw_20260528_163408/rgb/000888.png,legacy_unverified/annotations/forklift_20260528_manual_gt/000885.json,unknown,manual_gt_legacy,False,True,
forklift_20260528_manual_gt__000900,forklift_raw_20260528_163408,data/pallet/raw_data/outside/forklift_raw_20260528_163408/rgb/000900.png,data/pallet/raw_data/outside/forklift_raw_20260528_163408/rgb/000897.png|data/pallet/raw_data/outside/forklift_raw_20260528_163408/rgb/000898.png|data/pallet/raw_data/outside/forklift_raw_20260528_163408/rgb/000899.png|data/pallet/raw_data/outside/forklift_raw_20260528_163408/rgb/000901.png|data/pallet/raw_data/outside/forklift_raw_20260528_163408/rgb/000902.png|data/pallet/raw_data/outside/forklift_raw_20260528_163408/rgb/000903.png,legacy_unverified/annotations/forklift_20260528_manual_gt/000900.json,unknown,manual_gt_legacy,False,True,
night_eval_manual_gt__1779449171575465984,capturenight05,data/pallet/raw_data/night/capturenight05/rgb/1779449171575465984.png,,legacy_unverified/annotations/night_eval_manual_gt/1779449171575465984.json,night,manual_gt_legacy,False,False,tracklet would cross the recording boundary
night_eval_manual_gt__1779449173709591552,capturenight05,data/pallet/raw_data/night/capturenight05/rgb/1779449173709591552.png,data/pallet/raw_data/night/capturenight05/rgb/1779449173542946304.png|data/pallet/raw_data/night/capturenight05/rgb/1779449173576345856.png|data/pallet/raw_data/night/capturenight05/rgb/1779449173643110144.png|data/pallet/raw_data/night/capturenight05/rgb/1779449173776777472.png|data/pallet/raw_data/night/capturenight05/rgb/1779449173876615424.png|data/pallet/raw_data/night/capturenight05/rgb/1779449173943124480.png,legacy_unverified/annotations/night_eval_manual_gt/1779449173709591552.json,night,manual_gt_legacy,False,True,
night_eval_manual_gt__1779449178279663872,capturenight05,data/pallet/raw_data/night/capturenight05/rgb/1779449178279663872.png,data/pallet/raw_data/night/capturenight05/rgb/1779449178112766720.png|data/pallet/raw_data/night/capturenight05/rgb/1779449178179579648.png|data/pallet/raw_data/night/capturenight05/rgb/1779449178246150912.png|data/pallet/raw_data/night/capturenight05/rgb/1779449178346447872.png|data/pallet/raw_data/night/capturenight05/rgb/1779449178413084928.png|data/pallet/raw_data/night/capturenight05/rgb/1779449178479772672.png,legacy_unverified/annotations/night_eval_manual_gt/1779449178279663872.json,night,manual_gt_legacy,False,True,
night_eval_manual_gt__1779449180481178880,capturenight05,data/pallet/raw_data/night/capturenight05/rgb/1779449180481178880.png,data/pallet/raw_data/night/capturenight05/rgb/1779449180314526976.png|data/pallet/raw_data/night/capturenight05/rgb/1779449180381337344.png|data/pallet/raw_data/night/capturenight05/rgb/1779449180414481664.png|data/pallet/raw_data/night/capturenight05/rgb/1779449180581362432.png|data/pallet/raw_data/night/capturenight05/rgb/1779449180715060480.png|data/pallet/raw_data/night/capturenight05/rgb/1779449180882133248.png,legacy_unverified/annotations/night_eval_manual_gt/1779449180481178880.json,night,manual_gt_legacy,False,True,
night_eval_manual_gt__1779449182916275200,capturenight05,data/pallet/raw_data/night/capturenight05/rgb/1779449182916275200.png,data/pallet/raw_data/night/capturenight05/rgb/1779449182682678784.png|data/pallet/raw_data/night/capturenight05/rgb/1779449182782727168.png|data/pallet/raw_data/night/capturenight05/rgb/1779449182849530112.png|data/pallet/raw_data/night/capturenight05/rgb/1779449182982810368.png|data/pallet/raw_data/night/capturenight05/rgb/1779449183049731328.png|data/pallet/raw_data/night/capturenight05/rgb/1779449183183244544.png,legacy_unverified/annotations/night_eval_manual_gt/1779449182916275200.json,night,manual_gt_legacy,False,True,
night_eval_manual_gt__1779449185084437248,capturenight05,data/pallet/raw_data/night/capturenight05/rgb/1779449185084437248.png,data/pallet/raw_data/night/capturenight05/rgb/1779449184917654016.png|data/pallet/raw_data/night/capturenight05/rgb/1779449184984348928.png|data/pallet/raw_data/night/capturenight05/rgb/1779449185050932736.png|data/pallet/raw_data/night/capturenight05/rgb/1779449185151075072.png|data/pallet/raw_data/night/capturenight05/rgb/1779449185217847552.png|data/pallet/raw_data/night/capturenight05/rgb/1779449185320717056.png,legacy_unverified/annotations/night_eval_manual_gt/1779449185084437248.json,night,manual_gt_legacy,False,True,
night_eval_manual_gt__1779449191722656768,capturenight05,data/pallet/raw_data/night/capturenight05/rgb/1779449191722656768.png,data/pallet/raw_data/night/capturenight05/rgb/1779449191522170624.png|data/pallet/raw_data/night/capturenight05/rgb/1779449191589007104.png|data/pallet/raw_data/night/capturenight05/rgb/1779449191655831296.png|data/pallet/raw_data/night/capturenight05/rgb/1779449191789225216.png|data/pallet/raw_data/night/capturenight05/rgb/1779449191855827968.png|data/pallet/raw_data/night/capturenight05/rgb/1779449191922726144.png,legacy_unverified/annotations/night_eval_manual_gt/1779449191722656768.json,night,manual_gt_legacy,False,True,
night_eval_manual_gt__1779449194023912448,capturenight05,data/pallet/raw_data/night/capturenight05/rgb/1779449194023912448.png,data/pallet/raw_data/night/capturenight05/rgb/1779449193790495232.png|data/pallet/raw_data/night/capturenight05/rgb/1779449193890825728.png|data/pallet/raw_data/night/capturenight05/rgb/1779449193957384704.png|data/pallet/raw_data/night/capturenight05/rgb/1779449194090844416.png|data/pallet/raw_data/night/capturenight05/rgb/1779449194157486848.png|data/pallet/raw_data/night/capturenight05/rgb/1779449194224222976.png,legacy_unverified/annotations/night_eval_manual_gt/1779449194023912448.json,night,manual_gt_legacy,False,True,
night_eval_manual_gt__1779449196392532480,capturenight05,data/pallet/raw_data/night/capturenight05/rgb/1779449196392532480.png,data/pallet/raw_data/night/capturenight05/rgb/1779449196192452864.png|data/pallet/raw_data/night/capturenight05/rgb/1779449196258990848.png|data/pallet/raw_data/night/capturenight05/rgb/1779449196325781248.png|data/pallet/raw_data/night/capturenight05/rgb/1779449196459070464.png|data/pallet/raw_data/night/capturenight05/rgb/1779449196525897216.png|data/pallet/raw_data/night/capturenight05/rgb/1779449196592441600.png,legacy_unverified/annotations/night_eval_manual_gt/1779449196392532480.json,night,manual_gt_legacy,False,True,
night_eval_manual_gt__1779449198527179520,capturenight05,data/pallet/raw_data/night/capturenight05/rgb/1779449198527179520.png,data/pallet/raw_data/night/capturenight05/rgb/1779449198293856512.png|data/pallet/raw_data/night/capturenight05/rgb/1779449198360341504.png|data/pallet/raw_data/night/capturenight05/rgb/1779449198460523264.png|data/pallet/raw_data/night/capturenight05/rgb/1779449198593954816.png|data/pallet/raw_data/night/capturenight05/rgb/1779449198660600064.png|data/pallet/raw_data/night/capturenight05/rgb/1779449198727323392.png,legacy_unverified/annotations/night_eval_manual_gt/1779449198527179520.json,night,manual_gt_legacy,False,True,
night_eval_manual_gt__1779449208067558144,capturenight05,data/pallet/raw_data/night/capturenight05/rgb/1779449208067558144.png,data/pallet/raw_data/night/capturenight05/rgb/1779449207600731648.png|data/pallet/raw_data/night/capturenight05/rgb/1779449207733957632.png|data/pallet/raw_data/night/capturenight05/rgb/1779449207867503616.png|data/pallet/raw_data/night/capturenight05/rgb/1779449208234293760.png|data/pallet/raw_data/night/capturenight05/rgb/1779449208401233920.png|data/pallet/raw_data/night/capturenight05/rgb/1779449208534531072.png,legacy_unverified/annotations/night_eval_manual_gt/1779449208067558144.json,night,manual_gt_legacy,False,True,
night_eval_manual_gt__1779449210935970816,capturenight05,data/pallet/raw_data/night/capturenight05/rgb/1779449210935970816.png,data/pallet/raw_data/night/capturenight05/rgb/1779449210669224192.png|data/pallet/raw_data/night/capturenight05/rgb/1779449210802832640.png|data/pallet/raw_data/night/capturenight05/rgb/1779449210869378048.png|data/pallet/raw_data/night/capturenight05/rgb/1779449211002758400.png|data/pallet/raw_data/night/capturenight05/rgb/1779449211069338112.png|data/pallet/raw_data/night/capturenight05/rgb/1779449211136045568.png,legacy_unverified/annotations/night_eval_manual_gt/1779449210935970816.json,night,manual_gt_legacy,False,True,
night_eval_manual_gt__1779449231735721216,capturenight06,data/pallet/raw_data/night/capturenight06/rgb/1779449231735721216.png,,legacy_unverified/annotations/night_eval_manual_gt/1779449231735721216.json,night,manual_gt_legacy,False,False,tracklet would cross the recording boundary
night_eval_manual_gt__1779449234136754176,capturenight06,data/pallet/raw_data/night/capturenight06/rgb/1779449234136754176.png,data/pallet/raw_data/night/capturenight06/rgb/1779449233936487936.png|data/pallet/raw_data/night/capturenight06/rgb/1779449234003412480.png|data/pallet/raw_data/night/capturenight06/rgb/1779449234069971200.png|data/pallet/raw_data/night/capturenight06/rgb/1779449234203382784.png|data/pallet/raw_data/night/capturenight06/rgb/1779449234236771328.png|data/pallet/raw_data/night/capturenight06/rgb/1779449234303581184.png,legacy_unverified/annotations/night_eval_manual_gt/1779449234136754176.json,night,manual_gt_legacy,False,True,
night_eval_manual_gt__1779449236238168576,capturenight06,data/pallet/raw_data/night/capturenight06/rgb/1779449236238168576.png,data/pallet/raw_data/night/capturenight06/rgb/1779449236038354432.png|data/pallet/raw_data/night/capturenight06/rgb/1779449236104716032.png|data/pallet/raw_data/night/capturenight06/rgb/1779449236171586304.png|data/pallet/raw_data/night/capturenight06/rgb/1779449236305006080.png|data/pallet/raw_data/night/capturenight06/rgb/1779449236405203456.png|data/pallet/raw_data/night/capturenight06/rgb/1779449236471907328.png,legacy_unverified/annotations/night_eval_manual_gt/1779449236238168576.json,night,manual_gt_legacy,False,True,
night_eval_manual_gt__1779449240774612992,capturenight06,data/pallet/raw_data/night/capturenight06/rgb/1779449240774612992.png,data/pallet/raw_data/night/capturenight06/rgb/1779449240574606080.png|data/pallet/raw_data/night/capturenight06/rgb/1779449240641283072.png|data/pallet/raw_data/night/capturenight06/rgb/1779449240707985152.png|data/pallet/raw_data/night/capturenight06/rgb/1779449240841541376.png|data/pallet/raw_data/night/capturenight06/rgb/1779449240908085248.png|data/pallet/raw_data/night/capturenight06/rgb/1779449241075409920.png,legacy_unverified/annotations/night_eval_manual_gt/1779449240774612992.json,night,manual_gt_legacy,False,True,
night_eval_manual_gt__1779449243243076352,capturenight06,data/pallet/raw_data/night/capturenight06/rgb/1779449243243076352.png,data/pallet/raw_data/night/capturenight06/rgb/1779449243043216384.png|data/pallet/raw_data/night/capturenight06/rgb/1779449243109627904.png|data/pallet/raw_data/night/capturenight06/rgb/1779449243176447488.png|data/pallet/raw_data/night/capturenight06/rgb/1779449243309849600.png|data/pallet/raw_data/night/capturenight06/rgb/1779449243376554752.png|data/pallet/raw_data/night/capturenight06/rgb/1779449243443378688.png,legacy_unverified/annotations/night_eval_manual_gt/1779449243243076352.json,night,manual_gt_legacy,False,True,
night_eval_manual_gt__1779449245478053376,capturenight06,data/pallet/raw_data/night/capturenight06/rgb/1779449245478053376.png,data/pallet/raw_data/night/capturenight06/rgb/1779449245278192384.png|data/pallet/raw_data/night/capturenight06/rgb/1779449245344582400.png|data/pallet/raw_data/night/capturenight06/rgb/1779449245411330816.png|data/pallet/raw_data/night/capturenight06/rgb/1779449245544826368.png|data/pallet/raw_data/night/capturenight06/rgb/1779449245611540224.png|data/pallet/raw_data/night/capturenight06/rgb/1779449245712206848.png,legacy_unverified/annotations/night_eval_manual_gt/1779449245478053376.json,night,manual_gt_legacy,False,True,
night_eval_manual_gt__1779449247779662080,capturenight06,data/pallet/raw_data/night/capturenight06/rgb/1779449247779662080.png,data/pallet/raw_data/night/capturenight06/rgb/1779449247579477248.png|data/pallet/raw_data/night/capturenight06/rgb/1779449247646108928.png|data/pallet/raw_data/night/capturenight06/rgb/1779449247713171456.png|data/pallet/raw_data/night/capturenight06/rgb/1779449247846292480.png|data/pallet/raw_data/night/capturenight06/rgb/1779449247913199872.png|data/pallet/raw_data/night/capturenight06/rgb/1779449247979906816.png,legacy_unverified/annotations/night_eval_manual_gt/1779449247779662080.json,night,manual_gt_legacy,False,True,
night_eval_manual_gt__1779449252349532672,capturenight06,data/pallet/raw_data/night/capturenight06/rgb/1779449252349532672.png,data/pallet/raw_data/night/capturenight06/rgb/1779449252116052736.png|data/pallet/raw_data/night/capturenight06/rgb/1779449252216419584.png|data/pallet/raw_data/night/capturenight06/rgb/1779449252282790144.png|data/pallet/raw_data/night/capturenight06/rgb/1779449252483474944.png|data/pallet/raw_data/night/capturenight06/rgb/1779449252650032384.png|data/pallet/raw_data/night/capturenight06/rgb/1779449252750192384.png,legacy_unverified/annotations/night_eval_manual_gt/1779449252349532672.json,night,manual_gt_legacy,False,True,
night_eval_manual_gt__1779449254651112192,capturenight06,data/pallet/raw_data/night/capturenight06/rgb/1779449254651112192.png,data/pallet/raw_data/night/capturenight06/rgb/1779449254451090176.png|data/pallet/raw_data/night/capturenight06/rgb/1779449254517674496.png|data/pallet/raw_data/night/capturenight06/rgb/1779449254584460800.png|data/pallet/raw_data/night/capturenight06/rgb/1779449254718034432.png|data/pallet/raw_data/night/capturenight06/rgb/1779449254851613184.png|data/pallet/raw_data/night/capturenight06/rgb/1779449254951174656.png,legacy_unverified/annotations/night_eval_manual_gt/1779449254651112192.json,night,manual_gt_legacy,False,True,
night_eval_manual_gt__1779449256919425024,capturenight06,data/pallet/raw_data/night/capturenight06/rgb/1779449256919425024.png,data/pallet/raw_data/night/capturenight06/rgb/1779449256719242240.png|data/pallet/raw_data/night/capturenight06/rgb/1779449256785854464.png|data/pallet/raw_data/night/capturenight06/rgb/1779449256852621056.png|data/pallet/raw_data/night/capturenight06/rgb/1779449256986221056.png|data/pallet/raw_data/night/capturenight06/rgb/1779449257052731136.png|data/pallet/raw_data/night/capturenight06/rgb/1779449257119786496.png,legacy_unverified/annotations/night_eval_manual_gt/1779449256919425024.json,night,manual_gt_legacy,False,True,
night_eval_manual_gt__1779449259354370816,capturenight06,data/pallet/raw_data/night/capturenight06/rgb/1779449259354370816.png,data/pallet/raw_data/night/capturenight06/rgb/1779449259154254848.png|data/pallet/raw_data/night/capturenight06/rgb/1779449259221005824.png|data/pallet/raw_data/night/capturenight06/rgb/1779449259287689472.png|data/pallet/raw_data/night/capturenight06/rgb/1779449259421280768.png|data/pallet/raw_data/night/capturenight06/rgb/1779449259488065792.png|data/pallet/raw_data/night/capturenight06/rgb/1779449259655105280.png,legacy_unverified/annotations/night_eval_manual_gt/1779449259354370816.json,night,manual_gt_legacy,False,True,
night_eval_manual_gt__1779449261622708480,capturenight06,data/pallet/raw_data/night/capturenight06/rgb/1779449261622708480.png,data/pallet/raw_data/night/capturenight06/rgb/1779449261422977536.png|data/pallet/raw_data/night/capturenight06/rgb/1779449261489250560.png|data/pallet/raw_data/night/capturenight06/rgb/1779449261555989248.png|data/pallet/raw_data/night/capturenight06/rgb/1779449261723042560.png|data/pallet/raw_data/night/capturenight06/rgb/1779449261823378432.png|data/pallet/raw_data/night/capturenight06/rgb/1779449261923559168.png,legacy_unverified/annotations/night_eval_manual_gt/1779449261622708480.json,night,manual_gt_legacy,False,True,
night_eval_manual_gt__1779449263958007040,capturenight06,data/pallet/raw_data/night/capturenight06/rgb/1779449263958007040.png,data/pallet/raw_data/night/capturenight06/rgb/1779449263724569088.png|data/pallet/raw_data/night/capturenight06/rgb/1779449263791058944.png|data/pallet/raw_data/night/capturenight06/rgb/1779449263857753856.png|data/pallet/raw_data/night/capturenight06/rgb/1779449264124525056.png|data/pallet/raw_data/night/capturenight06/rgb/1779449264191124736.png|data/pallet/raw_data/night/capturenight06/rgb/1779449264257982464.png,legacy_unverified/annotations/night_eval_manual_gt/1779449263958007040.json,night,manual_gt_legacy,False,True,
night_eval_manual_gt__1779449266426633216,capturenight06,data/pallet/raw_data/night/capturenight06/rgb/1779449266426633216.png,data/pallet/raw_data/night/capturenight06/rgb/1779449266092538112.png|data/pallet/raw_data/night/capturenight06/rgb/1779449266159333376.png|data/pallet/raw_data/night/capturenight06/rgb/1779449266259720448.png|data/pallet/raw_data/night/capturenight06/rgb/1779449266559952384.png|data/pallet/raw_data/night/capturenight06/rgb/1779449266626557184.png|data/pallet/raw_data/night/capturenight06/rgb/1779449266693243648.png,legacy_unverified/annotations/night_eval_manual_gt/1779449266426633216.json,night,manual_gt_legacy,False,True,
night_eval_manual_gt__1779449268560877056,capturenight06,data/pallet/raw_data/night/capturenight06/rgb/1779449268560877056.png,data/pallet/raw_data/night/capturenight06/rgb/1779449268360736768.png|data/pallet/raw_data/night/capturenight06/rgb/1779449268427726336.png|data/pallet/raw_data/night/capturenight06/rgb/1779449268494286336.png|data/pallet/raw_data/night/capturenight06/rgb/1779449268594439168.png|data/pallet/raw_data/night/capturenight06/rgb/1779449268694425344.png|data/pallet/raw_data/night/capturenight06/rgb/1779449268728015616.png,legacy_unverified/annotations/night_eval_manual_gt/1779449268560877056.json,night,manual_gt_legacy,False,True,
night_eval_manual_gt__1779449302793770240,capturenight07,data/pallet/raw_data/night/capturenight07/rgb/1779449302793770240.png,,legacy_unverified/annotations/night_eval_manual_gt/1779449302793770240.json,night,manual_gt_legacy,False,False,tracklet would cross the recording boundary
night_eval_manual_gt__1779449305228291328,capturenight07,data/pallet/raw_data/night/capturenight07/rgb/1779449305228291328.png,data/pallet/raw_data/night/capturenight07/rgb/1779449304994793728.png|data/pallet/raw_data/night/capturenight07/rgb/1779449305061510656.png|data/pallet/raw_data/night/capturenight07/rgb/1779449305161774336.png|data/pallet/raw_data/night/capturenight07/rgb/1779449305295054592.png|data/pallet/raw_data/night/capturenight07/rgb/1779449305361731584.png|data/pallet/raw_data/night/capturenight07/rgb/1779449305428557056.png,legacy_unverified/annotations/night_eval_manual_gt/1779449305228291328.json,night,manual_gt_legacy,False,True,
night_eval_manual_gt__1779449309498034944,capturenight07,data/pallet/raw_data/night/capturenight07/rgb/1779449309498034944.png,data/pallet/raw_data/night/capturenight07/rgb/1779449309297866240.png|data/pallet/raw_data/night/capturenight07/rgb/1779449309364539392.png|data/pallet/raw_data/night/capturenight07/rgb/1779449309431243776.png|data/pallet/raw_data/night/capturenight07/rgb/1779449309564768768.png|data/pallet/raw_data/night/capturenight07/rgb/1779449309631520000.png|data/pallet/raw_data/night/capturenight07/rgb/1779449309698076928.png,legacy_unverified/annotations/night_eval_manual_gt/1779449309498034944.json,night,manual_gt_legacy,False,True,
night_eval_manual_gt__1779449314101526272,capturenight07,data/pallet/raw_data/night/capturenight07/rgb/1779449314101526272.png,data/pallet/raw_data/night/capturenight07/rgb/1779449313901350144.png|data/pallet/raw_data/night/capturenight07/rgb/1779449313967844608.png|data/pallet/raw_data/night/capturenight07/rgb/1779449314034650880.png|data/pallet/raw_data/night/capturenight07/rgb/1779449314168224256.png|data/pallet/raw_data/night/capturenight07/rgb/1779449314268520704.png|data/pallet/raw_data/night/capturenight07/rgb/1779449314401818112.png,legacy_unverified/annotations/night_eval_manual_gt/1779449314101526272.json,night,manual_gt_legacy,False,True,
night_eval_manual_gt__1779449316336256768,capturenight07,data/pallet/raw_data/night/capturenight07/rgb/1779449316336256768.png,data/pallet/raw_data/night/capturenight07/rgb/1779449316136296192.png|data/pallet/raw_data/night/capturenight07/rgb/1779449316202717696.png|data/pallet/raw_data/night/capturenight07/rgb/1779449316269641984.png|data/pallet/raw_data/night/capturenight07/rgb/1779449316402849536.png|data/pallet/raw_data/night/capturenight07/rgb/1779449316469638912.png|data/pallet/raw_data/night/capturenight07/rgb/1779449316536368896.png,legacy_unverified/annotations/night_eval_manual_gt/1779449316336256768.json,night,manual_gt_legacy,False,True,
night_eval_manual_gt__1779449318604401920,capturenight07,data/pallet/raw_data/night/capturenight07/rgb/1779449318604401920.png,data/pallet/raw_data/night/capturenight07/rgb/1779449318404259072.png|data/pallet/raw_data/night/capturenight07/rgb/1779449318471123200.png|data/pallet/raw_data/night/capturenight07/rgb/1779449318537711616.png|data/pallet/raw_data/night/capturenight07/rgb/1779449318671271936.png|data/pallet/raw_data/night/capturenight07/rgb/1779449318771398400.png|data/pallet/raw_data/night/capturenight07/rgb/1779449318837782016.png,legacy_unverified/annotations/night_eval_manual_gt/1779449318604401920.json,night,manual_gt_legacy,False,True,
night_eval_manual_gt__1779449320806001408,capturenight07,data/pallet/raw_data/night/capturenight07/rgb/1779449320806001408.png,data/pallet/raw_data/night/capturenight07/rgb/1779449320605964032.png|data/pallet/raw_data/night/capturenight07/rgb/1779449320672584192.png|data/pallet/raw_data/night/capturenight07/rgb/1779449320739525632.png|data/pallet/raw_data/night/capturenight07/rgb/1779449320872825600.png|data/pallet/raw_data/night/capturenight07/rgb/1779449320939628288.png|data/pallet/raw_data/night/capturenight07/rgb/1779449321006185216.png,legacy_unverified/annotations/night_eval_manual_gt/1779449320806001408.json,night,manual_gt_legacy,False,True,
night_eval_manual_gt__1779449325409244928,capturenight07,data/pallet/raw_data/night/capturenight07/rgb/1779449325409244928.png,data/pallet/raw_data/night/capturenight07/rgb/1779449325108864512.png|data/pallet/raw_data/night/capturenight07/rgb/1779449325242669568.png|data/pallet/raw_data/night/capturenight07/rgb/1779449325342560768.png|data/pallet/raw_data/night/capturenight07/rgb/1779449325476149760.png|data/pallet/raw_data/night/capturenight07/rgb/1779449325542620160.png|data/pallet/raw_data/night/capturenight07/rgb/1779449325609343488.png,legacy_unverified/annotations/night_eval_manual_gt/1779449325409244928.json,night,manual_gt_legacy,False,True,
night_eval_manual_gt__1779449327510928384,capturenight07,data/pallet/raw_data/night/capturenight07/rgb/1779449327510928384.png,data/pallet/raw_data/night/capturenight07/rgb/1779449327243793408.png|data/pallet/raw_data/night/capturenight07/rgb/1779449327310711552.png|data/pallet/raw_data/night/capturenight07/rgb/1779449327377365248.png|data/pallet/raw_data/night/capturenight07/rgb/1779449327610870272.png|data/pallet/raw_data/night/capturenight07/rgb/1779449327710850816.png|data/pallet/raw_data/night/capturenight07/rgb/1779449327777536256.png,legacy_unverified/annotations/night_eval_manual_gt/1779449327510928384.json,night,manual_gt_legacy,False,True,
night_eval_manual_gt__1779449331847057152,capturenight07,data/pallet/raw_data/night/capturenight07/rgb/1779449331847057152.png,data/pallet/raw_data/night/capturenight07/rgb/1779449331646960640.png|data/pallet/raw_data/night/capturenight07/rgb/1779449331713645312.png|data/pallet/raw_data/night/capturenight07/rgb/1779449331780376064.png|data/pallet/raw_data/night/capturenight07/rgb/1779449331913881856.png|data/pallet/raw_data/night/capturenight07/rgb/1779449331980681216.png|data/pallet/raw_data/night/capturenight07/rgb/1779449332047401728.png,legacy_unverified/annotations/night_eval_manual_gt/1779449331847057152.json,night,manual_gt_legacy,False,True,
night_eval_manual_gt__1779449334048644864,capturenight07,data/pallet/raw_data/night/capturenight07/rgb/1779449334048644864.png,data/pallet/raw_data/night/capturenight07/rgb/1779449333848690944.png|data/pallet/raw_data/night/capturenight07/rgb/1779449333915431168.png|data/pallet/raw_data/night/capturenight07/rgb/1779449333981873920.png|data/pallet/raw_data/night/capturenight07/rgb/1779449334115422976.png|data/pallet/raw_data/night/capturenight07/rgb/1779449334249196032.png|data/pallet/raw_data/night/capturenight07/rgb/1779449334382394880.png,legacy_unverified/annotations/night_eval_manual_gt/1779449334048644864.json,night,manual_gt_legacy,False,True,
night_eval_manual_gt__1779449336550657792,capturenight07,data/pallet/raw_data/night/capturenight07/rgb/1779449336550657792.png,data/pallet/raw_data/night/capturenight07/rgb/1779449336350760704.png|data/pallet/raw_data/night/capturenight07/rgb/1779449336417098496.png|data/pallet/raw_data/night/capturenight07/rgb/1779449336483892736.png|data/pallet/raw_data/night/capturenight07/rgb/1779449336684196864.png|data/pallet/raw_data/night/capturenight07/rgb/1779449336784133120.png|data/pallet/raw_data/night/capturenight07/rgb/1779449336850662144.png,legacy_unverified/annotations/night_eval_manual_gt/1779449336550657792.json,night,manual_gt_legacy,False,True,
night_eval_manual_gt__1779449338785268736,capturenight07,data/pallet/raw_data/night/capturenight07/rgb/1779449338785268736.png,data/pallet/raw_data/night/capturenight07/rgb/1779449338585124352.png|data/pallet/raw_data/night/capturenight07/rgb/1779449338651844608.png|data/pallet/raw_data/night/capturenight07/rgb/1779449338718582272.png|data/pallet/raw_data/night/capturenight07/rgb/1779449338852098816.png|data/pallet/raw_data/night/capturenight07/rgb/1779449338985642240.png|data/pallet/raw_data/night/capturenight07/rgb/1779449339152440320.png,legacy_unverified/annotations/night_eval_manual_gt/1779449338785268736.json,night,manual_gt_legacy,False,True,
night_eval_manual_gt__1779449341220191744,capturenight07,data/pallet/raw_data/night/capturenight07/rgb/1779449341220191744.png,data/pallet/raw_data/night/capturenight07/rgb/1779449341053488384.png|data/pallet/raw_data/night/capturenight07/rgb/1779449341086842368.png|data/pallet/raw_data/night/capturenight07/rgb/1779449341153628928.png|data/pallet/raw_data/night/capturenight07/rgb/1779449341320570368.png|data/pallet/raw_data/night/capturenight07/rgb/1779449341387144448.png|data/pallet/raw_data/night/capturenight07/rgb/1779449341453793536.png,legacy_unverified/annotations/night_eval_manual_gt/1779449341220191744.json,night,manual_gt_legacy,False,True,
night_eval_manual_gt__1779449343555269120,capturenight07,data/pallet/raw_data/night/capturenight07/rgb/1779449343555269120.png,data/pallet/raw_data/night/capturenight07/rgb/1779449343321954816.png|data/pallet/raw_data/night/capturenight07/rgb/1779449343421926400.png|data/pallet/raw_data/night/capturenight07/rgb/1779449343488524800.png|data/pallet/raw_data/night/capturenight07/rgb/1779449343622032640.png|data/pallet/raw_data/night/capturenight07/rgb/1779449343722766336.png|data/pallet/raw_data/night/capturenight07/rgb/1779449343889220608.png,legacy_unverified/annotations/night_eval_manual_gt/1779449343555269120.json,night,manual_gt_legacy,False,True,
night_eval_manual_gt__1779449345790144768,capturenight07,data/pallet/raw_data/night/capturenight07/rgb/1779449345790144768.png,data/pallet/raw_data/night/capturenight07/rgb/1779449345590336768.png|data/pallet/raw_data/night/capturenight07/rgb/1779449345656779264.png|data/pallet/raw_data/night/capturenight07/rgb/1779449345723522560.png|data/pallet/raw_data/night/capturenight07/rgb/1779449345890345728.png|data/pallet/raw_data/night/capturenight07/rgb/1779449345957050368.png|data/pallet/raw_data/night/capturenight07/rgb/1779449346023913728.png,legacy_unverified/annotations/night_eval_manual_gt/1779449345790144768.json,night,manual_gt_legacy,False,True,
outside_eval_manual_gt__1778651516783228672,capturepallet02,data/pallet/raw_data/outside/capturepallet02/rgb/1778651516783228672.png,,legacy_unverified/annotations/outside_eval_manual_gt/1778651516783228672.json,unknown,eval_canonical_legacy,True,False,recording feeds PAPER_EVAL 319
outside_eval_manual_gt__1778651528574938624,capturepallet02,data/pallet/raw_data/outside/capturepallet02/rgb/1778651528574938624.png,,legacy_unverified/annotations/outside_eval_manual_gt/1778651528574938624.json,unknown,eval_canonical_legacy,True,False,recording feeds PAPER_EVAL 319
outside_eval_manual_gt__1778651530557153024,capturepallet02,data/pallet/raw_data/outside/capturepallet02/rgb/1778651530557153024.png,,legacy_unverified/annotations/outside_eval_manual_gt/1778651530557153024.json,unknown,eval_canonical_legacy,True,False,recording feeds PAPER_EVAL 319
outside_eval_manual_gt__1778651534387246080,capturepallet02,data/pallet/raw_data/outside/capturepallet02/rgb/1778651534387246080.png,,legacy_unverified/annotations/outside_eval_manual_gt/1778651534387246080.json,unknown,eval_canonical_legacy,True,False,recording feeds PAPER_EVAL 319
outside_eval_manual_gt__1778651571906584064,capturepallet03,data/pallet/raw_data/outside/capturepallet03/rgb/1778651571906584064.png,,legacy_unverified/annotations/outside_eval_manual_gt/1778651571906584064.json,unknown,eval_canonical_legacy,True,False,recording feeds PAPER_EVAL 319
outside_eval_manual_gt__1778651573855324672,capturepallet03,data/pallet/raw_data/outside/capturepallet03/rgb/1778651573855324672.png,,legacy_unverified/annotations/outside_eval_manual_gt/1778651573855324672.json,unknown,eval_canonical_legacy,True,False,recording feeds PAPER_EVAL 319
outside_eval_manual_gt__1778651577517179648,capturepallet03,data/pallet/raw_data/outside/capturepallet03/rgb/1778651577517179648.png,,legacy_unverified/annotations/outside_eval_manual_gt/1778651577517179648.json,unknown,eval_canonical_legacy,True,False,recording feeds PAPER_EVAL 319
outside_eval_manual_gt__1778651579432408064,capturepallet03,data/pallet/raw_data/outside/capturepallet03/rgb/1778651579432408064.png,,legacy_unverified/annotations/outside_eval_manual_gt/1778651579432408064.json,unknown,eval_canonical_legacy,True,False,recording feeds PAPER_EVAL 319
outside_eval_manual_gt__1778651583329453568,capturepallet03,data/pallet/raw_data/outside/capturepallet03/rgb/1778651583329453568.png,,legacy_unverified/annotations/outside_eval_manual_gt/1778651583329453568.json,unknown,eval_canonical_legacy,True,False,recording feeds PAPER_EVAL 319
outside_eval_manual_gt__1778651585345475584,capturepallet03,data/pallet/raw_data/outside/capturepallet03/rgb/1778651585345475584.png,,legacy_unverified/annotations/outside_eval_manual_gt/1778651585345475584.json,unknown,eval_canonical_legacy,True,False,recording feeds PAPER_EVAL 319
outside_eval_manual_gt__1778651587361112320,capturepallet03,data/pallet/raw_data/outside/capturepallet03/rgb/1778651587361112320.png,,legacy_unverified/annotations/outside_eval_manual_gt/1778651587361112320.json,unknown,eval_canonical_legacy,True,False,recording feeds PAPER_EVAL 319
outside_eval_manual_gt__1778651607668742912,capturepallet04,data/pallet/raw_data/outside/capturepallet04/rgb/1778651607668742912.png,,legacy_unverified/annotations/outside_eval_manual_gt/1778651607668742912.json,unknown,eval_canonical_legacy,True,False,recording feeds PAPER_EVAL 319
outside_eval_manual_gt__1778651609885579008,capturepallet04,data/pallet/raw_data/outside/capturepallet04/rgb/1778651609885579008.png,,legacy_unverified/annotations/outside_eval_manual_gt/1778651609885579008.json,unknown,eval_canonical_legacy,True,False,recording feeds PAPER_EVAL 319
outside_eval_manual_gt__1778651611935350016,capturepallet04,data/pallet/raw_data/outside/capturepallet04/rgb/1778651611935350016.png,,legacy_unverified/annotations/outside_eval_manual_gt/1778651611935350016.json,unknown,eval_canonical_legacy,True,False,recording feeds PAPER_EVAL 319
outside_eval_manual_gt__1778651614152548352,capturepallet04,data/pallet/raw_data/outside/capturepallet04/rgb/1778651614152548352.png,,legacy_unverified/annotations/outside_eval_manual_gt/1778651614152548352.json,unknown,eval_canonical_legacy,True,False,recording feeds PAPER_EVAL 319
outside_eval_manual_gt__1778651616134528000,capturepallet04,data/pallet/raw_data/outside/capturepallet04/rgb/1778651616134528000.png,,legacy_unverified/annotations/outside_eval_manual_gt/1778651616134528000.json,unknown,eval_canonical_legacy,True,False,recording feeds PAPER_EVAL 319
outside_eval_manual_gt__1778651641769099008,capturepallet05,data/pallet/raw_data/outside/capturepallet05/rgb/1778651641769099008.png,,legacy_unverified/annotations/outside_eval_manual_gt/1778651641769099008.json,unknown,eval_canonical_legacy,True,False,recording feeds PAPER_EVAL 319
outside_eval_manual_gt__1778651643683196416,capturepallet05,data/pallet/raw_data/outside/capturepallet05/rgb/1778651643683196416.png,,legacy_unverified/annotations/outside_eval_manual_gt/1778651643683196416.json,unknown,eval_canonical_legacy,True,False,recording feeds PAPER_EVAL 319
outside_eval_manual_gt__1778651649495359744,capturepallet05,data/pallet/raw_data/outside/capturepallet05/rgb/1778651649495359744.png,,legacy_unverified/annotations/outside_eval_manual_gt/1778651649495359744.json,unknown,eval_canonical_legacy,True,False,recording feeds PAPER_EVAL 319
outside_eval_manual_gt__1778651661590473216,capturepallet05,data/pallet/raw_data/outside/capturepallet05/rgb/1778651661590473216.png,,legacy_unverified/annotations/outside_eval_manual_gt/1778651661590473216.json,unknown,eval_canonical_legacy,True,False,recording feeds PAPER_EVAL 319
outside_eval_manual_gt__1778653390451955456,capturepallet08,data/pallet/raw_data/outside/capturepallet08/rgb/1778653390451955456.png,,legacy_unverified/annotations/outside_eval_manual_gt/1778653390451955456.json,unknown,eval_canonical_legacy,True,False,recording feeds PAPER_EVAL 319
outside_eval_manual_gt__1778653424183454208,capturepallet08,data/pallet/raw_data/outside/capturepallet08/rgb/1778653424183454208.png,,legacy_unverified/annotations/outside_eval_manual_gt/1778653424183454208.json,unknown,eval_canonical_legacy,True,False,recording feeds PAPER_EVAL 319
outside_eval_manual_gt__1778653427207115264,capturepallet08,data/pallet/raw_data/outside/capturepallet08/rgb/1778653427207115264.png,,legacy_unverified/annotations/outside_eval_manual_gt/1778653427207115264.json,unknown,eval_canonical_legacy,True,False,recording feeds PAPER_EVAL 319
outside_eval_manual_gt__1778653429693238272,capturepallet08,data/pallet/raw_data/outside/capturepallet08/rgb/1778653429693238272.png,,legacy_unverified/annotations/outside_eval_manual_gt/1778653429693238272.json,unknown,eval_canonical_legacy,True,False,recording feeds PAPER_EVAL 319
outside_eval_manual_gt__1778653453647432960,capturepallet08,data/pallet/raw_data/outside/capturepallet08/rgb/1778653453647432960.png,,legacy_unverified/annotations/outside_eval_manual_gt/1778653453647432960.json,unknown,eval_canonical_legacy,True,False,recording feeds PAPER_EVAL 319
outside_eval_manual_gt__1778653458082420992,capturepallet08,data/pallet/raw_data/outside/capturepallet08/rgb/1778653458082420992.png,,legacy_unverified/annotations/outside_eval_manual_gt/1778653458082420992.json,unknown,eval_canonical_legacy,True,False,recording feeds PAPER_EVAL 319
outside_eval_manual_gt__1778653524402450688,capturepallet08,data/pallet/raw_data/outside/capturepallet08/rgb/1778653524402450688.png,,legacy_unverified/annotations/outside_eval_manual_gt/1778653524402450688.json,unknown,eval_canonical_legacy,True,False,recording feeds PAPER_EVAL 319
outside_eval_manual_gt__1778653526754124544,capturepallet08,data/pallet/raw_data/outside/capturepallet08/rgb/1778653526754124544.png,,legacy_unverified/annotations/outside_eval_manual_gt/1778653526754124544.json,unknown,eval_canonical_legacy,True,False,recording feeds PAPER_EVAL 319
outside_eval_manual_gt__1778653547248477440,capturepallet08,data/pallet/raw_data/outside/capturepallet08/rgb/1778653547248477440.png,,legacy_unverified/annotations/outside_eval_manual_gt/1778653547248477440.json,unknown,eval_canonical_legacy,True,False,recording feeds PAPER_EVAL 319
outside_eval_manual_gt__1778653554639401216,capturepallet08,data/pallet/raw_data/outside/capturepallet08/rgb/1778653554639401216.png,,legacy_unverified/annotations/outside_eval_manual_gt/1778653554639401216.json,unknown,eval_canonical_legacy,True,False,recording feeds PAPER_EVAL 319
outside_eval_manual_gt__1778653557293510656,capturepallet08,data/pallet/raw_data/outside/capturepallet08/rgb/1778653557293510656.png,,legacy_unverified/annotations/outside_eval_manual_gt/1778653557293510656.json,unknown,eval_canonical_legacy,True,False,recording feeds PAPER_EVAL 319
outside_eval_manual_gt__1778653560115684096,capturepallet08,data/pallet/raw_data/outside/capturepallet08/rgb/1778653560115684096.png,,legacy_unverified/annotations/outside_eval_manual_gt/1778653560115684096.json,unknown,eval_canonical_legacy,True,False,recording feeds PAPER_EVAL 319
pallet11_gt__1778654556961287168,capturepallet11,data/pallet/raw_data/outside/capturepallet11/rgb/1778654556961287168.png,,legacy_unverified/annotations/pallet11_gt/1778654556961287168.json,unknown,manual_gt_legacy,True,False,known-broken annotation set
pallet11_gt__1778654557095835648,capturepallet11,data/pallet/raw_data/outside/capturepallet11/rgb/1778654557095835648.png,,legacy_unverified/annotations/pallet11_gt/1778654557095835648.json,unknown,manual_gt_legacy,True,False,known-broken annotation set
pallet11_gt__1778654557633476096,capturepallet11,data/pallet/raw_data/outside/capturepallet11/rgb/1778654557633476096.png,,legacy_unverified/annotations/pallet11_gt/1778654557633476096.json,unknown,manual_gt_legacy,True,False,known-broken annotation set
pallet11_gt__1778654557801188096,capturepallet11,data/pallet/raw_data/outside/capturepallet11/rgb/1778654557801188096.png,,legacy_unverified/annotations/pallet11_gt/1778654557801188096.json,unknown,manual_gt_legacy,True,False,known-broken annotation set
pallet11_gt__1778654557868730624,capturepallet11,data/pallet/raw_data/outside/capturepallet11/rgb/1778654557868730624.png,,legacy_unverified/annotations/pallet11_gt/1778654557868730624.json,unknown,manual_gt_legacy,True,False,known-broken annotation set
pallet11_gt__1778654558305478144,capturepallet11,data/pallet/raw_data/outside/capturepallet11/rgb/1778654558305478144.png,,legacy_unverified/annotations/pallet11_gt/1778654558305478144.json,unknown,manual_gt_legacy,True,False,known-broken annotation set
pallet11_gt__1778654558943664384,capturepallet11,data/pallet/raw_data/outside/capturepallet11/rgb/1778654558943664384.png,,legacy_unverified/annotations/pallet11_gt/1778654558943664384.json,unknown,manual_gt_legacy,True,False,known-broken annotation set
pallet11_gt__1778654559481424896,capturepallet11,data/pallet/raw_data/outside/capturepallet11/rgb/1778654559481424896.png,,legacy_unverified/annotations/pallet11_gt/1778654559481424896.json,unknown,manual_gt_legacy,True,False,known-broken annotation set
pallet11_gt__1778654559682851584,capturepallet11,data/pallet/raw_data/outside/capturepallet11/rgb/1778654559682851584.png,,legacy_unverified/annotations/pallet11_gt/1778654559682851584.json,unknown,manual_gt_legacy,True,False,known-broken annotation set
pallet11_gt__1778654560119460352,capturepallet11,data/pallet/raw_data/outside/capturepallet11/rgb/1778654560119460352.png,,legacy_unverified/annotations/pallet11_gt/1778654560119460352.json,unknown,manual_gt_legacy,True,False,known-broken annotation set
pallet11_gt__1778654562101951744,capturepallet11,data/pallet/raw_data/outside/capturepallet11/rgb/1778654562101951744.png,,legacy_unverified/annotations/pallet11_gt/1778654562101951744.json,unknown,manual_gt_legacy,True,False,known-broken annotation set
pallet11_gt__1778654562404179200,capturepallet11,data/pallet/raw_data/outside/capturepallet11/rgb/1778654562404179200.png,,legacy_unverified/annotations/pallet11_gt/1778654562404179200.json,unknown,manual_gt_legacy,True,False,known-broken annotation set
pallet11_gt__1778654562471191808,capturepallet11,data/pallet/raw_data/outside/capturepallet11/rgb/1778654562471191808.png,,legacy_unverified/annotations/pallet11_gt/1778654562471191808.json,unknown,manual_gt_legacy,True,False,known-broken annotation set
pallet11_gt__1778654562504733184,capturepallet11,data/pallet/raw_data/outside/capturepallet11/rgb/1778654562504733184.png,,legacy_unverified/annotations/pallet11_gt/1778654562504733184.json,unknown,manual_gt_legacy,True,False,known-broken annotation set
pallet11_gt__1778654563546398464,capturepallet11,data/pallet/raw_data/outside/capturepallet11/rgb/1778654563546398464.png,,legacy_unverified/annotations/pallet11_gt/1778654563546398464.json,unknown,manual_gt_legacy,True,False,known-broken annotation set
pallet11_gt__1778654563613624576,capturepallet11,data/pallet/raw_data/outside/capturepallet11/rgb/1778654563613624576.png,,legacy_unverified/annotations/pallet11_gt/1778654563613624576.json,unknown,manual_gt_legacy,True,False,known-broken annotation set
pallet11_gt__1778654563647095552,capturepallet11,data/pallet/raw_data/outside/capturepallet11/rgb/1778654563647095552.png,,legacy_unverified/annotations/pallet11_gt/1778654563647095552.json,unknown,manual_gt_legacy,True,False,known-broken annotation set
pallet11_gt__1778654563714262784,capturepallet11,data/pallet/raw_data/outside/capturepallet11/rgb/1778654563714262784.png,,legacy_unverified/annotations/pallet11_gt/1778654563714262784.json,unknown,manual_gt_legacy,True,False,known-broken annotation set
pallet11_gt__1778654563781773568,capturepallet11,data/pallet/raw_data/outside/capturepallet11/rgb/1778654563781773568.png,,legacy_unverified/annotations/pallet11_gt/1778654563781773568.json,unknown,manual_gt_legacy,True,False,known-broken annotation set
pallet11_gt__1778654563848655104,capturepallet11,data/pallet/raw_data/outside/capturepallet11/rgb/1778654563848655104.png,,legacy_unverified/annotations/pallet11_gt/1778654563848655104.json,unknown,manual_gt_legacy,True,False,known-broken annotation set
pallet11_gt__1778654563915926016,capturepallet11,data/pallet/raw_data/outside/capturepallet11/rgb/1778654563915926016.png,,legacy_unverified/annotations/pallet11_gt/1778654563915926016.json,unknown,manual_gt_legacy,True,False,known-broken annotation set
pallet11_gt__1778654564050290176,capturepallet11,data/pallet/raw_data/outside/capturepallet11/rgb/1778654564050290176.png,,legacy_unverified/annotations/pallet11_gt/1778654564050290176.json,unknown,manual_gt_legacy,True,False,known-broken annotation set
pallet11_gt__1778654564117577984,capturepallet11,data/pallet/raw_data/outside/capturepallet11/rgb/1778654564117577984.png,,legacy_unverified/annotations/pallet11_gt/1778654564117577984.json,unknown,manual_gt_legacy,True,False,known-broken annotation set
pallet11_gt__1778654564251808256,capturepallet11,data/pallet/raw_data/outside/capturepallet11/rgb/1778654564251808256.png,,legacy_unverified/annotations/pallet11_gt/1778654564251808256.json,unknown,manual_gt_legacy,True,False,known-broken annotation set
pallet11_gt__1778654564319096064,capturepallet11,data/pallet/raw_data/outside/capturepallet11/rgb/1778654564319096064.png,,legacy_unverified/annotations/pallet11_gt/1778654564319096064.json,unknown,manual_gt_legacy,True,False,known-broken annotation set
pallet11_gt__1778654564386439680,capturepallet11,data/pallet/raw_data/outside/capturepallet11/rgb/1778654564386439680.png,,legacy_unverified/annotations/pallet11_gt/1778654564386439680.json,unknown,manual_gt_legacy,True,False,known-broken annotation set
pallet11_gt__1778654564856418816,capturepallet11,data/pallet/raw_data/outside/capturepallet11/rgb/1778654564856418816.png,,legacy_unverified/annotations/pallet11_gt/1778654564856418816.json,unknown,manual_gt_legacy,True,False,known-broken annotation set
pallet11_gt__1778654564923753984,capturepallet11,data/pallet/raw_data/outside/capturepallet11/rgb/1778654564923753984.png,,legacy_unverified/annotations/pallet11_gt/1778654564923753984.json,unknown,manual_gt_legacy,True,False,known-broken annotation set
pallet11_gt__1778654565662959104,capturepallet11,data/pallet/raw_data/outside/capturepallet11/rgb/1778654565662959104.png,,legacy_unverified/annotations/pallet11_gt/1778654565662959104.json,unknown,manual_gt_legacy,True,False,known-broken annotation set
pallet11_gt__1778654566167167232,capturepallet11,data/pallet/raw_data/outside/capturepallet11/rgb/1778654566167167232.png,,legacy_unverified/annotations/pallet11_gt/1778654566167167232.json,unknown,manual_gt_legacy,True,False,known-broken annotation set
pallet11_gt__1778654566469200640,capturepallet11,data/pallet/raw_data/outside/capturepallet11/rgb/1778654566469200640.png,,legacy_unverified/annotations/pallet11_gt/1778654566469200640.json,unknown,manual_gt_legacy,True,False,known-broken annotation set
pallet11_gt__1778654566536434176,capturepallet11,data/pallet/raw_data/outside/capturepallet11/rgb/1778654566536434176.png,,legacy_unverified/annotations/pallet11_gt/1778654566536434176.json,unknown,manual_gt_legacy,True,False,known-broken annotation set
pallet11_gt__1778654566906248704,capturepallet11,data/pallet/raw_data/outside/capturepallet11/rgb/1778654566906248704.png,,legacy_unverified/annotations/pallet11_gt/1778654566906248704.json,unknown,manual_gt_legacy,True,False,known-broken annotation set
pallet11_gt__1778654567309250048,capturepallet11,data/pallet/raw_data/outside/capturepallet11/rgb/1778654567309250048.png,,legacy_unverified/annotations/pallet11_gt/1778654567309250048.json,unknown,manual_gt_legacy,True,False,known-broken annotation set
pallet11_gt__1778654567376455680,capturepallet11,data/pallet/raw_data/outside/capturepallet11/rgb/1778654567376455680.png,,legacy_unverified/annotations/pallet11_gt/1778654567376455680.json,unknown,manual_gt_legacy,True,False,known-broken annotation set
pallet11_gt__1778654567578362880,capturepallet11,data/pallet/raw_data/outside/capturepallet11/rgb/1778654567578362880.png,,legacy_unverified/annotations/pallet11_gt/1778654567578362880.json,unknown,manual_gt_legacy,True,False,known-broken annotation set
pallet11_gt__1778654567746037504,capturepallet11,data/pallet/raw_data/outside/capturepallet11/rgb/1778654567746037504.png,,legacy_unverified/annotations/pallet11_gt/1778654567746037504.json,unknown,manual_gt_legacy,True,False,known-broken annotation set
pallet11_gt__1778654567947679232,capturepallet11,data/pallet/raw_data/outside/capturepallet11/rgb/1778654567947679232.png,,legacy_unverified/annotations/pallet11_gt/1778654567947679232.json,unknown,manual_gt_legacy,True,False,known-broken annotation set
pallet11_gt__1778654568081997568,capturepallet11,data/pallet/raw_data/outside/capturepallet11/rgb/1778654568081997568.png,,legacy_unverified/annotations/pallet11_gt/1778654568081997568.json,unknown,manual_gt_legacy,True,False,known-broken annotation set
pallet11_gt__1778654568149134592,capturepallet11,data/pallet/raw_data/outside/capturepallet11/rgb/1778654568149134592.png,,legacy_unverified/annotations/pallet11_gt/1778654568149134592.json,unknown,manual_gt_legacy,True,False,known-broken annotation set
pallet11_gt__1778654568249900288,capturepallet11,data/pallet/raw_data/outside/capturepallet11/rgb/1778654568249900288.png,,legacy_unverified/annotations/pallet11_gt/1778654568249900288.json,unknown,manual_gt_legacy,True,False,known-broken annotation set
pallet11_gt__1778654568418318848,capturepallet11,data/pallet/raw_data/outside/capturepallet11/rgb/1778654568418318848.png,,legacy_unverified/annotations/pallet11_gt/1778654568418318848.json,unknown,manual_gt_legacy,True,False,known-broken annotation set
pallet11_gt__1778654568518767104,capturepallet11,data/pallet/raw_data/outside/capturepallet11/rgb/1778654568518767104.png,,legacy_unverified/annotations/pallet11_gt/1778654568518767104.json,unknown,manual_gt_legacy,True,False,known-broken annotation set
pallet11_gt__1778654568585801728,capturepallet11,data/pallet/raw_data/outside/capturepallet11/rgb/1778654568585801728.png,,legacy_unverified/annotations/pallet11_gt/1778654568585801728.json,unknown,manual_gt_legacy,True,False,known-broken annotation set
pallet11_gt__1778654568653283328,capturepallet11,data/pallet/raw_data/outside/capturepallet11/rgb/1778654568653283328.png,,legacy_unverified/annotations/pallet11_gt/1778654568653283328.json,unknown,manual_gt_legacy,True,False,known-broken annotation set
pallet11_gt__1778654568720258048,capturepallet11,data/pallet/raw_data/outside/capturepallet11/rgb/1778654568720258048.png,,legacy_unverified/annotations/pallet11_gt/1778654568720258048.json,unknown,manual_gt_legacy,True,False,known-broken annotation set
pallet11_gt__1778654568921939200,capturepallet11,data/pallet/raw_data/outside/capturepallet11/rgb/1778654568921939200.png,,legacy_unverified/annotations/pallet11_gt/1778654568921939200.json,unknown,manual_gt_legacy,True,False,known-broken annotation set
pallet11_gt__1778654568989161728,capturepallet11,data/pallet/raw_data/outside/capturepallet11/rgb/1778654568989161728.png,,legacy_unverified/annotations/pallet11_gt/1778654568989161728.json,unknown,manual_gt_legacy,True,False,known-broken annotation set
pallet11_gt__1778654569056366080,capturepallet11,data/pallet/raw_data/outside/capturepallet11/rgb/1778654569056366080.png,,legacy_unverified/annotations/pallet11_gt/1778654569056366080.json,unknown,manual_gt_legacy,True,False,known-broken annotation set
pallet11_gt__1778654569224397824,capturepallet11,data/pallet/raw_data/outside/capturepallet11/rgb/1778654569224397824.png,,legacy_unverified/annotations/pallet11_gt/1778654569224397824.json,unknown,manual_gt_legacy,True,False,known-broken annotation set
pallet11_gt__1778654569392242176,capturepallet11,data/pallet/raw_data/outside/capturepallet11/rgb/1778654569392242176.png,,legacy_unverified/annotations/pallet11_gt/1778654569392242176.json,unknown,manual_gt_legacy,True,False,known-broken annotation set
pallet11_gt__1778654569459179264,capturepallet11,data/pallet/raw_data/outside/capturepallet11/rgb/1778654569459179264.png,,legacy_unverified/annotations/pallet11_gt/1778654569459179264.json,unknown,manual_gt_legacy,True,False,known-broken annotation set
pallet11_gt__1778654569526403584,capturepallet11,data/pallet/raw_data/outside/capturepallet11/rgb/1778654569526403584.png,,legacy_unverified/annotations/pallet11_gt/1778654569526403584.json,unknown,manual_gt_legacy,True,False,known-broken annotation set
pallet11_gt__1778654569593627904,capturepallet11,data/pallet/raw_data/outside/capturepallet11/rgb/1778654569593627904.png,,legacy_unverified/annotations/pallet11_gt/1778654569593627904.json,unknown,manual_gt_legacy,True,False,known-broken annotation set
pallet11_gt__1778654569660779520,capturepallet11,data/pallet/raw_data/outside/capturepallet11/rgb/1778654569660779520.png,,legacy_unverified/annotations/pallet11_gt/1778654569660779520.json,unknown,manual_gt_legacy,True,False,known-broken annotation set
pallet11_gt__1778654569728078848,capturepallet11,data/pallet/raw_data/outside/capturepallet11/rgb/1778654569728078848.png,,legacy_unverified/annotations/pallet11_gt/1778654569728078848.json,unknown,manual_gt_legacy,True,False,known-broken annotation set
pallet11_gt__1778654569795190528,capturepallet11,data/pallet/raw_data/outside/capturepallet11/rgb/1778654569795190528.png,,legacy_unverified/annotations/pallet11_gt/1778654569795190528.json,unknown,manual_gt_legacy,True,False,known-broken annotation set
pallet11_gt__1778654569828684800,capturepallet11,data/pallet/raw_data/outside/capturepallet11/rgb/1778654569828684800.png,,legacy_unverified/annotations/pallet11_gt/1778654569828684800.json,unknown,manual_gt_legacy,True,False,known-broken annotation set
pallet11_gt__1778654569896061440,capturepallet11,data/pallet/raw_data/outside/capturepallet11/rgb/1778654569896061440.png,,legacy_unverified/annotations/pallet11_gt/1778654569896061440.json,unknown,manual_gt_legacy,True,False,known-broken annotation set
pallet11_gt__1778654569963199744,capturepallet11,data/pallet/raw_data/outside/capturepallet11/rgb/1778654569963199744.png,,legacy_unverified/annotations/pallet11_gt/1778654569963199744.json,unknown,manual_gt_legacy,True,False,known-broken annotation set
pallet11_gt__1778654570064192768,capturepallet11,data/pallet/raw_data/outside/capturepallet11/rgb/1778654570064192768.png,,legacy_unverified/annotations/pallet11_gt/1778654570064192768.json,unknown,manual_gt_legacy,True,False,known-broken annotation set
pallet11_gt__1778654570131188480,capturepallet11,data/pallet/raw_data/outside/capturepallet11/rgb/1778654570131188480.png,,legacy_unverified/annotations/pallet11_gt/1778654570131188480.json,unknown,manual_gt_legacy,True,False,known-broken annotation set
pallet11_gt__1778654570232158464,capturepallet11,data/pallet/raw_data/outside/capturepallet11/rgb/1778654570232158464.png,,legacy_unverified/annotations/pallet11_gt/1778654570232158464.json,unknown,manual_gt_legacy,True,False,known-broken annotation set
pallet11_gt__1778654570299178752,capturepallet11,data/pallet/raw_data/outside/capturepallet11/rgb/1778654570299178752.png,,legacy_unverified/annotations/pallet11_gt/1778654570299178752.json,unknown,manual_gt_legacy,True,False,known-broken annotation set
pallet11_gt__1778654570366325760,capturepallet11,data/pallet/raw_data/outside/capturepallet11/rgb/1778654570366325760.png,,legacy_unverified/annotations/pallet11_gt/1778654570366325760.json,unknown,manual_gt_legacy,True,False,known-broken annotation set
pallet11_gt__1778654570433658624,capturepallet11,data/pallet/raw_data/outside/capturepallet11/rgb/1778654570433658624.png,,legacy_unverified/annotations/pallet11_gt/1778654570433658624.json,unknown,manual_gt_legacy,True,False,known-broken annotation set
pallet11_gt__1778654570500677376,capturepallet11,data/pallet/raw_data/outside/capturepallet11/rgb/1778654570500677376.png,,legacy_unverified/annotations/pallet11_gt/1778654570500677376.json,unknown,manual_gt_legacy,True,False,known-broken annotation set
pallet11_gt__1778654570568186368,capturepallet11,data/pallet/raw_data/outside/capturepallet11/rgb/1778654570568186368.png,,legacy_unverified/annotations/pallet11_gt/1778654570568186368.json,unknown,manual_gt_legacy,True,False,known-broken annotation set
pallet11_gt__1778654570635153408,capturepallet11,data/pallet/raw_data/outside/capturepallet11/rgb/1778654570635153408.png,,legacy_unverified/annotations/pallet11_gt/1778654570635153408.json,unknown,manual_gt_legacy,True,False,known-broken annotation set
pallet11_gt__1778654570702294784,capturepallet11,data/pallet/raw_data/outside/capturepallet11/rgb/1778654570702294784.png,,legacy_unverified/annotations/pallet11_gt/1778654570702294784.json,unknown,manual_gt_legacy,True,False,known-broken annotation set
pallet11_gt__1778654570769996032,capturepallet11,data/pallet/raw_data/outside/capturepallet11/rgb/1778654570769996032.png,,legacy_unverified/annotations/pallet11_gt/1778654570769996032.json,unknown,manual_gt_legacy,True,False,known-broken annotation set
pallet11_gt__1778654570870355200,capturepallet11,data/pallet/raw_data/outside/capturepallet11/rgb/1778654570870355200.png,,legacy_unverified/annotations/pallet11_gt/1778654570870355200.json,unknown,manual_gt_legacy,True,False,known-broken annotation set
pallet11_gt__1778654570937508864,capturepallet11,data/pallet/raw_data/outside/capturepallet11/rgb/1778654570937508864.png,,legacy_unverified/annotations/pallet11_gt/1778654570937508864.json,unknown,manual_gt_legacy,True,False,known-broken annotation set
pallet11_gt__1778654571004770304,capturepallet11,data/pallet/raw_data/outside/capturepallet11/rgb/1778654571004770304.png,,legacy_unverified/annotations/pallet11_gt/1778654571004770304.json,unknown,manual_gt_legacy,True,False,known-broken annotation set
pallet11_gt__1778654571105585920,capturepallet11,data/pallet/raw_data/outside/capturepallet11/rgb/1778654571105585920.png,,legacy_unverified/annotations/pallet11_gt/1778654571105585920.json,unknown,manual_gt_legacy,True,False,known-broken annotation set
pallet11_gt__1778654571139292416,capturepallet11,data/pallet/raw_data/outside/capturepallet11/rgb/1778654571139292416.png,,legacy_unverified/annotations/pallet11_gt/1778654571139292416.json,unknown,manual_gt_legacy,True,False,known-broken annotation set
pallet11_gt__1778654571206541312,capturepallet11,data/pallet/raw_data/outside/capturepallet11/rgb/1778654571206541312.png,,legacy_unverified/annotations/pallet11_gt/1778654571206541312.json,unknown,manual_gt_legacy,True,False,known-broken annotation set
pallet11_gt__1778654571273446656,capturepallet11,data/pallet/raw_data/outside/capturepallet11/rgb/1778654571273446656.png,,legacy_unverified/annotations/pallet11_gt/1778654571273446656.json,unknown,manual_gt_legacy,True,False,known-broken annotation set
pallet11_gt__1778654571340841216,capturepallet11,data/pallet/raw_data/outside/capturepallet11/rgb/1778654571340841216.png,,legacy_unverified/annotations/pallet11_gt/1778654571340841216.json,unknown,manual_gt_legacy,True,False,known-broken annotation set
pallet11_gt__1778654571509263872,capturepallet11,data/pallet/raw_data/outside/capturepallet11/rgb/1778654571509263872.png,,legacy_unverified/annotations/pallet11_gt/1778654571509263872.json,unknown,manual_gt_legacy,True,False,known-broken annotation set
pallet11_gt__1778654571643508736,capturepallet11,data/pallet/raw_data/outside/capturepallet11/rgb/1778654571643508736.png,,legacy_unverified/annotations/pallet11_gt/1778654571643508736.json,unknown,manual_gt_legacy,True,False,known-broken annotation set
pallet11_gt__1778654571710730752,capturepallet11,data/pallet/raw_data/outside/capturepallet11/rgb/1778654571710730752.png,,legacy_unverified/annotations/pallet11_gt/1778654571710730752.json,unknown,manual_gt_legacy,True,False,known-broken annotation set
pallet11_gt__1778654571777518336,capturepallet11,data/pallet/raw_data/outside/capturepallet11/rgb/1778654571777518336.png,,legacy_unverified/annotations/pallet11_gt/1778654571777518336.json,unknown,manual_gt_legacy,True,False,known-broken annotation set
pallet11_gt__1778654571844766976,capturepallet11,data/pallet/raw_data/outside/capturepallet11/rgb/1778654571844766976.png,,legacy_unverified/annotations/pallet11_gt/1778654571844766976.json,unknown,manual_gt_legacy,True,False,known-broken annotation set
pallet11_gt__1778654571911886080,capturepallet11,data/pallet/raw_data/outside/capturepallet11/rgb/1778654571911886080.png,,legacy_unverified/annotations/pallet11_gt/1778654571911886080.json,unknown,manual_gt_legacy,True,False,known-broken annotation set
pallet11_gt__1778654571979113216,capturepallet11,data/pallet/raw_data/outside/capturepallet11/rgb/1778654571979113216.png,,legacy_unverified/annotations/pallet11_gt/1778654571979113216.json,unknown,manual_gt_legacy,True,False,known-broken annotation set
pallet11_gt__1778654572046291712,capturepallet11,data/pallet/raw_data/outside/capturepallet11/rgb/1778654572046291712.png,,legacy_unverified/annotations/pallet11_gt/1778654572046291712.json,unknown,manual_gt_legacy,True,False,known-broken annotation set
pallet11_gt__1778654572180719872,capturepallet11,data/pallet/raw_data/outside/capturepallet11/rgb/1778654572180719872.png,,legacy_unverified/annotations/pallet11_gt/1778654572180719872.json,unknown,manual_gt_legacy,True,False,known-broken annotation set
pallet11_gt__1778654572349217536,capturepallet11,data/pallet/raw_data/outside/capturepallet11/rgb/1778654572349217536.png,,legacy_unverified/annotations/pallet11_gt/1778654572349217536.json,unknown,manual_gt_legacy,True,False,known-broken annotation set
pallet11_gt__1778654572483220992,capturepallet11,data/pallet/raw_data/outside/capturepallet11/rgb/1778654572483220992.png,,legacy_unverified/annotations/pallet11_gt/1778654572483220992.json,unknown,manual_gt_legacy,True,False,known-broken annotation set
pallet11_gt__1778654572584023808,capturepallet11,data/pallet/raw_data/outside/capturepallet11/rgb/1778654572584023808.png,,legacy_unverified/annotations/pallet11_gt/1778654572584023808.json,unknown,manual_gt_legacy,True,False,known-broken annotation set
pallet11_gt__1778654572651117312,capturepallet11,data/pallet/raw_data/outside/capturepallet11/rgb/1778654572651117312.png,,legacy_unverified/annotations/pallet11_gt/1778654572651117312.json,unknown,manual_gt_legacy,True,False,known-broken annotation set
pallet11_gt__1778654572718208512,capturepallet11,data/pallet/raw_data/outside/capturepallet11/rgb/1778654572718208512.png,,legacy_unverified/annotations/pallet11_gt/1778654572718208512.json,unknown,manual_gt_legacy,True,False,known-broken annotation set
pallet11_gt__1778654572785565696,capturepallet11,data/pallet/raw_data/outside/capturepallet11/rgb/1778654572785565696.png,,legacy_unverified/annotations/pallet11_gt/1778654572785565696.json,unknown,manual_gt_legacy,True,False,known-broken annotation set
pallet11_gt__1778654572852644096,capturepallet11,data/pallet/raw_data/outside/capturepallet11/rgb/1778654572852644096.png,,legacy_unverified/annotations/pallet11_gt/1778654572852644096.json,unknown,manual_gt_legacy,True,False,known-broken annotation set
pallet11_gt__1778654572953835776,capturepallet11,data/pallet/raw_data/outside/capturepallet11/rgb/1778654572953835776.png,,legacy_unverified/annotations/pallet11_gt/1778654572953835776.json,unknown,manual_gt_legacy,True,False,known-broken annotation set
pallet11_gt__1778654573088158720,capturepallet11,data/pallet/raw_data/outside/capturepallet11/rgb/1778654573088158720.png,,legacy_unverified/annotations/pallet11_gt/1778654573088158720.json,unknown,manual_gt_legacy,True,False,known-broken annotation set
pallet11_gt__1778654573188635392,capturepallet11,data/pallet/raw_data/outside/capturepallet11/rgb/1778654573188635392.png,,legacy_unverified/annotations/pallet11_gt/1778654573188635392.json,unknown,manual_gt_legacy,True,False,known-broken annotation set
pallet11_gt__1778654573222289920,capturepallet11,data/pallet/raw_data/outside/capturepallet11/rgb/1778654573222289920.png,,legacy_unverified/annotations/pallet11_gt/1778654573222289920.json,unknown,manual_gt_legacy,True,False,known-broken annotation set
pallet11_gt__1778654573289413120,capturepallet11,data/pallet/raw_data/outside/capturepallet11/rgb/1778654573289413120.png,,legacy_unverified/annotations/pallet11_gt/1778654573289413120.json,unknown,manual_gt_legacy,True,False,known-broken annotation set
pallet11_gt__1778654573356706816,capturepallet11,data/pallet/raw_data/outside/capturepallet11/rgb/1778654573356706816.png,,legacy_unverified/annotations/pallet11_gt/1778654573356706816.json,unknown,manual_gt_legacy,True,False,known-broken annotation set
pallet11_gt__1778654573423500032,capturepallet11,data/pallet/raw_data/outside/capturepallet11/rgb/1778654573423500032.png,,legacy_unverified/annotations/pallet11_gt/1778654573423500032.json,unknown,manual_gt_legacy,True,False,known-broken annotation set
pallet11_gt__1778654573490915584,capturepallet11,data/pallet/raw_data/outside/capturepallet11/rgb/1778654573490915584.png,,legacy_unverified/annotations/pallet11_gt/1778654573490915584.json,unknown,manual_gt_legacy,True,False,known-broken annotation set
pallet11_gt__1778654573557904896,capturepallet11,data/pallet/raw_data/outside/capturepallet11/rgb/1778654573557904896.png,,legacy_unverified/annotations/pallet11_gt/1778654573557904896.json,unknown,manual_gt_legacy,True,False,known-broken annotation set
pallet11_gt__1778654573692868864,capturepallet11,data/pallet/raw_data/outside/capturepallet11/rgb/1778654573692868864.png,,legacy_unverified/annotations/pallet11_gt/1778654573692868864.json,unknown,manual_gt_legacy,True,False,known-broken annotation set
pallet11_gt__1778654573827072000,capturepallet11,data/pallet/raw_data/outside/capturepallet11/rgb/1778654573827072000.png,,legacy_unverified/annotations/pallet11_gt/1778654573827072000.json,unknown,manual_gt_legacy,True,False,known-broken annotation set
pallet11_gt__1778654573995440896,capturepallet11,data/pallet/raw_data/outside/capturepallet11/rgb/1778654573995440896.png,,legacy_unverified/annotations/pallet11_gt/1778654573995440896.json,unknown,manual_gt_legacy,True,False,known-broken annotation set
pallet11_gt__1778654574062139136,capturepallet11,data/pallet/raw_data/outside/capturepallet11/rgb/1778654574062139136.png,,legacy_unverified/annotations/pallet11_gt/1778654574062139136.json,unknown,manual_gt_legacy,True,False,known-broken annotation set
pallet11_gt__1778654574129279488,capturepallet11,data/pallet/raw_data/outside/capturepallet11/rgb/1778654574129279488.png,,legacy_unverified/annotations/pallet11_gt/1778654574129279488.json,unknown,manual_gt_legacy,True,False,known-broken annotation set
pallet11_gt__1778654574196474112,capturepallet11,data/pallet/raw_data/outside/capturepallet11/rgb/1778654574196474112.png,,legacy_unverified/annotations/pallet11_gt/1778654574196474112.json,unknown,manual_gt_legacy,True,False,known-broken annotation set
pallet11_gt__1778654574263645184,capturepallet11,data/pallet/raw_data/outside/capturepallet11/rgb/1778654574263645184.png,,legacy_unverified/annotations/pallet11_gt/1778654574263645184.json,unknown,manual_gt_legacy,True,False,known-broken annotation set
pallet11_gt__1778654574330727168,capturepallet11,data/pallet/raw_data/outside/capturepallet11/rgb/1778654574330727168.png,,legacy_unverified/annotations/pallet11_gt/1778654574330727168.json,unknown,manual_gt_legacy,True,False,known-broken annotation set
pallet11_gt__1778654574398107648,capturepallet11,data/pallet/raw_data/outside/capturepallet11/rgb/1778654574398107648.png,,legacy_unverified/annotations/pallet11_gt/1778654574398107648.json,unknown,manual_gt_legacy,True,False,known-broken annotation set
pallet11_gt__1778654574465139968,capturepallet11,data/pallet/raw_data/outside/capturepallet11/rgb/1778654574465139968.png,,legacy_unverified/annotations/pallet11_gt/1778654574465139968.json,unknown,manual_gt_legacy,True,False,known-broken annotation set
pallet11_gt__1778654574532382720,capturepallet11,data/pallet/raw_data/outside/capturepallet11/rgb/1778654574532382720.png,,legacy_unverified/annotations/pallet11_gt/1778654574532382720.json,unknown,manual_gt_legacy,True,False,known-broken annotation set
pallet11_gt__1778654574599763200,capturepallet11,data/pallet/raw_data/outside/capturepallet11/rgb/1778654574599763200.png,,legacy_unverified/annotations/pallet11_gt/1778654574599763200.json,unknown,manual_gt_legacy,True,False,known-broken annotation set
pallet11_gt__1778654574700957952,capturepallet11,data/pallet/raw_data/outside/capturepallet11/rgb/1778654574700957952.png,,legacy_unverified/annotations/pallet11_gt/1778654574700957952.json,unknown,manual_gt_legacy,True,False,known-broken annotation set
pallet11_gt__1778654574767753728,capturepallet11,data/pallet/raw_data/outside/capturepallet11/rgb/1778654574767753728.png,,legacy_unverified/annotations/pallet11_gt/1778654574767753728.json,unknown,manual_gt_legacy,True,False,known-broken annotation set
pallet11_gt__1778654574834941184,capturepallet11,data/pallet/raw_data/outside/capturepallet11/rgb/1778654574834941184.png,,legacy_unverified/annotations/pallet11_gt/1778654574834941184.json,unknown,manual_gt_legacy,True,False,known-broken annotation set
pallet11_gt__1778654574935563776,capturepallet11,data/pallet/raw_data/outside/capturepallet11/rgb/1778654574935563776.png,,legacy_unverified/annotations/pallet11_gt/1778654574935563776.json,unknown,manual_gt_legacy,True,False,known-broken annotation set
pallet11_gt__1778654574969321728,capturepallet11,data/pallet/raw_data/outside/capturepallet11/rgb/1778654574969321728.png,,legacy_unverified/annotations/pallet11_gt/1778654574969321728.json,unknown,manual_gt_legacy,True,False,known-broken annotation set
pallet11_gt__1778654575036483584,capturepallet11,data/pallet/raw_data/outside/capturepallet11/rgb/1778654575036483584.png,,legacy_unverified/annotations/pallet11_gt/1778654575036483584.json,unknown,manual_gt_legacy,True,False,known-broken annotation set
pallet11_gt__1778654575103669760,capturepallet11,data/pallet/raw_data/outside/capturepallet11/rgb/1778654575103669760.png,,legacy_unverified/annotations/pallet11_gt/1778654575103669760.json,unknown,manual_gt_legacy,True,False,known-broken annotation set
pallet11_gt__1778654575204389632,capturepallet11,data/pallet/raw_data/outside/capturepallet11/rgb/1778654575204389632.png,,legacy_unverified/annotations/pallet11_gt/1778654575204389632.json,unknown,manual_gt_legacy,True,False,known-broken annotation set
pallet11_gt__1778654575238002432,capturepallet11,data/pallet/raw_data/outside/capturepallet11/rgb/1778654575238002432.png,,legacy_unverified/annotations/pallet11_gt/1778654575238002432.json,unknown,manual_gt_legacy,True,False,known-broken annotation set
pallet11_gt__1778654575305209600,capturepallet11,data/pallet/raw_data/outside/capturepallet11/rgb/1778654575305209600.png,,legacy_unverified/annotations/pallet11_gt/1778654575305209600.json,unknown,manual_gt_legacy,True,False,known-broken annotation set
pallet11_gt__1778654575473583872,capturepallet11,data/pallet/raw_data/outside/capturepallet11/rgb/1778654575473583872.png,,legacy_unverified/annotations/pallet11_gt/1778654575473583872.json,unknown,manual_gt_legacy,True,False,known-broken annotation set
pallet11_gt__1778654575540580352,capturepallet11,data/pallet/raw_data/outside/capturepallet11/rgb/1778654575540580352.png,,legacy_unverified/annotations/pallet11_gt/1778654575540580352.json,unknown,manual_gt_legacy,True,False,known-broken annotation set
pallet11_gt__1778654575607508736,capturepallet11,data/pallet/raw_data/outside/capturepallet11/rgb/1778654575607508736.png,,legacy_unverified/annotations/pallet11_gt/1778654575607508736.json,unknown,manual_gt_legacy,True,False,known-broken annotation set
pallet11_gt__1778654575674658816,capturepallet11,data/pallet/raw_data/outside/capturepallet11/rgb/1778654575674658816.png,,legacy_unverified/annotations/pallet11_gt/1778654575674658816.json,unknown,manual_gt_legacy,True,False,known-broken annotation set
pallet11_gt__1778654575741951232,capturepallet11,data/pallet/raw_data/outside/capturepallet11/rgb/1778654575741951232.png,,legacy_unverified/annotations/pallet11_gt/1778654575741951232.json,unknown,manual_gt_legacy,True,False,known-broken annotation set
pallet11_gt__1778654575809227776,capturepallet11,data/pallet/raw_data/outside/capturepallet11/rgb/1778654575809227776.png,,legacy_unverified/annotations/pallet11_gt/1778654575809227776.json,unknown,manual_gt_legacy,True,False,known-broken annotation set
pallet11_gt__1778654575876374016,capturepallet11,data/pallet/raw_data/outside/capturepallet11/rgb/1778654575876374016.png,,legacy_unverified/annotations/pallet11_gt/1778654575876374016.json,unknown,manual_gt_legacy,True,False,known-broken annotation set
pallet11_gt__1778654575943467520,capturepallet11,data/pallet/raw_data/outside/capturepallet11/rgb/1778654575943467520.png,,legacy_unverified/annotations/pallet11_gt/1778654575943467520.json,unknown,manual_gt_legacy,True,False,known-broken annotation set
pallet11_gt__1778654576010691840,capturepallet11,data/pallet/raw_data/outside/capturepallet11/rgb/1778654576010691840.png,,legacy_unverified/annotations/pallet11_gt/1778654576010691840.json,unknown,manual_gt_legacy,True,False,known-broken annotation set
pallet11_gt__1778654576044431872,capturepallet11,data/pallet/raw_data/outside/capturepallet11/rgb/1778654576044431872.png,,legacy_unverified/annotations/pallet11_gt/1778654576044431872.json,unknown,manual_gt_legacy,True,False,known-broken annotation set
pallet11_gt__1778654576178949120,capturepallet11,data/pallet/raw_data/outside/capturepallet11/rgb/1778654576178949120.png,,legacy_unverified/annotations/pallet11_gt/1778654576178949120.json,unknown,manual_gt_legacy,True,False,known-broken annotation set
pallet11_gt__1778654576279631104,capturepallet11,data/pallet/raw_data/outside/capturepallet11/rgb/1778654576279631104.png,,legacy_unverified/annotations/pallet11_gt/1778654576279631104.json,unknown,manual_gt_legacy,True,False,known-broken annotation set
pallet11_gt__1778654576380174848,capturepallet11,data/pallet/raw_data/outside/capturepallet11/rgb/1778654576380174848.png,,legacy_unverified/annotations/pallet11_gt/1778654576380174848.json,unknown,manual_gt_legacy,True,False,known-broken annotation set
pallet11_gt__1778654576447500032,capturepallet11,data/pallet/raw_data/outside/capturepallet11/rgb/1778654576447500032.png,,legacy_unverified/annotations/pallet11_gt/1778654576447500032.json,unknown,manual_gt_legacy,True,False,known-broken annotation set
pallet11_gt__1778654576514696704,capturepallet11,data/pallet/raw_data/outside/capturepallet11/rgb/1778654576514696704.png,,legacy_unverified/annotations/pallet11_gt/1778654576514696704.json,unknown,manual_gt_legacy,True,False,known-broken annotation set
pallet11_gt__1778654576548159232,capturepallet11,data/pallet/raw_data/outside/capturepallet11/rgb/1778654576548159232.png,,legacy_unverified/annotations/pallet11_gt/1778654576548159232.json,unknown,manual_gt_legacy,True,False,known-broken annotation set
pallet11_gt__1778654576649009408,capturepallet11,data/pallet/raw_data/outside/capturepallet11/rgb/1778654576649009408.png,,legacy_unverified/annotations/pallet11_gt/1778654576649009408.json,unknown,manual_gt_legacy,True,False,known-broken annotation set
pallet11_gt__1778654576682651648,capturepallet11,data/pallet/raw_data/outside/capturepallet11/rgb/1778654576682651648.png,,legacy_unverified/annotations/pallet11_gt/1778654576682651648.json,unknown,manual_gt_legacy,True,False,known-broken annotation set
pallet11_gt__1778654576749753088,capturepallet11,data/pallet/raw_data/outside/capturepallet11/rgb/1778654576749753088.png,,legacy_unverified/annotations/pallet11_gt/1778654576749753088.json,unknown,manual_gt_legacy,True,False,known-broken annotation set
pallet11_gt__1778654576817114624,capturepallet11,data/pallet/raw_data/outside/capturepallet11/rgb/1778654576817114624.png,,legacy_unverified/annotations/pallet11_gt/1778654576817114624.json,unknown,manual_gt_legacy,True,False,known-broken annotation set
pallet11_gt__1778654576884419840,capturepallet11,data/pallet/raw_data/outside/capturepallet11/rgb/1778654576884419840.png,,legacy_unverified/annotations/pallet11_gt/1778654576884419840.json,unknown,manual_gt_legacy,True,False,known-broken annotation set
pallet11_gt__1778654576985034496,capturepallet11,data/pallet/raw_data/outside/capturepallet11/rgb/1778654576985034496.png,,legacy_unverified/annotations/pallet11_gt/1778654576985034496.json,unknown,manual_gt_legacy,True,False,known-broken annotation set
pallet11_gt__1778654577052168448,capturepallet11,data/pallet/raw_data/outside/capturepallet11/rgb/1778654577052168448.png,,legacy_unverified/annotations/pallet11_gt/1778654577052168448.json,unknown,manual_gt_legacy,True,False,known-broken annotation set
pallet11_gt__1778654577119337984,capturepallet11,data/pallet/raw_data/outside/capturepallet11/rgb/1778654577119337984.png,,legacy_unverified/annotations/pallet11_gt/1778654577119337984.json,unknown,manual_gt_legacy,True,False,known-broken annotation set
pallet11_gt__1778654577186647808,capturepallet11,data/pallet/raw_data/outside/capturepallet11/rgb/1778654577186647808.png,,legacy_unverified/annotations/pallet11_gt/1778654577186647808.json,unknown,manual_gt_legacy,True,False,known-broken annotation set
pallet11_gt__1778654577220226304,capturepallet11,data/pallet/raw_data/outside/capturepallet11/rgb/1778654577220226304.png,,legacy_unverified/annotations/pallet11_gt/1778654577220226304.json,unknown,manual_gt_legacy,True,False,known-broken annotation set
pallet11_gt__1778654577287426048,capturepallet11,data/pallet/raw_data/outside/capturepallet11/rgb/1778654577287426048.png,,legacy_unverified/annotations/pallet11_gt/1778654577287426048.json,unknown,manual_gt_legacy,True,False,known-broken annotation set
pallet11_gt__1778654577354658816,capturepallet11,data/pallet/raw_data/outside/capturepallet11/rgb/1778654577354658816.png,,legacy_unverified/annotations/pallet11_gt/1778654577354658816.json,unknown,manual_gt_legacy,True,False,known-broken annotation set
pallet11_gt__1778654577421814528,capturepallet11,data/pallet/raw_data/outside/capturepallet11/rgb/1778654577421814528.png,,legacy_unverified/annotations/pallet11_gt/1778654577421814528.json,unknown,manual_gt_legacy,True,False,known-broken annotation set
pallet11_gt__1778654577488933632,capturepallet11,data/pallet/raw_data/outside/capturepallet11/rgb/1778654577488933632.png,,legacy_unverified/annotations/pallet11_gt/1778654577488933632.json,unknown,manual_gt_legacy,True,False,known-broken annotation set
pallet11_gt__1778654577624092672,capturepallet11,data/pallet/raw_data/outside/capturepallet11/rgb/1778654577624092672.png,,legacy_unverified/annotations/pallet11_gt/1778654577624092672.json,unknown,manual_gt_legacy,True,False,known-broken annotation set
pallet11_gt__1778654577791440896,capturepallet11,data/pallet/raw_data/outside/capturepallet11/rgb/1778654577791440896.png,,legacy_unverified/annotations/pallet11_gt/1778654577791440896.json,unknown,manual_gt_legacy,True,False,known-broken annotation set
pallet11_gt__1778654577891945984,capturepallet11,data/pallet/raw_data/outside/capturepallet11/rgb/1778654577891945984.png,,legacy_unverified/annotations/pallet11_gt/1778654577891945984.json,unknown,manual_gt_legacy,True,False,known-broken annotation set
pallet11_gt__1778654577925563904,capturepallet11,data/pallet/raw_data/outside/capturepallet11/rgb/1778654577925563904.png,,legacy_unverified/annotations/pallet11_gt/1778654577925563904.json,unknown,manual_gt_legacy,True,False,known-broken annotation set
pallet11_gt__1778654577992726272,capturepallet11,data/pallet/raw_data/outside/capturepallet11/rgb/1778654577992726272.png,,legacy_unverified/annotations/pallet11_gt/1778654577992726272.json,unknown,manual_gt_legacy,True,False,known-broken annotation set
pallet11_gt__1778654578060002048,capturepallet11,data/pallet/raw_data/outside/capturepallet11/rgb/1778654578060002048.png,,legacy_unverified/annotations/pallet11_gt/1778654578060002048.json,unknown,manual_gt_legacy,True,False,known-broken annotation set
pallet11_gt__1778654578127163136,capturepallet11,data/pallet/raw_data/outside/capturepallet11/rgb/1778654578127163136.png,,legacy_unverified/annotations/pallet11_gt/1778654578127163136.json,unknown,manual_gt_legacy,True,False,known-broken annotation set
pallet11_gt__1778654578194363648,capturepallet11,data/pallet/raw_data/outside/capturepallet11/rgb/1778654578194363648.png,,legacy_unverified/annotations/pallet11_gt/1778654578194363648.json,unknown,manual_gt_legacy,True,False,known-broken annotation set
pallet11_gt__1778654578261536768,capturepallet11,data/pallet/raw_data/outside/capturepallet11/rgb/1778654578261536768.png,,legacy_unverified/annotations/pallet11_gt/1778654578261536768.json,unknown,manual_gt_legacy,True,False,known-broken annotation set
pallet11_gt__1778654578328951040,capturepallet11,data/pallet/raw_data/outside/capturepallet11/rgb/1778654578328951040.png,,legacy_unverified/annotations/pallet11_gt/1778654578328951040.json,unknown,manual_gt_legacy,True,False,known-broken annotation set
pallet11_gt__1778654578395897088,capturepallet11,data/pallet/raw_data/outside/capturepallet11/rgb/1778654578395897088.png,,legacy_unverified/annotations/pallet11_gt/1778654578395897088.json,unknown,manual_gt_legacy,True,False,known-broken annotation set
pallet11_gt__1778654578463164672,capturepallet11,data/pallet/raw_data/outside/capturepallet11/rgb/1778654578463164672.png,,legacy_unverified/annotations/pallet11_gt/1778654578463164672.json,unknown,manual_gt_legacy,True,False,known-broken annotation set
pallet11_gt__1778654578496880896,capturepallet11,data/pallet/raw_data/outside/capturepallet11/rgb/1778654578496880896.png,,legacy_unverified/annotations/pallet11_gt/1778654578496880896.json,unknown,manual_gt_legacy,True,False,known-broken annotation set
pallet11_gt__1778654578564049664,capturepallet11,data/pallet/raw_data/outside/capturepallet11/rgb/1778654578564049664.png,,legacy_unverified/annotations/pallet11_gt/1778654578564049664.json,unknown,manual_gt_legacy,True,False,known-broken annotation set
pallet11_gt__1778654578631252480,capturepallet11,data/pallet/raw_data/outside/capturepallet11/rgb/1778654578631252480.png,,legacy_unverified/annotations/pallet11_gt/1778654578631252480.json,unknown,manual_gt_legacy,True,False,known-broken annotation set
pallet11_gt__1778654578698333952,capturepallet11,data/pallet/raw_data/outside/capturepallet11/rgb/1778654578698333952.png,,legacy_unverified/annotations/pallet11_gt/1778654578698333952.json,unknown,manual_gt_legacy,True,False,known-broken annotation set
pallet11_gt__1778654578765950464,capturepallet11,data/pallet/raw_data/outside/capturepallet11/rgb/1778654578765950464.png,,legacy_unverified/annotations/pallet11_gt/1778654578765950464.json,unknown,manual_gt_legacy,True,False,known-broken annotation set
pallet11_gt__1778654578832852736,capturepallet11,data/pallet/raw_data/outside/capturepallet11/rgb/1778654578832852736.png,,legacy_unverified/annotations/pallet11_gt/1778654578832852736.json,unknown,manual_gt_legacy,True,False,known-broken annotation set
pallet11_gt__1778654578899937792,capturepallet11,data/pallet/raw_data/outside/capturepallet11/rgb/1778654578899937792.png,,legacy_unverified/annotations/pallet11_gt/1778654578899937792.json,unknown,manual_gt_legacy,True,False,known-broken annotation set
pallet11_gt__1778654578967159552,capturepallet11,data/pallet/raw_data/outside/capturepallet11/rgb/1778654578967159552.png,,legacy_unverified/annotations/pallet11_gt/1778654578967159552.json,unknown,manual_gt_legacy,True,False,known-broken annotation set
pallet11_gt__1778654579034657280,capturepallet11,data/pallet/raw_data/outside/capturepallet11/rgb/1778654579034657280.png,,legacy_unverified/annotations/pallet11_gt/1778654579034657280.json,unknown,manual_gt_legacy,True,False,known-broken annotation set
pallet11_gt__1778654579203184896,capturepallet11,data/pallet/raw_data/outside/capturepallet11/rgb/1778654579203184896.png,,legacy_unverified/annotations/pallet11_gt/1778654579203184896.json,unknown,manual_gt_legacy,True,False,known-broken annotation set
pallet11_gt__1778654579336894208,capturepallet11,data/pallet/raw_data/outside/capturepallet11/rgb/1778654579336894208.png,,legacy_unverified/annotations/pallet11_gt/1778654579336894208.json,unknown,manual_gt_legacy,True,False,known-broken annotation set
pallet11_gt__1778654579437750272,capturepallet11,data/pallet/raw_data/outside/capturepallet11/rgb/1778654579437750272.png,,legacy_unverified/annotations/pallet11_gt/1778654579437750272.json,unknown,manual_gt_legacy,True,False,known-broken annotation set
pallet11_gt__1778654579504745472,capturepallet11,data/pallet/raw_data/outside/capturepallet11/rgb/1778654579504745472.png,,legacy_unverified/annotations/pallet11_gt/1778654579504745472.json,unknown,manual_gt_legacy,True,False,known-broken annotation set
pallet11_gt__1778654579572128000,capturepallet11,data/pallet/raw_data/outside/capturepallet11/rgb/1778654579572128000.png,,legacy_unverified/annotations/pallet11_gt/1778654579572128000.json,unknown,manual_gt_legacy,True,False,known-broken annotation set
pallet11_gt__1778654579639090176,capturepallet11,data/pallet/raw_data/outside/capturepallet11/rgb/1778654579639090176.png,,legacy_unverified/annotations/pallet11_gt/1778654579639090176.json,unknown,manual_gt_legacy,True,False,known-broken annotation set
pallet11_gt__1778654579706370816,capturepallet11,data/pallet/raw_data/outside/capturepallet11/rgb/1778654579706370816.png,,legacy_unverified/annotations/pallet11_gt/1778654579706370816.json,unknown,manual_gt_legacy,True,False,known-broken annotation set
pallet11_gt__1778654579773486336,capturepallet11,data/pallet/raw_data/outside/capturepallet11/rgb/1778654579773486336.png,,legacy_unverified/annotations/pallet11_gt/1778654579773486336.json,unknown,manual_gt_legacy,True,False,known-broken annotation set
pallet11_gt__1778654579841015040,capturepallet11,data/pallet/raw_data/outside/capturepallet11/rgb/1778654579841015040.png,,legacy_unverified/annotations/pallet11_gt/1778654579841015040.json,unknown,manual_gt_legacy,True,False,known-broken annotation set
pallet11_gt__1778654579975360000,capturepallet11,data/pallet/raw_data/outside/capturepallet11/rgb/1778654579975360000.png,,legacy_unverified/annotations/pallet11_gt/1778654579975360000.json,unknown,manual_gt_legacy,True,False,known-broken annotation set
pallet11_gt__1778654580042546944,capturepallet11,data/pallet/raw_data/outside/capturepallet11/rgb/1778654580042546944.png,,legacy_unverified/annotations/pallet11_gt/1778654580042546944.json,unknown,manual_gt_legacy,True,False,known-broken annotation set
pallet11_gt__1778654580109551616,capturepallet11,data/pallet/raw_data/outside/capturepallet11/rgb/1778654580109551616.png,,legacy_unverified/annotations/pallet11_gt/1778654580109551616.json,unknown,manual_gt_legacy,True,False,known-broken annotation set
pallet11_gt__1778654580176878848,capturepallet11,data/pallet/raw_data/outside/capturepallet11/rgb/1778654580176878848.png,,legacy_unverified/annotations/pallet11_gt/1778654580176878848.json,unknown,manual_gt_legacy,True,False,known-broken annotation set
pallet11_gt__1778654580243854592,capturepallet11,data/pallet/raw_data/outside/capturepallet11/rgb/1778654580243854592.png,,legacy_unverified/annotations/pallet11_gt/1778654580243854592.json,unknown,manual_gt_legacy,True,False,known-broken annotation set
pallet11_gt__1778654580311158784,capturepallet11,data/pallet/raw_data/outside/capturepallet11/rgb/1778654580311158784.png,,legacy_unverified/annotations/pallet11_gt/1778654580311158784.json,unknown,manual_gt_legacy,True,False,known-broken annotation set
pallet11_gt__1778654580378403328,capturepallet11,data/pallet/raw_data/outside/capturepallet11/rgb/1778654580378403328.png,,legacy_unverified/annotations/pallet11_gt/1778654580378403328.json,unknown,manual_gt_legacy,True,False,known-broken annotation set
pallet11_gt__1778654580445452288,capturepallet11,data/pallet/raw_data/outside/capturepallet11/rgb/1778654580445452288.png,,legacy_unverified/annotations/pallet11_gt/1778654580445452288.json,unknown,manual_gt_legacy,True,False,known-broken annotation set
pallet11_gt__1778654580479090944,capturepallet11,data/pallet/raw_data/outside/capturepallet11/rgb/1778654580479090944.png,,legacy_unverified/annotations/pallet11_gt/1778654580479090944.json,unknown,manual_gt_legacy,True,False,known-broken annotation set
pallet11_gt__1778654580580076800,capturepallet11,data/pallet/raw_data/outside/capturepallet11/rgb/1778654580580076800.png,,legacy_unverified/annotations/pallet11_gt/1778654580580076800.json,unknown,manual_gt_legacy,True,False,known-broken annotation set
pallet11_gt__1778654580714511360,capturepallet11,data/pallet/raw_data/outside/capturepallet11/rgb/1778654580714511360.png,,legacy_unverified/annotations/pallet11_gt/1778654580714511360.json,unknown,manual_gt_legacy,True,False,known-broken annotation set
pallet11_gt__1778654580849085952,capturepallet11,data/pallet/raw_data/outside/capturepallet11/rgb/1778654580849085952.png,,legacy_unverified/annotations/pallet11_gt/1778654580849085952.json,unknown,manual_gt_legacy,True,False,known-broken annotation set
pallet11_gt__1778654580983414784,capturepallet11,data/pallet/raw_data/outside/capturepallet11/rgb/1778654580983414784.png,,legacy_unverified/annotations/pallet11_gt/1778654580983414784.json,unknown,manual_gt_legacy,True,False,known-broken annotation set
pallet11_gt__1778654581084021504,capturepallet11,data/pallet/raw_data/outside/capturepallet11/rgb/1778654581084021504.png,,legacy_unverified/annotations/pallet11_gt/1778654581084021504.json,unknown,manual_gt_legacy,True,False,known-broken annotation set
pallet11_gt__1778654581150926080,capturepallet11,data/pallet/raw_data/outside/capturepallet11/rgb/1778654581150926080.png,,legacy_unverified/annotations/pallet11_gt/1778654581150926080.json,unknown,manual_gt_legacy,True,False,known-broken annotation set
pallet11_gt__1778654581218317056,capturepallet11,data/pallet/raw_data/outside/capturepallet11/rgb/1778654581218317056.png,,legacy_unverified/annotations/pallet11_gt/1778654581218317056.json,unknown,manual_gt_legacy,True,False,known-broken annotation set
pallet11_gt__1778654581285740032,capturepallet11,data/pallet/raw_data/outside/capturepallet11/rgb/1778654581285740032.png,,legacy_unverified/annotations/pallet11_gt/1778654581285740032.json,unknown,manual_gt_legacy,True,False,known-broken annotation set
pallet11_gt__1778654581352724992,capturepallet11,data/pallet/raw_data/outside/capturepallet11/rgb/1778654581352724992.png,,legacy_unverified/annotations/pallet11_gt/1778654581352724992.json,unknown,manual_gt_legacy,True,False,known-broken annotation set
pallet11_gt__1778654581419730176,capturepallet11,data/pallet/raw_data/outside/capturepallet11/rgb/1778654581419730176.png,,legacy_unverified/annotations/pallet11_gt/1778654581419730176.json,unknown,manual_gt_legacy,True,False,known-broken annotation set
pallet11_gt__1778654581486951936,capturepallet11,data/pallet/raw_data/outside/capturepallet11/rgb/1778654581486951936.png,,legacy_unverified/annotations/pallet11_gt/1778654581486951936.json,unknown,manual_gt_legacy,True,False,known-broken annotation set
pallet11_gt__1778654581554357760,capturepallet11,data/pallet/raw_data/outside/capturepallet11/rgb/1778654581554357760.png,,legacy_unverified/annotations/pallet11_gt/1778654581554357760.json,unknown,manual_gt_legacy,True,False,known-broken annotation set
pallet11_gt__1778654581654898688,capturepallet11,data/pallet/raw_data/outside/capturepallet11/rgb/1778654581654898688.png,,legacy_unverified/annotations/pallet11_gt/1778654581654898688.json,unknown,manual_gt_legacy,True,False,known-broken annotation set
pallet11_gt__1778654581688817408,capturepallet11,data/pallet/raw_data/outside/capturepallet11/rgb/1778654581688817408.png,,legacy_unverified/annotations/pallet11_gt/1778654581688817408.json,unknown,manual_gt_legacy,True,False,known-broken annotation set
pallet11_gt__1778654581755913472,capturepallet11,data/pallet/raw_data/outside/capturepallet11/rgb/1778654581755913472.png,,legacy_unverified/annotations/pallet11_gt/1778654581755913472.json,unknown,manual_gt_legacy,True,False,known-broken annotation set
pallet11_gt__1778654581822929664,capturepallet11,data/pallet/raw_data/outside/capturepallet11/rgb/1778654581822929664.png,,legacy_unverified/annotations/pallet11_gt/1778654581822929664.json,unknown,manual_gt_legacy,True,False,known-broken annotation set
pallet11_gt__1778654581890237440,capturepallet11,data/pallet/raw_data/outside/capturepallet11/rgb/1778654581890237440.png,,legacy_unverified/annotations/pallet11_gt/1778654581890237440.json,unknown,manual_gt_legacy,True,False,known-broken annotation set
pallet11_gt__1778654581957383424,capturepallet11,data/pallet/raw_data/outside/capturepallet11/rgb/1778654581957383424.png,,legacy_unverified/annotations/pallet11_gt/1778654581957383424.json,unknown,manual_gt_legacy,True,False,known-broken annotation set
pallet11_gt__1778654582024657664,capturepallet11,data/pallet/raw_data/outside/capturepallet11/rgb/1778654582024657664.png,,legacy_unverified/annotations/pallet11_gt/1778654582024657664.json,unknown,manual_gt_legacy,True,False,known-broken annotation set
pallet11_gt__1778654582092080384,capturepallet11,data/pallet/raw_data/outside/capturepallet11/rgb/1778654582092080384.png,,legacy_unverified/annotations/pallet11_gt/1778654582092080384.json,unknown,manual_gt_legacy,True,False,known-broken annotation set
pallet11_gt__1778654582158774016,capturepallet11,data/pallet/raw_data/outside/capturepallet11/rgb/1778654582158774016.png,,legacy_unverified/annotations/pallet11_gt/1778654582158774016.json,unknown,manual_gt_legacy,True,False,known-broken annotation set
pallet11_gt__1778654582260172288,capturepallet11,data/pallet/raw_data/outside/capturepallet11/rgb/1778654582260172288.png,,legacy_unverified/annotations/pallet11_gt/1778654582260172288.json,unknown,manual_gt_legacy,True,False,known-broken annotation set
pallet11_gt__1778654582394402048,capturepallet11,data/pallet/raw_data/outside/capturepallet11/rgb/1778654582394402048.png,,legacy_unverified/annotations/pallet11_gt/1778654582394402048.json,unknown,manual_gt_legacy,True,False,known-broken annotation set
pallet11_gt__1778654582461181696,capturepallet11,data/pallet/raw_data/outside/capturepallet11/rgb/1778654582461181696.png,,legacy_unverified/annotations/pallet11_gt/1778654582461181696.json,unknown,manual_gt_legacy,True,False,known-broken annotation set
pallet11_gt__1778654582528339200,capturepallet11,data/pallet/raw_data/outside/capturepallet11/rgb/1778654582528339200.png,,legacy_unverified/annotations/pallet11_gt/1778654582528339200.json,unknown,manual_gt_legacy,True,False,known-broken annotation set
pallet11_gt__1778654582595548160,capturepallet11,data/pallet/raw_data/outside/capturepallet11/rgb/1778654582595548160.png,,legacy_unverified/annotations/pallet11_gt/1778654582595548160.json,unknown,manual_gt_legacy,True,False,known-broken annotation set
pallet11_gt__1778654582662742272,capturepallet11,data/pallet/raw_data/outside/capturepallet11/rgb/1778654582662742272.png,,legacy_unverified/annotations/pallet11_gt/1778654582662742272.json,unknown,manual_gt_legacy,True,False,known-broken annotation set
pallet11_gt__1778654582729970432,capturepallet11,data/pallet/raw_data/outside/capturepallet11/rgb/1778654582729970432.png,,legacy_unverified/annotations/pallet11_gt/1778654582729970432.json,unknown,manual_gt_legacy,True,False,known-broken annotation set
pallet11_gt__1778654582797135616,capturepallet11,data/pallet/raw_data/outside/capturepallet11/rgb/1778654582797135616.png,,legacy_unverified/annotations/pallet11_gt/1778654582797135616.json,unknown,manual_gt_legacy,True,False,known-broken annotation set
pallet11_gt__1778654582864240384,capturepallet11,data/pallet/raw_data/outside/capturepallet11/rgb/1778654582864240384.png,,legacy_unverified/annotations/pallet11_gt/1778654582864240384.json,unknown,manual_gt_legacy,True,False,known-broken annotation set
pallet11_gt__1778654582931668480,capturepallet11,data/pallet/raw_data/outside/capturepallet11/rgb/1778654582931668480.png,,legacy_unverified/annotations/pallet11_gt/1778654582931668480.json,unknown,manual_gt_legacy,True,False,known-broken annotation set
pallet11_gt__1778654582998803200,capturepallet11,data/pallet/raw_data/outside/capturepallet11/rgb/1778654582998803200.png,,legacy_unverified/annotations/pallet11_gt/1778654582998803200.json,unknown,manual_gt_legacy,True,False,known-broken annotation set
pallet11_gt__1778654583099935232,capturepallet11,data/pallet/raw_data/outside/capturepallet11/rgb/1778654583099935232.png,,legacy_unverified/annotations/pallet11_gt/1778654583099935232.json,unknown,manual_gt_legacy,True,False,known-broken annotation set
pallet11_gt__1778654583267805952,capturepallet11,data/pallet/raw_data/outside/capturepallet11/rgb/1778654583267805952.png,,legacy_unverified/annotations/pallet11_gt/1778654583267805952.json,unknown,manual_gt_legacy,True,False,known-broken annotation set
pallet11_gt__1778654583368395264,capturepallet11,data/pallet/raw_data/outside/capturepallet11/rgb/1778654583368395264.png,,legacy_unverified/annotations/pallet11_gt/1778654583368395264.json,unknown,manual_gt_legacy,True,False,known-broken annotation set
pallet11_gt__1778654583469247232,capturepallet11,data/pallet/raw_data/outside/capturepallet11/rgb/1778654583469247232.png,,legacy_unverified/annotations/pallet11_gt/1778654583469247232.json,unknown,manual_gt_legacy,True,False,known-broken annotation set
pallet11_gt__1778654583536476416,capturepallet11,data/pallet/raw_data/outside/capturepallet11/rgb/1778654583536476416.png,,legacy_unverified/annotations/pallet11_gt/1778654583536476416.json,unknown,manual_gt_legacy,True,False,known-broken annotation set
pallet11_gt__1778654583603570688,capturepallet11,data/pallet/raw_data/outside/capturepallet11/rgb/1778654583603570688.png,,legacy_unverified/annotations/pallet11_gt/1778654583603570688.json,unknown,manual_gt_legacy,True,False,known-broken annotation set
pallet11_gt__1778654583670701568,capturepallet11,data/pallet/raw_data/outside/capturepallet11/rgb/1778654583670701568.png,,legacy_unverified/annotations/pallet11_gt/1778654583670701568.json,unknown,manual_gt_legacy,True,False,known-broken annotation set
pallet11_gt__1778654583737859072,capturepallet11,data/pallet/raw_data/outside/capturepallet11/rgb/1778654583737859072.png,,legacy_unverified/annotations/pallet11_gt/1778654583737859072.json,unknown,manual_gt_legacy,True,False,known-broken annotation set
pallet11_gt__1778654583771628800,capturepallet11,data/pallet/raw_data/outside/capturepallet11/rgb/1778654583771628800.png,,legacy_unverified/annotations/pallet11_gt/1778654583771628800.json,unknown,manual_gt_legacy,True,False,known-broken annotation set
pallet11_gt__1778654583839068672,capturepallet11,data/pallet/raw_data/outside/capturepallet11/rgb/1778654583839068672.png,,legacy_unverified/annotations/pallet11_gt/1778654583839068672.json,unknown,manual_gt_legacy,True,False,known-broken annotation set
pallet11_gt__1778654583905910016,capturepallet11,data/pallet/raw_data/outside/capturepallet11/rgb/1778654583905910016.png,,legacy_unverified/annotations/pallet11_gt/1778654583905910016.json,unknown,manual_gt_legacy,True,False,known-broken annotation set
pallet11_gt__1778654583973106688,capturepallet11,data/pallet/raw_data/outside/capturepallet11/rgb/1778654583973106688.png,,legacy_unverified/annotations/pallet11_gt/1778654583973106688.json,unknown,manual_gt_legacy,True,False,known-broken annotation set
pallet11_gt__1778654584040433152,capturepallet11,data/pallet/raw_data/outside/capturepallet11/rgb/1778654584040433152.png,,legacy_unverified/annotations/pallet11_gt/1778654584040433152.json,unknown,manual_gt_legacy,True,False,known-broken annotation set
pallet11_gt__1778654584107625472,capturepallet11,data/pallet/raw_data/outside/capturepallet11/rgb/1778654584107625472.png,,legacy_unverified/annotations/pallet11_gt/1778654584107625472.json,unknown,manual_gt_legacy,True,False,known-broken annotation set
pallet11_gt__1778654584174711808,capturepallet11,data/pallet/raw_data/outside/capturepallet11/rgb/1778654584174711808.png,,legacy_unverified/annotations/pallet11_gt/1778654584174711808.json,unknown,manual_gt_legacy,True,False,known-broken annotation set
pallet11_gt__1778654584208464384,capturepallet11,data/pallet/raw_data/outside/capturepallet11/rgb/1778654584208464384.png,,legacy_unverified/annotations/pallet11_gt/1778654584208464384.json,unknown,manual_gt_legacy,True,False,known-broken annotation set
plastic_day_01__005516,,,,final/positive/annotations/plastic_day_01/005516.json,day,workspace_final,,False,not resolvable to a raw recording by sha256
plastic_day_01__005838,,,,final/positive/annotations/plastic_day_01/005838.json,day,workspace_final,,False,not resolvable to a raw recording by sha256
plastic_day_01__007666,,,,final/positive/annotations/plastic_day_01/007666.json,day,workspace_final,,False,not resolvable to a raw recording by sha256
plastic_day_01__007773,,,,final/positive/annotations/plastic_day_01/007773.json,day,workspace_final,,False,not resolvable to a raw recording by sha256
plastic_day_01__007881,,,,final/positive/annotations/plastic_day_01/007881.json,day,workspace_final,,False,not resolvable to a raw recording by sha256
plastic_day_01__007917,,,,final/positive/annotations/plastic_day_01/007917.json,day,workspace_final,,False,not resolvable to a raw recording by sha256
plastic_day_01__007952,,,,final/positive/annotations/plastic_day_01/007952.json,day,workspace_final,,False,not resolvable to a raw recording by sha256
plastic_day_01__008024,,,,final/positive/annotations/plastic_day_01/008024.json,day,workspace_final,,False,not resolvable to a raw recording by sha256
plastic_day_01__008239,,,,final/positive/annotations/plastic_day_01/008239.json,day,workspace_final,,False,not resolvable to a raw recording by sha256
plastic_day_01__008275,,,,final/positive/annotations/plastic_day_01/008275.json,day,workspace_final,,False,not resolvable to a raw recording by sha256
plastic_day_01__008311,,,,final/positive/annotations/plastic_day_01/008311.json,day,workspace_final,,False,not resolvable to a raw recording by sha256
plastic_day_01__008418,,,,final/positive/annotations/plastic_day_01/008418.json,day,workspace_final,,False,not resolvable to a raw recording by sha256
plastic_day_01__008920,,,,final/positive/annotations/plastic_day_01/008920.json,day,workspace_final,,False,not resolvable to a raw recording by sha256
plastic_day_01__009804,,,,final/positive/annotations/plastic_day_01/009804.json,day,workspace_final,,False,not resolvable to a raw recording by sha256
plastic_day_01__009983,,,,final/positive/annotations/plastic_day_01/009983.json,day,workspace_final,,False,not resolvable to a raw recording by sha256
plastic_day_01__010207,,,,final/positive/annotations/plastic_day_01/010207.json,day,workspace_final,,False,not resolvable to a raw recording by sha256
plastic_day_01__010279,,,,final/positive/annotations/plastic_day_01/010279.json,day,workspace_final,,False,not resolvable to a raw recording by sha256
plastic_day_01__010422,,,,final/positive/annotations/plastic_day_01/010422.json,day,workspace_final,,False,not resolvable to a raw recording by sha256
plastic_day_01__010995,,,,final/positive/annotations/plastic_day_01/010995.json,day,workspace_final,,False,not resolvable to a raw recording by sha256
plastic_day_01__011067,,,,final/positive/annotations/plastic_day_01/011067.json,day,workspace_final,,False,not resolvable to a raw recording by sha256
plastic_day_01__011246,,,,final/positive/annotations/plastic_day_01/011246.json,day,workspace_final,,False,not resolvable to a raw recording by sha256
plastic_day_01__011497,,,,final/positive/annotations/plastic_day_01/011497.json,day,workspace_final,,False,not resolvable to a raw recording by sha256
plastic_day_01__011640,,,,final/positive/annotations/plastic_day_01/011640.json,day,workspace_final,,False,not resolvable to a raw recording by sha256
plastic_day_01__011676,,,,final/positive/annotations/plastic_day_01/011676.json,day,workspace_final,,False,not resolvable to a raw recording by sha256
plastic_day_01__011677,,,,final/positive/annotations/plastic_day_01/011677.json,day,workspace_final,,False,not resolvable to a raw recording by sha256
plastic_day_01__011891,,,,final/positive/annotations/plastic_day_01/011891.json,day,workspace_final,,False,not resolvable to a raw recording by sha256
plastic_day_01__012036,,,,final/positive/annotations/plastic_day_01/012036.json,day,workspace_final,,False,not resolvable to a raw recording by sha256
plastic_day_01__012143,,,,final/positive/annotations/plastic_day_01/012143.json,day,workspace_final,,False,not resolvable to a raw recording by sha256
plastic_day_01__012545,,,,final/positive/annotations/plastic_day_01/012545.json,day,workspace_final,,False,not resolvable to a raw recording by sha256
plastic_day_01__012975,,,,final/positive/annotations/plastic_day_01/012975.json,day,workspace_final,,False,not resolvable to a raw recording by sha256
plastic_day_01__013476,,,,final/positive/annotations/plastic_day_01/013476.json,day,workspace_final,,False,not resolvable to a raw recording by sha256
plastic_day_01__013584,,,,final/positive/annotations/plastic_day_01/013584.json,day,workspace_final,,False,not resolvable to a raw recording by sha256
plastic_day_01__013691,,,,final/positive/annotations/plastic_day_01/013691.json,day,workspace_final,,False,not resolvable to a raw recording by sha256
plastic_day_01__014345,,,,final/positive/annotations/plastic_day_01/014345.json,day,workspace_final,,False,not resolvable to a raw recording by sha256
plastic_day_01__014417,,,,final/positive/annotations/plastic_day_01/014417.json,day,workspace_final,,False,not resolvable to a raw recording by sha256
plastic_day_01__014632,,,,final/positive/annotations/plastic_day_01/014632.json,day,workspace_final,,False,not resolvable to a raw recording by sha256
plastic_day_01__014704,,,,final/positive/annotations/plastic_day_01/014704.json,day,workspace_final,,False,not resolvable to a raw recording by sha256
plastic_day_01__014739,,,,final/positive/annotations/plastic_day_01/014739.json,day,workspace_final,,False,not resolvable to a raw recording by sha256
plastic_day_01__014775,,,,final/positive/annotations/plastic_day_01/014775.json,day,workspace_final,,False,not resolvable to a raw recording by sha256
plastic_day_01__015062,,,,final/positive/annotations/plastic_day_01/015062.json,day,workspace_final,,False,not resolvable to a raw recording by sha256
plastic_day_01__015169,,,,final/positive/annotations/plastic_day_01/015169.json,day,workspace_final,,False,not resolvable to a raw recording by sha256
plastic_day_01__020954,,,,final/positive/annotations/plastic_day_01/020954.json,day,workspace_final,,False,not resolvable to a raw recording by sha256
plastic_day_01__020955,,,,final/positive/annotations/plastic_day_01/020955.json,day,workspace_final,,False,not resolvable to a raw recording by sha256
plastic_day_01__021348,,,,final/positive/annotations/plastic_day_01/021348.json,day,workspace_final,,False,not resolvable to a raw recording by sha256
plastic_night_01__034035,,,,final/positive/annotations/plastic_night_01/034035.json,night,workspace_final,,False,not resolvable to a raw recording by sha256
plastic_night_01__034193,,,,final/positive/annotations/plastic_night_01/034193.json,night,workspace_final,,False,not resolvable to a raw recording by sha256
plastic_night_01__035421,,,,final/positive/annotations/plastic_night_01/035421.json,night,workspace_final,,False,not resolvable to a raw recording by sha256
plastic_night_01__036056,,,,final/positive/annotations/plastic_night_01/036056.json,night,workspace_final,,False,not resolvable to a raw recording by sha256
plastic_night_01__036261,,,,final/positive/annotations/plastic_night_01/036261.json,night,workspace_final,,False,not resolvable to a raw recording by sha256
plastic_night_01__036917,,,,final/positive/annotations/plastic_night_01/036917.json,night,workspace_final,,False,not resolvable to a raw recording by sha256
plastic_night_01__036918,,,,final/positive/annotations/plastic_night_01/036918.json,night,workspace_final,,False,not resolvable to a raw recording by sha256
plastic_night_01__036949,,,,final/positive/annotations/plastic_night_01/036949.json,night,workspace_final,,False,not resolvable to a raw recording by sha256
plastic_night_01__037044,,,,final/positive/annotations/plastic_night_01/037044.json,night,workspace_final,,False,not resolvable to a raw recording by sha256
plastic_night_01__037376,,,,final/positive/annotations/plastic_night_01/037376.json,night,workspace_final,,False,not resolvable to a raw recording by sha256
plastic_night_01__037553,,,,final/positive/annotations/plastic_night_01/037553.json,night,workspace_final,,False,not resolvable to a raw recording by sha256
plastic_night_01__038567,,,,final/positive/annotations/plastic_night_01/038567.json,night,workspace_final,,False,not resolvable to a raw recording by sha256
plastic_night_01__038630,,,,final/positive/annotations/plastic_night_01/038630.json,night,workspace_final,,False,not resolvable to a raw recording by sha256
plastic_night_01__039093,,,,final/positive/annotations/plastic_night_01/039093.json,night,workspace_final,,False,not resolvable to a raw recording by sha256
plastic_night_01__039188,,,,final/positive/annotations/plastic_night_01/039188.json,night,workspace_final,,False,not resolvable to a raw recording by sha256
plastic_night_01__039268,,,,final/positive/annotations/plastic_night_01/039268.json,night,workspace_final,,False,not resolvable to a raw recording by sha256
plastic_night_01__039283,,,,final/positive/annotations/plastic_night_01/039283.json,night,workspace_final,,False,not resolvable to a raw recording by sha256
plastic_night_01__040133,,,,final/positive/annotations/plastic_night_01/040133.json,night,workspace_final,,False,not resolvable to a raw recording by sha256
plastic_night_01__040306,,,,final/positive/annotations/plastic_night_01/040306.json,night,workspace_final,,False,not resolvable to a raw recording by sha256
plastic_night_01__040448,,,,final/positive/annotations/plastic_night_01/040448.json,night,workspace_final,,False,not resolvable to a raw recording by sha256
plastic_night_01__040717,,,,final/positive/annotations/plastic_night_01/040717.json,night,workspace_final,,False,not resolvable to a raw recording by sha256
plastic_night_01__040923,,,,final/positive/annotations/plastic_night_01/040923.json,night,workspace_final,,False,not resolvable to a raw recording by sha256
wood_183705__000000,,,,dev_existing/annotations/wood_183705/000000.json,unknown,real_gt_v2_wood_audited,,False,not plastic
wood_183705__000088,,,,dev_existing/annotations/wood_183705/000088.json,unknown,real_gt_v2_wood_audited,,False,not plastic
wood_183705__000149,,,,dev_existing/annotations/wood_183705/000149.json,unknown,real_gt_v2_wood_audited,,False,not plastic
wood_183705__000213,,,,dev_existing/annotations/wood_183705/000213.json,unknown,real_gt_v2_wood_audited,,False,not plastic
wood_183705__000275,,,,dev_existing/annotations/wood_183705/000275.json,unknown,real_gt_v2_wood_audited,,False,not plastic
wood_183705__000335,,,,dev_existing/annotations/wood_183705/000335.json,unknown,real_gt_v2_wood_audited,,False,not plastic
wood_183705__000400,,,,dev_existing/annotations/wood_183705/000400.json,unknown,real_gt_v2_wood_audited,,False,not plastic
wood_183705__000460,,,,dev_existing/annotations/wood_183705/000460.json,unknown,real_gt_v2_wood_audited,,False,not plastic
wood_183705__000521,,,,dev_existing/annotations/wood_183705/000521.json,unknown,real_gt_v2_wood_audited,,False,not plastic
wood_183705__000586,,,,dev_existing/annotations/wood_183705/000586.json,unknown,real_gt_v2_wood_audited,,False,not plastic
wood_183705__000646,,,,dev_existing/annotations/wood_183705/000646.json,unknown,real_gt_v2_wood_audited,,False,not plastic
wood_183705__000706,,,,dev_existing/annotations/wood_183705/000706.json,unknown,real_gt_v2_wood_audited,,False,not plastic
wood_183705__000768,,,,dev_existing/annotations/wood_183705/000768.json,unknown,real_gt_v2_wood_audited,,False,not plastic
wood_183705__000828,,,,dev_existing/annotations/wood_183705/000828.json,unknown,real_gt_v2_wood_audited,,False,not plastic
wood_183705__000889,,,,dev_existing/annotations/wood_183705/000889.json,unknown,real_gt_v2_wood_audited,,False,not plastic
wood_183705__000949,,,,dev_existing/annotations/wood_183705/000949.json,unknown,real_gt_v2_wood_audited,,False,not plastic
wood_183705__001010,,,,dev_existing/annotations/wood_183705/001010.json,unknown,real_gt_v2_wood_audited,,False,not plastic
wood_183705__001070,,,,dev_existing/annotations/wood_183705/001070.json,unknown,real_gt_v2_wood_audited,,False,not plastic
wood_183705__001130,,,,dev_existing/annotations/wood_183705/001130.json,unknown,real_gt_v2_wood_audited,,False,not plastic
wood_183705__001193,,,,dev_existing/annotations/wood_183705/001193.json,unknown,real_gt_v2_wood_audited,,False,not plastic
wood_183705__001263,,,,dev_existing/annotations/wood_183705/001263.json,unknown,real_gt_v2_wood_audited,,False,not plastic
wood_183705__001327,,,,dev_existing/annotations/wood_183705/001327.json,unknown,real_gt_v2_wood_audited,,False,not plastic
wood_183705__001388,,,,dev_existing/annotations/wood_183705/001388.json,unknown,real_gt_v2_wood_audited,,False,not plastic
wood_183705__001463,,,,dev_existing/annotations/wood_183705/001463.json,unknown,real_gt_v2_wood_audited,,False,not plastic
wood_183705__001523,,,,dev_existing/annotations/wood_183705/001523.json,unknown,real_gt_v2_wood_audited,,False,not plastic
wood_184309__000012,,,,dev_existing/annotations/wood_184309/000012.json,unknown,real_gt_v2_wood_audited,,False,not plastic
wood_184309__000072,,,,dev_existing/annotations/wood_184309/000072.json,unknown,real_gt_v2_wood_audited,,False,not plastic
wood_184309__000132,,,,dev_existing/annotations/wood_184309/000132.json,unknown,real_gt_v2_wood_audited,,False,not plastic
wood_184309__000192,,,,dev_existing/annotations/wood_184309/000192.json,unknown,real_gt_v2_wood_audited,,False,not plastic
wood_184309__000252,,,,dev_existing/annotations/wood_184309/000252.json,unknown,real_gt_v2_wood_audited,,False,not plastic
wood_184309__000312,,,,dev_existing/annotations/wood_184309/000312.json,unknown,real_gt_v2_wood_audited,,False,not plastic
wood_184309__000372,,,,dev_existing/annotations/wood_184309/000372.json,unknown,real_gt_v2_wood_audited,,False,not plastic
wood_184309__000432,,,,dev_existing/annotations/wood_184309/000432.json,unknown,real_gt_v2_wood_audited,,False,not plastic
wood_184309__000492,,,,dev_existing/annotations/wood_184309/000492.json,unknown,real_gt_v2_wood_audited,,False,not plastic
wood_184309__000552,,,,dev_existing/annotations/wood_184309/000552.json,unknown,real_gt_v2_wood_audited,,False,not plastic
wood_184309__000612,,,,dev_existing/annotations/wood_184309/000612.json,unknown,real_gt_v2_wood_audited,,False,not plastic
wood_184309__000674,,,,dev_existing/annotations/wood_184309/000674.json,unknown,real_gt_v2_wood_audited,,False,not plastic
wood_184309__000734,,,,dev_existing/annotations/wood_184309/000734.json,unknown,real_gt_v2_wood_audited,,False,not plastic
wood_184309__000804,,,,dev_existing/annotations/wood_184309/000804.json,unknown,real_gt_v2_wood_audited,,False,not plastic
wood_184309__000864,,,,dev_existing/annotations/wood_184309/000864.json,unknown,real_gt_v2_wood_audited,,False,not plastic
wood_184309__000925,,,,dev_existing/annotations/wood_184309/000925.json,unknown,real_gt_v2_wood_audited,,False,not plastic
wood_184309__000987,,,,dev_existing/annotations/wood_184309/000987.json,unknown,real_gt_v2_wood_audited,,False,not plastic
wood_184309__001081,,,,dev_existing/annotations/wood_184309/001081.json,unknown,real_gt_v2_wood_audited,,False,not plastic
wood_184309__001141,,,,dev_existing/annotations/wood_184309/001141.json,unknown,real_gt_v2_wood_audited,,False,not plastic
wood_184309__001201,,,,dev_existing/annotations/wood_184309/001201.json,unknown,real_gt_v2_wood_audited,,False,not plastic
wood_day_01__002010,,,,final/positive/annotations/wood_day_01/002010.json,day,workspace_final,,False,not plastic
wood_day_01__002141,,,,final/positive/annotations/wood_day_01/002141.json,day,workspace_final,,False,not plastic
wood_day_01__002497,,,,final/positive/annotations/wood_day_01/002497.json,day,workspace_final,,False,not plastic
wood_day_01__002628,,,,final/positive/annotations/wood_day_01/002628.json,day,workspace_final,,False,not plastic
wood_day_01__003863,,,,final/positive/annotations/wood_day_01/003863.json,day,workspace_final,,False,not plastic
wood_day_01__003919,,,,final/positive/annotations/wood_day_01/003919.json,day,workspace_final,,False,not plastic
wood_day_01__004032,,,,final/positive/annotations/wood_day_01/004032.json,day,workspace_final,,False,not plastic
wood_day_01__004294,,,,final/positive/annotations/wood_day_01/004294.json,day,workspace_final,,False,not plastic
wood_day_01__004387,,,,final/positive/annotations/wood_day_01/004387.json,day,workspace_final,,False,not plastic
wood_day_01__004406,,,,final/positive/annotations/wood_day_01/004406.json,day,workspace_final,,False,not plastic
wood_day_01__004481,,,,final/positive/annotations/wood_day_01/004481.json,day,workspace_final,,False,not plastic
wood_day_01__004575,,,,final/positive/annotations/wood_day_01/004575.json,day,workspace_final,,False,not plastic
wood_day_01__004687,,,,final/positive/annotations/wood_day_01/004687.json,day,workspace_final,,False,not plastic
wood_day_01__004799,,,,final/positive/annotations/wood_day_01/004799.json,day,workspace_final,,False,not plastic
wood_day_01__005174,,,,final/positive/annotations/wood_day_01/005174.json,day,workspace_final,,False,not plastic
wood_day_01__005249,,,,final/positive/annotations/wood_day_01/005249.json,day,workspace_final,,False,not plastic
wood_day_01__005286,,,,final/positive/annotations/wood_day_01/005286.json,day,workspace_final,,False,not plastic
wood_day_01__024552,,,,final/positive/annotations/wood_day_01/024552.json,day,workspace_final,,False,not plastic
wood_day_01__026085,,,,final/positive/annotations/wood_day_01/026085.json,day,workspace_final,,False,not plastic
wood_day_01__026122,,,,final/positive/annotations/wood_day_01/026122.json,day,workspace_final,,False,not plastic
wood_day_01__026141,,,,final/positive/annotations/wood_day_01/026141.json,day,workspace_final,,False,not plastic
wood_day_01__026673,,,,final/positive/annotations/wood_day_01/026673.json,day,workspace_final,,False,not plastic
wood_day_01__027445,,,,final/positive/annotations/wood_day_01/027445.json,day,workspace_final,,False,not plastic
wood_day_01__028002,,,,final/positive/annotations/wood_day_01/028002.json,day,workspace_final,,False,not plastic
wood_night_01__029028,,,,final/positive/annotations/wood_night_01/029028.json,night,workspace_final,,False,not plastic
wood_night_01__029246,,,,final/positive/annotations/wood_night_01/029246.json,night,workspace_final,,False,not plastic
wood_night_01__029419,,,,final/positive/annotations/wood_night_01/029419.json,night,workspace_final,,False,not plastic
wood_night_01__029428,,,,final/positive/annotations/wood_night_01/029428.json,night,workspace_final,,False,not plastic
wood_night_01__029619,,,,final/positive/annotations/wood_night_01/029619.json,night,workspace_final,,False,not plastic
wood_night_01__029778,,,,final/positive/annotations/wood_night_01/029778.json,night,workspace_final,,False,not plastic
wood_night_01__029837,,,,final/positive/annotations/wood_night_01/029837.json,night,workspace_final,,False,not plastic
wood_night_01__029892,,,,final/positive/annotations/wood_night_01/029892.json,night,workspace_final,,False,not plastic
wood_night_01__029919,,,,final/positive/annotations/wood_night_01/029919.json,night,workspace_final,,False,not plastic
wood_night_01__029973,,,,final/positive/annotations/wood_night_01/029973.json,night,workspace_final,,False,not plastic
wood_night_01__030019,,,,final/positive/annotations/wood_night_01/030019.json,night,workspace_final,,False,not plastic
wood_night_01__030046,,,,final/positive/annotations/wood_night_01/030046.json,night,workspace_final,,False,not plastic
wood_night_01__030101,,,,final/positive/annotations/wood_night_01/030101.json,night,workspace_final,,False,not plastic
wood_night_01__030192,,,,final/positive/annotations/wood_night_01/030192.json,night,workspace_final,,False,not plastic
wood_night_01__030219,,,,final/positive/annotations/wood_night_01/030219.json,night,workspace_final,,False,not plastic
wood_night_01__030273,,,,final/positive/annotations/wood_night_01/030273.json,night,workspace_final,,False,not plastic
wood_night_01__030282,,,,final/positive/annotations/wood_night_01/030282.json,night,workspace_final,,False,not plastic
wood_night_01__030328,,,,final/positive/annotations/wood_night_01/030328.json,night,workspace_final,,False,not plastic
wood_night_01__030373,,,,final/positive/annotations/wood_night_01/030373.json,night,workspace_final,,False,not plastic
wood_night_01__030410,,,,final/positive/annotations/wood_night_01/030410.json,night,workspace_final,,False,not plastic
wood_night_01__030589,,,,final/positive/annotations/wood_night_01/030589.json,night,workspace_final,,False,not plastic
wood_night_01__030607,,,,final/positive/annotations/wood_night_01/030607.json,night,workspace_final,,False,not plastic
wood_night_01__030652,,,,final/positive/annotations/wood_night_01/030652.json,night,workspace_final,,False,not plastic
wood_night_01__030698,,,,final/positive/annotations/wood_night_01/030698.json,night,workspace_final,,False,not plastic
wood_night_01__030707,,,,final/positive/annotations/wood_night_01/030707.json,night,workspace_final,,False,not plastic
wood_night_01__030743,,,,final/positive/annotations/wood_night_01/030743.json,night,workspace_final,,False,not plastic
wood_night_01__030771,,,,final/positive/annotations/wood_night_01/030771.json,night,workspace_final,,False,not plastic
wood_night_01__030825,,,,final/positive/annotations/wood_night_01/030825.json,night,workspace_final,,False,not plastic
wood_night_01__030898,,,,final/positive/annotations/wood_night_01/030898.json,night,workspace_final,,False,not plastic
wood_night_01__030925,,,,final/positive/annotations/wood_night_01/030925.json,night,workspace_final,,False,not plastic
wood_night_01__031016,,,,final/positive/annotations/wood_night_01/031016.json,night,workspace_final,,False,not plastic
wood_night_01__031153,,,,final/positive/annotations/wood_night_01/031153.json,night,workspace_final,,False,not plastic
wood_night_01__031217,,,,final/positive/annotations/wood_night_01/031217.json,night,workspace_final,,False,not plastic
wood_night_01__031244,,,,final/positive/annotations/wood_night_01/031244.json,night,workspace_final,,False,not plastic
wood_night_01__031298,,,,final/positive/annotations/wood_night_01/031298.json,night,workspace_final,,False,not plastic
wood_night_01__031344,,,,final/positive/annotations/wood_night_01/031344.json,night,workspace_final,,False,not plastic
wood_night_01__031426,,,,final/positive/annotations/wood_night_01/031426.json,night,workspace_final,,False,not plastic
wood_night_01__031571,,,,final/positive/annotations/wood_night_01/031571.json,night,workspace_final,,False,not plastic
wood_night_01__031671,,,,final/positive/annotations/wood_night_01/031671.json,night,workspace_final,,False,not plastic
wood_night_01__031853,,,,final/positive/annotations/wood_night_01/031853.json,night,workspace_final,,False,not plastic
wood_night_01__031953,,,,final/positive/annotations/wood_night_01/031953.json,night,workspace_final,,False,not plastic
wood_night_01__032043,,,,final/positive/annotations/wood_night_01/032043.json,night,workspace_final,,False,not plastic
wood_night_01__032089,,,,final/positive/annotations/wood_night_01/032089.json,night,workspace_final,,False,not plastic
wood_night_01__032167,,,,final/positive/annotations/wood_night_01/032167.json,night,workspace_final,,False,not plastic
wood_night_01__032276,,,,final/positive/annotations/wood_night_01/032276.json,night,workspace_final,,False,not plastic
wood_night_01__032376,,,,final/positive/annotations/wood_night_01/032376.json,night,workspace_final,,False,not plastic
wood_night_01__032494,,,,final/positive/annotations/wood_night_01/032494.json,night,workspace_final,,False,not plastic
wood_night_01__032645,,,,final/positive/annotations/wood_night_01/032645.json,night,workspace_final,,False,not plastic
wood_night_01__032781,,,,final/positive/annotations/wood_night_01/032781.json,night,workspace_final,,False,not plastic
wood_night_01__032890,,,,final/positive/annotations/wood_night_01/032890.json,night,workspace_final,,False,not plastic
wood_night_01__033279,,,,final/positive/annotations/wood_night_01/033279.json,night,workspace_final,,False,not plastic
wood_night_01__033297,,,,final/positive/annotations/wood_night_01/033297.json,night,workspace_final,,False,not plastic
wood_night_01__033421,,,,final/positive/annotations/wood_night_01/033421.json,night,workspace_final,,False,not plastic
wood_night_01__033640,,,,final/positive/annotations/wood_night_01/033640.json,night,workspace_final,,False,not plastic
wood_night_01__033721,,,,final/positive/annotations/wood_night_01/033721.json,night,workspace_final,,False,not plastic
wood_night_01__033821,,,,final/positive/annotations/wood_night_01/033821.json,night,workspace_final,,False,not plastic
