ply
format ascii 1.0
element vertex 5000
property float x
property float y
property float z
property uchar red
property uchar green
property uchar blue
end_header
-15.5857 -11.0986 29.0710 194 195 184
-13.0990 -9.7112 25.4370 97 98 92
-15.8138 -12.2668 32.1310 192 188 177
-15.9744 -12.9482 33.9160 254 255 245
-16.0955 -13.7099 35.9110 163 155 129
-16.2937 -14.5666 38.1550 117 107 93
-17.6275 -16.6476 43.6060 201 197 190
-21.2601 -21.1877 55.4980 254 255 251
-10.4738 -11.0986 29.0710 203 176 154
-8.9580 -10.1334 26.5430 188 170 138
-8.7776 -10.5938 27.7490 184 164 142
-6.3998 -8.3238 21.8030 253 255 242
-7.5578 -10.5938 27.7490 146 147 143
-7.2552 -11.0986 29.0710 201 199 178
-7.3388 -12.2668 32.1310 191 182 165
-8.3680 -15.5378 40.6990 198 192 179
-6.6217 -21.1877 55.4980 254 255 242
-5.9917 -23.3065 61.0480 255 253 233
9.4194 -19.4220 50.8730 193 237 255
8.3971 -15.5378 40.6990 196 240 254
9.9909 -16.6476 43.6060 196 240 254
12.7326 -19.4220 50.8730 196 244 254
-15.5857 -11.0512 29.0710 194 195 184
-13.0576 -9.6698 25.4370 97 97 91
-15.8138 -12.2145 32.1310 192 188 177
-15.9192 -12.8930 33.9160 254 255 245
-16.0955 -13.6514 35.9110 123 118 100
-16.2315 -14.5045 38.1550 105 101 90
-17.6275 -16.5767 43.6060 201 197 190
-19.4055 -19.3392 50.8730 254 255 251
-10.4265 -11.0512 29.0710 197 175 149
-8.9580 -10.0902 26.5430 184 162 134
-8.7325 -10.5487 27.7490 186 166 144
-6.3998 -8.2883 21.8030 253 255 242
-8.2639 -11.6036 30.5240 132 132 126
-6.8349 -10.5487 27.7490 170 168 158
-7.5808 -12.8930 33.9160 195 186 167
-9.4259 -17.8517 46.9600 202 196 181
-6.4409 -21.0973 55.4980 254 255 249
10.9058 -23.2072 61.0480 191 235 249
9.3830 -17.8517 46.9600 193 237 253
9.7069 -16.5767 43.6060 196 240 254
12.4013 -19.3392 50.8730 196 243 255
16.2732 -23.2072 61.0480 197 245 253
-13.2233 -9.6284 25.4370 98 99 93
-14.4498 -11.0039 29.0710 193 185 182
-16.0849 -12.8378 33.9160 233 229 218
-15.3670 -12.8378 33.9160 202 193 176
-16.4179 -14.4424 38.1550 101 99 89
-16.6511 -15.4053 40.6990 201 197 190
-21.4408 -21.0070 55.4980 254 255 249
-12.3850 -12.8378 33.9160 191 172 147
-9.0876 -10.0470 26.5430 180 158 132
-8.8680 -10.5035 27.7490 188 168 146
-6.7471 -8.5583 22.6100 254 255 245
-7.3157 -10.0470 26.5430 187 172 162
-8.1758 -12.1622 32.1310 254 255 245
-6.9717 -11.5539 30.5240 194 185 168
-8.4343 -15.4053 40.6990 204 197 180
-8.1784 -23.1078 61.0480 149 161 163
-5.6557 -19.2564 50.8730 254 255 251
10.0950 -21.0070 55.4980 193 237 253
9.6124 -17.7752 46.9600 196 240 255
9.8489 -16.5057 43.6060 194 238 252
12.6498 -19.2564 50.8730 195 242 255
16.4720 -23.1078 61.0480 196 246 254
-13.0990 -9.5870 25.4370 100 101 95
-15.8138 -12.1099 32.1310 196 192 183
-15.9744 -12.7826 33.9160 254 255 245
-15.2013 -12.7826 33.9160 106 102 93
-16.2937 -14.3803 38.1550 101 102 93
-18.9833 -17.6988 46.9600 194 190 183
-21.2601 -20.9167 55.4980 254 255 251
-10.9973 -11.5042 30.5240 188 164 137
-8.9580 -10.0038 26.5430 174 152 128
-8.7776 -10.4583 27.7490 190 170 148
-6.6367 -8.5215 22.6100 253 255 242
-7.5578 -10.4583 27.7490 178 169 160
-6.8349 -10.4583 27.7490 171 168 154
-7.2341 -12.1099 32.1310 195 186 169
-10.2942 -19.1735 50.8730 203 196 179
-7.7808 -23.0084 61.0480 159 170 166
-5.3244 -19.1735 50.8730 162 158 151
10.9083 -20.9167 55.4980 191 238 251
9.4939 -16.4347 43.6060 192 239 252
12.2357 -19.1735 50.8730 196 240 254
15.9750 -23.0084 61.0480 196 244 254
-12.6543 -9.1635 24.4190 101 102 96
-13.7927 -10.4132 27.7490 194 186 183
-15.2383 -12.0576 32.1310 236 232 223
-14.5059 -12.0576 32.1310 216 210 195
-15.4523 -13.4761 35.9110 103 104 95
-16.5849 -15.2728 40.6990 194 190 183
-21.4408 -20.8263 55.4980 254 255 249
-11.6809 -12.0576 32.1310 187 163 136
-9.5005 -10.4132 27.7490 154 136 114
-8.8680 -10.4132 27.7490 190 170 150
-6.7103 -8.4847 22.6100 254 255 243
-7.3157 -9.9606 26.5430 254 243 220
-6.9253 -10.4132 27.7490 183 183 159
-6.9717 -11.4545 30.5240 194 185 168
-9.6553 -17.6223 46.9600 203 196 179
-7.3445 -20.8263 55.4980 173 191 189
-5.5729 -19.0907 50.8730 251 253 242
10.6372 -20.8263 55.4980 190 237 250
9.2809 -16.3637 43.6060 192 239 252
11.0651 -17.6223 46.9600 197 241 255
15.6768 -22.9090 61.0480 196 244 254
-12.7736 -9.1238 24.4190 99 103 96
-13.3229 -9.9174 26.5430 100 101 95
-13.9291 -10.8619 29.0710 199 197 187
-13.9295 -11.4048 30.5240 219 205 188
-14.7596 -12.6722 33.9160 106 107 98
-15.7346 -14.2560 38.1550 196 192 183
-21.7119 -20.7360 55.4980 241 237 230
-13.2305 -13.4176 35.9110 185 166 141
-10.0951 -10.8619 29.0710 119 102 86
-8.6122 -9.9174 26.5430 192 169 150
-7.0832 -8.7729 23.4800 254 255 243
-7.1352 -9.5041 25.4370 254 255 247
-8.7404 -12.6722 33.9160 255 255 239
-6.1921 -9.9174 26.5430 189 180 163
-9.1787 -16.2927 43.6060 202 195 176
-8.7748 -22.8097 61.0480 254 255 251
-6.1527 -19.0079 50.8730 235 233 223
-5.0759 -19.0079 50.8730 162 159 154
12.1980 -22.8097 61.0480 192 239 252
10.4535 -17.5459 46.9600 194 241 254
14.8817 -22.8097 61.0480 195 242 255
-12.7339 -9.0840 24.4190 100 104 99
-13.8830 -10.3228 27.7490 107 101 105
-13.8818 -10.8146 29.0710 202 200 190
-13.9295 -11.3551 30.5240 218 204 187
-14.7043 -12.6170 33.9160 106 107 98
-16.7174 -15.1403 40.6990 198 194 185
-21.6215 -20.6456 55.4980 254 255 247
-12.4403 -12.6170 33.9160 198 179 152
-10.0478 -10.8146 29.0710 108 94 86
-8.5690 -9.8742 26.5430 192 169 150
-7.3665 -9.0840 24.4190 254 255 243
-7.4022 -9.8742 26.5430 254 255 247
-8.2281 -11.9530 32.1310 254 255 245
-6.4283 -10.3228 27.7490 191 182 165
-9.8082 -17.4694 46.9600 200 193 174
-7.7060 -20.6456 55.4980 254 255 249
-5.9042 -18.9251 50.8730 254 255 249
-5.7929 -22.7103 61.0480 131 131 131
10.7447 -18.9251 50.8730 191 238 251
14.2853 -22.7103 61.0480 195 242 255
-12.6941 -9.0443 24.4190 102 102 102
-13.1932 -9.8310 26.5430 200 193 187
-13.8344 -10.7673 29.0710 200 198 188
-13.8301 -11.3055 30.5240 210 198 182
-13.8781 -11.9007 32.1310 107 109 100
-17.8405 -16.1508 43.6060 200 196 187
-19.6540 -18.8423 50.8730 254 255 249
-12.3850 -12.5618 33.9160 118 99 74
-9.9531 -10.7673 29.0710 108 101 93
-8.5258 -9.8310 26.5430 191 168 149
-7.0067 -8.6965 23.4800 254 255 245
-7.3590 -9.8310 26.5430 254 255 247
-8.1758 -11.9007 32.1310 254 255 245
-6.3831 -10.2777 27.7490 191 182 165
-9.7318 -17.3930 46.9600 199 192 175
-9.3712 -22.6109 61.0480 254 255 251
-6.2146 -17.3930 46.9600 226 226 226
-5.1442 -17.3930 46.9600 248 253 243
-3.2783 -20.5553 55.4980 222 228 226
4.5444 -22.6109 61.0480 195 245 253
11.3245 -18.8423 50.8730 194 241 254
-12.4353 -8.6583 23.4800 215 221 204
-12.8920 -9.3799 25.4370 107 114 108
-12.8907 -9.7878 26.5430 196 194 186
-14.1283 -11.2558 30.5240 254 255 251
-12.8404 -10.7200 29.0710 112 110 102
-14.2073 -12.5066 33.9160 117 109 106
-20.2338 -18.7595 50.8730 203 199 190
-15.2596 -15.0078 40.6990 198 195 181
-10.7488 -11.2558 30.5240 112 114 103
-8.7851 -9.7878 26.5430 176 156 136
-7.8392 -9.3799 25.4370 191 170 153
-7.0086 -9.0045 24.4190 254 255 239
-8.4897 -11.8483 32.1310 188 169 154
-6.0998 -9.3799 25.4370 161 158 142
-8.2798 -14.0697 38.1550 198 189 172
-9.1518 -20.4650 55.4980 131 130 130
-6.7498 -17.3166 46.9600 254 255 251
-5.6794 -17.3166 46.9600 231 233 224
-4.6854 -17.3166 46.9600 176 185 176
-3.0072 -20.4650 55.4980 177 201 201
3.6794 -20.4650 55.4980 196 244 252
13.3907 -22.5115 61.0480 195 242 255
-12.2060 -8.6201 23.4800 92 95 98
-13.2364 -9.7446 26.5430 132 133 129
-13.2053 -10.1873 27.7490 197 193 184
-13.2191 -10.6726 29.0710 210 198 182
-13.1840 -11.2061 30.5240 105 110 100
-16.7174 -14.9416 40.6990 200 196 187
-19.7368 -18.6767 50.8730 254 255 249
-12.4403 -12.4514 33.9160 205 187 165
-10.5003 -11.2061 30.5240 120 129 120
-8.1706 -9.3385 25.4370 187 164 143
-7.3267 -8.9648 24.4190 254 255 239
-7.3590 -9.7446 26.5430 254 255 243
-8.2281 -11.7960 32.1310 254 255 245
-6.1057 -9.7446 26.5430 192 183 166
-11.5915 -20.3746 55.4980 202 195 178
-8.5192 -20.3746 55.4980 254 255 245
-5.6998 -16.0088 43.6060 254 255 251
-5.1442 -17.2401 46.9600 249 254 244
-3.5494 -20.3746 55.4980 254 255 251
3.4510 -22.4122 61.0480 199 248 251
-12.5883 -8.5818 23.4800 199 197 187
-12.5748 -8.9250 24.4190 92 100 99
-13.0636 -9.7014 26.5430 193 189 180
-14.3271 -11.1564 30.5240 254 255 247
-12.4372 -10.1421 27.7490 121 119 111
-12.9852 -11.1564 30.5240 101 105 98
-20.5651 -18.5939 50.8730 200 196 187
-17.9129 -17.1637 46.9600 254 255 251
-10.9973 -11.1564 30.5240 122 124 113
-9.3650 -10.1421 27.7490 123 140 126
-8.3529 -9.7014 26.5430 188 165 144
-6.8920 -8.5818 23.4800 254 255 247
-7.8705 -10.6253 29.0710 254 255 245
-6.9253 -10.1421 27.7490 182 180 157
-6.5925 -10.6253 29.0710 193 186 169
-12.5519 -22.3128 61.0480 202 195 178
-7.1321 -17.1637 46.9600 254 255 249
-5.2535 -14.8753 40.6990 254 255 251
-5.0677 -17.1637 46.9600 167 174 166
-4.3019 -22.3128 61.0480 254 255 251
-2.7362 -20.2843 55.4980 155 166 166
3.3728 -18.5939 50.8730 196 244 252
-12.3971 -8.5436 23.4800 125 128 110
-13.4093 -9.6581 26.5430 117 129 121
-12.2707 -9.2557 25.4370 198 196 186
-14.0786 -11.1067 30.5240 255 252 239
-12.1662 -10.0970 27.7490 106 106 102
-14.9846 -13.0669 35.9110 181 178 173
-20.0681 -18.5110 50.8730 192 188 179
-15.1933 -14.8091 40.6990 204 186 164
-11.2624 -11.6914 32.1310 128 138 124
-8.7419 -9.6581 26.5430 178 162 141
-7.7978 -9.2557 25.4370 212 191 174
-6.9291 -8.8853 24.4190 254 255 245
-8.4374 -11.6914 32.1310 208 192 169
-6.0998 -9.2557 25.4370 163 159 148
-8.3419 -13.8834 38.1550 200 193 176
-7.7438 -17.0872 46.9600 197 215 211
-6.2678 -15.8668 43.6060 254 255 251
-5.2738 -15.8668 43.6060 230 231 222
-4.9930 -18.5110 50.8730 148 166 162
-3.1708 -18.5110 50.8730 254 255 251
2.9566 -20.1939 55.4980 198 247 250
4.1312 -20.1939 55.4980 195 243 251
-12.6543 -8.8455 24.4190 100 106 104
-13.1932 -9.6149 26.5430 198 194 185
-13.7871 -10.5307 29.0710 248 244 233
-12.5276 -10.0518 27.7490 255 245 227
-12.5091 -10.5307 29.0710 101 105 100
-17.7695 -15.7958 43.6060 193 189 180
-18.1423 -17.0108 46.9600 254 255 249
-11.6809 -11.6391 32.1310 115 108 100
-10.4506 -11.0570 30.5240 125 140 126
-8.1291 -9.2143 25.4370 189 169 147
-6.9685 -8.5054 23.4800 254 255 239
-7.3157 -9.6149 26.5430 253 255 242
-7.3498 -10.5307 29.0710 254 255 236
-6.1489 -9.6149 26.5430 189 182 165
-11.5915 -20.1036 55.4980 203 196 179
-6.9777 -15.7958 43.6060 140 151 147
-5.2358 -13.8213 38.1550 254 255 251
-4.6571 -14.7428 40.6990 254 255 249
-5.1759 -20.1036 55.4980 200 200 200
-3.5849 -18.4282 50.8730 254 255 251
-2.5081 -18.4282 50.8730 160 166 164
2.7311 -17.0108 46.9600 195 244 249
-12.1218 -8.1534 22.6100 200 198 188
-13.0576 -9.1729 25.4370 95 103 100
-13.0636 -9.5717 26.5430 198 194 185
-14.3271 -11.0073 30.5240 254 255 247
-11.8535 -9.5717 26.5430 112 109 104
-11.8047 -10.0066 27.7490 98 105 99
-20.4823 -18.3454 50.8730 198 194 185
-16.6335 -15.7249 43.6060 254 255 251
-10.9476 -11.0073 30.5240 129 137 124
-9.3650 -10.0066 27.7490 121 136 122
-8.3529 -9.5717 26.5430 189 169 147
-6.8538 -8.4672 23.4800 254 255 247
-7.5126 -10.0066 27.7490 254 255 243
-6.5811 -9.5717 26.5430 180 178 155
-6.5925 -10.4834 29.0710 194 187 170
-10.8621 -22.0146 61.0480 254 255 251
-6.3800 -14.6766 40.6990 117 123 121
-4.8109 -12.9499 35.9110 254 255 251
-4.5246 -14.6766 40.6990 254 255 251
-4.9952 -20.0133 55.4980 254 255 249
-2.9308 -15.7249 43.6060 254 255 251
-2.3425 -18.3454 50.8730 250 250 250
2.4617 -18.3454 50.8730 199 248 249
3.0330 -15.7249 43.6060 194 242 252
-12.7736 -8.7660 24.4190 103 109 107
-13.8830 -9.9615 27.7490 128 137 130
-12.7178 -9.5285 26.5430 200 198 190
-13.2664 -10.4360 29.0710 218 203 191
-11.5510 -9.5285 26.5430 101 105 98
-16.7837 -14.6103 40.6990 196 189 181
-18.3716 -16.8579 46.9600 254 252 244
-13.2305 -12.8915 35.9110 196 177 152
-11.1054 -11.5345 32.1310 108 113 103
-8.2534 -9.1315 25.4370 189 169 147
-7.3665 -8.7660 24.4190 255 255 241
-7.1352 -9.1315 25.4370 253 255 240
-7.8663 -10.9576 30.5240 254 255 235
-6.0169 -9.1315 25.4370 198 189 172
-9.3207 -15.6539 43.6060 199 192 175
-6.2919 -13.6970 38.1550 210 224 213
-5.8499 -14.6103 40.6990 254 255 251
-4.6145 -13.6970 38.1550 254 255 249
-4.6854 -16.8579 46.9600 161 184 178
-3.9162 -18.2626 50.8730 255 255 249
-2.4338 -15.6539 43.6060 190 193 194
-2.0158 -21.9153 61.0480 145 143 150
2.6070 -15.6539 43.6060 195 243 251
-12.0482 -8.0798 22.6100 206 203 187
-13.5389 -9.4853 26.5430 86 94 93
-12.9771 -9.4853 26.5430 198 194 187
-14.2277 -10.9079 30.5240 254 255 249
-11.3182 -9.0901 25.4370 115 115 109
-12.8858 -10.9079 30.5240 97 109 101
-18.8304 -16.7815 46.9600 199 195 186
-16.4915 -15.5829 43.6060 254 255 249
-10.8482 -10.9079 30.5240 108 113 103
-8.8715 -9.4853 26.5430 119 115 104
-8.2665 -9.4853 26.5430 189 169 147
-6.8156 -8.3907 23.4800 254 255 245
-7.7758 -10.3887 29.0710 254 255 243
-6.2654 -9.0901 25.4370 181 181 161
-6.8226 -10.9079 30.5240 194 187 170
-8.8861 -18.1798 50.8730 253 254 248
-5.8570 -13.6349 38.1550 175 176 170
-4.4332 -12.1201 33.9160 254 255 251
-4.4583 -14.5441 40.6990 249 253 246
-4.4132 -18.1798 50.8730 186 188 175
-2.6692 -14.5441 40.6990 254 255 251
-2.1768 -18.1798 50.8730 254 254 254
2.5048 -19.8326 55.4980 201 248 247
2.8910 -15.5829 43.6060 192 240 250
-12.8531 -8.6865 24.4190 104 112 111
-14.6864 -10.3414 29.0710 89 97 96
-12.8043 -9.4421 26.5430 196 194 184
-14.8198 -11.4299 32.1310 246 239 229
-10.7062 -8.6865 24.4190 113 118 108
-14.0969 -12.0649 33.9160 182 178 169
-17.2015 -15.5119 43.6060 203 199 190
-15.1270 -14.4778 40.6990 201 186 160
-10.6991 -10.8583 30.5240 100 105 95
-8.0026 -8.6865 24.4190 187 164 145
-7.7978 -9.0487 25.4370 201 177 161
-6.6627 -8.3525 23.4800 253 255 244
-7.6338 -10.3414 29.0710 252 255 233
-5.8556 -8.6865 24.4190 165 162 148
-7.7928 -12.7746 35.9110 199 192 175
-7.5457 -15.5119 43.6060 190 191 185
-5.7327 -13.5728 38.1550 254 255 247
-4.3780 -12.0649 33.9160 254 255 251
-4.3258 -14.4778 40.6990 186 201 196
-3.9973 -16.7050 46.9600 247 252 240
-2.3781 -13.5728 38.1550 254 255 251
-2.0112 -18.0970 50.8730 253 253 253
2.1959 -16.7050 46.9600 198 247 250
3.2663 -16.7050 46.9600 194 242 252
-12.8134 -8.6468 24.4190 95 103 104
-14.5918 -10.2941 29.0710 88 96 95
-13.3409 -9.8259 27.7490 194 190 181
-13.3138 -10.2941 29.0710 222 207 195
-11.0697 -9.0073 25.4370 100 108 97
-14.8676 -12.7161 35.9110 195 188 180
-17.0595 -15.4409 43.6060 254 252 244
-15.0608 -14.4115 40.6990 196 177 152
-10.5997 -10.8086 30.5240 98 103 93
-7.9628 -8.6468 24.4190 187 164 145
-7.4062 -8.6468 24.4190 255 254 230
-6.8496 -8.6468 24.4190 225 226 199
-7.5392 -10.2941 29.0710 254 255 237
-5.7761 -8.6468 24.4190 195 187 173
-8.7656 -14.4115 40.6990 201 194 177
-6.4782 -13.5107 38.1550 225 237 227
-6.0487 -14.4115 40.6990 254 255 249
-4.2675 -12.0097 33.9160 254 255 251
-4.4928 -15.4409 43.6060 198 223 214
-3.8444 -16.6286 46.9600 177 184 178
-2.2539 -13.5107 38.1550 254 255 251
-2.1036 -19.6519 55.4980 195 201 201
2.3488 -16.6286 46.9600 196 245 250
3.9505 -19.6519 55.4980 194 242 252
-13.7550 -9.3557 26.5430 96 104 101
-14.4498 -10.2467 29.0710 196 192 185
-15.2383 -11.3253 32.1310 255 254 242
-11.9831 -9.3557 26.5430 255 245 226
-10.9454 -8.9659 25.4370 104 111 105
-16.5849 -14.3453 40.6990 200 193 185
-16.8465 -15.3699 43.6060 254 255 249
-11.6809 -11.3253 32.1310 122 110 94
-9.5005 -9.7808 27.7490 90 99 90
-8.1291 -8.9659 25.4370 190 167 148
-6.9685 -8.2761 23.4800 254 255 245
-6.7303 -8.6070 24.4190 255 255 223
-7.0156 -9.7808 27.7490 253 255 238
-5.8927 -8.9659 25.4370 192 185 168
-10.6255 -17.9314 50.8730 203 196 179
-5.7033 -11.9545 33.9160 201 225 213
-5.5464 -13.4486 38.1550 254 255 251
-3.9383 -11.3253 32.1310 254 255 251
-4.4218 -15.3699 43.6060 198 218 211
-3.1993 -14.3453 40.6990 154 155 151
-2.1917 -13.4486 38.1550 252 255 251
-1.7627 -17.9314 50.8730 184 201 202
2.1810 -15.3699 43.6060 195 243 251
4.0409 -19.5615 55.4980 195 243 253
-14.3348 -9.7356 27.7490 90 101 97
-14.4024 -10.1994 29.0710 194 190 183
-15.1860 -11.2730 32.1310 255 255 245
-11.9831 -9.3125 26.5430 255 244 224
-10.9040 -8.9244 25.4370 101 113 105
-16.5849 -14.2790 40.6990 195 188 180
-16.7755 -15.2990 43.6060 254 255 249
-11.6286 -11.2730 32.1310 123 111 95
-9.4553 -9.7356 27.7490 85 99 90
-8.0877 -8.9244 25.4370 190 167 148
-6.9685 -8.2378 23.4800 254 255 243
-6.9695 -8.9244 25.4370 255 251 221
-7.0156 -9.7356 27.7490 253 255 238
-5.8513 -8.9244 25.4370 195 186 169
-10.5427 -17.8485 50.8730 203 196 179
-5.2462 -11.2730 32.1310 220 244 232
-5.3600 -13.3865 38.1550 254 255 251
-4.0466 -11.8993 33.9160 254 255 251
-4.2088 -15.2990 43.6060 142 149 143
-3.0668 -14.2790 40.6990 144 136 133
-2.0054 -13.3865 38.1550 252 255 249
-1.7422 -19.4712 55.4980 153 158 163
2.3940 -15.2990 43.6060 194 242 250
-12.5118 -8.1996 23.4800 209 203 190
-14.8757 -10.1521 29.0710 77 88 86
-14.2131 -10.1521 29.0710 199 195 186
-15.8640 -11.8441 33.9160 254 255 249
-10.8652 -8.5275 24.4190 117 118 109
-11.2485 -9.2693 26.5430 101 113 105
-17.4855 -15.2280 43.6060 194 187 179
-16.4915 -15.2280 43.6060 254 255 249
-10.8979 -10.6595 30.5240 107 105 95
-8.5019 -8.8830 25.4370 110 101 96
-8.3097 -9.2693 26.5430 190 167 146
-6.3288 -7.6140 21.8030 254 255 247
-6.8452 -8.8830 25.4370 254 255 230
-6.2654 -8.8830 25.4370 171 168 154
-6.8226 -10.6595 30.5240 195 188 171
-12.3531 -21.3190 61.0480 200 193 176
-5.1415 -11.2207 32.1310 157 172 154
-4.9863 -12.5407 35.9110 246 247 243
-3.9362 -11.8441 33.9160 254 255 251
-4.1378 -15.2280 43.6060 169 173 168
-2.7508 -13.3244 38.1550 124 120 121
-2.0065 -14.2128 40.6990 251 255 248
-1.7176 -21.3190 61.0480 173 173 173
2.3940 -15.2280 43.6060 194 242 250
-12.5500 -8.1614 23.4800 198 196 188
-14.8757 -10.1048 29.0710 77 88 88
-14.9732 -10.6098 30.5240 199 195 186
-15.8640 -11.7888 33.9160 254 255 249
-10.4474 -8.1614 23.4800 118 119 108
-11.2485 -9.2261 26.5430 103 112 105
-16.3198 -14.1465 40.6990 197 193 184
-16.5625 -15.1570 43.6060 254 255 249
-10.3791 -10.1048 29.0710 108 104 95
-8.5433 -8.8416 25.4370 89 97 94
-8.3097 -9.2261 26.5430 191 168 147
-6.3643 -7.5785 21.8030 254 255 247
-6.8452 -8.8416 25.4370 253 255 223
-6.2654 -8.8416 25.4370 189 183 168
-6.2475 -9.6453 27.7490 196 187 170
-11.2300 -19.2905 55.4980 200 193 176
-5.4031 -11.1684 32.1310 198 224 211
-5.5464 -13.2623 38.1550 254 255 251
-3.9906 -11.1684 32.1310 254 255 251
-4.1270 -14.1465 40.6990 177 203 190
-2.9993 -13.2623 38.1550 176 180 175
-2.0628 -12.4823 35.9110 254 255 251
-1.7627 -17.6829 50.8730 183 202 206
2.1194 -16.3228 46.9600 197 246 251
3.7698 -19.2905 55.4980 194 242 252
-14.3800 -9.6001 27.7490 93 104 102
-15.9184 -11.1161 32.1310 199 192 186
-16.9725 -12.4238 35.9110 255 255 247
-11.9831 -9.1829 26.5430 255 251 230
-10.4676 -8.4480 24.4190 105 111 109
-15.5482 -13.2002 38.1550 198 194 185
-16.7755 -15.0860 43.6060 254 255 249
-11.6809 -11.1161 32.1310 127 115 99
-8.6675 -8.8002 25.4370 85 98 93
-8.0877 -8.8002 25.4370 191 168 147
-6.7103 -7.8222 22.6100 253 255 242
-6.6906 -8.4480 24.4190 252 225 203
-7.3498 -10.0574 29.0710 254 255 243
-5.8513 -8.8002 25.4370 191 182 165
-9.8082 -16.2464 46.9600 203 196 179
-6.6025 -13.2002 38.1550 188 192 185
-5.3956 -12.4238 35.9110 254 255 251
-4.1475 -11.1161 32.1310 254 255 249
-4.0554 -13.2002 38.1550 244 254 242
-3.4644 -14.0803 40.6990 247 252 240
-2.2382 -12.4238 35.9110 254 255 251
-1.9329 -16.2464 46.9600 252 255 251
2.0475 -17.6001 50.8730 198 247 250
3.1243 -17.6001 50.8730 194 242 250
-14.4252 -9.5549 27.7490 94 105 103
-15.1720 -10.5104 30.5240 196 189 183
-16.1401 -11.6784 33.9160 203 201 191
-12.5728 -9.5549 27.7490 210 197 184
-10.5471 -8.4083 24.4190 101 107 105
-15.6103 -13.1381 38.1550 199 195 184
-16.9175 -15.0150 43.6060 254 255 247
-12.3850 -11.6784 33.9160 204 177 151
-8.7090 -8.7588 25.4370 88 102 93
-7.5419 -8.0850 23.4800 191 168 147
-6.7471 -7.7854 22.6100 254 255 245
-6.5098 -8.0850 23.4800 134 114 104
-7.3972 -10.0101 29.0710 254 255 247
-5.9341 -8.7588 25.4370 191 179 161
-9.1787 -15.0150 43.6060 204 197 180
-9.0517 -17.5173 50.8730 254 255 251
-5.2615 -11.6784 33.9160 176 173 170
-4.2522 -11.0638 32.1310 224 225 216
-3.9923 -12.3654 35.9110 254 255 251
-3.3721 -13.1381 38.1550 254 255 249
-2.5645 -13.1381 38.1550 254 254 254
-2.0858 -16.1699 46.9600 252 255 251
2.0530 -19.1098 55.4980 198 247 250
2.7311 -16.1699 46.9600 195 243 251
-13.8847 -9.0964 26.5430 96 102 102
-16.1277 -11.0115 32.1310 81 92 92
-17.2064 -12.3069 35.9110 197 195 185
-13.3138 -9.9628 29.0710 218 206 190
-10.2180 -8.0467 23.4800 100 101 95
-13.9865 -11.6232 33.9160 197 193 182
-15.9222 -13.9478 40.6990 255 251 244
-14.0572 -13.0759 38.1550 198 176 152
-9.2173 -9.0964 26.5430 92 101 92
-7.3361 -7.7486 22.6100 188 165 146
-7.4062 -8.3685 24.4190 255 255 233
-6.3422 -7.7486 22.6100 142 140 117
-7.4918 -9.9628 29.0710 254 255 237
-6.0169 -8.7174 25.4370 198 189 172
-8.6993 -13.9478 40.6990 205 196 179
-10.6879 -19.0195 55.4980 208 201 184
-5.1938 -11.0115 32.1310 211 231 212
-5.0448 -12.3069 35.9110 254 255 251
-4.2262 -12.3069 35.9110 254 255 251
-3.9282 -13.9478 40.6990 157 166 159
-2.8130 -13.0759 38.1550 176 188 180
-2.0728 -13.9478 40.6990 254 255 251
-1.8170 -20.9215 61.0480 153 163 166
2.2520 -14.9440 43.6060 195 243 251
7.3951 -16.0935 46.9600 191 238 251
8.4655 -16.0935 46.9600 192 239 252
-13.9279 -9.0532 26.5430 94 100 100
-16.1277 -10.9592 32.1310 81 92 92
-18.2816 -13.0138 38.1550 191 189 179
-13.9792 -10.4111 30.5240 216 207 190
-10.6267 -8.3288 24.4190 98 99 93
-14.0417 -11.5680 33.9160 193 189 178
-15.9222 -13.8815 40.6990 255 252 243
-15.0608 -13.8815 40.6990 198 176 152
-9.2173 -9.0532 26.5430 93 100 92
-7.3361 -7.7118 22.6100 184 164 144
-7.4062 -8.3288 24.4190 255 255 230
-6.3422 -7.7118 22.6100 151 149 126
-7.9160 -10.4111 30.5240 254 255 239
-6.0169 -8.6760 25.4370 198 189 172
-8.2177 -13.0138 38.1550 204 195 176
-10.6879 -18.9292 55.4980 207 200 183
-5.1415 -10.9592 32.1310 149 169 150
-4.7093 -11.5680 33.9160 235 236 232
-4.4282 -13.0138 38.1550 254 255 251
-3.8620 -13.8815 40.6990 169 170 164
-2.9342 -13.8815 40.6990 177 191 182
-2.0728 -13.8815 40.6990 254 255 251
1.8607 -20.8221 61.0480 205 250 250
2.5017 -16.0170 46.9600 195 243 251
6.9379 -14.8731 43.6060 191 238 251
9.2538 -17.3517 50.8730 192 239 252
-13.8847 -9.0100 26.5430 83 94 92
-16.0754 -10.9069 32.1310 89 91 97
-18.2816 -12.9517 38.1550 196 194 184
-13.9295 -10.3614 30.5240 210 201 184
-10.6267 -8.2890 24.4190 97 98 92
-13.9865 -11.5128 33.9160 197 193 182
-15.8560 -13.8153 40.6990 254 255 245
-14.0572 -12.9517 38.1550 198 179 154
-9.1741 -9.0100 26.5430 92 99 91
-7.3361 -7.6750 22.6100 185 165 143
-7.0832 -7.9703 23.4800 254 255 241
-6.3422 -7.6750 22.6100 154 153 127
-7.8663 -10.3614 30.5240 254 255 239
-5.9755 -8.6346 25.4370 189 180 163
-8.1555 -12.9517 38.1550 205 196 177
-11.6573 -20.7228 61.0480 204 196 182
-5.3508 -10.9069 32.1310 198 207 200
-5.1617 -12.1900 35.9110 254 255 251
-4.4016 -12.1900 35.9110 254 255 247
-4.0608 -13.8153 40.6990 252 254 245
-3.1330 -13.8153 40.6990 170 194 194
-2.1296 -12.9517 38.1550 252 255 251
-1.8325 -18.8388 55.4980 174 185 185
2.0390 -14.8021 43.6060 194 242 250
7.6800 -17.2689 50.8730 190 237 250
6.5676 -12.9517 38.1550 191 238 251
-13.0917 -8.2493 24.4190 194 190 183
-14.9231 -9.8208 29.0710 85 98 97
-16.6923 -11.4576 33.9160 193 191 183
-19.1029 -13.7490 40.6990 254 255 247
-11.4010 -8.5932 25.4370 114 112 102
-10.8212 -8.5932 25.4370 86 93 87
-15.4239 -12.8896 38.1550 196 192 181
-16.6335 -14.7311 43.6060 254 255 251
-10.9476 -10.3117 30.5240 108 106 96
-7.9242 -7.9321 23.4800 82 93 91
-8.0049 -8.5932 25.4370 186 166 144
-6.1791 -7.1115 21.0510 253 255 242
-7.1861 -8.9668 26.5430 126 109 95
-7.2552 -9.8208 29.0710 253 255 227
-6.2927 -9.3742 27.7490 197 188 167
-9.5788 -15.8641 46.9600 200 193 176
-11.1603 -20.6234 61.0480 254 255 247
-5.3167 -11.4576 33.9160 152 156 149
-4.5988 -11.4576 33.9160 176 172 163
-4.8478 -14.7311 43.6060 254 255 251
-3.6632 -13.7490 40.6990 254 255 247
-3.1563 -15.8641 46.9600 254 254 254
-2.0079 -14.7311 43.6060 252 255 251
1.8136 -15.8641 46.9600 198 244 250
3.7492 -20.6234 61.0480 194 242 250
6.3813 -12.8896 38.1550 191 238 251
10.5468 -18.7485 55.4980 192 239 252
-13.7982 -8.9236 26.5430 102 125 119
-15.9707 -10.8023 32.1310 190 188 180
-19.3680 -13.6828 40.6990 211 207 198
-13.1718 -9.7735 29.0710 217 205 189
-10.9454 -8.5518 25.4370 89 93 88
-14.6922 -12.0731 35.9110 189 185 174
-16.8465 -14.6601 43.6060 254 255 249
-13.1136 -12.0731 35.9110 195 172 142
-8.7090 -8.5518 25.4370 89 103 94
-7.2625 -7.6014 22.6100 188 168 146
-6.7471 -7.6014 22.6100 254 255 243
-6.7303 -8.2095 24.4190 145 136 119
-8.1758 -10.8023 32.1310 254 255 243
-5.8927 -8.5518 25.4370 193 181 163
-8.5668 -13.6828 40.6990 202 193 176
-11.4585 -20.5240 61.0480 206 200 187
-5.2462 -10.8023 32.1310 194 206 198
-4.7645 -11.4024 33.9160 254 255 251
-4.7897 -13.6828 40.6990 252 255 249
-3.9282 -13.6828 40.6990 255 253 248
-3.2148 -14.6601 43.6060 153 166 163
-2.1391 -13.6828 40.6990 252 255 247
1.9601 -20.5240 61.0480 200 246 248
2.7102 -17.1032 50.8730 195 243 251
6.7959 -14.6601 43.6060 191 238 251
7.2706 -13.6828 40.6990 191 238 251
12.1980 -20.5240 61.0480 194 241 254
-13.7118 -8.8804 26.5430 85 102 105
-15.9184 -10.7500 32.1310 192 190 182
-19.2355 -13.6165 40.6990 255 255 247
-11.9831 -8.8804 26.5430 255 253 232
-10.9040 -8.5104 25.4370 91 100 93
-14.6338 -12.0146 35.9110 194 190 181
-16.7755 -14.5891 43.6060 254 255 249
-11.6286 -10.7500 32.1310 130 118 100
-8.0007 -7.8556 23.4800 90 106 97
-7.4655 -7.8556 23.4800 188 168 146
-6.7103 -7.5646 22.6100 253 255 242
-6.9695 -8.5104 25.4370 139 132 115
-8.5748 -11.3472 33.9160 253 255 238
-6.1057 -8.8804 26.5430 194 185 164
-9.0367 -14.5891 43.6060 206 197 178
-11.3591 -20.4246 61.0480 245 239 226
-5.5376 -11.3472 33.9160 165 177 169
-4.5661 -10.7500 32.1310 254 255 251
-5.2028 -14.5891 43.6060 252 255 249
-4.2798 -14.5891 43.6060 254 255 251
-3.5386 -15.7113 46.9600 169 195 195
-2.2919 -14.5891 43.6060 254 255 249
1.8607 -20.4246 61.0480 201 247 249
2.7102 -17.0204 50.8730 194 242 250
7.5972 -17.0204 50.8730 191 238 251
6.5676 -12.7654 38.1550 194 241 254
9.0772 -15.7113 46.9600 194 241 254
13.1919 -20.4246 61.0480 196 244 254
-13.7550 -8.8372 26.5430 109 134 125
-15.9707 -10.6977 32.1310 190 188 180
-20.6804 -14.5181 43.6060 254 255 249
-13.1718 -9.6789 29.0710 220 208 192
-11.4213 -8.8372 26.5430 96 105 98
-14.6922 -11.9562 35.9110 197 193 184
-16.8465 -14.5181 43.6060 254 255 249
-12.3298 -11.2920 33.9160 126 114 96
-8.7090 -8.4690 25.4370 97 106 97
-7.5037 -7.8174 23.4800 191 168 147
-6.7471 -7.5277 22.6100 254 255 245
-6.7303 -8.1300 24.4190 143 135 121
-9.1376 -11.9562 35.9110 254 255 239
-6.1489 -8.8372 26.5430 193 181 163
-8.5668 -13.5503 40.6990 205 196 177
-11.4585 -20.3253 61.0480 206 200 187
-5.9218 -11.9562 35.9110 221 233 223
-4.5138 -10.6977 32.1310 254 255 251
-5.5265 -15.6348 46.9600 252 255 251
-4.2088 -14.5181 43.6060 254 255 251
-3.7506 -16.9376 50.8730 156 169 166
-2.4681 -15.6348 46.9600 237 237 233
1.8722 -18.4774 55.4980 199 245 251
3.1373 -18.4774 55.4980 194 242 252
6.7249 -14.5181 43.6060 191 238 251
6.7540 -12.7033 38.1550 192 239 252
10.0821 -16.9376 50.8730 194 241 254
-13.6375 -8.4276 25.4370 195 193 183
-14.2896 -9.1936 27.7490 99 114 111
-16.6923 -11.2367 33.9160 196 194 186
-19.1029 -13.4840 40.6990 254 255 251
-11.8967 -8.7940 26.5430 118 119 110
-11.2917 -8.7940 26.5430 89 101 93
-15.4239 -12.6412 38.1550 198 194 185
-16.6335 -14.4472 43.6060 254 255 251
-11.5763 -10.6454 32.1310 111 109 101
-7.6306 -7.4909 22.6100 89 96 88
-7.6845 -8.0903 24.4190 186 166 144
-6.1791 -6.9744 21.0510 253 255 242
-7.8705 -9.6315 29.0710 142 134 120
-8.0189 -10.6454 32.1310 253 255 227
-6.2927 -9.1936 27.7490 196 187 166
-8.9657 -14.4472 43.6060 205 196 177
-11.1603 -20.2259 61.0480 254 255 247
-5.7464 -11.8977 35.9110 135 149 138
-4.5988 -11.2367 33.9160 184 188 183
-5.7385 -16.8548 50.8730 252 255 251
-3.9958 -14.4472 43.6060 252 255 251
-3.8205 -18.3871 55.4980 174 173 173
-2.2388 -15.5584 46.9600 250 255 247
1.9647 -16.8548 50.8730 196 245 250
8.2221 -20.2259 61.0480 191 238 251
6.3429 -13.4840 40.6990 191 238 251
6.8161 -12.6412 38.1550 192 239 252
10.1649 -16.8548 50.8730 194 241 254
13.5895 -20.2259 61.0480 196 244 254
-13.7550 -8.7508 26.5430 122 136 127
-15.9184 -10.5931 32.1310 193 189 180
-20.6804 -14.3762 43.6060 254 255 247
-13.1244 -9.5842 29.0710 255 251 231
-11.8951 -9.1484 27.7490 103 111 108
-15.5482 -12.5791 38.1550 198 194 185
-16.7755 -14.3762 43.6060 254 255 249
-12.3298 -11.1815 33.9160 119 110 93
-8.0007 -7.7410 23.4800 92 99 91
-7.2257 -7.4541 22.6100 184 164 142
-6.7103 -7.4541 22.6100 254 255 247
-7.2725 -8.7508 26.5430 137 132 114
-9.6465 -12.5791 38.1550 254 255 237
-6.1057 -8.7508 26.5430 196 184 164
-9.1077 -14.3762 43.6060 205 196 177
-11.3591 -20.1265 61.0480 242 235 225
-6.2919 -12.5791 38.1550 245 255 243
-4.4091 -10.5931 32.1310 168 174 172
-5.8213 -16.7720 50.8730 252 255 251
-4.0668 -14.3762 43.6060 252 255 251
-4.3019 -20.1265 61.0480 168 167 167
-2.5081 -16.7720 50.8730 240 240 236
2.0475 -16.7720 50.8730 196 244 252
8.2221 -20.1265 61.0480 190 239 252
6.4091 -13.4178 40.6990 190 239 252
6.8782 -12.5791 38.1550 190 239 252
10.2477 -16.7720 50.8730 192 241 254
13.6889 -20.1265 61.0480 195 245 255
-13.7118 -8.7076 26.5430 137 137 131
-15.8661 -10.5407 32.1310 193 189 180
-20.6094 -14.3052 43.6060 255 255 247
-12.4824 -9.1032 27.7490 176 164 144
-12.4144 -9.5369 29.0710 106 113 107
-15.4861 -12.5170 38.1550 198 194 185
-16.7045 -14.3052 43.6060 254 255 251
-11.6286 -10.5407 32.1310 127 118 99
-7.9625 -7.7027 23.4800 100 110 98
-7.4655 -7.7027 23.4800 185 165 143
-6.4353 -7.1526 21.8030 254 255 247
-7.6030 -9.1032 27.7490 163 161 142
-9.5844 -12.5170 38.1550 254 255 236
-6.0625 -8.7076 26.5430 197 185 165
-9.0367 -14.3052 43.6060 203 194 175
-11.2597 -20.0271 61.0480 254 255 247
-6.6451 -13.3515 40.6990 248 255 241
-4.4884 -11.1263 33.9160 172 187 184
-6.1699 -18.2064 55.4980 252 255 251
-3.8538 -14.3052 43.6060 251 255 248
-4.0037 -20.0271 61.0480 254 254 254
-2.4651 -18.2064 55.4980 250 255 249
2.6855 -18.2064 55.4980 195 243 251
7.0173 -16.6892 50.8730 189 238 251
5.7721 -11.7808 35.9110 190 239 252
6.5322 -11.7808 35.9110 190 239 252
9.6124 -15.4055 46.9600 192 241 254
13.8877 -20.0271 61.0480 195 245 255
-13.7550 -8.6644 26.5430 158 153 149
-15.9184 -10.4884 32.1310 191 184 176
-19.3017 -13.2853 40.6990 254 255 244
-13.1244 -9.4896 29.0710 238 229 208
-11.9403 -9.0580 27.7490 119 120 116
-15.5482 -12.4548 38.1550 197 193 184
-16.7755 -14.2342 43.6060 254 255 249
-11.6809 -10.4884 32.1310 131 122 103
-8.0007 -7.6645 23.4800 106 116 102
-7.2257 -7.3805 22.6100 188 168 146
-6.7103 -7.3805 22.6100 254 255 247
-7.0109 -8.3033 25.4370 162 161 144
-10.2897 -13.2853 40.6990 254 255 234
-6.1057 -8.6644 26.5430 196 184 164
-9.1077 -14.2342 43.6060 201 192 173
-10.3264 -18.1161 55.4980 229 222 212
-6.7114 -13.2853 40.6990 213 218 204
-4.5436 -11.0711 33.9160 181 199 195
-6.2602 -18.1161 55.4980 252 255 251
-3.9248 -14.2342 43.6060 252 255 249
-4.1031 -19.9278 61.0480 254 255 251
-2.5554 -18.1161 55.4980 251 250 252
2.5951 -18.1161 55.4980 195 243 251
6.8517 -16.6064 50.8730 189 238 251
5.6551 -11.7223 35.9110 190 239 252
6.4152 -11.7223 35.9110 190 239 252
9.4595 -15.3290 46.9600 193 242 255
12.3541 -18.1161 55.4980 194 244 254
-13.8415 -8.6212 26.5430 177 173 166
-16.0230 -10.4361 32.1310 186 182 173
-18.2195 -12.3927 38.1550 204 195 188
-14.6105 -10.4361 32.1310 204 191 178
-12.0306 -9.0129 27.7490 128 129 123
-14.7507 -11.6639 35.9110 194 190 181
-15.8560 -13.2190 40.6990 254 255 245
-13.1720 -11.6639 35.9110 216 193 163
-8.7504 -8.2619 25.4370 111 121 109
-7.2993 -7.3437 22.6100 189 169 147
-7.0450 -7.6263 23.4800 254 255 241
-6.8098 -7.9313 24.4190 164 163 146
-11.1666 -14.1632 43.6060 255 255 241
-6.2353 -8.6212 26.5430 189 180 161
-8.0934 -12.3927 38.1550 199 190 169
-10.5072 -18.0257 55.4980 203 198 180
-7.8967 -15.2526 46.9600 252 255 251
-4.4091 -10.4361 32.1310 167 173 171
-6.4409 -18.0257 55.4980 252 255 251
-4.0668 -14.1632 43.6060 252 255 251
-4.4013 -19.8284 61.0480 149 157 156
-2.6122 -19.8284 61.0480 252 255 251
7.2939 -18.0257 55.4980 190 240 250
5.8222 -12.3927 38.1550 189 238 251
6.2983 -11.6639 35.9110 190 239 252
8.5709 -14.1632 43.6060 194 243 255
13.3907 -19.8284 61.0480 194 244 254
-14.4252 -8.9677 27.7490 191 187 178
-15.9707 -10.3838 32.1310 193 189 180
-19.3017 -13.1528 40.6990 255 255 243
-14.5582 -10.3838 32.1310 189 176 163
-12.5091 -9.3949 29.0710 165 166 157
-15.6103 -12.3306 38.1550 190 186 177
-16.8465 -14.0922 43.6060 254 255 249
-12.3850 -10.9607 33.9160 193 169 142
-8.3604 -7.8915 24.4190 111 119 108
-7.2625 -7.3069 22.6100 188 168 146
-6.7471 -7.3069 22.6100 254 255 243
-7.3157 -8.5780 26.5430 152 157 143
-11.0956 -14.0922 43.6060 255 255 241
-6.1489 -8.5780 26.5430 193 181 161
-8.5668 -13.1528 40.6990 203 194 175
-10.4168 -17.9354 55.4980 203 194 185
-7.2617 -14.0922 43.6060 252 255 251
-4.4614 -10.3838 32.1310 231 237 235
-6.4409 -17.9354 55.4980 252 255 251
-4.1378 -14.0922 43.6060 252 255 251
-4.4013 -19.7290 61.0480 150 161 159
-2.6458 -17.9354 55.4980 153 153 153
7.5263 -19.7290 61.0480 192 240 250
6.2989 -14.0922 43.6060 190 239 252
5.6723 -10.9607 33.9160 190 239 252
7.7344 -13.1528 40.6990 192 241 254
10.7447 -16.4407 50.8730 194 244 254
-13.9711 -8.5347 26.5430 191 189 179
-15.4205 -9.8148 30.5240 190 188 178
-17.3234 -11.5470 35.9110 198 196 186
-17.5983 -12.2685 38.1550 225 215 203
-12.7458 -9.3476 29.0710 174 175 164
-14.0969 -10.9055 33.9160 186 182 171
-15.0512 -12.2685 38.1550 199 197 187
-15.1270 -13.0865 40.6990 204 182 158
-9.3037 -8.5347 26.5430 128 138 122
-7.1453 -7.0106 21.8030 185 165 143
-7.7978 -8.1791 25.4370 231 212 195
-6.4158 -7.2701 22.6100 252 255 239
-10.6210 -13.0865 40.6990 255 251 228
-6.6542 -8.9225 27.7490 177 157 137
-7.7928 -11.5470 35.9110 201 192 171
-9.1965 -15.0997 46.9600 206 199 182
-9.6036 -17.8451 55.4980 254 255 251
-5.4541 -11.5470 35.9110 243 244 240
-5.2535 -13.0865 40.6990 174 192 186
-5.4900 -16.3579 50.8730 193 194 188
-3.9973 -15.0997 46.9600 227 218 211
-3.8050 -19.6296 61.0480 254 255 251
7.1287 -19.6296 61.0480 189 239 249
6.0859 -14.0213 43.6060 190 240 250
5.7721 -11.5470 35.9110 190 239 252
7.0025 -12.2685 38.1550 194 241 254
10.4134 -16.3579 50.8730 195 245 255
-14.0575 -8.4915 26.5430 191 189 179
-15.4702 -9.7651 30.5240 192 190 180
-16.4714 -10.8503 33.9160 198 196 186
-17.6604 -12.2064 38.1550 253 254 248
-13.4822 -9.7651 30.5240 196 192 181
-14.2073 -10.8503 33.9160 192 190 178
-15.1755 -12.2064 38.1550 197 195 183
-15.2596 -13.0203 40.6990 201 189 173
-9.7716 -8.8774 27.7490 134 140 121
-7.4834 -7.2333 22.6100 170 149 134
-7.8392 -8.1377 25.4370 190 171 154
-6.2578 -6.9751 21.8030 254 255 247
-10.0814 -12.2064 38.1550 192 178 161
-7.0658 -9.3003 29.0710 254 237 200
-7.0772 -10.2792 32.1310 199 190 169
-9.2730 -15.0233 46.9600 206 199 182
-9.7843 -17.7547 55.4980 254 255 251
-5.8570 -12.2064 38.1550 163 158 154
-4.7524 -11.4885 35.9110 201 227 214
-6.0795 -17.7547 55.4980 253 254 250
-3.8538 -13.9503 43.6060 252 255 249
-4.0037 -19.5302 61.0480 254 255 251
-2.6122 -19.5302 61.0480 254 255 251
6.4011 -15.0233 46.9600 192 242 252
5.7136 -11.4885 35.9110 189 238 251
6.8782 -12.2064 38.1550 194 241 254
10.3306 -16.2751 50.8730 194 244 254
-14.0575 -8.4483 26.5430 191 189 179
-15.4702 -9.7154 30.5240 192 190 180
-16.4162 -10.7951 33.9160 199 197 189
-16.6217 -11.4301 35.9110 253 254 248
-13.4325 -9.7154 30.5240 203 200 186
-14.2073 -10.7951 33.9160 193 191 179
-15.1133 -12.1443 38.1550 199 197 185
-15.2596 -12.9540 40.6990 200 188 170
-9.7716 -8.8322 27.7490 137 135 116
-7.4834 -7.1965 22.6100 168 144 130
-7.8392 -8.0963 25.4370 190 169 154
-6.2223 -6.9396 21.8030 254 255 245
-10.0814 -12.1443 38.1550 193 179 164
-6.6993 -8.8322 27.7490 221 198 166
-6.7232 -9.7154 30.5240 199 190 169
-9.2730 -14.9468 46.9600 204 197 180
-9.7843 -17.6644 55.4980 254 255 251
-5.8570 -12.1443 38.1550 183 181 173
-5.3198 -12.9540 40.6990 184 210 197
-6.0795 -17.6644 55.4980 252 253 249
-3.7828 -13.8793 43.6060 210 199 192
-4.0037 -19.4309 61.0480 254 255 251
-2.6122 -19.4309 61.0480 254 255 251
5.7130 -14.9468 46.9600 192 240 250
5.8790 -12.9540 40.6990 189 238 251
5.6723 -10.7951 33.9160 190 239 252
8.2159 -13.8793 43.6060 195 242 255
11.7215 -17.6644 55.4980 194 244 254
-14.4704 -8.7870 27.7490 193 191 181
-16.0230 -10.1746 32.1310 190 188 178
-16.1953 -10.7399 33.9160 203 196 188
-15.4222 -10.7399 33.9160 210 201 184
-13.8781 -10.1746 32.1310 197 193 182
-14.7507 -11.3716 35.9110 196 194 182
-14.8027 -12.0822 38.1550 254 255 245
-12.4403 -10.7399 33.9160 171 146 128
-9.1308 -8.4051 26.5430 151 134 118
-7.5802 -7.4352 23.4800 188 165 144
-7.3267 -7.7325 24.4190 254 255 245
-7.0523 -8.0549 25.4370 171 184 167
-9.7707 -12.0822 38.1550 254 255 238
-6.1921 -8.4051 26.5430 194 182 164
-7.6174 -11.3716 35.9110 203 194 175
-9.6315 -16.1095 50.8730 202 194 180
-7.8967 -14.8704 46.9600 254 255 251
-4.6707 -10.1746 32.1310 254 255 249
-6.3183 -16.1095 50.8730 153 160 152
-5.1587 -16.1095 50.8730 171 168 165
-3.9991 -16.1095 50.8730 254 255 249
-3.5068 -19.3315 61.0480 179 190 188
6.2999 -17.5740 55.4980 191 239 249
5.8729 -13.8083 43.6060 190 240 250
5.6551 -11.3716 35.9110 190 239 252
6.8161 -12.0822 38.1550 192 241 254
10.2477 -16.1095 50.8730 193 242 255
-14.5607 -8.7418 27.7490 193 194 183
-16.1800 -10.1223 32.1310 190 188 178
-16.3058 -10.6847 33.9160 196 194 184
-15.5879 -10.6847 33.9160 219 206 193
-14.8148 -10.6847 33.9160 199 196 182
-14.9261 -11.3131 35.9110 193 189 178
-14.1075 -11.3131 35.9110 212 208 199
-14.1194 -12.0201 38.1550 177 154 135
-9.6812 -8.7418 27.7490 167 147 127
-7.9628 -7.6928 24.4190 185 165 143
-8.0936 -8.3619 26.5430 255 252 232
-6.6244 -7.3970 23.4800 233 237 216
-9.9571 -12.0201 38.1550 255 252 228
-6.3218 -8.3619 26.5430 200 184 163
-7.3047 -10.6847 33.9160 199 190 171
-9.1201 -14.7939 46.9600 202 195 178
-8.7204 -16.0267 50.8730 254 255 251
-4.8276 -10.1223 32.1310 252 255 247
-5.9853 -14.7939 46.9600 159 179 172
-5.4072 -16.0267 50.8730 179 179 175
-3.6408 -13.7373 43.6060 255 255 243
-3.7056 -19.2321 61.0480 254 255 251
3.3180 -17.4837 55.4980 197 246 249
5.4072 -14.7939 46.9600 190 239 252
5.5477 -12.8215 40.6990 194 241 254
5.3962 -10.6847 33.9160 190 239 252
6.8782 -12.0201 38.1550 192 241 254
10.3306 -16.0267 50.8730 194 244 254
-14.5607 -8.6967 27.7490 193 194 183
-16.1277 -10.0700 32.1310 188 186 176
-15.3953 -10.0700 32.1310 194 190 181
-15.5327 -10.6294 33.9160 218 206 190
-14.7596 -10.6294 33.9160 198 195 181
-14.8676 -11.2547 35.9110 196 192 181
-14.9270 -11.9580 38.1550 255 253 244
-13.2890 -11.2547 35.9110 188 168 146
-9.6361 -8.6967 27.7490 181 162 137
-7.9231 -7.6530 24.4190 188 168 146
-7.7150 -7.9721 25.4370 255 255 232
-6.8496 -7.6530 24.4190 155 159 138
-9.8950 -11.9580 38.1550 255 255 230
-6.2785 -8.3187 26.5430 189 180 161
-7.3047 -10.6294 33.9160 199 190 171
-9.0436 -14.7175 46.9600 204 197 180
-8.6376 -15.9438 50.8730 254 255 251
-4.7753 -10.0700 32.1310 252 255 249
-5.9088 -14.7175 46.9600 158 165 157
-5.3244 -15.9438 50.8730 174 171 166
-3.5698 -13.6663 43.6060 255 255 245
-3.3687 -17.3933 55.4980 254 255 251
2.8840 -14.7175 46.9600 197 246 249
5.2779 -15.9438 50.8730 190 239 252
5.0838 -12.7553 40.6990 190 239 252
5.3043 -11.2547 35.9110 190 239 252
6.0644 -11.2547 35.9110 190 239 252
9.0007 -14.7175 46.9600 193 242 255
-14.1440 -8.2755 26.5430 184 185 174
-15.5696 -9.5167 30.5240 189 187 177
-15.6568 -10.0177 32.1310 197 195 185
-15.8088 -10.5742 33.9160 254 255 251
-15.0357 -10.5742 33.9160 208 200 188
-15.1600 -11.1962 35.9110 197 193 182
-14.3414 -11.1962 35.9110 196 192 181
-14.4300 -11.8959 38.1550 254 255 249
-10.3318 -9.0637 29.0710 188 169 144
-8.4605 -7.9307 25.4370 182 163 138
-8.2665 -8.2755 26.5430 190 172 152
-6.5262 -7.0493 22.6100 253 255 238
-9.0718 -10.5742 33.9160 148 149 136
-6.7897 -8.6515 27.7490 136 117 104
-6.4979 -9.0637 29.0710 197 188 169
-8.7527 -13.5954 43.6060 201 194 175
-10.9615 -19.0334 61.0480 254 255 251
-5.9812 -11.8959 38.1550 252 255 251
-4.8109 -11.1962 35.9110 185 196 194
-6.2602 -17.3030 55.4980 252 255 251
-3.9248 -13.5954 43.6060 252 255 249
-3.8205 -17.3030 55.4980 248 248 244
3.2522 -19.0334 61.0480 199 248 251
4.1312 -17.3030 55.4980 197 246 251
5.0920 -13.5954 43.6060 190 239 252
5.3252 -11.8959 38.1550 189 238 251
5.4514 -10.5742 33.9160 192 241 254
7.4694 -12.6890 40.6990 192 241 254
12.4961 -19.0334 61.0480 194 244 254
-15.0651 -9.0163 29.0710 191 189 179
-15.1720 -9.4670 30.5240 192 190 180
-14.4762 -9.4670 30.5240 255 255 245
-15.3118 -10.5190 33.9160 211 201 187
-15.4523 -11.1378 35.9110 194 190 179
-14.6338 -11.1378 35.9110 191 187 176
-14.7406 -11.8337 38.1550 254 255 249
-11.6809 -9.9654 32.1310 191 172 147
-9.5005 -8.6063 27.7490 184 162 138
-8.1291 -7.8893 25.4370 190 170 148
-6.9685 -7.2823 23.4800 253 255 240
-7.6481 -8.6063 27.7490 164 181 165
-8.5748 -10.5190 33.9160 254 255 234
-5.8927 -7.8893 25.4370 191 182 163
-7.9692 -11.8337 38.1550 203 194 175
-10.4168 -17.2127 55.4980 211 203 191
-6.7114 -12.6228 40.6990 254 255 251
-4.5661 -9.9654 32.1310 252 255 251
-6.1527 -15.7782 50.8730 175 176 172
-4.6090 -14.5646 46.9600 140 141 130
-3.3568 -13.5244 43.6060 254 255 251
-3.0072 -17.2127 55.4980 174 194 191
2.4675 -11.8337 38.1550 198 247 252
5.3963 -17.2127 55.4980 192 239 252
4.8188 -12.6228 40.6990 189 238 251
5.0704 -11.1378 35.9110 190 239 252
5.5619 -10.5190 33.9160 192 241 254
7.5356 -12.6228 40.6990 193 242 255
12.6949 -18.9340 61.0480 195 245 255
-14.3348 -8.5612 27.7490 190 188 178
-14.3551 -8.9690 29.0710 198 196 186
-13.7398 -8.9690 29.0710 255 255 245
-15.2565 -10.4638 33.9160 208 198 184
-15.3354 -11.0793 35.9110 192 188 177
-14.5753 -11.0793 35.9110 191 189 177
-13.7567 -11.0793 35.9110 254 255 251
-11.0470 -9.4173 30.5240 191 172 147
-9.4102 -8.5612 27.7490 184 162 138
-8.8228 -8.5612 27.7490 192 172 150
-6.9303 -7.2441 23.4800 253 255 236
-7.9178 -8.9690 29.0710 160 170 154
-7.6675 -9.4173 30.5240 254 255 232
-5.8098 -7.8479 25.4370 194 185 166
-7.9071 -11.7716 38.1550 202 195 176
-11.2597 -18.8346 61.0480 254 255 249
-6.2297 -11.7716 38.1550 254 255 251
-4.7645 -10.4638 33.9160 252 255 251
-5.9870 -15.6954 50.8730 254 255 249
-4.9102 -15.6954 50.8730 123 123 127
-3.0005 -12.5565 40.6990 254 255 251
-2.6738 -15.6954 50.8730 174 192 188
2.0237 -9.4173 30.5240 195 246 251
4.8541 -17.1223 55.4980 190 240 250
4.4875 -12.5565 40.6990 189 238 251
4.7781 -11.0793 35.9110 190 239 252
5.2305 -10.4638 33.9160 190 239 252
6.7540 -11.7716 38.1550 192 241 254
9.3066 -14.4882 46.9600 194 243 255
-14.5155 -8.5160 27.7490 197 195 187
-15.3211 -9.3676 30.5240 191 189 179
-13.9291 -8.9217 29.0710 203 201 191
-14.6629 -9.8608 32.1310 208 195 182
-15.6277 -11.0209 35.9110 195 189 176
-14.8092 -11.0209 35.9110 192 188 177
-13.2686 -10.4086 33.9160 255 253 244
-12.4955 -10.4086 33.9160 196 176 154
-10.5997 -9.3676 30.5240 187 165 141
-8.6122 -8.1459 26.5430 191 171 149
-8.0504 -8.1459 26.5430 255 255 235
-6.8496 -7.4940 24.4190 140 143 120
-8.2281 -9.8608 32.1310 254 255 236
-5.9755 -7.8065 25.4370 184 175 156
-7.1942 -10.4086 33.9160 201 194 175
-9.7144 -15.6126 50.8730 203 198 180
-7.3327 -13.3824 43.6060 254 255 251
-4.7230 -9.8608 32.1310 252 255 251
-5.8323 -14.4117 46.9600 147 152 142
-5.6277 -17.0320 55.4980 167 169 158
-3.2656 -12.4903 40.6990 254 255 249
-2.6975 -14.4117 46.9600 160 167 161
2.0277 -10.4086 33.9160 197 246 251
3.8780 -14.4117 46.9600 192 242 252
4.5240 -13.3824 43.6060 190 239 252
4.5442 -11.0209 35.9110 189 238 251
5.0649 -10.4086 33.9160 190 239 252
6.5055 -11.7095 38.1550 194 241 254
8.4289 -13.3824 43.6060 193 242 255
-14.0575 -8.1027 26.5430 193 191 181
-15.4702 -9.3179 30.5240 193 191 181
-14.1184 -8.8744 29.0710 199 197 187
-13.4558 -8.8744 29.0710 251 252 246
-15.8031 -10.9624 35.9110 203 197 184
-14.2073 -10.3534 33.9160 193 189 178
-12.7272 -9.8085 32.1310 199 197 185
-12.7164 -10.3534 33.9160 197 185 167
-10.7488 -9.3179 30.5240 190 168 144
-9.1843 -8.4708 27.7490 186 164 140
-8.5517 -8.4708 27.7490 194 175 158
-6.7009 -7.1676 23.4800 254 255 241
-8.4897 -9.8085 32.1310 187 175 159
-5.8556 -7.4543 24.4190 144 138 123
-6.6735 -9.3179 30.5240 198 189 170
-9.1965 -14.3353 46.9600 201 194 177
-8.8861 -15.5298 50.8730 254 255 251
-5.1511 -10.3534 33.9160 252 255 251
-4.9873 -11.6474 38.1550 169 188 188
-5.9891 -16.9416 55.4980 187 190 189
-3.4644 -12.4240 40.6990 217 208 199
-2.6029 -12.4240 40.6990 254 255 251
2.8662 -16.9416 55.4980 198 247 250
1.9326 -8.1027 26.5430 192 242 250
4.1690 -13.3114 43.6060 190 239 252
4.1934 -10.9624 35.9110 189 238 251
4.7335 -10.3534 33.9160 190 239 252
5.8306 -10.9624 35.9110 190 239 252
7.4694 -12.4240 40.6990 193 242 255
12.5955 -18.6359 61.0480 195 245 255
-13.5546 -7.7236 25.4370 189 187 177
-14.8284 -8.8271 29.0710 195 193 183
-13.5668 -8.4256 27.7490 199 197 187
-12.9342 -8.4256 27.7490 254 255 251
-15.9201 -10.9039 35.9110 208 200 186
-15.1600 -10.9039 35.9110 194 190 179
-12.8318 -9.7562 32.1310 198 194 183
-12.8268 -10.2982 33.9160 254 255 249
-11.4193 -9.7562 32.1310 190 168 144
-9.7165 -8.8271 29.0710 184 161 140
-9.0538 -8.8271 29.0710 188 168 146
-6.7774 -7.1294 23.4800 254 255 235
-8.5943 -9.7562 32.1310 145 146 133
-6.1826 -7.7236 25.4370 132 130 120
-6.4505 -8.8271 29.0710 195 186 167
-8.6817 -13.2404 43.6060 199 192 175
-9.8746 -16.8513 55.4980 254 255 251
-5.2615 -10.2982 33.9160 254 255 251
-4.7524 -10.9039 35.9110 182 195 192
-6.1699 -16.8513 55.4980 252 255 251
-4.1502 -14.2588 46.9600 254 255 247
-2.5367 -12.3578 40.6990 254 255 251
2.3230 -13.2404 43.6060 198 247 250
2.0656 -8.4256 27.7490 192 242 250
4.2400 -13.2404 43.6060 190 239 252
4.2519 -10.9039 35.9110 190 239 252
4.7888 -10.2982 33.9160 190 239 252
5.8890 -10.9039 35.9110 194 241 254
7.5356 -12.3578 40.6990 193 242 255
15.6768 -18.5365 61.0480 201 252 255
-14.1008 -8.0163 26.5430 190 188 178
-15.5199 -9.2186 30.5240 195 193 183
-13.5216 -8.3805 27.7490 198 196 186
-12.8890 -8.3805 27.7490 254 255 249
-15.8616 -10.8455 35.9110 206 200 185
-15.1015 -10.8455 35.9110 193 190 176
-12.7795 -9.7039 32.1310 199 195 184
-12.7716 -10.2430 33.9160 226 212 193
-11.9985 -10.2430 33.9160 187 165 141
-10.1524 -9.2186 30.5240 184 161 140
-9.0065 -8.7797 29.0710 188 168 146
-7.0086 -7.3748 24.4190 254 255 235
-8.5420 -9.7039 32.1310 177 165 149
-5.8954 -7.3748 24.4190 147 145 135
-6.4032 -8.7797 29.0710 197 188 169
-9.2730 -14.1824 46.9600 202 195 178
-8.9689 -15.3642 50.8730 254 255 251
-5.2063 -10.2430 33.9160 254 255 251
-4.9873 -11.5232 38.1550 185 192 186
-6.0795 -16.7610 55.4980 250 255 254
-3.7828 -13.1695 43.6060 244 235 226
-2.3160 -11.5232 38.1550 254 255 251
0.2703 -18.4371 61.0480 204 254 250
1.6985 -7.3748 24.4190 192 242 250
4.0270 -13.1695 43.6060 189 238 251
4.1349 -10.8455 35.9110 189 238 251
4.6231 -10.2430 33.9160 189 238 251
5.7136 -10.8455 35.9110 192 241 254
6.8782 -11.5232 38.1550 192 241 254
11.2697 -16.7610 55.4980 195 245 255
16.2732 -18.4371 61.0480 203 254 255
-14.5155 -8.3353 27.7490 196 194 184
-14.5444 -8.7324 29.0710 189 187 177
-12.7178 -7.9730 26.5430 192 188 179
-13.9295 -9.1689 30.5240 219 204 192
-16.6043 -11.4611 38.1550 200 194 179
-13.9865 -10.1878 33.9160 197 194 180
-12.5703 -9.6516 32.1310 255 253 244
-12.4955 -10.1878 33.9160 195 175 153
-11.7776 -10.1878 33.9160 185 166 141
-9.4325 -8.7324 29.0710 186 166 144
-8.0072 -7.9730 26.5430 253 255 234
-7.1352 -7.6408 25.4370 175 175 153
-7.4918 -8.7324 29.0710 255 255 233
-5.7761 -7.3350 24.4190 191 182 165
-7.2495 -10.1878 33.9160 199 190 171
-9.7972 -15.2813 50.8730 206 199 182
-7.4037 -13.0985 43.6060 163 159 160
-4.7230 -9.6516 32.1310 254 255 251
-4.8009 -11.4611 38.1550 146 157 153
-5.2662 -16.6706 55.4980 169 176 170
-3.0005 -12.2253 40.6990 254 255 251
-2.0728 -12.2253 40.6990 146 157 157
0.0650 -16.6706 55.4980 206 255 252
1.4997 -7.3350 24.4190 194 245 250
3.0240 -10.7870 35.9110 190 239 252
4.0206 -11.4611 38.1550 190 239 252
4.6027 -10.7870 35.9110 190 239 252
5.3628 -10.7870 35.9110 190 239 252
7.0055 -12.2253 40.6990 193 242 255
8.4289 -13.0985 43.6060 194 244 254
14.2516 -16.6706 55.4980 201 252 253
-14.1440 -7.9298 26.5430 188 186 176
-14.8757 -8.6851 29.0710 185 183 175
-13.5668 -8.2901 27.7490 191 189 179
-12.9794 -8.2901 27.7490 254 255 251
-15.0909 -10.1326 33.9160 212 202 188
-15.2185 -10.7286 35.9110 194 191 177
-12.8841 -9.5993 32.1310 194 190 179
-12.8268 -10.1326 33.9160 254 255 249
-12.8212 -10.7286 35.9110 191 168 147
-10.7392 -9.5993 32.1310 184 164 142
-9.5560 -9.1192 30.5240 186 166 144
-7.0882 -7.2953 24.4190 253 255 242
-8.2142 -9.1192 30.5240 148 149 138
-6.2654 -7.5994 25.4370 168 165 149
-5.9760 -7.9298 26.5430 194 185 166
-8.8237 -13.0275 43.6060 200 193 174
-9.9650 -16.5803 55.4980 254 255 251
-5.6879 -10.7286 35.9110 254 255 251
-4.8694 -10.7286 35.9110 252 255 251
-6.8863 -18.2384 61.0480 254 255 251
-3.0668 -12.1590 40.6990 254 255 249
-2.0675 -11.3990 38.1550 204 204 204
-0.0253 -16.5803 55.4980 205 255 249
1.6590 -8.2901 27.7490 194 245 250
2.6534 -9.5993 32.1310 189 238 251
4.0206 -11.3990 38.1550 189 238 251
4.8282 -11.3990 38.1550 189 238 251
6.0778 -12.1590 40.6990 190 239 252
7.4349 -13.0275 43.6060 193 242 255
9.8336 -15.1985 50.8730 194 244 254
14.4324 -16.5803 55.4980 203 254 255
-14.0143 -7.8866 26.5430 177 178 167
-15.4205 -9.0695 30.5240 178 176 168
-13.4312 -8.2450 27.7490 195 193 183
-12.7987 -8.2450 27.7490 209 200 191
-15.8031 -10.6701 35.9110 207 199 185
-14.1521 -10.0773 33.9160 191 188 174
-12.0410 -9.0695 30.5240 193 189 180
-13.4059 -10.6701 35.9110 206 183 162
-12.5873 -10.6701 35.9110 186 167 142
-10.0530 -9.0695 30.5240 184 164 142
-8.9118 -8.6378 29.0710 233 214 197
-6.9689 -7.2555 24.4190 254 255 243
-7.6338 -8.6378 29.0710 207 194 172
-5.8556 -7.2555 24.4190 156 155 140
-7.0249 -9.5470 32.1310 195 188 169
-9.9629 -15.1157 50.8730 204 197 180
-8.8861 -15.1157 50.8730 254 255 251
-5.1511 -10.0773 33.9160 254 255 251
-4.9873 -11.3369 38.1550 252 255 251
-5.6935 -18.1390 61.0480 169 167 159
-2.5306 -10.6701 35.9110 254 255 251
-2.1499 -12.9565 43.6060 172 171 173
0.0550 -13.9531 46.9600 205 255 251
1.8687 -9.5470 32.1310 195 246 251
2.2463 -8.2450 27.7490 189 239 249
3.8963 -11.3369 38.1550 188 237 250
4.7661 -11.3369 38.1550 189 238 251
5.9453 -12.0928 40.6990 189 238 251
7.3639 -12.9565 43.6060 192 241 254
9.7507 -15.1157 50.8730 194 244 254
14.2516 -16.4899 55.4980 203 254 255
-14.6963 -8.1998 27.7490 175 176 167
-15.5199 -9.0198 30.5240 175 176 167
-13.4764 -8.1998 27.7490 194 195 184
-12.8890 -8.1998 27.7490 254 255 249
-14.9804 -10.0221 33.9160 205 199 184
-14.2073 -10.0221 33.9160 184 181 167
-11.5625 -8.5904 29.0710 193 191 181
-12.7164 -10.0221 33.9160 202 189 167
-11.9985 -10.0221 33.9160 192 170 146
-10.6346 -9.4947 32.1310 184 164 142
-9.0065 -8.5904 29.0710 190 170 148
-7.0086 -7.2158 24.4190 254 255 245
-7.6812 -8.5904 29.0710 190 177 164
-5.9352 -7.2158 24.4190 146 145 130
-6.7232 -9.0198 30.5240 194 187 168
-9.3495 -13.8766 46.9600 202 195 178
-8.2790 -13.8766 46.9600 254 255 251
-5.5710 -10.6117 35.9110 254 255 251
-4.7524 -10.6117 35.9110 252 255 251
-4.8144 -16.3996 55.4980 240 238 226
-2.1073 -9.4947 32.1310 254 255 251
-2.1768 -15.0329 50.8730 254 255 249
0.1802 -12.0265 40.6990 205 255 251
1.8164 -9.4947 32.1310 194 245 250
1.8973 -7.2158 24.4190 189 239 249
4.2224 -12.0265 40.6990 189 238 251
5.1501 -12.0265 40.6990 190 239 252
6.9363 -13.8766 46.9600 190 239 252
8.6740 -15.0329 50.8730 193 242 255
9.7507 -15.0329 50.8730 194 244 254
15.8756 -18.0396 61.0480 203 254 255
-15.3017 -8.5431 29.0710 179 180 169
-16.1800 -9.4424 32.1310 138 140 131
-13.3860 -8.1546 27.7490 197 195 185
-12.7535 -8.1546 27.7490 211 203 191
-15.6862 -10.5532 35.9110 188 182 167
-14.0969 -9.9669 33.9160 189 185 174
-11.9913 -8.9701 30.5240 214 212 202
-12.6059 -9.9669 33.9160 204 181 160
-12.5289 -10.5532 35.9110 191 169 145
-10.0033 -8.9701 30.5240 186 166 144
-8.8645 -8.5431 29.0710 255 255 229
-6.8894 -7.1760 24.4190 253 255 233
-7.2415 -8.1546 27.7490 255 252 232
-5.8159 -7.1760 24.4190 192 189 175
-7.7928 -10.5532 35.9110 195 188 169
-9.8800 -14.9501 50.8730 200 192 178
-7.4037 -12.8145 43.6060 191 195 190
-5.2786 -10.5532 35.9110 254 255 251
-5.0547 -11.9603 40.6990 242 243 237
-3.3568 -12.8145 43.6060 140 134 136
-1.7411 -9.4424 32.1310 254 255 251
-0.3039 -12.8145 43.6060 214 255 251
0.8783 -16.3092 55.4980 204 254 252
1.5567 -6.9001 23.4800 192 242 252
3.7585 -11.9603 40.6990 189 238 251
5.0210 -12.8145 43.6060 190 239 252
6.4011 -13.8002 46.9600 190 239 252
8.0941 -14.9501 50.8730 192 241 254
8.4655 -13.8002 46.9600 193 242 255
15.1799 -17.9402 61.0480 202 253 254
16.4720 -17.9402 61.0480 204 255 254
-15.3491 -8.4958 29.0710 139 140 129
-16.2323 -9.3901 32.1310 105 103 95
-13.4312 -8.1095 27.7490 195 196 185
-12.7987 -8.1095 27.7490 208 198 184
-15.8031 -10.4947 35.9110 189 186 170
-14.1521 -9.9117 33.9160 179 177 165
-11.5151 -8.4958 29.0710 200 196 187
-13.4059 -10.4947 35.9110 206 183 162
-11.9433 -9.9117 33.9160 190 168 144
-10.5823 -9.3901 32.1310 185 165 143
-8.9118 -8.4958 29.0710 234 214 194
-6.9689 -7.1363 24.4190 254 255 245
-7.2867 -8.1095 27.7490 207 195 177
-5.8954 -7.1363 24.4190 152 153 140
-7.4151 -9.9117 33.9160 192 185 166
-10.0457 -14.8673 50.8730 199 191 177
-8.2026 -13.7237 46.9600 253 254 250
-5.7949 -11.1505 38.1550 254 255 249
-4.6940 -10.4947 35.9110 252 255 251
-4.7241 -16.2189 55.4980 207 208 195
-1.8592 -8.4958 29.0710 254 255 251
-2.0940 -14.8673 50.8730 254 255 249
-0.0174 -11.1505 38.1550 207 254 251
3.0534 -17.8409 61.0480 195 246 251
1.6463 -6.6076 22.6100 190 240 250
3.8248 -11.8940 40.6990 189 238 251
5.0920 -12.7436 43.6060 190 239 252
6.4776 -13.7237 46.9600 190 239 252
8.9204 -16.2189 55.4980 192 241 254
9.2538 -14.8673 50.8730 194 243 255
15.5775 -17.8409 61.0480 203 255 253
19.4925 -16.2189 55.4980 254 255 245
-15.9174 -8.8707 30.5240 98 96 86
-15.2217 -8.8707 30.5240 186 183 180
-12.6746 -7.7138 26.5430 197 195 187
-13.2191 -8.4485 29.0710 199 192 175
-15.5693 -10.4363 35.9110 180 177 161
-13.1980 -9.3378 32.1310 196 192 181
-12.4656 -9.3378 32.1310 254 255 249
-11.7855 -9.3378 32.1310 198 176 150
-11.6672 -9.8565 33.9160 188 169 142
-10.3730 -9.3378 32.1310 185 166 141
-7.9640 -7.7138 26.5430 254 255 241
-7.0937 -7.3924 25.4370 252 255 230
-6.7971 -7.7138 26.5430 255 255 241
-5.9341 -7.3924 25.4370 185 176 159
-8.0934 -11.0884 38.1550 195 188 169
-11.5579 -17.7415 61.0480 202 194 180
-6.4161 -11.0884 38.1550 187 198 194
-5.2202 -10.4363 35.9110 254 255 251
-4.7388 -11.0884 38.1550 252 255 251
-3.6915 -13.6473 46.9600 173 169 160
-1.6699 -8.4485 29.0710 252 255 251
-0.9224 -17.7415 61.0480 222 255 251
0.3127 -11.8278 40.6990 203 253 251
1.8164 -9.3378 32.1310 193 243 251
2.2012 -8.0643 27.7490 190 239 252
4.3820 -12.6726 43.6060 190 239 252
5.7895 -13.6473 46.9600 190 239 252
8.8185 -17.7415 61.0480 192 241 254
9.8240 -16.1286 55.4980 194 243 255
18.9504 -16.1286 55.4980 186 186 182
-17.0693 -9.2855 32.1310 101 103 90
-16.3369 -9.2855 32.1310 92 88 81
-14.1658 -8.4012 29.0710 194 195 186
-12.8890 -8.0191 27.7490 254 255 249
-15.0357 -9.8013 33.9160 160 154 139
-14.1521 -9.8013 33.9160 177 173 164
-11.4678 -8.4012 29.0710 204 200 191
-13.4059 -10.3778 35.9110 205 183 159
-11.8881 -9.8013 33.9160 185 163 137
-10.5823 -9.2855 32.1310 184 164 142
-8.9118 -8.4012 29.0710 232 212 192
-6.9689 -7.0568 24.4190 254 255 245
-6.9700 -7.6706 26.5430 203 191 173
-5.6305 -6.7854 23.4800 156 155 140
-7.4151 -9.8013 33.9160 194 187 170
-9.9629 -14.7017 50.8730 204 196 182
-7.6167 -12.6016 43.6060 251 255 250
-5.7949 -11.0263 38.1550 251 251 245
-4.6940 -10.3778 35.9110 252 255 251
-4.7241 -16.0382 55.4980 207 208 195
-1.8119 -8.4012 29.0710 254 255 251
-1.9329 -13.5708 46.9600 252 255 249
-0.2038 -11.0263 38.1550 207 254 251
0.7432 -13.5708 46.9600 202 254 252
1.5394 -7.0568 24.4190 190 240 250
2.8560 -9.8013 33.9160 189 238 251
5.0249 -13.5708 46.9600 200 240 251
6.5204 -14.7017 50.8730 190 239 252
9.8124 -17.6421 61.0480 193 242 255
10.1854 -16.0382 55.4980 194 244 254
17.6196 -14.7017 50.8730 189 187 177
-16.9647 -9.2332 32.1310 91 91 87
-16.2846 -9.2332 32.1310 90 91 82
-13.4312 -7.9739 27.7490 191 189 181
-12.8439 -7.9739 27.7490 242 243 237
-14.9252 -9.7461 33.9160 104 100 91
-14.1521 -9.7461 33.9160 178 171 163
-11.5151 -8.3538 29.0710 199 195 186
-13.4059 -10.3194 35.9110 204 182 156
-11.9433 -9.7461 33.9160 178 154 129
-10.5823 -9.2332 32.1310 185 165 145
-8.9592 -8.3538 29.0710 199 179 159
-6.9689 -7.0170 24.4190 254 255 245
-6.9700 -7.6274 26.5430 200 188 168
-5.6687 -6.7472 23.4800 150 155 141
-7.4151 -9.7461 33.9160 195 188 169
-9.2730 -13.4944 46.9600 203 196 179
-7.5457 -12.5306 43.6060 197 201 196
-6.1812 -11.6952 40.6990 238 238 232
-4.6355 -10.3194 35.9110 252 255 251
-5.1965 -17.5427 61.0480 202 204 193
-1.8592 -8.3538 29.0710 254 255 249
-1.9329 -13.4944 46.9600 252 255 251
-0.4162 -11.6952 40.6990 210 255 252
0.4796 -10.9642 38.1550 202 254 252
2.2520 -12.5306 43.6060 194 244 252
1.8935 -7.3096 25.4370 190 239 252
4.2400 -12.5306 43.6060 188 237 250
6.5710 -15.9479 55.4980 210 242 249
10.4088 -17.5427 61.0480 194 243 255
11.7010 -17.5427 61.0480 195 245 255
18.0338 -14.6188 50.8730 254 255 249
-16.7555 -9.1808 32.1310 96 94 84
-16.0230 -9.1808 32.1310 183 180 177
-12.6746 -7.5842 26.5430 196 189 179
-13.8798 -8.7217 30.5240 199 192 171
-15.5108 -10.2609 35.9110 99 92 84
-13.1980 -9.1808 32.1310 194 190 179
-12.4656 -9.1808 32.1310 254 255 247
-11.7855 -9.1808 32.1310 182 158 133
-11.6672 -9.6909 33.9160 171 149 123
-10.3730 -9.1808 32.1310 191 171 149
-7.9640 -7.5842 26.5430 255 255 235
-6.7701 -6.9773 24.4190 254 255 245
-6.5139 -7.2682 25.4370 254 255 232
-5.9341 -7.2682 25.4370 184 175 156
-8.0934 -10.9021 38.1550 199 192 173
-10.5072 -15.8575 55.4980 202 196 181
-6.1676 -10.9021 38.1550 180 191 187
-4.9863 -10.2609 35.9110 254 255 251
-5.4500 -13.4180 46.9600 252 255 251
-3.0005 -11.6290 40.6990 170 168 158
-1.6364 -9.1808 32.1310 254 255 251
-1.1097 -15.8575 55.4980 245 253 250
0.0950 -9.6909 33.9160 203 253 251
1.4631 -17.4434 61.0480 201 253 251
1.7166 -7.5842 26.5430 190 239 252
3.3372 -10.9021 38.1550 189 238 251
6.6317 -17.4434 61.0480 245 255 255
11.1046 -17.4434 61.0480 194 244 254
16.4173 -13.4180 46.9600 254 255 245
-16.8601 -9.1285 32.1310 96 98 89
-17.0788 -9.6357 33.9160 92 92 88
-13.3409 -7.8836 27.7490 197 195 185
-13.3138 -8.2592 29.0710 213 201 185
-14.8148 -9.6357 33.9160 98 96 86
-13.3027 -9.1285 32.1310 194 187 177
-11.9913 -8.6720 30.5240 206 202 195
-13.2890 -10.2025 35.9110 185 163 137
-11.2101 -9.1285 32.1310 167 148 123
-10.4777 -9.1285 32.1310 190 170 148
-8.4162 -7.8836 27.7490 255 255 226
-6.8894 -6.9375 24.4190 254 255 245
-6.5967 -7.2268 25.4370 255 255 228
-5.5922 -6.6708 23.4800 183 184 171
-7.7344 -10.2025 35.9110 197 190 171
-9.1201 -13.3415 46.9600 201 195 180
-5.9218 -10.2025 35.9110 201 213 205
-5.4843 -10.8400 38.1550 254 255 251
-4.9222 -11.5627 40.6990 252 255 251
-3.9991 -14.4532 50.8730 182 184 175
-1.6699 -8.2592 29.0710 254 255 251
-1.7627 -14.4532 50.8730 174 191 194
-0.5879 -12.3886 43.6060 211 255 252
0.3158 -9.6357 33.9160 202 254 252
2.8546 -17.3440 61.0480 193 243 251
1.8462 -7.5410 26.5430 189 238 251
3.7585 -11.5627 40.6990 190 239 252
6.9299 -17.3440 61.0480 248 255 253
11.4028 -17.3440 61.0480 196 246 254
16.6467 -13.3415 46.9600 254 255 249
-17.6863 -9.5805 33.9160 101 102 91
-16.9684 -9.5805 33.9160 136 131 129
-13.2505 -7.8384 27.7490 204 200 191
-14.6105 -9.0762 32.1310 203 196 175
-14.7043 -9.5805 33.9160 100 98 86
-13.1980 -9.0762 32.1310 191 184 174
-12.5179 -9.0762 32.1310 254 255 247
-12.4403 -9.5805 33.9160 151 129 105
-11.1054 -9.0762 32.1310 114 97 79
-10.3730 -9.0762 32.1310 190 170 148
-7.9640 -7.4978 26.5430 254 255 234
-6.5480 -6.6325 23.4800 254 255 243
-6.2532 -6.8978 24.4190 253 255 229
-5.9755 -7.1853 25.4370 182 173 156
-7.6174 -10.1440 35.9110 197 190 171
-9.7144 -14.3704 50.8730 198 192 177
-6.3138 -11.4965 40.6990 148 152 145
-4.7524 -10.1440 35.9110 254 255 251
-5.2207 -13.2651 46.9600 252 255 251
-2.3348 -9.5805 33.9160 159 163 158
-1.6169 -9.5805 33.9160 254 255 251
-1.3807 -15.6769 55.4980 254 254 254
-0.1259 -9.5805 33.9160 203 253 251
0.8321 -12.3177 43.6060 201 252 253
2.1569 -10.7779 38.1550 190 240 250
2.6904 -9.5805 33.9160 189 238 251
6.2341 -17.2446 61.0480 241 245 240
15.2447 -12.3177 43.6060 254 255 245
-18.9020 -10.0855 35.9110 98 103 93
-18.1419 -10.0855 35.9110 91 92 83
-14.0238 -8.1645 29.0710 198 194 185
-14.0786 -8.5726 30.5240 218 209 192
-14.8700 -9.5252 33.9160 105 103 91
-14.0969 -9.5252 33.9160 189 182 172
-12.0410 -8.5726 30.5240 201 197 186
-13.3474 -10.0855 35.9110 197 175 149
-11.2624 -9.0239 32.1310 99 89 75
-10.5300 -9.0239 32.1310 188 168 146
-8.9118 -8.1645 29.0710 235 217 197
-6.6627 -6.5943 23.4800 254 255 247
-6.3725 -6.8580 24.4190 255 251 221
-5.6305 -6.5943 23.4800 156 157 144
-7.7928 -10.0855 35.9110 195 188 169
-8.5397 -12.2467 43.6060 200 192 178
-6.1055 -10.7158 38.1550 190 199 192
-5.2979 -10.7158 38.1550 254 255 251
-5.0608 -12.2467 43.6060 252 255 251
-3.2148 -12.2467 43.6060 172 183 179
-1.6043 -8.5726 30.5240 254 255 251
-1.6518 -15.5865 55.4980 142 153 153
-0.3280 -10.7158 38.1550 204 254 252
0.5417 -10.7158 38.1550 200 251 252
2.7758 -15.5865 55.4980 192 242 252
2.2225 -8.5726 30.5240 189 238 251
4.4897 -13.1886 46.9600 157 180 197
13.9634 -11.4302 40.6990 186 183 178
-20.3317 -10.6537 38.1550 242 241 224
-17.3550 -9.4700 33.9160 97 99 88
-15.7092 -8.9716 32.1310 196 192 183
-13.5978 -8.1172 29.0710 254 255 251
-15.0909 -9.4700 33.9160 110 108 96
-15.1600 -10.0271 35.9110 98 95 92
-12.2398 -8.5229 30.5240 197 194 180
-13.5813 -10.0271 35.9110 253 254 248
-11.4716 -8.9716 32.1310 95 86 77
-10.2021 -8.5229 30.5240 125 106 91
-10.0591 -8.9716 32.1310 189 169 147
-6.8156 -6.5561 23.4800 254 255 235
-6.3186 -6.5561 23.4800 253 255 240
-5.7834 -6.5561 23.4800 181 185 164
-6.4979 -8.1172 29.0710 192 185 166
-8.2355 -11.3640 40.6990 201 194 175
-5.6481 -9.4700 33.9160 193 209 198
-5.5464 -10.6537 38.1550 254 255 251
-4.6767 -10.6537 38.1550 252 255 251
-6.1905 -17.0458 61.0480 187 196 189
-2.0550 -8.9716 32.1310 254 255 249
-1.6752 -11.3640 40.6990 252 255 251
-0.9389 -13.1122 46.9600 242 253 249
0.0950 -9.4700 33.9160 202 251 254
1.2192 -14.2048 50.8730 196 247 252
2.4650 -12.1757 43.6060 190 240 250
2.9645 -10.6537 38.1550 189 238 251
6.1347 -17.0458 61.0480 173 180 184
13.3390 -10.6537 38.1550 254 255 245
-21.6210 -11.2977 40.6990 138 141 120
-18.2589 -9.9686 35.9110 93 98 88
-15.6568 -8.9193 32.1310 196 192 183
-13.5031 -8.0699 29.0710 255 255 247
-15.0357 -9.4148 33.9160 110 108 96
-14.2626 -9.4148 33.9160 108 105 102
-12.1404 -8.4732 30.5240 197 194 180
-13.5228 -9.9686 35.9110 211 197 178
-10.7985 -8.4732 30.5240 91 89 79
-10.1524 -8.4732 30.5240 165 148 130
-9.4566 -8.4732 30.5240 186 166 146
-6.7774 -6.5179 23.4800 254 255 237
-6.2421 -6.5179 23.4800 253 255 236
-5.7069 -6.5179 23.4800 142 144 131
-6.7729 -8.4732 30.5240 193 186 167
-8.1029 -11.2977 40.6990 202 197 179
-5.9218 -9.9686 35.9110 195 216 205
-5.4221 -10.5915 38.1550 254 255 251
-4.6145 -10.5915 38.1550 252 255 251
-5.9917 -16.9465 61.0480 173 181 178
-1.9503 -8.9193 32.1310 252 255 251
-1.5427 -11.2977 40.6990 252 255 251
-0.7096 -13.0357 46.9600 203 252 253
0.2175 -9.9686 35.9110 200 251 254
1.7613 -16.9465 61.0480 193 243 251
2.4332 -11.2977 40.6990 189 238 251
3.6010 -12.1047 43.6060 189 238 251
20.2491 -16.9465 61.0480 168 186 195
15.4577 -12.1047 43.6060 254 255 249
-20.0211 -10.5294 38.1550 90 99 92
-18.0835 -9.9102 35.9110 95 99 94
-13.9764 -8.0226 29.0710 198 194 185
-14.7675 -8.8670 32.1310 215 206 189
-14.8148 -9.3596 33.9160 107 105 93
-14.0969 -9.3596 33.9160 191 187 176
-13.3238 -9.3596 33.9160 234 235 226
-13.2890 -9.9102 35.9110 188 166 140
-10.6494 -8.4235 30.5240 92 93 82
-10.4777 -8.8670 32.1310 182 162 142
-9.3075 -8.4235 30.5240 246 240 214
-6.1513 -6.0169 21.8030 253 255 242
-6.1275 -6.4797 23.4800 252 255 231
-5.5922 -6.4797 23.4800 188 187 172
-7.3047 -9.3596 33.9160 197 190 171
-7.4101 -10.5294 38.1550 202 197 179
-5.7464 -9.9102 35.9110 159 178 168
-4.9863 -9.9102 35.9110 245 246 242
-4.7234 -11.2315 40.6990 252 255 251
-5.7929 -16.8471 61.0480 150 150 150
-1.8980 -8.8670 32.1310 254 255 251
-1.4764 -11.2315 40.6990 252 255 251
-0.7096 -12.9593 46.9600 201 250 251
0.2760 -9.9102 35.9110 196 247 252
1.6012 -15.3155 55.4980 192 242 252
2.6273 -14.0392 50.8730 190 240 250
2.7781 -10.5294 38.1550 190 239 252
5.3059 -15.3155 55.4980 171 187 195
11.3034 -16.8471 61.0480 234 202 198
13.4012 -10.5294 38.1550 254 255 245
-20.1453 -10.4673 38.1550 89 98 91
-18.2004 -9.8517 35.9110 104 116 106
-14.0711 -7.9752 29.0710 194 190 181
-14.1283 -8.3739 30.5240 236 237 228
-14.9252 -9.3044 33.9160 108 106 94
-14.2073 -9.3044 33.9160 181 174 166
-12.7272 -8.8147 32.1310 198 194 183
-14.2436 -10.4673 38.1550 200 178 154
-10.7488 -8.3739 30.5240 90 92 83
-10.0530 -8.3739 30.5240 179 159 139
-9.9022 -8.8147 32.1310 192 171 154
-6.4526 -6.2028 22.6100 254 255 239
-5.9740 -6.2028 22.6100 254 255 241
-5.6687 -6.4414 23.4800 156 157 144
-6.6735 -8.3739 30.5240 195 188 169
-7.0912 -9.8517 35.9110 202 197 179
-5.0832 -8.3739 30.5240 192 211 201
-5.5464 -10.4673 38.1550 254 255 251
-4.4016 -9.8517 35.9110 254 255 251
-4.7619 -12.8829 46.9600 252 255 249
-2.5645 -10.4673 38.1550 242 244 235
-1.6947 -10.4673 38.1550 254 255 251
-1.0919 -12.8829 46.9600 252 255 254
-0.0174 -10.4673 38.1550 195 245 253
0.9725 -12.8829 46.9600 193 243 251
2.6558 -16.7477 61.0480 190 240 250
2.6320 -11.1652 40.6990 189 238 251
10.3094 -16.7477 61.0480 255 219 209
14.6829 -16.7477 61.0480 215 250 251
17.1226 -13.9563 50.8730 177 177 171
16.8760 -12.8829 46.9600 254 255 251
-18.6682 -9.7933 35.9110 84 90 88
-16.8580 -9.2492 33.9160 192 185 175
-13.2053 -7.5674 27.7490 255 249 241
-18.4403 -11.0990 40.6990 250 238 218
-15.4523 -9.7933 35.9110 97 99 90
-14.6922 -9.7933 35.9110 198 195 181
-15.7234 -11.0990 40.6990 254 255 251
-12.3850 -9.2492 33.9160 112 99 75
-9.9531 -7.9279 29.0710 97 105 92
-10.8941 -9.2492 33.9160 182 162 142
-7.9208 -7.2385 26.5430 254 255 228
-6.0448 -5.9459 21.8030 254 255 237
-5.7532 -6.1660 22.6100 254 255 239
-5.8927 -6.9369 25.4370 189 180 161
-7.1390 -9.2492 33.9160 201 194 175
-6.7404 -9.7933 35.9110 202 196 183
-6.0434 -10.4052 38.1550 168 170 161
-4.5988 -9.2492 33.9160 151 145 147
-4.3660 -10.4052 38.1550 252 255 251
-4.8983 -16.6483 61.0480 166 182 173
-2.1917 -10.4052 38.1550 178 175 170
-1.4764 -11.0990 40.6990 254 255 251
-0.6331 -12.8064 46.9600 197 246 249
0.3351 -11.8918 43.6060 193 243 251
1.6915 -15.1348 55.4980 190 240 250
2.8662 -15.1348 55.4980 190 239 252
5.3396 -16.6483 61.0480 188 237 250
14.5835 -16.6483 61.0480 231 227 232
17.0398 -13.8735 50.8730 173 176 177
16.7996 -12.8064 46.9600 254 255 251
-19.9589 -10.3431 38.1550 85 93 90
-16.9684 -9.1940 33.9160 161 153 150
-13.9291 -7.8806 29.0710 197 195 185
-17.4119 -10.3431 38.1550 206 193 180
-14.7043 -9.1940 33.9160 96 98 89
-14.8092 -9.7348 35.9110 194 191 177
-14.8648 -10.3431 38.1550 254 255 247
-13.2305 -9.7348 35.9110 202 180 154
-10.0478 -7.8806 29.0710 97 107 95
-10.4253 -8.7101 32.1310 184 161 140
-8.3710 -7.5222 27.7490 253 255 227
-6.0803 -5.9104 21.8030 253 255 234
-5.8268 -6.1291 22.6100 253 255 240
-5.7364 -6.6195 24.4190 182 175 156
-6.5244 -8.2745 30.5240 197 190 171
-6.8573 -9.7348 35.9110 198 192 177
-5.2985 -8.7101 32.1310 192 216 204
-5.1032 -9.7348 35.9110 254 255 251
-4.3431 -9.7348 35.9110 254 255 249
-4.6090 -12.7300 46.9600 252 255 249
-3.0018 -11.8208 43.6060 162 162 162
-1.9403 -11.0327 40.6990 232 231 231
-1.0849 -11.8208 43.6060 252 255 251
-0.1619 -11.8208 43.6060 193 243 251
0.8961 -12.7300 46.9600 192 242 252
2.4571 -16.5490 61.0480 190 240 250
3.8698 -13.7907 50.8730 189 238 251
10.4088 -16.5490 61.0480 255 218 207
14.6829 -16.5490 61.0480 248 215 214
17.0398 -13.7907 50.8730 171 174 173
15.5287 -11.8208 43.6060 254 255 251
-19.9589 -10.2810 38.1550 85 93 90
-17.0236 -9.1388 33.9160 111 120 113
-13.9291 -7.8333 29.0710 199 197 187
-18.5728 -10.9665 40.6990 206 193 180
-15.6277 -9.6763 35.9110 97 99 90
-14.8092 -9.6763 35.9110 190 187 173
-15.9222 -10.9665 40.6990 255 255 245
-13.1720 -9.6763 35.9110 200 183 158
-10.0478 -7.8333 29.0710 99 109 97
-10.9493 -9.1388 33.9160 184 161 140
-8.3258 -7.4771 27.7490 253 255 229
-6.0803 -5.8749 21.8030 254 255 228
-5.7900 -6.0923 22.6100 254 255 241
-5.7364 -6.5798 24.4190 182 175 156
-6.1665 -7.8333 29.0710 196 189 170
-6.4764 -9.1388 33.9160 199 193 178
-4.6662 -7.4771 27.7490 191 210 200
-5.2202 -9.6763 35.9110 254 255 251
-4.2123 -9.1388 33.9160 254 251 248
-4.1270 -10.9665 40.6990 252 255 251
-4.8983 -16.4496 61.0480 169 177 174
-2.5048 -11.7498 43.6060 180 180 176
-1.4764 -10.9665 40.6990 254 255 251
-0.6859 -13.7079 50.8730 196 245 250
0.3609 -12.6535 46.9600 192 242 252
1.6915 -14.9541 55.4980 190 240 250
2.9566 -14.9541 55.4980 190 239 252
10.6076 -16.4496 61.0480 246 209 195
15.0805 -16.4496 61.0480 253 216 211
13.8308 -10.9665 40.6990 178 175 170
-27.2744 -13.6251 50.8730 199 195 186
-18.4927 -9.6179 35.9110 83 91 88
-15.8138 -8.6055 32.1310 195 193 181
-15.0814 -8.6055 32.1310 254 255 249
-19.5444 -11.6788 43.6060 108 105 100
-15.2769 -9.6179 35.9110 101 114 101
-15.4239 -10.2189 38.1550 191 188 174
-16.5625 -11.6788 43.6060 254 255 247
-12.1642 -9.0836 33.9160 104 112 97
-10.2518 -8.1751 30.5240 99 107 96
-11.2425 -9.6179 35.9110 184 164 142
-7.1279 -6.5400 24.4190 253 255 221
-6.0845 -6.0555 22.6100 254 255 245
-5.6059 -6.0555 22.6100 195 192 162
-5.7270 -6.8127 25.4370 194 185 166
-6.5540 -8.6055 32.1310 196 189 172
-5.0277 -7.4319 27.7490 254 255 247
-6.0434 -10.2189 38.1550 166 168 159
-4.4091 -8.6055 32.1310 159 160 156
-4.1093 -9.6179 35.9110 254 255 251
-4.7445 -13.6251 50.8730 251 255 248
-3.5849 -13.6251 50.8730 149 155 153
-2.1499 -11.6788 43.6060 132 129 126
-1.1559 -11.6788 43.6060 252 255 251
-0.1889 -13.6251 50.8730 192 242 252
0.8879 -13.6251 50.8730 190 240 250
2.4571 -16.3502 61.0480 190 239 252
4.8426 -16.3502 61.0480 189 238 251
13.8877 -16.3502 61.0480 249 213 201
13.7998 -14.8638 55.4980 251 213 204
17.0398 -13.6251 50.8730 166 161 159
18.1994 -13.6251 50.8730 254 255 251
-19.8347 -10.1568 38.1550 85 94 87
-15.9707 -8.5532 32.1310 192 190 178
-13.8344 -7.7386 29.0710 255 255 245
-19.7574 -11.6078 43.6060 255 252 232
-15.5108 -9.5594 35.9110 115 123 110
-15.6103 -10.1568 38.1550 194 191 177
-18.2187 -12.5006 46.9600 254 255 247
-13.0551 -9.5594 35.9110 109 105 94
-9.9058 -7.7386 29.0710 91 101 89
-10.8388 -9.0284 33.9160 183 163 141
-7.5493 -6.7713 25.4370 253 255 231
-6.0093 -5.8039 21.8030 255 255 228
-5.7163 -6.0187 22.6100 253 255 236
-5.6568 -6.5003 24.4190 188 179 160
-6.3753 -8.1254 30.5240 202 195 176
-5.6796 -8.1254 30.5240 205 199 184
-5.2985 -8.5532 32.1310 193 214 201
-5.1032 -9.5594 35.9110 254 255 251
-4.1019 -9.0284 33.9160 216 212 213
-4.2798 -11.6078 43.6060 252 255 251
-4.2723 -14.7734 55.4980 166 184 182
-2.5446 -12.5006 46.9600 172 173 167
-1.2776 -10.8340 40.6990 254 255 251
-0.5675 -14.7734 55.4980 193 243 251
0.6394 -13.5423 50.8730 192 242 252
2.0595 -16.2508 61.0480 190 240 250
3.4510 -16.2508 61.0480 189 238 251
13.4384 -14.7734 55.4980 251 213 202
16.1738 -16.2508 61.0480 253 210 201
14.2284 -10.8340 40.6990 254 255 245
-24.7942 -12.4242 46.9600 113 113 107
-18.1419 -9.5010 35.9110 89 102 97
-14.0711 -7.6913 29.0710 194 195 184
-17.5983 -10.0947 38.1550 215 202 189
-16.7907 -10.0947 38.1550 109 114 102
-14.9846 -9.5010 35.9110 178 174 163
-17.2015 -11.5368 43.6060 203 201 189
-16.2075 -11.5368 43.6060 193 174 149
-10.1425 -7.6913 29.0710 91 99 88
-10.0033 -8.0757 30.5240 181 161 139
-10.3419 -8.9732 33.9160 255 255 228
-6.4158 -5.9819 22.6100 254 255 236
-5.9004 -5.9819 22.6100 253 255 240
-5.6305 -6.2121 23.4800 153 147 132
-6.0216 -7.3416 27.7490 199 192 173
-6.2401 -8.5009 32.1310 203 196 179
-4.5931 -7.0225 26.5430 219 223 218
-5.7327 -10.0947 38.1550 255 254 246
-4.1475 -8.5009 32.1310 171 168 152
-4.0554 -10.0947 38.1550 252 255 251
-5.1965 -16.1515 61.0480 185 186 182
-3.1708 -13.4595 50.8730 254 255 249
-1.7239 -11.5368 43.6060 254 255 251
-0.9344 -13.4595 50.8730 206 248 249
0.2457 -14.6831 55.4980 192 242 252
1.4204 -14.6831 55.4980 190 240 250
13.9871 -16.1515 61.0480 250 213 197
13.8902 -14.6831 55.4980 251 214 200
17.0398 -13.4595 50.8730 153 144 149
19.8540 -14.6831 55.4980 254 255 251
-18.5512 -9.4425 35.9110 82 88 86
-15.8661 -8.4486 32.1310 195 193 181
-13.7398 -7.6440 29.0710 254 255 247
-21.1242 -12.3478 46.9600 117 112 94
-15.3939 -9.4425 35.9110 119 129 115
-16.5186 -10.7015 40.6990 196 193 179
-17.9129 -12.3478 46.9600 254 255 251
-12.9381 -9.4425 35.9110 104 102 92
-9.8111 -7.6440 29.0710 89 98 89
-11.3595 -9.4425 35.9110 178 158 136
-7.1677 -6.4208 24.4190 255 255 237
-5.9383 -5.7329 21.8030 255 255 231
-5.6427 -5.9451 22.6100 252 255 224
-5.7684 -6.6885 25.4370 194 185 166
-5.9772 -7.6440 29.0710 202 195 176
-5.0729 -7.2964 27.7490 255 255 245
-5.4824 -8.9179 33.9160 203 216 203
-4.7093 -8.9179 33.9160 250 251 245
-4.2262 -9.4425 35.9110 255 255 247
-4.4561 -12.3478 46.9600 252 255 251
-3.6678 -13.3767 50.8730 154 169 168
-2.5910 -13.3767 50.8730 168 179 175
-1.1451 -10.7015 40.6990 254 255 251
-0.4255 -16.0521 61.0480 192 244 253
0.8783 -14.5928 55.4980 189 241 250
2.2583 -16.0521 61.0480 188 240 249
13.3480 -14.5928 55.4980 254 217 203
15.9750 -16.0521 61.0480 253 211 199
14.9607 -11.4659 43.6060 182 175 169
-26.9431 -13.2938 50.8730 118 114 107
-18.2589 -9.3841 35.9110 79 92 89
-14.1184 -7.5967 29.0710 195 193 183
-16.6802 -9.3841 35.9110 255 254 242
-17.9764 -10.6352 40.6990 115 117 106
-15.1015 -9.3841 35.9110 121 128 120
-18.6775 -12.2713 46.9600 197 193 182
-18.9914 -13.2938 50.8730 197 178 153
-11.3147 -8.3963 32.1310 93 98 86
-10.0530 -7.9764 30.5240 175 157 137
-10.4523 -8.8627 33.9160 189 168 151
-6.7009 -6.1357 23.4800 253 255 232
-5.9740 -5.9083 22.6100 254 255 243
-5.4587 -5.9083 22.6100 177 158 129
-5.8032 -6.9361 26.5430 197 190 171
-6.0275 -7.9764 30.5240 200 193 176
-4.6363 -6.9361 26.5430 251 255 248
-6.2475 -10.6352 40.6990 167 165 157
-4.1999 -8.3963 32.1310 177 182 172
-4.1797 -9.9704 38.1550 254 255 251
-4.8144 -14.5024 55.4980 242 243 239
-3.5494 -14.5024 55.4980 254 255 249
-2.0094 -12.2713 46.9600 254 255 251
-0.9389 -12.2713 46.9600 240 251 247
0.7673 -15.9527 61.0480 191 243 252
13.9871 -15.9527 61.0480 208 179 165
13.8902 -14.5024 55.4980 254 217 203
20.2491 -15.9527 61.0480 133 120 128
19.6733 -14.5024 55.4980 254 255 249
-19.8347 -9.9083 38.1550 87 94 88
-15.9707 -8.3440 32.1310 190 188 176
-13.8344 -7.5493 29.0710 255 252 242
-21.2771 -12.1949 46.9600 255 249 231
-15.5108 -9.3256 35.9110 116 126 112
-17.8405 -11.3239 43.6060 196 193 179
-23.6843 -15.8533 61.0480 254 255 249
-13.8709 -9.9083 38.1550 115 107 93
-10.4009 -7.9267 30.5240 80 94 85
-10.8388 -8.8075 33.9160 182 163 138
-7.8776 -6.8929 26.5430 254 255 230
-6.2317 -5.8715 22.6100 197 168 143
-5.7163 -5.8715 22.6100 253 255 238
-5.4393 -6.0974 23.4800 188 179 160
-6.0719 -7.5493 29.0710 199 192 173
-5.4092 -7.5493 29.0710 193 187 174
-5.2985 -8.3440 32.1310 132 145 140
-4.9863 -9.3256 35.9110 254 255 249
-4.4903 -9.9083 38.1550 255 255 247
-4.4561 -12.1949 46.9600 252 255 251
-4.5007 -15.8533 61.0480 168 183 182
-3.1092 -15.8533 61.0480 160 173 170
-1.2269 -11.3239 43.6060 254 255 251
1.2643 -15.8533 61.0480 188 239 251
13.7095 -14.4121 55.4980 212 183 169
16.3726 -15.8533 61.0480 255 213 201
17.7642 -15.8533 61.0480 197 171 171
17.2883 -13.2110 50.8730 175 168 158
-29.5732 -14.3217 55.4980 252 253 226
-18.3173 -9.2671 35.9110 75 88 85
-14.9235 -7.8770 30.5240 192 188 177
-15.8088 -8.7523 33.9160 254 255 251
-19.4024 -11.2529 43.6060 116 118 107
-15.1600 -9.2671 35.9110 116 120 113
-18.8304 -12.1184 46.9600 192 189 175
-20.8986 -14.3217 55.4980 193 182 159
-11.3670 -8.2917 32.1310 98 104 87
-10.1524 -7.8770 30.5240 159 149 137
-10.5075 -8.7523 33.9160 186 166 144
-7.0484 -6.3015 24.4190 254 255 245
-6.2421 -6.0592 23.4800 255 255 228
-5.5323 -5.8347 22.6100 250 254 208
-5.6442 -6.5642 25.4370 195 186 167
-5.8352 -7.5020 29.0710 197 190 173
-4.7227 -6.8496 26.5430 254 255 249
-6.3138 -10.5027 40.6990 162 160 152
-4.1999 -8.2917 32.1310 163 178 173
-4.3921 -10.5027 40.6990 254 255 251
-4.8144 -14.3217 55.4980 242 243 239
-3.9044 -15.7540 61.0480 254 255 251
-2.1768 -13.1282 50.8730 254 255 251
-1.0172 -13.1282 50.8730 240 251 247
14.3847 -15.7540 61.0480 226 216 202
14.2516 -14.3217 55.4980 228 203 185
17.0684 -15.7540 61.0480 238 202 190
18.3606 -15.7540 61.0480 165 149 156
19.4925 -14.3217 55.4980 254 255 243
-21.2234 -10.4365 40.6990 93 100 92
-16.0230 -8.2394 32.1310 189 184 182
-13.8344 -7.4547 29.0710 255 253 242
-21.3536 -12.0420 46.9600 219 206 184
-15.5108 -9.2087 35.9110 110 120 108
-16.7174 -10.4365 40.6990 194 188 175
-23.2868 -15.6546 61.0480 254 255 251
-13.7466 -9.7841 38.1550 119 118 101
-10.3015 -7.8273 30.5240 82 96 87
-10.1115 -8.2394 32.1310 183 164 139
-7.4665 -6.5228 25.4370 255 255 231
-6.3568 -6.0210 23.4800 225 198 176
-5.6427 -5.7979 22.6100 252 255 224
-5.5376 -6.2618 24.4190 192 183 164
-5.9772 -7.4547 29.0710 199 192 173
-4.8524 -6.8064 26.5430 255 255 245
-5.7464 -9.2087 35.9110 144 156 146
-4.5988 -8.6971 33.9160 182 189 181
-4.5909 -10.4365 40.6990 254 255 251
-4.6617 -13.0454 50.8730 252 255 251
-4.2025 -15.6546 61.0480 161 167 165
-1.4399 -11.1819 43.6060 144 143 147
14.4841 -15.6546 61.0480 182 178 169
14.4324 -14.2314 55.4980 255 242 225
17.1678 -15.6546 61.0480 212 184 165
20.4479 -15.6546 61.0480 143 134 129
-29.5732 -14.1411 55.4980 252 253 226
-18.3173 -9.1502 35.9110 75 88 85
-14.2131 -7.4074 29.0710 198 194 185
-15.8088 -8.6419 33.9160 254 255 251
-19.4024 -11.1109 43.6060 117 118 105
-15.1600 -9.1502 35.9110 113 120 112
-24.3801 -15.5552 61.0480 191 187 176
-15.9945 -11.1109 43.6060 216 197 168
-10.5003 -7.7776 30.5240 76 92 83
-10.3730 -8.1871 32.1310 182 163 138
-8.7225 -7.4074 29.0710 254 255 234
-6.8098 -6.2220 24.4190 172 158 141
-6.0128 -5.9828 23.4800 254 255 245
-5.4776 -5.9828 23.4800 189 177 159
-5.8861 -7.0705 27.7490 200 193 174
-5.2536 -7.0705 27.7490 203 196 179
-4.8885 -7.4074 29.0710 202 210 199
-5.4221 -9.7220 38.1550 254 255 251
-4.2847 -9.1502 35.9110 243 245 236
-4.5325 -11.9655 46.9600 252 255 251
-4.5007 -15.5552 61.0480 249 251 242
-1.7800 -11.9655 46.9600 251 251 251
-0.8386 -14.1411 55.4980 194 244 252
14.0709 -14.1411 55.4980 167 160 152
16.8696 -15.5552 61.0480 224 211 200
18.1618 -15.5552 61.0480 186 179 173
21.4419 -15.5552 61.0480 254 255 243
-18.4927 -9.0918 35.9110 80 86 84
-15.0726 -7.7279 30.5240 197 193 186
-14.3768 -7.7279 30.5240 254 255 249
-21.1242 -11.8891 46.9600 118 116 93
-15.3354 -9.0918 35.9110 107 117 105
-19.0598 -11.8891 46.9600 194 191 177
-20.6275 -14.0507 55.4980 193 174 147
-10.6494 -7.7279 30.5240 89 94 84
-10.0033 -7.7279 30.5240 181 161 139
-9.3075 -7.7279 30.5240 255 255 228
-6.9291 -6.1823 24.4190 252 255 239
-6.1275 -5.9446 23.4800 255 250 221
-5.4218 -5.7243 22.6100 176 153 132
-5.7599 -6.7200 26.5430 199 192 173
-5.6932 -7.3601 29.0710 202 195 178
-4.5931 -6.7200 26.5430 254 255 251
-6.5517 -11.0400 43.6060 255 254 246
-4.2123 -8.5867 33.9160 142 155 152
-4.7619 -11.8891 46.9600 250 247 244
-4.8983 -15.4558 61.0480 254 255 249
-2.1768 -12.8798 50.8730 254 254 254
-1.0154 -11.8891 46.9600 246 255 254
0.4691 -15.4558 61.0480 189 241 250
15.6768 -15.4558 61.0480 197 193 186
16.9690 -15.4558 61.0480 160 153 147
18.3606 -15.4558 61.0480 196 193 190
-18.5512 -9.0333 35.9110 80 87 81
-14.3551 -7.3127 29.0710 197 193 184
-13.7398 -7.3127 29.0710 254 255 247
-21.1242 -11.8127 46.9600 116 114 91
-15.3354 -9.0333 35.9110 104 114 102
-19.0598 -11.8127 46.9600 197 194 180
-15.9945 -10.9690 43.6060 211 189 161
-10.5500 -7.6782 30.5240 86 94 83
-9.8542 -7.6782 30.5240 184 161 140
-8.7698 -7.3127 29.0710 254 255 232
-6.8098 -6.1425 24.4190 171 158 136
-6.0128 -5.9063 23.4800 254 255 243
-5.5158 -5.9063 23.4800 190 176 159
-5.8861 -6.9802 27.7490 201 194 175
-5.5512 -7.3127 29.0710 201 196 178
-4.8885 -7.3127 29.0710 251 253 244
-6.4098 -10.9690 43.6060 254 255 247
-4.5524 -9.5978 38.1550 242 244 233
-4.9102 -12.7970 50.8730 252 255 249
-4.6001 -15.3565 61.0480 254 255 249
-1.7800 -11.8127 46.9600 249 252 253
-0.9289 -13.9604 55.4980 202 244 245
0.7673 -15.3565 61.0480 189 241 250
-24.7942 -11.7362 46.9600 104 105 99
-17.1341 -8.4763 33.9160 77 92 91
-13.3860 -6.9350 27.7490 199 195 186
-18.7716 -10.1715 40.6990 218 206 190
-16.7285 -9.5357 38.1550 92 99 91
-14.9846 -8.9749 35.9110 181 174 164
-23.0880 -15.2571 61.0480 252 254 243
-12.8212 -8.9749 35.9110 111 113 95
-10.2021 -7.6285 30.5240 125 112 99
-9.5560 -7.6285 30.5240 182 162 140
-7.3836 -6.3572 25.4370 252 255 224
-6.5315 -6.1028 24.4190 109 94 82
-5.5691 -5.6507 22.6100 252 255 208
-5.6856 -6.3572 25.4370 195 186 165
-5.8825 -7.2654 29.0710 197 190 171
-4.7660 -6.6336 26.5430 254 255 247
-6.4463 -10.1715 40.6990 185 195 183
-4.8109 -8.9749 35.9110 212 220 207
-4.8478 -10.8980 43.6060 254 255 251
-4.5789 -12.7141 50.8730 252 255 251
-4.1031 -15.2571 61.0480 252 253 247
-1.5109 -10.8980 43.6060 175 175 171
-0.6579 -13.8700 55.4980 193 243 253
0.5168 -13.8700 55.4980 190 240 250
26.2129 -15.2571 61.0480 252 255 251
-29.5732 -13.7797 55.4980 254 254 230
-18.3758 -8.9164 35.9110 78 84 82
-13.5668 -6.8898 27.7490 198 194 185
-15.0291 -7.9779 32.1310 254 255 251
-19.4024 -10.8270 43.6060 115 116 103
-15.2185 -8.9164 35.9110 95 105 93
-20.3995 -12.6313 50.8730 198 195 181
-13.6845 -9.4736 38.1550 113 112 95
-10.3015 -7.5789 30.5240 105 115 99
-9.1485 -7.2181 29.0710 184 164 142
-7.4665 -6.3158 25.4370 253 255 225
-6.8867 -6.3158 25.4370 160 151 130
-5.8598 -5.8299 23.4800 252 255 224
-5.5376 -6.0630 24.4190 194 185 164
-5.9299 -7.2181 29.0710 196 189 170
-4.8524 -6.5904 26.5430 255 255 245
-5.7464 -8.9164 35.9110 189 191 180
-5.2979 -9.4736 38.1550 254 255 245
-5.0608 -10.8270 43.6060 254 255 247
-5.2662 -13.7797 55.4980 244 244 240
-4.4013 -15.1577 61.0480 254 255 251
-2.1623 -11.6598 46.9600 169 170 166
-1.0919 -11.6598 46.9600 254 255 251
-0.0232 -12.6313 50.8730 192 242 252
19.4539 -15.1577 61.0480 99 101 109
-29.6636 -13.6893 55.4980 247 244 228
-18.4343 -8.8579 35.9110 76 82 82
-14.2604 -7.1708 29.0710 196 192 183
-15.0814 -7.9256 32.1310 254 255 249
-20.9713 -11.5833 46.9600 111 112 101
-15.2185 -8.8579 35.9110 91 99 88
-18.9069 -11.5833 46.9600 197 194 180
-14.6632 -10.0390 40.6990 115 112 98
-10.3512 -7.5292 30.5240 108 122 102
-9.1958 -7.1708 29.0710 185 165 143
-7.5079 -6.2744 25.4370 253 255 223
-6.9281 -6.2744 25.4370 159 150 129
-5.8598 -5.7917 23.4800 252 255 222
-5.5773 -6.0233 24.4190 194 182 162
-5.7054 -6.8447 27.7490 195 188 167
-4.8956 -6.5472 26.5430 255 253 243
-5.8049 -8.8579 35.9110 254 255 247
-5.3600 -9.4115 38.1550 254 255 251
-5.1318 -10.7560 43.6060 254 255 245
-5.7929 -15.0583 61.0480 157 157 157
-4.3019 -15.0583 61.0480 254 255 251
-2.0094 -11.5833 46.9600 254 254 254
-1.0154 -11.5833 46.9600 246 255 254
0.0596 -12.5485 50.8730 192 242 252
19.0563 -15.0583 61.0480 112 118 116
23.9202 -13.6893 55.4980 252 255 251
27.7039 -15.0583 61.0480 247 228 213
-18.5512 -8.7995 35.9110 76 82 82
-13.7023 -6.7995 27.7490 192 185 177
-13.7398 -7.1234 29.0710 254 255 245
-21.1242 -11.5069 46.9600 115 108 87
-15.3939 -8.7995 35.9110 84 89 79
-19.0598 -11.5069 46.9600 196 193 179
-18.8257 -12.4657 50.8730 191 170 139
-10.5997 -7.4795 30.5240 107 115 100
-9.4325 -7.1234 29.0710 183 163 141
-8.4162 -6.7995 27.7490 255 255 223
-7.1352 -6.2330 25.4370 161 157 132
-6.5967 -6.2330 25.4370 255 255 228
-5.5540 -5.7534 23.4800 214 200 181
-5.7167 -6.5040 26.5430 199 190 169
-5.3439 -6.7995 27.7490 199 194 176
-4.9359 -7.1234 29.0710 254 255 251
-5.6706 -9.3493 38.1550 254 255 247
-4.8009 -9.3493 38.1550 146 159 154
-5.8084 -13.5990 55.4980 186 187 174
-4.9977 -14.9590 61.0480 254 255 249
-3.5068 -14.9590 61.0480 210 216 214
-1.4101 -9.9727 40.6990 176 184 181
-0.5169 -10.6850 43.6060 192 242 252
0.4373 -11.5069 46.9600 190 240 250
3.6498 -14.9590 61.0480 189 240 252
17.8661 -13.5990 55.4980 139 139 141
22.1753 -12.4657 50.8730 252 255 251
27.9027 -14.9590 61.0480 255 240 224
-18.6682 -8.7410 35.9110 70 81 81
-13.7927 -6.7543 27.7490 195 188 180
-12.6314 -6.4608 26.5430 255 254 242
-23.0500 -12.3829 50.8730 255 251 227
-15.5108 -8.7410 35.9110 80 87 79
-17.8405 -10.6141 43.6060 190 187 173
-20.8986 -13.5087 55.4980 202 190 163
-11.3670 -7.8209 32.1310 95 97 86
-9.6218 -7.0761 29.0710 174 154 132
-8.5969 -6.7543 27.7490 189 171 149
-7.0086 -5.9438 24.4190 254 255 222
-7.0564 -6.4608 26.5430 166 152 135
-5.7069 -5.7152 23.4800 254 241 199
-5.6442 -6.1916 25.4370 196 187 166
-5.7879 -7.0761 29.0710 201 194 175
-4.6795 -6.4608 26.5430 254 255 249
-5.9191 -9.2872 38.1550 253 254 243
-5.0494 -9.2872 38.1550 174 192 186
-5.6557 -12.3829 50.8730 254 255 249
-4.2025 -14.8596 61.0480 254 255 251
-2.2388 -11.4304 46.9600 163 166 167
-1.0126 -9.9065 40.6990 252 255 251
-0.1619 -10.6141 43.6060 192 242 252
1.1649 -14.8596 61.0480 192 242 252
18.9569 -14.8596 61.0480 159 167 164
25.8153 -14.8596 61.0480 252 255 251
22.6723 -12.3829 50.8730 254 255 246
-25.0236 -11.3540 46.9600 251 255 227
-17.2997 -8.2002 33.9160 70 81 79
-12.9771 -6.4176 26.5430 198 194 183
-15.8088 -8.2002 33.9160 254 255 251
-19.3314 -10.5431 43.6060 84 92 79
-16.1073 -9.2251 38.1550 87 87 87
-22.1637 -13.4183 55.4980 192 186 171
-15.9945 -10.5431 43.6060 206 187 158
-10.5003 -7.3801 30.5240 97 105 92
-9.3852 -7.0288 29.0710 185 166 141
-7.9640 -6.4176 26.5430 255 255 225
-7.0523 -6.1502 25.4370 160 163 142
-6.5139 -6.1502 25.4370 254 255 234
-5.4776 -5.6770 23.4800 192 180 160
-5.6303 -6.4176 26.5430 202 193 172
-5.2536 -6.7092 27.7490 201 196 178
-4.6662 -6.7092 27.7490 254 255 251
-5.5464 -9.2251 38.1550 254 255 249
-4.6767 -9.2251 38.1550 154 154 148
-5.1965 -14.7602 61.0480 186 187 181
-3.0879 -12.3001 50.8730 252 255 251
-1.5084 -9.2251 38.1550 254 254 254
-0.6812 -9.8402 40.6990 202 244 245
0.1590 -8.6826 35.9110 193 243 253
2.6558 -14.7602 61.0480 188 240 249
4.0474 -14.7602 61.0480 189 240 252
18.7582 -14.7602 61.0480 160 172 164
25.7159 -14.7602 61.0480 252 255 251
22.5066 -12.3001 50.8730 252 255 251
28.3997 -14.7602 61.0480 252 232 212
29.6918 -14.7602 61.0480 252 226 213
-17.5206 -8.1450 33.9160 76 87 85
-13.7475 -6.6640 27.7490 198 194 185
-13.1149 -6.6640 27.7490 254 255 247
-21.1242 -11.2776 46.9600 114 106 82
-15.3939 -8.6241 35.9110 77 89 81
-17.6985 -10.4721 43.6060 195 189 176
-23.2868 -14.6608 61.0480 254 255 251
-12.8797 -8.6241 35.9110 105 101 90
-10.3015 -7.3304 30.5240 91 93 84
-8.7325 -6.6640 27.7490 185 166 141
-6.5999 -5.4298 22.6100 250 252 209
-7.1861 -6.3744 26.5430 169 172 154
-5.8216 -5.6388 23.4800 223 217 179
-5.5376 -5.8643 24.4190 194 185 164
-5.9299 -6.9815 29.0710 197 190 171
-4.8524 -6.3744 26.5430 255 255 245
-4.8844 -7.3304 30.5240 254 255 251
-5.2358 -9.1630 38.1550 179 180 174
-5.0608 -10.4721 43.6060 254 255 247
-4.0916 -13.3280 55.4980 254 255 251
-2.1391 -9.7740 40.6990 189 190 184
-1.0095 -8.1450 33.9160 149 162 157
-0.2916 -8.1450 33.9160 192 244 253
0.6191 -10.4721 43.6060 191 243 252
2.7758 -13.3280 55.4980 191 243 252
4.3456 -14.6608 61.0480 188 239 251
12.0986 -14.6608 61.0480 254 255 245
15.8802 -12.2173 50.8730 110 118 115
25.8153 -14.6608 61.0480 252 255 251
22.5894 -12.2173 50.8730 252 255 251
28.4991 -14.6608 61.0480 249 223 208
-21.8198 -9.7077 40.6990 209 202 185
-17.4654 -8.0898 33.9160 81 92 88
-13.6571 -6.6188 27.7490 200 196 185
-14.3768 -7.2807 30.5240 254 255 249
-21.0477 -11.2011 46.9600 114 122 107
-16.2937 -9.1009 38.1550 83 97 88
-17.6275 -10.4011 43.6060 196 190 177
-21.0793 -13.2376 55.4980 254 255 243
-12.8212 -8.5657 35.9110 96 97 86
-10.2021 -7.2807 30.5240 121 107 90
-8.6873 -6.6188 27.7490 184 165 140
-6.5631 -5.3930 22.6100 246 250 206
-7.4674 -6.6188 27.7490 175 178 157
-5.7834 -5.6006 23.4800 243 209 176
-5.4978 -5.8245 24.4190 194 185 164
-5.8825 -6.9341 29.0710 195 190 170
-4.7660 -6.3312 26.5430 254 255 249
-5.0892 -7.6640 32.1310 254 255 251
-5.1736 -9.1009 38.1550 183 194 190
-5.3736 -11.2011 46.9600 254 255 249
-3.6678 -12.1345 50.8730 254 255 249
-1.9432 -9.1009 38.1550 196 203 195
-1.0104 -8.5657 35.9110 161 161 161
-0.1811 -8.0898 33.9160 191 243 252
0.7432 -11.2011 46.9600 191 243 252
2.8662 -13.2376 55.4980 189 241 250
4.4450 -14.5614 61.0480 190 237 252
12.1980 -14.5614 61.0480 254 255 249
15.9630 -12.1345 50.8730 108 113 118
23.5588 -13.2376 55.4980 252 255 249
22.7551 -12.1345 50.8730 252 255 249
25.9985 -13.2376 55.4980 217 200 184
-21.8198 -9.6415 40.6990 205 200 182
-17.4654 -8.0346 33.9160 90 96 94
-13.6571 -6.5736 27.7490 200 196 185
-14.3768 -7.2310 30.5240 254 255 249
-21.0477 -11.1247 46.9600 114 122 107
-16.2315 -9.0388 38.1550 88 102 93
-17.6275 -10.3301 43.6060 196 193 179
-19.2398 -12.0516 50.8730 254 255 242
-12.8212 -8.5072 35.9110 100 102 91
-10.2021 -7.2310 30.5240 121 107 90
-8.3097 -6.2880 26.5430 179 160 135
-6.5631 -5.3562 22.6100 250 254 210
-7.4222 -6.5736 27.7490 165 167 149
-5.7834 -5.5623 23.4800 240 209 180
-5.4581 -5.7848 24.4190 195 186 165
-5.8825 -6.8868 29.0710 195 188 169
-4.5674 -6.0259 25.4370 254 255 249
-4.8347 -7.2310 30.5240 254 255 251
-4.8694 -8.5072 35.9110 183 199 190
-4.9898 -10.3301 43.6060 254 255 249
-3.7506 -12.0516 50.8730 254 255 249
-1.8289 -8.5072 35.9110 250 255 245
-0.9563 -7.6117 32.1310 150 161 157
-0.2127 -7.2310 30.5240 192 244 253
0.5417 -9.0388 38.1550 191 243 252
2.4571 -14.4621 61.0480 191 243 252
3.1243 -12.0516 50.8730 189 241 250
5.1408 -14.4621 61.0480 159 160 154
3.6291 -8.0346 33.9160 248 237 201
11.8004 -14.4621 61.0480 192 190 182
17.2672 -14.4621 61.0480 251 255 244
16.8721 -13.1473 55.4980 162 169 163
18.1371 -13.1473 55.4980 172 166 153
22.2581 -12.0516 50.8730 252 255 251
28.1015 -14.4621 61.0480 241 232 213
29.4930 -14.4621 61.0480 212 199 188
-18.9020 -8.4487 35.9110 116 121 111
-16.1800 -7.5594 32.1310 143 139 132
-12.2707 -5.9845 25.4370 201 197 186
-18.7054 -9.5752 40.6990 219 205 190
-16.7285 -8.9767 38.1550 96 108 98
-16.9162 -9.5752 40.6990 193 187 174
-21.8022 -13.0570 55.4980 252 250 238
-16.0655 -10.2591 43.6060 204 182 154
-10.0478 -6.8395 29.0710 94 102 89
-9.4325 -6.8395 29.0710 176 157 132
-7.0832 -5.5241 23.4800 255 255 221
-6.8496 -5.7450 24.4190 154 153 127
-6.8404 -6.2447 26.5430 255 255 221
-5.5158 -5.5241 23.4800 186 172 153
-5.6735 -6.2447 26.5430 196 187 166
-5.2988 -6.5285 27.7490 198 193 175
-4.3189 -5.9845 25.4370 254 255 251
-4.7230 -7.5594 32.1310 254 255 251
-4.5185 -8.4487 35.9110 123 138 133
-5.7181 -13.0570 55.4980 190 211 200
-2.4402 -8.9767 38.1550 254 255 251
-1.2564 -7.1813 30.5240 254 254 254
-0.5901 -7.5594 32.1310 206 248 247
0.0777 -6.5285 27.7490 193 245 254
1.4204 -13.0570 55.4980 192 244 253
2.5951 -13.0570 55.4980 189 241 250
3.8602 -13.0570 55.4980 189 240 252
4.2603 -11.0482 46.9600 170 174 169
4.9500 -10.2591 43.6060 234 222 193
12.2974 -14.3627 61.0480 254 255 251
17.6648 -14.3627 61.0480 252 255 249
15.8802 -11.9688 50.8730 177 178 169
23.6491 -13.0570 55.4980 252 255 251
24.9142 -13.0570 55.4980 252 255 251
26.0889 -13.0570 55.4980 209 207 197
30.0894 -14.3627 61.0480 213 206 189
-16.5462 -7.5071 32.1310 134 132 120
-14.3551 -6.7922 29.0710 197 194 180
-14.3768 -7.1317 30.5240 254 255 249
-21.1242 -10.9718 46.9600 143 138 116
-17.3801 -9.5090 40.6990 99 106 98
-19.0598 -10.9718 46.9600 197 194 178
-17.8364 -10.9718 46.9600 255 255 243
-12.8212 -8.3903 35.9110 102 112 98
-9.7638 -6.7922 29.0710 96 106 94
-8.3097 -6.2015 26.5430 185 166 141
-6.3643 -5.0941 21.8030 254 255 216
-7.8232 -6.7922 29.0710 145 148 132
-6.0544 -5.7053 24.4190 122 112 84
-5.4978 -5.7053 24.4190 194 182 162
-5.8825 -6.7922 29.0710 195 188 169
-4.8092 -6.2015 26.5430 254 255 249
-4.6045 -6.7922 29.0710 254 255 251
-4.9278 -8.3903 35.9110 215 216 210
-4.9898 -10.1882 43.6060 254 255 249
-3.8334 -11.8860 50.8730 210 209 209
-1.6887 -7.5071 32.1310 254 255 251
-0.9085 -7.1317 30.5240 151 158 152
-0.2499 -6.7922 29.0710 192 244 253
0.5098 -8.3903 35.9110 192 244 253
2.1589 -14.2633 61.0480 191 243 252
2.7311 -10.9718 46.9600 191 243 252
4.0355 -11.8860 50.8730 171 175 168
1.8891 -4.3221 18.4990 148 142 127
5.0176 -9.5090 40.6990 185 174 151
12.3967 -14.2633 61.0480 254 255 251
15.6070 -12.9666 55.4980 252 255 251
15.3832 -11.8860 50.8730 197 201 194
18.0468 -12.9666 55.4980 168 161 151
24.3720 -12.9666 55.4980 252 255 251
25.6371 -12.9666 55.4980 177 172 170
24.5774 -11.8860 50.8730 175 171 164
-17.9072 -7.8690 33.9160 155 148 138
-16.2323 -7.4548 32.1310 168 164 153
-12.8475 -6.1583 26.5430 192 188 177
-18.7716 -9.4427 40.6990 217 208 191
-17.9102 -9.4427 40.6990 124 125 112
-18.1955 -10.1172 43.6060 184 178 165
-20.1510 -11.8032 50.8730 197 194 180
-14.1815 -8.8525 38.1550 193 171 147
-10.1425 -6.7449 29.0710 91 101 87
-9.0939 -6.4381 27.7490 180 158 134
-7.4460 -5.6655 24.4190 255 255 224
-6.6627 -5.4477 23.4800 255 255 223
-7.5865 -6.7449 29.0710 255 252 225
-5.8556 -5.6655 24.4190 159 142 124
-5.5199 -5.9017 25.4370 197 188 167
-5.6459 -6.7449 29.0710 200 195 177
-4.2255 -5.6655 24.4190 254 255 251
-4.8276 -7.4548 32.1310 254 255 251
-4.6355 -8.3318 35.9110 167 187 184
-5.4072 -11.8032 50.8730 166 178 168
-3.4621 -10.8953 46.9600 186 183 180
-1.4806 -6.7449 29.0710 254 255 251
-0.8179 -6.7449 29.0710 153 157 152
-0.1773 -5.9017 25.4370 192 244 253
0.5683 -8.3318 35.9110 191 243 252
2.0530 -12.8763 55.4980 191 243 252
2.8076 -10.8953 46.9600 191 243 252
3.5300 -10.1172 43.6060 178 182 175
1.9192 -4.2920 18.4990 147 144 128
3.0503 -5.6655 24.4190 168 165 149
10.9987 -12.8763 55.4980 254 255 251
15.2456 -12.8763 55.4980 252 255 251
15.0519 -11.8032 50.8730 224 228 221
16.2115 -11.8032 50.8730 159 160 151
24.0106 -12.8763 55.4980 252 255 251
25.2756 -12.8763 55.4980 180 179 181
22.3811 -10.8953 46.9600 192 193 187
30.4870 -14.1639 61.0480 204 195 186
-15.8180 -7.0323 30.5240 172 171 156
-14.4498 -6.6975 29.0710 194 191 177
-13.7871 -6.6975 29.0710 254 255 247
-19.7574 -10.0462 43.6060 182 173 156
-17.5126 -9.3765 40.6990 144 141 127
-19.2127 -10.8189 46.9600 192 186 171
-15.6572 -9.3765 40.6990 254 255 249
-12.9966 -8.2734 35.9110 124 123 108
-10.4009 -7.0323 30.5240 93 106 93
-8.8228 -6.3930 27.7490 183 164 139
-6.2476 -4.8498 21.0510 249 252 213
-7.6030 -6.3930 27.7490 145 155 139
-6.7107 -6.1151 26.5430 254 255 222
-5.4011 -5.4094 23.4800 190 178 158
-5.5006 -6.1151 26.5430 199 192 173
-4.9388 -6.1151 26.5430 199 193 178
-4.3338 -6.1151 26.5430 254 255 251
-5.1032 -8.2734 35.9110 254 255 251
-4.5524 -8.7904 38.1550 224 225 221
-5.9917 -14.0646 61.0480 154 168 159
-2.1691 -7.8138 33.9160 254 255 251
-1.1422 -6.3930 27.7490 254 255 251
-0.5813 -6.6975 29.0710 246 254 251
0.0712 -5.8603 25.4370 192 244 253
1.2192 -11.7204 50.8730 192 244 253
2.5951 -12.7859 55.4980 191 243 252
3.4556 -11.7204 50.8730 189 240 252
1.9098 -4.8498 21.0510 173 177 170
8.1227 -14.0646 61.0480 181 179 169
12.5955 -14.0646 61.0480 254 255 251
15.6974 -12.7859 55.4980 252 255 251
14.2764 -10.8189 46.9600 198 199 188
19.9509 -14.0646 61.0480 172 166 153
24.7335 -12.7859 55.4980 252 255 251
21.9988 -10.8189 46.9600 191 193 177
24.9087 -11.7204 50.8730 201 202 196
-16.9647 -7.3502 32.1310 184 181 165
-16.2323 -7.3502 32.1310 194 191 177
-13.4312 -6.3478 27.7490 194 191 177
-17.5983 -8.7282 38.1550 215 206 187
-17.9102 -9.3102 40.6990 164 158 143
-18.1955 -9.9752 43.6060 180 174 159
-20.1510 -11.6376 50.8730 192 186 173
-13.3474 -8.2149 35.9110 192 170 144
-10.6494 -6.9826 30.5240 94 102 89
-9.0939 -6.3478 27.7490 177 155 131
-7.4460 -5.5860 24.4190 255 255 226
-6.4158 -5.1722 22.6100 253 255 227
-7.9657 -6.9826 30.5240 255 251 225
-5.8556 -5.5860 24.4190 151 139 123
-5.5199 -5.8189 25.4370 197 188 167
-5.6459 -6.6502 29.0710 199 194 176
-4.2255 -5.5860 24.4190 254 255 251
-4.8276 -7.3502 32.1310 254 255 251
-4.6355 -8.2149 35.9110 205 209 202
-4.9913 -10.7425 46.9600 170 177 169
-3.2148 -9.9752 43.6060 143 141 133
-1.4133 -6.3478 27.7490 254 255 251
-0.7468 -6.0719 26.5430 159 162 161
-0.1636 -5.3712 23.4800 193 245 252
0.5367 -7.7585 33.9160 192 244 253
2.0530 -12.6956 55.4980 191 243 252
2.8076 -10.7425 46.9600 189 241 250
2.6011 -7.3502 32.1310 178 182 175
2.7235 -4.9876 21.8030 150 151 145
10.7276 -12.6956 55.4980 184 185 176
16.1738 -13.9652 61.0480 252 255 249
14.6377 -11.6376 50.8730 252 255 249
14.5058 -10.7425 46.9600 182 183 174
23.8299 -12.6956 55.4980 252 255 251
25.0045 -12.6956 55.4980 252 255 251
22.2282 -10.7425 46.9600 196 197 193
25.1572 -11.6376 50.8730 183 187 182
-15.2544 -6.6029 29.0710 191 190 173
-15.3211 -6.9329 30.5240 188 187 172
-13.3409 -6.3026 27.7490 193 192 177
-17.4740 -8.6661 38.1550 197 188 169
-16.6664 -8.6661 38.1550 172 170 151
-18.0535 -9.9042 43.6060 187 181 166
-17.1305 -9.9042 43.6060 253 252 237
-13.2305 -8.1565 35.9110 196 172 145
-10.5500 -6.9329 30.5240 108 110 94
-9.0035 -6.3026 27.7490 179 157 133
-6.8207 -5.1354 22.6100 254 255 230
-6.8496 -5.5463 24.4190 153 153 129
-7.1512 -6.3026 27.7490 255 255 221
-5.5540 -5.3330 23.4800 192 180 162
-5.4371 -5.7775 25.4370 197 188 167
-5.2988 -6.3026 27.7490 196 190 175
-4.1460 -5.5463 24.4190 254 255 251
-4.9854 -7.7033 33.9160 254 255 251
-4.5185 -8.1565 35.9110 181 185 178
-5.2415 -11.5548 50.8730 192 202 186
-3.6150 -10.6660 46.9600 177 179 163
-1.4383 -6.0287 26.5430 254 255 251
-0.7985 -5.7775 25.4370 177 186 179
-0.2312 -5.1354 22.6100 193 243 251
0.3488 -6.3026 27.7490 192 244 251
1.7162 -11.5548 50.8730 192 244 253
2.4650 -9.9042 43.6060 191 243 252
2.7901 -8.1565 35.9110 174 172 164
0.8630 -1.7777 7.8270 79 86 90
11.2040 -13.8658 61.0480 158 164 162
15.4781 -13.8658 61.0480 252 255 249
14.0579 -11.5548 50.8730 252 255 249
13.9706 -10.6660 46.9600 221 222 216
17.7757 -12.6052 55.4980 154 155 146
24.5527 -12.6052 55.4980 252 255 251
23.6662 -11.5548 50.8730 230 235 225
22.8399 -10.6660 46.9600 202 203 194
-15.4911 -6.5556 29.0710 186 183 167
-14.8284 -6.5556 29.0710 179 176 160
-13.5668 -6.2575 27.7490 189 186 170
-15.8088 -7.6481 33.9160 254 255 247
-18.1090 -9.1777 40.6990 186 179 160
-18.4085 -9.8332 43.6060 188 183 163
-18.8304 -10.5896 46.9600 192 187 169
-12.7716 -7.6481 33.9160 196 179 152
-11.3670 -7.2456 32.1310 123 116 99
-9.6691 -6.5556 29.0710 132 115 101
-7.8806 -5.7361 25.4370 186 167 142
-6.0762 -4.7470 21.0510 253 255 215
-8.1148 -6.8832 30.5240 172 160 142
-5.9749 -5.5065 24.4190 137 138 127
-5.4183 -5.5065 24.4190 191 182 161
-5.7879 -6.5556 29.0710 194 189 169
-4.3448 -5.5065 24.4190 254 255 249
-4.7353 -6.8832 30.5240 254 255 251
-5.1115 -8.6040 38.1550 254 255 251
-4.8478 -9.8332 43.6060 254 255 251
-5.1965 -13.7664 61.0480 172 174 161
-2.0026 -7.2456 32.1310 254 255 251
-0.9654 -5.5065 24.4190 252 255 251
-0.4672 -5.7361 25.4370 213 248 249
0.1040 -5.2948 23.4800 192 244 251
1.1161 -9.8332 43.6060 192 244 251
2.2723 -10.5896 46.9600 191 243 252
3.0330 -9.8332 43.6060 191 239 249
0.8503 -1.7650 7.8270 70 80 85
10.4565 -12.5149 55.4980 123 126 125
15.7762 -13.7664 61.0480 252 255 247
13.2060 -10.5896 46.9600 252 255 249
13.1858 -9.8332 43.6060 200 202 193
19.8515 -13.7664 61.0480 167 161 148
24.8238 -12.5149 55.4980 252 255 249
22.0753 -10.5896 46.9600 168 168 168
25.0743 -11.4720 50.8730 200 204 199
-14.6511 -6.2123 27.7490 158 155 139
-15.4205 -6.8335 30.5240 126 117 108
-13.4312 -6.2123 27.7490 128 122 107
-16.5633 -8.0395 35.9110 210 198 180
-16.7907 -8.5419 38.1550 181 176 156
-18.1955 -9.7623 43.6060 186 181 161
-17.2725 -9.7623 43.6060 194 189 171
-11.9425 -7.1933 32.1310 173 149 122
-10.6494 -6.8335 30.5240 139 123 102
-9.5272 -6.5082 29.0710 172 150 126
-7.4460 -5.4668 24.4190 255 253 223
-6.4158 -5.0618 22.6100 253 255 221
-7.9657 -6.8335 30.5240 255 251 225
-5.8556 -5.4668 24.4190 143 142 125
-5.2990 -5.4668 24.4190 194 185 166
-5.6459 -6.5082 29.0710 198 193 175
-4.2255 -5.4668 24.4190 245 246 240
-4.8276 -7.1933 32.1310 254 255 251
-4.9251 -8.5419 38.1550 252 255 251
-4.9913 -10.5131 46.9600 167 171 166
-4.6337 -12.4246 55.4980 255 255 239
-1.7646 -6.5082 29.0710 254 255 251
-0.8900 -5.2566 23.4800 254 255 249
-0.3785 -5.0618 22.6100 208 244 242
0.1422 -5.2566 23.4800 192 244 253
1.1871 -9.7623 43.6060 191 243 252
2.3488 -10.5131 46.9600 192 244 253
2.8971 -9.1115 40.6990 198 245 255
0.6843 -1.4538 6.4940 62 72 79
2.7324 -4.7128 21.0510 120 125 130
11.9992 -13.6671 61.0480 226 227 223
14.8842 -12.4246 55.4980 251 255 244
12.6178 -9.7623 43.6060 252 255 249
15.8802 -11.3891 50.8730 189 187 175
26.9087 -13.6671 61.0480 252 255 249
23.5834 -11.3891 50.8730 217 219 206
22.8399 -10.5131 46.9600 214 216 207
-14.8318 -6.1671 27.7490 119 116 102
-13.5822 -5.8991 26.5430 123 116 106
-14.2604 -6.4609 29.0710 123 116 108
-15.0291 -7.1410 32.1310 255 252 228
-16.0370 -7.9811 35.9110 188 179 158
-19.9008 -10.4367 46.9600 186 181 159
-18.9069 -10.4367 46.9600 186 184 163
-11.5937 -6.7838 30.5240 255 255 229
-11.4716 -7.1410 32.1310 158 133 113
-10.2518 -6.7838 30.5240 152 134 112
-8.3097 -5.8991 26.5430 180 158 134
-5.9399 -4.5225 20.3490 252 255 218
-8.6466 -7.1410 32.1310 137 142 130
-6.3068 -5.6533 25.4370 179 178 150
-5.2864 -5.2183 23.4800 192 183 164
-5.8825 -6.4609 29.0710 195 188 169
-4.4243 -5.4270 24.4190 254 255 249
-4.8347 -6.7838 30.5240 254 255 249
-5.5849 -9.0452 40.6990 254 255 251
-4.9898 -9.6913 43.6060 254 255 251
-5.6935 -13.5677 61.0480 162 166 159
-2.3348 -7.5377 33.9160 157 159 150
-1.1244 -5.4270 24.4190 252 255 251
-0.6075 -5.4270 24.4190 254 255 251
-0.0439 -4.6785 21.0510 192 244 253
0.6472 -7.5377 33.9160 192 244 253
2.1304 -11.3063 50.8730 192 244 253
2.5658 -9.0452 40.6990 191 243 252
0.6706 -1.5075 6.7830 65 75 82
0.8948 -1.6346 7.3550 72 84 90
10.6372 -12.3342 55.4980 173 174 170
14.8842 -12.3342 55.4980 198 196 186
12.6178 -9.6913 43.6060 254 255 245
15.8802 -11.3063 50.8730 188 186 174
27.9027 -13.5677 61.0480 250 254 249
22.5340 -10.4367 46.9600 218 222 217
27.8961 -12.3342 55.4980 182 181 181
-13.7550 -5.8559 26.5430 129 130 119
-14.4024 -6.4136 29.0710 130 126 117
-13.7871 -6.4136 29.0710 217 205 187
-16.2124 -7.9226 35.9110 185 177 153
-18.7635 -9.6203 43.6060 173 171 150
-19.1362 -10.3602 46.9600 165 160 142
-13.1029 -7.4825 33.9160 239 230 223
-11.6809 -7.0887 32.1310 174 147 121
-10.9485 -7.0887 32.1310 160 141 114
-8.8680 -6.1219 27.7490 177 155 129
-6.2476 -4.6442 21.0510 253 255 223
-7.3157 -5.8559 26.5430 169 178 160
-7.0156 -6.1219 27.7490 254 255 218
-5.4393 -5.1801 23.4800 182 175 154
-5.5439 -5.8559 26.5430 199 190 171
-4.7330 -5.6119 25.4370 199 193 178
-4.3770 -5.8559 26.5430 137 131 133
-5.7837 -8.9789 40.6990 254 255 251
-5.2738 -9.6203 43.6060 252 255 249
-5.4470 -12.2439 55.4980 158 170 160
-3.0668 -8.9789 40.6990 158 171 168
-1.3951 -5.8559 26.5430 254 255 251
-0.7268 -5.3873 24.4190 247 249 240
-0.1810 -4.6442 21.0510 193 245 252
0.4127 -6.4136 29.0710 193 245 252
1.6607 -10.3602 46.9600 191 243 252
2.3670 -8.9789 40.6990 192 244 253
0.5873 -1.4029 6.3590 142 144 135
0.6449 -1.2357 5.6010 56 73 78
11.3034 -13.4683 61.0480 133 136 135
15.8756 -13.4683 61.0480 187 189 180
13.2825 -10.3602 46.9600 171 172 166
14.2764 -10.3602 46.9600 167 168 164
27.5051 -13.4683 61.0480 252 255 251
22.1517 -10.3602 46.9600 249 253 248
25.1572 -11.2235 50.8730 201 202 198
-13.3475 -5.5705 25.4370 136 137 124
-14.6391 -6.3663 29.0710 170 166 155
-13.9764 -6.3663 29.0710 141 141 135
-14.7675 -7.0364 32.1310 183 175 151
-16.6664 -8.3556 38.1550 145 138 119
-19.5185 -10.2838 46.9600 121 113 101
-14.1075 -7.8642 35.9110 121 117 110
-11.2955 -6.6845 30.5240 180 158 132
-10.6494 -6.6845 30.5240 166 144 118
-9.0487 -6.0768 27.7490 170 151 124
-7.4460 -5.3475 24.4190 255 255 217
-6.6244 -5.1419 23.4800 232 231 205
-7.9657 -6.6845 30.5240 255 250 224
-5.8159 -5.3475 24.4190 140 142 124
-5.2990 -5.3475 24.4190 196 187 168
-5.6459 -6.3663 29.0710 200 195 177
-4.1858 -5.3475 24.4190 172 172 166
-5.3956 -7.8642 35.9110 254 255 249
-5.1873 -8.9127 40.6990 254 255 251
-4.9913 -10.2838 46.9600 190 199 190
-4.1647 -11.1407 50.8730 255 254 239
-1.7646 -6.3663 29.0710 254 255 251
-0.8900 -5.1419 23.4800 252 255 251
-0.3294 -4.7747 21.8030 195 246 251
0.1422 -5.1419 23.4800 193 245 252
1.2581 -9.5493 43.6060 192 244 251
2.3488 -10.2838 46.9600 192 244 253
2.9634 -8.9127 40.6990 164 178 184
0.5833 -1.1937 5.4510 50 66 74
2.4614 -4.0511 18.4990 181 188 192
16.0744 -13.3689 61.0480 180 181 175
13.3589 -10.2838 46.9600 157 158 152
15.6317 -11.1407 50.8730 120 124 119
28.2009 -13.3689 61.0480 252 255 251
22.7634 -10.2838 46.9600 252 255 251
-14.2304 -5.7695 26.5430 131 136 122
-13.0576 -5.5291 25.4370 138 140 127
-14.9732 -6.6348 30.5240 134 136 120
-14.3271 -6.6348 30.5240 253 246 213
-15.1461 -7.3721 33.9160 125 117 103
-19.9773 -10.2074 46.9600 116 112 103
-17.5565 -9.4783 43.6060 120 118 106
-11.0891 -6.3190 29.0710 213 196 180
-10.4265 -6.3190 29.0710 174 147 121
-9.7638 -6.3190 29.0710 162 143 116
-8.0049 -5.5291 25.4370 178 159 132
-6.1448 -4.5757 21.0510 254 255 216
-7.8705 -6.3190 29.0710 161 164 148
-6.5811 -5.7695 26.5430 166 165 137
-5.3246 -5.1037 23.4800 188 181 162
-5.9299 -6.3190 29.0710 194 189 169
-4.6502 -5.5291 25.4370 255 255 245
-4.8844 -6.6348 30.5240 123 122 122
-6.4440 -10.2074 46.9600 254 255 251
-5.4500 -10.2074 46.9600 252 255 251
-5.1759 -12.0632 55.4980 163 167 160
-2.5306 -7.8057 35.9110 150 157 151
-1.2127 -5.5291 25.4370 252 255 249
-0.6473 -5.3078 24.4190 251 255 248
-0.0782 -4.5757 21.0510 193 245 252
0.6472 -7.3721 33.9160 192 244 251
1.8900 -10.2074 46.9600 191 243 250
2.5658 -8.8464 40.6990 189 241 250
0.5300 -1.1848 5.4510 59 66 74
0.6848 -1.2401 5.7050 52 71 75
10.4565 -12.0632 55.4980 126 129 128
14.2236 -11.0579 50.8730 179 183 178
14.2000 -10.2074 46.9600 145 149 144
28.1015 -13.2696 61.0480 252 255 251
24.5774 -11.0579 50.8730 252 255 251
30.7852 -13.2696 61.0480 251 255 250
-12.5748 -5.2680 24.4190 119 120 107
-14.3551 -6.2716 29.0710 124 118 103
-13.6924 -6.2716 29.0710 255 250 220
-15.2013 -7.3169 33.9160 122 115 105
-18.6215 -9.4073 43.6060 126 124 114
-18.9833 -10.1309 46.9600 131 133 120
-11.6931 -6.5851 30.5240 192 181 158
-10.4738 -6.2716 29.0710 173 149 122
-10.3512 -6.5851 30.5240 162 143 116
-8.3962 -5.7263 26.5430 171 156 130
-6.1791 -4.5414 21.0510 254 255 212
-7.5578 -5.9864 27.7490 169 170 157
-6.6243 -5.7263 26.5430 188 189 160
-5.3629 -5.0655 23.4800 186 179 160
-5.7054 -5.9864 27.7490 196 189 170
-4.5039 -5.2680 24.4190 247 245 235
-4.9341 -6.5851 30.5240 129 136 130
-6.5969 -10.1309 46.9600 254 255 251
-5.5265 -10.1309 46.9600 252 255 251
-5.2662 -11.9729 55.4980 126 144 138
-2.5891 -7.7473 35.9110 145 160 155
-1.3086 -5.7263 26.5430 246 245 245
-0.6870 -5.2680 24.4190 252 255 249
-0.1087 -4.3900 20.3490 193 245 252
0.5085 -6.9318 32.1310 192 244 251
1.8136 -10.1309 46.9600 192 244 251
2.4995 -8.7802 40.6990 191 243 250
0.5120 -1.1553 5.3550 52 64 70
0.6454 -1.1760 5.4510 47 66 70
11.2040 -13.1702 61.0480 174 178 173
16.4720 -13.1702 61.0480 174 178 171
12.6888 -9.4073 43.6060 176 183 175
17.4143 -11.9729 55.4980 108 113 118
25.8178 -11.9729 55.4980 252 255 251
19.7947 -8.7802 40.6990 252 255 251
-13.5546 -5.4462 25.4370 117 116 99
-12.4953 -5.2283 24.4190 116 113 97
-14.2131 -6.2243 29.0710 115 110 92
-13.5978 -6.2243 29.0710 249 239 211
-15.0909 -7.2617 33.9160 127 123 112
-19.8244 -10.0545 46.9600 131 132 119
-16.3198 -8.7139 40.6990 132 134 121
-10.4945 -5.9413 27.7490 156 143 119
-10.3791 -6.2243 29.0710 163 144 119
-9.7165 -6.2243 29.0710 148 137 114
-7.9635 -5.4462 25.4370 154 142 122
-6.1105 -4.5072 21.0510 255 255 212
-7.7758 -6.2243 29.0710 138 139 126
-6.5378 -5.6830 26.5430 157 163 146
-5.2482 -5.0272 23.4800 188 181 162
-5.8825 -6.2243 29.0710 194 187 168
-4.3846 -5.2283 24.4190 254 255 247
-5.6879 -7.6888 35.9110 126 130 125
-6.8981 -10.8923 50.8730 254 255 251
-5.7385 -10.8923 50.8730 252 255 251
-4.9952 -11.8825 55.4980 254 255 247
-2.0516 -6.5354 30.5240 181 182 176
-1.2222 -5.6830 26.5430 253 253 253
-0.5914 -5.4462 25.4370 252 255 251
-0.0424 -4.3569 20.3490 195 247 254
0.7437 -7.6888 35.9110 193 245 252
1.8260 -9.3364 43.6060 192 244 251
2.4675 -8.1693 38.1550 189 241 250
0.5120 -1.1465 5.3550 50 64 70
0.6253 -1.1465 5.3550 45 64 68
11.1046 -13.0708 61.0480 157 161 154
12.3967 -13.0708 61.0480 254 255 251
12.4758 -9.3364 43.6060 178 185 179
17.0528 -11.8825 55.4980 135 143 140
25.4563 -11.8825 55.4980 252 255 251
20.9956 -9.3364 43.6060 252 255 251
25.5713 -10.8923 50.8730 252 255 251
-11.6801 -4.8042 22.6100 112 110 91
-14.4024 -6.1770 29.0710 111 106 88
-13.7398 -6.1770 29.0710 124 110 91
-15.3118 -7.2064 33.9160 127 125 113
-17.4463 -8.6477 40.6990 132 130 118
-17.6985 -9.2654 43.6060 132 131 116
-11.1838 -6.1770 29.0710 255 249 229
-10.0427 -5.8961 27.7490 141 127 108
-10.4009 -6.4857 30.5240 125 115 101
-8.4394 -5.6398 26.5430 106 100 85
-6.4708 -4.6327 21.8030 194 180 165
-7.6030 -5.8961 27.7490 135 145 133
-6.9704 -5.8961 27.7490 255 255 218
-5.4011 -4.9890 23.4800 181 174 155
-5.7506 -5.8961 27.7490 193 186 167
-4.7330 -5.4048 25.4370 194 188 173
-4.9838 -6.4857 30.5240 183 200 186
-7.8867 -11.7922 55.4980 254 255 251
-6.6217 -11.7922 55.4980 254 255 251
-5.3566 -11.7922 55.4980 179 202 196
-2.8130 -8.1071 38.1550 140 160 153
-1.4806 -6.1770 29.0710 154 150 143
-0.7571 -5.4048 25.4370 252 255 251
-0.1418 -4.3237 20.3490 194 246 253
0.4334 -6.4857 30.5240 192 244 251
1.6131 -9.2654 43.6060 190 245 251
2.2190 -8.1071 38.1550 190 245 251
0.5493 -1.3101 6.1660 136 141 131
0.6044 -1.1478 5.4020 47 64 67
5.6140 -8.6477 40.6990 252 255 249
12.2974 -12.9714 61.0480 254 255 251
13.2825 -9.9780 46.9600 188 195 189
15.5489 -10.8095 50.8730 138 149 145
25.0949 -11.7922 55.4980 252 255 251
20.7116 -9.2654 43.6060 252 255 251
21.7056 -9.2654 43.6060 252 255 251
-12.2824 -4.9508 23.4800 108 103 81
-13.2796 -5.5966 26.5430 103 98 80
-13.2957 -5.8509 27.7490 116 107 90
-13.9295 -6.4360 30.5240 128 125 109
-15.6277 -7.5719 35.9110 125 119 104
-17.9825 -9.1944 43.6060 116 108 94
-11.8919 -6.4360 30.5240 124 114 102
-10.2234 -5.8509 27.7490 130 118 100
-10.0478 -6.1297 29.0710 117 111 98
-9.0035 -5.8509 27.7490 107 100 90
-6.8207 -4.7673 22.6100 142 135 125
-6.5862 -4.9508 23.4800 177 176 148
-7.4918 -6.1297 29.0710 255 255 223
-5.5158 -4.9508 23.4800 176 169 150
-5.6735 -5.5966 26.5430 192 185 166
-5.2988 -5.8509 27.7490 200 195 177
-4.5067 -5.5966 26.5430 186 187 181
-8.1578 -11.7018 55.4980 254 255 247
-6.9831 -11.7018 55.4980 254 255 251
-5.7181 -11.7018 55.4980 251 255 248
-3.4988 -9.1944 43.6060 155 176 165
-1.8031 -6.4360 30.5240 254 255 249
-0.9228 -5.3634 25.4370 252 255 251
-0.3416 -4.7673 22.6100 195 248 252
0.2040 -5.5966 26.5430 193 245 252
1.1742 -8.5814 40.6990 192 244 251
2.1019 -8.5814 40.6990 191 246 252
1.9759 -5.5966 26.5430 155 169 175
0.5508 -1.1194 5.3090 40 58 67
0.7088 -1.1810 5.6010 60 77 82
9.8336 -10.7266 50.8730 186 188 179
15.2456 -11.7018 55.4980 191 198 190
12.9018 -9.1944 43.6060 156 164 161
24.7335 -11.7018 55.4980 252 255 251
23.7491 -10.7266 50.8730 252 255 251
18.6816 -8.0450 38.1550 252 255 251
-12.4353 -4.9126 23.4800 108 101 82
-11.9384 -4.9126 23.4800 108 101 82
-13.4764 -5.8057 27.7490 108 101 84
-12.8890 -5.8057 27.7490 112 100 82
-14.9804 -7.0960 33.9160 117 107 93
-18.3375 -9.1234 43.6060 111 104 87
-15.1755 -7.9829 38.1550 112 103 86
-9.9520 -5.5534 26.5430 250 233 206
-9.8168 -5.8057 27.7490 129 121 109
-9.1843 -5.8057 27.7490 118 117 102
-7.8806 -5.3220 25.4370 121 120 105
-6.2578 -4.5617 21.8030 255 254 218
-7.3771 -5.8057 27.7490 156 148 134
-6.1826 -5.3220 25.4370 121 129 114
-5.3785 -5.1090 24.4190 188 181 160
-5.7879 -6.0823 29.0710 199 194 176
-4.4845 -5.3220 25.4370 254 255 251
-7.2851 -9.8251 46.9600 150 158 147
-7.8802 -12.7727 61.0480 254 255 251
-5.9891 -11.6115 55.4980 252 255 251
-3.9973 -9.8251 46.9600 185 181 172
-1.9025 -6.3863 30.5240 254 255 247
-1.1966 -6.0823 29.0710 252 255 251
-0.4485 -5.1090 24.4190 219 253 250
0.0633 -4.7305 22.6100 192 244 251
0.9766 -7.9829 38.1550 192 244 251
2.0390 -9.1234 43.6060 190 245 251
2.4978 -7.5134 35.9110 191 238 251
0.5335 -1.1108 5.3090 42 55 64
0.6403 -1.1011 5.2630 48 65 70
9.8336 -10.6438 50.8730 187 189 180
15.1552 -11.6115 55.4980 195 200 190
12.9018 -9.1234 43.6060 161 170 163
27.1075 -12.7727 61.0480 252 255 251
23.7491 -10.6438 50.8730 252 255 251
18.6195 -7.9829 38.1550 252 255 251
-12.4736 -4.8743 23.4800 109 100 81
-11.9384 -4.8743 23.4800 110 101 80
-13.5216 -5.7606 27.7490 111 104 87
-12.8890 -5.7606 27.7490 106 97 78
-15.0357 -7.0408 33.9160 116 104 86
-18.3375 -9.0524 43.6060 111 102 83
-15.2376 -7.9208 38.1550 110 101 84
-9.9952 -5.5102 26.5430 240 222 200
-9.8168 -5.7606 27.7490 132 131 116
-9.2294 -5.7606 27.7490 123 125 109
-7.8806 -5.2806 25.4370 124 123 106
-6.2933 -4.5262 21.8030 212 199 177
-7.3771 -5.7606 27.7490 157 151 136
-6.2240 -5.2806 25.4370 143 152 134
-5.4183 -5.0693 24.4190 187 180 159
-5.7879 -6.0350 29.0710 199 194 174
-4.5259 -5.2806 25.4370 254 255 249
-7.8921 -10.5610 50.8730 151 159 148
-6.8024 -11.5211 55.4980 254 255 251
-5.0759 -10.5610 50.8730 252 255 249
-3.4278 -9.0524 43.6060 179 193 182
-1.7934 -6.6703 32.1310 177 180 179
-0.9163 -5.7606 27.7490 252 255 251
-0.2584 -4.5262 21.8030 194 246 253
0.3340 -6.3367 30.5240 192 244 251
1.4001 -9.0524 43.6060 192 244 251
2.0948 -7.9208 38.1550 190 245 251
2.0191 -5.5102 26.5430 171 164 154
0.5632 -1.0926 5.2630 53 65 69
0.7924 -1.2674 6.1050 92 97 104
10.1649 -10.5610 50.8730 254 255 251
15.2456 -11.5211 55.4980 204 202 190
12.9018 -9.0524 43.6060 167 171 166
24.7335 -11.5211 55.4980 252 255 251
23.7491 -10.5610 50.8730 254 255 247
18.6816 -7.9208 38.1550 252 255 251
-12.4736 -4.8361 23.4800 115 103 85
-11.9384 -4.8361 23.4800 128 117 94
-12.8907 -5.4670 26.5430 122 115 98
-12.8890 -5.7154 27.7490 102 93 74
-14.9804 -6.9856 33.9160 114 102 84
-18.3375 -8.9814 43.6060 110 101 82
-14.2829 -7.3965 35.9110 109 100 83
-9.9952 -5.4670 26.5430 153 134 117
-9.3901 -5.4670 26.5430 135 132 116
-9.1843 -5.7154 27.7490 120 119 104
-7.8806 -5.2392 25.4370 115 112 96
-6.4894 -4.6569 22.6100 179 162 144
-7.0564 -5.4670 26.5430 157 151 136
-6.1826 -5.2392 25.4370 126 131 117
-5.4183 -5.0295 24.4190 187 180 159
-5.7879 -5.9877 29.0710 199 194 174
-4.4845 -5.2392 25.4370 254 255 249
-7.8921 -10.4782 50.8730 156 164 151
-6.7120 -11.4308 55.4980 254 255 251
-5.0759 -10.4782 50.8730 252 255 251
-2.9372 -7.8587 38.1550 184 198 187
-1.7934 -6.6180 32.1310 177 183 181
-0.9599 -5.9877 29.0710 254 255 251
-0.2312 -4.6569 22.6100 194 247 251
0.3340 -6.2870 30.5240 192 244 251
1.3730 -8.3827 40.6990 190 245 251
1.9716 -7.3965 35.9110 190 245 251
2.0623 -5.4670 26.5430 167 160 150
0.5583 -1.0747 5.2180 57 64 70
0.8003 -1.2700 6.1660 102 101 110
9.4595 -9.6723 46.9600 254 255 251
15.0649 -11.4308 55.4980 251 255 242
13.8177 -9.6723 46.9600 193 194 185
27.0081 -12.5739 61.0480 252 255 249
23.6662 -10.4782 50.8730 193 191 183
19.7947 -8.3827 40.6990 250 255 249
-12.0482 -4.6201 22.6100 129 117 97
-11.5328 -4.6201 22.6100 139 128 103
-12.4364 -5.1978 25.4370 128 119 102
-12.3721 -5.4238 26.5430 96 87 68
-14.2967 -6.5657 32.1310 113 101 81
-17.1813 -8.3164 40.6990 113 101 83
-14.3999 -7.3381 35.9110 112 103 86
-10.0384 -5.4238 26.5430 121 109 91
-9.0817 -5.1978 25.4370 125 118 101
-9.2746 -5.6702 27.7490 113 108 90
-7.9221 -5.1978 25.4370 109 104 86
-6.5631 -4.6201 22.6100 255 246 216
-7.0997 -5.4238 26.5430 167 167 147
-6.2654 -5.1978 25.4370 156 165 147
-5.4581 -4.9898 24.4190 187 180 159
-5.8825 -5.9404 29.0710 193 188 168
-4.5674 -5.1978 25.4370 254 255 247
-7.9749 -10.3954 50.8730 183 196 183
-6.8024 -11.3405 55.4980 254 255 251
-5.0759 -10.3954 50.8730 252 255 251
-3.1993 -8.3164 40.6990 158 170 160
-1.7934 -6.5657 32.1310 181 187 185
-1.1751 -6.9304 33.9160 202 201 201
-0.2895 -4.9898 24.4190 194 247 251
0.3340 -6.2373 30.5240 192 244 251
1.3067 -8.3164 40.6990 193 245 252
1.9716 -7.3381 35.9110 190 245 251
2.0191 -5.4238 26.5430 168 164 153
0.5889 -1.0754 5.2630 64 70 70
11.1046 -12.4746 61.0480 195 200 190
9.6124 -9.5958 46.9600 254 255 251
14.0579 -10.3954 50.8730 251 255 242
13.9706 -9.5958 46.9600 206 210 203
24.8238 -11.3405 55.4980 252 255 251
21.9988 -9.5958 46.9600 205 203 193
19.9935 -8.3164 40.6990 228 235 229
-12.4353 -4.7597 23.4800 130 118 98
-11.4592 -4.5833 22.6100 137 130 97
-12.3121 -5.1564 25.4370 150 133 119
-12.8439 -5.6251 27.7490 95 83 65
-14.1397 -6.5133 32.1310 114 102 82
-17.0487 -8.2502 40.6990 122 110 92
-13.4342 -6.8752 33.9160 128 121 102
-9.9520 -5.3806 26.5430 115 103 85
-8.9575 -5.1564 25.4370 120 108 90
-8.7851 -5.3806 26.5430 110 103 84
-7.8392 -5.1564 25.4370 109 102 83
-6.4526 -4.5833 22.6100 202 189 165
-6.7210 -5.1564 25.4370 169 160 143
-5.8954 -4.9500 24.4190 147 152 138
-5.3785 -4.9500 24.4190 187 180 161
-5.7405 -5.8930 29.0710 189 183 168
-4.4845 -5.1564 25.4370 254 255 249
-8.5192 -11.2501 55.4980 162 170 159
-5.9870 -10.3126 50.8730 254 255 251
-4.2088 -8.8395 43.6060 252 255 251
-2.5004 -6.8752 33.9160 146 159 154
-1.8874 -7.2796 35.9110 169 185 176
-0.9563 -6.5133 32.1310 254 254 254
-0.2019 -4.7597 23.4800 194 246 253
0.4815 -6.8752 33.9160 192 244 251
1.5055 -8.2502 40.6990 190 245 251
1.9725 -6.8752 33.9160 190 245 251
1.7650 -4.4197 21.8030 172 173 160
0.5838 -1.0578 5.2180 69 72 71
6.0859 -8.8395 43.6060 252 255 251
8.7839 -8.8395 43.6060 254 255 251
16.3726 -12.3752 61.0480 252 255 249
13.6648 -9.5194 46.9600 252 255 245
19.0563 -12.3752 61.0480 177 178 167
22.7551 -10.3126 50.8730 252 255 251
20.4276 -8.8395 43.6060 213 209 198
18.7438 -7.7345 38.1550 188 192 187
-11.9746 -4.5465 22.6100 132 120 102
-11.4592 -4.5465 22.6100 127 125 88
-12.3121 -5.1150 25.4370 158 139 124
-12.8439 -5.5799 27.7490 98 84 65
-14.1397 -6.4610 32.1310 123 111 91
-15.9831 -7.6724 38.1550 129 117 99
-13.4342 -6.8200 33.9160 138 129 112
-9.9520 -5.3374 26.5430 108 96 78
-8.5990 -4.9103 24.4190 115 103 85
-8.7419 -5.3374 26.5430 107 100 79
-7.8392 -5.1150 25.4370 105 98 77
-6.4526 -4.5465 22.6100 255 251 220
-6.7210 -5.1150 25.4370 172 155 137
-5.8954 -4.9103 24.4190 143 151 136
-5.3785 -4.9103 24.4190 186 179 160
-5.7405 -5.8457 29.0710 193 188 170
-4.6795 -5.3374 26.5430 254 255 249
-9.3712 -12.2758 61.0480 159 163 156
-4.9898 -8.7685 43.6060 254 255 251
-3.5584 -7.6724 38.1550 252 255 251
-2.1510 -6.1379 30.5240 144 153 146
-2.0065 -8.1839 40.6990 150 166 157
-0.9519 -7.2211 35.9110 252 255 249
-0.1254 -4.7215 23.4800 193 245 252
0.5919 -6.8200 33.9160 192 244 251
1.5357 -7.6724 38.1550 191 246 252
2.0829 -6.8200 33.9160 187 242 248
0.4946 -1.0583 5.2630 167 172 160
0.5958 -1.0404 5.1740 67 70 69
11.2040 -12.2758 61.0480 192 196 189
8.9259 -8.7685 43.6060 254 255 251
15.0649 -11.1598 55.4980 252 255 249
13.8177 -9.4429 46.9600 244 246 237
21.0443 -12.2758 61.0480 177 175 156
22.9208 -10.2298 50.8730 252 255 251
20.5696 -8.7685 43.6060 191 196 186
18.8680 -7.6724 38.1550 192 196 189
-11.9009 -4.5097 22.6100 130 118 98
-11.3856 -4.5097 22.6100 126 123 82
-12.2293 -5.0736 25.4370 233 207 176
-12.7535 -5.5347 27.7490 110 97 75
-14.0351 -6.4087 32.1310 128 116 96
-15.8588 -7.6103 38.1550 130 118 100
-12.6226 -6.4087 32.1310 185 165 145
-9.8655 -5.2942 26.5430 109 97 79
-8.1919 -4.6832 23.4800 113 101 81
-8.6555 -5.2942 26.5430 105 96 75
-7.7564 -5.0736 25.4370 115 101 84
-6.3790 -4.5097 22.6100 254 242 211
-6.6382 -5.0736 25.4370 255 248 226
-5.5922 -4.6832 23.4800 146 148 132
-5.7599 -5.2942 26.5430 188 181 162
-5.3891 -5.5347 27.7490 196 191 171
-4.9832 -5.7984 29.0710 151 158 152
-7.3445 -11.0694 55.4980 170 164 151
-4.7768 -8.6975 43.6060 254 255 251
-3.1737 -7.1627 35.9110 252 255 251
-2.0019 -6.0882 30.5240 252 253 247
-2.0858 -9.3665 46.9600 237 241 234
-0.7334 -6.7648 33.9160 250 255 251
-0.0111 -4.8705 24.4190 193 245 252
0.8523 -7.6103 38.1550 192 244 251
1.7220 -7.6103 38.1550 190 245 251
2.3809 -7.1627 35.9110 189 241 250
0.5155 -1.0232 5.1300 87 87 83
0.6189 -1.0146 5.0870 89 89 85
10.2758 -11.0694 55.4980 186 190 183
8.3971 -8.1177 40.6990 254 255 251
16.2732 -12.1764 61.0480 252 255 251
13.5883 -9.3665 46.9600 252 255 247
18.9569 -12.1764 61.0480 183 184 171
26.5111 -12.1764 61.0480 252 255 251
21.3871 -9.3665 46.9600 229 233 228
18.2468 -7.6103 38.1550 193 194 188
19.0544 -7.6103 38.1550 201 201 195
-11.7537 -4.4729 22.6100 112 103 66
-11.6707 -4.6450 23.4800 151 146 105
-12.1051 -5.0322 25.4370 241 211 179
-13.8301 -6.0385 30.5240 126 113 91
-13.8781 -6.3564 32.1310 132 120 102
-15.6103 -7.5482 38.1550 134 122 104
-11.2785 -5.7511 29.0710 183 166 139
-9.6927 -5.2510 26.5430 112 100 82
-8.3604 -4.8308 24.4190 114 100 81
-8.5258 -5.2510 26.5430 109 97 77
-7.0067 -4.6450 23.4800 145 129 108
-6.2685 -4.4729 22.6100 183 171 142
-6.4725 -5.0322 25.4370 254 255 220
-5.4776 -4.6450 23.4800 182 173 152
-5.8409 -5.4895 27.7490 194 187 168
-5.0253 -5.2510 26.5430 196 191 173
-6.2919 -7.5482 38.1550 173 194 183
-5.4868 -8.6265 43.6060 130 125 123
-4.2596 -8.0514 40.6990 254 255 251
-2.6304 -6.3564 32.1310 255 249 241
-1.8528 -6.0385 30.5240 254 255 249
-1.7800 -9.2900 46.9600 254 255 251
-0.4866 -5.7511 29.0710 213 247 242
0.1607 -5.2510 26.5430 193 245 252
1.1742 -8.0514 40.6990 191 246 252
1.7962 -7.1042 35.9110 191 246 252
2.6147 -7.1042 35.9110 173 194 202
0.5526 -1.0064 5.0870 84 80 81
1.4588 -2.1959 11.1000 188 186 178
9.0772 -9.2900 46.9600 186 187 178
9.4229 -8.6265 43.6060 254 255 251
14.9745 -10.9791 55.4980 252 255 251
13.6648 -9.2900 46.9600 252 255 249
20.8455 -12.0770 61.0480 171 168 152
24.0106 -10.9791 55.4980 252 255 251
19.8596 -8.6265 43.6060 242 246 241
17.1152 -7.1042 35.9110 192 196 189
16.9374 -6.7096 33.9160 202 202 196
-11.7537 -4.4361 22.6100 115 112 71
-11.2751 -4.4361 22.6100 126 123 78
-12.1051 -4.9908 25.4370 199 172 139
-13.2191 -5.7038 29.0710 130 118 91
-13.1840 -5.9888 30.5240 141 129 109
-14.7507 -7.0458 35.9110 140 128 110
-11.2785 -5.7038 29.0710 255 247 210
-9.6927 -5.2078 26.5430 113 101 83
-8.0772 -4.6068 23.4800 124 110 91
-8.5258 -5.2078 26.5430 121 110 87
-7.3267 -4.7910 24.4190 130 116 97
-6.2685 -4.4361 22.6100 255 248 214
-6.5139 -4.9908 25.4370 255 255 221
-5.4776 -4.6068 23.4800 182 173 152
-5.8409 -5.4444 27.7490 195 188 169
-5.0253 -5.2078 26.5430 196 191 173
-6.2919 -7.4860 38.1550 173 194 183
-5.1210 -7.9852 40.6990 138 136 128
-3.7000 -7.0458 35.9110 254 255 251
-2.6304 -6.3041 32.1310 255 249 242
-1.8980 -6.3041 32.1310 253 254 248
-1.9283 -9.9813 50.8730 254 255 249
-0.4393 -5.7038 29.0710 196 247 250
0.2132 -5.4444 27.7490 193 245 252
1.1742 -7.9852 40.6990 193 245 252
1.7516 -6.6543 33.9160 191 246 252
2.7781 -7.4860 38.1550 172 193 201
0.5609 -0.9981 5.0870 92 87 85
4.3798 -6.3041 32.1310 183 184 175
8.1320 -7.9852 40.6990 254 255 249
12.3541 -10.8888 55.4980 254 255 241
13.9751 -9.9813 50.8730 252 255 249
15.1347 -9.9813 50.8730 215 220 208
19.2215 -10.8888 55.4980 181 176 158
22.3409 -9.9813 50.8730 252 255 251
20.0726 -8.5555 43.6060 219 220 207
17.3490 -7.0458 35.9110 190 194 189
-11.6892 -4.2423 21.8030 131 128 87
-11.6433 -4.3993 22.6100 107 105 66
-12.0182 -4.7513 24.4190 128 125 80
-11.9808 -4.9494 25.4370 255 229 198
-13.6810 -5.9391 30.5240 147 134 110
-13.7212 -6.2518 32.1310 134 122 104
-14.5168 -6.9873 35.9110 146 134 116
-10.5849 -5.3992 27.7490 169 151 119
-9.1645 -4.9494 25.4370 124 110 93
-8.2411 -4.7513 24.4190 129 116 94
-8.0463 -4.9494 25.4370 125 114 91
-6.8920 -4.5686 23.4800 146 130 109
-6.3951 -4.5686 23.4800 194 179 153
-6.0942 -4.7513 24.4190 210 205 174
-5.3246 -4.5686 23.4800 187 180 159
-5.9772 -5.6564 29.0710 194 189 169
-4.6502 -4.9494 25.4370 255 255 243
-8.8807 -10.7984 55.4980 173 192 180
-4.2847 -6.9873 35.9110 196 196 196
-3.5246 -6.9873 35.9110 252 255 251
-2.1906 -5.6564 29.0710 241 245 238
-2.0675 -7.4239 38.1550 173 187 176
-1.4742 -9.1372 46.9600 171 173 164
-0.2282 -5.1646 26.5430 194 246 253
0.3654 -5.6564 29.0710 192 244 251
1.3493 -7.4239 38.1550 190 245 251
1.8164 -6.2518 32.1310 190 245 251
2.5488 -6.2518 32.1310 173 176 160
0.5857 -0.9898 5.0870 80 77 74
11.2040 -11.8783 61.0480 127 133 131
7.8722 -7.4239 38.1550 254 255 251
12.6251 -10.7984 55.4980 255 255 241
14.1407 -9.8985 50.8730 248 253 243
15.2175 -9.8985 50.8730 211 216 204
19.4022 -10.7984 55.4980 193 192 177
22.0096 -9.8985 50.8730 252 255 251
19.8596 -8.4846 43.6060 249 253 248
17.1736 -6.9873 35.9110 197 198 192
16.0460 -6.2518 32.1310 197 201 196
-11.7537 -4.3625 22.6100 96 94 55
-11.2751 -4.3625 22.6100 104 103 59
-11.6206 -4.7115 24.4190 188 161 128
-13.2191 -5.6091 29.0710 135 126 91
-12.5564 -5.6091 29.0710 147 135 115
-13.8760 -6.5439 33.9160 144 130 113
-11.2785 -5.6091 29.0710 255 254 216
-9.6927 -5.1213 26.5430 123 111 93
-8.0772 -4.5304 23.4800 131 117 98
-8.5258 -5.1213 26.5430 125 113 93
-7.3267 -4.7115 24.4190 180 162 140
-6.2685 -4.3625 22.6100 236 219 194
-6.2135 -4.7115 24.4190 255 255 214
-5.4776 -4.5304 23.4800 182 173 152
-5.8409 -5.3540 27.7490 193 188 166
-5.0253 -5.1213 26.5430 192 187 169
-6.2919 -7.3618 38.1550 172 193 182
-4.8630 -7.3618 38.1550 178 178 156
-3.5496 -6.5439 33.9160 254 255 251
-2.4272 -5.6091 29.0710 243 228 218
-1.8528 -5.8895 30.5240 254 255 249
-2.3140 -11.7789 61.0480 254 255 249
-0.5378 -6.1995 32.1310 211 247 243
0.1607 -5.1213 26.5430 192 244 251
0.9776 -6.9289 35.9110 193 245 252
1.6071 -6.1995 32.1310 190 245 251
2.7160 -7.3618 38.1550 192 241 254
0.5398 -0.9734 5.0450 83 78 76
2.9365 -4.2068 21.8030 186 191 181
8.1983 -7.8527 40.6990 254 255 249
11.4073 -9.8157 50.8730 194 188 175
15.1552 -10.7081 55.4980 250 255 251
15.0519 -9.8157 50.8730 221 222 209
19.1311 -10.7081 55.4980 178 173 153
23.8299 -10.7081 55.4980 252 255 249
19.7176 -8.4136 43.6060 252 255 249
18.0604 -7.3618 38.1550 216 217 211
16.8270 -6.5439 33.9160 176 180 173
-11.4407 -4.1713 21.8030 102 99 58
-11.3488 -4.3257 22.6100 83 79 52
-11.2884 -4.4921 23.4800 122 100 72
-13.3138 -5.5618 29.0710 135 130 89
-12.0758 -5.3089 27.7490 150 136 117
-13.3027 -6.1472 32.1310 141 127 110
-12.5703 -6.1472 32.1310 243 216 190
-10.2686 -5.3089 27.7490 120 106 89
-7.8515 -4.3257 22.6100 135 121 102
-8.2948 -4.8665 25.4370 130 116 97
-7.4062 -4.6718 24.4190 252 236 202
-6.3422 -4.3257 22.6100 151 137 104
-6.3327 -4.6718 24.4190 246 229 192
-5.5540 -4.4921 23.4800 197 190 171
-5.4785 -4.8665 25.4370 188 181 160
-5.3439 -5.3089 27.7490 189 184 164
-5.4554 -6.1472 32.1310 175 182 174
-6.1382 -8.9843 46.9600 181 186 172
-3.4675 -6.1472 32.1310 254 255 251
-2.5219 -5.5618 29.0710 255 252 246
-1.8592 -5.5618 29.0710 254 255 249
-2.6122 -11.6795 61.0480 254 255 249
-0.4855 -6.1472 32.1310 196 247 250
0.1607 -5.0781 26.5430 193 245 252
1.0361 -6.8704 35.9110 193 245 252
1.6071 -6.1472 32.1310 190 245 251
2.9634 -7.7864 40.6990 175 195 206
0.5480 -0.9652 5.0450 80 75 73
2.9365 -4.1713 21.8030 182 190 179
8.3308 -7.7864 40.6990 254 255 251
13.7883 -11.6795 61.0480 172 170 160
15.7878 -10.6177 55.4980 250 255 249
18.6588 -11.6795 61.0480 190 191 178
22.0383 -11.6795 61.0480 254 255 251
25.6165 -11.6795 61.0480 252 255 249
20.6990 -8.9843 46.9600 252 255 249
18.8670 -7.7864 40.6990 252 255 247
16.4404 -6.4887 33.9160 252 253 247
-11.6537 -4.1358 21.8030 114 112 62
-11.6064 -4.2889 22.6100 76 76 45
-11.5178 -4.4539 23.4800 100 97 63
-11.8980 -4.8251 25.4370 116 110 74
-12.9824 -5.5145 29.0710 152 137 111
-12.3198 -5.5145 29.0710 140 128 110
-13.6551 -6.4335 33.9160 151 139 123
-11.0418 -5.5145 29.0710 225 210 180
-8.7580 -4.6320 24.4190 143 129 110
-8.2014 -4.6320 24.4190 137 125 105
-7.9635 -4.8251 25.4370 98 91 62
-6.8538 -4.4539 23.4800 144 137 108
-6.3186 -4.4539 23.4800 183 178 149
-6.0544 -4.6320 24.4190 184 174 144
-5.2864 -4.4539 23.4800 186 179 158
-5.9299 -5.5145 29.0710 191 186 166
-4.6088 -4.8251 25.4370 254 255 249
-9.5700 -11.5802 61.0480 138 150 142
-3.6419 -5.7901 30.5240 185 189 184
-2.9461 -5.7901 30.5240 252 255 251
-2.0001 -5.0349 26.5430 252 255 249
-2.2919 -8.2716 43.6060 175 184 175
-1.2448 -8.9078 46.9600 160 168 165
-0.0986 -5.0349 26.5430 194 246 253
0.5074 -5.5145 29.0710 193 245 252
1.2932 -6.0949 32.1310 191 246 252
2.0256 -6.0949 32.1310 190 245 251
3.0240 -6.8119 35.9110 169 174 164
0.5990 -0.9731 5.1300 79 75 76
11.5022 -11.5802 61.0480 131 138 130
8.5959 -7.7202 40.6990 189 186 181
16.3726 -11.5802 61.0480 179 179 173
16.1492 -10.5274 55.4980 254 252 242
19.2215 -10.5274 55.4980 179 174 154
24.4238 -11.5802 61.0480 206 211 199
25.8153 -11.5802 61.0480 252 255 251
20.8519 -8.9078 46.9600 252 255 251
20.3566 -8.2716 43.6060 252 255 249
17.5244 -6.8119 35.9110 252 255 249
-11.1832 -3.9589 21.0510 111 110 66
-11.4960 -4.2521 22.6100 85 81 56
-11.4414 -4.4157 23.4800 105 100 71
-12.3289 -4.9917 26.5430 97 97 62
-12.3017 -5.2185 27.7490 151 135 112
-12.2251 -5.4671 29.0710 151 139 121
-12.8318 -6.0426 32.1310 172 155 139
-10.4493 -5.2185 27.7490 123 109 94
-8.3065 -4.4157 23.4800 149 135 116
-8.1219 -4.5923 24.4190 140 128 108
-7.5653 -4.5923 24.4190 92 91 65
-6.5262 -4.2521 22.6100 104 99 70
-6.2421 -4.4157 23.4800 116 113 83
-5.9749 -4.5923 24.4190 144 139 117
-5.4183 -4.5923 24.4190 188 181 160
-5.7879 -5.4671 29.0710 194 189 169
-4.7227 -4.9917 26.5430 254 255 251
-8.6096 -10.4370 55.4980 136 140 133
-3.3108 -5.2185 27.7490 186 190 185
-2.6783 -5.2185 27.7490 252 255 251
-2.0001 -4.9917 26.5430 254 255 249
-2.2919 -8.2006 43.6060 144 153 144
-0.9429 -8.2006 43.6060 250 255 254
-0.0121 -4.9917 26.5430 193 245 252
0.6494 -5.4671 29.0710 193 245 252
1.2647 -5.4671 29.0710 191 246 252
2.2486 -6.3783 33.9160 189 244 252
0.5074 -0.9813 5.2180 137 140 124
0.6157 -0.9648 5.1300 84 83 83
9.9164 -9.5673 50.8730 191 189 179
11.0760 -9.5673 50.8730 180 182 171
17.8636 -11.4808 61.0480 162 160 152
21.8395 -11.4808 61.0480 254 255 249
22.9262 -10.4370 55.4980 254 255 251
22.0924 -9.5673 50.8730 252 255 251
23.2521 -9.5673 50.8730 252 255 251
19.4634 -7.6539 40.6990 252 255 251
14.5652 -5.4671 29.0710 252 255 251
-11.2987 -4.0648 21.8030 84 87 48
-11.2383 -4.2153 22.6100 82 87 54
-11.5809 -4.5525 24.4190 216 192 151
-13.1718 -5.4198 29.0710 145 142 97
-11.9403 -5.1734 27.7490 150 136 117
-13.1457 -5.9903 32.1310 154 142 124
-11.7925 -5.6907 30.5240 255 253 217
-9.2474 -4.7423 25.4370 150 134 113
-8.0389 -4.3775 23.4800 149 135 116
-8.1291 -4.7423 25.4370 141 129 109
-7.0067 -4.3775 23.4800 247 222 184
-6.4715 -4.3775 23.4800 136 122 89
-6.2135 -4.5525 24.4190 136 126 85
-5.4393 -4.3775 23.4800 183 174 153
-5.7957 -5.1734 27.7490 195 188 167
-4.9820 -4.9485 26.5430 199 194 176
-5.9218 -6.6950 35.9110 176 188 180
-4.6355 -6.6950 35.9110 165 180 164
-2.9494 -5.1734 27.7490 152 152 154
-2.2594 -4.9485 26.5430 205 197 194
-1.9025 -5.6907 30.5240 252 255 251
-1.1683 -8.7549 46.9600 229 232 231
-0.1030 -5.1734 27.7490 194 246 253
0.5295 -5.1734 27.7490 193 245 252
1.1700 -5.4198 29.0710 192 244 251
2.0256 -5.9903 32.1310 192 244 251
3.0240 -6.6950 35.9110 170 175 163
0.5990 -0.9564 5.1300 73 72 72
5.1289 -6.6950 35.9110 190 194 187
9.3830 -8.7549 46.9600 254 255 249
13.5895 -11.3814 61.0480 188 190 179
18.0624 -11.3814 61.0480 145 148 147
24.1256 -11.3814 61.0480 165 171 171
23.1070 -10.3467 55.4980 252 255 251
22.3409 -9.4845 50.8730 252 255 251
21.6165 -8.7549 46.9600 252 255 251
17.3490 -6.6950 35.9110 252 255 251
-11.2860 -3.8904 21.0510 92 89 55
-11.2277 -4.0293 21.8030 79 80 42
-11.1279 -4.1785 22.6100 80 80 49
-11.5013 -4.5128 24.4190 170 159 125
-12.4372 -5.1282 27.7490 145 134 98
-11.3349 -4.9053 26.5430 148 134 117
-12.3392 -5.6410 30.5240 189 171 149
-11.0891 -5.3725 29.0710 240 237 196
-9.1645 -4.7009 25.4370 151 135 114
-7.9242 -4.3392 23.4800 133 121 103
-7.7243 -4.5128 24.4190 138 125 101
-6.8920 -4.3392 23.4800 92 80 49
-6.3951 -4.3392 23.4800 96 92 67
-6.0942 -4.5128 24.4190 234 217 180
-5.3246 -4.3392 23.4800 190 181 160
-5.7054 -5.1282 27.7490 195 188 167
-4.6502 -4.7009 25.4370 255 255 245
-6.5788 -7.5214 40.6990 172 184 174
-3.6106 -5.3725 29.0710 147 157 143
-2.7348 -4.9053 26.5430 137 132 130
-2.1297 -4.9053 26.5430 254 255 247
-2.0628 -6.6366 35.9110 250 255 245
-0.9429 -8.0587 43.6060 250 255 254
0.0311 -4.9053 26.5430 193 245 252
0.6199 -5.1282 27.7490 193 245 252
1.1979 -4.9053 26.5430 194 246 253
2.1302 -5.9380 32.1310 191 243 252
0.5074 -0.9643 5.2180 138 140 122
0.6126 -0.9562 5.1740 78 77 77
5.1289 -6.6366 35.9110 194 195 186
10.9083 -10.2564 55.4980 189 190 181
12.0830 -10.2564 55.4980 170 174 167
22.2034 -10.2564 55.4980 175 182 174
23.3780 -10.2564 55.4980 252 255 251
24.6431 -10.2564 55.4980 252 255 251
21.8459 -8.6785 46.9600 252 255 251
16.5509 -6.2679 33.9160 252 255 251
-11.1832 -3.8561 21.0510 87 82 51
-11.1212 -3.9938 21.8030 87 84 54
-11.4414 -4.3010 23.4800 118 113 82
-11.8566 -4.6595 25.4370 80 81 54
-11.2767 -4.6595 25.4370 154 139 111
-10.7383 -4.6595 25.4370 150 138 120
-12.1901 -5.5913 30.5240 190 172 150
-10.9471 -5.3252 29.0710 133 119 104
-8.3448 -4.3010 23.4800 149 133 112
-7.8096 -4.3010 23.4800 142 130 112
-7.3126 -4.3010 23.4800 88 86 63
-6.5262 -4.1417 22.6100 81 79 58
-6.2804 -4.3010 23.4800 80 80 60
-5.9749 -4.4730 24.4190 222 202 164
-5.2099 -4.3010 23.4800 189 181 157
-5.8352 -5.3252 29.0710 195 190 168
-4.5259 -4.6595 25.4370 254 255 251
-7.3615 -8.6020 46.9600 141 150 141
-4.0429 -5.8857 32.1310 149 159 145
-2.7780 -4.8621 26.5430 201 193 190
-2.1730 -4.8621 26.5430 255 250 245
-2.0034 -6.2127 33.9160 252 255 251
-1.1828 -9.3188 50.8730 250 255 254
-0.0127 -5.0830 27.7490 194 246 253
0.5747 -5.0830 27.7490 193 245 252
1.1547 -4.8621 26.5430 193 245 252
1.9740 -5.5913 30.5240 192 244 251
1.6180 -3.3886 18.4990 170 175 163
0.6295 -0.9478 5.1740 82 81 83
10.5082 -11.1827 61.0480 194 196 183
13.1919 -11.1827 61.0480 186 191 181
20.9328 -9.3188 50.8730 254 255 251
24.1009 -10.1660 55.4980 252 255 251
25.2756 -10.1660 55.4980 252 255 251
17.1736 -6.5781 35.9110 252 255 251
13.2554 -4.8621 26.5430 252 255 251
-10.9433 -3.8218 21.0510 88 85 55
-10.8372 -3.9583 21.8030 95 84 59
-11.6206 -4.4333 24.4190 119 111 71
-12.0264 -4.8189 26.5430 114 113 67
-10.9868 -4.6181 25.4370 154 141 119
-11.8938 -5.2779 29.0710 176 158 136
-11.8422 -5.5416 30.5240 255 255 219
-9.6927 -4.8189 26.5430 154 138 117
-8.0389 -4.2628 23.4800 150 136 117
-7.8436 -4.4333 24.4190 143 132 109
-6.7471 -4.1049 22.6100 193 166 140
-6.2685 -4.1049 22.6100 137 133 85
-6.2135 -4.4333 24.4190 110 107 77
-5.4776 -4.2628 23.4800 178 170 144
-5.5871 -4.8189 26.5430 183 178 149
-4.9820 -4.8189 26.5430 193 188 168
-5.0832 -5.5416 30.5240 180 194 183
-6.3676 -8.5256 46.9600 162 174 166
-2.9107 -4.6181 25.4370 254 255 249
-2.4323 -4.8189 26.5430 223 223 223
-1.9554 -5.0378 27.7490 254 255 251
-2.9104 -11.0833 61.0480 164 169 159
-0.3468 -6.1575 33.9160 195 246 251
0.2904 -4.8189 26.5430 194 246 253
0.8954 -4.8189 26.5430 194 246 253
1.4573 -4.8189 26.5430 193 245 252
2.9645 -6.9271 38.1550 165 161 152
0.5563 -0.9159 5.0450 73 68 64
6.4754 -7.3889 40.6990 245 248 227
11.2697 -10.0757 55.4980 254 255 251
22.1130 -10.0757 55.4980 174 183 176
23.3780 -10.0757 55.4980 252 255 251
24.5527 -10.0757 55.4980 252 255 251
21.8459 -8.5256 46.9600 252 255 251
15.6275 -5.8334 32.1310 252 255 251
-10.8434 -3.6612 20.3490 132 125 96
-10.7719 -3.7875 21.0510 111 104 73
-11.0542 -4.0680 22.6100 159 139 119
-11.3821 -4.3935 24.4190 71 69 46
-11.3182 -4.5767 25.4370 162 145 120
-10.3086 -4.3935 24.4190 151 139 121
-11.6571 -5.2305 29.0710 179 160 135
-10.9945 -5.2305 29.0710 163 151 120
-8.7182 -4.3935 24.4190 155 137 117
-7.8478 -4.2246 23.4800 144 132 114
-7.3126 -4.2246 23.4800 89 90 63
-6.5631 -4.0680 22.6100 98 91 72
-6.0477 -4.0680 22.6100 78 73 53
-6.0147 -4.3935 24.4190 150 141 104
-5.2482 -4.2246 23.4800 185 177 151
-5.6150 -4.9927 27.7490 175 170 141
-4.5674 -4.5767 25.4370 254 255 249
-6.8357 -7.8457 43.6060 157 176 164
-4.6355 -6.4612 35.9110 162 184 168
-2.7036 -4.5767 25.4370 184 180 173
-2.2594 -4.7757 26.5430 195 188 180
-2.0026 -5.7811 32.1310 252 255 251
-1.4711 -9.9853 55.4980 147 161 163
-0.1079 -5.2305 29.0710 194 246 253
0.4854 -4.5767 25.4370 193 245 252
1.0238 -4.5767 25.4370 193 245 252
1.8327 -5.2305 29.0710 193 245 252
1.4688 -3.1382 17.4420 170 175 163
0.5857 -0.9153 5.0870 67 66 66
0.8759 -1.1562 6.4260 250 255 249
22.2937 -9.9853 55.4980 165 172 164
23.5588 -9.9853 55.4980 252 255 251
27.2069 -10.9839 61.0480 252 255 251
20.4276 -7.8457 43.6060 252 255 249
14.2339 -5.2305 29.0710 252 255 249
-10.7771 -3.6281 20.3490 128 121 92
-11.0857 -3.8874 21.8030 153 136 111
-11.4031 -4.1864 23.4800 170 157 133
-11.8152 -4.5353 25.4370 72 72 48
-10.7857 -4.3538 24.4190 159 145 112
-9.8357 -4.1864 23.4800 151 137 120
-11.5625 -5.1832 29.0710 151 129 105
-10.4041 -4.9475 27.7490 143 129 110
-8.3065 -4.1864 23.4800 154 136 116
-7.7713 -4.1864 23.4800 143 131 113
-7.0048 -4.0312 22.6100 70 70 46
-6.4894 -4.0312 22.6100 108 104 77
-5.9740 -4.0312 22.6100 107 94 70
-5.9352 -4.3538 24.4190 207 195 164
-5.1717 -4.1864 23.4800 188 183 154
-5.7879 -5.1832 29.0710 189 184 151
-4.4845 -4.5353 25.4370 254 255 251
-6.7647 -7.7747 43.6060 144 156 148
-4.0429 -5.7288 32.1310 145 158 145
-2.6208 -4.5353 25.4370 190 188 169
-2.1730 -4.7325 26.5430 255 250 243
-2.1213 -6.4027 35.9110 252 255 251
-1.1828 -9.0704 50.8730 250 255 255
-0.0133 -5.1832 29.0710 195 248 252
0.5268 -4.5353 25.4370 194 247 251
1.1066 -4.5353 25.4370 194 246 253
2.0237 -5.4423 30.5240 192 244 251
0.4988 -0.9147 5.1300 172 174 158
0.6157 -0.9147 5.1300 76 75 75
7.5480 -8.3727 46.9600 251 255 246
20.9328 -9.0704 50.8730 254 255 249
24.0106 -9.8950 55.4980 252 255 251
27.8033 -10.8845 61.0480 252 255 251
17.1736 -6.4027 35.9110 252 255 251
10.8883 -3.8874 21.8030 250 255 251
-10.5783 -3.5950 20.3490 115 112 78
-10.8727 -3.8519 21.8030 159 143 120
-11.1738 -4.1481 23.4800 104 98 60
-11.5667 -4.4939 25.4370 104 108 64
-10.1416 -4.1481 23.4800 145 133 106
-10.8595 -4.6893 26.5430 145 130 118
-11.8422 -5.3926 30.5240 255 233 205
-9.2888 -4.4939 25.4370 164 144 124
-8.0772 -4.1481 23.4800 150 137 115
-7.5419 -4.1481 23.4800 160 149 124
-6.7839 -3.9944 22.6100 132 121 96
-6.2685 -3.9944 22.6100 91 93 59
-6.0128 -4.1481 23.4800 112 102 74
-5.4776 -4.1481 23.4800 185 174 149
-5.3543 -4.4939 25.4370 121 121 88
-5.0253 -4.6893 26.5430 141 140 112
-4.8412 -5.1359 29.0710 194 196 180
-8.8742 -10.7852 61.0480 254 255 251
-3.5632 -5.1359 29.0710 133 140 132
-2.5794 -4.4939 25.4370 182 185 169
-2.1813 -4.9023 27.7490 254 255 245
-2.1296 -6.7407 38.1550 252 255 251
-0.8719 -7.7037 43.6060 249 255 253
0.0777 -4.9023 27.7490 196 249 253
0.6096 -4.4939 25.4370 194 247 251
1.1418 -4.3140 24.4190 193 245 252
1.9747 -5.1359 29.0710 191 243 250
0.4947 -0.8697 4.9230 171 174 158
0.6379 -0.9141 5.1740 94 93 93
7.6245 -8.2963 46.9600 252 255 249
21.0985 -8.9876 50.8730 254 255 251
26.6105 -10.7852 61.0480 252 255 251
15.3659 -5.6765 32.1310 250 255 249
7.8170 -2.7654 15.6530 250 255 251
-10.5783 -3.5619 20.3490 116 114 75
-10.8372 -3.8164 21.8030 173 157 125
-11.1738 -4.1099 23.4800 124 120 84
-11.5252 -4.4525 25.4370 106 110 66
-9.7658 -3.9576 22.6100 143 131 100
-10.4070 -4.4525 25.4370 162 148 133
-11.8422 -5.3429 30.5240 228 211 182
-9.2888 -4.4525 25.4370 169 146 127
-8.0389 -4.1099 23.4800 149 136 114
-7.5419 -4.1099 23.4800 162 151 126
-6.5063 -3.8164 21.8030 81 72 51
-6.2685 -3.9576 22.6100 82 86 58
-5.9745 -4.1099 23.4800 123 113 81
-5.4776 -4.1099 23.4800 173 160 136
-5.3543 -4.4525 25.4370 108 107 79
-5.0253 -4.6461 26.5430 142 144 110
-4.8412 -5.0886 29.0710 240 242 224
-8.7748 -10.6858 61.0480 254 255 249
-3.5632 -5.0886 29.0710 133 140 132
-2.5380 -4.4525 25.4370 183 186 170
-2.2852 -5.0886 29.0710 250 252 243
-2.2716 -7.1239 40.6990 252 255 251
-0.9389 -8.2198 46.9600 249 255 253
0.0814 -5.0886 29.0710 195 248 252
0.6510 -4.4525 25.4370 193 246 250
1.1418 -4.2743 24.4190 193 245 252
1.9301 -4.8572 27.7490 190 240 250
0.5107 -0.8617 4.9230 179 178 161
0.6660 -0.9212 5.2630 112 109 104
22.5648 -9.7143 55.4980 254 255 247
26.2129 -10.6858 61.0480 252 255 249
15.3659 -5.6242 32.1310 197 202 192
7.8170 -2.7399 15.6530 248 255 248
-10.5783 -3.5287 20.3490 137 139 94
-10.8727 -3.7809 21.8030 165 152 112
-11.1738 -4.0717 23.4800 125 118 87
-11.5667 -4.4111 25.4370 105 109 63
-9.7658 -3.9208 22.6100 141 132 95
-10.4070 -4.4111 25.4370 173 160 138
-11.8422 -5.2932 30.5240 255 253 220
-9.2888 -4.4111 25.4370 171 148 129
-8.0772 -4.0717 23.4800 151 138 116
-7.5419 -4.0717 23.4800 163 150 126
-6.7839 -3.9208 22.6100 70 65 47
-6.2685 -3.9208 22.6100 79 77 58
-5.9745 -4.0717 23.4800 122 113 78
-5.4776 -4.0717 23.4800 161 150 125
-5.3543 -4.4111 25.4370 92 91 65
-5.0253 -4.6029 26.5430 138 143 108
-4.8412 -5.0412 29.0710 253 255 244
-8.8742 -10.5864 61.0480 254 255 249
-3.7413 -5.2932 30.5240 133 140 132
-2.5380 -4.4111 25.4370 168 176 163
-2.3995 -5.2932 30.5240 173 173 169
-2.4338 -7.5618 43.6060 252 255 251
-0.7299 -7.5618 43.6060 214 248 245
0.1681 -4.8120 27.7490 195 248 252
0.6925 -4.4111 25.4370 194 247 251
1.2214 -4.2345 24.4190 192 245 249
1.6095 -3.9208 22.6100 193 243 253
0.5188 -0.8537 4.9230 95 88 80
0.6575 -0.8896 5.1300 83 83 87
0.7727 -0.8972 5.1740 247 253 251
22.9262 -9.6240 55.4980 252 255 249
28.1015 -10.5864 61.0480 192 193 189
10.1700 -3.6505 21.0510 182 182 176
3.8481 -1.3233 7.6310 209 213 208
-10.4789 -3.4956 20.3490 125 127 82
-11.1279 -3.8840 22.6100 144 130 95
-11.5013 -4.1948 24.4190 112 95 70
-10.9447 -4.1948 24.4190 128 123 78
-9.6553 -3.8840 22.6100 150 140 108
-10.2828 -4.3697 25.4370 183 173 143
-11.1365 -4.9939 29.0710 237 220 181
-9.1645 -4.3697 25.4370 157 137 115
-7.9242 -4.0335 23.4800 140 126 109
-7.1521 -3.8840 22.6100 75 68 49
-6.3998 -3.7454 21.8030 70 67 51
-5.9383 -3.7454 21.8030 245 231 198
-5.8598 -4.0335 23.4800 124 119 78
-5.3629 -4.0335 23.4800 143 139 103
-5.4574 -4.5596 26.5430 111 108 74
-4.6502 -4.3697 25.4370 150 152 118
-5.4824 -5.8262 33.9160 254 255 238
-7.0638 -8.7391 50.8730 252 255 251
-3.1237 -4.5596 26.5430 252 255 245
-2.5187 -4.5596 26.5430 163 171 158
-2.3688 -5.5196 32.1310 236 237 231
-2.5910 -8.7391 50.8730 252 255 251
-0.3902 -6.5544 38.1550 196 249 251
0.2904 -4.5596 26.5430 194 247 251
0.8581 -4.3697 25.4370 194 247 251
1.3406 -4.1948 24.4190 193 246 250
1.0780 -2.3835 13.8750 166 159 151
0.5188 -0.8457 4.9230 89 86 81
0.6466 -0.8666 5.0450 73 78 83
0.7597 -0.8739 5.0870 149 152 153
22.9262 -9.5336 55.4980 252 255 249
28.2009 -10.4870 61.0480 191 195 190
10.1700 -3.6162 21.0510 187 188 179
-10.7109 -3.4625 20.3490 130 126 76
-10.6348 -3.5819 21.0510 121 116 71
-11.3267 -3.9953 23.4800 159 146 124
-11.2628 -4.1550 24.4190 117 110 77
-9.9130 -3.8472 22.6100 124 122 72
-9.3977 -3.8472 22.6100 177 166 130
-10.9463 -4.7216 27.7490 186 172 137
-10.3138 -4.7216 27.7490 156 135 118
-8.2301 -3.9953 23.4800 141 122 105
-8.0026 -4.1550 24.4190 151 139 123
-6.6838 -3.7099 21.8030 124 118 92
-6.1868 -3.7099 21.8030 104 79 61
-5.9004 -3.8472 22.6100 135 130 85
-5.8556 -4.1550 24.4190 241 229 198
-5.0953 -3.9953 23.4800 117 122 85
-5.1981 -4.5164 26.5430 96 101 66
-4.5931 -4.5164 26.5430 206 197 188
-7.1321 -7.9905 46.9600 169 161 149
-4.6355 -6.1105 35.9110 174 187 172
-2.7036 -4.3282 25.4370 160 171 167
-2.4746 -4.9466 29.0710 228 223 219
-2.5367 -6.9252 40.6990 254 255 249
-1.0172 -8.6563 50.8730 249 255 253
0.0900 -5.4673 32.1310 195 248 252
0.6096 -4.3282 25.4370 195 248 252
1.1418 -4.1550 24.4190 193 246 250
1.2132 -2.9679 17.4420 192 242 252
0.5067 -0.8310 4.8840 62 69 73
0.6384 -0.8584 5.0450 63 71 72
0.7514 -0.8656 5.0870 103 109 111
22.8359 -9.4433 55.4980 252 255 251
26.4117 -10.3877 61.0480 252 255 251
7.7350 -2.7335 16.0650 188 190 181
-10.7771 -3.4294 20.3490 90 89 47
-10.6691 -3.5477 21.0510 118 116 68
-11.3649 -3.9570 23.4800 174 160 141
-11.3025 -4.1153 24.4190 146 131 103
-9.9499 -3.8104 22.6100 107 106 62
-9.4713 -3.8104 22.6100 169 159 116
-10.9915 -4.6765 27.7490 159 146 106
-10.8998 -4.8993 29.0710 150 131 114
-8.2683 -3.9570 23.4800 142 122 102
-8.0424 -4.1153 24.4190 166 157 140
-6.9680 -3.8104 22.6100 132 125 96
-6.2223 -3.6744 21.8030 244 218 189
-5.7608 -3.6744 21.8030 120 117 83
-5.6687 -3.9570 23.4800 141 131 90
-5.1717 -3.9570 23.4800 82 86 58
-5.2413 -4.4732 26.5430 91 96 61
-4.6363 -4.4732 26.5430 196 191 171
-6.2475 -6.8589 40.6990 252 252 230
-5.3198 -6.8589 40.6990 125 136 132
-2.7865 -4.2868 25.4370 252 255 249
-2.5219 -4.8993 29.0710 255 255 247
-2.5023 -6.4302 38.1550 254 255 249
-1.1000 -8.5735 50.8730 250 255 254
0.0376 -5.4150 32.1310 195 248 252
0.5682 -4.2868 25.4370 194 247 251
1.1021 -4.1153 24.4190 194 247 251
1.2265 -3.1176 18.4990 193 245 252
0.4787 -0.8297 4.9230 57 68 77
0.5925 -0.8433 5.0040 59 63 58
0.7183 -0.8573 5.0870 80 91 91
5.9475 -6.0520 35.9110 252 255 251
23.3780 -9.3530 55.4980 252 255 251
11.4393 -4.1153 24.4190 198 199 186
-10.9096 -3.3962 20.3490 86 83 49
-10.8062 -3.5134 21.0510 117 112 67
-11.1279 -3.7736 22.6100 124 113 79
-11.4616 -4.0755 24.4190 170 147 115
-10.0971 -3.7736 22.6100 91 92 52
-9.6185 -3.7736 22.6100 115 114 70
-10.2413 -4.2454 25.4370 147 143 95
-11.0891 -4.8519 29.0710 254 234 196
-8.7580 -4.0755 24.4190 151 128 107
-8.2411 -4.0755 24.4190 155 143 123
-7.1152 -3.7736 22.6100 180 169 144
-6.3998 -3.6389 21.8030 80 78 59
-5.9028 -3.6389 21.8030 176 164 133
-5.8216 -3.9188 23.4800 132 127 82
-5.3246 -3.9188 23.4800 105 109 79
-5.1886 -4.2454 25.4370 107 110 69
-4.6502 -4.2454 25.4370 138 141 102
-4.8844 -5.0945 30.5240 255 255 245
-6.5205 -7.8376 46.9600 250 255 251
-3.0805 -4.4300 26.5430 254 255 245
-2.5879 -4.6313 27.7490 160 161 157
-2.5891 -5.9935 35.9110 143 137 122
-1.7176 -10.1889 61.0480 191 192 183
-0.2836 -6.7927 40.6990 196 249 253
0.4391 -4.6313 27.7490 195 248 252
0.9410 -4.2454 25.4370 194 247 251
1.2586 -3.5134 21.0510 194 247 251
0.4684 -0.8937 5.3550 75 85 88
0.5348 -0.8216 4.9230 53 64 64
0.6630 -0.8420 5.0450 55 69 71
0.8243 -0.9016 5.4020 105 113 114
24.9208 -10.1889 61.0480 252 255 251
26.2129 -10.1889 61.0480 252 255 251
7.4602 -2.6125 15.6530 178 185 179
-10.7109 -3.3631 20.3490 85 82 48
-10.6348 -3.4791 21.0510 115 113 63
-11.3267 -3.8806 23.4800 185 164 149
-11.2628 -4.0358 24.4190 150 135 109
-9.5592 -3.6034 21.8030 107 106 62
-9.4345 -3.7368 22.6100 122 119 78
-10.9463 -4.5861 27.7490 122 121 77
-10.8051 -4.8046 29.0710 164 141 120
-8.2301 -3.8806 23.4800 144 126 104
-8.0026 -4.0358 24.4190 192 177 151
-6.9312 -3.7368 22.6100 79 72 51
-6.1868 -3.6034 21.8030 255 244 205
-5.7253 -3.6034 21.8030 103 98 65
-5.6305 -3.8806 23.4800 139 131 91
-5.1335 -3.8806 23.4800 72 76 51
-5.1981 -4.3868 26.5430 83 88 53
-4.5931 -4.3868 26.5430 255 251 220
-6.1812 -6.7264 40.6990 253 255 244
-4.6355 -5.9351 35.9110 143 159 150
-2.7451 -4.2040 25.4370 254 255 249
-2.7350 -5.3104 32.1310 226 227 216
-3.0033 -7.7612 46.9600 254 255 249
-0.6859 -8.4079 50.8730 197 248 249
0.2992 -5.3104 32.1310 196 249 253
0.8458 -4.5861 27.7490 195 248 252
1.3009 -4.0358 24.4190 194 247 251
0.5092 -1.0191 6.1660 68 79 88
0.5147 -0.8072 4.8840 42 56 60
0.6332 -0.8270 5.0040 46 58 60
0.7597 -0.8407 5.0870 80 92 96
24.9208 -10.0895 61.0480 252 255 251
26.2129 -10.0895 61.0480 252 255 251
12.3046 -4.3868 26.5430 212 210 198
3.8430 -1.3103 7.9280 183 187 180
-10.6115 -3.3300 20.3490 118 113 72
-10.5320 -3.4449 21.0510 111 108 67
-11.2120 -3.8424 23.4800 252 232 192
-10.6768 -3.8424 23.4800 108 103 70
-9.4527 -3.5679 21.8030 111 110 64
-9.6446 -3.8424 23.4800 120 119 77
-11.3258 -4.7573 29.0710 170 151 122
-10.1782 -4.5410 27.7490 165 141 116
-8.1154 -3.8424 23.4800 144 126 106
-7.8833 -3.9960 24.4190 181 164 139
-6.5418 -3.5679 21.8030 95 88 67
-6.0803 -3.5679 21.8030 245 228 191
-5.7900 -3.7000 22.6100 110 106 70
-5.5158 -3.8424 23.4800 125 121 83
-4.9806 -3.8424 23.4800 73 77 54
-4.8573 -4.1626 25.4370 85 86 59
-4.6662 -4.5410 27.7490 245 241 216
-6.3388 -7.1359 43.6060 254 255 249
-3.7910 -4.9951 30.5240 115 131 120
-2.5794 -4.1626 25.4370 180 199 187
-2.8814 -5.8766 35.9110 227 225 215
-3.1880 -9.0819 55.4980 254 255 251
-0.4037 -7.6847 46.9600 196 249 253
0.4334 -4.9951 30.5240 195 248 252
0.9813 -4.5410 27.7490 194 247 251
1.2243 -3.4449 21.0510 196 249 253
0.4557 -0.8688 5.3090 53 69 79
0.5268 -0.8056 4.9230 36 53 56
0.6495 -0.8189 5.0040 45 59 63
0.7616 -0.8256 5.0450 79 89 94
24.9208 -9.9902 61.0480 252 255 251
23.8299 -9.0819 55.4980 252 255 251
25.0949 -9.0819 55.4980 252 255 251
5.3695 -1.8500 11.3050 185 187 178
2.3196 -0.7626 4.6600 153 156 155
-10.6115 -3.2969 20.3490 104 97 64
-10.5320 -3.4106 21.0510 106 100 64
-11.2120 -3.8041 23.4800 255 245 200
-11.1435 -3.9563 24.4190 107 101 75
-9.4527 -3.5324 21.8030 103 102 60
-9.6446 -3.8041 23.4800 118 117 73
-10.8108 -4.4958 27.7490 161 142 113
-10.1782 -4.4958 27.7490 166 142 117
-8.4399 -3.9563 24.4190 143 125 105
-7.8833 -3.9563 24.4190 180 163 138
-6.5773 -3.5324 21.8030 90 79 56
-6.0803 -3.5324 21.8030 242 222 184
-5.7900 -3.6632 22.6100 111 110 68
-5.5158 -3.8041 23.4800 100 96 60
-4.9806 -3.8041 23.4800 69 73 50
-4.8573 -4.1212 25.4370 98 98 67
-4.6662 -4.4958 27.7490 180 174 148
-5.9824 -6.5939 40.6990 254 255 245
-3.7910 -4.9454 30.5240 125 141 130
-2.5794 -4.1212 25.4370 169 190 177
-2.8814 -5.8182 35.9110 202 203 194
-3.5068 -9.8908 61.0480 254 255 251
-0.2508 -7.6083 46.9600 195 248 252
0.5608 -5.2057 32.1310 196 249 253
1.1227 -4.7100 29.0710 195 248 252
0.9866 -2.6028 16.0650 194 247 251
0.4532 -0.8242 5.0870 47 64 69
0.5508 -0.7976 4.9230 37 49 53
0.6739 -0.8107 5.0040 45 59 63
0.8810 -0.9159 5.6530 96 103 107
25.3184 -9.8908 61.0480 252 255 251
24.1913 -8.9916 55.4980 252 255 251
14.0010 -4.9454 30.5240 251 255 250
2.7265 -0.8992 5.5500 194 199 189
-11.1146 -3.3763 21.0510 77 74 44
-10.6348 -3.3763 21.0510 109 105 57
-11.3649 -3.7659 23.4800 191 172 157
-11.2628 -3.9165 24.4190 102 89 67
-9.5947 -3.4970 21.8030 87 89 55
-9.4345 -3.6264 22.6100 93 93 58
-10.5138 -4.2572 26.5430 118 112 88
-11.3949 -4.8957 30.5240 170 148 122
-8.5592 -3.9165 24.4190 149 129 109
-8.3776 -4.0798 25.4370 176 158 136
-6.9312 -3.6264 22.6100 79 69 39
-6.2223 -3.4970 21.8030 144 132 87
-5.7253 -3.4970 21.8030 133 128 99
-5.6687 -3.7659 23.4800 118 121 80
-4.9433 -3.6264 22.6100 60 63 45
-4.9815 -4.0798 25.4370 87 93 56
-4.6363 -4.2572 26.5430 133 134 96
-5.7949 -6.1196 38.1550 189 183 170
-4.6940 -5.7597 35.9110 204 203 186
-2.7451 -4.0798 25.4370 254 255 251
-2.9422 -5.4397 33.9160 254 255 245
-3.2536 -8.1594 50.8730 252 255 249
-0.5202 -8.1594 50.8730 196 249 251
0.3711 -5.4397 33.9160 196 249 253
1.0297 -4.8957 30.5240 194 247 251
1.2891 -3.7659 23.4800 196 249 253
0.4346 -0.8441 5.2630 47 63 73
0.5067 -0.7833 4.8840 38 50 54
0.6280 -0.7960 4.9630 39 51 55
0.7391 -0.8026 5.0040 57 71 75
24.8214 -9.7914 61.0480 254 255 247
21.8440 -8.1594 50.8730 252 255 249
22.9208 -8.1594 50.8730 252 255 249
3.3443 -1.1254 7.0170 249 255 248
2.1708 -0.6995 4.3610 94 97 100
-10.9775 -3.3421 21.0510 79 73 49
-10.9082 -3.4615 21.8030 104 94 62
-11.2120 -3.7277 23.4800 255 251 201
-10.6768 -3.7277 23.4800 77 71 56
-9.4527 -3.4615 21.8030 87 87 52
-9.6446 -3.7277 23.4800 109 108 66
-10.8108 -4.4055 27.7490 255 251 213
-10.1782 -4.4055 27.7490 165 143 117
-8.4399 -3.8768 24.4190 143 125 103
-8.2120 -4.0384 25.4370 147 128 111
-6.5418 -3.4615 21.8030 181 159 133
-6.0803 -3.4615 21.8030 135 125 86
-5.7900 -3.5896 22.6100 98 98 63
-5.5158 -3.7277 23.4800 99 96 64
-4.7960 -3.5896 22.6100 64 68 47
-4.8573 -4.0384 25.4370 107 110 69
-4.6662 -4.4055 27.7490 150 145 114
-5.5464 -6.0575 38.1550 246 244 232
-3.7910 -4.8460 30.5240 168 176 165
-2.5794 -4.0384 25.4370 173 192 182
-3.0615 -6.0575 38.1550 207 211 206
-3.5068 -9.6920 61.0480 251 251 247
-0.2717 -8.0766 50.8730 195 248 252
0.5919 -5.3845 33.9160 196 249 253
1.2932 -5.1011 32.1310 196 249 253
0.7652 -1.9780 12.4590 195 248 252
0.4367 -0.8076 5.0870 43 56 67
0.5268 -0.7816 4.9230 36 48 54
0.6442 -0.7879 4.9630 38 52 56
0.7616 -0.8009 5.0450 61 75 79
24.9208 -9.6920 61.0480 252 255 247
21.9268 -8.0766 50.8730 252 255 249
23.0036 -8.0766 50.8730 252 255 249
2.4381 -0.7879 4.9630 104 104 108
-11.1489 -3.3078 21.0510 96 98 64
-10.6691 -3.3078 21.0510 121 119 69
-10.9806 -3.5528 22.6100 186 170 147
-11.3025 -3.8370 24.4190 136 116 94
-9.9867 -3.5528 22.6100 85 86 59
-9.4713 -3.5528 22.6100 98 99 61
-10.5138 -4.1708 26.5430 165 148 123
-10.8998 -4.5680 29.0710 162 140 112
-8.9575 -3.9970 25.4370 119 103 82
-8.7851 -4.1708 26.5430 147 128 111
-7.2361 -3.6895 23.4800 136 128 86
-6.2578 -3.4260 21.8030 110 105 62
-5.7608 -3.4260 21.8030 105 89 66
-5.4587 -3.5528 22.6100 115 113 76
-4.9801 -3.5528 22.6100 55 58 40
-4.8219 -3.8370 24.4190 100 106 69
-4.4845 -3.9970 25.4370 112 113 73
-5.2063 -5.3293 33.9160 218 221 196
-4.7524 -5.6428 35.9110 254 255 247
-2.9076 -4.1708 26.5430 254 255 251
-2.9422 -5.3293 33.9160 254 255 245
-3.6398 -8.7206 55.4980 246 254 243
-0.4374 -7.9938 50.8730 195 248 252
0.4796 -5.9954 38.1550 195 248 252
1.1994 -5.3293 33.9160 185 238 242
1.1132 -3.0944 19.6930 198 251 255
0.4373 -0.8488 5.4020 43 58 71
0.5107 -0.7736 4.9230 70 68 60
0.6149 -0.7736 4.9230 34 48 52
0.7391 -0.7863 5.0040 50 64 68
6.5676 -5.9954 38.1550 116 120 113
23.3780 -8.7206 55.4980 252 255 251
15.0047 -5.3293 33.9160 252 255 251
2.5340 -0.8270 5.2630 228 232 227
2.1084 -0.6570 4.1810 70 78 79
-10.8747 -3.2735 21.0510 65 64 38
-10.7662 -3.3905 21.8030 152 141 107
-11.5411 -3.7973 24.4190 252 250 200
-10.1707 -3.5160 22.6100 75 73 61
-9.6922 -3.5160 22.6100 76 69 50
-9.9110 -3.7973 24.4190 103 107 63
-10.6752 -4.3151 27.7490 255 255 212
-10.0427 -4.3151 27.7490 96 77 62
-9.0012 -4.1276 26.5430 96 77 62
-7.7640 -3.7973 24.4190 157 140 122
-6.4353 -3.3905 21.8030 112 105 74
-5.9738 -3.3905 21.8030 132 126 88
-5.6795 -3.5160 22.6100 76 76 45
-5.2010 -3.5160 22.6100 109 104 63
-4.8659 -3.6513 23.4800 62 66 43
-4.6916 -3.9556 25.4370 108 104 66
-4.7465 -4.5207 29.0710 156 152 116
-5.0448 -5.5843 35.9110 203 201 189
-3.3108 -4.3151 27.7490 180 181 170
-2.8059 -4.5207 29.0710 141 148 140
-3.0668 -6.3289 40.6990 156 172 161
-1.1097 -8.6302 55.4980 249 255 250
0.1221 -6.7810 43.6060 195 248 252
0.8128 -5.2741 33.9160 195 248 252
1.5025 -4.9965 32.1310 199 248 251
0.4996 -1.1437 7.3550 194 245 250
0.4540 -0.7781 5.0040 81 85 80
0.5508 -0.7656 4.9230 32 44 48
0.6684 -0.7718 4.9630 37 51 55
0.8217 -0.8114 5.2180 73 85 89
22.4744 -8.6302 55.4980 254 255 240
20.0873 -7.3025 46.9600 252 255 251
7.8301 -2.7123 17.4420 252 255 249
2.3040 -0.7416 4.7690 122 121 125
2.1084 -0.6502 4.1810 68 76 77
-10.8404 -3.2393 21.0510 68 69 42
-10.7307 -3.3550 21.8030 156 144 113
-11.5013 -3.7575 24.4190 255 254 204
-10.1339 -3.4792 22.6100 82 82 62
-9.6553 -3.4792 22.6100 82 77 57
-9.8712 -3.7575 24.4190 113 115 72
-10.6300 -4.2699 27.7490 254 255 207
-9.9975 -4.2699 27.7490 81 67 52
-9.0012 -4.0844 26.5430 85 71 56
-7.7243 -3.7575 24.4190 170 152 130
-6.3998 -3.3550 21.8030 110 104 66
-5.9383 -3.3550 21.8030 137 129 87
-5.6427 -3.4792 22.6100 79 77 54
-5.1642 -3.4792 22.6100 117 112 71
-4.8276 -3.6130 23.4800 66 70 47
-4.6916 -3.9142 25.4370 150 136 101
-4.6992 -4.4734 29.0710 141 138 106
-4.7093 -5.2189 33.9160 174 172 160
-3.2656 -4.2699 27.7490 254 255 244
-2.8964 -4.6969 30.5240 139 146 138
-3.2148 -6.7100 43.6060 135 154 144
-0.7096 -7.2261 46.9600 197 248 249
0.2311 -5.8712 38.1550 195 248 252
0.9785 -5.2189 33.9160 196 249 253
1.5014 -4.4734 29.0710 226 255 255
0.4490 -0.9488 6.1660 205 236 252
0.4745 -0.7637 4.9630 97 90 84
0.5749 -0.7575 4.9230 32 44 48
0.6927 -0.7637 4.9630 38 52 56
0.9527 -0.9120 5.9270 127 135 132
22.7455 -8.5399 55.4980 254 255 247
18.8656 -6.7100 43.6060 252 255 251
2.8314 -0.9300 6.0440 252 255 249
2.1733 -0.6808 4.4240 80 82 88
-11.1489 -3.2050 21.0510 74 74 50
-10.6691 -3.2050 21.0510 107 106 60
-10.9806 -3.4424 22.6100 166 150 129
-11.3025 -3.7178 24.4190 155 133 107
-9.9499 -3.4424 22.6100 70 68 47
-9.8357 -3.5748 23.4800 113 110 76
-10.5138 -4.0412 26.5430 219 195 170
-10.8998 -4.4260 29.0710 135 116 87
-9.7716 -4.2248 27.7490 83 75 61
-8.7851 -4.0412 26.5430 178 159 132
-7.2361 -3.5748 23.4800 125 116 81
-6.2223 -3.3195 21.8030 148 142 106
-5.7608 -3.3195 21.8030 109 104 73
-5.4587 -3.4424 22.6100 77 72 52
-4.9801 -3.4424 22.6100 116 103 81
-4.6365 -3.5748 23.4800 75 79 51
-4.6795 -4.0412 26.5430 242 231 195
-4.9323 -4.8919 32.1310 124 128 98
-4.2522 -4.8919 32.1310 212 208 199
-2.9076 -4.0412 26.5430 252 255 249
-3.3099 -5.8091 38.1550 254 255 247
-4.0037 -9.2945 61.0480 249 251 242
-0.3039 -6.6390 43.6060 198 247 250
0.5417 -5.8091 38.1550 195 248 252
1.3284 -5.4674 35.9110 198 246 254
1.0144 -2.6555 17.4420 197 248 251
0.4236 -0.7810 5.1300 42 55 64
0.5188 -0.7495 4.9230 101 94 86
0.6230 -0.7495 4.9230 33 47 51
0.7412 -0.7556 4.9630 45 59 63
23.9268 -9.2945 61.0480 171 180 173
19.4757 -7.1496 46.9600 252 255 251
13.3053 -4.6473 30.5240 252 255 251
2.4322 -0.7877 5.1740 222 221 221
2.1342 -0.6592 4.3300 69 76 82
-11.1146 -3.1707 21.0510 69 67 44
-10.6348 -3.1707 21.0510 113 112 68
-10.9438 -3.4056 22.6100 170 149 134
-11.2628 -3.6780 24.4190 128 116 96
-9.9499 -3.4056 22.6100 69 69 49
-9.7975 -3.5366 23.4800 114 111 79
-10.4706 -3.9979 26.5430 210 183 161
-10.8525 -4.3787 29.0710 144 126 106
-9.3037 -3.9979 26.5430 92 94 76
-8.7419 -3.9979 26.5430 183 164 135
-6.9312 -3.4056 22.6100 120 111 76
-6.2223 -3.2840 21.8030 189 179 147
-5.7253 -3.2840 21.8030 107 103 65
-5.4218 -3.4056 22.6100 102 94 54
-4.9433 -3.4056 22.6100 129 114 88
-4.5983 -3.5366 23.4800 81 80 52
-4.6363 -3.9979 26.5430 255 255 224
-4.6359 -4.5976 30.5240 116 121 91
-3.9898 -4.5976 30.5240 173 170 156
-2.8644 -3.9979 26.5430 252 255 249
-3.3099 -5.7470 38.1550 254 255 247
-3.9044 -9.1951 61.0480 254 255 247
-0.3499 -6.1301 40.6990 214 252 250
0.4796 -5.7470 38.1550 199 248 249
1.2699 -5.4090 35.9110 189 240 245
0.9860 -2.6271 17.4420 201 247 249
0.4224 -0.7859 5.2180 34 57 64
0.5027 -0.7415 4.9230 102 93 84
0.6149 -0.7415 4.9230 30 44 48
0.7272 -0.7415 4.9230 42 56 60
10.6076 -9.1951 61.0480 108 109 105
19.0169 -7.0732 46.9600 253 255 240
13.0071 -4.5976 30.5240 252 255 251
2.5676 -0.8284 5.5000 187 187 183
2.1433 -0.6615 4.3920 72 78 80
-11.1832 -3.1365 21.0510 73 71 50
-10.7033 -3.1365 21.0510 81 77 52
-11.0174 -3.3687 22.6100 180 162 140
-11.3423 -3.6383 24.4190 162 140 112
-10.0235 -3.3687 22.6100 79 79 59
-9.8740 -3.4984 23.4800 111 105 79
-10.1585 -3.7900 25.4370 144 130 111
-10.4493 -4.1344 27.7490 213 196 159
-9.8168 -4.1344 27.7490 88 91 73
-8.4605 -3.7900 25.4370 174 158 126
-7.0048 -3.3687 22.6100 118 114 76
-6.2933 -3.2485 21.8030 174 156 122
-5.7963 -3.2485 21.8030 96 93 63
-5.5323 -3.3687 22.6100 61 59 38
-5.0169 -3.3687 22.6100 131 114 87
-4.5015 -3.3687 22.6100 113 105 79
-4.7227 -3.9547 26.5430 255 254 219
-4.5099 -4.3314 29.0710 99 103 75
-4.0892 -4.5479 30.5240 255 255 234
-3.0849 -4.1344 27.7490 254 255 249
-3.2322 -5.3505 35.9110 254 255 245
-3.7301 -8.2689 55.4980 152 154 143
-0.6589 -6.4970 43.6060 246 255 253
0.2311 -5.6849 38.1550 225 255 252
1.1008 -5.6849 38.1550 205 250 248
1.6964 -5.0533 33.9160 187 197 202
0.4261 -0.7842 5.2630 35 56 64
0.5027 -0.7335 4.9230 103 94 85
0.6149 -0.7335 4.9230 29 43 47
0.7250 -0.7395 4.9630 40 54 58
23.5292 -9.0958 61.0480 254 255 247
17.8007 -6.4970 43.6060 254 255 247
11.9149 -4.1344 27.7490 252 255 251
2.1742 -0.6891 4.6250 96 92 97
2.1271 -0.6451 4.3300 67 74 78
-11.1146 -3.1022 21.0510 80 72 48
-10.6691 -3.1022 21.0510 104 99 66
-10.9438 -3.3319 22.6100 187 163 147
-11.2628 -3.5985 24.4190 137 125 105
-9.9499 -3.3319 22.6100 71 77 60
-10.1893 -3.5985 24.4190 125 117 93
-10.5138 -3.9115 26.5430 192 172 152
-10.8525 -4.2841 29.0710 148 130 108
-9.7716 -4.0893 27.7490 91 94 76
-8.3776 -3.7485 25.4370 174 161 123
-6.9312 -3.3319 22.6100 91 91 60
-6.2223 -3.2130 21.8030 195 184 150
-5.7253 -3.2130 21.8030 123 118 85
-5.4587 -3.3319 22.6100 111 109 72
-4.9433 -3.3319 22.6100 138 119 90
-4.6365 -3.4602 23.4800 109 100 65
-4.6363 -3.9115 26.5430 255 252 221
-4.4152 -4.2841 29.0710 118 124 89
-3.7999 -4.2841 29.0710 255 255 234
-2.9946 -4.0893 27.7490 251 255 250
-3.5306 -5.9976 40.6990 254 255 247
-3.9044 -8.9964 61.0480 254 255 245
-0.5765 -5.6227 38.1550 250 255 251
0.2760 -5.2921 35.9110 242 255 252
1.1629 -5.6227 38.1550 229 255 251
1.6594 -4.7350 32.1310 246 255 255
0.4273 -0.7625 5.1740 48 58 65
0.5107 -0.7255 4.9230 102 93 86
0.6180 -0.7197 4.8840 31 43 47
0.7272 -0.7255 4.9230 40 54 58
23.3304 -8.9964 61.0480 248 250 232
17.5877 -6.4260 43.6060 140 140 142
9.6347 -3.3319 22.6100 252 255 251
2.6543 -0.8650 5.8700 252 255 251
2.1405 -0.6664 4.5220 87 87 91
2.1329 -0.6335 4.2990 72 80 81
-11.0461 -3.0679 21.0510 83 74 53
-10.5662 -3.0679 21.0510 106 101 60
-10.8702 -3.2951 22.6100 240 222 188
-10.7532 -3.4219 23.4800 107 97 83
-10.2180 -3.4219 23.4800 70 79 61
-10.1098 -3.5588 24.4190 142 134 108
-10.3841 -3.8683 26.5430 255 250 218
-10.7578 -4.2368 29.0710 93 86 69
-9.2173 -3.8683 26.5430 92 98 79
-7.9628 -3.5588 24.4190 160 147 107
-6.8576 -3.2951 22.6100 97 90 59
-6.1158 -3.1775 21.8030 105 86 57
-5.6543 -3.1775 21.8030 129 127 90
-5.5540 -3.4219 23.4800 101 100 56
-4.8696 -3.2951 22.6100 149 139 100
-4.5218 -3.4219 23.4800 155 140 103
-4.7566 -4.0441 27.7490 250 240 208
-4.3206 -4.2368 29.0710 115 117 83
-3.4915 -4.0441 27.7490 255 255 236
-3.0426 -4.2368 29.0710 251 255 248
-3.3318 -5.9314 40.6990 252 254 245
-3.7056 -8.8970 61.0480 254 255 249
-0.6386 -5.5606 38.1550 252 255 251
0.1590 -5.2336 35.9110 249 255 251
0.9776 -5.2336 35.9110 245 255 253
1.7962 -5.2336 35.9110 190 195 202
0.4284 -0.7414 5.0870 62 72 77
0.5226 -0.7118 4.8840 101 92 83
0.6260 -0.7118 4.8840 32 44 48
0.7432 -0.7175 4.9230 41 60 62
10.7070 -8.8970 61.0480 248 244 217
18.6346 -6.8439 46.9600 185 183 173
15.0103 -5.2336 35.9110 254 255 251
2.8952 -0.9365 6.4260 253 254 248
2.1405 -0.6590 4.5220 75 81 83
2.1412 -0.6310 4.3300 77 85 84
-11.0461 -3.0337 21.0510 86 76 48
-10.6005 -3.0337 21.0510 104 96 56
-10.8702 -3.2583 22.6100 241 223 189
-11.2230 -3.5190 24.4190 121 107 88
-9.8762 -3.2583 22.6100 69 77 64
-9.7210 -3.3837 23.4800 145 132 110
-9.9929 -3.6657 25.4370 255 241 207
-10.2686 -3.9989 27.7490 98 90 76
-8.8746 -3.6657 25.4370 103 106 85
-7.9628 -3.5190 24.4190 137 128 82
-6.8944 -3.2583 22.6100 70 66 41
-6.1513 -3.1420 21.8030 227 207 171
-5.6543 -3.1420 21.8030 130 126 90
-5.5922 -3.3837 23.4800 87 89 53
-4.8696 -3.2583 22.6100 123 118 77
-4.5600 -3.3837 23.4800 152 140 95
-4.7566 -3.9989 27.7490 242 235 206
-4.3679 -4.1894 29.0710 110 112 80
-3.5367 -3.9989 27.7490 217 210 191
-3.1946 -4.3988 30.5240 252 255 249
-3.3981 -5.8651 40.6990 212 213 202
-3.7056 -8.7976 61.0480 254 255 249
-0.7475 -5.8651 40.6990 252 255 249
0.1590 -5.1751 35.9110 250 255 251
0.9191 -5.1751 35.9110 250 255 251
1.7377 -5.1751 35.9110 170 184 190
0.4367 -0.7331 5.0870 72 75 76
0.5226 -0.7038 4.8840 97 88 81
0.6339 -0.7038 4.8840 31 43 47
0.7432 -0.7095 4.9230 38 66 70
10.8064 -8.7976 61.0480 171 178 154
17.0907 -6.2841 43.6060 251 252 239
12.6592 -4.3988 30.5240 254 255 251
6.0706 -1.9995 13.8750 252 255 251
2.1184 -0.6517 4.5220 74 84 87
2.1271 -0.6240 4.3300 81 89 86
-11.1489 -2.9994 21.0510 131 126 85
-10.6691 -2.9994 21.0510 106 101 60
-10.5887 -3.1065 21.8030 171 155 132
-11.3025 -3.4793 24.4190 167 143 116
-10.3709 -3.3455 23.4800 68 76 61
-9.8357 -3.3455 23.4800 169 151 129
-10.0757 -3.6243 25.4370 221 202 177
-9.9520 -3.7819 26.5430 156 133 101
-9.3469 -3.7819 26.5430 103 104 77
-8.0821 -3.4793 24.4190 98 90 48
-6.9680 -3.2215 22.6100 74 75 48
-6.2578 -3.1065 21.8030 142 135 86
-5.7608 -3.1065 21.8030 247 226 193
-5.4587 -3.2215 22.6100 84 89 54
-4.9801 -3.2215 22.6100 111 106 73
-4.4647 -3.2215 22.6100 119 114 69
-4.6795 -3.7819 26.5430 255 255 226
-4.2596 -3.9537 27.7490 94 90 65
-3.6723 -3.9537 27.7490 162 150 130
-3.1846 -4.1421 29.0710 243 235 232
-3.5306 -5.7989 40.6990 254 255 249
-3.6398 -7.9075 55.4980 250 251 240
-2.2146 -8.6983 61.0480 244 248 243
-0.5125 -4.8324 33.9160 252 255 251
0.2606 -4.8324 33.9160 250 255 251
1.0361 -5.1167 35.9110 250 255 251
1.8546 -5.1167 35.9110 230 240 243
0.4495 -0.7188 5.0450 55 58 61
0.5385 -0.6959 4.8840 96 89 79
0.6498 -0.6959 4.8840 31 43 47
0.7780 -0.7188 5.0450 48 82 90
10.8064 -8.6983 61.0480 204 211 187
21.0443 -8.6983 61.0480 175 170 148
15.7525 -5.7989 40.6990 254 255 245
11.9146 -4.1421 29.0710 252 255 249
4.3855 -1.4498 10.1750 252 255 249
2.1290 -0.6590 4.6250 76 87 87
2.1147 -0.6258 4.3920 73 84 84
2.1679 -0.6125 4.2990 116 117 113
-10.8747 -2.9651 21.0510 127 127 76
-10.3949 -2.9651 21.0510 113 108 65
-11.0973 -3.3073 23.4800 255 246 203
-10.5621 -3.3073 23.4800 90 87 73
-10.0269 -3.3073 23.4800 140 139 124
-9.9110 -3.4395 24.4190 178 163 133
-9.7444 -3.5829 25.4370 255 255 204
-10.0427 -3.9086 27.7490 110 110 90
-8.2809 -3.4395 24.4190 76 79 61
-7.4655 -3.3073 23.4800 78 77 49
-6.4353 -3.0711 21.8030 99 94 53
-5.9383 -3.0711 21.8030 119 115 79
-5.6795 -3.1847 22.6100 101 103 60
-5.3629 -3.3073 23.4800 138 127 91
-4.5183 -3.0711 21.8030 97 94 53
-4.6916 -3.5829 25.4370 186 164 138
-4.5307 -3.9086 27.7490 232 213 188
-3.7288 -3.7387 26.5430 173 166 135
-3.2656 -3.9086 27.7490 255 246 225
-3.4661 -5.0582 35.9110 251 255 242
-3.0005 -5.7326 40.6990 120 137 123
-2.9169 -7.8171 55.4980 163 179 168
-1.2979 -6.1421 43.6060 165 167 151
-0.2624 -4.2994 30.5240 249 255 249
0.4562 -4.5258 32.1310 250 255 251
1.3284 -5.0582 35.9110 250 255 251
0.3779 -0.7478 5.3090 87 96 106
0.4703 -0.7048 5.0040 56 62 64
0.5624 -0.6879 4.8840 102 94 82
0.6737 -0.6879 4.8840 59 89 94
0.9250 -0.8189 5.8140 75 111 117
19.5533 -8.5989 61.0480 147 147 123
22.6346 -8.5989 61.0480 200 199 182
14.0747 -5.0582 35.9110 254 255 249
9.7378 -3.3073 23.4800 252 255 249
2.5193 -0.7963 5.6530 127 126 126
2.1184 -0.6369 4.5220 67 80 79
2.1504 -0.6186 4.3920 93 100 92
-11.1489 -2.9309 21.0510 124 122 72
-10.3133 -2.8331 20.3490 116 116 67
-10.2235 -2.9309 21.0510 137 127 97
-11.3025 -3.3998 24.4190 135 106 81
-10.3709 -3.2690 23.4800 83 92 74
-9.8357 -3.2690 23.4800 169 152 127
-9.7122 -3.3998 24.4190 193 176 149
-9.9520 -3.6955 26.5430 160 137 105
-9.3901 -3.6955 26.5430 112 116 72
-7.7713 -3.2690 23.4800 85 78 45
-6.9680 -3.1479 22.6100 84 85 58
-6.2578 -3.0356 21.8030 109 106 63
-5.7608 -3.0356 21.8030 220 207 169
-5.4955 -3.1479 22.6100 79 81 45
-4.9801 -3.1479 22.6100 92 85 56
-4.5015 -3.1479 22.6100 106 107 67
-4.6795 -3.6955 26.5430 208 191 164
-4.0745 -3.6955 26.5430 184 181 149
-3.5127 -3.6955 26.5430 143 131 113
-3.1846 -4.0475 29.0710 255 252 236
-3.3721 -5.3122 38.1550 254 255 247
-3.3364 -7.0829 50.8730 224 225 219
-2.4651 -7.7268 55.4980 194 197 196
-0.7765 -4.9998 35.9110 252 255 247
0.0358 -4.2498 30.5240 249 255 246
0.7177 -4.4735 32.1310 247 255 251
1.6208 -4.9998 35.9110 175 182 176
0.4104 -0.7204 5.1740 31 47 55
0.5027 -0.6854 4.9230 49 52 53
0.6021 -0.6800 4.8840 91 87 76
0.7135 -0.6800 4.8840 74 104 107
2.8638 -2.3610 16.9580 227 227 196
17.7757 -7.7268 55.4980 172 172 137
19.0407 -7.7268 55.4980 176 171 140
22.2370 -8.4995 61.0480 254 255 251
13.8993 -4.9998 35.9110 254 255 245
9.2298 -3.1479 22.6100 252 255 249
4.3855 -1.4166 10.1750 252 255 249
2.1551 -0.6588 4.7320 79 87 86
2.1237 -0.6204 4.4560 76 82 84
2.1933 -0.6115 4.3920 119 124 114
-10.9775 -2.8966 21.0510 120 116 66
-10.1476 -2.8000 20.3490 99 98 52
-10.7966 -3.1111 22.6100 210 184 153
-11.1038 -3.3600 24.4190 75 73 63
-10.1798 -3.2308 23.4800 75 82 58
-9.6446 -3.2308 23.4800 152 140 109
-9.8686 -3.5001 25.4370 255 254 205
-10.1782 -3.8182 27.7490 79 77 67
-8.4002 -3.3600 24.4190 81 89 60
-7.2993 -3.1111 22.6100 95 91 55
-6.5418 -3.0001 21.8030 81 80 54
-6.0803 -3.0001 21.8030 130 115 78
-5.5833 -3.0001 21.8030 89 91 57
-5.4776 -3.2308 23.4800 127 127 76
-4.6248 -3.0001 21.8030 123 120 77
-4.4454 -3.2308 23.4800 138 133 88
-4.4634 -3.6523 26.5430 242 232 202
-3.8584 -3.6523 26.5430 189 176 138
-3.2966 -3.6523 26.5430 155 143 125
-3.2582 -4.4212 32.1310 179 173 158
-2.9993 -5.2501 38.1550 232 235 210
-2.6975 -6.4616 46.9600 247 254 248
-1.6271 -6.4616 46.9600 165 173 162
-0.4115 -4.2001 30.5240 145 151 151
0.2843 -4.2001 30.5240 186 192 194
0.9793 -4.4212 32.1310 247 251 244
0.3520 -0.7305 5.3090 254 255 249
0.4458 -0.6885 5.0040 33 45 49
0.5385 -0.6720 4.8840 83 79 70
0.6498 -0.6720 4.8840 35 41 41
0.7845 -0.7000 5.0870 58 83 90
10.8064 -8.4001 61.0480 171 176 146
17.8636 -8.4001 61.0480 252 255 249
17.9564 -7.6365 55.4980 171 172 132
19.2215 -7.6365 55.4980 178 172 146
18.6964 -7.0001 50.8730 253 255 246
10.8306 -3.8182 27.7490 254 255 249
6.6103 -2.2105 16.0650 252 255 251
2.6641 -0.8316 6.0440 97 97 99
2.1365 -0.6364 4.6250 72 83 83
2.1445 -0.6087 4.4240 101 108 102
-10.9096 -2.7669 20.3490 125 126 70
-10.4458 -2.7669 20.3490 109 112 58
-10.3263 -2.8623 21.0510 112 105 76
-11.0208 -3.1926 23.4800 172 144 114
-10.4856 -3.1926 23.4800 91 93 75
-9.9886 -3.1926 23.4800 107 104 72
-9.8315 -3.3203 24.4190 139 124 96
-9.7029 -3.4587 25.4370 168 148 110
-9.5198 -3.6091 26.5430 86 88 54
-7.5938 -3.0743 22.6100 129 124 93
-7.1152 -3.0743 22.6100 99 97 60
-6.3643 -2.9646 21.8030 95 92 49
-5.9028 -2.9646 21.8030 80 80 45
-5.6059 -3.0743 22.6100 95 96 56
-5.1273 -3.0743 22.6100 137 130 81
-4.4473 -2.9646 21.8030 113 115 72
-4.6088 -3.4587 25.4370 253 236 209
-4.0704 -3.4587 25.4370 136 121 95
-3.4906 -3.4587 25.4370 236 214 179
-3.2205 -3.7731 27.7490 160 149 126
-3.3492 -4.8829 35.9110 248 246 234
-2.7508 -5.1880 38.1550 124 139 121
-2.5081 -6.9173 50.8730 140 154 134
-1.0114 -5.1880 38.1550 153 158 146
-0.1553 -3.9528 29.0710 144 145 141
0.5608 -4.3689 32.1310 141 147 147
1.3098 -4.6116 33.9160 167 168 164
0.3852 -0.7035 5.1740 37 54 70
0.4707 -0.6694 4.9230 30 42 44
0.5783 -0.6641 4.8840 96 88 76
0.6841 -0.6588 4.8450 88 91 92
2.3836 -1.9763 14.5350 182 192 169
11.6016 -8.3008 61.0480 171 179 166
18.9569 -8.3008 61.0480 182 181 153
20.3485 -8.3008 61.0480 177 170 137
19.6733 -7.5461 55.4980 255 255 237
14.3951 -5.1880 38.1550 170 166 157
9.3938 -3.1926 23.4800 254 255 251
4.2158 -1.3608 10.0080 252 255 251
2.2118 -0.6748 4.9630 82 90 89
2.1269 -0.6195 4.5560 79 87 88
2.1818 -0.6059 4.4560 108 115 107
-11.1832 -2.8281 21.0510 94 96 51
-10.3464 -2.7337 20.3490 106 109 55
-10.2578 -2.8281 21.0510 104 99 66
-10.9062 -3.1544 23.4800 176 155 122
-10.3709 -3.1544 23.4800 89 96 70
-9.8740 -3.1544 23.4800 106 106 73
-9.7122 -3.2805 24.4190 161 149 118
-9.5787 -3.4173 25.4370 224 198 167
-8.9989 -3.4173 25.4370 106 108 63
-7.5202 -3.0375 22.6100 121 118 86
-7.0048 -3.0375 22.6100 63 64 35
-6.2578 -2.9291 21.8030 116 118 73
-5.7963 -2.9291 21.8030 103 105 69
-5.7069 -3.1544 23.4800 115 113 63
-5.0169 -3.0375 22.6100 133 129 77
-4.3408 -2.9291 21.8030 94 97 58
-4.7227 -3.5659 26.5430 255 255 223
-3.7882 -3.2805 24.4190 141 139 102
-3.3663 -3.4173 25.4370 254 240 205
-3.2319 -3.9055 29.0710 165 154 129
-3.3721 -5.1259 38.1550 251 248 234
-2.7355 -5.4676 40.6990 122 124 111
-2.0858 -6.3088 46.9600 176 178 165
-0.7886 -4.5564 33.9160 252 255 249
-0.0133 -3.9055 29.0710 149 150 144
0.6818 -4.1007 30.5240 146 147 143
1.4755 -4.5564 33.9160 119 122 123
0.4069 -0.6892 5.1300 28 44 52
0.4908 -0.6561 4.8840 30 42 44
0.6021 -0.6561 4.8840 101 94 84
0.6944 -0.6458 4.8070 105 102 97
3.8182 -3.0375 22.6100 158 158 136
11.7010 -8.2014 61.0480 164 172 159
18.0624 -8.2014 61.0480 227 232 222
17.6853 -7.4558 55.4980 171 166 125
18.8600 -7.4558 55.4980 177 168 131
11.6516 -4.3166 32.1310 254 255 251
8.0792 -2.8281 21.0510 254 255 238
5.3958 -1.7829 13.2710 254 255 251
2.7025 -0.8456 6.2940 134 129 127
2.1234 -0.6309 4.6960 74 82 81
2.1321 -0.6031 4.4890 98 102 97
2.2272 -0.6031 4.4890 125 127 118
-10.6446 -2.7006 20.3490 99 98 56
-10.2139 -2.7006 20.3490 87 88 48
-10.4467 -2.8936 21.8030 178 157 124
-10.7532 -3.1162 23.4800 111 106 86
-10.2180 -3.1162 23.4800 83 87 57
-9.6828 -3.1162 23.4800 125 122 81
-9.5532 -3.2408 24.4190 153 138 101
-9.7791 -3.5227 26.5430 94 87 68
-8.1536 -3.1162 23.4800 73 78 45
-7.0743 -2.8936 21.8030 136 131 100
-6.8576 -3.0007 22.6100 60 60 40
-6.1158 -2.8936 21.8030 106 108 63
-5.6188 -2.8936 21.8030 75 79 51
-5.5540 -3.1162 23.4800 111 106 61
-4.6603 -2.8936 21.8030 102 104 59
-4.5218 -3.1162 23.4800 72 72 41
-4.3189 -3.3759 25.4370 239 232 199
-3.4896 -3.1162 23.4800 95 95 60
-3.3398 -3.5227 26.5430 204 192 165
-3.3105 -4.2643 32.1310 152 148 121
-2.9399 -4.7659 35.9110 113 115 99
-2.4041 -5.4014 40.6990 249 254 242
-1.5427 -5.4014 40.6990 205 206 193
-0.4393 -3.8582 29.0710 153 159 157
0.1761 -3.8582 29.0710 109 117 118
0.8387 -3.8582 29.0710 138 139 133
1.7516 -4.5012 33.9160 163 166 167
0.4422 -0.6587 4.9630 28 42 48
0.5465 -0.6482 4.8840 66 66 60
0.6498 -0.6482 4.8840 103 97 84
0.8274 -0.7046 5.3090 69 76 80
11.0052 -8.1020 61.0480 160 173 142
17.2672 -8.1020 61.0480 255 255 240
18.5594 -8.1020 61.0480 188 190 177
16.6257 -6.7516 50.8730 172 169 126
15.2447 -5.7872 43.6060 182 175 154
9.0538 -3.2408 24.4190 200 200 180
7.5084 -2.5319 19.0780 254 255 249
4.0834 -1.3067 9.8460 252 255 251
2.1423 -0.6380 4.8070 72 80 79
2.1269 -0.6047 4.5560 91 97 97
2.2141 -0.6001 4.5220 112 119 113
-11.1489 -2.7595 21.0510 80 82 50
-10.3464 -2.6675 20.3490 94 96 51
-10.2235 -2.7595 21.0510 159 145 112
-10.5020 -2.9639 22.6100 102 91 57
-9.9867 -2.9639 22.6100 74 77 52
-9.8740 -3.0779 23.4800 92 94 62
-9.7122 -3.2010 24.4190 133 128 87
-9.9520 -3.4795 26.5430 173 146 113
-8.6387 -3.2010 24.4190 73 77 47
-7.2163 -2.8581 21.8030 123 109 90
-7.0048 -2.9639 22.6100 56 61 28
-6.2578 -2.8581 21.8030 90 93 52
-5.7963 -2.8581 21.8030 76 81 46
-5.4955 -2.9639 22.6100 196 184 137
-4.8023 -2.8581 21.8030 107 112 59
-4.3408 -2.8581 21.8030 84 84 49
-4.6795 -3.4795 26.5430 255 255 222
-3.6425 -3.0779 23.4800 143 140 95
-3.3663 -3.3345 25.4370 255 250 215
-3.2319 -3.8108 29.0710 145 140 111
-3.1737 -4.7075 35.9110 169 167 144
-2.5023 -5.0016 38.1550 164 167 149
-1.8077 -5.3351 40.6990 139 142 121
-0.6948 -4.2120 32.1310 252 255 249
-0.0133 -3.8108 29.0710 172 173 164
0.6818 -4.0013 30.5240 144 146 133
1.3978 -4.2120 32.1310 93 99 99
0.4166 -0.6613 5.0450 28 42 48
0.5147 -0.6402 4.8840 29 39 42
0.6180 -0.6402 4.8840 93 86 76
0.7352 -0.6453 4.9230 110 103 93
9.8240 -7.2751 55.4980 164 171 129
16.6708 -8.0026 61.0480 247 251 246
14.9690 -6.6688 50.8730 252 255 247
16.1287 -6.6688 50.8730 160 157 114
17.2055 -6.6688 50.8730 181 176 133
7.5994 -2.7595 21.0510 253 255 242
6.0075 -2.0519 15.6530 223 217 204
4.4951 -1.4551 11.1000 254 255 249
2.5353 -0.7770 5.9270 96 95 95
2.1243 -0.6203 4.7320 76 84 83
2.1331 -0.5928 4.5220 101 108 102
2.2456 -0.5972 4.5560 120 124 117
-11.0804 -2.7253 21.0510 85 87 53
-10.2470 -2.6344 20.3490 85 82 52
-10.5177 -2.8226 21.8030 164 147 118
-10.7915 -3.0397 23.4800 127 125 88
-9.9130 -2.9271 22.6100 83 88 58
-9.7593 -3.0397 23.4800 139 135 97
-9.6327 -3.1613 24.4190 137 126 92
-9.8655 -3.4362 26.5430 173 150 118
-8.1919 -3.0397 23.4800 58 58 34
-7.1453 -2.8226 21.8030 140 123 105
-6.8944 -2.9271 22.6100 51 54 33
-6.4158 -2.9271 22.6100 65 63 40
-5.6898 -2.8226 21.8030 66 62 35
-5.4218 -2.9271 22.6100 213 204 158
-4.7313 -2.8226 21.8030 92 94 49
-4.3911 -2.9271 22.6100 123 113 72
-4.4017 -3.2931 25.4370 212 201 176
-3.5278 -3.0397 23.4800 119 121 76
-3.2835 -3.2931 25.4370 226 216 186
-3.2443 -3.9516 30.5240 118 115 83
-2.8870 -4.3908 33.9160 104 106 90
-2.2382 -4.6490 35.9110 163 170 148
-1.5084 -4.9395 38.1550 196 195 178
-0.5606 -3.9516 30.5240 250 254 247
0.1287 -3.7635 29.0710 157 150 142
0.7441 -3.7635 29.0710 159 162 144
1.3427 -3.5924 27.7490 129 132 131
0.4260 -0.6425 4.9630 27 41 47
0.5306 -0.6323 4.8840 29 39 42
0.6339 -0.6323 4.8840 90 84 71
0.7698 -0.6531 5.0450 95 88 80
9.8240 -7.1848 55.4980 146 154 109
12.0986 -7.9033 61.0480 216 218 209
13.7412 -6.0794 46.9600 252 255 249
17.4143 -7.1848 55.4980 144 142 105
15.8056 -6.0794 46.9600 161 159 111
6.4233 -2.3244 17.9550 255 255 235
4.7411 -1.6129 12.4590 85 84 84
3.6752 -1.1796 9.1120 254 255 243
2.3107 -0.6993 5.4020 86 89 88
2.1158 -0.6079 4.6960 83 91 90
2.1331 -0.5854 4.5220 102 111 104
2.2698 -0.5942 4.5900 122 126 121
-11.0804 -2.6910 21.0510 78 82 52
-10.2470 -2.6013 20.3490 85 78 49
-10.4822 -2.7871 21.8030 109 94 64
-10.7915 -3.0015 23.4800 112 108 72
-9.8762 -2.8903 22.6100 72 75 50
-9.3977 -2.8903 22.6100 118 114 76
-9.5929 -3.1215 24.4190 161 142 113
-9.8655 -3.3930 26.5430 182 159 129
-8.1919 -3.0015 23.4800 58 58 36
-7.1098 -2.7871 21.8030 158 142 121
-6.8944 -2.8903 22.6100 51 53 35
-6.3790 -2.8903 22.6100 86 83 51
-5.6898 -2.7871 21.8030 95 92 58
-5.3850 -2.8903 22.6100 143 133 90
-4.7313 -2.7871 21.8030 86 89 48
-4.3911 -2.8903 22.6100 141 134 87
-4.1858 -3.1215 24.4190 203 192 167
-3.3971 -2.8903 22.6100 91 97 57
-3.2421 -3.2517 25.4370 162 155 126
-3.0899 -3.7162 29.0710 115 115 82
-2.8318 -4.3355 33.9160 83 91 78
-2.1139 -4.3355 33.9160 156 163 141
-1.4197 -4.5906 35.9110 233 236 215
-0.4866 -3.7162 29.0710 251 255 248
0.1229 -3.5472 27.7490 254 255 242
0.7226 -3.3930 26.5430 173 177 152
1.1362 -3.0015 23.4800 138 142 137
0.4306 -0.6293 4.9230 26 40 46
0.5306 -0.6243 4.8840 26 38 40
0.6419 -0.6243 4.8840 86 80 67
0.7962 -0.6670 5.2180 93 86 76
10.9058 -7.8039 61.0480 137 145 100
15.1552 -7.0944 55.4980 217 219 210
14.9690 -6.5032 50.8730 251 255 248
16.1287 -6.5032 50.8730 180 177 134
15.8821 -6.0030 46.9600 158 156 106
5.5096 -1.9510 15.2620 205 200 178
4.6662 -1.5608 12.2100 86 89 92
3.6900 -1.1648 9.1120 184 182 170
2.1379 -0.6293 4.9230 70 78 79
2.1223 -0.5957 4.6600 98 107 100
2.1788 -0.5824 4.5560 107 116 109
2.3272 -0.5957 4.6600 142 143 137
-10.9433 -2.6567 21.0510 68 72 44
-10.4977 -2.6567 21.0510 83 78 49
-10.3757 -2.7516 21.8030 92 80 53
-10.6385 -2.9633 23.4800 76 70 44
-9.7658 -2.8535 22.6100 84 86 52
-9.2504 -2.8535 22.6100 130 125 80
-9.4737 -3.0818 24.4190 255 246 207
-9.6927 -3.3498 26.5430 86 88 75
-7.7779 -2.8535 22.6100 54 56 38
-7.2625 -2.8535 22.6100 142 134 108
-6.7471 -2.8535 22.6100 79 74 56
-6.0448 -2.7516 21.8030 72 74 42
-5.5478 -2.7516 21.8030 111 115 67
-5.2746 -2.8535 22.6100 73 76 53
-4.5893 -2.7516 21.8030 96 100 56
-4.4454 -2.9633 23.4800 146 138 94
-3.9101 -2.9633 23.4800 129 114 88
-3.3749 -2.9633 23.4800 120 123 82
-3.1178 -3.2103 25.4370 152 147 118
-3.2059 -4.0551 32.1310 113 118 83
-2.6661 -4.2803 33.9160 66 76 64
-1.7934 -4.0551 32.1310 92 102 86
-1.2443 -4.5321 35.9110 171 184 171
-0.3446 -3.6689 29.0710 252 255 249
0.2584 -3.5020 27.7490 253 255 246
0.8522 -3.3498 26.5430 154 158 135
0.3621 -0.6420 5.0870 56 70 76
0.4510 -0.6164 4.8840 23 37 41
0.5624 -0.6164 4.8840 35 43 44
0.6604 -0.6115 4.8450 89 83 70
2.7533 -2.1402 16.9580 115 121 104
11.2040 -7.7045 61.0480 141 150 112
14.1407 -6.4204 50.8730 253 255 240
16.6914 -7.0041 55.4980 198 204 185
15.1175 -5.9265 46.9600 157 154 111
9.1498 -3.3498 26.5430 174 169 124
4.9636 -1.7121 13.5660 85 85 81
4.4772 -1.4537 11.5190 117 116 116
2.7800 -0.8560 6.7830 111 111 105
2.1130 -0.6164 4.8840 69 77 76
2.1223 -0.5881 4.6600 104 113 106
2.1714 -0.5750 4.5560 110 119 112
2.3272 -0.5881 4.6600 144 148 141
-10.9775 -2.6225 21.0510 66 70 45
-10.4977 -2.6225 21.0510 87 82 53
-10.4112 -2.7161 21.8030 130 118 89
-10.6768 -2.9250 23.4800 91 84 55
-9.7658 -2.8167 22.6100 82 84 52
-9.2872 -2.8167 22.6100 118 115 72
-9.4737 -3.0420 24.4190 255 245 204
-9.7359 -3.3066 26.5430 83 85 72
-7.7779 -2.8167 22.6100 53 55 37
-7.0388 -2.7161 21.8030 174 157 132
-6.7839 -2.8167 22.6100 58 60 42
-6.0448 -2.7161 21.8030 68 66 43
-5.5833 -2.7161 21.8030 107 111 65
-5.2746 -2.8167 22.6100 66 69 46
-4.4653 -2.6225 21.0510 94 97 56
-4.2806 -2.8167 22.6100 129 126 81
-3.9484 -2.9250 23.4800 253 230 200
-3.2867 -2.8167 22.6100 92 94 60
-3.1592 -3.1688 25.4370 121 120 92
-2.9479 -3.6216 29.0710 126 132 90
-2.5258 -4.0028 32.1310 60 70 58
-1.7534 -3.8026 30.5240 91 101 85
-1.2443 -4.4737 35.9110 170 180 168
-0.3919 -3.6216 29.0710 252 255 251
0.2584 -3.4569 27.7490 254 255 249
0.7753 -3.1688 25.4370 143 147 122
0.3401 -0.6391 5.1300 217 198 181
0.4386 -0.6133 4.9230 24 38 42
0.5342 -0.6036 4.8450 26 38 40
0.6498 -0.6084 4.8840 80 73 63
2.4905 -1.9500 15.6530 111 120 100
11.5022 -7.6051 61.0480 142 152 111
13.3589 -5.8501 46.9600 184 185 172
17.0528 -6.9137 55.4980 148 148 115
14.3927 -5.4323 43.6060 173 167 113
6.5275 -2.3045 18.4990 229 216 174
3.2964 -1.0141 8.1400 111 110 110
2.1677 -0.6337 5.0870 71 79 78
2.1081 -0.5850 4.6960 105 114 107
2.1577 -0.5718 4.5900 107 116 109
2.2968 -0.5805 4.6600 139 146 138
-11.0804 -2.5882 21.0510 61 65 44
-10.6348 -2.5882 21.0510 128 109 80
-10.5177 -2.6806 21.8030 102 85 60
-10.4284 -2.7799 22.6100 105 89 66
-9.9130 -2.7799 22.6100 63 66 45
-9.4345 -2.7799 22.6100 109 107 70
-9.6327 -3.0023 24.4190 175 166 131
-10.3138 -3.4117 27.7490 200 176 149
-8.2301 -2.8868 23.4800 64 68 45
-7.1453 -2.6806 21.8030 170 152 132
-6.9312 -2.7799 22.6100 117 101 80
-6.4158 -2.7799 22.6100 100 99 73
-5.7253 -2.6806 21.8030 95 95 60
-5.4218 -2.7799 22.6100 102 96 60
-4.5682 -2.5882 21.0510 88 86 49
-4.2699 -2.6806 21.8030 91 93 50
