ply
format ascii 1.0
element vertex 5000
property float x
property float y
property float z
property uchar red
property uchar green
property uchar blue
end_header
-4.8192 -3.8886 9.1940 33 11 1
-5.5480 -4.6524 11.0000 47 13 21
-5.3120 -4.6524 11.0000 10 12 22
-5.4663 -5.0102 11.8460 2 6 47
-5.5312 -5.3169 12.5710 8 8 28
-5.1767 -5.2107 12.3200 19 6 10
-5.4583 -5.7897 13.6890 22 5 17
-5.8101 -6.5134 15.4000 202 229 242
-4.7648 -5.6637 13.3910 17 1 36
-3.8860 -4.9155 11.6220 0 11 20
-3.7263 -5.0102 11.8460 23 11 22
-3.9250 -5.6637 13.3910 24 11 0
-3.7187 -5.7897 13.6890 8 10 0
-4.0557 -6.8559 16.2100 15 8 32
-4.0259 -7.4438 17.6000 13 14 3
-3.7853 -7.6625 18.1170 28 6 0
-3.4995 -7.8947 18.6660 29 13 10
-2.9221 -7.4438 17.6000 4 17 12
-3.0708 -8.9838 21.2410 16 6 6
-3.2973 -11.3273 26.7820 29 22 12
-2.5455 -10.4210 24.6390 18 5 9
-2.1922 -11.3273 26.7820 1 9 10
-1.4882 -10.4210 24.6390 13 14 8
-0.7055 -7.6625 18.1170 0 28 81
-0.2505 -6.0587 14.3250 20 30 89
0.1438 -15.3250 36.2340 2 29 78
18.5157 -16.2830 38.4990 21 15 30
19.3417 -16.2830 38.4990 47 21 52
16.1340 -13.0263 30.7990 33 23 35
-5.1597 -4.2542 10.0980 31 20 15
-5.4027 -4.6343 11.0000 35 7 6
-5.3579 -4.8057 11.4070 28 2 21
-5.6349 -5.2961 12.5710 24 7 21
-5.2581 -5.1904 12.3200 7 10 11
-5.2017 -5.4065 12.8330 9 6 3
-5.6542 -6.1787 14.6660 34 14 61
-5.4699 -6.3295 15.0240 11 10 19
-4.1382 -5.0884 12.0780 15 8 0
-3.8045 -4.9907 11.8460 21 14 6
-3.9280 -5.5215 13.1060 22 12 10
-3.6684 -5.5215 13.1060 9 8 12
-3.8829 -6.3295 15.0240 15 0 4
-4.1711 -7.4148 17.6000 23 3 4
-3.9049 -7.6326 18.1170 25 18 12
-3.7359 -8.1095 19.2490 30 12 22
-3.1574 -7.6326 18.1170 20 7 13
-2.9417 -8.1095 19.2490 8 16 15
-3.3717 -10.8130 25.6660 26 19 11
-2.9437 -11.2831 26.7820 22 14 13
-2.3690 -11.2831 26.7820 11 5 20
-1.7620 -10.8130 25.6660 7 2 14
-1.0025 -8.9487 21.2410 4 13 36
-0.3687 -6.0351 14.3250 16 35 78
-0.0800 -7.8639 18.6660 25 28 74
20.9430 -18.5366 43.9990 20 16 37
20.3602 -17.3009 41.0660 46 27 12
18.7420 -15.2652 36.2340 15 3 27
-4.4904 -3.6408 8.6760 19 8 25
-5.4572 -4.6161 11.0000 8 5 26
-5.3161 -4.7000 11.2000 29 9 12
-5.7179 -5.2754 12.5710 10 6 25
-5.3394 -5.1700 12.3200 14 5 10
-5.1785 -5.2754 12.5710 23 7 2
-5.4668 -5.8750 14.0000 18 12 27
-5.5443 -6.3047 15.0240 3 13 29
-4.4816 -5.3853 12.8330 24 13 21
-3.8827 -4.9711 11.8460 21 5 0
-3.8506 -5.2754 12.5710 15 18 19
-3.7333 -5.4999 13.1060 13 17 12
-3.8872 -6.1545 14.6660 12 4 3
-4.4132 -7.6027 18.1170 13 6 28
-4.1465 -7.8331 18.6660 25 9 2
-3.8630 -8.0778 19.2490 11 14 17
-3.2471 -7.6027 18.1170 6 8 18
-2.8883 -7.6027 18.1170 14 8 14
-3.3994 -10.3396 24.6390 9 10 6
-3.1205 -11.2389 26.7820 29 19 17
-2.5458 -11.2389 26.7820 6 9 8
-1.8891 -10.7706 25.6660 14 3 20
-1.2273 -9.5738 22.8140 18 1 3
-0.4859 -6.3047 15.0240 8 35 77
-0.1765 -6.8024 16.2100 11 30 75
28.5066 -25.8493 61.5980 18 33 48
15.6990 -13.6049 32.4200 23 13 25
16.3411 -13.6049 32.4200 43 21 53
12.4501 -9.9422 23.6920 32 27 35
-5.0600 -4.1528 9.9350 35 8 11
-5.3664 -4.5979 11.0000 22 16 20
-5.4205 -4.8579 11.6220 25 4 29
-5.7312 -5.3641 12.8330 19 5 20
-5.2377 -5.1497 12.3200 7 5 14
-5.1805 -5.3641 12.8330 12 8 13
-5.6058 -6.1303 14.6660 25 25 72
-5.0509 -5.8519 14.0000 19 12 25
-4.2008 -5.1497 12.3200 15 7 4
-3.8591 -5.0485 12.0780 18 18 14
-3.9064 -5.4782 13.1060 29 17 15
-3.6252 -5.4782 13.1060 5 4 4
-4.2477 -6.9588 16.6480 8 4 9
-4.3929 -7.8023 18.6660 15 0 1
-4.1171 -8.0460 19.2490 25 9 6
-3.8236 -8.3056 19.8700 23 11 24
-2.9256 -7.1523 17.1110 15 9 13
-2.9710 -8.3056 19.8700 12 12 6
-3.6319 -11.7034 27.9990 18 10 7
-2.8995 -11.1947 26.7820 23 12 16
-2.4305 -11.7034 27.9990 13 11 25
-1.6773 -10.7283 25.6660 12 8 11
-0.8722 -8.3056 19.8700 7 29 73
-0.3710 -6.4371 15.4000 15 36 67
-0.0624 -9.9031 23.6920 5 21 60
18.0073 -16.0924 38.4990 34 25 46
14.3494 -12.2610 29.3330 23 23 17
13.6761 -11.1947 26.7820 28 18 46
10.2107 -8.0460 19.2490 17 26 38
-5.0930 -4.2042 10.0980 32 4 33
-5.3120 -4.5798 11.0000 15 10 18
-5.5734 -5.0286 12.0780 4 1 38
-5.5312 -5.2339 12.5710 15 9 26
-5.1767 -5.1294 12.3200 17 6 14
-5.0125 -5.2339 12.5710 9 4 16
-5.5332 -6.1061 14.6660 235 230 242
-4.8709 -5.6993 13.6890 20 4 27
-4.1194 -5.1294 12.3200 10 18 19
-3.9544 -5.2339 12.5710 22 13 20
-3.7615 -5.3430 12.8330 18 8 6
-3.7187 -5.6993 13.6890 6 7 3
-4.5328 -7.5429 18.1170 9 2 15
-4.4031 -8.0142 19.2490 17 4 8
-4.1516 -8.2728 19.8700 20 8 6
-3.6088 -8.0142 19.2490 18 9 12
-2.8409 -7.1241 17.1110 10 9 11
-3.1804 -9.1592 21.9990 19 9 7
-3.6597 -12.2126 29.3330 20 10 8
-2.7668 -11.1505 26.7820 32 23 30
-2.1922 -11.1505 26.7820 6 8 14
-1.4882 -10.2583 24.6390 18 17 17
-0.7738 -8.2728 19.8700 3 31 75
-0.3023 -6.5757 15.7940 24 23 77
0.0839 -15.0858 36.2340 15 35 73
16.1758 -14.2477 34.2210 24 26 36
14.4947 -12.2126 29.3330 29 19 17
13.2333 -10.6859 25.6660 39 14 38
-3.4132 -2.7175 6.5530 42 45 46
-5.1270 -4.2573 10.2660 15 7 34
-5.3531 -4.6446 11.2000 15 6 11
-5.7387 -5.2131 12.5710 0 0 29
-5.4689 -5.2131 12.5710 10 3 14
-5.1157 -5.1090 12.3200 31 13 21
-5.1609 -5.4350 13.1060 15 5 19
-5.4606 -6.0819 14.6660 33 44 65
-4.6985 -5.5532 13.3910 27 8 32
-4.0584 -5.1090 12.3200 22 10 8
-3.9733 -5.3218 12.8330 17 8 13
-3.6224 -5.2131 12.5710 12 6 10
-4.0069 -6.2304 15.0240 10 4 6
-4.7207 -7.9825 19.2490 12 9 23
-4.3077 -7.9825 19.2490 19 8 3
-4.0532 -8.2400 19.8700 13 16 17
-3.3069 -7.5130 18.1170 15 11 16
-2.8349 -7.2986 17.6000 23 12 18
-3.3079 -9.8249 23.6920 15 6 9
-3.4661 -12.1642 29.3330 21 16 14
-2.7539 -11.6110 27.9990 11 10 14
-2.0596 -11.1063 26.7820 8 3 11
-1.3137 -9.8249 23.6920 17 6 12
-0.5983 -7.2986 17.6000 7 29 69
-0.2271 -7.5130 18.1170 20 32 77
0.4477 -25.5443 61.5980 1 20 63
13.9621 -12.1642 29.3330 13 17 29
12.7674 -10.6435 25.6660 31 21 19
11.4152 -9.1229 21.9990 38 16 32
-3.7388 -2.9933 7.2470 32 31 40
-5.2687 -4.3865 10.6200 16 11 23
-5.3161 -4.6261 11.2000 26 13 21
-5.6972 -5.1924 12.5710 6 3 24
-5.4274 -5.1924 12.5710 12 5 16
-5.0547 -5.0887 12.3200 20 7 15
-5.2290 -5.5311 13.3910 10 3 16
-5.4122 -6.0577 14.6660 19 22 39
-4.5553 -5.4134 13.1060 21 4 18
-4.0178 -5.0887 12.3200 15 5 5
-3.9929 -5.4134 13.1060 24 13 19
-3.5809 -5.1924 12.5710 6 5 9
-4.3851 -6.8764 16.6480 13 2 6
-4.9679 -8.4810 20.5330 7 1 18
-4.3811 -8.2072 19.8700 13 3 1
-4.0868 -8.4810 20.5330 11 10 14
-3.1544 -7.2696 17.6000 21 16 24
-2.8584 -7.4831 18.1170 20 9 15
-3.3587 -10.1770 24.6390 19 8 12
-3.3693 -12.1158 29.3330 17 11 17
-2.6153 -11.5648 27.9990 12 11 18
-1.8891 -10.6012 25.6660 12 1 18
-1.2355 -9.7858 23.6920 10 8 22
-0.5110 -6.8764 16.6480 16 36 72
-0.1962 -8.7735 21.2410 18 35 76
27.9983 -25.4427 61.5980 15 52 113
12.2167 -10.6012 25.6660 18 22 34
11.7854 -9.7858 23.6920 26 18 17
9.9883 -7.9507 19.2490 29 10 25
-3.4169 -2.7247 6.6230 48 50 56
-4.9289 -4.0872 9.9350 16 9 22
-5.4144 -4.6928 11.4070 24 15 20
-5.8159 -5.2794 12.8330 13 9 30
-5.4274 -5.1716 12.5710 13 6 15
-4.9555 -4.9688 12.0780 22 8 19
-5.1177 -5.3917 13.1060 28 23 33
-5.2863 -5.8932 14.3250 18 18 36
-4.6543 -5.5090 13.3910 22 5 19
-4.1851 -5.2794 12.8330 21 12 15
-3.9929 -5.3917 13.1060 30 14 21
-3.6556 -5.2794 12.8330 11 10 14
-4.6359 -7.2405 17.6000 13 2 8
-5.3226 -9.0503 21.9990 14 8 23
-4.6834 -8.7384 21.2410 13 3 3
-4.0868 -8.4472 20.5330 13 7 13
-3.1544 -7.2405 17.6000 23 18 26
-2.8584 -7.4532 18.1170 19 10 15
-3.4987 -10.5588 25.6660 19 10 13
-3.5377 -12.6705 30.7990 16 10 16
-2.6153 -11.5186 27.9990 10 9 16
-1.8891 -10.5588 25.6660 12 4 20
-1.2355 -9.7467 23.6920 8 7 18
-0.5110 -6.8489 16.6480 25 44 75
-0.1962 -8.7384 21.2410 13 35 75
28.0999 -25.3410 61.5980 14 27 52
12.2167 -10.5588 25.6660 25 27 37
11.7854 -9.7467 23.6920 30 19 23
9.9883 -7.9189 19.2490 32 13 28
-3.4169 -2.7137 6.6230 38 48 51
-5.0761 -4.2064 10.2660 15 5 15
-5.4144 -4.6739 11.4070 12 8 11
-5.8159 -5.2582 12.8330 13 10 29
-5.4274 -5.1509 12.5710 15 8 17
-4.9555 -4.9489 12.0780 18 4 15
-5.0960 -5.3701 13.1060 4 3 7
-5.2863 -5.8696 14.3250 22 20 36
-4.6543 -5.4869 13.3910 28 11 23
-4.1851 -5.2582 12.8330 23 14 19
-3.9929 -5.3701 13.1060 30 14 19
-3.6344 -5.2582 12.8330 12 11 13
-4.6359 -7.2115 17.6000 14 5 10
-5.3226 -9.0140 21.9990 15 9 24
-4.6834 -8.7034 21.2410 12 2 2
-3.9548 -8.1416 19.8700 19 10 17
-3.0386 -7.0111 17.1110 11 6 14
-2.8584 -7.4233 18.1170 15 9 13
-3.4987 -10.5165 25.6660 18 9 12
-3.5377 -12.6197 30.7990 19 15 20
-2.7399 -12.0190 29.3330 12 12 16
-1.8467 -10.5165 25.6660 12 5 18
-1.2355 -9.7076 23.6920 4 5 18
-0.5252 -7.0111 17.1110 29 47 81
-0.2107 -9.3479 22.8140 9 33 76
25.4533 -22.9452 55.9990 12 70 138
11.7279 -10.0957 24.6390 23 25 33
11.3110 -9.3479 22.8140 22 9 13
9.1036 -7.2115 17.6000 30 11 26
-3.0655 -2.4171 5.9230 39 43 55
-4.5612 -3.7520 9.1940 33 31 38
-5.4144 -4.6551 11.4070 11 7 12
-5.8371 -5.2371 12.8330 11 9 23
-5.4482 -5.1301 12.5710 12 2 14
-5.0751 -5.0277 12.3200 13 2 10
-5.1177 -5.3485 13.1060 9 5 10
-5.3100 -5.8459 14.3250 23 35 37
-4.7805 -5.5864 13.6890 20 7 15
-4.2062 -5.2371 12.8330 19 10 15
-4.1018 -5.4648 13.3910 24 11 17
-3.7333 -5.3485 13.1060 12 12 16
-4.6649 -7.1824 17.6000 8 4 7
-5.5574 -9.3102 22.8140 9 4 16
-4.8869 -8.9776 21.9990 13 3 3
-3.9876 -8.1088 19.8700 19 10 17
-3.0668 -6.9829 17.1110 16 7 14
-2.8883 -7.3934 18.1170 17 11 15
-3.5411 -10.4741 25.6660 16 7 10
-3.5885 -12.5689 30.7990 18 14 19
-2.7883 -11.9706 29.3330 16 15 17
-1.8891 -10.4741 25.6660 12 7 19
-1.2746 -9.6686 23.6920 12 6 12
-0.5692 -7.1824 17.6000 6 26 64
-0.2579 -9.6686 23.6920 12 36 79
0.5919 -22.8528 55.9990 6 20 51
11.1989 -9.6686 23.6920 20 18 32
11.6681 -9.6686 23.6920 28 19 26
9.3112 -7.3934 18.1170 38 15 36
-2.8392 -2.2155 5.4510 52 50 66
-3.7516 -3.0532 7.5120 17 9 27
-5.2575 -4.4709 11.0000 9 8 15
-5.8794 -5.2159 12.8330 15 12 31
-5.6041 -5.2159 12.8330 17 7 21
-5.1157 -5.0074 12.3200 9 3 5
-5.0534 -5.2159 12.8330 10 3 16
-5.3336 -5.8223 14.3250 37 42 47
-4.8257 -5.5638 13.6890 17 7 17
-4.3390 -5.3268 13.1060 21 12 17
-4.1460 -5.4427 13.3910 20 9 17
-3.7766 -5.3268 13.1060 18 16 25
-4.6939 -7.1534 17.6000 7 3 6
-5.8495 -9.6295 23.6920 8 3 15
-5.1432 -9.2726 22.8140 16 7 10
-4.1884 -8.3455 20.5330 18 9 14
-3.2125 -7.1534 17.6000 18 13 23
-2.8349 -7.1534 17.6000 14 8 12
-3.3470 -9.6295 23.6920 15 11 14
-3.5145 -11.9222 29.3330 17 8 11
-2.8852 -11.9222 29.3330 10 4 6
-1.9738 -10.4318 25.6660 13 8 18
-1.3662 -10.0144 24.6390 9 2 11
-0.6653 -7.5867 18.6660 13 34 81
-0.2913 -8.3455 20.5330 10 20 64
0.3198 -17.8831 43.9990 12 25 61
13.0499 -11.3800 27.9990 19 16 32
11.1227 -9.2726 22.8140 27 19 37
9.1916 -7.3635 18.1170 23 21 35
8.1435 -6.2592 15.4000 29 14 32
-3.4252 -2.7400 6.7690 56 52 71
-4.8931 -4.0876 10.0980 23 13 13
-5.8216 -5.0887 12.5710 13 6 30
-5.8098 -5.3052 13.1060 20 6 21
-5.0950 -4.8891 12.0780 12 0 13
-5.0332 -5.0887 12.5710 13 6 26
-5.3050 -5.6671 14.0000 18 5 36
-5.0046 -5.6671 14.0000 14 7 18
-4.5217 -5.4206 13.3910 14 5 10
-4.1443 -5.3052 13.1060 13 9 12
-3.9471 -5.4206 13.3910 19 15 16
-4.2089 -6.2338 15.4000 6 5 7
-5.5767 -8.9050 21.9990 15 8 17
-5.4976 -9.5904 23.6920 10 4 10
-4.4731 -8.5982 21.2410 15 6 9
-3.3287 -7.1244 17.6000 15 5 17
-2.7915 -6.7390 16.6480 16 13 10
-3.1409 -8.5982 21.2410 14 10 13
-3.5395 -11.3338 27.9990 18 10 9
-2.9388 -11.3338 27.9990 21 12 17
-2.2364 -10.8412 26.7820 11 13 19
-1.5288 -9.9737 24.6390 15 4 10
-0.8973 -8.5982 21.2410 2 26 65
-0.3766 -7.3336 18.1170 26 37 76
0.0205 -12.4672 30.7990 3 20 63
18.8691 -16.6232 41.0660 33 31 42
10.5802 -8.9050 21.9990 16 9 18
9.6388 -7.7919 19.2490 33 23 33
8.2476 -6.3933 15.7940 36 15 24
-2.9240 -2.2995 5.7040 62 58 79
-4.1444 -3.4017 8.4380 24 7 19
-5.5641 -4.7756 11.8460 19 8 25
-5.8964 -5.2836 13.1060 21 4 16
-5.3860 -5.0679 12.5710 15 3 14
-4.9156 -4.8692 12.0780 12 0 13
-5.2775 -5.5186 13.6890 14 8 14
-5.0971 -5.6440 14.0000 17 6 23
-4.7127 -5.5186 13.6890 19 8 14
-4.3228 -5.3985 13.3910 20 14 18
-4.1253 -5.5186 13.6890 33 27 31
-4.0096 -5.7750 14.3250 11 2 9
-5.6856 -8.8687 21.9990 15 2 8
-5.8800 -9.9330 24.6390 17 10 19
-4.9549 -9.1973 22.8140 15 4 8
-3.6536 -7.5251 18.6660 20 7 11
-2.9014 -6.7115 16.6480 9 4 12
-2.9417 -7.7601 19.2490 12 11 13
-3.4140 -10.3471 25.6660 19 10 13
-3.1236 -11.2876 27.9990 22 16 22
-2.5229 -11.2876 27.9990 14 13 15
-1.7620 -10.3471 25.6660 12 7 15
-1.0383 -8.8687 21.9990 10 17 41
-0.4687 -6.8982 17.1110 16 44 79
-0.1523 -10.3471 25.6660 10 31 78
0.9560 -24.8328 61.5980 0 13 42
11.1989 -9.5513 23.6920 19 14 26
10.1462 -8.2777 20.5330 16 6 20
8.3311 -6.5349 16.2100 32 6 23
-2.6736 -2.0609 5.1330 72 53 70
-3.1713 -2.5495 6.3500 37 61 63
-4.7485 -3.9888 9.9350 10 12 20
-5.8583 -5.1524 12.8330 15 8 21
-5.6041 -5.1524 12.8330 13 1 16
-5.1157 -4.9464 12.3200 13 2 8
-5.2732 -5.3764 13.3910 19 5 18
-5.2126 -5.6209 14.0000 22 8 23
-4.9122 -5.6209 14.0000 15 9 15
-4.4333 -5.3764 13.3910 22 9 15
-4.2383 -5.4960 13.6890 19 10 17
-3.9446 -5.4960 13.6890 13 11 18
-4.9783 -7.4943 18.6660 6 1 9
-6.0426 -9.8924 24.6390 11 6 16
-5.3411 -9.5122 23.6920 11 2 5
-4.0532 -7.9777 19.8700 17 8 13
-3.1233 -6.8699 17.1110 17 10 19
-2.8349 -7.0663 17.6000 15 11 12
-3.3470 -9.5122 23.6920 14 5 10
-3.2089 -10.7528 26.7820 22 14 13
-2.6342 -10.7528 26.7820 19 13 15
-1.9738 -10.3047 25.6660 10 9 13
-1.3137 -9.5122 23.6920 16 10 16
-0.6273 -7.0663 17.6000 4 25 72
-0.2913 -8.2438 20.5330 18 31 71
0.2798 -15.4571 38.4990 6 14 56
26.6766 -24.7311 61.5980 32 22 32
14.2025 -12.3656 30.7990 24 22 29
10.2156 -8.5281 21.2410 17 7 17
8.8421 -7.0663 17.6000 18 17 24
7.8703 -6.0320 15.0240 31 10 19
-2.8353 -2.2187 5.5490 50 43 67
-3.7692 -3.0788 7.7000 38 27 35
-5.3579 -4.5610 11.4070 22 14 32
-5.8747 -5.2403 13.1060 17 5 18
-5.3652 -5.0264 12.5710 18 4 15
-5.0955 -5.0264 12.5710 16 6 20
-5.3743 -5.5978 14.0000 14 9 17
-5.0971 -5.5978 14.0000 14 4 16
-4.6901 -5.4734 13.6890 17 6 12
-4.3964 -5.4734 13.6890 17 11 15
-4.1027 -5.4734 13.6890 23 14 19
-4.1805 -6.0072 15.0240 12 5 14
-5.6856 -8.7961 21.9990 13 2 10
-5.6149 -9.4731 23.6920 12 6 12
-4.7416 -8.7961 21.9990 13 2 6
-3.4159 -7.0372 17.6000 26 13 21
-2.8739 -6.6566 16.6480 15 9 15
-2.9417 -7.6966 19.2490 12 11 13
-3.2368 -9.8517 24.6390 19 10 13
-2.8210 -10.2624 25.6660 12 6 12
-2.3690 -10.7086 26.7820 17 16 20
-1.6508 -9.8517 24.6390 13 8 16
-1.0383 -8.7961 21.9990 9 17 36
-0.4404 -6.8417 17.1110 5 30 66
-0.1148 -10.7086 26.7820 10 33 79
14.0705 -24.6295 61.5980 33 26 39
21.8071 -20.5247 51.3320 11 13 21
24.8988 -22.3908 55.9990 134 166 198
11.0425 -9.4731 23.6920 16 11 23
9.6874 -7.9449 19.8700 23 18 26
8.0391 -6.3151 15.7940 30 11 26
7.5987 -5.7277 14.3250 33 12 21
-2.8079 -2.2096 5.5490 44 53 65
-3.7311 -3.0661 7.7000 26 6 9
-5.7054 -4.9057 12.3200 20 14 29
-5.6676 -5.1100 12.8330 25 11 26
-5.0751 -4.8094 12.0780 13 1 12
-5.3616 -5.3322 13.3910 10 3 16
-5.3050 -5.5747 14.0000 20 14 31
-4.8935 -5.4509 13.6890 12 8 13
-4.5998 -5.4509 13.6890 19 8 14
-4.3061 -5.4509 13.6890 17 19 25
-4.1266 -5.5747 14.0000 15 11 16
-4.5500 -6.6291 16.6480 9 8 19
-5.7457 -9.0844 22.8140 13 7 13
-5.2562 -9.0844 22.8140 8 4 9
-4.2901 -8.1761 20.5330 20 9 15
-3.3287 -7.0082 17.6000 18 8 20
-2.8691 -6.8135 17.1110 9 5 8
-3.2167 -8.7598 21.9990 15 5 17
-3.3415 -10.6644 26.7820 22 14 13
-2.8110 -10.6644 26.7820 21 17 18
-2.2364 -10.6644 26.7820 13 12 16
-1.5926 -10.2200 25.6660 18 14 17
-0.7814 -7.6648 19.2490 5 36 75
-0.3368 -7.0082 17.6000 16 32 71
0.0205 -12.2639 30.7990 14 33 78
13.8672 -24.5278 61.5980 28 20 36
23.5125 -22.2984 55.9990 6 18 10
24.7140 -22.2984 55.9990 30 39 62
12.3943 -10.6644 26.7820 32 31 42
9.9090 -8.1761 20.5330 15 10 22
8.3913 -6.6291 16.6480 16 16 20
7.5278 -5.7041 14.3250 39 9 23
-2.6362 -2.0525 5.1760 48 35 53
-3.5775 -2.9078 7.3330 65 60 68
-5.2422 -4.4413 11.2000 23 16 27
-5.8531 -5.1971 13.1060 18 6 19
-5.2377 -4.8854 12.3200 18 5 13
-5.6516 -5.5516 14.0000 17 7 19
-5.6058 -5.8157 14.6660 13 5 21
-4.9612 -5.4283 13.6890 14 10 15
-4.7736 -5.5516 14.0000 19 6 12
-4.4732 -5.5516 14.0000 17 17 21
-4.1728 -5.5516 14.0000 19 10 17
-4.2597 -6.1067 15.4000 9 4 14
-5.2729 -8.1422 20.5330 12 2 12
-5.1773 -8.7235 21.9990 14 8 12
-4.3918 -8.1422 20.5330 13 2 8
-3.3868 -6.9791 17.6000 22 11 17
-2.8464 -6.6016 16.6480 15 6 13
-3.1040 -8.1422 20.5330 14 13 17
-3.3293 -10.1776 25.6660 20 14 18
-2.7786 -10.1776 25.6660 16 12 15
-2.3248 -10.6202 26.7820 18 14 19
-1.6773 -10.1776 25.6660 15 11 14
-0.9352 -8.1422 20.5330 11 30 61
-0.4010 -6.6016 16.6480 11 36 70
-0.0676 -10.1776 25.6660 0 21 68
1.0540 -22.2059 55.9990 24 28 53
24.8467 -24.4262 61.5980 44 68 78
18.6192 -17.4474 43.9990 17 16 27
21.0679 -18.7893 47.3830 82 114 144
11.0425 -9.3949 23.6920 24 22 29
9.6874 -7.8793 19.8700 20 15 25
7.6472 -5.9576 15.0240 31 9 25
7.4032 -5.5516 14.0000 30 9 18
-2.6869 -2.0969 5.3100 58 59 50
-3.3919 -2.7642 7.0000 41 41 37
-5.3822 -4.5894 11.6220 23 13 23
-5.4411 -4.8651 12.3200 18 6 19
-5.0950 -4.7695 12.0780 17 1 10
-5.7355 -5.6568 14.3250 18 6 19
-5.4282 -5.6568 14.3250 34 28 43
-4.8935 -5.4057 13.6890 13 9 14
-4.5998 -5.4057 13.6890 17 6 14
-4.4270 -5.5285 14.0000 14 16 24
-4.1266 -5.5285 14.0000 16 10 16
-4.6765 -6.7570 17.1110 6 3 19
-5.0042 -7.8465 19.8700 16 6 16
-4.7306 -8.1083 20.5330 8 4 9
-4.0536 -7.6013 19.2490 17 6 12
-3.2362 -6.7570 17.1110 17 11 17
-2.8691 -6.7570 17.1110 9 3 9
-3.2167 -8.6872 21.9990 14 10 15
-3.2022 -10.1353 25.6660 24 16 15
-2.6939 -10.1353 25.6660 21 16 14
-2.1432 -10.1353 25.6660 34 33 37
-1.5926 -10.1353 25.6660 12 8 13
-0.7577 -7.3710 18.6660 10 39 78
-0.3557 -6.7570 17.1110 20 40 76
0.0195 -11.5834 29.3330 44 61 102
1.3627 -24.3245 61.5980 25 28 45
13.4385 -22.1135 55.9990 40 29 35
15.2137 -14.3085 36.2340 10 9 18
15.9313 -14.3085 36.2340 21 24 45
12.3501 -10.5760 26.7820 24 20 43
9.9090 -8.1083 20.5330 22 15 26
7.9609 -6.2369 15.7940 19 14 22
7.3570 -5.5285 14.0000 42 14 27
-2.5799 -1.9855 5.0490 77 64 68
-2.9273 -2.3516 5.9800 57 59 67
-4.3683 -3.6701 9.3330 14 7 18
-5.3940 -4.7496 12.0780 15 4 21
-4.9410 -4.5702 11.6220 22 4 12
-5.6747 -5.5054 14.0000 19 5 18
-5.7674 -5.9081 15.0240 16 9 18
-4.9612 -5.3831 13.6890 9 4 12
-4.7736 -5.5054 14.0000 24 8 13
-4.4732 -5.5054 14.0000 13 15 21
-4.1959 -5.5054 14.0000 20 14 20
-4.5105 -6.3744 16.2100 12 10 19
-5.1026 -7.8137 19.8700 14 4 14
-4.8323 -8.0744 20.5330 20 16 17
-4.3918 -8.0744 20.5330 17 6 12
-3.4159 -6.9210 17.6000 21 12 15
-2.9538 -6.7288 17.1110 13 7 13
-3.1040 -8.0744 20.5330 17 16 18
-3.3293 -10.0929 25.6660 19 13 17
-2.6674 -9.6891 24.6390 17 16 16
-2.2703 -10.0929 25.6660 26 25 27
-1.7196 -10.0929 25.6660 18 13 21
-0.9352 -8.0744 20.5330 11 27 62
-0.3905 -6.3744 16.2100 12 37 71
-0.0676 -10.0929 25.6660 11 35 78
0.8814 -20.1859 51.3320 25 29 43
10.9798 -18.6329 47.3830 43 33 43
21.5935 -24.2229 61.5980 35 40 49
14.4814 -13.4571 34.2210 24 21 35
16.1107 -14.2487 36.2340 24 30 61
11.9202 -10.0929 25.6660 21 15 30
9.3529 -7.5695 19.2490 23 19 24
7.4407 -5.7673 14.6660 26 9 23
7.2388 -5.3831 13.6890 29 8 17
-2.6191 -2.0269 5.1760 58 51 43
-3.0252 -2.4365 6.2220 65 65 69
-4.6173 -3.8905 9.9350 22 8 21
-5.2513 -4.6388 11.8460 15 9 24
-4.9026 -4.5511 11.6220 20 0 6
-6.1659 -6.0305 15.4000 13 1 14
-5.7178 -5.8833 15.0240 17 4 24
-4.9161 -5.3605 13.6890 17 10 19
-4.7274 -5.4823 14.0000 25 14 18
-4.4270 -5.4823 14.0000 13 11 20
-4.2224 -5.6095 14.3250 15 8 17
-4.5774 -6.5192 16.6480 9 6 20
-4.8796 -7.5377 19.2490 23 11 22
-4.4666 -7.5377 19.2490 15 9 11
-4.0536 -7.5377 19.2490 16 5 11
-3.2362 -6.7005 17.1110 18 9 14
-2.9802 -6.8920 17.6000 12 6 12
-3.1409 -8.3178 21.2410 13 9 12
-3.1148 -9.6484 24.6390 17 12 8
-2.5861 -9.6484 24.6390 18 14 15
-2.1856 -10.0506 25.6660 20 15 23
-1.7060 -10.4876 26.7820 16 9 18
-0.8132 -7.5377 19.2490 13 41 76
-0.3557 -6.7005 17.1110 17 40 77
0.0187 -10.9642 27.9990 14 37 74
1.1464 -21.9287 55.9990 25 23 39
12.0644 -20.1011 51.3320 39 27 38
18.6453 -24.1212 61.5980 18 25 33
19.9669 -24.1212 61.5980 70 43 65
21.7968 -24.1212 61.5980 31 41 48
16.7681 -16.0811 41.0660 17 32 49
12.0333 -10.9642 27.9990 16 16 20
13.2360 -11.4865 29.3330 5 14 49
10.3986 -8.6146 21.9990 25 16 23
8.2265 -6.5192 16.6480 20 13 22
7.0354 -5.3605 13.6890 24 6 16
-2.5877 -1.9372 4.9680 55 74 78
-2.6069 -2.0355 5.2200 38 37 37
-3.1999 -2.6107 6.6950 66 67 63
-4.8480 -4.1412 10.6200 17 6 23
-4.8036 -4.2893 11.0000 16 4 15
-5.1157 -4.8041 12.3200 17 8 15
-6.2194 -6.1587 15.7940 22 5 19
-5.0968 -5.3379 13.6890 13 6 28
-4.9122 -5.4592 14.0000 15 9 15
-4.7425 -5.5859 14.3250 24 11 17
-4.4352 -5.5859 14.3250 22 10 21
-4.3293 -5.8585 15.0240 22 15 24
-4.8318 -7.0646 18.1170 8 3 13
-4.5778 -7.2786 18.6660 5 4 4
-4.2081 -7.2786 18.6660 14 10 15
-3.6956 -7.0646 18.1170 16 7 10
-3.1233 -6.6723 17.1110 15 6 9
-2.9182 -7.0646 18.1170 12 6 10
-3.1853 -8.8961 22.8140 17 6 10
-2.9521 -9.6078 24.6390 22 12 10
-2.4235 -9.6078 24.6390 18 8 8
-1.9738 -10.0082 25.6660 22 18 23
-1.4850 -10.4434 26.7820 12 5 14
-0.5659 -6.4917 16.6480 11 35 76
-0.2648 -7.2786 18.6660 12 34 76
0.2356 -12.6419 32.4200 17 26 59
13.4605 -24.0196 61.5980 20 22 30
12.3185 -20.0164 51.3320 39 30 35
16.1037 -24.0196 61.5980 22 27 36
18.7470 -24.0196 61.5980 16 19 38
18.2444 -21.8363 55.9990 51 26 50
21.3902 -24.0196 61.5980 39 49 52
22.2186 -21.8363 55.9990 13 31 27
10.7341 -10.0082 25.6660 25 13 24
10.3778 -9.2385 23.6920 20 9 15
12.3059 -10.4434 26.7820 16 7 28
9.5562 -7.7481 19.8700 15 4 12
7.5480 -5.8585 15.0240 19 7 20
7.0149 -5.2217 13.3910 17 5 20
-2.5672 -1.9446 5.0080 67 72 81
-2.6306 -2.0797 5.3560 42 37 47
-3.2879 -2.7180 7.0000 71 62 69
-4.6797 -4.0538 10.4400 16 9 29
-4.6123 -4.1963 10.8070 21 5 10
-5.6978 -5.4361 14.0000 22 10 23
-6.2495 -6.2942 16.2100 24 12 25
-4.9838 -5.3153 13.6890 7 5 14
-5.0249 -5.6947 14.6660 21 12 15
-4.7344 -5.6947 14.6660 13 9 12
-4.3170 -5.5623 14.3250 27 21 27
-4.6599 -6.4643 16.6480 5 3 19
-4.6823 -7.0347 18.1170 14 7 16
-4.2936 -7.0347 18.1170 18 14 15
-4.1807 -7.4742 19.2490 12 1 7
-3.4449 -6.8339 17.6000 23 17 19
-2.9821 -6.6440 17.1110 14 8 14
-3.0366 -7.7153 19.8700 22 13 16
-3.2368 -9.5671 24.6390 23 14 17
-2.6431 -9.1994 23.6920 14 8 12
-2.1348 -9.1994 23.6920 28 24 25
-1.8386 -10.3992 26.7820 19 17 24
-1.0383 -8.5420 21.9990 26 30 53
-0.4065 -6.1327 15.7940 18 41 78
-0.1406 -9.1994 23.6920 0 20 62
0.7354 -18.3984 47.3830 24 31 53
5.0225 -23.9179 61.5980 7 9 19
10.9798 -18.3984 47.3830 37 30 39
15.5954 -23.9179 61.5980 24 23 23
16.8154 -23.9179 61.5980 28 18 32
16.4698 -19.9317 51.3320 43 25 46
21.0852 -23.9179 61.5980 23 35 39
24.1351 -23.9179 61.5980 26 21 31
12.1225 -11.3897 29.3330 29 12 26
9.8802 -8.8585 22.8140 20 9 15
11.1992 -9.5671 24.6390 20 17 40
10.1104 -8.2477 21.2410 25 12 18
7.6606 -5.9797 15.4000 20 14 20
6.9486 -5.1996 13.3910 22 17 27
-2.5713 -1.9208 4.9680 51 68 80
-2.6120 -2.0357 5.2650 42 54 60
-3.0141 -2.4552 6.3500 40 39 41
-4.5025 -3.8413 9.9350 12 5 25
-4.5074 -4.0365 10.4400 19 2 14
-5.1785 -4.8605 12.5710 18 8 18
-6.5008 -6.4368 16.6480 19 8 16
-5.0516 -5.2927 13.6890 12 9 23
-4.9790 -5.5386 14.3250 17 11 15
-4.7828 -5.6705 14.6660 14 13 13
-4.3879 -5.5386 14.3250 25 11 22
-4.4990 -6.1066 15.7940 17 5 16
-4.7720 -7.0048 18.1170 9 2 11
-4.2582 -6.8049 17.6000 8 4 5
-3.9946 -7.0048 18.1170 10 1 6
-3.5321 -6.8049 17.6000 19 13 15
-3.0668 -6.6158 17.1110 15 9 11
-2.9450 -7.2170 18.6660 21 12 17
-3.3587 -9.5264 24.6390 18 7 11
-2.7213 -9.1603 23.6920 13 12 14
-2.1687 -8.8208 22.8140 15 9 11
-1.9712 -10.3550 26.7820 21 14 23
-1.2355 -9.1603 23.6920 11 9 20
-0.4847 -6.1066 15.7940 14 33 74
-0.1896 -7.9389 20.5330 20 49 86
0.4069 -14.8853 38.4990 16 25 58
4.7175 -23.8163 61.5980 18 17 24
11.6408 -19.8470 51.3320 38 31 42
13.9006 -21.6515 55.9990 33 33 29
15.1021 -21.6515 55.9990 23 21 32
15.8767 -19.8470 51.3320 29 26 49
20.3736 -23.8163 61.5980 32 35 38
21.6952 -23.8163 61.5980 42 44 50
16.4292 -15.8778 41.0660 15 28 25
9.2368 -8.5057 21.9990 17 15 22
8.7692 -7.6825 19.8700 14 9 19
10.9643 -9.1603 23.6920 24 10 25
9.3211 -7.4424 19.2490 28 19 26
7.2441 -5.5386 14.3250 24 12 25
7.0370 -5.1775 13.3910 28 9 24
-2.5506 -1.9280 5.0080 57 62 71
-2.6130 -2.0620 5.3560 19 20 14
-3.0890 -2.5498 6.6230 68 64 55
-4.4931 -3.8876 10.0980 12 6 21
-4.3645 -3.9523 10.2660 15 2 8
-6.2168 -5.9288 15.4000 12 5 16
-6.0370 -6.0805 15.7940 24 15 38
-5.0509 -5.3899 14.0000 13 12 19
-5.0979 -5.7841 15.0240 17 6 10
-4.6860 -5.6463 14.6660 22 15 24
-4.2697 -5.5150 14.3250 12 10 19
-4.7330 -6.5876 17.1110 12 4 20
-4.4906 -6.7758 17.6000 16 4 15
-4.1130 -6.7758 17.6000 17 16 16
-3.8750 -6.9749 18.1170 15 2 8
-3.3868 -6.7758 17.6000 22 16 20
-3.0092 -6.7758 17.6000 11 2 7
-3.0701 -7.9050 20.5330 19 13 15
-3.1554 -9.4858 24.6390 16 10 12
-2.4699 -8.7832 22.8140 14 10 11
-2.0566 -9.1212 23.6920 22 23 19
-1.8297 -10.7793 27.9990 11 9 18
-0.8722 -7.6498 19.8700 13 28 52
-0.3736 -6.4093 16.6480 16 44 79
-0.0706 -10.3108 26.7820 10 34 73
0.9661 -19.7623 51.3320 25 23 37
5.1242 -23.7146 61.5980 24 25 40
12.9522 -23.7146 61.5980 27 20 31
10.9798 -18.2420 47.3830 42 32 44
14.0854 -21.5591 55.9990 22 24 32
15.2869 -21.5591 55.9990 23 16 29
15.9614 -19.7623 51.3320 33 24 45
20.4752 -23.7146 61.5980 27 32 37
21.7968 -23.7146 61.5980 36 46 49
20.2821 -19.7623 51.3320 15 17 25
10.2639 -9.4858 24.6390 21 16 24
8.1762 -7.1862 18.6660 21 12 19
10.4826 -8.7832 22.8140 17 7 19
9.5562 -7.6498 19.8700 21 8 16
7.5232 -5.7841 15.0240 18 8 20
6.9928 -5.1554 13.3910 21 13 29
-2.5672 -1.9198 5.0080 55 71 81
-2.5422 -1.9842 5.1760 63 59 60
-2.7557 -2.2491 5.8670 60 59 61
-4.2637 -3.6329 9.4770 13 10 26
-4.3984 -3.9354 10.2660 20 7 15
-5.6978 -5.3668 14.0000 13 6 17
-6.2495 -6.2139 16.2100 17 7 21
-5.0971 -5.3668 14.0000 8 7 14
-5.3018 -5.9034 15.4000 15 9 11
-4.8500 -5.7593 15.0240 17 16 18
-4.4198 -5.6221 14.6660 19 12 23
-4.7895 -6.5593 17.1110 15 5 19
-4.5487 -6.7468 17.6000 13 2 10
-4.0834 -6.5593 17.1110 18 9 12
-3.8225 -6.7468 17.6000 15 2 8
-3.4449 -6.7468 17.6000 16 10 12
-3.0673 -6.7468 17.6000 12 3 6
-3.0366 -7.6170 19.8700 17 11 15
-3.2774 -9.4451 24.6390 20 9 13
-2.5452 -8.7455 22.8140 16 15 17
-2.0557 -8.7455 22.8140 23 22 22
-1.8386 -10.2666 26.7820 14 12 21
-1.0746 -8.4331 21.9990 3 8 26
-0.4326 -6.0545 15.7940 21 36 78
-0.1406 -9.0821 23.6920 10 34 73
0.8691 -21.4666 55.9990 18 22 45
4.2887 -21.4666 55.9990 17 16 23
11.2239 -23.6130 61.5980 13 8 18
13.5622 -23.6130 61.5980 18 20 26
14.8838 -23.6130 61.5980 37 40 43
12.4657 -18.1638 47.3830 34 36 46
18.5436 -23.6130 61.5980 17 14 33
15.2027 -18.1638 47.3830 33 20 38
21.7968 -23.6130 61.5980 38 50 54
14.4961 -13.8899 36.2340 14 21 15
7.8682 -7.1554 18.6660 10 12 22
7.5798 -6.5593 17.1110 12 9 23
10.1808 -8.4331 21.9990 22 10 25
9.3211 -7.3789 19.2490 23 6 18
7.2441 -5.4913 14.3250 24 10 21
7.0591 -5.1333 13.3910 28 18 30
-2.5424 -1.9115 5.0080 64 71 93
-2.5466 -1.9924 5.2200 71 73 64
-2.8730 -2.3512 6.1600 75 64 70
-3.9155 -3.3589 8.8000 12 9 23
-4.4213 -3.9848 10.4400 15 2 10
-6.1914 -5.8780 15.4000 15 8 17
-6.0370 -6.0284 15.7940 16 12 31
-5.0509 -5.3437 14.0000 9 8 15
-5.3592 -6.0284 15.7940 17 11 13
-4.6618 -5.5979 14.6660 15 9 24
-4.3471 -5.5979 14.6660 18 16 23
-4.7330 -6.5311 17.1110 17 10 23
-4.3658 -6.5311 17.1110 18 7 15
-3.9987 -6.5311 17.1110 14 13 13
-3.7354 -6.7177 17.6000 18 5 11
-3.3578 -6.7177 17.6000 20 14 20
-3.0092 -6.7177 17.6000 14 5 8
-3.0701 -7.8372 20.5330 12 8 9
-3.1554 -9.4044 24.6390 19 13 15
-2.3453 -8.3968 21.9990 79 84 72
-1.9427 -8.7079 22.8140 18 21 20
-1.8297 -10.6869 27.9990 14 12 21
-0.9013 -7.8372 20.5330 2 13 36
-0.3840 -6.5311 17.1110 6 36 70
-0.0289 -11.1961 29.3330 15 40 76
1.2610 -23.5113 61.5980 25 23 37
4.6584 -21.3742 55.9990 22 24 34
11.7322 -23.5113 61.5980 48 43 53
12.6067 -21.3742 55.9990 38 36 45
13.8082 -21.3742 55.9990 28 34 36
11.7932 -16.7940 43.9990 29 30 45
17.0429 -21.3742 55.9990 33 26 39
15.4373 -18.0856 47.3830 29 27 41
21.8985 -23.5113 61.5980 33 47 53
14.4363 -13.8301 36.2340 38 41 44
7.8374 -7.1246 18.6660 13 15 25
6.6057 -5.7345 15.0240 6 3 19
9.1627 -7.5842 19.8700 23 13 25
9.9090 -7.8372 20.5330 21 4 16
7.3923 -5.5979 14.6660 27 16 24
7.0370 -5.1112 13.3910 30 25 35
-2.5589 -1.9032 5.0080 60 63 80
-2.5126 -1.9507 5.1330 94 71 81
-2.6450 -2.1476 5.6510 63 47 56
-3.5268 -3.0012 7.8970 15 9 24
-4.1732 -3.7160 9.7780 21 8 16
-5.9447 -5.5737 14.6660 15 8 19
-5.9118 -5.8526 15.4000 12 10 21
-5.1918 -5.4441 14.3250 6 4 11
-5.5271 -6.1604 16.2100 24 15 18
-4.9459 -5.8526 15.4000 17 10 19
-4.3955 -5.5737 14.6660 14 9 19
-4.8973 -6.6887 17.6000 19 7 22
-4.3941 -6.5029 17.1110 12 1 9
-4.0270 -6.5029 17.1110 14 6 5
-3.7935 -6.6887 17.6000 15 4 12
-3.4159 -6.6887 17.6000 17 11 17
-3.0382 -6.6887 17.6000 14 8 10
-3.1040 -7.8033 20.5330 12 11 11
-3.1961 -9.3638 24.6390 21 12 15
-2.5075 -8.6702 22.8140 13 12 14
-1.9459 -8.3605 21.9990 12 12 12
-1.7944 -10.1782 26.7820 20 18 27
-0.9674 -8.0724 21.2410 4 13 34
-0.4122 -6.5029 17.1110 6 34 69
-0.1015 -9.0039 23.6920 10 34 73
1.0577 -23.4097 61.5980 25 29 43
4.4736 -21.2818 55.9990 26 25 34
11.7322 -23.4097 61.5980 47 42 50
14.1721 -23.4097 61.5980 35 30 42
13.1657 -19.5082 51.3320 16 19 36
15.5642 -21.2818 55.9990 9 6 20
13.9718 -16.7213 43.9990 41 35 50
20.8819 -23.4097 61.5980 17 22 42
13.6907 -13.0053 34.2210 13 19 21
7.8374 -7.0938 18.6660 10 11 24
6.6305 -5.7097 15.0240 10 7 21
9.5023 -7.8033 20.5330 19 9 21
9.6218 -7.5514 19.8700 31 15 24
7.4165 -5.5737 14.6660 19 7 18
7.0370 -5.0891 13.3910 24 22 31
-2.5506 -1.8950 5.0080 102 100 116
-2.5042 -1.9423 5.1330 59 51 48
-2.7103 -2.1988 5.8110 75 58 72
-3.5137 -2.9881 7.8970 20 17 31
-4.1570 -3.6999 9.7780 24 8 15
-6.2168 -5.8272 15.4000 12 5 16
-5.8864 -5.8272 15.4000 19 17 33
-5.4203 -5.6849 15.0240 9 4 14
-5.8061 -6.4746 17.1110 14 14 10
-4.9205 -5.8272 15.4000 18 12 29
-4.3713 -5.5495 14.6660 16 11 21
-4.8682 -6.6596 17.6000 13 6 19
-4.3658 -6.4746 17.1110 17 8 15
-3.9987 -6.4746 17.1110 11 2 5
-3.7644 -6.6596 17.6000 18 5 11
-3.3868 -6.6596 17.6000 27 21 25
-3.0976 -6.8553 18.1170 13 7 9
-2.9710 -7.5186 19.8700 13 12 12
-3.1554 -9.3231 24.6390 18 17 17
-2.3816 -8.3242 21.9990 14 13 13
-1.8438 -8.0374 21.2410 19 19 19
-1.7502 -10.1340 26.7820 16 14 21
-0.9013 -7.7695 20.5330 3 13 29
-0.3949 -6.6596 17.6000 1 25 64
-0.0706 -10.1340 26.7820 19 43 73
4.0059 -23.3080 61.5980 18 17 24
5.3275 -23.3080 61.5980 30 27 43
12.8268 -19.4235 51.3320 25 30 37
12.7785 -17.9292 47.3830 18 18 36
15.8767 -19.4235 51.3320 37 25 36
18.5217 -21.1894 55.9990 23 24 39
18.4872 -17.9292 47.3830 27 15 30
9.0552 -8.3242 21.9990 16 9 18
6.3273 -5.5495 14.6660 27 8 21
7.3412 -6.1337 16.2100 21 14 27
10.8215 -8.6326 22.8140 26 13 21
8.2540 -6.2994 16.6480 15 3 14
6.9265 -5.0670 13.3910 27 13 24
-2.5795 -1.8716 4.9680 62 73 73
-2.5132 -1.9022 5.0490 26 69 81
-2.4654 -1.9500 5.1760 28 41 36
-2.8883 -2.3923 6.3500 36 53 58
-3.6076 -3.1360 8.3240 21 5 14
-4.9953 -4.5503 12.0780 7 5 14
-6.3565 -6.1069 16.2100 8 1 10
-5.4364 -5.5253 14.6660 17 15 22
-5.8139 -6.2719 16.6480 19 10 15
-5.4567 -6.2719 16.6480 18 18 14
-4.6268 -5.6601 15.0240 16 5 22
-4.9024 -6.4464 17.1110 16 9 22
-4.6649 -6.6306 17.6000 9 2 11
-4.1682 -6.4464 17.1110 10 4 8
-3.8010 -6.4464 17.1110 11 2 9
-3.5611 -6.6306 17.6000 14 4 18
-3.1835 -6.6306 17.6000 21 9 9
-2.9758 -7.0322 18.6660 18 13 21
-3.1476 -8.5949 22.8140 21 15 17
-2.7604 -8.9257 23.6920 17 16 18
-2.0542 -8.0023 21.2410 19 10 15
-1.7829 -8.9257 23.6920 22 15 26
-1.3808 -9.6694 25.6660 14 12 19
-0.5859 -6.8254 18.1170 15 34 75
-0.2312 -8.0023 21.2410 8 32 73
0.3434 -14.5041 38.4990 19 34 62
3.9313 -19.3388 51.3320 33 27 33
11.8339 -23.2064 61.5980 30 28 39
10.7360 -15.4712 41.0660 26 24 35
18.5436 -23.2064 61.5980 24 17 28
15.2027 -17.8510 47.3830 34 41 35
21.4792 -21.0970 55.9990 28 20 38
11.3401 -10.5483 27.9990 13 16 17
6.1093 -5.3968 14.3250 17 5 20
6.4166 -5.3968 14.3250 10 9 18
9.9352 -8.0023 21.2410 20 15 25
9.4164 -7.2518 19.2490 28 12 21
7.1490 -5.2743 14.0000 17 7 19
-2.6250 -1.8784 5.0080 56 82 69
-2.4975 -1.8634 4.9680 54 66 82
-2.4382 -1.8938 5.0490 54 62 61
-2.5841 -2.1005 5.6000 33 40 44
-3.1152 -2.6556 7.0800 11 6 14
-4.2967 -3.8507 10.2660 11 7 12
-6.1151 -5.7764 15.4000 14 8 14
-5.6682 -5.6353 15.0240 7 12 30
-5.7679 -6.0802 16.2100 14 13 17
-5.8849 -6.6016 17.6000 11 11 7
-4.9422 -5.9241 15.7940 21 13 31
-4.8522 -6.2445 16.6480 15 8 21
-5.0707 -7.0014 18.6660 9 2 15
-4.4035 -6.6016 17.6000 8 4 9
-3.9140 -6.4181 17.1110 9 3 9
-3.6482 -6.6016 17.6000 17 7 19
-3.2706 -6.6016 17.6000 20 16 19
-2.9221 -6.6016 17.6000 15 11 16
-3.0708 -7.9673 21.2410 10 10 12
-2.9168 -8.8866 23.6920 15 11 12
-2.1594 -7.9673 21.2410 16 12 17
-1.7387 -7.9673 21.2410 20 24 19
-1.4882 -9.2418 24.6390 16 15 24
-0.7496 -7.2201 19.2490 2 15 53
-0.3475 -7.4530 19.8700 13 37 78
0.1286 -12.1604 32.4200 16 29 65
3.9190 -21.0046 55.9990 30 29 40
13.9930 -21.0046 55.9990 23 28 37
12.8567 -17.7728 47.3830 23 20 34
15.0463 -17.7728 47.3830 35 38 37
19.7738 -19.2540 51.3320 33 30 44
11.3401 -10.5021 27.9990 13 13 13
6.1093 -5.3731 14.3250 22 10 25
6.4166 -5.3731 14.3250 9 7 18
10.3260 -8.2516 21.9990 20 13 24
10.0784 -7.7017 20.5330 26 10 19
7.1490 -5.2512 14.0000 14 7 18
-2.6250 -1.8702 5.0080 60 79 79
-2.4975 -1.8552 4.9680 42 62 75
-2.4501 -1.9012 5.0910 63 75 81
-2.5749 -2.0913 5.6000 33 32 39
-3.1152 -2.6439 7.0800 44 44 40
-4.2967 -3.8337 10.2660 11 6 14
-6.1151 -5.7509 15.4000 14 8 14
-5.6435 -5.6105 15.0240 5 17 23
-5.8963 -6.2170 16.6480 19 15 20
-5.8849 -6.5725 17.6000 14 10 11
-4.9422 -5.8981 15.7940 24 16 32
-4.8522 -6.2170 16.6480 22 15 28
-5.0399 -6.9706 18.6660 12 2 12
-4.2529 -6.3899 17.1110 7 3 8
-3.9140 -6.3899 17.1110 12 6 12
-3.6482 -6.5725 17.6000 13 6 17
-3.2706 -6.5725 17.6000 20 16 19
-2.8930 -6.5725 17.6000 12 8 13
-3.0358 -7.9322 21.2410 8 8 10
-2.9168 -8.8475 23.6920 15 11 12
-2.0874 -7.6678 20.5330 16 15 19
-1.6468 -7.6678 20.5330 19 20 16
-1.3919 -8.8475 23.6920 9 8 17
-0.7410 -7.4202 19.8700 9 17 55
-0.3591 -7.6678 20.5330 9 36 76
0.1438 -13.5312 36.2340 17 30 68
4.1039 -20.9122 55.9990 15 10 18
13.1657 -19.1693 51.3320 23 25 35
15.5642 -20.9122 55.9990 16 13 34
16.5545 -19.1693 51.3320 37 38 34
17.1669 -16.4309 43.9990 27 22 30
8.7432 -7.9322 21.2410 19 17 24
5.7993 -5.0007 13.3910 26 13 19
7.3680 -6.0534 16.2100 19 12 23
11.2380 -8.8475 23.6920 24 6 14
9.2545 -6.9706 18.6660 22 5 17
7.0806 -5.1120 13.6890 24 12 23
-2.5713 -1.8470 4.9680 74 81 89
-2.4647 -1.8470 4.9680 39 76 77
-2.4249 -1.8928 5.0910 60 70 75
-2.6186 -2.1404 5.7570 41 47 45
-3.1781 -2.7263 7.3330 15 5 15
-4.6990 -4.2410 11.4070 14 9 19
-6.0134 -5.7255 15.4000 16 11 21
-5.5691 -5.5857 15.0240 12 8 13
-6.3269 -6.7357 18.1170 12 3 10
-5.7687 -6.5435 17.6000 14 13 15
-4.8379 -5.8720 15.7940 11 6 16
-5.0425 -6.5435 17.6000 12 7 19
-4.8019 -6.7357 18.1170 11 2 9
-4.1682 -6.3617 17.1110 13 7 13
-3.9097 -6.5435 17.6000 9 3 7
-3.6358 -6.7357 18.1170 15 10 18
-3.1835 -6.5435 17.6000 22 9 13
-2.8883 -6.7357 18.1170 11 10 12
-3.1476 -8.4820 22.8140 17 11 17
-2.5632 -8.1790 21.9990 18 17 21
-1.8888 -7.3874 19.8700 17 8 13
-1.5984 -7.8971 21.2410 19 12 21
-1.2746 -8.8084 23.6920 10 12 20
-0.6426 -7.3874 19.8700 11 39 72
-0.2579 -8.8084 23.6920 11 35 74
0.5919 -20.8198 55.9990 4 13 36
4.5660 -20.8198 55.9990 25 25 29
10.8716 -15.2678 41.0660 29 28 37
17.6899 -20.8198 55.9990 31 39 40
17.1669 -16.3583 43.9990 33 32 39
8.7432 -7.8971 21.2410 9 12 15
5.9058 -5.0894 13.6890 26 13 21
6.9744 -5.7255 15.4000 23 13 23
11.2380 -8.8084 23.6920 28 12 19
9.8514 -7.3874 19.8700 24 8 17
7.0806 -5.0894 13.6890 21 11 21
-2.5795 -1.8388 4.9680 72 88 96
-2.4729 -1.8388 4.9680 59 78 80
-2.4249 -1.8844 5.0910 50 60 65
-2.5472 -2.0728 5.6000 25 24 24
-2.9995 -2.5617 6.9210 24 24 28
-4.7178 -4.2222 11.4070 16 14 21
-6.0389 -5.7001 15.4000 13 8 18
-5.7084 -5.7001 15.4000 12 8 13
-6.5186 -6.9090 18.6660 12 3 10
-5.9382 -6.7058 18.1170 15 11 16
-4.9921 -5.9999 16.2100 18 8 20
-5.1906 -6.7058 18.1170 14 9 21
-4.8019 -6.7058 18.1170 11 2 9
-4.1682 -6.3334 17.1110 13 7 13
-3.9097 -6.5144 17.6000 7 3 6
-3.6657 -6.7058 18.1170 16 14 21
-3.1835 -6.5144 17.6000 20 7 11
-2.8883 -6.7058 18.1170 17 11 13
-3.1476 -8.4443 22.8140 22 16 22
-2.5632 -8.1427 21.9990 19 15 20
-1.8615 -7.1248 19.2490 17 11 15
-1.5984 -7.8621 21.2410 22 16 22
-1.2273 -8.4443 22.8140 9 11 17
-0.6426 -7.3546 19.8700 11 36 70
-0.2579 -8.7693 23.6920 17 41 80
0.4994 -20.7273 55.9990 34 49 77
5.0225 -22.7997 61.5980 83 89 89
12.7785 -17.5382 47.3830 22 20 34
14.3167 -13.4116 36.2340 24 23 23
7.5470 -6.7058 18.1170 12 19 25
5.8435 -4.9565 13.3910 17 6 12
7.8340 -6.3334 17.1110 15 6 13
11.8092 -9.1198 24.6390 22 12 12
8.8131 -6.5144 17.6000 18 6 19
7.1484 -5.0668 13.6890 7 7 27
-2.5754 -1.8454 5.0080 68 79 90
-2.4286 -1.8159 4.9280 67 81 83
-2.4605 -1.9235 5.2200 59 70 70
-2.6144 -2.1413 5.8110 22 27 17
-3.0808 -2.6395 7.1630 27 26 28
-5.1370 -4.6323 12.5710 9 4 14
-5.8170 -5.5362 15.0240 12 7 17
-5.7763 -5.8199 15.7940 18 4 15
-6.6269 -7.0930 19.2490 17 6 10
-5.5519 -6.3052 17.1110 21 12 17
-5.0445 -6.1346 16.6480 19 9 19
-5.2555 -6.8782 18.6660 16 5 22
-4.5778 -6.4854 17.6000 14 5 10
-4.0834 -6.3052 17.1110 10 4 10
-3.8516 -6.4854 17.6000 10 4 8
-3.4740 -6.4854 17.6000 17 8 13
-3.0963 -6.4854 17.6000 19 10 15
-2.7986 -6.6759 18.1170 21 13 12
-3.1515 -8.7302 23.6920 24 18 24
-2.4906 -8.1064 21.9990 15 15 17
-1.7662 -7.0930 19.2490 17 8 11
-1.4933 -7.8270 21.2410 21 14 23
-1.0375 -7.8270 21.2410 14 19 26
-0.5818 -7.8270 21.2410 7 36 73
-0.2124 -10.3173 27.9990 8 38 72
4.1076 -22.6981 61.5980 27 26 35
14.3627 -20.6349 55.9990 19 24 40
23.5251 -22.6981 61.5980 15 14 25
11.2939 -10.3173 27.9990 18 21 22
6.6836 -5.8199 15.7940 13 8 18
6.2248 -5.1588 14.0000 3 5 15
9.2611 -7.3218 19.8700 19 11 29
11.5508 -8.7302 23.6920 21 5 10
8.2508 -5.9732 16.2100 19 14 22
7.2388 -5.0442 13.6890 13 12 14
-2.4936 -1.8078 4.9280 59 60 73
-2.4073 -1.8224 4.9680 61 71 74
-2.4804 -1.9648 5.3560 65 68 71
-2.6159 -2.1728 5.9230 68 76 63
-3.2891 -2.8602 7.7970 10 9 16
-5.6054 -5.1357 14.0000 14 7 16
-5.5574 -5.3800 14.6660 8 3 15
-6.2916 -6.4563 17.6000 11 1 11
-6.4680 -7.0613 19.2490 13 9 12
-5.4107 -6.2770 17.1110 23 14 21
-5.3401 -6.6460 18.1170 17 15 24
-5.2608 -7.0613 19.2490 10 3 14
-4.4325 -6.4563 17.6000 12 3 8
-4.0549 -6.4563 17.6000 12 7 15
-3.8152 -6.6460 18.1170 9 5 10
-3.3287 -6.4563 17.6000 19 10 13
-2.9511 -6.4563 17.6000 19 10 13
-3.1059 -7.7920 21.2410 14 8 12
-2.9559 -8.6911 23.6920 16 13 10
-2.1552 -7.5323 20.5330 11 7 10
-1.6074 -7.0613 19.2490 22 19 16
-1.3180 -7.7920 21.2410 15 17 25
-0.8930 -8.0701 21.9990 1 5 30
-0.4534 -8.6911 23.6920 7 34 76
0.0241 -13.2920 36.2340 10 39 76
4.6159 -22.5964 61.5980 46 45 54
13.7587 -18.8305 51.3320 21 23 33
12.3217 -11.2982 30.7990 20 21 17
6.8329 -5.9464 16.2100 8 10 18
6.1786 -5.1357 14.0000 3 2 11
8.9081 -7.0613 19.2490 19 12 23
11.4726 -8.6911 23.6920 20 8 8
8.6529 -6.2770 17.1110 6 4 15
7.1936 -5.0216 13.6890 16 9 18
-2.5099 -1.7996 4.9280 85 87 97
-2.3851 -1.7854 4.8890 68 64 67
-2.4981 -1.9559 5.3560 57 65 66
-2.5856 -2.1221 5.8110 8 3 0
-3.1550 -2.7101 7.4210 36 44 45
-5.4058 -4.8902 13.3910 9 4 14
-5.6058 -5.3558 14.6660 12 7 19
-6.1732 -6.2487 17.1110 16 9 18
-6.7423 -7.2563 19.8700 19 13 15
-5.6235 -6.4273 17.6000 22 11 15
-5.5636 -6.8166 18.6660 20 13 22
-5.3244 -7.0295 19.2490 11 5 20
-4.4906 -6.4273 17.6000 14 5 10
-4.1130 -6.4273 17.6000 14 12 19
-3.8750 -6.6161 18.1170 9 8 12
-3.3868 -6.4273 17.6000 21 13 12
-2.9256 -6.2487 17.1110 12 8 13
-2.8781 -7.0295 19.2490 17 8 13
-3.1554 -8.9978 24.6390 14 13 15
-2.2229 -7.4984 20.5330 11 11 13
-1.6709 -7.0295 19.2490 20 15 13
-1.2985 -7.2563 19.8700 10 12 20
-0.9324 -7.7569 21.2410 5 9 21
-0.5316 -8.6520 23.6920 9 36 76
-0.0955 -13.2322 36.2340 11 38 78
4.6159 -22.4948 61.5980 66 68 76
21.7565 -20.4501 55.9990 20 25 30
9.7130 -8.6520 23.6920 16 16 18
6.0400 -5.1126 14.0000 16 10 14
7.1267 -5.7678 15.7940 25 13 24
10.3986 -8.0337 21.9990 22 5 17
10.4961 -7.7569 21.2410 31 18 26
7.5618 -5.3558 14.6660 23 12 20
-2.5384 -1.7773 4.8890 61 82 90
-2.4416 -1.7773 4.8890 60 71 80
-2.4132 -1.8355 5.0490 66 72 83
-2.5107 -1.9995 5.5000 68 77 68
-2.7068 -2.2619 6.2220 41 51 54
-3.8025 -3.3424 9.1940 15 8 17
-5.6410 -5.2077 14.3250 13 8 16
-5.7339 -5.5985 15.4000 11 2 9
-6.5494 -6.7858 18.6660 16 9 18
-6.1489 -6.7858 18.6660 17 6 12
-5.5793 -6.5862 18.1170 22 12 22
-5.5467 -6.9977 19.2490 12 10 21
-4.9783 -6.7858 18.6660 12 2 12
-4.3163 -6.3982 17.6000 14 5 10
-4.0544 -6.5862 18.1170 6 2 7
-3.6657 -6.5862 18.1170 12 11 15
-3.2125 -6.3982 17.6000 22 13 18
-2.8349 -6.3982 17.6000 20 15 13
-3.1853 -8.2937 22.8140 20 16 19
-2.7995 -8.6129 23.6920 15 11 14
-1.8615 -6.9977 19.2490 24 18 20
-1.4803 -6.9977 19.2490 24 16 15
-1.1385 -7.4645 20.5330 14 16 24
-0.7478 -7.9974 21.9990 7 19 51
-0.3861 -11.1966 30.7990 10 34 73
16.0021 -22.3931 61.5980 22 16 31
15.2116 -13.9958 38.4990 38 38 38
8.0186 -6.9977 19.2490 9 14 21
6.2747 -5.2077 14.3250 19 13 19
8.5767 -6.7858 18.6660 18 7 11
10.9721 -8.2937 22.8140 16 5 9
9.6388 -6.9977 19.2490 16 12 17
7.1484 -4.9765 13.6890 19 9 21
-2.4862 -1.7551 4.8500 76 86 93
-2.3821 -1.7551 4.8500 89 84 94
-2.4817 -1.9053 5.2650 55 66 66
-2.4965 -2.0081 5.5490 50 51 45
-2.8076 -2.3714 6.5530 40 60 73
-3.9173 -3.4832 9.6250 16 11 21
-5.5227 -5.1840 14.3250 12 5 14
-5.7763 -5.7156 15.7940 14 5 12
-6.6269 -6.9660 19.2490 17 6 12
-6.0257 -6.7550 18.6660 27 14 18
-5.8009 -6.9660 19.2490 20 6 17
-5.5617 -7.1907 19.8700 9 5 24
-4.5778 -6.3692 17.6000 7 1 7
-4.3235 -6.5563 18.1170 16 7 14
-4.0540 -6.7550 18.6660 12 8 13
-3.5461 -6.5563 18.1170 23 19 20
-2.9821 -6.1922 17.1110 19 13 19
-2.7986 -6.5563 18.1170 26 22 27
-3.4140 -9.2882 25.6660 12 10 17
-2.3697 -7.6868 21.2410 11 11 15
-1.7345 -6.9660 19.2490 16 5 9
-1.3215 -6.9660 19.2490 17 16 20
-0.9402 -6.9660 19.2490 14 20 22
-0.6489 -8.5738 23.6920 0 19 50
-0.2285 -13.9323 38.4990 9 28 73
16.2259 -14.8612 41.0660 63 69 69
8.2773 -7.1907 19.8700 18 20 26
6.5561 -5.4370 15.0240 12 5 14
8.2946 -6.5563 18.1170 16 7 12
10.9345 -8.2561 22.8140 25 14 18
9.6388 -6.9660 19.2490 12 8 11
7.3108 -5.0664 14.0000 18 8 18
-2.5142 -1.7612 4.8890 66 67 80
-2.3901 -1.7471 4.8500 49 54 72
-2.4817 -1.8966 5.2650 79 89 92
-2.4965 -1.9990 5.5490 52 53 49
-2.8076 -2.3606 6.5530 39 49 67
-3.7018 -3.2634 9.0590 9 4 14
-5.4206 -5.0433 14.0000 13 8 16
-5.7763 -5.6896 15.7940 9 3 9
-6.6269 -6.9342 19.2490 16 5 11
-6.0257 -6.7242 18.6660 31 13 19
-5.8327 -6.9342 19.2490 20 8 19
-5.4197 -6.9342 19.2490 7 4 20
-4.5778 -6.3402 17.6000 10 4 10
-4.3235 -6.5264 18.1170 9 3 9
-4.0540 -6.7242 18.6660 8 4 9
-3.5760 -6.5264 18.1170 20 20 16
-3.0103 -6.1640 17.1110 22 18 21
-2.7986 -6.5264 18.1170 25 21 26
-3.4140 -9.2458 25.6660 14 9 17
-2.3697 -7.6518 21.2410 10 9 13
-1.7127 -6.7242 18.6660 19 8 14
-1.2737 -6.5264 18.1170 16 16 18
-0.9118 -6.7242 18.6660 30 33 36
-0.6489 -8.5347 23.6920 0 15 47
-0.3047 -18.4916 51.3320 18 37 80
16.2936 -14.7935 41.0660 82 86 81
7.8065 -6.7242 18.6660 19 19 23
6.6057 -5.4122 15.0240 9 8 17
8.6075 -6.7242 18.6660 21 3 9
10.2507 -7.6518 21.2410 12 5 14
9.1019 -6.5264 18.1170 13 6 19
7.1710 -4.9313 13.6890 20 8 19
-2.4782 -1.7391 4.8500 84 82 89
-2.3741 -1.7391 4.8500 68 77 89
-2.4941 -1.9041 5.3100 60 70 73
-2.4873 -1.9898 5.5490 51 60 70
-2.6828 -2.2541 6.2860 45 44 69
-3.7267 -3.2968 9.1940 13 6 17
-5.2550 -4.9087 13.6890 8 3 15
-5.7502 -5.6635 15.7940 12 6 12
-6.2073 -6.4965 18.1170 21 8 12
-5.8186 -6.4965 18.1170 31 10 17
-5.7691 -6.9024 19.2490 19 12 25
-5.1939 -6.6934 18.6660 11 8 24
-4.5487 -6.3111 17.6000 12 6 12
-4.2936 -6.4965 18.1170 11 6 14
-4.1489 -6.9024 19.2490 10 4 10
-3.4159 -6.3111 17.6000 16 15 15
-2.9538 -6.1358 17.1110 9 5 10
-2.9417 -6.9024 19.2490 12 11 15
-3.3717 -9.2035 25.6660 18 14 17
-2.3346 -7.6167 21.2410 13 9 12
-1.6511 -6.6934 18.6660 18 14 15
-1.2139 -6.4965 18.1170 20 19 21
-0.9085 -6.9024 19.2490 15 18 21
-0.6606 -9.2035 25.6660 0 11 51
-0.2399 -20.0805 55.9990 20 37 82
10.9356 -9.6037 26.7820 51 75 77
6.9667 -5.8127 16.2100 22 16 20
7.6928 -6.1358 17.1110 16 10 14
9.0670 -6.9024 19.2490 16 9 22
9.7858 -7.1251 19.8700 19 12 21
7.9148 -5.5222 15.4000 21 17 22
-2.4871 -1.7044 4.7750 54 67 78
-2.4301 -1.7311 4.8500 57 63 76
-2.4019 -1.7875 5.0080 64 69 78
-2.5198 -1.9631 5.5000 52 64 68
-2.5376 -2.0742 5.8110 35 51 59
-2.9067 -2.4986 7.0000 64 57 68
-4.1995 -3.7907 10.6200 7 5 14
-5.4848 -5.2348 14.6660 11 2 9
-6.2044 -6.2821 17.6000 15 6 11
-6.1797 -6.6626 18.6660 21 12 17
-5.7792 -6.6626 18.6660 21 17 22
-5.5785 -6.8707 19.2490 22 15 24
-4.8617 -6.4666 18.1170 10 3 12
-4.3454 -6.2821 17.6000 15 9 15
-4.2081 -6.6626 18.6660 4 3 10
-3.9265 -6.8707 19.2490 14 8 14
-3.2416 -6.2821 17.6000 15 9 15
-2.8640 -6.2821 17.6000 20 15 13
-3.4807 -8.7945 24.6390 10 9 13
-2.8386 -8.4565 23.6920 15 6 9
-1.8933 -6.8707 19.2490 15 11 14
-1.4232 -6.4666 18.1170 16 11 9
-1.0344 -6.4666 18.1170 18 21 20
-0.7319 -7.3290 20.5330 8 11 30
-0.5462 -13.7417 38.4990 0 22 62
14.4961 -12.9332 36.2340 82 89 95
8.3429 -7.0923 19.8700 15 14 25
7.5516 -6.1075 17.1110 16 14 21
8.6383 -6.6626 18.6660 18 8 20
9.9429 -7.3290 20.5330 9 6 25
8.6529 -6.1075 17.1110 21 14 34
7.1936 -4.8861 13.6890 16 6 16
-2.4508 -1.7096 4.8120 93 92 103
-2.3661 -1.7231 4.8500 66 76 92
-2.5200 -1.9196 5.4030 69 77 78
-2.4782 -1.9715 5.5490 83 79 100
-2.6997 -2.2561 6.3500 30 33 50
-3.3603 -2.9574 8.3240 46 49 66
-5.0095 -4.6564 13.1060 13 7 22
-5.5559 -5.4714 15.4000 16 9 18
-6.1774 -6.4367 18.1170 18 7 13
-5.7887 -6.4367 18.1170 22 6 15
-5.7373 -6.8389 19.2490 16 9 22
-5.0112 -6.4367 18.1170 9 6 20
-4.4906 -6.2530 17.6000 10 3 12
-4.2637 -6.4367 18.1170 11 6 14
-4.2500 -7.0595 19.8700 14 7 16
-3.3868 -6.2530 17.6000 10 9 11
-2.9256 -6.0793 17.1110 14 7 16
-3.1760 -7.5466 21.2410 17 16 20
-3.4741 -9.5153 26.7820 13 13 13
-2.2229 -7.2951 20.5330 16 15 17
-1.6203 -6.6318 18.6660 19 13 15
-1.1502 -6.2530 17.6000 21 21 17
-0.8193 -6.6318 18.6660 23 23 27
-0.6183 -9.1188 25.6660 11 23 57
21.9413 -19.8956 55.9990 46 48 56
9.4284 -8.1055 22.8140 9 14 19
7.2373 -5.9148 16.6480 22 11 19
8.2647 -6.4367 18.1170 20 16 19
8.8848 -6.6318 18.6660 11 6 16
9.2853 -6.6318 18.6660 15 9 15
7.6102 -5.2106 14.6660 21 11 21
-2.4635 -1.6886 4.7750 67 84 98
-2.3981 -1.7151 4.8500 48 63 78
-2.4568 -1.8304 5.1760 57 59 69
-2.5148 -1.9623 5.5490 77 76 87
-2.5818 -2.1147 5.9800 63 65 75
-2.9389 -2.5331 7.1630 66 64 78
-4.0594 -3.6920 10.4400 12 10 19
-5.1664 -4.9509 14.0000 15 6 13
-5.7864 -5.8873 16.6480 17 6 12
-5.7397 -6.2240 17.6000 20 4 9
-5.6868 -6.6010 18.6660 23 17 23
-5.1308 -6.4068 18.1170 11 8 22
-4.6359 -6.2240 17.6000 8 3 11
-4.3833 -6.4068 18.1170 13 9 14
-4.3811 -7.0267 19.8700 9 3 9
-3.6059 -6.4068 18.1170 19 10 15
-3.1254 -6.2240 17.6000 13 11 18
-2.9450 -6.6010 18.6660 15 15 17
-3.8168 -9.9014 27.9990 19 14 22
-2.6205 -8.0678 22.8140 16 7 12
-1.7435 -6.6010 18.6660 17 11 15
-1.2664 -6.2240 17.6000 13 12 19
-0.9178 -6.2240 17.6000 20 23 26
-0.6752 -7.7796 21.9990 3 12 33
-0.4741 -18.1528 51.3320 14 30 78
11.4788 -9.9014 27.9990 18 57 77
7.5931 -6.2240 17.6000 14 8 14
7.9417 -6.2240 17.6000 12 8 11
8.8232 -6.6010 18.6660 14 7 18
9.5117 -6.8071 19.2490 10 3 12
7.9402 -5.4460 15.4000 15 9 13
-2.4600 -1.6677 4.7380 66 83 95
-2.4221 -1.7071 4.8500 39 55 65
-2.3936 -1.7627 5.0080 68 68 70
-2.5331 -1.9532 5.5490 69 68 79
-2.5768 -2.0848 5.9230 56 58 68
-2.8108 -2.3826 6.7690 14 17 34
-3.7319 -3.3358 9.4770 3 2 9
-4.9858 -4.7134 13.3910 15 3 14
-5.6877 -5.7057 16.2100 16 5 11
-5.7977 -6.1949 17.6000 20 14 16
-5.6092 -6.3769 18.1170 13 7 13
-5.2205 -6.3769 18.1170 15 11 16
-4.6939 -6.1949 17.6000 7 2 10
-4.4431 -6.3769 18.1170 11 7 12
-4.3077 -6.7754 19.2490 8 4 9
-3.9265 -6.7754 19.2490 15 6 11
-3.2125 -6.1949 17.6000 23 16 25
-2.9182 -6.3769 18.1170 16 16 16
-3.7393 -9.4269 26.7820 11 10 14
-2.7995 -8.3392 23.6920 19 10 15
-1.8360 -6.5702 18.6660 11 10 14
-1.3933 -6.3769 18.1170 21 17 18
-0.9759 -6.1949 17.6000 16 16 18
-0.7220 -7.4765 21.2410 13 14 29
-0.4543 -12.7538 36.2340 17 41 80
11.9773 -10.3248 29.3330 113 135 147
8.0222 -6.5702 18.6660 16 10 16
7.9417 -6.1949 17.6000 13 7 11
8.3193 -6.1949 17.6000 16 11 21
8.9524 -6.3769 18.1170 15 5 17
8.1173 -5.5593 15.7940 11 10 10
-2.4871 -1.6728 4.7750 67 84 96
-2.4221 -1.6991 4.8500 51 61 68
-2.4132 -1.7688 5.0490 46 35 41
-2.5331 -1.9440 5.5490 68 67 78
-2.5376 -2.0358 5.8110 64 74 79
-2.7501 -2.3203 6.6230 18 23 43
-3.3227 -2.9561 8.4380 27 33 31
-4.6805 -4.4041 12.5710 12 2 12
-5.5417 -5.5332 15.7940 18 9 14
-5.5116 -5.8324 16.6480 16 12 15
-5.4492 -6.1659 17.6000 16 7 14
-5.0716 -6.1659 17.6000 12 8 13
-4.5635 -5.9946 17.1110 7 2 10
-4.4431 -6.3470 18.1170 11 7 12
-4.3395 -6.7436 19.2490 7 6 10
-3.9265 -6.7436 19.2490 21 12 15
-3.2125 -6.1659 17.6000 26 21 29
-3.0066 -6.5393 18.6660 16 16 16
-3.7393 -9.3827 26.7820 18 17 19
-2.7334 -7.9925 22.8140 18 9 14
-1.8360 -6.5393 18.6660 16 15 19
-1.3933 -6.3470 18.1170 21 17 18
-0.9759 -6.1659 17.6000 17 16 18
-0.7220 -7.4415 21.2410 10 11 24
-0.5141 -12.6940 36.2340 9 39 73
11.9773 -10.2764 29.3330 141 160 162
8.0222 -6.5393 18.6660 16 7 14
8.1750 -6.3470 18.1170 14 10 13
8.0881 -5.9946 17.1110 13 8 18
8.6679 -6.1659 17.6000 15 10 18
8.1173 -5.5332 15.7940 12 11 11
-2.4871 -1.6650 4.7750 75 93 102
-2.4221 -1.6911 4.8500 53 63 68
-2.4132 -1.7605 5.0490 53 36 38
-2.5198 -1.9178 5.5000 82 87 96
-2.5376 -2.0262 5.8110 45 52 56
-2.7211 -2.2849 6.5530 6 11 27
-3.1097 -2.7536 7.8970 47 54 48
-4.4970 -4.2114 12.0780 12 2 12
-5.2963 -5.2386 15.0240 9 3 7
-5.5116 -5.8049 16.6480 14 10 15
-5.2978 -5.9663 17.1110 14 8 14
-4.7972 -5.8049 16.6480 12 5 14
-4.5918 -5.9663 17.1110 8 1 12
-4.4730 -6.3171 18.1170 14 9 17
-4.3395 -6.7118 19.2490 7 6 10
-3.9265 -6.7118 19.2490 18 9 12
-3.2125 -6.1368 17.6000 21 16 24
-3.0374 -6.5085 18.6660 14 13 15
-3.9554 -9.7628 27.9990 16 15 17
-2.7334 -7.9549 22.8140 19 13 15
-1.8360 -6.5085 18.6660 19 15 20
-1.3933 -6.3171 18.1170 20 16 17
-1.0049 -6.1368 17.6000 20 19 21
-0.7082 -6.9284 19.8700 15 14 25
-0.4855 -11.9323 34.2210 8 38 72
13.8602 -11.9323 34.2210 232 255 249
8.4741 -6.9284 19.8700 16 12 15
8.3303 -6.5085 18.6660 14 10 13
8.0034 -5.9663 17.1110 14 8 14
8.3705 -5.9663 17.1110 11 10 19
8.5012 -5.8049 16.6480 14 10 11
-2.5223 -1.6699 4.8120 65 90 95
-2.4270 -1.6699 4.8120 62 80 87
-2.3798 -1.7102 4.9280 31 24 33
-2.5154 -1.8917 5.4510 61 78 90
-2.5568 -2.0166 5.8110 50 66 74
-2.6854 -2.2266 6.4160 50 55 64
-2.9239 -2.5448 7.3330 53 60 66
-4.0773 -3.7504 10.8070 5 3 12
-5.2185 -5.0896 14.6660 11 7 12
-5.5666 -5.7774 16.6480 14 7 16
-5.3543 -5.9381 17.1110 19 12 21
-5.0154 -5.9381 17.1110 24 11 19
-4.5225 -5.7774 16.6480 7 5 12
-4.4035 -6.1078 17.6000 8 1 10
-4.4031 -6.6801 19.2490 7 6 10
-3.9901 -6.6801 19.2490 17 11 13
-3.2997 -6.1078 17.6000 13 9 14
-3.0990 -6.4777 18.6660 13 12 14
-3.7105 -8.9070 25.6660 7 6 8
-2.9168 -8.2219 23.6920 18 15 12
-1.8976 -6.4777 18.6660 13 12 21
-1.4830 -6.2872 18.1170 16 10 12
-1.0630 -6.1078 17.6000 17 16 18
-0.7738 -6.8956 19.8700 16 14 23
-0.4897 -9.7166 27.9990 11 29 63
17.6752 -15.2692 43.9990 141 170 171
9.2731 -7.6344 21.9990 13 13 15
8.2686 -6.4777 18.6660 18 10 9
7.7319 -5.7774 16.6480 13 9 12
8.0891 -5.7774 16.6480 13 6 19
8.6812 -5.9381 17.1110 22 12 24
7.3801 -4.8585 14.0000 16 6 16
-2.4429 -1.6620 4.8120 74 86 88
-2.3771 -1.6886 4.8890 31 29 36
-2.4892 -1.8499 5.3560 44 64 77
-2.5051 -1.9518 5.6510 55 68 77
-2.6621 -2.1711 6.2860 54 64 71
-2.7214 -2.3379 6.7690 36 42 53
-3.3974 -3.0832 8.9270 12 11 22
-5.0278 -4.8354 14.0000 12 10 17
-5.4736 -5.5987 16.2100 17 11 17
-5.1526 -5.5987 16.2100 24 8 17
-4.9346 -5.7500 16.6480 20 14 20
-4.4570 -5.5987 16.2100 8 7 14
-4.2202 -5.7500 16.6480 9 4 12
-4.3621 -6.4469 18.6660 6 4 13
-4.2172 -6.8628 19.8700 10 4 10
-3.3578 -6.0788 17.6000 15 9 13
-3.1607 -6.4469 18.6660 13 9 12
-3.7953 -8.8646 25.6660 15 11 14
-3.1554 -8.5099 24.6390 20 17 14
-1.9900 -6.4469 18.6660 12 10 17
-1.5428 -6.2573 18.1170 16 12 15
-1.1541 -6.2573 18.1170 11 14 17
-0.8132 -6.6483 19.2490 14 16 22
-0.5529 -8.5099 24.6390 3 9 40
24.2367 -21.2750 61.5980 21 15 21
11.6174 -9.6704 27.9990 0 15 23
8.6708 -6.8628 19.8700 19 8 16
7.8340 -5.9099 17.1110 18 14 15
7.5438 -5.4550 15.7940 14 4 16
8.7840 -6.0788 17.6000 22 5 19
7.8207 -5.1891 15.0240 19 3 8
-2.4556 -1.6413 4.7750 69 80 80
-2.4093 -1.6805 4.8890 27 22 32
-2.4483 -1.7792 5.1760 35 31 32
-2.4835 -1.8905 5.5000 60 69 81
-2.6494 -2.1174 6.1600 58 63 70
-2.6778 -2.2525 6.5530 42 44 52
-2.9445 -2.6141 7.6050 56 63 57
-3.8354 -3.5886 10.4400 14 4 14
-5.1971 -5.1643 15.0240 7 3 6
-5.2596 -5.5719 16.2100 15 11 12
-5.0445 -5.7225 16.6480 15 6 13
-4.5640 -5.5719 16.2100 6 4 15
-4.3576 -5.7225 16.6480 12 8 13
-4.3534 -6.2274 18.1170 9 2 13
-4.3483 -6.8300 19.8700 15 6 13
-3.5760 -6.2274 18.1170 14 10 13
-3.1873 -6.2274 18.1170 17 15 26
-3.5618 -7.8419 22.8140 12 8 9
-3.4564 -8.8223 25.6660 17 12 10
-2.2495 -6.8300 19.8700 16 10 16
-1.6624 -6.2274 18.1170 18 9 14
-1.2737 -6.2274 18.1170 10 10 10
-0.9148 -6.2274 18.1170 19 10 17
-0.6625 -7.8419 22.8140 10 12 20
-0.3338 -15.1239 43.9990 18 43 77
13.2377 -11.1439 32.4200 21 30 65
9.1289 -7.3013 21.2410 17 11 13
8.3919 -6.4161 18.6660 22 9 15
7.6355 -5.5719 16.2100 15 8 17
8.4270 -5.8816 17.1110 20 14 20
8.5562 -5.7225 16.6480 15 9 13
-2.5064 -1.6461 4.8120 71 82 93
-2.4301 -1.6591 4.8500 26 17 24
-2.4215 -1.7272 5.0490 36 21 20
-2.4754 -1.8483 5.4030 73 71 87
-2.5376 -1.9878 5.8110 76 87 87
-2.6924 -2.2181 6.4840 60 62 72
-2.6767 -2.3156 6.7690 45 28 42
-3.5442 -3.2419 9.4770 13 8 18
-4.9353 -4.7892 14.0000 11 6 14
-5.2289 -5.4029 15.7940 16 11 19
-5.0188 -5.5452 16.2100 19 10 17
-4.6978 -5.5452 16.2100 20 13 26
-4.2384 -5.4029 15.7940 12 6 12
-4.3454 -6.0207 17.6000 12 7 15
-4.3395 -6.5848 19.2490 9 5 10
-3.9583 -6.5848 19.2490 15 6 9
-3.2416 -6.0207 17.6000 9 4 14
-3.3412 -7.0240 20.5330 27 22 18
-3.6258 -8.7799 25.6660 17 8 11
-2.4601 -7.0240 20.5330 21 12 15
-1.8119 -6.1975 18.1170 12 11 18
-1.4232 -6.1975 18.1170 16 10 12
-1.0658 -6.3853 18.6660 15 11 14
-0.7319 -7.0240 20.5330 22 13 20
-0.4600 -11.0903 32.4200 13 38 72
20.2821 -17.5598 51.3320 41 43 49
11.1566 -9.1617 26.7820 8 11 14
8.9940 -7.0240 20.5330 24 13 19
8.0869 -6.0207 17.6000 13 7 9
7.5959 -5.4029 15.7940 19 9 21
8.8131 -6.0207 17.6000 22 10 23
7.8455 -5.1395 15.0240 25 11 22
-2.4477 -1.6256 4.7750 89 97 94
-2.4204 -1.6777 4.9280 51 51 55
-2.4730 -1.7924 5.2650 23 37 39
-2.4744 -1.8724 5.5000 53 58 74
-2.6658 -2.1182 6.2220 73 75 83
-2.6389 -2.2074 6.4840 53 61 62
-2.7296 -2.4103 7.0800 57 65 64
-3.8665 -3.6154 10.6200 11 1 11
-4.6101 -4.5587 13.3910 11 6 14
-4.9714 -5.2427 15.4000 22 13 20
-4.8851 -5.5184 16.2100 22 9 17
-4.4208 -5.3768 15.7940 8 3 15
-4.1895 -5.5184 16.2100 6 2 7
-4.3235 -6.1676 18.1170 12 5 16
-4.3155 -6.7644 19.8700 11 2 9
-3.5461 -6.1676 18.1170 12 8 11
-3.2531 -6.3545 18.6660 15 10 18
-3.6207 -8.0655 23.6920 16 10 14
-3.2774 -8.3879 24.6390 19 11 10
-2.1475 -6.5530 19.2490 6 5 9
-1.6325 -6.1676 18.1170 17 8 15
-1.2814 -6.3545 18.6660 13 16 17
-0.9378 -6.7644 19.8700 14 13 17
-0.6026 -7.4892 21.9990 15 14 21
-0.3324 -19.0639 55.9990 18 36 74
18.5654 -16.1308 47.3830 17 16 23
11.5712 -9.5318 27.9990 32 37 44
9.5636 -7.4892 21.9990 22 11 28
8.2348 -6.1676 18.1170 18 7 13
7.5177 -5.3768 15.7940 15 11 16
8.7550 -5.9916 17.6000 17 7 19
8.4113 -5.5184 16.2100 24 12 23
-2.4635 -1.6177 4.7750 105 108 109
-2.4061 -1.6431 4.8500 32 33 48
-2.4568 -1.7535 5.1760 19 20 16
-2.4704 -1.8467 5.4510 54 53 64
-2.6073 -2.0459 6.0390 92 96 108
-2.6603 -2.1967 6.4840 65 75 78
-2.5588 -2.2200 6.5530 30 29 33
-3.5519 -3.2608 9.6250 17 8 15
-4.4604 -4.3476 12.8330 12 7 15
-5.0222 -5.2173 15.4000 12 11 15
-4.8118 -5.3507 15.7940 22 6 15
-4.4990 -5.3507 15.7940 16 10 16
-4.1602 -5.3507 15.7940 9 3 9
-4.3833 -6.1377 18.1170 7 5 12
-4.3811 -6.7316 19.8700 12 3 8
-3.6059 -6.1377 18.1170 13 9 14
-3.3455 -6.3237 18.6660 10 2 18
-3.5995 -7.7290 22.8140 13 8 4
-3.2297 -8.0264 23.6920 16 10 12
-2.2110 -6.5212 19.2490 17 11 15
-1.7222 -6.1377 18.1170 16 10 16
-1.3335 -6.1377 18.1170 19 18 18
-1.0038 -6.5212 19.2490 20 16 21
-0.6752 -7.4529 21.9990 22 18 23
-0.4064 -14.9061 43.9990 10 33 70
10.1113 -18.9715 55.9990 15 20 27
23.2201 -20.8684 61.5980 18 16 30
16.3614 -13.9125 41.0660 22 31 43
10.7765 -8.6952 25.6660 21 17 20
9.3743 -7.1961 21.2410 33 11 13
7.8905 -5.7969 17.1110 21 12 17
7.6220 -5.3507 15.7940 19 9 23
8.8712 -5.9626 17.6000 12 5 16
8.0927 -5.2173 15.4000 16 4 15
-2.4508 -1.6223 4.8120 83 91 88
-2.4319 -1.6749 4.9680 19 31 33
-2.4643 -1.7750 5.2650 13 37 37
-2.4782 -1.8708 5.5490 77 60 72
-2.6997 -2.1408 6.3500 62 61 63
-2.5901 -2.1630 6.4160 57 68 68
-2.6872 -2.3599 7.0000 35 48 47
-3.5438 -3.2965 9.7780 11 2 7
-4.2008 -4.1535 12.3200 13 9 14
-4.9205 -5.1918 15.4000 20 8 19
-4.8315 -5.4649 16.2100 16 12 17
-4.3948 -5.3247 15.7940 9 2 13
-4.1627 -5.4649 16.2100 5 3 10
-4.2637 -6.1078 18.1170 13 11 22
-4.2500 -6.6988 19.8700 10 3 12
-3.4863 -6.1078 18.1170 15 9 15
-3.4301 -6.6988 19.8700 16 9 20
-3.7247 -8.3066 24.6390 20 16 21
-2.5775 -6.6988 19.8700 21 15 17
-1.9614 -6.1078 18.1170 18 17 19
-1.5727 -6.1078 18.1170 21 16 24
-1.2897 -6.4895 19.2490 15 15 17
-0.9352 -6.9223 20.5330 20 19 21
-0.5935 -8.3066 24.6390 7 9 17
2.5826 -20.7667 61.5980 12 11 20
10.5734 -18.8791 55.9990 29 29 31
19.3502 -17.3057 51.3320 19 18 29
14.4363 -12.2157 36.2340 21 26 33
10.7765 -8.6529 25.6660 18 17 19
9.3743 -7.1610 21.2410 29 12 12
7.7044 -5.6126 16.6480 17 11 15
7.8228 -5.4649 16.2100 17 9 25
9.1318 -6.1078 18.1170 10 3 14
8.2997 -5.3247 15.7940 13 1 12
-2.4508 -1.6143 4.8120 86 92 90
-2.4432 -1.6801 5.0080 65 60 68
-2.4643 -1.7663 5.2650 9 31 32
-2.4782 -1.8616 5.5490 68 53 54
-2.6724 -2.1088 6.2860 62 61 68
-2.5634 -2.1303 6.3500 59 72 69
-2.5590 -2.2461 6.6950 26 33 39
-3.2354 -2.9949 8.9270 9 3 5
-3.7507 -3.6903 11.0000 13 9 12
-4.8004 -5.0403 15.0240 17 6 14
-4.8315 -5.4382 16.2100 11 7 12
-4.3687 -5.2986 15.7940 13 7 13
-4.1627 -5.4382 16.2100 8 4 9
-4.2637 -6.0779 18.1170 12 10 21
-4.2500 -6.6660 19.8700 9 2 11
-3.4863 -6.0779 18.1170 17 11 17
-3.4301 -6.6660 19.8700 13 6 17
-3.7247 -8.2660 24.6390 18 14 19
-2.5775 -6.6660 19.8700 12 8 9
-1.9614 -6.0779 18.1170 13 12 16
-1.5727 -6.0779 18.1170 21 16 24
-1.3757 -6.8885 20.5330 16 15 19
-1.0020 -7.3803 21.9990 23 22 24
-0.5935 -8.2660 24.6390 11 13 21
2.3793 -20.6651 61.5980 3 5 15
8.4774 -15.8962 47.3830 21 26 35
11.1279 -18.7867 55.9990 28 30 38
16.8038 -14.7609 43.9990 18 16 23
12.4234 -10.3325 30.7990 26 13 31
10.4672 -8.2660 24.6390 10 10 10
9.4794 -7.1260 21.2410 24 9 10
7.9752 -5.7404 17.1110 18 9 14
8.3423 -5.7404 17.1110 15 10 22
9.5009 -6.2621 18.6660 19 13 17
8.1689 -5.1664 15.4000 20 8 21
-2.4462 -1.6191 4.8500 82 80 87
-2.4465 -1.6855 5.0490 55 51 56
-2.4591 -1.7726 5.3100 19 33 37
-2.4957 -1.8865 5.6510 28 46 44
-2.7245 -2.1646 6.4840 60 61 74
-2.5320 -2.1198 6.3500 61 69 70
-2.6828 -2.3635 7.0800 37 39 45
-3.3878 -3.1637 9.4770 30 26 29
-3.9805 -3.9546 11.8460 16 11 21
-4.9682 -5.2725 15.7940 15 6 13
-4.8797 -5.5576 16.6480 16 11 19
-4.4302 -5.4114 16.2100 10 4 10
-4.3094 -5.7122 17.1110 10 8 15
-4.3005 -6.2313 18.6660 7 5 14
-4.0218 -6.4259 19.2490 13 6 15
-3.3966 -6.0480 18.1170 14 8 14
-3.4429 -6.8546 20.5330 19 15 20
-3.3359 -7.6161 22.8140 19 13 17
-2.3289 -6.2313 18.6660 17 8 11
-1.8717 -6.0480 18.1170 15 9 15
-1.5279 -6.2313 18.6660 17 16 16
-1.2741 -6.8546 20.5330 16 12 17
-0.8930 -7.3440 21.9990 19 18 22
-0.5126 -8.9407 26.7820 13 11 27
2.4403 -18.6943 55.9990 12 10 21
7.7993 -14.6883 43.9990 22 23 36
10.1158 -17.1363 51.3320 31 31 33
16.7312 -14.6883 43.9990 14 9 17
13.0237 -10.8228 32.4200 26 19 28
10.0258 -7.9092 23.6920 9 8 15
9.1296 -6.8546 20.5330 22 7 6
8.1740 -5.8754 17.6000 14 5 10
8.0891 -5.5576 16.6480 11 6 18
9.4701 -6.2313 18.6660 19 9 19
8.3519 -5.2725 15.7940 21 11 23
-2.4542 -1.6111 4.8500 74 74 78
-2.4549 -1.6772 5.0490 68 73 78
-2.4678 -1.7639 5.3100 15 27 33
-2.4825 -1.8602 5.6000 42 50 51
-2.6787 -2.1094 6.3500 62 66 78
-2.5424 -2.1094 6.3500 49 67 61
-2.5206 -2.2000 6.6230 31 34 37
-3.0723 -2.8418 8.5550 27 27 23
-3.4098 -3.3544 10.0980 21 27 29
-4.7508 -4.9907 15.0240 18 9 16
-4.9346 -5.5302 16.6480 12 10 19
-4.4570 -5.3847 16.2100 9 3 9
-4.2202 -5.5302 16.6480 6 4 11
-4.3313 -6.2005 18.6660 4 2 13
-4.0536 -6.3942 19.2490 9 2 11
-3.4564 -6.0181 18.1170 12 8 11
-3.5967 -7.0559 21.2410 23 17 23
-3.2530 -7.3077 21.9990 21 15 19
-2.2249 -5.8464 17.6000 19 10 15
-1.9016 -6.0181 18.1170 21 12 19
-1.6392 -6.3942 19.2490 18 14 19
-1.3530 -7.0559 21.2410 19 15 18
-0.9638 -7.5784 22.8140 18 17 21
-0.5336 -8.5258 25.6660 18 17 28
2.5327 -18.6019 55.9990 12 10 21
7.7993 -14.6157 43.9990 26 30 42
11.1279 -18.6019 55.9990 45 44 53
15.4803 -13.6414 41.0660 11 9 18
12.9167 -10.7693 32.4200 12 10 17
10.3453 -8.1846 24.6390 12 11 20
9.3392 -7.0559 21.2410 21 9 9
8.1160 -5.8464 17.6000 15 6 11
8.2576 -5.6840 17.1110 12 7 19
9.4085 -6.2005 18.6660 15 8 17
8.5184 -5.3847 16.2100 12 7 19
-2.4588 -1.5905 4.8120 80 83 84
-2.4515 -1.6553 5.0080 89 96 100
-2.4643 -1.7403 5.2650 15 16 29
-2.5009 -1.8510 5.6000 26 20 26
-2.6189 -2.0361 6.1600 61 60 69
-2.5739 -2.0989 6.3500 59 58 67
-2.4630 -2.1207 6.4160 41 49 46
-2.8258 -2.5772 7.7970 53 60 54
-3.0005 -2.9087 8.8000 52 65 62
-4.3738 -4.5247 13.6890 22 13 18
-4.8583 -5.3579 16.2100 13 8 16
-4.6324 -5.5027 16.6480 8 3 11
-4.2752 -5.5027 16.6480 7 0 9
-4.2637 -5.9882 18.1170 11 9 20
-4.2500 -6.5677 19.8700 10 8 17
-3.6228 -6.1697 18.6660 12 10 17
-3.5446 -6.7868 20.5330 18 9 16
-3.5816 -7.8310 23.6920 23 18 16
-2.3501 -5.9882 18.1170 11 10 12
-1.9614 -5.9882 18.1170 16 15 19
-1.7027 -6.3624 19.2490 14 9 17
-1.4739 -7.2714 21.9990 20 19 21
-1.0391 -7.5408 22.8140 21 17 18
-0.5935 -8.1440 24.6390 29 28 35
2.3479 -18.5095 55.9990 9 7 18
8.7603 -16.9669 51.3320 25 24 35
7.3962 -12.7251 38.4990 42 44 50
18.8419 -16.9669 51.3320 18 17 28
14.9574 -12.7251 38.4990 14 8 14
10.9798 -8.8523 26.7820 18 6 19
9.8049 -7.5408 22.8140 14 7 18
8.9660 -6.5677 19.8700 21 8 12
8.3193 -5.8174 17.6000 16 7 14
9.2237 -6.1697 18.6660 21 12 15
9.6241 -6.1697 18.6660 24 11 17
-2.5668 -1.6207 4.9280 92 76 85
-2.4416 -1.6079 4.8890 67 80 89
-2.4739 -1.7023 5.1760 72 68 69
-2.4665 -1.7769 5.4030 27 21 36
-2.5376 -1.9111 5.8110 24 44 55
-2.6368 -2.0884 6.3500 74 70 75
-2.4753 -2.0673 6.2860 68 68 68
-2.5769 -2.2762 6.9210 24 30 41
-2.9607 -2.7751 8.4380 39 37 51
-3.2892 -3.2674 9.9350 12 17 22
-4.8900 -5.1944 15.7940 18 9 12
-4.7972 -5.4752 16.6480 18 14 17
-4.4400 -5.4752 16.6480 6 4 11
-4.3163 -5.7883 17.6000 10 9 13
-4.2081 -6.1389 18.6660 6 2 7
-3.9265 -6.3306 19.2490 12 6 12
-3.5135 -6.3306 19.2490 20 16 19
-3.5435 -7.2351 21.9990 20 16 17
-2.6875 -6.3306 19.2490 16 13 10
-2.1087 -5.7883 17.6000 14 5 8
-1.8933 -6.3306 19.2490 11 10 12
-1.5791 -6.7529 20.5330 11 11 13
-1.3137 -7.7919 23.6920 23 14 17
-0.7755 -7.5031 22.8140 21 17 22
-0.4855 -11.2547 34.2210 22 26 51
2.9024 -18.4170 55.9990 9 13 25
6.8244 -12.6616 38.4990 26 33 37
10.2005 -16.8821 51.3320 34 33 40
15.2770 -13.5059 41.0660 17 15 26
12.7027 -10.6623 32.4200 9 8 12
10.1826 -8.1033 24.6390 14 9 17
9.2340 -6.9858 21.2410 15 6 13
8.5151 -6.1389 18.6660 20 14 18
8.6534 -5.9583 18.1170 17 10 23
9.2853 -6.1389 18.6660 16 7 10
9.4009 -5.9583 18.1170 14 9 17
-2.5223 -1.5998 4.8890 93 77 86
-2.4565 -1.6257 4.9680 67 92 87
-2.4483 -1.6937 5.1760 65 75 78
-2.4704 -1.7837 5.4510 24 14 26
-2.5572 -1.9382 5.9230 30 31 46
-2.5791 -2.0570 6.2860 69 69 65
-2.4442 -2.0570 6.2860 52 65 62
-2.5716 -2.2906 7.0000 33 40 46
-2.7100 -2.5514 7.7970 38 37 46
-3.4047 -3.4163 10.4400 20 16 19
-4.9386 -5.3044 16.2100 20 14 16
-4.8459 -5.5993 17.1110 17 11 15
-4.4788 -5.5993 17.1110 11 7 12
-4.2582 -5.7593 17.6000 7 3 8
-4.2442 -6.2989 19.2490 6 5 9
-3.8312 -6.2989 19.2490 10 9 13
-3.5285 -6.5021 19.8700 15 11 14
-3.5618 -7.4655 22.8140 25 17 16
-2.4697 -5.9285 18.1170 7 3 4
-2.0810 -5.9285 18.1170 14 5 10
-1.8560 -6.5021 19.8700 10 9 13
-1.5829 -7.1988 21.9990 16 15 17
-1.2442 -8.0627 24.6390 17 11 13
-0.7271 -7.7528 23.6920 24 23 27
-0.4741 -16.7974 51.3320 9 44 77
3.7009 -20.1568 61.5980 16 21 28
6.2920 -11.1982 34.2210 31 38 44
12.6472 -20.1568 61.5980 30 29 40
12.7871 -11.1982 34.2210 11 10 19
11.0629 -9.1622 27.9990 10 9 13
9.5037 -7.4655 22.8140 15 14 23
8.9940 -6.7190 20.5330 16 10 14
8.5767 -6.1081 18.6660 14 8 12
8.9464 -6.1081 18.6660 14 7 20
10.2818 -6.7190 20.5330 14 8 14
8.9353 -5.5993 17.1110 12 10 19
-2.5062 -1.5918 4.8890 99 83 88
-2.4483 -1.6175 4.9680 61 84 78
-2.4397 -1.6852 5.1760 60 70 77
-2.4524 -1.7747 5.4510 23 18 26
-2.5377 -1.9284 5.9230 38 31 40
-2.5070 -2.0056 6.1600 67 66 68
-2.4090 -2.0258 6.2220 52 64 66
-2.5312 -2.2533 6.9210 44 43 47
-2.7187 -2.5711 7.8970 45 45 49
-3.8990 -3.9324 12.0780 15 9 13
-4.8851 -5.2777 16.2100 16 15 19
-4.9554 -5.7302 17.6000 12 6 10
-4.4506 -5.5710 17.1110 10 3 12
-4.2001 -5.7302 17.6000 9 5 10
-4.1807 -6.2671 19.2490 9 7 14
-3.7677 -6.2671 19.2490 13 11 18
-3.6123 -6.6852 20.5330 17 11 15
-3.5241 -7.4278 22.8140 23 15 14
-2.3411 -5.7302 17.6000 4 3 5
-2.0212 -5.8986 18.1170 9 5 10
-1.7904 -6.4693 19.8700 12 8 13
-1.5466 -7.1625 21.9990 11 7 12
-1.2035 -8.0220 24.6390 21 12 15
-0.6489 -7.7137 23.6920 13 12 16
-0.3656 -20.0551 61.5980 8 42 78
10.1056 -20.0551 61.5980 25 24 33
6.2920 -11.1417 34.2210 29 36 40
12.6472 -20.0551 61.5980 26 25 36
12.8435 -11.1417 34.2210 10 9 16
11.1091 -9.1159 27.9990 12 10 17
9.2005 -7.1625 21.9990 5 3 12
8.9940 -6.6852 20.5330 14 8 12
8.8446 -6.2671 19.2490 14 8 12
9.5562 -6.4693 19.8700 16 11 21
10.3157 -6.6852 20.5330 14 7 16
9.2198 -5.7302 17.6000 36 31 39
-2.5062 -1.5837 4.8890 97 75 77
-2.4401 -1.6093 4.9680 69 86 89
-2.4519 -1.6909 5.2200 65 77 81
-2.4654 -1.7816 5.5000 23 22 26
-2.5279 -1.9186 5.9230 49 44 54
-2.5070 -1.9954 6.1600 62 70 69
-2.4235 -2.0362 6.2860 28 47 47
-2.5198 -2.2419 6.9210 53 49 54
-2.5426 -2.4039 7.4210 62 58 59
-3.6635 -3.6951 11.4070 22 13 18
-4.8851 -5.2509 16.2100 19 15 20
-4.9263 -5.7012 17.6000 11 7 10
-4.4223 -5.5428 17.1110 6 1 9
-4.1711 -5.7012 17.6000 4 2 9
-4.2828 -6.4365 19.8700 9 4 12
-3.7677 -6.2353 19.2490 10 10 14
-3.5785 -6.6513 20.5330 16 10 14
-3.3619 -7.1262 21.9990 22 16 18
-2.2478 -5.5428 17.1110 12 6 12
-2.1157 -6.2353 19.2490 15 11 16
-1.8502 -6.6513 20.5330 5 4 8
-1.5662 -7.3902 22.8140 13 9 14
-1.1629 -7.9813 24.6390 16 7 12
-0.5872 -7.3902 22.8140 22 22 26
-0.2199 -16.6280 51.3320 0 33 70
3.7009 -19.9535 61.5980 18 28 35
6.2920 -11.0852 34.2210 29 36 42
12.6472 -19.9535 61.5980 25 27 35
12.1141 -10.5018 32.4200 18 18 22
11.5415 -9.5019 29.3330 5 4 8
9.1279 -7.1262 21.9990 20 13 22
8.3998 -6.2353 19.2490 11 2 9
8.5459 -6.0465 18.6660 13 7 11
9.5235 -6.4365 19.8700 14 12 19
10.2479 -6.6513 20.5330 12 5 14
9.4308 -5.8687 18.1170 15 6 13
-2.5142 -1.5756 4.8890 105 90 89
-2.4483 -1.6011 4.9680 69 87 85
-2.4195 -1.6543 5.1330 67 81 83
-2.4614 -1.7568 5.4510 30 30 34
-2.4993 -1.8728 5.8110 36 40 52
-2.4678 -1.9463 6.0390 66 79 78
-2.4090 -2.0052 6.2220 52 64 70
-2.4485 -2.1577 6.6950 67 63 66
-2.3159 -2.1577 6.6950 40 39 48
-3.1726 -3.1513 9.7780 30 23 34
-4.9118 -5.2242 16.2100 19 13 19
-5.1009 -5.8388 18.1170 11 10 12
-4.5778 -5.6721 17.6000 8 3 11
-4.1117 -5.5145 17.1110 9 8 12
-4.2124 -6.2036 19.2490 8 4 7
-3.7994 -6.2036 19.2490 11 10 14
-3.6123 -6.6174 20.5330 16 12 15
-3.3983 -7.0899 21.9990 22 16 18
-2.3702 -5.6721 17.6000 8 4 9
-2.0511 -5.8388 18.1170 18 9 14
-1.9490 -6.8456 21.2410 8 4 9
-1.5466 -7.0899 21.9990 12 8 13
-1.2035 -7.9407 24.6390 16 10 14
-0.6625 -7.3525 22.8140 36 36 40
-0.3115 -13.2348 41.0660 9 38 77
3.7009 -19.8518 61.5980 18 28 35
6.2920 -11.0288 34.2210 32 37 44
12.6472 -19.8518 61.5980 20 22 30
13.1804 -11.6775 36.2340 31 29 43
11.8642 -9.9259 30.7990 15 15 19
9.6348 -7.6355 23.6920 18 9 16
7.9914 -6.0157 18.6660 12 5 14
7.9126 -5.6721 17.6000 24 11 15
9.3267 -6.4037 19.8700 19 15 20
10.7980 -7.0899 21.9990 14 10 11
10.8817 -6.8456 21.2410 26 16 16
-2.6168 -1.6057 5.0080 74 107 109
-2.4301 -1.5551 4.8500 64 75 86
-2.4101 -1.6057 5.0080 74 71 68
-2.3799 -1.6596 5.1760 52 74 73
-2.4771 -1.8119 5.6510 14 25 34
-2.4459 -1.8811 5.8670 34 48 50
-2.4359 -1.9751 6.1600 70 64 79
-2.4356 -2.0790 6.4840 45 56 54
-2.3712 -2.1466 6.6950 34 33 40
-2.5303 -2.4384 7.6050 49 50 63
-4.7934 -4.9377 15.4000 21 12 15
-4.9589 -5.4863 17.1110 12 11 15
-5.0399 -5.9849 18.6660 9 8 15
-4.3744 -5.6431 17.6000 5 4 11
-4.1142 -5.8089 18.1170 8 4 9
-4.0860 -6.3709 19.8700 9 8 12
-3.7818 -6.5835 20.5330 14 8 10
-3.6161 -7.0535 21.9990 21 15 19
-2.6677 -5.9849 18.6660 20 20 20
-2.0784 -5.4863 17.1110 12 6 8
-2.1243 -6.8105 21.2410 19 10 15
-1.7036 -6.8105 21.2410 11 10 14
-1.3919 -7.5964 23.6920 26 17 20
-0.8836 -7.5964 23.6920 21 19 26
-0.3752 -7.5964 23.6920 15 33 71
3.0909 -19.7502 61.5980 19 26 34
6.4229 -11.6177 36.2340 29 32 35
9.4158 -15.1924 47.3830 13 14 27
15.7872 -14.1074 43.9990 33 43 59
11.7117 -9.8751 30.7990 9 8 15
9.8979 -7.9000 24.6390 21 17 22
8.1139 -6.1718 19.2490 10 3 14
7.7964 -5.6431 17.6000 17 8 15
8.9399 -6.1718 19.2490 14 8 14
10.3208 -6.8105 21.2410 13 9 12
10.7765 -6.8105 21.2410 19 10 17
8.5451 -5.1974 16.2100 8 7 14
-2.4820 -1.5595 4.8890 72 67 75
-2.4349 -1.5975 5.0080 74 88 92
-2.4056 -1.6510 5.1760 88 96 95
-2.4381 -1.7544 5.5000 29 17 28
-2.4609 -1.8536 5.8110 24 35 35
-2.4279 -1.9263 6.0390 35 72 73
-2.4167 -2.0255 6.3500 51 73 72
-2.3785 -2.1126 6.6230 61 66 73
-2.2857 -2.1592 6.7690 23 13 23
-3.9161 -3.9298 12.3200 22 16 20
-4.8048 -5.1707 16.2100 16 15 24
-5.1323 -5.9541 18.6660 7 5 12
-4.4616 -5.6140 17.6000 5 4 13
-4.0840 -5.6140 17.6000 5 5 9
-4.0854 -6.1400 19.2490 14 9 17
-3.7908 -6.3381 19.8700 14 12 19
-3.5967 -6.7755 21.2410 22 13 18
-3.0362 -6.5496 20.5330 24 24 26
-2.1631 -5.4581 17.1110 10 4 8
-2.1890 -6.5496 20.5330 17 10 19
-1.8733 -7.0172 21.9990 11 10 17
-1.4532 -7.2772 22.8140 16 10 14
-1.0409 -7.8594 24.6390 16 10 12
-0.4131 -6.3381 19.8700 32 47 64
10.1056 -19.6485 61.5980 30 33 36
6.3485 -10.9158 34.2210 23 27 39
21.0852 -19.6485 61.5980 66 69 70
12.4482 -10.9158 34.2210 31 32 47
11.2995 -9.3566 29.3330 13 11 18
9.2401 -7.2772 22.8140 15 9 15
7.5060 -5.6140 17.6000 13 6 15
7.6645 -5.4581 17.1110 15 4 12
9.3267 -6.3381 19.8700 9 5 10
10.7980 -7.0172 21.9990 8 5 2
11.2337 -7.0172 21.9990 18 9 12
-2.6465 -1.6022 5.0490 74 90 98
-2.4382 -1.5390 4.8500 70 74 88
-2.4101 -1.5892 5.0080 78 75 72
-2.3602 -1.6289 5.1330 41 60 60
-2.4415 -1.7609 5.5490 22 12 22
-2.4095 -1.8269 5.7570 25 32 38
-2.4218 -1.9354 6.0990 49 67 74
-2.4356 -2.0576 6.4840 59 71 75
-2.2724 -2.0360 6.4160 43 43 47
-2.2145 -2.1017 6.6230 33 25 41
-4.1010 -4.1589 13.1060 21 12 15
-4.8522 -5.2829 16.6480 8 7 16
-5.0399 -5.9233 18.6660 6 8 14
-4.4035 -5.5850 17.6000 8 7 14
-4.0259 -5.5850 17.6000 4 3 7
-4.1188 -6.3053 19.8700 11 10 14
-3.8157 -6.5157 20.5330 14 8 12
-3.6161 -6.9809 21.9990 24 15 18
-2.7828 -6.1083 19.2490 15 18 21
-2.1668 -5.5850 17.6000 13 9 10
-2.2364 -6.9809 21.9990 20 9 13
-1.7644 -6.9809 21.9990 13 13 17
-1.3919 -7.5182 23.6920 14 5 8
-0.9227 -7.5182 23.6920 16 12 17
-0.3591 -6.5157 20.5330 18 39 68
0.2444 -19.5469 61.5980 19 44 78
6.2355 -10.8593 34.2210 31 30 41
12.5455 -19.5469 61.5980 14 18 30
13.6231 -12.2169 38.4990 36 56 67
11.0090 -9.3082 29.3330 14 17 20
10.6262 -8.4987 26.7820 14 12 21
8.0504 -6.1083 19.2490 12 7 17
7.5233 -5.4298 17.1110 16 7 12
8.3245 -5.7491 18.1170 19 15 20
10.5802 -6.9809 21.9990 10 13 14
11.4616 -7.2396 22.8140 9 4 14
9.4906 -5.7491 18.1170 10 8 15
-2.5180 -1.5557 4.9280 88 91 90
-2.4204 -1.5557 4.9280 88 96 113
-2.3913 -1.6071 5.0910 60 80 77
-2.4219 -1.7056 5.4030 75 73 80
-2.4344 -1.8006 5.7040 19 24 33
-2.4008 -1.8698 5.9230 9 55 50
-2.3988 -1.9642 6.2220 69 77 74
-2.4113 -2.0907 6.6230 74 74 70
-2.1983 -2.0254 6.4160 56 46 56
-3.4108 -3.3525 10.6200 17 10 21
-4.7336 -4.9858 15.7940 19 9 19
-5.0710 -5.7192 18.1170 4 3 7
-4.6823 -5.7192 18.1170 3 2 6
-4.0552 -5.4016 17.1110 6 5 9
-4.1489 -6.0765 19.2490 8 4 9
-3.7359 -6.0765 19.2490 12 8 13
-3.5785 -6.4818 20.5330 16 7 12
-3.2461 -6.7054 21.2410 32 29 26
-2.2478 -5.4016 17.1110 14 10 13
-2.2568 -6.4818 20.5330 15 10 18
-2.0180 -7.2019 22.8140 11 6 14
-1.5103 -6.9446 21.9990 15 11 14
-1.1629 -7.7780 24.6390 19 13 15
-0.4955 -6.0765 19.2490 24 45 62
-0.1257 -9.2598 29.3330 8 42 80
7.5815 -13.8896 43.9990 30 32 38
8.4529 -13.8896 43.9990 13 13 31
17.6558 -16.2045 51.3320 69 71 79
11.8466 -10.2343 32.4200 15 13 29
11.3479 -9.2598 29.3330 18 14 19
8.6731 -6.7054 21.2410 19 5 16
7.1274 -5.2554 16.6480 18 9 16
7.4846 -5.2554 16.6480 25 12 16
9.3595 -6.2726 19.8700 14 9 19
11.2357 -7.2019 22.8140 22 18 21
10.5529 -6.4818 20.5330 24 11 15
-2.6382 -1.5855 5.0490 98 91 102
-2.4497 -1.5353 4.8890 69 82 93
-2.4019 -1.5727 5.0080 77 74 69
-2.3517 -1.6119 5.1330 63 70 76
-2.4455 -1.7586 5.6000 21 27 29
-2.4000 -1.8079 5.7570 25 23 30
-2.3880 -1.8964 6.0390 54 67 76
-2.4249 -2.0362 6.4840 57 67 74
-2.2618 -2.0148 6.4160 58 58 60
-2.1803 -2.0578 6.5530 55 53 62
-4.4588 -4.4985 14.3250 21 12 15
-4.8247 -5.2280 16.6480 11 10 17
-5.1655 -6.0448 19.2490 5 4 11
-4.2246 -5.3734 17.1110 6 9 12
-3.8858 -5.3734 17.1110 6 5 9
-3.9583 -6.0448 19.2490 10 9 11
-3.5453 -6.0448 19.2490 21 16 14
-3.4564 -6.6703 21.2410 26 18 17
-2.6369 -5.8617 18.6660 22 22 24
-2.1378 -5.5269 17.6000 9 8 8
-2.3694 -7.4400 23.6920 19 8 14
-1.7281 -6.9083 21.9990 14 10 15
-1.3528 -7.4400 23.6920 24 11 15
-0.7841 -6.9083 21.9990 21 22 37
-0.3049 -6.0448 19.2490 20 40 76
0.3146 -17.5853 55.9990 23 52 89
6.6023 -11.3785 36.2340 15 16 29
12.5455 -19.3436 61.5980 6 8 18
11.5255 -10.1808 32.4200 18 34 44
10.5084 -8.7925 27.9990 8 8 12
10.1834 -8.0599 25.6660 16 11 21
7.3607 -5.5269 17.6000 14 9 19
7.1272 -5.0904 16.2100 20 9 13
8.3544 -5.6893 18.1170 11 10 14
10.5802 -6.9083 21.9990 8 14 16
11.4616 -7.1643 22.8140 8 3 13
9.4906 -5.6893 18.1170 5 3 10
-2.5180 -1.5394 4.9280 80 94 83
-2.4319 -1.5519 4.9680 84 92 107
-2.3715 -1.5772 5.0490 56 87 87
-2.4008 -1.6731 5.3560 79 78 85
-2.3900 -1.7493 5.6000 24 26 34
-2.4008 -1.8502 5.9230 27 37 42
-2.3885 -1.9436 6.2220 57 64 68
-2.3858 -2.0470 6.5530 75 76 72
-2.1756 -1.9836 6.3500 63 58 68
-2.9974 -2.9154 9.3330 23 13 23
-4.7336 -4.9337 15.7940 15 8 17
-5.1939 -5.8309 18.6660 11 7 12
-4.8242 -5.8309 18.6660 3 2 6
-4.0552 -5.3451 17.1110 3 1 8
-4.0232 -5.8309 18.6660 11 10 14
-3.7359 -6.0130 19.2490 14 10 13
-3.5446 -6.4141 20.5330 14 8 12
-3.3619 -6.8720 21.9990 18 15 10
-2.3121 -5.4979 17.6000 13 9 12
-2.4179 -6.8720 21.9990 16 14 21
-2.0957 -7.4009 23.6920 12 7 15
-1.4739 -6.8720 21.9990 20 16 19
-1.1629 -7.6967 24.6390 13 9 10
-0.4805 -5.8309 18.6660 11 37 66
-0.1148 -8.3661 26.7820 8 42 78
8.6756 -16.0350 51.3320 27 26 30
8.3803 -13.7444 43.9990 22 20 34
16.2194 -14.8015 47.3830 64 60 63
11.2034 -9.6210 30.7990 15 9 24
10.7856 -8.7463 27.9990 8 4 7
8.9463 -6.8720 21.9990 16 5 13
7.1274 -5.2005 16.6480 16 5 13
7.2609 -5.0637 16.2100 25 12 18
9.3267 -6.2070 19.8700 9 2 15
11.1980 -7.1266 22.8140 15 11 12
11.2700 -6.8720 21.9990 24 11 15
-2.6465 -1.5689 5.0490 106 87 102
-2.4578 -1.5192 4.8890 67 90 86
-2.3909 -1.5437 4.9680 83 82 82
-2.3215 -1.5689 5.0490 67 80 75
-2.4324 -1.7242 5.5490 65 76 72
-2.3652 -1.7559 5.6510 28 24 29
-2.3980 -1.8765 6.0390 6 30 40
-2.3852 -1.9731 6.3500 72 84 88
-2.2724 -1.9936 6.4160 64 71 65
-2.1573 -2.0148 6.4840 55 56 52
-3.9336 -3.9062 12.5710 19 11 10
-4.8522 -5.1730 16.6480 13 11 20
-5.1973 -5.9812 19.2490 9 3 9
-4.3744 -5.4688 17.6000 3 6 9
-3.8858 -5.3169 17.1110 4 2 9
-3.8692 -5.8001 18.6660 9 5 8
-3.5771 -5.9812 19.2490 22 14 13
-3.4915 -6.6002 21.2410 29 19 19
-2.7511 -5.9812 19.2490 29 30 26
-2.2006 -5.6295 18.1170 6 5 7
-2.4085 -7.3618 23.6920 17 11 17
-1.8298 -7.0890 22.8140 13 12 16
-1.2924 -6.8357 21.9990 24 11 17
-0.8836 -7.3618 23.6920 21 15 21
-0.2869 -5.6295 18.1170 14 32 68
0.1746 -13.6718 43.9990 15 39 78
8.4774 -14.7233 47.3830 26 19 30
17.3170 -15.9503 51.3320 112 107 105
10.0463 -8.7001 27.9990 15 20 25
9.7598 -7.9752 25.6660 16 15 17
8.8011 -6.8357 21.9990 16 9 18
7.2127 -5.3169 17.1110 12 5 14
7.1807 -5.0369 16.2100 20 4 9
8.6691 -5.8001 18.6660 8 3 11
10.6891 -6.8357 21.9990 14 8 12
11.5369 -7.0890 22.8140 17 6 14
8.5451 -5.0369 16.2100 10 8 15
-2.4820 -1.5111 4.8890 66 89 81
-2.4349 -1.5479 5.0080 78 76 85
-2.3275 -1.5479 5.0080 71 79 80
-2.3627 -1.6412 5.3100 62 72 75
-2.3716 -1.7308 5.6000 8 7 14
-2.3813 -1.8307 5.9230 10 23 34
-2.3444 -1.9039 6.1600 92 90 99
-2.3041 -1.9830 6.4160 65 76 72
-2.1547 -1.9626 6.3500 68 64 67
-3.2098 -3.1211 10.0980 19 13 15
-4.6815 -4.8816 15.7940 14 9 17
-5.2926 -5.9495 19.2490 6 5 12
-4.5926 -5.5996 18.1170 2 4 10
-3.9987 -5.2886 17.1110 4 4 8
-3.8451 -5.5996 18.1170 9 8 8
-3.4564 -5.5996 18.1170 19 8 12
-3.3645 -6.1414 19.8700 18 9 12
-3.0362 -6.3463 20.5330 31 32 28
-2.2540 -5.4398 17.6000 11 7 10
-2.5258 -7.3227 23.6920 16 11 21
-2.0175 -7.3227 23.6920 15 14 21
-1.4013 -6.7994 21.9990 20 14 18
-1.0842 -7.9328 25.6660 18 7 11
-0.3949 -5.4398 17.6000 17 42 76
-0.0303 -9.5193 30.7990 13 40 80
8.9297 -15.8656 51.3320 21 19 26
12.0372 -19.0386 61.5980 11 9 20
10.3313 -9.0662 29.3330 33 47 51
9.2066 -7.6154 24.6390 12 12 14
8.6922 -6.7994 21.9990 9 7 16
7.3317 -5.4398 17.6000 9 3 9
7.1004 -5.0102 16.2100 18 0 8
8.0579 -5.4398 17.6000 13 7 13
9.5235 -6.1414 19.8700 14 13 15
11.0159 -6.7994 21.9990 12 8 9
9.4607 -5.5996 18.1170 14 10 15
-2.5062 -1.5030 4.8890 63 92 89
-2.4483 -1.5273 4.9680 48 59 59
-2.3417 -1.5273 4.9680 51 52 65
-2.3485 -1.6048 5.2200 53 58 46
-2.3354 -1.6758 5.4510 57 70 67
-2.3650 -1.7865 5.8110 31 31 25
-2.2933 -1.8209 5.9230 37 40 57
-2.3714 -1.9934 6.4840 65 79 83
-2.1641 -1.9325 6.2860 56 47 50
-2.7239 -2.5941 8.4380 28 21 30
-4.5276 -4.6188 15.0240 15 6 13
-5.1009 -5.5697 18.1170 9 8 12
-5.0067 -5.9177 19.2490 3 3 5
-4.0834 -5.2604 17.1110 6 4 11
-3.8225 -5.4107 17.6000 9 8 10
-3.5461 -5.5697 18.1170 12 11 13
-3.3864 -5.9177 19.2490 18 14 19
-3.3983 -6.7631 21.9990 20 19 19
-2.4099 -5.5697 18.1170 15 4 8
-2.4543 -6.7631 21.9990 11 9 16
-2.2201 -7.5747 24.6390 10 9 11
-1.5466 -6.7631 21.9990 7 6 8
-1.1573 -7.2836 23.6920 13 9 12
-0.5113 -5.7385 18.6660 24 52 83
-0.1406 -7.2836 23.6920 21 48 88
10.6140 -18.9370 61.5980 18 16 23
11.8339 -18.9370 61.5980 24 21 35
10.3313 -9.0178 29.3330 32 51 51
9.2066 -7.5747 24.6390 12 12 14
8.6922 -6.7631 21.9990 13 11 20
7.3317 -5.4107 17.6000 12 6 12
7.2648 -5.1181 16.6480 17 1 8
8.0579 -5.4107 17.6000 15 11 16
9.5235 -6.1086 19.8700 18 14 17
11.0159 -6.7631 21.9990 14 10 13
9.4607 -5.5697 18.1170 15 11 16
-2.5343 -1.5069 4.9280 55 86 82
-2.4483 -1.5191 4.9680 37 50 49
-2.3417 -1.5191 4.9680 71 76 85
-2.3485 -1.5962 5.2200 64 72 61
-2.3354 -1.6668 5.4510 73 84 82
-2.3525 -1.7604 5.7570 28 23 21
-2.2933 -1.8111 5.9230 39 42 59
-2.3714 -1.9827 6.4840 68 85 86
-2.1641 -1.9221 6.2860 48 37 41
-2.6871 -2.5453 8.3240 23 18 26
-4.5524 -4.5940 15.0240 16 7 12
-5.1009 -5.5398 18.1170 6 5 9
-5.0067 -5.8859 19.2490 4 4 6
-4.0834 -5.2322 17.1110 4 3 10
-3.8225 -5.3817 17.6000 11 10 12
-3.4740 -5.3817 17.6000 19 18 20
-3.1873 -5.5398 18.1170 14 13 17
-3.3983 -6.7268 21.9990 28 27 29
-2.4829 -5.7077 18.6660 17 7 7
-2.4543 -6.7268 21.9990 13 8 18
-2.3550 -7.8481 25.6660 11 10 12
-1.5466 -6.7268 21.9990 16 15 17
-1.2035 -7.5341 24.6390 14 10 13
-0.5113 -5.7077 18.6660 21 49 80
-0.1611 -6.4950 21.2410 17 46 83
11.0206 -18.8353 61.5980 15 8 19
11.2580 -9.9133 32.4200 71 76 81
8.4118 -6.9760 22.8140 19 12 23
8.2875 -6.4950 21.2410 12 11 15
7.6525 -5.7077 18.6660 12 8 11
7.1824 -5.0906 16.6480 15 2 8
7.7493 -5.2322 17.1110 14 7 16
8.5936 -5.5398 18.1170 14 8 14
10.1801 -6.2785 20.5330 15 9 13
10.5868 -6.2785 20.5330 27 14 18
-2.5384 -1.4869 4.8890 90 83 92
-2.4530 -1.4987 4.9280 66 69 70
-2.3663 -1.5109 4.9680 82 82 86
-2.3156 -1.5483 5.0910 72 78 78
-2.3714 -1.6578 5.4510 60 70 86
-2.3161 -1.7031 5.6000 10 13 12
-2.3006 -1.7843 5.8670 29 30 43
-2.3301 -1.9117 6.2860 69 75 86
-2.2176 -1.9312 6.3500 57 52 50
-2.3596 -2.1785 7.1630 60 64 57
-4.3115 -4.2578 14.0000 19 15 18
-4.9024 -5.2039 17.1110 10 8 15
-5.2666 -6.0430 19.8700 8 4 9
-4.2873 -5.3527 17.6000 4 3 10
-3.8293 -5.2039 17.1110 3 2 6
-3.5611 -5.3527 17.6000 16 15 17
-3.2770 -5.5099 18.1170 19 13 15
-3.3863 -6.4600 21.2410 44 41 38
-2.5753 -5.6769 18.6660 22 14 11
-2.5099 -6.4600 21.2410 10 10 14
-2.5900 -8.1452 26.7820 11 11 15
-1.7168 -6.9384 22.8140 18 14 17
-1.2746 -7.2054 23.6920 19 8 12
-0.6870 -6.4600 21.2410 27 46 75
-0.2340 -5.6769 18.6660 12 41 78
0.5494 -18.7337 61.5980 18 37 78
13.9215 -12.4893 41.0660 106 102 103
8.2235 -6.9384 22.8140 17 16 23
7.5886 -6.0430 19.8700 12 8 9
7.4985 -5.6769 18.6660 12 8 11
7.2409 -5.2039 17.1110 11 2 7
7.6081 -5.2039 17.1110 15 4 10
8.2031 -5.3527 17.6000 15 6 13
9.6874 -6.0430 19.8700 15 4 10
10.7765 -6.4600 21.2410 18 9 14
9.0483 -5.2039 17.1110 13 7 13
-2.4542 -1.4670 4.8500 52 54 60
-2.4465 -1.5272 5.0490 76 86 91
-2.3192 -1.5148 5.0080 79 82 81
-2.3539 -1.6062 5.3100 60 72 74
-2.3201 -1.6636 5.5000 68 81 80
-2.3491 -1.7746 5.8670 20 27 35
-2.3342 -1.8633 6.1600 35 41 52
-2.2700 -1.9207 6.3500 65 76 76
-2.1665 -1.9407 6.4160 72 72 68
-3.5416 -3.3877 11.2000 16 11 9
-4.7780 -4.9032 16.2100 13 6 17
-5.4305 -6.0102 19.8700 11 10 14
-4.7010 -5.6460 18.6660 4 3 10
-4.0840 -5.3236 17.6000 3 3 7
-3.7063 -5.3236 17.6000 12 8 11
-3.3287 -5.3236 17.6000 21 12 15
-3.2276 -5.8224 19.2490 21 12 17
-3.1409 -6.4249 21.2410 41 38 33
-2.3597 -5.6460 18.6660 12 8 11
-2.6939 -7.7634 25.6660 16 14 21
-2.0575 -7.4527 24.6390 24 24 26
-1.4156 -6.9007 22.8140 21 15 19
-1.0842 -7.7634 25.6660 13 7 13
-0.3557 -5.1757 17.1110 15 47 81
0.0195 -8.8726 29.3330 21 41 77
11.0975 -9.8063 32.4200 77 83 83
7.7266 -6.4249 21.2410 14 12 21
7.6214 -6.0102 19.8700 13 9 12
7.5601 -5.6460 18.6660 12 6 10
7.5060 -5.3236 17.6000 17 4 10
7.8836 -5.3236 17.6000 12 5 14
8.2612 -5.3236 17.6000 18 9 16
9.1312 -5.6460 18.6660 15 6 9
10.1465 -6.0102 19.8700 20 7 15
-2.5627 -1.4707 4.8890 96 98 106
-2.4578 -1.4707 4.8890 94 89 85
-2.4101 -1.5065 5.0080 111 121 124
-2.3299 -1.5189 5.0490 80 76 79
-2.3566 -1.6112 5.3560 74 64 78
-2.2815 -1.6398 5.4510 62 79 82
-2.3297 -1.7650 5.8670 10 22 28
-2.3139 -1.8531 6.1600 19 30 39
-2.2595 -1.9103 6.3500 66 78 70
-2.1680 -1.9506 6.4840 66 61 59
-3.8551 -3.7062 12.3200 15 11 14
-4.8522 -5.0082 16.6480 15 10 18
-5.3649 -5.9774 19.8700 9 7 14
-4.6702 -5.6152 18.6660 4 3 10
-3.9140 -5.1475 17.1110 4 4 8
-3.6482 -5.2946 17.6000 14 10 15
-3.1798 -5.1475 17.1110 22 13 16
-3.1641 -5.7906 19.2490 24 15 20
-2.9685 -6.1769 20.5330 30 25 23
-2.4463 -5.9774 19.8700 11 7 10
-2.7226 -8.0568 26.7820 15 14 21
-1.9761 -7.4121 24.6390 19 18 22
-1.3919 -7.1272 23.6920 24 11 15
-0.9595 -7.4121 24.6390 13 18 25
-0.3078 -5.2946 17.6000 9 43 81
0.1746 -13.2361 43.9990 24 42 78
13.0513 -11.5816 38.4990 91 97 99
7.6565 -6.3899 21.2410 16 14 21
7.0980 -5.6152 18.6660 15 9 11
7.0702 -5.2946 17.6000 13 9 12
7.4479 -5.2946 17.6000 9 3 7
7.8255 -5.2946 17.6000 15 2 8
7.9752 -5.1475 17.1110 17 8 15
8.8029 -5.4501 18.1170 21 8 12
9.7659 -5.7906 19.2490 21 5 10
8.8035 -5.0082 16.6480 19 3 12
-2.4542 -1.4510 4.8500 96 95 97
-2.4465 -1.5105 5.0490 65 72 94
-2.3275 -1.4983 5.0080 65 66 81
-2.3539 -1.5886 5.3100 86 63 84
-2.2995 -1.6308 5.4510 78 91 88
-2.2838 -1.7065 5.7040 5 18 27
-2.2884 -1.8067 6.0390 28 40 42
-2.2804 -1.8998 6.3500 45 63 61
-2.1665 -1.9195 6.4160 67 67 67
-3.5416 -3.3508 11.2000 17 11 13
-4.7780 -4.8497 16.2100 20 15 23
-5.2926 -5.7589 19.2490 6 5 12
-4.8796 -5.7589 19.2490 6 4 11
-4.0840 -5.2655 17.6000 5 5 9
-3.7063 -5.2655 17.6000 8 4 9
-3.2362 -5.1192 17.1110 20 15 13
-3.1607 -5.5844 18.6660 11 7 12
-3.1409 -6.3548 21.2410 36 31 29
-2.5119 -5.9446 19.8700 8 2 6
-2.8110 -8.0126 26.7820 20 19 26
-2.1432 -7.6787 25.6660 17 17 19
-1.5092 -7.0881 23.6920 17 11 13
-1.1314 -8.0126 26.7820 10 8 15
-0.3659 -5.2655 17.6000 10 41 78
0.0205 -9.2144 30.7990 20 45 79
17.0628 -15.3574 51.3320 99 103 117
8.0352 -6.8254 22.8140 40 46 46
6.5764 -5.2655 17.6000 9 8 10
6.5779 -4.9807 16.6480 10 4 8
7.5470 -5.4202 18.1170 14 5 10
8.4316 -5.7589 19.2490 16 7 12
7.8340 -5.1192 17.1110 14 8 12
8.4355 -5.2655 17.6000 9 3 7
9.3469 -5.5844 18.6660 15 6 11
8.9353 -5.1192 17.1110 30 11 24
-2.4667 -1.4317 4.8120 88 91 90
-2.4680 -1.4900 5.0080 35 30 40
-2.3799 -1.5022 5.0490 75 69 86
-2.3890 -1.5799 5.3100 72 78 80
-2.3149 -1.6075 5.4030 71 73 79
-2.2999 -1.6813 5.6510 68 79 79
-2.2716 -1.7456 5.8670 23 24 37
-2.3224 -1.8893 6.3500 35 52 57
-2.1861 -1.8893 6.3500 52 52 56
-2.7617 -2.5453 8.5550 21 14 23
-4.5276 -4.4700 15.0240 17 16 20
-5.2555 -5.5536 18.6660 10 3 14
-5.1682 -5.9119 19.8700 6 4 11
-4.2001 -5.2365 17.6000 4 4 8
-3.7163 -5.0910 17.1110 6 5 9
-3.4449 -5.2365 17.6000 20 14 18
-3.0103 -5.0910 17.1110 13 12 16
-3.1718 -6.1091 20.5330 29 25 26
-2.6431 -5.9119 19.8700 15 4 8
-2.7488 -7.3308 24.6390 9 7 14
-2.4132 -7.9684 26.7820 18 18 18
-1.6656 -7.0490 23.6920 19 16 13
-1.2537 -7.6363 25.6660 19 15 18
-0.5624 -6.1091 20.5330 13 36 71
-0.1523 -7.6363 25.6660 10 38 73
17.1475 -15.2726 51.3320 83 89 102
7.5163 -6.3198 21.2410 27 32 37
6.6055 -5.2365 17.6000 17 16 18
6.6054 -4.9532 16.6480 13 7 11
7.5769 -5.3903 18.1170 12 3 8
8.2070 -5.5536 18.6660 15 6 13
7.8622 -5.0910 17.1110 17 11 13
8.4645 -5.2365 17.6000 15 9 13
9.1019 -5.3903 18.1170 22 6 11
8.7210 -4.9532 16.6480 31 13 23
-2.4588 -1.4238 4.8120 99 95 96
-2.4597 -1.4818 5.0080 30 24 41
-2.3715 -1.4939 5.0490 82 83 98
-2.3802 -1.5711 5.3100 97 85 96
-2.3060 -1.5986 5.4030 72 75 78
-2.2999 -1.6720 5.6510 64 77 76
-2.2619 -1.7359 5.8670 25 23 39
-2.2886 -1.8599 6.2860 23 36 45
-2.1756 -1.8788 6.3500 55 63 64
-2.9974 -2.7614 9.3330 22 17 25
-4.5276 -4.4453 15.0240 13 12 14
-5.2247 -5.5228 18.6660 12 10 19
-4.9749 -5.6953 19.2490 7 2 10
-4.2936 -5.3604 18.1170 3 2 9
-3.7935 -5.2074 17.6000 6 5 9
-3.4449 -5.2074 17.6000 22 16 20
-2.9821 -5.0627 17.1110 11 11 15
-3.1379 -6.0752 20.5330 28 22 26
-2.6974 -6.0752 20.5330 14 5 8
-2.8210 -7.5940 25.6660 16 15 19
-2.4132 -7.9242 26.7820 13 13 15
-1.6915 -7.2901 24.6390 19 16 13
-1.2640 -7.9242 26.7820 14 10 15
-0.5285 -6.0752 20.5330 14 43 80
-0.1257 -8.6789 29.3330 16 45 82
15.8284 -14.0195 47.3830 79 82 99
7.2996 -6.0752 20.5330 15 20 25
6.1106 -4.7962 16.2100 14 10 11
6.4583 -4.7962 16.2100 15 9 13
8.0821 -5.6953 19.2490 15 6 11
8.7364 -5.8791 19.8700 18 9 16
7.8905 -5.0627 17.1110 11 7 10
8.4936 -5.2074 17.6000 17 6 12
8.8712 -5.2074 17.6000 20 8 8
8.5184 -4.7962 16.2100 25 7 17
-2.4588 -1.4158 4.8120 98 94 97
-2.4715 -1.4855 5.0490 77 69 87
-2.3632 -1.4855 5.0490 70 85 98
-2.3920 -1.5759 5.3560 89 80 87
-2.2970 -1.5897 5.4030 75 75 79
-2.2906 -1.6627 5.6510 84 98 102
-2.2956 -1.7595 5.9800 21 22 37
-2.3014 -1.8683 6.3500 66 78 82
-2.1652 -1.8683 6.3500 54 64 69
-3.2801 -3.0205 10.2660 21 12 15
-4.6155 -4.5311 15.4000 11 9 16
-5.3561 -5.6636 19.2490 10 8 17
-4.9431 -5.6636 19.2490 7 2 10
-4.2637 -5.3305 18.1170 4 3 10
-3.7644 -5.1784 17.6000 6 5 9
-3.4159 -5.1784 17.6000 10 5 3
-3.0382 -5.1784 17.6000 13 12 14
-3.2110 -6.2497 21.2410 32 23 28
-2.7553 -6.2497 21.2410 16 7 10
-2.8995 -7.8800 26.7820 14 13 17
-2.3690 -7.8800 26.7820 17 17 21
-1.6508 -7.2494 24.6390 22 18 19
-1.2752 -8.2380 27.9990 16 14 21
-0.4946 -6.0414 20.5330 15 45 79
-0.0902 -10.0687 34.2210 10 46 83
15.8284 -13.9413 47.3830 75 75 95
7.2996 -6.0414 20.5330 11 16 21
6.1106 -4.7694 16.2100 14 10 11
6.4583 -4.7694 16.2100 23 14 17
8.3429 -5.8463 19.8700 15 6 11
9.3392 -6.2497 21.2410 15 6 13
8.1160 -5.1784 17.6000 11 7 12
8.4936 -5.1784 17.6000 15 4 10
8.8712 -5.1784 17.6000 20 8 8
8.5184 -4.7694 16.2100 26 5 14
-2.4588 -1.4079 4.8120 108 113 120
-2.4921 -1.4895 5.0910 84 76 94
-2.3829 -1.4895 5.0910 66 79 88
-2.4344 -1.5948 5.4510 108 97 105
-2.3474 -1.6092 5.5000 64 67 68
-2.2906 -1.6533 5.6510 69 75 77
-2.2956 -1.7496 5.9800 25 29 41
-2.3014 -1.8579 6.3500 62 76 82
-2.1877 -1.8772 6.4160 55 61 72
-3.0437 -2.7727 9.4770 21 11 21
-4.6155 -4.5057 15.4000 10 8 15
-5.3561 -5.6318 19.2490 12 7 17
-4.9431 -5.6318 19.2490 7 2 10
-4.1420 -5.1493 17.6000 4 6 14
-3.7935 -5.1493 17.6000 6 4 11
-3.4159 -5.1493 17.6000 13 7 9
-3.0382 -5.1493 17.6000 14 13 15
-3.1040 -6.0075 20.5330 38 27 33
-2.7553 -6.2146 21.2410 15 6 9
-2.9437 -7.8358 26.7820 13 12 16
-2.3690 -7.8358 26.7820 16 16 20
-1.6508 -7.2088 24.6390 20 16 17
-1.2752 -8.1918 27.9990 13 11 20
-0.5496 -6.6748 22.8140 41 71 105
-0.1553 -10.6012 36.2340 12 43 82
10.4918 -9.0111 30.7990 56 59 62
6.3731 -5.1493 17.6000 10 13 14
5.7627 -4.3957 15.0240 13 9 12
6.7428 -4.8708 16.6480 15 6 9
9.0237 -6.2146 21.2410 7 3 6
9.1635 -6.0075 20.5330 11 10 12
8.2321 -5.1493 17.6000 9 9 11
8.3705 -5.0063 17.1110 17 6 12
8.7377 -5.0063 17.1110 20 14 18
8.3779 -4.6209 15.7940 23 5 11
-2.4270 -1.3999 4.8120 69 75 77
-2.4788 -1.4933 5.1330 90 82 100
-2.3686 -1.4933 5.1330 81 90 102
-2.4200 -1.6001 5.5000 81 80 84
-2.3316 -1.6143 5.5490 75 78 81
-2.2744 -1.6594 5.7040 89 76 84
-2.2784 -1.7569 6.0390 53 62 72
-2.2830 -1.8666 6.4160 61 70 82
-2.1911 -1.9064 6.5530 50 57 63
-3.8754 -3.5842 12.3200 19 13 17
-4.6294 -4.5949 15.7940 22 13 20
-5.3977 -5.7807 19.8700 6 5 16
-4.5328 -5.2707 18.1170 6 5 14
-3.9140 -4.9780 17.1110 8 4 7
-3.6773 -5.1203 17.6000 12 8 13
-3.2080 -4.9780 17.1110 17 11 17
-3.0079 -5.2707 18.1170 19 10 17
-3.0708 -6.1796 21.2410 34 28 30
-2.9168 -6.8926 23.6920 11 7 10
-3.0304 -8.5337 29.3330 20 18 25
-2.1922 -7.7916 26.7820 21 20 24
-1.5502 -7.4669 25.6660 22 13 18
-0.9995 -7.4669 25.6660 18 16 32
-0.4489 -7.4669 25.6660 17 49 83
18.3368 -16.2916 55.9990 37 28 51
7.6756 -6.4001 21.9990 42 45 44
5.7036 -4.4803 15.4000 14 8 12
5.8866 -4.3709 15.0240 13 9 10
7.7141 -5.4304 18.6660 12 6 12
10.2604 -6.8926 23.6920 13 9 12
8.7493 -5.6000 19.2490 9 8 12
8.3774 -5.1203 17.6000 10 4 10
8.0635 -4.7159 16.2100 9 3 9
8.6111 -4.8433 16.6480 12 5 16
-2.5102 -1.4030 4.8500 95 86 91
-2.4647 -1.4371 4.9680 60 68 85
-2.4364 -1.4849 5.1330 62 60 48
-2.4273 -1.5494 5.3560 69 89 84
-2.4721 -1.6500 5.7040 57 81 83
-2.3069 -1.6199 5.6000 54 65 63
-2.2910 -1.6972 5.8670 38 51 48
-2.2507 -1.7643 6.0990 84 88 83
-2.2300 -1.8560 6.4160 37 48 59
-2.4622 -2.1730 7.5120 59 62 63
-4.3879 -4.1439 14.3250 17 11 15
-4.8742 -4.9498 17.1110 12 11 15
-5.2338 -5.7479 19.8700 7 3 8
-4.1399 -4.9498 17.1110 7 9 15
-3.8010 -4.9498 17.1110 7 1 7
-3.6358 -5.2408 18.1170 15 8 17
-3.0668 -4.9498 17.1110 15 10 18
-2.9450 -5.3996 18.6660 29 24 20
-2.9989 -6.3638 21.9990 25 25 25
-2.9904 -7.4245 25.6660 9 8 12
-2.6615 -8.0994 27.9990 16 16 20
-1.8891 -7.4245 25.6660 19 15 18
-1.3966 -7.7474 26.7820 21 15 17
-0.7562 -7.1275 24.6390 26 40 71
-0.4191 -11.1368 38.4990 14 45 86
12.6991 -16.1991 55.9990 32 42 49
13.7181 -11.8794 41.0660 35 33 44
6.8431 -5.5683 19.2490 16 15 24
5.6635 -4.3461 15.0240 12 6 10
5.9610 -4.3461 15.0240 17 6 10
8.8835 -6.1445 21.2410 11 7 12
11.2848 -7.4245 25.6660 15 9 15
8.8764 -5.5683 19.2490 9 4 12
8.4936 -5.0913 17.6000 16 7 14
8.1438 -4.6892 16.2100 14 5 10
8.2737 -4.5688 15.7940 24 11 17
-2.4588 -1.3841 4.8120 84 82 91
-2.4921 -1.4643 5.0910 54 51 74
-2.4025 -1.4764 5.1330 82 94 98
-2.4654 -1.5819 5.5000 89 80 85
-2.4570 -1.6559 5.7570 72 75 74
-2.2906 -1.6254 5.6510 82 71 77
-2.3413 -1.7542 6.0990 58 64 62
-2.3014 -1.8264 6.3500 69 83 87
-2.1983 -1.8454 6.4160 69 70 83
-3.0437 -2.7258 9.4770 22 13 20
-4.5028 -4.3213 15.0240 18 14 19
-5.1939 -5.3688 18.6660 12 10 19
-4.6524 -5.2109 18.1170 11 7 12
-4.0552 -4.9216 17.1110 6 4 11
-3.7935 -5.0622 17.6000 4 2 9
-3.5162 -5.2109 18.1170 18 14 15
-3.0382 -5.0622 17.6000 19 15 18
-3.1040 -5.9058 20.5330 31 20 26
-3.1123 -6.8144 23.6920 13 9 12
-3.2240 -8.4369 29.3330 9 9 13
-2.3690 -7.7032 26.7820 18 18 20
-1.6508 -7.0868 24.6390 20 14 18
-1.2752 -8.0532 27.9990 17 15 22
-0.6894 -7.7032 26.7820 17 44 86
13.3588 -17.7171 61.5980 29 27 43
19.8653 -17.7171 61.5980 27 20 40
9.2118 -7.7032 26.7820 25 27 33
5.7452 -4.5428 15.7940 13 14 10
5.5182 -4.1202 14.3250 15 6 11
6.9585 -4.9216 17.1110 10 4 6
10.5486 -7.0868 24.6390 12 6 10
10.2567 -6.5619 22.8140 7 6 8
8.7616 -5.3688 18.6660 13 12 14
8.1715 -4.7884 16.6480 24 15 20
7.8894 -4.4294 15.4000 14 7 16
-2.5342 -1.3870 4.8500 93 105 77
-2.4497 -1.3981 4.8890 86 97 93
-2.4703 -1.4679 5.1330 86 89 90
-2.4002 -1.4928 5.2200 71 83 89
-2.5472 -1.6618 5.8110 68 86 84
-2.3558 -1.6160 5.6510 67 79 81
-2.2979 -1.6618 5.8110 68 81 80
-2.2910 -1.7442 6.0990 85 90 95
-2.2724 -1.8348 6.4160 69 71 81
-2.2275 -1.9146 6.6950 65 68 69
-4.1681 -3.8295 13.3910 13 9 14
-4.5772 -4.5167 15.7940 14 10 13
-5.0399 -5.3380 18.6660 7 5 12
-4.2529 -4.8933 17.1110 9 8 15
-3.7806 -4.7609 16.6480 12 6 10
-3.7255 -5.1810 18.1170 10 4 10
-3.2416 -5.0332 17.6000 18 8 18
-2.9780 -5.1810 18.1170 24 18 20
-3.1441 -6.2912 21.9990 30 20 20
-3.2531 -7.6590 26.7820 16 10 12
-2.9336 -8.3885 29.3330 12 11 13
-2.0162 -7.3398 25.6660 21 17 18
-1.4475 -7.0461 24.6390 21 12 15
-0.9988 -7.6590 26.7820 17 18 33
-0.6504 -11.7439 41.0660 17 46 83
11.8949 -14.6797 51.3320 24 35 44
16.6392 -14.6797 51.3320 27 21 38
8.4747 -7.0461 24.6390 29 31 37
5.4899 -4.2965 15.0240 13 14 10
5.4161 -4.0037 14.0000 17 6 10
7.1864 -5.0332 17.6000 9 3 5
11.5102 -7.6590 26.7820 13 9 12
11.5389 -7.3398 25.6660 5 4 6
9.3595 -5.6823 19.8700 12 8 13
8.1990 -4.7609 16.6480 22 18 21
7.9148 -4.4040 15.4000 15 9 15
-2.5262 -1.3790 4.8500 111 113 100
-2.4497 -1.3901 4.8890 80 93 90
-2.4618 -1.4594 5.1330 79 86 80
-2.4122 -1.4970 5.2650 71 83 87
-2.5865 -1.6841 5.9230 67 82 79
-2.3905 -1.6369 5.7570 88 96 95
-2.3200 -1.6681 5.8670 80 86 86
-2.3269 -1.7691 6.2220 79 86 92
-2.2858 -1.8436 6.4840 69 74 83
-2.3175 -1.9903 7.0000 72 72 68
-4.2383 -3.8921 13.6890 14 9 17
-4.5772 -4.4906 15.7940 19 15 18
-5.0091 -5.3072 18.6660 5 3 10
-4.2246 -4.8651 17.1110 5 4 11
-3.7531 -4.7334 16.6480 12 6 10
-3.6956 -5.1511 18.1170 11 6 16
-3.2416 -5.0041 17.6000 19 10 17
-2.9481 -5.1511 18.1170 22 18 21
-3.2229 -6.4866 22.8140 33 28 26
-3.3547 -7.9608 27.9990 15 9 11
-2.9336 -8.3401 29.3330 19 15 18
-2.0162 -7.2975 25.6660 22 18 19
-1.4068 -7.0055 24.6390 26 15 19
-0.9546 -7.6148 26.7820 19 23 48
-0.7945 -15.9219 55.9990 21 51 85
11.8949 -14.5950 51.3320 31 40 50
16.6392 -14.5950 51.3320 24 21 35
7.8846 -6.4866 22.8140 26 25 32
5.3833 -4.1699 14.6660 13 13 9
5.4392 -3.9805 14.0000 17 6 10
7.1864 -5.0041 17.6000 17 11 13
12.6066 -8.3401 29.3330 12 8 11
11.5813 -7.2975 25.6660 9 5 8
9.3923 -5.6495 19.8700 13 7 13
8.2265 -4.7334 16.6480 13 9 10
7.9148 -4.3786 15.4000 17 8 13
-2.5668 -1.3930 4.9280 106 113 107
-2.4811 -1.4043 4.9680 81 92 90
-2.4533 -1.4510 5.1330 86 100 78
-2.4665 -1.5273 5.4030 75 85 90
-2.5865 -1.6743 5.9230 66 81 80
-2.3905 -1.6274 5.7570 73 76 77
-2.3324 -1.6743 5.9230 67 70 73
-2.3166 -1.7588 6.2220 77 88 86
-2.2751 -1.8329 6.4840 67 69 79
-2.3175 -1.9787 7.0000 77 72 68
-4.2383 -3.8695 13.6890 14 13 17
-4.5512 -4.4646 15.7940 20 14 18
-4.9783 -5.2764 18.6660 6 5 9
-3.9754 -4.5822 16.2100 4 3 10
-3.6544 -4.5822 16.2100 8 4 7
-3.8076 -5.2764 18.6660 11 6 16
-3.3069 -5.1212 18.1170 21 12 19
-3.0066 -5.2764 18.6660 20 16 19
-3.3079 -6.6971 23.6920 17 9 8
-3.3547 -7.9146 27.9990 13 7 9
-2.7539 -7.9146 27.9990 18 15 12
-1.8948 -6.9648 24.6390 22 16 18
-1.3137 -6.6971 23.6920 24 13 17
-0.9518 -7.9146 27.9990 37 44 68
13.2572 -17.4122 61.5980 20 18 29
9.1118 -10.8827 38.4990 46 43 57
19.4586 -17.4122 61.5980 16 13 27
9.8955 -8.2917 29.3330 24 23 32
5.6670 -4.4646 15.7940 9 8 15
5.4236 -4.0493 14.3250 11 7 10
6.1610 -4.3532 15.4000 15 6 11
10.3859 -6.9648 24.6390 9 4 12
14.3614 -9.1643 32.4200 11 10 12
10.5956 -6.4489 22.8140 10 8 19
9.0388 -5.2764 18.6660 13 7 9
7.9869 -4.4646 15.7940 8 3 11
8.1181 -4.3532 15.4000 8 1 10
-2.4622 -1.3630 4.8500 84 95 95
-2.4957 -1.4425 5.1330 72 86 90
-2.4141 -1.4546 5.1760 85 94 87
-2.5616 -1.6179 5.7570 74 72 79
-2.5575 -1.6971 6.0390 81 84 83
-2.3362 -1.6330 5.8110 71 78 82
-2.3680 -1.7485 6.2220 71 73 81
-2.3147 -1.8031 6.4160 60 67 75
-2.2236 -1.8416 6.5530 86 86 90
-3.2098 -2.8378 10.0980 17 8 13
-4.3471 -4.1215 14.6660 19 10 15
-4.9813 -5.0913 18.1170 9 8 15
-4.3658 -4.8086 17.1110 5 4 6
-3.7882 -4.5554 16.2100 8 4 7
-3.7354 -4.9460 17.6000 10 1 8
-3.5611 -5.2456 18.6660 21 12 17
-3.0976 -5.0913 18.1170 15 6 11
-3.2893 -6.1823 21.9990 33 28 24
-3.5857 -7.8684 27.9990 12 6 8
-3.1272 -8.2433 29.3330 13 13 17
-2.2806 -7.5264 26.7820 38 33 31
-1.4909 -6.4113 22.8140 26 17 24
-1.1266 -7.2128 25.6660 18 17 21
-0.7275 -9.1108 32.4200 13 44 81
9.9778 -12.3648 43.9990 22 29 37
11.7619 -13.3158 47.3830 37 39 45
15.2027 -13.3158 47.3830 13 11 27
8.4340 -6.9242 24.6390 19 17 24
5.3349 -4.1215 14.6660 10 10 10
5.3930 -3.9343 14.0000 16 10 16
7.5909 -5.2456 18.6660 12 8 11
11.9409 -7.8684 27.9990 13 9 12
15.3286 -9.6169 34.2210 7 6 8
11.5652 -6.9242 24.6390 12 8 13
8.6388 -4.9460 17.6000 17 8 13
7.6967 -4.2221 15.0240 17 8 13
-2.5831 -1.3768 4.9280 89 96 100
-2.4774 -1.3768 4.9280 87 93 95
-2.4703 -1.4340 5.1330 91 109 107
-2.4002 -1.4583 5.2200 72 80 81
-2.6735 -1.7039 6.0990 72 83 81
-2.5029 -1.6707 5.9800 75 75 75
-2.3746 -1.6707 5.9800 69 77 78
-2.3852 -1.7740 6.3500 69 83 87
-2.2965 -1.8115 6.4840 80 79 86
-2.2275 -1.8704 6.6950 69 63 65
-3.7794 -3.3743 12.0780 19 15 18
-4.3789 -4.1973 15.0240 19 10 13
-4.8916 -5.0614 18.1170 5 4 15
-4.0289 -4.5287 16.2100 5 4 8
-3.6812 -4.5287 16.2100 9 7 14
-3.7554 -5.0614 18.1170 15 6 13
-3.3667 -5.0614 18.1170 20 9 15
-3.0682 -5.2148 18.6660 20 14 16
-3.3861 -6.6189 23.6920 27 17 15
-3.5629 -8.1949 29.3330 13 9 10
-2.8464 -7.8222 27.9990 20 16 17
-1.9761 -6.8835 24.6390 21 13 12
-1.3403 -6.3736 22.8140 26 13 17
-0.9988 -7.4822 26.7820 19 17 33
-0.8869 -15.6447 55.9990 21 50 87
8.3963 -10.1228 36.2340 36 40 52
15.5954 -17.2089 61.5980 34 37 40
12.6065 -10.7556 38.4990 25 20 28
6.9327 -5.5512 19.8700 13 6 15
5.3054 -4.0020 14.3250 12 8 9
5.5891 -4.0020 14.3250 14 8 10
8.4518 -5.7364 20.5330 11 7 10
14.0403 -9.0573 32.4200 11 10 14
13.9991 -8.6044 30.7990 8 4 9
10.4712 -6.1460 21.9990 20 13 22
8.2540 -4.6510 16.6480 12 7 15
7.7711 -4.1973 15.0240 7 1 3
-2.5506 -1.3686 4.9280 84 92 93
-2.4845 -1.3908 5.0080 72 88 98
-2.4364 -1.4256 5.1330 65 83 77
-2.4362 -1.4875 5.3560 77 75 86
-2.6966 -1.7280 6.2220 75 74 78
-2.4168 -1.6294 5.8670 79 84 89
-2.3816 -1.6938 6.0990 74 73 84
-2.3538 -1.7635 6.3500 83 94 94
-2.2644 -1.8008 6.4840 64 69 76
-2.4324 -2.0610 7.4210 59 59 61
-4.1018 -3.7190 13.3910 12 11 11
-4.3868 -4.2769 15.4000 15 11 16
-4.6649 -4.8879 17.6000 6 4 11
-3.7514 -4.2769 15.4000 4 6 14
-3.6009 -4.5019 16.2100 5 3 10
-3.6358 -5.0315 18.1170 6 5 14
-3.2471 -5.0315 18.1170 15 9 15
-3.2735 -5.7025 20.5330 18 14 15
-3.5411 -7.1281 25.6660 36 32 25
-3.4177 -8.1465 29.3330 9 9 11
-2.6615 -7.7760 27.9990 19 10 13
-1.7438 -6.5798 23.6920 15 9 13
-1.2273 -6.3360 22.8140 25 12 16
-0.9961 -8.5536 30.7990 26 42 77
11.2172 -14.2561 51.3320 22 17 29
6.4271 -7.4380 26.7820 34 29 39
17.3202 -15.5523 55.9990 12 11 20
12.6700 -10.6921 38.4990 20 15 23
6.5435 -5.1840 18.6660 13 11 20
5.3291 -3.9784 14.3250 13 9 10
5.9114 -4.1725 15.0240 15 9 13
9.4660 -6.3360 22.8140 16 9 18
14.0938 -9.0038 32.4200 6 5 7
15.6110 -9.5040 34.2210 6 4 11
10.8968 -6.3360 22.8140 15 9 15
8.3089 -4.6235 16.6480 9 7 14
7.8207 -4.1725 15.0240 12 3 6
-2.5424 -1.3605 4.9280 113 121 122
-2.4965 -1.3939 5.0490 69 85 93
-2.4081 -1.4055 5.0910 76 94 90
-2.5056 -1.5319 5.5490 53 62 72
-2.6760 -1.7177 6.2220 83 90 94
-2.4301 -1.6352 5.9230 88 97 107
-2.3952 -1.7006 6.1600 83 89 91
-2.3328 -1.7531 6.3500 83 89 91
-2.2430 -1.7901 6.4840 23 22 26
-2.7758 -2.3618 8.5550 24 24 26
-4.1705 -3.7792 13.6890 9 8 10
-4.5908 -4.4752 16.2100 13 12 16
-4.4788 -4.7239 17.1110 7 2 10
-3.7005 -4.2515 15.4000 5 4 13
-3.5474 -4.4752 16.2100 12 8 13
-3.6059 -5.0016 18.1170 15 14 23
-3.2172 -5.0016 18.1170 12 10 19
-3.4346 -6.0733 21.9990 60 56 57
-3.7706 -7.7298 27.9990 16 10 12
-3.3209 -8.0981 29.3330 8 10 16
-2.6153 -7.7298 27.9990 19 13 15
-1.6415 -6.2983 22.8140 15 9 15
-1.1109 -6.0733 21.9990 24 15 20
-0.9415 -8.9503 32.4200 24 48 89
9.7600 -12.1470 43.9990 26 24 35
5.5125 -6.2983 22.8140 39 37 48
18.9503 -17.0056 61.5980 9 11 19
12.6700 -10.6286 38.4990 19 14 22
6.5435 -5.1532 18.6660 16 14 23
5.3291 -3.9548 14.3250 9 5 6
5.8866 -4.1477 15.0240 9 3 5
9.0916 -6.0733 21.9990 14 9 17
14.0938 -8.9503 32.4200 11 7 10
16.5293 -10.0033 36.2340 8 3 13
12.7479 -7.3938 26.7820 16 10 16
8.7550 -4.8589 17.6000 12 7 15
7.7959 -4.1477 15.0240 20 9 15
-2.5631 -1.3633 4.9680 93 99 97
-2.4965 -1.3856 5.0490 74 85 94
-2.4165 -1.3971 5.0910 73 96 92
-2.4486 -1.4827 5.4030 80 85 94
-2.6863 -1.7075 6.2220 75 92 97
-2.4301 -1.6254 5.9230 70 74 86
-2.3952 -1.6904 6.1600 67 78 74
-2.3677 -1.7607 6.4160 87 90 91
-2.2537 -1.7794 6.4840 68 74 74
-2.6089 -2.1954 8.0000 34 34 36
-4.0797 -3.6748 13.3910 10 10 10
-4.4730 -4.3342 15.7940 12 11 15
-4.5070 -4.6957 17.1110 7 0 9
-3.7260 -4.2261 15.4000 4 3 14
-3.4824 -4.3342 15.7940 9 5 10
-3.6059 -4.9717 18.1170 16 18 26
-3.2172 -4.9717 18.1170 12 10 19
-3.2396 -5.6347 20.5330 28 24 25
-3.8168 -7.6836 27.9990 26 19 13
-3.3693 -8.0497 29.3330 4 6 12
-2.6153 -7.6836 27.9990 18 14 15
-1.6415 -6.2607 22.8140 10 4 10
-1.1077 -5.8290 21.2410 16 7 12
-0.9453 -8.4520 30.7990 28 46 80
9.6874 -12.0744 43.9990 26 24 33
5.5125 -6.2607 22.8140 39 38 49
17.4126 -15.3674 55.9990 23 24 37
11.9844 -9.9435 36.2340 18 13 21
6.5743 -5.1224 18.6660 18 16 25
5.4801 -4.0247 14.6660 12 8 9
6.2405 -4.3342 15.7940 11 7 12
9.8694 -6.5016 23.6920 11 6 14
14.1474 -8.8968 32.4200 8 4 7
16.5891 -9.9435 36.2340 7 5 14
11.8092 -6.7615 24.6390 13 7 11
8.5682 -4.6957 17.1110 11 9 16
7.8455 -4.1229 15.0240 17 3 14
-2.5343 -1.3442 4.9280 101 101 103
-2.5089 -1.3887 5.0910 80 90 97
-2.3799 -1.3772 5.0490 89 95 93
-2.4524 -1.4869 5.4510 72 81 91
-2.6392 -1.6803 6.1600 68 91 96
-2.3975 -1.6004 5.8670 76 74 88
-2.3614 -1.6636 6.0990 75 86 84
-2.3465 -1.7501 6.4160 94 94 88
-2.2088 -1.7501 6.4160 43 44 40
-2.7239 -2.3017 8.4380 21 20 22
-3.9713 -3.5750 13.1060 13 12 14
-4.4469 -4.3082 15.7940 11 10 14
-4.2162 -4.4217 16.2100 8 2 6
-3.6751 -4.2007 15.4000 3 2 11
-3.5206 -4.4217 16.2100 10 1 8
-3.5760 -4.9418 18.1170 13 12 19
-3.1873 -4.9418 18.1170 13 11 20
-3.6598 -6.4625 23.6920 25 22 19
-3.7244 -7.6374 27.9990 10 4 8
-3.2725 -8.0013 29.3330 13 15 21
-2.5691 -7.6374 27.9990 16 10 14
-1.5466 -6.0007 21.9990 8 4 9
-1.0746 -6.0007 21.9990 18 9 14
-1.1248 -11.2017 41.0660 17 45 80
7.7604 -9.3346 34.2210 34 33 44
5.6255 -6.2230 22.8140 33 32 41
16.2156 -14.0020 51.3320 28 30 38
9.8955 -8.0013 29.3330 26 26 28
5.6670 -4.3082 15.7940 9 9 13
5.5527 -4.0005 14.6660 8 4 7
7.0412 -4.8008 17.6000 7 9 15
11.2892 -7.3054 26.7820 6 4 11
16.0509 -9.8837 36.2340 6 2 5
15.0570 -8.8433 32.4200 11 9 18
10.6528 -6.0007 21.9990 14 1 5
8.6529 -4.6674 17.1110 18 9 16
8.5451 -4.4217 16.2100 15 3 18
-2.5221 -1.3469 4.9680 94 107 102
-2.4753 -1.3803 5.0910 91 92 88
-2.3745 -1.3803 5.0910 89 89 91
-2.5144 -1.5321 5.6510 78 85 89
-2.5575 -1.6373 6.0390 76 82 93
-2.3362 -1.5755 5.8110 80 83 86
-2.3923 -1.7043 6.2860 56 73 78
-2.3147 -1.7395 6.4160 75 86 84
-2.2002 -1.7580 6.4840 70 73 76
-3.1580 -2.6936 9.9350 18 14 17
-4.1497 -3.7957 14.0000 18 9 12
-4.5774 -4.5137 16.6480 10 9 18
-4.0298 -4.2821 15.7940 6 2 5
-3.5989 -4.1753 15.4000 4 2 9
-3.5333 -4.5137 16.6480 12 3 10
-3.4564 -4.9119 18.1170 12 8 11
-3.2594 -5.2188 19.2490 11 6 14
-3.6841 -6.6802 24.6390 26 23 20
-3.5857 -7.5912 27.9990 10 4 10
-2.9850 -7.5912 27.9990 11 14 17
-2.2806 -7.2612 26.7820 21 15 19
-1.4013 -5.9644 21.9990 13 11 20
-0.9656 -5.9644 21.9990 14 8 12
-1.2566 -15.1826 55.9990 23 52 91
5.2866 -6.1854 22.8140 30 32 40
7.4265 -7.9528 29.3330 29 29 33
15.2809 -12.8466 47.3830 24 23 32
8.7856 -6.9586 25.6660 17 17 19
5.4651 -4.0734 15.0240 10 10 12
5.7875 -4.0734 15.0240 12 5 18
8.6381 -5.7589 21.2410 13 7 11
12.5582 -7.9528 29.3330 11 6 14
16.2303 -9.8239 36.2340 8 4 9
13.7685 -7.9528 29.3330 10 8 15
10.0784 -5.5670 20.5330 10 4 8
8.3043 -4.3949 16.2100 19 10 17
-2.5959 -1.3387 4.9680 102 106 99
-2.5382 -1.3606 5.0490 78 81 80
-2.4501 -1.3719 5.0910 81 93 95
-2.3408 -1.3719 5.0910 82 87 96
-2.6472 -1.6273 6.0390 78 81 80
-2.4459 -1.5810 5.8670 66 75 85
-2.3519 -1.5961 5.9230 76 84 85
-2.3852 -1.7112 6.3500 89 102 99
-2.2724 -1.7289 6.4160 61 85 95
-2.3027 -1.8650 6.9210 68 64 69
-3.9129 -3.3875 12.5710 13 12 14
-4.0804 -3.7726 14.0000 18 9 14
-4.4950 -4.4862 16.6480 6 4 11
-3.8276 -4.1499 15.4000 9 8 12
-3.4972 -4.1499 15.4000 6 2 7
-3.6192 -4.7427 17.6000 14 8 14
-3.4687 -5.0300 18.6660 21 17 20
-3.2661 -5.3544 19.8700 15 9 13
-3.6682 -6.9163 25.6660 26 19 13
-3.5629 -7.9044 29.3330 12 8 13
-2.7226 -7.2170 26.7820 14 16 22
-2.0585 -6.9163 25.6660 12 5 14
-1.2063 -5.5331 20.5330 15 6 11
-0.9988 -7.2170 26.7820 15 16 29
12.1446 -15.0902 55.9990 25 20 30
4.1655 -4.7427 17.6000 29 34 43
11.3575 -11.8565 43.9990 24 22 29
14.3348 -11.8565 43.9990 37 35 44
7.9223 -6.1477 22.8140 19 15 20
5.4075 -3.9521 14.6660 9 8 10
5.9831 -4.1499 15.4000 9 4 14
9.0189 -5.9281 21.9990 12 3 6
13.2875 -8.2995 30.7990 5 3 10
16.4097 -9.7641 36.2340 12 7 15
12.7037 -7.2170 26.7820 12 5 14
9.8186 -5.3544 19.8700 11 7 10
8.3578 -4.3682 16.2100 17 4 12
-2.6002 -1.3413 5.0080 89 101 103
-2.5132 -1.3522 5.0490 56 77 83
-2.3853 -1.3413 5.0080 89 106 107
-2.4035 -1.4101 5.2650 83 87 99
-2.6016 -1.6016 5.9800 89 88 90
-2.3810 -1.5419 5.7570 76 85 97
-2.3006 -1.5713 5.8670 60 70 73
-2.3301 -1.6835 6.2860 88 91 92
-2.2512 -1.7183 6.4160 61 78 83
-2.4156 -1.9639 7.3330 69 63 65
-3.9521 -3.4370 12.8330 7 6 10
-4.1042 -3.8366 14.3250 12 8 13
-4.4126 -4.4587 16.6480 5 4 8
-3.7768 -4.1245 15.4000 8 7 16
-3.4464 -4.1245 15.4000 4 3 7
-3.6657 -4.8521 18.1170 15 10 20
-3.2770 -4.8521 18.1170 17 10 19
-3.5072 -5.8918 21.9990 24 18 20
-3.7393 -7.1728 26.7820 30 25 23
-3.4661 -7.8560 29.3330 7 6 10
-2.5900 -7.1728 26.7820 18 18 18
-1.7829 -6.3452 23.6920 9 5 10
-1.1046 -5.4992 20.5330 13 7 11
-0.9971 -7.8560 29.3330 22 34 52
9.0416 -10.9984 41.0660 18 15 29
4.0226 -4.4587 16.6480 35 33 44
19.0520 -16.4973 61.5980 20 22 28
14.5527 -11.7839 43.9990 42 38 39
6.7478 -5.1553 19.2490 16 12 17
5.5891 -4.0238 15.0240 11 10 10
6.5504 -4.4587 16.6480 7 6 10
10.6494 -6.8739 25.6660 7 6 10
12.8003 -7.8560 29.3330 11 7 10
16.5293 -9.7043 36.2340 12 5 14
11.7685 -6.5989 24.6390 9 2 11
9.3161 -4.9992 18.6660 15 8 21
8.6661 -4.4587 16.6480 23 5 13
-2.5549 -1.3223 4.9680 102 91 97
-2.4965 -1.3439 5.0490 88 101 110
-2.3688 -1.3330 5.0080 82 90 89
-2.4614 -1.4509 5.4510 79 86 94
-2.5973 -1.6074 6.0390 66 65 74
-2.3525 -1.5324 5.7570 76 82 80
-2.3252 -1.5917 5.9800 76 87 83
-2.3328 -1.6902 6.3500 91 99 100
-2.2194 -1.7078 6.4160 52 59 63
-2.7378 -2.2460 8.4380 10 9 16
-3.9097 -3.4158 12.8330 9 8 10
-4.1535 -3.9037 14.6660 10 8 15
-4.3576 -4.4312 16.6480 7 3 8
-3.7005 -4.0991 15.4000 6 5 12
-3.5474 -4.3147 16.2100 6 5 7
-3.6059 -4.8222 18.1170 13 11 18
-3.2172 -4.8222 18.1170 14 9 19
-3.6989 -6.3062 23.6920 32 28 29
-3.7706 -7.4526 27.9990 19 10 17
-3.1698 -7.4526 27.9990 12 11 18
-2.5016 -7.1286 26.7820 18 15 12
-1.7047 -6.3062 23.6920 8 4 9
-1.0368 -5.4653 20.5330 17 11 13
-1.1181 -10.2474 38.4990 20 48 81
8.1571 -9.6445 36.2340 22 21 32
4.1910 -4.5545 17.1110 38 36 50
19.2553 -16.3957 61.5980 22 27 32
13.7181 -10.9306 41.0660 62 56 60
6.0831 -4.5545 17.1110 14 12 19
6.1106 -4.3147 16.2100 9 5 10
7.6374 -5.1235 19.2490 6 5 12
11.7098 -7.4526 27.9990 11 10 17
13.5416 -8.1978 30.7990 10 4 10
15.7805 -9.1087 34.2210 9 2 13
10.2507 -5.6538 21.2410 20 7 11
9.1019 -4.8222 18.1170 14 4 14
8.9636 -4.5545 17.1110 17 3 16
-2.5385 -1.3141 4.9680 96 102 104
-2.4715 -1.3356 5.0490 87 85 96
-2.3440 -1.3247 5.0080 70 76 89
-2.4434 -1.4419 5.4510 83 90 94
-2.5040 -1.5520 5.8670 86 98 116
-2.2906 -1.4948 5.6510 79 85 85
-2.2956 -1.5818 5.9800 72 72 76
-2.2782 -1.6628 6.2860 84 95 95
-2.1756 -1.6797 6.3500 66 65 72
-2.9094 -2.3963 9.0590 11 9 20
-3.9280 -3.4668 13.1060 10 9 11
-4.1805 -3.9742 15.0240 7 6 10
-4.1627 -4.2879 16.2100 3 2 6
-3.6497 -4.0736 15.4000 7 5 14
-3.5883 -4.4038 16.6480 9 3 7
-3.5162 -4.7923 18.1170 10 9 13
-3.2223 -4.9376 18.6660 12 7 17
-3.8800 -6.7892 25.6660 21 17 18
-3.5183 -7.0844 26.7820 14 5 12
-2.9437 -7.0844 26.7820 11 10 14
-2.3690 -7.0844 26.7820 15 9 15
-1.4739 -5.8192 21.9990 5 4 8
-1.0020 -5.8192 21.9990 14 8 12
-1.1325 -11.6387 43.9990 13 42 79
5.8627 -6.7892 25.6660 28 33 42
5.1308 -5.4314 20.5330 27 29 37
17.7823 -14.8130 55.9990 39 51 53
11.6010 -9.0522 34.2210 63 62 62
5.9734 -4.4038 16.6480 18 16 23
6.1641 -4.2879 16.2100 13 8 16
8.2485 -5.4314 20.5330 10 8 15
11.8484 -7.4063 27.9990 7 5 14
13.0423 -7.7592 29.3330 9 3 9
12.4385 -7.0844 26.7820 6 4 15
9.6546 -5.2561 19.8700 24 6 12
9.4701 -4.9376 18.6660 15 6 11
9.5803 -4.7923 18.1170 18 6 17
-2.5221 -1.3059 4.9680 86 91 107
-2.4549 -1.3272 5.0490 92 97 106
-2.3089 -1.3059 4.9680 77 81 93
-2.4825 -1.4721 5.6000 82 88 90
-2.4285 -1.5134 5.7570 72 81 104
-2.2309 -1.4587 5.5490 75 81 81
-2.2542 -1.5570 5.9230 83 83 87
-2.2575 -1.6524 6.2860 76 87 87
-2.1894 -1.7045 6.4840 76 76 78
-3.3582 -2.7917 10.6200 19 15 20
-3.8847 -3.4452 13.1060 16 15 22
-4.2343 -4.0482 15.4000 13 7 13
-4.1092 -4.2612 16.2100 3 2 6
-3.5735 -4.0482 15.4000 9 2 11
-3.6034 -4.4980 17.1110 11 7 10
-3.5611 -4.9068 18.6660 15 15 17
-3.2594 -5.0600 19.2490 12 7 15
-3.7953 -6.7469 25.6660 31 26 24
-3.5395 -7.3601 27.9990 12 3 8
-2.8110 -7.0402 26.7820 19 15 20
-2.2806 -7.0402 26.7820 11 7 12
-1.4013 -5.7829 21.9990 7 5 12
-0.9638 -5.9972 22.8140 10 3 14
-1.1642 -14.7206 55.9990 12 48 87
0.0411 -16.1924 61.5980 9 49 89
1.2610 -16.1924 61.5980 21 23 29
6.1619 -7.0402 26.7820 32 37 44
5.9593 -6.2280 23.6920 38 41 44
17.9672 -14.7206 55.9990 43 54 65
9.5842 -7.3601 27.9990 46 45 45
6.3731 -4.6265 17.6000 3 6 9
6.7507 -4.6265 17.6000 10 3 14
9.2401 -5.9972 22.8140 13 13 15
11.9409 -7.3601 27.9990 5 4 13
13.7958 -8.0962 30.7990 13 2 10
12.0049 -6.7469 25.6660 6 5 16
9.7202 -5.2233 19.8700 18 7 11
9.2514 -4.7624 18.1170 17 11 17
-2.5627 -1.2771 4.8890 97 104 110
-2.5176 -1.3082 5.0080 94 96 104
-2.4184 -1.3082 5.0080 81 94 91
-2.3109 -1.3082 5.0080 79 91 93
-2.5097 -1.4900 5.7040 80 90 93
-2.3874 -1.4900 5.7040 64 79 94
-2.2237 -1.4628 5.6000 75 79 74
-2.2561 -1.5621 5.9800 88 98 105
-2.2595 -1.6588 6.3500 87 99 105
-2.1911 -1.7118 6.5530 69 69 69
-3.5694 -2.9798 11.4070 10 9 13
-3.9029 -3.4980 13.3910 19 18 20
-4.2905 -4.1257 15.7940 9 4 12
-4.0557 -4.2344 16.2100 7 6 10
-3.6127 -4.1257 15.7940 8 1 10
-3.6482 -4.5975 17.6000 13 9 14
-3.4687 -4.8760 18.6660 13 13 15
-3.2989 -5.1905 19.8700 14 8 14
-3.7105 -6.7045 25.6660 38 33 31
-3.2973 -6.9960 26.7820 14 8 10
-2.6092 -6.7045 25.6660 14 10 13
-2.0585 -6.7045 25.6660 7 2 10
-1.3287 -5.7466 21.9990 11 7 12
-0.9595 -6.4362 24.6390 9 10 23
-0.9793 -14.6281 55.9990 3 39 78
0.2222 -14.6281 55.9990 15 52 98
1.5660 -16.0907 61.5980 31 31 35
5.4900 -6.1889 23.6920 32 37 44
6.7807 -6.9960 26.7820 34 37 40
18.2444 -14.6281 55.9990 46 62 70
9.3002 -6.9960 26.7820 55 52 49
6.8515 -4.8760 18.6660 6 9 10
7.0387 -4.7325 18.1170 11 7 12
10.1013 -6.4362 24.6390 9 9 13
11.5545 -6.9960 26.7820 7 5 12
12.6802 -7.3139 27.9990 15 2 10
10.3986 -5.7466 21.9990 8 2 8
9.5117 -5.0283 19.2490 14 5 8
9.0745 -4.5975 17.6000 12 7 17
-2.5587 -1.2792 4.9280 74 86 76
-2.4928 -1.2999 5.0080 77 77 77
-2.3745 -1.2895 4.9680 84 101 87
-2.3432 -1.3324 5.1330 84 89 96
-2.4815 -1.4806 5.7040 84 91 97
-2.3161 -1.4536 5.6000 71 84 79
-2.1959 -1.4536 5.6000 60 68 69
-2.2485 -1.5676 6.0390 80 95 94
-2.2280 -1.6483 6.3500 67 83 93
-2.3873 -1.8811 7.2470 72 68 69
-3.9521 -3.3311 12.8330 12 12 16
-4.0111 -3.6340 14.0000 16 15 17
-4.4400 -4.3213 16.6480 9 9 13
-4.0829 -4.3213 16.6480 9 7 14
-3.6276 -4.2076 16.2100 6 2 7
-3.6657 -4.7027 18.1170 11 6 14
-3.3763 -4.8452 18.6660 16 12 15
-3.4214 -5.5136 21.2410 31 21 21
-3.5835 -6.6622 25.6660 38 30 29
-3.1647 -6.9518 26.7820 11 10 10
-2.4821 -6.6622 25.6660 23 17 19
-1.9314 -6.6622 25.6660 10 9 11
-1.2198 -5.7103 21.9990 10 4 10
-0.9518 -7.2677 27.9990 12 23 46
-0.7021 -14.5357 55.9990 16 55 93
0.4578 -13.3243 51.3320 8 45 91
13.2572 -15.9891 61.5980 16 14 25
4.1655 -4.5685 17.6000 36 36 38
9.9378 -9.9932 38.4990 17 19 25
16.9781 -13.3243 51.3320 61 66 73
7.7482 -5.7103 21.9990 33 30 27
6.9748 -4.8452 18.6660 9 5 10
8.0790 -5.3298 20.5330 12 6 12
11.1124 -6.9518 26.7820 4 3 10
11.2001 -6.6622 25.6660 11 6 14
11.2805 -6.3956 24.6390 18 4 15
9.5235 -5.1577 19.8700 10 1 6
9.3161 -4.8452 18.6660 19 13 19
9.1617 -4.5685 17.6000 15 10 18
-2.5142 -1.2610 4.8890 94 106 96
-2.4680 -1.2917 5.0080 92 98 96
-2.3044 -1.2610 4.8890 84 90 92
-2.3571 -1.3463 5.2200 80 85 90
-2.4533 -1.4712 5.7040 77 84 90
-2.2275 -1.4059 5.4510 78 93 92
-2.1682 -1.4444 5.6000 75 78 81
-2.2756 -1.6048 6.2220 83 97 101
-2.1966 -1.6378 6.3500 48 50 60
-2.7009 -2.1469 8.3240 17 16 23
-3.8885 -3.3099 12.8330 6 5 12
-4.1293 -3.7827 14.6660 9 8 12
-4.5778 -4.5394 17.6000 4 2 9
-4.1117 -4.4133 17.1110 6 5 14
-3.7446 -4.4133 17.1110 9 3 7
-3.7994 -4.9647 19.2490 13 11 18
-3.2839 -4.8144 18.6660 14 13 17
-3.6989 -6.1107 23.6920 33 28 26
-3.4564 -6.6198 25.6660 27 16 20
-2.9057 -6.6198 25.6660 11 10 12
-2.3550 -6.6198 25.6660 16 12 17
-1.6656 -6.1107 23.6920 7 6 8
-1.1109 -5.6740 21.9990 17 8 13
-0.9938 -8.8263 34.2210 9 51 81
-0.3594 -12.2211 47.3830 17 53 92
0.6572 -12.2211 47.3830 16 34 61
10.4324 -12.2211 47.3830 16 14 28
4.1063 -4.4133 17.1110 34 30 35
13.4199 -13.2396 51.3320 19 18 25
11.0975 -8.3618 32.4200 63 70 62
7.4691 -5.2959 20.5330 2 5 6
8.1823 -5.4785 21.2410 9 8 10
9.9793 -6.3549 24.6390 5 4 8
11.4218 -6.9076 26.7820 4 3 12
11.4966 -6.6198 25.6660 10 1 8
9.9702 -5.4785 21.2410 8 3 13
9.1620 -4.8144 18.6660 19 11 10
9.5317 -4.8144 18.6660 15 11 16
-2.5627 -1.2529 4.8890 110 110 106
-2.4774 -1.2629 4.9280 110 93 93
-2.3909 -1.2732 4.9680 81 96 93
-2.2843 -1.2732 4.9680 83 93 107
-2.4640 -1.4351 5.6000 78 96 92
-2.3438 -1.4351 5.6000 79 86 92
-2.1645 -1.3969 5.4510 76 87 85
-2.2249 -1.5179 5.9230 71 88 93
-2.2263 -1.6109 6.2860 59 62 61
-2.1911 -1.6793 6.5530 66 77 73
-3.5694 -2.9233 11.4070 14 10 15
-3.9029 -3.4317 13.3910 9 8 12
-4.4950 -4.2664 16.6480 5 4 8
-4.2529 -4.3850 17.1110 5 5 9
-3.8081 -4.2664 16.6480 11 6 14
-3.7554 -4.6429 18.1170 13 8 16
-3.5771 -4.9330 19.2490 18 14 17
-3.3751 -5.2620 20.5330 29 20 23
-3.6682 -6.5774 25.6660 56 40 45
-3.1599 -6.5774 25.6660 12 8 9
-2.4085 -6.0716 23.6920 21 15 17
-2.1480 -6.8634 26.7820 11 7 12
-1.3919 -6.0716 23.6920 9 3 7
-0.9988 -6.8634 26.7820 11 9 23
-0.7695 -11.2757 43.9990 1 36 80
0.1746 -11.2757 43.9990 14 48 95
1.3050 -13.1549 51.3320 31 30 39
7.0861 -7.8929 30.7990 36 44 43
6.4558 -6.5774 25.6660 31 29 36
18.5217 -14.3509 55.9990 68 85 88
8.6780 -6.3143 24.6390 15 15 17
7.6724 -5.2620 20.5330 5 4 8
8.6922 -5.6377 21.9990 9 5 10
11.1566 -6.8634 26.7820 6 5 12
10.7519 -6.3143 24.6390 7 3 8
10.0719 -5.6377 21.9990 11 0 10
8.9464 -4.7835 18.6660 11 2 7
9.0720 -4.6429 18.1170 16 10 14
9.4607 -4.6429 18.1170 12 7 17
-2.4942 -1.2349 4.8500 84 110 97
-2.4680 -1.2751 5.0080 81 92 92
-2.3044 -1.2448 4.8890 91 97 97
-2.3485 -1.3291 5.2200 80 81 94
-2.4533 -1.4524 5.7040 86 93 99
-2.2079 -1.3757 5.4030 72 84 88
-2.1682 -1.4259 5.6000 80 80 82
-2.2529 -1.5685 6.1600 79 100 108
-2.1861 -1.6168 6.3500 60 55 65
-2.6648 -2.0912 8.2130 16 15 17
-3.9713 -3.3371 13.1060 16 15 19
-4.1293 -3.7343 14.6660 12 12 14
-4.7122 -4.6130 18.1170 6 4 11
-4.3235 -4.6130 18.1170 5 4 11
-3.9647 -4.6130 18.1170 13 9 12
-3.7994 -4.9012 19.2490 10 8 15
-3.2839 -4.7527 18.6660 17 16 20
-3.8061 -6.2736 24.6390 30 24 26
-3.4140 -6.5351 25.6660 19 8 14
-2.9057 -6.5351 25.6660 15 11 16
-2.3550 -6.5351 25.6660 16 12 15
-1.8044 -6.5351 25.6660 8 8 10
-1.1144 -5.8089 22.8140 18 9 14
-0.9925 -9.2259 36.2340 13 53 84
-0.3338 -11.2030 43.9990 9 48 86
0.6103 -11.2030 43.9990 18 37 66
12.2370 -14.2585 55.9990 16 17 30
4.3477 -4.6130 18.1170 33 31 38
13.4199 -13.0702 51.3320 16 15 17
8.9974 -6.5351 25.6660 24 23 27
8.1839 -5.6014 21.9990 14 10 15
8.9765 -5.8089 22.8140 12 8 13
11.1124 -6.8192 26.7820 6 9 12
10.3387 -6.0325 23.6920 12 8 13
9.3668 -5.2281 20.5330 14 4 14
8.4064 -4.4813 17.6000 12 8 11
9.0421 -4.6130 18.1170 16 10 14
9.7166 -4.7527 18.6660 15 8 17
-2.4942 -1.2269 4.8500 80 103 95
-2.4565 -1.2568 4.9680 86 98 100
-2.3125 -1.2368 4.8890 86 101 98
-2.3571 -1.3205 5.2200 88 90 100
-2.4085 -1.4166 5.6000 90 97 103
-2.2079 -1.3668 5.4030 80 90 97
-2.1775 -1.4166 5.6000 86 86 86
-2.2406 -1.5429 6.0990 76 96 111
-2.1966 -1.6064 6.3500 51 49 58
-2.6648 -2.0776 8.2130 35 31 32
-3.9713 -3.3154 13.1060 12 11 13
-4.0569 -3.6238 14.3250 11 14 15
-4.8858 -4.7219 18.6660 3 2 9
-4.6254 -4.8694 19.2490 5 4 11
-4.0849 -4.7219 18.6660 11 7 10
-3.9220 -5.0265 19.8700 9 7 14
-3.3147 -4.7219 18.6660 12 11 15
-3.6989 -5.9934 23.6920 28 28 24
-3.4564 -6.4927 25.6660 17 8 13
-2.7894 -6.2329 24.6390 11 7 10
-2.3550 -6.4927 25.6660 16 12 15
-1.8467 -6.4927 25.6660 10 10 12
-1.1520 -5.7713 22.8140 15 9 13
-0.9938 -8.6569 34.2210 11 48 80
-0.3115 -10.3885 41.0660 16 57 94
0.5340 -9.7391 38.4990 22 41 70
2.0743 -15.5825 61.5980 25 20 28
5.5682 -5.9934 23.6920 32 32 36
9.2934 -9.1661 36.2340 25 27 33
9.8152 -7.0829 27.9990 32 28 33
8.7746 -5.9934 23.6920 14 10 15
9.2829 -5.9934 23.6920 11 7 12
11.0682 -6.7750 26.7820 4 7 10
10.7112 -6.2329 24.6390 11 7 12
9.3668 -5.1942 20.5330 14 4 14
8.6235 -4.5831 18.1170 14 8 12
8.7550 -4.4523 17.6000 14 9 17
9.4009 -4.5831 18.1170 12 5 16
-2.5424 -1.2385 4.9280 94 108 110
-2.4565 -1.2486 4.9680 103 113 116
-2.3206 -1.2287 4.8890 88 99 99
-2.3458 -1.3008 5.1760 85 87 97
-2.4178 -1.4074 5.6000 85 92 98
-2.2365 -1.3699 5.4510 78 85 93
-2.1775 -1.4074 5.6000 81 84 83
-2.2286 -1.5177 6.0390 80 91 112
-2.2071 -1.5959 6.3500 57 67 70
-2.5111 -1.9352 7.7000 49 45 48
-3.9929 -3.2938 13.1060 15 9 13
-4.0569 -3.6002 14.3250 9 12 13
-4.9166 -4.6911 18.6660 2 1 8
-4.6572 -4.8377 19.2490 4 3 10
-4.1157 -4.6911 18.6660 9 3 9
-3.9548 -4.9937 19.8700 10 8 17
-3.4182 -4.8377 19.2490 17 16 18
-3.5995 -5.7336 22.8140 26 26 20
-3.4987 -6.4504 25.6660 21 15 17
-2.8301 -6.1923 24.6390 9 5 8
-2.3015 -6.1923 24.6390 20 16 19
-1.8467 -6.4504 25.6660 5 5 7
-1.2355 -5.9543 23.6920 16 10 14
-0.9453 -7.7404 30.7990 18 42 70
-0.3793 -10.3207 41.0660 15 55 95
0.4428 -9.1063 36.2340 21 49 84
2.0743 -15.4808 61.5980 26 21 31
6.2503 -6.7309 26.7820 39 38 38
7.8485 -7.7404 30.7990 30 32 38
10.6951 -7.7404 30.7990 40 45 50
8.7355 -5.9543 23.6920 11 7 10
9.2438 -5.9543 23.6920 11 7 12
10.5223 -6.4504 25.6660 13 11 18
10.2213 -5.9543 23.6920 6 4 11
8.7175 -4.8377 19.2490 12 2 12
8.3483 -4.4232 17.6000 10 3 12
8.7259 -4.4232 17.6000 15 8 17
9.3411 -4.5532 18.1170 12 5 14
-2.5587 -1.2304 4.9280 101 100 109
-2.4530 -1.2304 4.9280 43 65 68
-2.3101 -1.2109 4.8500 86 100 106
-2.3156 -1.2711 5.0910 95 97 103
-2.4141 -1.3854 5.5490 87 92 97
-2.2747 -1.3732 5.5000 83 88 97
-2.1567 -1.3732 5.5000 80 83 82
-2.2385 -1.5078 6.0390 87 90 109
-2.1952 -1.5694 6.2860 59 69 74
-2.3596 -1.7884 7.1630 74 74 74
-4.0362 -3.2722 13.1060 27 21 25
-4.1042 -3.5765 14.3250 6 9 12
-4.9474 -4.6603 18.6660 6 5 12
-5.0017 -5.1265 20.5330 8 7 14
-4.4467 -4.9609 19.8700 10 4 10
-4.0204 -4.9609 19.8700 13 11 22
-3.4818 -4.8059 19.2490 16 12 15
-3.6371 -5.6960 22.8140 26 23 20
-3.3994 -6.1516 24.6390 29 24 22
-2.9114 -6.1516 24.6390 9 5 8
-2.2912 -5.9152 23.6920 15 11 12
-2.0154 -6.6867 26.7820 11 7 8
-1.3255 -6.1516 24.6390 10 4 10
-0.9971 -7.3236 29.3330 28 33 53
-0.4827 -9.6120 38.4990 11 45 94
0.3232 -9.0465 36.2340 22 53 94
1.5592 -12.8160 51.3320 30 28 37
6.7972 -7.3236 29.3330 44 43 43
7.3781 -7.3236 29.3330 27 34 40
13.2419 -9.6120 38.4990 48 53 60
9.7864 -6.6867 26.7820 9 3 7
9.9293 -6.4080 25.6660 14 8 10
10.4799 -6.4080 25.6660 9 4 12
10.1431 -5.9152 23.6920 9 7 14
8.9332 -4.9609 19.8700 19 9 19
8.2902 -4.3942 17.6000 9 3 9
8.6679 -4.3942 17.6000 14 10 15
9.3112 -4.5233 18.1170 9 4 12
-2.5546 -1.2126 4.8890 113 107 111
-2.4497 -1.2126 4.8890 72 89 90
-2.3448 -1.2126 4.8890 81 93 99
-2.3132 -1.2523 5.0490 84 89 94
-2.4232 -1.3763 5.5490 96 91 99
-2.2929 -1.3641 5.5000 83 90 94
-2.1943 -1.3763 5.5490 79 85 83
-2.2364 -1.4832 5.9800 85 85 103
-2.1934 -1.5432 6.2220 74 86 90
-2.2658 -1.6974 6.8440 79 87 86
-4.0794 -3.2505 13.1060 14 10 13
-4.0573 -3.4723 14.0000 12 12 14
-5.0091 -4.6295 18.6660 4 4 8
-5.0695 -5.0926 20.5330 4 4 8
-4.4795 -4.9281 19.8700 9 3 9
-4.0860 -4.9281 19.8700 9 7 16
-3.5453 -4.7741 19.2490 16 12 13
-3.4564 -5.2682 21.2410 24 18 20
-3.4807 -6.1110 24.6390 31 23 20
-2.9521 -6.1110 24.6390 12 8 13
-2.3694 -5.8761 23.6920 13 12 16
-2.1038 -6.6425 26.7820 14 8 10
-1.4068 -6.1110 24.6390 11 7 10
-0.9980 -6.9443 27.9990 22 30 49
-0.5826 -10.1852 41.0660 21 50 99
0.2036 -8.9867 36.2340 10 43 88
1.0423 -9.5485 38.4990 30 28 37
7.5125 -8.0408 32.4200 39 39 41
9.7472 -9.5485 38.4990 26 36 41
11.8834 -8.4875 34.2210 24 31 35
10.2773 -6.9443 27.9990 14 13 15
10.4052 -6.6425 26.7820 12 6 10
10.5223 -6.3657 25.6660 4 2 9
9.4909 -5.4562 21.9990 9 4 12
8.2049 -4.4934 18.1170 14 9 17
8.0881 -4.2439 17.1110 12 6 12
8.4553 -4.2439 17.1110 18 14 19
9.3411 -4.4934 18.1170 12 5 14
-2.5587 -1.2141 4.9280 96 101 110
-2.4336 -1.2045 4.8890 53 63 70
-2.3181 -1.1949 4.8500 86 98 100
-2.3240 -1.2543 5.0910 90 97 101
-2.3927 -1.3550 5.5000 95 102 110
-2.2747 -1.3550 5.5000 84 86 96
-2.1959 -1.3797 5.6000 82 89 83
-2.2265 -1.4733 5.9800 92 95 114
-2.1831 -1.5329 6.2220 65 76 85
-2.3596 -1.7647 7.1630 70 81 79
-4.1239 -3.2991 13.3910 18 14 19
-4.1278 -3.5292 14.3250 11 11 13
-4.9783 -4.5987 18.6660 4 4 8
-5.3952 -5.4199 21.9990 5 5 9
-4.5951 -5.0587 20.5330 7 1 5
-4.1545 -5.0587 20.5330 9 8 19
-3.5135 -4.7424 19.2490 16 13 10
-3.5435 -5.4199 21.9990 31 26 22
-3.5835 -6.3233 25.6660 27 17 15
-2.9114 -6.0703 24.6390 12 8 11
-2.2912 -5.8370 23.6920 18 17 21
-2.1532 -6.8981 27.9990 12 6 8
-1.4231 -6.3233 25.6660 13 9 12
-1.0469 -7.5879 30.7990 22 31 52
-0.5148 -10.1174 41.0660 12 46 93
0.3232 -8.9269 36.2340 17 46 87
1.1058 -9.4850 38.4990 31 29 40
6.8456 -7.2267 29.3330 34 37 40
9.8107 -9.4850 38.4990 20 21 36
11.9399 -8.4310 34.2210 15 20 29
10.3697 -6.8981 27.9990 13 9 12
10.4494 -6.5983 26.7820 9 8 12
10.5647 -6.3233 25.6660 6 4 11
9.1990 -5.2331 21.2410 12 7 15
7.7775 -4.2156 17.1110 11 9 18
7.9242 -4.1016 16.6480 10 1 6
8.7259 -4.3361 17.6000 18 14 19
9.6549 -4.5987 18.6660 13 7 13
-2.5506 -1.2060 4.9280 97 106 116
-2.4255 -1.1964 4.8890 81 88 96
-2.3021 -1.1869 4.8500 97 92 90
-2.2779 -1.2256 5.0080 77 87 90
-2.3624 -1.3340 5.4510 93 100 106
-2.2657 -1.3460 5.5000 88 90 100
-2.1867 -1.3704 5.6000 82 88 86
-2.2507 -1.4925 6.0990 98 103 110
-2.1952 -1.5383 6.2860 78 87 108
-2.3206 -1.7326 7.0800 80 91 87
-4.1931 -3.3500 13.6890 19 15 18
-4.2797 -3.6767 15.0240 13 13 15
-5.4084 -5.0248 20.5330 5 3 10
-5.5574 -5.5830 22.8140 6 5 9
-4.7185 -5.1981 21.2410 10 1 6
-4.1207 -5.0248 20.5330 8 7 16
-3.4500 -4.7106 19.2490 15 11 14
-3.5995 -5.5830 22.8140 21 16 12
-3.5411 -6.2810 25.6660 18 10 9
-2.8708 -6.0296 24.6390 12 8 11
-2.3421 -6.0296 24.6390 16 12 15
-2.0608 -6.8519 27.9990 12 6 10
-1.3384 -6.2810 25.6660 11 7 12
-1.0485 -7.9338 32.4200 24 54 84
-0.4471 -10.0496 41.0660 11 45 92
0.3617 -8.3745 34.2210 25 48 83
1.7933 -13.7040 55.9990 37 35 44
7.3402 -7.5371 30.7990 31 33 41
14.4551 -13.7040 55.9990 16 13 29
11.3650 -7.9338 32.4200 29 22 33
11.4576 -7.5371 30.7990 8 4 7
11.0167 -6.8519 27.9990 9 7 14
10.2233 -6.0296 24.6390 9 7 14
9.2340 -5.1981 21.2410 7 2 10
7.8057 -4.1874 17.1110 8 7 16
7.9517 -4.0741 16.6480 11 2 9
8.7840 -4.3071 17.6000 16 11 19
9.6858 -4.5679 18.6660 12 8 13
-2.5424 -1.1978 4.9280 90 96 109
-2.4174 -1.1884 4.8890 83 88 97
-2.2941 -1.1789 4.8500 90 91 87
-2.3372 -1.2581 5.1760 85 90 97
-2.3534 -1.3250 5.4510 96 108 110
-2.2767 -1.3488 5.5490 85 87 97
-2.2385 -1.3993 5.7570 78 81 80
-2.2630 -1.4973 6.1600 94 99 104
-2.1966 -1.5435 6.3500 58 61 80
-2.4801 -1.8485 7.6050 50 44 46
-4.1705 -3.3274 13.6890 16 15 17
-4.3614 -3.7433 15.4000 10 10 14
-5.3745 -4.9909 20.5330 6 4 11
-5.4821 -5.5454 22.8140 7 6 10
-4.6834 -5.1630 21.2410 9 3 7
-4.0868 -4.9909 20.5330 10 9 18
-3.4182 -4.6788 19.2490 16 15 17
-3.5618 -5.5454 22.8140 24 19 17
-3.4564 -6.2386 25.6660 14 10 11
-2.8301 -5.9890 24.6390 13 9 12
-2.3015 -5.9890 24.6390 16 10 14
-2.0146 -6.8057 27.9990 12 8 11
-1.3524 -6.5099 26.7820 12 8 13
-0.9938 -8.3181 34.2210 18 53 84
-0.4064 -10.6948 43.9990 15 54 103
0.4182 -8.3181 34.2210 28 51 86
1.8858 -13.6116 55.9990 26 21 31
8.8149 -8.8074 36.2340 37 42 49
16.0630 -11.5173 47.3830 51 53 59
10.5249 -7.1299 29.3330 17 11 13
11.1543 -7.1299 29.3330 6 5 7
10.7588 -6.5099 26.7820 13 9 14
9.6543 -5.5454 22.8140 9 7 14
8.0554 -4.4037 18.1170 8 1 12
7.7319 -4.0466 16.6480 23 19 22
8.0891 -4.0466 16.6480 12 6 12
9.4701 -4.5371 18.6660 15 15 19
10.1789 -4.6788 19.2490 17 5 20
-2.4542 -1.1709 4.8500 102 101 103
-2.3771 -1.1803 4.8890 96 98 106
-2.2903 -1.1897 4.9280 70 88 86
-2.3140 -1.2602 5.2200 84 102 111
-2.3201 -1.3278 5.5000 86 98 102
-2.2217 -1.3396 5.5490 77 73 78
-2.2329 -1.4164 5.8670 85 83 90
-2.2575 -1.5176 6.2860 76 94 92
-2.1665 -1.5489 6.4160 77 80 79
-3.4173 -2.6090 10.8070 11 10 14
-4.2224 -3.4583 14.3250 11 9 18
-4.7047 -4.1309 17.1110 9 8 17
-6.0059 -5.7197 23.6920 7 3 8
-5.7173 -5.9483 24.6390 8 4 9
-4.4731 -5.1280 21.2410 12 2 12
-3.7580 -4.7970 19.8700 15 11 14
-3.4768 -4.9570 20.5330 10 9 13
-3.7953 -6.1962 25.6660 17 12 10
-3.1148 -5.9483 24.6390 9 8 12
-2.4867 -5.7197 23.6920 14 12 21
-2.3381 -6.7595 27.9990 8 4 7
-1.7835 -6.7595 27.9990 12 8 11
-1.1828 -6.7595 27.9990 15 14 21
-0.8537 -9.9141 41.0660 24 53 92
0.0342 -12.3925 51.3320 11 50 97
0.7570 -8.2616 34.2210 39 28 45
10.9016 -11.4391 47.3830 37 37 39
11.9183 -11.4391 47.3830 28 33 42
12.4628 -8.7476 36.2340 36 42 53
11.8466 -7.8268 32.4200 8 4 7
10.7856 -6.7595 27.9990 9 5 8
10.8914 -6.4657 26.7820 7 5 14
8.7907 -4.9570 20.5330 11 6 14
7.6928 -4.1309 17.1110 8 10 20
8.0599 -4.1309 17.1110 13 2 10
8.3988 -4.1309 17.1110 15 2 8
9.8612 -4.6471 19.2490 12 5 14
-2.5959 -1.1912 4.9680 93 92 99
-2.4497 -1.1722 4.8890 87 85 94
-2.3448 -1.1722 4.8890 114 120 120
-2.2659 -1.1816 4.9280 81 93 95
-2.2882 -1.2516 5.2200 65 78 77
-2.2725 -1.3070 5.4510 97 96 100
-2.2556 -1.3676 5.7040 96 92 95
-2.2809 -1.4623 6.0990 86 97 106
-2.2263 -1.5072 6.2860 64 80 90
-2.2036 -1.5880 6.6230 73 84 80
-4.3577 -3.3568 14.0000 6 5 12
-4.4630 -3.6924 15.4000 10 9 11
-5.1655 -4.6153 19.2490 2 4 10
-6.3792 -6.1539 25.6660 7 6 10
-5.5953 -5.9076 24.6390 10 4 10
-4.3679 -5.0929 21.2410 6 1 11
-3.5453 -4.6153 19.2490 19 16 13
-3.4564 -5.0929 21.2410 16 10 14
-3.6682 -6.1539 25.6660 22 14 11
-2.9928 -5.9076 24.6390 11 7 12
-2.4641 -5.9076 24.6390 15 14 21
-2.1994 -6.7133 27.9990 13 7 11
-1.5292 -6.4215 26.7820 12 6 10
-1.1486 -7.3846 30.7990 20 18 32
-0.7504 -11.3609 47.3830 18 54 91
0.2472 -10.5496 43.9990 16 55 93
0.9810 -8.6878 36.2340 25 24 35
11.4490 -11.3609 47.3830 30 29 38
15.8284 -11.3609 47.3830 64 69 78
10.9493 -7.3846 30.7990 17 8 15
11.6101 -7.3846 30.7990 9 7 14
10.6704 -6.4215 26.7820 13 9 12
9.9476 -5.6806 23.6920 9 8 15
7.9656 -4.3439 18.1170 15 9 15
7.6770 -3.9917 16.6480 11 11 15
8.0341 -3.9917 16.6480 11 1 11
9.7024 -4.6153 19.2490 8 3 11
10.4417 -4.7642 19.8700 15 5 15
-2.5180 -1.1734 4.9280 101 107 109
-2.3932 -1.1642 4.8890 92 109 123
-2.3066 -1.1734 4.9280 85 102 105
-2.2736 -1.2123 5.0910 95 105 108
-2.2771 -1.2754 5.3560 81 93 99
-2.2699 -1.3335 5.6000 89 93 86
-2.2737 -1.4104 5.9230 91 91 87
-2.3014 -1.5120 6.3500 99 112 109
-2.1215 -1.4816 6.2220 92 95 98
-3.1744 -2.3657 9.9350 11 10 19
-4.2933 -3.4110 14.3250 13 12 19
-4.6324 -3.9642 16.6480 5 4 11
-6.0841 -5.6415 23.6920 7 3 8
-6.0403 -6.1115 25.6660 9 5 10
-4.8796 -5.4324 22.8140 10 3 12
-3.9851 -4.8893 20.5330 12 11 18
-3.3229 -4.5835 19.2490 11 14 17
-3.7247 -5.8670 24.6390 19 15 16
-3.3293 -6.1115 25.6660 6 5 7
-2.6040 -5.6415 23.6920 12 7 15
-2.3690 -6.3773 26.7820 14 10 15
-1.9653 -6.9847 29.3330 12 8 11
-1.3360 -6.9847 29.3330 12 11 13
-1.0599 -10.4770 43.9990 32 59 97
-0.2199 -12.2231 51.3320 15 54 103
0.6611 -9.1673 38.4990 48 39 60
14.5788 -14.6676 61.5980 32 31 40
13.8537 -9.7786 41.0660 35 40 49
10.5249 -6.9847 29.3330 12 1 5
11.1058 -6.9847 29.3330 12 10 17
10.7146 -6.3773 26.7820 15 6 11
9.6166 -5.4324 22.8140 8 8 12
7.5798 -4.0744 17.1110 10 3 12
7.7319 -3.9642 16.6480 15 9 13
8.2858 -4.0744 17.1110 14 5 12
9.7341 -4.5835 19.2490 9 9 13
10.4745 -4.7314 19.8700 115 116 76
-2.4820 -1.1561 4.8890 95 106 106
-2.3771 -1.1561 4.8890 84 100 108
-2.2984 -1.1653 4.9280 85 103 101
-2.2652 -1.2039 5.0910 89 93 105
-2.2297 -1.2450 5.2650 88 97 107
-2.2719 -1.3363 5.6510 65 65 61
-2.2759 -1.4141 5.9800 82 95 92
-2.3147 -1.5172 6.4160 84 95 95
-2.1330 -1.4864 6.2860 84 93 86
-3.5601 -2.6484 11.2000 14 12 19
-4.4533 -3.5527 15.0240 13 12 16
-4.8392 -4.1618 17.6000 8 7 14
-6.2866 -5.8263 24.6390 13 9 12
-6.2588 -6.3331 26.7820 10 4 8
-4.8420 -5.3948 22.8140 13 6 15
-3.9173 -4.8554 20.5330 18 14 17
-3.4768 -4.8554 20.5330 11 11 13
-3.8376 -6.0692 25.6660 14 10 11
-3.2869 -6.0692 25.6660 9 5 10
-2.5258 -5.6024 23.6920 17 10 19
-2.2806 -6.3331 26.7820 12 7 15
-1.8685 -6.9363 29.3330 10 4 8
-1.3519 -7.2830 30.7990 11 10 14
-1.0632 -11.2046 47.3830 28 58 102
-0.0606 -14.5659 61.5980 14 53 100
0.7881 -9.1038 38.4990 36 30 45
14.7821 -14.5659 61.5980 41 36 46
12.2834 -8.5682 36.2340 27 29 39
10.5733 -6.9363 29.3330 8 4 5
10.6932 -6.6209 27.9990 6 4 11
10.3529 -6.0692 25.6660 11 6 14
9.0237 -5.0228 21.2410 9 7 14
7.2074 -3.8331 16.2100 10 4 8
7.7594 -3.9367 16.6480 16 7 14
8.3423 -4.0462 17.1110 18 9 14
10.4512 -4.8554 20.5330 5 4 13
10.5401 -4.6986 19.8700 12 7 5
-2.4936 -1.1572 4.9280 98 109 109
-2.3690 -1.1480 4.8890 89 99 102
-2.2641 -1.1480 4.8890 62 79 80
-2.2299 -1.1856 5.0490 94 92 108
-2.2505 -1.2577 5.3560 88 97 107
-2.2626 -1.3270 5.6510 85 81 82
-2.2884 -1.4181 6.0390 80 93 90
-2.2471 -1.4761 6.2860 90 95 104
-2.1337 -1.4911 6.3500 77 89 81
-3.6071 -2.6786 11.4070 17 17 21
-4.5393 -3.6162 15.4000 15 11 16
-4.9514 -4.2542 18.1170 6 5 9
-6.4639 -6.0268 25.6660 7 3 8
-6.1704 -6.2889 26.7820 9 3 7
-4.8043 -5.3571 22.8140 10 3 14
-3.7580 -4.6658 19.8700 16 15 17
-3.4429 -4.8215 20.5330 13 9 12
-3.9161 -6.2889 26.7820 12 6 10
-3.2022 -6.0268 25.6660 12 8 13
-2.5861 -5.7857 24.6390 19 13 19
-2.3381 -6.5747 27.9990 13 7 13
-1.8201 -6.8879 29.3330 12 6 12
-1.3161 -7.6128 32.4200 14 9 17
-1.0717 -13.1495 55.9990 21 60 98
0.0411 -14.4643 61.5980 14 52 93
0.9085 -9.6430 41.0660 33 30 44
9.8617 -12.0537 51.3320 23 25 31
14.6979 -10.3317 43.9990 17 19 29
9.9538 -6.5747 27.9990 18 7 11
11.5592 -7.2321 30.7990 11 9 16
10.6262 -6.2889 26.7820 15 6 9
9.9085 -5.5633 23.6920 10 9 16
7.5233 -4.0180 17.1110 12 8 9
7.6770 -3.9092 16.6480 12 2 12
8.2293 -4.0180 17.1110 12 3 6
9.9826 -4.6658 19.8700 16 12 15
10.7562 -4.8215 20.5330 8 3 13
-2.5589 -1.1677 5.0080 101 104 107
-2.4123 -1.1490 4.9280 96 117 125
-2.3147 -1.1490 4.9280 96 100 95
-2.2448 -1.1677 5.0080 100 104 99
-2.2091 -1.2069 5.1760 93 100 104
-2.2699 -1.3057 5.6000 89 97 94
-2.2737 -1.3810 5.9230 79 85 96
-2.3359 -1.4960 6.4160 94 99 106
-2.1318 -1.4508 6.2220 87 92 99
-2.9094 -2.1123 9.0590 24 11 15
-4.6155 -3.5908 15.4000 13 12 16
-4.7612 -3.9897 17.1110 9 5 10
-6.3679 -5.7450 24.6390 7 3 6
-6.3472 -6.2447 26.7820 9 5 8
-5.1065 -5.5242 23.6920 10 3 12
-3.9851 -4.7876 20.5330 14 12 19
-3.3229 -4.4882 19.2490 12 11 15
-3.7654 -5.7450 24.6390 33 25 24
-3.5183 -6.2447 26.7820 11 7 10
-2.7081 -5.7450 24.6390 19 13 17
-2.3690 -6.2447 26.7820 15 9 15
-2.0636 -7.1813 30.7990 12 8 11
-1.4536 -7.1813 30.7990 11 6 14
-1.1325 -10.2591 43.9990 22 46 87
0.7354 -11.0482 47.3830 20 34 56
9.6922 -11.9689 51.3320 23 25 31
16.8086 -11.9689 51.3320 22 14 30
9.3002 -6.2447 26.7820 11 21 28
10.8154 -6.8395 29.3330 10 9 11
10.4494 -6.2447 26.7820 12 11 13
9.7521 -5.5242 23.6920 13 12 14
8.3363 -4.4882 19.2490 14 8 14
7.3412 -3.7796 16.2100 9 7 18
8.1164 -3.9897 17.1110 12 1 5
9.2545 -4.3523 18.6660 14 5 10
10.9869 -4.9527 21.2410 13 6 15
-2.6215 -1.1689 5.0490 110 106 127
-2.4530 -1.1409 4.9280 72 77 93
-2.3101 -1.1229 4.8500 95 86 91
-2.2415 -1.1409 4.9280 94 109 106
-2.2064 -1.1787 5.0910 94 90 91
-2.2152 -1.2400 5.3560 90 87 101
-2.3006 -1.3583 5.8670 90 90 92
-2.3064 -1.4405 6.2220 97 104 110
-2.1952 -1.4553 6.2860 61 66 71
-2.2944 -1.6206 7.0000 83 99 90
-4.8640 -3.6566 15.7940 10 10 14
-4.6443 -3.7529 16.2100 12 6 10
-5.4423 -4.7537 20.5330 4 2 9
-6.5240 -6.2005 26.7820 9 8 15
-5.7015 -5.9421 25.6660 12 3 10
-4.6161 -5.2818 22.8140 14 13 17
-3.4818 -4.4565 19.2490 17 9 8
-3.6371 -5.2818 22.8140 47 42 38
-3.6951 -6.2005 26.7820 12 3 8
-2.9904 -5.9421 25.6660 10 9 13
-2.4821 -5.9421 25.6660 13 8 16
-2.2074 -6.7911 29.3330 13 7 11
-1.7441 -7.5058 32.4200 8 4 9
-1.3282 -9.5075 41.0660 30 45 73
0.4578 -11.8842 51.3320 24 52 83
1.3610 -10.9700 47.3830 30 24 39
8.6707 -10.1865 43.9990 30 28 35
12.6700 -8.9132 38.4990 26 21 33
8.6373 -5.7043 24.6390 16 21 26
10.4159 -6.4822 27.9990 9 7 14
9.6540 -5.7043 24.6390 9 8 10
9.4284 -5.2818 22.8140 10 12 18
7.8759 -4.1944 18.1170 9 3 9
7.3947 -3.7529 16.2100 8 3 13
8.1729 -3.9615 17.1110 12 1 5
9.5753 -4.4565 19.2490 15 6 11
11.4152 -5.0931 21.9990 11 6 14
-2.6265 -1.1703 5.0910 103 100 114
-2.4367 -1.1328 4.9280 80 107 116
-2.3310 -1.1328 4.9280 107 102 100
-2.2515 -1.1420 4.9680 95 115 110
-2.1980 -1.1703 5.0910 72 99 90
-2.2566 -1.2643 5.5000 84 88 102
-2.2813 -1.3486 5.8670 86 91 100
-2.3093 -1.4449 6.2860 92 98 109
-2.1848 -1.4449 6.2860 77 76 83
-2.4801 -1.7481 7.6050 77 78 74
-4.7858 -3.6305 15.7940 14 12 19
-4.6873 -3.8268 16.6480 14 13 15
-5.9339 -5.2442 22.8140 8 4 9
-6.4356 -6.1563 26.7820 3 5 11
-5.3920 -5.6637 24.6390 13 7 13
-4.1926 -4.8826 21.2410 12 10 17
-3.3864 -4.4247 19.2490 19 15 18
-3.8061 -5.6637 24.6390 28 22 24
-3.7706 -6.4360 27.9990 15 11 12
-2.7894 -5.6637 24.6390 9 8 10
-2.3550 -5.8998 25.6660 15 9 15
-2.1652 -7.0797 30.7990 13 7 11
-1.5836 -7.4523 32.4200 20 14 20
-1.2778 -10.1139 43.9990 27 50 83
0.9661 -11.7995 51.3320 30 33 52
8.8684 -10.8918 47.3830 34 36 42
12.8505 -14.1593 61.5980 40 38 45
9.5379 -6.4360 27.9990 16 13 29
9.2515 -5.8998 25.6660 12 6 10
10.2284 -6.1563 26.7820 15 9 13
9.9386 -5.6637 24.6390 10 4 8
9.0237 -4.8826 21.2410 6 1 9
7.2074 -3.7261 16.2100 9 3 7
7.9752 -3.9332 17.1110 16 7 14
8.8328 -4.1645 18.1170 14 8 12
10.4512 -4.7199 20.5330 10 8 17
10.5401 -4.5675 19.8700 9 8 15
-2.5549 -1.1523 5.0490 97 102 111
-2.3879 -1.1247 4.9280 85 96 107
-2.2641 -1.1158 4.8890 77 100 107
-2.1941 -1.1338 4.9680 97 96 107
-2.2123 -1.2016 5.2650 91 98 106
-2.2626 -1.2897 5.6510 101 96 104
-2.2660 -1.3647 5.9800 87 91 103
-2.2471 -1.4346 6.2860 81 95 97
-2.1337 -1.4492 6.3500 74 90 81
-4.8189 -3.5145 15.4000 21 15 19
-4.7513 -3.6994 16.2100 12 8 9
-5.0707 -4.2599 18.6660 8 4 9
-6.4216 -5.8574 25.6660 6 1 9
-6.1262 -6.1121 26.7820 9 5 10
-4.9110 -5.4069 23.6920 8 3 13
-3.8496 -4.6860 20.5330 18 14 15
-3.4090 -4.6860 20.5330 13 9 12
-3.8719 -6.1121 26.7820 18 9 14
-3.2973 -6.1121 26.7820 7 6 10
-2.5048 -5.6230 24.6390 16 10 16
-2.4010 -6.6943 29.3330 16 12 17
-1.9581 -7.3988 32.4200 10 4 8
-1.4111 -8.2692 36.2340 13 11 27
0.7527 -14.0577 61.5980 41 70 98
9.3533 -11.7148 51.3320 29 31 39
9.5722 -10.8136 47.3830 45 36 39
12.6065 -8.7861 38.4990 19 17 26
7.9599 -5.2065 22.8140 15 20 25
9.9190 -6.1121 26.7820 7 5 12
9.6540 -5.6230 24.6390 10 10 10
9.3907 -5.2065 22.8140 4 7 8
8.3363 -4.3929 19.2490 13 9 14
7.5670 -3.7993 16.6480 6 5 14
8.3774 -4.0166 17.6000 17 8 11
9.2853 -4.2599 18.6660 12 6 10
10.9869 -4.8475 21.2410 10 8 15
-2.6132 -1.1439 5.0490 99 89 101
-2.4448 -1.1165 4.9280 101 104 125
-2.3391 -1.1165 4.9280 106 105 107
-2.2334 -1.1165 4.9280 79 94 93
-2.1704 -1.1346 5.0080 101 97 90
-2.2063 -1.2135 5.3560 87 99 113
-2.2691 -1.3166 5.8110 88 90 96
-2.2961 -1.4097 6.2220 104 111 119
-2.1848 -1.4242 6.2860 84 82 89
-2.3206 -1.6041 7.0800 81 95 84
-4.9386 -3.6726 16.2100 10 9 11
-4.5908 -3.6726 16.2100 10 9 11
-5.5598 -4.8125 21.2410 8 4 9
-6.4356 -6.0679 26.7820 0 2 8
-5.6591 -5.8150 25.6660 9 3 9
-4.5408 -5.1689 22.8140 16 12 17
-3.5285 -4.5019 19.8700 13 9 12
-3.6989 -5.3678 23.6920 30 22 21
-3.7706 -6.3436 27.9990 11 10 12
-2.8301 -5.5824 24.6390 7 6 10
-2.3974 -5.8150 25.6660 17 11 15
-2.2161 -6.9780 30.7990 12 6 10
-1.7280 -7.7533 34.2210 15 9 15
-1.2604 -9.3042 41.0660 38 53 81
1.2610 -13.9560 61.5980 38 36 47
7.6861 -9.3042 41.0660 33 31 42
12.8505 -13.9560 61.5980 41 37 42
11.6837 -10.7354 47.3830 31 30 39
14.9172 -12.6875 55.9990 20 16 19
13.3793 -9.3042 41.0660 18 17 26
7.6393 -4.9842 21.9990 24 26 32
9.8748 -6.0679 26.7820 7 6 10
9.6133 -5.5824 24.6390 8 8 8
9.3531 -5.1689 22.8140 7 10 11
8.5724 -4.5019 19.8700 14 7 16
7.5396 -3.7719 16.6480 4 2 9
8.3483 -3.9876 17.6000 14 5 10
8.9823 -4.1047 18.1170 16 10 14
10.9518 -4.8125 21.2410 11 9 16
-2.6215 -1.1356 5.0490 106 100 117
-2.4928 -1.1264 5.0080 77 73 99
-2.3663 -1.1174 4.9680 98 101 104
-2.2238 -1.0996 4.8890 81 91 94
-2.1787 -1.1264 5.0080 90 83 75
-2.1962 -1.1943 5.3100 92 98 111
-2.2787 -1.3070 5.8110 91 90 97
-2.2608 -1.3718 6.0990 86 99 108
-2.1952 -1.4138 6.2860 67 66 73
-2.3323 -1.5924 7.0800 102 117 112
-4.9653 -3.6459 16.2100 11 10 14
-4.4990 -3.5523 15.7940 13 12 12
-5.5949 -4.7774 21.2410 5 1 6
-6.2098 -5.7727 25.6660 4 3 10
-5.7015 -5.7727 25.6660 8 4 9
-4.5784 -5.1312 22.8140 13 8 16
-3.5613 -4.4691 19.8700 17 11 13
-3.5995 -5.1312 22.8140 25 17 16
-3.6509 -6.0237 26.7820 16 7 12
-2.9904 -5.7727 25.6660 5 3 10
-2.4398 -5.7727 25.6660 19 13 17
-2.2669 -6.9272 30.7990 13 9 12
-1.7845 -7.6969 34.2210 12 6 12
-1.2604 -9.2364 41.0660 38 53 81
8.6338 -10.6572 47.3830 29 30 43
9.6504 -10.6572 47.3830 46 42 47
10.6314 -9.8961 43.9990 39 39 43
16.2054 -13.8544 61.5980 13 12 19
15.2809 -10.6572 47.3830 12 10 24
7.8093 -5.1312 22.8140 17 14 28
8.6182 -5.3287 23.6920 12 12 16
9.8869 -5.7727 25.6660 11 3 2
9.6348 -5.3287 23.6920 11 10 12
8.5068 -4.4691 19.8700 16 7 14
7.4571 -3.7444 16.6480 11 7 12
8.5039 -4.0748 18.1170 9 8 12
8.6388 -3.9585 17.6000 11 2 9
9.8612 -4.3294 19.2490 9 7 16
-2.5546 -1.0915 4.8890 103 111 126
-2.5176 -1.1181 5.0080 115 123 138
-2.4101 -1.1181 5.0080 97 102 109
-2.2659 -1.1003 4.9280 98 105 113
-2.1952 -1.1181 5.0080 104 96 95
-2.1949 -1.1755 5.2650 83 88 97
-2.2439 -1.2617 5.6510 83 95 97
-2.2249 -1.3224 5.9230 88 106 113
-2.2263 -1.4034 6.2860 86 91 96
-2.2036 -1.4787 6.6230 87 102 99
-4.7934 -3.4383 15.4000 13 6 15
-4.5772 -3.5263 15.7940 14 9 7
-5.1655 -4.2976 19.2490 6 5 7
-6.3368 -5.7303 25.6660 6 5 12
-6.0378 -5.9795 26.7820 5 1 6
-4.8719 -5.2896 23.6920 11 6 14
-3.7818 -4.5843 20.5330 15 11 12
-3.5798 -4.9116 21.9990 21 12 19
-3.7835 -5.9795 26.7820 23 14 19
-3.0752 -5.7303 25.6660 11 7 12
-2.5668 -5.7303 25.6660 15 9 13
-2.3042 -6.5491 29.3330 9 7 14
-1.9540 -7.6404 34.2210 9 3 7
-1.4637 -9.1686 41.0660 26 30 53
10.0189 -12.5027 55.9990 26 35 47
8.1605 -9.1686 41.0660 37 30 39
9.1118 -8.5955 38.4990 31 30 39
11.3575 -9.8235 43.9990 18 17 28
14.3518 -11.4607 51.3320 18 17 28
10.1360 -6.8764 30.7990 15 17 25
7.1641 -4.5843 20.5330 20 23 26
9.1253 -5.5010 24.6390 7 6 10
9.2829 -5.2896 23.6920 8 8 10
9.4284 -5.0936 22.8140 6 8 16
8.9262 -4.5843 20.5330 10 3 12
7.7775 -3.8203 17.1110 12 7 15
8.6235 -4.0449 18.1170 13 9 14
9.0122 -4.0449 18.1170 14 8 12
10.3105 -4.4363 19.8700 5 4 15
-2.5631 -1.1010 4.9680 108 107 107
-2.4845 -1.1099 5.0080 97 95 109
-2.3581 -1.1010 4.9680 110 118 119
-2.2515 -1.1010 4.9680 87 94 116
-2.1622 -1.1099 5.0080 98 105 99
-2.2168 -1.1974 5.4030 86 98 112
-2.2273 -1.2641 5.7040 96 98 104
-2.2286 -1.3383 6.0390 100 113 122
-2.2071 -1.4073 6.3500 95 102 108
-2.5427 -1.7279 7.7970 68 74 76
-4.9118 -3.5924 16.2100 10 8 15
-4.4730 -3.5002 15.7940 12 11 11
-5.5598 -4.7073 21.2410 4 3 7
-6.4356 -5.9353 26.7820 4 2 9
-5.6167 -5.6880 25.6660 6 5 9
-4.3422 -4.8753 21.9990 15 11 16
-3.5285 -4.4035 19.8700 19 18 18
-3.6989 -5.2505 23.6920 31 21 19
-3.6067 -5.9353 26.7820 11 10 12
-2.7894 -5.4604 24.6390 11 7 12
-2.3550 -5.6880 25.6660 21 12 17
-2.2161 -6.8255 30.7990 9 3 5
-1.8297 -8.0300 36.2340 16 10 16
-1.2778 -9.7509 43.9990 28 56 91
9.3533 -11.3760 51.3320 31 37 48
10.4547 -11.3760 51.3320 41 36 44
7.2894 -6.8255 30.7990 40 38 47
9.9378 -8.5320 38.4990 15 16 29
13.2477 -10.5008 47.3830 19 18 27
10.1360 -6.8255 30.7990 20 22 30
7.1980 -4.5504 20.5330 16 19 22
9.1253 -5.4604 24.6390 9 8 12
9.2829 -5.2505 23.6920 6 6 10
9.4284 -5.0559 22.8140 2 7 14
9.2340 -4.7073 21.2410 11 6 16
8.2348 -4.0150 18.1170 9 4 12
8.8848 -4.1367 18.6660 9 7 14
9.0122 -4.0150 18.1170 9 3 7
10.3105 -4.4035 19.8700 3 5 15
-2.5631 -1.0928 4.9680 97 105 94
-2.4845 -1.1016 5.0080 96 95 102
-2.3771 -1.1016 5.0080 105 112 116
-2.2696 -1.1016 5.0080 86 96 114
-2.1622 -1.1016 5.0080 95 104 97
-2.2168 -1.1885 5.4030 83 99 109
-2.2273 -1.2547 5.7040 91 96 103
-2.2286 -1.3284 6.0390 94 106 112
-2.2071 -1.3968 6.3500 97 109 113
-2.5427 -1.7151 7.7970 68 68 70
-4.8118 -3.4741 15.7940 11 7 12
-4.3868 -3.3875 15.4000 16 15 15
-5.5949 -4.6723 21.2410 4 3 7
-6.2098 -5.6456 25.6660 4 3 10
-5.6591 -5.6456 25.6660 6 5 9
-4.3786 -4.8390 21.9990 13 7 13
-3.5613 -4.3707 19.8700 12 11 13
-3.5995 -5.0183 22.8140 25 15 13
-3.6509 -5.8911 26.7820 23 17 19
-2.8301 -5.4197 24.6390 12 8 13
-2.3974 -5.6456 25.6660 21 12 19
-2.2669 -6.7747 30.7990 10 9 9
-1.7845 -7.5274 34.2210 15 11 16
-1.1816 -8.4684 38.4990 33 45 77
10.8173 -13.5494 61.5980 33 40 46
8.0927 -9.0331 41.0660 44 44 48
11.8102 -11.2913 51.3320 31 29 38
7.7469 -6.7747 30.7990 37 39 47
12.0111 -9.6783 43.9990 13 18 23
14.1896 -9.6783 43.9990 46 46 50
7.0624 -4.5165 20.5330 15 17 25
7.7266 -4.6723 21.2410 3 3 7
9.1265 -5.2114 23.6920 12 3 6
8.9463 -4.8390 21.9990 7 6 8
9.4183 -4.8390 21.9990 15 8 17
8.1451 -3.9851 18.1170 7 2 10
9.0352 -4.2341 19.2490 7 5 12
8.6388 -3.8714 17.6000 10 4 8
9.2813 -3.9851 18.1170 11 10 17
-2.5143 -1.0505 4.8120 128 136 135
-2.5093 -1.0933 5.0080 100 120 135
-2.4101 -1.0933 5.0080 96 101 106
-2.2843 -1.0846 4.9680 91 100 110
-2.1952 -1.0933 5.0080 99 102 105
-2.1762 -1.1396 5.2200 102 110 111
-2.2144 -1.2226 5.6000 90 93 110
-2.2038 -1.2809 5.8670 88 104 112
-2.2263 -1.3723 6.2860 90 98 85
-2.2771 -1.4941 6.8440 92 92 88
-4.5650 -3.2018 14.6660 13 12 14
-4.4630 -3.3621 15.4000 10 9 9
-4.7520 -3.8423 17.6000 6 6 10
-6.1239 -5.3791 24.6390 6 5 12
-5.8285 -5.6033 25.6660 9 3 7
-4.6914 -4.9806 22.8140 8 3 11
-3.6597 -4.3379 19.8700 32 28 29
-3.6161 -4.8027 21.9990 22 11 17
-3.6682 -5.6033 25.6660 19 13 15
-3.1175 -5.6033 25.6660 11 7 12
-2.5668 -5.6033 25.6660 14 10 13
-2.4194 -6.7239 30.7990 10 9 13
-2.0104 -7.4710 34.2210 10 4 10
-1.4358 -8.4049 38.4990 22 20 36
-0.8869 -12.2254 55.9990 19 54 87
7.8216 -8.9653 41.0660 39 42 45
12.9522 -13.4478 61.5980 74 74 74
5.3519 -4.8027 21.9990 46 42 47
10.8716 -8.9653 41.0660 19 19 23
16.0263 -12.2254 55.9990 29 35 35
7.9534 -5.1723 23.6920 20 19 30
6.6359 -4.0751 18.6660 11 7 12
8.9310 -5.1723 23.6920 8 3 11
8.4628 -4.6372 21.2410 6 2 5
9.5790 -4.9806 22.8140 16 10 16
8.7692 -4.3379 19.8700 15 11 12
9.1627 -4.3379 19.8700 15 8 19
9.0080 -4.0751 18.6660 13 7 11
8.8712 -3.8423 17.6000 16 7 14
10.4417 -4.3379 19.8700 9 4 12
-2.4900 -1.0593 4.8890 109 109 105
-2.4921 -1.1030 5.0910 112 122 125
-2.3440 -1.0851 5.0080 101 99 108
-2.2549 -1.0939 5.0490 62 69 77
-2.1465 -1.0939 5.0490 81 100 88
-2.2203 -1.1917 5.5000 90 99 109
-2.2100 -1.2473 5.7570 90 95 102
-2.2782 -1.3620 6.2860 98 102 97
-2.1652 -1.3758 6.3500 79 85 85
-3.4530 -2.3415 10.8070 23 14 21
-4.5901 -3.3366 15.4000 7 6 10
-4.3948 -3.4220 15.7940 13 7 11
-5.6493 -4.7664 21.9990 8 4 9
-6.3030 -5.8027 26.7820 7 2 10
-5.2700 -5.3384 24.6390 7 6 10
-3.9512 -4.4488 20.5330 15 8 17
-3.4301 -4.3051 19.8700 16 10 14
-3.8800 -5.5609 25.6660 29 18 22
-3.4741 -5.8027 26.7820 11 7 12
-2.6674 -5.3384 24.6390 16 10 14
-2.4305 -6.0664 27.9990 14 8 10
-2.1722 -7.0243 32.4200 10 5 3
-1.6503 -7.8506 36.2340 13 9 14
-0.8729 -7.8506 36.2340 3 34 73
-0.1475 -12.1330 55.9990 37 71 111
8.5255 -9.5330 43.9990 44 43 50
9.3805 -8.8976 41.0660 45 43 50
5.4971 -4.7664 21.9990 36 39 42
10.4461 -8.3414 38.4990 16 18 24
15.2027 -10.2662 47.3830 36 36 38
6.8016 -4.3051 19.8700 16 14 23
7.1951 -4.3051 19.8700 3 2 4
8.7506 -4.9430 22.8140 12 6 10
8.6030 -4.6022 21.2410 10 9 11
10.1040 -5.1332 23.6920 12 5 14
9.5145 -4.6022 21.2410 11 7 10
9.9352 -4.6022 21.2410 12 8 11
8.8627 -3.9253 18.1170 10 4 8
9.2514 -3.9253 18.1170 18 14 19
-2.5223 -1.0346 4.8120 111 116 123
-2.4975 -1.0682 4.9680 99 106 114
-2.4585 -1.0946 5.0910 100 110 117
-2.3299 -1.0856 5.0490 93 105 111
-2.2215 -1.0856 5.0490 72 86 90
-2.1664 -1.1129 5.1760 79 93 95
-2.2237 -1.2041 5.6000 91 100 112
-2.2135 -1.2615 5.8670 93 100 106
-2.2367 -1.3516 6.2860 92 96 89
-2.2386 -1.4395 6.6950 81 76 74
-4.4825 -3.0801 14.3250 20 19 21
-4.4037 -3.2304 15.0240 11 10 12
-4.5225 -3.5796 16.6480 7 6 10
-5.7080 -4.9053 22.8140 4 3 10
-5.8709 -5.5186 25.6660 7 3 8
-4.7290 -4.9053 22.8140 15 9 15
-3.6088 -4.1388 19.2490 15 11 12
-3.4090 -4.4149 20.5330 17 6 12
-3.7105 -5.5186 25.6660 16 7 10
-3.1599 -5.5186 25.6660 7 3 6
-2.6092 -5.5186 25.6660 22 18 21
-2.4010 -6.3070 29.3330 12 8 11
-1.9581 -6.9708 32.4200 12 6 12
-1.3327 -7.3580 34.2210 11 11 29
-0.7182 -8.8298 41.0660 37 65 100
10.2037 -12.0406 55.9990 35 42 46
11.3128 -12.0406 55.9990 72 78 76
4.5410 -4.0135 18.6660 36 31 41
9.5924 -7.7908 36.2340 11 10 17
16.0263 -12.0406 55.9990 118 127 118
8.5738 -5.5186 25.6660 24 22 31
6.4108 -3.8954 18.1170 9 5 10
8.2565 -4.7301 21.9990 13 9 14
8.4277 -4.5671 21.2410 9 5 8
9.2005 -4.7301 21.9990 11 10 14
9.6725 -4.7301 21.9990 12 6 8
9.4346 -4.4149 20.5330 14 9 17
9.2576 -4.1388 19.2490 5 4 8
9.1019 -3.8954 18.1170 10 1 8
10.4089 -4.2723 19.8700 17 15 22
-2.4782 -1.0348 4.8500 117 112 120
-2.4799 -1.0773 5.0490 100 103 106
-2.3715 -1.0773 5.0490 83 90 98
-2.2820 -1.0862 5.0910 103 98 106
-2.1728 -1.0862 5.0910 89 102 97
-2.2095 -1.1630 5.4510 88 97 107
-2.1991 -1.2170 5.7040 100 99 108
-2.2427 -1.3143 6.1600 104 109 116
-2.1756 -1.3549 6.3500 76 91 88
-3.1404 -2.0863 9.7780 23 14 17
-4.3955 -3.1292 14.6660 10 9 13
-4.1051 -3.1292 14.6660 14 5 10
-5.4897 -4.5321 21.2410 7 3 8
-5.8393 -5.2571 24.6390 5 3 12
-5.1065 -5.0550 23.6920 4 3 5
-3.8564 -4.2395 19.8700 17 10 19
-3.3547 -4.1070 19.2490 17 11 15
-3.6207 -5.0550 23.6920 31 23 22
-3.5183 -5.7143 26.7820 11 7 12
-2.7081 -5.2571 24.6390 10 4 8
-2.4767 -5.9740 27.9990 17 11 13
-2.3493 -7.3015 34.2210 12 8 9
-1.5301 -6.9173 32.4200 12 6 10
-0.8345 -6.9173 32.4200 8 37 76
-0.1885 -9.3878 43.9990 12 42 88
9.1030 -10.1098 47.3830 67 70 71
6.4881 -5.9740 27.9990 46 45 56
5.0307 -4.2395 19.8700 30 29 36
11.2782 -8.7620 41.0660 15 18 21
11.7452 -7.7310 36.2340 21 17 20
6.2613 -3.8655 18.1170 10 8 15
7.0338 -4.1070 19.2490 6 9 12
8.5106 -4.6938 21.9990 10 4 10
8.3840 -4.3810 20.5330 13 9 10
10.5892 -5.2571 24.6390 13 6 17
10.2567 -4.8677 22.8140 8 3 11
10.3623 -4.6938 21.9990 9 3 9
9.1928 -3.9827 18.6660 11 7 10
9.5933 -3.9827 18.6660 5 5 9
-2.5064 -1.0188 4.8120 107 114 120
-2.4893 -1.0518 4.9680 108 103 115
-2.4618 -1.0867 5.1330 91 108 113
-2.3517 -1.0867 5.1330 93 99 112
-2.2232 -1.0778 5.0910 74 98 96
-2.1862 -1.1147 5.2650 62 76 80
-2.2144 -1.1856 5.6000 100 111 111
-2.2151 -1.2540 5.9230 99 102 105
-2.2160 -1.3308 6.2860 91 98 102
-2.3714 -1.5165 7.1630 95 95 89
-4.4352 -3.0328 14.3250 22 18 21
-4.3541 -3.1808 15.0240 18 14 17
-4.5918 -3.6226 17.1110 9 5 8
-5.4315 -4.6575 21.9990 6 5 14
-5.3411 -5.0159 23.6920 8 3 11
-4.3329 -4.4970 21.2410 15 9 13
-3.4379 -3.9519 18.6660 16 10 12
-3.4564 -4.4970 21.2410 24 13 17
-3.6258 -5.4339 25.6660 34 29 27
-3.0752 -5.4339 25.6660 12 8 13
-2.5245 -5.4339 25.6660 19 18 20
-2.4194 -6.5206 30.7990 11 10 12
-1.8511 -6.8638 32.4200 13 7 13
-1.1555 -6.8638 32.4200 22 27 47
-0.3641 -5.4339 25.6660 26 57 94
0.4477 -13.0412 61.5980 28 59 96
12.0372 -13.0412 61.5980 96 104 103
4.8936 -4.3471 20.5330 47 46 55
6.4008 -5.2164 24.6390 22 24 32
15.7490 -11.8558 55.9990 63 70 74
9.2607 -5.9278 27.9990 23 21 28
5.9984 -3.6226 17.1110 11 7 12
7.3919 -4.2068 19.8700 6 5 9
8.3576 -4.4970 21.2410 9 5 10
8.5196 -4.3471 20.5330 6 2 7
10.7519 -5.2164 24.6390 14 8 12
10.4073 -4.8300 22.8140 6 4 13
9.8073 -4.3471 20.5330 12 8 11
9.0421 -3.8356 18.1170 11 7 10
10.0200 -4.0753 19.2490 12 7 15
-2.4746 -1.0108 4.8120 132 127 137
-2.4965 -1.0606 5.0490 98 102 114
-2.4279 -1.0783 5.1330 100 105 110
-2.3372 -1.0873 5.1760 113 104 109
-2.2077 -1.0783 5.1330 82 106 104
-2.2079 -1.1350 5.4030 90 104 108
-2.2179 -1.1982 5.7040 93 103 108
-2.2406 -1.2812 6.0990 95 96 109
-2.1966 -1.3339 6.3500 52 63 63
-2.8553 -1.8486 8.8000 17 9 6
-4.4440 -3.0808 14.6660 18 14 19
-4.0569 -3.0092 14.3250 18 7 13
-4.7421 -3.8057 18.1170 7 3 8
-5.1041 -4.4620 21.2410 5 4 13
-4.9926 -4.7924 22.8140 6 2 7
-3.6844 -3.9211 18.6660 14 8 10
-3.2172 -3.8057 18.1170 14 8 14
-3.5618 -4.7924 22.8140 35 23 23
-3.4564 -5.3915 25.6660 17 11 15
-2.9057 -5.3915 25.6660 14 8 12
-2.5016 -5.6259 26.7820 16 12 17
-2.3327 -6.8103 32.4200 7 6 8
-1.6371 -6.8103 32.4200 14 8 12
-0.8944 -6.4698 30.7990 32 57 91
-0.2124 -5.8816 27.9990 28 59 100
0.7527 -12.9395 61.5980 22 51 88
12.5143 -11.7634 55.9990 135 152 155
3.7719 -3.2350 15.4000 23 29 31
10.9393 -8.6265 41.0660 19 17 26
16.2156 -10.7830 51.3320 76 82 84
7.6587 -4.7924 22.8140 20 15 23
6.2860 -3.6971 17.6000 9 9 9
8.3291 -4.6212 21.9990 10 4 8
8.4978 -4.4620 21.2410 4 3 7
9.2731 -4.6212 21.9990 13 7 11
10.4560 -4.9768 23.6920 9 3 5
10.9643 -4.9768 23.6920 9 8 12
10.2857 -4.4620 21.2410 9 5 6
9.1617 -3.8057 18.1170 10 4 8
10.4745 -4.1740 19.8700 5 5 7
-2.4320 -0.9952 4.7750 93 101 102
-2.5252 -1.0787 5.1760 104 103 110
-2.4141 -1.0787 5.1760 101 97 98
-2.3226 -1.0879 5.2200 93 98 103
-2.2106 -1.0879 5.2200 97 102 107
-2.2203 -1.1463 5.5000 96 113 116
-2.2005 -1.1998 5.7570 103 103 105
-2.2678 -1.3101 6.2860 97 111 117
-2.2002 -1.3514 6.4840 96 96 98
-3.6942 -2.4222 11.6220 20 14 20
-4.3713 -3.0566 14.6660 19 15 18
-4.2597 -3.2096 15.4000 7 1 7
-5.0698 -4.1412 19.8700 10 8 15
-5.1410 -4.5849 21.9990 7 5 12
-4.5081 -4.4269 21.2410 10 9 13
-3.4863 -3.7758 18.1170 19 10 15
-3.0976 -3.7758 18.1170 14 5 10
-3.8376 -5.3491 25.6660 26 15 19
-3.2869 -5.3491 25.6660 14 10 13
-2.7363 -5.3491 25.6660 15 11 14
-2.4305 -5.8354 27.9990 19 15 18
-2.1187 -6.7568 32.4200 11 10 12
-1.3519 -6.4189 30.7990 13 8 16
-0.5316 -4.9377 23.6920 31 55 98
-0.0466 -9.8753 47.3830 15 56 91
9.2449 -8.5587 41.0660 130 145 144
3.7973 -3.2096 15.4000 31 38 42
11.7932 -9.1700 43.9990 23 17 23
15.1245 -9.8753 47.3830 120 123 124
6.5572 -4.0118 19.2490 14 9 19
6.5304 -3.7758 18.1170 8 11 12
8.4017 -4.5849 21.9990 11 7 10
8.5680 -4.4269 21.2410 9 8 8
9.6919 -4.7547 22.8140 12 6 10
10.9959 -5.1351 24.6390 9 5 10
11.9625 -5.3491 25.6660 14 10 15
10.0107 -4.2794 20.5330 16 15 15
9.2215 -3.7758 18.1170 11 7 10
10.5401 -4.1412 19.8700 9 8 15
-2.4462 -1.0028 4.8500 127 132 122
-2.5294 -1.0793 5.2200 92 114 113
-2.4591 -1.0979 5.3100 87 91 86
-2.3253 -1.0886 5.2650 96 101 106
-2.2312 -1.0979 5.3100 90 101 97
-2.2329 -1.1579 5.6000 85 92 98
-2.2020 -1.2015 5.8110 85 98 97
-2.2242 -1.2865 6.2220 91 105 109
-2.2496 -1.3843 6.6950 73 75 81
-3.8754 -2.5473 12.3200 16 12 17
-4.2224 -2.9619 14.3250 16 15 17
-4.2089 -3.1842 15.4000 6 2 5
-4.7010 -3.8594 18.6660 8 4 9
-4.7306 -4.2455 20.5330 8 3 11
-4.2901 -4.2455 20.5330 6 5 9
-3.2362 -3.5379 17.1110 18 9 12
-3.2276 -3.9800 19.2490 14 5 10
-3.7529 -5.3068 25.6660 21 12 17
-3.2022 -5.3068 25.6660 11 7 10
-2.6516 -5.3068 25.6660 15 11 14
-2.3381 -5.7892 27.9990 14 10 13
-1.9111 -6.3681 30.7990 12 8 11
-1.3161 -6.7033 32.4200 11 9 18
-0.4065 -4.3919 21.2410 27 54 94
0.1189 -10.6136 51.3320 15 54 92
13.7655 -12.7362 61.5980 190 204 210
3.7719 -3.1842 15.4000 33 40 48
12.6221 -9.7971 47.3830 18 16 25
15.2027 -9.7971 47.3830 121 123 110
6.2015 -3.7459 18.1170 11 6 16
6.5603 -3.7459 18.1170 7 10 9
8.4380 -4.5486 21.9990 9 8 10
8.3163 -4.2455 20.5330 7 6 6
9.7296 -4.7171 22.8140 12 3 10
11.0366 -5.0944 24.6390 8 4 7
12.0049 -5.3068 25.6660 14 8 14
10.0446 -4.2455 20.5330 6 6 6
9.5317 -3.8594 18.6660 15 9 11
-2.5029 -0.9794 4.7750 123 134 130
-2.4382 -0.9948 4.8500 110 112 103
-2.5208 -1.0707 5.2200 99 112 111
-2.4503 -1.0892 5.3100 70 78 77
-2.3166 -1.0799 5.2650 97 96 105
-2.2224 -1.0892 5.3100 96 107 105
-2.2439 -1.1591 5.6510 97 101 113
-2.1924 -1.1919 5.8110 96 108 112
-2.2139 -1.2762 6.2220 91 102 102
-2.2884 -1.4038 6.8440 92 98 111
-4.1010 -2.6882 13.1060 14 10 13
-4.1751 -2.9382 14.3250 9 8 12
-4.1835 -3.1587 15.4000 19 13 17
-4.4035 -3.6100 17.6000 9 4 12
-4.5451 -4.0756 19.8700 4 2 9
-3.9901 -3.9482 19.2490 10 4 10
-3.0937 -3.4147 16.6480 17 8 11
-3.0990 -3.8286 18.6660 16 7 14
-3.7105 -5.2644 25.6660 18 9 14
-3.2973 -5.4933 26.7820 11 7 10
-2.6092 -5.2644 25.6660 19 13 17
-2.3526 -6.0166 29.3330 11 7 10
-1.8602 -6.3173 30.7990 9 5 10
-1.1994 -6.3173 30.7990 4 6 16
-0.3591 -4.2116 20.5330 28 57 96
0.4994 -11.4861 55.9990 29 65 104
6.2061 -5.4933 26.7820 34 42 59
4.3039 -3.5097 17.1110 34 36 42
12.9349 -9.7189 47.3830 36 29 40
10.6159 -6.6498 32.4200 94 104 107
6.1407 -3.6100 17.6000 13 7 13
7.3591 -4.0756 19.8700 4 3 7
8.2875 -4.3568 21.2410 7 3 8
8.4518 -4.2116 20.5330 8 4 7
10.6706 -5.0538 24.6390 12 5 14
11.6660 -5.2644 25.6660 13 7 13
11.6872 -5.0538 24.6390 11 2 9
9.8514 -4.0756 19.8700 9 5 8
9.9565 -3.9482 19.2490 18 9 14
-2.4522 -0.9640 4.7380 108 110 116
-2.4647 -1.0108 4.9680 105 112 120
-2.5511 -1.0897 5.3560 113 110 107
-2.4362 -1.0897 5.3560 97 109 113
-2.3213 -1.0897 5.3560 61 84 89
-2.2657 -1.1190 5.5000 105 111 109
-2.2066 -1.1498 5.6510 92 104 106
-2.2167 -1.2167 5.9800 97 101 113
-2.1952 -1.2790 6.2860 74 83 76
-2.6566 -1.6491 8.1050 101 114 111
-4.2884 -2.8485 14.0000 16 12 15
-4.0806 -2.9146 14.3250 14 8 12
-4.1862 -3.2135 15.7940 8 4 7
-4.2873 -3.5809 17.6000 5 3 10
-4.4139 -4.0428 19.8700 5 1 6
-3.5321 -3.5809 17.6000 13 7 11
-2.9053 -3.2981 16.2100 18 17 19
-3.3863 -4.3218 21.2410 30 19 25
-3.5411 -5.2221 25.6660 29 19 19
-3.1205 -5.4491 26.7820 11 7 10
-2.4398 -5.2221 25.6660 22 18 19
-2.0608 -5.6968 27.9990 8 8 10
-1.5063 -5.6968 27.9990 12 6 10
-0.9487 -5.9682 29.3330 26 39 68
-0.2235 -4.1777 20.5330 31 67 104
0.7967 -10.4442 51.3320 25 48 85
4.8597 -4.1777 20.5330 33 40 48
5.6423 -4.4760 21.9990 28 31 34
15.5642 -11.3937 55.9990 49 66 96
8.1900 -5.0131 24.6390 15 20 29
6.2279 -3.5809 17.6000 9 8 10
7.7063 -4.1777 20.5330 7 1 5
8.3927 -4.3218 21.2410 10 9 13
9.1642 -4.4760 21.9990 6 2 5
10.7926 -5.0131 24.6390 12 8 13
12.3059 -5.4491 26.7820 5 3 10
11.8498 -5.0131 24.6390 10 4 6
9.6388 -3.9165 19.2490 12 6 8
10.7223 -4.1777 20.5330 20 14 16
-2.4477 -0.9637 4.7750 109 109 105
-2.5005 -1.0274 5.0910 113 116 117
-2.5604 -1.1001 5.4510 105 108 107
-2.4524 -1.1001 5.4510 98 104 106
-2.3564 -1.1100 5.5000 99 110 119
-2.2999 -1.1404 5.6510 92 97 102
-2.1786 -1.1404 5.6510 112 111 118
-2.2205 -1.2309 6.0990 111 109 118
-2.1641 -1.2686 6.2860 55 60 67
-3.0128 -1.8835 9.3330 16 18 28
-4.3170 -2.8910 14.3250 13 9 14
-4.0096 -2.8910 14.3250 14 8 12
-4.1895 -3.2714 16.2100 8 4 9
-4.2001 -3.5519 17.6000 9 5 10
-4.1807 -3.8847 19.2490 7 6 8
-3.3492 -3.4532 17.1110 13 7 11
-2.8250 -3.2714 16.2100 17 11 17
-3.6207 -4.7813 23.6920 26 14 12
-3.4140 -5.1797 25.6660 17 6 10
-2.9879 -5.4049 26.7820 16 12 15
-2.2201 -4.9725 24.6390 15 11 12
-1.8386 -5.4049 26.7820 5 4 8
-1.3676 -5.6505 27.9990 16 12 13
-0.6749 -4.9725 24.6390 34 63 91
-0.1406 -4.7813 23.6920 19 54 96
1.3312 -11.3013 55.9990 32 33 46
4.1627 -3.4532 17.1110 33 43 48
10.8038 -8.2876 41.0660 17 16 25
17.7823 -11.3013 55.9990 170 182 184
7.2008 -4.2867 21.2410 10 8 15
6.5304 -3.6562 18.1170 6 9 8
8.1122 -4.2867 21.2410 11 7 10
8.5329 -4.2867 21.2410 7 6 8
9.6543 -4.6042 22.8140 12 8 11
10.9552 -4.9725 24.6390 12 6 10
13.0499 -5.6505 27.9990 14 7 16
10.7254 -4.4397 21.9990 5 4 4
9.7659 -3.8847 19.2490 11 2 9
10.8579 -4.1438 20.5330 4 3 12
-2.4349 -0.9632 4.8120 111 110 112
-2.5512 -1.0539 5.2650 103 111 110
-2.5244 -1.0911 5.4510 100 106 104
-2.4164 -1.0911 5.4510 104 103 103
-2.3201 -1.1009 5.5000 97 103 103
-2.2838 -1.1417 5.7040 98 97 108
-2.2020 -1.1631 5.8110 99 104 120
-2.2020 -1.2330 6.1600 94 106 124
-2.2127 -1.3117 6.5530 91 100 112
-3.3582 -2.1257 10.6200 20 14 16
-4.3229 -2.9356 14.6660 12 11 13
-3.9151 -2.8673 14.3250 8 2 6
-3.8785 -3.0825 15.4000 7 0 9
-4.0840 -3.5229 17.6000 5 3 10
-3.9308 -3.7362 18.6660 7 6 10
-3.0658 -3.2446 16.2100 16 10 12
-3.0378 -3.6263 18.1170 18 8 18
-3.7529 -5.1374 25.6660 20 10 10
-3.3857 -5.3607 26.7820 9 3 7
-2.8110 -5.3607 26.7820 15 11 16
-2.1432 -5.1374 25.6660 11 10 12
-1.7373 -5.6043 27.9990 12 6 12
-1.2503 -6.1648 30.7990 14 12 19
-0.4269 -4.1099 20.5330 38 69 108
1.0540 -11.2089 55.9990 24 34 60
4.4486 -3.7362 18.6660 36 41 46
6.9575 -5.3607 26.7820 23 22 29
19.3569 -12.3296 61.5980 130 151 159
8.2307 -4.9318 24.6390 16 15 26
6.4407 -3.6263 18.1170 9 9 11
7.7402 -4.1099 20.5330 16 12 17
8.4628 -4.2516 21.2410 6 6 8
9.5790 -4.5665 22.8140 14 10 11
10.8332 -4.9318 24.6390 21 12 15
12.9113 -5.6043 27.9990 16 10 14
11.4335 -4.7422 23.6920 11 10 12
9.7024 -3.8529 19.2490 9 3 7
10.7901 -4.1099 20.5330 6 5 7
-2.4399 -0.9479 4.7750 120 133 128
-2.5337 -1.0275 5.1760 98 98 102
-2.5743 -1.0918 5.5000 92 107 102
-2.4563 -1.0918 5.5000 114 114 114
-2.3808 -1.1117 5.6000 98 105 113
-2.3335 -1.1428 5.7570 98 103 108
-2.1897 -1.1323 5.7040 111 123 129
-2.2325 -1.2228 6.1600 101 113 127
-2.1652 -1.2606 6.3500 77 83 94
-3.1744 -1.9722 9.9350 18 14 19
-4.2933 -2.8437 14.3250 13 9 12
-3.9860 -2.8437 14.3250 14 10 11
-3.9547 -3.0571 15.4000 6 2 7
-4.0270 -3.3967 17.1110 6 2 7
-3.9049 -3.5964 18.1170 4 3 5
-3.1461 -3.2179 16.2100 16 7 10
-2.7983 -3.2179 16.2100 16 7 14
-3.8800 -5.0950 25.6660 28 16 14
-3.4741 -5.3165 26.7820 19 10 13
-2.9437 -5.3165 26.7820 14 13 15
-2.0957 -4.7031 23.6920 14 13 15
-1.7196 -5.0950 25.6660 10 9 13
-1.2752 -5.5581 27.9990 15 11 16
-0.5117 -4.2166 21.2410 24 54 88
0.2985 -8.1521 41.0660 40 64 103
1.7693 -12.2279 61.5980 31 33 43
4.3107 -3.4938 17.6000 31 43 47
14.9172 -11.1165 55.9990 20 19 28
13.2437 -8.1521 41.0660 173 185 187
6.5890 -3.8212 19.2490 9 7 14
7.0020 -3.8212 19.2490 6 6 10
7.9096 -4.0760 20.5330 9 8 12
8.9463 -4.3671 21.9990 11 8 5
10.5486 -4.8911 24.6390 9 3 5
11.4966 -5.0950 25.6660 10 4 8
12.5711 -5.3165 26.7820 12 5 14
10.4260 -4.2166 21.2410 12 6 10
9.8612 -3.8212 19.2490 15 6 11
-2.5143 -0.9473 4.8120 101 123 126
-2.4190 -0.9473 4.8120 129 143 145
-2.6002 -1.0636 5.4030 108 110 118
-2.5749 -1.1024 5.6000 98 113 112
-2.4547 -1.1024 5.6000 92 99 103
-2.3558 -1.1125 5.6510 99 101 107
-2.2860 -1.1333 5.7570 99 100 113
-2.2038 -1.1550 5.8670 104 107 124
-2.1817 -1.2127 6.1600 96 102 113
-2.3027 -1.3625 6.9210 107 115 112
-3.8348 -2.4253 12.3200 14 10 11
-4.2745 -2.8872 14.6660 16 15 19
-3.7800 -2.7561 14.0000 3 2 6
-3.6452 -2.8872 14.6660 12 6 12
-3.7806 -3.2774 16.6480 6 5 9
-3.4234 -3.2774 16.6480 11 10 14
-2.8618 -3.0317 15.4000 13 7 11
-3.0682 -3.6746 18.6660 12 3 10
-3.6682 -5.0527 25.6660 25 14 18
-3.4009 -5.5119 27.9990 13 9 10
-2.5668 -5.0527 25.6660 20 16 19
-1.8298 -4.4912 22.8140 9 8 10
-1.4475 -4.8505 24.6390 12 6 8
-1.0939 -5.7745 29.3330 25 20 32
-0.3252 -4.0422 20.5330 15 50 92
0.8136 -9.3279 47.3830 21 31 57
7.1369 -6.0631 30.7990 53 83 106
5.5697 -4.3308 21.9990 36 39 42
16.9170 -12.1263 61.5980 18 36 61
8.8582 -5.2724 26.7820 48 53 58
6.5743 -3.6746 18.6660 8 3 11
7.3919 -3.9116 19.8700 10 9 13
8.3576 -4.1815 21.2410 7 6 8
9.4660 -4.4912 22.8140 7 7 3
10.7519 -4.8505 24.6390 9 3 5
12.8189 -5.5119 27.9990 15 11 12
11.3162 -4.6640 23.6920 7 6 8
9.6070 -3.7894 19.2490 14 8 12
10.3433 -3.9116 19.8700 16 7 10
-2.4556 -0.9321 4.7750 92 116 114
-2.4763 -0.9776 5.0080 110 111 124
-2.6247 -1.0832 5.5490 105 115 122
-2.5517 -1.1031 5.6510 103 109 111
-2.4760 -1.1238 5.7570 104 116 120
-2.3975 -1.1453 5.8670 89 99 104
-2.2179 -1.1135 5.7040 90 109 113
-2.2186 -1.1789 6.0390 96 103 111
-2.1309 -1.2025 6.1600 88 98 105
-2.6298 -1.5822 8.1050 8 13 18
-4.2422 -2.7330 14.0000 12 11 15
-4.0569 -2.7964 14.3250 8 4 7
-3.6645 -2.7330 14.0000 7 6 10
-3.7952 -3.0832 15.7940 6 2 7
-3.7446 -3.3403 17.1110 5 4 8
-3.1996 -3.1644 16.2100 14 8 10
-2.7347 -3.0063 15.4000 15 11 12
-3.4346 -4.2945 21.9990 35 24 19
-3.6067 -5.2282 26.7820 22 12 12
-3.1698 -5.4657 27.9990 11 10 12
-2.1739 -4.6250 23.6920 12 9 6
-1.6415 -4.4536 22.8140 11 7 10
-1.2960 -5.0103 25.6660 13 9 10
-0.7155 -4.8098 24.6390 53 78 103
-0.1611 -4.1465 21.2410 33 69 106
0.6103 -8.5891 43.9990 38 61 94
9.3805 -8.0166 41.0660 204 248 251
4.8099 -3.7576 19.2490 33 40 46
15.1945 -10.9317 55.9990 17 25 42
8.8582 -5.2282 26.7820 22 24 30
6.5743 -3.6438 18.6660 9 4 12
7.3919 -3.8789 19.8700 10 9 13
8.0790 -4.0083 20.5330 13 9 12
9.4660 -4.4536 22.8140 8 4 5
10.7519 -4.8098 24.6390 9 3 7
12.8189 -5.4657 27.9990 14 10 13
11.3162 -4.6250 23.6920 9 8 10
9.6070 -3.7576 19.2490 13 7 13
10.3433 -3.8789 19.8700 12 3 6
-2.4556 -0.9243 4.7750 94 118 116
-2.5089 -0.9854 5.0910 101 105 117
-2.6488 -1.0839 5.6000 124 129 138
-2.5756 -1.1041 5.7040 106 109 112
-2.5474 -1.1465 5.9230 104 114 119
-2.4678 -1.1689 6.0390 91 101 104
-2.2290 -1.1143 5.7570 96 115 117
-2.2186 -1.1689 6.0390 104 114 121
-2.1309 -1.1923 6.1600 73 75 81
-2.6298 -1.5688 8.1050 17 19 25
-4.2422 -2.7099 14.0000 14 13 15
-4.0333 -2.7728 14.3250 10 4 8
-3.6645 -2.7099 14.0000 4 3 10
-3.5242 -2.8388 14.6660 7 3 8
-3.5474 -3.1376 16.2100 5 4 6
-3.1175 -3.0571 15.7940 10 4 6
-2.6431 -2.9081 15.0240 14 10 11
-3.4346 -4.2582 21.9990 36 25 18
-3.6067 -5.1840 26.7820 19 8 12
-3.1698 -5.4195 27.9990 11 10 12
-2.0933 -4.4159 22.8140 13 8 6
-1.5466 -4.2582 21.9990 9 5 10
-1.2960 -4.9679 25.6660 12 8 9
-0.7155 -4.7692 24.6390 35 59 87
-0.1669 -4.2582 21.9990 27 66 104
0.6103 -8.5165 43.9990 33 56 89
10.8234 -9.1715 47.3830 184 218 236
5.7008 -4.4159 22.8140 31 33 39
16.7137 -11.9230 61.5980 15 20 38
8.8582 -5.1840 26.7820 8 7 16
6.5743 -3.6130 18.6660 12 8 13
7.3919 -3.8461 19.8700 12 11 15
8.0790 -3.9744 20.5330 11 7 10
9.4660 -4.4159 22.8140 10 5 3
10.7519 -4.7692 24.6390 11 7 12
11.7507 -4.9679 25.6660 14 10 11
10.5076 -4.2582 21.9990 6 5 5
9.0421 -3.5068 18.1170 9 4 12
10.0200 -3.7259 19.2490 18 9 12
-2.4556 -0.9164 4.7750 97 114 115
-2.5089 -0.9770 5.0910 103 107 121
-2.6488 -1.0747 5.6000 95 97 107
-2.5756 -1.0947 5.7040 106 109 110
-2.5474 -1.1367 5.9230 104 111 117
-2.4678 -1.1590 6.0390 99 107 108
-2.2290 -1.1048 5.7570 102 119 120
-2.2186 -1.1590 6.0390 110 120 127
-2.1309 -1.1822 6.1600 101 101 105
-2.5957 -1.5353 8.0000 31 31 33
-4.2422 -2.6868 14.0000 16 15 17
-4.0333 -2.7491 14.3250 12 6 10
-3.5831 -2.6271 13.6890 3 2 9
-3.4422 -2.7491 14.3250 9 5 10
-3.3701 -2.9554 15.4000 5 5 7
-3.0397 -2.9554 15.4000 9 3 5
-2.5802 -2.8146 14.6660 16 12 13
-3.5618 -4.3783 22.8140 34 23 16
