ply
format ascii 1.0
element vertex 5000
property float x
property float y
property float z
property uchar red
property uchar green
property uchar blue
end_header
-5.5667 -4.4917 10.6200 26 14 0
-5.4506 -4.5708 10.8070 8 10 0
-4.1313 -3.6183 8.5550 0 7 10
-4.5121 -4.1356 9.7780 7 7 1
-5.1136 -4.9155 11.6220 9 1 17
-4.8643 -4.9155 11.6220 1 8 2
-4.7960 -5.1083 12.0780 8 3 1
-4.7220 -5.3169 12.5710 4 3 14
-4.5451 -5.4277 12.8330 18 5 9
-4.2698 -5.4277 12.8330 23 9 1
-3.9129 -5.3169 12.5710 30 10 0
-4.1751 -6.0587 14.3250 16 6 6
-4.0565 -6.3543 15.0240 26 17 0
-3.6452 -6.2029 14.6660 28 20 0
-3.4972 -6.5134 15.4000 22 15 0
-3.6192 -7.4438 17.6000 2 10 0
-3.1515 -7.2370 17.1110 5 7 0
-2.9481 -7.6625 18.1170 33 6 0
-2.6369 -7.8947 18.6660 27 8 6
-2.8386 -10.0204 23.6920 18 14 15
-2.4235 -10.4210 24.6390 29 16 3
-1.7921 -9.6491 22.8140 23 7 14
-1.2561 -9.3044 21.9990 30 11 5
-0.8782 -10.4210 24.6390 10 24 46
14.4771 -26.0526 61.5980 41 24 36
23.4234 -26.0526 61.5980 23 22 29
20.6210 -21.7106 51.3320 35 25 35
13.7193 -13.7119 32.4200 28 17 34
9.7814 -9.3044 21.9990 28 5 13
6.8356 -6.2029 14.6660 6 8 0
6.2566 -5.4277 12.8330 24 12 10
6.3986 -5.3169 12.5710 23 2 0
7.0812 -5.6637 13.3910 22 11 2
-5.4685 -4.5529 10.8070 8 4 0
-4.1454 -3.6042 8.5550 0 5 9
-4.5282 -4.1194 9.7780 6 8 0
-5.0379 -4.8057 11.4070 10 0 16
-4.8835 -4.8963 11.6220 20 1 0
-4.8159 -5.0884 12.0780 8 5 2
-4.7428 -5.2961 12.5710 0 3 6
-4.5663 -5.4065 12.8330 20 9 13
-4.2033 -5.2961 12.5710 16 12 1
-3.8754 -5.1904 12.3200 30 11 5
-4.1035 -5.8981 14.0000 19 9 7
-4.0813 -6.3295 15.0240 26 14 0
-3.7590 -6.3295 15.0240 31 17 0
-3.6127 -6.6539 15.7940 17 14 0
-3.6482 -7.4148 17.6000 2 6 0
-3.1798 -7.2088 17.1110 6 7 0
-2.9780 -7.6326 18.1170 34 9 2
-2.7511 -8.1095 19.2490 19 11 0
-2.8777 -9.9813 23.6920 13 9 10
-2.4641 -10.3803 24.6390 22 29 5
-1.9002 -9.9813 23.6920 20 11 6
-1.3403 -9.6114 22.8140 29 14 4
-0.9988 -11.2831 26.7820 14 20 33
-0.9756 -25.9510 61.5980 4 24 50
15.6971 -25.9510 61.5980 32 14 24
18.8000 -19.9622 47.3830 53 39 20
12.2677 -12.3579 29.3330 39 17 21
10.8332 -10.3803 24.6390 6 5 7
7.2831 -6.6539 15.7940 13 2 0
6.1931 -5.4065 12.8330 18 1 1
6.1895 -5.1904 12.3200 23 4 0
6.8656 -5.5215 13.1060 4 5 0
-5.8286 -4.7869 11.4070 13 4 0
-4.5005 -3.8582 9.1940 21 2 19
-4.3683 -3.9165 9.3330 8 3 0
-5.0019 -4.7000 11.2000 23 0 8
-4.9410 -4.8771 11.6220 23 1 3
-4.9734 -5.1700 12.3200 5 4 15
-4.9052 -5.3853 12.8330 2 5 4
-4.7283 -5.4999 13.1060 22 8 2
-4.3545 -5.3853 12.8330 9 10 0
-3.9364 -5.1700 12.3200 21 4 4
-4.0801 -5.7445 13.6890 25 10 0
-4.0567 -6.1545 14.6660 19 13 0
-3.8334 -6.3047 15.0240 28 14 0
-3.6909 -6.6279 15.7940 17 13 6
-3.8451 -7.6027 18.1170 9 3 5
-3.2645 -7.1805 17.1110 10 12 3
-2.9802 -7.3858 17.6000 31 13 2
-2.7602 -7.8331 18.6660 17 7 5
-2.7810 -9.2318 21.9990 27 11 18
-2.7363 -10.7706 25.6660 11 12 1
-2.0981 -10.3396 24.6390 12 8 0
-1.4013 -9.2318 21.9990 28 23 3
-1.0842 -10.7706 25.6660 10 10 12
-0.8537 -17.2331 41.0660 6 17 54
13.9930 -23.4997 55.9990 33 14 8
20.1127 -21.5412 51.3320 40 30 16
13.3983 -13.6049 32.4200 35 35 29
10.7112 -10.3396 24.6390 7 9 0
7.5945 -6.9863 16.6480 16 9 0
6.2599 -5.4999 13.1060 6 3 0
6.1285 -5.1700 12.3200 12 8 0
6.6590 -5.3853 12.8330 16 6 4
-5.8850 -4.7681 11.4070 27 9 0
-4.9931 -4.2209 10.0980 18 5 11
-4.2225 -3.7314 8.9270 11 8 3
-4.9670 -4.5979 11.0000 19 3 8
-4.9985 -4.8579 11.6220 18 0 6
-4.9355 -5.0485 12.0780 10 4 10
-4.9687 -5.3641 12.8330 3 7 2
-4.7932 -5.4782 13.1060 9 7 0
-4.4392 -5.3641 12.8330 12 7 5
-4.0789 -5.2546 12.5710 16 9 1
-3.8885 -5.3641 12.8330 20 8 6
-4.0333 -5.9878 14.3250 11 2 9
-3.9077 -6.2800 15.0240 28 25 9
-3.6751 -6.4371 15.4000 12 13 4
-3.9348 -7.5728 18.1170 20 9 15
-3.4449 -7.3567 17.6000 18 7 0
-2.9821 -7.1523 17.1110 19 11 10
-2.8526 -7.8023 18.6660 14 3 0
-2.7904 -8.8786 21.2410 31 11 14
-2.8634 -10.7283 25.6660 23 6 6
-2.2201 -10.2990 24.6390 23 16 6
-1.5662 -9.5361 22.8140 28 19 0
-1.1629 -10.2990 24.6390 44 25 19
-0.8809 -14.3042 34.2210 15 17 54
15.0871 -25.7477 61.5980 26 15 6
19.7738 -21.4565 51.3320 23 29 10
13.1842 -13.5514 32.4200 37 40 43
10.5486 -10.2990 24.6390 18 9 12
8.3919 -7.8023 18.6660 22 6 3
6.5714 -5.8519 14.0000 9 7 0
6.0472 -5.1497 12.3200 20 7 13
6.3115 -5.1497 12.3200 23 7 2
-5.6468 -4.4994 10.8070 27 14 3
-5.4150 -4.4994 10.8070 18 16 8
-4.1611 -3.6122 8.6760 19 13 15
-4.7034 -4.2742 10.2660 17 6 12
-4.9814 -4.7492 11.4070 20 2 8
-5.0153 -5.0286 12.0780 10 5 1
-5.1609 -5.4566 13.1060 12 4 3
-4.9858 -5.5753 13.3910 4 3 12
-4.6202 -5.4566 13.1060 7 3 6
-4.1619 -5.2339 12.5710 12 5 0
-3.8921 -5.2339 12.5710 14 10 0
-4.0342 -5.8288 14.0000 26 14 14
-3.9114 -6.1061 14.6660 22 20 1
-3.7768 -6.4117 15.4000 24 17 9
-4.0544 -7.5429 18.1170 23 21 13
-3.5611 -7.3277 17.6000 18 11 5
-3.0950 -7.1241 17.1110 11 11 11
-2.8883 -7.5429 18.1170 23 9 5
-2.7742 -8.2728 19.8700 24 13 4
-3.0328 -10.6859 25.6660 16 11 7
-2.3828 -10.2583 24.6390 23 19 8
-1.7168 -9.4985 22.8140 26 16 4
-1.3255 -10.2583 24.6390 36 22 16
-0.9487 -12.2126 29.3330 15 26 49
14.5788 -25.6460 61.5980 24 13 19
23.3218 -25.6460 61.5980 23 14 9
14.4961 -15.0858 36.2340 32 41 32
11.2892 -11.1505 26.7820 15 8 19
9.4093 -8.8436 21.2410 20 5 4
6.9529 -6.2552 15.0240 11 1 0
6.0874 -5.2339 12.5710 54 42 40
6.1078 -5.0286 12.0780 18 2 0
7.0591 -5.5753 13.3910 6 3 0
-5.7909 -4.7304 11.4070 26 6 7
-4.6797 -3.9914 9.6250 18 6 17
-4.5443 -4.0549 9.7780 2 5 6
-4.9649 -4.6446 11.2000 15 2 10
-4.9026 -4.8196 11.6220 23 3 6
-5.1381 -5.3218 12.8330 5 4 4
-5.2098 -5.6768 13.6890 5 5 5
-4.9161 -5.6768 13.6890 17 5 5
-4.3333 -5.3218 12.8330 11 9 0
-3.9751 -5.2131 12.5710 27 15 15
-3.9471 -5.5532 13.3910 17 3 0
-3.9151 -5.9405 14.3250 24 14 0
-3.8785 -6.3863 15.4000 29 17 0
-3.7347 -6.7222 16.2100 24 15 6
-3.9000 -7.7407 18.6660 9 10 6
-3.2080 -7.0958 17.1110 8 5 0
-2.9221 -7.2986 17.6000 26 13 2
-2.8146 -7.9825 19.2490 25 16 11
-3.0741 -10.2177 24.6390 19 10 17
-2.6516 -10.6435 25.6660 15 13 1
-1.9393 -9.8249 23.6920 17 7 5
-1.4310 -9.8249 23.6920 31 18 5
-1.0430 -11.1063 26.7820 13 13 31
-0.8286 -19.6495 47.3830 12 21 54
23.3218 -25.5443 61.5980 26 22 15
12.9702 -13.4444 32.4200 42 46 39
10.8188 -10.6435 25.6660 19 12 21
9.7088 -9.1229 21.9990 22 13 6
6.9529 -6.2304 15.0240 14 6 3
5.9658 -5.1090 12.3200 41 31 29
5.9905 -4.9125 11.8460 17 3 0
7.0591 -5.5532 13.3910 7 2 0
-5.9001 -4.8004 11.6220 25 5 6
-4.6797 -3.9756 9.6250 13 2 10
-4.5443 -4.0387 9.7780 5 5 7
-4.8763 -4.5435 11.0000 14 1 9
-4.9026 -4.8004 11.6220 20 3 5
-5.1381 -5.3006 12.8330 9 3 5
-5.2098 -5.6542 13.6890 6 5 5
-4.9161 -5.6542 13.6890 17 5 5
-4.3333 -5.3006 12.8330 12 10 0
-3.9751 -5.1924 12.5710 24 14 14
-3.9471 -5.5311 13.3910 20 6 0
-3.9151 -5.9169 14.3250 24 14 0
-3.8785 -6.3609 15.4000 24 14 0
-3.9422 -7.0676 17.1110 24 15 8
-3.7853 -7.4831 18.1170 10 10 4
-3.2080 -7.0676 17.1110 8 5 2
-2.8691 -7.0676 17.1110 19 8 1
-2.8146 -7.9507 19.2490 25 16 9
-3.0741 -10.1770 24.6390 21 12 19
-2.6516 -10.6012 25.6660 16 14 2
-1.9393 -9.7858 23.6920 17 7 5
-1.4310 -9.7858 23.6920 31 18 7
-1.0430 -11.0621 26.7820 14 14 32
-0.8286 -19.5713 47.3830 8 18 46
23.3218 -25.4427 61.5980 37 38 27
12.9702 -13.3909 32.4200 25 33 22
11.2450 -11.0621 26.7820 19 10 17
9.7088 -9.0866 21.9990 25 14 5
6.7872 -6.0577 14.6660 16 11 9
5.9658 -5.0887 12.3200 10 0 0
5.8772 -4.8004 11.6220 85 85 36
7.0591 -5.5311 13.3910 14 6 5
-5.7909 -4.6928 11.4070 23 6 8
-4.8305 -4.0872 9.9350 20 9 17
-4.6173 -4.0872 9.9350 10 9 11
-4.8763 -4.5253 11.0000 17 1 10
-4.8119 -4.6928 11.4070 22 4 10
-5.1593 -5.2794 12.8330 12 3 6
-5.5816 -6.0335 14.6660 9 5 6
-5.0278 -5.7595 14.0000 19 9 9
-4.4255 -5.3917 13.1060 9 7 0
-4.1443 -5.3917 13.1060 19 9 7
-4.0350 -5.6316 13.6890 20 6 2
-4.0083 -6.0335 14.6660 27 17 5
-3.9777 -6.4976 15.7940 32 22 10
-3.9422 -7.0394 17.1110 24 13 8
-3.7853 -7.4532 18.1170 10 10 4
-3.2362 -7.0394 17.1110 20 10 10
-2.8691 -7.0394 17.1110 20 11 4
-2.8146 -7.9189 19.2490 26 17 8
-3.2022 -10.5588 25.6660 18 9 14
-2.6516 -10.5588 25.6660 16 14 4
-1.8674 -9.3855 22.8140 22 12 10
-1.3779 -9.3855 22.8140 32 21 12
-1.0430 -11.0180 26.7820 17 17 37
-0.8286 -19.4931 47.3830 13 23 49
17.0943 -18.1009 43.9990 33 26 20
11.4788 -11.5186 27.9990 6 12 12
10.5892 -10.1363 24.6390 19 19 15
8.4227 -7.6791 18.6660 22 2 3
6.3297 -5.5090 13.3910 22 8 4
5.8536 -4.8734 11.8460 23 2 9
6.3522 -5.0684 12.3200 21 8 14
-5.6112 -4.4281 10.8070 26 12 6
-5.3793 -4.4281 10.8070 19 9 7
-4.4454 -3.8241 9.3330 11 2 7
-4.8305 -4.3515 10.6200 17 4 12
-4.8540 -4.5891 11.2000 17 0 5
-4.9953 -4.9489 12.0780 10 4 6
-5.4899 -5.7364 14.0000 8 3 1
-5.4364 -6.0093 14.6660 10 1 8
-4.7805 -5.6090 13.6890 11 7 8
-4.3891 -5.4869 13.3910 20 11 6
-4.1018 -5.4869 13.3910 17 5 3
-3.9880 -5.7364 14.0000 21 8 12
-3.9573 -6.1560 15.0240 25 15 13
-3.9219 -6.6419 16.2100 16 5 9
-4.1157 -7.6483 18.6660 27 24 21
-3.4057 -7.0111 17.1110 17 6 1
-3.0668 -7.0111 17.1110 13 12 14
-2.7768 -7.2115 17.6000 21 9 9
-2.9989 -9.0140 21.9990 15 5 3
-3.0763 -10.9738 26.7820 20 15 13
-2.2130 -9.7076 23.6920 27 18 11
-1.5829 -9.0140 21.9990 26 15 6
-1.1964 -9.7076 23.6920 25 16 23
-0.9415 -13.2839 32.4200 12 25 54
16.0021 -25.2394 61.5980 16 14 21
13.5213 -14.0218 34.2210 49 45 38
11.6174 -11.4724 27.9990 26 32 34
10.7519 -10.0957 24.6390 21 7 3
7.4215 -6.6419 16.2100 19 15 8
6.0251 -5.1509 12.5710 21 4 4
5.8196 -4.7620 11.6220 11 3 2
6.8439 -5.3701 13.1060 9 0 3
-5.6388 -4.4890 11.0000 20 8 6
-5.1277 -4.2605 10.4400 17 6 12
-4.5209 -3.9279 9.6250 12 7 17
-4.7604 -4.3340 10.6200 17 1 10
-4.7801 -4.5706 11.2000 19 3 8
-5.0141 -5.0277 12.3200 11 7 10
-5.6542 -5.9851 14.6660 9 5 6
-5.2154 -5.8459 14.3250 19 4 3
-4.5880 -5.4648 13.3910 12 9 4
-4.3007 -5.4648 13.3910 24 12 12
-4.1959 -5.7133 14.0000 20 5 4
-3.9860 -5.8459 14.3250 25 8 8
-4.0559 -6.4454 15.7940 26 15 8
-4.1420 -7.1824 17.6000 19 20 11
-3.8750 -7.3934 18.1170 7 3 4
-3.3210 -6.9829 17.1110 17 6 1
-2.9538 -6.9829 17.1110 22 13 16
-2.7388 -7.3934 18.1170 17 7 5
-3.1961 -10.0550 24.6390 15 9 13
-2.7786 -10.4741 25.6660 23 18 14
-2.0566 -9.6686 23.6920 15 6 9
-1.4909 -9.3102 22.8140 24 15 10
-1.0815 -10.0550 24.6390 29 20 27
-0.9215 -16.7588 41.0660 6 20 53
14.9172 -22.8528 55.9990 37 32 42
16.0225 -16.7588 41.0660 63 56 48
11.4788 -11.4262 27.9990 24 27 28
11.5545 -10.9296 26.7820 16 17 13
8.2049 -7.3934 18.1170 15 7 6
6.2167 -5.3485 13.1060 21 5 2
5.7621 -4.7429 11.6220 21 5 10
6.5023 -5.1301 12.5710 15 2 10
-5.3133 -4.1725 10.2660 20 11 6
-5.3615 -4.3924 10.8070 15 7 6
-4.5685 -3.9120 9.6250 13 7 13
-4.7314 -4.2433 10.4400 15 2 8
-4.6026 -4.3164 10.6200 21 5 10
-4.8798 -4.8147 11.8460 8 2 6
-5.7268 -5.9609 14.6660 14 6 5
-5.4122 -5.9609 14.6660 18 6 6
-4.7579 -5.5638 13.6890 10 4 6
-4.4642 -5.5638 13.6890 13 3 1
-4.3643 -5.8223 14.3250 15 7 4
-4.0569 -5.8223 14.3250 23 8 9
-4.1341 -6.4194 15.7940 19 10 13
-4.2292 -7.1534 17.6000 27 29 20
-3.9647 -7.3635 18.1170 23 18 16
-3.4057 -6.9546 17.1110 15 3 1
-3.0386 -6.9546 17.1110 12 11 13
-2.6714 -6.9546 17.1110 19 7 7
-3.0723 -9.2726 22.8140 16 8 7
-3.0321 -10.8854 26.7820 18 15 12
-2.1739 -9.6295 23.6920 18 8 6
-1.5466 -8.9413 21.9990 18 11 3
-1.1573 -9.6295 23.6920 27 22 30
-0.8880 -13.1769 32.4200 7 20 49
16.0021 -25.0361 61.5980 14 12 19
23.5251 -25.0361 61.5980 43 60 42
11.8320 -11.9222 29.3330 32 35 34
12.4614 -11.9222 29.3330 29 17 28
10.5733 -9.6295 23.6920 27 15 13
6.5483 -5.6902 14.0000 29 25 16
5.6854 -4.7237 11.6220 19 6 10
6.0491 -4.8147 11.8460 10 2 0
-5.0451 -3.8961 9.6250 58 39 37
-5.6304 -4.5337 11.2000 26 11 10
-4.7813 -4.0216 9.9350 20 4 11
-4.7203 -4.1556 10.2660 12 3 6
-4.6728 -4.2989 10.6200 20 4 9
-4.7743 -4.6175 11.4070 12 3 6
-5.4357 -5.5412 13.6890 20 5 6
-5.6435 -6.0816 15.0240 12 1 7
-4.9584 -5.6671 14.0000 12 4 3
-4.4554 -5.4206 13.3910 12 4 3
-4.3577 -5.6671 14.0000 130 132 119
-4.0573 -5.6671 14.0000 27 12 13
-4.0317 -6.0816 15.0240 24 13 8
-4.3454 -7.1244 17.6000 33 19 13
-4.1142 -7.3336 18.1170 26 22 15
-3.5186 -6.9264 17.1110 17 7 5
-3.1515 -6.9264 17.1110 10 5 3
-2.7844 -6.9264 17.1110 32 25 19
-2.9007 -8.3116 20.5330 34 18 15
-3.0752 -10.3894 25.6660 15 6 9
-2.3303 -9.5904 23.6920 22 7 6
-1.6335 -8.5982 21.2410 14 13 15
-1.1778 -8.5982 21.2410 23 20 43
-0.9104 -10.8412 26.7820 13 23 49
-0.6435 -20.7788 51.3320 10 20 46
12.7003 -19.1803 47.3830 37 30 41
17.8320 -24.9344 61.5980 37 27 25
19.4586 -24.9344 61.5980 21 17 22
11.7352 -11.8738 29.3330 38 51 46
12.3645 -11.8738 29.3330 21 8 14
11.3695 -10.3894 25.6660 20 10 8
6.6530 -5.7987 14.3250 29 22 16
5.8686 -4.8891 12.0780 17 5 5
5.8964 -4.7045 11.6220 7 4 1
7.2388 -5.5412 13.6890 11 0 4
-5.3914 -4.2814 10.6200 27 12 13
-5.0760 -4.2088 10.4400 18 5 11
-4.6931 -4.0709 10.0980 14 5 10
-4.7078 -4.2814 10.6200 14 1 7
-4.6403 -4.4346 11.0000 15 4 8
-5.2475 -5.2836 13.1060 56 43 47
-5.8355 -6.2084 15.4000 11 2 7
-5.1208 -5.7750 14.3250 18 6 4
-4.5998 -5.5186 13.6890 14 9 5
-4.5061 -5.7750 14.3250 13 9 2
-4.1988 -5.7750 14.3250 23 6 6
-4.1061 -6.0568 15.0240 24 14 14
-4.4325 -7.0953 17.6000 31 17 13
-4.3005 -7.5251 18.6660 26 19 11
-3.5751 -6.8982 17.1110 17 9 6
-3.2080 -6.8982 17.1110 16 11 9
-2.8409 -6.8982 17.1110 24 16 13
-2.7828 -7.7601 19.2490 25 14 7
-3.1599 -10.3471 25.6660 21 12 15
-2.5048 -9.9330 24.6390 26 16 14
-1.7644 -8.8687 21.9990 19 13 17
-1.2829 -8.5632 21.2410 9 9 29
-0.9227 -9.5513 23.6920 14 17 45
-0.7695 -17.7379 43.9990 12 19 52
13.4199 -20.6941 51.3320 17 19 27
14.5212 -20.6941 51.3320 44 29 30
14.4207 -19.1021 47.3830 26 18 17
19.8585 -20.6941 51.3320 65 65 59
11.4326 -11.2876 27.9990 32 29 24
14.7074 -13.7959 34.2210 33 23 23
9.5846 -8.5632 21.2410 21 6 5
6.1950 -5.2836 13.1060 16 1 0
5.6179 -4.5986 11.4070 20 2 8
6.3318 -4.9667 12.3200 65 56 59
-4.7888 -3.6913 9.1940 21 13 12
-5.4935 -4.4164 11.0000 23 8 7
-4.8264 -4.0543 10.0980 22 11 15
-4.7659 -4.1916 10.4400 24 9 10
-4.6202 -4.2639 10.6200 18 5 9
-4.8067 -4.6661 11.6220 15 6 13
-5.7510 -5.8883 14.6660 14 6 5
-5.5691 -6.0320 15.0240 12 1 5
-5.0263 -5.7514 14.3250 13 7 11
-4.7189 -5.7514 14.3250 23 8 7
-4.6268 -6.0320 15.0240 4 12 1
-4.2019 -5.8883 14.6660 19 9 9
-4.4126 -6.6840 16.6480 24 19 17
-4.6890 -7.7283 19.2490 24 20 13
-4.0245 -7.2738 18.1170 24 20 13
-3.3410 -6.6840 16.6480 19 7 5
-3.0668 -6.8699 17.1110 16 13 10
-2.6266 -6.6840 16.6480 27 17 15
-3.0352 -8.8324 21.9990 21 13 12
-2.8708 -9.8924 24.6390 19 16 13
-2.1687 -9.1596 22.8140 19 14 10
-1.5113 -8.2438 20.5330 11 11 13
-1.1077 -8.5281 21.2410 22 25 44
-0.8220 -10.7528 26.7820 7 20 47
-0.4741 -20.6094 51.3320 11 26 54
12.7003 -19.0239 47.3830 32 27 35
14.8601 -20.6094 51.3320 31 23 22
15.9614 -20.6094 51.3320 22 16 22
14.3167 -14.5477 36.2340 59 54 50
12.1709 -11.7770 29.3330 37 36 38
14.1474 -13.0164 32.4200 32 19 23
7.4215 -6.5082 16.2100 23 15 14
5.7888 -4.8492 12.0780 17 0 0
5.6083 -4.4967 11.2000 9 0 3
6.8439 -5.2620 13.1060 15 4 12
-5.2625 -4.1048 10.2660 12 3 8
-5.4027 -4.3983 11.0000 17 8 15
-4.7431 -4.0376 10.0980 15 5 15
-4.6797 -4.1744 10.4400 15 2 8
-4.4729 -4.1744 10.4400 22 7 8
-4.7300 -4.6470 11.6220 10 4 10
-5.7922 -6.0072 15.0240 10 4 6
-5.3395 -5.8641 14.6660 18 6 6
-4.7967 -5.5978 14.0000 10 1 4
-4.7102 -5.8641 14.6660 20 9 4
-4.5028 -6.0072 15.0240 23 9 5
-4.0809 -5.8641 14.6660 24 9 10
-4.6524 -7.2439 18.1170 22 10 10
-4.5301 -7.6966 19.2490 32 33 20
-3.6598 -6.8417 17.1110 16 11 7
-3.3210 -6.8417 17.1110 15 5 5
-2.9538 -6.8417 17.1110 22 10 10
-2.7388 -7.2439 18.1170 16 6 4
-3.0732 -9.4731 23.6920 25 22 19
-2.5649 -9.4731 23.6920 21 16 14
-1.9096 -8.7961 21.9990 22 13 16
-1.2985 -7.9449 19.8700 13 15 21
-0.9324 -8.4930 21.2410 19 24 44
-0.7679 -13.6830 34.2210 13 23 53
15.5954 -24.6295 61.5980 18 10 9
12.0111 -17.5927 43.9990 36 32 35
12.0915 -16.4199 41.0660 22 22 24
16.2156 -20.5247 51.3320 22 17 15
12.3217 -12.3147 30.7990 40 54 60
14.4250 -13.6830 34.2210 28 22 26
14.3614 -12.9629 32.4200 24 13 8
6.3576 -5.4734 13.6890 20 17 14
5.5425 -4.5610 11.4070 15 5 5
5.7873 -4.5610 11.4070 12 2 0
7.0812 -5.3543 13.3910 12 1 7
-5.2828 -4.1571 10.4400 24 13 19
-5.1635 -4.2288 10.6200 18 5 11
-4.6931 -4.0209 10.0980 16 7 12
-4.5509 -4.0878 10.2660 12 3 8
-4.4040 -4.1571 10.4400 13 3 3
-5.0332 -5.0057 12.5710 15 3 3
-5.8355 -6.1322 15.4000 10 4 8
-5.1208 -5.7041 14.3250 15 5 5
-4.7043 -5.5747 14.0000 18 15 10
-4.8443 -6.1322 15.4000 12 7 3
-4.2987 -5.8399 14.6660 24 10 6
-4.3166 -6.2890 15.7940 33 29 30
-4.8478 -7.6648 19.2490 24 9 10
-4.4348 -7.6648 19.2490 30 23 15
-3.4784 -6.6291 16.6480 14 6 5
-3.2997 -7.0082 17.6000 15 6 9
-2.8409 -6.8135 17.1110 20 15 13
-2.7828 -7.6648 19.2490 25 15 13
-2.9168 -9.4340 23.6920 13 9 12
-2.4085 -9.4340 23.6920 20 10 8
-1.7036 -8.4580 21.2410 20 14 16
-1.1673 -7.9121 19.8700 10 24 57
-0.8272 -8.4580 21.2410 15 22 46
-0.5985 -13.6265 34.2210 10 17 52
15.6971 -24.5278 61.5980 13 13 9
11.3460 -16.3522 41.0660 32 32 36
11.4628 -15.3300 38.4990 15 21 23
17.8747 -22.2984 55.9990 21 16 14
12.4234 -12.2639 30.7990 34 40 38
18.6918 -17.5200 43.9990 42 26 33
13.7450 -12.2639 30.7990 31 20 15
6.1301 -5.2187 13.1060 20 10 8
5.4605 -4.4598 11.2000 11 2 5
5.9155 -4.6278 11.6220 12 2 0
7.1033 -5.3322 13.3910 23 12 18
-5.3563 -4.2113 10.6200 20 7 11
-5.1285 -4.2113 10.6200 16 5 11
-4.8175 -4.1399 10.4400 16 10 12
-4.5170 -4.0709 10.2660 14 5 8
-4.5232 -4.2854 10.8070 10 4 8
-5.2042 -5.1971 13.1060 12 2 2
-5.6435 -5.9576 15.0240 8 2 4
-5.0735 -5.6805 14.3250 12 4 3
-4.6812 -5.5516 14.0000 14 12 4
-4.8189 -6.1067 15.4000 8 9 3
-4.3789 -5.9576 15.0240 24 7 7
-4.3767 -6.4279 16.2100 19 16 13
-4.9386 -7.8793 19.8700 32 15 15
-4.3713 -7.6330 19.2490 32 22 20
-3.4234 -6.6016 16.6480 19 7 7
-3.2416 -6.9791 17.6000 15 7 6
-2.7090 -6.6016 16.6480 13 10 7
-2.9007 -8.1422 20.5330 16 6 6
-2.7711 -9.0467 22.8140 19 15 16
-2.2001 -8.7235 21.9990 23 13 11
-1.6686 -8.4229 21.2410 16 15 15
-1.0991 -7.6330 19.2490 3 19 54
-0.7082 -7.8793 19.8700 11 24 49
-0.3496 -9.7704 24.6390 22 30 58
0.4477 -24.4262 61.5980 11 27 46
12.7785 -18.7893 47.3830 36 32 35
11.9560 -16.2844 41.0660 24 25 38
14.8117 -18.7893 47.3830 20 16 19
15.2751 -15.2665 38.4990 72 63 68
14.2555 -13.5701 34.2210 29 29 31
17.9880 -16.2844 41.0660 12 3 8
7.2571 -6.2630 15.7940 50 69 57
5.4861 -4.5234 11.4070 17 5 3
5.6268 -4.4413 11.2000 13 1 1
6.7226 -5.0888 12.8330 15 2 10
-4.9962 -3.8612 9.7780 18 7 15
-5.3846 -4.3438 11.0000 13 1 12
-4.8865 -4.1227 10.4400 12 1 7
-4.5848 -4.0540 10.2660 13 2 6
-4.3814 -4.0540 10.2660 15 4 8
-4.8016 -4.6779 11.8460 13 2 6
-5.7674 -5.9328 15.0240 11 7 10
-5.1918 -5.6568 14.3250 22 5 7
-4.7736 -5.5285 14.0000 11 7 8
-4.8004 -5.9328 15.0240 17 5 3
-4.5901 -6.0813 15.4000 25 14 9
-4.1557 -5.9328 15.0240 26 13 17
-5.0698 -7.8465 19.8700 23 14 17
-4.7984 -8.1083 20.5330 21 17 8
-3.5333 -6.5742 16.6480 14 6 5
-3.4863 -7.1542 18.1170 16 5 9
-2.9256 -6.7570 17.1110 17 11 13
-2.7089 -7.1542 18.1170 20 8 6
-2.8173 -8.6872 21.9990 18 18 12
-2.4322 -9.0091 22.8140 19 11 8
-1.8088 -8.3879 21.2410 19 7 5
-1.2262 -7.6013 19.2490 10 20 27
-0.8394 -7.8465 19.8700 13 23 51
-0.4573 -8.6872 21.9990 12 25 54
0.0293 -17.3748 43.9990 23 43 65
13.4199 -20.2706 51.3320 18 17 21
11.6171 -16.2166 41.0660 34 23 27
11.0276 -14.3085 36.2340 13 13 13
21.7565 -22.1135 55.9990 77 93 84
14.8549 -14.3085 36.2340 45 45 45
22.1460 -20.2706 51.3320 29 16 24
8.7175 -7.6013 19.2490 45 53 24
5.4108 -4.5045 11.4070 23 4 2
5.2653 -4.1937 10.6200 19 6 10
6.3725 -4.8651 12.3200 15 6 9
-4.6203 -3.5105 8.9270 29 14 13
-5.3793 -4.2498 10.8070 14 5 10
-5.2394 -4.3257 11.0000 23 12 16
-4.7486 -4.1054 10.4400 15 3 3
-4.2377 -3.8451 9.7780 12 3 6
-4.5313 -4.3257 11.0000 12 5 14
-5.7268 -5.7673 14.6660 9 0 3
-5.1664 -5.5054 14.0000 20 4 9
-4.8660 -5.5054 14.0000 6 5 7
-4.7828 -5.7673 14.6660 18 6 4
-4.6918 -6.0559 15.4000 14 10 11
-4.1777 -5.7673 14.6660 10 5 3
-5.0702 -7.5695 19.2490 18 10 9
-5.3226 -8.6509 21.9990 15 12 9
-3.9946 -7.1244 18.1170 30 25 21
-3.5030 -6.9210 17.6000 14 6 5
-3.1254 -6.9210 17.6000 16 12 13
-2.6714 -6.7288 17.1110 14 18 13
-2.9626 -8.6509 21.9990 23 18 14
-2.4047 -8.3528 21.2410 16 15 17
-1.8840 -8.0744 20.5330 17 9 8
-1.3969 -7.8137 19.8700 15 11 14
-0.9720 -7.5695 19.2490 12 25 54
-0.4835 -6.5467 16.6480 12 28 49
-0.1374 -7.1244 18.1170 7 20 45
0.8544 -24.2229 61.5980 7 25 52
12.1563 -17.3022 43.9990 37 30 39
10.7884 -14.2487 36.2340 11 13 21
19.6619 -24.2229 61.5980 14 9 7
14.7353 -14.2487 36.2340 48 53 43
23.9746 -22.0211 55.9990 27 16 22
9.8903 -8.6509 21.9990 20 11 2
5.4552 -4.5702 11.6220 18 1 1
5.2127 -4.1762 10.6200 13 2 8
6.0687 -4.6583 11.8460 12 4 3
-4.5334 -3.3974 8.6760 32 10 12
-5.3213 -4.1587 10.6200 20 7 11
-5.3716 -4.3858 11.2000 10 4 10
-4.9512 -4.2319 10.8070 11 2 5
-4.3386 -3.8905 9.9350 14 5 8
-4.5676 -4.3075 11.0000 13 7 13
-5.6410 -5.6095 14.3250 10 4 6
-5.3336 -5.6095 14.3250 13 3 3
-4.8257 -5.3605 13.6890 11 3 2
-4.7425 -5.6095 14.3250 13 8 4
-4.6516 -5.8833 15.0240 20 20 14
-4.2261 -5.7431 14.6660 22 7 6
-4.6939 -6.8920 17.6000 21 13 12
-5.3952 -8.6146 21.9990 29 19 17
-4.3077 -7.5377 19.2490 31 23 22
-3.4622 -6.7005 17.1110 17 7 7
-3.1835 -6.8920 17.6000 13 10 7
-2.7279 -6.7005 17.1110 10 14 9
-2.8668 -8.0405 20.5330 32 20 18
-2.3479 -7.7809 19.8700 20 15 13
-1.9216 -7.7809 19.8700 19 10 13
-1.4953 -7.7809 19.8700 9 8 10
-1.0355 -7.5377 19.2490 14 27 63
-0.4981 -6.0305 15.4000 16 31 57
-0.1916 -6.8920 17.6000 8 15 48
0.5919 -21.9287 55.9990 6 28 54
12.0837 -17.2296 43.9990 36 31 39
10.7286 -14.1889 36.2340 20 25 41
16.2156 -20.1011 51.3320 19 14 12
13.8037 -13.4006 34.2210 54 56 47
23.7897 -21.9287 55.9990 30 19 27
14.4684 -12.6954 32.4200 34 23 18
5.4360 -4.5511 11.6220 17 4 10
5.1072 -4.0882 10.4400 12 1 7
5.7192 -4.3858 11.2000 21 4 4
-4.4229 -3.2903 8.4380 38 11 14
-5.0764 -3.9376 10.0980 26 10 17
-5.3901 -4.3673 11.2000 8 2 8
-4.9691 -4.2141 10.8070 18 9 14
-4.2350 -3.7532 9.6250 11 2 5
-4.4449 -4.1412 10.6200 8 2 8
-5.4357 -5.3379 13.6890 9 3 5
-5.3809 -5.5859 14.3250 12 2 2
-4.8483 -5.3379 13.6890 26 11 10
-4.7662 -5.5859 14.3250 16 11 7
-4.6764 -5.8585 15.0240 18 10 7
-4.3541 -5.8585 15.0240 25 14 9
-4.8617 -7.0646 18.1170 26 17 20
-5.6327 -8.8961 22.8140 25 15 13
-4.6629 -8.0067 20.5330 24 16 13
-3.5186 -6.6723 17.1110 15 5 5
-3.3368 -7.0646 18.1170 17 7 7
-2.7844 -6.6723 17.1110 19 16 13
-2.9007 -8.0067 20.5330 29 18 13
-2.3807 -7.7481 19.8700 21 18 15
-1.9544 -7.7481 19.8700 21 12 17
-1.5281 -7.7481 19.8700 12 11 11
-1.0673 -7.5060 19.2490 11 24 60
-0.5369 -6.1587 15.7940 13 22 55
0.5919 -21.8363 55.9990 5 27 53
16.1037 -24.0196 61.5980 21 20 20
12.4468 -17.1570 43.9990 33 29 30
11.7169 -15.0123 38.4990 23 18 26
21.9413 -21.8363 55.9990 83 89 89
18.1835 -17.1570 43.9990 49 44 42
26.7783 -24.0196 61.5980 21 8 16
6.8537 -5.8585 15.0240 24 15 10
5.1618 -4.2141 10.8070 20 5 4
5.3004 -4.1412 10.6200 15 4 8
6.2872 -4.7097 12.0780 16 5 9
-4.6056 -3.4663 8.9270 24 12 10
-5.4391 -4.2712 11.0000 17 6 14
-5.3956 -4.4292 11.4070 23 5 11
-4.4152 -3.7967 9.7780 17 2 3
-4.0141 -3.6239 9.3330 12 1 5
-4.7492 -4.5127 11.6220 18 9 14
-5.8170 -5.8337 15.0240 9 5 8
-5.0064 -5.3153 13.6890 18 5 9
-4.7127 -5.3153 13.6890 11 11 13
-4.7344 -5.6947 14.6660 29 12 12
-4.5276 -5.8337 15.0240 26 11 10
-4.3360 -5.9797 15.4000 12 6 8
-5.3406 -7.9728 20.5330 19 11 8
-5.4444 -8.8585 22.8140 28 16 14
-3.8225 -6.8339 17.6000 23 24 20
-3.6536 -7.2478 18.6660 18 8 8
-3.0673 -6.8339 17.6000 22 17 15
-2.6897 -6.8339 17.6000 15 15 15
-2.6974 -7.9728 20.5330 22 19 16
-2.0516 -7.2478 18.6660 14 13 13
-1.7027 -7.4742 19.2490 24 14 14
-1.3641 -7.7153 19.8700 19 15 18
-0.8810 -7.2478 18.6660 9 19 49
-0.3171 -4.7837 12.3200 7 17 45
10.1056 -23.9179 61.5980 32 30 41
14.9172 -21.7439 55.9990 27 26 26
11.0815 -14.9488 38.4990 32 31 33
14.6553 -18.3984 47.3830 27 25 32
16.3614 -15.9455 41.0660 70 70 64
21.5529 -19.9317 51.3320 23 19 24
16.9907 -14.9488 38.4990 20 16 19
5.7015 -4.7837 12.3200 23 2 9
5.0382 -4.0538 10.4400 9 4 2
5.3530 -4.1236 10.6200 23 8 9
6.1074 -4.5127 11.6220 14 1 5
-4.9021 -3.7214 9.6250 17 7 7
-5.4640 -4.3304 11.2000 12 6 12
-5.4205 -4.4935 11.6220 15 6 11
-4.2168 -3.6642 9.4770 12 1 7
-4.0761 -3.7214 9.6250 12 6 10
-4.9531 -4.7634 12.3200 12 3 6
-5.5816 -5.6705 14.6660 10 1 6
-4.8311 -5.1775 13.3910 15 4 8
-4.6450 -5.2927 13.6890 18 6 6
-4.5534 -5.5386 14.3250 21 6 5
-4.3471 -5.6705 14.6660 20 11 6
-4.4570 -6.2674 16.2100 20 9 15
-5.5767 -8.5057 21.9990 29 18 11
-5.2938 -8.8208 22.8140 25 16 7
-3.6034 -6.6158 17.1110 12 3 6
-3.5303 -7.2170 18.6660 19 7 7
-2.8691 -6.6158 17.1110 19 14 12
-2.8146 -7.4424 19.2490 18 14 15
-2.3597 -7.2170 18.6660 27 27 21
-1.9016 -7.0048 18.1170 17 12 10
-1.6074 -7.4424 19.2490 18 10 9
-1.2329 -7.6825 19.8700 8 21 50
-0.6580 -6.2674 16.2100 7 17 45
-0.1965 -3.9692 10.2660 12 26 57
10.1056 -23.8163 61.5980 32 27 37
13.6740 -19.8470 51.3320 39 35 36
11.0815 -14.8853 38.4990 33 32 36
14.6553 -18.3202 47.3830 17 15 24
18.8000 -18.3202 47.3830 73 74 65
21.4682 -19.8470 51.3320 28 32 27
19.3454 -17.0118 43.9990 14 10 13
5.4626 -4.5801 11.8460 20 4 9
4.9543 -3.9692 10.2660 13 7 9
5.2622 -4.0365 10.4400 17 5 3
5.8856 -4.3304 11.2000 19 8 12
-4.9021 -3.7055 9.6250 21 16 14
-5.4640 -4.3119 11.2000 11 2 9
-5.4205 -4.4744 11.6220 16 7 12
-4.1527 -3.5931 9.3330 12 3 6
-3.9088 -3.5396 9.1940 15 6 13
-4.9734 -4.7431 12.3200 12 1 5
-5.7426 -5.7841 15.0240 11 2 5
-4.8311 -5.1554 13.3910 15 4 8
-4.6450 -5.2701 13.6890 13 2 6
-4.4501 -5.3899 14.0000 27 15 13
-4.3471 -5.6463 14.6660 23 13 11
-4.4570 -6.2407 16.2100 22 11 17
-5.5767 -8.4694 21.9990 32 21 12
-5.2938 -8.7832 22.8140 26 17 8
-3.6316 -6.5876 17.1110 15 6 9
-3.6724 -7.4107 19.2490 21 9 9
-2.8974 -6.5876 17.1110 20 17 12
-2.7602 -7.1862 18.6660 13 9 12
-2.3597 -7.1862 18.6660 21 22 13
-1.9016 -6.9749 18.1170 17 12 10
-1.6074 -7.4107 19.2490 22 14 11
-1.2329 -7.6498 19.8700 10 18 46
-0.6580 -6.2407 16.2100 10 20 48
-0.1965 -3.9523 10.2660 11 25 56
1.0577 -23.7146 61.5980 8 18 44
10.9189 -23.7146 61.5980 25 21 22
12.3016 -16.9392 43.9990 31 34 35
12.3626 -15.8100 41.0660 21 16 26
18.8000 -18.2420 47.3830 75 77 68
21.4682 -19.7623 51.3320 25 32 26
16.0509 -13.9497 36.2340 9 5 8
5.2017 -4.3119 11.2000 23 7 12
4.9881 -3.9523 10.2660 16 7 10
5.3880 -4.0886 10.6200 19 4 3
5.9226 -4.3119 11.2000 13 2 8
-4.8111 -3.6329 9.4770 17 9 8
-5.3483 -4.2167 11.0000 11 2 9
-5.3014 -4.3728 11.4070 14 8 12
-4.0757 -3.5244 9.1940 11 2 5
-3.9978 -3.6329 9.4770 16 6 16
-5.1381 -4.9194 12.8330 15 5 5
-5.5574 -5.6221 14.6660 17 4 8
-4.7869 -5.1333 13.3910 12 1 5
-4.5998 -5.2475 13.6890 15 6 9
-4.4039 -5.3668 14.0000 22 10 8
-4.2987 -5.6221 14.6660 16 8 7
-4.5500 -6.3818 16.6480 19 9 9
-5.5404 -8.4331 21.9990 30 21 12
-5.2562 -8.7455 22.8140 21 14 6
-3.5751 -6.5593 17.1110 19 11 10
-3.4995 -7.1554 18.6660 20 8 8
-2.8409 -6.5593 17.1110 17 12 10
-2.7828 -7.3789 19.2490 30 30 26
-2.1668 -6.7468 17.6000 17 18 9
-1.7892 -6.7468 17.6000 20 15 11
-1.5937 -7.6170 19.8700 13 10 5
-1.2402 -7.8711 20.5330 10 18 46
-0.6313 -6.2139 16.2100 13 23 53
-0.1683 -3.6896 9.6250 14 28 59
0.5340 -14.7582 38.4990 3 21 48
10.7156 -23.6130 61.5980 30 21 24
12.1563 -16.8666 43.9990 26 26 26
12.2271 -15.7422 41.0660 15 13 27
18.7218 -18.1638 47.3830 72 72 72
19.7384 -18.1638 47.3830 28 34 32
15.1027 -13.1183 34.2210 14 10 13
5.3785 -4.4552 11.6220 22 11 15
4.9543 -3.9354 10.2660 12 3 6
5.1745 -3.9354 10.2660 15 5 5
5.5808 -4.0711 10.6200 18 7 11
-4.8268 -3.6173 9.4770 16 17 6
-5.3664 -4.1986 11.0000 16 5 11
-5.3203 -4.3539 11.4070 12 1 9
-4.0308 -3.4577 9.0590 10 1 4
-3.9524 -3.5623 9.3330 0 12 0
-4.9531 -4.7024 12.3200 18 6 6
-5.5816 -5.5979 14.6660 19 8 12
-4.7283 -5.0024 13.1060 13 2 6
-4.5438 -5.1112 13.3910 17 6 10
-4.3512 -5.2249 13.6890 19 7 7
-4.2461 -5.4677 14.3250 15 9 13
-4.3426 -6.0284 15.7940 23 17 19
-5.3846 -8.1075 21.2410 30 23 13
-5.4976 -9.0430 23.6920 23 14 5
-3.7063 -6.7177 17.6000 17 8 11
-3.5303 -7.1246 18.6660 21 9 9
-2.8691 -6.5311 17.1110 14 8 10
-2.8146 -7.3471 19.2490 16 12 15
-2.2249 -6.7177 17.6000 13 13 7
-1.7474 -6.3544 16.6480 19 9 9
-1.6074 -7.3471 19.2490 16 11 7
-1.2741 -7.8372 20.5330 13 19 48
-0.6758 -6.3544 16.6480 11 24 51
-0.1842 -3.6738 9.6250 7 21 52
0.4704 -14.6947 38.4990 10 30 56
9.6492 -21.3742 55.9990 33 25 24
12.0837 -16.7940 43.9990 27 30 29
12.1593 -15.6745 41.0660 12 16 30
23.9318 -23.5113 61.5980 64 70 83
19.4256 -18.0856 47.3830 33 40 34
20.6769 -18.0856 47.3830 19 12 21
5.5297 -4.6100 12.0780 15 4 8
4.9204 -3.9184 10.2660 14 2 2
5.1406 -3.9184 10.2660 10 2 1
5.4518 -3.9848 10.4400 17 2 1
-4.7130 -3.4941 9.1940 15 17 4
-5.2161 -4.0360 10.6200 18 9 14
-5.3579 -4.3351 11.4070 27 11 20
-4.1364 -3.4941 9.1940 13 2 6
-3.6653 -3.2512 8.5550 13 7 9
-4.3983 -4.1071 10.8070 12 3 6
-5.6542 -5.5737 14.6660 12 3 8
-4.8753 -5.0891 13.3910 12 1 5
-4.5880 -5.0891 13.3910 18 9 12
-4.3007 -5.0891 13.3910 22 7 6
-4.1959 -5.3205 14.0000 18 10 9
-4.2851 -5.8526 15.4000 17 8 11
-5.1026 -7.5514 19.8700 25 18 10
-5.5758 -9.0039 23.6920 28 18 6
-3.9049 -6.8852 18.1170 16 5 9
-3.7359 -7.3154 19.2490 18 10 9
-2.9538 -6.5029 17.1110 27 22 20
-2.7388 -6.8852 18.1170 15 12 9
-2.3501 -6.8852 18.1170 22 23 17
-1.8023 -6.3269 16.6480 20 10 10
-1.5727 -6.8852 18.1170 17 12 8
-1.3418 -7.8033 20.5330 16 17 30
-0.7725 -6.6887 17.6000 11 24 49
-0.2160 -3.6579 9.6250 11 24 53
-0.0235 -3.3926 8.9270 7 21 54
9.0022 -21.2818 55.9990 23 25 35
13.5046 -19.5082 51.3320 27 26 26
12.5194 -16.7213 43.9990 28 31 32
17.1354 -21.2818 55.9990 11 10 19
19.1128 -18.0074 47.3830 45 54 45
26.4733 -23.4097 61.5980 29 16 24
7.7210 -6.5029 17.1110 11 3 2
4.8526 -3.9015 10.2660 11 1 1
5.0729 -3.9015 10.2660 15 2 6
5.3828 -3.9676 10.4400 17 4 8
-4.3951 -3.1928 8.4380 26 6 9
-5.0430 -3.8210 10.0980 15 7 4
-5.4520 -4.3163 11.4070 16 5 11
-4.5353 -3.7593 9.9350 14 5 10
-3.6709 -3.1928 8.4380 11 3 2
-4.3179 -3.9504 10.4400 19 7 18
-5.6173 -5.4204 14.3250 9 8 12
-5.0742 -5.1798 13.6890 16 1 2
-4.5769 -4.9592 13.1060 14 9 5
-4.3891 -5.0670 13.3910 20 5 4
-4.1239 -5.0670 13.3910 18 14 15
-4.2019 -5.5495 14.6660 18 10 7
-4.6649 -6.6596 17.6000 28 24 17
-5.3589 -8.3242 21.9990 29 20 11
-4.2760 -7.2836 19.2490 21 13 10
-3.7460 -7.0630 18.6660 16 8 5
-3.0668 -6.4746 17.1110 15 10 8
-2.6266 -6.2994 16.6480 17 12 10
-2.6240 -7.2836 19.2490 16 17 11
-1.8141 -5.9763 15.7940 18 10 7
-1.5550 -6.2994 16.6480 27 17 15
-1.5113 -7.7695 20.5330 6 7 3
-1.0707 -7.7695 20.5330 14 26 44
-0.3501 -4.3163 11.4070 11 26 50
-0.0790 -3.2371 8.5550 9 23 56
0.8136 -17.9292 47.3830 8 18 46
8.8450 -19.4235 51.3320 28 21 15
12.2289 -16.6487 43.9990 26 34 33
16.7657 -21.1894 55.9990 17 19 29
18.9564 -17.9292 47.3830 37 47 50
25.9650 -23.3080 61.5980 20 20 16
10.1814 -8.6326 22.8140 18 7 13
4.8832 -3.9504 10.4400 15 4 8
5.0220 -3.8845 10.2660 14 2 2
5.2423 -3.8845 10.2660 15 5 5
-4.3632 -3.1360 8.3240 27 6 13
-4.7642 -3.5704 9.4770 12 4 3
-5.2009 -4.0714 10.8070 16 5 11
-4.6431 -3.8043 10.0980 10 4 8
-3.6001 -3.0942 8.2130 10 1 4
-3.8908 -3.5161 9.3330 11 2 7
-5.4131 -5.1572 13.6890 8 5 2
-5.2588 -5.2743 14.0000 11 0 4
-4.5451 -4.8347 12.8330 17 5 5
-4.4554 -5.0449 13.3910 15 5 5
-4.0794 -4.9375 13.1060 12 6 8
-4.0573 -5.2743 14.0000 18 10 9
-4.3500 -6.1069 16.2100 23 14 5
-5.2443 -8.0023 21.2410 29 20 13
-4.7886 -8.0023 21.2410 26 17 8
-3.8076 -7.0322 18.6660 20 8 6
-3.2125 -6.6306 17.6000 19 8 12
-2.6378 -6.1069 16.2100 20 14 16
-2.7193 -7.2518 19.2490 36 32 21
-1.9422 -6.1069 16.2100 27 22 18
-1.5944 -6.1069 16.2100 27 17 15
-1.5791 -7.7356 20.5330 10 10 6
-1.1385 -7.7356 20.5330 7 17 43
-0.4653 -5.1572 13.6890 8 21 48
-0.1119 -3.3631 8.9270 12 27 53
1.3627 -23.2064 61.5980 4 11 35
10.9189 -23.2064 61.5980 27 23 12
12.4468 -16.5761 43.9990 26 34 35
18.6453 -23.2064 61.5980 16 15 24
21.4792 -21.0970 55.9990 117 116 120
20.7904 -19.3388 51.3320 33 39 37
10.9146 -9.2825 24.6390 24 11 17
5.1088 -4.1441 11.0000 15 7 6
5.0727 -3.9332 10.4400 16 6 6
5.2084 -3.8676 10.2660 13 3 3
5.4287 -3.8676 10.2660 10 1 6
-4.6523 -3.4486 9.1940 15 4 8
-4.9745 -3.8507 10.2660 17 6 10
-4.9357 -3.9834 10.6200 16 5 9
-3.6900 -3.1222 8.3240 12 1 5
-3.6599 -3.2543 8.6760 16 7 10
-4.7430 -4.4433 11.8460 11 3 0
-5.3050 -5.2512 14.0000 12 6 8
-4.6851 -4.9159 13.1060 17 5 5
-4.4996 -5.0228 13.3910 14 5 8
-4.1227 -4.9159 13.1060 16 7 10
-4.1035 -5.2512 14.0000 17 17 13
-4.1835 -5.7764 15.4000 21 14 6
-5.1373 -7.7017 20.5330 27 13 5
-5.2562 -8.5573 22.8140 25 18 8
-3.9000 -7.0014 18.6660 12 2 2
-3.4995 -7.0014 18.6660 15 6 9
-2.6913 -6.0802 16.2100 21 13 12
-2.7828 -7.2201 19.2490 43 34 29
-1.9957 -6.0802 16.2100 15 12 7
-1.6056 -5.9241 15.7940 22 14 13
-1.5937 -7.4530 19.8700 15 9 13
-1.2479 -7.9673 21.2410 10 18 46
-0.5469 -5.5010 14.6660 9 19 49
-0.1632 -3.5007 9.3330 13 23 51
0.0453 -4.2786 11.4070 6 21 49
9.1871 -21.0046 55.9990 19 19 15
11.2104 -15.4034 41.0660 26 34 33
16.4884 -21.0046 55.9990 20 18 29
21.4792 -21.0046 55.9990 102 86 93
24.9484 -23.1047 61.5980 40 40 40
9.1296 -7.7017 20.5330 48 35 41
5.0370 -4.0536 10.8070 11 1 1
5.1777 -3.9834 10.6200 13 3 3
5.3139 -3.9159 10.4400 14 6 5
5.4287 -3.8507 10.2660 15 6 9
-4.6523 -3.4334 9.1940 17 8 11
-4.9745 -3.8337 10.2660 16 7 10
-4.9181 -3.9659 10.6200 17 4 8
-3.6763 -3.1085 8.3240 11 0 4
-3.6977 -3.2863 8.8000 15 9 11
-4.7234 -4.4237 11.8460 8 3 1
-5.2819 -5.2281 14.0000 10 4 6
-4.5663 -4.7923 12.8330 15 3 3
-4.3822 -4.8943 13.1060 17 8 11
-4.1227 -4.8943 13.1060 18 9 12
-4.0124 -5.1120 13.6890 14 14 10
-4.0813 -5.6105 15.0240 21 14 8
-4.9714 -7.4202 19.8700 27 13 7
-5.0321 -8.2153 21.9990 31 22 15
-3.8692 -6.9706 18.6660 12 2 0
-3.2706 -6.5725 17.6000 16 5 9
-2.6645 -6.0534 16.2100 22 14 13
-2.7511 -7.1883 19.2490 45 35 35
-1.9184 -5.8981 15.7940 21 18 15
-1.5795 -5.8981 15.7940 28 23 21
-1.5937 -7.4202 19.8700 26 20 24
-1.2479 -7.9322 21.2410 13 19 46
-0.5743 -5.7509 15.4000 10 20 48
-0.1501 -3.5391 9.4770 14 27 54
0.0805 -5.3495 14.3250 2 16 47
10.1056 -23.0031 61.5980 21 21 17
11.2782 -15.3356 41.0660 18 21 22
18.2386 -23.0031 61.5980 16 14 23
19.2655 -19.1693 51.3320 28 23 49
20.3669 -19.1693 51.3320 44 54 59
17.8525 -15.3356 41.0660 26 16 28
5.7347 -4.6945 12.5710 15 5 5
5.0725 -3.9659 10.6200 11 1 1
5.3004 -3.9659 10.6200 13 2 6
5.2565 -3.7710 10.0980 21 9 7
-4.4618 -3.2256 8.6760 16 7 2
-4.8187 -3.6353 9.7780 12 6 8
-5.0058 -3.9484 10.6200 17 4 10
-3.9591 -3.2717 8.8000 11 0 4
-3.5188 -3.0535 8.2130 15 4 8
-4.1781 -3.8168 10.2660 13 1 1
-5.0744 -4.8727 13.1060 13 2 6
-4.7932 -4.8727 13.1060 14 1 5
-4.3278 -4.6737 12.5710 13 8 6
-4.1427 -4.7712 12.8330 16 11 7
-3.9496 -4.8727 13.1060 22 8 4
-3.9187 -5.2050 14.0000 16 10 12
-4.3027 -6.1895 16.6480 19 14 12
-5.2136 -8.1790 21.9990 25 17 16
-4.2828 -7.3874 19.8700 12 7 5
-3.6228 -6.9398 18.6660 18 8 8
-2.9014 -6.1895 16.6480 23 15 12
-2.6897 -6.5435 17.6000 15 9 11
-2.3121 -6.5435 17.6000 26 23 18
-1.6926 -5.7255 15.4000 19 17 9
-1.5568 -6.5435 17.6000 25 16 11
-1.4739 -8.1790 21.9990 22 19 14
-0.8767 -7.1565 19.2490 15 23 51
-0.2698 -4.1640 11.2000 5 18 43
-0.0262 -3.6937 9.9350 7 19 53
1.5660 -22.9014 61.5980 11 19 45
16.1037 -22.9014 61.5980 38 30 29
11.5493 -15.2678 41.0660 30 33 32
18.5877 -19.0846 51.3320 23 21 35
16.8764 -16.3583 43.9990 50 18 44
24.9484 -22.9014 61.5980 47 42 40
7.6645 -6.3617 17.1110 12 1 5
5.1632 -4.0897 11.0000 11 3 2
5.3993 -4.0897 11.0000 15 7 6
5.3484 -3.8815 10.4400 13 2 6
-4.2350 -3.0000 8.1050 28 10 18
-4.6068 -3.4030 9.1940 14 8 10
-4.9406 -3.7998 10.2660 13 2 8
-4.4959 -3.6192 9.7780 14 1 7
-3.5068 -2.9611 8.0000 14 6 5
-3.7216 -3.3042 8.9270 15 6 9
-5.0746 -4.7500 12.8330 8 3 1
-5.0080 -4.9565 13.3910 8 2 4
-4.4316 -4.6530 12.5710 12 4 3
-4.2486 -4.7500 12.8330 15 3 3
-4.0578 -4.8510 13.1060 16 8 5
-3.9446 -5.0668 13.6890 15 12 9
-4.1326 -5.7001 15.4000 25 18 10
-4.9058 -7.3546 19.8700 24 13 8
-4.7886 -7.8621 21.2410 34 18 13
-3.9265 -7.1248 19.2490 15 7 6
-3.1233 -6.3334 17.1110 18 10 9
-2.5440 -5.8460 15.7940 22 16 20
-2.6875 -7.1248 19.2490 53 44 37
-1.8197 -5.7001 15.4000 20 15 13
-1.5676 -5.9999 16.2100 26 18 17
-1.5984 -7.8621 21.2410 7 6 6
-1.1046 -7.6000 20.5330 7 19 51
-0.4985 -5.4284 14.6660 11 19 45
-0.1226 -3.6192 9.7780 0 12 43
0.1526 -6.3334 17.1110 13 27 58
10.5123 -22.7997 61.5980 18 15 12
11.6480 -16.2857 43.9990 30 24 26
13.5605 -17.5382 47.3830 26 25 27
17.5488 -17.5382 47.3830 22 22 40
20.1127 -18.9999 51.3320 48 55 63
8.5587 -7.1248 19.2490 12 3 8
5.1269 -4.0715 11.0000 11 2 5
5.3448 -4.0715 11.0000 9 4 2
5.2967 -3.8642 10.4400 9 3 5
5.3398 -3.7377 10.0980 19 4 5
-4.5172 -3.2895 8.9270 18 10 7
-4.8141 -3.6609 9.9350 12 3 6
-4.6764 -3.7210 10.0980 15 2 6
-3.6763 -3.0673 8.3240 11 0 4
-3.6456 -3.1970 8.6760 10 4 6
-4.3861 -4.0534 11.0000 15 7 4
-4.9446 -4.8294 13.1060 9 3 5
-4.3838 -4.5398 12.3200 12 2 2
-4.3121 -4.7288 12.8330 12 6 8
-4.0368 -4.7288 12.8330 14 11 8
-3.8415 -4.8294 13.1060 12 13 9
-3.8914 -5.2786 14.3250 22 14 11
-4.5328 -6.6759 18.1170 24 12 10
-5.2185 -8.4067 22.8140 37 21 14
-3.9901 -7.0930 19.2490 11 3 2
-3.2706 -6.4854 17.6000 22 12 12
-2.5961 -5.8199 15.7940 22 13 16
-2.6677 -6.8782 18.6660 57 45 43
-1.9957 -5.9732 16.2100 17 17 13
-1.6479 -5.9732 16.2100 16 10 12
-1.6468 -7.5662 20.5330 16 10 12
-1.2924 -8.1064 21.9990 12 23 46
-0.6209 -6.1346 16.6480 17 28 51
-0.1807 -4.2033 11.4070 6 26 52
0.0824 -5.4042 14.6660 6 20 51
10.5123 -22.6981 61.5980 13 10 7
13.5046 -18.9152 51.3320 38 28 26
13.4823 -17.4600 47.3830 19 18 20
16.2229 -16.2131 43.9990 15 16 31
18.4090 -17.4600 47.3830 31 19 34
13.4908 -11.3490 30.7990 25 16 23
5.5496 -4.4506 12.0780 11 3 2
5.4861 -4.2033 11.4070 14 5 8
5.5263 -4.0534 11.0000 9 0 5
5.3778 -3.7829 10.2660 20 7 11
-4.3713 -3.1383 8.5550 16 8 5
-4.5686 -3.4237 9.3330 9 3 9
-4.7264 -3.7043 10.0980 13 2 8
-3.8206 -3.1383 8.5550 12 3 8
-3.5052 -3.0128 8.2130 18 6 6
-3.9634 -3.5869 9.7780 12 2 2
-4.6365 -4.4307 12.0780 13 3 3
-4.5561 -4.6115 12.5710 15 2 6
-4.2863 -4.6115 12.5710 17 9 8
-4.1003 -4.7076 12.8330 22 19 16
-3.9064 -4.8078 13.1060 17 8 15
-3.7864 -5.0216 13.6890 17 8 11
-4.2477 -6.1071 16.6480 26 18 15
-5.1410 -8.0701 21.9990 23 14 9
-4.2172 -7.2891 19.8700 12 3 6
-3.5919 -6.8474 18.6660 13 2 6
-2.7004 -5.7938 15.7940 22 12 10
-2.6316 -6.4563 17.6000 20 7 11
-2.1913 -6.2770 17.1110 14 11 8
-1.7282 -5.9464 16.2100 20 17 14
-1.6392 -7.0613 19.2490 25 16 19
-1.4532 -8.3690 22.8140 23 16 25
-0.8394 -7.2891 19.8700 14 25 48
-0.2784 -4.9123 13.3910 12 25 52
0.0075 -4.1086 11.2000 9 17 55
1.0508 -18.8305 51.3320 11 23 55
11.0206 -22.5964 61.5980 10 10 6
10.4461 -14.1229 38.4990 35 36 27
21.8985 -22.5964 61.5980 13 12 14
14.5127 -14.1229 38.4990 31 19 32
26.4733 -22.5964 61.5980 23 23 27
6.6178 -5.3800 14.6660 16 8 7
5.4936 -4.2634 11.6220 8 2 4
5.8536 -4.3456 11.8460 11 2 5
5.4756 -3.8958 10.6200 21 4 4
-4.1537 -2.9215 8.0000 20 8 8
-4.4582 -3.2600 8.9270 19 11 10
-4.8264 -3.6877 10.0980 13 2 6
-4.1971 -3.3575 9.1940 19 8 14
-3.5260 -2.9598 8.1050 15 5 5
-3.8600 -3.4083 9.3330 16 5 11
-4.3919 -4.0901 11.2000 9 3 5
-4.6598 -4.5908 12.5710 11 1 1
-4.3024 -4.4991 12.3200 13 8 6
-4.2957 -4.7861 13.1060 19 8 12
-3.9309 -4.6864 12.8330 22 13 8
-3.8366 -4.8902 13.3910 22 14 13
-3.8872 -5.3558 14.6660 19 16 11
-4.6890 -7.0295 19.2490 30 16 8
-4.7185 -7.7569 21.2410 30 31 25
-3.8630 -7.0295 19.2490 15 5 3
-2.9838 -6.0796 16.6480 29 13 10
-2.5575 -5.9197 16.2100 24 15 18
-2.6240 -7.0295 19.2490 54 45 36
-1.7689 -5.6239 15.4000 16 11 9
-1.5983 -6.2487 17.1110 25 15 15
-1.6415 -8.3314 22.8140 12 7 5
-1.1077 -7.7569 21.2410 1 19 57
-0.4847 -5.7678 15.7940 22 30 56
-0.1054 -4.1657 11.4070 8 25 57
0.3273 -9.7804 26.7820 8 27 47
10.3090 -22.4948 61.5980 16 13 10
11.0071 -14.9968 41.0660 34 31 26
21.8985 -22.4948 61.5980 13 9 12
15.4803 -14.9968 41.0660 29 19 31
26.4733 -22.4948 61.5980 17 16 23
6.6178 -5.3558 14.6660 14 6 5
5.4744 -4.2442 11.6220 9 1 0
5.8341 -4.3260 11.8460 12 6 8
5.5542 -3.9466 10.8070 17 7 5
-4.0612 -2.8345 7.7970 17 5 5
-4.4582 -3.2453 8.9270 23 15 14
-4.7485 -3.6117 9.9350 16 5 9
-4.1971 -3.3424 9.1940 18 7 13
-3.5260 -2.9465 8.1050 13 1 1
-3.8600 -3.3929 9.3330 16 5 11
-4.2378 -3.9287 10.8070 8 2 6
-4.5668 -4.4788 12.3200 11 1 1
-4.2378 -4.3908 12.0780 15 10 8
-4.2274 -4.6653 12.8330 20 10 10
-3.9521 -4.6653 12.8330 25 14 9
-3.7550 -4.7645 13.1060 17 8 11
-3.8872 -5.3316 14.6660 23 20 17
-4.6890 -6.9977 19.2490 33 19 11
-4.7185 -7.7219 21.2410 27 28 24
-3.8630 -6.9977 19.2490 17 7 5
-2.9838 -6.0522 16.6480 28 14 10
-2.5575 -5.8929 16.2100 27 21 23
-2.6558 -6.9977 19.2490 59 50 43
-1.8402 -5.7417 15.7940 18 10 9
-1.6265 -6.2205 17.1110 19 9 9
-1.6792 -8.2937 22.8140 11 8 5
-1.1077 -7.7219 21.2410 4 22 58
-0.5560 -6.5862 18.1170 16 24 52
-0.1161 -4.5700 12.5710 11 24 53
0.3421 -10.1787 27.9990 4 22 45
10.3090 -22.3931 61.5980 13 10 7
11.0071 -14.9290 41.0660 34 34 28
21.8985 -22.3931 61.5980 17 11 15
14.4491 -13.9958 38.4990 28 24 29
23.9746 -20.3577 55.9990 15 11 14
6.5935 -5.3316 14.6660 12 4 3
5.6892 -4.3908 12.0780 13 3 3
5.9483 -4.3908 12.0780 12 6 8
5.7562 -4.0716 11.2000 15 5 3
-4.0107 -2.7865 7.7000 21 9 9
-4.4582 -3.2306 8.9270 14 2 2
-4.6734 -3.5385 9.7780 16 5 9
-4.2605 -3.3775 9.3330 14 5 8
-3.6350 -3.0123 8.3240 14 2 2
-3.8177 -3.3272 9.1940 12 3 8
-4.0426 -3.7151 10.2660 11 2 5
-4.4970 -4.3709 12.0780 10 0 0
-4.2378 -4.3709 12.0780 12 9 6
-4.2274 -4.6441 12.8330 23 13 13
-3.9521 -4.6441 12.8330 22 13 8
-3.7550 -4.7429 13.1060 15 6 9
-3.8872 -5.3074 14.6660 19 19 13
-4.6890 -6.9660 19.2490 33 19 11
-4.8869 -7.9611 21.9990 25 26 22
-3.8947 -6.9660 19.2490 13 8 6
-3.0113 -6.0247 16.6480 28 17 12
-2.5843 -5.8662 16.2100 13 9 12
-2.6558 -6.9660 19.2490 53 46 40
-1.8887 -5.8662 16.2100 16 8 7
-1.6730 -6.3692 17.6000 17 7 7
-1.6792 -8.2561 22.8140 13 8 4
-1.1077 -7.6868 21.2410 10 26 61
-0.5560 -6.5563 18.1170 15 22 55
-0.1161 -4.5493 12.5710 16 26 54
0.2504 -8.5738 23.6920 5 23 50
1.9726 -22.2915 61.5980 16 24 41
11.7932 -15.9226 43.9990 28 28 22
22.0002 -22.2915 61.5980 16 16 18
14.5762 -13.9323 38.4990 24 17 26
18.9823 -15.9226 43.9990 11 7 12
6.1995 -4.9539 13.6890 15 7 6
5.8438 -4.4584 12.3200 11 2 7
6.2326 -4.5493 12.5710 12 6 8
5.9002 -4.1280 11.4070 17 7 5
-4.1405 -2.8819 8.0000 20 5 6
-4.4435 -3.2158 8.9270 7 2 0
-4.7321 -3.5789 9.9350 13 2 8
-4.3106 -3.4140 9.4770 10 1 4
-3.7077 -3.0818 8.5550 16 1 2
-3.8446 -3.3621 9.3330 12 3 8
-4.0766 -3.7609 10.4400 14 5 10
-4.5464 -4.4381 12.3200 17 9 8
-4.1980 -4.3509 12.0780 12 4 3
-4.1851 -4.6229 12.8330 21 13 12
-3.9097 -4.6229 12.8330 20 11 6
-3.7333 -4.7213 13.1060 17 8 13
-3.8630 -5.2832 14.6660 18 18 14
-4.8075 -7.1579 19.8700 33 19 13
-4.6834 -7.6518 21.2410 21 21 17
-3.7152 -6.7242 18.6660 11 1 1
-2.9563 -5.9972 16.6480 29 22 16
-2.5991 -5.9972 16.6480 16 12 13
-2.5137 -6.7242 18.6660 57 54 49
-1.8352 -5.8394 16.2100 16 8 7
-1.6624 -6.5264 18.1170 16 8 7
-1.7047 -8.5347 23.6920 17 9 8
-1.1109 -7.9248 21.9990 13 26 62
-0.5963 -7.3967 20.5330 11 28 58
-0.1140 -5.4122 15.0240 31 39 65
0.6829 -15.8500 43.9990 12 28 63
2.2776 -22.1898 61.5980 28 23 31
12.7785 -17.0691 47.3830 26 27 23
22.1018 -22.1898 61.5980 26 26 28
14.6397 -13.8687 38.4990 32 22 34
19.0549 -15.8500 43.9990 21 14 23
6.2221 -4.9313 13.6890 14 6 5
5.8438 -4.4381 12.3200 10 4 6
6.2326 -4.5285 12.5710 9 3 5
5.9002 -4.1092 11.4070 13 3 3
-4.0355 -2.7959 7.7970 18 5 9
-4.3658 -3.1556 8.8000 11 3 2
-4.6412 -3.5063 9.7780 11 2 5
-4.2297 -3.3467 9.3330 11 3 2
-3.7458 -3.1111 8.6760 20 8 6
-3.7722 -3.2968 9.1940 15 6 11
-3.9918 -3.6812 10.2660 11 2 5
-4.3715 -4.2478 11.8460 11 3 2
-4.1173 -4.2478 11.8460 12 4 3
-4.1851 -4.6017 12.8330 16 8 7
-3.9929 -4.6996 13.1060 22 15 9
-3.7117 -4.6996 13.1060 15 4 8
-3.8388 -5.2590 14.6660 19 19 13
-4.9340 -7.3628 20.5330 28 17 10
-4.6484 -7.6167 21.2410 19 16 11
-3.6844 -6.6934 18.6660 17 6 10
-2.9289 -5.9697 16.6480 21 14 8
-2.6432 -6.1358 17.1110 31 21 21
-2.5137 -6.6934 18.6660 57 54 49
-1.8352 -5.8127 16.2100 18 9 12
-1.7127 -6.6934 18.6660 16 8 7
-1.7322 -8.8352 24.6390 25 17 16
-1.0746 -7.8885 21.9990 16 31 57
-0.6749 -8.8352 24.6390 8 25 57
-0.1108 -6.6934 18.6660 18 32 54
1.9726 -22.0882 61.5980 14 27 38
13.5893 -18.4069 51.3320 27 28 24
17.6287 -22.0882 61.5980 26 27 23
14.5127 -13.8052 38.4990 32 27 35
24.0670 -20.0805 55.9990 29 25 30
6.7793 -5.3874 15.0240 14 6 5
5.9421 -4.5078 12.5710 10 4 6
6.3413 -4.6017 12.8330 15 10 8
6.1078 -4.2478 11.8460 12 2 2
-3.8531 -2.6488 7.4210 9 5 8
-4.3186 -3.0968 8.6760 14 6 5
-4.6573 -3.4901 9.7780 11 0 8
-4.4475 -3.4901 9.7780 13 7 9
-3.8689 -3.1864 8.9270 15 2 6
-3.8600 -3.3313 9.3330 11 2 7
-3.8343 -3.4901 9.7780 15 6 11
-4.3080 -4.1483 11.6220 10 0 3
-4.1369 -4.2283 11.8460 9 1 0
-4.2062 -4.5806 12.8330 13 3 3
-4.0145 -4.6780 13.1060 20 11 6
-3.7333 -4.6780 13.1060 19 10 13
-3.8630 -5.2348 14.6660 25 25 19
-4.8075 -7.0923 19.8700 28 17 8
-4.6834 -7.5817 21.2410 20 15 11
-3.8630 -6.8707 19.2490 17 2 3
-3.0668 -6.1075 17.1110 14 9 5
-2.6997 -6.1075 17.1110 18 14 17
-2.6240 -6.8707 19.2490 42 38 39
-1.8619 -5.7859 16.2100 16 5 9
-1.6923 -6.4666 18.1170 16 6 4
-1.7047 -8.4565 23.6920 15 10 8
-1.1109 -7.8522 21.9990 11 24 60
-0.7155 -8.7945 24.6390 5 21 56
-0.1416 -6.6626 18.6660 15 23 51
0.6572 -16.9127 47.3830 4 20 55
2.3479 -19.9880 55.9990 25 28 27
15.5642 -19.9880 55.9990 41 45 38
15.5481 -14.6579 41.0660 45 45 47
18.9823 -15.7048 43.9990 18 17 21
6.4875 -5.1131 14.3250 8 2 4
6.0872 -4.5806 12.8330 9 3 5
6.4979 -4.6780 13.1060 8 2 4
6.1273 -4.2283 11.8460 13 3 3
-3.8409 -2.6366 7.4210 17 8 13
-4.3658 -3.1265 8.8000 14 9 7
-4.6573 -3.4740 9.7780 12 1 9
-4.5931 -3.5877 10.0980 16 7 10
-3.9261 -3.2185 9.0590 17 4 8
-3.8446 -3.3159 9.3330 12 3 10
-3.8181 -3.4740 9.7780 11 2 5
-4.2888 -4.1291 11.6220 13 3 3
-4.1173 -4.2087 11.8460 12 4 3
-4.1851 -4.5594 12.8330 22 14 13
-3.9929 -4.6564 13.1060 22 13 8
-3.7117 -4.6564 13.1060 19 6 10
-3.8388 -5.2106 14.6660 26 23 18
-4.8075 -7.0595 19.8700 32 21 14
-4.6834 -7.5466 21.2410 22 17 13
-3.7152 -6.6318 18.6660 17 0 2
-3.0386 -6.0793 17.1110 17 12 10
-2.7478 -6.2530 17.6000 21 17 18
-2.5922 -6.8389 19.2490 40 35 33
-1.8848 -5.9148 16.6480 15 6 9
-1.7127 -6.6318 18.6660 16 8 5
-1.7322 -8.7539 24.6390 16 11 9
-1.1144 -8.1055 22.8140 4 21 53
-0.8519 -10.4216 29.3330 5 21 56
-0.3115 -14.5902 41.0660 10 20 48
2.1760 -21.8849 61.5980 26 31 36
13.9282 -18.2375 51.3320 30 33 34
16.3681 -15.6322 43.9990 46 47 41
22.0337 -19.8956 55.9990 34 29 25
8.3303 -6.6318 18.6660 19 8 12
6.1301 -4.6564 13.1060 16 8 7
6.4113 -4.6564 13.1060 10 2 1
6.2912 -4.3771 12.3200 15 3 3
-3.5874 -2.4203 6.8440 8 4 5
-4.1983 -2.9437 8.3240 20 3 3
-4.4398 -3.2513 9.1940 12 3 8
-4.6597 -3.5710 10.0980 11 2 9
-4.0453 -3.2513 9.1940 17 5 5
-3.8481 -3.2513 9.1940 11 3 2
-3.7060 -3.3005 9.3330 13 2 6
-4.2070 -3.9607 11.2000 12 1 5
-4.1162 -4.1099 11.6220 10 0 0
-4.0991 -4.3568 12.3200 18 10 7
-4.1681 -4.7355 13.3910 22 13 8
-3.8198 -4.6347 13.1060 15 11 16
-3.6961 -4.8409 13.6890 28 21 15
-4.6394 -6.6010 18.6660 27 22 18
-5.1809 -8.0678 22.8140 24 25 21
-3.8384 -6.6010 18.6660 14 5 8
-3.3368 -6.4068 18.1170 12 12 8
-2.8640 -6.2240 17.6000 21 17 18
-2.9007 -7.2612 20.5330 42 42 38
-2.0501 -6.0511 17.1110 13 8 6
-1.7311 -6.2240 17.6000 21 9 7
-1.6918 -7.7796 21.9990 10 5 1
-1.4655 -9.0764 25.6660 11 26 54
-0.9148 -9.0764 25.6660 10 28 62
-0.6722 -16.7563 47.3830 4 21 51
2.8876 -21.7832 61.5980 17 16 23
20.5550 -19.8032 55.9990 45 58 53
21.7565 -19.8032 55.9990 30 33 32
11.3271 -9.0764 25.6660 26 11 10
6.0652 -4.6347 13.1060 14 8 10
6.3464 -4.6347 13.1060 20 10 8
6.4896 -4.5382 12.8330 18 1 3
6.1074 -4.1099 11.6220 15 4 8
-4.0220 -2.7796 7.8970 18 9 12
-4.2327 -3.0538 8.6760 9 4 12
-4.7097 -3.5543 10.0980 15 9 15
-4.3507 -3.4417 9.7780 11 1 1
-3.9524 -3.2851 9.3330 10 1 4
-3.6420 -3.1886 9.0590 16 10 14
-4.0418 -3.7381 10.6200 12 2 2
-4.2542 -4.1696 11.8460 13 2 6
-4.0784 -4.2513 12.0780 16 8 7
-4.2344 -4.7134 13.3910 21 17 10
-3.9692 -4.7134 13.3910 16 10 14
-3.6819 -4.7134 13.3910 24 14 12
-4.4616 -6.1949 17.6000 18 10 9
-5.4976 -8.3392 23.6920 33 31 21
-4.0536 -6.7754 19.2490 15 12 9
-3.5303 -6.5702 18.6660 15 10 8
-2.9511 -6.1949 17.6000 13 9 10
-2.9054 -6.9939 19.8700 30 20 18
-2.1349 -6.0228 17.1110 12 4 3
-1.8183 -6.1949 17.6000 12 1 5
-1.6592 -6.9939 19.8700 15 9 11
-1.6618 -9.4269 26.7820 17 23 52
-1.0002 -8.6726 24.6390 9 30 61
-0.8421 -15.4870 43.9990 9 27 52
2.5826 -21.6816 61.5980 28 22 28
20.9247 -19.7108 55.9990 40 46 44
24.0670 -19.7108 55.9990 15 14 21
7.1267 -5.5593 15.7940 10 4 6
6.1950 -4.6131 13.1060 14 5 10
6.4762 -4.6131 13.1060 15 4 8
6.3522 -4.3365 12.3200 11 0 4
-3.5648 -2.3977 6.8440 9 3 7
-4.2140 -2.9561 8.4380 17 1 6
-4.5296 -3.3201 9.4770 17 4 12
-4.8480 -3.7206 10.6200 9 3 7
-4.0603 -3.2697 9.3330 8 2 6
-3.8600 -3.2697 9.3330 10 1 6
-3.7743 -3.3720 9.6250 10 2 1
-4.2283 -3.9963 11.4070 12 2 2
-4.0587 -4.0716 11.6220 12 4 3
-4.2062 -4.4958 12.8330 22 14 13
-4.2157 -4.7957 13.6890 18 9 4
-3.7550 -4.5915 13.1060 16 7 12
-3.8872 -5.1380 14.6660 25 18 12
-5.0017 -7.1934 20.5330 27 16 9
-4.8869 -7.7070 21.9990 23 23 17
-3.8630 -6.7436 19.2490 17 2 3
-3.3455 -6.5393 18.6660 14 10 11
-2.9450 -6.5393 18.6660 26 21 19
-2.7086 -6.9612 19.8700 53 44 39
-1.9122 -5.8324 16.6480 10 4 6
-1.6923 -6.3470 18.1170 14 6 3
-1.7438 -8.3001 23.6920 9 1 0
-1.3966 -9.3827 26.7820 5 16 55
-1.0503 -11.9888 34.2210 17 31 62
2.6843 -21.5799 61.5980 17 15 22
21.0171 -19.6184 55.9990 35 41 39
20.4423 -16.5999 47.3830 13 12 19
7.1528 -5.5332 15.7940 8 4 5
6.2167 -4.5915 13.1060 10 1 4
6.3625 -4.4958 12.8330 15 2 6
6.2473 -4.2313 12.0780 11 2 5
-3.5146 -2.3602 6.7690 9 3 7
-4.0881 -2.8637 8.2130 14 5 12
-4.6573 -3.4094 9.7780 17 4 12
-4.8305 -3.7030 10.6200 12 3 6
-4.1714 -3.3561 9.6250 8 2 6
-3.8446 -3.2543 9.3330 12 3 10
-3.7584 -3.3561 9.6250 10 1 4
-4.2095 -3.9774 11.4070 13 1 1
-4.0395 -4.0524 11.6220 10 2 1
-4.1851 -4.4747 12.8330 18 9 12
-4.2884 -4.8816 14.0000 19 12 6
-3.8145 -4.6692 13.3910 14 5 10
-4.2697 -5.6522 16.2100 27 23 16
-5.3226 -7.6707 21.9990 27 18 9
-4.6834 -7.4064 21.2410 26 19 11
-3.8312 -6.7118 19.2490 16 1 2
-3.4182 -6.7118 19.2490 12 12 8
-3.0052 -6.7118 19.2490 28 20 19
-2.5922 -6.7118 19.2490 52 36 33
-1.8848 -5.8049 16.6480 14 9 7
-1.7127 -6.5085 18.6660 11 2 5
-1.7047 -8.2610 23.6920 23 20 17
-1.3524 -9.3385 26.7820 12 20 58
-1.0523 -12.6342 36.2340 8 20 54
2.3479 -19.5260 55.9990 23 18 26
13.5416 -10.7391 30.7990 16 6 6
6.7630 -5.1138 14.6660 10 4 6
6.3248 -4.5699 13.1060 13 8 4
6.4684 -4.4747 12.8330 21 8 12
6.1074 -4.0524 11.6220 15 4 10
-3.7348 -2.5448 7.3330 17 8 13
-4.0747 -2.8887 8.3240 4 1 15
-4.8865 -3.6230 10.4400 10 4 8
-4.5848 -3.5627 10.2660 9 3 9
-4.0920 -3.3402 9.6250 11 2 5
-3.6570 -3.1438 9.0590 12 6 12
-4.0593 -3.6855 10.6200 10 1 6
-4.1929 -4.0332 11.6220 16 6 4
-4.0196 -4.1110 11.8460 14 6 5
-4.3512 -4.7506 13.6890 13 10 5
-4.1497 -4.8585 14.0000 11 11 11
-3.7638 -4.7506 13.6890 22 12 10
-4.7626 -6.4777 18.6660 24 19 15
-5.5367 -8.2219 23.6920 24 25 14
-4.0854 -6.6801 19.2490 14 9 5
-3.6724 -6.6801 19.2490 11 7 8
-3.2594 -6.6801 19.2490 18 22 17
-3.0362 -7.1257 20.5330 23 15 14
-2.1631 -5.9381 17.1110 15 7 6
-1.7960 -5.9381 17.1110 9 3 7
-1.6592 -6.8956 19.8700 16 12 13
-1.6618 -9.2943 26.7820 11 24 53
-1.0842 -8.9070 25.6660 7 28 59
-1.0671 -17.8140 51.3320 11 29 54
20.5205 -16.4435 47.3830 15 6 11
7.5670 -5.7774 16.6480 11 8 5
6.2383 -4.5482 13.1060 15 5 5
6.3837 -4.4535 12.8330 13 2 6
6.2673 -4.1915 12.0780 10 1 4
-3.4541 -2.3123 6.6950 16 6 16
-3.9047 -2.7275 7.8970 7 2 12
-4.6993 -3.4314 9.9350 16 5 11
-4.7954 -3.6680 10.6200 8 2 6
-4.2216 -3.3772 9.7780 12 3 6
-3.8292 -3.2235 9.3330 12 1 7
-3.8020 -3.3772 9.7780 13 2 6
-4.2697 -4.0141 11.6220 13 1 1
-4.0203 -4.0141 11.6220 16 6 6
-4.1639 -4.4323 12.8330 19 10 13
-4.3406 -4.9476 14.3250 9 6 3
-3.7703 -4.6250 13.3910 19 9 7
-4.5778 -6.0788 17.6000 27 22 18
-5.4444 -7.8796 22.8140 28 21 13
-4.4934 -7.0918 20.5330 29 22 16
-3.7994 -6.6483 19.2490 11 3 2
-3.6123 -7.0918 20.5330 17 16 16
-3.1718 -7.0918 20.5330 25 21 22
-2.5605 -6.6483 19.2490 23 7 2
-1.8573 -5.7500 16.6480 13 7 9
-1.6325 -6.2573 18.1170 13 8 6
-1.7620 -8.8646 25.6660 18 18 18
-1.2113 -8.8646 25.6660 10 21 60
2.3793 -21.2750 61.5980 18 29 29
14.2544 -11.1974 32.4200 12 1 7
7.4482 -5.5987 16.2100 8 3 1
6.3032 -4.5266 13.1060 17 7 5
6.3156 -4.3418 12.5710 15 4 8
6.0882 -4.0141 11.6220 14 8 10
-3.4970 -2.3525 6.8440 9 0 7
-3.7692 -2.6468 7.7000 12 10 21
-4.8865 -3.5886 10.4400 15 9 11
-4.6625 -3.5886 10.4400 8 2 8
-4.1570 -3.3610 9.7780 15 6 9
-3.6570 -3.1139 9.0590 10 4 8
-4.0077 -3.5886 10.4400 11 2 7
-4.2121 -3.9949 11.6220 13 3 3
-4.0391 -4.0719 11.8460 16 1 0
-4.2786 -4.6029 13.3910 13 13 7
-4.2697 -4.9240 14.3250 9 9 11
-3.8725 -4.8123 14.0000 20 8 6
-5.2390 -7.0579 20.5330 18 16 8
-5.3315 -7.8419 22.8140 23 24 15
-4.0854 -6.6165 19.2490 10 5 1
-3.7908 -6.8300 19.8700 11 10 10
-3.5967 -7.3013 21.2410 26 27 23
-3.1760 -7.3013 21.2410 10 4 8
-2.3202 -6.2274 18.1170 13 1 1
-1.8242 -5.8816 17.1110 13 7 9
-1.6392 -6.6165 19.2490 11 7 8
-1.5695 -8.4693 24.6390 22 24 34
-1.0409 -8.4693 24.6390 13 32 63
2.6843 -21.1733 61.5980 26 25 29
14.3079 -11.1439 32.4200 16 7 12
7.1269 -5.2935 15.4000 9 3 5
6.3464 -4.5050 13.1060 10 0 0
6.3363 -4.3211 12.5710 18 5 9
5.9944 -3.9210 11.4070 12 8 9
-3.5652 -2.3946 7.0000 9 3 9
-3.8038 -2.6672 7.7970 9 7 16
-4.8692 -3.5714 10.4400 15 7 6
-4.8085 -3.6969 10.8070 7 1 5
-4.2074 -3.3986 9.9350 15 6 9
-3.6963 -3.1451 9.1940 12 6 10
-4.1864 -3.7629 11.0000 10 4 8
-4.2542 -4.0523 11.8460 15 5 5
-4.0000 -4.0523 11.8460 16 6 4
-4.2565 -4.5808 13.3910 12 12 8
-4.2461 -4.9003 14.3250 9 8 12
-3.8494 -4.7892 14.0000 20 8 6
-5.2051 -7.0240 20.5330 19 14 10
-5.1047 -7.5255 21.9990 20 22 13
-3.9308 -6.3853 18.6660 11 8 5
-3.7580 -6.7972 19.8700 9 8 8
-3.5616 -7.2662 21.2410 17 18 9
-3.1059 -7.2662 21.2410 18 9 12
-2.1349 -5.8534 17.1110 13 3 3
-1.7960 -5.8534 17.1110 16 7 12
-1.6592 -6.7972 19.8700 16 12 13
-1.5288 -8.4286 24.6390 10 20 46
-1.0002 -8.4286 24.6390 10 27 59
3.0909 -21.0717 61.5980 28 26 18
11.4966 -8.7799 25.6660 13 8 6
6.7239 -4.9003 14.3250 11 7 8
6.2990 -4.3900 12.8330 15 3 3
6.1875 -4.1317 12.0780 11 2 5
-2.8738 -1.8724 5.5000 9 8 10
-3.5891 -2.4385 7.1630 19 3 10
-3.7524 -2.6544 7.7970 14 5 12
-4.9691 -3.6791 10.8070 8 2 8
-4.5001 -3.4949 10.2660 12 6 10
-4.0126 -3.2767 9.6250 16 5 9
-3.8666 -3.3288 9.7780 12 4 3
-4.3464 -3.9565 11.6220 8 2 6
-4.0970 -3.9565 11.6220 10 2 1
-4.0788 -4.1941 12.3200 12 3 6
-4.3346 -4.7661 14.0000 14 14 10
-4.0342 -4.7661 14.0000 19 14 12
-4.3500 -5.5184 16.2100 19 11 8
-5.6327 -7.7666 22.8140 30 32 21
-4.6290 -6.9901 20.5330 18 19 15
-3.8076 -6.3545 18.6660 12 6 8
-3.7479 -6.9901 20.5330 16 12 17
-3.5435 -7.4892 21.9990 27 15 13
-2.8668 -6.9901 20.5330 55 51 40
-1.9672 -5.6675 16.6480 12 1 5
-1.7521 -6.1676 18.1170 12 3 6
-1.6555 -7.4892 21.9990 12 3 6
-1.3255 -8.3879 24.6390 5 18 47
2.7859 -20.9700 61.5980 33 32 32
22.2307 -17.4751 51.3320 18 5 9
9.6547 -7.2311 21.2410 16 8 5
6.3739 -4.5587 13.3910 15 5 5
6.2534 -4.2796 12.5710 14 1 7
6.1469 -4.0328 11.8460 9 3 5
-2.9701 -1.9504 5.7570 17 6 14
-3.4222 -2.3447 6.9210 12 2 12
-4.1038 -2.9393 8.6760 20 7 13
-4.9670 -3.7266 11.0000 7 3 8
-4.5074 -3.5369 10.4400 7 3 6
-3.8883 -3.2106 9.4770 13 6 15
-4.1294 -3.5979 10.6200 14 2 2
-4.3519 -4.0132 11.8460 16 6 6
-4.0978 -4.0132 11.8460 22 12 12
-4.1639 -4.3476 12.8330 18 5 9
-4.3406 -4.8531 14.3250 12 9 4
-4.0333 -4.8531 14.3250 21 6 5
-5.1682 -6.7316 19.8700 25 17 14
-5.2499 -7.4529 21.9990 33 31 21
-4.1807 -6.5212 19.2490 29 25 16
-3.7994 -6.5212 19.2490 9 6 3
-3.8703 -7.4529 21.9990 21 17 18
-3.3983 -7.4529 21.9990 20 16 17
-2.5605 -6.5212 19.2490 45 30 20
-1.8573 -5.6401 16.6480 7 1 3
-1.6819 -6.3237 18.6660 10 4 6
-1.6265 -8.0264 23.6920 25 21 22
-1.2197 -11.5935 34.2210 24 36 68
25.5584 -20.8684 61.5980 35 49 51
19.3454 -14.9061 43.9990 14 5 10
9.4346 -6.9562 20.5330 14 10 11
6.3032 -4.4401 13.1060 21 5 10
6.0679 -4.0918 12.0780 20 7 11
5.9756 -3.8645 11.4070 10 1 4
-3.1475 -2.0767 6.1600 15 4 10
-3.4657 -2.3869 7.0800 11 6 18
-4.4357 -3.1950 9.4770 18 6 6
-4.8264 -3.6434 10.8070 8 4 7
-4.3645 -3.4610 10.2660 19 10 13
-3.9472 -3.2965 9.7780 11 2 7
-4.4423 -3.9182 11.6220 14 1 7
-4.2933 -3.9937 11.8460 11 2 5
-4.1182 -4.0719 12.0780 14 6 5
-4.2786 -4.5145 13.3910 13 9 10
-4.2697 -4.8294 14.3250 19 15 16
-3.9624 -4.8294 14.3250 17 5 5
-5.6130 -7.4166 21.9990 20 20 16
-4.7984 -6.9223 20.5330 14 19 9
-3.9616 -6.2929 18.6660 12 7 3
-3.7908 -6.6988 19.8700 6 5 5
-3.7250 -7.4166 21.9990 16 13 10
-3.2893 -7.4166 21.9990 20 16 17
-2.3202 -6.1078 18.1170 19 4 5
-1.8764 -5.9335 17.6000 8 2 4
-1.6920 -6.6988 19.8700 13 10 7
-1.4532 -7.6913 22.8140 26 24 31
2.3793 -20.7667 61.5980 13 20 28
25.3550 -20.7667 61.5980 35 47 49
22.2307 -17.3057 51.3320 17 7 7
10.3697 -7.6913 22.8140 11 3 2
6.3739 -4.5145 13.3910 16 5 9
5.9882 -4.0719 12.0780 20 4 9
5.9002 -3.8457 11.4070 9 5 6
-2.7721 -1.7968 5.3560 14 4 16
-3.3215 -2.2461 6.6950 17 3 14
-3.7009 -2.6158 7.7970 21 8 12
-4.7314 -3.5024 10.4400 10 4 8
-4.5074 -3.5024 10.4400 11 10 14
-4.0118 -3.2803 9.7780 13 7 13
-4.2772 -3.6903 11.0000 14 1 5
-4.4372 -4.0520 12.0780 14 2 2
-4.0978 -3.9741 11.8460 15 7 4
-4.0996 -4.2174 12.5710 18 7 11
-4.3643 -4.8058 14.3250 11 11 5
-4.1535 -4.9202 14.6660 20 8 8
-5.2010 -6.6660 19.8700 17 12 8
-4.9340 -6.8885 20.5330 26 24 12
-4.2124 -6.4577 19.2490 29 27 17
-3.7994 -6.4577 19.2490 6 2 3
-3.7369 -7.1260 21.2410 23 18 16
-3.3983 -7.3803 21.9990 20 17 14
-2.5605 -6.4577 19.2490 55 42 31
-1.9925 -5.9045 17.6000 11 2 5
-1.8232 -6.6660 19.8700 8 2 4
-1.6039 -7.6537 22.8140 17 11 13
-1.1144 -7.6537 22.8140 15 23 61
22.8655 -18.7867 55.9990 45 46 42
24.0670 -18.7867 55.9990 17 12 10
13.2360 -9.8407 29.3330 16 8 7
6.7712 -4.8058 14.3250 48 43 41
5.9682 -4.0520 12.0780 20 5 6
5.9923 -3.8990 11.6220 6 2 3
-2.6651 -1.7136 5.1330 9 5 10
-3.1073 -2.0771 6.2220 15 3 14
-3.3839 -2.3635 7.0800 12 3 10
-4.6097 -3.3710 10.0980 8 2 8
-4.6202 -3.5453 10.6200 10 4 6
-4.2459 -3.4271 10.2660 17 6 12
-4.3919 -3.7389 11.2000 11 0 4
-4.6598 -4.1966 12.5710 13 3 3
-4.2179 -4.0320 12.0780 19 10 5
-4.1204 -4.1966 12.5710 19 8 12
-4.3879 -4.7821 14.3250 7 7 3
-4.2019 -4.8960 14.6660 19 9 9
-5.1020 -6.4259 19.2490 10 2 0
-5.1742 -7.0909 21.2410 14 15 6
-4.1465 -6.2313 18.6660 30 31 22
-3.7460 -6.2313 18.6660 12 7 5
-3.6801 -6.8546 20.5330 14 8 10
-3.4709 -7.3440 21.9990 24 16 13
-2.7086 -6.6332 19.8700 48 37 28
-2.0216 -5.8754 17.6000 10 1 4
-1.7980 -6.4259 19.2490 9 3 5
-1.6415 -7.6161 22.8140 14 10 11
-1.1472 -7.3440 21.9990 13 21 59
21.2140 -17.1363 51.3320 39 47 48
17.8525 -13.7092 41.0660 17 7 7
10.4073 -7.6161 22.8140 20 14 16
6.2599 -4.3752 13.1060 12 1 5
5.8005 -3.8798 11.6220 17 1 6
5.7260 -3.6722 11.0000 9 4 2
-2.7076 -1.7489 5.2650 22 8 19
-3.1954 -2.1539 6.4840 12 2 14
-3.6294 -2.5578 7.7000 15 7 6
-4.6356 -3.4102 10.2660 8 2 6
-4.5676 -3.5278 10.6200 6 4 11
-4.1264 -3.3544 10.0980 11 2 5
-4.5866 -3.9350 11.8460 14 5 8
-4.5058 -4.0925 12.3200 9 0 3
-4.1581 -4.0121 12.0780 12 3 0
-4.1427 -4.2629 12.8330 17 12 10
-4.3170 -4.7585 14.3250 13 10 7
-4.2053 -4.9907 15.0240 20 10 8
-5.8963 -7.5784 22.8140 15 5 5
-4.5619 -6.3942 19.2490 23 24 13
-3.9348 -6.0181 18.1170 25 18 10
-3.6536 -6.2005 18.6660 7 3 4
-3.5785 -6.8207 20.5330 16 11 9
-3.3619 -7.3077 21.9990 20 17 14
-2.5287 -6.3942 19.2490 33 19 15
-1.9913 -6.0181 18.1170 11 3 2
-1.8163 -6.8207 20.5330 12 7 5
-1.4739 -7.3077 21.9990 22 18 23
22.4958 -18.6019 55.9990 72 73 67
15.3333 -12.0363 36.2340 15 5 15
13.6433 -10.2309 30.7990 14 10 11
7.7319 -5.5302 16.6480 17 12 10
5.7559 -3.9350 11.8460 17 2 3
5.6823 -3.7204 11.2000 15 0 4
5.6159 -3.5278 10.6200 14 2 0
-2.8863 -1.8854 5.7040 11 9 16
-3.1419 -2.1432 6.4840 9 4 12
-4.0179 -2.8677 8.6760 12 3 10
-4.6108 -3.4508 10.4400 7 3 4
-4.4624 -3.5102 10.6200 12 1 7
-4.3091 -3.5721 10.8070 11 3 2
-4.8628 -4.2417 12.8330 10 1 6
-4.4041 -4.0722 12.3200 12 4 3
-4.1398 -4.0722 12.3200 22 12 10
-4.2123 -4.4262 13.3910 24 12 10
-4.2987 -4.8476 14.6660 19 14 10
-4.6483 -5.6557 17.1110 14 6 5
-5.7080 -7.5408 22.8140 10 5 1
-4.1441 -5.9882 18.1170 25 23 11
-3.7554 -5.9882 18.1170 10 5 3
-3.4687 -6.1697 18.6660 15 12 9
-3.6524 -7.2714 21.9990 22 12 10
-3.1804 -7.2714 21.9990 32 22 20
-2.2981 -6.1697 18.6660 19 3 8
-2.0200 -6.5677 19.8700 10 1 4
-1.7644 -7.2714 21.9990 12 7 5
-1.2128 -7.0208 21.2410 13 27 49
18.1109 -14.5431 43.9990 46 47 41
15.6921 -11.9765 36.2340 20 17 12
9.6547 -7.0208 21.2410 12 1 5
6.1083 -4.2417 12.8330 15 6 11
5.6743 -3.7704 11.4070 14 1 5
5.5899 -3.5721 10.8070 9 4 2
-2.5102 -1.5951 4.8500 17 10 23
-3.0868 -2.0463 6.2220 17 3 14
-3.3606 -2.3285 7.0800 15 6 13
-4.2950 -3.1168 9.4770 10 1 8
-4.5074 -3.4335 10.4400 7 2 10
-4.5132 -3.6177 11.0000 12 6 10
-4.8880 -4.1344 12.5710 11 2 5
-4.7146 -4.2205 12.8330 12 1 5
-4.2618 -4.0518 12.3200 20 10 8
-4.1851 -4.2205 12.8330 23 18 16
-4.3643 -4.7112 14.3250 15 12 9
-4.3614 -5.0648 15.4000 17 5 5
-5.3745 -6.7529 20.5330 11 3 0
-4.7747 -6.5349 19.8700 16 18 9
-3.9647 -5.9583 18.1170 38 32 19
-3.5760 -5.9583 18.1170 8 2 4
-3.4957 -6.5349 19.8700 16 8 7
-3.3983 -7.2351 21.9990 22 17 13
-2.6431 -6.5349 19.8700 20 9 2
-2.0824 -6.1389 18.6660 12 4 3
-1.8840 -6.7529 20.5330 9 3 5
-1.5466 -7.2351 21.9990 14 13 15
-1.0400 -7.7919 23.6920 5 14 49
17.8204 -14.4705 43.9990 59 61 50
13.1350 -10.1292 30.7990 14 5 8
10.6124 -7.7919 23.6920 11 7 8
6.4254 -4.5021 13.6890 11 3 2
5.5990 -3.7516 11.4070 15 0 1
5.5364 -3.5542 10.8070 9 3 5
-2.4386 -1.5272 4.6670 11 16 25
-2.8408 -1.8492 5.6510 15 10 20
-3.0560 -2.0779 6.3500 15 8 17
-3.8798 -2.7612 8.4380 11 2 9
-4.4264 -3.3044 10.0980 9 3 5
-4.1418 -3.2510 9.9350 12 3 8
-4.6843 -3.8764 11.8460 7 1 3
-4.9014 -4.2887 13.1060 10 1 4
-4.3431 -4.0315 12.3200 19 4 3
-4.1619 -4.1136 12.5710 15 5 5
-4.2383 -4.4795 13.6890 16 8 7
-4.3293 -4.9163 15.0240 17 12 10
-5.1655 -6.2989 19.2490 14 9 7
-5.0695 -6.7190 20.5330 6 6 2
-4.0843 -5.9285 18.1170 31 24 18
-3.6956 -5.9285 18.1170 16 8 7
-3.4071 -6.1081 18.6660 17 12 10
-3.3073 -6.7190 20.5330 22 14 13
-2.9657 -6.9507 21.2410 38 31 25
-2.2056 -6.1081 18.6660 18 8 8
-2.0542 -6.9507 21.2410 12 6 8
-1.6555 -7.1988 21.9990 9 3 5
-1.1017 -6.5021 19.8700 17 27 53
22.1261 -18.3246 55.9990 78 86 87
12.8300 -10.0784 30.7990 53 59 57
11.2424 -8.3987 25.6660 9 4 0
7.4482 -5.3044 16.2100 12 7 5
5.4861 -3.7327 11.4070 14 2 2
5.5263 -3.5995 11.0000 14 1 5
5.4690 -3.4163 10.4400 9 4 2
-2.6013 -1.6575 5.0910 12 8 11
-2.8994 -1.9284 5.9230 11 6 14
-3.1682 -2.2039 6.7690 12 6 12
-4.0607 -2.9494 9.0590 9 3 5
-4.0447 -3.0855 9.4770 11 7 10
-4.0931 -3.2877 10.0980 16 1 2
-5.0311 -4.2671 13.1060 15 9 11
-4.5561 -4.0929 12.5710 12 1 5
-4.2008 -4.0112 12.3200 18 9 12
-4.1876 -4.2671 13.1060 22 13 8
-4.2697 -4.6639 14.3250 17 9 8
-4.7330 -5.5710 17.1110 12 4 1
-5.8210 -7.4278 22.8140 6 2 5
-4.3929 -6.0773 18.6660 31 27 18
-3.8750 -5.8986 18.1170 17 9 6
-3.3868 -5.7302 17.6000 10 4 6
-3.3973 -6.4693 19.8700 18 10 9
-3.2893 -7.1625 21.9990 15 10 8
-2.5447 -6.4693 19.8700 21 8 12
-2.1184 -6.4693 19.8700 12 2 0
-1.8733 -7.1625 21.9990 11 12 8
-1.2657 -6.4693 19.8700 19 17 26
-1.0009 -7.7137 23.6920 20 32 64
20.4516 -16.7127 51.3320 69 75 73
12.2677 -9.5503 29.3330 29 40 36
10.8332 -8.0220 24.6390 6 3 0
7.1015 -5.0139 15.4000 12 9 6
5.5049 -3.7139 11.4070 20 3 3
5.5445 -3.5814 11.0000 11 0 4
5.4862 -3.3991 10.4400 10 4 6
-2.5929 -1.6491 5.0910 16 10 16
-2.9174 -1.9371 5.9800 12 7 15
-3.2648 -2.2675 7.0000 9 3 9
-4.2168 -3.0699 9.4770 13 3 3
-4.0291 -3.0699 9.4770 16 5 11
-4.0764 -3.2711 10.0980 13 1 1
-5.2324 -4.4343 13.6890 8 2 6
-4.5353 -4.0721 12.5710 9 0 3
-4.1804 -3.9908 12.3200 12 9 6
-4.1659 -4.2454 13.1060 20 11 6
-4.2461 -4.6403 14.3250 18 8 8
-4.7047 -5.5428 17.1110 16 8 7
-5.5767 -7.1262 21.9990 8 2 6
-4.2039 -5.8687 18.1170 24 17 11
-3.8451 -5.8687 18.1170 14 6 3
-3.3578 -5.7012 17.6000 8 2 4
-3.3645 -6.4365 19.8700 24 11 15
-3.2530 -7.1262 21.9990 17 6 10
-2.5119 -6.4365 19.8700 20 7 11
-2.1552 -6.6513 20.5330 18 6 6
-1.9051 -7.3902 22.8140 11 12 8
-1.1582 -6.0465 18.6660 32 42 60
-0.9618 -7.6746 23.6920 14 28 59
20.2821 -16.6280 51.3320 60 59 66
11.6636 -9.0697 27.9990 25 36 34
9.5999 -7.1262 21.9990 11 1 0
6.8785 -4.8667 15.0240 10 5 3
5.3680 -3.6280 11.2000 15 3 3
5.5082 -3.5632 11.0000 17 6 10
5.3609 -3.3255 10.2660 8 4 5
-2.5262 -1.5882 4.9280 22 3 27
-2.7755 -1.8212 5.6510 12 5 14
-3.0136 -2.0678 6.4160 14 8 12
-3.8348 -2.7571 8.5550 7 1 5
-3.8100 -2.8770 8.9270 8 2 6
-3.7418 -2.9630 9.1940 12 1 5
-5.1627 -4.3157 13.3910 8 2 4
-4.6722 -4.1358 12.8330 13 2 8
-4.2211 -3.9705 12.3200 15 4 8
-4.1215 -4.1358 12.8330 17 9 8
-4.2933 -4.6167 14.3250 24 16 13
-4.6324 -5.3653 16.6480 12 2 2
-5.4547 -6.8456 21.2410 5 1 4
-4.3929 -6.0157 18.6660 22 15 9
-3.8750 -5.8388 18.1170 20 11 6
-3.3868 -5.6721 17.6000 7 1 3
-3.3229 -6.2036 19.2490 14 5 10
-3.3256 -7.0899 21.9990 14 9 7
-2.5775 -6.4037 19.8700 23 8 9
-2.2229 -6.6174 20.5330 13 3 3
-1.9804 -7.3525 22.8140 16 17 13
-1.2985 -6.4037 19.8700 29 28 37
-0.9013 -6.6174 20.5330 15 32 64
23.9318 -19.8518 61.5980 63 58 70
11.4788 -9.0235 27.9990 42 40 47
8.8585 -6.6174 20.5330 12 2 2
7.1267 -5.0901 15.7940 9 4 2
5.2941 -3.6095 11.2000 10 1 8
5.3402 -3.4829 10.8070 15 3 3
5.3828 -3.3646 10.4400 8 2 4
-2.4232 -1.4964 4.6670 17 9 27
-2.6894 -1.7324 5.4030 23 12 20
-2.7421 -1.8459 5.7570 11 6 14
-3.3754 -2.3794 7.4210 0 13 6
-3.7601 -2.7818 8.6760 8 4 9
-3.3833 -2.6333 8.2130 9 0 3
-5.2290 -4.2936 13.3910 6 2 5
-4.9637 -4.2936 13.3910 11 0 4
-4.3901 -4.0306 12.5710 16 6 4
-4.2062 -4.1146 12.8330 24 13 17
-4.1931 -4.3891 13.6890 15 11 14
-4.3868 -4.9377 15.4000 19 6 10
-5.4084 -6.5835 20.5330 14 9 5
-4.8075 -6.3709 19.8700 20 10 8
-4.1157 -5.9849 18.6660 23 15 1
-3.5030 -5.6431 17.6000 10 0 3
-3.3147 -5.9849 18.6660 15 4 8
-3.2396 -6.5835 20.5330 26 19 13
-2.8955 -6.8105 21.2410 33 23 21
-2.3585 -6.5835 20.5330 12 4 3
-2.0549 -7.0535 21.9990 7 1 5
-1.5283 -6.8105 21.2410 14 8 12
-0.9148 -5.8089 18.1170 12 27 55
-1.2778 -14.1074 43.9990 16 25 60
18.6436 -15.1924 47.3830 55 48 57
10.6494 -8.2293 25.6660 41 40 40
8.3998 -6.1718 19.2490 12 2 2
6.2673 -4.3891 13.6890 12 4 1
5.1618 -3.4651 10.8070 14 5 10
5.3937 -3.4651 10.8070 11 0 4
5.3440 -3.2916 10.2660 6 0 2
-2.4746 -1.5349 4.8120 21 2 30
-2.7104 -1.7544 5.5000 16 6 18
-2.8187 -1.9075 5.9800 8 2 8
-3.5992 -2.5518 8.0000 9 3 9
-3.6653 -2.7289 8.5550 10 1 6
-3.5310 -2.7675 8.6760 10 1 4
-5.2775 -4.3665 13.6890 8 2 4
-4.7932 -4.1806 13.1060 19 6 12
-4.3278 -4.0099 12.5710 16 6 6
-4.1427 -4.0935 12.8330 16 8 7
-4.2190 -4.4657 14.0000 16 10 12
-4.5373 -5.1707 16.2100 17 6 10
-5.4897 -6.7755 21.2410 13 7 11
-4.5619 -6.1400 19.2490 27 16 9
-3.9049 -5.7790 18.1170 21 11 0
-3.4159 -5.6140 17.6000 9 3 5
-3.2223 -5.9541 18.6660 24 13 17
-3.2110 -6.7755 21.2410 18 14 15
-2.6974 -6.5496 20.5330 28 13 12
-2.3346 -6.7755 21.2410 12 4 3
-1.9459 -7.0172 21.9990 12 12 8
-1.2897 -6.1400 19.2490 22 16 18
-0.8251 -5.7790 18.1170 10 26 61
2.3793 -19.6485 61.5980 19 26 32
15.2751 -12.2804 38.4990 41 29 40
8.8835 -6.7755 21.2410 31 32 21
7.5233 -5.4581 17.1110 12 4 3
5.6812 -3.9298 12.3200 12 7 5
4.8565 -3.2211 10.0980 21 6 7
5.4294 -3.4472 10.8070 13 2 6
5.3778 -3.2746 10.2660 7 1 3
-2.5180 -1.5638 4.9280 19 1 22
-2.6218 -1.6996 5.3560 19 11 27
-2.7461 -1.8618 5.8670 15 8 17
-3.3964 -2.4133 7.6050 14 5 12
-3.3573 -2.5060 7.8970 12 3 8
-3.3603 -2.6415 8.3240 14 8 10
-5.1185 -4.2494 13.3910 14 8 10
-4.6298 -4.0723 12.8330 11 2 7
-4.2008 -3.9095 12.3200 15 4 8
-4.1003 -4.0723 12.8330 13 9 2
-4.1728 -4.4426 14.0000 24 12 12
-4.8682 -5.5850 17.6000 14 6 5
-5.4196 -6.7404 21.2410 12 8 11
-4.3621 -5.9233 18.6660 29 20 13
-3.8451 -5.7491 18.1170 13 4 0
-3.2645 -5.4298 17.1110 12 4 3
-3.2594 -6.1083 19.2490 24 13 17
-3.0362 -6.5157 20.5330 20 9 13
-2.6296 -6.5157 20.5330 15 3 3
-2.2645 -6.7404 21.2410 15 7 6
-1.8733 -6.9809 21.9990 14 11 6
-1.1890 -5.9233 18.6660 19 18 29
-0.8335 -6.5157 20.5330 11 29 63
2.6843 -19.5469 61.5980 21 24 27
23.4234 -19.5469 61.5980 33 28 26
12.3725 -9.7734 30.7990 44 40 43
8.6890 -6.5157 20.5330 20 4 11
7.2074 -5.1439 16.2100 10 4 6
5.2202 -3.5541 11.2000 14 6 5
4.9881 -3.2577 10.2660 16 1 0
5.4829 -3.4294 10.8070 10 2 1
5.4287 -3.2577 10.2660 8 2 4
-2.5549 -1.5939 5.0490 20 6 21
-2.5512 -1.6621 5.2650 11 9 25
-2.8527 -1.9446 6.1600 10 3 12
-3.4877 -2.4929 7.8970 11 2 5
-3.2762 -2.4614 7.7970 11 2 7
-3.6660 -2.9024 9.1940 9 0 3
-5.1646 -4.3213 13.6890 8 4 5
-4.4938 -3.9684 12.5710 13 7 11
-4.2241 -3.9684 12.5710 16 6 4
-4.1227 -4.1373 13.1060 14 10 3
-4.1988 -4.5221 14.3250 20 10 8
-4.9215 -5.7192 18.1170 9 4 2
-5.1373 -6.4818 20.5330 10 5 3
-4.2697 -5.8925 18.6660 29 17 15
-3.7554 -5.7192 18.1170 10 2 1
-3.2706 -5.5560 17.6000 20 10 8
-3.1641 -6.0765 19.2490 19 11 8
-3.0358 -6.7054 21.2410 17 11 13
-2.4463 -6.2726 19.8700 15 3 3
-2.1594 -6.7054 21.2410 14 6 5
-1.7644 -6.9446 21.9990 9 4 0
-0.9506 -5.2554 16.6480 17 25 51
-0.7841 -6.9446 21.9990 19 36 68
2.6251 -17.6777 55.9990 24 28 23
21.3868 -17.6777 55.9990 27 21 23
11.8320 -9.2598 29.3330 31 31 35
7.9298 -5.8925 18.6660 19 3 8
6.8727 -4.8615 15.4000 13 8 6
4.9498 -3.3525 10.6200 23 15 14
4.8437 -3.1363 9.9350 17 2 1
5.5007 -3.4115 10.8070 13 3 3
5.4456 -3.2408 10.2660 9 3 7
-2.5465 -1.5855 5.0490 23 13 23
-2.5642 -1.6675 5.3100 9 7 23
-2.7867 -1.8964 6.0390 8 1 10
-3.2265 -2.3028 7.3330 9 3 5
-3.1441 -2.3590 7.5120 13 7 9
-3.7632 -2.9761 9.4770 10 1 4
-5.0301 -4.2052 13.3910 7 3 6
-4.3838 -3.8688 12.3200 12 6 8
-4.1194 -3.8688 12.3200 17 9 6
-4.1010 -4.1157 13.1060 21 9 9
-4.1751 -4.4985 14.3250 24 12 10
-4.8916 -5.6893 18.1170 12 9 6
-5.1034 -6.4480 20.5330 10 5 3
-4.3713 -6.0448 19.2490 26 16 14
-3.7255 -5.6893 18.1170 17 9 8
-3.2416 -5.5269 17.6000 19 9 7
-3.1323 -6.0448 19.2490 20 10 8
-2.9346 -6.4480 20.5330 24 15 18
-2.4135 -6.2398 19.8700 14 6 5
-2.0535 -6.4480 20.5330 9 1 0
-1.7281 -6.9083 21.9990 11 8 5
-0.9231 -5.2280 16.6480 12 24 58
-0.8375 -7.7374 24.6390 7 25 59
2.7176 -17.5853 55.9990 26 26 26
17.0187 -19.3436 61.5980 33 33 35
12.8632 -10.1808 32.4200 39 30 37
8.3101 -6.2398 19.8700 5 4 4
6.9443 -4.9598 15.7940 9 0 3
5.4430 -3.7200 11.8460 7 3 4
4.6290 -3.0225 9.6250 12 2 2
5.5263 -3.4543 11.0000 12 2 2
5.4690 -3.2785 10.4400 8 4 5
-2.5180 -1.5394 4.9280 22 8 35
-2.4921 -1.5903 5.0910 7 1 16
-2.5289 -1.6878 5.4030 12 10 19
-3.0230 -2.1145 6.7690 12 6 12
-2.9760 -2.1867 7.0000 11 2 7
-3.1879 -2.4669 7.8970 6 2 7
-4.6365 -3.7729 12.0780 12 3 6
-4.5561 -3.9269 12.5710 11 7 12
-4.2008 -3.8485 12.3200 14 9 7
-4.0166 -3.9269 12.5710 19 11 8
-4.0801 -4.2762 13.6890 20 10 10
-4.7330 -5.3451 17.1110 18 8 8
-5.4196 -6.6352 21.2410 8 2 6
-4.4984 -6.0130 19.2490 24 13 8
-3.9616 -5.8309 18.6660 12 4 1
-3.3578 -5.4979 17.6000 17 5 5
-3.1915 -5.8309 18.6660 24 14 12
-3.0701 -6.4141 20.5330 18 18 14
-2.6296 -6.4141 20.5330 17 2 3
-2.1890 -6.4141 20.5330 11 2 5
-1.8088 -6.6352 21.2410 8 5 2
-1.1890 -5.8309 18.6660 19 17 28
-0.7885 -5.8309 18.6660 13 33 67
2.1760 -19.2419 61.5980 12 22 40
14.4551 -17.4929 55.9990 27 22 20
15.6566 -17.4929 55.9990 38 37 39
14.1971 -11.3187 36.2340 36 30 36
9.3907 -7.1266 22.8140 20 9 13
7.2099 -5.2005 16.6480 11 1 1
5.9571 -4.0940 13.1060 10 5 3
4.5814 -3.0066 9.6250 8 2 6
5.2828 -3.3175 10.6200 15 2 8
5.6077 -3.3759 10.8070 15 10 8
-2.5223 -1.5192 4.8890 16 13 29
-2.5381 -1.5950 5.1330 18 8 18
-2.4691 -1.6220 5.2200 13 11 20
-2.8971 -1.9936 6.4160 8 1 10
-3.0567 -2.2000 7.0800 17 4 10
-2.9734 -2.2519 7.2470 15 6 9
-4.2772 -3.4180 11.0000 9 0 5
-4.6183 -3.9062 12.5710 10 1 8
-4.1780 -3.7530 12.0780 16 7 10
-3.9974 -3.8282 12.3200 16 11 7
-3.9713 -4.0724 13.1060 14 6 5
-4.3360 -4.7852 15.4000 22 14 13
-5.3406 -6.3802 20.5330 21 13 12
-4.7419 -6.1742 19.8700 22 14 13
-4.0540 -5.8001 18.6660 25 18 12
-3.5760 -5.6295 18.1170 15 5 5
-3.1873 -5.6295 18.1170 14 6 5
-3.1718 -6.3802 20.5330 16 16 16
-2.7312 -6.3802 20.5330 35 21 17
-2.2907 -6.3802 20.5330 14 6 5
-1.8502 -6.3802 20.5330 8 3 1
-1.3641 -6.1742 19.8700 20 15 23
-0.7857 -5.1730 16.6480 9 28 57
-0.8809 -10.6335 34.2210 18 36 63
2.0626 -13.6718 43.9990 31 31 33
11.6480 -13.6718 43.9990 35 39 34
17.6287 -19.1403 61.5980 24 22 29
11.6384 -9.1146 29.3330 41 28 36
7.8065 -5.8001 18.6660 16 12 13
6.6057 -4.6684 15.0240 9 0 5
5.1647 -3.4802 11.2000 10 4 8
4.5040 -2.9000 9.3330 14 2 2
5.6453 -3.4802 11.2000 15 3 3
5.5808 -3.2999 10.6200 20 8 8
-2.5303 -1.5355 4.9680 25 13 37
-2.4237 -1.5355 4.9680 5 3 12
-2.4432 -1.6134 5.2200 12 10 19
-2.8359 -1.9626 6.3500 9 5 10
-2.8157 -2.0470 6.6230 11 2 5
-3.1084 -2.3799 7.7000 7 0 9
-4.6166 -3.7331 12.0780 9 0 3
-4.4448 -3.8078 12.3200 8 4 7
-4.0983 -3.7331 12.0780 16 8 7
-3.9959 -3.8854 12.5710 15 7 6
-3.9692 -4.1389 13.3910 22 12 10
-4.5774 -5.1455 16.6480 18 15 12
-5.4196 -6.5651 21.2410 11 2 5
-4.4984 -5.9495 19.2490 21 9 7
-3.9616 -5.7693 18.6660 9 4 0
-3.4564 -5.5996 18.1170 17 7 7
-3.2594 -5.9495 19.2490 31 24 18
-3.0362 -6.3463 20.5330 21 16 14
-2.5957 -6.3463 20.5330 21 6 5
-2.1552 -6.3463 20.5330 12 4 3
-1.7146 -6.3463 20.5330 13 10 7
-1.1242 -5.5996 18.1170 20 25 45
-0.6946 -5.2886 17.1110 8 26 60
1.8710 -19.0386 61.5980 29 42 67
2.9024 -17.3081 55.9990 27 27 29
9.8316 -11.1992 36.2340 25 26 22
21.1095 -17.3081 55.9990 21 16 24
10.6704 -8.2777 26.7820 35 22 28
7.6068 -5.5996 18.1170 12 9 6
6.4725 -4.5329 14.6660 11 0 6
4.9148 -3.2824 10.6200 10 1 4
4.5194 -2.8846 9.3330 17 5 5
5.6638 -3.4617 11.2000 20 8 8
5.6791 -3.3402 10.8070 22 7 6
-2.5506 -1.5396 5.0080 19 10 33
-2.3851 -1.5030 4.8890 8 3 13
-2.3940 -1.5780 5.1330 9 7 18
-2.6870 -1.8566 6.0390 14 10 13
-2.6892 -1.9522 6.3500 11 2 5
-3.2163 -2.4594 8.0000 10 4 10
-4.5084 -3.6418 11.8460 7 1 5
-4.4244 -3.7875 12.3200 8 4 9
-4.0784 -3.7131 12.0780 15 7 6
-3.9751 -3.8647 12.5710 20 10 10
-3.9692 -4.1168 13.3910 15 7 4
-4.5774 -5.1181 16.6480 17 17 13
-5.2051 -6.3124 20.5330 7 3 6
-4.6107 -6.1086 19.8700 24 15 10
-3.9308 -5.7385 18.6660 9 1 0
-3.5303 -5.7385 18.6660 15 5 5
-3.2276 -5.9177 19.2490 26 19 11
-3.0024 -6.3124 20.5330 18 15 12
-2.5618 -6.3124 20.5330 16 6 4
-2.1213 -6.3124 20.5330 15 7 6
-1.7146 -6.3124 20.5330 13 10 7
-1.1242 -5.5697 18.1170 19 23 46
-0.6758 -5.1181 16.6480 4 22 56
1.6085 -17.2157 55.9990 5 22 54
2.3776 -14.5669 47.3830 32 31 31
8.7432 -9.9668 32.4200 30 30 26
23.1185 -18.9370 61.5980 10 8 17
11.1091 -8.6077 27.9990 38 26 26
7.5769 -5.5697 18.1170 12 11 11
6.4483 -4.5087 14.6660 13 2 8
5.1647 -3.4432 11.2000 9 3 5
4.4217 -2.8265 9.1940 11 3 2
5.5263 -3.3817 11.0000 17 5 5
5.7623 -3.3817 11.0000 13 3 1
-2.5799 -1.5439 5.0490 17 13 32
-2.3932 -1.4949 4.8890 11 6 16
-2.3632 -1.5439 5.0490 6 3 19
-2.6970 -1.8466 6.0390 15 15 19
-2.6997 -1.9417 6.3500 9 0 3
-3.0325 -2.2970 7.5120 10 1 8
-4.5279 -3.6222 11.8460 9 3 7
-4.4651 -3.7672 12.3200 12 8 11
-4.1182 -3.6932 12.0780 12 6 8
-3.9364 -3.7672 12.3200 15 7 6
-3.9064 -4.0075 13.1060 16 11 7
-4.4838 -4.9567 16.2100 11 11 11
-5.2390 -6.2785 20.5330 9 0 3
-4.6435 -6.0758 19.8700 24 15 10
-3.9616 -5.7077 18.6660 9 6 1
-3.5611 -5.7077 18.6660 15 4 8
-3.2594 -5.8859 19.2490 24 17 11
-2.9382 -6.0758 19.8700 20 15 13
-2.7203 -6.4950 21.2410 24 12 10
-2.1890 -6.2785 20.5330 10 4 6
-1.6920 -6.0758 19.8700 15 10 8
-1.1890 -5.7077 18.6660 29 24 36
-0.7228 -5.2322 17.1110 11 29 63
-0.9850 -14.4887 47.3830 16 30 61
2.2994 -14.4887 47.3830 34 33 33
8.7967 -9.9133 32.4200 35 35 31
23.0168 -18.8353 61.5980 13 11 18
11.0629 -8.5615 27.9990 39 23 20
7.7449 -5.7077 18.6660 16 8 7
6.3999 -4.4845 14.6660 16 5 9
5.3209 -3.5538 11.6220 9 5 6
4.3419 -2.7700 9.0590 14 6 5
5.4115 -3.3045 10.8070 17 4 8
5.7442 -3.3636 11.0000 10 0 0
-2.5882 -1.5355 5.0490 19 16 30
-2.4013 -1.4869 4.8890 18 13 25
-2.3147 -1.4987 4.9280 7 4 18
-2.5806 -1.7509 5.7570 10 9 16
-2.5774 -1.8366 6.0390 11 3 2
-2.8815 -2.1532 7.0800 15 6 11
-4.3978 -3.4692 11.4070 7 1 3
-4.3973 -3.6733 12.0780 8 2 6
-4.1382 -3.6733 12.0780 13 7 9
-3.9568 -3.7469 12.3200 14 6 5
-3.9280 -3.9859 13.1060 15 10 6
-4.2851 -4.6836 15.4000 15 11 12
-5.4547 -6.4600 21.2410 10 1 4
-4.6763 -6.0430 19.8700 27 11 6
-4.1171 -5.8542 19.2490 9 6 3
-3.6228 -5.6769 18.6660 12 3 6
-3.3229 -5.8542 19.2490 19 11 8
-3.0038 -6.0430 19.8700 13 10 7
-2.7553 -6.4600 21.2410 21 9 7
-2.2229 -6.2447 20.5330 15 9 11
-1.7248 -6.0430 19.8700 17 12 10
-1.2985 -6.0430 19.8700 25 19 34
-0.7308 -5.0631 16.6480 6 24 58
-0.6911 -9.3668 30.7990 12 26 57
2.0626 -13.3813 43.9990 32 32 28
9.1159 -10.4076 34.2210 33 32 39
12.5920 -13.3813 43.9990 38 26 39
12.5422 -9.8598 32.4200 12 12 8
7.8598 -5.8542 19.2490 34 24 24
6.3031 -4.4603 14.6660 13 3 3
5.7906 -3.9029 12.8330 13 8 6
4.4796 -2.8822 9.4770 8 2 6
4.9093 -3.0215 9.9350 21 5 10
5.8814 -3.4692 11.4070 15 2 6
-2.6651 -1.5526 5.1330 4 2 18
-2.4928 -1.5148 5.0080 16 9 20
-2.2822 -1.4443 4.7750 9 4 16
-2.4035 -1.5925 5.2650 13 8 16
-2.5280 -1.7577 5.8110 10 4 6
-2.6536 -1.9407 6.4160 9 3 5
-3.8958 -3.0051 9.9350 7 1 7
-4.4770 -3.6533 12.0780 15 6 11
-4.2179 -3.6533 12.0780 12 6 8
-3.9588 -3.6533 12.0780 9 4 2
-3.8506 -3.8024 12.5710 10 5 1
-3.9880 -4.2347 14.0000 10 4 8
-5.2338 -6.0102 19.8700 26 18 15
-5.0017 -6.2108 20.5330 27 15 13
-4.4139 -6.0102 19.8700 30 20 18
-3.8630 -5.8224 19.2490 12 1 5
-3.3455 -5.6460 18.6660 27 15 13
-3.1350 -6.0102 19.8700 23 15 12
-2.7990 -6.2108 20.5330 21 16 14
-2.3585 -6.2108 20.5330 15 9 11
-1.7980 -5.8224 19.2490 12 4 3
-1.4774 -6.2108 20.5330 12 6 12
-0.8887 -5.3236 17.6000 18 35 67
-0.6098 -6.0102 19.8700 8 19 56
1.6738 -14.3323 47.3830 15 24 34
13.0810 -15.5268 51.3320 23 18 16
8.5093 -9.3160 30.7990 32 31 33
17.8616 -14.3323 47.3830 14 10 15
9.4393 -7.1663 23.6920 25 13 11
6.8061 -4.9032 16.2100 9 3 5
6.0413 -4.1406 13.6890 15 4 8
4.9148 -3.2123 10.6200 11 1 1
4.3867 -2.7401 9.0590 11 0 4
5.5445 -3.3273 11.0000 19 3 8
5.8856 -3.3877 11.2000 10 2 1
-2.6143 -1.5441 5.1330 9 6 20
-2.3661 -1.4590 4.8500 13 11 20
-2.2984 -1.4825 4.9280 12 10 24
-2.4917 -1.6846 5.6000 13 13 17
-2.4846 -1.7650 5.8670 11 2 5
-3.2163 -2.4066 8.0000 14 5 10
-4.2625 -3.3693 11.2000 9 5 8
-4.3375 -3.6334 12.0780 15 4 10
-4.0784 -3.6334 12.0780 18 5 9
-3.9959 -3.7817 12.5710 18 6 6
-3.8847 -3.9426 13.1060 13 10 5
-4.4570 -4.8764 16.2100 14 14 8
-5.2051 -6.1769 20.5330 8 4 7
-4.4666 -5.7906 19.2490 28 16 14
-4.0536 -5.7906 19.2490 10 5 3
-3.6406 -5.7906 19.2490 14 6 5
-3.2276 -5.7906 19.2490 19 17 9
-2.8146 -5.7906 19.2490 16 10 12
-2.7447 -6.6179 21.9990 16 6 6
-2.1552 -6.1769 20.5330 16 8 7
-1.6074 -5.7906 19.2490 17 12 8
-1.2741 -6.1769 20.5330 16 22 49
-0.6946 -5.1475 17.1110 8 26 60
1.6439 -15.4421 51.3320 19 29 55
15.4938 -18.5304 61.5980 24 16 15
8.0075 -8.8242 29.3330 33 33 35
18.1370 -18.5304 61.5980 34 34 34
10.4494 -8.0568 26.7820 21 22 13
7.0432 -5.1475 17.1110 19 4 3
6.0631 -4.2116 14.0000 11 0 4
5.6932 -3.7817 12.5710 7 7 3
4.3611 -2.7658 9.1940 11 0 4
4.9257 -2.9887 9.9350 17 1 6
5.9002 -3.4315 11.4070 14 1 5
-2.6789 -1.5485 5.1760 7 2 14
-2.4845 -1.4983 5.0080 20 15 25
-2.2840 -1.4396 4.8120 11 9 25
-2.4065 -1.5886 5.3100 9 8 17
-2.4398 -1.6907 5.6510 12 6 8
-2.6886 -1.9605 6.5530 10 4 8
-3.7584 -2.8796 9.6250 12 6 10
-4.2095 -3.4127 11.4070 13 2 8
-4.1980 -3.6135 12.0780 9 3 7
-3.9388 -3.6135 12.0780 22 14 13
-3.9097 -3.8393 12.8330 21 16 12
-4.0569 -4.2857 14.3250 12 8 11
-5.2010 -5.9446 19.8700 24 24 18
-4.7747 -5.9446 19.8700 26 14 12
-4.2124 -5.7589 19.2490 23 18 16
-3.7994 -5.7589 19.2490 16 7 10
-3.3864 -5.7589 19.2490 26 16 16
-3.1022 -5.9446 19.8700 24 16 13
-2.8605 -6.3548 21.2410 24 14 12
-2.4047 -6.3548 21.2410 14 11 8
-1.7662 -5.7589 19.2490 14 5 8
-1.4435 -6.1430 20.5330 17 11 15
-0.9402 -5.7589 19.2490 17 36 65
-0.5443 -5.9446 19.8700 13 31 65
1.9900 -13.1635 43.9990 28 27 27
10.0649 -11.5180 38.4990 23 23 23
10.2502 -10.8404 36.2340 34 34 38
22.8135 -18.4287 61.5980 22 25 24
9.2829 -7.0881 23.6920 18 20 11
6.8801 -4.9807 16.6480 16 8 7
5.8214 -4.0063 13.3910 11 0 4
5.5098 -3.6135 12.0780 9 6 3
4.3269 -2.7102 9.0590 11 2 5
5.1237 -3.0714 10.2660 17 2 3
5.9379 -3.4127 11.4070 13 0 4
-2.7076 -1.5665 5.2650 7 2 14
-2.5089 -1.5147 5.0910 10 7 23
-2.2861 -1.4430 4.8500 8 9 22
-2.4397 -1.6075 5.4030 12 11 22
-2.4305 -1.6813 5.6510 12 6 10
-2.6778 -1.9497 6.5530 8 2 6
-3.9098 -3.0044 10.0980 7 3 6
-4.2505 -3.4579 11.6220 13 2 6
-4.2414 -3.6655 12.3200 8 2 6
-4.0581 -3.7402 12.5710 17 7 7
-3.9496 -3.8994 13.1060 21 14 8
-4.1051 -4.3635 14.6660 13 10 7
-5.4897 -6.3198 21.2410 14 10 11
-4.7419 -5.9119 19.8700 29 19 17
-4.1807 -5.7271 19.2490 21 13 12
-3.7677 -5.7271 19.2490 13 3 3
-3.3547 -5.7271 19.2490 24 19 17
-3.0366 -5.9119 19.8700 20 17 14
-2.7904 -6.3198 21.2410 19 7 7
-2.3346 -6.3198 21.2410 13 10 7
-1.7027 -5.7271 19.2490 14 10 13
-1.4232 -6.3198 21.2410 21 14 23
-0.8501 -5.5536 18.6660 13 34 65
1.4392 -14.0977 47.3830 19 32 57
2.3776 -14.0977 47.3830 25 25 29
9.1159 -10.1817 34.2210 26 25 32
12.6646 -13.0909 43.9990 45 36 41
14.5127 -11.4545 38.4990 30 33 32
8.7648 -6.5453 21.9990 15 10 6
6.3082 -4.4700 15.0240 7 1 3
5.6636 -3.8182 12.8330 14 1 5
5.0013 -3.2154 10.8070 11 3 2
4.3867 -2.6953 9.0590 12 3 6
5.4650 -3.2154 10.8070 17 5 5
5.9944 -3.3939 11.4070 7 2 0
-2.7045 -1.5711 5.3100 5 3 17
-2.4237 -1.4699 4.9680 12 10 21
-2.2984 -1.4581 4.9280 9 7 23
-2.4040 -1.5986 5.4030 15 17 25
-2.3292 -1.6273 5.5000 12 8 11
-2.9481 -2.1697 7.3330 6 2 7
-3.7811 -2.9395 9.9350 7 1 7
-4.2542 -3.5050 11.8460 11 0 4
-4.1601 -3.6452 12.3200 16 5 9
-4.0580 -3.7970 12.8330 26 11 12
-3.9692 -3.9621 13.3910 15 10 8
-4.4570 -4.7962 16.2100 19 19 15
-5.2051 -6.0752 20.5330 6 2 7
-4.4666 -5.6953 19.2490 26 16 14
-4.0536 -5.6953 19.2490 10 2 1
-3.7580 -5.8791 19.8700 12 2 0
-3.3317 -5.8791 19.8700 19 20 16
-2.8146 -5.6953 19.2490 20 15 13
-3.0741 -7.2901 24.6390 16 7 12
-2.1944 -6.2847 21.2410 8 3 1
-1.6074 -5.6953 19.2490 16 16 12
-1.4156 -6.7501 22.8140 17 26 49
-0.7354 -5.3604 18.1170 19 40 71
1.5543 -13.0183 43.9990 9 21 35
13.0810 -15.1879 51.3320 20 15 13
8.5093 -9.1127 30.7990 33 33 35
16.6733 -16.5688 55.9990 25 16 19
11.7626 -9.1127 30.7990 44 48 43
7.3078 -5.3604 18.1170 17 5 5
5.8154 -4.0503 13.6890 8 3 1
5.6102 -3.7195 12.5710 10 1 4
4.8659 -3.0890 10.4400 10 2 1
4.4824 -2.7203 9.1940 17 7 7
5.7008 -3.3138 11.2000 17 6 10
6.0509 -3.3751 11.4070 8 2 4
-2.6782 -1.5623 5.3100 9 6 22
-2.4184 -1.4735 5.0080 16 10 27
-2.3686 -1.5103 5.1330 10 8 15
-2.3166 -1.5491 5.2650 15 14 23
-2.2815 -1.6038 5.4510 14 10 15
-2.9829 -2.2102 7.5120 8 4 7
-3.8098 -2.9711 10.0980 8 2 6
-4.2976 -3.5537 12.0780 12 1 5
-4.2033 -3.6987 12.5710 22 9 13
-4.1010 -3.8561 13.1060 22 9 13
-4.0804 -4.1192 14.0000 12 6 10
-4.8916 -5.3305 18.1170 10 13 12
-4.9386 -5.8463 19.8700 14 8 14
-4.3713 -5.6636 19.2490 33 24 19
-4.2223 -6.0414 20.5330 15 2 6
-3.5453 -5.6636 19.2490 22 17 13
-3.2333 -5.8463 19.8700 19 16 11
-2.8398 -5.8463 19.8700 24 14 12
-3.1175 -7.5516 25.6660 12 3 6
-2.1243 -6.2497 21.2410 17 7 7
-1.5609 -5.8463 19.8700 15 12 9
-1.2128 -6.2497 21.2410 9 31 57
-0.6457 -5.3305 18.1170 10 26 63
1.6269 -12.9457 43.9990 22 29 35
11.2849 -12.9457 43.9990 12 6 8
8.5602 -9.0619 30.7990 33 32 36
16.7657 -16.4764 55.9990 23 14 17
11.7626 -9.0619 30.7990 47 48 44
7.3078 -5.3305 18.1170 27 15 15
5.8154 -4.0277 13.6890 9 1 0
5.6102 -3.6987 12.5710 10 1 4
4.9673 -3.1247 10.6200 11 3 2
4.7085 -2.8319 9.6250 17 7 7
5.7192 -3.2953 11.2000 14 5 8
-2.9086 -1.6235 5.5490 6 1 11
-2.7162 -1.5808 5.4030 10 7 21
-2.4703 -1.5018 5.1330 12 11 22
-2.3799 -1.5144 5.1760 17 15 22
-2.3166 -1.5404 5.2650 13 15 23
-2.2815 -1.5948 5.4510 11 10 14
-2.9829 -2.1978 7.5120 11 7 12
-3.7931 -2.9544 10.0980 9 3 7
-4.4523 -3.6780 12.5710 12 3 6
-4.2698 -3.7546 12.8330 17 5 5
-4.0794 -3.8345 13.1060 19 6 10
-4.0573 -4.0961 14.0000 16 10 16
-5.0091 -5.4612 18.6660 16 16 16
-4.9058 -5.8135 19.8700 17 7 7
-4.3713 -5.6318 19.2490 33 24 19
-4.2223 -6.0075 20.5330 14 1 5
-3.5453 -5.6318 19.2490 23 19 12
-3.2333 -5.8135 19.8700 20 17 12
-2.9007 -6.0075 20.5330 18 10 7
-3.0752 -7.5093 25.6660 14 5 8
-2.0196 -6.0075 20.5330 16 6 4
-1.5281 -5.8135 19.8700 20 17 14
-1.3137 -6.9317 23.6920 14 35 66
-0.6345 -5.4612 18.6660 11 29 65
1.8302 -13.8631 47.3830 40 47 55
10.6682 -12.0149 41.0660 11 11 11
9.6242 -10.0122 34.2210 30 29 36
22.4068 -18.0221 61.5980 33 26 18
10.3168 -7.8358 26.7820 46 47 41
6.9585 -5.0063 17.1110 14 2 2
5.6110 -3.8345 13.1060 11 3 2
5.5388 -3.6045 12.3200 8 2 4
4.7565 -2.9544 10.0980 10 2 1
4.7402 -2.8160 9.6250 10 4 6
5.9731 -3.4003 11.6220 10 1 4
-2.8994 -1.6143 5.5490 9 4 12
-2.7072 -1.5719 5.4030 7 2 12
-2.4618 -1.4933 5.1330 5 3 17
-2.3915 -1.5186 5.2200 11 10 21
-2.2416 -1.4933 5.1330 10 11 24
-2.2635 -1.5858 5.4510 12 7 15
-2.8876 -2.1334 7.3330 9 5 8
-3.7598 -2.9378 10.0980 10 1 6
-4.4108 -3.6572 12.5710 12 6 8
-4.2274 -3.7335 12.8330 15 5 5
-4.2383 -3.9825 13.6890 14 5 8
-4.2261 -4.2667 14.6660 11 7 12
-5.1337 -5.6000 19.2490 25 32 26
-4.8730 -5.7807 19.8700 18 7 11
-4.3077 -5.6000 19.2490 30 20 18
-4.0204 -5.7807 19.8700 15 5 5
-3.4818 -5.6000 19.2490 18 11 5
-3.1678 -5.7807 19.8700 12 9 4
-2.9306 -6.1796 21.2410 22 17 15
-2.9904 -7.4669 25.6660 10 1 4
-1.9518 -5.9736 20.5330 16 6 4
-1.5452 -5.9736 20.5330 11 7 8
-1.4408 -7.7916 26.7820 10 28 62
1.1186 -12.8004 43.9990 21 38 70
2.8876 -17.9205 61.5980 22 22 22
8.7967 -9.4318 32.4200 37 36 36
12.8825 -12.8004 43.9990 25 23 34
20.3701 -16.2916 55.9990 43 41 33
9.8869 -7.4669 25.6660 54 55 46
6.7702 -4.8433 16.6480 13 0 4
5.4941 -3.7335 12.8330 10 2 1
5.5185 -3.5842 12.3200 9 0 5
4.9849 -3.0896 10.6200 10 2 1
4.8765 -2.8903 9.9350 14 6 5
5.9539 -3.3811 11.6220 23 14 17
-2.9261 -1.6199 5.6000 7 2 10
-2.7804 -1.6052 5.5490 7 2 10
-2.5251 -1.5230 5.2650 6 4 18
-2.4122 -1.5230 5.2650 18 16 25
-2.2049 -1.4606 5.0490 12 16 30
-2.1862 -1.5230 5.2650 12 10 17
-2.6951 -1.9798 6.8440 9 3 9
-3.6568 -2.8285 9.7780 7 1 5
-4.4316 -3.6365 12.5710 13 7 9
-4.3390 -3.7912 13.1060 15 3 3
-4.3346 -4.0499 14.0000 14 8 12
-4.4376 -4.4548 15.4000 11 7 12
-5.1337 -5.5683 19.2490 23 27 20
-5.0356 -5.9397 20.5330 16 5 9
-4.3077 -5.5683 19.2490 32 24 21
-4.0204 -5.7479 19.8700 15 4 8
-3.4818 -5.5683 19.2490 23 19 10
-3.2006 -5.7479 19.8700 16 11 7
-2.8668 -5.9397 20.5330 23 13 11
-3.1647 -7.7474 26.7820 14 5 8
-1.9857 -5.9397 20.5330 17 7 5
-1.5452 -5.9397 20.5330 12 6 8
-1.4408 -7.7474 26.7820 11 29 63
1.1186 -12.7278 43.9990 14 31 63
2.8876 -17.8188 61.5980 40 40 42
8.9037 -9.3783 32.4200 35 34 36
14.0297 -13.7067 47.3830 30 26 29
18.8419 -14.8491 51.3320 30 41 39
9.1656 -6.8535 23.6920 50 54 49
6.6189 -4.6892 16.2100 12 1 5
5.4027 -3.6365 12.5710 10 2 1
5.5592 -3.5639 12.3200 7 1 3
5.1083 -3.1262 10.8070 10 2 1
5.0729 -2.9697 10.2660 9 3 5
5.9923 -3.3620 11.6220 13 2 6
-2.9341 -1.6254 5.6510 9 3 9
-2.8392 -1.6406 5.7040 7 0 9
-2.5292 -1.5273 5.3100 4 5 20
-2.4240 -1.5273 5.3100 16 14 23
-2.1965 -1.4522 5.0490 10 8 22
-2.1775 -1.5143 5.2650 11 9 20
-2.7763 -2.0364 7.0800 12 1 9
-3.5678 -2.7684 9.6250 12 3 8
-4.5769 -3.7696 13.1060 12 7 5
-4.3891 -3.8516 13.3910 21 5 10
-4.3879 -4.1202 14.3250 12 8 11
-4.3868 -4.4294 15.4000 16 7 10
-5.4084 -5.9058 20.5330 25 29 22
-4.8075 -5.7151 19.8700 18 7 11
-4.2760 -5.5365 19.2490 30 26 19
-3.8630 -5.5365 19.2490 12 4 3
-3.3455 -5.3688 18.6660 22 18 9
-3.1350 -5.7151 19.8700 22 14 11
-3.1100 -6.5619 22.8140 18 10 9
-2.8301 -7.0868 24.6390 12 7 5
-1.8560 -5.7151 19.8700 10 2 1
-1.5283 -6.1095 21.2410 10 4 8
-1.6371 -9.3248 32.4200 11 34 67
1.6439 -14.7644 51.3320 3 22 42
11.5754 -12.6552 43.9990 12 12 16
11.6849 -11.8116 41.0660 28 35 43
17.1354 -16.1067 55.9990 11 10 10
17.4706 -13.6286 47.3830 64 81 86
8.2875 -6.1095 21.2410 44 44 44
6.1842 -4.3213 15.0240 11 2 5
5.3355 -3.5435 12.3200 12 1 5
5.7139 -3.6157 12.5710 8 2 4
4.9693 -3.0028 10.4400 9 3 5
5.2828 -3.0546 10.6200 16 5 9
6.1469 -3.4072 11.8460 13 2 8
-2.9248 -1.6160 5.6510 11 2 9
-2.8298 -1.6312 5.7040 8 1 10
-2.5204 -1.5185 5.3100 5 3 19
-2.4065 -1.5185 5.3100 18 16 27
-2.1449 -1.4207 4.9680 14 16 26
-2.1786 -1.5185 5.3100 9 6 22
-2.6032 -1.9146 6.6950 12 8 13
-3.4816 -2.7102 9.4770 14 1 5
-4.7353 -3.9147 13.6890 10 5 3
-4.4416 -3.9147 13.6890 21 9 9
-4.5772 -4.2965 15.0240 16 12 15
-4.5908 -4.6357 16.2100 21 13 12
-5.5598 -6.0744 21.2410 22 26 19
-4.7747 -5.6823 19.8700 27 22 20
-4.3483 -5.6823 19.8700 33 26 18
-3.7994 -5.5047 19.2490 10 2 1
-3.2839 -5.3380 18.6660 15 10 6
-3.1718 -5.8719 20.5330 28 20 19
-3.1515 -6.7753 23.6920 19 11 10
-2.7488 -7.0461 24.6390 7 4 1
-1.7345 -5.5047 19.2490 9 3 5
-1.5466 -6.2912 21.9990 23 17 21
-1.7699 -10.3620 36.2340 12 38 65
1.7286 -14.6797 51.3320 27 40 51
10.2555 -11.0098 38.4990 37 36 40
12.6646 -12.5826 43.9990 27 32 39
15.8767 -14.6797 51.3320 19 18 18
17.5488 -13.5504 47.3830 82 107 102
7.7854 -5.6823 19.8700 30 31 27
6.0610 -4.1941 14.6660 10 4 6
5.2506 -3.4540 12.0780 16 5 9
5.7139 -3.5950 12.5710 10 4 6
5.2359 -3.1457 11.0000 9 3 5
5.3759 -3.0905 10.8070 16 5 9
6.2673 -3.4540 12.0780 12 1 9
-2.9428 -1.6218 5.7040 12 3 10
-2.8733 -1.6522 5.8110 8 1 10
-2.5783 -1.5499 5.4510 9 3 18
-2.4185 -1.5228 5.3560 11 11 29
-2.1367 -1.4125 4.9680 4 6 16
-2.2275 -1.5499 5.4510 9 9 29
-2.6499 -1.9459 6.8440 7 2 10
-3.4816 -2.6945 9.4770 14 1 5
-4.8429 -3.9805 14.0000 14 9 7
-4.4416 -3.8921 13.6890 15 3 3
-4.5524 -4.2717 15.0240 17 12 10
-4.8177 -4.8651 17.1110 19 10 13
-5.7219 -6.2549 21.9990 11 7 8
-4.7419 -5.6495 19.8700 24 19 17
-4.3155 -5.6495 19.8700 38 34 27
-3.6536 -5.3072 18.6660 12 2 2
-3.2531 -5.3072 18.6660 16 13 10
-3.1718 -5.8380 20.5330 21 13 12
-3.1515 -6.7362 23.6920 23 15 14
-2.6431 -6.7362 23.6920 9 6 3
-1.7345 -5.4730 19.2490 10 1 4
-1.6265 -6.7362 23.6920 23 19 22
-1.7101 -10.3022 36.2340 9 35 62
2.1760 -17.5138 61.5980 20 32 46
9.8914 -10.3022 36.2340 26 25 27
13.9515 -13.4722 47.3830 33 32 32
17.6899 -15.9219 55.9990 11 10 10
12.2211 -9.2178 32.4200 82 90 89
7.4061 -5.3072 18.6660 6 2 3
5.7251 -3.8921 13.6890 10 4 8
5.3104 -3.4341 12.0780 11 0 4
5.6812 -3.5029 12.3200 11 1 1
5.2153 -3.0727 10.8070 11 1 1
5.7496 -3.2433 11.4070 17 2 3
6.4742 -3.5029 12.3200 12 3 6
-3.0167 -1.6743 5.9230 10 1 8
-2.8896 -1.6743 5.9230 13 6 17
-2.5881 -1.5686 5.5490 7 7 27
-2.3714 -1.5010 5.3100 11 8 29
-2.1121 -1.4043 4.9680 6 3 22
-2.2401 -1.5686 5.5490 8 11 28
-2.5048 -1.8524 6.5530 9 7 14
-3.8989 -3.0549 10.8070 10 1 6
-4.7505 -3.9574 14.0000 9 8 8
-4.5534 -4.0493 14.3250 22 11 17
-4.6815 -4.4646 15.7940 17 12 10
-5.1323 -5.2764 18.6660 24 16 15
-5.3846 -6.0043 21.2410 13 2 8
-4.6107 -5.6167 19.8700 26 17 12
-4.0854 -5.4412 19.2490 10 4 6
-3.4564 -5.1212 18.1170 10 2 1
-3.2594 -5.4412 19.2490 26 18 15
-3.0362 -5.8042 20.5330 19 10 13
-3.2446 -7.2551 25.6660 15 2 6
-2.3090 -6.2186 21.9990 12 7 5
-1.6074 -5.4412 19.2490 11 8 5
-1.7373 -7.9146 27.9990 23 33 49
-1.5628 -10.8827 38.4990 7 28 59
12.3875 -13.3940 47.3830 14 10 15
10.8274 -10.8827 38.4990 33 38 43
14.3425 -13.3940 47.3830 17 17 17
22.2035 -17.4122 61.5980 88 87 98
9.4100 -6.9648 24.6390 59 50 53
6.5386 -4.5822 16.2100 7 3 8
5.5677 -3.7047 13.1060 9 0 3
5.4982 -3.4826 12.3200 7 1 5
5.6493 -3.4141 12.0780 6 3 0
5.5802 -3.2245 11.4070 13 10 7
6.0491 -3.3486 11.8460 7 2 0
-3.0459 -1.6330 5.8110 11 2 9
-2.9873 -1.6645 5.9230 11 1 11
-2.8062 -1.6330 5.8110 9 2 13
-2.5606 -1.5594 5.5490 7 5 16
-2.2400 -1.4307 5.0910 8 8 28
-2.0960 -1.4074 5.0080 12 9 23
-2.2237 -1.5737 5.6000 11 10 19
-2.5708 -1.9233 6.8440 8 2 8
-4.5451 -3.6064 12.8330 15 4 8
-4.5546 -3.8469 13.6890 17 5 5
-4.5650 -4.1215 14.6660 17 7 7
-4.9871 -4.8086 17.1110 19 10 15
-5.5440 -5.7703 20.5330 17 11 13
-5.2794 -5.9692 21.2410 19 7 7
-4.5123 -5.5840 19.8700 23 15 12
-3.8384 -5.2456 18.6660 15 6 9
-3.3368 -5.0913 18.1170 16 8 5
-3.1323 -5.4094 19.2490 18 10 9
-3.1078 -6.1823 21.9990 24 12 10
-2.9521 -6.9242 24.6390 15 4 8
-2.0196 -5.7703 20.5330 7 2 0
-1.5609 -5.5840 19.8700 12 9 6
-1.8511 -9.1108 32.4200 19 35 54
-1.2915 -10.1826 36.2340 23 39 74
12.4657 -13.3158 47.3830 16 12 17
13.4823 -13.3158 47.3830 32 31 40
13.4634 -12.3648 43.9990 9 5 6
18.6725 -14.4255 51.3320 178 189 185
8.7883 -6.4113 22.8140 27 23 26
6.4229 -4.4385 15.7940 6 2 7
5.6110 -3.6831 13.1060 7 1 3
5.6517 -3.5328 12.5710 10 4 8
6.0236 -3.6064 12.8330 10 10 6
5.9284 -3.3942 12.0780 8 3 1
6.1875 -3.3942 12.0780 7 1 3
-3.0949 -1.6547 5.9230 12 1 7
-3.0259 -1.6871 6.0390 12 6 12
-2.8138 -1.6391 5.8670 10 3 14
-2.5656 -1.5645 5.6000 8 2 17
-2.2232 -1.4223 5.0910 7 7 25
-2.1140 -1.4223 5.0910 11 9 23
-2.2461 -1.5936 5.7040 16 10 14
-2.6788 -2.0012 7.1630 12 6 12
-4.5239 -3.5852 12.8330 11 2 5
-4.5320 -3.8244 13.6890 20 10 8
-4.6516 -4.1973 15.0240 14 6 3
-5.0716 -4.9170 17.6000 17 8 15
-5.4762 -5.7364 20.5330 26 21 19
-5.0356 -5.7364 20.5330 22 10 10
-4.3077 -5.3777 19.2490 29 20 15
-3.6657 -5.0614 18.1170 7 2 0
-3.1835 -4.9170 17.6000 15 10 6
-3.1678 -5.5512 19.8700 17 11 13
-2.9657 -5.9342 21.2410 25 15 13
-2.7995 -6.6189 23.6920 12 6 8
-1.9216 -5.5512 19.8700 9 3 5
-1.5984 -5.9342 21.2410 12 7 5
-1.7441 -9.0573 32.4200 14 33 64
1.7693 -17.2089 61.5980 12 26 57
12.9349 -13.2376 47.3830 40 39 39
15.1143 -14.3408 51.3320 30 26 27
14.9681 -13.2376 47.3830 13 13 17
12.1141 -9.0573 32.4200 103 137 136
7.3444 -5.2148 18.6660 14 8 10
6.0852 -4.0973 14.6660 10 1 4
5.3762 -3.4419 12.3200 14 5 10
6.0004 -3.6615 13.1060 9 0 3
6.0251 -3.5120 12.5710 20 5 6
6.0480 -3.3743 12.0780 14 6 5
6.4335 -3.4419 12.3200 13 2 8
-3.1577 -1.7108 6.1600 12 1 9
-2.9661 -1.6772 6.0390 11 2 9
-2.6792 -1.5841 5.7040 5 3 14
-2.4219 -1.5005 5.4030 12 6 23
-2.1456 -1.3908 5.0080 6 13 19
-2.1245 -1.4497 5.2200 4 8 20
-2.1991 -1.5841 5.7040 9 8 17
-3.1147 -2.3759 8.5550 15 6 13
-4.5880 -3.7190 13.3910 12 8 9
-4.3964 -3.8018 13.6890 17 6 10
-4.7336 -4.3864 15.7940 18 10 7
-5.1939 -5.1840 18.6660 20 9 15
-5.8586 -6.3360 22.8140 11 2 7
-4.6763 -5.5184 19.8700 31 20 15
-4.1489 -5.3459 19.2490 12 9 6
-3.4159 -4.8879 17.6000 14 6 5
-3.1275 -5.0315 18.1170 19 11 8
-3.0038 -5.5184 19.8700 13 9 10
-3.0732 -6.5798 23.6920 14 8 10
-2.2229 -5.7025 20.5330 11 8 5
-1.6709 -5.3459 19.2490 15 10 8
-1.6773 -7.1281 25.6660 21 19 26
-1.8026 -11.4050 41.0660 11 34 71
13.5046 -14.2561 51.3320 12 8 11
14.6059 -14.2561 51.3320 28 26 35
13.3908 -12.2196 43.9990 21 18 15
22.3052 -17.1072 61.5980 152 175 171
9.0874 -6.5798 23.6920 48 53 58
6.3969 -4.3864 15.7940 4 3 5
5.5894 -3.6398 13.1060 10 4 6
5.8706 -3.6398 13.1060 12 3 8
6.4254 -3.8018 13.6890 8 5 2
6.2990 -3.5640 12.8330 16 6 6
6.4401 -3.4913 12.5710 9 3 5
-3.1246 -1.6509 5.9800 14 1 5
-3.0967 -1.7006 6.1600 9 3 9
-2.9063 -1.6672 6.0390 8 1 10
-2.6471 -1.5894 5.7570 9 4 14
-2.3079 -1.4535 5.2650 7 7 25
-2.1224 -1.4055 5.0910 13 11 22
-2.0820 -1.4535 5.2650 10 13 16
-2.3748 -1.7531 6.3500 9 2 11
-3.7438 -2.9319 10.6200 17 7 7
-4.4333 -3.6969 13.3910 16 11 7
-4.5408 -4.0489 14.6660 21 13 10
-5.0716 -4.8589 17.6000 13 2 10
-5.7001 -5.8641 21.2410 35 29 33
-5.2443 -5.8641 21.2410 17 7 7
-4.4795 -5.4856 19.8700 37 34 29
-3.6956 -5.0016 18.1170 14 9 7
-3.2125 -4.8589 17.6000 17 7 7
-3.1005 -5.3141 19.2490 23 18 16
-2.9657 -5.8641 21.2410 37 29 26
-2.6958 -6.2983 22.8140 12 6 8
-1.8615 -5.3141 19.2490 14 11 8
-1.5984 -5.8641 21.2410 9 5 6
-1.7976 -8.9503 32.4200 13 32 63
1.7693 -17.0056 61.5980 17 34 64
15.3793 -15.4599 55.9990 28 27 31
14.0297 -13.0812 47.3830 32 32 34
13.9718 -12.1470 43.9990 8 11 14
12.1676 -8.9503 32.4200 105 119 125
6.9831 -4.8589 17.6000 14 17 16
5.9910 -3.9548 14.3250 15 5 5
5.7624 -3.6182 13.1060 7 1 5
6.4559 -3.8650 14.0000 8 2 6
7.0777 -4.0489 14.6660 14 2 2
6.7276 -3.6969 13.3910 12 3 6
6.8656 -3.6182 13.1060 15 2 8
-3.2119 -1.7250 6.2860 10 4 10
-2.9855 -1.6737 6.0990 9 3 9
-2.7723 -1.6254 5.9230 4 3 12
-2.4782 -1.5228 5.5490 8 1 14
-2.1823 -1.4086 5.1330 7 11 25
-2.0895 -1.4204 5.1760 4 9 27
-2.1405 -1.5368 5.6000 8 7 18
-3.0031 -2.2843 8.3240 14 8 12
-4.4688 -3.5966 13.1060 10 9 9
-4.4732 -3.8419 14.0000 13 9 10
-4.7076 -4.3342 15.7940 21 16 14
-5.4961 -5.4528 19.8700 19 10 13
-5.8210 -6.2607 22.8140 10 1 6
-4.6435 -5.4528 19.8700 27 23 16
-3.9616 -5.1224 18.6660 13 9 12
-3.2645 -4.6957 17.1110 17 7 7
-3.0677 -4.9717 18.1170 24 14 12
-2.9382 -5.4528 19.8700 17 8 11
-2.8841 -6.2607 22.8140 17 8 11
-2.1890 -5.6347 20.5330 12 7 5
-1.6392 -5.2824 19.2490 16 8 7
-1.6349 -7.0434 25.6660 30 23 32
-1.7348 -11.2695 41.0660 15 35 69
13.6087 -12.0744 43.9990 23 14 19
17.3924 -13.0030 47.3830 104 124 139
7.9774 -5.6347 20.5330 52 65 60
6.1594 -4.1229 15.0240 11 8 5
5.6543 -3.5966 13.1060 9 3 7
6.1995 -3.7566 13.6890 9 0 3
6.7712 -3.9311 14.3250 7 4 1
6.6171 -3.6748 13.3910 11 3 2
6.7574 -3.5966 13.1060 10 4 6
-3.2306 -1.6972 6.2220 11 2 9
-3.0662 -1.6803 6.1600 10 4 8
-2.8483 -1.6312 5.9800 10 0 10
-2.6186 -1.5704 5.7570 7 2 14
-2.2818 -1.4362 5.2650 2 3 18
-2.1145 -1.4001 5.1330 9 15 17
-2.0559 -1.4362 5.2650 6 8 14
-2.3197 -1.7147 6.2860 7 5 16
-3.4695 -2.7100 9.9350 13 8 6
-4.1204 -3.4290 12.5710 16 11 9
-4.4924 -4.0005 14.6660 17 9 8
-5.1607 -4.9418 18.1170 15 6 11
-5.7946 -6.0007 21.9990 30 23 17
-5.1392 -5.7940 21.2410 30 27 22
-4.2442 -5.2506 19.2490 29 21 20
-3.4057 -4.6674 17.1110 11 8 5
-3.0386 -4.6674 17.1110 18 10 7
-3.0052 -5.2506 19.2490 30 22 21
-2.9989 -6.0007 21.9990 23 15 12
-2.4398 -5.7940 21.2410 9 6 3
-1.7980 -5.2506 19.2490 9 3 5
-1.5829 -6.0007 21.9990 11 7 8
-1.6371 -8.8433 32.4200 0 20 55
13.3908 -12.0017 43.9990 13 12 12
22.3052 -16.8023 61.5980 71 115 131
9.0874 -6.4625 23.6920 71 79 78
6.2373 -4.2007 15.4000 13 9 10
5.8380 -3.7340 13.6890 9 5 8
5.9982 -3.6527 13.3910 8 2 6
6.7003 -3.9075 14.3250 10 2 1
7.1745 -4.0005 14.6660 10 1 4
6.9902 -3.7340 13.6890 12 8 11
-3.2949 -1.7043 6.2860 9 0 5
-3.1600 -1.7043 6.2860 8 2 8
-2.8779 -1.6213 5.9800 10 1 8
-2.7234 -1.6059 5.9230 5 3 10
-2.3684 -1.4649 5.4030 4 0 19
-2.1578 -1.4033 5.1760 14 16 24
-2.0468 -1.4033 5.1760 8 10 18
-2.1828 -1.5755 5.8110 7 5 14
-3.0728 -2.3523 8.6760 15 4 10
-4.0991 -3.3402 12.3200 15 9 11
-4.4588 -3.8838 14.3250 20 9 13
-5.1006 -4.7718 17.6000 16 10 12
-5.7001 -5.7589 21.2410 38 29 32
-5.2443 -5.7589 21.2410 19 16 13
-4.4795 -5.3872 19.8700 21 18 13
-3.4904 -4.6392 17.1110 9 4 2
-3.1233 -4.6392 17.1110 19 12 4
-2.9182 -4.9119 18.1170 21 15 19
-2.9007 -5.5670 20.5330 12 4 3
-2.5450 -5.7589 21.2410 15 4 8
-1.8933 -5.2188 19.2490 10 4 6
-1.5791 -5.5670 20.5330 12 11 11
-1.5525 -7.5912 27.9990 21 42 73
15.3684 -13.9173 51.3320 11 14 15
19.7636 -16.7006 61.5980 11 11 13
10.1400 -7.2612 26.7820 55 51 52
6.3187 -4.2821 15.7940 5 5 5
5.9013 -3.7957 14.0000 14 6 5
6.0413 -3.7114 13.6890 6 0 4
6.6294 -3.8838 14.3250 22 13 16
7.2752 -4.0734 15.0240 12 2 2
7.0797 -3.7957 14.0000 10 4 6
7.0591 -3.6306 13.3910 13 0 4
-3.2572 -1.7289 6.4160 8 2 8
-2.9362 -1.6273 6.0390 7 1 7
-2.7792 -1.6114 5.9800 5 4 11
-2.5286 -1.5371 5.7040 7 2 12
-2.2400 -1.4309 5.3100 9 10 23
-2.0809 -1.3948 5.1760 3 8 24
-2.0745 -1.4689 5.4510 3 5 13
-2.4855 -1.8650 6.9210 11 2 7
-3.5861 -2.8618 10.6200 14 11 6
-4.2344 -3.6085 13.3910 16 7 10
-4.7780 -4.3682 16.2100 16 16 12
-5.6117 -5.5331 20.5330 13 7 9
-5.5404 -5.9281 21.9990 12 1 7
-4.5779 -5.3544 19.8700 21 21 15
-3.6773 -4.7427 17.6000 14 10 11
-3.2080 -4.6109 17.1110 16 7 2
-2.9511 -4.7427 17.6000 16 7 10
-2.8146 -5.1871 19.2490 29 14 15
-2.6501 -5.7239 21.2410 18 9 12
-1.9886 -5.1871 19.2490 9 5 8
-1.5756 -5.1871 19.2490 9 9 5
-1.6176 -7.2170 26.7820 19 31 47
-1.4993 -10.3744 38.4990 6 29 64
14.9681 -12.7684 47.3830 13 12 12
12.1141 -8.7363 32.4200 77 82 98
6.7608 -4.6109 17.1110 21 20 24
5.9438 -3.8602 14.3250 14 11 6
5.9736 -3.6888 13.6890 5 1 4
6.4097 -3.7726 14.0000 12 3 6
7.3810 -4.1499 15.4000 11 0 4
7.5232 -4.0486 15.0240 14 6 5
7.1484 -3.6888 13.6890 16 5 9
-3.3592 -1.7550 6.5530 12 1 9
-2.9956 -1.6334 6.0990 10 1 8
-2.8088 -1.6016 5.9800 3 1 10
-2.5806 -1.5419 5.7570 10 0 10
-2.2859 -1.4345 5.3560 4 3 14
-2.1245 -1.3980 5.2200 5 12 18
-2.0472 -1.4221 5.3100 2 6 18
-2.2205 -1.6334 6.0990 12 5 14
-3.1038 -2.4262 9.0590 12 7 5
-3.6635 -3.0551 11.4070 14 10 11
-4.3955 -3.9279 14.6660 13 10 7
-5.0411 -4.8521 18.1170 15 9 11
-5.8586 -6.1101 22.8140 10 4 6
-4.8323 -5.4992 20.5330 30 21 16
-3.9924 -4.9992 18.6660 13 12 12
-3.3210 -4.5827 17.1110 9 4 2
-3.0382 -4.7137 17.6000 23 15 14
-2.8218 -4.9992 18.6660 22 14 13
-2.7553 -5.6888 21.2410 12 7 5
-2.1512 -5.3216 19.8700 11 7 8
-1.6709 -5.1553 19.2490 16 6 4
-1.5483 -6.3452 23.6920 25 27 33
-1.5905 -9.7043 36.2340 14 34 70
14.7335 -12.6902 47.3830 14 10 11
16.1503 -11.7839 43.9990 62 69 73
7.7198 -5.3216 19.8700 25 30 35
5.9884 -3.9279 14.6660 10 11 7
5.8832 -3.6662 13.6890 7 1 3
6.3172 -3.7495 14.0000 8 2 6
7.1016 -4.0238 15.0240 13 7 9
7.6098 -4.1245 15.4000 11 3 2
7.5618 -3.9279 14.6660 9 4 2
-3.4388 -1.7629 6.6230 12 1 7
-3.0971 -1.6561 6.2220 15 6 13
-2.8483 -1.5917 5.9800 8 3 11
-2.7200 -1.5917 5.9800 6 1 11
-2.4584 -1.5041 5.6510 3 1 12
-2.1962 -1.4134 5.3100 4 3 10
-2.0469 -1.3894 5.2200 12 17 26
-2.1540 -1.5467 5.8110 13 12 21
-2.7938 -2.1294 8.0000 16 7 12
-3.5422 -2.8765 10.8070 9 3 5
-4.1931 -3.6436 13.6890 12 7 5
-4.8742 -4.5545 17.1110 15 11 12
-5.7946 -5.8555 21.9990 32 25 19
-5.1392 -5.6538 21.2410 21 15 17
-4.2442 -5.1235 19.2490 26 23 20
-3.4339 -4.5545 17.1110 11 8 5
-3.0668 -4.5545 17.1110 20 16 9
-2.8584 -4.8222 18.1170 15 9 11
-2.7086 -5.2888 19.8700 27 27 21
-2.3585 -5.4653 20.5330 7 3 4
-1.7980 -5.1235 19.2490 12 7 5
-1.5829 -5.8555 21.9990 9 5 6
-1.4812 -7.8076 29.3330 11 32 63
15.8767 -13.6632 51.3320 18 14 15
14.1950 -10.2474 38.4990 31 29 40
7.7198 -5.2888 19.8700 22 28 30
6.0126 -3.9037 14.6660 14 14 10
5.9058 -3.6436 13.6890 7 1 3
6.1995 -3.6436 13.6890 11 2 5
7.1264 -3.9990 15.0240 10 4 8
7.8305 -4.2039 15.7940 14 2 2
7.4096 -3.8129 14.3250 10 5 3
-3.5034 -1.7905 6.7690 16 5 11
-3.1185 -1.6628 6.2860 10 1 6
-2.8384 -1.5818 5.9800 7 2 10
-2.7101 -1.5818 5.9800 8 3 11
-2.4491 -1.4948 5.6510 4 2 13
-2.1874 -1.4046 5.3100 2 1 8
-2.0559 -1.3927 5.2650 8 14 25
-2.1049 -1.5088 5.7040 12 7 19
-2.6433 -2.0117 7.6050 10 4 8
-3.2400 -2.6280 9.9350 17 11 15
-4.0797 -3.5422 13.3910 10 5 3
-4.7148 -4.4038 16.6480 15 9 11
-5.5598 -5.6187 21.2410 26 17 12
-5.1041 -5.6187 21.2410 23 15 12
-4.2442 -5.0918 19.2490 23 23 19
-3.3135 -4.4038 16.6480 8 5 2
-3.0386 -4.5262 17.1110 22 17 15
-2.7478 -4.6556 17.6000 14 8 10
-2.5922 -5.0918 19.2490 21 21 15
-2.3246 -5.4314 20.5330 5 4 4
-1.7662 -5.0918 19.2490 16 6 6
-1.6039 -6.0348 22.8140 15 9 11
-1.4328 -7.7592 29.3330 15 33 67
15.9614 -13.5784 51.3320 18 14 15
15.0059 -10.8629 41.0660 5 15 45
7.9096 -5.4314 20.5330 47 46 50
6.1098 -3.9742 15.0240 12 12 12
5.8606 -3.6210 13.6890 7 3 4
6.1543 -3.6210 13.6890 8 2 4
6.9082 -3.8795 14.6660 7 1 3
7.9833 -4.2879 16.2100 11 1 1
7.9148 -4.0736 15.4000 7 1 5
-3.4872 -1.7599 6.6950 15 2 8
-3.1393 -1.6524 6.2860 10 1 6
-2.8582 -1.5720 5.9800 6 1 11
-2.7668 -1.5875 6.0390 4 2 9
-2.5621 -1.5423 5.8670 7 5 16
-2.2435 -1.4203 5.4030 2 1 8
-2.0733 -1.3840 5.2650 10 15 31
-2.1040 -1.4855 5.6510 11 10 19
-2.3751 -1.7794 6.7690 7 2 10
-2.8989 -2.3133 8.8000 12 8 11
-3.6481 -3.1140 11.8460 15 9 13
-4.6443 -4.2612 16.2100 11 10 10
-5.4423 -5.3975 20.5330 14 6 3
-5.3589 -5.7829 21.9990 21 16 14
-4.4467 -5.2233 19.8700 25 22 19
-3.3685 -4.3763 16.6480 16 8 7
-3.0950 -4.4980 17.1110 14 9 5
-2.8059 -4.6265 17.6000 21 16 14
-2.6558 -5.0600 19.2490 21 18 13
-2.4749 -5.5837 21.2410 11 11 7
-1.8888 -5.2233 19.8700 13 8 6
-1.6192 -5.7829 21.9990 14 11 8
-1.3966 -7.0402 26.7820 15 36 65
19.2553 -16.1924 61.5980 14 10 11
14.9381 -10.7951 41.0660 14 16 40
7.9096 -5.3975 20.5330 48 42 48
6.1098 -3.9494 15.0240 13 13 15
5.8606 -3.5985 13.6890 6 2 3
6.1543 -3.5985 13.6890 10 1 4
6.9082 -3.8553 14.6660 8 2 4
8.4270 -4.4980 17.1110 12 2 2
8.3311 -4.2612 16.2100 10 4 8
-3.5648 -1.7878 6.8440 14 1 5
-3.2042 -1.6760 6.4160 9 0 5
-2.8582 -1.5621 5.9800 7 2 12
-2.7943 -1.5932 6.0990 5 3 10
-2.5865 -1.5472 5.9230 7 2 12
-2.2838 -1.4367 5.5000 2 1 8
-2.0910 -1.3871 5.3100 3 8 24
-2.1040 -1.4762 5.6510 6 4 15
-2.3751 -1.7682 6.7690 7 5 12
-2.8989 -2.2987 8.8000 9 5 8
-3.6481 -3.0944 11.8460 16 10 14
-4.4122 -4.0228 15.4000 13 10 7
-5.4423 -5.3637 20.5330 15 7 6
-5.3952 -5.7466 21.9990 19 11 10
-4.4467 -5.1905 19.8700 27 23 24
-3.2799 -4.2344 16.2100 14 9 7
-3.0950 -4.4698 17.1110 17 12 10
-2.7279 -4.4698 17.1110 24 16 15
-2.4996 -4.7325 18.1170 25 22 17
-2.4749 -5.5486 21.2410 10 10 6
-1.8888 -5.1905 19.8700 15 7 6
-1.6192 -5.7466 21.9990 10 5 3
-1.3966 -6.9960 26.7820 17 37 63
18.3336 -13.4090 51.3320 14 11 25
9.2880 -6.4362 24.6390 16 15 19
6.2926 -4.1257 15.7940 27 22 18
5.8782 -3.6571 14.0000 15 5 3
6.0413 -3.5759 13.6890 13 7 9
6.3351 -3.5759 13.6890 8 3 1
7.8495 -4.2344 16.2100 12 3 6
8.9002 -4.5975 17.6000 7 1 5
7.7312 -3.8311 14.6660 9 0 3
-3.3988 -1.7378 6.6950 15 2 6
-2.9362 -1.5676 6.0390 6 2 5
-2.8166 -1.5676 6.0390 7 1 7
-2.6870 -1.5676 6.0390 7 3 8
-2.3932 -1.4668 5.6510 6 1 11
-2.1167 -1.3666 5.2650 9 8 19
-2.0932 -1.4276 5.5000 4 8 22
-2.1070 -1.5229 5.8670 10 8 15
-2.4761 -1.9034 7.3330 11 7 10
-3.0919 -2.5381 9.7780 17 9 8
-3.8631 -3.4019 13.1060 12 9 6
-4.9514 -4.7027 18.1170 26 22 23
-5.5404 -5.7103 21.9990 10 1 4
-5.1047 -5.7103 21.9990 25 16 11
-3.6034 -4.4415 17.1110 12 9 6
-3.1487 -4.3213 16.6480 16 6 6
-2.9511 -4.5685 17.6000 23 15 14
-2.5020 -4.4415 17.1110 25 13 11
-2.5618 -5.3298 20.5330 15 7 6
-2.1944 -5.5136 21.2410 11 7 8
-1.6264 -5.1577 19.8700 16 10 12
-1.5502 -6.6622 25.6660 20 28 43
-1.4993 -9.9932 38.4990 14 37 72
21.2885 -15.9891 61.5980 12 12 12
12.5611 -8.8828 34.2210 19 7 20
6.8379 -4.5685 17.6000 45 36 39
5.8728 -3.7184 14.3250 15 10 8
5.9058 -3.5533 13.6890 12 6 10
6.1995 -3.5533 13.6890 14 6 5
7.1264 -3.8998 15.0240 9 5 6
9.2545 -4.8452 18.6660 13 1 1
8.8506 -4.4415 17.1110 12 8 9
-3.5821 -1.7851 6.9210 15 2 6
-3.1608 -1.6378 6.3500 7 1 5
-2.8483 -1.5424 5.9800 4 2 9
-2.8019 -1.5888 6.1600 7 1 5
-2.5917 -1.5424 5.9800 5 0 8
-2.2455 -1.4059 5.4510 6 4 11
-2.0914 -1.3814 5.3560 1 5 19
-2.1049 -1.4712 5.7040 18 12 27
-2.1848 -1.6213 6.2860 15 10 18
-2.7146 -2.1469 8.3240 5 4 6
-3.4753 -2.9421 11.4070 14 13 15
-4.2549 -3.8750 15.0240 12 8 9
-5.4084 -5.2959 20.5330 11 3 2
-5.5197 -5.8842 22.8140 19 11 8
-4.2442 -4.9647 19.2490 24 19 17
-3.2263 -4.1809 16.2100 8 5 2
-3.0386 -4.4133 17.1110 15 10 6
-2.5991 -4.2939 16.6480 22 19 14
-2.5137 -4.8144 18.6660 21 16 12
-2.4906 -5.6740 21.9990 8 8 10
-1.8840 -5.2959 20.5330 15 7 6
-1.6039 -5.8842 22.8140 18 14 15
-1.4139 -7.2215 27.9990 16 34 61
12.7915 -14.4433 55.9990 16 16 20
15.3921 -15.8874 61.5980 29 29 31
12.5047 -8.8263 34.2210 15 10 20
6.8088 -4.5394 17.6000 24 15 18
5.8492 -3.6947 14.3250 14 5 8
5.8832 -3.5307 13.6890 7 1 7
6.1769 -3.5307 13.6890 12 2 2
6.9324 -3.7827 14.6660 5 1 2
9.5117 -4.9647 19.2490 12 1 5
9.6241 -4.8144 18.6660 7 3 4
-3.6049 -1.7736 6.9210 10 1 4
-3.2382 -1.6617 6.4840 6 2 5
-2.8582 -1.5325 5.9800 5 0 8
-2.8403 -1.5945 6.2220 6 2 5
-2.6272 -1.5476 6.0390 7 3 8
-2.3161 -1.4351 5.6000 4 3 7
-2.1187 -1.3846 5.4030 0 3 17
-2.1143 -1.4618 5.7040 10 8 19
-2.1512 -1.5786 6.1600 9 4 14
-2.5238 -1.9733 7.7000 10 10 12
-3.1098 -2.5878 10.0980 17 8 13
-3.9220 -3.5081 13.6890 15 7 6
-5.1020 -4.9330 19.2490 15 10 6
-5.5574 -5.8466 22.8140 28 20 17
-4.5612 -5.2620 20.5330 21 13 12
-3.1696 -4.0475 15.7940 12 9 6
-3.0668 -4.3850 17.1110 13 8 6
-2.6266 -4.2664 16.6480 18 15 12
-2.5445 -4.7835 18.6660 22 17 13
-2.6205 -5.8466 22.8140 6 5 5
-1.9179 -5.2620 20.5330 15 7 6
-1.6192 -5.6377 21.9990 8 3 1
-1.3384 -6.5774 25.6660 16 30 61
-1.6263 -14.3509 55.9990 13 32 63
12.3185 -13.1549 51.3320 31 39 38
16.6886 -12.1429 47.3830 14 10 15
8.8528 -6.0716 23.6920 17 11 17
6.2405 -4.0475 15.7940 18 15 12
5.8320 -3.5878 14.0000 13 3 1
5.9962 -3.5081 13.6890 7 1 7
6.1529 -3.4317 13.3910 9 0 3
7.7693 -4.1541 16.2100 13 7 11
10.2818 -5.2620 20.5330 15 7 4
8.6936 -4.2664 16.6480 12 6 8
-3.4699 -1.7235 6.7690 14 1 7
-3.0874 -1.6005 6.2860 7 1 5
-2.8365 -1.5377 6.0390 8 2 6
-2.7612 -1.5685 6.1600 12 6 10
-2.5040 -1.4939 5.8670 9 5 10
-2.1900 -1.3757 5.4030 7 5 14
-2.1302 -1.4129 5.5490 2 2 22
-2.1061 -1.4796 5.8110 10 9 18
-2.1983 -1.6336 6.4160 12 7 15
-2.5041 -1.9853 7.7970 9 8 10
-3.1290 -2.6582 10.4400 16 13 10
-4.1805 -3.8254 15.0240 12 13 9
-5.4547 -5.4084 21.2410 9 3 5
-5.3691 -5.8089 22.8140 29 25 16
-3.8750 -4.6130 18.1170 16 10 12
-3.1193 -4.1274 16.2100 9 4 2
-3.0092 -4.4813 17.6000 21 13 12
-2.5585 -4.3568 17.1110 18 14 15
-2.6635 -5.2281 20.5330 17 9 8
-2.4699 -5.8089 22.8140 12 8 11
-1.7824 -5.2281 20.5330 22 14 13
-1.5483 -6.0325 23.6920 25 21 26
-1.4231 -8.2548 32.4200 12 28 65
12.2370 -14.2585 55.9990 17 20 23
12.3185 -13.0702 51.3320 29 35 35
17.8253 -13.0702 51.3320 13 7 9
9.8748 -6.8192 26.7820 25 12 20
6.4955 -4.2389 16.6480 22 18 11
5.7627 -3.5647 14.0000 19 11 10
5.7772 -3.4096 13.3910 11 7 12
6.0645 -3.4096 13.3910 12 4 3
7.3048 -3.9212 15.4000 12 6 10
10.5311 -5.4084 21.2410 16 6 6
9.9565 -4.9012 19.2490 9 5 6
-3.5034 -1.7124 6.7690 11 0 6
-3.2168 -1.6403 6.4840 9 3 7
-2.8664 -1.5277 6.0390 10 4 10
-2.8198 -1.5740 6.2220 6 2 5
-2.6073 -1.5277 6.0390 6 2 7
-2.3069 -1.4166 5.6000 6 2 5
-2.1477 -1.3913 5.5000 1 2 15
-2.1245 -1.4563 5.7570 11 9 25
-2.1410 -1.5583 6.1600 10 8 17
-2.3914 -1.8550 7.3330 6 5 12
-3.0268 -2.5133 9.9350 12 6 10
-3.7924 -3.3875 13.3910 11 11 7
-5.2010 -5.0265 19.8700 12 7 5
-5.6931 -5.9934 23.6920 29 25 18
-4.3483 -5.0265 19.8700 26 19 13
-3.1996 -4.1006 16.2100 15 10 8
-3.0386 -4.3286 17.1110 9 6 3
-2.5991 -4.2114 16.6480 19 13 15
-2.5922 -4.8694 19.2490 30 25 21
-2.5828 -5.7713 22.8140 7 6 6
-1.8840 -5.1942 20.5330 12 4 3
-1.6039 -5.7713 22.8140 21 13 12
-1.3676 -7.0829 27.9990 27 46 77
-1.6872 -15.5825 61.5980 16 35 66
8.7941 -9.7391 38.4990 26 32 34
13.9930 -14.1661 55.9990 26 34 31
12.2788 -8.6569 34.2210 13 8 16
7.5558 -5.0265 19.8700 16 15 17
6.0354 -3.8006 15.0240 11 11 7
5.7928 -3.4629 13.6890 8 4 5
5.9540 -3.3875 13.3910 12 3 6
6.5252 -3.5416 14.0000 13 9 10
9.6874 -5.0265 19.8700 14 8 10
10.8116 -5.3733 21.2410 12 6 8
8.3779 -3.9954 15.7940 10 1 4
-3.3767 -1.6826 6.6950 8 2 8
-3.0046 -1.5637 6.2220 12 3 8
-2.8527 -1.5481 6.1600 8 4 9
-2.7479 -1.5637 6.2220 10 1 6
-2.4653 -1.4745 5.8670 6 2 7
-2.1735 -1.3699 5.4510 6 4 11
-2.1520 -1.4335 5.7040 4 5 18
-2.1075 -1.4886 5.9230 11 8 24
-2.2145 -1.6645 6.6230 9 5 8
-2.5362 -2.0369 8.1050 8 2 6
-3.0953 -2.6690 10.6200 20 20 20
-4.4950 -4.1840 16.6480 9 4 2
-5.9277 -5.9543 23.6920 13 3 3
-5.2185 -5.7336 22.8140 22 12 10
-3.4509 -4.1840 16.6480 12 7 5
-3.0937 -4.1840 16.6480 17 8 11
-2.8126 -4.3003 17.1110 17 11 13
-2.5154 -4.4232 17.6000 21 13 10
-2.6721 -5.5288 21.9990 12 9 6
-2.2816 -5.7336 22.8140 8 4 7
-1.6129 -5.1604 20.5330 13 8 6
-1.4655 -6.4504 25.6660 0 16 34
-1.4637 -10.3207 41.0660 16 35 66
10.3542 -11.9083 47.3830 20 25 30
11.3708 -11.9083 47.3830 26 32 32
16.1037 -15.4808 61.5980 34 33 33
11.1526 -7.7404 30.7990 23 16 25
7.1596 -4.6911 18.6660 17 11 13
5.9400 -3.6859 14.6660 18 17 19
5.7109 -3.3654 13.3910 5 4 8
5.9982 -3.3654 13.3910 11 0 4
6.8840 -3.6859 14.6660 7 1 3
10.0784 -5.1604 20.5330 12 6 8
11.2337 -5.5288 21.9990 8 3 1
-3.5481 -1.6900 6.7690 14 5 10
-3.3295 -1.6536 6.6230 9 3 7
-2.9645 -1.5380 6.1600 7 1 3
-2.8903 -1.5694 6.2860 5 1 6
-2.7002 -1.5380 6.1600 6 2 5
-2.4000 -1.4373 5.7570 5 1 4
-2.1943 -1.3854 5.5490 2 4 12
-2.1941 -1.4648 5.8670 3 4 19
-2.1081 -1.4930 5.9800 17 15 29
-2.1466 -1.6189 6.4840 6 6 8
-2.4269 -1.9467 7.7970 9 3 7
-2.7894 -2.4031 9.6250 16 16 10
-4.3500 -4.0471 16.2100 25 22 17
-5.8495 -5.9152 23.6920 20 9 13
-4.9595 -5.4925 21.9990 31 23 20
-3.3066 -4.0471 16.2100 10 5 3
-3.0388 -4.1565 16.6480 13 12 12
-2.7561 -4.2721 17.1110 20 14 18
-2.5295 -4.5233 18.1170 27 25 17
-2.6958 -5.6960 22.8140 12 8 9
-2.2440 -5.6960 22.8140 13 7 9
-1.5791 -5.1265 20.5330 14 9 7
-1.4850 -6.6867 26.7820 34 55 86
-1.3959 -10.2529 41.0660 19 36 68
11.8673 -13.9813 55.9990 27 27 29
9.5838 -10.2529 41.0660 23 25 33
14.2703 -13.9813 55.9990 28 35 29
17.0187 -15.3792 61.5980 26 25 34
11.1017 -7.6896 30.7990 15 11 16
6.9191 -4.5233 18.1170 17 16 16
5.9158 -3.6617 14.6660 9 9 11
5.7928 -3.4177 13.6890 6 3 0
5.9540 -3.3433 13.3910 11 2 7
6.6767 -3.5765 14.3250 6 2 3
10.3558 -5.3032 21.2410 9 1 0
11.6122 -5.6960 22.8140 13 8 6
8.8310 -4.1565 16.6480 11 0 4
-3.3404 -1.6426 6.6230 7 1 5
-3.0356 -1.5591 6.2860 10 0 5
-2.9007 -1.5591 6.2860 5 1 6
-2.7104 -1.5278 6.1600 8 0 4
-2.4653 -1.4551 5.8670 6 2 5
-2.2533 -1.4016 5.6510 7 6 10
-2.2346 -1.4690 5.9230 1 3 13
-2.1278 -1.4832 5.9800 13 11 27
-2.1680 -1.6082 6.4840 12 12 16
-2.3797 -1.8862 7.6050 16 12 15
-2.8053 -2.3872 9.6250 14 14 10
-4.1580 -3.8195 15.4000 22 19 14
-6.1239 -6.1110 24.6390 20 10 10
-5.3803 -5.8761 23.6920 26 16 14
-3.4509 -4.1290 16.6480 14 9 7
-3.0937 -4.1290 16.6480 15 9 11
-2.8126 -4.2439 17.1110 14 10 11
-2.5154 -4.3651 17.6000 19 11 8
-2.6721 -5.4562 21.9990 9 5 6
-2.2816 -5.6583 22.8140 9 5 8
-1.6129 -5.0926 20.5330 14 11 8
-1.5292 -6.6425 26.7820 27 49 63
-1.4637 -10.1852 41.0660 19 36 66
2.0706 -13.8888 55.9990 25 30 46
8.6670 -9.5485 38.4990 32 32 32
12.5727 -12.7313 51.3320 31 42 40
14.9172 -13.8888 55.9990 44 40 41
15.4241 -10.9126 43.9990 21 21 17
8.8137 -5.8761 23.6920 12 8 9
6.2144 -3.9172 15.7940 20 17 12
5.8089 -3.4723 14.0000 9 5 6
5.8435 -3.3212 13.3910 8 2 4
6.2673 -3.3951 13.6890 12 7 5
8.4355 -4.3651 17.6000 13 8 6
12.3378 -6.1110 24.6390 10 2 1
10.3433 -4.9281 19.8700 8 5 2
-3.4060 -1.6317 6.6230 14 1 5
-3.1954 -1.5975 6.4840 6 2 5
-2.9035 -1.5176 6.1600 8 4 9
-2.8281 -1.5487 6.2860 7 1 3
-2.5874 -1.4878 6.0390 7 1 5
-2.3215 -1.4053 5.7040 8 2 6
-2.2195 -1.4183 5.7570 4 2 13
-2.1772 -1.4733 5.9800 7 7 25
-2.1318 -1.5329 6.2220 13 12 21
-2.1740 -1.6677 6.7690 5 4 11
-2.3798 -1.9456 7.8970 6 5 9
-2.9726 -2.6164 10.6200 9 6 1
-5.1354 -4.8954 19.8700 8 2 6
-6.0827 -6.3233 25.6660 26 17 12
-4.0232 -4.5987 18.6660 23 21 13
-3.1461 -3.9936 16.2100 7 1 3
-2.9538 -4.2156 17.1110 21 18 13
-2.6606 -4.3361 17.6000 15 12 9
-2.6635 -5.0587 20.5330 22 12 12
-2.5649 -5.8370 23.6920 7 6 6
-1.8163 -5.0587 20.5330 16 8 7
-1.4739 -5.4199 21.9990 29 19 19
-1.4766 -7.9873 32.4200 15 35 73
-1.1414 -11.6737 47.3830 11 35 65
9.3969 -10.8400 43.9990 26 32 32
9.6516 -10.1174 41.0660 36 38 44
14.3627 -13.7964 55.9990 27 33 31
14.2671 -12.6466 51.3320 30 24 28
12.9412 -8.9269 36.2340 29 23 25
7.5230 -4.8954 19.8700 15 15 15
5.8674 -3.6133 14.6660 16 16 12
5.8782 -3.4492 14.0000 10 5 3
5.9098 -3.2991 13.3910 6 2 5
6.6294 -3.5292 14.3250 6 2 5
10.2857 -5.2331 21.2410 11 8 5
11.9809 -5.8370 23.6920 16 6 4
9.5504 -4.4635 18.1170 9 4 2
-3.3267 -1.6036 6.5530 11 2 7
-3.0874 -1.5540 6.3500 14 5 10
-2.9512 -1.5540 6.3500 7 1 7
-2.7866 -1.5383 6.2860 7 1 5
-2.5325 -1.4634 5.9800 8 4 7
-2.2932 -1.3959 5.7040 6 2 5
-2.2542 -1.4495 5.9230 4 2 11
-2.1688 -1.4779 6.0390 6 6 24
-2.1442 -1.5540 6.3500 6 8 16
-2.1405 -1.6565 6.7690 5 3 12
-2.4536 -2.0370 8.3240 9 5 6
-3.5819 -3.2073 13.1060 15 10 6
-5.5404 -5.3836 21.9990 12 3 6
-5.6766 -6.0296 24.6390 23 18 14
-3.5751 -4.1874 17.1110 14 6 5
-3.0658 -3.9669 16.2100 8 4 5
-2.8691 -4.1874 17.1110 20 16 17
-2.6491 -4.4336 18.1170 19 14 10
-2.6501 -5.1981 21.2410 14 6 5
-2.4476 -5.7979 23.6920 9 5 6
-1.6264 -4.8626 19.8700 18 15 10
-1.4882 -6.0296 24.6390 21 26 33
-1.4111 -8.8671 36.2340 24 41 73
1.5956 -11.5955 47.3830 18 38 62
8.9060 -10.0496 41.0660 25 31 33
9.7194 -10.0496 41.0660 28 34 36
14.4551 -13.7040 55.9990 30 34 29
13.2477 -11.5955 47.3830 43 34 37
12.2788 -8.3745 34.2210 42 39 36
7.5558 -4.8626 19.8700 17 17 13
5.8916 -3.5890 14.6660 13 14 10
5.7928 -3.3500 13.6890 9 6 3
5.9540 -3.2770 13.3910 10 4 6
7.0025 -3.6767 15.0240 7 1 3
11.1227 -5.5830 22.8140 12 7 5
12.0591 -5.7979 23.6920 12 4 3
9.8706 -4.5679 18.6660 9 3 5
-3.3159 -1.5928 6.5530 9 0 5
-3.1089 -1.5595 6.4160 11 0 4
-2.9713 -1.5595 6.4160 8 2 8
-2.7762 -1.5279 6.2860 7 1 3
-2.4888 -1.4397 5.9230 8 2 6
-2.3170 -1.4125 5.8110 3 2 6
-2.3010 -1.4825 6.0990 5 3 14
-2.1919 -1.4973 6.1600 6 10 24
-2.1453 -1.5595 6.4160 7 9 15
-2.1529 -1.6636 6.8440 5 3 12
-2.3147 -1.9195 7.8970 7 3 6
-3.2180 -2.8794 11.8460 17 12 8
-5.7080 -5.5454 22.8140 12 1 5
-5.6360 -5.9890 24.6390 30 22 21
-3.3601 -3.9401 16.2100 13 8 6
-3.0123 -3.9401 16.2100 11 7 8
-2.8126 -4.1591 17.1110 21 21 17
-2.6677 -4.5371 18.6660 17 9 6
-2.6721 -5.3473 21.9990 9 4 2
-2.3694 -5.7588 23.6920 12 6 8
-1.5937 -4.8298 19.8700 13 10 7
-1.5078 -6.2386 25.6660 17 36 54
-1.4358 -9.3579 38.4990 11 29 63
-0.9756 -14.9725 61.5980 9 34 66
9.8850 -11.5173 47.3830 25 31 31
9.4483 -9.9819 41.0660 31 31 33
15.4938 -14.9725 61.5980 23 23 19
11.2104 -9.9819 41.0660 42 29 35
18.0794 -12.4772 51.3320 56 54 44
8.2202 -5.3473 21.9990 14 13 13
6.2144 -3.8390 15.7940 18 17 17
5.8089 -3.4030 14.0000 7 3 4
5.8435 -3.2549 13.3910 14 8 10
6.4097 -3.4030 14.0000 7 1 3
9.2258 -4.6788 19.2490 8 5 2
12.3378 -5.9890 24.6390 13 7 9
10.3761 -4.8298 19.8700 7 4 1
-3.2889 -1.5489 6.4160 13 0 4
-3.2186 -1.5820 6.5530 9 5 8
-2.9826 -1.5330 6.3500 8 2 6
-2.8464 -1.5330 6.3500 8 4 7
-2.6131 -1.4724 6.0990 7 3 6
-2.3650 -1.4029 5.8110 8 2 6
-2.2835 -1.4299 5.9230 6 4 13
-2.2205 -1.4724 6.0990 4 2 13
-2.1756 -1.5330 6.3500 3 9 20
-2.0606 -1.5489 6.4160 4 2 9
-2.0980 -1.6899 7.0000 11 7 10
-2.5583 -2.2196 9.1940 9 1 0
-4.3941 -4.1309 17.1110 9 0 5
-5.7986 -5.9483 24.6390 29 18 13
-4.0232 -4.5063 18.6660 21 18 15
-3.0653 -3.8130 15.7940 9 5 6
-2.8739 -4.0191 16.6480 13 10 5
-2.6606 -4.2490 17.6000 19 20 14
-2.6635 -4.9570 20.5330 17 7 5
-2.5649 -5.7197 23.6920 7 3 4
-1.7248 -4.7970 19.8700 21 16 14
-1.4909 -5.5077 22.8140 32 28 31
-1.4231 -7.8268 32.4200 19 44 76
-1.1519 -12.3925 51.3320 12 35 68
2.5826 -14.8709 61.5980 28 30 40
8.4129 -9.2944 38.4990 27 26 33
12.3185 -12.3925 51.3320 19 26 32
13.4199 -12.3925 51.3320 41 44 45
12.4468 -10.6222 43.9990 30 34 29
13.0608 -8.7476 36.2340 28 38 22
7.3515 -4.6471 19.2490 17 20 19
5.9158 -3.5406 14.6660 8 4 5
5.8154 -3.3048 13.6890 9 1 0
6.1091 -3.3048 13.6890 15 9 11
7.5820 -3.9134 16.2100 11 1 1
12.0125 -5.9483 24.6390 9 4 2
12.0591 -5.7197 23.6920 15 7 6
9.9014 -4.5063 18.6660 7 1 3
-3.2703 -1.5547 6.4840 10 1 6
-3.1312 -1.5547 6.4840 12 1 5
-2.9920 -1.5547 6.4840 7 3 6
-2.7377 -1.4918 6.2220 7 1 3
-2.4790 -1.4201 5.9230 10 1 4
-2.3297 -1.4067 5.8670 9 5 8
-2.3372 -1.4918 6.2220 4 2 11
-2.2037 -1.4918 6.2220 0 2 12
-2.1453 -1.5384 6.4160 6 11 18
-2.0724 -1.5880 6.6230 4 3 12
-2.1629 -1.7793 7.4210 11 7 10
-3.0799 -2.7350 11.4070 15 10 8
-5.2794 -5.0929 21.2410 9 0 3
-5.5953 -5.9076 24.6390 36 24 22
-3.3334 -3.8866 16.2100 12 7 5
-2.9856 -3.8866 16.2100 13 7 9
-2.7844 -4.1027 17.1110 16 16 12
-2.7193 -4.6153 19.2490 12 9 4
-2.6721 -5.2747 21.9990 12 7 5
-2.3694 -5.6806 23.6920 8 3 1
-1.5121 -4.6153 19.2490 12 9 6
-1.4655 -6.1539 25.6660 20 36 57
-1.3722 -9.2308 38.4990 18 34 69
1.1796 -9.8463 41.0660 13 36 69
9.1064 -10.5496 43.9990 27 27 29
9.3805 -9.8463 41.0660 34 34 38
15.5954 -14.7692 61.5980 88 86 65
9.9512 -8.6878 36.2340 40 36 39
21.5935 -14.7692 61.5980 39 40 29
10.8638 -7.0331 29.3330 31 32 26
6.3513 -3.8866 16.2100 22 18 19
5.9201 -3.4347 14.3250 8 4 9
5.8214 -3.2107 13.3910 10 0 0
6.6904 -3.5164 14.6660 7 1 3
9.8073 -4.9232 20.5330 7 4 1
12.2972 -5.9076 24.6390 11 7 8
10.6884 -4.9232 20.5330 8 5 2
-3.2656 -1.5120 6.3500 14 1 5
-3.2294 -1.5604 6.5530 9 5 8
-3.0996 -1.5604 6.5530 9 0 0
-2.9278 -1.5440 6.4840 7 1 5
-2.6231 -1.4523 6.0990 11 7 12
-2.4437 -1.4239 5.9800 6 0 4
-2.3614 -1.4523 6.0990 4 2 9
-2.3224 -1.5120 6.3500 4 2 11
-2.1861 -1.5120 6.3500 4 8 22
-2.0499 -1.5120 6.3500 10 9 13
-2.0399 -1.6118 6.7690 10 10 14
-2.2392 -1.9049 8.0000 14 6 5
-3.7259 -3.4110 14.3250 14 8 10
-5.6540 -5.6415 23.6920 29 18 13
-4.1807 -4.5835 19.2490 27 24 19
-3.1728 -3.8599 16.2100 12 7 5
-2.9014 -3.9642 16.6480 16 11 7
-2.6149 -4.0744 17.1110 17 17 13
-2.7904 -5.0579 21.2410 21 13 10
-2.5075 -5.4324 22.8140 9 5 6
-1.7576 -4.7314 19.8700 8 4 5
-1.4739 -5.2384 21.9990 30 21 24
-1.4766 -7.7198 32.4200 16 41 75
-1.1325 -10.4770 43.9990 19 40 69
1.6738 -11.2827 47.3830 0 17 41
9.9632 -11.2827 47.3830 41 41 43
10.9798 -11.2827 47.3830 42 47 52
13.5046 -12.2231 51.3320 23 29 31
13.4823 -11.2827 47.3830 38 49 47
14.8026 -9.7786 41.0660 26 28 17
7.5886 -4.7314 19.8700 23 26 27
5.9158 -3.4922 14.6660 13 10 7
5.8154 -3.2596 13.6890 16 6 6
6.0865 -3.2596 13.6890 12 6 8
7.7594 -3.9642 16.6480 13 3 3
12.0125 -5.8670 24.6390 14 6 3
11.6122 -5.4324 22.8140 10 5 3
10.2107 -4.5835 19.2490 11 2 5
-3.2360 -1.5172 6.4160 12 1 5
-3.1983 -1.5661 6.6230 16 5 9
-3.0239 -1.5496 6.5530 6 0 4
-2.7658 -1.4864 6.2860 6 2 3
-2.5029 -1.4141 5.9800 7 1 5
-2.3746 -1.4141 5.9800 7 3 6
-2.3716 -1.4864 6.2860 6 1 11
-2.2830 -1.5172 6.4160 2 1 12
-2.1453 -1.5172 6.4160 2 6 18
-1.9870 -1.5016 6.3500 7 9 15
-1.9729 -1.6007 6.7690 6 5 7
-2.4103 -2.1109 8.9270 8 2 4
-4.2529 -4.0462 17.1110 9 3 5
-4.9958 -5.2021 21.9990 31 19 17
-3.2478 -3.7348 15.7940 14 6 5
-2.9856 -3.8331 16.2100 20 15 13
-2.7365 -3.9367 16.6480 15 12 9
-2.6677 -4.4139 18.6660 13 8 6
-2.6721 -5.2021 21.9990 13 10 7
-2.2816 -5.3948 22.8140 14 6 5
-1.5121 -4.5518 19.2490 13 13 9
-1.4655 -6.0692 25.6660 23 41 64
-1.4637 -9.7108 41.0660 35 52 84
-0.5940 -11.2046 47.3830 6 31 65
2.8876 -14.5659 61.5980 27 26 26
9.9632 -11.2046 47.3830 35 38 39
10.9798 -11.2046 47.3830 61 68 72
13.4199 -12.1384 51.3320 47 55 54
11.6171 -9.7108 41.0660 27 35 32
14.0679 -9.1038 38.4990 27 29 18
7.2212 -4.4139 18.6660 30 31 27
5.9884 -3.4680 14.6660 12 9 6
5.8832 -3.2370 13.6890 16 6 6
6.4639 -3.3874 14.3250 5 1 2
8.8232 -4.4139 18.6660 7 2 0
12.6826 -6.0692 25.6660 13 3 3
10.9518 -5.0228 21.2410 10 5 3
-3.3075 -1.4911 6.3500 16 1 2
-3.2382 -1.5226 6.4840 11 0 4
-3.1999 -1.5721 6.6950 12 2 2
-2.9914 -1.5388 6.5530 8 2 6
-2.6799 -1.4465 6.1600 10 4 8
-2.4733 -1.4042 5.9800 8 2 6
-2.3681 -1.4181 6.0390 4 3 7
-2.4035 -1.5226 6.4840 7 2 10
-2.2885 -1.5388 6.5530 1 2 15
-2.0813 -1.4911 6.3500 12 17 26
-1.9653 -1.5066 6.4160 10 10 14
-1.9609 -1.6071 6.8440 10 3 12
-2.7671 -2.4515 10.4400 9 3 5
-4.6890 -4.5200 19.2490 23 15 12
-4.4139 -4.6658 19.8700 34 19 18
-3.1696 -3.7087 15.7940 15 10 8
-2.9053 -3.8064 16.2100 21 16 14
-2.6266 -3.9092 16.6480 20 15 13
-2.7990 -4.8215 20.5330 8 5 0
-2.6205 -5.3571 22.8140 8 4 5
-1.9179 -4.8215 20.5330 8 2 4
-1.5113 -4.8215 20.5330 15 10 6
-1.3966 -6.2889 26.7820 21 34 72
-1.3504 -10.3317 43.9990 22 39 69
1.2473 -9.6430 41.0660 18 43 68
10.1056 -14.4643 61.5980 19 19 13
11.5901 -13.1495 55.9990 31 34 33
12.7915 -13.1495 55.9990 86 92 92
11.7932 -10.3317 43.9990 55 55 59
16.2111 -13.1495 55.9990 28 31 32
11.6101 -7.2321 30.7990 30 30 26
6.1356 -3.6162 15.4000 13 13 9
6.2834 -3.5279 15.0240 14 8 14
6.1555 -3.2874 14.0000 8 2 4
7.4750 -3.8064 16.2100 14 1 5
11.0098 -5.3571 22.8140 13 8 4
11.9418 -5.5633 23.6920 9 4 2
10.4417 -4.6658 19.8700 10 2 1
-3.2678 -1.4960 6.4160 11 0 4
-3.2662 -1.5611 6.6950 14 5 12
-3.1571 -1.5783 6.7690 13 2 6
-2.8548 -1.4960 6.4160 6 0 2
-2.5674 -1.4081 6.0390 8 2 8
-2.4140 -1.3943 5.9800 7 1 5
-2.3782 -1.4508 6.2220 6 1 11
-2.3393 -1.5119 6.4840 3 1 10
-2.2236 -1.5279 6.5530 1 2 17
-1.9981 -1.4657 6.2860 7 8 23
-1.9018 -1.4960 6.4160 9 8 10
-2.0404 -1.7303 7.4210 8 2 8
-3.0029 -2.7621 11.8460 8 2 4
-4.7645 -4.7876 20.5330 34 18 15
-3.6034 -3.9897 17.1110 16 8 7
-3.0926 -3.7796 16.2100 9 5 6
-2.7448 -3.7796 16.2100 19 16 13
-2.5302 -3.9897 17.1110 15 12 9
-2.6852 -4.9527 21.2410 16 8 5
-2.4867 -5.5242 23.6920 11 2 5
-1.5587 -4.3523 18.6660 11 12 8
-1.4156 -5.3195 22.8140 24 32 49
-1.4709 -8.4486 36.2340 11 38 78
-1.1789 -14.3626 61.5980 16 44 77
10.1056 -14.3626 61.5980 24 24 18
12.9522 -14.3626 61.5980 36 42 42
12.9764 -13.0571 55.9990 92 100 97
11.1427 -9.5752 41.0660 38 36 43
18.0353 -14.3626 61.5980 35 34 36
17.4706 -11.0482 47.3830 25 26 22
7.0686 -4.2243 18.1170 17 17 11
6.3390 -3.5908 15.4000 24 18 22
6.0631 -3.2643 14.0000 11 1 1
6.8289 -3.5031 15.0240 8 2 4
9.1623 -4.4882 19.2490 10 5 3
11.7854 -5.5242 23.6920 8 4 5
10.9869 -4.9527 21.2410 8 2 4
-3.2865 -1.4701 6.3500 16 1 0
-3.2857 -1.5333 6.6230 11 0 4
-3.2129 -1.5671 6.7690 11 0 6
-2.9698 -1.5171 6.5530 8 2 6
-2.6863 -1.4405 6.2220 9 3 7
-2.4777 -1.3981 6.0390 8 2 6
-2.3952 -1.4261 6.1600 4 3 5
-2.4074 -1.5171 6.5530 7 2 12
-2.3159 -1.5500 6.6950 1 3 11
-2.0708 -1.4701 6.3500 3 12 22
-1.9151 -1.4553 6.2860 13 16 17
-1.8558 -1.5171 6.5530 11 6 14
-2.2709 -2.0086 8.6760 9 0 5
-4.3534 -4.1944 18.1170 25 13 11
-4.0849 -4.3215 18.6660 29 17 15
-3.1175 -3.6566 15.7940 9 4 2
-2.8518 -3.7529 16.2100 17 12 10
-2.5717 -3.8543 16.6480 14 11 8
-2.8254 -4.9177 21.2410 22 14 11
-2.5452 -5.2818 22.8140 12 9 6
-1.8840 -4.7537 20.5330 10 4 8
-1.4435 -4.7537 20.5330 14 10 11
-1.3676 -6.4822 27.9990 24 40 77
-1.2979 -10.9700 47.3830 11 37 66
1.7520 -10.9700 47.3830 19 30 41
8.5909 -11.8842 51.3320 27 28 24
13.2572 -14.2610 61.5980 58 65 57
13.6740 -11.8842 51.3320 103 119 129
16.1187 -12.9647 55.9990 30 30 30
17.3202 -12.9647 55.9990 15 11 12
8.7883 -5.2818 22.8140 33 34 30
6.2627 -3.5654 15.4000 21 17 18
6.2789 -3.3954 14.6660 11 3 2
6.5935 -3.3954 14.6660 8 2 6
8.2902 -4.0747 17.6000 11 3 2
11.6681 -5.4851 23.6920 15 7 6
11.3063 -5.0931 21.9990 10 4 6
-3.3075 -1.4597 6.3500 13 1 1
-3.2726 -1.5063 6.5530 9 0 3
-3.2353 -1.5560 6.7690 12 1 7
-3.0234 -1.5224 6.6230 13 7 11
-2.7451 -1.4449 6.2860 5 1 4
-2.5325 -1.4020 6.0990 10 4 6
-2.4017 -1.4020 6.0990 6 2 7
-2.4399 -1.5063 6.5530 7 2 10
-2.3751 -1.5560 6.7690 3 1 10
-2.1359 -1.4905 6.4840 0 4 16
-1.9161 -1.4302 6.2220 10 10 14
-1.8193 -1.4597 6.3500 12 10 21
-2.1769 -1.8879 8.2130 9 5 8
-3.3346 -3.1466 13.6890 20 10 10
-4.0544 -4.1645 18.1170 39 22 24
-3.1957 -3.6305 15.7940 11 3 2
-2.9321 -3.7261 16.2100 14 8 10
-2.5843 -3.7261 16.2100 16 12 13
-2.7414 -4.5675 19.8700 12 7 5
-2.6581 -5.2442 22.8140 8 3 1
-2.0191 -4.8826 21.2410 9 3 7
-1.5113 -4.7199 20.5330 14 11 8
-1.3384 -5.8998 25.6660 23 36 72
-1.2604 -9.4397 41.0660 17 41 69
0.4477 -14.1593 61.5980 21 41 77
2.4403 -12.8723 55.9990 32 32 32
8.9297 -11.7995 51.3320 32 28 29
11.9385 -10.1139 43.9990 58 55 71
18.0353 -14.1593 61.5980 38 33 29
23.1185 -14.1593 61.5980 69 71 60
6.7891 -3.9332 17.1110 28 36 25
6.4406 -3.5399 15.4000 24 24 24
6.2984 -3.2928 14.3250 10 1 4
7.4750 -3.7261 16.2100 11 1 1
9.9090 -4.7199 20.5330 9 4 2
11.9027 -5.4460 23.6920 8 2 4
11.1271 -4.8826 21.2410 15 5 5
-3.3131 -1.4798 6.4840 13 0 4
-3.2773 -1.5279 6.6950 15 2 6
-3.1682 -1.5448 6.7690 13 0 4
-2.8957 -1.4798 6.4840 11 2 5
-2.5929 -1.3919 6.0990 5 1 4
-2.4379 -1.3782 6.0390 8 2 6
-2.3782 -1.4200 6.2220 9 4 14
-2.4154 -1.5279 6.6950 6 1 9
-2.3080 -1.5448 6.7690 3 2 9
-2.0085 -1.4346 6.2860 8 9 22
-1.8360 -1.4058 6.1600 11 9 16
-1.8126 -1.4955 6.5530 9 4 12
-2.3458 -2.0982 9.1940 9 5 8
-3.7882 -3.6994 16.2100 42 26 23
-3.5333 -3.7993 16.6480 16 6 6
-3.0132 -3.6045 15.7940 15 10 8
-2.6743 -3.6045 15.7940 28 24 27
-2.5302 -3.9050 17.1110 15 10 8
-2.7810 -5.0205 21.9990 13 3 3
-2.5258 -5.4069 23.6920 13 8 6
-1.6392 -4.3929 19.2490 18 14 15
-1.4532 -5.2065 22.8140 41 40 44
-1.3696 -7.3988 32.4200 18 38 74
-1.0671 -11.7148 51.3320 19 43 73
1.5956 -10.8136 47.3830 31 47 68
8.4214 -11.7148 51.3320 29 30 26
14.6400 -12.7799 55.9990 204 203 210
12.4468 -10.0413 43.9990 29 32 33
17.0429 -12.7799 55.9990 24 16 15
11.7626 -7.0288 30.7990 33 29 30
6.2119 -3.5145 15.4000 17 16 16
6.5423 -3.5145 15.4000 12 7 5
6.5451 -3.3470 14.6660 9 0 3
7.7869 -3.7993 16.6480 11 3 2
10.3909 -4.8475 21.2410 11 8 5
11.6499 -5.2065 22.8140 8 2 4
-3.3631 -1.4536 6.4160 18 6 6
-3.3295 -1.5005 6.6230 12 3 6
-3.2937 -1.5506 6.8440 13 2 8
-3.1124 -1.5336 6.7690 10 1 6
-2.7940 -1.4387 6.3500 7 1 5
-2.5527 -1.3818 6.0990 8 2 4
-2.3980 -1.3682 6.0390 6 2 7
-2.4100 -1.4536 6.4160 7 2 10
-2.4240 -1.5506 6.8440 8 4 9
-2.1803 -1.4847 6.5530 2 0 14
-1.9367 -1.4097 6.2220 8 10 18
-1.8032 -1.4097 6.2220 6 3 17
-1.8785 -1.5860 7.0000 8 3 11
-2.8163 -2.5844 11.4070 11 2 9
-3.9968 -3.9876 17.6000 35 18 18
-3.3334 -3.6726 16.2100 12 4 3
-2.9089 -3.5784 15.7940 17 12 10
-2.5701 -3.5784 15.7940 21 15 17
-2.6369 -4.2291 18.6660 12 3 6
-2.7334 -5.1689 22.8140 8 3 1
-2.1638 -4.9842 21.9990 15 6 9
-1.4803 -4.3612 19.2490 10 4 6
-1.3662 -5.5824 24.6390 25 42 74
-1.3087 -8.7226 38.4990 19 41 67
-0.7722 -13.9560 61.5980 13 37 67
0.3731 -11.6301 51.3320 19 39 73
1.5174 -10.7354 47.3830 17 34 64
8.3367 -11.6301 51.3320 24 24 24
14.6400 -12.6875 55.9990 222 220 229
13.4041 -10.7354 47.3830 30 33 36
18.7470 -13.9560 61.5980 17 11 13
8.8259 -5.1689 22.8140 46 46 40
6.7977 -3.7719 16.6480 44 41 36
6.9667 -3.6726 16.2100 12 4 3
6.9490 -3.4891 15.4000 9 3 5
8.0599 -3.8768 17.1110 9 4 2
11.2357 -5.1689 22.8140 12 2 0
11.7252 -5.1689 22.8140 10 1 4
-3.3419 -1.4431 6.4160 13 1 1
-3.3436 -1.5058 6.6950 11 0 4
-3.3079 -1.5566 6.9210 15 4 10
-3.0563 -1.5058 6.6950 13 2 8
-2.7347 -1.4138 6.2860 11 2 5
-2.5225 -1.3718 6.0990 7 1 3
-2.3916 -1.3718 6.0990 6 2 5
-2.4550 -1.4896 6.6230 6 1 9
-2.4284 -1.5566 6.9210 5 1 6
-2.1359 -1.4584 6.4840 1 2 15
-1.8970 -1.3855 6.1600 4 6 16
-1.7474 -1.3718 6.0990 7 4 18
-1.8766 -1.5924 7.0800 13 9 14
-2.6325 -2.4307 10.8070 13 6 15
-3.8010 -3.8485 17.1110 40 24 29
-3.1696 -3.5523 15.7940 8 3 1
-2.9053 -3.6459 16.2100 12 3 6
-2.4919 -3.5523 15.7940 21 18 15
-2.7414 -4.4691 19.8700 11 2 5
-2.6581 -5.1312 22.8140 10 5 3
-1.9518 -4.6182 20.5330 8 2 6
-1.5113 -4.6182 20.5330 12 8 9
-1.2355 -5.3287 23.6920 22 39 71
-1.1121 -8.1496 36.2340 13 37 65
-0.5172 -12.5951 55.9990 24 43 72
0.6843 -12.5951 55.9990 26 42 77
1.5956 -10.6572 47.3830 18 33 57
8.4214 -11.5454 51.3320 22 22 22
16.4087 -13.8544 61.5980 193 195 201
16.0263 -12.5951 55.9990 32 40 37
18.9503 -13.8544 61.5980 19 15 16
7.5738 -4.3294 19.2490 45 55 43
7.0997 -3.8485 17.1110 31 35 14
6.7202 -3.4637 15.4000 12 3 6
7.0506 -3.4637 15.4000 14 6 5
8.9464 -4.1983 18.6660 6 1 0
11.0159 -4.9479 21.9990 11 8 5
11.4879 -4.9479 21.9990 15 2 8
-3.3238 -1.4477 6.4840 14 2 2
-3.3358 -1.5113 6.7690 12 3 6
-3.2259 -1.5280 6.8440 11 0 4
-2.9482 -1.4631 6.5530 9 0 3
-2.6932 -1.4034 6.2860 9 0 5
-2.4578 -1.3483 6.0390 10 4 8
-2.3749 -1.3753 6.1600 5 1 6
-2.4113 -1.4787 6.6230 6 2 7
-2.3449 -1.5280 6.8440 3 2 6
-2.0188 -1.4034 6.2860 3 5 15
-1.8279 -1.3617 6.0990 9 11 19
-1.6971 -1.3617 6.0990 12 10 21
-1.8298 -1.5807 7.0800 10 9 13
-2.9198 -2.7506 12.3200 20 9 15
-3.5883 -3.7169 16.6480 29 22 16
-3.1461 -3.6191 16.2100 12 6 8
-2.7265 -3.5263 15.7940 19 14 12
-2.5167 -3.7169 16.6480 18 10 9
-2.8536 -4.9116 21.9990 16 6 4
-2.4699 -5.0936 22.8140 14 5 8
-1.6709 -4.2976 19.2490 14 8 10
-1.4376 -4.9116 21.9990 24 18 22
-1.2752 -6.2512 27.9990 18 39 70
-1.0599 -9.8235 43.9990 13 42 70
-0.1352 -11.4607 51.3320 18 37 68
1.1593 -13.7527 61.5980 20 38 74
2.5826 -13.7527 61.5980 21 26 35
9.8340 -12.5027 55.9990 36 30 32
13.1695 -10.5790 47.3830 33 32 41
18.4420 -13.7527 61.5980 23 19 24
11.2995 -6.5491 29.3330 60 60 62
7.3676 -4.0449 18.1170 50 53 37
7.3256 -3.8203 17.1110 11 3 2
7.0746 -3.5263 15.7940 11 2 5
7.6087 -3.6191 16.2100 14 9 7
9.4482 -4.2976 19.2490 12 7 5
11.6875 -5.0936 22.8140 10 1 4
-3.3880 -1.4370 6.4840 13 1 1
-3.3917 -1.5001 6.7690 9 0 3
-3.3194 -1.5338 6.9210 11 0 6
-3.0673 -1.4837 6.6950 12 1 5
-2.8018 -1.4219 6.4160 9 0 5
-2.5836 -1.3789 6.2220 9 3 7
-2.3880 -1.3383 6.0390 7 1 5
-2.4249 -1.4370 6.4840 9 3 9
-2.4127 -1.5167 6.8440 9 5 10
-2.1466 -1.4370 6.4840 3 2 13
-1.9264 -1.3789 6.2220 5 3 17
-1.7402 -1.3383 6.0390 7 1 16
-1.7477 -1.4522 6.5530 8 7 14
-2.2217 -2.0076 9.0590 12 5 14
-3.7257 -3.6895 16.6480 33 18 19
-3.2799 -3.5924 16.2100 14 6 5
-2.9321 -3.5924 16.2100 15 7 6
-2.6110 -3.5924 16.2100 19 11 10
-2.6875 -4.2659 19.2490 15 10 8
-2.5995 -4.8753 21.9990 12 7 5
-1.9216 -4.4035 19.8700 13 7 11
-1.5452 -4.5504 20.5330 14 10 11
-1.2273 -5.0559 22.8140 25 39 72
-1.1068 -7.5839 34.2210 27 53 80
-0.5588 -11.3760 51.3320 16 40 70
0.5425 -11.3760 51.3320 23 42 73
1.8858 -12.4102 55.9990 23 38 62
4.3109 -13.6511 61.5980 10 4 6
9.6492 -12.4102 55.9990 40 35 33
14.2671 -11.3760 51.3320 32 34 44
19.4349 -11.3760 51.3320 150 150 144
7.7009 -4.2659 19.2490 20 20 22
7.8682 -4.1367 18.6660 16 13 10
7.1807 -3.5924 16.2100 10 0 3
7.5285 -3.5924 16.2100 12 4 3
9.0696 -4.1367 18.6660 9 5 6
11.5746 -5.0559 22.8140 8 2 4
10.8579 -4.5504 20.5330 14 2 2
-3.4364 -1.4889 6.7690 12 2 2
-3.4035 -1.5398 7.0000 12 3 8
-3.1459 -1.4889 6.7690 7 1 5
-2.9049 -1.4414 6.5530 6 0 2
-2.6517 -1.3827 6.2860 6 0 2
-2.4179 -1.3284 6.0390 8 2 8
-2.4062 -1.3968 6.3500 7 1 7
-2.4197 -1.4889 6.7690 5 1 6
-2.2496 -1.4727 6.6950 3 1 8
-1.9773 -1.3827 6.2860 3 2 11
-1.7800 -1.3284 6.0390 6 5 14
-1.6669 -1.3416 6.0990 10 8 15
-1.8919 -1.6524 7.5120 11 10 14
-3.0852 -2.9456 13.3910 31 20 15
-3.3869 -3.5656 16.2100 15 7 6
-3.0391 -3.5656 16.2100 12 4 3
-2.6222 -3.4741 15.7940 16 12 13
-2.6192 -3.9851 18.1170 14 6 5
-2.6151 -4.6723 21.2410 16 6 6
-2.0200 -4.3707 19.8700 12 6 10
-1.5438 -4.2341 19.2490 18 8 6
-1.3287 -4.8390 21.9990 34 32 46
-1.1423 -6.4522 29.3330 0 23 54
-0.8286 -10.4226 47.3830 24 47 82
0.1746 -9.6783 43.9990 15 34 65
1.5161 -12.3178 55.9990 23 40 70
4.1076 -13.5494 61.5980 12 6 8
10.6140 -13.5494 61.5980 42 39 36
18.3403 -13.5494 61.5980 28 27 29
12.4886 -7.1313 32.4200 71 71 75
7.8280 -4.2341 19.2490 45 49 28
7.7264 -3.9851 18.1170 6 0 2
7.2609 -3.5656 16.2100 14 8 10
7.4135 -3.4741 15.7940 12 7 5
9.1620 -4.1059 18.6660 9 6 3
11.2700 -4.8390 21.9990 11 2 5
-3.3880 -1.4156 6.4840 13 1 0
-3.4293 -1.4941 6.8440 9 0 3
-3.3194 -1.5110 6.9210 10 1 4
-3.0673 -1.4616 6.6950 11 1 1
-2.8315 -1.4156 6.4840 9 3 7
-2.6206 -1.3723 6.2860 8 2 4
-2.3880 -1.3184 6.0390 9 0 3
-2.3994 -1.4007 6.4160 12 6 10
-2.3601 -1.4616 6.6950 8 4 9
-2.1695 -1.4306 6.5530 2 1 10
-1.9462 -1.3723 6.2860 3 1 10
-1.7232 -1.3055 5.9800 11 6 18
-1.6936 -1.3863 6.3500 9 8 19
-1.9620 -1.7465 8.0000 11 6 14
-3.5345 -3.4481 15.7940 38 24 20
-3.3685 -3.6345 16.6480 14 5 8
-3.0388 -3.6345 16.6480 21 13 12
-2.6110 -3.5389 16.2100 21 16 12
-2.6875 -4.2023 19.2490 10 5 3
-2.5099 -4.6372 21.2410 12 6 8
-1.8615 -4.2023 19.2490 9 3 5
-1.5452 -4.4827 20.5330 19 16 13
-1.2273 -4.9806 22.8140 24 38 71
-0.9961 -6.7239 30.7990 8 33 65
-0.5158 -10.3444 47.3830 15 41 70
0.5425 -11.2065 51.3320 19 39 73
1.8858 -12.2254 55.9990 23 39 60
4.4125 -13.4478 61.5980 12 6 8
10.7156 -13.4478 61.5980 51 48 45
17.2220 -13.4478 61.5980 33 32 41
9.0142 -4.9806 22.8140 50 64 55
9.1642 -4.8027 21.9990 30 30 24
7.7093 -3.8423 17.6000 12 4 3
7.4482 -3.5389 16.2100 8 3 1
8.2293 -3.7356 17.1110 6 2 3
10.6714 -4.6372 21.2410 7 7 3
10.4089 -4.3379 19.8700 13 2 8
-3.4320 -1.4506 6.6950 9 0 3
-3.4774 -1.5340 7.0800 10 1 4
-3.1794 -1.4666 6.7690 11 2 5
-2.9374 -1.4198 6.5530 15 7 6
-2.7673 -1.4049 6.4840 9 3 5
-2.4721 -1.3214 6.0990 8 4 9
-2.3647 -1.3347 6.1600 7 6 10
-2.3750 -1.4198 6.5530 7 3 6
-2.3080 -1.4666 6.7690 4 3 7
-2.0500 -1.3901 6.4160 2 1 10
-1.8462 -1.3347 6.1600 6 5 14
-1.6640 -1.2957 5.9800 10 9 18
-1.7575 -1.4829 6.8440 10 9 16
-2.5434 -2.3415 10.8070 19 9 19
-3.5608 -3.6070 16.6480 25 15 15
-3.2036 -3.6070 16.6480 12 7 5
-2.7715 -3.5121 16.2100 19 19 15
-2.6316 -3.8133 17.6000 19 11 10
-2.6296 -4.4488 20.5330 24 12 10
-2.1184 -4.3051 19.8700 12 7 5
-1.5895 -4.0443 18.6660 19 11 10
-1.3881 -4.6022 21.2410 47 38 43
-1.1266 -5.5609 25.6660 32 55 90
-0.8639 -8.3414 38.4990 10 40 74
-0.0433 -9.5330 43.9990 16 33 65
1.2610 -13.3461 61.5980 20 43 78
3.8266 -12.1330 55.9990 13 9 12
10.7156 -13.3461 61.5980 49 46 41
23.4234 -13.3461 61.5980 98 97 99
9.1648 -4.9430 22.8140 53 57 50
8.9886 -4.6022 21.2410 12 8 9
8.0254 -3.9253 18.1170 14 6 5
7.3353 -3.4220 15.7940 14 9 5
8.3141 -3.7074 17.1110 4 3 3
10.7765 -4.6022 21.2410 7 3 4
9.8706 -4.0443 18.6660 11 1 1
-3.5021 -1.4881 6.9210 12 2 2
-3.4307 -1.5223 7.0800 6 0 4
-3.1347 -1.4554 6.7690 9 0 5
-2.8941 -1.4090 6.5530 7 3 6
-2.6413 -1.3516 6.2860 6 0 2
-2.4080 -1.2985 6.0390 7 1 5
-2.4062 -1.3653 6.3500 8 2 8
-2.3425 -1.4090 6.5530 5 4 6
-2.2255 -1.4240 6.6230 3 3 7
-1.9975 -1.3653 6.3500 2 1 8
-1.7701 -1.2985 6.0390 12 7 17
-1.6734 -1.3245 6.1600 6 5 14
-1.7922 -1.5401 7.1630 10 8 15
-3.1312 -2.9433 13.6890 36 27 22
-3.4509 -3.5796 16.6480 12 7 5
-3.0937 -3.5796 16.6480 15 7 6
-2.7640 -3.5796 16.6480 19 19 15
-2.6986 -4.0135 18.6660 16 8 7
-2.4463 -4.2723 19.8700 15 5 3
-1.8976 -4.0135 18.6660 10 4 6
-1.5438 -4.1388 19.2490 22 12 10
-1.2924 -4.7301 21.9990 22 32 58
-1.0939 -6.3070 29.3330 22 47 81
-0.6504 -8.8298 41.0660 10 36 65
0.2472 -9.4604 43.9990 13 31 67
4.2092 -13.2445 61.5980 15 11 14
15.3793 -12.0406 55.9990 34 37 54
10.4936 -5.7585 26.7820 49 67 65
9.7912 -5.0941 23.6920 19 17 9
8.6380 -4.2723 19.8700 13 8 6
7.3947 -3.4854 16.2100 8 3 1
7.7425 -3.4854 16.2100 9 1 0
9.3161 -4.0135 18.6660 4 3 3
10.3433 -4.2723 19.8700 16 10 12
-3.4430 -1.4285 6.6950 7 1 5
-3.5300 -1.5283 7.1630 14 5 10
-3.2259 -1.4603 6.8440 11 2 5
-2.9906 -1.4131 6.6230 10 0 0
-2.8184 -1.3982 6.5530 6 2 5
-2.5172 -1.3143 6.1600 5 1 6
-2.3850 -1.3143 6.1600 6 5 5
-2.3465 -1.3689 6.4160 7 1 5
-2.2560 -1.3982 6.5530 6 5 9
-2.0931 -1.3835 6.4840 3 2 11
-1.8751 -1.3276 6.2220 4 3 7
-1.6903 -1.2885 6.0390 10 12 20
-1.7117 -1.4131 6.6230 9 8 15
-2.4330 -2.1904 10.2660 13 8 18
-3.7163 -3.6509 17.1110 35 24 17
-3.4449 -3.7552 17.6000 12 6 8
-2.9014 -3.5521 16.6480 18 15 12
-2.6897 -3.7552 17.6000 17 12 10
-2.6974 -4.3810 20.5330 21 13 10
-2.1157 -4.1070 19.2490 10 4 6
-1.6511 -3.9827 18.6660 13 8 6
-1.3757 -4.3810 20.5330 33 22 28
-1.1690 -5.4762 25.6660 16 39 72
-0.7810 -6.9173 32.4200 8 36 71
-0.1650 -8.2143 38.4990 18 35 67
1.0577 -13.1428 61.5980 7 27 63
16.0021 -13.1428 61.5980 254 254 254
17.3237 -13.1428 61.5980 42 37 35
10.2681 -5.4762 25.6660 52 56 51
9.9867 -5.0550 23.6920 7 4 1
8.5269 -4.1070 19.2490 15 10 6
7.5285 -3.4586 16.2100 9 1 0
8.0891 -3.5521 16.6480 5 4 4
10.4173 -4.3810 20.5330 7 3 4
9.5803 -3.8655 18.1170 16 8 7
-3.4744 -1.4490 6.8440 12 2 2
-3.4423 -1.4989 7.0800 7 1 5
-3.1808 -1.4490 6.8440 10 1 6
-2.9679 -1.4174 6.6950 7 3 4
-2.7352 -1.3728 6.4840 7 1 3
-2.4664 -1.3042 6.1600 7 3 8
-2.4062 -1.3444 6.3500 8 4 7
-2.2936 -1.3584 6.4160 6 2 5
-2.2255 -1.4022 6.6230 3 3 5
-2.0182 -1.3584 6.4160 3 2 6
-1.7977 -1.2912 6.0990 7 2 10
-1.6669 -1.2912 6.0990 12 11 22
-1.7831 -1.4989 7.0800 4 6 14
-2.7827 -2.5571 12.0780 28 20 17
-3.5751 -3.6226 17.1110 16 6 4
-3.2080 -3.6226 17.1110 14 8 10
-2.7640 -3.5246 16.6480 19 18 18
-2.7828 -4.0753 19.2490 21 14 8
-2.3698 -4.0753 19.2490 18 8 6
-1.8418 -3.8356 18.1170 10 4 6
-1.5438 -4.0753 19.2490 24 14 12
-1.2402 -4.3471 20.5330 34 35 50
-1.0904 -5.9278 27.9990 18 46 79
-0.5386 -6.5206 30.7990 19 42 79
0.1629 -8.6942 41.0660 13 26 64
3.9042 -13.0412 61.5980 7 6 8
15.5642 -11.8558 55.9990 40 39 43
12.2200 -6.5206 30.7990 59 59 61
10.3046 -5.2164 24.6390 5 5 1
8.4634 -4.0753 19.2490 18 8 8
7.4750 -3.4319 16.2100 9 4 2
7.7960 -3.4319 16.2100 8 5 2
9.6706 -4.0753 19.2490 10 5 3
9.4906 -3.8356 18.1170 12 6 8
-3.4587 -1.4219 6.7690 7 2 0
-3.4657 -1.4873 7.0800 7 1 3
-3.2034 -1.4377 6.8440 10 1 4
-2.9900 -1.4064 6.6950 6 0 2
-2.7566 -1.3621 6.4840 6 0 2
-2.5117 -1.3070 6.2220 5 1 6
-2.3782 -1.3070 6.2220 6 5 7
-2.2909 -1.3339 6.3500 6 2 5
-2.2344 -1.3765 6.5530 6 2 5
-2.0938 -1.3765 6.5530 2 1 8
-1.8360 -1.2940 6.1600 5 3 10
-1.6704 -1.2686 6.0390 9 8 19
-1.7271 -1.4219 6.7690 8 10 16
-2.5255 -2.2702 10.8070 14 13 15
-3.7354 -3.6971 17.6000 22 8 2
-3.3578 -3.6971 17.6000 10 4 6
-2.8974 -3.5944 17.1110 19 16 13
-2.8464 -4.0435 19.2490 23 16 10
-2.4651 -4.0435 19.2490 18 6 4
-1.8764 -3.6971 17.6000 9 5 6
-1.5428 -3.8057 18.1170 18 8 6
-1.3080 -4.3132 20.5330 33 22 28
-1.0842 -5.3915 25.6660 11 34 67
-0.6403 -6.4698 30.7990 19 44 78
0.0274 -8.6265 41.0660 4 12 42
16.0021 -12.9395 61.5980 247 253 255
13.3259 -9.9535 47.3830 41 38 35
12.2709 -6.4698 30.7990 66 66 68
10.3453 -5.1758 24.6390 6 6 2
9.0279 -4.3132 20.5330 17 9 8
7.8905 -3.5944 17.1110 12 4 3
7.8228 -3.4051 16.2100 9 6 3
9.7024 -4.0435 19.2490 8 3 1
9.5205 -3.8057 18.1170 10 5 3
-3.4099 -1.3953 6.6950 8 3 1
-3.4150 -1.4589 7.0000 8 4 7
-3.1921 -1.4264 6.8440 11 2 5
-2.9789 -1.3953 6.6950 5 1 4
-2.7751 -1.3657 6.5530 7 1 5
-2.5376 -1.3101 6.2860 9 5 10
-2.4027 -1.3101 6.2860 6 2 5
-2.2909 -1.3234 6.3500 6 2 5
-2.2473 -1.3803 6.6230 5 1 4
-2.0830 -1.3657 6.5530 2 1 5
-1.8259 -1.2838 6.1600 5 4 8
-1.6937 -1.2838 6.1600 10 8 19
-1.7745 -1.4589 7.0000 7 12 19
-2.7488 -2.4689 11.8460 18 17 19
-3.8152 -3.7758 18.1170 13 3 1
-3.4564 -3.7758 18.1170 12 7 5
-2.8974 -3.5662 17.1110 14 10 11
-2.8464 -4.0118 19.2490 24 17 11
-2.4334 -4.0118 19.2490 17 5 5
-1.8473 -3.6681 17.6000 10 4 6
-1.5587 -3.8902 18.6660 24 16 13
-1.2329 -4.1412 19.8700 28 29 44
-1.1366 -5.8354 27.9990 13 36 71
-0.5614 -6.1134 29.3330 26 49 84
0.0892 -8.0237 38.4990 1 7 38
14.6400 -11.6709 55.9990 92 114 154
10.8274 -8.0237 38.4990 37 38 34
12.9702 -6.7568 32.4200 64 72 71
10.8188 -5.3491 25.6660 5 4 4
9.0957 -4.2794 20.5330 6 1 0
7.7319 -3.4697 16.6480 15 5 3
8.0891 -3.4697 16.6480 12 4 3
9.7659 -4.0118 19.2490 6 0 2
9.3069 -3.6681 17.6000 8 3 1
-3.4252 -1.3996 6.7690 9 1 0
-3.3919 -1.4473 7.0000 7 1 7
-3.1808 -1.4151 6.8440 13 2 6
-2.9679 -1.3843 6.6950 7 1 5
-2.7352 -1.3407 6.4840 8 2 6
-2.5424 -1.3129 6.3500 7 1 5
-2.4312 -1.3266 6.4160 7 1 5
-2.2700 -1.3129 6.3500 3 2 4
-2.2255 -1.3694 6.6230 5 1 4
-2.0613 -1.3549 6.5530 3 2 6
-1.7877 -1.2610 6.0990 7 1 7
-1.6902 -1.2865 6.2220 6 3 17
-1.7922 -1.4810 7.1630 11 13 21
-2.7292 -2.4493 11.8460 22 19 14
-3.7853 -3.7459 18.1170 13 3 3
-3.2997 -3.6390 17.6000 8 5 2
-2.8409 -3.5379 17.1110 12 8 11
-2.7828 -3.9800 19.2490 16 6 4
-2.2305 -3.7459 18.1170 11 3 2
-1.7395 -3.5379 17.1110 15 6 9
-1.5438 -3.9800 19.2490 15 10 6
-1.2063 -4.2455 20.5330 21 36 64
-1.0442 -5.7892 27.9990 17 40 77
-0.4897 -5.7892 27.9990 12 37 71
0.1527 -7.9602 38.4990 0 8 38
14.7324 -11.5785 55.9990 58 66 104
21.4792 -11.5785 55.9990 104 112 131
12.4742 -6.3681 30.7990 43 46 45
10.5079 -5.0944 24.6390 6 2 3
8.9004 -4.1084 19.8700 8 5 2
7.8143 -3.4422 16.6480 11 0 4
8.3988 -3.5379 17.1110 12 4 3
9.8612 -3.9800 19.2490 13 10 7
-3.3525 -1.3160 6.4160 9 0 3
-3.3657 -1.3732 6.6950 9 1 0
-3.3688 -1.4358 7.0000 10 1 4
-3.1469 -1.4038 6.8440 7 1 3
-2.9347 -1.3732 6.6950 9 0 5
-2.7031 -1.3300 6.4840 7 1 3
-2.5110 -1.3025 6.3500 6 0 2
-2.3994 -1.3160 6.4160 8 2 6
-2.2385 -1.3025 6.3500 6 2 5
-2.2165 -1.3732 6.6950 5 1 6
-1.9865 -1.3160 6.4160 7 1 7
-1.7501 -1.2387 6.0390 7 2 10
-1.7400 -1.3300 6.4840 7 5 16
-1.8547 -1.5408 7.5120 5 4 13
-3.3063 -3.0082 14.6660 36 32 21
-3.8076 -3.8286 18.6660 8 3 1
-3.3069 -3.7160 18.1170 18 10 9
-2.8349 -3.6100 17.6000 12 8 9
-2.8668 -4.2116 20.5330 15 7 6
-2.0797 -3.6100 17.6000 12 7 5
-1.7021 -3.6100 17.6000 10 4 6
-1.5452 -4.2116 20.5330 17 12 10
-1.1778 -4.3568 21.2410 34 54 88
-0.9518 -5.7430 27.9990 21 44 81
-0.3677 -6.0166 29.3330 0 15 43
0.3924 -9.0248 43.9990 16 26 52
11.0071 -8.4232 41.0660 34 36 60
23.6268 -12.6346 61.5980 62 65 95
13.8602 -7.0192 34.2210 31 34 33
10.9459 -5.2644 25.6660 13 10 7
9.1974 -4.2116 20.5330 9 6 3
8.0317 -3.5097 17.1110 13 3 3
8.6098 -3.6100 17.6000 16 6 6
9.8294 -3.9482 19.2490 11 8 5
-3.3631 -1.3054 6.4160 7 1 5
-3.2943 -1.3333 6.5530 9 0 3
-3.3688 -1.4242 7.0000 10 1 4
-3.1469 -1.3925 6.8440 7 1 3
-2.9347 -1.3622 6.6950 7 1 5
-2.7319 -1.3333 6.5530 7 1 3
-2.5640 -1.3193 6.4840 6 0 4
-2.3994 -1.3054 6.4160 8 2 6
-2.2618 -1.3054 6.4160 7 3 6
-2.2522 -1.3772 6.7690 5 1 4
-2.0397 -1.3333 6.5530 6 2 5
-1.7675 -1.2409 6.0990 8 3 11
-1.7773 -1.3475 6.6230 5 3 14
-1.8547 -1.5284 7.5120 4 3 14
-3.3063 -2.9840 14.6660 35 31 20
-3.8076 -3.7978 18.6660 8 3 1
-3.4071 -3.7978 18.6660 20 10 8
-2.9182 -3.6861 18.1170 12 8 9
-2.7742 -4.0428 19.8700 15 7 6
-2.0501 -3.4815 17.1110 9 3 5
-1.6830 -3.4815 17.1110 9 3 5
-1.5791 -4.1777 20.5330 13 8 6
-1.1778 -4.3218 21.2410 25 46 77
-0.9518 -5.6968 27.9990 3 26 63
-0.3510 -5.6968 27.9990 0 6 34
0.3924 -8.9522 43.9990 10 20 46
10.3191 -7.8331 38.4990 41 43 67
18.5654 -9.6407 47.3830 44 66 69
14.1426 -6.9627 34.2210 11 14 13
10.7112 -5.0131 24.6390 9 6 3
9.0315 -4.0428 19.8700 8 5 2
8.1446 -3.4815 17.1110 11 3 2
9.0122 -3.6861 18.1170 5 2 0
9.9883 -3.9165 19.2490 13 2 6
-3.3101 -1.2948 6.4160 9 0 3
-3.3470 -1.3661 6.7690 9 1 0
-3.3110 -1.4127 7.0000 9 0 3
-3.0231 -1.3511 6.6950 9 1 0
-2.8485 -1.3366 6.6230 6 0 2
-2.6778 -1.3225 6.5530 5 1 6
-2.5212 -1.3086 6.4840 5 4 4
-2.3571 -1.2948 6.4160 5 1 4
-2.2430 -1.3086 6.4840 5 1 2
-2.1723 -1.3511 6.6950 2 1 3
-1.9047 -1.2686 6.2860 6 5 7
-1.7344 -1.2432 6.1600 6 4 13
-1.8415 -1.4288 7.0800 6 8 16
-2.1304 -1.8016 8.9270 5 3 19
-4.0540 -3.7670 18.6660 32 25 15
-3.7677 -3.8847 19.2490 8 4 7
-3.0673 -3.5519 17.6000 31 26 24
-2.8834 -3.7670 18.6660 19 13 15
-2.4829 -3.7670 18.6660 16 13 10
-1.8573 -3.3598 16.6480 9 3 5
-1.5859 -3.5519 17.6000 14 6 5
-1.3641 -4.0100 19.8700 27 12 13
-1.1629 -4.9725 24.6390 18 50 82
-0.6894 -5.4049 26.7820 0 5 38
-0.1389 -6.5428 32.4200 0 3 22
0.8814 -10.3594 51.3320 23 42 71
7.3995 -5.4049 26.7820 23 21 37
20.0280 -10.3594 51.3320 10 21 30
14.9147 -7.3125 36.2340 8 10 18
10.6706 -4.9725 24.6390 11 8 5
9.0315 -4.0100 19.8700 7 4 1
8.1446 -3.4532 17.1110 15 7 6
9.0122 -3.6562 18.1170 12 4 3
9.9883 -3.8847 19.2490 15 4 8
-3.2761 -1.2710 6.3500 9 0 5
-3.3104 -1.3401 6.6950 10 5 3
-3.3110 -1.4011 7.0000 10 1 4
-3.0231 -1.3401 6.6950 9 1 0
-2.8594 -1.3257 6.6230 6 0 2
-2.6886 -1.3117 6.5530 7 1 5
-2.5752 -1.3257 6.6230 4 3 3
-2.3571 -1.2842 6.4160 7 3 6
-2.2430 -1.2979 6.4840 5 1 2
-2.1963 -1.3549 6.7690 2 1 3
-1.9047 -1.2582 6.2860 7 6 8
-1.7518 -1.2454 6.2220 5 3 10
-1.8631 -1.4338 7.1630 4 6 14
-2.1001 -1.7614 8.8000 9 10 23
-4.0849 -3.7362 18.6660 35 28 18
-3.7994 -3.8529 19.2490 8 4 7
-3.1873 -3.6263 18.1170 20 15 13
-2.8834 -3.7362 18.6660 17 11 13
-2.4829 -3.7362 18.6660 15 10 8
-1.8573 -3.3323 16.6480 10 4 6
-1.6325 -3.6263 18.1170 15 7 6
-1.3641 -3.9772 19.8700 24 9 10
-1.2113 -5.1374 25.6660 23 53 85
-0.6894 -5.3607 26.7820 0 8 34
-0.1389 -6.4893 32.4200 3 3 21
0.7354 -9.4843 47.3830 22 40 67
8.3569 -6.1648 30.7990 36 37 52
10.0196 -6.8498 34.2210 38 33 29
18.8782 -9.4843 47.3830 24 26 36
12.3161 -5.8714 29.3330 3 2 2
10.4560 -4.7422 23.6920 9 9 5
9.1955 -3.9772 19.8700 18 6 4
8.7730 -3.6263 18.1170 10 2 1
9.7341 -3.8529 19.2490 11 1 1
9.5504 -3.6263 18.1170 18 6 4
-3.2678 -1.2737 6.4160 7 1 5
-3.3389 -1.3586 6.8440 9 5 8
-3.2280 -1.3739 6.9210 9 0 5
-2.9469 -1.3147 6.6230 7 1 7
-2.8048 -1.3147 6.6230 3 2 6
-2.6916 -1.3290 6.6950 8 2 6
-2.5480 -1.3290 6.6950 3 2 4
-2.3041 -1.2737 6.4160 2 1 3
-2.2607 -1.3290 6.6950 6 2 5
-2.0943 -1.3147 6.6230 7 1 3
-1.8529 -1.2478 6.2860 6 2 5
-1.8210 -1.3147 6.6230 3 1 8
-1.8812 -1.4732 7.4210 6 13 21
-2.6968 -2.3071 11.6220 14 5 8
-4.0536 -3.8212 19.2490 16 11 7
-3.5303 -3.7054 18.6660 10 5 3
-2.9511 -3.4938 17.6000 20 17 14
-2.8146 -3.8212 19.2490 17 9 8
-2.1959 -3.4938 17.6000 15 7 6
-1.7199 -3.3048 16.6480 10 4 6
-1.6264 -3.9444 19.8700 19 9 9
-1.2741 -4.0760 20.5330 28 23 35
-1.1907 -5.8230 29.3330 13 39 68
-0.5126 -5.3165 26.7820 0 6 25
0.0892 -7.6425 38.4990 6 7 20
1.4643 -12.2279 61.5980 17 40 75
6.5458 -4.7031 23.6920 27 29 39
13.1004 -8.7343 43.9990 41 38 35
17.7478 -8.7343 43.9990 44 44 44
11.8947 -5.5581 27.9990 5 2 0
10.5733 -4.7031 23.6920 6 6 2
8.9717 -3.8212 19.2490 15 5 5
8.8328 -3.5964 18.1170 12 2 0
9.7977 -3.8212 19.2490 9 4 2
9.6102 -3.5964 18.1170 9 1 0
-3.2703 -1.2765 6.4840 11 3 2
-3.3422 -1.3625 6.9210 7 1 5
-3.1236 -1.3326 6.7690 10 0 0
-2.9141 -1.3038 6.6230 9 3 7
-2.7720 -1.3038 6.6230 6 0 4
-2.6585 -1.3180 6.6950 7 1 3
-2.4615 -1.2900 6.5530 5 1 4
-2.2830 -1.2631 6.4160 3 2 4
-2.2633 -1.3326 6.7690 5 1 4
-2.0505 -1.2900 6.5530 5 1 4
-1.8135 -1.2249 6.2220 6 2 7
-1.8479 -1.3473 6.8440 3 1 10
-1.8671 -1.4788 7.5120 0 5 14
-3.2531 -2.8200 14.3250 23 19 12
-3.9583 -3.7894 19.2490 8 3 1
-3.4379 -3.6746 18.6660 19 11 8
-2.8640 -3.4648 17.6000 22 17 15
-2.7511 -3.7894 19.2490 19 9 9
-2.0784 -3.3685 17.1110 15 10 6
-1.7602 -3.4648 17.6000 13 7 9
-1.6129 -4.0422 20.5330 14 6 5
-1.2561 -4.3308 21.9990 28 37 58
-1.0455 -5.7745 29.3330 0 11 36
-0.3800 -5.2724 26.7820 0 5 25
0.3198 -8.6617 43.9990 19 24 44
13.2504 -10.1053 51.3320 49 64 77
5.3818 -3.7894 19.2490 27 32 41
15.4531 -10.1053 51.3320 21 20 22
16.6325 -8.0843 41.0660 11 10 12
11.9409 -5.5119 27.9990 7 1 3
10.6124 -4.6640 23.6920 5 5 1
9.3267 -3.9116 19.8700 12 2 2
9.4482 -3.7894 19.2490 13 1 0
9.8612 -3.7894 19.2490 9 4 2
-3.2845 -1.2271 6.2860 9 0 3
-3.2835 -1.2792 6.5530 7 1 3
-3.3194 -1.3511 6.9210 7 1 3
-3.1012 -1.3214 6.7690 11 1 1
-2.8725 -1.2792 6.5530 7 1 5
-2.7611 -1.2929 6.6230 7 1 5
-2.6767 -1.3214 6.7690 6 0 2
-2.4769 -1.2929 6.6230 5 1 2
-2.2858 -1.2658 6.4840 6 2 5
-2.2658 -1.3360 6.8440 6 2 5
-2.0289 -1.2792 6.5530 5 1 4
-1.8298 -1.2396 6.3500 4 3 7
-1.9104 -1.3983 7.1630 5 3 12
-1.8423 -1.4664 7.5120 9 11 21
-3.6276 -3.1644 16.2100 25 27 16
-3.9265 -3.7576 19.2490 7 2 0
-3.4071 -3.6438 18.6660 18 10 7
-2.8349 -3.4357 17.6000 29 24 22
-2.7742 -3.8789 19.8700 12 6 8
-1.9672 -3.2499 16.6480 14 9 7
-1.7521 -3.5366 18.1170 12 8 9
-1.5452 -4.0083 20.5330 15 7 6
-1.2746 -4.6250 23.6920 0 6 42
-0.9487 -5.7261 29.3330 1 9 28
-0.3048 -5.4657 27.9990 1 4 21
0.3924 -8.5891 43.9990 37 45 64
11.2849 -8.5891 43.9990 25 45 58
5.0354 -3.5366 18.1170 27 32 37
12.2948 -8.0166 41.0660 32 29 24
20.4516 -10.0206 51.3320 24 13 19
13.6123 -6.3288 32.4200 5 1 2
11.8197 -5.2282 26.7820 6 5 5
10.1808 -4.2945 21.9990 15 7 6
9.9429 -4.0083 20.5330 12 2 2
10.3834 -4.0083 20.5330 13 3 3
10.1471 -3.7576 19.2490 17 7 7
-3.2678 -1.2419 6.4160 7 3 8
-3.3389 -1.3247 6.8440 7 3 4
-3.2280 -1.3396 6.9210 10 0 3
-2.9157 -1.2684 6.5530 7 1 7
-2.8048 -1.2820 6.6230 6 2 7
-2.7515 -1.3247 6.8440 5 1 4
-2.6047 -1.3247 6.8440 5 1 4
-2.3533 -1.2684 6.5530 4 4 6
-2.2857 -1.3102 6.7690 5 1 2
-2.1171 -1.2959 6.6950 6 0 2
-1.9219 -1.2551 6.4840 6 2 5
-1.8612 -1.3102 6.7690 4 3 7
-1.8812 -1.4364 7.4210 0 2 10
-2.5077 -2.0918 10.8070 29 21 20
-4.0536 -3.7259 19.2490 14 6 3
-3.5303 -3.6130 18.6660 11 3 2
-2.9511 -3.4067 17.6000 19 13 15
-2.7294 -3.6130 18.6660 22 6 11
-2.1959 -3.4067 17.6000 15 7 6
-1.7199 -3.2224 16.6480 8 3 1
-1.6807 -3.9744 20.5330 24 16 15
-1.3180 -4.1114 21.2410 21 19 30
-1.2503 -5.9615 30.7990 16 42 71
-0.5359 -5.4195 27.9990 0 4 20
0.0892 -7.4519 38.4990 14 16 26
1.4643 -11.9230 61.5980 23 48 84
6.6854 -4.7692 24.6390 31 30 37
6.6797 -4.4159 22.8140 34 29 27
21.9413 -10.8392 55.9990 18 16 23
15.9105 -7.4519 38.4990 6 2 5
12.1719 -5.4195 27.9990 6 2 3
10.7688 -4.5859 23.6920 12 2 2
10.1104 -4.1114 21.2410 6 1 0
10.2140 -3.9744 20.5330 13 3 1
10.3105 -3.8461 19.8700 8 2 4
-3.2430 -1.2064 6.2860 6 2 3
-3.2748 -1.2710 6.6230 8 4 9
-3.2737 -1.3282 6.9210 10 1 4
-2.9906 -1.2710 6.6230 9 0 3
-2.8485 -1.2710 6.6230 10 9 11
-2.7661 -1.2990 6.7690 5 1 4
-2.6797 -1.3282 6.9210 5 1 4
-2.4331 -1.2710 6.6230 6 2 5
-2.3159 -1.2848 6.6950 6 2 3
-2.2206 -1.3134 6.8440 5 4 6
-1.9856 -1.2576 6.5530 2 1 3
-1.8647 -1.2710 6.6230 6 2 5
-1.9539 -1.4416 7.5120 2 1 10
-2.0137 -1.6193 8.4380 7 5 14
-3.9348 -3.4769 18.1170 36 29 21
-3.5461 -3.4769 18.1170 11 3 2
-3.1574 -3.4769 18.1170 13 8 6
-2.7986 -3.4769 18.1170 26 21 19
-2.4829 -3.5822 18.6660 16 8 7
-1.8573 -3.1949 16.6480 12 6 8
-1.6819 -3.5822 18.6660 9 3 5
-1.4096 -3.9405 20.5330 23 12 16
-1.3844 -5.6293 29.3330 24 49 74
-0.7550 -5.6293 29.3330 18 26 41
-0.1466 -6.5674 34.2210 18 22 34
0.8136 -9.0933 47.3830 17 40 73
7.0901 -5.1398 26.7820 37 35 49
4.8970 -3.2838 17.1110 35 30 28
18.8486 -11.8213 61.5980 11 10 12
22.1261 -10.7468 55.9990 15 9 15
16.0376 -7.3884 38.4990 10 9 9
12.2643 -5.3733 27.9990 11 7 8
11.3212 -4.7285 24.6390 8 3 1
10.9721 -4.3783 22.8140 7 2 0
10.3157 -3.9405 20.5330 12 4 3
10.4089 -3.8133 19.8700 14 6 5
-3.2446 -1.2082 6.3500 7 1 7
-3.3135 -1.2879 6.7690 6 2 5
-3.1794 -1.2879 6.7690 11 0 4
-2.9374 -1.2468 6.5530 7 1 5
-2.8266 -1.2601 6.6230 5 4 6
-2.7741 -1.3021 6.8440 6 2 3
-2.6273 -1.3021 6.8440 3 2 4
-2.4264 -1.2738 6.6950 1 1 3
-2.3336 -1.3021 6.8440 7 1 3
-2.1868 -1.3021 6.8440 6 5 5
-1.9955 -1.2738 6.6950 3 2 4
-1.9362 -1.3318 7.0000 3 2 4
-1.9646 -1.4650 7.7000 4 3 10
-2.1320 -1.7236 9.0590 16 11 21
-3.9924 -3.5514 18.6660 28 21 15
-3.4863 -3.4470 18.1170 11 2 5
-3.0976 -3.4470 18.1170 17 12 10
-2.7910 -3.5514 18.6660 26 14 14
-2.3202 -3.4470 18.1170 22 10 10
-1.8242 -3.2556 17.1110 10 2 1
-1.6392 -3.6623 19.2490 26 16 14
-1.4013 -4.1855 21.9990 30 25 23
-1.3011 -5.8598 30.7990 10 33 68
-0.6283 -5.3271 27.9990 14 24 40
-0.0357 -6.8939 36.2340 25 34 46
1.0508 -9.7665 51.3320 4 27 64
7.7170 -5.5809 29.3330 28 29 42
4.8687 -3.2556 17.1110 34 29 27
17.1354 -10.6544 55.9990 11 10 12
22.1261 -10.6544 55.9990 9 3 9
17.1070 -7.8133 41.0660 9 8 8
12.8487 -5.5809 29.3330 8 4 5
11.7931 -4.8832 25.6660 10 5 3
11.3944 -4.5077 23.6920 8 2 4
10.6363 -4.0413 21.2410 11 3 0
10.3761 -3.7805 19.8700 14 6 5
-3.2223 -1.1856 6.2860 3 2 6
-3.3247 -1.2767 6.7690 5 1 4
-3.1794 -1.2767 6.7690 11 1 1
-2.9374 -1.2360 6.5530 7 1 5
-2.8574 -1.2627 6.6950 4 3 5
-2.7741 -1.2909 6.8440 8 4 7
-2.6273 -1.2909 6.8440 4 0 3
-2.4804 -1.2909 6.8440 1 1 3
-2.3449 -1.2909 6.8440 7 1 3
-2.1981 -1.2909 6.8440 6 6 6
-2.0066 -1.2627 6.6950 7 6 10
-1.9478 -1.3203 7.0000 4 3 5
-1.9774 -1.4523 7.7000 2 1 8
-2.1009 -1.6837 8.9270 12 7 17
-3.8750 -3.4171 18.1170 29 20 15
-3.4863 -3.4171 18.1170 10 2 1
-3.0976 -3.4171 18.1170 20 15 13
-2.7910 -3.5206 18.6660 28 16 16
-2.3202 -3.4171 18.1170 22 10 10
-1.8525 -3.2273 17.1110 9 3 5
-1.7248 -3.7477 19.8700 23 15 12
-1.3881 -4.0063 21.2410 32 29 26
-1.3519 -5.8090 30.7990 3 28 60
-0.6582 -5.5325 29.3330 6 14 31
-0.0357 -6.8341 36.2340 31 41 57
1.0508 -9.6818 51.3320 30 53 90
7.7170 -5.5325 29.3330 32 34 44
5.0079 -3.3195 17.6000 30 27 24
17.1354 -10.5620 55.9990 11 10 12
21.0171 -10.5620 55.9990 7 9 15
22.2186 -10.5620 55.9990 10 4 10
16.1012 -7.2613 38.4990 4 3 3
12.8971 -5.5325 29.3330 7 2 0
11.8355 -4.8409 25.6660 7 3 4
11.4335 -4.4686 23.6920 10 5 3
10.3495 -3.8727 20.5330 12 4 3
10.4417 -3.7477 19.8700 15 7 6
-3.2678 -1.1995 6.4160 7 1 7
-3.3023 -1.2655 6.7690 5 1 2
-3.1336 -1.2517 6.6950 15 5 5
-2.8957 -1.2123 6.4840 9 3 7
-2.8463 -1.2517 6.6950 8 2 6
-2.7628 -1.2796 6.8440 4 3 5
-2.6160 -1.2796 6.8440 11 7 8
-2.4691 -1.2796 6.8440 3 2 4
-2.3484 -1.2940 6.9210 9 3 5
-2.2251 -1.3087 7.0000 7 6 6
-2.0514 -1.2940 6.9210 6 5 9
-2.0404 -1.3874 7.4210 3 3 5
-1.9519 -1.4396 7.7000 2 2 6
-2.2147 -1.7718 9.4770 20 10 10
-3.7354 -3.2905 17.6000 13 4 0
-3.4564 -3.3872 18.1170 10 4 6
-3.0677 -3.3872 18.1170 23 15 14
-2.7602 -3.4898 18.6660 24 14 14
-2.2903 -3.3872 18.1170 15 5 5
-1.8473 -3.2905 17.6000 9 3 5
-1.7146 -3.8389 20.5330 22 14 11
-1.4156 -4.2653 22.8140 37 37 39
-1.3161 -6.0613 32.4200 7 27 63
-0.6403 -5.7582 30.7990 4 9 25
0.0257 -7.1978 38.4990 30 42 58
1.2388 -10.4696 55.9990 16 36 72
6.8370 -4.7985 25.6660 29 28 39
5.2148 -3.3872 18.1170 32 32 28
19.0520 -11.5164 61.5980 7 3 4
17.5488 -8.8587 47.3830 2 4 12
20.1127 -9.5970 51.3320 10 9 13
19.5820 -8.8587 47.3830 6 2 5
14.0938 -6.0613 32.4200 5 1 4
12.7726 -5.2347 27.9990 9 4 2
12.7479 -5.0072 26.7820 9 3 5
10.9432 -4.1129 21.9990 10 2 1
9.9883 -3.5988 19.2490 12 7 5
-3.2430 -1.1649 6.2860 8 4 5
-3.3104 -1.2407 6.6950 8 2 6
-3.2018 -1.2544 6.7690 11 3 2
-2.9278 -1.2016 6.4840 9 0 3
-2.8795 -1.2407 6.6950 6 2 3
-2.7967 -1.2683 6.8440 6 2 5
-2.6499 -1.2683 6.8440 9 5 6
-2.5716 -1.2972 7.0000 5 1 4
-2.4215 -1.2972 7.0000 11 7 8
-2.2713 -1.2972 7.0000 5 4 4
-2.1705 -1.3274 7.1630 6 5 9
-2.0404 -1.3429 7.2470 8 2 8
-2.1947 -1.5636 8.4380 14 13 17
-1.9865 -1.5425 8.3240 6 4 11
-3.7163 -3.1708 17.1110 31 22 15
-3.4449 -3.2615 17.6000 9 4 2
-3.2531 -3.4590 18.6660 16 8 7
-2.7687 -3.3573 18.1170 22 14 13
-2.4829 -3.4590 18.6660 15 7 6
-1.9089 -3.1708 17.1110 10 2 1
-1.7345 -3.5670 19.2490 12 6 8
-1.4582 -3.9362 21.2410 26 21 19
-1.4536 -5.7074 30.7990 13 40 64
-0.7928 -5.7074 30.7990 6 10 22
-0.1553 -6.7145 36.2340 29 34 50
0.8136 -8.7805 47.3830 25 45 81
7.6686 -5.4357 29.3330 28 30 38
5.1251 -3.3573 18.1170 31 31 25
13.3182 -8.1535 43.9990 7 9 15
17.2360 -8.7805 47.3830 9 4 12
19.7738 -9.5123 51.3320 8 4 9
22.7731 -10.3772 55.9990 15 4 10
15.5127 -6.7145 36.2340 6 2 3
13.1875 -5.4357 29.3330 9 1 0
13.8169 -5.4357 29.3330 12 7 5
11.6681 -4.3904 23.6920 16 8 5
9.8930 -3.5670 19.2490 7 4 1
-3.2742 -1.1545 6.2860 12 2 2
-3.3076 -1.2164 6.6230 9 3 7
-3.2465 -1.2432 6.7690 9 0 3
-3.0023 -1.2035 6.5530 8 0 0
-2.9237 -1.2296 6.6950 5 1 2
-2.8739 -1.2711 6.9210 8 2 4
-2.6655 -1.2432 6.7690 5 4 6
-2.5769 -1.2711 6.9210 10 1 6
-2.4842 -1.3003 7.0800 8 4 5
-2.3059 -1.2856 7.0000 9 5 10
-2.2059 -1.3156 7.1630 6 5 9
-2.0522 -1.3156 7.1630 8 4 9
-2.2200 -1.5288 8.3240 13 13 17
-1.8651 -1.3967 7.6050 20 16 17
-3.2821 -2.6936 14.6660 30 23 15
-3.3685 -3.0576 16.6480 8 4 5
-3.3763 -3.4282 18.6660 15 10 6
-2.8883 -3.3274 18.1170 20 20 16
-2.7414 -3.6493 19.8700 12 9 6
-1.9937 -3.1426 17.1110 12 7 5
-1.8298 -3.5353 19.2490 12 8 9
-1.5113 -3.7711 20.5330 19 15 18
-1.4601 -5.1423 27.9990 12 30 53
-1.0485 -5.9543 32.4200 8 12 26
-0.3529 -5.9543 32.4200 3 5 15
0.4650 -8.0808 43.9990 0 9 42
11.2123 -8.0808 43.9990 27 28 41
5.3182 -3.5353 19.2490 24 24 26
8.7337 -5.3873 29.3330 45 48 47
19.6619 -11.3131 61.5980 6 4 11
19.0762 -10.2848 55.9990 11 7 10
14.8703 -7.5422 41.0660 7 2 10
16.8764 -8.0808 43.9990 12 8 13
22.5883 -10.2848 55.9990 14 5 10
16.3553 -7.0707 38.4990 6 3 0
13.0907 -5.3873 29.3330 8 3 1
13.7201 -5.3873 29.3330 9 4 2
12.5556 -4.7138 25.6660 12 4 3
10.1465 -3.6493 19.8700 6 3 0
-3.2949 -1.1441 6.2860 17 5 3
-3.3295 -1.2054 6.6230 5 1 4
-3.2937 -1.2457 6.8440 9 0 3
-3.0131 -1.1927 6.5530 6 0 2
-2.9032 -1.2054 6.6230 6 2 3
-2.8967 -1.2597 6.9210 15 9 11
-2.7176 -1.2457 6.8440 7 6 10
-2.6294 -1.2741 7.0000 11 2 5
-2.5369 -1.3037 7.1630 7 3 4
-2.3290 -1.2741 7.0000 5 4 8
-2.3099 -1.3507 7.4210 9 8 10
-2.1507 -1.3507 7.4210 8 4 7
-2.3956 -1.6248 8.9270 19 19 21
-1.9011 -1.4015 7.7000 27 24 21
-2.8931 -2.3357 12.8330 22 13 6
-3.5186 -3.1144 17.1110 7 2 0
-3.3368 -3.2975 18.1170 15 10 8
-3.1323 -3.5035 19.2490 26 21 17
-2.9007 -3.7372 20.5330 13 10 7
-2.1087 -3.2034 17.6000 7 2 0
-1.8360 -3.3974 18.6660 8 5 2
-1.5791 -3.7372 20.5330 17 12 10
-1.4850 -4.8746 26.7820 5 13 28
-1.1020 -5.9008 32.4200 2 6 20
-0.4290 -6.2285 34.2210 2 4 14
0.4226 -8.6242 47.3830 0 9 38
12.8268 -9.3429 51.3320 29 27 43
6.4285 -4.3122 23.6920 28 34 36
6.9368 -4.3122 23.6920 31 30 30
16.1309 -9.3429 51.3320 5 5 9
13.7859 -7.4744 41.0660 8 2 6
12.9412 -6.5949 36.2340 6 1 9
15.5481 -7.4744 41.0660 2 2 6
18.9564 -8.6242 47.3830 11 7 10
18.5466 -8.0082 43.9990 8 0 0
12.9939 -5.3389 29.3330 8 2 4
13.5748 -5.3389 29.3330 8 5 2
13.5582 -5.0961 27.9990 8 5 2
10.3834 -3.7372 20.5330 7 6 6
9.8398 -3.3974 18.6660 9 4 2
-3.3267 -1.1819 6.5530 7 1 7
-3.3650 -1.2483 6.9210 5 1 4
-3.0455 -1.1819 6.5530 6 0 2
-2.9679 -1.2075 6.6950 7 1 5
-2.9529 -1.2625 7.0000 15 6 13
-2.7402 -1.2344 6.8440 5 1 4
-2.6525 -1.2625 7.0000 9 0 3
-2.6335 -1.3226 7.3330 9 5 8
-2.4187 -1.2919 7.1630 14 10 11
