ply
format ascii 1.0
element vertex 5000
property float x
property float y
property float z
property uchar red
property uchar green
property uchar blue
end_header
-1.8770 -1.5146 3.5810 11 1 11
-1.8643 -1.5789 3.7330 2 4 14
-1.8160 -1.6182 3.8260 20 3 3
-1.7105 -1.6080 3.8020 2 8 8
-1.5496 -1.5416 3.6450 29 2 7
-1.4946 -1.5789 3.7330 13 3 3
-1.4047 -1.5886 3.7560 0 5 22
-1.3529 -1.6385 3.8740 5 2 16
-1.2979 -1.6918 4.0000 8 7 14
-1.2390 -1.7485 4.1340 2 9 3
-1.1600 -1.7844 4.2190 12 9 4
-1.0782 -1.8347 4.3380 2 7 12
-1.0444 -1.9739 4.6670 22 9 0
-0.9217 -1.9587 4.6310 1 13 19
-0.8872 -2.1532 5.0910 3 4 0
-1.0121 -2.8629 6.7690 3 3 3
-1.1153 -3.8315 9.0590 7 2 14
-1.0630 -4.5708 10.8070 14 5 10
-0.7432 -4.2709 10.0980 13 20 12
-0.4932 -4.2709 10.0980 17 6 1
-0.2698 -4.7370 11.2000 19 8 3
0.0340 -6.2029 14.6660 4 9 14
0.4765 -7.4438 17.6000 1 5 0
0.8186 -6.6800 15.7940 3 4 0
1.0484 -5.7897 13.6890 6 2 3
1.5226 -6.3543 15.0240 14 10 1
2.2484 -7.4438 17.6000 23 10 0
3.1314 -8.6843 20.5330 12 4 3
3.4121 -8.1413 19.2490 6 2 7
3.8886 -8.1413 19.2490 4 2 9
3.9912 -7.4438 17.6000 4 8 1
5.3778 -8.9838 21.2410 2 17 3
6.8481 -10.4210 24.6390 18 7 2
8.1067 -11.3273 26.7820 1 9 6
10.0851 -13.0263 30.7990 5 5 7
9.8614 -11.8421 27.9990 0 16 18
9.6751 -10.8553 25.6660 5 13 2
11.8320 -12.4063 29.3330 15 1 14
12.5582 -12.4063 29.3330 0 8 1
13.2844 -12.4063 29.3330 12 12 6
26.7472 -23.6845 55.9990 11 11 15
-1.8534 -1.5087 3.5810 40 2 6
-1.8674 -1.6018 3.8020 34 2 0
-1.7625 -1.5921 3.7790 0 2 1
-1.6690 -1.5921 3.7790 17 1 6
-1.5196 -1.5356 3.6450 23 2 11
-1.4729 -1.5824 3.7560 19 5 0
-1.3737 -1.5824 3.7560 8 7 16
-1.3550 -1.6742 3.9740 3 4 0
-1.2731 -1.6961 4.0260 8 3 13
-1.2130 -1.7534 4.1620 10 11 2
-1.1252 -1.7774 4.2190 8 4 9
-1.0650 -1.8672 4.4320 9 2 13
-0.9835 -1.9224 4.5630 38 0 0
-0.9253 -2.0433 4.8500 21 7 18
-0.8452 -2.1448 5.0910 14 5 10
-1.1450 -3.4146 8.1050 17 10 2
-1.0886 -3.9926 9.4770 4 3 12
-0.9738 -4.5529 10.8070 10 6 0
-0.6493 -4.1856 9.9350 0 8 13
-0.4311 -4.4742 10.6200 10 11 0
-0.1991 -5.2961 12.5710 12 1 7
0.1713 -6.8292 16.2100 12 7 3
0.6045 -7.2088 17.1110 0 7 0
0.8225 -5.7671 13.6890 12 3 6
1.1361 -5.6416 13.3910 12 10 2
1.6465 -6.3295 15.0240 4 8 1
2.5386 -7.8639 18.6660 15 17 8
3.0944 -8.1095 19.2490 38 9 13
3.5709 -8.1095 19.2490 8 4 0
3.8095 -7.6326 18.1170 6 4 11
4.0215 -7.2088 17.1110 13 9 0
5.7150 -9.2681 21.9990 8 10 18
7.0514 -10.3803 24.6390 5 3 0
9.1210 -12.3579 29.3330 6 15 6
10.3393 -12.9755 30.7990 4 11 3
9.6538 -11.2831 26.7820 12 18 20
10.3168 -11.2831 26.7820 25 15 3
11.5250 -11.7959 27.9990 30 5 27
13.4400 -12.9755 30.7990 21 5 14
14.9500 -13.6584 32.4200 8 18 6
29.9298 -25.9510 61.5980 19 8 1
-1.8667 -1.5481 3.6890 9 1 0
-1.8235 -1.5955 3.8020 1 4 7
-1.7293 -1.5955 3.8020 0 3 10
-1.6154 -1.5762 3.7560 29 5 7
-1.5224 -1.5762 3.7560 9 4 2
-1.4295 -1.5762 3.7560 12 4 3
-1.3551 -1.6056 3.8260 7 3 22
-1.3262 -1.6895 4.0260 5 3 10
-1.2512 -1.7235 4.1070 12 2 12
-1.1728 -1.7583 4.1900 8 12 7
-1.0915 -1.7952 4.2780 12 5 0
-1.0593 -1.9434 4.6310 13 5 21
-0.9308 -1.9148 4.5630 0 7 10
-0.8976 -2.1016 5.0080 8 8 8
-0.8729 -2.3714 5.6510 2 4 14
-1.1097 -3.5901 8.5550 6 2 3
-1.0432 -4.2376 10.0980 9 5 6
-0.8064 -4.3081 10.2660 16 11 19
-0.5345 -4.1692 9.9350 7 1 3
-0.3195 -4.6161 11.0000 10 11 2
-0.0600 -5.8750 14.0000 4 3 3
0.3503 -7.1805 17.1110 3 3 5
0.7219 -6.4625 15.4000 5 5 0
0.9193 -5.3853 12.8330 6 2 5
1.3195 -5.7445 13.6890 12 5 0
1.9134 -6.6279 15.7940 20 6 0
2.9958 -8.6166 20.5330 29 5 9
3.3168 -8.0778 19.2490 8 1 14
4.0464 -8.6166 20.5330 8 2 4
3.7956 -7.1805 17.1110 5 5 7
4.7464 -8.0778 19.2490 6 2 0
6.4285 -9.9422 23.6920 8 4 0
7.6418 -10.7706 25.6660 4 11 15
10.4554 -13.6049 32.4200 15 6 11
10.1860 -12.3095 29.3330 5 13 10
9.9632 -11.2389 26.7820 33 13 5
12.2200 -12.9247 30.7990 14 11 6
12.4130 -12.3095 29.3330 14 3 0
12.5416 -11.7496 27.9990 11 7 8
22.3973 -19.8840 47.3830 2 4 10
28.9654 -23.4997 55.9990 18 18 38
-1.8625 -1.5236 3.6450 23 1 3
-1.8539 -1.5992 3.8260 16 8 7
-1.7376 -1.5796 3.7790 11 2 7
-1.6540 -1.5892 3.8020 23 0 8
-1.5316 -1.5604 3.7330 12 2 2
-1.4481 -1.5700 3.7560 15 5 3
-1.3740 -1.5992 3.8260 2 2 22
-1.3462 -1.6828 4.0260 6 6 0
-1.2629 -1.7050 4.0790 12 1 9
-1.1856 -1.7397 4.1620 24 11 17
-1.1049 -1.7756 4.2480 19 8 3
-1.0663 -1.9073 4.5630 8 3 15
-0.9534 -1.9073 4.5630 9 8 8
-0.9076 -2.0599 4.9280 8 7 16
-0.8183 -2.1456 5.1330 3 3 3
-1.0915 -3.3878 8.1050 7 3 4
-0.9812 -3.7314 8.9270 12 7 15
-0.8718 -4.3639 10.4400 16 9 3
-0.5932 -4.2209 10.0980 9 6 3
-0.3807 -4.6815 11.2000 11 7 12
-0.1237 -5.5974 13.3910 6 2 5
0.2584 -6.9588 16.6480 6 5 5
0.6796 -6.7757 16.2100 9 4 0
0.8557 -5.3641 12.8330 11 0 4
1.2245 -5.5974 13.3910 19 0 0
1.7457 -6.2800 15.0240 11 4 0
2.7132 -8.0460 19.2490 10 11 0
3.2215 -8.0460 19.2490 92 98 100
4.0807 -8.8786 21.2410 8 4 7
3.7109 -7.1523 17.1110 87 93 91
4.3776 -7.5728 18.1170 19 8 1
6.0773 -9.5361 22.8140 11 10 14
7.5148 -10.7283 25.6660 8 4 9
9.7801 -12.8738 30.7990 24 4 7
10.5426 -12.8738 30.7990 9 13 6
9.8306 -11.1947 26.7820 32 16 13
11.4931 -12.2610 29.3330 19 9 0
12.8808 -12.8738 30.7990 25 3 5
12.9939 -12.2610 29.3330 9 1 0
18.0073 -16.0924 38.4990 17 5 18
28.7805 -23.4073 55.9990 21 23 29
-1.8643 -1.4997 3.6020 26 1 11
-1.8792 -1.5929 3.8260 20 1 0
-1.7411 -1.5542 3.7330 7 3 6
-1.6897 -1.5929 3.8260 15 2 10
-1.5658 -1.5638 3.7560 21 3 13
-1.4819 -1.5734 3.7790 13 1 1
-1.3821 -1.5734 3.7790 4 2 16
-1.3727 -1.6762 4.0260 6 6 2
-1.2731 -1.6762 4.0260 9 4 14
-1.2130 -1.7328 4.1620 7 4 1
-1.1252 -1.7566 4.2190 8 4 7
-1.0723 -1.8452 4.4320 5 3 10
-0.9835 -1.8998 4.5630 20 5 4
-0.9180 -2.0035 4.8120 17 4 10
-0.8248 -2.0684 4.9680 12 1 5
-1.0624 -3.2059 7.7000 14 6 5
-0.9822 -3.6122 8.6760 11 6 16
-0.9063 -4.3466 10.4400 20 16 9
-0.6370 -4.2742 10.2660 10 9 11
-0.4177 -4.6631 11.2000 9 9 9
-0.1643 -5.4566 13.1060 7 1 7
0.1981 -6.7489 16.2100 10 1 6
0.6261 -6.7489 16.2100 9 4 2
0.8134 -5.3430 12.8330 12 3 6
1.1551 -5.4566 13.1060 22 7 8
1.6172 -5.9641 14.3250 8 9 3
2.5694 -7.7715 18.6660 13 14 5
3.0623 -7.7715 18.6660 14 5 8
4.0106 -8.8436 21.2410 4 3 3
3.6544 -7.1241 17.1110 7 10 11
3.9677 -6.9313 16.6480 14 7 0
5.7876 -9.1592 21.9990 3 2 11
7.1327 -10.2583 24.6390 15 9 11
9.6785 -12.8230 30.7990 17 9 8
10.9905 -13.4979 32.4200 3 4 0
10.1849 -11.6572 27.9990 20 16 17
11.9659 -12.8230 30.7990 27 9 0
13.4518 -13.4979 32.4200 27 4 14
14.2544 -13.4979 32.4200 19 6 10
16.8283 -15.0858 36.2340 18 8 8
28.7805 -23.3149 55.9990 17 19 25
-1.8751 -1.5024 3.6230 25 2 12
-1.8855 -1.5866 3.8260 15 2 10
-1.7411 -1.5481 3.7330 9 5 8
-1.6897 -1.5866 3.8260 13 2 10
-1.5754 -1.5671 3.7790 21 2 15
-1.4819 -1.5671 3.7790 11 0 4
-1.3883 -1.5671 3.7790 4 6 16
-1.3727 -1.6696 4.0260 5 2 0
-1.2816 -1.6808 4.0530 12 7 17
-1.2130 -1.7260 4.1620 9 4 2
-1.1252 -1.7496 4.2190 11 7 10
-1.0723 -1.8379 4.4320 7 5 12
-0.9835 -1.8923 4.5630 21 6 5
-0.9180 -1.9955 4.8120 18 5 11
-0.8248 -2.0602 4.9680 12 1 7
-0.9889 -2.9029 7.0000 8 3 1
-0.9321 -3.3176 8.0000 9 5 10
-0.9250 -4.2573 10.2660 13 8 6
-0.6709 -4.2573 10.2660 8 11 14
-0.4547 -4.6446 11.2000 11 9 0
-0.2032 -5.3218 12.8330 15 4 10
0.1409 -6.5497 15.7940 15 6 9
0.5726 -6.7222 16.2100 3 2 2
0.7874 -5.4350 13.1060 8 2 4
1.0665 -5.2131 12.5710 9 4 2
1.5002 -5.6768 13.6890 11 12 8
2.2989 -7.0958 17.1110 12 9 6
3.0007 -7.7407 18.6660 25 8 10
3.9405 -8.8085 21.2410 7 2 0
3.8095 -7.5130 18.1170 4 2 9
3.9127 -6.9038 16.6480 12 5 0
5.5180 -8.8085 21.2410 6 6 10
6.7804 -9.8249 23.6920 11 8 5
9.1210 -12.1642 29.3330 3 3 3
11.4880 -14.1913 34.2210 12 12 8
11.1017 -12.7722 30.7990 22 13 18
11.2995 -12.1642 29.3330 13 9 0
12.6267 -12.7722 30.7990 27 8 23
14.9333 -14.1913 34.2210 20 7 13
14.2025 -12.7722 30.7990 23 15 14
28.5957 -23.2225 55.9990 20 19 19
-1.9100 -1.5146 3.6670 12 3 10
-1.9100 -1.5902 3.8500 11 1 13
-1.7431 -1.5328 3.7110 67 58 61
-1.7024 -1.5803 3.8260 11 1 11
-1.5879 -1.5609 3.7790 23 2 11
-1.4943 -1.5609 3.7790 17 4 8
-1.4008 -1.5609 3.7790 10 9 20
-1.3771 -1.6522 4.0000 4 2 9
-1.2950 -1.6741 4.0530 8 1 12
-1.2185 -1.7075 4.1340 18 10 9
-1.1313 -1.7307 4.1900 12 8 9
-1.0715 -1.8046 4.3690 9 8 17
-0.9986 -1.8847 4.5630 19 4 5
-0.9058 -1.9277 4.6670 18 5 13
-0.8412 -2.0520 4.9680 13 10 5
-0.9088 -2.5964 6.2860 6 5 7
-0.8582 -2.9586 7.1630 8 4 9
-0.9133 -4.0387 9.7780 7 7 3
-0.7048 -4.2403 10.2660 7 10 13
-0.4916 -4.6261 11.2000 15 8 2
-0.2406 -5.1924 12.5710 18 6 6
0.0887 -6.5236 15.7940 7 3 6
0.5331 -6.8764 16.6480 5 4 4
0.7604 -5.5311 13.3910 7 3 4
1.0045 -5.0887 12.3200 3 2 2
1.4234 -5.5311 13.3910 16 11 9
2.1817 -6.8764 16.6480 17 13 6
2.9391 -7.7099 18.6660 23 7 14
3.7414 -8.4810 20.5330 9 3 5
3.9839 -7.9507 19.2490 4 2 11
3.7563 -6.6954 16.2100 9 4 2
5.2663 -8.4810 20.5330 0 3 4
6.4162 -9.4232 22.8140 13 8 6
8.6137 -11.5648 27.9990 4 7 6
11.3751 -14.1348 34.2210 14 6 5
10.4765 -12.1158 29.3330 15 8 17
11.7626 -12.7213 30.7990 17 19 10
13.1842 -13.3909 32.4200 17 3 18
15.6921 -14.9662 36.2340 17 1 10
14.1008 -12.7213 30.7990 16 12 13
28.4108 -23.1301 55.9990 31 22 27
-1.9221 -1.5086 3.6670 11 2 7
-1.9107 -1.5740 3.8260 11 0 17
-1.7766 -1.5452 3.7560 12 6 12
-1.6733 -1.5357 3.7330 5 3 12
-1.6203 -1.5740 3.8260 21 3 11
-1.5160 -1.5641 3.8020 12 1 7
-1.4133 -1.5547 3.7790 5 4 13
-1.3903 -1.6456 4.0000 9 7 14
-1.3084 -1.6674 4.0530 10 0 10
-1.2322 -1.7007 4.1340 12 3 6
-1.1451 -1.7237 4.1900 8 5 2
-1.0707 -1.7723 4.3080 10 8 15
-1.0136 -1.8772 4.5630 14 1 7
-0.9141 -1.9052 4.6310 13 7 13
-0.8645 -2.0603 5.0080 10 5 3
-0.8435 -2.3466 5.7040 5 5 9
-0.8819 -2.9468 7.1630 13 9 14
-0.8891 -3.7824 9.1940 9 8 10
-0.7387 -4.2234 10.2660 11 10 14
-0.5192 -4.5253 11.0000 15 7 4
-0.2765 -5.0684 12.3200 12 2 2
0.0357 -6.3355 15.4000 5 4 8
0.4389 -6.6687 16.2100 3 2 4
0.7321 -5.6316 13.6890 5 1 4
0.9449 -4.9688 12.0780 6 5 5
1.3217 -5.2794 12.8330 15 7 6
2.0177 -6.4976 15.7940 19 11 8
2.8467 -7.6791 18.6660 14 1 5
3.6736 -8.4472 20.5330 7 1 7
4.0469 -8.1744 19.8700 4 3 7
3.6077 -6.4976 15.7940 11 7 8
4.8735 -7.9189 19.2490 6 12 12
5.9037 -8.7384 21.2410 17 7 7
8.1509 -11.0180 26.7820 6 12 12
11.2621 -14.0783 34.2210 16 10 12
11.4720 -13.3374 32.4200 8 4 9
12.9565 -14.0783 34.2210 11 13 4
13.0772 -13.3374 32.4200 15 5 17
16.5459 -15.8383 38.4990 16 6 16
13.3328 -12.0674 29.3330 10 9 13
28.2260 -23.0377 55.9990 9 2 11
29.6123 -23.0377 55.9990 42 9 10
-1.9234 -1.5677 3.8260 17 3 16
-1.7890 -1.5390 3.7560 14 8 14
-1.6658 -1.5115 3.6890 9 5 10
-1.6534 -1.5873 3.8740 21 3 9
-1.5478 -1.5775 3.8500 14 5 10
-1.4257 -1.5484 3.7790 12 7 15
-1.4035 -1.6390 4.0000 8 3 13
-1.3302 -1.6713 4.0790 6 1 9
-1.2377 -1.6828 4.1070 15 9 11
-1.1590 -1.7168 4.1900 3 2 4
-1.0774 -1.7529 4.2780 11 10 10
-1.0210 -1.8557 4.5290 12 3 10
-0.9294 -1.8975 4.6310 5 5 9
-0.8670 -2.0192 4.9280 12 9 6
-0.8168 -2.2138 5.4030 10 9 16
-0.8373 -2.7137 6.6230 14 5 8
-0.7828 -3.1550 7.7000 9 8 12
-0.7599 -4.1376 10.0980 13 9 14
-0.5555 -4.5072 11.0000 15 9 11
-0.3171 -5.0480 12.3200 17 6 10
-0.0148 -6.1560 15.0240 4 3 5
0.3853 -6.6419 16.2100 4 3 5
0.7025 -5.7364 14.0000 5 4 6
0.9051 -4.9489 12.0780 7 1 5
1.2793 -5.2582 12.8330 15 3 1
1.8697 -6.1560 15.0240 21 9 9
2.7031 -7.4233 18.1170 19 6 10
3.3803 -7.8872 19.2490 7 0 9
4.1141 -8.4133 20.5330 7 1 5
3.6493 -6.6419 16.2100 6 2 5
4.6643 -7.6483 18.6660 6 6 10
5.8335 -8.7034 21.2410 12 4 3
7.7266 -10.5165 25.6660 6 9 8
11.1492 -14.0218 34.2210 11 7 8
11.3650 -13.2839 32.4200 9 3 7
12.1676 -13.2839 32.4200 16 16 10
12.9702 -13.2839 32.4200 22 16 22
17.5136 -16.8265 41.0660 10 0 10
13.2360 -12.0190 29.3330 12 8 11
29.3199 -25.2394 61.5980 9 3 9
24.8216 -19.4149 47.3830 31 16 17
-1.9301 -1.5516 3.8020 15 2 8
-1.8297 -1.5516 3.8020 12 3 8
-1.6740 -1.4965 3.6670 9 0 5
-1.6622 -1.5712 3.8500 23 3 6
-1.5767 -1.5810 3.8740 8 2 6
-1.4445 -1.5422 3.7790 10 0 10
-1.3959 -1.6010 3.9230 11 6 16
-1.3504 -1.6646 4.0790 3 2 2
-1.2494 -1.6646 4.0790 12 3 8
-1.1797 -1.7099 4.1900 5 4 6
-1.0986 -1.7458 4.2780 10 5 3
-1.0284 -1.8087 4.4320 12 11 15
-0.9383 -1.8621 4.5630 6 5 7
-0.8773 -1.9793 4.8500 12 8 11
-0.7948 -2.0776 5.0910 9 7 14
-0.8700 -2.7028 6.6230 16 10 12
-0.7637 -2.9232 7.1630 6 4 11
-0.7968 -4.0544 9.9350 14 8 10
-0.6099 -4.4890 11.0000 15 6 11
-0.3781 -5.0277 12.3200 8 4 5
-0.0850 -5.8459 14.3250 3 2 4
0.2973 -6.4454 15.7940 7 3 6
0.6795 -6.1312 15.0240 7 3 4
0.8453 -4.9290 12.0780 8 2 6
1.1910 -5.1301 12.5710 16 5 9
1.6730 -5.7133 14.0000 18 5 9
2.4683 -6.9829 17.1110 16 8 5
3.1855 -7.6175 18.6660 29 25 30
4.2990 -8.9776 21.9990 10 1 6
3.5690 -6.6152 16.2100 9 8 10
4.3107 -7.1824 17.6000 9 8 12
5.7284 -8.6683 21.2410 8 3 1
7.2954 -10.0550 24.6390 13 9 12
10.4019 -13.2304 32.4200 13 8 6
11.8269 -13.9654 34.2210 15 6 11
13.4196 -14.7869 36.2340 16 11 9
14.3167 -14.7869 36.2340 13 3 1
17.3103 -16.7588 41.0660 19 3 8
14.4684 -13.2304 32.4200 11 7 8
22.3191 -19.3367 47.3830 14 4 16
22.9036 -17.9557 43.9990 28 10 16
-1.9427 -1.5453 3.8020 15 4 10
-1.8602 -1.5551 3.8260 15 4 8
-1.6659 -1.4725 3.6230 10 1 6
-1.6540 -1.5453 3.8020 21 3 11
-1.5895 -1.5746 3.8740 12 3 8
-1.4658 -1.5453 3.8020 11 1 11
-1.3976 -1.5746 3.8740 4 2 16
-1.3639 -1.6579 4.0790 5 4 6
-1.2629 -1.6579 4.0790 11 0 6
-1.1935 -1.7030 4.1900 11 7 10
-1.1049 -1.7266 4.2480 13 8 6
-1.0430 -1.8014 4.4320 12 7 15
-0.9534 -1.8546 4.5630 14 8 14
-0.8933 -1.9712 4.8500 13 9 12
-0.8049 -2.0521 5.0490 9 5 8
-0.8296 -2.5037 6.1600 13 7 11
-0.7203 -2.6634 6.5530 7 5 14
-0.7245 -3.5263 8.6760 10 9 9
-0.6349 -4.3924 10.8070 13 9 10
-0.4106 -4.9090 12.0780 10 9 11
-0.1264 -5.5638 13.6890 8 2 6
0.2390 -6.2592 15.4000 7 1 5
0.6622 -6.4194 15.7940 12 8 9
0.8054 -4.9090 12.0780 9 3 7
1.1495 -5.1094 12.5710 12 1 5
1.5229 -5.3268 13.1060 22 10 10
2.2262 -6.4194 15.7940 15 7 6
2.9455 -7.1534 17.6000 75 71 74
4.3829 -9.2726 22.8140 11 2 5
3.7109 -6.9546 17.1110 10 9 11
4.1345 -6.9546 17.1110 13 8 16
5.4697 -8.3455 20.5330 9 5 6
6.9368 -9.6295 23.6920 13 7 11
10.2949 -13.1769 32.4200 14 5 8
13.1783 -15.6477 38.4990 6 2 5
14.1314 -15.6477 38.4990 15 11 12
15.0845 -15.6477 38.4990 29 19 17
17.1070 -16.6910 41.0660 21 5 10
15.1592 -13.9089 34.2210 9 3 5
20.5799 -17.8831 43.9990 22 11 15
22.7584 -17.8831 43.9990 33 21 32
-1.9676 -1.5487 3.8260 16 5 11
-1.8846 -1.5585 3.8500 23 7 12
-1.6880 -1.4755 3.6450 9 3 9
-1.6565 -1.5297 3.7790 24 6 12
-1.6022 -1.5682 3.8740 9 3 9
-1.4783 -1.5390 3.8020 14 4 14
-1.3930 -1.5487 3.8260 6 5 14
-1.3686 -1.6406 4.0530 6 5 7
-1.2682 -1.6406 4.0530 15 2 8
-1.2074 -1.6961 4.1900 10 1 6
-1.1268 -1.7317 4.2780 10 1 4
-1.0500 -1.7811 4.4000 9 4 12
-0.9612 -1.8333 4.5290 16 5 11
-0.8952 -1.9329 4.7750 15 6 11
-0.8149 -2.0272 5.0080 10 4 8
-0.7870 -2.3089 5.7040 13 7 11
-0.6837 -2.4445 6.0390 9 4 14
-0.6602 -3.0785 7.6050 10 9 11
-0.6266 -4.0876 10.0980 15 9 11
-0.4504 -4.8891 12.0780 13 12 14
-0.1643 -5.3052 13.1060 14 5 10
0.1792 -5.9367 14.6660 11 2 7
0.6261 -6.5617 16.2100 10 4 8
0.7968 -5.0887 12.5710 7 1 5
1.1080 -5.0887 12.5710 9 3 7
1.4488 -5.1947 12.8330 12 2 2
2.1741 -6.3933 15.7940 16 6 6
2.8072 -6.9264 17.1110 30 26 29
4.3076 -9.2349 22.8140 9 0 3
3.7588 -7.1244 17.6000 9 5 8
3.8633 -6.5617 16.2100 13 7 13
5.4019 -8.3116 20.5330 15 11 12
5.9102 -8.3116 20.5330 15 9 13
9.6785 -12.4672 30.7990 13 7 11
13.0513 -15.5841 38.4990 5 4 4
14.0043 -15.5841 38.4990 13 7 9
14.9574 -15.5841 38.4990 26 11 12
16.9714 -16.6232 41.0660 19 6 12
16.9272 -15.5841 38.4990 10 4 8
17.8803 -15.5841 38.4990 24 12 12
24.3524 -19.1803 47.3830 17 15 26
-1.9678 -1.5327 3.8020 10 1 8
-1.9091 -1.5618 3.8740 20 2 10
-1.6800 -1.4521 3.6020 8 2 8
-1.6487 -1.5049 3.7330 18 5 11
-1.6050 -1.5521 3.8500 11 2 9
-1.5003 -1.5424 3.8260 8 1 12
-1.3968 -1.5327 3.8020 13 2 10
-1.3820 -1.6339 4.0530 7 3 8
-1.2816 -1.6339 4.0530 13 2 10
-1.2130 -1.6779 4.1620 9 3 7
-1.1329 -1.7126 4.2480 6 1 9
-1.0646 -1.7738 4.4000 15 8 17
-0.9691 -1.8125 4.4960 17 8 11
-0.9110 -1.9250 4.7750 14 8 10
-0.8248 -2.0028 4.9680 9 3 5
-0.7911 -2.2576 5.6000 9 3 7
-0.6901 -2.3878 5.9230 6 5 9
-0.6687 -2.9917 7.4210 9 5 8
-0.6290 -3.8802 9.6250 13 9 14
-0.4809 -4.7756 11.8460 13 9 10
-0.2032 -5.1735 12.8330 11 2 7
0.1308 -5.9125 14.6660 13 2 8
0.5459 -6.5349 16.2100 11 2 5
0.8046 -5.3985 13.3910 7 1 5
1.0452 -4.9667 12.3200 9 3 5
1.3777 -5.0679 12.5710 12 4 3
1.9704 -5.9125 14.6660 13 8 6
2.6488 -6.7115 16.6480 18 7 15
4.0811 -8.8687 21.9990 9 0 3
3.9249 -7.5251 18.6660 10 4 10
3.8098 -6.5349 16.2100 17 7 7
5.3341 -8.2777 20.5330 12 3 6
5.4771 -7.7601 19.2490 15 10 8
8.7062 -11.2876 27.9990 17 11 15
12.9242 -15.5206 38.4990 15 10 8
14.8026 -16.5555 41.0660 15 9 11
16.9490 -17.7379 43.9990 28 15 19
18.0383 -17.7379 43.9990 28 10 20
17.9203 -16.5555 41.0660 13 2 8
16.7087 -14.6075 36.2340 15 11 14
24.3524 -19.1021 47.3830 26 21 31
-1.9802 -1.5361 3.8260 11 2 9
-1.8973 -1.5457 3.8500 24 3 10
-1.6702 -1.4377 3.5810 14 5 12
-1.6389 -1.4899 3.7110 15 4 12
-1.6050 -1.5457 3.8500 15 6 13
-1.5003 -1.5361 3.8260 8 1 12
-1.3968 -1.5265 3.8020 12 1 9
-1.3820 -1.6272 4.0530 11 7 12
-1.2816 -1.6272 4.0530 15 3 14
-1.2130 -1.6710 4.1620 10 4 10
-1.1409 -1.7176 4.2780 6 1 9
-1.0800 -1.7923 4.4640 12 3 10
-0.9835 -1.8320 4.5630 14 5 8
-0.9039 -1.9023 4.7380 12 6 8
-0.8248 -1.9946 4.9680 10 4 8
-0.7633 -2.1693 5.4030 10 4 8
-0.6525 -2.2484 5.6000 8 4 9
-0.6013 -2.6310 6.5530 13 7 11
-0.5591 -3.4348 8.5550 13 9 12
-0.4631 -4.5798 11.4070 13 9 10
-0.1991 -5.0472 12.5710 10 4 8
0.1278 -5.7514 14.3250 15 4 10
0.5606 -6.6840 16.6480 10 1 4
0.8225 -5.4960 13.6890 6 0 4
1.0665 -5.0472 12.5710 10 4 8
1.3777 -5.0472 12.5710 10 2 1
1.9704 -5.8883 14.6660 16 11 9
2.5791 -6.5082 16.2100 16 6 16
4.0811 -8.8324 21.9990 11 2 5
3.9249 -7.4943 18.6660 9 3 9
3.8098 -6.5082 16.2100 18 8 8
5.3341 -8.2438 20.5330 12 3 8
5.4771 -7.7283 19.2490 18 10 9
8.7062 -11.2414 27.9990 20 16 19
13.7859 -16.4877 41.0660 13 8 6
15.8598 -17.6653 43.9990 14 8 10
18.2526 -19.0239 47.3830 26 13 19
18.0383 -17.6653 43.9990 30 7 17
17.9203 -16.4877 41.0660 16 0 7
16.7087 -14.5477 36.2340 15 11 14
24.3524 -19.0239 47.3830 21 16 24
-1.9802 -1.5298 3.8260 16 7 12
-1.8973 -1.5394 3.8500 23 2 9
-1.6702 -1.4318 3.5810 17 6 14
-1.6389 -1.4838 3.7110 15 4 12
-1.5850 -1.5202 3.8020 11 2 9
-1.4909 -1.5202 3.8020 10 0 12
-1.3968 -1.5202 3.8020 11 0 8
-1.3820 -1.6206 4.0530 11 7 12
-1.2816 -1.6206 4.0530 14 4 14
-1.2049 -1.6529 4.1340 12 2 12
-1.1409 -1.7105 4.2780 8 1 10
-1.0800 -1.7849 4.4640 14 5 12
-0.9836 -1.8109 4.5290 12 3 6
-0.8971 -1.8801 4.7020 12 6 8
-0.8248 -1.9864 4.9680 19 15 18
-0.7438 -2.1052 5.2650 10 4 10
-0.6240 -2.1416 5.3560 9 5 10
-0.5541 -2.4146 6.0390 15 6 11
-0.5032 -3.0788 7.7000 15 11 14
-0.4631 -4.5610 11.4070 14 10 11
-0.1991 -5.0264 12.5710 12 3 8
0.1278 -5.7277 14.3250 15 6 11
0.5606 -6.6566 16.6480 10 1 6
0.8411 -5.5978 14.0000 10 4 8
1.0887 -5.1312 12.8330 7 1 3
1.4064 -5.1312 12.8330 11 2 5
2.0185 -6.0072 15.0240 16 11 9
2.5791 -6.4814 16.2100 21 11 21
4.0811 -8.7961 21.9990 14 5 8
3.9249 -7.4635 18.6660 10 1 8
3.8098 -6.4814 16.2100 18 8 8
5.1619 -7.9449 19.8700 12 3 8
5.1550 -7.2439 18.1170 19 11 10
8.7062 -11.1952 27.9990 16 12 13
12.9242 -15.3935 38.4990 14 9 7
15.8598 -17.5927 43.9990 12 6 8
18.2526 -18.9457 47.3830 22 11 17
21.0446 -20.5247 51.3320 31 13 19
19.2002 -17.5927 43.9990 17 1 8
18.9369 -16.4199 41.0660 20 14 20
26.3819 -20.5247 51.3320 28 21 30
-1.9802 -1.5235 3.8260 16 5 11
-1.8855 -1.5235 3.8260 22 1 8
-1.6761 -1.4259 3.5810 16 5 11
-1.6195 -1.4602 3.6670 13 2 10
-1.5754 -1.5048 3.7790 10 1 8
-1.4819 -1.5048 3.7790 14 4 14
-1.3968 -1.5139 3.8020 11 0 8
-1.3886 -1.6139 4.0530 8 4 7
-1.2731 -1.6031 4.0260 14 4 14
-1.2049 -1.6461 4.1340 11 2 9
-1.1490 -1.7154 4.3080 7 2 10
-1.0800 -1.7775 4.4640 16 7 14
-0.9984 -1.8305 4.5970 15 6 9
-0.8971 -1.8723 4.7020 12 6 8
-0.8248 -1.9782 4.9680 15 11 14
-0.7438 -2.0965 5.2650 15 6 13
-0.6240 -2.1327 5.3560 11 6 14
-0.5541 -2.4047 6.0390 17 6 10
-0.5032 -3.0661 7.7000 13 12 14
-0.4387 -4.3033 10.8070 14 10 11
-0.1913 -4.8094 12.0780 12 3 8
0.1249 -5.5747 14.0000 14 5 10
0.5606 -6.6291 16.6480 11 2 9
0.8411 -5.5747 14.0000 13 7 11
1.0887 -5.1100 12.8330 10 4 6
1.4064 -5.1100 12.8330 11 2 7
2.0185 -5.9824 15.0240 15 7 6
2.5791 -6.4547 16.2100 19 13 19
3.9405 -8.4580 21.2410 11 2 5
3.8095 -7.2140 18.1170 10 4 8
3.8098 -6.4547 16.2100 13 3 3
5.1619 -7.9121 19.8700 9 3 5
5.0079 -7.0082 17.6000 15 6 9
8.3277 -10.6644 26.7820 9 5 8
12.9242 -15.3300 38.4990 12 7 5
15.8598 -17.5200 43.9990 14 8 10
19.7738 -20.4400 51.3320 19 8 16
25.2534 -24.5278 61.5980 35 17 23
19.1275 -17.5200 43.9990 24 1 11
20.2894 -17.5200 43.9990 23 16 25
26.5514 -20.4400 51.3320 21 15 19
-1.9552 -1.5077 3.8020 18 1 3
-1.8611 -1.5077 3.8020 18 0 8
-1.6550 -1.4121 3.5610 13 2 10
-1.6171 -1.4628 3.6890 11 0 8
-1.5725 -1.5077 3.8020 8 3 11
-1.4605 -1.4894 3.7560 10 1 8
-1.4017 -1.5267 3.8500 11 2 9
-1.3753 -1.6072 4.0530 6 0 4
-1.2598 -1.5965 4.0260 15 6 11
-1.1993 -1.6504 4.1620 15 6 13
-1.1426 -1.7202 4.3380 8 2 8
-1.0729 -1.7829 4.4960 12 6 12
-0.9832 -1.8229 4.5970 14 5 12
-0.8682 -1.8364 4.6310 11 2 9
-0.8084 -1.9700 4.9680 11 7 10
-0.6966 -2.0021 5.0490 12 11 15
-0.5860 -2.0525 5.1760 10 8 15
-0.5092 -2.2829 5.7570 12 1 7
-0.4445 -2.8404 7.1630 11 10 14
-0.3705 -3.9396 9.9350 13 7 11
-0.1457 -4.6086 11.6220 11 7 10
0.1711 -5.5516 14.0000 10 4 10
0.6156 -6.6016 16.6480 9 3 9
0.8488 -5.3101 13.3910 6 2 5
1.1551 -5.1971 13.1060 10 1 4
1.5118 -5.3101 13.3910 15 6 13
2.1198 -6.1067 15.4000 17 9 8
2.6326 -6.4279 16.2100 32 23 30
4.1174 -8.7235 21.9990 12 3 6
3.7588 -6.9791 17.6000 8 2 6
4.0780 -6.7852 17.1110 15 6 9
5.2275 -7.8793 19.8700 9 3 5
5.0660 -6.9791 17.6000 14 5 10
8.3719 -10.6202 26.7820 16 12 17
13.9215 -16.2844 41.0660 9 3 5
17.2360 -18.7893 47.3830 19 15 18
19.9433 -20.3553 51.3320 29 12 12
23.1428 -22.2059 55.9990 34 19 20
19.2728 -17.4474 43.9990 20 0 6
23.8403 -20.3553 51.3320 20 8 19
26.7208 -20.3553 51.3320 18 7 15
-1.9549 -1.5109 3.8260 17 1 6
-1.8262 -1.4832 3.7560 17 1 8
-1.6335 -1.3979 3.5400 11 2 9
-1.6049 -1.4568 3.6890 12 1 9
-1.5505 -1.4923 3.7790 11 6 14
-1.4481 -1.4832 3.7560 10 1 8
-1.3976 -1.5298 3.8740 12 3 10
-1.3619 -1.6005 4.0530 14 5 10
-1.2465 -1.5898 4.0260 7 1 5
-1.1935 -1.6546 4.1900 14 5 10
-1.1444 -1.7375 4.4000 11 2 7
-1.0581 -1.7754 4.4960 9 0 7
-0.9752 -1.8287 4.6310 15 9 15
-0.8404 -1.8019 4.5630 16 7 14
-0.7732 -1.9152 4.8500 14 13 17
-0.6584 -1.9306 4.8890 10 9 13
-0.5549 -1.9938 5.0490 8 8 12
-0.5044 -2.3389 5.9230 12 3 8
-0.4468 -3.0031 7.6050 13 7 13
-0.3490 -4.0540 10.2660 16 10 14
-0.1116 -4.7695 12.0780 7 6 8
0.2223 -5.6568 14.3250 9 3 9
0.6892 -6.7570 17.1110 9 3 9
0.9105 -5.5285 14.0000 9 3 7
1.2245 -5.2880 13.3910 11 2 7
1.6267 -5.5285 14.0000 16 7 12
2.2262 -6.2369 15.7940 12 7 5
2.7587 -6.5742 16.6480 62 44 52
4.1900 -8.6872 21.9990 10 4 8
3.7109 -6.7570 17.1110 10 1 8
4.1345 -6.7570 17.1110 12 8 13
5.1276 -7.6013 19.2490 7 1 3
5.1241 -6.9501 17.6000 13 8 6
9.2662 -11.5834 29.3330 18 9 12
14.0570 -16.2166 41.0660 21 13 12
16.1503 -17.3748 43.9990 10 9 11
24.1351 -24.3245 61.5980 29 17 17
20.3641 -18.7111 47.3830 16 7 12
18.6658 -16.2166 41.0660 15 11 16
29.0578 -22.1135 55.9990 23 12 20
-1.9490 -1.4951 3.8020 24 2 6
-1.8212 -1.4680 3.7330 16 0 7
-1.6394 -1.3921 3.5400 15 6 13
-1.6171 -1.4507 3.6890 12 0 11
-1.5567 -1.4861 3.7790 6 1 9
-1.4368 -1.4593 3.7110 15 6 13
-1.3866 -1.5045 3.8260 14 5 12
-1.3595 -1.5832 4.0260 10 1 6
-1.2517 -1.5730 4.0000 7 1 7
-1.2005 -1.6477 4.1900 10 1 6
-1.1601 -1.7428 4.4320 12 6 12
-1.0655 -1.7680 4.4960 7 1 7
-0.9829 -1.8211 4.6310 9 3 9
-0.8619 -1.8077 4.5970 15 6 11
-0.7812 -1.9072 4.8500 10 9 11
-0.6665 -1.9226 4.8890 12 7 15
-0.5633 -1.9855 5.0490 4 4 8
-0.4817 -2.1821 5.5490 12 3 10
-0.4023 -2.5498 6.4840 12 8 13
-0.3429 -3.6155 9.1940 15 11 14
-0.1219 -4.4043 11.2000 10 4 8
0.1942 -5.5054 14.0000 8 2 8
0.6609 -6.7288 17.1110 7 1 7
0.8874 -5.5054 14.0000 10 4 8
1.1803 -5.2659 13.3910 11 2 5
1.6036 -5.5054 14.0000 24 11 17
2.2581 -6.3744 16.2100 17 12 10
2.7312 -6.5467 16.6480 53 42 48
4.1537 -8.6509 21.9990 10 4 8
3.6544 -6.7288 17.1110 9 3 9
4.1063 -6.7288 17.1110 13 7 9
5.0959 -7.5695 19.2490 10 4 6
4.9535 -6.7288 17.1110 22 11 15
8.4161 -10.5318 26.7820 16 7 10
13.0513 -15.1394 38.4990 14 8 10
16.0776 -17.3022 43.9990 11 7 10
24.0334 -24.2229 61.5980 26 14 14
19.3454 -17.3022 43.9990 21 8 14
28.6082 -24.2229 61.5980 22 12 22
-1.9564 -1.4708 3.7560 15 3 14
-1.8686 -1.4798 3.7790 14 1 9
-1.6726 -1.3945 3.5610 13 0 6
-1.6120 -1.4187 3.6230 12 2 12
-1.5782 -1.4708 3.7560 9 2 13
-1.4675 -1.4532 3.7110 10 1 8
-1.3946 -1.4798 3.7790 12 3 10
-1.3771 -1.5664 4.0000 9 3 7
-1.2781 -1.5664 4.0000 7 2 10
-1.2023 -1.5973 4.0790 15 4 12
-1.1796 -1.7109 4.3690 8 3 11
-1.1026 -1.7606 4.4960 12 1 7
-1.0060 -1.8001 4.5970 10 9 11
-0.8856 -1.7868 4.5630 16 7 12
-0.7726 -1.7868 4.5630 6 5 7
-0.6903 -1.8698 4.7750 15 9 15
-0.5811 -1.8992 4.8500 11 7 12
-0.4755 -1.9936 5.0910 11 7 12
-0.3952 -2.2544 5.7570 12 11 11
-0.3466 -3.0924 7.8970 16 15 19
-0.1842 -3.7691 9.6250 12 6 12
0.0769 -5.3605 13.6890 9 3 9
0.5191 -6.3477 16.2100 10 1 8
0.9204 -6.3477 16.2100 7 3 8
1.1162 -5.3605 13.6890 11 2 5
1.4550 -5.3605 13.6890 19 6 10
2.0698 -6.1848 15.7940 20 9 15
2.5524 -6.3477 16.2100 16 10 14
3.7414 -8.0405 20.5330 8 4 9
3.8633 -7.3094 18.6660 8 1 10
3.9651 -6.7005 17.1110 10 1 6
5.0963 -7.7809 19.8700 15 7 6
4.8405 -6.7005 17.1110 13 7 11
6.7679 -8.6146 21.9990 15 12 9
12.0442 -14.1889 36.2340 13 7 13
14.6670 -16.0811 41.0660 17 4 10
19.6044 -20.1011 51.3320 19 10 17
20.3641 -18.5548 47.3830 21 15 19
21.5371 -18.5548 47.3830 13 7 11
30.6415 -24.1212 61.5980 12 1 5
-1.9444 -1.4556 3.7330 15 3 14
-1.8634 -1.4646 3.7560 15 2 10
-1.6726 -1.3886 3.5610 13 0 6
-1.6120 -1.4128 3.6230 10 0 10
-1.5686 -1.4556 3.7330 13 6 15
-1.4675 -1.4471 3.7110 10 4 10
-1.3923 -1.4646 3.7560 13 6 15
-1.3747 -1.5496 3.9740 12 3 8
-1.2781 -1.5598 4.0000 6 1 9
-1.1947 -1.5804 4.0530 17 6 14
-1.1880 -1.7157 4.4000 8 3 11
-1.1026 -1.7532 4.4960 14 5 10
-0.9986 -1.7660 4.5290 6 5 7
-0.8790 -1.7660 4.5290 13 2 8
-0.7559 -1.7407 4.4640 6 5 7
-0.6903 -1.8620 4.7750 12 6 12
-0.5811 -1.8912 4.8500 12 11 15
-0.4799 -1.9688 5.0490 12 8 13
-0.3952 -2.2449 5.7570 7 6 6
-0.3466 -3.0794 7.8970 12 11 13
-0.1842 -3.7532 9.6250 12 6 12
0.0769 -5.3379 13.6890 8 2 8
0.4924 -6.3209 16.2100 11 2 9
0.9204 -6.3209 16.2100 6 2 7
1.1162 -5.3379 13.6890 10 1 4
1.4550 -5.3379 13.6890 18 5 9
2.0698 -6.1587 15.7940 22 13 16
2.5256 -6.3209 16.2100 15 6 13
3.7414 -8.0067 20.5330 9 5 10
3.8633 -7.2786 18.6660 7 2 10
3.9651 -6.6723 17.1110 10 1 6
5.0963 -7.7481 19.8700 12 3 6
4.6820 -6.4917 16.6480 15 9 13
6.5347 -8.2827 21.2410 9 6 3
12.0442 -14.1291 36.2340 14 8 12
13.7502 -15.0123 38.4990 21 8 14
18.0962 -18.4766 47.3830 18 9 16
20.2859 -18.4766 47.3830 15 6 9
23.3320 -20.0164 51.3320 16 10 14
30.8448 -24.0196 61.5980 15 2 8
-1.9197 -1.4495 3.7330 22 1 8
-1.8273 -1.4495 3.7330 15 2 10
-1.6452 -1.3745 3.5400 8 4 9
-1.6038 -1.4153 3.6450 12 1 9
-1.5534 -1.4584 3.7560 10 0 10
-1.4258 -1.4239 3.6670 10 4 10
-1.3930 -1.4856 3.8260 11 2 7
-1.3485 -1.5431 3.9740 10 4 8
-1.2583 -1.5532 4.0000 7 2 10
-1.1993 -1.6161 4.1620 11 2 7
-1.1929 -1.7586 4.5290 9 2 11
-1.0729 -1.7458 4.4960 8 2 6
-0.9905 -1.7982 4.6310 9 3 9
-0.8443 -1.7333 4.4640 13 2 8
-0.7370 -1.7586 4.5290 11 7 10
-0.6487 -1.8257 4.7020 9 2 11
-0.5491 -1.8832 4.8500 10 9 11
-0.4430 -1.9446 5.0080 15 9 15
-0.3567 -2.1744 5.6000 7 6 10
-0.2836 -2.9529 7.6050 14 10 11
-0.1309 -4.0538 10.4400 11 2 7
0.1711 -5.4361 14.0000 10 1 8
0.6508 -6.8339 17.6000 10 4 10
0.9275 -5.8337 15.0240 7 1 7
1.2339 -5.4361 14.0000 12 3 6
1.6557 -5.6947 14.6660 21 8 12
2.2313 -6.2942 16.2100 12 7 5
2.6326 -6.2942 16.2100 31 22 29
4.1174 -8.5420 21.9990 8 2 8
3.7588 -6.8339 17.6000 8 2 6
4.3178 -7.0347 18.1170 12 6 10
5.0641 -7.4742 19.2490 9 3 5
4.9252 -6.6440 17.1110 13 2 6
7.4060 -9.1994 23.6920 19 16 13
12.2236 -14.0693 36.2340 12 8 11
14.0043 -14.9488 38.4990 9 5 8
23.9318 -23.9179 61.5980 18 7 15
20.5987 -18.3984 47.3830 19 10 15
25.7306 -21.7439 55.9990 30 14 21
32.0648 -23.9179 61.5980 15 6 13
-1.9013 -1.4433 3.7330 20 2 8
-1.7875 -1.4263 3.6890 11 2 9
-1.6277 -1.3687 3.5400 13 7 13
-1.6049 -1.4263 3.6890 17 6 14
-1.5226 -1.4348 3.7110 10 1 8
-1.4161 -1.4263 3.6890 14 5 10
-1.3740 -1.4793 3.8260 10 1 8
-1.3288 -1.5365 3.9740 9 0 5
-1.2384 -1.5466 4.0000 8 2 6
-1.1935 -1.6200 4.1900 11 2 9
-1.1705 -1.7511 4.5290 7 0 9
-1.0507 -1.7383 4.4960 10 1 8
-0.9676 -1.7905 4.6310 12 6 12
-0.8047 -1.6892 4.3690 10 4 10
-0.7168 -1.7383 4.4960 6 5 7
-0.6208 -1.8045 4.6670 18 9 16
-0.5251 -1.8752 4.8500 9 8 10
-0.4149 -1.9208 4.9680 11 2 7
-0.3320 -2.1849 5.6510 8 4 7
-0.2435 -2.7695 7.1630 11 7 8
-0.0850 -4.3304 11.2000 8 2 8
0.2580 -5.8089 15.0240 8 2 6
0.7826 -7.2170 18.6660 10 4 10
1.0018 -5.8089 15.0240 8 2 6
1.2802 -5.4130 14.0000 15 6 11
1.8148 -5.9543 15.4000 24 11 15
2.3740 -6.4368 16.6480 18 9 12
2.8637 -6.6158 17.1110 69 56 62
4.2263 -8.5057 21.9990 8 2 8
3.8169 -6.8049 17.6000 10 4 8
4.3776 -7.0048 18.1170 12 6 8
5.0031 -7.2170 18.6660 14 5 10
5.1531 -6.8049 17.6000 19 10 13
8.5045 -10.3550 26.7820 24 9 8
12.4030 -14.0095 36.2340 12 7 5
14.1314 -14.8853 38.4990 15 11 14
24.2367 -23.8163 61.5980 31 16 17
20.3641 -18.3202 47.3830 14 8 12
23.3320 -19.8470 51.3320 16 5 9
27.7639 -21.6515 55.9990 19 6 12
-1.9259 -1.4372 3.7330 20 4 11
-1.8273 -1.4372 3.7330 16 6 16
-1.6452 -1.3629 3.5400 9 3 7
-1.6038 -1.4033 3.6450 13 2 10
-1.5596 -1.4460 3.7560 10 1 8
-1.4319 -1.4118 3.6670 7 0 9
-1.3758 -1.4549 3.7790 12 3 8
-1.3312 -1.5103 3.9230 7 1 5
-1.2501 -1.5300 3.9740 7 2 10
-1.1981 -1.5915 4.1340 12 5 14
-1.1917 -1.7309 4.4960 13 7 13
-1.0729 -1.7309 4.4960 8 2 8
-0.9832 -1.7698 4.5970 8 3 11
-0.8322 -1.6940 4.4000 10 1 8
-0.7285 -1.7063 4.4320 7 6 8
-0.6466 -1.7829 4.6310 15 9 13
-0.5448 -1.8526 4.8120 13 9 10
-0.4325 -1.8822 4.8890 15 9 15
-0.3442 -2.0801 5.4030 11 11 13
-0.2665 -2.6349 6.8440 10 9 9
-0.1345 -3.6486 9.4770 8 4 7
0.1750 -5.5150 14.3250 8 2 8
0.6508 -6.7758 17.6000 7 1 5
0.9750 -6.0805 15.7940 5 1 6
1.2108 -5.3899 14.0000 14 5 10
1.6713 -5.7841 15.0240 22 11 17
2.2641 -6.4093 16.6480 17 12 10
2.7038 -6.4093 16.6480 30 25 33
4.4343 -9.1212 23.6920 7 1 7
3.8394 -6.9749 18.1170 7 1 7
4.2879 -6.9749 18.1170 18 9 14
5.0323 -7.4107 19.2490 10 4 8
4.9252 -6.5876 17.1110 16 5 9
7.4060 -9.1212 23.6920 17 16 16
11.5445 -13.1747 34.2210 6 2 7
13.1206 -13.9497 36.2340 13 7 9
18.3308 -18.2420 47.3830 17 7 17
20.1295 -18.2420 47.3830 21 12 17
23.0779 -19.7623 51.3320 22 6 15
25.1959 -19.7623 51.3320 19 5 16
-1.9268 -1.4226 3.7110 12 1 9
-1.8458 -1.4310 3.7330 14 4 14
-1.6761 -1.3727 3.5810 15 6 11
-1.6158 -1.3973 3.6450 13 2 10
-1.5720 -1.4398 3.7560 15 4 12
-1.4440 -1.4057 3.6670 7 0 9
-1.3861 -1.4398 3.7560 13 2 10
-1.3359 -1.4946 3.8990 7 1 5
-1.2632 -1.5234 3.9740 9 3 9
-1.2038 -1.5744 4.1070 12 7 15
-1.1979 -1.7112 4.4640 9 3 9
-1.0952 -1.7235 4.4960 8 2 6
-0.9910 -1.7492 4.5630 6 1 9
-0.8407 -1.6748 4.3690 16 7 14
-0.7223 -1.6514 4.3080 6 6 8
-0.6473 -1.7361 4.5290 8 4 9
-0.5642 -1.8304 4.7750 13 9 14
-0.4495 -1.8446 4.8120 8 4 7
-0.3439 -1.9677 5.1330 5 5 7
-0.2655 -2.4097 6.2860 9 8 8
-0.1496 -3.2795 8.5550 12 8 9
0.1041 -5.4913 14.3250 9 0 5
0.5480 -6.5593 17.1110 23 19 20
0.9728 -6.3818 16.6480 3 2 6
1.2200 -5.6221 14.6660 10 1 6
1.6217 -5.7593 15.0240 20 8 8
2.2706 -6.5593 17.1110 15 7 6
2.5524 -6.2139 16.2100 13 9 14
4.3561 -9.0821 23.6920 8 2 8
3.8941 -7.1554 18.6660 9 3 9
4.2281 -6.9450 18.1170 12 3 8
5.1291 -7.6170 19.8700 12 3 6
4.8405 -6.5593 17.1110 7 1 5
6.8042 -8.4331 21.9990 11 10 12
11.4316 -13.1183 34.2210 10 4 8
12.2788 -13.1183 34.2210 18 0 6
18.1744 -18.1638 47.3830 15 3 16
22.8655 -21.4666 55.9990 24 18 24
20.5987 -18.1638 47.3830 22 11 19
28.3032 -23.6130 61.5980 28 6 8
27.7639 -21.4666 55.9990 23 7 14
-1.9197 -1.4248 3.7330 22 4 14
-1.8386 -1.4336 3.7560 12 2 12
-1.6681 -1.3748 3.6020 10 1 6
-1.6074 -1.3997 3.6670 12 1 9
-1.5534 -1.4336 3.7560 15 4 12
-1.4258 -1.3997 3.6670 6 2 7
-1.3675 -1.4336 3.7560 9 0 7
-1.3081 -1.4787 3.8740 7 1 5
-1.2435 -1.5168 3.9740 10 3 12
-1.1912 -1.5779 4.1340 8 3 11
-1.1929 -1.7287 4.5290 7 0 9
-1.0729 -1.7161 4.4960 8 2 8
-0.9760 -1.7416 4.5630 9 8 12
-0.8077 -1.6443 4.3080 9 3 9
-0.7059 -1.6558 4.3380 7 6 10
-0.6249 -1.7287 4.5290 10 4 8
-0.5406 -1.8226 4.7750 11 7 8
-0.4257 -1.8367 4.8120 13 7 13
-0.3239 -1.9924 5.2200 11 10 12
-0.2418 -2.4749 6.4840 36 49 34
-0.1226 -3.7322 9.7780 10 4 8
0.1930 -6.0284 15.7940 7 1 7
0.6508 -6.7177 17.6000 7 1 5
1.0274 -6.1872 16.2100 8 4 7
1.2626 -5.4677 14.3250 9 3 7
1.8300 -6.1872 16.2100 17 8 11
2.3554 -6.5311 17.1110 17 9 6
2.7790 -6.5311 17.1110 21 19 26
4.4734 -9.0430 23.6920 8 2 8
3.8693 -6.9151 18.1170 7 1 7
4.4486 -7.1246 18.6660 10 1 6
5.0641 -7.3471 19.2490 12 6 8
4.9252 -6.5311 17.1110 17 8 11
7.7427 -9.4044 24.6390 19 11 10
10.9905 -12.3744 32.4200 9 3 9
12.4482 -13.0618 34.2210 10 1 6
18.4090 -18.0856 47.3830 20 8 19
19.5820 -18.0856 47.3830 16 10 16
20.8333 -18.0856 47.3830 18 7 11
28.8116 -23.5113 61.5980 41 31 31
23.3357 -18.0856 47.3830 16 5 11
-1.9197 -1.4187 3.7330 22 6 15
-1.8386 -1.4274 3.7560 10 3 12
-1.6681 -1.3689 3.6020 11 2 7
-1.6171 -1.4020 3.6890 13 2 8
-1.5534 -1.4274 3.7560 16 5 13
-1.4344 -1.4020 3.6890 9 5 10
-1.3675 -1.4274 3.7560 8 2 8
-1.2982 -1.4540 3.8260 5 1 4
-1.2435 -1.5103 3.9740 12 2 12
-1.1993 -1.5817 4.1620 10 3 12
-1.1929 -1.7212 4.5290 7 0 9
-1.0729 -1.7087 4.4960 8 2 8
-0.9760 -1.7341 4.5630 8 4 9
-0.8077 -1.6372 4.3080 10 1 8
-0.7059 -1.6486 4.3380 7 6 8
-0.6249 -1.7212 4.5290 10 4 8
-0.5406 -1.8147 4.7750 12 8 9
-0.4257 -1.8287 4.8120 12 8 11
-0.3239 -1.9838 5.2200 7 6 8
-0.2275 -2.3179 6.0990 3 3 5
-0.1170 -3.5469 9.3330 12 6 8
0.1930 -6.0023 15.7940 7 1 5
0.6327 -6.5029 17.1110 8 2 6
1.0274 -6.1604 16.2100 9 5 8
1.2626 -5.4441 14.3250 9 3 7
1.8300 -6.1604 16.2100 19 8 12
2.3554 -6.5029 17.1110 12 4 1
2.7790 -6.5029 17.1110 28 26 35
4.4734 -9.0039 23.6920 7 1 7
3.8693 -6.8852 18.1170 8 2 6
4.5876 -7.3154 19.2490 14 5 10
5.0641 -7.3154 19.2490 13 7 11
5.0660 -6.6887 17.6000 14 5 8
7.4451 -9.0039 23.6920 19 11 10
10.9905 -12.3209 32.4200 9 3 9
12.4482 -13.0053 34.2210 11 2 7
18.4090 -18.0074 47.3830 19 7 18
19.5820 -18.0074 47.3830 16 10 14
22.4848 -19.5082 51.3320 22 11 17
28.8116 -23.4097 61.5980 32 22 22
23.3357 -18.0074 47.3830 17 6 12
-1.9136 -1.4125 3.7330 20 2 12
-1.8324 -1.4212 3.7560 12 5 16
-1.6681 -1.3630 3.6020 11 2 7
-1.6302 -1.4125 3.7330 16 5 11
-1.5567 -1.4299 3.7790 11 2 9
-1.4454 -1.4125 3.7330 8 4 9
-1.3613 -1.4212 3.7560 10 4 10
-1.3000 -1.4568 3.8500 6 2 5
-1.2615 -1.5336 4.0530 11 2 9
-1.2005 -1.5854 4.1900 9 3 9
-1.1768 -1.7012 4.4960 9 2 11
-1.0504 -1.6770 4.4320 8 2 8
-0.9542 -1.7012 4.4960 5 1 6
-0.7840 -1.5964 4.2190 18 9 16
-0.6987 -1.6415 4.3380 10 9 11
-0.6129 -1.7012 4.4960 9 3 7
-0.5368 -1.8208 4.8120 13 7 11
-0.4145 -1.8068 4.7750 15 11 14
-0.3153 -1.9752 5.2200 12 11 11
-0.2131 -2.2628 5.9800 7 6 6
-0.0958 -3.3298 8.8000 10 4 6
0.2191 -5.9763 15.7940 7 1 5
0.6798 -6.6596 17.6000 8 2 6
1.0542 -6.1337 16.2100 7 3 6
1.2862 -5.4204 14.3250 9 3 7
1.9070 -6.2994 16.6480 15 4 8
2.3836 -6.4746 17.1110 13 8 6
2.8072 -6.4746 17.1110 30 28 37
4.5125 -8.9648 23.6920 7 1 7
4.0173 -7.0630 18.6660 10 1 6
4.6193 -7.2836 19.2490 12 3 6
5.0959 -7.2836 19.2490 11 7 10
5.0950 -6.6596 17.6000 12 3 6
7.4451 -8.9648 23.6920 22 14 13
10.4918 -11.6540 30.7990 13 7 11
11.8466 -12.2674 32.4200 20 9 13
17.1669 -16.6487 43.9990 20 9 13
18.2561 -16.6487 43.9990 19 13 17
22.5696 -19.4235 51.3320 17 8 11
28.9132 -23.3080 61.5980 7 11 6
23.4139 -17.9292 47.3830 17 6 12
-1.9074 -1.4064 3.7330 18 0 8
-1.8262 -1.4150 3.7560 9 2 13
-1.6621 -1.3570 3.6020 10 4 8
-1.6240 -1.4064 3.7330 20 2 8
-1.5505 -1.4237 3.7790 13 2 10
-1.4392 -1.4064 3.7330 17 8 11
-1.3551 -1.4150 3.7560 10 4 10
-1.2937 -1.4504 3.8500 7 1 5
-1.2549 -1.5269 4.0530 9 3 9
-1.1935 -1.5785 4.1900 10 4 10
-1.1780 -1.7062 4.5290 12 2 12
-1.0355 -1.6577 4.4000 8 2 6
-0.9468 -1.6938 4.4960 10 9 13
-0.7771 -1.5895 4.2190 15 6 11
-0.6868 -1.6230 4.3080 7 6 8
-0.6099 -1.7062 4.5290 14 5 10
-0.5289 -1.8129 4.8120 10 4 8
-0.4066 -1.7989 4.7750 14 10 11
-0.3067 -1.9666 5.2200 13 9 10
-0.2033 -2.2529 5.9800 7 6 6
-0.0889 -3.6261 9.6250 8 2 6
0.2584 -6.2719 16.6480 7 3 6
0.6892 -6.4464 17.1110 10 1 6
1.0532 -5.9502 15.7940 12 3 8
1.3099 -5.3968 14.3250 9 3 7
1.9882 -6.4464 17.1110 15 4 8
2.3466 -6.2719 16.6480 14 9 5
2.9165 -6.6306 17.6000 48 42 57
4.5125 -8.9257 23.6920 10 4 10
3.9291 -6.8254 18.1170 10 1 6
4.6511 -7.2518 19.2490 12 3 8
4.9723 -7.0322 18.6660 13 9 14
5.2746 -6.8254 18.1170 11 3 2
7.7834 -9.2825 24.6390 13 8 6
9.5842 -10.5483 27.9990 12 6 12
11.3051 -11.6032 30.7990 18 9 12
15.0845 -14.5041 38.4990 18 9 12
17.1070 -15.4712 41.0660 22 11 15
22.6543 -19.3388 51.3320 13 7 11
26.1927 -21.0970 55.9990 19 13 15
23.3357 -17.8510 47.3830 20 7 11
-1.9254 -1.4088 3.7560 25 4 13
-1.8436 -1.4175 3.7790 10 3 14
-1.6778 -1.3589 3.6230 11 2 9
-1.6503 -1.4175 3.7790 19 3 10
-1.5662 -1.4261 3.8020 12 3 10
-1.4543 -1.4088 3.7560 9 3 9
-1.3529 -1.4002 3.7330 9 3 9
-1.2919 -1.4351 3.8260 5 1 6
-1.2615 -1.5202 4.0530 10 1 8
-1.2088 -1.5825 4.2190 8 4 9
-1.1768 -1.6864 4.4960 11 2 9
-1.0428 -1.6504 4.4000 10 4 8
-0.9474 -1.6744 4.4640 9 5 10
-0.7840 -1.5825 4.2190 13 2 10
-0.6891 -1.6046 4.2780 7 6 8
-0.6129 -1.6864 4.4960 14 5 10
-0.5368 -1.8049 4.8120 11 7 10
-0.4145 -1.7910 4.7750 16 10 12
-0.3185 -1.9253 5.1330 7 3 4
-0.2033 -2.1395 5.7040 10 9 9
-0.0906 -3.1222 8.3240 8 2 6
0.2309 -6.2445 16.6480 8 4 7
0.6609 -6.4181 17.1110 11 2 7
1.0274 -6.0802 16.2100 8 2 4
1.3168 -5.5010 14.6660 10 4 6
1.8568 -6.0802 16.2100 20 9 13
2.2001 -5.9241 15.7940 14 11 8
2.8072 -6.4181 17.1110 37 35 46
4.6522 -9.2418 24.6390 10 4 8
4.0173 -7.0014 18.6660 10 1 6
4.6193 -7.2201 19.2490 14 5 10
5.0959 -7.2201 19.2490 9 8 12
5.4036 -7.0014 18.6660 9 3 5
7.4451 -8.8866 23.6920 13 7 9
9.5379 -10.5021 27.9990 13 7 13
11.2542 -11.5524 30.7990 12 1 5
15.0210 -14.4405 38.4990 15 6 9
17.0392 -15.4034 41.0660 19 8 12
22.5696 -19.2540 51.3320 14 8 14
26.1927 -21.0046 55.9990 14 9 7
23.3357 -17.7728 47.3830 26 10 15
-1.9372 -1.4112 3.7790 24 3 12
-1.8436 -1.4112 3.7790 7 2 10
-1.6880 -1.3612 3.6450 10 4 10
-1.6503 -1.4112 3.7790 20 4 9
-1.5662 -1.4198 3.8020 11 2 9
-1.4632 -1.4112 3.7790 8 2 8
-1.3529 -1.3940 3.7330 7 1 7
-1.2919 -1.4288 3.8260 7 2 10
-1.2615 -1.5135 4.0530 10 4 10
-1.2088 -1.5755 4.2190 8 4 9
-1.1768 -1.6790 4.4960 10 1 8
-1.0428 -1.6431 4.4000 14 5 10
-0.9474 -1.6670 4.4640 6 2 7
-0.7964 -1.5864 4.2480 12 1 9
-0.6891 -1.5976 4.2780 9 8 10
-0.6085 -1.6670 4.4640 10 4 8
-0.5368 -1.7970 4.8120 13 9 14
-0.4113 -1.7694 4.7380 12 6 8
-0.3159 -1.9012 5.0910 8 2 4
-0.1978 -2.0722 5.5490 11 7 8
-0.0838 -2.8755 7.7000 10 4 8
0.2309 -6.2170 16.6480 6 2 5
0.6430 -6.2170 16.6480 12 6 10
1.0274 -6.0534 16.2100 10 4 8
1.3168 -5.4768 14.6660 9 3 5
1.8568 -6.0534 16.2100 19 9 9
2.2001 -5.8981 15.7940 16 13 10
2.8072 -6.3899 17.1110 33 32 43
4.6522 -9.2011 24.6390 9 3 7
4.1428 -7.1883 19.2490 10 1 6
4.6193 -7.1883 19.2490 13 7 11
5.0959 -7.1883 19.2490 9 8 12
5.4036 -6.9706 18.6660 10 4 6
7.1692 -8.5196 22.8140 15 9 11
9.1234 -10.0014 26.7820 15 6 13
10.7185 -10.9541 29.3330 15 4 10
12.6492 -12.1069 32.4200 13 7 9
15.9741 -14.3770 38.4990 19 8 12
22.5696 -19.1693 51.3320 13 9 12
26.1927 -20.9122 55.9990 14 11 8
23.3357 -17.6946 47.3830 23 7 12
-1.9372 -1.4050 3.7790 25 4 11
-1.8436 -1.4050 3.7790 9 4 12
-1.6880 -1.3552 3.6450 9 3 7
-1.6402 -1.3964 3.7560 20 4 11
-1.5567 -1.4050 3.7790 12 3 10
-1.4632 -1.4050 3.7790 7 3 8
-1.3529 -1.3879 3.7330 9 3 9
-1.2919 -1.4225 3.8260 11 6 14
-1.2682 -1.5069 4.0530 10 3 12
-1.2088 -1.5686 4.2190 6 2 7
-1.1768 -1.6716 4.4960 10 1 6
-1.0504 -1.6478 4.4320 12 6 10
-0.9474 -1.6597 4.4640 7 3 6
-0.7964 -1.5794 4.2480 10 1 8
-0.6891 -1.5905 4.2780 10 9 11
-0.6085 -1.6597 4.4640 14 8 12
-0.5368 -1.7890 4.8120 12 8 13
-0.4113 -1.7615 4.7380 13 7 9
-0.3159 -1.8928 5.0910 8 2 4
-0.1978 -2.0631 5.5490 7 6 8
-0.0838 -2.8628 7.7000 15 11 16
0.2309 -6.1895 16.6480 7 3 8
0.6430 -6.1895 16.6480 10 4 8
1.0011 -5.8720 15.7940 7 1 5
1.3168 -5.4526 14.6660 9 3 5
1.8091 -5.8720 15.7940 18 8 8
2.1452 -5.7255 15.4000 15 12 9
2.8072 -6.3617 17.1110 30 35 44
4.4734 -8.8084 23.6920 8 2 6
4.1428 -7.1565 19.2490 8 2 8
4.6193 -7.1565 19.2490 13 7 11
5.0959 -7.1565 19.2490 9 8 12
5.4036 -6.9398 18.6660 10 1 6
7.1692 -8.4820 22.8140 15 11 12
8.7432 -9.5423 25.6660 16 5 11
10.2311 -10.4097 27.9990 16 5 9
11.4447 -10.9057 29.3330 14 8 10
15.9741 -14.3135 38.4990 18 7 13
24.6215 -20.8198 55.9990 15 11 16
24.2639 -19.0846 51.3320 5 4 6
25.6195 -19.0846 51.3320 22 6 11
-1.9360 -1.4161 3.8260 20 3 5
-1.7754 -1.3654 3.6890 8 2 6
-1.6639 -1.3492 3.6450 6 2 7
-1.6117 -1.3817 3.7330 10 4 6
-1.5508 -1.4161 3.8260 15 6 11
-1.4382 -1.3988 3.7790 14 5 10
-1.3365 -1.3902 3.7560 10 1 6
-1.2908 -1.4432 3.8990 6 2 7
-1.2834 -1.5509 4.1900 12 6 12
-1.1974 -1.5834 4.2780 9 3 5
-1.1471 -1.6641 4.4960 9 3 9
-1.0285 -1.6523 4.4640 12 6 10
-0.9114 -1.6405 4.4320 10 4 8
-0.7684 -1.5723 4.2480 10 1 6
-0.6655 -1.5946 4.3080 5 1 4
-0.5963 -1.7015 4.5970 12 8 11
-0.5012 -1.7674 4.7750 13 9 10
-0.3830 -1.7674 4.7750 10 1 4
-0.2870 -1.9158 5.1760 6 2 7
-0.1657 -2.1113 5.7040 12 8 9
-0.0377 -3.2572 8.8000 7 3 6
0.3318 -5.9999 16.2100 5 1 6
0.7331 -5.9999 16.2100 9 5 8
1.1053 -5.8460 15.7940 7 3 6
1.4482 -5.5610 15.0240 11 7 8
1.9134 -5.8460 15.7940 16 6 6
2.2469 -5.7001 15.4000 9 5 6
3.1855 -6.9090 18.6660 28 33 38
4.2990 -8.1427 21.9990 7 3 8
4.2699 -7.1248 19.2490 8 4 9
4.7464 -7.1248 19.2490 6 2 5
5.0647 -6.9090 18.6660 13 9 12
6.0796 -7.6000 20.5330 12 3 6
7.6015 -8.7693 23.6920 18 9 14
8.8703 -9.5000 25.6660 15 4 12
10.4159 -10.3635 27.9990 18 7 11
12.8632 -11.9999 32.4200 18 7 13
17.3103 -15.2001 41.0660 12 5 14
27.4899 -22.7997 61.5980 17 16 18
22.7101 -17.5382 47.3830 8 1 10
-1.9221 -1.3512 3.6670 15 5 15
-1.9347 -1.4275 3.8740 12 3 6
-1.7301 -1.3431 3.6450 10 4 6
-1.6498 -1.3512 3.6670 11 2 7
-1.5968 -1.3840 3.7560 11 7 10
-1.5160 -1.4010 3.8020 13 2 6
-1.4047 -1.3840 3.7560 12 6 12
-1.3197 -1.3925 3.7790 12 1 7
-1.2894 -1.4644 3.9740 9 3 7
-1.2645 -1.5546 4.2190 8 4 7
-1.1941 -1.6099 4.3690 9 3 7
-1.1175 -1.6567 4.4960 8 4 7
-0.9990 -1.6449 4.4640 11 2 7
-0.8758 -1.6213 4.4000 10 4 8
-0.7403 -1.5653 4.2480 11 7 10
-0.6460 -1.6099 4.3690 9 8 10
-0.5833 -1.7459 4.7380 7 6 6
-0.4660 -1.7459 4.7380 13 9 10
-0.3570 -1.7872 4.8500 3 3 5
-0.2550 -1.9235 5.2200 11 7 8
-0.1329 -2.1826 5.9230 7 6 6
0.0259 -4.1271 11.2000 8 2 8
0.4507 -6.1346 16.6480 7 3 6
0.8402 -5.9732 16.2100 8 4 5
1.2096 -5.8199 15.7940 7 3 8
1.5607 -5.6747 15.4000 13 10 7
1.9673 -5.6747 15.4000 20 14 16
2.4721 -5.9732 16.2100 13 12 12
3.5222 -7.3218 19.8700 5 4 8
4.4442 -8.1064 21.9990 12 3 8
4.3652 -7.0930 19.2490 10 4 10
4.8735 -7.0930 19.2490 11 2 5
5.3500 -7.0930 19.2490 12 8 11
6.2152 -7.5662 20.5330 13 9 12
7.4704 -8.4067 22.8140 10 4 10
8.6780 -9.0792 24.6390 21 8 12
9.3286 -9.0792 24.6390 23 5 11
13.0772 -11.9464 32.4200 20 9 15
20.2859 -17.4600 47.3830 11 7 12
24.2639 -18.9152 51.3320 8 2 4
25.5347 -18.9152 51.3320 24 1 9
-1.9486 -1.4035 3.8260 18 0 6
-1.8089 -1.3694 3.7330 9 5 10
-1.6659 -1.3291 3.6230 10 4 10
-1.6144 -1.3613 3.7110 10 1 4
-1.5505 -1.3863 3.7790 10 1 8
-1.4595 -1.3947 3.8020 9 0 5
-1.3571 -1.3863 3.7790 10 1 4
-1.3037 -1.4303 3.8990 6 2 7
-1.3063 -1.5477 4.2190 10 4 10
-1.2101 -1.5583 4.2480 9 3 9
-1.1620 -1.6493 4.4960 10 1 6
-1.0507 -1.6493 4.4960 9 3 7
-0.9394 -1.6493 4.4960 7 3 6
-0.7824 -1.5583 4.2480 12 3 10
-0.6916 -1.5913 4.3380 6 5 5
-0.6115 -1.6864 4.5970 9 8 12
-0.5210 -1.7652 4.8120 14 10 11
-0.3956 -1.7381 4.7380 11 0 4
-0.2991 -1.8676 5.0910 9 3 5
-0.1853 -1.9996 5.4510 6 5 5
-0.0654 -2.5972 7.0800 12 8 11
0.2299 -4.9123 13.3910 9 5 8
0.6796 -5.9464 16.2100 7 3 8
1.0532 -5.7938 15.7940 10 4 8
1.4082 -5.6493 15.4000 8 2 4
1.7894 -5.6493 15.4000 15 5 5
2.1425 -5.5114 15.0240 11 10 10
2.9455 -6.4563 17.6000 48 50 60
4.2263 -8.0701 21.9990 5 1 6
4.1746 -7.0613 19.2490 9 3 7
4.6511 -7.0613 19.2490 11 10 10
5.0031 -6.8474 18.6660 13 9 14
6.0119 -7.5323 20.5330 8 2 8
6.9857 -8.0701 21.9990 15 9 11
7.8093 -8.3690 22.8140 12 1 7
9.4210 -9.4152 25.6660 15 2 6
10.5378 -9.8246 26.7820 21 5 10
16.1012 -14.1229 38.4990 17 11 17
28.5066 -22.5964 61.5980 14 5 10
21.4513 -16.1405 43.9990 24 6 12
-1.9215 -1.3472 3.6890 17 5 16
-1.9037 -1.4060 3.8500 17 4 10
-1.6820 -1.3077 3.5810 10 1 4
-1.6316 -1.3391 3.6670 14 1 5
-1.5686 -1.3632 3.7330 8 4 7
-1.5418 -1.4239 3.8990 10 1 8
-1.4119 -1.3972 3.8260 13 7 11
-1.3337 -1.4147 3.8740 9 0 5
-1.3122 -1.4998 4.1070 10 1 6
-1.2521 -1.5513 4.2480 6 2 7
-1.1880 -1.6068 4.4000 10 1 6
-1.1032 -1.6539 4.5290 7 6 10
-0.9699 -1.6185 4.4320 11 6 14
-0.8361 -1.5732 4.3080 8 3 11
-0.7295 -1.5732 4.3080 5 4 8
-0.6407 -1.6185 4.4320 13 9 12
-0.5721 -1.7438 4.7750 11 7 8
-0.4426 -1.7303 4.7380 11 10 10
-0.3383 -1.7996 4.9280 4 3 5
-0.2331 -1.9391 5.3100 6 2 3
-0.1123 -2.1426 5.8670 8 4 9
0.0516 -3.3575 9.1940 7 3 8
0.4697 -5.3558 14.6660 8 2 6
0.8968 -5.7678 15.7940 12 6 8
1.2878 -5.7678 15.7940 11 2 9
1.6369 -5.6239 15.4000 14 5 8
1.9689 -5.4866 15.0240 17 8 11
2.6213 -6.0796 16.6480 11 10 12
3.7414 -7.4984 20.5330 5 1 4
4.2497 -7.4984 20.5330 49 46 43
4.6044 -7.2563 19.8700 12 6 10
4.9370 -7.0295 19.2490 15 3 3
5.8085 -7.4984 20.5330 7 6 8
6.7679 -8.0337 21.9990 9 9 13
7.3125 -8.0337 21.9990 16 5 11
8.8000 -8.9978 24.6390 13 2 8
9.0483 -8.6520 23.6920 15 2 6
13.2377 -11.8394 32.4200 15 9 13
24.2518 -20.4501 55.9990 16 12 15
22.6319 -17.3037 47.3830 9 3 9
25.7889 -18.7458 51.3320 13 7 9
-1.9603 -1.4083 3.8740 21 3 9
-1.7482 -1.3251 3.6450 8 2 6
-1.6384 -1.3095 3.6020 7 1 5
-1.5866 -1.3411 3.6890 6 2 3
-1.5508 -1.3909 3.8260 10 1 6
-1.4561 -1.3909 3.8260 10 4 10
-1.3614 -1.3909 3.8260 9 0 5
-1.3091 -1.4447 3.9740 4 2 9
-1.2942 -1.5443 4.2480 9 5 10
-1.2058 -1.5661 4.3080 9 0 3
-1.1471 -1.6345 4.4960 14 5 8
-1.0434 -1.6465 4.5290 10 4 6
-0.8912 -1.5883 4.3690 9 3 9
-0.7721 -1.5661 4.3080 14 8 12
-0.6749 -1.5883 4.3690 7 1 5
-0.6007 -1.6835 4.6310 9 9 13
-0.5051 -1.7493 4.8120 13 9 10
-0.3751 -1.7359 4.7750 5 1 4
-0.2785 -1.8817 5.1760 6 2 7
-0.1611 -2.0173 5.5490 11 7 10
-0.0311 -2.6346 7.2470 11 7 8
0.2627 -4.6653 12.8330 5 1 4
0.7404 -5.7417 15.7940 6 2 5
1.1612 -5.8929 16.2100 6 2 3
1.5224 -5.7417 15.7940 7 3 4
1.8201 -5.4618 15.0240 19 7 5
2.1921 -5.4618 15.0240 11 10 12
3.2163 -6.7858 18.6660 5 5 9
4.0464 -7.4645 20.5330 8 4 9
4.4076 -7.2235 19.8700 9 3 9
4.7464 -6.9977 19.2490 7 6 8
5.2229 -6.9977 19.2490 9 8 12
6.3243 -7.7219 21.2410 9 3 5
6.8502 -7.7219 21.2410 15 6 9
7.9223 -8.2937 22.8140 16 5 13
8.8137 -8.6129 23.6920 17 6 12
10.6262 -9.7362 26.7820 20 7 13
18.6192 -15.9953 43.9990 13 9 12
24.3487 -18.6611 51.3320 11 2 7
25.6195 -18.6611 51.3320 23 7 12
-1.9609 -1.3933 3.8500 17 1 8
-1.7982 -1.3430 3.7110 14 5 10
-1.6465 -1.2959 3.5810 7 3 8
-1.5797 -1.3191 3.6450 12 3 6
-1.5442 -1.3676 3.7790 10 0 10
-1.4779 -1.3933 3.8500 14 5 12
-1.3826 -1.3933 3.8500 7 1 5
-1.3204 -1.4291 3.9490 8 3 11
-1.2993 -1.5268 4.2190 6 1 9
-1.2201 -1.5590 4.3080 10 4 8
-1.1537 -1.6155 4.4640 12 6 10
-1.0584 -1.6390 4.5290 9 0 3
-0.9193 -1.5923 4.4000 11 7 10
-0.7863 -1.5590 4.3080 10 1 8
-0.6942 -1.5923 4.4000 4 3 5
-0.6115 -1.6636 4.5970 7 6 8
-0.5251 -1.7551 4.8500 5 4 8
-0.3956 -1.7146 4.7380 12 4 3
-0.2907 -1.8424 5.0910 9 3 5
-0.1763 -1.9726 5.4510 9 5 8
-0.0472 -2.2517 6.2220 12 6 8
0.1734 -3.6543 10.0980 5 1 4
0.6457 -5.5731 15.4000 7 3 6
1.1077 -5.8662 16.2100 9 3 5
1.4703 -5.7156 15.7940 7 3 6
1.7705 -5.4370 15.0240 21 13 12
2.0914 -5.3074 14.6660 13 12 16
3.0320 -6.5563 18.1170 39 51 55
3.9786 -7.4306 20.5330 6 2 7
4.3420 -7.1907 19.8700 10 4 10
4.8339 -7.1907 19.8700 12 11 11
5.0031 -6.7550 18.6660 12 6 12
6.4411 -7.9611 21.9990 9 3 5
6.7801 -7.6868 21.2410 9 3 5
7.5666 -7.9611 21.9990 16 4 15
9.0846 -8.9165 24.6390 16 0 5
9.6946 -8.9165 24.6390 24 8 15
17.1747 -14.8612 41.0660 24 8 17
26.3776 -20.2653 55.9990 18 5 11
25.5347 -18.5764 51.3320 30 7 17
-1.9549 -1.3783 3.8260 16 0 5
-1.8262 -1.3530 3.7560 12 3 8
-1.6432 -1.2828 3.5610 9 5 10
-1.5918 -1.3131 3.6450 10 4 6
-1.5505 -1.3613 3.7790 12 3 10
-1.4843 -1.3869 3.8500 12 5 14
-1.3976 -1.3956 3.8740 7 1 5
-1.3353 -1.4316 3.9740 8 4 9
-1.3042 -1.5094 4.1900 12 6 12
-1.2101 -1.5303 4.2480 10 4 10
-1.1611 -1.6081 4.4640 10 4 8
-1.0659 -1.6315 4.5290 6 5 7
-0.9266 -1.5850 4.4000 6 2 7
-0.7950 -1.5411 4.2780 9 3 9
-0.7015 -1.5850 4.4000 4 4 6
-0.6145 -1.6438 4.5630 6 5 7
-0.5331 -1.7471 4.8500 9 8 12
-0.4035 -1.7068 4.7380 13 8 6
-0.3050 -1.8188 5.0490 9 3 5
-0.1837 -1.9464 5.4030 8 2 6
-0.0547 -2.1337 5.9230 9 3 7
0.1385 -3.2158 8.9270 8 2 4
0.5639 -5.0433 14.0000 7 3 6
1.0542 -5.8394 16.2100 13 7 9
1.4822 -5.8394 16.2100 6 2 5
1.7894 -5.5476 15.4000 19 11 10
2.0672 -5.2832 14.6660 14 11 8
3.0021 -6.5264 18.1170 40 54 58
4.0457 -7.6518 21.2410 10 4 8
4.2764 -7.1579 19.8700 9 5 10
4.9613 -7.3967 20.5330 7 6 6
4.9723 -6.7242 18.6660 17 6 10
6.4048 -7.9248 21.9990 8 4 5
6.7100 -7.6518 21.2410 12 3 6
7.2358 -7.6518 21.2410 17 1 10
8.6964 -8.5347 23.6920 17 1 6
9.6540 -8.8759 24.6390 19 6 12
17.1070 -14.7935 41.0660 27 9 19
28.9132 -22.1898 61.5980 21 8 14
23.4139 -17.0691 47.3830 33 8 18
-1.9372 -1.3551 3.7790 16 0 9
-1.8324 -1.3468 3.7560 11 2 7
-1.6301 -1.2622 3.5200 8 2 6
-1.5789 -1.2916 3.6020 12 6 8
-1.5348 -1.3307 3.7110 11 2 7
-1.4907 -1.3806 3.8500 11 0 6
-1.4040 -1.3892 3.8740 7 1 5
-1.3335 -1.4161 3.9490 7 3 8
-1.3023 -1.4924 4.1620 8 2 6
-1.2074 -1.5025 4.1900 9 5 10
-1.1517 -1.5778 4.4000 15 6 11
-1.0655 -1.6122 4.4960 6 5 7
-0.9273 -1.5667 4.3690 6 2 7
-0.8077 -1.5448 4.3080 9 3 9
-0.7264 -1.6007 4.4640 5 4 8
-0.6220 -1.6362 4.5630 5 1 6
-0.5411 -1.7391 4.8500 8 4 9
-0.4113 -1.6990 4.7380 14 10 11
-0.3107 -1.7958 5.0080 7 1 3
-0.1997 -1.9206 5.3560 9 5 8
-0.0627 -2.0644 5.7570 11 7 12
0.1187 -3.0677 8.5550 12 6 8
0.5408 -5.0202 14.0000 8 2 6
1.0274 -5.8127 16.2100 9 3 5
1.4673 -5.9697 16.6480 6 2 3
1.7386 -5.5222 15.4000 12 6 8
1.9955 -5.1367 14.3250 15 10 8
2.8874 -6.3111 17.6000 27 29 35
3.8769 -7.3628 20.5330 12 3 8
4.2436 -7.1251 19.8700 3 3 7
4.8936 -7.3628 20.5330 6 5 5
4.9415 -6.6934 18.6660 19 8 12
5.9441 -7.3628 20.5330 7 1 5
6.6749 -7.6167 21.2410 14 5 8
7.2008 -7.6167 21.2410 21 4 6
8.6182 -8.4956 23.6920 19 4 5
9.2438 -8.4956 23.6920 18 5 9
17.0392 -14.7257 41.0660 24 11 17
24.5181 -18.4069 51.3320 15 5 17
28.1336 -20.0805 55.9990 20 4 9
-1.9360 -1.3656 3.8260 16 0 5
-1.7482 -1.3010 3.6450 11 0 6
-1.6011 -1.2564 3.5200 7 1 7
-1.5582 -1.2932 3.6230 9 0 3
-1.5318 -1.3489 3.7790 12 3 8
-1.4561 -1.3656 3.8260 13 9 14
-1.3809 -1.3917 3.8990 9 5 6
-1.3262 -1.4370 4.0260 8 4 9
-1.2595 -1.4756 4.1340 9 3 7
-1.1974 -1.5270 4.2780 8 2 6
-1.1308 -1.5819 4.4320 5 1 4
-1.0284 -1.6048 4.4960 10 4 6
-0.8849 -1.5484 4.3380 12 3 8
-0.7831 -1.5595 4.3690 10 1 6
-0.6896 -1.5934 4.4640 7 3 8
-0.6007 -1.6530 4.6310 7 6 8
-0.4971 -1.7176 4.8120 12 8 11
-0.3751 -1.7044 4.7750 7 3 6
-0.2761 -1.8322 5.1330 8 4 7
-0.1569 -1.9285 5.4030 11 7 10
-0.0254 -2.1141 5.9230 9 3 9
0.1704 -2.9711 8.3240 5 4 8
0.6875 -5.2348 14.6660 6 2 7
1.1926 -5.9423 16.6480 8 2 4
1.6047 -5.9423 16.6480 12 6 10
1.8201 -5.3626 15.0240 22 10 8
2.1398 -5.2348 14.6660 12 8 11
3.2163 -6.6626 18.6660 12 11 20
3.9157 -7.0923 19.8700 11 7 12
4.5547 -7.3290 20.5330 8 2 8
5.0630 -7.3290 20.5330 9 6 3
5.0647 -6.6626 18.6660 7 3 6
6.3243 -7.5817 21.2410 7 1 5
6.8502 -7.5817 21.2410 7 1 5
7.6393 -7.8522 21.9990 16 5 13
8.8137 -8.4565 23.6920 18 5 9
10.6262 -9.5595 26.7820 16 5 13
21.7224 -18.3222 51.3320 21 12 15
23.0229 -16.9127 47.3830 24 3 10
-1.8880 -1.2797 3.6020 11 2 7
-1.9347 -1.3764 3.8740 11 2 7
-1.6997 -1.2723 3.5810 11 1 1
-1.5868 -1.2577 3.5400 13 2 10
-1.5529 -1.3028 3.6670 6 5 7
-1.5160 -1.3508 3.8020 16 5 13
-1.4398 -1.3678 3.8500 9 5 10
-1.3700 -1.3938 3.9230 10 1 6
-1.3168 -1.4492 4.0790 7 3 8
-1.2158 -1.4492 4.0790 11 0 4
-1.1774 -1.5306 4.3080 14 5 10
-1.0936 -1.5633 4.4000 7 3 6
-0.9918 -1.5746 4.4320 11 2 5
-0.8634 -1.5412 4.3380 14 6 5
-0.7706 -1.5860 4.4640 10 9 11
-0.6601 -1.5860 4.4640 12 6 8
-0.5879 -1.6965 4.7750 6 2 7
-0.4733 -1.7096 4.8120 12 6 10
-0.3570 -1.7231 4.8500 9 8 10
-0.2464 -1.8546 5.2200 9 5 6
-0.1202 -1.9029 5.3560 8 4 7
0.0136 -2.0845 5.8670 16 8 7
0.2284 -2.9979 8.4380 8 2 8
0.7982 -5.4714 15.4000 5 1 4
1.3387 -6.0793 17.1110 13 7 9
1.7623 -6.0793 17.1110 14 5 10
1.8300 -5.0895 14.3250 16 8 5
2.4721 -5.7592 16.2100 14 8 10
3.4121 -6.8389 19.2490 6 5 9
4.0469 -7.0595 19.8700 13 11 18
5.0251 -7.8159 21.9990 12 3 8
5.0307 -7.0595 19.8700 14 8 12
5.3500 -6.8389 19.2490 18 17 19
6.4295 -7.5466 21.2410 12 8 9
6.9904 -7.5466 21.2410 12 1 5
8.0729 -8.1055 22.8140 17 6 10
8.6377 -8.1055 22.8140 9 3 7
11.8320 -10.4216 29.3330 17 2 3
26.3717 -21.8849 61.5980 15 10 8
23.3357 -16.8345 47.3830 26 5 12
-1.8821 -1.2738 3.6020 10 1 6
-1.9283 -1.3700 3.8740 12 3 8
-1.6938 -1.2664 3.5810 11 1 1
-1.5868 -1.2519 3.5400 11 0 8
-1.5469 -1.2968 3.6670 6 2 5
-1.5097 -1.3445 3.8020 12 1 9
-1.4335 -1.3615 3.8500 11 7 10
-1.3635 -1.3873 3.9230 9 0 7
-1.3084 -1.4333 4.0530 6 2 7
-1.1922 -1.4145 4.0000 12 1 7
-1.1703 -1.5235 4.3080 10 1 6
-1.0710 -1.5341 4.3380 7 3 8
-0.9570 -1.5235 4.3080 14 5 10
-0.8563 -1.5341 4.3380 12 2 2
-0.7761 -1.5899 4.4960 9 8 10
-0.6574 -1.5899 4.4960 7 1 3
-0.5800 -1.6886 4.7750 8 2 6
-0.4654 -1.7017 4.8120 15 9 13
-0.3490 -1.7151 4.8500 4 4 6
-0.2464 -1.8460 5.2200 8 4 5
-0.1113 -1.8941 5.3560 8 4 7
0.0237 -2.1147 5.9800 14 10 11
0.2564 -3.1569 8.9270 8 2 8
0.7661 -5.0658 14.3250 5 1 4
1.3387 -6.0511 17.1110 12 6 8
1.7421 -5.8873 16.6480 11 2 7
1.8536 -5.0658 14.3250 17 9 8
2.4989 -5.7324 16.2100 10 4 6
3.3396 -6.6010 18.6660 7 3 6
3.9204 -6.8071 19.2490 10 8 15
5.0614 -7.7796 21.9990 16 7 12
4.9052 -6.8071 19.2490 14 5 10
5.2188 -6.6010 18.6660 14 13 15
6.4646 -7.5116 21.2410 16 15 15
6.9904 -7.5116 21.2410 12 1 5
8.1105 -8.0678 22.8140 17 9 8
9.0092 -8.3783 23.6920 9 3 5
13.1307 -11.4649 32.4200 22 10 10
26.4733 -21.7832 61.5980 15 11 12
25.1111 -18.1528 51.3320 25 4 11
-1.8666 -1.2534 3.5610 13 2 8
-1.9347 -1.3636 3.8740 15 6 13
-1.6997 -1.2605 3.5810 11 0 4
-1.5926 -1.2460 3.5400 11 2 7
-1.5590 -1.2907 3.6670 6 2 5
-1.5319 -1.3467 3.8260 10 1 6
-1.4398 -1.3551 3.8500 11 7 12
-1.3700 -1.3808 3.9230 8 2 8
-1.3063 -1.4171 4.0260 7 3 8
-1.1988 -1.4079 4.0000 10 1 6
-1.1763 -1.5058 4.2780 8 2 6
-1.0782 -1.5269 4.3380 9 3 5
-0.9777 -1.5378 4.3690 7 1 5
-0.8574 -1.5164 4.3080 11 3 2
-0.7780 -1.5713 4.4640 9 9 11
-0.6675 -1.5713 4.4640 6 0 4
-0.5789 -1.6550 4.7020 8 2 6
-0.4733 -1.6938 4.8120 13 7 11
-0.3570 -1.7071 4.8500 3 3 5
-0.2550 -1.8374 5.2200 12 8 9
-0.1257 -1.8374 5.2200 7 3 6
0.0131 -1.9891 5.6510 15 9 11
0.2059 -2.6768 7.6050 8 2 8
0.6651 -4.5170 12.8330 5 1 6
1.2415 -5.7057 16.2100 10 4 8
1.7836 -6.1949 17.6000 17 6 14
1.8300 -5.0422 14.3250 16 8 5
2.4721 -5.7057 16.2100 15 7 6
3.2114 -6.3769 18.1170 4 3 7
3.8886 -6.7754 19.2490 11 9 16
5.1736 -8.0302 22.8140 10 1 8
5.1986 -7.2273 20.5330 11 7 10
5.1880 -6.5702 18.6660 23 19 20
6.2152 -7.2273 20.5330 19 15 16
7.2036 -7.7433 21.9990 12 1 5
8.0352 -8.0302 22.8140 18 7 11
8.9310 -8.3392 23.6920 20 14 16
13.0772 -11.4114 32.4200 23 13 13
23.9746 -19.7108 55.9990 20 10 10
23.1011 -16.6781 47.3830 21 3 11
31.5564 -21.6816 61.5980 40 28 26
-1.9113 -1.3320 3.8020 16 0 9
-1.7157 -1.2619 3.6020 12 1 5
-1.5985 -1.2402 3.5400 11 2 7
-1.5744 -1.2924 3.6890 7 1 5
-1.5382 -1.3404 3.8260 11 2 7
-1.4525 -1.3488 3.8500 9 8 12
-1.3765 -1.3744 3.9230 6 2 7
-1.2960 -1.3922 3.9740 7 3 8
-1.1901 -1.3835 3.9490 10 1 6
-1.1750 -1.4882 4.2480 10 1 4
-1.0774 -1.4987 4.2780 7 1 3
-0.9577 -1.4882 4.2480 8 2 6
-0.8585 -1.4987 4.2780 12 2 2
-0.7797 -1.5527 4.4320 13 12 14
-0.6748 -1.5639 4.4640 6 0 4
-0.5811 -1.6105 4.5970 7 1 5
-0.4812 -1.6858 4.8120 13 9 14
-0.3650 -1.6991 4.8500 5 4 6
-0.2614 -1.8133 5.1760 7 3 6
-0.1321 -1.7983 5.1330 6 5 9
-0.0055 -1.9440 5.5490 9 5 6
0.1842 -2.5389 7.2470 5 4 8
0.6061 -4.2313 12.0780 6 2 7
1.2147 -5.6789 16.2100 7 3 8
1.8608 -6.5393 18.6660 17 6 14
1.8252 -5.1380 14.6660 20 10 8
2.3232 -5.3952 15.4000 13 8 6
3.1815 -6.3470 18.1170 5 4 6
3.8569 -6.7436 19.2490 9 7 14
5.1360 -7.9925 22.8140 11 2 9
5.1308 -7.1934 20.5330 7 6 8
5.1264 -6.5393 18.6660 14 10 13
5.9817 -6.9612 19.8700 18 14 15
7.1673 -7.7070 21.9990 10 1 6
7.7119 -7.7070 21.9990 9 3 7
8.8919 -8.3001 23.6920 24 16 15
12.3217 -10.7900 30.7990 19 8 16
20.2077 -16.5999 47.3830 17 7 7
22.9447 -16.5999 47.3830 20 7 15
28.5033 -19.6184 55.9990 31 21 21
-1.8889 -1.3016 3.7330 15 2 10
-1.7859 -1.2940 3.7110 14 1 7
-1.6102 -1.2343 3.5400 12 3 10
-1.5677 -1.2710 3.6450 11 2 5
-1.5703 -1.3508 3.8740 7 1 5
-1.4561 -1.3341 3.8260 10 9 13
-1.3699 -1.3424 3.8500 6 2 5
-1.2923 -1.3679 3.9230 3 2 6
-1.1803 -1.3508 3.8740 8 2 6
-1.1571 -1.4415 4.1340 13 7 9
-1.0839 -1.4812 4.2480 8 2 6
-0.9856 -1.4917 4.2780 9 5 8
-0.8727 -1.4917 4.2780 9 3 5
-0.7943 -1.5454 4.4320 12 8 11
-0.6945 -1.5677 4.4960 8 2 4
-0.5875 -1.5792 4.5290 6 0 4
-0.5091 -1.6911 4.8500 7 3 8
-0.3780 -1.6779 4.8120 12 3 6
-0.2739 -1.7752 5.0910 7 6 8
-0.1491 -1.7898 5.1330 9 5 10
-0.0226 -1.8358 5.2650 9 5 8
0.1300 -2.2141 6.3500 7 6 8
0.4734 -3.5210 10.0980 10 9 13
1.1032 -5.3697 15.4000 8 4 7
1.7463 -6.3171 18.1170 15 4 12
1.8201 -5.2386 15.0240 26 11 12
2.1398 -5.1138 14.6660 19 13 15
3.0918 -6.3171 18.1170 6 4 13
3.6784 -6.5085 18.6660 5 1 6
4.8799 -7.6707 21.9990 9 5 10
5.4245 -7.6707 21.9990 7 6 6
5.0647 -6.5085 18.6660 14 13 15
5.5268 -6.5085 18.6660 8 2 4
7.0946 -7.6707 21.9990 9 3 7
7.6393 -7.6707 21.9990 20 9 17
9.1660 -8.5912 24.6390 13 3 3
12.2200 -10.7391 30.7990 13 10 7
18.5466 -15.3418 43.9990 17 7 7
22.7883 -16.5217 47.3830 16 4 17
25.9583 -17.8987 51.3320 29 21 20
-1.8452 -1.2573 3.6230 11 1 13
-1.8311 -1.3114 3.7790 14 1 7
-1.6277 -1.2285 3.5400 14 4 16
-1.5893 -1.2726 3.6670 6 2 7
-1.5831 -1.3444 3.8740 8 1 10
-1.4779 -1.3361 3.8500 10 4 8
-1.3826 -1.3361 3.8500 9 3 5
-1.3117 -1.3614 3.9230 7 1 7
-1.2007 -1.3531 3.8990 9 3 7
-1.1552 -1.4156 4.0790 13 7 11
-1.0979 -1.4742 4.2480 8 2 8
-0.9860 -1.4641 4.2190 5 5 7
-0.8754 -1.4541 4.1900 6 1 9
-0.8031 -1.5270 4.4000 10 1 8
-0.7043 -1.5492 4.4640 7 1 5
-0.5980 -1.5603 4.4960 10 1 6
-0.5210 -1.6699 4.8120 9 5 10
-0.4018 -1.6699 4.8120 19 11 10
-0.2942 -1.7379 5.0080 11 7 10
-0.1633 -1.7522 5.0490 9 5 10
-0.0386 -1.7668 5.0910 11 7 10
0.1027 -2.0753 5.9800 6 5 7
0.3398 -2.8127 8.1050 11 7 8
0.8930 -4.6471 13.3910 7 1 5
1.6384 -6.1078 17.6000 13 7 13
1.8148 -5.3443 15.4000 17 7 7
2.0914 -5.0896 14.6660 15 6 11
3.0320 -6.2872 18.1170 5 4 13
3.5860 -6.4777 18.6660 7 1 7
4.8073 -7.6344 21.9990 10 9 13
5.7637 -8.2219 23.6920 13 10 7
5.1594 -6.6801 19.2490 9 9 11
5.3045 -6.2872 18.1170 10 4 6
7.2445 -7.9172 22.8140 7 1 3
7.5666 -7.6344 21.9990 21 8 14
9.0846 -8.5506 24.6390 14 5 8
11.0167 -9.7166 27.9990 7 7 3
17.1747 -14.2513 41.0660 24 9 10
28.9132 -21.3766 61.5980 9 3 5
23.4921 -16.4435 47.3830 18 7 11
-1.8380 -1.2227 3.5400 16 1 2
-1.8918 -1.3214 3.8260 15 9 13
-1.6820 -1.2368 3.5810 7 1 7
-1.5934 -1.2368 3.5810 8 4 9
-1.5720 -1.2973 3.7560 7 3 8
-1.5448 -1.3549 3.9230 11 2 7
-1.4030 -1.3132 3.8020 9 3 9
-1.3172 -1.3214 3.8260 6 1 9
-1.2301 -1.3297 3.8500 8 3 13
-1.1355 -1.3380 3.8740 11 2 9
-1.1322 -1.4572 4.2190 12 1 5
-1.0138 -1.4375 4.1620 8 2 8
-0.9047 -1.4278 4.1340 7 1 7
-0.8361 -1.4879 4.3080 11 2 5
-0.7505 -1.5307 4.4320 7 6 8
-0.6334 -1.5307 4.4320 3 2 6
-0.5556 -1.6240 4.7020 9 0 3
-0.4495 -1.6620 4.8120 8 4 7
-0.3383 -1.7021 4.9280 7 3 6
-0.2253 -1.7729 5.1330 12 3 6
-0.0876 -1.7297 5.0080 10 9 13
0.0403 -1.9165 5.5490 9 5 6
0.2216 -2.3904 6.9210 13 8 6
0.6599 -4.0141 11.6220 7 3 6
1.3217 -5.5987 16.2100 16 7 10
1.8470 -5.9099 17.1110 13 7 11
1.9009 -4.9476 14.3250 16 5 9
2.6213 -5.7500 16.6480 18 7 11
3.2069 -6.0788 17.6000 7 3 6
3.9839 -6.6483 19.2490 68 74 74
5.5291 -8.1828 23.6920 9 0 3
5.3002 -7.0918 20.5330 10 9 9
4.7095 -5.7500 16.6480 7 3 4
6.5347 -7.3363 21.2410 42 42 36
7.5834 -7.8796 22.8140 13 8 6
7.8934 -7.5981 21.9990 7 4 1
10.2726 -9.2501 26.7820 8 4 9
13.9731 -11.8194 34.2210 25 8 8
22.2307 -17.7293 51.3320 23 8 9
26.5624 -19.3412 55.9990 18 9 14
22.0322 -15.1966 43.9990 15 4 8
-1.8205 -1.2168 3.5400 12 1 9
-1.8729 -1.3151 3.8260 15 3 3
-1.6643 -1.2309 3.5810 9 3 9
-1.5941 -1.2453 3.6230 12 8 13
-1.5887 -1.3151 3.8260 7 2 10
-1.5254 -1.3485 3.9230 7 1 5
-1.3758 -1.2990 3.7790 10 1 6
-1.2823 -1.2990 3.7790 9 3 9
-1.1887 -1.2990 3.7790 11 6 14
-1.1300 -1.3402 3.8990 8 4 9
-1.1113 -1.4502 4.2190 10 1 8
-0.9932 -1.4306 4.1620 4 3 7
-0.8842 -1.4210 4.1340 10 8 15
-0.8148 -1.4808 4.3080 11 2 7
-0.7338 -1.5344 4.4640 11 7 10
-0.6115 -1.5234 4.4320 9 0 3
-0.5364 -1.6286 4.7380 9 0 3
-0.4257 -1.6540 4.8120 14 8 10
-0.3165 -1.7077 4.9680 8 2 4
-0.1966 -1.7355 5.0490 12 11 13
-0.0623 -1.7077 4.9680 10 9 13
0.0684 -1.9249 5.6000 6 2 5
0.2559 -2.3790 6.9210 15 12 9
0.6671 -3.7147 10.8070 7 1 5
1.4020 -5.5719 16.2100 7 1 3
1.8300 -5.5719 16.2100 16 10 12
1.9719 -4.9240 14.3250 18 9 12
2.7790 -5.8816 17.1110 8 3 11
3.3908 -6.2274 18.1170 8 4 7
4.0793 -6.6165 19.2490 4 3 12
5.8721 -8.4693 24.6390 13 7 9
5.4019 -7.0579 20.5330 11 10 10
4.9252 -5.8816 17.1110 5 4 4
7.1316 -7.8419 22.8140 18 7 11
7.6964 -7.8419 22.8140 16 6 6
8.2988 -7.8419 22.8140 12 6 8
11.3963 -10.0827 29.3330 10 9 11
14.1426 -11.7629 34.2210 20 8 8
24.5291 -19.2488 55.9990 19 9 9
24.6028 -17.6445 51.3320 13 12 16
22.1775 -15.1239 43.9990 19 6 10
-1.8239 -1.2250 3.5810 12 0 11
-1.8655 -1.3170 3.8500 19 4 5
-1.6465 -1.2250 3.5810 11 2 9
-1.6144 -1.2695 3.7110 9 3 9
-1.6096 -1.3420 3.9230 12 2 12
-1.4872 -1.3252 3.8740 9 3 7
-1.3489 -1.2849 3.7560 5 1 2
-1.2636 -1.2927 3.7790 9 3 9
-1.1700 -1.2927 3.7790 15 6 11
-1.1320 -1.3594 3.9740 6 1 9
-1.0904 -1.4433 4.2190 9 3 7
-0.9661 -1.4142 4.1340 4 4 6
-0.8637 -1.4142 4.1340 9 3 9
-0.7990 -1.4840 4.3380 10 1 8
-0.7015 -1.5052 4.4000 10 4 6
-0.5853 -1.5052 4.4000 10 0 3
-0.5251 -1.6591 4.8500 6 2 7
-0.4050 -1.6591 4.8500 13 8 6
-0.2919 -1.6995 4.9680 10 1 4
-0.1675 -1.6858 4.9280 9 5 8
-0.0374 -1.6858 4.9280 8 8 12
0.0979 -1.9512 5.7040 8 4 7
0.2838 -2.3156 6.7690 9 5 6
0.6962 -3.5714 10.4400 13 7 9
1.5646 -5.8534 17.1110 9 3 5
1.8148 -5.2681 15.4000 15 3 3
2.0914 -5.0170 14.6660 21 12 15
2.9455 -6.0207 17.6000 6 1 9
3.4806 -6.1975 18.1170 8 2 6
4.4530 -7.0240 20.5330 7 2 10
5.9941 -8.4286 24.6390 8 2 4
5.3258 -6.7972 19.8700 10 10 10
5.3045 -6.1975 18.1170 7 3 6
7.2445 -7.8043 22.8140 14 5 8
7.2709 -7.2662 21.2410 18 7 11
8.3741 -7.8043 22.8140 9 3 5
12.7562 -11.0903 32.4200 14 1 5
15.1539 -12.3951 36.2340 19 7 7
24.8064 -19.1563 55.9990 16 13 10
26.3776 -19.1563 55.9990 23 5 11
20.3602 -14.0480 41.0660 17 6 10
-1.7923 -1.1714 3.4410 16 0 5
-1.8411 -1.2633 3.7110 21 8 14
-1.7285 -1.2484 3.6670 8 2 8
-1.6180 -1.2334 3.6230 7 1 5
-1.6140 -1.3025 3.8260 5 1 6
-1.6027 -1.3798 4.0530 7 1 5
-1.4008 -1.2865 3.7790 7 1 5
-1.2837 -1.2633 3.7110 5 3 10
-1.2063 -1.2787 3.7560 12 5 14
-1.1341 -1.3025 3.8260 9 3 9
-1.1313 -1.4264 4.1900 10 1 6
-1.0207 -1.4169 4.1620 7 3 8
-0.8994 -1.3886 4.0790 10 1 6
-0.8258 -1.4363 4.2190 9 5 8
-0.7470 -1.4874 4.3690 12 8 9
-0.6316 -1.4874 4.3690 4 3 7
-0.5592 -1.5888 4.6670 8 2 4
-0.4610 -1.6511 4.8500 5 1 6
-0.3437 -1.6644 4.8890 8 4 5
-0.2281 -1.7049 5.0080 14 8 12
-0.0928 -1.6511 4.8500 9 9 13
0.0296 -1.7924 5.2650 11 7 8
0.1853 -2.0763 6.0990 6 2 5
0.4652 -2.8726 8.4380 7 6 10
1.1444 -4.8767 14.3250 11 2 5
1.7421 -5.6675 16.6480 9 3 9
1.9220 -4.9928 14.6660 14 9 5
2.5256 -5.5184 16.2100 15 4 8
3.0060 -5.6675 16.6480 9 5 8
3.8325 -6.3545 18.6660 27 32 37
5.6688 -8.3879 24.6390 10 1 8
5.8514 -7.7666 22.8140 10 4 6
4.9498 -5.9916 17.6000 9 3 5
6.7316 -7.4892 21.9990 66 71 61
8.1494 -8.3879 24.6390 10 2 1
7.0639 -6.7644 19.8700 14 10 11
10.2284 -9.1175 26.7820 10 9 9
13.1842 -11.0368 32.4200 19 4 5
17.7169 -13.9802 41.0660 17 6 10
25.5458 -19.0639 55.9990 28 16 14
21.1608 -14.9787 43.9990 13 9 12
22.3227 -14.9787 43.9990 19 8 12
-1.7782 -1.1790 3.4800 12 0 11
-1.8046 -1.2881 3.8020 8 2 6
-1.6292 -1.2498 3.6890 7 2 12
-1.6255 -1.3209 3.8990 9 3 9
-1.5721 -1.3639 4.0260 7 3 6
-1.3737 -1.2725 3.7560 8 2 8
-1.2653 -1.2572 3.7110 4 2 9
-1.1877 -1.2725 3.7560 8 2 8
-1.1434 -1.3290 3.9230 9 2 11
-1.1183 -1.4293 4.2190 10 1 6
-0.9934 -1.4005 4.1340 2 2 6
-0.8792 -1.3819 4.0790 7 3 8
-0.8104 -1.4392 4.2480 5 1 4
-0.7254 -1.4801 4.3690 11 7 10
-0.6100 -1.4801 4.3690 4 3 7
-0.5442 -1.6052 4.7380 11 2 5
-0.4370 -1.6431 4.8500 6 2 7
-0.3220 -1.6695 4.9280 7 1 5
-0.2017 -1.6831 4.9680 9 5 10
-0.0756 -1.6177 4.7750 7 10 13
0.0566 -1.8145 5.3560 9 5 8
0.2154 -2.0662 6.0990 6 5 5
0.5001 -2.8200 8.3240 10 4 10
1.1361 -4.5366 13.3910 9 0 3
1.7309 -5.3507 15.7940 14 8 10
1.9946 -4.9686 14.6660 23 13 13
2.6763 -5.6401 16.6480 13 7 11
3.0884 -5.6401 16.6480 6 2 5
4.0475 -6.5212 19.2490 38 41 40
5.7908 -8.3473 24.6390 8 4 5
5.9643 -7.7290 22.8140 8 4 7
5.0369 -5.9626 17.6000 5 4 4
7.3669 -8.0264 23.6920 30 27 24
7.6587 -7.7290 22.8140 15 9 11
7.4013 -6.9562 20.5330 11 8 5
11.3479 -9.9375 29.3330 6 5 9
13.3448 -10.9833 32.4200 16 5 11
19.2002 -14.9061 43.9990 17 7 7
25.8230 -18.9715 55.9990 15 10 6
19.9536 -13.9125 41.0660 32 30 39
26.2972 -17.3904 51.3320 12 21 3
-1.7796 -1.1935 3.5400 12 2 12
-1.6757 -1.2511 3.7110 12 1 7
-1.6534 -1.3061 3.8740 6 2 7
-1.6845 -1.4126 4.1900 7 1 5
-1.4372 -1.2899 3.8260 8 2 8
-1.2867 -1.2363 3.6670 3 2 6
-1.2102 -1.2511 3.7110 8 2 8
-1.1458 -1.2818 3.8020 14 5 10
-1.1512 -1.4031 4.1620 12 6 10
-1.0556 -1.4224 4.2190 5 4 8
-0.9137 -1.3664 4.0530 6 5 7
-0.8296 -1.3937 4.1340 8 4 7
-0.7526 -1.4423 4.2780 11 7 8
-0.6512 -1.4524 4.3080 5 4 8
-0.5603 -1.4942 4.4320 7 1 3
-0.4928 -1.6614 4.9280 5 4 8
-0.3679 -1.6482 4.8890 6 2 7
-0.2529 -1.6884 5.0080 11 7 8
-0.1229 -1.6098 4.7750 5 5 9
-0.0049 -1.6884 5.0080 6 5 7
0.1477 -1.9591 5.8110 9 5 10
0.3473 -2.3333 6.9210 9 5 10
0.8709 -3.9182 11.6220 6 5 9
1.5745 -5.3247 15.7940 15 9 15
1.8252 -4.9444 14.6660 15 10 8
2.3826 -5.3247 15.7940 15 7 6
2.8467 -5.4649 16.2100 5 1 4
3.7401 -6.2929 18.6660 9 8 12
5.3336 -7.9874 23.6920 9 3 9
5.9202 -7.9874 23.6920 11 7 8
5.1572 -6.2929 18.6660 11 10 14
6.3945 -7.1610 21.2410 18 7 15
8.0274 -8.3066 24.6390 11 1 1
6.5435 -6.2929 18.6660 14 8 12
8.5624 -7.6913 22.8140 14 9 7
12.3725 -10.3834 30.7990 25 12 16
15.4529 -12.2157 36.2340 15 2 6
23.1626 -17.3057 51.3320 18 9 14
22.5537 -15.9744 47.3830 19 9 9
20.5635 -13.8447 41.0660 14 13 13
-1.7366 -1.1292 3.3660 19 3 10
-1.8335 -1.2524 3.7330 65 10 0
-1.6634 -1.2450 3.7110 12 1 7
-1.6406 -1.2997 3.8740 8 4 9
-1.6707 -1.4057 4.1900 7 1 5
-1.4133 -1.2678 3.7790 10 4 10
-1.2669 -1.2228 3.6450 4 3 7
-1.2051 -1.2524 3.7330 12 3 10
-1.1547 -1.2997 3.8740 9 3 7
-1.1531 -1.4154 4.2190 10 1 6
-1.0345 -1.3963 4.1620 5 4 8
-0.8943 -1.3507 4.0260 5 4 8
-0.8215 -1.3963 4.1620 5 4 6
-0.7489 -1.4553 4.3380 15 9 11
-0.6370 -1.4453 4.3080 3 2 6
-0.5576 -1.5194 4.5290 6 2 5
-0.4766 -1.6533 4.9280 6 2 7
-0.3546 -1.6533 4.9280 6 2 5
-0.2345 -1.6667 4.9680 10 4 8
-0.1071 -1.6019 4.7750 7 10 13
0.0118 -1.7079 5.0910 12 6 8
0.1669 -1.9495 5.8110 8 4 7
0.3620 -2.2709 6.7690 7 3 6
0.8309 -3.5628 10.6200 9 8 10
1.5474 -5.0403 15.0240 12 6 10
1.8736 -4.9202 14.6660 11 8 5
2.4989 -5.4382 16.2100 15 3 3
2.9002 -5.4382 16.2100 6 2 5
3.8017 -6.2621 18.6660 10 3 12
5.4118 -7.9483 23.6920 9 3 9
6.2381 -8.2660 24.6390 15 9 11
5.3818 -6.4577 19.2490 10 4 6
6.6953 -7.3803 21.9990 56 51 49
8.1087 -8.2660 24.6390 15 3 3
6.4108 -6.0779 18.1170 13 12 14
9.3286 -8.2660 24.6390 13 9 10
12.4742 -10.3325 30.7990 18 0 6
17.6492 -13.7769 41.0660 14 1 5
23.3320 -17.2210 51.3320 18 8 6
22.7101 -15.8962 47.3830 16 7 10
20.6991 -13.7769 41.0660 10 1 6
-1.7218 -1.1177 3.3480 17 1 8
-1.8324 -1.2539 3.7560 35 16 1
-1.7829 -1.2853 3.8500 7 1 5
-1.6565 -1.2616 3.7790 8 2 6
-1.7098 -1.3801 4.1340 12 6 12
-1.5969 -1.3710 4.1070 6 2 7
-1.3370 -1.2315 3.6890 9 5 8
-1.2382 -1.2242 3.6670 9 5 10
-1.1753 -1.2539 3.7560 9 2 11
-1.1835 -1.3710 4.1070 8 2 8
-1.1189 -1.4181 4.2480 8 2 4
-0.9667 -1.3617 4.0790 3 3 5
-0.8545 -1.3440 4.0260 8 1 10
-0.7855 -1.3988 4.1900 11 2 7
-0.7010 -1.4381 4.3080 8 4 7
-0.5985 -1.4482 4.3380 7 3 8
-0.5411 -1.6191 4.8500 6 2 5
-0.4278 -1.6451 4.9280 8 2 6
-0.3083 -1.6585 4.9680 9 5 6
-0.1823 -1.6321 4.8890 6 5 5
-0.0599 -1.5940 4.7750 4 4 8
0.0763 -1.8361 5.5000 9 5 8
0.2288 -1.9773 5.9230 6 5 5
0.4648 -2.4480 7.3330 9 5 8
1.0054 -3.8080 11.4070 8 4 5
1.6557 -4.8960 14.6660 15 10 8
2.0929 -5.0155 15.0240 15 6 1
2.6594 -5.4114 16.2100 6 5 9
3.1434 -5.5576 16.6480 7 3 6
4.3852 -6.8546 20.5330 15 5 15
6.1169 -8.5681 25.6660 8 5 2
6.2721 -7.9092 23.6920 2 5 6
5.9441 -6.8546 20.5330 6 2 5
7.7427 -8.2253 24.6390 13 9 10
7.2008 -7.0909 21.2410 14 8 10
7.0020 -6.4259 19.2490 9 4 12
10.8780 -9.3470 27.9990 11 10 12
12.7792 -10.2817 30.7990 12 3 10
18.0558 -13.7092 41.0660 18 10 9
26.0079 -18.6943 55.9990 15 11 12
20.0891 -13.7092 41.0660 15 15 19
28.7805 -18.6943 55.9990 14 15 4
-1.7399 -1.1497 3.4610 12 3 8
-1.8994 -1.3201 3.9740 13 2 6
-1.7231 -1.2630 3.8020 10 1 6
-1.6598 -1.2869 3.8740 10 9 11
-1.7270 -1.4211 4.2780 14 5 12
-1.4710 -1.2952 3.8990 10 4 10
-1.2772 -1.2035 3.6230 5 0 8
-1.2019 -1.2181 3.6670 8 2 8
-1.1739 -1.2869 3.8740 12 1 7
-1.1740 -1.4015 4.2190 9 3 7
-1.0482 -1.3825 4.1620 7 6 8
-0.9084 -1.3287 4.0000 3 3 5
-0.8253 -1.3550 4.0790 11 2 7
-0.7544 -1.4111 4.2480 9 3 5
-0.6492 -1.4111 4.2480 5 1 4
-0.5562 -1.4616 4.4000 7 1 3
-0.5133 -1.6772 5.0490 5 4 8
-0.3821 -1.6503 4.9680 10 4 8
-0.2612 -1.6636 5.0080 9 3 5
-0.1318 -1.5985 4.8120 5 4 4
-0.0049 -1.6636 5.0080 14 10 13
0.1356 -1.8948 5.7040 7 6 8
0.2989 -2.0462 6.1600 12 8 9
0.6358 -2.8820 8.6760 6 5 9
1.3129 -4.4483 13.3910 10 1 6
1.8009 -4.8718 14.6660 15 11 12
2.3565 -5.2465 15.7940 18 10 9
2.7475 -5.2465 15.7940 3 1 8
3.4974 -5.8464 17.6000 10 4 8
5.0983 -7.5784 22.8140 12 6 10
6.3711 -8.5258 25.6660 13 9 10
5.8335 -7.0559 21.2410 11 7 8
6.5863 -7.3077 21.9990 11 2 7
8.3196 -8.5258 25.6660 16 6 6
6.3211 -6.0181 18.1170 15 6 9
8.2202 -7.3077 21.9990 13 8 6
11.7352 -9.7439 29.3330 25 8 10
14.5379 -11.3676 34.2210 19 6 10
19.7811 -14.6157 43.9990 13 2 6
24.3487 -17.0516 51.3320 16 10 12
21.9596 -14.6157 43.9990 18 7 11
-1.7049 -1.0888 3.2940 17 1 8
-1.7751 -1.1906 3.6020 23 3 6
-1.8600 -1.3135 3.9740 6 2 7
-1.6752 -1.2491 3.7790 8 2 6
-1.7072 -1.3482 4.0790 9 3 9
-1.6321 -1.3757 4.1620 7 3 8
-1.3714 -1.2339 3.7330 6 0 6
-1.2413 -1.1975 3.6230 5 1 6
-1.1866 -1.2339 3.7330 12 1 7
-1.2038 -1.3575 4.1070 10 4 8
-1.1252 -1.3945 4.2190 9 3 7
-0.9937 -1.3575 4.1070 3 3 7
-0.8688 -1.3221 4.0000 9 5 10
-0.7903 -1.3575 4.1070 7 3 4
-0.7223 -1.4239 4.3080 12 11 11
-0.6086 -1.4239 4.3080 5 1 6
-0.5607 -1.5905 4.8120 8 2 6
-0.4633 -1.6689 5.0490 7 1 5
-0.3355 -1.6553 5.0080 3 2 4
-0.2099 -1.6421 4.9680 7 3 6
-0.0835 -1.5783 4.7750 4 4 8
0.0474 -1.7551 5.3100 9 3 7
0.1957 -1.9207 5.8110 6 5 7
0.3870 -2.1891 6.6230 10 9 11
0.7764 -3.0849 9.3330 8 2 6
1.4147 -4.3320 13.1060 16 12 13
2.0690 -5.0902 15.4000 14 9 7
2.5791 -5.3579 16.2100 11 2 7
2.9804 -5.3579 16.2100 6 0 4
4.0157 -6.3624 19.2490 19 15 20
5.5291 -7.8310 23.6920 10 4 6
6.4008 -8.1440 24.6390 8 2 4
6.0439 -7.0208 21.2410 6 2 5
7.3278 -7.8310 23.6920 16 7 12
7.6210 -7.5408 22.8140 14 8 10
6.1396 -5.6557 17.1110 5 4 4
9.8869 -8.4834 25.6660 14 8 10
12.0257 -9.6955 29.3330 13 2 10
16.7365 -12.7251 38.4990 19 6 10
23.5862 -16.9669 51.3320 13 7 9
21.3061 -14.5431 43.9990 14 9 17
28.5957 -18.5095 55.9990 12 7 3
-1.6905 -1.0952 3.3300 15 4 8
-1.8829 -1.2823 3.8990 14 3 0
-1.7749 -1.2741 3.8740 7 1 7
-1.6790 -1.2741 3.8740 12 1 5
-1.7411 -1.4070 4.2780 12 1 9
-1.5289 -1.3155 4.0000 7 0 9
-1.3030 -1.1988 3.6450 7 3 6
-1.2201 -1.2060 3.6670 6 2 7
-1.2007 -1.2823 3.8990 7 3 6
-1.1960 -1.3971 4.2480 7 1 5
-1.0688 -1.3688 4.1620 3 2 4
-0.9342 -1.3241 4.0260 8 2 6
-0.8291 -1.3155 4.0000 10 4 10
-0.7648 -1.3780 4.1900 9 0 5
-0.6797 -1.4168 4.3080 6 0 2
-0.5699 -1.4267 4.3380 8 2 6
-0.5428 -1.6743 5.0910 3 2 4
-0.4099 -1.6470 5.0080 5 1 4
-0.2859 -1.6470 5.0080 5 1 4
-0.1569 -1.5951 4.8500 8 2 4
-0.0292 -1.6207 4.9280 6 5 9
0.1044 -1.8250 5.5490 10 9 11
0.2557 -1.9295 5.8670 10 4 6
0.4783 -2.3022 7.0000 11 7 8
0.9102 -3.2158 9.7780 9 3 5
1.6358 -4.5021 13.6890 17 9 6
2.2783 -5.1944 15.7940 13 3 3
2.7396 -5.3312 16.2100 7 3 8
3.2258 -5.4752 16.6480 7 1 7
4.8073 -7.2351 21.9990 8 2 6
6.0348 -8.1033 24.6390 13 7 11
6.3894 -7.7919 23.6920 11 10 10
6.9759 -7.7919 23.6920 7 1 5
8.1925 -8.4411 25.6660 8 4 5
6.6208 -6.3306 19.2490 17 8 11
7.6046 -6.7529 20.5330 8 2 4
11.0629 -9.2084 27.9990 19 10 13
13.6123 -10.6623 32.4200 15 11 12
19.5632 -14.4705 43.9990 14 5 8
26.2851 -18.4170 55.9990 23 19 20
23.4921 -15.5834 47.3830 11 11 13
-1.6851 -1.0553 3.2250 12 1 9
-1.7422 -1.1453 3.5000 11 0 8
-1.9043 -1.3174 4.0260 12 3 8
-1.7042 -1.2441 3.8020 11 0 6
-1.6940 -1.3089 4.0000 3 2 4
-1.6868 -1.3901 4.2480 14 5 8
-1.4156 -1.2441 3.8020 9 3 9
-1.2593 -1.1856 3.6230 7 2 10
-1.1980 -1.2144 3.7110 13 2 8
-1.2158 -1.3348 4.0790 15 4 8
-1.1382 -1.3711 4.1900 13 7 11
-1.0071 -1.3348 4.0790 7 3 6
-0.8828 -1.3004 3.9740 6 5 9
-0.8051 -1.3348 4.0790 9 0 3
-0.7437 -1.4097 4.3080 12 12 8
-0.6299 -1.4097 4.3080 5 4 8
-0.5845 -1.5746 4.8120 5 1 4
-0.5006 -1.6937 5.1760 8 4 7
-0.3603 -1.6388 5.0080 6 2 5
-0.2364 -1.6388 5.0080 8 4 7
-0.1008 -1.5871 4.8500 6 6 10
0.0207 -1.7081 5.2200 7 3 8
0.1638 -1.8665 5.7040 4 3 5
0.3294 -2.0157 6.1600 9 8 12
0.6178 -2.5841 7.8970 9 3 9
1.2162 -3.8031 11.6220 12 6 8
1.9441 -4.9163 15.0240 9 5 8
2.4989 -5.3044 16.2100 14 2 2
2.9002 -5.3044 16.2100 6 2 7
3.8017 -6.1081 18.6660 7 3 6
5.4509 -7.7528 23.6920 7 3 4
6.0375 -7.7528 23.6920 8 4 7
6.3785 -7.4655 22.8140 11 8 5
7.2105 -7.7528 23.6920 34 21 25
8.1087 -8.0627 24.6390 19 4 5
6.0831 -5.5993 17.1110 9 8 8
8.6753 -7.4655 22.8140 19 9 9
11.3401 -9.1622 27.9990 18 5 9
15.5725 -11.8569 36.2340 21 4 6
21.5371 -15.5052 47.3830 14 8 10
24.6028 -16.7974 51.3320 88 88 84
28.3184 -18.3246 55.9990 18 7 11
-1.6798 -1.0669 3.2770 19 6 14
-1.8324 -1.2229 3.7560 18 2 0
-1.8288 -1.2857 3.9490 7 1 7
-1.6876 -1.2535 3.8500 12 6 10
-1.7030 -1.3460 4.1340 12 1 9
-1.5487 -1.3023 4.0000 8 1 10
-1.3370 -1.2011 3.6890 9 5 8
-1.2382 -1.1939 3.6670 8 4 7
-1.1972 -1.2457 3.8260 7 3 8
-1.2343 -1.4026 4.3080 14 5 8
-1.0894 -1.3551 4.1620 7 6 8
-0.9541 -1.3108 4.0260 5 5 9
-0.8434 -1.2939 3.9740 7 2 10
-0.7803 -1.3551 4.1620 9 3 5
-0.6939 -1.4026 4.3080 12 6 8
-0.6174 -1.4746 4.5290 7 3 8
-0.5874 -1.7142 5.2650 4 3 5
-0.4419 -1.6575 5.0910 5 4 6
-0.3107 -1.6305 5.0080 5 1 4
-0.1743 -1.5918 4.8890 12 6 8
-0.0532 -1.5918 4.8890 7 6 6
0.0756 -1.7747 5.4510 8 4 7
0.2245 -1.8920 5.8110 8 4 5
0.4067 -2.0889 6.4160 8 2 4
0.7790 -2.8247 8.6760 9 0 3
1.3312 -3.7839 11.6220 17 9 8
2.1452 -5.0139 15.4000 24 9 10
2.6594 -5.2777 16.2100 8 4 7
3.2308 -5.5710 17.1110 7 3 6
4.7346 -7.1625 21.9990 9 4 12
5.4748 -7.4278 22.8140 13 7 11
6.2721 -7.7137 23.6920 8 2 6
7.1327 -8.0220 24.6390 8 2 6
7.7427 -8.0220 24.6390 18 17 17
7.2008 -6.9157 21.2410 18 7 11
6.8207 -6.0773 18.6660 9 3 7
10.0140 -8.3564 25.6660 16 10 12
12.1709 -9.5503 29.3330 12 6 12
16.9272 -12.5345 38.4990 18 9 12
23.8403 -16.7127 51.3320 27 12 13
25.1959 -16.7127 51.3320 15 10 6
31.7598 -20.0551 61.5980 13 9 12
-1.7107 -1.1023 3.4030 7 3 6
-1.9118 -1.2957 4.0000 14 5 8
-1.7448 -1.2471 3.8500 10 1 6
-1.6854 -1.2792 3.9490 6 2 5
-1.7078 -1.3761 4.2480 11 0 4
-1.4710 -1.2630 3.8990 14 10 15
-1.2849 -1.1807 3.6450 7 3 8
-1.2091 -1.1950 3.6890 12 1 7
-1.2377 -1.3304 4.1070 12 1 5
-1.1670 -1.3667 4.2190 12 3 6
-1.0207 -1.3129 4.0530 8 2 6
-0.9025 -1.2873 3.9740 4 3 5
-0.8093 -1.2957 4.0000 8 2 6
-0.7473 -1.3761 4.2480 12 9 6
-0.6467 -1.3858 4.2780 3 2 6
-0.6083 -1.5588 4.8120 6 2 5
-0.5352 -1.7055 5.2650 5 1 6
-0.3883 -1.6355 5.0490 5 4 6
-0.2550 -1.6355 5.0490 7 1 5
-0.1258 -1.5837 4.8890 5 4 6
-0.0050 -1.6491 5.0910 7 3 8
0.1343 -1.8305 5.6510 9 8 8
0.2847 -1.9005 5.8670 9 4 12
0.5130 -2.2675 7.0000 12 6 8
0.9748 -3.1674 9.7780 17 12 10
1.6665 -4.3378 13.3910 16 13 10
2.3565 -5.1162 15.7940 17 7 7
2.8961 -5.3928 16.6480 6 2 7
3.7092 -6.0465 18.6660 7 1 5
5.1360 -7.3902 22.8140 7 3 6
5.9202 -7.6746 23.6920 12 6 8
6.2655 -7.3902 22.8140 14 11 8
7.3767 -7.9813 24.6390 19 10 15
8.3196 -8.3140 25.6660 10 2 1
6.1698 -5.7012 17.6000 14 8 10
7.7063 -6.6513 20.5330 8 2 4
10.7146 -8.6755 26.7820 18 7 13
13.7728 -10.5018 32.4200 20 7 11
18.4625 -13.3025 41.0660 15 9 11
26.6548 -18.1398 55.9990 10 10 6
25.7042 -16.6280 51.3320 23 14 19
-1.6867 -1.0503 3.2590 17 1 10
-1.7751 -1.1609 3.6020 18 6 6
-1.8722 -1.2891 4.0000 8 2 8
-1.6791 -1.2253 3.8020 10 1 6
-1.7005 -1.3146 4.0790 8 2 8
-1.5995 -1.3146 4.0790 10 1 6
-1.3799 -1.2105 3.7560 9 3 9
-1.2564 -1.1818 3.6670 6 2 5
-1.2174 -1.2408 3.8500 7 1 7
-1.2556 -1.3884 4.3080 10 4 8
-1.0953 -1.3236 4.1070 7 3 6
-0.9615 -1.2807 3.9740 5 4 8
-0.8577 -1.2727 3.9490 11 7 12
-0.7782 -1.3146 4.0790 9 0 3
-0.7152 -1.3884 4.3080 10 10 10
-0.6172 -1.4080 4.3690 7 2 10
-0.6240 -1.7261 5.3560 9 5 8
-0.4831 -1.6968 5.2650 7 1 5
-0.3383 -1.6272 5.0490 9 5 8
-0.2050 -1.6272 5.0490 9 5 8
-0.0787 -1.6011 4.9680 5 4 6
0.0482 -1.7413 5.4030 6 5 7
0.1939 -1.8554 5.7570 11 7 10
0.3564 -1.9656 6.0990 13 10 7
0.6373 -2.4210 7.5120 13 9 14
1.1067 -3.2544 10.0980 15 10 6
1.9704 -4.7266 14.6660 19 13 15
2.5791 -5.2242 16.2100 18 8 8
3.1461 -5.5145 17.1110 7 0 9
4.3175 -6.6174 20.5330 10 3 12
5.3619 -7.3525 22.8140 12 3 6
5.9267 -7.3525 22.8140 9 5 10
7.3030 -8.2717 25.6660 8 2 6
7.3278 -7.6355 23.6920 90 92 74
7.6587 -7.3525 22.8140 18 9 14
6.5304 -5.8388 18.1170 14 8 10
8.7883 -7.3525 22.8140 12 1 5
12.0257 -9.4535 29.3330 15 9 15
14.8768 -11.0288 34.2210 22 6 11
23.6709 -16.5433 51.3320 19 7 7
27.2093 -18.0474 55.9990 19 9 9
-1.6833 -1.0395 3.2420 18 0 10
-1.7914 -1.1616 3.6230 13 0 4
-1.8788 -1.2825 4.0000 8 1 10
-1.6752 -1.2117 3.7790 11 2 7
-1.6742 -1.2825 4.0000 7 1 5
-1.6279 -1.3255 4.1340 16 0 5
-1.3946 -1.2117 3.7790 8 4 9
-1.2776 -1.1899 3.7110 7 1 7
-1.2394 -1.2501 3.8990 11 2 7
-1.2627 -1.3813 4.3080 8 2 6
-1.1094 -1.3255 4.1340 12 8 11
-0.9680 -1.2742 3.9740 7 6 10
-0.8642 -1.2662 3.9490 7 5 12
-0.7917 -1.3079 4.0790 9 0 3
-0.7274 -1.3909 4.3380 9 8 10
-0.6157 -1.3813 4.3080 4 3 7
-0.6329 -1.7173 5.3560 5 1 4
-0.4918 -1.6881 5.2650 8 2 6
-0.3466 -1.6189 5.0490 6 5 7
-0.2133 -1.6189 5.0490 6 5 7
-0.0869 -1.5929 4.9680 5 4 8
0.0389 -1.7173 5.3560 9 9 11
0.1844 -1.8459 5.7570 9 8 10
0.3429 -1.9363 6.0390 11 7 8
0.5890 -2.2701 7.0800 12 6 10
0.9924 -2.9479 9.1940 12 8 9
1.6682 -4.0306 12.5710 20 14 16
2.4869 -5.0640 15.7940 22 7 6
3.1178 -5.4863 17.1110 6 1 9
4.2836 -6.5835 20.5330 7 2 10
5.3242 -7.3149 22.8140 12 3 6
5.8890 -7.3149 22.8140 9 5 10
7.2606 -8.2293 25.6660 7 1 3
7.2887 -7.5964 23.6920 125 122 106
8.2307 -7.9000 24.6390 12 3 8
6.6975 -5.9849 18.6660 12 9 6
8.7506 -7.3149 22.8140 15 4 8
11.4326 -8.9773 27.9990 19 15 20
14.8203 -10.9723 34.2210 22 7 8
21.7717 -15.1924 47.3830 17 8 11
27.1169 -17.9550 55.9990 15 12 9
-1.6886 -1.0341 3.2420 19 3 12
-1.7666 -1.1359 3.5610 10 1 8
-1.8977 -1.2842 4.0260 7 2 10
-1.6774 -1.1981 3.7560 10 0 5
-1.6698 -1.2676 3.9740 8 4 9
-1.6240 -1.3101 4.1070 14 1 5
-1.4008 -1.2054 3.7790 8 2 8
-1.2837 -1.1837 3.7110 7 1 7
-1.2211 -1.2128 3.8020 12 3 8
-1.2698 -1.3742 4.3080 9 5 8
-1.1013 -1.3011 4.0790 7 3 6
-0.9685 -1.2597 3.9490 9 3 7
-0.8707 -1.2597 3.9490 3 1 8
-0.7984 -1.3011 4.0790 10 4 6
-0.7345 -1.3837 4.3380 4 4 8
-0.6228 -1.3742 4.3080 4 2 9
-0.6531 -1.7388 5.4510 6 2 7
-0.5048 -1.6938 5.3100 12 8 11
-0.3550 -1.6105 5.0490 7 6 10
-0.2216 -1.6105 5.0490 5 1 6
-0.0958 -1.5975 5.0080 5 4 8
0.0301 -1.7085 5.3560 7 5 12
0.1749 -1.8364 5.7570 12 8 9
0.3329 -1.9263 6.0390 8 8 10
0.5773 -2.2584 7.0800 11 7 10
0.9773 -2.9327 9.1940 9 5 6
1.5524 -3.7786 11.8460 13 9 10
2.4608 -5.0380 15.7940 22 7 6
3.0896 -5.4581 17.1110 6 2 7
4.2497 -6.5496 20.5330 9 4 12
5.0977 -7.0172 21.9990 11 2 5
5.4479 -6.7755 21.2410 11 7 10
6.4162 -7.2772 22.8140 6 2 3
7.2496 -7.5573 23.6920 155 140 139
8.1900 -7.8594 24.6390 20 7 11
6.6667 -5.9541 18.6660 8 5 2
8.1122 -6.7755 21.2410 10 4 8
11.3863 -8.9311 27.9990 19 18 20
13.9868 -10.3413 32.4200 21 6 7
20.0716 -14.0348 43.9990 15 9 11
29.7265 -19.6485 61.5980 14 11 8
-1.6960 -1.0567 3.3300 9 2 13
-1.8539 -1.2141 3.8260 11 1 1
-1.7592 -1.2141 3.8260 7 1 7
-1.6540 -1.2065 3.8020 10 1 6
-1.6668 -1.2944 4.0790 6 0 6
-1.4968 -1.2373 3.8990 7 3 8
-1.3406 -1.1846 3.7330 7 1 5
-1.2636 -1.1992 3.7790 7 1 3
-1.2716 -1.3033 4.1070 9 5 10
-1.2031 -1.3480 4.2480 9 3 7
-1.0206 -1.2531 3.9490 5 4 6
-0.9287 -1.2611 3.9740 7 3 6
-0.8303 -1.2611 3.9740 6 1 9
-0.7717 -1.3296 4.1900 9 3 5
-0.6844 -1.3766 4.3380 6 2 5
-0.6608 -1.5765 4.9680 7 2 10
-0.6063 -1.7770 5.6000 6 5 7
-0.4286 -1.6289 5.1330 4 4 8
-0.2991 -1.6155 5.0910 6 2 3
-0.1633 -1.6022 5.0490 9 3 5
-0.0393 -1.6425 5.1760 5 4 6
0.0962 -1.7770 5.6000 6 5 5
0.2436 -1.8440 5.8110 13 9 14
0.4192 -1.9947 6.2860 12 9 6
0.7079 -2.4133 7.6050 9 5 6
1.0520 -2.8328 8.9270 15 12 9
1.9096 -4.2494 13.3910 17 9 8
2.7129 -5.1439 16.2100 8 4 7
3.4806 -5.7491 18.1170 10 4 10
4.7710 -6.9809 21.9990 6 2 7
4.9952 -6.5157 20.5330 18 6 6
5.6933 -6.7404 21.2410 12 3 8
6.9368 -7.5182 23.6920 12 3 8
8.5045 -8.4987 26.7820 6 5 9
7.8093 -7.2396 22.8140 21 12 15
7.3263 -6.3053 19.8700 9 0 5
8.9765 -7.2396 22.8140 13 7 13
12.2677 -9.3082 29.3330 16 5 11
16.0509 -11.4981 36.2340 22 14 13
26.1927 -17.7702 55.9990 24 11 15
-1.7052 -1.0569 3.3480 9 2 13
-1.8423 -1.2002 3.8020 9 0 3
-1.7592 -1.2078 3.8260 6 2 5
-1.6540 -1.2002 3.8020 9 0 5
-1.6629 -1.2794 4.0530 7 1 7
-1.4968 -1.2308 3.8990 6 2 7
-1.3489 -1.1857 3.7560 8 2 6
-1.2793 -1.2078 3.8260 9 3 5
-1.2799 -1.3050 4.1340 11 7 12
-1.2186 -1.3505 4.2780 9 3 5
-1.0206 -1.2466 3.9490 5 4 6
-0.9287 -1.2545 3.9740 7 3 6
-0.8303 -1.2545 3.9740 5 0 8
-0.7717 -1.3227 4.1900 8 4 5
-0.6916 -1.3694 4.3380 7 1 3
-0.6608 -1.5683 4.9680 8 3 11
-0.6063 -1.7678 5.6000 9 5 6
-0.4286 -1.6204 5.1330 5 5 9
-0.2966 -1.5939 5.0490 7 3 4
-0.1716 -1.5939 5.0490 11 7 10
-0.0393 -1.6340 5.1760 5 4 8
0.0970 -1.7839 5.6510 9 9 11
0.2460 -1.8521 5.8670 14 9 17
0.4149 -1.9642 6.2220 8 5 2
0.6705 -2.3149 7.3330 12 8 9
0.9296 -2.5254 8.0000 15 12 9
1.6893 -3.7395 11.8460 16 8 7
2.7129 -5.1172 16.2100 12 8 11
3.5860 -5.8925 18.6660 9 5 10
4.7710 -6.9446 21.9990 5 1 6
4.9613 -6.4818 20.5330 20 8 8
5.6933 -6.7054 21.2410 11 2 7
6.9368 -7.4791 23.6920 10 1 8
8.5045 -8.4545 26.7820 9 8 12
8.4340 -7.7780 24.6390 19 8 14
7.5368 -6.4818 20.5330 10 1 4
8.9765 -7.2019 22.8140 10 4 10
12.2677 -9.2598 29.3330 13 2 10
15.1592 -10.8029 34.2210 16 8 7
26.1927 -17.6777 55.9990 22 11 15
-1.7199 -1.0570 3.3660 12 2 14
-1.8423 -1.1939 3.8020 9 0 3
-1.7482 -1.1939 3.8020 8 4 7
-1.6440 -1.1867 3.7790 7 1 5
-1.6518 -1.2643 4.0260 9 0 7
-1.4936 -1.2165 3.8740 7 3 8
-1.3489 -1.1795 3.7560 8 2 6
-1.2793 -1.2015 3.8260 9 3 5
-1.2799 -1.2982 4.1340 5 4 8
-1.2186 -1.3434 4.2780 12 6 10
-1.0204 -1.2319 3.9230 8 4 7
-0.9287 -1.2480 3.9740 7 3 8
-0.8357 -1.2561 4.0000 5 0 8
-0.7717 -1.3158 4.1900 7 3 6
-0.6965 -1.3720 4.3690 9 3 7
-0.6480 -1.5111 4.8120 7 3 8
-0.6063 -1.7586 5.6000 9 5 8
-0.4286 -1.6119 5.1330 4 4 8
-0.2942 -1.5727 5.0080 8 4 7
-0.1731 -1.5987 5.0910 9 5 8
-0.0482 -1.6392 5.2200 5 4 8
0.0869 -1.7586 5.6000 6 6 8
0.2460 -1.8424 5.8670 15 10 18
0.4149 -1.9539 6.2220 8 3 1
0.6705 -2.3028 7.3330 11 7 8
0.9296 -2.5122 8.0000 15 12 9
1.6381 -3.6496 11.6220 17 9 8
2.7862 -5.2280 16.6480 9 5 8
3.5860 -5.8617 18.6660 11 7 12
4.7710 -6.9083 21.9990 5 1 6
4.6511 -6.0448 19.2490 18 7 11
5.4697 -6.4480 20.5330 15 6 11
6.6797 -7.1643 22.8140 8 2 8
8.5045 -8.4103 26.7820 13 9 14
8.4340 -7.7374 24.6390 17 6 10
7.5368 -6.4480 20.5330 9 0 3
8.6196 -6.9083 21.9990 11 2 9
12.2677 -9.2114 29.3330 17 6 12
14.3614 -10.1808 32.4200 15 7 6
26.1927 -17.5853 55.9990 19 8 12
-1.7129 -1.0574 3.3850 10 1 8
-1.8528 -1.2027 3.8500 9 5 6
-1.6879 -1.1592 3.7110 8 2 6
-1.6455 -1.1952 3.8260 7 1 5
-1.6213 -1.2495 4.0000 6 2 7
-1.4652 -1.2027 3.8500 7 3 8
-1.3447 -1.1805 3.7790 7 1 7
-1.2762 -1.2102 3.8740 13 2 8
-1.2854 -1.3179 4.2190 6 5 9
-1.1728 -1.3089 4.1900 8 4 7
-0.9884 -1.2102 3.8740 9 3 7
-0.9156 -1.2414 3.9740 9 5 10
-0.8279 -1.2576 4.0260 5 4 8
-0.7721 -1.3457 4.3080 7 3 6
-0.6749 -1.3648 4.3690 5 4 8
-0.6604 -1.5903 5.0910 6 2 7
-0.5824 -1.7334 5.5490 9 5 8
-0.4083 -1.5903 5.0910 6 6 10
-0.2716 -1.5772 5.0490 7 3 6
-0.1478 -1.5903 5.0910 7 1 7
-0.0228 -1.6587 5.3100 5 4 8
0.1157 -1.7653 5.6510 9 8 8
0.2654 -1.8327 5.8670 9 5 10
0.4596 -2.0042 6.4160 12 8 9
0.7068 -2.2907 7.3330 8 4 7
0.9328 -2.4053 7.7000 9 6 3
1.6049 -3.4362 11.0000 12 6 8
2.9202 -5.3451 17.1110 5 4 8
3.9157 -6.2070 19.8700 5 1 6
4.5547 -6.4141 20.5330 5 5 1
4.4673 -5.6594 18.1170 12 6 8
5.3914 -6.2070 19.8700 12 3 6
6.5137 -6.8720 21.9990 11 2 9
9.0296 -8.7463 27.9990 16 5 9
8.9126 -8.0175 25.6660 19 3 8
7.9019 -6.6352 21.2410 9 0 5
9.4002 -7.4009 23.6920 14 8 12
12.3645 -9.1630 29.3330 25 14 18
15.3286 -10.6899 34.2210 14 5 8
29.1165 -19.2419 61.5980 25 14 18
-1.7437 -1.0813 3.4800 12 1 9
-1.8452 -1.2038 3.8740 8 2 6
-1.6757 -1.1531 3.7110 11 2 7
-1.6368 -1.1963 3.8500 7 1 7
-1.5911 -1.2348 3.9740 7 0 9
-1.4281 -1.1814 3.8020 15 6 13
-1.3424 -1.1888 3.8260 9 3 9
-1.2794 -1.2190 3.9230 12 6 12
-1.2802 -1.3200 4.2480 8 2 6
-1.1215 -1.2675 4.0790 6 2 5
-0.9693 -1.2038 3.8740 7 3 8
-0.8959 -1.2348 3.9740 8 2 6
-0.8134 -1.2594 4.0530 9 5 10
-0.7632 -1.3479 4.3380 9 8 10
-0.6486 -1.3479 4.3380 5 1 6
-0.6741 -1.6789 5.4030 6 2 7
-0.5403 -1.6789 5.4030 6 5 9
-0.3769 -1.5561 5.0080 7 6 8
-0.2529 -1.5561 5.0080 6 2 7
-0.1247 -1.6083 5.1760 5 4 8
0.0036 -1.6643 5.3560 6 4 11
0.1464 -1.7889 5.7570 8 4 7
0.2972 -1.8404 5.9230 5 5 9
0.4911 -2.0362 6.5530 12 8 11
0.7259 -2.2258 7.1630 13 9 14
1.0220 -2.5185 8.1050 12 11 11
1.8220 -3.7530 12.0780 15 12 9
3.0908 -5.4688 17.6000 8 4 9
4.1141 -6.3802 20.5330 6 5 9
4.5060 -6.1742 19.8700 8 5 2
4.6951 -5.8001 18.6660 12 8 11
5.4898 -6.1742 19.8700 16 6 6
6.8680 -7.0890 22.8140 27 15 30
9.1221 -8.7001 27.9990 12 2 2
8.6780 -7.6560 24.6390 15 2 6
7.7402 -6.3802 20.5330 7 3 8
10.3105 -7.9752 25.6660 15 9 13
12.5098 -9.1146 29.3330 15 4 8
15.4416 -10.6335 34.2210 17 11 13
-1.7251 -1.0237 3.3120 19 10 17
-1.7666 -1.1006 3.5610 12 1 9
-1.7921 -1.1751 3.8020 7 3 8
-1.6475 -1.1402 3.6890 10 1 6
-1.6448 -1.2051 3.8990 8 2 8
-1.5578 -1.2125 3.9230 8 2 8
-1.3923 -1.1609 3.7560 14 8 12
-1.3318 -1.1900 3.8500 8 1 10
-1.2763 -1.2283 3.9740 7 1 7
-1.2680 -1.3222 4.2780 14 5 8
-1.0937 -1.2444 4.0260 8 4 9
-0.9442 -1.1900 3.8500 7 2 10
-0.8820 -1.2363 4.0000 6 2 7
-0.8039 -1.2694 4.1070 9 5 10
-0.7523 -1.3599 4.4000 12 11 13
-0.6434 -1.3599 4.4000 3 2 6
-0.6590 -1.6999 5.5000 8 4 9
-0.5005 -1.6273 5.2650 11 7 8
-0.3493 -1.5355 4.9680 10 9 11
-0.2300 -1.5605 5.0490 4 3 5
-0.1076 -1.5998 5.1760 3 2 6
0.0306 -1.6848 5.4510 6 4 11
0.1765 -1.7961 5.8110 10 4 6
0.3329 -1.8665 6.0390 7 6 8
0.5408 -2.0922 6.7690 11 7 10
0.7583 -2.2399 7.2470 15 11 16
1.0218 -2.4099 7.7970 15 11 14
1.9586 -3.8854 12.5710 17 7 7
3.2712 -5.5996 18.1170 6 2 7
4.3612 -6.5651 21.2410 4 7 10
4.2946 -5.7693 18.6660 8 2 4
4.7875 -5.7693 18.6660 13 9 10
5.5882 -6.1414 19.8700 8 2 4
7.2496 -7.3227 23.6920 127 117 131
9.7019 -9.0662 29.3330 17 1 8
8.7593 -7.6154 24.6390 14 5 8
7.8079 -6.3463 20.5330 9 0 7
11.3863 -8.6539 27.9990 11 7 10
12.6550 -9.0662 29.3330 10 4 6
16.5293 -11.1992 36.2340 16 12 15
-1.7235 -1.0237 3.3300 17 7 17
-1.7647 -1.1009 3.5810 14 1 7
-1.7308 -1.1409 3.7110 9 3 7
-1.6389 -1.1409 3.7110 9 3 7
-1.6355 -1.2060 3.9230 12 6 10
-1.5191 -1.1910 3.8740 8 2 6
-1.3799 -1.1547 3.7560 8 2 8
-1.3376 -1.2060 3.9230 6 2 7
-1.2816 -1.2460 4.0530 10 4 8
-1.2469 -1.3152 4.2780 6 0 2
-1.0532 -1.2140 3.9490 5 5 5
-0.9433 -1.1987 3.8990 6 1 11
-0.8622 -1.2297 4.0000 7 3 8
-0.7940 -1.2795 4.1620 8 2 8
-0.7358 -1.3625 4.4320 11 7 10
-0.6494 -1.4132 4.5970 6 1 9
-0.6408 -1.6909 5.5000 9 5 10
-0.4664 -1.5912 5.1760 9 5 8
-0.3220 -1.5150 4.9280 4 4 8
-0.2050 -1.5522 5.0490 3 2 6
-0.0827 -1.6048 5.2200 7 6 8
0.0491 -1.6909 5.5000 5 3 10
0.2053 -1.7865 5.8110 12 11 11
0.3628 -1.8566 6.0390 9 8 10
0.5806 -2.1040 6.8440 6 5 7
0.7672 -2.1520 7.0000 11 10 12
0.9970 -2.2814 7.4210 17 11 13
2.1069 -4.0292 13.1060 12 3 6
3.4628 -5.7385 18.6660 8 4 9
4.4663 -6.5301 21.2410 20 29 22
4.0215 -5.2604 17.1110 9 3 5
4.7065 -5.5697 18.1170 8 2 6
5.8424 -6.3124 20.5330 7 1 5
7.3669 -7.2836 23.6920 77 87 92
10.3393 -9.4685 30.7990 14 1 5
8.8813 -7.5747 24.6390 14 6 5
7.9096 -6.3124 20.5330 9 0 5
12.0257 -9.0178 29.3330 9 3 7
12.8003 -9.0178 29.3330 13 8 6
18.9369 -12.6249 41.0660 19 13 17
-1.7255 -1.0292 3.3660 11 1 11
-1.7782 -1.1146 3.6450 15 2 6
-1.7084 -1.1280 3.6890 12 1 5
-1.6503 -1.1555 3.7790 10 4 6
-1.6267 -1.2075 3.9490 7 1 5
-1.4721 -1.1626 3.8020 8 2 6
-1.3779 -1.1626 3.8020 7 1 7
-1.3247 -1.1996 3.9230 5 1 6
-1.2868 -1.2641 4.1340 11 0 6
-1.2171 -1.2989 4.2480 5 1 4
-1.0140 -1.1846 3.8740 6 5 5
-0.9359 -1.2075 3.9490 11 7 8
-0.8490 -1.2231 4.0000 5 4 8
-0.7840 -1.2901 4.2190 6 2 7
-0.7139 -1.3552 4.4320 10 4 10
-0.6560 -1.4714 4.8120 7 3 8
-0.5975 -1.6377 5.3560 12 6 10
-0.4419 -1.5567 5.0910 5 4 8
-0.2976 -1.5069 4.9280 6 5 9
-0.1815 -1.5567 5.0910 20 18 25
-0.0563 -1.5827 5.1760 5 4 8
0.0777 -1.7124 5.6000 7 6 8
0.2245 -1.7769 5.8110 16 12 17
0.3966 -1.8649 6.0990 9 5 6
0.6214 -2.1163 6.9210 12 6 10
0.7928 -2.1163 6.9210 12 12 14
1.1144 -2.4462 8.0000 11 2 7
2.2968 -4.2809 14.0000 11 7 12
3.7517 -6.0758 19.8700 6 2 7
4.5715 -6.4950 21.2410 6 2 7
3.9951 -5.0906 16.6480 11 0 4
4.7962 -5.5398 18.1170 10 4 6
5.7522 -6.0758 19.8700 6 2 7
7.7427 -7.5341 24.6390 27 27 45
10.4918 -9.4177 30.7990 15 9 13
8.6573 -7.2445 23.6920 10 0 3
8.0113 -6.2785 20.5330 10 4 8
12.7792 -9.4177 30.7990 15 6 9
12.8971 -8.9694 29.3330 16 7 10
22.0845 -14.4887 47.3830 23 7 12
-1.7184 -1.0295 3.3850 12 5 14
-1.7814 -1.1219 3.6890 7 1 5
-1.6599 -1.1019 3.6230 11 2 7
-1.6478 -1.1563 3.8020 5 1 4
-1.6072 -1.2010 3.9490 8 4 9
-1.4445 -1.1493 3.7790 12 3 6
-1.3677 -1.1636 3.8260 8 2 8
-1.3139 -1.2010 3.9490 10 1 6
-1.2817 -1.2658 4.1620 10 4 8
-1.1797 -1.2743 4.1900 9 8 10
-0.9573 -1.1636 3.8260 7 3 6
-0.9076 -1.2244 4.0260 10 4 8
-0.8186 -1.2405 4.0790 5 4 8
-0.7741 -1.3382 4.4000 11 10 10
-0.6627 -1.3479 4.4320 6 2 7
-0.6458 -1.5742 5.1760 4 2 9
-0.5265 -1.6012 5.2650 7 6 10
-0.3739 -1.5109 4.9680 7 6 8
-0.2509 -1.5109 4.9680 5 1 6
-0.1332 -1.5742 5.1760 12 11 13
0.0035 -1.6149 5.3100 19 13 15
0.1450 -1.7347 5.7040 9 5 8
0.2944 -1.7843 5.8670 5 5 9
0.4859 -1.9720 6.4840 12 11 13
0.6900 -2.1049 6.9210 13 9 12
0.8536 -2.0586 6.7690 6 6 10
1.3467 -2.7149 8.9270 16 8 7
3.0049 -5.2039 17.1110 6 2 7
4.1141 -6.2447 20.5330 6 5 9
4.0786 -5.5099 18.1170 9 3 5
4.0773 -4.9299 16.2100 13 9 12
5.0055 -5.5099 18.1170 13 2 6
6.3945 -6.4600 21.2410 29 18 35
8.7256 -8.1452 26.7820 12 3 8
10.2828 -8.9210 29.3330 17 8 11
7.7402 -6.2447 20.5330 10 1 6
10.3105 -7.8057 25.6660 14 5 8
12.5098 -8.9210 29.3330 13 2 6
13.8975 -9.3668 30.7990 13 9 12
-1.7400 -1.0073 3.3300 17 8 13
-1.7265 -1.0526 3.4800 15 6 13
-1.7181 -1.1025 3.6450 11 2 5
-1.6278 -1.1025 3.6450 10 4 8
-1.6448 -1.1794 3.8990 11 0 6
-1.5482 -1.1794 3.8990 12 6 10
-1.3923 -1.1361 3.7560 11 2 7
-1.3660 -1.1945 3.9490 7 2 10
-1.2930 -1.2178 4.0260 7 1 5
-1.2591 -1.2849 4.2480 9 3 7
-1.0270 -1.1794 3.8990 4 3 3
-0.9359 -1.1945 3.9490 7 1 5
-0.8545 -1.2178 4.0260 7 6 10
-0.7910 -1.2762 4.2190 4 3 7
-0.7212 -1.3406 4.4320 13 7 13
-0.6487 -1.4222 4.7020 11 7 12
-0.5910 -1.5789 5.2200 6 5 9
-0.4383 -1.5272 5.0490 11 11 15
-0.3058 -1.4906 4.9280 5 4 8
-0.1899 -1.5399 5.0910 6 5 9
-0.0649 -1.5656 5.1760 4 2 9
0.0678 -1.6784 5.5490 10 10 12
0.2245 -1.7577 5.8110 15 9 13
0.3866 -1.8448 6.0990 9 3 5
0.6032 -2.0702 6.8440 9 8 10
0.7477 -2.0033 6.6230 8 8 10
0.9636 -2.1173 7.0000 16 5 9
1.8374 -3.3877 11.2000 8 4 7
3.6345 -5.8224 19.2490 6 2 7
4.3852 -6.2108 20.5330 5 5 5
3.7641 -4.7773 15.7940 12 1 5
4.5016 -5.1757 17.1110 8 2 6
5.4036 -5.6460 18.6660 7 3 6
7.7427 -7.4527 24.6390 25 31 44
9.9440 -8.8726 29.3330 12 8 11
9.3362 -7.7634 25.6660 17 8 11
8.2524 -6.4249 21.2410 8 2 6
12.7792 -9.3160 30.7990 16 6 6
12.3105 -8.4691 27.9990 12 3 8
20.4346 -13.3087 43.9990 16 5 11
-1.7162 -1.0072 3.3480 12 2 12
-1.7373 -1.0712 3.5610 23 3 6
-1.6718 -1.0899 3.6230 11 2 5
-1.6503 -1.1368 3.7790 7 1 5
-1.6267 -1.1880 3.9490 8 4 7
-1.4632 -1.1368 3.7790 7 1 7
-1.3779 -1.1437 3.8020 13 9 14
-1.3269 -1.1880 3.9490 7 3 8
-1.2868 -1.2436 4.1340 9 3 7
-1.2005 -1.2605 4.1900 7 6 10
-1.0140 -1.1654 3.8740 7 3 6
-0.9359 -1.1880 3.9490 7 1 7
-0.8545 -1.2111 4.0260 7 6 10
-0.7786 -1.2605 4.1900 9 8 10
-0.7190 -1.3429 4.4640 8 2 8
-0.6560 -1.4476 4.8120 8 4 9
-0.5680 -1.5315 5.0910 14 10 13
-0.4347 -1.5065 5.0080 11 11 15
-0.2976 -1.4825 4.9280 5 4 8
-0.1815 -1.5315 5.0910 3 13 16
-0.0563 -1.5571 5.1760 5 3 10
0.0777 -1.6846 5.6000 8 8 10
0.2245 -1.7481 5.8110 11 7 10
0.3966 -1.8347 6.0990 7 3 4
0.6145 -2.0589 6.8440 18 14 15
0.7586 -1.9924 6.6230 8 8 12
0.9978 -2.1548 7.1630 19 11 10
1.8374 -3.3693 11.2000 8 4 7
3.6663 -5.7906 19.2490 5 1 4
4.4191 -6.1769 20.5330 7 1 5
3.5195 -4.4119 14.6660 17 6 10
4.0769 -4.6327 15.4000 7 1 3
5.2447 -5.4501 18.1170 6 2 5
7.7834 -7.4121 24.6390 10 16 27
9.5379 -8.4229 27.9990 12 6 8
9.3786 -7.7210 25.6660 14 5 8
8.2875 -6.3899 21.2410 10 4 6
12.7792 -9.2652 30.7990 15 5 5
12.3568 -8.4229 27.9990 12 3 8
20.5073 -13.2361 43.9990 21 12 17
31.5564 -18.5304 61.5980 26 12 8
-1.6941 -1.0016 3.3480 15 6 13
-1.7335 -1.0776 3.6020 9 5 6
-1.6443 -1.0776 3.6020 10 1 8
-1.6455 -1.1447 3.8260 7 3 6
-1.5901 -1.1737 3.9230 7 1 7
-1.4295 -1.1237 3.7560 8 2 6
-1.3874 -1.1665 3.8990 6 2 7
-1.3243 -1.1967 4.0000 7 1 7
-1.2765 -1.2536 4.1900 7 1 7
-1.1650 -1.2452 4.1620 4 3 7
-0.9823 -1.1518 3.8500 7 1 3
-0.9216 -1.1967 4.0000 11 7 8
-0.8388 -1.2203 4.0790 10 9 13
-0.7831 -1.3071 4.3690 6 2 5
-0.6945 -1.3451 4.4960 7 3 8
-0.6392 -1.4743 4.9280 5 4 8
-0.5344 -1.5231 5.0910 13 13 17
-0.3985 -1.4863 4.9680 10 10 12
-0.2651 -1.4743 4.9280 5 4 8
-0.1491 -1.5357 5.1330 16 6 6
-0.0226 -1.5752 5.2650 6 6 10
0.1146 -1.6754 5.6000 11 10 12
0.2654 -1.7553 5.8670 4 3 7
0.4549 -1.8998 6.3500 7 6 8
0.6453 -2.0030 6.6950 12 8 11
0.7855 -1.9399 6.4840 2 5 8
1.0699 -2.1939 7.3330 12 6 10
1.9467 -3.4127 11.4070 7 6 8
3.7933 -5.7589 19.2490 3 2 4
3.6929 -4.9807 16.6480 10 4 6
3.0997 -3.7610 12.5710 13 2 6
4.1786 -4.6073 15.4000 10 5 3
5.5268 -5.5844 18.6660 10 4 8
7.3575 -6.8254 22.8140 7 1 5
9.7228 -8.3767 27.9990 12 3 6
8.4871 -6.8254 22.8140 11 2 9
9.4002 -7.0881 23.6920 12 3 6
12.9825 -9.2144 30.7990 16 6 6
12.4954 -8.3767 27.9990 11 10 14
24.2639 -15.3574 51.3320 22 13 18
-1.7177 -0.9750 3.2770 14 5 10
-1.6720 -0.9961 3.3480 12 3 10
-1.7197 -1.0779 3.6230 14 6 5
-1.6399 -1.0845 3.6450 12 1 7
-1.6614 -1.1672 3.9230 13 7 13
-1.5447 -1.1526 3.8740 5 1 4
-1.4047 -1.1175 3.7560 12 6 12
-1.3878 -1.1824 3.9740 12 5 14
-1.3151 -1.2059 4.0530 6 2 5
-1.2575 -1.2553 4.2190 9 3 9
-1.1298 -1.2300 4.1340 7 3 8
-0.9569 -1.1455 3.8500 12 6 10
-0.9010 -1.1978 4.0260 5 4 8
-0.8174 -1.2219 4.1070 4 3 7
-0.7706 -1.3282 4.4640 13 13 13
-0.6648 -1.3377 4.4960 6 5 7
-0.6116 -1.4781 4.9680 6 4 13
-0.4886 -1.4781 4.9680 7 5 12
-0.3657 -1.4781 4.9680 10 9 11
-0.2345 -1.4781 4.9680 6 5 7
-0.1161 -1.5400 5.1760 4 3 7
0.0123 -1.5799 5.3100 12 12 14
0.1530 -1.6813 5.6510 6 5 7
0.3041 -1.7456 5.8670 5 5 7
0.5127 -1.9497 6.5530 10 10 10
0.6749 -1.9497 6.5530 11 11 15
0.8371 -1.9497 6.5530 9 9 11
1.1317 -2.2079 7.4210 15 11 12
2.4265 -4.0728 13.6890 6 2 7
4.1819 -6.1091 20.5330 5 4 8
3.5177 -4.5819 15.4000 11 2 7
3.1827 -3.7402 12.5710 16 7 12
4.6271 -4.9532 16.6480 20 16 17
6.2152 -6.1091 20.5330 19 14 24
7.4704 -6.7878 22.8140 14 8 12
9.9076 -8.3305 27.9990 20 10 10
8.6377 -6.7878 22.8140 11 2 7
10.3529 -7.6363 25.6660 15 7 6
12.5582 -8.7274 29.3330 15 3 3
13.2844 -8.7274 29.3330 11 11 15
29.5232 -18.3271 61.5980 13 12 16
28.7805 -16.6612 55.9990 25 8 8
-1.6759 -0.9799 3.3120 9 3 9
-1.7138 -1.0536 3.5610 5 4 4
-1.6443 -1.0657 3.6020 10 4 8
-1.6559 -1.1391 3.8500 6 2 7
-1.6007 -1.1684 3.9490 7 1 5
-1.4295 -1.1113 3.7560 9 0 5
-1.3874 -1.1536 3.8990 6 2 5
-1.3243 -1.1835 4.0000 9 5 10
-1.2680 -1.2314 4.1620 13 7 13
-1.1650 -1.2314 4.1620 5 4 8
-0.9823 -1.1391 3.8500 6 2 5
-0.9216 -1.1835 4.0000 11 7 8
-0.8388 -1.2069 4.0790 4 2 9
-0.7775 -1.2835 4.3380 8 4 9
-0.6996 -1.3400 4.5290 8 4 9
-0.6291 -1.4350 4.8500 9 8 12
-0.5091 -1.4350 4.8500 9 9 9
-0.3952 -1.4581 4.9280 12 12 12
-0.2673 -1.4699 4.9680 4 3 7
-0.1491 -1.5187 5.1330 12 2 2
-0.0226 -1.5578 5.2650 13 12 19
0.1146 -1.6569 5.6000 12 12 14
0.2654 -1.7359 5.8670 9 5 8
0.4354 -1.8409 6.2220 6 5 9
0.6384 -1.9596 6.6230 28 24 27
0.7855 -1.9185 6.4840 6 9 12
1.0330 -2.0948 7.0800 13 7 13
1.7233 -2.9878 10.0980 7 6 10
3.3438 -5.0627 17.1110 3 2 4
3.3327 -4.4453 15.0240 7 1 5
2.8127 -3.3751 11.4070 15 4 8
3.8869 -4.2384 14.3250 13 10 7
5.3643 -5.3604 18.1170 8 4 9
6.8151 -6.2847 21.2410 12 8 11
8.9126 -7.5940 25.6660 15 9 11
8.8137 -7.0099 23.6920 14 5 12
9.7759 -7.2901 24.6390 9 0 3
12.3645 -8.6789 29.3330 8 2 4
11.9523 -7.9242 26.7820 12 8 13
19.4113 -12.1505 41.0660 21 15 19
27.8563 -16.5688 55.9990 17 11 13
32.1664 -18.2254 61.5980 28 20 19
-1.6474 -0.9642 3.2770 10 3 12
-1.7020 -1.0477 3.5610 8 4 5
-1.6360 -1.0660 3.6230 15 6 13
-1.6641 -1.1472 3.8990 8 1 10
-1.5772 -1.1543 3.9230 8 2 6
-1.4171 -1.1051 3.7560 9 5 10
-1.3829 -1.1543 3.9230 6 1 9
-1.3218 -1.1925 4.0530 7 3 6
-1.2627 -1.2328 4.1900 12 6 10
-1.1435 -1.2163 4.1340 6 5 9
-0.9696 -1.1328 3.8500 10 4 8
-0.9143 -1.1846 4.0260 7 6 8
-0.8242 -1.2084 4.1070 11 7 12
-0.7741 -1.2946 4.4000 14 10 13
-0.6898 -1.3426 4.5630 8 4 9
-0.6180 -1.4385 4.8890 12 11 15
-0.4930 -1.4270 4.8500 9 9 11
-0.3790 -1.4499 4.9280 11 11 11
-0.2509 -1.4617 4.9680 8 4 9
-0.1332 -1.5229 5.1760 12 7 5
-0.0052 -1.5491 5.2650 10 12 18
0.1331 -1.6477 5.6000 9 9 11
0.2847 -1.7262 5.8670 4 3 5
0.4758 -1.8683 6.3500 6 5 7
0.6533 -1.9281 6.5530 12 8 11
0.7985 -1.8878 6.4160 6 6 10
1.0564 -2.0831 7.0800 13 7 9
1.7567 -2.9711 10.0980 10 9 11
3.2480 -4.7694 16.2100 3 2 6
3.0146 -3.9400 13.3910 8 2 6
2.5233 -2.9711 10.0980 12 3 10
3.9342 -4.2148 14.3250 14 8 10
5.4241 -5.3305 18.1170 11 7 12
6.4736 -5.8463 19.8700 7 3 6
8.9974 -7.5516 25.6660 11 7 8
8.8919 -6.9708 23.6920 12 3 8
10.2681 -7.5516 25.6660 14 6 5
13.0842 -9.0619 30.7990 12 6 8
12.6340 -8.2380 27.9990 14 8 14
20.9430 -12.9457 43.9990 18 17 19
25.7042 -15.1032 51.3320 22 18 19
-1.6993 -0.9485 3.2420 12 3 8
-1.6630 -0.9743 3.3300 16 7 14
-1.6938 -1.0477 3.5810 14 6 5
-1.6437 -1.0729 3.6670 12 3 10
-1.6614 -1.1478 3.9230 14 5 12
-1.5547 -1.1408 3.8990 11 0 6
-1.4047 -1.0989 3.7560 9 7 14
-1.3903 -1.1703 4.0000 7 2 10
-1.3258 -1.2016 4.1070 9 5 8
-1.2405 -1.2177 4.1620 8 4 7
-1.1225 -1.2016 4.1070 4 3 7
-0.9629 -1.1334 3.8740 9 3 7
-0.9010 -1.1779 4.0260 6 5 9
-0.8160 -1.2095 4.1340 9 5 10
-0.7706 -1.3061 4.4640 11 11 11
-0.6747 -1.3350 4.5630 6 4 11
-0.6067 -1.4418 4.9280 8 7 14
-0.4770 -1.4190 4.8500 10 10 14
-0.3546 -1.4418 4.9280 13 12 12
-0.2383 -1.4772 5.0490 5 4 6
-0.1161 -1.5144 5.1760 6 2 5
0.0123 -1.5536 5.3100 9 11 17
0.1516 -1.6384 5.6000 10 10 10
0.3168 -1.7329 5.9230 5 5 7
0.5020 -1.8772 6.4160 9 8 8
0.6608 -1.8772 6.4160 10 9 13
0.8283 -1.8971 6.4840 10 9 11
1.0924 -2.0957 7.1630 13 7 9
1.9680 -3.2183 11.0000 5 1 4
3.4850 -5.0063 17.1110 4 3 7
2.8715 -3.6780 12.5710 12 3 8
2.5566 -2.9544 10.0980 18 9 16
4.0762 -4.2909 14.6660 12 8 9
6.2491 -6.0075 20.5330 33 31 40
6.7574 -6.0075 20.5330 15 6 9
8.7187 -7.2088 24.6390 17 9 8
8.9701 -6.9317 23.6920 16 7 12
10.8030 -7.8358 26.7820 9 4 2
12.6066 -8.5821 29.3330 27 10 10
12.7264 -8.1918 27.9990 14 9 17
21.0882 -12.8731 43.9990 12 12 14
23.8831 -13.8631 47.3830 18 10 9
-1.6709 -0.9333 3.2080 10 4 10
-1.6520 -0.9688 3.3300 17 1 6
-1.6919 -1.0479 3.6020 17 9 8
-1.6414 -1.0732 3.6890 11 7 12
-1.6484 -1.1413 3.9230 12 1 7
-1.5319 -1.1270 3.8740 11 0 6
-1.3923 -1.0927 3.7560 11 6 14
-1.3771 -1.1637 4.0000 6 2 7
-1.3122 -1.1948 4.1070 4 3 5
-1.2185 -1.2027 4.1340 9 5 8
-1.1013 -1.1867 4.0790 4 3 10
-0.9621 -1.1413 3.9230 8 2 8
-0.8870 -1.1791 4.0530 5 3 10
-0.8023 -1.2027 4.1340 8 3 11
-0.7613 -1.3080 4.4960 9 8 8
-0.6747 -1.3578 4.6670 5 3 10
-0.5904 -1.4337 4.9280 3 5 11
-0.4495 -1.3999 4.8120 8 10 16
-0.3411 -1.4453 4.9680 9 8 8
-0.2235 -1.4811 5.0910 5 4 6
-0.0991 -1.5058 5.1760 7 3 8
0.0301 -1.5582 5.3560 13 13 17
0.1827 -1.6594 5.7040 10 10 10
0.3363 -1.7232 5.9230 6 2 5
0.5287 -1.8864 6.4840 8 4 5
0.6820 -1.8666 6.4160 12 12 14
0.8588 -1.9064 6.5530 10 9 9
1.1411 -2.1083 7.2470 10 4 6
1.8706 -2.9866 10.2660 11 7 10
3.1873 -4.4803 15.4000 4 3 7
2.4609 -3.0896 10.6200 12 3 8
2.3581 -2.6748 9.1940 32 23 26
4.3565 -4.4803 15.4000 8 4 7
6.1129 -5.7807 19.8700 139 140 129
6.3984 -5.6000 19.2490 14 5 8
8.4618 -6.8926 23.6920 13 3 3
9.4100 -7.1681 24.6390 10 4 6
11.3863 -8.1456 27.9990 9 3 5
12.1257 -8.1456 27.9990 29 15 11
12.2617 -7.7916 26.7820 12 11 15
21.2334 -12.8004 43.9990 7 6 8
22.3227 -12.8004 43.9990 20 8 8
-1.6521 -0.9234 3.1920 7 2 10
-1.6626 -0.9792 3.3850 15 4 8
-1.6800 -1.0420 3.6020 12 8 11
-1.6487 -1.0799 3.7330 12 8 11
-1.6355 -1.1348 3.9230 11 2 7
-1.5003 -1.1068 3.8260 7 1 7
-1.3993 -1.1068 3.8260 7 3 6
-1.3820 -1.1724 4.0530 7 3 8
-1.2987 -1.1881 4.1070 6 5 9
-1.2049 -1.1959 4.1340 7 3 8
-1.0809 -1.1724 4.0530 3 3 7
-0.9549 -1.1496 3.9740 9 4 12
-0.8852 -1.1881 4.1070 5 4 8
-0.7940 -1.2040 4.1620 8 4 9
-0.7519 -1.3101 4.5290 12 11 13
-0.6746 -1.3813 4.7750 6 4 11
-0.5571 -1.4030 4.8500 8 8 12
-0.4336 -1.3920 4.8120 12 12 16
-0.3247 -1.4371 4.9680 10 10 10
-0.2084 -1.4849 5.1330 6 2 3
-0.0813 -1.4849 5.1330 6 5 9
0.0576 -1.5768 5.4510 10 13 14
0.2015 -1.6500 5.7040 6 9 10
0.3593 -1.7299 5.9800 5 1 4
0.5443 -1.8560 6.4160 11 7 10
0.6959 -1.8369 6.3500 12 8 11
0.8804 -1.8956 6.5530 12 8 9
1.1515 -2.0721 7.1630 13 7 11
1.7581 -2.7415 9.4770 8 4 7
2.8157 -3.8737 13.3910 2 2 4
2.2621 -2.7843 9.6250 19 13 15
2.2224 -2.4748 8.5550 34 29 25
4.5201 -4.5688 15.7940 8 2 6
6.3846 -5.9397 20.5330 122 127 117
6.8930 -5.9397 20.5330 16 7 10
8.8813 -7.1275 24.6390 11 2 5
9.4913 -7.1275 24.6390 12 3 6
12.0741 -8.4853 29.3330 7 3 4
11.6871 -7.7474 26.7820 41 32 27
13.5264 -8.4853 29.3330 15 9 13
21.3787 -12.7278 43.9990 13 7 13
24.1959 -13.7067 47.3830 31 16 17
-1.6363 -0.9181 3.1920 7 2 10
-1.6694 -0.9843 3.4220 11 2 5
-1.6880 -1.0484 3.6450 9 8 10
-1.6464 -1.0803 3.7560 10 4 6
-1.6333 -1.1358 3.9490 10 4 8
-1.4721 -1.0936 3.8020 8 2 6
-1.3953 -1.1074 3.8500 10 9 13
-1.3686 -1.1657 4.0530 6 1 9
-1.2851 -1.1813 4.1070 14 8 12
-1.1835 -1.1813 4.1070 4 2 9
-1.0402 -1.1430 3.9740 5 5 9
-0.9541 -1.1580 4.0260 9 5 10
-0.8717 -1.1813 4.1070 6 5 9
-0.7855 -1.2052 4.1900 7 3 6
-0.7425 -1.3124 4.5630 10 9 13
-0.6665 -1.4062 4.8890 4 3 7
-0.5542 -1.4289 4.9680 9 9 11
-0.4210 -1.3950 4.8500 18 18 22
-0.3083 -1.4289 4.9680 3 6 9
-0.1930 -1.4887 5.1760 12 8 9
-0.0649 -1.4887 5.1760 9 5 10
0.0763 -1.5819 5.5000 13 16 19
0.2203 -1.6406 5.7040 13 13 15
0.3866 -1.7542 6.0990 7 3 6
0.5655 -1.8454 6.4160 11 7 10
0.7169 -1.8264 6.3500 11 10 12
0.9326 -1.9257 6.6950 9 5 8
1.2324 -2.1606 7.5120 9 5 10
1.8759 -2.8576 9.9350 9 5 6
2.7991 -3.7696 13.1060 4 3 5
2.2243 -2.6844 9.3330 14 5 8
2.4340 -2.6444 9.1940 26 22 25
4.6926 -4.6624 16.2100 6 2 5
6.2441 -5.7151 19.8700 25 34 46
6.7360 -5.7151 19.8700 15 10 8
8.9627 -7.0868 24.6390 11 0 6
10.0140 -7.3822 25.6660 10 4 6
12.1709 -8.4369 29.3330 21 13 10
11.2848 -7.3822 25.6660 36 29 23
13.6233 -8.4369 29.3330 18 10 9
21.5239 -12.6552 43.9990 12 5 14
24.4306 -13.6286 47.3830 19 10 15
-1.6363 -0.9128 3.1920 9 4 14
-1.6694 -0.9786 3.4220 15 4 8
-1.6880 -1.0424 3.6450 9 8 10
-1.6363 -1.0675 3.7330 7 3 6
-1.6160 -1.1219 3.9230 6 5 7
-1.4721 -1.0873 3.8020 7 1 5
-1.4040 -1.1079 3.8740 5 4 8
-1.3868 -1.1745 4.1070 6 1 9
-1.2764 -1.1665 4.0790 12 6 10
-1.1687 -1.1665 4.0790 4 4 6
-1.0470 -1.1439 4.0000 6 6 10
-0.9605 -1.1591 4.0530 7 3 8
-0.8774 -1.1822 4.1340 6 5 9
-0.7910 -1.2065 4.2190 7 3 6
-0.7425 -1.3049 4.5630 5 4 8
-0.6718 -1.4093 4.9280 6 6 10
-0.5680 -1.4559 5.0910 7 6 8
-0.4210 -1.3870 4.8500 9 8 15
-0.3107 -1.4322 5.0080 6 9 12
-0.1930 -1.4802 5.1760 8 4 7
-0.0563 -1.4802 5.1760 5 1 6
0.0763 -1.5729 5.5000 11 14 15
0.2203 -1.6312 5.7040 9 9 11
0.3866 -1.7442 6.0990 6 2 5
0.5655 -1.8348 6.4160 11 7 10
0.7274 -1.8159 6.3500 9 8 8
0.9326 -1.9146 6.6950 13 9 12
1.1889 -2.0725 7.2470 8 4 9
1.6855 -2.5529 8.9270 8 4 7
2.4821 -3.3236 11.6220 5 4 6
2.0530 -2.4465 8.5550 15 9 11
2.2648 -2.4465 8.5550 18 14 17
4.4581 -4.4040 15.4000 5 1 6
6.2441 -5.6823 19.8700 36 44 59
6.5255 -5.5047 19.2490 15 10 8
9.0033 -7.0461 24.6390 13 2 8
10.4494 -7.6590 26.7820 9 3 5
12.1709 -8.3885 29.3330 14 9 5
10.8332 -7.0461 24.6390 24 17 11
13.6233 -8.3885 29.3330 14 9 7
20.1569 -11.7439 41.0660 16 11 19
24.4306 -13.5504 47.3830 19 13 19
-1.6363 -0.9076 3.1920 7 2 12
-1.6694 -0.9730 3.4220 11 0 4
-1.6778 -1.0301 3.6230 6 5 7
-1.6267 -1.0551 3.7110 8 4 7
-1.6160 -1.1154 3.9230 4 3 5
-1.4721 -1.0810 3.8020 7 1 5
-1.4131 -1.1086 3.8990 4 4 8
-1.3868 -1.1677 4.1070 6 1 9
-1.2764 -1.1598 4.0790 10 4 8
-1.1687 -1.1598 4.0790 6 5 7
-1.0538 -1.1447 4.0260 5 5 9
-0.9667 -1.1598 4.0790 6 2 7
-0.8774 -1.1754 4.1340 4 4 8
-0.7910 -1.1996 4.2190 6 5 7
-0.7350 -1.2974 4.5630 7 5 12
-0.6718 -1.4012 4.9280 8 8 12
-0.5680 -1.4475 5.0910 9 8 12
-0.4210 -1.3790 4.8500 8 7 14
-0.3107 -1.4239 5.0080 6 8 14
-0.1830 -1.4594 5.1330 7 3 4
-0.0563 -1.4717 5.1760 6 2 7
0.0763 -1.5638 5.5000 14 17 20
0.2203 -1.6218 5.7040 10 10 12
0.3904 -1.7514 6.1600 8 4 7
0.5702 -1.8055 6.3500 10 4 10
0.7274 -1.8055 6.3500 9 8 8
0.9326 -1.9036 6.6950 13 7 11
1.1484 -1.9903 7.0000 9 5 10
1.5507 -2.3352 8.2130 9 8 12
2.5013 -3.3044 11.6220 5 4 6
2.0530 -2.4324 8.5550 13 8 6
2.2648 -2.4324 8.5550 17 11 15
4.4581 -4.3786 15.4000 6 2 7
6.2441 -5.6495 19.8700 17 25 40
6.5572 -5.4730 19.2490 14 6 5
9.0033 -7.0055 24.6390 12 1 5
10.4494 -7.6148 26.7820 7 1 3
12.1709 -8.3401 29.3330 9 4 2
10.8332 -7.0055 24.6390 24 14 12
13.0037 -7.9608 27.9990 11 7 8
20.1569 -11.6761 41.0660 15 14 21
24.4306 -13.4722 47.3830 22 17 27
-1.6363 -0.9023 3.1920 7 2 12
-1.6694 -0.9673 3.4220 13 2 6
-1.6778 -1.0241 3.6230 9 8 10
-1.6302 -1.0552 3.7330 9 5 8
-1.6061 -1.1021 3.8990 6 5 9
-1.4721 -1.0747 3.8020 7 1 5
-1.4131 -1.1021 3.8990 4 4 8
-1.3868 -1.1609 4.1070 8 3 11
-1.2615 -1.1457 4.0530 12 8 11
-1.1687 -1.1530 4.0790 6 5 7
-1.0538 -1.1380 4.0260 4 4 6
-0.9667 -1.1530 4.0790 5 0 8
-0.8774 -1.1686 4.1340 5 5 9
-0.7840 -1.1926 4.2190 11 7 10
-0.7295 -1.2802 4.5290 6 5 9
-0.6718 -1.3930 4.9280 5 4 11
-0.5774 -1.4631 5.1760 11 10 14
-0.4244 -1.3820 4.8890 7 5 12
-0.3025 -1.4156 5.0080 9 11 17
-0.1815 -1.4391 5.0910 6 2 3
-0.0563 -1.4631 5.1760 5 3 10
0.0763 -1.5547 5.5000 17 20 23
0.2203 -1.6124 5.7040 15 15 17
0.4006 -1.7413 6.1600 11 7 10
0.5702 -1.7950 6.3500 10 4 8
0.7274 -1.7950 6.3500 6 5 7
0.9326 -1.8925 6.6950 14 8 12
1.1484 -1.9787 7.0000 9 5 10
1.6294 -2.4183 8.5550 9 7 14
2.2469 -2.9511 10.4400 4 3 5
1.9450 -2.2911 8.1050 12 4 3
2.0384 -2.1766 7.7000 26 20 24
4.0529 -3.9574 14.0000 11 7 12
6.2441 -5.6167 19.8700 30 39 51
6.3586 -5.2764 18.6660 16 8 7
9.0033 -6.9648 24.6390 11 0 6
10.4494 -7.5706 26.7820 7 1 3
11.6174 -7.9146 27.9990 8 2 4
10.8332 -6.9648 24.6390 18 10 7
13.0499 -7.9146 27.9990 9 12 11
18.8969 -10.8827 38.4990 10 10 14
24.4306 -13.3940 47.3830 19 14 26
-1.6363 -0.8970 3.1920 8 3 11
-1.6694 -0.9617 3.4220 15 2 6
-1.6621 -1.0122 3.6020 6 5 7
-1.6206 -1.0429 3.7110 13 9 14
-1.6061 -1.0957 3.8990 11 9 16
-1.4907 -1.0819 3.8500 7 3 8
-1.4218 -1.1025 3.9230 4 4 8
-1.3891 -1.1618 4.1340 8 2 8
-1.2615 -1.1390 4.0530 8 4 7
-1.1612 -1.1390 4.0530 8 4 7
-1.0677 -1.1463 4.0790 5 4 6
-0.9733 -1.1542 4.1070 6 1 9
-0.8765 -1.1696 4.1620 5 4 8
-0.7840 -1.1856 4.2190 8 4 7
-0.7295 -1.2728 4.5290 9 8 12
-0.6718 -1.3849 4.9280 5 5 9
-0.5924 -1.4922 5.3100 10 9 13
-0.4231 -1.3961 4.9680 8 10 18
-0.3025 -1.4074 5.0080 10 13 16
-0.1815 -1.4307 5.0910 9 5 6
-0.0563 -1.4546 5.1760 5 4 8
0.0763 -1.5456 5.5000 14 20 22
0.2203 -1.6030 5.7040 21 20 22
0.4006 -1.7311 6.1600 11 7 10
0.5644 -1.7665 6.2860 11 7 12
0.7274 -1.7845 6.3500 10 9 11
0.9326 -1.8815 6.6950 13 7 11
1.1354 -1.9450 6.9210 10 9 13
1.5041 -2.2192 7.8970 9 7 14
2.0715 -2.7049 9.6250 4 3 5
1.8711 -2.1911 7.7970 12 4 3
1.9646 -2.0855 7.4210 29 20 23
3.7150 -3.6064 12.8330 7 3 8
6.0807 -5.4094 19.2490 19 30 39
6.3586 -5.2456 18.6660 17 8 11
8.6573 -6.6580 23.6920 12 1 7
10.9242 -7.8684 27.9990 10 4 6
11.6174 -7.8684 27.9990 9 3 5
10.4560 -6.6580 23.6920 19 15 8
13.0499 -7.8684 27.9990 6 9 8
18.8969 -10.8192 38.4990 14 13 17
24.4306 -13.3158 47.3830 15 8 21
-1.6445 -0.8962 3.2080 7 2 10
-1.6828 -0.9669 3.4610 13 2 6
-1.6621 -1.0063 3.6020 7 3 6
-1.6206 -1.0368 3.7110 12 8 13
-1.6061 -1.0893 3.8990 12 7 15
-1.4907 -1.0756 3.8500 11 7 12
-1.4337 -1.1102 3.9740 5 5 9
-1.3985 -1.1628 4.1620 6 2 7
-1.2615 -1.1323 4.0530 7 3 6
-1.1612 -1.1323 4.0530 12 8 11
-1.0677 -1.1396 4.0790 5 4 6
-0.9666 -1.1474 4.1070 6 1 9
-0.8765 -1.1628 4.1620 3 3 7
-0.7840 -1.1787 4.2190 9 3 7
-0.7295 -1.2653 4.5290 10 10 14
-0.6718 -1.3768 4.9280 3 6 9
-0.5924 -1.4835 5.3100 8 7 14
-0.4231 -1.3879 4.9680 3 5 15
-0.3025 -1.3991 5.0080 13 16 19
-0.1815 -1.4223 5.0910 7 6 6
-0.0563 -1.4460 5.1760 7 6 10
0.0763 -1.5366 5.5000 13 18 23
0.2297 -1.5936 5.7040 22 22 22
0.4006 -1.7209 6.1600 9 5 8
0.5644 -1.7561 6.2860 8 4 9
0.7200 -1.7561 6.2860 6 5 7
0.9429 -1.8911 6.7690 11 7 10
1.1469 -1.9335 6.9210 11 10 14
1.5041 -2.2062 7.8970 9 7 14
2.0715 -2.6890 9.6250 2 1 5
1.8711 -2.1783 7.7970 15 7 6
1.9646 -2.0732 7.4210 37 28 31
3.9854 -3.8244 13.6890 4 3 7
6.0807 -5.3777 19.2490 15 27 33
6.3586 -5.2148 18.6660 12 3 6
8.6573 -6.6189 23.6920 11 2 7
10.9242 -7.8222 27.9990 10 4 6
11.1566 -7.4822 26.7820 12 6 10
10.0685 -6.3736 22.8140 17 13 6
12.4827 -7.4822 26.7820 7 10 9
18.8969 -10.7556 38.4990 9 5 8
24.4306 -13.2376 47.3830 13 6 17
-1.6479 -0.8957 3.2250 8 1 10
-1.6828 -0.9612 3.4610 13 2 6
-1.6621 -1.0004 3.6020 8 4 7
-1.6110 -1.0245 3.6890 8 4 9
-1.6061 -1.0828 3.8990 13 8 16
-1.4843 -1.0692 3.8500 15 6 13
-1.4337 -1.1037 3.9740 5 4 8
-1.3985 -1.1559 4.1620 7 3 8
-1.2615 -1.1256 4.0530 6 2 5
-1.1612 -1.1256 4.0530 9 5 8
-1.0677 -1.1328 4.0790 6 5 7
-0.9729 -1.1481 4.1340 8 1 10
-0.8765 -1.1559 4.1620 3 3 7
-0.7840 -1.1717 4.2190 8 2 4
-0.7242 -1.2486 4.4960 8 8 12
-0.6718 -1.3686 4.9280 1 4 7
-0.5991 -1.5139 5.4510 8 8 12
-0.4265 -1.3908 5.0080 2 7 14
-0.3050 -1.4022 5.0490 13 16 19
-0.1815 -1.4139 5.0910 7 6 6
-0.0563 -1.4375 5.1760 9 8 12
0.0854 -1.5275 5.5000 15 22 26
0.2297 -1.5841 5.7040 23 23 23
0.4046 -1.7280 6.2220 9 8 10
0.5644 -1.7458 6.2860 9 5 10
0.7200 -1.7458 6.2860 6 5 7
0.9647 -1.9007 6.8440 12 8 11
1.1469 -1.9221 6.9210 13 12 16
1.4308 -2.0863 7.5120 9 7 14
1.8939 -2.4440 8.8000 3 2 6
1.8250 -2.1121 7.6050 14 8 10
2.0011 -2.0863 7.5120 30 24 26
3.6599 -3.4913 12.5710 5 3 10
6.0807 -5.3459 19.2490 15 25 30
6.3586 -5.1840 18.6660 12 3 6
8.6573 -6.5798 23.6920 11 2 5
10.9705 -7.7760 27.9990 7 3 4
10.6917 -7.1281 25.6660 12 8 13
10.0685 -6.3360 22.8140 20 16 9
12.4827 -7.4380 26.7820 12 11 11
18.8969 -10.6921 38.4990 12 8 11
24.4306 -13.1594 47.3830 21 11 21
-1.6445 -0.8856 3.2080 7 2 10
-1.6787 -0.9500 3.4410 14 5 8
-1.6584 -0.9886 3.5810 6 2 5
-1.6074 -1.0124 3.6670 6 2 7
-1.6126 -1.0764 3.8990 12 5 14
-1.4999 -1.0695 3.8740 14 8 14
-1.4312 -1.0902 3.9490 9 8 10
-1.4148 -1.1567 4.1900 11 7 12
-1.2682 -1.1189 4.0530 7 3 6
-1.1679 -1.1189 4.0530 12 8 11
-1.0821 -1.1413 4.1340 5 4 6
-0.9864 -1.1490 4.1620 12 5 14
-0.8893 -1.1567 4.1900 6 6 10
-0.7910 -1.1648 4.2190 7 1 5
-0.7316 -1.2412 4.4960 8 8 10
-0.6718 -1.3605 4.9280 2 5 8
-0.6081 -1.5049 5.4510 6 5 9
-0.4383 -1.3939 5.0490 8 14 16
-0.3133 -1.3939 5.0490 11 14 15
-0.1883 -1.3939 5.0490 9 8 8
-0.0563 -1.4290 5.1760 7 3 6
0.0763 -1.5184 5.5000 9 19 22
0.2183 -1.5601 5.6510 14 20 22
0.3904 -1.7006 6.1600 13 12 14
0.5540 -1.7354 6.2860 10 4 8
0.7200 -1.7354 6.2860 7 6 8
0.9534 -1.8894 6.8440 9 5 8
1.1354 -1.9107 6.9210 12 11 13
1.3525 -1.9775 7.1630 7 6 10
1.7778 -2.2980 8.3240 7 6 8
1.8027 -2.0739 7.5120 12 6 10
1.8963 -1.9775 7.1630 30 24 26
3.0744 -2.9319 10.6200 6 5 9
6.0489 -5.3141 19.2490 1 8 12
6.3278 -5.1532 18.6660 12 9 6
8.2988 -6.2983 22.8140 14 5 8
10.9242 -7.7298 27.9990 12 6 8
11.1124 -7.3938 26.7820 9 5 10
10.4169 -6.5407 23.6920 20 16 9
11.4432 -6.8022 24.6390 9 8 10
18.8334 -10.6286 38.4990 11 7 10
24.4306 -13.0812 47.3830 24 15 20
-1.6498 -0.8804 3.2080 8 2 8
-1.6751 -0.9391 3.4220 13 3 3
-1.6643 -0.9827 3.5810 12 8 11
-1.6135 -1.0063 3.6670 5 4 8
-1.6126 -1.0700 3.8990 9 2 11
-1.5161 -1.0700 3.8990 13 7 13
-1.4468 -1.0906 3.9740 6 2 5
-1.4218 -1.1498 4.1900 6 2 7
-1.2749 -1.1122 4.0530 7 3 6
-1.1679 -1.1122 4.0530 14 10 11
-1.0889 -1.1345 4.1340 5 4 6
-0.9866 -1.1345 4.1340 12 5 14
-0.8962 -1.1498 4.1900 4 3 7
-0.7925 -1.1498 4.1900 6 5 7
-0.7316 -1.2338 4.4960 7 6 8
-0.6639 -1.3205 4.8120 2 5 8
-0.6171 -1.4959 5.4510 8 8 12
-0.4466 -1.3856 5.0490 12 18 18
-0.3216 -1.3856 5.0490 15 15 19
-0.1883 -1.3856 5.0490 9 8 10
-0.0649 -1.4204 5.1760 7 3 6
0.0666 -1.4959 5.4510 32 39 43
0.2089 -1.5508 5.6510 16 22 20
0.3803 -1.6904 6.1600 12 12 14
0.5484 -1.7075 6.2220 14 8 10
0.7097 -1.7250 6.2860 7 6 8
0.9421 -1.8782 6.8440 3 2 6
1.1240 -1.8993 6.9210 11 10 12
1.3407 -1.9657 7.1630 7 6 8
1.7640 -2.2843 8.3240 10 9 11
1.8125 -2.0870 7.6050 12 6 12
1.8845 -1.9657 7.1630 25 24 24
3.0569 -2.9144 10.6200 6 5 12
6.2113 -5.4528 19.8700 3 11 10
6.1118 -4.9717 18.1170 7 3 4
8.2988 -6.2607 22.8140 15 4 8
10.8780 -7.6836 27.9990 9 3 7
10.6070 -7.0434 25.6660 8 1 10
11.2424 -7.0434 25.6660 25 25 21
10.9643 -6.5016 23.6920 14 10 13
18.8334 -10.5650 38.4990 13 9 12
24.3524 -13.0030 47.3830 29 18 24
-1.6521 -0.8707 3.1920 8 4 9
-1.6682 -0.9233 3.3850 18 8 8
-1.6761 -0.9768 3.5810 5 4 8
-1.6098 -0.9943 3.6450 11 7 12
-1.6150 -1.0567 3.8740 12 5 14
-1.5383 -1.0701 3.9230 10 4 8
-1.4412 -1.0701 3.9230 9 5 10
-1.4260 -1.1353 4.1620 5 3 10
-1.2898 -1.1126 4.0790 13 9 10
-1.1813 -1.1055 4.0530 11 7 12
-1.1100 -1.1353 4.1620 9 8 8
-1.0070 -1.1353 4.1620 9 3 9
-0.9100 -1.1429 4.1900 7 3 4
-0.7994 -1.1429 4.1900 8 4 7
-0.7411 -1.2177 4.4640 9 8 10
-0.6746 -1.3025 4.7750 4 6 12
-0.6351 -1.4869 5.4510 8 7 14
-0.4710 -1.4001 5.1330 4 7 8
-0.3383 -1.3772 5.0490 15 17 23
-0.2033 -1.3660 5.0080 14 10 13
-0.0820 -1.4119 5.1760 6 2 5
0.0486 -1.4869 5.4510 22 22 26
0.1886 -1.5275 5.6000 20 27 31
0.3564 -1.6636 6.0990 13 15 21
0.5279 -1.6972 6.2220 14 8 10
0.6889 -1.7147 6.2860 6 5 7
0.9094 -1.8464 6.7690 6 5 7
1.1012 -1.8879 6.9210 11 10 12
1.2725 -1.8879 6.9210 11 7 10
1.6605 -2.1541 7.8970 7 6 8
1.7874 -2.0744 7.6050 11 7 12
1.8393 -1.9312 7.0800 38 38 34
2.5401 -2.4350 8.9270 20 26 28
5.9536 -5.2506 19.2490 1 4 7
6.0819 -4.9418 18.1170 6 2 5
7.9297 -6.0007 21.9990 20 8 6
10.3168 -7.3054 26.7820 9 3 7
10.1013 -6.7209 24.6390 9 3 9
11.1577 -7.0010 25.6660 22 18 19
10.9252 -6.4625 23.6920 12 6 8
17.6057 -9.8837 36.2340 12 6 12
24.1959 -12.9248 47.3830 15 9 13
-1.6626 -0.8654 3.1920 7 3 8
-1.6793 -0.9178 3.3850 16 7 10
-1.6627 -0.9598 3.5400 6 5 9
-1.6120 -0.9823 3.6230 7 3 8
-1.5976 -1.0308 3.8020 7 1 5
-1.5513 -1.0636 3.9230 14 8 10
-1.4453 -1.0571 3.8990 6 5 7
-1.4329 -1.1284 4.1620 12 11 15
-1.3122 -1.1135 4.1070 8 4 7
-1.1947 -1.0989 4.0530 12 7 15
-1.1237 -1.1284 4.1620 6 6 6
-1.0276 -1.1360 4.1900 8 2 8
-0.9302 -1.1439 4.2190 9 5 6
-0.8023 -1.1208 4.1340 4 3 7
-0.7505 -1.2016 4.4320 13 9 12
-0.6695 -1.2556 4.6310 3 2 9
-0.6417 -1.4521 5.3560 11 10 17
-0.5005 -1.4275 5.2650 6 9 12
-0.3466 -1.3689 5.0490 15 20 25
-0.2181 -1.3469 4.9680 16 10 16
-0.0999 -1.4153 5.2200 4 3 7
0.0304 -1.4649 5.4030 18 14 19
0.1701 -1.5183 5.6000 14 21 27
0.3429 -1.6373 6.0390 13 15 21
0.5073 -1.6869 6.2220 14 10 11
0.6614 -1.6869 6.2220 7 6 6
0.8774 -1.8152 6.6950 6 6 8
1.0663 -1.8556 6.8440 11 7 10
1.2611 -1.8764 6.9210 12 8 11
1.5548 -2.0367 7.5120 5 4 6
1.7623 -2.0619 7.6050 5 4 6
1.8159 -1.9196 7.0800 36 32 33
2.4060 -2.3195 8.5550 29 35 35
5.5736 -4.9119 18.1170 3 6 9
6.0221 -4.9119 18.1170 9 5 8
7.5864 -5.7589 21.2410 21 9 7
10.2284 -7.2612 26.7820 14 8 12
10.8914 -7.2612 26.7820 9 3 9
11.1153 -6.9586 25.6660 31 31 27
10.4450 -6.1854 22.8140 14 8 10
17.4861 -9.8239 36.2340 10 3 14
22.3227 -11.9291 43.9990 11 10 14
-1.6731 -0.8602 3.1920 8 4 9
-1.6755 -0.9070 3.3660 15 7 6
-1.6650 -0.9485 3.5200 9 5 10
-1.6146 -0.9706 3.6020 3 2 6
-1.6004 -1.0183 3.7790 6 1 0
-1.5846 -1.0709 3.9740 14 8 12
-1.4488 -1.0439 3.8740 5 4 6
-1.4275 -1.1067 4.1070 12 8 11
-1.3345 -1.1140 4.1340 9 3 7
-1.2080 -1.0922 4.0530 5 4 11
-1.1298 -1.1140 4.1340 6 6 10
-1.0345 -1.1215 4.1620 6 0 4
-0.9372 -1.1369 4.2190 7 6 8
-0.8107 -1.1067 4.1070 5 3 10
-0.7651 -1.1943 4.4320 9 5 6
-0.6747 -1.2296 4.5630 8 7 14
-0.6482 -1.4188 5.2650 8 7 14
-0.5135 -1.4309 5.3100 15 15 19
-0.3663 -1.3719 5.0910 14 19 24
-0.2345 -1.3387 4.9680 22 18 23
-0.1171 -1.4066 5.2200 4 3 7
0.0124 -1.4433 5.3560 23 19 22
0.1609 -1.5090 5.6000 20 25 30
0.3198 -1.6114 5.9800 15 15 19
0.4918 -1.6939 6.2860 7 11 6
0.6408 -1.6767 6.2220 9 8 8
0.8553 -1.8041 6.6950 6 5 5
1.0669 -1.8650 6.9210 10 4 10
1.2245 -1.8443 6.8440 11 10 12
1.5114 -1.9998 7.4210 11 10 12
1.7589 -2.0749 7.7000 9 5 6
1.7925 -1.9079 7.0800 12 11 15
2.2079 -2.1280 7.8970 21 25 20
4.8068 -4.2561 15.7940 8 7 16
5.9623 -4.8820 18.1170 8 4 7
7.0311 -5.3544 19.8700 14 9 7
9.3286 -6.6395 24.6390 13 7 11
10.8030 -7.2170 26.7820 11 2 9
10.1822 -6.3843 23.6920 15 6 9
10.3697 -6.1477 22.8140 9 3 5
16.4017 -9.2216 34.2210 9 2 11
20.6991 -11.0662 41.0660 9 8 15
32.5731 -16.5990 61.5980 10 21 19
-1.6595 -0.8870 3.3120 10 1 8
-1.6671 -0.9374 3.5000 8 2 8
-1.6170 -0.9591 3.5810 4 2 9
-1.6030 -1.0059 3.7560 9 1 0
-1.5876 -1.0576 3.9490 13 7 9
-1.4646 -1.0442 3.8990 11 10 12
-1.4312 -1.0924 4.0790 11 7 8
-1.3394 -1.0999 4.1070 8 4 7
-1.2292 -1.0924 4.0790 11 11 13
-1.1435 -1.1072 4.1340 4 4 8
-1.0483 -1.1222 4.1900 8 2 6
-0.9511 -1.1299 4.2190 4 4 8
-0.8242 -1.0999 4.1070 7 5 12
-0.7632 -1.1618 4.3380 12 8 9
-0.6847 -1.2130 4.5290 5 5 9
-0.6458 -1.3862 5.1760 6 5 12
-0.5501 -1.4730 5.5000 12 12 16
-0.3863 -1.3747 5.1330 19 27 28
-0.2509 -1.3305 4.9680 12 12 16
-0.1321 -1.3747 5.1330 6 6 10
0.0036 -1.4470 5.4030 21 17 20
0.1424 -1.4998 5.6000 20 22 28
0.2944 -1.5713 5.8670 22 25 28
0.4662 -1.6664 6.2220 14 17 16
0.6203 -1.6664 6.2220 8 4 5
0.8263 -1.7550 6.5530 4 3 5
1.0324 -1.8330 6.8440 12 3 10
1.1887 -1.8129 6.7690 10 9 11
1.4352 -1.9184 7.1630 6 6 10
1.6911 -2.0119 7.5120 8 2 4
1.7899 -1.9184 7.1630 11 10 17
2.0755 -2.0119 7.5120 40 42 33
4.0313 -3.5864 13.3910 22 17 25
5.9025 -4.8521 18.1170 5 1 6
6.5435 -4.9992 18.6660 12 8 9
9.2473 -6.5989 24.6390 7 3 8
10.7588 -7.1728 26.7820 11 2 7
9.3820 -5.8918 21.9990 17 11 13
11.1179 -6.5989 24.6390 10 1 4
15.4315 -8.6828 32.4200 14 10 11
19.2781 -10.3109 38.4990 9 8 10
32.4714 -16.4973 61.5980 17 20 23
-1.6528 -0.8722 3.2770 11 2 9
-1.6599 -0.9212 3.4610 8 2 6
-1.6102 -0.9422 3.5400 13 8 16
-1.5866 -0.9819 3.6890 10 1 4
-1.5942 -1.0511 3.9490 9 0 5
-1.4865 -1.0442 3.9230 8 2 4
-1.4447 -1.0857 4.0790 6 2 5
-1.3529 -1.0932 4.1070 12 6 12
-1.2512 -1.0932 4.1070 4 4 4
-1.1503 -1.1004 4.1340 4 3 7
-1.0622 -1.1153 4.1900 7 3 8
-0.9717 -1.1307 4.2480 9 9 11
-0.8433 -1.1004 4.1340 9 5 10
-0.7721 -1.1467 4.3080 6 2 7
-0.6921 -1.2055 4.5290 5 4 8
-0.6466 -1.3439 5.0490 7 6 10
-0.5582 -1.4381 5.4030 9 11 17
-0.4066 -1.3777 5.1760 17 28 26
-0.2694 -1.3330 5.0080 9 9 13
-0.1466 -1.3439 5.0490 11 13 19
-0.0141 -1.4256 5.3560 22 18 21
0.1228 -1.4770 5.5490 18 24 22
0.2699 -1.5324 5.7570 15 23 24
0.4413 -1.6396 6.1600 13 16 19
0.5997 -1.6561 6.2220 17 16 16
0.7879 -1.7078 6.4160 6 2 5
1.0099 -1.8217 6.8440 12 6 10
1.1536 -1.7820 6.6950 7 6 10
1.3639 -1.8422 6.9210 12 8 11
1.6663 -1.9995 7.5120 22 18 19
1.7781 -1.9066 7.1630 8 8 12
2.0018 -1.9518 7.3330 44 51 43
3.2752 -2.9279 11.0000 27 27 27
6.0198 -4.9684 18.6660 8 4 9
6.4819 -4.9684 18.6660 16 11 9
9.2066 -6.5582 24.6390 8 4 9
10.6704 -7.1286 26.7820 8 4 7
9.3094 -5.8555 21.9990 14 8 14
11.0366 -6.5582 24.6390 17 6 10
14.5583 -8.1978 30.7990 17 17 13
17.0795 -9.1087 34.2210 16 12 13
32.2681 -16.3957 61.5980 20 18 25
-1.6545 -0.8621 3.2590 10 1 8
-1.6617 -0.9102 3.4410 12 6 10
-1.6219 -0.9364 3.5400 10 9 11
-1.5927 -0.9758 3.6890 9 0 3
-1.5966 -1.0377 3.9230 8 2 6
-1.4995 -1.0377 3.9230 15 4 8
-1.4488 -1.0721 4.0530 6 6 10
-1.3485 -1.0721 4.0530 16 7 12
-1.2580 -1.0864 4.1070 5 5 7
-1.1639 -1.0935 4.1340 6 1 9
-1.0760 -1.1083 4.1900 6 1 9
-0.9857 -1.1237 4.2480 9 8 12
-0.8569 -1.0935 4.1340 10 4 8
-0.7809 -1.1316 4.2780 7 2 10
-0.7071 -1.1980 4.5290 7 3 8
-0.6474 -1.3036 4.9280 8 8 10
-0.5710 -1.4168 5.3560 11 14 17
-0.4310 -1.3927 5.2650 14 22 23
-0.2859 -1.3247 5.0080 6 8 16
-0.1550 -1.3356 5.0490 13 15 21
-0.0318 -1.4168 5.3560 12 8 13
0.1044 -1.4678 5.5490 25 33 30
0.2486 -1.5088 5.7040 20 26 26
0.4209 -1.6295 6.1600 12 18 20
0.5955 -1.6628 6.2860 14 13 13
0.7588 -1.6797 6.3500 8 8 8
0.9873 -1.8104 6.8440 8 4 5
1.1315 -1.7710 6.6950 5 5 9
1.3411 -1.8308 6.9210 13 9 10
1.6145 -1.9397 7.3330 7 3 4
1.7341 -1.8728 7.0800 14 8 12
1.9318 -1.8948 7.1630 27 27 31
2.7904 -2.5069 9.4770 26 27 21
5.6179 -4.6556 17.6000 6 4 11
6.2613 -4.7923 18.1170 16 10 12
8.7746 -6.2671 23.6920 5 1 4
10.5820 -7.0844 26.7820 11 10 12
8.9185 -5.6187 21.2410 13 7 13
11.9081 -7.0844 26.7820 13 7 9
15.2710 -8.5758 32.4200 12 8 11
15.2699 -8.1470 30.7990 24 12 12
26.7208 -13.5784 51.3320 22 9 15
-1.6392 -0.8433 3.2080 11 2 7
-1.6458 -0.8898 3.3850 7 1 3
-1.6185 -0.9253 3.5200 7 6 8
-1.5762 -0.9524 3.6230 11 2 7
-1.5997 -1.0249 3.8990 6 2 5
-1.5225 -1.0381 3.9490 8 2 6
-1.4525 -1.0583 4.0260 6 5 9
-1.3441 -1.0515 4.0000 12 3 8
-1.2716 -1.0796 4.1070 3 2 4
-1.1699 -1.0796 4.1070 11 7 12
-1.0898 -1.1014 4.1900 7 3 8
-0.9997 -1.1167 4.2480 6 5 9
-0.8765 -1.0941 4.1620 6 2 5
-0.7824 -1.1167 4.2480 6 5 9
-0.7168 -1.1819 4.4960 10 9 13
-0.6531 -1.2749 4.8500 3 6 5
-0.5887 -1.4079 5.3560 11 11 15
-0.4483 -1.3840 5.2650 15 21 23
-0.2966 -1.3272 5.0490 20 22 30
-0.1702 -1.3165 5.0080 13 15 21
-0.0495 -1.4079 5.3560 7 3 8
0.0854 -1.4458 5.5000 31 39 38
0.2276 -1.4855 5.6510 18 24 22
0.4108 -1.6193 6.1600 15 21 23
0.5748 -1.6524 6.2860 13 12 12
0.7304 -1.6524 6.2860 5 4 6
0.9437 -1.7599 6.6950 9 5 8
1.1094 -1.7599 6.6950 4 4 8
1.3004 -1.7794 6.7690 12 8 9
1.5535 -1.8829 7.1630 12 11 13
1.6723 -1.8193 6.9210 16 7 12
1.8860 -1.8611 7.0800 41 41 45
2.5259 -2.2807 8.6760 19 16 13
5.1474 -4.2612 16.2100 6 5 12
6.0245 -4.6265 17.6000 11 7 8
8.0749 -5.7829 21.9990 12 8 9
10.4936 -7.0402 26.7820 8 4 7
8.8484 -5.5837 21.2410 14 10 13
12.3568 -7.3601 27.9990 45 50 38
14.4058 -8.0962 30.7990 13 7 11
15.1682 -8.0962 30.7990 19 11 10
24.5088 -12.4556 47.3830 21 6 7
-1.6310 -0.8338 3.1920 12 3 8
-1.6458 -0.8842 3.3850 8 2 6
-1.6185 -0.9195 3.5200 7 6 8
-1.5762 -0.9464 3.6230 11 2 7
-1.5997 -1.0185 3.8990 8 4 7
-1.5321 -1.0381 3.9740 11 7 10
-1.4622 -1.0587 4.0530 7 3 8
-1.3375 -1.0449 4.0000 16 7 12
-1.2799 -1.0799 4.1340 4 3 5
-1.1699 -1.0728 4.1070 16 11 19
-1.0898 -1.0945 4.1900 6 2 7
-0.9997 -1.1097 4.2480 4 4 6
-0.8696 -1.0872 4.1620 5 1 4
-0.7824 -1.1097 4.2480 10 9 13
-0.7168 -1.1745 4.4960 9 8 12
-0.6480 -1.2570 4.8120 3 6 5
-0.5737 -1.3636 5.2200 13 13 17
-0.4397 -1.3753 5.2650 13 19 21
-0.2966 -1.3189 5.0490 22 24 32
-0.1702 -1.3082 5.0080 9 14 19
-0.0495 -1.3991 5.3560 8 4 9
0.0854 -1.4367 5.5000 28 34 34
0.2392 -1.4900 5.7040 27 33 33
0.4108 -1.6091 6.1600 17 25 26
0.5748 -1.6420 6.2860 12 11 13
0.7304 -1.6420 6.2860 6 5 5
0.9237 -1.7118 6.5530 11 7 10
1.1205 -1.7489 6.6950 3 6 7
1.3004 -1.7682 6.7690 11 7 10
1.5535 -1.8711 7.1630 7 6 8
1.6723 -1.8079 6.9210 17 8 13
1.8860 -1.8494 7.0800 38 41 44
2.5259 -2.2664 8.6760 20 20 16
5.1474 -4.2344 16.2100 7 10 13
6.0245 -4.5975 17.6000 14 10 11
8.0749 -5.7466 21.9990 8 4 7
10.0563 -6.7045 25.6660 6 2 5
8.5535 -5.3637 20.5330 12 11 11
12.4030 -7.3139 27.9990 34 37 36
14.4058 -8.0454 30.7990 12 8 11
13.7893 -7.3139 27.9990 17 11 13
22.7584 -11.4935 43.9990 20 7 11
-1.6310 -0.8286 3.1920 10 1 6
-1.6223 -0.8690 3.3480 13 9 12
-1.6093 -0.9085 3.5000 7 6 8
-1.5670 -0.9350 3.6020 15 6 9
-1.5895 -1.0056 3.8740 7 3 6
-1.5321 -1.0315 3.9740 11 7 10
-1.4555 -1.0520 4.0530 6 5 7
-1.3204 -1.0250 3.9490 16 7 12
-1.2716 -1.0661 4.1070 6 5 7
-1.1699 -1.0661 4.1070 10 8 15
-1.0974 -1.0951 4.2190 6 1 9
-0.9997 -1.1104 4.2780 6 5 7
-0.8754 -1.0876 4.1900 3 2 4
-0.7879 -1.1104 4.2780 10 9 13
-0.7168 -1.1670 4.4960 7 6 8
-0.6480 -1.2491 4.8120 6 9 8
-0.5512 -1.3215 5.0910 12 12 16
-0.4397 -1.3666 5.2650 15 23 24
-0.2966 -1.3106 5.0490 18 25 31
-0.1702 -1.2999 5.0080 8 13 18
-0.0499 -1.4025 5.4030 7 3 8
0.0944 -1.4276 5.5000 26 32 32
0.2392 -1.4806 5.7040 8 16 15
0.4108 -1.5990 6.1600 15 26 26
0.5806 -1.6483 6.3500 13 12 14
0.7304 -1.6317 6.2860 10 10 10
0.9237 -1.7010 6.5530 8 4 7
1.1084 -1.7191 6.6230 6 9 10
1.2862 -1.7378 6.6950 7 3 6
1.5354 -1.8378 7.0800 6 5 7
1.6356 -1.7570 6.7690 13 7 11
1.8860 -1.8378 7.0800 38 41 44
2.4372 -2.1607 8.3240 46 46 40
4.6571 -3.8069 14.6660 23 26 29
5.6987 -4.3213 16.6480 14 10 11
7.7967 -5.5136 21.2410 11 10 12
10.0563 -6.6622 25.6660 6 5 7
8.5874 -5.3298 20.5330 11 7 8
12.9939 -7.6140 29.3330 25 26 22
15.1640 -8.4153 32.4200 12 8 11
13.1899 -6.9518 26.7820 15 9 11
21.2413 -10.6596 41.0660 19 8 12
-1.6171 -0.8189 3.1750 10 1 6
-1.6049 -0.8542 3.3120 10 10 14
-1.5914 -0.8927 3.4610 9 8 10
-1.5492 -0.9185 3.5610 10 1 6
-1.5698 -0.9868 3.8260 11 7 10
-1.5255 -1.0250 3.9740 6 2 5
-1.4649 -1.0521 4.0790 4 3 5
-1.3117 -1.0118 3.9230 16 7 12
-1.2716 -1.0593 4.1070 9 8 10
-1.1699 -1.0593 4.1070 9 4 12
-1.0904 -1.0882 4.2190 6 1 11
-0.9997 -1.1034 4.2780 7 6 8
-0.8754 -1.0807 4.1900 6 2 7
-0.7879 -1.1034 4.2780 6 5 9
-0.7168 -1.1596 4.4960 7 6 8
-0.6531 -1.2509 4.8500 4 7 8
-0.5512 -1.3131 5.0910 8 11 14
-0.4397 -1.3580 5.2650 37 48 48
-0.2966 -1.3022 5.0490 17 24 30
-0.1702 -1.2917 5.0080 11 16 21
-0.0499 -1.3935 5.4030 9 3 9
0.0944 -1.4186 5.5000 27 33 33
0.2392 -1.4712 5.7040 27 35 36
0.4108 -1.5888 6.1600 12 22 25
0.5806 -1.6378 6.3500 19 18 22
0.7230 -1.6048 6.2220 9 9 9
0.9246 -1.6724 6.4840 6 2 3
1.0967 -1.6902 6.5530 9 9 11
1.2862 -1.7268 6.6950 7 3 8
1.5010 -1.7851 6.9210 5 4 6
1.6003 -1.7082 6.6230 10 4 8
1.8977 -1.8261 7.0800 41 40 42
2.4047 -2.1183 8.2130 32 32 26
4.6571 -3.7827 14.6660 42 45 44
5.6987 -4.2939 16.6480 14 8 10
7.7967 -5.4785 21.2410 11 10 12
10.0987 -6.6198 25.6660 8 4 7
8.5874 -5.2959 20.5330 12 8 9
12.9939 -7.5656 29.3330 38 40 31
15.1640 -8.3618 32.4200 11 7 10
13.1899 -6.9076 26.7820 17 11 13
22.8310 -11.3483 43.9990 16 7 12
-1.6171 -0.8137 3.1750 10 1 8
-1.6049 -0.8488 3.3120 8 8 12
-1.5914 -0.8870 3.4610 9 8 8
-1.5492 -0.9126 3.5610 7 1 5
-1.5733 -0.9866 3.8500 6 5 7
-1.5355 -1.0251 4.0000 5 1 4
-1.4649 -1.0453 4.0790 7 3 6
-1.3037 -0.9992 3.8990 12 3 8
-1.2629 -1.0453 4.0790 9 8 8
-1.1699 -1.0525 4.1070 12 5 14
-1.0904 -1.0812 4.2190 4 2 11
-0.9997 -1.0963 4.2780 7 6 8
-0.8754 -1.0738 4.1900 6 2 5
-0.7879 -1.0963 4.2780 5 4 8
-0.7168 -1.1522 4.4960 9 8 10
-0.6401 -1.2332 4.8120 4 7 8
-0.5335 -1.2629 4.9280 13 15 21
-0.4359 -1.3377 5.2200 27 37 40
-0.2966 -1.2939 5.0490 15 22 28
-0.1702 -1.2834 5.0080 13 18 23
-0.0410 -1.3846 5.4030 9 3 9
0.0953 -1.4220 5.5490 31 34 35
0.2392 -1.4618 5.7040 24 32 33
0.4108 -1.5786 6.1600 13 23 28
0.5806 -1.6273 6.3500 21 20 24
0.7332 -1.5945 6.2220 8 8 10
0.9246 -1.6617 6.4840 8 4 7
1.0967 -1.6793 6.5530 5 5 7
1.2862 -1.7157 6.6950 7 3 8
1.5010 -1.7736 6.9210 7 3 4
1.6112 -1.6973 6.6230 12 6 10
1.8977 -1.8144 7.0800 39 38 40
2.4047 -2.1048 8.2130 37 37 33
4.1618 -3.3587 13.1060 36 43 37
5.5487 -4.1541 16.2100 14 8 10
7.8318 -5.4434 21.2410 6 2 5
9.6946 -6.3143 24.6390 5 4 6
8.5874 -5.2620 20.5330 16 12 13
12.9939 -7.5172 29.3330 47 48 37
15.1640 -8.3083 32.4200 12 8 11
12.1752 -6.3143 24.6390 20 14 16
21.3091 -10.5240 41.0660 9 3 7
-1.5926 -0.7962 3.1270 12 3 10
-1.5879 -0.8344 3.2770 5 4 8
-1.5822 -0.8761 3.4410 12 11 11
-1.5314 -0.8963 3.5200 7 1 5
-1.5634 -0.9742 3.8260 10 9 11
-1.5355 -1.0185 4.0000 5 1 4
-1.4649 -1.0386 4.0790 7 3 6
-1.2873 -0.9803 3.8500 10 1 6
-1.2465 -1.0251 4.0260 9 8 8
-1.1631 -1.0457 4.1070 10 3 12
-1.0979 -1.0816 4.2480 6 4 13
-1.0068 -1.0969 4.3080 5 1 4
-0.8815 -1.0742 4.2190 8 4 9
-0.7879 -1.0893 4.2780 6 5 9
-0.7094 -1.1448 4.4960 7 3 8
-0.6401 -1.2252 4.8120 1 4 7
-0.5335 -1.2548 4.9280 10 13 16
-0.4359 -1.3291 5.2200 17 29 31
-0.2966 -1.2856 5.0490 20 27 33
-0.1633 -1.2856 5.0490 18 26 27
-0.0413 -1.3879 5.4510 10 4 10
0.0953 -1.4129 5.5490 28 31 32
0.2392 -1.4524 5.7040 24 35 35
0.4108 -1.5685 6.1600 14 26 30
0.5911 -1.6168 6.3500 18 18 20
0.7332 -1.5842 6.2220 4 7 8
0.9055 -1.6168 6.3500 9 5 8
1.0967 -1.6685 6.5530 7 6 8
1.2724 -1.6864 6.6230 9 5 10
1.4956 -1.7426 6.8440 10 1 4
1.5942 -1.6685 6.5530 13 7 11
1.8977 -1.8027 7.0800 43 39 44
2.3731 -2.0637 8.1050 38 39 35
3.6905 -2.9592 11.6220 48 56 45
5.1428 -3.8254 15.0240 13 7 9
7.5707 -5.2281 20.5330 11 7 10
9.6946 -6.2736 24.6390 7 6 8
8.5874 -5.2281 20.5330 12 8 9
13.6433 -7.8421 30.7990 33 35 22
14.4058 -7.8421 30.7990 16 10 14
12.1752 -6.2736 24.6390 22 13 16
21.3091 -10.4562 41.0660 9 3 9
-1.5763 -0.7829 3.0950 11 2 9
-1.5627 -0.8158 3.2250 7 3 6
-1.5734 -0.8657 3.4220 9 8 8
-1.5255 -0.8905 3.5200 9 0 5
-1.5442 -0.9560 3.7790 10 9 11
-1.5355 -1.0119 4.0000 5 1 4
-1.4649 -1.0319 4.0790 9 0 5
-1.2873 -0.9739 3.8500 10 1 8
-1.2399 -1.0185 4.0260 7 6 6
-1.1631 -1.0389 4.1070 11 6 14
-1.0979 -1.0746 4.2480 11 6 16
-1.0068 -1.0898 4.3080 7 3 6
-0.8876 -1.0746 4.2480 8 2 6
-0.7918 -1.0974 4.3380 7 6 10
-0.7094 -1.1374 4.4960 7 3 8
-0.6401 -1.2173 4.8120 3 6 9
-0.5293 -1.2368 4.8890 8 11 14
-0.4322 -1.3094 5.1760 12 24 28
-0.2837 -1.2568 4.9680 19 26 32
-0.1620 -1.2669 5.0080 11 19 20
-0.0413 -1.3789 5.4510 9 3 7
0.0953 -1.4037 5.5490 36 39 40
0.2392 -1.4429 5.7040 15 25 28
0.4252 -1.5740 6.2220 14 26 32
0.5973 -1.6231 6.4160 12 12 14
0.7332 -1.5740 6.2220 4 7 10
0.9055 -1.6064 6.3500 8 4 9
1.0852 -1.6403 6.4840 9 8 10
1.2724 -1.6754 6.6230 9 5 10
1.4630 -1.6936 6.6950 12 3 6
1.5774 -1.6403 6.4840 10 4 8
1.8977 -1.7910 7.0800 41 40 42
2.3731 -2.0503 8.1050 39 39 39
3.6905 -2.9400 11.6220 21 29 18
5.1676 -3.8006 15.0240 13 9 10
7.5707 -5.1942 20.5330 15 9 11
9.6946 -6.2329 24.6390 5 4 6
8.5874 -5.1942 20.5330 9 5 6
14.3614 -8.2013 32.4200 54 57 41
14.4566 -7.7912 30.7990 13 9 12
11.2734 -5.7713 22.8140 15 2 6
21.3091 -10.3885 41.0660 10 4 8
-1.5763 -0.7778 3.0950 14 5 12
-1.5627 -0.8105 3.2250 10 4 8
-1.5591 -0.8552 3.4030 14 10 13
-1.5255 -0.8846 3.5200 8 2 6
-1.5442 -0.9497 3.7790 7 6 8
-1.5355 -1.0053 4.0000 8 4 7
-1.4649 -1.0251 4.0790 10 1 6
-1.2730 -0.9616 3.8260 8 2 8
-1.2318 -1.0053 4.0000 7 6 6
-1.1552 -1.0251 4.0790 14 9 17
-1.0979 -1.0676 4.2480 7 5 12
-1.0068 -1.0827 4.3080 8 4 7
-0.8806 -1.0676 4.2480 9 3 7
-0.7918 -1.0902 4.3380 4 3 7
-0.7094 -1.1299 4.4960 5 4 8
-0.6302 -1.1908 4.7380 5 5 9
-0.5210 -1.2094 4.8120 11 11 15
-0.4237 -1.3008 5.1760 22 34 36
-0.2837 -1.2486 4.9680 19 26 32
-0.1620 -1.2586 5.0080 14 21 25
-0.0413 -1.3699 5.4510 12 8 11
0.0953 -1.3946 5.5490 22 25 26
0.2414 -1.4468 5.7570 22 32 35
0.4252 -1.5637 6.2220 15 25 30
0.5973 -1.6125 6.4160 22 22 26
0.7332 -1.5637 6.2220 7 9 15
0.9055 -1.5959 6.3500 11 7 12
1.0852 -1.6296 6.4840 8 4 7
1.2833 -1.6645 6.6230 12 8 11
1.4630 -1.6826 6.6950 13 8 6
1.5774 -1.6296 6.4840 13 7 9
1.8977 -1.7793 7.0800 45 45 47
2.3731 -2.0369 8.1050 44 43 43
3.4496 -2.7160 10.8070 14 22 11
4.8154 -3.5185 14.0000 13 12 12
7.3263 -4.9937 19.8700 12 6 8
9.3220 -5.9543 23.6920 6 5 7
8.5874 -5.1604 20.5330 11 7 8
13.6941 -7.7404 30.7990 27 33 16
13.7685 -7.3720 29.3330 11 10 12
10.4961 -5.3383 21.2410 24 9 10
19.9771 -9.6756 38.4990 14 8 12
-1.5687 -0.7690 3.0800 12 3 10
-1.5656 -0.8094 3.2420 9 3 7
-1.5508 -0.8451 3.3850 9 5 8
-1.5169 -0.8738 3.5000 10 4 8
-1.5254 -0.9320 3.7330 3 2 4
-1.5455 -1.0052 4.0260 6 2 5
-1.4488 -1.0119 4.0530 9 0 5
-1.2650 -0.9492 3.8020 13 7 13
-1.2161 -0.9859 3.9490 6 5 7
-1.1478 -1.0119 4.0530 12 8 13
-1.1056 -1.0681 4.2780 12 10 17
-1.0138 -1.0831 4.3380 6 5 7
-0.8868 -1.0681 4.2780 12 6 10
-0.7918 -1.0831 4.3380 5 4 8
-0.7094 -1.1225 4.4960 7 6 10
-0.6302 -1.1829 4.7380 4 4 8
-0.5210 -1.2014 4.8120 10 10 12
-0.4237 -1.2923 5.1760 21 33 35
-0.2837 -1.2404 4.9680 19 29 34
-0.1620 -1.2503 5.0080 18 28 31
-0.0413 -1.3609 5.4510 12 8 11
0.0953 -1.3854 5.5490 15 18 21
0.2532 -1.4508 5.8110 22 33 33
0.4252 -1.5534 6.2220 13 23 28
0.5973 -1.6019 6.4160 17 20 23
0.7332 -1.5534 6.2220 7 9 15
0.8873 -1.5534 6.2220 12 7 15
1.0959 -1.6189 6.4840 7 3 6
1.2697 -1.6361 6.5530 16 12 15
1.4473 -1.6536 6.6230 10 4 6
1.5609 -1.6019 6.4160 16 10 12
1.8977 -1.7677 7.0800 48 48 48
2.4182 -2.0505 8.2130 43 39 40
3.2233 -2.5212 10.0980 9 17 4
4.3238 -3.1386 12.5710 14 14 10
7.0973 -4.8059 19.2490 12 4 3
8.9765 -5.6960 22.8140 4 3 5
8.6213 -5.1265 20.5330 13 13 9
14.4149 -8.0943 32.4200 30 36 17
13.7685 -7.3236 29.3330 13 12 12
10.4961 -5.3032 21.2410 30 13 15
19.9771 -9.6120 38.4990 21 15 19
-1.5402 -0.7525 3.0340 10 1 8
-1.5414 -0.7917 3.1920 8 2 6
-1.5508 -0.8395 3.3850 9 5 8
-1.5169 -0.8681 3.5000 8 2 6
-1.5254 -0.9259 3.7330 3 2 4
-1.5455 -0.9985 4.0260 5 1 6
-1.4581 -1.0117 4.0790 10 1 6
-1.2650 -0.9430 3.8020 10 4 10
-1.2161 -0.9794 3.9490 4 3 7
-1.1478 -1.0052 4.0530 14 9 17
-1.1056 -1.0610 4.2780 16 14 21
-1.0066 -1.0759 4.3380 7 6 10
-0.8868 -1.0610 4.2780 9 3 7
-0.7918 -1.0759 4.3380 7 6 10
-0.7094 -1.1151 4.4960 6 6 10
-0.6254 -1.1662 4.7020 4 4 8
-0.5013 -1.1662 4.7020 12 11 13
-0.4167 -1.2627 5.0910 22 32 35
-0.2837 -1.2322 4.9680 18 28 33
-0.1620 -1.2421 5.0080 18 28 33
-0.0413 -1.3520 5.4510 6 2 5
0.1054 -1.3889 5.6000 28 30 36
0.2532 -1.4412 5.8110 30 41 41
0.4295 -1.5591 6.2860 23 33 38
0.5973 -1.5913 6.4160 15 18 19
0.7332 -1.5432 6.2220 7 9 17
0.8975 -1.5432 6.2220 15 10 18
1.0844 -1.5913 6.4160 8 4 7
1.2697 -1.6253 6.5530 14 10 13
1.4473 -1.6426 6.6230 11 8 5
1.5609 -1.5913 6.4160 19 13 15
1.9094 -1.7560 7.0800 44 47 46
2.4182 -2.0370 8.2130 44 43 47
3.2233 -2.5045 10.0980 40 48 37
4.3238 -3.1179 12.5710 16 15 15
7.0973 -4.7741 19.2490 11 3 2
9.0142 -5.6583 22.8140 6 5 7
8.6213 -5.0926 20.5330 12 11 11
13.6941 -7.6388 30.7990 34 38 17
13.1423 -6.9443 27.9990 12 12 14
10.4961 -5.2682 21.2410 31 14 14
19.9771 -9.5485 38.4990 28 19 24
-1.5402 -0.7475 3.0340 10 1 8
-1.5414 -0.7864 3.1920 9 3 7
-1.5421 -0.8293 3.3660 12 8 11
-1.5082 -0.8574 3.4800 8 2 6
-1.5254 -0.9197 3.7330 5 4 6
-1.5492 -0.9985 4.0530 7 3 8
-1.4488 -0.9985 4.0530 10 1 6
-1.2573 -0.9310 3.7790 9 3 9
-1.2007 -0.9606 3.8990 6 2 7
-1.1402 -0.9919 4.0260 13 6 15
-1.0986 -1.0540 4.2780 14 12 21
-1.0066 -1.0687 4.3380 5 4 8
-0.8930 -1.0614 4.3080 9 3 9
-0.7975 -1.0764 4.3690 11 10 14
-0.7094 -1.1077 4.4960 5 3 10
-0.6131 -1.1498 4.6670 4 4 8
-0.4937 -1.1409 4.6310 18 17 19
-0.4133 -1.2439 5.0490 26 36 39
-0.2837 -1.2240 4.9680 19 29 34
-0.1620 -1.2338 5.0080 20 30 35
-0.0324 -1.3430 5.4510 9 9 13
0.1054 -1.3797 5.6000 35 37 45
0.2532 -1.4317 5.8110 22 32 35
0.4295 -1.5487 6.2860 32 39 45
0.5973 -1.5807 6.4160 14 17 18
0.7361 -1.5176 6.1600 6 5 12
0.8975 -1.5329 6.2220 13 11 18
1.0844 -1.5807 6.4160 9 5 6
1.2697 -1.6145 6.5530 12 8 9
1.4320 -1.6145 6.5530 7 3 4
1.5609 -1.5807 6.4160 14 8 10
1.9094 -1.7443 7.0800 43 46 45
2.4182 -2.0234 8.2130 41 44 47
2.9791 -2.2994 9.3330 32 36 29
4.0745 -2.9185 11.8460 41 40 40
6.6799 -4.4635 18.1170 10 2 1
8.3927 -5.2331 21.2410 9 5 8
8.6213 -5.0587 20.5330 12 8 9
13.6941 -7.5879 30.7990 21 23 5
13.1423 -6.8981 27.9990 11 11 13
10.4961 -5.2331 21.2410 32 15 15
22.9036 -10.8400 43.9990 21 12 19
-1.5331 -0.7391 3.0200 10 1 8
-1.5332 -0.7770 3.1750 9 3 9
-1.5421 -0.8237 3.3660 13 9 12
-1.5000 -0.8470 3.4610 10 4 8
-1.5014 -0.9028 3.6890 9 8 12
-1.5492 -0.9918 4.0530 7 2 10
-1.4392 -0.9852 4.0260 11 2 7
-1.2573 -0.9248 3.7790 7 0 9
-1.1857 -0.9422 3.8500 6 2 7
-1.1411 -0.9918 4.0530 14 8 14
-1.0986 -1.0469 4.2780 14 12 21
-1.0066 -1.0616 4.3380 6 5 9
-0.8930 -1.0542 4.3080 11 2 9
-0.8031 -1.0768 4.4000 11 11 13
-0.7071 -1.1083 4.5290 5 3 10
-0.6131 -1.1421 4.6670 6 6 10
-0.4937 -1.1333 4.6310 19 19 21
-0.4133 -1.2356 5.0490 29 39 42
-0.2837 -1.2158 4.9680 20 30 35
-0.1537 -1.2256 5.0080 32 42 47
-0.0324 -1.3340 5.4510 10 9 13
0.1054 -1.3704 5.6000 30 35 44
0.2532 -1.4221 5.8110 45 55 60
0.4295 -1.5383 6.2860 22 29 35
0.5973 -1.5701 6.4160 9 12 13
0.7361 -1.5075 6.1600 5 4 11
0.8886 -1.5075 6.1600 18 16 23
1.0844 -1.5701 6.4160 6 2 5
1.2697 -1.6036 6.5530 15 11 14
1.4320 -1.6036 6.5530 7 4 1
1.5715 -1.5701 6.4160 12 8 9
1.9094 -1.7326 7.0800 44 44 46
2.4182 -2.0099 8.2130 48 51 54
2.8089 -2.1535 8.8000 36 40 35
3.7835 -2.6919 11.0000 35 34 34
6.9131 -4.5679 18.6660 9 0 3
8.3927 -5.1981 21.2410 4 3 5
8.6213 -5.0248 20.5330 13 7 9
13.6941 -7.5371 30.7990 32 31 14
13.1423 -6.8519 27.9990 12 11 13
10.9069 -5.3836 21.9990 30 15 14
22.9036 -10.7674 43.9990 24 15 22
-1.5331 -0.7341 3.0200 13 2 8
-1.5332 -0.7717 3.1750 12 6 12
-1.5421 -0.8182 3.3660 11 10 12
-1.5025 -0.8459 3.4800 8 2 6
-1.5014 -0.8967 3.6890 8 4 9
-1.5492 -0.9852 4.0530 8 3 11
-1.4392 -0.9786 4.0260 11 2 7
-1.2573 -0.9186 3.7790 9 3 9
-1.1943 -0.9477 3.8990 5 4 6
-1.1335 -0.9786 4.0260 13 7 13
-1.0986 -1.0398 4.2780 12 10 19
-1.0066 -1.0544 4.3380 5 5 9
-0.8930 -1.0471 4.3080 11 2 9
-0.7959 -1.0695 4.4000 6 5 7
-0.7019 -1.0928 4.4960 4 2 9
-0.6131 -1.1344 4.6670 9 8 15
-0.4865 -1.1091 4.5630 12 12 16
-0.4133 -1.2273 5.0490 23 33 36
-0.2837 -1.2076 4.9680 27 34 38
-0.1550 -1.2273 5.0490 18 28 33
-0.0324 -1.3250 5.4510 21 20 24
0.1054 -1.3612 5.6000 32 37 44
0.2557 -1.4261 5.8670 43 53 56
0.4339 -1.5435 6.3500 19 26 32
0.6079 -1.5595 6.4160 10 13 12
0.7361 -1.4973 6.1600 7 6 10
0.8886 -1.4973 6.1600 17 16 23
1.0959 -1.5761 6.4840 5 1 4
1.2697 -1.5928 6.5530 13 9 10
1.4582 -1.6098 6.6230 8 2 4
1.5881 -1.5761 6.4840 15 11 12
1.9094 -1.7209 7.0800 35 37 43
2.4182 -1.9963 8.2130 41 40 42
2.8089 -2.1390 8.8000 52 53 49
3.9423 -2.7727 11.4070 46 45 45
6.5183 -4.2780 17.6000 10 1 4
8.1129 -4.9909 20.5330 3 2 4
8.6213 -4.9909 20.5330 13 7 9
13.6941 -7.4863 30.7990 53 56 38
12.6153 -6.5099 26.7820 16 12 15
10.9069 -5.3473 21.9990 34 17 19
22.9036 -10.6948 43.9990 23 14 21
-1.5331 -0.7291 3.0200 16 5 9
-1.5332 -0.7665 3.1750 8 4 9
-1.5366 -0.8126 3.3660 9 5 8
-1.4943 -0.8355 3.4610 7 1 5
-1.4924 -0.8853 3.6670 7 1 7
-1.5389 -0.9720 4.0260 12 5 14
-1.4299 -0.9657 4.0000 10 1 6
-1.2573 -0.9123 3.7790 7 3 8
-1.1793 -0.9295 3.8500 7 6 8
-1.1335 -0.9720 4.0260 9 2 11
-1.0986 -1.0328 4.2780 12 10 17
-0.9996 -1.0400 4.3080 6 5 12
-0.8992 -1.0473 4.3380 9 3 9
-0.8017 -1.0700 4.4320 6 5 7
-0.6969 -1.0777 4.4640 4 2 9
-0.6084 -1.1180 4.6310 9 8 15
-0.4865 -1.1016 4.5630 17 20 23
-0.4133 -1.2189 5.0490 30 36 38
-0.2755 -1.1994 4.9680 25 32 38
-0.1550 -1.2189 5.0490 18 28 33
-0.0324 -1.3160 5.4510 11 10 12
0.1054 -1.3519 5.6000 34 41 47
0.2557 -1.4164 5.8670 34 44 47
0.4444 -1.5330 6.3500 8 15 19
0.6079 -1.5489 6.4160 11 14 15
0.7361 -1.4871 6.1600 12 11 15
0.8886 -1.4871 6.1600 13 15 21
1.0959 -1.5654 6.4840 5 1 4
1.2806 -1.5820 6.5530 9 8 8
1.4582 -1.5989 6.6230 12 7 5
1.5881 -1.5654 6.4840 15 11 12
1.9094 -1.7092 7.0800 38 40 46
2.4182 -1.9828 8.2130 55 51 52
2.7449 -2.0653 8.5550 35 48 45
3.6703 -2.5639 10.6200 21 20 20
6.0035 -3.9134 16.2100 10 4 6
7.8510 -4.7970 19.8700 6 5 7
8.6213 -4.9570 20.5330 14 8 10
14.4684 -7.8268 32.4200 6 7 0
12.6153 -6.4657 26.7820 12 8 11
11.7463 -5.7197 23.6920 26 11 12
22.9036 -10.6222 43.9990 18 8 18
-1.5255 -0.7205 3.0050 17 6 10
-1.5332 -0.7613 3.1750 6 1 9
-1.5366 -0.8071 3.3660 5 4 6
-1.4943 -0.8298 3.4610 8 2 4
-1.4924 -0.8792 3.6670 7 1 5
-1.5190 -0.9528 3.9740 8 3 11
-1.4117 -0.9468 3.9490 12 3 10
-1.2511 -0.9061 3.7790 7 3 6
-1.1793 -0.9231 3.8500 5 4 6
-1.1335 -0.9653 4.0260 8 3 11
-1.0986 -1.0257 4.2780 13 12 19
-0.9996 -1.0329 4.3080 9 8 15
-0.8920 -1.0401 4.3380 8 4 9
-0.8017 -1.0627 4.4320 6 5 7
-0.6969 -1.0703 4.4640 4 2 9
-0.6084 -1.1104 4.6310 8 7 14
-0.4828 -1.0859 4.5290 15 18 21
-0.4050 -1.2106 5.0490 25 31 33
-0.2755 -1.1912 4.9680 27 34 40
-0.1550 -1.2106 5.0490 29 41 45
-0.0321 -1.2955 5.4030 11 10 14
0.1054 -1.3427 5.6000 36 46 51
0.2705 -1.4338 5.9800 23 33 36
0.4444 -1.5225 6.3500 20 27 33
0.6016 -1.5225 6.3500 7 13 11
0.7288 -1.4623 6.0990 11 11 15
0.8886 -1.4770 6.1600 8 10 16
1.1066 -1.5547 6.4840 7 3 6
1.2942 -1.5880 6.6230 14 13 13
1.4582 -1.5880 6.6230 9 5 6
1.6050 -1.5712 6.5530 14 10 11
1.8878 -1.6784 7.0000 38 37 44
2.4182 -1.9692 8.2130 42 36 38
2.7449 -2.0512 8.5550 29 44 41
3.6703 -2.5463 10.6200 25 24 24
6.0035 -3.8866 16.2100 10 4 6
7.8510 -4.7642 19.8700 9 8 10
8.6213 -4.9232 20.5330 14 8 10
14.4684 -7.7733 32.4200 18 15 10
13.1885 -6.7133 27.9990 13 9 14
12.2158 -5.9076 24.6390 24 11 15
24.6652 -11.3609 47.3830 15 5 17
-1.5255 -0.7155 3.0050 11 2 5
-1.5280 -0.7560 3.1750 11 1 11
-1.5366 -0.8015 3.3660 9 8 10
-1.4943 -0.8241 3.4610 9 5 6
-1.4924 -0.8732 3.6670 8 2 6
-1.5190 -0.9463 3.9740 5 0 8
-1.4051 -0.9403 3.9490 11 2 9
-1.2511 -0.8998 3.7790 7 3 6
-1.1719 -0.9110 3.8260 5 4 6
-1.1335 -0.9587 4.0260 7 2 10
-1.0986 -1.0187 4.2780 13 11 18
-0.9925 -1.0258 4.3080 9 8 15
-0.8920 -1.0330 4.3380 11 7 12
-0.8017 -1.0553 4.4320 5 4 6
-0.6969 -1.0630 4.4640 5 3 10
-0.6039 -1.0946 4.5970 8 7 14
-0.4754 -1.0784 4.5290 13 19 21
-0.4050 -1.2023 5.0490 43 49 51
-0.2777 -1.1925 5.0080 36 46 49
-0.1550 -1.2023 5.0490 30 42 46
-0.0321 -1.2866 5.4030 11 9 16
0.1157 -1.3456 5.6510 33 38 45
0.2705 -1.4239 5.9800 19 26 30
0.4490 -1.5278 6.4160 22 29 35
0.6016 -1.5120 6.3500 18 24 24
0.7288 -1.4523 6.0990 5 5 9
0.8886 -1.4668 6.1600 15 17 23
1.1066 -1.5440 6.4840 7 3 6
1.2942 -1.5771 6.6230 16 16 16
1.4903 -1.6118 6.7690 6 2 3
1.6398 -1.5942 6.6950 11 7 8
1.8878 -1.6668 7.0000 32 31 38
2.4647 -1.9821 8.3240 51 45 47
2.6707 -1.9821 8.3240 30 43 40
3.4336 -2.3657 9.9350 33 34 30
5.5643 -3.5775 15.0240 11 7 8
7.6056 -4.5835 19.2490 6 5 7
8.6551 -4.8893 20.5330 16 7 10
14.4684 -7.7198 32.4200 12 9 4
13.1885 -6.6671 27.9990 20 16 21
12.2158 -5.8670 24.6390 19 9 9
24.6652 -11.2827 47.3830 12 0 11
-1.5130 -0.7070 2.9900 9 3 5
-1.5280 -0.7508 3.1750 10 1 8
-1.5366 -0.7960 3.3660 6 5 7
-1.4943 -0.8184 3.4610 8 4 5
-1.4835 -0.8619 3.6450 8 2 8
-1.4930 -0.9277 3.9230 5 0 8
-1.3874 -0.9220 3.8990 11 2 9
-1.2511 -0.8936 3.7790 7 3 6
-1.1719 -0.9047 3.8260 6 5 7
-1.1262 -0.9459 4.0000 9 4 12
-1.0915 -1.0116 4.2780 7 5 12
-0.9925 -1.0187 4.3080 11 10 17
-0.8920 -1.0258 4.3380 13 12 16
-0.8074 -1.0556 4.4640 7 6 8
-0.7019 -1.0632 4.4960 4 3 7
-0.5963 -1.0870 4.5970 11 11 15
-0.4789 -1.0790 4.5630 16 19 22
-0.4050 -1.1939 5.0490 34 42 43
-0.2800 -1.1939 5.0490 15 27 29
-0.1550 -1.1939 5.0490 24 38 42
-0.0324 -1.2890 5.4510 10 9 16
0.1157 -1.3363 5.6510 33 40 48
0.2731 -1.4280 6.0390 25 32 36
0.4490 -1.5172 6.4160 22 29 35
0.6016 -1.5016 6.3500 18 24 24
0.7288 -1.4422 6.0990 9 9 13
0.9078 -1.4713 6.2220 13 13 15
1.1066 -1.5333 6.4840 6 2 5
1.2942 -1.5661 6.6230 17 17 17
1.4903 -1.6007 6.7690 8 4 5
1.6398 -1.5832 6.6950 11 7 8
1.9436 -1.6938 7.1630 40 34 38
2.4647 -1.9684 8.3240 51 50 50
2.6351 -1.9421 8.2130 34 45 45
3.2753 -2.2410 9.4770 49 56 48
5.0699 -3.2370 13.6890 14 10 11
7.1882 -4.2841 18.1170 6 2 5
8.6551 -4.8554 20.5330 12 3 8
14.4684 -7.6663 32.4200 17 12 10
13.1885 -6.6209 27.9990 13 9 14
13.2783 -6.3331 26.7820 16 8 7
26.8055 -12.1384 51.3320 34 12 26
-1.5106 -0.7056 3.0050 7 1 5
-1.5663 -0.7695 3.2770 10 4 10
-1.5255 -0.7904 3.3660 10 4 8
-1.4995 -0.8219 3.5000 4 3 7
-1.4920 -0.8714 3.7110 9 3 9
-1.4801 -0.9212 3.9230 5 0 8
-1.3745 -0.9156 3.8990 8 2 8
-1.2311 -0.8820 3.7560 4 3 5
-1.1593 -0.8984 3.8260 8 4 7
-1.1203 -0.9454 4.0260 9 3 7
-1.0850 -1.0116 4.3080 10 4 8
-0.9715 -1.0045 4.2780 6 4 11
-0.8777 -1.0186 4.3380 6 5 9
-0.7984 -1.0557 4.4960 7 3 6
-0.6822 -1.0482 4.4640 4 2 9
-0.5768 -1.0715 4.5630 10 10 12
-0.4639 -1.0715 4.5630 11 16 21
-0.3915 -1.1955 5.0910 45 56 56
-0.2633 -1.1856 5.0490 23 45 46
-0.1394 -1.1955 5.0910 22 36 40
-0.0054 -1.2800 5.4510 26 32 34
0.1343 -1.3270 5.6510 30 40 45
0.2960 -1.4322 6.0990 21 28 34
0.4702 -1.5066 6.4160 21 28 34
0.6163 -1.4761 6.2860 16 16 18
0.7590 -1.4322 6.0990 10 9 13
0.9283 -1.4610 6.2220 13 12 14
1.1521 -1.5552 6.6230 12 8 11
1.3304 -1.5721 6.6950 10 13 12
1.5295 -1.6071 6.8440 13 9 10
1.6550 -1.5552 6.6230 11 10 12
2.0139 -1.7219 7.3330 77 75 67
2.4589 -1.9286 8.2130 42 39 36
2.7352 -1.9814 8.4380 30 41 39
3.3582 -2.2601 9.6250 43 43 43
5.3763 -3.3638 14.3250 12 6 8
7.2480 -4.2542 18.1170 8 2 6
9.6919 -5.3571 22.8140 16 10 14
14.5754 -7.6128 32.4200 16 10 16
13.2810 -6.5747 27.9990 17 11 15
14.0203 -6.5747 27.9990 8 4 5
-1.7083 -0.7599 3.2590 14 5 12
-1.5152 -0.7074 3.0340 9 3 5
-1.5806 -0.7764 3.3300 5 3 10
-1.5310 -0.7935 3.4030 12 6 10
-1.4965 -0.8207 3.5200 7 5 12
-1.4797 -0.8653 3.7110 7 1 7
-1.4398 -0.8977 3.8500 7 3 8
-1.3616 -0.9091 3.8990 8 4 7
-1.2262 -0.8811 3.7790 6 6 10
-1.1539 -0.8977 3.8500 13 7 11
-1.1148 -0.9511 4.0790 8 8 10
-1.0707 -1.0045 4.3080 10 4 8
-0.9507 -0.9905 4.2480 8 3 11
-0.8696 -1.0187 4.3690 9 9 11
-0.7893 -1.0560 4.5290 12 11 15
-0.6601 -1.0409 4.4640 7 10 11
-0.5701 -1.0798 4.6310 9 9 9
-0.4555 -1.0798 4.6310 15 20 27
-0.3778 -1.1968 5.1330 37 49 51
-0.2487 -1.1871 5.0910 5 31 33
-0.1161 -1.2069 5.1760 9 9 11
0.0126 -1.2710 5.4510 22 28 26
0.1530 -1.3176 5.6510 36 48 50
0.3193 -1.4363 6.1600 33 32 39
0.4914 -1.4960 6.4160 24 34 41
0.6408 -1.4508 6.2220 10 10 12
0.7791 -1.4221 6.0990 8 7 14
0.9684 -1.4806 6.3500 11 10 12
1.1868 -1.5611 6.6950 6 2 5
1.3675 -1.5783 6.7690 9 12 11
1.5809 -1.6138 6.9210 6 5 7
1.6768 -1.5443 6.6230 13 12 14
2.1137 -1.7732 7.6050 62 64 55
2.4860 -1.9150 8.2130 49 45 46
2.8013 -1.9947 8.5550 49 58 51
3.4600 -2.2799 9.7780 32 29 26
5.3006 -3.2643 14.0000 12 3 6
7.0993 -4.1037 17.6000 9 3 9
10.5486 -5.7450 24.6390 13 9 12
14.6824 -7.5593 32.4200 7 1 7
12.7921 -6.2447 26.7820 9 5 6
16.3411 -7.5593 32.4200 6 5 5
-1.6798 -0.7466 3.2250 14 1 9
-1.5126 -0.7059 3.0490 8 5 2
-1.5781 -0.7751 3.3480 6 6 10
-1.5198 -0.7879 3.4030 10 1 6
-1.4875 -0.8196 3.5400 6 2 7
-1.4762 -0.8643 3.7330 10 1 6
-1.4008 -0.8749 3.7790 8 4 5
-1.3401 -0.8969 3.8740 9 5 8
-1.2137 -0.8749 3.7790 5 4 8
-1.1419 -0.8969 3.8740 8 4 9
-1.1089 -0.9508 4.1070 6 5 7
-1.0492 -0.9904 4.2780 6 2 7
-0.9433 -0.9904 4.2780 11 10 14
-0.8612 -1.0187 4.4000 8 8 10
-0.7726 -1.0564 4.5630 12 12 16
-0.6454 -1.0335 4.4640 3 3 5
-0.5592 -1.0805 4.6670 10 10 12
-0.4574 -1.1141 4.8120 18 23 30
-0.3639 -1.1983 5.1760 37 49 53
-0.2272 -1.1983 5.1760 22 46 48
-0.1008 -1.2189 5.2650 4 3 5
0.0306 -1.2620 5.4510 55 63 62
0.1733 -1.3206 5.7040 43 55 57
0.3465 -1.4553 6.2860 28 31 34
0.5178 -1.4701 6.3500 17 24 30
0.6548 -1.4261 6.1600 6 12 14
0.8073 -1.4261 6.1600 9 12 15
0.9894 -1.4701 6.3500 10 10 14
1.2089 -1.5500 6.6950 8 4 7
1.3898 -1.5671 6.7690 6 5 5
1.6038 -1.6023 6.9210 14 10 11
1.7361 -1.5671 6.7690 23 22 22
2.1928 -1.8051 7.7970 68 68 64
2.5131 -1.9014 8.2130 51 45 47
2.8296 -1.9806 8.5550 65 68 67
3.4376 -2.2284 9.6250 27 22 18
5.1142 -3.1002 13.3910 15 9 13
7.1574 -4.0747 17.6000 8 2 6
11.0730 -5.9421 25.6660 12 6 10
14.7894 -7.5058 32.4200 12 3 6
13.5120 -6.4822 27.9990 16 5 9
19.5323 -8.9132 38.4990 9 5 8
-1.6298 -0.7261 3.1590 12 3 10
-1.5594 -0.7298 3.1750 2 1 8
-1.5788 -0.7781 3.3850 9 9 11
-1.5140 -0.7910 3.4410 9 0 3
-1.4787 -0.8186 3.5610 6 5 9
-1.4756 -0.8687 3.7790 12 6 8
-1.3821 -0.8687 3.7790 9 3 5
-1.3209 -0.8905 3.8740 11 7 10
-1.1960 -0.8740 3.8020 9 3 5
-1.1300 -0.8963 3.8990 9 5 10
-1.1031 -0.9567 4.1620 14 10 13
-1.0280 -0.9834 4.2780 3 1 8
-0.9156 -0.9765 4.2480 15 11 14
-0.8382 -1.0188 4.4320 6 5 7
-0.7445 -1.0411 4.5290 13 12 12
-0.6277 -1.0335 4.4960 7 6 8
-0.5280 -1.0567 4.5970 16 15 17
-0.4476 -1.1420 4.9680 28 33 42
-0.3297 -1.1898 5.1760 54 66 70
-0.1999 -1.1799 5.1330 32 45 44
-0.0760 -1.2312 5.3560 3 2 4
0.0581 -1.2643 5.5000 42 61 61
0.2034 -1.3233 5.7570 45 55 58
0.3815 -1.4597 6.3500 26 34 35
0.5492 -1.4597 6.3500 24 26 32
0.6785 -1.4020 6.0990 5 10 15
0.8378 -1.4160 6.1600 10 9 13
1.0534 -1.5063 6.5530 14 13 15
1.2557 -1.5560 6.7690 5 5 7
1.4667 -1.5909 6.9210 6 2 5
1.6567 -1.6091 7.0000 9 3 5
1.8094 -1.5909 6.9210 41 44 43
2.2895 -1.8389 8.0000 51 45 47
2.5538 -1.8879 8.2130 67 71 66
2.9687 -2.0228 8.8000 46 43 40
3.6566 -2.3212 10.0980 54 56 45
5.5418 -3.2928 14.3250 13 8 16
7.4573 -4.1645 18.1170 15 9 11
12.8003 -6.7427 29.3330 42 39 34
14.2533 -7.0797 30.7990 11 2 5
14.3010 -6.7427 29.3330 13 2 6
22.5405 -10.1139 43.9990 18 7 13
-1.6060 -0.7173 3.1430 8 2 8
-1.5933 -0.7479 3.2770 6 5 12
-1.5647 -0.7766 3.4030 8 2 6
-1.5057 -0.7899 3.4610 6 2 5
-1.4779 -0.8220 3.6020 7 3 6
-1.4392 -0.8519 3.7330 7 1 3
-1.3468 -0.8519 3.7330 9 3 7
-1.2793 -0.8732 3.8260 10 4 8
-1.1846 -0.8732 3.8260 9 0 3
-1.1175 -0.8953 3.9230 14 10 15
-1.0898 -0.9562 4.1900 10 9 13
-0.9929 -0.9628 4.2190 4 2 9
-0.8938 -0.9763 4.2780 14 10 13
-0.8222 -1.0188 4.4640 6 5 7
-0.7275 -1.0414 4.5630 8 8 10
-0.6099 -1.0336 4.5290 10 10 14
-0.5090 -1.0569 4.6310 16 14 21
-0.4299 -1.1523 5.0490 30 40 45
-0.3093 -1.2016 5.2650 30 48 55
-0.1759 -1.1812 5.1760 40 50 53
-0.0499 -1.2331 5.4030 7 6 8
0.0877 -1.2897 5.6510 30 49 51
0.2386 -1.3517 5.9230 43 56 55
0.4234 -1.4492 6.3500 29 34 39
0.5748 -1.4346 6.2860 16 18 24
0.7087 -1.3919 6.0990 7 10 13
0.8860 -1.4346 6.2860 10 10 14
1.1094 -1.5279 6.6950 9 3 7
1.2862 -1.5279 6.6950 8 8 12
1.5181 -1.5975 7.0000 10 4 8
1.6914 -1.5975 7.0000 11 7 8
1.8436 -1.5795 6.9210 46 49 52
2.3597 -1.8497 8.1050 47 43 44
2.6433 -1.8997 8.3240 57 61 56
3.0123 -2.0083 8.8000 50 51 45
3.7682 -2.3429 10.2660 25 30 20
5.3636 -3.1241 13.6890 9 5 10
8.0186 -4.3929 19.2490 14 5 12
13.6433 -7.0288 30.7990 42 35 27
14.4058 -7.0288 30.7990 12 6 10
16.8536 -7.8098 34.2210 15 4 8
26.5514 -11.7148 51.3320 19 8 12
-1.5800 -0.7121 3.1430 8 4 7
-1.6123 -0.7669 3.3850 11 7 12
-1.5366 -0.7710 3.4030 8 2 6
-1.5023 -0.7975 3.5200 4 2 9
-1.4566 -0.8208 3.6230 10 4 8
-1.3918 -0.8358 3.6890 6 5 9
-1.3241 -0.8510 3.7560 12 6 10
-1.2477 -0.8668 3.8260 7 6 10
-1.1602 -0.8723 3.8500 10 4 8
-1.1136 -0.9122 4.0260 13 9 12
-1.0625 -0.9559 4.2190 9 3 7
-0.9581 -0.9559 4.2190 8 4 9
-0.8706 -0.9828 4.3380 12 12 12
-0.7968 -1.0261 4.5290 7 6 8
-0.6898 -1.0338 4.5630 5 4 8
-0.5725 -1.0261 4.5290 11 14 17
-0.4892 -1.0902 4.8120 10 17 25
-0.3895 -1.1727 5.1760 43 57 61
-0.2659 -1.1929 5.2650 49 68 70
-0.1332 -1.1727 5.1760 42 61 63
-0.0054 -1.2461 5.5000 40 40 40
0.1343 -1.2803 5.6510 39 50 59
0.3091 -1.3956 6.1600 22 32 39
0.4710 -1.4242 6.2860 19 29 32
0.6267 -1.4242 6.2860 14 17 20
0.7590 -1.3818 6.0990 8 7 14
0.9573 -1.4536 6.4160 10 10 12
1.2019 -1.5506 6.8440 11 7 10
1.3713 -1.5506 6.8440 18 18 18
1.5939 -1.6041 7.0800 8 5 2
1.7102 -1.5506 6.8440 14 10 15
2.0139 -1.6614 7.3330 72 67 63
2.4400 -1.8363 8.1050 51 45 47
2.7491 -1.9118 8.4380 36 44 43
3.1294 -2.0226 8.9270 52 52 46
4.2812 -2.5844 11.4070 34 37 36
6.1610 -3.4891 15.4000 6 5 5
9.7296 -5.1689 22.8140 19 10 13
14.6289 -7.3453 32.4200 16 8 7
13.9621 -6.6459 29.3330 17 13 6
22.0322 -9.9687 43.9990 8 2 4
-1.6921 -0.7330 3.2590 15 2 10
-1.5946 -0.7254 3.2250 3 2 4
-1.5928 -0.7654 3.4030 6 5 7
-1.5254 -0.7739 3.4410 6 0 4
-1.4904 -0.8009 3.5610 11 7 12
-1.4440 -0.8248 3.6670 10 0 3
-1.3532 -0.8248 3.6670 10 4 6
-1.3273 -0.8713 3.8740 6 2 5
-1.2238 -0.8659 3.8500 13 9 12
-1.1355 -0.8713 3.8740 10 9 13
-1.1021 -0.9237 4.1070 10 1 6
-1.0207 -0.9424 4.1900 11 7 10
-0.9100 -0.9424 4.1900 9 5 6
-0.8467 -0.9896 4.4000 15 15 15
-0.7708 -1.0339 4.5970 15 11 12
-0.6473 -1.0186 4.5290 7 6 10
-0.5472 -1.0416 4.6310 16 15 17
-0.4595 -1.1264 5.0080 23 33 40
-0.3528 -1.1842 5.2650 44 58 62
-0.2243 -1.1943 5.3100 41 51 58
-0.0937 -1.2047 5.3560 1 4 7
0.0400 -1.2370 5.5000 40 50 53
0.1939 -1.2948 5.7570 36 51 50
0.3636 -1.3994 6.2220 32 40 41
0.5176 -1.3994 6.2220 25 30 37
0.6583 -1.3718 6.0990 11 14 17
0.8257 -1.3994 6.2220 11 10 14
1.0652 -1.5058 6.6950 11 14 15
1.2584 -1.5393 6.8440 9 5 8
1.4770 -1.5924 7.0800 6 2 5
1.6523 -1.5924 7.0800 11 7 8
1.8069 -1.5744 7.0000 41 42 38
2.2470 -1.7762 7.8970 50 46 49
2.5068 -1.8229 8.1050 40 39 39
2.8982 -1.9514 8.6760 94 87 79
3.3488 -2.0991 9.3330 53 57 50
4.5437 -2.6644 11.8460 44 45 36
6.6189 -3.6459 16.2100 8 4 7
11.6429 -6.0237 26.7820 20 23 24
14.8964 -7.2918 32.4200 12 3 6
15.6990 -7.2918 32.4200 18 11 5
24.1177 -10.6572 47.3830 18 9 12
-1.6310 -0.7127 3.1920 12 3 8
-1.6136 -0.7435 3.3300 6 4 13
-1.5647 -0.7598 3.4030 8 2 8
-1.5140 -0.7770 3.4800 3 2 6
-1.4692 -0.7995 3.5810 9 5 8
-1.4053 -0.8138 3.6450 9 3 5
-1.3090 -0.8138 3.6450 11 2 7
-1.2953 -0.8649 3.8740 14 8 12
-1.1994 -0.8649 3.8740 14 8 10
-1.1107 -0.8705 3.8990 10 9 13
-1.0753 -0.9230 4.1340 8 4 9
-0.9726 -0.9292 4.1620 4 4 6
-0.8876 -0.9484 4.2480 8 2 6
-0.8163 -0.9895 4.4320 13 12 14
-0.7329 -1.0264 4.5970 10 9 9
-0.6099 -1.0112 4.5290 13 12 19
-0.5210 -1.0744 4.8120 17 19 25
-0.4286 -1.1460 5.1330 41 47 58
-0.3147 -1.1958 5.3560 44 64 77
-0.1805 -1.1855 5.3100 37 56 58
-0.0503 -1.2170 5.4510 7 3 8
0.0970 -1.2617 5.6510 40 58 67
0.2532 -1.3483 6.0390 27 41 43
0.4192 -1.4034 6.2860 29 35 37
0.5748 -1.4034 6.2860 18 20 26
