ply
format ascii 1.0
element vertex 5000
property float x
property float y
property float z
property uchar red
property uchar green
property uchar blue
end_header
-14.6762 -11.8421 27.9990 29 23 27
-12.9026 -10.8553 25.6660 24 8 35
9.3533 -21.7106 51.3320 61 83 97
11.4976 -23.6845 55.9990 63 92 74
5.2693 -7.4438 17.6000 141 154 151
4.1386 -5.4277 12.8330 136 165 173
5.2969 -6.5134 15.4000 117 136 154
3.5329 -4.0709 9.6250 77 101 115
3.0043 -3.2567 7.7000 88 101 130
4.3318 -4.4156 10.4400 106 107 147
3.8955 -3.7756 8.9270 125 118 140
2.8883 -2.6586 6.2860 125 117 135
2.9332 -2.5795 6.0990 136 107 127
-13.5962 -11.2831 26.7820 17 27 57
-4.7843 -8.1095 19.2490 14 30 51
9.8617 -21.6259 51.3320 72 75 96
13.1555 -25.9510 61.5980 66 86 99
5.0137 -6.8292 16.2100 145 174 186
4.9692 -6.3295 15.0240 138 165 185
4.5410 -5.4065 12.8330 111 130 132
3.2108 -3.6042 8.5550 90 119 118
3.6782 -3.8734 9.1940 100 102 112
6.1821 -6.1787 14.6660 118 114 142
3.4668 -3.2848 7.7970 125 119 159
2.8427 -2.5695 6.0990 103 121 130
-15.1817 -12.3095 29.3330 5 12 34
-10.1866 -8.6166 20.5330 17 27 57
-10.0235 -25.8493 61.5980 21 32 43
9.7769 -21.5412 51.3320 58 82 80
13.1555 -25.8493 61.5980 69 89 102
4.5489 -6.0114 14.3250 129 162 175
5.6712 -6.9863 16.6480 109 129 140
3.5975 -4.1692 9.9350 93 113 137
3.5345 -3.8016 9.0590 106 127 146
6.8527 -6.9863 16.6480 86 108 111
4.0424 -3.8582 9.1940 108 102 137
2.8987 -2.6379 6.2860 114 117 134
2.9829 -2.5850 6.1600 138 122 145
-11.0228 -9.1955 21.9990 26 32 45
-6.7095 -16.0924 38.4990 8 30 29
-9.4136 -25.7477 61.5980 15 35 48
9.9464 -21.4565 51.3320 70 87 90
6.1135 -8.5827 20.5330 135 144 154
4.5725 -5.9878 14.3250 130 163 176
5.6987 -6.9588 16.6480 104 124 139
3.6139 -4.1528 9.9350 97 124 137
3.3564 -3.6265 8.6760 96 112 122
6.2881 -6.4371 15.4000 98 101 102
4.5385 -4.3639 10.4400 111 119 134
3.0541 -2.7985 6.6950 116 122 135
2.8944 -2.5243 6.0390 162 156 173
-13.0297 -10.6859 25.6660 16 38 60
-3.0412 -5.4566 13.1060 12 26 48
-8.7428 -23.3149 55.9990 17 33 52
10.6658 -23.3149 55.9990 64 83 83
5.9489 -8.2728 19.8700 132 144 162
4.5150 -5.8288 14.0000 138 160 172
5.8854 -7.1241 17.1110 115 137 149
3.4786 -3.9457 9.4770 89 106 118
3.6260 -3.8857 9.3330 87 99 113
7.9233 -8.0142 19.2490 97 111 115
3.7011 -3.4657 8.3240 114 121 156
2.8247 -2.5143 6.0390 171 184 181
-14.3989 -11.6110 27.9990 16 26 52
-3.5841 -5.9405 14.3250 15 26 49
-5.4184 -12.7722 30.7990 4 25 31
-8.5579 -23.2225 55.9990 22 38 48
12.0372 -25.5443 61.5980 62 84 83
4.5845 -6.0819 14.6660 136 161 166
5.5613 -6.9038 16.6480 123 155 164
3.7460 -4.3294 10.4400 116 126 140
3.0421 -3.3176 8.0000 84 102 111
6.2119 -6.3863 15.4000 96 100 112
7.9606 -7.7407 18.6660 127 130 149
3.3363 -3.0774 7.4210 110 110 128
2.8446 -2.5043 6.0390 160 169 162
-3.7178 -6.0577 14.6660 8 27 45
-2.5989 -4.6261 11.2000 20 32 48
-7.0145 -18.1735 43.9990 6 21 36
10.3886 -23.1301 55.9990 59 75 83
5.6501 -7.7099 18.6660 134 151 165
4.3407 -5.5311 13.3910 140 158 167
4.7536 -5.6542 13.6890 101 130 138
3.4943 -3.9144 9.4770 94 114 129
4.9463 -5.1924 12.5710 86 96 112
6.6440 -6.3609 15.4000 112 116 128
3.2064 -2.9244 7.0800 114 114 134
2.8464 -2.4700 5.9800 113 103 131
-2.7222 -4.6928 11.4070 19 30 51
-6.0158 -14.9064 36.2340 11 25 45
6.1340 -21.1177 51.3320 45 61 69
5.9817 -8.1744 19.8700 125 153 157
4.3186 -5.5090 13.3910 135 155 166
5.3223 -6.3355 15.4000 94 126 133
3.1241 -3.4244 8.3240 76 93 98
12.8300 -12.6705 30.7990 101 117 138
4.6519 -4.3690 10.6200 85 117 126
2.9586 -2.6395 6.4160 103 110 132
2.9144 -2.4844 6.0390 110 115 133
-4.9720 -11.4724 27.9990 12 32 45
-6.4114 -16.8265 41.0660 9 19 33
6.5137 -9.0140 21.9990 115 138 143
4.3469 -5.6090 13.6890 132 156 166
4.8799 -5.8696 14.3250 104 139 142
3.1251 -3.4574 8.4380 100 121 129
4.7001 -4.8538 11.8460 86 101 116
12.8808 -12.6197 30.7990 75 95 108
4.0576 -3.7672 9.1940 98 126 141
2.8794 -2.5494 6.2220 99 116 128
2.9836 -2.4990 6.0990 129 119 147
-2.8022 -4.5706 11.2000 20 36 55
-4.7559 -10.9296 26.7820 17 34 46
-6.4114 -16.7588 41.0660 22 32 46
6.5137 -8.9776 21.9990 113 138 143
4.1618 -5.3485 13.1060 135 159 169
4.4646 -5.3485 13.1060 93 126 130
3.3564 -3.5406 8.6760 96 101 117
11.0682 -10.9296 26.7820 88 114 130
4.7820 -4.4890 11.0000 91 121 126
3.0002 -2.6742 6.5530 104 111 135
2.8661 -2.4404 5.9800 92 96 119
-4.2346 -4.3164 10.6200 15 30 47
-2.8022 -4.5522 11.2000 19 33 55
-4.7559 -10.8854 26.7820 18 35 47
-6.4114 -16.6910 41.0660 17 27 41
7.0614 -22.7604 55.9990 67 87 84
4.3017 -5.5638 13.6890 139 156 168
4.4213 -5.3268 13.1060 101 135 143
4.6610 -4.8147 11.8460 79 71 89
16.0376 -15.6477 38.4990 91 115 127
4.3682 -4.0380 9.9350 94 123 133
2.9586 -2.6077 6.4160 96 105 126
2.9735 -2.4789 6.0990 91 88 102
-2.9120 -4.0216 9.9350 14 26 42
-2.6401 -3.9581 9.7780 11 29 52
-2.7837 -4.5337 11.2000 18 27 50
-4.7559 -10.8412 26.7820 13 28 41
-6.0106 -15.5841 38.4990 18 26 43
7.1538 -22.6680 55.9990 42 65 57
4.2081 -5.4206 13.3910 141 158 172
4.1562 -4.9870 12.3200 112 136 148
3.0824 -3.3246 8.2130 85 108 115
6.6878 -6.7390 16.6480 77 90 99
8.7229 -8.3116 20.5330 95 111 130
3.6305 -3.2808 8.1050 105 113 130
2.8069 -2.4207 5.9800 129 136 158
-4.2834 -4.2088 10.4400 12 14 38
-2.8176 -3.9419 9.7780 19 33 55
-2.8148 -4.2814 10.6200 20 32 50
-2.7283 -4.5152 11.2000 17 31 53
-5.0637 -11.8254 29.3330 22 34 48
-7.1630 -19.1021 47.3830 28 32 44
8.1741 -24.8328 61.5980 35 60 65
4.1185 -5.2836 13.1060 124 144 159
4.0745 -4.8692 12.0780 129 146 158
3.5648 -4.0052 9.9350 97 115 122
3.6194 -3.8206 9.4770 79 95 103
15.1539 -14.6075 36.2340 87 111 125
3.7897 -3.4489 8.5550 111 126 141
2.8609 -2.4834 6.1600 123 128 144
-4.7366 -4.5798 11.4070 16 27 48
-2.5583 -3.6913 9.1940 17 28 51
-2.7340 -4.4164 11.0000 15 20 54
-5.2151 -12.3656 30.7990 15 30 43
-9.0069 -24.7311 61.5980 22 31 43
7.3386 -22.4832 55.9990 27 51 51
4.1185 -5.2620 13.1060 131 151 164
4.0546 -4.8492 12.0780 117 139 149
3.7930 -4.2639 10.6200 98 116 123
4.0384 -4.2639 10.6200 78 91 100
9.0237 -8.5281 21.2410 97 107 125
3.6789 -3.2975 8.2130 93 99 126
2.7802 -2.3780 5.9230 134 136 162
-4.6990 -4.5610 11.4070 20 32 50
-2.8956 -3.9724 9.9350 17 31 51
-2.4310 -3.6222 9.0590 14 27 52
-2.7159 -4.3983 11.0000 17 23 52
-6.2012 -15.3935 38.4990 21 33 49
5.1125 -17.5927 43.9990 44 64 61
5.5885 -7.4635 18.6660 116 141 162
3.9528 -4.9261 12.3200 122 143 151
3.9974 -4.6470 11.6220 102 118 128
3.7513 -4.1048 10.2660 88 108 121
4.8840 -5.0264 12.5710 81 73 91
14.0296 -13.6830 34.2210 73 98 105
3.9980 -3.6222 9.0590 108 120 122
2.9091 -2.5134 6.2860 107 104 123
2.8235 -2.3235 5.8110 100 106 119
-5.0958 -5.1100 12.8330 13 30 46
-2.7576 -3.8326 9.6250 17 26 49
-2.5511 -3.8326 9.6250 21 31 57
-5.7945 -13.6265 34.2210 19 31 47
-8.2806 -22.2984 55.9990 20 38 45
7.3386 -22.2984 55.9990 37 64 59
4.5361 -5.8399 14.6660 116 146 151
4.0952 -4.9057 12.3200 119 140 159
4.0364 -4.5422 11.4070 103 121 128
4.6442 -4.9057 12.3200 98 104 115
7.9166 -7.9121 19.8700 86 99 98
6.0169 -5.5747 14.0000 92 114 128
3.5182 -3.1047 7.7970 110 115 133
2.7564 -2.3139 5.8110 103 108 128
-4.8407 -4.6974 11.8460 23 31 57
-3.1654 -4.2113 10.6200 22 30 49
-2.4250 -3.5399 8.9270 12 27 51
-2.6396 -4.2113 10.6200 18 27 48
-6.7967 -17.4474 43.9990 24 35 44
5.8833 -7.8793 19.8700 109 146 147
3.8353 -4.7894 12.0780 125 142 154
4.1765 -4.8854 12.3200 67 117 125
4.2084 -4.6086 11.6220 87 108 116
4.7255 -4.8854 12.3200 102 92 104
11.3863 -11.1028 27.9990 87 92 99
6.0169 -5.5516 14.0000 88 109 126
3.5311 -3.0918 7.7970 127 131 143
2.7564 -2.3043 5.8110 94 106 124
-5.1992 -4.9642 12.5710 6 21 45
-5.0322 -5.0676 12.8330 12 23 34
-2.8015 -3.8612 9.7780 20 31 52
-2.3868 -3.7424 9.4770 14 23 46
-6.7502 -16.2166 41.0660 25 35 51
3.5279 -12.1623 30.7990 35 59 57
4.4070 -5.6568 14.3250 113 146 148
4.0545 -4.8651 12.3200 112 134 146
4.2539 -4.7695 12.0780 95 116 124
5.3527 -5.6568 14.3250 93 101 116
8.1468 -8.1083 20.5330 90 102 106
12.2677 -11.5834 29.3330 94 102 121
3.7060 -3.2432 8.2130 87 88 101
2.7468 -2.2947 5.8110 82 96 116
-7.4876 -6.0559 15.4000 12 19 43
-5.9058 -5.5054 14.0000 11 25 47
-5.2258 -5.1538 13.1060 8 23 40
-3.0773 -4.1054 10.4400 15 22 44
-2.3114 -3.5624 9.0590 10 23 34
-6.9536 -16.1488 41.0660 12 22 36
-9.0069 -24.2229 61.5980 42 55 64
4.9067 -6.3744 16.2100 108 144 138
4.0138 -4.8447 12.3200 124 151 162
4.3653 -4.9434 12.5710 101 123 137
5.5643 -5.9081 15.0240 79 90 113
7.0985 -7.1244 18.1170 67 75 64
15.0343 -14.2487 36.2340 89 97 114
3.1102 -2.6619 6.7690 107 89 108
2.9433 -2.3984 6.0990 90 106 127
-9.4970 -7.7809 19.8700 14 23 46
-5.7440 -5.4823 14.0000 20 28 47
-5.8418 -5.8833 15.0240 12 27 42
-3.0773 -4.0882 10.4400 13 20 44
-2.3061 -3.3042 8.4380 10 25 51
-2.3764 -3.7691 9.6250 19 24 40
-6.9536 -16.0811 41.0660 19 31 45
-8.2806 -21.9287 55.9990 10 27 32
4.4070 -5.6095 14.3250 116 135 137
4.0545 -4.8244 12.3200 114 134 149
4.5199 -5.0253 12.8330 103 114 123
6.0571 -6.3477 16.2100 84 97 108
8.4277 -8.3178 21.2410 78 94 102
12.2677 -11.4865 29.3330 102 99 118
3.1214 -2.6507 6.7690 100 101 114
2.9433 -2.3883 6.0990 91 102 123
-10.4782 -8.5783 21.9990 17 26 47
-6.1141 -5.7189 14.6660 11 29 52
-5.7752 -5.7189 14.6660 12 22 29
-4.0794 -5.1106 13.1060 15 24 45
-2.9582 -4.0031 10.2660 15 24 45
-2.2200 -3.2459 8.3240 15 23 42
-2.4201 -3.8741 9.9350 16 27 48
-7.9450 -18.4766 47.3830 21 38 50
-8.9053 -24.0196 61.5980 25 37 43
4.9602 -6.3209 16.2100 120 142 141
4.3132 -5.1106 13.1060 110 127 143
5.0217 -5.5859 14.3250 103 113 127
6.7696 -7.0646 18.1170 78 90 96
8.3927 -8.2827 21.2410 65 75 82
12.2677 -11.4381 29.3330 83 80 99
4.9798 -4.3673 11.2000 106 116 132
2.7539 -2.2878 5.8670 119 124 131
-6.8590 -5.3153 13.6890 4 24 48
-15.1700 -13.2877 34.2210 15 21 52
-6.8380 -6.2942 16.2100 18 27 48
-5.8478 -5.6947 14.6660 12 23 32
-4.5298 -5.5623 14.3250 13 20 44
-3.1676 -4.1963 10.8070 16 22 49
-2.2200 -3.2321 8.3240 17 27 45
-2.4201 -3.8577 9.9350 14 25 48
-7.8668 -18.3984 47.3830 22 42 53
2.9875 -9.1994 23.6920 38 52 54
3.8512 -4.7837 12.3200 109 127 134
5.0436 -5.8337 15.0240 98 126 130
5.9460 -6.4643 16.6480 77 114 115
7.8079 -7.9728 20.5330 74 85 85
10.3105 -9.9659 25.6660 75 92 95
11.3334 -10.3992 26.7820 97 104 110
4.0877 -3.5175 9.0590 97 101 113
2.7564 -2.2564 5.8110 82 90 109
-6.9918 -5.4130 14.0000 17 30 55
-13.6023 -11.9081 30.7990 26 28 54
-7.1616 -6.6158 17.1110 16 32 51
-5.8236 -5.6705 14.6660 13 26 35
-4.6618 -5.6705 14.6660 15 28 53
-3.3198 -4.3304 11.2000 17 21 46
-2.1468 -3.0931 8.0000 17 27 45
-2.3764 -3.7214 9.6250 9 20 41
-9.3897 -21.6515 55.9990 16 36 49
6.0458 -7.9389 20.5330 111 142 138
3.7617 -4.5801 11.8460 107 142 143
5.2206 -5.9543 15.4000 88 123 126
6.3731 -6.8049 17.6000 65 99 109
8.4380 -8.5057 21.9990 67 81 83
10.8914 -10.3550 26.7820 89 102 101
8.2410 -7.4424 19.2490 89 105 113
4.0877 -3.5026 9.0590 99 101 111
2.7733 -2.2684 5.8670 93 98 116
9.8514 -7.6825 19.8700 87 91 103
-7.8814 -6.2407 16.2100 16 23 47
-13.5514 -11.8573 30.7990 17 21 44
-7.1616 -6.5876 17.1110 29 40 63
-6.2455 -6.0805 15.7940 17 26 38
-4.6860 -5.6463 14.6660 20 34 56
-3.4449 -4.4744 11.6220 17 21 46
-2.1600 -3.0799 8.0000 18 23 43
-2.4142 -3.7644 9.7780 6 20 42
9.9265 -21.5591 55.9990 54 67 78
3.9904 -4.9406 12.8330 116 139 144
5.2499 -6.0805 15.7940 107 128 136
6.8431 -7.4107 19.2490 87 113 111
9.6751 -9.8812 25.6660 76 81 86
11.7352 -11.2929 29.3330 50 55 60
13.6658 -12.4814 32.4200 101 112 121
5.7059 -4.9406 12.8330 93 106 117
2.8527 -2.3481 6.0990 97 111 131
4.3194 -3.3879 8.8000 95 96 109
-7.3792 -5.7593 15.0240 10 19 42
-12.2732 -10.7331 27.9990 30 43 52
-7.3082 -6.7468 17.6000 8 14 45
-6.5557 -6.3818 16.6480 14 26 42
-4.5298 -5.4913 14.3250 15 24 47
-3.4257 -4.4552 11.6220 15 22 46
-2.3923 -3.6896 9.6250 7 24 40
-9.4136 -23.6130 61.5980 20 34 56
4.4307 -5.4913 14.3250 123 142 146
5.0936 -5.9034 15.4000 103 133 136
7.5163 -8.1425 21.2410 91 122 118
11.5592 -11.8065 30.7990 71 78 82
10.6704 -10.2666 26.7820 72 95 102
14.3685 -13.1183 34.2210 83 98 111
5.6847 -4.9194 12.8330 83 94 103
2.9492 -2.4342 6.3500 79 89 105
3.8501 -3.0272 7.8970 97 102 120
-7.2759 -5.5979 14.6660 18 29 38
-15.1700 -13.0618 34.2210 12 26 57
-7.6425 -6.9151 18.1170 17 21 46
-6.6381 -6.3544 16.6480 7 22 37
-4.8996 -5.7345 15.0240 15 19 44
-3.7331 -4.7024 12.3200 24 37 62
-2.1904 -3.1348 8.2130 19 34 49
-2.4201 -3.7921 9.9350 11 31 53
10.2037 -21.3742 55.9990 54 66 72
3.7755 -4.6100 12.0780 109 131 134
5.5613 -6.3544 16.6480 90 118 124
8.1482 -8.7079 22.8140 74 112 106
11.6609 -11.7557 30.7990 87 92 101
13.0237 -12.3744 32.4200 82 92 97
13.7193 -12.3744 32.4200 95 115 126
5.8489 -5.0024 13.1060 91 97 99
2.8812 -2.3512 6.1600 114 107 127
5.4974 -4.2749 11.2000 95 92 106
-6.8816 -5.2024 13.6890 20 24 38
-23.5178 -19.5082 51.3320 29 48 68
-10.7597 -9.3638 24.6390 21 27 38
-7.4930 -6.8852 18.1170 10 19 52
-6.9015 -6.6887 17.6000 13 27 47
-4.6618 -5.5737 14.6660 17 29 45
-3.5800 -4.5901 12.0780 19 28 49
-2.1947 -3.2068 8.4380 18 33 48
-2.4330 -3.9015 10.2660 10 29 49
7.2184 -16.7213 43.9990 52 66 70
7.2547 -9.3638 24.6390 102 124 123
3.7421 -4.5019 11.8460 112 140 144
7.4577 -8.3605 21.9990 96 114 123
10.0925 -10.6407 27.9990 55 96 91
12.4351 -12.3209 32.4200 75 88 87
13.1307 -12.3209 32.4200 74 81 85
10.5892 -9.3638 24.6390 92 106 108
4.6323 -3.9015 10.2660 95 95 95
2.8365 -2.2726 5.9800 97 94 117
10.5311 -8.0724 21.2410 107 93 106
-7.2759 -5.5495 14.6660 13 28 41
-23.2636 -19.4235 51.3320 2 17 43
-9.1356 -8.0374 21.2410 21 23 49
-7.4033 -6.8553 18.1170 17 21 44
-7.1963 -7.0630 18.6660 13 28 45
-4.1460 -5.0670 13.3910 0 22 48
-2.4341 -3.3298 8.8000 13 29 48
-2.2137 -3.2829 8.6760 13 25 41
2.5835 -6.8553 18.1170 54 63 73
8.0082 -17.9292 47.3830 49 61 65
6.3594 -8.0374 21.2410 112 136 134
4.5150 -5.2974 14.0000 95 130 131
7.8846 -8.6326 22.8140 98 110 124
11.3051 -11.6540 30.7990 87 98 96
12.0167 -11.6540 30.7990 78 81 82
14.0861 -12.9488 34.2210 77 87 90
8.6380 -7.5186 19.8700 91 107 115
3.5569 -2.9503 7.7970 83 91 108
3.1743 -2.5061 6.6230 104 100 103
12.3378 -9.3231 24.6390 69 71 79
-7.5638 -5.8018 15.4000 10 17 39
-21.2393 -17.8510 47.3830 9 15 46
-8.7294 -7.7356 20.5330 22 19 42
-7.1049 -6.6306 17.6000 18 23 39
-4.8996 -5.6601 15.0240 20 22 46
-3.9929 -4.9375 13.1060 8 28 50
-2.3569 -3.2686 8.6760 18 38 53
-2.3003 -3.4637 9.1940 9 17 45
2.6134 -6.8254 18.1170 53 59 70
8.0864 -17.8510 47.3830 46 63 68
6.3594 -8.0023 21.2410 115 135 130
4.5381 -5.2743 14.0000 98 127 128
9.6766 -10.5483 27.9990 85 102 116
12.6176 -12.8924 34.2210 84 95 95
12.6492 -12.2139 32.4200 77 80 81
14.9745 -13.6508 36.2340 76 98 97
8.9262 -7.7356 20.5330 90 106 116
3.6627 -3.0139 8.0000 87 100 111
3.2088 -2.5223 6.6950 90 95 104
12.8944 -9.6694 25.6660 81 91 94
-15.2265 -12.8359 34.2210 17 23 52
-8.6617 -7.7017 20.5330 22 30 47
-7.0468 -6.6016 17.6000 16 28 42
-4.7102 -5.5010 14.6660 16 26 42
-3.8462 -4.8135 12.8330 14 24 50
-2.2777 -3.3484 8.9270 17 27 45
2.0944 -5.7764 15.4000 45 57 59
7.0005 -16.5035 43.9990 45 62 63
10.1113 -21.0046 55.9990 40 46 59
3.9528 -4.6211 12.3200 104 135 135
11.0975 -12.1604 32.4200 93 109 117
13.2402 -13.5910 36.2340 80 92 94
14.0177 -13.5910 36.2340 84 87 86
14.0296 -12.8359 34.2210 72 89 92
9.8426 -8.5573 22.8140 84 101 115
3.6627 -3.0007 8.0000 87 100 109
3.2802 -2.5671 6.8440 64 76 90
12.8944 -9.6270 25.6660 87 90 93
-6.9306 -6.5725 17.6000 7 31 45
-4.1460 -5.0007 13.3910 6 23 39
-3.4804 -4.5104 12.0780 16 26 40
-2.3980 -3.6515 9.7780 13 26 51
3.6356 -9.2011 24.6390 53 65 69
8.7603 -19.1693 51.3320 32 56 56
5.6809 -6.9706 18.6660 98 134 132
5.6030 -6.3899 17.1110 91 127 123
11.3115 -12.1069 32.4200 80 104 114
14.3220 -14.3770 38.4990 60 80 91
13.4648 -12.7794 34.2210 55 74 74
15.0941 -13.5312 36.2340 65 91 91
8.7036 -7.4202 19.8700 87 99 113
3.1673 -2.5558 6.8440 89 100 111
4.4017 -3.3830 9.0590 80 80 100
14.8820 -10.9541 29.3330 85 77 76
-10.5971 -9.1605 24.6390 20 25 41
-7.1043 -6.7357 18.1170 12 21 44
-3.8250 -4.7712 12.8330 9 19 45
-2.4717 -3.5785 9.6250 16 26 44
4.9442 -12.0534 32.4200 40 57 60
8.2428 -17.6164 47.3830 39 61 62
6.7316 -8.1790 21.9990 88 130 129
5.6030 -6.3617 17.1110 83 124 121
12.7020 -13.4714 36.2340 94 113 117
14.3220 -14.3135 38.4990 68 88 99
13.5213 -12.7230 34.2210 63 77 79
15.0941 -13.4714 36.2340 90 112 111
8.7364 -7.3874 19.8700 73 85 101
3.1673 -2.5445 6.8440 92 97 106
4.4017 -3.3680 9.0590 89 92 111
14.8820 -10.9057 29.3330 80 72 71
-18.2722 -15.2001 41.0660 19 26 50
-7.1641 -6.7058 18.1170 9 28 46
-3.8250 -4.7500 12.8330 18 27 50
-2.5765 -3.7377 10.0980 14 26 44
4.1286 -9.9130 26.7820 58 84 86
9.0145 -18.9999 51.3320 58 67 77
4.2302 -4.9565 13.3910 93 125 132
12.2236 -13.4116 36.2340 77 94 108
14.8026 -15.2001 41.0660 85 99 105
14.7033 -14.2499 38.4990 74 91 105
13.8602 -12.6665 34.2210 71 88 91
13.8263 -11.9999 32.4200 83 92 113
5.6517 -4.6530 12.5710 86 93 99
2.9016 -2.2800 6.1600 114 119 124
8.2265 -6.1621 16.6480 82 87 94
21.3769 -15.2001 41.0660 80 89 101
-10.1507 -8.7302 23.6920 12 22 40
-4.3808 -5.1588 14.0000 7 22 37
-3.5704 -4.5398 12.3200 18 33 46
2.3191 -6.1346 16.6480 42 56 62
6.2525 -14.1864 38.4990 45 56 56
11.3256 -22.6981 61.5980 58 69 69
4.5150 -5.1588 14.0000 98 120 132
14.1926 -15.1323 41.0660 109 126 138
14.1314 -14.1864 38.4990 82 92 97
15.0210 -14.1864 38.4990 75 86 86
14.9147 -13.3518 36.2340 62 88 90
11.1577 -9.4576 25.6660 82 92 110
3.5569 -2.8731 7.7970 80 92 96
3.2443 -2.4943 6.7690 89 87 101
13.4109 -9.8688 26.7820 71 67 72
21.5802 -15.1323 41.0660 62 69 73
-10.4751 -9.0385 24.6390 13 25 43
-2.7447 -3.8958 10.6200 13 28 43
4.1286 -9.8246 26.7820 29 60 60
9.0992 -18.8305 51.3320 58 69 78
6.7679 -8.0701 21.9990 99 114 127
12.9877 -14.1229 38.4990 80 92 108
14.7348 -15.0645 41.0660 89 94 112
14.7033 -14.1229 38.4990 75 92 93
14.6157 -13.2920 36.2340 71 86 99
14.5944 -12.5535 34.2210 105 114 107
5.8706 -4.8078 13.1060 86 100 102
2.9308 -2.2825 6.2220 115 116 129
6.1911 -4.6115 12.5710 78 84 86
20.1041 -14.1229 38.4990 51 75 73
-4.3115 -5.1126 14.0000 12 24 40
2.2262 -5.7678 15.7940 37 49 53
5.8847 -13.2322 36.2340 54 65 65
18.3403 -22.4948 61.5980 106 123 135
5.5747 -6.2487 17.1110 94 118 118
15.3515 -16.0679 43.9990 76 82 93
15.2092 -14.9968 41.0660 71 76 81
15.1481 -14.0593 38.4990 65 69 83
15.9741 -14.0593 38.4990 68 102 99
11.7313 -9.7804 26.7820 84 92 109
3.3299 -2.6465 7.2470 84 103 107
3.5388 -2.6779 7.3330 96 94 103
16.5016 -11.8394 32.4200 73 72 76
-12.7612 -10.6636 29.3330 17 25 44
0.4070 -20.3577 55.9990 25 43 50
2.9647 -7.2235 19.8700 40 60 57
8.0864 -17.2255 47.3830 34 58 60
9.8668 -11.7859 32.4200 105 125 122
11.4316 -12.4406 34.2210 92 109 114
15.6419 -15.9953 43.9990 96 103 111
14.5762 -13.9958 38.4990 52 74 73
15.4022 -13.9958 38.4990 90 101 110
16.2918 -13.9958 38.4990 77 92 89
9.7814 -7.9974 21.9990 88 95 99
3.4854 -2.6346 7.2470 119 114 126
14.2052 -10.1787 27.9990 69 69 63
-10.9117 -9.2882 25.6660 0 14 26
0.6572 -17.1473 47.3830 35 40 47
2.4401 -6.1922 17.1110 40 50 57
5.9445 -13.1126 36.2340 44 54 59
11.7169 -13.9323 38.4990 104 127 123
9.7503 -10.6152 29.3330 88 110 120
15.6419 -15.9226 43.9990 88 100 104
15.4803 -14.8612 41.0660 61 80 82
16.4292 -14.8612 41.0660 74 85 94
17.3103 -14.8612 41.0660 67 101 98
9.7814 -7.9611 21.9990 89 88 97
3.2443 -2.4496 6.7690 76 73 87
14.2052 -10.1325 27.9990 69 65 70
-0.2030 -17.0691 47.3830 33 52 56
0.9661 -18.4916 51.3320 40 50 53
2.6926 -6.7242 18.6660 49 63 69
6.8728 -14.7935 41.0660 22 38 46
7.2822 -8.2184 22.8140 99 116 117
15.0610 -15.8500 43.9990 103 109 122
14.9381 -14.7935 41.0660 91 105 111
15.8870 -14.7935 41.0660 58 74 65
17.9657 -15.8500 43.9990 59 90 86
13.2875 -11.0949 30.7990 91 108 111
4.1027 -3.2634 9.0590 86 98 100
3.0539 -2.3113 6.4160 89 89 109
8.7550 -6.3402 17.6000 62 62 62
20.2948 -13.8687 38.4990 74 59 77
-0.0433 -15.7774 43.9990 19 43 55
6.3034 -18.4069 51.3320 42 46 58
3.0297 -7.3628 20.5330 29 46 51
8.7603 -18.4069 51.3320 43 65 66
7.2822 -8.1808 22.8140 98 115 118
15.0610 -15.7774 43.9990 93 100 108
14.9381 -14.7257 41.0660 74 95 101
15.8192 -14.7257 41.0660 55 75 70
17.9657 -15.7774 43.9990 54 92 90
13.2367 -11.0441 30.7990 72 89 92
4.0429 -3.2011 8.9270 80 92 96
2.9513 -2.2311 6.2220 80 89 101
8.2814 -5.9697 16.6480 49 47 54
20.2312 -13.8052 38.4990 82 68 83
0.0892 -13.7417 38.4990 25 49 61
1.4643 -21.9865 61.5980 40 62 65
2.7767 -6.8707 19.2490 35 53 60
6.8050 -14.6579 41.0660 40 57 62
8.9372 -9.9938 27.9990 96 113 116
14.9884 -15.7048 43.9990 90 100 107
14.9381 -14.6579 41.0660 66 89 96
16.9490 -15.7048 43.9990 56 76 71
19.3474 -16.9127 47.3830 58 99 96
13.2367 -10.9933 30.7990 92 104 108
4.0429 -3.1864 8.9270 74 84 91
2.9817 -2.2437 6.2860 59 83 93
8.2814 -5.9423 16.6480 67 65 74
17.7572 -12.2147 34.2210 69 66 63
-0.1760 -14.5902 41.0660 39 60 66
0.8136 -16.8345 47.3830 23 37 43
3.0282 -7.8159 21.9990 33 47 49
5.1582 -11.5184 32.4200 44 54 61
15.7073 -18.2375 51.3320 104 126 127
10.0851 -10.9424 30.7990 91 110 112
14.3959 -14.5902 41.0660 83 93 100
15.2770 -14.5902 41.0660 64 74 77
18.7218 -16.8345 47.3830 75 87 91
17.1070 -14.5902 41.0660 63 92 102
9.3392 -7.5466 21.2410 87 93 93
3.0873 -2.3786 6.6950 73 73 77
3.6826 -2.7019 7.6050 85 88 89
12.4598 -8.7539 24.6390 92 71 70
19.1606 -12.8734 36.2340 57 50 59
0.1358 -12.1018 34.2210 26 45 49
5.1106 -14.5224 41.0660 53 54 69
3.2097 -7.7796 21.9990 33 42 52
8.0082 -16.7563 47.3830 43 57 61
11.9711 -13.6146 38.4990 99 116 121
12.7971 -13.6146 38.4990 88 102 106
14.5992 -14.5224 41.0660 72 84 86
15.4803 -14.5224 41.0660 69 76 84
18.9564 -16.7563 47.3830 54 89 81
14.4250 -12.1018 34.2210 79 90 99
7.2074 -5.7324 16.2100 60 80 91
3.0543 -2.3174 6.5530 83 90 98
4.5656 -3.3005 9.3330 21 43 46
14.2976 -9.9014 27.9990 106 75 77
-0.4741 -18.0681 51.3320 27 40 49
0.4704 -13.5511 38.4990 31 43 47
3.8925 -10.3248 29.3330 43 51 50
4.7478 -10.8408 30.7990 36 53 56
9.9265 -19.7108 55.9990 41 55 61
8.9372 -9.8552 27.9990 107 114 118
15.0610 -15.4870 43.9990 83 98 97
14.9381 -14.4546 41.0660 68 85 97
17.0217 -15.4870 43.9990 60 73 72
17.9657 -15.4870 43.9990 54 85 85
10.6299 -8.6726 24.6390 80 86 88
3.9854 -3.0975 8.8000 95 94 101
3.0539 -2.2583 6.4160 91 98 104
7.6606 -5.4206 15.4000 76 69 80
16.8762 -11.4114 32.4200 57 62 71
-0.0337 -11.9888 34.2210 24 41 55
1.3627 -21.5799 61.5980 29 41 47
3.6177 -8.9917 25.6660 34 51 52
6.7372 -14.3868 41.0660 53 65 67
18.6453 -21.5799 61.5980 122 141 145
9.1221 -9.8090 27.9990 64 81 86
14.2604 -14.3868 41.0660 83 90 96
15.2092 -14.3868 41.0660 66 78 80
18.5654 -16.5999 47.3830 67 79 85
15.9741 -13.4875 38.4990 76 88 92
8.6708 -6.9612 19.8700 79 69 69
3.3299 -2.5389 7.2470 79 80 76
3.4050 -2.4804 7.0800 60 68 69
10.7064 -7.4415 21.2410 95 80 79
17.9831 -11.9888 34.2210 78 67 84
0.1222 -10.7391 30.7990 32 45 44
6.8765 -19.5260 55.9990 40 49 59
3.8634 -9.3385 26.7820 39 52 49
7.3636 -15.3418 43.9990 38 49 49
14.4989 -16.5217 47.3830 95 124 125
10.1360 -10.7391 30.7990 92 106 110
13.4960 -13.4240 38.4990 79 86 90
15.3448 -14.3191 41.0660 63 78 75
18.7218 -16.5217 47.3830 62 80 76
14.3120 -11.9323 34.2210 78 82 94
7.9656 -6.3171 18.1170 63 75 79
3.1326 -2.3602 6.7690 88 92 87
3.7286 -2.6849 7.7000 39 60 66
12.0200 -8.2610 23.6920 76 61 60
19.1606 -12.6342 36.2340 97 90 99
0.2356 -11.2509 32.4200 18 28 31
4.5142 -21.3766 61.5980 33 45 47
6.0531 -16.4435 47.3830 38 48 55
5.1059 -11.8759 34.2210 47 58 56
8.1646 -16.4435 47.3830 48 53 62
11.9711 -13.3605 38.4990 107 120 129
11.4316 -11.8759 34.2210 85 91 102
12.8814 -12.5744 36.2340 69 80 78
16.6586 -15.2692 43.9990 44 64 61
16.4292 -14.2513 41.0660 66 74 75
12.4130 -10.1796 29.3330 69 72 73
6.2248 -4.8585 14.0000 70 80 85
2.9701 -2.2037 6.3500 107 108 102
4.9398 -3.5044 10.0980 56 72 82
13.7203 -9.2943 26.7820 60 49 53
-13.7335 -19.3412 55.9990 16 34 41
-0.3338 -15.1966 43.9990 25 37 43
0.5026 -12.5146 36.2340 26 34 33
6.8524 -21.2750 61.5980 34 45 43
5.5172 -14.1835 41.0660 43 48 55
6.4661 -14.1835 41.0660 44 54 57
9.1839 -17.7293 51.3320 34 52 59
8.1925 -8.8646 25.6660 85 91 102
11.6575 -11.8194 34.2210 81 100 104
13.1804 -12.5146 36.2340 98 121 126
16.9490 -15.1966 43.9990 66 72 85
13.2377 -11.1974 32.4200 56 73 78
10.1822 -8.1828 23.6920 82 73 76
4.3431 -3.3243 9.6250 74 76 86
2.9817 -2.1711 6.2860 94 92 108
7.8305 -5.4550 15.7940 78 91 102
15.9815 -10.6375 30.7990 55 62 66
-6.9737 -21.1733 61.5980 26 26 20
-0.0337 -11.7629 34.2210 25 36 47
1.0508 -17.6445 51.3320 36 42 42
5.7951 -17.6445 51.3320 33 45 47
6.8965 -17.6445 51.3320 39 46 52
8.0825 -17.6445 51.3320 48 58 61
9.1839 -17.6445 51.3320 42 61 65
8.1502 -8.8223 25.6660 114 116 124
11.6010 -11.7629 34.2210 86 98 104
13.1206 -12.4549 36.2340 80 99 103
16.8764 -15.1239 43.9990 59 65 78
13.9166 -11.7629 34.2210 52 66 70
11.4660 -9.2059 26.7820 73 72 79
4.3431 -3.3084 9.6250 67 65 79
2.9713 -2.1607 6.2860 99 100 113
8.0368 -5.5719 16.2100 75 84 96
15.9307 -10.5867 30.7990 77 75 82
-6.3398 -19.1563 55.9990 20 20 14
-0.3338 -15.0513 43.9990 18 30 32
0.6374 -14.0480 41.0660 24 27 28
4.4125 -21.0717 61.5980 32 44 46
7.7674 -21.0717 61.5980 32 44 50
8.1646 -16.2089 47.3830 49 56 62
10.0808 -11.0903 32.4200 101 118 130
9.3069 -9.5780 27.9990 91 98 104
12.1658 -11.7064 34.2210 65 83 81
15.4803 -14.0480 41.0660 64 70 68
12.9702 -11.0903 32.4200 69 68 68
11.8022 -9.5780 27.9990 70 72 78
5.5894 -4.3003 12.5710 56 61 68
3.0221 -2.2181 6.4840 82 89 83
5.0220 -3.5118 10.2660 93 87 93
13.6761 -9.1617 26.7820 70 64 66
-11.6205 -16.1308 47.3830 15 31 39
-6.0587 -20.9700 61.5980 17 25 26
0.3662 -13.9802 41.0660 45 45 47
3.6418 -19.0639 55.9990 38 41 42
4.9357 -19.0639 55.9990 31 42 51
7.8691 -20.9700 61.5980 31 43 47
8.2428 -16.1308 47.3830 47 57 60
9.5260 -10.4850 30.7990 110 129 149
8.4890 -8.7376 25.6660 85 92 100
11.4720 -11.0368 32.4200 83 102 104
15.4126 -13.9802 41.0660 61 70 80
12.9167 -11.0368 32.4200 55 44 50
12.3161 -9.9859 29.3330 63 68 75
5.9319 -4.5587 13.3910 59 68 78
3.0114 -2.2074 6.4840 72 83 79
4.6204 -3.2263 9.4770 81 70 78
13.0639 -8.7376 25.6660 70 64 70
-11.6987 -16.0526 47.3830 25 41 49
-4.8951 -16.0526 47.3830 22 22 24
0.0892 -13.0428 38.4990 22 27 32
1.4643 -20.8684 61.5980 23 29 29
3.3697 -14.9061 43.9990 28 40 44
3.3754 -10.4342 30.7990 38 50 52
7.2910 -14.9061 43.9990 46 49 50
10.4810 -18.9715 55.9990 36 58 61
7.0946 -7.4529 21.9990 89 101 105
10.5934 -10.4342 30.7990 71 85 87
13.3000 -12.2755 36.2340 79 90 88
14.9574 -13.0428 38.4990 60 80 73
12.6775 -10.4342 30.7990 51 63 77
8.3363 -6.5212 19.2490 76 75 82
3.4268 -2.5449 7.5120 17 41 41
3.0645 -2.1736 6.4160 85 86 101
10.6363 -7.1961 21.2410 54 66 72
16.9297 -10.9833 32.4200 66 75 85
-4.9086 -14.8335 43.9990 20 19 23
-0.5172 -18.8791 55.9990 19 26 32
0.7120 -17.3057 51.3320 29 30 24
3.2379 -15.9744 47.3830 33 41 40
3.3132 -12.2157 36.2340 30 43 52
6.3882 -17.3057 51.3320 35 41 41
8.5556 -15.9744 47.3830 35 48 57
8.3719 -9.0291 26.7820 95 112 124
8.9908 -9.0291 26.7820 73 93 104
11.5790 -10.9298 32.4200 77 91 95
15.6159 -13.8447 41.0660 65 70 75
12.3725 -10.3834 30.7990 53 41 52
10.8612 -8.6529 25.6660 66 65 76
5.3902 -4.0719 12.0780 65 74 86
2.9701 -2.1408 6.3500 49 61 63
6.4330 -4.4185 13.1060 68 59 54
14.3438 -9.4394 27.9990 70 68 79
-5.9809 -17.2210 51.3320 22 22 24
-5.3231 -18.7867 55.9990 19 29 34
0.6272 -17.2210 51.3320 21 20 20
2.9340 -14.7609 43.9990 33 41 40
2.6338 -9.8407 29.3330 29 43 49
2.9794 -8.9849 26.7820 31 48 49
7.3636 -14.7609 43.9990 46 52 54
16.7657 -18.7867 55.9990 92 107 122
6.6557 -6.8885 20.5330 90 109 111
10.1376 -9.8407 29.3330 74 84 89
14.1950 -12.9157 38.4990 73 87 93
14.1373 -12.1559 36.2340 55 71 60
12.7283 -10.3325 30.7990 52 64 70
4.5399 -3.3877 10.0980 61 68 72
2.9411 -2.0874 6.2220 80 92 94
8.0100 -5.4382 16.2100 62 77 74
15.9307 -10.3325 30.7990 43 58 55
-5.9809 -17.1363 51.3320 24 24 26
-5.2307 -18.6943 55.9990 17 24 28
0.4578 -17.1363 51.3320 33 32 32
2.7888 -14.6883 43.9990 48 51 50
2.4885 -9.7923 29.3330 34 51 56
2.3747 -7.3440 21.9990 22 36 40
9.9023 -20.5634 61.5980 31 49 47
9.4381 -17.1363 51.3320 48 59 59
7.7834 -8.2253 24.6390 79 103 115
10.1860 -9.7923 29.3330 80 82 88
14.1950 -12.8522 38.4990 71 82 91
13.4083 -11.4241 34.2210 48 64 55
12.7283 -10.2817 30.7990 40 52 58
3.8075 -2.8169 8.4380 61 67 65
2.9411 -2.0771 6.2220 70 90 85
9.5435 -6.4259 19.2490 33 57 67
15.9307 -10.2817 30.7990 43 58 55
-6.8776 -8.8965 26.7820 17 25 40
-4.3103 -13.6414 41.0660 17 19 27
-0.0551 -18.6019 55.9990 29 35 37
3.2943 -20.4618 61.5980 37 37 41
2.5644 -11.3676 34.2210 29 41 43
2.3228 -7.8701 23.6920 34 48 54
3.5052 -9.7439 29.3330 38 46 45
7.6541 -14.6157 43.9990 40 50 53
13.3182 -14.6157 43.9990 90 106 114
8.2307 -8.1846 24.6390 45 75 80
11.5255 -10.7693 32.4200 68 78 81
14.5762 -12.7887 38.4990 69 78 90
12.3217 -10.2309 30.7990 55 54 65
11.3334 -8.8965 26.7820 61 58 72
3.2676 -2.3794 7.1630 57 75 69
3.3934 -2.3518 7.0800 79 73 77
11.8636 -7.8701 23.6920 67 79 83
16.9832 -10.7693 32.4200 40 39 50
-8.1649 -10.7158 32.4200 18 33 46
-4.3277 -14.5431 43.9990 25 30 35
0.2222 -18.5095 55.9990 38 41 40
3.0872 -18.5095 55.9990 34 34 38
2.4829 -10.7158 32.4200 11 24 23
2.1176 -7.0208 21.2410 24 33 45
4.1458 -11.3111 34.2210 25 36 36
7.7267 -14.5431 43.9990 41 47 60
12.4304 -13.5736 41.0660 88 107 109
8.2307 -8.1440 24.6390 64 87 94
11.5255 -10.7158 32.4200 68 79 79
14.5762 -12.7251 38.4990 50 59 69
12.3217 -10.1801 30.7990 55 69 73
11.3334 -8.8523 26.7820 60 58 72
3.2676 -2.3676 7.1630 47 67 62
3.3934 -2.3402 7.0800 86 80 82
12.8521 -8.4834 25.6660 58 68 73
17.9267 -11.3111 34.2210 48 46 60
-9.0058 -11.9167 36.2340 17 29 43
-4.2425 -13.5059 41.0660 18 23 30
-0.2639 -20.2584 61.5980 31 39 38
0.9661 -16.8821 51.3320 38 39 33
2.0675 -16.8821 51.3320 27 35 34
2.4402 -12.6616 38.4990 28 36 37
2.0903 -8.1033 24.6390 25 44 48
2.0149 -6.1389 18.6660 31 43 45
8.5909 -16.8821 51.3320 44 60 51
18.1370 -20.2584 61.5980 87 106 110
8.1502 -8.4411 25.6660 79 103 117
10.1860 -9.6471 29.3330 76 69 80
14.2585 -12.6616 38.4990 57 84 97
13.4083 -11.2547 34.2210 48 55 61
14.1990 -11.2547 34.2210 55 55 59
3.9987 -2.9359 8.9270 61 67 69
2.9308 -2.0463 6.2220 68 75 81
7.5844 -5.0648 15.4000 55 63 64
16.7157 -10.6623 32.4200 53 56 55
-18.3947 -11.8569 36.2340 15 26 49
-9.3782 -12.5981 38.4990 24 29 45
-4.4003 -14.3979 43.9990 26 25 32
0.2444 -20.1568 61.5980 39 36 31
1.2046 -15.5052 47.3830 32 33 29
2.4911 -16.7974 51.3320 27 33 33
2.2689 -10.6088 32.4200 33 44 42
1.9773 -6.9507 21.2410 23 42 44
2.3520 -6.7190 20.5330 31 42 40
7.7267 -14.3979 43.9990 39 48 58
15.1990 -16.7974 51.3320 85 96 105
7.2036 -7.1988 21.9990 75 84 94
10.2344 -9.5987 29.3330 77 70 81
14.3220 -12.5981 38.4990 49 83 89
13.4648 -11.1982 34.2210 47 61 65
14.2555 -11.1982 34.2210 61 52 57
3.8862 -2.8391 8.6760 61 66 71
2.9308 -2.0360 6.2220 80 85 94
9.4800 -6.2989 19.2490 58 61 64
16.7157 -10.6088 32.4200 68 68 70
-17.7116 -11.1417 34.2210 19 39 50
-10.3275 -6.9157 21.2410 17 28 51
-7.2787 -20.0551 61.5980 27 26 30
-4.8795 -16.7127 51.3320 25 30 35
0.4070 -18.2322 55.9990 55 51 44
1.1694 -12.5345 38.4990 32 41 34
2.6605 -16.7127 51.3320 31 41 44
2.0981 -9.1159 27.9990 28 41 38
1.7992 -6.0773 18.6660 34 47 56
9.1871 -18.2322 55.9990 33 52 42
9.5228 -16.7127 51.3320 62 67 72
10.4714 -11.1417 34.2210 100 113 108
9.1234 -8.7197 26.7820 89 95 97
12.3917 -11.1417 34.2210 66 74 71
14.8304 -12.5345 38.4990 49 58 51
13.9166 -11.1417 34.2210 40 45 54
9.8049 -7.4278 22.8140 53 63 68
3.0541 -2.1563 6.6230 36 61 54
4.5891 -3.0855 9.4770 77 79 87
14.8335 -9.5503 29.3330 54 45 52
19.1606 -11.7971 36.2340 57 36 47
-15.5338 -9.9767 30.7990 17 24 46
-6.8776 -8.6755 26.7820 21 34 43
-4.9733 -15.3488 47.3830 24 27 30
0.1427 -19.9535 61.5980 57 53 42
0.7707 -10.5018 32.4200 44 48 43
1.9251 -13.3025 41.0660 31 41 44
2.2154 -10.5018 32.4200 36 42 42
1.8169 -6.4365 19.8700 22 39 42
2.1073 -6.0465 18.6660 27 38 36
7.9446 -14.2526 43.9990 40 52 58
11.5898 -12.4710 38.4990 83 106 102
7.3951 -7.3902 22.8140 79 102 109
9.6766 -9.0697 27.9990 60 60 60
14.1950 -12.4710 38.4990 47 66 66
13.3519 -11.0852 34.2210 50 60 63
14.9745 -11.7373 36.2340 50 46 51
7.8759 -5.8687 18.1170 67 74 80
2.9402 -2.0362 6.2860 72 79 87
6.6965 -4.4343 13.6890 74 64 76
15.7782 -9.9767 30.7990 49 49 45
-14.6299 -9.0235 27.9990 10 19 40
-13.3752 -8.6313 26.7820 17 27 41
-5.1361 -3.9705 12.3200 14 25 48
-6.3398 -18.0474 55.9990 20 22 30
-5.6521 -19.8518 61.5980 30 33 36
0.7707 -10.4483 32.4200 36 40 35
1.8573 -13.2348 41.0660 39 47 46
2.1046 -9.9259 30.7990 37 43 43
1.6760 -6.0157 18.6660 26 43 46
1.9317 -5.5145 17.1110 32 40 39
7.7993 -14.1800 43.9990 39 51 57
13.1004 -14.1800 43.9990 76 102 102
7.3198 -7.3525 22.8140 64 91 100
9.5842 -9.0235 27.9990 75 92 95
13.2402 -11.6775 36.2340 67 80 77
14.8939 -12.4075 38.4990 46 59 58
14.8549 -11.6775 36.2340 51 49 60
8.5724 -6.4037 19.8700 43 60 63
3.0541 -2.1345 6.6230 58 81 77
3.9635 -2.6469 8.2130 61 61 63
14.8335 -9.4535 29.3330 62 45 57
21.6480 -13.2348 41.0660 38 30 46
-14.1678 -8.9773 27.9990 17 24 46
-10.2925 -6.8105 21.2410 0 13 43
-6.3168 -4.3891 13.6890 11 26 54
-7.5811 -9.4051 29.3330 5 10 26
-5.1297 -15.1924 47.3830 24 27 30
0.3460 -19.7502 61.5980 46 38 35
0.6553 -7.3149 22.8140 41 44 43
1.9318 -12.3439 38.4990 30 40 45
1.9627 -8.5871 26.7820 35 43 44
1.5772 -5.3379 16.6480 29 41 45
1.9619 -5.3379 16.6480 33 41 40
8.3992 -15.1924 47.3830 29 41 47
8.7524 -8.9773 27.9990 76 93 98
8.9466 -8.5871 26.7820 51 76 83
12.9412 -11.6177 36.2340 69 81 87
14.5762 -12.3439 38.4990 38 57 61
15.4658 -12.3439 38.4990 56 58 64
13.0333 -9.8751 30.7990 42 59 64
3.5894 -2.5320 7.8970 60 66 66
3.1525 -2.1235 6.6230 83 79 84
12.2972 -7.9000 24.6390 56 59 60
18.8616 -11.6177 36.2340 60 49 44
-13.7288 -8.5429 26.7820 12 19 43
-11.2053 -7.2772 22.8140 6 14 29
-8.0089 -5.4581 17.1110 16 24 43
-5.5384 -4.2715 13.3910 21 31 47
-7.1901 -8.9311 27.9990 22 37 50
-7.1770 -19.6485 61.5980 25 27 35
-5.7537 -19.6485 61.5980 28 31 34
0.6367 -8.5429 26.7820 32 38 38
1.3267 -9.3566 29.3330 33 41 42
2.1046 -9.8243 30.7990 34 40 40
1.5803 -5.6140 17.6000 24 41 46
1.7831 -5.0380 15.7940 37 40 41
14.1079 -15.1142 47.3830 77 101 103
7.6015 -7.5573 23.6920 60 88 94
10.0408 -9.3566 29.3330 54 82 86
14.0679 -12.2804 38.4990 56 74 72
14.8939 -12.2804 38.4990 35 52 55
16.8359 -13.0992 41.0660 48 46 55
8.5724 -6.3381 19.8700 51 66 65
3.5894 -2.5190 7.8970 61 69 68
3.1525 -2.1126 6.6230 77 76 80
12.2972 -7.8594 24.6390 74 73 73
20.0406 -12.2804 38.4990 61 52 47
-13.7288 -8.4987 26.7820 12 15 43
-11.2053 -7.2396 22.8140 13 18 36
-8.0089 -5.4298 17.1110 24 32 51
-4.4729 -3.3129 10.4400 24 24 42
-8.2550 -6.5157 20.5330 17 28 39
-6.8776 -8.4987 26.7820 18 33 48
-6.7703 -19.5469 61.5980 55 58 59
0.5425 -16.2892 51.3320 42 46 41
0.5762 -5.4298 17.1110 29 40 38
2.2640 -13.0315 41.0660 30 43 42
1.7211 -6.9809 21.9990 32 43 43
1.4978 -4.7676 15.0240 28 42 48
1.9905 -5.1439 16.2100 31 32 47
11.5898 -12.2169 38.4990 80 103 108
8.6814 -8.4987 26.7820 68 86 95
11.2045 -10.2878 32.4200 67 86 90
14.1950 -12.2169 38.4990 57 72 71
16.0225 -13.0315 41.0660 42 54 56
19.5820 -15.0360 47.3830 47 52 59
7.6512 -5.5850 17.6000 49 52 53
3.4392 -2.3838 7.5120 48 65 68
3.6004 -2.3838 7.5120 72 77 82
13.4551 -8.4987 26.7820 52 53 49
21.5124 -13.0315 41.0660 48 31 47
-13.6404 -8.4545 26.7820 10 18 44
-11.1300 -7.2019 22.8140 17 21 46
-7.3403 -4.9858 15.7940 12 23 46
-4.5945 -3.4115 10.8070 25 23 37
-10.6789 -8.4545 26.7820 17 27 41
-7.2906 -9.2598 29.3330 14 24 40
-8.9276 -17.6777 55.9990 13 28 45
0.1427 -19.4452 61.5980 42 45 44
0.5220 -6.4818 20.5330 36 48 52
1.1957 -7.7780 24.6390 32 39 47
1.9595 -8.8387 27.9990 34 42 39
1.3986 -4.7428 15.0240 45 57 61
1.6799 -4.6298 14.6660 46 49 52
12.2948 -12.9637 41.0660 80 98 105
8.9834 -8.8387 27.9990 73 96 101
11.1510 -10.2343 32.4200 66 85 89
14.0679 -12.1533 38.4990 65 80 75
15.9548 -12.9637 41.0660 35 54 58
19.4256 -14.9578 47.3830 46 45 54
8.8924 -6.4818 20.5330 54 54 58
3.6363 -2.5254 8.0000 52 59 65
3.2331 -2.1368 6.7690 66 58 74
12.8097 -8.1022 25.6660 54 51 46
20.1041 -12.1533 38.4990 49 38 55
-13.7288 -8.4103 26.7820 8 16 44
-11.5974 -7.4400 23.6920 16 18 42
-8.2377 -5.5269 17.6000 17 22 42
-4.5678 -3.2238 10.2660 14 26 42
-4.6584 -3.4543 11.0000 22 20 34
-8.2211 -6.4480 20.5330 18 23 30
-6.8334 -8.4103 26.7820 12 27 44
-9.2049 -17.5853 55.9990 16 23 45
0.4226 -14.8797 47.3830 43 50 54
0.5555 -4.7180 15.0240 32 42 45
2.3995 -12.8959 41.0660 33 41 40
1.6201 -6.2398 19.8700 22 34 36
1.4754 -4.4985 14.3250 29 41 45
2.2193 -5.5269 17.6000 44 46 56
10.4714 -10.7464 34.2210 79 96 99
9.6535 -9.2114 29.3330 63 76 85
11.9964 -10.7464 34.2210 62 72 75
14.3856 -12.0898 38.4990 43 53 56
16.2259 -12.8959 41.0660 44 63 63
17.1747 -12.8959 41.0660 52 54 62
6.1555 -4.3964 14.0000 58 59 55
3.1560 -2.1492 6.8440 54 71 74
4.8898 -3.1711 10.0980 68 68 68
14.8335 -9.2114 29.3330 46 50 43
23.2667 -13.8170 43.9990 47 45 52
-12.9873 -8.0175 25.6660 12 22 40
-10.6235 -6.8720 21.9990 12 27 51
-6.9328 -4.6932 15.0240 17 23 52
-4.5763 -3.2612 10.4400 4 13 36
-5.3499 -4.0088 12.8330 25 28 45
-8.3644 -6.6352 21.2410 17 28 51
-6.9591 -8.7463 27.9990 22 32 46
-8.8352 -17.4929 55.9990 18 28 44
0.5018 -12.8282 41.0660 38 50 52
0.5279 -4.0940 13.1060 30 40 43
2.3766 -12.0263 38.4990 36 47 45
1.4931 -5.4979 17.6000 21 38 43
1.4550 -4.2762 13.6890 38 48 53
5.4495 -12.8282 41.0660 43 56 53
11.6534 -12.0263 38.4990 79 101 104
10.0343 -9.6210 30.7990 71 85 89
12.5824 -11.3187 36.2340 70 77 83
14.2585 -12.0263 38.4990 61 69 66
16.0903 -12.8282 41.0660 7 25 21
18.2561 -13.7444 43.9990 49 56 60
7.4669 -5.3451 17.1110 62 58 61
3.4098 -2.3182 7.4210 46 59 58
4.2323 -2.7489 8.8000 81 81 85
14.1127 -8.7463 27.9990 46 55 46
21.5802 -12.8282 41.0660 46 45 56
-13.0297 -7.9752 25.6660 17 27 41
-11.5192 -7.3618 23.6920 19 23 48
-7.9241 -5.3169 17.1110 18 25 47
-4.7729 -3.3580 10.8070 15 24 36
-5.5826 -4.1610 13.3910 27 31 45
-8.3994 -6.6002 21.2410 13 19 46
-6.9591 -8.7001 27.9990 15 25 41
-9.2049 -17.4005 55.9990 20 24 49
0.2985 -12.7604 41.0660 38 52 56
0.3989 -3.6809 11.8460 35 42 46
2.4402 -11.9628 38.4990 33 40 44
1.4517 -5.3169 17.1110 32 49 50
1.4234 -4.1610 13.3910 39 49 54
5.4495 -12.7604 41.0660 20 35 30
12.4304 -12.7604 41.0660 69 91 94
11.1492 -10.6335 34.2210 68 80 82
12.5824 -11.2589 36.2340 68 75 83
14.2585 -11.9628 38.4990 56 64 61
16.0903 -12.7604 41.0660 44 67 59
18.2561 -13.6718 43.9990 49 55 57
7.4669 -5.3169 17.1110 66 57 62
3.4098 -2.3059 7.4210 45 56 54
4.2323 -2.7344 8.8000 67 66 73
13.4993 -8.3219 26.7820 40 51 47
20.2312 -11.9628 38.4990 46 48 56
-13.0297 -7.9328 25.6660 10 19 31
-11.5192 -7.3227 23.6920 19 22 43
-7.5069 -5.0102 16.2100 15 25 41
-4.7729 -3.3402 10.8070 19 25 38
-5.2615 -3.8854 12.5710 19 23 35
-7.6435 -5.9495 19.2490 19 24 42
-6.6566 -8.2777 26.7820 15 27 45
-10.7352 -19.0386 61.5980 17 28 51
0.0373 -17.3081 55.9990 42 48 50
0.3794 -3.6613 11.8460 33 44 44
2.3564 -11.1992 36.2340 29 36 40
1.3660 -4.8816 15.7940 29 47 45
1.4676 -4.1389 13.3910 35 40 47
3.1048 -7.3227 23.6920 19 32 27
15.1990 -15.8656 51.3320 75 99 109
9.7801 -9.5193 30.7990 49 82 84
13.1148 -11.8992 38.4990 57 73 83
13.9408 -11.8992 38.4990 62 67 55
15.8192 -12.6926 41.0660 45 58 55
17.8931 -13.5991 43.9990 68 62 64
10.5892 -7.6154 24.6390 46 48 58
4.7109 -3.2268 10.4400 69 57 72
3.1757 -2.0693 6.6950 76 63 81
11.3110 -7.0513 22.8140 67 66 51
17.7572 -10.5770 34.2210 50 38 36
-12.2231 -7.2836 23.6920 23 29 56
-12.6484 -7.8905 25.6660 15 24 36
-10.3693 -6.7631 21.9990 12 18 31
-5.2095 -3.5729 11.6220 17 22 40
-5.1548 -3.7131 12.0780 29 33 45
-6.7480 -5.1181 16.6480 20 28 43
-8.4087 -6.7631 21.9990 9 17 36
-10.2215 -17.2157 55.9990 14 24 40
0.0342 -15.7809 51.3320 43 51 52
0.2988 -3.8647 12.5710 40 53 50
0.7219 -4.7344 15.4000 33 44 44
1.8386 -7.8905 25.6660 16 27 23
1.2417 -4.0292 13.1060 33 39 50
1.7457 -4.6188 15.0240 36 43 51
6.6005 -14.5669 47.3830 31 45 36
12.4304 -12.6249 41.0660 106 129 123
11.8050 -11.1394 36.2340 74 86 90
14.2604 -12.6249 41.0660 62 67 76
15.2092 -12.6249 41.0660 50 61 59
17.2395 -13.5265 43.9990 41 74 57
18.2561 -13.5265 43.9990 59 59 63
8.3998 -5.9177 19.2490 57 48 51
3.7737 -2.5249 8.2130 57 68 64
4.7781 -3.0543 9.9350 66 65 76
12.9368 -7.8905 25.6660 40 45 61
19.0410 -11.1394 36.2340 44 46 52
-12.5083 -7.5341 24.6390 11 16 32
-11.9797 -7.5341 24.6390 9 12 29
-7.7097 -5.0906 16.6480 7 20 29
-5.2317 -3.6222 11.8460 16 26 40
-5.6047 -4.0947 13.3910 15 19 31
-7.4120 -5.7077 18.6660 16 24 41
-6.6566 -8.1893 26.7820 13 29 48
-9.7594 -17.1233 55.9990 17 30 55
0.3434 -11.7722 38.4990 31 46 45
0.3341 -3.3636 11.0000 36 49 46
1.9431 -10.4640 34.2210 37 43 45
1.3770 -5.3817 17.6000 31 43 33
1.3005 -3.9241 12.8330 33 44 53
1.9905 -4.9567 16.2100 60 65 72
14.9854 -18.8353 61.5980 37 61 63
11.2070 -11.0796 36.2340 68 97 98
13.6504 -12.5571 41.0660 32 49 61
14.5315 -12.5571 41.0660 62 65 68
15.4803 -12.5571 41.0660 47 65 59
17.5300 -13.4539 43.9990 35 63 50
17.2425 -12.5571 41.0660 65 59 65
6.8219 -4.7090 15.4000 68 52 57
3.2144 -2.1163 6.9210 70 80 83
7.7002 -4.8295 15.7940 39 38 38
14.2514 -8.5615 27.9990 29 34 43
-10.7627 -6.2447 20.5330 17 21 44
-12.9026 -7.8057 25.6660 11 14 31
-11.8170 -7.4934 24.6390 5 15 31
-7.0555 -4.6836 15.4000 14 19 39
-5.2545 -3.6733 12.0780 14 29 53
-5.9247 -4.3566 14.3250 8 17 27
-7.2888 -5.6769 18.6660 14 22 48
-8.1764 -13.3813 43.9990 15 25 53
0.1098 -14.4105 47.3830 37 49 51
0.3146 -3.5346 11.6220 33 46 41
0.8832 -5.3527 17.6000 31 38 44
1.6972 -7.2054 23.6920 31 42 38
1.2158 -3.9029 12.8330 34 38 50
1.7457 -4.5692 15.0240 33 39 50
4.2904 -9.3668 30.7990 31 42 38
13.3182 -13.3813 43.9990 74 92 88
13.3793 -12.4893 41.0660 57 67 70
15.2789 -13.3813 43.9990 57 64 72
15.2092 -12.4893 41.0660 60 71 69
17.2395 -13.3813 43.9990 13 44 30
18.2561 -13.3813 43.9990 58 64 66
9.2691 -6.4600 21.2410 59 74 60
3.9865 -2.6386 8.6760 60 67 71
5.1975 -3.2867 10.8070 56 58 68
12.9368 -7.8057 25.6660 47 51 63
17.9831 -10.4076 34.2210 40 35 43
-12.0275 -7.1663 23.6920 18 28 35
-13.0216 -8.1010 26.7820 10 11 24
-8.1506 -5.3236 17.6000 2 16 22
-5.5519 -3.8024 12.5710 15 26 37
-5.7294 -4.1406 13.6890 23 28 37
-6.7945 -5.1757 17.1110 11 21 37
-8.1735 -12.4215 41.0660 11 19 38
-9.1155 -15.5268 51.3320 10 26 47
0.2798 -11.6451 38.4990 34 49 48
0.3401 -3.2123 10.6200 34 45 43
1.5687 -8.8726 29.3330 34 39 46
1.2415 -4.9032 16.2100 29 40 36
1.2325 -3.8024 12.5710 32 39 47
1.9638 -4.9032 16.2100 49 50 63
3.8192 -8.1010 26.7820 36 43 37
13.9930 -16.9384 55.9990 45 70 63
12.1617 -11.6451 38.4990 62 91 90
17.4017 -15.5268 51.3320 41 65 63
14.8026 -12.4215 41.0660 57 67 51
16.8764 -13.3087 43.9990 34 53 41
19.1910 -14.3323 47.3830 52 67 64
14.6509 -10.3511 34.2210 51 66 63
6.2941 -4.2347 14.0000 51 64 73
3.9621 -2.5178 8.3240 59 57 87
11.7854 -7.1663 23.6920 46 52 54
16.0324 -9.3160 30.7990 36 35 44
-11.3133 -6.6179 21.9990 21 32 41
-13.1542 -8.0568 26.7820 11 16 23
-11.5730 -7.4121 24.6390 18 17 21
-6.2524 -4.2116 14.0000 13 23 30
-5.5719 -3.9426 13.1060 13 31 38
-6.3498 -4.7513 15.7940 19 27 42
-8.0839 -6.3899 21.2410 14 26 44
-6.9128 -10.9002 36.2340 18 24 51
-0.1475 -16.8460 55.9990 33 50 53
0.4203 -6.1769 20.5330 29 41 45
1.7417 -8.0568 26.7820 29 35 33
1.1311 -3.8605 12.8330 38 41 42
1.4676 -4.0284 13.3910 39 52 51
2.7247 -6.1769 20.5330 30 40 43
7.3043 -14.2541 47.3830 37 47 50
11.7805 -11.5816 38.4990 75 92 95
15.5155 -14.2541 47.3830 57 67 74
15.4241 -13.2361 43.9990 61 66 71
15.2770 -12.3538 41.0660 50 64 66
18.7218 -14.2541 47.3830 34 53 53
19.7384 -14.2541 47.3830 53 58 65
9.6725 -6.6179 21.9990 31 44 39
3.4466 -2.2324 7.4210 106 108 118
9.7530 -5.9774 19.8700 40 53 38
13.7203 -8.0568 26.7820 35 43 40
-10.3824 -5.9446 19.8700 19 31 47
-12.3050 -7.3714 24.6390 7 8 23
-13.3823 -8.3767 27.9990 10 11 24
-7.1839 -4.7252 15.7940 19 26 30
-6.0675 -4.1885 14.0000 9 26 40
-6.3184 -4.6073 15.4000 15 26 37
-6.6533 -5.1192 17.1110 16 27 48
-7.5355 -11.5180 38.4990 16 23 47
-10.7352 -18.4287 61.5980 10 24 44
0.3983 -7.6787 25.6660 29 43 49
1.8505 -9.2144 30.7990 35 41 41
1.1140 -4.0063 13.3910 32 35 38
1.3429 -3.8393 12.8330 34 40 53
2.3144 -5.4202 18.1170 35 38 41
3.8295 -7.6787 25.6660 36 43 51
12.8268 -15.3574 51.3320 36 49 44
12.0346 -11.5180 38.4990 47 89 88
18.7990 -16.7536 55.9990 49 72 64
15.7146 -13.1635 43.9990 57 64 58
15.6159 -12.2860 41.0660 48 66 60
19.0346 -14.1759 47.3830 27 46 46
20.1295 -14.1759 47.3830 53 63 68
9.1635 -6.1430 20.5330 59 71 61
10.4610 -6.3548 21.2410 36 39 38
13.7645 -8.0126 26.7820 34 41 35
-10.3168 -5.9119 19.8700 10 25 38
-12.7755 -7.6363 25.6660 8 13 20
-13.9230 -8.7274 29.3330 13 11 20
-7.9763 -5.2365 17.6000 8 15 19
-6.4617 -4.4700 15.0240 14 26 40
-6.4540 -4.6991 15.7940 18 28 44
-7.1963 -5.5536 18.6660 12 26 46
-7.0324 -10.7806 36.2340 18 22 47
-0.2639 -18.3271 61.5980 22 43 49
0.5037 -8.7274 29.3330 44 56 62
1.0313 -6.5453 21.9990 45 56 54
1.4031 -6.1091 20.5330 36 43 47
1.1495 -3.7402 12.5710 31 30 39
1.6172 -4.2621 14.3250 36 47 47
2.6179 -5.7271 19.2490 31 41 44
8.2520 -15.2726 51.3320 37 43 41
12.4982 -12.2182 41.0660 64 85 91
16.7239 -15.2726 51.3320 61 68 76
17.8253 -15.2726 51.3320 67 76 69
15.2092 -12.2182 41.0660 50 67 70
17.2395 -13.0909 43.9990 40 58 56
19.6602 -14.0977 47.3830 57 59 65
12.2181 -8.3305 27.9990 30 56 54
6.2816 -3.8994 13.1060 59 67 68
11.8636 -7.0490 23.6920 57 50 61
14.0297 -7.9684 26.7820 53 49 50
-11.2407 -6.5090 21.9990 31 46 43
-14.3103 -8.6789 29.3330 16 18 24
-11.4917 -7.2901 24.6390 15 17 27
-6.8268 -4.5565 15.4000 17 19 27
-6.4964 -4.5565 15.4000 5 14 24
-6.4635 -4.7962 16.2100 4 7 28
-7.0423 -5.5228 18.6660 15 25 39
-7.2178 -11.3910 38.4990 14 24 42
0.0342 -15.1879 51.3320 33 47 49
0.6414 -7.0099 23.6920 36 47 47
1.4974 -8.2842 27.9990 28 30 36
1.0971 -4.2384 14.3250 29 37 38
1.2325 -3.7195 12.5710 24 35 44
2.1322 -5.2074 17.6000 49 51 59
2.9281 -6.0752 20.5330 40 46 46
8.5909 -15.1879 51.3320 45 53 54
15.1143 -15.1879 51.3320 65 90 95
13.0404 -12.1505 41.0660 64 83 87
17.4017 -15.1879 51.3320 54 67 62
13.9408 -11.3910 38.4990 51 62 58
14.7668 -11.3910 38.4990 44 64 61
16.7003 -12.1505 41.0660 47 65 61
18.8371 -13.0183 43.9990 49 69 66
8.4227 -5.5228 18.6660 58 63 53
10.4610 -6.2847 21.2410 60 53 45
12.7038 -7.2901 24.6390 51 49 56
-9.9944 -5.6636 19.2490 11 16 32
-12.2237 -7.2494 24.6390 11 13 19
-14.6189 -9.0619 30.7990 19 14 24
-8.4286 -5.4920 18.6660 18 25 29
-6.9718 -4.7694 16.2100 15 25 30
-6.5973 -4.7694 16.2100 10 19 31
-6.7854 -5.1784 17.6000 14 24 38
-11.3306 -16.4764 55.9990 9 26 42
-9.2002 -15.1032 51.3320 7 22 39
0.4340 -12.0827 41.0660 31 41 46
0.7089 -5.1784 17.6000 18 26 23
1.5210 -7.2494 24.6390 31 38 42
1.1119 -3.8561 13.1060 37 40 39
1.4550 -4.0277 13.6890 34 41 49
2.4154 -5.4920 18.6660 32 40 41
2.9975 -5.8463 19.8700 32 39 47
12.4439 -18.1238 61.5980 34 44 51
13.9515 -13.9413 47.3830 68 93 98
13.0404 -12.0827 41.0660 65 81 89
17.4017 -15.1032 51.3320 61 69 66
13.9408 -11.3274 38.4990 61 72 68
14.7668 -11.3274 38.4990 56 73 74
16.7003 -12.0827 41.0660 50 63 60
20.2859 -13.9413 47.3830 42 60 58
9.5846 -6.2497 21.2410 82 83 74
10.4610 -6.2497 21.2410 54 47 37
12.7038 -7.2494 24.6390 26 25 27
-9.9944 -5.6318 19.2490 7 12 28
-12.2237 -7.2088 24.6390 6 9 10
-14.6189 -9.0111 30.7990 18 13 21
-9.2716 -6.0075 20.5330 17 25 26
-7.3593 -5.0063 17.1110 17 24 28
-6.5973 -4.7427 16.2100 5 14 26
-6.7854 -5.1493 17.6000 10 19 29
-9.5090 -13.8631 47.3830 15 27 43
-9.2002 -15.0185 51.3320 4 20 39
0.5790 -13.8631 47.3830 35 42 50
1.2113 -7.8358 26.7820 20 26 26
1.1693 -5.0063 17.1110 33 40 48
1.1287 -3.6780 12.5710 37 37 41
1.7386 -4.5057 15.4000 29 39 42
2.5078 -5.4612 18.6660 25 33 34
3.8796 -7.2088 24.6390 43 50 54
12.7489 -18.0221 61.5980 41 55 57
11.5898 -11.2639 38.4990 67 84 89
16.5545 -15.0185 51.3320 60 72 78
15.2062 -12.8731 43.9990 53 64 62
14.1314 -11.2639 38.4990 54 68 59
13.2954 -10.0122 34.2210 48 74 72
18.1109 -12.8731 43.9990 46 45 47
15.6921 -10.6012 36.2340 57 68 66
6.3739 -3.9179 13.3910 38 54 64
10.9432 -6.4364 21.9990 63 61 53
12.3328 -6.9317 23.6920 34 31 28
-10.2184 -5.7807 19.8700 6 12 14
-12.6061 -7.4669 25.6660 18 18 20
-13.7778 -8.5337 29.3330 25 25 29
-8.3362 -5.4304 18.6660 17 17 19
-7.2746 -4.9780 17.1110 20 15 27
-6.3498 -4.5949 15.7940 7 17 33
-6.8950 -5.2707 18.1170 14 18 32
-4.7076 -4.5949 15.7940 4 21 35
-7.5636 -11.9472 41.0660 14 34 49
0.3198 -12.8004 43.9990 27 32 37
1.4594 -10.5414 36.2340 20 26 26
1.3014 -5.9736 20.5330 23 33 38
1.0887 -3.7335 12.8330 32 38 36
1.5112 -4.0730 14.0000 28 40 44
2.3443 -5.2707 18.1170 31 42 42
2.8467 -5.4304 18.6660 36 38 46
12.4439 -17.9205 61.5980 48 58 65
12.8825 -12.8004 43.9990 56 81 88
12.9048 -11.9472 41.0660 58 80 90
15.9848 -13.7849 47.3830 53 60 54
13.8137 -11.2004 38.4990 54 65 61
12.3816 -9.4318 32.4200 63 69 69
14.6157 -10.5414 36.2340 35 53 49
20.2077 -13.7849 47.3830 77 80 83
11.4966 -7.4669 25.6660 58 66 51
9.9768 -5.9736 20.5330 60 63 66
11.1611 -6.4001 21.9990 46 47 38
13.0698 -7.1681 24.6390 39 52 47
-10.0217 -5.7479 19.8700 14 13 15
-14.8222 -8.9094 30.7990 20 20 22
-11.8012 -7.4245 25.6660 20 25 32
-7.9116 -5.2408 18.1170 4 14 19
-7.1052 -4.9498 17.1110 10 13 16
-6.5282 -4.8159 16.6480 5 14 24
-6.3427 -4.9498 17.1110 10 19 40
-8.0380 -11.8794 41.0660 19 26 48
-0.2199 -14.8491 51.3320 28 45 50
0.8136 -13.7067 47.3830 25 32 40
1.4594 -10.4816 36.2340 19 25 23
1.3112 -6.1445 21.2410 19 26 30
1.0887 -3.7123 12.8330 30 36 36
1.5589 -4.2425 14.6660 32 42 47
2.3443 -5.2408 18.1170 32 43 43
2.5813 -4.9498 17.1110 45 53 54
9.7416 -16.1991 55.9990 57 68 77
13.7951 -13.7067 47.3830 54 75 81
12.9048 -11.8794 41.0660 57 81 91
15.9066 -13.7067 47.3830 43 53 41
13.8137 -11.1368 38.4990 51 67 58
12.3281 -9.3783 32.4200 57 63 63
14.6157 -10.4816 36.2340 31 46 43
21.8071 -14.8491 51.3320 58 61 60
11.4966 -7.4245 25.6660 57 72 56
8.2858 -4.9498 17.1110 58 58 62
11.1611 -6.3638 21.9990 42 43 34
12.0641 -6.5995 22.8140 27 45 39
-10.0217 -5.7151 19.8700 19 18 20
-14.1651 -8.4369 29.3330 12 11 13
-12.3144 -7.7032 26.7820 14 19 26
-8.4377 -5.5365 19.2490 10 18 19
-7.3082 -5.0622 17.6000 7 10 13
-6.5557 -4.7884 16.6480 12 20 21
-6.1710 -4.7884 16.6480 12 22 40
-9.3526 -13.6286 47.3830 18 25 47
-0.2199 -14.7644 51.3320 25 43 50
0.8136 -13.6286 47.3830 26 33 39
1.6540 -11.8116 41.0660 23 29 27
1.3112 -6.1095 21.2410 25 32 36
1.0887 -3.6911 12.8330 25 31 31
1.5970 -4.3213 15.0240 19 29 34
2.3443 -5.2109 18.1170 31 39 40
2.5813 -4.9216 17.1110 29 37 38
9.7416 -16.1067 55.9990 28 39 48
12.8099 -12.6552 43.9990 56 73 78
12.9048 -11.8116 41.0660 53 77 87
15.9066 -13.6286 47.3830 47 60 47
13.0010 -10.4218 36.2340 55 71 62
11.7117 -8.8586 30.7990 57 63 65
13.7472 -9.8428 34.2210 31 51 44
20.1295 -13.6286 47.3830 56 60 53
11.4542 -7.3822 25.6660 46 65 55
6.2599 -3.7696 13.1060 53 71 78
9.0421 -5.2109 18.1170 59 72 69
11.0920 -6.1095 21.2410 31 43 35
-9.5685 -5.3380 18.6660 16 16 18
-12.0610 -7.0461 24.6390 26 22 23
-14.4156 -8.8077 30.7990 19 25 27
-8.8411 -5.6823 19.8700 16 19 22
-7.6724 -5.1810 18.1170 16 5 13
-6.6656 -4.7609 16.6480 6 19 30
-6.6692 -5.0332 17.6000 9 12 29
-3.7850 -3.3877 11.8460 7 18 39
-4.5393 -4.4040 15.4000 11 31 46
-6.0845 -6.5242 22.8140 10 27 41
-11.2381 -16.0143 55.9990 15 23 38
-0.4248 -16.0143 55.9990 50 78 111
0.6572 -13.5504 47.3830 19 26 32
1.4235 -11.0098 38.4990 21 27 25
1.2854 -6.2912 21.9990 22 30 31
1.0686 -3.7480 13.1060 34 40 42
1.5105 -4.1941 14.6660 29 40 40
2.2845 -5.1810 18.1170 34 39 44
2.3918 -4.6357 16.2100 35 44 37
6.5702 -11.0098 38.4990 37 49 55
13.1555 -17.6155 61.5980 41 66 57
9.7598 -9.2713 32.4200 37 61 59
15.2809 -13.5504 47.3830 54 68 74
13.3054 -11.0098 38.4990 53 56 55
11.9001 -9.2713 32.4200 50 54 47
10.4494 -7.6590 26.7820 49 56 50
14.9147 -10.3620 36.2340 56 64 63
14.0938 -9.2713 32.4200 43 57 61
8.5151 -5.3380 18.6660 57 53 56
7.9565 -4.6357 16.2100 49 54 63
10.5190 -5.8719 20.5330 39 46 40
-9.1672 -5.0041 17.6000 12 21 33
-9.6132 -5.4730 19.2490 15 11 12
-13.9715 -8.3401 29.3330 23 22 22
-11.2070 -7.0055 24.6390 17 20 21
-8.6115 -5.6495 19.8700 4 7 8
-7.2211 -5.0041 17.6000 3 6 7
-6.6533 -4.8651 17.1110 3 14 23
-5.7763 -4.4906 15.7940 16 26 40
-4.2653 -3.9805 14.0000 11 25 47
-4.3360 -4.3786 15.4000 19 29 43
-8.2719 -9.2178 32.4200 8 27 45
-7.6991 -11.6761 41.0660 15 29 51
0.1746 -12.5100 43.9990 22 29 33
1.1912 -12.5100 43.9990 21 29 30
1.6607 -9.7299 34.2210 24 23 25
1.0262 -4.0730 14.3250 35 43 42
1.2743 -3.8921 13.6890 28 33 40
2.2367 -5.4730 19.2490 29 40 40
2.1741 -4.4906 15.7940 40 48 49
2.9124 -5.1511 18.1170 42 47 56
10.2037 -15.9219 55.9990 35 49 51
13.5605 -13.4722 47.3830 56 74 70
11.1472 -10.3022 36.2340 61 81 76
15.6719 -13.4722 47.3830 37 58 47
12.7618 -10.3022 36.2340 57 67 53
11.0090 -8.3401 29.3330 40 63 57
11.6384 -8.3401 29.3330 49 56 50
18.4740 -12.5100 43.9990 51 54 57
12.3568 -7.9608 27.9990 67 75 74
3.9874 -2.4324 8.5550 50 50 54
6.0472 -3.5029 12.3200 52 62 65
10.2121 -5.6495 19.8700 32 38 36
-9.1672 -4.9751 17.6000 14 26 32
-9.8905 -5.6167 19.8700 20 17 14
-13.9715 -8.2917 29.3330 24 23 23
-11.1664 -6.9648 24.6390 9 12 13
-8.3106 -5.4412 19.2490 12 8 9
-7.1920 -4.9751 17.6000 9 12 13
-6.6251 -4.8368 17.1110 2 11 21
-5.4699 -4.2469 15.0240 8 16 31
-3.5506 -3.2245 11.4070 7 17 47
-4.3293 -4.2469 15.0240 14 28 34
-5.4762 -5.8042 20.5330 14 26 42
-12.3618 -17.4122 61.5980 21 31 47
-0.3324 -15.8295 55.9990 48 90 134
0.7967 -14.5103 51.3320 21 27 29
1.6995 -12.4374 43.9990 20 28 25
1.1215 -5.2764 18.6660 22 28 30
1.1388 -3.8695 13.6890 60 66 66
1.6963 -4.5822 16.2100 32 41 34
2.2484 -4.9751 17.6000 41 47 47
2.2977 -4.3532 15.4000 36 43 49
5.3070 -8.7061 30.7990 39 51 57
12.9522 -17.4122 61.5980 48 64 53
10.7884 -10.2424 36.2340 52 76 74
14.0444 -12.4374 43.9990 50 71 77
12.4030 -10.2424 36.2340 41 54 41
11.7931 -9.1643 32.4200 44 67 63
9.5320 -6.9648 24.6390 59 70 66
12.5759 -8.7061 30.7990 39 42 43
14.7638 -9.6734 34.2210 52 53 49
9.2990 -5.8042 20.5330 64 59 55
4.4217 -2.5989 9.1940 54 58 70
6.3156 -3.5535 12.5710 46 49 50
10.1153 -5.4412 19.2490 28 41 40
-8.9639 -4.9460 17.6000 18 18 18
-11.5192 -6.6580 23.6920 17 20 19
-13.6326 -8.2433 29.3330 12 12 14
-9.0683 -5.7703 20.5330 9 10 6
-7.8433 -5.2456 18.6660 4 6 12
-6.9887 -4.9460 17.6000 4 9 14
-6.2535 -4.6785 16.6480 15 18 37
-4.8257 -3.8469 13.6890 15 20 38
-3.9064 -3.6831 13.1060 6 21 38
-4.7047 -4.8086 17.1110 12 29 43
-8.6750 -9.6169 34.2210 12 26 46
-11.2435 -17.3105 61.5980 12 26 46
0.6272 -14.4255 51.3320 34 41 45
1.5543 -12.3648 43.9990 25 28 27
1.1282 -5.5840 19.8700 36 39 42
1.0936 -3.8469 13.6890 32 32 36
1.6006 -4.4385 15.7940 33 39 39
2.2546 -5.0913 18.1170 35 41 43
2.1921 -4.2221 15.0240 39 47 46
3.8558 -6.4113 22.8140 45 56 56
7.3327 -10.8192 38.4990 66 77 77
10.9630 -14.4255 51.3320 27 47 42
9.2718 -8.6553 30.7990 43 61 59
14.1896 -12.3648 43.9990 41 60 64
11.8269 -9.6169 34.2210 49 59 47
11.3051 -8.6553 30.7990 47 65 59
9.6133 -6.9242 24.6390 57 64 56
14.0861 -9.6169 34.2210 39 47 48
14.0938 -9.1108 32.4200 46 46 48
7.3947 -4.5554 16.2100 67 56 64
4.7833 -2.7479 9.7780 71 83 87
8.5012 -4.6785 16.6480 22 37 52
-8.6989 -4.6510 16.6480 7 12 17
-9.3528 -5.2148 18.6660 26 23 20
-13.3823 -7.8222 27.9990 17 15 22
-12.2260 -7.4822 26.7820 10 10 14
-8.6115 -5.5512 19.8700 12 11 11
-7.6892 -5.2148 18.6660 6 6 6
-6.8435 -4.9170 17.6000 0 9 16
-5.6576 -4.3024 15.4000 3 8 24
-3.7128 -3.4419 12.3200 5 19 41
-4.4208 -4.4124 15.7940 12 24 38
-6.5910 -7.1704 25.6660 9 27 50
-10.4988 -15.6447 55.9990 14 26 44
0.4578 -14.3408 51.3320 22 29 35
1.3364 -12.2922 43.9990 23 26 27
1.1360 -5.9342 21.2410 22 25 26
1.0491 -3.9112 14.0000 34 36 42
1.6322 -4.6510 16.6480 28 33 38
2.5382 -5.9342 21.2410 27 37 42
2.1961 -4.3024 15.4000 32 45 42
2.9722 -5.0614 18.1170 44 55 55
7.2056 -10.7556 38.4990 42 60 54
10.7088 -14.3408 51.3320 42 58 49
10.1890 -9.5605 34.2210 56 79 73
14.0444 -12.2922 43.9990 42 60 67
12.4030 -10.1228 36.2340 47 63 52
11.2034 -8.6044 30.7990 46 68 67
9.1656 -6.6189 23.6920 54 68 59
11.4326 -7.8222 27.9990 39 44 49
13.9868 -9.0573 32.4200 62 63 57
9.2990 -5.7364 20.5330 64 55 60
3.0863 -1.8115 6.4840 69 76 84
5.1406 -2.8681 10.2660 60 65 72
8.6936 -4.6510 16.6480 30 41 41
-8.9930 -4.8879 17.6000 26 26 28
-10.3976 -5.8991 21.2410 22 26 19
-13.6810 -8.1465 29.3330 12 10 17
-9.4511 -5.8991 21.2410 7 7 3
-8.3820 -5.5184 19.8700 6 9 12
-7.0468 -4.8879 17.6000 6 5 9
-6.1157 -4.5019 16.2100 6 8 16
-4.7648 -3.7190 13.3910 9 19 33
-3.3513 -3.0550 11.0000 4 18 38
-4.3614 -4.2769 15.4000 15 25 39
-5.9339 -6.3360 22.8140 4 23 43
-7.3803 -17.1072 61.5980 199 213 235
0.5425 -14.2561 51.3320 29 37 38
1.4090 -12.2196 43.9990 22 25 26
1.0612 -5.3459 19.2490 23 26 27
1.1232 -4.0731 14.6660 37 37 41
1.8608 -5.1840 18.6660 33 33 37
2.8702 -6.5798 23.6920 38 45 51
2.1673 -4.1725 15.0240 33 44 42
3.0931 -5.1840 18.6660 58 71 70
4.3076 -6.3360 22.8140 41 49 50
8.6349 -11.4050 41.0660 49 62 59
9.5993 -9.0038 32.4200 60 83 77
13.0404 -11.4050 41.0660 48 66 73
11.6575 -9.5040 34.2210 36 52 41
11.1526 -8.5536 30.7990 52 66 70
8.4743 -6.1096 21.9990 61 74 69
10.8914 -7.4380 26.7820 33 38 45
13.2367 -8.5536 30.7990 50 57 51
9.9266 -6.1096 21.9990 70 61 64
2.8645 -1.6772 6.0390 72 90 86
3.7244 -2.0863 7.5120 40 45 61
7.2646 -3.8881 14.0000 27 41 45
-8.3630 -4.4752 16.2100 19 20 14
-9.7921 -5.4856 19.8700 17 21 14
-12.6238 -7.3938 26.7820 29 25 28
-10.2263 -6.2983 22.8140 12 13 9
-8.4804 -5.4856 19.8700 9 5 6
-7.3136 -5.0016 18.1170 7 6 8
-6.5404 -4.7239 17.1110 10 10 14
-4.9387 -3.7792 13.6890 17 23 36
-2.9800 -2.6572 9.6250 10 24 44
-4.2261 -4.0489 14.6660 3 14 23
-5.6300 -5.8641 21.2410 15 25 43
-10.7180 -12.1470 43.9990 10 27 43
0.2884 -14.1714 51.3320 25 29 41
1.2828 -13.0812 47.3830 27 27 29
1.1448 -6.2983 22.8140 36 36 36
1.0506 -4.0489 14.6660 32 40 41
1.6211 -4.7239 17.1110 34 39 44
2.8629 -6.8022 24.6390 41 52 50
2.3191 -4.5961 16.6480 38 49 49
2.3577 -4.0489 14.6660 42 47 52
2.3595 -3.5429 12.8330 47 62 61
5.0588 -6.8022 24.6390 45 56 54
13.5309 -15.4599 55.9990 39 49 52
11.0180 -10.6286 38.4990 69 86 70
11.2070 -10.0033 36.2340 61 74 57
13.5826 -11.3372 41.0660 27 45 41
11.4720 -8.9503 32.4200 60 61 55
9.2473 -6.8022 24.6390 41 49 50
9.0895 -6.2983 22.8140 57 60 59
13.6123 -8.9503 32.4200 28 43 42
10.9146 -6.8022 24.6390 54 54 54
3.3777 -2.0007 7.2470 56 62 73
3.4243 -1.9325 7.0000 42 48 59
6.2274 -3.3344 12.0780 35 49 53
-8.3897 -4.4484 16.2100 18 19 15
-9.2604 -5.1224 18.6660 17 21 14
-12.6680 -7.3496 26.7820 18 17 24
-10.6981 -6.5016 23.6920 13 14 10
-8.5132 -5.4528 19.8700 7 3 4
-7.5968 -5.1224 18.6660 7 6 6
-6.7563 -4.8299 17.6000 9 8 15
-5.1918 -3.9311 14.3250 13 19 32
-2.4348 -2.1131 7.7000 15 25 43
-4.1266 -3.8419 14.0000 8 13 29
-5.0707 -5.1224 18.6660 10 22 36
-7.7058 -8.4520 30.7990 12 27 44
-6.2474 -15.3674 55.9990 61 102 139
0.2884 -14.0867 51.3320 21 27 38
1.1796 -11.2695 41.0660 40 40 42
1.0659 -5.8290 21.2410 31 34 33
1.0762 -4.1229 15.0240 39 47 48
1.7684 -5.1224 18.6660 36 38 44
2.9823 -7.0434 25.6660 32 43 43
2.5237 -4.9717 18.1170 35 47 49
2.3577 -4.0247 14.6660 39 46 54
2.3595 -3.5217 12.8330 38 55 58
5.0588 -6.7615 24.6390 53 64 64
13.5309 -15.3674 55.9990 39 46 50
10.4894 -9.9435 36.2340 63 82 70
12.0346 -10.5650 38.4990 53 75 59
12.8606 -10.5650 38.4990 47 61 50
11.0001 -8.4520 30.7990 62 61 63
8.6377 -6.2607 22.8140 44 50 50
9.1648 -6.2607 22.8140 45 49 44
12.4130 -8.0497 29.3330 43 61 59
10.1814 -6.2607 22.8140 56 48 47
2.8914 -1.6904 6.1600 54 73 77
3.1598 -1.7607 6.4160 46 56 59
6.2075 -3.3145 12.0780 48 63 60
-8.2005 -4.3082 15.7940 13 9 12
-9.0179 -4.9418 18.1170 20 24 17
-12.1825 -7.0010 25.6660 20 19 26
-10.7372 -6.4625 23.6920 9 13 8
-8.2789 -5.2506 19.2490 16 8 7
-7.6276 -5.0916 18.6660 6 6 2
-6.7854 -4.8008 17.6000 6 4 11
-5.0971 -3.8188 14.0000 11 17 30
-2.2884 -1.8669 6.8440 16 24 41
-2.2946 -2.0002 7.3330 8 18 36
-4.1515 -3.9075 14.3250 3 13 20
-5.1655 -5.2506 19.2490 11 19 36
-8.3926 -9.3346 34.2210 12 29 45
-6.2474 -15.2750 55.9990 86 122 157
0.4070 -15.2750 55.9990 27 32 37
1.1796 -11.2017 41.0660 30 33 34
0.9977 -5.2506 19.2490 28 31 30
1.1286 -4.2007 15.4000 32 39 43
1.8554 -5.2506 19.2490 32 37 42
3.0246 -7.0010 25.6660 32 43 43
2.4118 -4.6674 17.1110 33 47 49
2.0842 -3.5005 12.8330 35 47 51
1.7697 -2.6254 9.6250 90 111 117
3.5414 -4.6674 17.1110 54 65 65
10.8234 -12.9248 47.3830 47 59 63
6.1548 -6.4625 23.6920 70 90 87
10.4714 -9.3346 34.2210 59 73 64
13.5148 -11.2017 41.0660 40 52 54
11.3650 -8.8433 32.4200 54 55 49
8.5247 -6.2230 22.8140 50 63 58
8.1129 -5.6009 20.5330 40 47 39
11.2008 -7.3054 26.7820 39 46 38
10.4169 -6.4625 23.6920 58 61 62
3.4888 -2.0491 7.5120 55 54 63
2.6962 -1.5136 5.5490 48 52 66
4.6259 -2.4711 9.0590 53 86 60
-7.8503 -4.0734 15.0240 14 10 15
-8.5454 -4.6392 17.1110 26 26 22
-10.9041 -6.1854 22.8140 15 14 21
-10.0062 -5.9644 21.9990 11 12 8
-8.0897 -5.0608 18.6660 8 3 1
-7.6584 -5.0608 18.6660 9 9 5
-7.0445 -4.9119 18.1170 6 5 12
-5.3637 -3.9763 14.6660 10 15 31
-2.4640 -1.9881 7.3330 13 18 36
-2.2946 -1.9881 7.3330 1 9 24
-4.2745 -3.9763 14.6660 7 9 17
-5.1655 -5.2188 19.2490 8 13 29
-7.2422 -7.9528 29.3330 12 29 43
-4.4221 -10.4380 38.4990 190 222 255
-3.5961 -10.4380 38.4990 16 18 24
0.4070 -15.1826 55.9990 25 30 35
1.1058 -10.4380 38.4990 36 39 42
0.9390 -4.9119 18.1170 31 31 33
1.1286 -4.1753 15.4000 13 23 26
1.9792 -5.5670 20.5330 32 34 42
3.0246 -6.9586 25.6660 22 32 35
2.1882 -3.9763 14.6660 39 48 60
2.0216 -3.2117 11.8460 36 47 45
2.9386 -3.9763 14.6660 42 54 58
3.5295 -4.2821 15.7940 51 63 65
5.3428 -5.7589 21.2410 40 61 69
9.1702 -8.3503 30.7990 42 65 57
14.0444 -11.9291 43.9990 43 56 65
11.7140 -9.2781 34.2210 38 52 43
9.7422 -7.2612 26.7820 60 65 70
7.6870 -5.3872 19.8700 41 40 40
9.6739 -6.4234 23.6920 34 40 42
10.6299 -6.6802 24.6390 49 56 62
7.9707 -4.7718 17.6000 46 49 50
2.6504 -1.5045 5.5490 55 68 79
3.2361 -1.7580 6.4840 135 152 95
5.4862 -2.8305 10.4400 49 51 61
-8.0441 -4.2561 15.7940 15 20 25
-9.9833 -5.5331 20.5330 21 17 10
-11.4510 -6.6395 24.6390 8 9 5
-8.7755 -5.3544 19.8700 9 9 9
-7.8433 -5.0300 18.6660 9 12 13
-7.1940 -4.8820 18.1170 8 8 12
-6.2535 -4.4862 16.6480 4 9 18
-4.3431 -3.3199 12.3200 19 28 49
-2.1695 -1.7659 6.5530 13 14 27
-2.5293 -2.2132 8.2130 6 11 29
-4.4122 -4.1499 15.4000 7 18 29
-5.0702 -5.1871 19.2490 6 21 36
-8.2796 -9.2216 34.2210 12 27 42
-11.7927 -15.0902 55.9990 12 21 42
-3.6393 -8.2995 30.7990 219 247 255
-1.8298 -5.1871 19.2490 23 23 27
-0.0606 -16.5990 61.5980 55 78 115
1.0482 -12.7684 47.3830 42 48 46
1.1185 -6.9163 25.6660 37 40 43
1.0269 -4.1499 15.4000 23 35 37
1.6966 -5.1871 19.2490 27 32 39
2.8552 -6.9163 25.6660 26 38 40
2.6926 -5.0300 18.6660 38 50 54
1.6364 -2.6349 9.7780 35 50 49
2.7263 -3.3875 12.5710 45 63 61
5.6631 -6.1477 22.8140 40 56 64
9.0685 -8.2995 30.7990 49 78 77
13.0404 -11.0662 41.0660 46 55 65
12.2834 -9.7641 36.2340 36 47 43
9.2939 -6.9163 25.6660 42 40 49
6.7507 -4.7427 17.6000 52 44 41
9.2778 -6.1477 22.8140 34 42 41
10.1431 -6.3843 23.6920 36 46 51
8.1451 -4.8820 18.1170 33 34 30
2.6089 -1.4821 5.5000 52 64 68
2.7269 -1.4821 5.5000 75 99 56
4.0977 -2.1280 7.8970 42 70 74
-7.7015 -4.0238 15.0240 13 16 19
-9.4225 -5.1553 19.2490 35 21 15
-10.2967 -5.8918 21.9990 10 10 6
-8.5648 -5.1553 19.2490 4 3 3
-7.6724 -4.8521 18.1170 39 43 38
-7.0468 -4.7137 17.6000 9 3 5
-6.3084 -4.4587 16.6480 1 3 9
-4.5663 -3.4370 12.8330 16 26 44
-2.2633 -1.8129 6.7690 19 23 48
-2.2557 -1.9409 7.2470 39 35 40
-4.4630 -4.1245 15.4000 7 12 19
-4.8318 -4.8521 18.1170 11 21 35
-6.2945 -6.8739 25.6660 13 28 43
-13.4801 -16.4973 61.5980 16 23 45
-6.4892 -13.7479 51.3320 172 207 249
-1.8183 -4.7137 17.6000 18 34 42
-5.0421 -16.4973 61.5980 16 19 22
0.7767 -14.9978 55.9990 24 32 33
1.0880 -8.2487 30.7990 40 46 46
0.9229 -4.2300 15.7940 28 30 36
1.4060 -4.7137 17.6000 34 36 42
2.2657 -5.8918 21.9990 27 35 36
3.1027 -6.1101 22.8140 25 37 39
1.7195 -2.8944 10.8070 60 72 76
1.5643 -2.1996 8.2130 72 87 100
3.3823 -4.0238 15.0240 44 56 60
5.3077 -5.6888 21.2410 38 54 62
6.8303 -6.1101 22.8140 56 79 73
11.6256 -9.7043 36.2340 41 43 49
11.1510 -8.6828 32.4200 49 58 49
8.3364 -6.1101 22.8140 53 55 61
5.0919 -3.5101 13.1060 39 43 38
9.3531 -6.1101 22.8140 29 34 39
9.1990 -5.6888 21.2410 49 47 54
5.2826 -3.1126 11.6220 54 60 62
2.5896 -1.4470 5.4030 56 67 78
2.9098 -1.5563 5.8110 114 138 56
4.4342 -2.2599 8.4380 45 38 51
-7.8180 -4.0991 15.4000 13 19 19
-9.3590 -5.1235 19.2490 22 8 2
-10.1878 -5.8555 21.9990 10 11 7
-8.5012 -5.1235 19.2490 0 7 0
-7.3663 -4.6846 17.6000 4 7 8
-6.9887 -4.6846 17.6000 8 8 12
-5.7593 -4.0991 15.4000 4 9 18
-4.2578 -3.2148 12.0780 12 21 42
-2.1359 -1.7259 6.4840 23 14 21
-2.4320 -2.1020 7.8970 16 14 21
-4.6175 -4.3147 16.2100 5 17 23
-4.7720 -4.8222 18.1170 16 26 40
-7.0486 -7.8076 29.3330 11 26 41
-8.4251 -10.2474 38.4990 11 20 43
-8.0380 -10.9306 41.0660 17 27 53
-9.7594 -14.9054 55.9990 17 33 43
-3.0741 -6.5582 24.6390 185 216 255
-1.2478 -3.2148 12.0780 29 40 51
-3.2937 -10.9306 41.0660 21 24 27
0.6843 -14.9054 55.9990 42 49 55
1.0880 -8.1978 30.7990 49 52 51
0.8968 -4.2039 15.7940 31 33 39
1.4473 -4.8222 18.1170 30 35 40
1.6871 -4.4312 16.6480 29 31 37
1.8300 -3.8129 14.3250 12 25 24
1.8382 -3.2792 12.3200 30 39 51
1.0995 -1.5917 5.9800 36 57 65
2.5811 -3.3461 12.5710 46 64 62
5.9535 -6.5582 24.6390 47 63 54
7.2954 -6.5582 24.6390 19 48 49
10.3484 -8.6293 32.4200 47 58 56
11.6575 -9.1087 34.2210 44 60 51
8.2988 -6.0725 22.8140 62 64 70
5.0486 -3.4885 13.1060 103 118 100
8.9826 -5.8555 21.9990 47 53 51
9.4546 -5.8555 21.9990 40 36 55
5.5795 -3.2792 12.3200 46 54 53
2.5946 -1.4509 5.4510 52 59 63
2.7206 -1.4509 5.4510 121 150 48
3.6855 -1.8845 7.0800 43 44 59
-7.6767 -3.9742 15.0240 14 20 20
-9.3908 -5.0918 19.2490 28 17 10
-9.9069 -5.6187 21.2410 18 19 13
-8.2746 -4.9376 18.6660 6 3 0
-7.2181 -4.5262 17.1110 6 12 10
-6.8228 -4.5262 17.1110 5 5 7
-5.9588 -4.1779 15.7940 8 14 16
-4.3634 -3.2589 12.3200 16 23 47
-2.2522 -1.7905 6.7690 14 19 39
-2.2438 -1.9170 7.2470 29 20 25
-4.6710 -4.2879 16.2100 14 16 22
-4.6649 -4.6556 17.6000 18 29 40
-5.7713 -6.2671 23.6920 12 27 40
-4.1157 -4.9376 18.6660 16 24 50
-6.1301 -8.1470 30.7990 17 26 47
-5.1605 -7.7592 29.3330 12 27 42
-6.7967 -11.6387 43.9990 15 30 47
-2.8536 -5.8192 21.9990 104 134 180
-1.0932 -2.6711 10.0980 53 71 109
-2.6002 -8.5758 32.4200 26 26 30
0.2444 -16.2940 61.5980 42 55 64
1.1118 -10.8629 41.0660 25 28 31
0.9341 -5.0918 19.2490 22 28 28
1.1926 -4.4038 16.6480 24 34 37
1.7919 -5.0918 19.2490 22 26 40
1.4034 -3.1949 12.0780 22 29 35
2.5536 -4.7923 18.1170 37 49 51
1.0597 -1.5668 5.9230 34 49 62
2.3287 -3.0743 11.6220 46 55 65
2.7532 -3.2589 12.3200 42 55 64
4.5718 -4.9376 18.6660 35 52 55
5.9780 -5.4314 20.5330 37 61 63
6.6398 -5.6187 21.2410 49 73 61
9.8471 -7.7592 29.3330 41 52 48
9.1668 -6.7892 25.6660 60 60 54
4.0384 -2.8092 10.6200 71 76 66
6.6878 -4.4038 16.6480 38 42 37
9.0237 -5.6187 21.2410 41 49 48
6.3930 -3.7893 14.3250 46 49 52
2.5856 -1.4419 5.4510 51 54 57
2.6555 -1.4168 5.3560 43 79 63
3.0931 -1.5818 5.9800 33 47 51
-7.1997 -3.6802 14.0000 16 19 20
-8.6734 -4.6265 17.6000 17 18 9
-9.3330 -5.2233 19.8700 11 12 8
-8.1209 -4.7624 18.1170 15 7 6
-6.8915 -4.2612 16.2100 8 8 8
-6.5438 -4.2612 16.2100 12 8 11
-6.1692 -4.2612 16.2100 7 6 8
-4.5146 -3.3046 12.5710 13 20 42
-2.4069 -1.8829 7.1630 8 18 36
-1.9572 -1.6356 6.2220 39 14 22
-4.7245 -4.2612 16.2100 8 11 14
-4.6200 -4.4980 17.1110 11 21 35
-5.4315 -5.7829 21.9990 5 20 33
-4.3395 -5.0600 19.2490 12 31 49
-6.2317 -8.0962 30.7990 15 26 47
-3.9792 -5.7829 21.9990 14 28 50
-6.9419 -11.5661 43.9990 18 31 56
-4.3659 -8.5223 32.4200 40 54 87
-1.2310 -2.9442 11.2000 35 58 95
-4.3304 -16.1924 61.5980 23 29 31
0.0951 -10.7951 41.0660 23 45 57
0.9762 -10.7951 41.0660 20 27 31
0.7804 -4.3763 16.6480 30 36 34
1.0793 -4.1518 15.7940 25 36 36
1.4442 -4.1518 15.7940 29 38 48
1.0536 -2.4534 9.3330 24 35 35
2.6002 -4.9068 18.6660 54 68 70
1.0108 -1.5570 5.9230 37 50 49
1.4920 -2.0241 7.7000 45 65 76
1.7577 -2.1306 8.1050 39 52 51
5.1324 -5.5837 21.2410 34 49 46
5.0950 -4.6265 17.6000 62 69 75
4.4779 -3.7656 14.3250 46 67 56
6.6376 -5.2233 19.8700 45 58 53
8.4618 -6.2280 23.6920 61 61 55
4.2405 -2.9442 11.2000 46 50 45
7.5601 -4.9068 18.6660 43 44 40
8.7568 -5.3975 20.5330 38 44 55
5.2250 -3.0551 11.6220 42 48 50
2.5946 -1.4329 5.4510 69 68 75
2.6966 -1.4203 5.4030 98 121 71
3.2389 -1.6356 6.2220 51 46 56
-7.6271 -3.9246 15.0240 8 11 12
-9.6281 -5.1905 19.8700 18 10 7
-8.6443 -4.8760 18.6660 9 9 3
-7.5288 -4.4698 17.1110 9 9 5
-6.6104 -4.1257 15.7940 2 5 8
-6.5832 -4.3488 16.6480 9 9 9
-5.6187 -3.9246 15.0240 11 17 19
-4.0024 -2.9798 11.4070 6 14 31
-2.1359 -1.6938 6.4840 21 19 28
-2.7749 -2.3664 9.0590 27 13 26
-4.7423 -4.3488 16.6480 13 20 28
-4.4788 -4.4698 17.1110 15 27 43
-4.3534 -4.7325 18.1170 10 22 40
-3.2630 -3.9246 15.0240 21 32 55
-3.0914 -4.1257 15.7940 18 27 48
-3.7976 -5.7466 21.9990 17 29 43
-7.7600 -13.4090 51.3320 14 25 34
-2.8173 -5.7466 21.9990 75 114 161
-0.7982 -1.9866 7.6050 37 45 62
-2.1009 -6.7045 25.6660 16 19 20
-3.7205 -16.0907 61.5980 22 24 32
-0.8004 -10.0568 38.4990 57 98 135
0.0152 -5.9595 22.8140 44 66 78
0.6656 -7.3139 27.9990 35 43 44
0.6633 -3.8311 14.6660 30 36 34
1.0793 -4.1257 15.7940 22 30 31
1.3168 -3.8311 14.6660 32 38 49
0.9526 -2.2042 8.4380 50 60 63
2.1961 -4.0228 15.4000 39 51 53
0.9667 -1.4114 5.4030 39 58 62
2.1654 -2.8230 10.8070 44 58 60
11.1362 -12.3775 47.3830 40 59 61
5.0950 -4.5975 17.6000 57 67 72
4.7212 -3.9246 15.0240 51 71 68
6.4619 -5.0283 19.2490 36 51 48
8.1858 -5.9595 22.8140 61 61 55
4.0384 -2.7742 10.6200 33 41 40
6.4229 -4.1257 15.7940 36 39 38
8.2410 -5.0283 19.2490 45 51 62
4.2763 -2.4756 9.4770 42 56 58
2.5807 -1.4114 5.4030 65 64 73
2.6966 -1.4114 5.4030 61 82 58
3.0063 -1.5039 5.7570 58 46 57
-7.4212 -3.8069 14.6660 8 8 10
-9.2955 -4.9965 19.2490 15 7 6
-8.3601 -4.7027 18.1170 12 7 5
-7.1056 -4.2076 16.2100 10 5 3
-6.1141 -3.8069 14.6660 6 9 12
-6.3832 -4.2076 16.2100 10 10 10
-5.3336 -3.7184 14.3250 8 13 18
-3.5264 -2.6211 10.0980 5 9 21
-2.0190 -1.5990 6.1600 25 23 32
-3.0765 -2.6211 10.0980 30 8 22
-4.8459 -4.4415 17.1110 9 18 28
-4.2162 -4.2076 16.2100 12 21 42
-4.2001 -4.5685 17.6000 14 26 42
-2.6033 -3.1351 12.0780 14 25 48
-2.9159 -3.8998 15.0240 24 35 46
-2.7004 -4.0997 15.7940 12 27 42
-8.3731 -14.5357 55.9990 25 37 43
-1.2300 -2.6648 10.2660 63 103 130
-0.6847 -1.8378 7.0800 31 34 37
-4.1217 -14.5357 55.9990 13 19 21
-3.2121 -15.9891 61.5980 20 22 30
-0.4290 -8.8828 34.2210 65 105 145
0.2035 -5.9219 22.8140 37 47 52
0.6802 -5.5136 21.2410 30 32 40
0.7321 -3.5533 13.6890 26 36 39
1.3479 -4.5685 17.6000 35 47 49
1.1614 -3.0749 11.8460 33 38 45
2.2313 -4.2076 16.2100 37 50 49
0.9722 -1.5229 5.8670 36 47 45
1.1748 -1.6151 6.2220 53 78 85
1.6318 -1.9987 7.7000 48 64 55
5.5125 -5.9219 22.8140 42 57 56
3.7786 -3.3311 12.8330 50 66 57
4.0126 -3.2631 12.5710 31 45 49
5.1180 -3.8998 15.0240 31 49 45
5.4651 -3.8998 15.0240 60 61 55
2.7427 -1.8170 7.0000 44 49 54
6.9076 -4.3213 16.6480 39 38 42
5.2706 -3.1351 12.0780 51 54 53
3.2048 -1.8170 7.0000 58 70 72
2.5759 -1.3903 5.3560 68 72 84
2.7385 -1.4149 5.4510 52 75 50
2.9696 -1.4668 5.6510 65 56 61
-6.9720 -3.5307 13.6890 10 9 11
-8.8086 -4.6728 18.1170 17 17 11
-8.4199 -4.6728 18.1170 10 10 4
-6.9754 -4.0736 15.7940 9 6 3
-5.5070 -3.3803 13.1060 13 13 17
-5.4357 -3.5307 13.6890 5 4 4
-5.1420 -3.5307 13.6890 9 9 13
-3.5023 -2.5624 9.9350 5 10 28
-2.1241 -1.6548 6.4160 7 19 21
-2.5635 -2.1469 8.3240 53 25 34
-4.9024 -4.4133 17.1110 6 11 20
-4.3851 -4.2939 16.6480 21 33 49
-3.2399 -3.4538 13.3910 15 28 39
-2.6033 -3.1152 12.0780 15 24 47
-2.1427 -3.0553 11.8460 28 42 64
-4.1813 -6.9076 26.7820 17 32 58
-3.1906 -6.1107 23.6920 23 41 68
-0.6769 -1.8692 7.2470 73 37 39
-3.6934 -13.2396 51.3320 20 25 30
-3.0088 -15.8874 61.5980 14 19 26
-0.9373 -8.8263 34.2210 40 64 78
-0.0695 -4.1809 16.2100 32 59 81
0.2783 -4.1809 16.2100 26 36 39
0.5279 -3.3803 13.1060 27 42 39
0.8091 -3.3803 13.1060 32 38 38
1.4517 -4.4133 17.1110 32 42 45
0.8848 -2.1469 8.3240 27 37 40
2.2641 -4.2939 16.6480 33 46 45
0.9246 -1.4988 5.8110 54 65 63
0.9675 -1.3696 5.3100 41 55 61
2.2811 -2.8887 11.2000 24 38 44
4.0529 -3.6109 14.0000 50 74 76
2.8468 -2.3365 9.0590 42 59 60
4.8326 -3.6947 14.3250 44 59 58
7.3674 -5.2959 20.5330 55 51 44
2.7427 -1.8054 7.0000 43 48 53
6.9351 -4.2939 16.6480 45 43 50
4.9244 -2.8887 11.2000 38 41 42
2.6680 -1.4712 5.7040 24 21 35
2.6201 -1.3814 5.3560 80 82 64
2.8176 -1.4186 5.5000 39 49 52
-6.4374 -3.1573 12.3200 20 8 6
-7.6909 -3.9466 15.4000 11 12 8
-8.9215 -4.7835 18.6660 13 8 6
-8.0053 -4.5104 17.6000 13 10 7
-6.2084 -3.6711 14.3250 15 10 6
-5.3772 -3.3587 13.1060 3 2 4
-5.5700 -3.6711 14.3250 4 7 8
-4.2505 -2.9784 11.6220 3 11 28
-2.8275 -2.1048 8.2130 5 4 13
-1.9206 -1.5325 5.9800 67 58 49
-3.9280 -3.3587 13.1060 13 13 15
-4.6049 -4.2664 16.6480 9 17 34
-3.6550 -3.6711 14.3250 4 18 40
-1.9040 -2.1332 8.3240 10 24 44
-1.9645 -2.4287 9.4770 11 24 49
-2.6431 -3.8502 15.0240 16 28 46
-3.3983 -5.6377 21.9990 19 34 51
-1.0509 -2.0502 8.0000 26 53 77
-0.6339 -1.5476 6.0390 32 34 42
-1.0728 -3.3587 13.1060 24 24 24
-2.8619 -12.1429 47.3830 20 27 33
-1.7671 -12.1429 47.3830 28 34 36
-0.2168 -3.5081 13.6890 111 141 144
0.0785 -2.7695 10.8070 26 38 44
0.3469 -3.0952 12.0780 35 40 47
0.5411 -2.6755 10.4400 36 44 43
1.2200 -4.2664 16.6480 27 37 40
0.9734 -2.5878 10.0980 32 39 43
0.7914 -1.6973 6.6230 24 31 39
0.9995 -1.6617 6.4840 30 31 44
0.9325 -1.3608 5.3100 31 49 47
1.8832 -2.4287 9.4770 33 52 56
2.6823 -2.3216 9.0590 48 60 50
3.3669 -2.6755 10.4400 51 63 65
4.1543 -3.0952 12.0780 44 59 58
3.9668 -2.7695 10.8070 39 48 41
2.2794 -1.5035 5.8670 36 43 47
4.8030 -2.9784 11.6220 47 46 48
4.9589 -2.9233 11.4070 40 46 46
2.9375 -1.6442 6.4160 51 53 63
2.5759 -1.3726 5.3560 66 73 77
2.7144 -1.3846 5.4030 78 94 71
2.8902 -1.4095 5.5000 50 68 62
-6.0333 -3.0162 11.8460 15 9 11
-8.5572 -4.4813 17.6000 12 8 9
-8.1796 -4.4813 17.6000 20 18 10
-6.6353 -3.8254 15.0240 12 9 6
-4.7931 -2.9045 11.4070 9 9 13
-4.6149 -2.9592 11.6220 5 4 4
-4.3656 -2.9592 11.6220 12 12 14
-3.0585 -2.2091 8.6760 8 12 26
-2.0599 -1.5842 6.2220 49 69 52
-2.5986 -2.1485 8.4380 26 5 12
-4.9024 -4.3568 17.1110 6 11 20
-3.7732 -3.6474 14.3250 11 26 41
-2.5695 -2.7041 10.6200 26 41 54
-1.6548 -1.9853 7.7970 17 28 51
-1.3423 -1.8895 7.4210 11 25 47
-0.9978 -2.0637 8.1050 65 95 114
-0.5758 -1.4659 5.7570 86 38 46
-3.1581 -10.4562 41.0660 22 25 26
-2.8462 -13.0702 51.3320 32 34 42
-0.9961 -7.8421 30.7990 32 53 59
-0.0916 -3.0753 12.0780 36 63 87
0.1738 -2.8517 11.2000 30 40 43
0.3996 -2.7517 10.8070 26 45 45
0.7042 -2.9045 11.4070 28 36 37
1.4234 -4.3568 17.1110 27 32 37
0.7888 -1.8895 7.4210 38 45 49
0.9378 -1.8452 7.2470 17 36 40
0.8991 -1.4389 5.6510 66 76 81
0.9588 -1.3520 5.3100 36 53 56
2.2403 -2.8008 11.0000 37 50 59
2.3911 -2.0912 8.2130 52 75 71
3.0094 -2.4130 9.4770 105 123 121
3.7290 -2.8008 11.0000 40 51 51
4.8490 -3.4096 13.3910 51 55 48
2.0724 -1.3757 5.4030 38 50 68
3.5787 -2.2407 8.8000 35 33 40
5.4941 -3.2675 12.8330 33 31 47
2.8572 -1.6005 6.2860 46 50 64
2.5807 -1.3757 5.4030 61 69 84
2.6731 -1.3637 5.3560 114 133 80
2.8465 -1.3879 5.4510 50 56 58
-5.0928 -2.5133 9.9350 13 2 6
-8.1493 -4.2114 16.6480 10 9 11
-8.0089 -4.3286 17.1110 18 15 10
-6.5256 -3.7101 14.6660 10 9 9
-4.3476 -2.5970 10.2660 7 6 10
-4.5672 -2.8856 11.4070 7 3 6
-4.5767 -3.0554 12.0780 9 9 9
-3.2714 -2.3258 9.1940 13 17 31
-2.2386 -1.6936 6.6950 9 22 5
-2.3672 -1.9238 7.6050 29 12 12
-4.9307 -4.3286 17.1110 12 12 16
-3.7969 -3.6238 14.3250 11 26 41
-2.3086 -2.3974 9.4770 15 30 43
-1.6630 -1.9977 7.8970 12 26 48
-1.7942 -2.7338 10.8070 20 31 52
-0.7968 -1.5740 6.2220 75 105 108
-0.5838 -1.4295 5.6510 102 56 66
-1.0512 -3.3154 13.1060 27 22 20
-2.5849 -11.1304 43.9990 20 30 33
-0.9980 -7.0829 27.9990 26 38 42
-0.1427 -3.3154 13.1060 51 88 89
0.1045 -2.1642 8.5550 26 36 41
0.3096 -2.3258 9.1940 24 36 40
0.5299 -2.3610 9.3330 35 42 48
1.3025 -4.2114 16.6480 17 35 33
0.6965 -1.6577 6.5530 39 44 49
0.9258 -1.8333 7.2470 71 85 91
0.9002 -1.4166 5.6000 31 41 48
0.9759 -1.3549 5.3560 34 53 57
2.2585 -2.7827 11.0000 36 50 56
2.2534 -1.8333 7.2470 49 61 65
3.9077 -2.8333 11.2000 51 64 61
2.4080 -1.6231 6.4160 46 53 45
2.3598 -1.4983 5.9230 50 50 52
5.4730 -3.2464 12.8330 49 54 63
2.7823 -1.5429 6.0990 58 51 60
2.5807 -1.3668 5.4030 55 67 81
2.6731 -1.3549 5.3560 78 101 37
2.7969 -1.3549 5.3560 43 56 51
-5.0928 -2.4969 9.9350 13 3 3
-8.1493 -4.1840 16.6480 9 8 10
-8.0089 -4.3003 17.1110 14 11 6
-6.5256 -3.6859 14.6660 10 10 6
-4.3476 -2.5801 10.2660 10 10 14
-3.9150 -2.4574 9.7780 6 2 5
-3.8264 -2.5378 10.0980 11 11 11
-2.9224 -2.0641 8.2130 13 15 25
-2.1453 -1.6125 6.4160 4 17 2
-2.3672 -1.9113 7.6050 20 3 3
-4.8247 -4.1840 16.6480 10 13 16
-3.4954 -3.2938 13.1060 19 34 49
-2.0142 -2.0641 8.2130 9 29 40
-1.6596 -1.9352 7.7000 99 113 117
-1.1310 -1.5029 5.9800 40 45 65
-1.9455 -3.0354 12.0780 0 11 25
-0.5682 -1.3823 5.5000 85 27 41
-0.8373 -2.6238 10.4400 27 21 23
-2.0104 -8.6004 34.2210 22 32 35
-0.6653 -4.6911 18.6660 15 27 33
-0.0871 -2.0106 8.0000 68 97 107
0.1680 -2.2435 8.9270 29 43 45
0.4396 -2.2767 9.0590 27 38 38
0.9388 -3.2938 13.1060 20 27 33
0.6965 -1.6469 6.5530 30 35 42
0.9989 -1.6826 6.6950 41 47 49
0.9470 -1.3946 5.5490 46 57 55
1.5501 -2.0106 8.0000 52 72 83
2.2545 -1.9352 7.7000 42 67 62
2.1977 -1.7394 6.9210 57 40 52
2.6771 -1.9847 7.8970 43 54 52
4.4612 -3.0963 12.3200 37 43 45
1.9942 -1.2900 5.1330 41 42 38
2.9830 -1.8213 7.2470 20 20 24
4.6803 -2.7160 10.8070 35 34 34
2.6357 -1.4468 5.7570 58 54 55
2.5896 -1.3579 5.4030 55 70 67
2.6677 -1.3345 5.3100 155 169 77
2.7816 -1.3345 5.3100 42 56 45
-4.6139 -2.2618 9.0590 17 9 8
-6.6783 -3.4177 13.6890 11 7 8
-7.7647 -4.1565 16.6480 16 13 8
-5.2513 -2.9576 11.8460 5 6 2
-3.7658 -2.2288 8.9270 8 11 12
-3.5089 -2.1971 8.8000 6 5 7
-3.2733 -2.1661 8.6760 7 10 9
-2.5972 -1.8308 7.3330 8 10 16
-2.0093 -1.5078 6.0390 8 22 2
-2.5772 -2.0783 8.3240 21 5 10
-4.1278 -3.5765 14.3250 11 17 17
-2.9686 -2.7963 11.2000 9 21 37
-1.7653 -1.8094 7.2470 13 28 41
-1.4603 -1.6536 6.6230 7 13 24
-1.1310 -1.4930 5.9800 36 44 63
-0.5980 -1.1225 4.4960 27 43 53
-0.5356 -1.3372 5.3560 105 29 44
-0.9869 -3.2040 12.8330 18 17 19
-1.8975 -8.5439 34.2210 25 32 36
-0.5108 -3.9433 15.7940 11 34 39
-0.0469 -1.9716 7.8970 9 43 51
0.1855 -2.2618 9.0590 28 43 40
0.3441 -1.9716 7.8970 25 37 39
0.6846 -2.5631 10.2660 19 30 30
0.6748 -1.6900 6.7690 26 36 43
0.6521 -1.3257 5.3100 43 53 60
0.9012 -1.3854 5.5490 49 56 62
1.0988 -1.4788 5.9230 33 52 56
4.2646 -4.0471 16.2100 31 47 57
1.8069 -1.4508 5.8110 58 69 80
2.2254 -1.6715 6.6950 22 29 33
3.8598 -2.6982 10.8070 45 60 59
1.9611 -1.2711 5.0910 48 62 64
2.4658 -1.5078 6.0390 39 35 36
3.0896 -1.7677 7.0800 39 40 34
2.6209 -1.4241 5.7040 57 55 47
2.5985 -1.3490 5.4030 54 70 61
2.6765 -1.3257 5.3100 170 192 77
2.7904 -1.3257 5.3100 91 132 67
-4.2837 -2.0928 8.4380 13 10 5
-5.7596 -2.9380 11.8460 13 9 10
-7.5069 -4.0204 16.2100 11 3 0
-4.8581 -2.7282 11.0000 7 7 3
-3.6977 -2.1826 8.8000 6 12 12
-3.4943 -2.1826 8.8000 6 6 6
-3.2135 -2.1218 8.5550 9 12 13
-2.5251 -1.7766 7.1630 7 6 10
-1.9798 -1.4832 5.9800 11 25 5
-2.5635 -2.0645 8.3240 15 2 6
-4.1042 -3.5529 14.3250 10 20 25
-2.9501 -2.7778 11.2000 11 20 41
-1.6936 -1.7361 7.0000 12 27 40
-1.3481 -1.5278 6.1600 25 32 40
-1.0953 -1.3763 5.5490 17 29 45
-1.0033 -1.4278 5.7570 11 26 41
-0.6115 -1.1843 4.7750 67 85 79
-0.4918 -1.3058 5.2650 82 15 25
-1.0552 -3.6375 14.6660 26 31 36
-1.1573 -5.8761 23.6920 21 24 27
-0.2721 -2.4641 9.9350 58 84 86
-0.0064 -1.6082 6.4840 80 113 98
0.1356 -1.6426 6.6230 30 45 42
0.3016 -1.7165 6.9210 28 40 44
0.5891 -2.2468 9.0590 18 26 25
0.6141 -1.5278 6.1600 23 35 39
0.6271 -1.2837 5.1760 29 46 47
0.9104 -1.3763 5.5490 44 54 57
1.1094 -1.4832 5.9800 31 50 52
4.2333 -3.9172 15.7940 35 48 47
1.8792 -1.4832 5.9800 59 70 66
2.3088 -1.6974 6.8440 40 54 45
1.9768 -1.2837 5.1760 53 65 67
2.2078 -1.3520 5.4510 41 37 40
2.8402 -1.6082 6.4840 44 46 37
2.5823 -1.3889 5.6000 56 54 46
2.5625 -1.3170 5.3100 55 74 62
2.6397 -1.2947 5.2200 128 146 53
2.7754 -1.3058 5.2650 83 111 46
-4.5024 -2.1993 8.9270 12 12 6
-5.6123 -2.8633 11.6220 15 10 8
-6.1572 -3.2991 13.3910 18 10 9
-3.9710 -2.2319 9.0590 13 13 7
-3.2376 -1.9209 7.7970 9 8 10
-3.1097 -1.9456 7.8970 11 11 11
-2.8316 -1.8736 7.6050 9 7 14
-2.2885 -1.6145 6.5530 9 5 6
-1.9230 -1.4454 5.8670 24 38 16
-2.9790 -2.4090 9.7780 17 8 11
-3.4891 -3.0353 12.3200 6 12 23
-2.5035 -2.3713 9.6250 10 20 34
-1.5474 -1.5975 6.4840 15 24 45
-1.2409 -1.4183 5.7570 106 120 109
-1.0218 -1.2971 5.2650 21 32 43
-0.8536 -1.2543 5.0910 12 29 41
-0.6317 -1.3550 5.5000 58 82 70
-0.5092 -1.3671 5.5490 104 36 42
-0.9834 -3.5292 14.3250 9 14 19
-1.0020 -5.4199 21.9990 21 27 29
-0.1330 -1.8736 7.6050 49 70 78
0.0572 -1.5807 6.4160 30 44 48
0.2079 -1.6862 6.8440 22 32 35
0.4091 -1.8283 7.4210 24 34 41
1.2048 -3.7941 15.4000 33 41 42
0.6189 -1.3311 5.4030 29 34 43
0.8479 -1.3550 5.5000 46 53 59
0.9752 -1.3430 5.4510 36 46 53
3.3632 -4.1016 16.6480 39 49 52
3.4047 -3.2289 13.1060 34 50 60
1.6613 -1.3671 5.5490 35 59 47
1.9102 -1.4592 5.9230 30 33 36
2.1841 -1.5644 6.3500 46 47 60
1.9527 -1.2543 5.0910 46 63 64
2.0620 -1.2543 5.0910 36 32 37
2.8683 -1.6317 6.6230 32 41 34
2.4777 -1.3430 5.4510 62 68 70
2.5807 -1.3311 5.4030 54 72 68
2.5833 -1.2752 5.1760 59 78 25
2.7259 -1.2860 5.2200 75 77 45
-3.4699 -1.6565 6.7690 11 21 5
-4.8633 -2.4313 9.9350 11 11 7
-5.3391 -2.7915 11.4070 9 9 5
-4.0308 -2.2169 9.0590 12 13 9
-3.1813 -1.8383 7.5120 9 8 10
-2.8680 -1.7529 7.1630 7 6 6
-2.6525 -1.7130 7.0000 8 8 10
-2.1934 -1.5226 6.2220 12 8 11
-1.9238 -1.4221 5.8110 13 24 5
-2.2438 -1.7735 7.2470 18 8 8
-3.6017 -3.0764 12.5710 4 14 19
-2.8148 -2.5989 10.6200 6 10 22
-1.5581 -1.5868 6.4840 4 11 33
-1.2717 -1.4221 5.8110 25 37 41
-1.0305 -1.2884 5.2650 16 28 42
-0.8776 -1.2561 5.1330 18 33 46
-0.6317 -1.3460 5.5000 44 69 62
-0.4918 -1.2884 5.2650 78 21 28
-0.9834 -3.5056 14.3250 19 24 29
-0.8076 -4.1874 17.1110 10 13 16
-0.1171 -1.6384 6.6950 23 36 47
0.0231 -1.4221 5.8110 28 47 49
0.1684 -1.5226 6.2220 42 45 48
0.3249 -1.6384 6.6950 32 42 49
0.8023 -2.7409 11.2000 27 37 42
0.5860 -1.3704 5.6000 29 39 46
0.6612 -1.2667 5.1760 18 48 42
0.9104 -1.3579 5.5490 46 53 57
1.1415 -1.4925 6.0990 27 44 45
3.1343 -3.6767 15.0240 35 48 47
2.6465 -2.4313 9.9350 28 40 44
1.6444 -1.3222 5.4030 37 50 45
1.8678 -1.3959 5.7040 42 49 41
2.0086 -1.4088 5.7570 46 55 65
1.9527 -1.2459 5.0910 38 50 54
2.0620 -1.2459 5.0910 35 34 38
2.8792 -1.6208 6.6230 32 42 30
2.4866 -1.3340 5.4510 54 50 55
2.5671 -1.3107 5.3560 49 68 58
2.5918 -1.2667 5.1760 59 71 16
2.7345 -1.2774 5.2200 76 69 36
-3.5767 -1.7015 7.0000 25 31 14
-4.8469 -2.4149 9.9350 13 14 10
-5.4205 -2.8249 11.6220 7 7 3
-3.8460 -2.1089 8.6760 6 7 3
-3.1305 -1.8038 7.4210 32 35 34
-2.8230 -1.7209 7.0800 7 7 3
-2.6112 -1.6823 6.9210 8 11 12
-2.1198 -1.4825 6.0990 15 12 9
-1.8951 -1.4125 5.8110 11 17 0
-2.5707 -2.0510 8.4380 12 6 8
-3.1534 -2.7224 11.2000 7 12 19
-2.2566 -2.1089 8.6760 11 22 31
-1.4599 -1.4973 6.1600 11 18 40
-1.1960 -1.3488 5.5490 116 132 121
-0.9960 -1.2581 5.1760 22 32 39
-0.8536 -1.2375 5.0910 12 29 43
-0.6208 -1.1344 4.6670 26 35 45
-0.5356 -1.3019 5.3560 57 21 23
-0.6152 -1.9445 8.0000 24 24 28
-0.8330 -3.6519 15.0240 17 24 28
-0.2846 -2.1390 8.8000 5 22 27
-0.0610 -1.3612 5.6000 29 34 52
0.0717 -1.4261 5.8670 22 35 34
0.1921 -1.3865 5.7040 35 48 47
0.3682 -1.5761 6.4840 24 35 16
0.5301 -1.3369 5.5000 47 64 69
0.6084 -1.2375 5.0910 30 43 42
0.8313 -1.3250 5.4510 37 46 58
0.9840 -1.3369 5.5000 50 58 59
3.2480 -3.9401 16.2100 40 52 54
2.6301 -2.4149 9.9350 32 44 46
1.6444 -1.3133 5.4030 31 43 35
1.8678 -1.3865 5.7040 40 47 41
2.0086 -1.3993 5.7570 54 61 67
1.9366 -1.2273 5.0490 40 52 58
2.0121 -1.2076 4.9680 37 36 36
2.5799 -1.4536 5.9800 37 48 44
2.4687 -1.3250 5.4510 44 49 54
2.5946 -1.3250 5.4510 38 55 56
2.5534 -1.2477 5.1330 146 159 79
2.6720 -1.2477 5.1330 115 131 68
-3.2327 -1.5176 6.2860 15 12 7
-4.3222 -2.1245 8.8000 12 13 9
-4.5209 -2.3237 9.6250 12 13 9
-3.7175 -2.0096 8.3240 9 5 6
-3.0100 -1.7092 7.0800 11 11 7
-2.6627 -1.5989 6.6230 4 4 0
-2.4167 -1.5330 6.3500 8 8 10
-2.0773 -1.4029 5.8110 21 30 10
-1.9167 -1.3771 5.7040 10 15 5
-1.9773 -1.5176 6.2860 18 8 8
-2.9431 -2.4378 10.0980 6 12 10
-2.4460 -2.1870 9.0590 16 16 20
-1.5678 -1.5330 6.3500 65 83 79
-1.2979 -1.3898 5.7570 13 27 47
-1.0744 -1.2819 5.3100 21 35 55
-0.9115 -1.2392 5.1330 10 25 49
-0.7061 -1.1528 4.7750 26 35 45
-0.6230 -1.1897 4.9280 148 163 162
-0.5223 -1.2819 5.3100 53 22 20
-0.6152 -1.9313 8.0000 23 22 26
-0.7138 -3.3048 13.6890 31 34 33
-0.1536 -1.6523 6.8440 23 47 45
0.0036 -1.3160 5.4510 29 50 56
0.1298 -1.4164 5.8670 27 41 43
0.2814 -1.5021 6.2220 35 42 48
0.4984 -1.3160 5.4510 24 43 45
0.5929 -1.2496 5.1760 47 56 66
0.7039 -1.2496 5.1760 51 66 63
0.9012 -1.3396 5.5490 52 60 59
1.0390 -1.3643 5.6510 37 48 48
3.5414 -4.1309 17.1110 36 49 44
1.5510 -1.3160 5.4510 44 64 59
1.6477 -1.2930 5.3560 40 50 53
1.8597 -1.3643 5.6510 57 64 58
1.9544 -1.3396 5.5490 49 67 65
1.9359 -1.2291 5.0910 55 62 66
1.9878 -1.1897 4.9280 36 37 31
2.2953 -1.3044 5.4030 38 44 57
2.4291 -1.3044 5.4030 47 66 66
2.6378 -1.3519 5.6000 39 62 67
2.5157 -1.2291 5.0910 139 164 118
2.6249 -1.2291 5.0910 105 129 70
-3.0655 -1.4201 5.9230 11 8 5
-3.7268 -1.8011 7.5120 9 13 8
-4.4827 -2.2723 9.4770 10 10 4
-3.6124 -1.9181 8.0000 8 4 5
-2.8266 -1.5880 6.6230 19 16 13
-2.5739 -1.5225 6.3500 9 9 5
-2.2857 -1.4338 5.9800 6 6 10
-1.9843 -1.3187 5.5000 51 67 35
-1.9355 -1.3676 5.7040 11 13 4
-1.9877 -1.5072 6.2860 12 3 6
-2.8822 -2.3445 9.7780 12 18 18
-2.5353 -2.2378 9.3330 24 28 23
-1.6287 -1.5712 6.5530 12 27 40
-1.2979 -1.3803 5.7570 11 25 45
-1.1021 -1.2955 5.4030 12 27 44
-0.9115 -1.2307 5.1330 11 26 50
-0.7310 -1.1722 4.8890 24 37 48
-0.6230 -1.1816 4.9280 146 166 163
-0.5356 -1.2842 5.3560 45 24 19
-0.5573 -1.7376 7.2470 31 31 33
-0.6697 -2.8959 12.0780 20 28 29
-0.2490 -1.8462 7.7000 10 27 32
-0.0610 -1.3427 5.6000 34 39 48
0.0717 -1.4067 5.8670 37 50 49
0.1869 -1.3305 5.5490 33 51 47
0.3498 -1.4770 6.1600 15 22 14
0.5423 -1.2624 5.2650 27 34 38
0.6367 -1.2106 5.0490 50 81 79
0.7903 -1.2842 5.3560 47 60 57
0.9653 -1.3305 5.5490 35 49 51
2.0401 -2.5032 10.4400 28 40 44
2.1920 -2.0232 8.4380 32 51 53
1.5415 -1.2624 5.2650 42 57 52
1.7220 -1.3070 5.4510 38 52 54
1.8892 -1.3427 5.6000 42 51 44
1.9832 -1.2955 5.4030 43 48 38
1.9301 -1.1912 4.9680 44 57 56
2.0614 -1.2008 5.0080 29 36 40
2.3910 -1.3187 5.5000 21 30 21
2.5405 -1.3305 5.5490 52 60 59
2.5235 -1.2624 5.2650 59 67 68
2.5577 -1.2207 5.0910 125 160 63
2.6889 -1.2307 5.1330 152 190 105
-3.2341 -1.5120 6.3500 82 77 59
-3.8526 -1.8804 7.8970 11 18 12
-3.6124 -1.9049 8.0000 9 5 8
-2.8048 -1.5771 6.6230 23 22 22
-2.5168 -1.4968 6.2860 8 9 5
-2.2444 -1.4104 5.9230 5 11 13
-1.9570 -1.3096 5.5000 17 21 14
-1.8725 -1.3335 5.6000 6 14 1
-1.9670 -1.4968 6.2860 15 5 5
-2.6254 -2.1571 9.0590 7 10 9
-2.1750 -1.9299 8.1050 11 11 15
-1.4526 -1.4104 5.9230 104 123 123
-1.2646 -1.3456 5.6510 15 26 37
-1.0749 -1.2754 5.3560 15 27 43
-0.9277 -1.2325 5.1760 2 17 41
-0.7864 -1.2123 5.0910 6 33 44
-0.6352 -1.1370 4.7750 23 43 36
-0.5939 -1.2866 5.4030 31 32 21
-0.4822 -1.2980 5.4510 45 15 25
-0.5771 -2.1571 9.0590 18 26 13
-0.2890 -1.7671 7.4210 15 26 26
-0.0938 -1.4104 5.9230 31 33 41
0.0339 -1.4380 6.0390 20 36 44
0.1943 -1.3096 5.5000 43 62 50
0.3331 -1.3970 5.8670 28 32 27
0.5587 -1.2325 5.1760 34 44 47
0.6588 -1.2123 5.0910 32 56 54
0.8240 -1.2866 5.4030 23 33 47
0.9749 -1.3096 5.5000 38 49 49
2.9386 -3.4922 14.6660 45 60 57
1.4975 -1.2754 5.3560 39 50 48
1.6073 -1.2644 5.3100 70 75 65
1.7987 -1.3213 5.5490 36 32 33
1.8929 -1.2980 5.4510 68 79 79
1.9247 -1.2430 5.2200 40 48 37
1.9309 -1.1734 4.9280 44 57 52
2.0697 -1.1925 5.0080 25 36 45
2.3372 -1.2754 5.3560 25 26 20
2.5405 -1.3213 5.5490 50 61 59
2.5321 -1.2537 5.2650 75 81 83
2.5366 -1.2023 5.0490 176 206 111
2.6753 -1.2123 5.0910 156 181 117
-3.0757 -1.4280 6.0390 69 62 43
-3.5235 -1.7137 7.2470 16 20 15
-3.6701 -1.8674 7.8970 7 7 3
-2.8529 -1.5333 6.4840 10 10 10
-2.6042 -1.4713 6.2220 18 26 23
-2.3880 -1.4280 6.0390 5 4 4
-2.0752 -1.3122 5.5490 15 18 19
-1.8881 -1.2665 5.3560 18 19 15
-1.8615 -1.3363 5.6510 7 12 0
-1.9759 -1.5172 6.4160 12 9 4
-2.2495 -1.8674 7.8970 4 10 8
-1.8230 -1.6366 6.9210 18 17 28
-1.3834 -1.3613 5.7570 23 34 45
-1.2255 -1.3242 5.6000 19 29 34
-1.0575 -1.2776 5.4030 17 28 37
-0.8872 -1.2039 5.0910 10 30 45
-0.7428 -1.1748 4.9680 14 35 43
-0.6311 -1.1653 4.9280 68 97 98
-0.5622 -1.2665 5.3560 62 37 30
-0.4719 -1.3363 5.6510 32 21 27
-0.5568 -2.2410 9.4770 17 25 24
-0.1795 -1.5496 6.5530 4 26 25
-0.0242 -1.3363 5.6510 51 62 71
0.2436 -1.3741 5.8110 15 25 30
0.4768 -1.2556 5.3100 0 14 10
0.5527 -1.1748 4.9680 37 47 52
0.6896 -1.2138 5.1330 44 59 54
0.8493 -1.2890 5.4510 60 83 88
1.0111 -1.3122 5.5490 40 51 51
2.4599 -2.8561 12.0780 29 46 32
1.6496 -1.5016 6.3500 33 47 51
1.5329 -1.2450 5.2650 42 51 42
1.6979 -1.2776 5.4030 52 70 68
1.8464 -1.3006 5.5000 39 45 43
1.9218 -1.2665 5.3560 40 47 41
1.9199 -1.1939 5.0490 45 55 60
1.9878 -1.1653 4.9280 31 35 28
2.2176 -1.2344 5.2200 44 53 63
2.4417 -1.2890 5.4510 61 84 78
2.5816 -1.3006 5.5000 59 86 57
2.4866 -1.1939 5.0490 167 191 118
2.5949 -1.1939 5.0490 156 166 139
-2.9341 -1.3270 5.6510 26 18 17
-3.1936 -1.5066 6.4160 16 13 10
-3.2129 -1.5895 6.7690 11 12 6
-3.0342 -1.5721 6.6950 69 73 68
-2.5973 -1.4181 6.0390 9 6 3
-2.5172 -1.4465 6.1600 4 4 4
-2.2933 -1.3908 5.9230 2 2 4
-1.9500 -1.2577 5.3560 77 86 77
-1.8676 -1.2800 5.4510 11 16 6
-1.8394 -1.3518 5.7570 10 10 6
-2.2951 -1.8081 7.7000 10 10 10
-2.1171 -1.8081 7.7000 100 112 104
-1.5615 -1.4465 6.1600 5 15 29
-1.3142 -1.3394 5.7040 12 28 49
-1.1700 -1.3150 5.6000 11 30 50
-1.0040 -1.2687 5.4030 77 86 98
-0.8368 -1.1955 5.0910 15 30 45
-0.6798 -1.1299 4.8120 64 81 65
-0.6254 -1.2257 5.2200 25 39 61
-0.5135 -1.2469 5.3100 98 123 116
-0.4373 -1.3645 5.8110 26 33 25
-0.3735 -1.6820 7.1630 18 25 19
-0.2011 -1.5388 6.5530 13 30 33
-0.0425 -1.3150 5.6000 35 42 48
0.1641 -1.2687 5.4030 18 29 27
0.3108 -1.3645 5.8110 22 25 28
0.4989 -1.2154 5.1760 46 68 67
0.5937 -1.1666 4.9680 47 58 56
0.7421 -1.2363 5.2650 44 58 49
0.9372 -1.3150 5.6000 56 69 66
1.2243 -1.5226 6.4840 47 61 63
1.5238 -1.6625 7.0800 40 54 56
1.6774 -1.5066 6.4160 36 47 45
1.5502 -1.2363 5.2650 44 49 39
1.7068 -1.2687 5.4030 50 67 68
1.8645 -1.2915 5.5000 26 39 38
1.9140 -1.2469 5.3100 52 55 54
1.9209 -1.1760 5.0080 49 63 67
2.0121 -1.1666 4.9680 39 40 34
2.2541 -1.2363 5.2650 24 43 43
2.4507 -1.2800 5.4510 51 90 77
2.5766 -1.2800 5.4510 150 164 128
2.4949 -1.1856 5.0490 127 139 86
2.5904 -1.1760 5.0080 80 99 73
-2.9248 -1.3176 5.6510 19 14 12
-3.2402 -1.5279 6.5530 14 9 7
-3.2372 -1.5958 6.8440 6 7 3
-2.9482 -1.5279 6.5530 9 15 17
-2.5874 -1.4081 6.0390 12 11 13
-2.4578 -1.4081 6.0390 4 4 4
-2.2100 -1.3423 5.7570 7 6 8
-1.9082 -1.2276 5.2650 28 34 17
-1.8496 -1.2710 5.4510 14 19 9
-1.8131 -1.3300 5.7040 15 12 9
-2.1615 -1.7098 7.3330 6 6 6
-1.8298 -1.5611 6.6950 96 116 101
-1.4679 -1.3680 5.8670 16 28 34
-1.2810 -1.3057 5.6000 16 32 51
-1.1620 -1.3176 5.6510 13 27 49
-0.9865 -1.2488 5.3560 38 53 68
-0.8337 -1.2069 5.1760 13 28 25
-0.6826 -1.1400 4.8890 35 53 30
-0.6082 -1.2171 5.2200 18 30 36
-0.5048 -1.2381 5.3100 21 46 37
-0.4104 -1.3300 5.7040 22 35 22
-0.2795 -1.3810 5.9230 20 27 21
-0.1499 -1.4508 6.2220 8 25 26
-0.0149 -1.3176 5.6510 111 133 134
0.2052 -1.2938 5.5490 15 27 29
0.3333 -1.3300 5.7040 28 31 32
0.5243 -1.1871 5.0910 41 47 45
0.6232 -1.1677 5.0080 69 81 83
0.7835 -1.2381 5.3100 54 67 66
0.9649 -1.3057 5.6000 40 50 55
1.6489 -1.9675 8.4380 44 56 58
1.3831 -1.4221 6.0990 34 35 48
1.5477 -1.3300 5.7040 35 49 40
1.5415 -1.2276 5.2650 46 53 47
1.7068 -1.2598 5.4030 46 65 65
1.8227 -1.2598 5.4030 11 28 29
1.8978 -1.2276 5.2650 67 78 74
1.9126 -1.1677 5.0080 41 51 58
2.0121 -1.1584 4.9680 27 28 22
2.2454 -1.2276 5.2650 65 107 106
2.4507 -1.2710 5.4510 87 135 113
2.5907 -1.2824 5.5000 115 143 118
2.4747 -1.1677 5.0080 106 102 77
2.5821 -1.1677 5.0080 72 89 71
-2.9248 -1.3083 5.6510 19 19 15
-3.1185 -1.4553 6.2860 13 8 6
-2.9533 -1.4405 6.2220 5 5 7
-2.8384 -1.4553 6.2860 44 50 50
-2.4993 -1.3453 5.8110 20 21 17
-2.4338 -1.3845 5.9800 9 9 9
-2.2195 -1.3328 5.7570 7 6 8
-1.9082 -1.2189 5.2650 15 17 4
-1.8423 -1.2509 5.4030 16 24 13
-1.7963 -1.3083 5.6510 13 10 7
-1.9424 -1.5171 6.5530 8 8 8
-1.6505 -1.3981 6.0390 96 115 103
-1.4635 -1.3453 5.8110 11 17 30
-1.2810 -1.2965 5.6000 17 33 52
-1.1824 -1.3206 5.7040 8 19 42
-0.9951 -1.2509 5.4030 29 44 59
-0.8423 -1.1983 5.1760 7 22 37
-0.6936 -1.1502 4.9680 26 44 21
-0.6168 -1.2085 5.2200 31 41 46
-0.5048 -1.2294 5.3100 35 53 49
-0.4122 -1.2965 5.6000 22 31 24
-0.2795 -1.3713 5.9230 20 27 21
-0.1618 -1.4553 6.2860 12 29 30
-0.0149 -1.3083 5.6510 105 124 126
0.1641 -1.2509 5.4030 11 17 19
0.3050 -1.3206 5.7040 18 18 22
0.4773 -1.2085 5.2200 29 42 39
0.5645 -1.1409 4.9280 53 62 53
0.7099 -1.2085 5.2200 39 48 39
0.8932 -1.2733 5.5000 32 52 49
1.0296 -1.2965 5.6000 27 35 34
1.6344 -1.8283 7.8970 28 43 29
1.3679 -1.2509 5.4030 45 68 62
1.4928 -1.2509 5.4030 40 55 50
1.5676 -1.2189 5.2650 60 65 55
1.7335 -1.2509 5.4030 59 82 76
1.8334 -1.2400 5.3560 54 83 84
1.8914 -1.1983 5.1760 80 109 110
1.9219 -1.1502 4.9680 42 55 54
2.0699 -1.1689 5.0490 88 93 83
2.2909 -1.2294 5.3100 29 68 59
2.4999 -1.2733 5.5000 28 58 50
2.5494 -1.2400 5.3560 67 48 61
2.4912 -1.1594 5.0080 93 88 27
2.6069 -1.1594 5.0080 63 69 50
-2.9061 -1.2990 5.6510 18 18 12
-3.0874 -1.4449 6.2860 10 11 7
-3.0456 -1.4905 6.4840 7 10 11
-2.6970 -1.3882 6.0390 6 5 9
-2.4943 -1.3486 5.8670 56 65 58
-2.4042 -1.3746 5.9800 9 8 10
-2.1507 -1.2990 5.6510 17 16 18
-1.8821 -1.2102 5.2650 7 8 0
-1.8481 -1.2643 5.5000 7 12 2
-1.8014 -1.3233 5.7570 12 8 9
-1.9513 -1.5390 6.6950 7 6 6
-1.6047 -1.3746 5.9800 12 20 21
-1.3952 -1.2990 5.6510 24 36 38
-1.2418 -1.2755 5.5490 15 27 43
-1.1541 -1.3112 5.7040 19 31 49
-0.9436 -1.2102 5.2650 12 26 46
-0.8236 -1.1999 5.2200 91 130 108
-0.6690 -1.1420 4.9680 29 45 36
-0.5961 -1.2102 5.2650 36 37 33
-0.4826 -1.2312 5.3560 29 25 26
-0.3660 -1.2873 5.6000 52 63 63
-0.2323 -1.2643 5.5000 25 27 35
-0.1243 -1.3746 5.9800 26 33 37
0.0143 -1.4160 6.1600 5 17 31
0.1627 -1.2312 5.3560 15 18 21
0.2995 -1.2873 5.6000 23 23 25
0.4084 -1.1999 5.2200 23 37 39
0.5283 -1.1606 5.0490 36 42 40
0.6420 -1.1703 5.0910 80 103 95
0.7856 -1.2102 5.2650 37 49 51
0.9568 -1.2643 5.5000 41 48 54
1.6404 -1.9134 8.3240 24 36 38
1.2742 -1.1799 5.1330 62 82 67
1.5056 -1.2755 5.5490 54 78 64
1.5415 -1.2102 5.2650 115 118 117
1.7068 -1.2420 5.4030 74 110 106
1.8069 -1.2312 5.3560 70 92 102
1.8816 -1.1999 5.2200 61 81 76
1.9126 -1.1512 5.0080 51 54 55
2.0366 -1.1606 5.0490 67 72 58
2.2454 -1.2102 5.2650 36 65 75
2.4417 -1.2530 5.4510 25 67 68
2.5676 -1.2530 5.4510 23 44 61
2.4664 -1.1512 5.0080 145 142 56
2.5821 -1.1512 5.0080 115 156 62
-2.9616 -1.3017 5.7040 9 11 2
-3.0258 -1.3919 6.0990 16 8 7
-2.8114 -1.3517 5.9230 10 8 15
-2.7269 -1.3782 6.0390 73 89 78
-2.4993 -1.3262 5.8110 13 14 10
-2.4106 -1.3517 5.9230 6 6 6
-2.2195 -1.3138 5.7570 11 7 12
-1.9082 -1.2016 5.2650 17 19 10
-1.8423 -1.2331 5.4030 10 15 3
-1.7800 -1.2780 5.6000 10 5 3
-1.8078 -1.3919 6.0990 4 3 3
-1.5589 -1.3017 5.7040 52 63 63
-1.4365 -1.3017 5.7040 21 26 35
-1.2581 -1.2552 5.5000 13 29 48
-1.2045 -1.3262 5.8110 15 26 47
-0.9862 -1.2331 5.4030 24 42 51
-0.8408 -1.1913 5.2200 7 31 33
-0.6966 -1.1523 5.0490 28 45 27
-0.6031 -1.1812 5.1760 18 29 29
-0.4960 -1.2118 5.3100 17 34 35
-0.3957 -1.2552 5.5000 26 44 42
-0.2527 -1.2664 5.5490 27 30 29
-0.1455 -1.3782 6.0390 27 37 40
-0.0061 -1.4200 6.2220 97 104 108
0.1519 -1.6936 7.4210 31 34 33
0.2810 -1.2780 5.6000 27 26 28
0.3912 -1.1913 5.2200 23 35 39
0.5159 -1.1619 5.0910 36 44 45
0.6200 -1.1523 5.0490 58 73 68
0.7682 -1.2016 5.2650 38 51 50
0.9386 -1.2552 5.5000 37 48 48
1.4042 -1.6539 7.2470 29 41 43
1.3391 -1.4200 6.2220 64 87 81
1.2431 -1.1429 5.0080 104 124 109
1.4701 -1.2440 5.4510 72 96 84
1.5415 -1.2016 5.2650 55 58 57
1.6831 -1.2223 5.3560 23 64 61
1.7980 -1.2223 5.3560 37 63 81
1.8730 -1.1913 5.2200 33 44 44
1.9044 -1.1429 5.0080 45 48 47
2.0366 -1.1523 5.0490 65 71 52
2.2176 -1.1913 5.2200 41 53 67
2.4417 -1.2440 5.4510 27 61 71
2.5361 -1.2331 5.4030 28 43 60
2.4664 -1.1429 5.0080 184 195 93
2.5738 -1.1429 5.0080 157 190 76
-2.9616 -1.2923 5.7040 11 12 3
-2.9766 -1.3549 5.9800 18 10 9
-2.8114 -1.3420 5.9230 11 9 16
-2.6843 -1.3420 5.9230 62 87 66
-2.4993 -1.3166 5.8110 11 14 13
-2.3975 -1.3293 5.8670 5 5 5
-2.2403 -1.3166 5.8110 9 8 12
-1.9500 -1.2135 5.3560 45 48 30
-1.8423 -1.2241 5.4030 14 19 5
-1.7730 -1.2572 5.5490 9 6 3
-1.8078 -1.3818 6.0990 15 11 12
-1.5829 -1.3043 5.7570 25 36 36
-1.4365 -1.2923 5.7040 20 25 30
-1.2672 -1.2461 5.5000 14 31 45
-1.2161 -1.3293 5.8670 21 31 49
-1.0130 -1.2461 5.5000 23 41 48
-0.8481 -1.1929 5.2650 5 24 26
-0.7108 -1.1534 5.0910 75 92 64
-0.6031 -1.1727 5.1760 21 27 29
-0.5048 -1.2031 5.3100 30 52 55
-0.3957 -1.2461 5.5000 25 42 43
-0.2485 -1.1929 5.2650 22 25 24
-0.1400 -1.3166 5.8110 36 42 44
-0.0148 -1.2688 5.6000 133 141 140
0.1466 -1.6229 7.1630 23 27 22
0.2645 -1.2350 5.4510 21 20 22
0.3912 -1.1827 5.2200 24 36 42
0.4989 -1.1727 5.1760 38 54 45
0.5937 -1.1256 4.9680 41 53 45
0.7421 -1.1929 5.2650 46 59 56
0.9123 -1.2350 5.4510 28 43 42
1.1183 -1.3420 5.9230 83 96 93
1.2698 -1.3682 6.0390 82 95 82
1.2698 -1.2241 5.4030 49 65 56
1.3619 -1.2031 5.3100 36 60 58
1.4720 -1.1929 5.2650 39 51 53
1.5985 -1.2031 5.3100 51 75 61
1.7361 -1.2135 5.3560 42 62 55
1.8196 -1.1929 5.2650 43 61 57
1.8926 -1.1630 5.1330 34 55 44
1.9383 -1.1256 4.9680 35 48 47
2.1213 -1.1630 5.1330 22 49 42
2.3284 -1.2135 5.3560 43 50 54
2.5405 -1.2572 5.5490 34 63 64
2.4808 -1.1727 5.1760 127 136 100
2.5160 -1.1346 5.0080 154 194 66
2.6025 -1.1256 4.9680 75 90 45
-2.9321 -1.2948 5.7570 42 35 25
-2.8896 -1.3322 5.9230 16 18 9
-2.8345 -1.3718 6.0990 9 8 8
-2.5760 -1.3070 5.8110 11 11 7
-2.4653 -1.3196 5.8670 12 27 11
-2.3617 -1.3322 5.9230 13 13 13
-2.1035 -1.2595 5.6000 10 14 9
-1.8807 -1.1943 5.3100 11 10 10
-1.8540 -1.2595 5.6000 5 22 0
-1.7496 -1.2710 5.6510 19 18 18
-1.6342 -1.2829 5.7040 9 4 2
-1.4708 -1.2481 5.5490 7 10 13
-1.3188 -1.2260 5.4510 9 23 25
-1.2235 -1.2481 5.5490 1 14 25
-1.1581 -1.3196 5.8670 18 27 37
-0.9176 -1.1842 5.2650 12 29 43
-0.7959 -1.1842 5.2650 23 37 39
-0.6549 -1.1356 5.0490 41 50 43
-0.5613 -1.1842 5.2650 44 48 20
-0.4601 -1.2152 5.4030 16 15 15
-0.3295 -1.1943 5.3100 22 29 33
-0.2174 -1.2047 5.3560 14 19 24
-0.0979 -1.2595 5.6000 19 25 27
0.0272 -1.5393 6.8440 18 22 34
0.1613 -1.1943 5.3100 23 36 33
0.2800 -1.2152 5.4030 24 24 24
0.3825 -1.1741 5.2200 25 37 43
0.4989 -1.1642 5.1760 40 58 52
0.5902 -1.1264 5.0080 50 62 54
0.7421 -1.1842 5.2650 59 72 69
0.9033 -1.2260 5.4510 39 57 55
1.1183 -1.3322 5.9230 81 95 86
1.2698 -1.3583 6.0390 32 42 28
1.2698 -1.2152 5.4030 43 57 46
1.3619 -1.1943 5.3100 35 54 58
1.4720 -1.1842 5.2650 68 78 83
1.5985 -1.1943 5.3100 32 58 45
1.7514 -1.2152 5.4030 46 65 55
1.8196 -1.1842 5.2650 45 62 65
1.8926 -1.1545 5.1330 33 53 38
1.9383 -1.1174 4.9680 38 52 54
2.1213 -1.1545 5.1330 23 48 41
2.3284 -1.2047 5.3560 39 50 50
2.5405 -1.2481 5.5490 23 49 49
2.4808 -1.1642 5.1760 131 154 90
2.5160 -1.1264 5.0080 122 169 39
2.6025 -1.1174 4.9680 103 122 55
-2.9321 -1.2853 5.7570 38 34 23
-2.8623 -1.3099 5.8670 15 17 8
-2.8066 -1.3483 6.0390 6 2 3
-2.5760 -1.2974 5.8110 7 7 3
-2.4653 -1.3099 5.8670 9 26 10
-2.3394 -1.3099 5.8670 11 12 8
-2.1035 -1.2503 5.6000 6 12 10
-1.8807 -1.1855 5.3100 12 12 12
-1.8540 -1.2503 5.6000 3 16 0
-1.7338 -1.2503 5.6000 19 18 20
-1.5617 -1.2170 5.4510 13 10 7
-1.4196 -1.1958 5.3560 8 11 14
-1.3188 -1.2170 5.4510 6 20 22
-1.2235 -1.2389 5.5490 15 26 37
-1.1581 -1.3099 5.8670 18 27 37
-0.9254 -1.1855 5.3100 12 29 43
-0.8027 -1.1855 5.3100 32 44 46
-0.6604 -1.1366 5.0910 31 41 29
-0.5613 -1.1755 5.2650 58 66 35
-0.4601 -1.2063 5.4030 30 31 27
-0.3295 -1.1855 5.3100 17 24 28
-0.2174 -1.1958 5.3560 27 33 35
-0.1072 -1.2503 5.6000 41 52 52
0.0272 -1.5280 6.8440 22 26 38
0.1700 -1.1855 5.3100 58 83 78
0.2953 -1.1958 5.3560 16 19 18
0.3998 -1.1654 5.2200 42 55 54
0.5117 -1.1460 5.1330 39 47 46
0.6117 -1.1273 5.0490 80 93 88
0.7595 -1.1755 5.2650 54 67 62
0.9033 -1.2170 5.4510 29 46 47
1.0870 -1.2853 5.7570 26 42 33
1.1882 -1.2617 5.6510 36 46 34
1.2080 -1.1556 5.1760 35 50 49
1.3302 -1.1654 5.2200 29 46 51
1.4758 -1.1855 5.3100 46 53 59
1.5898 -1.1855 5.3100 42 47 54
1.7425 -1.2063 5.4030 30 55 50
1.7954 -1.1654 5.2200 67 81 87
1.8841 -1.1460 5.1330 41 61 44
1.9457 -1.1181 5.0080 48 63 62
2.1306 -1.1556 5.1760 37 52 51
2.2996 -1.1855 5.3100 20 38 36
2.5090 -1.2280 5.5000 31 55 55
2.4933 -1.1654 5.2200 64 109 36
2.5077 -1.1181 5.0080 134 164 59
2.5943 -1.1092 4.9680 124 156 65
-2.9145 -1.2641 5.7040 22 18 9
-2.8719 -1.3002 5.8670 11 11 5
-2.8166 -1.3383 6.0390 7 6 8
-2.5856 -1.2878 5.8110 9 8 8
-2.4513 -1.2878 5.8110 0 17 2
-2.3266 -1.2878 5.8110 13 13 7
-2.1320 -1.2523 5.6510 7 13 11
-1.8894 -1.1768 5.3100 10 10 10
-1.8463 -1.2297 5.5490 54 64 37
-1.7431 -1.2410 5.6000 18 17 19
-1.5849 -1.2189 5.5000 15 12 9
-1.4285 -1.1870 5.3560 15 18 21
-1.3278 -1.2080 5.4510 36 53 54
-1.2109 -1.2080 5.4510 7 23 33
-1.1789 -1.3126 5.9230 19 27 46
-0.9505 -1.1974 5.4030 16 33 47
-0.8274 -1.1870 5.3560 18 30 34
-0.6688 -1.1282 5.0910 50 59 50
-0.5787 -1.1668 5.2650 63 76 43
-0.4649 -1.1870 5.3560 81 83 70
-0.3441 -1.1668 5.2650 23 37 39
-0.2168 -1.1376 5.1330 32 38 38
-0.1143 -1.2189 5.5000 61 72 68
0.0139 -1.3253 5.9800 28 41 50
0.1408 -1.3126 5.9230 37 41 34
0.2489 -1.1768 5.3100 32 36 31
0.3537 -1.1471 5.1760 24 41 53
0.4814 -1.1668 5.2650 47 64 65
0.5609 -1.1010 4.9680 48 59 55
0.7039 -1.1471 5.1760 38 51 50
0.8361 -1.1768 5.3100 21 40 28
0.9842 -1.2080 5.4510 37 43 45
1.1416 -1.2523 5.6510 39 48 39
1.1556 -1.1376 5.1330 22 47 42
1.2151 -1.0921 4.9280 35 54 54
1.4444 -1.1870 5.3560 33 45 47
1.5460 -1.1768 5.3100 56 60 53
1.7130 -1.2080 5.4510 28 55 50
1.7980 -1.1870 5.3560 41 58 59
1.8572 -1.1471 5.1760 47 54 58
1.9199 -1.1189 5.0490 39 46 40
2.0878 -1.1471 5.1760 35 45 29
2.2367 -1.1668 5.2650 66 82 71
2.4417 -1.2080 5.4510 77 104 84
2.5361 -1.1974 5.4030 121 173 100
2.4866 -1.1189 5.0490 154 176 104
2.5738 -1.1099 5.0080 104 136 56
-2.9616 -1.2547 5.7040 14 14 8
-2.9204 -1.2905 5.8670 15 10 8
-2.8384 -1.3154 5.9800 6 5 7
-2.6843 -1.3029 5.9230 86 100 91
-2.4993 -1.2782 5.8110 10 13 14
-2.3746 -1.2782 5.8110 10 9 9
-2.1991 -1.2547 5.7040 1 4 7
-1.9671 -1.1885 5.4030 100 106 106
-1.8423 -1.1885 5.4030 44 50 31
-1.7730 -1.2206 5.5490 25 26 17
-1.6539 -1.2206 5.5490 2 12 15
-1.4476 -1.1581 5.2650 16 29 28
-1.3697 -1.1885 5.4030 13 18 23
-1.2559 -1.1990 5.4510 14 27 38
-1.2028 -1.2663 5.7570 13 30 46
-1.0407 -1.2318 5.6000 64 81 93
-0.8728 -1.1680 5.3100 22 34 38
-0.7251 -1.1291 5.1330 41 42 31
-0.6202 -1.1385 5.1760 116 125 118
-0.5092 -1.1581 5.2650 96 107 105
-0.4102 -1.1990 5.4510 24 32 31
-0.2633 -1.1106 5.0490 20 28 29
-0.1658 -1.1885 5.4030 22 28 39
-0.0399 -1.1581 5.2650 37 47 50
0.0890 -1.4113 6.4160 40 48 45
0.1963 -1.1680 5.3100 29 42 37
0.3076 -1.1581 5.2650 24 39 36
0.4293 -1.1581 5.2650 23 27 22
0.5243 -1.1198 5.0910 36 44 41
0.6420 -1.1198 5.0910 51 57 40
0.7769 -1.1581 5.2650 33 40 48
0.9303 -1.1990 5.4510 31 44 43
1.0958 -1.2547 5.7040 23 47 45
1.1428 -1.1680 5.3100 42 52 40
1.1663 -1.0840 4.9280 31 50 40
1.3678 -1.1581 5.2650 50 64 66
1.5109 -1.1680 5.3100 51 65 56
1.6770 -1.1990 5.4510 62 81 69
1.7627 -1.1781 5.3560 51 59 44
1.8385 -1.1482 5.2200 63 69 69
1.8866 -1.1106 5.0490 39 36 33
2.0199 -1.1198 5.0910 38 51 48
2.2019 -1.1581 5.2650 28 51 43
2.3845 -1.1885 5.4030 154 192 92
2.5226 -1.1990 5.4510 53 73 66
2.4737 -1.1198 5.0910 40 67 36
2.5408 -1.1016 5.0080 123 171 79
2.6353 -1.0928 4.9680 148 188 119
-2.8769 -1.2453 5.7040 15 11 12
-2.8235 -1.2809 5.8670 33 30 25
-2.7496 -1.3055 5.9800 15 18 17
-2.5718 -1.2809 5.8670 10 9 9
-2.4130 -1.2686 5.8110 2 3 0
-2.2461 -1.2453 5.7040 8 10 1
-2.0569 -1.2114 5.5490 17 20 23
-1.8704 -1.1693 5.3560 10 11 2
-1.8263 -1.2226 5.6000 11 13 2
-1.6906 -1.2114 5.5490 14 27 24
-1.4697 -1.1396 5.2200 11 10 10
-1.3694 -1.1494 5.2650 14 20 22
-1.2805 -1.1796 5.4030 13 29 39
-1.1960 -1.2114 5.5490 52 63 72
-1.1078 -1.2568 5.7570 9 22 33
-0.9238 -1.1796 5.4030 13 25 39
-0.7785 -1.1494 5.2650 37 49 39
-0.6489 -1.1206 5.1330 75 81 83
-0.5486 -1.1593 5.3100 34 44 19
-0.4423 -1.1796 5.4030 36 36 36
-0.3016 -1.1206 5.1330 36 44 45
-0.1930 -1.1300 5.1760 41 47 49
-0.0760 -1.1693 5.3560 22 33 31
0.0457 -1.3723 6.2860 43 51 48
0.1599 -1.1494 5.2650 35 42 48
0.2752 -1.1593 5.3100 22 31 24
0.3879 -1.1300 5.1760 26 33 37
0.4989 -1.1300 5.1760 27 41 45
0.6033 -1.1023 5.0490 42 50 47
0.7358 -1.1396 5.2200 43 49 47
0.8787 -1.1693 5.3560 27 47 44
1.0203 -1.2007 5.5000 36 43 37
1.0890 -1.1396 5.2200 38 43 31
1.1522 -1.0933 5.0080 30 53 49
1.2996 -1.1206 5.1330 52 63 63
1.4460 -1.1494 5.2650 45 53 52
1.6087 -1.1796 5.4030 39 46 50
1.7399 -1.1900 5.4510 31 43 45
1.7868 -1.1396 5.2200 72 87 71
1.8988 -1.1396 5.2200 27 46 36
1.9533 -1.1023 5.0490 37 57 50
2.1135 -1.1300 5.1760 29 37 26
2.3107 -1.1693 5.3560 0 19 0
2.4469 -1.1796 5.4030 28 50 49
2.4847 -1.1396 5.2200 101 137 62
2.5116 -1.1023 5.0490 165 187 90
2.5779 -1.0846 4.9680 151 178 48
-2.9061 -1.2244 5.6510 24 16 13
-2.8637 -1.2590 5.8110 23 18 14
-2.7821 -1.2833 5.9230 11 10 10
-2.6299 -1.2712 5.8670 10 8 15
-2.4705 -1.2590 5.8110 5 27 11
-2.3458 -1.2590 5.8110 11 10 10
-2.1507 -1.2244 5.6510 9 12 13
-1.9235 -1.1605 5.3560 88 102 80
-1.8646 -1.2023 5.5490 22 28 9
-1.7616 -1.2133 5.6000 12 9 6
-1.5747 -1.1706 5.4030 11 8 5
-1.3975 -1.1215 5.1760 18 20 26
-1.3340 -1.1706 5.4030 20 37 40
-1.2289 -1.1810 5.4510 13 22 34
-1.1758 -1.2590 5.8110 14 23 44
-1.0037 -1.2023 5.5490 15 35 46
-0.8525 -1.1706 5.4030 24 41 46
-0.6997 -1.1121 5.1330 49 47 39
-0.5961 -1.1407 5.2650 138 132 106
-0.4872 -1.1505 5.3100 154 79 87
-0.3645 -1.1505 5.3100 9 27 36
-0.2364 -1.0851 5.0080 23 29 27
-0.1279 -1.1505 5.3100 27 34 38
-0.0142 -1.1706 5.4030 101 114 123
0.1157 -1.2244 5.6510 25 32 24
0.2207 -1.1407 5.2650 27 34 28
0.3338 -1.1121 5.1330 28 41 38
0.4593 -1.1505 5.3100 24 32 31
0.5533 -1.0939 5.0490 42 50 47
0.6727 -1.1121 5.1330 41 46 32
0.8116 -1.1407 5.2650 37 49 41
0.9573 -1.1810 5.4510 35 41 41
1.0737 -1.1706 5.4030 38 51 50
1.1209 -1.1030 5.0910 38 51 50
1.1894 -1.0593 4.8890 48 53 43
1.3938 -1.1407 5.2650 26 43 46
1.5552 -1.1706 5.4030 45 57 49
1.7011 -1.1917 5.5000 35 55 38
1.7803 -1.1605 5.3560 26 35 26
1.8316 -1.1215 5.1760 40 47 51
1.9265 -1.1121 5.1330 41 37 40
2.0451 -1.1121 5.1330 38 53 50
2.2106 -1.1407 5.2650 31 50 38
2.3726 -1.1605 5.3560 139 187 79
2.5093 -1.1706 5.4030 49 42 51
2.4821 -1.1030 5.0910 105 121 69
2.5287 -1.0764 4.9680 167 198 75
-2.9898 -1.2264 5.7040 13 8 6
-2.8675 -1.2264 5.7040 15 9 11
-2.8138 -1.2615 5.8670 31 31 25
-2.7136 -1.2735 5.9230 14 17 16
-2.5280 -1.2494 5.8110 11 11 11
-2.3810 -1.2378 5.7570 5 4 4
-2.1867 -1.2041 5.6000 7 4 1
-2.0297 -1.1826 5.5000 18 20 28
-1.8528 -1.1516 5.3560 12 10 0
-1.8170 -1.2041 5.6000 9 11 0
-1.6722 -1.1931 5.5490 12 23 19
-1.4488 -1.1129 5.1760 12 12 12
-1.3636 -1.1417 5.3100 20 28 29
-1.2716 -1.1617 5.4030 8 24 34
-1.1885 -1.2041 5.6000 9 22 33
-1.0781 -1.2150 5.6510 8 20 26
-0.9140 -1.1720 5.4510 18 34 42
-0.7699 -1.1321 5.2650 15 28 15
-0.6319 -1.1037 5.1330 8 38 41
-0.5398 -1.1417 5.3100 37 39 26
-0.4244 -1.1617 5.4030 23 23 19
-0.2907 -1.0946 5.0910 18 26 27
-0.1731 -1.0946 5.0910 35 40 47
-0.0654 -1.1224 5.2200 24 37 34
0.0632 -1.2858 5.9800 20 30 33
0.1686 -1.1321 5.2650 27 34 42
0.2878 -1.1224 5.2200 25 34 27
0.3998 -1.1224 5.2200 20 26 24
0.5204 -1.1224 5.2200 43 51 50
0.6168 -1.0946 5.0910 41 47 45
0.7467 -1.1129 5.1760 41 47 45
0.8875 -1.1516 5.3560 38 56 52
1.0477 -1.1931 5.5490 58 73 68
1.0793 -1.1037 5.1330 62 64 51
1.1700 -1.0856 5.0490 32 52 47
1.3080 -1.1037 5.1330 38 47 40
1.4798 -1.1516 5.3560 36 47 47
1.6320 -1.1720 5.4510 33 41 40
1.7489 -1.1720 5.4510 41 41 43
1.7954 -1.1224 5.2200 34 43 5
1.9074 -1.1224 5.2200 29 35 35
1.9616 -1.0856 5.0490 32 53 40
2.1220 -1.1129 5.1760 116 119 69
2.2996 -1.1417 5.3100 82 108 64
2.4345 -1.1516 5.3560 50 74 60
2.4723 -1.1129 5.1760 138 176 89
2.4795 -1.0682 4.9680 135 166 64
2.5943 -1.0682 4.9680 88 126 10
-2.8968 -1.2057 5.6510 32 25 15
-2.8181 -1.2283 5.7570 11 11 5
-2.7723 -1.2638 5.9230 8 12 7
-2.6105 -1.2518 5.8670 9 3 7
-2.4609 -1.2399 5.8110 2 17 3
-2.2626 -1.2057 5.6510 15 16 12
-2.1027 -1.1840 5.5490 8 10 16
-1.9058 -1.1428 5.3560 13 18 8
-1.8725 -1.1948 5.6000 9 15 0
-1.7431 -1.1948 5.6000 13 13 9
-1.5522 -1.1428 5.3560 10 10 6
-1.3690 -1.0952 5.1330 13 15 21
-1.3251 -1.1528 5.4030 40 54 60
-1.2109 -1.1630 5.4510 20 25 32
-1.1553 -1.2283 5.7570 22 30 45
-0.9767 -1.1735 5.5000 12 29 34
-0.8435 -1.1528 5.4030 17 30 41
-0.6828 -1.0952 5.1330 30 34 27
-0.5874 -1.1234 5.2650 67 67 45
-0.4779 -1.1528 5.4030 123 59 72
-0.3558 -1.1330 5.3100 19 30 39
-0.2181 -1.0600 4.9680 29 31 22
-0.1171 -1.1138 5.2200 16 16 20
0.0036 -1.1630 5.4510 43 53 60
0.1206 -1.1630 5.4510 28 37 30
0.2381 -1.1234 5.2650 29 33 28
0.3423 -1.0952 5.1330 26 34 35
0.4727 -1.1234 5.2650 28 40 42
0.5663 -1.0862 5.0910 50 57 49
0.6811 -1.0952 5.1330 48 50 41
0.8133 -1.1138 5.2200 32 44 34
0.9749 -1.1735 5.5000 54 62 59
1.0732 -1.1428 5.3560 39 51 53
1.1386 -1.0952 5.1330 37 52 51
1.2266 -1.0685 5.0080 31 46 45
1.4025 -1.1234 5.2650 32 45 44
1.5780 -1.1630 5.4510 30 36 36
1.7254 -1.1840 5.5490 31 50 38
1.7738 -1.1330 5.3100 43 47 42
1.8401 -1.1044 5.1760 41 46 51
1.9434 -1.0952 5.1330 23 36 33
2.0535 -1.0952 5.1330 13 40 20
2.2280 -1.1234 5.2650 25 54 11
2.3610 -1.1330 5.3100 124 159 62
2.5052 -1.1428 5.3560 172 143 133
2.4699 -1.0773 5.0490 129 158 68
2.5451 -1.0600 4.9680 94 122 18
-2.9261 -1.1856 5.6000 11 8 3
-2.8486 -1.2076 5.7040 25 22 19
-2.8042 -1.2421 5.8670 29 32 31
-2.6686 -1.2421 5.8670 15 15 19
-2.5185 -1.2303 5.8110 16 17 13
-2.3620 -1.2188 5.7570 9 9 11
-2.1576 -1.1748 5.5490 6 6 6
-1.9936 -1.1541 5.4510 65 74 84
-1.8935 -1.1644 5.5000 9 10 1
-1.7821 -1.1748 5.5490 11 12 1
-1.6484 -1.1644 5.5000 12 19 13
-1.4082 -1.0778 5.0910 15 21 19
-1.3434 -1.1147 5.2650 16 30 21
-1.2537 -1.1439 5.4030 13 26 37
-1.1793 -1.1856 5.6000 9 19 35
-1.0403 -1.1748 5.5490 6 25 27
-0.8970 -1.1439 5.4030 16 28 34
-0.7525 -1.1147 5.2650 25 33 20
-0.6287 -1.0958 5.1760 17 31 37
-0.5268 -1.1339 5.3560 44 23 22
-0.4192 -1.1541 5.4510 28 28 24
-0.2694 -1.0603 5.0080 21 23 29
-0.1647 -1.0778 5.0910 34 39 44
-0.0568 -1.1051 5.2200 25 38 37
0.0660 -1.1439 5.4030 6 16 19
0.1773 -1.1147 5.2650 23 29 31
0.2964 -1.1051 5.2200 26 34 33
0.4084 -1.1051 5.2200 30 36 36
0.5290 -1.1051 5.2200 42 50 49
0.6303 -1.0867 5.1330 33 40 34
0.7552 -1.0958 5.1760 34 45 41
0.9042 -1.1439 5.4030 30 45 42
1.0666 -1.1856 5.6000 44 59 54
1.0969 -1.0958 5.1760 38 41 40
1.1965 -1.0778 5.0910 34 46 38
1.3275 -1.0958 5.1760 44 45 41
1.5106 -1.1439 5.4030 41 41 41
1.6705 -1.1748 5.5490 34 42 39
1.7669 -1.1541 5.4510 32 32 32
1.8041 -1.1051 5.2200 49 63 23
1.9413 -1.1147 5.2650 37 40 41
2.0027 -1.0867 5.1330 40 51 51
2.1573 -1.1051 5.2200 101 124 47
2.2888 -1.1147 5.2650 123 151 97
2.4522 -1.1339 5.3560 19 24 29
2.4602 -1.0867 5.1330 126 162 58
2.4758 -1.0433 4.9280 143 188 60
2.6025 -1.0518 4.9680 114 144 35
-2.8781 -1.1871 5.6510 15 20 10
-2.8086 -1.2093 5.7570 16 17 11
-2.7267 -1.2324 5.8670 9 13 6
-2.5760 -1.2207 5.8110 15 11 12
-2.4190 -1.2093 5.7570 1 5 0
-2.2329 -1.1764 5.6000 12 13 7
-2.0660 -1.1554 5.5000 9 11 19
-1.9136 -1.1350 5.4030 8 16 3
-1.8371 -1.1656 5.5490 7 15 4
-1.7180 -1.1656 5.5490 26 24 16
-1.4956 -1.0965 5.2200 14 18 13
-1.3494 -1.0694 5.0910 20 23 26
-1.3072 -1.1350 5.4030 10 24 30
-1.2127 -1.1554 5.5000 17 19 27
-1.1053 -1.1764 5.6000 15 21 32
-0.9590 -1.1451 5.4510 14 28 34
-0.8274 -1.1251 5.3560 27 33 33
-0.6800 -1.0873 5.1760 20 35 30
-0.5887 -1.1251 5.3560 48 51 30
-0.4690 -1.1350 5.4030 77 25 34
-0.3441 -1.1060 5.2650 23 28 33
-0.2099 -1.0436 4.9680 26 27 23
-0.1076 -1.0873 5.1760 41 44 45
0.0125 -1.1350 5.4030 11 23 27
0.1262 -1.1154 5.3100 39 45 43
0.2447 -1.0965 5.2200 33 39 37
0.3508 -1.0783 5.1330 29 42 41
0.4773 -1.0965 5.2200 23 34 30
0.5795 -1.0783 5.1330 40 47 39
0.6981 -1.0783 5.1330 51 52 46
0.8290 -1.1060 5.2650 86 98 90
0.9931 -1.1554 5.5000 37 43 41
1.0727 -1.1154 5.3100 36 47 47
1.1652 -1.0873 5.1760 39 51 57
1.2450 -1.0606 5.0490 35 49 51
1.4199 -1.1060 5.2650 36 36 36
1.6155 -1.1656 5.5490 33 38 45
1.7438 -1.1656 5.5490 40 48 47
1.7980 -1.1251 5.3560 32 41 34
1.8730 -1.0965 5.2200 35 40 47
1.9682 -1.0873 5.1760 28 48 41
2.0878 -1.0873 5.1760 67 69 37
2.2558 -1.1154 5.3100 54 87 45
2.3584 -1.1060 5.2650 65 90 14
2.4924 -1.1154 5.3100 75 72 40
2.4270 -1.0352 4.9280 65 89 16
2.5327 -1.0352 4.9280 111 151 66
-2.8811 -1.1565 5.5490 26 26 22
-2.8392 -1.1888 5.7040 16 15 15
-2.7582 -1.2111 5.8110 12 11 13
-2.6335 -1.2111 5.8110 14 13 15
-2.4993 -1.2111 5.8110 9 9 3
-2.3092 -1.1777 5.6510 17 17 17
-2.1015 -1.1361 5.4510 15 15 15
-2.0024 -1.1463 5.5000 8 15 23
-1.8920 -1.1565 5.5490 11 13 4
-1.7730 -1.1565 5.5490 22 24 13
-1.6393 -1.1463 5.5000 14 20 18
-1.3998 -1.0610 5.0910 15 19 14
-1.3347 -1.0973 5.2650 10 23 18
-1.2672 -1.1463 5.5000 18 25 31
-1.1594 -1.1565 5.5490 15 21 34
-1.0221 -1.1463 5.5000 11 28 31
-0.8881 -1.1261 5.4030 17 29 33
-0.7501 -1.1067 5.3100 17 19 10
-0.6362 -1.1067 5.3100 22 29 37
-0.5272 -1.1361 5.4510 45 28 28
-0.4102 -1.1361 5.4510 24 27 26
-0.2591 -1.0354 4.9680 26 26 30
-0.1563 -1.0610 5.0910 35 41 43
-0.0396 -1.0879 5.2200 29 41 43
0.0749 -1.1261 5.4030 27 37 40
0.1963 -1.1067 5.3100 35 43 44
0.3050 -1.0879 5.2200 20 26 26
0.4220 -1.0787 5.1760 19 27 26
0.5331 -1.0787 5.1760 41 44 43
0.6473 -1.0698 5.1330 63 72 63
0.7637 -1.0787 5.1760 46 54 51
0.9303 -1.1361 5.4510 24 38 29
1.0660 -1.1565 5.5490 22 39 42
1.1331 -1.0973 5.2650 32 35 36
1.2049 -1.0610 5.0910 29 37 36
1.3446 -1.0787 5.1760 27 31 24
1.5330 -1.1361 5.4510 40 46 46
1.7198 -1.1777 5.6510 34 41 33
1.7919 -1.1463 5.5000 35 38 37
1.8213 -1.0879 5.2200 45 50 36
1.9499 -1.0973 5.2650 29 35 37
2.0366 -1.0787 5.1760 39 48 58
2.1659 -1.0879 5.2200 78 112 22
2.3062 -1.0973 5.2650 102 131 29
2.4399 -1.1067 5.3100 203 152 152
2.4569 -1.0610 5.0910 87 116 57
2.4643 -1.0189 4.8890 72 87 0
2.6189 -1.0354 4.9680 109 129 69
-2.8429 -1.1579 5.6000 14 21 13
-2.7896 -1.1903 5.7570 18 22 15
-2.6911 -1.2015 5.8110 15 18 17
-2.5568 -1.2015 5.8110 16 15 15
-2.4095 -1.1903 5.7570 16 17 13
-2.2034 -1.1473 5.5490 18 19 15
-2.0569 -1.1372 5.5000 16 18 24
-1.9562 -1.1473 5.5490 9 13 8
-1.8447 -1.1579 5.6000 13 20 12
-1.7246 -1.1579 5.6000 20 18 8
-1.4869 -1.0793 5.2200 18 19 13
-1.3410 -1.0526 5.0910 15 21 19
-1.2983 -1.1171 5.4030 12 21 31
-1.2143 -1.1473 5.5490 16 18 26
-1.0861 -1.1473 5.5490 18 20 28
-0.9500 -1.1271 5.4510 19 29 34
-0.8097 -1.1074 5.3560 21 24 23
-0.6771 -1.0793 5.2200 10 25 22
-0.5811 -1.1271 5.4510 75 79 56
-0.4642 -1.1271 5.4510 38 22 27
-0.3239 -1.0793 5.2200 72 64 63
-0.2033 -1.0355 5.0080 30 33 32
-0.0905 -1.0702 5.1760 33 39 39
0.0216 -1.1271 5.4510 45 52 58
0.1438 -1.0979 5.3100 28 36 33
0.2555 -1.0886 5.2650 27 33 33
0.3647 -1.0526 5.0910 24 31 35
0.4778 -1.0613 5.1330 30 36 36
0.5964 -1.0613 5.1330 43 50 58
0.7066 -1.0613 5.1330 40 47 41
0.8610 -1.1074 5.3560 32 42 47
1.0297 -1.1684 5.6510 31 42 40
1.0997 -1.1074 5.3560 43 54 50
1.2042 -1.0979 5.3100 43 55 61
1.2934 -1.0702 5.1760 32 40 39
1.4408 -1.0979 5.3100 15 18 17
1.6795 -1.1794 5.7040 30 43 40
1.7690 -1.1579 5.6000 47 60 55
1.8001 -1.0979 5.3100 41 52 31
1.8978 -1.0886 5.2650 40 53 52
1.9853 -1.0702 5.1760 37 52 47
2.0964 -1.0702 5.1760 191 159 127
2.2541 -1.0886 5.2650 97 136 54
2.3468 -1.0793 5.2200 46 75 43
2.4674 -1.0793 5.2200 85 123 38
2.4159 -1.0109 4.8890 168 185 85
2.5208 -1.0109 4.8890 177 201 90
-2.8720 -1.1382 5.5490 23 24 13
-2.8298 -1.1700 5.7040 23 23 23
-2.6980 -1.1700 5.7040 18 17 17
-2.6239 -1.1919 5.8110 13 12 14
-2.4897 -1.1919 5.8110 18 18 12
-2.2999 -1.1591 5.6510 18 25 19
-2.0925 -1.1181 5.4510 5 4 4
-1.9933 -1.1281 5.5000 14 17 20
-1.8829 -1.1382 5.5490 15 17 8
-1.7638 -1.1382 5.5490 23 25 14
-1.5926 -1.1082 5.4030 15 18 17
-1.3914 -1.0442 5.0910 8 16 15
-1.3173 -1.0799 5.2650 10 23 22
-1.2693 -1.1382 5.5490 20 19 28
-1.1411 -1.1382 5.5490 17 24 30
-1.0040 -1.1181 5.4510 10 29 31
-0.8703 -1.1082 5.4030 18 28 33
-0.7478 -1.0986 5.3560 25 26 15
-0.6295 -1.1082 5.4030 67 86 76
-0.5182 -1.1181 5.4510 54 32 36
-0.3888 -1.1082 5.4030 15 21 21
-0.2550 -1.0356 5.0490 16 16 20
-0.1418 -1.0617 5.1760 25 27 33
-0.0315 -1.0892 5.3100 17 32 31
0.0936 -1.1181 5.4510 32 45 44
0.2051 -1.0892 5.3100 26 38 40
0.3143 -1.0442 5.0910 19 26 30
0.4235 -1.0442 5.0910 29 35 33
0.5456 -1.0528 5.1330 44 44 46
0.6504 -1.0442 5.0910 35 44 37
0.7808 -1.0617 5.1760 32 40 37
0.9649 -1.1486 5.6000 32 43 41
1.0844 -1.1382 5.5490 34 48 52
1.1616 -1.0986 5.3560 44 49 56
1.2217 -1.0442 5.0910 33 41 38
1.3532 -1.0617 5.1760 39 39 33
1.5789 -1.1382 5.5490 38 50 56
1.7454 -1.1700 5.7040 36 44 33
1.7939 -1.1181 5.4510 29 32 31
1.8457 -1.0799 5.2650 60 64 43
1.9925 -1.0986 5.3560 25 25 25
2.0281 -1.0528 5.1330 42 54 60
2.1745 -1.0707 5.2200 44 66 19
2.2758 -1.0617 5.1760 127 171 60
2.4279 -1.0799 5.2650 168 180 141
2.4251 -1.0272 5.0080 43 68 22
2.4334 -0.9870 4.8120 146 170 88
2.5853 -1.0028 4.8890 153 192 58
-2.8337 -1.1394 5.6000 23 23 23
-2.7289 -1.1498 5.6510 17 21 16
-2.6321 -1.1606 5.7040 14 20 18
-2.5472 -1.1823 5.8110 13 12 14
-2.3779 -1.1606 5.7040 18 24 22
-2.1465 -1.1091 5.4510 14 18 13
-2.0296 -1.1091 5.4510 12 11 15
-1.9556 -1.1394 5.6000 11 14 15
-1.8355 -1.1394 5.6000 15 22 14
-1.6906 -1.1290 5.5490 17 17 11
-1.4659 -1.0531 5.1760 18 18 14
-1.3351 -1.0444 5.1330 14 20 18
-1.3125 -1.1190 5.5000 8 18 25
-1.1960 -1.1290 5.5490 40 51 51
-1.0675 -1.1190 5.5000 18 23 30
-0.9320 -1.1091 5.4510 22 32 35
-0.8150 -1.1091 5.4510 23 26 25
-0.6713 -1.0804 5.3100 124 154 175
-0.5671 -1.0993 5.4030 17 34 0
-0.4462 -1.1091 5.4510 75 77 66
-0.3126 -1.0531 5.1760 49 32 32
-0.1883 -1.0273 5.0490 91 99 96
-0.0827 -1.0621 5.2200 15 26 24
0.0403 -1.1290 5.5490 23 35 39
0.1538 -1.0897 5.3560 25 31 31
0.2729 -1.0712 5.2650 41 49 50
0.3700 -1.0273 5.0490 34 37 40
0.4948 -1.0444 5.1330 49 56 48
0.6000 -1.0358 5.0910 27 37 42
0.7296 -1.0531 5.1760 40 41 35
0.8853 -1.1091 5.4510 38 48 51
1.0680 -1.1713 5.7570 29 44 43
1.0990 -1.0804 5.3100 37 43 43
1.1909 -1.0531 5.1760 42 44 50
1.2911 -1.0444 5.1330 43 47 42
1.4373 -1.0712 5.2650 38 42 35
1.7046 -1.1713 5.7570 32 45 42
1.7945 -1.1498 5.6510 42 48 46
1.8089 -1.0804 5.3100 30 39 19
1.9395 -1.0897 5.3560 26 55 33
2.0108 -1.0621 5.2200 47 60 45
2.1049 -1.0531 5.1760 137 153 76
2.2628 -1.0712 5.2650 53 72 21
2.3554 -1.0621 5.2200 34 67 23
2.4552 -1.0531 5.1760 150 174 103
2.3858 -0.9791 4.8120 148 170 55
2.5369 -0.9947 4.8890 123 154 99
-2.8628 -1.1199 5.5490 18 22 15
-2.7849 -1.1404 5.6510 13 20 24
-2.6636 -1.1404 5.6510 19 19 15
-2.5806 -1.1618 5.7570 19 15 16
-2.4801 -1.1727 5.8110 12 13 9
-2.2401 -1.1199 5.5490 15 19 12
-2.0652 -1.0904 5.4030 11 9 16
-1.9752 -1.1100 5.5000 11 12 6
-1.8737 -1.1199 5.5490 15 16 10
-1.7616 -1.1302 5.6000 14 15 4
-1.5837 -1.0904 5.4030 22 23 19
-1.3746 -1.0274 5.0910 18 26 25
-1.3198 -1.0716 5.3100 1 12 12
-1.2625 -1.1302 5.6000 23 25 31
-1.1319 -1.1199 5.5490 20 25 32
-0.9860 -1.1001 5.4510 12 29 32
-0.8614 -1.0904 5.4030 27 34 38
-0.7365 -1.0904 5.4030 40 38 26
-0.6152 -1.0809 5.3560 66 84 51
-0.5002 -1.1001 5.4510 33 18 17
-0.3765 -1.0809 5.3560 39 41 47
-0.2383 -1.0190 5.0490 14 20 20
-0.1344 -1.0535 5.2200 38 50 64
-0.0142 -1.0904 5.4030 75 92 93
0.1035 -1.1100 5.5000 33 44 42
0.2226 -1.0716 5.3100 31 43 45
0.3227 -1.0274 5.0910 39 57 53
0.4403 -1.0274 5.0910 27 38 36
0.5495 -1.0274 5.0910 38 38 40
0.6642 -1.0359 5.1330 41 52 52
0.7961 -1.0535 5.2200 36 39 40
1.0109 -1.1727 5.8110 34 45 43
1.1036 -1.1302 5.6000 31 44 43
1.1604 -1.0716 5.3100 43 55 59
1.2200 -1.0190 5.0490 28 35 27
1.3617 -1.0446 5.1760 23 23 19
1.6173 -1.1404 5.6510 44 56 60
1.7548 -1.1511 5.7040 33 50 34
1.8029 -1.1001 5.4510 52 60 59
1.8702 -1.0716 5.3100 88 105 68
1.9929 -1.0716 5.3100 140 150 82
2.0199 -1.0274 5.0910 69 71 55
2.1917 -1.0535 5.2200 42 48 29
2.2653 -1.0359 5.1330 85 125 24
2.4243 -1.0535 5.2200 153 179 94
2.4139 -1.0026 4.9680 72 108 33
2.4493 -0.9711 4.8120 104 137 68
2.5934 -0.9867 4.8890 93 120 21
-2.8152 -1.1209 5.6000 22 25 26
-2.7196 -1.1311 5.6510 10 13 14
-2.5890 -1.1311 5.6510 11 14 13
-2.5141 -1.1523 5.7570 12 11 13
-2.3591 -1.1417 5.7040 6 10 5
-2.1375 -1.0911 5.4510 5 5 5
-2.0116 -1.0911 5.4510 19 15 16
-1.9464 -1.1209 5.6000 26 26 26
-1.8170 -1.1209 5.6000 49 60 41
-1.6969 -1.1209 5.6000 54 55 51
-1.4488 -1.0360 5.1760 13 13 13
-1.3377 -1.0360 5.1760 7 13 13
-1.3299 -1.1311 5.6510 11 23 29
-1.1869 -1.1107 5.5490 46 66 61
-1.0493 -1.1009 5.5000 11 21 28
-0.9230 -1.0911 5.4510 17 29 33
-0.8042 -1.1009 5.5000 15 19 14
-0.6682 -1.0721 5.3560 0 27 48
-0.5493 -1.0815 5.4030 39 49 22
-0.4333 -1.0815 5.4030 25 26 17
-0.2981 -1.0448 5.2200 26 25 27
-0.1877 -1.0539 5.2650 72 95 89
-0.0741 -1.0448 5.2200 10 28 35
0.0509 -1.1417 5.7040 17 27 34
0.1656 -1.0911 5.4510 26 32 32
0.2816 -1.0539 5.2650 27 38 34
0.3753 -1.0024 5.0080 35 41 41
0.4950 -1.0106 5.0490 51 58 50
0.6084 -1.0190 5.0910 39 42 43
0.7381 -1.0360 5.1760 41 45 40
0.9187 -1.1209 5.6000 37 50 49
1.0775 -1.1523 5.7570 29 40 38
1.1174 -1.0721 5.3560 43 49 49
1.1894 -1.0274 5.1330 34 37 38
1.3105 -1.0360 5.1760 41 42 38
1.5060 -1.0911 5.4510 43 50 44
1.6983 -1.1417 5.7040 28 42 33
1.7804 -1.1107 5.5490 29 35 37
1.8176 -1.0629 5.3100 53 59 42
1.9571 -1.0721 5.3560 34 44 28
2.0024 -1.0360 5.1760 48 56 43
2.0872 -1.0190 5.0910 91 110 30
2.2331 -1.0360 5.1760 71 85 34
2.3527 -1.0360 5.1760 32 57 40
2.4233 -1.0190 5.0910 127 158 44
2.4016 -0.9632 4.8120 91 117 48
2.5450 -0.9786 4.8890 90 121 48
-2.8445 -1.1015 5.5490 27 32 18
-2.7505 -1.1117 5.6000 17 27 32
-2.5972 -1.1015 5.5490 13 7 9
-2.5711 -1.1428 5.7570 6 2 3
-2.4609 -1.1536 5.8110 7 11 6
-2.2309 -1.1015 5.5490 10 10 6
-2.0655 -1.0821 5.4510 9 11 19
-1.9836 -1.1015 5.5490 10 14 9
-1.8725 -1.1117 5.6000 16 21 11
-1.7683 -1.1218 5.6510 12 9 4
-1.5658 -1.0726 5.4030 10 9 9
-1.3890 -1.0275 5.1760 5 11 9
-1.3135 -1.0632 5.3560 50 63 58
-1.2765 -1.1323 5.7040 15 18 21
-1.1136 -1.1015 5.5490 31 32 45
-0.9770 -1.0821 5.4510 18 35 40
-0.8510 -1.0821 5.4510 13 31 29
-0.7341 -1.0821 5.4510 25 29 24
-0.6064 -1.0632 5.3560 51 66 39
-0.4912 -1.0821 5.4510 29 25 14
-0.3645 -1.0541 5.3100 54 54 56
-0.2338 -1.0190 5.1330 29 40 40
-0.1279 -1.0541 5.3100 174 199 206
-0.0054 -1.0821 5.4510 39 56 61
0.1136 -1.1015 5.5490 45 53 52
0.2334 -1.0632 5.3560 30 43 42
0.3257 -0.9941 5.0080 29 47 43
0.4414 -0.9941 5.0080 29 40 40
0.5533 -1.0023 5.0490 58 58 58
0.6811 -1.0190 5.1330 36 44 45
0.8116 -1.0452 5.2650 31 31 35
1.0705 -1.1988 6.0390 30 43 40
1.1128 -1.1117 5.6000 31 40 50
1.1579 -1.0362 5.2200 37 49 53
1.2183 -0.9941 5.0080 26 35 26
1.3905 -1.0362 5.2200 39 40 36
1.6266 -1.1218 5.6510 29 42 51
1.7736 -1.1323 5.7040 31 46 32
1.7960 -1.0726 5.4030 22 30 29
1.8877 -1.0541 5.3100 117 146 76
2.0017 -1.0541 5.3100 113 130 60
2.0367 -1.0106 5.0910 67 46 31
2.2004 -1.0362 5.2200 45 73 46
2.2823 -1.0190 5.1330 54 69 13
2.4125 -1.0275 5.1760 134 159 52
2.3726 -0.9628 4.8500 130 159 48
2.4572 -0.9552 4.8120 112 142 49
-2.8738 -1.0827 5.5000 11 15 8
-2.8059 -1.1024 5.6000 11 17 19
-2.6765 -1.1024 5.6000 15 15 15
-2.5797 -1.1125 5.6510 8 8 10
-2.4950 -1.1333 5.7570 6 6 8
-2.3279 -1.1125 5.6510 5 11 9
-2.1195 -1.0731 5.4510 9 8 8
-2.0026 -1.0731 5.4510 13 13 13
-1.9279 -1.1024 5.6000 5 18 3
-1.8078 -1.1024 5.6000 57 76 34
-1.6631 -1.0924 5.5490 11 7 10
-1.4402 -1.0190 5.1760 5 5 5
-1.3405 -1.0276 5.2200 6 9 10
-1.3454 -1.1333 5.7570 19 25 38
-1.1777 -1.0924 5.5490 35 55 52
-1.0402 -1.0827 5.5000 12 19 25
-0.9222 -1.0827 5.5000 12 26 28
-0.8096 -1.1024 5.6000 23 23 19
-0.6652 -1.0636 5.4030 3 17 21
-0.5403 -1.0636 5.4030 26 30 9
-0.4207 -1.0544 5.3560 27 22 20
-0.2919 -1.0365 5.2650 61 74 71
-0.1870 -1.0827 5.5000 134 170 168
-0.0568 -1.0276 5.2200 22 44 56
0.0614 -1.1440 5.8110 26 38 44
0.1852 -1.0827 5.5000 54 74 71
0.2903 -1.0365 5.2650 27 33 33
0.3887 -0.9780 4.9680 30 36 36
0.5033 -0.9940 5.0490 42 48 48
0.6252 -1.0022 5.0910 44 48 43
0.7467 -1.0190 5.1760 40 48 45
0.9913 -1.1660 5.9230 33 41 38
1.0972 -1.1440 5.8110 41 48 42
1.1450 -1.0636 5.4030 34 40 40
1.1594 -0.9780 4.9680 30 33 32
1.3275 -1.0190 5.1760 30 30 24
1.5287 -1.0827 5.5000 47 48 42
1.7171 -1.1229 5.7040 34 42 31
1.8060 -1.1024 5.6000 31 34 37
1.8511 -1.0544 5.3560 42 50 37
1.9660 -1.0544 5.3560 120 144 73
2.0027 -1.0105 5.1330 49 58 49
2.1129 -1.0105 5.1330 123 135 62
2.2315 -1.0105 5.1330 79 88 54
2.3416 -1.0105 5.1330 53 76 42
2.3811 -0.9780 4.9680 165 194 92
2.3725 -0.9327 4.7380 90 120 54
2.5611 -0.9625 4.8890 91 115 33
-2.8614 -1.0932 5.6000 12 20 9
-2.7071 -1.0832 5.5490 9 21 13
-2.5652 -1.0737 5.5000 11 7 8
-2.5051 -1.1031 5.6510 6 5 7
-2.4285 -1.1238 5.7570 10 11 7
-2.2021 -1.0737 5.5000 11 12 6
-2.0384 -1.0547 5.4030 9 11 17
-1.9745 -1.0832 5.5490 24 25 19
-1.8463 -1.0832 5.5490 16 21 7
-1.7589 -1.1031 5.6510 13 14 5
-1.5569 -1.0547 5.4030 12 12 8
-1.3922 -1.0190 5.2200 9 9 11
-1.3278 -1.0641 5.4510 48 68 65
-1.2671 -1.1135 5.7040 18 21 24
-1.1044 -1.0832 5.5490 14 17 34
-0.9767 -1.0737 5.5000 17 34 39
-0.8650 -1.0932 5.6000 14 27 26
-0.7517 -1.1031 5.6510 14 20 18
-0.5939 -1.0547 5.4030 20 32 6
-0.4779 -1.0547 5.4030 33 33 27
-0.3594 -1.0737 5.5000 32 41 34
-0.1975 -1.1344 5.8110 117 158 164
-0.0568 -1.0190 5.2200 18 45 65
0.0614 -1.1344 5.8110 24 36 42
0.1852 -1.0737 5.5000 61 78 79
0.2903 -1.0278 5.2650 26 34 35
0.3855 -0.9620 4.9280 35 41 41
0.5033 -0.9856 5.0490 39 45 45
0.6252 -0.9938 5.0910 42 49 41
0.7467 -1.0104 5.1760 36 47 43
0.9913 -1.1562 5.9230 28 34 32
1.0972 -1.1344 5.8110 40 46 46
1.1450 -1.0547 5.4030 34 42 41
1.1410 -0.9544 4.8890 33 34 30
1.3275 -1.0104 5.1760 32 33 29
1.5287 -1.0737 5.5000 58 59 53
1.7171 -1.1135 5.7040 29 38 29
1.8060 -1.0932 5.6000 28 30 36
1.8511 -1.0456 5.3560 50 58 45
1.9491 -1.0366 5.3100 114 144 67
2.0027 -1.0020 5.1330 43 57 46
2.0956 -0.9938 5.0910 83 112 40
2.2315 -1.0020 5.1330 47 58 26
2.3416 -1.0020 5.1330 43 63 18
2.3811 -0.9698 4.9680 174 201 100
2.3725 -0.9249 4.7380 94 127 58
2.5530 -0.9544 4.8890 160 183 90
-2.8614 -1.0839 5.6000 10 14 7
-2.7163 -1.0741 5.5490 9 12 11
-2.5652 -1.0646 5.5000 7 3 6
-2.5144 -1.0938 5.6510 3 2 4
-2.4285 -1.1143 5.7570 14 14 8
-2.2021 -1.0646 5.5000 12 13 7
-2.0566 -1.0551 5.4510 15 15 17
-1.9745 -1.0741 5.5490 32 32 26
-1.8463 -1.0741 5.5490 22 25 9
-1.7589 -1.0938 5.6510 14 15 6
-1.5707 -1.0551 5.4510 13 14 8
-1.3922 -1.0104 5.2200 6 6 6
-1.3278 -1.0551 5.4510 42 62 59
-1.2671 -1.1041 5.7040 20 25 30
-1.1044 -1.0741 5.5490 20 23 40
-0.9767 -1.0646 5.5000 22 35 44
-0.8650 -1.0839 5.6000 16 27 27
-0.7517 -1.0938 5.6510 11 17 17
-0.5939 -1.0458 5.4030 29 41 17
-0.4738 -1.0367 5.3560 24 24 18
-0.3594 -1.0646 5.5000 23 39 30
-0.1975 -1.1248 5.8110 137 169 176
-0.0578 -1.0278 5.3100 30 68 91
0.0632 -1.1575 5.9800 26 39 48
0.1869 -1.0741 5.5490 71 85 89
0.2903 -1.0191 5.2650 24 35 35
0.3855 -0.9539 4.9280 35 41 39
0.4993 -0.9694 5.0080 38 46 45
0.6252 -0.9854 5.0910 57 64 56
0.7530 -1.0104 5.2200 30 41 37
1.0008 -1.1575 5.9800 30 30 30
1.1078 -1.1356 5.8670 43 51 50
1.1450 -1.0458 5.4030 36 44 43
1.1410 -0.9463 4.8890 31 32 28
1.3388 -1.0104 5.2200 31 35 30
1.5423 -1.0741 5.5490 50 54 47
1.7331 -1.1143 5.7570 28 35 29
1.8224 -1.0938 5.6510 27 29 35
1.8511 -1.0367 5.3560 44 52 39
1.9491 -1.0278 5.3100 156 185 97
2.0027 -0.9936 5.1330 40 54 45
2.0956 -0.9854 5.0910 33 68 10
2.2230 -0.9936 5.1330 45 58 25
2.3416 -0.9936 5.1330 114 133 64
2.3920 -0.9694 5.0080 139 175 89
2.3725 -0.9171 4.7380 71 113 32
2.5327 -0.9388 4.8500 125 152 53
-2.8614 -1.0747 5.6000 11 14 13
-2.6923 -1.0555 5.5000 14 18 13
-2.5424 -1.0461 5.4510 8 4 5
-2.5144 -1.0845 5.6510 9 8 8
-2.4062 -1.0947 5.7040 19 20 11
-2.2021 -1.0555 5.5000 16 16 10
-2.0566 -1.0461 5.4510 17 16 16
-1.9745 -1.0649 5.5490 23 20 15
-1.8463 -1.0649 5.5490 18 20 2
-1.7589 -1.0845 5.6510 18 19 8
-1.5707 -1.0461 5.4510 36 37 31
-1.4162 -1.0190 5.3100 10 10 10
-1.3398 -1.0555 5.5000 40 60 57
-1.2789 -1.1048 5.7570 15 22 26
-1.1044 -1.0649 5.5490 24 29 47
-0.9854 -1.0649 5.5490 15 28 37
-0.8729 -1.0845 5.6510 14 22 21
-0.7587 -1.0947 5.7040 16 19 20
-0.5887 -1.0279 5.3560 19 30 9
-0.4738 -1.0279 5.3560 26 27 21
-0.3660 -1.0747 5.6000 12 32 27
-0.0879 -1.0649 5.5490 164 224 251
0.0430 -1.1367 5.9230 36 48 54
0.1669 -1.1152 5.8110 31 34 37
0.2752 -1.0190 5.3100 21 34 33
0.3611 -0.9457 4.9280 31 39 38
0.4789 -0.9534 4.9680 39 47 44
0.6000 -0.9770 5.0910 36 47 45
0.7421 -1.0104 5.2650 40 48 45
0.9264 -1.0947 5.7040 36 39 40
1.0988 -1.1367 5.9230 27 33 33
1.1183 -1.0369 5.4030 27 36 29
1.1159 -0.9308 4.8500 26 32 30
1.2911 -0.9851 5.1330 35 42 36
1.4970 -1.0461 5.4510 36 44 33
1.7046 -1.1048 5.7570 19 32 29
1.7783 -1.0747 5.6000 50 61 61
1.8569 -1.0461 5.4510 124 135 89
1.9228 -1.0190 5.3100 116 157 79
1.9939 -0.9933 5.1760 11 35 7
2.0533 -0.9690 5.0490 103 132 58
2.2245 -0.9933 5.1760 53 64 32
2.2783 -0.9690 5.0490 85 115 76
2.3755 -0.9611 5.0080 99 131 53
2.3858 -0.9235 4.8120 103 149 53
2.4969 -0.9235 4.8120 116 136 35
-2.8628 -1.0558 5.5490 19 21 12
-2.7346 -1.0558 5.5490 14 13 13
-2.5467 -1.0280 5.4030 8 3 1
-2.5102 -1.0655 5.6000 8 8 8
-2.4344 -1.0852 5.7040 16 16 16
-2.2401 -1.0558 5.5490 9 10 6
-2.0835 -1.0371 5.4510 12 11 11
-1.9928 -1.0558 5.5490 14 11 8
-1.8737 -1.0558 5.5490 14 16 0
-1.7776 -1.0752 5.6510 40 64 23
-1.6414 -1.0655 5.6000 24 25 16
-1.4461 -1.0190 5.3560 9 4 2
-1.3548 -1.0371 5.4510 7 10 9
-1.3227 -1.1163 5.8670 18 25 29
-1.1319 -1.0558 5.5490 28 38 54
-1.0129 -1.0655 5.6000 15 28 37
-0.9009 -1.0752 5.6510 16 22 22
-0.7921 -1.1056 5.8110 23 23 19
-0.6206 -1.0280 5.4030 59 72 59
-0.4915 -1.0190 5.3560 29 31 20
-0.3701 -1.0017 5.2650 24 24 26
-0.2010 -1.3168 6.9210 250 255 254
-0.0236 -1.0464 5.5000 36 48 50
0.1126 -1.1378 5.9800 33 43 50
0.2215 -1.0464 5.5000 36 50 52
0.3227 -0.9686 5.0910 41 58 59
0.4181 -0.9376 4.9280 29 42 41
0.5450 -0.9606 5.0490 39 45 43
0.6642 -0.9766 5.1330 40 48 49
0.8029 -1.0017 5.2650 32 38 38
1.1046 -1.2082 6.3500 22 35 34
1.0943 -1.0655 5.6000 28 36 37
1.1217 -0.9766 5.1330 25 38 33
1.1459 -0.9085 4.7750 26 33 25
1.3970 -1.0103 5.3100 34 36 25
1.6230 -1.0852 5.7040 40 51 49
1.7548 -1.0852 5.7040 34 42 29
1.8262 -1.0558 5.5490 34 37 36
1.8864 -1.0190 5.3560 100 123 89
1.9673 -1.0017 5.2650 86 103 37
2.0199 -0.9686 5.0910 35 62 33
2.1467 -0.9766 5.1330 47 66 28
2.2468 -0.9686 5.0910 22 38 0
2.3366 -0.9606 5.0490 153 177 77
2.3755 -0.9302 4.8890 144 180 76
2.4413 -0.9155 4.8120 69 91 64
2.5525 -0.9155 4.8120 81 116 46
-2.7987 -1.0466 5.5490 9 20 16
-2.6233 -1.0281 5.4510 11 11 11
-2.5064 -1.0281 5.4510 14 13 13
-2.4678 -1.0658 5.6510 8 9 5
-2.3465 -1.0658 5.6510 19 32 17
-2.1759 -1.0466 5.5490 11 11 13
-2.0569 -1.0466 5.5490 15 18 17
-1.9464 -1.0562 5.6000 9 10 6
-1.8263 -1.0562 5.6000 20 33 0
-1.7284 -1.0758 5.7040 50 52 43
-1.5348 -1.0281 5.4510 26 27 23
-1.3843 -1.0102 5.3560 7 6 6
-1.3518 -1.0758 5.7040 4 13 25
-1.1978 -1.0562 5.6000 44 62 69
-1.0776 -1.0562 5.6000 15 24 34
-0.9482 -1.0562 5.6000 20 30 37
-0.8676 -1.1066 5.8670 24 27 28
-0.6862 -1.0374 5.5000 15 26 26
-0.5486 -1.0015 5.3100 22 27 17
-0.4223 -0.9930 5.2650 29 25 26
-0.2717 -1.0858 5.7570 29 42 39
-0.1156 -1.1390 6.0390 252 255 254
0.0132 -1.0758 5.7040 20 33 44
0.1506 -1.1171 5.9230 30 36 36
0.2555 -1.0281 5.4510 23 33 36
0.3477 -0.9370 4.9680 31 50 50
0.4579 -0.9446 5.0080 35 38 39
0.5747 -0.9602 5.0910 39 50 48
0.7099 -0.9845 5.2200 34 40 40
0.8583 -1.0281 5.4510 40 58 54
1.1012 -1.1503 6.0990 25 34 27
1.1210 -1.0466 5.5490 20 28 27
1.0918 -0.9148 4.8500 24 32 31
1.2151 -0.9295 4.9280 33 40 32
1.4701 -1.0281 5.4510 33 35 26
1.7081 -1.1066 5.8670 18 31 30
1.7758 -1.0658 5.6510 37 54 40
1.8799 -1.0562 5.6000 109 117 86
1.9053 -1.0015 5.3100 76 102 33
1.9850 -0.9845 5.2200 106 140 77
2.0366 -0.9523 5.0490 84 110 39
2.1806 -0.9681 5.1330 86 109 75
2.2616 -0.9523 5.0490 34 61 1
2.3507 -0.9446 5.0080 75 118 43
2.3699 -0.9076 4.8120 130 159 57
2.4731 -0.9076 4.8120 54 58 14
-2.8811 -1.0374 5.5490 13 22 13
-2.7377 -1.0283 5.5000 7 15 14
-2.5422 -1.0014 5.3560 16 11 7
-2.4926 -1.0283 5.5000 12 11 11
-2.4533 -1.0664 5.7040 7 10 9
-2.2884 -1.0470 5.6000 6 10 3
-2.1204 -1.0283 5.5000 13 12 12
-2.0203 -1.0374 5.5490 13 14 10
-1.8920 -1.0374 5.5490 12 13 0
-1.8056 -1.0565 5.6510 33 53 8
-1.6907 -1.0664 5.7040 14 15 6
-1.5122 -1.0283 5.5000 39 40 34
-1.3607 -1.0101 5.4030 17 20 19
-1.3646 -1.1074 5.9230 9 14 19
-1.1608 -1.0470 5.6000 26 36 52
-1.0501 -1.0565 5.6510 40 52 54
-0.9282 -1.0664 5.7040 15 18 19
-0.8367 -1.1074 5.9230 20 21 17
-0.6384 -1.0101 5.4030 20 26 24
-0.5135 -0.9928 5.3100 92 94 76
-0.3875 -0.9843 5.2650 13 12 14
-0.2400 -1.3874 7.4210 200 232 239
-0.0517 -1.0470 5.6000 14 33 37
0.0881 -1.1872 6.3500 19 29 32
0.1996 -1.0565 5.6510 33 40 44
0.3050 -0.9759 5.2200 14 26 28
0.3969 -0.9288 4.9680 36 44 41
0.5243 -0.9518 5.0910 36 44 41
0.6441 -0.9677 5.1760 48 60 50
0.7769 -0.9843 5.2650 36 42 44
1.0516 -1.1633 6.2220 25 31 33
1.0856 -1.0565 5.6510 22 33 33
1.1539 -1.0101 5.4030 41 49 50
1.1046 -0.8725 4.6670 30 30 26
1.3591 -0.9843 5.2650 32 35 34
1.5893 -1.0565 5.6510 39 47 46
1.7590 -1.0864 5.8110 25 31 29
1.8584 -1.0664 5.7040 36 38 27
1.8762 -1.0101 5.4030 50 56 39
1.9499 -0.9843 5.2650 74 94 34
1.9783 -0.9440 5.0490 41 59 55
2.1124 -0.9518 5.0910 72 100 33
2.2216 -0.9518 5.0910 114 152 77
2.3199 -0.9440 5.0490 148 168 63
2.3893 -0.9288 4.9680 104 146 47
2.4255 -0.8997 4.8120 46 87 24
2.5287 -0.8997 4.8120 116 152 77
-2.8170 -1.0283 5.5490 36 55 43
-2.6270 -1.0012 5.4030 13 17 12
-2.5021 -1.0012 5.4030 10 10 6
-2.4732 -1.0377 5.6000 13 14 10
-2.3652 -1.0472 5.6510 6 6 0
-2.2034 -1.0283 5.5490 15 17 8
-2.0752 -1.0283 5.5490 14 18 11
-1.9741 -1.0377 5.6000 13 14 10
-1.8447 -1.0377 5.6000 20 42 11
-1.7566 -1.0570 5.7040 18 23 11
-1.6097 -1.0472 5.6510 11 10 10
-1.4616 -1.0283 5.5490 18 19 15
-1.3834 -1.0668 5.7570 9 23 29
-1.2599 -1.0668 5.7570 15 23 24
-1.1061 -1.0472 5.6510 21 31 49
-0.9941 -1.0570 5.7040 16 29 40
-0.8798 -1.0668 5.7570 21 26 31
-0.7538 -1.0768 5.8110 9 15 15
-0.5749 -0.9840 5.3100 17 18 7
-0.4483 -0.9757 5.2650 23 23 23
-0.3758 -1.1530 6.2220 47 67 62
-0.1649 -1.2683 6.8440 226 255 255
-0.0148 -1.0377 5.6000 31 45 49
0.1274 -1.1530 6.2220 20 28 29
0.2327 -1.0283 5.5490 8 15 19
0.3284 -0.9356 5.0490 35 52 53
0.4331 -0.9280 5.0080 48 56 55
0.5625 -0.9512 5.1330 39 42 43
0.6900 -0.9757 5.2650 32 35 36
0.8257 -0.9925 5.3560 32 35 36
1.0927 -1.1530 6.2220 27 38 38
1.1027 -1.0283 5.5490 23 29 29
1.1116 -0.9356 5.0490 35 48 43
1.1707 -0.8917 4.8120 33 34 28
1.4304 -1.0012 5.4030 59 63 56
1.6726 -1.0768 5.8110 43 54 52
1.7973 -1.0768 5.8110 33 43 27
1.8960 -1.0570 5.7040 34 37 36
1.8953 -0.9925 5.3560 58 89 45
1.9677 -0.9673 5.2200 78 124 57
2.0116 -0.9356 5.0490 56 78 49
2.1637 -0.9512 5.1330 38 60 31
2.2552 -0.9434 5.0910 143 180 87
2.3342 -0.9280 5.0080 124 164 67
2.3836 -0.9060 4.8890 85 111 30
2.4572 -0.8917 4.8120 69 94 59
-2.9621 -1.0379 5.6510 11 18 12
-2.7558 -1.0101 5.5000 3 17 8
-2.5913 -0.9923 5.4030 30 31 27
-2.4884 -1.0011 5.4510 11 11 11
-2.4362 -1.0285 5.6000 17 21 16
-2.3069 -1.0285 5.6000 4 8 1
-2.1668 -1.0191 5.5490 4 7 8
-2.0386 -1.0191 5.5490 23 26 25
-1.9026 -1.0101 5.5000 19 22 4
-1.8078 -1.0285 5.6000 28 42 4
-1.7349 -1.0573 5.7570 11 18 12
-1.5675 -1.0285 5.6000 19 16 13
-1.4124 -1.0101 5.5000 11 11 11
-1.3808 -1.0775 5.8670 13 19 30
-1.1994 -1.0379 5.6510 19 36 41
-1.0882 -1.0476 5.7040 8 15 19
-0.9564 -1.0476 5.7040 15 21 23
-0.8744 -1.0983 5.9800 23 23 23
-0.6771 -1.0101 5.5000 2 17 12
-0.5352 -0.9670 5.2650 27 27 23
-0.4101 -0.9587 5.2200 27 26 30
-0.3240 -1.1784 6.4160 24 42 38
-0.1241 -1.1909 6.4840 96 151 188
0.0143 -1.1313 6.1600 23 34 43
0.1551 -1.1201 6.0990 30 33 36
0.2578 -1.0101 5.5000 13 21 22
0.3505 -0.9198 5.0080 22 34 36
0.4694 -0.9427 5.1330 35 43 42
0.5979 -0.9587 5.2200 40 46 46
0.7348 -0.9923 5.4030 39 47 48
0.8910 -1.0285 5.6000 31 42 42
1.0904 -1.1091 6.0390 26 37 35
1.1302 -1.0191 5.5490 18 24 24
1.0833 -0.8838 4.8120 19 30 28
1.2637 -0.9350 5.0910 34 35 26
1.4833 -1.0101 5.5000 31 32 26
1.7178 -1.0775 5.8670 24 37 32
1.7925 -1.0476 5.7040 36 51 37
1.9064 -1.0379 5.6510 40 36 27
1.9218 -0.9837 5.3560 120 155 60
1.9604 -0.9427 5.1330 38 77 11
2.0366 -0.9273 5.0490 59 92 23
2.1712 -0.9350 5.0910 63 106 27
2.2432 -0.9198 5.0080 122 174 71
2.3589 -0.9198 5.0080 98 121 44
2.3886 -0.8908 4.8500 98 122 61
2.4620 -0.8770 4.7750 42 86 22
-2.9076 -1.0193 5.6000 8 15 9
-2.7286 -1.0011 5.5000 5 14 7
-2.5646 -0.9834 5.4030 11 8 5
-2.5056 -1.0100 5.5490 11 11 13
-2.4305 -1.0285 5.6510 7 11 6
-2.2791 -1.0193 5.6000 10 11 5
-2.1786 -1.0285 5.6510 7 4 1
-2.0203 -1.0100 5.5490 7 10 11
-1.8753 -1.0011 5.5000 29 42 0
-1.8056 -1.0285 5.6510 11 21 0
-1.7224 -1.0577 5.8110 9 6 1
-1.5397 -1.0193 5.6000 61 59 47
-1.4103 -1.0193 5.6000 9 12 13
-1.3517 -1.0679 5.8670 8 11 10
-1.1714 -1.0285 5.6510 6 21 38
-1.0600 -1.0382 5.7040 15 32 35
-0.9368 -1.0478 5.7570 20 26 28
-0.8531 -1.0992 6.0390 18 21 20
-0.6384 -0.9834 5.4030 20 27 19
-0.5048 -0.9501 5.2200 68 75 69
-0.3842 -0.9501 5.2200 23 23 27
-0.2575 -1.0679 5.8670 30 42 46
-0.0765 -1.1101 6.0990 18 54 78
0.0695 -1.4191 7.7970 18 23 32
0.1879 -1.0679 5.8670 24 24 28
0.2840 -0.9665 5.3100 12 22 29
0.3835 -0.9115 5.0080 40 48 45
0.5032 -0.9343 5.1330 39 47 46
0.6433 -0.9665 5.3100 33 41 38
0.7638 -0.9748 5.3560 28 33 40
0.9722 -1.0679 5.8670 40 40 40
1.0676 -1.0382 5.7040 40 48 45
1.1462 -0.9921 5.4510 15 21 21
1.0896 -0.8558 4.7020 27 27 27
1.3532 -0.9665 5.3100 37 37 33
1.5472 -1.0193 5.6000 22 22 22
1.7733 -1.0780 5.9230 37 38 34
1.8301 -1.0382 5.7040 47 70 36
1.8917 -1.0011 5.5000 32 38 19
1.9403 -0.9665 5.3100 105 148 60
1.9457 -0.9115 5.0080 34 47 14
2.0699 -0.9190 5.0490 4 41 0
2.1866 -0.9190 5.0490 123 135 59
2.2763 -0.9115 5.0080 113 153 41
2.3729 -0.9042 4.9680 99 114 71
2.4206 -0.8827 4.8500 72 108 47
2.4935 -0.8691 4.7750 60 94 59
-2.8706 -1.0100 5.6000 22 22 22
-2.7014 -0.9920 5.5000 4 12 9
-2.5289 -0.9745 5.4030 9 8 8
-2.5009 -1.0100 5.6000 14 13 13
-2.3716 -1.0100 5.6000 25 37 29
-2.2719 -1.0192 5.6510 15 13 5
-2.1413 -1.0192 5.6510 11 12 8
-1.9836 -1.0008 5.5490 10 10 6
-1.8390 -0.9920 5.5000 13 21 6
-1.7849 -1.0288 5.7040 10 22 0
-1.6841 -1.0481 5.8110 12 13 4
-1.5028 -1.0100 5.6000 14 15 6
-1.3859 -1.0192 5.6510 40 47 41
-1.2884 -1.0383 5.7570 37 39 28
-1.1238 -1.0100 5.6000 21 35 55
-1.0223 -1.0288 5.7040 12 30 39
-0.8905 -1.0288 5.7040 40 46 46
-0.8133 -1.0892 6.0390 16 19 18
-0.5975 -0.9660 5.3560 30 31 20
-0.4704 -0.9415 5.2200 20 25 30
-0.3786 -1.0192 5.6510 78 98 95
-0.2451 -1.0892 6.0390 36 47 56
-0.0558 -1.0892 6.0390 19 38 56
0.0941 -1.3888 7.7000 25 27 35
0.1996 -1.0192 5.6510 43 54 52
0.2990 -0.9496 5.2650 19 29 32
0.4001 -0.9032 5.0080 32 43 39
0.5290 -0.9415 5.2200 40 51 49
0.6784 -0.9831 5.4510 31 40 31
0.7953 -0.9831 5.4510 42 48 59
1.0107 -1.0785 5.9800 21 23 29
1.0569 -1.0008 5.5490 16 27 23
1.1539 -0.9745 5.4030 34 40 38
1.1051 -0.8480 4.7020 26 25 25
1.3947 -0.9745 5.4030 33 33 33
1.5657 -1.0100 5.6000 38 38 34
1.7929 -1.0683 5.9230 26 27 23
1.8836 -1.0481 5.8110 60 80 35
1.8929 -0.9831 5.4510 33 43 27
1.9413 -0.9496 5.2650 113 150 68
1.9622 -0.9032 5.0080 61 77 45
2.1040 -0.9182 5.0910 44 80 37
2.1949 -0.9106 5.0490 136 151 63
2.2928 -0.9032 5.0080 109 125 30
2.3811 -0.8960 4.9680 50 74 3
2.4175 -0.8679 4.8120 22 53 11
2.4820 -0.8545 4.7380 80 114 83
-2.8522 -1.0008 5.6000 30 34 27
-2.6593 -0.9741 5.4510 11 14 13
-2.5111 -0.9656 5.4030 35 43 30
-2.4599 -0.9917 5.5490 12 12 8
-2.3531 -1.0008 5.6000 18 27 18
-2.2533 -1.0099 5.6510 20 17 12
-2.1227 -1.0099 5.6510 8 12 7
-1.9480 -0.9829 5.5000 12 9 6
-1.8371 -0.9917 5.5490 27 41 21
-1.7660 -1.0194 5.7040 14 19 7
-1.6494 -1.0288 5.7570 12 12 8
-1.4843 -1.0008 5.6000 14 14 10
-1.3672 -1.0099 5.6510 13 18 23
-1.2577 -1.0194 5.7040 23 24 20
-1.1053 -1.0008 5.6000 16 33 47
-1.0035 -1.0194 5.7040 15 31 41
-0.8717 -1.0194 5.7040 26 33 37
-0.7856 -1.0687 5.9800 18 21 24
-0.5798 -0.9572 5.3560 20 18 8
-0.4493 -0.9250 5.1760 24 27 30
-0.3773 -1.0585 5.9230 26 57 53
-0.2455 -1.0385 5.8110 31 40 50
-0.0901 -1.1348 6.3500 36 76 105
0.0668 -1.6431 9.1940 29 31 37
0.1782 -1.0485 5.8670 29 35 37
0.2800 -0.9656 5.4030 15 25 30
0.3815 -0.9098 5.0910 28 34 34
0.5075 -0.9409 5.2650 31 42 40
0.6572 -0.9829 5.5000 35 44 35
0.7893 -1.0008 5.6000 37 48 46
0.9533 -1.0385 5.8110 17 17 19
1.0483 -1.0099 5.6510 19 27 24
1.1272 -0.9656 5.4030 30 36 34
1.0986 -0.8533 4.7750 21 28 22
1.3444 -0.9489 5.3100 27 24 21
1.5240 -0.9917 5.5490 34 34 28
1.7805 -1.0687 5.9800 33 33 27
1.8207 -1.0194 5.7040 39 53 42
1.9250 -1.0099 5.6510 33 31 19
1.9483 -0.9572 5.3560 97 149 44
1.9292 -0.8950 5.0080 132 163 108
2.0616 -0.9023 5.0490 88 132 66
2.1699 -0.9023 5.0490 57 91 17
2.2680 -0.8950 5.0080 132 155 60
2.3565 -0.8878 4.9680 97 114 84
2.4126 -0.8667 4.8500 51 82 29
2.4585 -0.8467 4.7380 4 40 24
-2.8799 -0.9915 5.6000 28 28 24
-2.7104 -0.9738 5.5000 8 15 9
-2.5378 -0.9566 5.4030 11 10 12
-2.4873 -0.9825 5.5490 10 10 6
-2.4025 -1.0006 5.6510 20 31 27
-2.2812 -1.0006 5.6510 21 23 7
-2.1708 -1.0099 5.7040 12 12 8
-1.9928 -0.9825 5.5490 7 4 1
-1.8481 -0.9738 5.5000 21 27 10
-1.7776 -1.0006 5.6510 61 71 44
-1.6937 -1.0289 5.8110 8 5 0
-1.5120 -0.9915 5.6000 7 7 3
-1.3952 -1.0006 5.6510 23 30 24
-1.2859 -1.0099 5.7040 15 15 15
-1.1331 -0.9915 5.6000 4 18 38
-1.0317 -1.0099 5.7040 12 27 40
-0.8916 -1.0006 5.6510 66 80 71
-0.8232 -1.0693 6.0390 16 19 18
-0.6227 -0.9738 5.5000 43 51 40
-0.4749 -0.9165 5.1760 22 27 36
-0.3776 -0.9738 5.5000 28 51 45
-0.2850 -1.0693 6.0390 32 50 48
-0.1340 -1.2394 7.0000 140 174 192
0.0183 -1.3982 7.8970 24 31 35
0.1631 -1.1360 6.4160 27 30 33
0.2578 -0.9738 5.5000 12 20 19
0.3592 -0.9088 5.1330 33 44 44
0.4773 -0.9242 5.2200 36 45 36
0.6244 -0.9651 5.4510 37 37 41
0.7685 -1.0006 5.6510 23 33 36
0.8910 -0.9915 5.6000 41 47 45
1.0395 -1.0193 5.7570 32 35 38
1.0915 -0.9566 5.4030 20 27 21
1.1094 -0.8725 4.9280 20 28 25
1.2450 -0.8940 5.0490 28 31 30
1.4444 -0.9483 5.3560 22 23 19
1.7244 -1.0487 5.9230 21 30 23
1.7925 -1.0099 5.7040 44 48 41
1.9148 -1.0099 5.7040 29 30 24
1.9218 -0.9483 5.3560 45 81 34
1.9519 -0.9088 5.1330 36 53 16
2.0366 -0.8940 5.0490 42 88 19
2.1449 -0.8940 5.0490 15 34 4
2.2616 -0.8940 5.0490 50 85 27
2.3507 -0.8867 5.0080 65 111 42
2.3886 -0.8587 4.8500 37 64 17
2.4541 -0.8455 4.7750 31 72 34
-2.9616 -1.0005 5.7040 11 12 8
-2.7377 -0.9647 5.5000 12 13 7
-2.6106 -0.9647 5.5000 9 3 5
-2.5148 -0.9733 5.5490 16 13 8
-2.4305 -0.9912 5.6510 14 18 13
-2.3092 -0.9912 5.6510 32 39 15
-2.2403 -1.0193 5.8110 9 9 5
-2.0388 -0.9823 5.6000 8 11 12
-1.8586 -0.9562 5.4510 11 18 0
-1.8056 -0.9912 5.6510 63 71 42
-1.7390 -1.0291 5.8670 14 9 5
-1.5538 -0.9912 5.6510 20 21 8
-1.3975 -0.9733 5.5490 20 20 22
-1.3264 -1.0098 5.7570 12 12 14
-1.1502 -0.9733 5.5490 10 25 42
-1.0501 -0.9912 5.6510 17 24 28
-0.9196 -0.9912 5.6510 22 28 30
-0.8367 -1.0389 5.9230 18 18 20
-0.6499 -0.9647 5.5000 15 22 16
-0.5048 -0.9156 5.2200 81 90 83
-0.3842 -0.9156 5.2200 27 30 31
-0.3245 -1.0914 6.2220 16 30 34
-0.2105 -1.2712 7.2470 134 161 172
-0.0531 -1.2279 7.0000 10 27 39
0.1511 -1.5436 8.8000 27 28 24
0.2163 -0.9823 5.6000 22 30 31
0.3163 -0.9235 5.2650 25 35 38
0.4342 -0.9156 5.2200 50 62 52
0.5704 -0.9562 5.4510 26 37 37
0.7287 -1.0005 5.7040 27 28 22
0.8279 -0.9733 5.5490 24 31 37
1.0206 -1.0389 5.9230 25 31 33
1.0469 -0.9477 5.4030 20 23 22
1.1418 -0.9235 5.2650 32 36 31
1.1559 -0.8507 4.8500 27 26 26
1.4002 -0.9395 5.3560 24 27 28
1.5842 -0.9823 5.6000 33 40 34
1.7953 -1.0291 5.8670 22 25 26
1.9028 -1.0193 5.8110 20 27 19
1.8941 -0.9477 5.4030 36 57 35
1.9419 -0.9156 5.2200 73 96 21
1.9629 -0.8714 4.9680 130 175 73
2.1208 -0.8930 5.0910 77 88 42
2.2019 -0.8784 5.0080 118 133 77
2.3094 -0.8784 5.0080 59 81 0
2.3863 -0.8644 4.9280 102 152 71
2.4334 -0.8441 4.8120 58 83 17
2.4679 -0.8186 4.6670 98 127 39
-2.8079 -0.9642 5.5490 7 21 10
-2.6560 -0.9557 5.5000 17 18 12
-2.5380 -0.9557 5.5000 12 13 7
-2.4771 -0.9819 5.6510 9 10 6
-2.3558 -0.9819 5.6510 2 10 0
-2.2883 -1.0097 5.8110 7 4 1
-2.1238 -0.9911 5.7040 13 13 9
-1.9036 -0.9472 5.4510 8 13 1
-1.8355 -0.9730 5.6000 11 23 0
-1.7539 -1.0003 5.7570 40 41 30
-1.6304 -1.0003 5.7570 10 5 3
-1.4433 -0.9642 5.5490 8 11 12
-1.3486 -0.9819 5.6510 16 26 31
-1.1960 -0.9642 5.5490 25 36 34
-1.0968 -0.9819 5.6510 15 26 37
-0.9662 -0.9819 5.6510 20 27 35
-0.8449 -0.9819 5.6510 21 24 27
-0.7417 -1.0194 5.8670 28 41 36
-0.5671 -0.9388 5.4030 34 34 30
-0.4286 -0.8919 5.1330 20 23 26
-0.3612 -1.0391 5.9800 14 33 37
-0.2263 -1.0097 5.8110 20 44 56
-0.1121 -1.2302 7.0800 23 53 72
0.1018 -2.4326 14.0000 33 33 33
0.2089 -0.9819 5.6510 19 29 32
0.3130 -0.9306 5.3560 20 31 31
0.4367 -0.9306 5.3560 28 35 29
0.5715 -0.9642 5.5490 35 48 45
0.7328 -1.0097 5.8110 38 38 34
0.8263 -0.9730 5.6000 31 33 43
0.9917 -1.0097 5.8110 27 33 35
1.0380 -0.9388 5.4030 23 26 25
1.1428 -0.9227 5.3100 33 34 30
1.1479 -0.8427 4.8500 29 30 26
1.3794 -0.9227 5.3100 43 46 45
1.5606 -0.9642 5.5490 30 37 29
1.7856 -1.0194 5.8670 30 33 34
1.8932 -1.0097 5.8110 27 42 0
1.9019 -0.9472 5.4510 22 32 20
1.9333 -0.9070 5.2200 62 80 5
1.9547 -0.8632 4.9680 89 132 44
2.0949 -0.8773 5.0490 74 115 0
2.1936 -0.8702 5.0080 117 152 73
2.3011 -0.8702 5.0080 58 72 5
2.3782 -0.8563 4.9280 59 110 40
2.4255 -0.8361 4.8120 44 68 7
2.4412 -0.8047 4.6310 91 142 46
-2.8170 -0.9550 5.5490 26 42 33
-2.6888 -0.9550 5.5490 11 15 8
-2.5471 -0.9466 5.5000 9 9 5
-2.4864 -0.9726 5.6510 11 10 12
-2.3652 -0.9726 5.6510 0 5 0
-2.2979 -1.0001 5.8110 19 16 11
-2.1732 -1.0001 5.8110 15 16 12
-1.9298 -0.9466 5.5000 8 9 5
-1.8447 -0.9638 5.6000 14 25 4
-1.7634 -0.9908 5.7570 19 17 7
-1.6399 -0.9908 5.7570 21 19 11
-1.4525 -0.9550 5.5490 7 7 3
-1.3457 -0.9638 5.6000 19 32 31
-1.2052 -0.9550 5.5490 24 35 31
-1.0961 -0.9638 5.6000 11 27 46
-0.9848 -0.9726 5.6510 20 29 39
-0.8389 -0.9550 5.5490 37 40 39
-0.7683 -1.0194 5.9230 16 22 22
-0.5916 -0.9550 5.5490 24 19 15
-0.4371 -0.8834 5.1330 22 25 26
-0.3539 -0.9817 5.7040 15 31 39
-0.2337 -0.9908 5.7570 18 34 44
-0.1238 -1.2185 7.0800 7 37 67
0.0429 -1.8600 10.8070 36 37 31
0.1934 -1.0394 6.0390 41 47 47
0.2915 -0.9382 5.4510 12 25 24
0.4032 -0.9061 5.2650 27 30 29
0.5392 -0.9466 5.5000 38 51 46
0.6974 -0.9908 5.7570 45 46 42
0.8134 -0.9817 5.7040 34 41 45
0.9364 -0.9726 5.6510 22 22 26
1.0202 -0.9382 5.4510 27 35 32
1.1262 -0.9218 5.3560 21 24 23
1.1512 -0.8550 4.9680 23 27 22
1.3649 -0.9218 5.3560 21 24 23
1.4798 -0.9218 5.3560 34 35 26
1.7733 -1.0194 5.9230 35 34 34
1.8471 -0.9908 5.7570 62 76 25
1.8749 -0.9382 5.4510 50 64 42
1.9571 -0.9218 5.3560 93 105 34
1.9301 -0.8550 4.9680 118 140 72
2.0699 -0.8690 5.0490 76 124 16
2.1688 -0.8619 5.0080 106 155 60
2.2949 -0.8690 5.0490 74 95 32
2.3729 -0.8550 4.9680 60 89 19
2.4206 -0.8347 4.8500 56 84 30
2.4371 -0.8032 4.6670 0 50 9
-2.8706 -0.9546 5.6000 19 25 25
-2.7163 -0.9459 5.5490 16 22 20
-2.5743 -0.9375 5.5000 7 3 6
-2.5144 -0.9633 5.6510 9 8 10
-2.4156 -0.9723 5.7040 13 19 17
-2.3491 -1.0001 5.8670 19 16 11
-2.2232 -1.0001 5.8670 11 11 11
-1.9745 -0.9459 5.5490 9 9 9
-1.8390 -0.9375 5.5000 12 14 1
-1.7849 -0.9723 5.7040 12 9 0
-1.6841 -0.9905 5.8110 33 34 21
-1.4891 -0.9459 5.5490 13 8 4
-1.3609 -0.9459 5.5490 52 57 47
-1.2532 -0.9546 5.6000 32 37 25
-1.1136 -0.9459 5.5490 10 30 45
-1.0037 -0.9546 5.6000 14 27 36
-0.8587 -0.9375 5.5000 22 34 26
-0.7826 -0.9905 5.8110 16 16 18
-0.6304 -0.9633 5.6510 22 19 14
-0.4664 -0.8823 5.1760 25 32 38
-0.3589 -0.9130 5.3560 62 84 85
-0.2574 -0.9633 5.6510 16 30 32
-0.1665 -1.2650 7.4210 21 41 67
-0.0110 -1.9091 11.2000 39 47 46
0.1923 -1.1412 6.6950 34 30 31
0.2784 -0.9459 5.5490 16 29 26
0.3925 -0.9130 5.3560 24 27 30
0.5257 -0.9459 5.5490 49 56 50
0.6848 -0.9905 5.8110 22 25 28
0.8173 -1.0001 5.8670 23 38 37
0.9012 -0.9459 5.5490 31 30 30
1.0022 -0.9292 5.4510 29 37 36
1.1085 -0.9130 5.3560 21 28 22
1.1725 -0.8750 5.1330 16 16 10
1.3472 -0.9130 5.3560 39 43 36
1.4496 -0.9051 5.3100 32 32 26
1.7706 -1.0193 5.9800 33 34 30
1.8113 -0.9723 5.7040 23 38 20
1.8903 -0.9459 5.5490 91 108 67
1.9565 -0.9210 5.4030 52 76 17
1.9292 -0.8537 5.0080 125 140 95
2.0533 -0.8606 5.0490 70 110 21
2.1351 -0.8468 4.9680 103 147 54
2.2783 -0.8606 5.0490 119 141 69
2.3375 -0.8400 4.9280 55 83 18
2.3858 -0.8202 4.8120 46 65 16
2.4217 -0.7955 4.6670 21 50 32
-2.8891 -0.9453 5.6000 45 45 49
-2.7346 -0.9367 5.5490 4 10 8
-2.5924 -0.9284 5.5000 9 7 16
-2.5424 -0.9539 5.6510 10 11 5
-2.4344 -0.9629 5.7040 25 25 27
-2.3554 -0.9809 5.8110 6 3 0
-2.2640 -0.9998 5.9230 6 6 8
-2.0203 -0.9453 5.6000 9 13 6
-1.8572 -0.9284 5.5000 13 16 0
-1.7869 -0.9539 5.6510 25 30 16
-1.7033 -0.9809 5.8110 43 48 34
-1.5074 -0.9367 5.5490 16 11 0
-1.3670 -0.9284 5.5000 22 25 24
-1.2601 -0.9367 5.5490 50 59 41
-1.1319 -0.9367 5.5490 14 32 39
-1.0222 -0.9453 5.6000 16 28 30
-0.8768 -0.9284 5.5000 10 38 0
-0.7943 -0.9718 5.7570 16 16 18
-0.6675 -0.9809 5.8110 25 29 24
-0.4918 -0.8888 5.2650 24 26 32
-0.3701 -0.8888 5.2650 18 24 26
-0.2504 -0.9629 5.7040 21 33 35
-0.1562 -1.2681 7.5120 37 56 74
0.0086 -2.1663 12.8330 48 49 45
0.2109 -0.9629 5.7040 26 34 35
0.3157 -0.9121 5.4030 13 24 24
0.4566 -0.9453 5.6000 20 24 19
0.5820 -0.9539 5.6510 36 44 41
0.7398 -0.9904 5.8670 37 38 34
0.8338 -0.9539 5.6510 25 24 31
0.9644 -0.9539 5.6510 13 18 23
1.0115 -0.8888 5.2650 20 24 19
1.1527 -0.9041 5.3560 29 30 26
1.2149 -0.8665 5.1330 22 25 24
1.3678 -0.8888 5.2650 30 33 32
1.5468 -0.9284 5.5000 29 38 31
1.7521 -0.9718 5.7570 33 34 30
1.8584 -0.9629 5.7040 142 66 54
1.9019 -0.9202 5.4510 41 53 45
1.9499 -0.8888 5.2650 64 77 15
1.9547 -0.8386 4.9680 125 156 85
2.0779 -0.8454 5.0080 94 115 73
2.1761 -0.8386 4.9680 37 77 21
2.3199 -0.8523 5.0490 79 91 38
2.3594 -0.8253 4.8890 50 71 31
2.4255 -0.8123 4.8120 32 43 0
2.4336 -0.7817 4.6310 32 51 13
-2.8170 -0.9276 5.5490 16 36 31
-2.6980 -0.9276 5.5490 19 28 19
-2.5698 -0.9276 5.5490 5 4 4
-2.5191 -0.9535 5.7040 9 8 10
-2.4095 -0.9623 5.7570 2 6 1
-2.3519 -0.9901 5.9230 36 34 24
-2.1941 -0.9807 5.8670 10 10 10
-1.9562 -0.9276 5.5490 8 9 3
-1.8447 -0.9361 5.6000 12 14 3
-1.7566 -0.9535 5.7040 20 21 10
-1.6248 -0.9535 5.7040 43 39 30
-1.4616 -0.9276 5.5490 11 11 7
-1.3334 -0.9276 5.5490 9 13 8
-1.2143 -0.9276 5.5490 22 31 22
-1.0961 -0.9361 5.6000 21 31 49
-0.9760 -0.9361 5.6000 21 23 29
-0.8240 -0.9112 5.4510 50 30 31
-0.7610 -0.9807 5.8670 20 23 22
-0.6081 -0.9535 5.7040 23 20 17
-0.4408 -0.8652 5.1760 18 18 22
-0.3445 -0.9535 5.7040 17 30 39
-0.2174 -1.0195 6.0990 57 77 92
-0.0942 -1.2557 7.5120 17 34 39
0.1831 -3.4322 20.5330 104 73 64
0.2440 -0.9361 5.6000 25 28 29
0.3514 -0.9032 5.4030 11 21 24
0.4981 -0.9446 5.6510 34 41 33
0.6369 -0.9714 5.8110 26 34 35
0.7935 -0.9996 5.9800 28 31 34
0.8554 -0.9276 5.5490 38 38 38
0.9749 -0.9194 5.5000 24 24 26
1.0373 -0.8726 5.2200 18 22 15
1.2092 -0.9112 5.4510 24 28 23
1.2918 -0.8876 5.3100 34 34 34
1.4025 -0.8801 5.2650 26 25 25
1.6266 -0.9446 5.6510 29 33 28
1.7736 -0.9535 5.7040 33 40 34
1.8784 -0.9446 5.6510 142 46 47
1.9208 -0.9032 5.4030 80 72 58
1.9512 -0.8652 5.1760 42 55 24
1.9793 -0.8304 4.9680 125 161 57
2.0941 -0.8304 4.9680 60 101 0
2.2184 -0.8371 5.0080 110 120 59
2.3533 -0.8440 5.0490 51 72 32
2.3646 -0.8107 4.8500 47 67 34
2.4194 -0.7920 4.7380 74 80 38
-3.0459 -0.9618 5.8110 16 15 15
-2.7804 -0.9184 5.5490 13 13 13
-2.6613 -0.9184 5.5490 16 17 13
-2.5797 -0.9353 5.6510 21 25 20
-2.5046 -0.9528 5.7570 10 9 9
-2.3715 -0.9528 5.7570 1 8 2
-2.3351 -0.9897 5.9800 16 13 8
-2.0955 -0.9441 5.7040 14 14 10
-1.8856 -0.9022 5.4510 9 11 0
-1.8242 -0.9353 5.6510 9 10 0
-1.7349 -0.9528 5.7570 6 12 0
-1.5582 -0.9268 5.6000 25 22 19
-1.4124 -0.9103 5.5000 6 9 10
-1.3087 -0.9268 5.6000 7 14 6
-1.1673 -0.9103 5.5000 10 25 20
-1.0591 -0.9268 5.6000 13 15 21
-0.9304 -0.9184 5.5490 33 39 39
-0.8096 -0.9268 5.6000 35 18 20
-0.7223 -0.9710 5.8670 19 35 26
-0.5451 -0.9022 5.4510 26 25 25
-0.4066 -0.8567 5.1760 24 23 23
-0.2344 -0.9184 5.5490 28 35 41
-0.1543 -1.2282 7.4210 24 42 49
0.0408 -2.9129 17.6000 104 101 87
0.1996 -0.9353 5.6510 41 52 50
0.3185 -0.9022 5.4510 20 31 29
0.4474 -0.9268 5.6000 39 43 36
0.6043 -0.9710 5.8670 31 40 33
0.7442 -0.9897 5.9800 32 32 32
0.8416 -0.9441 5.7040 28 27 29
0.9551 -0.9353 5.6510 23 23 27
1.0115 -0.8714 5.2650 22 26 21
1.1642 -0.9022 5.4510 37 38 34
1.2788 -0.8942 5.4030 20 19 19
1.3947 -0.8942 5.4030 25 28 27
1.5106 -0.8942 5.4030 29 33 28
1.7266 -0.9441 5.7040 24 24 26
1.8318 -0.9353 5.6510 159 56 71
1.8929 -0.9022 5.4510 45 44 44
1.9579 -0.8788 5.3100 56 68 11
1.9465 -0.8222 4.9680 104 130 47
2.0697 -0.8289 5.0080 90 123 54
2.1505 -0.8156 4.9280 115 149 86
2.3308 -0.8426 5.0910 54 69 26
2.3513 -0.8092 4.8890 51 60 22
2.3989 -0.7903 4.7750 53 51 12
2.4336 -0.7665 4.6310 78 99 47
-2.8522 -0.9176 5.6000 28 41 36
-2.6980 -0.9092 5.5490 14 18 11
-2.6026 -0.9176 5.6000 10 10 6
-2.5426 -0.9433 5.7570 9 5 8
-2.4417 -0.9522 5.8110 3 4 0
-2.3746 -0.9799 5.9800 23 24 13
-2.2038 -0.9613 5.8670 9 9 9
-1.9562 -0.9092 5.5490 51 53 40
-1.8540 -0.9176 5.6000 21 19 11
-1.7403 -0.9260 5.6510 20 25 15
-1.6044 -0.9176 5.6000 23 19 10
-1.4487 -0.9012 5.5000 10 10 6
-1.3307 -0.9012 5.5000 9 11 2
-1.2036 -0.9012 5.5000 13 25 15
-1.0953 -0.9092 5.5490 27 35 54
-0.9760 -0.9176 5.6000 18 25 33
-0.8330 -0.8932 5.4510 33 28 24
-0.7538 -0.9522 5.8110 33 40 32
-0.6736 -1.0195 6.2220 21 15 17
-0.4408 -0.8481 5.1760 17 20 23
-0.2753 -0.8932 5.4510 17 27 32
-0.1896 -1.1341 6.9210 52 75 80
-0.0630 -1.7402 10.6200 22 30 31
0.3205 -3.0586 18.6660 105 88 72
0.2810 -0.9176 5.6000 30 41 37
0.4067 -0.9092 5.5490 28 36 33
0.5454 -0.9433 5.7570 56 65 58
0.7047 -0.9799 5.9800 27 35 34
0.8251 -0.9705 5.9230 17 25 24
0.8763 -0.8932 5.4510 19 27 26
0.9848 -0.8776 5.3560 38 46 43
1.0810 -0.8627 5.2650 31 35 28
1.2451 -0.8932 5.4510 23 22 22
1.3743 -0.9012 5.5000 28 32 25
1.4496 -0.8701 5.3100 35 31 34
1.7110 -0.9522 5.8110 27 27 27
1.7783 -0.9176 5.6000 66 50 43
1.8479 -0.8932 5.4510 134 50 66
1.9739 -0.8932 5.4510 58 69 23
1.9366 -0.8273 5.0490 41 61 26
2.0366 -0.8206 5.0080 105 154 59
2.1098 -0.8075 4.9280 100 140 80
2.2972 -0.8342 5.0910 82 96 56
2.3483 -0.8140 4.9680 56 61 10
2.3858 -0.7885 4.8120 21 49 13
2.4321 -0.7705 4.7020 40 53 22
-2.8628 -0.9001 5.5490 20 27 31
-2.7195 -0.8921 5.5000 7 13 11
-2.6155 -0.9001 5.5490 7 6 6
-2.5662 -0.9252 5.7040 6 6 6
-2.4801 -0.9426 5.8110 13 14 10
-2.4008 -0.9607 5.9230 14 11 8
-2.2857 -0.9700 5.9800 20 15 11
-2.0387 -0.9166 5.6510 9 9 5
-1.8737 -0.9001 5.5490 12 13 4
-1.7869 -0.9166 5.6510 10 12 3
-1.6719 -0.9252 5.7040 13 14 1
-1.4941 -0.8921 5.5000 17 18 5
-1.3548 -0.8842 5.4510 26 33 27
-1.2490 -0.8921 5.5000 14 24 8
-1.1219 -0.8921 5.5000 14 18 32
-1.0129 -0.9001 5.5490 17 24 28
-0.8690 -0.8842 5.4510 28 38 24
-0.7656 -0.9001 5.5490 29 20 23
-0.7005 -0.9893 6.0990 47 33 27
-0.4918 -0.8540 5.2650 28 35 39
-0.3701 -0.8540 5.2650 14 19 26
-0.2196 -0.9992 6.1600 70 88 95
-0.0965 -1.2490 7.7000 24 42 40
0.2389 -4.3442 26.7820 162 101 79
0.2463 -0.9166 5.6510 37 43 43
0.3577 -0.8921 5.5000 28 34 36
0.5074 -0.9517 5.8670 29 36 30
0.6618 -0.9796 6.0390 26 34 33
0.7762 -0.9607 5.9230 23 26 29
0.8479 -0.8921 5.5000 19 20 16
0.9573 -0.8842 5.4510 20 21 17
1.0286 -0.8396 5.1760 23 24 18
1.2217 -0.9001 5.5490 16 23 17
1.3500 -0.9001 5.5490 32 36 31
1.4179 -0.8688 5.3560 26 26 26
1.6418 -0.9252 5.7040 31 32 28
1.7321 -0.9084 5.6000 54 73 47
1.8282 -0.8921 5.5000 112 44 63
1.9289 -0.8842 5.4510 102 96 72
1.9677 -0.8467 5.2200 31 48 20
1.9953 -0.8123 5.0080 96 137 45
2.0773 -0.7994 4.9280 123 166 89
2.2007 -0.8058 4.9680 113 125 90
2.3533 -0.8190 5.0490 110 134 63
2.3646 -0.7867 4.8500 35 54 16
2.4011 -0.7627 4.7020 49 58 20
-2.9898 -0.9158 5.7040 16 15 15
-2.7558 -0.8831 5.5000 18 18 14
-2.6613 -0.8909 5.5490 9 10 4
-2.5797 -0.9073 5.6510 15 18 17
-2.5280 -0.9330 5.8110 11 10 10
-2.4168 -0.9420 5.8670 5 5 5
-2.3581 -0.9696 6.0390 4 4 0
-2.1150 -0.9243 5.7570 12 12 12
-1.9026 -0.8831 5.5000 12 13 2
-1.8242 -0.9073 5.6510 21 22 9
-1.7030 -0.9073 5.6510 15 23 8
-1.5440 -0.8909 5.5490 25 17 16
-1.4124 -0.8831 5.5000 6 6 6
-1.2968 -0.8909 5.5490 7 14 6
-1.1569 -0.8752 5.4510 10 25 22
-1.0495 -0.8909 5.5490 11 16 23
-0.9222 -0.8831 5.5000 24 34 41
-0.7951 -0.8831 5.5000 41 13 22
-0.7292 -0.9510 5.9230 12 22 10
-0.5501 -0.8831 5.5000 36 39 38
-0.4101 -0.8381 5.2200 25 24 24
-0.2443 -0.8310 5.1760 17 27 30
-0.1746 -1.1636 7.2470 124 142 138
-0.0312 -1.9020 11.8460 41 41 43
0.3153 -2.4726 15.4000 66 53 42
0.3050 -0.9158 5.7040 24 32 29
0.4328 -0.9073 5.6510 29 36 30
0.5807 -0.9510 5.9230 19 30 26
0.7245 -0.9601 5.9800 33 40 34
0.8134 -0.9158 5.7040 20 29 22
0.9114 -0.8831 5.5000 18 21 22
0.9938 -0.8526 5.3100 32 45 40
1.1165 -0.8526 5.3100 20 21 17
1.2858 -0.8909 5.5490 21 18 15
1.3891 -0.8752 5.4510 22 25 24
1.4928 -0.8675 5.4030 37 40 41
1.7236 -0.9243 5.7570 52 53 44
1.7804 -0.8909 5.5490 100 51 50
1.8584 -0.8675 5.4030 41 29 29
1.9743 -0.8675 5.4030 74 88 48
1.9457 -0.8041 5.0080 49 50 21
2.0531 -0.8041 5.0080 113 145 81
2.1342 -0.7912 4.9280 104 145 53
2.3331 -0.8241 5.1330 78 92 52
2.3352 -0.7850 4.8890 43 50 24
2.3832 -0.7667 4.7750 38 46 17
2.4371 -0.7493 4.6670 21 49 0
-2.8445 -0.8818 5.5490 22 28 26
-2.6683 -0.8662 5.4510 12 13 9
-2.5743 -0.8740 5.5000 9 9 5
-2.5616 -0.9148 5.7570 9 5 8
-2.4846 -0.9323 5.8670 19 20 14
-2.3943 -0.9503 5.9800 19 14 12
-2.2444 -0.9412 5.9230 11 12 6
-1.9926 -0.8899 5.6000 18 24 7
-1.8725 -0.8899 5.6000 15 16 10
-1.7589 -0.8980 5.6510 7 11 4
-1.6229 -0.8899 5.6000 14 12 4
-1.4669 -0.8740 5.5000 12 8 9
-1.3489 -0.8740 5.5000 44 46 37
-1.2218 -0.8740 5.5000 19 31 21
-1.1136 -0.8818 5.5490 18 21 38
-1.0037 -0.8899 5.6000 27 34 40
-0.8510 -0.8662 5.4510 74 80 61
-0.7541 -0.8899 5.6000 34 23 18
-0.7234 -1.0303 6.4840 64 19 22
-0.4744 -0.8366 5.2650 27 35 36
-0.3528 -0.8366 5.2650 78 90 94
-0.2196 -0.9789 6.1600 82 99 104
-0.0978 -1.2390 7.7970 7 22 21
0.2289 -4.0785 25.6660 104 60 42
0.2486 -0.9064 5.7040 31 38 42
0.3609 -0.8818 5.5490 38 46 47
0.5171 -0.9323 5.8670 30 33 32
0.6618 -0.9596 6.0390 28 36 33
0.7711 -0.9234 5.8110 34 34 34
0.8403 -0.8662 5.4510 30 33 32
0.9494 -0.8511 5.3560 15 16 10
1.0286 -0.8225 5.1760 22 23 19
1.2422 -0.8899 5.6000 38 41 42
1.3748 -0.8980 5.6510 27 27 23
1.4268 -0.8511 5.3560 25 25 25
1.6418 -0.9064 5.7040 31 32 28
1.7254 -0.8818 5.5490 26 37 33
1.8119 -0.8662 5.4510 79 23 38
1.9553 -0.8740 5.5000 119 106 84
1.9847 -0.8366 5.2650 30 45 20
2.0035 -0.7958 5.0080 104 147 72
2.0773 -0.7831 4.9280 68 96 29
2.2267 -0.7958 5.0080 53 78 32
2.3728 -0.8090 5.0910 38 48 7
2.3726 -0.7707 4.8500 4 26 0
2.4011 -0.7472 4.7020 41 43 11
-2.9527 -0.8887 5.6510 13 12 12
-2.7313 -0.8572 5.4510 22 24 15
-2.6288 -0.8649 5.5000 8 4 5
-2.5797 -0.8887 5.6510 17 18 14
-2.5185 -0.9138 5.8110 17 16 16
-2.4168 -0.9226 5.8670 4 3 3
-2.3482 -0.9497 6.0390 6 5 5
-2.1150 -0.9053 5.7570 13 13 13
-1.9279 -0.8806 5.6000 12 14 3
-1.8413 -0.8970 5.7040 33 34 21
-1.6937 -0.8887 5.6510 23 24 13
-1.5440 -0.8726 5.5490 23 18 16
-1.4124 -0.8649 5.5000 7 6 6
-1.2968 -0.8726 5.5490 20 27 19
-1.1569 -0.8572 5.4510 8 18 21
-1.0495 -0.8726 5.5490 8 13 22
-0.9304 -0.8726 5.5490 21 32 41
-0.7951 -0.8649 5.5000 42 19 29
-0.7362 -0.9404 5.9800 28 36 23
-0.5550 -0.8726 5.5490 25 31 33
-0.4101 -0.8209 5.2200 22 22 22
-0.2357 -0.8140 5.1760 14 21 25
-0.1767 -1.1532 7.3330 53 84 84
-0.0124 -1.9769 12.5710 34 37 36
0.2627 -2.0181 12.8330 42 26 19
0.3012 -0.9138 5.8110 28 36 33
0.4180 -0.8970 5.7040 37 43 43
0.5821 -0.9497 6.0390 22 30 27
0.6914 -0.9226 5.8670 17 20 21
0.7821 -0.8726 5.5490 16 22 20
0.8853 -0.8572 5.4510 19 25 25
0.9851 -0.8350 5.3100 27 38 34
1.1085 -0.8423 5.3560 84 92 63
1.3245 -0.9053 5.7570 27 24 21
1.4086 -0.8806 5.6000 32 33 29
1.4970 -0.8572 5.4510 34 34 34
1.7372 -0.9226 5.8670 27 31 26
1.7556 -0.8649 5.5000 86 82 73
1.8405 -0.8497 5.4030 88 57 59
2.0007 -0.8649 5.5000 84 101 46
1.9449 -0.7940 5.0490 38 52 32
2.0285 -0.7812 4.9680 89 101 46
2.1179 -0.7750 4.9280 142 175 90
2.3246 -0.8072 5.1330 85 106 52
2.3375 -0.7750 4.9280 51 53 17
2.3753 -0.7509 4.7750 29 41 13
2.4399 -0.7394 4.7020 23 38 9
-2.8285 -0.8558 5.5000 20 24 17
-2.6626 -0.8407 5.4030 10 10 6
-2.5604 -0.8482 5.4510 9 8 8
-2.5568 -0.8876 5.7040 10 9 9
-2.4943 -0.9129 5.8670 10 11 5
-2.3910 -0.9217 5.9230 21 16 14
-2.2857 -0.9305 5.9800 9 8 8
-2.0294 -0.8793 5.6510 9 11 2
-1.8909 -0.8714 5.6000 11 15 8
-1.7776 -0.8793 5.6510 6 7 1
-1.6414 -0.8714 5.6000 20 21 8
-1.4982 -0.8635 5.5490 16 10 12
-1.3670 -0.8558 5.5000 22 22 22
-1.2399 -0.8558 5.5000 21 28 20
-1.1219 -0.8558 5.5000 14 19 28
-1.0129 -0.8714 5.6000 17 27 30
-0.8768 -0.8558 5.5000 18 21 20
-0.7498 -0.8558 5.5000 46 25 22
-0.7294 -0.9881 6.3500 121 49 40
-0.4831 -0.8193 5.2650 21 28 34
-0.3670 -0.8123 5.2200 32 37 44
-0.2241 -0.9781 6.2860 65 80 79
-0.1092 -1.1982 7.7000 24 34 37
0.2245 -3.3052 21.2410 60 40 30
0.2414 -0.8958 5.7570 31 38 46
0.3675 -0.8793 5.6510 28 36 35
0.5172 -0.9305 5.9800 23 26 27
0.6618 -0.9397 6.0390 29 35 33
0.7475 -0.8876 5.7040 24 28 23
0.8329 -0.8407 5.4030 32 38 38
0.9406 -0.8334 5.3560 27 28 24
1.0286 -0.8054 5.1760 24 28 21
1.2330 -0.8714 5.6000 51 54 55
1.3877 -0.8876 5.7040 28 28 24
1.4560 -0.8558 5.5000 20 25 15
1.6571 -0.8958 5.7570 27 26 26
1.7321 -0.8714 5.6000 43 76 32
1.8119 -0.8482 5.4510 96 57 66
1.9462 -0.8558 5.5000 61 53 29
1.9677 -0.8123 5.2200 23 37 17
1.9793 -0.7730 4.9680 56 87 45
2.0773 -0.7668 4.9280 63 92 22
2.1830 -0.7668 4.9280 78 108 58
2.3728 -0.7922 5.0910 58 71 27
2.3460 -0.7488 4.8120 32 56 28
2.3832 -0.7262 4.6670 35 31 6
-2.9086 -0.8543 5.5490 15 15 15
-2.6925 -0.8246 5.3560 11 18 10
-2.5688 -0.8246 5.3560 12 13 7
-2.5423 -0.8543 5.5490 16 15 15
-2.5280 -0.8946 5.8110 11 10 12
-2.4265 -0.9033 5.8670 8 5 2
-2.3351 -0.9207 5.9800 11 8 3
-2.1245 -0.8863 5.7570 11 14 13
-1.9548 -0.8700 5.6510 12 14 5
-1.8508 -0.8782 5.7040 3 4 0
-1.6876 -0.8622 5.6000 22 24 11
