ply
format ascii 1.0
element vertex 5000
property float x
property float y
property float z
property uchar red
property uchar green
property uchar blue
end_header
-13.2426 -11.3273 26.7820 107 40 54
-19.4244 -17.3687 41.0660 61 33 34
-20.6137 -20.0404 47.3830 120 74 70
-11.5339 -11.8421 27.9990 81 36 0
-21.9591 -23.6845 55.9990 89 59 73
-20.6981 -26.0526 61.5980 95 85 53
-13.4747 -11.7959 27.9990 89 23 47
-21.7085 -19.9622 47.3830 88 20 26
-19.2867 -18.5366 43.9990 84 40 40
-12.2770 -12.3579 29.3330 65 42 39
-17.4713 -18.5366 43.9990 76 74 53
-23.1380 -25.9510 61.5980 94 79 78
-20.1021 -17.2331 41.0660 85 28 35
-20.6665 -18.4640 43.9990 96 49 38
-19.6498 -18.4640 43.9990 71 27 25
-13.8366 -13.6049 32.4200 87 50 57
-13.1410 -13.6049 32.4200 77 48 25
-23.6463 -25.8493 61.5980 92 86 92
-20.3055 -17.1654 41.0660 95 35 47
-20.8117 -18.3914 43.9990 64 25 21
-21.3957 -19.8059 47.3830 69 27 26
-18.9237 -18.3914 43.9990 95 45 51
-12.0350 -12.2610 29.3330 83 52 41
-21.6818 -23.4073 55.9990 68 64 67
-22.6297 -25.7477 61.5980 79 72 55
-18.4008 -16.0289 38.4990 70 22 28
-21.5521 -19.7277 47.3830 79 23 25
-22.3317 -21.3718 51.3320 104 42 54
-12.7381 -12.8230 30.7990 82 42 43
-22.0515 -23.3149 55.9990 94 68 64
-22.9347 -25.6460 61.5980 92 89 84
-21.5379 -18.2461 43.9990 71 23 31
-26.2105 -23.2225 55.9990 61 1 9
-19.3594 -18.2461 43.9990 82 27 35
-15.2252 -15.0260 36.2340 78 38 43
-18.8933 -19.6495 47.3830 89 58 56
-23.3413 -25.5443 61.5980 95 83 83
-30.7627 -25.4427 61.5980 67 21 33
-19.6955 -16.9621 41.0660 83 26 37
-23.0942 -21.2024 51.3320 73 41 35
-20.3791 -19.5713 47.3830 102 49 63
-13.3015 -13.3909 32.4200 74 48 35
-23.9513 -25.4427 61.5980 77 72 70
-22.7314 -25.4427 61.5980 101 93 81
-23.1944 -19.4931 47.3830 74 28 40
-28.9328 -25.3410 61.5980 94 27 26
-19.2141 -18.1009 43.9990 95 40 46
-15.1056 -14.9064 36.2340 85 47 51
-20.2984 -21.1177 51.3320 70 54 49
-23.1380 -25.3410 61.5980 101 85 78
-21.2474 -18.0283 43.9990 66 22 31
-22.3317 -21.0330 51.3320 89 34 44
-15.0458 -14.8467 36.2340 72 36 40
-20.2137 -21.0330 51.3320 75 56 54
-23.0363 -25.2394 61.5980 102 88 80
-20.9569 -17.9557 43.9990 74 37 32
-19.2141 -17.9557 43.9990 91 48 52
-15.0458 -14.7869 36.2340 71 30 38
-18.7369 -19.3367 47.3830 79 60 58
-23.1380 -25.1377 61.5980 104 93 84
-29.2378 -25.0361 61.5980 76 29 28
-22.3317 -20.8635 51.3320 85 44 52
-14.1534 -13.9089 34.2210 71 25 37
-20.2137 -20.8635 51.3320 80 61 59
-29.9494 -24.9344 61.5980 71 19 36
-24.3620 -22.6680 55.9990 80 46 52
-15.0458 -14.6673 36.2340 70 24 34
-20.2137 -20.7788 51.3320 73 52 51
-23.0363 -24.9344 61.5980 98 87 82
-22.5011 -20.6941 51.3320 85 52 53
-16.1134 -15.5206 38.4990 68 29 27
-17.4713 -17.7379 43.9990 108 80 77
-23.2397 -24.8328 61.5980 94 85 78
-22.5859 -20.6094 51.3320 87 51 55
-17.2555 -16.4877 41.0660 69 34 29
-17.6166 -17.6653 43.9990 61 32 38
-23.3413 -24.7311 61.5980 92 77 76
-24.1772 -22.3908 55.9990 91 52 61
-14.0405 -13.6830 34.2210 81 38 44
-21.8667 -22.3908 55.9990 107 87 88
-24.6393 -22.2984 55.9990 83 47 51
-16.1134 -15.3300 38.4990 87 44 46
-18.8933 -18.8675 47.3830 72 47 38
-23.2397 -24.5278 61.5980 90 62 73
-26.5945 -24.4262 61.5980 92 53 51
-14.0405 -13.5701 34.2210 79 40 47
-21.8667 -22.2059 55.9990 72 52 42
9.3777 -7.4018 18.6660 12 13 44
-27.4078 -24.3245 61.5980 87 39 45
-16.1134 -15.2029 38.4990 85 41 41
-18.8933 -18.7111 47.3830 61 52 35
-23.3413 -24.3245 61.5980 94 71 79
6.8718 -5.5285 14.0000 14 17 38
-12.8743 -9.6891 24.6390 82 50 55
-27.9665 -22.0211 55.9990 89 38 51
-27.4078 -24.2229 61.5980 85 40 47
-15.0458 -14.2487 36.2340 86 42 42
-22.1439 -22.0211 55.9990 77 65 49
5.4672 -4.4857 11.4070 3 3 23
8.5400 -6.7288 17.1110 17 16 43
-28.2438 -21.9287 55.9990 91 45 55
-29.7461 -24.1212 61.5980 83 27 29
-17.2555 -16.0811 41.0660 87 48 44
-20.4679 -20.1011 51.3320 70 58 42
7.2609 -6.3477 16.2100 10 23 32
6.4113 -5.1322 13.1060 16 13 29
-24.3674 -18.4766 47.3830 91 42 53
-25.3816 -20.0164 51.3320 78 29 28
-27.0012 -24.0196 61.5980 90 33 42
-15.1654 -14.1291 36.2340 87 41 33
-20.3832 -20.0164 51.3320 72 60 44
6.6553 -5.8585 15.0240 11 16 34
5.6581 -4.6192 11.8460 19 9 39
8.0635 -6.3209 16.2100 25 10 42
-21.9736 -17.0844 43.9990 89 45 45
-29.5428 -23.9179 61.5980 83 17 24
-21.9928 -19.9317 51.3320 66 40 36
-14.7468 -14.0693 36.2340 94 64 57
6.6694 -5.9797 15.4000 30 30 48
7.5670 -6.4643 16.6480 26 13 31
5.9455 -4.7837 12.3200 20 19 28
10.3495 -7.9728 20.5330 18 13 25
-23.4290 -18.3202 47.3830 87 38 37
-27.3062 -23.8163 61.5980 84 47 44
-17.3233 -15.8778 41.0660 91 49 46
-16.5100 -15.8778 41.0660 79 60 45
6.6057 -5.8089 15.0240 23 19 38
7.2571 -6.1066 15.7940 13 12 21
6.8256 -5.4130 14.0000 24 23 32
29.2426 -21.6515 55.9990 1 10 3
-19.4174 -14.8217 38.4990 74 52 44
-22.9598 -18.2420 47.3830 88 27 30
-24.2696 -21.5591 55.9990 86 41 46
-13.3550 -12.4814 32.4200 84 49 34
-24.1546 -23.7146 61.5980 84 69 68
8.4227 -7.1862 18.6660 13 20 26
7.0534 -5.6463 14.6660 20 17 36
10.6714 -8.1776 21.2410 19 17 26
-17.3163 -13.1183 34.2210 88 50 54
-21.3926 -16.8666 43.9990 36 0 0
-24.3620 -21.4666 55.9990 90 45 48
-13.4621 -12.4279 32.4200 62 13 1
21.1293 -19.6776 51.3320 13 14 43
7.4951 -6.5593 17.1110 17 13 32
8.3245 -6.9450 18.1170 20 19 28
7.4827 -5.9034 15.4000 17 15 24
-10.3496 -7.5842 19.8700 93 40 66
-18.1554 -13.8301 36.2340 74 35 44
-22.8034 -18.0856 47.3830 98 23 36
-20.3791 -18.0856 47.3830 93 54 50
-12.6365 -11.7557 30.7990 88 45 36
18.1835 -16.7940 43.9990 9 18 41
8.3363 -7.3471 19.2490 15 12 31
9.3329 -7.8372 20.5330 15 14 25
7.8968 -6.3544 16.6480 13 12 23
9.2545 -7.1246 18.6660 38 9 27
22.7584 -16.7940 43.9990 27 14 20
-13.6846 -10.1782 26.7820 88 35 47
-20.1021 -15.6067 41.0660 79 29 35
-24.8242 -21.2818 55.9990 84 45 54
-13.6761 -12.3209 32.4200 89 59 41
-13.7581 -13.0053 34.2210 83 63 53
-23.2397 -23.4097 61.5980 85 72 61
10.1040 -9.0039 23.6920 21 21 39
9.4794 -8.0724 21.2410 25 11 22
11.5245 -9.3638 24.6390 19 12 25
9.3847 -7.3154 19.2490 25 11 26
14.9304 -11.1477 29.3330 35 22 30
-10.2840 -7.5186 19.8700 95 41 61
-19.0997 -14.5676 38.4990 96 46 52
-26.6726 -21.1894 55.9990 88 20 28
-18.8510 -16.6487 43.9990 90 50 51
-11.9866 -11.0993 29.3330 83 59 45
-23.7480 -23.3080 61.5980 90 77 64
17.1070 -15.5389 41.0660 31 42 65
8.9601 -7.7695 20.5330 15 13 29
10.8470 -8.9648 23.6920 18 23 30
9.8073 -7.7695 20.5330 22 16 33
11.3863 -8.6326 22.8140 39 26 30
24.5870 -17.9292 47.3830 50 35 34
-13.0720 -9.6694 25.6660 90 39 50
-21.4653 -16.5761 43.9990 85 35 39
-27.2045 -23.2064 61.5980 74 30 39
-12.9414 -11.6032 30.7990 80 54 41
-14.5076 -13.6508 36.2340 70 48 38
-23.3413 -23.2064 61.5980 83 74 65
19.5820 -17.8510 47.3830 7 16 37
9.9179 -8.5949 22.8140 17 13 32
11.1992 -9.2825 24.6390 26 24 31
12.1743 -9.6694 25.6660 22 15 24
11.3110 -8.5949 22.8140 46 34 34
21.1735 -15.4712 41.0660 53 28 21
-13.1144 -9.6270 25.6660 91 43 51
-20.1699 -15.4034 41.0660 98 38 38
-24.5469 -21.0046 55.9990 85 37 41
-11.7187 -10.5021 27.9990 74 45 35
-16.3067 -15.4034 41.0660 71 55 52
-21.1273 -21.0046 55.9990 87 78 73
23.2352 -21.0046 55.9990 10 19 42
11.2001 -9.6270 25.6660 27 26 37
12.7726 -10.5021 27.9990 18 21 24
12.7921 -10.0456 26.7820 33 23 33
12.2565 -9.2418 24.6390 37 23 19
24.5870 -17.7728 47.3830 44 37 20
-11.6948 -8.5196 22.8140 82 39 41
-20.2377 -15.3356 41.0660 84 22 21
-27.1029 -23.0031 61.5980 74 34 35
-12.3255 -10.9541 29.3330 72 44 45
-16.3745 -15.3356 41.0660 79 58 57
-21.1273 -20.9122 55.9990 95 85 83
-21.9181 -23.0031 61.5980 86 79 88
13.8798 -12.1069 32.4200 23 25 33
11.5389 -9.5847 25.6660 40 24 31
13.7685 -10.9541 29.3330 35 27 24
11.5899 -8.8475 23.6920 45 12 25
16.5551 -12.1069 32.4200 63 18 23
-9.4365 -6.7357 18.1170 111 55 70
-18.0956 -13.4714 36.2340 91 30 45
-24.6191 -19.0846 51.3320 71 21 25
-14.6053 -12.7230 34.2210 73 37 39
-10.8999 -9.9572 26.7820 82 61 46
-21.6818 -20.8198 55.9990 100 83 83
-17.3292 -17.6164 47.3830 75 65 65
17.3103 -15.2678 41.0660 26 22 41
12.4030 -10.4097 27.9990 38 15 23
15.0035 -12.0534 32.4200 37 21 28
13.5582 -10.4097 27.9990 61 27 33
14.7851 -10.9057 29.3330 27 16 24
32.3697 -22.9014 61.5980 37 38 32
-14.1678 -10.3635 27.9990 88 43 58
-21.3926 -16.2857 43.9990 93 26 29
-20.3791 -17.5382 47.3830 86 51 48
-10.9883 -9.9130 26.7820 84 64 54
-23.9513 -22.7997 61.5980 77 61 54
-17.4856 -17.5382 47.3830 96 75 74
18.7645 -16.2857 43.9990 26 15 23
13.0907 -10.8573 29.3330 34 9 19
16.0064 -12.6665 34.2210 41 19 23
13.6506 -10.3635 27.9990 62 26 30
14.8820 -10.8573 29.3330 48 16 21
-8.6989 -6.1346 16.6480 102 46 61
-19.3539 -14.1864 38.4990 85 36 49
-22.8034 -17.4600 47.3830 75 19 23
-13.0431 -11.3490 30.7990 81 42 49
-11.7929 -10.8088 29.3330 94 47 48
-21.4046 -20.6349 55.9990 88 71 73
-17.1728 -17.4600 47.3830 101 91 91
16.6730 -14.1864 38.4990 33 17 24
15.4981 -12.6100 34.2210 46 23 20
18.2615 -14.1864 38.4990 33 21 19
15.2191 -11.3490 30.7990 45 12 11
19.8500 -14.1864 38.4990 33 25 1
-10.2512 -7.2891 19.8700 102 44 44
-20.3055 -15.0645 41.0660 97 44 40
-29.2378 -22.5964 61.5980 56 0 6
-11.6725 -10.2711 27.9990 71 33 33
-17.3987 -16.1405 43.9990 77 61 54
-16.5273 -16.1405 43.9990 78 71 82
26.1683 -22.5964 61.5980 40 17 27
19.5632 -16.1405 43.9990 39 16 26
22.0845 -17.3819 47.3830 33 10 20
19.9536 -15.0645 41.0660 42 7 2
19.4687 -14.1229 38.4990 33 13 14
-8.0722 -5.6239 15.4000 89 33 46
-17.2598 -12.4971 34.2210 90 45 52
-24.7886 -18.7458 51.3320 80 22 22
-13.6761 -11.8394 32.4200 88 45 49
-12.9805 -11.8394 32.4200 93 49 47
-19.5360 -18.7458 51.3320 87 66 73
-16.8600 -17.3037 47.3830 92 92 88
18.0558 -14.9968 41.0660 28 5 17
20.2168 -16.0679 43.9990 26 11 12
19.7502 -14.9968 41.0660 31 12 10
18.1439 -13.2322 36.2340 32 13 11
26.8055 -18.7458 51.3320 46 44 32
-13.0720 -9.3305 25.6660 96 52 61
-25.0427 -18.6611 51.3320 86 26 26
-14.6053 -12.4406 34.2210 90 42 50
-10.8999 -9.7362 26.7820 88 49 45
-19.7901 -18.6611 51.3320 90 68 70
-15.9464 -15.9953 43.9990 89 80 73
24.6215 -20.3577 55.9990 26 3 15
25.7306 -20.3577 55.9990 29 12 14
24.6875 -18.6611 51.3320 41 22 20
20.5635 -14.9290 41.0660 31 15 12
26.8055 -18.6611 51.3320 46 44 32
-12.5896 -8.9165 24.6390 88 44 53
-25.2122 -18.5764 51.3320 94 24 24
-15.4046 -13.1126 36.2340 119 68 70
-10.8557 -9.6920 26.7820 82 43 39
-18.1895 -17.1473 47.3830 90 66 70
-16.0190 -15.9226 43.9990 90 86 79
27.0833 -22.2915 61.5980 25 4 13
29.1165 -22.2915 61.5980 24 16 13
21.7418 -15.9226 43.9990 40 17 12
21.1057 -14.8612 41.0660 32 26 11
-8.6439 -5.9972 16.6480 83 41 38
-21.9010 -15.8500 43.9990 90 41 42
-29.4411 -22.1898 61.5980 81 19 29
-11.0325 -9.6478 26.7820 92 37 43
-18.5805 -17.0691 47.3830 74 64 64
-15.2223 -14.7935 41.0660 87 72 71
-21.6131 -22.1898 61.5980 104 94 92
4.2887 -20.1729 55.9990 27 23 46
27.6933 -22.1898 61.5980 22 18 23
24.7723 -18.4916 51.3320 29 20 13
19.4052 -13.8687 38.4990 36 31 27
26.8902 -18.4916 51.3320 53 53 47
-14.2141 -10.0401 27.9990 78 35 41
-27.3195 -20.0805 55.9990 95 25 29
-13.6761 -11.6254 32.4200 92 43 44
-12.3823 -11.0441 30.7990 76 51 44
-18.1112 -16.9909 47.3830 101 77 79
-17.0946 -16.9909 47.3830 97 86 79
4.0059 -22.0882 61.5980 26 23 37
2.5854 -10.5184 29.3330 27 30 58
24.7723 -18.4069 51.3320 20 20 14
19.4052 -13.8052 38.4990 32 32 26
26.8902 -18.4069 51.3320 60 61 55
-12.5490 -8.7945 24.6390 88 42 52
-30.0511 -21.9865 61.5980 90 16 24
-13.6226 -11.5719 32.4200 86 35 37
-16.3745 -14.6579 41.0660 83 64 60
-17.9548 -16.9127 47.3830 87 78 73
-20.0182 -19.9880 55.9990 89 73 66
3.2535 -18.3222 51.3320 45 43 52
3.0740 -12.9332 36.2340 26 27 58
2.3020 -7.8522 21.9990 30 36 63
24.8570 -18.3222 51.3320 13 13 9
19.4687 -13.7417 38.4990 33 29 22
26.9750 -18.3222 51.3320 66 67 56
-13.6404 -9.5153 26.7820 83 34 47
-27.4120 -19.8956 55.9990 79 8 15
-12.8398 -10.9424 30.7990 96 45 47
-16.3067 -14.5902 41.0660 81 53 54
-16.5273 -15.6322 43.9990 90 79 72
-18.2652 -18.2375 51.3320 110 89 86
3.3383 -18.2375 51.3320 30 28 37
2.6638 -10.9424 30.7990 32 35 65
2.4250 -8.1055 22.8140 22 24 50
26.7472 -19.8956 55.9990 25 26 20
20.4280 -14.5902 41.0660 26 15 19
21.3091 -14.5902 41.0660 36 41 31
-9.9626 -6.8071 19.2490 87 5 27
-21.9010 -15.5596 43.9990 77 43 35
-16.3675 -13.6146 38.4990 95 43 50
-12.4840 -10.8916 30.7990 81 44 39
-15.7645 -14.5224 41.0660 96 64 71
-17.2510 -16.7563 47.3830 92 81 72
2.9147 -18.1528 51.3320 28 34 36
3.1451 -14.5224 41.0660 41 34 45
2.2367 -8.0678 22.8140 14 17 38
19.9080 -19.8032 55.9990 20 20 42
21.0171 -19.8032 55.9990 12 13 44
24.8570 -18.1528 51.3320 27 23 24
20.6991 -14.5224 41.0660 42 33 40
23.1215 -15.5596 43.9990 50 36 30
-12.1058 -8.3392 23.6920 94 40 58
-21.5379 -15.4870 43.9990 80 24 26
-14.4358 -12.0453 34.2210 90 41 42
-13.7581 -12.0453 34.2210 82 49 50
-15.6289 -14.4546 41.0660 101 72 78
-20.2031 -19.7108 55.9990 98 91 74
2.6029 -14.4546 41.0660 30 29 33
2.4401 -10.3248 29.3330 25 24 51
2.3020 -7.7433 21.9990 24 24 44
18.5877 -18.0681 51.3320 19 26 48
23.6268 -21.6816 61.5980 17 23 52
25.1959 -18.0681 51.3320 30 14 19
19.6594 -13.5511 38.4990 49 26 23
-10.4152 -6.9612 19.8700 66 30 34
-14.7945 -10.2764 29.3330 95 41 44
-24.7886 -17.9834 51.3320 84 23 28
-12.7890 -10.7900 30.7990 104 44 40
-15.1603 -13.4875 38.4990 100 75 83
-16.4547 -15.4144 43.9990 94 78 75
-21.6131 -21.5799 61.5980 137 123 117
2.6943 -13.4875 38.4990 48 42 48
2.4047 -9.3827 26.7820 17 17 39
2.5379 -7.9925 22.8140 23 20 39
17.3142 -16.5999 47.3830 22 31 52
21.6640 -19.6184 55.9990 15 28 53
25.1959 -17.9834 51.3320 41 25 32
22.5405 -15.4144 43.9990 47 26 23
-10.4152 -6.9284 19.8700 66 29 36
-12.9450 -8.9493 25.6660 101 44 51
-19.8310 -14.3191 41.0660 88 27 32
-18.7058 -15.3418 43.9990 121 73 79
-13.8146 -11.9323 34.2210 81 50 52
-13.9096 -12.6342 36.2340 94 70 74
-22.3247 -21.4783 61.5980 99 95 88
2.9893 -21.4783 61.5980 43 36 45
2.2689 -11.3044 32.4200 26 22 25
2.2123 -8.5912 24.6390 15 15 35
2.5003 -7.9549 22.8140 21 17 36
21.4919 -21.4783 61.5980 35 29 44
16.2229 -15.3418 43.9990 16 25 46
24.0334 -21.4783 61.5980 11 26 43
25.6195 -17.8987 51.3320 50 31 25
21.3769 -14.3191 41.0660 49 28 25
-10.9585 -7.3714 21.2410 74 31 37
-16.0839 -11.2509 32.4200 97 49 45
-26.5802 -19.4336 55.9990 95 21 29
-13.5156 -11.2509 32.4200 96 41 38
-14.3282 -12.5744 36.2340 79 61 67
-16.5273 -15.2692 43.9990 105 91 85
1.9726 -21.3766 61.5980 29 33 45
2.1860 -13.3605 38.4990 37 33 38
1.9277 -8.5506 24.6390 36 23 27
2.1568 -7.6344 21.9990 18 15 34
2.6885 -7.9172 22.8140 14 24 42
19.6308 -19.4336 55.9990 16 11 39
16.2955 -15.2692 43.9990 9 19 45
24.1351 -21.3766 61.5980 15 27 45
25.7042 -17.8140 51.3320 57 35 27
21.4446 -14.2513 41.0660 50 33 35
-10.5594 -7.0918 20.5330 67 22 29
-14.5040 -10.1312 29.3330 84 31 29
-19.4244 -14.1835 41.0660 96 22 30
-15.3448 -12.5146 36.2340 93 43 49
-13.7581 -11.8194 34.2210 82 60 62
-13.0803 -11.8194 34.2210 94 70 72
0.8407 -14.1835 41.0660 36 41 48
2.1770 -12.5146 36.2340 37 25 38
1.9318 -8.1828 23.6920 33 28 38
2.2294 -7.5981 21.9990 16 14 28
2.8702 -8.1828 23.6920 20 23 42
6.7569 -16.3653 47.3830 14 16 26
14.0043 -13.2969 38.4990 16 22 53
19.7738 -17.7293 51.3320 10 16 43
30.6415 -21.2750 61.5980 54 31 28
21.3091 -14.1835 41.0660 41 18 17
-10.9936 -7.3013 21.2410 91 36 44
-12.2237 -8.4693 24.6390 91 37 38
-15.4418 -11.1439 32.4200 96 21 31
-28.1195 -21.1733 61.5980 96 40 42
-12.8906 -10.5867 30.7990 94 44 37
-13.6451 -11.7629 34.2210 77 59 65
-13.6704 -12.4549 36.2340 94 72 74
-1.3213 -17.6445 51.3320 49 53 65
2.2804 -15.1239 43.9990 42 40 47
1.7650 -8.4693 24.6390 33 29 32
1.8775 -7.0579 20.5330 12 16 30
2.5756 -7.8419 22.8140 15 23 40
4.0870 -10.5867 30.7990 16 24 41
16.7668 -16.2871 47.3830 18 19 48
16.4407 -15.1239 43.9990 13 26 51
30.6415 -21.1733 61.5980 60 34 30
21.2413 -14.1158 41.0660 52 26 26
-11.3859 -7.5255 21.9990 89 25 34
-12.2643 -8.4286 24.6390 85 31 32
-14.7205 -10.5358 30.7990 95 21 31
-28.1195 -21.0717 61.5980 85 29 31
-14.3793 -11.7064 34.2210 90 56 46
-13.6451 -11.7064 34.2210 75 60 61
-12.9674 -11.7064 34.2210 90 75 74
-1.3761 -16.2089 47.3830 46 51 60
1.1912 -15.0513 43.9990 36 41 50
2.3776 -16.2089 47.3830 34 32 39
1.6343 -7.8043 22.8140 37 31 35
1.8775 -7.0240 20.5330 9 10 23
2.5756 -7.8043 22.8140 14 19 35
4.0870 -10.5358 30.7990 11 19 36
15.5693 -15.0513 43.9990 19 20 49
15.3448 -14.0480 41.0660 11 24 49
30.5398 -21.0717 61.5980 54 26 23
22.6858 -15.0513 43.9990 45 23 25
-11.8830 -7.7666 22.8140 88 36 41
-10.9865 -7.4892 21.9990 88 27 32
-12.8448 -9.1175 26.7820 96 21 29
-15.6784 -11.6500 34.2210 63 10 8
-26.6962 -20.9700 61.5980 89 37 58
-12.0834 -9.9859 29.3330 84 39 42
-12.7130 -11.0368 32.4200 96 72 74
-19.0276 -17.4751 51.3320 87 83 76
-1.0772 -20.9700 61.5980 41 42 57
2.4558 -16.1308 47.3830 31 30 37
1.6122 -7.4892 21.9990 25 14 18
1.8497 -6.7644 19.8700 13 12 21
2.6132 -7.7666 22.8140 20 24 38
4.5976 -11.6500 34.2210 12 20 39
16.6886 -16.1308 47.3830 19 16 35
14.3220 -13.1063 38.4990 14 24 52
30.4382 -20.9700 61.5980 63 35 32
22.6858 -14.9787 43.9990 34 16 22
-12.8336 -8.3473 24.6390 77 26 26
-9.9233 -6.7316 19.8700 68 2 9
-11.3628 -8.0264 23.6920 97 23 31
-13.4389 -9.9375 29.3330 91 33 33
-27.0012 -20.8684 61.5980 93 42 53
-12.8398 -10.4342 30.7990 93 45 37
-12.8735 -10.9833 32.4200 82 63 61
-12.9109 -11.5935 34.2210 115 104 108
-1.0599 -14.9061 43.9990 51 56 63
1.2638 -14.9061 43.9990 36 38 48
2.1962 -13.9125 41.0660 26 25 29
1.4562 -6.7316 19.8700 28 15 19
1.7684 -6.3237 18.6660 18 16 25
2.6132 -7.7290 22.8140 15 17 27
4.3556 -10.9833 32.4200 7 19 37
21.4919 -20.8684 61.5980 30 35 40
14.1950 -13.0428 38.4990 24 27 55
24.0334 -20.8684 61.5980 4 11 35
27.9487 -18.9715 55.9990 55 32 27
18.8616 -12.2755 36.2340 25 4 13
-11.7701 -7.6913 22.8140 73 24 23
-10.8776 -7.4166 21.9990 86 31 30
-10.8288 -7.6913 22.8140 90 22 28
-14.7462 -10.9298 32.4200 93 34 37
-24.2696 -18.8791 55.9990 96 45 58
-12.1318 -9.8891 29.3330 71 26 29
-12.7130 -10.9298 32.4200 93 69 71
-17.6420 -15.9744 47.3830 91 87 90
-1.3761 -15.9744 47.3830 58 63 70
0.1297 -18.8791 55.9990 43 53 71
1.8302 -15.9744 47.3830 27 29 39
1.7746 -9.4394 27.9990 38 26 39
1.5071 -6.1078 18.1170 19 14 22
2.0793 -6.6988 19.8700 16 11 21
3.3330 -9.0291 26.7820 25 23 30
6.4196 -14.8335 43.9990 35 29 33
13.8137 -12.9793 38.4990 24 27 55
16.7312 -14.8335 43.9990 18 27 50
24.9417 -17.3057 51.3320 33 41 30
25.9583 -17.3057 51.3320 77 63 57
16.2357 -10.3834 30.7990 17 4 8
-10.1201 -6.6660 19.8700 85 13 27
-10.3626 -7.1260 21.2410 98 21 25
-9.9419 -7.1260 21.2410 81 20 25
-17.1935 -12.9157 38.4990 87 30 41
-16.4311 -12.9157 38.4990 92 35 42
-12.4840 -10.3325 30.7990 80 53 47
-11.3088 -9.8407 29.3330 87 70 72
-20.4803 -18.7867 55.9990 87 87 83
-1.0671 -17.2210 51.3320 66 67 80
0.7729 -13.7769 41.0660 35 42 48
1.7218 -13.7769 41.0660 34 33 42
1.8108 -9.8407 29.3330 36 25 33
1.4234 -5.7404 17.1110 24 18 22
1.9825 -6.4577 19.2490 25 21 26
3.1517 -8.6105 25.6660 19 17 24
5.9239 -13.7769 41.0660 24 24 28
15.7146 -14.7609 43.9990 20 24 49
16.6586 -14.7609 43.9990 11 24 51
25.0264 -17.2210 51.3320 48 50 39
22.3953 -14.7609 43.9990 29 21 20
16.2865 -10.3325 30.7990 18 1 3
-9.4452 -6.2313 18.6660 83 14 25
-9.3590 -6.4259 19.2490 91 6 13
-9.5766 -6.8546 20.5330 93 27 32
-19.5772 -14.6883 43.9990 86 26 34
-16.3675 -12.8522 38.4990 108 57 59
-12.4331 -10.2817 30.7990 82 55 49
-11.2604 -9.7923 29.3330 85 72 76
-2.6429 -18.6943 55.9990 49 66 82
-1.2052 -14.6883 43.9990 68 67 78
0.1297 -18.6943 55.9990 37 47 65
1.1186 -14.6883 43.9990 29 35 46
1.6388 -12.0961 36.2340 32 34 40
1.5799 -7.9092 23.6920 28 22 28
1.4020 -5.4114 16.2100 19 14 22
2.0778 -6.4259 19.2490 28 24 27
3.5768 -9.3470 27.9990 70 76 89
7.6590 -17.1363 51.3320 29 18 24
14.0043 -12.8522 38.4990 21 22 53
23.6268 -20.5634 61.5980 10 17 41
23.1793 -15.8180 47.3830 45 38 30
22.3953 -14.6883 43.9990 22 11 15
16.3374 -10.2817 30.7990 20 3 5
-9.4452 -6.2005 18.6660 77 9 17
-9.3272 -6.3942 19.2490 100 17 30
-9.5428 -6.8207 20.5330 95 18 22
-21.0047 -15.7398 47.3830 91 29 39
-15.3448 -12.0363 36.2340 73 25 31
-12.4331 -10.2309 30.7990 83 53 46
-11.2120 -9.7439 29.3330 65 54 60
-2.0799 -15.7398 47.3830 51 71 84
-1.0632 -15.7398 47.3830 55 57 67
0.7120 -17.0516 51.3320 21 28 36
1.5543 -14.6157 43.9990 22 28 39
1.7873 -10.7693 32.4200 26 25 36
1.4424 -6.3942 19.2490 26 15 21
1.6047 -5.5302 16.6480 22 13 18
2.6509 -7.5784 22.8140 10 12 22
4.2395 -10.2309 30.7990 34 28 45
19.7232 -18.6019 55.9990 29 24 34
16.4407 -14.6157 43.9990 12 25 54
24.5181 -17.0516 51.3320 44 37 29
20.4958 -13.6414 41.0660 57 16 24
17.7572 -11.3676 34.2210 26 6 9
-10.9936 -7.0208 21.2410 81 14 17
-8.7315 -5.8174 17.6000 105 41 36
-9.1684 -6.3624 19.2490 87 21 26
-11.2070 -8.1440 24.6390 94 32 42
-22.3317 -16.9669 51.3320 89 39 47
-11.0767 -8.8523 26.7820 80 37 43
-12.7665 -10.7158 32.4200 74 50 38
-14.3978 -12.7251 38.4990 86 77 84
-1.6409 -14.5431 43.9990 60 65 74
-0.8977 -16.9669 51.3320 53 57 69
0.2036 -16.9669 51.3320 35 40 60
1.0460 -14.5431 43.9990 32 39 47
1.3930 -10.1801 30.7990 25 24 31
1.5408 -7.8310 23.6920 42 41 43
1.3319 -5.0902 15.4000 18 13 21
1.9841 -6.1697 18.6660 21 17 20
3.3772 -8.8523 26.7820 95 94 96
6.0594 -13.5736 41.0660 20 13 24
14.8703 -13.5736 41.0660 23 21 51
23.6268 -20.3601 61.5980 24 31 53
20.0891 -13.5736 41.0660 48 28 20
20.9702 -13.5736 41.0660 17 4 10
15.5597 -9.6955 29.3330 20 3 5
-9.4452 -6.1389 18.6660 85 14 21
-9.0447 -6.1389 18.6660 101 20 35
-9.2346 -6.5349 19.8700 99 21 30
-21.0047 -15.5834 47.3830 91 34 45
-15.3448 -11.9167 36.2340 82 42 47
-11.7929 -9.6471 29.3330 81 51 35
-13.0803 -11.2547 34.2210 84 73 77
-1.7135 -14.4705 43.9990 55 60 69
-0.9824 -16.8821 51.3320 45 52 60
0.0342 -16.8821 51.3320 34 38 63
1.0482 -15.5834 47.3830 25 31 42
1.4348 -11.2547 34.2210 25 23 32
1.5617 -8.1033 24.6390 24 23 25
1.2811 -5.0648 15.4000 29 23 25
1.7905 -5.6275 17.1110 19 10 17
3.3330 -8.8081 26.7820 34 30 35
5.6171 -12.6616 38.4990 18 13 21
14.9381 -13.5059 41.0660 16 24 50
23.6268 -20.2584 61.5980 10 18 37
18.8969 -12.6616 38.4990 46 15 13
19.6594 -12.6616 38.4990 17 4 10
-14.0382 -8.7639 26.7820 88 4 20
-9.1375 -5.9285 18.1170 105 18 32
-9.0139 -6.1081 18.6660 95 14 29
-9.5089 -6.7190 20.5330 104 31 36
-21.0047 -15.5052 47.3830 93 36 47
-14.4358 -11.1982 34.2210 80 49 49
-11.7929 -9.5987 29.3330 76 45 32
-16.7452 -14.3979 43.9990 82 66 71
-2.0017 -15.5052 47.3830 53 62 72
-1.0671 -16.7974 51.3320 48 55 61
-0.0551 -18.3246 55.9990 35 44 67
0.9700 -15.5052 47.3830 25 32 40
1.4594 -11.8569 36.2340 31 29 36
1.6091 -8.7639 26.7820 29 22 31
1.2557 -5.0394 15.4000 30 20 20
1.6428 -5.3044 16.2100 28 15 21
3.0256 -8.0627 24.6390 27 20 29
4.6232 -10.6088 32.4200 23 22 26
17.1578 -15.5052 47.3830 24 24 46
23.5251 -20.1568 61.5980 10 21 42
18.7698 -12.5981 38.4990 38 12 8
16.5016 -10.6088 32.4200 17 4 10
15.5113 -9.5987 29.3330 14 2 2
-9.4452 -6.0773 18.6660 90 20 22
-9.0755 -6.0773 18.6660 98 11 32
-9.2346 -6.4693 19.8700 100 30 34
-19.5772 -14.3252 43.9990 96 39 50
-15.3448 -11.7971 36.2340 87 50 47
-12.4331 -10.0276 30.7990 73 53 45
-14.7790 -12.5345 38.4990 93 77 86
-2.6429 -18.2322 55.9990 41 65 77
-1.2979 -15.4270 47.3830 42 46 60
-0.3047 -16.7127 51.3320 35 47 63
0.6572 -15.4270 47.3830 24 37 48
1.4507 -13.3703 41.0660 30 34 46
1.4765 -8.7197 26.7820 30 21 28
1.3105 -5.5710 17.1110 32 21 25
1.4482 -4.8915 15.0240 28 11 13
2.5562 -7.1625 21.9990 36 32 25
4.0377 -9.5503 29.3330 22 15 26
22.1018 -20.0551 61.5980 23 26 43
29.0149 -20.0551 61.5980 43 16 8
16.7971 -11.1417 34.2210 42 11 11
17.5313 -11.1417 34.2210 15 4 10
-14.6762 -9.0697 27.9990 86 8 19
-9.4144 -6.0465 18.6660 89 16 19
-9.0139 -6.0465 18.6660 95 19 32
-9.5089 -6.6513 20.5330 97 27 31
-22.6706 -16.6280 51.3320 89 29 39
-15.2850 -11.7373 36.2340 77 47 40
-12.9805 -10.5018 32.4200 80 53 45
-18.0330 -15.3488 47.3830 97 84 92
-1.9991 -16.6280 51.3320 62 67 74
-0.9824 -16.6280 51.3320 47 57 62
0.0373 -18.1398 55.9990 33 37 62
1.5161 -18.1398 55.9990 36 41 46
1.3751 -9.5019 29.3330 23 22 31
1.5033 -7.1262 21.9990 30 25 33
1.3242 -4.8667 15.0240 22 18 19
1.9855 -5.8687 18.1170 11 7 8
3.3212 -8.3140 25.6660 29 18 37
6.5648 -14.2526 43.9990 30 21 26
20.8322 -18.1398 55.9990 11 28 58
19.7502 -13.3025 41.0660 21 4 6
15.4732 -9.9767 30.7990 24 3 10
16.0832 -9.9767 30.7990 20 2 8
-10.5255 -6.6174 20.5330 89 16 19
-9.1988 -6.0157 18.6660 96 27 22
-9.3658 -6.4037 19.8700 82 6 19
-12.6429 -9.0235 27.9990 107 38 51
-22.1623 -16.5433 51.3320 80 49 49
-12.0350 -9.4535 29.3330 70 53 55
-17.1809 -14.1800 43.9990 77 61 66
-22.7314 -19.8518 61.5980 96 87 92
-1.3213 -16.5433 51.3320 25 22 36
-0.2199 -16.5433 51.3320 41 56 73
1.1464 -18.0474 55.9990 30 41 41
1.4348 -11.0288 34.2210 19 18 25
1.5844 -8.2717 25.6660 34 29 37
1.2878 -5.0901 15.7940 26 21 17
1.7146 -5.3653 16.6480 24 11 17
2.8015 -7.3525 22.8140 28 26 37
4.9365 -11.0288 34.2210 24 23 27
26.2851 -18.0474 55.9990 29 11 2
15.9131 -10.4483 32.4200 31 12 8
16.5551 -10.4483 32.4200 12 1 5
14.2065 -8.6313 26.7820 13 1 1
-10.3561 -6.5835 20.5330 79 11 17
-9.6281 -6.3709 19.8700 91 13 22
-9.8367 -6.8105 21.2410 95 24 31
-22.7553 -16.4586 51.3320 97 43 46
-16.2405 -12.3439 38.4990 74 44 39
-13.7581 -10.9723 34.2210 79 57 49
-21.3121 -17.9550 55.9990 83 76 85
-2.0939 -19.7502 61.5980 42 49 57
-0.7945 -17.9550 55.9990 57 59 67
0.5425 -16.4586 51.3320 40 50 57
1.7009 -17.9550 55.9990 30 34 46
1.3881 -8.5871 26.7820 28 19 24
1.4709 -6.5835 20.5330 29 22 35
1.3653 -4.7024 14.6660 21 12 17
2.1073 -5.9849 18.6660 21 15 17
3.2696 -7.9000 24.6390 25 13 26
7.9131 -16.4586 51.3320 20 16 21
19.6824 -13.1670 41.0660 11 1 1
14.6883 -9.4051 29.3330 23 1 5
16.0324 -9.8751 30.7990 14 2 2
-11.3133 -7.0172 21.9990 82 6 19
-10.1527 -6.5496 20.5330 78 12 8
-10.4056 -7.0172 21.9990 93 16 36
-14.6927 -10.3413 32.4200 98 18 28
-20.2227 -15.1142 47.3830 80 54 52
-13.1410 -10.3413 32.4200 73 54 50
-18.2677 -15.1142 47.3830 76 63 71
-1.6872 -19.6485 61.5980 70 74 86
-0.3894 -16.3739 51.3320 20 23 42
1.1593 -19.6485 61.5980 40 47 51
1.6540 -13.0992 41.0660 24 26 32
1.4803 -7.8594 24.6390 30 21 26
1.3217 -5.1707 16.2100 15 12 9
1.6006 -5.0380 15.7940 26 13 19
2.7014 -7.0172 21.9990 15 10 22
4.1830 -9.3566 29.3330 26 25 29
26.1003 -17.8626 55.9990 31 10 5
14.9649 -9.8243 30.7990 21 6 5
13.5877 -8.5429 26.7820 17 2 3
14.7597 -8.9311 27.9990 16 1 2
-10.8183 -6.7404 21.2410 77 8 23
-10.3626 -6.7404 21.2410 96 22 23
-10.2967 -6.9809 21.9990 96 22 30
-19.6498 -13.9622 43.9990 88 33 39
-17.3911 -13.0315 41.0660 76 45 45
-14.5674 -11.4981 36.2340 65 51 43
-23.5447 -19.5469 61.5980 75 65 75
-0.9756 -19.5469 61.5980 46 51 56
0.2222 -17.7702 55.9990 41 46 62
1.4643 -19.5469 61.5980 37 43 45
1.3751 -9.3082 29.3330 19 15 20
1.5213 -7.2396 22.8140 27 20 31
1.3573 -4.8869 15.4000 22 17 15
1.8470 -5.4298 17.1110 31 21 21
2.9521 -7.2396 22.8140 23 11 22
6.5648 -13.9622 43.9990 26 25 29
22.3191 -15.0360 47.3830 15 4 0
14.4463 -9.3082 29.3330 25 9 4
14.3438 -8.8849 27.9990 15 4 8
-11.9207 -7.2019 22.8140 83 8 18
-11.0592 -6.9446 21.9990 90 21 32
-10.5872 -6.9446 21.9990 93 15 26
-11.8436 -8.1022 25.6660 79 28 28
-27.1029 -19.4452 61.5980 95 42 54
-16.0498 -12.1533 38.4990 75 44 44
-16.3067 -12.9637 41.0660 60 52 40
-12.9499 -14.9578 47.3830 119 137 135
-0.4248 -17.6777 55.9990 37 40 57
1.6269 -13.8896 43.9990 60 56 57
1.3452 -7.4791 23.6920 21 15 17
1.3770 -5.5560 17.6000 31 25 27
1.5485 -4.9858 15.7940 25 16 21
2.4197 -6.4818 20.5330 31 25 29
3.7308 -8.4545 26.7820 25 20 28
8.9098 -17.6777 55.9990 23 21 32
25.8230 -17.6777 55.9990 27 7 8
17.4263 -11.4383 36.2340 13 3 3
14.0665 -8.8387 27.9990 17 2 3
16.0832 -9.7226 30.7990 23 6 6
-10.8884 -6.6703 21.2410 80 20 30
-11.6756 -7.4400 23.6920 85 21 16
-10.7911 -7.1643 22.8140 93 15 26
-19.8677 -13.8170 43.9990 79 30 29
-21.9928 -16.1198 51.3320 57 44 52
-13.9275 -10.7464 34.2210 74 43 45
-21.6818 -17.5853 55.9990 81 65 62
-13.7750 -16.1198 51.3320 113 130 131
1.8858 -17.5853 55.9990 47 42 54
1.3584 -7.7374 24.6390 28 22 24
1.5386 -6.4480 20.5330 35 28 39
1.4590 -4.8361 15.4000 22 16 18
2.3858 -6.4480 20.5330 25 21 26
3.2221 -7.4400 23.6920 28 19 26
8.8174 -17.5853 55.9990 20 19 30
25.5458 -17.5853 55.9990 24 3 2
18.3886 -12.0898 38.4990 13 3 3
13.9279 -8.7925 27.9990 18 6 4
15.9307 -9.6718 30.7990 15 3 3
-10.6272 -6.4141 20.5330 81 21 21
-11.3559 -7.1266 22.8140 83 16 19
-11.2846 -7.4009 23.6920 99 24 32
-15.6219 -10.6899 34.2210 75 23 28
-20.2227 -14.8015 47.3830 75 59 64
-14.7468 -11.3187 36.2340 74 42 47
-13.4191 -14.8015 47.3830 127 126 130
-0.7722 -19.2419 61.5980 51 49 56
1.6995 -13.7444 43.9990 65 58 52
1.3707 -7.1266 22.8140 26 18 17
1.4473 -5.6594 18.1170 28 19 22
1.6871 -5.2005 16.6480 23 14 17
2.4875 -6.4141 20.5330 20 14 20
3.8192 -8.3661 26.7820 23 22 26
8.3367 -16.0350 51.3320 25 24 31
25.5458 -17.4929 55.9990 23 2 1
18.3886 -12.0263 38.4990 15 7 6
13.9279 -8.7463 27.9990 13 3 1
15.9815 -9.6210 30.7990 21 4 6
-10.6272 -6.3802 20.5330 79 21 21
-11.7538 -7.3618 23.6920 92 29 33
-11.7357 -7.6560 24.6390 91 28 32
-17.5112 -11.9628 38.4990 78 28 32
-17.3233 -12.7604 41.0660 67 46 45
-17.6892 -13.6718 43.9990 64 50 61
-14.0292 -15.9503 51.3320 123 131 132
1.6995 -13.6718 43.9990 109 99 97
1.3707 -7.0890 22.8140 28 23 21
1.4912 -5.8001 18.6660 26 20 22
1.7836 -5.4688 17.6000 25 16 19
2.4875 -6.3802 20.5330 22 15 24
3.6177 -7.9752 25.6660 20 19 21
8.3367 -15.9503 51.3320 30 29 36
21.3807 -14.7233 47.3830 24 5 1
19.4113 -12.7604 41.0660 11 1 1
14.4463 -9.1146 29.3330 13 3 3
15.0756 -9.1146 29.3330 11 1 1
-10.3824 -6.1414 19.8700 86 19 29
-11.4312 -7.0513 22.8140 82 20 30
-11.4019 -7.3227 23.6920 79 18 23
-12.9202 -8.6539 27.9990 82 31 33
-27.1029 -19.0386 61.5980 88 41 40
-15.9228 -11.8992 38.4990 70 40 33
-21.9591 -17.3081 55.9990 83 61 53
-11.1418 -19.0386 61.5980 174 198 210
1.3881 -8.2777 26.7820 33 23 33
1.5759 -6.7994 21.9990 29 17 28
1.5090 -5.0102 16.2100 19 10 13
2.1731 -5.9495 19.2490 20 19 21
2.7247 -6.3463 20.5330 24 15 18
5.2754 -10.5770 34.2210 25 24 33
9.7416 -17.3081 55.9990 85 77 106
21.6153 -14.6451 47.3830 28 7 6
19.5469 -12.6926 41.0660 9 3 5
14.5915 -9.0662 29.3330 12 2 2
15.9307 -9.5193 30.7990 12 2 2
-9.6917 -5.7385 18.6660 82 22 30
-11.7929 -7.2836 23.6920 84 21 27
-11.7763 -7.5747 24.6390 70 19 21
-15.6219 -10.5205 34.2210 79 29 33
-26.6962 -18.9370 61.5980 64 52 52
-15.8592 -11.8357 38.4990 63 30 31
-24.1546 -18.9370 61.5980 76 57 51
2.0743 -18.9370 61.5980 42 32 44
1.4323 -8.2335 26.7820 34 28 32
1.5048 -6.3124 20.5330 23 13 23
1.5357 -4.9834 16.2100 16 7 10
2.3520 -6.3124 20.5330 25 24 24
2.7023 -6.1086 19.8700 24 19 17
5.0512 -9.9668 32.4200 25 24 31
10.9189 -18.9370 61.5980 254 253 255
21.5371 -14.5669 47.3830 27 8 6
19.4791 -12.6249 41.0660 11 1 1
14.5431 -9.0178 29.3330 14 2 2
15.8799 -9.4685 30.7990 13 1 1
-9.6917 -5.7077 18.6660 70 14 18
-11.3936 -6.9760 22.8140 89 27 35
-12.2672 -7.8481 25.6660 72 23 24
-13.4389 -8.9694 29.3330 73 23 27
-26.6962 -18.8353 61.5980 64 49 50
-16.9844 -12.5571 41.0660 65 30 27
-15.7668 -17.1233 55.9990 120 112 111
1.1593 -18.8353 61.5980 29 41 47
1.6777 -11.7722 38.4990 50 44 48
1.4307 -6.7268 21.9990 24 15 18
1.5370 -5.5398 18.1170 16 15 17
2.1825 -6.2785 20.5330 20 15 13
2.3538 -5.7077 18.6660 22 16 20
3.9518 -8.1893 26.7820 28 24 29
7.3636 -13.4539 43.9990 38 36 45
22.8237 -15.6962 51.3320 14 11 6
20.5073 -13.4539 43.9990 26 3 2
16.6276 -10.4640 34.2210 13 2 6
14.8820 -8.9694 29.3330 7 1 7
16.2357 -9.4177 30.7990 11 1 1
-10.0873 -6.0430 19.8700 69 14 9
-13.6595 -8.5153 27.9990 80 9 18
-11.5324 -7.4934 24.6390 77 29 35
-21.1611 -14.4105 47.3830 69 20 31
-20.2227 -14.4105 47.3830 60 44 41
-19.2061 -14.4105 47.3830 51 34 34
-17.0383 -18.7337 61.5980 110 119 112
2.0743 -18.7337 61.5980 47 35 48
1.4974 -8.5153 27.9990 41 35 37
1.5917 -6.4600 21.2410 28 19 24
1.6211 -5.2039 17.1110 17 11 13
2.3520 -6.2447 20.5330 18 17 24
2.6179 -5.8542 19.2490 24 16 15
4.3624 -8.5153 27.9990 26 22 27
9.9265 -17.0309 55.9990 151 131 164
19.8537 -13.3813 43.9990 22 7 6
19.4113 -12.4893 41.0660 11 3 2
15.9666 -9.8598 32.4200 13 2 6
16.6087 -9.8598 32.4200 11 1 1
-8.9408 -5.1757 17.1110 66 14 19
-11.0592 -6.6542 21.9990 77 15 14
-12.3519 -7.7634 25.6660 80 24 26
-11.8436 -7.7634 25.6660 75 34 44
-24.6393 -16.9384 55.9990 90 43 44
-18.4880 -13.3087 43.9990 65 37 36
-17.7499 -18.6320 61.5980 101 103 90
1.3312 -16.9384 55.9990 36 34 48
1.7895 -12.4215 41.0660 36 23 31
1.4307 -6.6542 21.9990 32 24 23
1.5836 -5.6460 18.6660 16 15 17
2.1825 -6.2108 20.5330 36 27 30
2.2193 -5.3236 17.6000 19 15 18
3.2460 -6.6542 21.9990 22 18 23
6.4431 -11.6451 38.4990 36 31 41
22.7390 -15.5268 51.3320 16 16 10
20.3620 -13.3087 43.9990 29 2 5
17.4861 -10.9600 36.2340 9 3 5
15.5241 -9.3160 30.7990 12 3 8
16.9832 -9.8063 32.4200 11 0 4
-9.8355 -5.7906 19.2490 84 25 28
-13.1542 -8.0568 26.7820 82 21 24
-11.1282 -7.1272 23.6920 78 28 32
-18.4755 -12.3538 41.0660 76 33 35
-22.0775 -15.4421 51.3320 59 43 38
-17.9796 -13.2361 43.9990 52 38 32
-11.9775 -16.8460 55.9990 186 194 209
1.7693 -18.5304 61.5980 23 27 39
1.6607 -10.2946 34.2210 44 33 41
1.4865 -6.3899 21.2410 29 18 24
1.6267 -5.4501 18.1170 23 22 22
2.3629 -6.3899 21.2410 21 15 19
2.3065 -5.2946 17.6000 19 13 17
3.5740 -7.1272 23.6920 16 10 16
7.0761 -12.3538 41.0660 45 30 62
21.0679 -14.2541 47.3830 6 6 0
20.5073 -13.2361 43.9990 27 3 5
18.7063 -11.5816 38.4990 12 1 5
18.3831 -10.9002 36.2340 10 1 4
18.0396 -10.2946 34.2210 10 1 4
-9.5068 -5.5844 18.6660 85 23 24
-13.0658 -8.0126 26.7820 89 27 28
-11.0891 -7.0881 23.6920 81 32 33
-18.3400 -12.2860 41.0660 67 29 29
-20.2227 -14.1759 47.3830 56 33 30
-20.8067 -15.3574 51.3320 52 33 29
1.0540 -16.7536 55.9990 26 31 36
2.0675 -15.3574 51.3320 42 29 35
1.3707 -6.8254 22.8140 34 28 32
1.4912 -5.5844 18.6660 20 16 17
2.1526 -6.3548 21.2410 19 14 12
2.1948 -5.4202 18.1170 22 22 24
2.7450 -5.7589 19.2490 12 12 16
4.7639 -8.7758 29.3330 22 15 26
24.4367 -16.7536 55.9990 21 13 10
20.0716 -13.1635 43.9990 19 4 3
20.9430 -13.1635 43.9990 8 4 5
19.1510 -11.5180 38.4990 9 6 3
19.9135 -11.5180 38.4990 17 7 7
-9.1091 -5.2365 17.6000 66 10 14
-11.7929 -7.0490 23.6920 70 10 22
-11.2846 -7.0490 23.6920 72 20 25
-13.3905 -8.7274 29.3330 79 29 35
-22.3317 -15.2726 51.3320 77 57 47
-17.0522 -12.2182 41.0660 53 44 39
-6.9343 -9.6458 32.4200 178 190 196
-7.0213 -12.2182 41.0660 250 255 255
1.2203 -15.2726 51.3320 27 29 39
1.7412 -11.4545 38.4990 46 33 41
1.3814 -6.3198 21.2410 29 21 20
1.6144 -5.5536 18.6660 22 22 22
2.3383 -6.5453 21.9990 28 19 22
2.1268 -4.9532 16.6480 16 12 13
2.9319 -5.9119 19.8700 14 10 13
5.7272 -10.1817 34.2210 28 30 38
22.6543 -15.2726 51.3320 8 3 0
20.2894 -13.0909 43.9990 22 5 5
19.8180 -12.2182 41.0660 12 6 8
19.3417 -11.4545 38.4990 19 6 10
18.9812 -10.7806 36.2340 6 1 0
-9.2870 -5.3604 18.1170 75 10 12
-12.6484 -7.5940 25.6660 75 14 17
-10.7535 -6.7501 22.8140 73 21 26
-16.3614 -10.7208 36.2340 64 26 28
-20.3791 -14.0195 47.3830 56 36 28
-16.8489 -12.1505 41.0660 40 27 16
-5.6167 -7.5940 25.6660 190 189 189
-7.1543 -11.3910 38.4990 131 154 173
-6.3283 -11.3910 38.4990 159 165 192
1.3897 -15.1879 51.3320 23 24 37
1.6042 -10.1252 34.2210 33 22 30
1.4031 -6.0752 20.5330 30 21 24
1.6966 -5.6953 19.2490 16 15 15
2.4110 -6.5090 21.9990 37 31 33
2.1542 -4.9258 16.6480 19 15 18
3.0975 -6.0752 20.5330 16 10 12
6.5702 -11.3910 38.4990 34 31 50
22.4848 -15.1879 51.3320 15 7 6
20.2168 -13.0183 43.9990 18 1 1
21.0882 -13.0183 43.9990 6 2 3
20.5635 -12.1505 41.0660 9 3 5
18.8616 -10.7208 36.2340 10 2 1
-9.0511 -5.1784 17.6000 80 20 20
-12.1830 -7.2494 24.6390 77 14 18
-10.7911 -6.7125 22.8140 77 32 39
-14.6927 -9.5388 32.4200 70 25 32
-20.5355 -13.9413 47.3830 62 37 28
-16.9167 -12.0827 41.0660 38 24 16
-3.3305 -4.3151 14.6660 163 168 175
-10.6836 -16.4764 55.9990 144 167 186
-5.5431 -9.5388 32.4200 244 255 255
1.0482 -13.9413 47.3830 32 34 44
1.7218 -12.0827 41.0660 39 26 34
1.3014 -6.0414 20.5330 26 20 22
1.5528 -5.4920 18.6660 21 20 20
2.4401 -6.9708 23.6920 25 14 18
2.1294 -5.0345 17.1110 12 12 12
2.6134 -5.3305 18.1170 17 16 18
4.8607 -8.6305 29.3330 20 22 30
22.2307 -15.1032 51.3320 15 5 5
21.5371 -13.9413 47.3830 16 6 4
20.8703 -12.9457 43.9990 14 6 5
20.2924 -12.0827 41.0660 7 1 3
21.1735 -12.0827 41.0660 12 2 2
-9.4365 -5.3006 18.1170 65 16 17
-11.3936 -6.6748 22.8140 76 16 14
-11.8170 -7.2088 24.6390 60 10 18
-12.2702 -7.8358 26.7820 72 21 32
-22.5011 -15.0185 51.3320 62 46 39
-18.3427 -12.8731 43.9990 39 22 24
-13.9184 -16.3840 55.9990 127 135 134
-5.5320 -7.5093 25.6660 180 187 191
-4.4974 -7.2088 24.6390 142 165 184
-4.5561 -8.1918 27.9990 134 150 171
1.1186 -12.8731 43.9990 26 33 41
1.5477 -10.0122 34.2210 33 24 31
1.3250 -5.8135 19.8700 27 24 21
1.6648 -5.6318 19.2490 26 26 22
2.4250 -6.6748 22.8140 33 22 28
2.0708 -4.7427 16.2100 15 15 17
2.8403 -5.6318 19.2490 18 17 17
5.7837 -10.0122 34.2210 31 28 44
22.4001 -15.0185 51.3320 12 2 2
21.6935 -13.8631 47.3830 12 2 2
21.0156 -12.8731 43.9990 5 1 2
21.9596 -12.8731 43.9990 7 1 3
17.7572 -10.0122 34.2210 10 5 3
-9.3767 -5.2707 18.1170 63 19 19
-11.7538 -6.8926 23.6920 71 8 14
-10.8664 -6.6372 22.8140 70 21 32
-12.7353 -8.1456 27.9990 52 25 28
-20.6137 -13.7849 47.3830 64 41 36
-16.9844 -11.9472 41.0660 45 24 19
-9.5053 -11.2004 38.4990 133 133 135
-6.9343 -9.4318 32.4200 172 184 198
-4.2772 -6.6372 22.8140 148 175 195
-3.4429 -5.9736 20.5330 156 176 187
0.8814 -14.9338 51.3320 29 30 43
1.6269 -12.8004 43.9990 34 23 31
1.3330 -6.6372 22.8140 24 18 24
1.4174 -5.2707 18.1170 29 24 22
2.2744 -6.6372 22.8140 25 15 13
2.1031 -5.1203 17.6000 8 4 7
2.4517 -5.1203 17.6000 19 18 18
4.1260 -7.4669 25.6660 11 10 14
26.3717 -17.9205 61.5980 13 1 0
23.0779 -14.9338 51.3320 11 2 5
19.2758 -11.9472 41.0660 15 3 3
18.8969 -11.2004 38.4990 14 8 10
20.9702 -11.9472 41.0660 15 6 11
-10.0897 -5.5683 19.2490 65 11 14
-11.0955 -6.3638 21.9990 75 15 13
-12.4366 -7.4245 25.6660 90 40 44
-11.4104 -7.1275 24.6390 68 23 26
-17.0665 -11.1368 38.4990 56 35 34
-18.5606 -12.7278 43.9990 68 53 52
-22.5136 -16.1991 55.9990 35 37 43
-4.8869 -6.3638 21.9990 174 179 188
-8.1058 -11.8794 41.0660 142 157 181
-3.3147 -5.3996 18.6660 123 141 166
-7.9294 -14.8491 51.3320 129 147 170
1.2638 -12.7278 43.9990 29 36 42
1.4050 -8.0994 27.9990 31 26 24
1.3063 -5.3996 18.6660 14 13 17
1.8169 -5.7479 19.8700 13 13 7
2.4473 -6.3638 21.9990 34 16 35
2.2092 -4.8159 16.6480 26 21 19
3.2394 -6.1445 21.2410 13 9 12
7.0761 -11.8794 41.0660 40 38 54
22.6543 -14.8491 51.3320 10 0 0
21.8499 -13.7067 47.3830 14 2 2
18.5792 -11.1368 38.4990 8 2 4
19.3417 -11.1368 38.4990 9 0 3
16.1340 -8.9094 30.7990 14 6 5
-10.8884 -6.1095 21.2410 65 15 21
-12.6484 -7.3822 25.6660 72 18 21
-10.7535 -6.5619 22.8140 68 18 22
-14.6392 -9.3248 32.4200 57 34 31
-18.9237 -12.6552 43.9990 58 34 38
-16.8489 -11.8116 41.0660 48 34 26
-12.7584 -14.7644 51.3320 122 118 121
-6.6384 -8.8586 30.7990 160 176 186
-4.2333 -6.3275 21.9990 131 162 178
-2.8739 -4.7884 16.6480 176 196 220
-5.5374 -10.4218 36.2340 121 141 165
1.1912 -12.6552 43.9990 24 31 37
1.4438 -8.8586 30.7990 29 25 30
1.2755 -5.3688 18.6660 16 15 17
1.7513 -5.7151 19.8700 18 18 14
2.5003 -6.5619 22.8140 34 17 33
2.2774 -5.0622 17.6000 19 16 13
3.0975 -5.9058 20.5330 18 14 17
7.5089 -12.6552 43.9990 36 31 41
22.4848 -14.7644 51.3320 10 2 1
20.2168 -12.6552 43.9990 11 1 1
18.4521 -11.0733 38.4990 7 1 3
18.1439 -10.4218 36.2340 13 2 6
15.2693 -8.4369 29.3330 8 4 5
-10.9235 -6.0744 21.2410 65 13 18
-12.6908 -7.3398 25.6660 67 18 17
-11.2455 -6.7753 23.6920 75 20 26
-14.6927 -9.2713 32.4200 49 20 26
-19.0689 -12.5826 43.9990 56 40 37
-16.9167 -11.7439 41.0660 44 28 21
-13.0973 -14.6797 51.3320 122 113 116
-4.9958 -6.2912 21.9990 162 164 174
-10.5557 -14.6797 51.3320 137 149 153
-3.1233 -4.8933 17.1110 122 150 167
-3.0374 -5.3380 18.6660 116 136 162
0.8691 -16.0143 55.9990 36 34 48
1.5184 -11.7439 41.0660 35 19 24
1.2491 -6.2912 21.9990 20 16 17
1.4174 -5.1810 18.1170 23 14 17
2.4156 -7.0461 24.6390 18 19 8
2.2305 -5.3380 18.6660 17 11 13
2.5237 -5.1810 18.1170 20 17 14
4.0836 -7.3398 25.6660 16 15 15
26.1683 -17.6155 61.5980 13 3 3
21.0679 -13.5504 47.3830 12 4 3
20.5073 -12.5826 43.9990 15 5 3
17.6057 -10.3620 36.2340 9 3 5
17.3619 -9.7864 34.2210 10 1 4
14.1181 -7.6590 26.7820 30 25 23
-12.0275 -6.7362 23.6920 73 31 30
-13.0658 -7.6148 26.7820 56 18 18
-11.0891 -6.7362 23.6920 69 24 29
-15.2830 -9.7299 34.2210 59 28 30
-18.7784 -12.5100 43.9990 52 30 34
-19.2061 -13.4722 47.3830 38 33 31
-11.7769 -13.4722 47.3830 132 123 126
-5.5744 -7.2975 25.6660 144 171 180
-4.3059 -6.2549 21.9990 131 152 158
-2.5318 -4.1699 14.6660 158 177 206
-3.9223 -7.2975 25.6660 118 140 164
0.9700 -13.4722 47.3830 32 37 42
1.5192 -10.3022 36.2340 34 21 25
1.3112 -6.0393 21.2410 19 18 20
1.6013 -5.4730 19.2490 23 20 17
2.6434 -7.2975 25.6660 23 17 21
2.3229 -5.3072 18.6660 15 11 12
2.8663 -5.6495 19.8700 13 10 7
5.3188 -9.2178 32.4200 28 27 27
22.2307 -14.5950 51.3320 11 1 1
21.4589 -13.4722 47.3830 9 3 5
17.1871 -10.3022 36.2340 17 5 3
16.0201 -9.2178 32.4200 12 9 6
15.1240 -8.3401 29.3330 9 5 6
-12.8336 -6.9648 24.6390 72 24 28
-13.3752 -7.5706 26.7820 51 28 25
-12.3096 -7.2551 25.6660 60 12 16
-12.3144 -7.5706 26.7820 59 17 35
-16.8759 -10.8827 38.4990 52 39 28
-17.1878 -11.6083 41.0660 50 31 25
-18.8151 -13.3940 47.3830 45 36 39
-16.5299 -17.4122 61.5980 93 94 90
-11.6987 -13.3940 47.3830 129 124 122
-4.2442 -5.4412 19.2490 144 176 187
-4.3059 -6.2186 21.9990 128 139 148
-2.2408 -3.7047 13.1060 220 231 254
-3.8800 -7.2551 25.6660 122 149 173
1.2046 -13.3940 47.3830 35 42 46
1.5477 -9.6734 34.2210 30 19 23
1.3692 -5.8042 20.5330 17 17 19
1.6648 -5.4412 19.2490 32 33 29
2.6596 -6.9648 24.6390 26 16 26
2.5384 -5.6167 19.8700 18 15 12
3.3663 -6.4489 22.8140 14 10 11
7.4362 -12.4374 43.9990 28 21 32
19.3454 -12.4374 43.9990 9 1 0
17.7532 -10.8827 38.4990 17 5 5
15.5920 -9.1643 32.4200 6 2 5
14.0665 -7.9146 27.9990 12 1 5
12.8665 -6.9648 24.6390 7 6 6
-12.1840 -6.6580 23.6920 58 10 14
-13.7982 -7.8684 27.9990 64 16 20
-11.6543 -6.9242 24.6390 61 18 20
-13.9072 -8.6553 30.7990 46 22 26
-15.6438 -10.1826 36.2340 38 27 35
-15.7957 -10.8192 38.4990 43 41 31
-18.5023 -13.3158 47.3830 46 45 47
-16.3266 -17.3105 61.5980 86 98 90
-6.9033 -8.2433 29.3330 135 148 143
-5.1887 -6.9242 24.6390 137 146 156
-2.2116 -3.5328 12.5710 106 126 148
-3.2057 -5.7703 20.5330 112 127 142
1.0508 -14.4255 51.3320 36 36 40
1.5506 -10.8192 38.4990 34 23 27
1.3112 -5.9692 21.2410 21 17 20
1.4772 -5.0913 18.1170 29 19 19
2.5376 -6.9242 24.6390 23 14 21
2.4400 -5.5840 19.8700 18 18 18
3.0290 -5.9692 21.2410 13 10 7
5.9445 -10.1826 36.2340 39 39 39
20.5987 -13.3158 47.3830 13 1 0
18.7336 -11.5405 41.0660 15 2 6
15.4315 -9.1108 32.4200 7 1 3
14.5915 -8.2433 29.3330 7 2 0
13.8529 -7.5264 26.7820 9 0 3
-13.3262 -7.1704 25.6660 56 11 14
-13.3310 -7.4822 26.7820 61 16 21
-12.8006 -7.4822 26.7820 63 21 20
-14.0597 -8.6044 30.7990 57 22 36
-15.8232 -10.1228 36.2340 54 41 30
-15.9863 -10.7556 38.4990 37 28 21
-17.3987 -12.2922 43.9990 46 36 36
-23.0363 -17.2089 61.5980 49 56 60
-12.3243 -13.2376 47.3830 109 109 109
-5.9132 -7.1704 25.6660 160 170 177
-4.0860 -5.5512 19.8700 135 136 149
-2.0830 -3.2469 11.6220 108 132 146
-2.5575 -4.5287 16.2100 114 129 144
-8.4986 -17.2089 61.5980 112 134 160
1.4871 -10.7556 38.4990 30 29 29
1.3330 -6.3736 22.8140 25 21 22
1.4604 -5.2148 18.6660 25 15 15
2.1176 -5.9342 21.2410 16 12 13
2.6288 -6.1460 21.9990 18 17 21
3.1008 -6.1460 21.9990 15 9 11
5.8249 -10.1228 36.2340 23 23 25
21.9765 -14.3408 51.3320 9 1 0
17.2449 -10.7556 38.4990 9 4 2
14.4566 -8.6044 30.7990 10 2 1
13.1015 -7.4822 26.7820 6 0 2
12.5411 -6.8835 24.6390 9 0 3
12.1017 -6.3736 22.8140 9 1 0
-12.9873 -7.1281 25.6660 58 16 34
-12.9774 -7.4380 26.7820 38 7 9
-12.4470 -7.4380 26.7820 54 20 26
-14.3717 -9.0038 32.4200 42 34 33
-17.3911 -11.4050 41.0660 36 21 22
-16.5100 -11.4050 41.0660 32 23 30
-15.6967 -11.4050 41.0660 53 43 41
-15.5820 -15.5523 55.9990 80 91 91
-10.5457 -11.4050 41.0660 108 108 102
-4.0536 -5.3459 19.2490 159 160 173
-2.0083 -3.0014 10.8070 118 147 146
-2.0053 -3.3543 12.0780 113 126 151
-5.9369 -11.4050 41.0660 122 140 165
1.4392 -13.1594 47.3830 33 33 35
1.4050 -7.7760 27.9990 31 25 27
1.4234 -5.5184 19.8700 23 22 24
1.7601 -5.3459 19.2490 19 16 13
2.6747 -6.5798 23.6920 27 23 28
3.2696 -6.8428 24.6390 14 8 12
4.3162 -7.7760 27.9990 14 8 10
25.2534 -17.1072 61.5980 11 1 0
18.9823 -12.2196 43.9990 16 1 0
15.4416 -9.5040 34.2210 10 5 3
13.1885 -7.7760 27.9990 9 1 0
11.6681 -6.5798 23.6920 9 1 0
12.1373 -6.5798 23.6920 11 1 0
-13.9940 -7.3938 26.7820 69 33 33
-13.4636 -7.3938 26.7820 50 22 35
-13.4747 -7.7298 27.9990 50 14 14
-12.9202 -7.7298 27.9990 53 21 28
-14.3182 -8.9503 32.4200 46 38 35
-17.2555 -11.3372 41.0660 37 21 18
-15.4144 -10.6286 38.4990 40 29 37
-13.7302 -10.0033 36.2340 53 49 50
-17.2416 -17.0056 61.5980 51 57 59
-11.3715 -12.1470 43.9990 116 121 111
-2.2991 -3.2704 11.8460 127 135 136
-1.8989 -3.0368 11.0000 140 155 179
-2.8526 -5.1532 18.6660 113 130 144
1.4392 -13.0812 47.3830 35 38 39
1.3303 -7.0857 25.6660 26 21 19
1.4234 -5.4856 19.8700 25 21 24
1.7919 -5.3141 19.2490 16 15 15
2.6747 -6.5407 23.6920 28 24 29
3.3103 -6.8022 24.6390 15 9 13
4.7478 -8.5028 30.7990 16 7 10
25.3550 -17.0056 61.5980 18 6 4
18.9823 -12.1470 43.9990 16 1 0
15.4416 -9.4475 34.2210 9 1 0
12.6595 -7.3938 26.7820 10 1 4
11.6681 -6.5407 23.6920 10 5 3
12.1764 -6.5407 23.6920 17 5 3
-13.9940 -7.3496 26.7820 62 26 26
-13.4194 -7.3496 26.7820 49 15 21
-14.1167 -8.0497 29.3330 48 15 14
-12.9202 -7.6836 27.9990 52 23 27
-14.2647 -8.8968 32.4200 49 41 38
-17.2555 -11.2695 41.0660 36 19 19
-15.3509 -10.5650 38.4990 45 33 33
-13.7302 -9.9435 36.2340 44 39 37
-14.3681 -14.0867 51.3320 69 72 73
-11.4441 -12.0744 43.9990 97 99 90
-3.4671 -4.4484 16.2100 142 147 167
-2.0436 -2.9144 10.6200 128 134 134
-1.8333 -2.9144 10.6200 134 149 175
-2.8218 -5.1224 18.6660 108 140 151
1.5174 -13.0030 47.3830 35 38 39
1.4323 -7.3496 26.7820 50 46 47
1.5048 -5.6347 20.5330 30 21 28
1.8237 -5.2824 19.2490 17 16 16
2.7138 -6.5016 23.6920 30 29 33
3.5982 -7.3496 26.7820 13 12 14
5.6455 -9.9435 36.2340 20 14 18
24.7451 -16.9039 61.5980 13 1 1
18.6192 -12.0744 43.9990 14 6 5
14.3614 -8.8968 32.4200 9 0 3
12.4385 -7.3496 26.7820 10 2 1
11.0474 -6.2607 22.8140 7 3 4
11.1248 -6.0370 21.9990 15 3 1
11.5605 -6.0370 21.9990 7 1 3
-12.5896 -6.7209 24.6390 49 10 17
-14.3587 -8.0013 29.3330 62 11 11
-13.1512 -7.6374 27.9990 43 26 26
-13.8056 -8.4011 30.7990 30 19 25
-15.5242 -9.8837 36.2340 52 32 35
-16.7133 -11.2017 41.0660 40 31 26
-12.5524 -8.8433 32.4200 46 45 47
-22.6297 -16.8023 61.5980 57 48 53
-13.9445 -14.0020 51.3320 70 69 71
-9.6959 -10.5015 38.4990 106 93 99
-3.0643 -4.0005 14.6660 135 139 153
-1.8790 -2.7100 9.9350 116 134 132
-1.8444 -3.0005 11.0000 104 118 138
-3.1409 -5.7940 21.2410 98 132 150
1.5506 -10.5015 38.4990 24 18 20
1.4803 -6.7209 24.6390 26 25 25
1.5873 -5.4200 19.8700 22 19 14
2.0809 -5.6009 20.5330 28 22 26
3.1094 -7.0010 25.6660 21 19 26
3.9927 -7.6374 27.9990 20 14 18
7.6954 -12.9248 47.3830 48 47 49
24.3384 -16.8023 61.5980 15 5 5
17.0392 -11.2017 41.0660 10 2 1
13.4400 -8.4011 30.7990 11 1 1
12.2175 -7.3054 26.7820 13 2 6
10.4712 -6.0007 21.9990 12 8 9
10.2140 -5.6009 20.5330 7 1 3
11.8005 -6.2230 22.8140 15 3 1
-12.7523 -6.6802 24.6390 59 11 17
-13.9368 -7.5912 27.9990 63 25 29
-13.9715 -7.9528 29.3330 45 17 18
-12.7815 -7.5912 27.9990 39 17 21
-14.9441 -9.2781 34.2210 42 34 33
-15.9863 -10.4380 38.4990 33 24 19
-13.5322 -9.2781 34.2210 39 27 25
-15.3578 -11.1339 41.0660 47 41 47
-14.3681 -13.9173 51.3320 65 69 64
-11.3715 -11.9291 43.9990 99 94 90
-3.0643 -3.9763 14.6660 120 124 138
-1.8599 -2.7378 10.0980 135 159 161
-1.9472 -3.2117 11.8460 104 127 144
-3.1804 -5.9644 21.9990 104 129 152
1.5192 -9.8239 36.2340 23 19 22
1.5210 -6.6802 24.6390 25 22 19
1.6529 -5.3872 19.8700 21 21 15
2.0465 -5.3872 19.8700 28 22 26
3.4844 -7.5912 27.9990 16 15 17
4.6767 -8.7898 32.4200 26 20 24
7.7736 -12.8466 47.3830 23 22 26
24.3384 -16.7006 61.5980 17 5 5
17.0392 -11.1339 41.0660 9 1 0
13.4400 -8.3503 30.7990 12 2 2
12.2175 -7.2612 26.7820 13 2 6
10.5076 -5.9644 21.9990 7 3 4
10.2140 -5.5670 20.5330 9 3 5
11.8381 -6.1854 22.8140 12 2 2
-12.7523 -6.6395 24.6390 59 19 24
-13.9368 -7.5450 27.9990 51 19 24
-13.9715 -7.9044 29.3330 42 16 16
-12.7815 -7.5450 27.9990 38 18 21
-15.7634 -9.7641 36.2340 44 34 34
-17.0522 -11.0662 41.0660 31 21 19
-12.7665 -8.7363 32.4200 49 34 33
-15.3578 -11.0662 41.0660 54 45 52
-14.7070 -13.8326 51.3320 62 59 54
-12.6371 -12.7684 47.3830 88 88 82
-3.4210 -4.1499 15.4000 143 158 157
-2.2292 -3.0181 11.2000 125 128 147
-1.7806 -2.6772 9.9350 102 126 128
-2.1127 -3.6085 13.3910 92 127 142
0.3460 -16.5990 61.5980 46 41 49
1.5862 -11.0662 41.0660 27 23 28
1.5649 -7.2170 26.7820 34 30 31
1.6618 -5.7239 21.2410 25 22 19
1.9190 -5.1871 19.2490 21 15 19
3.3458 -7.5450 27.9990 25 23 30
4.8235 -9.2216 34.2210 23 19 22
7.0732 -11.8565 43.9990 21 16 24
19.9433 -13.8326 51.3320 16 6 4
17.9657 -11.8565 43.9990 11 3 2
12.0333 -7.5450 27.9990 14 2 2
11.0772 -6.6395 24.6390 12 2 2
10.7086 -6.1477 22.8140 9 4 2
9.4482 -5.1871 19.2490 8 4 5
10.8466 -5.7239 21.2410 11 1 1
-13.4533 -6.8739 25.6660 49 13 17
-11.9493 -6.3452 23.6920 45 25 17
-14.8730 -8.2487 30.7990 42 15 7
-12.4028 -7.1728 26.7820 35 17 23
-13.6531 -8.2487 30.7990 36 31 39
-18.5606 -11.7839 43.9990 37 21 26
-16.5100 -10.9984 41.0660 40 28 26
-13.0238 -9.1652 34.2210 49 44 42
-18.1565 -16.4973 61.5980 78 73 71
-12.9499 -12.6902 47.3830 82 72 70
-10.4102 -10.9984 41.0660 105 91 104
-2.7316 -3.5864 13.3910 115 115 135
-1.8134 -2.6608 9.9350 112 129 132
-1.9276 -3.1726 11.8460 84 110 128
-7.0753 -16.4973 61.5980 79 99 112
1.5956 -12.6902 47.3830 22 22 26
1.5436 -7.4988 27.9990 33 29 34
1.6485 -5.8918 21.9990 27 24 21
1.7463 -4.8521 18.1170 21 17 18
3.1120 -7.1728 26.7820 25 23 30
4.6541 -9.1652 34.2210 18 13 21
6.4661 -10.9984 41.0660 19 18 20
23.0168 -16.4973 61.5980 18 18 14
16.2259 -10.9984 41.0660 17 5 5
11.6174 -7.4988 27.9990 10 5 3
9.9555 -6.1101 22.8140 11 1 1
11.2399 -6.5989 24.6390 10 2 1
9.8073 -5.4992 20.5330 7 3 4
9.5753 -5.1553 19.2490 11 2 5
11.3789 -5.8918 21.9990 14 3 0
-11.8077 -6.0725 22.8140 39 15 19
-13.3310 -7.1286 26.7820 53 29 31
-13.9715 -7.8076 29.3330 41 21 22
-12.2260 -7.1286 26.7820 37 27 27
-16.7488 -10.2474 38.4990 36 26 36
-18.2701 -11.7113 43.9990 29 14 13
-13.4757 -9.1087 34.2210 39 31 30
-15.3578 -10.9306 41.0660 55 42 50
-16.1365 -14.9054 55.9990 75 70 68
-13.6903 -13.6632 51.3320 116 122 135
-3.3955 -4.0991 15.4000 135 147 149
-2.1331 -2.8765 10.8070 108 115 137
-1.7765 -2.6878 10.0980 103 120 134
-2.1626 -3.7264 14.0000 93 126 141
-0.4248 -14.9054 55.9990 31 38 46
0.6843 -14.9054 55.9990 31 38 46
1.7286 -13.6632 51.3320 31 31 33
1.6471 -8.1978 30.7990 28 24 29
1.7754 -6.3062 23.6920 23 23 17
1.7164 -4.8222 18.1170 23 13 13
2.9823 -6.8316 25.6660 13 11 18
4.9279 -9.6445 36.2340 18 16 23
6.4661 -10.9306 41.0660 19 18 20
23.0168 -16.3957 61.5980 20 15 13
17.3121 -11.7113 43.9990 16 5 9
11.6174 -7.4526 27.9990 9 4 2
9.9179 -6.0725 22.8140 9 1 0
10.8079 -6.3062 23.6920 12 3 6
9.1623 -5.1235 19.2490 8 2 4
9.0122 -4.8222 18.1170 9 0 3
11.3789 -5.8555 21.9990 19 8 1
-11.8454 -6.0348 22.8140 45 18 23
-13.3310 -7.0844 26.7820 46 23 22
-14.0199 -7.7592 29.3330 33 13 16
-11.2477 -6.5176 24.6390 31 23 22
-14.9441 -9.0522 34.2210 31 24 37
-18.2701 -11.6387 43.9990 34 19 20
-13.5322 -9.0522 34.2210 34 29 27
-15.3578 -10.8629 41.0660 55 37 47
-18.8682 -16.2940 61.5980 52 67 64
-13.3409 -12.5338 47.3830 73 74 65
-12.3243 -12.5338 47.3830 167 163 189
-2.7167 -3.4668 13.1060 102 107 123
-1.7611 -2.5069 9.4770 113 115 125
-1.8595 -2.9626 11.2000 101 128 152
-2.6986 -4.9376 18.6660 101 127 145
0.1189 -13.5784 51.3320 41 34 45
1.4643 -16.2940 61.5980 35 43 42
1.6777 -10.1838 38.4990 29 23 29
1.8592 -7.7592 29.3330 32 23 26
1.7420 -5.4314 20.5330 20 20 20
1.9533 -4.9376 18.6660 20 16 19
4.8547 -10.1838 38.4990 16 15 15
5.6171 -10.1838 38.4990 17 20 23
8.5909 -13.5784 51.3320 27 25 32
21.1095 -14.8130 55.9990 26 4 6
12.8632 -8.5758 32.4200 14 5 10
9.2005 -5.8192 21.9990 7 1 3
8.7036 -5.2561 19.8700 10 2 1
10.1082 -5.8192 21.9990 10 1 4
8.9464 -4.9376 18.6660 8 3 1
9.0720 -4.7923 18.1170 10 1 6
12.3328 -6.2671 23.6920 13 1 1
-11.3133 -5.7829 21.9990 37 14 22
-13.2426 -7.0402 26.7820 43 17 17
-12.7122 -7.0402 26.7820 38 23 22
-11.6318 -6.7469 25.6660 25 14 20
-17.7978 -10.7951 41.0660 40 26 39
-18.1249 -11.5661 43.9990 27 16 20
-12.7130 -8.5223 32.4200 34 40 38
-19.0276 -13.4937 51.3320 57 39 47
-18.7665 -16.1924 61.5980 54 72 68
-15.9517 -14.7206 55.9990 69 71 62
-13.5209 -13.4937 51.3320 254 253 255
-2.7167 -3.4452 13.1060 125 139 145
-1.7410 -2.5301 9.6250 112 120 135
-1.9455 -3.1750 12.0780 88 114 130
-6.7703 -16.1924 61.5980 69 85 106
0.2662 -12.4556 47.3830 33 28 38
1.5161 -14.7206 55.9990 27 34 40
1.6986 -9.5249 36.2340 40 36 37
1.9560 -7.7108 29.3330 23 17 21
1.6452 -4.9068 18.6660 21 17 18
2.1448 -5.2233 19.8700 17 16 18
5.3139 -10.7951 41.0660 22 22 24
5.4063 -9.5249 36.2340 16 15 22
8.7603 -13.4937 51.3320 18 16 23
20.5550 -14.7206 55.9990 24 18 20
17.0943 -11.5661 43.9990 18 6 4
10.4799 -6.7469 25.6660 6 1 0
8.5068 -5.2233 19.8700 11 0 4
9.2312 -5.3975 20.5330 10 2 1
9.6379 -5.3975 20.5330 9 0 3
8.6388 -4.6265 17.6000 12 9 6
10.8466 -5.5837 21.2410 17 7 7
-12.4186 -6.1889 23.6920 56 27 31
-11.5065 -5.9595 22.8140 32 13 9
-13.5671 -7.3139 27.9990 49 19 14
-10.9718 -6.1889 23.6920 33 24 29
-13.6531 -8.0454 30.7990 44 34 44
-19.9881 -12.3775 47.3830 43 18 26
-17.6892 -11.4935 43.9990 40 27 33
-13.7900 -9.4651 36.2340 40 29 33
-17.6153 -14.6281 55.9990 61 58 53
-16.4138 -14.6281 55.9990 69 64 62
-14.0292 -13.4090 51.3320 73 67 71
-12.0115 -12.3775 47.3830 224 218 203
-1.9139 -2.5542 9.7780 102 110 127
-1.7478 -2.5952 9.9350 112 120 137
-2.3789 -4.0228 15.4000 103 131 148
-6.6687 -16.0907 61.5980 64 81 97
0.0951 -10.7273 41.0660 29 19 31
1.0482 -12.3775 47.3830 38 41 42
1.8447 -11.4935 43.9990 20 22 30
1.9521 -8.0454 30.7990 23 17 19
1.7670 -5.5486 21.2410 15 11 12
1.8417 -4.5975 17.6000 25 24 24
3.8329 -8.0454 30.7990 17 16 20
5.2867 -9.4651 36.2340 14 16 22
7.2910 -11.4935 43.9990 20 20 24
20.3701 -14.6281 55.9990 31 19 17
16.8764 -11.4935 43.9990 26 12 8
9.9386 -6.4362 24.6390 15 5 5
7.4769 -4.5975 17.6000 10 2 1
7.8255 -4.5975 17.6000 14 2 2
9.2611 -5.1905 19.8700 9 1 0
8.5517 -4.5975 17.6000 15 6 9
9.7659 -5.0283 19.2490 8 3 1
13.5298 -6.7045 25.6660 7 1 5
-11.6195 -5.9219 22.8140 40 17 14
-13.0658 -6.9518 26.7820 45 10 7
-10.6782 -5.9219 22.8140 31 18 24
-11.9608 -6.9518 26.7820 39 28 36
-20.2227 -12.2993 47.3830 30 29 33
-19.2061 -12.2993 47.3830 31 20 24
-13.1933 -8.8828 34.2210 38 38 34
-19.7831 -15.9891 61.5980 53 49 50
-16.8759 -14.5357 55.9990 55 71 60
-15.7668 -14.5357 55.9990 62 60 50
-14.5653 -14.5357 55.9990 171 180 192
-2.2257 -2.8553 11.0000 92 108 116
-1.7142 -2.4600 9.4770 110 110 128
-1.9844 -3.1979 12.3200 106 128 142
-0.9756 -15.9891 61.5980 48 48 44
0.1629 -10.6596 41.0660 30 28 37
1.2046 -12.2993 47.3830 27 32 37
1.8573 -10.6596 41.0660 29 25 30
2.0029 -7.9945 30.7990 17 11 13
1.7759 -5.3298 20.5330 23 17 19
1.9841 -4.8452 18.6660 20 16 19
4.3717 -8.8828 34.2210 13 13 17
4.7837 -8.4153 32.4200 13 19 21
6.9405 -10.6596 41.0660 15 11 16
20.0929 -14.5357 55.9990 21 10 5
17.9398 -12.2993 47.3830 23 7 4
9.8573 -6.3956 24.6390 9 1 0
6.8061 -4.2076 16.2100 7 2 0
6.9703 -4.0997 15.7940 17 5 5
9.1627 -5.1577 19.8700 10 1 6
8.7431 -4.7027 18.1170 12 2 2
9.3777 -4.8452 18.6660 8 2 4
14.0297 -6.9518 26.7820 14 5 8
-11.6948 -5.8842 22.8140 38 9 15
-12.6484 -6.6198 25.6660 37 8 12
-11.1673 -6.1107 23.6920 32 11 18
-11.1257 -6.3549 24.6390 29 18 26
-20.3791 -12.2211 47.3830 33 28 36
-19.4407 -12.2211 47.3830 37 21 26
-14.0890 -9.3455 36.2340 39 42 45
-20.6652 -14.4433 55.9990 42 29 33
-17.1531 -14.4433 55.9990 62 71 62
-17.5466 -15.8874 61.5980 41 42 38
-14.8426 -14.4433 55.9990 81 68 99
-1.7389 -2.3713 9.1940 118 111 131
-1.7983 -2.7391 10.6200 136 147 156
-6.5670 -15.8874 61.5980 81 98 112
0.0892 -9.9297 38.4990 36 30 36
0.9762 -10.5918 41.0660 27 29 37
1.7895 -10.5918 41.0660 33 29 34
1.9521 -7.9437 30.7990 19 15 16
1.8663 -5.6740 21.9990 18 17 17
1.8417 -4.5394 17.6000 19 15 16
4.3152 -8.8263 34.2210 17 17 21
4.4937 -7.9437 30.7990 17 20 19
6.0641 -9.3455 36.2340 13 12 12
21.7968 -15.8874 61.5980 23 9 3
19.2655 -13.2396 51.3320 16 6 4
12.1692 -7.9437 30.7990 11 2 5
7.3026 -4.5394 17.6000 7 2 0
6.7202 -3.9720 15.4000 11 1 1
8.7811 -4.9647 19.2490 11 2 5
8.9156 -4.8144 18.6660 12 6 8
9.2853 -4.8144 18.6660 10 5 3
13.8971 -6.9076 26.7820 14 2 2
-11.8077 -5.8466 22.8140 53 24 28
-12.7755 -6.5774 25.6660 37 13 15
-11.2846 -6.0716 23.6920 28 12 17
-10.8154 -6.0716 23.6920 28 25 22
-19.1415 -11.2757 43.9990 46 37 40
-21.3151 -13.1549 51.3320 42 20 24
-17.3261 -11.2757 43.9990 33 31 38
-17.7202 -12.1429 47.3830 51 32 30
-15.9777 -13.1549 51.3320 65 63 55
-14.9611 -13.1549 51.3320 82 81 83
-16.7333 -15.7858 61.5980 85 65 68
-12.8431 -13.1549 51.3320 132 113 107
-1.7765 -2.5878 10.0980 122 118 137
-6.7703 -15.7858 61.5980 67 82 95
-0.0404 -10.5240 41.0660 44 37 46
0.7418 -9.2857 36.2340 32 32 36
2.0675 -13.1549 51.3320 35 31 36
1.9478 -8.3083 32.4200 23 19 20
1.9318 -6.0716 23.6920 14 14 10
1.8360 -4.6429 18.1170 17 11 13
3.4382 -7.1753 27.9990 20 23 24
4.6232 -8.3083 32.4200 11 17 15
5.3188 -8.3083 32.4200 12 11 11
21.5935 -15.7858 61.5980 20 10 10
17.6270 -12.1429 47.3830 16 8 7
13.4083 -8.7698 34.2210 12 2 0
7.4573 -4.6429 18.1170 6 1 0
6.0631 -3.5878 14.0000 10 2 1
7.7493 -4.3850 17.1110 9 0 3
9.1305 -4.9330 19.2490 6 0 2
8.9524 -4.6429 18.1170 8 3 1
13.2333 -6.5774 25.6660 15 0 0
-11.8830 -5.8089 22.8140 43 16 19
-12.3456 -6.2736 24.6390 36 12 14
-10.9417 -5.8089 22.8140 39 17 19
-10.4899 -5.8089 22.8140 32 25 19
-16.8759 -9.8026 38.4990 50 32 42
-21.4845 -13.0702 51.3320 55 34 33
-17.4713 -11.2030 43.9990 30 19 27
-16.5999 -11.2030 43.9990 39 19 22
-16.1472 -13.0702 51.3320 64 60 51
-16.5062 -14.2585 55.9990 39 42 43
-14.6578 -14.2585 55.9990 90 103 112
-1.7190 -2.3764 9.3330 105 102 116
-7.1770 -15.6841 61.5980 80 98 107
0.0892 -9.8026 38.4990 36 29 38
0.8016 -9.2259 36.2340 16 16 20
1.9174 -11.2030 43.9990 27 21 25
1.9521 -7.8421 30.7990 19 19 15
1.8663 -5.6014 21.9990 14 10 11
1.8958 -4.6130 18.1170 22 19 16
3.6504 -7.4688 29.3330 20 23 24
4.2798 -7.4688 29.3330 11 14 13
5.3723 -8.2548 32.4200 20 16 17
19.6308 -14.2585 55.9990 17 7 7
19.0113 -13.0702 51.3320 16 8 7
14.1971 -9.2259 36.2340 12 2 2
7.4573 -4.6130 18.1170 6 1 0
5.9058 -3.4855 13.6890 10 1 4
7.7493 -4.3568 17.1110 10 1 4
9.3923 -5.0593 19.8700 6 0 2
9.2237 -4.7527 18.6660 10 2 1
12.6631 -6.2736 24.6390 13 1 0
-12.3404 -5.9934 23.6920 49 22 25
-12.3456 -6.2329 24.6390 37 13 15
-10.5508 -5.5651 21.9990 32 10 14
-10.1152 -5.5651 21.9990 37 28 21
-16.9394 -9.7391 38.4990 51 30 39
-23.4378 -14.1661 55.9990 47 26 23
-18.8933 -11.9865 47.3830 41 28 36
-19.3665 -12.9855 51.3320 39 17 21
-16.1472 -12.9855 51.3320 71 62 53
-16.4138 -14.1661 55.9990 52 51 55
-12.0897 -11.9865 47.3830 90 94 106
-1.7525 -2.4735 9.7780 124 122 136
-0.7021 -14.1661 55.9990 57 51 55
0.2487 -8.6569 34.2210 23 25 33
1.1058 -9.7391 38.4990 25 24 33
1.8683 -9.7391 38.4990 39 34 42
2.0528 -7.4204 29.3330 18 14 15
1.8436 -5.1942 20.5330 22 14 13
2.4473 -5.5651 21.9990 17 18 14
4.0362 -7.7912 30.7990 12 11 13
4.0402 -6.7750 26.7820 11 10 10
6.6338 -9.7391 38.4990 25 21 26
18.2489 -12.9855 51.3320 19 7 5
19.3502 -12.9855 51.3320 10 2 1
12.2200 -7.7912 30.7990 11 0 4
6.7794 -4.1006 16.2100 5 1 2
6.1324 -3.5416 14.0000 12 4 3
9.4346 -5.1942 20.5330 11 0 4
9.8412 -5.1942 20.5330 7 3 4
9.6070 -4.8694 19.2490 8 3 1
15.2693 -7.4204 29.3330 12 2 0
-12.7116 -6.1923 24.6390 45 17 18
-11.2806 -5.7336 22.8140 41 15 13
-10.4419 -5.5288 21.9990 32 20 18
-11.1664 -6.1923 24.6390 35 8 13
-20.5355 -11.9083 47.3830 49 40 45
-23.1606 -14.0737 55.9990 37 16 15
-18.5805 -11.9083 47.3830 28 24 27
-20.8500 -14.0737 55.9990 46 27 25
-15.9777 -12.9008 51.3320 54 47 39
-16.3213 -14.0737 55.9990 51 50 52
-11.0810 -11.0578 43.9990 108 91 103
-1.7410 -2.4190 9.6250 115 119 131
-0.5588 -12.9008 51.3320 44 38 42
0.3052 -8.6004 34.2210 20 22 30
1.1058 -9.6756 38.4990 25 24 31
1.9318 -9.6756 38.4990 39 37 48
2.0528 -7.3720 29.3330 13 12 12
1.8169 -4.9937 19.8700 21 16 14
2.4473 -5.5288 21.9990 15 15 15
4.0870 -7.7404 30.7990 14 13 13
4.0844 -6.7309 26.7820 9 9 11
6.6338 -9.6756 38.4990 28 23 31
18.3336 -12.9008 51.3320 15 5 3
19.3502 -12.9008 51.3320 9 1 0
12.2709 -7.7404 30.7990 11 3 2
6.7794 -4.0739 16.2100 6 0 2
6.1555 -3.5185 14.0000 12 2 2
9.4346 -5.1604 20.5330 11 0 4
9.5562 -4.9937 19.8700 6 2 3
10.2818 -5.1604 20.5330 6 1 0
16.0324 -7.7404 30.7990 10 0 0
-12.6710 -6.1516 24.6390 29 11 17
-10.8776 -5.4925 21.9990 43 15 14
-9.7122 -5.1265 20.5330 27 15 13
-11.1664 -6.1516 24.6390 40 11 17
-20.4573 -11.8301 47.3830 36 32 35
-25.2729 -15.3792 61.5980 32 15 15
-19.9596 -12.8160 51.3320 27 21 23
-20.0881 -15.3792 61.5980 44 37 31
-15.7236 -12.8160 51.3320 52 45 39
-12.4807 -11.8301 47.3830 77 83 83
-1.9432 -2.5212 10.0980 95 96 111
-1.7553 -2.5631 10.2660 146 167 173
-0.1159 -10.9852 43.9990 40 33 44
0.6102 -8.0943 32.4200 16 19 20
1.8302 -11.8301 47.3830 19 25 27
1.8943 -8.0943 32.4200 27 25 32
2.0504 -6.4080 25.6660 20 15 13
1.8608 -4.6603 18.6660 21 15 17
3.2446 -6.6867 26.7820 17 17 17
3.6177 -6.4080 25.6660 8 8 10
4.3496 -6.6867 26.7820 21 21 17
11.2239 -15.3792 61.5980 17 16 25
18.7572 -12.8160 51.3320 18 6 6
19.7738 -12.8160 51.3320 9 1 0
9.5957 -5.9152 23.6920 7 2 0
6.1093 -3.5765 14.3250 10 2 1
7.0485 -3.9433 15.7940 9 0 3
10.6709 -5.6960 22.8140 11 1 1
10.0107 -5.1265 20.5330 7 1 3
12.5411 -6.1516 24.6390 16 8 7
18.0961 -8.5439 34.2210 11 1 1
-13.0297 -6.3657 25.6660 33 18 17
-9.9833 -5.0926 20.5330 27 13 9
-9.5766 -5.0926 20.5330 23 13 13
-13.7039 -7.6388 30.7990 37 21 26
-25.6796 -15.2775 61.5980 62 51 44
-24.1546 -15.2775 61.5980 34 29 27
-22.9347 -15.2775 61.5980 45 30 29
-15.8083 -12.7313 51.3320 52 44 41
-12.4025 -11.7519 47.3830 76 76 76
-1.9599 -2.5045 10.0980 100 105 121
-1.7722 -2.5462 10.2660 108 126 135
-0.2030 -11.7519 47.3830 48 35 41
0.5288 -7.6388 30.7990 16 19 22
1.5184 -10.1852 41.0660 23 29 31
1.7996 -7.6388 30.7990 32 30 37
1.9277 -6.1110 24.6390 25 22 19
1.8872 -4.7741 19.2490 19 15 16
2.9443 -6.1110 24.6390 14 13 13
3.4323 -6.1110 24.6390 12 11 13
4.1260 -6.3657 25.6660 19 15 16
11.1223 -15.2775 61.5980 19 18 27
18.6725 -12.7313 51.3320 15 3 3
21.4792 -13.8888 55.9990 11 3 2
10.3952 -6.3657 25.6660 9 4 2
6.5423 -3.8195 15.4000 13 3 3
6.5209 -3.6375 14.6660 9 0 3
10.6333 -5.6583 22.8140 11 1 1
9.9768 -5.0926 20.5330 10 1 4
12.5005 -6.1110 24.6390 12 6 8
17.0902 -8.0408 32.4200 14 6 5
-13.5962 -6.5983 26.7820 30 15 14
-9.6937 -4.8954 19.8700 34 20 16
-9.5766 -5.0587 20.5330 24 14 14
-12.5043 -6.8981 27.9990 29 16 22
-25.7812 -15.1759 61.5980 57 43 37
-24.2563 -15.1759 61.5980 23 17 21
-23.0363 -15.1759 61.5980 50 35 36
-15.8930 -12.6466 51.3320 49 41 38
-13.7750 -12.6466 51.3320 89 85 88
-2.1510 -2.6625 10.8070 85 88 105
-1.8400 -2.5292 10.2660 82 98 106
-0.3894 -12.6466 51.3320 49 33 40
0.4272 -7.5879 30.7990 15 20 25
1.3829 -10.1174 41.0660 13 15 23
1.7873 -7.9873 32.4200 29 27 41
2.0069 -6.5983 26.7820 19 18 18
1.9153 -4.8954 19.8700 14 10 11
2.8629 -6.0703 24.6390 27 27 23
3.3916 -6.0703 24.6390 14 10 11
3.8796 -6.0703 24.6390 18 17 19
7.2794 -10.1174 41.0660 26 25 34
18.5030 -12.6466 51.3320 13 3 3
21.2943 -13.7964 55.9990 8 2 4
12.3725 -7.5879 30.7990 12 4 3
6.6575 -3.8912 15.7940 10 2 1
6.8219 -3.7941 15.4000 8 2 4
10.5580 -5.6207 22.8140 9 0 3
11.0098 -5.6207 22.8140 9 3 5
12.4192 -6.0703 24.6390 10 4 6
17.9267 -8.4310 34.2210 12 7 5
-14.3065 -6.8519 27.9990 22 11 19
-9.4543 -4.7106 19.2490 33 10 5
-9.3330 -4.8626 19.8700 24 12 12
-12.0492 -6.5541 26.7820 29 16 20
-23.9924 -13.7040 55.9990 39 36 31
-18.0774 -13.7040 55.9990 48 39 30
-16.9683 -13.7040 55.9990 48 49 38
-9.3049 -8.8671 36.2340 95 80 81
-1.8462 -2.4313 9.9350 85 105 118
-0.6706 -15.0742 61.5980 46 42 45
0.3052 -8.3745 34.2210 29 36 40
1.0394 -8.3745 34.2210 20 19 30
1.6268 -7.9338 32.4200 30 22 38
1.9185 -6.5541 26.7820 16 19 20
1.8775 -5.0248 20.5330 20 17 14
2.5379 -5.5830 22.8140 13 13 15
3.2696 -6.0296 24.6390 9 8 8
3.6132 -5.7979 23.6920 13 12 12
5.9531 -8.3745 34.2210 20 19 28
18.3336 -12.5619 51.3320 19 9 7
23.3218 -15.0742 61.5980 7 2 0
13.6907 -8.3745 34.2210 11 3 2
7.6068 -4.4336 18.1170 11 1 1
6.6305 -3.6767 15.0240 10 1 4
10.5203 -5.5830 22.8140 10 0 3
11.8905 -6.0296 24.6390 9 3 5
13.4551 -6.5541 26.7820 9 3 5
17.9267 -8.3745 34.2210 7 2 0
-14.3527 -6.8057 27.9990 27 11 20
-9.4543 -4.6788 19.2490 32 6 2
-9.3658 -4.8298 19.8700 27 12 13
-12.6429 -6.8057 27.9990 28 12 17
-24.0848 -13.6116 55.9990 45 39 43
-16.0625 -12.4772 51.3320 66 56 54
-12.6371 -11.5173 47.3830 81 82 76
-2.1153 -2.6268 10.8070 100 100 122
-1.7599 -2.4545 10.0980 79 103 115
-0.0505 -12.4772 51.3320 42 35 44
0.6102 -7.8803 32.4200 23 22 29
1.3058 -7.8803 32.4200 16 19 22
1.6091 -6.5099 26.7820 26 22 25
1.8602 -5.5454 22.8140 19 16 13
2.0137 -4.8298 19.8700 17 16 16
3.1517 -6.2386 25.6660 16 13 10
3.3785 -5.7588 23.6920 8 8 10
4.0422 -5.9890 24.6390 27 24 21
18.4183 -12.4772 51.3320 13 3 1
23.3218 -14.9725 61.5980 6 1 0
13.7472 -8.3181 34.2210 11 1 1
7.2127 -4.1591 17.1110 11 1 1
6.9964 -3.8390 15.7940 7 1 3
10.5580 -5.5454 22.8140 8 3 1
11.9312 -5.9890 24.6390 12 6 8
13.4993 -6.5099 26.7820 10 4 6
17.9267 -8.3181 34.2210 6 1 0
-14.3065 -6.7595 27.9990 24 15 22
-9.4543 -4.6471 19.2490 29 3 1
-9.3330 -4.7970 19.8700 30 15 16
-12.5967 -6.7595 27.9990 34 16 22
-23.9924 -13.5192 55.9990 36 26 24
-17.4304 -13.5192 55.9990 48 38 36
-11.8072 -10.6222 43.9990 66 65 65
-2.1153 -2.6090 10.8070 87 87 107
-1.7478 -2.3985 9.9350 82 97 112
-0.0551 -13.5192 55.9990 49 39 49
0.6441 -8.2616 34.2210 22 24 30
1.3058 -7.8268 32.4200 16 15 22
1.6091 -6.4657 26.7820 26 20 24
1.8602 -5.5077 22.8140 15 11 12
2.0137 -4.7970 19.8700 18 17 17
2.9093 -5.7197 23.6920 18 10 9
3.2533 -5.5077 22.8140 14 17 16
3.8478 -5.7197 23.6920 22 19 16
22.1018 -14.8709 61.5980 10 2 1
16.4292 -9.9141 41.0660 10 2 1
7.8682 -4.5063 18.6660 13 1 1
7.3472 -4.0191 16.6480 10 1 4
10.9643 -5.7197 23.6920 9 4 2
12.9247 -6.4657 26.7820 9 3 5
15.4732 -7.4354 30.7990 6 0 2
18.9812 -8.7476 36.2340 7 2 0
-15.0365 -7.0331 29.3330 23 7 14
-9.4543 -4.6153 19.2490 26 5 4
-9.3658 -4.7642 19.8700 25 13 13
-13.1969 -7.0331 29.3330 36 15 22
-22.0775 -12.3078 51.3320 44 34 32
-18.9698 -14.7692 61.5980 35 30 28
-10.0771 -9.2308 38.4990 82 81 66
-1.8462 -2.3821 9.9350 92 103 124
-2.4283 -4.2199 17.6000 42 65 72
0.3662 -9.8463 41.0660 30 35 40
0.9355 -7.3846 30.7990 24 24 28
1.4050 -6.7133 27.9990 26 25 32
1.7650 -5.9076 24.6390 18 17 24
1.8169 -4.7642 19.8700 13 12 12
2.5379 -5.4701 22.8140 16 17 13
3.0274 -5.4701 22.8140 14 10 11
3.4793 -5.4701 22.8140 13 10 7
5.3578 -7.3846 30.7990 57 52 60
17.8204 -10.5496 43.9990 11 3 2
9.0588 -5.0929 21.2410 9 1 0
8.3303 -4.4755 18.6660 7 1 3
12.0049 -6.1539 25.6660 12 7 5
14.3010 -7.0331 29.3330 9 4 2
17.3619 -8.2051 34.2210 9 3 5
20.3583 -9.2308 38.4990 10 5 3
-14.2141 -6.6671 27.9990 17 17 13
-8.5572 -4.1909 17.6000 32 12 13
-10.6405 -5.4324 22.8140 22 12 10
-14.4252 -7.7198 32.4200 48 30 40
-19.9865 -14.6676 61.5980 42 40 28
-17.0383 -14.6676 61.5980 62 57 53
-7.9092 -7.3338 30.7990 94 85 76
-1.7970 -2.3657 9.9350 81 96 109
-2.3608 -4.0744 17.1110 65 90 95
0.5008 -11.2827 47.3830 30 33 34
0.9863 -7.3338 30.7990 20 20 24
1.3303 -6.1115 25.6660 22 22 24
1.8057 -5.8670 24.6390 14 13 17
1.8497 -4.7314 19.8700 16 16 16
2.6747 -5.6415 23.6920 19 20 14
3.0651 -5.4324 22.8140 15 11 12
3.5169 -5.4324 22.8140 13 10 7
6.3631 -8.6280 36.2340 63 48 38
17.8931 -10.4770 43.9990 8 3 1
8.7907 -4.8893 20.5330 10 2 1
8.6222 -4.5835 19.2490 7 1 3
12.5711 -6.3773 26.7820 12 4 3
14.3494 -6.9847 29.3330 14 6 5
17.4183 -8.1486 34.2210 8 4 5
20.4218 -9.1673 38.4990 10 5 3
-14.1678 -6.6209 27.9990 20 19 19
-8.5282 -4.1618 17.6000 34 22 20
-10.6029 -5.3948 22.8140 34 13 10
-15.1700 -8.0922 34.2210 46 25 34
-15.3971 -13.2420 55.9990 61 58 53
-7.1439 -6.6209 27.9990 111 101 89
-1.8134 -2.3493 9.9350 75 92 106
-2.2312 -3.7348 15.7940 61 84 89
0.5790 -11.2046 47.3830 22 28 28
0.9863 -7.2830 30.7990 22 22 24
1.3726 -6.0692 25.6660 16 19 18
1.6719 -5.3948 22.8140 19 15 18
1.8825 -4.6986 19.8700 15 15 15
2.6132 -5.3948 22.8140 19 20 14
2.8537 -5.0228 21.2410 13 12 12
3.4276 -5.2021 21.9990 21 15 17
6.0096 -8.0922 34.2210 22 8 4
15.0941 -8.5682 36.2340 11 1 0
9.5999 -5.2021 21.9990 11 1 1
10.0719 -5.2021 21.9990 11 1 1
13.3734 -6.6209 27.9990 8 2 4
16.1806 -7.6663 32.4200 18 10 7
19.9771 -9.1038 38.4990 9 4 2
-15.1817 -6.8879 29.3330 34 10 12
-10.5379 -4.9878 21.2410 16 7 10
-9.1684 -4.5200 19.2490 32 13 11
-12.7353 -6.5747 27.9990 33 9 11
-17.8655 -9.6430 41.0660 45 38 32
-9.0138 -8.0357 34.2210 63 54 37
-1.9432 -2.3712 10.0980 71 75 89
-1.7151 -2.3329 9.9350 93 105 121
-3.4140 -6.0268 25.6660 37 49 55
0.4070 -13.1495 55.9990 28 33 38
0.9312 -7.6128 32.4200 9 5 10
1.1957 -5.7857 24.6390 20 19 23
1.5396 -5.1657 21.9990 18 17 21
1.7841 -4.6658 19.8700 11 11 13
2.4473 -5.1657 21.9990 16 16 16
2.7836 -4.9878 21.2410 16 15 17
3.3187 -5.1657 21.9990 12 13 9
4.8245 -6.5747 27.9990 30 26 31
19.9730 -11.1264 47.3830 11 3 2
10.1061 -5.3571 22.8140 7 1 3
10.5580 -5.3571 22.8140 9 1 0
14.2042 -6.8879 29.3330 7 3 4
17.2489 -8.0357 34.2210 14 9 7
20.1677 -9.0402 38.4990 12 7 5
-14.3065 -6.5284 27.9990 45 12 25
-10.0850 -4.7876 20.5330 37 16 15
-9.9770 -4.9527 21.2410 23 13 11
-13.1969 -6.8395 29.3330 42 15 20
-21.9928 -11.9689 51.3320 41 28 32
-8.4859 -7.5593 32.4200 80 64 57
-1.8954 -2.3165 9.9350 94 104 122
-1.6718 -2.2799 9.7780 136 146 153
-2.5137 -4.3523 18.6660 66 73 81
-1.1519 -11.9689 51.3320 34 30 35
0.9085 -9.5752 41.0660 33 33 37
1.1185 -5.9845 25.6660 30 30 30
1.3943 -5.1294 21.9990 20 16 19
1.7420 -4.7876 20.5330 23 23 23
2.2227 -4.9527 21.2410 20 20 16
2.6434 -4.9527 21.2410 16 12 15
3.0991 -4.9527 21.2410 8 8 8
3.9260 -5.5242 23.6920 21 20 22
25.6600 -14.3626 61.5980 12 4 3
11.6871 -6.2447 26.7820 13 1 0
9.7248 -4.9527 21.2410 10 0 0
12.7921 -6.2447 26.7820 8 2 4
17.0795 -7.9792 34.2210 11 3 0
21.3091 -9.5752 41.0660 8 2 4
-15.1817 -6.7911 29.3330 38 11 14
-10.9139 -5.0931 21.9990 31 19 19
-9.4642 -4.6002 19.8700 35 19 14
-12.7353 -6.4822 27.9990 40 11 15
-17.8655 -9.5075 41.0660 50 41 32
-22.1214 -14.2610 61.5980 41 30 25
-9.0703 -7.9227 34.2210 65 54 58
-1.9432 -2.3379 10.0980 82 88 101
-1.7151 -2.3001 9.9350 125 135 153
-2.5445 -4.3215 18.6660 45 69 71
-1.2366 -11.8842 51.3320 42 38 43
0.8407 -9.5075 41.0660 34 34 38
1.0330 -5.7043 24.6390 19 19 19
1.3112 -4.9177 21.2410 25 16 19
1.6529 -4.6002 19.8700 15 18 19
2.1877 -4.9177 21.2410 20 20 16
2.5214 -4.7537 20.5330 18 14 17
3.0641 -4.9177 21.2410 10 10 10
3.8869 -5.4851 23.6920 20 16 19
25.7617 -14.2610 61.5980 10 2 1
12.8487 -6.7911 29.3330 19 4 3
10.1082 -5.0931 21.9990 14 6 3
13.4196 -6.4822 27.9990 5 1 2
18.1439 -8.3888 36.2340 15 7 4
21.3769 -9.5075 41.0660 15 17 8
-14.4451 -6.4360 27.9990 38 11 16
-10.8776 -5.0568 21.9990 29 8 15
-9.7461 -4.7199 20.5330 34 18 15
-12.6891 -6.4360 27.9990 43 15 16
-19.0689 -10.1139 43.9990 36 23 12
-22.0197 -14.1593 61.5980 36 25 20
-8.5395 -7.4523 32.4200 84 66 76
-1.9432 -2.3212 10.0980 84 92 107
-1.6718 -2.2476 9.7780 138 145 153
-2.5137 -4.2907 18.6660 62 70 71
-1.4907 -11.7995 51.3320 39 38 42
-0.4741 -11.7995 51.3320 33 29 34
0.9312 -7.4523 32.4200 40 31 38
1.1071 -5.2442 22.8140 16 16 18
1.3906 -4.5675 19.8700 16 15 17
1.7841 -4.5675 19.8700 17 17 17
2.3279 -4.8826 21.2410 18 17 17
2.6040 -4.5675 19.8700 13 13 9
3.3187 -5.0568 21.9990 13 12 12
5.3070 -7.0797 30.7990 33 29 34
23.5125 -12.8723 55.9990 9 1 0
10.8739 -5.6637 24.6390 9 4 2
10.1445 -5.0568 21.9990 12 4 1
13.5120 -6.4360 27.9990 10 1 4
19.3417 -8.8496 38.4990 17 9 8
21.4446 -9.4397 41.0660 11 8 3
-14.3527 -6.3898 27.9990 32 9 17
-10.8413 -5.0205 21.9990 31 8 16
-10.0120 -4.8475 21.2410 34 17 17
-12.6429 -6.3898 27.9990 35 7 8
-18.9237 -10.0413 43.9990 45 36 27
-22.0197 -14.0577 61.5980 34 25 18
-8.5395 -7.3988 32.4200 65 49 58
-1.8790 -2.2673 9.9350 71 88 102
-1.6823 -2.2673 9.9350 108 117 127
-3.2368 -5.6230 24.6390 67 73 73
-1.4060 -11.7148 51.3320 32 30 37
-0.3656 -14.0577 61.5980 39 34 42
0.8910 -6.6943 29.3330 34 28 30
1.1402 -5.0205 21.9990 19 19 19
1.4234 -4.5347 19.8700 17 16 18
1.8169 -4.5347 19.8700 11 10 10
2.3980 -4.8475 21.2410 12 11 11
2.6367 -4.5347 19.8700 12 11 11
3.5169 -5.2065 22.8140 14 13 13
5.3578 -7.0288 30.7990 25 23 30
20.0512 -10.8136 47.3830 9 0 3
10.9146 -5.6230 24.6390 6 1 0
10.1808 -5.0205 21.9990 8 3 0
13.5582 -6.3898 27.9990 15 6 9
19.4052 -8.7861 38.4990 12 4 3
21.5802 -9.3719 41.0660 5 2 0
-14.3065 -6.3436 27.9990 30 7 17
-10.3976 -4.8125 21.2410 37 13 17
-9.9770 -4.8125 21.2410 37 18 16
-13.1485 -6.6459 29.3330 52 26 24
-18.8510 -9.9687 43.9990 41 32 27
-20.2031 -12.6875 55.9990 38 31 23
-9.6637 -8.2094 36.2340 70 61 64
-1.9265 -2.2879 10.0980 61 83 97
-1.7099 -2.2879 10.0980 109 120 129
-3.7566 -6.6459 29.3330 58 61 64
-1.1325 -9.9687 43.9990 35 30 38
-0.3047 -11.6301 51.3320 31 29 36
0.8544 -13.9560 61.5980 32 21 29
0.9891 -6.3436 27.9990 9 5 6
1.0954 -4.5019 19.8700 20 20 20
1.4742 -4.3612 19.2490 12 11 13
1.9792 -4.6521 20.5330 10 9 9
2.1997 -4.2291 18.6660 10 10 6
2.7351 -4.5019 19.8700 8 8 8
3.6299 -5.1689 22.8140 20 14 18
7.3472 -9.3042 41.0660 36 27 34
20.2077 -10.7354 47.3830 9 0 3
10.6124 -5.3678 23.6920 12 4 3
11.0816 -5.3678 23.6920 5 2 0
14.3494 -6.6459 29.3330 18 6 4
22.3953 -9.9687 43.9990 11 10 10
20.4218 -8.7226 38.4990 7 1 5
-14.1678 -6.2974 27.9990 25 12 18
-9.9494 -4.6182 20.5330 31 13 19
-10.2241 -4.9479 21.9990 39 18 17
-13.7039 -6.9272 30.7990 44 21 16
-21.7387 -11.5454 51.3320 37 20 20
-19.9258 -12.5951 55.9990 35 27 24
-8.5930 -7.2918 32.4200 67 59 56
-1.8790 -2.2345 9.9350 64 83 101
-1.6932 -2.2712 10.0980 94 111 125
-3.3293 -5.7727 25.6660 57 63 63
-1.6602 -11.5454 51.3320 46 44 51
-0.4471 -9.2364 41.0660 37 32 30
0.4578 -11.5454 51.3320 35 34 38
0.8910 -6.5975 29.3330 32 31 31
1.1039 -4.9479 21.9990 17 17 17
1.3789 -4.3294 19.2490 14 13 13
1.8169 -4.4691 19.8700 10 9 9
2.2432 -4.4691 19.8700 16 15 15
2.5543 -4.3294 19.2490 11 10 10
3.4793 -5.1312 22.8140 11 10 10
5.6398 -7.2918 32.4200 25 28 31
21.2988 -11.5454 51.3320 10 2 1
14.9333 -7.6969 34.2210 9 1 0
9.6898 -4.7774 21.2410 13 3 1
12.2591 -5.7727 25.6660 12 2 2
18.0243 -8.1496 36.2340 19 7 5
22.7584 -9.8961 43.9990 3 3 3
-14.4913 -6.2512 27.9990 32 4 13
-12.2643 -5.5010 24.6390 41 29 27
-9.7800 -4.5843 20.5330 23 7 4
-11.7165 -5.7303 25.6660 41 19 23
-14.8877 -7.6404 34.2210 23 16 6
-22.6297 -13.7527 61.5980 33 29 22
-17.0383 -13.7527 61.5980 34 34 38
-6.0841 -5.2896 23.6920 90 81 102
-1.8265 -2.2545 10.0980 62 77 101
-1.9778 -3.1257 14.0000 66 65 72
-6.2350 -11.4607 51.3320 63 70 78
-0.9215 -9.1686 41.0660 33 32 32
-0.1159 -9.8235 43.9990 47 45 52
0.8281 -9.8235 43.9990 36 27 30
0.9517 -5.5010 24.6390 13 13 17
1.1565 -4.2976 19.2490 12 11 11
1.5377 -4.2976 19.2490 12 11 13
2.0470 -4.5843 20.5330 15 12 9
2.1322 -3.9295 17.6000 19 16 13
2.8007 -4.4363 19.8700 17 17 19
4.0016 -5.5010 24.6390 30 25 23
8.6338 -10.5790 47.3830 22 17 27
20.1295 -10.5790 47.3830 7 1 3
11.9081 -5.9795 26.7820 12 9 4
10.5956 -5.0936 22.8140 6 1 0
13.0131 -5.9795 26.7820 9 1 0
22.2501 -9.8235 43.9990 22 14 11
20.2948 -8.5955 38.4990 9 5 6
-14.2603 -6.2050 27.9990 23 12 16
-10.3626 -4.7073 21.2410 30 13 15
-10.2967 -4.8753 21.9990 32 11 8
-12.5043 -6.2050 27.9990 31 17 11
-17.5267 -9.1009 41.0660 36 17 15
-20.1106 -12.4102 55.9990 26 22 15
-8.1633 -6.8255 30.7990 75 70 66
-1.9573 -2.3137 10.4400 61 82 99
-1.9801 -2.9677 13.3910 73 85 101
-3.5857 -6.2050 27.9990 59 61 69
-1.3504 -9.7509 43.9990 39 35 40
-0.4191 -8.5320 38.4990 36 30 32
0.3924 -9.7509 43.9990 38 31 40
0.8504 -6.2050 27.9990 28 31 32
1.1039 -4.8753 21.9990 11 11 13
1.3789 -4.2659 19.2490 11 10 12
1.8169 -4.4035 19.8700 14 10 13
2.0453 -4.0150 18.1170 16 16 18
2.3355 -3.9004 17.6000 22 23 17
3.5169 -5.0559 22.8140 16 12 13
5.6398 -7.1848 32.4200 63 92 72
23.0504 -12.4102 55.9990 15 5 5
19.0549 -9.7509 43.9990 11 2 5
11.6237 -5.6880 25.6660 8 3 0
12.1743 -5.6880 25.6660 11 3 2
16.9100 -7.5839 34.2210 18 6 4
22.6858 -9.7509 43.9990 11 12 8
-14.5837 -6.1588 27.9990 37 15 19
-12.3050 -5.4197 24.6390 34 30 31
-9.8477 -4.5165 20.5330 29 17 17
-10.8936 -5.2114 23.6920 47 18 22
-14.2112 -7.1313 32.4200 37 22 12
-21.4845 -11.2913 51.3320 28 16 14
-21.5114 -13.5494 61.5980 42 35 27
-6.0841 -5.2114 23.6920 77 72 82
-1.8400 -2.2582 10.2660 59 74 98
-1.9338 -3.0111 13.6890 69 68 75
-5.3443 -9.6783 43.9990 58 60 70
-1.2778 -9.6783 43.9990 36 39 40
-0.3347 -7.9702 36.2340 34 33 33
0.4428 -7.9702 36.2340 26 15 23
0.8967 -6.1588 27.9990 15 18 21
1.1360 -4.6723 21.2410 15 15 17
1.4107 -4.2341 19.2490 13 9 12
1.9453 -4.5165 20.5330 19 10 15
2.0160 -3.8714 17.6000 16 16 18
2.4340 -3.9851 18.1170 22 23 17
3.6914 -5.2114 23.6920 21 24 23
6.3631 -7.9702 36.2340 29 41 33
24.9484 -13.5494 61.5980 10 2 1
20.1295 -10.4226 47.3830 6 0 2
11.9523 -5.8911 26.7820 6 1 0
11.4839 -5.4197 24.6390 6 3 0
13.6044 -6.1588 27.9990 9 1 0
22.3227 -9.6783 43.9990 20 10 8
21.6480 -9.0331 41.0660 11 7 10
-13.5962 -5.8469 26.7820 24 23 27
-10.3626 -4.6372 21.2410 34 17 19
-10.2604 -4.8027 21.9990 30 11 7
-11.4624 -5.6033 25.6660 26 15 8
-16.3675 -8.4049 38.4990 35 13 15
-22.1214 -13.4478 61.5980 35 33 23
-6.9218 -5.8469 26.7820 75 71 76
-1.8712 -2.2792 10.4400 55 68 93
-1.9338 -2.9885 13.6890 51 50 57
-5.2717 -9.6056 43.9990 59 61 69
-1.2778 -9.6056 43.9990 36 36 38
-0.2749 -7.9104 36.2340 13 12 12
0.4428 -7.9104 36.2340 32 21 27
0.8967 -6.1126 27.9990 25 28 31
1.1360 -4.6372 21.2410 16 16 18
1.4107 -4.2023 19.2490 12 8 11
1.9453 -4.4827 20.5330 17 8 13
1.9600 -3.7356 17.1110 15 15 17
2.3936 -3.8423 17.6000 20 21 15
3.6914 -5.1723 23.6920 24 27 26
6.4229 -7.9104 36.2340 22 30 27
24.5417 -13.4478 61.5980 8 3 1
19.8166 -10.3444 47.3830 11 1 1
15.9313 -7.9104 36.2340 7 2 0
11.3212 -5.3791 24.6390 8 3 1
12.8805 -5.8469 26.7820 11 3 0
19.2781 -8.4049 38.4990 26 18 15
21.4446 -8.9653 41.0660 11 7 8
-12.6710 -5.3384 24.6390 26 13 17
-10.8413 -4.7664 21.9990 30 12 22
-9.3986 -4.3051 19.8700 30 8 10
-11.1664 -5.3384 24.6390 42 15 18
-13.9971 -7.0243 32.4200 41 20 17
-25.3746 -13.3461 61.5980 30 15 14
-7.2363 -6.0664 27.9990 43 43 47
-1.9056 -2.2620 10.4400 71 90 108
-1.8731 -2.8396 13.1060 63 67 81
-4.2131 -7.4145 34.2210 60 59 68
-1.7449 -11.1218 51.3320 49 45 50
-0.4543 -7.8506 36.2340 30 30 32
0.2239 -6.6731 30.7990 26 20 26
0.8042 -6.0664 27.9990 25 28 31
1.1071 -4.9430 22.8140 22 18 23
1.3906 -4.3051 19.8700 17 16 18
1.8436 -4.4488 20.5330 26 20 24
1.9035 -3.7074 17.1110 14 17 16
2.1243 -3.5121 16.2100 10 10 10
3.4416 -4.9430 22.8140 21 18 15
5.8966 -7.4145 34.2210 18 32 23
20.1702 -13.3461 61.5980 19 11 8
19.6602 -10.2662 47.3830 9 1 0
20.5987 -10.2662 47.3830 9 0 3
12.7726 -6.0664 27.9990 19 15 8
12.7479 -5.8027 26.7820 16 8 5
16.9665 -7.4145 34.2210 13 3 1
22.7584 -9.5330 43.9990 11 12 8
-12.7930 -5.2977 24.6390 33 9 13
-11.3559 -4.9053 22.8140 32 21 29
-9.4970 -4.2723 19.8700 33 11 13
-10.4146 -4.9053 22.8140 38 11 14
-12.2270 -6.0202 27.9990 39 14 7
-21.3151 -11.0371 51.3320 25 15 15
-9.0703 -7.3580 34.2210 59 60 56
-2.1368 -2.4082 11.2000 64 79 96
-1.9801 -2.8793 13.3910 65 73 90
-3.2869 -5.5186 25.6660 76 75 84
-1.9960 -12.0406 55.9990 48 47 51
-0.6097 -8.2778 38.4990 31 34 33
0.1730 -6.6222 30.7990 28 23 31
0.7457 -6.3070 29.3330 27 30 29
1.1106 -5.0941 23.6920 15 11 16
1.3250 -4.2723 19.8700 13 12 12
1.7759 -4.4149 20.5330 25 25 25
1.9556 -3.8954 18.1170 15 15 15
2.0708 -3.4854 16.2100 10 10 10
3.4039 -4.9053 22.8140 16 13 10
4.9575 -6.3070 29.3330 13 16 19
19.9669 -13.2445 61.5980 15 6 1
22.6807 -12.0406 55.9990 11 1 1
20.1295 -10.1880 47.3830 9 0 3
14.4684 -6.9708 32.4200 12 9 6
13.0499 -6.0202 27.9990 6 2 3
14.3010 -6.3070 29.3330 10 1 4
22.3227 -9.4604 43.9990 10 0 0
19.1606 -7.7908 36.2340 5 4 4
-11.1681 -4.6938 21.9990 16 16 20
-8.8086 -3.8655 18.1170 36 19 19
-9.2674 -4.2395 19.8700 25 8 8
-10.5808 -5.0550 23.6920 29 14 13
-14.5488 -7.3015 34.2210 29 9 10
-22.6985 -11.9482 55.9990 32 23 26
-2.4521 -2.6286 12.3200 70 82 100
-1.9369 -2.3058 10.8070 70 77 99
-4.2131 -7.3015 34.2210 61 61 65
-1.2778 -9.3878 43.9990 32 35 36
-0.3347 -7.7310 36.2340 24 23 23
0.3584 -6.2586 29.3330 25 21 24
0.8219 -5.4762 25.6660 36 42 44
1.1765 -4.6938 21.9990 19 19 19
1.4562 -4.2395 19.8700 14 10 13
1.9453 -4.3810 20.5330 16 10 12
1.8568 -3.4586 16.2100 11 14 13
2.3936 -3.7552 17.6000 14 14 10
3.8389 -5.2571 24.6390 9 15 13
6.3631 -7.7310 36.2340 17 17 17
20.0686 -13.1428 61.5980 15 8 2
22.4034 -11.9482 55.9990 8 2 4
19.9730 -10.1098 47.3830 10 1 4
18.1236 -8.7620 41.0660 6 3 0
14.2533 -6.5714 30.7990 8 2 4
14.1558 -6.2586 29.3330 19 11 8
20.6313 -8.7620 41.0660 10 5 3
20.1677 -8.2143 38.4990 6 6 2
-11.2770 -4.6575 21.9990 19 11 10
-9.1680 -3.9519 18.6660 32 12 15
-9.3658 -4.2068 19.8700 28 14 10
-10.2640 -4.8300 22.8140 22 5 7
-13.2464 -6.5206 30.7990 28 12 9
-20.9762 -10.8677 51.3320 26 16 16
-7.5811 -6.2102 29.3330 66 56 66
-2.0260 -2.3289 11.0000 59 73 93
-2.4697 -3.8356 18.1170 65 65 67
-4.7847 -8.6942 41.0660 57 64 70
-1.0599 -9.3152 43.9990 32 38 38
-0.1466 -7.2451 34.2210 32 31 31
0.4599 -5.6701 26.7820 21 12 15
0.8760 -5.0159 23.6920 13 19 21
1.3330 -4.8300 22.8140 19 19 19
1.6618 -4.4970 21.2410 15 11 12
1.9481 -4.2068 19.8700 15 9 11
1.8402 -3.2604 15.4000 12 12 8
2.6814 -4.0753 19.2490 16 12 15
4.3054 -5.6701 26.7820 8 14 14
7.9446 -9.3152 43.9990 9 8 12
18.5217 -11.8558 55.9990 13 13 7
20.7904 -10.8677 51.3320 9 1 0
20.1295 -10.0316 47.3830 10 1 6
16.1705 -7.6712 36.2340 8 5 2
14.3549 -6.5206 30.7990 8 3 1
15.0158 -6.5206 30.7990 16 8 7
20.8346 -8.6942 41.0660 8 3 1
18.0961 -7.2451 34.2210 6 2 3
-8.9349 -3.6971 17.6000 21 15 17
-7.8814 -3.4051 16.2100 30 16 12
-8.9778 -4.0435 19.2490 29 15 9
-9.8247 -4.6212 21.9990 34 14 15
-13.0939 -6.4698 30.7990 31 14 14
-20.8067 -10.7830 51.3320 19 18 18
-20.2915 -12.9395 61.5980 23 23 19
-2.4318 -2.5880 12.3200 66 74 91
-1.9013 -2.2702 10.8070 87 89 113
-2.7553 -4.4620 21.2410 34 33 40
-6.1549 -11.7634 55.9990 50 51 64
-0.8286 -9.9535 47.3830 34 40 40
0.0649 -5.8816 27.9990 26 24 31
0.6101 -5.3915 25.6660 38 39 35
1.0737 -5.1758 24.6390 13 8 16
1.4307 -4.6212 21.9990 13 13 9
1.8663 -4.6212 21.9990 16 15 15
1.8708 -3.6971 17.6000 12 11 11
1.9916 -3.3177 15.7940 10 10 10
3.3286 -4.7924 22.8140 13 12 12
4.9091 -6.1618 29.3330 21 16 24
9.6075 -10.7830 51.3320 9 8 10
18.5217 -11.7634 55.9990 12 9 4
21.5935 -12.9395 61.5980 6 0 2
20.6210 -10.7830 51.3320 8 3 1
19.9730 -9.9535 47.3830 8 2 4
18.1914 -8.6265 41.0660 7 2 0
16.7685 -7.6115 36.2340 7 1 3
15.6455 -6.8103 32.4200 10 2 0
19.4052 -8.0872 38.4990 12 7 5
17.9267 -7.1886 34.2210 6 7 1
-7.1535 -2.9178 14.0000 29 19 19
-6.5771 -2.7909 13.3910 33 9 13
-7.6139 -3.3784 16.2100 23 9 5
-8.9395 -4.1412 19.8700 36 16 17
-10.5971 -5.1351 24.6390 29 12 12
-16.7811 -8.5587 41.0660 22 11 15
-20.6981 -12.8379 61.5980 37 33 26
-8.3789 -6.7568 32.4200 72 63 66
-2.1214 -2.4222 11.6220 60 74 94
-2.3702 -3.6681 17.6000 46 45 49
-5.4426 -9.8753 47.3830 41 46 55
-1.1519 -10.6983 51.3320 37 37 39
-0.0854 -6.7568 32.4200 27 26 28
0.4407 -5.3491 25.6660 22 17 13
0.8497 -4.5849 21.9990 14 20 22
1.3844 -4.9377 23.6920 12 12 12
1.7574 -4.5849 21.9990 12 11 11
1.9190 -4.0118 19.2490 12 8 9
1.8657 -3.2096 15.4000 12 9 6
2.8007 -4.1412 19.8700 17 16 18
4.3054 -5.5817 26.7820 12 12 14
7.0150 -8.0237 38.4990 13 12 16
15.0097 -11.6709 55.9990 9 15 17
17.9672 -11.6709 55.9990 7 3 4
20.9835 -12.8379 61.5980 8 2 4
22.4068 -12.8379 61.5980 11 1 1
19.5038 -9.8753 47.3830 9 3 5
20.5205 -9.8753 47.3830 5 2 0
19.9263 -9.1700 43.9990 13 8 4
16.1758 -7.1321 34.2210 13 8 4
16.9100 -7.1321 34.2210 14 9 7
19.7864 -8.0237 38.4990 8 5 2
-7.2921 -2.8947 14.0000 28 12 21
-6.5669 -2.7098 13.1060 48 21 26
-7.2056 -3.1064 15.0240 28 12 7
-8.0925 -3.6390 17.6000 34 13 10
-9.6432 -4.5486 21.9990 40 21 19
-12.2770 -6.0650 29.3330 25 12 16
-21.3081 -12.7362 61.5980 46 42 45
-18.1698 -11.5785 55.9990 17 17 13
-8.3254 -6.7033 32.4200 68 65 62
-2.0074 -2.3157 11.2000 74 81 105
-1.9764 -2.9619 14.3250 54 53 57
-4.7847 -8.4909 41.0660 39 46 50
-1.2566 -11.5785 55.9990 38 38 38
-0.0811 -6.3681 30.7990 26 25 25
0.4459 -4.8986 23.6920 27 22 18
0.8205 -4.3919 21.2410 15 21 21
1.4803 -5.0944 24.6390 14 14 10
1.7574 -4.5486 21.9990 12 8 9
1.8360 -3.7459 18.1170 12 8 9
1.8657 -3.1842 15.4000 8 5 2
3.1371 -4.5486 21.9990 21 17 18
4.3496 -5.5375 26.7820 15 11 16
7.0150 -7.9602 38.4990 15 15 17
15.1021 -11.5785 55.9990 4 10 12
19.7636 -12.7362 61.5980 9 3 5
21.0852 -12.7362 61.5980 7 3 4
22.3052 -12.7362 61.5980 10 2 1
23.6268 -12.7362 61.5980 10 5 3
20.7057 -10.6136 51.3320 7 1 3
18.6192 -9.0974 43.9990 9 0 5
21.0679 -9.7971 47.3830 11 3 2
17.8803 -7.9602 38.4990 6 0 2
16.6276 -7.0756 34.2210 9 1 0
18.3233 -7.4919 36.2340 8 3 1
17.0902 -6.7033 32.4200 13 8 6
-5.9192 -2.3838 11.6220 37 19 27
-5.6699 -2.3838 11.6220 26 6 7
-6.5527 -2.8716 14.0000 30 21 14
-8.1209 -3.7160 18.1170 32 11 10
-10.1116 -4.8595 23.6920 29 13 10
-15.6686 -7.8966 38.4990 29 13 18
-17.6721 -10.5289 51.3320 39 38 38
-15.3742 -9.7189 47.3830 21 21 15
-9.0138 -7.0192 34.2210 35 26 29
-2.3598 -2.0712 10.0980 123 123 119
-2.1405 -2.3838 11.6220 61 76 93
-1.8515 -2.6882 13.1060 61 56 64
-3.5629 -6.0166 29.3330 27 38 38
-1.2806 -12.6346 61.5980 38 38 38
-0.0303 -6.3173 30.7990 28 27 27
0.4670 -4.6794 22.8140 28 23 19
0.8555 -4.3568 21.2410 16 15 17
1.5210 -5.0538 24.6390 10 9 9
1.7937 -4.5123 21.9990 13 7 9
1.8360 -3.7160 18.1170 12 11 11
1.8911 -3.1587 15.4000 16 17 13
3.1371 -4.5123 21.9990 18 14 15
4.3938 -5.4933 26.7820 21 17 22
8.0898 -9.0248 43.9990 14 13 13
12.6221 -9.7189 47.3830 15 15 17
17.6287 -12.6346 61.5980 7 6 10
18.7065 -11.4861 55.9990 7 4 1
19.8156 -11.4861 55.9990 6 1 0
20.9247 -11.4861 55.9990 9 6 3
22.1261 -11.4861 55.9990 8 3 1
17.0392 -8.4232 41.0660 9 6 3
20.6769 -9.7189 47.3830 9 4 2
21.6153 -9.7189 47.3830 11 3 2
17.3067 -7.4321 36.2340 11 3 2
17.0230 -7.0192 34.2210 9 4 2
16.7692 -6.6498 32.4200 5 4 4
-5.2264 -2.0546 10.0980 25 15 15
-4.8671 -1.9895 9.7780 36 6 16
-5.4332 -2.3209 11.4070 28 12 9
-5.9829 -2.6666 13.1060 33 5 4
-7.8817 -3.6861 18.1170 38 22 19
-9.4733 -4.6418 22.8140 24 9 10
-24.2563 -12.5329 61.5980 37 22 21
-15.7652 -9.6407 47.3830 32 24 21
-16.8349 -12.5329 61.5980 35 31 34
-2.9621 -2.4574 12.0780 107 108 102
-2.3708 -2.5067 12.3200 61 71 87
-1.8478 -2.1988 10.8070 104 118 122
-3.2446 -5.2221 25.6660 55 54 56
-5.8777 -11.3937 55.9990 52 54 64
-4.8388 -12.5329 61.5980 46 36 46
-0.3793 -8.3554 41.0660 31 31 31
0.3011 -5.0131 24.6390 19 19 13
0.6802 -4.3218 21.2410 44 45 41
1.3726 -5.2221 25.6660 36 37 31
1.6122 -4.4760 21.9990 14 14 10
1.8237 -3.9165 19.2490 12 8 9
1.8091 -3.2135 15.7940 12 11 11
2.4639 -3.6861 18.1170 16 16 12
4.1728 -5.4491 26.7820 19 15 16
5.6933 -6.5963 32.4200 19 15 16
12.1389 -12.5329 61.5980 9 8 8
10.3826 -7.8331 38.4990 6 6 8
17.7823 -11.3937 55.9990 7 1 3
18.8914 -11.3937 55.9990 7 3 4
20.0929 -11.3937 55.9990 9 4 2
21.2019 -11.3937 55.9990 6 3 0
20.5363 -10.4442 51.3320 8 2 4
18.4740 -8.9522 43.9990 7 1 3
20.8333 -9.6407 47.3830 10 5 3
21.8499 -9.6407 47.3830 8 2 4
18.5157 -7.8331 38.4990 12 4 3
17.1924 -6.9627 34.2210 12 2 2
16.9297 -6.5963 32.4200 7 4 1
-5.0928 -2.0050 9.9350 36 21 20
-4.8187 -1.9733 9.7780 36 11 19
-5.4973 -2.3455 11.6220 23 8 7
-6.3217 -2.8254 14.0000 31 12 10
-8.0589 -3.7670 18.6660 29 13 8
-10.5305 -5.1797 25.6660 31 19 19
-17.1809 -8.8795 43.9990 41 24 24
-17.6721 -10.3594 51.3320 25 25 21
-13.3245 -8.2876 41.0660 34 30 23
-18.6649 -12.4312 61.5980 28 28 22
-15.8592 -11.3013 55.9990 40 40 36
-9.0138 -6.9062 34.2210 51 42 45
-2.4160 -2.0718 10.2660 117 109 106
-2.2014 -2.3907 11.8460 53 68 83
-2.5775 -4.0100 19.8700 38 36 43
-5.5573 -10.3594 51.3320 52 58 69
-4.4559 -10.3594 51.3320 52 51 51
-1.2806 -12.4312 61.5980 33 32 34
-0.0319 -6.5428 32.4200 44 43 43
0.4504 -4.4397 21.9990 19 16 13
0.8270 -4.1438 20.5330 12 11 11
1.5210 -4.9725 24.6390 8 12 7
1.7319 -4.2867 21.2410 19 13 15
1.8659 -3.6562 18.1170 20 23 22
2.0443 -3.3598 16.6480 15 16 12
3.5542 -4.9725 24.6390 16 12 13
4.5935 -5.6505 27.9990 17 16 20
8.0898 -8.8795 43.9990 15 11 12
13.2504 -10.3594 51.3320 16 16 20
11.4138 -8.2876 41.0660 7 3 6
18.0596 -11.3013 55.9990 12 9 6
19.1686 -11.3013 55.9990 10 5 3
20.3701 -11.3013 55.9990 9 1 0
18.1744 -9.5625 47.3830 7 3 4
19.1910 -9.5625 47.3830 7 3 4
18.6918 -8.8795 43.9990 9 0 3
22.8237 -10.3594 51.3320 11 1 1
22.0845 -9.5625 47.3830 20 8 6
17.6057 -7.3125 36.2340 7 2 0
15.6257 -6.2156 30.7990 13 3 1
16.2357 -6.2156 30.7990 14 6 5
-4.4674 -1.7614 8.8000 33 18 19
-4.4195 -1.8133 9.0590 36 27 22
-4.9707 -2.1257 10.6200 30 11 9
-5.7312 -2.5687 12.8330 34 13 10
-7.3028 -3.4250 17.1110 40 16 18
-8.9170 -4.4034 21.9990 28 16 14
-16.9630 -8.8069 43.9990 50 40 40
-21.9181 -12.3296 61.5980 23 30 22
-12.9364 -7.7060 38.4990 38 30 29
-13.8405 -8.8069 43.9990 34 24 24
-11.3479 -7.7060 38.4990 17 20 19
-13.0281 -9.4843 47.3830 47 43 44
-3.8276 -3.0825 15.4000 84 84 86
-2.5162 -2.2018 11.0000 106 103 100
-2.0445 -2.2833 11.4070 64 75 96
-3.4009 -5.6043 27.9990 52 60 59
-5.6004 -11.2089 55.9990 37 47 52
-4.1170 -10.2747 51.3320 45 39 45
-0.6435 -10.2747 51.3320 35 31 32
0.2289 -5.1374 25.6660 29 27 19
0.5898 -4.1099 20.5330 23 23 19
1.1888 -4.7422 23.6920 22 22 22
1.5396 -4.4034 21.9990 18 17 17
1.8169 -3.9772 19.8700 11 7 8
1.8520 -3.3323 16.6480 8 11 12
2.4770 -3.7362 18.6660 14 14 10
4.2700 -5.6043 27.9990 13 13 15
5.5863 -6.4893 32.4200 21 17 18
11.9356 -12.3296 61.5980 9 5 8
10.1284 -7.7060 38.4990 11 10 10
11.6849 -8.2199 41.0660 4 3 5
18.2444 -11.2089 55.9990 6 3 0
19.4459 -11.2089 55.9990 12 7 5
17.3924 -9.4843 47.3830 9 1 0
17.0217 -8.8069 43.9990 9 6 3
17.9657 -8.8069 43.9990 5 5 1
17.5814 -8.2199 41.0660 11 3 2
23.0779 -10.2747 51.3320 10 2 1
22.2409 -9.4843 47.3830 15 3 1
16.7971 -6.8498 34.2210 11 1 1
15.7274 -6.1648 30.7990 8 5 2
-4.1393 -1.5676 7.8970 15 6 1
-4.0879 -1.6089 8.1050 40 18 22
-4.0335 -1.6524 8.3240 31 22 13
-5.0941 -2.1836 11.0000 38 12 10
-5.8098 -2.6017 13.1060 36 13 10
-7.6425 -3.5964 18.1170 39 22 22
-9.9058 -4.8911 24.6390 34 24 22
-18.0330 -9.4061 47.3830 51 46 44
-21.7147 -12.2279 61.5980 31 33 24
-11.9959 -7.1929 36.2340 28 20 19
-13.6953 -8.7343 43.9990 29 24 22
-11.2208 -7.6425 38.4990 6 10 5
-11.8798 -8.7343 43.9990 37 41 36
-3.2841 -2.6583 13.3910 109 109 103
-2.5869 -2.6017 13.1060 50 60 76
-2.0256 -2.2644 11.4070 71 76 96
-2.9217 -4.5289 22.8140 48 44 45
-5.0515 -9.4061 47.3830 48 57 67
-3.5648 -8.1521 41.0660 40 39 39
-3.3546 -10.1900 51.3320 46 45 47
-0.1553 -7.1929 36.2340 30 34 29
0.3917 -4.5289 22.8140 21 17 18
0.7117 -3.8212 19.2490 17 16 16
1.4397 -4.8911 24.6390 12 13 7
1.6064 -4.0760 20.5330 20 16 17
1.8061 -3.5964 18.1170 9 12 13
2.1031 -3.4938 17.6000 18 18 14
3.3003 -4.7031 23.6920 18 14 15
4.7155 -5.8230 29.3330 20 19 23
7.4150 -8.1521 41.0660 14 10 13
13.0810 -10.1900 51.3320 8 8 8
9.3983 -6.7933 34.2210 7 3 6
19.5603 -12.2279 61.5980 7 1 3
18.8914 -11.1165 55.9990 6 3 0
18.3336 -10.1900 51.3320 8 5 2
16.6586 -8.7343 43.9990 4 0 1
17.5300 -8.7343 43.9990 9 3 5
16.1647 -7.6425 38.4990 12 9 6
22.5696 -10.1900 51.3320 14 11 8
23.6709 -10.1900 51.3320 12 3 6
18.5157 -7.6425 38.4990 8 4 5
14.7367 -5.8230 29.3330 11 1 1
15.3177 -5.8230 29.3330 12 6 8
-4.1141 -1.5749 8.0000 34 19 20
-3.9425 -1.5749 8.0000 34 28 34
-4.2849 -1.7834 9.0590 50 35 34
-4.7954 -2.0907 10.6200 70 51 38
-5.7815 -2.6362 13.3910 29 15 11
-6.6508 -3.1911 16.2100 21 13 10
-10.4579 -5.2724 26.7820 51 40 44
-18.9429 -10.1053 51.3320 32 33 29
-16.5472 -9.3279 47.3830 29 31 22
-11.2730 -6.7368 34.2210 29 19 17
-10.5388 -6.7368 34.2210 32 29 26
-9.8610 -6.7368 34.2210 41 37 38
-10.2677 -7.5790 38.4990 44 45 39
-2.9808 -2.4253 12.3200 102 106 99
-2.6085 -2.5801 13.1060 49 59 75
-2.1232 -2.3320 11.8460 62 73 94
-2.6103 -3.9116 19.8700 48 44 49
-4.3781 -8.0843 41.0660 41 50 60
-3.1453 -7.1331 36.2340 41 40 42
-2.8753 -8.6617 43.9990 44 43 43
-0.5158 -9.3279 47.3830 34 31 28
0.2604 -4.8505 24.6390 25 22 17
0.6035 -3.9116 19.8700 39 39 33
1.2279 -4.6640 23.6920 9 9 9
1.4709 -4.0422 20.5330 16 15 15
1.7601 -3.7894 19.2490 15 11 12
1.9870 -3.4648 17.6000 6 9 10
2.8187 -4.1815 21.2410 14 14 10
4.5218 -5.7745 29.3330 20 19 19
5.9531 -6.7368 34.2210 16 10 12
12.7421 -10.1053 51.3320 16 16 18
7.8623 -5.7745 29.3330 11 7 8
11.8204 -8.0843 41.0660 3 3 5
20.0686 -12.1263 61.5980 6 1 0
17.7406 -10.1053 51.3320 6 2 3
15.0737 -8.0843 41.0660 7 1 3
14.8939 -7.5790 38.4990 9 6 3
15.7199 -7.5790 38.4990 6 6 2
16.4824 -7.5790 38.4990 14 6 5
23.0779 -10.1053 51.3320 7 2 0
24.0945 -10.1053 51.3320 19 4 3
16.7406 -6.7368 34.2210 14 2 2
14.2976 -5.5119 27.9990 7 4 1
15.5597 -5.7745 29.3330 6 2 3
-3.7888 -1.4664 7.5120 31 14 14
-3.7311 -1.5031 7.7000 25 14 5
-4.1341 -1.7427 8.9270 34 11 8
-4.4764 -1.9712 10.0980 32 9 6
-5.3237 -2.4540 12.5710 30 10 13
-5.8963 -2.8630 14.6660 32 21 16
-10.2369 -5.2282 26.7820 49 38 33
-20.2031 -10.9317 55.9990 28 32 25
-13.1270 -7.5154 38.4990 30 31 27
-9.8407 -6.0123 30.7990 32 21 16
-9.2308 -6.0123 30.7990 20 20 20
-12.2429 -8.5891 43.9990 41 35 37
-7.5811 -5.7261 29.3330 56 50 52
-2.7160 -2.2687 11.6220 117 106 114
-2.4271 -2.5051 12.8330 54 62 79
-2.0058 -2.3125 11.8460 81 91 96
-4.2217 -7.0733 36.2340 43 54 52
-3.9714 -8.0166 41.0660 37 42 47
-2.7267 -7.0733 36.2340 32 32 34
-3.4155 -12.0246 61.5980 47 46 48
0.0216 -6.3288 32.4200 34 30 31
0.4348 -4.1465 21.2410 23 23 19
0.7518 -3.6438 18.6660 13 12 14
1.3580 -4.2945 21.9990 11 12 8
1.5695 -3.7576 19.2490 18 14 15
1.8127 -3.4357 17.6000 12 12 14
2.2921 -3.6438 18.6660 16 16 12
3.8634 -5.2282 26.7820 18 14 15
5.0528 -6.0123 30.7990 21 20 20
8.7120 -9.2497 47.3830 13 9 10
10.4649 -8.0166 41.0660 8 4 5
7.6895 -5.4657 27.9990 11 7 8
15.1990 -10.0206 51.3320 6 6 10
19.4586 -12.0246 61.5980 6 2 3
18.8914 -10.9317 55.9990 5 4 4
13.7502 -7.5154 38.4990 11 8 5
12.9565 -6.6803 34.2210 6 2 3
16.3614 -8.0166 41.0660 7 2 0
15.1539 -7.0733 36.2340 8 5 2
19.3454 -8.5891 43.9990 12 9 6
25.7306 -10.9317 55.9990 10 4 6
19.7502 -8.0166 41.0660 8 5 2
14.6883 -5.7261 29.3330 12 1 5
15.3177 -5.7261 29.3330 7 3 4
-3.8632 -1.4540 7.5120 28 11 13
-3.7144 -1.4540 7.5120 29 20 25
-3.9373 -1.6112 8.3240 35 19 16
-4.1667 -1.7796 9.1940 64 50 35
-5.0177 -2.2496 11.6220 29 13 10
-5.5163 -2.5920 13.3910 23 15 14
-8.0178 -3.9744 20.5330 36 30 34
-16.3095 -8.5165 43.9990 35 31 32
-15.3654 -8.5165 43.9990 26 26 20
-11.2730 -6.6239 34.2210 30 22 19
-10.0376 -6.2753 32.4200 27 24 21
-8.8749 -5.9615 30.7990 38 37 37
-9.7235 -7.0135 36.2340 38 43 33
-3.3798 -2.6497 13.6890 81 84 85
-2.5434 -2.1679 11.2000 91 90 90
-2.4059 -2.4840 12.8330 51 58 80
-1.9863 -2.2929 11.8460 53 65 71
-2.5287 -3.7259 19.2490 43 42 51
-4.2950 -7.4519 38.4990 43 48 55
-2.8260 -5.9615 30.7990 38 37 41
-2.2792 -6.2753 32.4200 43 43 43
-3.1105 -11.9230 61.5980 40 36 41
0.1164 -5.6777 29.3330 33 32 32
0.4881 -3.9744 20.5330 21 20 20
0.8706 -3.7259 19.2490 12 8 13
1.3353 -3.9744 20.5330 13 12 12
1.5370 -3.5068 18.1170 16 15 17
1.8708 -3.4067 17.6000 10 13 14
2.6785 -4.1114 21.2410 12 12 8
4.1314 -5.4195 27.9990 21 20 20
5.4258 -6.2753 32.4200 13 12 12
11.6306 -11.9230 61.5980 13 9 10
8.0519 -5.9615 30.7990 8 2 6
8.2980 -5.6777 29.3330 3 3 3
18.6453 -11.9230 61.5980 11 7 8
18.0596 -10.8392 55.9990 15 7 6
16.2976 -9.1715 47.3830 5 1 2
13.1804 -7.0135 36.2340 9 3 5
13.1824 -6.6239 34.2210 8 4 5
14.6755 -7.0135 36.2340 8 5 2
15.4529 -7.0135 36.2340 11 1 1
21.1461 -9.1715 47.3830 13 3 3
28.7099 -11.9230 61.5980 27 12 11
16.6841 -6.6239 34.2210 12 2 2
14.2052 -5.4195 27.9990 10 1 4
15.5113 -5.6777 29.3330 8 4 5
-3.6364 -1.3747 7.1630 24 7 9
-3.5654 -1.4073 7.3330 29 15 9
-3.6832 -1.5155 7.8970 31 21 19
-4.0308 -1.7385 9.0590 37 6 4
-4.5945 -2.0740 10.8070 28 6 10
-4.8016 -2.2734 11.8460 42 27 17
-7.6277 -3.8133 19.8700 41 36 34
-17.2510 -9.0933 47.3830 36 31 29
-13.1906 -7.3884 38.4990 28 28 24
-9.9424 -5.9107 30.7990 36 29 23
-8.0710 -5.1398 26.7820 25 22 19
-9.6351 -6.5674 34.2210 50 41 44
-7.2825 -5.3733 27.9990 51 46 44
-3.1493 -2.5152 13.1060 112 107 117
-2.6518 -2.5152 13.1060 59 65 76
-2.2738 -2.4125 12.5710 42 53 76
-2.1110 -2.5152 13.1060 51 62 71
-2.2097 -3.1109 16.2100 44 42 51
-3.5885 -5.9107 30.7990 24 32 33
-3.2530 -6.5674 34.2210 43 42 49
-2.3177 -5.9107 30.7990 45 45 45
-2.8462 -9.8512 51.3320 39 38 40
-0.0319 -6.2218 32.4200 35 29 31
0.4140 -4.2219 21.9990 23 19 22
0.7089 -3.3776 17.6000 14 13 15
1.2762 -4.0764 21.2410 13 13 9
1.5220 -3.5822 18.6660 19 13 17
1.7836 -3.3776 17.6000 10 10 10
2.5214 -3.9405 20.5330 16 17 13
3.9927 -5.3733 27.9990 19 18 18
5.0020 -5.9107 30.7990 16 15 15
9.4381 -9.8512 51.3320 17 11 13
9.6837 -7.3884 38.4990 5 4 4
7.0065 -4.9256 25.6660 11 7 8
12.0237 -7.8810 41.0660 5 4 4
17.5975 -10.7468 55.9990 9 3 5
17.1475 -9.8512 51.3320 5 5 1
12.8216 -6.9537 36.2340 7 4 1
12.1676 -6.2218 32.4200 5 1 2
13.5213 -6.5674 34.2210 10 0 0
14.2555 -6.5674 34.2210 7 2 0
16.8001 -7.3884 38.4990 7 4 1
28.2016 -11.8213 61.5980 6 2 3
22.6319 -9.0933 47.3830 8 3 1
15.3716 -5.9107 30.7990 15 5 5
15.2208 -5.6293 29.3330 6 2 3
-3.5422 -1.3021 6.8440 20 9 17
-3.4728 -1.3318 7.0000 31 15 22
-3.3722 -1.3470 7.0800 27 11 8
-3.5465 -1.4835 7.7970 83 74 39
-3.8836 -1.6985 8.9270 31 16 15
-4.1764 -1.9213 10.0980 26 18 15
-4.7561 -2.2980 12.0780 43 34 37
-9.2145 -4.6878 24.6390 37 31 33
-16.7036 -9.0151 47.3830 31 27 20
-12.0557 -6.8939 36.2340 24 24 24
-9.5866 -5.8598 30.7990 29 17 15
-8.1605 -5.3271 27.9990 40 37 34
-9.7833 -6.8939 36.2340 38 39 33
-4.8160 -3.6623 19.2490 71 77 79
-2.8181 -2.3440 12.3200 91 90 92
-2.5106 -2.5478 13.3910 56 66 82
-2.0658 -2.3440 12.3200 58 70 74
-2.0961 -2.7904 14.6660 50 50 54
-2.9168 -4.5077 23.6920 28 27 31
-3.4789 -6.5109 34.2210 39 45 47
-2.1009 -4.8832 25.6660 33 32 34
-2.3253 -7.3249 38.4990 52 53 49
-0.7945 -10.6544 55.9990 40 39 46
0.1947 -5.0956 26.7820 26 27 23
0.5211 -3.6623 19.2490 17 20 21
0.8750 -3.5514 18.6660 16 12 15
1.2755 -3.5514 18.6660 25 24 26
1.5081 -3.2556 17.1110 14 10 11
1.9855 -3.4470 18.1170 10 10 12
3.0657 -4.5077 23.6920 13 10 7
4.4250 -5.5809 29.3330 13 13 9
6.1837 -6.8939 36.2340 31 22 17
14.0705 -11.7197 61.5980 32 34 42
9.6201 -7.3249 38.4990 7 6 6
6.9217 -4.8832 25.6660 6 2 3
9.9631 -6.5109 34.2210 8 4 5
15.9614 -9.7665 51.3320 7 3 4
17.0628 -9.7665 51.3320 6 6 2
12.7618 -6.8939 36.2340 6 3 0
11.5084 -5.8598 30.7990 7 3 4
13.4648 -6.5109 34.2210 10 2 1
14.1426 -6.5109 34.2210 6 6 2
16.7365 -7.3249 38.4990 13 8 6
25.4533 -10.6544 55.9990 10 0 3
24.5181 -9.7665 51.3320 11 3 2
16.1271 -6.1683 32.4200 14 2 2
15.9815 -5.8598 30.7990 8 4 5
-3.5422 -1.2909 6.8440 25 13 24
-3.4843 -1.3203 7.0000 23 7 14
-3.3722 -1.3354 7.0800 22 7 6
-3.5150 -1.4523 7.7000 74 48 17
-3.8836 -1.6837 8.9270 50 32 23
-4.1931 -1.9046 10.0980 27 23 16
-4.7561 -2.2780 12.0780 37 31 33
-9.2145 -4.6472 24.6390 36 30 32
-16.7036 -8.9369 47.3830 34 30 23
-12.0557 -6.8341 36.2340 22 22 22
-8.7613 -5.2809 27.9990 31 22 17
-7.1812 -4.6472 24.6390 37 34 31
-10.4584 -7.2613 38.4990 36 37 33
-4.8160 -3.6306 19.2490 77 85 86
-2.9566 -2.4204 12.8330 95 94 96
-2.5327 -2.5257 13.3910 50 58 73
-2.0861 -2.3237 12.3200 59 72 71
-2.0016 -2.5819 13.6890 39 41 47
-2.3597 -3.5206 18.6660 56 54 61
-3.8629 -6.8341 36.2340 43 46 49
-2.0981 -4.6472 24.6390 24 23 27
-2.0127 -5.8090 30.7990 36 37 31
-2.7038 -11.6180 61.5980 34 30 31
0.1286 -6.1148 32.4200 16 16 18
0.5052 -3.7477 19.8700 25 25 25
0.8194 -3.4171 18.1170 16 12 15
1.1782 -3.4171 18.1170 16 15 15
1.4799 -3.2273 17.1110 15 11 12
1.8708 -3.3195 17.6000 12 11 11
3.0266 -4.4686 23.6920 14 11 8
4.3282 -5.5325 29.3330 12 12 12
5.7837 -6.4544 34.2210 148 129 114
11.6306 -11.6180 61.5980 16 12 13
9.5566 -7.2613 38.4990 8 4 5
6.8794 -4.8409 25.6660 11 7 8
8.8652 -5.8090 30.7990 5 4 4
15.8767 -9.6818 51.3320 7 3 4
16.8934 -9.6818 51.3320 7 3 4
11.9964 -6.4544 34.2210 8 3 1
10.8638 -5.5325 29.3330 10 4 6
12.7027 -6.1148 32.4200 9 6 3
14.0861 -6.4544 34.2210 5 4 4
15.6323 -6.8341 36.2340 11 3 2
23.2473 -9.6818 51.3320 11 1 1
24.3487 -9.6818 51.3320 14 2 0
16.0736 -6.1148 32.4200 20 5 4
15.1240 -5.5325 29.3330 10 5 3
-3.4761 -1.2517 6.6950 35 26 31
-3.4564 -1.2940 6.9210 20 10 10
-3.2711 -1.2796 6.8440 26 11 10
-3.3202 -1.3549 7.2470 114 93 47
-3.5528 -1.5153 8.1050 84 62 38
-3.8329 -1.7189 9.1940 84 76 64
-4.1456 -1.9519 10.4400 33 18 17
-7.2305 -3.5988 19.2490 40 34 36
-16.8600 -8.8587 47.3830 33 29 22
-12.8729 -7.1978 38.4990 22 25 26
-7.4526 -4.4295 23.6920 27 25 17
-6.2610 -3.9712 21.2410 38 33 31
-9.3527 -6.3980 34.2210 32 33 29
-5.3846 -3.9712 21.2410 74 81 85
-3.0852 -2.5036 13.3910 89 90 86
-2.5548 -2.5036 13.3910 52 60 75
-2.0861 -2.3034 12.3200 72 83 81
-2.0702 -2.6174 14.0000 40 40 44
-3.0752 -4.7985 25.6660 40 39 43
-3.2423 -6.0613 32.4200 49 52 53
-1.9002 -4.4295 23.6920 31 31 33
-2.2618 -7.1978 38.4990 33 34 30
-0.6096 -10.4696 55.9990 67 67 63
0.2831 -5.0072 26.7820 19 19 19
0.5670 -3.4898 18.6660 36 40 35
0.9977 -3.5988 19.2490 9 8 8
1.1926 -3.1125 16.6480 14 13 13
1.5929 -3.1991 17.1110 13 9 10
2.2432 -3.7149 19.8700 11 11 11
3.4059 -4.7985 25.6660 14 13 13
4.5218 -5.4841 29.3330 12 12 8
7.1439 -7.6777 41.0660 97 69 68
12.5455 -11.5164 61.5980 8 8 10
11.9796 -9.5970 51.3320 34 36 44
8.7206 -6.3980 34.2210 8 2 4
7.3553 -5.0072 26.7820 7 3 4
12.0915 -7.6777 41.0660 5 4 4
14.9681 -8.8587 47.3830 9 4 2
14.7705 -8.2261 43.9990 4 3 3
11.5790 -6.0613 32.4200 5 2 0
10.5546 -5.2347 27.9990 6 2 3
12.2709 -5.7582 30.7990 8 2 4
13.5588 -6.0613 32.4200 9 4 2
18.0558 -7.6777 41.0660 5 1 2
28.3032 -11.5164 61.5980 8 2 4
21.3061 -8.2261 43.9990 16 11 7
15.5749 -5.7582 30.7990 11 3 0
17.9831 -6.3980 34.2210 9 5 6
-3.4099 -1.2407 6.6950 23 9 5
-3.3502 -1.2683 6.8440 33 25 24
-3.2764 -1.2972 7.0000 35 33 23
-3.2870 -1.3589 7.3330 48 17 6
-3.5664 -1.5425 8.3240 38 29 22
-3.7418 -1.7037 9.1940 59 54 23
-4.8673 -2.3295 12.5710 34 29 25
-11.8569 -6.0078 32.4200 40 37 34
-16.3908 -8.7805 47.3830 30 22 21
-10.5192 -6.0078 32.4200 30 20 20
-6.0536 -3.6821 19.8700 13 13 9
-7.9295 -5.1885 27.9990 38 27 33
-8.1125 -5.7074 30.7990 62 57 65
-3.7691 -2.9268 15.7940 100 103 106
-2.6432 -2.4815 13.3910 59 64 80
-2.1878 -2.2830 12.3200 29 37 54
-2.1372 -2.5367 13.6890 52 54 64
-1.9992 -2.7178 14.6660 58 54 57
-3.9307 -6.3415 34.2210 28 34 34
-2.4398 -4.7562 25.6660 34 34 36
-1.8135 -4.5659 24.6390 37 34 29
-2.2092 -7.6099 41.0660 44 44 40
-0.3594 -8.7805 47.3830 57 58 52
0.3417 -4.5659 24.6390 18 14 17
0.6101 -3.3573 18.1170 33 34 28
0.9988 -3.3573 18.1170 17 17 17
1.1835 -2.9268 15.7940 16 15 15
1.6493 -3.1708 17.1110 13 14 10
2.3858 -3.8050 20.5330 12 12 14
3.8079 -5.1885 27.9990 12 11 13
4.6187 -5.4357 29.3330 26 23 18
7.7993 -8.1535 43.9990 42 16 16
12.3422 -11.4147 61.5980 21 20 24
12.3294 -10.3772 55.9990 24 23 27
8.7551 -6.7145 36.2340 10 1 4
7.3199 -5.1885 27.9990 7 3 4
7.9206 -5.1885 27.9990 6 6 2
13.3182 -8.1535 43.9990 3 2 2
15.2809 -8.7805 47.3830 11 1 1
14.1248 -7.6099 41.0660 9 6 3
10.6701 -5.4357 29.3330 8 5 2
11.2995 -5.4357 29.3330 7 4 1
12.4742 -5.7074 30.7990 12 7 5
15.4529 -6.7145 36.2340 11 3 2
21.1461 -8.7805 47.3830 11 3 2
26.5624 -10.3772 55.9990 20 5 4
16.9665 -6.3415 34.2210 19 9 7
15.8799 -5.7074 30.7990 22 11 6
-3.4388 -1.2164 6.6230 29 20 25
-3.3805 -1.2432 6.7690 23 14 9
-3.2711 -1.2570 6.8440 27 5 7
-3.2817 -1.3156 7.1630 112 86 55
-3.4486 -1.4504 7.8970 106 77 54
-3.5177 -1.5497 8.4380 51 41 9
-3.7060 -1.7141 9.3330 94 60 40
-5.7847 -2.8284 15.4000 40 31 34
-13.6989 -7.0707 38.4990 26 18 15
-13.7312 -7.5422 41.0660 18 14 17
-6.6816 -3.9011 21.2410 30 25 21
-5.6420 -3.5353 19.2490 36 33 30
-8.8605 -5.9543 32.4200 44 42 34
-4.5029 -3.3274 18.1170 84 90 92
-3.2767 -2.6309 14.3250 75 76 70
-2.4271 -2.3569 12.8330 45 55 71
-2.0658 -2.2627 12.3200 68 78 85
-1.9801 -2.4594 13.3910 54 54 58
-2.1631 -3.1426 17.1110 34 29 39
-3.2835 -5.6565 30.7990 36 36 38
-1.7485 -3.7711 20.5330 41 35 37
-1.8297 -5.1423 27.9990 38 38 34
-2.5505 -10.2848 55.9990 35 32 29
0.0793 -6.2850 34.2210 26 22 25
0.4867 -4.0403 21.9990 23 20 17
0.7895 -3.3274 18.1170 21 18 15
1.0845 -3.1426 17.1110 14 13 13
1.4124 -3.0576 16.6480 13 12 12
1.8958 -3.3274 18.1170 15 16 12
3.2364 -4.7138 25.6660 13 13 9
4.0851 -5.1423 27.9990 14 10 11
5.3723 -5.9543 32.4200 27 20 29
10.4810 -10.2848 55.9990 18 17 17
12.8505 -11.3131 61.5980 16 16 18
10.1231 -8.0808 43.9990 13 11 18
8.5511 -6.2850 34.2210 9 3 5
7.2669 -4.9188 26.7820 9 3 5
9.4388 -5.9543 32.4200 2 1 1
13.6813 -8.0808 43.9990 7 1 3
14.6253 -8.0808 43.9990 3 2 2
10.8476 -5.6565 30.7990 8 3 1
10.0074 -4.9188 26.7820 4 1 0
11.0167 -5.1423 27.9990 9 3 5
12.7792 -5.6565 30.7990 3 3 0
16.7365 -7.0707 38.4990 6 3 0
25.5458 -10.2848 55.9990 10 1 4
21.2334 -8.0808 43.9990 21 14 8
16.2876 -5.9543 32.4200 15 10 8
17.9267 -6.2850 34.2210 9 1 0
-3.3950 -1.2054 6.6230 28 21 15
-3.3247 -1.2320 6.7690 25 15 15
-3.2622 -1.2597 6.9210 25 26 17
-3.2226 -1.3037 7.1630 52 20 0
-3.3117 -1.4015 7.7000 27 17 0
-3.1990 -1.4191 7.7970 63 56 25
-3.7425 -1.7518 9.6250 22 18 9
-5.6830 -2.8029 15.4000 32 21 25
-16.4690 -8.6242 47.3830 18 9 4
-10.0949 -5.6057 30.7990 32 22 22
-5.0995 -3.0301 16.6480 24 23 23
-6.5364 -4.1524 22.8140 36 23 27
-8.1633 -5.6057 30.7990 119 110 105
-4.1117 -3.1144 17.1110 92 100 101
-2.4239 -2.1983 12.0780 47 59 77
-2.1647 -2.1983 12.0780 47 55 72
-2.0894 -2.3854 13.1060 49 51 61
-1.9316 -2.5481 14.0000 50 47 44
-3.0328 -4.6715 25.6660 34 28 30
-2.2912 -4.3122 23.6920 41 41 43
-1.7545 -4.1524 22.8140 40 35 33
-2.1347 -7.0072 38.4990 41 38 33
-0.5172 -10.1924 55.9990 27 26 30
0.3100 -5.3389 29.3330 21 17 20
0.5978 -3.3974 18.6660 52 52 52
0.9390 -3.2975 18.1170 20 20 16
1.1286 -2.8029 15.4000 12 11 11
1.5090 -2.9504 16.2100 13 12 12
2.3520 -3.7372 20.5330 10 9 9
3.7617 -5.0961 27.9990 12 9 6
4.1286 -4.8746 26.7820 14 14 10
7.2116 -7.4744 41.0660 47 31 36
12.0372 -11.2114 61.5980 18 17 19
12.1446 -10.1924 55.9990 22 18 21
8.5757 -6.5949 36.2340 10 8 17
8.3686 -5.9008 32.4200 8 3 1
7.7820 -5.0961 27.9990 7 6 6
11.5263 -7.0072 38.4990 4 3 3
13.1082 -7.4744 41.0660 12 4 3
13.0513 -7.0072 38.4990 5 2 0
10.0925 -5.0961 27.9990 6 3 0
10.1842 -4.8746 26.7820 7 2 0
10.7588 -4.8746 26.7820 9 1 0
14.4250 -6.2285 34.2210 9 1 0
19.4906 -8.0082 43.9990 8 5 2
28.9132 -11.2114 61.5980 20 5 4
20.0891 -7.4744 41.0660 21 8 12
17.4748 -6.2285 34.2210 19 14 10
21.7835 -7.4744 41.0660 18 11 5
-3.3767 -1.2075 6.6950 20 9 4
-3.3163 -1.2344 6.8440 25 9 6
-3.2788 -1.2769 7.0800 54 33 20
-3.2126 -1.3071 7.2470 65 27 16
-3.3313 -1.4243 7.8970 39 21 10
-3.3019 -1.4813 8.2130 63 39 12
-4.2045 -1.9840 11.0000 37 19 25
-7.6632 -3.8310 21.2410 34 23 27
-15.0024 -7.9356 43.9990 38 30 29
-7.2894 -4.1147 22.8140 49 44 40
-5.1283 -3.0861 17.1110 24 23 25
-7.7908 -5.0499 27.9990 52 37 38
-4.7525 -3.4717 19.2490 77 84 88
-3.3063 -2.6451 14.6660 104 105 99
-2.3361 -2.2673 12.5710 44 54 72
-2.0454 -2.2220 12.3200 50 55 64
-1.8947 -2.3638 13.1060 47 53 53
-2.0771 -3.0026 16.6480 51 45 51
-2.7668 -4.8304 26.7820 40 39 39
-1.6592 -3.5837 19.8700 38 29 32
-1.8201 -5.2905 29.3330 37 33 34
-2.3656 -10.0999 55.9990 31 26 24
0.1438 -6.5351 36.2340 26 26 26
0.5052 -3.5837 19.8700 19 15 16
0.8442 -3.3666 18.6660 14 14 10
1.0809 -2.9236 16.2100 14 14 10
1.3660 -2.8486 15.7940 11 7 8
2.0778 -3.4717 19.2490 24 25 21
3.2788 -4.6291 25.6660 10 9 9
3.8295 -4.6291 25.6660 18 15 12
5.2053 -5.5549 30.7990 25 22 36
10.5734 -10.0999 55.9990 13 12 12
11.7749 -10.0999 55.9990 12 12 14
8.8576 -6.9437 38.4990 12 7 17
8.6076 -6.1721 34.2210 10 5 3
7.9591 -5.2905 29.3330 8 2 4
10.6090 -6.5351 36.2340 5 4 4
12.8371 -7.4066 41.0660 8 3 1
13.6504 -7.4066 41.0660 6 5 5
10.8984 -5.5549 30.7990 11 1 1
10.0074 -4.8304 26.7820 4 1 0
10.5820 -4.8304 26.7820 6 2 3
12.1709 -5.2905 29.3330 6 3 0
16.8001 -6.9437 38.4990 9 4 2
25.5458 -10.0999 55.9990 9 1 0
24.5181 -9.2582 51.3320 18 8 6
17.0230 -6.1721 34.2210 16 8 5
18.7420 -6.5351 36.2340 24 14 12
-3.3916 -1.1711 6.5530 24 16 13
-3.3325 -1.1965 6.6950 34 19 18
-3.2598 -1.2231 6.8440 78 47 38
-3.1955 -1.2510 7.0000 72 35 19
-3.1528 -1.2951 7.2470 74 64 25
-3.1193 -1.3425 7.5120 70 64 10
-3.3829 -1.5289 8.5550 102 42 31
-4.1886 -2.0015 11.2000 34 24 22
-9.9165 -5.0037 27.9990 36 25 20
-11.3860 -6.1156 34.2210 28 15 19
-5.2094 -2.9751 16.6480 26 18 17
-5.4404 -3.3358 18.6660 37 31 35
-7.2754 -4.7862 26.7820 68 66 56
-4.2001 -3.1453 17.6000 109 112 115
-2.3361 -2.2466 12.5710 47 57 75
-2.0053 -2.1584 12.0780 54 58 70
-1.8129 -2.2934 12.8330 45 49 44
-2.1378 -3.1453 17.6000 47 44 41
-2.3694 -4.2340 23.6920 25 24 24
-1.5937 -3.5509 19.8700 44 34 34
-2.0104 -6.1156 34.2210 37 34 29
-0.7722 -11.0081 61.5980 23 19 24
0.2891 -5.7937 32.4200 27 26 26
0.5707 -3.5509 19.8700 31 30 34
0.9964 -3.6694 20.5330 16 15 15
1.0778 -2.7521 15.4000 16 16 12
1.4555 -2.8969 16.2100 12 8 11
2.3629 -3.7960 21.2410 10 9 9
3.5098 -4.7862 26.7820 15 7 6
3.9142 -4.5867 25.6660 16 13 8
6.2435 -6.4753 36.2340 21 14 27
10.7583 -10.0075 55.9990 15 9 11
11.9597 -10.0075 55.9990 11 10 12
8.4561 -6.4753 36.2340 7 5 14
8.2616 -5.7937 32.4200 8 3 1
8.0559 -5.2421 29.3330 7 1 3
10.7286 -6.4753 36.2340 6 5 5
12.9726 -7.3389 41.0660 8 3 1
12.9877 -6.8801 38.4990 5 2 0
10.4765 -5.2421 29.3330 7 2 0
9.6751 -4.5867 25.6660 7 3 4
10.2258 -4.5867 25.6660 12 7 5
12.2677 -5.2421 29.3330 6 3 0
19.3454 -7.8630 43.9990 6 3 0
25.7306 -10.0075 55.9990 7 2 0
22.7883 -8.4678 47.3830 53 43 41
17.1359 -6.1156 34.2210 32 24 23
21.3769 -7.3389 41.0660 17 5 5
-3.3700 -1.1603 6.5530 27 18 13
-3.3104 -1.1854 6.6950 29 17 17
-3.2737 -1.2254 6.9210 45 25 15
-3.1366 -1.2254 6.9210 67 38 15
-3.0926 -1.2683 7.1630 78 76 37
-2.9853 -1.2831 7.2470 86 73 35
-3.3406 -1.5147 8.5550 70 23 22
-3.8699 -1.8485 10.4400 31 21 19
-9.3971 -4.7420 26.7820 34 20 14
-8.8225 -4.7420 26.7820 27 16 20
-4.3346 -2.4788 14.0000 25 13 13
-5.7257 -3.5182 19.8700 52 41 45
-7.5136 -4.9575 27.9990 65 66 57
-2.3324 -2.0578 11.6220 39 55 74
-2.2738 -2.2258 12.5710 58 62 76
-2.0894 -2.3205 13.1060 44 42 53
-1.7650 -2.3205 13.1060 60 56 59
-2.9481 -4.5444 25.6660 43 33 33
-1.9179 -3.6355 20.5330 32 38 36
-1.7438 -4.1949 23.6920 36 26 24
-2.0076 -6.8166 38.4990 40 35 33
-0.5172 -9.9151 55.9990 22 18 23
0.3421 -4.9575 27.9990 23 17 19
0.6164 -3.4082 19.2490 47 47 47
0.9977 -3.4082 19.2490 14 13 13
1.1010 -2.6601 15.0240 17 17 13
1.5090 -2.8701 16.2100 7 6 8
2.5199 -3.8951 21.9990 9 8 8
3.4482 -4.5444 25.6660 19 9 9
3.8389 -4.3626 24.6390 24 16 13
6.3631 -6.4155 36.2340 24 18 22
11.0355 -9.9151 55.9990 17 12 10
12.1446 -9.9151 55.9990 12 11 13
8.0993 -6.0591 34.2210 6 4 11
8.3686 -5.7402 32.4200 10 5 3
8.5602 -5.4532 30.7990 8 2 4
10.8482 -6.4155 36.2340 7 3 4
12.2888 -6.8166 38.4990 10 5 3
13.1148 -6.8166 38.4990 6 0 2
10.0925 -4.9575 27.9990 4 1 0
10.1842 -4.7420 26.7820 6 2 3
10.3105 -4.5444 25.6660 12 7 5
13.6658 -5.7402 32.4200 9 0 3
19.4906 -7.7904 43.9990 7 4 1
28.5066 -10.9065 61.5980 13 8 6
21.3061 -7.7904 43.9990 54 43 38
18.2635 -6.4155 36.2340 19 11 8
23.1215 -7.7904 43.9990 11 3 2
-3.3841 -1.1617 6.6230 34 25 18
-3.3247 -1.1873 6.7690 26 14 14
-3.2879 -1.2279 7.0000 35 24 19
-3.1137 -1.2140 6.9210 86 71 43
-3.0689 -1.2565 7.1630 55 59 31
-2.9965 -1.2863 7.3330 72 57 29
-3.4072 -1.5436 8.8000 38 22 17
-4.3519 -2.0779 11.8460 33 22 26
-11.8378 -6.0027 34.2210 27 18 11
-8.0352 -4.3219 24.6390 23 12 16
-4.2884 -2.4557 14.0000 25 21 22
-5.6601 -3.4854 19.8700 56 39 39
-6.8028 -4.5020 25.6660 77 71 75
-2.3132 -2.0386 11.6220 38 54 75
-2.2081 -2.1610 12.3200 58 62 76
-2.0247 -2.2510 12.8330 50 45 55
-1.6722 -2.2051 12.5710 58 54 55
-2.9057 -4.5020 25.6660 44 33 37
-1.8232 -3.4854 19.8700 33 33 33
-1.8467 -4.5020 25.6660 42 38 31
-2.0737 -7.2033 41.0660 36 31 29
-0.5172 -9.8227 55.9990 19 18 22
0.3584 -5.1453 29.3330 23 17 19
0.6164 -3.3764 19.2490 52 52 52
1.0294 -3.3764 19.2490 18 18 14
1.0748 -2.5725 14.6660 18 18 14
1.5090 -2.8434 16.2100 12 8 11
2.5199 -3.8588 21.9990 11 10 10
3.3103 -4.3219 24.6390 16 8 7
3.8389 -4.3219 24.6390 23 15 12
6.3631 -6.3558 36.2340 16 12 17
11.0355 -9.8227 55.9990 14 9 7
12.1446 -9.8227 55.9990 11 10 12
8.0993 -6.0027 34.2210 6 6 10
8.8335 -6.0027 34.2210 12 7 5
9.5113 -6.0027 34.2210 8 2 4
10.8482 -6.3558 36.2340 6 2 3
12.2888 -6.7531 38.4990 11 8 5
13.1148 -6.7531 38.4990 7 1 3
10.5733 -5.1453 29.3330 6 3 0
10.2284 -4.6978 26.7820 4 3 3
9.8979 -4.3219 24.6390 11 8 5
13.6658 -5.6867 32.4200 9 0 3
19.4906 -7.7178 43.9990 8 4 5
25.9154 -9.8227 55.9990 12 7 5
21.3061 -7.7178 43.9990 52 36 33
18.2635 -6.3558 36.2340 10 2 1
23.1215 -7.7178 43.9990 17 9 8
-3.3841 -1.1508 6.6230 35 28 22
-3.3247 -1.1762 6.7690 27 11 16
-3.2879 -1.2163 7.0000 30 16 10
-3.1137 -1.2026 6.9210 92 86 48
-3.0689 -1.2446 7.1630 38 42 14
-2.9614 -1.2592 7.2470 58 41 16
-3.2229 -1.4464 8.3240 27 11 6
-3.9015 -1.8453 10.6200 37 26 30
-8.8784 -4.4597 25.6660 13 4 0
-6.9270 -3.6908 21.2410 29 16 20
-4.0145 -2.2773 13.1060 28 22 24
-5.0135 -3.0581 17.6000 55 38 38
-5.8309 -3.8225 21.9990 75 67 66
-2.4788 -2.2773 13.1060 43 46 63
-1.9679 -2.0194 11.6220 62 73 73
-1.8174 -2.1843 12.5710 42 51 44
-1.8298 -2.5483 14.6660 37 34 29
-2.6516 -4.4597 25.6660 34 28 30
-1.6592 -3.4526 19.8700 47 43 44
-1.9619 -5.3516 30.7990 34 29 27
-2.1685 -8.9194 51.3320 34 29 25
-0.0404 -7.1356 41.0660 17 11 15
0.4670 -3.9641 22.8140 22 19 14
0.8555 -3.6908 21.2410 21 16 12
1.0277 -2.8927 16.6480 14 13 13
1.2250 -2.6105 15.0240 15 12 9
1.8360 -3.1480 18.1170 16 16 12
2.9093 -4.1167 23.6920 12 12 14
3.3785 -4.1167 23.6920 21 16 14
4.2107 -4.4597 25.6660 23 15 14
8.0898 -7.6452 43.9990 15 11 12
11.4976 -9.7303 55.9990 14 10 11
8.6670 -6.6895 38.4990 13 8 16
8.4382 -5.9462 34.2210 4 3 5
9.1159 -5.9462 34.2210 9 5 6
10.3698 -6.2960 36.2340 8 5 2
11.1472 -6.2960 36.2340 8 4 5
13.4470 -7.1356 41.0660 6 3 0
11.9399 -5.9462 34.2210 9 3 5
10.3235 -4.8651 27.9990 8 4 5
9.6133 -4.2812 24.6390 7 2 0
10.1013 -4.2812 24.6390 6 3 0
16.5459 -6.6895 38.4990 9 4 2
23.1626 -8.9194 51.3320 10 2 1
26.3776 -9.7303 55.9990 55 41 33
20.2247 -7.1356 41.0660 26 21 17
21.0380 -7.1356 41.0660 18 6 6
-3.4606 -1.1399 6.6230 28 20 17
-3.3657 -1.1523 6.6950 38 18 19
-3.3308 -1.1912 6.9210 34 8 6
-3.2302 -1.2048 7.0000 61 52 31
-3.0226 -1.1779 6.8440 63 46 21
-2.9749 -1.2185 7.0800 42 42 9
-3.0077 -1.2929 7.5120 75 35 20
-3.1974 -1.4522 8.4380 29 25 16
-4.8090 -2.3047 13.3910 38 21 21
-9.4544 -4.8189 27.9990 25 17 16
-5.2918 -2.8653 16.6480 30 23 17
-4.2461 -2.4654 14.3250 39 31 30
-5.6795 -3.5339 20.5330 64 52 50
-2.4239 -2.0787 12.0780 24 44 68
-2.3000 -2.2087 12.8330 59 60 73
-1.9641 -2.1204 12.3200 47 46 53
-1.6265 -2.0787 12.0780 42 38 41
-2.7213 -4.0776 23.6920 38 29 32
-1.8560 -3.4198 19.8700 32 35 34
-1.8135 -4.2406 24.6390 59 48 43
-1.9493 -6.2362 36.2340 26 23 20
-0.8739 -10.6015 61.5980 22 16 18
0.2036 -6.2362 36.2340 16 19 18
0.5751 -3.6557 21.2410 18 17 21
0.9957 -3.6557 21.2410 18 18 14
1.0266 -2.5858 15.0240 15 10 8
1.3921 -2.7183 15.7940 14 14 10
2.2503 -3.5339 20.5330 10 9 9
2.9521 -3.9265 22.8140 16 10 12
3.5349 -4.0776 23.6920 14 11 8
4.7783 -4.8189 27.9990 15 8 17
9.0248 -8.1550 47.3830 11 7 8
11.8673 -9.6379 55.9990 15 9 11
8.3963 -6.2362 36.2340 7 6 10
9.1737 -6.2362 36.2340 8 4 5
9.8914 -6.2362 36.2340 8 4 7
10.6090 -6.2362 36.2340 7 4 1
12.0982 -6.6260 38.4990 5 1 2
13.7181 -7.0678 41.0660 5 1 2
11.5255 -5.5797 32.4200 7 1 3
10.5084 -4.8189 27.9990 4 5 1
9.4002 -4.0776 23.6920 5 4 4
11.6636 -4.8189 27.9990 10 4 6
19.2728 -7.5726 43.9990 8 5 2
25.6382 -9.6379 55.9990 13 10 7
24.5181 -8.8347 51.3320 47 20 14
20.4958 -7.0678 41.0660 24 16 13
24.5870 -8.1550 47.3830 22 12 12
-3.4169 -1.1289 6.6230 42 26 21
-3.4336 -1.1797 6.9210 60 34 32
-3.3226 -1.1932 7.0000 36 17 11
-3.1480 -1.1797 6.9210 87 67 31
-3.0109 -1.1797 6.9210 38 24 7
-2.9625 -1.2210 7.1630 42 39 9
-3.0703 -1.3291 7.7970 72 33 29
-3.3238 -1.5217 8.9270 34 29 27
-5.2963 -2.5610 15.0240 28 17 12
-6.7978 -3.5000 20.5330 33 18 17
-3.9129 -2.1428 12.5710 37 23 19
-4.4630 -2.6251 15.4000 43 30 36
-4.6200 -2.9167 17.1110 58 49 44
-2.6211 -2.2826 13.3910 35 48 73
-2.0645 -2.0192 11.8460 66 65 72
-1.9824 -2.1875 12.8330 39 39 43
-1.6066 -2.0588 12.0780 33 29 32
-2.7894 -4.1999 24.6390 38 32 34
-1.8840 -3.5000 20.5330 33 33 33
-1.9270 -4.5652 26.7820 39 32 26
-1.9441 -6.5625 38.4990 16 10 12
-1.8905 -10.4999 61.5980 19 16 13
0.0951 -7.0000 41.0660 20 19 21
0.5230 -3.7499 21.9990 19 19 21
0.9942 -3.8888 22.8140 21 18 13
1.0271 -2.6922 15.7940 16 13 10
1.3065 -2.6251 15.4000 18 19 15
2.1120 -3.3870 19.8700 9 9 9
2.8768 -3.8888 22.8140 13 12 12
3.3286 -3.8888 22.8140 15 12 9
4.4822 -4.5652 26.7820 15 6 11
8.2350 -7.5000 43.9990 12 11 11
11.6825 -9.5455 55.9990 12 6 8
8.2767 -6.1764 36.2340 9 4 12
9.6201 -6.5625 38.4990 6 5 5
11.0749 -7.0000 41.0660 9 5 6
11.2086 -6.5625 38.4990 7 4 1
11.9711 -6.5625 38.4990 9 5 6
13.5826 -7.0000 41.0660 7 3 4
12.0528 -5.8332 34.2210 8 2 4
10.9122 -5.0000 29.3330 5 5 1
9.3220 -4.0385 23.6920 7 3 4
10.6070 -4.3750 25.6660 6 2 3
19.1275 -7.5000 43.9990 8 5 2
23.3320 -8.7499 51.3320 19 14 12
24.3487 -8.7499 51.3320 49 24 17
20.3602 -7.0000 41.0660 15 12 7
22.6858 -7.5000 43.9990 27 17 15
-3.4388 -1.1180 6.6230 31 17 11
-3.4180 -1.1553 6.8440 47 24 19
-3.3457 -1.1817 7.0000 39 17 7
-3.1709 -1.1683 6.9210 44 24 4
-3.0224 -1.1683 6.9210 41 30 5
-2.9862 -1.2092 7.1630 27 33 0
-2.9829 -1.2681 7.5120 63 26 23
-3.0850 -1.3864 8.2130 37 34 29
-4.1354 -1.9619 11.6220 34 14 15
-6.0578 -3.0583 18.1170 27 14 18
-3.7993 -2.0389 12.0780 27 18 11
-3.6847 -2.1221 12.5710 40 30 28
-4.2089 -2.5996 15.4000 59 45 41
-2.5869 -2.2124 13.1060 43 54 75
-2.2789 -2.1663 12.8330 55 54 63
-1.9438 -2.0797 12.3200 43 43 47
-1.5843 -1.9619 11.6220 46 46 48
-2.4749 -3.5856 21.2410 28 22 26
-2.0912 -3.7136 21.9990 34 34 34
-1.8542 -4.1593 24.6390 34 24 22
-1.9493 -6.1166 36.2340 29 25 26
-2.0939 -10.3982 61.5980 25 26 22
0.0951 -6.9323 41.0660 20 19 21
0.5230 -3.7136 21.9990 19 19 21
1.0324 -3.9994 23.6920 20 17 12
1.0271 -2.6661 15.7940 16 13 10
1.3065 -2.5996 15.4000 14 14 10
2.1120 -3.3542 19.8700 6 7 3
2.7740 -3.7136 21.9990 11 11 11
3.3663 -3.8512 22.8140 30 27 24
4.2954 -4.3326 25.6660 21 12 15
7.6861 -6.9323 41.0660 13 12 12
11.6825 -9.4531 55.9990 14 10 11
8.2767 -6.1166 36.2340 11 7 12
9.6201 -6.4989 38.4990 4 3 3
11.0749 -6.9323 41.0660 7 3 4
11.2086 -6.4989 38.4990 9 6 3
11.9711 -6.4989 38.4990 7 3 4
13.5826 -6.9323 41.0660 5 1 2
12.7618 -6.1166 36.2340 6 0 2
11.4576 -5.1991 30.7990 3 4 0
9.3220 -3.9994 23.6920 11 8 5
10.1826 -4.1593 24.6390 5 1 2
19.1275 -7.4274 43.9990 9 6 3
23.3320 -8.6652 51.3320 15 12 9
24.4334 -8.6652 51.3320 42 12 7
20.3602 -6.9323 41.0660 12 7 5
24.4306 -7.9986 47.3830 19 7 7
-3.5146 -1.1315 6.7690 27 16 9
-3.4959 -1.1701 7.0000 46 23 20
-3.3839 -1.1835 7.0800 42 21 18
-3.1356 -1.1440 6.8440 40 21 4
-2.9887 -1.1440 6.8440 79 65 50
-2.9862 -1.1973 7.1630 42 48 8
-3.0073 -1.2712 7.6050 55 25 20
-3.0850 -1.3729 8.2130 16 11 7
-4.1354 -1.9427 11.6220 34 15 13
-6.0578 -3.0284 18.1170 22 9 13
-3.7993 -2.0189 12.0780 34 23 18
-3.6847 -2.1013 12.5710 45 37 34
-4.2089 -2.5742 15.4000 64 50 46
-2.6432 -2.2384 13.3910 69 79 95
-2.2789 -2.1451 12.8330 61 60 69
-1.8690 -1.9801 11.8460 43 46 49
-1.5843 -1.9427 11.6220 44 44 46
-2.3924 -3.4322 20.5330 35 31 34
-2.0912 -3.6773 21.9990 32 31 31
-1.8542 -4.1186 24.6390 44 34 34
-1.8410 -5.7203 34.2210 40 36 37
-1.7449 -8.5805 51.3320 25 26 22
-0.0466 -7.9204 47.3830 16 15 17
0.4831 -4.2903 25.6660 21 15 17
0.8497 -3.6773 21.9990 20 15 13
1.0574 -2.9420 17.6000 16 15 15
1.2002 -2.5114 15.0240 21 21 17
1.8917 -3.1202 18.6660 10 10 6
2.5733 -3.5506 21.2410 10 9 9
3.0290 -3.5506 21.2410 14 11 8
3.8478 -3.9603 23.6920 22 17 15
6.2355 -5.7203 34.2210 14 10 11
10.4547 -8.5805 51.3320 16 10 12
9.8326 -7.3548 43.9990 12 4 3
9.4295 -6.4354 38.4990 7 6 6
11.6480 -7.3548 43.9990 9 5 6
11.7526 -6.8645 41.0660 3 2 2
12.5660 -6.8645 41.0660 5 4 4
14.4075 -7.3548 43.9990 9 5 6
14.2604 -6.8645 41.0660 7 2 0
13.3000 -6.0568 36.2340 9 9 5
9.5726 -4.1186 24.6390 11 3 2
9.3154 -3.8135 22.8140 7 4 1
17.6492 -6.8645 41.0660 14 6 5
25.1761 -9.3606 55.9990 8 3 1
26.3776 -9.3606 55.9990 19 7 7
21.5965 -7.3548 43.9990 14 14 8
22.4679 -7.3548 43.9990 15 7 4
-3.5874 -1.1327 6.8440 22 11 6
-3.5305 -1.1585 7.0000 34 22 20
-3.4996 -1.1994 7.2470 43 19 21
-3.2417 -1.1585 7.0000 93 70 49
-2.9895 -1.1203 6.7690 81 66 54
-2.9866 -1.1718 7.0800 52 62 19
-2.9713 -1.2282 7.4210 44 23 22
-2.9305 -1.2744 7.7000 38 21 21
-3.2683 -1.4993 9.0590 47 26 33
-6.5316 -3.1858 19.2490 22 17 15
-3.8591 -1.9990 12.0780 26 14 14
-3.3383 -1.8537 11.2000 34 24 22
-3.7261 -2.2163 13.3910 44 35 40
-2.4928 -2.0390 12.3200 45 54 66
-2.5554 -2.3171 14.0000 60 65 81
-1.8374 -1.8879 11.4070 53 53 57
-1.6735 -1.9606 11.8460 50 46 47
-1.9689 -2.6829 16.2100 36 32 33
-2.2816 -3.7759 22.8140 32 31 31
-1.7036 -3.5155 21.2410 34 29 27
-1.9046 -5.3657 32.4200 23 20 17
-1.7135 -7.2821 43.9990 34 31 28
-1.0772 -10.1949 61.5980 23 20 15
0.1746 -7.2821 43.9990 20 19 21
0.5230 -3.6410 21.9990 23 22 24
1.1608 -4.2479 25.6660 16 11 9
1.0271 -2.6140 15.7940 27 24 21
1.3319 -2.5488 15.4000 22 19 16
2.1120 -3.2886 19.8700 8 8 8
2.7135 -3.5155 21.2410 9 8 8
3.2460 -3.6410 21.9990 16 16 10
4.3378 -4.2479 25.6660 26 17 22
7.7538 -6.7967 41.0660 17 16 16
10.7088 -8.4958 51.3320 16 12 15
9.4483 -6.7967 41.0660 8 4 7
10.9945 -7.2821 43.9990 7 3 4
12.8567 -7.8422 47.3830 6 5 5
11.9560 -6.7967 41.0660 8 5 2
12.8371 -6.7967 41.0660 4 3 3
14.6253 -7.2821 43.9990 8 4 5
13.5596 -6.3719 38.4990 5 1 2
12.1141 -5.3657 32.4200 6 6 2
9.3220 -3.9212 23.6920 9 4 2
10.6494 -4.2479 25.6660 5 1 4
20.5987 -7.8422 47.3830 9 6 3
25.5458 -9.2682 55.9990 5 5 1
24.4334 -8.4958 51.3320 27 6 1
21.8870 -7.2821 43.9990 9 1 0
24.5088 -7.8422 47.3830 17 5 5
-3.5535 -1.1214 6.8440 23 9 5
-3.5241 -1.1601 7.0800 31 10 7
-3.4637 -1.1875 7.2470 40 19 18
-3.1243 -1.1214 6.8440 42 30 14
-2.9887 -1.1214 6.8440 106 83 64
-2.9744 -1.1737 7.1630 70 64 26
-2.9705 -1.2309 7.5120 51 29 21
-2.9159 -1.2776 7.7970 33 25 22
-3.5764 -1.6546 10.0980 35 19 16
-4.4775 -2.1942 13.3910 27 16 20
-3.3817 -1.7708 10.8070 39 31 28
-3.2828 -1.8352 11.2000 43 35 32
-3.2810 -1.9791 12.0780 61 51 39
-2.8275 -2.3472 14.3250 39 47 64
-2.1674 -2.0187 12.3200 58 60 70
-1.8857 -1.9791 12.0780 46 49 52
-1.5953 -1.9410 11.8460 40 37 34
-2.6822 -3.8821 23.6920 40 40 36
-1.9841 -3.4805 21.2410 34 30 31
-1.9270 -4.3884 26.7820 45 35 35
-1.7845 -5.6073 34.2210 34 30 31
-1.5755 -8.4111 51.3320 26 26 22
-0.5689 -10.0933 61.5980 27 21 23
0.3763 -5.0466 30.7990 28 19 22
0.6802 -3.4805 21.2410 46 44 36
1.1402 -3.6047 21.9990 21 15 17
1.1010 -2.4618 15.0240 18 15 10
1.5498 -2.7279 16.6480 11 12 8
2.3520 -3.3645 20.5330 9 9 9
2.6695 -3.2558 19.8700 13 10 7
3.5546 -3.7382 22.8140 19 16 13
5.1512 -4.8064 29.3330 21 20 22
9.2594 -7.7640 47.3830 20 14 16
11.1324 -8.4111 51.3320 14 9 7
9.7194 -6.7289 41.0660 10 9 11
12.2311 -7.7640 47.3830 12 3 6
13.1695 -7.7640 47.3830 7 3 4
12.2948 -6.7289 41.0660 7 4 1
14.0444 -7.2095 43.9990 7 3 4
16.1412 -7.7640 47.3830 9 4 2
14.8026 -6.7289 41.0660 4 4 4
11.1543 -4.8064 29.3330 9 4 0
8.8374 -3.6047 21.9990 7 1 3
14.4250 -5.6073 34.2210 8 3 1
27.2866 -10.0933 61.5980 6 3 0
28.5066 -10.0933 61.5980 15 7 4
22.9447 -7.7640 47.3830 15 6 0
22.1775 -7.2095 43.9990 11 1 1
29.3350 -9.1758 55.9990 10 1 4
-3.5767 -1.1354 7.0000 22 6 11
-3.6017 -1.1895 7.3330 35 19 16
-3.3645 -1.1619 7.1630 55 28 31
-3.0454 -1.0980 6.7690 44 33 8
-2.9991 -1.1354 7.0000 41 41 19
-2.9614 -1.1755 7.2470 54 45 26
-2.9085 -1.2185 7.5120 88 73 43
-2.9390 -1.2977 8.0000 36 27 32
-3.9648 -1.8503 11.4070 31 17 13
-4.0178 -1.9984 12.3200 23 17 19
-3.1979 -1.6934 10.4400 34 25 20
-3.3744 -1.9215 11.8460 39 26 30
-3.0234 -1.8503 11.4070 58 54 43
-2.9126 -2.4980 15.4000 40 52 68
-1.9315 -1.8503 11.4070 39 50 50
-1.8381 -2.0391 12.5710 39 42 41
-1.6928 -2.1721 13.3910 39 36 31
-2.7363 -4.1632 25.6660 50 44 46
-1.7485 -3.3306 20.5330 34 29 27
-1.8297 -4.5416 27.9990 30 24 26
-1.6899 -6.2448 38.4990 42 37 35
-1.2366 -8.3264 51.3320 23 20 15
-0.0466 -7.6858 47.3830 21 20 22
0.4637 -3.9966 24.6390 21 17 20
0.9151 -3.8430 23.6920 17 12 10
1.0885 -2.9387 18.1170 18 17 17
1.2002 -2.4370 15.0240 14 14 8
1.8917 -3.0277 18.6660 10 11 7
2.3320 -3.1223 19.2490 14 13 13
2.8335 -3.2230 19.8700 1 6 0
3.8478 -3.8430 23.6920 24 19 17
6.6621 -5.8774 36.2340 12 8 11
10.4547 -8.3264 51.3320 19 19 23
10.5888 -7.6858 47.3830 12 6 8
11.6055 -7.6858 47.3830 6 0 2
13.5893 -8.3264 51.3320 6 0 2
13.5605 -7.6858 47.3830 3 2 2
13.4634 -7.1369 43.9990 7 3 4
15.5155 -7.6858 47.3830 5 1 2
16.4540 -7.6858 47.3830 9 4 2
15.0737 -6.6612 41.0660 4 3 3
9.5726 -3.9966 24.6390 12 4 1
10.0606 -3.9966 24.6390 9 5 6
18.9097 -7.1369 43.9990 12 9 6
27.6933 -9.9916 61.5980 6 0 2
24.1792 -8.3264 51.3320 17 9 8
23.2575 -7.6858 47.3830 9 4 0
24.2741 -7.6858 47.3830 16 1 0
-3.7111 -1.1367 7.0800 21 9 9
-3.6551 -1.1636 7.2470 26 11 10
-3.5412 -1.1774 7.3330 48 16 21
-3.2417 -1.1239 7.0000 50 27 6
-2.9895 -1.0868 6.7690 77 51 40
-2.9866 -1.1367 7.0800 10 18 0
-2.9713 -1.1915 7.4210 46 29 29
-2.8589 -1.2061 7.5120 51 37 33
-3.0723 -1.3736 8.5550 35 14 9
-3.9436 -1.8660 11.6220 25 16 19
-3.3357 -1.6762 10.4400 30 20 18
-3.0599 -1.6483 10.2660 29 14 13
-3.2339 -1.8660 11.6220 49 45 48
-2.9190 -2.3547 14.6660 42 43 56
-2.4001 -2.1500 13.3910 42 46 58
-1.7997 -1.8315 11.4070 39 39 41
-1.6664 -1.9392 12.0780 36 43 37
-2.2745 -3.0905 19.2490 31 26 24
-2.2912 -3.8039 23.6920 37 32 28
-1.8948 -3.9559 24.6390 30 24 26
-1.7976 -5.2052 32.4200 22 18 19
-1.5682 -7.0643 43.9990 28 25 22
-0.8739 -9.8900 61.5980 21 20 20
0.2798 -6.1813 38.4990 16 10 12
0.6319 -3.5321 21.9990 35 29 31
1.2455 -4.1208 25.6660 27 23 24
1.0793 -2.5358 15.7940 19 11 10
1.4555 -2.6026 16.2100 18 18 14
2.1776 -3.1903 19.8700 11 10 12
2.4462 -2.9969 18.6660 14 11 8
3.2043 -3.4104 21.2410 11 12 6
4.8245 -4.4954 27.9990 20 16 17
8.4529 -7.0643 43.9990 16 16 16
10.8783 -8.2417 51.3320 17 11 13
9.5838 -6.5934 41.0660 5 4 4
12.9963 -8.2417 51.3320 10 5 3
15.3793 -8.9910 55.9990 7 3 4
13.9515 -7.6076 47.3830 8 3 1
14.9681 -7.6076 47.3830 8 4 5
17.2322 -8.2417 51.3320 7 1 3
15.7146 -7.0643 43.9990 3 2 2
12.2211 -5.2052 32.4200 8 3 1
9.0518 -3.6629 22.8140 12 7 5
12.2677 -4.7096 29.3330 6 2 3
24.5291 -8.9910 55.9990 3 3 0
24.1792 -8.2417 51.3320 15 7 6
23.2575 -7.6076 47.3830 7 2 0
26.2972 -8.2417 51.3320 19 4 3
-3.7111 -1.1251 7.0800 22 7 8
-3.6432 -1.1516 7.2470 28 13 12
-3.5836 -1.1792 7.4210 46 14 19
-3.2417 -1.1123 7.0000 50 30 10
-2.9895 -1.0756 6.7690 63 31 25
-2.9866 -1.1251 7.0800 45 48 23
-2.9360 -1.1653 7.3330 39 22 24
-2.8243 -1.1792 7.4210 35 21 15
-2.9894 -1.3227 8.3240 37 18 14
-3.5425 -1.6590 10.4400 23 14 17
-3.2265 -1.6046 10.0980 34 24 22
-3.0599 -1.6313 10.2660 63 48 47
-3.2339 -1.8468 11.6220 54 45 48
-3.4740 -2.7967 17.6000 45 46 61
-2.4309 -2.1753 13.6890 48 52 64
-1.8857 -1.9193 12.0780 41 41 43
-1.7137 -1.9976 12.5710 25 28 27
-2.4398 -3.3753 21.2410 40 37 34
-2.3421 -3.9153 24.6390 36 33 30
-1.8542 -3.9153 24.6390 32 23 28
-1.7441 -5.1517 32.4200 23 19 20
-1.3959 -6.5256 41.0660 22 17 13
-0.7722 -9.7883 61.5980 23 17 19
0.2798 -6.1177 38.4990 26 18 17
0.6319 -3.4958 21.9990 26 21 19
1.2455 -4.0785 25.6660 28 23 21
1.0793 -2.5098 15.7940 26 18 17
1.4555 -2.5759 16.2100 21 21 17
2.1776 -3.1575 19.8700 12 11 13
2.3742 -2.8789 18.1170 14 11 8
3.0975 -3.2628 20.5330 15 16 12
4.8245 -4.4492 27.9990 23 17 19
7.8894 -6.5256 41.0660 14 14 10
10.9630 -8.1570 51.3320 14 8 10
11.0580 -7.5294 47.3830 5 4 4
14.1779 -8.8986 55.9990 8 3 1
15.3793 -8.8986 55.9990 7 1 3
13.9515 -7.5294 47.3830 9 4 2
14.9681 -7.5294 47.3830 9 5 6
18.7990 -8.8986 55.9990 7 1 3
18.3336 -8.1570 51.3320 3 2 2
12.9000 -5.4379 34.2210 7 2 0
9.4002 -3.7648 23.6920 16 8 7
12.2677 -4.6612 29.3330 11 8 5
26.9816 -9.7883 61.5980 3 3 0
24.4334 -8.1570 51.3320 18 7 2
25.4500 -8.1570 51.3320 10 2 1
28.9654 -8.8986 55.9990 14 2 2
-3.7073 -1.1264 7.1630 46 25 24
-3.7268 -1.1813 7.5120 22 10 10
-3.5347 -1.1670 7.4210 33 13 16
-3.1243 -1.0763 6.8440 45 25 15
-3.0109 -1.0884 6.9210 74 50 25
-2.9744 -1.1264 7.1630 85 80 35
-2.9223 -1.1670 7.4210 52 37 27
-2.8441 -1.1959 7.6050 34 25 18
-3.1470 -1.4038 8.9270 31 19 17
-3.5957 -1.6995 10.8070 52 53 47
-3.0435 -1.5376 9.7780 66 56 54
-3.0428 -1.6418 10.4400 32 33 29
-2.8850 -1.6701 10.6200 75 54 53
-3.6228 -2.9353 18.6660 41 46 62
-2.1049 -1.8993 12.0780 60 65 72
-1.8828 -1.9374 12.3200 37 37 39
-1.7070 -2.0181 12.8330 40 37 32
-2.4543 -3.4595 21.9990 40 29 35
-2.1739 -3.7257 23.6920 32 32 28
-1.7728 -3.8746 24.6390 35 22 26
-1.7280 -5.3815 34.2210 28 22 26
-1.3504 -6.9191 43.9990 24 16 15
-0.5689 -9.6866 61.5980 23 14 17
0.3617 -5.3815 34.2210 39 36 33
0.7306 -3.5876 22.8140 65 59 46
1.2279 -3.7257 23.6920 16 12 13
1.1286 -2.4217 15.4000 25 17 14
1.5929 -2.6908 17.1110 11 11 7
2.1731 -3.0270 19.2490 12 8 9
2.4340 -2.8490 18.1170 15 11 12
3.3913 -3.4595 21.9990 16 16 16
5.4086 -4.8433 30.7990 20 16 19
8.5981 -6.9191 43.9990 16 11 9
11.1324 -8.0723 51.3320 10 5 3
11.2144 -7.4513 47.3830 7 3 4
14.3627 -8.8062 55.9990 9 4 2
17.1204 -9.6866 61.5980 7 1 3
15.2837 -8.0723 51.3320 6 3 0
16.3850 -8.0723 51.3320 8 4 5
20.8819 -9.6866 61.5980 9 3 5
12.9000 -5.3815 34.2210 10 5 3
9.4002 -3.7257 23.6920 11 3 2
12.2677 -4.6128 29.3330 4 3 3
26.9816 -9.6866 61.5980 9 9 5
24.3487 -8.0723 51.3320 13 8 4
25.4500 -8.0723 51.3320 12 4 3
28.8729 -8.8062 55.9990 15 2 6
-3.7073 -1.1146 7.1630 61 46 45
-3.6939 -1.1547 7.4210 24 11 15
-3.5347 -1.1547 7.4210 36 16 19
-3.1243 -1.0650 6.8440 42 27 15
-3.0109 -1.0769 6.9210 98 69 46
-2.9744 -1.1146 7.1630 84 80 42
-2.9345 -1.1547 7.4210 46 26 16
-2.8441 -1.1834 7.6050 38 27 22
-3.0300 -1.3312 8.5550 23 13 11
-3.3598 -1.5713 10.0980 50 54 47
-2.9655 -1.4747 9.4770 48 33 32
-2.8956 -1.5459 9.9350 23 30 24
-2.7432 -1.5713 10.0980 62 40 42
-3.7460 -2.9045 18.6660 38 36 47
-2.4001 -2.0837 13.3910 44 46 56
-1.8528 -1.8084 11.6220 39 39 41
-1.8082 -2.0394 13.1060 32 32 34
-2.3479 -3.0919 19.8700 38 33 31
-2.3828 -3.8340 24.6390 31 26 24
-1.8948 -3.8340 24.6390 29 21 20
-1.7976 -5.0447 32.4200 23 19 22
-1.4637 -6.3901 41.0660 30 23 17
-0.9756 -9.5850 61.5980 26 20 22
0.3962 -5.0447 32.4200 28 23 21
0.7587 -3.6866 23.6920 53 47 34
1.2670 -3.6866 23.6920 15 11 14
1.1575 -2.4576 15.7940 24 16 15
1.7164 -2.8191 18.1170 13 14 10
2.2049 -2.9953 19.2490 11 7 8
2.3646 -2.7387 17.6000 12 9 6
3.4276 -3.4232 21.9990 17 17 19
5.4086 -4.7925 30.7990 19 13 15
8.6707 -6.8465 43.9990 18 14 15
10.2760 -7.3731 47.3830 10 5 3
11.2926 -7.3731 47.3830 7 6 8
15.9004 -9.5850 61.5980 10 4 6
17.2220 -9.5850 61.5980 10 4 6
15.3684 -7.9875 51.3320 8 5 2
16.3850 -7.9875 51.3320 10 4 6
22.0002 -9.5850 61.5980 5 1 2
14.5127 -5.9907 38.4990 9 6 3
9.8166 -3.8340 24.6390 11 1 1
13.5588 -5.0447 32.4200 4 3 3
28.5066 -9.5850 61.5980 9 1 0
24.7723 -7.9875 51.3320 19 15 8
28.2260 -8.7138 55.9990 15 3 3
32.2681 -9.5850 61.5980 15 4 8
-3.7551 -1.1425 7.4210 24 4 7
-3.6851 -1.1708 7.6050 38 9 13
-3.2533 -1.0777 7.0000 45 19 6
-3.0007 -1.0421 6.7690 76 57 44
-2.9983 -1.0900 7.0800 54 46 32
-2.9136 -1.1157 7.2470 117 91 80
-2.8365 -1.1425 7.4210 29 13 6
-2.8621 -1.2158 7.8970 28 29 20
-3.3340 -1.5054 9.7780 21 13 10
-3.1404 -1.5054 9.7780 25 17 16
-2.7972 -1.4369 9.3330 33 30 27
-2.7809 -1.5295 9.9350 58 40 50
-2.2744 -1.3548 8.8000 80 78 70
-3.2080 -2.6343 17.1110 36 42 55
-1.8595 -1.7243 11.2000 54 50 53
-2.0016 -2.1075 13.6890 43 37 39
-1.9966 -2.4316 15.7940 42 35 29
-2.5861 -3.7933 24.6390 35 29 33
-1.9427 -3.5123 22.8140 37 29 26
-1.7060 -4.1232 26.7820 19 13 15
-1.5021 -5.2685 34.2210 30 24 26
-1.1519 -7.9028 51.3320 25 21 22
0.1746 -6.7739 43.9990 40 32 31
0.5632 -3.6475 23.6920 22 22 22
1.3267 -4.5160 29.3330 25 16 19
1.0827 -2.5630 16.6480 19 16 13
1.4020 -2.4956 16.2100 20 17 12
2.0460 -2.9635 19.2490 10 10 10
2.2484 -2.7096 17.6000 18 15 10
2.9319 -3.0591 19.8700 11 11 11
4.5264 -4.1232 26.7820 12 8 9
7.7538 -6.3223 41.0660 9 12 11
9.8850 -7.2949 47.3830 10 4 8
10.9016 -7.2949 47.3830 7 6 6
15.3921 -9.4833 61.5980 8 4 5
15.1945 -8.6213 55.9990 9 8 8
16.3036 -8.6213 55.9990 11 3 2
16.0462 -7.9028 51.3320 2 1 1
20.4752 -9.4833 61.5980 5 4 6
13.0695 -5.2685 34.2210 9 4 2
10.8030 -4.1232 26.7820 8 3 1
17.3781 -6.3223 41.0660 9 6 3
24.3487 -7.9028 51.3320 8 5 2
27.6715 -8.6213 55.9990 14 9 5
31.7598 -9.4833 61.5980 18 5 9
-3.8260 -1.1441 7.5120 24 4 7
-3.7565 -1.1727 7.7000 37 11 9
-3.3920 -1.1038 7.2470 48 13 8
-3.0342 -1.0310 6.7690 49 25 13
-2.9875 -1.0661 7.0000 56 42 25
-2.9494 -1.1038 7.2470 51 45 47
-2.8271 -1.1169 7.3330 41 27 19
-2.8161 -1.1727 7.7000 33 26 20
-3.0733 -1.3596 8.9270 34 32 20
-3.0282 -1.4215 9.3330 22 16 18
-2.7050 -1.3596 8.9270 36 21 22
-2.6839 -1.4434 9.4770 50 37 43
-2.3179 -1.3403 8.8000 60 70 56
-3.7908 -3.0263 19.8700 31 40 52
-1.9503 -1.7373 11.4070 70 68 75
-2.0468 -2.0849 13.6890 43 39 40
-1.9489 -2.2882 15.0240 39 32 26
-2.6674 -3.7526 24.6390 40 27 35
-2.1795 -3.7526 24.6390 31 26 24
-1.6265 -3.6084 23.6920 31 22 25
-1.6151 -5.2120 34.2210 29 25 26
-1.2052 -6.7013 43.9990 29 21 18
0.3198 -6.7013 43.9990 41 29 29
0.6414 -3.6084 23.6920 18 14 15
1.2455 -3.9091 25.6660 28 19 22
1.1077 -2.4689 16.2100 26 23 20
1.5364 -2.6061 17.1110 16 17 13
2.1096 -2.9317 19.2490 13 12 12
2.2774 -2.6806 17.6000 12 7 5
3.0975 -3.1273 20.5330 11 11 7
4.7783 -4.2644 27.9990 13 12 12
8.4529 -6.7013 43.9990 6 6 6
10.0414 -7.2167 47.3830 8 2 4
11.9796 -7.8181 51.3320 7 6 6
15.5954 -9.3817 61.5980 10 5 3
15.2869 -8.5289 55.9990 7 6 6
18.1370 -9.3817 61.5980 8 5 2
16.1309 -7.8181 51.3320 4 0 1
20.4626 -8.5289 55.9990 6 6 6
11.8642 -4.6908 30.7990 10 2 1
10.8914 -4.0790 26.7820 8 2 4
20.2077 -7.2167 47.3830 5 5 1
24.3487 -7.8181 51.3320 7 3 4
27.6715 -8.5289 55.9990 12 7 3
31.6581 -9.3817 61.5980 14 2 2
-3.8260 -1.1317 7.5120 28 10 16
-3.7692 -1.1600 7.7000 28 12 7
-3.3920 -1.0918 7.2470 41 6 1
-3.0342 -1.0198 6.7690 55 31 19
-2.9875 -1.0546 7.0000 76 57 40
-2.9152 -1.0791 7.1630 52 42 42
-2.8271 -1.1048 7.3330 39 30 23
-2.8161 -1.1600 7.7000 18 10 7
-3.0012 -1.3071 8.6760 40 39 24
-2.9393 -1.3648 9.0590 27 22 18
-2.6432 -1.3071 8.6760 33 18 19
-2.6038 -1.3851 9.1940 53 40 44
-2.0540 -1.1897 7.8970 46 39 31
-3.1212 -2.5081 16.6480 38 40 50
-1.9127 -1.7185 11.4070 51 44 53
-2.0242 -2.0623 13.6890 47 43 44
-2.1046 -2.5081 16.6480 34 25 20
-2.6268 -3.7120 24.6390 34 21 27
-2.0175 -3.5693 23.6920 32 22 20
-1.6102 -3.7120 24.6390 27 23 24
-1.5021 -5.1556 34.2210 28 25 22
-1.1414 -7.1385 47.3830 20 17 14
0.4808 -4.2182 27.9990 18 14 17
0.9490 -3.8667 25.6660 17 12 10
1.1659 -3.0934 20.5330 16 13 10
1.2357 -2.3794 15.7940 19 16 11
1.8300 -2.8121 18.6660 16 16 12
2.2305 -2.8121 18.6660 9 9 5
2.6002 -2.8121 18.6660 12 11 11
3.6675 -3.4370 22.8140 13 12 12
6.5425 -5.4588 36.2340 13 12 12
8.8160 -6.6287 43.9990 7 6 6
10.5106 -7.1385 47.3830 11 7 8
13.5309 -8.4365 55.9990 10 9 9
14.7324 -8.4365 55.9990 11 11 7
17.4253 -9.2800 61.5980 8 4 5
15.6226 -7.7334 51.3320 9 5 6
18.1520 -8.4365 55.9990 8 2 4
14.6397 -5.8001 38.4990 8 5 2
10.7146 -4.0348 26.7820 12 4 3
16.1647 -5.8001 38.4990 7 6 6
24.1792 -7.7334 51.3320 9 3 5
27.4866 -8.4365 55.9990 9 4 0
-3.7111 -1.0550 7.0800 26 3 13
-3.8357 -1.1332 7.6050 23 8 9
-3.7184 -1.1473 7.7000 28 6 10
-3.2417 -1.0430 7.0000 47 18 8
-3.0007 -1.0086 6.7690 74 67 36
-3.0216 -1.0673 7.1630 75 76 49
-2.9136 -1.0798 7.2470 98 57 49
-2.8243 -1.1058 7.4210 32 24 21
-2.8130 -1.1618 7.7970 27 22 18
-3.0291 -1.3302 8.9270 28 22 24
-2.8523 -1.3302 8.9270 34 22 20
-2.6229 -1.3112 8.8000 43 44 40
-2.6370 -1.4121 9.4770 52 37 38
-3.7152 -2.7813 18.6660 28 30 40
-2.3273 -1.9529 13.1060 50 52 60
-1.8336 -1.7317 11.6220 41 37 38
-2.0480 -2.2386 15.0240 31 30 30
-2.3151 -2.9607 19.8700 35 27 24
-2.5458 -3.9906 26.7820 27 26 26
-1.6555 -3.2780 21.9990 28 22 24
-1.6569 -4.5892 30.7990 20 19 19
-1.3087 -5.7365 38.4990 29 22 16
0.2884 -7.6487 51.3320 34 28 30
0.6414 -3.5302 23.6920 21 15 19
1.3125 -4.1720 27.9990 23 17 19
1.1376 -2.4806 16.6480 22 19 14
1.5081 -2.5496 17.1110 13 10 7
2.1096 -2.8682 19.2490 16 15 15
2.2774 -2.6225 17.6000 15 9 11
2.9647 -2.9607 19.8700 12 13 9
4.7783 -4.1720 27.9990 16 13 10
8.3803 -6.5561 43.9990 9 9 9
10.8783 -7.6487 51.3320 8 2 4
11.8949 -7.6487 51.3320 6 5 5
15.5954 -9.1784 61.5980 9 4 2
14.0129 -7.6487 51.3320 5 4 4
18.1370 -9.1784 61.5980 9 5 6
16.1309 -7.6487 51.3320 5 1 2
17.7834 -7.0603 47.3830 5 1 2
11.6384 -4.3708 29.3330 9 1 0
17.1070 -6.1190 41.0660 5 4 4
24.0098 -7.6487 51.3320 9 3 5
27.3018 -8.3441 55.9990 8 3 1
31.3531 -9.1784 61.5980 15 5 3
-3.8136 -1.1069 7.5120 25 8 10
-3.7565 -1.1346 7.7000 36 16 19
-3.3408 -1.0555 7.1630 52 15 10
-3.0230 -0.9974 6.7690 47 28 15
-3.0100 -1.0433 7.0800 84 71 49
-2.8698 -1.0433 7.0800 65 29 31
-2.8150 -1.0805 7.3330 40 37 32
-2.8034 -1.1346 7.7000 43 33 31
-2.9311 -1.2606 8.5550 19 9 9
-2.8008 -1.2784 8.6760 33 21 19
-2.5923 -1.2606 8.5550 38 26 26
-2.5506 -1.3349 9.0590 48 35 39
-3.0895 -2.2139 15.0240 38 28 40
-2.7012 -2.1611 14.6660 42 40 47
-1.8750 -1.6809 11.4070 54 45 50
-2.1472 -2.2139 15.0240 32 31 33
-2.3698 -2.8364 19.2490 34 29 27
-2.5048 -3.6307 24.6390 38 37 37
-1.8674 -3.3617 22.8140 35 23 23
-1.5288 -3.6307 24.6390 22 22 22
-1.4709 -5.3392 36.2340 26 23 20
-1.0671 -7.5640 51.3320 21 17 18
0.5483 -3.9464 26.7820 14 13 17
1.2405 -4.5384 30.7990 18 15 12
1.1523 -2.7505 18.6660 16 11 7
1.3574 -2.4532 16.6480 14 14 8
1.8917 -2.7505 18.6660 10 10 6
2.2921 -2.7505 18.6660 7 6 6
2.7450 -2.8364 19.2490 10 9 9
3.8869 -3.4911 23.6920 16 12 13
7.5505 -6.0513 41.0660 9 9 9
10.5394 -7.5640 51.3320 13 9 10
11.5560 -7.5640 51.3320 6 6 2
15.1888 -9.0767 61.5980 9 3 5
13.6740 -7.5640 51.3320 7 3 4
17.6287 -9.0767 61.5980 12 3 6
15.7920 -7.5640 51.3320 7 3 4
22.7118 -9.0767 61.5980 4 4 4
12.0167 -4.5384 30.7990 11 3 2
13.2912 -4.7772 32.4200 10 4 6
28.3032 -9.0767 61.5980 6 0 2
24.6028 -7.5640 51.3320 15 8 2
30.7431 -9.0767 61.5980 16 1 2
-3.7919 -1.0813 7.4210 28 5 15
-3.7819 -1.1219 7.7000 26 11 12
-3.4039 -1.0559 7.2470 38 13 4
-3.0454 -0.9863 6.7690 39 20 14
-3.0334 -1.0316 7.0800 90 71 58
-2.8605 -1.0199 7.0000 42 32 18
-2.8392 -1.0684 7.3330 44 37 27
-2.7597 -1.0945 7.5120 45 29 26
-2.8171 -1.1809 8.1050 47 43 32
-2.7899 -1.2465 8.5550 34 20 14
-2.6205 -1.2465 8.5550 30 13 15
-2.5429 -1.3007 8.9270 49 33 38
-3.3066 -2.3619 16.2100 33 28 38
-2.6770 -2.1369 14.6660 44 43 50
-1.8562 -1.6620 11.4070 52 43 46
-2.2900 -2.3619 16.2100 35 31 32
-2.4135 -2.8951 19.8700 33 30 25
-2.5048 -3.5900 24.6390 21 20 20
-1.7644 -3.2053 21.9990 32 20 20
-1.6176 -3.9022 26.7820 23 22 22
-1.4111 -5.2794 36.2340 24 19 15
-1.1789 -8.9751 61.5980 16 12 13
0.5925 -3.9022 26.7820 17 16 18
1.2913 -4.4875 30.7990 22 18 19
1.1523 -2.7197 18.6660 16 11 7
1.3849 -2.4257 16.6480 17 12 8
1.9225 -2.7197 18.6660 14 14 10
2.2546 -2.6397 18.1170 7 6 6
2.7767 -2.8047 19.2490 10 9 9
4.0829 -3.5900 24.6390 15 10 8
8.1624 -6.4108 43.9990 15 15 15
10.6241 -7.4793 51.3320 10 4 6
11.6408 -7.4793 51.3320 12 9 6
15.1888 -8.9751 61.5980 9 3 5
12.7003 -6.9039 47.3830 10 9 9
16.1187 -8.1593 55.9990 11 0 4
15.8767 -7.4793 51.3320 8 4 5
20.7398 -8.1593 55.9990 3 2 2
12.0675 -4.4875 30.7990 9 1 0
14.9147 -5.2794 36.2340 9 3 5
28.4049 -8.9751 61.5980 6 0 2
24.7723 -7.4793 51.3320 14 6 3
30.9465 -8.9751 61.5980 16 1 2
-3.8136 -1.0821 7.5120 29 9 12
-3.7565 -1.1092 7.7000 27 9 15
-3.3408 -1.0319 7.1630 44 19 12
-3.0230 -0.9751 6.7690 37 17 9
-3.0100 -1.0199 7.0800 50 21 0
-2.8374 -1.0084 7.0000 48 26 18
-2.8271 -1.0563 7.3330 38 31 25
-2.8034 -1.1092 7.7000 31 20 15
-2.8275 -1.1831 8.2130 74 68 55
-2.7617 -1.2324 8.5550 34 17 17
-2.6289 -1.2498 8.6760 43 31 31
-2.5134 -1.2860 8.9270 58 43 44
-1.8605 -1.2155 8.4380 25 31 31
-3.3492 -2.4649 17.1110 26 31 36
-2.0645 -1.7065 11.8460 62 57 65
-2.0685 -1.9290 13.3910 40 34 38
-2.2761 -2.4649 17.1110 33 23 23
-2.4906 -3.1690 21.9990 35 27 26
-2.2608 -3.5493 24.6390 29 21 20
-1.5283 -3.0598 21.2410 23 18 16
-1.5552 -4.4367 30.7990 30 26 29
-1.2604 -5.9157 41.0660 20 16 9
0.4578 -7.3946 51.3320 26 17 20
0.7796 -3.6973 25.6660 51 46 42
1.3439 -3.8581 26.7820 16 10 12
1.2257 -2.4649 17.1110 23 18 16
1.5646 -2.4649 17.1110 14 10 11
2.1731 -2.7729 19.2490 11 11 7
2.4770 -2.6889 18.6660 15 5 5
3.2744 -3.0598 21.2410 9 9 9
5.3578 -4.4367 30.7990 27 22 20
10.8507 -8.0669 55.9990 6 6 2
12.0522 -8.0669 55.9990 9 3 5
14.4771 -8.8734 61.5980 9 8 8
14.3627 -8.0669 55.9990 10 4 6
13.0913 -6.8257 47.3830 7 3 4
16.6733 -8.0669 55.9990 12 6 8
15.0463 -6.8257 47.3830 12 7 5
15.5481 -5.9157 41.0660 8 0 0
12.9702 -4.6702 32.4200 6 0 2
19.8948 -6.8257 47.3830 7 3 4
22.1627 -6.8257 47.3830 10 4 6
25.0264 -7.3946 51.3320 20 10 8
-3.6692 -0.9968 7.0000 23 6 6
-3.8357 -1.0830 7.6050 25 8 8
-3.6725 -1.0830 7.6050 43 15 16
-3.2417 -0.9968 7.0000 36 10 6
-3.0007 -0.9639 6.7690 72 50 40
-2.9196 -0.9856 6.9210 70 47 15
-2.8143 -0.9968 7.0000 43 17 15
-2.8243 -1.0568 7.4210 25 14 7
-2.7780 -1.0965 7.7000 53 37 32
-2.8245 -1.1854 8.3240 99 86 73
-2.6961 -1.2016 8.4380 44 27 29
-2.6003 -1.2355 8.6760 42 39 36
-2.4840 -1.2712 8.9270 45 29 24
-1.8244 -1.1696 8.2130 25 25 29
-2.9432 -2.0885 14.6660 37 36 43
-2.3212 -1.8275 12.8330 38 38 42
-1.9641 -1.7544 12.3200 45 37 36
-2.3890 -2.4367 17.1110 34 30 31
-2.5995 -3.1327 21.9990 33 28 26
-2.3303 -3.3738 23.6920 26 22 23
-1.6129 -2.9240 20.5330 28 16 16
-1.5987 -3.9872 27.9990 23 19 20
-1.4358 -5.4824 38.4990 21 21 17
0.2222 -7.9745 55.9990 22 16 18
0.6367 -3.8139 26.7820 16 15 17
1.3267 -4.1771 29.3330 23 19 20
1.2139 -2.6581 18.6660 20 15 13
1.4399 -2.3707 16.6480 17 11 13
1.9841 -2.6581 18.6660 11 11 7
2.5056 -2.8296 19.8700 13 7 9
2.9319 -2.8296 19.8700 7 6 8
4.2954 -3.6549 25.6660 26 21 19
9.6922 -7.3099 51.3320 21 18 15
11.6825 -7.9745 55.9990 12 3 6
12.8840 -7.9745 55.9990 6 7 3
15.3921 -8.7718 61.5980 8 4 5
11.8659 -6.2656 43.9990 9 8 8
16.3036 -7.9745 55.9990 12 2 2
14.7335 -6.7475 47.3830 8 4 5
19.0113 -7.3099 51.3320 11 8 5
12.6492 -4.6167 32.4200 12 2 2
15.8470 -5.4824 38.4990 7 3 4
27.8966 -8.7718 61.5980 12 7 5
20.8703 -6.2656 43.9990 6 2 3
27.6715 -7.9745 55.9990 13 11 3
31.6581 -8.7718 61.5980 13 3 3
-3.7191 -1.0082 7.1630 34 17 17
-3.7980 -1.0704 7.6050 24 7 7
-3.5469 -1.0445 7.4210 40 12 13
-3.1356 -0.9633 6.8440 31 15 10
-3.0224 -0.9742 6.9210 49 20 10
-2.8532 -0.9633 6.8440 44 23 0
-2.7796 -0.9853 7.0000 34 18 15
-2.8217 -1.0573 7.5120 36 22 18
-2.7398 -1.0838 7.7000 38 29 10
-2.7833 -1.1716 8.3240 103 103 81
-2.6543 -1.1877 8.4380 43 33 31
-2.5794 -1.2386 8.8000 26 14 12
-2.4759 -1.2751 9.0590 52 36 31
-2.1958 -1.4450 10.2660 27 24 19
-3.0653 -2.2231 15.7940 33 39 41
-1.9503 -1.6056 11.4070 69 65 66
-2.3615 -2.2231 15.7940 38 37 39
-2.6635 -2.8901 20.5330 40 28 28
-2.4699 -3.2111 22.8140 33 28 26
-1.9459 -3.0964 21.9990 37 27 25
-1.4232 -2.9897 21.2410 26 21 19
-1.4536 -4.3351 30.7990 19 13 15
-1.2052 -6.1930 43.9990 23 18 14
0.1427 -8.6701 61.5980 19 15 20
0.6489 -4.1287 29.3330 26 25 25
1.2201 -3.9410 27.9990 21 17 18
1.2200 -2.7094 19.2490 16 11 9
1.4124 -2.3433 16.6480 16 13 10
1.9533 -2.6273 18.6660 15 12 9
2.5056 -2.7968 19.8700 11 7 8
2.8991 -2.7968 19.8700 11 10 12
4.0829 -3.4680 24.6390 17 12 10
10.4810 -7.8820 55.9990 17 16 16
13.0539 -8.6701 61.5980 14 5 8
13.0688 -7.8820 55.9990 8 9 5
12.9963 -7.2252 51.3320 3 2 2
11.2782 -5.7802 41.0660 6 2 3
15.1143 -7.2252 51.3320 12 3 6
14.9681 -6.6693 47.3830 7 3 4
22.6101 -8.6701 61.5980 5 4 4
14.0177 -5.1001 36.2340 10 0 0
15.7199 -5.4189 38.4990 6 3 0
26.3717 -8.6701 61.5980 7 3 4
22.3191 -6.6693 47.3830 11 8 5
25.1959 -7.2252 51.3320 18 20 7
31.5564 -8.6701 61.5980 13 3 1
-3.6994 -0.9849 7.0800 25 9 6
-3.7764 -1.0449 7.5120 25 8 8
-3.6152 -1.0449 7.5120 37 11 9
-3.1937 -0.9627 6.9210 28 7 4
-3.0113 -0.9520 6.8440 57 33 21
-2.8758 -0.9520 6.8440 55 26 3
-2.7911 -0.9737 7.0000 37 23 19
-2.8120 -1.0323 7.4210 27 13 9
-2.7526 -1.0711 7.7000 46 22 10
-2.7733 -1.1425 8.2130 60 36 38
-2.6821 -1.1738 8.4380 74 76 63
-2.6084 -1.2241 8.8000 42 39 34
-2.4692 -1.2418 8.9270 45 29 26
-1.9258 -1.2241 8.8000 26 26 26
-2.6653 -1.8627 13.3910 31 31 35
-2.1036 -1.6478 11.8460 30 29 33
-1.9438 -1.7138 12.3200 45 44 44
-2.4996 -2.5201 18.1170 33 25 24
-2.5632 -3.0601 21.9990 27 23 24
-2.1275 -3.0601 21.9990 23 17 19
-1.4485 -2.6776 19.2490 28 19 22
-1.5525 -3.8947 27.9990 25 21 22
-1.3087 -5.3553 38.4990 23 20 17
-0.7945 -7.7896 55.9990 20 15 13
0.3731 -7.1404 51.3320 22 17 15
0.7251 -3.7255 26.7820 32 24 21
1.2032 -3.5702 25.6660 15 11 16
1.2380 -2.5201 18.1170 20 17 14
1.4673 -2.3158 16.6480 15 12 9
2.1096 -2.6776 19.2490 12 12 8
2.6570 -2.8562 20.5330 15 10 6
3.0975 -2.8562 20.5330 10 9 11
5.0060 -4.0803 29.3330 17 12 10
12.3294 -7.7896 55.9990 14 10 11
14.7821 -8.5685 61.5980 10 9 11
12.3093 -6.5911 47.3830 6 5 5
12.3742 -6.1204 43.9990 9 4 2
14.2643 -6.5911 47.3830 6 0 2
16.5545 -7.1404 51.3320 14 6 5
17.7052 -6.5911 47.3830 16 8 7
12.8097 -4.5097 32.4200 12 4 3
17.0392 -5.7124 41.0660 11 3 2
27.7949 -8.5685 61.5980 12 7 5
20.7977 -6.1204 43.9990 17 17 11
23.3357 -6.5911 47.3830 8 6 0
28.7805 -7.7896 55.9990 12 2 0
-3.6576 -0.9622 7.0000 22 8 4
-3.7640 -1.0325 7.5120 28 13 12
-3.5714 -1.0200 7.4210 35 12 9
-3.1823 -0.9513 6.9210 32 13 9
-3.0113 -0.9407 6.8440 53 28 21
-2.8132 -0.9202 6.6950 55 26 5
-2.7596 -0.9513 6.9210 36 22 16
-2.8120 -1.0200 7.4210 29 15 11
-2.7526 -1.0584 7.7000 45 19 8
-2.7733 -1.1289 8.2130 57 30 33
-2.6682 -1.1598 8.4380 51 68 54
-2.6084 -1.2096 8.8000 39 36 31
-2.4341 -1.2096 8.8000 50 31 29
-1.9258 -1.2096 8.8000 25 29 24
-2.4521 -1.6934 12.3200 40 40 42
-2.0638 -1.5975 11.6220 35 31 36
-1.9056 -1.6602 12.0780 43 43 43
-2.7086 -2.7312 19.8700 37 31 33
-2.5632 -3.0238 21.9990 29 25 26
-2.0912 -3.0238 21.9990 32 24 23
-1.4485 -2.6458 19.2490 28 20 19
-1.5525 -3.8485 27.9990 24 19 17
-1.3087 -5.2918 38.4990 20 16 17
-0.7945 -7.6972 55.9990 22 17 15
0.3731 -7.0557 51.3320 20 15 13
0.7251 -3.6813 26.7820 38 28 26
1.1957 -3.3867 24.6390 15 11 16
1.2755 -2.5657 18.6660 18 14 15
1.4948 -2.2883 16.6480 16 13 10
2.1096 -2.6458 19.2490 6 6 2
2.6570 -2.8223 20.5330 19 16 11
3.0975 -2.8223 20.5330 7 6 8
5.0060 -4.0319 29.3330 5 0 1
12.3294 -7.6972 55.9990 22 18 19
13.4385 -7.6972 55.9990 9 8 10
12.3875 -6.5129 47.3830 10 9 9
11.5493 -5.6446 41.0660 11 3 2
12.3626 -5.6446 41.0660 9 3 5
15.2809 -6.5129 47.3830 13 8 6
22.3052 -8.4668 61.5980 5 4 6
13.8981 -4.9805 36.2340 15 5 5
13.8037 -4.7038 34.2210 5 1 2
23.7897 -7.6972 55.9990 7 6 6
25.7306 -7.6972 55.9990 10 5 3
19.7502 -5.6446 41.0660 14 9 5
23.7267 -6.5129 47.3830 22 10 8
29.1502 -7.6972 55.9990 19 16 11
-3.7269 -0.9842 7.2470 33 11 13
-3.6694 -1.0078 7.4210 19 20 11
-3.4279 -0.9842 7.2470 84 68 65
-3.1017 -0.9294 6.8440 39 11 10
-2.9225 -0.9192 6.7690 58 36 26
-2.7283 -0.8994 6.6230 51 35 14
-2.7449 -0.9506 7.0000 41 22 9
-2.8190 -1.0328 7.6050 44 25 23
-2.7358 -1.0589 7.7970 44 28 25
-2.7421 -1.1304 8.3240 44 33 39
-2.6487 -1.1618 8.5550 67 76 58
-2.5724 -1.2123 8.9270 44 35 30
-2.0132 -1.1782 8.6760 45 47 34
-2.1619 -1.3942 10.2660 37 28 31
-2.3568 -1.7072 12.5710 28 34 36
-1.8780 -1.5210 11.2000 62 58 61
-2.3094 -2.1449 15.7940 39 39 41
-2.6852 -2.8846 21.2410 35 27 24
-2.2295 -2.8846 21.2410 28 22 24
-1.5895 -2.5349 18.6660 27 16 20
-1.4532 -3.0982 22.8140 24 15 18
-1.4231 -4.4027 32.4200 19 10 13
-1.0599 -5.9752 43.9990 17 11 13
-0.1475 -7.6048 55.9990 10 9 13
0.5037 -3.9835 29.3330 21 21 17
0.9151 -3.2174 23.6920 23 14 17
1.2854 -2.9875 21.9990 15 10 8
1.3669 -2.3237 17.1110 14 14 10
1.7546 -2.3901 17.6000 12 12 8
2.6651 -2.9875 21.9990 12 9 6
2.9940 -2.8846 21.2410 11 11 7
3.5365 -2.9875 21.9990 14 9 7
11.2239 -8.3652 61.5980 19 15 18
13.2536 -7.6048 55.9990 5 5 5
12.2311 -6.4347 47.3830 8 8 8
10.7003 -5.2283 38.4990 7 1 3
13.1730 -5.9752 43.9990 15 5 5
14.0444 -5.9752 43.9990 10 5 3
22.2035 -8.3652 61.5980 5 4 6
14.6397 -5.2283 38.4990 11 1 1
13.6907 -4.6473 34.2210 8 5 2
21.6376 -6.9710 51.3320 7 3 4
25.5458 -7.6048 55.9990 12 4 1
21.0156 -5.9752 43.9990 13 11 3
23.5703 -6.4347 47.3830 21 13 10
29.0578 -7.6048 55.9990 17 12 8
-3.7073 -0.9609 7.1630 36 16 17
-3.6939 -0.9955 7.4210 19 7 5
-3.4927 -0.9837 7.3330 29 10 8
-3.1243 -0.9181 6.8440 46 16 9
-2.9774 -0.9181 6.8440 41 28 17
-2.7501 -0.8885 6.6230 49 28 11
-2.7254 -0.9285 6.9210 42 27 17
-2.8441 -1.0202 7.6050 46 27 25
-2.7144 -1.0330 7.7000 55 36 34
-2.7326 -1.1018 8.2130 34 34 36
-2.6404 -1.1320 8.4380 40 34 40
-2.6018 -1.1976 8.9270 64 61 45
-2.4250 -1.1976 8.9270 69 47 49
-2.0116 -1.2520 9.3330 33 24 27
-2.3641 -1.6203 12.0780 37 36 36
-1.9519 -1.5025 11.2000 58 57 59
-1.9824 -1.7216 12.8330 38 38 40
-2.5137 -2.5041 18.6660 32 22 22
-2.2495 -2.6656 19.8700 23 22 22
-1.7435 -2.5041 18.6660 34 29 25
-1.3850 -2.5823 19.2490 28 20 19
-1.5296 -3.9351 29.3330 27 17 17
-1.2604 -5.5091 41.0660 18 14 17
-0.5158 -6.3565 47.3830 16 12 13
0.4069 -5.1647 38.4990 19 14 12
0.6930 -3.0606 22.8140 57 55 47
1.1888 -3.1783 23.6920 17 8 11
1.3371 -2.5041 18.6660 15 12 7
1.5223 -2.2334 16.6480 16 11 9
2.3980 -2.8495 21.2410 15 12 9
3.0274 -3.0606 22.8140 19 15 8
3.3913 -2.9512 21.9990 10 11 7
6.3033 -4.8609 36.2340 23 22 24
13.0688 -7.5124 55.9990 6 7 3
11.9965 -6.3565 47.3830 9 6 3
10.5097 -5.1647 38.4990 11 7 8
12.9551 -5.9026 43.9990 10 2 1
12.9048 -5.5091 41.0660 7 2 0
17.2322 -6.8863 51.3320 9 6 3
19.9080 -7.5124 55.9990 7 1 3
13.6588 -4.8609 36.2340 10 2 1
12.8632 -4.3492 32.4200 8 3 1
19.7384 -6.3565 47.3830 7 2 0
27.1850 -8.2635 61.5980 13 10 7
25.8230 -7.5124 55.9990 17 12 10
19.8180 -5.5091 41.0660 10 2 0
22.1048 -5.9026 43.9990 22 14 11
26.8902 -6.8863 51.3320 23 20 15
-3.7149 -0.9602 7.2470 27 7 8
-3.6017 -0.9716 7.3330 19 20 9
-3.3763 -0.9491 7.1630 25 18 10
-3.0904 -0.9068 6.8440 54 27 21
-2.8795 -0.8871 6.6950 51 39 23
-2.6603 -0.8591 6.4840 45 26 11
-2.7529 -0.9381 7.0800 43 25 16
-2.8065 -1.0077 7.6050 44 25 19
-2.7100 -1.0331 7.7970 39 23 20
-2.6920 -1.0882 8.2130 38 27 31
-2.6346 -1.1336 8.5550 39 36 31
-2.5213 -1.1660 8.8000 66 57 48
-2.0414 -1.1029 8.3240 58 49 44
-1.9817 -1.2182 9.1940 46 37 40
-2.3641 -1.6004 12.0780 38 37 39
-1.9519 -1.4840 11.2000 64 64 64
-1.9824 -1.7004 12.8330 40 40 42
-2.5605 -2.5505 19.2490 36 28 27
-2.2495 -2.6328 19.8700 22 22 22
-1.7435 -2.4733 18.6660 31 26 22
-1.3850 -2.5505 19.2490 21 13 12
-1.6061 -4.0809 30.7990 30 20 20
-1.3504 -5.8300 43.9990 20 16 19
-0.5158 -6.2783 47.3830 20 16 17
0.4069 -5.1012 38.4990 19 13 15
0.6930 -3.0229 22.8140 42 42 36
1.1448 -3.0229 22.8140 15 9 11
1.3371 -2.4733 18.6660 18 15 12
1.5223 -2.2059 16.6480 16 11 9
2.3980 -2.8145 21.2410 13 10 7
3.0274 -3.0229 22.8140 17 13 6
3.3913 -2.9149 21.9990 11 12 8
6.3033 -4.8011 36.2340 23 19 22
11.8102 -6.8016 51.3320 6 5 5
11.8401 -6.2783 47.3830 9 6 3
10.3826 -5.1012 38.4990 6 5 5
11.2086 -5.1012 38.4990 9 0 3
12.7693 -5.4413 41.0660 9 6 3
14.6253 -5.8300 43.9990 7 3 4
15.4967 -5.8300 43.9990 6 2 3
12.7871 -4.5344 34.2210 8 3 1
12.1184 -4.0809 30.7990 12 4 3
18.2561 -5.8300 43.9990 9 1 0
26.7783 -8.1619 61.5980 9 6 3
25.5458 -7.4200 55.9990 12 7 5
19.6147 -5.4413 41.0660 9 10 1
20.4280 -5.4413 41.0660 17 9 6
26.6361 -6.8016 51.3320 15 3 1
-3.6644 -0.9264 7.0800 29 14 13
-3.5953 -0.9483 7.2470 29 20 15
-3.4118 -0.9373 7.1630 29 10 6
-3.1594 -0.9056 6.9210 48 18 11
-2.9774 -0.8956 6.8440 59 50 33
-2.7211 -0.8575 6.5530 36 21 11
-2.7254 -0.9056 6.9210 35 21 13
-2.8441 -0.9951 7.6050 42 26 23
-2.7144 -1.0076 7.7000 37 18 14
-2.7326 -1.0747 8.2130 33 32 32
-2.6629 -1.1194 8.5550 39 30 35
-2.5648 -1.1515 8.8000 54 48 35
-2.3905 -1.1515 8.8000 69 53 50
-1.9403 -1.1515 8.8000 30 31 27
-2.2075 -1.4394 11.0000 36 30 34
-1.9715 -1.4394 11.0000 92 90 80
-1.8186 -1.4926 11.4070 34 37 38
-2.2969 -2.1784 16.6480 32 23 28
-2.2056 -2.4425 18.6660 25 24 24
-1.7820 -2.3706 18.1170 26 21 17
-1.3159 -2.2390 17.1110 27 16 20
-1.5292 -3.5045 26.7820 26 17 20
-1.4637 -5.3736 41.0660 20 16 19
-0.6968 -5.7574 43.9990 14 10 11
0.2036 -4.7413 36.2340 16 12 13
0.6264 -3.2241 24.6390 28 22 24
0.9957 -2.7794 21.2410 21 16 14
1.2836 -2.5188 19.2490 20 15 13
1.4799 -2.2390 17.1110 17 12 10
2.1448 -2.6000 19.8700 13 12 12
3.0266 -3.1001 23.6920 11 10 10
3.2823 -2.8786 21.9990 6 6 6
5.2053 -4.0301 30.7990 21 17 18
11.5560 -6.7169 51.3320 7 6 6
12.5727 -6.7169 51.3320 8 4 5
10.2555 -5.0377 38.4990 8 9 5
10.3698 -4.7413 36.2340 8 2 4
12.5660 -5.3736 41.0660 11 2 5
14.4075 -5.7574 43.9990 6 3 0
15.2789 -5.7574 43.9990 9 6 3
14.1950 -5.0377 38.4990 9 5 6
11.9659 -4.0301 30.7990 13 3 3
16.8359 -5.3736 41.0660 9 5 6
26.4733 -8.0602 61.5980 17 7 5
25.2685 -7.3276 55.9990 14 6 5
22.3973 -6.2002 47.3830 11 11 5
18.9604 -5.0377 38.4990 14 10 3
24.3524 -6.2002 47.3830 21 13 10
-3.6163 -0.8942 6.9210 22 12 10
-3.6743 -0.9474 7.3330 27 10 12
-3.4472 -0.9255 7.1630 27 6 3
-3.1823 -0.8942 6.9210 30 16 10
-3.0452 -0.8942 6.9210 49 34 24
-2.7245 -0.8377 6.4840 43 25 16
-2.6990 -0.8746 6.7690 31 12 8
-2.8465 -0.9706 7.5120 24 9 8
-2.7526 -0.9949 7.7000 32 11 10
-2.7368 -1.0472 8.1050 36 16 17
-2.6682 -1.0902 8.4380 57 55 43
-2.6084 -1.1370 8.8000 36 39 21
-2.3663 -1.1053 8.5550 65 47 38
-1.9580 -1.0902 8.4380 31 39 36
-1.9808 -1.2058 9.3330 17 26 19
-2.1763 -1.4738 11.4070 38 40 46
-1.8478 -1.3963 10.8070 53 53 55
-1.9188 -1.6580 12.8330 66 69 46
-2.1027 -2.0944 16.2100 39 31 28
-1.8023 -2.1509 16.6480 24 23 23
-1.3971 -2.0406 15.7940 23 17 19
-1.3641 -2.5672 19.8700 27 22 20
-1.6151 -4.4214 34.2210 24 19 17
-1.1248 -5.3058 41.0660 20 16 17
-0.2611 -5.6847 43.9990 16 15 17
0.4497 -4.1887 32.4200 19 16 13
0.7771 -2.8423 21.9990 13 9 10
1.1710 -2.7444 21.2410 18 15 10
1.3875 -2.3407 18.1170 12 12 8
1.6965 -2.2739 17.6000 18 15 12
2.6509 -2.9476 22.8140 12 6 8
3.2612 -3.0610 23.6920 14 11 6
3.7305 -3.0610 23.6920 17 17 13
10.0189 -7.2352 55.9990 32 28 29
11.1362 -6.1220 47.3830 10 10 10
11.2849 -5.6847 43.9990 12 9 6
10.0110 -4.6815 36.2340 10 9 9
11.3992 -4.9741 38.4990 8 2 4
13.9718 -5.6847 43.9990 9 1 0
12.9877 -4.9741 38.4990 6 3 0
13.8137 -4.9741 38.4990 8 2 4
11.6609 -3.9793 30.7990 11 3 2
12.9702 -4.1887 32.4200 4 3 3
21.5529 -6.6322 51.3320 9 5 6
24.7140 -7.2352 55.9990 12 9 6
25.8230 -7.2352 55.9990 10 5 3
19.7502 -5.3058 41.0660 9 4 0
20.6313 -5.3058 41.0660 10 5 1
24.7434 -6.1220 47.3830 60 58 46
-3.6719 -0.9137 7.1630 21 14 8
-3.5714 -0.9244 7.2470 17 13 6
-3.3372 -0.9031 7.0800 23 16 10
-3.1252 -0.8828 6.9210 54 34 26
-2.8905 -0.8540 6.6950 35 24 15
-2.6324 -0.8184 6.4160 45 25 15
-2.7025 -0.8828 6.9210 41 26 14
-2.8415 -0.9821 7.7000 45 26 20
-2.7229 -0.9945 7.7970 40 21 19
-2.6920 -1.0476 8.2130 29 17 17
-2.6719 -1.1066 8.6760 30 21 24
-2.4857 -1.1066 8.6760 67 51 46
-2.0972 -1.0763 8.4380 80 74 61
-1.9694 -1.1225 8.8000 34 31 28
-2.1866 -1.3784 10.8070 66 60 62
-2.0078 -1.4031 11.0000 56 49 62
-1.7718 -1.4031 11.0000 29 29 33
-2.1224 -1.9163 15.0240 33 27 33
-1.9947 -2.1235 16.6480 31 30 32
-1.6650 -2.1235 16.6480 21 18 15
-1.2667 -2.0145 15.7940 25 16 21
-1.5734 -3.4161 26.7820 23 18 16
-1.4993 -4.9106 38.4990 20 16 17
-0.6733 -4.9106 38.4990 17 12 10
0.0751 -4.1352 32.4200 11 10 12
0.5632 -3.0219 23.6920 24 18 22
0.8659 -2.5344 19.8700 15 12 9
1.3353 -2.6190 20.5330 15 11 12
1.4931 -2.2449 17.6000 14 14 10
2.0793 -2.5344 19.8700 12 12 12
3.2364 -3.2737 25.6660 9 8 8
3.3286 -2.9100 22.8140 10 10 10
5.1545 -3.9285 30.7990 23 23 19
12.4218 -7.1428 55.9990 9 5 6
10.7040 -5.6121 43.9990 7 3 4
10.1284 -4.9106 38.4990 7 6 6
10.3100 -4.6217 36.2340 10 5 3
12.4982 -5.2380 41.0660 11 2 5
13.3115 -5.2380 41.0660 8 3 1
11.8269 -4.3649 34.2210 14 9 7
11.8466 -4.1352 32.4200 7 3 4
10.8318 -3.5713 27.9990 12 4 3
16.7003 -5.2380 41.0660 5 4 4
23.9746 -7.1428 55.9990 8 3 0
25.0836 -7.1428 55.9990 15 7 6
26.1927 -7.1428 55.9990 12 13 4
18.8334 -4.9106 38.4990 11 11 5
22.3953 -5.6121 43.9990 11 3 2
25.1344 -6.0438 47.3830 9 9 5
-3.6246 -0.9018 7.1630 19 9 9
-3.4709 -0.9018 7.1630 31 10 7
-3.2533 -0.8813 7.0000 22 19 5
-3.1031 -0.8813 7.0000 27 22 0
-2.7171 -0.8078 6.4160 39 21 12
-2.6175 -0.8163 6.4840 31 18 7
-2.8713 -0.9458 7.5120 19 11 8
-2.7562 -0.9575 7.6050 42 28 24
-2.7278 -1.0072 8.0000 30 13 15
-2.6734 -1.0480 8.3240 33 24 15
-2.6755 -1.1239 8.9270 25 27 16
-2.3946 -1.0771 8.5550 50 36 30
-2.0555 -1.0624 8.4380 99 98 83
-1.9548 -1.1079 8.8000 33 29 30
-2.1124 -1.3144 10.4400 38 32 34
-1.9209 -1.3371 10.6200 40 31 38
-1.7106 -1.3371 10.6200 25 25 29
-1.9112 -1.7235 13.6890 30 21 28
-1.8001 -1.8915 15.0240 46 45 47
-1.5147 -1.9389 15.4000 26 23 18
-1.2734 -2.0409 16.2100 29 21 20
-1.5734 -3.3719 26.7820 15 10 8
-1.3513 -4.5619 36.2340 19 18 18
-0.5386 -3.8776 30.7990 22 19 16
0.1164 -3.6931 29.3330 13 13 13
0.5423 -2.8723 22.8140 33 27 31
0.8706 -2.4235 19.2490 14 11 8
1.3814 -2.6743 21.2410 19 16 13
1.5669 -2.2810 18.1170 15 10 8
2.1120 -2.5017 19.8700 11 11 11
3.3772 -3.3719 26.7820 11 11 7
3.4958 -2.9829 23.6920 11 11 11
5.4258 -4.0817 32.4200 25 25 21
11.4713 -6.4628 51.3320 8 4 5
10.7040 -5.5395 43.9990 9 5 6
9.5924 -4.5619 36.2340 9 6 3
10.3100 -4.5619 36.2340 8 2 4
12.4982 -5.1703 41.0660 12 3 6
13.3793 -5.1703 41.0660 10 5 3
11.8269 -4.3085 34.2210 10 5 3
11.9001 -4.0817 32.4200 6 5 7
10.8318 -3.5251 27.9990 15 7 6
16.7681 -5.1703 41.0660 5 4 4
23.9746 -7.0503 55.9990 9 4 2
25.1761 -7.0503 55.9990 18 6 4
24.0945 -6.4628 51.3320 11 12 3
18.8334 -4.8471 38.4990 16 16 10
22.4679 -5.5395 43.9990 14 9 7
23.3393 -5.5395 43.9990 10 10 6
-3.6127 -0.8900 7.1630 22 7 6
-3.4307 -0.8797 7.0800 33 12 9
-3.2417 -0.8698 7.0000 21 18 4
-3.1031 -0.8698 7.0000 43 35 9
-2.7171 -0.7972 6.4160 38 19 13
-2.6345 -0.8142 6.5530 32 17 7
-2.8713 -0.9334 7.5120 17 9 8
-2.7437 -0.9449 7.6050 37 22 21
-2.7278 -0.9940 8.0000 37 20 22
-2.6596 -1.0343 8.3240 22 18 7
-2.6374 -1.0934 8.8000 26 28 17
-2.3805 -1.0630 8.5550 45 36 29
-2.1122 -1.0630 8.5550 66 73 47
-1.9428 -1.0630 8.5550 59 60 56
-2.1111 -1.2756 10.2660 27 30 29
-1.9735 -1.3195 10.6200 48 47 51
-1.7161 -1.2972 10.4400 38 38 40
-1.7461 -1.5007 12.0780 51 42 47
-1.6486 -1.6638 13.3910 26 22 25
-1.4799 -1.7799 14.3250 31 30 34
-1.2546 -1.8667 15.0240 21 15 17
-1.4701 -2.9438 23.6920 26 18 15
-1.5307 -4.5021 36.2340 22 19 16
-0.6740 -4.0282 32.4200 20 17 14
-0.0289 -3.6447 29.3330 14 13 13
0.4850 -2.9438 23.6920 19 19 23
0.8003 -2.4689 19.8700 16 12 13
1.3112 -2.6392 21.2410 18 14 15
1.5695 -2.3917 19.2490 12 13 9
2.0137 -2.4689 19.8700 16 16 16
3.2888 -3.3277 26.7820 13 9 10
3.3785 -2.9438 23.6920 16 13 10
4.5935 -3.4789 27.9990 30 30 26
13.4605 -7.6536 61.5980 11 7 10
9.8549 -5.1025 41.0660 8 4 5
10.0014 -4.7835 38.4990 5 2 0
10.1904 -4.5021 36.2340 8 3 1
12.3626 -5.1025 41.0660 12 3 8
14.1170 -5.4669 43.9990 10 5 3
11.0975 -4.0282 32.4200 7 3 4
11.7396 -4.0282 32.4200 8 4 5
10.7394 -3.4789 27.9990 9 4 2
14.6157 -4.5021 36.2340 9 8 8
23.7897 -6.9579 55.9990 7 2 0
24.8988 -6.9579 55.9990 10 10 6
24.2639 -6.3780 51.3320 14 15 4
19.0240 -4.7835 38.4990 24 26 13
22.6132 -5.4669 43.9990 28 23 21
-3.5648 -0.8391 6.8440 28 13 14
-3.5891 -0.8782 7.1630 17 1 6
-3.3956 -0.8680 7.0800 21 6 5
-3.2186 -0.8582 7.0000 30 21 16
-3.0338 -0.8485 6.9210 70 39 26
-2.6854 -0.7866 6.4160 37 18 14
-2.6695 -0.8208 6.6950 27 8 6
-2.8692 -0.9324 7.6050 23 15 12
-2.7526 -0.9440 7.7000 31 15 12
-2.7234 -0.9937 8.1050 35 24 19
-2.6682 -1.0345 8.4380 38 33 29
-2.5573 -1.0637 8.6760 25 27 16
-2.3201 -1.0345 8.4380 55 44 37
-2.1134 -1.0637 8.6760 59 66 42
-2.0124 -1.1106 9.0590 37 37 39
-2.1124 -1.2800 10.4400 39 35 38
-1.8884 -1.2800 10.4400 51 45 51
-1.6816 -1.2800 10.4400 85 107 91
-1.7917 -1.5733 12.8330 76 71 67
-1.6401 -1.6783 13.6890 72 79 71
-1.4090 -1.7563 14.3250 29 26 23
-1.2734 -1.9874 16.2100 26 21 19
-1.6449 -3.4327 27.9990 23 15 12
-1.2090 -3.9747 32.4200 16 15 15
-0.4684 -3.2835 26.7820 13 13 9
0.0978 -3.0208 24.6390 12 13 9
0.5230 -2.6971 21.9990 22 16 20
0.8706 -2.3599 19.2490 11 11 7
1.3814 -2.6042 21.2410 19 14 12
1.6648 -2.3599 19.2490 16 13 10
2.1825 -2.5174 20.5330 10 10 10
3.3772 -3.2835 26.7820 13 10 7
3.4958 -2.9047 23.6920 10 10 6
5.7272 -4.1955 34.2210 24 23 23
11.4713 -6.2933 51.3320 7 3 6
9.9905 -5.0347 41.0660 6 2 3
9.5924 -4.4423 36.2340 8 5 2
10.3100 -4.4423 36.2340 9 6 3
12.4982 -5.0347 41.0660 8 2 6
13.3793 -5.0347 41.0660 12 7 5
11.2045 -3.9747 32.4200 7 1 3
11.3051 -3.7760 30.7990 3 2 4
10.8318 -3.4327 27.9990 10 2 1
17.9657 -5.3943 43.9990 3 2 2
26.3717 -7.5520 61.5980 10 5 3
27.6933 -7.5520 61.5980 12 2 0
18.6427 -4.7200 38.4990 8 5 2
20.6991 -5.0347 41.0660 27 29 11
23.1215 -5.3943 43.9990 23 31 20
-3.5767 -0.8467 7.0000 18 14 15
-3.4657 -0.8563 7.0800 36 27 18
-3.2879 -0.8467 7.0000 26 22 13
-3.1736 -0.8563 7.0800 61 46 18
-2.8376 -0.8011 6.6230 54 26 25
-2.6218 -0.7760 6.4160 35 19 16
-2.8059 -0.8765 7.2470 33 23 11
-2.8288 -0.9313 7.7000 39 23 16
-2.7317 -0.9551 7.8970 31 14 16
-2.6784 -0.9934 8.2130 29 9 12
-2.6432 -1.0494 8.6760 25 16 19
-2.4036 -1.0206 8.4380 57 47 45
-2.2453 -1.0644 8.8000 68 61 40
-2.0418 -1.0494 8.6760 49 48 48
-1.9817 -1.1120 9.1940 51 51 47
-2.0262 -1.2627 10.4400 35 38 39
-1.7599 -1.2214 10.0980 56 72 63
-1.5955 -1.2627 10.4400 114 127 96
-1.6066 -1.4608 12.0780 42 33 40
-1.4621 -1.5852 13.1060 29 26 23
-1.2561 -1.6557 13.6890 23 15 14
-1.3122 -2.2577 18.6660 26 21 19
-1.6371 -3.9212 32.4200 24 14 12
-0.8593 -3.3865 27.9990 15 15 19
-0.1962 -2.5691 21.2410 13 13 15
0.2325 -2.6608 21.9990 12 11 11
0.6363 -2.4033 19.8700 50 57 49
0.9977 -2.3282 19.2490 13 9 10
1.5048 -2.4835 20.5330 9 8 8
1.8497 -2.4033 19.8700 21 13 10
2.6747 -2.8656 23.6920 13 10 7
3.3103 -2.9801 24.6390 12 8 9
4.1286 -3.2393 26.7820 15 10 8
9.8340 -6.7731 55.9990 23 21 28
10.1231 -5.3217 43.9990 7 6 6
10.3293 -4.9669 41.0660 6 3 0
9.2854 -4.1390 34.2210 5 5 1
12.0237 -4.9669 41.0660 9 4 2
14.8117 -5.7310 47.3830 7 3 4
12.7971 -4.6565 38.4990 6 1 0
12.1093 -4.1390 34.2210 7 2 0
10.9606 -3.5478 29.3330 8 2 4
12.1692 -3.7252 30.7990 11 1 1
19.6602 -5.7310 47.3830 8 5 2
24.4367 -6.7731 55.9990 7 3 4
26.3776 -6.7731 55.9990 18 19 8
17.7851 -4.3825 36.2340 19 19 13
22.5405 -5.3217 43.9990 33 24 17
-3.5481 -0.8075 6.7690 20 5 6
-3.5592 -0.8446 7.0800 15 9 11
-3.3803 -0.8351 7.0000 39 16 11
-3.2671 -0.8446 7.0800 37 11 7
-3.0915 -0.8351 7.0000 53 21 15
-2.6959 -0.7654 6.4160 37 23 15
-2.6806 -0.7987 6.6950 27 13 9
-2.8943 -0.9073 7.6050 17 12 10
-2.7653 -0.9186 7.7000 32 12 15
-2.7146 -0.9544 8.0000 24 12 10
-2.6821 -1.0067 8.4380 36 28 25
-2.4810 -0.9931 8.3240 30 32 23
-2.3663 -1.0206 8.5550 40 32 29
-2.1582 -1.0498 8.8000 65 72 50
-1.9839 -1.0498 8.8000 45 40 36
-2.0598 -1.2047 10.0980 37 36 38
-1.8908 -1.2247 10.2660 65 65 67
-1.6432 -1.2047 10.0980 52 61 52
-1.6610 -1.3865 11.6220 68 65 49
-1.4964 -1.4698 12.3200 94 94 74
-1.3613 -1.5975 13.3910 31 31 31
-1.2351 -1.8372 15.4000 24 19 17
-1.6911 -3.3403 27.9990 21 18 13
-1.2503 -3.6743 30.7990 23 19 20
-0.4534 -2.8265 23.6920 13 13 13
0.0147 -2.6245 21.9990 16 16 10
0.4699 -2.5341 21.2410 14 13 15
0.8071 -2.2964 19.2490 12 6 8
1.3943 -2.6245 21.9990 16 8 7
1.7081 -2.4496 20.5330 14 14 10
2.2227 -2.5341 21.2410 10 11 7
3.3330 -3.1951 26.7820 13 9 10
3.5542 -2.9394 24.6390 13 13 9
5.6707 -4.0826 34.2210 13 7 11
12.1446 -6.6807 55.9990 6 6 6
9.7871 -4.8992 41.0660 10 5 3
9.3532 -4.3227 36.2340 6 2 3
10.1306 -4.3227 36.2340 7 3 4
13.1730 -5.2491 43.9990 9 3 5
14.0444 -5.2491 43.9990 9 4 2
11.6575 -4.0826 34.2210 9 4 2
11.6860 -3.8677 32.4200 5 2 0
10.6932 -3.3403 27.9990 6 2 3
15.4658 -4.5929 38.4990 2 1 1
26.0667 -7.3487 61.5980 9 6 3
24.8064 -6.6807 55.9990 6 6 2
21.1608 -5.2491 43.9990 9 10 4
19.2781 -4.5929 38.4990 19 16 2
22.9036 -5.2491 43.9990 41 33 21
-3.5592 -0.8143 6.9210 25 16 11
-3.5008 -0.8330 7.0800 24 17 11
-3.3489 -0.8330 7.0800 30 15 14
-3.2086 -0.8330 7.0800 85 62 41
