ply
format ascii 1.0
element vertex 5000
property float x
property float y
property float z
property uchar red
property uchar green
property uchar blue
end_header
-27.2744 -19.4220 50.8730 215 196 181
-17.4654 -12.9482 33.9160 104 93 97
-16.7475 -12.9482 33.9160 94 96 104
-19.2355 -15.5378 40.6990 190 159 148
-11.9831 -10.1334 26.5430 250 240 210
-10.9454 -9.7112 25.4370 207 192 164
-10.4070 -9.7112 25.4370 254 215 197
-13.9321 -13.7099 35.9110 214 173 156
-17.2248 -17.9281 46.9600 198 183 173
-12.4119 -13.7099 35.9110 204 188 181
-8.2534 -9.7112 25.4370 255 252 244
-8.0504 -10.1334 26.5430 216 222 222
-6.8894 -9.3225 24.4190 254 255 251
-6.6382 -9.7112 25.4370 254 255 251
-7.7050 -12.2668 32.1310 217 225 214
-9.5337 -16.6476 43.6060 230 223 215
14.9811 -23.3065 61.0480 254 254 254
23.0864 -19.4220 50.8730 254 254 254
11.5983 -9.3225 24.4190 254 254 254
-29.5732 -21.0973 55.4980 200 176 164
-16.4416 -12.2145 32.1310 107 95 95
-17.6157 -13.6514 35.9110 108 97 105
-19.1029 -15.4716 40.6990 189 158 145
-11.8967 -10.0902 26.5430 254 242 213
-10.8626 -9.6698 25.4370 155 134 129
-10.3242 -9.6698 25.4370 255 238 209
-14.6785 -14.5045 38.1550 170 134 124
-15.8525 -16.5767 43.6060 199 184 174
-12.2950 -13.6514 35.9110 210 191 185
-8.1706 -9.6698 25.4370 254 255 249
-7.9640 -10.0902 26.5430 219 232 219
-6.8098 -9.2828 24.4190 254 255 249
-6.8404 -10.0902 26.5430 254 255 251
-8.0226 -12.8930 33.9160 213 223 211
-11.6818 -21.0973 55.4980 178 168 178
13.1468 -19.3392 50.8730 254 254 254
13.6659 -11.0512 29.0710 254 254 254
3.7544 -2.8302 7.4450 176 170 201
-18.5512 -13.5930 35.9110 107 97 97
-16.8027 -12.8378 33.9160 101 104 105
-19.3017 -15.4053 40.6990 190 159 148
-12.5728 -10.5035 27.7490 255 248 216
-11.4645 -10.0470 26.5430 255 241 216
-10.0303 -9.2430 24.4190 245 198 185
-12.5179 -12.1622 32.1310 248 207 188
-18.7429 -19.2564 50.8730 197 182 172
-12.4704 -13.5930 35.9110 204 191 180
-8.6555 -10.0470 26.5430 218 202 197
-8.0936 -10.0470 26.5430 211 218 212
-6.9291 -9.2430 24.4190 254 255 247
-6.9700 -10.0470 26.5430 254 255 247
-7.7573 -12.1622 32.1310 251 255 250
-9.4627 -16.5057 43.6060 255 255 240
-9.3712 -23.1078 61.0480 252 255 251
25.1853 -21.0070 55.4980 252 255 251
9.6652 -7.7025 20.3490 252 255 251
-27.2744 -19.1735 50.8730 210 191 174
-16.5462 -12.1099 32.1310 104 94 94
-16.7475 -12.7826 33.9160 100 100 102
-19.2355 -15.3391 40.6990 191 160 149
-11.9831 -10.0038 26.5430 255 253 219
-11.4213 -10.0038 26.5430 213 194 169
-10.4070 -9.5870 25.4370 240 201 183
-13.9321 -13.5345 35.9110 245 204 183
-17.2248 -17.6988 46.9600 197 182 170
-12.4119 -13.5345 35.9110 201 187 179
-8.2534 -9.5870 25.4370 255 253 242
-8.0072 -10.0038 26.5430 228 230 219
-7.1352 -9.5870 25.4370 254 255 249
-6.8836 -10.0038 26.5430 254 255 249
-7.6527 -12.1099 32.1310 251 255 248
-10.8740 -19.1735 50.8730 179 180 176
-9.1724 -23.0084 61.0480 252 255 249
14.9997 -12.1099 32.1310 252 255 251
3.9088 -2.9499 7.8270 244 246 254
-21.2234 -15.2728 40.6990 124 106 97
-15.2714 -11.4545 30.5240 99 98 98
-18.2816 -14.3181 38.1550 190 159 146
-13.3138 -10.9093 29.0710 225 191 179
-11.5942 -9.9606 26.5430 255 246 217
-10.5727 -9.5456 25.4370 126 103 98
-11.4678 -10.9093 29.0710 244 222 194
-18.9914 -19.0907 50.8730 194 176 165
-12.6458 -13.4761 35.9110 201 186 176
-9.6218 -10.9093 29.0710 205 189 182
-7.5653 -9.1635 24.4190 196 195 195
-7.0484 -9.1635 24.4190 252 250 240
-7.4222 -10.4132 27.7490 149 135 131
-7.1605 -10.9093 29.0710 254 255 251
-8.5904 -14.3181 38.1550 244 234 232
-9.7688 -22.9090 61.0480 144 153 163
14.1613 -20.8263 55.4980 252 255 251
20.1436 -16.3637 43.6060 252 255 251
4.0121 -3.0546 8.1400 252 255 251
-24.7942 -17.5459 46.9600 188 162 147
-14.7338 -10.8619 29.0710 99 93 95
-16.4714 -12.6722 33.9160 180 153 145
-15.7535 -12.6722 33.9160 188 157 146
-11.7671 -9.9174 26.5430 245 233 204
-11.2052 -9.9174 26.5430 136 122 118
-11.0818 -10.3680 27.7490 253 237 205
-16.4915 -16.2927 43.6060 193 172 157
-12.8212 -13.4176 35.9110 201 186 174
-11.3911 -12.6722 33.9160 207 194 183
-7.3890 -8.7729 23.4800 252 255 251
-7.1677 -9.1238 24.4190 160 149 155
-7.2293 -9.9174 26.5430 178 167 160
-6.9704 -10.3680 27.7490 254 255 249
-7.8017 -12.6722 33.9160 190 180 180
-12.7507 -22.8097 61.0480 193 205 207
-8.9736 -22.8097 61.0480 252 255 249
16.3726 -22.8097 61.0480 252 255 251
4.2890 -3.3059 8.8480 252 255 251
-25.1765 -17.4694 46.9600 205 186 169
-15.7187 -11.3551 30.5240 111 106 102
-15.8661 -11.9530 32.1310 98 97 97
-18.0331 -14.1939 38.1550 189 158 147
-11.9831 -9.8742 26.5430 255 255 220
-11.9403 -10.3228 27.7490 189 174 148
-10.8595 -9.8742 26.5430 192 156 146
-13.1581 -12.6170 33.9160 245 204 183
-15.9945 -16.2217 43.6060 195 180 168
-12.4119 -13.3591 35.9110 202 187 177
-8.2534 -9.4627 25.4370 255 253 242
-7.7150 -9.4627 25.4370 153 153 153
-7.1766 -9.4627 25.4370 254 255 249
-7.5865 -10.8146 29.0710 142 127 126
-7.7050 -11.9530 32.1310 254 255 251
-9.5337 -16.2217 43.6060 186 187 174
-8.7000 -20.6456 55.4980 204 199 209
14.3420 -20.6456 55.4980 252 255 251
11.9576 -9.4627 25.4370 252 255 251
3.8233 -2.8388 7.6310 187 189 197
-18.6097 -13.3007 35.9110 129 120 115
-15.1720 -11.3055 30.5240 109 109 105
-18.1574 -14.1318 38.1550 188 157 146
-12.6180 -10.2777 27.7490 255 236 209
-12.0306 -10.2777 27.7490 255 252 220
-10.4898 -9.4213 25.4370 134 107 112
-11.9416 -11.3055 30.5240 248 214 190
-16.1365 -16.1508 43.6060 197 179 168
-11.8328 -12.5618 33.9160 206 191 179
-8.6987 -9.8310 26.5430 217 198 192
-7.4857 -9.0443 24.4190 253 253 249
-6.9689 -9.0443 24.4190 254 255 247
-7.6812 -10.7673 29.0710 159 148 141
-7.4190 -11.3055 30.5240 254 255 251
-8.4662 -14.1318 38.1550 254 255 243
-10.0670 -22.6109 61.0480 165 170 177
15.1799 -22.6109 61.0480 252 255 251
25.5467 -20.5553 55.4980 252 255 251
4.0811 -3.0975 8.3630 252 255 251
-23.2363 -16.0798 43.6060 195 171 157
-15.6193 -11.2558 30.5240 144 146 135
-15.7615 -11.8483 32.1310 113 108 106
-16.8556 -13.2422 35.9110 190 159 148
-11.4010 -9.3799 25.4370 255 255 220
-11.8499 -10.2325 27.7490 164 149 139
-10.7731 -9.7878 26.5430 255 239 207
-13.0477 -12.5066 33.9160 173 137 118
-13.0551 -13.2422 35.9110 201 183 172
-12.2950 -13.2422 35.9110 205 190 180
-7.8436 -9.0045 24.4190 254 255 249
-7.6321 -9.3799 25.4370 157 158 152
-6.8098 -9.0045 24.4190 254 255 249
-7.4918 -10.7200 29.0710 137 126 134
-7.5480 -11.8483 32.1310 254 255 251
-10.0376 -17.3166 46.9600 171 180 173
-7.9749 -18.7595 50.8730 203 198 206
14.3420 -20.4650 55.4980 252 255 251
5.3695 -4.1687 11.3050 252 255 251
3.8833 -2.8862 7.8270 252 255 251
-21.3560 -14.9416 40.6990 190 167 148
-14.6391 -10.6726 29.0710 116 111 107
-17.3234 -13.1838 35.9110 182 156 145
-14.8198 -11.7960 32.1310 191 160 151
-11.6806 -9.7446 26.5430 251 251 218
-11.6240 -10.1873 27.7490 146 135 128
-11.5625 -10.6726 29.0710 250 234 202
-14.3679 -14.0076 38.1550 195 174 161
-12.0537 -12.4514 33.9160 206 188 177
-10.7392 -11.7960 32.1310 206 191 181
-7.0784 -8.3007 22.6100 254 255 251
-7.1279 -8.9648 24.4190 179 168 174
-7.5126 -10.1873 27.7490 184 180 181
-7.6178 -11.2061 30.5240 254 255 251
-7.7465 -12.4514 33.9160 251 255 248
-11.5011 -20.3746 55.4980 194 207 206
-8.3385 -20.3746 55.4980 254 255 251
23.3349 -18.6767 50.8730 252 255 251
4.1101 -3.1128 8.4790 252 255 251
-21.8198 -14.8753 40.6990 207 186 169
-16.5462 -11.7437 32.1310 147 148 137
-15.0726 -11.1564 30.5240 113 110 105
-16.9725 -13.1253 35.9110 188 159 149
-11.9831 -9.7014 26.5430 251 241 211
-12.5091 -10.6253 29.0710 190 175 149
-11.3529 -10.1421 27.7490 209 180 168
-12.4656 -11.7437 32.1310 244 203 182
-13.1136 -13.1253 35.9110 199 181 170
-11.6672 -12.3961 33.9160 202 187 175
-7.8833 -8.9250 24.4190 255 253 243
-7.3665 -8.9250 24.4190 244 245 234
-6.5862 -8.5818 23.4800 254 255 251
-7.9160 -11.1564 30.5240 143 139 142
-7.2699 -11.1564 30.5240 254 255 251
-8.2798 -13.9455 38.1550 251 252 241
-10.1664 -22.3128 61.0480 253 254 250
-8.8742 -22.3128 61.0480 254 255 251
27.9027 -22.3128 61.0480 252 255 251
4.0963 -3.0990 8.4790 252 255 251
3.7544 -2.7211 7.4450 173 171 201
-16.5985 -11.6914 32.1310 151 144 136
-15.1223 -11.1067 30.5240 122 115 109
-17.0310 -13.0669 35.9110 188 159 149
-12.5728 -10.0970 27.7490 255 246 216
-12.5564 -10.5780 29.0710 255 247 225
-11.3981 -10.0970 27.7490 185 166 160
-11.8919 -11.1067 30.5240 250 206 186
-14.0572 -13.8834 38.1550 196 176 166
-11.7776 -12.3409 33.9160 203 185 174
-8.6555 -9.6581 26.5430 211 195 188
-7.4460 -8.8853 24.4190 215 206 197
-6.6627 -8.5436 23.4800 254 255 249
-8.4374 -11.6914 32.1310 182 178 179
-7.7573 -11.6914 32.1310 254 255 251
-7.9098 -13.0669 35.9110 250 252 241
-10.3652 -22.2134 61.0480 254 255 251
-8.8742 -22.2134 61.0480 254 255 251
4.2314 -3.2195 8.8480 252 255 251
3.8109 -2.7767 7.6310 252 254 255
-18.7266 -13.0084 35.9110 158 128 123
-15.2217 -11.0570 30.5240 136 120 115
-16.1953 -12.2857 33.9160 188 159 149
-13.2664 -10.5307 29.0710 255 240 228
-12.6511 -10.5307 29.0710 253 253 220
-11.4885 -10.0518 27.7490 156 147 138
-11.4205 -10.5307 29.0710 254 210 192
-13.3474 -13.0084 35.9110 195 175 165
-11.2624 -11.6391 32.1310 204 186 175
-9.1391 -10.0518 27.7490 208 195 184
-6.7193 -7.8979 21.8030 254 255 249
-6.7391 -8.5054 23.4800 255 255 247
-8.1148 -11.0570 30.5240 183 186 187
-7.8619 -11.6391 32.1310 254 255 251
-8.0267 -13.0084 35.9110 252 255 249
-12.3531 -22.1140 61.0480 166 157 162
-7.7264 -18.4282 50.8730 254 255 251
21.1813 -18.4282 50.8730 252 255 251
4.8163 -3.6858 10.1750 252 255 251
3.7271 -2.7302 7.5370 252 255 251
-20.0832 -13.7592 38.1550 167 136 127
-15.4205 -11.0073 30.5240 152 130 122
-15.5522 -11.5868 32.1310 179 149 142
-14.1283 -11.0073 30.5240 188 157 148
-11.7238 -9.5717 26.5430 255 255 225
-12.8361 -11.0073 30.5240 152 153 147
-11.6098 -10.4834 29.0710 252 237 207
-12.1517 -11.5868 32.1310 193 172 155
-11.4716 -11.5868 32.1310 203 185 174
-10.7915 -11.5868 32.1310 208 193 183
-6.8613 -7.8624 21.8030 254 255 251
-6.8920 -8.4672 23.4800 160 157 152
-6.9281 -9.1729 25.4370 191 199 200
-8.0712 -11.5868 32.1310 254 255 251
-7.3388 -11.5868 32.1310 254 255 251
-10.5427 -18.3454 50.8730 198 204 204
-8.0578 -18.3454 50.8730 169 163 165
17.4660 -22.0146 61.0480 252 255 251
21.6165 -16.9343 46.9600 252 255 251
3.8068 -2.8225 7.8270 252 255 251
-20.3938 -13.6970 38.1550 195 174 159
-16.4939 -11.5345 32.1310 167 141 130
-15.0229 -10.9576 30.5240 165 135 128
-15.9744 -12.1753 33.9160 186 157 147
-11.9399 -9.5285 26.5430 254 254 219
-13.7735 -11.5345 32.1310 160 153 145
-11.8465 -10.4360 29.0710 255 229 218
-11.7925 -10.9576 30.5240 226 191 174
-11.7332 -11.5345 32.1310 199 181 170
-11.6672 -12.1753 33.9160 207 189 178
-7.8833 -8.7660 24.4190 255 254 243
-7.0832 -8.4290 23.4800 254 255 244
-6.3422 -8.1166 22.6100 254 255 249
-9.3130 -12.8915 35.9110 174 170 173
-7.6527 -11.5345 32.1310 254 255 251
-8.2798 -13.6970 38.1550 248 249 236
-9.3325 -19.9229 55.4980 254 255 251
-8.1578 -19.9229 55.4980 254 255 251
25.3660 -19.9229 55.4980 252 255 251
3.8068 -2.8098 7.8270 252 255 251
-19.1944 -12.8330 35.9110 193 172 157
-16.4939 -11.4822 32.1310 177 148 136
-15.0229 -10.9079 30.5240 174 145 135
-15.9744 -12.1201 33.9160 187 156 147
-11.9399 -9.4853 26.5430 254 254 219
-13.7735 -11.4822 32.1310 161 157 148
-11.8465 -10.3887 29.0710 255 230 219
-11.7428 -10.9079 30.5240 181 144 128
-11.0967 -10.9079 30.5240 201 183 172
-11.6119 -12.1201 33.9160 207 192 180
-7.5419 -8.3907 23.4800 254 255 249
-7.0450 -8.3907 23.4800 253 255 246
-6.5480 -8.3907 23.4800 254 255 251
-9.2546 -12.8330 35.9110 178 172 176
-7.6003 -11.4822 32.1310 254 255 251
-8.7656 -14.5441 40.6990 254 255 240
-9.4228 -19.8326 55.4980 254 255 249
-8.2481 -19.8326 55.4980 254 255 251
16.2396 -19.8326 55.4980 252 255 251
5.2360 -3.9667 11.1000 252 255 251
3.6251 -2.6284 7.3550 252 255 251
-17.9072 -12.0649 33.9160 187 158 146
-16.2846 -11.4299 32.1310 181 152 142
-14.1184 -10.3414 29.0710 181 152 142
-14.1780 -10.8583 30.5240 190 161 151
-12.3017 -9.8711 27.7490 251 239 212
-13.5642 -11.4299 32.1310 160 164 157
-12.2398 -10.8583 30.5240 253 238 208
-11.5937 -10.8583 30.5240 193 172 157
-10.9476 -10.8583 30.5240 203 185 174
-10.8439 -11.4299 32.1310 208 193 181
-6.8968 -7.7560 21.8030 254 255 249
-6.6735 -8.0430 22.6100 225 216 209
-7.2725 -9.4421 26.5430 166 166 166
-9.6465 -13.5728 38.1550 254 255 251
-7.8569 -12.0649 33.9160 254 255 251
-9.8847 -16.7050 46.9600 197 203 203
-8.3891 -18.0970 50.8730 252 255 251
-8.7748 -21.7165 61.0480 254 255 251
20.9328 -18.0970 50.8730 252 255 251
4.3131 -3.2414 9.1120 252 255 251
3.6059 -2.5854 7.2680 252 255 251
-17.7967 -12.0097 33.9160 188 159 147
-16.1800 -11.3776 32.1310 183 154 142
-14.7247 -10.8086 30.5240 189 158 149
-14.0786 -10.8086 30.5240 195 163 157
-13.4325 -10.8086 30.5240 251 236 208
-13.4596 -11.3776 32.1310 155 152 147
-12.1404 -10.8086 30.5240 250 234 202
-11.4943 -10.8086 30.5240 193 174 161
-10.8482 -10.8086 30.5240 203 185 174
-10.7392 -11.3776 32.1310 206 191 181
-7.0784 -8.0062 22.6100 254 255 251
-6.5999 -8.0062 22.6100 185 171 167
-7.8705 -10.2941 29.0710 219 230 228
-10.1572 -14.4115 40.6990 254 255 249
-8.2021 -12.7161 35.9110 254 255 251
-10.5427 -18.0142 50.8730 197 205 206
-8.2234 -18.0142 50.8730 254 255 251
17.0684 -21.6171 61.0480 252 255 251
21.0985 -18.0142 50.8730 252 255 251
3.8928 -2.8824 8.1400 252 255 251
3.5452 -2.5138 7.0990 251 254 253
-16.7555 -11.3253 32.1310 189 158 147
-16.0754 -11.3253 32.1310 183 154 142
-14.6253 -10.7589 30.5240 193 164 154
-12.7083 -9.7808 27.7490 231 200 187
-13.3331 -10.7589 30.5240 252 237 209
-12.6870 -10.7589 30.5240 147 136 131
-11.4678 -10.2467 29.0710 141 110 83
-11.3949 -10.7589 30.5240 195 176 163
-10.7488 -10.7589 30.5240 202 184 173
-10.1027 -10.7589 30.5240 205 189 182
-6.7548 -7.6850 21.8030 254 255 251
-6.2578 -7.6850 21.8030 255 255 245
-9.5469 -12.6577 35.9110 199 212 209
-9.9584 -14.3453 40.6990 254 255 251
-8.0267 -12.6577 35.9110 254 255 251
-12.3531 -21.5178 61.0480 149 152 155
-7.9749 -17.9314 50.8730 254 255 251
17.1678 -21.5178 61.0480 252 255 251
10.2465 -8.6070 24.4190 252 255 251
3.8928 -2.8691 8.1400 252 255 251
3.5042 -2.4733 7.0170 251 254 253
-16.7555 -11.2730 32.1310 188 159 147
-16.0754 -11.2730 32.1310 183 154 144
-14.6253 -10.7092 30.5240 193 164 154
-12.7083 -9.7356 27.7490 231 202 188
-14.0351 -11.2730 32.1310 255 245 216
-12.6870 -10.7092 30.5240 144 134 132
-12.0410 -10.7092 30.5240 139 107 83
-11.3949 -10.7092 30.5240 195 176 163
-10.7488 -10.7092 30.5240 201 186 174
-10.6346 -11.2730 32.1310 208 192 185
-7.0048 -7.9326 22.6100 254 255 251
-6.2933 -7.6495 21.8030 251 253 244
-9.0718 -11.8993 33.9160 208 221 218
-11.5668 -16.4757 46.9600 254 255 251
-8.0852 -12.5992 35.9110 254 255 251
-12.4525 -21.4184 61.0480 158 158 162
-7.8921 -17.8485 50.8730 254 255 251
15.8781 -19.4712 55.4980 252 255 251
3.9586 -2.9341 8.3630 252 255 251
3.5633 -2.5198 7.1820 252 255 251
-16.8601 -11.2207 32.1310 190 161 149
-16.1800 -11.2207 32.1310 184 155 145
-14.0238 -10.1521 29.0710 190 159 150
-12.7535 -9.6904 27.7490 200 170 163
-13.3828 -10.6595 30.5240 253 243 211
-13.4073 -11.2207 32.1310 143 143 137
-12.0907 -10.6595 30.5240 255 230 205
-11.4446 -10.6595 30.5240 194 175 162
-10.7985 -10.6595 30.5240 201 186 174
-10.6869 -11.2207 32.1310 209 193 186
-7.0416 -7.8958 22.6100 254 255 251
-6.3288 -7.6140 21.8030 253 254 248
-7.8232 -10.1521 29.0710 190 201 199
-11.6432 -16.3992 46.9600 254 255 249
-8.1437 -12.5407 35.9110 254 255 251
-11.4108 -19.3809 55.4980 188 189 180
-7.9749 -17.7657 50.8730 254 255 251
15.7878 -19.3809 55.4980 252 255 251
7.1799 -5.4663 15.6530 252 255 251
3.6535 -2.6321 7.5370 252 255 251
-18.1833 -11.7888 33.9160 198 172 161
-16.5462 -11.1684 32.1310 187 158 146
-14.3551 -10.1048 29.0710 182 153 143
-13.1149 -9.6453 27.7490 193 164 154
-11.9831 -9.2261 26.5430 254 255 222
-14.5939 -11.7888 33.9160 162 150 123
-12.4883 -10.6098 30.5240 220 189 176
-12.4656 -11.1684 32.1310 119 100 98
-11.1961 -10.6098 30.5240 197 180 166
-11.1054 -11.1684 32.1310 201 186 176
-9.0035 -9.6453 27.7490 255 253 242
-6.8576 -7.8590 22.6100 254 255 251
-6.1513 -7.5785 21.8030 254 255 251
-13.2761 -17.6829 50.8730 155 158 159
-11.2609 -16.3228 46.9600 178 163 162
-8.8981 -14.1465 40.6990 185 186 180
-8.3891 -17.6829 50.8730 254 255 251
-8.7748 -21.2196 61.0480 254 255 251
11.7342 -9.6453 27.7490 252 255 251
3.8154 -2.7922 8.0330 252 255 251
3.5633 -2.4964 7.1820 252 255 251
-16.8601 -11.1161 32.1310 189 160 148
-15.3708 -10.5601 30.5240 184 155 145
-13.3860 -9.6001 27.7490 188 159 149
-12.7987 -9.6001 27.7490 194 165 155
-13.4325 -10.5601 30.5240 255 237 210
-13.4596 -11.1161 32.1310 154 154 150
-12.7795 -11.1161 32.1310 253 237 203
-12.0994 -11.1161 32.1310 190 171 158
-10.8482 -10.5601 30.5240 204 189 177
-11.3358 -11.7336 33.9160 209 194 184
-7.9635 -8.8002 25.4370 254 255 251
-6.3643 -7.5430 21.8030 254 255 251
-8.2639 -10.5601 30.5240 156 155 157
-15.2356 -21.1203 61.0480 254 255 249
-9.2957 -14.0803 40.6990 255 249 250
-11.5011 -19.2002 55.4980 253 254 248
-8.5192 -19.2002 55.4980 254 255 251
16.2396 -19.2002 55.4980 252 255 251
3.7303 -2.7078 7.8270 252 255 251
3.5336 -2.4560 7.0990 252 255 251
-16.8078 -11.0638 32.1310 188 159 147
-15.3211 -10.5104 30.5240 183 154 144
-13.3409 -9.5549 27.7490 189 160 150
-12.1992 -9.1397 26.5430 190 161 151
-13.3828 -10.5104 30.5240 251 241 209
-13.4073 -11.0638 32.1310 143 140 137
-12.7272 -11.0638 32.1310 254 232 204
-12.0471 -11.0638 32.1310 193 174 161
-10.7488 -10.5104 30.5240 205 190 178
-11.2254 -11.6784 33.9160 209 193 186
-7.8806 -8.7588 25.4370 254 255 251
-6.2933 -7.5075 21.8030 254 255 251
-9.6054 -12.3654 35.9110 189 188 190
-13.6698 -19.1098 55.4980 254 255 251
-9.1632 -14.0140 40.6990 255 255 247
-10.4645 -21.0209 61.0480 254 255 249
-8.3385 -19.1098 55.4980 254 255 251
18.0624 -21.0209 61.0480 252 255 251
3.8024 -2.7660 8.0330 252 255 251
3.5516 -2.4730 7.1820 252 255 251
-17.8519 -11.6232 33.9160 190 161 149
-15.4205 -10.4608 30.5240 182 156 143
-13.4312 -9.5097 27.7490 184 155 145
-11.7737 -8.7174 25.4370 186 157 147
-12.8404 -9.9628 29.0710 247 232 206
-13.5119 -11.0115 32.1310 170 165 163
-12.8318 -11.0115 32.1310 250 234 200
-12.8268 -11.6232 33.9160 188 169 156
-10.8979 -10.4608 30.5240 203 185 174
-12.0611 -12.3069 35.9110 206 191 181
-8.7325 -9.5097 27.7490 254 255 251
-6.6367 -7.7486 22.6100 254 255 251
-7.9178 -9.9628 29.0710 192 192 192
-15.3350 -20.9215 61.0480 255 255 245
-9.2294 -13.9478 40.6990 201 191 189
-10.2658 -20.9215 61.0480 250 251 247
-8.1578 -19.0195 55.4980 252 255 251
24.6226 -20.9215 61.0480 252 255 251
3.6331 -2.5514 7.4450 252 255 251
-18.0728 -11.5680 33.9160 193 167 156
-15.6193 -10.4111 30.5240 187 158 146
-14.2131 -9.9155 29.0710 183 154 144
-11.8980 -8.6760 25.4370 187 158 148
-11.8535 -9.0532 26.5430 246 243 211
-13.6689 -10.9592 32.1310 139 136 133
-12.9888 -10.9592 32.1310 255 242 212
-13.7567 -12.2485 35.9110 155 134 129
-11.0470 -10.4111 30.5240 199 181 170
-12.2365 -12.2485 35.9110 200 185 175
-10.2684 -10.9592 32.1310 254 255 249
-7.2869 -8.3288 24.4190 254 255 251
-7.0523 -8.6760 25.4370 254 255 251
-15.6332 -20.8221 61.0480 183 173 173
-9.7467 -14.8731 43.6060 254 255 247
-8.9710 -18.9292 55.4980 237 231 233
17.5654 -20.8221 61.0480 252 255 251
21.8419 -18.9292 55.4980 252 255 251
3.7176 -2.6696 7.8270 252 255 251
3.6059 -2.4790 7.2680 252 255 255
-16.8601 -10.9069 32.1310 194 165 153
-15.3708 -10.3614 30.5240 187 158 146
-13.3860 -9.4194 27.7490 186 157 147
-11.7323 -8.6346 25.4370 191 160 151
-12.7931 -9.8682 29.0710 251 244 211
-12.7864 -10.3614 30.5240 172 162 160
-12.7795 -10.9069 32.1310 245 234 200
-13.5228 -12.1900 35.9110 188 170 159
-10.8482 -10.3614 30.5240 199 184 172
-12.0026 -12.1900 35.9110 207 191 184
-9.5560 -10.3614 30.5240 254 255 249
-6.5999 -7.6750 22.6100 254 255 251
-8.6990 -10.9069 32.1310 195 195 191
-13.2180 -18.8388 55.4980 183 184 175
-11.0396 -17.2689 50.8730 245 246 235
-8.5192 -18.8388 55.4980 254 255 251
19.7732 -17.2689 50.8730 252 255 251
4.7253 -3.5731 10.5260 252 255 251
3.7083 -2.6233 7.7280 252 255 251
3.5157 -2.3819 7.0170 162 159 180
-16.7031 -10.8546 32.1310 193 164 152
-15.2217 -10.3117 30.5240 186 157 145
-12.6746 -8.9668 26.5430 184 155 145
-11.6081 -8.5932 25.4370 255 229 213
-13.2834 -10.3117 30.5240 250 240 210
-12.6373 -10.3117 30.5240 142 132 130
-13.3238 -11.4576 33.9160 163 149 143
-14.1815 -12.8896 38.1550 192 174 165
-10.6991 -10.3117 30.5240 201 186 174
-12.5663 -12.8896 38.1550 209 193 186
-9.4069 -10.3117 30.5240 255 248 240
-6.7391 -7.9321 23.4800 254 255 251
-10.8198 -13.7490 40.6990 184 192 191
-10.0307 -14.7311 43.6060 154 150 153
-10.1664 -20.6234 61.0480 167 167 167
-8.8742 -20.6234 61.0480 254 255 251
22.2034 -18.7485 55.4980 252 255 251
3.8265 -2.7499 8.1400 252 255 251
3.7026 -2.5462 7.5370 252 255 251
-17.9624 -11.4024 33.9160 193 164 150
-14.7811 -9.7735 29.0710 186 157 145
-14.1658 -9.7735 29.0710 184 155 145
-11.3821 -8.2095 24.4190 189 158 149
-11.8103 -8.9236 26.5430 254 244 214
-12.9355 -10.2620 30.5240 165 162 157
-12.9365 -10.8023 32.1310 255 243 212
-14.5542 -12.8275 38.1550 210 191 185
-10.9973 -10.2620 30.5240 198 183 171
-12.1196 -12.0731 35.9110 206 191 181
-11.3595 -12.0731 35.9110 254 255 249
-7.2074 -8.2095 24.4190 254 255 251
-8.3633 -10.2620 30.5240 253 254 248
-13.2180 -18.6581 55.4980 193 200 194
-11.0396 -17.1032 50.8730 236 232 221
-9.3712 -20.5240 61.0480 254 255 249
16.9487 -14.6601 43.6060 252 255 251
4.5346 -3.4208 10.1750 252 255 251
3.7010 -2.6654 7.9280 252 255 251
3.6780 -2.5339 7.5370 252 255 251
-18.0728 -11.3472 33.9160 194 168 155
-14.8757 -9.7262 29.0710 188 159 147
-14.2604 -9.7262 29.0710 186 157 145
-11.4616 -8.1698 24.4190 188 157 146
-11.4010 -8.5104 25.4370 248 236 207
-12.4144 -9.7262 29.0710 193 164 150
-12.3889 -10.2123 30.5240 255 244 211
-15.6572 -13.6165 40.6990 158 147 140
-12.3298 -11.3472 33.9160 197 179 168
-11.6119 -11.3472 33.9160 205 190 178
-13.0728 -13.6165 40.6990 254 255 249
-8.3258 -9.2839 27.7490 255 255 245
-7.4022 -8.8804 26.5430 254 255 251
-14.3023 -18.5678 55.4980 164 158 164
-10.4199 -15.7113 46.9600 254 255 249
-9.5700 -20.4246 61.0480 175 168 177
15.6863 -13.6165 40.6990 252 255 251
24.8214 -20.4246 61.0480 252 255 251
3.7842 -2.7602 8.2500 252 255 251
3.7083 -2.5855 7.7280 252 255 251
3.5157 -2.3477 7.0170 156 156 174
-15.8677 -10.1626 30.5240 191 162 150
-14.4498 -9.6789 29.0710 186 157 145
-12.1051 -8.4690 25.4370 187 156 145
-11.1038 -8.1300 24.4190 255 243 212
-12.6038 -9.6789 29.0710 253 255 221
-11.9885 -9.6789 29.0710 182 159 154
-14.0491 -11.9562 35.9110 154 140 134
-16.1365 -14.5181 43.6060 194 176 165
-11.2101 -10.6977 32.1310 204 189 177
-13.3379 -13.5503 40.6990 212 196 189
-10.3971 -11.2920 33.9160 127 114 118
-6.9689 -8.1300 24.4190 254 255 251
-10.0814 -12.7033 38.1550 188 185 180
-9.8177 -14.5181 43.6060 225 220 218
-9.5700 -20.3253 61.0480 158 153 161
16.0176 -13.5503 40.6990 252 255 251
4.3880 -3.2781 9.8460 252 255 251
3.5624 -2.5407 7.6310 252 255 251
3.7239 -2.5407 7.6310 223 223 227
-18.0728 -11.2367 33.9160 194 168 155
-14.1993 -9.1936 27.7490 187 158 146
-14.2604 -9.6315 29.0710 180 154 141
-11.4616 -8.0903 24.4190 187 158 146
-10.9447 -8.0903 24.4190 251 246 213
-11.8499 -9.1936 27.7490 238 218 196
-12.3889 -10.1129 30.5240 255 248 213
-15.6572 -13.4840 40.6990 158 147 140
-13.0551 -11.8977 35.9110 196 178 167
-11.6119 -11.2367 33.9160 204 189 179
-14.0066 -14.4472 43.6060 254 255 249
-8.3258 -9.1936 27.7490 242 231 226
-7.4022 -8.7940 26.5430 254 255 251
-14.3023 -18.3871 55.4980 164 158 160
-10.4199 -15.5584 46.9600 254 255 251
-9.5700 -20.2259 61.0480 168 163 171
14.9542 -12.6412 38.1550 252 255 251
4.6396 -3.4874 10.5260 252 255 251
3.7108 -2.6614 8.0330 252 255 251
3.7335 -2.5604 7.7280 252 255 251
3.4588 -2.2725 6.8590 158 162 176
-15.0177 -9.5842 29.0710 182 151 140
-14.4024 -9.5842 29.0710 175 146 134
-12.0636 -8.3862 25.4370 187 158 148
-10.6385 -7.7410 23.4800 255 249 216
-11.4645 -8.7508 26.5430 254 248 222
-11.3981 -9.1484 27.7490 180 159 156
-14.8648 -12.5791 38.1550 144 135 128
-16.0655 -14.3762 43.6060 194 176 167
-11.1578 -10.5931 32.1310 199 184 174
-14.2196 -14.3762 43.6060 207 191 186
-10.3419 -11.1815 33.9160 125 119 123
-7.2180 -8.3862 25.4370 254 255 251
-10.6873 -13.4178 40.6990 234 232 222
-9.8887 -14.3762 43.6060 178 170 169
-9.8682 -20.1265 61.0480 176 175 184
14.7679 -12.5791 38.1550 252 255 251
5.0586 -3.7976 11.5190 252 255 251
3.7470 -2.6836 8.1400 252 255 251
3.7209 -2.5478 7.7280 252 255 251
3.4477 -2.2613 6.8590 156 160 174
-15.0651 -9.5369 29.0710 180 146 136
-13.7927 -9.1032 27.7490 173 144 130
-12.1051 -8.3447 25.4370 190 161 151
-10.6768 -7.7027 23.4800 254 235 206
-11.5078 -8.7076 26.5430 255 255 227
-11.4433 -9.1032 27.7490 174 153 150
-14.9270 -12.5170 38.1550 160 147 136
-18.8257 -16.6892 50.8730 192 174 165
-11.1578 -10.5407 32.1310 199 184 174
-15.3133 -15.4055 46.9600 211 195 190
-10.9502 -11.7808 35.9110 146 146 148
-7.5318 -8.7076 26.5430 254 255 251
-10.6873 -13.3515 40.6990 254 255 246
-9.8887 -14.3052 43.6060 180 169 173
-9.8682 -20.0271 61.0480 182 189 197
13.8993 -11.7808 35.9110 252 255 251
5.0586 -3.7789 11.5190 252 255 251
3.7470 -2.6704 8.1400 252 255 251
3.7209 -2.5352 7.7280 247 253 251
3.4477 -2.2501 6.8590 145 149 163
-15.0651 -9.4896 29.0710 175 144 133
-13.7927 -9.0580 27.7490 166 137 123
-12.1051 -8.3033 25.4370 191 162 152
-10.6768 -7.6645 23.4800 250 231 202
-11.0283 -8.3033 25.4370 255 253 224
-11.4433 -9.0580 27.7490 174 151 146
-14.9270 -12.4548 38.1550 160 147 136
-18.8257 -16.6064 50.8730 193 175 166
-11.2101 -10.4884 32.1310 201 186 176
-14.2906 -14.2342 43.6060 212 196 189
-11.0087 -11.7223 35.9110 186 186 186
-7.5750 -8.6644 26.5430 254 255 251
-9.4884 -11.7223 35.9110 254 255 251
-9.9597 -14.2342 43.6060 158 149 152
-11.4585 -19.9278 61.0480 252 255 251
-10.1664 -19.9278 61.0480 202 205 204
13.7239 -11.7223 35.9110 252 255 251
22.3841 -18.1161 55.4980 252 255 251
4.0596 -2.9307 8.9780 252 255 251
3.7049 -2.5549 7.8270 252 255 251
3.6371 -2.4009 7.3550 148 151 168
-16.0168 -9.9142 30.5240 169 138 127
-13.3661 -8.6212 26.5430 151 127 115
-13.3860 -9.0129 27.7490 187 158 148
-10.8297 -7.6263 23.4800 196 166 159
-11.1939 -8.2619 25.4370 254 255 226
-11.1188 -8.6212 26.5430 250 218 198
-13.4895 -11.0159 33.9160 251 230 199
-20.8986 -18.0257 55.4980 189 169 161
-12.0537 -11.0159 33.9160 200 185 175
-12.0026 -11.6639 35.9110 207 191 184
-14.7016 -15.2526 46.9600 253 254 250
-8.0999 -9.0129 27.7490 222 217 213
-8.6990 -10.4361 32.1310 254 255 251
-11.9508 -16.5235 50.8730 195 213 209
-11.8626 -18.0257 55.4980 199 197 185
-10.5639 -19.8284 61.0480 255 255 247
19.2762 -16.5235 50.8730 252 255 249
22.3841 -18.0257 55.4980 252 255 249
3.9718 -2.8326 8.7210 252 255 249
3.7785 -2.5750 7.9280 254 254 255
3.5750 -2.3327 7.1820 111 114 135
-15.9671 -9.8645 30.5240 116 89 83
-13.3229 -8.5780 26.5430 106 86 78
-13.3409 -8.9677 27.7490 191 160 151
-10.7915 -7.5881 23.4800 204 172 166
-11.1525 -8.2205 25.4370 250 252 220
-11.0756 -8.5780 26.5430 247 220 196
-13.4342 -10.9607 33.9160 248 221 197
-20.8083 -17.9354 55.4980 190 170 162
-11.3670 -10.3838 32.1310 202 187 177
-11.9442 -11.6054 35.9110 208 192 185
-13.5806 -14.0922 43.6060 174 174 170
-8.0548 -8.9677 27.7490 201 190 196
-9.6054 -11.6054 35.9110 254 255 251
-11.9508 -16.4407 50.8730 196 211 208
-11.8626 -17.9354 55.4980 205 201 192
-10.6879 -17.9354 55.4980 254 255 251
-10.4645 -19.7290 61.0480 254 255 249
16.5937 -14.0922 43.6060 252 255 249
9.3973 -7.0461 21.8030 252 255 249
4.0596 -2.9014 8.9780 252 255 249
3.7527 -2.5621 7.9280 252 255 251
3.5941 -2.3488 7.2680 114 114 136
-16.9124 -10.3315 32.1310 186 160 147
-12.8506 -8.1791 25.4370 98 82 77
-14.0711 -9.3476 29.0710 185 154 145
-10.8679 -7.5499 23.4800 194 163 154
-10.7857 -7.8518 24.4190 255 255 225
-10.6969 -8.1791 25.4370 251 245 209
-13.5447 -10.9055 33.9160 253 235 203
-20.9890 -17.8451 55.4980 186 166 156
-12.8212 -11.5470 35.9110 201 186 176
-11.3911 -10.9055 33.9160 207 191 184
-13.7226 -14.0213 43.6060 254 255 249
-8.5332 -9.3476 29.0710 131 127 128
-8.7513 -10.3315 32.1310 254 255 251
-14.6392 -19.6296 61.0480 184 181 178
-10.2670 -15.0997 46.9600 200 201 190
-10.9590 -17.8451 55.4980 254 255 249
-8.9689 -16.3579 50.8730 196 194 186
19.1934 -16.3579 50.8730 252 255 251
11.3539 -8.5347 26.5430 252 255 251
4.2163 -3.0199 9.3920 252 255 251
3.7762 -2.5830 8.0330 252 255 251
3.6574 -2.3939 7.4450 122 119 140
-19.0190 -11.4885 35.9110 182 153 139
-12.8920 -8.1377 25.4370 94 80 76
-14.1184 -9.3003 29.0710 176 146 139
-11.3423 -7.8120 24.4190 192 161 152
-10.8254 -7.8120 24.4190 255 248 222
-10.7383 -8.1377 25.4370 252 248 212
-12.8841 -10.2792 32.1310 252 233 204
-21.0793 -17.7547 55.4980 183 163 153
-12.8797 -11.4885 35.9110 199 184 174
-11.4463 -10.8503 33.9160 205 189 182
-13.7936 -13.9503 43.6060 254 255 249
-9.0094 -9.7651 30.5240 156 156 152
-9.2927 -10.8503 33.9160 254 255 251
-14.7386 -19.5302 61.0480 185 187 178
-9.6047 -13.9503 43.6060 255 255 245
-11.0493 -17.7547 55.4980 255 252 251
-9.0517 -16.2751 50.8730 253 254 248
22.9328 -19.5302 61.0480 252 255 251
11.3971 -8.4915 26.5430 252 255 251
4.1202 -2.9151 9.1120 252 255 251
3.8024 -2.5699 8.0330 192 193 208
3.5516 -2.2976 7.1820 108 108 130
-17.8519 -10.7951 33.9160 192 168 152
-12.8506 -8.0963 25.4370 95 85 83
-14.0711 -9.2530 29.0710 184 153 144
-11.3025 -7.7723 24.4190 188 159 149
-10.7857 -7.7723 24.4190 255 246 218
-10.6969 -8.0963 25.4370 253 247 211
-13.5447 -10.7951 33.9160 252 231 200
-23.0880 -19.4309 61.0480 186 166 156
-12.8212 -11.4301 35.9110 199 184 174
-12.0611 -11.4301 35.9110 202 186 179
-12.8078 -12.9540 40.6990 254 255 251
-8.9597 -9.7154 30.5240 152 153 149
-9.1822 -10.7951 33.9160 254 255 251
-13.2180 -17.6644 55.4980 154 153 155
-9.4627 -13.8793 43.6060 208 202 189
-9.1965 -14.9468 46.9600 254 255 249
-8.8861 -16.1923 50.8730 252 255 249
23.0322 -19.4309 61.0480 252 255 251
10.4453 -7.7723 24.4190 252 255 251
4.2823 -3.0362 9.5390 252 255 251
3.8265 -2.5909 8.1400 233 232 243
3.6132 -2.3410 7.3550 112 112 134
-19.0190 -11.3716 35.9110 182 153 141
-12.9334 -8.0549 25.4370 94 86 83
-13.5216 -8.7870 27.7490 171 141 134
-11.8566 -8.0549 25.4370 186 157 147
-10.4474 -7.4352 23.4800 250 231 206
-10.7798 -8.0549 25.4370 255 236 209
-12.9365 -10.1746 32.1310 253 236 207
-21.1697 -17.5740 55.4980 214 193 188
-14.6632 -12.8878 40.6990 195 180 170
-12.1780 -11.3716 35.9110 201 186 176
-13.8646 -13.8083 43.6060 254 255 249
-9.0591 -9.6657 30.5240 189 190 186
-8.8559 -10.1746 32.1310 254 255 251
-15.5338 -19.3315 61.0480 254 255 251
-9.8177 -13.8083 43.6060 192 186 190
-8.3017 -12.8878 40.6990 169 159 159
-8.5849 -14.8704 46.9600 254 255 251
-9.8682 -19.3315 61.0480 207 213 215
13.0071 -9.6657 30.5240 252 255 251
4.4765 -3.1691 10.0080 252 255 251
3.8648 -2.6124 8.2500 229 229 233
3.6012 -2.3290 7.3550 107 112 132
-20.2695 -12.0201 38.1550 186 160 147
-12.9334 -8.0135 25.4370 93 90 87
-13.5216 -8.7418 27.7490 169 142 134
-12.3721 -8.3619 26.5430 182 153 143
-10.4474 -7.3970 23.4800 252 233 208
-10.7798 -8.0135 25.4370 247 230 203
-12.9365 -10.1223 32.1310 253 237 205
-21.1697 -17.4837 55.4980 216 195 190
-14.6632 -12.8215 40.6990 198 183 173
-12.1780 -11.3131 35.9110 204 189 179
-13.8646 -13.7373 43.6060 254 255 249
-9.0591 -9.6161 30.5240 198 198 194
-9.3479 -10.6847 33.9160 254 255 251
-15.5338 -19.2321 61.0480 254 255 251
-9.6757 -13.7373 43.6060 254 255 249
-8.7527 -13.7373 43.6060 156 150 154
-8.4319 -14.7939 46.9600 254 255 251
22.5352 -19.2321 61.0480 252 255 251
11.2674 -8.3619 26.5430 252 255 251
4.6911 -3.3160 10.5260 252 255 251
3.9041 -2.6346 8.3630 218 219 232
3.5892 -2.3171 7.3550 105 113 132
-20.3317 -11.9580 38.1550 191 165 152
-13.5822 -8.3187 26.5430 95 96 90
-13.6119 -8.6967 27.7490 121 110 105
-12.4585 -8.3187 26.5430 182 151 142
-10.5239 -7.3587 23.4800 251 239 210
-10.8626 -7.9721 25.4370 254 239 211
-11.7991 -9.1110 29.0710 254 235 206
-18.0658 -14.7175 46.9600 164 150 144
-15.8525 -13.6663 43.6060 195 180 170
-12.2950 -11.2547 35.9110 205 190 180
-14.0066 -13.6663 43.6060 254 255 249
-9.1585 -9.5664 30.5240 190 197 191
-8.9082 -10.0700 32.1310 254 255 251
-14.2119 -17.3933 55.4980 254 255 251
-9.0969 -12.7553 40.6990 252 253 247
-7.7207 -11.9580 38.1550 153 149 150
-8.5084 -14.7175 46.9600 254 255 251
-9.7688 -19.1327 61.0480 163 165 171
25.2190 -19.1327 61.0480 252 255 251
6.0706 -4.3485 13.8750 252 255 251
4.1796 -2.8557 9.1120 252 255 251
3.7083 -2.4220 7.7280 136 133 156
3.4756 -2.1741 6.9370 106 111 129
-16.7031 -10.0177 32.1310 115 113 103
-13.2364 -8.2755 26.5430 105 106 100
-13.2505 -8.6515 27.7490 183 152 143
-11.1435 -7.6133 24.4190 255 230 214
-10.6267 -7.6133 24.4190 252 240 211
-10.9892 -8.2755 26.5430 255 245 213
-14.9891 -11.8959 38.1550 128 115 104
-20.6275 -17.3030 55.4980 193 175 166
-11.8881 -10.5742 33.9160 204 189 179
-12.5663 -11.8959 38.1550 209 194 184
-11.0671 -11.1962 35.9110 201 204 205
-9.7344 -10.5742 33.9160 255 255 247
-10.8198 -12.6890 40.6990 254 255 251
-12.9469 -17.3030 55.4980 183 189 189
-8.0934 -11.8959 38.1550 189 190 186
-8.3267 -13.5954 43.6060 254 255 251
-9.4228 -17.3030 55.4980 252 255 251
25.1196 -19.0334 61.0480 252 255 251
6.0480 -4.3259 13.8750 252 255 251
4.2278 -2.8839 9.2500 252 255 251
3.6957 -2.4094 7.7280 122 122 142
3.5042 -2.1877 7.0170 103 108 126
-16.7031 -9.9654 32.1310 118 116 106
-13.2364 -8.2323 26.5430 107 108 104
-13.2505 -8.6063 27.7490 183 152 143
-11.1435 -7.5735 24.4190 255 232 215
-10.6267 -7.5735 24.4190 250 240 210
-10.9892 -8.2323 26.5430 255 243 212
-14.9891 -11.8337 38.1550 182 172 160
-20.6275 -17.2127 55.4980 193 175 166
-11.8881 -10.5190 33.9160 204 189 179
-12.5663 -11.8337 38.1550 209 194 184
-11.0671 -11.1378 35.9110 201 204 205
-9.7344 -10.5190 33.9160 255 255 245
-10.8198 -12.6228 40.6990 254 255 249
-13.0373 -17.2127 55.4980 196 196 190
-7.6759 -11.1378 35.9110 216 217 213
-7.8379 -12.6228 40.6990 254 255 251
-9.5132 -17.2127 55.4980 252 255 251
20.5769 -17.2127 55.4980 252 255 251
25.3184 -18.9340 61.0480 252 255 251
6.0480 -4.3033 13.8750 252 255 251
4.2278 -2.8689 9.2500 252 255 251
3.6957 -2.3968 7.7280 117 117 139
3.5042 -2.1763 7.0170 103 108 126
-17.6863 -10.4638 33.9160 118 109 102
-13.2796 -8.1891 26.5430 108 109 105
-13.9291 -8.9690 29.0710 184 153 144
-11.1833 -7.5338 24.4190 245 217 200
-10.6664 -7.5338 24.4190 255 246 220
-10.5727 -7.8479 25.4370 248 238 206
-13.3790 -10.4638 33.9160 187 165 137
-20.7179 -17.1223 55.4980 192 174 165
-11.9433 -10.4638 33.9160 202 187 177
-12.6284 -11.7716 38.1550 204 190 182
-11.1256 -11.0793 35.9110 172 168 169
-10.3070 -11.0793 35.9110 255 255 245
-10.1435 -11.7716 38.1550 254 255 249
-14.3410 -18.8346 61.0480 200 201 195
-7.2495 -10.4638 33.9160 213 217 212
-7.8379 -12.5565 40.6990 254 255 251
-9.5132 -17.1223 55.4980 252 255 251
20.7576 -17.1223 55.4980 252 255 251
10.7565 -7.8479 25.4370 252 255 251
4.7556 -3.3043 10.7100 252 255 251
4.0570 -2.6906 8.7210 161 158 179
3.5772 -2.2692 7.3550 105 110 128
-23.3073 -13.3824 43.6060 193 167 156
-14.9231 -8.9217 29.0710 105 105 99
-13.6571 -8.5160 27.7490 101 101 97
-13.0698 -8.5160 27.7490 185 154 143
-10.5621 -7.2059 23.4800 249 237 208
-10.9040 -7.8065 25.4370 252 225 199
-11.3077 -8.5160 27.7490 254 243 209
-18.1423 -14.4117 46.9600 161 147 141
-17.1483 -14.4117 46.9600 194 179 169
-13.1254 -11.7095 38.1550 201 186 176
-13.1391 -12.4903 40.6990 255 254 243
-9.6929 -9.8608 32.1310 205 213 210
-10.0731 -11.0209 35.9110 254 255 249
-12.1784 -14.4117 46.9600 254 255 249
-10.7257 -14.4117 46.9600 147 143 144
-6.3256 -9.3676 30.5240 187 200 199
-8.7378 -14.4117 46.9600 231 228 223
21.5413 -18.7352 61.0480 252 255 251
20.7576 -17.0320 55.4980 252 255 251
11.0946 -8.1459 26.5430 252 255 251
5.3620 -3.7472 12.2100 252 255 251
4.2579 -2.8388 9.2500 166 163 184
3.6412 -2.3131 7.5370 106 109 128
3.4588 -2.1050 6.8590 146 150 164
-16.5985 -9.8085 32.1310 102 94 93
-13.7475 -8.4708 27.7490 95 95 95
-12.5882 -8.1027 26.5430 184 153 142
-11.0640 -7.4543 24.4190 255 242 214
-10.9868 -7.7650 25.4370 250 231 202
-11.3981 -8.4708 27.7490 249 237 206
-14.8648 -11.6474 38.1550 135 124 117
-18.7429 -15.5298 50.8730 193 175 166
-12.4704 -10.9624 35.9110 199 184 174
-13.2716 -12.4240 40.6990 204 188 183
-10.3419 -10.3534 33.9160 201 209 208
-10.1901 -10.9624 35.9110 254 255 249
-10.6873 -12.4240 40.6990 254 255 245
-12.8565 -16.9416 55.4980 231 231 225
-6.1192 -8.8744 29.0710 191 204 203
-8.2557 -13.3114 43.6060 253 254 250
21.0443 -18.6359 61.0480 252 255 251
17.1819 -14.3353 46.9600 252 255 251
9.3770 -6.9021 22.6100 252 255 251
5.6618 -3.9651 12.9890 252 255 251
4.2927 -2.8671 9.3920 164 162 178
3.6957 -2.3591 7.7280 108 111 132
3.5042 -2.1420 7.0170 98 103 121
-19.8968 -11.5853 38.1550 110 99 94
-13.2796 -8.0595 26.5430 96 96 96
-12.7178 -8.0595 26.5430 182 153 141
-11.6495 -7.7236 25.4370 254 224 208
-11.1111 -7.7236 25.4370 255 248 220
-10.5727 -7.7236 25.4370 247 242 211
-13.3790 -10.2982 33.9160 223 194 171
-20.7179 -16.8513 55.4980 190 172 163
-12.5873 -10.9039 35.9110 200 185 175
-12.5663 -11.5853 38.1550 206 190 183
-10.4523 -10.2982 33.9160 200 203 204
-10.3070 -10.9039 35.9110 255 255 247
-10.1435 -11.5853 38.1550 142 127 126
-14.2416 -18.5365 61.0480 254 255 249
-6.4747 -9.2682 30.5240 186 190 185
-8.3267 -13.2404 43.6060 254 255 249
21.0443 -18.5365 61.0480 252 255 251
17.1819 -14.2588 46.9600 252 255 251
8.7647 -6.3919 21.0510 252 255 251
5.6830 -3.9440 12.9890 252 255 251
4.3080 -2.8518 9.3920 164 162 176
3.7083 -2.3465 7.7280 105 110 128
3.5157 -2.1306 7.0170 99 102 121
-18.6682 -10.8455 35.9110 109 101 98
-13.2364 -8.0163 26.5430 94 94 94
-12.6746 -8.0163 26.5430 180 151 139
-11.6081 -7.6822 25.4370 255 228 213
-11.0697 -7.6822 25.4370 255 254 217
-10.9892 -8.0163 26.5430 250 247 213
-14.1075 -10.8455 35.9110 227 192 175
-18.9085 -15.3642 50.8730 193 175 166
-12.5873 -10.8455 35.9110 202 187 177
-12.5663 -11.5232 38.1550 206 193 182
-11.0671 -10.8455 35.9110 197 200 201
-10.3070 -10.8455 35.9110 255 255 247
-10.1435 -11.5232 38.1550 142 127 126
-14.2416 -18.4371 61.0480 254 255 251
-6.4747 -9.2186 30.5240 181 182 178
-8.3267 -13.1695 43.6060 254 255 249
20.8455 -18.4371 61.0480 252 255 251
17.0290 -14.1824 46.9600 252 255 251
13.7898 -10.2430 33.9160 252 255 251
5.6407 -3.9228 12.9890 252 255 251
4.2774 -2.8365 9.3920 164 162 176
3.7785 -2.3943 7.9280 106 111 129
3.4928 -2.1192 7.0170 93 98 116
-19.9589 -11.4611 38.1550 112 101 96
-13.3229 -7.9730 26.5430 96 95 95
-12.7610 -7.9730 26.5430 181 150 139
-11.6909 -7.6408 25.4370 186 152 144
-11.1525 -7.6408 25.4370 245 230 202
-11.0756 -7.9730 26.5430 255 252 219
-13.4342 -10.1878 33.9160 252 223 198
-20.8083 -16.6706 55.4980 189 171 162
-12.7043 -10.7870 35.9110 202 187 177
-12.6905 -11.4611 38.1550 204 191 180
-11.1841 -10.7870 35.9110 166 165 167
-10.4240 -10.7870 35.9110 184 172 170
-9.6639 -10.7870 35.9110 171 160 151
-14.2416 -18.3377 61.0480 254 255 251
-6.4747 -9.1689 30.5240 178 179 173
-8.9672 -14.1060 46.9600 254 255 249
16.1879 -14.1060 46.9600 252 255 251
15.9547 -13.0985 43.6060 252 255 251
6.9225 -5.0939 16.9580 252 255 251
5.3024 -3.6677 12.2100 252 255 251
4.2128 -2.7785 9.2500 161 159 173
3.7785 -2.3814 7.9280 105 110 128
3.5336 -2.1324 7.0990 91 96 114
-19.9589 -11.3990 38.1550 120 109 102
-13.3229 -7.9298 26.5430 94 94 94
-12.7610 -7.9298 26.5430 182 151 142
-11.6909 -7.5994 25.4370 192 158 150
-11.1525 -7.5994 25.4370 248 236 207
-11.0324 -7.9298 26.5430 251 246 213
-13.3790 -10.1326 33.9160 245 219 190
-20.7179 -16.5803 55.4980 190 172 161
-12.6458 -10.7286 35.9110 204 189 179
-12.6284 -11.3990 38.1550 207 194 183
-11.1256 -10.7286 35.9110 150 149 149
-10.3655 -10.7286 35.9110 243 241 233
-9.6054 -10.7286 35.9110 171 160 151
-14.0428 -18.2384 61.0480 254 255 251
-6.0719 -8.6851 29.0710 195 198 197
-10.4168 -16.5803 55.4980 171 162 155
15.3867 -13.0275 43.6060 252 255 249
20.7576 -16.5803 55.4980 252 255 249
5.8673 -4.1452 13.8750 252 255 249
4.5181 -3.0398 10.1750 151 146 177
3.9444 -2.5331 8.4790 115 118 137
3.6658 -2.2517 7.5370 100 105 123
-23.3073 -12.9565 43.6060 193 167 154
-15.6690 -9.0695 30.5240 107 100 94
-13.0636 -7.8866 26.5430 89 95 95
-11.5013 -7.2555 24.4190 187 153 143
-10.9845 -7.2555 24.4190 254 235 208
-11.3781 -7.8866 26.5430 134 107 99
-11.8465 -8.6378 29.0710 249 243 207
-18.1423 -13.9531 46.9600 168 144 130
-15.9235 -12.9565 43.6060 196 178 167
-13.1254 -11.3369 38.1550 199 186 175
-13.1391 -12.0928 40.6990 255 254 243
-9.6929 -9.5470 32.1310 201 205 200
-9.5135 -10.0773 33.9160 254 255 251
-11.3086 -12.9565 43.6060 130 119 123
-9.0306 -12.0928 40.6990 254 255 249
-6.8077 -10.0773 33.9160 167 158 163
18.9504 -16.4899 55.4980 252 255 249
14.7586 -12.0928 40.6990 252 255 249
6.4795 -4.7733 16.0650 252 255 249
5.2030 -3.6279 12.2100 252 255 249
4.2667 -2.8343 9.5390 144 140 168
3.8648 -2.4513 8.2500 110 113 132
3.6453 -2.2121 7.4450 96 101 119
-24.9471 -13.8766 46.9600 190 162 145
-14.1541 -8.1998 27.7490 102 98 91
-12.4364 -7.5166 25.4370 128 119 122
-11.4218 -7.2158 24.4190 184 153 142
-10.9050 -7.2158 24.4190 255 237 212
-11.8047 -8.1998 27.7490 127 97 90
-12.3392 -9.0198 30.5240 253 244 209
-19.4883 -15.0329 50.8730 164 139 132
-13.8087 -11.2748 38.1550 200 182 171
-13.0011 -11.2748 38.1550 200 187 176
-13.0066 -12.0265 40.6990 254 255 249
-10.1210 -10.0221 33.9160 190 190 184
-9.4031 -10.0221 33.9160 254 255 251
-13.0276 -15.0329 50.8730 150 139 143
-7.4151 -10.0221 33.9160 208 209 198
-7.5343 -11.2748 38.1550 253 254 245
15.1027 -12.8855 43.6060 252 255 251
16.0257 -12.8855 43.6060 252 255 251
5.5255 -3.9216 13.2710 252 255 251
4.7694 -3.2212 10.9010 252 255 254
4.0002 -2.5770 8.7210 122 122 142
3.7558 -2.3129 7.8270 103 108 126
3.6414 -2.1477 7.2680 97 102 120
-19.8347 -11.2126 38.1550 114 105 100
-13.2364 -7.8002 26.5430 87 90 91
-11.6604 -7.1760 24.4190 183 152 141
-11.1038 -7.1760 24.4190 255 244 215
-12.0306 -8.1546 27.7490 251 245 209
-11.4433 -8.1546 27.7490 255 233 205
-14.9270 -11.2126 38.1550 249 213 190
-18.8257 -14.9501 50.8730 194 176 165
-12.5289 -10.5532 35.9110 200 185 173
-13.3379 -11.9603 40.6990 203 189 181
-11.0087 -10.5532 35.9110 192 193 189
-9.6792 -9.9669 33.9160 254 255 249
-9.4884 -10.5532 35.9110 164 160 151
-12.5855 -16.3092 55.4980 254 255 251
-6.6064 -9.4424 32.1310 178 186 187
20.6467 -17.9402 61.0480 252 255 251
13.7118 -11.2126 38.1550 252 255 251
24.1256 -17.9402 61.0480 252 255 251
4.7119 -3.2620 11.1000 252 255 251
4.1857 -2.7600 9.3920 142 142 178
3.8000 -2.3921 8.1400 105 113 132
3.6780 -2.2149 7.5370 95 100 118
-23.2363 -12.7436 43.6060 194 165 151
-14.8757 -8.4958 29.0710 102 98 91
-12.4778 -7.4338 25.4370 103 94 97
-11.0208 -6.8619 23.4800 184 153 142
-10.9447 -7.1363 24.4190 247 228 201
-12.4144 -8.4958 29.0710 138 118 108
-11.7991 -8.4958 29.0710 255 246 211
-18.0658 -13.7237 46.9600 171 136 119
-14.7957 -11.8940 40.6990 197 179 168
-12.2950 -10.4947 35.9110 198 185 174
-13.0728 -11.8940 40.6990 254 255 249
-10.1762 -9.9117 33.9160 159 159 159
-9.4583 -9.9117 33.9160 254 255 251
-12.1020 -13.7237 46.9600 136 131 129
-7.8513 -10.4947 35.9110 211 212 203
-7.5343 -11.1505 38.1550 255 253 243
14.0959 -11.8940 40.6990 252 255 251
16.0257 -12.7436 43.6060 252 255 251
24.0262 -17.8409 61.0480 252 255 251
4.3524 -2.9736 10.1750 252 255 251
3.9150 -2.5487 8.7210 122 123 152
3.7268 -2.3169 7.9280 102 110 129
3.7026 -2.2026 7.5370 90 98 115
-23.0943 -12.6726 43.6060 182 151 138
-14.1089 -8.0643 27.7490 94 90 83
-12.3950 -7.3924 25.4370 167 140 132
-10.9444 -6.8236 23.4800 185 154 143
-11.3182 -7.3924 25.4370 251 224 202
-12.3198 -8.4485 29.0710 125 105 95
-12.2895 -8.8707 30.5240 255 247 212
-19.4055 -14.7845 50.8730 211 182 172
-13.7466 -11.0884 38.1550 201 183 172
-12.1780 -10.4363 35.9110 201 188 177
-12.9403 -11.8278 40.6990 254 255 249
-10.6578 -10.4363 35.9110 148 147 147
-9.8977 -10.4363 35.9110 252 253 249
-12.9447 -14.7845 50.8730 214 204 204
-7.7928 -10.4363 35.9110 199 195 186
-8.5397 -12.6726 43.6060 255 255 247
13.2769 -11.0884 38.1550 252 255 251
16.0967 -12.6726 43.6060 252 255 251
4.8116 -3.4118 11.7400 252 255 251
4.3136 -2.9085 10.0080 252 255 251
3.8878 -2.4987 8.5980 117 121 146
3.7527 -2.3040 7.9280 97 107 125
3.7271 -2.1904 7.5370 96 101 117
-22.9524 -12.6016 43.6060 189 161 142
-13.3661 -7.6706 26.5430 89 92 91
-11.7796 -7.0568 24.4190 180 149 140
-10.8297 -6.7854 23.4800 185 154 145
-12.2113 -8.0191 27.7490 255 232 209
-12.1778 -8.4012 29.0710 126 95 93
-13.4895 -9.8013 33.9160 250 241 206
-22.9886 -17.6421 61.0480 191 170 157
-12.7627 -10.3778 35.9110 203 185 174
-12.0026 -10.3778 35.9110 204 191 180
-12.7415 -11.7615 40.6990 253 254 250
-11.1375 -11.0263 38.1550 168 157 161
-9.7223 -10.3778 35.9110 209 208 208
-15.2356 -17.6421 61.0480 254 255 249
-6.8156 -9.2855 32.1310 251 252 241
-9.7144 -14.7017 50.8730 254 255 249
13.4012 -11.0263 38.1550 252 255 251
17.4877 -13.5708 46.9600 252 255 251
24.0262 -17.6421 61.0480 252 255 251
4.1796 -2.8454 9.8460 252 255 251
3.9432 -2.5570 8.8480 135 139 180
3.7010 -2.2911 7.9280 95 104 127
3.7239 -2.2053 7.6310 93 101 118
-23.2363 -12.5306 43.6060 189 160 148
-14.8757 -8.3538 29.0710 99 95 88
-12.4778 -7.3096 25.4370 107 97 97
-10.6125 -6.4972 22.6100 180 149 138
-10.9447 -7.0170 24.4190 250 233 206
-13.0349 -8.7714 30.5240 158 139 124
-12.3889 -8.7714 30.5240 253 234 205
-18.0658 -13.4944 46.9600 177 142 125
-14.7957 -11.6952 40.6990 197 179 168
-11.6119 -9.7461 33.9160 201 188 177
-13.0728 -11.6952 40.6990 254 255 249
-10.7748 -10.3194 35.9110 186 190 183
-9.4031 -9.7461 33.9160 254 255 251
-14.2119 -15.9479 55.4980 178 173 169
-7.8513 -10.3194 35.9110 218 219 210
-8.0367 -11.6952 40.6990 252 250 242
14.0296 -11.6952 40.6990 252 255 251
14.8911 -11.6952 40.6990 252 255 251
18.1758 -13.4944 46.9600 252 255 251
4.0976 -2.7845 9.6900 252 255 251
3.9288 -2.5426 8.8480 142 146 189
3.6881 -2.2782 7.9280 88 98 124
3.7587 -2.2207 7.7280 90 98 115
-23.3073 -12.4596 43.6060 191 165 152
-16.4939 -9.1808 32.1310 101 97 90
-13.0636 -7.5842 26.5430 99 103 98
-10.6493 -6.4604 22.6100 185 154 143
-10.9845 -6.9773 24.4190 252 240 209
-13.7735 -9.1808 32.1310 167 148 135
-12.4386 -8.7217 30.5240 255 222 205
-19.6540 -14.5360 50.8730 223 188 173
-15.9235 -12.4596 43.6060 196 178 167
-11.6672 -9.6909 33.9160 199 186 175
-13.1391 -11.6290 40.6990 255 254 243
-10.8332 -10.2609 35.9110 194 196 187
-9.5135 -9.6909 33.9160 254 255 251
-12.1784 -13.4180 46.9600 156 148 147
-9.6757 -12.4596 43.6060 254 255 251
-7.6586 -10.9021 38.1550 163 150 154
16.0350 -13.4180 46.9600 252 255 251
14.7586 -11.6290 40.6990 252 255 251
19.5247 -14.5360 50.8730 252 255 251
4.1134 -2.7687 9.6900 252 255 251
3.8318 -2.4567 8.5980 131 135 178
3.6539 -2.2364 7.8270 85 96 119
3.7363 -2.1804 7.6310 96 104 121
-23.1653 -12.3886 43.6060 187 161 148
-14.8284 -8.2592 29.0710 97 93 86
-12.4364 -7.2268 25.4370 132 122 120
-10.5757 -6.4236 22.6100 187 156 145
-10.9050 -6.9375 24.4190 249 230 203
-13.6689 -9.1285 32.1310 156 139 125
-12.9888 -9.1285 32.1310 255 234 206
-21.2601 -15.7672 55.4980 184 154 147
-13.8087 -10.8400 38.1550 199 182 168
-11.5567 -9.6357 33.9160 200 187 176
-13.0066 -11.5627 40.6990 254 255 249
-10.7163 -10.2025 35.9110 181 182 173
-9.9562 -10.2025 35.9110 254 255 251
-14.2119 -15.7672 55.4980 176 171 167
-8.9644 -11.5627 40.6990 254 255 246
-7.5964 -10.8400 38.1550 180 168 168
15.9585 -13.3415 46.9600 252 255 251
13.7739 -10.8400 38.1550 252 255 251
16.6647 -12.3886 43.6060 252 255 251
4.1669 -2.8433 10.0080 252 255 251
3.8712 -2.5138 8.8480 252 255 251
3.5902 -2.2237 7.8270 85 98 123
3.7083 -2.1956 7.7280 81 90 113
3.8233 -2.1680 7.6310 80 88 107
-19.8347 -10.7779 38.1550 108 101 95
-13.8378 -7.8384 27.7490 103 110 104
-11.2120 -6.6325 23.4800 185 154 145
-11.1435 -6.8978 24.4190 255 230 211
-13.2834 -8.6223 30.5240 251 235 203
-12.6373 -8.6223 30.5240 111 99 97
-15.9885 -11.4965 40.6990 252 211 190
-20.6275 -15.6769 55.4980 193 174 161
-11.8328 -9.5805 33.9160 199 184 174
-12.5042 -10.7779 38.1550 203 189 183
-11.6966 -10.7779 38.1550 253 254 248
-10.2486 -10.1440 35.9110 254 255 251
-10.7535 -11.4965 40.6990 188 201 196
-10.5728 -13.2651 46.9600 254 255 249
-7.3251 -10.1440 35.9110 251 252 243
20.4479 -17.2446 61.0480 252 255 251
13.5875 -10.7779 38.1550 252 255 251
17.7171 -13.2651 46.9600 252 255 251
13.6242 -9.5805 33.9160 252 255 251
3.8712 -2.4993 8.8480 252 255 251
3.5902 -2.2109 7.8270 88 98 126
3.7083 -2.1830 7.7280 81 90 113
3.8233 -2.1556 7.6310 75 82 104
-19.8347 -10.7158 38.1550 107 100 94
-13.8378 -7.7933 27.7490 102 106 101
-11.6604 -6.8580 24.4190 184 155 143
-11.1435 -6.8580 24.4190 255 231 212
-13.9828 -9.0239 32.1310 254 238 206
-12.6373 -8.5726 30.5240 125 114 109
-15.9885 -11.4302 40.6990 251 210 189
-20.6275 -15.5865 55.4980 193 174 161
-11.8881 -9.5252 33.9160 198 183 173
-12.5663 -10.7158 38.1550 201 188 177
-11.7587 -10.7158 38.1550 254 255 249
-10.3070 -10.0855 35.9110 255 253 250
-10.8198 -11.4302 40.6990 198 212 203
-11.5366 -14.2876 50.8730 254 255 247
-7.8449 -10.7158 38.1550 254 255 249
-11.2597 -17.1452 61.0480 187 187 189
13.5254 -10.7158 38.1550 252 255 251
16.3807 -12.2467 43.6060 252 255 251
12.8025 -9.0239 32.1310 252 255 251
3.8280 -2.4849 8.8480 252 255 251
3.5978 -2.2266 7.9280 97 107 135
3.6706 -2.1704 7.7280 81 92 115
3.7860 -2.1432 7.6310 84 87 106
-21.3560 -11.3640 40.6990 164 139 121
-13.9734 -7.7481 27.7490 101 102 98
-12.2707 -7.1025 25.4370 182 151 140
-10.8297 -6.5561 23.4800 192 161 150
-12.7931 -8.1172 29.0710 252 228 203
-12.7864 -8.5229 30.5240 152 141 132
-14.2829 -10.0271 35.9110 250 233 204
-22.9886 -17.0458 61.0480 190 171 158
-12.7627 -10.0271 35.9110 200 185 173
-12.0026 -10.0271 35.9110 200 187 176
-12.7415 -11.3640 40.6990 254 255 251
-11.1375 -10.6537 38.1550 161 151 149
-10.3299 -10.6537 38.1550 218 219 213
-15.2356 -17.0458 61.0480 254 255 249
-8.8318 -11.3640 40.6990 193 189 180
-9.1965 -13.1122 46.9600 255 255 249
14.9607 -12.1757 43.6060 252 255 249
15.8837 -12.1757 43.6060 252 255 249
11.8143 -8.5229 30.5240 252 255 249
3.9563 -2.6224 9.3920 252 255 249
3.6012 -2.2729 8.1400 176 178 186
3.5825 -2.1578 7.7280 92 100 126
3.7461 -2.1578 7.7280 91 98 122
-20.4559 -10.5915 38.1550 198 174 158
-17.4654 -9.4148 33.9160 100 92 89
-14.3551 -8.0699 29.0710 91 90 92
-11.0973 -6.5179 23.4800 183 154 142
-11.0242 -6.7785 24.4190 254 239 209
-14.5387 -9.4148 33.9160 165 147 138
-13.0934 -8.9193 32.1310 255 226 208
-19.6540 -14.1220 50.8730 225 188 174
-15.9235 -12.1047 43.6060 195 181 166
-11.6672 -9.4148 33.9160 200 185 175
-13.1391 -11.2977 40.6990 255 255 247
-10.8332 -9.9686 35.9110 254 255 249
-10.0731 -9.9686 35.9110 254 255 251
-13.1932 -14.1220 50.8730 146 142 145
-12.5855 -15.4058 55.4980 250 246 239
-7.8449 -10.5915 38.1550 254 255 251
18.7697 -15.4058 55.4980 252 255 249
15.6707 -12.1047 43.6060 252 255 249
13.6655 -9.9686 35.9110 252 255 249
4.1155 -2.7332 9.8460 252 255 249
3.6230 -2.2901 8.2500 252 255 249
3.5573 -2.1452 7.7280 102 108 139
3.7686 -2.1727 7.8270 95 98 128
3.8845 -2.1452 7.7280 88 88 110
-19.7726 -10.5294 38.1550 97 87 85
-15.1720 -8.4235 30.5240 90 90 86
-11.6206 -6.7388 24.4190 183 154 142
-11.1038 -6.7388 24.4190 255 241 211
-13.9304 -8.8670 32.1310 252 241 205
-12.5876 -8.4235 30.5240 183 153 146
-17.0595 -12.0337 43.6060 254 204 181
-18.8257 -14.0392 50.8730 195 178 164
-11.8328 -9.3596 33.9160 202 187 175
-12.5042 -10.5294 38.1550 208 194 188
-11.0087 -9.9102 35.9110 254 255 251
-10.2486 -9.9102 35.9110 254 254 254
-10.7535 -11.2315 40.6990 190 201 197
-14.8380 -16.8471 61.0480 254 255 251
-9.6047 -12.0337 43.6060 254 255 246
-8.6817 -12.0337 43.6060 253 254 250
15.0317 -12.0337 43.6060 252 255 251
14.8911 -11.2315 40.6990 252 255 251
10.7402 -7.6577 27.7490 252 255 251
4.0182 -2.6324 9.5390 252 255 251
3.5539 -2.2168 8.0330 187 189 195
3.5825 -2.1327 7.7280 115 114 155
3.7941 -2.1600 7.8270 112 109 146
-19.2528 -9.8517 35.9110 198 172 157
-17.4654 -9.3044 33.9160 104 101 96
-14.3551 -7.9752 29.0710 95 96 92
-11.0973 -6.4414 23.4800 179 150 138
-11.4838 -6.9783 25.4370 255 241 213
-14.5939 -9.3044 33.9160 154 135 110
-13.1457 -8.8147 32.1310 247 215 195
-18.2187 -12.8829 46.9600 244 197 173
-15.9945 -11.9627 43.6060 196 179 165
-11.7224 -9.3044 33.9160 200 185 173
-13.2053 -11.1652 40.6990 255 255 247
-10.2866 -9.3044 33.9160 254 255 251
-10.1316 -9.8517 35.9110 254 255 251
-12.2549 -12.8829 46.9600 149 152 153
-13.3083 -15.2251 55.4980 178 174 167
-9.5337 -11.9627 43.6060 236 238 227
-9.2730 -12.8829 46.9600 254 255 251
17.6196 -13.9563 50.8730 252 255 251
14.9573 -11.1652 40.6990 252 255 251
11.2993 -7.9752 29.0710 252 255 251
3.9869 -2.5766 9.3920 252 255 251
3.4882 -2.1472 7.8270 172 174 198
3.6077 -2.1201 7.7280 161 162 191
3.8195 -2.1472 7.8270 156 148 177
-21.6210 -11.0990 40.6990 187 159 142
-15.5696 -8.3242 30.5240 103 104 100
-14.2131 -7.9279 29.0710 133 121 119
-10.9826 -6.4032 23.4800 181 152 140
-11.8535 -7.2385 26.5430 249 227 201
-14.4282 -9.2492 33.9160 153 149 140
-13.7104 -9.2492 33.9160 251 227 202
-19.4883 -13.8735 50.8730 176 146 139
-13.8087 -10.4052 38.1550 199 181 170
-12.2365 -9.7933 35.9110 202 187 175
-12.1935 -10.4052 38.1550 254 255 249
-10.1210 -9.2492 33.9160 254 255 251
-9.9562 -9.7933 35.9110 254 255 249
-13.0276 -13.8735 50.8730 177 168 171
-11.9508 -13.8735 50.8730 175 166 157
-9.3207 -11.8918 43.6060 254 255 245
-10.6879 -15.1348 55.4980 254 255 251
16.5702 -12.8064 46.9600 252 255 251
12.6854 -9.2492 33.9160 252 255 251
11.4886 -7.9279 29.0710 252 255 251
3.8258 -2.4484 8.9780 252 255 251
3.5010 -2.1345 7.8270 245 253 254
3.6202 -2.1075 7.7280 249 255 255
3.8323 -2.1345 7.8270 250 249 255
-20.2695 -10.3431 38.1550 187 156 143
-15.5696 -8.2745 30.5240 102 106 101
-14.2131 -7.8806 29.0710 132 120 118
-10.9826 -6.3650 23.4800 182 153 141
-11.8535 -7.1953 26.5430 249 227 201
-14.4282 -9.1940 33.9160 150 148 140
-13.7104 -9.1940 33.9160 251 229 203
-19.4883 -13.7907 50.8730 175 145 138
-13.8087 -10.3431 38.1550 197 179 168
-12.1780 -9.7348 35.9110 198 185 172
-12.1314 -10.3431 38.1550 254 255 251
-10.0658 -9.1940 33.9160 254 255 251
-10.5162 -10.3431 38.1550 254 255 247
-11.9491 -12.7300 46.9600 200 191 194
-10.9551 -12.7300 46.9600 172 163 154
-9.2497 -11.8208 43.6060 254 255 245
-10.5975 -15.0445 55.4980 254 255 249
19.6733 -15.0445 55.4980 252 255 251
11.0153 -7.8806 29.0710 252 255 251
12.2119 -8.2745 30.5240 252 255 251
3.8550 -2.4338 8.9780 252 255 251
3.5264 -2.1218 7.8270 249 255 250
3.6921 -2.1218 7.8270 249 255 250
3.9593 -2.1776 8.0330 250 253 252
-17.9072 -9.1388 33.9160 188 158 142
-15.4702 -8.2248 30.5240 101 102 98
-13.4764 -7.4771 27.7490 166 140 129
-10.9062 -6.3268 23.4800 187 158 146
-12.8878 -7.8333 29.0710 253 226 202
-14.3178 -9.1388 33.9160 148 148 142
-13.5999 -9.1388 33.9160 249 231 199
-17.8364 -12.6535 46.9600 186 165 152
-13.6845 -10.2810 38.1550 195 180 168
-12.1196 -9.6763 35.9110 197 183 175
-12.0693 -10.2810 38.1550 254 255 251
-10.5994 -9.6763 35.9110 254 255 251
-10.4541 -10.2810 38.1550 226 228 219
-11.0246 -11.7498 43.6060 253 254 250
-10.8786 -12.6535 46.9600 170 166 159
-9.1787 -11.7498 43.6060 254 255 249
-10.5072 -14.9541 55.4980 254 255 251
14.9573 -10.9665 40.6990 252 255 251
11.5359 -7.8333 29.0710 252 255 251
3.9718 -2.4924 9.2500 252 255 251
3.5264 -2.1090 7.8270 252 255 251
3.7398 -2.1362 7.9280 252 255 251
4.0386 -2.1934 8.1400 251 255 250
-17.7967 -9.0836 33.9160 160 134 119
-15.3708 -8.1751 30.5240 102 102 98
-12.8043 -7.1089 26.5430 176 147 137
-11.2628 -6.5400 24.4190 194 162 156
-13.4325 -8.1751 30.5240 251 224 200
-12.7864 -8.1751 30.5240 146 142 135
-14.2829 -9.6179 35.9110 248 222 193
-19.1570 -13.6251 50.8730 189 170 157
-13.5603 -10.2189 38.1550 198 183 171
-12.7527 -10.2189 38.1550 200 186 178
-11.9451 -10.2189 38.1550 254 255 251
-10.4824 -9.6179 35.9110 254 255 251
-10.3299 -10.2189 38.1550 200 205 195
-10.8826 -11.6788 43.6060 254 255 251
-10.7257 -12.5771 46.9600 135 132 127
-9.0367 -11.6788 43.6060 254 255 249
-11.3591 -16.3502 61.0480 253 254 248
11.4167 -8.1751 30.5240 252 255 249
11.4886 -7.7860 29.0710 252 255 249
5.2280 -3.3368 12.4590 252 255 249
3.6364 -2.2096 8.2500 252 255 249
3.5699 -2.0698 7.7280 252 255 249
3.8808 -2.1514 8.0330 252 255 249
4.0509 -2.1514 8.0330 252 255 251
-16.5985 -8.5532 32.1310 109 110 106
-15.1223 -8.1254 30.5240 101 101 97
-11.1355 -6.2503 23.4800 181 150 139
-11.5252 -6.7713 25.4370 255 238 211
-14.6491 -9.0284 33.9160 243 225 205
-12.4883 -8.1254 30.5240 246 218 199
-16.9175 -11.6078 43.6060 124 99 92
-15.9945 -11.6078 43.6060 194 176 165
-13.1875 -10.1568 38.1550 196 183 172
-13.2053 -10.8340 40.6990 255 254 249
-10.2866 -9.0284 33.9160 254 255 251
-10.1316 -9.5594 35.9110 254 255 251
-10.6210 -10.8340 40.6990 139 145 145
-10.4567 -11.6078 43.6060 175 181 179
-11.1225 -13.5423 50.8730 247 249 236
-9.2730 -12.5006 46.9600 254 255 251
21.9389 -16.2508 61.0480 252 255 249
10.1438 -7.0657 26.5430 252 255 249
12.3113 -8.1254 30.5240 252 255 249
4.4854 -2.8020 10.5260 252 255 249
3.5010 -2.0835 7.8270 252 255 249
3.6666 -2.0835 7.8270 252 255 249
3.9332 -2.1384 8.0330 252 255 249
-16.2156 -8.0757 30.5240 177 148 134
-14.8284 -7.6913 29.0710 112 107 103
-13.5668 -7.3416 27.7490 125 114 109
-10.5757 -5.9819 22.6100 184 153 142
-11.8535 -7.0225 26.5430 241 217 192
-14.4282 -8.9732 33.9160 145 146 137
-13.7104 -8.9732 33.9160 255 235 204
-17.9893 -12.4242 46.9600 150 128 118
-14.7294 -10.7677 40.6990 197 179 168
-13.8680 -10.7677 40.6990 200 187 176
-13.0066 -10.7677 40.6990 254 255 249
-10.1210 -8.9732 33.9160 254 255 251
-10.5783 -10.0947 38.1550 254 255 251
-11.1666 -11.5368 43.6060 177 171 173
-10.1727 -11.5368 43.6060 192 200 197
-9.1787 -11.5368 43.6060 204 193 184
-10.5072 -14.6831 55.4980 254 255 251
15.0236 -10.7677 40.6990 252 255 251
10.8758 -7.3416 27.7490 252 255 251
12.0092 -7.6913 29.0710 252 255 251
3.7618 -2.2748 8.5980 252 255 251
3.5902 -2.0708 7.8270 252 255 251
3.9060 -2.1536 8.1400 252 255 251
4.0783 -2.1536 8.1400 252 255 251
-15.1124 -7.6440 29.0710 136 116 108
-15.2217 -8.0260 30.5240 123 107 102
-11.6604 -6.4208 24.4190 177 146 135
-11.1435 -6.4208 24.4190 255 232 213
-14.7596 -8.9179 33.9160 255 246 207
-12.6373 -8.0260 30.5240 149 135 129
-14.9891 -10.0326 38.1550 124 108 103
-16.2075 -11.4659 43.6060 190 171 158
-13.3739 -10.0326 38.1550 201 186 174
-14.3616 -11.4659 43.6060 204 191 180
-11.0671 -9.4425 35.9110 254 255 251
-10.3070 -9.4425 35.9110 254 255 251
-10.1435 -10.0326 38.1550 189 198 191
-9.3359 -10.0326 38.1550 254 255 251
-11.3710 -13.3767 50.8730 246 244 232
-8.8237 -11.4659 43.6060 254 255 245
-11.0609 -16.0521 61.0480 253 254 248
11.4664 -8.0260 30.5240 252 255 251
11.5359 -7.6440 29.0710 252 255 251
10.2068 -6.4208 24.4190 252 255 251
3.6862 -2.1990 8.3630 252 255 251
3.6156 -2.0580 7.8270 252 255 251
3.9325 -2.1403 8.1400 252 255 251
3.9979 -2.0846 7.9280 250 254 249
-14.2896 -7.2512 27.7490 143 119 107
-14.3551 -7.5967 29.0710 139 117 109
-10.6861 -5.9083 22.6100 177 146 135
-11.4838 -6.6471 25.4370 255 241 211
-14.5939 -8.8627 33.9160 147 129 107
-12.4883 -7.9764 30.5240 246 216 198
-15.7897 -10.6352 40.6990 137 125 125
-14.9282 -10.6352 40.6990 193 175 164
-14.0668 -10.6352 40.6990 197 182 170
-14.1486 -11.3949 43.6060 254 251 246
-10.2866 -8.8627 33.9160 254 255 251
-10.1316 -9.3841 35.9110 254 255 251
-9.3715 -9.3841 35.9110 162 170 167
-8.6114 -9.3841 35.9110 170 179 172
-11.1225 -13.2938 50.8730 247 249 236
-9.2730 -12.2713 46.9600 254 255 249
-10.7627 -15.9527 61.0480 213 211 203
10.6047 -7.2512 27.7490 252 255 251
12.9594 -8.3963 32.1310 252 255 251
4.8358 -2.9542 11.3050 252 255 251
3.5590 -2.0717 7.9280 252 255 251
3.7762 -2.0991 8.0330 252 255 251
4.0528 -2.1558 8.2500 252 255 251
-14.6963 -7.2060 27.7490 166 135 122
-14.7811 -7.5493 29.0710 150 124 113
-13.5216 -7.2060 27.7490 150 125 116
-10.5389 -5.8715 22.6100 177 148 136
-12.3469 -7.2060 27.7490 252 228 201
-13.6166 -8.3440 32.1310 139 141 130
-13.6551 -8.8075 33.9160 252 226 197
-15.5246 -10.5690 40.6990 185 167 156
-14.6632 -10.5690 40.6990 195 177 166
-14.7876 -11.3239 43.6060 198 185 172
-12.8740 -10.5690 40.6990 254 255 251
-10.5994 -9.3256 35.9110 254 255 251
-10.4541 -9.9083 38.1550 254 255 251
-8.5748 -8.8075 33.9160 253 254 250
-9.4282 -10.5690 40.6990 166 175 168
-9.8847 -12.1949 46.9600 182 168 164
-9.6315 -13.2110 50.8730 254 255 251
16.0257 -11.3239 43.6060 252 255 249
10.7854 -7.2060 27.7490 252 255 249
13.9003 -8.8075 33.9160 252 255 249
4.0786 -2.4390 9.3920 252 255 249
3.6107 -2.0588 7.9280 252 255 249
3.8795 -2.1138 8.1400 252 255 249
4.1066 -2.1424 8.2500 252 255 249
-13.3061 -6.5642 25.4370 166 137 125
-13.9282 -7.1609 27.7490 155 129 116
-11.7399 -6.3015 24.4190 169 143 130
-10.3916 -5.8347 22.6100 192 161 150
-14.0874 -8.2917 32.1310 252 225 199
-12.7367 -7.8770 30.5240 132 130 122
-14.2245 -9.2671 35.9110 238 211 187
-15.2596 -10.5027 40.6990 186 169 155
-14.3981 -10.5027 40.6990 194 179 167
-14.5036 -11.2529 43.6060 198 185 174
-11.8829 -9.8462 38.1550 203 201 191
-10.4240 -9.2671 35.9110 254 255 251
-9.6639 -9.2671 35.9110 254 255 249
-7.5681 -7.8770 30.5240 254 255 251
-9.8887 -11.2529 43.6060 163 155 154
-8.9657 -11.2529 43.6060 141 125 118
-9.3830 -13.1282 50.8730 254 255 251
12.6854 -8.7523 33.9160 252 255 249
12.0628 -7.8770 30.5240 252 255 249
12.1512 -7.5020 29.0710 252 255 249
3.6145 -2.1006 8.1400 252 255 249
3.6881 -2.0459 7.9280 252 255 249
3.9590 -2.1006 8.1400 252 255 249
-13.5960 -6.5228 25.4370 184 153 142
-13.0576 -6.5228 25.4370 165 136 122
-13.6571 -7.1157 27.7490 156 130 117
-10.2692 -5.5910 21.8030 173 144 132
-11.4424 -6.5228 25.4370 255 237 209
-13.7735 -8.2394 32.1310 166 157 148
-12.4386 -7.8273 30.5240 255 226 208
-14.7406 -9.7841 38.1550 151 142 133
-14.8620 -10.4365 40.6990 192 174 163
-15.0005 -11.1819 43.6060 197 182 170
-14.0776 -11.1819 43.6060 255 254 249
-10.2314 -8.6971 33.9160 254 255 245
-10.0731 -9.2087 35.9110 254 255 249
-8.3327 -8.2394 32.1310 183 179 172
-7.2699 -7.8273 30.5240 221 225 218
-10.1905 -12.0420 46.9600 176 179 158
-9.1965 -12.0420 46.9600 255 255 247
-9.6939 -14.2314 55.4980 254 255 249
12.9063 -8.6971 33.9160 252 255 249
14.4256 -9.2087 35.9110 252 255 249
9.9290 -6.0210 23.4800 252 255 249
3.6542 -2.0873 8.1400 252 255 249
3.7762 -2.0599 8.0330 252 255 249
4.0528 -2.1156 8.2500 252 255 249
-12.9326 -6.2220 24.4190 174 143 130
-13.4957 -6.7632 26.5430 165 136 122
-12.9339 -6.7632 26.5430 159 133 120
-10.1627 -5.5555 21.8030 177 148 136
-12.3469 -7.0705 27.7490 254 232 204
-12.8858 -7.7776 30.5240 154 152 142
-13.5999 -8.6419 33.9160 250 227 197
-15.4584 -10.3702 40.6990 181 164 150
-14.5969 -10.3702 40.6990 195 180 168
-14.7166 -11.1109 43.6060 201 188 177
-13.7936 -11.1109 43.6060 254 255 251
-10.5994 -9.1502 35.9110 254 255 247
-10.4541 -9.7220 38.1550 254 255 249
-7.3498 -7.4074 29.0710 252 253 249
-8.3191 -9.1502 35.9110 161 162 153
-9.1787 -11.1109 43.6060 180 171 162
-8.8907 -11.9655 46.9600 254 255 251
17.1819 -11.9655 46.9600 252 255 249
12.4363 -8.1871 32.1310 252 255 249
16.6140 -10.3702 40.6990 252 255 249
7.7096 -4.5750 17.9550 252 255 249
3.6675 -2.0741 8.1400 252 255 249
3.7893 -2.0468 8.0330 252 255 249
4.0121 -2.0741 8.1400 252 255 249
-12.3971 -5.9446 23.4800 173 142 129
-12.8920 -6.4400 25.4370 164 135 121
-12.3536 -6.4400 25.4370 163 137 124
-10.1272 -5.5200 21.8030 180 151 139
-12.8878 -7.3601 29.0710 252 228 201
-12.8858 -7.7279 30.5240 163 159 150
-13.5999 -8.5867 33.9160 250 226 199
-14.4921 -9.6599 38.1550 183 164 151
-14.5969 -10.3040 40.6990 195 180 168
-14.7166 -11.0400 43.6060 203 190 179
-13.7936 -11.0400 43.6060 254 255 251
-10.5994 -9.0918 35.9110 254 255 240
-10.4541 -9.6599 38.1550 254 255 249
-6.7107 -6.7200 26.5430 252 253 247
-8.2606 -9.0918 35.9110 154 151 148
-9.1077 -11.0400 43.6060 181 172 163
-8.8142 -11.8891 46.9600 254 255 251
22.2370 -15.4558 61.0480 255 250 245
13.8409 -9.0918 35.9110 252 255 251
16.5477 -10.3040 40.6990 252 255 251
7.6803 -4.5458 17.9550 252 255 251
3.6236 -2.0072 7.9280 252 255 251
3.8928 -2.0608 8.1400 252 255 251
3.9088 -1.9816 7.8270 252 255 251
-11.7905 -5.6875 22.6100 167 138 124
-13.2796 -6.6768 26.5430 159 133 120
-11.7001 -6.1425 24.4190 163 139 125
-10.3548 -5.6875 22.6100 243 215 198
-13.3331 -7.6782 30.5240 255 242 210
-12.0831 -7.3127 29.0710 132 121 114
-14.1660 -9.0333 35.9110 165 135 117
-15.1933 -10.2377 40.6990 189 171 160
-14.3319 -10.2377 40.6990 200 185 173
-15.5427 -11.8127 46.9600 203 190 179
-12.6090 -10.2377 40.6990 153 151 141
-11.0132 -9.5978 38.1550 254 255 249
-8.5943 -8.0825 32.1310 254 255 249
-6.5378 -6.6768 26.5430 254 255 251
-9.1632 -10.2377 40.6990 171 163 162
-8.8947 -10.9690 43.6060 172 165 155
-8.5849 -11.8127 46.9600 254 255 251
18.8621 -12.7970 50.8730 255 229 229
15.9513 -10.2377 40.6990 254 255 251
22.9262 -13.9604 55.4980 252 255 251
4.0312 -2.2921 9.1120 252 255 251
3.6284 -1.9689 7.8270 252 255 251
3.8430 -1.9943 7.9280 252 255 251
-12.5500 -5.8681 23.4800 166 142 130
-12.0530 -5.8681 23.4800 157 133 119
-13.0636 -6.6336 26.5430 150 130 120
-10.2692 -5.4490 21.8030 154 134 126
-10.9845 -6.1028 24.4190 237 211 200
-13.0846 -7.6285 30.5240 146 141 139
-12.4386 -7.6285 30.5240 255 223 203
-14.7406 -9.5357 38.1550 154 145 136
-14.8620 -10.1715 40.6990 191 176 164
-15.0005 -10.8980 43.6060 199 184 172
-15.1604 -11.7362 46.9600 255 254 249
-10.8332 -8.9749 35.9110 121 111 109
-10.7026 -9.5357 38.1550 254 255 249
-7.1963 -6.9350 27.7490 254 255 249
-6.6090 -6.9350 27.7490 165 165 161
-8.8318 -10.1715 40.6990 176 174 155
-8.5397 -10.8980 43.6060 255 255 247
-8.8861 -12.7141 50.8730 254 255 251
17.4877 -11.7362 46.9600 252 214 216
16.0176 -10.1715 40.6990 187 176 184
23.0166 -13.8700 55.4980 252 255 251
4.5015 -2.5429 10.1750 252 255 251
3.6284 -1.9561 7.8270 252 255 251
3.6089 -1.8606 7.4450 252 255 251
-12.1218 -5.6139 22.6100 198 178 168
-11.6433 -5.6139 22.6100 139 119 109
-13.1068 -6.5904 26.5430 134 113 110
-10.3047 -5.4135 21.8030 122 103 99
-10.6003 -5.8299 23.4800 134 109 102
-12.5091 -7.2181 29.0710 164 148 125
-12.4883 -7.5789 30.5240 253 220 203
-15.7897 -10.1052 40.6990 148 141 135
-14.9282 -10.1052 40.6990 192 177 165
-16.1543 -11.6598 46.9600 198 183 171
-16.4236 -12.6313 50.8730 255 255 247
-11.5102 -9.4736 38.1550 138 135 130
-10.7026 -9.4736 38.1550 254 255 249
-6.8836 -6.5904 26.5430 254 255 251
-6.3218 -6.5904 26.5430 214 218 213
-8.2798 -9.4736 38.1550 178 173 155
-7.9704 -10.1052 40.6990 255 254 249
-8.2026 -11.6598 46.9600 254 255 251
20.6672 -13.7797 55.4980 252 209 211
18.4817 -11.6598 46.9600 167 148 165
25.3184 -15.1577 61.0480 252 255 251
5.0961 -2.8601 11.5190 252 255 251
3.6284 -1.9434 7.8270 252 255 251
3.6089 -1.8485 7.4450 252 255 251
-12.1218 -5.5771 22.6100 214 196 185
-11.6433 -5.5771 22.6100 124 109 99
-13.1068 -6.5472 26.5430 127 113 107
-10.6861 -5.5771 22.6100 116 100 97
-10.6003 -5.7917 23.4800 165 144 139
-12.5091 -7.1708 29.0710 166 148 126
-12.4883 -7.5292 30.5240 251 221 203
-15.7897 -10.0390 40.6990 148 141 135
-14.9282 -10.0390 40.6990 192 174 163
-15.0715 -10.7560 43.6060 194 179 167
-18.0071 -13.6893 55.4980 235 233 225
-12.3439 -10.0390 40.6990 181 188 182
-11.4825 -10.0390 40.6990 254 255 251
-7.2415 -6.8447 27.7490 254 255 251
-6.3650 -6.5472 26.5430 183 190 184
-8.3419 -9.4115 38.1550 249 251 240
-8.0367 -10.0390 40.6990 233 230 225
-8.2790 -11.5833 46.9600 254 255 249
20.5769 -13.6893 55.4980 252 210 207
18.4817 -11.5833 46.9600 167 145 163
25.3184 -15.0583 61.0480 255 255 249
5.9575 -3.3462 13.5660 252 255 249
3.6029 -1.9306 7.8270 252 255 249
3.4181 -1.7511 7.0990 252 255 249
2.7646 -1.3567 5.5000 252 255 249
-11.7169 -5.5403 22.6100 139 125 117
-12.6435 -6.2330 25.4370 144 133 126
-10.7597 -5.5403 22.6100 119 105 99
-10.6768 -5.7534 23.4800 147 135 135
-12.0306 -6.7995 27.7490 255 230 204
-11.9885 -7.1234 29.0710 182 155 149
-14.9270 -9.3493 38.1550 142 133 126
-15.0608 -9.9727 40.6990 190 172 161
-15.2135 -10.6850 43.6060 193 178 166
-16.6721 -12.4657 50.8730 204 190 184
-12.4764 -9.9727 40.6990 191 196 186
-11.6150 -9.9727 40.6990 254 255 247
-7.0132 -6.5040 26.5430 254 255 251
-5.9352 -5.9835 24.4190 254 255 251
-7.9682 -8.7995 35.9110 254 254 250
-8.1692 -9.9727 40.6990 159 154 152
-7.8297 -10.6850 43.6060 255 255 245
-9.6694 -14.9590 61.0480 253 255 246
19.7732 -12.4657 50.8730 232 191 199
25.0202 -14.9590 61.0480 251 214 221
7.0811 -3.9365 16.0650 250 255 249
3.5375 -1.8699 7.6310 250 255 249
3.0510 -1.5423 6.2940 250 255 249
-12.1218 -5.5035 22.6100 210 193 179
-11.2277 -5.3070 21.8030 143 134 125
-12.5606 -6.1916 25.4370 144 137 129
-10.6861 -5.5035 22.6100 131 120 113
-10.9845 -5.9438 24.4190 250 227 222
-11.3781 -6.4608 26.5430 177 158 145
-11.8465 -7.0761 29.0710 255 232 213
-15.7234 -9.9065 40.6990 155 144 137
-14.8620 -9.9065 40.6990 189 171 160
-16.1543 -11.4304 46.9600 198 185 174
-17.9167 -13.5087 55.4980 255 255 247
-12.2776 -9.9065 40.6990 185 192 184
-10.7026 -9.2872 38.1550 254 255 249
-6.3327 -5.9438 24.4190 254 255 251
-5.8159 -5.9438 24.4190 214 216 207
-7.7928 -8.7410 35.9110 183 175 163
-7.9704 -9.9065 40.6990 254 254 250
-8.2026 -11.4304 46.9600 254 255 249
23.3304 -14.8596 61.0480 252 208 206
24.6226 -14.8596 61.0480 245 207 211
3.8088 -2.0356 8.3630 252 255 251
3.3443 -1.7080 7.0170 252 255 251
2.6058 -1.2701 5.2180 252 255 251
-11.3697 -5.2715 21.8030 144 135 126
-11.7472 -5.6770 23.4800 146 137 130
-11.7001 -5.9040 24.4190 123 114 105
-10.7532 -5.6770 23.4800 136 127 120
-11.5942 -6.4176 26.5430 255 221 209
-11.5336 -6.7092 27.7490 142 133 126
-14.1660 -8.6826 35.9110 163 130 115
-16.2785 -10.5431 43.6060 187 167 157
-14.3319 -9.8402 40.6990 195 180 168
-16.8378 -12.3001 50.8730 201 191 179
-15.7610 -12.3001 50.8730 153 154 141
-12.5866 -10.5431 43.6060 200 195 191
-7.0997 -6.4176 26.5430 254 255 251
-5.3703 -5.2715 21.8030 254 255 251
-7.5808 -8.2002 33.9160 215 216 212
-8.2355 -9.8402 40.6990 141 149 146
-7.3740 -9.8402 40.6990 154 142 142
-9.7688 -14.7602 61.0480 254 255 251
24.2250 -14.7602 61.0480 160 136 155
11.1707 -6.1502 25.4370 203 188 189
3.5699 -1.8685 7.7280 252 255 251
2.8359 -1.4193 5.8700 252 255 251
2.4432 -1.1714 4.8450 191 193 203
-11.6801 -5.4298 22.6100 134 123 114
-12.0977 -5.8643 24.4190 119 108 99
-11.1355 -5.6388 23.4800 113 100 89
-10.6385 -5.6388 23.4800 126 107 101
-10.9868 -6.1088 25.4370 250 214 195
-11.3981 -6.6640 27.7490 181 153 150
-14.8648 -9.1630 38.1550 132 128 121
-14.9945 -9.7740 40.6990 189 171 160
-15.1425 -10.4721 43.6060 196 183 172
-19.9073 -14.6608 61.0480 206 195 188
-14.3193 -11.2776 46.9600 173 174 170
-11.5487 -9.7740 40.6990 254 255 245
-6.4123 -5.8643 24.4190 254 255 251
-5.6687 -5.6388 23.4800 254 255 251
-7.4704 -8.1450 33.9160 254 255 249
-8.1029 -9.7740 40.6990 166 157 160
-7.7587 -10.4721 43.6060 186 176 174
21.8440 -12.2173 50.8730 253 206 207
4.2468 -2.2555 9.3920 252 255 251
3.2467 -1.6472 6.8590 252 255 251
-12.1218 -5.3930 22.6100 117 99 88
-11.2277 -5.2006 21.8030 120 105 93
-12.0580 -5.8245 24.4190 112 99 88
-11.0973 -5.6006 23.4800 108 93 81
-10.5621 -5.6006 23.4800 140 115 106
-10.9040 -6.0673 25.4370 248 209 191
-11.8465 -6.9341 29.0710 251 221 203
-15.7234 -9.7077 40.6990 157 148 141
-14.8620 -9.7077 40.6990 190 172 161
-16.1543 -11.2011 46.9600 197 184 173
-19.7085 -14.5614 61.0480 255 254 249
-14.1664 -11.2011 46.9600 179 180 174
-10.7026 -9.1009 38.1550 254 255 249
-6.0892 -5.6006 23.4800 254 255 249
-5.8159 -5.8245 24.4190 253 254 248
-7.7928 -8.5657 35.9110 179 176 162
-7.9704 -9.7077 40.6990 254 254 250
-8.2026 -11.2011 46.9600 238 235 230
17.6080 -9.7077 40.6990 250 203 202
3.8616 -2.0224 8.4790 252 255 251
2.7976 -1.4001 5.8700 252 255 251
2.1250 -1.0183 4.2690 162 161 172
-11.8273 -5.3562 22.6100 115 97 86
-10.9437 -5.1651 21.8030 110 95 85
-12.2293 -6.0259 25.4370 110 92 81
-10.7915 -5.5623 23.4800 107 92 80
-10.7062 -5.7848 24.4190 237 211 196
-11.0756 -6.2880 26.5430 184 165 152
-14.2245 -8.5072 35.9110 233 200 183
-16.3495 -10.3301 43.6060 186 167 154
-14.3981 -9.6415 40.6990 195 180 168
-16.9206 -12.0516 50.8730 200 187 176
-19.0127 -14.4621 61.0480 201 202 189
-14.7670 -12.0516 50.8730 175 169 171
-7.4674 -6.5736 27.7490 254 255 245
-5.4058 -5.1651 21.8030 254 255 251
-6.9220 -7.2310 30.5240 153 144 147
-8.3017 -9.6415 40.6990 146 154 153
-7.4403 -9.6415 40.6990 177 166 159
-9.8682 -14.4621 61.0480 254 255 251
5.0011 -2.6296 11.1000 252 255 251
2.7690 -1.3906 5.8700 252 255 251
1.9794 -0.9514 4.0160 187 185 199
-11.9378 -5.3194 22.6100 115 95 85
-10.6691 -4.9526 21.0510 114 96 85
-12.3536 -5.9845 25.4370 107 92 80
-10.9062 -5.5241 23.4800 107 89 78
-10.4092 -5.5241 23.4800 150 123 115
-10.7383 -5.9845 25.4370 244 205 185
-13.5999 -7.9794 33.9160 254 222 198
-16.5625 -10.2591 43.6060 181 162 149
-15.6395 -10.2591 43.6060 190 175 163
-17.1691 -11.9688 50.8730 193 180 169
-15.2640 -11.9688 50.8730 178 185 177
-10.0147 -8.4487 35.9110 254 255 251
-5.8268 -5.3194 22.6100 254 255 249
-5.7761 -5.7450 24.4190 254 255 249
-7.7344 -8.4487 35.9110 244 241 227
-7.9041 -9.5752 40.6990 254 255 251
-8.1261 -11.0482 46.9600 255 253 250
9.3474 -4.9526 21.0510 255 254 251
2.8986 -1.4507 6.1660 252 255 251
1.9353 -0.9147 3.8880 95 92 111
-11.8273 -5.2826 22.6100 113 93 83
-10.9437 -5.0941 21.8030 111 91 81
-12.2293 -5.9431 25.4370 107 89 78
-10.7915 -5.4859 23.4800 110 90 80
-10.2945 -5.4859 23.4800 217 191 178
-11.0756 -6.2015 26.5430 234 198 177
-14.2245 -8.3903 35.9110 231 202 181
-17.5306 -10.9718 46.9600 185 167 156
-15.3555 -10.1882 43.6060 191 176 164
-20.2055 -14.2633 61.0480 194 184 172
-14.6013 -11.8860 50.8730 255 253 249
-6.7624 -5.9431 25.4370 255 250 241
-5.3348 -5.0941 21.8030 254 255 249
-7.1818 -7.5071 32.1310 202 203 194
-8.2355 -9.5090 40.6990 142 145 146
-7.3740 -9.5090 40.6990 171 167 160
26.6105 -14.2633 61.0480 231 194 189
2.9999 -1.5173 6.4940 252 255 251
2.1290 -1.0262 4.3920 185 184 191
-12.1218 -5.2458 22.6100 100 85 75
-10.8404 -4.8841 21.0510 118 96 86
-11.5943 -5.4477 23.4800 122 103 90
-11.5411 -5.6655 24.4190 125 106 93
-10.2075 -5.2458 22.6100 139 118 105
-10.1033 -5.4477 23.4800 248 224 208
-11.8938 -6.7449 29.0710 235 202 187
-15.7897 -9.4427 40.6990 146 139 131
-15.9945 -10.1172 43.6060 189 171 160
-16.2308 -10.8953 46.9600 192 179 166
-16.7420 -12.8763 55.4980 188 197 188
-10.7026 -8.8525 38.1550 254 255 249
-6.0892 -5.4477 23.4800 254 255 243
-5.3850 -5.2458 22.6100 254 255 251
-7.7928 -8.3318 35.9110 187 180 170
-7.9704 -9.4427 40.6990 255 254 251
-8.2026 -10.8953 46.9600 193 193 189
10.4642 -5.4477 23.4800 255 253 247
2.3634 -1.1705 5.0450 252 255 251
1.8572 -0.8742 3.7680 82 90 109
-11.9378 -5.2090 22.6100 123 103 93
-10.6348 -4.8498 21.0510 140 116 104
-11.8194 -5.6258 24.4190 138 117 102
-10.8679 -5.4094 23.4800 143 119 103
-9.9867 -5.2090 22.6100 144 118 105
-10.2688 -5.6258 24.4190 238 204 192
-14.3414 -8.2734 35.9110 251 223 193
-17.7600 -10.8189 46.9600 182 164 153
-15.5685 -10.0462 43.6060 190 175 163
-18.6396 -12.7859 55.4980 199 186 175
-12.3026 -10.0462 43.6060 254 255 249
-6.3725 -5.6258 24.4190 253 242 235
-5.4218 -5.2090 22.6100 254 255 251
-7.4151 -7.8138 33.9160 254 255 247
-8.0367 -9.3765 40.6990 190 187 184
-7.6877 -10.0462 43.6060 157 154 151
10.8429 -5.6258 24.4190 255 253 245
2.3552 -1.1623 5.0450 252 255 251
1.6695 -0.7727 3.3540 69 79 95
-11.4052 -4.9876 21.8030 139 118 103
-10.5662 -4.8156 21.0510 144 120 108
-11.7399 -5.5860 24.4190 140 119 104
-10.7915 -5.3712 23.4800 158 132 119
-9.9130 -5.1722 22.6100 145 119 104
-10.6141 -5.8189 25.4370 216 186 168
-14.2245 -8.2149 35.9110 234 202 182
-19.0742 -11.6376 50.8730 185 167 156
-15.4265 -9.9752 43.6060 195 180 168
-20.3048 -13.9652 61.0480 199 186 175
-7.9178 -6.6502 29.0710 149 144 140
-5.4768 -4.9876 21.8030 254 255 249
-6.3831 -6.3478 27.7490 254 255 251
-8.5005 -9.3102 40.6990 164 172 169
-7.6391 -9.3102 40.6990 229 230 226
-10.0670 -13.9652 61.0480 173 163 161
3.6454 -1.8376 8.0330 252 252 248
1.7860 -0.8514 3.7220 104 98 113
1.6183 -0.7389 3.2300 64 72 89
-11.3342 -4.9521 21.8030 143 122 107
-10.4977 -4.7813 21.0510 147 123 111
-11.6604 -5.5463 24.4190 140 119 106
-10.7150 -5.3330 23.4800 207 181 166
-9.8394 -5.1354 22.6100 143 120 101
-10.5313 -5.7775 25.4370 243 214 193
-14.9891 -8.6661 38.1550 127 111 104
-17.4541 -10.6660 46.9600 188 170 159
-14.2656 -9.2440 40.6990 197 182 170
-17.7205 -13.8658 61.0480 168 164 169
-7.1429 -6.0287 26.5430 182 169 158
-5.4058 -4.9521 21.8030 254 255 249
-6.5925 -6.6029 29.0710 254 255 251
-8.3680 -9.2440 40.6990 146 159 154
-7.5065 -9.2440 40.6990 206 215 206
-9.0614 -12.6052 55.4980 144 134 132
2.2846 -1.1272 4.9630 250 255 251
1.6831 -0.7834 3.4490 75 80 98
-12.5118 -5.2948 23.4800 134 113 100
-10.4127 -4.5887 20.3490 149 125 111
-11.0911 -5.0986 22.6100 148 127 114
-11.4616 -5.5065 24.4190 121 101 81
-10.1339 -5.0986 22.6100 199 179 157
-9.6553 -5.0986 22.6100 172 147 129
-11.7991 -6.5556 29.0710 251 215 192
-16.7755 -9.8332 43.6060 146 137 128
-15.8525 -9.8332 43.6060 188 173 161
-17.4176 -11.4720 50.8730 198 183 171
-12.3026 -9.8332 43.6060 254 255 249
-6.3327 -5.5065 24.4190 124 113 108
-5.3850 -5.0986 22.6100 254 255 251
-7.7928 -8.0980 35.9110 189 183 170
-8.5397 -9.8332 43.6060 255 254 249
-8.2026 -10.5896 46.9600 177 176 176
24.6226 -13.7664 61.0480 255 250 244
2.2846 -1.1192 4.9630 248 251 250
1.6204 -0.7563 3.3540 74 82 99
1.5708 -0.7024 3.1150 64 72 89
-11.2632 -4.8811 21.8030 156 135 120
-10.8017 -4.8811 21.8030 154 130 116
-11.5809 -5.4668 24.4190 153 132 117
-10.2444 -5.0618 22.6100 234 205 180
-9.7658 -5.0618 22.6100 140 118 92
-10.4484 -5.6947 25.4370 200 173 147
-14.8648 -8.5419 38.1550 117 108 103
-16.0655 -9.7623 43.6060 189 171 160
-15.1425 -9.7623 43.6060 194 179 167
-16.0192 -12.4246 55.4980 189 185 178
-6.8038 -5.6947 25.4370 175 167 155
-5.3703 -4.8811 21.8030 254 255 249
-6.5452 -6.5082 29.0710 254 255 251
-8.3017 -9.1115 40.6990 165 169 164
-7.4403 -9.1115 40.6990 176 185 176
-8.2234 -11.3891 50.8730 178 168 166
24.2817 -12.4246 55.4980 193 189 182
1.6510 -0.7809 3.4880 85 88 107
1.5805 -0.7155 3.1960 65 75 91
-11.9009 -5.0250 22.6100 161 137 123
-10.2801 -4.5225 20.3490 163 142 129
-11.3649 -5.2183 23.4800 156 135 122
-10.8679 -5.2183 23.4800 93 81 61
-9.6302 -4.8456 21.8030 93 85 61
-9.5081 -5.0250 22.6100 124 106 86
-12.7795 -7.1410 32.1310 253 214 185
-16.4205 -9.6913 43.6060 182 165 151
-14.4644 -9.0452 40.6990 190 175 163
-17.0034 -11.3063 50.8730 191 178 165
-7.9178 -6.4609 29.0710 168 165 160
-5.6795 -5.0250 22.6100 255 255 245
-6.1057 -5.8991 26.5430 254 255 251
-7.9692 -8.4798 38.1550 252 254 243
-7.6391 -9.0452 40.6990 244 245 241
-7.8203 -10.4367 46.9600 254 255 251
-0.8230 -13.5677 61.0480 255 251 200
1.7361 -0.8323 3.7450 94 94 112
1.5827 -0.7256 3.2650 63 75 91
-12.5883 -5.1801 23.4800 145 126 111
-10.8404 -4.6442 21.0510 165 141 127
-10.7662 -4.8101 21.8030 147 125 115
-11.0973 -5.1801 23.4800 154 133 120
-10.2075 -4.9882 22.6100 228 195 166
-9.7290 -4.9882 22.6100 143 124 95
-10.8595 -5.8559 26.5430 145 127 95
-15.7897 -8.9789 40.6990 139 128 119
-15.9945 -9.6203 43.6060 189 172 158
-14.0668 -8.9789 40.6990 192 177 165
-12.3736 -9.6203 43.6060 254 255 245
-6.9700 -5.8559 26.5430 171 163 149
-5.4587 -4.9882 22.6100 254 255 251
-7.0772 -7.0887 32.1310 254 255 249
-8.1029 -8.9789 40.6990 157 147 147
-7.7587 -9.6203 43.6060 154 150 151
-7.9749 -11.2235 50.8730 133 127 129
24.2250 -13.4683 61.0480 192 183 186
1.6045 -0.7609 3.4490 82 87 103
1.5544 -0.7051 3.1960 64 76 92
-12.0482 -4.9514 22.6100 157 133 121
-10.4127 -4.4562 20.3490 165 136 124
-10.6952 -4.7747 21.8030 147 125 115
-11.0208 -5.1419 23.4800 135 114 99
-10.1339 -4.9514 22.6100 165 143 117
-9.6553 -4.9514 22.6100 129 111 79
-10.7731 -5.8127 26.5430 121 106 78
-14.6785 -8.3556 38.1550 142 128 120
-14.7957 -8.9127 40.6990 185 168 154
-14.9295 -9.5493 43.6060 195 181 166
-12.3736 -9.5493 43.6060 254 255 245
-6.9700 -5.8127 26.5430 170 168 156
-5.4587 -4.9514 22.6100 254 255 251
-6.7232 -6.6845 30.5240 254 255 249
-7.5964 -8.3556 38.1550 159 150 145
-7.2415 -8.9127 40.6990 152 148 149
-6.8357 -9.5493 43.6060 149 144 142
-4.2025 -13.3689 61.0480 252 255 251
-0.3545 -11.1407 50.8730 160 139 122
22.2034 -12.1535 55.4980 203 195 194
1.5979 -0.7470 3.4110 72 80 95
1.5648 -0.6999 3.1960 109 118 128
-12.0114 -4.9146 22.6100 157 131 120
-10.3795 -4.4231 20.3490 160 134 121
-10.2920 -4.5757 21.0510 154 132 122
-10.5757 -4.9146 22.6100 134 120 103
-9.7367 -4.7392 21.8030 86 64 40
-9.6185 -4.9146 22.6100 109 96 72
-11.2174 -6.0316 27.7490 107 96 71
-14.6163 -8.2935 38.1550 158 140 129
-13.8087 -8.2935 38.1550 185 168 154
-13.8680 -8.8464 40.6990 199 184 172
-12.3026 -9.4783 43.6060 254 255 249
-6.8836 -5.7695 26.5430 164 165 159
-5.5922 -5.1037 23.4800 252 250 240
-6.9726 -6.9841 32.1310 194 183 174
-7.9704 -8.8464 40.6990 255 251 240
-7.1090 -8.8464 40.6990 168 165 162
-7.2086 -10.2074 46.9600 234 229 227
-4.0037 -13.2696 61.0480 252 255 251
-0.1889 -11.0579 50.8730 163 142 125
22.3841 -12.0632 55.4980 255 248 243
1.5161 -0.7134 3.2820 72 81 93
1.5440 -0.6947 3.1960 66 78 94
1.5789 -0.6806 3.1310 83 90 98
-10.5121 -4.3900 20.3490 169 140 128
-10.4291 -4.5414 21.0510 162 138 124
-10.7229 -4.8778 22.6100 132 111 94
-9.8787 -4.7037 21.8030 210 182 163
-9.4172 -4.7037 21.8030 120 109 73
-10.0303 -5.2680 24.4190 113 96 67
-13.2134 -7.3169 33.9160 194 167 143
-14.0572 -8.2314 38.1550 188 171 157
-13.2496 -8.2314 38.1550 195 180 168
-16.0192 -11.9729 55.4980 182 177 173
-7.4222 -5.9864 27.7490 156 160 155
-5.7834 -5.0655 23.4800 254 255 249
-6.5452 -6.2716 29.0710 254 255 249
-6.9181 -7.3169 33.9160 254 255 249
-6.9752 -8.2314 38.1550 179 176 171
-5.8049 -7.7473 35.9110 188 186 178
-5.1965 -13.1702 61.0480 252 255 251
-3.5494 -11.9729 55.4980 252 255 251
-0.3902 -8.2314 38.1550 140 124 117
23.8274 -13.1702 61.0480 220 208 208
1.5383 -0.7613 3.5290 236 232 233
1.4790 -0.6932 3.2130 70 78 93
1.5388 -0.6895 3.1960 70 82 98
1.5899 -0.6824 3.1630 90 97 105
-10.9090 -4.5072 21.0510 169 140 128
-10.4634 -4.5072 21.0510 166 142 128
-10.3757 -4.6682 21.8030 132 111 96
-9.9142 -4.6682 21.8030 230 202 183
-9.4527 -4.6682 21.8030 113 103 71
-9.6828 -5.0272 23.4800 101 84 59
-13.2686 -7.2617 33.9160 218 187 160
-13.2890 -7.6888 35.9110 187 170 154
-11.8328 -7.2617 33.9160 194 180 163
-16.6721 -10.8923 50.8730 204 191 180
-9.9562 -7.6888 35.9110 254 255 251
-6.7971 -5.6830 26.5430 171 163 160
-5.7364 -5.2283 24.4190 192 180 178
-6.5244 -6.5354 30.5240 255 255 245
-6.9158 -7.6888 35.9110 254 255 247
-6.1557 -7.6888 35.9110 254 255 245
-6.1150 -8.7139 40.6990 254 255 247
-4.7241 -11.8825 55.4980 252 255 251
-3.2536 -10.8923 50.8730 252 255 251
-0.4612 -6.5354 30.5240 146 136 124
0.2465 -8.7139 40.6990 200 198 188
20.6015 -10.8923 50.8730 254 255 247
1.4922 -0.7066 3.3000 76 81 97
1.5052 -0.6809 3.1800 67 75 90
1.5805 -0.6843 3.1960 92 94 104
-11.0804 -4.4729 21.0510 167 141 128
-10.2801 -4.3237 20.3490 166 140 129
-10.5532 -4.6327 21.8030 163 139 127
-10.0917 -4.6327 21.8030 64 58 45
-9.6302 -4.6327 21.8030 108 95 82
-9.4713 -4.8042 22.6100 87 70 54
-11.5625 -6.1770 29.0710 110 98 69
-13.5228 -7.6303 35.9110 180 161 146
-12.7627 -7.6303 35.9110 175 159 138
-13.6029 -8.6477 40.6990 193 181 163
-11.5487 -8.6477 40.6990 254 255 245
-7.2867 -5.8961 27.7490 163 167 160
-5.8954 -5.1885 24.4190 254 255 249
-6.4032 -6.1770 29.0710 254 255 249
-6.7525 -7.2064 33.9160 254 255 249
-6.3896 -7.6303 35.9110 149 146 143
-5.3167 -7.2064 33.9160 152 153 147
-5.5941 -12.9714 61.0480 252 255 251
-3.3092 -9.9780 46.9600 252 255 251
-0.7765 -7.6303 35.9110 143 137 122
-0.0147 -6.8272 32.1310 168 154 146
21.8395 -12.9714 61.0480 226 226 220
20.5187 -10.8095 50.8730 245 238 232
1.4976 -0.7088 3.3360 74 79 95
1.5024 -0.6791 3.1960 71 76 92
1.5700 -0.6791 3.1960 110 115 122
-11.5472 -4.5972 21.8030 169 143 130
-10.3464 -4.2906 20.3490 167 141 128
-10.2578 -4.4386 21.0510 162 140 130
-10.1627 -4.5972 21.8030 75 68 51
-9.7012 -4.5972 21.8030 97 80 66
-9.2397 -4.5972 21.8030 136 126 98
-10.2413 -5.3634 25.4370 118 108 78
-12.9373 -7.1512 33.9160 155 134 119
-12.2194 -7.1512 33.9160 160 144 123
-12.1780 -7.5719 35.9110 187 173 154
-17.6456 -11.7018 55.4980 254 255 249
-14.6013 -10.7266 50.8730 255 251 244
-7.6812 -6.1297 29.0710 167 177 163
-5.9352 -5.1488 24.4190 254 255 249
-6.4505 -6.1297 29.0710 255 255 243
-6.4494 -6.7749 32.1310 254 255 251
-6.0898 -7.1512 33.9160 151 155 148
-4.8347 -6.4360 30.5240 149 152 151
-8.3772 -12.8721 61.0480 254 255 251
-4.4961 -10.7266 50.8730 252 255 251
-2.7355 -8.5814 40.6990 252 255 251
-0.8517 -6.7749 32.1310 146 142 133
-0.1208 -4.7673 22.6100 134 126 123
20.9449 -12.8721 61.0480 221 214 208
20.2154 -11.7018 55.4980 193 190 187
16.4152 -8.5814 40.6990 229 222 216
1.5030 -0.7034 3.3360 68 76 91
1.5076 -0.6739 3.1960 78 84 97
1.5920 -0.6811 3.2300 105 107 115
-11.1146 -4.4044 21.0510 175 149 136
-10.3133 -4.2575 20.3490 171 145 132
-10.2235 -4.4044 21.0510 166 144 134
-10.1272 -4.5617 21.8030 67 61 46
-9.6657 -4.5617 21.8030 92 78 63
-9.2042 -4.5617 21.8030 178 156 130
-10.1999 -5.3220 25.4370 105 93 66
-11.5937 -6.3863 30.5240 168 144 128
-11.5240 -6.7226 32.1310 144 128 107
-11.4463 -7.0960 33.9160 175 164 139
-16.0923 -10.6438 50.8730 254 255 249
-18.0187 -12.7727 61.0480 173 177 170
-9.2927 -7.0960 33.9160 254 255 249
-6.4311 -5.3220 25.4370 232 228 217
-6.1489 -5.5534 26.5430 138 123 113
-6.1192 -6.0823 29.0710 254 255 249
-6.3659 -7.0960 33.9160 252 254 245
-4.8412 -6.0823 29.0710 254 255 249
-5.5464 -7.9829 38.1550 254 255 251
-6.8927 -11.6115 55.4980 252 255 251
-6.2899 -12.7727 61.0480 252 255 251
-3.5698 -9.1234 43.6060 252 255 251
-2.6468 -9.1234 43.6060 252 255 251
-0.6759 -6.0823 29.0710 145 139 124
-0.0509 -5.1090 24.4190 153 145 144
21.1437 -12.7727 61.0480 212 205 199
22.4358 -12.7727 61.0480 186 183 180
1.5268 -0.7383 3.5290 90 84 99
1.5057 -0.6942 3.3180 66 74 89
1.5261 -0.6722 3.2130 82 88 99
1.6110 -0.6793 3.2470 106 108 116
-11.0461 -4.3701 21.0510 176 152 138
-10.2470 -4.2244 20.3490 170 146 132
-10.1549 -4.3701 21.0510 168 143 134
-10.0562 -4.5262 21.8030 68 62 47
-9.5947 -4.5262 21.8030 77 62 52
-9.1332 -4.5262 21.8030 164 142 116
-10.5570 -5.5102 26.5430 125 115 87
-12.0994 -6.6703 32.1310 175 155 133
-10.8482 -6.3367 30.5240 111 103 79
-11.3358 -7.0408 33.9160 154 141 117
-17.3746 -11.5211 55.4980 254 255 247
-16.1999 -11.5211 55.4980 124 124 124
-7.8705 -6.0350 29.0710 173 177 170
-6.3483 -5.2806 25.4370 254 255 247
-6.6399 -6.0350 29.0710 126 112 108
-6.3256 -6.3367 30.5240 254 255 251
-5.9786 -6.6703 32.1310 251 253 244
-4.7939 -6.0350 29.0710 186 191 181
-5.7837 -8.4489 40.6990 254 255 251
-7.3832 -12.6733 61.0480 252 255 251
-6.0911 -12.6733 61.0480 252 255 251
-3.1993 -8.4489 40.6990 252 255 251
-2.6975 -9.7487 46.9600 252 255 251
-0.5424 -4.5262 21.8030 148 142 127
-0.0667 -3.7274 17.9550 96 98 104
0.9686 -11.5211 55.4980 192 189 184
16.8760 -9.7487 46.9600 212 207 203
17.2327 -9.0524 43.6060 138 128 128
1.5296 -0.7285 3.5090 72 76 90
1.4923 -0.6778 3.2650 66 74 89
1.5447 -0.6705 3.2300 91 95 107
1.6215 -0.6741 3.2470 110 112 120
-10.9775 -4.3358 21.0510 173 149 133
-10.1807 -4.1912 20.3490 165 141 127
-10.0864 -4.3358 21.0510 161 136 127
-9.9852 -4.4907 21.8030 73 63 49
-9.5237 -4.4907 21.8030 70 54 47
-9.0622 -4.4907 21.8030 169 147 119
-10.4706 -5.4670 26.5430 208 190 168
-10.8525 -5.9877 29.0710 167 150 121
-10.2371 -5.9877 29.0710 95 88 67
-11.2254 -6.9856 33.9160 147 134 112
-15.7610 -10.4782 50.8730 241 236 218
-13.5547 -9.6723 46.9600 172 168 161
-7.7758 -5.9877 29.0710 186 194 181
-6.2654 -5.2392 25.4370 254 255 249
-6.8723 -6.2870 30.5240 132 121 125
-6.2262 -6.2870 30.5240 254 255 251
-5.5802 -6.2870 30.5240 239 240 229
-4.4855 -5.7154 27.7490 188 202 193
-6.1258 -8.9814 43.6060 254 255 251
-6.5313 -11.4308 55.4980 252 255 251
-5.3566 -11.4308 55.4980 252 255 251
-2.7060 -7.3965 35.9110 252 255 251
-2.5446 -9.6723 46.9600 253 253 253
-0.6743 -5.2392 25.4370 151 144 134
-0.0776 -2.9937 14.5350 78 83 92
0.6901 -8.9814 43.6060 193 191 183
14.3610 -8.3827 40.6990 207 204 199
22.8334 -12.5739 61.0480 196 191 187
16.2164 -8.3827 40.6990 187 178 171
1.5259 -0.7104 3.4490 67 73 84
1.5052 -0.6688 3.2470 84 88 100
1.5740 -0.6688 3.2470 105 110 117
-11.6892 -4.4552 21.8030 164 138 125
-10.8404 -4.3016 21.0510 161 132 120
-10.3949 -4.3016 21.0510 152 127 118
-9.9493 -4.3016 21.0510 82 62 52
-9.8432 -4.4552 21.8030 65 62 48
-9.0581 -4.3016 21.0510 95 76 70
-9.2504 -4.6201 22.6100 123 108 80
-10.2977 -5.4238 26.5430 190 173 155
-10.1782 -5.6702 27.7490 103 95 69
-9.5909 -5.6702 27.7490 120 110 80
-11.6518 -7.3381 35.9110 194 178 157
-14.2428 -9.5958 46.9600 202 188 173
-10.7647 -7.7966 38.1550 254 255 249
-7.5865 -5.9404 29.0710 141 150 141
-6.3650 -5.4238 26.5430 187 183 176
-6.3559 -5.9404 29.0710 254 255 243
-6.3448 -6.5657 32.1310 254 255 251
-5.3814 -6.2373 30.5240 162 151 144
-4.5099 -5.9404 29.0710 160 152 151
-6.8153 -10.3954 50.8730 254 255 251
-6.2602 -11.3405 55.4980 252 255 251
-4.5789 -10.3954 50.8730 252 255 251
-2.3348 -6.9304 33.9160 252 255 251
-2.5128 -12.4746 61.0480 182 182 178
-0.1914 -2.9010 14.1970 70 75 84
0.1513 -4.0241 19.6930 200 196 185
16.1879 -9.5958 46.9600 204 195 188
15.9547 -8.9105 43.6060 219 211 208
17.1617 -8.9105 43.6060 135 129 135
1.5297 -0.7252 3.5490 71 75 87
1.5003 -0.6780 3.3180 69 78 90
1.5289 -0.6600 3.2300 101 105 117
1.6146 -0.6672 3.2650 113 115 123
-11.0804 -4.2673 21.0510 160 131 117
-10.6348 -4.2673 21.0510 158 132 119
-10.1892 -4.2673 21.0510 168 146 138
-9.7436 -4.2673 21.0510 118 101 87
-9.6302 -4.4197 21.8030 189 168 153
-9.1687 -4.4197 21.8030 124 97 71
-10.1585 -5.1564 25.4370 114 99 71
-10.4945 -5.6251 27.7490 146 128 108
-9.9071 -5.6251 27.7490 89 84 66
-10.2518 -6.1876 30.5240 126 120 94
-12.8078 -8.2502 40.6990 255 254 239
-14.9327 -10.3126 50.8730 188 186 176
-8.3136 -6.1876 30.5240 158 159 155
-6.3897 -5.1564 25.4370 255 254 243
-7.0214 -6.1876 30.5240 166 157 148
-6.3753 -6.1876 30.5240 254 255 242
-5.7293 -6.1876 30.5240 254 255 249
-4.4202 -5.3806 26.5430 253 254 248
-5.2202 -7.2796 35.9110 254 255 251
-5.8323 -9.5194 46.9600 254 255 251
-5.7181 -11.2501 55.4980 252 255 251
-3.0615 -7.7345 38.1550 252 255 251
-2.1213 -7.2796 35.9110 252 255 251
-1.6529 -8.8395 43.6060 182 182 178
-0.1249 -2.4751 12.2100 61 70 80
0.2303 -4.2673 21.0510 226 219 209
14.0959 -8.2502 40.6990 226 214 212
12.4645 -6.8752 33.9160 189 179 177
17.2327 -8.8395 43.6060 140 130 130
1.5271 -0.7237 3.5700 71 75 87
1.5057 -0.6799 3.3540 70 76 87
1.5348 -0.6619 3.2650 103 108 117
1.6123 -0.6653 3.2820 114 116 124
-11.1489 -4.2330 21.0510 167 138 126
-10.7033 -4.2330 21.0510 156 125 114
-10.2578 -4.2330 21.0510 175 153 143
-9.8122 -4.2330 21.0510 86 71 59
-9.7012 -4.3842 21.8030 146 129 115
-8.9210 -4.2330 21.0510 238 202 179
-9.4534 -4.7215 23.4800 88 75 51
-9.7029 -5.1150 25.4370 198 180 160
-9.5630 -5.3374 26.5430 105 105 74
-9.8585 -5.8457 29.0710 102 97 66
-11.4179 -7.2211 35.9110 144 127 113
-12.9416 -8.7685 43.6060 196 184 166
-9.3479 -6.8200 33.9160 254 255 251
-6.4725 -5.1150 25.4370 172 164 163
-6.7819 -5.8457 29.0710 178 171 161
-6.4747 -6.1379 30.5240 254 252 242
-5.8287 -6.1379 30.5240 254 255 249
-4.5067 -5.3374 26.5430 254 255 247
-4.7753 -6.4610 32.1310 254 255 249
-5.5578 -8.7685 43.6060 254 255 251
-5.8988 -11.1598 55.4980 252 255 251
-3.3981 -8.1839 40.6990 252 255 251
-2.0026 -6.4610 32.1310 252 255 251
-1.9329 -9.4429 46.9600 182 182 178
-0.2039 -2.2320 11.1000 67 71 83
0.0317 -2.2733 11.3050 86 88 98
17.2055 -10.2298 50.8730 253 255 246
12.1884 -6.8200 33.9160 247 233 227
1.5373 -0.7396 3.6780 79 80 93
1.5234 -0.6976 3.4690 68 74 87
1.5273 -0.6672 3.3180 91 98 106
1.5889 -0.6636 3.3000 113 115 123
1.6587 -0.6636 3.3000 121 123 131
-10.9090 -4.1988 21.0510 161 130 117
-10.4634 -4.1988 21.0510 164 138 127
-9.6838 -4.0587 20.3490 184 158 145
-9.9142 -4.3488 21.8030 71 61 49
-9.4527 -4.3488 21.8030 250 214 193
-9.3240 -4.5097 22.6100 105 95 65
-9.9514 -5.0736 25.4370 137 121 87
-9.4130 -5.0736 25.4370 88 81 60
-9.2605 -5.2942 26.5430 112 105 74
-10.5300 -6.4087 32.1310 110 104 80
-12.4764 -8.1177 40.6990 255 255 237
-10.8890 -7.6103 38.1550 254 255 245
-7.6812 -5.7984 29.0710 164 172 159
-6.4514 -5.2942 26.5430 254 255 249
-7.1295 -6.4087 32.1310 255 251 245
-6.8077 -6.7648 33.9160 254 255 247
-4.7660 -5.2942 26.5430 254 255 251
-4.2041 -5.2942 26.5430 158 158 160
-5.5849 -8.1177 40.6990 254 255 251
-5.4500 -9.3665 46.9600 252 255 251
-4.8274 -10.1470 50.8730 252 255 251
-2.2007 -6.0882 30.5240 252 255 251
-2.2209 -8.6975 43.6060 178 169 172
-0.6489 -4.3488 21.8030 160 158 150
-0.0760 -2.1743 10.9010 59 69 76
0.4633 -5.2942 26.5430 253 255 244
12.3791 -7.1627 35.9110 252 253 247
8.9345 -4.8705 24.4190 240 231 224
1.5373 -0.7336 3.6780 72 77 86
1.5234 -0.6919 3.4690 71 77 90
1.5273 -0.6618 3.3180 99 104 111
1.5889 -0.6582 3.3000 114 116 124
1.6587 -0.6582 3.3000 123 125 133
-10.9090 -4.1645 21.0510 165 134 121
-10.4634 -4.1645 21.0510 155 129 118
-9.6838 -4.0256 20.3490 186 160 147
-9.9142 -4.3133 21.8030 73 63 51
-9.4527 -4.3133 21.8030 254 218 195
-9.3240 -4.4729 22.6100 100 88 61
-9.5532 -4.8308 24.4190 131 121 82
-9.0363 -4.8308 24.4190 84 77 56
-8.8746 -5.0322 25.4370 109 102 71
-10.0033 -6.0385 30.5240 106 101 79
-11.6966 -7.5482 38.1550 255 241 229
-10.2486 -7.1042 35.9110 254 255 245
-7.6812 -5.7511 29.0710 176 176 170
-6.4514 -5.2510 26.5430 254 255 251
-7.1295 -6.3564 32.1310 255 251 243
-6.8077 -6.7096 33.9160 254 255 243
-4.5674 -5.0322 25.4370 254 255 251
-4.2041 -5.2510 26.5430 140 143 146
-5.5849 -8.0514 40.6990 254 255 251
-5.0608 -8.6265 43.6060 252 255 251
-4.8274 -10.0641 50.8730 252 255 251
-2.0959 -5.7511 29.0710 252 255 251
-1.9432 -7.5482 38.1550 178 169 172
-0.4432 -2.9457 14.8900 174 172 164
-0.0833 -1.9170 9.6900 55 64 74
0.2989 -4.1645 21.0510 254 255 247
14.7477 -8.6265 43.6060 252 255 249
9.1413 -5.0322 25.4370 253 254 248
1.5515 -0.7549 3.8160 91 84 93
1.5271 -0.7062 3.5700 67 71 83
1.5227 -0.6710 3.3920 88 90 98
1.5682 -0.6600 3.3360 111 116 123
1.6300 -0.6564 3.3180 120 122 130
-11.1489 -4.1302 21.0510 169 140 128
-10.7033 -4.1302 21.0510 157 128 116
-10.2578 -4.1302 21.0510 174 145 133
-9.8122 -4.1302 21.0510 76 63 41
-9.7012 -4.2778 21.8030 100 84 63
-8.9210 -4.1302 21.0510 255 233 208
-9.4534 -4.6068 23.4800 106 96 66
-8.9564 -4.6068 23.4800 154 135 106
-8.7978 -4.7910 24.4190 68 67 50
-9.0012 -5.2078 26.5430 88 85 53
-9.7051 -5.9888 30.5240 171 159 141
-10.6578 -7.0458 35.9110 254 255 240
-8.8559 -6.3041 32.1310 254 255 251
-6.4725 -4.9908 25.4370 173 163 161
-7.1208 -5.9888 30.5240 179 184 172
-7.1942 -6.6543 33.9160 243 242 227
-5.8287 -5.9888 30.5240 254 255 249
-4.3189 -4.9908 25.4370 254 255 251
-4.7753 -6.3041 32.1310 254 255 249
-4.8630 -7.4860 38.1550 254 255 251
-5.4072 -9.9813 50.8730 252 255 251
-3.1857 -7.4860 38.1550 252 255 251
-1.8119 -5.7038 29.0710 252 255 251
-1.7949 -8.5555 43.6060 136 135 137
-0.1808 -1.9318 9.8460 59 65 76
0.0280 -1.9636 10.0080 70 79 89
18.4082 -10.8888 55.4980 252 255 249
10.2579 -5.7038 29.0710 252 255 249
1.5618 -0.7628 3.8880 91 86 98
1.5367 -0.7130 3.6340 70 76 87
1.5315 -0.6767 3.4490 87 89 97
1.5691 -0.6618 3.3730 111 116 121
1.6138 -0.6510 3.3180 121 123 131
-11.6537 -4.2423 21.8030 175 141 129
-10.8062 -4.0960 21.0510 160 131 117
-10.7307 -4.2423 21.8030 152 126 115
-9.5844 -3.9594 20.3490 113 94 79
-9.8077 -4.2423 21.8030 88 76 60
-9.0239 -4.0960 21.0510 239 200 178
-9.2136 -4.3993 22.6100 97 82 52
-9.0711 -4.5686 23.4800 110 103 70
-8.9170 -4.7513 24.4190 64 61 45
-8.7504 -4.9494 25.4370 101 98 66
-9.3852 -5.6564 29.0710 121 113 87
-10.8332 -6.9873 35.9110 202 184 175
-9.0128 -6.2518 32.1310 254 255 249
-7.1963 -5.3992 27.7490 141 141 137
-6.6090 -5.3992 27.7490 179 180 176
-7.7928 -6.9873 35.9110 220 216 205
-7.0327 -6.9873 35.9110 255 255 243
-4.4431 -4.9494 25.4370 254 255 251
-4.4625 -5.6564 29.0710 185 181 182
-5.0494 -7.4239 38.1550 254 255 251
-5.2207 -9.1372 46.9600 252 255 251
-3.5969 -7.9189 40.6990 252 255 251
-1.7840 -5.1646 26.5430 252 255 251
-2.0079 -8.4846 43.6060 186 178 175
-0.2327 -1.9473 10.0080 149 146 141
-0.0182 -1.6969 8.7210 59 69 76
18.1371 -10.7984 55.4980 252 255 249
10.6215 -5.9391 30.5240 252 255 249
1.5609 -0.7814 4.0160 170 168 177
1.5541 -0.7378 3.7920 70 75 84
1.5297 -0.6905 3.5490 76 81 88
1.5424 -0.6637 3.4110 110 109 116
1.5966 -0.6563 3.3730 116 118 126
1.6586 -0.6526 3.3540 126 128 136
-11.0804 -4.0617 21.0510 172 141 128
-11.0147 -4.2068 21.8030 157 128 118
-10.1892 -4.0617 21.0510 179 153 142
-9.7436 -4.0617 21.0510 98 86 59
-9.6302 -4.2068 21.8030 118 102 68
-9.1687 -4.2068 21.8030 254 226 198
-9.3770 -4.5304 23.4800 106 99 66
-8.8800 -4.5304 23.4800 119 108 74
-8.3830 -4.5304 23.4800 67 66 49
-8.5433 -4.9079 25.4370 78 76 53
-9.1485 -5.6091 29.0710 160 143 114
-9.9553 -6.5439 33.9160 255 252 238
-8.3136 -5.8895 30.5240 173 173 169
-6.3897 -4.9079 25.4370 255 255 243
-7.8017 -6.5439 33.9160 147 151 146
-7.9692 -7.3618 38.1550 181 171 157
-5.4565 -5.6091 29.0710 254 255 251
-4.4202 -5.1213 26.5430 254 255 251
-4.9302 -6.5439 33.9160 254 255 251
-5.0547 -7.8527 40.6990 254 255 251
-5.1587 -9.8157 50.8730 252 255 251
-2.5781 -6.1995 32.1310 252 255 251
-1.6392 -5.3540 27.7490 252 255 251
-0.9642 -4.9079 25.4370 174 174 168
-0.1264 -1.6136 8.3630 48 57 67
0.0536 -1.7072 8.8480 80 84 98
13.7646 -7.8527 40.6990 252 255 249
1.5573 -0.7699 3.9900 88 86 95
1.5410 -0.7226 3.7450 66 72 83
1.5354 -0.6848 3.5490 80 85 92
1.5652 -0.6655 3.4490 112 114 120
1.6111 -0.6545 3.3920 120 122 130
1.6735 -0.6508 3.3730 141 143 151
-11.0461 -4.0274 21.0510 166 137 123
-10.9792 -4.1713 21.8030 149 125 113
-10.1549 -4.0274 21.0510 170 143 135
-9.7094 -4.0274 21.0510 111 100 75
-9.5947 -4.1713 21.8030 117 103 68
-9.1332 -4.1713 21.8030 237 210 184
-8.9927 -4.3257 22.6100 114 107 76
-8.5141 -4.3257 22.6100 108 97 63
-8.3448 -4.4921 23.4800 67 66 49
-8.1616 -4.6718 24.4190 90 89 63
-9.5560 -5.8398 30.5240 140 129 95
-9.9001 -6.4887 33.9160 255 252 235
-7.8705 -5.5618 29.0710 184 184 178
-6.3483 -4.8665 25.4370 254 255 247
-7.7465 -6.4887 33.9160 136 143 137
-9.0367 -8.3426 43.6060 182 169 156
-5.4092 -5.5618 29.0710 254 255 251
-4.3770 -5.0781 26.5430 254 255 249
-5.1617 -6.8704 35.9110 254 255 251
-4.9885 -7.7864 40.6990 254 255 251
-5.5373 -10.6177 55.4980 252 255 251
-2.5258 -6.1472 32.1310 252 255 251
-1.6226 -5.5618 29.0710 252 255 251
-0.6610 -3.6500 19.0780 170 170 164
-0.1005 -1.6222 8.4790 46 55 65
0.0875 -1.7969 9.3920 252 252 252
11.5258 -6.4887 33.9160 252 255 249
1.5697 -0.7892 4.1250 192 189 184
1.5522 -0.7393 3.8640 68 73 82
1.5367 -0.6952 3.6340 78 85 93
1.5488 -0.6673 3.4880 110 109 116
1.5868 -0.6526 3.4110 117 119 125
1.6498 -0.6489 3.3920 127 129 137
-11.6537 -4.1358 21.8030 157 124 109
-11.1922 -4.1358 21.8030 136 112 98
-10.7307 -4.1358 21.8030 129 104 97
-9.9150 -3.9932 21.0510 148 127 114
-9.4694 -3.9932 21.0510 94 77 59
-9.0239 -3.9932 21.0510 114 95 68
-9.2136 -4.2889 22.6100 85 74 51
-8.7350 -4.2889 22.6100 77 69 45
-8.5741 -4.4539 23.4800 55 53 41
-8.0772 -4.4539 23.4800 87 86 60
-8.5690 -5.0349 26.5430 108 103 70
-9.2082 -5.7901 30.5240 255 237 217
-8.5621 -5.7901 30.5240 254 255 243
-7.1963 -5.2637 27.7490 135 139 134
-6.6090 -5.2637 27.7490 179 183 178
-8.2798 -7.2376 38.1550 230 224 211
-7.4722 -7.2376 38.1550 255 249 244
-4.4431 -4.8251 25.4370 254 255 251
-4.6856 -5.7901 30.5240 189 178 171
-5.0494 -7.2376 38.1550 254 255 251
-5.6557 -9.6501 50.8730 254 255 251
-3.5969 -7.7202 40.6990 252 255 251
-1.7840 -5.0349 26.5430 252 255 251
-1.8740 -7.7202 40.6990 184 176 173
-0.2057 -1.6784 8.8480 119 116 111
-0.0165 -1.5039 7.9280 52 62 69
16.7085 -9.6501 50.8730 252 255 247
6.2771 -3.4059 17.9550 252 255 249
1.5313 -0.7569 3.9900 94 87 96
1.5550 -0.7284 3.8400 64 70 81
1.5485 -0.6893 3.6340 79 86 92
1.5695 -0.6656 3.5090 114 113 120
1.6157 -0.6542 3.4490 123 125 131
1.6701 -0.6470 3.4110 144 146 152
-11.5827 -4.1003 21.8030 103 73 57
-11.1212 -4.1003 21.8030 92 68 56
-10.6597 -4.1003 21.8030 164 135 125
-9.8465 -3.9589 21.0510 140 122 102
-9.4009 -3.9589 21.0510 105 94 71
-8.9553 -3.9589 21.0510 125 102 72
-9.1400 -4.2521 22.6100 69 62 43
-8.6614 -4.2521 22.6100 94 82 53
-8.1828 -4.2521 22.6100 56 52 41
-8.0007 -4.4157 23.4800 95 91 64
-8.4826 -4.9917 26.5430 112 107 74
-8.6752 -5.4671 29.0710 255 245 224
-8.4627 -5.7404 30.5240 254 255 247
-6.5139 -4.7837 25.4370 138 130 129
-7.1705 -5.7404 30.5240 185 192 184
-8.6993 -7.6539 40.6990 255 255 234
-6.9158 -6.7535 35.9110 254 255 245
-4.5499 -4.9917 26.5430 254 255 249
-5.0958 -6.3783 33.9160 254 255 245
-5.2535 -7.6539 40.6990 254 255 251
-6.4887 -11.4808 61.0480 252 255 251
-3.2478 -7.1755 38.1550 252 255 251
-1.7747 -5.2185 27.7490 252 255 251
-1.7415 -7.6539 40.6990 183 180 175
-0.1327 -1.4910 7.9280 48 54 65
0.0360 -1.5308 8.1400 69 73 85
13.6320 -7.6539 40.6990 252 255 249
4.1021 -2.1663 11.5190 252 255 249
1.5502 -0.7408 3.9390 70 72 82
1.5436 -0.7000 3.7220 79 84 93
1.5561 -0.6714 3.5700 105 107 113
1.6038 -0.6599 3.5090 119 121 127
1.6494 -0.6486 3.4490 128 130 136
1.6939 -0.6379 3.3920 151 150 157
-11.3697 -4.0648 21.8030 83 58 49
-11.3119 -4.2153 22.6100 79 59 51
-10.4467 -4.0648 21.8030 162 138 122
-9.6408 -3.9246 21.0510 168 149 120
-9.1952 -3.9246 21.0510 96 81 51
-9.3977 -4.2153 22.6100 105 88 63
-8.9191 -4.2153 22.6100 66 59 42
-8.4405 -4.2153 22.6100 113 101 74
-7.9619 -4.2153 22.6100 65 59 46
-8.0821 -4.5525 24.4190 93 93 60
-8.5969 -5.1734 27.7490 106 97 78
-8.8106 -5.6907 30.5240 199 187 169
-7.7758 -5.4198 29.0710 234 229 211
-6.2654 -4.7423 25.4370 254 255 249
-8.5904 -7.1134 38.1550 152 152 148
-11.3204 -10.3467 55.4980 168 166 154
-5.5802 -5.6907 30.5240 255 255 243
-4.6992 -5.4198 29.0710 254 255 249
-5.7174 -7.5877 40.6990 254 255 249
-6.5313 -10.3467 55.4980 254 255 249
-4.6617 -9.4845 50.8730 252 255 249
-2.0486 -5.4198 29.0710 252 255 249
-1.8811 -7.1134 38.1550 179 168 172
-0.1971 -1.5808 8.4790 81 76 74
-0.0163 -1.4592 7.8270 50 60 67
16.7085 -9.4845 50.8730 196 194 186
4.2686 -2.2764 12.2100 252 255 247
1.5313 -0.7439 3.9900 76 75 82
1.5550 -0.7159 3.8400 72 77 84
1.5579 -0.6816 3.6560 99 104 111
1.5785 -0.6579 3.5290 115 117 123
1.6340 -0.6503 3.4880 127 129 135
1.6794 -0.6395 3.4300 151 150 159
-11.5827 -4.0293 21.8030 102 76 61
-11.1212 -4.0293 21.8030 75 57 48
-11.0542 -4.1785 22.6100 171 142 128
-9.8465 -3.8904 21.0510 146 128 106
-9.4009 -3.8904 21.0510 104 94 66
-8.9553 -3.8904 21.0510 112 97 67
-9.1400 -4.1785 22.6100 94 83 58
-8.3523 -4.0293 21.8030 99 90 55
-8.1828 -4.1785 22.6100 73 58 48
-8.0007 -4.3392 23.4800 90 86 61
-8.1291 -4.7009 25.4370 109 98 73
-8.2807 -5.1282 27.7490 155 135 115
-8.0598 -5.3725 29.0710 255 250 242
-6.5139 -4.7009 25.4370 141 129 127
-7.1705 -5.6410 30.5240 183 187 180
-9.3207 -8.0587 43.6060 255 254 235
-7.3479 -7.0513 38.1550 254 255 245
-4.7566 -5.1282 27.7490 254 255 249
-5.3956 -6.6366 35.9110 254 255 249
-5.5578 -8.0587 43.6060 254 255 249
-6.1905 -11.2820 61.0480 252 255 249
-2.7213 -6.2679 33.9160 252 255 249
-1.7173 -5.3725 29.0710 252 255 249
-0.8570 -4.1785 22.6100 174 174 170
-0.1153 -1.4103 7.6310 49 54 61
0.0493 -1.5043 8.1400 75 77 87
10.2736 -5.6410 30.5240 194 187 179
2.9514 -1.5246 8.2500 252 255 247
1.5214 -0.7326 3.9640 71 73 81
1.5550 -0.7097 3.8400 79 81 87
1.5579 -0.6757 3.6560 102 109 115
1.5874 -0.6559 3.5490 117 119 125
1.6438 -0.6485 3.5090 133 135 141
1.6794 -0.6339 3.4300 151 149 158
-11.5827 -3.9938 21.8030 121 97 81
-10.7376 -3.8561 21.0510 82 72 60
-11.0542 -4.1417 22.6100 171 145 130
-9.8465 -3.8561 21.0510 147 132 106
-9.4009 -3.8561 21.0510 108 98 66
-9.2752 -3.9938 21.8030 100 90 62
-9.1400 -4.1417 22.6100 98 88 58
-8.3523 -3.9938 21.8030 111 103 63
-8.1828 -4.1417 22.6100 101 79 69
-7.7043 -4.1417 22.6100 80 75 55
-8.1291 -4.6595 25.4370 156 136 116
-7.9208 -4.8621 26.5430 154 136 116
-7.6933 -5.0830 27.7490 204 184 176
-6.5139 -4.6595 25.4370 164 145 139
-7.1705 -5.5913 30.5240 181 182 178
-9.3207 -7.9877 43.6060 255 254 237
-8.3977 -7.9877 43.6060 254 255 245
-4.9832 -5.3252 29.0710 254 255 249
-5.6706 -6.9892 38.1550 254 255 251
-5.9853 -8.6020 46.9600 254 255 251
-4.5789 -9.3188 50.8730 252 255 251
-2.1013 -5.5913 30.5240 252 255 251
-2.0789 -7.9877 43.6060 179 169 167
-0.2301 -1.6944 9.2500 125 115 113
-0.0283 -1.3978 7.6310 50 57 63
16.7085 -9.3188 50.8730 198 191 183
3.0489 -1.5975 8.7210 202 191 184
1.5149 -0.7261 3.9640 68 73 80
1.5585 -0.7078 3.8640 76 83 87
1.5520 -0.6697 3.6560 104 111 117
1.5817 -0.6501 3.5490 120 122 128
1.6381 -0.6428 3.5090 141 143 149
1.6738 -0.6283 3.4300 150 149 156
-11.6182 -3.9583 21.8030 150 124 109
-10.7719 -3.8218 21.0510 80 74 61
-11.0911 -4.1049 22.6100 152 127 109
-10.2337 -3.9583 21.8030 142 128 93
-9.4352 -3.8218 21.0510 117 105 74
-9.3107 -3.9583 21.8030 81 72 55
-9.1768 -4.1049 22.6100 100 90 58
-8.3878 -3.9583 21.8030 105 99 63
-8.2196 -4.1049 22.6100 134 110 94
-7.7411 -4.1049 22.6100 71 61 47
-8.1706 -4.6181 25.4370 184 159 139
-7.9640 -4.8189 26.5430 118 110 86
-7.7385 -5.0378 27.7490 239 220 203
-6.5553 -4.6181 25.4370 241 236 218
-6.8765 -5.2779 29.0710 143 147 142
-8.7656 -7.3889 40.6990 177 175 163
-10.7782 -10.0757 55.4980 254 255 245
-5.5601 -5.8334 32.1310 255 255 243
-5.7327 -6.9271 38.1550 254 255 251
-6.0617 -8.5256 46.9600 254 255 251
-5.0855 -10.0757 55.4980 252 255 251
-2.1510 -5.5416 30.5240 252 255 251
-2.0065 -7.3889 40.6990 178 169 174
-0.2312 -1.5833 8.7210 128 123 119
-0.0403 -1.3683 7.5370 50 55 60
15.2704 -8.5256 46.9600 211 200 193
3.2529 -1.7051 9.3920 207 198 191
1.4955 -0.7291 4.0160 77 76 85
1.5400 -0.7104 3.9130 70 77 83
1.5627 -0.6841 3.7680 101 106 111
1.5745 -0.6558 3.6120 115 117 123
1.6221 -0.6443 3.5490 128 130 136
1.6781 -0.6371 3.5090 150 149 156
1.7034 -0.6193 3.4110 142 141 148
-11.3697 -3.9229 21.8030 78 69 62
-11.3119 -4.0680 22.6100 92 90 78
-10.4467 -3.9229 21.8030 149 125 100
-9.6408 -3.7875 21.0510 98 88 56
-9.1952 -3.7875 21.0510 137 113 88
-9.3977 -4.0680 22.6100 88 72 49
-8.6007 -3.9229 21.8030 60 52 38
-8.4405 -4.0680 22.6100 124 107 82
-7.6778 -3.9229 21.8030 80 63 49
-7.7713 -4.2246 23.4800 126 105 92
-7.8806 -4.5767 25.4370 210 186 163
-7.3422 -4.5767 25.4370 116 107 86
-7.0997 -4.7757 26.5430 249 234 224
-6.2654 -4.5767 25.4370 254 255 251
-8.0852 -6.4612 35.9110 148 148 144
-12.4525 -10.9839 61.0480 138 147 138
-6.9752 -6.8649 38.1550 178 174 167
-5.1415 -5.7811 32.1310 254 255 251
-6.5205 -8.4492 46.9600 254 255 251
-5.8923 -10.9839 61.0480 252 255 251
-2.5557 -6.1023 33.9160 252 255 251
-1.9459 -6.4612 35.9110 254 254 254
-0.5040 -2.7460 15.2620 177 177 173
-0.0743 -1.3077 7.2680 66 58 57
0.1599 -2.2883 12.7180 189 187 177
7.4995 -4.0680 22.6100 196 193 188
1.7294 -0.8581 4.7690 84 83 92
1.5214 -0.7132 3.9640 64 71 77
1.5550 -0.6909 3.8400 94 99 104
1.5860 -0.6697 3.7220 110 115 120
1.6062 -0.6461 3.5910 124 126 132
1.6724 -0.6423 3.5700 154 154 158
1.6985 -0.6242 3.4690 142 141 148
-12.0114 -4.0312 22.6100 146 118 101
-10.7376 -3.7533 21.0510 90 83 73
-11.0542 -4.0312 22.6100 129 110 85
-10.1982 -3.8874 21.8030 85 74 51
-9.4009 -3.7533 21.0510 115 103 72
-9.2752 -3.8874 21.8030 86 77 58
-9.1400 -4.0312 22.6100 100 94 58
-8.3523 -3.8874 21.8030 97 93 55
-7.8908 -3.8874 21.8030 147 120 98
-7.7043 -4.0312 22.6100 127 103 87
-8.1291 -4.5353 25.4370 255 238 215
-7.5907 -4.5353 25.4370 107 100 81
-7.3590 -4.7325 26.5430 255 243 226
-6.5139 -4.5353 25.4370 253 255 239
-7.1705 -5.4423 30.5240 169 176 168
-9.3207 -7.7747 43.6060 255 253 235
-8.7378 -8.3727 46.9600 179 180 176
-5.8633 -6.4027 35.9110 254 255 251
-6.6734 -8.3727 46.9600 254 255 251
-5.6935 -10.8845 61.0480 252 255 251
-2.4452 -6.0470 33.9160 252 255 251
-1.9432 -6.8028 38.1550 173 164 169
-0.2187 -1.4709 8.2500 132 128 119
-0.0393 -1.3114 7.3550 67 63 64
0.3330 -3.4015 19.0780 196 192 185
3.5428 -1.8767 10.5260 196 193 188
1.6043 -0.7888 4.4240 77 79 87
1.5214 -0.7068 3.9640 69 76 82
1.5550 -0.6847 3.8400 100 106 108
1.5860 -0.6636 3.7220 112 117 122
1.6062 -0.6403 3.5910 124 126 132
1.6724 -0.6365 3.5700 154 152 159
1.6985 -0.6185 3.4690 140 139 146
-12.0114 -3.9944 22.6100 151 123 106
-10.7376 -3.7190 21.0510 90 86 75
-11.4796 -4.1481 23.4800 115 98 73
-10.1982 -3.8519 21.8030 77 68 49
-9.4009 -3.7190 21.0510 109 94 66
-9.2752 -3.8519 21.8030 88 75 53
-9.1400 -3.9944 22.6100 105 101 63
-8.3523 -3.8519 21.8030 101 97 61
-7.8908 -3.8519 21.8030 144 120 95
-7.7043 -3.9944 22.6100 127 104 83
-7.8038 -4.3140 24.4190 240 206 184
-7.2869 -4.3140 24.4190 104 97 80
-7.0523 -4.4939 25.4370 188 167 152
-6.2532 -4.3140 24.4190 254 255 240
-7.1705 -5.3926 30.5240 168 175 167
-9.3207 -7.7037 43.6060 255 253 235
-8.7378 -8.2963 46.9600 182 183 179
-5.8633 -6.3443 35.9110 254 255 251
-6.6734 -8.2963 46.9600 254 255 251
-5.6935 -10.7852 61.0480 252 255 251
-2.4452 -5.9918 33.9160 252 255 251
-1.9432 -6.7407 38.1550 172 163 168
-0.2102 -1.4006 7.9280 136 129 121
-0.0384 -1.2688 7.1820 75 65 65
0.3229 -3.2682 18.4990 194 190 181
6.2659 -3.3705 19.0780 185 178 170
1.7154 -0.8628 4.8840 91 90 97
1.4762 -0.7003 3.9640 63 68 75
1.5302 -0.6869 3.8880 87 92 97
1.5727 -0.6699 3.7920 111 117 119
1.6032 -0.6498 3.6780 124 123 130
1.6509 -0.6381 3.6120 158 156 163
1.6877 -0.6235 3.5290 142 141 148
1.7129 -0.6060 3.4300 134 136 142
-11.3697 -3.8164 21.8030 97 88 79
-10.9082 -3.8164 21.8030 88 89 78
-10.8334 -3.9576 22.6100 105 91 56
-9.6408 -3.6847 21.0510 68 59 42
-9.1952 -3.6847 21.0510 172 149 119
-9.3977 -3.9576 22.6100 230 201 178
-8.6007 -3.8164 21.8030 90 83 52
-8.1393 -3.8164 21.8030 139 114 94
-7.6778 -3.8164 21.8030 131 110 79
-7.7713 -4.1099 23.4800 173 149 133
-7.5653 -4.2743 24.4190 255 229 200
-7.0484 -4.2743 24.4190 114 108 84
-7.0997 -4.6461 26.5430 255 246 224
-6.2654 -4.4525 25.4370 254 255 249
-8.0852 -6.2858 35.9110 148 145 142
-11.5579 -10.6858 61.0480 254 255 249
-6.4161 -6.6786 38.1550 254 255 249
-6.8263 -8.2198 46.9600 254 255 249
-4.9952 -9.7143 55.4980 252 255 249
-2.4721 -6.2858 35.9110 252 255 249
-1.4552 -5.3429 30.5240 175 165 163
-0.1535 -1.2426 7.0990 119 108 99
-0.0034 -1.3032 7.4450 82 70 68
0.9144 -6.6786 38.1550 196 194 186
1.7075 -0.8549 4.8840 87 86 93
1.4890 -0.7030 4.0160 63 68 75
1.5336 -0.6849 3.9130 94 100 102
1.5764 -0.6679 3.8160 114 117 120
1.6163 -0.6515 3.7220 126 125 132
1.6550 -0.6361 3.6340 156 154 161
1.6915 -0.6212 3.5490 142 141 148
1.7073 -0.6004 3.4300 133 135 141
-11.8273 -3.9208 22.6100 96 88 76
-10.9437 -3.7809 21.8030 86 84 72
-10.8702 -3.9208 22.6100 106 95 59
-9.6751 -3.6505 21.0510 68 59 40
-9.2295 -3.6505 21.0510 142 119 89
-9.4345 -3.9208 22.6100 220 195 177
-8.6362 -3.7809 21.8030 92 85 52
-8.1748 -3.7809 21.8030 135 116 89
-7.7133 -3.7809 21.8030 124 108 74
-7.8096 -4.0717 23.4800 164 142 116
-7.6050 -4.2345 24.4190 233 201 177
-7.0882 -4.2345 24.4190 101 99 80
-7.1429 -4.6029 26.5430 211 190 175
-6.3068 -4.4111 25.4370 254 255 245
-7.6912 -5.8814 33.9160 131 131 127
-12.5519 -10.5864 61.0480 136 150 141
-6.5788 -7.0577 40.6990 255 252 243
-8.5760 -10.5864 61.0480 254 255 251
-3.0668 -7.0577 40.6990 252 255 251
-1.9459 -6.2274 35.9110 254 255 251
-0.2023 -1.3233 7.6310 136 132 123
-0.0379 -1.2310 7.0990 82 70 68
0.6818 -5.2932 30.5240 201 197 190
18.9569 -10.5864 61.0480 252 255 249
1.6018 -0.8020 4.6250 84 84 88
1.4759 -0.6964 4.0160 67 72 79
1.5209 -0.6786 3.9130 97 103 105
1.5738 -0.6659 3.8400 115 118 121
1.6141 -0.6494 3.7450 129 129 133
1.6432 -0.6302 3.6340 153 152 159
1.6898 -0.6191 3.5700 142 141 148
1.7056 -0.5981 3.4490 130 132 138
-11.9009 -3.8840 22.6100 88 77 72
-10.6348 -3.6162 21.0510 94 92 71
-11.3649 -4.0335 23.4800 88 78 48
-9.7436 -3.6162 21.0510 81 72 53
-9.2981 -3.6162 21.0510 114 103 69
-9.5081 -3.8840 22.6100 125 107 85
-8.7072 -3.7454 21.8030 94 90 54
-8.2458 -3.7454 21.8030 122 113 78
-7.7843 -3.7454 21.8030 108 97 61
-7.5938 -3.8840 22.6100 141 124 87
-7.3890 -4.0335 23.4800 255 250 215
-6.8920 -4.0335 23.4800 90 84 69
-6.9281 -4.3697 25.4370 163 139 123
-6.1339 -4.1948 24.4190 211 190 185
-7.8017 -5.8262 33.9160 161 162 153
-10.6255 -8.7391 50.8730 165 170 160
-6.7114 -6.9914 40.6990 237 238 234
-7.9771 -9.5336 55.4980 254 255 251
-3.4988 -7.4908 43.6060 252 255 251
-2.0628 -6.1689 35.9110 252 255 251
-0.4814 -2.2797 13.2710 172 172 168
-0.0701 -1.1783 6.8590 80 66 62
0.1566 -2.1402 12.4590 186 182 173
1.9626 -9.5336 55.4980 170 163 157
11.4132 -6.5544 38.1550 252 255 249
3.1536 -1.6914 9.8460 252 254 241
1.4787 -0.7232 4.2100 73 76 79
1.4859 -0.6854 3.9900 72 75 78
1.5400 -0.6722 3.9130 104 110 112
1.5926 -0.6596 3.8400 120 123 126
1.6324 -0.6433 3.7450 158 154 159
1.6610 -0.6243 3.6340 150 148 155
1.6972 -0.6097 3.5490 138 137 144
1.7129 -0.5892 3.4300 124 126 132
-11.7905 -3.8472 22.6100 102 95 78
-10.9082 -3.7099 21.8030 79 75 64
-10.8334 -3.8472 22.6100 97 82 54
-9.6408 -3.5819 21.0510 64 54 40
-9.1952 -3.5819 21.0510 154 136 104
-9.0622 -3.7099 21.8030 225 197 169
-8.6007 -3.7099 21.8030 80 75 42
-8.1393 -3.7099 21.8030 143 119 92
-7.6778 -3.7099 21.8030 96 85 51
-7.7713 -3.9953 23.4800 172 143 118
-7.2743 -3.9953 23.4800 232 200 180
-6.7774 -3.9953 23.4800 170 148 124
-6.8038 -4.3282 25.4370 162 141 126
-6.5378 -4.5164 26.5430 245 234 227
-8.0852 -6.1105 35.9110 145 134 129
-12.4525 -10.3877 61.0480 135 144 137
-7.0487 -7.4198 43.6060 142 132 132
-8.5760 -10.3877 61.0480 254 255 251
-3.0018 -7.4198 43.6060 252 255 251
-1.0779 -3.8472 22.6100 173 165 162
-0.1260 -1.1671 6.8590 91 77 73
0.0370 -1.4230 8.3630 182 172 158
1.8722 -9.4433 55.4980 202 195 187
11.3511 -6.4923 38.1550 254 255 251
3.6025 -1.9236 11.3050 252 255 249
1.5029 -0.7315 4.2990 69 72 75
1.4890 -0.6833 4.0160 74 76 82
1.5336 -0.6658 3.9130 108 111 114
1.5863 -0.6534 3.8400 121 124 127
1.6363 -0.6411 3.7680 159 158 162
1.6550 -0.6183 3.6340 148 146 153
1.7015 -0.6075 3.5700 136 135 142
1.7168 -0.5869 3.4490 125 124 131
-11.8273 -3.8104 22.6100 97 90 71
-10.9437 -3.6744 21.8030 86 84 61
-10.8702 -3.8104 22.6100 96 81 55
-9.6751 -3.5477 21.0510 66 59 42
-9.2295 -3.5477 21.0510 118 102 70
-9.0977 -3.6744 21.8030 115 100 72
-8.6362 -3.6744 21.8030 86 81 48
-8.1748 -3.6744 21.8030 140 122 88
-7.7133 -3.6744 21.8030 104 95 58
-7.8096 -3.9570 23.4800 150 134 100
-7.3126 -3.9570 23.4800 191 152 134
-6.8156 -3.9570 23.4800 206 193 169
-6.8452 -4.2868 25.4370 157 136 121
-6.5811 -4.4732 26.5430 188 167 154
-7.6912 -5.7158 33.9160 187 171 164
-11.4108 -9.3530 55.4980 169 173 166
-6.9067 -7.3488 43.6060 137 127 125
-4.9048 -9.3530 55.4980 254 255 251
-2.8598 -7.3488 43.6060 252 255 251
-0.6614 -2.5094 14.8900 178 175 170
-0.1467 -1.1431 6.7830 96 85 80
-0.0033 -1.2104 7.1820 157 146 150
0.4863 -3.9570 23.4800 204 193 186
12.0498 -7.3488 43.6060 254 255 251
6.7265 -3.8104 22.6100 254 255 251
3.6025 -1.9052 11.3050 252 255 247
1.4997 -0.7297 4.3300 67 69 75
1.4759 -0.6768 4.0160 76 81 88
1.5310 -0.6638 3.9390 110 113 116
1.5935 -0.6552 3.8880 124 127 130
1.6551 -0.6471 3.8400 159 158 160
1.6631 -0.6198 3.6780 148 146 153
1.6998 -0.6052 3.5910 134 136 142
1.7155 -0.5846 3.4690 124 123 130
-12.3589 -3.9188 23.4800 96 80 73
-10.6348 -3.5134 21.0510 97 92 61
-10.9438 -3.7736 22.6100 88 70 50
-9.7436 -3.5134 21.0510 63 58 38
-9.2981 -3.5134 21.0510 105 94 60
-9.1687 -3.6389 21.8030 83 75 49
-8.7072 -3.6389 21.8030 89 84 51
-8.2458 -3.6389 21.8030 119 111 69
-7.7843 -3.6389 21.8030 108 99 62
-7.8860 -3.9188 23.4800 115 106 69
-7.3890 -3.9188 23.4800 255 224 202
-6.6367 -3.7736 22.6100 129 116 92
-6.6508 -4.0755 24.4190 169 148 133
-6.3897 -4.2454 25.4370 254 233 218
-7.8017 -5.6606 33.9160 255 255 236
-10.6255 -8.4907 50.8730 152 153 142
-7.0487 -7.2778 43.6060 182 173 166
-5.3953 -10.1889 61.0480 254 255 251
-3.1563 -7.8376 46.9600 252 255 251
-0.6247 -2.2642 13.5660 179 175 168
-0.1560 -1.1197 6.7090 90 87 82
-0.0141 -1.1321 6.7830 81 72 77
0.3148 -2.7537 16.4990 251 255 242
2.2337 -9.2626 55.4980 198 191 181
10.2158 -5.9935 35.9110 254 255 251
4.4425 -2.4259 14.5350 248 253 241
1.5328 -0.7492 4.4890 69 71 77
1.4759 -0.6793 4.0700 103 110 114
1.5214 -0.6616 3.9640 110 113 116
1.5951 -0.6574 3.9390 120 123 126
1.6674 -0.6531 3.9130 161 160 162
1.6648 -0.6212 3.7220 145 145 149
1.6921 -0.6028 3.6120 133 135 141
1.7078 -0.5821 3.4880 124 123 130
-12.9724 -4.0358 24.4190 165 137 118
-10.7376 -3.4791 21.0510 97 92 61
-11.0542 -3.7368 22.6100 140 128 112
-9.8465 -3.4791 21.0510 78 72 46
-9.0874 -3.3631 20.3490 85 82 48
-9.2752 -3.6034 21.8030 95 88 59
-8.8137 -3.6034 21.8030 72 67 49
-8.0642 -3.4791 21.0510 100 91 54
-7.6186 -3.4791 21.0510 102 85 56
-7.7043 -3.7368 22.6100 102 96 58
-7.5037 -3.8806 23.4800 242 206 187
-6.7471 -3.7368 22.6100 159 141 119
-6.7701 -4.0358 24.4190 207 186 155
-6.5139 -4.2040 25.4370 161 140 125
-7.1705 -5.0448 30.5240 255 247 234
-8.6993 -6.7264 40.6990 222 206 185
-8.3891 -8.4079 50.8730 238 238 234
-8.7748 -10.0895 61.0480 254 255 251
-3.9108 -9.1723 55.4980 252 255 251
-0.7717 -2.5870 15.6530 171 167 170
-0.1560 -1.1088 6.7090 83 83 83
-0.0141 -1.1210 6.7830 77 76 80
0.4399 -3.2547 19.6930 251 255 246
2.6558 -10.0895 61.0480 225 217 203
7.9860 -4.8046 29.0710 254 255 249
4.7532 -2.6551 16.0650 254 255 251
1.4631 -0.7474 4.5220 97 92 102
1.4513 -0.6958 4.2100 66 68 74
1.4793 -0.6682 4.0430 92 97 102
1.5343 -0.6551 3.9640 112 118 120
1.6080 -0.6510 3.9390 124 126 132
1.6694 -0.6426 3.8880 155 154 156
1.6670 -0.6115 3.7000 140 140 144
1.6939 -0.5935 3.5910 131 133 139
1.7192 -0.5765 3.4880 123 122 129
-12.8929 -3.9960 24.4190 129 108 93
-10.6691 -3.4449 21.0510 74 68 44
-10.9806 -3.7000 22.6100 169 150 135
-9.7779 -3.4449 21.0510 61 55 40
-9.3323 -3.4449 21.0510 91 86 53
-9.2042 -3.5679 21.8030 68 66 43
-8.7427 -3.5679 21.8030 101 90 65
-7.9956 -3.4449 21.0510 102 93 56
-7.5501 -3.4449 21.0510 102 91 57
-7.6306 -3.7000 22.6100 100 95 64
-7.4273 -3.8424 23.4800 241 202 180
-6.6735 -3.7000 22.6100 117 104 80
-6.6906 -3.9960 24.4190 203 186 161
-6.4311 -4.1626 25.4370 162 141 126
-7.3911 -5.2581 32.1310 255 250 233
-9.8082 -7.6847 46.9600 161 164 146
-7.6674 -7.6847 46.9600 173 173 169
-8.6754 -9.9902 61.0480 253 254 245
-3.9108 -9.0819 55.4980 252 255 251
-0.7717 -2.5615 15.6530 169 165 170
-0.1974 -1.1483 7.0170 47 60 69
-0.0462 -1.0859 6.6360 67 59 58
0.1894 -1.9588 11.9700 254 255 249
1.5055 -6.6602 40.6990 253 245 231
11.2945 -7.6847 46.9600 187 176 167
6.1442 -3.8424 23.4800 135 124 128
4.7965 -2.7751 16.9580 254 255 251
2.9933 -1.6112 9.8460 247 249 236
1.4602 -0.7240 4.4240 73 75 81
1.4587 -0.6796 4.1530 78 81 84
1.4955 -0.6572 4.0160 100 103 106
1.5703 -0.6529 3.9900 121 124 127
1.6440 -0.6487 3.9640 154 153 160
1.6843 -0.6323 3.8640 148 147 151
1.6811 -0.6019 3.6780 134 137 140
1.6972 -0.5808 3.5490 125 124 131
1.7224 -0.5644 3.4490 119 118 125
-12.2442 -3.8041 23.4800 81 74 64
-10.9082 -3.5324 21.8030 55 52 36
-10.4467 -3.5324 21.8030 102 84 64
-9.3193 -3.2969 20.3490 57 53 42
-9.5237 -3.5324 21.8030 75 68 47
-9.0622 -3.5324 21.8030 70 66 39
-8.6007 -3.5324 21.8030 101 90 54
-8.1393 -3.5324 21.8030 97 91 55
-7.6778 -3.5324 21.8030 90 87 53
-7.7713 -3.8041 23.4800 101 89 58
-6.9680 -3.6632 22.6100 248 213 187
-6.4894 -3.6632 22.6100 98 87 62
-6.7624 -4.1212 25.4370 207 184 165
-6.7897 -4.4958 27.7490 182 156 141
-7.5808 -5.4949 33.9160 255 254 233
-11.2300 -8.9916 55.4980 129 137 124
-7.5144 -7.6083 46.9600 171 167 158
-6.2899 -9.8908 61.0480 252 255 249
-4.9977 -9.8908 61.0480 236 239 238
-1.6111 -4.3004 26.5430 252 255 251
-0.3005 -1.2845 7.9280 57 69 83
-0.1111 -1.0751 6.6360 61 61 57
0.0330 -1.2062 7.4450 80 84 96
0.6647 -3.9563 24.4190 188 189 185
4.1468 -9.8908 61.0480 188 181 175
8.0941 -5.2057 32.1310 203 201 189
5.3777 -3.1906 19.6930 254 255 243
3.7422 -2.0605 12.7180 254 255 249
1.4667 -0.7381 4.5560 82 81 90
1.4544 -0.6868 4.2390 72 74 80
1.4825 -0.6594 4.0700 99 105 107
1.5479 -0.6507 4.0160 114 120 122
1.6329 -0.6507 4.0160 142 144 150
1.6956 -0.6422 3.9640 150 149 153
1.6812 -0.6068 3.7450 138 138 142
1.6980 -0.5852 3.6120 126 128 134
1.7135 -0.5651 3.4880 121 120 127
-13.4718 -4.0798 25.4370 149 128 113
-10.7033 -3.3763 21.0510 59 49 35
-11.0174 -3.6264 22.6100 143 122 109
-9.8122 -3.3763 21.0510 65 59 35
-9.3666 -3.3763 21.0510 80 74 48
-9.2397 -3.4970 21.8030 67 63 38
-8.7782 -3.4970 21.8030 95 85 55
-7.9956 -3.3763 21.0510 84 78 52
-7.5501 -3.3763 21.0510 97 93 57
-7.6306 -3.6264 22.6100 72 60 42
-7.4273 -3.7659 23.4800 255 244 212
-6.6735 -3.6264 22.6100 133 123 91
-6.4333 -3.7659 23.4800 172 150 126
-6.7107 -4.2572 26.5430 152 133 116
-7.4434 -5.1534 32.1310 190 178 162
-9.1787 -6.9939 43.6060 135 132 118
-9.3325 -8.9012 55.4980 253 255 246
-8.1578 -8.9012 55.4980 247 249 240
-5.4947 -9.7914 61.0480 251 255 248
-1.9025 -4.8957 30.5240 252 255 251
-0.2400 -1.1657 7.2680 47 59 73
-0.0787 -1.0643 6.6360 45 48 51
0.0748 -1.2884 8.0330 90 96 107
0.8909 -4.4506 27.7490 254 255 251
4.1468 -9.7914 61.0480 188 181 175
6.9920 -4.6627 29.0710 185 174 165
4.0961 -2.5106 15.6530 118 110 109
3.5240 -1.9983 12.4590 252 255 249
2.2360 -1.1797 7.3550 216 207 202
1.4705 -0.7253 4.5220 70 72 78
1.4581 -0.6752 4.2100 81 84 87
1.4958 -0.6528 4.0700 103 109 111
1.5609 -0.6441 4.0160 121 124 127
1.6459 -0.6441 4.0160 158 157 161
1.6977 -0.6318 3.9390 145 144 148
1.6830 -0.5970 3.7220 131 134 137
1.6998 -0.5760 3.5910 122 124 130
1.7248 -0.5594 3.4880 118 117 124
-12.8531 -3.8768 24.4190 96 85 78
-10.6348 -3.3421 21.0510 53 45 33
-10.5177 -3.4615 21.8030 159 138 125
-9.7094 -3.3421 21.0510 53 46 36
-9.2638 -3.3421 21.0510 59 54 36
-8.8182 -3.3421 21.0510 74 70 45
-8.3726 -3.3421 21.0510 120 112 70
-7.9271 -3.3421 21.0510 71 66 44
-7.4815 -3.3421 21.0510 85 82 48
-7.8478 -3.7277 23.4800 84 71 49
-7.0784 -3.5896 22.6100 255 250 219
-6.5999 -3.5896 22.6100 123 114 79
-6.6111 -3.8768 24.4190 255 225 201
-6.9253 -4.4055 27.7490 148 130 108
-7.3388 -5.1011 32.1310 177 165 149
-9.0367 -6.9229 43.6060 94 99 89
-10.3652 -9.6920 61.0480 241 237 228
-7.5608 -8.0766 50.8730 254 255 247
-7.7808 -9.6920 61.0480 166 154 154
-5.8988 -8.8109 55.4980 240 237 232
-5.1965 -9.6920 61.0480 253 249 242
-0.5097 -1.5889 10.0080 133 138 147
-0.2041 -1.0889 6.8590 41 54 65
-0.0564 -1.0421 6.5640 42 49 53
0.1023 -1.2923 8.1400 100 104 118
1.0297 -4.8460 30.5240 252 253 244
3.9480 -9.6920 61.0480 176 171 167
13.9871 -9.6920 61.0480 253 255 233
4.7749 -3.0288 19.0780 255 255 236
2.9087 -1.6711 10.5260 254 255 241
2.2423 -1.1966 7.5370 255 254 246
1.5564 -0.7754 4.8840 74 73 80
1.4507 -0.6777 4.2690 79 82 85
1.4891 -0.6549 4.1250 102 110 111
1.5451 -0.6419 4.0430 118 124 126
1.6373 -0.6419 4.0430 155 155 159
1.7113 -0.6376 4.0160 143 139 144
1.6961 -0.6020 3.7920 130 132 138
1.6921 -0.5734 3.6120 122 124 130
1.7181 -0.5571 3.5090 121 120 127
-14.1008 -4.1708 26.5430 173 143 125
-10.7376 -3.3078 21.0510 58 50 38
-10.6597 -3.4260 21.8030 160 138 128
-9.8465 -3.3078 21.0510 119 102 86
-9.4009 -3.3078 21.0510 78 65 43
-9.2752 -3.4260 21.8030 67 62 42
-8.5097 -3.3078 21.0510 93 94 56
-8.0642 -3.3078 21.0510 98 91 60
-7.6186 -3.3078 21.0510 78 80 48
-7.4293 -3.4260 21.8030 106 95 59
-7.5037 -3.6895 23.4800 229 196 179
-6.7471 -3.5528 22.6100 102 99 69
-6.2685 -3.5528 22.6100 143 131 100
-6.7971 -4.1708 26.5430 150 133 115
-7.1705 -4.7963 30.5240 145 132 108
-7.6759 -5.6428 35.9110 114 108 95
-10.6879 -8.7206 55.4980 255 253 235
-7.5144 -7.3790 46.9600 172 170 160
-8.4766 -9.5926 61.0480 154 143 147
-7.1845 -9.5926 61.0480 149 143 147
-5.3566 -8.7206 55.4980 169 165 166
-2.6692 -6.3952 40.6990 254 255 249
-0.2822 -1.1699 7.4450 45 57 71
-0.1099 -1.0314 6.5640 36 48 54
0.0304 -1.0778 6.8590 57 71 77
0.4112 -2.5243 16.0650 252 255 251
2.5951 -8.7206 55.4980 174 167 146
4.3120 -8.7206 55.4980 254 255 249
4.5095 -2.9068 18.4990 191 181 169
2.8614 -1.5988 10.1750 248 253 243
1.7959 -0.9136 5.8140 89 84 92
1.4394 -0.6853 4.3610 69 75 77
1.4787 -0.6615 4.2100 100 106 108
1.5157 -0.6395 4.0700 113 119 121
1.5912 -0.6353 4.0430 145 150 155
1.6767 -0.6353 4.0430 147 146 150
1.7057 -0.6149 3.9130 133 132 139
1.6811 -0.5779 3.6780 124 126 132
1.7073 -0.5610 3.5700 121 120 127
1.7224 -0.5420 3.4490 108 110 116
-12.7339 -3.7973 24.4190 90 88 78
-10.9082 -3.3905 21.8030 56 52 41
-10.4467 -3.3905 21.8030 167 142 124
-9.3193 -3.1644 20.3490 52 48 37
-9.5237 -3.3905 21.8030 56 52 41
-8.7497 -3.2735 21.0510 90 83 54
-8.3041 -3.2735 21.0510 109 103 65
-7.8585 -3.2735 21.0510 89 82 53
-7.6778 -3.3905 21.8030 89 85 49
-7.7713 -3.6513 23.4800 157 130 106
-7.0048 -3.5160 22.6100 205 171 149
-6.5262 -3.5160 22.6100 95 92 58
-6.5315 -3.7973 24.4190 226 199 175
-7.1605 -4.5207 29.0710 140 125 99
-7.6360 -5.2741 33.9160 138 131 114
-9.5788 -7.3025 46.9600 79 81 72
-11.0609 -9.4933 61.0480 129 131 115
-7.5144 -7.3025 46.9600 172 173 162
-7.7060 -8.6302 55.4980 153 145 144
-5.9870 -7.9110 50.8730 149 143 147
-4.9102 -7.9110 50.8730 148 139 142
-4.5007 -9.4933 61.0480 199 191 188
-0.3909 -1.2328 7.9280 70 77 85
-0.1888 -1.0433 6.7090 36 49 60
-0.0457 -1.0207 6.5640 39 49 54
0.1187 -1.3005 8.3630 109 111 121
1.0280 -4.5207 29.0710 203 198 194
3.4510 -9.4933 61.0480 212 205 195
4.1183 -7.9110 50.8730 254 255 251
5.7538 -3.7973 24.4190 206 193 182
2.4141 -1.4170 9.1120 102 102 106
2.2393 -1.2171 7.8270 148 144 147
1.6033 -0.8114 5.2180 80 79 86
1.4425 -0.6830 4.3920 71 76 81
1.4820 -0.6592 4.2390 101 107 107
1.5294 -0.6415 4.1250 119 125 127
1.5846 -0.6287 4.0430 150 152 158
1.6813 -0.6329 4.0700 146 145 149
1.7214 -0.6164 3.9640 129 131 137
1.6851 -0.5754 3.7000 122 124 130
1.7015 -0.5552 3.5700 122 121 128
1.7267 -0.5394 3.4690 112 114 120
-12.7736 -3.7575 24.4190 89 87 77
-10.5662 -3.2393 21.0510 54 50 39
-10.1207 -3.2393 21.0510 175 150 132
-9.6751 -3.2393 21.0510 78 63 51
-9.5592 -3.3550 21.8030 70 63 53
-8.7839 -3.2393 21.0510 66 64 45
-8.3384 -3.2393 21.0510 101 97 59
-7.8928 -3.2393 21.0510 90 84 60
-7.4472 -3.2393 21.0510 90 86 50
-7.8096 -3.6130 23.4800 151 137 104
-7.3126 -3.6130 23.4800 241 209 187
-6.5631 -3.4792 22.6100 96 91 62
-6.5315 -3.7575 24.4190 224 200 173
-7.1605 -4.4734 29.0710 137 125 96
-7.2341 -4.9442 32.1310 109 106 90
-8.8947 -6.7100 43.6060 73 75 66
-10.1457 -8.5399 55.4980 126 127 114
-8.2234 -7.8282 50.8730 176 177 164
-6.5969 -7.2261 46.9600 183 178 174
-5.6030 -7.2261 46.9600 142 136 140
-4.6090 -7.2261 46.9600 149 141 138
-4.6995 -9.3939 61.0480 123 116 125
-0.3541 -1.1051 7.1820 70 75 84
-0.1908 -1.0437 6.7830 35 48 59
-0.0453 -0.9993 6.4940 38 48 53
0.1140 -1.2361 8.0330 89 94 103
1.1886 -4.9442 32.1310 195 192 189
3.5504 -9.3939 61.0480 205 198 190
3.7251 -7.2261 46.9600 254 255 251
7.4664 -4.9442 32.1310 234 218 197
2.4162 -1.3615 8.8480 123 121 128
1.8178 -0.9300 6.0440 85 84 88
1.4345 -0.6857 4.4560 71 76 81
1.4749 -0.6615 4.2990 99 105 105
1.5335 -0.6478 4.2100 117 123 125
1.5687 -0.6263 4.0700 148 151 154
1.6658 -0.6304 4.0970 148 147 151
1.7179 -0.6180 4.0160 135 135 139
1.6812 -0.5763 3.7450 123 125 131
1.6881 -0.5526 3.5910 119 121 127
1.7238 -0.5400 3.5090 111 110 117
-15.3964 -4.4260 29.0710 154 133 116
-11.0857 -3.3195 21.8030 63 60 46
-10.2578 -3.2050 21.0510 115 89 74
-9.8122 -3.2050 21.0510 150 131 114
-9.3323 -3.2050 21.0510 55 46 41
-8.8868 -3.2050 21.0510 54 52 40
-8.4412 -3.2050 21.0510 73 72 46
-7.9956 -3.2050 21.0510 63 58 40
-7.5501 -3.2050 21.0510 83 78 49
-7.6306 -3.4424 22.6100 98 89 54
-7.4273 -3.5748 23.4800 252 211 192
-6.6735 -3.4424 22.6100 112 101 78
-6.4333 -3.5748 23.4800 120 113 80
-7.3498 -4.4260 29.0710 119 111 87
-7.0711 -4.6473 30.5240 100 94 68
-8.0313 -5.8091 38.1550 72 76 69
-9.6315 -7.7454 50.8730 177 174 158
-9.3325 -8.4495 55.4980 229 222 205
-6.9028 -7.1496 46.9600 251 252 246
-5.9088 -7.1496 46.9600 197 187 185
-4.9148 -7.1496 46.9600 143 139 130
-4.6337 -8.4495 55.4980 127 123 126
-0.5086 -1.3873 9.1120 152 142 142
-0.2377 -1.0443 6.8590 35 51 61
-0.0885 -0.9994 6.5640 32 44 50
0.0521 -1.0327 6.7830 54 68 74
0.6202 -3.0981 20.3490 245 243 235
2.8662 -8.4495 55.4980 200 195 173
3.4192 -7.1496 46.9600 254 255 249
13.6889 -9.2945 61.0480 255 255 243
2.3937 -1.4753 9.6900 101 90 96
2.0466 -1.1618 7.6310 84 86 94
1.8400 -0.9682 6.3590 119 118 122
1.4809 -0.7261 4.7690 68 73 78
1.4568 -0.6687 4.3920 95 98 99
1.5064 -0.6500 4.2690 112 115 116
1.5428 -0.6280 4.1250 136 139 142
1.6151 -0.6197 4.0700 152 151 155
1.7012 -0.6197 4.0700 138 137 141
1.7074 -0.5919 3.8880 124 129 134
1.6829 -0.5566 3.6560 123 122 129
1.7088 -0.5403 3.5490 106 108 114
1.7336 -0.5251 3.4490 118 123 128
-13.1819 -3.8314 25.4370 82 83 72
-10.4634 -3.1707 21.0510 65 62 48
-10.0178 -3.1707 21.0510 131 107 95
-9.5723 -3.1707 21.0510 57 54 40
-9.4527 -3.2840 21.8030 161 140 123
-8.6811 -3.1707 21.0510 66 63 47
-8.2356 -3.1707 21.0510 100 98 59
-7.7900 -3.1707 21.0510 95 90 57
-7.3444 -3.1707 21.0510 89 77 48
-7.6949 -3.5366 23.4800 135 110 92
-6.9312 -3.4056 22.6100 236 204 182
-6.4526 -3.4056 22.6100 83 78 58
-6.7210 -3.8314 25.4370 172 154 122
-7.4190 -4.5976 30.5240 103 100 70
-7.1295 -4.8396 32.1310 81 83 72
-8.1692 -6.1301 40.6990 96 98 80
-9.1346 -7.6626 50.8730 88 90 79
-8.0578 -7.6626 50.8730 160 161 150
-5.9838 -6.5680 43.6060 231 229 219
-4.7234 -6.1301 40.6990 158 154 147
-4.4561 -7.0732 46.9600 129 127 119
-3.7506 -7.6626 50.8730 191 186 182
-0.3194 -1.0449 6.9370 48 61 72
-0.1669 -1.0105 6.7090 30 43 52
-0.0241 -0.9781 6.4940 37 49 55
0.1460 -1.2596 8.3630 247 250 251
1.1788 -4.5976 30.5240 239 231 219
3.4084 -8.3592 55.4980 193 189 182
3.6010 -6.5680 43.6060 254 255 251
9.8489 -6.5680 43.6060 254 255 236
1.8512 -1.1214 7.4450 86 85 92
1.7339 -0.9679 6.4260 90 95 102
1.6298 -0.8436 5.6010 81 79 86
1.4546 -0.7019 4.6600 75 81 83
1.4746 -0.6663 4.4240 101 104 105
1.5349 -0.6522 4.3300 119 122 123
1.5601 -0.6255 4.1530 155 155 157
1.6258 -0.6171 4.0970 148 147 149
1.7012 -0.6130 4.0700 133 132 136
1.7074 -0.5856 3.8880 122 124 130
1.6930 -0.5540 3.6780 123 122 129
1.7088 -0.5346 3.5490 120 122 128
1.7336 -0.5195 3.4490 114 119 124
-13.1819 -3.7900 25.4370 83 84 73
-10.4634 -3.1365 21.0510 57 53 42
-10.0178 -3.1365 21.0510 106 84 76
-9.5723 -3.1365 21.0510 72 69 55
-9.4527 -3.2485 21.8030 190 170 148
-8.6811 -3.1365 21.0510 61 58 44
-8.2356 -3.1365 21.0510 95 93 56
-7.7900 -3.1365 21.0510 102 98 62
-7.3444 -3.1365 21.0510 154 135 110
-7.4098 -3.3687 22.6100 158 130 111
-6.9312 -3.3687 22.6100 211 179 155
-6.4526 -3.3687 22.6100 83 76 57
-6.7210 -3.7900 25.4370 132 115 88
-7.0658 -4.3314 29.0710 99 96 66
-7.1295 -4.7873 32.1310 74 76 65
-8.1692 -6.0639 40.6990 94 96 78
-8.4319 -6.9967 46.9600 84 86 77
-8.0578 -7.5798 50.8730 159 160 149
-5.5186 -6.0639 40.6990 253 246 236
-4.1093 -5.3505 35.9110 236 232 221
-3.7957 -6.0639 40.6990 119 120 109
-2.7508 -5.6849 38.1550 255 253 246
-0.3081 -1.0336 6.9370 44 57 68
-0.1560 -0.9996 6.7090 30 43 52
-0.0135 -0.9676 6.4940 38 50 56
0.1820 -1.4213 9.5390 178 180 188
1.3650 -5.0533 33.9160 253 251 232
3.4084 -8.2689 55.4980 192 188 179
3.6010 -6.4970 43.6060 240 241 237
10.6064 -6.9967 46.9600 253 255 231
1.8512 -1.1093 7.4450 82 81 88
1.7339 -0.9574 6.4260 102 112 115
1.6298 -0.8345 5.6010 77 76 83
1.4546 -0.6943 4.6600 79 85 87
1.4853 -0.6639 4.4560 103 109 109
1.5569 -0.6544 4.3920 126 126 128
1.5815 -0.6273 4.2100 157 157 159
1.6369 -0.6146 4.1250 145 144 148
1.7012 -0.6064 4.0700 130 130 134
1.6969 -0.5757 3.8640 121 123 129
1.6930 -0.5480 3.6780 120 122 128
1.7088 -0.5288 3.5490 129 134 139
1.7336 -0.5139 3.4490 113 118 123
-13.7550 -3.9115 26.5430 86 84 74
-10.4634 -3.1022 21.0510 54 50 39
-10.0178 -3.1022 21.0510 89 68 63
-9.5723 -3.1022 21.0510 75 72 58
-9.4527 -3.2130 21.8030 160 140 120
-8.6811 -3.1022 21.0510 58 55 41
-8.2356 -3.1022 21.0510 85 82 50
-7.7900 -3.1022 21.0510 102 98 60
-7.3101 -3.1022 21.0510 153 129 106
-7.6566 -3.4602 23.4800 173 146 124
-6.8944 -3.3319 22.6100 125 108 81
-6.4158 -3.3319 22.6100 97 78 61
-6.6796 -3.7485 25.4370 219 197 171
-7.0185 -4.2841 29.0710 100 100 69
-7.0772 -4.7350 32.1310 65 67 58
-8.1029 -5.9976 40.6990 88 90 72
-9.0517 -7.4969 50.8730 90 92 79
-7.9749 -7.4969 50.8730 138 139 126
-5.5186 -5.9976 40.6990 228 224 213
-4.1093 -5.2921 35.9110 223 224 211
-3.7957 -5.9976 40.6990 114 116 103
-2.7508 -5.6227 38.1550 255 250 242
-0.3081 -1.0223 6.9370 42 55 66
-0.1560 -0.9887 6.7090 29 42 51
-0.0135 -0.9570 6.4940 37 49 55
0.1765 -1.3631 9.2500 145 150 155
1.3650 -4.9981 33.9160 165 164 149
3.4084 -8.1785 55.4980 193 191 181
3.1509 -5.6227 38.1550 249 250 246
6.3335 -8.9964 61.0480 252 255 251
2.4472 -1.4994 10.1750 175 162 151
1.5309 -0.8568 5.8140 112 123 123
1.5646 -0.8105 5.5000 78 80 86
1.4463 -0.6973 4.7320 75 82 86
1.4563 -0.6567 4.4560 98 104 104
1.5283 -0.6472 4.3920 119 125 127
1.5648 -0.6247 4.2390 161 160 162
1.6100 -0.6079 4.1250 145 145 147
1.6747 -0.5998 4.0700 129 129 133
1.6821 -0.5730 3.8880 123 126 129
1.6891 -0.5485 3.7220 120 122 128
1.7115 -0.5292 3.5910 130 132 138
1.7362 -0.5140 3.4880 113 115 121
-14.5155 -4.0441 27.7490 91 87 80
-10.5662 -3.0679 21.0510 55 52 36
-10.1207 -3.0679 21.0510 82 64 53
-9.6751 -3.0679 21.0510 88 74 57
-9.5592 -3.1775 21.8030 126 109 95
-9.0977 -3.1775 21.8030 54 52 40
-8.3384 -3.0679 21.0510 82 76 52
-7.8928 -3.0679 21.0510 89 84 55
-7.4472 -3.0679 21.0510 138 117 86
-7.5202 -3.2951 22.6100 165 137 118
-7.0416 -3.2951 22.6100 138 111 85
-6.3288 -3.1775 21.8030 199 180 153
-6.5713 -3.5588 24.4190 94 87 68
-7.2078 -4.2368 29.0710 100 99 71
-6.9220 -4.4485 30.5240 103 103 83
-7.3835 -5.2336 35.9110 63 67 60
-7.5065 -5.9314 40.6990 74 76 67
-9.0614 -8.0882 55.4980 158 159 146
-5.4221 -5.5606 38.1550 254 255 249
-4.1019 -4.9429 33.9160 255 254 239
-3.5830 -5.2336 35.9110 101 104 88
-3.1993 -5.9314 40.6990 170 168 156
-0.3658 -1.0467 7.1820 54 63 75
-0.2019 -0.9885 6.7830 31 44 53
-0.0558 -0.9464 6.4940 32 44 50
0.0872 -1.0110 6.9370 52 66 72
0.8954 -3.8683 26.5430 121 113 110
3.0469 -8.0882 55.4980 156 150 126
3.0959 -5.9314 40.6990 254 255 249
5.3963 -8.0882 55.4980 253 254 248
3.1524 -1.9771 13.5660 229 213 190
1.4425 -0.8239 5.6530 104 117 114
1.5914 -0.8393 5.7590 79 81 89
1.4530 -0.7118 4.8840 70 75 80
1.4410 -0.6590 4.5220 99 105 105
1.5143 -0.6494 4.4560 115 121 123
1.5743 -0.6356 4.3610 159 158 158
1.5871 -0.6053 4.1530 149 149 151
1.6524 -0.5971 4.0970 130 133 136
1.6937 -0.5815 3.9900 121 124 127
1.6900 -0.5526 3.7920 120 122 128
1.6965 -0.5296 3.6340 131 134 137
1.7221 -0.5143 3.5290 116 118 124
-18.0728 -4.8876 33.9160 189 155 135
-11.5696 -3.2583 22.6100 71 70 55
-10.3263 -3.0337 21.0510 75 68 49
-9.8807 -3.0337 21.0510 93 81 63
-9.4352 -3.0337 21.0510 92 79 66
-9.3107 -3.1420 21.8030 65 58 41
-8.8492 -3.1420 21.8030 103 95 71
-8.0985 -3.0337 21.0510 90 87 57
-7.6529 -3.0337 21.0510 118 104 71
-7.2073 -3.0337 21.0510 153 130 100
-7.2625 -3.2583 22.6100 105 88 61
-6.5418 -3.1420 21.8030 100 93 62
-6.3054 -3.2583 22.6100 109 92 74
-6.8404 -3.8251 26.5430 200 176 153
-6.8765 -4.1894 29.0710 104 104 71
-6.9202 -4.6304 32.1310 84 86 73
-7.4101 -5.4985 38.1550 83 84 71
-8.8032 -7.3313 50.8730 156 148 136
-6.6227 -6.2841 43.6060 249 241 227
-4.6940 -5.1751 35.9110 143 135 123
-3.5198 -4.6304 32.1310 115 117 101
-3.7828 -6.2841 43.6060 129 135 118
-1.2132 -2.6659 18.4990 154 146 132
-0.2629 -0.9997 6.9370 33 46 55
-0.1111 -0.9563 6.6360 28 42 48
0.0291 -0.9459 6.5640 40 52 58
0.5337 -2.6659 18.4990 194 195 186
2.3488 -6.7674 46.9600 142 142 109
3.1040 -6.2841 43.6060 212 208 201
4.3367 -6.7674 46.9600 226 214 212
5.3414 -3.3837 23.4800 255 253 220
1.4834 -0.8541 5.9270 86 93 97
1.5204 -0.8072 5.6010 81 80 89
1.4522 -0.7152 4.9630 71 73 79
1.4512 -0.6665 4.6250 98 104 104
1.5036 -0.6469 4.4890 112 118 118
1.5641 -0.6329 4.3920 156 155 155
1.5774 -0.6025 4.1810 146 146 148
1.6324 -0.5904 4.0970 129 132 135
1.6852 -0.5787 4.0160 122 125 128
1.6820 -0.5499 3.8160 119 121 127
1.6889 -0.5269 3.6560 127 129 135
1.7146 -0.5114 3.5490 114 116 122
1.7393 -0.4970 3.4490 92 94 100
-13.1405 -3.6243 25.4370 83 81 69
-10.4291 -2.9994 21.0510 61 61 41
-9.9836 -2.9994 21.0510 74 64 50
-9.5380 -2.9994 21.0510 65 59 46
-9.4172 -3.1065 21.8030 78 57 42
-8.9557 -3.1065 21.8030 91 79 61
-8.2013 -2.9994 21.0510 78 74 49
-7.7557 -2.9994 21.0510 82 73 52
-7.3101 -2.9994 21.0510 139 124 87
-7.3729 -3.2215 22.6100 157 130 104
-6.6128 -3.1065 21.8030 85 76 55
-6.6244 -3.3455 23.4800 253 217 198
-6.6382 -3.6243 25.4370 239 207 183
-6.6542 -3.9537 27.7490 101 102 73
-7.0249 -4.5781 32.1310 61 62 49
-7.0912 -5.1167 35.9110 73 75 62
-7.6877 -6.2131 43.6060 110 104 89
-7.2851 -6.6910 46.9600 130 127 111
-4.5436 -4.8324 33.9160 126 122 111
-3.4431 -4.3491 30.5240 120 122 106
-3.2907 -5.1167 35.9110 99 108 90
-2.1510 -4.3491 30.5240 114 112 100
-0.2968 -0.9884 6.9370 36 49 58
-0.1451 -0.9559 6.7090 28 42 48
-0.0030 -0.9253 6.4940 34 48 50
0.1832 -1.2607 8.8480 126 124 116
1.8368 -5.7989 40.6990 127 128 99
3.1134 -6.6910 46.9600 153 149 142
3.5597 -5.7989 40.6990 188 180 177
11.1589 -7.2485 50.8730 244 233 208
1.8354 -1.0873 7.6310 175 163 143
1.4523 -0.7908 5.5500 118 125 129
1.4886 -0.7499 5.2630 64 69 76
1.4498 -0.6795 4.7690 93 96 97
1.4705 -0.6443 4.5220 105 113 112
1.5547 -0.6396 4.4890 146 146 148
1.5913 -0.6169 4.3300 150 149 151
1.6033 -0.5877 4.1250 125 131 133
1.6681 -0.5799 4.0700 122 125 128
1.6865 -0.5575 3.9130 120 123 126
1.6934 -0.5336 3.7450 121 124 127
1.7097 -0.5146 3.6120 115 117 123
1.7451 -0.5028 3.5290 92 94 100
-16.8601 -4.5258 32.1310 92 81 74
-10.9792 -3.0711 21.8030 65 65 45
-10.1549 -2.9651 21.0510 73 68 48
-9.7094 -2.9651 21.0510 101 82 65
-9.2638 -2.9651 21.0510 129 116 103
-9.1332 -3.0711 21.8030 59 52 42
-8.6717 -3.0711 21.8030 143 124 107
-7.6627 -2.8662 20.3490 114 102 73
-7.4815 -2.9651 21.0510 88 82 46
-7.2873 -3.0711 21.8030 147 127 91
-6.8258 -3.0711 21.8030 90 81 60
-6.5999 -3.1847 22.6100 97 82 56
-6.3568 -3.3073 23.4800 132 113 96
-6.9253 -3.9086 27.7490 67 66 49
-6.6399 -4.0948 29.0710 92 88 61
-7.0286 -4.7772 33.9160 67 69 56
-7.0995 -5.3743 38.1550 72 77 63
-8.3891 -7.1657 50.8730 207 207 185
-5.1617 -5.0582 35.9110 252 250 240
-3.5632 -4.0948 29.0710 125 119 104
-2.9479 -4.0948 29.0710 87 89 76
-2.5781 -4.5258 32.1310 124 127 106
-0.5566 -1.3649 9.6900 171 163 149
-0.2488 -0.9661 6.8590 30 43 52
-0.0992 -0.9246 6.5640 27 41 47
0.0398 -0.9246 6.5640 41 55 59
0.3693 -1.9108 13.5660 183 184 173
2.1100 -6.1421 43.6060 124 126 92
3.0330 -6.1421 43.6060 182 178 171
3.9560 -6.1421 43.6060 153 143 141
7.9939 -5.0582 35.9110 188 171 144
1.5665 -0.9051 6.4260 90 87 84
1.4704 -0.7817 5.5500 74 76 84
1.4761 -0.7226 5.1300 75 77 83
1.4506 -0.6615 4.6960 107 110 111
1.5038 -0.6417 4.5560 119 127 126
1.5883 -0.6369 4.5220 157 157 159
1.6009 -0.6055 4.2990 142 142 144
1.6234 -0.5810 4.1250 124 129 134
1.6767 -0.5695 4.0430 119 125 127
1.6738 -0.5409 3.8400 112 118 120
1.7012 -0.5243 3.7220 122 125 128
1.7274 -0.5088 3.6120 106 108 114
1.7419 -0.4913 3.4880 107 106 113
-15.9174 -4.2498 30.5240 86 79 73
-10.9082 -3.0356 21.8030 58 58 38
-10.0864 -2.9309 21.0510 72 66 51
-9.6408 -2.9309 21.0510 191 171 151
-9.5237 -3.0356 21.8030 86 73 60
-9.3977 -3.1479 22.6100 83 70 57
-8.6007 -3.0356 21.8030 80 68 50
-7.5965 -2.8331 20.3490 132 117 89
-7.4130 -2.9309 21.0510 74 68 44
-7.2163 -3.0356 21.8030 108 97 63
-7.0048 -3.1479 22.6100 111 101 71
-6.7774 -3.2690 23.4800 88 62 49
-6.5315 -3.3998 24.4190 139 121 101
-6.8349 -3.8634 27.7490 67 65 53
-6.8723 -4.2498 30.5240 81 76 58
-6.9181 -4.7220 33.9160 72 75 59
-7.4403 -5.6664 40.6990 82 88 71
-8.2234 -7.0829 50.8730 144 142 119
-4.5138 -4.4735 32.1310 187 176 171
-3.3108 -3.8634 27.7490 129 132 111
-2.9958 -4.2498 30.5240 84 89 75
-2.4735 -4.4735 32.1310 105 108 92
-0.4011 -1.0624 7.6310 49 54 63
-0.2129 -0.9444 6.7830 28 42 48
-0.0664 -0.9041 6.4940 28 42 48
0.0734 -0.9341 6.7090 37 51 57
0.7000 -3.0356 21.8030 119 118 101
2.7102 -7.0829 50.8730 125 125 94
3.0296 -5.6664 40.6990 254 255 247
4.8638 -7.0829 50.8730 181 170 165
8.9272 -5.6664 40.6990 195 183 154
1.8354 -1.0624 7.6310 112 104 80
1.4523 -0.7727 5.5500 72 74 80
1.4759 -0.7265 5.2180 70 75 82
1.4498 -0.6640 4.7690 106 109 110
1.4815 -0.6343 4.5560 120 126 126
1.5662 -0.6296 4.5220 157 157 159
1.6027 -0.6072 4.3610 142 142 144
1.6142 -0.5782 4.1530 120 125 130
1.6681 -0.5667 4.0700 121 124 127
1.6865 -0.5448 3.9130 113 115 121
1.6934 -0.5214 3.7450 121 123 129
1.7201 -0.5059 3.6340 105 107 113
1.7451 -0.4913 3.5290 103 105 111
-18.9020 -4.9413 35.9110 96 87 80
-11.0147 -3.0001 21.8030 67 61 46
-10.1892 -2.8966 21.0510 59 56 40
-9.7436 -2.8966 21.0510 159 140 127
-9.2981 -2.8966 21.0510 65 57 45
-9.5081 -3.1111 22.6100 54 50 41
-8.7072 -3.0001 21.8030 86 74 56
-7.6959 -2.8000 20.3490 123 112 78
-7.2651 -2.8000 20.3490 64 62 39
-7.3228 -3.0001 21.8030 106 98 58
-6.8613 -3.0001 21.8030 77 68 51
-6.6367 -3.1111 22.6100 91 83 57
-6.6111 -3.3600 24.4190 148 120 101
-6.6243 -3.6523 26.5430 68 65 51
-6.6399 -4.0001 29.0710 111 108 78
-6.6587 -4.4212 32.1310 71 70 53
-6.6819 -4.9413 35.9110 63 68 54
-8.3891 -7.0001 50.8730 191 190 164
-4.8750 -4.6668 33.9160 146 135 126
-3.4012 -3.8182 27.7490 111 111 89
-2.8138 -3.8182 27.7490 82 83 70
-2.4492 -4.2001 30.5240 95 98 80
-0.6557 -1.5273 11.1000 139 128 103
-0.2600 -0.9438 6.8590 29 43 49
-0.1111 -0.9131 6.6360 26 40 46
0.0291 -0.9032 6.5640 36 50 54
0.2893 -1.5556 11.3050 148 146 127
2.0390 -6.0001 43.6060 124 126 94
3.1898 -6.4616 46.9600 173 171 152
3.8850 -6.0001 43.6060 152 145 139
11.8998 -8.4001 61.0480 147 140 109
9.4229 -6.0001 43.6060 163 153 121
1.9574 -1.1352 8.2500 170 158 127
1.4343 -0.7637 5.5500 75 75 79
1.4589 -0.7180 5.2180 80 83 86
1.4572 -0.6667 4.8450 105 108 109
1.4776 -0.6316 4.5900 124 130 130
1.5631 -0.6269 4.5560 157 157 159
1.5998 -0.6043 4.3920 138 138 140
1.6114 -0.5753 4.1810 118 125 129
1.6548 -0.5600 4.0700 119 122 125
1.6738 -0.5384 3.9130 108 114 116
1.6915 -0.5185 3.7680 120 122 128
1.7186 -0.5031 3.6560 101 100 107
1.7435 -0.4883 3.5490 114 116 122
-18.9605 -4.8829 35.9110 136 113 94
-11.0502 -2.9646 21.8030 67 61 46
-10.2235 -2.8623 21.0510 84 74 62
-10.1272 -2.9646 21.8030 133 113 103
-9.3323 -2.8623 21.0510 63 54 37
-9.5449 -3.0743 22.6100 55 51 42
-8.7427 -2.9646 21.8030 63 61 49
-7.7290 -2.7669 20.3490 109 100 65
-7.2983 -2.7669 20.3490 65 60 29
-7.3583 -2.9646 21.8030 97 93 57
-6.8968 -2.9646 21.8030 82 65 47
-6.6735 -3.0743 22.6100 120 113 84
-6.6906 -3.3203 24.4190 240 206 182
-6.7107 -3.6091 26.5430 83 81 62
-6.4283 -3.7731 27.7490 98 94 58
-6.7633 -4.3689 32.1310 84 81 65
-6.4211 -4.6116 33.9160 64 66 53
-7.8967 -6.3852 46.9600 109 104 82
-5.2786 -4.8829 35.9110 222 206 183
-3.4915 -3.7731 27.7490 104 107 86
-2.7780 -3.6091 26.5430 89 91 80
-2.4272 -3.9528 29.0710 98 101 78
-0.8271 -1.8045 13.2710 114 112 91
-0.2855 -0.9432 6.9370 33 45 51
-0.1327 -0.9023 6.6360 26 40 46
0.0076 -0.8830 6.4940 31 45 49
0.2525 -1.5372 11.3050 178 175 161
1.6599 -5.1880 38.1550 114 115 86
3.2900 -6.9173 50.8730 141 140 112
3.4935 -5.5339 40.6990 195 188 180
11.7010 -8.3008 61.0480 131 127 102
10.8275 -6.9173 50.8730 154 149 118
2.2675 -1.3176 9.6900 158 149 114
1.4383 -0.7616 5.6010 71 71 75
1.4629 -0.7156 5.2630 98 101 102
1.4726 -0.6694 4.9230 105 111 109
1.4926 -0.6336 4.6600 124 130 130
1.5673 -0.6241 4.5900 155 158 159
1.6043 -0.6015 4.4240 129 132 133
1.6158 -0.5724 4.2100 116 123 127
1.6591 -0.5571 4.0970 115 121 123
1.6785 -0.5356 3.9390 107 110 113
1.6961 -0.5156 3.7920 116 118 124
1.7230 -0.5001 3.6780 94 96 102
1.7377 -0.4826 3.5490 120 125 130
-20.2695 -5.1259 38.1550 191 159 139
-11.1212 -2.9291 21.8030 77 74 58
-10.2920 -2.8281 21.0510 83 68 58
-10.1982 -2.9291 21.8030 129 111 100
-9.4009 -2.8281 21.0510 127 103 87
-9.6185 -3.0375 22.6100 74 72 60
-9.1400 -3.0375 22.6100 53 51 39
-7.7953 -2.7337 20.3490 88 82 56
-7.3645 -2.7337 20.3490 111 97 62
-7.4293 -2.9291 21.8030 82 76 50
-6.9678 -2.9291 21.8030 147 125 99
-6.7471 -3.0375 22.6100 136 126 96
-6.7701 -3.2805 24.4190 255 226 202
-6.5139 -3.4173 25.4370 107 100 79
-6.5186 -3.7279 27.7490 109 106 72
-6.5244 -4.1007 30.5240 111 105 90
-6.1878 -4.3166 32.1310 68 70 57
-8.0497 -6.3088 46.9600 94 94 72
-5.7327 -5.1259 38.1550 133 127 91
-3.5819 -3.7279 27.7490 97 99 83
-2.8644 -3.5659 26.5430 69 73 66
-2.4746 -3.9055 29.0710 82 88 71
-0.8307 -1.7450 12.9890 109 104 84
-0.3003 -0.9427 7.0170 33 43 50
-0.1451 -0.9013 6.7090 24 38 44
-0.0030 -0.8724 6.4940 30 44 48
0.1756 -1.1391 8.4790 166 163 149
1.5978 -5.1259 38.1550 132 131 105
3.2072 -6.8344 50.8730 135 134 106
3.2130 -5.1259 38.1550 226 222 213
11.3034 -8.2014 61.0480 142 135 104
11.4505 -7.4558 55.4980 139 133 97
3.3873 -2.0004 14.8900 115 114 88
1.4596 -0.7886 5.8700 70 76 78
1.4576 -0.7257 5.4020 72 78 80
1.4803 -0.6834 5.0870 103 109 109
1.4771 -0.6357 4.7320 120 126 126
1.5299 -0.6166 4.5900 156 159 160
1.5913 -0.6031 4.4890 137 137 139
1.6149 -0.5775 4.2990 116 124 125
1.6480 -0.5579 4.1530 119 125 127
1.6678 -0.5360 3.9900 109 112 115
1.6863 -0.5159 3.8400 117 122 127
1.7133 -0.5000 3.7220 95 97 103
1.7290 -0.4824 3.5910 121 121 125
1.7532 -0.4686 3.4880 114 117 120
-13.1819 -3.3759 25.4370 97 90 73
-10.4634 -2.7938 21.0510 72 65 57
-10.0178 -2.7938 21.0510 155 125 118
-9.5723 -2.7938 21.0510 239 198 177
-9.4527 -2.8936 21.8030 86 64 56
-9.3240 -3.0007 22.6100 76 61 49
-8.2356 -2.7938 21.0510 93 81 63
-7.5302 -2.7006 20.3490 119 106 68
-7.3101 -2.7938 21.0510 63 53 39
-6.8646 -2.7938 21.0510 172 150 126
-6.6483 -2.8936 21.8030 118 113 72
-6.9291 -3.2408 24.4190 202 176 165
-6.4123 -3.2408 24.4190 206 185 168
-6.4082 -3.5227 26.5430 86 87 58
-6.4032 -3.8582 29.0710 104 97 78
-6.3971 -4.2643 32.1310 62 64 46
-7.2415 -5.4014 40.6990 75 75 55
-6.3800 -5.4014 40.6990 120 113 80
-3.9419 -3.8582 29.0710 105 103 84
-2.9107 -3.3759 25.4370 67 75 62
-2.5879 -3.6827 27.7490 98 101 76
-1.5719 -2.8936 21.8030 83 81 69
-0.4038 -1.0522 7.9280 142 135 125
-0.1997 -0.8904 6.7090 28 40 46
-0.0564 -0.8711 6.5640 28 40 44
0.0862 -0.9103 6.8590 35 49 55
0.8581 -3.3759 25.4370 111 114 91
2.7930 -6.7516 50.8730 146 146 115
3.3170 -5.7872 43.6060 254 255 249
10.9058 -8.1020 61.0480 137 134 91
11.0890 -7.3654 55.4980 156 145 109
4.8179 -2.8936 21.8030 119 118 92
1.4596 -0.7790 5.8700 68 74 76
1.4576 -0.7169 5.4020 77 85 86
1.4803 -0.6751 5.0870 107 110 111
1.4887 -0.6329 4.7690 124 127 128
1.5416 -0.6138 4.6250 155 158 159
1.5913 -0.5958 4.4890 131 131 133
1.6149 -0.5705 4.2990 114 122 123
1.6480 -0.5512 4.1530 118 124 126
1.6678 -0.5295 3.9900 130 133 134
1.6820 -0.5064 3.8160 113 119 121
1.7194 -0.4940 3.7220 95 97 103
1.7247 -0.4738 3.5700 135 135 139
1.7493 -0.4604 3.4690 109 112 115
-12.6146 -3.2010 24.4190 87 80 61
-10.4291 -2.7595 21.0510 89 80 73
-9.9836 -2.7595 21.0510 146 119 111
-9.5380 -2.7595 21.0510 223 184 164
-9.7658 -2.9639 22.6100 144 116 97
-9.2872 -2.9639 22.6100 72 57 45
-8.2013 -2.7595 21.0510 95 87 63
-7.4971 -2.6675 20.3490 112 107 66
-7.3101 -2.7595 21.0510 80 67 54
-6.8646 -2.7595 21.0510 149 130 105
-6.6483 -2.8581 21.8030 115 112 71
-6.9291 -3.2010 24.4190 199 175 161
-6.4123 -3.2010 24.4190 118 105 92
-6.1412 -3.3345 25.4370 75 78 55
-6.4032 -3.8108 29.0710 109 105 80
-6.3971 -4.2120 32.1310 61 63 45
-7.2415 -5.3351 40.6990 92 92 70
-6.3800 -5.3351 40.6990 117 110 77
-3.9419 -3.8108 29.0710 105 105 83
-2.9107 -3.3345 25.4370 66 71 61
-2.5879 -3.6375 27.7490 106 110 82
-1.5719 -2.8581 21.8030 101 99 80
-0.4146 -1.0671 8.1400 145 137 123
-0.1997 -0.8795 6.7090 25 37 43
-0.0564 -0.8605 6.5640 28 40 44
0.0862 -0.8991 6.8590 34 48 52
0.8581 -3.3345 25.4370 119 123 100
2.7930 -6.6688 50.8730 140 139 111
3.5721 -6.1559 46.9600 254 255 249
11.2040 -8.0026 61.0480 157 148 111
10.4134 -6.6688 50.8730 151 146 103
2.4288 -1.3798 10.5260 114 115 88
1.4241 -0.7410 5.6530 60 63 66
1.4372 -0.6899 5.2630 91 99 98
1.4724 -0.6560 5.0040 110 116 116
1.4812 -0.6156 4.6960 159 159 161
1.5449 -0.6017 4.5900 147 147 149
1.5827 -0.5799 4.4240 118 124 126
1.6176 -0.5596 4.2690 115 125 128
1.6391 -0.5371 4.0970 112 118 120
1.6593 -0.5164 3.9390 122 125 126
1.6882 -0.5002 3.8160 106 108 114
1.7152 -0.4850 3.7000 107 112 117
1.7305 -0.4680 3.5700 121 121 125
-19.2528 -4.6490 35.9110 185 150 133
-12.0913 -3.0397 23.4800 81 76 56
-10.3949 -2.7253 21.0510 123 105 94
-9.9493 -2.7253 21.0510 157 130 122
-9.5037 -2.7253 21.0510 220 188 166
-9.7290 -2.9271 22.6100 216 194 170
-9.2504 -2.9271 22.6100 68 58 44
-7.8947 -2.6344 20.3490 89 81 57
-7.4639 -2.6344 20.3490 105 102 61
-7.2759 -2.7253 21.0510 82 65 51
-6.8303 -2.7253 21.0510 104 88 65
-6.6128 -2.8226 21.8030 96 93 61
-6.8894 -3.1613 24.4190 255 214 193
-6.3725 -3.1613 24.4190 93 84 75
-6.0998 -3.2931 25.4370 72 75 50
-6.3559 -3.7635 29.0710 108 107 79
-6.0275 -3.9516 30.5240 59 62 46
-6.7267 -4.9395 38.1550 89 92 69
-5.5125 -4.6490 35.9110 114 110 74
-3.6723 -3.5924 27.7490 92 92 72
-2.8279 -3.2931 25.4370 73 78 66
-2.4976 -3.5924 27.7490 106 110 82
-1.2735 -2.3949 18.4990 171 167 142
-0.3424 -0.9298 7.1820 56 53 50
-0.1759 -0.8591 6.6360 25 37 43
-0.0347 -0.8407 6.4940 29 41 45
0.1150 -0.9409 7.2680 40 54 58
1.0754 -3.7635 29.0710 139 139 115
3.2276 -7.1848 55.4980 132 133 104
3.7251 -6.0794 46.9600 254 255 249
11.2040 -7.9033 61.0480 152 146 108
9.6124 -6.0794 46.9600 144 141 100
3.5354 -2.0264 15.6530 106 109 84
1.4500 -0.7599 5.8700 63 66 69
1.4488 -0.6993 5.4020 91 97 97
1.4720 -0.6586 5.0870 109 112 113
1.4809 -0.6174 4.7690 151 151 153
1.5341 -0.5988 4.6250 147 147 149
1.5723 -0.5769 4.4560 117 125 126
1.6079 -0.5565 4.2990 118 126 127
1.6412 -0.5376 4.1530 113 120 124
1.6504 -0.5132 3.9640 122 125 128
1.6801 -0.4971 3.8400 101 103 109
1.7072 -0.4818 3.7220 114 116 122
1.7232 -0.4649 3.5910 116 119 122
1.7476 -0.4516 3.4880 89 92 95
-13.7982 -3.3930 26.5430 79 74 54
-10.4977 -2.6910 21.0510 76 69 50
-10.0521 -2.6910 21.0510 106 79 73
-9.9497 -2.7871 21.8030 251 218 203
-9.4882 -2.7871 21.8030 206 172 150
-9.3240 -2.8903 22.6100 73 60 47
-8.2356 -2.6910 21.0510 90 81 60
-7.5302 -2.6013 20.3490 81 78 46
-7.3444 -2.6910 21.0510 91 77 58
-6.8988 -2.6910 21.0510 101 91 63
-6.6838 -2.7871 21.8030 81 76 54
-6.9689 -3.1215 24.4190 113 93 73
-6.4520 -3.1215 24.4190 82 73 66
-5.9352 -3.1215 24.4190 59 62 46
-6.1572 -3.5472 27.7490 106 106 75
-5.8352 -3.7162 29.0710 85 88 63
-6.4480 -4.5906 35.9110 79 82 64
-5.6879 -4.5906 35.9110 104 99 66
-3.8078 -3.5472 27.7490 102 101 73
-2.9521 -3.2517 25.4370 81 87 68
-2.5187 -3.3930 26.5430 104 109 76
-1.6669 -2.8903 22.6100 128 128 95
-0.4336 -1.0546 8.2500 127 124 94
-0.2106 -0.8576 6.7090 24 36 42
-0.0671 -0.8391 6.5640 25 37 41
0.0734 -0.8576 6.7090 32 44 48
0.7000 -2.7871 21.8030 131 125 110
2.5017 -6.0030 46.9600 140 138 115
3.4957 -6.0030 46.9600 255 255 243
11.0052 -7.8039 61.0480 144 140 104
11.1794 -7.0944 55.4980 139 133 95
4.6860 -2.6910 21.0510 109 112 87
1.4590 -0.7651 5.9850 59 61 67
1.4442 -0.6968 5.4510 90 96 96
1.4803 -0.6614 5.1740 113 116 117
1.4887 -0.6193 4.8450 153 153 155
1.5305 -0.5957 4.6600 147 147 149
1.5694 -0.5738 4.4890 115 121 123
1.6054 -0.5535 4.3300 116 123 127
1.6455 -0.5345 4.1810 106 113 117
1.6548 -0.5100 3.9900 117 120 123
1.6843 -0.4939 3.8640 97 96 103
1.7117 -0.4787 3.7450 126 132 134
1.7173 -0.4590 3.5910 108 113 118
1.7419 -0.4459 3.4880 64 64 68
-14.4704 -3.5020 27.7490 74 67 50
-10.5320 -2.6567 21.0510 83 76 55
-10.0864 -2.6567 21.0510 165 141 127
-9.9852 -2.7516 21.8030 234 199 184
-9.5237 -2.7516 21.8030 247 206 187
-9.3977 -2.8535 22.6100 63 56 48
-8.3041 -2.6567 21.0510 81 72 53
-7.3516 -2.4853 19.6930 64 62 41
-7.4130 -2.6567 21.0510 97 92 70
-7.2163 -2.7516 21.8030 92 79 57
-6.7548 -2.7516 21.8030 73 65 51
-6.7774 -2.9633 23.4800 107 104 70
-6.5315 -3.0818 24.4190 103 86 68
-6.0147 -3.0818 24.4190 48 56 43
-6.2475 -3.5020 27.7490 112 112 81
-5.9299 -3.6689 29.0710 87 88 61
-6.2003 -4.2803 33.9160 72 75 54
-5.8049 -4.5321 35.9110 104 106 70
-3.8982 -3.5020 27.7490 107 106 80
-3.0350 -3.2103 25.4370 91 94 71
-2.4966 -3.2103 25.4370 96 97 68
-1.8798 -3.0818 24.4190 95 100 67
-0.5163 -1.1674 9.2500 115 115 82
-0.2350 -0.8560 6.7830 25 37 43
-0.0885 -0.8284 6.5640 25 37 41
0.0516 -0.8467 6.7090 31 43 47
0.4892 -2.1402 16.9580 202 196 181
2.4253 -5.9265 46.9600 196 191 171
3.4192 -5.9265 46.9600 189 186 172
10.9058 -7.7045 61.0480 136 133 103
10.1649 -6.4204 50.8730 133 129 93
4.6518 -2.6567 21.0510 103 107 82
1.5083 -0.7861 6.2290 54 59 64
1.4353 -0.6879 5.4510 97 103 103
1.4719 -0.6530 5.1740 115 118 119
1.4927 -0.6164 4.8840 155 155 157
1.5229 -0.5881 4.6600 146 146 148
1.5621 -0.5665 4.4890 113 121 122
1.5984 -0.5465 4.3300 117 124 128
1.6432 -0.5313 4.2100 106 113 117
1.6418 -0.5036 3.9900 116 119 122
1.6717 -0.4877 3.8640 96 96 100
1.7099 -0.4755 3.7680 128 134 136
1.7056 -0.4532 3.5910 108 114 116
1.7305 -0.4402 3.4880 61 60 62
-15.2544 -3.6216 29.0710 80 68 50
-10.6005 -2.6225 21.0510 75 67 43
-10.1549 -2.6225 21.0510 165 141 125
-10.0562 -2.7161 21.8030 151 120 118
-9.5947 -2.7161 21.8030 242 201 182
-9.8357 -2.9250 23.4800 95 96 85
-8.3726 -2.6225 21.0510 112 100 82
-7.4157 -2.4533 19.6930 67 60 41
-7.2320 -2.5350 20.3490 77 75 52
-7.2873 -2.7161 21.8030 143 120 99
-6.5904 -2.6225 21.0510 84 80 69
-6.8538 -2.9250 23.4800 104 98 62
-6.3568 -2.9250 23.4800 197 170 144
-5.8598 -2.9250 23.4800 53 58 46
-6.0625 -3.3066 26.5430 97 95 72
-5.9772 -3.6216 29.0710 83 83 59
-5.9263 -4.0028 32.1310 77 81 53
-5.8633 -4.4737 35.9110 99 101 69
-3.9434 -3.4569 27.7490 78 78 56
-3.0764 -3.1688 25.4370 90 94 66
-2.5380 -3.1688 25.4370 85 89 61
-1.9996 -3.1688 25.4370 90 95 67
-0.5944 -1.2890 10.3470 105 107 73
-0.2461 -0.8450 6.7830 26 38 42
-0.0992 -0.8177 6.5640 25 37 41
0.0402 -0.8267 6.6360 38 50 54
0.3777 -1.7285 13.8750 194 186 174
2.1100 -5.4323 43.6060 168 164 139
3.5385 -6.3376 50.8730 142 142 118
11.0052 -7.6051 61.0480 139 136 106
10.2477 -6.3376 50.8730 123 123 90
4.6860 -2.6225 21.0510 104 108 83
1.4590 -0.7456 5.9850 45 55 58
1.4442 -0.6791 5.4510 103 106 107
1.4803 -0.6446 5.1740 126 129 130
1.5007 -0.6084 4.8840 160 160 162
1.5305 -0.5805 4.6600 131 134 135
1.5694 -0.5592 4.4890 111 121 124
1.6054 -0.5394 4.3300 114 121 125
1.6500 -0.5245 4.2100 129 135 137
1.6483 -0.4971 3.9900 110 113 116
1.6780 -0.4814 3.8640 105 105 109
1.7161 -0.4694 3.7680 122 125 128
1.7115 -0.4474 3.5910 100 106 108
1.7362 -0.4345 3.4880 62 58 61
-13.8847 -3.2634 26.5430 72 65 48
-10.5662 -2.5882 21.0510 88 78 48
-10.1207 -2.5882 21.0510 148 124 110
-9.9852 -2.6806 21.8030 230 195 180
-9.5237 -2.6806 21.8030 248 209 189
-9.3977 -2.7799 22.6100 71 68 54
-8.0272 -2.5019 20.3490 100 87 63
-7.3516 -2.4212 19.6930 64 62 43
-7.4130 -2.5882 21.0510 76 74 53
-7.2163 -2.6806 21.8030 167 148 123
-6.7548 -2.6806 21.8030 68 62 49
-6.7774 -2.8868 23.4800 102 93 58
-6.2804 -2.8868 23.4800 131 118 94
-5.5691 -2.7799 22.6100 49 54 40
-5.9760 -3.2634 26.5430 101 100 72
-5.6602 -3.4117 27.7490 75 78 55
-5.8739 -3.9505 32.1310 76 80 50
-5.1938 -3.9505 32.1310 92 96 66
-3.7288 -3.2634 26.5430 83 85 67
-3.0350 -3.1274 25.4370 96 101 71
-2.4966 -3.1274 25.4370 81 84 61
-1.8798 -3.0023 24.4190 96 101 71
-0.5242 -1.1547 9.3920 105 107 73
-0.2350 -0.8340 6.7830 24 36 40
-0.0885 -0.8070 6.5640 25 37 39
0.0516 -0.8249 6.7090 31 43 47
0.4892 -2.0850 16.9580 202 191 182
2.3488 -5.7737 46.9600 214 212 189
3.9505 -6.8234 55.4980 133 137 109
10.8179 -6.8234 55.4980 114 116 84
6.5960 -3.7529 30.5240 86 92 73
1.6314 -0.8340 6.7830 116 125 116
1.4523 -0.6824 5.5500 102 110 109
1.4886 -0.6471 5.2630 128 131 134
1.5213 -0.6152 5.0040 158 158 160
1.5387 -0.5818 4.7320 129 132 133
1.5621 -0.5519 4.4890 111 119 120
1.5984 -0.5324 4.3300 113 120 124
1.6432 -0.5176 4.2100 120 126 126
1.6418 -0.4906 3.9900 102 105 108
1.6717 -0.4751 3.8640 117 117 121
1.7099 -0.4633 3.7680 116 119 122
1.7056 -0.4415 3.5910 99 102 105
1.7211 -0.4265 3.4690 65 61 62
-14.5607 -3.3665 27.7490 91 79 59
-10.6005 -2.5539 21.0510 100 90 58
-10.1549 -2.5539 21.0510 125 106 91
-10.0562 -2.6452 21.8030 180 153 145
-9.5947 -2.6452 21.8030 254 215 195
-9.4713 -2.7431 22.6100 85 87 71
-8.0934 -2.4688 20.3490 120 107 85
-7.4157 -2.3892 19.6930 69 59 45
-7.4815 -2.5539 21.0510 76 74 51
-7.2873 -2.6452 21.8030 170 147 126
-6.8258 -2.6452 21.8030 58 54 45
-6.8538 -2.8486 23.4800 109 99 60
-6.3568 -2.8486 23.4800 215 193 165
-5.6427 -2.7431 22.6100 54 56 45
-5.8098 -3.0860 25.4370 94 94 70
-5.7506 -3.3665 27.7490 68 72 49
-5.9786 -3.8981 32.1310 80 82 50
-5.5928 -4.1147 33.9160 83 87 57
-3.9885 -3.3665 27.7490 64 67 51
-3.1178 -3.0860 25.4370 85 88 63
-2.5794 -3.0860 25.4370 69 72 56
-1.9593 -2.9625 24.4190 85 88 63
-0.7071 -1.4522 11.9700 91 95 67
-0.2571 -0.8229 6.7830 26 38 42
-0.1099 -0.7963 6.5640 24 36 40
0.0402 -0.8051 6.6360 36 48 50
0.3693 -1.6458 13.5660 201 190 181
1.9694 -4.9376 40.6990 136 136 105
3.8602 -6.7330 55.4980 133 137 112
11.8004 -7.4064 61.0480 103 107 79
7.7016 -4.3567 35.9110 69 77 62
1.7981 -0.9258 7.6310 86 91 77
1.4517 -0.6858 5.6530 103 109 109
1.4757 -0.6441 5.3090 122 128 130
1.5217 -0.6172 5.0870 159 159 161
1.5275 -0.5786 4.7690 129 129 131
1.5557 -0.5527 4.5560 110 118 119
1.5927 -0.5328 4.3920 110 120 123
1.6384 -0.5179 4.2690 121 127 127
1.6482 -0.4938 4.0700 103 109 111
1.6674 -0.4747 3.9130 114 117 120
1.7176 -0.4659 3.8400 117 117 119
1.7024 -0.4409 3.6340 87 87 91
1.7181 -0.4257 3.5090 58 54 57
-15.4437 -3.4796 29.0710 151 127 102
-10.7376 -2.5197 21.0510 72 53 40
-10.2920 -2.5197 21.0510 69 66 52
-10.1982 -2.6097 21.8030 119 95 81
-9.7367 -2.6097 21.8030 134 100 88
-9.6185 -2.7063 22.6100 84 81 67
-8.5097 -2.5197 21.0510 94 87 68
-7.3084 -2.2835 19.0780 64 57 49
-7.3645 -2.4356 20.3490 93 93 60
-7.4293 -2.6097 21.8030 115 96 83
-6.7275 -2.5197 21.0510 49 45 36
-6.5063 -2.6097 21.8030 107 98 63
-6.5098 -2.8104 23.4800 116 100 68
-5.7900 -2.7063 22.6100 76 75 60
-5.6966 -2.9228 24.4190 77 78 51
-5.6303 -3.1770 26.5430 67 69 51
-5.5512 -3.4796 29.0710 92 94 60
-5.7585 -4.0595 33.9160 84 88 63
-3.9448 -3.1770 26.5430 67 70 52
-3.2421 -3.0446 25.4370 65 68 52
-2.7036 -3.0446 25.4370 65 71 54
-2.0786 -2.9228 24.4190 76 75 58
-0.8874 -1.6607 13.8750 84 87 62
-0.3003 -0.8399 7.0170 37 37 37
-0.1419 -0.7857 6.5640 24 36 40
-0.0030 -0.7857 6.5640 29 41 43
0.1859 -1.0746 8.9780 254 255 247
1.4203 -4.0595 33.9160 173 161 145
3.2072 -6.0891 50.8730 140 145 117
11.5022 -7.3070 61.0480 96 96 74
9.1389 -5.2193 43.6060 65 73 58
2.4713 -1.2819 10.7100 72 77 63
1.4372 -0.6828 5.7050 90 96 94
1.4623 -0.6410 5.3550 118 124 124
1.4968 -0.6089 5.0870 145 148 149
1.5162 -0.5754 4.8070 129 129 131
1.5449 -0.5494 4.5900 111 119 120
1.5712 -0.5257 4.3920 110 121 121
1.6176 -0.5110 4.2690 122 125 128
1.6391 -0.4904 4.0970 98 104 106
1.6483 -0.4684 3.9130 120 123 126
1.7095 -0.4625 3.8640 113 116 119
1.6948 -0.4376 3.6560 63 62 66
1.7106 -0.4224 3.5290 40 38 47
-14.8770 -3.2762 27.7490 120 101 72
-11.2277 -2.5742 21.8030 63 63 43
-10.0482 -2.4025 20.3490 69 66 52
-10.2692 -2.5742 21.8030 139 118 103
-9.8077 -2.5742 21.8030 255 222 196
-9.6922 -2.6694 22.6100 125 109 88
-8.5783 -2.4854 21.0510 72 74 58
-7.1468 -2.1841 18.4990 54 54 58
-7.1913 -2.3251 19.6930 84 82 61
-7.5003 -2.5742 21.8030 88 79 60
-7.0388 -2.5742 21.8030 54 50 39
-6.5773 -2.5742 21.8030 86 79 50
-6.3422 -2.6694 22.6100 101 92 57
-5.8636 -2.6694 22.6100 85 80 62
-5.5922 -2.7722 23.4800 87 86 60
-5.7599 -3.1338 26.5430 60 66 47
-5.4343 -3.2762 27.7490 84 84 60
-5.9242 -4.0043 33.9160 60 62 44
-4.2596 -3.2762 27.7490 62 66 45
-3.3663 -3.0032 25.4370 64 67 49
-2.8279 -3.0032 25.4370 60 66 49
-2.1979 -2.8830 24.4190 84 82 70
-1.2735 -2.1841 18.4990 72 75 59
-0.3387 -0.8684 7.3550 72 64 52
-0.1633 -0.7750 6.5640 24 34 39
-0.0244 -0.7750 6.5640 26 38 40
0.1421 -0.9610 8.1400 255 255 241
1.2409 -3.7935 32.1310 199 191 167
2.8076 -5.5443 46.9600 122 125 100
11.3034 -7.2076 61.0480 92 95 74
8.9969 -5.1483 43.6060 67 75 62
2.9548 -1.5335 12.9890 66 71 59
1.4738 -0.6998 5.9270 73 79 81
1.4708 -0.6436 5.4510 121 127 127
1.5056 -0.6109 5.1740 142 145 146
1.5367 -0.5812 4.9230 129 129 131
1.5374 -0.5419 4.5900 112 118 120
1.5754 -0.5223 4.4240 109 117 118
1.6219 -0.5076 4.2990 117 120 123
1.6436 -0.4870 4.1250 94 97 100
1.6529 -0.4651 3.9390 131 134 137
1.7032 -0.4562 3.8640 108 114 116
1.6889 -0.4316 3.6560 66 60 64
1.7049 -0.4167 3.5290 40 38 47
1.7201 -0.4027 3.4110 67 65 57
-11.6801 -2.6326 22.6100 62 61 44
-10.0813 -2.3694 20.3490 66 63 49
-10.3402 -2.5387 21.8030 101 80 77
-9.8787 -2.5387 21.8030 199 163 142
-9.7658 -2.6326 22.6100 243 208 180
-8.6468 -2.4511 21.0510 56 57 46
-7.4326 -2.2214 19.0780 81 105 133
-7.0288 -2.2214 19.0780 70 69 54
-7.5713 -2.5387 21.8030 90 81 64
-7.1098 -2.5387 21.8030 93 84 63
-6.4190 -2.4511 21.0510 60 59 42
-6.4158 -2.6326 22.6100 104 96 56
-5.7253 -2.5387 21.8030 92 90 69
-5.4587 -2.6326 22.6100 75 78 55
-5.6028 -2.9618 25.4370 69 72 56
-5.2846 -3.0906 26.5430 71 71 51
-5.7170 -3.7412 32.1310 68 71 46
-4.3500 -3.2310 27.7490 78 76 55
-3.4491 -2.9618 25.4370 71 75 54
-2.9107 -2.9618 25.4370 60 63 47
-2.2774 -2.8433 24.4190 197 198 187
-1.4671 -2.3694 20.3490 65 66 55
-0.3909 -0.9231 7.9280 79 77 58
-0.1867 -0.7727 6.6360 24 34 39
-0.0457 -0.7643 6.5640 25 35 38
0.1178 -0.8669 7.4450 216 205 209
1.0265 -3.2310 27.7490 255 254 230
2.3670 -4.7389 40.6990 113 117 89
4.8426 -7.1082 61.0480 254 255 251
11.3034 -7.1082 61.0480 80 86 69
8.3971 -4.7389 40.6990 67 75 64
3.1564 -1.6156 13.8750 73 74 61
1.4551 -0.6770 5.8140 85 93 94
1.4664 -0.6290 5.4020 138 144 146
1.5011 -0.5973 5.1300 138 138 140
1.5083 -0.5597 4.8070 123 123 127
1.5374 -0.5344 4.5900 113 119 121
1.5754 -0.5151 4.4240 103 111 112
1.6106 -0.4971 4.2690 112 118 120
1.6324 -0.4770 4.0970 95 98 101
1.6419 -0.4556 3.9130 129 132 133
1.7032 -0.4499 3.8640 101 104 107
1.6889 -0.4257 3.6560 65 59 63
1.7049 -0.4109 3.5290 39 37 44
1.7201 -0.3972 3.4110 46 42 43
-11.2632 -2.5032 21.8030 56 53 39
-10.0813 -2.3363 20.3490 68 64 53
-10.3402 -2.5032 21.8030 92 69 66
-9.8787 -2.5032 21.8030 240 201 181
-9.7658 -2.5958 22.6100 252 214 187
-8.3585 -2.3363 20.3490 53 53 47
-7.2070 -2.1239 18.4990 104 148 182
-7.0288 -2.1903 19.0780 64 66 57
-7.5713 -2.5032 21.8030 82 72 60
-7.1098 -2.5032 21.8030 118 112 86
-6.4190 -2.4168 21.0510 57 53 42
-6.1868 -2.5032 21.8030 114 106 62
-5.7253 -2.5032 21.8030 83 80 66
-5.4218 -2.5958 22.6100 92 97 64
-5.5613 -2.9204 25.4370 58 60 47
-5.2413 -3.0474 26.5430 75 75 51
-5.3814 -3.5044 30.5240 73 77 49
-4.1177 -3.0474 26.5430 65 66 39
-3.4077 -2.9204 25.4370 70 73 50
-2.8693 -2.9204 25.4370 58 60 47
-2.2376 -2.8035 24.4190 88 81 71
-1.3877 -2.2609 19.6930 74 73 56
-0.3909 -0.9102 7.9280 82 77 57
-0.1847 -0.7536 6.5640 24 34 37
-0.0457 -0.7536 6.5640 25 35 38
0.1044 -0.8444 7.3550 107 95 95
0.8635 -2.8035 24.4190 210 211 198
2.1569 -4.3805 38.1550 110 113 88
4.7432 -7.0089 61.0480 254 255 247
11.2040 -7.0089 61.0480 72 80 69
8.3308 -4.6726 40.6990 60 68 57
4.1782 -2.1239 18.4990 103 103 83
1.4425 -0.6490 5.6530 108 114 116
1.4798 -0.6148 5.3550 147 150 151
1.5009 -0.5792 5.0450 137 140 141
1.5197 -0.5475 4.7690 116 119 122
1.5483 -0.5231 4.5560 113 121 122
1.5855 -0.5042 4.3920 117 125 126
1.6200 -0.4867 4.2390 99 102 105
1.6307 -0.4642 4.0430 124 127 130
1.6611 -0.4492 3.9130 109 117 118
1.7113 -0.4409 3.8400 63 61 68
1.6764 -0.4123 3.5910 69 63 65
1.7021 -0.4005 3.4880 54 53 55
-13.0122 -2.7638 24.4190 92 84 58
-10.7719 -2.3826 21.0510 49 45 34
-10.2920 -2.3826 21.0510 86 78 54
-10.1982 -2.4677 21.8030 157 133 119
-9.7367 -2.4677 21.8030 120 89 80
-9.2752 -2.4677 21.8030 83 76 70
-7.9608 -2.2289 19.6930 129 155 182
-7.0866 -2.0937 18.4990 109 156 194
-7.1271 -2.2289 19.6930 101 98 84
-7.4293 -2.4677 21.8030 110 101 82
-6.7275 -2.3826 21.0510 71 69 61
-6.2819 -2.3826 21.0510 100 98 61
-6.0448 -2.4677 21.8030 119 110 73
-5.3907 -2.3826 21.0510 87 113 129
-5.5158 -2.6575 23.4800 94 99 64
-5.4371 -2.8790 25.4370 50 55 41
-5.1117 -3.0042 26.5430 84 85 56
-5.2323 -3.4547 30.5240 60 60 38
-3.8219 -2.8790 25.4370 78 78 47
-3.2835 -2.8790 25.4370 90 89 63
-2.7451 -2.8790 25.4370 69 69 49
-2.1183 -2.7638 24.4190 117 103 86
-1.0536 -1.8183 16.0650 83 81 60
-0.3153 -0.8035 7.0990 46 46 42
-0.1526 -0.7429 6.5640 24 34 37
-0.0137 -0.7429 6.5640 25 37 39
0.1713 -1.0161 8.9780 168 157 150
1.1168 -3.1407 27.7490 108 108 86
2.3433 -4.3184 38.1550 113 117 89
4.5831 -6.2813 55.4980 218 219 210
6.2095 -6.2813 55.4980 252 255 247
8.8396 -5.7579 50.8730 103 102 85
8.4999 -4.9354 43.6060 62 70 59
6.5960 -3.4547 30.5240 58 63 53
2.0117 -0.9597 8.4790 84 85 74
1.4433 -0.6282 5.5500 115 121 123
1.4801 -0.5957 5.2630 139 138 140
1.5007 -0.5617 4.9630 124 127 130
1.5194 -0.5315 4.6960 114 120 122
1.5474 -0.5081 4.4890 109 117 118
1.5956 -0.4936 4.3610 105 113 114
1.6183 -0.4732 4.1810 99 102 105
1.6182 -0.4487 3.9640 127 130 133
1.6694 -0.4400 3.8880 95 98 101
1.6977 -0.4265 3.7680 62 62 64
1.6647 -0.3994 3.5290 53 50 47
1.7098 -0.3926 3.4690 38 37 39
-12.8929 -2.7240 24.4190 75 74 48
-10.6691 -2.3483 21.0510 49 47 35
-10.2235 -2.3483 21.0510 107 95 77
-10.1272 -2.4322 21.8030 159 135 121
-9.6657 -2.4322 21.8030 224 186 179
-9.2042 -2.4322 21.8030 104 97 89
-7.6501 -2.1282 19.0780 105 146 179
-6.8197 -2.0029 17.9550 102 157 194
-7.2983 -2.2700 20.3490 136 127 118
-7.3583 -2.4322 21.8030 98 91 72
-6.6589 -2.3483 21.0510 120 117 103
-6.2133 -2.3483 21.0510 99 96 62
-5.7678 -2.3483 21.0510 111 111 91
-5.3222 -2.3483 21.0510 123 158 187
-5.4393 -2.6193 23.4800 92 94 62
-5.3543 -2.8376 25.4370 72 74 56
-5.0253 -2.9610 26.5430 80 81 52
-4.8885 -3.2430 29.0710 68 64 37
-3.7390 -2.8376 25.4370 112 107 76
-3.2006 -2.8376 25.4370 92 88 61
-2.5557 -2.7240 24.4190 93 94 65
-1.9222 -2.6193 23.4800 110 101 84
-0.7266 -1.3353 11.9700 108 109 71
-0.2682 -0.7567 6.7830 27 35 36
-0.1206 -0.7322 6.5640 23 33 36
0.0184 -0.7322 6.5640 38 48 51
0.2761 -1.2850 11.5190 159 160 149
1.2524 -3.0955 27.7490 105 109 81
2.3809 -4.0060 35.9110 127 132 99
4.4496 -5.6751 50.8730 205 203 195
5.1013 -5.2386 46.9600 251 255 248
7.9239 -6.8101 61.0480 254 255 247
7.4349 -4.8644 43.6060 148 147 130
7.3131 -4.2563 38.1550 61 68 60
6.8386 -3.5843 32.1310 63 64 53
2.3040 -1.0984 9.8460 84 81 67
1.4425 -0.6306 5.6530 113 119 121
1.4798 -0.5974 5.3550 142 138 139
1.4887 -0.5582 5.0040 123 126 129
1.5197 -0.5320 4.7690 117 122 127
1.5483 -0.5082 4.5560 119 127 128
1.5855 -0.4899 4.3920 107 115 116
1.6089 -0.4696 4.2100 102 105 108
1.6198 -0.4480 4.0160 117 123 123
1.6504 -0.4337 3.8880 82 85 88
1.7007 -0.4257 3.8160 66 65 67
1.6666 -0.3982 3.5700 74 71 66
1.7021 -0.3891 3.4880 40 40 42
-12.5118 -2.5811 23.4800 79 79 55
-10.7719 -2.3140 21.0510 61 57 46
-10.3263 -2.3140 21.0510 84 72 54
-10.2337 -2.3967 21.8030 162 141 128
-9.7722 -2.3967 21.8030 227 192 177
-9.3107 -2.3967 21.8030 108 85 66
-7.9608 -2.1648 19.6930 109 153 185
-6.8782 -1.9737 17.9550 100 154 194
-7.1271 -2.1648 19.6930 94 129 158
-7.4293 -2.3967 21.8030 95 88 82
-6.7275 -2.3140 21.0510 65 63 53
-6.0724 -2.2369 20.3490 98 100 68
-5.8363 -2.3140 21.0510 83 90 84
-5.2110 -2.2369 20.3490 95 132 164
-5.1218 -2.3967 21.8030 90 96 63
-5.2195 -2.6843 24.4190 55 58 42
-4.8987 -2.7962 25.4370 76 77 48
-4.9832 -3.1956 29.0710 100 98 61
-3.8219 -2.7962 25.4370 102 98 60
-3.1521 -2.6843 24.4190 90 86 61
-2.6352 -2.6843 24.4190 93 88 55
-2.0369 -2.5811 23.4800 109 101 75
-1.0536 -1.7660 16.0650 97 95 72
-0.3073 -0.7895 7.1820 33 33 29
-0.1419 -0.7216 6.5640 24 34 37
-0.0030 -0.7216 6.5640 27 37 40
0.1832 -0.9726 8.8480 124 123 108
1.1115 -2.9178 26.5430 108 111 86
2.1381 -3.7282 33.9160 109 114 84
3.9544 -5.1621 46.9600 158 154 145
4.9484 -5.1621 46.9600 179 179 175
7.0228 -6.1007 55.4980 254 245 240
7.8539 -5.1621 46.9600 165 160 142
7.6682 -4.4739 40.6990 61 68 62
7.1081 -3.7282 33.9160 147 148 121
2.6579 -1.2662 11.5190 77 78 65
1.4508 -0.6331 5.7590 115 121 123
1.4623 -0.5887 5.3550 141 137 138
1.4845 -0.5546 5.0450 120 125 130
1.5120 -0.5242 4.7690 115 121 123
1.5524 -0.5046 4.5900 137 145 146
1.5899 -0.4863 4.4240 103 109 111
1.6021 -0.4628 4.2100 110 116 118
1.6241 -0.4444 4.0430 115 121 121
1.6547 -0.4301 3.9130 64 67 68
1.7051 -0.4221 3.8400 69 68 68
1.6705 -0.3947 3.5910 65 66 57
1.6965 -0.3834 3.4880 41 41 43
-12.5500 -2.5428 23.4800 67 70 49
-10.8062 -2.2798 21.0510 67 60 50
-10.3606 -2.2798 21.0510 79 73 58
-10.2692 -2.3612 21.8030 133 114 97
-9.8077 -2.3612 21.8030 248 207 186
-9.3462 -2.3612 21.8030 207 186 169
-8.0249 -2.1327 19.6930 110 155 184
-6.9366 -1.9445 17.9550 96 147 188
-6.9667 -2.0661 19.0780 98 156 195
-7.5003 -2.3612 21.8030 64 74 90
-6.7960 -2.2798 21.0510 64 65 61
-6.1387 -2.2038 20.3490 67 70 69
-5.9049 -2.2798 21.0510 111 135 145
-5.2772 -2.2038 20.3490 88 134 168
-5.0137 -2.2798 21.0510 92 102 77
-5.2990 -2.6445 24.4190 54 56 45
-4.9815 -2.7548 25.4370 87 87 52
-5.0779 -3.1483 29.0710 101 100 58
-3.9047 -2.7548 25.4370 102 100 63
-3.2316 -2.6445 24.4190 80 82 50
-2.7147 -2.6445 24.4190 107 104 63
-2.1133 -2.5428 23.4800 117 112 79
-1.2360 -1.9445 17.9550 71 69 50
-0.3593 -0.8162 7.5370 80 75 55
-0.1633 -0.7109 6.5640 23 33 36
-0.0244 -0.7109 6.5640 25 35 38
0.1384 -0.8586 7.9280 142 134 122
0.9068 -2.5428 23.4800 103 102 87
1.7380 -3.1483 29.0710 95 102 76
3.0887 -4.1321 38.1550 204 202 190
4.4530 -4.7224 43.6060 191 186 182
5.0176 -4.4076 40.6990 173 163 163
6.7834 -5.0857 46.9600 194 195 191
6.3191 -4.1321 38.1550 203 197 184
6.3350 -3.6730 33.9160 58 65 57
6.6816 -3.4797 32.1310 128 124 99
3.1790 -1.5026 13.8750 77 78 69
1.4551 -0.6296 5.8140 131 137 139
1.4536 -0.5799 5.3550 131 127 128
1.4762 -0.5464 5.0450 115 120 125
1.4964 -0.5165 4.7690 114 120 122
1.5374 -0.4971 4.5900 124 132 133
1.5754 -0.4791 4.4240 94 100 102
1.5993 -0.4591 4.2390 122 128 130
1.6217 -0.4408 4.0700 112 115 118
1.6419 -0.4238 3.9130 62 62 64
1.7032 -0.4185 3.8640 74 74 70
1.6787 -0.3936 3.6340 52 51 51
1.6952 -0.3800 3.5090 31 31 33
1.7201 -0.3694 3.4110 23 26 27
-11.2632 -2.3257 21.8030 54 50 43
-10.4291 -2.2455 21.0510 76 77 64
-10.3402 -2.3257 21.8030 98 80 71
-9.8787 -2.3257 21.8030 161 130 117
-9.4172 -2.3257 21.8030 250 211 189
-8.0890 -2.1007 19.6930 108 155 184
-6.9951 -1.9153 17.9550 88 146 185
-6.7854 -1.9733 18.4990 98 159 197
-7.5358 -2.3257 21.8030 107 148 181
-6.8303 -2.2455 21.0510 65 84 102
-6.1718 -2.1706 20.3490 70 93 110
-5.7411 -2.1706 20.3490 100 140 167
-5.3104 -2.1706 20.3490 86 134 169
-4.8797 -2.1706 20.3490 85 101 92
-5.1335 -2.5046 23.4800 52 53 47
-5.0229 -2.7134 25.4370 93 94 56
-4.8921 -2.9600 27.7490 95 96 58
-3.9461 -2.7134 25.4370 86 86 53
-3.2713 -2.6048 24.4190 86 88 54
-2.7545 -2.6048 24.4190 103 100 57
-2.1516 -2.5046 23.4800 107 104 63
-1.3444 -2.0351 19.0780 68 67 50
-0.4067 -0.8800 8.2500 92 93 55
-0.1847 -0.7002 6.5640 23 33 36
-0.0457 -0.7002 6.5640 24 34 37
0.1020 -0.7661 7.1820 101 87 83
0.7444 -2.2455 21.0510 149 153 146
1.4379 -2.7134 25.4370 86 95 75
2.3716 -3.2560 30.5240 161 162 153
3.5502 -3.8306 35.9110 161 157 150
4.0709 -3.6178 33.9160 162 158 151
4.7888 -3.6178 33.9160 177 174 171
6.1949 -4.0700 38.1550 135 131 122
6.5907 -3.8306 35.9110 56 60 55
6.5770 -3.4274 32.1310 107 98 89
3.8301 -1.8089 16.9580 81 82 71
1.4930 -0.6447 6.0440 117 124 128
1.4488 -0.5762 5.4020 140 134 136
1.4720 -0.5426 5.0870 115 120 127
1.4927 -0.5128 4.8070 114 120 122
1.5341 -0.4933 4.6250 112 120 119
1.5796 -0.4753 4.4560 93 99 101
1.6037 -0.4554 4.2690 129 135 135
1.6258 -0.4370 4.0970 109 112 115
1.6464 -0.4202 3.9390 63 62 62
1.6969 -0.4122 3.8640 77 78 74
1.6930 -0.3923 3.6780 39 38 40
1.6895 -0.3743 3.5090 29 29 31
1.7241 -0.3659 3.4300 22 25 26
-11.2987 -2.2902 21.8030 50 48 40
-10.4634 -2.2112 21.0510 71 67 60
-10.3757 -2.2902 21.8030 85 70 60
-9.9142 -2.2902 21.8030 237 207 191
-9.4527 -2.2902 21.8030 248 212 191
-8.1211 -2.0686 19.6930 108 156 189
-7.0243 -1.8860 17.9550 97 155 194
-6.6443 -1.8860 17.9550 97 158 198
-7.3444 -2.2112 21.0510 99 150 191
-6.8988 -2.2112 21.0510 105 149 181
-6.0370 -2.0686 19.6930 107 139 171
-5.6201 -2.0686 19.6930 92 140 175
-5.3766 -2.1375 20.3490 85 135 174
-4.9459 -2.1375 20.3490 148 190 218
-5.2099 -2.4664 23.4800 62 60 48
-5.1058 -2.6720 25.4370 100 103 62
-4.9825 -2.9148 27.7490 66 69 44
-4.2041 -2.7881 26.5430 75 76 47
-3.3509 -2.5650 24.4190 75 79 51
-2.8340 -2.5650 24.4190 108 105 60
-2.2280 -2.4664 23.4800 107 103 51
-1.5002 -2.1375 20.3490 68 67 52
-0.4789 -0.9571 9.1120 90 90 55
-0.2083 -0.6971 6.6360 24 31 35
-0.0671 -0.6895 6.5640 24 34 37
0.0853 -0.7125 6.7830 85 77 74
0.7102 -2.2112 21.0510 110 118 119
1.3965 -2.6720 25.4370 117 130 117
2.3219 -3.2063 30.5240 166 170 165
3.4918 -3.7722 35.9110 192 190 182
4.0157 -3.5626 33.9160 187 187 181
4.7335 -3.5626 33.9160 178 178 178
4.9062 -3.2063 30.5240 122 123 117
5.5523 -3.2063 30.5240 107 116 109
5.9033 -3.0537 29.0710 92 92 86
3.6996 -1.7331 16.4990 80 81 75
1.5445 -0.6611 6.2940 119 127 128
1.4400 -0.5674 5.4020 113 110 107
1.4761 -0.5389 5.1300 113 118 125
1.4966 -0.5089 4.8450 112 117 122
1.5381 -0.4895 4.6600 113 121 120
1.5767 -0.4715 4.4890 91 96 101
1.6009 -0.4516 4.2990 133 136 137
1.6124 -0.4304 4.0970 101 107 107
1.6336 -0.4138 3.9390 63 62 62
1.6948 -0.4084 3.8880 77 78 72
1.6911 -0.3887 3.7000 33 33 37
1.6781 -0.3686 3.5090 32 32 34
1.7129 -0.3603 3.4300 19 25 25
-11.7905 -2.3382 22.6100 65 66 55
-10.9082 -2.2547 21.8030 63 61 53
-10.4467 -2.2547 21.8030 101 87 81
-9.9852 -2.2547 21.8030 211 181 165
-9.5237 -2.2547 21.8030 209 178 169
-8.1852 -2.0365 19.6930 111 157 189
-7.2974 -1.9131 18.4990 97 155 194
-6.7028 -1.8568 17.9550 101 159 200
-7.1658 -2.1044 20.3490 98 156 195
-6.9331 -2.1770 21.0510 97 147 186
-6.0690 -2.0365 19.6930 100 146 182
-5.6522 -2.0365 19.6930 90 142 180
-5.4098 -2.1044 20.3490 83 135 173
-4.8185 -2.0365 19.6930 75 131 171
-4.8733 -2.2547 21.8030 77 76 59
-4.9412 -2.5253 24.4190 85 90 53
-5.0277 -2.8696 27.7490 55 57 39
-4.2474 -2.7449 26.5430 76 80 52
-3.3906 -2.5253 24.4190 64 68 43
-2.7633 -2.4282 23.4800 108 106 58
-2.2663 -2.4282 23.4800 124 121 66
-1.5334 -2.1044 20.3490 70 66 55
-0.5423 -1.0350 10.0080 88 85 51
-0.2191 -0.6863 6.6360 24 31 35
-0.0778 -0.6788 6.5640 23 33 36
0.0625 -0.6938 6.7090 56 62 62
0.4430 -1.5031 14.5350 186 194 183
1.1677 -2.3382 22.6100 160 178 172
1.9326 -2.7449 26.5430 156 169 166
2.8686 -3.1566 30.5240 186 189 188
3.5147 -3.1566 30.5240 149 157 158
3.4673 -2.6306 25.4370 157 164 168
4.0057 -2.6306 25.4370 153 164 162
4.9572 -2.8696 27.7490 149 166 169
5.3035 -2.7449 26.5430 159 167 164
3.9676 -1.8568 17.9550 124 129 136
1.6069 -0.6863 6.6360 134 142 139
1.4224 -0.5586 5.4020 117 113 116
1.4594 -0.5305 5.1300 114 121 125
1.4927 -0.5051 4.8840 107 114 118
1.5347 -0.4856 4.6960 112 118 120
1.5621 -0.4642 4.4890 94 99 104
1.5939 -0.4446 4.2990 116 119 120
1.6058 -0.4237 4.0970 86 89 90
1.6272 -0.4073 3.9390 65 64 64
1.6884 -0.4021 3.8880 66 67 63
1.6951 -0.3849 3.7220 28 31 34
1.6819 -0.3649 3.5290 24 27 28
1.7168 -0.3567 3.4490 18 24 24
-11.8273 -2.3014 22.6100 73 74 63
-10.9437 -2.2193 21.8030 64 62 54
-10.4822 -2.2193 21.8030 83 69 63
-10.0207 -2.2193 21.8030 161 136 129
-9.5592 -2.2193 21.8030 168 137 124
-8.2173 -2.0045 19.6930 113 159 191
-7.3275 -1.8829 18.4990 97 155 194
-6.7320 -1.8276 17.9550 87 143 185
-6.9668 -2.0045 19.6930 100 158 197
-7.0017 -2.1427 21.0510 95 149 189
-6.1332 -2.0045 19.6930 95 147 185
-5.7163 -2.0045 19.6930 88 143 180
-5.2995 -2.0045 19.6930 82 136 176
-4.7302 -1.9419 19.0780 85 141 183
-4.7738 -2.1427 21.0510 84 88 60
-4.8276 -2.3899 23.4800 88 93 58
-4.8956 -2.7017 26.5430 49 55 36
-4.5307 -2.8245 27.7490 62 61 44
-3.4701 -2.4855 24.4190 58 62 41
-2.8397 -2.3899 23.4800 105 103 53
-2.3427 -2.3899 23.4800 107 106 51
-1.7139 -2.2193 21.8030 68 66 45
-0.6494 -1.1507 11.3050 84 83 57
-0.2434 -0.6829 6.7090 25 32 36
-0.0981 -0.6610 6.4940 23 33 36
0.0398 -0.6681 6.5640 44 54 59
0.5600 -1.7754 17.4420 110 116 114
1.2509 -2.3899 23.4800 153 171 169
1.9759 -2.7017 26.5430 155 172 173
2.9183 -3.1069 30.5240 182 188 188
3.5644 -3.1069 30.5240 154 164 169
3.5087 -2.5891 25.4370 132 146 152
4.0471 -2.5891 25.4370 154 168 170
5.0023 -2.8245 27.7490 157 174 177
5.3468 -2.7017 26.5430 168 179 177
3.9968 -1.8276 17.9550 145 162 167
1.5184 -0.6340 6.2290 128 136 133
1.4187 -0.5451 5.3550 105 101 106
1.4677 -0.5222 5.1300 113 120 126
1.4887 -0.4932 4.8450 132 140 141
1.5305 -0.4743 4.6600 103 109 111
1.5694 -0.4569 4.4890 121 124 127
1.5939 -0.4376 4.2990 112 115 116
1.6058 -0.4170 4.0970 90 86 87
1.6272 -0.4009 3.9390 71 72 68
1.6884 -0.3957 3.8880 44 43 47
1.6951 -0.3788 3.7220 25 28 31
1.6819 -0.3592 3.5290 23 26 27
1.7168 -0.3511 3.4490 18 24 24
-11.8273 -2.2646 22.6100 74 75 66
-10.9437 -2.1838 21.8030 62 63 54
-10.4822 -2.1838 21.8030 83 69 61
-10.0207 -2.1838 21.8030 176 151 144
-9.5592 -2.1838 21.8030 240 211 199
-8.2173 -1.9724 19.6930 113 159 191
-7.3275 -1.8528 18.4990 97 155 194
-6.7320 -1.7983 17.9550 84 142 183
-6.9668 -1.9724 19.6930 100 158 197
-7.0017 -2.1084 21.0510 93 149 189
-6.1011 -1.9724 19.6930 90 144 184
-5.6843 -1.9724 19.6930 85 141 181
-5.2674 -1.9724 19.6930 78 134 174
-4.6991 -1.9108 19.0780 81 139 180
-4.9088 -2.1838 21.8030 98 102 74
-4.9810 -2.4458 24.4190 76 81 48
-5.0729 -2.7793 27.7490 48 51 35
-4.4855 -2.7793 27.7490 62 65 44
-3.4304 -2.4458 24.4190 57 60 42
-2.8015 -2.3517 23.4800 102 100 48
-2.2191 -2.2646 22.6100 100 99 44
-1.6205 -2.1084 21.0510 69 66 50
-0.5775 -1.0363 10.3470 93 90 58
-0.2325 -0.6720 6.7090 22 32 35
-0.0876 -0.6504 6.4940 23 33 36
0.0516 -0.6720 6.7090 50 61 61
0.4096 -1.4220 14.1970 197 195 183
1.0905 -2.1838 21.8030 154 173 175
1.7382 -2.4458 24.4190 156 173 176
2.4512 -2.6585 26.5430 196 204 205
2.8875 -2.5477 25.4370 154 170 178
2.8352 -2.1084 21.0510 139 157 166
3.2808 -2.1084 21.0510 158 172 174
4.3225 -2.4458 24.4190 146 164 171
4.6533 -2.3517 23.4800 172 185 182
4.3196 -1.9724 19.6930 145 161 169
1.7074 -0.7110 7.0990 130 142 144
1.4136 -0.5411 5.4020 103 101 108
1.4510 -0.5138 5.1300 114 121 127
1.4848 -0.4892 4.8840 134 142 143
1.5387 -0.4740 4.7320 99 105 107
1.5662 -0.4529 4.5220 128 134 134
1.5913 -0.4337 4.3300 110 116 116
