ply
format ascii 1.0
element vertex 5000
property float x
property float y
property float z
property uchar red
property uchar green
property uchar blue
end_header
-7.9829 -5.6846 14.8900 27 28 15
-6.1446 -4.5698 11.9700 38 43 33
-4.9093 -3.8208 10.0080 26 28 17
-4.6054 -3.7589 9.8460 28 33 21
-4.3810 -3.7589 9.8460 31 37 20
-4.1565 -3.7589 9.8460 37 40 22
-3.9321 -3.7589 9.8460 30 35 21
-3.7077 -3.7589 9.8460 30 32 21
-3.3746 -3.6417 9.5390 31 34 35
-3.1572 -3.6417 9.5390 34 42 27
-3.0183 -3.7589 9.8460 40 40 18
-2.7496 -3.6994 9.6900 38 40 29
-2.6117 -3.8208 10.0080 62 57 28
-2.4643 -3.9502 10.3470 107 103 53
-2.6297 -4.6615 12.2100 101 107 70
-3.1774 -6.2989 16.4990 103 113 99
-3.3436 -7.5183 19.6930 74 92 88
-6.9028 -17.9281 46.9600 167 174 178
-5.4947 -23.3065 61.0480 254 254 254
-2.9308 -16.6476 43.6060 254 254 254
-2.1768 -19.4220 50.8730 164 171 177
6.8445 -11.6533 30.5240 254 254 254
7.1813 -11.0986 29.0710 124 124 146
10.2950 -14.5666 38.1550 135 145 150
8.5066 -11.0986 29.0710 71 72 85
10.1344 -12.2668 32.1310 56 66 82
12.9042 -14.5666 38.1550 123 143 154
11.5993 -12.2668 32.1310 121 130 140
10.1870 -10.1334 26.5430 142 148 159
10.3424 -9.7112 25.4370 138 149 160
11.4403 -10.1334 26.5430 132 143 152
18.4694 -15.5378 40.6990 68 60 59
29.4930 -23.3065 61.0480 139 150 159
-8.1824 -5.8018 15.2620 25 27 14
-6.1446 -4.5503 11.9700 36 44 33
-4.9912 -3.8680 10.1750 26 28 15
-4.6054 -3.7429 9.8460 26 34 21
-4.3810 -3.7429 9.8460 31 37 20
-4.1565 -3.7429 9.8460 37 40 22
-3.9321 -3.7429 9.8460 27 35 20
-3.6916 -3.7429 9.8460 28 33 19
-3.3591 -3.6262 9.5390 32 38 40
-3.1417 -3.6262 9.5390 35 43 28
-3.0680 -3.8045 10.0080 40 40 18
-2.7939 -3.7429 9.8460 38 40 29
-2.6117 -3.8045 10.0080 61 58 26
-2.4643 -3.9334 10.3470 105 103 53
-2.6297 -4.6416 12.2100 101 110 72
-3.2658 -6.4465 16.9580 103 111 100
-3.4550 -7.7356 20.3490 90 108 106
-8.8742 -23.2072 61.0480 162 178 186
-4.9977 -23.2072 61.0480 252 255 251
-2.4041 -15.4716 40.6990 252 255 251
12.6949 -23.2072 61.0480 254 255 251
6.4029 -10.5487 27.7490 254 255 251
8.1465 -12.2145 32.1310 117 115 122
9.9234 -13.6514 35.9110 125 137 141
8.6960 -11.0512 29.0710 138 145 149
10.9183 -12.8930 33.9160 45 59 65
12.3791 -13.6514 35.9110 133 146 155
10.7313 -11.0512 29.0710 135 148 159
10.4031 -10.0902 26.5430 128 142 148
10.5495 -9.6698 25.4370 138 149 158
12.7192 -11.0512 29.0710 139 152 163
25.5467 -21.0973 55.4980 63 62 62
23.1457 -17.8517 46.9600 139 154 167
-7.3032 -5.2519 13.8750 37 46 26
-5.4893 -4.1262 10.9010 19 29 17
-4.8115 -3.7882 10.0080 23 28 16
-4.5092 -3.7269 9.8460 29 35 18
-4.2687 -3.7269 9.8460 37 40 24
-4.0443 -3.7269 9.8460 27 41 19
-3.8199 -3.7269 9.8460 29 38 20
-3.5385 -3.6678 9.6900 27 32 20
-3.2659 -3.6107 9.5390 28 38 26
-3.0967 -3.6678 9.6900 32 34 18
-2.9221 -3.7269 9.8460 30 31 20
-2.6977 -3.7269 9.8460 71 80 46
-2.5140 -3.7882 10.0080 62 65 40
-2.4898 -4.1262 10.9010 102 101 55
-2.7672 -5.1350 13.5660 65 88 107
-3.3517 -7.0022 18.4990 61 69 58
-4.6045 -11.0039 29.0710 161 172 170
-5.7929 -23.1078 61.0480 252 255 251
-3.3856 -17.7752 46.9600 252 255 251
-2.1499 -16.5057 43.6060 252 255 251
8.7947 -15.4053 40.6990 252 255 251
6.6288 -10.5035 27.7490 252 255 251
9.9844 -14.4424 38.1550 112 114 122
9.1404 -12.1622 32.1310 61 67 78
9.4288 -11.5539 30.5240 132 144 150
12.6557 -14.4424 38.1550 49 75 93
12.0227 -12.8378 33.9160 116 127 136
10.0142 -10.0470 26.5430 137 149 155
10.1767 -9.6284 25.4370 135 149 155
11.2242 -10.0470 26.5430 132 145 154
15.1151 -12.8378 33.9160 81 88 96
28.5985 -23.1078 61.0480 64 67 68
21.4216 -16.5057 43.6060 141 154 165
-7.6743 -5.4781 14.5350 32 41 23
-5.5896 -4.1835 11.1000 18 28 16
-4.8115 -3.7719 10.0080 24 29 17
-4.5092 -3.7109 9.8460 27 36 18
-4.3553 -3.7719 10.0080 32 35 19
-4.0603 -3.7109 9.8460 27 41 19
-3.8359 -3.7109 9.8460 26 35 17
-3.5543 -3.6521 9.6900 23 31 20
-3.2814 -3.5952 9.5390 28 38 26
-3.1125 -3.6521 9.6900 39 42 26
-2.9865 -3.7719 10.0080 29 31 20
-2.7421 -3.7719 10.0080 68 73 43
-2.5140 -3.7719 10.0080 58 62 41
-2.4898 -4.1085 10.9010 99 98 54
-2.7893 -5.1129 13.5660 85 110 133
-3.4877 -7.1903 19.0780 63 73 61
-4.6519 -10.9566 29.0710 128 141 138
-5.4947 -23.0084 61.0480 252 255 251
-3.1563 -17.6988 46.9600 252 255 251
-2.2596 -19.1735 50.8730 218 225 229
7.4946 -12.7826 33.9160 252 255 251
7.4905 -11.5042 30.5240 125 128 145
10.9152 -15.3391 40.6990 130 140 145
8.8821 -11.5042 30.5240 59 66 72
10.0821 -12.1099 32.1310 72 80 95
12.8421 -14.3803 38.1550 122 142 153
11.5469 -12.1099 32.1310 132 143 152
9.7211 -9.5870 25.4370 134 147 156
10.3010 -9.5870 25.4370 138 149 158
11.3539 -10.0038 26.5430 132 145 154
19.7176 -16.4347 43.6060 57 63 63
28.9960 -23.0084 61.0480 63 68 73
20.2586 -15.3391 40.6990 138 154 164
-6.9205 -4.9801 13.2710 84 90 53
-5.3408 -4.0191 10.7100 21 29 16
-4.7626 -3.7556 10.0080 24 29 17
-4.5345 -3.7556 10.0080 32 35 17
-4.2367 -3.6948 9.8460 41 47 28
-4.0123 -3.6948 9.8460 29 43 23
-3.7878 -3.6948 9.8460 30 39 21
-3.4911 -3.6363 9.6900 32 37 25
-3.2193 -3.5796 9.5390 29 37 22
-3.0985 -3.6948 9.8460 41 40 23
-2.8740 -3.6948 9.8460 30 35 23
-2.6932 -3.7556 10.0080 84 88 42
-2.4651 -3.7556 10.0080 89 93 47
-2.4366 -4.0907 10.9010 108 115 73
-2.8497 -5.3276 14.1970 99 116 132
-3.5039 -7.3900 19.6930 63 70 62
-5.5710 -13.4761 35.9110 211 214 213
-5.1965 -22.9090 61.0480 252 255 251
-2.7178 -16.3637 43.6060 252 255 251
-2.1940 -20.8263 55.4980 164 177 186
6.8942 -11.4545 30.5240 252 255 251
7.9895 -12.0576 32.1310 121 120 129
10.3571 -14.3181 38.1550 136 146 151
8.9815 -11.4545 30.5240 126 133 139
10.1867 -12.0576 32.1310 42 57 70
12.9663 -14.3181 38.1550 134 148 154
11.0688 -11.4545 30.5240 132 145 154
9.8454 -9.5456 25.4370 132 148 156
10.4252 -9.5456 25.4370 135 146 155
12.0053 -10.4132 27.7490 140 153 162
21.3871 -17.6223 46.9600 62 68 68
26.5407 -20.8263 55.4980 131 143 149
16.9927 -12.7274 33.9160 133 151 160
-6.7311 -4.8531 12.9890 79 89 48
-5.2148 -3.9329 10.5260 23 28 14
-4.7301 -3.7393 10.0080 30 36 19
-4.5019 -3.7393 10.0080 31 34 18
-4.1886 -3.6788 9.8460 35 41 22
-3.9642 -3.6788 9.8460 27 35 22
-3.7397 -3.6788 9.8460 28 33 19
-3.4596 -3.6205 9.6900 33 40 34
-3.1882 -3.5641 9.5390 31 41 25
-3.1169 -3.7393 10.0080 50 48 29
-2.8887 -3.7393 10.0080 58 64 47
-2.6606 -3.7393 10.0080 82 89 47
-2.4325 -3.7393 10.0080 83 87 43
-2.4011 -4.0730 10.9010 93 106 73
-3.0654 -5.8485 15.6530 249 255 255
-3.7729 -8.1464 21.8030 76 87 85
-8.3385 -20.7360 55.4980 234 237 236
-4.3626 -20.7360 55.4980 252 255 251
-2.2716 -15.2066 40.6990 252 255 251
10.6619 -19.0079 50.8730 252 255 251
6.7553 -10.8619 29.0710 252 255 251
9.1633 -13.4176 35.9110 113 111 118
9.9819 -13.4176 35.9110 122 133 142
9.1803 -11.4048 30.5240 140 147 155
11.6775 -13.4176 35.9110 41 72 86
11.8019 -12.6722 33.9160 129 141 147
10.2884 -10.3680 27.7490 135 148 157
10.0110 -9.5041 25.4370 128 144 152
10.5909 -9.5041 25.4370 127 138 147
13.4047 -11.4048 30.5240 137 150 159
23.5006 -19.0079 50.8730 65 71 71
22.7634 -17.5459 46.9600 137 153 161
-8.3665 -5.8230 15.6530 16 24 11
-6.2479 -4.5422 12.2100 38 43 29
-5.0419 -3.8492 10.3470 23 31 16
-4.6486 -3.7230 10.0080 35 41 22
-4.4942 -3.7852 10.1750 30 35 21
-4.1245 -3.6628 9.8460 40 48 33
-3.9000 -3.6628 9.8460 25 33 18
-3.6756 -3.6628 9.8460 33 45 35
-3.3965 -3.6047 9.6900 83 107 117
-3.1756 -3.6047 9.6900 28 33 21
-3.0517 -3.7230 10.0080 29 31 20
-2.8236 -3.7230 10.0080 59 62 39
-2.5791 -3.7230 10.0080 48 51 26
-2.4307 -3.8492 10.3470 86 86 51
-2.4434 -4.2851 11.5190 120 122 106
-3.7284 -7.3259 19.6930 131 132 126
-4.4202 -9.8742 26.5430 68 79 79
-5.7929 -22.7103 61.0480 252 255 251
-3.3856 -17.4694 46.9600 252 255 251
-2.1499 -16.2217 43.6060 252 255 251
8.7947 -15.1403 40.6990 252 255 251
7.2917 -11.3551 30.5240 252 255 251
10.0465 -14.1939 38.1550 126 125 132
9.1928 -11.9530 32.1310 47 56 66
9.9252 -11.9530 32.1310 132 142 149
12.6557 -14.1939 38.1550 72 87 102
12.0227 -12.6170 33.9160 135 147 153
9.5969 -9.4627 25.4370 128 145 150
10.1767 -9.4627 25.4370 138 149 158
11.2242 -9.8742 26.5430 109 119 124
15.1151 -12.6170 33.9160 103 113 120
25.9985 -20.6456 55.4980 64 70 70
17.6999 -13.3591 35.9110 132 148 158
-7.6506 -5.3835 14.5350 43 46 28
-5.6928 -4.1871 11.3050 18 26 13
-4.8918 -3.7686 10.1750 25 30 16
-4.5834 -3.7068 10.0080 42 52 27
-4.3553 -3.7068 10.0080 28 34 17
-4.0603 -3.6468 9.8460 33 46 41
-3.8359 -3.6468 9.8460 28 33 19
-3.6115 -3.6468 9.8460 24 33 24
-3.3334 -3.5890 9.6900 27 41 45
-3.1466 -3.6468 9.8460 34 37 21
-2.9702 -3.7068 10.0080 30 28 18
-2.7421 -3.7068 10.0080 61 66 38
-2.5140 -3.7068 10.0080 42 48 31
-2.4042 -3.8986 10.5260 100 100 67
-2.7286 -4.9153 13.2710 152 188 214
-3.8484 -7.7969 21.0510 117 128 128
-5.1415 -11.9007 32.1310 133 146 157
-5.0855 -20.5553 55.4980 252 255 251
-3.2327 -17.3930 46.9600 252 255 251
-2.0858 -17.3930 46.9600 217 227 230
7.9355 -13.3007 35.9110 252 255 251
7.8326 -11.9007 32.1310 135 141 152
10.1708 -14.1318 38.1550 135 145 150
9.2974 -11.9007 32.1310 51 61 68
10.0298 -11.9007 32.1310 113 125 131
12.7799 -14.1318 38.1550 119 126 134
11.4946 -11.9007 32.1310 138 150 156
9.6797 -9.4213 25.4370 134 147 156
10.3010 -9.4213 25.4370 131 140 150
11.8697 -10.2777 27.7490 136 148 152
17.1907 -14.1318 38.1550 63 70 74
22.2282 -17.3930 46.9600 61 75 81
15.9414 -11.9007 32.1310 138 154 164
-7.6033 -5.3598 14.5350 31 37 20
-5.5534 -4.0931 11.1000 18 26 13
-4.7789 -3.6905 10.0080 22 30 15
-4.6268 -3.7520 10.1750 28 37 19
-4.3227 -3.6905 10.0080 31 37 20
-4.0123 -3.6307 9.8460 83 103 114
-3.8501 -3.6905 10.0080 28 33 19
-3.5634 -3.6307 9.8460 33 41 28
-3.3389 -3.6307 9.8460 103 123 136
-3.1658 -3.6905 10.0080 43 46 30
-2.9376 -3.6905 10.0080 31 32 21
-2.7547 -3.7520 10.1750 44 51 29
-2.4814 -3.6905 10.0080 51 60 40
-2.3699 -3.8815 10.5260 105 106 68
-2.8728 -5.2352 14.1970 151 188 209
-4.0229 -8.3375 22.6100 65 79 85
-7.2851 -17.3166 46.9600 250 255 254
-4.7241 -20.4650 55.4980 252 255 251
-2.5367 -15.0078 40.6990 252 255 251
-2.0112 -18.7595 50.8730 180 195 208
7.5498 -12.5066 33.9160 252 255 251
8.3229 -12.5066 33.9160 127 131 145
9.6311 -13.2422 35.9110 135 145 150
9.3497 -11.8483 32.1310 55 65 72
10.6422 -12.5066 33.9160 72 80 95
12.1453 -13.2422 35.9110 132 142 149
11.0191 -11.2558 30.5240 137 149 155
9.3718 -9.0045 24.4190 137 150 159
10.3424 -9.3799 25.4370 126 135 145
11.9149 -10.2325 27.7490 139 151 155
17.2528 -14.0697 38.1550 64 71 75
20.7116 -16.0798 43.6060 83 102 106
15.1938 -11.2558 30.5240 140 156 166
-7.4034 -5.2121 14.1970 29 34 20
-5.5353 -4.0751 11.1000 19 27 14
-4.8256 -3.7355 10.1750 26 34 19
-4.5936 -3.7355 10.1750 26 34 19
-4.2901 -3.6742 10.0080 36 42 25
-3.9962 -3.6147 9.8460 108 140 158
-3.8338 -3.6742 10.0080 25 33 18
-3.6057 -3.6742 10.0080 29 37 22
-3.3229 -3.6147 9.8460 92 109 112
-3.1495 -3.6742 10.0080 49 55 38
-2.9213 -3.6742 10.0080 36 38 27
-2.7382 -3.7355 10.1750 43 49 32
-2.4897 -3.7355 10.1750 59 66 42
-2.3356 -3.8643 10.5260 100 103 62
-3.0386 -5.6030 15.2620 128 144 154
-4.4845 -9.3385 25.4370 64 79 92
-9.3712 -22.4122 61.0480 249 255 254
-4.6337 -20.3746 55.4980 252 255 251
-2.3160 -14.0076 38.1550 252 255 251
-2.1036 -20.3746 55.4980 174 190 200
7.6050 -12.4514 33.9160 252 255 251
8.8710 -13.1838 35.9110 121 125 139
9.7480 -13.1838 35.9110 130 140 147
9.9796 -12.4514 33.9160 131 143 147
10.7527 -12.4514 33.9160 54 66 82
12.2037 -13.1838 35.9110 138 148 155
11.0688 -11.2061 30.5240 132 144 150
9.8040 -9.3385 25.4370 137 150 159
10.8353 -9.7446 26.5430 123 133 140
12.5299 -10.6726 29.0710 139 151 157
17.3149 -14.0076 38.1550 64 71 75
20.7826 -16.0088 43.6060 94 112 119
14.5652 -10.6726 29.0710 149 164 177
-7.1903 -5.0713 13.8750 35 40 26
-5.4006 -3.9843 10.9010 21 29 18
-4.7301 -3.6579 10.0080 28 36 21
-4.5771 -3.7189 10.1750 27 35 20
-4.2738 -3.6579 10.0080 37 42 30
-3.9802 -3.5987 9.8460 71 102 118
-3.8176 -3.6579 10.0080 28 33 19
-3.5894 -3.6579 10.0080 32 40 25
-3.3069 -3.5987 9.8460 43 58 57
-3.1169 -3.6579 10.0080 33 35 26
-2.8887 -3.6579 10.0080 41 46 34
-2.7050 -3.7189 10.1750 55 65 42
-2.4731 -3.7189 10.1750 63 66 43
-2.3590 -3.9145 10.7100 96 102 62
-3.2580 -6.0303 16.4990 173 183 188
-4.6363 -9.7014 26.5430 103 122 140
-9.2718 -22.3128 61.0480 238 251 246
-4.7241 -20.2843 55.4980 252 255 251
-2.5367 -14.8753 40.6990 252 255 251
-2.1036 -20.2843 55.4980 160 171 180
7.6050 -12.3961 33.9160 252 255 251
8.8710 -13.1253 35.9110 119 123 137
9.6895 -13.1253 35.9110 130 140 145
9.9243 -12.3961 33.9160 50 61 70
10.6974 -12.3961 33.9160 69 75 88
12.1453 -13.1253 35.9110 136 146 153
11.0191 -11.1564 30.5240 134 146 152
9.7625 -9.2971 25.4370 139 151 157
10.7921 -9.7014 26.5430 110 117 123
12.5299 -10.6253 29.0710 138 148 155
16.2966 -13.1253 35.9110 63 70 74
18.1846 -13.9455 38.1550 94 113 117
13.8577 -10.1421 27.7490 142 158 168
-7.3802 -5.1658 14.1970 30 35 21
-5.6192 -4.1135 11.3050 20 28 17
-4.8256 -3.7024 10.1750 26 34 19
-4.5936 -3.7024 10.1750 25 33 18
-4.3617 -3.7024 10.1750 32 40 29
-3.9962 -3.5826 9.8460 104 131 142
-3.8176 -3.6416 10.0080 28 33 19
-3.5894 -3.6416 10.0080 32 40 25
-3.3613 -3.6416 10.0080 34 42 41
-3.1332 -3.6416 10.0080 31 35 28
-2.9535 -3.7024 10.1750 37 42 28
-2.7216 -3.7024 10.1750 55 58 42
-2.4897 -3.7024 10.1750 58 65 41
-2.3356 -3.8301 10.5260 98 101 62
-3.1164 -5.6956 15.6530 170 183 194
-5.0779 -10.5780 29.0710 139 161 175
-9.2718 -22.2134 61.0480 237 250 245
-4.7241 -20.1939 55.4980 252 255 251
-2.5367 -14.8091 40.6990 252 255 251
-1.8565 -17.0872 46.9600 149 162 173
7.9939 -13.0669 35.9110 252 255 251
8.8125 -13.0669 35.9110 125 129 143
9.6311 -13.0669 35.9110 130 142 146
9.8691 -12.3409 33.9160 54 65 74
11.2682 -13.0669 35.9110 86 95 105
12.9042 -13.8834 38.1550 136 146 153
11.5993 -11.6914 32.1310 136 148 154
9.7625 -9.2557 25.4370 139 151 157
10.7921 -9.6581 26.5430 87 90 93
12.4826 -10.5780 29.0710 136 148 152
16.2381 -13.0669 35.9110 61 67 78
18.1225 -13.8834 38.1550 85 104 104
14.4705 -10.5780 29.0710 141 157 167
-7.5796 -5.2652 14.5350 25 36 17
-5.6376 -4.0951 11.3050 18 26 15
-4.8256 -3.6858 10.1750 26 34 19
-4.5936 -3.6858 10.1750 25 33 18
-4.3617 -3.6858 10.1750 47 55 44
-3.9962 -3.5666 9.8460 83 102 106
-3.8338 -3.6253 10.0080 26 34 19
-3.6057 -3.6253 10.0080 29 34 22
-3.3776 -3.6253 10.0080 32 39 33
-3.1495 -3.6253 10.0080 32 36 31
-2.9701 -3.6858 10.1750 31 36 24
-2.7382 -3.6858 10.1750 48 51 35
-2.4897 -3.6858 10.1750 53 63 40
-2.3356 -3.8129 10.5260 92 97 62
-3.1164 -5.6701 15.6530 161 174 185
-4.8921 -10.0518 27.7490 165 188 205
-9.3712 -22.1140 61.0480 247 255 254
-4.4132 -18.4282 50.8730 252 255 251
-2.4402 -13.8213 38.1550 252 255 251
-1.9329 -17.0108 46.9600 146 157 166
8.3071 -13.8213 38.1550 252 255 251
8.6371 -13.0084 35.9110 251 255 250
8.9856 -12.2857 33.9160 125 137 141
9.7587 -12.2857 33.9160 48 57 67
10.5318 -12.2857 33.9160 107 117 124
12.7178 -13.8213 38.1550 136 146 153
12.0780 -12.2857 33.9160 133 143 150
10.0574 -9.6149 26.5430 135 147 153
10.6624 -9.6149 26.5430 91 93 99
11.7794 -10.0518 27.7490 68 84 92
14.3719 -11.6391 32.1310 70 76 89
15.9435 -12.2857 33.9160 83 100 101
14.3759 -10.5307 29.0710 140 156 166
-8.0084 -5.5037 15.2620 33 44 25
-6.0082 -4.3165 11.9700 21 26 14
-4.8753 -3.6692 10.1750 26 35 17
-4.6433 -3.6692 10.1750 27 36 18
-4.4114 -3.6692 10.1750 41 51 26
-4.0443 -3.5506 9.8460 30 36 36
-3.8827 -3.6090 10.0080 27 37 23
-3.6546 -3.6090 10.0080 29 35 18
-3.4265 -3.6090 10.0080 31 35 28
-3.1821 -3.6090 10.0080 43 45 36
-3.0032 -3.6692 10.1750 34 40 23
-2.7713 -3.6692 10.1750 55 58 42
-2.5394 -3.6692 10.1750 61 72 53
-2.3464 -3.7313 10.3470 90 95 67
-2.8302 -5.0035 13.8750 140 147 151
-5.2672 -10.4834 29.0710 139 166 179
-8.0578 -18.3454 50.8730 189 208 212
-4.4961 -18.3454 50.8730 252 255 251
-2.5023 -13.7592 38.1550 252 255 251
-1.9329 -16.9343 46.9600 135 142 150
8.7947 -14.6766 40.6990 252 255 251
9.1147 -13.7592 38.1550 252 255 251
8.4080 -11.5868 32.1310 58 56 67
9.6482 -12.2305 33.9160 55 61 74
10.4213 -12.2305 33.9160 135 145 152
12.5936 -13.7592 38.1550 136 146 153
12.6715 -12.9499 35.9110 133 143 150
10.4240 -10.0066 27.7490 135 149 155
10.5760 -9.5717 26.5430 78 84 95
11.7342 -10.0066 27.7490 62 83 91
12.9559 -10.4834 29.0710 116 125 135
14.2992 -11.0073 30.5240 79 96 97
13.6318 -10.0066 27.7490 141 154 165
-8.7112 -5.9229 16.4990 29 38 20
-6.4250 -4.5656 12.7180 27 30 12
-4.9914 -3.7144 10.3470 30 39 21
-4.6765 -3.6527 10.1750 31 38 16
-4.5197 -3.7144 10.3470 48 60 34
-4.1434 -3.5927 10.0080 32 33 29
-3.8990 -3.5927 10.0080 29 39 27
-3.7322 -3.6527 10.1750 39 42 26
-3.5002 -3.6527 10.1750 30 35 25
-3.2683 -3.6527 10.1750 51 47 36
-3.0364 -3.6527 10.1750 39 45 28
-2.8044 -3.6527 10.1750 45 50 36
-2.5725 -3.6527 10.1750 51 59 44
-2.3801 -3.7144 10.3470 80 87 65
-2.6918 -4.6628 12.9890 139 145 143
-5.9263 -11.5345 32.1310 121 141 156
-7.5144 -16.8579 46.9600 178 198 211
-4.5789 -18.2626 50.8730 252 255 251
-2.7355 -14.6103 40.6990 252 255 251
-1.8077 -14.6103 40.6990 218 225 229
9.2809 -15.6539 43.6060 252 255 251
8.9904 -13.6970 38.1550 252 255 251
8.3034 -11.5345 32.1310 70 62 78
9.5378 -12.1753 33.9160 89 98 108
10.3109 -12.1753 33.9160 139 148 158
11.7360 -12.8915 35.9110 136 146 153
11.9123 -12.1753 33.9160 132 142 149
11.4167 -10.9576 30.5240 132 144 150
10.5328 -9.5285 26.5430 69 78 88
11.6438 -9.9615 27.7490 61 79 86
12.8612 -10.4360 29.0710 132 145 154
14.1998 -10.9576 30.5240 72 86 92
14.1865 -10.4360 29.0710 138 154 164
-8.7650 -5.8960 16.4990 33 42 24
-6.6042 -4.6417 12.9890 81 86 56
-5.1120 -3.7615 10.5260 31 42 23
-4.6160 -3.5764 10.0080 30 40 17
-4.5365 -3.6976 10.3470 45 57 33
-4.1597 -3.5764 10.0080 39 40 31
-3.9316 -3.5764 10.0080 41 53 43
-3.7653 -3.6361 10.1750 57 64 38
-3.5334 -3.6361 10.1750 27 32 22
-3.3014 -3.6361 10.1750 62 52 40
-3.0695 -3.6361 10.1750 36 38 25
-2.8376 -3.6361 10.1750 49 57 46
-2.6328 -3.6976 10.3470 43 51 38
-2.3970 -3.6976 10.3470 83 85 74
-2.5502 -4.3633 12.2100 142 144 133
-5.6796 -10.9079 30.5240 105 120 133
-7.1197 -15.5829 43.6060 173 193 206
-4.7445 -18.1798 50.8730 252 255 251
-2.6887 -13.6349 38.1550 252 255 251
-1.6169 -12.1201 33.9160 252 255 251
10.4962 -18.1798 50.8730 254 255 251
8.2278 -12.8330 35.9110 252 255 251
7.7390 -10.9079 30.5240 115 113 120
8.8789 -11.4822 32.1310 125 134 144
10.1452 -12.1201 33.9160 142 149 155
10.9183 -12.1201 33.9160 132 144 150
11.6914 -12.1201 33.9160 136 146 153
11.8085 -11.4822 32.1310 136 148 154
10.3599 -9.4853 26.5430 139 150 159
11.4631 -9.9163 27.7490 51 70 72
12.6719 -10.3887 29.0710 140 156 164
12.7282 -9.9163 27.7490 54 65 74
14.0445 -10.3887 29.0710 137 154 159
-9.0916 -6.0324 16.9580 24 35 16
-7.2878 -5.0503 14.1970 57 60 42
-5.3474 -3.8778 10.9010 31 41 27
-4.6812 -3.5601 10.0080 23 32 14
-4.6039 -3.6807 10.3470 32 41 21
-4.2249 -3.5601 10.0080 37 46 28
-3.9321 -3.5025 9.8460 38 47 40
-3.8316 -3.6195 10.1750 43 45 32
-3.5996 -3.6195 10.1750 30 35 23
-3.3511 -3.6195 10.1750 57 49 37
-3.1192 -3.6195 10.1750 41 37 26
-2.9361 -3.6807 10.3470 119 121 127
-2.6553 -3.6195 10.1750 48 53 41
-2.4643 -3.6807 10.3470 61 69 66
-2.4809 -4.0976 11.5190 136 140 119
-5.3439 -9.8711 27.7490 242 250 247
-6.9102 -14.4778 40.6990 171 193 205
-4.9930 -18.0970 50.8730 252 255 251
-3.0668 -14.4778 40.6990 252 255 251
-1.6364 -11.4299 32.1310 252 255 251
10.3306 -18.0970 50.8730 252 255 251
8.6177 -13.5728 38.1550 252 255 251
8.4334 -12.0649 33.9160 121 120 127
8.2857 -10.8583 30.5240 128 138 145
9.9796 -12.0649 33.9160 142 152 157
10.7527 -12.0649 33.9160 134 146 152
11.5258 -12.0649 33.9160 135 145 152
12.2989 -12.0649 33.9160 134 146 152
10.6951 -9.8711 27.7490 139 152 161
10.8785 -9.4421 26.5430 55 78 83
12.5772 -10.3414 29.0710 141 155 161
11.5848 -9.0487 25.4370 54 65 74
13.2703 -9.8711 27.7490 122 141 145
12.2345 -8.6865 24.4190 150 163 174
-7.9090 -5.4043 15.2620 82 84 68
-5.7068 -4.0789 11.5190 30 36 36
-4.7301 -3.5438 10.0080 23 32 14
-4.5771 -3.6030 10.1750 40 49 29
-4.3451 -3.6030 10.1750 29 37 22
-3.9642 -3.4865 9.8460 39 43 36
-3.8013 -3.5438 10.0080 41 43 32
-3.6328 -3.6030 10.1750 32 34 23
-3.4008 -3.6030 10.1750 62 54 42
-3.1689 -3.6030 10.1750 51 45 32
-2.9866 -3.6639 10.3470 53 54 48
-2.7507 -3.6639 10.3470 56 63 55
-2.5149 -3.6639 10.3470 64 80 88
-2.4449 -3.9305 11.1000 89 91 78
-4.4647 -8.0062 22.6100 247 255 255
-8.1261 -16.6286 46.9600 171 193 205
-5.0759 -18.0142 50.8730 252 255 251
-3.1330 -14.4115 40.6990 252 255 251
-1.6540 -10.8086 30.5240 252 255 251
12.1980 -21.6171 61.0480 254 255 251
8.4934 -13.5107 38.1550 252 255 251
8.8125 -12.7161 35.9110 127 128 141
8.1863 -10.8086 30.5240 129 139 144
9.3497 -11.3776 32.1310 51 62 71
10.6422 -12.0097 33.9160 134 146 152
11.4705 -12.0097 33.9160 134 146 152
12.9638 -12.7161 35.9110 135 147 153
11.1573 -10.2941 29.0710 140 150 157
10.7921 -9.3989 26.5430 54 75 83
12.4826 -10.2941 29.0710 139 153 157
11.5020 -9.0073 25.4370 55 64 76
12.6072 -9.3989 26.5430 81 98 99
12.6617 -9.0073 25.4370 141 157 165
-8.1626 -5.5173 15.6530 131 133 115
-5.9692 -4.2191 11.9700 54 64 69
-4.7464 -3.5275 10.0080 21 30 12
-4.5936 -3.5864 10.1750 34 43 23
-4.3617 -3.5864 10.1750 28 36 21
-3.9962 -3.4704 9.8460 43 44 40
-3.8338 -3.5275 10.0080 53 58 48
-3.6659 -3.5864 10.1750 68 70 54
-3.4340 -3.5864 10.1750 59 53 40
-3.2020 -3.5864 10.1750 55 46 37
-2.9701 -3.5864 10.1750 42 47 37
-2.7844 -3.6470 10.3470 59 69 57
-2.5317 -3.6470 10.3470 120 132 138
-2.4188 -3.8423 10.9010 103 110 102
-3.9208 -6.9412 19.6930 160 176 186
-8.2790 -16.5521 46.9600 170 192 206
-5.2415 -17.9314 50.8730 254 255 251
-3.7679 -16.5521 46.9600 252 255 251
-1.6699 -10.2467 29.0710 252 255 251
-2.1152 -21.5178 61.0480 174 191 203
8.7947 -14.3453 40.6990 252 255 251
9.7224 -14.3453 40.6990 252 255 251
7.3065 -9.7808 27.7490 116 123 131
8.7330 -10.7589 30.5240 49 55 68
10.4766 -11.9545 33.9160 135 145 152
11.2497 -11.9545 33.9160 132 144 150
12.0227 -11.9545 33.9160 134 146 152
11.5161 -10.7589 30.5240 75 82 88
10.6192 -9.3557 26.5430 54 63 75
11.7342 -9.7808 27.7490 61 79 86
11.3364 -8.9659 25.4370 118 127 137
11.4790 -8.6070 24.4190 78 95 96
12.5374 -8.9659 25.4370 138 154 162
-8.6844 -5.7886 16.4990 78 79 66
-6.4043 -4.4620 12.7180 188 201 200
-4.9745 -3.6302 10.3470 25 34 16
-4.5834 -3.5113 10.0080 23 31 16
-4.5028 -3.6302 10.3470 37 46 26
-4.0603 -3.4544 9.8460 33 40 34
-3.8990 -3.5113 10.0080 38 39 33
-3.7322 -3.5698 10.1750 53 45 31
-3.4837 -3.5698 10.1750 62 53 44
-3.3067 -3.6302 10.3470 52 43 34
-3.0198 -3.5698 10.1750 40 48 37
-2.8350 -3.6302 10.3470 41 48 42
-2.5991 -3.6302 10.3470 50 59 52
-2.4462 -3.7576 10.7100 120 136 144
-3.4867 -5.9496 16.9580 240 243 242
-10.1457 -19.4712 55.4980 144 167 184
-5.4072 -17.8485 50.8730 193 196 195
-3.9209 -16.4757 46.9600 252 255 251
-1.7173 -10.1994 29.0710 252 255 251
-2.2146 -21.4184 61.0480 176 191 204
9.3519 -15.2990 43.6060 254 255 251
9.6561 -14.2790 40.6990 252 255 251
7.5600 -10.1994 29.0710 60 62 70
8.6336 -10.7092 30.5240 70 79 89
10.3661 -11.8993 33.9160 140 147 155
11.1392 -11.8993 33.9160 132 144 150
11.9123 -11.8993 33.9160 131 142 151
12.6854 -11.8993 33.9160 72 75 78
10.5760 -9.3125 26.5430 59 68 80
11.6890 -9.7356 27.7490 61 74 85
11.2949 -8.9244 25.4370 124 133 143
11.3995 -8.5673 24.4190 74 91 94
12.9961 -9.3125 26.5430 140 156 164
-8.9812 -5.9220 16.9580 76 83 75
-6.7260 -4.6345 13.2710 139 145 147
-5.0948 -3.6759 10.5260 31 42 21
-4.6160 -3.4950 10.0080 21 29 14
-4.5365 -3.6134 10.3470 36 45 27
-4.0764 -3.4384 9.8460 39 51 41
-3.9153 -3.4950 10.0080 41 38 33
-3.7487 -3.5533 10.1750 95 90 72
-3.5168 -3.5533 10.1750 57 52 48
-3.3404 -3.6134 10.3470 47 38 31
-3.0529 -3.5533 10.1750 54 55 46
-2.8687 -3.6134 10.3470 48 66 73
-2.6328 -3.6134 10.3470 43 54 54
-2.4384 -3.6759 10.5260 74 91 107
-2.8980 -4.8454 13.8750 249 252 251
-9.3830 -17.7657 50.8730 137 160 177
-6.7869 -21.3190 61.0480 254 255 251
-4.1502 -16.3992 46.9600 252 255 251
-2.0019 -10.6595 30.5240 252 255 251
-1.6326 -13.3244 38.1550 186 196 199
10.4962 -17.7657 50.8730 254 255 251
9.3248 -14.2128 40.6990 252 255 251
7.6893 -10.6595 30.5240 113 112 116
7.9860 -10.1521 29.0710 128 140 146
9.5590 -11.2207 32.1310 138 145 151
10.3437 -11.2207 32.1310 130 142 148
11.0761 -11.2207 32.1310 137 149 155
13.1977 -12.5407 35.9110 91 97 99
10.8306 -9.6904 27.7490 136 150 156
11.4631 -9.6904 27.7490 54 72 79
11.5700 -9.2693 26.5430 144 156 162
10.3710 -7.8958 22.6100 51 65 71
12.2475 -8.8830 25.4370 137 151 157
12.3140 -8.5275 24.4190 244 255 254
-7.8593 -5.3049 15.2620 72 80 67
-5.4450 -3.8582 11.1000 50 65 51
-4.6812 -3.4787 10.0080 20 28 13
-4.6039 -3.5965 10.3470 26 34 19
-4.2249 -3.4787 10.0080 59 65 46
-3.9321 -3.4224 9.8460 106 120 124
-3.7687 -3.4787 10.0080 74 75 66
-3.5996 -3.5367 10.1750 33 35 26
-3.4246 -3.5965 10.3470 38 34 27
-3.1358 -3.5367 10.1750 51 49 37
-2.9529 -3.5965 10.3470 74 82 81
-2.7002 -3.5965 10.3470 64 80 101
-2.4643 -3.5965 10.3470 125 158 183
-2.7392 -4.4206 12.7180 252 255 254
-7.8379 -14.1465 40.6990 182 194 208
-10.2658 -21.2196 61.0480 174 194 209
-4.3032 -16.3228 46.9600 252 255 251
-2.1013 -10.6098 30.5240 252 255 251
-1.6752 -14.1465 40.6990 182 195 206
10.5790 -17.6829 50.8730 254 255 251
9.3911 -14.1465 40.6990 252 255 251
7.0806 -9.6453 27.7490 106 102 107
8.0806 -10.1048 29.0710 118 128 135
9.6636 -11.1684 32.1310 140 147 155
10.3960 -11.1684 32.1310 132 144 150
10.5718 -10.6098 30.5240 134 146 152
13.2562 -12.4823 35.9110 60 60 64
10.8758 -9.6453 27.7490 137 149 155
11.5083 -9.6453 27.7490 56 69 78
11.1293 -8.8416 25.4370 145 156 165
10.4078 -7.8590 22.6100 51 65 69
12.3303 -8.8416 25.4370 142 155 164
-9.3227 -6.0343 17.4420 61 68 62
-7.4376 -5.0286 14.5350 47 58 39
-5.4269 -3.8402 11.1000 36 51 37
-4.6649 -3.4624 10.0080 20 28 15
-4.5870 -3.5797 10.3470 28 36 21
-4.2086 -3.4624 10.0080 62 67 53
-3.9161 -3.4063 9.8460 42 58 66
-3.7524 -3.4624 10.0080 53 50 45
-3.5831 -3.5202 10.1750 35 36 27
-3.3909 -3.5797 10.3470 42 38 31
-3.1551 -3.5797 10.3470 93 83 71
-2.9697 -3.6416 10.5260 78 96 94
-2.7298 -3.6416 10.5260 88 120 154
-2.5334 -3.7052 10.7100 143 179 205
-2.8997 -4.6933 13.5660 252 255 251
-10.5975 -19.2002 55.4980 150 170 183
-4.3032 -16.2464 46.9600 252 255 251
-2.1013 -10.5601 30.5240 252 255 251
-1.6752 -14.0803 40.6990 183 196 207
9.8418 -16.2464 46.9600 254 255 251
9.4573 -14.0803 40.6990 252 255 251
7.0806 -9.6001 27.7490 106 102 107
8.0806 -10.0574 29.0710 117 127 134
9.6636 -11.1161 32.1310 140 147 155
10.3960 -11.1161 32.1310 134 146 152
10.5718 -10.5601 30.5240 132 144 150
13.2562 -12.4238 35.9110 56 59 62
10.8758 -9.6001 27.7490 138 150 156
11.5535 -9.6001 27.7490 55 68 77
11.1707 -8.8002 25.4370 144 155 164
10.4446 -7.8222 22.6100 53 65 69
12.3303 -8.8002 25.4370 144 156 162
-9.3227 -6.0059 17.4420 43 46 45
-7.4376 -5.0049 14.5350 43 54 35
-5.4269 -3.8221 11.1000 38 48 34
-4.6649 -3.4461 10.0080 20 28 15
-4.5870 -3.5628 10.3470 39 48 30
-4.1405 -3.3903 9.8460 60 62 53
-3.9000 -3.3903 9.8460 42 54 56
-3.7361 -3.4461 10.0080 48 43 39
-3.5665 -3.5036 10.1750 47 45 37
-3.3909 -3.5628 10.3470 43 39 32
-3.1551 -3.5628 10.3470 73 62 53
-2.9697 -3.6245 10.5260 75 88 83
-2.7298 -3.6245 10.5260 131 175 211
-2.5334 -3.6878 10.7100 146 182 208
-2.8997 -4.6712 13.5660 252 255 251
-10.5975 -19.1098 55.4980 170 190 203
-3.9248 -15.0150 43.6060 252 255 251
-2.0516 -10.5104 30.5240 252 255 251
-1.6089 -14.0140 40.6990 180 193 204
9.8418 -16.1699 46.9600 254 255 251
9.4573 -14.0140 40.6990 252 255 251
7.0806 -9.5549 27.7490 105 101 106
7.7132 -9.5549 27.7490 117 127 134
9.6636 -11.0638 32.1310 140 147 155
10.3960 -11.0638 32.1310 135 145 152
10.5718 -10.5104 30.5240 134 146 152
13.3146 -12.3654 35.9110 57 65 66
10.4463 -9.1397 26.5430 134 145 154
11.0514 -9.1397 26.5430 55 68 77
11.1707 -8.7588 25.4370 144 155 164
10.0718 -7.5075 21.8030 53 65 69
12.3303 -8.7588 25.4370 144 156 162
-9.0640 -5.8116 16.9580 40 41 37
-7.2647 -4.8654 14.1970 43 52 34
-5.5271 -3.8743 11.3050 37 45 32
-4.6649 -3.4298 10.0080 20 28 15
-4.5702 -3.5460 10.3470 46 56 31
-4.1245 -3.3743 9.8460 59 60 51
-3.8382 -3.3208 9.6900 51 64 63
-3.7361 -3.4298 10.0080 56 49 43
-3.5665 -3.4870 10.1750 49 45 36
-3.3909 -3.5460 10.3470 44 39 35
-3.1551 -3.5460 10.3470 67 58 51
-3.0216 -3.6704 10.7100 57 66 59
-2.7775 -3.6704 10.7100 153 196 235
-2.5785 -3.7358 10.9010 133 168 197
-3.3203 -5.3644 15.6530 250 255 254
-6.6875 -20.9215 61.0480 252 255 251
-3.7828 -14.9440 43.6060 252 255 251
-1.6976 -9.0964 26.5430 252 255 251
-1.9229 -19.0195 55.4980 132 137 144
10.0712 -16.0935 46.9600 252 255 251
9.6561 -13.9478 40.6990 252 255 251
6.9458 -9.0964 26.5430 52 59 67
7.8939 -9.5097 27.7490 51 59 74
10.4213 -11.6232 33.9160 133 143 150
10.1246 -10.4608 30.5240 135 145 152
11.3900 -11.0115 32.1310 73 72 83
12.1224 -11.0115 32.1310 67 85 92
10.6192 -9.0964 26.5430 58 68 82
11.7342 -9.5097 27.7490 53 70 84
10.4642 -8.0467 23.4800 121 130 140
10.5918 -7.7486 22.6100 68 90 93
11.9959 -8.3685 24.4190 143 156 165
-8.9536 -5.7840 16.9580 69 81 71
-6.7044 -4.5264 13.2710 62 67 53
-5.1490 -3.6529 10.7100 28 34 17
-4.6599 -3.4705 10.1750 29 37 22
-4.5028 -3.5291 10.3470 51 58 52
-3.9960 -3.3050 9.6900 60 64 57
-3.8359 -3.3583 9.8460 39 46 38
-3.7322 -3.4705 10.1750 51 47 40
-3.5002 -3.4705 10.1750 35 32 27
-3.3235 -3.5291 10.3470 39 39 35
-3.0877 -3.5291 10.3470 41 47 47
-2.9519 -3.6529 10.7100 95 117 131
-2.7383 -3.7181 10.9010 152 198 243
-2.9048 -4.3378 12.7180 103 138 167
-5.2300 -8.6760 25.4370 252 255 251
-4.7619 -16.0170 46.9600 252 255 251
-2.9993 -13.0138 38.1550 252 255 251
-1.5049 -10.4111 30.5240 252 255 251
11.0890 -18.9292 55.4980 254 255 251
9.0597 -13.8815 40.6990 254 255 251
8.3781 -11.5680 33.9160 114 115 128
6.8634 -8.6760 25.4370 130 137 141
8.9815 -10.4111 30.5240 128 140 146
10.1867 -10.9592 32.1310 137 147 154
9.8793 -9.9155 29.0710 135 145 152
13.0223 -12.2485 35.9110 54 68 72
11.2046 -9.9155 29.0710 142 154 160
10.3838 -8.6760 25.4370 51 65 71
11.4403 -9.0532 26.5430 146 158 164
9.8943 -7.4365 21.8030 52 64 70
11.6381 -8.3288 24.4190 63 77 83
11.7258 -8.0085 23.4800 144 157 166
-7.9090 -5.1807 15.2620 36 40 33
-5.9302 -4.0632 11.9700 42 47 35
-4.8090 -3.4539 10.1750 21 26 12
-4.6544 -3.5123 10.3470 32 40 25
-4.3451 -3.4539 10.1750 42 59 64
-3.9171 -3.2893 9.6900 66 67 58
-3.8176 -3.3972 10.0080 112 103 96
-3.6493 -3.4539 10.1750 42 39 34
-3.4752 -3.5123 10.3470 36 34 48
-3.2393 -3.5123 10.3470 80 80 60
-3.0383 -3.5731 10.5260 75 90 103
-2.8980 -3.7003 10.9010 149 186 214
-2.6495 -3.7003 10.9010 155 196 231
-3.2015 -4.9339 14.5350 121 123 129
-9.2730 -15.9406 46.9600 241 253 255
-4.0668 -14.8021 43.6060 252 255 251
-2.1510 -10.3614 30.5240 252 255 251
-1.6752 -13.8153 40.6990 142 146 158
11.5408 -18.8388 55.4980 254 255 251
8.8662 -12.9517 38.1550 252 255 251
6.8161 -9.0100 26.5430 86 82 87
7.4212 -9.0100 26.5430 104 114 121
9.7159 -10.9069 32.1310 139 146 152
9.9258 -10.3614 30.5240 132 142 147
10.6215 -10.3614 30.5240 137 147 154
13.3146 -12.1900 35.9110 59 76 81
10.4463 -9.0100 26.5430 136 147 156
11.0514 -9.0100 26.5430 52 68 78
10.7236 -8.2890 24.4190 143 154 163
10.1073 -7.4010 21.8030 57 69 75
11.8766 -8.2890 24.4190 139 153 157
-8.7918 -5.5737 16.4990 35 42 34
-7.2415 -4.7961 14.1970 37 39 28
-5.4088 -3.7498 11.1000 32 40 25
-4.7262 -3.4373 10.1750 24 29 15
-4.5702 -3.4954 10.3470 47 51 28
-4.1245 -3.3262 9.8460 48 50 41
-3.8382 -3.2735 9.6900 64 65 59
-3.7361 -3.3809 10.0080 74 67 59
-3.5499 -3.4373 10.1750 39 37 29
-3.3741 -3.4954 10.3470 70 75 80
-3.0861 -3.4373 10.1750 70 71 58
-3.0042 -3.6181 10.7100 50 62 66
-2.8606 -3.7498 11.1000 162 205 246
-2.8683 -4.1248 12.2100 162 201 246
-4.4653 -7.1115 21.0510 254 254 254
-4.9148 -15.8641 46.9600 252 255 251
-3.3318 -13.7490 40.6990 252 255 251
-1.4584 -9.3742 27.7490 252 255 251
12.1980 -20.6234 61.0480 254 255 251
9.0597 -13.7490 40.6990 254 255 251
8.3781 -11.4576 33.9160 114 115 128
6.8634 -8.5932 25.4370 133 140 144
8.5066 -9.8208 29.0710 116 125 135
10.1344 -10.8546 32.1310 136 146 153
9.8319 -9.8208 29.0710 135 145 150
12.2436 -11.4576 33.9160 56 70 74
11.1573 -9.8208 29.0710 141 155 157
10.3424 -8.5932 25.4370 50 64 70
10.9636 -8.5932 25.4370 145 157 161
9.8943 -7.3655 21.8030 51 63 69
11.6381 -8.2493 24.4190 97 107 110
11.7258 -7.9321 23.4800 151 162 173
-7.7405 -5.0059 14.8900 36 44 31
-6.0690 -4.1049 12.2100 38 48 32
-4.9071 -3.4786 10.3470 21 29 14
-4.6713 -3.4786 10.3470 35 43 30
-4.4354 -3.4786 10.3470 50 64 53
-3.9329 -3.2577 9.6900 61 62 53
-3.8176 -3.3646 10.0080 78 69 62
-3.6493 -3.4208 10.1750 44 41 36
-3.4752 -3.4786 10.3470 141 153 185
-3.1855 -3.4208 10.1750 83 96 83
-3.0554 -3.5388 10.5260 135 160 181
-2.9690 -3.7318 11.1000 57 78 97
-2.7661 -3.8007 11.3050 162 208 255
-3.3865 -5.1310 15.2620 191 206 221
-8.6817 -14.6601 43.6060 153 170 184
-3.9958 -14.6601 43.6060 252 255 251
-1.9539 -9.7735 29.0710 252 255 251
-1.5951 -12.0731 35.9110 216 221 226
11.4505 -18.6581 55.4980 254 255 251
8.7419 -12.8275 38.1550 254 255 251
7.0355 -9.3291 27.7490 111 107 112
7.3347 -8.9236 26.5430 125 135 142
9.1306 -10.2620 30.5240 137 147 152
10.3437 -10.8023 32.1310 124 136 142
10.0213 -9.7735 29.0710 139 149 154
13.1977 -12.0731 35.9110 51 75 77
10.4031 -8.9236 26.5430 136 148 154
11.0081 -8.9236 26.5430 50 66 74
10.6839 -8.2095 24.4190 142 154 160
10.0363 -7.3301 21.8030 51 63 67
11.7971 -8.2095 24.4190 139 153 157
-8.6129 -5.3748 16.0650 24 34 22
-7.2878 -4.7498 14.1970 84 91 65
-5.5455 -3.7823 11.3050 28 38 24
-4.7593 -3.4042 10.1750 30 35 23
-4.6835 -3.5217 10.5260 42 48 29
-4.1405 -3.2941 9.8460 40 48 35
-3.8540 -3.2420 9.6900 61 62 53
-3.7524 -3.3483 10.0080 68 58 56
-3.5831 -3.4042 10.1750 35 38 37
-3.4078 -3.4618 10.3470 96 123 145
-3.1192 -3.4042 10.1750 55 64 55
-3.0391 -3.5832 10.7100 113 140 153
-2.8967 -3.7137 11.1000 153 186 213
-3.0291 -4.2550 12.7180 160 204 250
-4.8696 -7.5646 22.6100 249 252 253
-5.3244 -17.0204 50.8730 251 254 253
-3.3318 -13.6165 40.6990 252 255 251
-1.5679 -8.8804 26.5430 252 255 251
-2.2146 -20.4246 61.0480 121 126 135
9.0597 -13.6165 40.6990 254 255 251
8.3781 -11.3472 33.9160 114 115 128
6.8634 -8.5104 25.4370 133 140 144
8.5066 -9.7262 29.0710 118 130 136
10.1344 -10.7500 32.1310 129 139 146
10.3233 -10.2123 30.5240 136 146 149
12.2989 -11.3472 33.9160 54 80 82
10.6951 -9.2839 27.7490 142 152 157
10.8353 -8.8804 26.5430 48 62 68
10.9636 -8.5104 25.4370 140 150 155
10.2605 -7.5646 22.6100 50 62 68
11.6381 -8.1698 24.4190 90 103 102
11.2913 -7.5646 22.6100 152 165 174
-7.5559 -4.8393 14.5350 49 58 38
-6.0690 -4.0652 12.2100 34 48 28
-4.9071 -3.4449 10.3470 23 31 20
-4.6544 -3.4449 10.3470 40 47 39
-4.3451 -3.3877 10.1750 36 46 32
-3.9171 -3.2262 9.6900 62 63 54
-3.8176 -3.3321 10.0080 72 63 56
-3.6493 -3.3877 10.1750 39 44 53
-3.4752 -3.4449 10.3470 141 175 215
-3.1855 -3.3877 10.1750 107 122 121
-3.0554 -3.5045 10.5260 70 91 110
-3.0238 -3.7639 11.3050 67 91 121
-3.1119 -4.2343 12.7180 164 208 254
-4.9801 -7.5277 22.6100 247 255 254
-5.9891 -18.4774 55.4980 195 199 194
-3.7118 -14.5181 43.6060 252 255 251
-1.7295 -9.2387 27.7490 252 255 251
-1.7239 -14.5181 43.6060 148 154 165
9.0597 -13.5503 40.6990 254 255 251
8.3781 -11.2920 33.9160 113 114 127
6.8634 -8.4690 25.4370 133 140 144
8.5066 -9.6789 29.0710 118 130 136
10.1867 -10.6977 32.1310 125 135 142
10.3730 -10.1626 30.5240 138 148 151
12.2989 -11.2920 33.9160 54 80 82
10.6951 -9.2387 27.7490 139 149 154
10.8353 -8.8372 26.5430 48 62 68
10.9636 -8.4690 25.4370 142 154 158
10.6553 -7.8174 23.4800 48 62 68
12.1233 -8.4690 25.4370 85 100 99
11.2913 -7.5277 22.6100 152 165 174
-7.5559 -4.8156 14.5350 50 60 37
-5.9302 -3.9658 11.9700 31 44 27
-4.8903 -3.4281 10.3470 32 39 31
-4.6544 -3.4281 10.3470 40 49 42
-4.3451 -3.3711 10.1750 35 43 30
-3.9171 -3.2104 9.6900 57 59 50
-3.8176 -3.3158 10.0080 69 60 53
-3.6493 -3.3711 10.1750 42 58 79
-3.4752 -3.4281 10.3470 156 196 238
-3.1855 -3.3711 10.1750 90 104 106
-3.0554 -3.4874 10.5260 71 92 109
-3.0054 -3.7455 11.3050 117 152 183
-3.0912 -4.2136 12.7180 165 209 255
-4.9801 -7.4909 22.6100 249 255 254
-5.9891 -18.3871 55.4980 198 202 197
-3.7118 -14.4472 43.6060 252 255 251
-1.7295 -9.1936 27.7490 252 255 251
-1.7239 -14.4472 43.6060 160 169 181
9.0597 -13.4840 40.6990 254 255 251
8.3781 -11.2367 33.9160 112 113 126
6.8634 -8.4276 25.4370 131 138 142
8.9815 -10.1129 30.5240 132 142 149
10.1867 -10.6454 32.1310 124 134 137
10.3730 -10.1129 30.5240 139 146 150
12.2989 -11.2367 33.9160 54 76 79
10.6951 -9.1936 27.7490 140 150 157
10.8353 -8.7940 26.5430 48 62 68
10.9636 -8.4276 25.4370 144 156 160
10.6553 -7.7792 23.4800 47 61 67
12.1233 -8.4276 25.4370 77 91 93
11.2913 -7.4909 22.6100 152 165 174
-7.3571 -4.6805 14.1970 59 65 46
-5.9302 -3.9463 11.9700 29 42 25
-4.8903 -3.4112 10.3470 31 33 39
-4.7349 -3.4702 10.5260 44 56 48
-4.3451 -3.3545 10.1750 34 42 31
-3.9171 -3.1946 9.6900 48 48 42
-3.8176 -3.2995 10.0080 64 59 57
-3.6493 -3.3545 10.1750 59 85 114
-3.4752 -3.4112 10.3470 157 201 247
-3.1855 -3.3545 10.1750 63 77 81
-3.0914 -3.5309 10.7100 78 102 116
-3.0054 -3.7271 11.3050 133 177 209
-3.2256 -4.3752 13.2710 165 209 255
-6.1120 -9.1484 27.7490 249 255 254
-5.1587 -16.7720 50.8730 254 255 251
-3.1993 -13.4178 40.6990 252 255 251
-1.6226 -9.5842 29.0710 252 255 251
12.7943 -20.1265 61.0480 252 255 251
8.8662 -12.5791 38.1550 252 255 251
7.1258 -9.1484 27.7490 85 81 86
7.4644 -8.7508 26.5430 118 130 136
9.7682 -10.5931 32.1310 130 140 147
10.5006 -10.5931 32.1310 61 61 57
10.6712 -10.0633 30.5240 137 144 150
11.9655 -10.5931 32.1310 55 72 77
10.9661 -9.1484 27.7490 125 132 140
11.5987 -9.1484 27.7490 44 68 80
11.2121 -8.3862 25.4370 145 157 163
11.3200 -8.0505 24.4190 54 68 74
11.8766 -8.0505 24.4190 145 161 169
-8.1078 -5.0068 15.2620 15 23 12
-6.7476 -4.3536 13.2710 33 34 28
-5.4903 -3.7087 11.3050 28 36 23
-4.8721 -3.4531 10.5260 78 86 87
-4.6321 -3.4531 10.5260 39 46 38
-4.0433 -3.1789 9.6900 37 42 32
-3.8840 -3.2300 9.8460 51 47 52
-3.8458 -3.3944 10.3470 81 112 137
-3.6099 -3.3944 10.3470 133 174 209
-3.3741 -3.3944 10.3470 144 190 226
-3.1214 -3.3944 10.3470 50 58 55
-3.0400 -3.5761 10.9010 95 132 153
-3.0064 -3.8514 11.7400 165 209 255
-4.5941 -6.4604 19.6930 165 209 255
-11.6818 -18.2064 55.4980 247 255 255
-4.2267 -15.4055 46.9600 252 255 251
-2.1596 -10.5407 32.1310 252 255 251
-1.9369 -14.3052 43.6060 213 220 224
9.1260 -13.3515 40.6990 254 255 251
7.9895 -10.5407 32.1310 113 112 116
6.9463 -8.3447 25.4370 132 142 147
9.0312 -10.0136 30.5240 136 146 153
10.2391 -10.5407 32.1310 67 66 68
10.4227 -10.0136 30.5240 142 149 153
11.7039 -10.5407 32.1310 51 65 71
10.7402 -9.1032 27.7490 143 155 161
11.3728 -9.1032 27.7490 45 59 65
11.4835 -8.7076 26.5430 147 157 160
11.1212 -8.0108 24.4190 51 62 71
12.1647 -8.3447 25.4370 130 144 148
11.3649 -7.4173 22.6100 172 183 179
-7.1677 -4.5292 13.8750 55 57 44
-5.9107 -3.9073 11.9700 24 37 22
-4.9577 -3.4360 10.5260 192 198 200
-4.7178 -3.4360 10.5260 65 77 81
-4.2575 -3.2669 10.0080 51 53 44
-3.9014 -3.1631 9.6900 39 40 34
-3.8647 -3.3214 10.1750 85 99 121
-3.6942 -3.3775 10.3470 141 180 216
-3.4583 -3.3775 10.3470 158 207 253
-3.1523 -3.3214 10.1750 80 102 124
-3.0739 -3.4960 10.7100 61 84 101
-3.0436 -3.7601 11.5190 155 200 229
-3.5091 -4.7446 14.5350 165 209 255
-8.8981 -13.2853 40.6990 249 255 254
-4.9930 -16.6064 50.8730 252 255 251
-2.8751 -12.4548 38.1550 252 255 251
-1.6887 -10.4884 32.1310 252 255 251
11.0760 -16.6064 50.8730 254 255 251
8.7540 -11.7223 35.9110 126 128 138
6.7806 -8.3033 25.4370 132 139 143
8.0294 -9.0580 27.7490 117 127 134
9.5282 -9.9639 30.5240 84 91 99
11.3601 -11.0711 33.9160 65 71 71
11.4946 -10.4884 32.1310 53 64 75
11.6155 -9.9639 30.5240 136 148 152
11.1920 -9.0580 27.7490 45 58 69
11.3107 -8.6644 26.5430 130 152 164
11.4192 -8.3033 25.4370 63 68 86
12.0404 -8.3033 25.4370 67 81 85
11.2177 -7.3805 22.6100 142 155 164
-7.6033 -4.7210 14.5350 28 35 27
-6.3629 -4.1308 12.7180 27 35 24
-5.2054 -3.5406 10.9010 112 111 115
-4.8700 -3.4786 10.7100 88 99 99
-4.5464 -3.4188 10.5260 55 62 56
-3.9645 -3.1473 9.6900 36 38 29
-3.9310 -3.3048 10.1750 131 164 191
-3.8266 -3.4188 10.5260 120 161 196
-3.5088 -3.3607 10.3470 160 204 252
-3.2730 -3.3607 10.3470 52 77 109
-3.0897 -3.4188 10.5260 67 76 86
-3.0051 -3.6053 11.1000 60 92 114
-3.1533 -4.1308 12.7180 164 208 254
-8.5904 -12.3927 38.1550 153 189 224
-4.8274 -16.5235 50.8730 252 255 251
-2.5891 -11.6639 35.9110 252 255 251
-1.8811 -12.3927 38.1550 252 255 251
10.3770 -15.2526 46.9600 254 255 251
8.8710 -11.6639 35.9110 115 113 127
6.8634 -8.2619 25.4370 134 141 147
8.5066 -9.4423 29.0710 117 127 134
10.1344 -10.4361 32.1310 63 65 73
11.4705 -11.0159 33.9160 139 146 150
11.5993 -10.4361 32.1310 52 63 72
11.1573 -9.4423 29.0710 141 153 155
11.8199 -9.4423 29.0710 47 59 65
11.9149 -9.0129 27.7490 146 156 159
11.5020 -8.2619 25.4370 61 72 83
12.6504 -8.6212 26.5430 116 126 131
11.2913 -7.3437 22.6100 122 133 142
-7.2128 -4.4840 13.8750 36 40 35
-6.1928 -4.0264 12.4590 29 38 29
-5.1699 -3.5229 10.9010 158 158 158
-4.8352 -3.4612 10.7100 135 146 146
-4.4354 -3.3439 10.3470 50 46 39
-3.9329 -3.1315 9.6900 36 37 31
-3.8978 -3.2883 10.1750 68 90 116
-3.7923 -3.4017 10.5260 130 176 219
-3.4752 -3.3439 10.3470 162 208 253
-3.2393 -3.3439 10.3470 144 171 209
-3.1088 -3.4612 10.7100 132 155 174
-3.0238 -3.6535 11.3050 94 121 141
-3.4738 -4.5881 14.1970 166 210 254
-10.4199 -15.1762 46.9600 240 255 255
-4.6617 -16.4407 50.8730 252 255 251
-2.3348 -10.9607 33.9160 252 255 251
-1.8740 -13.1528 40.6990 251 255 250
9.1260 -13.1528 40.6990 254 255 251
7.2760 -9.3949 29.0710 110 108 115
6.9463 -8.2205 25.4370 132 142 147
8.6013 -9.3949 29.0710 134 141 149
10.2391 -10.3838 32.1310 59 62 65
11.5810 -10.9607 33.9160 144 151 155
11.7039 -10.3838 32.1310 51 63 69
11.2519 -9.3949 29.0710 143 153 158
11.9146 -9.3949 29.0710 46 58 64
12.0053 -8.9677 27.7490 149 156 160
11.5848 -8.2205 25.4370 56 72 80
12.2061 -8.2205 25.4370 142 154 156
11.3649 -7.3069 22.6100 122 133 133
-7.1677 -4.4614 13.8750 31 34 33
-6.1522 -4.0061 12.4590 27 35 24
-5.2281 -3.5691 11.1000 178 181 182
-4.8859 -3.5052 10.9010 97 106 116
-4.2575 -3.2180 10.0080 139 121 101
-4.0294 -3.2180 10.0080 36 41 31
-4.0679 -3.4437 10.7100 80 106 135
-3.8238 -3.4437 10.7100 163 205 253
-3.5010 -3.3846 10.5260 163 209 255
-3.2056 -3.3270 10.3470 143 184 221
-3.0739 -3.4437 10.7100 53 80 100
-2.9870 -3.6351 11.3050 59 79 92
-3.8785 -5.1656 16.0650 165 209 253
-5.7181 -17.8451 55.4980 252 255 251
-3.7679 -15.0997 46.9600 252 255 251
-2.0628 -11.5470 35.9110 252 255 251
11.9926 -17.8451 55.4980 254 255 251
9.7224 -13.0865 40.6990 254 255 251
6.7392 -8.1791 25.4370 132 139 145
7.6372 -8.5347 26.5430 122 132 139
9.0273 -9.3476 29.0710 119 126 132
12.7178 -12.2685 38.1550 64 72 73
11.4423 -10.3315 32.1310 56 67 78
11.5658 -9.8148 30.5240 129 141 145
12.2616 -9.8148 30.5240 47 58 69
12.3406 -9.3476 29.0710 50 66 74
12.4119 -8.9225 27.7490 77 80 97
12.4775 -8.5347 26.5430 119 125 127
12.0754 -7.8518 24.4190 143 157 161
-7.4496 -4.5419 14.1970 30 37 31
-6.6612 -4.2456 13.2710 30 32 23
-5.6251 -3.7558 11.7400 82 88 88
-5.1590 -3.6167 11.3050 187 195 196
-4.4860 -3.3102 10.3470 115 129 135
-4.1109 -3.2017 10.0080 51 52 43
-4.1551 -3.4263 10.7100 99 119 143
-4.0534 -3.5511 11.1000 159 205 252
-3.6668 -3.4263 10.7100 163 207 255
-3.3468 -3.3674 10.5260 152 198 245
-3.1068 -3.3674 10.5260 45 61 82
-2.9690 -3.4874 10.9010 50 66 76
-3.2416 -4.1554 12.9890 165 209 253
-6.3893 -19.5302 61.0480 252 255 251
-4.1647 -16.2751 50.8730 252 255 251
-2.2539 -12.2064 38.1550 252 255 251
12.0830 -17.7547 55.4980 254 255 251
10.4878 -13.9503 43.6060 254 255 251
6.7392 -8.1377 25.4370 132 139 145
8.0294 -8.8774 27.7490 121 131 138
9.0746 -9.3003 29.0710 107 114 120
13.6320 -13.0203 40.6990 67 75 76
11.4946 -10.2792 32.1310 51 60 72
11.6155 -9.7651 30.5240 135 147 151
12.9594 -10.2792 32.1310 46 57 66
12.3879 -9.3003 29.0710 137 153 161
13.0506 -9.3003 29.0710 65 68 85
13.0896 -8.8774 27.7490 133 139 141
11.6493 -7.5116 23.4800 119 124 133
-7.4265 -4.5187 14.1970 30 37 31
-6.6396 -4.2240 13.2710 29 30 24
-5.6060 -3.7367 11.7400 132 139 133
-5.1406 -3.5983 11.3050 188 198 201
-4.4691 -3.2933 10.3470 89 88 90
-4.0946 -3.1854 10.0080 51 49 41
-4.1376 -3.4089 10.7100 100 133 160
-4.0353 -3.5330 11.1000 163 207 255
-3.6494 -3.4089 10.7100 163 209 254
-3.2730 -3.2933 10.3470 157 206 250
-3.1437 -3.4089 10.7100 63 90 112
-2.9513 -3.4697 10.9010 39 55 63
-3.2205 -4.1342 12.9890 167 210 251
-6.3893 -19.4309 61.0480 254 255 251
-4.1647 -16.1923 50.8730 252 255 251
-2.2539 -12.1443 38.1550 252 255 251
12.0830 -17.6644 55.4980 254 255 251
10.4878 -13.8793 43.6060 254 255 251
6.7392 -8.0963 25.4370 131 138 142
7.6805 -8.4483 26.5430 121 131 136
8.6619 -8.8322 27.7490 110 115 122
13.6320 -12.9540 40.6990 64 74 79
11.4946 -10.2269 32.1310 50 59 71
11.6155 -9.7154 30.5240 131 141 144
12.9594 -10.2269 32.1310 46 57 66
12.3879 -9.2530 29.0710 132 148 156
13.0506 -9.2530 29.0710 70 71 86
13.0896 -8.8322 27.7490 146 153 159
12.5788 -8.0963 25.4370 92 94 102
-7.4265 -4.4956 14.1970 33 40 34
-6.7872 -4.2958 13.5660 27 28 22
-5.8304 -3.8664 12.2100 128 138 124
-5.2379 -3.6476 11.5190 196 203 209
-4.4691 -3.2765 10.3470 107 96 91
-4.1629 -3.2220 10.1750 98 94 87
-4.3675 -3.5798 11.3050 151 187 213
-4.1876 -3.6476 11.5190 163 207 255
-3.7145 -3.4519 10.9010 164 210 255
-3.3468 -3.3332 10.5260 162 208 253
-3.1437 -3.3914 10.7100 93 123 144
-2.9513 -3.4519 10.9010 43 59 67
-3.2205 -4.1131 12.9890 167 210 251
-6.1905 -19.3315 61.0480 252 255 251
-3.9991 -16.1095 50.8730 252 255 251
-2.4338 -13.8083 43.6060 252 255 251
11.3245 -16.1095 50.8730 252 255 251
8.8710 -11.3716 35.9110 110 111 124
6.5888 -7.7325 24.4190 130 137 141
7.7669 -8.4051 26.5430 118 128 133
9.2166 -9.2056 29.0710 60 65 72
12.9663 -12.0822 38.1550 138 145 149
11.0688 -9.6657 30.5240 47 59 63
11.7646 -9.6657 30.5240 142 152 157
13.1164 -10.1746 32.1310 54 60 60
13.1562 -9.6657 30.5240 152 159 163
13.1926 -9.2056 29.0710 111 116 123
13.2252 -8.7870 27.7490 147 155 156
12.1947 -7.7325 24.4190 111 116 123
-7.3802 -4.4725 14.1970 40 46 44
-6.8740 -4.3711 13.8750 42 50 37
-5.8885 -3.9250 12.4590 136 140 117
-5.2810 -3.6985 11.7400 180 190 193
-4.3451 -3.2055 10.1750 168 146 120
-4.4067 -3.4342 10.9010 106 107 94
-4.6575 -3.8466 12.2100 135 176 211
-4.2931 -3.7709 11.9700 164 208 255
-3.7281 -3.4969 11.1000 163 209 254
-3.3529 -3.3740 10.7100 161 205 251
-3.1088 -3.3740 10.7100 90 121 146
-2.9509 -3.4969 11.1000 51 73 85
-6.2899 -19.2321 61.0480 252 255 251
-4.0819 -16.0267 50.8730 252 255 251
-2.5048 -13.7373 43.6060 252 255 251
12.2637 -17.4837 55.4980 254 255 251
8.8125 -11.3131 35.9110 116 114 128
6.5490 -7.6928 24.4190 130 137 141
7.4018 -8.0135 25.4370 119 126 132
8.3287 -8.3619 26.5430 72 77 86
12.8421 -12.0201 38.1550 130 142 146
11.0191 -9.6161 30.5240 48 58 63
11.7149 -9.6161 30.5240 145 152 156
13.0641 -10.1223 32.1310 95 98 97
13.1065 -9.6161 30.5240 152 160 159
13.1452 -9.1583 29.0710 124 129 134
13.1800 -8.7418 27.7490 155 162 166
12.6617 -8.0135 25.4370 112 119 123
-7.4034 -4.4494 14.1970 34 38 31
-6.9192 -4.3485 13.8750 39 40 31
-6.0523 -3.9859 12.7180 115 121 88
-5.3002 -3.6794 11.7400 201 211 214
-4.3617 -3.1889 10.1750 170 148 124
-4.4244 -3.4164 10.9010 155 153 130
-4.6774 -3.8267 12.2100 161 201 232
-4.3126 -3.7515 11.9700 164 208 255
-3.7461 -3.4788 11.1000 164 208 254
-3.3704 -3.3566 10.7100 164 208 254
-3.1263 -3.3566 10.7100 80 109 135
-2.9871 -3.4788 11.1000 41 63 73
-6.2899 -19.1327 61.0480 252 255 251
-4.3626 -17.3933 55.4980 252 255 251
-2.8395 -15.9438 50.8730 252 255 251
11.5730 -15.9438 50.8730 252 255 251
7.6893 -9.5664 30.5240 111 107 110
6.4501 -7.3587 23.4800 130 137 141
7.5675 -7.9721 25.4370 138 141 144
9.3113 -9.1110 29.0710 55 62 68
11.6362 -10.6294 33.9160 140 150 155
11.1682 -9.5664 30.5240 47 61 65
12.4886 -10.0700 32.1310 143 153 160
14.0107 -10.6294 33.9160 70 77 71
13.3053 -9.5664 30.5240 156 161 168
14.0010 -9.5664 30.5240 137 144 148
13.3607 -8.6967 27.7490 92 90 97
12.3140 -7.6530 24.4190 220 227 221
-7.4850 -4.5317 14.5350 34 38 33
-6.9873 -4.4263 14.1970 40 52 28
-6.2290 -4.1376 13.2710 140 139 122
-5.0486 -3.5246 11.3050 182 190 191
-4.2954 -3.1723 10.1750 88 64 50
-4.7803 -3.7320 11.9700 116 122 87
-4.9974 -4.1376 13.2710 161 205 251
-4.4076 -3.8844 12.4590 163 205 251
-3.7417 -3.5246 11.3050 164 208 254
-3.4208 -3.4607 11.1000 158 204 249
-3.1110 -3.3987 10.9010 77 108 135
-3.1432 -3.7320 11.9700 77 106 134
-5.5941 -19.0334 61.0480 252 255 251
-3.8205 -17.3030 55.4980 252 255 251
11.4073 -15.8610 50.8730 252 255 251
8.4334 -10.5742 33.9160 113 109 114
6.3736 -7.3205 23.4800 132 138 138
7.4847 -7.9307 25.4370 132 132 132
8.4151 -8.2755 26.5430 56 63 71
12.2037 -11.1962 35.9110 139 149 152
11.0688 -9.5167 30.5240 47 57 62
12.3840 -10.0177 32.1310 144 154 159
13.8450 -10.5742 33.9160 105 110 96
14.6181 -10.5742 33.9160 155 160 165
14.6335 -10.0177 32.1310 142 149 153
13.2703 -8.6515 27.7490 90 85 95
12.7445 -7.9307 25.4370 130 140 145
-7.5323 -4.5080 14.5350 33 34 30
-7.2010 -4.5080 14.5350 41 53 27
-6.2722 -4.1160 13.2710 118 119 90
-5.3845 -3.7125 11.9700 197 207 214
-4.3451 -3.1558 10.1750 133 110 89
-4.6565 -3.5726 11.5190 142 139 94
-4.9547 -4.0285 12.9890 166 185 185
-4.4482 -3.8641 12.4590 165 205 247
-3.8500 -3.5726 11.5190 164 208 254
-3.4570 -3.4427 11.1000 162 208 253
-3.1465 -3.3809 10.9010 101 136 169
-3.0054 -3.5062 11.3050 63 95 125
-5.7929 -18.9340 61.0480 252 255 251
-4.0012 -17.2127 55.4980 252 255 251
13.3907 -18.9340 61.0480 252 255 251
9.9212 -12.6228 40.6990 123 122 133
6.2589 -7.2823 23.4800 135 137 126
7.1056 -7.5735 24.4190 123 125 114
7.6622 -7.5735 24.4190 75 80 85
12.0868 -11.1378 35.9110 137 149 153
10.9694 -9.4670 30.5240 46 56 61
12.2793 -9.9654 32.1310 143 153 156
13.7346 -10.5190 33.9160 100 110 96
14.5077 -10.5190 33.9160 146 154 155
14.4766 -9.9654 32.1310 141 148 152
13.7606 -9.0163 29.0710 141 139 146
12.6202 -7.8893 25.4370 104 114 117
-7.5796 -4.4844 14.5350 36 37 31
-7.4253 -4.5939 14.8900 65 70 42
-6.7561 -4.3801 14.1970 99 104 71
-5.6450 -3.8439 12.4590 204 213 225
-4.3783 -3.1392 10.1750 131 107 82
-4.7841 -3.6220 11.7400 128 126 78
-5.3378 -4.2807 13.8750 140 152 113
-5.0215 -4.2807 13.8750 159 195 221
-4.1406 -3.7670 12.2100 165 207 251
-3.6437 -3.5539 11.5190 164 208 254
-3.2401 -3.4246 11.1000 128 174 210
-3.0422 -3.4878 11.3050 63 93 116
-4.4013 -18.8346 61.0480 252 255 251
11.6558 -15.6954 50.8730 252 255 251
7.3706 -8.9690 29.0710 110 106 109
6.2479 -6.9757 22.6100 124 129 119
7.3044 -7.5338 24.4190 147 146 129
8.9330 -8.5612 27.7490 69 75 75
11.0761 -9.9131 32.1310 142 149 155
11.2179 -9.4173 30.5240 49 63 67
13.2928 -10.4638 33.9160 142 152 157
14.0659 -10.4638 33.9160 60 72 76
14.8390 -10.4638 33.9160 146 151 158
14.7905 -9.9131 32.1310 93 92 99
13.4059 -8.5612 27.7490 111 122 122
-7.7926 -4.4607 14.5350 39 42 41
-7.6435 -4.5696 14.8900 29 30 26
-7.4866 -4.6838 15.2620 37 39 26
-6.7986 -4.4607 14.5350 191 197 195
-5.1254 -3.5351 11.5190 139 135 124
-4.5038 -3.2868 10.7100 76 59 45
-5.6466 -4.3570 14.1970 139 142 92
-5.7223 -4.6838 15.2620 145 163 157
-4.8860 -4.2581 13.8750 160 180 177
-4.1034 -3.8236 12.4590 165 207 253
-3.5312 -3.5351 11.5190 159 203 249
-3.2079 -3.4694 11.3050 125 169 205
-3.3897 -3.9862 12.9890 156 203 241
12.7155 -17.0320 55.4980 252 255 251
7.3706 -8.9217 29.0710 111 107 112
6.2847 -6.9389 22.6100 112 117 105
7.0618 -7.2059 23.4800 128 128 108
8.9782 -8.5160 27.7490 62 66 61
10.5718 -9.3676 30.5240 144 147 146
11.2676 -9.3676 30.5240 50 67 70
13.2928 -10.4086 33.9160 139 149 154
14.0659 -10.4086 33.9160 62 72 77
14.8390 -10.4086 33.9160 143 148 153
14.7905 -9.8608 32.1310 108 110 116
13.4059 -8.5160 27.7490 110 118 117
-7.5883 -4.3339 14.1970 50 53 52
-7.6193 -4.5454 14.8900 27 28 24
-7.4617 -4.6590 15.2620 47 50 34
-6.7750 -4.4370 14.5350 181 187 185
-4.9209 -3.3884 11.1000 146 133 120
-4.5038 -3.2694 10.7100 74 60 45
-5.6466 -4.3339 14.1970 137 140 90
-5.7223 -4.6590 15.2620 112 122 95
-4.8860 -4.2356 13.8750 124 135 114
-4.1034 -3.8033 12.4590 167 207 249
-3.5124 -3.5164 11.5190 161 205 251
-3.1317 -3.3884 11.1000 159 203 249
-3.5182 -4.1412 13.5660 159 205 250
13.3907 -18.6359 61.0480 252 255 251
9.9212 -12.4240 40.6990 121 122 135
6.0270 -6.9021 22.6100 105 107 94
6.5424 -6.9021 22.6100 112 117 82
7.0578 -6.9021 22.6100 119 119 113
10.2240 -9.3179 30.5240 109 121 113
10.3999 -8.8744 29.0710 47 53 66
12.2793 -9.8085 32.1310 140 150 153
14.5425 -10.9624 35.9110 66 80 82
15.3611 -10.9624 35.9110 143 148 153
15.2808 -10.3534 33.9160 94 93 100
13.1348 -8.4708 27.7490 154 154 156
12.1152 -7.4543 24.4190 89 89 83
-7.7890 -4.5212 14.8900 34 34 28
-8.0374 -4.8779 16.0650 61 65 40
-7.4745 -4.7528 15.6530 61 57 62
-5.7624 -3.8617 12.7180 200 210 217
-4.5293 -3.1961 10.5260 105 83 57
-5.5282 -4.1192 13.5660 138 138 87
-6.1803 -4.8779 16.0650 96 103 56
-5.8141 -4.8779 16.0650 90 103 88
-4.7053 -4.2130 13.8750 140 162 161
-3.9411 -3.7830 12.4590 164 208 254
-3.3812 -3.4976 11.5190 160 206 253
-3.2407 -3.6345 11.9700 159 203 251
-6.3068 -7.7236 25.4370 165 209 253
12.8962 -16.8513 55.4980 252 255 251
6.8161 -8.0595 26.5430 105 101 106
6.0959 -6.6202 21.8030 93 100 78
6.8369 -6.8653 22.6100 107 104 74
8.6312 -8.0595 26.5430 95 99 69
10.1159 -8.8271 29.0710 126 125 99
11.3173 -9.2682 30.5240 50 64 68
14.1332 -10.9039 35.9110 139 146 152
14.9518 -10.9039 35.9110 117 124 128
15.7704 -10.9039 35.9110 103 108 113
14.1501 -9.2682 30.5240 116 126 129
12.9097 -8.0595 26.5430 92 92 88
-7.5652 -4.2876 14.1970 37 38 34
-7.9842 -4.7274 15.6530 29 31 20
-7.8282 -4.8518 16.0650 108 111 93
-6.9162 -4.4969 14.8900 173 177 172
-4.7305 -3.2345 10.7100 88 73 63
-5.0142 -3.6151 11.9700 112 106 70
-6.7171 -5.1215 16.9580 132 132 81
-6.7028 -5.4226 17.9550 82 84 52
-5.6049 -4.8518 16.0650 93 101 70
-4.5245 -4.1904 13.8750 167 210 251
-3.5607 -3.5456 11.7400 165 209 255
-3.2311 -3.4789 11.5190 162 208 253
-4.1401 -4.8518 16.0650 165 209 255
13.4901 -18.4371 61.0480 252 255 251
8.8125 -10.8455 35.9110 119 118 129
5.8474 -6.5847 21.8030 87 95 82
6.3444 -6.5847 21.8030 110 113 72
7.0946 -6.8284 22.6100 108 106 83
9.3848 -8.3805 27.7490 132 133 104
10.0174 -8.3805 27.7490 46 56 63
13.0167 -10.2430 33.9160 145 153 154
15.5134 -11.5232 38.1550 91 101 104
15.4195 -10.8455 35.9110 140 148 149
15.3360 -10.2430 33.9160 114 120 122
12.6072 -8.0163 26.5430 91 91 91
12.1549 -7.3748 24.4190 85 85 79
-7.7647 -4.4727 14.8900 27 28 22
-8.2277 -4.9560 16.4990 49 59 34
-7.4235 -4.7019 15.6530 172 178 178
-5.4040 -3.5956 11.9700 86 82 87
-4.5910 -3.2171 10.7100 90 67 48
-6.0434 -4.4727 14.8900 91 98 53
-6.6816 -5.2393 17.4420 127 132 79
-6.1097 -5.0939 16.9580 102 106 76
-5.0252 -4.4727 14.8900 94 107 90
-4.1763 -3.9864 13.2710 165 209 255
-3.4269 -3.5265 11.7400 165 209 255
-3.4225 -3.8203 12.7180 162 208 253
-8.7868 -10.7870 35.9110 165 211 254
11.1416 -14.1060 46.9600 252 255 251
6.1060 -7.0530 23.4800 104 100 103
5.9542 -6.3233 21.0510 103 107 77
6.6639 -6.5492 21.8030 121 121 86
8.3544 -7.6408 25.4370 99 101 67
8.9342 -7.6408 25.4370 128 128 97
11.4167 -9.1689 30.5240 65 78 73
14.2502 -10.7870 35.9110 101 106 115
14.2316 -10.1878 33.9160 141 149 150
15.0599 -10.1878 33.9160 106 111 116
12.9541 -8.3353 27.7490 99 96 93
11.9561 -7.3350 24.4190 90 87 82
-7.5189 -4.2414 14.1970 32 33 27
-8.1421 -4.7995 16.0650 32 34 23
-7.5764 -4.6764 15.6530 109 114 86
-6.5481 -4.2414 14.1970 130 133 115
-4.6150 -3.1447 10.5260 81 71 59
-5.5160 -3.9648 13.2710 124 124 75
-7.0536 -5.3641 17.9550 114 118 70
-6.8155 -5.5267 18.4990 126 132 90
-5.7025 -4.9291 16.4990 74 74 52
-4.8070 -4.4485 14.8900 167 206 251
-3.7382 -3.7222 12.4590 165 209 255
-3.4542 -3.7222 12.4590 164 208 254
-5.7532 -6.7548 22.6100 165 211 255
12.8059 -16.5803 55.4980 252 255 251
7.0355 -8.2901 27.7490 106 105 109
5.8171 -6.2891 21.0510 74 78 55
6.5219 -6.5137 21.8030 106 109 70
7.5970 -7.0148 23.4800 87 87 54
8.8100 -7.5994 25.4370 100 102 66
11.2676 -9.1192 30.5240 53 71 69
13.2928 -10.1326 33.9160 145 150 155
14.8933 -10.7286 35.9110 140 148 149
14.8390 -10.1326 33.9160 108 110 116
14.0507 -9.1192 30.5240 96 97 91
11.7971 -7.2953 24.4190 92 90 82
-7.4388 -4.1226 13.8750 29 32 31
-8.0352 -4.6509 15.6530 25 27 18
-7.6529 -4.6509 15.6530 107 114 74
-6.7750 -4.3187 14.5350 111 120 102
-4.8326 -3.2390 10.9010 71 67 60
-5.0337 -3.5566 11.9700 123 122 76
-6.9372 -5.1825 17.4420 85 87 51
-6.9360 -5.4965 18.4990 118 118 69
-6.1421 -5.1825 17.4420 104 110 73
-5.0265 -4.5347 15.2620 188 205 208
-3.9818 -3.8594 12.9890 165 209 255
-3.4647 -3.6279 12.2100 165 209 255
-4.6564 -5.3349 17.9550 164 210 255
13.3907 -18.1390 61.0480 252 255 251
9.8549 -12.0928 40.6990 140 141 154
5.7764 -6.4783 21.8030 127 133 135
6.0570 -6.2548 21.0510 94 99 62
6.5369 -6.2548 21.0510 124 123 77
8.1393 -7.2555 24.4190 87 92 55
9.0585 -7.5580 25.4370 49 61 67
11.5658 -9.0695 30.5240 133 143 146
15.3891 -11.3369 38.1550 127 133 135
14.4525 -10.0773 33.9160 89 95 97
14.4243 -9.5470 32.1310 100 103 102
11.9990 -7.5580 25.4370 88 89 80
11.6111 -6.9765 23.4800 104 98 83
-7.6269 -4.2951 14.5350 24 28 23
-8.0636 -4.7472 16.0650 55 61 42
-7.1344 -4.4000 14.8900 146 147 118
-5.6856 -3.6816 12.4590 73 75 66
-4.6433 -3.1648 10.7100 86 72 57
-6.5727 -4.7472 16.0650 67 73 31
-7.3705 -5.6375 19.0780 81 81 46
-6.9356 -5.6375 19.0780 103 112 60
-5.9433 -5.1541 17.4420 69 73 52
-4.8526 -4.5099 15.2620 165 201 236
-3.7538 -3.7582 12.7180 166 210 255
-3.8667 -4.1952 14.1970 164 208 254
-8.9622 -10.6117 35.9110 164 210 253
12.7155 -16.3996 55.4980 252 255 251
6.9903 -8.1998 27.7490 111 107 112
5.6231 -6.0131 20.3490 70 77 55
6.5219 -6.4428 21.8030 88 94 57
7.2787 -6.6812 22.6100 84 85 47
8.4176 -7.2158 24.4190 97 104 59
10.1981 -8.1998 27.7490 46 68 71
13.2376 -10.0221 33.9160 147 152 157
14.8348 -10.6117 35.9110 113 116 117
14.0057 -9.4947 32.1310 111 119 120
14.0010 -9.0198 30.5240 88 93 83
11.7574 -7.2158 24.4190 88 84 77
-7.4388 -4.0775 13.8750 24 28 23
-8.0352 -4.6000 15.6530 31 33 20
-7.4866 -4.4851 15.2620 97 104 64
-6.4899 -4.0775 13.8750 106 103 87
-4.9389 -3.2620 11.1000 70 66 57
-5.1545 -3.5882 12.2100 118 117 71
-7.3878 -5.4363 18.4990 54 57 32
-7.4157 -5.7872 19.6930 122 122 71
-6.7492 -5.6065 19.0780 113 120 75
-5.9427 -5.2765 17.9550 88 96 67
-4.4558 -4.2714 14.5350 168 210 254
-3.8495 -3.9867 13.5660 165 209 253
-6.1275 -6.9001 23.4800 164 210 253
12.1733 -16.3092 55.4980 252 255 251
9.8549 -11.9603 40.6990 137 135 149
5.7764 -6.4073 21.8030 125 131 133
6.0570 -6.1863 21.0510 66 70 40
6.5369 -6.1863 21.0510 97 97 62
7.8263 -6.9001 23.4800 74 78 48
8.6960 -7.1760 24.4190 49 63 67
11.6155 -8.9701 30.5240 138 148 151
15.3891 -11.2126 38.1550 140 146 146
13.6918 -9.4424 32.1310 110 118 117
13.7028 -8.9701 30.5240 93 90 85
11.5188 -7.1760 24.4190 101 100 85
11.1809 -6.6444 22.6100 113 112 86
-7.6269 -4.2478 14.5350 23 30 22
-7.8568 -4.5745 15.6530 48 54 37
-6.6481 -4.0549 13.8750 111 113 77
-5.4625 -3.4981 11.9700 69 67 55
-4.7943 -3.2439 11.1000 94 89 58
-6.9380 -4.9559 16.9580 109 117 68
-7.6081 -5.7551 19.6930 93 95 52
-6.9356 -5.5754 19.0780 76 79 40
-6.3035 -5.4062 18.4990 68 72 47
-5.2459 -4.8217 16.4990 155 174 178
-4.0041 -3.9646 13.5660 168 210 254
-4.1568 -4.4602 15.2620 165 209 253
-10.1572 -11.8940 40.6990 166 210 254
10.6828 -13.7237 46.9600 252 255 251
6.4493 -7.4338 25.4370 108 104 107
5.6231 -5.9469 20.3490 64 69 57
6.2969 -6.1520 21.0510 84 90 57
6.7768 -6.1520 21.0510 103 107 63
7.7941 -6.6076 22.6100 82 88 48
9.7549 -7.7570 26.5430 52 70 77
11.9137 -8.9204 30.5240 139 145 147
14.8348 -10.4947 35.9110 96 95 102
12.6719 -8.4958 29.0710 105 109 102
12.7282 -8.1095 27.7490 96 94 82
10.9232 -6.6076 22.6100 100 99 84
-7.4388 -4.0323 13.8750 22 29 23
-7.8345 -4.4354 15.2620 92 104 69
-6.8062 -4.0323 13.8750 83 89 52
-5.8276 -3.6208 12.4590 88 74 66
-4.9389 -3.2258 11.1000 68 61 51
-5.6024 -3.8568 13.2710 101 105 57
-7.6190 -5.5444 19.0780 102 98 62
-7.1841 -5.5444 19.0780 111 113 68
-6.9668 -5.7231 19.6930 75 81 46
-6.0926 -5.3761 18.4990 98 105 79
-4.7985 -4.5490 15.6530 167 210 251
-4.1244 -4.2241 14.5350 168 211 252
-6.6382 -7.3924 25.4370 164 211 251
11.9926 -16.1286 55.4980 252 255 251
10.4168 -12.6726 43.6060 251 255 250
5.7409 -6.3363 21.8030 122 118 119
6.0227 -6.1177 21.0510 65 64 36
6.5026 -6.1177 21.0510 94 94 59
7.4995 -6.5708 22.6100 66 71 41
8.3616 -6.8236 23.4800 51 65 69
11.0153 -8.4485 29.0710 131 137 137
14.4256 -10.4363 35.9110 93 98 103
12.9574 -8.8707 30.5240 114 121 115
13.0032 -8.4485 29.0710 105 103 82
11.4790 -7.0965 24.4190 124 126 94
11.1440 -6.5708 22.6100 117 121 91
-7.4727 -4.1028 14.1970 22 30 19
-7.6854 -4.4105 15.2620 33 42 24
-6.2447 -3.7537 12.9890 102 102 71
-5.3575 -3.3927 11.7400 70 64 51
-4.9941 -3.3288 11.5190 82 76 52
-6.9656 -4.9006 16.9580 112 118 60
-7.4016 -5.5133 19.0780 118 120 73
-7.1913 -5.6910 19.6930 101 109 57
-6.7424 -5.6910 19.6930 103 110 65
-5.5741 -5.0405 17.4420 115 118 93
-4.3138 -4.2004 14.5350 167 208 245
-4.5206 -4.7680 16.4990 166 210 254
-9.5844 -11.0263 38.1550 166 211 252
10.3770 -13.5708 46.9600 252 255 251
7.8849 -9.2855 32.1310 115 113 122
5.6457 -6.0835 21.0510 127 135 134
6.1256 -6.0835 21.0510 86 86 53
6.6054 -6.0835 21.0510 61 65 37
7.3384 -6.3008 21.8030 80 86 51
8.4380 -6.7854 23.4800 56 72 80
10.6047 -8.0191 27.7490 143 146 145
14.5425 -10.3778 35.9110 104 109 114
11.9149 -8.0191 27.7490 106 108 90
12.0021 -7.6706 26.5430 119 121 89
10.7391 -6.5340 22.6100 117 119 85
10.8528 -6.3008 21.8030 115 119 89
-7.5796 -4.1768 14.5350 51 55 34
-6.9192 -3.9871 13.8750 35 44 26
-5.8105 -3.5087 12.2100 106 104 81
-5.2191 -3.3101 11.5190 66 58 46
-5.0517 -3.3736 11.7400 82 84 50
-7.1076 -5.0121 17.4420 102 111 52
-7.0866 -5.3159 18.4990 118 121 67
-6.8735 -5.4822 19.0780 58 58 34
-6.8676 -5.8475 20.3490 89 94 64
-5.4889 -5.0121 17.4420 127 138 117
-4.4550 -4.3857 15.2620 128 151 158
-5.1340 -5.4822 19.0780 166 210 254
-11.5668 -13.4944 46.9600 166 211 252
10.1476 -13.4944 46.9600 252 255 251
8.5786 -10.3194 35.9110 251 254 253
5.7409 -6.2653 21.8030 130 126 117
6.0570 -6.0492 21.0510 82 84 50
6.3189 -5.8475 20.3490 65 66 39
7.0167 -6.0492 21.0510 64 69 41
8.0517 -6.4972 22.6100 66 74 75
10.0574 -7.6274 26.5430 135 139 134
12.9071 -9.2332 32.1310 106 114 115
11.7794 -7.9739 27.7490 100 100 76
11.3778 -7.3096 25.4370 119 121 85
11.0376 -6.7472 23.4800 104 106 70
10.7463 -6.2653 21.8030 100 106 73
-7.4496 -4.0565 14.1970 39 41 28
-7.1260 -4.0565 14.1970 36 48 22
-5.8503 -3.4888 12.2100 119 110 89
-5.2567 -3.2913 11.5190 69 61 49
-5.0899 -3.3545 11.7400 87 89 53
-6.9656 -4.8454 16.9580 128 132 73
-7.4016 -5.4512 19.0780 118 123 68
-6.9667 -5.4512 19.0780 120 128 74
-6.9670 -5.8144 20.3490 106 105 61
-6.0969 -5.4512 19.0780 122 125 84
-4.7417 -4.5903 16.0650 129 145 136
-5.3636 -5.6269 19.6930 166 210 254
-10.8826 -12.4596 43.6060 166 211 252
10.8275 -14.5360 50.8730 252 255 251
8.9904 -10.9021 38.1550 252 255 251
5.8798 -6.4604 22.6100 98 96 75
5.7556 -5.8144 20.3490 95 100 67
6.4340 -6.0149 21.0510 67 71 43
6.9139 -6.0149 21.0510 55 59 36
7.9413 -6.4604 22.6100 102 106 78
9.5555 -7.2682 25.4370 137 145 144
12.8025 -9.1808 32.1310 110 118 119
12.2459 -8.3065 29.0710 102 98 89
11.7860 -7.5842 26.5430 106 112 72
10.9612 -6.7090 23.4800 105 107 73
10.6753 -6.2298 21.8030 94 99 69
-7.3484 -3.9419 13.8750 52 58 39
-7.0321 -3.9419 13.8750 46 57 27
-5.7938 -3.4007 11.9700 89 79 67
-5.3129 -3.2726 11.5190 76 66 54
-5.0316 -3.2726 11.5190 96 103 63
-6.8308 -4.6874 16.4990 119 127 71
-7.2372 -5.2556 18.4990 118 124 66
-6.8155 -5.2556 18.4990 121 130 76
-7.0332 -5.7812 20.3490 134 133 89
-6.5694 -5.7812 20.3490 123 126 76
-4.9504 -4.6874 16.4990 134 143 123
-4.8357 -4.9553 17.4420 171 208 240
-9.1376 -10.2025 35.9110 165 211 254
6.2095 -15.7672 55.4980 252 255 254
8.3215 -17.3440 61.0480 250 255 254
11.3601 -15.7672 55.4980 252 255 251
8.6798 -10.8400 38.1550 252 255 251
6.1514 -6.9375 24.4190 120 116 105
5.5900 -5.7812 20.3490 110 114 84
6.2627 -5.9807 21.0510 81 81 48
6.5177 -5.7812 20.3490 85 87 53
7.4804 -6.1943 21.8030 56 56 36
8.5909 -6.6708 23.4800 130 141 141
10.3167 -7.5410 26.5430 99 105 107
12.0092 -8.2592 29.0710 92 96 91
10.6441 -6.9375 24.4190 97 99 65
10.7700 -6.6708 23.4800 110 113 74
10.4978 -6.1943 21.8030 85 88 65
11.4017 -6.4236 22.6100 148 152 122
-7.1451 -3.9194 13.8750 74 79 49
-5.7780 -3.3163 11.7400 75 77 59
-5.3062 -3.1934 11.3050 78 71 54
-5.1441 -3.2538 11.5190 89 92 51
-5.8800 -3.9194 13.8750 115 119 75
-7.3878 -5.2255 18.4990 107 113 55
-6.7612 -5.0719 17.9550 120 125 70
-6.7492 -5.3891 19.0780 122 125 75
-6.9674 -5.9464 21.0510 96 104 55
-5.7011 -5.2255 18.4990 141 146 113
-4.9777 -4.9269 17.4420 104 119 105
-7.2867 -7.8384 27.7490 166 210 254
-14.6392 -17.2446 61.0480 167 212 253
6.3547 -14.3704 50.8730 252 255 254
10.7276 -15.6769 55.4980 252 255 254
8.8610 -11.4965 40.6990 252 255 251
8.1573 -9.5805 33.9160 222 225 224
5.5772 -5.9464 21.0510 108 112 82
5.8550 -5.7481 20.3490 82 84 50
6.3189 -5.7481 20.3490 63 62 36
7.0167 -5.9464 21.0510 60 64 36
8.0517 -6.3868 22.6100 123 125 114
9.2526 -6.8978 24.4190 99 98 81
11.6779 -8.2119 29.0710 103 107 102
11.2674 -7.4978 26.5430 97 98 69
10.9622 -6.8978 24.4190 88 94 59
10.6655 -6.3868 22.6100 85 89 61
10.7818 -6.1588 21.8030 90 95 67
-7.1185 -3.8100 13.5660 45 49 28
-6.3836 -3.5718 12.7180 137 126 103
-5.3185 -3.1174 11.1000 139 121 99
-5.2567 -3.2351 11.5190 69 57 41
-5.4016 -3.4991 12.4590 103 111 66
-6.9656 -4.7626 16.9580 94 102 55
-6.9366 -5.0426 17.9550 115 121 63
-6.7251 -5.1954 18.4990 122 122 73
-6.9338 -5.7150 20.3490 113 118 67
-6.6932 -5.9121 21.0510 89 94 59
-5.2995 -5.0426 17.9550 121 127 94
-6.1581 -6.3500 22.6100 144 173 183
-9.5223 -10.7158 38.1550 166 211 252
5.2779 -14.2876 50.8730 254 254 254
5.9424 -13.1886 46.9600 252 255 254
10.0950 -15.5865 55.4980 150 157 163
8.9969 -12.2467 43.6060 252 255 251
7.3617 -9.0239 32.1310 218 221 222
5.9531 -6.5943 23.4800 107 105 84
5.6231 -5.7150 20.3490 97 103 68
6.2969 -5.9121 21.0510 84 89 52
6.5508 -5.7150 20.3490 65 68 45
7.5159 -6.1233 21.8030 77 77 55
8.3094 -6.3500 22.6100 120 121 110
9.9282 -7.1439 25.4370 112 123 121
11.4631 -7.7933 27.7490 97 98 85
10.2730 -6.5943 23.4800 69 67 44
10.8083 -6.5943 23.4800 88 93 58
10.5333 -6.1233 21.8030 70 76 57
-6.9638 -3.6268 12.9890 39 45 26
-6.6677 -3.6268 12.9890 81 76 47
-5.4450 -3.0993 11.1000 72 70 58
-5.1920 -3.0993 11.1000 81 72 55
-5.2237 -3.2780 11.7400 60 68 37
-6.1360 -4.0585 14.5350 96 103 56
-7.1705 -5.0134 17.9550 111 117 59
-6.7320 -5.0134 17.9550 126 129 75
-6.7182 -5.3270 19.0780 122 125 73
-6.7019 -5.6819 20.3490 76 78 42
-5.8484 -5.3270 19.0780 96 100 70
-5.4136 -5.3270 19.0780 100 107 81
-7.5865 -8.1172 29.0710 172 208 243
-14.5398 -17.0458 61.0480 169 212 253
4.6660 -12.1757 43.6060 254 254 254
4.9524 -10.6537 38.1550 161 161 157
10.0112 -17.0458 61.0480 190 197 201
8.8478 -13.1122 46.9600 250 255 254
7.5846 -10.0271 35.9110 252 255 251
6.8026 -8.1172 29.0710 247 253 251
5.5989 -6.0878 21.8030 78 78 54
5.6894 -5.6819 20.3490 80 85 52
6.3655 -5.8779 21.0510 62 67 34
6.6171 -5.6819 20.3490 86 84 63
7.5869 -6.0878 21.8030 115 117 83
8.3831 -6.3132 22.6100 113 110 94
9.6104 -6.8183 24.4190 99 103 98
10.6323 -7.1025 25.4370 108 106 85
10.3495 -6.5561 23.4800 76 76 52
10.4814 -6.3132 22.6100 72 77 49
10.6043 -6.0878 21.8030 64 74 49
-6.6390 -3.4585 12.4590 44 54 31
-6.3550 -3.4585 12.4590 154 142 111
-5.2188 -2.9730 10.7100 72 65 55
-5.2510 -3.1382 11.3050 77 63 46
-5.5030 -3.4585 12.4590 49 59 34
-6.3932 -4.2366 15.2620 80 86 44
-7.0828 -4.9842 17.9550 76 77 37
-6.6735 -4.9842 17.9550 129 134 79
-6.6561 -5.2959 19.0780 123 123 72
-6.8646 -5.8436 21.0510 85 87 53
-5.9728 -5.4666 19.6930 129 132 91
-5.9049 -5.8436 21.0510 86 93 71
-7.8663 -8.4732 30.5240 177 206 234
5.3396 -16.9465 61.0480 250 255 255
4.8080 -12.1047 43.6060 254 254 254
5.4152 -11.2977 40.6990 230 219 214
10.3094 -16.9465 61.0480 188 194 196
8.3579 -12.1047 43.6060 250 255 254
7.2737 -9.4148 33.9160 252 255 251
6.8973 -8.0699 29.0710 121 122 116
5.4743 -5.8436 21.0510 89 90 61
5.7556 -5.6487 20.3490 92 97 62
6.2195 -5.6487 20.3490 59 62 39
6.9139 -5.8436 21.0510 77 73 46
7.6579 -6.0524 21.8030 120 122 86
8.4567 -6.2764 22.6100 107 107 83
10.1353 -7.0611 25.4370 107 105 86
10.2863 -6.7785 24.4190 106 107 78
10.4260 -6.5179 23.4800 61 64 43
10.5550 -6.2764 22.6100 105 110 75
11.0704 -6.2764 22.6100 66 73 49
-6.5985 -3.4382 12.4590 46 55 35
-6.0666 -3.3033 11.9700 163 148 120
-5.0948 -2.9048 10.5260 80 67 54
-5.3129 -3.1788 11.5190 108 111 72
-5.8185 -3.6623 13.2710 51 61 34
-6.8308 -4.5531 16.4990 69 72 33
-7.0243 -4.9549 17.9550 62 64 32
-6.4261 -4.8134 17.4420 122 126 69
-6.5939 -5.2649 19.0780 122 122 73
-6.5694 -5.6156 20.3490 63 67 39
-5.7242 -5.2649 19.0780 128 130 83
-6.0448 -6.0169 21.8030 105 107 89
-7.7669 -8.4235 30.5240 174 210 245
5.3396 -16.8471 61.0480 250 255 255
4.2070 -10.5294 38.1550 254 254 254
4.8366 -9.9102 35.9110 153 143 141
8.7396 -15.3155 55.4980 183 189 189
7.8609 -12.0337 43.6060 138 138 140
6.8872 -9.3596 33.9160 252 255 254
6.5660 -8.0226 29.0710 252 255 251
5.8384 -6.4797 23.4800 89 94 64
5.5237 -5.6156 20.3490 73 78 48
6.1941 -5.8093 21.0510 62 66 41
6.4514 -5.6156 20.3490 55 55 35
7.1538 -5.8093 21.0510 105 110 75
7.9419 -6.0169 21.8030 109 107 70
8.7512 -6.2396 22.6100 99 98 81
10.0080 -6.7388 24.4190 111 113 79
9.7820 -6.2396 22.6100 65 69 44
10.2973 -6.2396 22.6100 62 66 45
10.4268 -6.0169 21.8030 71 78 54
11.3281 -6.2396 22.6100 88 93 63
-6.2031 -3.2838 11.9700 165 149 128
-5.3060 -2.9381 10.7100 105 92 70
-5.1521 -2.9905 10.9010 76 60 39
-5.5842 -3.4180 12.4590 43 55 29
-6.0396 -3.8948 14.1970 72 78 43
-7.0224 -4.7850 17.4420 92 94 49
-6.6249 -4.7850 17.4420 92 96 48
-6.4104 -4.9257 17.9550 137 137 86
-6.3765 -5.2338 19.0780 76 77 39
-6.5561 -5.7751 21.0510 54 56 40
-5.8736 -5.5825 20.3490 131 130 86
-6.7624 -6.9783 25.4370 114 118 95
-9.2116 -10.4673 38.1550 179 208 234
3.9573 -11.1652 40.6990 254 254 254
3.6638 -8.3739 30.5240 254 254 254
5.8128 -11.1652 40.6990 219 213 217
7.7774 -12.8829 46.9600 144 146 133
6.7661 -9.8517 35.9110 250 255 254
6.1400 -7.9752 29.0710 252 255 254
5.9523 -6.9783 25.4370 145 148 149
5.4058 -5.7751 21.0510 59 62 39
5.6894 -5.5825 20.3490 52 55 34
6.3998 -5.7751 21.0510 47 49 31
6.6502 -5.5825 20.3490 99 101 67
7.6224 -5.9814 21.8030 111 114 73
8.1193 -5.9814 21.8030 115 115 82
9.2791 -6.4414 23.4800 98 96 77
10.2068 -6.6990 24.4190 80 78 55
9.9660 -6.2028 22.6100 63 66 45
10.4814 -6.2028 22.6100 73 77 54
10.9968 -6.2028 22.6100 57 64 42
-6.5063 -3.3298 12.2100 48 53 43
-5.9692 -3.2016 11.7400 119 104 78
-5.1120 -2.8705 10.5260 66 59 49
-5.4340 -3.2016 11.7400 81 86 49
-6.1059 -3.7838 13.8750 36 45 25
-6.5315 -4.2687 15.6530 77 87 46
-6.8804 -4.7566 17.4420 79 82 41
-6.4829 -4.7566 17.4420 110 114 66
-6.4540 -5.0448 18.4990 122 127 72
-6.6356 -5.5494 20.3490 54 55 26
-6.3847 -5.7408 21.0510 71 75 50
-6.5480 -6.4032 23.4800 118 121 82
-7.4445 -7.9279 29.0710 179 197 204
-12.9469 -15.1348 55.4980 168 200 230
3.7841 -9.7933 35.9110 254 254 254
3.7260 -7.9279 29.0710 229 227 219
7.0893 -12.8064 46.9600 174 173 177
7.5769 -11.8918 43.6060 133 131 112
5.9996 -8.3242 30.5240 252 255 254
6.0867 -7.5674 27.7490 252 255 251
5.9129 -6.6593 24.4190 77 84 62
5.4243 -5.5494 20.3490 57 60 42
6.0913 -5.7408 21.0510 91 94 55
6.3520 -5.5494 20.3490 92 95 56
7.0510 -5.7408 21.0510 103 109 67
7.5308 -5.7408 21.0510 91 93 61
8.2968 -5.9459 21.8030 103 107 79
9.1193 -6.1660 22.6100 97 98 69
10.0054 -6.4032 23.4800 75 80 52
10.1501 -6.1660 22.6100 70 73 52
10.6655 -6.1660 22.6100 91 95 67
11.2177 -6.1660 22.6100 78 86 57
-6.0256 -3.1226 11.5190 150 133 115
-5.4538 -2.9551 10.9010 102 85 60
-5.0263 -2.8534 10.5260 73 56 38
-5.6653 -3.3774 12.4590 38 53 28
-6.1320 -3.8485 14.1970 41 50 30
-6.9380 -4.5970 16.9580 68 72 42
-6.5515 -4.5970 16.9580 68 73 36
-6.3409 -4.7282 17.4420 108 108 59
-6.3035 -5.0147 18.4990 125 130 77
-6.4369 -5.5162 20.3490 41 43 30
-5.9730 -5.5162 20.3490 112 114 67
-6.6111 -6.6195 24.4190 127 128 90
-7.9665 -8.7101 32.1310 136 160 162
4.4496 -13.7907 50.8730 250 255 255
3.3656 -8.2745 30.5240 254 254 254
3.6921 -7.5222 27.7490 136 132 125
6.7959 -11.8208 43.6060 149 147 135
6.4152 -9.7348 35.9110 143 145 127
5.5897 -7.5222 27.7490 218 221 220
5.5153 -6.6195 24.4190 252 255 251
5.4214 -5.9104 21.8030 68 72 49
5.5237 -5.5162 20.3490 50 53 35
6.1941 -5.7065 21.0510 81 85 57
6.4514 -5.5162 20.3490 87 88 48
7.1538 -5.7065 21.0510 80 85 52
7.6337 -5.7065 21.0510 101 104 63
8.4033 -5.9104 21.8030 102 98 73
9.2298 -6.1291 22.6100 100 102 66
9.7451 -6.1291 22.6100 65 72 46
10.2973 -6.1291 22.6100 64 67 49
10.8127 -6.1291 22.6100 82 85 67
11.3281 -6.1291 22.6100 86 91 63
-5.8584 -3.0462 11.3050 137 115 91
-5.3060 -2.8858 10.7100 78 61 43
-5.2462 -2.9909 11.1000 58 51 30
-6.1024 -3.6554 13.5660 30 44 24
-6.3586 -4.0122 14.8900 40 49 31
-6.8552 -4.5694 16.9580 77 81 51
-6.4686 -4.5694 16.9580 69 75 42
-6.4104 -4.8380 17.9550 119 122 68
-6.1830 -4.9846 18.4990 98 102 58
-6.5561 -5.6723 21.0510 43 49 32
-6.2933 -5.8749 21.8030 135 138 88
-6.4918 -6.5798 24.4190 125 122 81
-8.2434 -9.1388 33.9160 93 103 91
3.9560 -11.7498 43.6060 254 254 254
3.3000 -7.8333 29.0710 254 254 254
4.7888 -9.1388 33.9160 250 242 230
6.6742 -10.9665 40.6990 110 114 91
6.0539 -8.6578 32.1310 213 214 208
5.6061 -7.1521 26.5430 252 255 249
5.4943 -6.3268 23.4800 138 142 137
5.4058 -5.6723 21.0510 65 68 45
5.6894 -5.4831 20.3490 48 51 33
6.3655 -5.6723 21.0510 51 53 35
6.6171 -5.4831 20.3490 101 105 61
7.3252 -5.6723 21.0510 81 87 50
7.8050 -5.6723 21.0510 89 94 57
8.5808 -5.8749 21.8030 98 90 76
9.4506 -6.0923 22.6100 94 99 66
9.9660 -6.0923 22.6100 65 69 48
10.4814 -6.0923 22.6100 112 121 103
10.9968 -6.0923 22.6100 61 62 49
-6.0241 -3.0278 11.3050 58 59 50
-5.7664 -3.0278 11.3050 83 71 55
-5.1291 -2.8191 10.5260 59 51 39
-5.6714 -3.2702 12.2100 41 48 24
-6.4200 -3.8928 14.5350 26 35 15
-6.7034 -4.3026 16.0650 40 54 32
-6.8804 -4.6714 17.4420 94 101 54
-6.4829 -4.6714 17.4420 85 89 43
-6.2643 -4.8088 17.9550 102 111 59
-6.4217 -5.2743 19.6930 54 54 23
-6.3847 -5.6380 21.0510 50 53 37
-6.3422 -6.0555 22.6100 126 129 79
-6.5553 -6.8127 25.4370 122 123 85
-10.2437 -11.6788 43.6060 134 151 154
3.4333 -9.6179 35.9110 254 254 254
3.0503 -6.5400 24.4190 209 209 203
5.3043 -9.6179 35.9110 213 204 195
5.7827 -9.0836 33.9160 110 110 86
5.3638 -7.4319 27.7490 253 254 248
5.2767 -6.5400 24.4190 252 255 251
5.4012 -6.0555 22.6100 65 66 60
5.5086 -5.6380 21.0510 59 62 37
5.7888 -5.4500 20.3490 80 82 50
6.4683 -5.6380 21.0510 58 61 38
6.9482 -5.6380 21.0510 104 108 64
7.4623 -5.6380 21.0510 73 78 48
7.9421 -5.6380 21.0510 112 116 68
8.7228 -5.8394 21.8030 109 103 88
9.2198 -5.8394 21.8030 68 71 48
10.0765 -6.0555 22.6100 77 77 53
10.5918 -6.0555 22.6100 118 119 115
11.1072 -6.0555 22.6100 66 69 53
-5.8606 -2.9548 11.1000 58 59 48
-5.6076 -2.9548 11.1000 68 55 42
-5.1665 -2.8510 10.7100 64 57 38
-5.9486 -3.4576 12.9890 36 51 26
-6.6417 -4.0627 15.2620 26 34 19
-6.8039 -4.3920 16.4990 33 47 27
-6.7952 -4.6430 17.4420 54 59 29
-6.3977 -4.6430 17.4420 102 104 57
-6.1766 -4.7796 17.9550 108 116 64
-6.5362 -5.4169 20.3490 37 38 25
-6.2819 -5.6037 21.0510 101 108 66
-6.4715 -6.2503 23.4800 120 119 73
-6.7107 -7.0657 26.5430 127 124 90
-10.7257 -12.5006 46.9600 175 188 187
3.4615 -10.1568 38.1550 254 254 254
2.8243 -6.0187 22.6100 171 168 163
4.7460 -8.5532 32.1310 169 161 147
5.2044 -8.1254 30.5240 101 101 79
4.9169 -6.7713 25.4370 208 209 200
5.0738 -6.2503 23.4800 253 254 245
5.4012 -6.0187 22.6100 65 66 60
5.5086 -5.6037 21.0510 71 72 45
5.7888 -5.4169 20.3490 104 106 72
6.5026 -5.6037 21.0510 84 88 60
6.9824 -5.6037 21.0510 93 96 55
7.4623 -5.6037 21.0510 73 77 49
7.9421 -5.6037 21.0510 105 109 63
8.4220 -5.6037 21.0510 114 109 91
9.2198 -5.8039 21.8030 68 67 50
10.0765 -6.0187 22.6100 78 77 51
10.5918 -6.0187 22.6100 121 121 121
11.5346 -6.2503 23.4800 74 78 57
-5.7556 -2.8841 10.9010 57 53 42
-5.4893 -2.8841 10.9010 71 58 36
-5.3365 -2.9367 11.1000 68 70 36
-6.2129 -3.5892 13.5660 33 44 23
-6.8119 -4.1413 15.6530 25 35 19
-6.8039 -4.3651 16.4990 29 43 23
-6.7952 -4.6146 17.4420 44 51 27
-6.3977 -4.6146 17.4420 101 103 56
-6.1766 -4.7504 17.9550 111 116 65
-6.5362 -5.3837 20.3490 35 36 25
-6.2819 -5.5695 21.0510 97 104 62
-6.4333 -6.2121 23.4800 124 128 80
-6.6675 -7.0225 26.5430 124 122 85
-10.7257 -12.4242 46.9600 151 160 142
3.4615 -10.0947 38.1550 254 254 254
2.8243 -5.9819 22.6100 150 147 142
4.7460 -8.5009 32.1310 135 130 108
5.2044 -8.0757 30.5240 121 121 101
4.9169 -6.7299 25.4370 190 188 176
5.0738 -6.2121 23.4800 188 186 178
5.4012 -5.9819 22.6100 64 65 59
5.5429 -5.5695 21.0510 65 65 34
5.8219 -5.3837 20.3490 75 77 43
6.5026 -5.5695 21.0510 88 93 60
7.2319 -5.7684 21.8030 95 95 60
7.4623 -5.5695 21.0510 72 75 50
7.9421 -5.5695 21.0510 94 97 56
8.4220 -5.5695 21.0510 110 105 87
9.2198 -5.7684 21.8030 69 67 48
10.0765 -5.9819 22.6100 79 75 50
10.5918 -5.9819 22.6100 122 122 124
11.5728 -6.2121 23.4800 92 99 75
-5.7378 -2.8663 10.9010 61 48 37
-5.5896 -2.9187 11.1000 69 55 36
-5.5380 -3.0288 11.5190 65 70 37
-6.5019 -3.7330 14.1970 29 40 21
-6.8119 -4.1158 15.6530 26 34 19
-6.8039 -4.3383 16.4990 25 38 21
-6.7952 -4.5862 17.4420 38 45 23
-6.2201 -4.4590 16.9580 96 100 54
-6.1766 -4.7211 17.9550 115 120 69
-6.5031 -5.3506 20.3490 33 35 24
-6.2476 -5.5352 21.0510 103 110 68
-6.1949 -5.9451 22.6100 122 129 80
-6.3897 -6.6885 25.4370 124 122 83
-9.9597 -11.4659 43.6060 145 150 120
3.8850 -11.4659 43.6060 254 254 254
2.6880 -5.7329 21.8030 228 229 225
4.2467 -7.6440 29.0710 119 119 97
4.6861 -7.2964 27.7490 96 99 81
4.6803 -6.4208 24.4190 127 129 113
4.8858 -5.9451 22.6100 177 178 165
5.2084 -5.7329 21.8030 67 66 66
5.5086 -5.5352 21.0510 92 89 57
5.7888 -5.3506 20.3490 90 92 58
6.4683 -5.5352 21.0510 95 100 65
6.9482 -5.5352 21.0510 77 77 44
7.4280 -5.5352 21.0510 63 66 43
7.6441 -5.3506 20.3490 83 86 47
8.3877 -5.5352 21.0510 114 109 89
8.8676 -5.5352 21.0510 71 69 48
10.0765 -5.9451 22.6100 78 74 47
10.5918 -5.9451 22.6100 122 121 123
11.5346 -6.1739 23.4800 93 97 74
-5.7556 -2.8486 10.9010 53 45 33
-5.6076 -2.9006 11.1000 60 46 29
-5.4535 -2.9542 11.3050 55 59 29
-6.3770 -3.6257 13.8750 26 35 15
-7.0173 -4.1980 16.0650 26 36 20
-7.0208 -4.4314 16.9580 20 33 18
-6.7952 -4.5578 17.4420 34 40 21
-6.2201 -4.4314 16.9580 92 99 52
-6.1766 -4.6919 17.9550 112 117 66
-6.5362 -5.3175 20.3490 37 41 34
-6.2819 -5.5009 21.0510 95 101 59
-6.2317 -5.9083 22.6100 91 97 55
-6.1737 -6.3810 24.4190 116 118 75
-8.7768 -9.9704 38.1550 111 113 81
4.9420 -15.9527 61.0480 152 167 182
2.7538 -6.9361 26.5430 254 254 254
3.5502 -6.6471 25.4370 113 117 87
4.3096 -6.9361 26.5430 72 79 57
4.5213 -6.3810 24.4190 157 156 139
4.7018 -5.9083 22.6100 94 97 79
5.0309 -5.6974 21.8030 169 167 157
5.3373 -5.5009 21.0510 57 60 42
5.6231 -5.3175 20.3490 80 82 46
6.2969 -5.5009 21.0510 93 99 62
6.7768 -5.5009 21.0510 44 47 29
7.2566 -5.5009 21.0510 71 72 43
7.7708 -5.5009 21.0510 55 58 33
8.2506 -5.5009 21.0510 112 112 81
8.7305 -5.5009 21.0510 97 94 78
9.5393 -5.6974 21.8030 80 78 57
10.4078 -5.9083 22.6100 126 127 123
11.3435 -6.1357 23.4800 85 86 75
-5.7419 -2.7812 10.7100 63 52 43
-5.6980 -2.8825 11.1000 53 44 25
-5.6505 -2.9913 11.5190 38 40 22
-6.2074 -3.4463 13.2710 29 32 16
-7.1219 -4.1719 16.0650 26 34 19
-6.9383 -4.2846 16.4990 26 36 22
-6.9372 -4.5295 17.4420 35 45 31
-6.3582 -4.4038 16.9580 65 70 42
-6.1421 -4.5295 17.4420 86 93 51
-6.4859 -5.1140 19.6930 49 48 33
-6.4533 -5.4667 21.0510 86 98 63
-6.1868 -5.6619 21.8030 118 123 70
-6.1275 -6.0974 23.4800 97 105 60
-6.9239 -7.5493 29.0710 76 80 50
-11.8626 -14.4121 55.4980 160 168 157
3.1242 -8.3440 32.1310 254 254 254
2.9715 -5.8715 22.6100 104 103 86
4.2795 -7.2060 27.7490 62 65 47
4.3225 -6.3413 24.4190 124 127 102
4.5177 -5.8715 22.6100 124 120 93
4.8534 -5.6619 21.8030 147 149 133
5.3504 -5.6619 21.8030 47 55 40
5.4575 -5.2844 20.3490 104 108 64
6.1256 -5.4667 21.0510 74 79 46
6.6397 -5.4667 21.0510 57 62 32
7.1195 -5.4667 21.0510 55 55 31
7.5994 -5.4667 21.0510 57 61 40
7.8098 -5.2844 20.3490 97 100 61
8.5591 -5.4667 21.0510 118 114 87
9.3618 -5.6619 21.8030 106 108 74
10.2237 -5.8715 22.6100 121 119 109
11.1523 -6.0974 23.4800 94 85 88
11.6875 -6.0974 23.4800 154 150 139
-5.6846 -2.8131 10.9010 58 46 30
-5.6192 -2.9174 11.3050 40 40 20
-5.9088 -3.2152 12.4590 36 40 19
-6.8902 -3.9385 15.2620 28 39 20
-7.0726 -4.2577 16.4990 25 27 18
-6.8828 -4.3762 16.9580 20 30 16
-6.6816 -4.5011 17.4420 44 50 31
-6.1097 -4.3762 16.9580 67 68 39
-6.2432 -4.7738 18.4990 75 79 49
-6.6246 -5.4324 21.0510 42 57 70
-6.1448 -5.4324 21.0510 99 106 57
-6.0477 -5.8347 22.6100 65 66 39
-6.2240 -6.5642 25.4370 89 91 55
-9.0306 -10.5027 40.6990 124 129 92
4.0309 -12.1184 46.9600 222 227 234
2.5298 -5.8347 22.6100 254 254 254
3.2388 -6.0592 23.4800 84 88 63
4.0886 -6.5642 25.4370 64 71 49
4.1496 -5.8347 22.6100 121 120 94
4.4984 -5.6265 21.8030 88 91 73
4.9954 -5.6265 21.8030 152 153 142
5.5279 -5.6265 21.8030 48 54 35
5.8171 -5.4324 21.0510 97 103 61
6.2969 -5.4324 21.0510 79 84 54
6.7768 -5.4324 21.0510 42 48 29
7.2566 -5.4324 21.0510 77 81 51
7.7365 -5.4324 21.0510 82 86 56
7.9423 -5.2512 20.3490 113 116 77
8.6962 -5.4324 21.0510 123 118 96
9.5038 -5.6265 21.8030 107 108 70
10.3710 -5.8347 22.6100 112 114 105
11.3435 -6.0592 23.4800 125 122 117
-5.7419 -2.7464 10.7100 54 44 32
-5.6980 -2.8464 11.1000 46 39 22
-5.8717 -3.0695 11.9700 30 33 17
-6.4899 -3.5580 13.8750 25 27 14
-7.3412 -4.2309 16.4990 25 33 20
-7.1589 -4.3486 16.9580 25 33 22
-6.9656 -4.4727 17.4420 25 35 21
-6.3858 -4.3486 16.9580 48 55 31
-6.1705 -4.4727 17.4420 75 81 48
-6.7019 -5.2181 20.3490 50 52 39
-6.4533 -5.3981 21.0510 62 81 81
-6.1868 -5.5910 21.8030 99 106 57
-5.9004 -5.7979 22.6100 66 70 45
-6.3218 -6.8064 26.5430 83 84 57
-8.2177 -9.7841 38.1550 103 107 77
3.2579 -9.2087 35.9110 254 254 254
2.6170 -5.5910 21.8030 254 254 254
3.4876 -6.2618 24.4190 72 75 54
4.0442 -6.2618 24.4190 74 77 59
4.2968 -5.7979 22.6100 105 109 81
4.6404 -5.5910 21.8030 102 105 89
5.1374 -5.5910 21.8030 126 127 116
5.6344 -5.5910 21.8030 94 94 59
5.9199 -5.3981 21.0510 72 77 49
6.3998 -5.3981 21.0510 65 73 42
6.8796 -5.3981 21.0510 63 66 41
7.3595 -5.3981 21.0510 61 66 36
7.8393 -5.3981 21.0510 50 54 29
8.3534 -5.3981 21.0510 112 118 78
8.8333 -5.3981 21.0510 115 114 86
9.6458 -5.5910 21.8030 68 70 52
10.9229 -6.0210 23.4800 123 123 119
11.4582 -6.0210 23.4800 120 119 119
-5.7911 -2.7776 10.9010 43 37 24
-5.8568 -2.9351 11.5190 34 31 17
-6.1765 -3.2406 12.7180 32 38 21
-6.8920 -3.7940 14.8900 25 30 16
-7.4626 -4.3209 16.9580 29 37 24
-7.2496 -4.4443 17.4420 22 32 18
-6.8520 -4.4443 17.4420 25 33 20
-6.4545 -4.4443 17.4420 43 52 32
-6.2350 -4.5750 17.9550 49 56 32
-6.8303 -5.3639 21.0510 142 160 187
-6.3504 -5.3639 21.0510 80 89 55
-6.3054 -5.7611 22.6100 55 58 35
-6.0128 -5.9828 23.4800 73 72 46
-6.4734 -7.0705 27.7490 124 123 77
-9.8847 -11.9655 46.9600 95 99 76
3.1242 -8.1871 32.1310 254 254 254
2.6170 -5.5555 21.8030 254 255 251
3.3535 -5.9828 23.4800 69 68 51
3.7446 -5.7611 22.6100 74 76 58
4.1079 -5.5555 21.8030 101 105 75
4.4461 -5.3639 21.0510 80 81 70
5.1019 -5.5555 21.8030 85 86 77
5.5989 -5.5555 21.8030 84 90 57
5.6894 -5.1850 20.3490 59 67 36
6.3655 -5.3639 21.0510 64 68 43
6.8796 -5.3639 21.0510 63 66 41
7.3595 -5.3639 21.0510 55 59 34
7.8393 -5.3639 21.0510 69 77 48
8.3192 -5.3639 21.0510 111 114 73
8.7990 -5.3639 21.0510 106 108 74
9.6103 -5.5555 21.8030 73 76 58
10.8847 -5.9828 23.4800 126 126 120
11.4199 -5.9828 23.4800 126 122 123
-5.8088 -2.7599 10.9010 36 34 22
-5.8756 -2.9163 11.5190 33 32 17
-6.1765 -3.2199 12.7180 30 35 21
-6.8920 -3.7698 14.8900 25 30 16
-7.4626 -4.2933 16.9580 29 34 22
-7.2780 -4.4159 17.4420 21 29 18
-6.8804 -4.4159 17.4420 19 29 15
-6.4829 -4.4159 17.4420 28 37 19
-6.2643 -4.5458 17.9550 43 47 26
-6.8646 -5.3296 21.0510 67 78 99
-6.3847 -5.3296 21.0510 51 64 61
-6.1158 -5.5200 21.8030 57 59 27
-5.7900 -5.7243 22.6100 78 79 50
-5.9341 -6.4400 25.4370 118 118 69
-9.1787 -11.0400 43.6060 89 92 71
3.0719 -8.1348 32.1310 254 254 254
2.6770 -5.7243 22.6100 239 240 234
3.1924 -5.7243 22.6100 69 66 52
3.5755 -5.5200 21.8030 65 68 47
3.9320 -5.3296 21.0510 102 106 78
4.4118 -5.3296 21.0510 70 71 58
4.8917 -5.3296 21.0510 83 83 77
5.5989 -5.5200 21.8030 82 87 57
5.6894 -5.1519 20.3490 45 52 28
6.3655 -5.3296 21.0510 60 64 41
6.8453 -5.3296 21.0510 58 62 41
7.3252 -5.3296 21.0510 46 53 31
7.8050 -5.3296 21.0510 69 73 48
8.0086 -5.1519 20.3490 112 115 74
8.7647 -5.3296 21.0510 96 98 64
9.5748 -5.5200 21.8030 83 84 55
10.8465 -5.9446 23.4800 161 157 146
11.4199 -5.9446 23.4800 129 125 128
-5.8088 -2.7421 10.9010 25 27 16
-6.1056 -3.0110 11.9700 31 32 19
-6.4667 -3.3383 13.2710 28 33 19
-7.0890 -3.8391 15.2620 27 32 18
-7.4902 -4.2657 16.9580 30 35 23
-7.3064 -4.3875 17.4420 19 27 16
-7.1120 -4.5165 17.9550 18 28 14
-6.5113 -4.3875 17.4420 29 34 20
-6.2935 -4.5165 17.9550 43 46 28
-7.1098 -5.4845 21.8030 67 82 106
-6.3847 -5.2953 21.0510 50 59 52
-6.1158 -5.4845 21.8030 60 61 34
-5.8268 -5.6875 22.6100 67 70 49
-5.9755 -6.3986 25.4370 109 106 61
-8.0934 -9.5978 38.1550 73 76 55
3.1873 -8.5315 33.9160 252 255 254
2.6402 -5.6875 22.6100 177 176 176
3.1556 -5.6875 22.6100 74 68 55
3.6710 -5.6875 22.6100 69 73 52
3.9320 -5.2953 21.0510 98 102 72
4.4118 -5.2953 21.0510 91 93 77
4.8917 -5.2953 21.0510 89 88 88
5.7693 -5.6875 22.6100 67 71 46
5.8514 -5.2953 21.0510 49 55 36
6.3312 -5.2953 21.0510 53 56 38
6.8111 -5.2953 21.0510 67 71 46
7.2909 -5.2953 21.0510 44 51 29
7.7708 -5.2953 21.0510 52 56 33
8.2506 -5.2953 21.0510 107 110 69
8.7647 -5.2953 21.0510 97 99 63
9.5748 -5.4845 21.8030 77 78 49
10.8465 -5.9063 23.4800 128 124 113
11.3817 -5.9063 23.4800 129 128 130
-5.9329 -2.7741 11.1000 27 29 16
-6.2479 -3.0515 12.2100 29 32 16
-6.7836 -3.4676 13.8750 23 31 16
-7.2961 -3.9120 15.6530 25 27 14
-7.5178 -4.2381 16.9580 23 31 18
-7.3348 -4.3591 17.4420 23 27 20
-7.1120 -4.4873 17.9550 19 29 15
-6.5113 -4.3591 17.4420 28 33 19
-6.2935 -4.4873 17.9550 46 49 33
-6.8988 -5.2611 21.0510 72 92 118
-6.6483 -5.4490 21.8030 57 64 56
-6.1513 -5.4490 21.8030 67 70 47
-5.8636 -5.6507 22.6100 56 59 36
-5.7761 -6.1028 24.4190 114 114 65
-7.6759 -8.9749 35.9110 76 74 55
3.6260 -10.1715 40.6990 252 255 254
2.6654 -5.8681 23.4800 250 250 250
2.9720 -5.4490 21.8030 141 141 119
3.4690 -5.4490 21.8030 95 94 66
3.8292 -5.2611 21.0510 96 100 72
4.3090 -5.2611 21.0510 93 95 63
4.6292 -5.0856 20.3490 92 91 93
5.6589 -5.6507 22.6100 45 50 36
5.7485 -5.2611 21.0510 49 52 31
6.0207 -5.0856 20.3490 48 47 32
6.7425 -5.2611 21.0510 44 53 33
7.2224 -5.2611 21.0510 51 54 36
7.7022 -5.2611 21.0510 63 66 41
7.9092 -5.0856 20.3490 109 115 73
8.6619 -5.2611 21.0510 97 100 59
9.1417 -5.2611 21.0510 100 103 64
10.3342 -5.6507 22.6100 106 102 95
11.7176 -6.1028 24.4190 126 125 127
11.8022 -5.8681 23.4800 134 123 114
-6.1836 -2.9721 11.9700 27 33 14
-6.6767 -3.3683 13.5660 27 35 20
-7.1635 -3.7894 15.2620 22 27 13
-7.5731 -4.2105 16.9580 19 27 14
-7.3916 -4.3307 17.4420 24 29 19
-7.1997 -4.4581 17.9550 20 30 16
-6.7905 -4.4581 17.9550 41 47 30
-6.3812 -4.4581 17.9550 87 92 62
-7.0017 -5.2268 21.0510 176 205 233
-6.7548 -5.4135 21.8030 32 49 61
-6.2578 -5.4135 21.8030 58 63 28
-5.9372 -5.6139 22.6100 48 55 33
-5.6305 -5.8299 23.4800 127 127 76
-6.9726 -7.9779 32.1310 74 69 49
4.2839 -12.6313 50.8730 156 168 184
2.7218 -6.3158 25.4370 254 254 254
2.8300 -5.4135 21.8030 75 78 60
3.3270 -5.4135 21.8030 73 72 44
3.6921 -5.2268 21.0510 95 95 62
4.1719 -5.2268 21.0510 98 100 68
4.4966 -5.0525 20.3490 254 255 246
5.5485 -5.6139 22.6100 51 55 50
5.8474 -5.4135 21.8030 55 55 35
5.9213 -5.0525 20.3490 53 56 38
6.6054 -5.2268 21.0510 50 53 37
7.0853 -5.2268 21.0510 46 47 36
7.5651 -5.2268 21.0510 39 41 28
7.7767 -5.0525 20.3490 97 102 65
8.5248 -5.2268 21.0510 105 109 63
9.0046 -5.2268 21.0510 80 86 51
10.1869 -5.6139 22.6100 65 66 60
11.5983 -6.0630 24.4190 127 124 121
11.6875 -5.8299 23.4800 148 140 137
-6.2420 -2.9526 11.9700 25 30 16
-6.7651 -3.3462 13.5660 27 33 16
-7.2629 -3.7646 15.2620 25 30 16
-7.6835 -4.1829 16.9580 24 29 15
-7.5052 -4.3023 17.4420 23 31 20
-7.3167 -4.4288 17.9550 20 33 18
-7.1167 -4.5630 18.4990 29 34 24
-6.3125 -4.3023 17.4420 47 59 35
-7.1045 -5.1925 21.0510 158 185 207
-6.8613 -5.3780 21.8030 92 119 132
-6.3643 -5.3780 21.8030 58 62 34
-6.0845 -5.5771 22.6100 50 54 33
-5.5691 -5.5771 22.6100 126 128 81
-5.9328 -6.5472 26.5430 107 103 67
-12.2537 -15.0583 61.0480 142 140 130
2.7885 -6.8447 27.7490 254 254 254
2.7875 -5.5771 22.6100 101 102 93
3.1850 -5.3780 21.8030 90 90 66
3.5892 -5.1925 21.0510 111 117 77
4.0691 -5.1925 21.0510 76 80 52
4.3972 -5.0194 20.3490 147 147 143
5.2084 -5.3780 21.8030 224 229 236
5.7054 -5.3780 21.8030 48 51 33
5.9885 -5.1925 21.0510 55 58 42
6.4683 -5.1925 21.0510 48 49 36
7.1964 -5.3780 21.8030 60 60 40
7.4280 -5.1925 21.0510 37 39 28
7.9079 -5.1925 21.0510 53 56 33
8.4220 -5.1925 21.0510 66 71 41
8.9018 -5.1925 21.0510 89 95 58
10.0765 -5.5771 22.6100 91 89 81
11.4393 -6.0233 24.4190 118 111 105
11.5346 -5.7917 23.4800 129 125 128
-6.1986 -2.8767 11.7400 22 27 15
-6.7044 -3.2519 13.2710 32 37 23
-7.1829 -3.6486 14.8900 27 32 18
-7.5830 -4.0428 16.4990 27 30 14
-7.6188 -4.2739 17.4420 20 25 15
-7.4044 -4.3996 17.9550 21 31 19
-7.2070 -4.5329 18.4990 24 29 17
-6.3977 -4.2739 17.4420 30 38 23
-6.7744 -4.8255 19.6930 102 113 94
-7.2625 -5.5403 22.6100 63 74 83
-6.5063 -5.3425 21.8030 87 88 61
-6.0093 -5.3425 21.8030 60 64 43
-5.7163 -5.5403 22.6100 111 115 71
-5.4011 -5.7534 23.4800 104 106 59
-7.9071 -9.3493 38.1550 89 92 67
3.2579 -8.7995 35.9110 252 255 254
2.7719 -5.9835 24.4190 254 254 254
2.9720 -5.3425 21.8030 105 104 76
3.3493 -5.1583 21.0510 95 100 65
3.8292 -5.1583 21.0510 85 89 59
4.3090 -5.1583 21.0510 70 67 53
4.6292 -4.9862 20.3490 252 255 249
5.8766 -5.7534 23.4800 95 90 88
5.7485 -5.1583 21.0510 52 54 38
6.0207 -4.9862 20.3490 71 69 48
6.7425 -5.1583 21.0510 55 57 41
7.2224 -5.1583 21.0510 51 52 43
7.7022 -5.1583 21.0510 59 63 42
7.9092 -4.9862 20.3490 63 66 41
8.6619 -5.1583 21.0510 97 103 61
9.1417 -5.1583 21.0510 104 109 74
10.3342 -5.5403 22.6100 107 107 87
11.7176 -5.9835 24.4190 125 119 123
11.8022 -5.7534 23.4800 216 199 185
-6.5700 -3.0957 12.7180 23 29 12
-7.3284 -3.6243 14.8900 24 30 13
-7.5405 -3.9104 16.0650 40 43 27
-7.7892 -4.2455 17.4420 25 27 14
-7.6090 -4.3704 17.9550 20 24 17
-7.4179 -4.5028 18.4990 22 30 17
-6.9962 -4.5028 18.4990 85 91 74
-6.3812 -4.3704 17.9550 83 92 72
-7.2518 -5.3070 21.8030 150 185 200
-7.0048 -5.5035 22.6100 73 84 93
-6.2223 -5.3070 21.8030 83 82 54
-5.9372 -5.5035 22.6100 80 90 65
-5.4218 -5.5035 22.6100 117 114 71
-6.3085 -7.0761 29.0710 60 60 36
4.4023 -13.5087 55.4980 148 163 176
2.8337 -6.7543 27.7490 254 254 254
2.8243 -5.5035 22.6100 75 77 68
3.1094 -5.1240 21.0510 96 98 66
3.5892 -5.1240 21.0510 112 117 82
4.0691 -5.1240 21.0510 96 100 72
4.4304 -4.9531 20.3490 253 254 250
5.2439 -5.3070 21.8030 204 210 212
5.7409 -5.3070 21.8030 112 115 114
6.0227 -5.1240 21.0510 47 46 29
6.5026 -5.1240 21.0510 41 42 31
6.9824 -5.1240 21.0510 97 93 68
7.4623 -5.1240 21.0510 76 77 66
7.9421 -5.1240 21.0510 105 106 79
8.4220 -5.1240 21.0510 60 65 37
8.6050 -4.9531 20.3490 72 77 47
10.1133 -5.5035 22.6100 73 66 56
11.4790 -5.9438 24.4190 159 152 144
11.5728 -5.7152 23.4800 129 125 128
-6.4268 -2.9521 12.2100 28 36 23
-7.1491 -3.4326 14.1970 30 39 21
-7.7235 -3.8842 16.0650 29 31 18
-7.9880 -4.2171 17.4420 36 38 25
-7.5904 -4.2171 17.4420 24 28 21
-7.6287 -4.4727 18.4990 37 45 32
-7.4326 -4.6127 19.0780 27 32 22
-6.5566 -4.3412 17.9550 37 46 28
-6.9670 -4.9200 20.3490 89 92 67
-7.2257 -5.4667 22.6100 86 96 99
-6.4708 -5.2715 21.8030 82 87 59
-6.1949 -5.4667 22.6100 67 62 42
-5.6795 -5.4667 22.6100 70 70 46
-5.3629 -5.6770 23.4800 115 114 72
-8.3680 -9.8402 40.6990 76 74 53
3.2579 -8.6826 35.9110 252 255 254
2.7719 -5.9040 24.4190 254 254 254
3.0075 -5.2715 21.8030 83 82 54
3.3836 -5.0897 21.0510 100 102 68
3.7346 -4.9200 20.3490 101 106 73
4.3433 -5.0897 21.0510 98 97 80
4.6623 -4.9200 20.3490 252 255 251
5.9149 -5.6770 23.4800 100 95 93
5.7828 -5.0897 21.0510 58 58 38
6.0538 -4.9200 20.3490 96 93 63
6.7425 -5.0897 21.0510 113 109 98
7.2224 -5.0897 21.0510 98 94 87
7.7365 -5.0897 21.0510 72 74 63
7.9423 -4.9200 20.3490 57 57 37
8.6962 -5.0897 21.0510 64 61 31
9.1760 -5.0897 21.0510 103 109 74
10.7700 -5.6770 23.4800 106 106 82
11.7574 -5.9040 24.4190 133 127 131
11.8405 -5.6770 23.4800 174 159 149
-6.8340 -3.1871 13.2710 23 37 17
-7.5114 -3.6652 15.2620 19 28 10
-7.7442 -3.9623 16.4990 41 43 27
-7.7608 -4.1887 17.4420 28 33 19
-7.5798 -4.3119 17.9550 52 53 44
-7.3878 -4.4426 18.4990 36 40 33
-6.9661 -4.4426 18.4990 52 55 39
-6.5444 -4.4426 18.4990 62 63 52
-7.4834 -5.4298 22.6100 62 72 77
-6.9680 -5.4298 22.6100 162 186 200
-6.2223 -5.2360 21.8030 64 56 44
-5.9372 -5.4298 22.6100 51 55 34
-5.2283 -5.2360 21.8030 84 77 56
-5.9765 -6.6640 27.7490 58 57 31
4.7432 -14.6608 61.0480 148 160 174
2.9214 -6.9815 29.0710 254 254 254
2.8947 -5.6388 23.4800 84 83 85
3.0751 -5.0554 21.0510 102 107 74
3.5550 -5.0554 21.0510 79 81 49
4.0348 -5.0554 21.0510 68 71 48
4.3641 -4.8869 20.3490 242 246 241
5.1729 -5.2360 21.8030 252 255 251
5.8798 -5.4298 22.6100 56 60 53
5.9885 -5.0554 21.0510 108 107 79
6.2526 -4.8869 20.3490 81 75 62
6.9482 -5.0554 21.0510 105 106 79
7.4280 -5.0554 21.0510 113 114 105
7.9079 -5.0554 21.0510 115 117 101
8.3877 -5.0554 21.0510 56 56 36
8.5718 -4.8869 20.3490 91 96 59
10.0396 -5.4298 22.6100 109 105 80
11.3995 -5.8643 24.4190 140 137 132
11.9561 -5.8643 24.4190 133 127 131
-6.7149 -3.0336 12.7180 35 45 29
-7.3430 -3.4670 14.5350 25 34 16
-7.7497 -3.8319 16.0650 29 34 20
-8.0164 -4.1603 17.4420 28 29 16
-7.6188 -4.1603 17.4420 26 33 25
-7.6588 -4.4125 18.4990 42 43 32
-7.4637 -4.5506 19.0780 33 41 30
-6.6151 -4.2827 17.9550 34 39 27
-6.8065 -4.6973 19.6930 88 92 71
-7.2993 -5.3930 22.6100 44 57 56
-6.7471 -5.3930 22.6100 80 84 63
-6.2317 -5.3930 22.6100 49 46 32
-5.7163 -5.3930 22.6100 50 49 32
-5.2010 -5.3930 22.6100 83 77 51
-7.0286 -8.0898 33.9160 68 66 45
3.7430 -10.4011 43.6060 232 239 245
2.7633 -6.0673 25.4370 252 255 254
2.9715 -5.3930 22.6100 118 114 115
3.2465 -5.0212 21.0510 66 64 43
3.7263 -5.0212 21.0510 85 89 59
4.2405 -5.0212 21.0510 100 102 70
4.4158 -4.6973 19.6930 252 255 251
5.8002 -5.6006 23.4800 108 104 107
5.6800 -5.0212 21.0510 105 106 79
6.1598 -5.0212 21.0510 97 96 54
6.6397 -5.0212 21.0510 97 96 79
7.1195 -5.0212 21.0510 120 116 105
7.5994 -5.0212 21.0510 114 107 101
8.0792 -5.0212 21.0510 62 64 51
8.5591 -5.0212 21.0510 49 48 33
9.0732 -5.0212 21.0510 108 114 74
10.2605 -5.3930 22.6100 101 99 76
12.1233 -6.0673 25.4370 158 146 144
11.7258 -5.6006 23.4800 186 178 166
-7.0522 -3.2137 13.5660 31 45 23
-7.7803 -3.7081 15.6530 34 45 26
-8.0424 -4.0173 16.9580 41 43 25
-7.8744 -4.1320 17.4420 26 28 15
-7.6967 -4.2535 17.9550 39 50 48
-7.4781 -4.3824 18.4990 33 35 26
-7.2773 -4.5195 19.0780 58 61 43
-6.4397 -4.2535 17.9550 55 67 41
-7.3228 -5.1651 21.8030 63 61 49
-7.0784 -5.3562 22.6100 107 117 101
-6.5631 -5.3562 22.6100 57 54 38
-6.0477 -5.3562 22.6100 35 44 24
-5.3348 -5.1651 21.8030 47 46 31
-5.4183 -5.7848 24.4190 73 68 46
-9.3495 -11.1247 46.9600 90 87 73
3.1873 -8.0346 33.9160 254 254 254
2.7418 -5.5623 23.4800 254 255 251
3.0430 -5.1651 21.8030 94 89 71
3.4179 -4.9869 21.0510 85 85 54
3.7677 -4.8206 20.3490 63 66 41
4.3776 -4.9869 21.0510 110 115 80
4.6954 -4.8206 20.3490 252 255 251
5.7325 -5.3562 22.6100 89 86 83
5.8171 -4.9869 21.0510 103 106 65
6.0870 -4.8206 20.3490 102 102 67
6.8111 -4.9869 21.0510 116 111 89
7.2909 -4.9869 21.0510 114 106 103
7.7708 -4.9869 21.0510 129 125 118
8.2506 -4.9869 21.0510 64 64 44
8.4393 -4.8206 20.3490 51 51 31
9.5393 -5.1651 21.8030 106 109 70
10.8083 -5.5623 23.4800 134 134 128
11.7971 -5.7848 24.4190 137 128 133
-6.8185 -2.9921 12.7180 46 58 34
-7.1225 -3.2644 13.8750 32 46 26
-8.0665 -3.8817 16.4990 35 40 26
-8.1300 -4.1036 17.4420 39 40 27
-7.7324 -4.1036 17.4420 17 22 12
-7.5505 -4.2243 17.9550 82 74 71
-7.3576 -4.3522 18.4990 45 50 38
-6.9360 -4.3522 18.4990 25 31 12
-6.7182 -4.4885 19.0780 32 35 19
-7.1808 -5.1296 21.8030 50 52 43
-6.9312 -5.3194 22.6100 162 186 188
-6.4158 -5.3194 22.6100 36 32 25
-5.8636 -5.3194 22.6100 34 38 17
-5.1573 -5.1296 21.8030 40 37 23
-5.9313 -6.5285 27.7490 76 75 49
4.7432 -14.3627 61.0480 145 157 173
2.7885 -6.5285 27.7490 249 250 246
2.8947 -5.5241 23.4800 223 220 215
3.0751 -4.9526 21.0510 91 97 62
3.5550 -4.9526 21.0510 60 61 32
4.0348 -4.9526 21.0510 66 68 50
4.3641 -4.7875 20.3490 188 189 183
5.2084 -5.1296 21.8030 252 255 255
5.9166 -5.3194 22.6100 87 88 61
5.9885 -4.9526 21.0510 88 89 51
6.4683 -4.9526 21.0510 118 113 82
6.9482 -4.9526 21.0510 103 103 81
7.4280 -4.9526 21.0510 75 70 68
7.9079 -4.9526 21.0510 126 123 107
8.3877 -4.9526 21.0510 58 61 40
8.5718 -4.7875 20.3490 62 68 33
10.0396 -5.3194 22.6100 77 78 49
11.9162 -5.9845 25.4370 150 147 144
11.9959 -5.7450 24.4190 128 122 126
-7.1627 -3.1696 13.5660 31 45 23
-7.7102 -3.5658 15.2620 19 33 13
-8.1805 -3.9621 16.9580 90 93 75
-8.2522 -4.1950 17.9550 36 39 23
-7.6188 -4.0752 17.4420 23 31 20
-7.6588 -4.3221 18.4990 28 40 46
-7.4637 -4.4574 19.0780 49 58 38
-6.8155 -4.3221 18.4990 40 48 33
-7.2416 -4.9184 21.0510 24 29 17
-7.2625 -5.2826 22.6100 28 36 25
-7.0067 -5.4859 23.4800 67 65 55
-6.2317 -5.2826 22.6100 54 57 39
-5.7163 -5.2826 22.6100 39 42 26
-5.2010 -5.2826 22.6100 46 48 32
-6.6587 -7.5071 32.1310 99 98 70
4.2839 -11.8860 50.8730 153 168 185
2.7218 -5.9431 25.4370 176 176 170
2.9347 -5.2826 22.6100 163 164 155
3.2465 -4.9184 21.0510 74 75 46
3.7263 -4.9184 21.0510 101 107 70
4.2062 -4.9184 21.0510 91 92 63
4.3837 -4.6011 19.6930 252 255 251
5.5485 -5.2826 22.6100 95 94 94
5.6457 -4.9184 21.0510 99 102 61
6.1256 -4.9184 21.0510 83 86 47
6.6054 -4.9184 21.0510 95 95 64
7.0853 -4.9184 21.0510 128 125 120
7.5651 -4.9184 21.0510 116 111 109
8.0792 -4.9184 21.0510 65 68 45
8.5591 -4.9184 21.0510 48 47 32
9.0389 -4.9184 21.0510 90 98 53
10.2237 -5.2826 22.6100 69 58 51
12.0818 -5.9431 25.4370 198 185 172
11.6875 -5.4859 23.4800 144 136 133
-7.2354 -3.2192 13.8750 25 41 18
-8.0113 -3.7273 16.0650 18 32 12
-8.3004 -4.0468 17.4420 58 60 49
-8.1352 -4.1658 17.9550 32 37 23
-7.6967 -4.1658 17.9550 140 137 121
-7.5082 -4.2920 18.4990 28 35 27
-7.3084 -4.4263 19.0780 51 58 36
-6.6649 -4.2920 18.4990 53 60 34
-7.3583 -5.0586 21.8030 27 35 22
-7.1152 -5.2458 22.6100 84 89 59
-6.8538 -5.4477 23.4800 61 60 43
-6.0845 -5.2458 22.6100 42 48 29
-5.3703 -5.0586 21.8030 41 44 26
-5.2482 -5.4477 23.4800 48 47 30
-9.3495 -10.8953 46.9600 113 114 85
3.1321 -7.8690 33.9160 252 255 254
2.7036 -5.4477 23.4800 187 187 181
3.1188 -5.2458 22.6100 102 96 81
3.3836 -4.8841 21.0510 62 65 40
3.8634 -4.8841 21.0510 58 60 44
4.3433 -4.8841 21.0510 87 90 69
4.6623 -4.7212 20.3490 179 179 179
5.6957 -5.2458 22.6100 54 52 44
5.8171 -4.8841 21.0510 63 68 35
6.2969 -4.8841 21.0510 85 84 56
6.7768 -4.8841 21.0510 96 102 62
7.2566 -4.8841 21.0510 129 115 111
7.7365 -4.8841 21.0510 129 122 112
8.2163 -4.8841 21.0510 98 99 72
8.4062 -4.7212 20.3490 44 46 28
9.1760 -4.8841 21.0510 85 92 45
10.7700 -5.4477 23.4800 140 133 116
11.7574 -5.6655 24.4190 127 119 118
-7.2731 -3.1254 13.5660 34 46 20
-7.6435 -3.4304 14.8900 19 33 13
-8.3185 -3.9069 16.9580 44 46 33
-8.3983 -4.1366 17.9550 37 36 21
-7.9891 -4.1366 17.9550 18 25 19
-7.5798 -4.1366 17.9550 53 61 62
-7.3878 -4.2619 18.4990 43 49 32
-6.9661 -4.2619 18.4990 35 44 24
-6.7492 -4.3953 19.0780 30 35 21
-7.2163 -5.0231 21.8030 42 51 33
-7.1979 -5.4094 23.4800 70 74 69
-6.4158 -5.2090 22.6100 37 38 25
-5.9004 -5.2090 22.6100 35 37 19
-5.1928 -5.0231 21.8030 31 36 22
-5.7167 -6.1151 26.5430 121 117 69
-11.7567 -14.0646 61.0480 110 115 78
2.8740 -6.6975 29.0710 150 150 144
2.7507 -5.2090 22.6100 95 94 94
3.1495 -5.0231 21.8030 70 70 48
3.5207 -4.8498 21.0510 59 63 35
4.0348 -4.8498 21.0510 61 64 46
4.3641 -4.6881 20.3490 193 195 186
5.1729 -5.0231 21.8030 211 214 213
5.6699 -5.0231 21.8030 99 99 64
5.9542 -4.8498 21.0510 87 94 54
6.4340 -4.8498 21.0510 82 84 52
6.9139 -4.8498 21.0510 94 99 64
7.3937 -4.8498 21.0510 124 115 108
7.6110 -4.6881 20.3490 117 113 77
8.3534 -4.8498 21.0510 52 55 39
8.5718 -4.6881 20.3490 42 49 27
10.0396 -5.2090 22.6100 165 164 136
11.3995 -5.6258 24.4190 120 116 109
11.9561 -5.6258 24.4190 126 123 120
-7.5189 -3.2477 14.1970 26 41 16
-8.1421 -3.6750 16.0650 23 37 17
-8.4424 -3.9900 17.4420 68 69 60
-8.5323 -4.2318 18.4990 47 51 30
-7.8721 -4.1073 17.9550 24 26 17
-7.4628 -4.1073 17.9550 62 84 85
-7.4637 -4.3642 19.0780 42 48 31
-6.8155 -4.2318 18.4990 36 45 27
-7.0332 -4.6550 20.3490 30 35 23
-7.2993 -5.1722 22.6100 29 37 22
-7.3267 -5.5860 24.4190 101 101 81
-6.2685 -5.1722 22.6100 23 28 16
-5.5478 -4.9876 21.8030 44 46 35
-5.2378 -5.1722 22.6100 38 40 27
-6.7110 -7.3502 32.1310 87 90 49
4.2011 -11.6376 50.8730 150 165 182
2.7218 -5.8189 25.4370 132 135 114
2.9347 -5.1722 22.6100 125 123 113
3.2122 -4.8156 21.0510 96 89 56
3.6921 -4.8156 21.0510 74 80 47
4.1719 -4.8156 21.0510 79 83 62
4.4966 -4.6550 20.3490 195 199 194
5.5116 -5.1722 22.6100 65 64 66
5.6114 -4.8156 21.0510 68 68 35
6.0913 -4.8156 21.0510 55 58 35
6.5711 -4.8156 21.0510 80 86 53
7.0853 -4.8156 21.0510 128 121 115
7.3128 -4.6550 20.3490 114 110 103
7.7767 -4.6550 20.3490 69 69 47
8.5248 -4.8156 21.0510 43 46 30
9.0046 -4.8156 21.0510 73 78 50
10.1869 -5.1722 22.6100 123 120 104
11.5586 -5.5860 24.4190 163 154 137
12.1152 -5.5860 24.4190 128 124 125
-7.6033 -3.3013 14.5350 36 51 26
-8.2546 -3.7474 16.4990 24 35 16
-8.5445 -4.0781 17.9550 82 82 76
-8.1352 -4.0781 17.9550 25 27 16
-7.7260 -4.0781 17.9550 61 60 45
-7.5384 -4.2017 18.4990 51 73 74
-7.3394 -4.3332 19.0780 38 43 29
-6.6950 -4.2017 18.4990 33 43 27
-7.1388 -4.7813 21.0510 34 42 29
-7.1521 -5.1354 22.6100 53 55 42
-7.1677 -5.5463 24.4190 91 96 61
-6.1213 -5.1354 22.6100 56 58 42
-5.3703 -4.9521 21.8030 41 43 27
-5.2482 -5.3330 23.4800 42 43 30
-8.7527 -9.9042 43.6060 98 101 62
3.1321 -7.7033 33.9160 252 255 251
2.6034 -5.1354 22.6100 131 135 105
3.1188 -5.1354 22.6100 151 148 114
3.5045 -4.9521 21.8030 74 74 54
3.7346 -4.6219 20.3490 58 61 45
4.3433 -4.7813 21.0510 90 93 75
4.8231 -4.7813 21.0510 94 94 98
5.7325 -5.1354 22.6100 85 85 63
5.8171 -4.7813 21.0510 60 64 36
6.2969 -4.7813 21.0510 79 85 52
6.7768 -4.7813 21.0510 90 95 58
7.2566 -4.7813 21.0510 130 123 104
7.4785 -4.6219 20.3490 105 97 71
8.2163 -4.7813 21.0510 48 52 31
8.4062 -4.6219 20.3490 43 49 32
9.1760 -4.7813 21.0510 90 91 53
10.7700 -5.3330 23.4800 85 74 67
11.7971 -5.5463 24.4190 135 126 121
-7.7926 -3.2777 14.5350 31 43 19
-8.0352 -3.5298 15.6530 21 32 13
-8.5560 -3.9332 17.4420 32 40 29
-8.6528 -4.1716 18.4990 177 185 172
-7.9891 -4.0489 17.9550 84 86 68
-7.5798 -4.0489 17.9550 38 51 36
-7.3878 -4.1716 18.4990 55 60 48
-6.9661 -4.1716 18.4990 27 32 20
-6.7492 -4.3021 19.0780 31 36 24
-7.1808 -4.9166 21.8030 71 75 54
-7.4857 -5.5065 24.4190 77 80 64
-6.6627 -5.2948 23.4800 37 40 24
-5.9004 -5.0986 22.6100 38 40 24
-5.1928 -4.9166 21.8030 37 39 28
-5.9765 -6.2575 27.7490 81 78 44
-11.7567 -13.7664 61.0480 85 90 53
2.7885 -6.2575 27.7490 102 97 93
2.7875 -5.0986 22.6100 90 86 79
3.1094 -4.7470 21.0510 145 142 110
3.5892 -4.7470 21.0510 75 80 50
4.0691 -4.7470 21.0510 60 63 47
4.5489 -4.7470 21.0510 88 90 81
5.4012 -5.0986 22.6100 102 101 108
5.7054 -4.9166 21.8030 84 86 54
5.9885 -4.7470 21.0510 41 42 29
6.4683 -4.7470 21.0510 59 64 36
6.9482 -4.7470 21.0510 130 125 103
7.1803 -4.5887 20.3490 130 123 102
7.6773 -4.5887 20.3490 72 73 44
8.4220 -4.7470 21.0510 50 53 35
8.9018 -4.7470 21.0510 55 58 42
9.7168 -4.9166 21.8030 87 88 61
11.4393 -5.5065 24.4190 99 102 81
11.9959 -5.5065 24.4190 134 125 128
-8.0581 -3.4168 15.2620 25 36 15
-8.3352 -3.6937 16.4990 26 36 20
-8.6614 -4.0197 17.9550 183 183 185
-8.5022 -4.1414 18.4990 27 29 16
-7.5904 -3.9048 17.4420 42 43 32
-7.4044 -4.0197 17.9550 36 43 35
-7.4326 -4.2711 19.0780 32 35 19
-6.7854 -4.1414 18.4990 29 42 29
-7.0001 -4.5556 20.3490 39 44 34
-7.2625 -5.0618 22.6100 45 46 40
-7.2869 -5.4668 24.4190 74 79 51
-6.4715 -5.2566 23.4800 36 39 21
-5.5123 -4.8811 21.8030 43 45 34
-5.4011 -5.2566 23.4800 40 42 31
-7.8449 -8.5419 38.1550 92 89 73
3.5597 -9.1115 40.6990 247 255 255
2.5889 -5.2566 23.4800 103 104 77
3.0084 -5.0618 22.6100 133 133 98
3.3980 -4.8811 21.8030 128 131 92
3.6352 -4.5556 20.3490 59 62 44
4.2405 -4.7128 21.0510 96 102 69
4.7203 -4.7128 21.0510 107 105 97
5.5853 -5.0618 22.6100 82 82 84
5.6800 -4.7128 21.0510 62 66 36
6.1941 -4.7128 21.0510 62 65 40
6.6740 -4.7128 21.0510 78 79 50
7.1538 -4.7128 21.0510 129 124 102
7.3791 -4.5556 20.3490 119 119 86
7.8429 -4.5556 20.3490 48 51 33
8.3068 -4.5556 20.3490 61 59 40
9.0732 -4.7128 21.0510 93 93 58
10.2605 -5.0618 22.6100 111 111 80
11.6381 -5.4668 24.4190 130 128 105
12.1947 -5.4668 24.4190 191 178 165
-8.3252 -3.5704 16.0650 24 35 16
-8.4014 -3.7689 16.9580 24 34 18
-8.7431 -4.1113 18.4990 204 211 205
-8.0768 -3.9904 17.9550 46 47 34
-7.4484 -3.8764 17.4420 41 50 30
-7.4781 -4.1113 18.4990 97 109 83
-7.2773 -4.2400 19.0780 52 52 21
-6.8424 -4.2400 19.0780 60 62 51
-7.0702 -4.6785 21.0510 50 52 41
-7.0784 -5.0250 22.6100 77 88 67
-7.0484 -5.4270 24.4190 55 63 32
-6.0109 -5.0250 22.6100 44 42 30
-5.4955 -5.0250 22.6100 40 42 29
-5.6028 -5.6533 25.4370 64 62 41
-10.0457 -11.3063 50.8730 94 100 60
2.9680 -6.7838 30.5240 163 163 157
2.7138 -5.0250 22.6100 118 113 82
3.1140 -4.8456 21.8030 113 114 74
3.4864 -4.6785 21.0510 108 104 93
3.8340 -4.5225 20.3490 50 53 35
4.4804 -4.6785 21.0510 65 67 58
5.3276 -5.0250 22.6100 118 118 122
5.6344 -4.8456 21.8030 84 88 58
5.9199 -4.6785 21.0510 59 62 41
6.3998 -4.6785 21.0510 47 50 27
6.8796 -4.6785 21.0510 117 119 85
7.1140 -4.5225 20.3490 117 115 78
7.5779 -4.5225 20.3490 90 90 55
8.0417 -4.5225 20.3490 46 49 33
8.7990 -4.6785 21.0510 100 98 75
9.6458 -4.8456 21.8030 97 102 67
10.9229 -5.2183 23.4800 85 78 68
11.9164 -5.4270 24.4190 135 127 124
-8.3155 -3.4533 15.6530 26 35 15
-8.3889 -3.6400 16.4990 20 30 14
-8.7199 -3.9612 17.9550 151 147 136
-8.5624 -4.0812 18.4990 36 49 36
-7.6756 -3.8480 17.4420 35 40 28
-7.4921 -3.9612 17.9550 24 34 20
-7.5258 -4.2090 19.0780 70 73 52
-7.0599 -4.2090 19.0780 30 35 23
-7.0664 -4.4894 20.3490 38 43 31
-7.0743 -4.8101 21.8030 58 63 49
-7.0832 -5.1801 23.4800 65 72 50
-6.5480 -5.1801 23.4800 37 43 26
-5.7900 -4.9882 22.6100 52 54 36
-5.2746 -4.9882 22.6100 44 49 37
-7.1390 -7.4825 33.9160 62 60 39
4.2839 -11.2235 50.8730 153 168 183
2.6129 -5.3873 24.4190 92 92 72
2.8655 -4.8101 21.8030 94 94 61
3.2465 -4.6442 21.0510 97 102 65
3.6021 -4.4894 20.3490 60 62 44
4.2062 -4.6442 21.0510 77 78 49
4.6860 -4.6442 21.0510 102 102 98
5.3504 -4.8101 21.8030 108 111 112
5.6457 -4.6442 21.0510 55 58 35
6.1256 -4.6442 21.0510 43 45 32
6.6054 -4.6442 21.0510 74 78 50
7.0853 -4.6442 21.0510 123 123 90
7.3460 -4.4894 20.3490 91 96 61
7.8098 -4.4894 20.3490 58 60 42
8.2737 -4.4894 20.3490 100 102 59
9.0389 -4.6442 21.0510 95 100 63
10.2237 -4.9882 22.6100 91 96 63
11.5983 -5.3873 24.4190 108 108 84
12.1549 -5.3873 24.4190 149 145 138
-8.3775 -3.5181 16.0650 23 32 14
-8.4566 -3.7136 16.9580 21 31 17
-9.0789 -4.1779 19.0780 189 188 173
-8.1060 -3.9320 17.9550 39 41 30
-7.4768 -3.8196 17.4420 36 47 26
-7.5082 -4.0511 18.4990 71 79 50
-7.3084 -4.1779 19.0780 120 124 67
-7.0951 -4.3126 19.6930 188 189 183
-7.1045 -4.6100 21.0510 46 47 36
-6.8613 -4.7747 21.8030 84 89 59
-7.1279 -5.3475 24.4190 96 102 62
-6.3186 -5.1419 23.4800 44 41 27
-5.5323 -4.9514 22.6100 44 46 33
-5.8896 -5.8127 26.5430 56 59 36
-11.0493 -12.1535 55.4980 81 84 63
2.9183 -6.6845 30.5240 117 115 107
2.5815 -4.7747 21.8030 125 123 86
3.0785 -4.7747 21.8030 115 117 74
3.4521 -4.6100 21.0510 121 119 109
3.8009 -4.4562 20.3490 53 56 40
4.4118 -4.6100 21.0510 70 67 51
5.0664 -4.7747 21.8030 115 115 117
5.5989 -4.7747 21.8030 77 81 53
5.6894 -4.4562 20.3490 50 49 34
6.3655 -4.6100 21.0510 49 52 27
6.6171 -4.4562 20.3490 104 106 70
7.0809 -4.4562 20.3490 97 102 69
7.8050 -4.6100 21.0510 88 93 60
8.2849 -4.6100 21.0510 54 52 29
8.7647 -4.6100 21.0510 95 94 66
9.5748 -4.7747 21.8030 79 79 59
10.4446 -4.9514 22.6100 85 71 54
11.8766 -5.3475 24.4190 136 129 121
-8.5606 -3.4919 16.0650 40 43 25
-8.6499 -3.6860 16.9580 20 30 16
-8.7491 -3.9027 17.9550 138 134 98
-8.8615 -4.1468 19.0780 55 59 52
-7.7040 -3.7912 17.4420 29 37 24
-7.3064 -3.7912 17.4420 28 38 22
-7.5569 -4.1468 19.0780 83 90 45
-7.1220 -4.1468 19.0780 58 61 36
-7.3787 -4.5757 21.0510 44 46 37
-6.8646 -4.5757 21.0510 73 76 51
-6.6128 -4.7392 21.8030 69 72 47
-6.5862 -5.1037 23.4800 43 46 28
-5.8268 -4.9146 22.6100 68 72 44
-5.5158 -5.1037 23.4800 48 56 57
-6.8156 -6.9841 32.1310 65 68 45
4.2011 -11.0579 50.8730 150 165 182
2.6804 -5.5291 25.4370 69 68 53
2.7945 -4.7392 21.8030 91 91 58
3.1779 -4.5757 21.0510 84 86 54
3.5689 -4.4231 20.3490 61 55 29
4.1719 -4.5757 21.0510 75 78 53
4.8179 -4.7392 21.8030 110 112 103
5.3149 -4.7392 21.8030 110 109 111
5.6114 -4.5757 21.0510 66 67 54
6.0913 -4.5757 21.0510 41 42 29
6.5711 -4.5757 21.0510 60 64 43
7.0510 -4.5757 21.0510 91 97 57
7.2797 -4.4231 20.3490 77 83 50
8.0107 -4.5757 21.0510 65 62 46
8.2405 -4.4231 20.3490 103 106 65
9.0046 -4.5757 21.0510 73 80 54
10.1869 -4.9146 22.6100 88 92 62
11.5586 -5.3078 24.4190 94 95 68
12.1152 -5.3078 24.4190 115 113 103
-8.8708 -3.6584 16.9580 23 28 14
-8.7264 -3.7628 17.4420 19 27 14
-8.8335 -3.9909 18.4990 120 117 83
-8.1645 -3.8735 17.9550 31 36 26
-7.5336 -3.7628 17.4420 33 44 25
-7.5384 -3.9909 18.4990 58 61 45
-7.3394 -4.1158 19.0780 114 119 66
-7.3645 -4.3900 20.3490 173 175 166
-7.1388 -4.5414 21.0510 67 67 47
-6.6589 -4.5414 21.0510 100 106 69
-6.6367 -4.8778 22.6100 78 80 44
-6.3568 -5.0655 23.4800 51 49 39
-5.6059 -4.8778 22.6100 38 42 21
-5.4978 -5.2680 24.4190 72 75 50
-8.8237 -9.4073 43.6060 105 110 77
3.1873 -7.3169 33.9160 157 158 152
2.5460 -4.7037 21.8030 100 102 70
2.9380 -4.5414 21.0510 75 77 45
3.4179 -4.5414 21.0510 121 120 92
3.7677 -4.3900 20.3490 49 47 37
4.3776 -4.5414 21.0510 62 65 42
5.0309 -4.7037 21.8030 114 115 109
5.5279 -4.7037 21.8030 95 96 92
5.6231 -4.3900 20.3490 55 55 51
6.2969 -4.5414 21.0510 52 55 34
6.5839 -4.3900 20.3490 76 77 50
7.0478 -4.3900 20.3490 56 58 40
7.7708 -4.5414 21.0510 87 88 59
8.2506 -4.5414 21.0510 100 101 61
8.7305 -4.5414 21.0510 96 102 62
9.5393 -4.7037 21.8030 138 141 120
10.4078 -4.8778 22.6100 155 144 121
11.7971 -5.2680 24.4190 108 106 87
-8.8456 -3.5326 16.4990 96 101 46
-8.7051 -3.6308 16.9580 18 26 13
-8.5276 -3.7345 17.4420 93 95 63
-8.8925 -4.0847 19.0780 43 39 28
-7.7324 -3.7345 17.4420 92 93 64
-7.5505 -3.8443 17.9550 28 38 22
-7.5879 -4.0847 19.0780 83 90 45
-7.1531 -4.0847 19.0780 111 120 68
-7.4130 -4.5072 21.0510 47 45 37
-6.9331 -4.5072 21.0510 114 111 79
-6.2381 -4.3569 20.3490 117 121 77
-6.6627 -5.0272 23.4800 44 44 24
-5.8636 -4.8410 22.6100 44 47 31
-5.3482 -4.8410 22.6100 43 52 43
-6.8679 -6.8795 32.1310 68 72 47
4.4023 -11.8825 55.4980 143 158 173
2.7105 -5.6830 26.5430 64 62 43
2.6295 -4.5072 21.0510 83 84 55
3.1094 -4.5072 21.0510 78 83 48
3.4695 -4.3569 20.3490 126 128 96
3.9334 -4.3569 20.3490 60 59 42
4.7114 -4.6682 21.8030 120 118 97
5.2439 -4.6682 21.8030 114 114 114
5.5429 -4.5072 21.0510 96 100 95
6.0227 -4.5072 21.0510 53 52 37
6.5026 -4.5072 21.0510 55 59 31
6.9824 -4.5072 21.0510 67 70 47
7.2134 -4.3569 20.3490 62 64 46
7.9421 -4.5072 21.0510 90 85 65
8.4220 -4.5072 21.0510 96 102 60
8.9018 -4.5072 21.0510 72 77 44
9.7523 -4.6682 21.8030 92 92 70
11.0376 -5.0272 23.4800 94 90 65
12.0357 -5.2283 24.4190 114 119 91
-8.9260 -3.6032 16.9580 53 55 37
-8.5394 -3.6032 16.9580 18 26 13
-8.6322 -3.8151 17.9550 115 113 74
-8.2229 -3.8151 17.9550 27 31 24
-7.5904 -3.7061 17.4420 26 34 21
-7.4044 -3.8151 17.9550 31 36 24
-7.6722 -4.1844 19.6930 92 94 51
-7.4308 -4.3237 20.3490 117 124 79
-7.2073 -4.4729 21.0510 77 75 52
-6.5031 -4.3237 20.3490 99 106 59
-6.2476 -4.4729 21.0510 105 112 67
-6.4333 -4.9890 23.4800 39 40 29
-5.6795 -4.8042 22.6100 60 64 39
-5.5773 -5.1885 24.4190 85 87 55
-8.9657 -9.2654 43.6060 60 65 32
3.2579 -7.6303 35.9110 201 200 200
2.4750 -4.6327 21.8030 68 70 52
2.9037 -4.4729 21.0510 63 66 41
3.3836 -4.4729 21.0510 104 104 71
3.7346 -4.3237 20.3490 63 57 44
4.3433 -4.4729 21.0510 58 57 40
4.9954 -4.6327 21.8030 108 111 93
5.4924 -4.6327 21.8030 114 117 120
5.5900 -4.3237 20.3490 102 103 99
6.2627 -4.4729 21.0510 57 57 35
6.7425 -4.4729 21.0510 91 91 56
6.9815 -4.3237 20.3490 46 49 33
7.7365 -4.4729 21.0510 99 99 66
8.2163 -4.4729 21.0510 112 114 71
8.6962 -4.4729 21.0510 98 104 64
9.5038 -4.6327 21.8030 50 50 50
10.3710 -4.8042 22.6100 74 73 58
11.7574 -5.1885 24.4190 118 108 94
11.8405 -4.9890 23.4800 86 83 67
-8.7327 -3.5756 16.9580 18 23 11
-8.5844 -3.6777 17.4420 37 46 26
-8.6829 -3.9005 18.4990 46 45 28
-7.7608 -3.6777 17.4420 110 114 68
-7.5798 -3.7858 17.9550 28 38 22
-7.6190 -4.0226 19.0780 69 74 41
-7.1841 -4.0226 19.0780 80 88 43
-7.4472 -4.4386 21.0510 110 113 74
-6.9674 -4.4386 21.0510 114 115 75
-6.0690 -4.1523 19.6930 122 129 84
-6.2223 -4.5972 21.8030 58 50 36
-5.9372 -4.7673 22.6100 54 54 32
-5.4218 -4.7673 22.6100 35 43 30
-6.9202 -6.7749 32.1310 62 66 45
4.4927 -11.7018 55.4980 143 158 173
2.5334 -5.1488 24.4190 105 106 77
2.6638 -4.4386 21.0510 71 69 48
3.0388 -4.2906 20.3490 105 107 73
3.5027 -4.2906 20.3490 118 115 81
3.9665 -4.2906 20.3490 67 62 42
4.7469 -4.5972 21.8030 106 109 84
5.2439 -4.5972 21.8030 117 117 119
5.5429 -4.4386 21.0510 97 99 90
6.0570 -4.4386 21.0510 63 63 41
6.5369 -4.4386 21.0510 108 111 72
7.0167 -4.4386 21.0510 65 68 43
7.2466 -4.2906 20.3490 58 61 45
7.9764 -4.4386 21.0510 99 101 67
8.1743 -4.2906 20.3490 96 102 62
8.9361 -4.4386 21.0510 50 56 39
9.7523 -4.5972 21.8030 110 96 81
11.0376 -4.9508 23.4800 195 183 156
12.0357 -5.1488 24.4190 92 95 72
-9.1523 -3.6493 17.4420 44 43 26
-8.5118 -3.5480 16.9580 16 24 11
-8.6030 -3.7566 17.9550 108 108 73
-8.1937 -3.7566 17.9550 101 100 83
-7.7844 -3.7566 17.9550 25 30 16
-7.5986 -3.8704 18.4990 42 50 37
-7.6401 -4.1202 19.6930 68 64 39
-7.6872 -4.4044 21.0510 118 122 76
-7.4648 -4.5617 21.8030 121 119 82
-6.0969 -3.9916 19.0780 118 125 78
-5.8125 -4.1202 19.6930 111 114 73
-6.1581 -4.7305 22.6100 46 47 34
-5.6427 -4.7305 22.6100 45 48 32
-6.0192 -5.5534 26.5430 85 87 51
-9.5788 -9.8251 46.9600 72 81 47
3.3994 -7.9829 38.1550 185 180 178
2.5298 -4.7305 22.6100 68 68 44
2.8352 -4.4044 21.0510 70 71 44
3.2045 -4.2575 20.3490 109 110 70
3.6683 -4.2575 20.3490 121 116 75
4.3090 -4.4044 21.0510 104 100 73
4.9599 -4.5617 21.8030 103 99 74
5.2687 -4.4044 21.0510 149 152 153
5.7485 -4.4044 21.0510 103 101 93
6.2284 -4.4044 21.0510 106 103 73
6.7082 -4.4044 21.0510 111 114 75
7.1881 -4.4044 21.0510 48 50 32
7.6679 -4.4044 21.0510 89 89 65
8.1478 -4.4044 21.0510 89 96 56
8.3399 -4.2575 20.3490 85 89 59
9.4683 -4.5617 21.8030 30 34 29
10.3342 -4.7305 22.6100 70 71 58
11.7176 -5.1090 24.4190 88 80 68
12.2742 -5.1090 24.4190 102 100 81
-9.0103 -3.6209 17.4420 20 25 13
-8.6128 -3.6209 17.4420 27 35 20
-8.4568 -3.7274 17.9550 34 35 26
-8.0475 -3.7274 17.9550 104 109 76
-7.8697 -3.8403 18.4990 27 37 23
-7.6811 -3.9605 19.0780 55 60 32
-7.4478 -4.0882 19.6930 79 85 48
-7.7488 -4.5262 21.8030 117 125 73
-7.0017 -4.3701 21.0510 113 115 68
-5.7312 -3.8403 18.4990 89 103 83
-6.0420 -4.3701 21.0510 115 114 68
-5.9740 -4.6937 22.6100 48 51 33
-5.4587 -4.6937 22.6100 40 42 29
-6.6735 -6.3367 30.5240 64 68 47
-11.9555 -12.6733 61.0480 102 109 67
3.0196 -6.6703 32.1310 106 101 97
2.5815 -4.5262 21.8030 100 99 71
2.8732 -4.2244 20.3490 67 67 43
3.3370 -4.2244 20.3490 100 102 68
3.8009 -4.2244 20.3490 96 92 67
4.4118 -4.3701 21.0510 118 118 87
5.0664 -4.5262 21.8030 126 125 99
5.3715 -4.3701 21.0510 87 90 89
5.8514 -4.3701 21.0510 68 67 52
6.3312 -4.3701 21.0510 109 111 66
6.8453 -4.3701 21.0510 96 102 62
7.3252 -4.3701 21.0510 47 48 35
7.8050 -4.3701 21.0510 93 93 60
8.2849 -4.3701 21.0510 82 87 52
8.4724 -4.2244 20.3490 67 71 48
9.5748 -4.5262 21.8030 33 39 37
10.4446 -4.6937 22.6100 71 69 57
11.8369 -5.0693 24.4190 68 67 50
-9.5969 -3.6982 17.9550 85 95 29
-8.6775 -3.4928 16.9580 50 55 43
-8.4992 -3.5925 17.4420 35 44 26
-8.1016 -3.5925 17.4420 24 26 17
-7.9306 -3.6982 17.9550 75 84 50
-7.7492 -3.8102 18.4990 27 40 25
-7.8005 -4.0561 19.6930 43 46 28
-7.5965 -4.1912 20.3490 74 78 48
-7.6423 -4.4907 21.8030 119 127 73
-6.4538 -4.0561 19.6930 80 82 48
-5.3185 -3.5925 17.4420 43 95 131
-5.9391 -4.3358 21.0510 36 36 16
-5.8268 -4.6569 22.6100 41 47 28
-5.7364 -5.0295 24.4190 72 70 49
-8.0934 -7.8587 38.1550 82 84 48
4.1312 -11.4308 55.4980 143 156 165
2.8267 -5.9877 29.0710 73 73 67
2.5267 -4.3358 21.0510 118 114 87
2.9063 -4.1912 20.3490 66 65 39
3.3702 -4.1912 20.3490 98 100 66
3.8340 -4.1912 20.3490 120 117 85
4.4461 -4.3358 21.0510 106 103 69
5.1374 -4.4907 21.8030 124 124 104
5.4401 -4.3358 21.0510 96 97 88
5.9199 -4.3358 21.0510 66 69 46
6.3998 -4.3358 21.0510 91 94 55
6.8796 -4.3358 21.0510 65 70 40
7.3595 -4.3358 21.0510 216 211 193
7.8393 -4.3358 21.0510 83 88 55
8.0417 -4.1912 20.3490 77 81 53
8.7990 -4.3358 21.0510 61 63 45
9.6103 -4.4907 21.8030 44 44 40
10.5182 -4.6569 22.6100 59 50 43
11.9164 -5.0295 24.4190 86 86 66
-9.5385 -3.6689 17.9550 55 63 9
-8.6223 -3.4652 16.9580 19 29 15
-8.2357 -3.4652 16.9580 30 39 21
-7.8492 -3.4652 16.9580 96 99 81
-7.6756 -3.5641 17.4420 53 63 38
-7.7191 -3.7801 18.4990 33 46 31
-7.7684 -4.0241 19.6930 42 48 29
-7.8243 -4.3016 21.0510 67 70 47
-7.5713 -4.4552 21.8030 120 125 74
-6.0023 -3.7801 18.4990 60 60 38
-4.9772 -3.3714 16.4990 52 115 156
-5.8706 -4.3016 21.0510 37 38 29
-5.7900 -4.6201 22.6100 38 44 27
-5.6966 -4.9898 24.4190 64 65 38
-8.0313 -7.7966 38.1550 121 121 86
4.2216 -11.3405 55.4980 142 154 168
2.6241 -5.4238 26.5430 71 77 60
2.5610 -4.3016 21.0510 134 128 92
2.9726 -4.1581 20.3490 68 64 37
3.4364 -4.1581 20.3490 86 88 52
3.9003 -4.1581 20.3490 113 116 77
4.5147 -4.3016 21.0510 97 100 61
4.9945 -4.3016 21.0510 172 175 157
5.4743 -4.3016 21.0510 75 76 67
5.9542 -4.3016 21.0510 65 69 44
6.6639 -4.4552 21.8030 65 67 35
7.1609 -4.4552 21.8030 64 69 41
7.3937 -4.3016 21.0510 215 212 196
7.9079 -4.3016 21.0510 61 65 40
8.1080 -4.1581 20.3490 62 66 43
8.8676 -4.3016 21.0510 34 38 33
9.6813 -4.4552 21.8030 71 64 56
10.5550 -4.6201 22.6100 60 49 44
11.9561 -4.9898 24.4190 81 79 58
-9.5092 -3.6397 17.9550 60 71 23
-8.5946 -3.4376 16.9580 18 28 14
-8.2081 -3.4376 16.9580 29 38 20
-7.8215 -3.4376 16.9580 95 99 76
-7.8429 -3.6397 17.9550 44 52 37
-7.8985 -3.8673 19.0780 34 47 32
-7.7043 -3.9920 19.6930 42 51 31
-8.0328 -4.4197 21.8030 83 77 62
-7.5358 -4.4197 21.8030 105 109 63
-5.7965 -3.6397 17.9550 54 56 40
-4.9504 -3.3445 16.4990 57 133 177
-5.6417 -4.1250 20.3490 45 41 32
-5.7532 -4.5833 22.6100 34 39 25
-5.8927 -5.1564 25.4370 67 68 41
-8.4343 -8.2502 40.6990 101 103 67
3.8698 -10.3126 50.8730 142 155 166
2.6241 -5.3806 26.5430 74 79 65
2.5610 -4.2673 21.0510 114 110 74
2.9394 -4.1250 20.3490 80 77 45
3.4033 -4.1250 20.3490 92 94 58
3.8671 -4.1250 20.3490 91 96 61
4.4804 -4.2673 21.0510 109 110 70
4.9602 -4.2673 21.0510 133 135 119
5.4401 -4.2673 21.0510 77 78 65
5.9542 -4.2673 21.0510 66 70 45
6.4340 -4.2673 21.0510 60 61 34
7.1609 -4.4197 21.8030 62 66 43
7.3937 -4.2673 21.0510 194 187 177
7.8736 -4.2673 21.0510 65 68 47
8.3534 -4.2673 21.0510 64 68 47
8.8333 -4.2673 21.0510 41 42 31
9.3131 -4.2673 21.0510 79 89 73
10.5182 -4.5833 22.6100 58 49 44
11.9164 -4.9500 24.4190 81 74 64
-9.5092 -3.6105 17.9550 64 78 31
-8.5946 -3.4100 16.9580 19 29 17
-7.9859 -3.3177 16.4990 27 35 20
-7.4097 -3.2304 16.0650 71 71 51
-7.6472 -3.5073 17.4420 41 47 30
-7.6890 -3.7199 18.4990 28 38 24
-7.4947 -3.8363 19.0780 41 50 32
-8.0683 -4.3842 21.8030 94 87 79
-7.5713 -4.3842 21.8030 94 101 56
-5.6309 -3.5073 17.4420 55 56 47
-4.6965 -3.1476 15.6530 74 154 197
-5.2893 -3.8363 19.0780 54 50 41
-5.7532 -4.5465 22.6100 34 36 23
-5.8927 -5.1150 25.4370 70 69 43
-8.5005 -8.1839 40.6990 119 116 75
3.6794 -11.1598 55.4980 158 158 158
2.8627 -6.4610 32.1310 253 254 248
2.4395 -4.3842 21.8030 78 72 48
2.7406 -4.0919 20.3490 114 113 67
3.2376 -4.0919 20.3490 108 106 67
3.5821 -3.9600 19.6930 100 101 63
4.3090 -4.2330 21.0510 98 100 57
4.7889 -4.2330 21.0510 104 105 65
5.2687 -4.2330 21.0510 114 122 119
5.7485 -4.2330 21.0510 61 65 44
6.4509 -4.3842 21.8030 71 69 48
6.9479 -4.3842 21.8030 53 55 37
7.1881 -4.2330 21.0510 81 84 68
7.6679 -4.2330 21.0510 64 61 47
8.1821 -4.2330 21.0510 52 58 41
8.3730 -4.0919 20.3490 79 74 52
9.1417 -4.2330 21.0510 26 31 40
9.9653 -4.3842 21.8030 73 69 58
11.7176 -4.9103 24.4190 98 88 76
12.2742 -4.9103 24.4190 74 73 56
-8.7603 -3.3824 16.9580 41 38 33
-8.1471 -3.2908 16.4990 16 24 13
-7.5666 -3.2043 16.0650 70 76 57
-7.6007 -3.3824 16.9580 54 50 43
-7.8396 -3.6897 18.4990 36 52 43
-7.6501 -3.8052 19.0780 26 39 26
-7.6959 -4.0587 20.3490 48 51 35
-8.0356 -4.5097 22.6100 68 68 48
-6.3454 -3.8052 19.0780 58 61 40
-4.8495 -3.1221 15.6530 39 101 147
-5.0061 -3.4789 17.4420 30 67 95
-5.7608 -4.3488 21.8030 52 54 36
-5.8954 -4.8705 24.4190 51 50 33
-7.0249 -6.4087 32.1310 110 109 65
-10.7782 -11.0694 55.4980 110 117 72
3.2947 -8.1177 40.6990 144 157 168
2.4360 -4.6832 23.4800 58 61 43
2.6638 -4.1988 21.0510 113 115 72
3.0388 -4.0587 20.3490 64 64 29
3.3898 -3.9279 19.6930 75 77 45
3.9665 -4.0587 20.3490 113 118 85
4.5832 -4.1988 21.0510 110 109 65
5.0631 -4.1988 21.0510 68 64 57
5.5429 -4.1988 21.0510 60 64 41
6.0570 -4.1988 21.0510 48 50 34
6.5369 -4.1988 21.0510 68 66 45
7.2674 -4.3488 21.8030 56 61 47
7.4966 -4.1988 21.0510 84 75 66
7.9764 -4.1988 21.0510 51 57 40
8.4563 -4.1988 21.0510 51 60 40
8.6381 -4.0587 20.3490 104 102 111
9.4159 -4.1988 21.0510 82 80 72
10.6287 -4.5097 22.6100 116 112 85
12.0357 -4.8705 24.4190 148 135 122
-9.4215 -3.5520 17.9550 33 30 16
-8.5118 -3.3548 16.9580 37 42 28
-7.6974 -3.1781 16.0650 36 44 29
-6.9648 -3.0193 15.2620 50 48 38
-7.5620 -3.4505 17.4420 37 43 24
-7.5986 -3.6596 18.4990 21 31 19
-7.4016 -3.7742 19.0780 48 54 37
-8.2565 -4.4729 22.6100 107 105 95
-7.2073 -4.1645 21.0510 68 73 38
-5.1340 -3.1781 16.0650 84 137 166
-4.5047 -3.0193 15.2620 76 159 201
-5.3636 -3.8958 19.6930 58 54 43
-5.8598 -4.6450 23.4800 70 65 43
-6.5925 -5.7511 29.0710 81 81 50
-8.8947 -8.6265 43.6060 115 116 87
3.6498 -12.0770 61.0480 107 102 84
2.8008 -6.7096 33.9160 150 157 161
2.4742 -4.6450 23.4800 99 95 70
2.6081 -4.0256 20.3490 92 93 55
3.0720 -4.0256 20.3490 109 107 68
3.5689 -4.0256 20.3490 70 74 46
4.0328 -4.0256 20.3490 98 103 68
4.6518 -4.1645 21.0510 101 103 60
5.1316 -4.1645 21.0510 65 67 58
5.8119 -4.3133 21.8030 55 61 42
6.3089 -4.3133 21.8030 48 50 32
6.5711 -4.1645 21.0510 63 61 42
7.3029 -4.3133 21.8030 67 72 60
7.5308 -4.1645 21.0510 82 73 64
8.0107 -4.1645 21.0510 45 51 34
8.2405 -4.0256 20.3490 53 59 42
8.7044 -4.0256 20.3490 154 151 146
9.4845 -4.1645 21.0510 84 80 71
11.1141 -4.6450 23.4800 135 129 103
12.1152 -4.8308 24.4190 97 94 80
-9.3923 -3.5228 17.9550 28 28 6
-8.4842 -3.3272 16.9580 32 38 19
-7.2878 -2.9944 15.2620 38 49 30
-6.4556 -2.7855 14.1970 49 45 36
-7.5336 -3.4221 17.4420 33 42 22
-7.5384 -3.6295 18.4990 19 29 17
-7.3394 -3.7431 19.0780 69 75 58
-8.1828 -4.4361 22.6100 65 66 60
-6.6782 -3.8638 19.6930 54 58 37
-4.8277 -2.9944 15.2620 26 87 129
-4.3706 -2.9214 14.8900 77 157 202
-5.1651 -3.7431 19.0780 52 45 37
-5.8216 -4.6068 23.4800 92 93 55
-6.5452 -5.7038 29.0710 80 78 55
-8.8237 -8.5555 43.6060 106 109 86
3.7492 -11.9777 61.0480 118 112 88
2.8560 -6.6543 33.9160 137 138 132
2.4193 -4.4361 22.6100 118 115 83
2.6413 -3.9925 20.3490 78 78 47
3.1051 -3.9925 20.3490 118 120 77
3.5689 -3.9925 20.3490 73 78 45
4.0328 -3.9925 20.3490 93 99 66
4.6518 -4.1302 21.0510 91 94 55
5.1316 -4.1302 21.0510 55 57 46
5.8119 -4.2778 21.8030 51 57 38
6.3444 -4.2778 21.8030 64 59 41
6.8414 -4.2778 21.8030 96 93 88
7.3384 -4.2778 21.8030 73 75 62
7.5651 -4.1302 21.0510 75 69 56
8.0450 -4.1302 21.0510 44 53 35
8.5248 -4.1302 21.0510 53 59 42
8.7044 -3.9925 20.3490 250 245 225
9.4845 -4.1302 21.0510 115 114 99
11.1141 -4.6068 23.4800 119 114 83
12.1549 -4.7910 24.4190 88 84 75
-9.3630 -3.4936 17.9550 73 81 34
-8.4566 -3.2996 16.9580 38 44 25
-6.9170 -2.8281 14.5350 29 40 21
-6.5857 -2.8281 14.5350 59 50 43
-7.5052 -3.3937 17.4420 46 55 35
-7.5384 -3.5994 18.4990 18 28 16
-7.3394 -3.7121 19.0780 75 84 66
-8.1828 -4.3993 22.6100 74 74 70
-6.6782 -3.8317 19.6930 47 50 32
-4.6858 -2.8972 14.8900 21 82 124
-4.3464 -2.8972 14.8900 55 135 182
-5.2995 -3.8317 19.6930 49 45 34
-6.0147 -4.7513 24.4190 98 101 60
-7.1818 -6.2518 32.1310 58 55 39
-9.4259 -9.1372 46.9600 90 94 71
2.4144 -10.7984 55.4980 115 112 82
2.8910 -8.4846 43.6060 129 126 94
2.5900 -5.6564 29.0710 125 123 104
2.4395 -4.2423 21.8030 117 114 73
2.7738 -3.9594 20.3490 98 101 62
3.3493 -4.0960 21.0510 104 106 61
3.7015 -3.9594 20.3490 104 105 65
4.3090 -4.0960 21.0510 79 81 49
4.7889 -4.0960 21.0510 92 96 68
5.2687 -4.0960 21.0510 103 107 102
5.9539 -4.2423 21.8030 48 51 35
6.4509 -4.2423 21.8030 47 44 30
6.9479 -4.2423 21.8030 79 75 76
7.1881 -4.0960 21.0510 93 93 71
7.7022 -4.0960 21.0510 47 48 42
8.1821 -4.0960 21.0510 39 47 32
8.3730 -3.9594 20.3490 104 97 89
8.8369 -3.9594 20.3490 253 248 226
9.9653 -4.2423 21.8030 114 117 76
11.2670 -4.5686 23.4800 111 106 84
12.2742 -4.7513 24.4190 116 106 92
-9.0103 -3.3654 17.4420 86 98 45
-8.3738 -3.2720 16.9580 36 42 23
-6.3896 -2.6175 13.5660 37 42 30
-6.3401 -2.7392 14.1970 98 94 83
-7.3916 -3.3654 17.4420 66 73 51
-7.1997 -3.4643 17.9550 19 29 17
-7.6959 -3.9262 20.3490 52 57 47
-8.0356 -4.3625 22.6100 61 63 54
-5.8013 -3.3654 17.4420 39 49 56
-4.5031 -2.8045 14.5350 21 83 127
-4.2737 -2.8730 14.8900 50 130 177
-5.0408 -3.6810 19.0780 77 82 52
-6.1412 -4.9079 25.4370 97 105 60
-7.7928 -6.9289 35.9110 48 47 32
-10.7782 -10.7081 55.4980 96 103 61
2.2960 -9.8157 50.8730 115 112 82
2.7646 -7.8527 40.6990 104 101 69
2.4080 -5.1213 26.5430 124 117 98
2.3896 -4.0617 21.0510 107 105 66
2.7738 -3.9262 20.3490 91 96 61
3.3493 -4.0617 21.0510 93 96 55
3.7015 -3.9262 20.3490 105 107 64
4.3090 -4.0617 21.0510 80 81 54
4.8231 -4.0617 21.0510 90 92 81
5.3030 -4.0617 21.0510 52 53 49
5.9894 -4.2068 21.8030 44 46 33
6.2627 -4.0617 21.0510 139 141 128
6.9834 -4.2068 21.8030 163 156 148
7.2224 -4.0617 21.0510 88 93 65
7.7022 -4.0617 21.0510 44 48 41
8.1821 -4.0617 21.0510 39 47 34
8.6619 -4.0617 21.0510 73 69 62
8.8369 -3.9262 20.3490 234 229 211
10.0008 -4.2068 21.8030 116 123 78
11.7574 -4.7115 24.4190 115 110 88
12.3140 -4.7115 24.4190 123 110 99
-8.9819 -3.3370 17.4420 85 97 40
-8.3462 -3.2444 16.9580 27 30 12
-5.9695 -2.4332 12.7180 42 47 35
-5.8006 -2.4850 12.9890 100 96 85
-7.1865 -3.2444 16.9580 62 66 43
-7.1997 -3.4351 17.9550 18 28 16
-7.6959 -3.8931 20.3490 45 47 36
-7.7133 -4.1713 21.8030 52 53 42
-5.6127 -3.2444 16.9580 101 150 178
-4.3753 -2.7161 14.1970 24 89 132
-4.2494 -2.8487 14.8900 49 125 173
-5.1712 -3.7676 19.6930 62 67 39
-6.3650 -5.0781 26.5430 109 117 68
-8.2798 -7.2997 38.1550 46 45 28
-10.7782 -10.6177 55.4980 98 106 61
2.2960 -9.7329 50.8730 99 99 68
2.7646 -7.7864 40.6990 98 98 67
2.3491 -4.8665 25.4370 126 121 90
2.4239 -4.0274 21.0510 97 100 61
2.8069 -3.8931 20.3490 88 93 58
3.3836 -4.0274 21.0510 96 100 56
3.7346 -3.8931 20.3490 105 107 62
4.3433 -4.0274 21.0510 78 79 52
4.8231 -4.0274 21.0510 73 77 70
5.3030 -4.0274 21.0510 69 72 71
6.2111 -4.3257 22.6100 48 53 41
6.2627 -4.0274 21.0510 80 78 68
7.0189 -4.1713 21.8030 68 60 48
7.2566 -4.0274 21.0510 83 86 61
7.7365 -4.0274 21.0510 43 47 40
8.2163 -4.0274 21.0510 42 47 35
8.6962 -4.0274 21.0510 73 74 65
8.8700 -3.8931 20.3490 124 116 102
10.0008 -4.1713 21.8030 102 109 67
11.3052 -4.4921 23.4800 114 109 91
11.8405 -4.4921 23.4800 149 137 121
-8.9819 -3.3086 17.4420 53 61 12
-8.3185 -3.2168 16.9580 22 27 17
-5.7111 -2.3161 12.2100 42 43 34
-6.0362 -2.5733 13.5660 93 86 76
-7.3632 -3.3086 17.4420 62 70 41
-7.1705 -3.4059 17.9550 17 27 15
-7.6627 -3.8600 20.3490 45 49 42
-7.7133 -4.1358 21.8030 50 52 43
-5.6127 -3.2168 16.9580 70 129 165
-4.2760 -2.6319 13.8750 23 88 131
-4.1244 -2.7571 14.5350 47 123 171
-5.1392 -3.7356 19.6930 61 65 42
-6.3218 -5.0349 26.5430 88 96 49
-8.2177 -7.2376 38.1550 66 69 46
-10.6879 -10.5274 55.4980 102 113 67
1.8819 -9.6501 50.8730 82 77 57
2.6070 -8.2716 43.6060 104 101 67
2.1919 -5.0349 26.5430 112 107 76
2.3825 -4.2889 22.6100 102 98 60
2.6081 -3.8600 20.3490 84 86 50
3.2122 -3.9932 21.0510 82 88 48
3.5689 -3.8600 20.3490 111 113 68
4.1719 -3.9932 21.0510 87 90 72
4.6518 -3.9932 21.0510 76 76 54
4.9605 -3.8600 20.3490 50 54 47
5.8119 -4.1358 21.8030 60 62 51
6.3089 -4.1358 21.8030 96 102 100
6.8059 -4.1358 21.8030 204 206 190
7.3029 -4.1358 21.8030 55 56 45
7.5308 -3.9932 21.0510 68 64 57
8.0450 -3.9932 21.0510 43 51 40
8.5248 -3.9932 21.0510 53 62 44
8.7044 -3.8600 20.3490 105 98 79
9.4845 -3.9932 21.0510 98 99 72
10.7023 -4.2889 22.6100 94 96 62
11.6493 -4.4539 23.4800 114 112 104
-9.6769 -3.4790 18.4990 79 83 26
-8.4842 -3.1892 16.9580 25 30 20
-6.7792 -2.6699 14.1970 37 40 22
-4.9569 -2.0501 10.9010 100 96 89
-6.9127 -3.0212 16.0650 47 49 33
-7.3167 -3.3766 17.9550 15 29 9
-7.1167 -3.4790 18.4990 41 52 31
-8.1828 -4.2521 22.6100 211 211 211
-6.2733 -3.4790 18.4990 66 82 71
-4.4908 -2.6699 14.1970 16 83 126
-3.8954 -2.4958 13.2710 21 88 131
-4.3493 -3.0212 16.0650 60 119 155
-5.8216 -4.4157 23.4800 90 92 56
-7.6360 -6.3783 33.9160 71 76 46
-10.2113 -9.5673 50.8730 111 122 103
1.4631 -11.4808 61.0480 104 103 86
2.0390 -8.2006 43.6060 70 65 47
2.2349 -6.0426 32.1310 72 72 50
2.2551 -4.5923 24.4190 117 115 78
2.4239 -3.9589 21.0510 76 76 45
2.8069 -3.8269 20.3490 80 82 48
3.5045 -4.1003 21.8030 107 110 71
3.7346 -3.8269 20.3490 98 100 64
4.3433 -3.9589 21.0510 75 75 51
4.8574 -3.9589 21.0510 104 111 103
5.3373 -3.9589 21.0510 92 98 96
6.2479 -4.2521 22.6100 92 98 96
6.2969 -3.9589 21.0510 65 66 55
7.0189 -4.1003 21.8030 86 84 65
7.2566 -3.9589 21.0510 143 137 122
7.7365 -3.9589 21.0510 111 113 104
8.2163 -3.9589 21.0510 52 61 54
8.6962 -3.9589 21.0510 66 68 57
8.8700 -3.8269 20.3490 111 107 80
10.0363 -4.1003 21.8030 84 90 57
11.3435 -4.4157 23.4800 106 104 92
-10.5579 -3.6714 19.6930 48 58 31
-9.2169 -3.3474 17.9550 60 74 23
-8.3185 -3.1615 16.9580 22 26 21
-5.3879 -2.1475 11.5190 44 40 33
-5.5436 -2.3228 12.4590 82 71 64
-7.1589 -3.1615 16.9580 54 57 34
-7.1705 -3.3474 17.9550 17 27 15
-7.6627 -3.7937 20.3490 30 37 31
-7.6778 -4.0648 21.8030 45 45 45
-5.2910 -2.9951 16.0650 63 130 175
-4.1587 -2.5292 13.5660 22 89 134
-4.0285 -2.6468 14.1970 34 107 156
-4.8276 -3.4488 18.4990 49 55 53
-6.9239 -5.4198 29.0710 87 94 45
-8.7656 -7.5877 40.6990 83 85 51
-10.6879 -10.3467 55.4980 89 100 68
1.6334 -9.4845 50.8730 99 94 74
2.3940 -8.1296 43.6060 111 106 75
2.1055 -4.9485 26.5430 124 121 80
2.2265 -4.0648 21.8030 109 110 70
2.6295 -3.9246 21.0510 79 73 47
3.1094 -3.9246 21.0510 72 73 44
3.5892 -3.9246 21.0510 76 81 48
4.0691 -3.9246 21.0510 91 97 64
4.5489 -3.9246 21.0510 101 104 83
4.8611 -3.7937 20.3490 57 63 63
5.7054 -4.0648 21.8030 104 101 98
6.4320 -4.2153 22.6100 86 92 92
6.5026 -3.9246 21.0510 72 73 60
7.2319 -4.0648 21.8030 51 53 44
7.4623 -3.9246 21.0510 80 71 66
7.9421 -3.9246 21.0510 65 65 59
8.4220 -3.9246 21.0510 70 79 72
8.6050 -3.7937 20.3490 92 92 68
9.3817 -3.9246 21.0510 96 93 61
10.2138 -4.0648 21.8030 69 75 56
11.5346 -4.3775 23.4800 112 109 95
-9.7672 -3.4187 18.4990 39 46 22
-8.7831 -3.2234 17.4420 21 26 16
-7.1586 -2.7518 14.8900 104 110 75
-4.6599 -1.8804 10.1750 56 49 43
-6.0381 -2.5642 13.8750 48 47 32
-7.4044 -3.3182 17.9550 32 43 22
-6.9951 -3.3182 17.9550 32 42 26
-7.9973 -4.0293 21.8030 211 214 213
-6.5629 -3.5257 19.0780 60 81 87
-4.6687 -2.6862 14.5350 25 90 133
-3.8761 -2.4004 12.9890 20 87 132
-4.0797 -2.7518 14.8900 88 164 212
-5.1116 -3.7606 20.3490 50 55 43
-7.3388 -5.9380 32.1310 54 60 27
-9.6553 -8.6785 46.9600 99 103 59
-11.1603 -11.2820 61.0480 120 131 83
1.6607 -8.6785 46.9600 108 105 73
2.0885 -6.6366 35.9110 75 76 49
2.0592 -4.7009 25.4370 116 112 76
2.2620 -4.0293 21.8030 98 100 64
2.6638 -3.8904 21.0510 68 57 32
3.2915 -4.0293 21.8030 70 74 46
3.6578 -3.8904 21.0510 96 98 62
4.1376 -3.8904 21.0510 89 93 72
4.6175 -3.8904 21.0510 102 103 90
4.9273 -3.7606 20.3490 89 93 88
5.9902 -4.1785 22.6100 90 90 90
6.5056 -4.1785 22.6100 99 105 105
6.5369 -3.8904 21.0510 85 82 68
7.2674 -4.0293 21.8030 75 76 67
7.5308 -3.8904 21.0510 110 101 96
8.0107 -3.8904 21.0510 62 63 59
8.4905 -3.8904 21.0510 57 64 58
8.9704 -3.8904 21.0510 98 99 72
9.4502 -3.8904 21.0510 80 80 56
10.2848 -4.0293 21.8030 91 93 75
11.6111 -4.3392 23.4800 95 98 77
-10.0108 -3.4947 19.0780 41 44 19
-8.7548 -3.1950 17.4420 21 26 14
-7.1344 -2.7275 14.8900 89 94 57
-4.3376 -1.7473 9.5390 45 41 34
-5.9929 -2.5416 13.8750 55 58 35
-7.3459 -3.2890 17.9550 20 30 14
-7.1468 -3.3886 18.4990 36 45 27
-7.6529 -3.8561 21.0510 211 217 215
-5.7784 -3.1063 16.9580 34 89 124
-4.4116 -2.5416 13.8750 23 88 131
-3.7538 -2.3297 12.7180 19 87 134
-3.9588 -2.6625 14.5350 57 137 184
-5.0785 -3.7275 20.3490 66 68 50
-7.6360 -6.2127 33.9160 80 83 58
-10.2942 -9.3188 50.8730 106 113 68
-10.9615 -11.1827 61.0480 109 116 74
1.6607 -8.6020 46.9600 107 102 71
2.0885 -6.5781 35.9110 74 74 50
2.0592 -4.6595 25.4370 116 112 76
2.2620 -3.9938 21.8030 89 91 57
2.6638 -3.8561 21.0510 68 53 27
3.2560 -3.9938 21.8030 67 68 41
3.6235 -3.8561 21.0510 86 91 61
4.1376 -3.8561 21.0510 80 84 63
4.6175 -3.8561 21.0510 103 105 89
4.9273 -3.7275 20.3490 96 99 100
5.9902 -4.1417 22.6100 104 104 106
6.5056 -4.1417 22.6100 101 107 107
6.5369 -3.8561 21.0510 72 68 57
7.2674 -3.9938 21.8030 85 82 77
7.4966 -3.8561 21.0510 91 81 81
8.2613 -3.9938 21.8030 65 66 62
8.7583 -3.9938 21.8030 62 68 66
8.9704 -3.8561 21.0510 84 88 58
9.4502 -3.8561 21.0510 72 72 48
9.9301 -3.8561 21.0510 100 94 81
11.1809 -4.1417 22.6100 87 91 68
-10.0108 -3.4636 19.0780 33 37 16
-8.7548 -3.1666 17.4420 21 26 16
-7.1344 -2.7033 14.8900 89 91 55
-4.3531 -1.7318 9.5390 37 33 26
-5.6314 -2.3582 12.9890 51 50 35
-7.3751 -3.2597 17.9550 22 33 14
-7.1468 -3.3585 18.4990 56 63 39
-7.6529 -3.8218 21.0510 207 217 222
-5.7784 -3.0787 16.9580 28 84 126
-4.4116 -2.5190 13.8750 23 88 133
-3.7538 -2.3090 12.7180 34 105 151
-3.9588 -2.6388 14.5350 59 137 187
-5.0785 -3.6944 20.3490 56 61 51
-7.2864 -5.8334 32.1310 84 89 56
-10.3770 -9.2360 50.8730 100 104 58
-11.0609 -11.0833 61.0480 88 95 55
1.4677 -9.2360 50.8730 120 117 85
1.9705 -6.9271 38.1550 112 111 85
1.8935 -4.6181 25.4370 117 114 73
2.1200 -3.9583 21.8030 78 82 54
2.5267 -3.8218 21.0510 150 127 97
3.1140 -3.9583 21.8030 65 66 39
3.6110 -3.9583 21.8030 63 64 37
3.9663 -3.8218 21.0510 76 76 52
4.4461 -3.8218 21.0510 72 72 52
4.7617 -3.6944 20.3490 96 99 100
5.4401 -3.8218 21.0510 92 97 102
6.3583 -4.1049 22.6100 106 109 110
6.3998 -3.8218 21.0510 65 65 67
7.1254 -3.9583 21.8030 96 96 96
7.3595 -3.8218 21.0510 109 100 103
8.1193 -3.9583 21.8030 68 68 72
8.6163 -3.9583 21.8030 162 161 161
9.1133 -3.9583 21.8030 103 106 67
9.2788 -3.8218 21.0510 108 114 74
9.4333 -3.6944 20.3490 133 136 113
11.0336 -4.1049 22.6100 101 103 71
-10.4618 -3.5432 19.6930 27 34 12
-9.1292 -3.2305 17.9550 76 86 25
-8.0128 -2.9685 16.4990 91 97 62
-4.5573 -1.7715 9.8460 43 41 31
-4.7971 -1.9613 10.9010 44 37 31
-7.2780 -3.1382 17.4420 40 44 21
-7.0828 -3.2305 17.9550 20 30 18
-7.3195 -3.5432 19.6930 97 107 114
-6.2643 -3.2305 17.9550 41 83 113
-4.6064 -2.5544 14.1970 25 88 129
-3.8366 -2.2883 12.7180 75 148 193
-3.7832 -2.4408 13.5660 25 96 142
-4.4666 -3.1382 17.4420 93 154 192
-5.9341 -4.5767 25.4370 99 101 67
-9.8847 -8.4492 46.9600 74 80 38
-10.4168 -9.9853 55.4980 88 89 49
-10.0670 -10.9839 61.0480 106 107 67
0.6072 -9.9853 55.4980 75 80 45
1.4711 -7.8457 43.6060 108 105 71
1.8687 -5.7811 32.1310 74 75 48
1.9008 -4.2246 23.4800 100 101 61
2.1840 -3.7875 21.0510 65 65 41
2.6638 -3.7875 21.0510 66 55 32
3.2560 -3.9229 21.8030 92 92 68
3.7530 -3.9229 21.8030 85 88 63
4.1034 -3.7875 21.0510 73 76 53
4.5832 -3.7875 21.0510 101 105 75
4.8942 -3.6612 20.3490 108 114 116
5.7409 -3.9229 21.8030 96 99 102
6.5056 -4.0680 22.6100 74 77 80
6.5369 -3.7875 21.0510 192 186 173
7.2674 -3.9229 21.8030 98 94 87
7.7644 -3.9229 21.8030 179 171 168
8.2613 -3.9229 21.8030 90 86 87
8.7583 -3.9229 21.8030 151 153 140
8.9361 -3.7875 21.0510 70 73 50
9.4159 -3.7875 21.0510 60 61 48
9.5658 -3.6612 20.3490 143 136 128
11.1809 -4.0680 22.6100 81 85 62
-10.3335 -3.5112 19.6930 25 32 10
-9.0122 -3.2013 17.9550 22 27 17
-7.1344 -2.6548 14.8900 96 99 58
-3.9237 -1.5330 8.5980 32 29 24
-5.1896 -2.1342 11.9700 42 43 30
-7.3751 -3.2013 17.9550 22 31 13
-6.7668 -3.1098 17.4420 56 63 41
-7.4308 -3.6281 20.3490 95 132 164
-5.8060 -3.0235 16.9580 29 84 121
-4.3133 -2.4187 13.5660 24 91 136
-3.7538 -2.2676 12.7180 30 106 152
-3.7790 -2.4738 13.8750 32 107 158
-4.9147 -3.5112 19.6930 35 76 111
-6.9220 -5.4423 30.5240 95 102 60
-10.3770 -9.0704 50.8730 113 118 67
-10.0554 -9.8950 55.4980 59 62 37
-9.6694 -10.8845 61.0480 116 118 73
0.8879 -9.0704 50.8730 108 106 69
1.6380 -7.2564 40.6990 100 97 63
1.8800 -5.1832 29.0710 63 63 43
1.9776 -4.0312 22.6100 81 86 56
2.3211 -3.7533 21.0510 55 55 33
2.8009 -3.7533 21.0510 71 72 45
3.5237 -4.0312 22.6100 87 85 75
3.8950 -3.8874 21.8030 127 126 100
4.2405 -3.7533 21.0510 60 61 50
4.7203 -3.7533 21.0510 103 106 85
5.2002 -3.7533 21.0510 93 95 101
6.1006 -4.0312 22.6100 102 110 111
6.4154 -3.8874 21.8030 185 178 168
6.6740 -3.7533 21.0510 234 223 214
7.1538 -3.7533 21.0510 206 195 186
7.9064 -3.8874 21.8030 179 176 171
8.4033 -3.8874 21.8030 139 134 132
8.9003 -3.8874 21.8030 103 108 78
9.0732 -3.7533 21.0510 69 76 54
9.5530 -3.7533 21.0510 60 66 64
10.0329 -3.7533 21.0510 101 101 79
11.2913 -4.0312 22.6100 65 67 54
-9.8865 -3.3705 19.0780 28 34 17
-8.8953 -3.1721 17.9550 22 26 21
-5.4442 -2.0350 11.5190 89 91 59
-3.9230 -1.5407 8.7210 34 31 26
-6.6844 -2.7654 15.6530 41 44 26
-7.2582 -3.1721 17.9550 18 26 15
-6.8489 -3.1721 17.9550 52 60 29
-6.8424 -3.3705 19.0780 36 85 127
-5.2572 -2.7654 15.6530 29 87 128
-4.0664 -2.2947 12.9890 53 126 173
-3.6710 -2.2468 12.7180 19 92 139
-3.8641 -2.5679 14.5350 94 174 219
-5.1165 -3.7190 21.0510 81 99 97
-7.0772 -5.6765 32.1310 98 106 57
-10.0457 -8.9876 50.8730 123 126 76
-10.6633 -10.7852 61.0480 111 115 71
-9.2718 -10.7852 61.0480 99 101 65
0.7222 -8.9876 50.8730 107 106 64
1.5055 -7.1902 40.6990 107 104 70
1.8249 -5.3926 30.5240 91 94 69
1.9040 -3.9944 22.6100 80 82 48
2.2525 -3.7190 21.0510 61 64 41
2.7324 -3.7190 21.0510 60 54 28
3.3270 -3.8519 21.8030 104 102 92
3.8240 -3.8519 21.8030 99 101 83
4.1719 -3.7190 21.0510 88 89 76
4.6518 -3.7190 21.0510 89 90 63
4.9605 -3.5950 20.3490 96 98 104
6.0270 -3.9944 22.6100 105 113 114
6.3089 -3.8519 21.8030 104 112 113
6.6054 -3.7190 21.0510 203 195 181
7.0853 -3.7190 21.0510 124 113 108
7.5651 -3.7190 21.0510 221 218 204
8.3323 -3.8519 21.8030 213 209 202
8.8293 -3.8519 21.8030 118 123 88
9.0046 -3.7190 21.0510 58 61 43
9.4845 -3.7190 21.0510 47 59 63
9.3215 -3.4791 19.6930 108 108 104
11.2177 -3.9944 22.6100 68 70 61
-9.9797 -3.3394 19.0780 24 29 15
-8.9538 -3.1428 17.9550 20 27 21
-5.9290 -2.1808 12.4590 77 78 49
-3.7380 -1.4441 8.2500 33 30 25
-5.5891 -2.2736 12.9890 38 39 28
-7.3167 -3.1428 17.9550 16 24 9
-6.5238 -2.9683 16.9580 79 88 54
-6.6950 -3.2380 18.4990 24 85 125
-5.1756 -2.6714 15.2620 29 87 128
-4.1087 -2.2736 12.9890 28 95 138
-3.6571 -2.1808 12.4590 55 134 179
-3.6507 -2.3746 13.5660 63 145 196
-4.4225 -3.1428 17.9550 101 169 209
-6.2024 -4.8572 27.7490 102 110 63
-10.2113 -8.9048 50.8730 106 105 63
-9.8746 -9.7143 55.4980 87 86 60
-8.6096 -9.7143 55.4980 95 95 62
0.0650 -9.7143 55.4980 126 116 75
0.9754 -7.1239 40.6990 80 79 53
1.6792 -6.2858 35.9110 99 97 60
1.7693 -4.4525 25.4370 97 93 66
2.0490 -3.8164 21.8030 59 57 34
2.4582 -3.6847 21.0510 58 61 40
3.0430 -3.8164 21.8030 64 64 40
3.6710 -3.9576 22.6100 84 80 73
3.8977 -3.6847 21.0510 82 75 56
4.3776 -3.6847 21.0510 80 77 61
4.8574 -3.6847 21.0510 110 113 114
5.3373 -3.6847 21.0510 106 112 112
6.2479 -3.9576 22.6100 106 112 112
6.5219 -3.8164 21.8030 218 208 196
6.8111 -3.6847 21.0510 96 85 89
7.2909 -3.6847 21.0510 221 212 203
8.0484 -3.8164 21.8030 215 216 207
8.8616 -3.9576 22.6100 161 159 151
9.0423 -3.8164 21.8030 102 108 68
9.2103 -3.6847 21.0510 74 78 55
9.3670 -3.5619 20.3490 160 201 238
10.1700 -3.6847 21.0510 132 131 114
-10.9096 -3.5287 20.3490 60 66 33
-9.4961 -3.2079 18.4990 64 61 47
-8.5276 -3.0246 17.4420 59 66 40
-4.5894 -1.7074 9.8460 30 29 40
-3.9801 -1.5569 8.9780 90 71 65
-7.3348 -3.0246 17.4420 39 46 22
-6.9372 -3.0246 17.4420 19 29 17
-6.7320 -3.1136 17.9550 28 53 74
-6.1421 -3.0246 17.4420 31 87 129
-4.5697 -2.4061 13.8750 52 119 164
-3.8194 -2.1605 12.4590 37 110 159
-3.6646 -2.2524 12.9890 25 98 145
-3.8615 -2.5821 14.8900 97 176 226
-4.9794 -3.6505 21.0510 72 94 97
-8.1555 -6.6165 38.1550 110 115 62
-9.7144 -8.8219 50.8730 107 105 68
-9.3325 -9.6240 55.4980 78 80 48
-8.8742 -10.5864 61.0480 85 85 50
0.5138 -8.1434 46.9600 116 115 71
1.2872 -6.6165 38.1550 70 65 47
1.6434 -5.0412 29.0710 82 77 59
1.8303 -3.9208 22.6100 113 110 80
2.1840 -3.6505 21.0510 68 72 42
2.6638 -3.6505 21.0510 94 90 63
3.2560 -3.7809 21.8030 105 101 90
3.7530 -3.7809 21.8030 105 110 100
4.1034 -3.6505 21.0510 72 68 57
4.5832 -3.6505 21.0510 82 82 58
4.8942 -3.5287 20.3490 102 105 108
5.7409 -3.7809 21.8030 107 113 115
6.4688 -3.9208 22.6100 92 98 98
6.5369 -3.6505 21.0510 160 151 144
7.0167 -3.6505 21.0510 202 196 183
7.4966 -3.6505 21.0510 208 199 190
8.2613 -3.7809 21.8030 186 182 171
8.7583 -3.7809 21.8030 102 108 75
8.9361 -3.6505 21.0510 52 57 45
9.7523 -3.7809 21.8030 79 110 137
8.9683 -3.3083 19.0780 150 184 220
10.7463 -3.7809 21.8030 88 85 71
-10.3656 -3.3829 19.6930 25 35 12
-9.0122 -3.0844 17.9550 24 28 21
-6.9643 -2.4969 14.5350 49 52 31
-3.7147 -1.3983 8.1400 72 68 71
-5.0899 -2.0167 11.7400 31 32 21
-7.5986 -3.1778 18.4990 25 31 14
-6.4010 -2.8343 16.4990 50 59 50
-6.5566 -3.0844 17.9550 22 78 118
-5.0979 -2.5579 14.8900 27 85 126
-4.0644 -2.1847 12.7180 33 98 141
-3.6976 -2.1402 12.4590 62 133 183
-3.6949 -2.3304 13.5660 40 111 161
-4.0093 -2.7597 16.0650 99 178 228
-5.3246 -4.0335 23.4800 88 93 65
-9.5788 -8.0669 46.9600 76 75 47
-9.2174 -8.7391 50.8730 64 62 43
-8.7903 -9.5336 55.4980 65 65 43
-0.3868 -9.5336 55.4980 108 109 71
0.6901 -7.4908 43.6060 104 102 63
1.3098 -5.8262 33.9160 84 82 59
1.6301 -4.5596 26.5430 67 59 45
1.8715 -3.7454 21.8030 85 85 54
2.2868 -3.6162 21.0510 56 59 38
2.7666 -3.6162 21.0510 67 67 43
3.3625 -3.7454 21.8030 101 102 98
3.8595 -3.7454 21.8030 90 91 80
4.2062 -3.6162 21.0510 70 61 42
4.6860 -3.6162 21.0510 104 107 86
5.1659 -3.6162 21.0510 108 111 112
6.0638 -3.8840 22.6100 106 112 114
6.3444 -3.7454 21.8030 79 74 72
6.6397 -3.6162 21.0510 73 61 61
6.8821 -3.4956 20.3490 207 200 190
7.5994 -3.6162 21.0510 93 88 86
8.3678 -3.7454 21.8030 204 201 187
8.8648 -3.7454 21.8030 84 91 65
9.0389 -3.6162 21.0510 60 68 55
9.5188 -3.6162 21.0510 156 205 249
9.0615 -3.2773 19.0780 109 134 170
10.8528 -3.7454 21.8030 57 54 49
-9.6467 -3.1477 18.4990 48 58 44
-8.9245 -3.0551 17.9550 56 69 38
-5.6768 -2.0368 11.9700 77 78 72
-3.6266 -1.3669 8.0330 77 77 73
-6.2307 -2.4732 14.5350 31 33 22
-7.2874 -3.0551 17.9550 18 28 16
-6.1541 -2.7335 16.0650 53 70 73
-5.9443 -2.8074 16.4990 27 83 125
-4.5784 -2.3083 13.5660 35 97 141
-3.8424 -2.0776 12.2100 41 103 149
-3.7124 -2.1640 12.7180 79 152 197
-3.6286 -2.3083 13.5660 52 124 176
-3.9308 -2.7335 16.0650 100 179 229
-5.4183 -4.1550 24.4190 75 84 66
-9.3495 -7.9905 46.9600 69 69 45
-8.9689 -8.6563 50.8730 79 75 50
-8.5192 -9.4433 55.4980 79 77 54
-0.1061 -8.6563 50.8730 108 104 68
0.7902 -6.4923 38.1550 86 83 53
1.4755 -5.7710 33.9160 76 76 45
1.6189 -4.1550 24.4190 102 103 63
1.9780 -3.7099 21.8030 103 100 70
2.3896 -3.5819 21.0510 50 54 33
2.8695 -3.5819 21.0510 59 62 39
3.4690 -3.7099 21.8030 90 89 89
3.9660 -3.7099 21.8030 100 100 78
4.3090 -3.5819 21.0510 97 85 67
4.7889 -3.5819 21.0510 108 108 104
5.2687 -3.5819 21.0510 124 124 124
6.1743 -3.8472 22.6100 86 86 86
6.4509 -3.7099 21.8030 68 63 59
6.5177 -3.4625 20.3490 70 58 58
6.9815 -3.4625 20.3490 144 137 131
7.7022 -3.5819 21.0510 94 91 86
8.4743 -3.7099 21.8030 135 131 120
8.9713 -3.7099 21.8030 86 91 61
9.1417 -3.5819 21.0510 78 104 122
9.3007 -3.4625 20.3490 157 208 251
9.1547 -3.2462 19.0780 116 126 133
10.9593 -3.7099 21.8030 80 73 63
-9.2753 -3.0259 17.9550 26 33 25
-8.8368 -3.0259 17.9550 57 70 28
-4.8566 -1.7438 10.3470 177 187 201
-3.6843 -1.3904 8.2500 105 91 83
-7.6090 -3.0259 17.9550 35 40 28
-6.9940 -2.9395 17.4420 18 28 16
-6.2398 -2.7805 16.4990 83 101 99
-5.5631 -2.6380 15.6530 26 80 120
-4.4140 -2.2365 13.2710 39 101 145
-3.7828 -2.0577 12.2100 43 111 158
-3.7069 -2.1890 12.9890 37 105 154
-3.7280 -2.3926 14.1970 72 148 194
-4.0665 -2.8579 16.9580 102 181 228
-6.3085 -4.8993 29.0710 84 96 61
-9.1201 -7.9141 46.9600 73 68 46
-8.7204 -8.5735 50.8730 74 70 45
-8.2481 -9.3530 55.4980 61 60 34
-0.0232 -8.5735 50.8730 90 86 50
0.8022 -6.0520 35.9110 96 91 58
1.3776 -5.1441 30.5240 64 62 39
1.6332 -3.9570 23.4800 106 105 63
2.0135 -3.6744 21.8030 94 95 57
2.4239 -3.5477 21.0510 45 49 28
2.9037 -3.5477 21.0510 59 62 41
3.5045 -3.6744 21.8030 96 97 93
4.0014 -3.6744 21.8030 96 91 69
4.3433 -3.5477 21.0510 97 93 82
4.8231 -3.5477 21.0510 109 110 106
5.3030 -3.5477 21.0510 68 74 76
6.2111 -3.8104 22.6100 74 71 68
6.2969 -3.5477 21.0510 65 60 56
6.5508 -3.4294 20.3490 65 55 55
7.0146 -3.4294 20.3490 83 76 70
7.4785 -3.4294 20.3490 67 68 64
8.5098 -3.6744 21.8030 175 172 158
8.6962 -3.5477 21.0510 102 106 78
9.1760 -3.5477 21.0510 144 192 227
9.0330 -3.3188 19.6930 145 200 247
8.9070 -3.1176 18.4990 110 130 152
10.9948 -3.6744 21.8030 66 52 44
-9.2169 -2.9967 17.9550 30 30 24
-8.8076 -2.9967 17.9550 48 55 31
-4.3930 -1.5675 9.3920 220 232 238
-3.8804 -1.4555 8.7210 120 108 92
-7.8094 -3.0875 18.4990 38 44 27
-6.7723 -2.8303 16.9580 20 29 20
-5.8944 -2.6125 15.6530 135 144 110
-5.1421 -2.4259 14.5350 30 80 117
-4.2094 -2.1226 12.7180 32 93 135
-3.6889 -1.9978 11.9700 40 112 155
-3.6857 -2.1679 12.9890 36 102 150
-3.6209 -2.3157 13.8750 101 174 221
-3.7281 -2.6125 15.6530 105 183 233
-5.4785 -4.2454 25.4370 69 84 66
-9.0436 -7.8376 46.9600 68 66 45
-7.9732 -7.8376 46.9600 81 75 51
-8.1578 -9.2626 55.4980 76 77 50
-0.0979 -7.8376 46.9600 95 91 55
0.7437 -5.9935 35.9110 102 100 63
1.3279 -5.0945 30.5240 64 62 41
1.5949 -3.9188 23.4800 103 102 56
1.9780 -3.6389 21.8030 101 98 66
2.3896 -3.5134 21.0510 46 48 30
2.9720 -3.6389 21.8030 53 55 37
3.4690 -3.6389 21.8030 93 88 86
3.9660 -3.6389 21.8030 90 93 72
4.3090 -3.5134 21.0510 89 80 59
4.9599 -3.6389 21.8030 110 112 103
5.2687 -3.5134 21.0510 137 141 136
6.1743 -3.7736 22.6100 71 66 62
6.2627 -3.5134 21.0510 65 62 57
6.5177 -3.3962 20.3490 64 56 53
6.9815 -3.3962 20.3490 86 79 73
7.4454 -3.3962 20.3490 65 65 65
8.4743 -3.6389 21.8030 200 195 177
8.6619 -3.5134 21.0510 142 146 125
9.1417 -3.5134 21.0510 147 204 252
9.0009 -3.2868 19.6930 144 200 251
8.6158 -2.9967 17.9550 144 185 220
10.9593 -3.6389 21.8030 145 127 116
-9.2461 -2.9675 17.9550 22 32 16
-9.1046 -3.0574 18.4990 53 61 30
-4.5482 -1.6015 9.6900 154 166 180
-3.6843 -1.3635 8.2500 119 109 107
-7.8396 -3.0574 18.4990 36 41 29
-6.8000 -2.8027 16.9580 20 29 20
-5.7720 -2.5224 15.2620 142 140 80
-5.2919 -2.4609 14.8900 81 103 104
-4.2301 -2.1019 12.7180 32 90 131
-3.7084 -1.9783 11.9700 37 104 149
-3.7069 -2.1467 12.9890 35 101 149
-3.6435 -2.2931 13.8750 67 139 191
-3.7536 -2.5870 15.6530 106 182 230
-5.5199 -4.2040 25.4370 85 120 133
-9.1201 -7.7612 46.9600 67 67 45
-8.0497 -7.7612 46.9600 74 69 38
-7.5608 -8.4079 50.8730 64 65 38
-0.1744 -7.7612 46.9600 102 99 67
0.6852 -5.9351 35.9110 93 92 64
1.2782 -5.0448 30.5240 51 52 25
1.5567 -3.8806 23.4800 107 106 60
1.9425 -3.6034 21.8030 95 92 62
2.3553 -3.4791 21.0510 45 47 29
2.9365 -3.6034 21.8030 51 53 37
3.4335 -3.6034 21.8030 72 67 65
3.9305 -3.6034 21.8030 110 113 97
4.2747 -3.4791 21.0510 111 104 87
4.9244 -3.6034 21.8030 110 112 99
5.2344 -3.4791 21.0510 94 98 93
5.9184 -3.6034 21.8030 70 65 61
6.4509 -3.6034 21.8030 70 68 60
6.4845 -3.3631 20.3490 63 58 56
6.9484 -3.3631 20.3490 80 76 67
7.4122 -3.3631 20.3490 62 62 58
8.1478 -3.4791 21.0510 101 99 91
8.3399 -3.3631 20.3490 113 118 104
8.8038 -3.3631 20.3490 140 201 252
8.9688 -3.2547 19.6930 145 202 248
8.3412 -2.8827 17.4420 114 190 252
10.1953 -3.3631 20.3490 169 160 151
-9.2753 -2.9382 17.9550 24 34 18
-9.1347 -3.0273 18.4990 53 61 30
-4.9577 -1.7225 10.5260 68 106 104
-3.5534 -1.2974 7.9280 112 112 108
-7.4200 -2.8543 17.4420 31 36 24
-6.8276 -2.7751 16.9580 19 28 19
-5.7968 -2.4975 15.2620 145 139 72
-5.1894 -2.3786 14.5350 140 143 104
-4.1642 -2.0388 12.4590 42 84 112
-3.6563 -1.9212 11.7400 31 96 139
-3.7280 -2.1256 12.9890 36 103 148
-3.5844 -2.2200 13.5660 42 113 163
-3.5091 -2.3786 14.5350 108 184 230
-4.6024 -3.4449 21.0510 109 181 222
-8.5397 -7.1359 43.6060 66 69 44
-7.5457 -7.1359 43.6060 101 102 62
-7.0557 -7.6847 46.9600 63 63 39
-0.6030 -8.3251 50.8730 62 63 36
0.4174 -6.2438 38.1550 51 47 36
1.0794 -4.9951 30.5240 91 96 61
1.5437 -4.3436 26.5430 103 101 64
1.8303 -3.7000 22.6100 77 74 44
2.1840 -3.4449 21.0510 44 46 28
2.7590 -3.5679 21.8030 47 49 33
3.2560 -3.5679 21.8030 54 56 47
3.7530 -3.5679 21.8030 74 77 76
4.1034 -3.4449 21.0510 69 61 47
4.7469 -3.5679 21.8030 112 117 103
5.0631 -3.4449 21.0510 50 52 39
5.7764 -3.5679 21.8030 67 65 57
6.2734 -3.5679 21.8030 72 70 60
6.5369 -3.4449 21.0510 63 55 54
6.7827 -3.3300 20.3490 78 74 67
7.2466 -3.3300 20.3490 80 73 67
7.7104 -3.3300 20.3490 62 66 61
7.9107 -3.2226 19.6930 65 79 85
8.3596 -3.2226 19.6930 136 200 252
9.1019 -3.3300 20.3490 157 213 255
8.1993 -2.8543 17.4420 106 190 254
9.4342 -3.1220 19.0780 93 101 100
-10.0108 -3.0909 19.0780 34 47 16
-9.0122 -2.9090 17.9550 74 76 63
-6.3587 -2.1501 13.2710 58 63 49
-3.4824 -1.2363 7.6310 109 229 199
-5.5139 -2.0605 12.7180 36 42 25
-7.5986 -2.9971 18.4990 47 49 40
-5.7768 -2.4124 14.8900 142 138 88
-5.3077 -2.3549 14.5350 150 145 75
-4.2656 -2.0186 12.4590 146 149 110
-3.6625 -1.8663 11.5190 41 86 115
-3.5330 -1.9393 11.9700 39 104 149
-3.6949 -2.1979 13.5660 34 102 149
-3.4628 -2.2480 13.8750 49 122 171
-3.7415 -2.6731 16.4990 107 183 231
-6.9181 -5.4949 33.9160 56 70 76
-7.3740 -6.5939 40.6990 98 103 68
-6.0434 -6.1817 38.1550 84 86 50
-1.4194 -9.8908 61.0480 98 98 63
-0.0214 -7.6083 46.9600 109 107 70
0.8128 -5.4949 33.9160 77 77 53
1.3594 -4.7100 29.0710 101 97 59
1.6332 -3.8041 23.4800 78 70 44
2.0135 -3.5324 21.8030 88 83 61
2.5105 -3.5324 21.8030 48 50 32
3.0075 -3.5324 21.8030 56 57 44
3.5045 -3.5324 21.8030 92 89 84
4.0014 -3.5324 21.8030 78 76 64
4.3433 -3.4106 21.0510 111 112 108
4.9954 -3.5324 21.8030 68 67 50
5.3373 -3.4106 21.0510 53 56 57
6.0249 -3.5324 21.8030 72 70 58
6.5219 -3.5324 21.8030 70 70 66
6.7768 -3.4106 21.0510 70 66 59
7.2566 -3.4106 21.0510 73 75 85
7.4785 -3.2969 20.3490 55 63 64
7.9423 -3.2969 20.3490 82 89 95
8.1352 -3.1906 19.6930 123 189 237
8.5841 -3.1906 19.6930 135 198 253
8.7509 -3.0909 19.0780 134 200 250
8.1926 -2.7475 16.9580 108 188 249
-10.9096 -3.2637 20.3490 114 119 53
-8.9535 -2.7975 17.4420 26 28 19
-8.8076 -2.8798 17.9550 48 52 29
-4.3930 -1.5064 9.3920 95 208 185
-3.8804 -1.3987 8.7210 71 68 63
-8.0539 -3.0599 19.0780 40 43 25
-6.4157 -2.5766 16.0650 18 35 38
-5.6071 -2.3882 14.8900 150 141 66
-4.7993 -2.1758 13.5660 146 143 88
-3.8665 -1.8830 11.7400 143 148 111
-3.5312 -1.8475 11.5190 78 110 130
-3.6857 -2.0833 12.9890 51 109 150
-3.6209 -2.2254 13.8750 49 115 165
-3.4618 -2.3312 14.5350 54 125 175
-4.6958 -3.4970 21.8030 109 185 233
-7.8379 -6.5277 40.6990 59 64 54
-6.4782 -6.1196 38.1550 94 94 61
-7.4779 -8.1594 50.8730 80 80 45
-0.6030 -8.1594 50.8730 55 55 33
0.4796 -6.1196 38.1550 47 44 30
1.0280 -4.6627 29.0710 86 87 58
1.4794 -4.0798 25.4370 83 80 50
1.8303 -3.6264 22.6100 90 84 69
2.2620 -3.4970 21.8030 53 55 37
2.7590 -3.4970 21.8030 44 45 32
3.3765 -3.6264 22.6100 54 50 39
3.7530 -3.4970 21.8030 96 103 97
4.1034 -3.3763 21.0510 71 58 45
4.7469 -3.4970 21.8030 106 111 101
5.0973 -3.3763 21.0510 39 44 32
5.7764 -3.4970 21.8030 46 51 41
6.2734 -3.4970 21.8030 62 64 53
6.5369 -3.3763 21.0510 57 54 49
7.0167 -3.3763 21.0510 72 105 132
7.4966 -3.3763 21.0510 92 102 118
7.7104 -3.2637 20.3490 42 72 95
7.6637 -3.0599 19.0780 127 188 230
7.8528 -2.9670 18.4990 130 197 251
8.8085 -3.1585 19.6930 148 208 253
7.7828 -2.6463 16.4990 101 192 255
8.8789 -2.8798 17.9550 94 122 153
-9.7070 -2.9369 18.4990 114 128 81
-9.0122 -2.8505 17.9550 103 105 69
-6.0937 -2.0191 12.7180 64 70 51
-3.4395 -1.1966 7.5370 105 220 190
-5.5139 -2.0191 12.7180 46 52 35
-7.1644 -2.7691 17.4420 42 50 37
-5.5079 -2.2539 14.1970 139 135 83
-5.0667 -2.2028 13.8750 153 144 67
-4.0787 -1.9004 11.9700 169 161 92
-3.5293 -1.7622 11.1000 151 149 110
-3.5330 -1.9004 11.9700 101 119 128
-3.6949 -2.1537 13.5660 71 114 153
-3.4628 -2.2028 13.8750 49 115 165
-3.6431 -2.5505 16.0650 105 183 233
-6.2262 -4.8460 30.5240 122 183 221
-6.9131 -6.0575 38.1550 73 76 51
-5.3719 -5.3845 33.9160 104 105 65
-8.1784 -9.6920 61.0480 105 108 67
-0.3273 -7.4554 46.9600 80 80 58
0.5683 -5.7013 35.9110 61 60 43
1.1227 -4.6153 29.0710 92 92 61
1.4997 -3.8768 24.4190 95 92 62
1.9040 -3.5896 22.6100 95 89 76
2.3330 -3.4615 21.8030 45 47 31
2.8300 -3.4615 21.8030 51 49 37
3.4501 -3.5896 22.6100 88 84 75
3.8240 -3.4615 21.8030 105 105 101
4.2062 -3.3421 21.0510 95 84 79
4.8534 -3.4615 21.8030 72 72 48
5.1659 -3.3421 21.0510 53 54 50
5.8474 -3.4615 21.8030 50 55 41
6.1256 -3.3421 21.0510 68 69 63
6.6054 -3.3421 21.0510 79 86 80
7.0853 -3.3421 21.0510 150 196 230
7.5651 -3.3421 21.0510 106 143 175
7.7767 -3.2306 20.3490 118 173 210
7.7258 -3.0288 19.0780 118 189 246
7.9431 -2.9369 18.4990 141 207 255
8.9047 -3.1265 19.6930 137 204 249
7.8365 -2.6194 16.4990 103 191 254
9.2082 -2.9369 18.4990 122 140 167
-9.3630 -2.8213 17.9550 73 85 46
-9.2251 -2.9068 18.4990 99 98 56
-5.2823 -1.7442 11.1000 56 76 69
-3.3733 -1.1699 7.4450 91 205 180
-6.7354 -2.4596 15.6530 34 40 23
-6.5465 -2.5243 16.0650 62 71 64
-5.1968 -2.1317 13.5660 150 140 58
-4.6797 -2.0410 12.9890 153 145 72
-3.8875 -1.8100 11.5190 179 169 87
-3.4305 -1.7129 10.9010 172 166 101
-3.5641 -1.9186 12.2100 204 192 147
-3.6507 -2.1317 13.5660 149 159 175
-3.3415 -2.1317 13.5660 87 149 193
-3.5908 -2.5243 16.0650 107 182 233
-5.8352 -4.5680 29.0710 119 185 223
-6.3896 -5.6428 35.9110 73 76 53
-5.8570 -5.9954 38.1550 93 94 54
-7.9796 -9.5926 61.0480 87 87 52
-0.1619 -6.8519 43.6060 73 71 48
0.6131 -5.0488 32.1310 65 65 41
1.2174 -4.5680 29.0710 93 93 58
1.5792 -3.8370 24.4190 110 104 68
1.9776 -3.5528 22.6100 101 87 81
2.4930 -3.5528 22.6100 46 47 34
2.9010 -3.4260 21.8030 75 67 53
3.5237 -3.5528 22.6100 98 98 92
3.9305 -3.4260 21.8030 112 113 109
4.2747 -3.3078 21.0510 116 112 105
4.9244 -3.4260 21.8030 62 60 39
5.2344 -3.3078 21.0510 111 111 105
5.9184 -3.4260 21.8030 36 41 29
6.1941 -3.3078 21.0510 93 96 95
6.6740 -3.3078 21.0510 83 90 94
7.1538 -3.3078 21.0510 146 200 244
7.3791 -3.1975 20.3490 156 207 248
7.3531 -2.9978 19.0780 132 193 242
7.3587 -2.8213 17.9550 127 199 253
7.7680 -2.8213 17.9550 146 208 254
8.1773 -2.8213 17.9550 136 204 251
7.6827 -2.5243 16.0650 100 188 253
9.2684 -2.9068 18.4990 207 206 217
-9.3046 -2.7921 17.9550 30 35 23
-8.8953 -2.7921 17.9550 101 105 61
-4.4389 -1.4605 9.3920 116 198 188
-3.4327 -1.1867 7.6310 80 187 166
-7.2417 -2.6371 16.9580 48 53 39
-6.1447 -2.3733 15.2620 17 39 53
-5.1527 -2.1096 13.5660 150 140 58
-4.5407 -1.9777 12.7180 147 143 95
-3.8500 -1.7913 11.5190 162 154 74
-3.3950 -1.6952 10.9010 178 168 88
-3.5962 -1.9374 12.4590 249 224 157
-3.6065 -2.1096 13.5660 235 242 234
-3.2973 -2.1096 13.5660 127 174 212
-3.6341 -2.5657 16.4990 111 182 232
-6.3448 -4.9965 32.1310 109 181 222
-5.2820 -4.7466 30.5240 70 73 50
-5.3956 -5.5843 35.9110 93 93 60
-7.7808 -9.4933 61.0480 107 109 73
-4.8983 -9.4933 61.0480 65 69 44
-0.4037 -7.3025 46.9600 51 50 33
0.4815 -5.2741 33.9160 70 69 43
1.0754 -4.5207 29.0710 83 80 48
1.5208 -3.9556 25.4370 85 82 48
1.8671 -3.5160 22.6100 68 59 54
2.2975 -3.3905 21.8030 58 57 42
2.8300 -3.3905 21.8030 59 53 40
3.4501 -3.5160 22.6100 85 82 77
3.8240 -3.3905 21.8030 108 108 104
4.1719 -3.2735 21.0510 174 156 147
4.8179 -3.3905 21.8030 80 77 63
5.1316 -3.2735 21.0510 48 49 40
5.6114 -3.2735 21.0510 36 41 31
6.0913 -3.2735 21.0510 95 99 94
6.5711 -3.2735 21.0510 88 91 90
7.0510 -3.2735 21.0510 142 198 249
7.3128 -3.1644 20.3490 146 201 248
7.2909 -2.9667 19.0780 135 199 251
7.2710 -2.7921 17.9550 130 200 255
7.4609 -2.7123 17.4420 144 205 254
8.0896 -2.7921 17.9550 137 203 251
7.6043 -2.4982 16.0650 97 188 254
8.4135 -2.6371 16.9580 131 192 245
-9.3923 -2.7629 17.9550 38 45 23
-9.2552 -2.8466 18.4990 95 93 54
-5.0263 -1.6197 10.5260 58 101 95
-3.3325 -1.1318 7.3550 168 215 203
-6.4071 -2.2912 14.8900 40 41 28
-6.2193 -2.3485 15.2620 34 58 70
-5.1054 -2.0421 13.2710 147 139 57
-4.6028 -1.9570 12.7180 153 145 65
-3.8337 -1.7396 11.3050 158 151 75
-3.4482 -1.6774 10.9010 167 156 79
-3.4460 -1.8065 11.7400 255 250 156
-3.5929 -2.0421 13.2710 255 255 196
-3.2904 -2.0421 13.2710 157 170 167
-3.4113 -2.3485 15.2620 134 180 225
-5.3278 -4.0844 26.5430 108 181 228
-4.9373 -4.2699 27.7490 94 108 112
-4.5099 -4.4734 29.0710 86 87 49
-7.3445 -8.5399 55.4980 109 110 72
-6.6875 -9.3939 61.0480 67 74 50
-5.1965 -9.3939 61.0480 63 62 36
-1.1828 -7.8282 50.8730 94 95 55
-0.0186 -6.2626 40.6990 63 63 43
0.7315 -4.6969 30.5240 57 55 34
1.2412 -4.0844 26.5430 79 76 46
1.6332 -3.6130 23.4800 78 73 44
2.0880 -3.4792 22.6100 103 94 89
2.6034 -3.4792 22.6100 90 82 70
3.1188 -3.4792 22.6100 78 75 72
3.6342 -3.4792 22.6100 101 97 98
4.0014 -3.3550 21.8030 67 68 64
4.4984 -3.3550 21.8030 83 75 72
4.9954 -3.3550 21.8030 59 53 38
5.3373 -3.2393 21.0510 50 50 50
6.0249 -3.3550 21.8030 36 41 31
6.2969 -3.2393 21.0510 106 105 107
6.7768 -3.2393 21.0510 132 178 210
7.2566 -3.2393 21.0510 142 201 253
7.4785 -3.1312 20.3490 148 205 253
7.2203 -2.8466 18.4990 124 194 249
7.2053 -2.6839 17.4420 147 207 254
7.6029 -2.6839 17.4420 154 212 255
8.0005 -2.6839 17.4420 133 201 250
7.5622 -2.4086 15.6530 102 190 255
-10.5579 -2.9982 19.6930 77 81 37
-9.2169 -2.7336 17.9550 27 28 24
-7.8805 -2.4459 16.0650 92 97 60
-3.8074 -1.2393 8.1400 246 255 255
-3.7211 -1.2733 8.3630 136 159 153
-6.6080 -2.3832 15.6530 28 43 38
-5.5411 -2.1125 13.8750 25 52 65
-4.8912 -1.9776 12.9890 150 140 58
-4.2346 -1.8224 11.9700 140 156 147
-3.6558 -1.6900 11.1000 157 149 76
-3.3417 -1.6597 10.9010 220 199 108
-3.6089 -1.9363 12.7180 220 199 98
-3.4633 -2.0205 13.2710 243 238 164
-3.2310 -2.0654 13.5660 247 255 251
-3.8671 -2.7336 17.9550 140 177 209
-5.5985 -4.4260 29.0710 104 176 219
-4.3189 -3.8728 25.4370 111 121 107
-5.9824 -6.1964 40.6990 69 67 44
-6.8927 -8.4495 55.4980 85 84 58
-6.0911 -9.2945 61.0480 51 55 34
-4.6001 -9.2945 61.0480 87 92 59
-0.5879 -6.6390 43.6060 80 81 43
0.3344 -5.4674 35.9110 63 63 39
0.8909 -4.2248 27.7490 104 105 67
1.3965 -3.8728 25.4370 65 60 38
1.7567 -3.4424 22.6100 51 43 29
2.2721 -3.4424 22.6100 101 95 82
2.7875 -3.4424 22.6100 50 48 36
3.3029 -3.4424 22.6100 214 211 206
3.7175 -3.3195 21.8030 108 100 97
4.0691 -3.2050 21.0510 56 44 42
4.7114 -3.3195 21.8030 79 70 61
5.2084 -3.3195 21.8030 54 47 37
5.5086 -3.2050 21.0510 36 41 31
5.9885 -3.2050 21.0510 96 99 100
6.2526 -3.0981 20.3490 59 57 64
6.9482 -3.2050 21.0510 139 198 252
7.4280 -3.2050 21.0510 143 202 252
7.3977 -2.9982 19.6930 137 201 251
7.1833 -2.7336 17.9550 136 202 254
7.1710 -2.5818 16.9580 147 207 254
7.7733 -2.6555 17.4420 131 202 250
7.7291 -2.5120 16.4990 96 184 247
7.8920 -2.4459 16.0650 103 190 253
-9.7672 -2.7863 18.4990 70 75 40
-9.3455 -2.7863 18.4990 105 111 69
-5.8901 -1.8391 12.2100 93 100 76
-3.3804 -1.1078 7.3550 246 255 254
-5.1090 -1.7683 11.7400 76 83 77
-6.1162 -2.2428 14.8900 17 44 55
-5.0392 -1.9564 12.9890 137 133 81
-4.4587 -1.8391 12.2100 153 143 61
-3.8003 -1.6719 11.1000 156 148 75
-3.4227 -1.6132 10.7100 163 155 86
-3.3552 -1.7028 11.3050 196 172 75
-3.5589 -1.9564 12.9890 231 207 123
-3.1947 -1.9156 12.7180 232 230 152
-3.2426 -2.1384 14.1970 245 255 245
-4.4828 -3.2840 21.8030 183 204 223
-4.4243 -3.6780 24.4190 123 174 208
-3.8677 -3.6780 24.4190 90 95 62
-7.5253 -8.3592 55.4980 83 80 50
-6.2602 -8.3592 55.4980 100 102 66
-5.4947 -9.1951 61.0480 96 93 59
-4.1031 -9.1951 61.0480 62 66 38
-0.4824 -6.1301 40.6990 94 99 62
0.3711 -5.1085 33.9160 53 52 35
0.9361 -4.1796 27.7490 104 106 61
1.4379 -3.8314 25.4370 57 50 31
1.8303 -3.4056 22.6100 105 95 63
2.3457 -3.4056 22.6100 133 124 107
2.8611 -3.4056 22.6100 76 74 55
3.5064 -3.5366 23.4800 96 95 95
3.7530 -3.2840 21.8030 94 86 85
4.1034 -3.1707 21.0510 57 48 43
4.7469 -3.2840 21.8030 79 71 59
5.2439 -3.2840 21.8030 58 55 41
5.5429 -3.1707 21.0510 41 42 36
6.0227 -3.1707 21.0510 103 106 105
6.3189 -3.0650 20.3490 115 127 133
7.0167 -3.1707 21.0510 138 198 254
7.4966 -3.1707 21.0510 142 203 252
7.4618 -2.9662 19.6930 131 196 251
7.2126 -2.7044 17.9550 139 203 251
7.1986 -2.5542 16.9580 148 208 253
7.5852 -2.5542 16.9580 130 201 251
7.5519 -2.4197 16.0650 94 187 252
7.9181 -2.4197 16.0650 100 188 253
-9.7371 -2.7562 18.4990 39 42 26
-9.2853 -2.7562 18.4990 86 94 49
-5.0434 -1.5683 10.5260 122 154 135
-3.2396 -1.0577 7.0990 242 255 254
-4.9013 -1.6844 11.3050 50 58 57
-5.8315 -2.1153 14.1970 15 39 49
-4.9341 -1.8949 12.7180 137 133 81
-4.3711 -1.7835 11.9700 154 144 62
-3.7322 -1.6242 10.9010 157 149 76
-3.4227 -1.5957 10.7100 106 104 44
-3.2762 -1.6538 11.1000 245 216 121
-3.5377 -1.9353 12.9890 255 253 159
-3.1740 -1.8949 12.7180 209 201 128
-3.2195 -2.1153 14.1970 253 255 234
-4.0170 -2.9341 19.6930 247 255 249
-3.9504 -3.2485 21.8030 151 188 209
-3.5812 -3.3687 22.6100 79 84 70
-6.8981 -7.5798 50.8730 86 82 55
-5.7385 -7.5798 50.8730 101 101 66
-5.4947 -9.0958 61.0480 96 94 57
-2.0158 -9.0958 61.0480 70 80 55
-0.4162 -6.0639 40.6990 89 92 53
0.4263 -5.0533 33.9160 49 48 33
0.9813 -4.1344 27.7490 96 94 57
1.4202 -3.6383 24.4190 61 54 35
1.9008 -3.4984 23.4800 106 101 60
2.3457 -3.3687 22.6100 89 83 70
2.8611 -3.3687 22.6100 80 75 55
3.5064 -3.4984 23.4800 80 76 79
3.7530 -3.2485 21.8030 104 94 94
4.1376 -3.1365 21.0510 65 51 45
4.9594 -3.3687 22.6100 73 67 54
5.2794 -3.2485 21.8030 57 54 40
5.5772 -3.1365 21.0510 68 64 55
6.0570 -3.1365 21.0510 123 123 117
6.3189 -3.0319 20.3490 125 153 170
7.0167 -3.1365 21.0510 135 196 249
7.4966 -3.1365 21.0510 142 203 252
7.4618 -2.9341 19.6930 132 199 253
7.2126 -2.6752 17.9550 144 209 254
7.2262 -2.5266 16.9580 154 211 255
7.6128 -2.5266 16.9580 128 199 249
7.3838 -2.3322 15.6530 94 187 252
7.9443 -2.3936 16.0650 100 188 253
-9.7070 -2.7261 18.4990 32 34 21
-9.2853 -2.7261 18.4990 77 87 44
-5.0434 -1.5512 10.5260 107 153 129
-3.2396 -1.0462 7.0990 217 255 245
-4.9013 -1.6660 11.3050 43 54 54
-5.8315 -2.0922 14.1970 15 37 47
-4.8133 -1.8360 12.4590 146 138 56
-4.2680 -1.7301 11.7400 157 147 63
-3.7145 -1.6064 10.9010 118 119 63
-3.4053 -1.5783 10.7100 126 133 66
-3.2762 -1.6358 11.1000 247 219 130
-3.5377 -1.9141 12.9890 255 253 167
-3.1740 -1.8742 12.7180 230 220 138
-3.2195 -2.0922 14.1970 253 255 223
-4.0170 -2.9021 19.6930 252 255 231
-3.9504 -3.2130 21.8030 238 255 255
-3.8280 -3.5985 24.4190 61 78 90
-6.8153 -7.4969 50.8730 64 60 35
-5.6557 -7.4969 50.8730 82 79 45
-5.3953 -8.9964 61.0480 104 101 67
-2.2146 -8.9964 61.0480 76 84 73
-0.5487 -5.9976 40.6990 106 108 76
0.3158 -4.9981 33.9160 46 47 34
0.8909 -4.0893 27.7490 70 66 39
1.3965 -3.7485 25.4370 98 89 52
1.7567 -3.3319 22.6100 114 111 70
2.3089 -3.3319 22.6100 124 125 114
2.9330 -3.4602 23.4800 79 77 58
3.4682 -3.4602 23.4800 65 61 64
3.7175 -3.2130 21.8030 62 52 50
4.0691 -3.1022 21.0510 59 50 43
4.7114 -3.2130 21.8030 70 64 51
5.4012 -3.3319 22.6100 59 56 42
5.5086 -3.1022 21.0510 46 43 38
5.9885 -3.1022 21.0510 90 90 90
6.0510 -2.9021 19.6930 53 79 108
6.7496 -2.9987 20.3490 139 198 252
7.7289 -3.2130 21.8030 142 203 254
7.4298 -2.9021 19.6930 134 201 255
7.1833 -2.6460 17.9550 147 207 254
6.9769 -2.4314 16.4990 151 208 254
7.3530 -2.4314 16.4990 131 202 252
7.5258 -2.3674 16.0650 98 179 244
7.6896 -2.3067 15.6530 100 188 253
-9.7672 -2.6960 18.4990 32 35 17
-9.3455 -2.6960 18.4990 76 90 43
-4.8918 -1.4829 10.1750 112 163 135
-3.2136 -1.0226 7.0170 125 200 183
-4.2169 -1.4122 9.6900 38 55 60
-5.5944 -1.9771 13.5660 13 35 47
-4.7569 -1.7795 12.2100 135 133 83
-4.2251 -1.6788 11.5190 163 150 67
-3.7500 -1.5887 10.9010 154 145 70
-3.3810 -1.5340 10.5260 129 139 75
-3.2530 -1.5887 10.9010 225 214 121
-3.5053 -1.8535 12.7180 250 226 154
-3.1296 -1.8158 12.4590 255 255 161
-3.0985 -1.9771 13.5660 254 255 199
-3.5862 -2.5420 17.4420 253 255 225
-3.6001 -2.8700 19.6930 249 255 250
-3.1512 -2.8700 19.6930 124 143 143
-6.4440 -6.8439 46.9600 68 63 41
-5.3736 -6.8439 46.9600 63 63 41
-5.5941 -8.8970 61.0480 90 89 63
-4.2025 -8.8970 61.0480 64 65 38
-0.7008 -5.5606 38.1550 66 65 37
0.2054 -4.9429 33.9160 40 41 28
0.8006 -4.0441 27.7490 75 69 43
1.3137 -3.7071 25.4370 104 100 62
1.6831 -3.2951 22.6100 110 105 72
2.1985 -3.2951 22.6100 68 66 47
2.8183 -3.4219 23.4800 137 138 125
3.3535 -3.4219 23.4800 66 68 52
3.7446 -3.2951 22.6100 137 121 114
3.9663 -3.0679 21.0510 66 59 51
4.6049 -3.1775 21.8030 61 54 44
5.3276 -3.2951 22.6100 61 54 44
5.4401 -3.0679 21.0510 49 46 41
5.9199 -3.0679 21.0510 101 107 107
6.1864 -2.9656 20.3490 40 65 99
6.6502 -2.9656 20.3490 139 200 253
7.6224 -3.1775 21.8030 140 201 254
7.8393 -3.0679 21.0510 135 201 253
7.3106 -2.6960 18.4990 142 203 252
7.0882 -2.4714 16.9580 147 207 254
7.0811 -2.3413 16.0650 132 200 251
7.6754 -2.4045 16.4990 102 182 245
7.6386 -2.2812 15.6530 98 189 253
-10.1350 -2.7493 19.0780 44 48 27
-9.4058 -2.6659 18.4990 81 91 50
-5.7016 -1.6919 11.7400 59 71 45
-3.2858 -1.0230 7.0990 166 230 212
-3.5350 -1.1576 8.0330 53 76 72
-5.4199 -1.8718 12.9890 12 36 50
-4.7219 -1.7250 11.9700 16 42 58
-4.1834 -1.6292 11.3050 155 143 57
-3.7191 -1.5434 10.7100 156 146 66
-3.4153 -1.5169 10.5260 115 128 68
-3.2309 -1.5434 10.7100 129 126 53
-3.4051 -1.7596 12.2100 243 157 117
-3.1267 -1.7596 12.2100 255 255 163
-2.9065 -1.7955 12.4590 255 255 171
-3.4729 -2.3777 16.4990 255 255 210
-3.6963 -2.8380 19.6930 254 255 241
-3.1460 -2.7493 19.0780 252 255 204
-6.1258 -6.2841 43.6060 72 71 45
-5.5265 -6.7674 46.9600 53 52 35
-5.7929 -8.7976 61.0480 57 59 48
-4.0012 -7.9978 55.4980 68 70 38
-0.8800 -5.8651 40.6990 97 93 55
0.0447 -5.4985 38.1550 56 58 42
0.6967 -4.1894 29.0710 81 74 57
1.1894 -3.6657 25.4370 79 75 48
1.6332 -3.3837 23.4800 94 89 56
2.0880 -3.2583 22.6100 78 73 51
2.6402 -3.2583 22.6100 79 77 67
3.2770 -3.3837 23.4800 59 62 41
3.8122 -3.3837 23.4800 77 66 61
4.0369 -3.1420 21.8030 73 49 37
4.5339 -3.1420 21.8030 54 50 41
5.4179 -3.3837 23.4800 59 52 42
5.3373 -3.0337 21.0510 46 44 53
5.8171 -3.0337 21.0510 103 109 107
6.0870 -2.9325 20.3490 232 225 215
6.3396 -2.8380 19.6930 139 200 253
7.5514 -3.1420 21.8030 140 201 254
7.7708 -3.0337 21.0510 141 202 253
7.4773 -2.7493 19.0780 141 202 251
7.0330 -2.4438 16.9580 143 202 252
7.0288 -2.3151 16.0650 129 196 250
7.5948 -2.3777 16.4990 105 190 251
7.5622 -2.2558 15.6530 97 188 254
-10.2282 -2.7183 19.0780 27 29 16
-9.4961 -2.6358 18.4990 73 76 51
-7.1300 -2.0710 14.5350 59 66 40
-3.2974 -1.0115 7.0990 221 255 251
-3.5481 -1.1446 8.0330 39 64 59
-5.4411 -1.8507 12.9890 10 36 52
-4.8364 -1.7397 12.2100 17 43 61
-4.3001 -1.6413 11.5190 151 139 53
-3.7540 -1.5260 10.7100 155 145 63
-3.4496 -1.4998 10.5260 123 137 70
-3.2096 -1.4998 10.5260 142 153 89
-3.3122 -1.6727 11.7400 248 145 122
-3.2311 -1.7752 12.4590 221 149 95
-2.9268 -1.7752 12.4590 255 248 173
-3.2374 -2.1746 15.2620 255 255 190
-3.3993 -2.5583 17.9550 255 255 218
-2.8240 -2.4162 16.9580 253 255 194
-5.1617 -5.1167 35.9110 72 72 48
-5.6794 -6.6910 46.9600 53 52 35
-5.4470 -7.9075 55.4980 54 56 43
-4.1819 -7.9075 55.4980 93 87 51
-1.5970 -7.2485 50.8730 87 85 64
-0.3087 -5.1167 35.9110 90 90 55
0.4830 -4.3491 30.5240 47 49 33
1.0251 -3.7819 26.5430 104 99 58
1.4420 -3.3455 23.4800 105 99 61
1.9772 -3.3455 23.4800 77 76 48
2.4193 -3.2215 22.6100 89 90 81
3.0476 -3.3455 23.4800 53 56 35
3.7261 -3.4793 24.4190 52 53 49
3.8240 -3.1065 21.8030 86 72 66
4.1719 -2.9994 21.0510 62 48 42
5.1885 -3.3455 23.4800 57 50 42
5.3504 -3.1065 21.8030 59 54 50
5.6457 -2.9994 21.0510 57 55 47
5.9213 -2.8994 20.3490 91 90 97
6.1793 -2.8059 19.6930 131 195 247
6.8490 -2.8994 20.3490 138 202 254
7.8354 -3.1065 21.8030 134 199 254
8.0450 -2.9994 21.0510 148 205 253
7.4913 -2.6358 18.4990 140 201 250
7.0575 -2.3508 16.4990 130 195 252
7.2381 -2.2890 16.0650 114 192 251
7.4347 -2.2303 15.6530 97 185 252
8.2126 -2.3508 16.4990 102 190 255
-9.3630 -2.5290 17.9550 29 33 26
-8.6980 -2.4568 17.4420 64 73 35
-4.1502 -1.2284 8.7210 118 206 178
-3.1077 -0.9661 6.8590 94 199 177
-4.3064 -1.4097 10.0080 12 40 55
-5.0771 -1.7549 12.4590 11 37 53
-4.3491 -1.5924 11.3050 150 140 60
-3.9452 -1.5355 10.9010 157 143 56
-3.5524 -1.4826 10.5260 122 132 68
-3.3125 -1.4826 10.5260 125 137 66
-3.2401 -1.5635 11.1000 169 157 71
-3.3528 -1.7549 12.4590 250 144 119
-2.9483 -1.6860 11.9700 247 152 115
-2.9033 -1.8296 12.9890 255 255 172
-3.1419 -2.2048 15.6530 255 255 200
-2.9356 -2.3240 16.4990 251 255 211
-2.9596 -2.6872 19.0780 67 74 68
-5.7708 -6.1421 43.6060 66 64 41
-5.0677 -6.6145 46.9600 96 92 67
-4.7241 -7.8171 55.4980 86 80 56
-3.8050 -8.5989 61.0480 100 107 83
-1.0126 -5.7326 40.6990 76 76 43
-0.0749 -5.0582 35.9110 63 66 41
0.6021 -4.0948 29.0710 86 79 58
1.1066 -3.5829 25.4370 73 68 37
1.5567 -3.3073 23.4800 97 92 51
2.0919 -3.3073 23.4800 78 77 49
2.5298 -3.1847 22.6100 68 69 58
3.3286 -3.4395 24.4190 58 60 42
3.8852 -3.4395 24.4190 81 70 65
3.9660 -3.0711 21.8030 114 87 81
4.4629 -3.0711 21.8030 62 53 46
5.5550 -3.4395 24.4190 55 51 42
5.4569 -3.0711 21.8030 171 170 179
5.9539 -3.0711 21.8030 109 108 108
6.0207 -2.8662 20.3490 106 111 129
6.2755 -2.7738 19.6930 140 201 254
6.9815 -2.8662 20.3490 133 199 251
8.2726 -3.1847 22.6100 142 201 253
8.4743 -3.0711 21.8030 142 201 251
7.6118 -2.6057 18.4990 144 205 254
6.9765 -2.2628 16.0650 118 192 252
7.5411 -2.3240 16.4990 105 187 249
7.5112 -2.2048 15.6530 99 186 253
8.7672 -2.4568 17.4420 97 188 252
-9.5564 -2.5756 18.4990 42 43 32
-7.3526 -2.0731 14.8900 48 52 31
-3.3710 -0.9999 7.1820 161 245 227
-3.1336 -0.9770 7.0170 70 180 156
-4.7909 -1.5740 11.3050 10 36 52
-4.7998 -1.6665 11.9700 12 35 52
-4.2755 -1.5740 11.3050 163 150 60
-3.8063 -1.4911 10.7100 155 141 56
-3.5010 -1.4655 10.5260 109 120 49
-3.2611 -1.4655 10.5260 103 112 60
-3.1859 -1.5454 11.1000 189 143 87
-3.2261 -1.7000 12.2100 254 140 118
-2.8704 -1.6665 11.9700 241 139 113
-2.9439 -1.8887 13.5660 211 200 107
-3.1200 -2.2367 16.0650 255 255 194
-2.7538 -2.2367 16.0650 252 255 194
-3.7805 -3.5415 25.4370 63 60 44
-5.4868 -6.0711 43.6060 47 46 31
-4.8384 -6.5381 46.9600 82 88 55
-4.0819 -7.0829 50.8730 104 100 62
-2.6122 -8.4995 61.0480 73 70 56
-0.7180 -4.9998 35.9110 103 101 62
