model,event,call,objective,CE,L2_penalty,gradient_l2,weight_sha
R0_ONLY,objective,1,0.6928803802594987,0.6928803802594987,0.0,2.6150757981561674,4b39c64bbb665b6806871c126c8edca4d7c9046530c00f64a58a52579a7f1f2e
R0_ONLY,objective,2,0.22521337819889303,0.22516337819889304,4.9999999999999996e-05,0.1255062524809042,4597c174dcdcb475dd27627f70c2299a05cbd0ee70d14f2e5d49657acf14a345
R0_ONLY,objective,3,0.21960090551976302,0.219551814202603,4.909131716002814e-05,0.11739943192089969,0d041f0398cc8708c80a05d5e2fa9ef18e88f6a17df14c8b54fa80240060a5bd
R0_ONLY,objective,4,0.20114138438023454,0.20109378623956894,4.759814066560938e-05,0.08675637326867937,6e3efe513c574d1b0cf5ed05a236581498de861469fbab4801fb180271042118
R0_ONLY,objective,5,0.17471940378503875,0.17464586538102508,7.353840401367748e-05,0.13141167180544794,527a872e818d629649d7c72e52060370cab95462ef3be3805bd54216bfdc8466
R0_ONLY,objective,6,0.16404326724534402,0.16397049902311245,7.276822223157854e-05,0.05882954498590143,48d7578d2d7f283c8e5d6b15063f696450bfb2ca7182f2d0be59cfae4fa7360b
R0_ONLY,objective,7,0.15518265618739283,0.15508623794590223,9.641824149059389e-05,0.043709215131206874,3e44edbcf9cf5525b81923dcfe628d1e95a2431950f9305309945eb97a8b1503
R0_ONLY,objective,8,0.14869592673841875,0.1485585982476243,0.00013732849079446362,0.04206748009824346,11f8997fc30ab88359cc28d11390fdcc98d5ed0aa9bb29e233530a01cb0d3eeb
R0_ONLY,objective,9,0.14009259608923344,0.13987001840243682,0.0002225776867966304,0.031957301348181325,e0ccbd097b81ab83882f5e9ddab1d3accce3c479e06c8aa88b54da93c8590a1a
R0_ONLY,objective,10,0.13147155470577437,0.13107091660560044,0.0004006381001739366,0.02093706343437009,5175d42bd4bac37bf926e8df02345b65609dcf86b14d61b41a29146f1e0e2d77
R0_ONLY,objective,11,0.12629416359894868,0.12565666057242858,0.0006375030265200972,0.013033389657903438,8e65b32b4f2cab091de9dd6325f9b4219f098f35a66db5d357789f26b005c6a7
R0_ONLY,objective,12,0.12331066451554659,0.12239218297707069,0.000918481538475906,0.00781869676034194,07dac0b35e135eb23baf27a9187c3adc57e29c3f7dfe77896a5201d1319d46be
R0_ONLY,objective,13,0.12150936133032988,0.12029726490384424,0.001212096426485652,0.004973890018993513,6e46d1b0df3815271dfaee00b155bccb06c5224a6d046fe92106b01275dc85fe
R0_ONLY,objective,14,0.1201409745159305,0.11863170246294619,0.0015092720529843193,0.004144467358237098,2a271303aad6f060f4bbf1c72e5b2e886c71356fe1101d972387e0fc122bcecf
R0_ONLY,objective,15,0.11891526541160052,0.11699207225364601,0.0019231931579545198,0.0032526176996207547,d71b0cd30224b6e4cd7c5654be215cb617890ad614fe6fd97680c477447a603b
R0_ONLY,objective,16,0.1220627677454078,0.1196525306799908,0.0024102370654169817,0.023920983564031408,82bd50f4421477edd3eaa119532b827664288df702016fcd7b6665c0cc8ae674
R0_ONLY,objective,17,0.1184300372140252,0.11641005938747727,0.0020199778265479395,0.00780460602186914,c90b797932ef0169aa67ca9dad690016840b1501243aebe27bbc37b051f49c55
R0_ONLY,objective,18,0.11770717304168095,0.11545194753384716,0.002255225507833795,0.008123400163055497,7afbb9770c47122c74aa3b725ffa7fa5c8cf67c5bcfd47acb7fdaa4077b0baa1
R0_ONLY,objective,19,0.11714185201402423,0.11469767109418798,0.0024441809198362573,0.003726560176800283,4247e5885a69c5ee8bb78fe7cea52a00c4be31c4fb786a846b5ea0b1dca60cb9
R0_ONLY,objective,20,0.11690197127502798,0.11460931924130503,0.002292652033722942,0.0024873201002112793,de3e80d02ef7f90961ccce51885461af5300d78916d88c5077a34b14b6f97980
R0_ONLY,objective,21,0.11669718390115891,0.11443621683300041,0.0022609670681584962,0.0019236376610379936,96a9a6f0b5937feac2aba0018c39dec9689b699191c884760c31e7878666ff7b
R0_ONLY,objective,22,0.11624822682860116,0.11385807274965544,0.0023901540789457104,0.0020556351972447545,e817d5d82758c3836eb1edc66afe06db61732bfa3e033f29f18018ae3287d937
R0_ONLY,objective,23,0.11559530498876598,0.11269414615432868,0.002901158834437295,0.0023265969549677266,191d74f23879296e21d7409b72f8ce8836a45f253b788027a6c87e241c690578
R0_ONLY,objective,24,0.11523185176957657,0.11187736571234348,0.003354486057233078,0.003357015309370275,3c5599b48c5c37f53ace69de97ec28016fee9103a607ae32c3c47c53159a7e27
R0_ONLY,objective,25,0.11504868383130384,0.11151920461605302,0.0035294792152508244,0.0011877147273520188,600011166d398faeca7abe1ddd4b9fa548f80474c180ea624f0c8b36efa1ebae
R0_ONLY,objective,26,0.1149579660587778,0.11130546873379754,0.0036524973249802573,0.001353738767789771,71081d88b3bcb32a504f95c969ef3fbe8bea23e056f77ee905ecf7b4702efa8a
R0_ONLY,objective,27,0.11486162299826928,0.11111318053740034,0.0037484424608689505,0.0015662046928330594,242932ffdcd24243649eb9f86d817f306c317ef7a6ac5b4c1a8b0e47701112d4
R0_ONLY,objective,28,0.1146573305058227,0.1107476073389281,0.003909723166894605,0.001884028288262897,0418afdbb86665658b467305c162024ae134e2298075f864d77d9fded79ec2cd
R0_ONLY,objective,29,0.11473550530119679,0.11038808939555371,0.004347415905643085,0.004111868917830861,0c90b41fb83a799f54069b75b8ee0db0de45dccfd86b802e5aabdd49038f602e
R0_ONLY,objective,30,0.11458363176888185,0.11050680736302136,0.00407682440586049,0.0019378914680783907,7d5087dbf6a897ca2f93cc2c42cfcd8dd483fa6d09077969aef18874958470cd
R0_ONLY,objective,31,0.11449499122951011,0.11036682617625762,0.004128165053252494,0.0010804574916727803,6d3d34a6e08372238af99df831c5b06bfde03af60abb9b96c09b7662975937fd
R0_ONLY,objective,32,0.11444250313098234,0.11027331843843939,0.004169184692542942,0.0013184252114463641,99a598729d33f4ee9e9ee7610f11e86d19b57941c71908afe64780fae492939d
R0_ONLY,objective,33,0.11440253959096232,0.11020340203103364,0.004199137559928683,0.003811904541287604,56c95d5176084fb430e01204ed5370d4ce2748092f3853872120e563fca1f792
R0_ONLY,objective,34,0.1143432568806417,0.1101189334777586,0.00422432340288311,0.0019582869612206934,17ca74ff69d3eb8b34d9713d2c6e40bd54849a566e72b79feffcafb2aee80413
R0_ONLY,objective,35,0.11426571848321475,0.10992503931973625,0.004340679163478492,0.0009307285786736768,0f1f36437e02ff56e7bd75b74984871ed5b84137068428b02614b89e203294ed
R0_ONLY,objective,36,0.11423828014494222,0.10980066565398648,0.004437614490955737,0.0010611810418326556,8f78bf6b3ad5685da3eccdf25242f75bfc3585f92cbf3b79ef79a1f4f5996026
R0_ONLY,objective,37,0.11419218981023747,0.1096543441797713,0.004537845630466175,0.0006801334237057866,084cadbdeacf8be32dbfbd9888507a6e3644877fc1aab61c6d3d40f84f2887e0
R0_ONLY,objective,38,0.1142041984897624,0.10962326390122631,0.0045809345885360914,0.0014202530091488581,a1c236819d6236be764a8226a66f5011732f542835efb1a3373964b4c8a05e60
R0_ONLY,objective,39,0.11417781384286216,0.10962302335850321,0.0045547904843589405,0.000783042370728646,3438f0826130a78e8b6b08013ddd14271ea47eda40b01be0a4d29e22bcb5f6ff
R0_ONLY,objective,40,0.114157445551301,0.10959930524100361,0.004558140310297392,0.000450417463160484,0b74412b890940d6a9bcff1fced29959638b4a454635b5def6f74a976c20d54d
R0_ONLY,objective,41,0.11413430102166468,0.10959852171249199,0.004535779309172685,0.0010159104621049004,1e330fb590260394b5d12d389306a8e2b4cba6944ce330f5f25f226c91c17fce
R0_ONLY,objective,42,0.11412077709077628,0.10960085315279698,0.004519923937979298,0.0009437510194625691,a2fc09f51b7c2a30bcf657abc39776cf2abfc0fc935a4cdfb98e1b26771f7e40
R0_ONLY,objective,43,0.11410754183865351,0.10957045476612055,0.004537087072532955,0.0018279175169118708,01278d2c1e5742c3c6ef4346390057c04098a3666281f62ff20324871349f295
R0_ONLY,objective,44,0.11407270692431615,0.10954982390663638,0.0045228830176797675,0.0004774590366915528,7bda3a5345a0f1517b0f75be6f6872182fd8052eaadfd4962e06e989a0d78af2
R0_ONLY,objective,45,0.11406679009702717,0.10953406008391459,0.004532730013112572,0.0004653009227125672,951f8f9b80c37099be81591cb51b4c5700190f619aaff038e92edfbb66eef454
R0_ONLY,objective,46,0.11405002977921345,0.10951763247159718,0.004532397307616267,0.0009206844936537617,092f8505e0d958f70030dbd932cc548f750c56409a8a4e5065f502d7dd5a0dc5
R0_ONLY,objective,47,0.11403719150177771,0.1094676576849467,0.004569533816831011,0.0003631394046730464,76dabcef51a6cf2a7c5f87ee421f7eb32c3f5cf0289d7dcae2f7cd863f4755ef
R0_ONLY,objective,48,0.11403316457491822,0.10947198867641347,0.00456117589850475,0.00022572922295627037,280a4f8b04379ca705043634cbf84c3562c87c2ea896754038c10459948bc5dd
R0_ONLY,objective,49,0.11403000961714874,0.10947153422215922,0.004558475394989521,0.00019189636943043635,520131a8e1a89f9040b94b0efa56af118e20cb35d76ce27d43dee24ba4de7c77
R0_ONLY,objective,50,0.11402476812596551,0.1094447509907432,0.004580017135222312,0.00026394263723753447,ab51ea849d4b7750b6b46ac3831e9dab74dcabedebe60f80e420f297b25cd3ad
R0_ONLY,objective,51,0.114028146418076,0.10943623605429759,0.0045919103637784165,0.0009749651262739313,422172572d8348181ddf8030cd6bc05919570023132a4b81e27dc28f2ab07ecd
R0_ONLY,objective,52,0.11402180838553236,0.10943719809147921,0.00458461029405314,0.0003179596240984174,7069808ed1838f140aee50a2ff94ab5c52fa3ff266cb174e1b62471c1d00e4d2
R0_ONLY,objective,53,0.11401884672328298,0.10941070306449573,0.004608143658787251,0.00019869815817484247,f2544e205d9c49740e0bf19f062fe79b38ec823e7f51304b743a0c884c815c22
R0_ONLY,objective,54,0.11401572168911607,0.10938296148628941,0.004632760202826659,0.0001926292731962297,58a8931bf7f1f2becf9320ea354da53122de189d3cb1f5da6fe6d8c575a4ba2d
R0_ONLY,objective,55,0.11400996330116403,0.10933329154864274,0.004676671752521287,0.00022657932838016602,bdf9dc2fabd08ed17ec244622e5e2e9cbe84252b21674ad8ad7e1c9515d75ea7
R0_ONLY,objective,56,0.1140086203289812,0.10927784384621007,0.004730776482771122,0.0006972980569967456,6b1400bd97e26db7d29d716be5d1d2dfb6aad34b14b690ca4d3e3ede64417e14
R0_ONLY,objective,57,0.11400465152452814,0.10926579382620324,0.004738857698324894,0.0001735299534559646,abd4fb2419764fd5b765122ad4291561af1215d7aad34e3fe3b48bfa3725ba72
R0_ONLY,objective,58,0.11400396530740585,0.10927821798502413,0.0047257473223817174,0.00010659677005562516,fab344c8fa657323d0e9c3569d9051a470fc8118c0d22e5d613e2d619da63f5c
R0_ONLY,objective,59,0.11400330713889809,0.10927870314015506,0.004724603998743029,0.00017059476998606358,acf18336deb704f92d91cae2f33abe46d574906ad834c3d6efcba81345a90bfd
R0_ONLY,objective,60,0.11400256775727452,0.10926752372227516,0.004735044034999365,0.00010174863060849288,28a43c803070941aa1ebc98ab6f8a45df77168821eb41dbdbaaf8eea4c2cc2c6
R0_ONLY,objective,61,0.11400185187389193,0.10925239342631153,0.0047494584475804074,9.968955228166199e-05,22ec90294835cd7d0dde56deaca86d089c0c34a38f57059d567fccfc2a869d42
R0_ONLY,objective,62,0.11400012743764475,0.10921962283104777,0.004780504606596968,0.00012833275841518066,2eb91f374f1597b977e08a27413e79869ef01a5bb50121a2caa8ceef321b9d7b
R0_ONLY,objective,63,0.11399943434117854,0.10920211274709414,0.004797321594084406,0.00014480630788351427,caa4b08f72ec66aae646558a7a132c74ca1d3cf34cb948fdc148d41857e60325
R0_ONLY,objective,64,0.11399897773504901,0.10920054640614757,0.004798431328901441,7.604988150276998e-05,938d8dcd6ddf12fe43e28dc48af8d7e7dbaee9db0b7819bc656fb0f5b2e26e84
R0_ONLY,objective,65,0.1139987141294441,0.10920235942502143,0.004796354704422668,6.605937917435908e-05,666e611f3cff73bf7af920a8100be5c96a7d7c99d141da86ed05f7eeb4c53851
R0_ONLY,objective,66,0.11399829817271095,0.10920045228073388,0.004797845891977064,4.6719021847600393e-05,26d3e6b39b90236b785235e779321e784d31f7e9d5ca5ec45214bf3dd227819d
R0_ONLY,objective,67,0.11399803432097155,0.10919849729457054,0.004799537026401014,3.3689445098241036e-05,0db9d7563fa6ef8ef9d337987c43c02b4df8486f19ea09dc454e02a088a02c90
R0_ONLY,objective,68,0.11399786859192562,0.10919487354378273,0.004802995048142903,0.00012274794188921846,250330846f2add8e21af85b92f3188b8b107fb5c77c623504619bf386193d912
R0_ONLY,objective,69,0.11399768694679174,0.10919394625123856,0.00480374069555318,6.554157750876972e-05,e4dc6525da3e5d271fe48e53f11a388163fe5befb5bff9e3d6d168c56d620e6a
R0_ONLY,objective,70,0.11399758610793878,0.10919449968364306,0.004803086424295718,2.4852884614599812e-05,b3748f0283c58f929410e208434d38d2e2cbfd78b082b0996d5fa5d1926f45cd
R0_ONLY,objective,71,0.1139975506177306,0.10919605565918822,0.0048014949585423895,2.5345710890779334e-05,e2d46ab83496e88ec1da31a09d8cbf5fd5fcbc36b1df3903bcf0cdd44c4613fd
R0_ONLY,objective,72,0.11399752389182156,0.10919757731889634,0.004799946572925221,9.709550663912103e-05,c75623d17f50e2192f4e0d6feb064b320ae4ea31d27fd24e342d89237112e857
R0_ONLY,objective,73,0.11399748376722449,0.10919955713344696,0.004797926633777523,4.075592076930279e-05,a3679b7c66c44f76405648b3fc4bf2f2beec4e1323400c80830c09d992beb00d
R0_ONLY,objective,74,0.11399746110541567,0.10920107030526777,0.004796390800147908,1.7475629626950174e-05,e0a6d2c39d579016a94d1522c3ea79e04eadd75a9648145e4e79ed40b1529994
R0_ONLY,objective,75,0.1139974500792413,0.10920182190436743,0.0047956281748738625,2.675346863443255e-05,4eceefd8afaf18f1e07d78c0e30d0fe5ebc8900cd0b98e48e8ce48985ce2501b
R0_ONLY,objective,76,0.11399743423257326,0.10920264126949553,0.004794792963077738,2.4942253805249525e-05,99bf9067f3457ff25902c84749d4052529ac4ac7a34db4eabde9c9e3c9beb184
R0_ONLY,objective,77,0.11399753285536114,0.10920476120564518,0.004792771649715961,6.210272866916987e-05,117dee9e98e6ae2f65d5506b93cd73ab3b83facad4299e7edb32159db7014098
R0_ONLY,objective,78,0.1139974140813134,0.10920321961176538,0.0047941944695480306,3.34730979292272e-05,795712095a0618ca67fcb6eb35977d953b4cb3f321a3c49538c12d2510f04e13
R0_ONLY,objective,79,0.11399733070350092,0.10920636872849436,0.004790961975006554,2.9081948502055372e-05,c6c84011f4b6b2e7d7b28a9e15fdc48d878200faef11188dec879437340ac500
R0_ONLY,objective,80,0.11399727497965595,0.10920627565122859,0.004790999328427366,1.6191735665357907e-05,8655811b19f91208bf7ea9ea05a0cbc774237fbc5ddeb122283f50f116df2853
R0_ONLY,objective,81,0.11399726305874712,0.10920488778144527,0.004792375277301853,3.854341936241198e-05,751495848f57d247dc29dcc06d7f38c1b19c112bdf2334972e0561658dc174ca
R0_ONLY,objective,82,0.11399724978634994,0.10920524177750746,0.004792008008842487,1.536631653953008e-05,a0a233f5db0890d1d59b38546e43b47785dd332dac20f448e4835c42969a1a80
R0_ONLY,objective,83,0.11399724658262173,0.10920546633787863,0.004791780244743103,1.0748974504707582e-05,d58b03035fb0c2125e57ad6c126f5dabad531cea1d14d543a96755565d1dac7a
R0_ONLY,objective,84,0.1139972386645337,0.10920606822419714,0.004791170440336576,8.208663980092931e-06,e1d62393ae75f56304c63c17849686127fbd4e7c0650ee53af00e237ad2274ab
R0_ONLY,objective,85,0.11399722765079803,0.10920693303700774,0.004790294613790291,1.3011260098705694e-05,ce3b9a1c7e95b6899ca328272993877e96b04158cdc16763acd653c14a84c693
R0_ONLY,objective,86,0.11399723901250045,0.10920770739945965,0.004789531613040798,7.91210584563809e-05,b9f1c9361981d3300fdc7a2e2c4dfbe87d5870cc43a010b6c6fd935af38fa2a7
R0_ONLY,objective,87,0.11399722443831484,0.10920717413149074,0.0047900503068241005,2.344942145361435e-05,378e5bb45db867c02686d63fb2bc6f5b27a99d05c3a5219a1f2c25a7e73d0ab8
R0_ONLY,objective,88,0.11399721844502425,0.10920760211517437,0.004789616329849887,1.2121736701153321e-05,4108b7979d4161059e3341df6bbee0a22859d954b6264a39b4625b15fa1bc06c
R0_ONLY,objective,89,0.11399721371491786,0.10920773471081312,0.00478947900410474,8.67499399677481e-06,f2089ba4f595555cc7f88a3724d353f0cf3c4849502fd64b927d2f894611be96
R0_ONLY,objective,90,0.1139972069229425,0.10920780532073916,0.004789401602203344,1.1336438667102322e-05,539e519f8a98ec8eb47b3069382abef2026b63eccfa754472291708037c68ed0
R0_ONLY,objective,91,0.11399719841217436,0.10920793220688138,0.004789266205292982,1.2723997755011387e-05,56903a8d9344f3667898566ab83c7ec69ae9f4ad483f4b07d28e2cb71b47d9e3
R0_ONLY,objective,92,0.11399719017018005,0.10920824265925382,0.004788947510926233,1.0840139321763396e-05,000815d04d7b4bb674ce63855417424dfcf9302052213620ef0c7d39193bd0d0
R0_ONLY,objective,93,0.11399719446633585,0.10920881057089128,0.004788383895444576,1.865528137363772e-05,b2f933494cbbf956c6d373038ed58cd7f4e3711fcb6bcfc7f18858cea743a1c2
R0_ONLY,objective,94,0.11399718736181862,0.10920845770944505,0.00478872965237356,8.320301785756666e-06,edf8155dec0ef0fcdd80833caf7c16679f5f1fa9e91a7f51e2974394f128597c
R0_ONLY,objective,95,0.11399718750624466,0.10920813714273842,0.004789050363506247,2.2003686999761376e-05,f43d9d37d12061f794f9b6d1960a9393112712870236aabe5a21e9f5a79253aa
R0_ONLY,objective,96,0.11399718564588666,0.10920829893633574,0.0047888867095509215,8.666322687237606e-06,2e238fabe588e33f3d034a8e2552193a16bd7aae88a60785313d508edba33810
R0_ONLY,objective,97,0.11399718405750024,0.10920824057481486,0.004788943482685383,6.923101339284964e-06,d4ad1957d8e37964b37de856b13c14af948086834287a218a830d3f4ab9d83a2
R0_ONLY,objective,98,0.1139971822368851,0.1092081463725312,0.00478903586435389,6.6573340181585164e-06,24c7b34e36ca4f241e51a8f4302cae9071936ded9f1865ab67c8223f5eadfaf3
R0_ONLY,objective,99,0.1139971800101856,0.1092080374826406,0.0047891425275450065,5.7211327175347075e-06,fa558a0e28694ac5a45d44e8233bb00c0d5ba5de7457747abbda816dc2d8b6a6
R0_ONLY,objective,100,0.11399717800851536,0.10920778963737883,0.004789388371136526,6.526030104039761e-06,d85353c9844a9e3d4e7df865c780cdea6bad976fab4a1b419ab5965fc4ac47cc
R0_ONLY,objective,101,0.11399717707349839,0.10920747907207493,0.004789698001423473,1.0162180909111697e-05,0232748894d777d3afa40c1afb3fbc337e46f49e0503842a0231e8bd501aabc3
R0_ONLY,objective,102,0.11399717605710837,0.10920749911463186,0.004789676942476505,4.766757263358736e-06,a0e1c0629d4f820034d6c13473248cbdf8a964a2f6ddfd1233685d020ce37f56
R0_ONLY,objective,103,0.11399717557506944,0.10920750540511603,0.004789670169953404,5.588889010911952e-06,6b074207ae0882978f3593054d0c5c73c377d79fb98a22021bf40aff07ff94be
R0_ONLY,objective,104,0.1139971749012839,0.10920742912176089,0.00478974577952301,4.445603434731403e-06,e6e073d3eb8fc0bb90e79ba8a53ef714f67bebdab97807b183fa71ab830d6474
R0_ONLY,objective,105,0.1139971740763215,0.10920721024794837,0.004789963828373127,3.458305349940386e-06,d5b8a6c0757eaa79b75694a6a17b60ca65dc5e45cbbc2bd1742dc7a141779fa8
R0_ONLY,objective,106,0.1139971730799165,0.10920685283196,0.004790320247956506,3.0517089483396007e-06,1ea964d35727c5c46e1e290693c658a9fc9c6d88dec94a9431f040797b54cbd0
R0_ONLY,objective,107,0.11399717255278702,0.10920650295736661,0.004790669595420399,1.989493783879575e-06,8d4175701e85c252ef6d59ea5721077045ba00e3f1ee7c76e2ac1ffc05e059a4
R0_ONLY,objective,108,0.11399717235186033,0.10920623340951253,0.004790938942347794,4.056126720553883e-06,8fec975ee842a7cd645a42fcc996a045b49d8cb7b97f3bf14f7b423c1ca502da
R0_ONLY,objective,109,0.11399717213940125,0.10920611997122831,0.004791052168172939,4.454151709202662e-06,dbc69143ae8b436de909a83bef8555f37d08d80af9f1859b084c5c93f16cb44f
R0_ONLY,objective,110,0.11399717191157101,0.109206152094862,0.004791019816709013,1.935978502286513e-06,ef7fc8f504fe1491b8e108dc149a73ef7732bcca5afb5c650f1dca39cb6b872b
R0_ONLY,objective,111,0.1139971717410299,0.10920609880516496,0.004791072935864932,1.7553386617754304e-06,6d604127a288c1433c8485098397fea12bacf363239f434cd1a472929ce265f9
R0_ONLY,objective,112,0.11399717155791722,0.10920594108792715,0.004791230469990069,2.643565296675615e-06,9d9b3138d1c19a6c684bad0a41fac5af8ff32b59bea476dc130d8159969d9b3c
R0_ONLY,objective,113,0.1139971713091343,0.10920568105297654,0.004791490256157752,2.157952366354671e-06,9fb0f9c0a3e85a1fa8bfce4d59dbc3034dae4c8748b2645f13fe1ade7a245be3
R0_ONLY,objective,114,0.11399717240849339,0.1092048882447624,0.004792284163730986,1.8724585661658597e-05,ed5d2ba11f03cc6e2a52ca10436912e5ab567d64fe25cb55dcc72536ce57339f
R0_ONLY,objective,115,0.11399717124501839,0.10920553008738935,0.004791641157629034,4.4938082430084996e-06,1f8265803a5298e944ad747dfd8f446153af8993093ac7075ede412e9c765c20
R0_ONLY,objective,116,0.11399717105717257,0.10920526340572075,0.004791907651451827,1.54118592157001e-06,b2323e47712e2234b4212fa7530e3c027a93fc2dbd3e6a0098ad2f4b1adfca5f
R0_ONLY,objective,117,0.11399717098979334,0.10920518726106013,0.004791983728733218,1.2555978443407704e-06,a47c53195e35a0306f5a6f2206d5788b5034561815c7f2f686e0c08f5fa5471e
R0_ONLY,objective,118,0.11399717090936046,0.10920512156498992,0.004792049344370537,1.6428963120632007e-06,e32394012a051f61b61f5dc411fae344b91b0c0787991f746dfec7b120839e34
R0_ONLY,objective,119,0.11399717080139313,0.10920501419724477,0.004792156604148365,1.6830652738601172e-06,bc877deb430a84a8f00071aedc31b88e4f68e9def147429e892d5ff3d7373a8a
R0_ONLY,objective,120,0.11399717065635448,0.10920479935666381,0.004792371299690659,1.3942396813395056e-06,b5b31258ecffe619d7220f247b274d2f1f242d0a861d4843acec46036099c632
R0_ONLY,objective,121,0.11399717071499003,0.10920460864404047,0.004792562070949563,3.7770711128341365e-06,7fc5f2c75ce36c6ac24d1c3765e8fa1311b3e1c076487e7125c15e14c20372de
R0_ONLY,objective,122,0.11399717061604722,0.10920472499597432,0.004792445620072908,1.3372311333565041e-06,252a3e5b66c84ac717a51644610fff8d2c607c9913324f95571414e9c0b75b50
R0_ONLY,objective,123,0.11399717056823365,0.10920470390547986,0.004792466662753786,8.838294172931743e-07,f9d8bfc5fbf9cac1af6ea0cf935cf576f67f743caad5285bb12a5d7a41d3c49c
R0_ONLY,objective,124,0.11399717050541561,0.10920467930800497,0.004792491197410637,1.317632523916759e-06,6eae9711f6faf0c005b6fe6bd6aea30c40279d6175933cef2bff98bd7f81c442
R0_ONLY,objective,125,0.1139971704506672,0.1092046820457693,0.004792488404897898,1.2565545249147877e-06,42e448fa143c8a68405656a3017f8ab31fb90936af268a9986182bd6b5735d38
R0_ONLY,objective,126,0.11399717040073706,0.1092046226742009,0.004792547726536157,1.3591350901666333e-06,5592da989a7339f46be64b2c743343ef8a1529cc7da380f5262e79221ed82ca3
R0_ONLY,objective,127,0.1139971704262667,0.10920471787504021,0.004792452551226477,3.693935599803036e-06,729062a4ba9b9c3e49a4fd2c132833707d72f267de8d789c5517ecc5d7024463
R0_ONLY,objective,128,0.11399717038835044,0.10920465727704277,0.004792513111307664,7.968617783893713e-07,4125e725d76a3a2234ba2155dff47e0fa3a2301c66a61034e2c21c7591ba3a05
R0_ONLY,objective,129,0.11399717037281665,0.10920465354722093,0.004792516825595715,5.592955039853028e-07,02e262d8a8287517158700c521b0050e92beab6be1484716472c0235ee8fb780
R0_ONLY,objective,130,0.11399717035427472,0.10920462805825594,0.004792542296018775,4.264943420323151e-07,a7ac8e238f9c3499f7b5d58addfcd65d18348b33342071f052ec2e60ad547715
R0_ONLY,objective,131,0.11399717032045871,0.1092045888836733,0.0047925814367854,4.88016730663612e-07,a7a84aa558c77e73ca44e9d856c84e011bc874f1c606dcb26c1e3a8806a9e03a
R0_ONLY,objective,132,0.11399717030553164,0.10920441880403989,0.004792751501491746,6.377008250802723e-07,945415658d5ee0909eeb9e347606f890100b780026b3b90d835cddcce6b551f7
R0_ONLY,objective,133,0.11399717028806397,0.10920446268990106,0.004792707598162914,4.7110470988309544e-07,a8a2f63d0e0c55fd57548c75a59b2aeffbbf46e3faccd08abdaa6954651a67bd
R0_ONLY,objective,134,0.11399717027969036,0.10920447116131382,0.004792699118376542,3.4980411473104107e-07,6fe4945a73db8f0b1740345983096625cc97bc7087626bff458d410c8b466aea
R0_ONLY,objective,135,0.11399717027065255,0.10920447727274267,0.004792692997909885,2.924425678601661e-07,d9d380d68b65c7fe19257d5fb37032d47a822e976ad4e3fc59088910cc2eca0e
R0_ONLY,objective,136,0.11399717026884257,0.10920445575142149,0.0047927145174210765,9.906552026009375e-07,a5823e29f8e6d83b2fb9ebb15f3ec6c6afabf2355f3ef6bf4431cdf3ce5f8363
R0_ONLY,objective,137,0.11399717026166035,0.10920446240530825,0.004792707856352108,3.485340847487127e-07,c03bb81a3aa9c3b2170f48857113aff6ff95f2b18768f425fa11ef57dcf15fe9
R0_ONLY,objective,138,0.1139971702590547,0.10920446295836192,0.004792707300692784,2.105562927348643e-07,0a1c682bec36b4b7619332334a44f67f031ee084e97a25a8e3fde10397c84923
R0_ONLY,objective,139,0.1139971702572902,0.10920445692635866,0.004792713330931539,2.941674417283582e-07,e7470304378d938ce9e513668cd6f2a648124da9131787fe2a4f061e31a5ae19
R0_ONLY,objective,140,0.11399717025614034,0.10920446938489513,0.004792700871245214,3.4421145733031016e-07,ddf5c6a9bfc7a8d94f5e76d4ba8c4aef12639ff52461901b2807b6aa3ceec1c4
R0_ONLY,objective,141,0.11399717025447621,0.109204462097064,0.004792708157412211,2.0888787238864312e-07,7715bda7113ea09f5a11c45089d9f6103088c8ab9cef2929cd19786af5112df0
R0_ONLY,objective,142,0.11399717025237367,0.10920445739561198,0.004792712856761697,3.008699200368216e-07,495f15a7156c3d7604b925f35fa98e38ac487871fafe151ddc591c32092e1442
R0_ONLY,objective,143,0.11399717025015307,0.10920445530074296,0.0047927149494101096,3.2774906866571185e-07,5465e11d8022f8dfe0a0161f0311883932237dc97259e427fc17fd760ff0abae
R0_ONLY,objective,144,0.11399717024623426,0.10920444906590815,0.004792721180326111,3.0687154477745246e-07,d6ed589d8ff3323dd102d65518ec88d47757324e3bfa249c0033db5b5a5c50fc
R0_ONLY,objective,145,0.11399717024561141,0.1092044588864218,0.004792711359189612,3.101435467924016e-07,323a5a9cb846e57543ee3adb9893485ea93513034c75c7aa1fdd66015b9e421b
R0_ONLY,objective,146,0.1139971702414126,0.10920446769384831,0.004792702547564275,1.1658781711836594e-07,b0d34b65cc01cc0056d096f4d9eeaa3e84203ae5f1c0f4eaae4667ce4c1d5724
R0_ONLY,objective,147,0.11399717023998038,0.10920446572939185,0.00479270451058853,1.0479193524558802e-07,cd721d65d7adf0b955ab23fd032ec6f969de38734205fc7a0633701da247c503
R0_ONLY,objective,148,0.11399717024078304,0.1092045286951939,0.004792641545589139,4.5038386982242933e-07,9eaa4327838acdb8703e2d42c74fc6b312705aabcc48e449ffa6c8239a3b3659
R0_ONLY,objective,149,0.11399717023898268,0.10920449259864673,0.004792677640335944,1.7870036978822201e-07,23c26eb913fc14e1bc90979de401093797142a69af94e02d1ffbd694415487d7
R0_ONLY,objective,150,0.11399717023797488,0.10920448906748327,0.004792681170491619,9.472694262670406e-08,ba8e7eb770c8129f551dd99ae4b74c62a3e80d31306b0a66608071826d3b772b
R0_ONLY,objective,151,0.11399717023753303,0.10920448358380146,0.004792686653731577,1.3619377392662676e-07,f8f8eb2779f57b2489f4d7c11c097e6e438e4b915a991f19451495170f396fd8
R0_ONLY,objective,152,0.11399717023723475,0.10920448803633628,0.004792682200898471,1.2008933710500643e-07,2c19d7a67b1efa2fca532104c2fb6346d06e5d986aeab17c2c164cc646f2390c
R0_ONLY,objective,153,0.11399717023708136,0.10920448837811968,0.004792681858961681,8.78976740327848e-08,c21a85fdfc20bf4f7c898f876cc9cd510d806c4e04207857e0b11ecc00ab8de4
R0_ONLY,objective,154,0.11399717023672491,0.10920448995582838,0.004792680280896537,6.887045273264241e-08,52dfa4e4b309e94b3e3c79caba8cae7b62f3a474d2a97f0428feda4d0fa36158
R0_ONLY,objective,155,0.11399717023645459,0.10920448722571809,0.004792683010736498,3.1419556529182154e-07,9224d5f3815d0d590a13bf2e527247e5fed577e1aec7c62a4ed4abc73b948bf4
R0_ONLY,objective,156,0.11399717023594433,0.10920448957135423,0.0047926806645900944,1.6077379005369883e-07,2c3794d9c1eaa9dafa6a5bb07452aec1341f2ef3c44f0eb688dbdb91f79db076
R0_ONLY,objective,157,0.11399717023543403,0.10920449204974558,0.004792678185688445,6.327045998539498e-08,85af593baf7301e0ae40cd608638d53e9f52af8431fd07763067204034728f8f
R0_ONLY,objective,158,0.11399717023522887,0.10920449268611532,0.0047926775491135545,8.110504257942529e-08,7e3816c18920eca5fe84bb9301fc0c1013e295818da4b53f96b51e0b6a905208
R0_ONLY,objective,159,0.11399717023479472,0.10920449255092557,0.004792677683869153,8.289330805795761e-08,7e593eb8f5f51951ca955b4bd32777b16664551d2e0b5c3823a2a7f336e401f9
R0_ONLY,objective,160,0.11399717023443717,0.10920448507728707,0.004792685157150104,7.979241614624649e-08,a81370b2febaba5b47d82cd8d7972a7415dc294e68199891cc6feb9edbe280cc
R0_ONLY,objective,161,0.11399717024161575,0.10920455358896068,0.0047926166526550745,4.87631167881837e-07,a80bae395e6227bd23a552ba87e2f5f4a26757d0bb3a3825c7d29051d92c0573
R0_ONLY,objective,162,0.11399717023410853,0.1092044969302751,0.004792673303833428,6.301355815589609e-08,da017c2be6b83942d8c0f68ed809222b15f89bc14dfa0f51b784b568d1fd2888
R0_ONLY,objective,163,0.11399717023396096,0.1092044987989128,0.004792671435048161,6.974585542829551e-08,eda44377c561af60d343ae11f2df5030fc80fc7ea9a5e8a0fa08575cd2be14c4
R0_ONLY,objective,164,0.11399717023391787,0.10920449775726011,0.004792672476657756,8.115399721452465e-08,001ea539870ed9580d3ce9414f65236b8f6bce057fbdcbc0e99360f2857a8b7d
R0_ONLY,objective,165,0.11399717023387419,0.10920449865092381,0.004792671582950382,5.643521225044388e-08,7988f983c23b51ab8122e75c328d07f1bf430a2a1454c796701f470b7010b8b8
R0_ONLY,objective,166,0.11399717023378254,0.10920450132293624,0.004792668910846307,3.231715170706528e-08,5f603563c25ce4f491a06c8ea286aac3cd39f060e6d6f3ee61b842d537bffe20
R0_ONLY,objective,167,0.11399717023371042,0.10920450310422834,0.0047926671294820766,2.7598687787121662e-08,001e876c7a9aa5f1b96b71e67c54124ae670ec107332a159dc0ed4cbe6a08058
R0_ONLY,objective,168,0.11399717023364722,0.10920450476165686,0.004792665471990368,3.789206163066617e-08,72461b8d865171ecca726a1c4d04516aadf6e704d4787d0890d33b461ad95daf
R0_ONLY,objective,169,0.11399717023384018,0.10920450491824223,0.004792665315597953,2.268426754977935e-07,6ab1e29621e70b3f7a5c66d8af7a18214acd5ab6326b1c6cce5fa3c2a585aba0
R0_ONLY,objective,170,0.11399717023361486,0.10920450480460803,0.0047926654290068255,5.3276459386565685e-08,ada886f887732fb9c3bda8b2c86e446858c00af2241bb6a2b0007444ffd8db9f
R0_ONLY,objective,171,0.11399717023358205,0.10920450402177455,0.0047926662118075005,3.3664031160909945e-08,172321737f56bf609c0c16d33b9f19407e632bd6449502c58e649a4cb1477b97
UNION_s1,objective,1,1.3857607605189974,1.3857607605189974,0.0,3.276128880636497,4b39c64bbb665b6806871c126c8edca4d7c9046530c00f64a58a52579a7f1f2e
UNION_s1,objective,2,0.7968720974466245,0.7968220974466245,5e-05,0.11188277767468759,8ca3a4efeb0757e921961a7c653d651e8a05bcfcf3ed21ee59146cd0177981fd
UNION_s1,objective,3,0.7933278844546876,0.7932794430537393,4.844140094824916e-05,0.10481549350158142,79538f8d85ec349a0be82e870241b3b3074f050b0864de11ff555009db5e5230
UNION_s1,objective,4,0.7817087155889277,0.7816654383603114,4.327722861633337e-05,0.07551091069268152,87104d88211c7a93abd3165509569d0fba632149d60907747da9174dd28df447
UNION_s1,objective,5,0.7678504757521478,0.7678079834542066,4.249229794118459e-05,0.10792981889715036,8973c14cc18597553386ffc3d3f0b056fe440d751153803b0660ca6fec745a9d
UNION_s1,objective,6,0.7611221180138705,0.7610752123532032,4.6905660667392124e-05,0.05188220823492483,c09d9b8da9f6077b9d86431635c4274ae55cce26bc7f45d190fed237388a09bf
UNION_s1,objective,7,0.754219276485396,0.7541558412056742,6.343527972176468e-05,0.03282927844455295,4b61c8ee655e03ac1414982c85bda484a9a1dc89bdb960e3cf5e9d80bf33a7b6
UNION_s1,objective,8,0.7491897537638869,0.7490995207654852,9.023299840162402e-05,0.02173854510803686,4d038e4fa82bc7df91ec9ef4e1bbecf345eabf4a64206381665ef0fb384ec9ba
UNION_s1,objective,9,0.744809464517956,0.7446817952424329,0.00012766927552307973,0.021971839564227474,be9ce219e08827e9bb2f9c8f707c8c772079d5c12a79ccf0eef64c511056e6dd
UNION_s1,objective,10,0.7403770436795164,0.7401810824326692,0.00019596124684718552,0.01982286155845298,ab166dd7c2f4529af79a9bdc408d0b1021e442346412c08dd3b31b91d0877c49
UNION_s1,objective,11,0.7357355201129628,0.7354085109856677,0.00032700912729511923,0.026333798251784033,695c8d9a216597cd3be9ec64f6b1bd46e486cc772794c232377911b689918ad5
UNION_s1,objective,12,0.7331338679114603,0.7326681929288776,0.0004656749825827005,0.012304049459179704,db565dbb24cf0deede9ff20de339f660266d631f86808992c1efb76d7ff5ae18
UNION_s1,objective,13,0.7318849860895806,0.7313924897541154,0.0004924963354651887,0.01347523487134596,6da9a2ef84de1bd6139cf96797ed3f0ebbf4a92c5f47f35c3d4819acaa5f31d9
UNION_s1,objective,14,0.729007484525852,0.7283873235293625,0.0006201609964894166,0.022281707161757487,73a7d0d57f6863f4641ee16f0b481bb346518edb87d3c3d83efb3e58ddc5d2eb
UNION_s1,objective,15,0.7270839704255324,0.7263227426188609,0.00076122780667158,0.013618772834883476,9bcc0b0372eca0e413b685102ea9c4007f4b07bd2bb1f0cf990ae508e2102404
UNION_s1,objective,16,0.7257715120121079,0.7248441997961307,0.0009273122159771589,0.008330493325679148,a616633c2b5e07606e0fe7a21db650b043263ba3ad26e5e70e68d1dc3e64f1df
UNION_s1,objective,17,0.7248115834588329,0.7237287700397939,0.0010828134190390853,0.006367187716827271,a1c84f5ee7c3a375aa1ea01087f062eba9dfa4fb3526635f517b05460df6a12a
UNION_s1,objective,18,0.7239374042509796,0.7226448785619037,0.0012925256890758967,0.013964194306127907,7eef876f58dd0bdb2d2368655fa0ddea63e8e51054f89201bfc8366cd5a56f04
UNION_s1,objective,19,0.7229868718438992,0.7215278205642134,0.0014590512796858132,0.00999594932172425,702709368d406c6423eabb984bee8ef98f533083aac672d87814f2e669c2254b
UNION_s1,objective,20,0.7219023729308732,0.7202686466575929,0.0016337262732803166,0.007088326107089564,45fe9fb90a3355e68d69aab49479d403f1c996326a76f1482a84fa14c1e00fb1
UNION_s1,objective,21,0.7208402079411582,0.7190648739545559,0.001775333986602374,0.005976750709975446,b05736f10bb1509ee77a95cb595a931b81f8fb7c28bd2144d2de27c6f4b6ae79
UNION_s1,objective,22,0.7195940609779953,0.7175368685773157,0.0020571924006795683,0.006165885092055237,7e000407eaf130e6fe227765ba94292109aefe654a1fc0e21c0d836d6bab0112
UNION_s1,objective,23,0.7185910413621873,0.7161657544963286,0.002425286865858719,0.013571901233470704,a1b9754239402c47b3ab8a2416d15ce50f54b73be19b943afbe1fc19d23d076a
UNION_s1,objective,24,0.717873146600565,0.7151786470450481,0.0026944995555168993,0.01062293380803183,198d29f2b9e8675f068d822f4e109ad2b305da48147754d7fb1c64ed733256e2
UNION_s1,objective,25,0.7173132652823616,0.7144592825703344,0.002853982712027195,0.0050265645496523365,cd9ea7b0e4146a225c324b49075532d850a69a75cd03768eeef741c9ffb2cce0
UNION_s1,objective,26,0.7169882262581991,0.7140568898339283,0.0029313364242707484,0.004264235970461901,3f166ae254278a6f24c12773be1537b7bcc06ec675ed4b7bda8dfa6793e5f237
UNION_s1,objective,27,0.7165833936367568,0.7134952511671759,0.0030881424695809066,0.0055868931356915655,68dfaa79331dfd36136a6256c15b659eec3f510971b483e4941f6bbc2524d6d8
UNION_s1,objective,28,0.7160006596003855,0.7125595682180113,0.0034410913823742463,0.010172754758631147,a637d82e1cc1b18db8b4c4604758a3ebde6bd0332ff8ef9a1782935b422479c0
UNION_s1,objective,29,0.7155284280546127,0.7115663211335705,0.003962106921042137,0.00805588160980607,83be907d230eee1b637ca581c505830dbde145d559c54a4e603e53e7c8d563e2
UNION_s1,objective,30,0.7151196433611119,0.7110437019289467,0.004075941432165205,0.005692866904613204,325cc2e5a317c136e3102a86d78079128e150b7c1ab5d8961f8d36f2a63422fc
UNION_s1,objective,31,0.7143531840699068,0.710018105902965,0.004335078166941779,0.007158744760905608,c172cbbf6aad705ced847d4e89d1fc9d890d1f562af189b90028a2e0c3c6c471
UNION_s1,objective,32,0.7137909866536726,0.7091850545216624,0.004605932132010224,0.006786489640168887,3a4ff62de53c85c4da0aebb567fbf76679c07c3bb5f061f5e52d5e76dfe50947
UNION_s1,objective,33,0.7129952263014958,0.7072800430230574,0.005715183278438491,0.011579597353452174,73cad9b8df61680b0fcb6e9bff1a7e6d1aa28e2f4807ca5921208aefdff4b5d0
UNION_s1,objective,34,0.7129785193407628,0.7076652285142292,0.005313290826533633,0.01137635582880601,90bf1eca85f5db082b5e91f964b605dc9655e1cc09a64f6fef4efd45f6a73050
UNION_s1,objective,35,0.7125263137301137,0.7072469356006514,0.0052793781294622096,0.005335746873994837,9fc567518570000db10a4cd563b6457764ca40feba624343c201ffe8e76bfbe9
UNION_s1,objective,36,0.7124112425023779,0.7070968757490358,0.005314366753342058,0.003007210494487793,ef268c0979833d6bbec23a49090707810ab0be85972db60adab530df472aee7b
UNION_s1,objective,37,0.7123227444846347,0.7068884188374048,0.005434325647229854,0.0026147479636534623,2c6aa5ebeb8e939463d40ce82f6551aaabc961dfe79df55e208f28650b473fee
UNION_s1,objective,38,0.7121531059217373,0.7065493044528657,0.005603801468871629,0.003309702054798262,a416208dcb9ee9aea8149de25e875126acb1062ab274ef9122eb18239cc1894e
UNION_s1,objective,39,0.7118051774727326,0.7058521981010805,0.005952979371652167,0.004301926817089808,7d71d8bbd810819b3da6855cb08c5fdae5042c6ac4f749a6e17a6af0d9a69574
UNION_s1,objective,40,0.7116173525473468,0.7051463463645337,0.0064710061828131705,0.006764242490310183,acb9086538f1abc160dc23a829aa57588a06be23da45afa4d6a39c142a479785
UNION_s1,objective,41,0.7114494744656626,0.7047019882955905,0.006747486170072103,0.002112773360298935,119ca225065cf52328a63da34026aa5ccd5f36a7bac517f592ec10bbe5c63d93
UNION_s1,objective,42,0.7113897919702945,0.704690486964222,0.006699305006072547,0.001589481118823004,2bc2e434369e23bb0f125141aa77d1790d45334fc070fcbbc13df51216d56714
UNION_s1,objective,43,0.7113093757122032,0.7046532554462942,0.006656120265909036,0.001469558118395005,835b460e40f9eced58bc9e5686a405b10604983739062f009fd867645f932186
UNION_s1,objective,44,0.7112484995501792,0.7045858674907731,0.006662632059406099,0.0015041958078603186,24e31f0e3ccc8a3b3cdbd52a719444a9b159642e1a9dd9dee3d375ce8602e65e
UNION_s1,objective,45,0.7111968765511302,0.7045092183335733,0.0066876582175569525,0.0010934576665602804,7d1920df2c934f233f48a62bfa67e0815e4dd4dbd918d6aef9a507f57fe5fda2
UNION_s1,objective,46,0.7111969630080036,0.7045426433248045,0.006654319683199023,0.0047902061939784895,64ff4aea37d233533ba245713e69ce46307a038c57264a937905f853c85a1c3b
UNION_s1,objective,47,0.7111754247961194,0.7045047778737793,0.006670646922340086,0.002512520850656739,bd578b020bb131500633bb9e56b7cdd94fd4a3a612e27d0becb2aaeab89fe46e
UNION_s1,objective,48,0.7111493602928681,0.7044534748780278,0.006695885414840298,0.001477169704589076,5e6588e336421c881fa1c40289b07a7c102f6626ab46b508a747048c44495259
UNION_s1,objective,49,0.7111347677994239,0.704423438667126,0.00671132913229787,0.0010813939990683972,00282703b9a1b4ef2f7dce50169256b87b06acfcc417146a0ce01b26dddfbea0
UNION_s1,objective,50,0.7111034730806212,0.7043379532828695,0.006765519797751667,0.0011574002584360229,92aa19403f763397f3122934387bbf497d6892665ef294c9cfdf3bbbf611d36f
UNION_s1,objective,51,0.7110630299606352,0.704197355415226,0.006865674545409235,0.0013742839989186232,95b1dc6359120057c2f33b465b0cc401f78117665eebfc5895829d2b2f1d2f27
UNION_s1,objective,52,0.7110023185770119,0.703992128582697,0.007010189994314939,0.0016120790216307994,efb75150543bdf1177ab4a12783ddc31b3c802c0569e5160729c3481db87a67d
UNION_s1,objective,53,0.7116961717828576,0.7042814512184317,0.007414720564425927,0.023308456160292795,6c0575e220baf52916123eb97a6fe5cecae448d3a73d6e584c6af01675b4c746
UNION_s1,objective,54,0.7109958324102377,0.7039515877142049,0.0070442446960328085,0.0016797163004806067,0916582df021660645f89af9b72f926d43b95c07282ef9a8ccffab0d3f4f2ff8
UNION_s1,objective,55,0.7109745525022962,0.7038765305664847,0.007098021935811548,0.0010168516255913752,512ae302544dee06f675fb710f3787d6a3e2a5afd4f4caf675ef2d4e99b0088f
UNION_s1,objective,56,0.7109562750480158,0.7038180700969247,0.007138204951091214,0.0007890878449796228,87e0f55c973dd3108608320de19790e4875177a56d973d096fc682991d5f6887
UNION_s1,objective,57,0.7109254771363899,0.7036911112058605,0.0072343659305294196,0.0007652310157573148,47afb68ec44e61f9979a78ce4ccb968278dcad8d728ed3adeea69a40d3acb92e
UNION_s1,objective,58,0.710902832064681,0.7035836524794304,0.00731917958525057,0.0010252598788213043,852f3828508b3bbcdf8fcbdf0cdffc7f6bc2b2d163835de104fc68723b638df3
UNION_s1,objective,59,0.7108817722082791,0.7034384719134892,0.007443300294789908,0.000785172986810543,0369112ffd598b9f83b410de59f305d579a35792c87f0e54da2eb744b5f3059e
UNION_s1,objective,60,0.7108750717534147,0.703423760496947,0.007451311256467748,0.0011847268295276693,97c7637aaab787e2580fe742d17aa8216c2cc86f1a96cc21aa1c105ec9f8ba4f
UNION_s1,objective,61,0.7108682891778795,0.7034350058361045,0.0074332833417749405,0.00045986739347267413,7efa8a2bcf7782b078a7d9a42f6eadb98c393f45ff67bc23b890de02eb6b1b45
UNION_s1,objective,62,0.7108644880393621,0.7034352164373309,0.00742927160203119,0.00044584245405174174,e2a941c3a55a7e67221c7a8815bdecd73fb66430eab8949742be45e1dc2dde27
UNION_s1,objective,63,0.7108542415884495,0.7034124055684304,0.007441836020018986,0.0004657924055001344,e4effa8b7986d23642679587309a8997847b6a85b5f8c5e324f90fc449d77f9c
UNION_s1,objective,64,0.7108402113143719,0.7034006159543835,0.007439595359988352,0.000763359565914326,9a5043903a02eda4f1b5d6eb21a8719ed35cafcdf0b70c34d94ffad38eae543a
UNION_s1,objective,65,0.7108362160651792,0.703425081374682,0.007411134690497285,0.002485079498369488,89766048235d5d184c4b5d97c0400a1ebbd26c9feb50e6755bc641711fbc377c
UNION_s1,objective,66,0.7108246635161504,0.7034001908527394,0.007424472663410941,0.0005163969516937577,e52adb22bb6cf6b78d97287863e21896a4e8d87e28293a64153bf1799b876281
UNION_s1,objective,67,0.7108223737307539,0.7034048359654188,0.007417537765335014,0.000401493191847442,e26f2341356f2982b030b329936e9db31ed0fb335636541a8533771b16a83195
UNION_s1,objective,68,0.7108170792562922,0.7034229152213732,0.007394164034919018,0.0004545764669294379,68f9b2b6c65815d0d77a55335ae1ac70ad91b497ff5999949bea0ce46b65f662
UNION_s1,objective,69,0.7108173096947832,0.703406456488143,0.007410853206640127,0.0013984862149059017,b37766867afb2242e6b8d892923c9d38e4af5440c4254f88f4f6a893e0eccb30
UNION_s1,objective,70,0.7108123550634567,0.7034100853084398,0.007402269755016946,0.0006308655639320915,1839edc8d1e6d3dde10a0092d93092d0fab4fba5883a16d3dad378a50d604cbb
UNION_s1,objective,71,0.7108086502857458,0.7034100606624366,0.00739858962330918,0.00034964253618899397,0851e488d7ba0b1dd1b281e362c70946562636b0abee69486e48206dc401eea3
UNION_s1,objective,72,0.7108060402833558,0.7034068011216725,0.007399239161683329,0.00037244325592045754,0990b07d98dfae272d6f926dbe5896c055c84d2945b40a7558e0430746155bc3
UNION_s1,objective,73,0.7108142381138822,0.7034029105542446,0.00741132755963755,0.002986135901269924,352bee65b3d95c4c3574024642941d17e3f4ed49168a02a8efe77c947e74958c
UNION_s1,objective,74,0.7108049356704721,0.7034027054460572,0.007402230224414835,0.0006766496503886137,88d6d98c2990009ad54a07293fa3cf8b5fb4b5b29eaf41935331478c14260d75
UNION_s1,objective,75,0.7108031201422155,0.703397746592654,0.0074053735495614595,0.0005525027830274506,e8ca83fe4ce4036b6ecb08f593103ee466a9306eb023547067a242858bd8ae08
UNION_s1,objective,76,0.7107981540617592,0.7033835514524933,0.007414602609265902,0.0003669957926161717,8ee968783f4c7a1b9e76077ad7c516502b1ebd2b2fe04ce129a7f20ef730ea4b
UNION_s1,objective,77,0.7107937552018553,0.703379335467494,0.007414419734361268,0.0003712215428996423,f068fbe07b6b8b46e3f799f952e92c829367ff1e09015b1309be68d770e1607b
UNION_s1,objective,78,0.7107891606304696,0.7033793611251713,0.007409799505298281,0.0003225285460111241,817264080f7b97fabd74c9a59ef16bed8cd31513699042c026d5d288b6f46a93
UNION_s1,objective,79,0.7107889444525071,0.7034007611401614,0.0073881833123457105,0.0015313019245231764,4f3640100c162e65e053be8c979458d98fa0b2bdc2d24d7ce5c17ded31337132
UNION_s1,objective,80,0.7107872839905202,0.7033886750974699,0.007398608893050209,0.0007925340419079259,c166aa41a61b9cfe0ea0d69cb5506663b0f5acc3d9058e34a3fa67739cb9c15b
UNION_s1,objective,81,0.7107848175175395,0.703399476485071,0.0073853410324685245,0.0003304350129284353,42dd657fae48131006a4c4d4a549cec5b6ca97a7683e72797867efc45a97ca4e
UNION_s1,objective,82,0.710783993575813,0.7033999281233151,0.007384065452497976,0.00020335309002676632,e231cbece3b114dfcf8ed23ea37a69def2a5f610f70a47f499fa9236f4ded033
UNION_s1,objective,83,0.7107830131855876,0.7034014749156551,0.007381538269932468,0.0001940286036926564,abeba2232e6ff069f09aa7e5c13be69c578261cc692cf9b79f9d60145fbba1cd
UNION_s1,objective,84,0.7107820371244732,0.7034026971684318,0.007379339956041381,0.00020520710481867192,7cd2ba5714a42f2e28aa6bfc4326ef950234e1268f31c94d4072c997f222fa37
UNION_s1,objective,85,0.7107801866705276,0.7034033195970802,0.007376867073447345,0.00022709314794259062,c2dfeb4b71b011e14a6407bbd2793226479f3e48f4d363e7d6122387d84a9a60
UNION_s1,objective,86,0.7107828627907289,0.7034050951371302,0.007377767653598676,0.0015650229577657188,4942a0633fed7ccf2c94e1aa3cc5b023423f9ca27228b392bf218be06e3b5fa2
UNION_s1,objective,87,0.7107795923686974,0.7034025468416287,0.007377045527068629,0.0004592787140705781,a2165ea2e3c2d99c647e6d807ec58155c58d7546d9dac79b5191588824a34aef
UNION_s1,objective,88,0.71077868962245,0.7034019739707423,0.007376715651707684,0.0001616856862834741,78adae484d2b67d8f67a44941bbccb09c29a9ef6420844040d0196b677867cb7
UNION_s1,objective,89,0.7107782128266218,0.7034003779791566,0.00737783484746523,0.00016868811149398227,1c2453c1acae138586b44e591fb6ffa8edf870a79aead26c200cf32c25231199
UNION_s1,objective,90,0.7107777087549552,0.7033984398702854,0.007379268884669792,0.00018400478952650533,7dbbd01dba462ba473aa1cbe730720726ba1b07712c2237232e70c0df39b6f2d
UNION_s1,objective,91,0.7107761281769703,0.7033927033693278,0.007383424807642576,0.00030494289482819987,a38591445519a14953e902ebc535c316fffc4b42bf806e07516810236bc310d3
UNION_s1,objective,92,0.7107763189232061,0.7033927304611802,0.00738358846202589,0.0006500871357299683,9139f6d0bda28a79e61cfcd8a04b05216c7b27a97dbb2beb0632a21609803602
UNION_s1,objective,93,0.7107755453886561,0.7033920703386418,0.007383475050014207,0.0002191218226853274,cb7dd648ac3a93afb8803222cddad013100f32322eb25d5619c7290364f62b9b
UNION_s1,objective,94,0.7107750717956356,0.703390580874495,0.007384490921140561,0.0002288229955283757,77fc15dbe532304207de42b1a44eb55d85cbf4360071d30f471826f1145d4ce8
UNION_s1,objective,95,0.71077485969131,0.703390211942533,0.007384647748777008,0.000162839942113764,6c5d9a8cdd96f76cab2ad33abed2830d99458318b12ef6685ccd0865fa89d81f
UNION_s1,objective,96,0.7107747288437228,0.7033901369286648,0.007384591915057988,0.00013376773796466954,a330923fb7595629c3418748b4489ed5b78c1692070acffe4714db1b29ec6820
UNION_s1,objective,97,0.7107742771292579,0.7033880956544473,0.007386181474810607,0.00012499854680251098,01ba8deb1210854e9881e122f383b339bb0b53d1ff28feb54838f7bcaa678602
UNION_s1,objective,98,0.7107738333124941,0.7033840061021039,0.00738982721039015,0.00013098914873838047,1009e49ec3f623b2fb5d9d07310f71c819a7faf82b01fbd36a92bc00c4210940
UNION_s1,objective,99,0.7107732698175152,0.7033771278790217,0.007396141938493444,0.00015050740893721612,b63039f87683e4c141e240a130f2545430a63a47f4313f4724e5bd397c340f0f
UNION_s1,objective,100,0.7107836173587688,0.703368084520049,0.007415532838719918,0.002620486421427727,33587fb398e0db7aeca73f9a057ae17f5a2774f4d72acdb33049c672f7ad0a0c
UNION_s1,objective,101,0.7107731394576338,0.7033750920901013,0.007398047367532503,0.00021829833814912574,4cd2bd49b48abcb94a2e57051cb408d35afff56f11cb9ea33d9b26e2e3327ef4
UNION_s1,objective,102,0.7107727445449767,0.7033686527150333,0.007404091829943342,0.0001316117722100721,14572b55d77f62c175439e9962a15981f551e804c7ebb9c9b5c2607ebcca23ce
UNION_s1,objective,103,0.7107723717908844,0.7033631312592682,0.0074092405316162286,0.00010195253364121077,f6900f8b6fa5f856e2fd1a53a632846b30391c1ae12af610cc834c743c33ff64
UNION_s1,objective,104,0.7107718746525272,0.7033548820880272,0.007416992564500009,0.00010461498398203753,d50c0b5251a898ec5aac8e810cd53db3fe09fcdb4e4bc0c2a945f6798b7d4338
UNION_s1,objective,105,0.710771475465336,0.7033480327519507,0.00742344271338534,0.000104021844611409,7ef364031a030af340bc83c700c4a00ddbc81953c208cc7e4e0b6d02153b8da6
UNION_s1,objective,106,0.7107735594492196,0.7033327637102372,0.0074407957389824265,0.001092663311161432,967381843fd70380ca52248ae1abfd63249f9e4ad719b31f9f5ce42d6ceeafc3
UNION_s1,objective,107,0.7107713329321389,0.7033443993460771,0.007426933586061844,0.00020152883465935836,273b794417cf4b08de7b843394b20b7392728b77585bfed8cc7ebd252523204d
UNION_s1,objective,108,0.7107711065622412,0.7033401202251924,0.007430986337048765,7.722390942200976e-05,b5bba944305516c7baf730c7f883482b482f14e9a60d7574f3289bf27804bdfd
UNION_s1,objective,109,0.7107710311463534,0.7033393620161811,0.007431669130172351,7.330375579550489e-05,30b9812542bfab32943711a1b110abc384d76160001e380cdd2b4ed4b7dd4054
UNION_s1,objective,110,0.7107709610762002,0.7033348146118417,0.007436146464358547,0.00026869828196207163,7b3a04ec5eaa703b2aa3c8b5712c4bff555c9ade50eb3a5264745964610b072d
UNION_s1,objective,111,0.7107707944046636,0.7033341844681081,0.0074366099365554845,0.00010496870479563287,a4c6c4a223c756a27bfe1c3c12659c7093f5d5106b2b5377d584bef0413f4ed9
UNION_s1,objective,112,0.7107706507142147,0.7033307611190142,0.007439889595200634,9.256227281012147e-05,67ba2fec6be9d1bed41a6081e78661d53d78be371b586db120dcf09069495ccb
UNION_s1,objective,113,0.710770524018979,0.7033248912021456,0.007445632816833401,0.0001290671565628452,4cb06eba7d92ecfe5bd1ff7be9b9a1a6b92b549a6cc1801ada687d4776dd41dc
UNION_s1,objective,114,0.7107705283881441,0.7033153037819602,0.00745522460618394,0.00044928008389392705,eb3b3c7ede3b4dfb22e99f430f71ff4a3a62ce6b13633c6c12c8854cb74c75bc
UNION_s1,objective,115,0.710770440070825,0.7033200790155245,0.007450361055300488,0.0002556780007361471,8c8c069473d39c2a288abe6d7b3aa6f92c77d1420a6df6960af7fa93954d1ab6
UNION_s1,objective,116,0.710770278877666,0.70331445349334,0.007455825384326026,0.0001626668685000675,d0289883587fede2199bf3ab22029e3a588a2fa9dc3cb3caaf11edb78a861ab5
UNION_s1,objective,117,0.7107700629990965,0.7033075794977693,0.007462483501327175,6.403385167307458e-05,da723c94d82c1ca424e0746c04931ba45bd216ea23073f4084321dd004a14441
UNION_s1,objective,118,0.7107699572746101,0.7033050427461978,0.007464914528412334,9.410108899781397e-05,f935c91302d439b30227c9dcdfadd7c387ee488a70d859a888416a1c1486fd4d
UNION_s1,objective,119,0.7107698623395992,0.7033040276904917,0.007465834649107447,8.793311299285967e-05,9bace887b0dd38b9b1b537f097d032b021f26f1a4e89da5431efe75e50aea6a6
UNION_s1,objective,120,0.7107697470034634,0.7032993981955833,0.007470348807880089,0.00012827520546565335,32a6b0e0fabc5d5eabd184f0a82deb76a0866dd63bbab5ee84facffddc61083d
UNION_s1,objective,121,0.710769664435543,0.7032987960131922,0.007470868422350819,0.00010342234301726466,c7577410619eda349fc83749a7f7393d590b1c3745c0e5e39619df3214da7c23
UNION_s1,objective,122,0.7107695902114313,0.7032996647372247,0.00746992547420652,5.405067889049781e-05,60588b94bcd29bab25954b7a4faae289cb2452597e928af36d0802655b78cda3
UNION_s1,objective,123,0.7107695295362436,0.7032997777050739,0.007469751831169689,5.788482056576102e-05,09f02e024f0eb7f56bc972e34feb7524bdbaea6972bda4f8f6218f631dd3a9cf
UNION_s1,objective,124,0.7107694230413634,0.7032983448065491,0.007471078234814257,9.996948849759011e-05,d3772764752cf7b92b254bfa5c6df9b852fdda1f82129883f69c34562879374c
UNION_s1,objective,125,0.7107694505542939,0.7032973955726726,0.007472054981621308,0.0002566853202187347,23911fc33e7c1e51e1b1e41c9d977f2c606b2637853fc38d83163d80d39da6e2
UNION_s1,objective,126,0.7107693709397078,0.7032978579611244,0.007471512978583393,0.00011276184944079188,61df971b18a53c8e2a0cfcee9577d1d93ea4aaa662a5c2b7471593bf812c1ae6
UNION_s1,objective,127,0.7107692883552312,0.7032940335902498,0.007475254764981448,7.885173637672732e-05,53dd738d57eb71fc8a0d33b3d4cc4be6cff3a465664789180d1312a4d630f265
UNION_s1,objective,128,0.7107692328998522,0.7032912729347294,0.007477959965122848,0.00011445837897018178,4614149b5840ac66bab8681f8b416474b1aa7fab37d3da8023131d10585cac25
UNION_s1,objective,129,0.710769180423952,0.7032895935596801,0.007479586864271818,7.245943969060464e-05,e70bcf94713c49bac3cd4e5ee077d7f15d3edece31029b45967410266ccbf2d2
UNION_s1,objective,130,0.7107691249062641,0.7032886232164328,0.007480501689831245,6.195480083775391e-05,eae8bdd36d225640c01274ed8927a4d91ee6c42ac83257de07e39de45ad076b6
UNION_s1,objective,131,0.7107690233359681,0.7032864434585958,0.0074825798773722925,4.428147132969475e-05,c4e72df113717fa720f9cfd1e9014261c781c9a4faa1b1ce2e7371a3d4f8aa86
UNION_s1,objective,132,0.7107689889433096,0.7032850086896049,0.0074839802537048075,4.495445680127819e-05,c10e4cefd1d998a5277699b0ee72d285513d145f76ec1752c080cc6b71f996f9
UNION_s1,objective,133,0.7107689782999752,0.7032840084002184,0.007484969899756826,5.610033662299581e-05,b4b381ec07e0ca2043bb00944e107fa98bd6d265e1b3fc19bc7acd78ff643ed4
UNION_s1,objective,134,0.7107689705498129,0.7032843146448627,0.007484655904950165,2.7165988402512158e-05,55e2fde52e3f7044da2be86222b777e0cd63cdd5632d5cea57cfb5c098700d8d
UNION_s1,objective,135,0.7107689620275308,0.7032843769373412,0.007484585090189512,2.8064269216053826e-05,7a4d7e219a5e35bb76d6bef607fd504b6437ec8ae076d3584a1c57e0d7920d85
UNION_s1,objective,136,0.7107689515286687,0.70328407126892,0.007484880259748734,4.2093180778733805e-05,91fb9bd63b2b90788e85cb5af4a4650e6767b8b2cf809097e7f5d74be3acd6c8
UNION_s1,objective,137,0.7107689336182168,0.7032833786233653,0.00748555499485144,4.927312489932393e-05,1e738eb094bf7bdd149a944cd63e3a014d9c949c294465abc47d65536867b0de
UNION_s1,objective,138,0.710768912307424,0.7032815246877024,0.007487387619721618,0.00011140861481119343,ef3cc7a53d969984ef3a36a9ff106712f8ee77a72e6bc93d2db257e36b7a340e
UNION_s1,objective,139,0.7107688829197736,0.7032807188303065,0.007488164089467097,4.1263672492028306e-05,180c85854cd07ee9f1d436da4dac6d85e3c2c7e0396b3c61930f96084cf643ba
UNION_s1,objective,140,0.7107688697027619,0.7032803696690929,0.00748850003366892,2.5677681703012773e-05,36420cc86cd2eeddee2198fe8f6a2c0c055566a4e6bcfe9d3ef2d2aae7abf16a
UNION_s1,objective,141,0.7107688595685226,0.7032801434231047,0.007488716145417857,3.487637928788507e-05,365c8035bd1856afde4a3d641a724e15ce7d0d00faf940067847ca1754a5d3b6
UNION_s1,objective,142,0.7107688509757853,0.7032797660657527,0.007489084910032657,3.4431373628980154e-05,27e62cd8b14aa9a7fbb39719974c7b73a1657c01a45d9693f57fdbc50f50b962
UNION_s1,objective,143,0.7107688380708646,0.7032800198997183,0.007488818171146231,5.180142655742773e-05,d1079c43de56bfde9ca7f18bfd7d1a751114550595e52c5e6f0d01b4fcf5a167
UNION_s1,objective,144,0.7107688249958396,0.7032800157666678,0.007488809229171855,2.4808462967314134e-05,20912d84d0c6feec77f3193ae75affe22d746818e19b17d80efcee803bdb7bdf
UNION_s1,objective,145,0.7107688117305825,0.7032799176467714,0.007488894083810999,3.246200878648066e-05,35b2f9d80311e8dfdf2732e3f265bde7fdae6edec4a296cbebfe15da90d10141
UNION_s1,objective,146,0.7107688047317519,0.7032797929157916,0.007489011815960257,2.429529850195177e-05,81c5a4d380aeca04c22083e8b8faa67fa44ceecb7175f772b93d7003051359c4
UNION_s1,objective,147,0.7107687992325424,0.7032798116680226,0.007488987564519923,6.174635717724255e-05,93fa1d34d2a25fad4ee555ab5f6d774ebe2939a0bb925a6ed7a5f8fbfc3b65af
UNION_s1,objective,148,0.7107687858174297,0.7032795482964496,0.0074892375209801845,2.1146134255902366e-05,057d38fe2a5a5b0c86908339d719041840f079fd0e1b3def7d1e8caf19ae2d7e
UNION_s1,objective,149,0.7107687801711289,0.7032795607530434,0.007489219418085491,2.6500536950296326e-05,bced1a4eccf19570d16d19e6231783331504b94a52e6da7b6a87fdd4ff294e7e
UNION_s1,objective,150,0.7107687694470479,0.7032796823663856,0.007489087080662343,4.2299848486838586e-05,6fe06509337dcaccfa4a3af41f4660d090a3e13e99c8f48deb89b5655210c415
UNION_s1,objective,151,0.7107687623443464,0.7032799385882001,0.0074888237561462866,4.488304532143182e-05,03f72b66176ee757dab09106d5d2d7dbf900e3604d7fd07adbfd7e2e88d94619
UNION_s1,objective,152,0.7107687541009488,0.703280122945533,0.007488631155415706,2.7280350598773276e-05,1706d55fdd0ff4242f5ee228da712fd5472cc82860b2fd2c373bcd59b77e24f7
UNION_s1,objective,153,0.7107687498318808,0.703280209130537,0.007488540701343797,1.610245747763821e-05,4ab87de5afc0372037865f0e68125b47f1fe7c8deb19d5e8f9ad0c138aa24304
UNION_s1,objective,154,0.7107687461555022,0.7032803771335472,0.007488369021955009,1.91337151179571e-05,27bc78852548479b8015203221ccea56cdaf78124bbf0f384c6db9da4425652f
UNION_s1,objective,155,0.7107687427377049,0.7032806011318261,0.007488141605878775,2.3070544438729672e-05,e724f13db62ad1aa88f39fe9e5bc44440a15abce36ac52f54722f149b37f2159
UNION_s1,objective,156,0.7107687385299538,0.7032813118847199,0.007487426645233933,2.4741687831671915e-05,42f869621462fff70b26e42c2de36884eb6ee924b486e831915f3da66a8d4e2f
UNION_s1,objective,157,0.7107687336347197,0.7032817445901024,0.007486989044617301,2.1153083203186212e-05,6ed293fc2b51902b32451b67d2ce0f59e158bdae7d48c8a5df90b71d90cf07cb
UNION_s1,objective,158,0.7107687298340829,0.7032819035409691,0.007486826293113763,1.4476980570455352e-05,f575c83a5b2c4fecda290251e4d0e19e14cd8c5a419b1ad4f153bed832dbe1d0
UNION_s1,objective,159,0.710768720042209,0.7032829557034176,0.007485764338791411,2.0749192093247475e-05,e74e4e0fcf42a8f0971b6a5a980a59f706e6c07b5b7f97df82bf9fdd4742fda0
UNION_s1,objective,160,0.7107687151217545,0.7032836722537756,0.007485042867978868,2.3058549005824927e-05,da32f465de67b4e17844145dbcba7827f1164dc4acfe7eb030f6e2fe6fff752b
UNION_s1,objective,161,0.7107687255664201,0.703286008644811,0.007482716921609125,0.00010073274651070481,688ff6e8a5b7ad12b3ce95e6248a47c5f78a5b476288f272f1aefde043a46f22
UNION_s1,objective,162,0.7107687118916477,0.7032844299565122,0.007484281935135545,2.214455937392999e-05,0bea73f5a073ae592a9507af92ee6b183094cc2896a3261062a21e4829559d06
UNION_s1,objective,163,0.7107687083834054,0.7032851279394093,0.007483580443996143,1.521924674061072e-05,ad71b79a4a9447c3d67d9e37bf7fcb7b2058e579a20c2095771b287f4b1f0ae0
UNION_s1,objective,164,0.710768706015584,0.7032854602055643,0.007483245810019742,1.618864443658943e-05,f40c056907e26107bb6d3a5c655dd4cec10038e6e60675cffe3279c366b3b5fd
UNION_s1,objective,165,0.7107687018011467,0.7032862286682426,0.007482473132904028,1.5548128862014e-05,5b5c0ebb58f7aeed815d67ee57cdafba67f5566d8c3134cdfe963d83e494a261
UNION_s1,objective,166,0.7107686975738591,0.7032867085726665,0.007481989001192554,1.652842824226245e-05,dad57c71a5a13138bc51411acebb7db58342807bead9ddb99b0fb594977da678
UNION_s1,objective,167,0.710768685696647,0.7032887480516574,0.007479937644989559,1.676069329933873e-05,71021a06dfb19e07bf82e2762cbe4eaf2780c185f5d14d2c0c88fbf53e8d0e77
UNION_s1,objective,168,0.7107686758395582,0.7032917331142666,0.0074769427252914826,3.143064520759356e-05,24f9274f51d60d21bdd975697e68d578a6b89de365302b4c16a590229f3f7b07
UNION_s1,objective,169,0.7107686773399206,0.7032943616233633,0.0074743157165572,6.241130972725117e-05,a79f846edac39b58388efaaa48b54e9f63dd9bba878d417f2719f9b47108c13e
UNION_s1,objective,170,0.7107686719375561,0.7032929363921115,0.007475735545444562,2.7136194696135955e-05,9cb2cb9200802a1541b06a6b0807139723f392ec208112b16960dfda2378a53a
UNION_s1,objective,171,0.7107686691255972,0.703292901450684,0.0074757676749132515,1.1979970441748817e-05,1a0b57565309719dfb09b2f335f909e47f87f65ac57721f7e56ea3cc4e4501cc
UNION_s1,objective,172,0.7107686679187281,0.7032930624739763,0.007475605444751793,7.492778572197346e-06,e3a5f10bbf4b6f9810c418740e7f425f8f016c59efbb9f7c5dc7cefa845d5b22
UNION_s1,objective,173,0.7107686670389101,0.7032932834465102,0.007475383592399855,8.578012475252695e-06,01d9ee00058c987117c60db469209bea790899577d6a683733ad2e6c5100a1cb
UNION_s1,objective,174,0.7107686651820674,0.7032939580352742,0.007474707146793207,1.423960575689157e-05,860314fd128ed558e886405e3cc15bd04e6dc5dc2be724e4a4433a1b6e6be6a4
UNION_s1,objective,175,0.710768665917064,0.7032945209601674,0.007474144956896618,3.8620937281554554e-05,8a9615d791683ae1b5dafbecdf5364ec141f1794e0d9906e4b5ed1afd90bf7ce
UNION_s1,objective,176,0.7107686643294114,0.70329419497063,0.007474469358781439,1.4854794432979792e-05,d7e58ed4a6656837b63b5dbddddbf63945b6191c6db3489a3cf1f11646f3a9eb
UNION_s1,objective,177,0.7107686632957249,0.7032944596553198,0.007474203640405054,8.840978970193896e-06,9f28190a02adb299a06d71c025ea12688185027bb7527967a432a26fcc71c153
UNION_s1,objective,178,0.7107686621911776,0.7032946576896909,0.007474004501486744,7.677352827837167e-06,c83ada54395703c443c30df1d5203fd37a7dee244f239083a44e63e9f38a8ea2
UNION_s1,objective,179,0.7107686609994907,0.7032947295935358,0.007473931405954909,1.1210095330410213e-05,e2df65fb0bf7d4d103a3aca00ffed7dd13878ffc051436bd9586c953eb377614
UNION_s1,objective,180,0.7107686595849136,0.7032950359876455,0.007473623597268136,1.0434943123741825e-05,c8efe69b2336df8c589eb886507c76f68d5d12824b1c1505025e9b214324ca7f
UNION_s1,objective,181,0.7107686587041984,0.7032951660794188,0.007473492624779604,9.321807390450959e-06,ad927aa97f8c823cd1e2e58ed86306aaf1a09d7b8921fc83e7a485eca6a41ccb
UNION_s1,objective,182,0.7107686581914314,0.7032952885623344,0.007473369629097112,5.491761019769591e-06,413ee3b07f0fdf986ff2ae910db8bbf4436e1855f0335be22e7e877720b9b917
UNION_s1,objective,183,0.7107686577201852,0.7032954859008893,0.00747317181929588,6.1434676972903025e-06,3be9e6a3af1616e49385f2d12d116d84c77041e5dfc93b6b5615e754ed672a13
UNION_s1,objective,184,0.7107686573868365,0.7032956654682835,0.007472991918552963,7.035678094655717e-06,a3e8dac0447cae4418730e141f66f51f72ee43acf2777887a90ead47f85ac330
UNION_s1,objective,185,0.7107686568813022,0.7032959820780631,0.0074726748032391075,6.087156882816811e-06,5dcf82780ac99306de3d7d02cfaaa3d28a6d1e18f4af7711e4eba0a5fb6aebda
UNION_s1,objective,186,0.7107686566006086,0.703296020166799,0.007472636433809611,4.093869587681242e-06,8ac13ca307c3fb22bca00f20c025760052f1e12d3cc6e556bc2d0f119d8004ed
UNION_s1,objective,187,0.7107686564313141,0.703295972455385,0.007472683975929166,4.43364337259519e-06,d8d23250940650d458b17efed8f57907dcc278bda42e5107616631feefbb8df2
UNION_s1,objective,188,0.7107686562215201,0.703295881392477,0.007472774829043123,4.606602234971369e-06,982fefa936bf6d9545dd4721097fb6d82fd7b45c920e6a383a1d0b32c29de0cd
UNION_s1,objective,189,0.710768656069042,0.7032957599775821,0.007472896091459933,1.5017458619961615e-05,dad75ef6f931b3e892bddf800e04cb03c0112446f7b53932d59edcf901978168
UNION_s1,objective,190,0.7107686557560159,0.7032957821631939,0.007472873592822028,7.172035471496589e-06,4c23af252ec0bb9fae0e66a983aa58498d36ab9c7cd97f83efe36007f61df11c
UNION_s1,objective,191,0.7107686554395154,0.7032958183739831,0.007472837065532278,4.361438445200043e-06,626f20cba7dbd98e1aa12efad6bda8ace2caf0ecb70b0255c558837172f62f0b
UNION_s1,objective,192,0.7107686552540844,0.7032958279738982,0.007472827280186139,5.857575249849952e-06,5580d4e5250c1dfdd9f30ef84593f3f83da2a10aef01aa7177976396c253b4ae
UNION_s1,objective,193,0.7107686549456954,0.703295781845747,0.00747287309994837,4.58675286716853e-06,3081598905ccc23caa8c3a05fb2b8f210364da0e615e877f6ba1d7609b6ed907
UNION_s1,objective,194,0.7107686548987234,0.7032957491194088,0.007472905779314607,9.690229909975906e-06,0fa0047b0bd55297514beb33669fe18a3c29275fc28d02f11da4dd739c1bddf8
UNION_s1,objective,195,0.7107686545476481,0.7032956916531568,0.007472962894491407,3.0991377663875456e-06,c1940fe9391fc82d0bb978ff25892672f66680a37a0e1157575b8c3e9ec2dae5
UNION_s1,objective,196,0.7107686544240018,0.7032956757480964,0.007472978675905515,2.90002603092768e-06,53c0706b18e083ebbc2ba3f4b1b10e4d7d1896ba9a0214ffb45da9a3e8a01a5a
UNION_s1,objective,197,0.7107686541736794,0.7032956700013416,0.007472984172337755,4.340829508298984e-06,c1eb913765cfc0e4c36042c4d9c8c9fa981b57d6850d3f05ebbbb0841af799d6
UNION_s1,objective,198,0.7107686542316628,0.7032956279047893,0.007473026326873558,1.2995416534507176e-05,ff537dda1cad136f9e9fafe9d6f08b9f304c1dada1bd3db98d5d576f78d65800
UNION_s1,objective,199,0.7107686540584103,0.7032956509526483,0.0074730031057619545,6.111319957281106e-06,59048cfce6ab92f68f713507691ebdbbadbae445398d649a5993fa13db09edf2
UNION_s1,objective,200,0.7107686538638323,0.7032957049486063,0.007472948915226024,3.816947100270783e-06,ee519d83cb4869adde1f671d7083f627297282520346d636657b36c7931801f0
UNION_s1,objective,201,0.7107686536537916,0.7032957558923043,0.007472897761487271,2.712213812015366e-06,f0b94889aea69644f50d9cd08745ec253f963eff7ba430ce015c9f8de939b665
UNION_s1,objective,202,0.7107686534217927,0.7032958220544747,0.007472831367317969,4.3439850260655755e-06,7b53be1f5f133291c8625f06327edc6fe3a0e12b97ba064dcb2cfd457c260062
UNION_s1,objective,203,0.7107686534456016,0.7032958792719998,0.0074727741736018176,1.3224731966748878e-05,9afb35b20bb2b9df1f556d6e272b9c7f8a3ffb77e22167be885cae977e3dc330
UNION_s1,objective,204,0.7107686533274896,0.7032958489543503,0.0074728043731393775,5.91246822137512e-06,de1bf0f12e60e632f61bcaf1f876501086eee4020ff90bb656c99af54f75f9d6
UNION_s1,objective,205,0.7107686531975435,0.7032958629410488,0.007472790256494652,3.442792852718965e-06,84fe93b2bd54d7293cbb6e00308256f20493b607c545bb9d10bb9fb199aa5424
UNION_s1,objective,206,0.7107686530697177,0.7032958599681566,0.007472793101561096,2.627845950059312e-06,717352c6626fe6d0a84088f16e01595b62be5f22dee4e25e867e65a352d32c41
UNION_s1,objective,207,0.7107686529474957,0.703295853969477,0.007472798978018677,2.940267321211215e-06,9509ba2951642bf080b637c8edf349265b9d6c44b67af63317925b918ae0eff3
UNION_s1,objective,208,0.7107686527907522,0.703295847164399,0.007472805626353245,2.6235286708628157e-06,6ea3b578da786881c31c4500d31e42b9d17bb729997a47efa4fae6466ff9acc5
UNION_s1,objective,209,0.7107686528274424,0.7032959008561002,0.007472751971342199,7.0679457954465015e-06,47a5e6f620d53fc42dfa6ab79922f1329683dc3493714d3664b269486a5c618b
UNION_s1,objective,210,0.7107686527298254,0.7032958707885493,0.007472781941276054,3.1192874007833534e-06,34421d5022f531bcc92dc2494db1829ae04fd0dd6b6a4a28312f37bfb8147641
UNION_s1,objective,211,0.7107686526609032,0.7032958621979195,0.007472790462983699,1.4749812726204572e-06,36a19bd7fd54ad6a911df94953de4f0753247009ff8640c943f77f31a1cf2c63
UNION_s1,objective,212,0.7107686526190317,0.7032958549436179,0.00747279767541378,1.7473023249058117e-06,7b5d877043e8f0d5a984e65d6948e51bf5a5b61c2fbb6e80684a69451e5ddb00
UNION_s1,objective,213,0.71076865258378,0.7032958536894448,0.007472798894335125,1.4964311782539873e-06,98b4357ab209305e54a3700b51f3a401c0b81fd8d560237cba77ec5a4f58946e
UNION_s1,objective,214,0.7107686525636656,0.7032958476762845,0.007472804887381104,3.541172724117799e-06,d4608964fb88d4496077df2cfe0d364137b79e8109e952d96841e2501d2c3274
UNION_s1,objective,215,0.7107686525285901,0.7032958451317493,0.007472807396840901,1.3760801992718935e-06,625452228607a3d9d53c685265774ca53d3da86d38cbf011c29cd64dd714a929
UNION_s1,objective,216,0.7107686525063283,0.7032958381681798,0.007472814338148487,1.2295870721258305e-06,2999051a50dbebe8a64ad79f3fb4789ab8ced31e52ba52598d340587af1d5735
UNION_s1,objective,217,0.7107686524931903,0.7032958310297572,0.00747282146343307,1.4772343544622063e-06,31ddaf189a0da58b3f324fd74b26cceede22cf06831bbb6c14adf67298e91588
UNION_s1,objective,218,0.7107686524807492,0.7032958180399709,0.007472834440778254,4.613894305488772e-06,ba6d6826249e1079a90a7fe41dae9a8b803fd40ad92f0119bd05dc7928dbc3d0
UNION_s1,objective,219,0.7107686524540011,0.7032958070720798,0.007472845381921306,1.3216328117538194e-06,42305ad7ad90af8aaa82e5cfe777b367b43eae559a88f319cd38a696324a58c7
UNION_s1,objective,220,0.7107686524465482,0.703295806002246,0.00747284644430221,8.386134060336449e-07,40b71b87f2e057553ea25bd9426b39af29e8f5b71bdfe7cc525b2b5e261034a9
UNION_s1,objective,221,0.7107686524397396,0.7032958037637456,0.007472848675994125,9.227833428446756e-07,4533f8ce59ec97fafbd3e82fbdd178e303210a5c6c1bf39d52246a91ec779eaf
UNION_s1,objective,222,0.7107686524276804,0.7032957984697882,0.007472853957892263,1.1791486725326004e-06,878649c403eaa712d679746cb8954344bd30763a9b422f47a60655f6190750cc
UNION_s1,objective,223,0.7107686523961605,0.7032957779339171,0.007472874462243394,1.4575187140554145e-06,b567db501a00d70195643a7acb6acee3e2283dee29fc9f2c849e3c6948794034
UNION_s1,objective,224,0.7107686523934543,0.7032957440033102,0.007472908390144189,3.636209222315971e-06,14b0a3c2082f1619cf996bd19bb674424a8f60d1e3a43c8aaf786c7d29f1765a
UNION_s1,objective,225,0.7107686523535051,0.7032957340895649,0.007472918263940139,1.3356350532591944e-06,518c99cdbf89ae89347c28702bcf26dbf72042346c43cab401e35294f1ac00ef
UNION_s1,objective,226,0.7107686523385557,0.7032957263595675,0.007472925978988159,6.700999816137945e-07,267cf2017e942513ab0e6cbf16776befa4331374a52bd64a97a97ae027b010e5
UNION_s1,objective,227,0.7107686523224909,0.7032957088426853,0.007472943479805509,1.1501041915798803e-06,272300e0d708161788dfd60778c3f870f716c83d51a758b21284a3f8b539b001
UNION_s1,objective,228,0.7107686523064091,0.7032956868346053,0.007472965471803724,1.309624980998337e-06,5bae023d11e5e3856597b07e5d820557152f536d796fa72bf55c876222fdcce9
UNION_s1,objective,229,0.7107686522777007,0.7032956383302356,0.00747301394746518,1.0684900134352848e-06,cc0d7d2eab7f0387861e409be1fdf39045756c4585598555288c983f3f6a47d0
UNION_s1,objective,230,0.7107686522701311,0.7032955765721538,0.007473075697977285,2.497796021051202e-06,50bbde1071fffe71bde92455665be05d971110e7e2c6eb683ca3c407120dd3bf
UNION_s1,objective,231,0.7107686522608183,0.7032955893349807,0.007473062925837618,3.1475515445906404e-06,3b1846bdec8ffaddb1f283c59b5fba46fb3544272a333bbee056be678d50fe00
UNION_s1,objective,232,0.7107686522484058,0.7032956001131219,0.007473052135283971,8.079496954493661e-07,266c125e67a64c8a97363b5cc298fc65f71fcedc308bc64f8db69b82e9214891
UNION_s1,objective,233,0.7107686522443861,0.7032955981733897,0.007473054070996411,7.214628562521765e-07,ec85841f5eca30ba640ea33aba47346f001582df4046e880a4c7f5777672ca47
UNION_s1,objective,234,0.7107686522325513,0.7032955810576551,0.007473071174896141,1.2181798448904453e-06,27524d6a0392d2db7ba55b27dfa8ca3d7655711b45293ac28073191ac6cfacaa
UNION_s1,objective,235,0.7107686522234334,0.7032955588909613,0.007473093332472121,1.0384261602740532e-06,40156a5d62a975c040af430a138c28c7ecc4a42e1fa6b3af909aee115606c57e
UNION_s1,objective,236,0.7107686522101909,0.7032955227749701,0.007473129435220861,8.17377966531553e-07,99203d0cd7dd88baa5575cb242f624bd00da4b4759352f20792b0db20403ff24
UNION_s1,objective,237,0.710768652216113,0.7032954924115298,0.007473159804583131,1.9977714449824853e-06,8edb39b3f17ed3826f73f76acd79657e53eb28dcc279fe1e7e0dcb758a82ab31
UNION_s1,objective,238,0.7107686522043773,0.7032955102241475,0.007473141980229821,6.184205906545606e-07,eb97019f96a8bf7cd55379933ba72cdbe161875d869274922456b837723b6a7f
UNION_s1,objective,239,0.7107686521996658,0.7032954978938695,0.0074731543057963284,4.4000270652686507e-07,a90503780b2be65da403ef970a6082d691beab9d3120087b383a9660afe5d273
UNION_s1,objective,240,0.710768652196855,0.7032954943780224,0.0074731578188326295,4.5876217566196987e-07,a612eb9afd479b0273854eb1ccd738d12e7630fee3fffa1d918ce7a7e33a3b85
UNION_s1,objective,241,0.7107686521953234,0.7032954895518599,0.007473162643463371,7.703756609523384e-07,53ac5bd9f7be499e4600d104e9b036f7f60fd3409d98ec5d8290807120716d65
UNION_s1,objective,242,0.7107686521932248,0.7032954918290166,0.007473160364208242,3.6734671533928e-07,91773f51260c04dc9045ef7fcff07b006a11b6a9e9a311954decbdb785ae265f
UNION_s1,objective,243,0.7107686521911689,0.7032954926207318,0.007473159570437196,4.735684276713154e-07,d92e818f566d5c74d1ff96cee5c098fa6ca1d49373dcb1f8532379e320a32b0c
UNION_s1,objective,244,0.7107686521887687,0.7032954919346739,0.007473160254094848,5.307873588124594e-07,c79f80d7ba35d12913e9d5dc83f40d38bf3558ea3fec683d33adfa3a4d7679fc
UNION_s1,objective,245,0.710768652189948,0.7032954783119704,0.007473173877977665,2.579787417122302e-06,fc16f0f520c1e7c773464d04061701f0337ebc76deca07fd118f80c545ac306b
UNION_s1,objective,246,0.7107686521870236,0.7032954859954497,0.007473166191573879,1.299299878972409e-06,7543f56b963d71d3932997a6be5f1855e4b261d319c2711239c8255f76cf0075
UNION_s1,objective,247,0.7107686521834253,0.7032954855415453,0.00747316664187998,6.497958677496424e-07,3be5df6b32475c0c2fa15813d420707d4cd2c9746810f77900df589a0b9e04cb
UNION_s1,objective,248,0.7107686521811997,0.7032954830453513,0.007473169135848355,3.3139492844456115e-07,a02b9483033339fcf0cf2eb26a1d6d5238629630f37f2de0a8dfca519b1249ad
UNION_s1,objective,249,0.710768652179841,0.7032954807383707,0.0074731714414702655,3.671172788456866e-07,c150c7ed940bf0cf1c522d6268732c410eaaa2bfb2db2e5d268971bc79c7cac6
UNION_s1,objective,250,0.7107686521780959,0.7032954791116539,0.007473173066442013,3.9035984338109084e-07,6a6aa8269a20db689e0dacd69ff4632224cb386f4001e254f705fc7ad7e95d63
UNION_s1,objective,251,0.7107686521742803,0.7032954754446948,0.007473176729585504,3.490222753447983e-07,97aa9e718f9c6b59ca7650171857566e5c008b30288aa10281fd797009b41f5a
UNION_s1,objective,252,0.7107686521733135,0.7032954743838766,0.0074731777894368485,7.922550839369631e-07,5c5246db5fc115ec9cdfdc695d1ec3382c700abe72cb24e15c937c6100d82d5a
UNION_s1,objective,253,0.7107686521702838,0.7032954764736866,0.007473175696597199,3.8836462364073744e-07,d6c1490cd7987c696578a63ac5adfb1d09a6775b4e4c0021a43c30f794329cd6
UNION_s1,objective,254,0.7107686521692668,0.7032954761461362,0.007473176023130632,2.358384669703635e-07,2242b01670fad44682a2e8395ecf5bc9ceec375fd6b0cae636376935ee5c1a24
UNION_s1,objective,255,0.7107686521681031,0.7032954756531629,0.007473176514940324,2.1310495503154732e-07,525e7d251f8041bb5483509b4be0dec417de7fd0722f934464aeccabebd742c3
UNION_s1,objective,256,0.7107686521671102,0.7032954736578025,0.007473178509307604,6.61225337868848e-07,c16ff7a621313c9c24aaa56615c8469bb604a65c6a271ec48e3cd67647367fa4
UNION_s1,objective,257,0.7107686521656128,0.7032954735728606,0.00747317859275226,3.72725603159641e-07,a63657b518a20b2da5ee2036116e4c8865f1a2b3d121ddb7a0511f4bbe6bc57e
UNION_s1,objective,258,0.7107686521631882,0.703295472721448,0.0074731794417401635,2.755069861762268e-07,9a043d8ec1a91c5c6debc6d5484f366d6431e8aa97b897aad3032279a1f36390
UNION_s1,objective,259,0.7107686521623102,0.7032954721357132,0.007473180026597054,3.1751973050043503e-07,9786ec0651e531c64a83a71ce3da92e4da029c356850fc67c120326bc5b305a2
UNION_s1,objective,260,0.710768652165222,0.7032954726860386,0.00747317947918339,1.7467818531448802e-06,e18cf5e88691728f0c787bdb573fc7cf4ce7745d21a571fd6e9291b1e5d20100
UNION_s1,objective,261,0.7107686521620992,0.7032954722484742,0.0074731799136249,3.022998662693526e-07,40bbb8dc656bc45ed7de194ca85145d0e3767668737860fb932b6f138e3cf591
UNION_s1,objective,262,0.7107686521617806,0.7032954721359559,0.007473180025824788,1.7366679652976378e-07,f97f0b607c6e0d1bcf6b1335735a6a66d89f4ee087fda75dad143a4aec0d2322
UNION_s1,objective,263,0.7107686521614685,0.703295472585909,0.007473179575559477,1.6244593324596063e-07,97e9e924db597c2228b7c0a1ba9521492cbc4360bb44094fdabb7d62378c37d8
UNION_s1,objective,264,0.7107686521606216,0.703295474741577,0.00747317741904447,2.611528676088317e-07,cd147955ab896cb7643dde085fd646812779e73e582e4edbc0af52beb453d84b
UNION_s1,objective,265,0.7107686521597332,0.7032954776186441,0.007473174541089086,2.718301906429135e-07,03937322e949def897fa90cdc3125e850e0b6a96f398c0bcbc1f3cad58dd012b
UNION_s1,objective,266,0.710768652159269,0.7032954858937804,0.0074731662654885815,6.974942117375133e-07,fc34f6ed51daec33725d8b0c1f9381685ac0a049241f485785e49d8c64d9aaab
UNION_s1,objective,267,0.7107686521577664,0.703295487402681,0.007473164755085393,1.7005610385644912e-07,198eeee1e8ae69a21a131e7642f6ba1091d12af3bd94994633263a2b2aac74b1
UNION_s1,objective,268,0.7107686521574623,0.703295487535426,0.007473164622036294,1.342212169362105e-07,58c50a116fbc28cae5b21bd8aface7c8bf419e39f6c86ea3810b84980bc1a340
UNION_s1,objective,269,0.7107686521570982,0.7032954891828824,0.007473162974215784,1.7747339636443428e-07,a7c2ecd14200d0dc9ec35d0b9494860931f83fd6f707010195770acf19a8d44d
UNION_s1,objective,270,0.7107686521565709,0.7032954924241864,0.007473159732384468,2.279214864168715e-07,fd57ad4b9e12d1d2445e3459ffb006a0d76ed73725917a67223a3ef5044e4e65
UNION_s1,objective,271,0.7107686521566297,0.7032955035439177,0.007473148612712009,5.897013242682899e-07,e3fd6588b27b6003c5b16b2805a64c66d883c1af4bb264b1cb2402ccf30fbf12
UNION_s1,objective,272,0.7107686521561551,0.7032954977999653,0.007473154356189894,2.9821889718429515e-07,215a9c193100d8ca7cb8134122e93c64e27ab9d88dd3b9be14659c5ed6d4adbb
UNION_s1,objective,273,0.7107686521556806,0.7032955022481461,0.0074731499075346,2.3077573323410248e-07,0be7c3a44db20dc7bffb652ba71a7cbb2cd6afd2dbe46d9a237fb60a1c40fcb9
UNION_s1,objective,274,0.7107686521553966,0.7032955044478291,0.007473147707567527,1.3400159476511805e-07,d48209ec3a48f2587a9a24c68bbbed6bbb7d4af710493b2ee1092142b5c2a8bd
UNION_s1,objective,275,0.7107686521551884,0.7032955053050673,0.007473146850121062,1.3654617243956955e-07,021b8ed36e5951be13e5dd9bc31d8666e1a1c6ca5af7508fe63b05573e9b801d
UNION_s1,objective,276,0.7107686521547879,0.7032955091305197,0.007473143024268113,1.2655895951180666e-07,bfa912dcbcc0a0bc17b2dba4155e3fa30858c591708e0a2c9f214fc167223930
UNION_s1,objective,277,0.7107686521541986,0.7032955139013186,0.00747313825287995,1.6221337140469135e-07,57e86044b463b751a864b075254521664890f7a8bb680d9756286b4588324413
UNION_s1,objective,278,0.7107686521534914,0.7032955218189348,0.007473130334556527,1.269980626239062e-07,9bf6f201ede44d2a4a5a719e9fc00e4d5c30cbcd5b494057a26d1440c4d6c352
UNION_s1,objective,279,0.7107686521528209,0.7032955312635236,0.0074731208892972745,1.3511645913972817e-07,121ef6b85298776613fc1cb5ed1c651fbd0b11e38b83ca00252409be6e4c94ae
UNION_s1,objective,280,0.7107686521528391,0.7032955359526873,0.007473116200151794,3.886432249921774e-07,ebda51f6afc1f1625da75c590b19a38534a96d9936d53b592b4714aeb0b7f57d
UNION_s1,objective,281,0.7107686521526894,0.7032955335321097,0.007473118620579605,1.5424447205540861e-07,dd20f921d7eea95fb52e751e90ed84bb877376b48b4d30101e801151b1c0e6b9
UNION_s1,objective,282,0.7107686521525693,0.7032955347651695,0.007473117387399824,8.683406429220305e-08,0a5536ad76d99141e89bd30f4b662128716415a6f90e84b99a65a14e1ee4af4a
UNION_s1,objective,283,0.7107686521524786,0.7032955357092104,0.0074731164432682,6.803940837879134e-08,32b94a3fb00ce3f12f47efaa8b6c34c4b7cbd83b8ddaab1f5897f001393e729d
UNION_s1,objective,284,0.7107686521523341,0.7032955383306545,0.007473113821679549,6.646821391150092e-08,dea491b47694aa8e69868bdf4d098d46e22127986d2214c72e3d157cd580f5b5
UNION_s1,objective,285,0.7107686521522785,0.7032955440546549,0.007473108097623546,3.329649229253958e-07,80ea84331e8e432f8527e4616a98fe87074a5b2a6dc2c75691518ff06988adfa
UNION_s1,objective,286,0.7107686521520483,0.7032955461645483,0.007473105987500046,9.889124531939784e-08,c3e35ca3b9e6c405f8ef8115593fa12ac830188eb8da4da74bc84e96d7aa55cd
UNION_s1,objective,287,0.7107686521519513,0.7032955467789652,0.0074731053729860325,9.388890387493913e-08,88a4a33376b0e3401b344b1474a0d486176a9f3a8bd0bea7a8d29b3c5194a510
UNION_s1,objective,288,0.7107686521518365,0.7032955490021134,0.007473103149723099,1.0029149664691341e-07,407e1503e465e11c495cb8385bca964cd287f6603f4ff3a86ee1ec874a6e976b
UNION_s1,objective,289,0.7107686521517221,0.7032955505174314,0.00747310163429068,1.5602602204931447e-07,f2a4a23052da50737f246e72db455364eb99acc54bb5920cc7a65819e0b104a3
UNION_s1,objective,290,0.7107686521516152,0.7032955535017236,0.007473098649891648,6.510346813355523e-08,87a5fc8bea15bbc54d7f547c21c1110daefc31565f92f1c9973f56c37aebaf06
UNION_s1,objective,291,0.7107686521515704,0.7032955539985403,0.007473098153030101,5.5813760161594764e-08,ee76dbca628a13d1bd4a5f30d386bf247ff3078772b4136b65129343aa7a4ec1
UNION_s1,objective,292,0.7107686521514902,0.7032955545449702,0.007473097606519986,8.570663263994041e-08,d34236a1a81143cbc1e99040af27a53cff461dde43b817de1978d9003c71f543
UNION_s1,objective,293,0.7107686521513955,0.7032955554617735,0.007473096689622,1.1495349807403999e-07,153b8d247c1e01dd75e8fd943a21aebef07009e1b237f9994ae954388258b4c3
UNION_s1,objective,294,0.710768652151344,0.703295556554137,0.00747309559720696,2.399872735674069e-07,ff7e3206717619dffaa0864570b90778927134248460638fcc573ff662fea0aa
UNION_s1,objective,295,0.7107686521512079,0.703295556644105,0.007473095507102805,8.090068969075487e-08,a57eee865e420f7496900ac400841b770b9f5e9f0c0fa702bdb56616be9322f3
UNION_s1,objective,296,0.7107686521511589,0.7032955567868924,0.00747309536426659,6.372769426991081e-08,bab76621897573112d726e760b593c86dc1798b28bc9d3490b33a3497c55e80a
UNION_s1,objective,297,0.7107686521511118,0.7032955570616627,0.007473095089449142,6.799815097707589e-08,7bea30e5fafafcbe328b7d68d845968ab5cf775091ab0ed50143b34f2293a5d4
UNION_s1,objective,298,0.7107686521510703,0.703295557841102,0.007473094309968366,1.3420728685670864e-07,a7349c98eb8950f6af199ed4bb11e1d0e9f7e47a951f69acd7132ffdc17a5264
UNION_s1,objective,299,0.7107686521510259,0.7032955578755429,0.007473094275482992,6.220300475136308e-08,07e2a20be8458a554dc56293fe175d6a05f00ee17ec956b2f4dea1d7a6ce8bdf
UNION_s1,objective,300,0.7107686521510005,0.7032955580278307,0.00747309412316979,4.009456827538105e-08,34ec37c3b9a57f6ae9d66acc41e33524fef975cd0e42bdd272a0fca8465bd1d5
UNION_s1,objective,301,0.7107686521509744,0.7032955583363574,0.007473093814617065,5.14110938848504e-08,645d4c39dd1689503acd9ed06e3bc220e69b220af505e41e1bea37e08c8b8eaa
UNION_s1,objective,302,0.7107686521509383,0.7032955587815723,0.0074730933693659424,5.349532619360083e-08,4317125faafb2571ffed05b185c25f5b39016fbefff125204b4f7e878f4e83c2
UNION_s1,objective,303,0.7107686521508667,0.7032955599363706,0.007473092214496136,5.997119355849434e-08,41bb7c2974e5be6bd55564cf0a474cc3aef8a1cf8028a1c6194fa2d641f4f480
UNION_s1,objective,304,0.7107686521508396,0.7032955615276179,0.0074730906232217936,9.230571788201616e-08,79863a6ce9a84570bbc438b94b812ba56e0f0d6c1946237483a6a68230a34069
UNION_s1,objective,305,0.7107686521507817,0.7032955621140454,0.007473090036736289,5.5549029080520715e-08,511b7392f8d14353d8acdf9662c4e0a340bb7e830b0ffbd55ae36aca0bf507c3
UNION_s1,objective,306,0.7107686521507568,0.7032955621491076,0.007473090001649162,4.728689357736994e-08,53f39be834ab4855019ac927955d335a354b7d4a61cb61e3ca016b301627d082
UNION_s1,objective,307,0.7107686521507414,0.7032955624013466,0.007473089749394728,8.811311270609554e-08,3d04b61be8ac63de3494fa6538f6d44d6e2d0b4bc7d6c5883d7fb92730f8712a
UNION_s1,objective,308,0.7107686521507235,0.7032955629000487,0.0074730892506748026,3.618990360386499e-08,ea9dee729c5a3db4614b7f715ef548837a55e9f09a926a808c762b0909be74d8
UNION_s1,objective,309,0.7107686521507093,0.7032955634618967,0.0074730886888126295,3.979280542143397e-08,394572e66f7941ed5d35f54d9f19cd259fd9710064a2f1adca189e1680ab5ef3
UNION_s1,objective,310,0.7107686521506911,0.7032955642677278,0.007473087882963272,5.58741721716322e-08,7def04c0bc7c3adfb4dee9bcfcca902ce4a2f2d68490d817b8afddce200fd6ba
UNION_s1,objective,311,0.7107686521506672,0.7032955652674879,0.007473086883179315,4.561138017501449e-08,bf3a1b934b05320901bce280231bac4e6cb80dc989bf97116d6bb263377effb8
UNION_s1,objective,312,0.7107686521507051,0.7032955672536828,0.007473084897022293,1.7985103323366058e-07,81944a2105737f963a0ce52717acf8e14f276caf17b8edc5a60c128c0c123b3d
UNION_s1,objective,313,0.7107686521506518,0.7032955659625069,0.0074730861881448845,7.330886477289982e-08,50b8f2d21f1771fd608a37dddf7c1e20109053db812428ac9942a9ea6a7748c6
UNION_s1,objective,314,0.7107686521506296,0.7032955664723974,0.007473085678232144,3.2714475103452515e-08,e3a6b1200efd2b98ace0a050d36973cfad69f8426696efee267f0fc67a1aa44d
UNION_s1,objective,315,0.710768652150613,0.7032955666590031,0.007473085491609953,4.270500432097221e-08,0926564f180e9a460acc1ac9090d4cb13deabfe5316e6493af6e087af3afce5c
UNION_s1,objective,316,0.7107686521505986,0.7032955668142665,0.007473085336332024,5.0034931646086397e-08,1c6fb94ac67e40f125c24bbd2dc49408c56f103f6de485818c5519cc8602fc12
UNION_s1,objective,317,0.7107686521505586,0.7032955676836854,0.00747308446687324,5.97769131271074e-08,a4bcfd57dc528e3a640499b1ee9bed074a47d73658a74429cb8966c00081516f
UNION_s1,objective,318,0.7107686521505525,0.7032955692610825,0.007473082889470013,1.281828090117215e-07,11c3c0798c4acd0192d944470808e397bdfb2e6907d5cb1724970cc4fb3a372f
UNION_s1,objective,319,0.7107686521505072,0.7032955692405789,0.007473082909928313,3.1103002541480275e-08,e4352214dcf831487bf17453a64ab05d53cc3ab17af0ff4f96c6dcfa3fccde5b
UNION_s1,objective,320,0.7107686521505001,0.7032955692688497,0.0074730828816504105,1.7062492226092293e-08,19ee68c5540caaf977d7d8d74f31ca00e1aba349ee53077e2a898afd99adb9dd
UNION_s2,objective,1,1.3857607605189974,1.3857607605189974,0.0,3.3098638987370257,4b39c64bbb665b6806871c126c8edca4d7c9046530c00f64a58a52579a7f1f2e
UNION_s2,objective,2,0.7954311758925012,0.7953811758925012,4.9999999999999996e-05,0.10933562934526632,6c04b76e23716ae23d8dbecd0b00886eaccfe1e74b1948913e492d7a946a391a
UNION_s2,objective,3,0.7920764985117743,0.7920280069026983,4.84916090760406e-05,0.10239804606372513,bd3b446800f26db7406e953c7338cc8712b501d3201fc12f042460b56c03c973
UNION_s2,objective,4,0.7810884106834289,0.7810449483781864,4.346230524258795e-05,0.0734657660083588,9468c02325d6bf8370e0547fd3d3c6c7c4e421febdfad77ffaf6d514c61ae375
UNION_s2,objective,5,0.7681344681215616,0.7680923246299318,4.2143491629837067e-05,0.10112663895014147,070fd7a5566d324af5f0ae2ba5a41d37b2316c760d63f378022565d00c1bff8e
UNION_s2,objective,6,0.7619527713094804,0.7619062637129005,4.650759657982881e-05,0.0510398736953757,3281e0e5f4889ab63d8a69c989b765723f2107e8b76222c7a4a85d1e885d7414
UNION_s2,objective,7,0.7550403096551568,0.7549767937036551,6.351595150171121e-05,0.032517415913313384,52aec94a23f2c672e8dccb1a36e320f0959122bd1bccf26689915429daf02429
UNION_s2,objective,8,0.7501040557912243,0.7500140921719823,8.996361924201082e-05,0.022385363514665944,a7e62a90879b967004f757e1a1a9314849f7183e7626d85f7c17660db7628cb7
UNION_s2,objective,9,0.7454824497643969,0.7453517135124231,0.00013073625197380324,0.022396114385439272,714dcd03ad3ad6f9711138caf88955331da511f71a86e871e599ed00a809c192
UNION_s2,objective,10,0.7410292246031169,0.740828054619187,0.00020116998392995513,0.01937961820633033,00404c9a2afe933d8b51e22a35a1f79c3f6a1a738412767a4ffeb08c8cd5ec69
UNION_s2,objective,11,0.7366182776506327,0.7362828308214849,0.00033544682914777506,0.029675454537190067,2df81a6ff6f009e676f2a8d27ccc6f0356fb7383d3347e72c77891535b5228f4
UNION_s2,objective,12,0.733903395508521,0.7334487514251345,0.00045464408338645663,0.01253899683170237,c119cda497eaccfe75e41eafdf06666f8c07827ffbdaa2a4aabd6f767897a8ef
UNION_s2,objective,13,0.7321110105628644,0.7315877129100671,0.0005232976527973832,0.015058161016522452,ce16146d51302682f6b802dd68fa86a4f7f05dcc1ac9f7a9b2f27805c96e433b
UNION_s2,objective,14,0.7299005368296779,0.7292853609978749,0.0006151758318030499,0.020470007795101563,bac7d42b313f536685b3cf38794463d9d9210ab9757012065ddd26a648a7aed4
UNION_s2,objective,15,0.7265518498014985,0.7257086637841142,0.0008431860173841792,0.01960428700550022,0bf666419d9ed341330a892fa40e5c068120eec480fd60003c59606cc66bba61
UNION_s2,objective,16,0.7213774791999336,0.7198146443146101,0.0015628348853234865,0.016524596028768282,39b6fc8a5bfda46a82ca9eb8ef7412471e47507efc5ad38cd443bb2d290c7f3f
UNION_s2,objective,17,0.7189503401548345,0.7166014100163398,0.0023489301384947417,0.012034544649945586,82671cde4b4d9ec54da8a45a5a4494a5d93a1f32706928d0aebe9379b562f6ff
UNION_s2,objective,18,0.7183700897586401,0.7159363704597758,0.002433719298864334,0.020385631881090077,124f07cc1d11e03510d8b6435e451ae11855b6b9132bb34939ea637dabbe5ffd
UNION_s2,objective,19,0.7177612864014655,0.7153817802101021,0.0023795061913634043,0.008944326881091216,541271ef7296fac8330e5742c592612b0ed931894b0698248e594de056a0c31d
UNION_s2,objective,20,0.7174368052227045,0.715058540672395,0.0023782645503093824,0.005045410456392404,aa8f4d7ed3462c7acc3f331ad8e9a5a255a3c2e843cb9c6dd66eab6318006909
UNION_s2,objective,21,0.7171977014069226,0.7147738752055114,0.0024238262014112826,0.005275936308995667,48111360ffebe82a89593e4b6118f8935f6bc142957dcf71358c7c22afe40266
UNION_s2,objective,22,0.7165928610381558,0.7140312871890725,0.002561573849083318,0.006198355241612729,4b1ecc53d732378dead218b84057592f0bf6212b4edb7bab768e506cf19c930e
UNION_s2,objective,23,0.7153160522948723,0.712396210921138,0.0029198413737342287,0.0074914749140718466,550d49665d9e6e0fc7ea21f454e7f9df2f38b93b803a12c4441b70c45e84c2f6
UNION_s2,objective,24,0.7264308478129216,0.721608717270417,0.004822130542504581,0.0986741485523696,cdb84dcf981c3f41c897b94f7a5a61102289dc40c626bd1709219bbd00ee703f
UNION_s2,objective,25,0.7150043243371598,0.7118470964841328,0.0031572278530269215,0.013552582018267041,e6962cb4478590f6134dec378601003b5af6656f29c76016bc2e2d39f1449cc2
UNION_s2,objective,26,0.7138246742455198,0.7102704904641328,0.0035541837813868973,0.00969875611798428,4669de421e9cbb9650dc0d6ca9cbd24a9aefcdf97b9ed3689325ade00f109e79
UNION_s2,objective,27,0.7127166567446996,0.7087874366403082,0.003929220104391407,0.005333977619130288,fb3602a8767782ac6fa76d4a877a5b1c86e8741913514125c952c88c62372394
UNION_s2,objective,28,0.711898489818304,0.7076160383722346,0.004282451446069337,0.004100022150048512,aa50aba1f6c873fb911b508e58903b832ffffa4d6c9b421fb1975f9c74cd650c
UNION_s2,objective,29,0.7112594169894139,0.7066550714292845,0.004604345560129315,0.00510180965098422,aec456c1d089f0257caf92c873719fa2a69a74a48c70f6e218b08fe990feefcf
UNION_s2,objective,30,0.7100409537849364,0.7044943258505242,0.005546627934412197,0.0069584655328294625,7afb51582e5d26b97e6f29c851df9dfc09f6ae6a80f09a1bdd54aa086338be7e
UNION_s2,objective,31,0.7173963149389687,0.7087813115146457,0.008615003424322983,0.06868598717070791,44ff357014a49fc848f8a38a62e33c45a725cfe204a8a5b50dcaf6f6d72194c8
UNION_s2,objective,32,0.7096799833458554,0.70368354165195,0.005996441693905334,0.013790531605604284,f4ea4be5008c2483843a25405a44456f058b980496f0d6f349829b2f0539a8fe
UNION_s2,objective,33,0.7089389197822912,0.7022878732807087,0.006651046501582404,0.0070837599804420845,d90859b94c06cb4f4bffb039c701a876d06723c03f5f9124c40dc14888d79a7a
UNION_s2,objective,34,0.7084564929847247,0.7014378292701103,0.007018663714614301,0.0037105355047882087,c6d8f43f8e69fd42682cc084016055d1f737aa63ad7f442e031f35a4e43834bc
UNION_s2,objective,35,0.7082444593404424,0.7012116486531025,0.0070328106873399875,0.0032618058127650987,4127549953e271864cd4e36dc72b690c934e478ded5407230495e241e5f03009
UNION_s2,objective,36,0.7079517211025578,0.7009129748769674,0.007038746225590427,0.0028989874716603284,01562486a429411d5ec027e752610eda817b7c254b31ad8e338b0c75c84cf525
UNION_s2,objective,37,0.7081943716588798,0.7005638175261937,0.007630554132686088,0.02035547397929055,8eb0eeaee6c64ea1e22fb56accbd650ab04730046b0d2b89a95870ca7d6bc18d
UNION_s2,objective,38,0.7077856015074708,0.7005229933872892,0.007262608120181675,0.00792767442420358,2fc75b34d2623293eaf027e0cf4ac0b666c95819578175487c692c227022a2a7
UNION_s2,objective,39,0.7074517773857668,0.7000535187725228,0.007398258613244084,0.0038672063155392507,d4cc4236635509b27e9e8c05e83286e34ff1f96e00f689b96e6462b6ae9dc2cc
UNION_s2,objective,40,0.7072279421790097,0.6996194593420744,0.00760848283693542,0.003358546352895844,fe9c3e3e0aa920098a1784cffefd56fe0e1780127b96aa890f7a5f39fa83de16
UNION_s2,objective,41,0.7069890569075539,0.6991432680194067,0.00784578888814713,0.0032885097378354605,67218e49cc89e67aa1ce2f68ebf729fa39cc581da8dcae26b519e6aca06a77e1
UNION_s2,objective,42,0.7068372251472513,0.6989170914481494,0.00792013369910195,0.0035868069703782787,062cb2a7d00f870f4cbc0a1c0933cf03b0ee7768d72574550ff139ecb5191317
UNION_s2,objective,43,0.706719808365607,0.6986029504098353,0.008116857955771616,0.0021244488208652565,37a871ec2ae897d6bc87789692854436d40343a0a5d6107474cc10b50c7abd5f
UNION_s2,objective,44,0.7066688463398524,0.698657230337372,0.008011616002480376,0.0017541248541487692,0d4517ec878dcf0a9ddf1a642d6d8f63af993969be35b6b1070bd9b42d34ce8f
UNION_s2,objective,45,0.7066069431525702,0.6985996444429274,0.008007298709642808,0.005185548942423334,6a02c144a7837cebe66a73c62f7f0e365bc3c0c496ed4a6d05639f7cba9a85e1
UNION_s2,objective,46,0.7065570454609477,0.6986218658196324,0.007935179641315335,0.002543737495938865,19b2d7fb9a20c6f20236fe6c4a7ab73f2a145651ca0bc1ffb213ad3ee5b3b6f6
UNION_s2,objective,47,0.7065307128637184,0.698505300986509,0.008025411877209438,0.0015919125987622308,2b6ce2a43495c622293adf55dc5f4b9a71858b5af556f8283f4367c1b55abead
UNION_s2,objective,48,0.7064824150039265,0.6982213122699158,0.008261102734010744,0.0016598281251746418,318d653345e57fec0c5893ee43a395ee6968b536b8a2b335ec2e356c5d2c1b11
UNION_s2,objective,49,0.7064428925476807,0.6980374899899514,0.008405402557729248,0.0022105829459795508,667449b91ff2f28958d6bc6a09f965e090449963b4b0c53a43369a7faa02ecb8
UNION_s2,objective,50,0.7063593507249595,0.697523859202146,0.008835491522813503,0.002014940073858226,2ab4fb686f36fbc2b0e4e1dd918b9c539284b1c7adf94ce9388930f059a0b59f
UNION_s2,objective,51,0.7063970264379343,0.6973695006099505,0.009027525827983832,0.006880015978728013,d60c79a2ca49f357eeeafd594da2b87c9610c6c279d11f7a82a2d636c961f596
UNION_s2,objective,52,0.7063114531131272,0.6973959951656766,0.00891545794745053,0.002659763113297917,829105d0affab804624f5fd2ca796c6c3c5a76980e75448de605ac9830ca90de
UNION_s2,objective,53,0.7062753470146167,0.6974052317641825,0.008870115250434237,0.0014740457902004658,011cedd5b0ce9644f82f0364a5451aca95dbc3c711510a850890049b9d1b7e50
UNION_s2,objective,54,0.7062390421521056,0.6974888350201761,0.008750207131929505,0.0016350712108283252,f6096a21804b9d7640beea568e9ce07d7a809b2d32c26c339d096a31282f3f7b
UNION_s2,objective,55,0.7062156325389554,0.6975029474754174,0.00871268506353791,0.001914558903359314,f33627f582b23e46803aec3a6f9c5120b4bc973f5fe0ed363e986b609e4f37e3
UNION_s2,objective,56,0.7061355712295907,0.6974438561026651,0.00869171512692558,0.001830834071197423,d46e6f134f4b443e6edddf9fb7d8bd968589e5480e21d740fdb516996c0f8e55
UNION_s2,objective,57,0.706076367495862,0.6971997372220932,0.008876630273768803,0.002255002397112717,c03e3a1e78da7f0bcc7051bc156a7d30dd427c41afba000ace9f9e39d422bd59
UNION_s2,objective,58,0.7062630046437867,0.6971489087733934,0.009114095870393248,0.01313293879950117,0824e9a8a5dd9f37b103c822d527d5b626e0151cc5f8cf08820c56022ee36ad1
UNION_s2,objective,59,0.70606431953817,0.6971419146638739,0.00892240487429604,0.0017367968812356822,41c161b3a0416d409bd23fd5493004fe3a2d3cbd13629e84bd3002c98116d126
UNION_s2,objective,60,0.7060506819670275,0.6970763200886434,0.008974361878384095,0.0013263052615302125,77d8826fe077e080e2207fe7e768b3eacc0ac75105350cb9cd78e9a3b78bf034
UNION_s2,objective,61,0.7060331556272728,0.6969728841934687,0.009060271433804041,0.000720454397164555,23aa375cd46c6dcb568229ada8f9982162e5286be7e5124a24138887b5e79d0f
UNION_s2,objective,62,0.7060235071803808,0.6968771436573847,0.009146363522995993,0.0007180259352371702,b3695394f767312c7c8e792983a6a408fea595514d863308736c0b976055a663
UNION_s2,objective,63,0.7060070939795239,0.696726472072481,0.009280621907042924,0.0006940197850768439,0e1fe29b066d86aa9e7acba4b0d3c922ac16c436ee4f6fcbac78bd8611d04995
UNION_s2,objective,64,0.7060101826014908,0.6966029666136598,0.009407215987831055,0.003198018261686927,33d630f01c78890346a1f9e61e1d53404cf26590bdca8ee878115f14efe11265
UNION_s2,objective,65,0.7059996459281423,0.6966616678501989,0.009337978077943445,0.001527186785853644,0bed180642a07d503f79e021b361d1b78ac616193843b229ab5f9dbf8170ec52
UNION_s2,objective,66,0.7059901392109393,0.6965728982941795,0.009417240916759904,0.0006672276438627765,d711e9629f7bf509572e81f75f2719b6f34d45da2fbd93c4929bed38f580d9f2
UNION_s2,objective,67,0.7059851360682106,0.6965551614676242,0.009429974600586321,0.00048319042846815824,852c0aabf171c0a0dab7a436efc66ce94f56fa309675fe6c418abc85bb5e261d
UNION_s2,objective,68,0.7059757984995594,0.6965320619644174,0.009443736535141922,0.000540251761077593,9ac633c245f0e460b00c617ba73eb5aafbaee8a724ad5060fd8850440a3dff9b
UNION_s2,objective,69,0.7059667516532374,0.6965142000334593,0.00945255161977809,0.0005010100460261939,7afafab72f22313703882e25d6f1cd7c000000f093bd90881a6b491a1f02f7c1
UNION_s2,objective,70,0.7059523088234192,0.6965233426551865,0.009428966168232723,0.000552730360448787,cdf37b023b55a2444c80260962e786f1a68785be7a5eb3438cb9035e423748be
UNION_s2,objective,71,0.7059654411640307,0.6966409149314248,0.009324526232605941,0.0042964860209551625,ec285c2429f36c7755f08f783286d95ed4d9c5f0d4ccfc8a0e26d27c8e0c2d73
UNION_s2,objective,72,0.705942941694216,0.6965558583338635,0.009387083360352598,0.0017137069240633306,ea36ff66830f730935efe660a476af765880d92e1d109cd18cfbdf9d3dad581e
UNION_s2,objective,73,0.7059301749751266,0.6966268938879564,0.009303281087170176,0.0011463654221806389,cf5647d69fb40ac98e42bc59f36e087d83143d5445c05a2d85d77219146ed57c
UNION_s2,objective,74,0.7059231553150489,0.6966468434597095,0.009276311855339345,0.00044213536356045894,69d5a886951859e7abddce64fd4366dbd5f7fce76773b3c0c61bdcbc5e7e3d93
UNION_s2,objective,75,0.7059200566083388,0.6966549037386918,0.009265152869647008,0.00036164987622706044,28a25d310116f07f699e027d9cd6f75f2b3c933fe7b63e9f84d2afd1b988a5f2
UNION_s2,objective,76,0.7059158901181469,0.696659607895579,0.009256282222567917,0.0003675670614490251,6e9862cda603223e9cadedc433ab974e0911fd6923a544d6fe75efc4d248cd0c
UNION_s2,objective,77,0.7059042002576987,0.6966881271517931,0.009216073105905625,0.0006461469383985087,762922f3c080f6791c2c41fa9038076407b0f8ed55db446cea4adee8e49eae58
UNION_s2,objective,78,0.705935385938674,0.6967614278819987,0.009173958056675344,0.003934101623541692,4a4169e97d0b79a6cb42eeccdf921134ebb7eec458ae6833ac0aee9cabe9c6c8
UNION_s2,objective,79,0.7059020467145714,0.6966947198268866,0.009207326887684797,0.0005087359483688946,9feabdf54699fcae8effba9f5949e56f8d5d64bc00e13617419e683968d937d6
UNION_s2,objective,80,0.7058990229636458,0.6967032235180232,0.009195799445622708,0.0002976001952959687,5bcb616c470a3873acb82dbb4e80daa458d72285d10af8bc4b3bee715f3385fa
UNION_s2,objective,81,0.7058965392798093,0.6967091158297947,0.00918742345001469,0.00026031419135608396,ef060b4499a982a12002ba13791aec366a5ee20c3010c0853df0d2ea6354ddf4
UNION_s2,objective,82,0.7058930709752739,0.6967208136129787,0.009172257362295181,0.00026161295229172273,03faf26ba48ae6c9af0eb756c75e238b06887e6b695893abf6419baba023f179
UNION_s2,objective,83,0.7058889679920367,0.6967380552131786,0.009150912778858145,0.000230325617500248,c3645c7a5795f545b493ef8a230bbaf712dbce5a94f50c2d0aec6e54cf5220b2
UNION_s2,objective,84,0.7058908815485213,0.6967278356290507,0.0091630459194706,0.001277775294970916,bd12b2f608864f0c570febd82502cd28437c6c4bb8bf5b307c79c2ef02780268
UNION_s2,objective,85,0.7058871425951984,0.6967313542029806,0.009155788392217756,0.0005711918209921677,80b81775ec55f4155f9f5deac5aa04989ba98adde79f41aa9645e72bb1c2ef34
UNION_s2,objective,86,0.7058869465709727,0.6967269517943524,0.009159994776620372,0.0012582972190308649,c07e3c2ed494e3df5192e355126badfcfefdff7e34b41dad8684ffdeb7ea88b2
UNION_s2,objective,87,0.705885788886133,0.696727847412755,0.009157941473378048,0.0004772100099619819,af27b709ad356762565cfe5a2fe377db510fdc1bb31e5ca6c7b1ad4ac899b869
UNION_s2,objective,88,0.7058844980417223,0.6967290759688319,0.009155422072890312,0.000247017375514157,a149c240b010e6908710b1545bbfad79f7e72a13ba27c980fe9eaa20f334b481
UNION_s2,objective,89,0.7058836365180022,0.6967286514756335,0.009154985042368759,0.0001745387271931785,1220f75734bf8e0fdca49aaea7facf7f18df086e25b609ae1cf6bafd08c061e9
UNION_s2,objective,90,0.7058826884755806,0.6967273831204734,0.009155305355107151,0.00024364914357129529,8d1e9ab6e8ca4f19b1cc371518c17d2d8fd9e0e8248440038a24b3254ce99d60
UNION_s2,objective,91,0.7058813611267679,0.6967289663835002,0.009152394743267669,0.00026138337586827207,a14f1a79cea4c78b75c9a2dfbf1964eb71b5c89a3fa9c6cf5eb05bf03995a218
UNION_s2,objective,92,0.705881040329782,0.6967391361428232,0.009141904186958783,0.0007626974915776525,4fe74ba08a138241623956f699fcebdf4291b61f01b91de5892b12df148ed4a7
UNION_s2,objective,93,0.7058797522417114,0.6967396004710752,0.009140151770636257,0.00019790017808894665,2fb2813fa7f75528da9a564c57c5a227008b2ee11dc5e7fbc84f3b8afc5b63e9
UNION_s2,objective,94,0.7058794547420812,0.6967414120487094,0.009138042693371802,0.00012927202767941344,23672a34829237b7e1db42902ed8e042078c4555eb10746764516aef4138ec60
UNION_s2,objective,95,0.7058790233711928,0.6967442694351138,0.009134753936078993,0.0001341845430145472,2227ff874317020b07680660e7fd14c82d037d74749e9cc37a3ff78f22b1ca6b
UNION_s2,objective,96,0.7058783067310328,0.6967474698403465,0.00913083689068632,0.00016377248580553056,7a45653df4ebc7c0c552d4e75f55c0d9d9e6cf06f504257a53986a9dd418e77e
UNION_s2,objective,97,0.7058774173800333,0.6967485416864968,0.009128875693536527,0.00017007233030254888,6f1a8139253d0fdba2b00c852797a25dbcee29654373848a67303ca6d1d58ddc
UNION_s2,objective,98,0.7058781256757636,0.6967432102957597,0.009134915380003874,0.0010606661066614351,15f44e3b6f7e5c2ee284113b33ab85920af116b09e03e62f71c891cd5682af0b
UNION_s2,objective,99,0.7058770670624009,0.696746012680337,0.00913105438206392,0.00037475494786375665,03d6cec065264d74255f803f2cbac8e78c6a83ba9cd549f4af2f187fa178d967
UNION_s2,objective,100,0.7058765308128399,0.6967423591409309,0.009134171671908949,0.00014963140492719605,e24e51f266bc97247acccc32785e8b27246337f0ae96e6cabbb6743542ab4b93
UNION_s2,objective,101,0.70587624061681,0.6967379293969732,0.009138311219836777,0.00014092161546201977,9adbfdc12f65d7ca68d88357a21cf1a81534691ac32c48351a193c36621b4e98
UNION_s2,objective,102,0.7058760232479564,0.6967343962028795,0.00914162704507694,0.00015624199896729425,e5edd70a0e6f2aad5200535cb041f07293edc36a627a313bf669f3fc8b06298f
UNION_s2,objective,103,0.705875278371442,0.6967218428334584,0.009153435537983673,0.00016536565735180022,1b6093ece69835164f796de6263440a5777e3a000292a07d9faec01494088edd
UNION_s2,objective,104,0.705874362419709,0.6967051208842299,0.009169241535479138,0.00016251164336633243,c41cab53288165280dc408fd2d697948e65f73ee0629cdf726e9d8a903fe6380
UNION_s2,objective,105,0.7058741814283105,0.6966907998564122,0.009183381571898287,0.0005255499787395299,75b81d106ff9d0ce7bd8b1b03d97333302365aa876b53614f1a41e1ac0bee005
UNION_s2,objective,106,0.7058735704926172,0.6966913216308738,0.009182248861743455,0.00013626829341156546,9e05e732bb3cf90e072297b3aaf1e2f095285ab6307fd3e2f99dfdb4573fe19d
UNION_s2,objective,107,0.7058734247983454,0.6966909994865184,0.00918242531182701,0.0001043138684845155,5923f90fbf4309e6e00376083795daf25705c7d49620601e4e6e9f3553bc327a
UNION_s2,objective,108,0.7058732613236824,0.6966865227450199,0.009186738578662597,9.127864497376094e-05,520ec13fbdb52269416238cb4408d1004abfb9cf5d969d8732d6bbd76cf2326a
UNION_s2,objective,109,0.7058730029555426,0.696680225318758,0.009192777636784617,0.00010024549428907091,4e26989572915bf213de7f8504d3b49ffebbc0b33ec44c58eb8bd32349e83810
UNION_s2,objective,110,0.7058727783610439,0.696659741166085,0.009213037194958902,0.00016956726430632075,9028c8ba2b20d4625eca14ac934abd23366da02934493b6c20c4abb6ca3a4ba7
UNION_s2,objective,111,0.7058735661180057,0.6966437889900047,0.009229777128000998,0.0009400775129017359,1b67b348865174dc26412bc24d42286c99291e96d5d8692a1adc6f6d45f17e1f
UNION_s2,objective,112,0.7058726546199454,0.6966551164741859,0.009217538145759497,0.0001968849558048589,e155000c35e03bbfe9c8e503ff5cf85430bb9debf49b06c629d786133d127f5b
UNION_s2,objective,113,0.705872507246776,0.6966578608480647,0.009214646398711298,0.00013080478296381172,2a24e414ec40ce8c8caaed21cf3c7ee83e1330c572d685d9ae5151f29dcff27e
UNION_s2,objective,114,0.7058723530595066,0.6966555985370855,0.009216754522421135,7.927613933684208e-05,8875bae68ec4ee80a21d0c1529dc069308d6cee98d15e907db663a3c93fe9034
UNION_s2,objective,115,0.7058722161084996,0.6966514830451085,0.009220733063391065,8.816479295096452e-05,57d0d7a7ab9f2ff0e970b219519bb822ce5be6faa8fed28f7dc2886abe472501
UNION_s2,objective,116,0.7058720129316491,0.6966434685997529,0.009228544331896264,0.0001214534744441998,5f76d574e7ba8414c3f489d56251b3c15ccab50f0fe60276bb67f8f5569b6ebe
UNION_s2,objective,117,0.7058716745086654,0.6966318647719276,0.009239809736737789,0.0001344181440283038,a48b1f0a5a2b47e659a7118159b4486ec8f63b4e9c08c37fac52f0355ec71f24
UNION_s2,objective,118,0.7058723657233599,0.6966000976749829,0.009272268048376983,0.0006922000726080024,984b1c8ad6ed570e8c2a7075c36e3b6319ba49181cd4ea40b02f79da72c7483d
UNION_s2,objective,119,0.7058715625518742,0.6966229515303691,0.009248611021505072,0.00020030664952515423,a1dc50a761ecb6e1d5038253b5aa3fa74cf232d479201e8bd3a39423d01a918e
UNION_s2,objective,120,0.7058712845033943,0.6966127157200178,0.009258568783376487,0.00010115604715718273,4bc19a9dcafda18ee04c3b1c13b6b72c9b563d8affa95fe899cb315760ee58b4
UNION_s2,objective,121,0.7058711281838762,0.6966119368727276,0.009259191311148635,7.349931133728604e-05,d27dd8f6c9fb68a2ba06bdad80e538f65023d3a1f697c6145269690a0d39b3ca
UNION_s2,objective,122,0.7058710017155729,0.6966091640319579,0.009261837683614979,7.684234600281624e-05,b09023456058ca39f819d609176d8135a096bd1ff1582a02e8cc3b40ff2cd869
UNION_s2,objective,123,0.7058708699639936,0.6966071553997079,0.009263714564285758,8.209637232069768e-05,b57ad2028340178c492817f577c457042935accbc4099203047b863d2976cfc7
UNION_s2,objective,124,0.7058707212188052,0.6966029188258143,0.009267802392990913,5.7385985696688856e-05,b7837e68e38b20b6eca095c3ab68ae291c7bc82316e8ee4b3a20da4e355ec77b
UNION_s2,objective,125,0.7058706553092595,0.6965987641286501,0.00927189118060947,0.0002084292219104898,c1c4d244d35948395aa076b077612d6217e95bdf660a3ae5e09065fb90f3f879
UNION_s2,objective,126,0.7058705684852824,0.6965960084221644,0.009274560063117986,6.633231571580948e-05,18ff51fe4d3d41fb502c96a4a4074d450fb3e872b64494ad8c8a581e9031e092
UNION_s2,objective,127,0.7058705317087318,0.6965961949818995,0.009274336726832312,6.36466433250099e-05,b2a5e24c208e36acf60378c2cee7784fca046f153a275baf261042fd1e6235d5
UNION_s2,objective,128,0.7058704027671572,0.6965945666742964,0.009275836092860765,4.244885141265615e-05,ff4ca56961e8182bad0638b1ddd4e73fd311925deb7818aaf55ee7de6c4a4d81
UNION_s2,objective,129,0.7058702831513671,0.6965921899405098,0.009278093210857333,3.83035855877041e-05,617199d98e95e602563d418943dfc8b440a9a2642c5501ac13936518d0c0e328
UNION_s2,objective,130,0.7058702580121881,0.6965845493417372,0.009285708670450905,0.00012213863408975386,288f69b674a2158d29c49f4aa061b4f6558d7ac30840123dad7b347ccc161709
UNION_s2,objective,131,0.7058703046157684,0.6965830100873668,0.009287294528401558,0.0002855883001188374,ebc50d88ecb8b84385f00cfcfb36586f2100855d42cd7c45cd2feedb89395f0f
UNION_s2,objective,132,0.705870198454802,0.6965838109372162,0.009286387517585794,0.00010087674450541775,f92abbe766972c85d2ba7e817fd7882d87cd241e53b85fc4f1fa34d364858e68
UNION_s2,objective,133,0.7058701404768185,0.6965856413708928,0.009284499105925622,3.779460841587934e-05,3c38e3c5bda1044fc78ac98774f8b3ef1210025c7f453768f95f3bea856563a9
UNION_s2,objective,134,0.7058701192006843,0.69658489419583,0.009285225004854252,2.578989612923579e-05,6fcbb3d4638fe08d6cb40d7c95e98a7e90d37b33a444ac22a1941961cb26116d
UNION_s2,objective,135,0.7058700792726489,0.6965823410382193,0.00928773823442968,3.280493074617676e-05,6cc4d335118c1b967f82b7237a00aa6be0176db4abad3f93992c0e933ba15c6d
UNION_s2,objective,136,0.7058700421512835,0.696580123370804,0.009289918780479517,5.281782089888277e-05,9c8312efa3b970f4ddcd44b45d9ececa6e4d02a177fe997e48e8c7c3a1ccf13b
UNION_s2,objective,137,0.7058699986191056,0.6965773495749209,0.009292649044184717,4.438648618209951e-05,b00c0d0ec709b4b8769dd70ecf3888910cc7d57864ec3924fc2860c7b6e0ebce
UNION_s2,objective,138,0.7058700197762069,0.696575796669663,0.009294223106543934,0.00021896605520848922,ecfa849b5ed21abe6d68978c718d8a14bc302aa0943b1b75de937fee6df83a1a
UNION_s2,objective,139,0.705869985049118,0.6965767310389999,0.009293254010118126,7.715045453281523e-05,c821153cfb412e474a5347cb6fd68fd8d97b10dfebd9efc40b484e2c16dd7a2d
UNION_s2,objective,140,0.7058699639400865,0.6965762782431774,0.009293685696909164,2.9298510142161627e-05,7ed5d2b4266c2eafa8476b5f80f2af5ab2e57aa1d76aac61ecd459d98ff8defd
UNION_s2,objective,141,0.7058699573606901,0.6965764811352012,0.009293476225488874,2.379589098949672e-05,69ba3c39bc0614cafc6e1b3ce05fa41594b2e6474a81992b81a602a8f45b84fd
UNION_s2,objective,142,0.7058699408015561,0.6965765311488971,0.009293409652659032,2.3771169909351166e-05,ac82e416758c7a4b13446a11e57403fdbd274d875b1a5c25d03994de30d44641
UNION_s2,objective,143,0.705869915680707,0.6965760499081973,0.009293865772509713,2.8631104515931324e-05,37f7aba9c28a10c060da69711767bca492bbd42583990a2fa3f4374746c9d89c
UNION_s2,objective,144,0.7058698863032535,0.6965751898225023,0.009294696480751213,4.620671660383689e-05,6fe9851ea3c96af6d6bf29d2d0a1b14f4983e34cc6ab87c0cd3befee9da20d90
UNION_s2,objective,145,0.7058698926429878,0.6965724597873111,0.00929743285567674,0.00010981260396378207,28bf1536e78f5a8e22dd4206b9a7e9bd5a95a4001fa323e5d4a97df331c25d7f
UNION_s2,objective,146,0.7058698692741203,0.696573914995407,0.009295954278713287,3.791386649355483e-05,cd0cecd901a93b07638608bb20d23ec343dd7470076bbb41210372992630c588
UNION_s2,objective,147,0.705869858676268,0.6965735160155409,0.009296342660727043,1.7789571029380057e-05,32464c9cadf1e8ce7a460e2a924a9561ecc8e531b994242767bdbd9f5c236e06
UNION_s2,objective,148,0.7058698522046978,0.6965733271452358,0.009296525059461989,1.824724943918183e-05,3f46b18f14913a3cd90062053bd8baf09fcc14c5fcd7bebc372f540bef7a55da
UNION_s2,objective,149,0.7058698441722141,0.696573345526663,0.009296498645551161,2.2227808315060596e-05,313b6b5ed4543debe01197e33e490563a0648bff43cf910d0961aab4b4eb4db0
UNION_s2,objective,150,0.7058698256963576,0.6965736972134241,0.009296128482933477,2.9105850874807783e-05,a67a7c89fa74144efa4aef946bc45e7faa1cddd48de1a6a925f7fefd6f1cf768
UNION_s2,objective,151,0.7058698575389211,0.6965750473146263,0.009294810224294835,0.00018145360957744656,674fa448e85a6bea44d4fb954df4a5e374a1c2c925f62275549e5884b05b4784
UNION_s2,objective,152,0.7058698205954234,0.6965740495236081,0.009295771071815189,4.155248286171084e-05,1994a8c9c272f7defafd7878ad0c2af6faca4b32033174db641cfe8c52427533
UNION_s2,objective,153,0.7058698111170713,0.6965747219645215,0.009295089152549724,1.9490524009224455e-05,202c894746d6e96e7f920215f6abd74e5b1018ccaf40d333f571504d5f74d073
UNION_s2,objective,154,0.7058698055645829,0.6965752725233625,0.009294533041220382,1.6704770365263176e-05,69121bf7233baba0d9a1a9f4298b177fea3d181b7a1840b0db5e626c890ff421
UNION_s2,objective,155,0.7058697992087708,0.6965762009737356,0.00929359823503516,3.0431503948485356e-05,f78ceaf5ee0526b0f80528486da48ffb3c6ce7472002ac40917b4466c33bf492
UNION_s2,objective,156,0.7058697917186006,0.6965768288754564,0.009292962843144239,1.985080838685285e-05,94a15764b527df671ded914db7ace66ec38a9c4cf18153797d176bec46ec2d54
UNION_s2,objective,157,0.7058697844384902,0.6965773862458482,0.00929239819264207,1.4828449507339485e-05,78415f8bfc02dc4b7bc01ca944e6b102f1dbe3bc0589e819448632d4a2aa934c
UNION_s2,objective,158,0.7058697763487749,0.6965781134157605,0.009291662933014467,1.491067152750069e-05,fd54cd843ab81bb10a125f61dc71153c8f1a9043e3813c3b48c890bd9338a3a3
UNION_s2,objective,159,0.7058697773255633,0.6965789634425484,0.009290813883014866,5.3751512972177953e-05,d8918c815181d3fde3dbea69817baf9e954cfc2630b1847b7d71ff2b1d35e32e
UNION_s2,objective,160,0.7058697732714997,0.6965785057626916,0.009291267508808074,2.350055513069011e-05,435bacc2b9bedfebc2330320f0e5b167015946868246b5495e9627742f96d14d
UNION_s2,objective,161,0.7058697689890725,0.6965791001432768,0.009290668845795704,1.0168882357564307e-05,64a5a348b26deb15918845747b953b3cfabf4b304036627371d5c983a64f8d33
UNION_s2,objective,162,0.7058697672982805,0.6965792255096505,0.009290541788630063,9.28062698707235e-06,19f1c5bb41a6dd284a6af7e3f300df8d1f71073c37a98275701a0754328cac40
UNION_s2,objective,163,0.7058697617017934,0.6965797354458689,0.009290026255924504,1.0697247365377245e-05,4ac6d066a5f56b8f9010626c768e1fb4a86fc85105d6c2665acce31e05cc97dd
UNION_s2,objective,164,0.7058697540889627,0.6965806589758942,0.00928909511306852,1.0845348319752392e-05,e8d3dfd77a2fa6b5debc5da0dc324ffac9f18f284212da26be318d25b3be15f2
UNION_s2,objective,165,0.7058697576923445,0.6965815580313367,0.009288199661007825,9.540522612584938e-05,d8b2f862b6d2ecf687cda3768f088d5c6ff957e95e6c35864c49bf3d07e570ff
UNION_s2,objective,166,0.7058697514292267,0.6965810098849096,0.009288741544317159,3.965409444100501e-05,30620fd2214857b518a8c917774090b8b4fb005a905d880571e24826f193e961
UNION_s2,objective,167,0.7058697458055045,0.6965817657979528,0.009287980007551697,1.486708314953671e-05,5c9bfa923ecc0efd2c4cef0a9877126faa7cffc2435ff841033b3a5b27d2cd29
UNION_s2,objective,168,0.7058697434537555,0.6965820436841765,0.009287699769578973,8.386668385032234e-06,28939150fc272f3ccfe1d371344905223283047c963dee8340b8b19932a9b80e
UNION_s2,objective,169,0.7058697418488483,0.696582104922462,0.009287636926386317,8.851098006809357e-06,e7ef78cfffbe35e086034c1c6b09128f932ea4a1b586ae47ec7405924b972132
UNION_s2,objective,170,0.7058697388053414,0.6965822223957029,0.00928751640963857,8.119962505908071e-06,8347c1720760f5a7d7b1c051192c32d6d8400d4dc6cdcf75228c6b16685ee7d3
UNION_s2,objective,171,0.7058697476462198,0.6965824366380512,0.009287311008168639,6.833836144575169e-05,3e0677930481db80157f611969b13478f57cd54c88f65455fbb8886da5d404f9
UNION_s2,objective,172,0.7058697378033004,0.6965822712350482,0.009287466568252179,1.9610387154156014e-05,a2b7a6d23f4941f64fba3d2776986d8066784a2af991685c844b38ce5b7a612f
UNION_s2,objective,173,0.7058697353839296,0.6965824230517702,0.009287312332159356,1.023473930402955e-05,4e0402934f081e997bc3017ab5fea6934c1627646df152067f263873fe82646e
UNION_s2,objective,174,0.7058697340614102,0.6965825883291525,0.00928714573225761,1.3439730151512124e-05,cfe30fdab21e17ab7a2afd63296748ef22fe5846c81227fea018cc835a155366
UNION_s2,objective,175,0.705869732551154,0.6965828057960748,0.009286926755079226,1.1007091625376147e-05,e933254827d1115e2cb5fcf702b8af224e4e7e3e9ceb260cbedbca194a1c1e40
UNION_s2,objective,176,0.705869731248144,0.696582952979784,0.009286778268360019,9.867777320171387e-06,d337e0d4a3a1455955a34a0458e37c9ffc7b2e733e94b9e592468a6c8cd55541
UNION_s2,objective,177,0.7058697269905485,0.6965835560344441,0.009286170956104386,7.5187423256009426e-06,dd415027dd9aba29968990c98c9b9186bcf2e24cdd25e4a09153b5bfc7ea6345
UNION_s2,objective,178,0.7058697298888645,0.6965838123252146,0.00928591756364994,2.7831700481134318e-05,9b57635031d4f1541ae258b608ef296516474c1c2c93ebe41b1dfaae11af850b
UNION_s2,objective,179,0.7058697263560163,0.6965836308706709,0.009286095485345463,7.066380391773427e-06,4d92693ab008494f59d41651bd406c4411e163f8befdb9baaaaa07c0f5fcdb8e
UNION_s2,objective,180,0.7058697257252101,0.6965838055959092,0.009285920129300995,7.282869014217519e-06,4e5d01c0797ff762916bd194ac8990e5f0b043a1f554ff32066697316ce2fade
UNION_s2,objective,181,0.7058697258920725,0.6965839678804401,0.00928575801163248,1.6786863765018744e-05,a00026968fa2c0e56469cb53a1923fca83783c793dd219e0bc7958238a237438
UNION_s2,objective,182,0.7058697255232012,0.6965838743475944,0.009285851175606723,4.611207014819784e-06,2c4c814021fd9af188c0257446845e538f46e076929b2ed19b3773bdf630491b
UNION_s2,objective,183,0.7058697253823704,0.6965838660757934,0.009285859306576947,3.485839195270012e-06,e6702f4b15f22678f33140b32fe8754f730e54564121680436ab80541a11215e
UNION_s2,objective,184,0.7058697250329913,0.6965838618991465,0.009285863133844835,3.7596115831273583e-06,30ba43c24b70fd6a4a77914ef292dac3fac627763c652e0c8c31822f71fa2fbf
UNION_s2,objective,185,0.7058697244858633,0.6965838992845603,0.009285825201302894,5.472491120493583e-06,23ff3237b00ca6a70fc0acbe51f235cec6642f90409005d7b2fa5263743bae1f
UNION_s2,objective,186,0.705869723607133,0.6965840305726251,0.009285693034507839,4.720938212972414e-06,91a4a40d81ac8cc7e7f370642f25ef346aaa88d0427cf2929e2591faf6c6b88f
UNION_s2,objective,187,0.7058697277455328,0.6965845747104487,0.009285153035084117,4.468031604079506e-05,822e8f7f3ade1f8b37ad66cf8db565b1a8e3a4fef1880deeb0fe36eda0c744aa
UNION_s2,objective,188,0.7058697232637205,0.6965841473464222,0.009285575917298406,1.1472639175614271e-05,7ab627a3c1270b600d863d478b042624580a3acd62e86d9027e4e5f5e23da30f
UNION_s2,objective,189,0.7058697224688169,0.6965843183279816,0.009285404140835181,6.024411277412752e-06,a0a073a8ffd07ae1e3a0a9f61dbae62d285abfd3c1979538a04a7a94dba39174
UNION_s2,objective,190,0.7058697219552257,0.6965844598178137,0.009285262137412017,7.576458551581977e-06,19f8103189d44fd6aeaa5417c519d0d1721b186d741ad67de92981bd9b98a9a0
UNION_s2,objective,191,0.7058697215805362,0.6965845899768632,0.009285131603672921,6.091378157250001e-06,2a3d913903d0d95b41d6faaf2ca6538447f5a49a6916a124bcf6b8c4874a4132
UNION_s2,objective,192,0.7058697212395041,0.6965846449618276,0.009285076277676536,5.430540536614912e-06,8fb24308930ca8c487eafe9464358fee603c52046f4a056c1b44b026e21bed0b
UNION_s2,objective,193,0.7058697203471916,0.6965848898650255,0.009284830482166157,5.539774061584152e-06,ef99a061620b8b19560f34c561eb7e9767602c8a7636d7756a776c750cce213d
UNION_s2,objective,194,0.7058697204600727,0.6965850956753318,0.009284624784740856,1.7644902918125967e-05,5900e1484d12829e2e5841e91f17d62984abb80c6a06ee86d9396b5c979fc431
UNION_s2,objective,195,0.7058697201147324,0.6965849823466073,0.009284737768125103,6.955180368346957e-06,54a9cc779e67fc4bee6a9019db183dab7df4b3cbabb83898913587c17760919a
UNION_s2,objective,196,0.7058697198409312,0.6965850704503951,0.009284649390536026,3.304163092864296e-06,9e41772c38295a07c93f633678af9ecbbb77cdf5951b32c236ccc066df3ad82e
UNION_s2,objective,197,0.7058697196846273,0.696585120755326,0.009284598929301299,2.9012524072099565e-06,4412f4cc51a596c395ff06065b9dc9b19d55b1103d8a37393c218743f225635a
UNION_s2,objective,198,0.7058697194869938,0.6965851842625892,0.009284535224404597,2.6997210605845357e-06,e6dc72291faf4feff961b010bf312e5e9902a8b43451df7c9a7a02dc217d70e6
UNION_s2,objective,199,0.7058697191858666,0.6965853173568948,0.009284401828971809,2.548875363573544e-06,acec60b0f9f94602f02b02a3310b0e8ad01d79a02b6ca414c989ef7558330324
UNION_s2,objective,200,0.7058697191801883,0.6965854478948689,0.009284271285319409,9.206792770367463e-06,6b18920c698fa39685b1d42616c019c5172ffb17edd148cdf8e7f734670ed98d
UNION_s2,objective,201,0.7058697190508851,0.6965853831982304,0.009284335852654703,4.113538696159587e-06,7c7625d4441ea7e1800c97baffe72b54ba9c2b9dd030af1e3ce09e288d64e67f
UNION_s2,objective,202,0.7058697188512016,0.6965855013287988,0.009284217522402787,2.3124394554149756e-06,ad569d58fc5a270d9ebf7562643a228489c324dbf0ae23145fb9061a911cf79b
UNION_s2,objective,203,0.705869718761108,0.6965855246596057,0.009284194101502382,2.5206559419960523e-06,0a0d417b4d5e20afde326279edbd25ca8897a6c4be7b6401c1234073dbd7cf47
UNION_s2,objective,204,0.7058697186756461,0.6965855427065638,0.009284175969082303,2.0659623027828664e-06,67f583bc6385823fe5ae80a071572e0a0bd9fd809394f0b9c791b789ff0da07b
UNION_s2,objective,205,0.705869718588264,0.6965855828948306,0.009284135693433332,2.104619463104879e-06,665cb722652feb9b6a8f23d69db6d6768824d60d80ff6ef0b1f63525c88d8e91
UNION_s2,objective,206,0.7058697184541592,0.6965856844641629,0.009284033989996374,1.632284854143516e-06,62a5fef93e4b389fa5010d89397bf67d195bd765a6f3a5c09579965e5c263a02
UNION_s2,objective,207,0.705869718383739,0.6965857726043998,0.00928394577933921,5.950751212402241e-06,748c7fb811fb3dfbf655a9390c8c3dfb23e0e3b20be8e4f0712412592a1cc44f
UNION_s2,objective,208,0.705869718307795,0.6965858177742676,0.009283900533527395,1.5867116379733041e-06,e6070702a8488d46a49759d38637e6c574a81ce5e876d279e401ab8805291970
UNION_s2,objective,209,0.7058697182721917,0.6965858138611535,0.009283904411038251,1.315742324529606e-06,f5528297049600fe88b06d62c2512b2a2429ee8b2e16afaaf223d43dbdb0ca6a
UNION_s2,objective,210,0.705869718209385,0.6965858047885621,0.009283913420822928,2.0323110335692655e-06,26345fe159b992667f708963a498ecb84eeef2a2107ab667459789faf2463bf8
UNION_s2,objective,211,0.7058697181346734,0.696585816580606,0.009283901554067383,1.989491041617742e-06,cb28a5f7e016e8cfaf3b02f7562aaad91f54e2d9ed9eb0627a63bf3b8e12a7d6
UNION_s2,objective,212,0.7058697180242735,0.6965858407792048,0.009283877245068661,2.3280225242002097e-06,ece1fd96c6e308819ffd2e11a4560787ffd125e0a56c024d09627f7a101a9996
UNION_s2,objective,213,0.705869720300412,0.6965858435584714,0.009283876741940499,2.5009681345132157e-05,c34977882d0a99491c5b82dac76da11cb260df2dd0527228105a1692ad2ad624
UNION_s2,objective,214,0.7058697179972108,0.6965858408083012,0.009283877188909512,1.5209068920510034e-06,bc3edfdb0e40ad8057b7489635cb05fb8b22d65b2a1f39a58d27ab3be3fbffee
UNION_s2,objective,215,0.7058697179407551,0.6965858666380359,0.009283851302719272,1.3818678292251157e-06,b8c52c62641644da59f5d1d4fe9df120a793e1ea4fe857d903a94a63c2dd9101
UNION_s2,objective,216,0.7058697179043238,0.6965858744157797,0.009283843488544195,3.459565610699557e-06,a994f2aedba9e7e97cc626ea4214f4c438a123e0e4f42b26e6458338d2ba101a
UNION_s2,objective,217,0.7058697178680396,0.6965858933725805,0.009283824495459222,1.4201547943348045e-06,635643beab0a41c039a106430cdced41b7df9a500b1d6b5fac77894fe8c99f01
UNION_s2,objective,218,0.7058697178563604,0.6965858891973626,0.009283828658997849,1.0621094544242269e-06,c6d9cb422ba596cf90a409efabe037f8b38724164134314f3516a08a8be7c627
UNION_s2,objective,219,0.7058697178314474,0.696585870706772,0.009283847124675308,1.4972483727996437e-06,e32aa42072a00ec7fbe3c63021b094e24e39155a0287706425a76101c25eda94
UNION_s2,objective,220,0.7058697178302382,0.6965858600266971,0.009283857803541096,2.922134453997592e-06,75d724eaea40e78058ede90982a0a831939f1e96af5d354c7a0181c9c0beac34
UNION_s2,objective,221,0.7058697178219723,0.6965858651758096,0.009283852646162752,1.0252112600709264e-06,863330eb03f516cca17c4c172f500680e28f3953ea1d2278301290cceda5963f
UNION_s2,objective,222,0.7058697178132982,0.6965858650730951,0.009283852740203198,7.2790881866772e-07,c3e428a43ba9598bab12eee6f8a26df2eace53fa3f1cc1d9c5f8e29dc580ff92
UNION_s2,objective,223,0.7058697177964641,0.6965858734537743,0.009283844342689801,7.883243383817251e-07,0122475a1fd662207a79c7d4eff58bd9151a639581805757561e4c678805099d
UNION_s2,objective,224,0.7058697177767873,0.6965858885635602,0.009283829213227096,9.331402712705278e-07,beb119c594a4f9568c6c701612b1c0de7c9039d0b263cf0efb12dd49e8973baa
UNION_s2,objective,225,0.7058697177384384,0.6965859158653566,0.009283801873081877,9.316571303072772e-07,307a37fc01cc5da543932ff54435e14961c33ef98f9a2549b16f59d9237e24e8
UNION_s2,objective,226,0.7058697177117843,0.6965859766454604,0.009283741066323879,1.221054878367978e-06,5e4b5e109cf64176222b435f634394aec95ba55fdd1e04aeacd5d2aba131755a
UNION_s2,objective,227,0.7058697176859129,0.6965859812824782,0.009283736403434759,1.227398938592994e-06,31611360aaf24c6afcc82bc3089cf91ca86143bfb99580550f936ddf19e98744
UNION_s2,objective,228,0.7058697176856992,0.6965859706315258,0.009283747054173378,2.0578872192326437e-06,7f099c16493d46651dfdabc320207daedc200faa8ed323731d0436da92cf96f5
UNION_s2,objective,229,0.7058697176786521,0.6965859759101779,0.009283741768474225,7.14323083764077e-07,b7720ee407a62194dd4f688486e705b36974796e4deabe4345c79c0cbee7a4e0
UNION_s2,objective,230,0.7058697176731258,0.6965859731804327,0.009283744492693055,4.644861175166771e-07,6a6e93df1b9968a3e0174612e2f687446faf1bc3b0db28f53490c4cc17cc6da3
UNION_s2,objective,231,0.705869717670161,0.6965859749338105,0.009283742736350558,1.1572055469393167e-06,e722d7b53367032c7fc85fab79109bbda58d1c72834badb0edd84037ee6834ab
UNION_s2,objective,232,0.7058697176653391,0.6965859767411127,0.009283740924226496,4.6267690771328005e-07,a5fbc5ceb565097ddaa254684c4f186a4af1f0e2178a4e2f8ea02f90f86dc444
UNION_s2,objective,233,0.7058697176613464,0.6965859812500372,0.009283736411309224,5.578556137570764e-07,9ed676abfca210a4e6bae4292f19933ae8d2a9fe35c76f884f02e2f2c84286c5
UNION_s2,objective,234,0.7058697176554116,0.696585992598229,0.00928372505718266,8.925466160035567e-07,3ae5ea44940159a01e93992e00fe8bc53c5c1af4a567c6a320807df055f30664
UNION_s2,objective,235,0.7058697176593991,0.6965860057983297,0.009283711861069344,2.9114844666660984e-06,10a06fb8e10ef7743f734a28eaa99f2856c6ddc84b67610493669fef85a8eb0c
UNION_s2,objective,236,0.705869717652643,0.696585997746092,0.009283719906550972,1.211370914982172e-06,d256fab25094ea76a5d0c7e2217658eeb63d9a1130011df0885ccc33a209f791
UNION_s2,objective,237,0.7058697176492388,0.696586002018323,0.009283715630915823,7.504225104390268e-07,869a0a63615b3e37f9e5d4de8c1d07b51dc5ecba03c30499cc5b14e20579b90b
UNION_s2,objective,238,0.7058697176453251,0.6965860066358712,0.009283711009453908,3.427635813055036e-07,ea6181a1dec66ce8538442ddfe128650ad5a7ed87f740da0242f2147cbb7f3b2
UNION_s2,objective,239,0.7058697176440251,0.6965860078083965,0.009283709835628592,3.669503490716577e-07,6ff881b5cf8aa509549de2eabfce40f114b7ef926c19c8d56d17b2ce4edd2271
UNION_s2,objective,240,0.7058697176406716,0.6965860128639115,0.009283704776760151,3.938399859467998e-07,08ace818bf5c56adbde140ebce508e0abf8a36bbd546b18b157b6feaf7c47009
UNION_s2,objective,241,0.7058697176372435,0.6965860205214436,0.009283697115799946,3.930722358179275e-07,d3459546dcf03d558d54851c2256a926cd94fa49514da456281ea612f5e910d7
UNION_s2,objective,242,0.7058697176396411,0.6965860345177235,0.00928368312191759,1.3063521527157805e-06,f8173e077bf2336fd0f45ab7c1377e88a1f17a5ff02c14188080a6db49458fee
UNION_s2,objective,243,0.7058697176360141,0.6965860256693993,0.009283691966614863,3.439521728636282e-07,a69e2ecb23772af89f925ff82b0d800ceb37b03bfc00c25516d1e4240c60652f
UNION_s2,objective,244,0.705869717634639,0.6965860293789792,0.0092836882556598,2.985718230651404e-07,dc9a4e0bc309890c30b4192f4db83c2a3839506a33a3715a31856f05e26cdd32
UNION_s2,objective,245,0.7058697176331046,0.6965860340992174,0.009283683533887196,2.545267222192438e-07,4e551a295a07f9134afc2a33a64e7bd05ac991ad6792174c99ba467ace41f5d4
UNION_s2,objective,246,0.7058697176316224,0.6965860469518064,0.009283670679816093,7.644654656005627e-07,dbc91825842815ea74b41fdf8fce794debd7eafdbb52767a182494dcb40c68f8
UNION_s2,objective,247,0.7058697176296671,0.6965860493503729,0.009283668279294142,2.893812276320139e-07,fee46632fca8063f9d7e69ce781e5e07294e26b44f5e92405cba6075c78b5782
UNION_s2,objective,248,0.7058697176286012,0.6965860517987191,0.00928366582988207,2.409117148404461e-07,0d76e2902100f2099bd8e57b95e937cd5abeb2c3e8ca335fcdbab389cf338dac
UNION_s2,objective,249,0.7058697176278712,0.6965860553612524,0.00928366226661885,3.057589344558675e-07,cf8617fcba223609f623d6dd951d6567dd4111622065dd1bba9c4a81ad885e56
UNION_s2,objective,250,0.7058697176276646,0.6965860643147412,0.009283653312923338,7.931276853694691e-07,e93a9acbe1ca673841542802796a19bd6ea488d2c25eed256861d434139e0063
UNION_s2,objective,251,0.7058697176265161,0.6965860634250474,0.009283654201468745,2.6726749602805305e-07,3bd93553b61ceaa9532310a9041ff5fc969b4bf56c70ad8e3f575a67c7a8eb3e
UNION_s2,objective,252,0.7058697176257976,0.6965860648701505,0.009283652755647175,2.3548755658502943e-07,9fda82ba3538daa9bef8b18d74acb124de2948ffa8fcdffff97481cae98ecc85
UNION_s2,objective,253,0.7058697176250482,0.6965860686453005,0.009283648979747794,2.892741913272615e-07,9309e8929505d720a20b20e086736218399d473063ecb59082f66400173006c4
UNION_s2,objective,254,0.7058697176239878,0.6965860739796744,0.009283643644313297,3.8034875969853006e-07,4af36a335e30739dfc1e174d72f5589979870c1d07230181f68f3b1662b67a5b
UNION_s2,objective,255,0.7058697176238833,0.6965860783507198,0.009283639273163419,4.6468610811782374e-07,8698a4985d69c4e58f870e242f75f321862a9230895297aec62d0884a67f7693
UNION_s2,objective,256,0.7058697176234134,0.6965860762742374,0.009283641349176008,2.0738043662848036e-07,35d250269f31b2acd3d79267ce58ee589bd79b42ce2bf3c37f894ddb9a2eaafc
UNION_s2,objective,257,0.7058697176229084,0.6965860806533944,0.00928363696951397,1.7275899240881367e-07,af640ea5ee5b4a5cc0480c95c59513d0566c0f7ae75e65850f3c7ac1409fa310
UNION_s2,objective,258,0.7058697176221769,0.6965860848529289,0.009283632769247905,2.0258353213869842e-07,93a51c59330e6518d44b9f2b01e14809ac2ec4554850785ce4d1ad9acff515d4
UNION_s2,objective,259,0.7058697176211154,0.6965860912421619,0.009283626378953568,3.246337268417475e-07,f23255cd03a1c5081c74376f31fe287c2dda866a0518e6f5bb68127678791020
UNION_s2,objective,260,0.7058697176216591,0.6965860978179433,0.009283619803715679,7.990508494433472e-07,baa0a56b888df6f698c4976fefe73e63c20f581aee258e0e42888cc0c6b5c191
UNION_s2,objective,261,0.7058697176206237,0.6965860939242114,0.009283623696412217,2.933328891442844e-07,fc03720860a57b7bf5a1ce95313392d874fe38960dccdd83b3513c8115a35829
UNION_s2,objective,262,0.70586971762015,0.6965860943217632,0.00928362329838678,1.788585961441962e-07,5500ada5f994e0202e27a3113137135d9849b539508a5142cbabeb9b7af64cd5
UNION_s2,objective,263,0.7058697176195698,0.6965860944623247,0.009283623157245147,1.7000308480086584e-07,54fdb4dcc734b74149ee1b5b617917883759f1bd6066b888972b1e252ed6daa0
UNION_s2,objective,264,0.7058697176191352,0.6965860952504812,0.009283622368654005,1.6879340464705935e-07,141d570f8642f764327a8b8474c336538bf445ffe1c0ab888ac2d9fef09a01f0
UNION_s2,objective,265,0.705869717620679,0.6965861021927812,0.00928361542789785,1.351313768206033e-06,d84287c56dbd58955d08cbadeca7cd33a1e5b3fd04d2095c33d56823a6e3964b
UNION_s2,objective,266,0.7058697176189213,0.6965860970455926,0.009283620573328662,3.9516671201192087e-07,e45c4ec2480f1a0b512000148427cf12fa0354cc97fe947cd3bff9098e41e130
UNION_s2,objective,267,0.7058697176184604,0.6965860985636501,0.00928361905481039,2.0698337947648265e-07,a9e2343a867016ebd5a52b23d3816e73d839d7461d62a8d906fbfa9ae108b1b8
UNION_s2,objective,268,0.7058697176181599,0.6965861000557853,0.009283617562374636,1.2599498152711892e-07,f98c475fedd9955963a5de059296c67b5420e821d7ec4d5fc3009dc828511052
UNION_s2,objective,269,0.7058697176178759,0.6965861014949187,0.009283616122957097,1.4705830382715275e-07,cca55c00725a28303759f89f6873310f7e1c79bfebfffa7c585ee848bf8df209
UNION_s2,objective,270,0.705869717617583,0.6965861026370012,0.009283614980581872,1.4494353665826426e-07,74a4be90bce589bdae432c6e1b5582531d2fd52e9ec44babe6a47bf06ebe2b77
UNION_s2,objective,271,0.7058697176174669,0.696586105678758,0.009283611938708842,3.5968606173890265e-07,f6b798a8f643a934377c47d318662a95dfb179945b6869b90a72d8a7669e524e
UNION_s2,objective,272,0.7058697176170782,0.6965861045258769,0.009283613091201248,1.0392594846977833e-07,8bcefd396eb02d6dee5e39631275b63e176577f466f5e1c7c671473f2ab8d798
UNION_s2,objective,273,0.7058697176169682,0.6965861039229145,0.009283613694053623,7.821823978548204e-08,e5e644c19e76fab5fd3836e2db6ff3ba57d2da7d9584edf3a51daaa6a7fc6137
UNION_s2,objective,274,0.705869717616826,0.6965861036183579,0.009283613998468068,1.0480100230631763e-07,4213a099a0215bcc9e387910620740a38e6927ddecdcaac47c9253213dbc5e77
UNION_s2,objective,275,0.705869717616636,0.69658610362911,0.009283613987525982,1.5006379193500534e-07,9b81464cdf0dc634c81eb7f45f8d8c5118673ce153b3b13bb32b6386e9f77781
UNION_s2,objective,276,0.7058697176164797,0.6965861037389312,0.009283613877548455,2.121788353441891e-07,cdbf0b7fc7420d8abdc834b4a42a6ca6784fe6ea656559bab4e90be4fd5bff7e
UNION_s2,objective,277,0.7058697176162761,0.6965861042664927,0.009283613349783431,9.00477549144411e-08,bb6348d1b8f5e93c0889ea8a8009e395be100756cc85b1f79650d8a1567f28d1
UNION_s2,objective,278,0.7058697176161648,0.6965861046304171,0.00928361298574767,1.0428656190607319e-07,b27e90e055858853fc7b6c9867ba8630c0c9934b60ab4381904b190d07934210
UNION_s2,objective,279,0.7058697176160204,0.696586104919402,0.009283612696618392,1.0454889853331065e-07,17ff1116d72a68374d13b2e027859c3da085429995346d61275a5d9fd154fdb1
UNION_s2,objective,280,0.7058697176190831,0.6965860998268878,0.009283617792195288,1.5215814316808456e-06,af04bee7b8631ef7f7cd59b8709bcd4d5ec0b87570f2853b2c73910df4f515bc
UNION_s2,objective,281,0.7058697176159733,0.6965861043605155,0.009283613255457806,2.1460738807209443e-07,ae778707810b788beda107ee68d97f6630875b535fe0a9332de8ccaa218f1a3f
UNION_s2,objective,282,0.7058697176157966,0.6965861043816036,0.009283613234192984,1.3958770774333673e-07,e959827bc3487bac445d2b6c1ac4cd0aea19883988f042f7ffb6a099281fcc07
UNION_s2,objective,283,0.7058697176156318,0.6965861037388462,0.00928361387678553,7.763535972797497e-08,fd822e02955769fdd2567c85f36dde567d9085b45d29d91bc76dc972a4545fb7
UNION_s2,objective,284,0.7058697176154834,0.6965861026108604,0.009283615004623007,9.458549550677771e-08,f9a34bb7e9dcb5352323c168eb5d171ded4270b823c0446369c6baa8926d1c18
UNION_s2,objective,285,0.705869717615339,0.6965861014602829,0.009283616155056098,1.0930295684564942e-07,c790e04f2924aac34f4c3bfdb95fabbd81b84067712cfd1cd0e3aa36b6d84c2e
UNION_s2,objective,286,0.7058697176150278,0.6965860990505356,0.009283618564492212,9.103192756074798e-08,acf1dac6ddf58572aeee6d80bc147f60e24fa489d57026279629f41c1cb53c17
UNION_s2,objective,287,0.7058697176177592,0.6965860914359868,0.009283626181772397,1.054474674980706e-06,8ea9b2d7e84aeb3307f523e3b278e981252694c709769e72b5fe27427dcd85e2
UNION_s2,objective,288,0.7058697176149814,0.6965860981781384,0.009283619436842973,1.5575165849976578e-07,eced62db8b6fe9e83d737c80ebbd710e1e6f84f2f685d18816815e585a675b97
UNION_s2,objective,289,0.705869717614832,0.6965860968958648,0.009283620718967106,8.055739295751677e-08,26bef2f35747cca9f317649d7601cb8df7270361b657c91c5d208fc9348fad0a
UNION_s2,objective,290,0.7058697176147268,0.696586096196899,0.009283621417827752,6.275526357867317e-08,2d86a649654245a2850c1ed0fa9a3055c30cfedcf91966594b8109a136c97ee7
UNION_s2,objective,291,0.7058697176145892,0.6965860949968308,0.009283622617758431,8.72813840737149e-08,145e14bcc1afbc7d16dcf7ee0abffc2f3dad761fa7da42ad7ef0cd3500d831ac
UNION_s2,objective,292,0.7058697176147642,0.6965860932583058,0.009283624356458499,4.038954159878638e-07,f044de02cc6167e472d1ce6e025f3c6420b649e2b07e7c6690291cc7a3b30a6e
UNION_s2,objective,293,0.7058697176145446,0.696586094457061,0.009283623157483685,1.3778249995201616e-07,6190a32b8e113b200d4a0f16148f76a8441a63adb38640593b4a49db5d0f87b0
UNION_s2,objective,294,0.7058697176144765,0.6965860938403073,0.009283623774169095,8.315932961958857e-08,9de6bcfed55790f1e29098b4cc4fb6b20decae038cadaf7765aecc592c3fc338
UNION_s2,objective,295,0.7058697176144121,0.6965860929248414,0.00928362468957064,4.9663282373844116e-08,a6ccbd2735aec8ab351b2ecc0d80db4e8427f138afd8fa3675c3d72d02a28b42
UNION_s2,objective,296,0.7058697176143718,0.6965860922059732,0.009283625408398553,9.529086792855824e-08,e803034a666b78b6d2338cc0acb21e9080d145e3d68fef492dadc3c440b4062e
UNION_s2,objective,297,0.7058697176143183,0.6965860910908174,0.009283626523500869,8.852704387818721e-08,00a2651c4b924db63a8931c9af7f6358066de83c7bb66282dcd822dc45bf5ddc
UNION_s2,objective,298,0.7058697176142644,0.6965860887143811,0.009283628899883321,1.9593684289097307e-07,a0814885908c049e62c997d11befd0a80f146774bdb2913d05f9314fe25b7a37
UNION_s2,objective,299,0.7058697176141984,0.6965860881284481,0.009283629485750254,5.295893322961943e-08,6869c2fbdda307b9c7b1241194bed5639d60bc34e045ad0f5ec64637164dcfe7
UNION_s2,objective,300,0.705869717614176,0.6965860878656476,0.00928362974852843,4.7293204075964175e-08,0219ef4a05866519bbf742c80271c790a7a22af83946698a2988955ed1aedde7
UNION_s2,objective,301,0.7058697176141638,0.6965860875835048,0.009283630030659046,6.314809351929665e-08,5dd4db9206b96c6fb2b6f2338b9d12d2e270a306460bed8381b481c72948088a
UNION_s2,objective,302,0.705869717614129,0.6965860867381147,0.00928363087601426,7.262360035220348e-08,3a2f6355d97b8eec29748676aac2b7ced4ae0fc893c388cd1ee6a9756ba90532
UNION_s2,objective,303,0.705869717614145,0.6965860829132915,0.009283634700853458,2.471535842205101e-07,68bd9aba93db9871c5b4dbe389113df98b94d5afce10aa168d5e2c3045c3ccda
UNION_s2,objective,304,0.7058697176140952,0.6965860850102513,0.009283632603843944,1.4078188142920678e-07,d1e233f8f1cda49b3f2d6b8fe90ce0d0060f4f0a7d060c57c2d7524f6f1f51ba
UNION_s2,objective,305,0.7058697176140218,0.6965860832444822,0.009283634369539632,8.367555302247273e-08,d6968756fa6648f80c9f8bbdc5dc9639cad35fc99d0fbabfd33aa6a4427e1fb9
UNION_s2,objective,306,0.7058697176139702,0.6965860814698976,0.009283636144072537,4.829586972194144e-08,06d98d2ec2116ccaf188949d69beb52e219a08ad46486242c3abd09d039004ec
UNION_s2,objective,307,0.7058697176139503,0.696586080196306,0.009283637417644326,7.915637683114107e-08,f534e94d9320129c8db4aee16d8e72f319b85f53a381fb537a29321626ec07a7
UNION_s2,objective,308,0.7058697176139358,0.6965860802236525,0.009283637390283303,4.6727833167486647e-08,6756edfc09b7a6b194584d7860a8c62a67e9e2d4f5dc15eaf373be8303955588
UNION_s2,objective,309,0.7058697176139253,0.6965860802765504,0.009283637337374756,3.1842245973875764e-08,b442febac2d0d69b39cb778d0675ef679fd5849388bc110f5641e48dfd5b5e73
UNION_s2,objective,310,0.7058697176139077,0.6965860800562369,0.009283637557670777,3.967566095183505e-08,54c54266a119f2d07427898e54c64f7adf7c5cb315e2655df31d099660546380
UNION_s2,objective,311,0.7058697176138902,0.696586079559337,0.009283638054553104,4.39486898147317e-08,84dbc087d0b39ae971719cde65e2c92ecb8de9b535c4a9b8ed1b238bc9212c22
UNION_s2,objective,312,0.7058697176138921,0.6965860777802595,0.00928363983363253,1.8216611191133683e-07,152e485dcce4676c6f80a7847dd790a80945aedc3257e50f3de124f02b9dec06
UNION_s2,objective,313,0.7058697176138741,0.6965860786950846,0.009283638918789512,1.0493769467055128e-07,afb68d63f9be3867589b8e16077ed6fe6d1fc815640f7e83c138e59adec9c73d
UNION_s2,objective,314,0.7058697176138428,0.6965860780417105,0.009283639572132317,5.3949014767827465e-08,caaeeef7ca46844fd6ac6f8a840c514f85259a71154241e959312ba6847bc24e
UNION_s2,objective,315,0.7058697176138246,0.6965860774456281,0.009283640168196489,2.734222784990262e-08,1ac553dc707ebbf462dd7268a2f8f540d76f43dc776ee405c510febbcfc64759
UNION_s2,objective,316,0.7058697176138103,0.6965860769399651,0.009283640673845255,4.3505300355507677e-08,a56e81d04fa9acdbcd94bdd141581348fc71fe69ac08507c136c5b2a2c1cde13
UNION_s2,objective,317,0.7058697176137982,0.6965860764434566,0.00928364117034162,4.958971904928023e-08,f4c4cd7be06df3db06ffd9c62c87b1a8ad53e19233e4432d81ea99d71f7eae9a
UNION_s2,objective,318,0.7058697176137724,0.6965860753818884,0.009283642231883974,4.8963303988746457e-08,42abb9570d52d0ce0a0198292ee048ccaa7a96fb423cb788cfad3e96b7b9de24
UNION_s2,objective,319,0.7058697176138438,0.6965860740423406,0.00928364357150314,1.8734818954030544e-07,b4c0beb6485e3d1d14f5fd37994020f68721d5e656f7aa0ec7886018c274f579
UNION_s2,objective,320,0.7058697176137665,0.6965860750897658,0.00928364252400075,3.1611821593288906e-08,0c99b46fbb8bb33efb56835de518bd9b1ae2625efcd05e84f0cafc87678561dc
UNION_s3,objective,1,1.3857607605189974,1.3857607605189974,0.0,3.275615757419392,4b39c64bbb665b6806871c126c8edca4d7c9046530c00f64a58a52579a7f1f2e
UNION_s3,objective,2,0.8210194617658412,0.8209694617658412,4.9999999999999996e-05,0.11693480092286186,47486496c0fa5b0a6dfc1d6770c9eac22c15af435ad594467656668ed9d5ba46
UNION_s3,objective,3,0.8171834021026355,0.8171354902421331,4.791186050241558e-05,0.10883389501746753,eb6a2ad1b73e471ef4d47c84561096b3182c2f8e8d55f0445c8b9b616031a6e7
UNION_s3,objective,4,0.8049448862770257,0.8049041723459097,4.071393111596076e-05,0.07359140178926402,296913d5057812dc52bbcee91d61cb1d8639d440667fdbb2a22dbdc16df1aee5
UNION_s3,objective,5,0.793789312486945,0.7937539540538864,3.535843305857209e-05,0.09468080275353537,1160836b6f31cb38827f91f9e76d06767dd3876d7863008630950741d75c1124
UNION_s3,objective,6,0.7880385243127502,0.7879982053530724,4.0318959677861514e-05,0.04767255679462156,4fc11c9b20ef05510be4f218ac24e1a64858508865bc0472f87e14c200c3f75d
UNION_s3,objective,7,0.7810680769920895,0.7810113803792621,5.669661282737593e-05,0.02835522152111254,a21c81888240e6d573d89d0d64f83dab12404328cfad0b0c04b9698d5186f2ed
UNION_s3,objective,8,0.7764947689484757,0.776412498625193,8.227032328264785e-05,0.02050803100330326,a6b058e6739f5bbcbfb9c3dd2b7be66e737114d0d02fba3358e2407a7f34bd22
UNION_s3,objective,9,0.7722483378451016,0.7721306718514293,0.00011766599367238242,0.02230701277959527,fae6a6c3f4502e79f13836ecc33f4b3a7d106274e34c11cc768e08aa271ae12f
UNION_s3,objective,10,0.7659561905070092,0.7657484462179595,0.00020774428904973897,0.024312036817963876,327226e917d917065e916bc8e37ea961301f3b5eefc6de6cb90ce18e8eeaff8b
UNION_s3,objective,11,0.7621915341765022,0.7618069429975458,0.00038459117895643544,0.030871411872015045,52e94bbf03e2877d96c892dfcb7fed2c4aa2abe18c5e164a34090a27c303f8c1
UNION_s3,objective,12,0.7590163452587633,0.7585676667167951,0.00044867854196816364,0.015193642130453842,24f4cb7e21e8a218b22ba17732abe0949b42d3237b722a7306f2d31f6b6b06a5
UNION_s3,objective,13,0.7561036046568654,0.755547490332294,0.0005561143245714488,0.01570409912887155,aa61655fa82a863511426e76df281e25e2019d895f778c1f857a70bca9ba92c8
UNION_s3,objective,14,0.7526645162109433,0.7519238693916751,0.0007406468192682644,0.015401480837096849,442fc46924ff003a96932ebdf47bec72fe3f512a68bd377396799979e125f8ef
UNION_s3,objective,15,0.7482996481377361,0.7470372734997832,0.0012623746379528413,0.03008302234949978,ed2d015dd478e3e2d0dcaf60015ff53a1067fb797a5dc111c84ba16989dadd54
UNION_s3,objective,16,0.7457443930360499,0.7442219292021172,0.0015224638339327785,0.011118182500187958,70981a2851a5e59351a8fa7645279621947cac2b5c23809fee416185b5c0aaf4
UNION_s3,objective,17,0.7446834830170656,0.7430494648365108,0.0016340181805547247,0.008300162267763051,3c4f660619ea32dd44c637374a705f338d45d4b90e82ba955cafdfb53475f444
UNION_s3,objective,18,0.7436098226244725,0.7418290070650537,0.0017808155594188136,0.011939544953831933,4374e3d1a2e2d1e614fbc19c9d6fb91a1afb3f05b0936d025f80c41078dfcb05
UNION_s3,objective,19,0.7422248899435663,0.7402375271624936,0.0019873627810726552,0.012837626913413063,66bfd50ff22a30f4fdef403c134052127a7ca762c91f239fea92f4ef019845d2
UNION_s3,objective,20,0.7413691048329368,0.7391136732520318,0.0022554315809049734,0.011010234041329755,25297060e66ff9a0fdf4d69ce0af2f94e26385ab008b36bc05a0a4dbcc4ef34c
UNION_s3,objective,21,0.7407393371484923,0.7384362454295416,0.0023030917189506986,0.0053620756468113605,fbfd02a594fbdb5a54f322c1c172a3f5fadcaf2ba55432149dea71b189bb98c5
UNION_s3,objective,22,0.7402941861990066,0.737957672562971,0.002336513636035597,0.006930062285133286,be0f731ff46137c77d1e5df9961da4dd5a43f133bfd56698f4ff97158d972698
UNION_s3,objective,23,0.7397718565485983,0.7373273262579575,0.0024445302906408862,0.009258928604786679,8c58262793b79f9e13eb3564497e47566f41045da83d9e20281fbd5d100b4539
UNION_s3,objective,24,0.7387268973131279,0.7359321369050393,0.0027947604080885507,0.014534132615308486,db70951c8a989b9a027a7f085d8f76cf4fb5cecc22d07d60109f0b01ad38d51d
UNION_s3,objective,25,0.7376516098053695,0.7345557367769721,0.0030958730283974613,0.01161800818706687,17ebdcb6637017c26472c9af40b7b5a7d8e453cec0e96bd523fde0e4d03a7c48
UNION_s3,objective,26,0.7368058563706508,0.7334999515625934,0.0033059048080574245,0.007950503805259084,58ce8149d74acd6843eb22d28d90744da579a3abe3bc966d5d478ef269176ba8
UNION_s3,objective,27,0.7360810926976118,0.7325373308864888,0.0035437618111230857,0.006764567606449474,7ae003b4e6d5f354fef89e10e300e060e9f7e7a603a961e16b901a9a612d5c0f
UNION_s3,objective,28,0.7354481153004803,0.7316724095745137,0.0037757057259665454,0.0095401009691034,48fde59321e23cb974f9d021f1e673109a552d71d7957945528cf1b233d214b7
UNION_s3,objective,29,0.7349635849292953,0.7308119581848584,0.004151626744436803,0.009576402350279924,5033c814e826aa7731fdae6bf621eee5602ee14e7eec57bd638e429d14316458
UNION_s3,objective,30,0.7345110413682147,0.7303347909984791,0.004176250369735565,0.0064822103148209605,aee6afcfabb1e3d92b4979183650c98030da24a82be1179ecef34ff0297cbaa6
UNION_s3,objective,31,0.734013673510032,0.7297964543117221,0.0042172191983099174,0.006259805993296197,89e437a62ee7cd46b4e66f30b41843d660ea2912766ac3852ba2c42125aae81d
UNION_s3,objective,32,0.7331687839747079,0.7286768336690612,0.0044919503056466935,0.008596863858103286,e60f25cdda24e6e564093750a34aca9c8b797de57cba428a1526534b29a1670d
UNION_s3,objective,33,0.7325008770999825,0.7272954879310977,0.005205389168884805,0.017414859017276435,358982121fd55fe4936e907fa0802f3dd913214e59767fa45a52b06fa4129a89
UNION_s3,objective,34,0.7316906826597693,0.7262518906042198,0.0054387920555494865,0.005829457911236661,ed7ca954f9db86359d18c5c62e4d74d960cd65d7329494d346dc7a2262b43f9e
UNION_s3,objective,35,0.7313638501418757,0.7256923790574202,0.005671471084455415,0.005262235178892362,f4850856ec4cbb8af1296859a4aa5812d90b5b6752e7503239fc5ecdcb2032be
UNION_s3,objective,36,0.7307784685673995,0.7246614425732635,0.006117025994135982,0.005593890846274806,389e29359fe76cb53af3d60b66ae2e77c1fd4eef6c8f03b5430493ed91a27a4c
UNION_s3,objective,37,0.7304551346152456,0.7236546148209257,0.006800519794319852,0.011267089856921935,37b71d80f3f632b412ab42868c968d3e9f176c321772f1b6f72b2c4178e9c72a
UNION_s3,objective,38,0.7299676375802516,0.7229043717005288,0.007063265879722827,0.0037735121030959135,cb12c5dc938bfe01e77ea3323d8a74ba4e6c8780d54283149f391de50fa204d0
UNION_s3,objective,39,0.7298181768384172,0.7228306136754825,0.006987563162934687,0.002973726532214398,517fd65fe56f6f22aaf1fa406474bbd8493bffe2e7701c809abbf81c9e19f6db
UNION_s3,objective,40,0.7294457881601824,0.7222920324671744,0.007153755693007884,0.003792915791451182,59437a37b70cc40ee66bcff7fc4f22bec85f152403d1548dbf0315fb919f8cb5
UNION_s3,objective,41,0.7290504650977092,0.7217210464903726,0.0073294186073365715,0.005515279945314503,1a984dd2a98cca649a5bb5f2669184bb50a8529357d09a5ea1f0ffe5d11b25df
UNION_s3,objective,42,0.7293089338318605,0.7209447174077206,0.008364216424139826,0.020113773825551937,08503f44e106ec5da0e5f87448f75b56fb1a53d5970d3eb9fb063a526ae85359
UNION_s3,objective,43,0.7288506581259162,0.7211267872602164,0.0077238708656998485,0.006803992371481308,5daa1e8afc6c665a09d318ea3d7f0dc6edd570ab8652b6effc9ff48e354740d1
UNION_s3,objective,44,0.7286533116361851,0.7206819188736305,0.007971392762554545,0.002812101079893019,ae436accee53e118600cef9a631438f74edfbf2b089dd4035365b25c7cac4430
UNION_s3,objective,45,0.7285698431788663,0.7204182454864814,0.00815159769238499,0.0019918928185575294,c80420d8c38b85eb4179088096705f7f61c94a424c35f05ff49537ac46f2c495
UNION_s3,objective,46,0.7284990718645945,0.720213144050742,0.008285927813852515,0.002454600947309951,441c7f865c7faa2a7da1bbc8786c60f9f62738026fd38091eb805cdfab7089ff
UNION_s3,objective,47,0.7284507200875758,0.7199741242420574,0.008476595845518367,0.00535156096599907,a4f60f4cc4b52ef30a24a32c4d38263cb992b15eac1d381c1a25b0b701f0b22b
UNION_s3,objective,48,0.7283710322026925,0.7199129018377095,0.008458130364982967,0.0015875961707787385,71941e99adfb9a4ee488062f3f65697d3923437da9b75e6b4f83c0a171168dde
UNION_s3,objective,49,0.7283488114333686,0.7199239860051263,0.008424825428242274,0.0013436853271783073,1625d8217a1d1c6bf94d661e37c6b2c6256c2d2bfddfa8e4af132770fbef8c31
UNION_s3,objective,50,0.7283193839103024,0.7198758782169516,0.008443505693350737,0.0018127235835713625,cc5cacdb2b3a60009dca2549fcd3c29a0fa678c7b27c82bb1f8aa564b1857074
UNION_s3,objective,51,0.7282849293799905,0.7197982332323936,0.00848669614759693,0.0014044518986843758,ef031de917458f152afd524d60907360c87eb68f5f34c189b9172ff245198e26
UNION_s3,objective,52,0.7282452003051412,0.7196159549071517,0.008629245397989458,0.0014401385080756376,9515fce8aa470df624ebf5329d6a0aeab958becdd27a6c4887678588fd3a0d2f
UNION_s3,objective,53,0.7281731698726259,0.7193281711192467,0.0088449987533792,0.001291448698971508,6f9dd17b1c92a4598d6d747606d018acd3555cb25808eb715ba8aa7b37609ac5
UNION_s3,objective,54,0.7280949799906812,0.7189975756035675,0.00909740438711373,0.0019823693140156636,f9f9967db7338356b20791d4883c35e57f436915b509dcada1084686a8aa34f1
UNION_s3,objective,55,0.7282396700472481,0.7187457299519496,0.00949394009529851,0.010660508101217166,ebbcabc08001156ff7365e9687e0222223a2d443058baf4af61ee579d177da02
UNION_s3,objective,56,0.7280744111044984,0.7188757674918632,0.00919864361263528,0.001857457445910332,bff54e2e9af6d00665125a82faffc60a2b6591b8d7a00d48a5aae37836621a1e
UNION_s3,objective,57,0.7280530857180814,0.718832451660445,0.009220634057636411,0.0009203517381960338,0472cdb66d086b6720e921a34abfe369d6d8eaa4ac74d56eb9323e337a97a0db
UNION_s3,objective,58,0.7280408127752481,0.718829098135635,0.009211714639613093,0.0009476611094176488,433ce2a72506e212c661de37c9d3fabb0e5d7e9dda328059e755190e4c0f91ac
UNION_s3,objective,59,0.728016111574169,0.7187955741806104,0.009220537393558652,0.001124519341722582,3e83f9fc3a1e7912d453ffd7f7a4cbfe88571cff7db8e1880b0011144dfc313e
UNION_s3,objective,60,0.7279748728830973,0.7186931184905997,0.009281754392497555,0.0013761146461697342,59e82cc40723ece318b62cf825d7c79bfe77efb2ac1b8f2e1f87d5c5fe390677
UNION_s3,objective,61,0.7282475727526879,0.718886712722794,0.009360860029893852,0.012969142569164453,12d182489fff76a7b697d0da311bcb05609fed61c628b1f8ebc77d67ea41426f
UNION_s3,objective,62,0.7279681212517222,0.71867632941784,0.00929179183388213,0.001632704682476689,a0052f66cdfd758495e9f4b674120f0c2d11949ab50a201207555b2c60d59f1a
UNION_s3,objective,63,0.7279389225540415,0.7185662220747087,0.009372700479332849,0.0009337220756566469,62cb0db31e68e96bcc0fb34d2ef7ffc7afad9af993840dea986d27a1b701edc1
UNION_s3,objective,64,0.7279211557018934,0.7185314567549381,0.009389698946955325,0.0010163848378057813,81478eb1919fb72a25c80cc60f17f10b0966bfa7b5edf5d80a031ba80f084efd
UNION_s3,objective,65,0.7279067784828476,0.7184994822365175,0.009407296246330122,0.0006962917829753884,66436a87c531e3b3a4ea6a64d441019c249b48f62a923bbdc892c5dacd0b1393
UNION_s3,objective,66,0.7278923433564268,0.7184942310775745,0.009398112278852316,0.0009171718549358984,acb301d6e35d4e75c24e739e63b933fd65c1e444f8dc048b53a311cc73f625aa
UNION_s3,objective,67,0.7278704225714809,0.718489303181194,0.009381119390286971,0.0006189337384968172,343181ec5bc0583bdb61d1e35bcf187e274e53e439170a4cc177cda0c51f16b1
UNION_s3,objective,68,0.7278527294804921,0.7184933868532869,0.009359342627205131,0.0008787757401824543,c9f8fe7483544654c6aa57b07f55d3aad6b7c4fb37de6a06caa1e2db8f263376
UNION_s3,objective,69,0.7280447822491336,0.71868393978471,0.009360842464423562,0.012213730170176367,60c169e5ecabe19412462f8685f2713ffea3609dcaeb5f356caac6aa63059e5c
UNION_s3,objective,70,0.7278504158146015,0.7184911898316426,0.009359225982958885,0.0007734639696735297,b41cc3f2da58ad87075056dfa06a9c0af125c655c1ed8ba342431f7aa07cb378
UNION_s3,objective,71,0.7278455551974746,0.718486347797121,0.009359207400353635,0.0005730450560774801,e3b6ae690d38646cded2433625eec79d70988cdd75d3fadce733be551524ee08
UNION_s3,objective,72,0.7278377594267019,0.7184827712198715,0.009354988206830402,0.00046902841835843196,d30e101a672d3741e7c88a450b90e95212519be60809bea30e5c331aa16a40f7
UNION_s3,objective,73,0.727826470288978,0.7184742103061798,0.009352259982798199,0.0004986573827686156,0ff81af66f532616e248584e157d8df4d1d45804b8078db6b53b2dc08465b361
UNION_s3,objective,74,0.7278202876641141,0.7184663135973781,0.009353974066735977,0.0013592287218601418,7946f1a3310aa64cc3ff8f59786ce44da9acb69dfe4f99e39874ff93d48de322
UNION_s3,objective,75,0.7278148721410616,0.7184648841777441,0.009349987963317399,0.00078630347600895,9a60bed4be48e2e51ede577fb0565eba74965d106c981ba5eead30e976c8f561
UNION_s3,objective,76,0.7278120455285679,0.7184629968045538,0.009349048724014078,0.000520399619132117,93db4efa59b0aed2fb69d3a9e1a0a4a689b772a02ae8189e7da7babdcff66b20
UNION_s3,objective,77,0.7278078932054837,0.7184619564732307,0.00934593673225292,0.0004682323029924252,753de9165639cab75d518d7c3e185a2e2d37407ee4d64bbee55957ff27febcd9
UNION_s3,objective,78,0.7278032005637489,0.7184609543922157,0.00934224617153318,0.00043555685850372506,415056a1dd74fe70b77f0e7462c5a0964641034ec4247c52f573a4d493eff12b
UNION_s3,objective,79,0.7277969678465799,0.7184623467293886,0.00933462111719127,0.0006746357297543941,a3735f8e75c2637cc336043fc3361cf86d79348bd39d9f10e21aa85e7844b14f
UNION_s3,objective,80,0.7277992030675849,0.7184692385011016,0.009329964566483408,0.0010886910009648212,4e67c85536962f788c4d9aaedf541432d4239523238302c741ac93bcc5c2c608
UNION_s3,objective,81,0.7277941139889907,0.71846156104965,0.009332552939340821,0.00028880495231577076,d99ee5d3b5293b105238d40352bc7aa55edf0071302e308ce284365c77031c00
UNION_s3,objective,82,0.7277918127654838,0.7184625676238328,0.009329245141651002,0.00043007402043604756,7e97740f6643033486613b6e1664d37cb6cd0f449042b9a1729ebe3b74e6bed1
UNION_s3,objective,83,0.7277935415824349,0.7184731653858561,0.009320376196578764,0.0016801084028234452,6efea70c00311843fb13ee425f2884ecb5ca00d1727a2209297cf7ed89b1ee23
UNION_s3,objective,84,0.7277903482117605,0.7184647286586541,0.009325619553106347,0.0005588160824056333,fc67c3b177c5cd35ea52ec82178d58ccdd3079c0c5963c78d9c22d504ba00c8d
UNION_s3,objective,85,0.7277888413185128,0.7184659399110767,0.009322901407436184,0.0003058823192026511,eeb6ee0a51e3ae998f1cebb775d30cb6f33d2ca95ace623bb6378ff120b4c570
UNION_s3,objective,86,0.7277875583810198,0.7184677001492945,0.009319858231725368,0.00027626657061565797,ad205b83ccd6d0444bc31b798639ed9114965fe963b3006aa99a4f6309bf6a4f
UNION_s3,objective,87,0.7277859228831268,0.7184699686583799,0.009315954224746927,0.0002584481154320838,81b9baadbc7f90bc9c313104114a0fe3602c793dbecd34435914a3a98846aa73
UNION_s3,objective,88,0.72778563085743,0.7184737435832564,0.009311887274173543,0.0014350357223980575,0d31c90c57c3ef88e72776899e398652ad83ec95879045a0beec1f6f282c9473
UNION_s3,objective,89,0.727783040608635,0.7184724198053914,0.009310620803243488,0.0005436520813889876,ceff9e0a186a7f41e3bab8848fde6463627f69aac8d674c306f53120c597278b
UNION_s3,objective,90,0.7277815502780478,0.7184717836808465,0.009309766597201296,0.00024865790513219294,85a5f0309d8381a581a0a24219f2fa98faf48dc2b142eb9d76fb9a02bde62668
UNION_s3,objective,91,0.7277799910676114,0.71847179685417,0.009308194213441433,0.00033666317698647264,b5972519881dde090ba56d62a1795a2b3ec33aceaaa31e5339ea161129b4ef24
UNION_s3,objective,92,0.7277790099049075,0.7184719913984747,0.009307018506432806,0.00024312650077240686,acd3a6f6bc1e5c02a6ce0a3691b2f4476c7bbb2c85aefe1a99facc891af29bbf
UNION_s3,objective,93,0.7277782965723755,0.7184698737100513,0.009308422862324181,0.0003638800720440238,7f8ce307ef6b141759544e659a60c38508e7ca9e8f8b594623fff82704dcc965
UNION_s3,objective,94,0.7277768276592042,0.7184700590954419,0.009306768563762271,0.00022054227148875872,ddf27dc3204dc0477b8cca7fff584aef68739655d492f556241081fad0f1521f
UNION_s3,objective,95,0.7277757858652127,0.7184690534177502,0.009306732447462489,0.0002660893774352797,cffdae3a841274db0c65e1a34e3a1f70deee0a464214d0cffd450104cc9e7427
UNION_s3,objective,96,0.7277772167670529,0.7184706049097868,0.009306611857266105,0.0012765233321262762,0c612442488ddfdc3e1cf65ad771f18945ad8e4e72746f05146435e21ad470ac
UNION_s3,objective,97,0.7277753530945983,0.7184686836749371,0.009306669419661177,0.00034894667388893374,34a8cf3de8049a5e69d22b0b09d343fde8ad04c1eecfdea6b8fb9b472b7da314
UNION_s3,objective,98,0.7277746311253944,0.7184670524832394,0.009307578642155033,0.000151783266920214,67e8683e15f138d97fead7fae75517ea3dd57617b6f2a5119c116e3e77a02882
UNION_s3,objective,99,0.7277743462337222,0.7184664347066924,0.009307911527029793,0.00012577864344231888,8aec1eec5414e624dfe8dc6884806022918fb6a42ca4b181a49aaea5ff33ac20
UNION_s3,objective,100,0.7277734815602854,0.7184636960501786,0.009309785510106885,0.00014706732131655287,4ebdcfe2abb001e9e5ec2393bb3c9ccc537fbd4ceff0a90ed49a7ad40d629a80
UNION_s3,objective,101,0.7277729118515919,0.7184614092540655,0.009311502597526323,0.00037211061124047993,30d67a36b5c93f104b2f4aaf688f426552d4ab1bcdb2d37acac7dec1ac55ed58
UNION_s3,objective,102,0.7277723650590445,0.7184589805849865,0.009313384474058039,0.0001821340493334155,53560d8abf625f1ce0d440000b4958cced18f52c3f7e54a7ced94686d587784e
UNION_s3,objective,103,0.7277720337106653,0.7184580090077046,0.009314024702960685,0.00013995686209399816,b54b701c80b1d2321e68d0bff7faca0bc8abaca472ef6815d2b6c5d0c604126a
UNION_s3,objective,104,0.7277714758005133,0.7184555878654485,0.009315887935064786,0.0001243537698961233,cd1dbef631b749eb2172ff44f14b8f292df0323e2e4f8dccb5611648810e6669
UNION_s3,objective,105,0.7277709396790777,0.718452266213669,0.009318673465408657,0.00014125512937930476,7504870dccadf02d0c91ef3614c577bc3b6953afaaa17cde67d69b2cf88f0d96
UNION_s3,objective,106,0.7277704879444482,0.7184480022908027,0.009322485653645499,0.00020447865798518702,c2010742d1d81c5ff6dcb9df8ddd991e9dfe0278743bf528c741b820df268459
UNION_s3,objective,107,0.7277701176800734,0.7184457597860534,0.009324357894019933,8.449410753039826e-05,5aefa8af07cb4d60c43ca126be73782662efdcea749f964474deed89c560a3fd
UNION_s3,objective,108,0.7277698810950579,0.7184445972296406,0.009325283865417316,0.00010035175741549256,2536d0a13e815e44b05f70a479f382e84a9a2ddb9400af1e363f3db23520a90c
UNION_s3,objective,109,0.7277696268533782,0.7184423076237432,0.009327319229635058,0.00034461319320435157,e9eda72dbe3aa5443a23f0704763b453e85d0fa1f08ebf602e905bf64fb1085f
UNION_s3,objective,110,0.7277692010043927,0.7184401479851106,0.009329053019282154,0.00019793127111672747,6b65e6b17485ffd4be63c7429a5c809ce55003a14ff25f841a16886413216777
UNION_s3,objective,111,0.7277687354163622,0.7184374079058823,0.009331327510479966,0.0001979344378177323,e64f7726a75a3b07bbcd52a8fc233d45dceb21a97faf2c303f9a49194f057602
UNION_s3,objective,112,0.7277682149034919,0.7184329507229749,0.009335264180517054,0.00016738594174915689,97add5395a071ffa37db17afb5f7b2248d555f7eed7ea8c5cae4a86015c808cf
UNION_s3,objective,113,0.727768133016853,0.7184301973115843,0.00933793570526866,0.0004933855778996543,254216830368a1d6ab05773048194563d04eba2cdf77fa6edc270a540a3f788a
UNION_s3,objective,114,0.7277678064246056,0.7184289789116919,0.009338827512913657,0.00020120364309740907,a11970e543bad96f395dfd4715276bfebadb5e286e86e7ee66d746de4afda440
UNION_s3,objective,115,0.7277676151243498,0.7184277973186844,0.009339817805665404,9.61599596849289e-05,c436dd6dfc864fe83358406b26470509165d4d7953f1c784180ffea6b1867823
UNION_s3,objective,116,0.7277674489065956,0.7184260724743979,0.009341376432197675,0.00010390834085637058,75a5b06e5475599d0a64ab7f870dc62b926120897a8aaae0f5d66406574eb2a7
UNION_s3,objective,117,0.727767299021867,0.7184247745349084,0.00934252448695865,9.834515544519977e-05,056ea8f824fbfd2227b8873efbf5a8b39f4ab9f301afa3d91aa15f8df95f42fd
UNION_s3,objective,118,0.7277671230149487,0.7184216680127581,0.009345455002190594,0.0002398857656188214,21c4f42fffcfbba5696db6cfe4473acaf6836fc2777796abc369f92a7a73b636
UNION_s3,objective,119,0.7277667937347607,0.7184184768994194,0.009348316835341321,9.874312862999474e-05,e0cc7c78ece33e2057787da8c4233d112841d57e2ecf18272b3624b2006ec8d2
UNION_s3,objective,120,0.7277666853358081,0.7184186827451322,0.009348002590675888,6.430415270512807e-05,16bb5d64df21909a7d7ed6eb9a0c1b2313899f9ec2c9267dec538b0631cfc335
UNION_s3,objective,121,0.7277665767212887,0.7184174215605661,0.009349155160722678,0.00013385133547840934,18f2b8fea1c99ab6bf6ebcb65d223268de0531ee42b9533e0c866063b4cd1c63
UNION_s3,objective,122,0.7277665292393423,0.7184163029502367,0.009350226289105517,8.379521096236557e-05,f91a2d5dbf111c60898ff5b8dfdf797704ec72ac378e5de61fdeca93fcf75d23
UNION_s3,objective,123,0.7277664832426577,0.7184155426213686,0.009350940621289015,6.144502870509106e-05,68668098edab21dd446de3fc97b39cf79cd0f6bd6b3d3a0dc8060aeeec13729c
UNION_s3,objective,124,0.7277663631463782,0.7184130156779911,0.00935334746838715,7.757409458883087e-05,2014d498db236e69a41e786e87aedf9eb9ebfe251052240d6f9030b9e6b60285
UNION_s3,objective,125,0.7277662740051454,0.7184114018363253,0.009354872168820076,7.637261152457368e-05,ef32749a2565cdacaddf67c069c15d828dce9e4e9192516e64b82a23ac2794ab
UNION_s3,objective,126,0.7277664764117309,0.7184076376948453,0.00935883871688557,0.0004998358380973444,f56ec66bddec25b223c488ac72ee8137709c75777324e17af983e13d61e0a560
UNION_s3,objective,127,0.727766200540291,0.7184099831334647,0.009356217406826253,0.0001791786043738788,4be02c560ff473e6e382831c43f141596d75da492636c457eaae4af289077d34
UNION_s3,objective,128,0.7277660838373905,0.7184080100757133,0.009358073761677164,6.51775038472414e-05,2d9e4f8a94c197e1dcf569592dc5bdb0f84aa49c66a582dd62552935a5a302bf
UNION_s3,objective,129,0.727766046517186,0.7184079152671725,0.009358131250013538,5.507922093620909e-05,5f5885c741f1c71675378cdd4723a08f6b10b9e41c1edb0160979e7c7a298ac7
UNION_s3,objective,130,0.7277659843674311,0.7184076347904703,0.00935834957696082,5.861740601592189e-05,acf6fc912a5b71126e5c65dc9fca3b0f3e479ba55dd6c6df94967b832c6aa77a
UNION_s3,objective,131,0.72776590413434,0.718406390888357,0.009359513245982894,6.015100480874455e-05,4441fa6e85af798485332f26273d265108ec9c7f95edfed3bb97ca9837deae4c
UNION_s3,objective,132,0.727765787968314,0.7184033158384961,0.009362472129817839,7.411488664598053e-05,caa0b1b916a6ef2c4d6de44d614fbc7a5f7ddc78a55f382732f42d59ec1662e2
UNION_s3,objective,133,0.7277657106502491,0.7183994690560846,0.009366241594164442,9.575260943195663e-05,5a85fa5397324de30df66b127e78a2d340e49a75dbd1c4344dce11c1d1ac6482
UNION_s3,objective,134,0.7277656815759086,0.7183981239822513,0.009367557593657294,0.0001614521133256131,b8c67b65827cee2da0cb094294f069424a5f8bf0d6c99de9b9642b46ddbe39e0
UNION_s3,objective,135,0.7277656363164456,0.7183983504064186,0.009367285910026979,5.714085046434461e-05,2de8e5308859b82e90e56b7f2d7248440615f101edda592a0fd4cc2f22500195
UNION_s3,objective,136,0.7277656135129403,0.7183979713170275,0.009367642195912764,4.186688869840756e-05,84d383efc8f9566c40e6ef60f83fcd8b5ddd77f05f0ed634584cb3729ea09b73
UNION_s3,objective,137,0.7277655845174738,0.7183972420075835,0.009368342509890283,5.4880682721734604e-05,e115987128ffa07b0f0d62331719e10c8b18dec4297f4c52cd77212ccd79b3ea
UNION_s3,objective,138,0.7277655228116455,0.7183956896742207,0.009369833137424807,6.511942562657523e-05,07057485f1704e6f917ca7e794e92c9ee8390f968b5c55e5c3969eb01fbbaf04
UNION_s3,objective,139,0.7277657185837282,0.7183944341553262,0.009371284428401993,0.00037061603729899087,de094ecb667b5ed579e80cbd8517195c0c0ae3b19c845893b773a6ab68d400dd
UNION_s3,objective,140,0.7277655060869678,0.7183953563275848,0.00937014975938301,8.585561754973014e-05,11e7697ee8ab94a506d3c11f93add040e282f20e562bd71d458173e3c46e6a88
UNION_s3,objective,141,0.7277654589577038,0.7183939055297431,0.009371553427960666,3.980805859543604e-05,ed8c040e4e8748962672f6ec1573213aeb079113c6e42bb4d9c5b4048e2d5fbb
UNION_s3,objective,142,0.7277654356098827,0.7183935472151064,0.009371888394776345,2.8070962518990777e-05,d60fdf9b097a61b09718d640fcfa9184a43f2e6fa1b35f79f85a04ff7eb179ed
UNION_s3,objective,143,0.727765410086661,0.7183936210941348,0.009371788992526154,2.7695142653118022e-05,5baf326b8b24dece4450e2f6364a13fa33975098fcd48fe77dcab11bf56554aa
UNION_s3,objective,144,0.727765391454254,0.718393333219715,0.009372058234539045,4.3407871323099765e-05,24b4bb7d468188f1d1524acaa1db68c1fcd236b58e514ee51b7425f6e651913a
UNION_s3,objective,145,0.7277653688293111,0.7183939538029168,0.009371415026394221,2.647433326854093e-05,5c531104b4a6e0aa6346fe4f62c372a5836c2a5383b41f5b0ec242f61f81d54f
UNION_s3,objective,146,0.7277653492445073,0.7183946653806689,0.009370683863838446,2.4957456635730444e-05,2dbceca5ddbaf2ba29ff74e014a09bade783ce61b9af751394d9551df71a442b
UNION_s3,objective,147,0.7277654412618553,0.7183961239861382,0.009369317275717081,0.00033111548118314237,61997081125570ea1e00ccaab801353619d4b43a58d1027f54266a4543670c96
UNION_s3,objective,148,0.7277653411088649,0.718394960882073,0.009370380226791881,7.439023778376087e-05,ea59597ab1569538e8dae4ba6eb8f0ef76b15e694e97793ffc436123fb1ea71a
UNION_s3,objective,149,0.727765326220466,0.7183954430737678,0.009369883146698232,4.921737545720177e-05,6b7212a5b2bec695516b15bb04fc3d7f4621b6e39d93fc6db8117e7c891f3eef
UNION_s3,objective,150,0.7277653090124647,0.718396036233014,0.009369272779450714,2.3825158049762236e-05,c9fc3e4ac54baee78c3511d4cbcb99d0e131d72ed4fcb1903965492ade65e93b
UNION_s3,objective,151,0.7277652983363851,0.7183962434591343,0.009369054877250767,2.63154984952155e-05,90175aa9de80acce88af8da6e4a12e3f2cfb1b39cedc149cfc67836db2d4b293
UNION_s3,objective,152,0.7277652846749024,0.7183965543096978,0.009368730365204575,3.0179166087993236e-05,d746ad08fe535388dea96d79e0f40f34605be0a89f1c9183dfdc8ffde58ee460
UNION_s3,objective,153,0.7277652585994953,0.7183975015858519,0.00936775701364336,3.175859814071982e-05,230366134648ae0c27df7acbd4f813b00be6867eac8aedff9c0bf99113380425
UNION_s3,objective,154,0.7277654262900393,0.718399225648722,0.009366200641317234,0.0003233567393531293,42ba58b1f87d3f4a2bb68f9af3e15d0169465e0b18b1a812b617f0e544336dcc
UNION_s3,objective,155,0.727765254631636,0.7183977035168744,0.009367551114761643,3.985120285085502e-05,20ee184b10845a4087c5a08cc8f427cdf6c398adaacbd9e7ed380fe782918ffd
UNION_s3,objective,156,0.7277652396243832,0.7183985229726644,0.009366716651718805,2.2131581757542722e-05,af25916b823a1be6e6c30372030555ebac12ed4652df4e4745d42f75cd410879
UNION_s3,objective,157,0.7277652309507671,0.7183991083116493,0.00936612263911774,2.6660889801814958e-05,7e16e0352a72c69df7452a8566506ddf666b33cfc2229f024aeaa502017d9f25
UNION_s3,objective,158,0.7277652233690333,0.7183995146555094,0.009365708713523784,1.8739998246791575e-05,a3ca55870b983a7f7299c0e4835833087a958318807852bb5fc80b34f01c1783
UNION_s3,objective,159,0.7277652151536418,0.7183997894586704,0.009365425694971286,1.6610533121833638e-05,56c2882f422ee077117f7eb8ec6899f222875f2085b5ddd06d870a3e51518084
UNION_s3,objective,160,0.7277651988959307,0.718400009317611,0.009365189578319687,2.8064194570042296e-05,5cc9a09072f8bbec5159ebe378643a991c0d71e8af5fa9c7746bce2d8a7568f2
UNION_s3,objective,161,0.7277652521317194,0.7184013347469813,0.009363917384738057,0.00020700220500457432,832ec7a1a1628eba5d553c0e3459efd71a8bd0fd0b3ea034e347e385fad96cd7
UNION_s3,objective,162,0.7277651946350042,0.7184002777765782,0.009364916858425948,2.9136023437278184e-05,950a8fd43a162fc87e42ac1339029a4e53b8f79f4709edc81ada977ba1dca4ed
UNION_s3,objective,163,0.727765190181329,0.7184002531976141,0.009364936983714895,1.3757220467685858e-05,b0e35385bc40f6d296167052031301783b8e21d86b8cd9988ef6a3e8b1c7fc8f
UNION_s3,objective,164,0.727765188048696,0.7184002231102579,0.009364964938438206,1.2180096762892007e-05,6ebf55f108ca9590c9a340f05a12f453634f977bbaec3d363faa25e86c82c571
UNION_s3,objective,165,0.7277651843294815,0.7184001205120559,0.009365063817425544,1.2164458081710833e-05,6882c95caa42e6a8ebd1bba7763db146720023c3fffb5a3bebc0226e0c4662c0
UNION_s3,objective,166,0.7277651801403431,0.7183999405609081,0.009365239579434992,1.087650145826807e-05,e7a2ce015952b47dca423468806da598ef11d8b58794be7dddac1934d0374f42
UNION_s3,objective,167,0.7277651746078129,0.7183994171703179,0.00936575743749506,1.1061576784203826e-05,41cb92d8043fbaf45a7ab7a70c7f1c717e6a9202cb6ae0c7213847e157a6e660
UNION_s3,objective,168,0.7277651801553321,0.7183989148992183,0.009366265256113823,7.884994346184747e-05,d74271fc82511fddc170f41b614a1984dc91bc7b6c8e04a7765a6d83f19f598e
UNION_s3,objective,169,0.7277651723579739,0.7183992376077029,0.00936593475027101,2.602267461624984e-05,4b9e3e26c9772e5a2236375c835be956f475f4d680333b17e77123ebb66f94b5
UNION_s3,objective,170,0.7277651686939605,0.7183988112818825,0.009366357412077886,1.2929151949427405e-05,5059cf4645627a1a8f3e65375b5cfd875ffb7c39034a4998d68e4ce495119e94
UNION_s3,objective,171,0.7277651666456708,0.7183986564774252,0.009366510168245646,1.1655687885383374e-05,5fc88f1cc9183c6355ffb2afaa0c7cb04c0bfcfae98f6b7a1c8863d88e271ba0
UNION_s3,objective,172,0.727765163842961,0.7183986086405535,0.009366555202407494,1.1757460688730902e-05,806a4c348748d0477f96de876340580390087884d45aa57fc8df826c656bfe4f
UNION_s3,objective,173,0.7277651611199992,0.7183985094153892,0.009366651704610075,1.3036319395067786e-05,3c247d94cfb5153a9e3f8c1a5b803d4f2533ae2283bb348083fa2c830e63e6a9
UNION_s3,objective,174,0.7277651589251396,0.7183985461170257,0.009366612808113902,1.6908627894670883e-05,30ba7b03085601ea09b1aaffc749a5aaf829ebb4b6502abae24602078390a21d
UNION_s3,objective,175,0.7277651575924641,0.7183986253615695,0.009366532230894526,1.3177978261148961e-05,23b2fa5662ed2e2e373e48f3fcff69d78dc76983346be5137e4d6c8b885fc430
UNION_s3,objective,176,0.7277651565453267,0.7183985707758097,0.009366585769517,8.76496273119166e-06,fe4bb22c2bbf8111b048b29b0041cb6151d1e529893afe68cfca317564a9d993
UNION_s3,objective,177,0.7277651556655732,0.718398519272923,0.009366636392650278,9.098350515710937e-06,95bdf49b731736559663a44de8e3d0b72f50bb2ed5e6abf2e70d33be408b7ca6
UNION_s3,objective,178,0.7277651530044851,0.7183984946640125,0.009366658340472556,9.410114821457882e-06,ff4fe9c432fda73c89d3507166289bbf01ea3f6a075323b9a7c9a680398c4b21
UNION_s3,objective,179,0.7277651502185903,0.718398482401023,0.00936666781756735,1.0771221916011343e-05,5d720156ddf84cb9cd48e9b8966637470767f05308656f26ad55126b570e8c9b
UNION_s3,objective,180,0.727765150950745,0.7183986164439432,0.00936653450680182,3.321757005960568e-05,80a2b38dd7be949f7a537ada92963b7ae2964628b92f9ffa77424f218fce1782
UNION_s3,objective,181,0.7277651495927692,0.7183985357037008,0.009366613889068377,1.0282963979461143e-05,15472eead51f198d8b868fe1b2ec009f1f913c6fd11c8e76773e2e60bd0627c9
UNION_s3,objective,182,0.7277651488873046,0.7183985621645977,0.009366586722706797,5.7465355241041966e-06,b80b8266cca360a945c5cc53acfc3d687f7f7e2e1c6e9303bf1a28c7e5da3ce1
UNION_s3,objective,183,0.727765148257288,0.7183985517357389,0.00936659652154912,4.32333275636173e-06,43b14d840d7a9ba91030f39f44b5ecf002f9df623f9181d03a792426dbc22b58
UNION_s3,objective,184,0.7277651471461677,0.7183984431657268,0.009366703980440934,5.578326862342532e-06,858b3430878df661c212c0c239ba52ade114ba828bafacba6baf58a3e4f18b88
UNION_s3,objective,185,0.7277651468916545,0.7183983773379244,0.009366769553730057,1.6839449221178884e-05,8c67dcdfc228783df51ab9dfb1a440782c5d5da38734ba8b5689e5b06acf790d
UNION_s3,objective,186,0.7277651459882055,0.718398273381425,0.009366872606780508,6.127095125862303e-06,4a2e06e5bafd500dbacac7eb69c59439faabc3aff7bd71c314c144c66b309eb9
UNION_s3,objective,187,0.7277651457856961,0.7183982232964777,0.009366922489218313,4.517654963191471e-06,8b27b9ff2525e05f7441415096f13f5a4083601a7ae69c4527b776600157d658
UNION_s3,objective,188,0.7277651456826685,0.7183981979125803,0.009366947770088143,3.5614089208079607e-06,9d96fefab5cc7bc68162badadf0ec078a613042c641f337707c795e30b7c5c49
UNION_s3,objective,189,0.727765145577964,0.7183981741574467,0.009366971420517308,3.5295029333917394e-06,20fd4419d63aa382b9cf354122d087b572c912ccba1edaab32a40056783ceefa
UNION_s3,objective,190,0.7277651451867977,0.7183980757337525,0.009367069453045173,3.947206566749283e-06,3331f189177042ece66e5c0cfaf6d5d32b8625809e4148f4fb312ee755ab4c1f
UNION_s3,objective,191,0.7277651447445949,0.7183979389417354,0.009367205802859394,3.39462448970506e-06,dccd5bf4e1d3a3b81d51cc66dfdeef2e25ef47b275481a10ecd3737b1e769752
UNION_s3,objective,192,0.7277651443199787,0.7183977295502938,0.009367414769684976,5.5920727867723445e-06,a549ac90c53b58c53224e958ef0af2916fbf9c8ad98b76de89c8e0bccd5eefa4
UNION_s3,objective,193,0.7277651441960249,0.718397577690931,0.009367566505093874,8.78189694661931e-06,e24962084d0d1d0fcca60c240e38cfc47b67bd41c45afef01cb9e94ba9653e60
UNION_s3,objective,194,0.7277651440079017,0.7183976074224632,0.009367536585438528,8.056451944111406e-06,448cf48c436b10fb554cbd3affa1ff8e3a36e2f52b8dc8a66c7ebb0e71e78a20
UNION_s3,objective,195,0.7277651438481002,0.7183976627858373,0.009367481062262914,1.9630516218640626e-06,3347fe711212262f20282782aedc0858c2ba1e17d7dc2a2ce188a0fe1eb2916d
UNION_s3,objective,196,0.7277651438217183,0.7183976693418187,0.009367474479899614,1.6166048458248477e-06,3b7eca1c88a8bd7c9aef329974e564d38091ba984cbf7191c289d516563d47e0
UNION_s3,objective,197,0.7277651437464712,0.7183976687650521,0.009367474981419143,1.9535075382491548e-06,cb4e6052eba615486fff5fbbce33837f4fc6bad23b4dd04edacfb863636f3d01
UNION_s3,objective,198,0.7277651436258542,0.7183976439075167,0.009367499718337481,3.3098970208824665e-06,3154a5e9de5b50fa870e21a9646659416a1eca25d8a3ff5f502c38917e2c1997
UNION_s3,objective,199,0.7277651436299859,0.7183975577231096,0.009367585906876278,5.321310139545113e-06,f9a37db5e755819b47db4d38cb17de483816d71edaac4c384b43f777653398a4
UNION_s3,objective,200,0.7277651435363934,0.7183976012170545,0.009367542319338895,2.9216698346260374e-06,7e45114bd0b245633da8255630f6ec2a70589f642035e9f39cafa0cc382a3ff0
UNION_s3,objective,201,0.7277651435352507,0.7183975668068469,0.009367576728403833,9.133502668013937e-06,d404c0428fc87c07e015f2fa8fb1d91061454aa25256f737dba0172a1e1d5901
UNION_s3,objective,202,0.7277651434736332,0.7183975838724397,0.009367559601193527,3.9769620750742754e-06,255fc5e424efccc83b6b12dac978e4faa51417316071e96cc9a649324f0f1963
UNION_s3,objective,203,0.7277651433987169,0.7183975480647944,0.009367595333922485,1.8046597337250968e-06,dde3768185f6ec6011381fd1404dd997729b3bcd711aea3e307a76e9a484fab9
UNION_s3,objective,204,0.7277651433593959,0.7183975241108518,0.00936761924854408,1.515450963219051e-06,44ffc8f428f564d0ea490b98db814bf2972fd8cd599c33d3e0ad625a611afae1
UNION_s3,objective,205,0.7277651433074412,0.7183974989239118,0.009367644383529475,1.6128928821083843e-06,e5617af2c1eec0627056acb7495ab014fe45ed0656d7cc0df9109f284237df58
UNION_s3,objective,206,0.7277651432157294,0.7183974440935327,0.009367699122196703,2.25359590521283e-06,4e28a6f077f34326e4a381bb739b679429548ba17b5aa874c85d540b4b8689e0
UNION_s3,objective,207,0.727765143425531,0.7183972590873738,0.009367884338157122,1.0419058744910601e-05,a65376f5360e07cf37806651e74f91764adde861bc2039dbfb1b0833e7e64e82
UNION_s3,objective,208,0.7277651431933293,0.7183974001814162,0.009367743011913073,1.9193334819614423e-06,3b0140545621ea8aba5fc032c91f99920772aaabe667a3d092166986e4510ff0
UNION_s3,objective,209,0.7277651431476408,0.7183973668557206,0.009367776291920246,1.4419875543512507e-06,1800f4b38c47c214cd1d1274f39fe7c54d40d23b69ad0ef6b31c14f72c7810c6
UNION_s3,objective,210,0.7277651431180399,0.7183973331915199,0.009367809926520029,2.0561667008331224e-06,8be18eb8abab25f1252d9d705d78c6f1c7b7bae2596affc8a78a5da36223b8db
UNION_s3,objective,211,0.727765143088699,0.7183973097769664,0.009367833311732647,1.2209448122039115e-06,f8840cc1f8556bb6089146685e76f8df04cb0abf1ab279ef46605ff1e34e0614
UNION_s3,objective,212,0.7277651430611256,0.7183972841880292,0.0093678588730964,9.726098698404154e-07,08f810c0199265d83de33957e4141bb81200f2945fa9b73a527a6a4412b60663
UNION_s3,objective,213,0.7277651430237917,0.7183972454661284,0.009367897557663298,1.2925913545207498e-06,f09271339172b0e4107341edd179bb92980c577dad1b2e8539fad2042350f4f8
UNION_s3,objective,214,0.7277651429815687,0.7183971938976967,0.009367949083871924,3.509479833843621e-06,2bbb057898b9461074b9acb514e3f7ecc2b9ac2ef9ff428999bc9125fc50b577
UNION_s3,objective,215,0.7277651429546935,0.7183971657868277,0.009367977167865884,3.24014618936685e-06,2a4635126bd7f63aee3421e2b5cc0ddd5af3d9220b0c4e4e1ace38a429b5fff4
UNION_s3,objective,216,0.7277651429283306,0.7183971695021537,0.00936797342617694,1.2375367670389308e-06,9d229ef5183db7e0741ab10218d216c93810a65b452aece3327a7ba4fb207ad2
UNION_s3,objective,217,0.7277651429154139,0.7183971659647695,0.009367976950644384,1.0689994089334862e-06,41a3ff7e540512b77e5871585aa2f6ee95803e6e8999168d4e139a62e7d3d354
UNION_s3,objective,218,0.7277651428967734,0.7183971591777997,0.00936798371897378,1.3692645137436643e-06,80e1df828ee59fe279c2033c797acfca19475ed15a1a9aa2cbaa4a8b77855525
UNION_s3,objective,219,0.7277651428529088,0.718397140853883,0.00936800199902591,1.8627219304608413e-06,64a96543800730a7644d4d889fbcc7617dd5b6ac84500a0099f559d759ce093f
UNION_s3,objective,220,0.7277651429182789,0.7183971363870849,0.009368006531193976,7.463236659206763e-06,df09489f583e30661c28cae4d21db1e2abab2fecff041e323c2dc3c3b06379d0
UNION_s3,objective,221,0.7277651428421823,0.7183971396063239,0.009368003235858412,2.175879238190518e-06,a58549545922e4f1b3295f7eef130e5d90d4d387c1f80e9c801315a72d59b3cf
UNION_s3,objective,222,0.7277651428175061,0.7183971239331058,0.009368018884400356,1.0652994987025963e-06,2e787a5209bb1df26c93f2b52168a1df3a6db0c86cc04be59165f850b044f811
UNION_s3,objective,223,0.7277651428062559,0.7183971187729057,0.009368024033350292,7.118915867068717e-07,d31233cfc1dce4ebccad497ae3c53070d3a56d0f38ee12640c92bec0dddeabb8
UNION_s3,objective,224,0.7277651427925839,0.7183971191181393,0.009368023674444515,8.947552709643976e-07,fc724004769cdfe5979b8c6ed83f902972ec6dd265344b0840185264a3613b26
UNION_s3,objective,225,0.7277651427739261,0.7183971185600907,0.009368024213835438,1.3843076461124549e-06,e767163feedbc7e473af062efe8d22df58aa169e73d3d9484d3df692b8a69f90
UNION_s3,objective,226,0.7277651427520638,0.7183971209708956,0.00936802178116823,1.2184962518081735e-06,83f94c3da0db10bea58bb017b1fc8221d8a4c199fd83342aac679c05dd50803b
UNION_s3,objective,227,0.7277651427346186,0.7183971318652878,0.009368010869330805,3.94049554922843e-06,346c40289457b4e28f9dc928ae4d1ccdff5ff297486a0dde49cb809b286ffbe4
UNION_s3,objective,228,0.7277651427114518,0.7183971353544726,0.00936800735697917,1.2891737859757847e-06,86e53eff5e9d7e9eb970de0bfe7abc4c50da0e61d89a6e85f75f4b132088f345
UNION_s3,objective,229,0.7277651427056486,0.718397134198276,0.009368008507372605,9.726685279512643e-07,41f2fb3227b89631737d6d412c0c9981b49c29401edc916def3f3a0b087d9047
UNION_s3,objective,230,0.7277651426910343,0.7183971284087517,0.009368014282282608,6.285717457915898e-07,229fdda81dc8b6397c95a5bf0dab11755ed48601627839a5ba858703d697c523
UNION_s3,objective,231,0.7277651426805753,0.7183971224023487,0.009368020278226663,6.17903556662111e-07,6f580105169e8a73314d5a594f2f8c027db0fdfc4f49e4243cb6483eda60a256
UNION_s3,objective,232,0.7277651426678482,0.7183971242365117,0.009368018431336465,5.981075404742025e-07,9dd4c76d45d325454e0081af9f1a5771a31a6b0d2436bfe57c4134df665abbb0
UNION_s3,objective,233,0.727765142662702,0.7183971281362961,0.009368014526405849,2.2009139086605794e-06,1e500c2b3409238599052608f82bd57ddfaed5a62bd04c3bbcf0137de836bd8d
UNION_s3,objective,234,0.7277651426535299,0.7183971315517639,0.00936801110176603,5.236051696110647e-07,894cbdd01cc3b1bd83f205e90a04d0a28b7d23bd86c9f2edb584e0b1fcd9b510
UNION_s3,objective,235,0.727765142651064,0.7183971324397469,0.009368010211317019,4.955864539350405e-07,db1ce86ae6af0f277774ed57c98d72a04b3e88ce4563fc0d817304a1b0fb6903
UNION_s3,objective,236,0.7277651426441065,0.7183971341283051,0.009368008515801449,7.104474980443382e-07,fe16586a36e9c74deeec0afd3c7a7fddc325de85303c5966aae0000456110cad
UNION_s3,objective,237,0.7277651426350081,0.7183971362849537,0.009368006350054464,6.729511131291269e-07,3d8cb6921cdbc3b056d0ed39e4f5516cd1d456d9c306341c0f2a24e6eba680eb
UNION_s3,objective,238,0.7277651426406698,0.7183971462090716,0.009367996431598241,1.9564437127774e-06,3cbfe93c9c421b21770e33516f37fbbf1758f8e53536f3cec743b6c00f53387c
UNION_s3,objective,239,0.7277651426291711,0.7183971404072594,0.009368002221911729,1.0739189351572728e-06,e5e21a511e90bdd6cf8bd8b7f6152c1f6f91c55bf9dd0e8ac988e6e1c0a6da46
UNION_s3,objective,240,0.7277651426193386,0.7183971472632923,0.00936799535604628,9.099219410677474e-07,e3fdefb09d63715c467c7f3b61c8858d83f7e5aa1950fadf2487a4d487ae349c
UNION_s3,objective,241,0.7277651426186996,0.7183971545648825,0.009367988053817108,1.5933461618279346e-06,a5b8505d29e1bdfbc10cf77d5fc71d3678b309239f8c46b13f13ddf349c16b40
UNION_s3,objective,242,0.7277651426136756,0.7183971541916341,0.009367988422041602,4.2943203789154144e-07,63c70f577f15b2d324697f2f5ab21396d9e89f2d4f0c643640b14ebac8603b2c
UNION_s3,objective,243,0.7277651426124018,0.7183971560292438,0.009367986583157932,3.9390682794068175e-07,f896e8ad2d394e4b804a7298157f7dc96e9233d7ece6871af1c0125088ecf9dd
UNION_s3,objective,244,0.7277651426099874,0.7183971613539668,0.009367981256020516,4.3328527290242587e-07,1b5377831edc8a5381d122cd5f0cec95506cbf1d5983c311168c4407f03e13ff
UNION_s3,objective,245,0.7277651426044698,0.7183971754874658,0.009367967117003965,5.409461602859231e-07,d3974761c3393f6fa0e80e40778317afc38c67327f5912c488051cc674e93083
UNION_s3,objective,246,0.7277651425985066,0.7183972007794758,0.009367941819030829,1.8308436961527044e-06,c80a5a87dd9e011f081f97475b6b4f8523674e210d4dfe4b906caa60b2c7a388
UNION_s3,objective,247,0.7277651425914509,0.7183972209170938,0.009367921674357087,4.801078155368987e-07,18db0dc155e0597270bdc9423aa822a30196dfe0fbd29612a025b368d7605dd1
UNION_s3,objective,248,0.7277651425891578,0.7183972199976442,0.009367922591513648,3.313472204338063e-07,1d76d2599ce134bc8a62f6ca564874d3b7a7fe097b99441fe63123d711105fde
UNION_s3,objective,249,0.7277651425865616,0.7183972237492189,0.009367918837342637,3.056347521263183e-07,d30c872d1cd1536ed93a3c0daa16bf03ba41805fc76e5e083cc09126b8449ef4
UNION_s3,objective,250,0.7277651425833689,0.718397232472959,0.009367910110409914,3.6871213181726114e-07,304410d2f485a42e3aef0282e5d196c4dbc67b77cbab0ae3caacc6601083a828
UNION_s3,objective,251,0.7277651425788201,0.7183972486573722,0.00936789392144792,3.2178447284432004e-07,adb0f13a513908c5cbf28b67473962801572d6d9348b8591602a6dc6c6e86df1
UNION_s3,objective,252,0.7277651426080545,0.7183972729447541,0.009367869663300384,4.1323082817970395e-06,0b78a6e82e25476512c9d02d608a7fd8c961d7eb9ada6c58414c31288de5c82a
UNION_s3,objective,253,0.7277651425778053,0.7183972524116546,0.009367890166150647,7.717084245153829e-07,6af648d89249860f75d4e505494c46051e86f9ab5ea4243b45381eabb3caba6d
UNION_s3,objective,254,0.7277651425744882,0.7183972683938386,0.009367874180649627,2.9905336128374406e-07,f43e5eb379048a392d6c0923fa1a4ecf083397b064576a20f7c07503fbaa1104
UNION_s3,objective,255,0.7277651425732292,0.7183972745391916,0.00936786803403769,2.2130699673126355e-07,b6ea1a74721265d2d894fc15eb31a962e3ecd1da9be38f5f680d6a2f8006abc5
UNION_s3,objective,256,0.7277651425747419,0.7183972774646846,0.009367865110057277,1.3359157094197604e-06,3f783ec85610791a3b3fff2754ac7b2e270022ea8e12da49042bc90d16777676
UNION_s3,objective,257,0.727765142572458,0.7183972756131061,0.009367866959351837,4.669464286494482e-07,378c164869889fa9619b4e33f1aa4da4ad2313dd7f9239341b7ca9ecc3cdd2e2
UNION_s3,objective,258,0.727765142571787,0.7183972761524244,0.00936786641936255,2.631714981919046e-07,b9770d562d3f780f6493b7c3017b8037e753955e4895f64d629e6a55c16d2b2e
UNION_s3,objective,259,0.7277651425711538,0.7183972771634329,0.009367865407720869,1.7234906361412824e-07,6bb5998108de54f4c9862f1070a23442840a7fa10020dab7c45a5c59a9a7d173
UNION_s3,objective,260,0.7277651425705697,0.7183972797296517,0.009367862840917984,2.4981027237758925e-07,afa99ea6e657d470d41d08f49803ad2e66a237ce8d91686ef473e1d20bc92ccd
UNION_s3,objective,261,0.7277651425694074,0.7183972864939401,0.009367856075467296,3.456299813227729e-07,f7739accf4dc91aa767e6d13a13276f84018e2b2c026f124559c13e7c1e60348
UNION_s3,objective,262,0.727765142572732,0.7183973013414264,0.00936784123130549,1.9665229242438344e-06,ff1cadbbd7c6217e877408aa68e2ceed5cb4edd9d8e56194e7060db8e070149c
UNION_s3,objective,263,0.7277651425689856,0.7183972902235826,0.009367852345403044,5.740108705983551e-07,35e0eb931fd158d60df1fb6cb7744a0387c996a2627b9051572e6b66dcf17f22
UNION_s3,objective,264,0.7277651425678242,0.7183972987059221,0.009367843861902108,3.3722761343299094e-07,b0bc02e774326351d1ed05f30ee12b6d5705ccfe69f5d33504b9f55732762e24
UNION_s3,objective,265,0.7277651425670894,0.7183973044574786,0.009367838109610692,1.5605515274138787e-07,167b88671594170dff38df5975c8f314506e94f55472edd58d888acc31288c6a
UNION_s3,objective,266,0.7277651425666951,0.7183973071476579,0.009367835419037152,1.4001478339125718e-07,003713d6fe9a9ca893c96720e8cc49d3db9b9b02023876c1da7888321076c720
UNION_s3,objective,267,0.727765142566385,0.7183973090568221,0.009367833509562913,1.4873850230425965e-07,ea1740f915c5f7a0c9b008dd7729336be1fab7eac36e433a879037edda266b51
UNION_s3,objective,268,0.7277651425664257,0.7183973142320695,0.00936782833435617,5.636944764845301e-07,82614ca08ad1c5060022585e776e8eb61b64ebaf243f9debd9d5839006e7adb6
UNION_s3,objective,269,0.7277651425661268,0.7183973115496946,0.009367831016432224,3.060123859906061e-07,d7e6c914c7242c984a147e7d7761ea66821c1b0f69fa95a49e3f9c06c02ae5f9
UNION_s3,objective,270,0.7277651425657788,0.7183973139504815,0.009367828615297374,1.2630882286945675e-07,091fa1b3ee2711d1b2de529d45d75e012e8000002a8b447c2f87d476a502f79c
UNION_s3,objective,271,0.7277651425655374,0.7183973150975084,0.009367827468029008,1.368239248367649e-07,9c22b89d36a1a3f8cf6a0292af7c38c08daaacdb773d1d2bc3abbc27d99d177d
UNION_s3,objective,272,0.7277651425651185,0.7183973184865508,0.009367824078567703,1.1008704418337987e-07,4a3f603da7b5c720fcdc4aa20a0447d72e1f08e0819b6910895b5e298f48555f
UNION_s3,objective,273,0.7277651425647486,0.7183973265931133,0.009367815971635303,3.0798814840566303e-07,201c5947aa80baad1364d34de6fd2cfa4e2ff57f2a34e39d9550f498f8f9b0fd
UNION_s3,objective,274,0.7277651425642657,0.7183973300754766,0.00936781248878912,1.1750384132150944e-07,9d639c041a9266677e3c78134f963b2b596aed534545d02d7e3ca5a8799167df
UNION_s3,objective,275,0.7277651425639589,0.718397333679292,0.009367808884666767,9.620156102626024e-08,b419b37c437f909ea7758df39285b5861c766832c8fac2268fe2cf905a97edc5
UNION_s3,objective,276,0.7277651425637157,0.7183973377131437,0.00936780485057195,1.5940120413878903e-07,07319d57689ae8b21107b2edc5e207cb0b7c7fe3294e1f1e1c39afb959cea884
UNION_s3,objective,277,0.72776514256381,0.7183973455068033,0.009367797057006666,4.4837945086514353e-07,84dcfc6d4ba22ec9e71be5ee738bde31c0ebcfd5f6f69730d65950b277f57f79
UNION_s3,objective,278,0.7277651425635914,0.7183973410634349,0.009367801500156437,1.5227595517397464e-07,2961de2e8dc61eb1ceb568fa3256c81464a4723ab0a69f075761fc6a07133328
UNION_s3,objective,279,0.7277651425634393,0.7183973436874772,0.009367798875962117,9.188034522480332e-08,cd463630f31e2fa37791f3f7d5a28ed30f3ccb3cb42a01c1d72d703fbeee7c35
UNION_s3,objective,280,0.7277651425632535,0.7183973473176192,0.009367795245634383,9.28526632789871e-08,f0c6d9e5899bff6d6d2b87e340a03b86f17a4b2072002ab485dbc098ed943bd9
UNION_s3,objective,281,0.7277651425630784,0.7183973511141599,0.00936779144891857,9.748883966045767e-08,05d96bcb290dd13dd2528dd6f90fd29d5efe0c0eaf15c6b4ab2d86c19afa6922
UNION_s3,objective,282,0.7277651425633765,0.7183973591044119,0.009367783458964602,5.704340476153953e-07,94070026316d9c40d4b28194c4829d7363bde6bb1b803e27989d7272c71b7b95
UNION_s3,objective,283,0.7277651425629801,0.7183973537701284,0.009367788792851696,1.9017817028267735e-07,a935f810db52c49ebe2b0bf2670e41e78e09121d33d009448eba358b7e91f0eb
UNION_s3,objective,284,0.7277651425627841,0.7183973586086874,0.009367783954096787,9.591702913921659e-08,63977aa9fa22e915afa09981042e847f90665ad8a07fff21ae7a8f284e8139cf
UNION_s3,objective,285,0.7277651425626451,0.7183973618374245,0.009367780725220612,7.87105029918411e-08,3f1e43cb73064ece69e27036047e80c305d6d9556fdf256e7eada1c4ea487124
UNION_s3,objective,286,0.7277651425624407,0.718397366777433,0.009367775785007684,9.461253860498901e-08,c589a675cf12d9d4e447e60d4d9addcd80ee1115b95e991ccc0b9615015b22f7
UNION_s3,objective,287,0.7277651425622361,0.7183973728594176,0.009367769702818465,8.995923878913248e-08,f2fc8621636c529156c2fdae5b19d4160d8d43c27bfc5d364b0671b209ad1d2c
UNION_s3,objective,288,0.7277651425622671,0.7183973839972809,0.00936775856498621,3.066143580317929e-07,5440d696c7600fc48435c33e9b32a479e93ac2a745d417557268d9f5149eda05
UNION_s3,objective,289,0.727765142562113,0.7183973781161173,0.009367764445995687,1.356616141338209e-07,61e7fa0221013cfba4aca622491eebc2935d43a79ad200a83ddc1ba509890d91
UNION_s3,objective,290,0.7277651425619971,0.7183973799171247,0.00936776264487233,6.491724949179775e-08,f04b961890f7df4cf53d625b85917f0ee2b15ba233c21217e3f44792908c5751
UNION_s3,objective,291,0.7277651425619149,0.7183973810744305,0.009367761487484458,7.460583592329611e-08,ef71ad51df0c1d408118993070744ca345debfdd11aa018329b6e1107e0eb753
UNION_s3,objective,292,0.7277651425618218,0.7183973830227641,0.009367759539057649,8.911168038063481e-08,ef5e56cb6edb5c6fbab693e4d3ef55cedd0c50a9f618cf57bd2f64ce64d47d51
UNION_s3,objective,293,0.7277651425622192,0.7183973903488471,0.009367752213372202,6.331813363615672e-07,ab8b19fad3d443db0f0b13ee9ff858b113f8658835584928d26d6f0502e9563a
UNION_s3,objective,294,0.7277651425617747,0.7183973848204553,0.009367757741319375,1.5369313339014134e-07,4e2da38fd1ec81f0d91a370a9f8c5359668d68bdb2a0f890e89afd7ae0121145
UNION_s3,objective,295,0.7277651425616755,0.7183973881345415,0.009367754427133975,7.141436733771699e-08,dcc109ae03ea6692e239ab7deb85e0785a05d7ccd0518a98e76f4121b7f8a640
UNION_s3,objective,296,0.7277651425616205,0.7183973901536334,0.009367752407987104,5.310828182743474e-08,ead1f2b1bfed7803e6c6635b0ec7a8a48a114d5de2fd049cd4080d86c7735f5a
UNION_s3,objective,297,0.7277651425615664,0.7183973922059639,0.009367750355602604,5.281685050083427e-08,0515f45bc1e49194997ff61ea9160697d397790067871ca984dcf15d2f48aa8f
UNION_s3,objective,298,0.7277651425617041,0.7183973953935667,0.009367747168137397,3.943077597263689e-07,de2cbf0d54c0abe1058b3cd1f3193664a4ef328dcfd9f7aae9af6f975145c20c
UNION_s3,objective,299,0.7277651425615402,0.7183973931168596,0.00936774944468066,1.2853507734881324e-07,bff0c8a22dd7e773e07bc4546b7aa19f13c27b56081e01eae25afd1c50a4a98f
UNION_s3,objective,300,0.7277651425614856,0.7183973941917748,0.009367748369710749,9.449339448478329e-08,413dfe0f78922f1f660fa60283231cc7d7c0be940bb9b880c826b23a569199f3
UNION_s3,objective,301,0.7277651425613944,0.7183973960931203,0.00936774646827413,5.615796651311441e-08,19ab4cc152b927fb359b6bdd45c0c0126105cb0c488a00efb6ad42ce0e42ebb4
UNION_s3,objective,302,0.7277651425613053,0.7183973977581143,0.009367744803191065,7.185080275068181e-08,ac15ee52a6bd83b1397024c0756f6447b6a4178a13e780efe8cfa321f2011393
UNION_s3,objective,303,0.7277651425612268,0.7183973990523468,0.00936774350888008,7.254475339193757e-08,cf3afde5ec9fe9a0cdcd1d34df373925cee0542e29180b6c736f4ee2985e003a
UNION_s3,objective,304,0.7277651425613506,0.7183974040261644,0.0093677385351862,3.1691106266444434e-07,86a1c77eea8c08f97a1fae1a43ca4e9628c5c867d79006a0f29fc816b76a6fb6
UNION_s3,objective,305,0.7277651425611821,0.718397400743422,0.0093677418177601,1.2141627414038202e-07,bfb953d3b352dc152707dc90b36f58eabcfcca63e1d20bc7c74f6d48ebcb7b36
UNION_s3,objective,306,0.7277651425611188,0.7183974010038385,0.00936774155728022,6.842405955668417e-08,70e00d0d402857df988ed94e14073788b4870b58b7ca284b610a4f0092b623bf
UNION_s3,objective,307,0.7277651425610577,0.7183974011757351,0.009367741385322566,5.32910238425633e-08,3cca9a85a1e7d8d177af35364ba0b39ca68a1fc90867385025d9d63c39d6278e
UNION_s3,objective,308,0.7277651425610195,0.7183974016391762,0.009367740921843351,6.622675025182057e-08,e1070898e0fb62105f469155ac9b0c121c6ca8f73d8071e8eb0e19e0977f0424
UNION_s3,objective,309,0.7277651425610101,0.7183974030696949,0.009367739491315174,2.049879838429477e-07,50fac9c902df46e33b55a7ab1334c3359bdf188d97c6576f4f2312193028429d
UNION_s3,objective,310,0.7277651425609432,0.7183974031401251,0.009367739420818,6.304785492294172e-08,43180c90337a0f87e19a6dd47323ac708ee000517954e51df4064c88a8683531
UNION_s3,objective,311,0.7277651425609141,0.7183974034944922,0.009367739066421818,5.347834394306594e-08,d31610fb3a48527987708ec16dc142bfceb38045da4bebfee957ba7559c62bb4
UNION_s3,objective,312,0.7277651425608829,0.7183974042955908,0.009367738265292037,7.640194897947546e-08,023b4966c0b6d391b813cba25205ebbeac30d1445b4acfaaec7920b8f1d85dbf
UNION_s3,objective,313,0.7277651425608487,0.7183974050867742,0.009367737474074447,5.3731642514318206e-08,f82326dd97e018b7a785f921222d200f5b1217ce2513dbfca28a9a39cc8aed27
UNION_s3,objective,314,0.7277651425608261,0.7183974064939471,0.009367736066879016,1.0668782996631277e-07,4380b116d309f9ae8e2506bb14e063171783017b555befe37ee0d38c77565d0c
UNION_s3,objective,315,0.72776514256077,0.7183974064855172,0.009367736075252805,6.306443755490314e-08,bab13732d42fb7905cf7db07975f893deb0d5d3b76806cf660374df2314f7ec1
UNION_s3,objective,316,0.7277651425607446,0.7183974061010737,0.009367736459670963,7.106698102122467e-08,bba793071209fb45adff2b3a2083e89b8e833410a4c53d0944b4ed488784c233
UNION_s3,objective,317,0.7277651425606878,0.7183974058567713,0.009367736703916532,7.304427221385913e-08,ca29a13e5ea1bec407e265079fc1e5adefb8bb1ba2c8e2f4bf3dc7907b254452
UNION_s3,objective,318,0.7277651425607607,0.7183974067415118,0.009367735819248992,2.353727992578458e-07,e7fa71a6f445d3beb43217b21830db98ea9f3db898afd4a63971aa83acd1499a
UNION_s3,objective,319,0.7277651425606697,0.7183974061296863,0.009367736430983438,7.205880075343698e-08,33735d71c3364393f1a4c2142c1922bd9369cc57a86e9282645c3b243bbf7ec5
UNION_s3,objective,320,0.7277651425606334,0.7183974064358026,0.00936773612483081,4.1138814922693995e-08,1ad6061d687830d54ef1127163c24e502042fea127afaed6d2debeaf316fb1c9
UNION_s3,objective,321,0.7277651425606054,0.7183974068059454,0.009367735754660003,3.95478699827478e-08,3e97c7a1ba1cc68a8775a55122b4c0b3ae3805b2dc44f094c0162c8288abfdd9
UNION_s3,objective,322,0.7277651425605647,0.7183974073664049,0.009367735194159833,3.6235486700507625e-08,2fc90a7620e313644b7db74584e09afe1bb01b116c948eb7965f6f72b1c852bb
UNION_s3,objective,323,0.7277651425607409,0.718397408403886,0.009367734156854836,4.03391571312694e-07,f542674e8323698292d0af5d70638eff1179073b96aa1a884affb1563745204d
UNION_s3,objective,324,0.7277651425605572,0.7183974075405042,0.00936773502005308,7.75748654316199e-08,3292e5eac5d7ae4c6462a9cf333c63535293e1a8a8d0020db320d048ac8e0c8a
UNION_s3,objective,325,0.7277651425605394,0.718397407640496,0.009367734920043426,4.8790619220949594e-08,3a305316b423f95ab9055e6dff5315b2379d010700c60f0854df569453b1e63b
UNION_s3,objective,326,0.7277651425605212,0.7183974075563052,0.009367735004216005,2.9262982192385627e-08,866b8ec93bb2c9d574e966ae7e6e58f3a3fd2d7240209f72f11e85f9d30d4de9
UNION_s3,objective,327,0.7277651425605045,0.7183974073628205,0.009367735197683958,3.768164215665701e-08,246a0ab327a31662432f83ed741af16f939ecfe28b9ebd8f3bc2e98ec5d5ae7e
UNION_s3,objective,328,0.7277651425604825,0.718397407102882,0.00936773545760051,3.8232877686301106e-08,75544f3e7ddb0e78bd8d9208969b7389f9946e8b12eb7c660624f4ffaad309f9
UNION_s3,objective,329,0.7277651425606101,0.7183974074966946,0.00936773506391558,2.879539807537772e-07,2dd89a931bf7eea6ce234b5c6ea07305e0126f0bbe3ef811a0d3c174e1d67dd8
UNION_s3,objective,330,0.7277651425604748,0.7183974071789193,0.009367735381555463,7.395445315363315e-08,521ef71c0a6c72cadfed316657af2e5b1bea229cd25de572496e7b6b1e5c3558
UNION_s3,objective,331,0.7277651425604529,0.7183974069285736,0.009367735631879363,4.020030771156995e-08,6ec8d8b6e34c41a599768f5aebefc3286bccc69e60d0681f13d500f09d53435b
UNION_s3,objective,332,0.7277651425604394,0.7183974068676926,0.009367735692746858,2.232925687470283e-08,8a6c0bebcef857d81ad192c3c46e7db021e737af6d3e8a7f6a10413b27936d1b
