id,session,difficulty,method,status,new_pose,fallback,available,T_cm,R_deg,ADDsym_cm,H,accepted_fit_ids,diagnostic_inlier_ids,selected_boundary_ids,mask_applied,mask_wrong_on_known,hidden_reprojected,reprojected_ids
eval_cad:1778653003088339968,eval_cad,clean,ROLE_BOUNDARY_H_ROBUST,N3_BASELINE_FALLBACK,False,True,True,0.92289727080993,1.2227488906181714,1.5781198120798274,[6],[],[],[5],True,True,False,[]
eval_cad:1778653003088339968,eval_cad,clean,ROLE_BOUNDARY_H_STANDARD,N3_BASELINE_FALLBACK,False,True,True,0.92289727080993,1.2227488906181714,1.5781198120798274,[6],[],[],[5],True,True,False,[]
eval_cad:1778653003088339968,eval_cad,clean,ROLE_BOUNDARY_NO_MASK_ROBUST,N3_BASELINE_FALLBACK,False,True,True,0.92289727080993,1.2227488906181714,1.5781198120798274,[],[],[],[5],False,,False,[]
eval_cad:1778653006783606016,eval_cad,clean,ROLE_BOUNDARY_H_ROBUST,N3_BASELINE_FALLBACK,False,True,True,0.8824795839039992,1.5895173575589052,1.860771731070023,"[6, 7]",[],[],[5],True,False,False,[]
eval_cad:1778653006783606016,eval_cad,clean,ROLE_BOUNDARY_H_STANDARD,N3_BASELINE_FALLBACK,False,True,True,0.8824795839039992,1.5895173575589052,1.860771731070023,"[6, 7]",[],[],[5],True,False,False,[]
eval_cad:1778653006783606016,eval_cad,clean,ROLE_BOUNDARY_NO_MASK_ROBUST,N3_BASELINE_FALLBACK,False,True,True,0.8824795839039992,1.5895173575589052,1.860771731070023,[],[],[],[5],False,,False,[]
eval_cad:1778653007724386048,eval_cad,clean,ROLE_BOUNDARY_H_ROBUST,N3_BASELINE_FALLBACK,False,True,True,0.8558788838406826,1.7921473425411412,2.1906380449212453,"[6, 7]",[],[],[],True,False,False,[]
eval_cad:1778653007724386048,eval_cad,clean,ROLE_BOUNDARY_H_STANDARD,N3_BASELINE_FALLBACK,False,True,True,0.8558788838406826,1.7921473425411412,2.1906380449212453,"[6, 7]",[],[],[],True,False,False,[]
eval_cad:1778653007724386048,eval_cad,clean,ROLE_BOUNDARY_NO_MASK_ROBUST,N3_BASELINE_FALLBACK,False,True,True,0.8558788838406826,1.7921473425411412,2.1906380449212453,[],[],[],[],False,,False,[]
eval_cad:1778653017736058368,eval_cad,moderate,ROLE_BOUNDARY_H_ROBUST,N3_BASELINE_FALLBACK,False,True,True,1.9892182858052287,1.2815433922869333,2.3470720048489007,[6],[],[],[5],True,True,False,[]
eval_cad:1778653017736058368,eval_cad,moderate,ROLE_BOUNDARY_H_STANDARD,N3_BASELINE_FALLBACK,False,True,True,1.9892182858052287,1.2815433922869333,2.3470720048489007,[6],[],[],[5],True,True,False,[]
eval_cad:1778653017736058368,eval_cad,moderate,ROLE_BOUNDARY_NO_MASK_ROBUST,N3_BASELINE_FALLBACK,False,True,True,1.9892182858052287,1.2815433922869333,2.3470720048489007,[],[],[],[5],False,,False,[]
eval_cad:1778653018878592768,eval_cad,moderate,ROLE_BOUNDARY_H_ROBUST,N3_BASELINE_FALLBACK,False,True,True,2.5234764672359997,1.6203899496891845,2.9842791866304097,[6],[],[],[5],True,True,False,[]
eval_cad:1778653018878592768,eval_cad,moderate,ROLE_BOUNDARY_H_STANDARD,N3_BASELINE_FALLBACK,False,True,True,2.5234764672359997,1.6203899496891845,2.9842791866304097,[6],[],[],[5],True,True,False,[]
eval_cad:1778653018878592768,eval_cad,moderate,ROLE_BOUNDARY_NO_MASK_ROBUST,N3_BASELINE_FALLBACK,False,True,True,2.5234764672359997,1.6203899496891845,2.9842791866304097,[],[],[],[5],False,,False,[]
eval_cad:1778653029965134592,eval_cad,clean,ROLE_BOUNDARY_H_ROBUST,N3_BASELINE_FALLBACK,False,True,True,0.5428445343519599,2.4603395071058154,2.599415508502446,[6],[],[],"[0, 1, 4]",True,True,False,[]
eval_cad:1778653029965134592,eval_cad,clean,ROLE_BOUNDARY_H_STANDARD,N3_BASELINE_FALLBACK,False,True,True,0.5428445343519599,2.4603395071058154,2.599415508502446,[6],[],[],"[0, 1, 4]",True,True,False,[]
eval_cad:1778653029965134592,eval_cad,clean,ROLE_BOUNDARY_NO_MASK_ROBUST,N3_BASELINE_FALLBACK,False,True,True,0.5428445343519599,2.4603395071058154,2.599415508502446,[],[],[],"[0, 1, 4]",False,,False,[]
eval_cad:1778653030032337920,eval_cad,clean,ROLE_BOUNDARY_H_ROBUST,N3_BASELINE_FALLBACK,False,True,True,1.2855035757071664,2.4090687721636526,2.4858681093101516,[6],[],"[4, 5]","[0, 1, 4, 5]",True,True,False,[]
eval_cad:1778653030032337920,eval_cad,clean,ROLE_BOUNDARY_H_STANDARD,NEW_POSE,True,False,True,0.9966036829827348,2.9066271565025037,2.892393865625962,[6],"[0, 1, 4, 5]","[0, 4]","[0, 1, 4, 5]",True,True,True,[6]
eval_cad:1778653030032337920,eval_cad,clean,ROLE_BOUNDARY_NO_MASK_ROBUST,N3_BASELINE_FALLBACK,False,True,True,1.2855035757071664,2.4090687721636526,2.4858681093101516,[],[],"[4, 5]","[0, 1, 4, 5]",False,,False,[]
eval_cad:1778653030099587072,eval_cad,clean,ROLE_BOUNDARY_H_ROBUST,N3_BASELINE_FALLBACK,False,True,True,0.4972805147764011,2.608431264899984,2.7179927653167124,[6],[],[],"[0, 4]",True,True,False,[]
eval_cad:1778653030099587072,eval_cad,clean,ROLE_BOUNDARY_H_STANDARD,N3_BASELINE_FALLBACK,False,True,True,0.4972805147764011,2.608431264899984,2.7179927653167124,[6],[],[],"[0, 4]",True,True,False,[]
eval_cad:1778653030099587072,eval_cad,clean,ROLE_BOUNDARY_NO_MASK_ROBUST,N3_BASELINE_FALLBACK,False,True,True,0.4972805147764011,2.608431264899984,2.7179927653167124,[],[],[],"[0, 4]",False,,False,[]
eval_cad:1778653030166875904,eval_cad,clean,ROLE_BOUNDARY_H_ROBUST,N3_BASELINE_FALLBACK,False,True,True,0.3833964093959539,2.9004178843299906,2.9717034309625,[6],[],[],"[0, 4]",True,True,False,[]
eval_cad:1778653030166875904,eval_cad,clean,ROLE_BOUNDARY_H_STANDARD,N3_BASELINE_FALLBACK,False,True,True,0.3833964093959539,2.9004178843299906,2.9717034309625,[6],[],[],"[0, 4]",True,True,False,[]
eval_cad:1778653030166875904,eval_cad,clean,ROLE_BOUNDARY_NO_MASK_ROBUST,N3_BASELINE_FALLBACK,False,True,True,0.3833964093959539,2.9004178843299906,2.9717034309625,[],[],[],"[0, 4]",False,,False,[]
eval_cad:1778653030233998336,eval_cad,clean,ROLE_BOUNDARY_H_ROBUST,N3_BASELINE_FALLBACK,False,True,True,1.208023166168952,1.7511024263629686,2.0235598529960255,[6],[],[],"[0, 1, 4]",True,True,False,[]
eval_cad:1778653030233998336,eval_cad,clean,ROLE_BOUNDARY_H_STANDARD,N3_BASELINE_FALLBACK,False,True,True,1.208023166168952,1.7511024263629686,2.0235598529960255,[6],[],[],"[0, 1, 4]",True,True,False,[]
eval_cad:1778653030233998336,eval_cad,clean,ROLE_BOUNDARY_NO_MASK_ROBUST,N3_BASELINE_FALLBACK,False,True,True,1.208023166168952,1.7511024263629686,2.0235598529960255,[],[],[],"[0, 1, 4]",False,,False,[]
eval_cad:1778653030939714816,eval_cad,clean,ROLE_BOUNDARY_H_ROBUST,N3_BASELINE_FALLBACK,False,True,True,1.4915285310882622,2.8988432280519554,3.1997733085512943,"[6, 7]",[],[],"[4, 5]",True,False,False,[]
eval_cad:1778653030939714816,eval_cad,clean,ROLE_BOUNDARY_H_STANDARD,N3_BASELINE_FALLBACK,False,True,True,1.4915285310882622,2.8988432280519554,3.1997733085512943,"[6, 7]",[],[],"[4, 5]",True,False,False,[]
eval_cad:1778653030939714816,eval_cad,clean,ROLE_BOUNDARY_NO_MASK_ROBUST,N3_BASELINE_FALLBACK,False,True,True,1.4915285310882622,2.8988432280519554,3.1997733085512943,[],[],[],"[4, 5]",False,,False,[]
eval_cad:1778653031275751936,eval_cad,clean,ROLE_BOUNDARY_H_ROBUST,NEW_POSE,True,False,True,2.35462845018679,1.3060412224961382,2.5784385296289387,"[6, 7]","[0, 1, 4, 5]","[0, 1, 4, 5]","[0, 1, 4, 5]",True,False,True,"[6, 7]"
eval_cad:1778653031275751936,eval_cad,clean,ROLE_BOUNDARY_H_STANDARD,NEW_POSE,True,False,True,2.35462845018679,1.3060412224961382,2.5784385296289387,"[6, 7]","[0, 1, 4, 5]","[0, 1, 4, 5]","[0, 1, 4, 5]",True,False,True,"[6, 7]"
eval_cad:1778653031275751936,eval_cad,clean,ROLE_BOUNDARY_NO_MASK_ROBUST,NEW_POSE,True,False,True,2.35462845018679,1.3060412224961382,2.5784385296289387,[],"[0, 1, 4, 5]","[0, 1, 4, 5]","[0, 1, 4, 5]",False,,False,[]
eval_cad:1778653033056483584,eval_cad,clean,ROLE_BOUNDARY_H_ROBUST,N3_BASELINE_FALLBACK,False,True,True,1.7138450704275194,1.4776436512287807,2.414313775020828,"[6, 7]",[],[],[],True,False,False,[]
eval_cad:1778653033056483584,eval_cad,clean,ROLE_BOUNDARY_H_STANDARD,N3_BASELINE_FALLBACK,False,True,True,1.7138450704275194,1.4776436512287807,2.414313775020828,"[6, 7]",[],[],[],True,False,False,[]
eval_cad:1778653033056483584,eval_cad,clean,ROLE_BOUNDARY_NO_MASK_ROBUST,N3_BASELINE_FALLBACK,False,True,True,1.7138450704275194,1.4776436512287807,2.414313775020828,[],[],[],[],False,,False,[]
eval_cad:1778653041187027200,eval_cad,moderate,ROLE_BOUNDARY_H_ROBUST,N3_BASELINE_FALLBACK,False,True,True,1.510270163293827,2.1068856445970656,2.6243933470151024,[6],[],[],"[4, 5]",True,True,False,[]
eval_cad:1778653041187027200,eval_cad,moderate,ROLE_BOUNDARY_H_STANDARD,N3_BASELINE_FALLBACK,False,True,True,1.510270163293827,2.1068856445970656,2.6243933470151024,[6],[],[],"[4, 5]",True,True,False,[]
eval_cad:1778653041187027200,eval_cad,moderate,ROLE_BOUNDARY_NO_MASK_ROBUST,N3_BASELINE_FALLBACK,False,True,True,1.510270163293827,2.1068856445970656,2.6243933470151024,[],[],[],"[4, 5]",False,,False,[]
eval_cad:1778653055734035712,eval_cad,clean,ROLE_BOUNDARY_H_ROBUST,N3_BASELINE_FALLBACK,False,True,True,2.483251909174911,1.1627050130075303,2.749698125492058,"[6, 7]",[],[],"[1, 4, 5]",True,False,False,[]
eval_cad:1778653055734035712,eval_cad,clean,ROLE_BOUNDARY_H_STANDARD,N3_BASELINE_FALLBACK,False,True,True,2.483251909174911,1.1627050130075303,2.749698125492058,"[6, 7]",[],[],"[1, 4, 5]",True,False,False,[]
eval_cad:1778653055734035712,eval_cad,clean,ROLE_BOUNDARY_NO_MASK_ROBUST,N3_BASELINE_FALLBACK,False,True,True,2.483251909174911,1.1627050130075303,2.749698125492058,[],[],[],"[1, 4, 5]",False,,False,[]
eval_cad:1778653055801377280,eval_cad,clean,ROLE_BOUNDARY_H_ROBUST,NEW_POSE,True,False,True,3.1580222826723916,1.203153690129439,3.3193157886864686,"[6, 7]","[0, 1, 4, 5]","[0, 1, 4, 5]","[0, 1, 4, 5]",True,False,True,"[6, 7]"
eval_cad:1778653055801377280,eval_cad,clean,ROLE_BOUNDARY_H_STANDARD,NEW_POSE,True,False,True,3.1580222826723916,1.203153690129439,3.3193157886864686,"[6, 7]","[0, 1, 4, 5]","[0, 1, 4, 5]","[0, 1, 4, 5]",True,False,True,"[6, 7]"
eval_cad:1778653055801377280,eval_cad,clean,ROLE_BOUNDARY_NO_MASK_ROBUST,NEW_POSE,True,False,True,3.1580222826723916,1.203153690129439,3.3193157886864686,[],"[0, 1, 4, 5]","[0, 1, 4, 5]","[0, 1, 4, 5]",False,,False,[]
eval_cad:1778653055868669952,eval_cad,clean,ROLE_BOUNDARY_H_ROBUST,N3_BASELINE_FALLBACK,False,True,True,2.930481677900733,1.6333214559488682,3.43826924509948,"[6, 7]",[],[],"[1, 5]",True,False,False,[]
eval_cad:1778653055868669952,eval_cad,clean,ROLE_BOUNDARY_H_STANDARD,N3_BASELINE_FALLBACK,False,True,True,2.930481677900733,1.6333214559488682,3.43826924509948,"[6, 7]",[],[],"[1, 5]",True,False,False,[]
eval_cad:1778653055868669952,eval_cad,clean,ROLE_BOUNDARY_NO_MASK_ROBUST,N3_BASELINE_FALLBACK,False,True,True,2.930481677900733,1.6333214559488682,3.43826924509948,[],[],[],"[1, 5]",False,,False,[]
eval_cad:1778653056137140480,eval_cad,clean,ROLE_BOUNDARY_H_ROBUST,N3_BASELINE_FALLBACK,False,True,True,2.2918468756096675,1.8176433605042994,2.9354563822647446,"[6, 7]",[],[],"[1, 5]",True,False,False,[]
eval_cad:1778653056137140480,eval_cad,clean,ROLE_BOUNDARY_H_STANDARD,N3_BASELINE_FALLBACK,False,True,True,2.2918468756096675,1.8176433605042994,2.9354563822647446,"[6, 7]",[],[],"[1, 5]",True,False,False,[]
eval_cad:1778653056137140480,eval_cad,clean,ROLE_BOUNDARY_NO_MASK_ROBUST,N3_BASELINE_FALLBACK,False,True,True,2.2918468756096675,1.8176433605042994,2.9354563822647446,[],[],[],"[1, 5]",False,,False,[]
eval_night08:1779449499143611648,eval_night08,moderate,ROLE_BOUNDARY_H_ROBUST,N3_BASELINE_FALLBACK,False,True,True,13.742244741572437,2.867458631027197,14.03244449121242,"[6, 7]",[],[],[],True,False,False,[]
eval_night08:1779449499143611648,eval_night08,moderate,ROLE_BOUNDARY_H_STANDARD,N3_BASELINE_FALLBACK,False,True,True,13.742244741572437,2.867458631027197,14.03244449121242,"[6, 7]",[],[],[],True,False,False,[]
eval_night08:1779449499143611648,eval_night08,moderate,ROLE_BOUNDARY_NO_MASK_ROBUST,N3_BASELINE_FALLBACK,False,True,True,13.742244741572437,2.867458631027197,14.03244449121242,[],[],[],[],False,,False,[]
eval_night08:1779449501478488320,eval_night08,moderate,ROLE_BOUNDARY_H_ROBUST,N3_BASELINE_FALLBACK,False,True,True,3.9093212665797212,1.8549748561561314,4.395096871814832,"[6, 7]",[],[],[4],True,False,False,[]
eval_night08:1779449501478488320,eval_night08,moderate,ROLE_BOUNDARY_H_STANDARD,N3_BASELINE_FALLBACK,False,True,True,3.9093212665797212,1.8549748561561314,4.395096871814832,"[6, 7]",[],[],[4],True,False,False,[]
eval_night08:1779449501478488320,eval_night08,moderate,ROLE_BOUNDARY_NO_MASK_ROBUST,N3_BASELINE_FALLBACK,False,True,True,3.9093212665797212,1.8549748561561314,4.395096871814832,[],[],[],[4],False,,False,[]
eval_night09:1779449649655479552,eval_night09,moderate,ROLE_BOUNDARY_H_ROBUST,N3_BASELINE_FALLBACK,False,True,True,4.75807507601903,1.6540204675870793,5.117186873114232,[6],[],[],[],True,False,False,[]
eval_night09:1779449649655479552,eval_night09,moderate,ROLE_BOUNDARY_H_STANDARD,N3_BASELINE_FALLBACK,False,True,True,4.75807507601903,1.6540204675870793,5.117186873114232,[6],[],[],[],True,False,False,[]
eval_night09:1779449649655479552,eval_night09,moderate,ROLE_BOUNDARY_NO_MASK_ROBUST,N3_BASELINE_FALLBACK,False,True,True,4.75807507601903,1.6540204675870793,5.117186873114232,[],[],[],[],False,,False,[]
eval_night09:1779449656527024896,eval_night09,moderate,ROLE_BOUNDARY_H_ROBUST,N3_BASELINE_FALLBACK,False,True,True,5.419383267065684,1.4089612506715024,5.645422018371896,[6],[],[],[],True,False,False,[]
eval_night09:1779449656527024896,eval_night09,moderate,ROLE_BOUNDARY_H_STANDARD,N3_BASELINE_FALLBACK,False,True,True,5.419383267065684,1.4089612506715024,5.645422018371896,[6],[],[],[],True,False,False,[]
eval_night09:1779449656527024896,eval_night09,moderate,ROLE_BOUNDARY_NO_MASK_ROBUST,N3_BASELINE_FALLBACK,False,True,True,5.419383267065684,1.4089612506715024,5.645422018371896,[],[],[],[],False,,False,[]
eval_noapril:1775201414728017664,eval_noapril,clean,ROLE_BOUNDARY_H_ROBUST,NEW_POSE,True,False,True,4.1469616702731384,1.2465995027439674,4.301839504302268,[6],"[0, 1, 4, 5]","[0, 1, 4, 5]","[0, 1, 4, 5]",True,True,True,[6]
eval_noapril:1775201414728017664,eval_noapril,clean,ROLE_BOUNDARY_H_STANDARD,NEW_POSE,True,False,True,4.1469616702731384,1.2465995027439674,4.301839504302268,[6],"[0, 1, 4, 5]","[0, 1, 4, 5]","[0, 1, 4, 5]",True,True,True,[6]
eval_noapril:1775201414728017664,eval_noapril,clean,ROLE_BOUNDARY_NO_MASK_ROBUST,NEW_POSE,True,False,True,4.1469616702731384,1.2465995027439674,4.301839504302268,[],"[0, 1, 4, 5]","[0, 1, 4, 5]","[0, 1, 4, 5]",False,,False,[]
eval_noapril:1775201415399297536,eval_noapril,clean,ROLE_BOUNDARY_H_ROBUST,N3_BASELINE_FALLBACK,False,True,True,2.880210619783908,1.6783139933804878,3.3072726062732483,[6],[],[],"[4, 5]",True,True,False,[]
eval_noapril:1775201415399297536,eval_noapril,clean,ROLE_BOUNDARY_H_STANDARD,N3_BASELINE_FALLBACK,False,True,True,2.880210619783908,1.6783139933804878,3.3072726062732483,[6],[],[],"[4, 5]",True,True,False,[]
eval_noapril:1775201415399297536,eval_noapril,clean,ROLE_BOUNDARY_NO_MASK_ROBUST,N3_BASELINE_FALLBACK,False,True,True,2.880210619783908,1.6783139933804878,3.3072726062732483,[],[],[],"[4, 5]",False,,False,[]
eval_noapril:1775201416944730624,eval_noapril,clean,ROLE_BOUNDARY_H_ROBUST,N3_BASELINE_FALLBACK,False,True,True,3.4201989443644285,0.3443434554771856,3.4357325577436355,[6],[],[],"[1, 5]",True,True,False,[]
eval_noapril:1775201416944730624,eval_noapril,clean,ROLE_BOUNDARY_H_STANDARD,N3_BASELINE_FALLBACK,False,True,True,3.4201989443644285,0.3443434554771856,3.4357325577436355,[6],[],[],"[1, 5]",True,True,False,[]
eval_noapril:1775201416944730624,eval_noapril,clean,ROLE_BOUNDARY_NO_MASK_ROBUST,N3_BASELINE_FALLBACK,False,True,True,3.4201989443644285,0.3443434554771856,3.4357325577436355,[],[],[],"[1, 5]",False,,False,[]
eval_noapril:1775201418120676608,eval_noapril,clean,ROLE_BOUNDARY_H_ROBUST,NEW_POSE,True,False,True,5.9756513926046715,0.7105514958928508,6.009566123174255,[6],"[0, 1, 4, 5]","[0, 1, 4, 5]","[0, 1, 4, 5]",True,True,True,[6]
eval_noapril:1775201418120676608,eval_noapril,clean,ROLE_BOUNDARY_H_STANDARD,NEW_POSE,True,False,True,5.9756513926046715,0.7105514958928508,6.009566123174255,[6],"[0, 1, 4, 5]","[0, 1, 4, 5]","[0, 1, 4, 5]",True,True,True,[6]
eval_noapril:1775201418120676608,eval_noapril,clean,ROLE_BOUNDARY_NO_MASK_ROBUST,NEW_POSE,True,False,True,5.9756513926046715,0.7105514958928508,6.009566123174255,[],"[0, 1, 4, 5]","[0, 1, 4, 5]","[0, 1, 4, 5]",False,,False,[]
eval_noapril:1775201421043401984,eval_noapril,clean,ROLE_BOUNDARY_H_ROBUST,N3_BASELINE_FALLBACK,False,True,True,4.223105075054566,1.2200072099025525,4.3464356418875205,[6],[],[],"[0, 4, 5]",True,True,False,[]
eval_noapril:1775201421043401984,eval_noapril,clean,ROLE_BOUNDARY_H_STANDARD,N3_BASELINE_FALLBACK,False,True,True,4.223105075054566,1.2200072099025525,4.3464356418875205,[6],[],[],"[0, 4, 5]",True,True,False,[]
eval_noapril:1775201421043401984,eval_noapril,clean,ROLE_BOUNDARY_NO_MASK_ROBUST,N3_BASELINE_FALLBACK,False,True,True,4.223105075054566,1.2200072099025525,4.3464356418875205,[],[],[],"[0, 4, 5]",False,,False,[]
eval_noapril:1775201428535961600,eval_noapril,clean,ROLE_BOUNDARY_H_ROBUST,NEW_POSE,True,False,True,4.2093929217853905,1.3259307988017988,4.36188663798087,[6],"[0, 1, 4, 5]","[0, 1, 4, 5]","[0, 1, 4, 5]",True,True,True,[6]
eval_noapril:1775201428535961600,eval_noapril,clean,ROLE_BOUNDARY_H_STANDARD,NEW_POSE,True,False,True,4.2093929217853905,1.3259307988017988,4.36188663798087,[6],"[0, 1, 4, 5]","[0, 1, 4, 5]","[0, 1, 4, 5]",True,True,True,[6]
eval_noapril:1775201428535961600,eval_noapril,clean,ROLE_BOUNDARY_NO_MASK_ROBUST,NEW_POSE,True,False,True,4.2093929217853905,1.3259307988017988,4.36188663798087,[],"[0, 1, 4, 5]","[0, 1, 4, 5]","[0, 1, 4, 5]",False,,False,[]
eval_noapril:1775201429879521792,eval_noapril,clean,ROLE_BOUNDARY_H_ROBUST,N3_BASELINE_FALLBACK,False,True,True,5.077482656221402,1.427527671930962,5.234756747508372,[6],[],[],"[1, 3, 5]",True,True,False,[]
eval_noapril:1775201429879521792,eval_noapril,clean,ROLE_BOUNDARY_H_STANDARD,N3_BASELINE_FALLBACK,False,True,True,5.077482656221402,1.427527671930962,5.234756747508372,[6],[],[],"[1, 3, 5]",True,True,False,[]
eval_noapril:1775201429879521792,eval_noapril,clean,ROLE_BOUNDARY_NO_MASK_ROBUST,N3_BASELINE_FALLBACK,False,True,True,5.077482656221402,1.427527671930962,5.234756747508372,[],[],[],"[1, 3, 5]",False,,False,[]
eval_noapril:1775201430551447040,eval_noapril,clean,ROLE_BOUNDARY_H_ROBUST,N3_BASELINE_FALLBACK,False,True,True,8.618309689472936,0.8652203328177159,8.653787787174739,[6],[],[],"[1, 5]",True,True,False,[]
eval_noapril:1775201430551447040,eval_noapril,clean,ROLE_BOUNDARY_H_STANDARD,N3_BASELINE_FALLBACK,False,True,True,8.618309689472936,0.8652203328177159,8.653787787174739,[6],[],[],"[1, 5]",True,True,False,[]
eval_noapril:1775201430551447040,eval_noapril,clean,ROLE_BOUNDARY_NO_MASK_ROBUST,N3_BASELINE_FALLBACK,False,True,True,8.618309689472936,0.8652203328177159,8.653787787174739,[],[],[],"[1, 5]",False,,False,[]
eval_noapril:1775201430786751744,eval_noapril,clean,ROLE_BOUNDARY_H_ROBUST,N3_BASELINE_FALLBACK,False,True,True,3.704090012694558,1.1540616265000307,3.870522747966755,[6],[],[],"[1, 3, 5]",True,True,False,[]
eval_noapril:1775201430786751744,eval_noapril,clean,ROLE_BOUNDARY_H_STANDARD,N3_BASELINE_FALLBACK,False,True,True,3.704090012694558,1.1540616265000307,3.870522747966755,[6],[],[],"[1, 3, 5]",True,True,False,[]
eval_noapril:1775201430786751744,eval_noapril,clean,ROLE_BOUNDARY_NO_MASK_ROBUST,N3_BASELINE_FALLBACK,False,True,True,3.704090012694558,1.1540616265000307,3.870522747966755,[],[],[],"[1, 3, 5]",False,,False,[]
eval_noapril:1775201436800711168,eval_noapril,clean,ROLE_BOUNDARY_H_ROBUST,NEW_POSE,True,False,True,4.176239832740652,0.8513834204191201,4.239943742118908,[6],"[0, 3, 4, 5]","[0, 3, 4, 5]","[0, 3, 4, 5]",True,False,True,[6]
eval_noapril:1775201436800711168,eval_noapril,clean,ROLE_BOUNDARY_H_STANDARD,NEW_POSE,True,False,True,4.176239832740652,0.8513834204191201,4.239943742118908,[6],"[0, 3, 4, 5]","[0, 3, 4, 5]","[0, 3, 4, 5]",True,False,True,[6]
eval_noapril:1775201436800711168,eval_noapril,clean,ROLE_BOUNDARY_NO_MASK_ROBUST,NEW_POSE,True,False,True,4.176239832740652,0.8513834204191201,4.239943742118908,[],"[0, 3, 4, 5]","[0, 3, 4, 5]","[0, 3, 4, 5]",False,,False,[]
eval_noapril:1775201442546213120,eval_noapril,clean,ROLE_BOUNDARY_H_ROBUST,NEW_POSE,True,False,True,3.843939834519284,0.5292799994913971,3.8713237202468838,"[6, 7]","[0, 1, 4, 5]","[0, 1, 4, 5]","[0, 1, 4, 5]",True,False,True,"[6, 7]"
eval_noapril:1775201442546213120,eval_noapril,clean,ROLE_BOUNDARY_H_STANDARD,NEW_POSE,True,False,True,3.843939834519284,0.5292799994913971,3.8713237202468838,"[6, 7]","[0, 1, 4, 5]","[0, 1, 4, 5]","[0, 1, 4, 5]",True,False,True,"[6, 7]"
eval_noapril:1775201442546213120,eval_noapril,clean,ROLE_BOUNDARY_NO_MASK_ROBUST,NEW_POSE,True,False,True,3.843939834519284,0.5292799994913971,3.8713237202468838,[],"[0, 1, 4, 5]","[0, 1, 4, 5]","[0, 1, 4, 5]",False,,False,[]
eval_noapril:1775201443822140928,eval_noapril,clean,ROLE_BOUNDARY_H_ROBUST,NEW_POSE,True,False,True,3.5442008619516665,0.21276118510605496,3.5485454145840007,"[6, 7]","[0, 1, 4, 5]","[0, 1, 4, 5]","[0, 1, 4, 5]",True,False,True,"[6, 7]"
eval_noapril:1775201443822140928,eval_noapril,clean,ROLE_BOUNDARY_H_STANDARD,NEW_POSE,True,False,True,3.5442008619516665,0.21276118510605496,3.5485454145840007,"[6, 7]","[0, 1, 4, 5]","[0, 1, 4, 5]","[0, 1, 4, 5]",True,False,True,"[6, 7]"
eval_noapril:1775201443822140928,eval_noapril,clean,ROLE_BOUNDARY_NO_MASK_ROBUST,NEW_POSE,True,False,True,3.5442008619516665,0.21276118510605496,3.5485454145840007,[],"[0, 1, 4, 5]","[0, 1, 4, 5]","[0, 1, 4, 5]",False,,False,[]
eval_outside:1778651519235162880,eval_outside,moderate,ROLE_BOUNDARY_H_ROBUST,N3_BASELINE_FALLBACK,False,True,True,5.2413619383596055,0.7169626113660198,5.295159415588744,[7],[],[],"[0, 4]",True,False,False,[]
eval_outside:1778651519235162880,eval_outside,moderate,ROLE_BOUNDARY_H_STANDARD,N3_BASELINE_FALLBACK,False,True,True,5.2413619383596055,0.7169626113660198,5.295159415588744,[7],[],[],"[0, 4]",True,False,False,[]
eval_outside:1778651519235162880,eval_outside,moderate,ROLE_BOUNDARY_NO_MASK_ROBUST,N3_BASELINE_FALLBACK,False,True,True,5.2413619383596055,0.7169626113660198,5.295159415588744,[],[],[],"[0, 4]",False,,False,[]
eval_outside:1778651530691638016,eval_outside,moderate,ROLE_BOUNDARY_H_ROBUST,N3_BASELINE_FALLBACK,False,True,True,3.7640356932577737,1.7592677191829955,4.213645136355802,[7],[],[],[4],True,False,False,[]
eval_outside:1778651530691638016,eval_outside,moderate,ROLE_BOUNDARY_H_STANDARD,N3_BASELINE_FALLBACK,False,True,True,3.7640356932577737,1.7592677191829955,4.213645136355802,[7],[],[],[4],True,False,False,[]
eval_outside:1778651530691638016,eval_outside,moderate,ROLE_BOUNDARY_NO_MASK_ROBUST,N3_BASELINE_FALLBACK,False,True,True,3.7640356932577737,1.7592677191829955,4.213645136355802,[],[],[],[4],False,,False,[]
eval_outside:1778651579029250816,eval_outside,moderate,ROLE_BOUNDARY_H_ROBUST,N3_BASELINE_FALLBACK,False,True,True,5.090743994516318,0.8993634387263697,5.153594487021608,[7],[],[],[],True,True,False,[]
eval_outside:1778651579029250816,eval_outside,moderate,ROLE_BOUNDARY_H_STANDARD,N3_BASELINE_FALLBACK,False,True,True,5.090743994516318,0.8993634387263697,5.153594487021608,[7],[],[],[],True,True,False,[]
eval_outside:1778651579029250816,eval_outside,moderate,ROLE_BOUNDARY_NO_MASK_ROBUST,N3_BASELINE_FALLBACK,False,True,True,5.090743994516318,0.8993634387263697,5.153594487021608,[],[],[],[],False,,False,[]
eval_outside:1778653367706938112,eval_outside,clean,ROLE_BOUNDARY_H_ROBUST,N3_BASELINE_FALLBACK,False,True,True,11.66895963890919,89.76763723821307,120.50018590245881,"[6, 7]",[],[],[4],True,False,False,[]
eval_outside:1778653367706938112,eval_outside,clean,ROLE_BOUNDARY_H_STANDARD,N3_BASELINE_FALLBACK,False,True,True,11.66895963890919,89.76763723821307,120.50018590245881,"[6, 7]",[],[],[4],True,False,False,[]
eval_outside:1778653367706938112,eval_outside,clean,ROLE_BOUNDARY_NO_MASK_ROBUST,N3_BASELINE_FALLBACK,False,True,True,11.66895963890919,89.76763723821307,120.50018590245881,[],[],[],[4],False,,False,[]
eval_outside:1778653508779767808,eval_outside,clean,ROLE_BOUNDARY_H_ROBUST,N3_BASELINE_FALLBACK,False,True,True,84.5358758474675,85.71636746870949,129.9856996120705,[],[],[],[],True,True,False,[]
eval_outside:1778653508779767808,eval_outside,clean,ROLE_BOUNDARY_H_STANDARD,N3_BASELINE_FALLBACK,False,True,True,84.5358758474675,85.71636746870949,129.9856996120705,[],[],[],[],True,True,False,[]
eval_outside:1778653508779767808,eval_outside,clean,ROLE_BOUNDARY_NO_MASK_ROBUST,N3_BASELINE_FALLBACK,False,True,True,84.5358758474675,85.71636746870949,129.9856996120705,[],[],[],[],False,,False,[]
eval_outside:1778653526955536896,eval_outside,clean,ROLE_BOUNDARY_H_ROBUST,N3_BASELINE_FALLBACK,False,True,True,2.6072857691435867,0.6925601483817545,2.7041762425199423,[6],[],[],[],True,True,False,[]
eval_outside:1778653526955536896,eval_outside,clean,ROLE_BOUNDARY_H_STANDARD,N3_BASELINE_FALLBACK,False,True,True,2.6072857691435867,0.6925601483817545,2.7041762425199423,[6],[],[],[],True,True,False,[]
eval_outside:1778653526955536896,eval_outside,clean,ROLE_BOUNDARY_NO_MASK_ROBUST,N3_BASELINE_FALLBACK,False,True,True,2.6072857691435867,0.6925601483817545,2.7041762425199423,[],[],[],[],False,,False,[]
eval_outside:1778653540259983104,eval_outside,clean,ROLE_BOUNDARY_H_ROBUST,N3_BASELINE_FALLBACK,False,True,True,8.37917714261968,0.9205568374840406,8.431700422213503,[6],[],[],[3],True,True,False,[]
eval_outside:1778653540259983104,eval_outside,clean,ROLE_BOUNDARY_H_STANDARD,N3_BASELINE_FALLBACK,False,True,True,8.37917714261968,0.9205568374840406,8.431700422213503,[6],[],[],[3],True,True,False,[]
eval_outside:1778653540259983104,eval_outside,clean,ROLE_BOUNDARY_NO_MASK_ROBUST,N3_BASELINE_FALLBACK,False,True,True,8.37917714261968,0.9205568374840406,8.431700422213503,[],[],[],[3],False,,False,[]
eval_outside:1778653545299653120,eval_outside,clean,ROLE_BOUNDARY_H_ROBUST,N3_BASELINE_FALLBACK,False,True,True,5.510995365026994,2.3524683707036336,6.159647268904902,"[6, 7]",[],[],[],True,False,False,[]
eval_outside:1778653545299653120,eval_outside,clean,ROLE_BOUNDARY_H_STANDARD,N3_BASELINE_FALLBACK,False,True,True,5.510995365026994,2.3524683707036336,6.159647268904902,"[6, 7]",[],[],[],True,False,False,[]
eval_outside:1778653545299653120,eval_outside,clean,ROLE_BOUNDARY_NO_MASK_ROBUST,N3_BASELINE_FALLBACK,False,True,True,5.510995365026994,2.3524683707036336,6.159647268904902,[],[],[],[],False,,False,[]
eval_pallet07:1778652128369383168,eval_pallet07,moderate,ROLE_BOUNDARY_H_ROBUST,N3_BASELINE_FALLBACK,False,True,True,4.953272280734859,2.0086962990473793,5.460732046702568,"[6, 7]",[],[],[1],True,False,False,[]
eval_pallet07:1778652128369383168,eval_pallet07,moderate,ROLE_BOUNDARY_H_STANDARD,N3_BASELINE_FALLBACK,False,True,True,4.953272280734859,2.0086962990473793,5.460732046702568,"[6, 7]",[],[],[1],True,False,False,[]
eval_pallet07:1778652128369383168,eval_pallet07,moderate,ROLE_BOUNDARY_NO_MASK_ROBUST,N3_BASELINE_FALLBACK,False,True,True,4.953272280734859,2.0086962990473793,5.460732046702568,[],[],[],[1],False,,False,[]
eval_pallet07:1778652130452698368,eval_pallet07,moderate,ROLE_BOUNDARY_H_ROBUST,N3_BASELINE_FALLBACK,False,True,True,4.513568135426818,1.507456385747746,4.79949993853422,[7],[],[],[2],True,False,False,[]
eval_pallet07:1778652130452698368,eval_pallet07,moderate,ROLE_BOUNDARY_H_STANDARD,N3_BASELINE_FALLBACK,False,True,True,4.513568135426818,1.507456385747746,4.79949993853422,[7],[],[],[2],True,False,False,[]
eval_pallet07:1778652130452698368,eval_pallet07,moderate,ROLE_BOUNDARY_NO_MASK_ROBUST,N3_BASELINE_FALLBACK,False,True,True,4.513568135426818,1.507456385747746,4.79949993853422,[],[],[],[2],False,,False,[]
eval_pallet07:1778652132535256576,eval_pallet07,moderate,ROLE_BOUNDARY_H_ROBUST,N3_BASELINE_FALLBACK,False,True,True,3.468449416385712,1.4857132504322244,3.8484829740604103,[7],[],[],[2],True,False,False,[]
eval_pallet07:1778652132535256576,eval_pallet07,moderate,ROLE_BOUNDARY_H_STANDARD,N3_BASELINE_FALLBACK,False,True,True,3.468449416385712,1.4857132504322244,3.8484829740604103,[7],[],[],[2],True,False,False,[]
eval_pallet07:1778652132535256576,eval_pallet07,moderate,ROLE_BOUNDARY_NO_MASK_ROBUST,N3_BASELINE_FALLBACK,False,True,True,3.468449416385712,1.4857132504322244,3.8484829740604103,[],[],[],[2],False,,False,[]
eval_pallet07:1778652134517495552,eval_pallet07,moderate,ROLE_BOUNDARY_H_ROBUST,N3_BASELINE_FALLBACK,False,True,True,3.895990850671309,0.5341571125917449,3.9369354820060027,[7],[],[],"[1, 5]",True,False,False,[]
eval_pallet07:1778652134517495552,eval_pallet07,moderate,ROLE_BOUNDARY_H_STANDARD,N3_BASELINE_FALLBACK,False,True,True,3.895990850671309,0.5341571125917449,3.9369354820060027,[7],[],[],"[1, 5]",True,False,False,[]
eval_pallet07:1778652134517495552,eval_pallet07,moderate,ROLE_BOUNDARY_NO_MASK_ROBUST,N3_BASELINE_FALLBACK,False,True,True,3.895990850671309,0.5341571125917449,3.9369354820060027,[],[],[],"[1, 5]",False,,False,[]
eval_pallet07:1778652136533958400,eval_pallet07,moderate,ROLE_BOUNDARY_H_ROBUST,N3_BASELINE_FALLBACK,False,True,True,1.5582095853782938,0.9534630634689337,1.9018210390903092,[7],[],[],[],True,False,False,[]
eval_pallet07:1778652136533958400,eval_pallet07,moderate,ROLE_BOUNDARY_H_STANDARD,N3_BASELINE_FALLBACK,False,True,True,1.5582095853782938,0.9534630634689337,1.9018210390903092,[7],[],[],[],True,False,False,[]
eval_pallet07:1778652136533958400,eval_pallet07,moderate,ROLE_BOUNDARY_NO_MASK_ROBUST,N3_BASELINE_FALLBACK,False,True,True,1.5582095853782938,0.9534630634689337,1.9018210390903092,[],[],[],[],False,,False,[]
eval_pallet07:1778652138515809024,eval_pallet07,moderate,ROLE_BOUNDARY_H_ROBUST,N3_BASELINE_FALLBACK,False,True,True,2.188808862710108,0.4545808018288557,2.2469143744839664,[6],[],[],[1],True,False,False,[]
eval_pallet07:1778652138515809024,eval_pallet07,moderate,ROLE_BOUNDARY_H_STANDARD,N3_BASELINE_FALLBACK,False,True,True,2.188808862710108,0.4545808018288557,2.2469143744839664,[6],[],[],[1],True,False,False,[]
eval_pallet07:1778652138515809024,eval_pallet07,moderate,ROLE_BOUNDARY_NO_MASK_ROBUST,N3_BASELINE_FALLBACK,False,True,True,2.188808862710108,0.4545808018288557,2.2469143744839664,[],[],[],[1],False,,False,[]
eval_pallet07:1778652150610404864,eval_pallet07,moderate,ROLE_BOUNDARY_H_ROBUST,N3_BASELINE_FALLBACK,False,True,True,6.603406149952876,2.451708262753612,7.061656385015885,"[6, 7]",[],[],[1],True,False,False,[]
eval_pallet07:1778652150610404864,eval_pallet07,moderate,ROLE_BOUNDARY_H_STANDARD,N3_BASELINE_FALLBACK,False,True,True,6.603406149952876,2.451708262753612,7.061656385015885,"[6, 7]",[],[],[1],True,False,False,[]
eval_pallet07:1778652150610404864,eval_pallet07,moderate,ROLE_BOUNDARY_NO_MASK_ROBUST,N3_BASELINE_FALLBACK,False,True,True,6.603406149952876,2.451708262753612,7.061656385015885,[],[],[],[1],False,,False,[]
eval_pallet07:1778652166837872128,eval_pallet07,moderate,ROLE_BOUNDARY_H_ROBUST,N3_BASELINE_FALLBACK,False,True,True,9.18128008595039,4.807546216994989,10.50192100772341,[7],[],[],"[1, 5]",True,True,False,[]
eval_pallet07:1778652166837872128,eval_pallet07,moderate,ROLE_BOUNDARY_H_STANDARD,N3_BASELINE_FALLBACK,False,True,True,9.18128008595039,4.807546216994989,10.50192100772341,[7],[],[],"[1, 5]",True,True,False,[]
eval_pallet07:1778652166837872128,eval_pallet07,moderate,ROLE_BOUNDARY_NO_MASK_ROBUST,N3_BASELINE_FALLBACK,False,True,True,9.18128008595039,4.807546216994989,10.50192100772341,[],[],[],"[1, 5]",False,,False,[]
eval_pallet07:1778652168786111744,eval_pallet07,moderate,ROLE_BOUNDARY_H_ROBUST,N3_BASELINE_FALLBACK,False,True,True,6.981995478663158,2.749823382730177,7.508203786168849,[6],[],[],[],True,False,False,[]
eval_pallet07:1778652168786111744,eval_pallet07,moderate,ROLE_BOUNDARY_H_STANDARD,N3_BASELINE_FALLBACK,False,True,True,6.981995478663158,2.749823382730177,7.508203786168849,[6],[],[],[],True,False,False,[]
eval_pallet07:1778652168786111744,eval_pallet07,moderate,ROLE_BOUNDARY_NO_MASK_ROBUST,N3_BASELINE_FALLBACK,False,True,True,6.981995478663158,2.749823382730177,7.508203786168849,[],[],[],[],False,,False,[]
eval_pallet07:1778652172717607680,eval_pallet07,moderate,ROLE_BOUNDARY_H_ROBUST,N3_BASELINE_FALLBACK,False,True,True,1.0875368999973234,0.9644211962433246,1.42302058015834,[6],[],[],[1],True,False,False,[]
eval_pallet07:1778652172717607680,eval_pallet07,moderate,ROLE_BOUNDARY_H_STANDARD,N3_BASELINE_FALLBACK,False,True,True,1.0875368999973234,0.9644211962433246,1.42302058015834,[6],[],[],[1],True,False,False,[]
eval_pallet07:1778652172717607680,eval_pallet07,moderate,ROLE_BOUNDARY_NO_MASK_ROBUST,N3_BASELINE_FALLBACK,False,True,True,1.0875368999973234,0.9644211962433246,1.42302058015834,[],[],[],[1],False,,False,[]
eval_pallet07:1778652174598774528,eval_pallet07,moderate,ROLE_BOUNDARY_H_ROBUST,N3_BASELINE_FALLBACK,False,True,True,2.272164324854476,1.6054673096946583,2.997421112074196,"[6, 7]",[],[],"[0, 1]",True,False,False,[]
eval_pallet07:1778652174598774528,eval_pallet07,moderate,ROLE_BOUNDARY_H_STANDARD,N3_BASELINE_FALLBACK,False,True,True,2.272164324854476,1.6054673096946583,2.997421112074196,"[6, 7]",[],[],"[0, 1]",True,False,False,[]
eval_pallet07:1778652174598774528,eval_pallet07,moderate,ROLE_BOUNDARY_NO_MASK_ROBUST,N3_BASELINE_FALLBACK,False,True,True,2.272164324854476,1.6054673096946583,2.997421112074196,[],[],[],"[0, 1]",False,,False,[]
eval_pallet09:1778653661653195264,eval_pallet09,moderate,ROLE_BOUNDARY_H_ROBUST,N3_BASELINE_FALLBACK,False,True,True,19.956926183071612,77.20438518041016,107.33741880300094,[6],[],[],[],True,False,False,[]
eval_pallet09:1778653661653195264,eval_pallet09,moderate,ROLE_BOUNDARY_H_STANDARD,N3_BASELINE_FALLBACK,False,True,True,19.956926183071612,77.20438518041016,107.33741880300094,[6],[],[],[],True,False,False,[]
eval_pallet09:1778653661653195264,eval_pallet09,moderate,ROLE_BOUNDARY_NO_MASK_ROBUST,N3_BASELINE_FALLBACK,False,True,True,19.956926183071612,77.20438518041016,107.33741880300094,[],[],[],[],False,,False,[]
eval_pallet09:1778653664407620608,eval_pallet09,moderate,ROLE_BOUNDARY_H_ROBUST,N3_BASELINE_FALLBACK,False,True,True,6.813923283729165,84.20861489458918,114.25477132483692,[6],[],[],[],True,False,False,[]
eval_pallet09:1778653664407620608,eval_pallet09,moderate,ROLE_BOUNDARY_H_STANDARD,N3_BASELINE_FALLBACK,False,True,True,6.813923283729165,84.20861489458918,114.25477132483692,[6],[],[],[],True,False,False,[]
eval_pallet09:1778653664407620608,eval_pallet09,moderate,ROLE_BOUNDARY_NO_MASK_ROBUST,N3_BASELINE_FALLBACK,False,True,True,6.813923283729165,84.20861489458918,114.25477132483692,[],[],[],[],False,,False,[]
eval_pallet09:1778653674184865536,eval_pallet09,moderate,ROLE_BOUNDARY_H_ROBUST,N3_BASELINE_FALLBACK,False,True,True,3.915404383933505,1.9436251723377975,4.452635866503312,[7],[],[],[],True,True,False,[]
eval_pallet09:1778653674184865536,eval_pallet09,moderate,ROLE_BOUNDARY_H_STANDARD,N3_BASELINE_FALLBACK,False,True,True,3.915404383933505,1.9436251723377975,4.452635866503312,[7],[],[],[],True,True,False,[]
eval_pallet09:1778653674184865536,eval_pallet09,moderate,ROLE_BOUNDARY_NO_MASK_ROBUST,N3_BASELINE_FALLBACK,False,True,True,3.915404383933505,1.9436251723377975,4.452635866503312,[],[],[],[],False,,False,[]
eval_pallet09:1778653704118966272,eval_pallet09,moderate,ROLE_BOUNDARY_H_ROBUST,N3_BASELINE_FALLBACK,False,True,True,10.887120329165514,88.02840694056597,118.53513660761938,[6],[],[],[],True,False,False,[]
eval_pallet09:1778653704118966272,eval_pallet09,moderate,ROLE_BOUNDARY_H_STANDARD,N3_BASELINE_FALLBACK,False,True,True,10.887120329165514,88.02840694056597,118.53513660761938,[6],[],[],[],True,False,False,[]
eval_pallet09:1778653704118966272,eval_pallet09,moderate,ROLE_BOUNDARY_NO_MASK_ROBUST,N3_BASELINE_FALLBACK,False,True,True,10.887120329165514,88.02840694056597,118.53513660761938,[],[],[],[],False,,False,[]
eval_pallet09:1778653706706429696,eval_pallet09,moderate,ROLE_BOUNDARY_H_ROBUST,N3_BASELINE_FALLBACK,False,True,True,37.94122627967794,87.53426845760205,121.34476566792532,[],[],[],[],True,True,False,[]
eval_pallet09:1778653706706429696,eval_pallet09,moderate,ROLE_BOUNDARY_H_STANDARD,N3_BASELINE_FALLBACK,False,True,True,37.94122627967794,87.53426845760205,121.34476566792532,[],[],[],[],True,True,False,[]
eval_pallet09:1778653706706429696,eval_pallet09,moderate,ROLE_BOUNDARY_NO_MASK_ROBUST,N3_BASELINE_FALLBACK,False,True,True,37.94122627967794,87.53426845760205,121.34476566792532,[],[],[],[],False,,False,[]
eval_pallet09:1778653709259341568,eval_pallet09,moderate,ROLE_BOUNDARY_H_ROBUST,N3_BASELINE_FALLBACK,False,True,True,23.810081152005992,88.3287561547432,120.0293380773351,[6],[],[],[],True,False,False,[]
eval_pallet09:1778653709259341568,eval_pallet09,moderate,ROLE_BOUNDARY_H_STANDARD,N3_BASELINE_FALLBACK,False,True,True,23.810081152005992,88.3287561547432,120.0293380773351,[6],[],[],[],True,False,False,[]
eval_pallet09:1778653709259341568,eval_pallet09,moderate,ROLE_BOUNDARY_NO_MASK_ROBUST,N3_BASELINE_FALLBACK,False,True,True,23.810081152005992,88.3287561547432,120.0293380773351,[],[],[],[],False,,False,[]
eval_pallet09:1778653711544007680,eval_pallet09,moderate,ROLE_BOUNDARY_H_ROBUST,N3_BASELINE_FALLBACK,False,True,True,23.883213740736327,2.389276668184266,24.005211560580637,[],[],[],[],True,True,False,[]
eval_pallet09:1778653711544007680,eval_pallet09,moderate,ROLE_BOUNDARY_H_STANDARD,N3_BASELINE_FALLBACK,False,True,True,23.883213740736327,2.389276668184266,24.005211560580637,[],[],[],[],True,True,False,[]
eval_pallet09:1778653711544007680,eval_pallet09,moderate,ROLE_BOUNDARY_NO_MASK_ROBUST,N3_BASELINE_FALLBACK,False,True,True,23.883213740736327,2.389276668184266,24.005211560580637,[],[],[],[],False,,False,[]
eval_pallet09:1778653713962971904,eval_pallet09,moderate,ROLE_BOUNDARY_H_ROBUST,N3_BASELINE_FALLBACK,False,True,True,11.187883857431661,88.22897644340954,118.7610894834284,[6],[],[],[],True,False,False,[]
eval_pallet09:1778653713962971904,eval_pallet09,moderate,ROLE_BOUNDARY_H_STANDARD,N3_BASELINE_FALLBACK,False,True,True,11.187883857431661,88.22897644340954,118.7610894834284,[6],[],[],[],True,False,False,[]
eval_pallet09:1778653713962971904,eval_pallet09,moderate,ROLE_BOUNDARY_NO_MASK_ROBUST,N3_BASELINE_FALLBACK,False,True,True,11.187883857431661,88.22897644340954,118.7610894834284,[],[],[],[],False,,False,[]
eval_pallet09:1778653721118964736,eval_pallet09,moderate,ROLE_BOUNDARY_H_ROBUST,N3_BASELINE_FALLBACK,False,True,True,22.082443656447527,89.24640958476445,120.81103629284166,[6],[],[],[],True,False,False,[]
eval_pallet09:1778653721118964736,eval_pallet09,moderate,ROLE_BOUNDARY_H_STANDARD,N3_BASELINE_FALLBACK,False,True,True,22.082443656447527,89.24640958476445,120.81103629284166,[6],[],[],[],True,False,False,[]
eval_pallet09:1778653721118964736,eval_pallet09,moderate,ROLE_BOUNDARY_NO_MASK_ROBUST,N3_BASELINE_FALLBACK,False,True,True,22.082443656447527,89.24640958476445,120.81103629284166,[],[],[],[],False,,False,[]
eval_pallet09:1778653723571790336,eval_pallet09,moderate,ROLE_BOUNDARY_H_ROBUST,N3_BASELINE_FALLBACK,False,True,True,7.769716488982674,1.9539045256182548,8.066698826382536,[6],[],[],[],True,False,False,[]
eval_pallet09:1778653723571790336,eval_pallet09,moderate,ROLE_BOUNDARY_H_STANDARD,N3_BASELINE_FALLBACK,False,True,True,7.769716488982674,1.9539045256182548,8.066698826382536,[6],[],[],[],True,False,False,[]
eval_pallet09:1778653723571790336,eval_pallet09,moderate,ROLE_BOUNDARY_NO_MASK_ROBUST,N3_BASELINE_FALLBACK,False,True,True,7.769716488982674,1.9539045256182548,8.066698826382536,[],[],[],[],False,,False,[]
eval_pallet09:1778653730458996736,eval_pallet09,moderate,ROLE_BOUNDARY_H_ROBUST,N3_BASELINE_FALLBACK,False,True,True,13.93614590180402,89.77763362360415,120.65751278347467,[6],[],[],[3],True,False,False,[]
eval_pallet09:1778653730458996736,eval_pallet09,moderate,ROLE_BOUNDARY_H_STANDARD,N3_BASELINE_FALLBACK,False,True,True,13.93614590180402,89.77763362360415,120.65751278347467,[6],[],[],[3],True,False,False,[]
eval_pallet09:1778653730458996736,eval_pallet09,moderate,ROLE_BOUNDARY_NO_MASK_ROBUST,N3_BASELINE_FALLBACK,False,True,True,13.93614590180402,89.77763362360415,120.65751278347467,[],[],[],[3],False,,False,[]
eval_pallet09:1778653738858078976,eval_pallet09,moderate,ROLE_BOUNDARY_H_ROBUST,N3_BASELINE_FALLBACK,False,True,True,4.506711823752683,1.8330903808001147,4.957148186693107,[6],[],[],[3],True,False,False,[]
eval_pallet09:1778653738858078976,eval_pallet09,moderate,ROLE_BOUNDARY_H_STANDARD,N3_BASELINE_FALLBACK,False,True,True,4.506711823752683,1.8330903808001147,4.957148186693107,[6],[],[],[3],True,False,False,[]
eval_pallet09:1778653738858078976,eval_pallet09,moderate,ROLE_BOUNDARY_NO_MASK_ROBUST,N3_BASELINE_FALLBACK,False,True,True,4.506711823752683,1.8330903808001147,4.957148186693107,[],[],[],[3],False,,False,[]
plastic_day_01:005516,plastic_day_01,clean,ROLE_BOUNDARY_H_ROBUST,NEW_POSE,True,False,True,6.468463647394077,0.9899775067480846,6.537434506372311,[7],"[0, 1, 4, 5]","[0, 1, 4, 5]","[0, 1, 4, 5]",True,True,True,[7]
plastic_day_01:005516,plastic_day_01,clean,ROLE_BOUNDARY_H_STANDARD,NEW_POSE,True,False,True,6.468463647394077,0.9899775067480846,6.537434506372311,[7],"[0, 1, 4, 5]","[0, 1, 4, 5]","[0, 1, 4, 5]",True,True,True,[7]
plastic_day_01:005516,plastic_day_01,clean,ROLE_BOUNDARY_NO_MASK_ROBUST,NEW_POSE,True,False,True,6.468463647394077,0.9899775067480846,6.537434506372311,[],"[0, 1, 4, 5]","[0, 1, 4, 5]","[0, 1, 4, 5]",False,,False,[]
plastic_day_01:005838,plastic_day_01,clean,ROLE_BOUNDARY_H_ROBUST,N3_BASELINE_FALLBACK,False,True,True,1.5950065992579205,1.518027120764745,2.156190280072425,[7],[],[],"[4, 5]",True,False,False,[]
plastic_day_01:005838,plastic_day_01,clean,ROLE_BOUNDARY_H_STANDARD,N3_BASELINE_FALLBACK,False,True,True,1.5950065992579205,1.518027120764745,2.156190280072425,[7],[],[],"[4, 5]",True,False,False,[]
plastic_day_01:005838,plastic_day_01,clean,ROLE_BOUNDARY_NO_MASK_ROBUST,N3_BASELINE_FALLBACK,False,True,True,1.5950065992579205,1.518027120764745,2.156190280072425,[],[],[],"[4, 5]",False,,False,[]
plastic_day_01:007666,plastic_day_01,clean,ROLE_BOUNDARY_H_ROBUST,NEW_POSE,True,False,True,7.266146472592173,0.7022126703116869,7.3115389723809345,[6],"[0, 1, 3, 4, 5]","[0, 1, 3, 4, 5]","[0, 1, 3, 4, 5]",True,False,True,[6]
plastic_day_01:007666,plastic_day_01,clean,ROLE_BOUNDARY_H_STANDARD,NEW_POSE,True,False,True,7.266146472592173,0.7022126703116869,7.3115389723809345,[6],"[0, 1, 3, 4, 5]","[0, 1, 3, 4, 5]","[0, 1, 3, 4, 5]",True,False,True,[6]
plastic_day_01:007666,plastic_day_01,clean,ROLE_BOUNDARY_NO_MASK_ROBUST,NEW_POSE,True,False,True,7.266146472592173,0.7022126703116869,7.3115389723809345,[],"[0, 1, 3, 4, 5]","[0, 1, 3, 4, 5]","[0, 1, 3, 4, 5]",False,,False,[]
plastic_day_01:007773,plastic_day_01,clean,ROLE_BOUNDARY_H_ROBUST,NEW_POSE,True,False,True,12.927289820390007,1.1939863663576435,12.99752039389801,[6],"[0, 1, 3, 4, 5]","[0, 1, 3, 4, 5]","[0, 1, 3, 4, 5]",True,False,True,[6]
plastic_day_01:007773,plastic_day_01,clean,ROLE_BOUNDARY_H_STANDARD,NEW_POSE,True,False,True,12.927289820390007,1.1939863663576435,12.99752039389801,[6],"[0, 1, 3, 4, 5]","[0, 1, 3, 4, 5]","[0, 1, 3, 4, 5]",True,False,True,[6]
plastic_day_01:007773,plastic_day_01,clean,ROLE_BOUNDARY_NO_MASK_ROBUST,NEW_POSE,True,False,True,12.927289820390007,1.1939863663576435,12.99752039389801,[],"[0, 1, 3, 4, 5]","[0, 1, 3, 4, 5]","[0, 1, 3, 4, 5]",False,,False,[]
plastic_day_01:007881,plastic_day_01,clean,ROLE_BOUNDARY_H_ROBUST,NEW_POSE,True,False,True,8.211991932221117,0.6973403259205035,8.241192087051504,[7],"[0, 1, 4, 5]","[0, 1, 4, 5]","[0, 1, 4, 5]",True,False,True,[7]
plastic_day_01:007881,plastic_day_01,clean,ROLE_BOUNDARY_H_STANDARD,NEW_POSE,True,False,True,8.211991932221117,0.6973403259205035,8.241192087051504,[7],"[0, 1, 4, 5]","[0, 1, 4, 5]","[0, 1, 4, 5]",True,False,True,[7]
plastic_day_01:007881,plastic_day_01,clean,ROLE_BOUNDARY_NO_MASK_ROBUST,NEW_POSE,True,False,True,8.211991932221117,0.6973403259205035,8.241192087051504,[],"[0, 1, 4, 5]","[0, 1, 4, 5]","[0, 1, 4, 5]",False,,False,[]
plastic_day_01:007917,plastic_day_01,clean,ROLE_BOUNDARY_H_ROBUST,NEW_POSE,True,False,True,2.042954312891105,0.7124401454535718,2.1949570667863547,[7],"[0, 1, 4, 5]","[0, 1, 4, 5]","[0, 1, 4, 5]",True,False,True,[7]
plastic_day_01:007917,plastic_day_01,clean,ROLE_BOUNDARY_H_STANDARD,NEW_POSE,True,False,True,2.042954312891105,0.7124401454535718,2.1949570667863547,[7],"[0, 1, 4, 5]","[0, 1, 4, 5]","[0, 1, 4, 5]",True,False,True,[7]
plastic_day_01:007917,plastic_day_01,clean,ROLE_BOUNDARY_NO_MASK_ROBUST,NEW_POSE,True,False,True,2.042954312891105,0.7124401454535718,2.1949570667863547,[],"[0, 1, 4, 5]","[0, 1, 4, 5]","[0, 1, 4, 5]",False,,False,[]
plastic_day_01:007952,plastic_day_01,clean,ROLE_BOUNDARY_H_ROBUST,NEW_POSE,True,False,True,9.18559181738806,0.8717732935875406,9.230870405871446,[7],"[0, 1, 4, 5]","[0, 1, 4, 5]","[0, 1, 4, 5]",True,False,True,[7]
plastic_day_01:007952,plastic_day_01,clean,ROLE_BOUNDARY_H_STANDARD,NEW_POSE,True,False,True,9.18559181738806,0.8717732935875406,9.230870405871446,[7],"[0, 1, 4, 5]","[0, 1, 4, 5]","[0, 1, 4, 5]",True,False,True,[7]
plastic_day_01:007952,plastic_day_01,clean,ROLE_BOUNDARY_NO_MASK_ROBUST,NEW_POSE,True,False,True,9.18559181738806,0.8717732935875406,9.230870405871446,[],"[0, 1, 4, 5]","[0, 1, 4, 5]","[0, 1, 4, 5]",False,,False,[]
plastic_day_01:008024,plastic_day_01,clean,ROLE_BOUNDARY_H_ROBUST,N3_BASELINE_FALLBACK,False,True,True,0.9278500996585075,0.6144858925770318,1.0926484965188246,[7],[],[],"[4, 5]",True,False,False,[]
plastic_day_01:008024,plastic_day_01,clean,ROLE_BOUNDARY_H_STANDARD,N3_BASELINE_FALLBACK,False,True,True,0.9278500996585075,0.6144858925770318,1.0926484965188246,[7],[],[],"[4, 5]",True,False,False,[]
plastic_day_01:008024,plastic_day_01,clean,ROLE_BOUNDARY_NO_MASK_ROBUST,N3_BASELINE_FALLBACK,False,True,True,0.9278500996585075,0.6144858925770318,1.0926484965188246,[],[],[],"[4, 5]",False,,False,[]
plastic_day_01:008239,plastic_day_01,clean,ROLE_BOUNDARY_H_ROBUST,NEW_POSE,True,False,True,9.200962747590687,0.6911815828707253,9.224252405182368,"[6, 7]","[0, 1, 4, 5]","[0, 1, 4, 5]","[0, 1, 4, 5]",True,False,True,"[6, 7]"
plastic_day_01:008239,plastic_day_01,clean,ROLE_BOUNDARY_H_STANDARD,NEW_POSE,True,False,True,9.200962747590687,0.6911815828707253,9.224252405182368,"[6, 7]","[0, 1, 4, 5]","[0, 1, 4, 5]","[0, 1, 4, 5]",True,False,True,"[6, 7]"
plastic_day_01:008239,plastic_day_01,clean,ROLE_BOUNDARY_NO_MASK_ROBUST,NEW_POSE,True,False,True,9.200962747590687,0.6911815828707253,9.224252405182368,[],"[0, 1, 4, 5]","[0, 1, 4, 5]","[0, 1, 4, 5]",False,,False,[]
plastic_day_01:008275,plastic_day_01,clean,ROLE_BOUNDARY_H_ROBUST,NEW_POSE,True,False,True,9.292644361242482,1.6144737471943609,9.42356660131496,"[6, 7]","[0, 1, 4, 5]","[0, 1, 4, 5]","[0, 1, 4, 5]",True,False,True,"[6, 7]"
plastic_day_01:008275,plastic_day_01,clean,ROLE_BOUNDARY_H_STANDARD,NEW_POSE,True,False,True,9.292644361242482,1.6144737471943609,9.42356660131496,"[6, 7]","[0, 1, 4, 5]","[0, 1, 4, 5]","[0, 1, 4, 5]",True,False,True,"[6, 7]"
plastic_day_01:008275,plastic_day_01,clean,ROLE_BOUNDARY_NO_MASK_ROBUST,NEW_POSE,True,False,True,9.292644361242482,1.6144737471943609,9.42356660131496,[],"[0, 1, 4, 5]","[0, 1, 4, 5]","[0, 1, 4, 5]",False,,False,[]
plastic_day_01:008311,plastic_day_01,clean,ROLE_BOUNDARY_H_ROBUST,NEW_POSE,True,False,True,7.559487005645603,0.7093497764481662,7.599557638586135,[6],"[0, 1, 3, 4, 5]","[0, 1, 3, 4, 5]","[0, 1, 3, 4, 5]",True,False,True,[6]
plastic_day_01:008311,plastic_day_01,clean,ROLE_BOUNDARY_H_STANDARD,NEW_POSE,True,False,True,7.559487005645603,0.7093497764481662,7.599557638586135,[6],"[0, 1, 3, 4, 5]","[0, 1, 3, 4, 5]","[0, 1, 3, 4, 5]",True,False,True,[6]
plastic_day_01:008311,plastic_day_01,clean,ROLE_BOUNDARY_NO_MASK_ROBUST,NEW_POSE,True,False,True,7.559487005645603,0.7093497764481662,7.599557638586135,[],"[0, 1, 3, 4, 5]","[0, 1, 3, 4, 5]","[0, 1, 3, 4, 5]",False,,False,[]
plastic_day_01:008418,plastic_day_01,clean,ROLE_BOUNDARY_H_ROBUST,NEW_POSE,True,False,True,8.953595716327428,0.7000024503770006,8.98161195914604,[6],"[0, 1, 3, 4, 5]","[0, 1, 3, 4, 5]","[0, 1, 3, 4, 5]",True,False,True,[6]
plastic_day_01:008418,plastic_day_01,clean,ROLE_BOUNDARY_H_STANDARD,NEW_POSE,True,False,True,8.953595716327428,0.7000024503770006,8.98161195914604,[6],"[0, 1, 3, 4, 5]","[0, 1, 3, 4, 5]","[0, 1, 3, 4, 5]",True,False,True,[6]
plastic_day_01:008418,plastic_day_01,clean,ROLE_BOUNDARY_NO_MASK_ROBUST,NEW_POSE,True,False,True,8.953595716327428,0.7000024503770006,8.98161195914604,[],"[0, 1, 3, 4, 5]","[0, 1, 3, 4, 5]","[0, 1, 3, 4, 5]",False,,False,[]
plastic_day_01:008920,plastic_day_01,clean,ROLE_BOUNDARY_H_ROBUST,NEW_POSE,True,False,True,8.675983084620867,0.07209752828623213,8.676248030784192,[6],"[0, 1, 3, 4, 5]","[0, 1, 3, 4, 5]","[0, 1, 3, 4, 5]",True,False,True,[6]
plastic_day_01:008920,plastic_day_01,clean,ROLE_BOUNDARY_H_STANDARD,NEW_POSE,True,False,True,8.675983084620867,0.07209752828623213,8.676248030784192,[6],"[0, 1, 3, 4, 5]","[0, 1, 3, 4, 5]","[0, 1, 3, 4, 5]",True,False,True,[6]
plastic_day_01:008920,plastic_day_01,clean,ROLE_BOUNDARY_NO_MASK_ROBUST,NEW_POSE,True,False,True,8.675983084620867,0.07209752828623213,8.676248030784192,[],"[0, 1, 3, 4, 5]","[0, 1, 3, 4, 5]","[0, 1, 3, 4, 5]",False,,False,[]
plastic_day_01:009804,plastic_day_01,clean,ROLE_BOUNDARY_H_ROBUST,N3_BASELINE_FALLBACK,False,True,True,7.281776250959891,0.8373411718307553,7.319463946503565,[7],[],[],"[2, 4]",True,False,False,[]
plastic_day_01:009804,plastic_day_01,clean,ROLE_BOUNDARY_H_STANDARD,N3_BASELINE_FALLBACK,False,True,True,7.281776250959891,0.8373411718307553,7.319463946503565,[7],[],[],"[2, 4]",True,False,False,[]
plastic_day_01:009804,plastic_day_01,clean,ROLE_BOUNDARY_NO_MASK_ROBUST,N3_BASELINE_FALLBACK,False,True,True,7.281776250959891,0.8373411718307553,7.319463946503565,[],[],[],"[2, 4]",False,,False,[]
plastic_day_01:009983,plastic_day_01,clean,ROLE_BOUNDARY_H_ROBUST,N3_BASELINE_FALLBACK,False,True,True,1.6110791990805415,1.2695931395559312,2.016763611806055,[6],[],[],"[3, 4, 5]",True,False,False,[]
plastic_day_01:009983,plastic_day_01,clean,ROLE_BOUNDARY_H_STANDARD,N3_BASELINE_FALLBACK,False,True,True,1.6110791990805415,1.2695931395559312,2.016763611806055,[6],[],[],"[3, 4, 5]",True,False,False,[]
plastic_day_01:009983,plastic_day_01,clean,ROLE_BOUNDARY_NO_MASK_ROBUST,N3_BASELINE_FALLBACK,False,True,True,1.6110791990805415,1.2695931395559312,2.016763611806055,[],[],[],"[3, 4, 5]",False,,False,[]
plastic_day_01:010207,plastic_day_01,moderate,ROLE_BOUNDARY_H_ROBUST,NEW_POSE,True,False,True,8.616359805875815,0.843566075611217,8.653015574260714,[7],"[1, 2, 4, 5]","[1, 2, 4, 5]","[1, 2, 4, 5]",True,False,True,[7]
plastic_day_01:010207,plastic_day_01,moderate,ROLE_BOUNDARY_H_STANDARD,NEW_POSE,True,False,True,8.616359805875815,0.843566075611217,8.653015574260714,[7],"[1, 2, 4, 5]","[1, 2, 4, 5]","[1, 2, 4, 5]",True,False,True,[7]
plastic_day_01:010207,plastic_day_01,moderate,ROLE_BOUNDARY_NO_MASK_ROBUST,NEW_POSE,True,False,True,8.616359805875815,0.843566075611217,8.653015574260714,[],"[1, 2, 4, 5]","[1, 2, 4, 5]","[1, 2, 4, 5]",False,,False,[]
plastic_day_01:010279,plastic_day_01,clean,ROLE_BOUNDARY_H_ROBUST,NEW_POSE,True,False,True,5.321430831528335,0.632022195161503,5.357233266155349,[7],"[0, 1, 4, 5]","[0, 1, 4, 5]","[0, 1, 4, 5]",True,False,True,[7]
plastic_day_01:010279,plastic_day_01,clean,ROLE_BOUNDARY_H_STANDARD,NEW_POSE,True,False,True,5.321430831528335,0.632022195161503,5.357233266155349,[7],"[0, 1, 4, 5]","[0, 1, 4, 5]","[0, 1, 4, 5]",True,False,True,[7]
plastic_day_01:010279,plastic_day_01,clean,ROLE_BOUNDARY_NO_MASK_ROBUST,NEW_POSE,True,False,True,5.321430831528335,0.632022195161503,5.357233266155349,[],"[0, 1, 4, 5]","[0, 1, 4, 5]","[0, 1, 4, 5]",False,,False,[]
plastic_day_01:010422,plastic_day_01,clean,ROLE_BOUNDARY_H_ROBUST,N3_BASELINE_FALLBACK,False,True,True,4.544043649383581,0.8026535692984029,4.628418603882244,[7],[],[],"[1, 4, 5]",True,True,False,[]
plastic_day_01:010422,plastic_day_01,clean,ROLE_BOUNDARY_H_STANDARD,N3_BASELINE_FALLBACK,False,True,True,4.544043649383581,0.8026535692984029,4.628418603882244,[7],[],[],"[1, 4, 5]",True,True,False,[]
plastic_day_01:010422,plastic_day_01,clean,ROLE_BOUNDARY_NO_MASK_ROBUST,N3_BASELINE_FALLBACK,False,True,True,4.544043649383581,0.8026535692984029,4.628418603882244,[],[],[],"[1, 4, 5]",False,,False,[]
plastic_day_01:010995,plastic_day_01,moderate,ROLE_BOUNDARY_H_ROBUST,N3_BASELINE_FALLBACK,False,True,True,6.240426439044273,83.14859571530906,112.88721678259068,[6],[],[],"[0, 1]",True,True,False,[]
plastic_day_01:010995,plastic_day_01,moderate,ROLE_BOUNDARY_H_STANDARD,N3_BASELINE_FALLBACK,False,True,True,6.240426439044273,83.14859571530906,112.88721678259068,[6],[],[],"[0, 1]",True,True,False,[]
plastic_day_01:010995,plastic_day_01,moderate,ROLE_BOUNDARY_NO_MASK_ROBUST,N3_BASELINE_FALLBACK,False,True,True,6.240426439044273,83.14859571530906,112.88721678259068,[],[],[],"[0, 1]",False,,False,[]
plastic_day_01:011067,plastic_day_01,moderate,ROLE_BOUNDARY_H_ROBUST,N3_BASELINE_FALLBACK,False,True,True,3.3754908161235297,1.10220577044205,3.502389453208686,[7],[],[],[4],True,True,False,[]
plastic_day_01:011067,plastic_day_01,moderate,ROLE_BOUNDARY_H_STANDARD,N3_BASELINE_FALLBACK,False,True,True,3.3754908161235297,1.10220577044205,3.502389453208686,[7],[],[],[4],True,True,False,[]
plastic_day_01:011067,plastic_day_01,moderate,ROLE_BOUNDARY_NO_MASK_ROBUST,N3_BASELINE_FALLBACK,False,True,True,3.3754908161235297,1.10220577044205,3.502389453208686,[],[],[],[4],False,,False,[]
plastic_day_01:011246,plastic_day_01,moderate,ROLE_BOUNDARY_H_ROBUST,NEW_POSE,True,False,True,17.928917366204033,1.3718001223174878,17.982792239050465,[6],"[0, 1, 3, 5]","[0, 1, 3, 5]","[0, 1, 3, 5]",True,False,True,[6]
plastic_day_01:011246,plastic_day_01,moderate,ROLE_BOUNDARY_H_STANDARD,NEW_POSE,True,False,True,17.928917366204033,1.3718001223174878,17.982792239050465,[6],"[0, 1, 3, 5]","[0, 1, 3, 5]","[0, 1, 3, 5]",True,False,True,[6]
plastic_day_01:011246,plastic_day_01,moderate,ROLE_BOUNDARY_NO_MASK_ROBUST,NEW_POSE,True,False,True,17.928917366204033,1.3718001223174878,17.982792239050465,[],"[0, 1, 3, 5]","[0, 1, 3, 5]","[0, 1, 3, 5]",False,,False,[]
plastic_day_01:011497,plastic_day_01,moderate,ROLE_BOUNDARY_H_ROBUST,N3_BASELINE_FALLBACK,False,True,True,5.431215734498538,0.848832716083125,5.503800245804545,[7],[],[],[0],True,False,False,[]
plastic_day_01:011497,plastic_day_01,moderate,ROLE_BOUNDARY_H_STANDARD,N3_BASELINE_FALLBACK,False,True,True,5.431215734498538,0.848832716083125,5.503800245804545,[7],[],[],[0],True,False,False,[]
plastic_day_01:011497,plastic_day_01,moderate,ROLE_BOUNDARY_NO_MASK_ROBUST,N3_BASELINE_FALLBACK,False,True,True,5.431215734498538,0.848832716083125,5.503800245804545,[],[],[],[0],False,,False,[]
plastic_day_01:011640,plastic_day_01,clean,ROLE_BOUNDARY_H_ROBUST,NEW_POSE,True,False,True,22.43565646202577,85.80024922467112,117.19837504311539,[7],"[0, 1, 2, 5]","[0, 1, 2, 5]","[0, 1, 2, 5]",True,False,True,[7]
plastic_day_01:011640,plastic_day_01,clean,ROLE_BOUNDARY_H_STANDARD,NEW_POSE,True,False,True,22.43565646202577,85.80024922467112,117.19837504311539,[7],"[0, 1, 2, 5]","[0, 1, 2, 5]","[0, 1, 2, 5]",True,False,True,[7]
plastic_day_01:011640,plastic_day_01,clean,ROLE_BOUNDARY_NO_MASK_ROBUST,NEW_POSE,True,False,True,22.43565646202577,85.80024922467112,117.19837504311539,[],"[0, 1, 2, 5]","[0, 1, 2, 5]","[0, 1, 2, 5]",False,,False,[]
plastic_day_01:011676,plastic_day_01,moderate,ROLE_BOUNDARY_H_ROBUST,N3_BASELINE_FALLBACK,False,True,True,5.199586788140417,1.1280937648362115,5.350313805725422,[7],[],[],[2],True,False,False,[]
plastic_day_01:011676,plastic_day_01,moderate,ROLE_BOUNDARY_H_STANDARD,N3_BASELINE_FALLBACK,False,True,True,5.199586788140417,1.1280937648362115,5.350313805725422,[7],[],[],[2],True,False,False,[]
plastic_day_01:011676,plastic_day_01,moderate,ROLE_BOUNDARY_NO_MASK_ROBUST,N3_BASELINE_FALLBACK,False,True,True,5.199586788140417,1.1280937648362115,5.350313805725422,[],[],[],[2],False,,False,[]
plastic_day_01:011677,plastic_day_01,moderate,ROLE_BOUNDARY_H_ROBUST,N3_BASELINE_FALLBACK,False,True,True,13.228085718556834,86.33002957985359,116.9183731397061,[7],[],[],[2],True,False,False,[]
plastic_day_01:011677,plastic_day_01,moderate,ROLE_BOUNDARY_H_STANDARD,N3_BASELINE_FALLBACK,False,True,True,13.228085718556834,86.33002957985359,116.9183731397061,[7],[],[],[2],True,False,False,[]
plastic_day_01:011677,plastic_day_01,moderate,ROLE_BOUNDARY_NO_MASK_ROBUST,N3_BASELINE_FALLBACK,False,True,True,13.228085718556834,86.33002957985359,116.9183731397061,[],[],[],[2],False,,False,[]
plastic_day_01:011891,plastic_day_01,clean,ROLE_BOUNDARY_H_ROBUST,NEW_POSE,True,False,True,1.888348612721991,0.24849668537365532,1.9023026368353144,[7],"[0, 1, 4, 5]","[0, 1, 4, 5]","[0, 1, 4, 5]",True,False,True,[7]
plastic_day_01:011891,plastic_day_01,clean,ROLE_BOUNDARY_H_STANDARD,NEW_POSE,True,False,True,1.888348612721991,0.24849668537365532,1.9023026368353144,[7],"[0, 1, 4, 5]","[0, 1, 4, 5]","[0, 1, 4, 5]",True,False,True,[7]
plastic_day_01:011891,plastic_day_01,clean,ROLE_BOUNDARY_NO_MASK_ROBUST,NEW_POSE,True,False,True,1.888348612721991,0.24849668537365532,1.9023026368353144,[],"[0, 1, 4, 5]","[0, 1, 4, 5]","[0, 1, 4, 5]",False,,False,[]
plastic_day_01:012036,plastic_day_01,clean,ROLE_BOUNDARY_H_ROBUST,N3_BASELINE_FALLBACK,False,True,True,0.3651727182855987,0.7565984913656353,1.0185113055113955,[7],[],[],"[0, 4]",True,False,False,[]
plastic_day_01:012036,plastic_day_01,clean,ROLE_BOUNDARY_H_STANDARD,N3_BASELINE_FALLBACK,False,True,True,0.3651727182855987,0.7565984913656353,1.0185113055113955,[7],[],[],"[0, 4]",True,False,False,[]
plastic_day_01:012036,plastic_day_01,clean,ROLE_BOUNDARY_NO_MASK_ROBUST,N3_BASELINE_FALLBACK,False,True,True,0.3651727182855987,0.7565984913656353,1.0185113055113955,[],[],[],"[0, 4]",False,,False,[]
plastic_day_01:012143,plastic_day_01,moderate,ROLE_BOUNDARY_H_ROBUST,N3_BASELINE_FALLBACK,False,True,True,10.544614508227072,0.9052005219137241,10.586445691008873,[6],[],[],[],True,True,False,[]
plastic_day_01:012143,plastic_day_01,moderate,ROLE_BOUNDARY_H_STANDARD,N3_BASELINE_FALLBACK,False,True,True,10.544614508227072,0.9052005219137241,10.586445691008873,[6],[],[],[],True,True,False,[]
plastic_day_01:012143,plastic_day_01,moderate,ROLE_BOUNDARY_NO_MASK_ROBUST,N3_BASELINE_FALLBACK,False,True,True,10.544614508227072,0.9052005219137241,10.586445691008873,[],[],[],[],False,,False,[]
plastic_day_01:012545,plastic_day_01,clean,ROLE_BOUNDARY_H_ROBUST,N3_BASELINE_FALLBACK,False,True,True,3.5522176599473756,0.6950363685756576,3.609338791047027,[7],[],[],[],True,False,False,[]
plastic_day_01:012545,plastic_day_01,clean,ROLE_BOUNDARY_H_STANDARD,N3_BASELINE_FALLBACK,False,True,True,3.5522176599473756,0.6950363685756576,3.609338791047027,[7],[],[],[],True,False,False,[]
plastic_day_01:012545,plastic_day_01,clean,ROLE_BOUNDARY_NO_MASK_ROBUST,N3_BASELINE_FALLBACK,False,True,True,3.5522176599473756,0.6950363685756576,3.609338791047027,[],[],[],[],False,,False,[]
plastic_day_01:012975,plastic_day_01,clean,ROLE_BOUNDARY_H_ROBUST,N3_BASELINE_FALLBACK,False,True,True,12.196018785850539,5.684191130534222,14.005238175736789,[7],[],[],"[2, 5]",True,False,False,[]
plastic_day_01:012975,plastic_day_01,clean,ROLE_BOUNDARY_H_STANDARD,N3_BASELINE_FALLBACK,False,True,True,12.196018785850539,5.684191130534222,14.005238175736789,[7],[],[],"[2, 5]",True,False,False,[]
plastic_day_01:012975,plastic_day_01,clean,ROLE_BOUNDARY_NO_MASK_ROBUST,N3_BASELINE_FALLBACK,False,True,True,12.196018785850539,5.684191130534222,14.005238175736789,[],[],[],"[2, 5]",False,,False,[]
plastic_day_01:013476,plastic_day_01,clean,ROLE_BOUNDARY_H_ROBUST,NEW_POSE,True,False,True,16.250007986821117,0.8470609233825931,16.277667476679774,"[6, 7]","[0, 1, 4, 5]","[0, 1, 4, 5]","[0, 1, 4, 5]",True,False,True,"[6, 7]"
plastic_day_01:013476,plastic_day_01,clean,ROLE_BOUNDARY_H_STANDARD,NEW_POSE,True,False,True,16.250007986821117,0.8470609233825931,16.277667476679774,"[6, 7]","[0, 1, 4, 5]","[0, 1, 4, 5]","[0, 1, 4, 5]",True,False,True,"[6, 7]"
plastic_day_01:013476,plastic_day_01,clean,ROLE_BOUNDARY_NO_MASK_ROBUST,NEW_POSE,True,False,True,16.250007986821117,0.8470609233825931,16.277667476679774,[],"[0, 1, 4, 5]","[0, 1, 4, 5]","[0, 1, 4, 5]",False,,False,[]
plastic_day_01:013584,plastic_day_01,clean,ROLE_BOUNDARY_H_ROBUST,NEW_POSE,True,False,True,10.572013006173426,1.100553621555035,10.640906898498532,"[6, 7]","[0, 1, 4, 5]","[0, 1, 4, 5]","[0, 1, 4, 5]",True,False,True,"[6, 7]"
plastic_day_01:013584,plastic_day_01,clean,ROLE_BOUNDARY_H_STANDARD,NEW_POSE,True,False,True,10.572013006173426,1.100553621555035,10.640906898498532,"[6, 7]","[0, 1, 4, 5]","[0, 1, 4, 5]","[0, 1, 4, 5]",True,False,True,"[6, 7]"
plastic_day_01:013584,plastic_day_01,clean,ROLE_BOUNDARY_NO_MASK_ROBUST,NEW_POSE,True,False,True,10.572013006173426,1.100553621555035,10.640906898498532,[],"[0, 1, 4, 5]","[0, 1, 4, 5]","[0, 1, 4, 5]",False,,False,[]
plastic_day_01:013691,plastic_day_01,clean,ROLE_BOUNDARY_H_ROBUST,NEW_POSE,True,False,True,75.86896691888866,88.84530231206573,131.2087137441212,"[6, 7]","[0, 1, 4, 5]","[0, 1, 4, 5]","[0, 1, 4, 5]",True,False,True,"[6, 7]"
plastic_day_01:013691,plastic_day_01,clean,ROLE_BOUNDARY_H_STANDARD,NEW_POSE,True,False,True,75.86896691888866,88.84530231206573,131.2087137441212,"[6, 7]","[0, 1, 4, 5]","[0, 1, 4, 5]","[0, 1, 4, 5]",True,False,True,"[6, 7]"
plastic_day_01:013691,plastic_day_01,clean,ROLE_BOUNDARY_NO_MASK_ROBUST,NEW_POSE,True,False,True,75.86896691888866,88.84530231206573,131.2087137441212,[],"[0, 1, 4, 5]","[0, 1, 4, 5]","[0, 1, 4, 5]",False,,False,[]
plastic_day_01:014345,plastic_day_01,moderate,ROLE_BOUNDARY_H_ROBUST,N3_BASELINE_FALLBACK,False,True,True,15.253115555230496,1.116626780912858,15.297917682092187,[7],[],[],"[0, 4]",True,False,False,[]
plastic_day_01:014345,plastic_day_01,moderate,ROLE_BOUNDARY_H_STANDARD,N3_BASELINE_FALLBACK,False,True,True,15.253115555230496,1.116626780912858,15.297917682092187,[7],[],[],"[0, 4]",True,False,False,[]
plastic_day_01:014345,plastic_day_01,moderate,ROLE_BOUNDARY_NO_MASK_ROBUST,N3_BASELINE_FALLBACK,False,True,True,15.253115555230496,1.116626780912858,15.297917682092187,[],[],[],"[0, 4]",False,,False,[]
plastic_day_01:014417,plastic_day_01,clean,ROLE_BOUNDARY_H_ROBUST,N3_BASELINE_FALLBACK,False,True,True,0.7828946859053942,0.6350353829189731,1.0104751719109162,[7],[],[],"[4, 5]",True,False,False,[]
plastic_day_01:014417,plastic_day_01,clean,ROLE_BOUNDARY_H_STANDARD,N3_BASELINE_FALLBACK,False,True,True,0.7828946859053942,0.6350353829189731,1.0104751719109162,[7],[],[],"[4, 5]",True,False,False,[]
plastic_day_01:014417,plastic_day_01,clean,ROLE_BOUNDARY_NO_MASK_ROBUST,N3_BASELINE_FALLBACK,False,True,True,0.7828946859053942,0.6350353829189731,1.0104751719109162,[],[],[],"[4, 5]",False,,False,[]
plastic_day_01:014632,plastic_day_01,moderate,ROLE_BOUNDARY_H_ROBUST,N3_BASELINE_FALLBACK,False,True,True,20.35831680374469,81.99345186468366,112.66403544415348,[6],[],[],[5],True,True,False,[]
plastic_day_01:014632,plastic_day_01,moderate,ROLE_BOUNDARY_H_STANDARD,N3_BASELINE_FALLBACK,False,True,True,20.35831680374469,81.99345186468366,112.66403544415348,[6],[],[],[5],True,True,False,[]
plastic_day_01:014632,plastic_day_01,moderate,ROLE_BOUNDARY_NO_MASK_ROBUST,N3_BASELINE_FALLBACK,False,True,True,20.35831680374469,81.99345186468366,112.66403544415348,[],[],[],[5],False,,False,[]
plastic_day_01:014704,plastic_day_01,clean,ROLE_BOUNDARY_H_ROBUST,N3_BASELINE_FALLBACK,False,True,True,3.92247177167558,1.1727934691623234,4.0878074856551425,[7],[],[],"[4, 5]",True,False,False,[]
plastic_day_01:014704,plastic_day_01,clean,ROLE_BOUNDARY_H_STANDARD,N3_BASELINE_FALLBACK,False,True,True,3.92247177167558,1.1727934691623234,4.0878074856551425,[7],[],[],"[4, 5]",True,False,False,[]
plastic_day_01:014704,plastic_day_01,clean,ROLE_BOUNDARY_NO_MASK_ROBUST,N3_BASELINE_FALLBACK,False,True,True,3.92247177167558,1.1727934691623234,4.0878074856551425,[],[],[],"[4, 5]",False,,False,[]
plastic_day_01:014739,plastic_day_01,moderate,ROLE_BOUNDARY_H_ROBUST,N3_BASELINE_FALLBACK,False,True,True,5.361944784094475,0.6672078801073014,5.411440875588515,[7],[],[],[5],True,False,False,[]
plastic_day_01:014739,plastic_day_01,moderate,ROLE_BOUNDARY_H_STANDARD,N3_BASELINE_FALLBACK,False,True,True,5.361944784094475,0.6672078801073014,5.411440875588515,[7],[],[],[5],True,False,False,[]
plastic_day_01:014739,plastic_day_01,moderate,ROLE_BOUNDARY_NO_MASK_ROBUST,N3_BASELINE_FALLBACK,False,True,True,5.361944784094475,0.6672078801073014,5.411440875588515,[],[],[],[5],False,,False,[]
plastic_day_01:014775,plastic_day_01,clean,ROLE_BOUNDARY_H_ROBUST,N3_BASELINE_FALLBACK,False,True,True,2.81709661027893,1.1101557541757452,3.036911512338055,[7],[],[],"[4, 5]",True,False,False,[]
plastic_day_01:014775,plastic_day_01,clean,ROLE_BOUNDARY_H_STANDARD,N3_BASELINE_FALLBACK,False,True,True,2.81709661027893,1.1101557541757452,3.036911512338055,[7],[],[],"[4, 5]",True,False,False,[]
plastic_day_01:014775,plastic_day_01,clean,ROLE_BOUNDARY_NO_MASK_ROBUST,N3_BASELINE_FALLBACK,False,True,True,2.81709661027893,1.1101557541757452,3.036911512338055,[],[],[],"[4, 5]",False,,False,[]
plastic_day_01:015062,plastic_day_01,clean,ROLE_BOUNDARY_H_ROBUST,N3_BASELINE_FALLBACK,False,True,True,6.824685428070391,1.4553339151985143,6.9850923352574545,[7],[],[],"[4, 5]",True,False,False,[]
plastic_day_01:015062,plastic_day_01,clean,ROLE_BOUNDARY_H_STANDARD,N3_BASELINE_FALLBACK,False,True,True,6.824685428070391,1.4553339151985143,6.9850923352574545,[7],[],[],"[4, 5]",True,False,False,[]
plastic_day_01:015062,plastic_day_01,clean,ROLE_BOUNDARY_NO_MASK_ROBUST,N3_BASELINE_FALLBACK,False,True,True,6.824685428070391,1.4553339151985143,6.9850923352574545,[],[],[],"[4, 5]",False,,False,[]
plastic_day_01:015169,plastic_day_01,clean,ROLE_BOUNDARY_H_ROBUST,N3_BASELINE_FALLBACK,False,True,True,5.310205835244272,0.18798432884703875,5.31470513169824,[7],[],[],"[4, 5]",True,False,False,[]
plastic_day_01:015169,plastic_day_01,clean,ROLE_BOUNDARY_H_STANDARD,N3_BASELINE_FALLBACK,False,True,True,5.310205835244272,0.18798432884703875,5.31470513169824,[7],[],[],"[4, 5]",True,False,False,[]
plastic_day_01:015169,plastic_day_01,clean,ROLE_BOUNDARY_NO_MASK_ROBUST,N3_BASELINE_FALLBACK,False,True,True,5.310205835244272,0.18798432884703875,5.31470513169824,[],[],[],"[4, 5]",False,,False,[]
plastic_day_01:020954,plastic_day_01,moderate,ROLE_BOUNDARY_H_ROBUST,N3_BASELINE_FALLBACK,False,True,True,5.05988313873779,0.9806655200086782,5.161514231140106,[6],[],[],[5],True,True,False,[]
plastic_day_01:020954,plastic_day_01,moderate,ROLE_BOUNDARY_H_STANDARD,N3_BASELINE_FALLBACK,False,True,True,5.05988313873779,0.9806655200086782,5.161514231140106,[6],[],[],[5],True,True,False,[]
plastic_day_01:020954,plastic_day_01,moderate,ROLE_BOUNDARY_NO_MASK_ROBUST,N3_BASELINE_FALLBACK,False,True,True,5.05988313873779,0.9806655200086782,5.161514231140106,[],[],[],[5],False,,False,[]
plastic_day_01:020955,plastic_day_01,moderate,ROLE_BOUNDARY_H_ROBUST,N3_BASELINE_FALLBACK,False,True,True,25.06601305783142,74.43173413941818,104.74955073042831,[6],[],[],[],True,True,False,[]
plastic_day_01:020955,plastic_day_01,moderate,ROLE_BOUNDARY_H_STANDARD,N3_BASELINE_FALLBACK,False,True,True,25.06601305783142,74.43173413941818,104.74955073042831,[6],[],[],[],True,True,False,[]
plastic_day_01:020955,plastic_day_01,moderate,ROLE_BOUNDARY_NO_MASK_ROBUST,N3_BASELINE_FALLBACK,False,True,True,25.06601305783142,74.43173413941818,104.74955073042831,[],[],[],[],False,,False,[]
plastic_day_01:021348,plastic_day_01,moderate,ROLE_BOUNDARY_H_ROBUST,N3_BASELINE_FALLBACK,False,True,True,11.245774709345056,2.1980050369633273,11.486945350323097,[6],[],[],"[1, 3, 4]",True,True,False,[]
plastic_day_01:021348,plastic_day_01,moderate,ROLE_BOUNDARY_H_STANDARD,N3_BASELINE_FALLBACK,False,True,True,11.245774709345056,2.1980050369633273,11.486945350323097,[6],[],[],"[1, 3, 4]",True,True,False,[]
plastic_day_01:021348,plastic_day_01,moderate,ROLE_BOUNDARY_NO_MASK_ROBUST,N3_BASELINE_FALLBACK,False,True,True,11.245774709345056,2.1980050369633273,11.486945350323097,[],[],[],"[1, 3, 4]",False,,False,[]
plastic_night_01:034035,plastic_night_01,clean,ROLE_BOUNDARY_H_ROBUST,N3_BASELINE_FALLBACK,False,True,True,14.383507373709312,5.460787141533735,15.346313649102491,[7],[],[],[4],True,False,False,[]
plastic_night_01:034035,plastic_night_01,clean,ROLE_BOUNDARY_H_STANDARD,N3_BASELINE_FALLBACK,False,True,True,14.383507373709312,5.460787141533735,15.346313649102491,[7],[],[],[4],True,False,False,[]
plastic_night_01:034035,plastic_night_01,clean,ROLE_BOUNDARY_NO_MASK_ROBUST,N3_BASELINE_FALLBACK,False,True,True,14.383507373709312,5.460787141533735,15.346313649102491,[],[],[],[4],False,,False,[]
plastic_night_01:034193,plastic_night_01,clean,ROLE_BOUNDARY_H_ROBUST,N3_BASELINE_FALLBACK,False,True,True,3.012314155628118,2.357632167861717,3.9696570561748814,"[6, 7]",[],[],"[4, 5]",True,False,False,[]
plastic_night_01:034193,plastic_night_01,clean,ROLE_BOUNDARY_H_STANDARD,N3_BASELINE_FALLBACK,False,True,True,3.012314155628118,2.357632167861717,3.9696570561748814,"[6, 7]",[],[],"[4, 5]",True,False,False,[]
plastic_night_01:034193,plastic_night_01,clean,ROLE_BOUNDARY_NO_MASK_ROBUST,N3_BASELINE_FALLBACK,False,True,True,3.012314155628118,2.357632167861717,3.9696570561748814,[],[],[],"[4, 5]",False,,False,[]
plastic_night_01:035421,plastic_night_01,moderate,ROLE_BOUNDARY_H_ROBUST,N3_BASELINE_FALLBACK,False,True,True,14.50466725302105,3.7018744165457753,14.951065250413532,[7],[],[],[],True,False,False,[]
plastic_night_01:035421,plastic_night_01,moderate,ROLE_BOUNDARY_H_STANDARD,N3_BASELINE_FALLBACK,False,True,True,14.50466725302105,3.7018744165457753,14.951065250413532,[7],[],[],[],True,False,False,[]
plastic_night_01:035421,plastic_night_01,moderate,ROLE_BOUNDARY_NO_MASK_ROBUST,N3_BASELINE_FALLBACK,False,True,True,14.50466725302105,3.7018744165457753,14.951065250413532,[],[],[],[],False,,False,[]
plastic_night_01:036056,plastic_night_01,clean,ROLE_BOUNDARY_H_ROBUST,N3_BASELINE_FALLBACK,False,True,True,3.184987415108408,1.4288380344908085,3.477928934480887,[7],[],[],[4],True,False,False,[]
plastic_night_01:036056,plastic_night_01,clean,ROLE_BOUNDARY_H_STANDARD,N3_BASELINE_FALLBACK,False,True,True,3.184987415108408,1.4288380344908085,3.477928934480887,[7],[],[],[4],True,False,False,[]
plastic_night_01:036056,plastic_night_01,clean,ROLE_BOUNDARY_NO_MASK_ROBUST,N3_BASELINE_FALLBACK,False,True,True,3.184987415108408,1.4288380344908085,3.477928934480887,[],[],[],[4],False,,False,[]
plastic_night_01:036261,plastic_night_01,clean,ROLE_BOUNDARY_H_ROBUST,N3_BASELINE_FALLBACK,False,True,True,12.904302297713999,1.5840007670291094,12.999100630132396,[7],[],[],[4],True,False,False,[]
plastic_night_01:036261,plastic_night_01,clean,ROLE_BOUNDARY_H_STANDARD,N3_BASELINE_FALLBACK,False,True,True,12.904302297713999,1.5840007670291094,12.999100630132396,[7],[],[],[4],True,False,False,[]
plastic_night_01:036261,plastic_night_01,clean,ROLE_BOUNDARY_NO_MASK_ROBUST,N3_BASELINE_FALLBACK,False,True,True,12.904302297713999,1.5840007670291094,12.999100630132396,[],[],[],[4],False,,False,[]
plastic_night_01:036917,plastic_night_01,clean,ROLE_BOUNDARY_H_ROBUST,N3_BASELINE_FALLBACK,False,True,True,2.473398495503391,1.7051146974601479,2.7763960665119125,[7],[],[],"[0, 2, 4]",True,False,False,[]
plastic_night_01:036917,plastic_night_01,clean,ROLE_BOUNDARY_H_STANDARD,N3_BASELINE_FALLBACK,False,True,True,2.473398495503391,1.7051146974601479,2.7763960665119125,[7],[],[],"[0, 2, 4]",True,False,False,[]
plastic_night_01:036917,plastic_night_01,clean,ROLE_BOUNDARY_NO_MASK_ROBUST,N3_BASELINE_FALLBACK,False,True,True,2.473398495503391,1.7051146974601479,2.7763960665119125,[],[],[],"[0, 2, 4]",False,,False,[]
plastic_night_01:036918,plastic_night_01,clean,ROLE_BOUNDARY_H_ROBUST,N3_BASELINE_FALLBACK,False,True,True,4.506987187155233,1.503228447903627,4.71994846885605,[7],[],[],"[0, 4]",True,False,False,[]
plastic_night_01:036918,plastic_night_01,clean,ROLE_BOUNDARY_H_STANDARD,N3_BASELINE_FALLBACK,False,True,True,4.506987187155233,1.503228447903627,4.71994846885605,[7],[],[],"[0, 4]",True,False,False,[]
plastic_night_01:036918,plastic_night_01,clean,ROLE_BOUNDARY_NO_MASK_ROBUST,N3_BASELINE_FALLBACK,False,True,True,4.506987187155233,1.503228447903627,4.71994846885605,[],[],[],"[0, 4]",False,,False,[]
plastic_night_01:036949,plastic_night_01,clean,ROLE_BOUNDARY_H_ROBUST,N3_BASELINE_FALLBACK,False,True,True,5.80462796955162,1.630645949966381,5.976205283247875,"[6, 7]",[],[],"[1, 4, 5]",True,False,False,[]
plastic_night_01:036949,plastic_night_01,clean,ROLE_BOUNDARY_H_STANDARD,N3_BASELINE_FALLBACK,False,True,True,5.80462796955162,1.630645949966381,5.976205283247875,"[6, 7]",[],[],"[1, 4, 5]",True,False,False,[]
plastic_night_01:036949,plastic_night_01,clean,ROLE_BOUNDARY_NO_MASK_ROBUST,N3_BASELINE_FALLBACK,False,True,True,5.80462796955162,1.630645949966381,5.976205283247875,[],[],[],"[1, 4, 5]",False,,False,[]
plastic_night_01:037044,plastic_night_01,clean,ROLE_BOUNDARY_H_ROBUST,N3_BASELINE_FALLBACK,False,True,True,2.258883627353335,0.9406441053588674,2.4579455419762066,[6],[],[],[5],True,False,False,[]
plastic_night_01:037044,plastic_night_01,clean,ROLE_BOUNDARY_H_STANDARD,N3_BASELINE_FALLBACK,False,True,True,2.258883627353335,0.9406441053588674,2.4579455419762066,[6],[],[],[5],True,False,False,[]
plastic_night_01:037044,plastic_night_01,clean,ROLE_BOUNDARY_NO_MASK_ROBUST,N3_BASELINE_FALLBACK,False,True,True,2.258883627353335,0.9406441053588674,2.4579455419762066,[],[],[],[5],False,,False,[]
plastic_night_01:037376,plastic_night_01,clean,ROLE_BOUNDARY_H_ROBUST,N3_BASELINE_FALLBACK,False,True,True,11.185881955829027,5.2019300330616325,12.159498482120979,[7],[],[],[4],True,True,False,[]
plastic_night_01:037376,plastic_night_01,clean,ROLE_BOUNDARY_H_STANDARD,N3_BASELINE_FALLBACK,False,True,True,11.185881955829027,5.2019300330616325,12.159498482120979,[7],[],[],[4],True,True,False,[]
plastic_night_01:037376,plastic_night_01,clean,ROLE_BOUNDARY_NO_MASK_ROBUST,N3_BASELINE_FALLBACK,False,True,True,11.185881955829027,5.2019300330616325,12.159498482120979,[],[],[],[4],False,,False,[]
plastic_night_01:037553,plastic_night_01,clean,ROLE_BOUNDARY_H_ROBUST,N3_BASELINE_FALLBACK,False,True,True,14.83286242245995,1.95378657119525,14.955120731712856,"[6, 7]",[],[],"[4, 5]",True,False,False,[]
plastic_night_01:037553,plastic_night_01,clean,ROLE_BOUNDARY_H_STANDARD,N3_BASELINE_FALLBACK,False,True,True,14.83286242245995,1.95378657119525,14.955120731712856,"[6, 7]",[],[],"[4, 5]",True,False,False,[]
plastic_night_01:037553,plastic_night_01,clean,ROLE_BOUNDARY_NO_MASK_ROBUST,N3_BASELINE_FALLBACK,False,True,True,14.83286242245995,1.95378657119525,14.955120731712856,[],[],[],"[4, 5]",False,,False,[]
plastic_night_01:038567,plastic_night_01,moderate,ROLE_BOUNDARY_H_ROBUST,N3_BASELINE_FALLBACK,False,True,True,5.606259649159898,1.6659926895050734,5.842834946270226,"[6, 7]",[],[],[5],True,False,False,[]
plastic_night_01:038567,plastic_night_01,moderate,ROLE_BOUNDARY_H_STANDARD,N3_BASELINE_FALLBACK,False,True,True,5.606259649159898,1.6659926895050734,5.842834946270226,"[6, 7]",[],[],[5],True,False,False,[]
plastic_night_01:038567,plastic_night_01,moderate,ROLE_BOUNDARY_NO_MASK_ROBUST,N3_BASELINE_FALLBACK,False,True,True,5.606259649159898,1.6659926895050734,5.842834946270226,[],[],[],[5],False,,False,[]
plastic_night_01:038630,plastic_night_01,moderate,ROLE_BOUNDARY_H_ROBUST,N3_BASELINE_FALLBACK,False,True,True,3.2765768857674384,2.6369390893176923,4.339668804515432,"[6, 7]",[],[],[5],True,False,False,[]
plastic_night_01:038630,plastic_night_01,moderate,ROLE_BOUNDARY_H_STANDARD,N3_BASELINE_FALLBACK,False,True,True,3.2765768857674384,2.6369390893176923,4.339668804515432,"[6, 7]",[],[],[5],True,False,False,[]
plastic_night_01:038630,plastic_night_01,moderate,ROLE_BOUNDARY_NO_MASK_ROBUST,N3_BASELINE_FALLBACK,False,True,True,3.2765768857674384,2.6369390893176923,4.339668804515432,[],[],[],[5],False,,False,[]
plastic_night_01:039093,plastic_night_01,moderate,ROLE_BOUNDARY_H_ROBUST,N3_BASELINE_FALLBACK,False,True,True,1.3930566105346087,1.8738873917606569,2.281270846097335,[7],[],[],[2],True,False,False,[]
plastic_night_01:039093,plastic_night_01,moderate,ROLE_BOUNDARY_H_STANDARD,N3_BASELINE_FALLBACK,False,True,True,1.3930566105346087,1.8738873917606569,2.281270846097335,[7],[],[],[2],True,False,False,[]
plastic_night_01:039093,plastic_night_01,moderate,ROLE_BOUNDARY_NO_MASK_ROBUST,N3_BASELINE_FALLBACK,False,True,True,1.3930566105346087,1.8738873917606569,2.281270846097335,[],[],[],[2],False,,False,[]
plastic_night_01:039188,plastic_night_01,moderate,ROLE_BOUNDARY_H_ROBUST,N3_BASELINE_FALLBACK,False,True,True,3.7321341664467744,1.1424228828028582,3.8905142091819904,[7],[],[],"[2, 4]",True,False,False,[]
plastic_night_01:039188,plastic_night_01,moderate,ROLE_BOUNDARY_H_STANDARD,N3_BASELINE_FALLBACK,False,True,True,3.7321341664467744,1.1424228828028582,3.8905142091819904,[7],[],[],"[2, 4]",True,False,False,[]
plastic_night_01:039188,plastic_night_01,moderate,ROLE_BOUNDARY_NO_MASK_ROBUST,N3_BASELINE_FALLBACK,False,True,True,3.7321341664467744,1.1424228828028582,3.8905142091819904,[],[],[],"[2, 4]",False,,False,[]
plastic_night_01:039268,plastic_night_01,moderate,ROLE_BOUNDARY_H_ROBUST,N3_BASELINE_FALLBACK,False,True,True,2.8671699275116356,2.043990600654579,3.5721748661593873,[7],[],[],[4],True,False,False,[]
plastic_night_01:039268,plastic_night_01,moderate,ROLE_BOUNDARY_H_STANDARD,N3_BASELINE_FALLBACK,False,True,True,2.8671699275116356,2.043990600654579,3.5721748661593873,[7],[],[],[4],True,False,False,[]
plastic_night_01:039268,plastic_night_01,moderate,ROLE_BOUNDARY_NO_MASK_ROBUST,N3_BASELINE_FALLBACK,False,True,True,2.8671699275116356,2.043990600654579,3.5721748661593873,[],[],[],[4],False,,False,[]
plastic_night_01:039283,plastic_night_01,moderate,ROLE_BOUNDARY_H_ROBUST,N3_BASELINE_FALLBACK,False,True,True,2.312024885524936,2.1267952113444473,3.154279831739931,[7],[],[],"[2, 4]",True,False,False,[]
plastic_night_01:039283,plastic_night_01,moderate,ROLE_BOUNDARY_H_STANDARD,N3_BASELINE_FALLBACK,False,True,True,2.312024885524936,2.1267952113444473,3.154279831739931,[7],[],[],"[2, 4]",True,False,False,[]
plastic_night_01:039283,plastic_night_01,moderate,ROLE_BOUNDARY_NO_MASK_ROBUST,N3_BASELINE_FALLBACK,False,True,True,2.312024885524936,2.1267952113444473,3.154279831739931,[],[],[],"[2, 4]",False,,False,[]
plastic_night_01:040133,plastic_night_01,moderate,ROLE_BOUNDARY_H_ROBUST,N3_BASELINE_FALLBACK,False,True,True,10.306226286872235,1.057090787751469,10.37569541427769,[6],[],[],"[3, 4, 5]",True,False,False,[]
plastic_night_01:040133,plastic_night_01,moderate,ROLE_BOUNDARY_H_STANDARD,N3_BASELINE_FALLBACK,False,True,True,10.306226286872235,1.057090787751469,10.37569541427769,[6],[],[],"[3, 4, 5]",True,False,False,[]
plastic_night_01:040133,plastic_night_01,moderate,ROLE_BOUNDARY_NO_MASK_ROBUST,N3_BASELINE_FALLBACK,False,True,True,10.306226286872235,1.057090787751469,10.37569541427769,[],[],[],"[3, 4, 5]",False,,False,[]
plastic_night_01:040306,plastic_night_01,moderate,ROLE_BOUNDARY_H_ROBUST,N3_BASELINE_FALLBACK,False,True,True,17.75610628292676,1.2073007929048187,17.792001770501702,[6],[],[],"[3, 4, 5]",True,True,False,[]
plastic_night_01:040306,plastic_night_01,moderate,ROLE_BOUNDARY_H_STANDARD,N3_BASELINE_FALLBACK,False,True,True,17.75610628292676,1.2073007929048187,17.792001770501702,[6],[],[],"[3, 4, 5]",True,True,False,[]
plastic_night_01:040306,plastic_night_01,moderate,ROLE_BOUNDARY_NO_MASK_ROBUST,N3_BASELINE_FALLBACK,False,True,True,17.75610628292676,1.2073007929048187,17.792001770501702,[],[],[],"[3, 4, 5]",False,,False,[]
plastic_night_01:040448,plastic_night_01,moderate,ROLE_BOUNDARY_H_ROBUST,N3_BASELINE_FALLBACK,False,True,True,4.295268814013894,0.6909460431793099,4.337445860399936,[7],[],[],"[0, 4]",True,False,False,[]
plastic_night_01:040448,plastic_night_01,moderate,ROLE_BOUNDARY_H_STANDARD,N3_BASELINE_FALLBACK,False,True,True,4.295268814013894,0.6909460431793099,4.337445860399936,[7],[],[],"[0, 4]",True,False,False,[]
plastic_night_01:040448,plastic_night_01,moderate,ROLE_BOUNDARY_NO_MASK_ROBUST,N3_BASELINE_FALLBACK,False,True,True,4.295268814013894,0.6909460431793099,4.337445860399936,[],[],[],"[0, 4]",False,,False,[]
wood_183705:000000,wood_183705,clean,ROLE_BOUNDARY_H_ROBUST,N3_BASELINE_FALLBACK,False,True,True,1.3975215141693107,1.5319427498538003,1.50212641822141,[6],[],[],[5],True,True,False,[]
wood_183705:000000,wood_183705,clean,ROLE_BOUNDARY_H_STANDARD,N3_BASELINE_FALLBACK,False,True,True,1.3975215141693107,1.5319427498538003,1.50212641822141,[6],[],[],[5],True,True,False,[]
wood_183705:000000,wood_183705,clean,ROLE_BOUNDARY_NO_MASK_ROBUST,N3_BASELINE_FALLBACK,False,True,True,1.3975215141693107,1.5319427498538003,1.50212641822141,[],[],[],[5],False,,False,[]
wood_183705:000088,wood_183705,clean,ROLE_BOUNDARY_H_ROBUST,N3_BASELINE_FALLBACK,False,True,True,0.7694635268274036,1.7717895111559796,1.4080943281668439,[6],[],[],[4],True,False,False,[]
wood_183705:000088,wood_183705,clean,ROLE_BOUNDARY_H_STANDARD,N3_BASELINE_FALLBACK,False,True,True,0.7694635268274036,1.7717895111559796,1.4080943281668439,[6],[],[],[4],True,False,False,[]
wood_183705:000088,wood_183705,clean,ROLE_BOUNDARY_NO_MASK_ROBUST,N3_BASELINE_FALLBACK,False,True,True,0.7694635268274036,1.7717895111559796,1.4080943281668439,[],[],[],[4],False,,False,[]
wood_183705:000149,wood_183705,clean,ROLE_BOUNDARY_H_ROBUST,N3_BASELINE_FALLBACK,False,True,True,0.6884948335568147,1.3670613243969998,1.1306760238879585,[6],[],[],[5],True,False,False,[]
wood_183705:000149,wood_183705,clean,ROLE_BOUNDARY_H_STANDARD,N3_BASELINE_FALLBACK,False,True,True,0.6884948335568147,1.3670613243969998,1.1306760238879585,[6],[],[],[5],True,False,False,[]
wood_183705:000149,wood_183705,clean,ROLE_BOUNDARY_NO_MASK_ROBUST,N3_BASELINE_FALLBACK,False,True,True,0.6884948335568147,1.3670613243969998,1.1306760238879585,[],[],[],[5],False,,False,[]
wood_183705:000213,wood_183705,clean,ROLE_BOUNDARY_H_ROBUST,N3_BASELINE_FALLBACK,False,True,True,1.6125658636688034,1.0409605558542088,1.681979088734034,[7],[],[],"[0, 4]",True,False,False,[]
wood_183705:000213,wood_183705,clean,ROLE_BOUNDARY_H_STANDARD,N3_BASELINE_FALLBACK,False,True,True,1.6125658636688034,1.0409605558542088,1.681979088734034,[7],[],[],"[0, 4]",True,False,False,[]
wood_183705:000213,wood_183705,clean,ROLE_BOUNDARY_NO_MASK_ROBUST,N3_BASELINE_FALLBACK,False,True,True,1.6125658636688034,1.0409605558542088,1.681979088734034,[],[],[],"[0, 4]",False,,False,[]
wood_183705:000275,wood_183705,clean,ROLE_BOUNDARY_H_ROBUST,N3_BASELINE_FALLBACK,False,True,True,2.159471267933118,0.6204789318407811,2.1976605071607636,[7],[],[],[0],True,False,False,[]
wood_183705:000275,wood_183705,clean,ROLE_BOUNDARY_H_STANDARD,N3_BASELINE_FALLBACK,False,True,True,2.159471267933118,0.6204789318407811,2.1976605071607636,[7],[],[],[0],True,False,False,[]
wood_183705:000275,wood_183705,clean,ROLE_BOUNDARY_NO_MASK_ROBUST,N3_BASELINE_FALLBACK,False,True,True,2.159471267933118,0.6204789318407811,2.1976605071607636,[],[],[],[0],False,,False,[]
wood_183705:000335,wood_183705,clean,ROLE_BOUNDARY_H_ROBUST,NEW_POSE,True,False,True,2.067037539404688,1.6937650805142201,2.258167646864779,"[6, 7]","[0, 1, 4, 5]","[0, 1, 4, 5]","[0, 1, 4, 5]",True,False,True,"[6, 7]"
wood_183705:000335,wood_183705,clean,ROLE_BOUNDARY_H_STANDARD,NEW_POSE,True,False,True,2.067037539404688,1.6937650805142201,2.258167646864779,"[6, 7]","[0, 1, 4, 5]","[0, 1, 4, 5]","[0, 1, 4, 5]",True,False,True,"[6, 7]"
wood_183705:000335,wood_183705,clean,ROLE_BOUNDARY_NO_MASK_ROBUST,NEW_POSE,True,False,True,2.067037539404688,1.6937650805142201,2.258167646864779,[],"[0, 1, 4, 5]","[0, 1, 4, 5]","[0, 1, 4, 5]",False,,False,[]
wood_183705:000400,wood_183705,clean,ROLE_BOUNDARY_H_ROBUST,NEW_POSE,True,False,True,0.5889758429957104,0.9585374711605803,0.8117323232158734,"[6, 7]","[0, 1, 4, 5]","[0, 1, 4, 5]","[0, 1, 4, 5]",True,False,True,"[6, 7]"
wood_183705:000400,wood_183705,clean,ROLE_BOUNDARY_H_STANDARD,NEW_POSE,True,False,True,0.5889758429957104,0.9585374711605803,0.8117323232158734,"[6, 7]","[0, 1, 4, 5]","[0, 1, 4, 5]","[0, 1, 4, 5]",True,False,True,"[6, 7]"
wood_183705:000400,wood_183705,clean,ROLE_BOUNDARY_NO_MASK_ROBUST,NEW_POSE,True,False,True,0.5889758429957104,0.9585374711605803,0.8117323232158734,[],"[0, 1, 4, 5]","[0, 1, 4, 5]","[0, 1, 4, 5]",False,,False,[]
wood_183705:000460,wood_183705,moderate,ROLE_BOUNDARY_H_ROBUST,N3_BASELINE_FALLBACK,False,True,True,2.0214245957832984,2.651067505076248,2.825687213209905,[6],[],[],[5],True,True,False,[]
wood_183705:000460,wood_183705,moderate,ROLE_BOUNDARY_H_STANDARD,N3_BASELINE_FALLBACK,False,True,True,2.0214245957832984,2.651067505076248,2.825687213209905,[6],[],[],[5],True,True,False,[]
wood_183705:000460,wood_183705,moderate,ROLE_BOUNDARY_NO_MASK_ROBUST,N3_BASELINE_FALLBACK,False,True,True,2.0214245957832984,2.651067505076248,2.825687213209905,[],[],[],[5],False,,False,[]
wood_183705:000521,wood_183705,clean,ROLE_BOUNDARY_H_ROBUST,N3_BASELINE_FALLBACK,False,True,True,1.1315801156329037,1.1186420931228191,1.239979691806873,[6],[],[],"[1, 5]",True,False,False,[]
wood_183705:000521,wood_183705,clean,ROLE_BOUNDARY_H_STANDARD,N3_BASELINE_FALLBACK,False,True,True,1.1315801156329037,1.1186420931228191,1.239979691806873,[6],[],[],"[1, 5]",True,False,False,[]
wood_183705:000521,wood_183705,clean,ROLE_BOUNDARY_NO_MASK_ROBUST,N3_BASELINE_FALLBACK,False,True,True,1.1315801156329037,1.1186420931228191,1.239979691806873,[],[],[],"[1, 5]",False,,False,[]
wood_183705:000586,wood_183705,clean,ROLE_BOUNDARY_H_ROBUST,N3_BASELINE_FALLBACK,False,True,True,0.7432681008783404,0.9964000072629751,0.8593906635939632,"[6, 7]",[],[],[5],True,False,False,[]
wood_183705:000586,wood_183705,clean,ROLE_BOUNDARY_H_STANDARD,N3_BASELINE_FALLBACK,False,True,True,0.7432681008783404,0.9964000072629751,0.8593906635939632,"[6, 7]",[],[],[5],True,False,False,[]
wood_183705:000586,wood_183705,clean,ROLE_BOUNDARY_NO_MASK_ROBUST,N3_BASELINE_FALLBACK,False,True,True,0.7432681008783404,0.9964000072629751,0.8593906635939632,[],[],[],[5],False,,False,[]
wood_183705:000646,wood_183705,clean,ROLE_BOUNDARY_H_ROBUST,N3_BASELINE_FALLBACK,False,True,True,0.9787795520721084,1.2759813199901189,1.0899541005383293,"[6, 7]",[],[],[5],True,False,False,[]
wood_183705:000646,wood_183705,clean,ROLE_BOUNDARY_H_STANDARD,N3_BASELINE_FALLBACK,False,True,True,0.9787795520721084,1.2759813199901189,1.0899541005383293,"[6, 7]",[],[],[5],True,False,False,[]
wood_183705:000646,wood_183705,clean,ROLE_BOUNDARY_NO_MASK_ROBUST,N3_BASELINE_FALLBACK,False,True,True,0.9787795520721084,1.2759813199901189,1.0899541005383293,[],[],[],[5],False,,False,[]
wood_183705:000706,wood_183705,moderate,ROLE_BOUNDARY_H_ROBUST,N3_BASELINE_FALLBACK,False,True,True,2.7693671268051863,4.023903970936477,3.506669526765269,[6],[],[],[5],True,False,False,[]
wood_183705:000706,wood_183705,moderate,ROLE_BOUNDARY_H_STANDARD,N3_BASELINE_FALLBACK,False,True,True,2.7693671268051863,4.023903970936477,3.506669526765269,[6],[],[],[5],True,False,False,[]
wood_183705:000706,wood_183705,moderate,ROLE_BOUNDARY_NO_MASK_ROBUST,N3_BASELINE_FALLBACK,False,True,True,2.7693671268051863,4.023903970936477,3.506669526765269,[],[],[],[5],False,,False,[]
wood_183705:000768,wood_183705,clean,ROLE_BOUNDARY_H_ROBUST,N3_BASELINE_FALLBACK,False,True,True,0.48339102281395874,1.23791516051968,1.061141642258958,[7],[],[],[4],True,True,False,[]
wood_183705:000768,wood_183705,clean,ROLE_BOUNDARY_H_STANDARD,N3_BASELINE_FALLBACK,False,True,True,0.48339102281395874,1.23791516051968,1.061141642258958,[7],[],[],[4],True,True,False,[]
wood_183705:000768,wood_183705,clean,ROLE_BOUNDARY_NO_MASK_ROBUST,N3_BASELINE_FALLBACK,False,True,True,0.48339102281395874,1.23791516051968,1.061141642258958,[],[],[],[4],False,,False,[]
wood_183705:000828,wood_183705,moderate,ROLE_BOUNDARY_H_ROBUST,N3_BASELINE_FALLBACK,False,True,True,1.7209926281502446,1.0687898771759754,1.8197703140778798,[7],[],[],[4],True,True,False,[]
wood_183705:000828,wood_183705,moderate,ROLE_BOUNDARY_H_STANDARD,N3_BASELINE_FALLBACK,False,True,True,1.7209926281502446,1.0687898771759754,1.8197703140778798,[7],[],[],[4],True,True,False,[]
wood_183705:000828,wood_183705,moderate,ROLE_BOUNDARY_NO_MASK_ROBUST,N3_BASELINE_FALLBACK,False,True,True,1.7209926281502446,1.0687898771759754,1.8197703140778798,[],[],[],[4],False,,False,[]
wood_183705:000889,wood_183705,moderate,ROLE_BOUNDARY_H_ROBUST,N3_BASELINE_FALLBACK,False,True,True,2.407504865235759,1.010344284443382,2.4459062218248215,"[6, 7]",[],[5],"[0, 1, 4, 5]",True,False,False,[]
wood_183705:000889,wood_183705,moderate,ROLE_BOUNDARY_H_STANDARD,NEW_POSE,True,False,True,0.6721027440470406,1.4517267090049693,1.027385129679097,"[6, 7]","[0, 1, 4, 5]","[0, 1, 5]","[0, 1, 4, 5]",True,False,True,"[6, 7]"
wood_183705:000889,wood_183705,moderate,ROLE_BOUNDARY_NO_MASK_ROBUST,N3_BASELINE_FALLBACK,False,True,True,2.407504865235759,1.010344284443382,2.4459062218248215,[],[],[5],"[0, 1, 4, 5]",False,,False,[]
wood_183705:000949,wood_183705,clean,ROLE_BOUNDARY_H_ROBUST,N3_BASELINE_FALLBACK,False,True,True,1.9341254362949596,0.5039225049083683,1.9499276252496534,"[6, 7]",[],[],[1],True,False,False,[]
wood_183705:000949,wood_183705,clean,ROLE_BOUNDARY_H_STANDARD,N3_BASELINE_FALLBACK,False,True,True,1.9341254362949596,0.5039225049083683,1.9499276252496534,"[6, 7]",[],[],[1],True,False,False,[]
wood_183705:000949,wood_183705,clean,ROLE_BOUNDARY_NO_MASK_ROBUST,N3_BASELINE_FALLBACK,False,True,True,1.9341254362949596,0.5039225049083683,1.9499276252496534,[],[],[],[1],False,,False,[]
wood_183705:001010,wood_183705,clean,ROLE_BOUNDARY_H_ROBUST,N3_BASELINE_FALLBACK,False,True,True,1.7434045084968783,0.917236000989457,1.799738010626882,"[6, 7]",[],[],"[4, 5]",True,False,False,[]
wood_183705:001010,wood_183705,clean,ROLE_BOUNDARY_H_STANDARD,N3_BASELINE_FALLBACK,False,True,True,1.7434045084968783,0.917236000989457,1.799738010626882,"[6, 7]",[],[],"[4, 5]",True,False,False,[]
wood_183705:001010,wood_183705,clean,ROLE_BOUNDARY_NO_MASK_ROBUST,N3_BASELINE_FALLBACK,False,True,True,1.7434045084968783,0.917236000989457,1.799738010626882,[],[],[],"[4, 5]",False,,False,[]
wood_183705:001070,wood_183705,moderate,ROLE_BOUNDARY_H_ROBUST,N3_BASELINE_FALLBACK,False,True,True,0.2864690793387784,1.5015450508345363,0.9222856323932875,[6],[],[],"[4, 5]",True,False,False,[]
wood_183705:001070,wood_183705,moderate,ROLE_BOUNDARY_H_STANDARD,N3_BASELINE_FALLBACK,False,True,True,0.2864690793387784,1.5015450508345363,0.9222856323932875,[6],[],[],"[4, 5]",True,False,False,[]
wood_183705:001070,wood_183705,moderate,ROLE_BOUNDARY_NO_MASK_ROBUST,N3_BASELINE_FALLBACK,False,True,True,0.2864690793387784,1.5015450508345363,0.9222856323932875,[],[],[],"[4, 5]",False,,False,[]
wood_183705:001130,wood_183705,clean,ROLE_BOUNDARY_H_ROBUST,N3_BASELINE_FALLBACK,False,True,True,1.3789349634825774,1.5416520299079417,1.4725841142039606,[6],[],[],"[4, 5]",True,False,False,[]
wood_183705:001130,wood_183705,clean,ROLE_BOUNDARY_H_STANDARD,N3_BASELINE_FALLBACK,False,True,True,1.3789349634825774,1.5416520299079417,1.4725841142039606,[6],[],[],"[4, 5]",True,False,False,[]
wood_183705:001130,wood_183705,clean,ROLE_BOUNDARY_NO_MASK_ROBUST,N3_BASELINE_FALLBACK,False,True,True,1.3789349634825774,1.5416520299079417,1.4725841142039606,[],[],[],"[4, 5]",False,,False,[]
wood_183705:001193,wood_183705,moderate,ROLE_BOUNDARY_H_ROBUST,N3_BASELINE_FALLBACK,False,True,True,2.9450788533562156,0.9268333642460186,2.982543426950594,"[6, 7]",[],[],"[4, 5]",True,False,False,[]
wood_183705:001193,wood_183705,moderate,ROLE_BOUNDARY_H_STANDARD,N3_BASELINE_FALLBACK,False,True,True,2.9450788533562156,0.9268333642460186,2.982543426950594,"[6, 7]",[],[],"[4, 5]",True,False,False,[]
wood_183705:001193,wood_183705,moderate,ROLE_BOUNDARY_NO_MASK_ROBUST,N3_BASELINE_FALLBACK,False,True,True,2.9450788533562156,0.9268333642460186,2.982543426950594,[],[],[],"[4, 5]",False,,False,[]
wood_183705:001263,wood_183705,moderate,ROLE_BOUNDARY_H_ROBUST,N3_BASELINE_FALLBACK,False,True,True,2.6454144893263996,6.136693072814616,5.3830102248098814,[7],[],[],[4],True,False,False,[]
wood_183705:001263,wood_183705,moderate,ROLE_BOUNDARY_H_STANDARD,N3_BASELINE_FALLBACK,False,True,True,2.6454144893263996,6.136693072814616,5.3830102248098814,[7],[],[],[4],True,False,False,[]
wood_183705:001263,wood_183705,moderate,ROLE_BOUNDARY_NO_MASK_ROBUST,N3_BASELINE_FALLBACK,False,True,True,2.6454144893263996,6.136693072814616,5.3830102248098814,[],[],[],[4],False,,False,[]
wood_183705:001327,wood_183705,clean,ROLE_BOUNDARY_H_ROBUST,N3_BASELINE_FALLBACK,False,True,True,1.0737094365450914,2.3278650730850305,1.8179078579376289,"[6, 7]",[],[],"[1, 5]",True,False,False,[]
wood_183705:001327,wood_183705,clean,ROLE_BOUNDARY_H_STANDARD,N3_BASELINE_FALLBACK,False,True,True,1.0737094365450914,2.3278650730850305,1.8179078579376289,"[6, 7]",[],[],"[1, 5]",True,False,False,[]
wood_183705:001327,wood_183705,clean,ROLE_BOUNDARY_NO_MASK_ROBUST,N3_BASELINE_FALLBACK,False,True,True,1.0737094365450914,2.3278650730850305,1.8179078579376289,[],[],[],"[1, 5]",False,,False,[]
wood_183705:001388,wood_183705,moderate,ROLE_BOUNDARY_H_ROBUST,N3_BASELINE_FALLBACK,False,True,True,1.7450253446534114,1.2068137545431297,1.938510790744983,"[6, 7]",[],[],[5],True,False,False,[]
wood_183705:001388,wood_183705,moderate,ROLE_BOUNDARY_H_STANDARD,N3_BASELINE_FALLBACK,False,True,True,1.7450253446534114,1.2068137545431297,1.938510790744983,"[6, 7]",[],[],[5],True,False,False,[]
wood_183705:001388,wood_183705,moderate,ROLE_BOUNDARY_NO_MASK_ROBUST,N3_BASELINE_FALLBACK,False,True,True,1.7450253446534114,1.2068137545431297,1.938510790744983,[],[],[],[5],False,,False,[]
wood_183705:001463,wood_183705,clean,ROLE_BOUNDARY_H_ROBUST,NEW_POSE,True,False,True,0.3500436115856333,1.2923912677469136,0.7442667384314955,"[6, 7]","[0, 1, 4, 5]","[0, 1, 4, 5]","[0, 1, 4, 5]",True,False,True,"[6, 7]"
wood_183705:001463,wood_183705,clean,ROLE_BOUNDARY_H_STANDARD,NEW_POSE,True,False,True,0.3500436115856333,1.2923912677469136,0.7442667384314955,"[6, 7]","[0, 1, 4, 5]","[0, 1, 4, 5]","[0, 1, 4, 5]",True,False,True,"[6, 7]"
wood_183705:001463,wood_183705,clean,ROLE_BOUNDARY_NO_MASK_ROBUST,NEW_POSE,True,False,True,0.3500436115856333,1.2923912677469136,0.7442667384314955,[],"[0, 1, 4, 5]","[0, 1, 4, 5]","[0, 1, 4, 5]",False,,False,[]
wood_183705:001523,wood_183705,clean,ROLE_BOUNDARY_H_ROBUST,N3_BASELINE_FALLBACK,False,True,True,2.3101925511950205,2.2079996023718658,2.534455560078589,"[6, 7]",[],"[1, 4, 5]","[0, 1, 4, 5]",True,False,False,[]
wood_183705:001523,wood_183705,clean,ROLE_BOUNDARY_H_STANDARD,NEW_POSE,True,False,True,0.596337805722208,3.038269699485026,1.6603992955196833,"[6, 7]","[0, 1, 4, 5]","[0, 1, 4, 5]","[0, 1, 4, 5]",True,False,True,"[6, 7]"
wood_183705:001523,wood_183705,clean,ROLE_BOUNDARY_NO_MASK_ROBUST,N3_BASELINE_FALLBACK,False,True,True,2.3101925511950205,2.2079996023718658,2.534455560078589,[],[],"[1, 4, 5]","[0, 1, 4, 5]",False,,False,[]
wood_184309:000012,wood_184309,clean,ROLE_BOUNDARY_H_ROBUST,NEW_POSE,True,False,True,0.8825441492897576,0.6605234932058288,0.9840394898747813,[6],"[0, 1, 3, 4, 5]","[0, 1, 3, 4, 5]","[0, 1, 3, 4, 5]",True,False,True,[6]
wood_184309:000012,wood_184309,clean,ROLE_BOUNDARY_H_STANDARD,NEW_POSE,True,False,True,0.8825441492897576,0.6605234932058288,0.9840394898747813,[6],"[0, 1, 3, 4, 5]","[0, 1, 3, 4, 5]","[0, 1, 3, 4, 5]",True,False,True,[6]
wood_184309:000012,wood_184309,clean,ROLE_BOUNDARY_NO_MASK_ROBUST,NEW_POSE,True,False,True,0.8825441492897576,0.6605234932058288,0.9840394898747813,[],"[0, 1, 3, 4, 5]","[0, 1, 3, 4, 5]","[0, 1, 3, 4, 5]",False,,False,[]
wood_184309:000072,wood_184309,clean,ROLE_BOUNDARY_H_ROBUST,N3_BASELINE_FALLBACK,False,True,True,2.2138773022152676,1.2357937669370032,2.294077745998431,[6],[],[],"[4, 5]",True,False,False,[]
wood_184309:000072,wood_184309,clean,ROLE_BOUNDARY_H_STANDARD,N3_BASELINE_FALLBACK,False,True,True,2.2138773022152676,1.2357937669370032,2.294077745998431,[6],[],[],"[4, 5]",True,False,False,[]
wood_184309:000072,wood_184309,clean,ROLE_BOUNDARY_NO_MASK_ROBUST,N3_BASELINE_FALLBACK,False,True,True,2.2138773022152676,1.2357937669370032,2.294077745998431,[],[],[],"[4, 5]",False,,False,[]
wood_184309:000132,wood_184309,clean,ROLE_BOUNDARY_H_ROBUST,N3_BASELINE_FALLBACK,False,True,True,0.6183509612919212,1.9595333962968322,1.3718151013514888,[7],[],[],"[0, 4]",True,False,False,[]
wood_184309:000132,wood_184309,clean,ROLE_BOUNDARY_H_STANDARD,N3_BASELINE_FALLBACK,False,True,True,0.6183509612919212,1.9595333962968322,1.3718151013514888,[7],[],[],"[0, 4]",True,False,False,[]
wood_184309:000132,wood_184309,clean,ROLE_BOUNDARY_NO_MASK_ROBUST,N3_BASELINE_FALLBACK,False,True,True,0.6183509612919212,1.9595333962968322,1.3718151013514888,[],[],[],"[0, 4]",False,,False,[]
wood_184309:000192,wood_184309,clean,ROLE_BOUNDARY_H_ROBUST,N3_BASELINE_FALLBACK,False,True,True,2.4978545868963478,0.5241898666116459,2.5033452797376907,[6],[],[],[3],True,False,False,[]
wood_184309:000192,wood_184309,clean,ROLE_BOUNDARY_H_STANDARD,N3_BASELINE_FALLBACK,False,True,True,2.4978545868963478,0.5241898666116459,2.5033452797376907,[6],[],[],[3],True,False,False,[]
wood_184309:000192,wood_184309,clean,ROLE_BOUNDARY_NO_MASK_ROBUST,N3_BASELINE_FALLBACK,False,True,True,2.4978545868963478,0.5241898666116459,2.5033452797376907,[],[],[],[3],False,,False,[]
wood_184309:000252,wood_184309,clean,ROLE_BOUNDARY_H_ROBUST,N3_BASELINE_FALLBACK,False,True,True,7.91738035057107,6.640602544908753,8.14892028263088,[7],[],[],[4],True,False,False,[]
wood_184309:000252,wood_184309,clean,ROLE_BOUNDARY_H_STANDARD,N3_BASELINE_FALLBACK,False,True,True,7.91738035057107,6.640602544908753,8.14892028263088,[7],[],[],[4],True,False,False,[]
wood_184309:000252,wood_184309,clean,ROLE_BOUNDARY_NO_MASK_ROBUST,N3_BASELINE_FALLBACK,False,True,True,7.91738035057107,6.640602544908753,8.14892028263088,[],[],[],[4],False,,False,[]
wood_184309:000312,wood_184309,clean,ROLE_BOUNDARY_H_ROBUST,N3_BASELINE_FALLBACK,False,True,True,7.143362835663345,10.81746094538707,7.877006249956748,"[6, 7]",[],[],"[0, 1, 4]",True,False,False,[]
wood_184309:000312,wood_184309,clean,ROLE_BOUNDARY_H_STANDARD,N3_BASELINE_FALLBACK,False,True,True,7.143362835663345,10.81746094538707,7.877006249956748,"[6, 7]",[],[],"[0, 1, 4]",True,False,False,[]
wood_184309:000312,wood_184309,clean,ROLE_BOUNDARY_NO_MASK_ROBUST,N3_BASELINE_FALLBACK,False,True,True,7.143362835663345,10.81746094538707,7.877006249956748,[],[],[],"[0, 1, 4]",False,,False,[]
wood_184309:000372,wood_184309,clean,ROLE_BOUNDARY_H_ROBUST,N3_BASELINE_FALLBACK,False,True,True,14.791693601166683,83.82207141054222,67.09085763529433,[6],[],[],[],True,True,False,[]
wood_184309:000372,wood_184309,clean,ROLE_BOUNDARY_H_STANDARD,N3_BASELINE_FALLBACK,False,True,True,14.791693601166683,83.82207141054222,67.09085763529433,[6],[],[],[],True,True,False,[]
wood_184309:000372,wood_184309,clean,ROLE_BOUNDARY_NO_MASK_ROBUST,N3_BASELINE_FALLBACK,False,True,True,14.791693601166683,83.82207141054222,67.09085763529433,[],[],[],[],False,,False,[]
wood_184309:000432,wood_184309,clean,ROLE_BOUNDARY_H_ROBUST,N3_BASELINE_FALLBACK,False,True,True,11.203227268608126,87.86784399177732,69.19111350655429,[7],[],[],"[1, 5]",True,True,False,[]
wood_184309:000432,wood_184309,clean,ROLE_BOUNDARY_H_STANDARD,N3_BASELINE_FALLBACK,False,True,True,11.203227268608126,87.86784399177732,69.19111350655429,[7],[],[],"[1, 5]",True,True,False,[]
wood_184309:000432,wood_184309,clean,ROLE_BOUNDARY_NO_MASK_ROBUST,N3_BASELINE_FALLBACK,False,True,True,11.203227268608126,87.86784399177732,69.19111350655429,[],[],[],"[1, 5]",False,,False,[]
wood_184309:000492,wood_184309,clean,ROLE_BOUNDARY_H_ROBUST,N3_BASELINE_FALLBACK,False,True,True,14.5614695284616,85.02873942959114,67.29206447283964,"[6, 7]",[],[],[5],True,False,False,[]
wood_184309:000492,wood_184309,clean,ROLE_BOUNDARY_H_STANDARD,N3_BASELINE_FALLBACK,False,True,True,14.5614695284616,85.02873942959114,67.29206447283964,"[6, 7]",[],[],[5],True,False,False,[]
wood_184309:000492,wood_184309,clean,ROLE_BOUNDARY_NO_MASK_ROBUST,N3_BASELINE_FALLBACK,False,True,True,14.5614695284616,85.02873942959114,67.29206447283964,[],[],[],[5],False,,False,[]
wood_184309:000552,wood_184309,moderate,ROLE_BOUNDARY_H_ROBUST,N3_BASELINE_FALLBACK,False,True,True,2.0251507881467266,1.5998404725686044,2.235400597455731,[7],[],[],[],True,False,False,[]
wood_184309:000552,wood_184309,moderate,ROLE_BOUNDARY_H_STANDARD,N3_BASELINE_FALLBACK,False,True,True,2.0251507881467266,1.5998404725686044,2.235400597455731,[7],[],[],[],True,False,False,[]
wood_184309:000552,wood_184309,moderate,ROLE_BOUNDARY_NO_MASK_ROBUST,N3_BASELINE_FALLBACK,False,True,True,2.0251507881467266,1.5998404725686044,2.235400597455731,[],[],[],[],False,,False,[]
wood_184309:000612,wood_184309,clean,ROLE_BOUNDARY_H_ROBUST,NEW_POSE,True,False,True,0.5980416450522544,0.7999532801439219,0.770196460574411,"[6, 7]","[0, 1, 4, 5]","[0, 1, 4, 5]","[0, 1, 4, 5]",True,False,True,"[6, 7]"
wood_184309:000612,wood_184309,clean,ROLE_BOUNDARY_H_STANDARD,NEW_POSE,True,False,True,0.5980416450522544,0.7999532801439219,0.770196460574411,"[6, 7]","[0, 1, 4, 5]","[0, 1, 4, 5]","[0, 1, 4, 5]",True,False,True,"[6, 7]"
wood_184309:000612,wood_184309,clean,ROLE_BOUNDARY_NO_MASK_ROBUST,NEW_POSE,True,False,True,0.5980416450522544,0.7999532801439219,0.770196460574411,[],"[0, 1, 4, 5]","[0, 1, 4, 5]","[0, 1, 4, 5]",False,,False,[]
wood_184309:000674,wood_184309,clean,ROLE_BOUNDARY_H_ROBUST,NEW_POSE,True,False,True,0.32372432511923827,0.8218857332676361,0.7257146975110331,"[6, 7]","[0, 1, 4, 5]","[0, 1, 4, 5]","[0, 1, 4, 5]",True,False,True,"[6, 7]"
wood_184309:000674,wood_184309,clean,ROLE_BOUNDARY_H_STANDARD,NEW_POSE,True,False,True,0.32372432511923827,0.8218857332676361,0.7257146975110331,"[6, 7]","[0, 1, 4, 5]","[0, 1, 4, 5]","[0, 1, 4, 5]",True,False,True,"[6, 7]"
wood_184309:000674,wood_184309,clean,ROLE_BOUNDARY_NO_MASK_ROBUST,NEW_POSE,True,False,True,0.32372432511923827,0.8218857332676361,0.7257146975110331,[],"[0, 1, 4, 5]","[0, 1, 4, 5]","[0, 1, 4, 5]",False,,False,[]
wood_184309:000734,wood_184309,clean,ROLE_BOUNDARY_H_ROBUST,NEW_POSE,True,False,True,1.0200480423999767,0.4062804668006362,1.0588029314476284,"[6, 7]","[0, 1, 4, 5]","[0, 1, 4, 5]","[0, 1, 4, 5]",True,False,True,"[6, 7]"
wood_184309:000734,wood_184309,clean,ROLE_BOUNDARY_H_STANDARD,NEW_POSE,True,False,True,1.0200480423999767,0.4062804668006362,1.0588029314476284,"[6, 7]","[0, 1, 4, 5]","[0, 1, 4, 5]","[0, 1, 4, 5]",True,False,True,"[6, 7]"
wood_184309:000734,wood_184309,clean,ROLE_BOUNDARY_NO_MASK_ROBUST,NEW_POSE,True,False,True,1.0200480423999767,0.4062804668006362,1.0588029314476284,[],"[0, 1, 4, 5]","[0, 1, 4, 5]","[0, 1, 4, 5]",False,,False,[]
wood_184309:000804,wood_184309,clean,ROLE_BOUNDARY_H_ROBUST,N3_BASELINE_FALLBACK,False,True,True,0.8525947518303626,0.5207395620432372,0.8946658912983102,[6],[],[],"[4, 5]",True,False,False,[]
wood_184309:000804,wood_184309,clean,ROLE_BOUNDARY_H_STANDARD,N3_BASELINE_FALLBACK,False,True,True,0.8525947518303626,0.5207395620432372,0.8946658912983102,[6],[],[],"[4, 5]",True,False,False,[]
wood_184309:000804,wood_184309,clean,ROLE_BOUNDARY_NO_MASK_ROBUST,N3_BASELINE_FALLBACK,False,True,True,0.8525947518303626,0.5207395620432372,0.8946658912983102,[],[],[],"[4, 5]",False,,False,[]
wood_184309:000864,wood_184309,clean,ROLE_BOUNDARY_H_ROBUST,N3_BASELINE_FALLBACK,False,True,True,1.1774847143033633,1.911640481105632,1.5340336385038078,[6],[],[],[4],True,True,False,[]
wood_184309:000864,wood_184309,clean,ROLE_BOUNDARY_H_STANDARD,N3_BASELINE_FALLBACK,False,True,True,1.1774847143033633,1.911640481105632,1.5340336385038078,[6],[],[],[4],True,True,False,[]
wood_184309:000864,wood_184309,clean,ROLE_BOUNDARY_NO_MASK_ROBUST,N3_BASELINE_FALLBACK,False,True,True,1.1774847143033633,1.911640481105632,1.5340336385038078,[],[],[],[4],False,,False,[]
wood_184309:000925,wood_184309,clean,ROLE_BOUNDARY_H_ROBUST,N3_BASELINE_FALLBACK,False,True,True,3.5973495042103814,4.979562118189308,4.2609019917391935,"[6, 7]",[],[],[],True,False,False,[]
wood_184309:000925,wood_184309,clean,ROLE_BOUNDARY_H_STANDARD,N3_BASELINE_FALLBACK,False,True,True,3.5973495042103814,4.979562118189308,4.2609019917391935,"[6, 7]",[],[],[],True,False,False,[]
wood_184309:000925,wood_184309,clean,ROLE_BOUNDARY_NO_MASK_ROBUST,N3_BASELINE_FALLBACK,False,True,True,3.5973495042103814,4.979562118189308,4.2609019917391935,[],[],[],[],False,,False,[]
wood_184309:000987,wood_184309,clean,ROLE_BOUNDARY_H_ROBUST,N3_BASELINE_FALLBACK,False,True,True,1.5735205448464729,0.8553381697031893,1.628835958934924,"[6, 7]",[],[],[],True,False,False,[]
wood_184309:000987,wood_184309,clean,ROLE_BOUNDARY_H_STANDARD,N3_BASELINE_FALLBACK,False,True,True,1.5735205448464729,0.8553381697031893,1.628835958934924,"[6, 7]",[],[],[],True,False,False,[]
wood_184309:000987,wood_184309,clean,ROLE_BOUNDARY_NO_MASK_ROBUST,N3_BASELINE_FALLBACK,False,True,True,1.5735205448464729,0.8553381697031893,1.628835958934924,[],[],[],[],False,,False,[]
wood_184309:001081,wood_184309,clean,ROLE_BOUNDARY_H_ROBUST,N3_BASELINE_FALLBACK,False,True,True,4.277212911825473,2.7335776679533805,4.4929450749764,"[6, 7]",[],[],"[0, 1]",True,False,False,[]
wood_184309:001081,wood_184309,clean,ROLE_BOUNDARY_H_STANDARD,N3_BASELINE_FALLBACK,False,True,True,4.277212911825473,2.7335776679533805,4.4929450749764,"[6, 7]",[],[],"[0, 1]",True,False,False,[]
wood_184309:001081,wood_184309,clean,ROLE_BOUNDARY_NO_MASK_ROBUST,N3_BASELINE_FALLBACK,False,True,True,4.277212911825473,2.7335776679533805,4.4929450749764,[],[],[],"[0, 1]",False,,False,[]
wood_184309:001141,wood_184309,clean,ROLE_BOUNDARY_H_ROBUST,N3_BASELINE_FALLBACK,False,True,True,1.3209065523230126,1.9004750848016074,1.7139176835733405,"[6, 7]",[],[],[],True,False,False,[]
wood_184309:001141,wood_184309,clean,ROLE_BOUNDARY_H_STANDARD,N3_BASELINE_FALLBACK,False,True,True,1.3209065523230126,1.9004750848016074,1.7139176835733405,"[6, 7]",[],[],[],True,False,False,[]
wood_184309:001141,wood_184309,clean,ROLE_BOUNDARY_NO_MASK_ROBUST,N3_BASELINE_FALLBACK,False,True,True,1.3209065523230126,1.9004750848016074,1.7139176835733405,[],[],[],[],False,,False,[]
wood_184309:001201,wood_184309,clean,ROLE_BOUNDARY_H_ROBUST,N3_BASELINE_FALLBACK,False,True,True,8.74764109461767,12.643581425178693,10.860514039742178,[7],[],[],"[0, 4]",True,True,False,[]
wood_184309:001201,wood_184309,clean,ROLE_BOUNDARY_H_STANDARD,N3_BASELINE_FALLBACK,False,True,True,8.74764109461767,12.643581425178693,10.860514039742178,[7],[],[],"[0, 4]",True,True,False,[]
wood_184309:001201,wood_184309,clean,ROLE_BOUNDARY_NO_MASK_ROBUST,N3_BASELINE_FALLBACK,False,True,True,8.74764109461767,12.643581425178693,10.860514039742178,[],[],[],"[0, 4]",False,,False,[]
wood_day_01:002010,wood_day_01,clean,ROLE_BOUNDARY_H_ROBUST,N3_BASELINE_FALLBACK,False,True,True,1.2246581460373065,1.6132188796614957,1.4835588320777662,[7],[],[],"[0, 2, 4]",True,False,False,[]
wood_day_01:002010,wood_day_01,clean,ROLE_BOUNDARY_H_STANDARD,N3_BASELINE_FALLBACK,False,True,True,1.2246581460373065,1.6132188796614957,1.4835588320777662,[7],[],[],"[0, 2, 4]",True,False,False,[]
wood_day_01:002010,wood_day_01,clean,ROLE_BOUNDARY_NO_MASK_ROBUST,N3_BASELINE_FALLBACK,False,True,True,1.2246581460373065,1.6132188796614957,1.4835588320777662,[],[],[],"[0, 2, 4]",False,,False,[]
wood_day_01:002141,wood_day_01,moderate,ROLE_BOUNDARY_H_ROBUST,N3_BASELINE_FALLBACK,False,True,True,5.542713483383149,5.946613791816892,6.008835453178328,[7],[],[],[4],True,True,False,[]
wood_day_01:002141,wood_day_01,moderate,ROLE_BOUNDARY_H_STANDARD,N3_BASELINE_FALLBACK,False,True,True,5.542713483383149,5.946613791816892,6.008835453178328,[7],[],[],[4],True,True,False,[]
wood_day_01:002141,wood_day_01,moderate,ROLE_BOUNDARY_NO_MASK_ROBUST,N3_BASELINE_FALLBACK,False,True,True,5.542713483383149,5.946613791816892,6.008835453178328,[],[],[],[4],False,,False,[]
wood_day_01:002497,wood_day_01,clean,ROLE_BOUNDARY_H_ROBUST,NEW_POSE,True,False,True,0.7970626552499999,1.4727729377865741,1.1105173162480826,"[6, 7]","[0, 1, 4, 5]","[0, 1, 4, 5]","[0, 1, 4, 5]",True,False,True,"[6, 7]"
wood_day_01:002497,wood_day_01,clean,ROLE_BOUNDARY_H_STANDARD,NEW_POSE,True,False,True,0.7970626552499999,1.4727729377865741,1.1105173162480826,"[6, 7]","[0, 1, 4, 5]","[0, 1, 4, 5]","[0, 1, 4, 5]",True,False,True,"[6, 7]"
wood_day_01:002497,wood_day_01,clean,ROLE_BOUNDARY_NO_MASK_ROBUST,NEW_POSE,True,False,True,0.7970626552499999,1.4727729377865741,1.1105173162480826,[],"[0, 1, 4, 5]","[0, 1, 4, 5]","[0, 1, 4, 5]",False,,False,[]
wood_day_01:002628,wood_day_01,clean,ROLE_BOUNDARY_H_ROBUST,N3_BASELINE_FALLBACK,False,True,True,0.6902050450006022,3.516432420822004,1.876813957836513,[7],[],[],"[0, 4]",True,False,False,[]
wood_day_01:002628,wood_day_01,clean,ROLE_BOUNDARY_H_STANDARD,N3_BASELINE_FALLBACK,False,True,True,0.6902050450006022,3.516432420822004,1.876813957836513,[7],[],[],"[0, 4]",True,False,False,[]
wood_day_01:002628,wood_day_01,clean,ROLE_BOUNDARY_NO_MASK_ROBUST,N3_BASELINE_FALLBACK,False,True,True,0.6902050450006022,3.516432420822004,1.876813957836513,[],[],[],"[0, 4]",False,,False,[]
wood_day_01:003863,wood_day_01,clean,ROLE_BOUNDARY_H_ROBUST,N3_BASELINE_FALLBACK,False,True,True,2.901651169808336,0.5529702203813452,2.92808114470051,[6],[],[],"[3, 4]",True,False,False,[]
wood_day_01:003863,wood_day_01,clean,ROLE_BOUNDARY_H_STANDARD,N3_BASELINE_FALLBACK,False,True,True,2.901651169808336,0.5529702203813452,2.92808114470051,[6],[],[],"[3, 4]",True,False,False,[]
wood_day_01:003863,wood_day_01,clean,ROLE_BOUNDARY_NO_MASK_ROBUST,N3_BASELINE_FALLBACK,False,True,True,2.901651169808336,0.5529702203813452,2.92808114470051,[],[],[],"[3, 4]",False,,False,[]
wood_day_01:003919,wood_day_01,clean,ROLE_BOUNDARY_H_ROBUST,N3_BASELINE_FALLBACK,False,True,True,0.7693920858878381,1.922366594641759,1.7554350733724584,[6],[],[],"[4, 5]",True,True,False,[]
wood_day_01:003919,wood_day_01,clean,ROLE_BOUNDARY_H_STANDARD,N3_BASELINE_FALLBACK,False,True,True,0.7693920858878381,1.922366594641759,1.7554350733724584,[6],[],[],"[4, 5]",True,True,False,[]
wood_day_01:003919,wood_day_01,clean,ROLE_BOUNDARY_NO_MASK_ROBUST,N3_BASELINE_FALLBACK,False,True,True,0.7693920858878381,1.922366594641759,1.7554350733724584,[],[],[],"[4, 5]",False,,False,[]
wood_day_01:004032,wood_day_01,clean,ROLE_BOUNDARY_H_ROBUST,N3_BASELINE_FALLBACK,False,True,True,2.7945889993585964,1.7716803739059728,2.9583834007766945,[7],[],[],"[0, 2, 4]",True,False,False,[]
wood_day_01:004032,wood_day_01,clean,ROLE_BOUNDARY_H_STANDARD,N3_BASELINE_FALLBACK,False,True,True,2.7945889993585964,1.7716803739059728,2.9583834007766945,[7],[],[],"[0, 2, 4]",True,False,False,[]
wood_day_01:004032,wood_day_01,clean,ROLE_BOUNDARY_NO_MASK_ROBUST,N3_BASELINE_FALLBACK,False,True,True,2.7945889993585964,1.7716803739059728,2.9583834007766945,[],[],[],"[0, 2, 4]",False,,False,[]
wood_day_01:004406,wood_day_01,moderate,ROLE_BOUNDARY_H_ROBUST,N3_BASELINE_FALLBACK,False,True,True,6.568096988713347,1.3192186463214264,6.624287990907016,[6],[],[],"[3, 5]",True,False,False,[]
wood_day_01:004406,wood_day_01,moderate,ROLE_BOUNDARY_H_STANDARD,N3_BASELINE_FALLBACK,False,True,True,6.568096988713347,1.3192186463214264,6.624287990907016,[6],[],[],"[3, 5]",True,False,False,[]
wood_day_01:004406,wood_day_01,moderate,ROLE_BOUNDARY_NO_MASK_ROBUST,N3_BASELINE_FALLBACK,False,True,True,6.568096988713347,1.3192186463214264,6.624287990907016,[],[],[],"[3, 5]",False,,False,[]
wood_day_01:004481,wood_day_01,moderate,ROLE_BOUNDARY_H_ROBUST,N3_BASELINE_FALLBACK,False,True,True,1.509111021608335,0.454830560202981,1.5336757274808472,[6],[],[],"[3, 5]",True,False,False,[]
wood_day_01:004481,wood_day_01,moderate,ROLE_BOUNDARY_H_STANDARD,N3_BASELINE_FALLBACK,False,True,True,1.509111021608335,0.454830560202981,1.5336757274808472,[6],[],[],"[3, 5]",True,False,False,[]
wood_day_01:004481,wood_day_01,moderate,ROLE_BOUNDARY_NO_MASK_ROBUST,N3_BASELINE_FALLBACK,False,True,True,1.509111021608335,0.454830560202981,1.5336757274808472,[],[],[],"[3, 5]",False,,False,[]
wood_day_01:004575,wood_day_01,clean,ROLE_BOUNDARY_H_ROBUST,NEW_POSE,True,False,True,1.6415266618165194,3.4736264707287257,2.466856437210326,[7],"[0, 1, 4, 5]","[0, 1, 4, 5]","[0, 1, 4, 5]",True,False,True,[7]
wood_day_01:004575,wood_day_01,clean,ROLE_BOUNDARY_H_STANDARD,NEW_POSE,True,False,True,1.6415266618165194,3.4736264707287257,2.466856437210326,[7],"[0, 1, 4, 5]","[0, 1, 4, 5]","[0, 1, 4, 5]",True,False,True,[7]
wood_day_01:004575,wood_day_01,clean,ROLE_BOUNDARY_NO_MASK_ROBUST,NEW_POSE,True,False,True,1.6415266618165194,3.4736264707287257,2.466856437210326,[],"[0, 1, 4, 5]","[0, 1, 4, 5]","[0, 1, 4, 5]",False,,False,[]
wood_day_01:004687,wood_day_01,moderate,ROLE_BOUNDARY_H_ROBUST,N3_BASELINE_FALLBACK,False,True,True,7.7743582190868565,2.914139485648017,7.870492517167932,[7],[],[],"[0, 2, 4]",True,True,False,[]
wood_day_01:004687,wood_day_01,moderate,ROLE_BOUNDARY_H_STANDARD,N3_BASELINE_FALLBACK,False,True,True,7.7743582190868565,2.914139485648017,7.870492517167932,[7],[],[],"[0, 2, 4]",True,True,False,[]
wood_day_01:004687,wood_day_01,moderate,ROLE_BOUNDARY_NO_MASK_ROBUST,N3_BASELINE_FALLBACK,False,True,True,7.7743582190868565,2.914139485648017,7.870492517167932,[],[],[],"[0, 2, 4]",False,,False,[]
wood_day_01:004799,wood_day_01,moderate,ROLE_BOUNDARY_H_ROBUST,N3_BASELINE_FALLBACK,False,True,True,3.606678132962291,3.4922871286339956,4.1454857363484106,[7],[],[],[2],True,True,False,[]
wood_day_01:004799,wood_day_01,moderate,ROLE_BOUNDARY_H_STANDARD,N3_BASELINE_FALLBACK,False,True,True,3.606678132962291,3.4922871286339956,4.1454857363484106,[7],[],[],[2],True,True,False,[]
wood_day_01:004799,wood_day_01,moderate,ROLE_BOUNDARY_NO_MASK_ROBUST,N3_BASELINE_FALLBACK,False,True,True,3.606678132962291,3.4922871286339956,4.1454857363484106,[],[],[],[2],False,,False,[]
wood_day_01:005174,wood_day_01,moderate,ROLE_BOUNDARY_H_ROBUST,N3_BASELINE_FALLBACK,False,True,True,11.255940013243327,2.0445657190827276,11.324647058656812,[6],[],[],[],True,False,False,[]
wood_day_01:005174,wood_day_01,moderate,ROLE_BOUNDARY_H_STANDARD,N3_BASELINE_FALLBACK,False,True,True,11.255940013243327,2.0445657190827276,11.324647058656812,[6],[],[],[],True,False,False,[]
wood_day_01:005174,wood_day_01,moderate,ROLE_BOUNDARY_NO_MASK_ROBUST,N3_BASELINE_FALLBACK,False,True,True,11.255940013243327,2.0445657190827276,11.324647058656812,[],[],[],[],False,,False,[]
wood_day_01:005249,wood_day_01,moderate,ROLE_BOUNDARY_H_ROBUST,N3_BASELINE_FALLBACK,False,True,True,5.9244101836017915,2.0784259744871787,6.049578015193031,[6],[],[],[],True,False,False,[]
wood_day_01:005249,wood_day_01,moderate,ROLE_BOUNDARY_H_STANDARD,N3_BASELINE_FALLBACK,False,True,True,5.9244101836017915,2.0784259744871787,6.049578015193031,[6],[],[],[],True,False,False,[]
wood_day_01:005249,wood_day_01,moderate,ROLE_BOUNDARY_NO_MASK_ROBUST,N3_BASELINE_FALLBACK,False,True,True,5.9244101836017915,2.0784259744871787,6.049578015193031,[],[],[],[],False,,False,[]
wood_day_01:024552,wood_day_01,moderate,ROLE_BOUNDARY_H_ROBUST,N3_BASELINE_FALLBACK,False,True,True,2.4642795753147624,1.4552422152666658,2.5527162136288952,[7],[],[],[5],True,True,False,[]
wood_day_01:024552,wood_day_01,moderate,ROLE_BOUNDARY_H_STANDARD,N3_BASELINE_FALLBACK,False,True,True,2.4642795753147624,1.4552422152666658,2.5527162136288952,[7],[],[],[5],True,True,False,[]
wood_day_01:024552,wood_day_01,moderate,ROLE_BOUNDARY_NO_MASK_ROBUST,N3_BASELINE_FALLBACK,False,True,True,2.4642795753147624,1.4552422152666658,2.5527162136288952,[],[],[],[5],False,,False,[]
wood_day_01:026085,wood_day_01,moderate,ROLE_BOUNDARY_H_ROBUST,N3_BASELINE_FALLBACK,False,True,True,9.596776912099134,4.204905565596266,9.742879101642748,[7],[],[],[2],True,True,False,[]
wood_day_01:026085,wood_day_01,moderate,ROLE_BOUNDARY_H_STANDARD,N3_BASELINE_FALLBACK,False,True,True,9.596776912099134,4.204905565596266,9.742879101642748,[7],[],[],[2],True,True,False,[]
wood_day_01:026085,wood_day_01,moderate,ROLE_BOUNDARY_NO_MASK_ROBUST,N3_BASELINE_FALLBACK,False,True,True,9.596776912099134,4.204905565596266,9.742879101642748,[],[],[],[2],False,,False,[]
wood_day_01:026122,wood_day_01,moderate,ROLE_BOUNDARY_H_ROBUST,N3_BASELINE_FALLBACK,False,True,True,3.1977953325050006,2.7984879297787972,3.38961681677332,[7],[],[],"[1, 5]",True,True,False,[]
wood_day_01:026122,wood_day_01,moderate,ROLE_BOUNDARY_H_STANDARD,N3_BASELINE_FALLBACK,False,True,True,3.1977953325050006,2.7984879297787972,3.38961681677332,[7],[],[],"[1, 5]",True,True,False,[]
wood_day_01:026122,wood_day_01,moderate,ROLE_BOUNDARY_NO_MASK_ROBUST,N3_BASELINE_FALLBACK,False,True,True,3.1977953325050006,2.7984879297787972,3.38961681677332,[],[],[],"[1, 5]",False,,False,[]
wood_day_01:026673,wood_day_01,moderate,ROLE_BOUNDARY_H_ROBUST,N3_BASELINE_FALLBACK,False,True,True,1.372680224035194,4.203923929095344,3.1325371937792994,[7],[],[],"[4, 5]",True,True,False,[]
wood_day_01:026673,wood_day_01,moderate,ROLE_BOUNDARY_H_STANDARD,N3_BASELINE_FALLBACK,False,True,True,1.372680224035194,4.203923929095344,3.1325371937792994,[7],[],[],"[4, 5]",True,True,False,[]
wood_day_01:026673,wood_day_01,moderate,ROLE_BOUNDARY_NO_MASK_ROBUST,N3_BASELINE_FALLBACK,False,True,True,1.372680224035194,4.203923929095344,3.1325371937792994,[],[],[],"[4, 5]",False,,False,[]
wood_day_01:027445,wood_day_01,moderate,ROLE_BOUNDARY_H_ROBUST,N3_BASELINE_FALLBACK,False,True,True,61.92360473915919,81.11728917928681,85.84482644088803,[6],[],[],[5],True,True,False,[]
wood_day_01:027445,wood_day_01,moderate,ROLE_BOUNDARY_H_STANDARD,N3_BASELINE_FALLBACK,False,True,True,61.92360473915919,81.11728917928681,85.84482644088803,[6],[],[],[5],True,True,False,[]
wood_day_01:027445,wood_day_01,moderate,ROLE_BOUNDARY_NO_MASK_ROBUST,N3_BASELINE_FALLBACK,False,True,True,61.92360473915919,81.11728917928681,85.84482644088803,[],[],[],[5],False,,False,[]
wood_day_01:028002,wood_day_01,moderate,ROLE_BOUNDARY_H_ROBUST,N3_BASELINE_FALLBACK,False,True,True,5.146437731104869,1.162294550216965,5.16461680427658,"[6, 7]",[],[],"[4, 5]",True,False,False,[]
wood_day_01:028002,wood_day_01,moderate,ROLE_BOUNDARY_H_STANDARD,N3_BASELINE_FALLBACK,False,True,True,5.146437731104869,1.162294550216965,5.16461680427658,"[6, 7]",[],[],"[4, 5]",True,False,False,[]
wood_day_01:028002,wood_day_01,moderate,ROLE_BOUNDARY_NO_MASK_ROBUST,N3_BASELINE_FALLBACK,False,True,True,5.146437731104869,1.162294550216965,5.16461680427658,[],[],[],"[4, 5]",False,,False,[]
wood_night_01:029028,wood_night_01,clean,ROLE_BOUNDARY_H_ROBUST,N3_BASELINE_FALLBACK,False,True,True,58.02605735791274,85.54825452798953,82.4003503918486,[6],[],[],[3],True,False,False,[]
wood_night_01:029028,wood_night_01,clean,ROLE_BOUNDARY_H_STANDARD,N3_BASELINE_FALLBACK,False,True,True,58.02605735791274,85.54825452798953,82.4003503918486,[6],[],[],[3],True,False,False,[]
wood_night_01:029028,wood_night_01,clean,ROLE_BOUNDARY_NO_MASK_ROBUST,N3_BASELINE_FALLBACK,False,True,True,58.02605735791274,85.54825452798953,82.4003503918486,[],[],[],[3],False,,False,[]
wood_night_01:029246,wood_night_01,clean,ROLE_BOUNDARY_H_ROBUST,N3_BASELINE_FALLBACK,False,True,True,7.924360484370744,3.347469292665113,8.122985881756838,[7],[],[],[],True,False,False,[]
wood_night_01:029246,wood_night_01,clean,ROLE_BOUNDARY_H_STANDARD,N3_BASELINE_FALLBACK,False,True,True,7.924360484370744,3.347469292665113,8.122985881756838,[7],[],[],[],True,False,False,[]
wood_night_01:029246,wood_night_01,clean,ROLE_BOUNDARY_NO_MASK_ROBUST,N3_BASELINE_FALLBACK,False,True,True,7.924360484370744,3.347469292665113,8.122985881756838,[],[],[],[],False,,False,[]
wood_night_01:029419,wood_night_01,clean,ROLE_BOUNDARY_H_ROBUST,N3_BASELINE_FALLBACK,False,True,True,1.7444357759171132,0.9734779454644372,1.8627786044093848,[7],[],[],"[1, 4, 5]",True,False,False,[]
wood_night_01:029419,wood_night_01,clean,ROLE_BOUNDARY_H_STANDARD,N3_BASELINE_FALLBACK,False,True,True,1.7444357759171132,0.9734779454644372,1.8627786044093848,[7],[],[],"[1, 4, 5]",True,False,False,[]
wood_night_01:029419,wood_night_01,clean,ROLE_BOUNDARY_NO_MASK_ROBUST,N3_BASELINE_FALLBACK,False,True,True,1.7444357759171132,0.9734779454644372,1.8627786044093848,[],[],[],"[1, 4, 5]",False,,False,[]
wood_night_01:029428,wood_night_01,clean,ROLE_BOUNDARY_H_ROBUST,N3_BASELINE_FALLBACK,False,True,True,4.00088320081152,3.748472148092181,4.603621148570548,[7],[],[],"[0, 4]",True,False,False,[]
wood_night_01:029428,wood_night_01,clean,ROLE_BOUNDARY_H_STANDARD,N3_BASELINE_FALLBACK,False,True,True,4.00088320081152,3.748472148092181,4.603621148570548,[7],[],[],"[0, 4]",True,False,False,[]
wood_night_01:029428,wood_night_01,clean,ROLE_BOUNDARY_NO_MASK_ROBUST,N3_BASELINE_FALLBACK,False,True,True,4.00088320081152,3.748472148092181,4.603621148570548,[],[],[],"[0, 4]",False,,False,[]
wood_night_01:029619,wood_night_01,clean,ROLE_BOUNDARY_H_ROBUST,NEW_POSE,True,False,True,3.0995235721935854,2.822433673277193,3.3496271101101676,[6],"[1, 3, 4, 5]","[1, 3, 4, 5]","[1, 3, 4, 5]",True,False,True,[6]
wood_night_01:029619,wood_night_01,clean,ROLE_BOUNDARY_H_STANDARD,NEW_POSE,True,False,True,3.0995235721935854,2.822433673277193,3.3496271101101676,[6],"[1, 3, 4, 5]","[1, 3, 4, 5]","[1, 3, 4, 5]",True,False,True,[6]
wood_night_01:029619,wood_night_01,clean,ROLE_BOUNDARY_NO_MASK_ROBUST,NEW_POSE,True,False,True,3.0995235721935854,2.822433673277193,3.3496271101101676,[],"[1, 3, 4, 5]","[1, 3, 4, 5]","[1, 3, 4, 5]",False,,False,[]
wood_night_01:029778,wood_night_01,clean,ROLE_BOUNDARY_H_ROBUST,N3_BASELINE_FALLBACK,False,True,True,14.085643222554909,5.287533761985103,14.335362154678288,[7],[],[],[4],True,False,False,[]
wood_night_01:029778,wood_night_01,clean,ROLE_BOUNDARY_H_STANDARD,N3_BASELINE_FALLBACK,False,True,True,14.085643222554909,5.287533761985103,14.335362154678288,[7],[],[],[4],True,False,False,[]
wood_night_01:029778,wood_night_01,clean,ROLE_BOUNDARY_NO_MASK_ROBUST,N3_BASELINE_FALLBACK,False,True,True,14.085643222554909,5.287533761985103,14.335362154678288,[],[],[],[4],False,,False,[]
wood_night_01:029837,wood_night_01,clean,ROLE_BOUNDARY_H_ROBUST,N3_BASELINE_FALLBACK,False,True,True,2.7425027666594737,1.0362352119311433,2.779971441481205,[7],[],[],"[0, 4]",True,False,False,[]
wood_night_01:029837,wood_night_01,clean,ROLE_BOUNDARY_H_STANDARD,N3_BASELINE_FALLBACK,False,True,True,2.7425027666594737,1.0362352119311433,2.779971441481205,[7],[],[],"[0, 4]",True,False,False,[]
wood_night_01:029837,wood_night_01,clean,ROLE_BOUNDARY_NO_MASK_ROBUST,N3_BASELINE_FALLBACK,False,True,True,2.7425027666594737,1.0362352119311433,2.779971441481205,[],[],[],"[0, 4]",False,,False,[]
wood_night_01:029892,wood_night_01,clean,ROLE_BOUNDARY_H_ROBUST,NEW_POSE,True,False,True,2.25739117340739,1.6037084854755688,2.500474408576451,[6],"[0, 1, 4, 5]","[0, 1, 4, 5]","[0, 1, 4, 5]",True,True,True,[6]
wood_night_01:029892,wood_night_01,clean,ROLE_BOUNDARY_H_STANDARD,NEW_POSE,True,False,True,2.25739117340739,1.6037084854755688,2.500474408576451,[6],"[0, 1, 4, 5]","[0, 1, 4, 5]","[0, 1, 4, 5]",True,True,True,[6]
wood_night_01:029892,wood_night_01,clean,ROLE_BOUNDARY_NO_MASK_ROBUST,NEW_POSE,True,False,True,2.25739117340739,1.6037084854755688,2.500474408576451,[],"[0, 1, 4, 5]","[0, 1, 4, 5]","[0, 1, 4, 5]",False,,False,[]
wood_night_01:029919,wood_night_01,moderate,ROLE_BOUNDARY_H_ROBUST,N3_BASELINE_FALLBACK,False,True,True,3.933521588275837,2.0835813078674263,4.048812061374045,[6],[],[],"[3, 5]",True,False,False,[]
wood_night_01:029919,wood_night_01,moderate,ROLE_BOUNDARY_H_STANDARD,N3_BASELINE_FALLBACK,False,True,True,3.933521588275837,2.0835813078674263,4.048812061374045,[6],[],[],"[3, 5]",True,False,False,[]
wood_night_01:029919,wood_night_01,moderate,ROLE_BOUNDARY_NO_MASK_ROBUST,N3_BASELINE_FALLBACK,False,True,True,3.933521588275837,2.0835813078674263,4.048812061374045,[],[],[],"[3, 5]",False,,False,[]
wood_night_01:029973,wood_night_01,clean,ROLE_BOUNDARY_H_ROBUST,NEW_POSE,True,False,True,4.187163463121627,1.4883743939755363,4.234964110101692,[6],"[0, 1, 3, 4, 5]","[0, 1, 3, 4, 5]","[0, 1, 3, 4, 5]",True,False,True,[6]
wood_night_01:029973,wood_night_01,clean,ROLE_BOUNDARY_H_STANDARD,NEW_POSE,True,False,True,4.187163463121627,1.4883743939755363,4.234964110101692,[6],"[0, 1, 3, 4, 5]","[0, 1, 3, 4, 5]","[0, 1, 3, 4, 5]",True,False,True,[6]
wood_night_01:029973,wood_night_01,clean,ROLE_BOUNDARY_NO_MASK_ROBUST,NEW_POSE,True,False,True,4.187163463121627,1.4883743939755363,4.234964110101692,[],"[0, 1, 3, 4, 5]","[0, 1, 3, 4, 5]","[0, 1, 3, 4, 5]",False,,False,[]
wood_night_01:030019,wood_night_01,clean,ROLE_BOUNDARY_H_ROBUST,N3_BASELINE_FALLBACK,False,True,True,0.9651667800786128,2.985396041568154,2.2721419863582053,[7],[],[],[4],True,False,False,[]
wood_night_01:030019,wood_night_01,clean,ROLE_BOUNDARY_H_STANDARD,N3_BASELINE_FALLBACK,False,True,True,0.9651667800786128,2.985396041568154,2.2721419863582053,[7],[],[],[4],True,False,False,[]
wood_night_01:030019,wood_night_01,clean,ROLE_BOUNDARY_NO_MASK_ROBUST,N3_BASELINE_FALLBACK,False,True,True,0.9651667800786128,2.985396041568154,2.2721419863582053,[],[],[],[4],False,,False,[]
wood_night_01:030046,wood_night_01,clean,ROLE_BOUNDARY_H_ROBUST,N3_BASELINE_FALLBACK,False,True,True,4.199651526756928,1.5578363920277918,4.268472227810184,[7],[],[],"[0, 4]",True,False,False,[]
wood_night_01:030046,wood_night_01,clean,ROLE_BOUNDARY_H_STANDARD,N3_BASELINE_FALLBACK,False,True,True,4.199651526756928,1.5578363920277918,4.268472227810184,[7],[],[],"[0, 4]",True,False,False,[]
wood_night_01:030046,wood_night_01,clean,ROLE_BOUNDARY_NO_MASK_ROBUST,N3_BASELINE_FALLBACK,False,True,True,4.199651526756928,1.5578363920277918,4.268472227810184,[],[],[],"[0, 4]",False,,False,[]
wood_night_01:030101,wood_night_01,clean,ROLE_BOUNDARY_H_ROBUST,N3_BASELINE_FALLBACK,False,True,True,2.6262666793425713,2.8357052466964827,3.0151800978820495,[7],[],[],"[1, 5]",True,True,False,[]
wood_night_01:030101,wood_night_01,clean,ROLE_BOUNDARY_H_STANDARD,N3_BASELINE_FALLBACK,False,True,True,2.6262666793425713,2.8357052466964827,3.0151800978820495,[7],[],[],"[1, 5]",True,True,False,[]
wood_night_01:030101,wood_night_01,clean,ROLE_BOUNDARY_NO_MASK_ROBUST,N3_BASELINE_FALLBACK,False,True,True,2.6262666793425713,2.8357052466964827,3.0151800978820495,[],[],[],"[1, 5]",False,,False,[]
wood_night_01:030192,wood_night_01,clean,ROLE_BOUNDARY_H_ROBUST,N3_BASELINE_FALLBACK,False,True,True,3.0449762189639564,1.4409078828021287,3.1337510158088238,[6],[],[],"[1, 5]",True,False,False,[]
wood_night_01:030192,wood_night_01,clean,ROLE_BOUNDARY_H_STANDARD,N3_BASELINE_FALLBACK,False,True,True,3.0449762189639564,1.4409078828021287,3.1337510158088238,[6],[],[],"[1, 5]",True,False,False,[]
wood_night_01:030192,wood_night_01,clean,ROLE_BOUNDARY_NO_MASK_ROBUST,N3_BASELINE_FALLBACK,False,True,True,3.0449762189639564,1.4409078828021287,3.1337510158088238,[],[],[],"[1, 5]",False,,False,[]
wood_night_01:030219,wood_night_01,clean,ROLE_BOUNDARY_H_ROBUST,N3_BASELINE_FALLBACK,False,True,True,1.713581940567431,1.502069528436155,1.953235445959211,[6],[],[],"[1, 5]",True,False,False,[]
wood_night_01:030219,wood_night_01,clean,ROLE_BOUNDARY_H_STANDARD,N3_BASELINE_FALLBACK,False,True,True,1.713581940567431,1.502069528436155,1.953235445959211,[6],[],[],"[1, 5]",True,False,False,[]
wood_night_01:030219,wood_night_01,clean,ROLE_BOUNDARY_NO_MASK_ROBUST,N3_BASELINE_FALLBACK,False,True,True,1.713581940567431,1.502069528436155,1.953235445959211,[],[],[],"[1, 5]",False,,False,[]
wood_night_01:030273,wood_night_01,clean,ROLE_BOUNDARY_H_ROBUST,N3_BASELINE_FALLBACK,False,True,True,5.800459368214255,2.3790523792372573,5.93160361018167,[7],[],[],[4],True,False,False,[]
wood_night_01:030273,wood_night_01,clean,ROLE_BOUNDARY_H_STANDARD,N3_BASELINE_FALLBACK,False,True,True,5.800459368214255,2.3790523792372573,5.93160361018167,[7],[],[],[4],True,False,False,[]
wood_night_01:030273,wood_night_01,clean,ROLE_BOUNDARY_NO_MASK_ROBUST,N3_BASELINE_FALLBACK,False,True,True,5.800459368214255,2.3790523792372573,5.93160361018167,[],[],[],[4],False,,False,[]
wood_night_01:030282,wood_night_01,clean,ROLE_BOUNDARY_H_ROBUST,N3_BASELINE_FALLBACK,False,True,True,2.3495538413711414,3.1078755369126747,2.822146158609566,[7],[],[],[4],True,False,False,[]
wood_night_01:030282,wood_night_01,clean,ROLE_BOUNDARY_H_STANDARD,N3_BASELINE_FALLBACK,False,True,True,2.3495538413711414,3.1078755369126747,2.822146158609566,[7],[],[],[4],True,False,False,[]
wood_night_01:030282,wood_night_01,clean,ROLE_BOUNDARY_NO_MASK_ROBUST,N3_BASELINE_FALLBACK,False,True,True,2.3495538413711414,3.1078755369126747,2.822146158609566,[],[],[],[4],False,,False,[]
wood_night_01:030328,wood_night_01,clean,ROLE_BOUNDARY_H_ROBUST,N3_BASELINE_FALLBACK,False,True,True,6.798203052048231,1.5694925585083699,6.8343293194535955,[7],[],[],"[0, 2, 4]",True,False,False,[]
wood_night_01:030328,wood_night_01,clean,ROLE_BOUNDARY_H_STANDARD,N3_BASELINE_FALLBACK,False,True,True,6.798203052048231,1.5694925585083699,6.8343293194535955,[7],[],[],"[0, 2, 4]",True,False,False,[]
wood_night_01:030328,wood_night_01,clean,ROLE_BOUNDARY_NO_MASK_ROBUST,N3_BASELINE_FALLBACK,False,True,True,6.798203052048231,1.5694925585083699,6.8343293194535955,[],[],[],"[0, 2, 4]",False,,False,[]
wood_night_01:030373,wood_night_01,clean,ROLE_BOUNDARY_H_ROBUST,N3_BASELINE_FALLBACK,False,True,True,3.403940930258467,0.8115609908079666,3.4375195745931424,"[6, 7]",[],[],"[1, 4, 5]",True,False,False,[]
wood_night_01:030373,wood_night_01,clean,ROLE_BOUNDARY_H_STANDARD,N3_BASELINE_FALLBACK,False,True,True,3.403940930258467,0.8115609908079666,3.4375195745931424,"[6, 7]",[],[],"[1, 4, 5]",True,False,False,[]
wood_night_01:030373,wood_night_01,clean,ROLE_BOUNDARY_NO_MASK_ROBUST,N3_BASELINE_FALLBACK,False,True,True,3.403940930258467,0.8115609908079666,3.4375195745931424,[],[],[],"[1, 4, 5]",False,,False,[]
wood_night_01:030410,wood_night_01,moderate,ROLE_BOUNDARY_H_ROBUST,N3_BASELINE_FALLBACK,False,True,True,8.849919872283325,0.7231890811304568,8.862703015445431,"[6, 7]",[],[],[4],True,False,False,[]
wood_night_01:030410,wood_night_01,moderate,ROLE_BOUNDARY_H_STANDARD,N3_BASELINE_FALLBACK,False,True,True,8.849919872283325,0.7231890811304568,8.862703015445431,"[6, 7]",[],[],[4],True,False,False,[]
wood_night_01:030410,wood_night_01,moderate,ROLE_BOUNDARY_NO_MASK_ROBUST,N3_BASELINE_FALLBACK,False,True,True,8.849919872283325,0.7231890811304568,8.862703015445431,[],[],[],[4],False,,False,[]
wood_night_01:030589,wood_night_01,clean,ROLE_BOUNDARY_H_ROBUST,N3_BASELINE_FALLBACK,False,True,True,5.473992900184329,3.1140611656488253,5.688994516246209,[6],[],[],"[4, 5]",True,True,False,[]
wood_night_01:030589,wood_night_01,clean,ROLE_BOUNDARY_H_STANDARD,N3_BASELINE_FALLBACK,False,True,True,5.473992900184329,3.1140611656488253,5.688994516246209,[6],[],[],"[4, 5]",True,True,False,[]
wood_night_01:030589,wood_night_01,clean,ROLE_BOUNDARY_NO_MASK_ROBUST,N3_BASELINE_FALLBACK,False,True,True,5.473992900184329,3.1140611656488253,5.688994516246209,[],[],[],"[4, 5]",False,,False,[]
wood_night_01:030607,wood_night_01,clean,ROLE_BOUNDARY_H_ROBUST,N3_BASELINE_FALLBACK,False,True,True,4.289797824008631,0.5674376267199819,4.304084471911541,[6],[],[],"[1, 3, 5]",True,False,False,[]
wood_night_01:030607,wood_night_01,clean,ROLE_BOUNDARY_H_STANDARD,N3_BASELINE_FALLBACK,False,True,True,4.289797824008631,0.5674376267199819,4.304084471911541,[6],[],[],"[1, 3, 5]",True,False,False,[]
wood_night_01:030607,wood_night_01,clean,ROLE_BOUNDARY_NO_MASK_ROBUST,N3_BASELINE_FALLBACK,False,True,True,4.289797824008631,0.5674376267199819,4.304084471911541,[],[],[],"[1, 3, 5]",False,,False,[]
wood_night_01:030652,wood_night_01,clean,ROLE_BOUNDARY_H_ROBUST,N3_BASELINE_FALLBACK,False,True,True,1.500231365997962,5.547824678117853,3.6361720283519916,[7],[],[],[4],True,True,False,[]
wood_night_01:030652,wood_night_01,clean,ROLE_BOUNDARY_H_STANDARD,N3_BASELINE_FALLBACK,False,True,True,1.500231365997962,5.547824678117853,3.6361720283519916,[7],[],[],[4],True,True,False,[]
wood_night_01:030652,wood_night_01,clean,ROLE_BOUNDARY_NO_MASK_ROBUST,N3_BASELINE_FALLBACK,False,True,True,1.500231365997962,5.547824678117853,3.6361720283519916,[],[],[],[4],False,,False,[]
wood_night_01:030698,wood_night_01,clean,ROLE_BOUNDARY_H_ROBUST,N3_BASELINE_FALLBACK,False,True,True,0.6646697813443607,2.234777242627375,1.715637123042639,[7],[],[],[4],True,False,False,[]
wood_night_01:030698,wood_night_01,clean,ROLE_BOUNDARY_H_STANDARD,N3_BASELINE_FALLBACK,False,True,True,0.6646697813443607,2.234777242627375,1.715637123042639,[7],[],[],[4],True,False,False,[]
wood_night_01:030698,wood_night_01,clean,ROLE_BOUNDARY_NO_MASK_ROBUST,N3_BASELINE_FALLBACK,False,True,True,0.6646697813443607,2.234777242627375,1.715637123042639,[],[],[],[4],False,,False,[]
wood_night_01:030707,wood_night_01,clean,ROLE_BOUNDARY_H_ROBUST,N3_BASELINE_FALLBACK,False,True,True,1.209598961113895,1.4334903199248752,1.4423516078474505,[7],[],[],[4],True,False,False,[]
wood_night_01:030707,wood_night_01,clean,ROLE_BOUNDARY_H_STANDARD,N3_BASELINE_FALLBACK,False,True,True,1.209598961113895,1.4334903199248752,1.4423516078474505,[7],[],[],[4],True,False,False,[]
wood_night_01:030707,wood_night_01,clean,ROLE_BOUNDARY_NO_MASK_ROBUST,N3_BASELINE_FALLBACK,False,True,True,1.209598961113895,1.4334903199248752,1.4423516078474505,[],[],[],[4],False,,False,[]
wood_night_01:030743,wood_night_01,clean,ROLE_BOUNDARY_H_ROBUST,N3_BASELINE_FALLBACK,False,True,True,11.520733643741451,7.5436466077993325,11.912388035922007,"[6, 7]",[],[],"[0, 4]",True,False,False,[]
wood_night_01:030743,wood_night_01,clean,ROLE_BOUNDARY_H_STANDARD,N3_BASELINE_FALLBACK,False,True,True,11.520733643741451,7.5436466077993325,11.912388035922007,"[6, 7]",[],[],"[0, 4]",True,False,False,[]
wood_night_01:030743,wood_night_01,clean,ROLE_BOUNDARY_NO_MASK_ROBUST,N3_BASELINE_FALLBACK,False,True,True,11.520733643741451,7.5436466077993325,11.912388035922007,[],[],[],"[0, 4]",False,,False,[]
wood_night_01:030771,wood_night_01,clean,ROLE_BOUNDARY_H_ROBUST,N3_BASELINE_FALLBACK,False,True,True,11.264015097225366,5.982894037094179,11.483051671484425,"[6, 7]",[],[],"[0, 4, 5]",True,False,False,[]
wood_night_01:030771,wood_night_01,clean,ROLE_BOUNDARY_H_STANDARD,N3_BASELINE_FALLBACK,False,True,True,11.264015097225366,5.982894037094179,11.483051671484425,"[6, 7]",[],[],"[0, 4, 5]",True,False,False,[]
wood_night_01:030771,wood_night_01,clean,ROLE_BOUNDARY_NO_MASK_ROBUST,N3_BASELINE_FALLBACK,False,True,True,11.264015097225366,5.982894037094179,11.483051671484425,[],[],[],"[0, 4, 5]",False,,False,[]
wood_night_01:030825,wood_night_01,clean,ROLE_BOUNDARY_H_ROBUST,N3_BASELINE_FALLBACK,False,True,True,0.194292130105806,2.4873377348855588,1.7841003350765279,[6],[],[],"[3, 5]",True,False,False,[]
wood_night_01:030825,wood_night_01,clean,ROLE_BOUNDARY_H_STANDARD,N3_BASELINE_FALLBACK,False,True,True,0.194292130105806,2.4873377348855588,1.7841003350765279,[6],[],[],"[3, 5]",True,False,False,[]
wood_night_01:030825,wood_night_01,clean,ROLE_BOUNDARY_NO_MASK_ROBUST,N3_BASELINE_FALLBACK,False,True,True,0.194292130105806,2.4873377348855588,1.7841003350765279,[],[],[],"[3, 5]",False,,False,[]
wood_night_01:030898,wood_night_01,clean,ROLE_BOUNDARY_H_ROBUST,N3_BASELINE_FALLBACK,False,True,True,6.245094581493626,5.051821901906988,6.6939711088449565,[7],[],[],[4],True,False,False,[]
wood_night_01:030898,wood_night_01,clean,ROLE_BOUNDARY_H_STANDARD,N3_BASELINE_FALLBACK,False,True,True,6.245094581493626,5.051821901906988,6.6939711088449565,[7],[],[],[4],True,False,False,[]
wood_night_01:030898,wood_night_01,clean,ROLE_BOUNDARY_NO_MASK_ROBUST,N3_BASELINE_FALLBACK,False,True,True,6.245094581493626,5.051821901906988,6.6939711088449565,[],[],[],[4],False,,False,[]
wood_night_01:030925,wood_night_01,clean,ROLE_BOUNDARY_H_ROBUST,N3_BASELINE_FALLBACK,False,True,True,4.482644025013249,4.308193262503249,4.97358586978731,[7],[],[],"[4, 5]",True,False,False,[]
wood_night_01:030925,wood_night_01,clean,ROLE_BOUNDARY_H_STANDARD,N3_BASELINE_FALLBACK,False,True,True,4.482644025013249,4.308193262503249,4.97358586978731,[7],[],[],"[4, 5]",True,False,False,[]
wood_night_01:030925,wood_night_01,clean,ROLE_BOUNDARY_NO_MASK_ROBUST,N3_BASELINE_FALLBACK,False,True,True,4.482644025013249,4.308193262503249,4.97358586978731,[],[],[],"[4, 5]",False,,False,[]
wood_night_01:031153,wood_night_01,clean,ROLE_BOUNDARY_H_ROBUST,N3_BASELINE_FALLBACK,False,True,True,124.72702372592666,25.61820017944615,125.98564646930122,[7],[],[],[],True,True,False,[]
wood_night_01:031153,wood_night_01,clean,ROLE_BOUNDARY_H_STANDARD,N3_BASELINE_FALLBACK,False,True,True,124.72702372592666,25.61820017944615,125.98564646930122,[7],[],[],[],True,True,False,[]
wood_night_01:031153,wood_night_01,clean,ROLE_BOUNDARY_NO_MASK_ROBUST,N3_BASELINE_FALLBACK,False,True,True,124.72702372592666,25.61820017944615,125.98564646930122,[],[],[],[],False,,False,[]
wood_night_01:031217,wood_night_01,clean,ROLE_BOUNDARY_H_ROBUST,N3_BASELINE_FALLBACK,False,True,True,35.55224935485022,2.500250629305779,35.5939510703564,[6],[],[],[],True,False,False,[]
wood_night_01:031217,wood_night_01,clean,ROLE_BOUNDARY_H_STANDARD,N3_BASELINE_FALLBACK,False,True,True,35.55224935485022,2.500250629305779,35.5939510703564,[6],[],[],[],True,False,False,[]
wood_night_01:031217,wood_night_01,clean,ROLE_BOUNDARY_NO_MASK_ROBUST,N3_BASELINE_FALLBACK,False,True,True,35.55224935485022,2.500250629305779,35.5939510703564,[],[],[],[],False,,False,[]
wood_night_01:031244,wood_night_01,clean,ROLE_BOUNDARY_H_ROBUST,N3_BASELINE_FALLBACK,False,True,True,9.476502935561856,4.008667412016622,9.750686010616432,[6],[],[],[],True,False,False,[]
wood_night_01:031244,wood_night_01,clean,ROLE_BOUNDARY_H_STANDARD,N3_BASELINE_FALLBACK,False,True,True,9.476502935561856,4.008667412016622,9.750686010616432,[6],[],[],[],True,False,False,[]
wood_night_01:031244,wood_night_01,clean,ROLE_BOUNDARY_NO_MASK_ROBUST,N3_BASELINE_FALLBACK,False,True,True,9.476502935561856,4.008667412016622,9.750686010616432,[],[],[],[],False,,False,[]
wood_night_01:031298,wood_night_01,clean,ROLE_BOUNDARY_H_ROBUST,N3_BASELINE_FALLBACK,False,True,True,24.92204768750483,3.4850682889147446,25.040655868043093,[6],[],[],[],True,False,False,[]
wood_night_01:031298,wood_night_01,clean,ROLE_BOUNDARY_H_STANDARD,N3_BASELINE_FALLBACK,False,True,True,24.92204768750483,3.4850682889147446,25.040655868043093,[6],[],[],[],True,False,False,[]
wood_night_01:031298,wood_night_01,clean,ROLE_BOUNDARY_NO_MASK_ROBUST,N3_BASELINE_FALLBACK,False,True,True,24.92204768750483,3.4850682889147446,25.040655868043093,[],[],[],[],False,,False,[]
wood_night_01:031344,wood_night_01,clean,ROLE_BOUNDARY_H_ROBUST,N3_BASELINE_FALLBACK,False,True,True,168.7714034902282,86.72591503792124,175.20377039856382,[6],[],[],[],True,False,False,[]
wood_night_01:031344,wood_night_01,clean,ROLE_BOUNDARY_H_STANDARD,N3_BASELINE_FALLBACK,False,True,True,168.7714034902282,86.72591503792124,175.20377039856382,[6],[],[],[],True,False,False,[]
wood_night_01:031344,wood_night_01,clean,ROLE_BOUNDARY_NO_MASK_ROBUST,N3_BASELINE_FALLBACK,False,True,True,168.7714034902282,86.72591503792124,175.20377039856382,[],[],[],[],False,,False,[]
wood_night_01:031426,wood_night_01,clean,ROLE_BOUNDARY_H_ROBUST,N3_BASELINE_FALLBACK,False,True,True,174.7568271983788,81.68718716181729,180.98844156077627,"[6, 7]",[],[],[],True,True,False,[]
wood_night_01:031426,wood_night_01,clean,ROLE_BOUNDARY_H_STANDARD,N3_BASELINE_FALLBACK,False,True,True,174.7568271983788,81.68718716181729,180.98844156077627,"[6, 7]",[],[],[],True,True,False,[]
wood_night_01:031426,wood_night_01,clean,ROLE_BOUNDARY_NO_MASK_ROBUST,N3_BASELINE_FALLBACK,False,True,True,174.7568271983788,81.68718716181729,180.98844156077627,[],[],[],[],False,,False,[]
wood_night_01:031571,wood_night_01,clean,ROLE_BOUNDARY_H_ROBUST,N3_BASELINE_FALLBACK,False,True,True,164.79222172558548,81.6674363892432,172.45262220390157,[7],[],[],[],True,False,False,[]
wood_night_01:031571,wood_night_01,clean,ROLE_BOUNDARY_H_STANDARD,N3_BASELINE_FALLBACK,False,True,True,164.79222172558548,81.6674363892432,172.45262220390157,[7],[],[],[],True,False,False,[]
wood_night_01:031571,wood_night_01,clean,ROLE_BOUNDARY_NO_MASK_ROBUST,N3_BASELINE_FALLBACK,False,True,True,164.79222172558548,81.6674363892432,172.45262220390157,[],[],[],[],False,,False,[]
wood_night_01:031671,wood_night_01,clean,ROLE_BOUNDARY_H_ROBUST,N3_BASELINE_FALLBACK,False,True,True,167.92537200948746,88.12951624655447,175.19609981909667,"[6, 7]",[],[],[],True,False,False,[]
wood_night_01:031671,wood_night_01,clean,ROLE_BOUNDARY_H_STANDARD,N3_BASELINE_FALLBACK,False,True,True,167.92537200948746,88.12951624655447,175.19609981909667,"[6, 7]",[],[],[],True,False,False,[]
wood_night_01:031671,wood_night_01,clean,ROLE_BOUNDARY_NO_MASK_ROBUST,N3_BASELINE_FALLBACK,False,True,True,167.92537200948746,88.12951624655447,175.19609981909667,[],[],[],[],False,,False,[]
wood_night_01:031853,wood_night_01,clean,ROLE_BOUNDARY_H_ROBUST,N3_BASELINE_FALLBACK,False,True,True,4.842705842129921,3.3616167278823577,5.216149368687102,[6],[],[],[],True,False,False,[]
wood_night_01:031853,wood_night_01,clean,ROLE_BOUNDARY_H_STANDARD,N3_BASELINE_FALLBACK,False,True,True,4.842705842129921,3.3616167278823577,5.216149368687102,[6],[],[],[],True,False,False,[]
wood_night_01:031853,wood_night_01,clean,ROLE_BOUNDARY_NO_MASK_ROBUST,N3_BASELINE_FALLBACK,False,True,True,4.842705842129921,3.3616167278823577,5.216149368687102,[],[],[],[],False,,False,[]
wood_night_01:031953,wood_night_01,clean,ROLE_BOUNDARY_H_ROBUST,N3_BASELINE_FALLBACK,False,True,True,16.822885660322846,2.000973379643897,16.872945803182855,[6],[],[],[],True,False,False,[]
wood_night_01:031953,wood_night_01,clean,ROLE_BOUNDARY_H_STANDARD,N3_BASELINE_FALLBACK,False,True,True,16.822885660322846,2.000973379643897,16.872945803182855,[6],[],[],[],True,False,False,[]
wood_night_01:031953,wood_night_01,clean,ROLE_BOUNDARY_NO_MASK_ROBUST,N3_BASELINE_FALLBACK,False,True,True,16.822885660322846,2.000973379643897,16.872945803182855,[],[],[],[],False,,False,[]
wood_night_01:032089,wood_night_01,moderate,ROLE_BOUNDARY_H_ROBUST,NEW_POSE,True,False,True,15.735608179346922,2.0877458765757746,15.800485228320483,[6],"[0, 1, 4, 5]","[0, 1, 4, 5]","[0, 1, 4, 5]",True,False,True,[6]
wood_night_01:032089,wood_night_01,moderate,ROLE_BOUNDARY_H_STANDARD,NEW_POSE,True,False,True,15.735608179346922,2.0877458765757746,15.800485228320483,[6],"[0, 1, 4, 5]","[0, 1, 4, 5]","[0, 1, 4, 5]",True,False,True,[6]
wood_night_01:032089,wood_night_01,moderate,ROLE_BOUNDARY_NO_MASK_ROBUST,NEW_POSE,True,False,True,15.735608179346922,2.0877458765757746,15.800485228320483,[],"[0, 1, 4, 5]","[0, 1, 4, 5]","[0, 1, 4, 5]",False,,False,[]
wood_night_01:032167,wood_night_01,moderate,ROLE_BOUNDARY_H_ROBUST,N3_BASELINE_FALLBACK,False,True,True,32.64600892579741,85.65477273158241,72.13342707475017,[6],[],[],[],True,True,False,[]
wood_night_01:032167,wood_night_01,moderate,ROLE_BOUNDARY_H_STANDARD,N3_BASELINE_FALLBACK,False,True,True,32.64600892579741,85.65477273158241,72.13342707475017,[6],[],[],[],True,True,False,[]
wood_night_01:032167,wood_night_01,moderate,ROLE_BOUNDARY_NO_MASK_ROBUST,N3_BASELINE_FALLBACK,False,True,True,32.64600892579741,85.65477273158241,72.13342707475017,[],[],[],[],False,,False,[]
wood_night_01:032276,wood_night_01,moderate,ROLE_BOUNDARY_H_ROBUST,N3_BASELINE_FALLBACK,False,True,True,7.9046376978335315,5.871437044657749,8.583136096638192,"[6, 7]",[],[],"[0, 1]",True,False,False,[]
wood_night_01:032276,wood_night_01,moderate,ROLE_BOUNDARY_H_STANDARD,N3_BASELINE_FALLBACK,False,True,True,7.9046376978335315,5.871437044657749,8.583136096638192,"[6, 7]",[],[],"[0, 1]",True,False,False,[]
wood_night_01:032276,wood_night_01,moderate,ROLE_BOUNDARY_NO_MASK_ROBUST,N3_BASELINE_FALLBACK,False,True,True,7.9046376978335315,5.871437044657749,8.583136096638192,[],[],[],"[0, 1]",False,,False,[]
wood_night_01:032376,wood_night_01,moderate,ROLE_BOUNDARY_H_ROBUST,N3_BASELINE_FALLBACK,False,True,True,39.21701276552488,86.73926859586669,75.41411165027134,[7],[],[],[5],True,False,False,[]
wood_night_01:032376,wood_night_01,moderate,ROLE_BOUNDARY_H_STANDARD,N3_BASELINE_FALLBACK,False,True,True,39.21701276552488,86.73926859586669,75.41411165027134,[7],[],[],[5],True,False,False,[]
wood_night_01:032376,wood_night_01,moderate,ROLE_BOUNDARY_NO_MASK_ROBUST,N3_BASELINE_FALLBACK,False,True,True,39.21701276552488,86.73926859586669,75.41411165027134,[],[],[],[5],False,,False,[]
wood_night_01:032494,wood_night_01,moderate,ROLE_BOUNDARY_H_ROBUST,N3_BASELINE_FALLBACK,False,True,True,3.754023810837601,6.162686462088011,5.963762886534694,[7],[],[],[4],True,False,False,[]
wood_night_01:032494,wood_night_01,moderate,ROLE_BOUNDARY_H_STANDARD,N3_BASELINE_FALLBACK,False,True,True,3.754023810837601,6.162686462088011,5.963762886534694,[7],[],[],[4],True,False,False,[]
wood_night_01:032494,wood_night_01,moderate,ROLE_BOUNDARY_NO_MASK_ROBUST,N3_BASELINE_FALLBACK,False,True,True,3.754023810837601,6.162686462088011,5.963762886534694,[],[],[],[4],False,,False,[]
wood_night_01:032645,wood_night_01,moderate,ROLE_BOUNDARY_H_ROBUST,N3_BASELINE_FALLBACK,False,True,True,10.640690017858244,1.713089001419007,10.684262247389167,[7],[],[],[],True,False,False,[]
wood_night_01:032645,wood_night_01,moderate,ROLE_BOUNDARY_H_STANDARD,N3_BASELINE_FALLBACK,False,True,True,10.640690017858244,1.713089001419007,10.684262247389167,[7],[],[],[],True,False,False,[]
wood_night_01:032645,wood_night_01,moderate,ROLE_BOUNDARY_NO_MASK_ROBUST,N3_BASELINE_FALLBACK,False,True,True,10.640690017858244,1.713089001419007,10.684262247389167,[],[],[],[],False,,False,[]
wood_night_01:032781,wood_night_01,moderate,ROLE_BOUNDARY_H_ROBUST,N3_BASELINE_FALLBACK,False,True,True,25.420132202926283,88.90488273671434,71.72957163871226,[6],[],[],"[3, 4]",True,False,False,[]
wood_night_01:032781,wood_night_01,moderate,ROLE_BOUNDARY_H_STANDARD,N3_BASELINE_FALLBACK,False,True,True,25.420132202926283,88.90488273671434,71.72957163871226,[6],[],[],"[3, 4]",True,False,False,[]
wood_night_01:032781,wood_night_01,moderate,ROLE_BOUNDARY_NO_MASK_ROBUST,N3_BASELINE_FALLBACK,False,True,True,25.420132202926283,88.90488273671434,71.72957163871226,[],[],[],"[3, 4]",False,,False,[]
wood_night_01:032890,wood_night_01,moderate,ROLE_BOUNDARY_H_ROBUST,N3_BASELINE_FALLBACK,False,True,True,14.192911722648066,2.1002804260737555,14.260321063039594,[7],[],[],"[0, 4]",True,False,False,[]
wood_night_01:032890,wood_night_01,moderate,ROLE_BOUNDARY_H_STANDARD,N3_BASELINE_FALLBACK,False,True,True,14.192911722648066,2.1002804260737555,14.260321063039594,[7],[],[],"[0, 4]",True,False,False,[]
wood_night_01:032890,wood_night_01,moderate,ROLE_BOUNDARY_NO_MASK_ROBUST,N3_BASELINE_FALLBACK,False,True,True,14.192911722648066,2.1002804260737555,14.260321063039594,[],[],[],"[0, 4]",False,,False,[]
wood_night_01:033279,wood_night_01,moderate,ROLE_BOUNDARY_H_ROBUST,N3_BASELINE_FALLBACK,False,True,True,1.3933789076352063,3.03346296771709,2.3072829578705196,[7],[],[],[2],True,False,False,[]
wood_night_01:033279,wood_night_01,moderate,ROLE_BOUNDARY_H_STANDARD,N3_BASELINE_FALLBACK,False,True,True,1.3933789076352063,3.03346296771709,2.3072829578705196,[7],[],[],[2],True,False,False,[]
wood_night_01:033279,wood_night_01,moderate,ROLE_BOUNDARY_NO_MASK_ROBUST,N3_BASELINE_FALLBACK,False,True,True,1.3933789076352063,3.03346296771709,2.3072829578705196,[],[],[],[2],False,,False,[]
wood_night_01:033297,wood_night_01,moderate,ROLE_BOUNDARY_H_ROBUST,N3_BASELINE_FALLBACK,False,True,True,23.882226114927395,2.139906190918855,23.901772295053025,[7],[],[],[4],True,False,False,[]
wood_night_01:033297,wood_night_01,moderate,ROLE_BOUNDARY_H_STANDARD,N3_BASELINE_FALLBACK,False,True,True,23.882226114927395,2.139906190918855,23.901772295053025,[7],[],[],[4],True,False,False,[]
wood_night_01:033297,wood_night_01,moderate,ROLE_BOUNDARY_NO_MASK_ROBUST,N3_BASELINE_FALLBACK,False,True,True,23.882226114927395,2.139906190918855,23.901772295053025,[],[],[],[4],False,,False,[]
wood_night_01:033640,wood_night_01,moderate,ROLE_BOUNDARY_H_ROBUST,N3_BASELINE_FALLBACK,False,True,True,6.954815880660645,2.1652046202923465,7.057071609469413,[7],[],[],"[0, 4]",True,False,False,[]
wood_night_01:033640,wood_night_01,moderate,ROLE_BOUNDARY_H_STANDARD,N3_BASELINE_FALLBACK,False,True,True,6.954815880660645,2.1652046202923465,7.057071609469413,[7],[],[],"[0, 4]",True,False,False,[]
wood_night_01:033640,wood_night_01,moderate,ROLE_BOUNDARY_NO_MASK_ROBUST,N3_BASELINE_FALLBACK,False,True,True,6.954815880660645,2.1652046202923465,7.057071609469413,[],[],[],"[0, 4]",False,,False,[]
eval_cad:1778653003088339968,eval_cad,clean,BASE,FRESH_FIXED_CONTROL,False,False,True,2.5470296815521194,1.4511865587659942,3.004394949724964,[],[],[],[],False,,False,[]
eval_cad:1778653003088339968,eval_cad,clean,N3_SUBPIX,FRESH_FIXED_CONTROL,False,False,True,0.92289727080993,1.2227488906181714,1.5781198120798274,[],[],[],[],False,,False,[]
eval_cad:1778653006783606016,eval_cad,clean,BASE,FRESH_FIXED_CONTROL,False,False,True,1.244467102985557,1.8945894105349406,2.11282973974617,[],[],[],[],False,,False,[]
eval_cad:1778653006783606016,eval_cad,clean,N3_SUBPIX,FRESH_FIXED_CONTROL,False,False,True,0.8824795839039992,1.5895173575589052,1.860771731070023,[],[],[],[],False,,False,[]
eval_cad:1778653007724386048,eval_cad,clean,BASE,FRESH_FIXED_CONTROL,False,False,True,2.21301307431637,2.5388775343237744,3.338718366615529,[],[],[],[],False,,False,[]
eval_cad:1778653007724386048,eval_cad,clean,N3_SUBPIX,FRESH_FIXED_CONTROL,False,False,True,0.8558788838406826,1.7921473425411412,2.1906380449212453,[],[],[],[],False,,False,[]
eval_cad:1778653017736058368,eval_cad,moderate,BASE,FRESH_FIXED_CONTROL,False,False,True,3.016969106161304,1.5567830637552298,3.3685665894296433,[],[],[],[],False,,False,[]
eval_cad:1778653017736058368,eval_cad,moderate,N3_SUBPIX,FRESH_FIXED_CONTROL,False,False,True,1.9892182858052287,1.2815433922869333,2.3470720048489007,[],[],[],[],False,,False,[]
eval_cad:1778653018878592768,eval_cad,moderate,BASE,FRESH_FIXED_CONTROL,False,False,True,2.850435614906794,2.2577768695658893,3.7441432639271564,[],[],[],[],False,,False,[]
eval_cad:1778653018878592768,eval_cad,moderate,N3_SUBPIX,FRESH_FIXED_CONTROL,False,False,True,2.5234764672359997,1.6203899496891845,2.9842791866304097,[],[],[],[],False,,False,[]
eval_cad:1778653029965134592,eval_cad,clean,BASE,FRESH_FIXED_CONTROL,False,False,True,0.4723314122896203,3.6055151982650915,3.65583149184604,[],[],[],[],False,,False,[]
eval_cad:1778653029965134592,eval_cad,clean,N3_SUBPIX,FRESH_FIXED_CONTROL,False,False,True,0.5428445343519599,2.4603395071058154,2.599415508502446,[],[],[],[],False,,False,[]
eval_cad:1778653030032337920,eval_cad,clean,BASE,FRESH_FIXED_CONTROL,False,False,True,1.6846487964259014,3.5957520727332386,3.6418354453138404,[],[],[],[],False,,False,[]
eval_cad:1778653030032337920,eval_cad,clean,N3_SUBPIX,FRESH_FIXED_CONTROL,False,False,True,1.2855035757071664,2.4090687721636526,2.4858681093101516,[],[],[],[],False,,False,[]
eval_cad:1778653030099587072,eval_cad,clean,BASE,FRESH_FIXED_CONTROL,False,False,True,0.8718349294470391,3.4643626641937293,3.5384372382048066,[],[],[],[],False,,False,[]
eval_cad:1778653030099587072,eval_cad,clean,N3_SUBPIX,FRESH_FIXED_CONTROL,False,False,True,0.4972805147764011,2.608431264899984,2.7179927653167124,[],[],[],[],False,,False,[]
eval_cad:1778653030166875904,eval_cad,clean,BASE,FRESH_FIXED_CONTROL,False,False,True,0.889339793138967,3.339760664602855,3.3813409487693575,[],[],[],[],False,,False,[]
eval_cad:1778653030166875904,eval_cad,clean,N3_SUBPIX,FRESH_FIXED_CONTROL,False,False,True,0.3833964093959539,2.9004178843299906,2.9717034309625,[],[],[],[],False,,False,[]
eval_cad:1778653030233998336,eval_cad,clean,BASE,FRESH_FIXED_CONTROL,False,False,True,1.2509760633423395,2.3924159216835768,2.5735648741955717,[],[],[],[],False,,False,[]
eval_cad:1778653030233998336,eval_cad,clean,N3_SUBPIX,FRESH_FIXED_CONTROL,False,False,True,1.208023166168952,1.7511024263629686,2.0235598529960255,[],[],[],[],False,,False,[]
eval_cad:1778653030939714816,eval_cad,clean,BASE,FRESH_FIXED_CONTROL,False,False,True,1.281772703666744,3.4595898824783213,3.631567749021218,[],[],[],[],False,,False,[]
eval_cad:1778653030939714816,eval_cad,clean,N3_SUBPIX,FRESH_FIXED_CONTROL,False,False,True,1.4915285310882622,2.8988432280519554,3.1997733085512943,[],[],[],[],False,,False,[]
eval_cad:1778653031275751936,eval_cad,clean,BASE,FRESH_FIXED_CONTROL,False,False,True,1.4090810332023274,1.6373920735357363,2.1153410503153744,[],[],[],[],False,,False,[]
eval_cad:1778653031275751936,eval_cad,clean,N3_SUBPIX,FRESH_FIXED_CONTROL,False,False,True,1.9206040659307637,1.5765822001808385,2.437000005297236,[],[],[],[],False,,False,[]
eval_cad:1778653033056483584,eval_cad,clean,BASE,FRESH_FIXED_CONTROL,False,False,True,3.3798657451849325,1.715555635657884,3.8570410697950344,[],[],[],[],False,,False,[]
eval_cad:1778653033056483584,eval_cad,clean,N3_SUBPIX,FRESH_FIXED_CONTROL,False,False,True,1.7138450704275194,1.4776436512287807,2.414313775020828,[],[],[],[],False,,False,[]
eval_cad:1778653041187027200,eval_cad,moderate,BASE,FRESH_FIXED_CONTROL,False,False,True,2.1200581055928107,2.5454858265896467,3.2873765701869977,[],[],[],[],False,,False,[]
eval_cad:1778653041187027200,eval_cad,moderate,N3_SUBPIX,FRESH_FIXED_CONTROL,False,False,True,1.510270163293827,2.1068856445970656,2.6243933470151024,[],[],[],[],False,,False,[]
eval_cad:1778653055734035712,eval_cad,clean,BASE,FRESH_FIXED_CONTROL,False,False,True,2.677271621046943,1.5063382505593144,3.122561722287318,[],[],[],[],False,,False,[]
eval_cad:1778653055734035712,eval_cad,clean,N3_SUBPIX,FRESH_FIXED_CONTROL,False,False,True,2.483251909174911,1.1627050130075303,2.749698125492058,[],[],[],[],False,,False,[]
eval_cad:1778653055801377280,eval_cad,clean,BASE,FRESH_FIXED_CONTROL,False,False,True,3.9157735122019344,2.4716958671858524,4.644716499695527,[],[],[],[],False,,False,[]
eval_cad:1778653055801377280,eval_cad,clean,N3_SUBPIX,FRESH_FIXED_CONTROL,False,False,True,4.37271420519506,2.1293406098852965,4.833047537691831,[],[],[],[],False,,False,[]
eval_cad:1778653055868669952,eval_cad,clean,BASE,FRESH_FIXED_CONTROL,False,False,True,2.9298622926886524,1.795464788579518,3.523647561023935,[],[],[],[],False,,False,[]
eval_cad:1778653055868669952,eval_cad,clean,N3_SUBPIX,FRESH_FIXED_CONTROL,False,False,True,2.930481677900733,1.6333214559488682,3.43826924509948,[],[],[],[],False,,False,[]
eval_cad:1778653056137140480,eval_cad,clean,BASE,FRESH_FIXED_CONTROL,False,False,True,2.4733514236844565,2.9085543322695186,3.838901800152966,[],[],[],[],False,,False,[]
eval_cad:1778653056137140480,eval_cad,clean,N3_SUBPIX,FRESH_FIXED_CONTROL,False,False,True,2.2918468756096675,1.8176433605042994,2.9354563822647446,[],[],[],[],False,,False,[]
eval_night08:1779449499143611648,eval_night08,moderate,BASE,FRESH_FIXED_CONTROL,False,False,True,14.379819408296418,2.9618700810369947,14.675398423869229,[],[],[],[],False,,False,[]
eval_night08:1779449499143611648,eval_night08,moderate,N3_SUBPIX,FRESH_FIXED_CONTROL,False,False,True,13.742244741572437,2.867458631027197,14.03244449121242,[],[],[],[],False,,False,[]
eval_night08:1779449501478488320,eval_night08,moderate,BASE,FRESH_FIXED_CONTROL,False,False,True,4.949033494238692,1.9975194725749177,5.388453436362619,[],[],[],[],False,,False,[]
eval_night08:1779449501478488320,eval_night08,moderate,N3_SUBPIX,FRESH_FIXED_CONTROL,False,False,True,3.9093212665797212,1.8549748561561314,4.395096871814832,[],[],[],[],False,,False,[]
eval_night09:1779449649655479552,eval_night09,moderate,BASE,FRESH_FIXED_CONTROL,False,False,True,7.223165100338525,1.5162034086856477,7.414913427500103,[],[],[],[],False,,False,[]
eval_night09:1779449649655479552,eval_night09,moderate,N3_SUBPIX,FRESH_FIXED_CONTROL,False,False,True,4.75807507601903,1.6540204675870793,5.117186873114232,[],[],[],[],False,,False,[]
eval_night09:1779449656527024896,eval_night09,moderate,BASE,FRESH_FIXED_CONTROL,False,False,True,4.8349752423394,1.5094601166094435,5.095761294319742,[],[],[],[],False,,False,[]
eval_night09:1779449656527024896,eval_night09,moderate,N3_SUBPIX,FRESH_FIXED_CONTROL,False,False,True,5.419383267065684,1.4089612506715024,5.645422018371896,[],[],[],[],False,,False,[]
eval_noapril:1775201414728017664,eval_noapril,clean,BASE,FRESH_FIXED_CONTROL,False,False,True,6.218093921973087,1.4981050896067163,6.3715048252539805,[],[],[],[],False,,False,[]
eval_noapril:1775201414728017664,eval_noapril,clean,N3_SUBPIX,FRESH_FIXED_CONTROL,False,False,True,3.2690886711655787,1.8155600298327892,3.7315250759798024,[],[],[],[],False,,False,[]
eval_noapril:1775201415399297536,eval_noapril,clean,BASE,FRESH_FIXED_CONTROL,False,False,True,9.498387080635148,1.6107769677226185,9.602221460393217,[],[],[],[],False,,False,[]
eval_noapril:1775201415399297536,eval_noapril,clean,N3_SUBPIX,FRESH_FIXED_CONTROL,False,False,True,2.880210619783908,1.6783139933804878,3.3072726062732483,[],[],[],[],False,,False,[]
eval_noapril:1775201416944730624,eval_noapril,clean,BASE,FRESH_FIXED_CONTROL,False,False,True,8.125923895235898,0.8406493879863237,8.1693850017578,[],[],[],[],False,,False,[]
eval_noapril:1775201416944730624,eval_noapril,clean,N3_SUBPIX,FRESH_FIXED_CONTROL,False,False,True,3.4201989443644285,0.3443434554771856,3.4357325577436355,[],[],[],[],False,,False,[]
eval_noapril:1775201418120676608,eval_noapril,clean,BASE,FRESH_FIXED_CONTROL,False,False,True,6.46785691416571,0.6751137513699071,6.507205314677819,[],[],[],[],False,,False,[]
eval_noapril:1775201418120676608,eval_noapril,clean,N3_SUBPIX,FRESH_FIXED_CONTROL,False,False,True,2.9646370794640253,0.10441029866375666,2.966195228583507,[],[],[],[],False,,False,[]
eval_noapril:1775201421043401984,eval_noapril,clean,BASE,FRESH_FIXED_CONTROL,False,False,True,6.273244610221061,0.7696288399970351,6.311850061501256,[],[],[],[],False,,False,[]
eval_noapril:1775201421043401984,eval_noapril,clean,N3_SUBPIX,FRESH_FIXED_CONTROL,False,False,True,4.223105075054566,1.2200072099025525,4.3464356418875205,[],[],[],[],False,,False,[]
eval_noapril:1775201428535961600,eval_noapril,clean,BASE,FRESH_FIXED_CONTROL,False,False,True,5.660069997354524,1.0809190301397997,5.758207900177801,[],[],[],[],False,,False,[]
eval_noapril:1775201428535961600,eval_noapril,clean,N3_SUBPIX,FRESH_FIXED_CONTROL,False,False,True,3.4493863958765054,0.674586838984777,3.508478867117651,[],[],[],[],False,,False,[]
eval_noapril:1775201429879521792,eval_noapril,clean,BASE,FRESH_FIXED_CONTROL,False,False,True,5.93629179838524,1.4524308673388209,6.078079765163025,[],[],[],[],False,,False,[]
eval_noapril:1775201429879521792,eval_noapril,clean,N3_SUBPIX,FRESH_FIXED_CONTROL,False,False,True,5.077482656221402,1.427527671930962,5.234756747508372,[],[],[],[],False,,False,[]
eval_noapril:1775201430551447040,eval_noapril,clean,BASE,FRESH_FIXED_CONTROL,False,False,True,11.994855702980727,0.5423715704793443,12.005626899692665,[],[],[],[],False,,False,[]
eval_noapril:1775201430551447040,eval_noapril,clean,N3_SUBPIX,FRESH_FIXED_CONTROL,False,False,True,8.618309689472936,0.8652203328177159,8.653787787174739,[],[],[],[],False,,False,[]
eval_noapril:1775201430786751744,eval_noapril,clean,BASE,FRESH_FIXED_CONTROL,False,False,True,5.872925722795706,0.3323165841706897,5.880908647014958,[],[],[],[],False,,False,[]
eval_noapril:1775201430786751744,eval_noapril,clean,N3_SUBPIX,FRESH_FIXED_CONTROL,False,False,True,3.704090012694558,1.1540616265000307,3.870522747966755,[],[],[],[],False,,False,[]
eval_noapril:1775201436800711168,eval_noapril,clean,BASE,FRESH_FIXED_CONTROL,False,False,True,3.9849910256957983,1.5842598551439147,4.259761150594672,[],[],[],[],False,,False,[]
eval_noapril:1775201436800711168,eval_noapril,clean,N3_SUBPIX,FRESH_FIXED_CONTROL,False,False,True,4.218976748392771,1.9785677730363476,4.595798722479678,[],[],[],[],False,,False,[]
eval_noapril:1775201442546213120,eval_noapril,clean,BASE,FRESH_FIXED_CONTROL,False,False,True,3.1639627009900915,0.6097284846228195,3.216048133287236,[],[],[],[],False,,False,[]
eval_noapril:1775201442546213120,eval_noapril,clean,N3_SUBPIX,FRESH_FIXED_CONTROL,False,False,True,2.6918845473520725,0.9687261507974934,2.8435515112095784,[],[],[],[],False,,False,[]
eval_noapril:1775201443822140928,eval_noapril,clean,BASE,FRESH_FIXED_CONTROL,False,False,True,2.803836163425102,0.18220397983187675,2.8093323283214913,[],[],[],[],False,,False,[]
eval_noapril:1775201443822140928,eval_noapril,clean,N3_SUBPIX,FRESH_FIXED_CONTROL,False,False,True,2.2301275524635478,0.38445127969227794,2.259535621993395,[],[],[],[],False,,False,[]
eval_outside:1778651519235162880,eval_outside,moderate,BASE,FRESH_FIXED_CONTROL,False,False,True,10.933470060538438,0.6219150534305325,10.953601416635594,[],[],[],[],False,,False,[]
eval_outside:1778651519235162880,eval_outside,moderate,N3_SUBPIX,FRESH_FIXED_CONTROL,False,False,True,5.2413619383596055,0.7169626113660198,5.295159415588744,[],[],[],[],False,,False,[]
eval_outside:1778651530691638016,eval_outside,moderate,BASE,FRESH_FIXED_CONTROL,False,False,True,12.147921837038133,1.5583853556466947,12.240623843004238,[],[],[],[],False,,False,[]
eval_outside:1778651530691638016,eval_outside,moderate,N3_SUBPIX,FRESH_FIXED_CONTROL,False,False,True,3.7640356932577737,1.7592677191829955,4.213645136355802,[],[],[],[],False,,False,[]
eval_outside:1778651579029250816,eval_outside,moderate,BASE,FRESH_FIXED_CONTROL,False,False,True,12.619797827736676,1.72658177316637,12.732104924618445,[],[],[],[],False,,False,[]
eval_outside:1778651579029250816,eval_outside,moderate,N3_SUBPIX,FRESH_FIXED_CONTROL,False,False,True,5.090743994516318,0.8993634387263697,5.153594487021608,[],[],[],[],False,,False,[]
eval_outside:1778653367706938112,eval_outside,clean,BASE,FRESH_FIXED_CONTROL,False,False,True,9.978307672577651,89.4792849588053,120.10690293388153,[],[],[],[],False,,False,[]
eval_outside:1778653367706938112,eval_outside,clean,N3_SUBPIX,FRESH_FIXED_CONTROL,False,False,True,11.66895963890919,89.76763723821307,120.50018590245881,[],[],[],[],False,,False,[]
eval_outside:1778653508779767808,eval_outside,clean,BASE,FRESH_FIXED_CONTROL,False,False,True,13.242943078506574,9.893032523981557,17.333746689708114,[],[],[],[],False,,False,[]
eval_outside:1778653508779767808,eval_outside,clean,N3_SUBPIX,FRESH_FIXED_CONTROL,False,False,True,84.5358758474675,85.71636746870949,129.9856996120705,[],[],[],[],False,,False,[]
eval_outside:1778653526955536896,eval_outside,clean,BASE,FRESH_FIXED_CONTROL,False,False,True,8.29171973628669,0.8371702866128006,8.343437453112674,[],[],[],[],False,,False,[]
eval_outside:1778653526955536896,eval_outside,clean,N3_SUBPIX,FRESH_FIXED_CONTROL,False,False,True,2.6072857691435867,0.6925601483817545,2.7041762425199423,[],[],[],[],False,,False,[]
eval_outside:1778653540259983104,eval_outside,clean,BASE,FRESH_FIXED_CONTROL,False,False,True,9.207720932393325,0.9982706466138412,9.267456284357525,[],[],[],[],False,,False,[]
eval_outside:1778653540259983104,eval_outside,clean,N3_SUBPIX,FRESH_FIXED_CONTROL,False,False,True,8.37917714261968,0.9205568374840406,8.431700422213503,[],[],[],[],False,,False,[]
eval_outside:1778653545299653120,eval_outside,clean,BASE,FRESH_FIXED_CONTROL,False,False,True,5.348720934903917,2.3763499295671937,6.003252657767286,[],[],[],[],False,,False,[]
eval_outside:1778653545299653120,eval_outside,clean,N3_SUBPIX,FRESH_FIXED_CONTROL,False,False,True,5.510995365026994,2.3524683707036336,6.159647268904902,[],[],[],[],False,,False,[]
eval_pallet07:1778652128369383168,eval_pallet07,moderate,BASE,FRESH_FIXED_CONTROL,False,False,True,7.742544873367501,1.9106415385892244,8.032984634187528,[],[],[],[],False,,False,[]
eval_pallet07:1778652128369383168,eval_pallet07,moderate,N3_SUBPIX,FRESH_FIXED_CONTROL,False,False,True,4.953272280734859,2.0086962990473793,5.460732046702568,[],[],[],[],False,,False,[]
eval_pallet07:1778652130452698368,eval_pallet07,moderate,BASE,FRESH_FIXED_CONTROL,False,False,True,5.817750676947645,1.2870629643248845,5.987692485202318,[],[],[],[],False,,False,[]
eval_pallet07:1778652130452698368,eval_pallet07,moderate,N3_SUBPIX,FRESH_FIXED_CONTROL,False,False,True,4.513568135426818,1.507456385747746,4.79949993853422,[],[],[],[],False,,False,[]
eval_pallet07:1778652132535256576,eval_pallet07,moderate,BASE,FRESH_FIXED_CONTROL,False,False,True,5.317546782138303,1.8091582299805198,5.673256269139661,[],[],[],[],False,,False,[]
eval_pallet07:1778652132535256576,eval_pallet07,moderate,N3_SUBPIX,FRESH_FIXED_CONTROL,False,False,True,3.468449416385712,1.4857132504322244,3.8484829740604103,[],[],[],[],False,,False,[]
eval_pallet07:1778652134517495552,eval_pallet07,moderate,BASE,FRESH_FIXED_CONTROL,False,False,True,4.119083950036907,1.4811737813193324,4.428126280138218,[],[],[],[],False,,False,[]
eval_pallet07:1778652134517495552,eval_pallet07,moderate,N3_SUBPIX,FRESH_FIXED_CONTROL,False,False,True,3.895990850671309,0.5341571125917449,3.9369354820060027,[],[],[],[],False,,False,[]
eval_pallet07:1778652136533958400,eval_pallet07,moderate,BASE,FRESH_FIXED_CONTROL,False,False,True,2.6141796922462053,1.1688822780545478,2.814720671486375,[],[],[],[],False,,False,[]
eval_pallet07:1778652136533958400,eval_pallet07,moderate,N3_SUBPIX,FRESH_FIXED_CONTROL,False,False,True,1.5582095853782938,0.9534630634689337,1.9018210390903092,[],[],[],[],False,,False,[]
eval_pallet07:1778652138515809024,eval_pallet07,moderate,BASE,FRESH_FIXED_CONTROL,False,False,True,5.36205178287247,0.355312990471535,5.373819592205494,[],[],[],[],False,,False,[]
eval_pallet07:1778652138515809024,eval_pallet07,moderate,N3_SUBPIX,FRESH_FIXED_CONTROL,False,False,True,2.188808862710108,0.4545808018288557,2.2469143744839664,[],[],[],[],False,,False,[]
eval_pallet07:1778652150610404864,eval_pallet07,moderate,BASE,FRESH_FIXED_CONTROL,False,False,True,7.79389198252914,2.2959234827800863,8.099631846949332,[],[],[],[],False,,False,[]
eval_pallet07:1778652150610404864,eval_pallet07,moderate,N3_SUBPIX,FRESH_FIXED_CONTROL,False,False,True,6.603406149952876,2.451708262753612,7.061656385015885,[],[],[],[],False,,False,[]
eval_pallet07:1778652166837872128,eval_pallet07,moderate,BASE,FRESH_FIXED_CONTROL,False,False,True,10.319312897385402,4.703626703547538,11.292751194944966,[],[],[],[],False,,False,[]
eval_pallet07:1778652166837872128,eval_pallet07,moderate,N3_SUBPIX,FRESH_FIXED_CONTROL,False,False,True,9.18128008595039,4.807546216994989,10.50192100772341,[],[],[],[],False,,False,[]
eval_pallet07:1778652168786111744,eval_pallet07,moderate,BASE,FRESH_FIXED_CONTROL,False,False,True,5.907052382440734,3.006176352394666,6.732584291889303,[],[],[],[],False,,False,[]
eval_pallet07:1778652168786111744,eval_pallet07,moderate,N3_SUBPIX,FRESH_FIXED_CONTROL,False,False,True,6.981995478663158,2.749823382730177,7.508203786168849,[],[],[],[],False,,False,[]
eval_pallet07:1778652172717607680,eval_pallet07,moderate,BASE,FRESH_FIXED_CONTROL,False,False,True,1.6908741091756447,1.4479199011755717,2.1838359250978776,[],[],[],[],False,,False,[]
eval_pallet07:1778652172717607680,eval_pallet07,moderate,N3_SUBPIX,FRESH_FIXED_CONTROL,False,False,True,1.0875368999973234,0.9644211962433246,1.42302058015834,[],[],[],[],False,,False,[]
eval_pallet07:1778652174598774528,eval_pallet07,moderate,BASE,FRESH_FIXED_CONTROL,False,False,True,2.0222161966714722,1.7752011487537533,3.0897799610348224,[],[],[],[],False,,False,[]
eval_pallet07:1778652174598774528,eval_pallet07,moderate,N3_SUBPIX,FRESH_FIXED_CONTROL,False,False,True,2.272164324854476,1.6054673096946583,2.997421112074196,[],[],[],[],False,,False,[]
eval_pallet09:1778653661653195264,eval_pallet09,moderate,BASE,FRESH_FIXED_CONTROL,False,False,True,15.104667956510417,77.0195946859075,106.66891401525247,[],[],[],[],False,,False,[]
eval_pallet09:1778653661653195264,eval_pallet09,moderate,N3_SUBPIX,FRESH_FIXED_CONTROL,False,False,True,19.956926183071612,77.20438518041016,107.33741880300094,[],[],[],[],False,,False,[]
eval_pallet09:1778653664407620608,eval_pallet09,moderate,BASE,FRESH_FIXED_CONTROL,False,False,True,7.015972441413484,83.70485218901608,113.71295674416196,[],[],[],[],False,,False,[]
eval_pallet09:1778653664407620608,eval_pallet09,moderate,N3_SUBPIX,FRESH_FIXED_CONTROL,False,False,True,6.813923283729165,84.20861489458918,114.25477132483692,[],[],[],[],False,,False,[]
eval_pallet09:1778653674184865536,eval_pallet09,moderate,BASE,FRESH_FIXED_CONTROL,False,False,True,2.942281462972311,1.8447656971867177,3.769978199541997,[],[],[],[],False,,False,[]
eval_pallet09:1778653674184865536,eval_pallet09,moderate,N3_SUBPIX,FRESH_FIXED_CONTROL,False,False,True,3.915404383933505,1.9436251723377975,4.452635866503312,[],[],[],[],False,,False,[]
eval_pallet09:1778653704118966272,eval_pallet09,moderate,BASE,FRESH_FIXED_CONTROL,False,False,True,10.625190157464717,88.80731768788733,119.35659510273062,[],[],[],[],False,,False,[]
eval_pallet09:1778653704118966272,eval_pallet09,moderate,N3_SUBPIX,FRESH_FIXED_CONTROL,False,False,True,10.887120329165514,88.02840694056597,118.53513660761938,[],[],[],[],False,,False,[]
eval_pallet09:1778653706706429696,eval_pallet09,moderate,BASE,FRESH_FIXED_CONTROL,False,False,True,29.881480138506028,88.7016937386666,121.23894804412103,[],[],[],[],False,,False,[]
eval_pallet09:1778653706706429696,eval_pallet09,moderate,N3_SUBPIX,FRESH_FIXED_CONTROL,False,False,True,37.94122627967794,87.53426845760205,121.34476566792532,[],[],[],[],False,,False,[]
eval_pallet09:1778653709259341568,eval_pallet09,moderate,BASE,FRESH_FIXED_CONTROL,False,False,True,19.159993564144447,88.01520535095703,119.22706811796648,[],[],[],[],False,,False,[]
eval_pallet09:1778653709259341568,eval_pallet09,moderate,N3_SUBPIX,FRESH_FIXED_CONTROL,False,False,True,23.810081152005992,88.3287561547432,120.0293380773351,[],[],[],[],False,,False,[]
eval_pallet09:1778653711544007680,eval_pallet09,moderate,BASE,FRESH_FIXED_CONTROL,False,False,True,26.062541116003295,2.4024295496594337,26.181535922894245,[],[],[],[],False,,False,[]
eval_pallet09:1778653711544007680,eval_pallet09,moderate,N3_SUBPIX,FRESH_FIXED_CONTROL,False,False,True,23.883213740736327,2.389276668184266,24.005211560580637,[],[],[],[],False,,False,[]
eval_pallet09:1778653713962971904,eval_pallet09,moderate,BASE,FRESH_FIXED_CONTROL,False,False,True,11.241354885121346,89.21573491689233,119.8111604264673,[],[],[],[],False,,False,[]
eval_pallet09:1778653713962971904,eval_pallet09,moderate,N3_SUBPIX,FRESH_FIXED_CONTROL,False,False,True,11.187883857431661,88.22897644340954,118.7610894834284,[],[],[],[],False,,False,[]
eval_pallet09:1778653721118964736,eval_pallet09,moderate,BASE,FRESH_FIXED_CONTROL,False,False,True,20.440745539536817,90.00917492050102,121.19138743954359,[],[],[],[],False,,False,[]
eval_pallet09:1778653721118964736,eval_pallet09,moderate,N3_SUBPIX,FRESH_FIXED_CONTROL,False,False,True,22.082443656447527,89.24640958476445,120.81103629284166,[],[],[],[],False,,False,[]
eval_pallet09:1778653723571790336,eval_pallet09,moderate,BASE,FRESH_FIXED_CONTROL,False,False,True,12.01152744750751,87.87808020097218,118.51329577706946,[],[],[],[],False,,False,[]
eval_pallet09:1778653723571790336,eval_pallet09,moderate,N3_SUBPIX,FRESH_FIXED_CONTROL,False,False,True,7.769716488982674,1.9539045256182548,8.066698826382536,[],[],[],[],False,,False,[]
eval_pallet09:1778653730458996736,eval_pallet09,moderate,BASE,FRESH_FIXED_CONTROL,False,False,True,13.484183274656687,89.88849019696838,120.74620734641432,[],[],[],[],False,,False,[]
eval_pallet09:1778653730458996736,eval_pallet09,moderate,N3_SUBPIX,FRESH_FIXED_CONTROL,False,False,True,13.93614590180402,89.77763362360415,120.65751278347467,[],[],[],[],False,,False,[]
eval_pallet09:1778653738858078976,eval_pallet09,moderate,BASE,FRESH_FIXED_CONTROL,False,False,True,14.618727789517525,87.78135604053223,118.58514215284434,[],[],[],[],False,,False,[]
eval_pallet09:1778653738858078976,eval_pallet09,moderate,N3_SUBPIX,FRESH_FIXED_CONTROL,False,False,True,4.506711823752683,1.8330903808001147,4.957148186693107,[],[],[],[],False,,False,[]
plastic_day_01:005516,plastic_day_01,clean,BASE,FRESH_FIXED_CONTROL,False,False,True,11.61074805121801,0.9244256580108589,11.644597635170918,[],[],[],[],False,,False,[]
plastic_day_01:005516,plastic_day_01,clean,N3_SUBPIX,FRESH_FIXED_CONTROL,False,False,True,1.5577680476128957,0.61900871353413,1.6554393798595912,[],[],[],[],False,,False,[]
plastic_day_01:005838,plastic_day_01,clean,BASE,FRESH_FIXED_CONTROL,False,False,True,4.033251225063485,1.1468512328368465,4.175263440156299,[],[],[],[],False,,False,[]
plastic_day_01:005838,plastic_day_01,clean,N3_SUBPIX,FRESH_FIXED_CONTROL,False,False,True,1.5950065992579205,1.518027120764745,2.156190280072425,[],[],[],[],False,,False,[]
plastic_day_01:007666,plastic_day_01,clean,BASE,FRESH_FIXED_CONTROL,False,False,True,8.607492312840058,0.47175285583984766,8.619550558984326,[],[],[],[],False,,False,[]
plastic_day_01:007666,plastic_day_01,clean,N3_SUBPIX,FRESH_FIXED_CONTROL,False,False,True,0.36535844863748324,0.6473336457863793,0.7310148941115895,[],[],[],[],False,,False,[]
plastic_day_01:007773,plastic_day_01,clean,BASE,FRESH_FIXED_CONTROL,False,False,True,12.662975684401529,0.7470397087342562,12.69158977790091,[],[],[],[],False,,False,[]
plastic_day_01:007773,plastic_day_01,clean,N3_SUBPIX,FRESH_FIXED_CONTROL,False,False,True,0.2991645574530969,0.2428885401346795,0.3877016648996454,[],[],[],[],False,,False,[]
plastic_day_01:007881,plastic_day_01,clean,BASE,FRESH_FIXED_CONTROL,False,False,True,16.34991675105222,81.9139286802624,112.28161084420556,[],[],[],[],False,,False,[]
plastic_day_01:007881,plastic_day_01,clean,N3_SUBPIX,FRESH_FIXED_CONTROL,False,False,True,4.508923208846081,1.2101557312659728,4.676131762947054,[],[],[],[],False,,False,[]
plastic_day_01:007917,plastic_day_01,clean,BASE,FRESH_FIXED_CONTROL,False,False,True,28.291050442619447,81.57584418136274,113.38065813130905,[],[],[],[],False,,False,[]
plastic_day_01:007917,plastic_day_01,clean,N3_SUBPIX,FRESH_FIXED_CONTROL,False,False,True,1.9252204774669057,1.4568191745392571,2.4944909302255964,[],[],[],[],False,,False,[]
plastic_day_01:007952,plastic_day_01,clean,BASE,FRESH_FIXED_CONTROL,False,False,True,14.254588292779246,0.961086148027028,14.292505150105686,[],[],[],[],False,,False,[]
plastic_day_01:007952,plastic_day_01,clean,N3_SUBPIX,FRESH_FIXED_CONTROL,False,False,True,1.0558303557913387,1.2871403782164679,1.9435864795720188,[],[],[],[],False,,False,[]
plastic_day_01:008024,plastic_day_01,clean,BASE,FRESH_FIXED_CONTROL,False,False,True,12.49233531688306,1.458382246639142,12.56922872198783,[],[],[],[],False,,False,[]
plastic_day_01:008024,plastic_day_01,clean,N3_SUBPIX,FRESH_FIXED_CONTROL,False,False,True,0.9278500996585075,0.6144858925770318,1.0926484965188246,[],[],[],[],False,,False,[]
plastic_day_01:008239,plastic_day_01,clean,BASE,FRESH_FIXED_CONTROL,False,False,True,15.830648474122963,0.8200106186255686,15.850639695171697,[],[],[],[],False,,False,[]
plastic_day_01:008239,plastic_day_01,clean,N3_SUBPIX,FRESH_FIXED_CONTROL,False,False,True,3.712357214048303,0.7753285176938345,3.7834183860282784,[],[],[],[],False,,False,[]
plastic_day_01:008275,plastic_day_01,clean,BASE,FRESH_FIXED_CONTROL,False,False,True,15.21391201624176,0.8549390105415346,15.238908768432685,[],[],[],[],False,,False,[]
plastic_day_01:008275,plastic_day_01,clean,N3_SUBPIX,FRESH_FIXED_CONTROL,False,False,True,1.4930207730562657,0.706387883372381,1.6209499455825929,[],[],[],[],False,,False,[]
plastic_day_01:008311,plastic_day_01,clean,BASE,FRESH_FIXED_CONTROL,False,False,True,9.817274434781414,0.5368935839064316,9.836650302481807,[],[],[],[],False,,False,[]
plastic_day_01:008311,plastic_day_01,clean,N3_SUBPIX,FRESH_FIXED_CONTROL,False,False,True,0.9565233350802317,0.727389145710716,1.1947259188328392,[],[],[],[],False,,False,[]
plastic_day_01:008418,plastic_day_01,clean,BASE,FRESH_FIXED_CONTROL,False,False,True,12.703063190221501,0.927666900693815,12.740667311205817,[],[],[],[],False,,False,[]
plastic_day_01:008418,plastic_day_01,clean,N3_SUBPIX,FRESH_FIXED_CONTROL,False,False,True,1.740571759230112,0.46505416412112394,1.7979096144301332,[],[],[],[],False,,False,[]
plastic_day_01:008920,plastic_day_01,clean,BASE,FRESH_FIXED_CONTROL,False,False,True,11.928282388927066,0.25489243179025245,11.931401019907591,[],[],[],[],False,,False,[]
plastic_day_01:008920,plastic_day_01,clean,N3_SUBPIX,FRESH_FIXED_CONTROL,False,False,True,4.89753291117675,0.5230567422853327,4.924007645669596,[],[],[],[],False,,False,[]
plastic_day_01:009804,plastic_day_01,clean,BASE,FRESH_FIXED_CONTROL,False,False,True,8.913254500110398,0.3649264805391531,8.919463663901418,[],[],[],[],False,,False,[]
plastic_day_01:009804,plastic_day_01,clean,N3_SUBPIX,FRESH_FIXED_CONTROL,False,False,True,7.281776250959891,0.8373411718307553,7.319463946503565,[],[],[],[],False,,False,[]
plastic_day_01:009983,plastic_day_01,clean,BASE,FRESH_FIXED_CONTROL,False,False,True,30.13567553790246,83.76455039374952,116.01219685992889,[],[],[],[],False,,False,[]
plastic_day_01:009983,plastic_day_01,clean,N3_SUBPIX,FRESH_FIXED_CONTROL,False,False,True,1.6110791990805415,1.2695931395559312,2.016763611806055,[],[],[],[],False,,False,[]
plastic_day_01:010207,plastic_day_01,moderate,BASE,FRESH_FIXED_CONTROL,False,False,True,1.9857007696737552,0.3520967479831046,1.9912149743166008,[],[],[],[],False,,False,[]
plastic_day_01:010207,plastic_day_01,moderate,N3_SUBPIX,FRESH_FIXED_CONTROL,False,False,True,2.0290849711167374,0.6754768307813239,2.0999603028120752,[],[],[],[],False,,False,[]
plastic_day_01:010279,plastic_day_01,clean,BASE,FRESH_FIXED_CONTROL,False,False,True,10.933679367014946,0.902865083784909,10.972023131519002,[],[],[],[],False,,False,[]
plastic_day_01:010279,plastic_day_01,clean,N3_SUBPIX,FRESH_FIXED_CONTROL,False,False,True,3.107592747476779,1.509188247883951,3.494427945510735,[],[],[],[],False,,False,[]
plastic_day_01:010422,plastic_day_01,clean,BASE,FRESH_FIXED_CONTROL,False,False,True,9.222885811291121,1.118815145608516,9.31019764163751,[],[],[],[],False,,False,[]
plastic_day_01:010422,plastic_day_01,clean,N3_SUBPIX,FRESH_FIXED_CONTROL,False,False,True,4.544043649383581,0.8026535692984029,4.628418603882244,[],[],[],[],False,,False,[]
plastic_day_01:010995,plastic_day_01,moderate,BASE,FRESH_FIXED_CONTROL,False,False,True,9.280890457522105,83.77113873876493,113.68728260662029,[],[],[],[],False,,False,[]
plastic_day_01:010995,plastic_day_01,moderate,N3_SUBPIX,FRESH_FIXED_CONTROL,False,False,True,6.240426439044273,83.14859571530906,112.88721678259068,[],[],[],[],False,,False,[]
plastic_day_01:011067,plastic_day_01,moderate,BASE,FRESH_FIXED_CONTROL,False,False,True,3.216124320565307,0.921216147686201,3.338619195629411,[],[],[],[],False,,False,[]
plastic_day_01:011067,plastic_day_01,moderate,N3_SUBPIX,FRESH_FIXED_CONTROL,False,False,True,3.3754908161235297,1.10220577044205,3.502389453208686,[],[],[],[],False,,False,[]
plastic_day_01:011246,plastic_day_01,moderate,BASE,FRESH_FIXED_CONTROL,False,False,True,4.94103630226792,1.3166612297268228,5.156957628114895,[],[],[],[],False,,False,[]
plastic_day_01:011246,plastic_day_01,moderate,N3_SUBPIX,FRESH_FIXED_CONTROL,False,False,True,4.242972819960524,1.3676388096879306,4.51919870218414,[],[],[],[],False,,False,[]
plastic_day_01:011497,plastic_day_01,moderate,BASE,FRESH_FIXED_CONTROL,False,False,True,12.39618251302961,1.4464537469743672,12.496984530388245,[],[],[],[],False,,False,[]
plastic_day_01:011497,plastic_day_01,moderate,N3_SUBPIX,FRESH_FIXED_CONTROL,False,False,True,5.431215734498538,0.848832716083125,5.503800245804545,[],[],[],[],False,,False,[]
plastic_day_01:011640,plastic_day_01,clean,BASE,FRESH_FIXED_CONTROL,False,False,True,11.972570068157497,0.9083035698012916,12.008168217142154,[],[],[],[],False,,False,[]
plastic_day_01:011640,plastic_day_01,clean,N3_SUBPIX,FRESH_FIXED_CONTROL,False,False,True,8.504388396371743,1.0353039159180042,8.56976564631833,[],[],[],[],False,,False,[]
plastic_day_01:011676,plastic_day_01,moderate,BASE,FRESH_FIXED_CONTROL,False,False,True,11.16402047487042,1.2213981939783758,11.24282820467489,[],[],[],[],False,,False,[]
plastic_day_01:011676,plastic_day_01,moderate,N3_SUBPIX,FRESH_FIXED_CONTROL,False,False,True,5.199586788140417,1.1280937648362115,5.350313805725422,[],[],[],[],False,,False,[]
plastic_day_01:011677,plastic_day_01,moderate,BASE,FRESH_FIXED_CONTROL,False,False,True,7.893575848347837,86.17532148276665,116.45011615761231,[],[],[],[],False,,False,[]
plastic_day_01:011677,plastic_day_01,moderate,N3_SUBPIX,FRESH_FIXED_CONTROL,False,False,True,13.228085718556834,86.33002957985359,116.9183731397061,[],[],[],[],False,,False,[]
plastic_day_01:011891,plastic_day_01,clean,BASE,FRESH_FIXED_CONTROL,False,False,True,9.176980105967786,0.2793700758299358,9.181732990904612,[],[],[],[],False,,False,[]
plastic_day_01:011891,plastic_day_01,clean,N3_SUBPIX,FRESH_FIXED_CONTROL,False,False,True,6.708327080357049,0.5113949117115758,6.727215058170718,[],[],[],[],False,,False,[]
plastic_day_01:012036,plastic_day_01,clean,BASE,FRESH_FIXED_CONTROL,False,False,True,4.668213987688899,0.6426416526986508,4.715785639655325,[],[],[],[],False,,False,[]
plastic_day_01:012036,plastic_day_01,clean,N3_SUBPIX,FRESH_FIXED_CONTROL,False,False,True,0.3651727182855987,0.7565984913656353,1.0185113055113955,[],[],[],[],False,,False,[]
plastic_day_01:012143,plastic_day_01,moderate,BASE,FRESH_FIXED_CONTROL,False,False,True,8.053646703906884,0.6905053744344607,8.099918274750756,[],[],[],[],False,,False,[]
plastic_day_01:012143,plastic_day_01,moderate,N3_SUBPIX,FRESH_FIXED_CONTROL,False,False,True,10.544614508227072,0.9052005219137241,10.586445691008873,[],[],[],[],False,,False,[]
plastic_day_01:012545,plastic_day_01,clean,BASE,FRESH_FIXED_CONTROL,False,False,True,15.843860880977923,1.1529955281382072,15.896097356522443,[],[],[],[],False,,False,[]
plastic_day_01:012545,plastic_day_01,clean,N3_SUBPIX,FRESH_FIXED_CONTROL,False,False,True,3.5522176599473756,0.6950363685756576,3.609338791047027,[],[],[],[],False,,False,[]
plastic_day_01:012975,plastic_day_01,clean,BASE,FRESH_FIXED_CONTROL,False,False,True,4.148154619691012,5.310999105775431,8.211055884664354,[],[],[],[],False,,False,[]
plastic_day_01:012975,plastic_day_01,clean,N3_SUBPIX,FRESH_FIXED_CONTROL,False,False,True,12.196018785850539,5.684191130534222,14.005238175736789,[],[],[],[],False,,False,[]
plastic_day_01:013476,plastic_day_01,clean,BASE,FRESH_FIXED_CONTROL,False,False,True,16.257703471887805,0.6151709155744385,16.2690214520547,[],[],[],[],False,,False,[]
plastic_day_01:013476,plastic_day_01,clean,N3_SUBPIX,FRESH_FIXED_CONTROL,False,False,True,2.1246966955053073,0.46990631607173405,2.186302182650981,[],[],[],[],False,,False,[]
plastic_day_01:013584,plastic_day_01,clean,BASE,FRESH_FIXED_CONTROL,False,False,True,14.191367684040793,0.5890944564252262,14.20662202841375,[],[],[],[],False,,False,[]
plastic_day_01:013584,plastic_day_01,clean,N3_SUBPIX,FRESH_FIXED_CONTROL,False,False,True,1.6098726938649197,0.8106526600216387,1.9608417933676192,[],[],[],[],False,,False,[]
plastic_day_01:013691,plastic_day_01,clean,BASE,FRESH_FIXED_CONTROL,False,False,True,21.564099030834278,1.3652877203949734,21.617831580995805,[],[],[],[],False,,False,[]
plastic_day_01:013691,plastic_day_01,clean,N3_SUBPIX,FRESH_FIXED_CONTROL,False,False,True,6.745888690262243,1.0743933046743241,6.848966925450369,[],[],[],[],False,,False,[]
plastic_day_01:014345,plastic_day_01,moderate,BASE,FRESH_FIXED_CONTROL,False,False,True,21.803884818206072,1.1756394033547553,21.839414034602413,[],[],[],[],False,,False,[]
plastic_day_01:014345,plastic_day_01,moderate,N3_SUBPIX,FRESH_FIXED_CONTROL,False,False,True,15.253115555230496,1.116626780912858,15.297917682092187,[],[],[],[],False,,False,[]
plastic_day_01:014417,plastic_day_01,clean,BASE,FRESH_FIXED_CONTROL,False,False,True,23.6350959133228,83.10599226152407,114.36275642296224,[],[],[],[],False,,False,[]
plastic_day_01:014417,plastic_day_01,clean,N3_SUBPIX,FRESH_FIXED_CONTROL,False,False,True,0.7828946859053942,0.6350353829189731,1.0104751719109162,[],[],[],[],False,,False,[]
plastic_day_01:014632,plastic_day_01,moderate,BASE,FRESH_FIXED_CONTROL,False,False,True,28.003353403085214,82.07988275178725,113.84781425944762,[],[],[],[],False,,False,[]
plastic_day_01:014632,plastic_day_01,moderate,N3_SUBPIX,FRESH_FIXED_CONTROL,False,False,True,20.35831680374469,81.99345186468366,112.66403544415348,[],[],[],[],False,,False,[]
plastic_day_01:014704,plastic_day_01,clean,BASE,FRESH_FIXED_CONTROL,False,False,True,15.531557601935534,0.5279556174303814,15.540590563450984,[],[],[],[],False,,False,[]
plastic_day_01:014704,plastic_day_01,clean,N3_SUBPIX,FRESH_FIXED_CONTROL,False,False,True,3.92247177167558,1.1727934691623234,4.0878074856551425,[],[],[],[],False,,False,[]
plastic_day_01:014739,plastic_day_01,moderate,BASE,FRESH_FIXED_CONTROL,False,False,True,13.18646100516276,1.274397115319932,13.256628583116187,[],[],[],[],False,,False,[]
plastic_day_01:014739,plastic_day_01,moderate,N3_SUBPIX,FRESH_FIXED_CONTROL,False,False,True,5.361944784094475,0.6672078801073014,5.411440875588515,[],[],[],[],False,,False,[]
plastic_day_01:014775,plastic_day_01,clean,BASE,FRESH_FIXED_CONTROL,False,False,True,15.927547026988389,0.8691519313610812,15.951585248210343,[],[],[],[],False,,False,[]
plastic_day_01:014775,plastic_day_01,clean,N3_SUBPIX,FRESH_FIXED_CONTROL,False,False,True,2.81709661027893,1.1101557541757452,3.036911512338055,[],[],[],[],False,,False,[]
plastic_day_01:015062,plastic_day_01,clean,BASE,FRESH_FIXED_CONTROL,False,False,True,22.52703531053619,1.0635007128716145,22.557003747105085,[],[],[],[],False,,False,[]
plastic_day_01:015062,plastic_day_01,clean,N3_SUBPIX,FRESH_FIXED_CONTROL,False,False,True,6.824685428070391,1.4553339151985143,6.9850923352574545,[],[],[],[],False,,False,[]
plastic_day_01:015169,plastic_day_01,clean,BASE,FRESH_FIXED_CONTROL,False,False,True,20.051818249118494,0.5833536969892286,20.060823062365404,[],[],[],[],False,,False,[]
plastic_day_01:015169,plastic_day_01,clean,N3_SUBPIX,FRESH_FIXED_CONTROL,False,False,True,5.310205835244272,0.18798432884703875,5.31470513169824,[],[],[],[],False,,False,[]
plastic_day_01:020954,plastic_day_01,moderate,BASE,FRESH_FIXED_CONTROL,False,False,True,24.805504288897488,82.74113793051384,114.17698825972815,[],[],[],[],False,,False,[]
plastic_day_01:020954,plastic_day_01,moderate,N3_SUBPIX,FRESH_FIXED_CONTROL,False,False,True,5.05988313873779,0.9806655200086782,5.161514231140106,[],[],[],[],False,,False,[]
plastic_day_01:020955,plastic_day_01,moderate,BASE,FRESH_FIXED_CONTROL,False,False,True,30.975254502130557,74.2173800213814,105.51071530465038,[],[],[],[],False,,False,[]
plastic_day_01:020955,plastic_day_01,moderate,N3_SUBPIX,FRESH_FIXED_CONTROL,False,False,True,25.06601305783142,74.43173413941818,104.74955073042831,[],[],[],[],False,,False,[]
plastic_day_01:021348,plastic_day_01,moderate,BASE,FRESH_FIXED_CONTROL,False,False,True,25.798017877052764,2.568247625091684,25.94528057418659,[],[],[],[],False,,False,[]
plastic_day_01:021348,plastic_day_01,moderate,N3_SUBPIX,FRESH_FIXED_CONTROL,False,False,True,11.245774709345056,2.1980050369633273,11.486945350323097,[],[],[],[],False,,False,[]
plastic_night_01:034035,plastic_night_01,clean,BASE,FRESH_FIXED_CONTROL,False,False,True,18.975743161528747,4.895118590072982,19.559838205110143,[],[],[],[],False,,False,[]
plastic_night_01:034035,plastic_night_01,clean,N3_SUBPIX,FRESH_FIXED_CONTROL,False,False,True,14.383507373709312,5.460787141533735,15.346313649102491,[],[],[],[],False,,False,[]
plastic_night_01:034193,plastic_night_01,clean,BASE,FRESH_FIXED_CONTROL,False,False,True,3.7429916954701326,1.9347955312299752,4.450985460820432,[],[],[],[],False,,False,[]
plastic_night_01:034193,plastic_night_01,clean,N3_SUBPIX,FRESH_FIXED_CONTROL,False,False,True,3.012314155628118,2.357632167861717,3.9696570561748814,[],[],[],[],False,,False,[]
plastic_night_01:035421,plastic_night_01,moderate,BASE,FRESH_FIXED_CONTROL,False,False,True,19.375129104926877,3.440693240529477,19.641917649518742,[],[],[],[],False,,False,[]
plastic_night_01:035421,plastic_night_01,moderate,N3_SUBPIX,FRESH_FIXED_CONTROL,False,False,True,14.50466725302105,3.7018744165457753,14.951065250413532,[],[],[],[],False,,False,[]
plastic_night_01:036056,plastic_night_01,clean,BASE,FRESH_FIXED_CONTROL,False,False,True,6.385090344631733,1.2445620576757017,6.500265367508259,[],[],[],[],False,,False,[]
plastic_night_01:036056,plastic_night_01,clean,N3_SUBPIX,FRESH_FIXED_CONTROL,False,False,True,3.184987415108408,1.4288380344908085,3.477928934480887,[],[],[],[],False,,False,[]
plastic_night_01:036261,plastic_night_01,clean,BASE,FRESH_FIXED_CONTROL,False,False,True,14.228088902100508,1.429701714432385,14.298803700095156,[],[],[],[],False,,False,[]
plastic_night_01:036261,plastic_night_01,clean,N3_SUBPIX,FRESH_FIXED_CONTROL,False,False,True,12.904302297713999,1.5840007670291094,12.999100630132396,[],[],[],[],False,,False,[]
plastic_night_01:036917,plastic_night_01,clean,BASE,FRESH_FIXED_CONTROL,False,False,True,2.0551688129756482,2.1612162037296487,2.5192662828377275,[],[],[],[],False,,False,[]
plastic_night_01:036917,plastic_night_01,clean,N3_SUBPIX,FRESH_FIXED_CONTROL,False,False,True,2.473398495503391,1.7051146974601479,2.7763960665119125,[],[],[],[],False,,False,[]
plastic_night_01:036918,plastic_night_01,clean,BASE,FRESH_FIXED_CONTROL,False,False,True,4.0654323956904905,1.3812078594420245,4.2767741543123154,[],[],[],[],False,,False,[]
plastic_night_01:036918,plastic_night_01,clean,N3_SUBPIX,FRESH_FIXED_CONTROL,False,False,True,4.506987187155233,1.503228447903627,4.71994846885605,[],[],[],[],False,,False,[]
plastic_night_01:036949,plastic_night_01,clean,BASE,FRESH_FIXED_CONTROL,False,False,True,6.302127811492314,1.7114889151551542,6.47489834307221,[],[],[],[],False,,False,[]
plastic_night_01:036949,plastic_night_01,clean,N3_SUBPIX,FRESH_FIXED_CONTROL,False,False,True,5.80462796955162,1.630645949966381,5.976205283247875,[],[],[],[],False,,False,[]
plastic_night_01:037044,plastic_night_01,clean,BASE,FRESH_FIXED_CONTROL,False,False,True,1.8699081662972639,0.46745940782279,1.9786318007263333,[],[],[],[],False,,False,[]
plastic_night_01:037044,plastic_night_01,clean,N3_SUBPIX,FRESH_FIXED_CONTROL,False,False,True,2.258883627353335,0.9406441053588674,2.4579455419762066,[],[],[],[],False,,False,[]
plastic_night_01:037376,plastic_night_01,clean,BASE,FRESH_FIXED_CONTROL,False,False,True,12.625186981738763,6.292520006802844,13.972592409911467,[],[],[],[],False,,False,[]
plastic_night_01:037376,plastic_night_01,clean,N3_SUBPIX,FRESH_FIXED_CONTROL,False,False,True,11.185881955829027,5.2019300330616325,12.159498482120979,[],[],[],[],False,,False,[]
plastic_night_01:037553,plastic_night_01,clean,BASE,FRESH_FIXED_CONTROL,False,False,True,25.787946754789033,0.9257402799561968,25.803700446126022,[],[],[],[],False,,False,[]
plastic_night_01:037553,plastic_night_01,clean,N3_SUBPIX,FRESH_FIXED_CONTROL,False,False,True,14.83286242245995,1.95378657119525,14.955120731712856,[],[],[],[],False,,False,[]
plastic_night_01:038567,plastic_night_01,moderate,BASE,FRESH_FIXED_CONTROL,False,False,True,11.337189984780556,1.7454260180783796,11.480716370093619,[],[],[],[],False,,False,[]
plastic_night_01:038567,plastic_night_01,moderate,N3_SUBPIX,FRESH_FIXED_CONTROL,False,False,True,5.606259649159898,1.6659926895050734,5.842834946270226,[],[],[],[],False,,False,[]
plastic_night_01:038630,plastic_night_01,moderate,BASE,FRESH_FIXED_CONTROL,False,False,True,9.86633556781144,1.880950360034067,10.03280977561075,[],[],[],[],False,,False,[]
plastic_night_01:038630,plastic_night_01,moderate,N3_SUBPIX,FRESH_FIXED_CONTROL,False,False,True,3.2765768857674384,2.6369390893176923,4.339668804515432,[],[],[],[],False,,False,[]
plastic_night_01:039093,plastic_night_01,moderate,BASE,FRESH_FIXED_CONTROL,False,False,True,3.820281321839443,1.3432251267304034,4.059134346802519,[],[],[],[],False,,False,[]
plastic_night_01:039093,plastic_night_01,moderate,N3_SUBPIX,FRESH_FIXED_CONTROL,False,False,True,1.3930566105346087,1.8738873917606569,2.281270846097335,[],[],[],[],False,,False,[]
plastic_night_01:039188,plastic_night_01,moderate,BASE,FRESH_FIXED_CONTROL,False,False,True,2.853782659876175,1.3250728891917096,3.1077967645890503,[],[],[],[],False,,False,[]
plastic_night_01:039188,plastic_night_01,moderate,N3_SUBPIX,FRESH_FIXED_CONTROL,False,False,True,3.7321341664467744,1.1424228828028582,3.8905142091819904,[],[],[],[],False,,False,[]
plastic_night_01:039268,plastic_night_01,moderate,BASE,FRESH_FIXED_CONTROL,False,False,True,3.707812240973754,1.8783213112951127,4.275698659203697,[],[],[],[],False,,False,[]
plastic_night_01:039268,plastic_night_01,moderate,N3_SUBPIX,FRESH_FIXED_CONTROL,False,False,True,2.8671699275116356,2.043990600654579,3.5721748661593873,[],[],[],[],False,,False,[]
plastic_night_01:039283,plastic_night_01,moderate,BASE,FRESH_FIXED_CONTROL,False,False,True,9.082250672861722,2.428197458363469,9.365682966324613,[],[],[],[],False,,False,[]
plastic_night_01:039283,plastic_night_01,moderate,N3_SUBPIX,FRESH_FIXED_CONTROL,False,False,True,2.312024885524936,2.1267952113444473,3.154279831739931,[],[],[],[],False,,False,[]
plastic_night_01:040133,plastic_night_01,moderate,BASE,FRESH_FIXED_CONTROL,False,False,True,50.339526469742815,83.77900692380241,120.52976176116576,[],[],[],[],False,,False,[]
plastic_night_01:040133,plastic_night_01,moderate,N3_SUBPIX,FRESH_FIXED_CONTROL,False,False,True,10.306226286872235,1.057090787751469,10.37569541427769,[],[],[],[],False,,False,[]
plastic_night_01:040306,plastic_night_01,moderate,BASE,FRESH_FIXED_CONTROL,False,False,True,13.511479284346311,1.8029568347373504,13.6134732632805,[],[],[],[],False,,False,[]
plastic_night_01:040306,plastic_night_01,moderate,N3_SUBPIX,FRESH_FIXED_CONTROL,False,False,True,17.75610628292676,1.2073007929048187,17.792001770501702,[],[],[],[],False,,False,[]
plastic_night_01:040448,plastic_night_01,moderate,BASE,FRESH_FIXED_CONTROL,False,False,True,8.166852961843237,0.5064981207055839,8.184565244779904,[],[],[],[],False,,False,[]
plastic_night_01:040448,plastic_night_01,moderate,N3_SUBPIX,FRESH_FIXED_CONTROL,False,False,True,4.295268814013894,0.6909460431793099,4.337445860399936,[],[],[],[],False,,False,[]
wood_183705:000000,wood_183705,clean,BASE,FRESH_FIXED_CONTROL,False,False,True,1.1872927966678755,1.6271766054676047,1.4458313526819322,[],[],[],[],False,,False,[]
wood_183705:000000,wood_183705,clean,N3_SUBPIX,FRESH_FIXED_CONTROL,False,False,True,1.3975215141693107,1.5319427498538003,1.50212641822141,[],[],[],[],False,,False,[]
wood_183705:000088,wood_183705,clean,BASE,FRESH_FIXED_CONTROL,False,False,True,1.0866654787461418,1.5754358183499368,1.5092634855025342,[],[],[],[],False,,False,[]
wood_183705:000088,wood_183705,clean,N3_SUBPIX,FRESH_FIXED_CONTROL,False,False,True,0.7694635268274036,1.7717895111559796,1.4080943281668439,[],[],[],[],False,,False,[]
wood_183705:000149,wood_183705,clean,BASE,FRESH_FIXED_CONTROL,False,False,True,1.1784027638083203,1.2335773390446558,1.403807615595705,[],[],[],[],False,,False,[]
wood_183705:000149,wood_183705,clean,N3_SUBPIX,FRESH_FIXED_CONTROL,False,False,True,0.6884948335568147,1.3670613243969998,1.1306760238879585,[],[],[],[],False,,False,[]
wood_183705:000213,wood_183705,clean,BASE,FRESH_FIXED_CONTROL,False,False,True,1.0512321082861276,1.7495449751163048,1.608403450950208,[],[],[],[],False,,False,[]
wood_183705:000213,wood_183705,clean,N3_SUBPIX,FRESH_FIXED_CONTROL,False,False,True,1.6125658636688034,1.0409605558542088,1.681979088734034,[],[],[],[],False,,False,[]
wood_183705:000275,wood_183705,clean,BASE,FRESH_FIXED_CONTROL,False,False,True,2.606775875097797,0.6565248003031398,2.6412746299052676,[],[],[],[],False,,False,[]
wood_183705:000275,wood_183705,clean,N3_SUBPIX,FRESH_FIXED_CONTROL,False,False,True,2.159471267933118,0.6204789318407811,2.1976605071607636,[],[],[],[],False,,False,[]
wood_183705:000335,wood_183705,clean,BASE,FRESH_FIXED_CONTROL,False,False,True,0.6709352017504192,1.7384978100536657,1.290697409278502,[],[],[],[],False,,False,[]
wood_183705:000335,wood_183705,clean,N3_SUBPIX,FRESH_FIXED_CONTROL,False,False,True,0.4864963555152633,0.8234494255097163,0.7427842542372021,[],[],[],[],False,,False,[]
wood_183705:000400,wood_183705,clean,BASE,FRESH_FIXED_CONTROL,False,False,True,2.2381445640194557,1.1363658496433238,2.2705701471817505,[],[],[],[],False,,False,[]
wood_183705:000400,wood_183705,clean,N3_SUBPIX,FRESH_FIXED_CONTROL,False,False,True,1.5840728936075874,0.649515612032744,1.6075604679849858,[],[],[],[],False,,False,[]
wood_183705:000460,wood_183705,moderate,BASE,FRESH_FIXED_CONTROL,False,False,True,2.2396882801814093,2.2066565554165862,2.778652247299885,[],[],[],[],False,,False,[]
wood_183705:000460,wood_183705,moderate,N3_SUBPIX,FRESH_FIXED_CONTROL,False,False,True,2.0214245957832984,2.651067505076248,2.825687213209905,[],[],[],[],False,,False,[]
wood_183705:000521,wood_183705,clean,BASE,FRESH_FIXED_CONTROL,False,False,True,1.0354738054691457,1.2302858643291406,1.2410381534210868,[],[],[],[],False,,False,[]
wood_183705:000521,wood_183705,clean,N3_SUBPIX,FRESH_FIXED_CONTROL,False,False,True,1.1315801156329037,1.1186420931228191,1.239979691806873,[],[],[],[],False,,False,[]
wood_183705:000586,wood_183705,clean,BASE,FRESH_FIXED_CONTROL,False,False,True,0.6087770466425532,1.3628105696454502,1.0918546067022725,[],[],[],[],False,,False,[]
wood_183705:000586,wood_183705,clean,N3_SUBPIX,FRESH_FIXED_CONTROL,False,False,True,0.7432681008783404,0.9964000072629751,0.8593906635939632,[],[],[],[],False,,False,[]
wood_183705:000646,wood_183705,clean,BASE,FRESH_FIXED_CONTROL,False,False,True,1.0070432888237069,1.4377901596096807,1.1682632849348416,[],[],[],[],False,,False,[]
wood_183705:000646,wood_183705,clean,N3_SUBPIX,FRESH_FIXED_CONTROL,False,False,True,0.9787795520721084,1.2759813199901189,1.0899541005383293,[],[],[],[],False,,False,[]
wood_183705:000706,wood_183705,moderate,BASE,FRESH_FIXED_CONTROL,False,False,True,3.1426453756301793,4.656404357123205,4.028913620349865,[],[],[],[],False,,False,[]
wood_183705:000706,wood_183705,moderate,N3_SUBPIX,FRESH_FIXED_CONTROL,False,False,True,2.7693671268051863,4.023903970936477,3.506669526765269,[],[],[],[],False,,False,[]
wood_183705:000768,wood_183705,clean,BASE,FRESH_FIXED_CONTROL,False,False,True,0.6771088822847937,1.1637216986702117,0.9799849165568691,[],[],[],[],False,,False,[]
wood_183705:000768,wood_183705,clean,N3_SUBPIX,FRESH_FIXED_CONTROL,False,False,True,0.48339102281395874,1.23791516051968,1.061141642258958,[],[],[],[],False,,False,[]
wood_183705:000828,wood_183705,moderate,BASE,FRESH_FIXED_CONTROL,False,False,True,1.8982233994197069,1.7614895642644441,2.204694851727085,[],[],[],[],False,,False,[]
wood_183705:000828,wood_183705,moderate,N3_SUBPIX,FRESH_FIXED_CONTROL,False,False,True,1.7209926281502446,1.0687898771759754,1.8197703140778798,[],[],[],[],False,,False,[]
wood_183705:000889,wood_183705,moderate,BASE,FRESH_FIXED_CONTROL,False,False,True,1.9847107121928096,1.6627563239786534,2.1180658897236073,[],[],[],[],False,,False,[]
wood_183705:000889,wood_183705,moderate,N3_SUBPIX,FRESH_FIXED_CONTROL,False,False,True,2.407504865235759,1.010344284443382,2.4459062218248215,[],[],[],[],False,,False,[]
wood_183705:000949,wood_183705,clean,BASE,FRESH_FIXED_CONTROL,False,False,True,2.0951296876805823,1.5445593884896238,2.2458714967642717,[],[],[],[],False,,False,[]
wood_183705:000949,wood_183705,clean,N3_SUBPIX,FRESH_FIXED_CONTROL,False,False,True,1.9341254362949596,0.5039225049083683,1.9499276252496534,[],[],[],[],False,,False,[]
wood_183705:001010,wood_183705,clean,BASE,FRESH_FIXED_CONTROL,False,False,True,1.270864501707043,1.3136214316196608,1.4037975727140626,[],[],[],[],False,,False,[]
wood_183705:001010,wood_183705,clean,N3_SUBPIX,FRESH_FIXED_CONTROL,False,False,True,1.7434045084968783,0.917236000989457,1.799738010626882,[],[],[],[],False,,False,[]
wood_183705:001070,wood_183705,moderate,BASE,FRESH_FIXED_CONTROL,False,False,True,1.0878416985079842,1.485300443436689,1.2780917859829737,[],[],[],[],False,,False,[]
wood_183705:001070,wood_183705,moderate,N3_SUBPIX,FRESH_FIXED_CONTROL,False,False,True,0.2864690793387784,1.5015450508345363,0.9222856323932875,[],[],[],[],False,,False,[]
wood_183705:001130,wood_183705,clean,BASE,FRESH_FIXED_CONTROL,False,False,True,1.5940912384610693,1.379602290319894,1.6682729317016358,[],[],[],[],False,,False,[]
wood_183705:001130,wood_183705,clean,N3_SUBPIX,FRESH_FIXED_CONTROL,False,False,True,1.3789349634825774,1.5416520299079417,1.4725841142039606,[],[],[],[],False,,False,[]
wood_183705:001193,wood_183705,moderate,BASE,FRESH_FIXED_CONTROL,False,False,True,3.1038404701448306,0.5582800267283543,3.121565078287846,[],[],[],[],False,,False,[]
wood_183705:001193,wood_183705,moderate,N3_SUBPIX,FRESH_FIXED_CONTROL,False,False,True,2.9450788533562156,0.9268333642460186,2.982543426950594,[],[],[],[],False,,False,[]
wood_183705:001263,wood_183705,moderate,BASE,FRESH_FIXED_CONTROL,False,False,True,3.481502146404996,5.08153535328657,5.1978707946766125,[],[],[],[],False,,False,[]
wood_183705:001263,wood_183705,moderate,N3_SUBPIX,FRESH_FIXED_CONTROL,False,False,True,2.6454144893263996,6.136693072814616,5.3830102248098814,[],[],[],[],False,,False,[]
wood_183705:001327,wood_183705,clean,BASE,FRESH_FIXED_CONTROL,False,False,True,1.3679197409476178,2.6502443383128904,2.2891149775954127,[],[],[],[],False,,False,[]
wood_183705:001327,wood_183705,clean,N3_SUBPIX,FRESH_FIXED_CONTROL,False,False,True,1.0737094365450914,2.3278650730850305,1.8179078579376289,[],[],[],[],False,,False,[]
wood_183705:001388,wood_183705,moderate,BASE,FRESH_FIXED_CONTROL,False,False,True,2.2745752486678303,1.169750362492769,2.364667007259521,[],[],[],[],False,,False,[]
wood_183705:001388,wood_183705,moderate,N3_SUBPIX,FRESH_FIXED_CONTROL,False,False,True,1.7450253446534114,1.2068137545431297,1.938510790744983,[],[],[],[],False,,False,[]
wood_183705:001463,wood_183705,clean,BASE,FRESH_FIXED_CONTROL,False,False,True,2.216776150937423,1.2466995207754124,2.2441847666651333,[],[],[],[],False,,False,[]
wood_183705:001463,wood_183705,clean,N3_SUBPIX,FRESH_FIXED_CONTROL,False,False,True,2.6529752115377403,0.9080979160684116,2.6644932341717027,[],[],[],[],False,,False,[]
wood_183705:001523,wood_183705,clean,BASE,FRESH_FIXED_CONTROL,False,False,True,2.3575265537174115,3.0091911525466584,2.744177997990445,[],[],[],[],False,,False,[]
wood_183705:001523,wood_183705,clean,N3_SUBPIX,FRESH_FIXED_CONTROL,False,False,True,2.3101925511950205,2.2079996023718658,2.534455560078589,[],[],[],[],False,,False,[]
wood_184309:000012,wood_184309,clean,BASE,FRESH_FIXED_CONTROL,False,False,True,3.6872739106433836,0.5918825438525086,3.698970511851934,[],[],[],[],False,,False,[]
wood_184309:000012,wood_184309,clean,N3_SUBPIX,FRESH_FIXED_CONTROL,False,False,True,1.8589583018574087,1.465147781688947,2.0199291278981115,[],[],[],[],False,,False,[]
wood_184309:000072,wood_184309,clean,BASE,FRESH_FIXED_CONTROL,False,False,True,3.5748089233726925,1.1949781457012585,3.6249315487075418,[],[],[],[],False,,False,[]
wood_184309:000072,wood_184309,clean,N3_SUBPIX,FRESH_FIXED_CONTROL,False,False,True,2.2138773022152676,1.2357937669370032,2.294077745998431,[],[],[],[],False,,False,[]
wood_184309:000132,wood_184309,clean,BASE,FRESH_FIXED_CONTROL,False,False,True,0.9945319131460483,2.3104953278521716,1.8682470111275367,[],[],[],[],False,,False,[]
wood_184309:000132,wood_184309,clean,N3_SUBPIX,FRESH_FIXED_CONTROL,False,False,True,0.6183509612919212,1.9595333962968322,1.3718151013514888,[],[],[],[],False,,False,[]
wood_184309:000192,wood_184309,clean,BASE,FRESH_FIXED_CONTROL,False,False,True,3.854534678338559,0.33142395881673936,3.8586054400177745,[],[],[],[],False,,False,[]
wood_184309:000192,wood_184309,clean,N3_SUBPIX,FRESH_FIXED_CONTROL,False,False,True,2.4978545868963478,0.5241898666116459,2.5033452797376907,[],[],[],[],False,,False,[]
wood_184309:000252,wood_184309,clean,BASE,FRESH_FIXED_CONTROL,False,False,True,8.634605515379471,6.771954524926399,8.876728312532576,[],[],[],[],False,,False,[]
wood_184309:000252,wood_184309,clean,N3_SUBPIX,FRESH_FIXED_CONTROL,False,False,True,7.91738035057107,6.640602544908753,8.14892028263088,[],[],[],[],False,,False,[]
wood_184309:000312,wood_184309,clean,BASE,FRESH_FIXED_CONTROL,False,False,True,7.075772933986961,10.801508321944311,8.12115410217331,[],[],[],[],False,,False,[]
wood_184309:000312,wood_184309,clean,N3_SUBPIX,FRESH_FIXED_CONTROL,False,False,True,7.143362835663345,10.81746094538707,7.877006249956748,[],[],[],[],False,,False,[]
wood_184309:000372,wood_184309,clean,BASE,FRESH_FIXED_CONTROL,False,False,True,15.579250985381595,83.82765693382053,67.29185944629509,[],[],[],[],False,,False,[]
wood_184309:000372,wood_184309,clean,N3_SUBPIX,FRESH_FIXED_CONTROL,False,False,True,14.791693601166683,83.82207141054222,67.09085763529433,[],[],[],[],False,,False,[]
wood_184309:000432,wood_184309,clean,BASE,FRESH_FIXED_CONTROL,False,False,True,10.88567997874606,87.50882589591453,68.83437158012346,[],[],[],[],False,,False,[]
wood_184309:000432,wood_184309,clean,N3_SUBPIX,FRESH_FIXED_CONTROL,False,False,True,11.203227268608126,87.86784399177732,69.19111350655429,[],[],[],[],False,,False,[]
wood_184309:000492,wood_184309,clean,BASE,FRESH_FIXED_CONTROL,False,False,True,13.907196733198507,86.01159779411928,67.82584116132632,[],[],[],[],False,,False,[]
wood_184309:000492,wood_184309,clean,N3_SUBPIX,FRESH_FIXED_CONTROL,False,False,True,14.5614695284616,85.02873942959114,67.29206447283964,[],[],[],[],False,,False,[]
wood_184309:000552,wood_184309,moderate,BASE,FRESH_FIXED_CONTROL,False,False,True,1.4255815639854983,1.8487677377179654,1.9987630008449804,[],[],[],[],False,,False,[]
wood_184309:000552,wood_184309,moderate,N3_SUBPIX,FRESH_FIXED_CONTROL,False,False,True,2.0251507881467266,1.5998404725686044,2.235400597455731,[],[],[],[],False,,False,[]
wood_184309:000612,wood_184309,clean,BASE,FRESH_FIXED_CONTROL,False,False,True,1.6741312376668376,1.2103342723499495,1.7605836008979878,[],[],[],[],False,,False,[]
wood_184309:000612,wood_184309,clean,N3_SUBPIX,FRESH_FIXED_CONTROL,False,False,True,0.9266577539543371,0.8179200384453511,1.0415055470066426,[],[],[],[],False,,False,[]
wood_184309:000674,wood_184309,clean,BASE,FRESH_FIXED_CONTROL,False,False,True,1.2594441236507932,0.8956752816126728,1.356522999066684,[],[],[],[],False,,False,[]
wood_184309:000674,wood_184309,clean,N3_SUBPIX,FRESH_FIXED_CONTROL,False,False,True,1.5303929768380937,0.6160518188904671,1.5791414448643286,[],[],[],[],False,,False,[]
wood_184309:000734,wood_184309,clean,BASE,FRESH_FIXED_CONTROL,False,False,True,0.901926024345601,0.6331993717225479,0.9679869587219038,[],[],[],[],False,,False,[]
wood_184309:000734,wood_184309,clean,N3_SUBPIX,FRESH_FIXED_CONTROL,False,False,True,1.1293942600341877,0.2693813905365311,1.1377558890788644,[],[],[],[],False,,False,[]
wood_184309:000804,wood_184309,clean,BASE,FRESH_FIXED_CONTROL,False,False,True,0.8603534066806566,1.0545389901159588,1.051436692801025,[],[],[],[],False,,False,[]
wood_184309:000804,wood_184309,clean,N3_SUBPIX,FRESH_FIXED_CONTROL,False,False,True,0.8525947518303626,0.5207395620432372,0.8946658912983102,[],[],[],[],False,,False,[]
wood_184309:000864,wood_184309,clean,BASE,FRESH_FIXED_CONTROL,False,False,True,2.2165289763944283,0.9672825137880361,2.24402047427605,[],[],[],[],False,,False,[]
wood_184309:000864,wood_184309,clean,N3_SUBPIX,FRESH_FIXED_CONTROL,False,False,True,1.1774847143033633,1.911640481105632,1.5340336385038078,[],[],[],[],False,,False,[]
wood_184309:000925,wood_184309,clean,BASE,FRESH_FIXED_CONTROL,False,False,True,4.726947929277016,6.678416320527255,5.841382861542312,[],[],[],[],False,,False,[]
wood_184309:000925,wood_184309,clean,N3_SUBPIX,FRESH_FIXED_CONTROL,False,False,True,3.5973495042103814,4.979562118189308,4.2609019917391935,[],[],[],[],False,,False,[]
wood_184309:000987,wood_184309,clean,BASE,FRESH_FIXED_CONTROL,False,False,True,2.803895079874687,1.5144630864966258,2.9139485019955043,[],[],[],[],False,,False,[]
wood_184309:000987,wood_184309,clean,N3_SUBPIX,FRESH_FIXED_CONTROL,False,False,True,1.5735205448464729,0.8553381697031893,1.628835958934924,[],[],[],[],False,,False,[]
wood_184309:001081,wood_184309,clean,BASE,FRESH_FIXED_CONTROL,False,False,True,5.567528167569384,3.565338208067617,5.840225553242777,[],[],[],[],False,,False,[]
wood_184309:001081,wood_184309,clean,N3_SUBPIX,FRESH_FIXED_CONTROL,False,False,True,4.277212911825473,2.7335776679533805,4.4929450749764,[],[],[],[],False,,False,[]
wood_184309:001141,wood_184309,clean,BASE,FRESH_FIXED_CONTROL,False,False,True,1.6754298158561245,2.5600205099868205,2.3177515955494745,[],[],[],[],False,,False,[]
wood_184309:001141,wood_184309,clean,N3_SUBPIX,FRESH_FIXED_CONTROL,False,False,True,1.3209065523230126,1.9004750848016074,1.7139176835733405,[],[],[],[],False,,False,[]
wood_184309:001201,wood_184309,clean,BASE,FRESH_FIXED_CONTROL,False,False,True,10.93813240544897,11.531599185535118,11.797364984964052,[],[],[],[],False,,False,[]
wood_184309:001201,wood_184309,clean,N3_SUBPIX,FRESH_FIXED_CONTROL,False,False,True,8.74764109461767,12.643581425178693,10.860514039742178,[],[],[],[],False,,False,[]
wood_day_01:002010,wood_day_01,clean,BASE,FRESH_FIXED_CONTROL,False,False,True,1.4905273840272482,2.0315107685620655,1.8776993213142648,[],[],[],[],False,,False,[]
wood_day_01:002010,wood_day_01,clean,N3_SUBPIX,FRESH_FIXED_CONTROL,False,False,True,1.2246581460373065,1.6132188796614957,1.4835588320777662,[],[],[],[],False,,False,[]
wood_day_01:002141,wood_day_01,moderate,BASE,FRESH_FIXED_CONTROL,False,False,True,5.1336032241102165,6.511588591035802,5.78812643564367,[],[],[],[],False,,False,[]
wood_day_01:002141,wood_day_01,moderate,N3_SUBPIX,FRESH_FIXED_CONTROL,False,False,True,5.542713483383149,5.946613791816892,6.008835453178328,[],[],[],[],False,,False,[]
wood_day_01:002497,wood_day_01,clean,BASE,FRESH_FIXED_CONTROL,False,False,True,0.6308890077178355,0.707462912012128,0.7860745334745006,[],[],[],[],False,,False,[]
wood_day_01:002497,wood_day_01,clean,N3_SUBPIX,FRESH_FIXED_CONTROL,False,False,True,0.2014145591584493,1.4193335126175168,0.9817082670135991,[],[],[],[],False,,False,[]
wood_day_01:002628,wood_day_01,clean,BASE,FRESH_FIXED_CONTROL,False,False,True,0.4216262823432025,3.1497443626633905,1.6697334107664372,[],[],[],[],False,,False,[]
wood_day_01:002628,wood_day_01,clean,N3_SUBPIX,FRESH_FIXED_CONTROL,False,False,True,0.6902050450006022,3.516432420822004,1.876813957836513,[],[],[],[],False,,False,[]
wood_day_01:003863,wood_day_01,clean,BASE,FRESH_FIXED_CONTROL,False,False,True,8.648572112839966,0.8407341827497027,8.667874062012872,[],[],[],[],False,,False,[]
wood_day_01:003863,wood_day_01,clean,N3_SUBPIX,FRESH_FIXED_CONTROL,False,False,True,2.901651169808336,0.5529702203813452,2.92808114470051,[],[],[],[],False,,False,[]
wood_day_01:003919,wood_day_01,clean,BASE,FRESH_FIXED_CONTROL,False,False,True,4.463621061301484,2.2540727246168797,4.688353899081454,[],[],[],[],False,,False,[]
wood_day_01:003919,wood_day_01,clean,N3_SUBPIX,FRESH_FIXED_CONTROL,False,False,True,0.7693920858878381,1.922366594641759,1.7554350733724584,[],[],[],[],False,,False,[]
wood_day_01:004032,wood_day_01,clean,BASE,FRESH_FIXED_CONTROL,False,False,True,1.4547829775352794,1.9364173867580163,1.8087941107836318,[],[],[],[],False,,False,[]
wood_day_01:004032,wood_day_01,clean,N3_SUBPIX,FRESH_FIXED_CONTROL,False,False,True,2.7945889993585964,1.7716803739059728,2.9583834007766945,[],[],[],[],False,,False,[]
wood_day_01:004406,wood_day_01,moderate,BASE,FRESH_FIXED_CONTROL,False,False,True,6.76838626092949,1.5314690705551413,6.847758035031355,[],[],[],[],False,,False,[]
wood_day_01:004406,wood_day_01,moderate,N3_SUBPIX,FRESH_FIXED_CONTROL,False,False,True,6.568096988713347,1.3192186463214264,6.624287990907016,[],[],[],[],False,,False,[]
wood_day_01:004481,wood_day_01,moderate,BASE,FRESH_FIXED_CONTROL,False,False,True,1.4828182906453653,0.9670380121035457,1.568141869609237,[],[],[],[],False,,False,[]
wood_day_01:004481,wood_day_01,moderate,N3_SUBPIX,FRESH_FIXED_CONTROL,False,False,True,1.509111021608335,0.454830560202981,1.5336757274808472,[],[],[],[],False,,False,[]
wood_day_01:004575,wood_day_01,clean,BASE,FRESH_FIXED_CONTROL,False,False,True,0.298051735183269,5.046618955050711,2.51175850312913,[],[],[],[],False,,False,[]
wood_day_01:004575,wood_day_01,clean,N3_SUBPIX,FRESH_FIXED_CONTROL,False,False,True,0.6866303418282184,3.902199661862846,2.0868744907563785,[],[],[],[],False,,False,[]
wood_day_01:004687,wood_day_01,moderate,BASE,FRESH_FIXED_CONTROL,False,False,True,7.63376946185326,2.7882993463187287,7.722948294895204,[],[],[],[],False,,False,[]
wood_day_01:004687,wood_day_01,moderate,N3_SUBPIX,FRESH_FIXED_CONTROL,False,False,True,7.7743582190868565,2.914139485648017,7.870492517167932,[],[],[],[],False,,False,[]
wood_day_01:004799,wood_day_01,moderate,BASE,FRESH_FIXED_CONTROL,False,False,True,5.323741227620368,2.6837489152050042,5.503497144972156,[],[],[],[],False,,False,[]
wood_day_01:004799,wood_day_01,moderate,N3_SUBPIX,FRESH_FIXED_CONTROL,False,False,True,3.606678132962291,3.4922871286339956,4.1454857363484106,[],[],[],[],False,,False,[]
wood_day_01:005174,wood_day_01,moderate,BASE,FRESH_FIXED_CONTROL,False,False,True,8.323898558897838,3.5947945620496,8.71373321446303,[],[],[],[],False,,False,[]
wood_day_01:005174,wood_day_01,moderate,N3_SUBPIX,FRESH_FIXED_CONTROL,False,False,True,11.255940013243327,2.0445657190827276,11.324647058656812,[],[],[],[],False,,False,[]
wood_day_01:005249,wood_day_01,moderate,BASE,FRESH_FIXED_CONTROL,False,False,True,7.809960810512216,4.9329898815084405,8.263809708489834,[],[],[],[],False,,False,[]
wood_day_01:005249,wood_day_01,moderate,N3_SUBPIX,FRESH_FIXED_CONTROL,False,False,True,5.9244101836017915,2.0784259744871787,6.049578015193031,[],[],[],[],False,,False,[]
wood_day_01:024552,wood_day_01,moderate,BASE,FRESH_FIXED_CONTROL,False,False,True,2.3105161656773565,1.2436812968081559,2.410102366877821,[],[],[],[],False,,False,[]
wood_day_01:024552,wood_day_01,moderate,N3_SUBPIX,FRESH_FIXED_CONTROL,False,False,True,2.4642795753147624,1.4552422152666658,2.5527162136288952,[],[],[],[],False,,False,[]
wood_day_01:026085,wood_day_01,moderate,BASE,FRESH_FIXED_CONTROL,False,False,True,9.01715491175058,4.647439617209368,9.220395868944356,[],[],[],[],False,,False,[]
wood_day_01:026085,wood_day_01,moderate,N3_SUBPIX,FRESH_FIXED_CONTROL,False,False,True,9.596776912099134,4.204905565596266,9.742879101642748,[],[],[],[],False,,False,[]
wood_day_01:026122,wood_day_01,moderate,BASE,FRESH_FIXED_CONTROL,False,False,True,3.197603438454931,1.4329061411789814,3.2652456046707883,[],[],[],[],False,,False,[]
wood_day_01:026122,wood_day_01,moderate,N3_SUBPIX,FRESH_FIXED_CONTROL,False,False,True,3.1977953325050006,2.7984879297787972,3.38961681677332,[],[],[],[],False,,False,[]
wood_day_01:026673,wood_day_01,moderate,BASE,FRESH_FIXED_CONTROL,False,False,True,3.645281725943793,5.875614039823114,5.06087364570726,[],[],[],[],False,,False,[]
wood_day_01:026673,wood_day_01,moderate,N3_SUBPIX,FRESH_FIXED_CONTROL,False,False,True,1.372680224035194,4.203923929095344,3.1325371937792994,[],[],[],[],False,,False,[]
wood_day_01:027445,wood_day_01,moderate,BASE,FRESH_FIXED_CONTROL,False,False,True,60.431861873972714,81.8034206727903,85.22627866103588,[],[],[],[],False,,False,[]
wood_day_01:027445,wood_day_01,moderate,N3_SUBPIX,FRESH_FIXED_CONTROL,False,False,True,61.92360473915919,81.11728917928681,85.84482644088803,[],[],[],[],False,,False,[]
wood_day_01:028002,wood_day_01,moderate,BASE,FRESH_FIXED_CONTROL,False,False,True,4.204132739361791,1.3584736847036942,4.227961360283793,[],[],[],[],False,,False,[]
wood_day_01:028002,wood_day_01,moderate,N3_SUBPIX,FRESH_FIXED_CONTROL,False,False,True,5.146437731104869,1.162294550216965,5.16461680427658,[],[],[],[],False,,False,[]
wood_night_01:029028,wood_night_01,clean,BASE,FRESH_FIXED_CONTROL,False,False,True,59.390751871902644,84.67261712926438,82.6519716139292,[],[],[],[],False,,False,[]
wood_night_01:029028,wood_night_01,clean,N3_SUBPIX,FRESH_FIXED_CONTROL,False,False,True,58.02605735791274,85.54825452798953,82.4003503918486,[],[],[],[],False,,False,[]
wood_night_01:029246,wood_night_01,clean,BASE,FRESH_FIXED_CONTROL,False,False,True,9.155352526879138,3.2408018803741996,9.31146420143574,[],[],[],[],False,,False,[]
wood_night_01:029246,wood_night_01,clean,N3_SUBPIX,FRESH_FIXED_CONTROL,False,False,True,7.924360484370744,3.347469292665113,8.122985881756838,[],[],[],[],False,,False,[]
wood_night_01:029419,wood_night_01,clean,BASE,FRESH_FIXED_CONTROL,False,False,True,2.2941305182718774,1.8359845366331526,2.535019519770749,[],[],[],[],False,,False,[]
wood_night_01:029419,wood_night_01,clean,N3_SUBPIX,FRESH_FIXED_CONTROL,False,False,True,1.7444357759171132,0.9734779454644372,1.8627786044093848,[],[],[],[],False,,False,[]
wood_night_01:029428,wood_night_01,clean,BASE,FRESH_FIXED_CONTROL,False,False,True,1.8564631381881438,2.252059085981705,2.530438623545832,[],[],[],[],False,,False,[]
wood_night_01:029428,wood_night_01,clean,N3_SUBPIX,FRESH_FIXED_CONTROL,False,False,True,4.00088320081152,3.748472148092181,4.603621148570548,[],[],[],[],False,,False,[]
wood_night_01:029619,wood_night_01,clean,BASE,FRESH_FIXED_CONTROL,False,False,True,1.5694990517876075,0.9056750274644849,1.642723223237129,[],[],[],[],False,,False,[]
wood_night_01:029619,wood_night_01,clean,N3_SUBPIX,FRESH_FIXED_CONTROL,False,False,True,2.497132021352465,2.448249662056446,2.857435725962229,[],[],[],[],False,,False,[]
wood_night_01:029778,wood_night_01,clean,BASE,FRESH_FIXED_CONTROL,False,False,True,10.991180019123597,5.849645672721971,11.3790358160509,[],[],[],[],False,,False,[]
wood_night_01:029778,wood_night_01,clean,N3_SUBPIX,FRESH_FIXED_CONTROL,False,False,True,14.085643222554909,5.287533761985103,14.335362154678288,[],[],[],[],False,,False,[]
wood_night_01:029837,wood_night_01,clean,BASE,FRESH_FIXED_CONTROL,False,False,True,1.9561473569447985,1.460085579681525,2.1484436096824377,[],[],[],[],False,,False,[]
wood_night_01:029837,wood_night_01,clean,N3_SUBPIX,FRESH_FIXED_CONTROL,False,False,True,2.7425027666594737,1.0362352119311433,2.779971441481205,[],[],[],[],False,,False,[]
wood_night_01:029892,wood_night_01,clean,BASE,FRESH_FIXED_CONTROL,False,False,True,1.2196065301654049,0.755707381657076,1.28296849083038,[],[],[],[],False,,False,[]
wood_night_01:029892,wood_night_01,clean,N3_SUBPIX,FRESH_FIXED_CONTROL,False,False,True,0.8458609976144282,1.8413642599816087,1.4210329857576132,[],[],[],[],False,,False,[]
wood_night_01:029919,wood_night_01,moderate,BASE,FRESH_FIXED_CONTROL,False,False,True,1.3652397565328762,0.9574868137782097,1.4214432797488927,[],[],[],[],False,,False,[]
wood_night_01:029919,wood_night_01,moderate,N3_SUBPIX,FRESH_FIXED_CONTROL,False,False,True,3.933521588275837,2.0835813078674263,4.048812061374045,[],[],[],[],False,,False,[]
wood_night_01:029973,wood_night_01,clean,BASE,FRESH_FIXED_CONTROL,False,False,True,1.486364398688374,1.9479857392562656,1.8619352071914257,[],[],[],[],False,,False,[]
wood_night_01:029973,wood_night_01,clean,N3_SUBPIX,FRESH_FIXED_CONTROL,False,False,True,3.019112454723793,2.3420005304261053,3.1761799401530797,[],[],[],[],False,,False,[]
wood_night_01:030019,wood_night_01,clean,BASE,FRESH_FIXED_CONTROL,False,False,True,2.2508998159217213,3.288969098542277,2.9448430198238436,[],[],[],[],False,,False,[]
wood_night_01:030019,wood_night_01,clean,N3_SUBPIX,FRESH_FIXED_CONTROL,False,False,True,0.9651667800786128,2.985396041568154,2.2721419863582053,[],[],[],[],False,,False,[]
wood_night_01:030046,wood_night_01,clean,BASE,FRESH_FIXED_CONTROL,False,False,True,4.5948496594439145,2.0600181020061026,4.703562899928556,[],[],[],[],False,,False,[]
wood_night_01:030046,wood_night_01,clean,N3_SUBPIX,FRESH_FIXED_CONTROL,False,False,True,4.199651526756928,1.5578363920277918,4.268472227810184,[],[],[],[],False,,False,[]
wood_night_01:030101,wood_night_01,clean,BASE,FRESH_FIXED_CONTROL,False,False,True,5.293229274660696,3.1751319690882713,5.5161632734927135,[],[],[],[],False,,False,[]
wood_night_01:030101,wood_night_01,clean,N3_SUBPIX,FRESH_FIXED_CONTROL,False,False,True,2.6262666793425713,2.8357052466964827,3.0151800978820495,[],[],[],[],False,,False,[]
wood_night_01:030192,wood_night_01,clean,BASE,FRESH_FIXED_CONTROL,False,False,True,3.25781537978658,1.743869716450461,3.4098573834599586,[],[],[],[],False,,False,[]
wood_night_01:030192,wood_night_01,clean,N3_SUBPIX,FRESH_FIXED_CONTROL,False,False,True,3.0449762189639564,1.4409078828021287,3.1337510158088238,[],[],[],[],False,,False,[]
wood_night_01:030219,wood_night_01,clean,BASE,FRESH_FIXED_CONTROL,False,False,True,1.6719687831146377,1.7522042141864742,1.998771306226562,[],[],[],[],False,,False,[]
wood_night_01:030219,wood_night_01,clean,N3_SUBPIX,FRESH_FIXED_CONTROL,False,False,True,1.713581940567431,1.502069528436155,1.953235445959211,[],[],[],[],False,,False,[]
wood_night_01:030273,wood_night_01,clean,BASE,FRESH_FIXED_CONTROL,False,False,True,6.873085298983978,3.3207431903096998,7.125353045354658,[],[],[],[],False,,False,[]
wood_night_01:030273,wood_night_01,clean,N3_SUBPIX,FRESH_FIXED_CONTROL,False,False,True,5.800459368214255,2.3790523792372573,5.93160361018167,[],[],[],[],False,,False,[]
wood_night_01:030282,wood_night_01,clean,BASE,FRESH_FIXED_CONTROL,False,False,True,2.8598652288557247,3.250408763290469,3.40265151193257,[],[],[],[],False,,False,[]
wood_night_01:030282,wood_night_01,clean,N3_SUBPIX,FRESH_FIXED_CONTROL,False,False,True,2.3495538413711414,3.1078755369126747,2.822146158609566,[],[],[],[],False,,False,[]
wood_night_01:030328,wood_night_01,clean,BASE,FRESH_FIXED_CONTROL,False,False,True,7.480004900750442,1.8432116356439194,7.529471254696688,[],[],[],[],False,,False,[]
wood_night_01:030328,wood_night_01,clean,N3_SUBPIX,FRESH_FIXED_CONTROL,False,False,True,6.798203052048231,1.5694925585083699,6.8343293194535955,[],[],[],[],False,,False,[]
wood_night_01:030373,wood_night_01,clean,BASE,FRESH_FIXED_CONTROL,False,False,True,6.380268236932456,0.9315678201167089,6.405062242563096,[],[],[],[],False,,False,[]
wood_night_01:030373,wood_night_01,clean,N3_SUBPIX,FRESH_FIXED_CONTROL,False,False,True,3.403940930258467,0.8115609908079666,3.4375195745931424,[],[],[],[],False,,False,[]
wood_night_01:030410,wood_night_01,moderate,BASE,FRESH_FIXED_CONTROL,False,False,True,7.788251242645808,0.6546054931820999,7.800100414608571,[],[],[],[],False,,False,[]
wood_night_01:030410,wood_night_01,moderate,N3_SUBPIX,FRESH_FIXED_CONTROL,False,False,True,8.849919872283325,0.7231890811304568,8.862703015445431,[],[],[],[],False,,False,[]
wood_night_01:030589,wood_night_01,clean,BASE,FRESH_FIXED_CONTROL,False,False,True,7.63954404049387,5.087450618244626,7.968753500784609,[],[],[],[],False,,False,[]
wood_night_01:030589,wood_night_01,clean,N3_SUBPIX,FRESH_FIXED_CONTROL,False,False,True,5.473992900184329,3.1140611656488253,5.688994516246209,[],[],[],[],False,,False,[]
wood_night_01:030607,wood_night_01,clean,BASE,FRESH_FIXED_CONTROL,False,False,True,6.010803220063387,3.0065512619812362,6.131556851928426,[],[],[],[],False,,False,[]
wood_night_01:030607,wood_night_01,clean,N3_SUBPIX,FRESH_FIXED_CONTROL,False,False,True,4.289797824008631,0.5674376267199819,4.304084471911541,[],[],[],[],False,,False,[]
wood_night_01:030652,wood_night_01,clean,BASE,FRESH_FIXED_CONTROL,False,False,True,4.131426714393755,6.906006511136229,5.250517880334524,[],[],[],[],False,,False,[]
wood_night_01:030652,wood_night_01,clean,N3_SUBPIX,FRESH_FIXED_CONTROL,False,False,True,1.500231365997962,5.547824678117853,3.6361720283519916,[],[],[],[],False,,False,[]
wood_night_01:030698,wood_night_01,clean,BASE,FRESH_FIXED_CONTROL,False,False,True,1.6290912592314744,2.983867230608504,2.6389148832610845,[],[],[],[],False,,False,[]
wood_night_01:030698,wood_night_01,clean,N3_SUBPIX,FRESH_FIXED_CONTROL,False,False,True,0.6646697813443607,2.234777242627375,1.715637123042639,[],[],[],[],False,,False,[]
wood_night_01:030707,wood_night_01,clean,BASE,FRESH_FIXED_CONTROL,False,False,True,1.4559107470969876,2.048820641617183,2.057801781193353,[],[],[],[],False,,False,[]
wood_night_01:030707,wood_night_01,clean,N3_SUBPIX,FRESH_FIXED_CONTROL,False,False,True,1.209598961113895,1.4334903199248752,1.4423516078474505,[],[],[],[],False,,False,[]
wood_night_01:030743,wood_night_01,clean,BASE,FRESH_FIXED_CONTROL,False,False,True,14.390520940584178,7.631070698045531,14.681887102484609,[],[],[],[],False,,False,[]
wood_night_01:030743,wood_night_01,clean,N3_SUBPIX,FRESH_FIXED_CONTROL,False,False,True,11.520733643741451,7.5436466077993325,11.912388035922007,[],[],[],[],False,,False,[]
wood_night_01:030771,wood_night_01,clean,BASE,FRESH_FIXED_CONTROL,False,False,True,10.44413570675248,5.734116393566536,10.664218895315278,[],[],[],[],False,,False,[]
wood_night_01:030771,wood_night_01,clean,N3_SUBPIX,FRESH_FIXED_CONTROL,False,False,True,11.264015097225366,5.982894037094179,11.483051671484425,[],[],[],[],False,,False,[]
wood_night_01:030825,wood_night_01,clean,BASE,FRESH_FIXED_CONTROL,False,False,True,1.8624618218244287,2.898253548167288,2.521348244668198,[],[],[],[],False,,False,[]
wood_night_01:030825,wood_night_01,clean,N3_SUBPIX,FRESH_FIXED_CONTROL,False,False,True,0.194292130105806,2.4873377348855588,1.7841003350765279,[],[],[],[],False,,False,[]
wood_night_01:030898,wood_night_01,clean,BASE,FRESH_FIXED_CONTROL,False,False,True,4.616163378336326,5.355483724316375,5.316381435848576,[],[],[],[],False,,False,[]
wood_night_01:030898,wood_night_01,clean,N3_SUBPIX,FRESH_FIXED_CONTROL,False,False,True,6.245094581493626,5.051821901906988,6.6939711088449565,[],[],[],[],False,,False,[]
wood_night_01:030925,wood_night_01,clean,BASE,FRESH_FIXED_CONTROL,False,False,True,4.616883453446692,5.402445453834517,5.410975488169924,[],[],[],[],False,,False,[]
wood_night_01:030925,wood_night_01,clean,N3_SUBPIX,FRESH_FIXED_CONTROL,False,False,True,4.482644025013249,4.308193262503249,4.97358586978731,[],[],[],[],False,,False,[]
wood_night_01:031153,wood_night_01,clean,BASE,FRESH_FIXED_CONTROL,False,False,True,45.41409341595361,60.709123491664364,58.62216543576418,[],[],[],[],False,,False,[]
wood_night_01:031153,wood_night_01,clean,N3_SUBPIX,FRESH_FIXED_CONTROL,False,False,True,124.72702372592666,25.61820017944615,125.98564646930122,[],[],[],[],False,,False,[]
wood_night_01:031217,wood_night_01,clean,BASE,FRESH_FIXED_CONTROL,False,False,True,120.42571015863635,82.85697263232835,130.22191287692186,[],[],[],[],False,,False,[]
wood_night_01:031217,wood_night_01,clean,N3_SUBPIX,FRESH_FIXED_CONTROL,False,False,True,35.55224935485022,2.500250629305779,35.5939510703564,[],[],[],[],False,,False,[]
wood_night_01:031244,wood_night_01,clean,BASE,FRESH_FIXED_CONTROL,False,False,True,15.54142080619558,5.15053845209594,15.77681848511191,[],[],[],[],False,,False,[]
wood_night_01:031244,wood_night_01,clean,N3_SUBPIX,FRESH_FIXED_CONTROL,False,False,True,9.476502935561856,4.008667412016622,9.750686010616432,[],[],[],[],False,,False,[]
wood_night_01:031298,wood_night_01,clean,BASE,FRESH_FIXED_CONTROL,False,False,True,128.15185538152772,87.41763753516565,136.94547459384515,[],[],[],[],False,,False,[]
wood_night_01:031298,wood_night_01,clean,N3_SUBPIX,FRESH_FIXED_CONTROL,False,False,True,24.92204768750483,3.4850682889147446,25.040655868043093,[],[],[],[],False,,False,[]
wood_night_01:031344,wood_night_01,clean,BASE,FRESH_FIXED_CONTROL,False,False,True,153.75131619120913,85.4317123498072,160.6589301974522,[],[],[],[],False,,False,[]
wood_night_01:031344,wood_night_01,clean,N3_SUBPIX,FRESH_FIXED_CONTROL,False,False,True,168.7714034902282,86.72591503792124,175.20377039856382,[],[],[],[],False,,False,[]
wood_night_01:031426,wood_night_01,clean,BASE,FRESH_FIXED_CONTROL,False,False,True,183.07850477473974,81.35773164253604,188.9915223699912,[],[],[],[],False,,False,[]
wood_night_01:031426,wood_night_01,clean,N3_SUBPIX,FRESH_FIXED_CONTROL,False,False,True,174.7568271983788,81.68718716181729,180.98844156077627,[],[],[],[],False,,False,[]
wood_night_01:031571,wood_night_01,clean,BASE,FRESH_FIXED_CONTROL,False,False,True,4.453352759813104,3.193109318022731,4.81774944543047,[],[],[],[],False,,False,[]
wood_night_01:031571,wood_night_01,clean,N3_SUBPIX,FRESH_FIXED_CONTROL,False,False,True,164.79222172558548,81.6674363892432,172.45262220390157,[],[],[],[],False,,False,[]
wood_night_01:031671,wood_night_01,clean,BASE,FRESH_FIXED_CONTROL,False,False,True,32.06255873517536,4.011427891830143,32.17302468966109,[],[],[],[],False,,False,[]
wood_night_01:031671,wood_night_01,clean,N3_SUBPIX,FRESH_FIXED_CONTROL,False,False,True,167.92537200948746,88.12951624655447,175.19609981909667,[],[],[],[],False,,False,[]
wood_night_01:031853,wood_night_01,clean,BASE,FRESH_FIXED_CONTROL,False,False,True,149.17835942989726,81.59898275408858,157.3809517201397,[],[],[],[],False,,False,[]
wood_night_01:031853,wood_night_01,clean,N3_SUBPIX,FRESH_FIXED_CONTROL,False,False,True,4.842705842129921,3.3616167278823577,5.216149368687102,[],[],[],[],False,,False,[]
wood_night_01:031953,wood_night_01,clean,BASE,FRESH_FIXED_CONTROL,False,False,True,127.73430774244139,80.32175251075695,137.75963313634907,[],[],[],[],False,,False,[]
wood_night_01:031953,wood_night_01,clean,N3_SUBPIX,FRESH_FIXED_CONTROL,False,False,True,16.822885660322846,2.000973379643897,16.872945803182855,[],[],[],[],False,,False,[]
wood_night_01:032089,wood_night_01,moderate,BASE,FRESH_FIXED_CONTROL,False,False,True,40.47288288466146,2.6847523866134404,40.51084549253321,[],[],[],[],False,,False,[]
wood_night_01:032089,wood_night_01,moderate,N3_SUBPIX,FRESH_FIXED_CONTROL,False,False,True,40.21395706182085,1.6747335417079934,40.229235115071276,[],[],[],[],False,,False,[]
wood_night_01:032167,wood_night_01,moderate,BASE,FRESH_FIXED_CONTROL,False,False,True,32.13099202286536,85.71555440524168,72.02030864854669,[],[],[],[],False,,False,[]
wood_night_01:032167,wood_night_01,moderate,N3_SUBPIX,FRESH_FIXED_CONTROL,False,False,True,32.64600892579741,85.65477273158241,72.13342707475017,[],[],[],[],False,,False,[]
wood_night_01:032276,wood_night_01,moderate,BASE,FRESH_FIXED_CONTROL,False,False,True,7.892818550789052,5.468526417008054,8.480152135691553,[],[],[],[],False,,False,[]
wood_night_01:032276,wood_night_01,moderate,N3_SUBPIX,FRESH_FIXED_CONTROL,False,False,True,7.9046376978335315,5.871437044657749,8.583136096638192,[],[],[],[],False,,False,[]
wood_night_01:032376,wood_night_01,moderate,BASE,FRESH_FIXED_CONTROL,False,False,True,40.75929800548524,86.01423298093125,75.56259388080888,[],[],[],[],False,,False,[]
wood_night_01:032376,wood_night_01,moderate,N3_SUBPIX,FRESH_FIXED_CONTROL,False,False,True,39.21701276552488,86.73926859586669,75.41411165027134,[],[],[],[],False,,False,[]
wood_night_01:032494,wood_night_01,moderate,BASE,FRESH_FIXED_CONTROL,False,False,True,5.683665083681662,5.198593125097025,6.630117549673137,[],[],[],[],False,,False,[]
wood_night_01:032494,wood_night_01,moderate,N3_SUBPIX,FRESH_FIXED_CONTROL,False,False,True,3.754023810837601,6.162686462088011,5.963762886534694,[],[],[],[],False,,False,[]
wood_night_01:032645,wood_night_01,moderate,BASE,FRESH_FIXED_CONTROL,False,False,True,11.71674041402383,2.2197783481254123,11.780416697382687,[],[],[],[],False,,False,[]
wood_night_01:032645,wood_night_01,moderate,N3_SUBPIX,FRESH_FIXED_CONTROL,False,False,True,10.640690017858244,1.713089001419007,10.684262247389167,[],[],[],[],False,,False,[]
wood_night_01:032781,wood_night_01,moderate,BASE,FRESH_FIXED_CONTROL,False,False,True,20.931937931851273,88.80037058510419,70.87290612146786,[],[],[],[],False,,False,[]
wood_night_01:032781,wood_night_01,moderate,N3_SUBPIX,FRESH_FIXED_CONTROL,False,False,True,25.420132202926283,88.90488273671434,71.72957163871226,[],[],[],[],False,,False,[]
wood_night_01:032890,wood_night_01,moderate,BASE,FRESH_FIXED_CONTROL,False,False,True,10.607011715962116,1.839738412238616,10.6765777899681,[],[],[],[],False,,False,[]
wood_night_01:032890,wood_night_01,moderate,N3_SUBPIX,FRESH_FIXED_CONTROL,False,False,True,14.192911722648066,2.1002804260737555,14.260321063039594,[],[],[],[],False,,False,[]
wood_night_01:033279,wood_night_01,moderate,BASE,FRESH_FIXED_CONTROL,False,False,True,9.170148537724966,0.4978486504072599,9.175358685842339,[],[],[],[],False,,False,[]
wood_night_01:033279,wood_night_01,moderate,N3_SUBPIX,FRESH_FIXED_CONTROL,False,False,True,1.3933789076352063,3.03346296771709,2.3072829578705196,[],[],[],[],False,,False,[]
wood_night_01:033297,wood_night_01,moderate,BASE,FRESH_FIXED_CONTROL,False,False,True,26.38250005040852,4.234054736641805,26.455222127650263,[],[],[],[],False,,False,[]
wood_night_01:033297,wood_night_01,moderate,N3_SUBPIX,FRESH_FIXED_CONTROL,False,False,True,23.882226114927395,2.139906190918855,23.901772295053025,[],[],[],[],False,,False,[]
wood_night_01:033640,wood_night_01,moderate,BASE,FRESH_FIXED_CONTROL,False,False,True,7.896851501830845,2.000040296836539,7.978341903685979,[],[],[],[],False,,False,[]
wood_night_01:033640,wood_night_01,moderate,N3_SUBPIX,FRESH_FIXED_CONTROL,False,False,True,6.954815880660645,2.1652046202923465,7.057071609469413,[],[],[],[],False,,False,[]
