scene_id,condition,solver,pose_available,translation_cm,rotation_deg,ADD_m,false_removed_count,wrong_retained_count,correct_remaining_count,remaining_count,inlier_correct_count,inlier_wrong_count,inliers,condition_number,reason,candidate_count,eligible_candidate_count,refit_count,generic_calls,lm_calls
ANALYTIC_000,VALID_ONLY,STANDARD,True,0.9439049884064435,0.6607471895862732,0.011348774997998428,0,0,8,8,8,0,"[0, 1, 2, 3, 4, 5, 6, 7]",1.4095644268088772,new_pose_estimated,2,2,1,2,1
ANALYTIC_000,VALID_ONLY,ROBUST,True,0.9439049884064435,0.6607471895862732,0.011348774997998428,0,0,8,8,8,0,"[0, 1, 2, 3, 4, 5, 6, 7]",1.4095644268088772,new_pose_estimated,160,160,3,143,3
ANALYTIC_000,DROP_ONE_CORRECT,STANDARD,True,1.5730091632535408,0.5959809867090697,0.016867503974503407,1,0,7,7,7,0,"[0, 1, 2, 3, 4, 5, 6]",1.6623342847476852,new_pose_estimated,2,2,1,2,1
ANALYTIC_000,DROP_ONE_CORRECT,ROBUST,True,1.5730091632535408,0.5959809867090697,0.016867503974503407,1,0,7,7,7,0,"[0, 1, 2, 3, 4, 5, 6]",1.6623342847476852,new_pose_estimated,160,82,3,3,3
ANALYTIC_000,DROP_TWO_CORRECT,STANDARD,True,1.2705685479315767,0.7721360770641209,0.014943279112498702,2,0,6,6,6,0,"[0, 1, 2, 3, 4, 5]",1.9463147629778634,new_pose_estimated,2,2,1,2,1
ANALYTIC_000,DROP_TWO_CORRECT,ROBUST,True,1.2705685479315767,0.7721360770641209,0.014943279112498702,2,0,6,6,6,0,"[0, 1, 2, 3, 4, 5]",1.9463147629778634,new_pose_estimated,160,36,3,3,3
ANALYTIC_000,KEEP_ONE_WRONG,STANDARD,True,3.640796369742832,1.8660230394900013,0.042081417599410365,0,1,7,8,6,0,"[1, 2, 4, 5, 6, 7]",1.4276418261517196,new_pose_estimated,2,2,1,2,1
ANALYTIC_000,KEEP_ONE_WRONG,ROBUST,True,0.8585557962281298,0.723579595338894,0.011003417045166775,0,1,7,8,7,0,"[1, 2, 3, 4, 5, 6, 7]",1.3425844381834071,new_pose_estimated,143,143,3,143,3
ANALYTIC_000,KEEP_TWO_WRONG,STANDARD,True,11.220806955383424,4.025312637134075,0.11993106301080088,0,2,6,8,6,0,"[1, 2, 4, 5, 6, 7]",1.385395736631818,new_pose_estimated,2,2,1,2,1
ANALYTIC_000,KEEP_TWO_WRONG,ROBUST,True,19.39240824555788,3.8273489532893836,0.19762430471168396,0,2,6,8,6,1,"[0, 1, 2, 4, 5, 6, 7]",1.3042366382037625,new_pose_estimated,155,155,3,143,3
ANALYTIC_000,DROP_KEEP_ONE_EACH,STANDARD,True,6.666699343078059,1.802706610372702,0.06979843886435969,1,1,6,7,5,0,"[1, 2, 4, 5, 6]",1.6809995472088768,new_pose_estimated,2,2,1,2,1
ANALYTIC_000,DROP_KEEP_ONE_EACH,ROBUST,True,1.6537526945385579,0.6765790616642083,0.017922456010315953,1,1,6,7,6,0,"[1, 2, 3, 4, 5, 6]",1.576954607305497,new_pose_estimated,152,74,3,143,3
ANALYTIC_000,DROP_KEEP_TWO_EACH,STANDARD,True,13.480715718938868,2.313258187798631,0.13678989006816855,2,2,4,6,4,0,"[1, 2, 4, 5]",1.929015938478454,new_pose_estimated,2,2,1,2,1
ANALYTIC_000,DROP_KEEP_TWO_EACH,ROBUST,True,16.553341638184726,3.7612535736992636,0.17053780567023175,2,2,4,6,4,1,"[1, 2, 3, 4, 5]",1.730118383902529,new_pose_estimated,156,36,3,143,3
ANALYTIC_000,TWO_COHERENT_WRONG,STANDARD,True,26.207295530285723,5.177912999992084,0.2670569384170055,0,2,6,8,5,2,"[0, 1, 2, 3, 4, 6, 7]",1.3988644358333007,new_pose_estimated,2,2,1,2,1
ANALYTIC_000,TWO_COHERENT_WRONG,ROBUST,True,23.661855341660527,5.020848843966498,0.24185628184727337,0,2,6,8,6,2,"[0, 1, 2, 3, 4, 5, 6, 7]",1.4029336293465378,new_pose_estimated,160,160,3,143,3
ANALYTIC_000,FOUR_VALID,STANDARD,True,36.6574208768079,88.67349774781245,1.2164514612890969,4,0,4,4,4,0,"[0, 1, 2, 4]",2.9479766086389576,new_pose_estimated,2,2,1,2,1
ANALYTIC_000,FOUR_VALID,ROBUST,True,36.6574208768079,88.67349774781245,1.2164514612890969,4,0,4,4,4,0,"[0, 1, 2, 4]",2.9479766086389576,new_pose_estimated,160,2,2,2,2
ANALYTIC_000,FIVE_VALID,STANDARD,True,0.8353324062285931,0.7355228360745679,0.01143108072350011,3,0,5,5,5,0,"[0, 1, 2, 4, 5]",1.7323643245859537,new_pose_estimated,2,2,1,2,1
ANALYTIC_000,FIVE_VALID,ROBUST,True,0.8353324062285931,0.7355228360745679,0.01143108072350011,3,0,5,5,5,0,"[0, 1, 2, 4, 5]",1.7323643245859537,new_pose_estimated,160,12,3,3,3
ANALYTIC_000,NEAR_COLLINEAR,STANDARD,True,94.08301958771881,179.82142654659086,1.6081544113286053,0,8,0,8,0,0,[],1.8505297579266882,new_pose_estimated,4,4,1,2,1
ANALYTIC_000,NEAR_COLLINEAR,ROBUST,True,263.6061773194633,92.95127355110851,2.7999926570783664,0,8,0,8,0,4,"[0, 1, 2, 3]",28.170457142977604,new_pose_estimated,161,161,3,143,3
ANALYTIC_001,VALID_ONLY,STANDARD,True,0.2520974185277042,0.39031605235457123,0.004445950021588825,0,0,8,8,8,0,"[0, 1, 2, 3, 4, 5, 6, 7]",1.3942548115092397,new_pose_estimated,2,2,1,2,1
ANALYTIC_001,VALID_ONLY,ROBUST,True,0.2520974185277042,0.39031605235457123,0.004445950021588825,0,0,8,8,8,0,"[0, 1, 2, 3, 4, 5, 6, 7]",1.3942548115092397,new_pose_estimated,164,164,3,143,3
ANALYTIC_001,DROP_ONE_CORRECT,STANDARD,True,0.13263186866686533,0.3635155710241335,0.003432289658420868,1,0,7,7,7,0,"[0, 1, 2, 3, 4, 5, 7]",1.6641552089178906,new_pose_estimated,2,2,1,2,1
ANALYTIC_001,DROP_ONE_CORRECT,ROBUST,True,0.13263186866686533,0.3635155710241335,0.003432289658420868,1,0,7,7,7,0,"[0, 1, 2, 3, 4, 5, 7]",1.6641552089178906,new_pose_estimated,164,82,3,3,3
ANALYTIC_001,DROP_TWO_CORRECT,STANDARD,True,0.3696876683719473,0.17317264596083967,0.004200774641599823,2,0,6,6,6,0,"[0, 1, 2, 3, 4, 7]",2.357841019383804,new_pose_estimated,2,2,1,2,1
ANALYTIC_001,DROP_TWO_CORRECT,ROBUST,True,0.3696876683719473,0.17317264596083967,0.004200774641599823,2,0,6,6,6,0,"[0, 1, 2, 3, 4, 7]",2.357841019383804,new_pose_estimated,164,36,3,3,3
ANALYTIC_001,KEEP_ONE_WRONG,STANDARD,True,2.340971235838059,1.9950863852528662,0.030144448609845925,0,1,7,8,6,0,"[1, 2, 4, 5, 6, 7]",1.4101406049659353,new_pose_estimated,2,2,1,2,1
ANALYTIC_001,KEEP_ONE_WRONG,ROBUST,True,0.4286003134439542,0.3977530587685905,0.00579845503952548,0,1,7,8,7,0,"[0, 1, 2, 4, 5, 6, 7]",1.5409353512626935,new_pose_estimated,164,164,3,143,3
ANALYTIC_001,KEEP_TWO_WRONG,STANDARD,True,10.796211193364737,3.8691723828124194,0.1153435233604278,0,2,6,8,6,0,"[1, 2, 4, 5, 6, 7]",1.3800281310161484,new_pose_estimated,2,2,1,2,1
ANALYTIC_001,KEEP_TWO_WRONG,ROBUST,True,18.99771112283232,3.835216943996107,0.19358208755899256,0,2,6,8,6,1,"[1, 2, 3, 4, 5, 6, 7]",1.5982301406827786,new_pose_estimated,160,160,3,143,3
ANALYTIC_001,DROP_KEEP_ONE_EACH,STANDARD,True,10.71185103990056,2.382269709260165,0.10981588855517646,1,1,6,7,5,0,"[1, 2, 4, 5, 7]",1.669705422093814,new_pose_estimated,2,2,1,2,1
ANALYTIC_001,DROP_KEEP_ONE_EACH,ROBUST,True,0.2501049130001918,0.3580618509720559,0.004152724457669634,1,1,6,7,6,0,"[0, 1, 2, 4, 5, 7]",1.5850167784604063,new_pose_estimated,160,78,3,143,3
ANALYTIC_001,DROP_KEEP_TWO_EACH,STANDARD,True,47.98646594350889,90.91374073603978,1.2563750882158624,2,2,4,6,4,0,"[1, 2, 4, 7]",2.487989463167744,new_pose_estimated,2,2,1,2,1
ANALYTIC_001,DROP_KEEP_TWO_EACH,ROBUST,True,1.1775257368377596,8.535524176251075,0.06980721279547218,2,2,4,6,4,1,"[0, 1, 2, 4, 7]",2.3192992074547014,new_pose_estimated,160,36,3,143,3
ANALYTIC_001,TWO_COHERENT_WRONG,STANDARD,True,24.134039923329517,4.995272665979712,0.2463222919328529,0,2,6,8,6,2,"[0, 1, 2, 3, 4, 5, 6, 7]",1.4541900421110754,new_pose_estimated,2,2,1,2,1
ANALYTIC_001,TWO_COHERENT_WRONG,ROBUST,True,24.134039923329517,4.995272665979712,0.2463222919328529,0,2,6,8,6,2,"[0, 1, 2, 3, 4, 5, 6, 7]",1.4541900421110754,new_pose_estimated,164,164,3,143,3
ANALYTIC_001,FOUR_VALID,STANDARD,True,0.8066827330684373,0.23795517908511166,0.008376168875135426,4,0,4,4,4,0,"[0, 1, 2, 4]",2.8133253881750773,new_pose_estimated,2,2,1,2,1
ANALYTIC_001,FOUR_VALID,ROBUST,True,0.8066827330684373,0.23795517908511166,0.008376168875135426,4,0,4,4,4,0,"[0, 1, 2, 4]",2.8133253881750773,new_pose_estimated,164,2,2,2,2
ANALYTIC_001,FIVE_VALID,STANDARD,True,0.7983337511415043,0.4724606422612846,0.009235485092630336,3,0,5,5,5,0,"[0, 1, 2, 4, 5]",1.7866979785216286,new_pose_estimated,2,2,1,2,1
ANALYTIC_001,FIVE_VALID,ROBUST,True,0.7983337511415043,0.4724606422612846,0.009235485092630336,3,0,5,5,5,0,"[0, 1, 2, 4, 5]",1.7866979785216286,new_pose_estimated,164,12,3,3,3
ANALYTIC_001,NEAR_COLLINEAR,STANDARD,True,100.65495959118505,166.03411149501454,1.632168826793968,0,8,0,8,0,0,[],1.8505297579266882,new_pose_estimated,4,4,1,2,1
ANALYTIC_001,NEAR_COLLINEAR,ROBUST,True,264.26365396304277,78.4629244313166,2.7698641012052123,0,8,0,8,0,4,"[0, 1, 2, 3]",28.170457142977604,new_pose_estimated,161,161,3,143,3
ANALYTIC_002,VALID_ONLY,STANDARD,True,2.764578922659158,0.6775081004741429,0.028392028439188796,0,0,8,8,8,0,"[0, 1, 2, 3, 4, 5, 6, 7]",1.368994570324293,new_pose_estimated,2,2,1,2,1
ANALYTIC_002,VALID_ONLY,ROBUST,True,2.764578922659158,0.6775081004741429,0.028392028439188796,0,0,8,8,8,0,"[0, 1, 2, 3, 4, 5, 6, 7]",1.368994570324293,new_pose_estimated,160,160,3,143,3
ANALYTIC_002,DROP_ONE_CORRECT,STANDARD,True,3.972568876860569,0.7676592484347693,0.04041050160638903,1,0,7,7,7,0,"[0, 1, 2, 3, 4, 5, 7]",1.636690469467204,new_pose_estimated,2,2,1,2,1
ANALYTIC_002,DROP_ONE_CORRECT,ROBUST,True,3.972568876860569,0.7676592484347693,0.04041050160638903,1,0,7,7,7,0,"[0, 1, 2, 3, 4, 5, 7]",1.636690469467204,new_pose_estimated,160,78,3,3,3
ANALYTIC_002,DROP_TWO_CORRECT,STANDARD,True,1.9050007973255438,0.39885288905803545,0.019479743241144994,2,0,6,6,6,0,"[0, 1, 2, 3, 4, 7]",2.3020942438991367,new_pose_estimated,2,2,1,2,1
ANALYTIC_002,DROP_TWO_CORRECT,ROBUST,True,1.9050007973255438,0.39885288905803545,0.019479743241144994,2,0,6,6,6,0,"[0, 1, 2, 3, 4, 7]",2.3020942438991367,new_pose_estimated,160,36,3,3,3
ANALYTIC_002,KEEP_ONE_WRONG,STANDARD,True,8.37678166092662,2.5192605587370034,0.08766190568030335,0,1,7,8,6,0,"[1, 2, 4, 5, 6, 7]",1.3479251626741158,new_pose_estimated,2,2,1,2,1
ANALYTIC_002,KEEP_ONE_WRONG,ROBUST,True,2.9262716904574884,0.6293803101047318,0.029881071612435334,0,1,7,8,7,0,"[0, 1, 2, 4, 5, 6, 7]",1.3760787802466987,new_pose_estimated,164,164,3,143,3
ANALYTIC_002,KEEP_TWO_WRONG,STANDARD,True,8.237941944962003,3.4123801145187764,0.08791164125893938,0,2,6,8,4,0,"[1, 2, 5, 6]",1.4071258783501988,new_pose_estimated,2,2,1,2,1
ANALYTIC_002,KEEP_TWO_WRONG,ROBUST,True,2.46985466243367,0.6573227973309164,0.02549985813954763,0,2,6,8,6,0,"[0, 1, 2, 5, 6, 7]",1.6019577204367814,new_pose_estimated,140,140,3,143,3
ANALYTIC_002,DROP_KEEP_ONE_EACH,STANDARD,True,5.229241813308225,3.5394703564324987,0.06298513599574358,1,1,6,7,5,0,"[1, 2, 4, 5, 7]",1.6235283785446537,new_pose_estimated,2,2,1,2,1
ANALYTIC_002,DROP_KEEP_ONE_EACH,ROBUST,True,4.565778966245957,0.764790362517192,0.04626682127035471,1,1,6,7,6,0,"[0, 1, 2, 4, 5, 7]",1.6299492935159645,new_pose_estimated,164,82,3,143,3
ANALYTIC_002,DROP_KEEP_TWO_EACH,STANDARD,True,6.598408075999851,5.003967385885921,0.08303115233009933,2,2,4,6,2,0,"[1, 2]",2.3355981586460235,new_pose_estimated,2,2,1,2,1
ANALYTIC_002,DROP_KEEP_TWO_EACH,ROBUST,True,14.174082851192585,9.648908664832932,0.17236770718359634,2,2,4,6,3,1,"[0, 1, 2, 4]",3.083331250060949,new_pose_estimated,140,28,3,143,3
ANALYTIC_002,TWO_COHERENT_WRONG,STANDARD,True,20.183551522061673,1.0465548763340629,0.2021175188260786,0,2,6,8,4,0,"[1, 2, 5, 6]",1.350371824640463,new_pose_estimated,2,2,1,2,1
ANALYTIC_002,TWO_COHERENT_WRONG,ROBUST,True,2.46985466243367,0.6573227973309164,0.02549985813954763,0,2,6,8,6,0,"[0, 1, 2, 5, 6, 7]",1.6019577204367814,new_pose_estimated,152,152,3,143,3
ANALYTIC_002,FOUR_VALID,STANDARD,True,1.632605000875479,0.6658065885563419,0.017633681671657388,4,0,4,4,4,0,"[0, 1, 2, 4]",2.861639276805101,new_pose_estimated,2,2,1,2,1
ANALYTIC_002,FOUR_VALID,ROBUST,True,1.632605000875479,0.6658065885563419,0.017633681671657388,4,0,4,4,4,0,"[0, 1, 2, 4]",2.861639276805101,new_pose_estimated,160,2,2,2,2
ANALYTIC_002,FIVE_VALID,STANDARD,True,4.277376296142113,1.032921855665565,0.043983368283522215,3,0,5,5,5,0,"[0, 1, 2, 4, 5]",1.801859403650899,new_pose_estimated,2,2,1,2,1
ANALYTIC_002,FIVE_VALID,ROBUST,True,4.277376296142113,1.032921855665565,0.043983368283522215,3,0,5,5,5,0,"[0, 1, 2, 4, 5]",1.801859403650899,new_pose_estimated,160,12,3,3,3
ANALYTIC_002,NEAR_COLLINEAR,STANDARD,True,71.50594877266086,171.51313398014938,1.483858378227037,0,8,0,8,0,0,[],1.8505297579266882,new_pose_estimated,4,4,1,2,1
ANALYTIC_002,NEAR_COLLINEAR,ROBUST,True,289.362469652546,101.62341598302459,3.0597485514961535,0,8,0,8,0,4,"[0, 1, 2, 3]",28.170457142977604,new_pose_estimated,161,161,3,143,3
ANALYTIC_003,VALID_ONLY,STANDARD,True,1.7225634114944228,0.1917939344449582,0.01732439046017967,0,0,8,8,8,0,"[0, 1, 2, 3, 4, 5, 6, 7]",1.6041190176447107,new_pose_estimated,2,2,1,2,1
ANALYTIC_003,VALID_ONLY,ROBUST,True,1.7225634114944228,0.1917939344449582,0.01732439046017967,0,0,8,8,8,0,"[0, 1, 2, 3, 4, 5, 6, 7]",1.6041190176447107,new_pose_estimated,164,164,3,143,3
ANALYTIC_003,DROP_ONE_CORRECT,STANDARD,True,1.8615231888414323,0.3401327391308667,0.019002002883125937,1,0,7,7,7,0,"[1, 2, 3, 4, 5, 6, 7]",1.4841345274574518,new_pose_estimated,2,2,1,2,1
ANALYTIC_003,DROP_ONE_CORRECT,ROBUST,True,1.8615231888414323,0.3401327391308667,0.019002002883125937,1,0,7,7,7,0,"[1, 2, 3, 4, 5, 6, 7]",1.4841345274574518,new_pose_estimated,164,82,3,3,3
ANALYTIC_003,DROP_TWO_CORRECT,STANDARD,True,0.793650377624339,0.4012850592844207,0.008719313600009786,2,0,6,6,6,0,"[2, 3, 4, 5, 6, 7]",1.7756168846935474,new_pose_estimated,2,2,1,2,1
ANALYTIC_003,DROP_TWO_CORRECT,ROBUST,True,0.793650377624339,0.4012850592844207,0.008719313600009786,2,0,6,6,6,0,"[2, 3, 4, 5, 6, 7]",1.7756168846935474,new_pose_estimated,164,36,3,3,3
ANALYTIC_003,KEEP_ONE_WRONG,STANDARD,True,12.02357640212256,2.8279744604651555,0.12255058114401224,0,1,7,8,6,0,"[0, 1, 2, 3, 5, 6]",1.6402594910769743,new_pose_estimated,2,2,1,2,1
ANALYTIC_003,KEEP_ONE_WRONG,ROBUST,True,3.515599984100702,0.2325767281040682,0.03523377912146273,0,1,7,8,7,0,"[0, 1, 2, 3, 4, 5, 6]",1.7111716701944062,new_pose_estimated,156,156,3,143,3
ANALYTIC_003,KEEP_TWO_WRONG,STANDARD,True,3.0597627763233928,0.32912263772466804,0.030773554323981357,0,2,6,8,6,0,"[0, 1, 2, 3, 5, 6]",1.6079318641389435,new_pose_estimated,2,2,1,2,1
ANALYTIC_003,KEEP_TWO_WRONG,ROBUST,True,15.973292477800854,5.785709284249135,0.16989303598997635,0,2,6,8,6,1,"[0, 1, 2, 3, 4, 5, 6]",1.7196951300099448,new_pose_estimated,152,152,3,143,3
ANALYTIC_003,DROP_KEEP_ONE_EACH,STANDARD,True,19.831683216406812,98.3110358835808,1.2937883575321705,1,1,6,7,5,0,"[1, 2, 3, 5, 6]",1.441480091435363,new_pose_estimated,2,2,1,2,1
ANALYTIC_003,DROP_KEEP_ONE_EACH,ROBUST,True,3.8269963988882654,0.11030074970411714,0.03828646061402442,1,1,6,7,6,0,"[1, 2, 3, 4, 5, 6]",1.5458144183686513,new_pose_estimated,164,82,3,143,3
ANALYTIC_003,DROP_KEEP_TWO_EACH,STANDARD,True,2.603408560465458,99.62460115082808,1.3007670092987889,2,2,4,6,4,0,"[2, 3, 5, 6]",1.5731473647583318,new_pose_estimated,2,2,1,2,1
ANALYTIC_003,DROP_KEEP_TWO_EACH,ROBUST,True,2.3902601042888074,99.87420306562076,1.3024446536216525,2,2,4,6,4,1,"[2, 3, 4, 5, 6]",1.4332204098231387,new_pose_estimated,156,32,3,143,3
ANALYTIC_003,TWO_COHERENT_WRONG,STANDARD,True,2.2698084636970517,100.06601739720512,1.3043475165466591,0,2,6,8,6,2,"[0, 1, 2, 3, 4, 5, 6, 7]",1.4931618107197986,new_pose_estimated,2,2,1,2,1
ANALYTIC_003,TWO_COHERENT_WRONG,ROBUST,True,2.2698084636970517,100.06601739720512,1.3043475165466591,0,2,6,8,6,2,"[0, 1, 2, 3, 4, 5, 6, 7]",1.4931618107197986,new_pose_estimated,164,164,3,143,3
ANALYTIC_003,FOUR_VALID,STANDARD,True,3.5679595544271905,1.041050998211636,0.03719863587078351,4,0,4,4,4,0,"[0, 1, 2, 4]",2.358833219957008,new_pose_estimated,2,2,1,2,1
ANALYTIC_003,FOUR_VALID,ROBUST,True,3.5679595544271905,1.041050998211636,0.03719863587078351,4,0,4,4,4,0,"[0, 1, 2, 4]",2.358833219957008,new_pose_estimated,164,2,2,2,2
ANALYTIC_003,FIVE_VALID,STANDARD,True,3.33772584713107,0.7048575879002844,0.034098762350297754,3,0,5,5,5,0,"[0, 1, 2, 4, 5]",1.5882704063034354,new_pose_estimated,2,2,1,2,1
ANALYTIC_003,FIVE_VALID,ROBUST,True,3.33772584713107,0.7048575879002844,0.034098762350297754,3,0,5,5,5,0,"[0, 1, 2, 4, 5]",1.5882704063034354,new_pose_estimated,164,12,3,3,3
ANALYTIC_003,NEAR_COLLINEAR,STANDARD,True,43.80651803732842,167.8056293179684,1.3273400892159204,0,8,0,8,0,0,[],1.8505297579266882,new_pose_estimated,4,4,1,2,1
ANALYTIC_003,NEAR_COLLINEAR,ROBUST,True,314.93928339941215,82.58896317796598,3.2534469760211335,0,8,0,8,0,4,"[0, 1, 2, 3]",28.170457142977604,new_pose_estimated,161,161,3,143,3
ANALYTIC_004,VALID_ONLY,STANDARD,True,0.8215237027958147,0.36337408914420044,0.008886856478114605,0,0,8,8,8,0,"[0, 1, 2, 3, 4, 5, 6, 7]",1.4701662072531174,new_pose_estimated,2,2,1,2,1
ANALYTIC_004,VALID_ONLY,ROBUST,True,0.8215237027958147,0.36337408914420044,0.008886856478114605,0,0,8,8,8,0,"[0, 1, 2, 3, 4, 5, 6, 7]",1.4701662072531174,new_pose_estimated,164,164,3,143,3
ANALYTIC_004,DROP_ONE_CORRECT,STANDARD,True,1.0977588180437363,0.3688494288684353,0.011531038484123832,1,0,7,7,7,0,"[0, 1, 2, 3, 5, 6, 7]",1.7641066710111788,new_pose_estimated,2,2,1,2,1
ANALYTIC_004,DROP_ONE_CORRECT,ROBUST,True,1.0977588180437363,0.3688494288684353,0.011531038484123832,1,0,7,7,7,0,"[0, 1, 2, 3, 5, 6, 7]",1.7641066710111788,new_pose_estimated,164,82,3,3,3
ANALYTIC_004,DROP_TWO_CORRECT,STANDARD,True,0.7674056793247658,0.5537502279324817,0.009370524511523164,2,0,6,6,6,0,"[0, 1, 3, 5, 6, 7]",1.8419305030925437,new_pose_estimated,2,2,1,2,1
ANALYTIC_004,DROP_TWO_CORRECT,ROBUST,True,0.7674056793247658,0.5537502279324817,0.009370524511523164,2,0,6,6,6,0,"[0, 1, 3, 5, 6, 7]",1.8419305030925437,new_pose_estimated,164,36,3,3,3
ANALYTIC_004,KEEP_ONE_WRONG,STANDARD,True,1.6331000941467906,2.0342560338933366,0.029460186589717097,0,1,7,8,7,0,"[0, 1, 2, 3, 4, 5, 7]",1.4648911731202516,new_pose_estimated,2,2,1,2,1
ANALYTIC_004,KEEP_ONE_WRONG,ROBUST,True,0.725758707890833,0.3835358326467768,0.008127305332116027,0,1,7,8,7,0,"[0, 1, 2, 3, 4, 5, 7]",1.7230256094655667,new_pose_estimated,156,156,3,143,3
ANALYTIC_004,KEEP_TWO_WRONG,STANDARD,True,36.492342242341834,93.65065079947591,1.2657595392418575,0,2,6,8,4,0,"[1, 2, 4, 7]",1.6225359430444344,new_pose_estimated,2,2,1,2,1
ANALYTIC_004,KEEP_TWO_WRONG,ROBUST,True,1.0765630916654163,0.2886250601160499,0.011089514923729463,0,2,6,8,6,0,"[1, 2, 3, 4, 5, 7]",1.520361141811671,new_pose_estimated,156,156,3,143,3
ANALYTIC_004,DROP_KEEP_ONE_EACH,STANDARD,True,2.2486412548364796,2.1510214411993607,0.02785978522177377,1,1,6,7,5,0,"[0, 1, 2, 3, 7]",1.7585839031561132,new_pose_estimated,2,2,1,2,1
ANALYTIC_004,DROP_KEEP_ONE_EACH,ROBUST,True,1.1531814041089918,0.45570117704541285,0.012372606451839067,1,1,6,7,6,0,"[0, 1, 2, 3, 5, 7]",2.0425213024599036,new_pose_estimated,148,70,3,143,3
ANALYTIC_004,DROP_KEEP_TWO_EACH,STANDARD,True,5.2709544782622,3.451106502813032,0.06260482496271078,2,2,4,6,2,0,"[1, 7]",1.788883965076749,new_pose_estimated,2,2,1,2,1
ANALYTIC_004,DROP_KEEP_TWO_EACH,ROBUST,True,1.1277586247393283,0.49822477402508436,0.01234915702340994,2,2,4,6,4,0,"[1, 3, 5, 7]",1.466871545939774,new_pose_estimated,144,32,3,143,3
ANALYTIC_004,TWO_COHERENT_WRONG,STANDARD,True,6.108477506469512,1.0313569052524814,0.061983981121623434,0,2,6,8,5,0,"[1, 2, 4, 5, 7]",1.4978688836319172,new_pose_estimated,2,2,1,2,1
ANALYTIC_004,TWO_COHERENT_WRONG,ROBUST,True,1.0765630916654163,0.2886250601160499,0.011089514923729463,0,2,6,8,6,0,"[1, 2, 3, 4, 5, 7]",1.520361141811671,new_pose_estimated,160,160,3,143,3
ANALYTIC_004,FOUR_VALID,STANDARD,True,29.2035291937172,90.7289109642945,1.2275729845040457,4,0,4,4,4,0,"[0, 1, 2, 4]",2.9852133560205942,new_pose_estimated,2,2,1,2,1
ANALYTIC_004,FOUR_VALID,ROBUST,True,29.2035291937172,90.7289109642945,1.2275729845040457,4,0,4,4,4,0,"[0, 1, 2, 4]",2.9852133560205942,new_pose_estimated,164,2,2,2,2
ANALYTIC_004,FIVE_VALID,STANDARD,True,0.17326747442628146,0.4490746329564865,0.0061393757935199935,3,0,5,5,5,0,"[0, 1, 2, 4, 5]",1.7410877191100982,new_pose_estimated,2,2,1,2,1
ANALYTIC_004,FIVE_VALID,ROBUST,True,0.17326747442628146,0.4490746329564865,0.0061393757935199935,3,0,5,5,5,0,"[0, 1, 2, 4, 5]",1.7410877191100982,new_pose_estimated,164,12,3,3,3
ANALYTIC_004,NEAR_COLLINEAR,STANDARD,True,144.48280392926952,177.49247324894645,1.9440716654312928,0,8,0,8,0,0,[],1.8505297579266882,new_pose_estimated,4,4,1,2,1
ANALYTIC_004,NEAR_COLLINEAR,ROBUST,True,221.924355650268,90.73349411918349,2.4056203165534344,0,8,0,8,0,4,"[0, 1, 2, 3]",28.170457142977604,new_pose_estimated,161,161,3,143,3
ANALYTIC_005,VALID_ONLY,STANDARD,True,0.16282484761463867,0.14253666862795353,0.0021750485121917436,0,0,8,8,8,0,"[0, 1, 2, 3, 4, 5, 6, 7]",1.3820623049480965,new_pose_estimated,2,2,1,2,1
ANALYTIC_005,VALID_ONLY,ROBUST,True,0.16282484761463867,0.14253666862795353,0.0021750485121917436,0,0,8,8,8,0,"[0, 1, 2, 3, 4, 5, 6, 7]",1.3820623049480965,new_pose_estimated,164,164,3,143,3
ANALYTIC_005,DROP_ONE_CORRECT,STANDARD,True,0.2326819493314878,0.2617880832961428,0.0030742387048472977,1,0,7,7,7,0,"[0, 1, 2, 3, 4, 5, 6]",1.6445229707067566,new_pose_estimated,2,2,1,2,1
ANALYTIC_005,DROP_ONE_CORRECT,ROBUST,True,0.2326819493314878,0.2617880832961428,0.0030742387048472977,1,0,7,7,7,0,"[0, 1, 2, 3, 4, 5, 6]",1.6445229707067566,new_pose_estimated,164,82,3,3,3
ANALYTIC_005,DROP_TWO_CORRECT,STANDARD,True,1.0379046314015037,0.38711710506276126,0.011059888406379738,2,0,6,6,6,0,"[1, 2, 3, 4, 5, 6]",1.57530376822154,new_pose_estimated,2,2,1,2,1
ANALYTIC_005,DROP_TWO_CORRECT,ROBUST,True,1.0379046314015037,0.38711710506276126,0.011059888406379738,2,0,6,6,6,0,"[1, 2, 3, 4, 5, 6]",1.57530376822154,new_pose_estimated,164,34,3,3,3
ANALYTIC_005,KEEP_ONE_WRONG,STANDARD,True,6.793992415008885,2.272941559121111,0.07228623599404185,0,1,7,8,6,0,"[0, 3, 4, 5, 6, 7]",1.3933204470500127,new_pose_estimated,2,2,1,2,1
ANALYTIC_005,KEEP_ONE_WRONG,ROBUST,True,0.41232149674271157,0.15071883772255845,0.004432059607516867,0,1,7,8,7,0,"[0, 2, 3, 4, 5, 6, 7]",1.472054480059749,new_pose_estimated,144,144,3,143,3
ANALYTIC_005,KEEP_TWO_WRONG,STANDARD,True,49.3465942818366,91.72812916484314,1.2671004762383653,0,2,6,8,4,0,"[0, 3, 4, 7]",1.5270192787695696,new_pose_estimated,2,2,1,2,1
ANALYTIC_005,KEEP_TWO_WRONG,ROBUST,True,0.26370903481102265,0.3174796639825381,0.004615026429221238,0,2,6,8,6,0,"[0, 2, 3, 4, 6, 7]",1.7024355814362255,new_pose_estimated,156,156,3,143,3
ANALYTIC_005,DROP_KEEP_ONE_EACH,STANDARD,True,9.448311444314179,2.787296710192182,0.09895028975349845,1,1,6,7,5,0,"[0, 3, 4, 5, 6]",1.636094875519582,new_pose_estimated,2,2,1,2,1
ANALYTIC_005,DROP_KEEP_ONE_EACH,ROBUST,True,0.44960269922240376,0.28483057720443505,0.0052038189816437635,1,1,6,7,6,0,"[0, 2, 3, 4, 5, 6]",1.688895950962266,new_pose_estimated,164,82,3,143,3
ANALYTIC_005,DROP_KEEP_TWO_EACH,STANDARD,True,14.470321177723541,2.798683902316642,0.1472002132101598,2,2,4,6,2,0,"[3, 4]",1.6236029111991155,new_pose_estimated,2,2,1,2,1
ANALYTIC_005,DROP_KEEP_TWO_EACH,ROBUST,True,0.8853028629632859,0.47687888923329974,0.009958532789983841,2,2,4,6,4,0,"[2, 3, 4, 6]",1.3920644193054466,new_pose_estimated,158,34,3,143,3
ANALYTIC_005,TWO_COHERENT_WRONG,STANDARD,True,17.671410111625725,0.7911208294438672,0.1768764859406746,0,2,6,8,4,0,"[0, 3, 4, 7]",1.4036433216989819,new_pose_estimated,2,2,1,2,1
ANALYTIC_005,TWO_COHERENT_WRONG,ROBUST,True,0.26370903481102265,0.3174796639825381,0.004615026429221238,0,2,6,8,6,0,"[0, 2, 3, 4, 6, 7]",1.7024355814362255,new_pose_estimated,164,164,3,143,3
ANALYTIC_005,FOUR_VALID,STANDARD,True,0.7647678207357831,0.8103650502758424,0.0133029006203127,4,0,4,4,4,0,"[0, 1, 2, 4]",2.6002754879462686,new_pose_estimated,2,2,1,2,1
ANALYTIC_005,FOUR_VALID,ROBUST,True,0.7647678207357831,0.8103650502758424,0.0133029006203127,4,0,4,4,4,0,"[0, 1, 2, 4]",2.6002754879462686,new_pose_estimated,164,2,2,2,2
ANALYTIC_005,FIVE_VALID,STANDARD,True,0.4484645270257559,0.12903826491602438,0.00473301048281927,3,0,5,5,5,0,"[0, 1, 2, 4, 5]",1.6631814628112105,new_pose_estimated,2,2,1,2,1
ANALYTIC_005,FIVE_VALID,ROBUST,True,0.4484645270257559,0.12903826491602438,0.00473301048281927,3,0,5,5,5,0,"[0, 1, 2, 4, 5]",1.6631814628112105,new_pose_estimated,164,12,3,3,3
ANALYTIC_005,NEAR_COLLINEAR,STANDARD,True,98.23325994089545,179.40049786041357,1.6271196986230085,0,8,0,8,0,0,[],1.8505297579266882,new_pose_estimated,4,4,1,2,1
ANALYTIC_005,NEAR_COLLINEAR,ROBUST,True,264.9188221865017,93.44716524616942,2.8140578749564495,0,8,0,8,0,4,"[0, 1, 2, 3]",28.170457142977604,new_pose_estimated,161,161,3,143,3
ANALYTIC_006,VALID_ONLY,STANDARD,True,0.9402157500415311,0.41319122310706635,0.010520988147856548,0,0,8,8,8,0,"[0, 1, 2, 3, 4, 5, 6, 7]",1.525499722487476,new_pose_estimated,2,2,1,2,1
ANALYTIC_006,VALID_ONLY,ROBUST,True,0.9402157500415311,0.41319122310706635,0.010520988147856548,0,0,8,8,8,0,"[0, 1, 2, 3, 4, 5, 6, 7]",1.525499722487476,new_pose_estimated,164,164,3,143,3
ANALYTIC_006,DROP_ONE_CORRECT,STANDARD,True,0.9215912196143813,0.4704469503564889,0.010665392361941063,1,0,7,7,7,0,"[0, 1, 2, 3, 5, 6, 7]",1.7120907692695067,new_pose_estimated,2,2,1,2,1
ANALYTIC_006,DROP_ONE_CORRECT,ROBUST,True,0.9215912196143813,0.4704469503564889,0.010665392361941063,1,0,7,7,7,0,"[0, 1, 2, 3, 5, 6, 7]",1.7120907692695067,new_pose_estimated,164,82,3,3,3
ANALYTIC_006,DROP_TWO_CORRECT,STANDARD,True,1.5429674628242633,0.3123823293468992,0.015823223317826863,2,0,6,6,6,0,"[1, 2, 3, 5, 6, 7]",1.5730864856922369,new_pose_estimated,2,2,1,2,1
ANALYTIC_006,DROP_TWO_CORRECT,ROBUST,True,1.5429674628242633,0.3123823293468992,0.015823223317826863,2,0,6,6,6,0,"[1, 2, 3, 5, 6, 7]",1.5730864856922369,new_pose_estimated,164,36,3,3,3
ANALYTIC_006,KEEP_ONE_WRONG,STANDARD,True,7.923931311156335,2.8757121638526204,0.0847608754594757,0,1,7,8,6,0,"[1, 2, 4, 5, 6, 7]",1.5081840473393602,new_pose_estimated,2,2,1,2,1
ANALYTIC_006,KEEP_ONE_WRONG,ROBUST,True,0.6473335895717224,0.489016041890122,0.008852711474278848,0,1,7,8,7,0,"[0, 1, 2, 4, 5, 6, 7]",1.336392308243231,new_pose_estimated,160,160,3,143,3
ANALYTIC_006,KEEP_TWO_WRONG,STANDARD,True,53.09712224561791,95.5841081798667,1.3119102483767595,0,2,6,8,4,0,"[1, 2, 4, 7]",1.4931758493407365,new_pose_estimated,2,2,1,2,1
ANALYTIC_006,KEEP_TWO_WRONG,ROBUST,True,0.6985021381576548,0.6651190243358218,0.010588587399351253,0,2,6,8,6,0,"[0, 1, 2, 4, 5, 7]",1.442020563066782,new_pose_estimated,164,164,3,143,3
ANALYTIC_006,DROP_KEEP_ONE_EACH,STANDARD,True,2.956655431217026,3.1539782371728617,0.04222475288763795,1,1,6,7,5,0,"[1, 2, 5, 6, 7]",1.6597826828317863,new_pose_estimated,2,2,1,2,1
ANALYTIC_006,DROP_KEEP_ONE_EACH,ROBUST,True,0.5261126307902948,0.5423094507444635,0.008461359840631552,1,1,6,7,6,0,"[0, 1, 2, 5, 6, 7]",1.4914701708707774,new_pose_estimated,152,74,3,143,3
ANALYTIC_006,DROP_KEEP_TWO_EACH,STANDARD,True,18.82741803083578,7.602448988355363,0.20260866879223322,2,2,4,6,3,1,"[1, 2, 3, 7]",1.6430248884061538,new_pose_estimated,2,2,1,2,1
ANALYTIC_006,DROP_KEEP_TWO_EACH,ROBUST,True,16.50941077109833,6.436185555750106,0.17681743508927797,2,2,4,6,4,1,"[1, 2, 3, 5, 7]",1.6193089833315737,new_pose_estimated,152,32,3,143,3
ANALYTIC_006,TWO_COHERENT_WRONG,STANDARD,True,7.225523017290966,1.3550969520605203,0.07371327647440007,0,2,6,8,5,0,"[1, 2, 4, 5, 7]",1.4813447536874582,new_pose_estimated,2,2,1,2,1
ANALYTIC_006,TWO_COHERENT_WRONG,ROBUST,True,0.6985021381576548,0.6651190243358218,0.010588587399351253,0,2,6,8,6,0,"[0, 1, 2, 4, 5, 7]",1.442020563066782,new_pose_estimated,156,156,3,143,3
ANALYTIC_006,FOUR_VALID,STANDARD,True,0.8638323810620118,0.9787375325873293,0.013646107925271928,4,0,4,4,4,0,"[0, 1, 2, 4]",2.428475073964052,new_pose_estimated,2,2,1,2,1
ANALYTIC_006,FOUR_VALID,ROBUST,True,0.8638323810620118,0.9787375325873293,0.013646107925271928,4,0,4,4,4,0,"[0, 1, 2, 4]",2.428475073964052,new_pose_estimated,164,2,2,2,2
ANALYTIC_006,FIVE_VALID,STANDARD,True,0.6120301005248155,0.6100611183002279,0.00896815935181,3,0,5,5,5,0,"[0, 1, 2, 4, 5]",1.5827540574105559,new_pose_estimated,2,2,1,2,1
ANALYTIC_006,FIVE_VALID,ROBUST,True,0.6120301005248155,0.6100611183002279,0.00896815935181,3,0,5,5,5,0,"[0, 1, 2, 4, 5]",1.5827540574105559,new_pose_estimated,164,12,3,3,3
ANALYTIC_006,NEAR_COLLINEAR,STANDARD,True,14.543045810793927,176.37890132788934,1.2965853942745715,0,8,0,8,0,0,[],1.8505297579266882,new_pose_estimated,4,4,1,2,1
ANALYTIC_006,NEAR_COLLINEAR,ROBUST,True,342.5965203296274,96.56678869659586,3.5569397438361854,0,8,0,8,0,4,"[0, 1, 2, 3]",28.170457142977604,new_pose_estimated,161,161,3,143,3
ANALYTIC_007,VALID_ONLY,STANDARD,True,0.6505051478221185,0.49210469183400257,0.008568202531712537,0,0,8,8,8,0,"[0, 1, 2, 3, 4, 5, 6, 7]",1.741402341049772,new_pose_estimated,2,2,1,2,1
ANALYTIC_007,VALID_ONLY,ROBUST,True,0.6505051478221185,0.49210469183400257,0.008568202531712537,0,0,8,8,8,0,"[0, 1, 2, 3, 4, 5, 6, 7]",1.741402341049772,new_pose_estimated,161,161,3,143,3
ANALYTIC_007,DROP_ONE_CORRECT,STANDARD,True,0.5930090105379797,0.5284542307462796,0.008586062512407311,1,0,7,7,7,0,"[0, 1, 2, 3, 4, 6, 7]",1.9657787997862686,new_pose_estimated,2,2,1,2,1
ANALYTIC_007,DROP_ONE_CORRECT,ROBUST,True,0.5930090105379797,0.5284542307462796,0.008586062512407311,1,0,7,7,7,0,"[0, 1, 2, 3, 4, 6, 7]",1.9657787997862686,new_pose_estimated,161,82,3,3,3
ANALYTIC_007,DROP_TWO_CORRECT,STANDARD,True,0.7570588113369361,1.0022133274507004,0.014428747864580562,2,0,6,6,6,0,"[0, 1, 2, 3, 6, 7]",2.1377971920920613,new_pose_estimated,2,2,1,2,1
ANALYTIC_007,DROP_TWO_CORRECT,ROBUST,True,0.7570588113369361,1.0022133274507004,0.014428747864580562,2,0,6,6,6,0,"[0, 1, 2, 3, 6, 7]",2.1377971920920613,new_pose_estimated,161,36,3,3,3
ANALYTIC_007,KEEP_ONE_WRONG,STANDARD,True,2.777271988057534,2.9519254989724684,0.038609459261276194,0,1,7,8,6,0,"[0, 1, 2, 3, 4, 7]",1.8098111860343125,new_pose_estimated,2,2,1,2,1
ANALYTIC_007,KEEP_ONE_WRONG,ROBUST,True,0.8173337729828783,0.5790549128745007,0.010001432902695607,0,1,7,8,7,0,"[0, 1, 2, 3, 4, 5, 7]",1.9318067937561845,new_pose_estimated,160,160,3,143,3
ANALYTIC_007,KEEP_TWO_WRONG,STANDARD,True,37.758767137723645,88.04371488206831,1.2217240036169827,0,2,6,8,4,0,"[0, 1, 2, 3]",1.6515246683946987,new_pose_estimated,2,2,1,2,1
ANALYTIC_007,KEEP_TWO_WRONG,ROBUST,True,0.62845298534385,0.46850971151756854,0.007736101235578959,0,2,6,8,6,0,"[0, 1, 2, 3, 4, 5]",2.0015145026664953,new_pose_estimated,156,156,3,143,3
ANALYTIC_007,DROP_KEEP_ONE_EACH,STANDARD,True,5.326416769079782,5.492568923180959,0.06877858945641603,1,1,6,7,6,0,"[0, 1, 2, 3, 4, 7]",1.893581041020257,new_pose_estimated,2,2,1,2,1
ANALYTIC_007,DROP_KEEP_ONE_EACH,ROBUST,True,5.006579061185447,7.409617256198457,0.07917249255887762,1,1,6,7,6,1,"[0, 1, 2, 3, 4, 6, 7]",1.8750834164414436,new_pose_estimated,156,82,3,143,3
ANALYTIC_007,DROP_KEEP_TWO_EACH,STANDARD,True,40.476371046014876,91.42026578829788,1.2467442162956914,2,2,4,6,4,2,"[0, 1, 2, 3, 6, 7]",2.127856224272502,new_pose_estimated,2,2,1,2,1
ANALYTIC_007,DROP_KEEP_TWO_EACH,ROBUST,True,40.476371046014876,91.42026578829788,1.2467442162956914,2,2,4,6,4,2,"[0, 1, 2, 3, 6, 7]",2.127856224272502,new_pose_estimated,154,36,3,143,3
ANALYTIC_007,TWO_COHERENT_WRONG,STANDARD,True,8.07011780056366,5.065243236957256,0.09706852137883396,0,2,6,8,4,0,"[0, 1, 2, 3]",1.737896676977162,new_pose_estimated,2,2,1,2,1
ANALYTIC_007,TWO_COHERENT_WRONG,ROBUST,True,0.62845298534385,0.46850971151756854,0.007736101235578959,0,2,6,8,6,0,"[0, 1, 2, 3, 4, 5]",2.0015145026664953,new_pose_estimated,158,158,3,143,3
ANALYTIC_007,FOUR_VALID,STANDARD,True,1.4501547249499658,0.5867669620375952,0.015597910187225603,4,0,4,4,4,0,"[0, 1, 2, 4]",3.691415536785956,new_pose_estimated,2,2,1,2,1
ANALYTIC_007,FOUR_VALID,ROBUST,True,1.4501547249499658,0.5867669620375952,0.015597910187225603,4,0,4,4,4,0,"[0, 1, 2, 4]",3.691415536785956,new_pose_estimated,161,2,2,2,2
ANALYTIC_007,FIVE_VALID,STANDARD,True,0.42792878004143214,0.2691616919826389,0.004887572144678833,3,0,5,5,5,0,"[0, 1, 2, 4, 5]",2.163868421400802,new_pose_estimated,2,2,1,2,1
ANALYTIC_007,FIVE_VALID,ROBUST,True,0.42792878004143214,0.2691616919826389,0.004887572144678833,3,0,5,5,5,0,"[0, 1, 2, 4, 5]",2.163868421400802,new_pose_estimated,161,12,3,3,3
ANALYTIC_007,NEAR_COLLINEAR,STANDARD,True,48.022007340049385,179.747245729609,1.3952575770837656,0,8,0,8,0,0,[],1.8505297579266882,new_pose_estimated,4,4,1,2,1
ANALYTIC_007,NEAR_COLLINEAR,ROBUST,True,313.445032163414,98.97579829841503,3.273068535832856,0,8,0,8,0,4,"[0, 1, 2, 3]",28.170457142977604,new_pose_estimated,161,161,3,143,3
ANALYTIC_008,VALID_ONLY,STANDARD,True,0.840778249274313,0.2768968811269135,0.008907135192498833,0,0,8,8,8,0,"[0, 1, 2, 3, 4, 5, 6, 7]",1.526739492170677,new_pose_estimated,2,2,1,2,1
ANALYTIC_008,VALID_ONLY,ROBUST,True,0.840778249274313,0.2768968811269135,0.008907135192498833,0,0,8,8,8,0,"[0, 1, 2, 3, 4, 5, 6, 7]",1.526739492170677,new_pose_estimated,164,164,3,143,3
ANALYTIC_008,DROP_ONE_CORRECT,STANDARD,True,0.30846496627252373,0.26888555138348746,0.0043123110970038165,1,0,7,7,7,0,"[0, 2, 3, 4, 5, 6, 7]",1.5873724429274552,new_pose_estimated,2,2,1,2,1
ANALYTIC_008,DROP_ONE_CORRECT,ROBUST,True,0.30846496627252373,0.26888555138348746,0.0043123110970038165,1,0,7,7,7,0,"[0, 2, 3, 4, 5, 6, 7]",1.5873724429274552,new_pose_estimated,164,82,3,3,3
ANALYTIC_008,DROP_TWO_CORRECT,STANDARD,True,0.4260728713582471,0.6171684494099537,0.007004282718601251,2,0,6,6,6,0,"[0, 2, 3, 5, 6, 7]",1.8571738144746934,new_pose_estimated,2,2,1,2,1
ANALYTIC_008,DROP_TWO_CORRECT,ROBUST,True,0.4260728713582471,0.6171684494099537,0.007004282718601251,2,0,6,6,6,0,"[0, 2, 3, 5, 6, 7]",1.8571738144746934,new_pose_estimated,164,34,3,3,3
ANALYTIC_008,KEEP_ONE_WRONG,STANDARD,True,29.672343783529886,92.34099496960168,1.2443685137230918,0,1,7,8,6,0,"[0, 1, 2, 3, 4, 7]",1.6202082541160197,new_pose_estimated,2,2,1,2,1
ANALYTIC_008,KEEP_ONE_WRONG,ROBUST,True,0.8549228043358843,0.3151993661739846,0.009247013626804768,0,1,7,8,7,0,"[0, 1, 2, 3, 4, 5, 7]",1.7448314820495439,new_pose_estimated,164,164,3,143,3
ANALYTIC_008,KEEP_TWO_WRONG,STANDARD,True,3.979999136135795,4.387986713071432,0.057934907795465576,0,2,6,8,4,0,"[1, 2, 4, 7]",1.552388889644481,new_pose_estimated,2,2,1,2,1
ANALYTIC_008,KEEP_TWO_WRONG,ROBUST,True,0.9059276546246944,0.3144466096023436,0.009630276351843443,0,2,6,8,6,0,"[0, 1, 2, 4, 5, 7]",1.5367242929913318,new_pose_estimated,156,156,3,143,3
ANALYTIC_008,DROP_KEEP_ONE_EACH,STANDARD,True,2.516975871883433,2.1992129771827074,0.030430213389002373,1,1,6,7,5,0,"[0, 2, 3, 4, 7]",1.5607933734490718,new_pose_estimated,2,2,1,2,1
ANALYTIC_008,DROP_KEEP_ONE_EACH,ROBUST,True,0.3505788757855681,0.3316529387675736,0.005261458811126155,1,1,6,7,6,0,"[0, 2, 3, 4, 5, 7]",1.812237274608813,new_pose_estimated,164,82,3,143,3
ANALYTIC_008,DROP_KEEP_TWO_EACH,STANDARD,True,6.386746082032115,2.830690208212899,0.06938485477651285,2,2,4,6,2,0,"[2, 7]",1.8218455786613417,new_pose_estimated,2,2,1,2,1
ANALYTIC_008,DROP_KEEP_TWO_EACH,ROBUST,True,0.30852355188687575,0.618794391007666,0.007197748053470029,2,2,4,6,4,0,"[0, 2, 5, 7]",1.5238354967006478,new_pose_estimated,160,34,3,143,3
ANALYTIC_008,TWO_COHERENT_WRONG,STANDARD,True,7.516348720267146,1.049397766648199,0.0759652685898991,0,2,6,8,5,0,"[1, 2, 4, 5, 7]",1.5584346533602034,new_pose_estimated,2,2,1,2,1
ANALYTIC_008,TWO_COHERENT_WRONG,ROBUST,True,0.9059276546246944,0.3144466096023436,0.009630276351843443,0,2,6,8,6,0,"[0, 1, 2, 4, 5, 7]",1.5367242929913318,new_pose_estimated,164,164,3,143,3
ANALYTIC_008,FOUR_VALID,STANDARD,True,0.9629212021478619,0.6498593925983802,0.011125146244668252,4,0,4,4,4,0,"[0, 1, 2, 4]",2.618672595610641,new_pose_estimated,2,2,1,2,1
ANALYTIC_008,FOUR_VALID,ROBUST,True,0.9629212021478619,0.6498593925983802,0.011125146244668252,4,0,4,4,4,0,"[0, 1, 2, 4]",2.618672595610641,new_pose_estimated,164,2,2,2,2
ANALYTIC_008,FIVE_VALID,STANDARD,True,0.7438198939333281,0.2877527379061602,0.00797299637908339,3,0,5,5,5,0,"[0, 1, 2, 4, 5]",1.8177636588519444,new_pose_estimated,2,2,1,2,1
ANALYTIC_008,FIVE_VALID,ROBUST,True,0.7438198939333281,0.2877527379061602,0.00797299637908339,3,0,5,5,5,0,"[0, 1, 2, 4, 5]",1.8177636588519444,new_pose_estimated,164,12,3,3,3
ANALYTIC_008,NEAR_COLLINEAR,STANDARD,True,132.89867378540447,179.42455159164987,1.8574880407861434,0,8,0,8,0,0,[],1.8505297579266882,new_pose_estimated,4,4,1,2,1
ANALYTIC_008,NEAR_COLLINEAR,ROBUST,True,236.09398709629357,93.24074751628004,2.543939317928679,0,8,0,8,0,4,"[0, 1, 2, 3]",28.170457142977604,new_pose_estimated,161,161,3,143,3
ANALYTIC_009,VALID_ONLY,STANDARD,True,0.42623595929585434,0.12044532213290149,0.004448605284007,0,0,8,8,8,0,"[0, 1, 2, 3, 4, 5, 6, 7]",1.8408623228649619,new_pose_estimated,2,2,1,2,1
ANALYTIC_009,VALID_ONLY,ROBUST,True,0.42623595929585434,0.12044532213290149,0.004448605284007,0,0,8,8,8,0,"[0, 1, 2, 3, 4, 5, 6, 7]",1.8408623228649619,new_pose_estimated,162,162,3,143,3
ANALYTIC_009,DROP_ONE_CORRECT,STANDARD,True,1.0590084856120943,0.18036022194080883,0.010746047956876321,1,0,7,7,7,0,"[0, 2, 3, 4, 5, 6, 7]",1.981105526281028,new_pose_estimated,2,2,1,2,1
ANALYTIC_009,DROP_ONE_CORRECT,ROBUST,True,1.0590084856120943,0.18036022194080883,0.010746047956876321,1,0,7,7,7,0,"[0, 2, 3, 4, 5, 6, 7]",1.981105526281028,new_pose_estimated,162,80,3,3,3
ANALYTIC_009,DROP_TWO_CORRECT,STANDARD,True,1.1166649831436595,0.25066475074152195,0.011450215129386269,2,0,6,6,6,0,"[0, 2, 3, 4, 5, 6]",2.214294457066874,new_pose_estimated,2,2,1,2,1
ANALYTIC_009,DROP_TWO_CORRECT,ROBUST,True,1.1166649831436595,0.25066475074152195,0.011450215129386269,2,0,6,6,6,0,"[0, 2, 3, 4, 5, 6]",2.214294457066874,new_pose_estimated,162,36,3,3,3
ANALYTIC_009,KEEP_ONE_WRONG,STANDARD,True,6.621866262324431,2.0324535580517837,0.069374571153871,0,1,7,8,6,0,"[0, 3, 4, 5, 6, 7]",1.7931276803687013,new_pose_estimated,2,2,1,2,1
ANALYTIC_009,KEEP_ONE_WRONG,ROBUST,True,0.27014998027277176,0.13626426940501105,0.003059750663259021,0,1,7,8,7,0,"[0, 1, 3, 4, 5, 6, 7]",2.058766261036498,new_pose_estimated,162,162,3,143,3
ANALYTIC_009,KEEP_TWO_WRONG,STANDARD,True,4.641665532026944,4.084659582506076,0.06686418027881205,0,2,6,8,5,0,"[0, 3, 4, 6, 7]",1.8723364716222974,new_pose_estimated,2,2,1,2,1
ANALYTIC_009,KEEP_TWO_WRONG,ROBUST,True,0.151462370388362,0.3485994718462989,0.00365174165979205,0,2,6,8,6,0,"[0, 1, 3, 4, 6, 7]",2.1719154145989954,new_pose_estimated,156,156,3,143,3
ANALYTIC_009,DROP_KEEP_ONE_EACH,STANDARD,True,7.878813845618231,4.038428775495827,0.08707976537871798,1,1,6,7,6,1,"[0, 2, 3, 4, 5, 6, 7]",2.0797002588025375,new_pose_estimated,2,2,1,2,1
ANALYTIC_009,DROP_KEEP_ONE_EACH,ROBUST,True,7.878813845618231,4.038428775495827,0.08707976537871798,1,1,6,7,6,1,"[0, 2, 3, 4, 5, 6, 7]",2.0797002588025375,new_pose_estimated,150,80,3,143,3
ANALYTIC_009,DROP_KEEP_TWO_EACH,STANDARD,True,17.056440489701405,3.160873934682934,0.17289617463794685,2,2,4,6,2,0,"[0, 3]",2.112136588429829,new_pose_estimated,2,2,1,2,1
ANALYTIC_009,DROP_KEEP_TWO_EACH,ROBUST,True,16.495090697484084,3.643775120061685,0.16857593637961002,2,2,4,6,4,1,"[0, 2, 3, 4, 6]",2.194507932392073,new_pose_estimated,162,36,3,143,3
ANALYTIC_009,TWO_COHERENT_WRONG,STANDARD,True,12.509277993787354,1.1627650066675694,0.12545936478697184,0,2,6,8,4,0,"[0, 3, 4, 7]",1.82466222898341,new_pose_estimated,2,2,1,2,1
ANALYTIC_009,TWO_COHERENT_WRONG,ROBUST,True,0.151462370388362,0.3485994718462989,0.00365174165979205,0,2,6,8,6,0,"[0, 1, 3, 4, 6, 7]",2.1719154145989954,new_pose_estimated,158,158,3,143,3
ANALYTIC_009,FOUR_VALID,STANDARD,True,0.3367443606464134,0.4251953846284913,0.006984806322876031,4,0,4,4,4,0,"[0, 1, 2, 4]",3.096377612275777,new_pose_estimated,2,2,1,2,1
ANALYTIC_009,FOUR_VALID,ROBUST,True,0.3367443606464134,0.4251953846284913,0.006984806322876031,4,0,4,4,4,0,"[0, 1, 2, 4]",3.096377612275777,new_pose_estimated,162,2,2,2,2
ANALYTIC_009,FIVE_VALID,STANDARD,True,0.5761548517723282,0.3721707990781151,0.006489027896232454,3,0,5,5,5,0,"[0, 1, 2, 4, 5]",2.061121105235222,new_pose_estimated,2,2,1,2,1
ANALYTIC_009,FIVE_VALID,ROBUST,True,0.5761548517723282,0.3721707990781151,0.006489027896232454,3,0,5,5,5,0,"[0, 1, 2, 4, 5]",2.061121105235222,new_pose_estimated,162,12,3,3,3
ANALYTIC_009,NEAR_COLLINEAR,STANDARD,True,148.35860589921836,168.72715598199568,1.983890362641084,0,8,0,8,0,0,[],1.8505297579266882,new_pose_estimated,4,4,1,2,1
ANALYTIC_009,NEAR_COLLINEAR,ROBUST,True,219.524348343103,85.9680771907818,2.368088471553227,0,8,0,8,0,4,"[0, 1, 2, 3]",28.170457142977604,new_pose_estimated,161,161,3,143,3
ANALYTIC_010,VALID_ONLY,STANDARD,True,0.4425194520824254,0.17956940644050529,0.004899158478829784,0,0,8,8,8,0,"[0, 1, 2, 3, 4, 5, 6, 7]",1.3855984099487177,new_pose_estimated,2,2,1,2,1
ANALYTIC_010,VALID_ONLY,ROBUST,True,0.4425194520824254,0.17956940644050529,0.004899158478829784,0,0,8,8,8,0,"[0, 1, 2, 3, 4, 5, 6, 7]",1.3855984099487177,new_pose_estimated,164,164,3,143,3
ANALYTIC_010,DROP_ONE_CORRECT,STANDARD,True,1.3517642917741084,0.2696409649887735,0.013816471259150991,1,0,7,7,7,0,"[1, 2, 3, 4, 5, 6, 7]",1.5233490670804304,new_pose_estimated,2,2,1,2,1
ANALYTIC_010,DROP_ONE_CORRECT,ROBUST,True,1.3517642917741084,0.2696409649887735,0.013816471259150991,1,0,7,7,7,0,"[1, 2, 3, 4, 5, 6, 7]",1.5233490670804304,new_pose_estimated,164,82,3,3,3
ANALYTIC_010,DROP_TWO_CORRECT,STANDARD,True,1.3867758496947291,0.3229173917974667,0.014270166056991378,2,0,6,6,6,0,"[2, 3, 4, 5, 6, 7]",1.4347694820482055,new_pose_estimated,2,2,1,2,1
ANALYTIC_010,DROP_TWO_CORRECT,ROBUST,True,1.3867758496947291,0.3229173917974667,0.014270166056991378,2,0,6,6,6,0,"[2, 3, 4, 5, 6, 7]",1.4347694820482055,new_pose_estimated,164,36,3,3,3
ANALYTIC_010,KEEP_ONE_WRONG,STANDARD,True,2.425899584885761,2.5880697123744505,0.031045407074857298,0,1,7,8,7,0,"[0, 1, 2, 3, 4, 6, 7]",1.3858327992056676,new_pose_estimated,2,2,1,2,1
ANALYTIC_010,KEEP_ONE_WRONG,ROBUST,True,0.49390925568483107,0.24806786407369785,0.0054801581693136835,0,1,7,8,7,0,"[0, 1, 2, 3, 4, 6, 7]",1.653730766468899,new_pose_estimated,164,164,3,143,3
ANALYTIC_010,KEEP_TWO_WRONG,STANDARD,True,17.715548672097597,1.749139274531811,0.17806159116500053,0,2,6,8,4,0,"[0, 3, 4, 7]",1.3691860593410805,new_pose_estimated,2,2,1,2,1
ANALYTIC_010,KEEP_TWO_WRONG,ROBUST,True,0.6620492885218445,0.40412607342633283,0.007667105204883041,0,2,6,8,6,0,"[0, 1, 3, 4, 6, 7]",1.6251798957189243,new_pose_estimated,162,162,3,143,3
ANALYTIC_010,DROP_KEEP_ONE_EACH,STANDARD,True,41.75720355819026,89.00354550248646,1.2293754011656295,1,1,6,7,5,0,"[1, 2, 3, 4, 7]",1.4989533381886126,new_pose_estimated,2,2,1,2,1
ANALYTIC_010,DROP_KEEP_ONE_EACH,ROBUST,True,1.6270403928212482,0.30111745209772206,0.01653370696193713,1,1,6,7,6,0,"[1, 2, 3, 4, 6, 7]",1.6459817824236453,new_pose_estimated,164,82,3,143,3
ANALYTIC_010,DROP_KEEP_TWO_EACH,STANDARD,True,58.500309960573816,87.70094649309344,1.2481344536155254,2,2,4,6,3,1,"[2, 3, 4, 7]",1.2894850357839027,new_pose_estimated,2,2,1,2,1
ANALYTIC_010,DROP_KEEP_TWO_EACH,ROBUST,True,55.973588996097256,86.79139438355327,1.2308366325877693,2,2,4,6,3,2,"[2, 3, 4, 5, 7]",1.4749091879079121,new_pose_estimated,152,32,3,143,3
ANALYTIC_010,TWO_COHERENT_WRONG,STANDARD,True,18.3391336144164,0.8232240375629983,0.18358084444369463,0,2,6,8,4,0,"[0, 3, 4, 7]",1.40316912755854,new_pose_estimated,2,2,1,2,1
ANALYTIC_010,TWO_COHERENT_WRONG,ROBUST,True,0.6620492885218445,0.40412607342633283,0.007667105204883041,0,2,6,8,6,0,"[0, 1, 3, 4, 6, 7]",1.6251798957189243,new_pose_estimated,160,160,3,143,3
ANALYTIC_010,FOUR_VALID,STANDARD,True,1.4167997195853812,1.0297017286119312,0.016834297465946092,4,0,4,4,4,0,"[0, 1, 2, 4]",2.85277898121065,new_pose_estimated,2,2,1,2,1
ANALYTIC_010,FOUR_VALID,ROBUST,True,1.4167997195853812,1.0297017286119312,0.016834297465946092,4,0,4,4,4,0,"[0, 1, 2, 4]",2.85277898121065,new_pose_estimated,164,2,2,2,2
ANALYTIC_010,FIVE_VALID,STANDARD,True,1.2631620416362994,0.31905049684349857,0.013003714814400429,3,0,5,5,5,0,"[0, 1, 2, 4, 5]",1.7923480115525394,new_pose_estimated,2,2,1,2,1
ANALYTIC_010,FIVE_VALID,ROBUST,True,1.2631620416362994,0.31905049684349857,0.013003714814400429,3,0,5,5,5,0,"[0, 1, 2, 4, 5]",1.7923480115525394,new_pose_estimated,164,12,3,3,3
ANALYTIC_010,NEAR_COLLINEAR,STANDARD,True,95.44274973054165,175.9810421589906,1.612643715230614,0,8,0,8,0,0,[],1.8505297579266882,new_pose_estimated,4,4,1,2,1
ANALYTIC_010,NEAR_COLLINEAR,ROBUST,True,265.5983146206867,96.66160769100182,2.8304357116735726,0,8,0,8,0,4,"[0, 1, 2, 3]",28.170457142977604,new_pose_estimated,161,161,3,143,3
ANALYTIC_011,VALID_ONLY,STANDARD,True,1.3772919992063615,0.6413664239921506,0.015355262092095529,0,0,8,8,8,0,"[0, 1, 2, 3, 4, 5, 6, 7]",1.4606710079587752,new_pose_estimated,2,2,1,2,1
ANALYTIC_011,VALID_ONLY,ROBUST,True,1.3772919992063615,0.6413664239921506,0.015355262092095529,0,0,8,8,8,0,"[0, 1, 2, 3, 4, 5, 6, 7]",1.4606710079587752,new_pose_estimated,164,164,3,143,3
ANALYTIC_011,DROP_ONE_CORRECT,STANDARD,True,1.0172666138922406,0.5213229436658456,0.011685117088716744,1,0,7,7,7,0,"[0, 1, 2, 3, 4, 5, 6]",1.7423313441956432,new_pose_estimated,2,2,1,2,1
ANALYTIC_011,DROP_ONE_CORRECT,ROBUST,True,1.0172666138922406,0.5213229436658456,0.011685117088716744,1,0,7,7,7,0,"[0, 1, 2, 3, 4, 5, 6]",1.7423313441956432,new_pose_estimated,164,82,3,3,3
ANALYTIC_011,DROP_TWO_CORRECT,STANDARD,True,0.6376491750886291,0.4366142980082414,0.007569153208605306,2,0,6,6,6,0,"[1, 2, 3, 4, 5, 6]",1.6020447586868372,new_pose_estimated,2,2,1,2,1
ANALYTIC_011,DROP_TWO_CORRECT,ROBUST,True,0.6376491750886291,0.4366142980082414,0.007569153208605306,2,0,6,6,6,0,"[1, 2, 3, 4, 5, 6]",1.6020447586868372,new_pose_estimated,164,34,3,3,3
ANALYTIC_011,KEEP_ONE_WRONG,STANDARD,True,13.012976963099835,3.2248417715636446,0.1342361050595403,0,1,7,8,6,0,"[0, 3, 4, 5, 6, 7]",1.4931911435436958,new_pose_estimated,2,2,1,2,1
ANALYTIC_011,KEEP_ONE_WRONG,ROBUST,True,1.9755298196613278,0.6350244314497869,0.020843290197379263,0,1,7,8,7,0,"[0, 2, 3, 4, 5, 6, 7]",1.6466456206829392,new_pose_estimated,152,152,3,143,3
ANALYTIC_011,KEEP_TWO_WRONG,STANDARD,True,23.924707910235718,2.665621267106436,0.2408548762289055,0,2,6,8,4,0,"[0, 3, 4, 7]",1.4675932981451245,new_pose_estimated,2,2,1,2,1
ANALYTIC_011,KEEP_TWO_WRONG,ROBUST,True,1.9096067766580072,0.6442845420085794,0.020412609852713523,0,2,6,8,6,0,"[0, 2, 3, 4, 6, 7]",1.8164118950528876,new_pose_estimated,152,152,3,143,3
ANALYTIC_011,DROP_KEEP_ONE_EACH,STANDARD,True,8.211892176113135,3.8727025910048716,0.09126710135272281,1,1,6,7,5,0,"[0, 3, 4, 5, 6]",1.787347668508044,new_pose_estimated,2,2,1,2,1
ANALYTIC_011,DROP_KEEP_ONE_EACH,ROBUST,True,1.6637765710676993,0.48348338822932274,0.017420354884616622,1,1,6,7,6,0,"[0, 2, 3, 4, 5, 6]",1.8050292758954587,new_pose_estimated,152,74,3,143,3
ANALYTIC_011,DROP_KEEP_TWO_EACH,STANDARD,True,25.210817102425754,4.414317180893716,0.25739045252923465,2,2,4,6,2,0,"[3, 6]",1.6426118837565526,new_pose_estimated,2,2,1,2,1
ANALYTIC_011,DROP_KEEP_TWO_EACH,ROBUST,True,1.5115637697267799,0.7174883320784325,0.017080146769855115,2,2,4,6,4,0,"[2, 3, 4, 6]",1.510989034785247,new_pose_estimated,148,30,3,143,3
ANALYTIC_011,TWO_COHERENT_WRONG,STANDARD,True,25.714495446871126,2.004120365668002,0.2578654913495452,0,2,6,8,4,0,"[0, 3, 4, 7]",1.4672782811355032,new_pose_estimated,2,2,1,2,1
ANALYTIC_011,TWO_COHERENT_WRONG,ROBUST,True,1.9096067766580072,0.6442845420085794,0.020412609852713523,0,2,6,8,6,0,"[0, 2, 3, 4, 6, 7]",1.8164118950528876,new_pose_estimated,164,164,3,143,3
ANALYTIC_011,FOUR_VALID,STANDARD,True,1.2343976451489098,1.1473622993265278,0.017842156065357467,4,0,4,4,4,0,"[0, 1, 2, 4]",2.3582219377607108,new_pose_estimated,2,2,1,2,1
ANALYTIC_011,FOUR_VALID,ROBUST,True,1.2343976451489098,1.1473622993265278,0.017842156065357467,4,0,4,4,4,0,"[0, 1, 2, 4]",2.3582219377607108,new_pose_estimated,164,2,2,2,2
ANALYTIC_011,FIVE_VALID,STANDARD,True,1.5139470928124763,1.323214709379749,0.020334510072863562,3,0,5,5,5,0,"[0, 1, 2, 4, 5]",1.6037428958819435,new_pose_estimated,2,2,1,2,1
ANALYTIC_011,FIVE_VALID,ROBUST,True,1.5139470928124763,1.323214709379749,0.020334510072863562,3,0,5,5,5,0,"[0, 1, 2, 4, 5]",1.6037428958819435,new_pose_estimated,164,12,3,3,3
ANALYTIC_011,NEAR_COLLINEAR,STANDARD,True,25.062425437223553,171.46287248551891,1.2921818064625445,0,8,0,8,0,0,[],1.8505297579266882,new_pose_estimated,4,4,1,2,1
ANALYTIC_011,NEAR_COLLINEAR,ROBUST,True,338.00344251186976,102.12489769163533,3.519306451145534,0,8,0,8,0,4,"[0, 1, 2, 3]",28.170457142977604,new_pose_estimated,161,161,3,143,3
ANALYTIC_012,VALID_ONLY,STANDARD,True,1.1179688717530334,0.32145178610123365,0.011572551070760856,0,0,8,8,8,0,"[0, 1, 2, 3, 4, 5, 6, 7]",1.4041662372846493,new_pose_estimated,2,2,1,2,1
ANALYTIC_012,VALID_ONLY,ROBUST,True,1.1179688717530334,0.32145178610123365,0.011572551070760856,0,0,8,8,8,0,"[0, 1, 2, 3, 4, 5, 6, 7]",1.4041662372846493,new_pose_estimated,164,164,3,143,3
ANALYTIC_012,DROP_ONE_CORRECT,STANDARD,True,1.50310855780161,0.34428303711829883,0.01537260417254982,1,0,7,7,7,0,"[0, 1, 3, 4, 5, 6, 7]",1.632557107191345,new_pose_estimated,2,2,1,2,1
ANALYTIC_012,DROP_ONE_CORRECT,ROBUST,True,1.50310855780161,0.34428303711829883,0.01537260417254982,1,0,7,7,7,0,"[0, 1, 3, 4, 5, 6, 7]",1.632557107191345,new_pose_estimated,164,82,3,3,3
ANALYTIC_012,DROP_TWO_CORRECT,STANDARD,True,0.6597597488685121,0.5447369377770046,0.008857995812836071,2,0,6,6,6,0,"[0, 1, 4, 5, 6, 7]",1.3730755488809634,new_pose_estimated,2,2,1,2,1
ANALYTIC_012,DROP_TWO_CORRECT,ROBUST,True,0.6597597488685121,0.5447369377770046,0.008857995812836071,2,0,6,6,6,0,"[0, 1, 4, 5, 6, 7]",1.3730755488809634,new_pose_estimated,164,36,3,3,3
ANALYTIC_012,KEEP_ONE_WRONG,STANDARD,True,43.58716657362265,93.95648388946088,1.2817654783706118,0,1,7,8,6,0,"[0, 1, 2, 3, 5, 6]",1.4986157828163067,new_pose_estimated,2,2,1,2,1
ANALYTIC_012,KEEP_ONE_WRONG,ROBUST,True,0.571769851483329,0.23105259159102587,0.006135498458159266,0,1,7,8,7,0,"[0, 1, 2, 3, 5, 6, 7]",1.6997221232638584,new_pose_estimated,164,164,3,143,3
ANALYTIC_012,KEEP_TWO_WRONG,STANDARD,True,5.885008479098679,3.208285843423414,0.06861577409504306,0,2,6,8,6,0,"[0, 1, 2, 3, 5, 7]",1.4053577350140851,new_pose_estimated,2,2,1,2,1
ANALYTIC_012,KEEP_TWO_WRONG,ROBUST,True,0.6738738331704819,0.20017088644700956,0.00713951749466035,0,2,6,8,6,0,"[0, 1, 2, 3, 5, 7]",1.9378431762794561,new_pose_estimated,138,138,3,143,3
ANALYTIC_012,DROP_KEEP_ONE_EACH,STANDARD,True,7.251839595337138,3.681171457328825,0.07968666449158268,1,1,6,7,5,0,"[0, 1, 3, 5, 6]",1.6436193454819648,new_pose_estimated,2,2,1,2,1
ANALYTIC_012,DROP_KEEP_ONE_EACH,ROBUST,True,0.8554968892947048,0.24147842831736782,0.008865527450769569,1,1,6,7,6,0,"[0, 1, 3, 5, 6, 7]",1.7573573734583758,new_pose_estimated,164,82,3,143,3
ANALYTIC_012,DROP_KEEP_TWO_EACH,STANDARD,True,49.53195022973848,90.13203889379534,1.2540503637521563,2,2,4,6,2,0,"[0, 1]",1.2481899762899547,new_pose_estimated,2,2,1,2,1
ANALYTIC_012,DROP_KEEP_TWO_EACH,ROBUST,True,0.4650104053922013,0.29200602730948455,0.005708161133544846,2,2,4,6,4,0,"[0, 1, 5, 7]",1.3814769861392968,new_pose_estimated,161,35,3,143,3
ANALYTIC_012,TWO_COHERENT_WRONG,STANDARD,True,5.699921620607841,4.273348330415628,0.07471806145353573,0,2,6,8,4,0,"[0, 1, 2, 3]",1.3845996731709467,new_pose_estimated,2,2,1,2,1
ANALYTIC_012,TWO_COHERENT_WRONG,ROBUST,True,0.6738738331704819,0.20017088644700956,0.00713951749466035,0,2,6,8,6,0,"[0, 1, 2, 3, 5, 7]",1.9378431762794561,new_pose_estimated,164,164,3,143,3
ANALYTIC_012,FOUR_VALID,STANDARD,True,1.333890100483841,0.7894441226041141,0.015466936139142719,4,0,4,4,4,0,"[0, 1, 2, 4]",2.599238424059881,new_pose_estimated,2,2,1,2,1
ANALYTIC_012,FOUR_VALID,ROBUST,True,1.333890100483841,0.7894441226041141,0.015466936139142719,4,0,4,4,4,0,"[0, 1, 2, 4]",2.599238424059881,new_pose_estimated,164,2,2,2,2
ANALYTIC_012,FIVE_VALID,STANDARD,True,1.4238072503822363,0.6903590243125763,0.01565772988929616,3,0,5,5,5,0,"[0, 1, 2, 4, 5]",1.6716814856429363,new_pose_estimated,2,2,1,2,1
ANALYTIC_012,FIVE_VALID,ROBUST,True,1.4238072503822363,0.6903590243125763,0.01565772988929616,3,0,5,5,5,0,"[0, 1, 2, 4, 5]",1.6716814856429363,new_pose_estimated,164,12,3,3,3
ANALYTIC_012,NEAR_COLLINEAR,STANDARD,True,54.80151413499058,179.10684574666016,1.4110163812198273,0,8,0,8,0,0,[],1.8505297579266882,new_pose_estimated,4,4,1,2,1
ANALYTIC_012,NEAR_COLLINEAR,ROBUST,True,303.87815235812485,91.35807320734183,3.1785187723978368,0,8,0,8,0,4,"[0, 1, 2, 3]",28.170457142977604,new_pose_estimated,161,161,3,143,3
ANALYTIC_013,VALID_ONLY,STANDARD,True,0.30945940835487423,0.5392110966534017,0.008038421940287721,0,0,8,8,8,0,"[0, 1, 2, 3, 4, 5, 6, 7]",1.9115923343473356,new_pose_estimated,2,2,1,2,1
ANALYTIC_013,VALID_ONLY,ROBUST,True,0.30945940835487423,0.5392110966534017,0.008038421940287721,0,0,8,8,8,0,"[0, 1, 2, 3, 4, 5, 6, 7]",1.9115923343473356,new_pose_estimated,164,164,3,143,3
ANALYTIC_013,DROP_ONE_CORRECT,STANDARD,True,0.8984043089481935,0.430358234212998,0.010136403007736189,1,0,7,7,7,0,"[0, 1, 3, 4, 5, 6, 7]",1.9778452499261698,new_pose_estimated,2,2,1,2,1
ANALYTIC_013,DROP_ONE_CORRECT,ROBUST,True,0.8984043089481935,0.430358234212998,0.010136403007736189,1,0,7,7,7,0,"[0, 1, 3, 4, 5, 6, 7]",1.9778452499261698,new_pose_estimated,164,82,3,3,3
ANALYTIC_013,DROP_TWO_CORRECT,STANDARD,True,1.5631706882881236,1.241386494765749,0.0218036876628784,2,0,6,6,6,0,"[0, 3, 4, 5, 6, 7]",3.567156674528247,new_pose_estimated,2,2,1,2,1
ANALYTIC_013,DROP_TWO_CORRECT,ROBUST,True,1.5631706882881236,1.241386494765749,0.0218036876628784,2,0,6,6,6,0,"[0, 3, 4, 5, 6, 7]",3.567156674528247,new_pose_estimated,164,36,3,3,3
ANALYTIC_013,KEEP_ONE_WRONG,STANDARD,True,2.2842017316513403,3.1253754441887405,0.03486445043474567,0,1,7,8,6,0,"[0, 1, 2, 3, 4, 7]",1.8778888864875483,new_pose_estimated,2,2,1,2,1
ANALYTIC_013,KEEP_ONE_WRONG,ROBUST,True,0.6620466984548702,0.6098150912476162,0.010054519191361425,0,1,7,8,7,0,"[0, 1, 2, 3, 4, 5, 7]",2.159940363288624,new_pose_estimated,152,152,3,143,3
ANALYTIC_013,KEEP_TWO_WRONG,STANDARD,True,28.956953877969404,84.96722866380509,1.172827078123846,0,2,6,8,4,0,"[0, 1, 2, 3]",1.732828303855506,new_pose_estimated,2,2,1,2,1
ANALYTIC_013,KEEP_TWO_WRONG,ROBUST,True,0.6689575046261782,0.6414981347575183,0.010780595870956786,0,2,6,8,6,0,"[0, 1, 2, 3, 5, 7]",2.3026311519393845,new_pose_estimated,160,160,3,143,3
ANALYTIC_013,DROP_KEEP_ONE_EACH,STANDARD,True,15.894492513641453,2.297199319184207,0.15994033321758666,1,1,6,7,5,0,"[0, 1, 3, 4, 7]",1.9335002071762573,new_pose_estimated,2,2,1,2,1
ANALYTIC_013,DROP_KEEP_ONE_EACH,ROBUST,True,1.5524391091415524,0.524837653253439,0.01655193309112238,1,1,6,7,6,0,"[0, 1, 3, 4, 5, 7]",2.122728334608757,new_pose_estimated,160,82,3,143,3
ANALYTIC_013,DROP_KEEP_TWO_EACH,STANDARD,True,85.37849164001298,74.23897136844049,1.2586646207693002,2,2,4,6,2,0,"[0, 3]",3.5440177137860527,new_pose_estimated,2,2,1,2,1
ANALYTIC_013,DROP_KEEP_TWO_EACH,ROBUST,True,10.874136204252876,8.330837170094224,0.14070061690285918,2,2,4,6,3,1,"[0, 3, 6, 7]",3.6292689457397187,new_pose_estimated,160,32,3,143,3
ANALYTIC_013,TWO_COHERENT_WRONG,STANDARD,True,13.97013705629396,4.061266884901283,0.1445293026108397,0,2,6,8,4,0,"[0, 1, 2, 3]",1.9183859099056917,new_pose_estimated,2,2,1,2,1
ANALYTIC_013,TWO_COHERENT_WRONG,ROBUST,True,0.6689575046261782,0.6414981347575183,0.010780595870956786,0,2,6,8,6,0,"[0, 1, 2, 3, 5, 7]",2.3026311519393845,new_pose_estimated,158,158,3,143,3
ANALYTIC_013,FOUR_VALID,STANDARD,True,17.75397037751926,82.27241222858412,1.1245324429580947,4,0,4,4,4,0,"[0, 1, 2, 4]",3.483417237593645,new_pose_estimated,2,2,1,2,1
ANALYTIC_013,FOUR_VALID,ROBUST,True,17.75397037751926,82.27241222858412,1.1245324429580947,4,0,4,4,4,0,"[0, 1, 2, 4]",3.483417237593645,new_pose_estimated,164,2,2,2,2
ANALYTIC_013,FIVE_VALID,STANDARD,True,1.839610176917163,0.4293735464370429,0.0188435108673645,3,0,5,5,5,0,"[0, 1, 2, 4, 5]",2.3724349987696973,new_pose_estimated,2,2,1,2,1
ANALYTIC_013,FIVE_VALID,ROBUST,True,1.839610176917163,0.4293735464370429,0.0188435108673645,3,0,5,5,5,0,"[0, 1, 2, 4, 5]",2.3724349987696973,new_pose_estimated,164,12,3,3,3
ANALYTIC_013,NEAR_COLLINEAR,STANDARD,True,56.1567686569154,171.17837516685063,1.390734284173445,0,8,0,8,0,0,[],1.8505297579266882,new_pose_estimated,4,4,1,2,1
ANALYTIC_013,NEAR_COLLINEAR,ROBUST,True,306.44422836642275,95.10187234626422,3.1831832907668822,0,8,0,8,0,4,"[0, 1, 2, 3]",28.170457142977604,new_pose_estimated,161,161,3,143,3
ANALYTIC_014,VALID_ONLY,STANDARD,True,0.46762209232304686,0.47542053965347714,0.007769214529488847,0,0,8,8,8,0,"[0, 1, 2, 3, 4, 5, 6, 7]",1.5868956711490483,new_pose_estimated,2,2,1,2,1
ANALYTIC_014,VALID_ONLY,ROBUST,True,0.46762209232304686,0.47542053965347714,0.007769214529488847,0,0,8,8,8,0,"[0, 1, 2, 3, 4, 5, 6, 7]",1.5868956711490483,new_pose_estimated,164,164,3,143,3
ANALYTIC_014,DROP_ONE_CORRECT,STANDARD,True,1.1929509468579558,0.24782411869705173,0.012162427092253545,1,0,7,7,7,0,"[0, 2, 3, 4, 5, 6, 7]",1.757547913806753,new_pose_estimated,2,2,1,2,1
ANALYTIC_014,DROP_ONE_CORRECT,ROBUST,True,1.1929509468579558,0.24782411869705173,0.012162427092253545,1,0,7,7,7,0,"[0, 2, 3, 4, 5, 6, 7]",1.757547913806753,new_pose_estimated,164,82,3,3,3
ANALYTIC_014,DROP_TWO_CORRECT,STANDARD,True,1.1547491414054698,0.24818523217062544,0.01192027821870972,2,0,6,6,6,0,"[0, 2, 4, 5, 6, 7]",1.6536176293094123,new_pose_estimated,2,2,1,2,1
ANALYTIC_014,DROP_TWO_CORRECT,ROBUST,True,1.1547491414054698,0.24818523217062544,0.01192027821870972,2,0,6,6,6,0,"[0, 2, 4, 5, 6, 7]",1.6536176293094123,new_pose_estimated,164,34,3,3,3
ANALYTIC_014,KEEP_ONE_WRONG,STANDARD,True,9.10645269414727,1.2692222787465848,0.09186835112199929,0,1,7,8,6,0,"[0, 3, 4, 5, 6, 7]",1.5723144946941263,new_pose_estimated,2,2,1,2,1
ANALYTIC_014,KEEP_ONE_WRONG,ROBUST,True,0.8659783234141691,0.6246660869258531,0.011160574942734095,0,1,7,8,7,0,"[0, 1, 3, 4, 5, 6, 7]",1.6582540068867562,new_pose_estimated,162,162,3,143,3
ANALYTIC_014,KEEP_TWO_WRONG,STANDARD,True,16.956949240155545,2.5761421366913506,0.17111841741618028,0,2,6,8,4,0,"[4, 5, 6, 7]",1.6533393694484277,new_pose_estimated,2,2,1,2,1
ANALYTIC_014,KEEP_TWO_WRONG,ROBUST,True,0.8329589938040749,0.6568630982915804,0.011123641850026277,0,2,6,8,6,0,"[1, 3, 4, 5, 6, 7]",1.6648039819682787,new_pose_estimated,160,160,3,143,3
ANALYTIC_014,DROP_KEEP_ONE_EACH,STANDARD,True,2.443270025079584,3.928854060489861,0.04278741262358495,1,1,6,7,6,1,"[0, 2, 3, 4, 5, 6, 7]",1.865536898678506,new_pose_estimated,2,2,1,2,1
ANALYTIC_014,DROP_KEEP_ONE_EACH,ROBUST,True,2.443270025079584,3.928854060489861,0.04278741262358495,1,1,6,7,6,1,"[0, 2, 3, 4, 5, 6, 7]",1.865536898678506,new_pose_estimated,164,82,3,143,3
ANALYTIC_014,DROP_KEEP_TWO_EACH,STANDARD,True,24.79947305925,4.6193409495511135,0.251563446911715,2,2,4,6,2,0,"[4, 5]",1.7408628794524124,new_pose_estimated,2,2,1,2,1
ANALYTIC_014,DROP_KEEP_TWO_EACH,ROBUST,True,8.00797850774299,5.950574050925586,0.10658857542004546,2,2,4,6,4,1,"[0, 4, 5, 6, 7]",2.693764546376936,new_pose_estimated,160,34,3,143,3
ANALYTIC_014,TWO_COHERENT_WRONG,STANDARD,True,4.812803367401865,3.4433041469896746,0.06474747789787513,0,2,6,8,4,0,"[4, 5, 6, 7]",1.6196866487769912,new_pose_estimated,2,2,1,2,1
ANALYTIC_014,TWO_COHERENT_WRONG,ROBUST,True,0.8329589938040749,0.6568630982915804,0.011123641850026277,0,2,6,8,6,0,"[1, 3, 4, 5, 6, 7]",1.6648039819682787,new_pose_estimated,158,158,3,143,3
ANALYTIC_014,FOUR_VALID,STANDARD,True,1.1360911533590348,1.162295671448877,0.017900172122488886,4,0,4,4,4,0,"[0, 1, 2, 4]",3.2436795093197235,new_pose_estimated,2,2,1,2,1
ANALYTIC_014,FOUR_VALID,ROBUST,True,1.1360911533590348,1.162295671448877,0.017900172122488886,4,0,4,4,4,0,"[0, 1, 2, 4]",3.2436795093197235,new_pose_estimated,164,2,2,2,2
ANALYTIC_014,FIVE_VALID,STANDARD,True,0.7338222236581592,0.44500575945523474,0.008907808980110572,3,0,5,5,5,0,"[0, 1, 2, 4, 5]",1.9497402381151474,new_pose_estimated,2,2,1,2,1
ANALYTIC_014,FIVE_VALID,ROBUST,True,0.7338222236581592,0.44500575945523474,0.008907808980110572,3,0,5,5,5,0,"[0, 1, 2, 4, 5]",1.9497402381151474,new_pose_estimated,164,12,3,3,3
ANALYTIC_014,NEAR_COLLINEAR,STANDARD,True,136.38743151856988,170.61265125890085,1.8859625322696665,0,8,0,8,0,0,[],1.8505297579266882,new_pose_estimated,4,4,1,2,1
ANALYTIC_014,NEAR_COLLINEAR,ROBUST,True,228.33111970996472,83.92481397637998,2.4504260414282157,0,8,0,8,0,4,"[0, 1, 2, 3]",28.170457142977604,new_pose_estimated,161,161,3,143,3
ANALYTIC_015,VALID_ONLY,STANDARD,True,0.16120744886819965,0.45415045148704386,0.005404919070180251,0,0,8,8,8,0,"[0, 1, 2, 3, 4, 5, 6, 7]",1.5825626435412958,new_pose_estimated,2,2,1,2,1
ANALYTIC_015,VALID_ONLY,ROBUST,True,0.16120744886819965,0.45415045148704386,0.005404919070180251,0,0,8,8,8,0,"[0, 1, 2, 3, 4, 5, 6, 7]",1.5825626435412958,new_pose_estimated,164,164,3,143,3
ANALYTIC_015,DROP_ONE_CORRECT,STANDARD,True,0.26243254850308434,0.38732596464683067,0.004459211207964124,1,0,7,7,7,0,"[0, 1, 2, 3, 5, 6, 7]",1.741420485611575,new_pose_estimated,2,2,1,2,1
ANALYTIC_015,DROP_ONE_CORRECT,ROBUST,True,0.26243254850308434,0.38732596464683067,0.004459211207964124,1,0,7,7,7,0,"[0, 1, 2, 3, 5, 6, 7]",1.741420485611575,new_pose_estimated,164,82,3,3,3
ANALYTIC_015,DROP_TWO_CORRECT,STANDARD,True,27.640208103413965,86.91397280719862,1.190409530533789,2,0,6,6,6,0,"[0, 1, 2, 3, 5, 6]",2.5162301821341004,new_pose_estimated,2,2,1,2,1
ANALYTIC_015,DROP_TWO_CORRECT,ROBUST,True,27.640208103413965,86.91397280719862,1.190409530533789,2,0,6,6,6,0,"[0, 1, 2, 3, 5, 6]",2.5162301821341004,new_pose_estimated,164,36,3,3,3
ANALYTIC_015,KEEP_ONE_WRONG,STANDARD,True,4.817013098387676,2.2010635308161395,0.0534183715500431,0,1,7,8,6,0,"[0, 3, 4, 5, 6, 7]",1.588521597002919,new_pose_estimated,2,2,1,2,1
ANALYTIC_015,KEEP_ONE_WRONG,ROBUST,True,0.17452677174307452,0.4252430616813043,0.005061104089245865,0,1,7,8,7,0,"[0, 1, 3, 4, 5, 6, 7]",1.4091176884320045,new_pose_estimated,164,164,3,143,3
ANALYTIC_015,KEEP_TWO_WRONG,STANDARD,True,11.765063769555564,2.9474825798787188,0.12265549990779567,0,2,6,8,4,0,"[4, 5, 6, 7]",1.6448565132067503,new_pose_estimated,2,2,1,2,1
ANALYTIC_015,KEEP_TWO_WRONG,ROBUST,True,0.5242699937085376,0.5546854537182883,0.008039181440288833,0,2,6,8,6,0,"[0, 1, 4, 5, 6, 7]",1.345345030318833,new_pose_estimated,163,163,3,143,3
ANALYTIC_015,DROP_KEEP_ONE_EACH,STANDARD,True,4.613741689881224,2.584302729968345,0.05295827761173881,1,1,6,7,5,0,"[0, 3, 5, 6, 7]",1.732626835152274,new_pose_estimated,2,2,1,2,1
ANALYTIC_015,DROP_KEEP_ONE_EACH,ROBUST,True,0.1943472322421213,0.43001837645182633,0.004520866585144909,1,1,6,7,6,0,"[0, 1, 3, 5, 6, 7]",1.461077272249245,new_pose_estimated,164,82,3,143,3
ANALYTIC_015,DROP_KEEP_TWO_EACH,STANDARD,True,13.856970170667493,5.057243705651074,0.14805652152271026,2,2,4,6,2,0,"[5, 6]",2.3519866584959397,new_pose_estimated,2,2,1,2,1
ANALYTIC_015,DROP_KEEP_TWO_EACH,ROBUST,True,27.578805197638946,86.88639935870494,1.1900317354832781,2,2,4,6,4,0,"[0, 1, 5, 6]",2.2109539628197825,new_pose_estimated,158,34,3,143,3
ANALYTIC_015,TWO_COHERENT_WRONG,STANDARD,True,10.852930281698406,3.586153787427111,0.11423426780508973,0,2,6,8,4,0,"[4, 5, 6, 7]",1.5310559432248732,new_pose_estimated,2,2,1,2,1
ANALYTIC_015,TWO_COHERENT_WRONG,ROBUST,True,0.5242699937085376,0.5546854537182883,0.008039181440288833,0,2,6,8,6,0,"[0, 1, 4, 5, 6, 7]",1.345345030318833,new_pose_estimated,164,164,3,143,3
ANALYTIC_015,FOUR_VALID,STANDARD,True,14.599634709481036,81.6363484355164,1.1181158463452903,4,0,4,4,4,0,"[0, 1, 2, 4]",3.403989791906148,new_pose_estimated,2,2,1,2,1
ANALYTIC_015,FOUR_VALID,ROBUST,True,14.599634709481036,81.6363484355164,1.1181158463452903,4,0,4,4,4,0,"[0, 1, 2, 4]",3.403989791906148,new_pose_estimated,164,2,2,2,2
ANALYTIC_015,FIVE_VALID,STANDARD,True,0.5686135701767276,0.6385709119822707,0.008532214349702315,3,0,5,5,5,0,"[0, 1, 2, 4, 5]",2.118112765219356,new_pose_estimated,2,2,1,2,1
ANALYTIC_015,FIVE_VALID,ROBUST,True,0.5686135701767276,0.6385709119822707,0.008532214349702315,3,0,5,5,5,0,"[0, 1, 2, 4, 5]",2.118112765219356,new_pose_estimated,164,12,3,3,3
ANALYTIC_015,NEAR_COLLINEAR,STANDARD,True,103.62204632820715,179.78726788670414,1.6419448488541537,0,8,0,8,0,0,[],1.8505297579266882,new_pose_estimated,4,4,1,2,1
ANALYTIC_015,NEAR_COLLINEAR,ROBUST,True,254.47701963386473,97.33266860455423,2.715187492053177,0,8,0,8,0,4,"[0, 1, 2, 3]",28.170457142977604,new_pose_estimated,161,161,3,143,3
ANALYTIC_016,VALID_ONLY,STANDARD,True,0.9615865886270255,0.4631104340133232,0.010759156300576653,0,0,8,8,8,0,"[0, 1, 2, 3, 4, 5, 6, 7]",1.6692582597005003,new_pose_estimated,2,2,1,2,1
ANALYTIC_016,VALID_ONLY,ROBUST,True,0.9615865886270255,0.4631104340133232,0.010759156300576653,0,0,8,8,8,0,"[0, 1, 2, 3, 4, 5, 6, 7]",1.6692582597005003,new_pose_estimated,164,164,3,143,3
ANALYTIC_016,DROP_ONE_CORRECT,STANDARD,True,0.9869604379395837,0.47294367576259144,0.011011409537000551,1,0,7,7,7,0,"[0, 1, 3, 4, 5, 6, 7]",1.487425352450875,new_pose_estimated,2,2,1,2,1
ANALYTIC_016,DROP_ONE_CORRECT,ROBUST,True,0.9869604379395837,0.47294367576259144,0.011011409537000551,1,0,7,7,7,0,"[0, 1, 3, 4, 5, 6, 7]",1.487425352450875,new_pose_estimated,164,82,3,3,3
ANALYTIC_016,DROP_TWO_CORRECT,STANDARD,True,0.5493370573780114,0.710546589131291,0.009097156324394336,2,0,6,6,6,0,"[0, 1, 3, 4, 6, 7]",1.6980737021399728,new_pose_estimated,2,2,1,2,1
ANALYTIC_016,DROP_TWO_CORRECT,ROBUST,True,0.5493370573780114,0.710546589131291,0.009097156324394336,2,0,6,6,6,0,"[0, 1, 3, 4, 6, 7]",1.6980737021399728,new_pose_estimated,164,34,3,3,3
ANALYTIC_016,KEEP_ONE_WRONG,STANDARD,True,15.47448643790661,1.31057615073234,0.15526678072107664,0,1,7,8,6,0,"[1, 2, 4, 5, 6, 7]",1.6543096116329483,new_pose_estimated,2,2,1,2,1
ANALYTIC_016,KEEP_ONE_WRONG,ROBUST,True,0.577889036314031,0.3332260853892281,0.006934086710525046,0,1,7,8,7,0,"[1, 2, 3, 4, 5, 6, 7]",1.9576754022130058,new_pose_estimated,164,164,3,143,3
ANALYTIC_016,KEEP_TWO_WRONG,STANDARD,True,12.692526158400819,2.6887725880267985,0.12928631429977283,0,2,6,8,6,0,"[1, 2, 3, 5, 6, 7]",1.6191977698792832,new_pose_estimated,2,2,1,2,1
ANALYTIC_016,KEEP_TWO_WRONG,ROBUST,True,0.7593234252664018,0.3699615467142076,0.008659462993395588,0,2,6,8,6,0,"[1, 2, 3, 5, 6, 7]",2.0032559294077843,new_pose_estimated,152,152,3,143,3
ANALYTIC_016,DROP_KEEP_ONE_EACH,STANDARD,True,3.006594015559704,2.2382478029986115,0.03475758123022657,1,1,6,7,5,0,"[1, 4, 5, 6, 7]",1.4404568463887721,new_pose_estimated,2,2,1,2,1
ANALYTIC_016,DROP_KEEP_ONE_EACH,ROBUST,True,0.6175672468610083,0.352579067976443,0.007418295341296883,1,1,6,7,6,0,"[1, 3, 4, 5, 6, 7]",1.6277293912912891,new_pose_estimated,164,82,3,143,3
ANALYTIC_016,DROP_KEEP_TWO_EACH,STANDARD,True,9.408464586340681,3.800760494047106,0.10046879500371195,2,2,4,6,2,0,"[1, 6]",1.6447040709452383,new_pose_estimated,2,2,1,2,1
ANALYTIC_016,DROP_KEEP_TWO_EACH,ROBUST,True,0.8042516169413141,0.7126802943405124,0.010456963405792864,2,2,4,6,4,0,"[1, 3, 6, 7]",1.628326318031884,new_pose_estimated,154,32,2,142,2
ANALYTIC_016,TWO_COHERENT_WRONG,STANDARD,True,21.543293079242268,1.6755720362491868,0.21593620810482633,0,2,6,8,4,0,"[1, 2, 5, 6]",1.7021768324886766,new_pose_estimated,2,2,1,2,1
ANALYTIC_016,TWO_COHERENT_WRONG,ROBUST,True,0.7593234252664018,0.3699615467142076,0.008659462993395588,0,2,6,8,6,0,"[1, 2, 3, 5, 6, 7]",2.0032559294077843,new_pose_estimated,160,160,3,143,3
ANALYTIC_016,FOUR_VALID,STANDARD,True,2.473554729746883,0.5287255095654759,0.025438074200467932,4,0,4,4,4,0,"[0, 1, 2, 4]",3.824787788655432,new_pose_estimated,2,2,1,2,1
ANALYTIC_016,FOUR_VALID,ROBUST,True,2.473554729746883,0.5287255095654759,0.025438074200467932,4,0,4,4,4,0,"[0, 1, 2, 4]",3.824787788655432,new_pose_estimated,164,2,2,2,2
ANALYTIC_016,FIVE_VALID,STANDARD,True,2.0209679419003175,0.3426251000909465,0.020593264184014217,3,0,5,5,5,0,"[0, 1, 2, 4, 5]",2.181141763423443,new_pose_estimated,2,2,1,2,1
ANALYTIC_016,FIVE_VALID,ROBUST,True,2.0209679419003175,0.3426251000909465,0.020593264184014217,3,0,5,5,5,0,"[0, 1, 2, 4, 5]",2.181141763423443,new_pose_estimated,164,12,3,3,3
ANALYTIC_016,NEAR_COLLINEAR,STANDARD,True,93.4592467142006,173.76118734279265,1.5712132481002676,0,8,0,8,0,0,[],1.8505297579266882,new_pose_estimated,4,4,1,2,1
ANALYTIC_016,NEAR_COLLINEAR,ROBUST,True,267.25236986793186,90.73573570981814,2.831456068704586,0,8,0,8,0,4,"[0, 1, 2, 3]",28.170457142977604,new_pose_estimated,161,161,3,143,3
ANALYTIC_017,VALID_ONLY,STANDARD,True,2.61829206549478,0.1322475278443626,0.026222308378487838,0,0,8,8,8,0,"[0, 1, 2, 3, 4, 5, 6, 7]",1.4136125182564439,new_pose_estimated,2,2,1,2,1
ANALYTIC_017,VALID_ONLY,ROBUST,True,2.61829206549478,0.1322475278443626,0.026222308378487838,0,0,8,8,8,0,"[0, 1, 2, 3, 4, 5, 6, 7]",1.4136125182564439,new_pose_estimated,164,164,3,143,3
ANALYTIC_017,DROP_ONE_CORRECT,STANDARD,True,2.613696347145145,0.14514778907554146,0.026189197966599773,1,0,7,7,7,0,"[0, 1, 2, 3, 5, 6, 7]",1.6295868525116761,new_pose_estimated,2,2,1,2,1
ANALYTIC_017,DROP_ONE_CORRECT,ROBUST,True,2.613696347145145,0.14514778907554146,0.026189197966599773,1,0,7,7,7,0,"[0, 1, 2, 3, 5, 6, 7]",1.6295868525116761,new_pose_estimated,164,82,3,3,3
ANALYTIC_017,DROP_TWO_CORRECT,STANDARD,True,3.6293937048252936,0.2770801009887458,0.03640630553884153,2,0,6,6,6,0,"[0, 1, 2, 3, 6, 7]",1.9024162585524829,new_pose_estimated,2,2,1,2,1
ANALYTIC_017,DROP_TWO_CORRECT,ROBUST,True,3.6293937048252936,0.2770801009887458,0.03640630553884153,2,0,6,6,6,0,"[0, 1, 2, 3, 6, 7]",1.9024162585524829,new_pose_estimated,164,36,3,3,3
ANALYTIC_017,KEEP_ONE_WRONG,STANDARD,True,3.5953970528578907,2.723712536438807,0.04287926808210599,0,1,7,8,6,0,"[0, 1, 2, 3, 5, 6]",1.393305804481081,new_pose_estimated,2,2,1,2,1
ANALYTIC_017,KEEP_ONE_WRONG,ROBUST,True,2.579622806708869,0.16454723288671275,0.025865545772612714,0,1,7,8,7,0,"[0, 1, 2, 3, 4, 5, 6]",1.6395885546524887,new_pose_estimated,157,157,3,143,3
ANALYTIC_017,KEEP_TWO_WRONG,STANDARD,True,8.219820062534563,4.489615705563579,0.09084272371422754,0,2,6,8,4,0,"[0, 1, 2, 3]",1.3852044300156119,new_pose_estimated,2,2,1,2,1
ANALYTIC_017,KEEP_TWO_WRONG,ROBUST,True,1.5725414330478305,0.4003152033042529,0.016285926579187333,0,2,6,8,6,0,"[0, 1, 2, 3, 4, 5]",1.9467033707081665,new_pose_estimated,160,160,3,143,3
ANALYTIC_017,DROP_KEEP_ONE_EACH,STANDARD,True,3.9403930031430416,4.101761343892835,0.0540524232335058,1,1,6,7,6,0,"[0, 1, 2, 3, 5, 6]",1.6460454535921627,new_pose_estimated,2,2,1,2,1
ANALYTIC_017,DROP_KEEP_ONE_EACH,ROBUST,True,2.5703822844571613,0.328375959512945,0.02595563130768396,1,1,6,7,6,0,"[0, 1, 2, 3, 5, 6]",2.2443282093655905,new_pose_estimated,148,78,3,143,3
ANALYTIC_017,DROP_KEEP_TWO_EACH,STANDARD,True,15.659511198185555,6.339865728492765,0.17107942611757065,2,2,4,6,4,0,"[0, 1, 2, 3]",1.9318055650234336,new_pose_estimated,2,2,1,2,1
ANALYTIC_017,DROP_KEEP_TWO_EACH,ROBUST,True,16.165575669093656,8.381546127023022,0.17783383965678323,2,2,4,6,4,1,"[0, 1, 2, 3, 6]",2.8062196140180924,new_pose_estimated,152,34,3,143,3
ANALYTIC_017,TWO_COHERENT_WRONG,STANDARD,True,8.92585180175732,3.9344891721469195,0.09768707409338385,0,2,6,8,4,0,"[0, 1, 2, 3]",1.4355790006383593,new_pose_estimated,2,2,1,2,1
ANALYTIC_017,TWO_COHERENT_WRONG,ROBUST,True,1.5725414330478305,0.4003152033042529,0.016285926579187333,0,2,6,8,6,0,"[0, 1, 2, 3, 4, 5]",1.9467033707081665,new_pose_estimated,164,164,3,143,3
ANALYTIC_017,FOUR_VALID,STANDARD,True,1.4306946111354155,0.14696092911372216,0.014394817470591084,4,0,4,4,4,0,"[0, 1, 2, 4]",3.191222076180279,new_pose_estimated,2,2,1,2,1
ANALYTIC_017,FOUR_VALID,ROBUST,True,1.4306946111354155,0.14696092911372216,0.014394817470591084,4,0,4,4,4,0,"[0, 1, 2, 4]",3.191222076180279,new_pose_estimated,164,2,2,2,2
ANALYTIC_017,FIVE_VALID,STANDARD,True,0.8558177731172704,0.2624984792841978,0.009058230410616909,3,0,5,5,5,0,"[0, 1, 2, 4, 5]",1.955479698190367,new_pose_estimated,2,2,1,2,1
ANALYTIC_017,FIVE_VALID,ROBUST,True,0.8558177731172704,0.2624984792841978,0.009058230410616909,3,0,5,5,5,0,"[0, 1, 2, 4, 5]",1.955479698190367,new_pose_estimated,164,12,3,3,3
ANALYTIC_017,NEAR_COLLINEAR,STANDARD,True,68.72375839706322,171.40975073342972,1.4474926474385912,0,8,0,8,0,0,[],1.8505297579266882,new_pose_estimated,4,4,1,2,1
ANALYTIC_017,NEAR_COLLINEAR,ROBUST,True,292.8456107146802,104.54112882643675,3.089275697783048,0,8,0,8,0,4,"[0, 1, 2, 3]",28.170457142977604,new_pose_estimated,161,161,3,143,3
ANALYTIC_018,VALID_ONLY,STANDARD,True,0.1203380871240502,0.45888989179806927,0.0061647988051337765,0,0,8,8,8,0,"[0, 1, 2, 3, 4, 5, 6, 7]",1.485301831451037,new_pose_estimated,2,2,1,2,1
ANALYTIC_018,VALID_ONLY,ROBUST,True,0.1203380871240502,0.45888989179806927,0.0061647988051337765,0,0,8,8,8,0,"[0, 1, 2, 3, 4, 5, 6, 7]",1.485301831451037,new_pose_estimated,164,164,3,143,3
ANALYTIC_018,DROP_ONE_CORRECT,STANDARD,True,0.11712667938879649,0.3936587925541199,0.00506137309246869,1,0,7,7,7,0,"[0, 1, 2, 3, 4, 5, 6]",1.7239391546946945,new_pose_estimated,2,2,1,2,1
ANALYTIC_018,DROP_ONE_CORRECT,ROBUST,True,0.11712667938879649,0.3936587925541199,0.00506137309246869,1,0,7,7,7,0,"[0, 1, 2, 3, 4, 5, 6]",1.7239391546946945,new_pose_estimated,164,82,3,3,3
ANALYTIC_018,DROP_TWO_CORRECT,STANDARD,True,0.13394860861578398,0.4097548841101943,0.005266838441076208,2,0,6,6,6,0,"[0, 1, 2, 4, 5, 6]",1.8394237073963722,new_pose_estimated,2,2,1,2,1
ANALYTIC_018,DROP_TWO_CORRECT,ROBUST,True,0.13394860861578398,0.4097548841101943,0.005266838441076208,2,0,6,6,6,0,"[0, 1, 2, 4, 5, 6]",1.8394237073963722,new_pose_estimated,164,36,3,3,3
ANALYTIC_018,KEEP_ONE_WRONG,STANDARD,True,11.057489433566598,1.85605385510664,0.11223092495768057,0,1,7,8,6,0,"[1, 2, 4, 5, 6, 7]",1.4627443717081026,new_pose_estimated,2,2,1,2,1
ANALYTIC_018,KEEP_ONE_WRONG,ROBUST,True,0.4799047876188812,0.3805475319933373,0.006568901146205316,0,1,7,8,7,0,"[1, 2, 3, 4, 5, 6, 7]",1.7194287995973017,new_pose_estimated,162,162,3,143,3
ANALYTIC_018,KEEP_TWO_WRONG,STANDARD,True,9.309444503708972,2.13169689437098,0.09566716395618696,0,2,6,8,4,0,"[4, 5, 6, 7]",1.5435493293817155,new_pose_estimated,2,2,1,2,1
ANALYTIC_018,KEEP_TWO_WRONG,ROBUST,True,0.5826911231440649,0.42181088473396605,0.0075600104449397776,0,2,6,8,6,0,"[1, 3, 4, 5, 6, 7]",1.48364188795798,new_pose_estimated,158,158,3,143,3
ANALYTIC_018,DROP_KEEP_ONE_EACH,STANDARD,True,7.516007388918335,1.825184653122097,0.0777502080952673,1,1,6,7,5,0,"[1, 2, 4, 5, 6]",1.7268648370705564,new_pose_estimated,2,2,1,2,1
ANALYTIC_018,DROP_KEEP_ONE_EACH,ROBUST,True,0.22152825420332284,0.31516342839042805,0.004479484403694777,1,1,6,7,6,0,"[1, 2, 3, 4, 5, 6]",1.8418222827491695,new_pose_estimated,164,82,3,143,3
ANALYTIC_018,DROP_KEEP_TWO_EACH,STANDARD,True,29.69571859424585,4.026036905413628,0.2993998246753099,2,2,4,6,2,1,"[0, 5, 6]",1.9168835912847617,new_pose_estimated,2,2,1,2,1
ANALYTIC_018,DROP_KEEP_TWO_EACH,ROBUST,True,25.27499336033771,2.132663372838463,0.2535294870574415,2,2,4,6,4,1,"[0, 1, 4, 5, 6]",1.5804769009979829,new_pose_estimated,158,36,3,143,3
ANALYTIC_018,TWO_COHERENT_WRONG,STANDARD,True,7.280290513488493,4.161681191474925,0.08513128995917452,0,2,6,8,4,0,"[4, 5, 6, 7]",1.4599427973635537,new_pose_estimated,2,2,1,2,1
ANALYTIC_018,TWO_COHERENT_WRONG,ROBUST,True,0.5826911231440649,0.42181088473396605,0.0075600104449397776,0,2,6,8,6,0,"[1, 3, 4, 5, 6, 7]",1.48364188795798,new_pose_estimated,160,160,3,143,3
ANALYTIC_018,FOUR_VALID,STANDARD,True,0.6616367461169432,0.7889372941788638,0.01034056228315635,4,0,4,4,4,0,"[0, 1, 2, 4]",3.466695099703909,new_pose_estimated,2,2,1,2,1
ANALYTIC_018,FOUR_VALID,ROBUST,True,0.6616367461169432,0.7889372941788638,0.01034056228315635,4,0,4,4,4,0,"[0, 1, 2, 4]",3.466695099703909,new_pose_estimated,164,2,2,2,2
ANALYTIC_018,FIVE_VALID,STANDARD,True,0.7461988549725201,0.3768965042283307,0.00848756877905749,3,0,5,5,5,0,"[0, 1, 2, 4, 5]",1.9643043368566466,new_pose_estimated,2,2,1,2,1
ANALYTIC_018,FIVE_VALID,ROBUST,True,0.7461988549725201,0.3768965042283307,0.00848756877905749,3,0,5,5,5,0,"[0, 1, 2, 4, 5]",1.9643043368566466,new_pose_estimated,164,12,3,3,3
ANALYTIC_018,NEAR_COLLINEAR,STANDARD,True,122.66230712699154,176.03425402028031,1.7655249444968997,0,8,0,8,0,0,[],1.8505297579266882,new_pose_estimated,4,4,1,2,1
ANALYTIC_018,NEAR_COLLINEAR,ROBUST,True,239.79858752105852,93.46244856989654,2.5580339712351297,0,8,0,8,0,4,"[0, 1, 2, 3]",28.170457142977604,new_pose_estimated,161,161,3,143,3
ANALYTIC_019,VALID_ONLY,STANDARD,True,0.6084647323002336,0.3262795728939314,0.006864729458224937,0,0,8,8,8,0,"[0, 1, 2, 3, 4, 5, 6, 7]",1.6486381058676725,new_pose_estimated,2,2,1,2,1
ANALYTIC_019,VALID_ONLY,ROBUST,True,0.6084647323002336,0.3262795728939314,0.006864729458224937,0,0,8,8,8,0,"[0, 1, 2, 3, 4, 5, 6, 7]",1.6486381058676725,new_pose_estimated,165,165,3,143,3
ANALYTIC_019,DROP_ONE_CORRECT,STANDARD,True,0.32060028491399456,0.5361184595054769,0.007196240404161747,1,0,7,7,7,0,"[0, 1, 3, 4, 5, 6, 7]",1.6270988101931747,new_pose_estimated,2,2,1,2,1
ANALYTIC_019,DROP_ONE_CORRECT,ROBUST,True,0.32060028491399456,0.5361184595054769,0.007196240404161747,1,0,7,7,7,0,"[0, 1, 3, 4, 5, 6, 7]",1.6270988101931747,new_pose_estimated,165,83,3,3,3
ANALYTIC_019,DROP_TWO_CORRECT,STANDARD,True,1.5128244904638788,0.5759267011598442,0.01608345609363023,2,0,6,6,6,0,"[0, 1, 3, 4, 6, 7]",1.7512068521785007,new_pose_estimated,2,2,1,2,1
ANALYTIC_019,DROP_TWO_CORRECT,ROBUST,True,1.5128244904638788,0.5759267011598442,0.01608345609363023,2,0,6,6,6,0,"[0, 1, 3, 4, 6, 7]",1.7512068521785007,new_pose_estimated,165,34,3,3,3
ANALYTIC_019,KEEP_ONE_WRONG,STANDARD,True,11.39303525494617,3.0599616959061597,0.11643635398112528,0,1,7,8,6,0,"[0, 1, 2, 3, 4, 7]",1.661960250213467,new_pose_estimated,2,2,1,2,1
ANALYTIC_019,KEEP_ONE_WRONG,ROBUST,True,0.6247374773032663,0.31243921322289103,0.0070523835753107285,0,1,7,8,7,0,"[0, 1, 2, 3, 4, 5, 7]",1.8673780758244556,new_pose_estimated,165,165,3,143,3
ANALYTIC_019,KEEP_TWO_WRONG,STANDARD,True,6.913912069507715,1.5138337465552882,0.07081989072537027,0,2,6,8,6,0,"[1, 2, 3, 4, 5, 7]",1.653941754863897,new_pose_estimated,2,2,1,2,1
ANALYTIC_019,KEEP_TWO_WRONG,ROBUST,True,3.7112394008179117,0.6315583289124489,0.037763943645243575,0,2,6,8,6,0,"[1, 2, 3, 4, 5, 7]",1.9523903665155782,new_pose_estimated,152,152,3,143,3
ANALYTIC_019,DROP_KEEP_ONE_EACH,STANDARD,True,18.033325328942766,2.3087277417902747,0.1813925259061889,1,1,6,7,5,0,"[0, 1, 3, 4, 7]",1.6004883828680538,new_pose_estimated,2,2,1,2,1
ANALYTIC_019,DROP_KEEP_ONE_EACH,ROBUST,True,0.286335725930902,0.5148792597270322,0.00700084501356117,1,1,6,7,6,0,"[0, 1, 3, 4, 5, 7]",1.7458555981363848,new_pose_estimated,165,83,3,143,3
ANALYTIC_019,DROP_KEEP_TWO_EACH,STANDARD,True,16.800769879006793,3.527268697458822,0.17288148207184953,2,2,4,6,3,0,"[1, 3, 4]",1.6778266760458767,new_pose_estimated,2,2,1,2,1
ANALYTIC_019,DROP_KEEP_TWO_EACH,ROBUST,True,34.945465066367944,3.115503244269385,0.3510263591574392,2,2,4,6,4,1,"[1, 3, 4, 6, 7]",1.694350868474928,new_pose_estimated,152,34,3,143,3
ANALYTIC_019,TWO_COHERENT_WRONG,STANDARD,True,4.978980561194604,1.710890497224875,0.05308859867316822,0,2,6,8,6,0,"[1, 2, 3, 4, 5, 7]",1.6541650179729002,new_pose_estimated,2,2,1,2,1
ANALYTIC_019,TWO_COHERENT_WRONG,ROBUST,True,3.7112394008179117,0.6315583289124489,0.037763943645243575,0,2,6,8,6,0,"[1, 2, 3, 4, 5, 7]",1.9523903665155782,new_pose_estimated,158,158,3,143,3
ANALYTIC_019,FOUR_VALID,STANDARD,True,14.589764416094356,81.84769922835137,1.1194136318729022,4,0,4,4,4,0,"[0, 1, 2, 4]",3.2005977052742467,new_pose_estimated,2,2,1,2,1
ANALYTIC_019,FOUR_VALID,ROBUST,True,14.589764416094356,81.84769922835137,1.1194136318729022,4,0,4,4,4,0,"[0, 1, 2, 4]",3.2005977052742467,new_pose_estimated,165,2,2,2,2
ANALYTIC_019,FIVE_VALID,STANDARD,True,2.6975878198712597,0.1972821907784893,0.027043957903621255,3,0,5,5,5,0,"[0, 1, 2, 4, 5]",2.04913162521966,new_pose_estimated,2,2,1,2,1
ANALYTIC_019,FIVE_VALID,ROBUST,True,2.6975878198712597,0.1972821907784893,0.027043957903621255,3,0,5,5,5,0,"[0, 1, 2, 4, 5]",2.04913162521966,new_pose_estimated,165,12,3,3,3
ANALYTIC_019,NEAR_COLLINEAR,STANDARD,True,47.545333210733126,171.7292341547215,1.3523607777337627,0,8,0,8,0,0,[],1.8505297579266882,new_pose_estimated,4,4,1,2,1
ANALYTIC_019,NEAR_COLLINEAR,ROBUST,True,310.4387617133071,111.05060510912146,3.245134174295077,0,8,0,8,0,4,"[0, 1, 2, 3]",28.170457142977604,new_pose_estimated,161,161,3,143,3
ANALYTIC_020,VALID_ONLY,STANDARD,True,0.4069554653467397,0.2955122751774467,0.005510302317156281,0,0,8,8,8,0,"[0, 1, 2, 3, 4, 5, 6, 7]",1.5740354036679853,new_pose_estimated,2,2,1,2,1
ANALYTIC_020,VALID_ONLY,ROBUST,True,0.4069554653467397,0.2955122751774467,0.005510302317156281,0,0,8,8,8,0,"[0, 1, 2, 3, 4, 5, 6, 7]",1.5740354036679853,new_pose_estimated,164,164,3,143,3
ANALYTIC_020,DROP_ONE_CORRECT,STANDARD,True,0.46118994740938607,0.37443057319531586,0.006448734388368623,1,0,7,7,7,0,"[0, 1, 2, 4, 5, 6, 7]",1.7550728199782732,new_pose_estimated,2,2,1,2,1
ANALYTIC_020,DROP_ONE_CORRECT,ROBUST,True,0.46118994740938607,0.37443057319531586,0.006448734388368623,1,0,7,7,7,0,"[0, 1, 2, 4, 5, 6, 7]",1.7550728199782732,new_pose_estimated,164,82,3,3,3
ANALYTIC_020,DROP_TWO_CORRECT,STANDARD,True,0.5459141602541496,0.4106612476823958,0.007542556710222222,2,0,6,6,6,0,"[0, 1, 2, 4, 5, 6]",1.892828405564863,new_pose_estimated,2,2,1,2,1
ANALYTIC_020,DROP_TWO_CORRECT,ROBUST,True,0.5459141602541496,0.4106612476823958,0.007542556710222222,2,0,6,6,6,0,"[0, 1, 2, 4, 5, 6]",1.892828405564863,new_pose_estimated,164,36,3,3,3
ANALYTIC_020,KEEP_ONE_WRONG,STANDARD,True,5.032256560682231,1.7016727784543952,0.053163344992737116,0,1,7,8,6,0,"[0, 3, 4, 5, 6, 7]",1.5821419694434413,new_pose_estimated,2,2,1,2,1
ANALYTIC_020,KEEP_ONE_WRONG,ROBUST,True,0.43609243108551604,0.31946930870285817,0.005720881928614341,0,1,7,8,7,0,"[0, 2, 3, 4, 5, 6, 7]",1.4213372561162538,new_pose_estimated,162,162,3,143,3
ANALYTIC_020,KEEP_TWO_WRONG,STANDARD,True,6.2707941237376446,3.422897883688528,0.0710614746185611,0,2,6,8,5,0,"[0, 3, 4, 6, 7]",1.5336224043014937,new_pose_estimated,2,2,1,2,1
ANALYTIC_020,KEEP_TWO_WRONG,ROBUST,True,0.8027002740871259,0.23115203131605355,0.008416036585527205,0,2,6,8,6,0,"[0, 2, 3, 4, 6, 7]",1.6663626883087435,new_pose_estimated,152,152,3,143,3
ANALYTIC_020,DROP_KEEP_ONE_EACH,STANDARD,True,4.32508358469086,2.0876631151004217,0.04834852006654208,1,1,6,7,5,0,"[0, 4, 5, 6, 7]",1.8049163793288847,new_pose_estimated,2,2,1,2,1
ANALYTIC_020,DROP_KEEP_ONE_EACH,ROBUST,True,0.40430044924685005,0.3856225064270418,0.006311891772356392,1,1,6,7,6,0,"[0, 2, 4, 5, 6, 7]",1.4615844924657733,new_pose_estimated,164,82,3,143,3
ANALYTIC_020,DROP_KEEP_TWO_EACH,STANDARD,True,15.03855978783523,1.7399052607100272,0.15137450713813982,2,2,4,6,2,0,"[0, 4]",1.8893300800250923,new_pose_estimated,2,2,1,2,1
ANALYTIC_020,DROP_KEEP_TWO_EACH,ROBUST,True,0.8111729039768829,0.3883021365032011,0.008955262131561049,2,2,4,6,4,0,"[0, 2, 4, 6]",1.563533173745926,new_pose_estimated,164,36,3,143,3
ANALYTIC_020,TWO_COHERENT_WRONG,STANDARD,True,14.25136354344693,1.2580767805087891,0.1431456324621576,0,2,6,8,4,0,"[0, 3, 4, 7]",1.5623671592441026,new_pose_estimated,2,2,1,2,1
ANALYTIC_020,TWO_COHERENT_WRONG,ROBUST,True,0.8027002740871259,0.23115203131605355,0.008416036585527205,0,2,6,8,6,0,"[0, 2, 3, 4, 6, 7]",1.6663626883087435,new_pose_estimated,164,164,3,143,3
ANALYTIC_020,FOUR_VALID,STANDARD,True,0.9963460893489491,0.5344184162456094,0.011113674700192002,4,0,4,4,4,0,"[0, 1, 2, 4]",3.7101374657391157,new_pose_estimated,2,2,1,2,1
ANALYTIC_020,FOUR_VALID,ROBUST,True,0.9963460893489491,0.5344184162456094,0.011113674700192002,4,0,4,4,4,0,"[0, 1, 2, 4]",3.7101374657391157,new_pose_estimated,164,2,2,2,2
ANALYTIC_020,FIVE_VALID,STANDARD,True,0.6305648342243543,0.47866615952460867,0.008941845253394469,3,0,5,5,5,0,"[0, 1, 2, 4, 5]",2.0353853692667863,new_pose_estimated,2,2,1,2,1
ANALYTIC_020,FIVE_VALID,ROBUST,True,0.6305648342243543,0.47866615952460867,0.008941845253394469,3,0,5,5,5,0,"[0, 1, 2, 4, 5]",2.0353853692667863,new_pose_estimated,164,12,3,3,3
ANALYTIC_020,NEAR_COLLINEAR,STANDARD,True,133.57319195177024,170.17409980257318,1.8491436085369979,0,8,0,8,0,0,[],1.8505297579266882,new_pose_estimated,4,4,1,2,1
ANALYTIC_020,NEAR_COLLINEAR,ROBUST,True,227.22615485772005,88.6022013731115,2.4228534411894254,0,8,0,8,0,4,"[0, 1, 2, 3]",28.170457142977604,new_pose_estimated,161,161,3,143,3
ANALYTIC_021,VALID_ONLY,STANDARD,True,0.9527757243916395,0.20478882841207516,0.009741686156970936,0,0,8,8,8,0,"[0, 1, 2, 3, 4, 5, 6, 7]",1.553165038763909,new_pose_estimated,2,2,1,2,1
ANALYTIC_021,VALID_ONLY,ROBUST,True,0.9527757243916395,0.20478882841207516,0.009741686156970936,0,0,8,8,8,0,"[0, 1, 2, 3, 4, 5, 6, 7]",1.553165038763909,new_pose_estimated,164,164,3,143,3
ANALYTIC_021,DROP_ONE_CORRECT,STANDARD,True,1.6550197583636825,0.13240126238410949,0.016599395152022717,1,0,7,7,7,0,"[0, 2, 3, 4, 5, 6, 7]",1.7047871152193914,new_pose_estimated,2,2,1,2,1
ANALYTIC_021,DROP_ONE_CORRECT,ROBUST,True,1.6550197583636825,0.13240126238410949,0.016599395152022717,1,0,7,7,7,0,"[0, 2, 3, 4, 5, 6, 7]",1.7047871152193914,new_pose_estimated,164,82,3,3,3
ANALYTIC_021,DROP_TWO_CORRECT,STANDARD,True,2.578876404732808,0.1631725152897391,0.02584352626502338,2,0,6,6,6,0,"[0, 2, 3, 5, 6, 7]",1.8663627781190233,new_pose_estimated,2,2,1,2,1
ANALYTIC_021,DROP_TWO_CORRECT,ROBUST,True,2.578876404732808,0.1631725152897391,0.02584352626502338,2,0,6,6,6,0,"[0, 2, 3, 5, 6, 7]",1.8663627781190233,new_pose_estimated,164,34,3,3,3
ANALYTIC_021,KEEP_ONE_WRONG,STANDARD,True,2.9291340134431048,2.358057861599784,0.03581181767641231,0,1,7,8,7,0,"[0, 1, 2, 3, 4, 6, 7]",1.5783559129308473,new_pose_estimated,2,2,1,2,1
ANALYTIC_021,KEEP_ONE_WRONG,ROBUST,True,0.9426956628949559,0.20497044569747153,0.009657255116580124,0,1,7,8,7,0,"[0, 1, 2, 3, 4, 6, 7]",1.7976765421619154,new_pose_estimated,152,152,3,143,3
ANALYTIC_021,KEEP_TWO_WRONG,STANDARD,True,16.0305911891406,95.0600544028615,1.260041699154979,0,2,6,8,4,1,"[1, 2, 4, 5, 7]",1.5410506967697302,new_pose_estimated,2,2,1,2,1
ANALYTIC_021,KEEP_TWO_WRONG,ROBUST,True,1.005967990113236,0.2712388089705804,0.010435922636979744,0,2,6,8,6,0,"[0, 1, 2, 4, 6, 7]",1.4894879177440086,new_pose_estimated,158,158,3,143,3
ANALYTIC_021,DROP_KEEP_ONE_EACH,STANDARD,True,5.9757128864610785,2.1355187473035233,0.06338191035599591,1,1,6,7,6,0,"[0, 2, 3, 4, 6, 7]",1.737421357532834,new_pose_estimated,2,2,1,2,1
ANALYTIC_021,DROP_KEEP_ONE_EACH,ROBUST,True,1.7852027262625783,0.1633917656786199,0.017922894808424676,1,1,6,7,6,0,"[0, 2, 3, 4, 6, 7]",2.0024507840832126,new_pose_estimated,156,74,3,143,3
ANALYTIC_021,DROP_KEEP_TWO_EACH,STANDARD,True,5.093223791279463,0.6809611055658167,0.05159811756149281,2,2,4,6,2,0,"[2, 6]",1.88575875133266,new_pose_estimated,2,2,1,2,1
ANALYTIC_021,DROP_KEEP_TWO_EACH,ROBUST,True,2.6891830191346435,0.21041154089985248,0.02697541468298042,2,2,4,6,4,0,"[0, 2, 6, 7]",1.640654108862737,new_pose_estimated,152,30,3,143,3
ANALYTIC_021,TWO_COHERENT_WRONG,STANDARD,True,3.8917518332748147,1.6528978389372964,0.043658600467416916,0,2,6,8,5,0,"[1, 2, 4, 6, 7]",1.5572698359318107,new_pose_estimated,2,2,1,2,1
ANALYTIC_021,TWO_COHERENT_WRONG,ROBUST,True,1.005967990113236,0.2712388089705804,0.010435922636979744,0,2,6,8,6,0,"[0, 1, 2, 4, 6, 7]",1.4894879177440086,new_pose_estimated,164,164,3,143,3
ANALYTIC_021,FOUR_VALID,STANDARD,True,16.26244774848947,94.36415444816966,1.2535705305744411,4,0,4,4,4,0,"[0, 1, 2, 4]",2.6841460275696094,new_pose_estimated,2,2,1,2,1
ANALYTIC_021,FOUR_VALID,ROBUST,True,16.26244774848947,94.36415444816966,1.2535705305744411,4,0,4,4,4,0,"[0, 1, 2, 4]",2.6841460275696094,new_pose_estimated,164,2,2,2,2
ANALYTIC_021,FIVE_VALID,STANDARD,True,0.7927809063678894,0.3353921818816189,0.00873285286104137,3,0,5,5,5,0,"[0, 1, 2, 4, 5]",1.6170383683900613,new_pose_estimated,2,2,1,2,1
ANALYTIC_021,FIVE_VALID,ROBUST,True,0.7927809063678894,0.3353921818816189,0.00873285286104137,3,0,5,5,5,0,"[0, 1, 2, 4, 5]",1.6170383683900613,new_pose_estimated,164,12,3,3,3
ANALYTIC_021,NEAR_COLLINEAR,STANDARD,True,134.46800616762465,167.02195966980415,1.8470003702300888,0,8,0,8,0,0,[],1.8505297579266882,new_pose_estimated,4,4,1,2,1
ANALYTIC_021,NEAR_COLLINEAR,ROBUST,True,226.9941665800348,84.16135833530232,2.4297457414733477,0,8,0,8,0,4,"[0, 1, 2, 3]",28.170457142977604,new_pose_estimated,161,161,3,143,3
ANALYTIC_022,VALID_ONLY,STANDARD,True,0.8471619538356611,0.23953581507175215,0.008769278306576915,0,0,8,8,8,0,"[0, 1, 2, 3, 4, 5, 6, 7]",1.6683435765707149,new_pose_estimated,2,2,1,2,1
ANALYTIC_022,VALID_ONLY,ROBUST,True,0.8471619538356611,0.23953581507175215,0.008769278306576915,0,0,8,8,8,0,"[0, 1, 2, 3, 4, 5, 6, 7]",1.6683435765707149,new_pose_estimated,164,164,3,143,3
ANALYTIC_022,DROP_ONE_CORRECT,STANDARD,True,0.9458503869227648,0.16844593769073513,0.009642747661188318,1,0,7,7,7,0,"[0, 1, 2, 3, 4, 5, 6]",1.8061492198070341,new_pose_estimated,2,2,1,2,1
ANALYTIC_022,DROP_ONE_CORRECT,ROBUST,True,0.9458503869227648,0.16844593769073513,0.009642747661188318,1,0,7,7,7,0,"[0, 1, 2, 3, 4, 5, 6]",1.8061492198070341,new_pose_estimated,164,82,3,3,3
ANALYTIC_022,DROP_TWO_CORRECT,STANDARD,True,2.8984049486914776,0.711900804077376,0.029598402037723244,2,0,6,6,6,0,"[0, 1, 2, 3, 4, 6]",2.0881370466547553,new_pose_estimated,2,2,1,2,1
ANALYTIC_022,DROP_TWO_CORRECT,ROBUST,True,2.8984049486914776,0.711900804077376,0.029598402037723244,2,0,6,6,6,0,"[0, 1, 2, 3, 4, 6]",2.0881370466547553,new_pose_estimated,164,34,3,3,3
ANALYTIC_022,KEEP_ONE_WRONG,STANDARD,True,18.07964353605242,2.479345204145518,0.18236628985114528,0,1,7,8,6,0,"[1, 2, 4, 5, 6, 7]",1.6404678196520504,new_pose_estimated,2,2,1,2,1
ANALYTIC_022,KEEP_ONE_WRONG,ROBUST,True,2.3700504400970126,0.14208694868075936,0.023760161012812912,0,1,7,8,7,0,"[1, 2, 3, 4, 5, 6, 7]",1.8461458413098228,new_pose_estimated,164,164,3,143,3
ANALYTIC_022,KEEP_TWO_WRONG,STANDARD,True,46.82422469176209,84.41637487286955,1.2048412534137138,0,2,6,8,5,0,"[1, 2, 3, 4, 7]",1.5665459385496725,new_pose_estimated,2,2,1,2,1
ANALYTIC_022,KEEP_TWO_WRONG,ROBUST,True,0.5094232514927536,0.4739516032593711,0.0071784270935717955,0,2,6,8,6,0,"[1, 2, 3, 4, 5, 7]",2.112833077302789,new_pose_estimated,152,152,3,143,3
ANALYTIC_022,DROP_KEEP_ONE_EACH,STANDARD,True,19.678995604372783,2.368033270303864,0.19835186193900672,1,1,6,7,5,0,"[1, 2, 4, 5, 6]",1.8220954976756436,new_pose_estimated,2,2,1,2,1
ANALYTIC_022,DROP_KEEP_ONE_EACH,ROBUST,True,2.4558107594954826,0.18629528386366065,0.02462443309598322,1,1,6,7,6,0,"[1, 2, 3, 4, 5, 6]",1.96375606404751,new_pose_estimated,160,78,3,143,3
ANALYTIC_022,DROP_KEEP_TWO_EACH,STANDARD,True,10.867080664966302,3.076709130016365,0.10973092373346158,2,2,4,6,2,0,"[1, 2]",2.096998345705585,new_pose_estimated,2,2,1,2,1
ANALYTIC_022,DROP_KEEP_TWO_EACH,ROBUST,True,6.317276388675294,81.27016358002838,1.1087159124433095,2,2,4,6,3,1,"[0, 1, 2, 4]",3.5153556041032106,new_pose_estimated,152,30,3,143,3
ANALYTIC_022,TWO_COHERENT_WRONG,STANDARD,True,7.870460154868238,1.5003449478323672,0.0801101842306315,0,2,6,8,5,0,"[1, 2, 4, 5, 7]",1.673766114440672,new_pose_estimated,2,2,1,2,1
ANALYTIC_022,TWO_COHERENT_WRONG,ROBUST,True,0.5094232514927536,0.4739516032593711,0.0071784270935717955,0,2,6,8,6,0,"[1, 2, 3, 4, 5, 7]",2.112833077302789,new_pose_estimated,160,160,3,143,3
ANALYTIC_022,FOUR_VALID,STANDARD,True,1.2226610243629543,1.0242075007382687,0.01567195412942888,4,0,4,4,4,0,"[0, 1, 2, 4]",3.839320921220992,new_pose_estimated,2,2,1,2,1
ANALYTIC_022,FOUR_VALID,ROBUST,True,1.2226610243629543,1.0242075007382687,0.01567195412942888,4,0,4,4,4,0,"[0, 1, 2, 4]",3.839320921220992,new_pose_estimated,164,2,2,2,2
ANALYTIC_022,FIVE_VALID,STANDARD,True,3.5001084581777286,0.3097821746658495,0.03509751760161087,3,0,5,5,5,0,"[0, 1, 2, 4, 5]",2.182791780783802,new_pose_estimated,2,2,1,2,1
ANALYTIC_022,FIVE_VALID,ROBUST,True,3.5001084581777286,0.3097821746658495,0.03509751760161087,3,0,5,5,5,0,"[0, 1, 2, 4, 5]",2.182791780783802,new_pose_estimated,164,12,3,3,3
ANALYTIC_022,NEAR_COLLINEAR,STANDARD,True,14.874415320645545,171.76810798065478,1.2917573014934862,0,8,0,8,0,0,[],1.8505297579266882,new_pose_estimated,4,4,1,2,1
ANALYTIC_022,NEAR_COLLINEAR,ROBUST,True,345.08864246676325,105.38987369495472,3.6055588927368167,0,8,0,8,0,4,"[0, 1, 2, 3]",28.170457142977604,new_pose_estimated,161,161,3,143,3
ANALYTIC_023,VALID_ONLY,STANDARD,True,1.5162292286662593,0.5388599446725016,0.0160009497625216,0,0,8,8,8,0,"[0, 1, 2, 3, 4, 5, 6, 7]",1.4112953295160635,new_pose_estimated,2,2,1,2,1
ANALYTIC_023,VALID_ONLY,ROBUST,True,1.5162292286662593,0.5388599446725016,0.0160009497625216,0,0,8,8,8,0,"[0, 1, 2, 3, 4, 5, 6, 7]",1.4112953295160635,new_pose_estimated,164,164,3,143,3
ANALYTIC_023,DROP_ONE_CORRECT,STANDARD,True,0.33393290630475536,0.599220087924391,0.009241953739020573,1,0,7,7,7,0,"[1, 2, 3, 4, 5, 6, 7]",1.6021805383565366,new_pose_estimated,2,2,1,2,1
ANALYTIC_023,DROP_ONE_CORRECT,ROBUST,True,0.33393290630475536,0.599220087924391,0.009241953739020573,1,0,7,7,7,0,"[1, 2, 3, 4, 5, 6, 7]",1.6021805383565366,new_pose_estimated,164,82,3,3,3
ANALYTIC_023,DROP_TWO_CORRECT,STANDARD,True,0.6247495055456042,0.7685886103643831,0.012105575188959168,2,0,6,6,6,0,"[1, 3, 4, 5, 6, 7]",1.4852733323615892,new_pose_estimated,2,2,1,2,1
ANALYTIC_023,DROP_TWO_CORRECT,ROBUST,True,0.6247495055456042,0.7685886103643831,0.012105575188959168,2,0,6,6,6,0,"[1, 3, 4, 5, 6, 7]",1.4852733323615892,new_pose_estimated,164,34,3,3,3
ANALYTIC_023,KEEP_ONE_WRONG,STANDARD,True,14.756462712373613,2.5699730597738704,0.1491314356706308,0,1,7,8,7,0,"[0, 1, 2, 3, 4, 5, 7]",1.441323154819622,new_pose_estimated,2,2,1,2,1
ANALYTIC_023,KEEP_ONE_WRONG,ROBUST,True,2.6837106445255348,0.37214540971485854,0.02715783909013777,0,1,7,8,7,0,"[0, 1, 2, 3, 4, 5, 7]",1.6702959446205432,new_pose_estimated,164,164,3,143,3
ANALYTIC_023,KEEP_TWO_WRONG,STANDARD,True,37.90088084940143,86.52141174390194,1.199726819713355,0,2,6,8,4,0,"[0, 1, 2, 3]",1.4345085987368256,new_pose_estimated,2,2,1,2,1
ANALYTIC_023,KEEP_TWO_WRONG,ROBUST,True,2.654676328549229,0.27444716700592564,0.026705684174702808,0,2,6,8,6,0,"[0, 1, 2, 3, 5, 7]",1.8557216925535633,new_pose_estimated,156,156,3,143,3
ANALYTIC_023,DROP_KEEP_ONE_EACH,STANDARD,True,12.498554382752047,4.039242021995662,0.12984452590542833,1,1,6,7,5,0,"[1, 2, 3, 4, 7]",1.5586833350704905,new_pose_estimated,2,2,1,2,1
ANALYTIC_023,DROP_KEEP_ONE_EACH,ROBUST,True,1.400956036609624,0.5685096310437031,0.01562191369812349,1,1,6,7,6,0,"[1, 2, 3, 4, 5, 7]",1.7623030955520433,new_pose_estimated,156,78,3,143,3
ANALYTIC_023,DROP_KEEP_TWO_EACH,STANDARD,True,6.373522301877434,4.551640047610823,0.07323658983266998,2,2,4,6,2,0,"[1, 3]",1.4632502976286001,new_pose_estimated,2,2,1,2,1
ANALYTIC_023,DROP_KEEP_TWO_EACH,ROBUST,True,1.507667969920283,0.43876996747225233,0.015918958721960672,2,2,4,6,4,0,"[1, 3, 5, 7]",1.4371599614137605,new_pose_estimated,154,30,3,143,3
ANALYTIC_023,TWO_COHERENT_WRONG,STANDARD,True,13.542461127432462,4.2201189311375265,0.1415741954115578,0,2,6,8,4,0,"[0, 1, 2, 3]",1.450836537990884,new_pose_estimated,2,2,1,2,1
ANALYTIC_023,TWO_COHERENT_WRONG,ROBUST,True,2.654676328549229,0.27444716700592564,0.026705684174702808,0,2,6,8,6,0,"[0, 1, 2, 3, 5, 7]",1.8557216925535633,new_pose_estimated,156,156,3,143,3
ANALYTIC_023,FOUR_VALID,STANDARD,True,3.250558779448821,0.9712256167435449,0.03389215596287525,4,0,4,4,4,0,"[0, 1, 2, 4]",3.188806370737434,new_pose_estimated,2,2,1,2,1
ANALYTIC_023,FOUR_VALID,ROBUST,True,3.250558779448821,0.9712256167435449,0.03389215596287525,4,0,4,4,4,0,"[0, 1, 2, 4]",3.188806370737434,new_pose_estimated,164,2,2,2,2
ANALYTIC_023,FIVE_VALID,STANDARD,True,5.316692406630551,0.5262402285705802,0.053364652971928606,3,0,5,5,5,0,"[0, 1, 2, 4, 5]",1.8091889494498141,new_pose_estimated,2,2,1,2,1
ANALYTIC_023,FIVE_VALID,ROBUST,True,5.316692406630551,0.5262402285705802,0.053364652971928606,3,0,5,5,5,0,"[0, 1, 2, 4, 5]",1.8091889494498141,new_pose_estimated,164,12,3,3,3
ANALYTIC_023,NEAR_COLLINEAR,STANDARD,True,16.343543778592455,166.60695024809576,1.284622164526069,0,8,0,8,0,0,[],1.8505297579266882,new_pose_estimated,4,4,1,2,1
ANALYTIC_023,NEAR_COLLINEAR,ROBUST,True,349.3765065580539,84.20391139223804,3.591022855783123,0,8,0,8,0,4,"[0, 1, 2, 3]",28.170457142977604,new_pose_estimated,161,161,3,143,3
ANALYTIC_024,VALID_ONLY,STANDARD,True,0.9650647076699135,0.6039159403767723,0.011459061360078376,0,0,8,8,8,0,"[0, 1, 2, 3, 4, 5, 6, 7]",1.413922196164093,new_pose_estimated,2,2,1,2,1
ANALYTIC_024,VALID_ONLY,ROBUST,True,0.9650647076699135,0.6039159403767723,0.011459061360078376,0,0,8,8,8,0,"[0, 1, 2, 3, 4, 5, 6, 7]",1.413922196164093,new_pose_estimated,164,164,3,143,3
ANALYTIC_024,DROP_ONE_CORRECT,STANDARD,True,1.3522909768812148,0.7756541449321034,0.015606622988939596,1,0,7,7,7,0,"[0, 1, 2, 3, 4, 5, 7]",1.6226740488898213,new_pose_estimated,2,2,1,2,1
ANALYTIC_024,DROP_ONE_CORRECT,ROBUST,True,1.3522909768812148,0.7756541449321034,0.015606622988939596,1,0,7,7,7,0,"[0, 1, 2, 3, 4, 5, 7]",1.6226740488898213,new_pose_estimated,164,82,3,3,3
ANALYTIC_024,DROP_TWO_CORRECT,STANDARD,True,1.6979815662562843,0.6591021356421317,0.01808263517114418,2,0,6,6,6,0,"[0, 1, 2, 3, 4, 5]",1.8514342072404875,new_pose_estimated,2,2,1,2,1
ANALYTIC_024,DROP_TWO_CORRECT,ROBUST,True,1.6979815662562843,0.6591021356421317,0.01808263517114418,2,0,6,6,6,0,"[0, 1, 2, 3, 4, 5]",1.8514342072404875,new_pose_estimated,164,36,3,3,3
ANALYTIC_024,KEEP_ONE_WRONG,STANDARD,True,14.4312756728327,2.465324693290942,0.14645377048095348,0,1,7,8,6,0,"[0, 3, 4, 5, 6, 7]",1.4268865562412323,new_pose_estimated,2,2,1,2,1
ANALYTIC_024,KEEP_ONE_WRONG,ROBUST,True,1.0818583650928633,0.720319611012776,0.012940149271622018,0,1,7,8,7,0,"[0, 2, 3, 4, 5, 6, 7]",1.7185781834601246,new_pose_estimated,164,164,3,143,3
ANALYTIC_024,KEEP_TWO_WRONG,STANDARD,True,8.377235187654525,3.417427619016587,0.09007662787894544,0,2,6,8,4,0,"[4, 5, 6, 7]",1.4116053549692988,new_pose_estimated,2,2,1,2,1
ANALYTIC_024,KEEP_TWO_WRONG,ROBUST,True,0.5627028422395551,0.6374706377904205,0.0089376720991937,0,2,6,8,6,0,"[2, 3, 4, 5, 6, 7]",1.4906609015798054,new_pose_estimated,156,156,3,143,3
ANALYTIC_024,DROP_KEEP_ONE_EACH,STANDARD,True,14.144248755393695,2.1059915288631257,0.14322195839715895,1,1,6,7,5,0,"[0, 3, 4, 5, 7]",1.6305406761622765,new_pose_estimated,2,2,1,2,1
ANALYTIC_024,DROP_KEEP_ONE_EACH,ROBUST,True,1.71618914550751,0.8773961160857073,0.01890531107508641,1,1,6,7,6,0,"[0, 2, 3, 4, 5, 7]",1.8595968160776257,new_pose_estimated,160,82,3,143,3
ANALYTIC_024,DROP_KEEP_TWO_EACH,STANDARD,True,10.462715545826203,3.37621684203152,0.11015612587196225,2,2,4,6,2,0,"[4, 5]",1.8586790767014252,new_pose_estimated,2,2,1,2,1
ANALYTIC_024,DROP_KEEP_TWO_EACH,ROBUST,True,1.645946487178627,0.6784191938189098,0.01737986916502713,2,2,4,6,4,0,"[2, 3, 4, 5]",1.396533691536795,new_pose_estimated,150,32,3,143,3
ANALYTIC_024,TWO_COHERENT_WRONG,STANDARD,True,7.550778435144427,3.7377032806511767,0.0847618834535166,0,2,6,8,4,0,"[4, 5, 6, 7]",1.4220347520945098,new_pose_estimated,2,2,1,2,1
ANALYTIC_024,TWO_COHERENT_WRONG,ROBUST,True,0.5627028422395551,0.6374706377904205,0.0089376720991937,0,2,6,8,6,0,"[2, 3, 4, 5, 6, 7]",1.4906609015798054,new_pose_estimated,162,162,3,143,3
ANALYTIC_024,FOUR_VALID,STANDARD,True,45.82056459925749,89.77941360725858,1.2436013666852492,4,0,4,4,4,0,"[0, 1, 2, 4]",2.8943467389347863,new_pose_estimated,2,2,1,2,1
ANALYTIC_024,FOUR_VALID,ROBUST,True,45.82056459925749,89.77941360725858,1.2436013666852492,4,0,4,4,4,0,"[0, 1, 2, 4]",2.8943467389347863,new_pose_estimated,164,2,2,2,2
ANALYTIC_024,FIVE_VALID,STANDARD,True,2.181988216122067,0.7797553087294958,0.023026020066563,3,0,5,5,5,0,"[0, 1, 2, 4, 5]",1.6743933761589118,new_pose_estimated,2,2,1,2,1
ANALYTIC_024,FIVE_VALID,ROBUST,True,2.181988216122067,0.7797553087294958,0.023026020066563,3,0,5,5,5,0,"[0, 1, 2, 4, 5]",1.6743933761589118,new_pose_estimated,164,12,3,3,3
ANALYTIC_024,NEAR_COLLINEAR,STANDARD,True,51.28289271231539,178.27482612197844,1.4062480249404792,0,8,0,8,0,0,[],1.8505297579266882,new_pose_estimated,4,4,1,2,1
ANALYTIC_024,NEAR_COLLINEAR,ROBUST,True,305.8030145857848,95.99785212870059,3.2076835578932874,0,8,0,8,0,4,"[0, 1, 2, 3]",28.170457142977604,new_pose_estimated,161,161,3,143,3
ANALYTIC_025,VALID_ONLY,STANDARD,True,2.9277607456224928,0.47176476649762944,0.029592448269623768,0,0,8,8,8,0,"[0, 1, 2, 3, 4, 5, 6, 7]",1.7287102346289884,new_pose_estimated,2,2,1,2,1
ANALYTIC_025,VALID_ONLY,ROBUST,True,2.9277607456224928,0.47176476649762944,0.029592448269623768,0,0,8,8,8,0,"[0, 1, 2, 3, 4, 5, 6, 7]",1.7287102346289884,new_pose_estimated,164,164,3,143,3
ANALYTIC_025,DROP_ONE_CORRECT,STANDARD,True,2.739891309715811,0.5425118952033904,0.027831551655633495,1,0,7,7,7,0,"[0, 1, 2, 4, 5, 6, 7]",1.8138734013367785,new_pose_estimated,2,2,1,2,1
ANALYTIC_025,DROP_ONE_CORRECT,ROBUST,True,2.739891309715811,0.5425118952033904,0.027831551655633495,1,0,7,7,7,0,"[0, 1, 2, 4, 5, 6, 7]",1.8138734013367785,new_pose_estimated,164,82,3,3,3
ANALYTIC_025,DROP_TWO_CORRECT,STANDARD,True,2.4439773662555635,0.5031691343472114,0.024877888580344086,2,0,6,6,6,0,"[0, 1, 4, 5, 6, 7]",1.8611461224782981,new_pose_estimated,2,2,1,2,1
ANALYTIC_025,DROP_TWO_CORRECT,ROBUST,True,2.4439773662555635,0.5031691343472114,0.024877888580344086,2,0,6,6,6,0,"[0, 1, 4, 5, 6, 7]",1.8611461224782981,new_pose_estimated,164,36,3,3,3
ANALYTIC_025,KEEP_ONE_WRONG,STANDARD,True,2.055373815812562,3.120832338307682,0.03476954366795199,0,1,7,8,6,0,"[1, 2, 4, 5, 6, 7]",1.8219664388626267,new_pose_estimated,2,2,1,2,1
ANALYTIC_025,KEEP_ONE_WRONG,ROBUST,True,3.4558974321863944,0.3484463845994683,0.03470586233565404,0,1,7,8,7,0,"[1, 2, 3, 4, 5, 6, 7]",1.6915879002656595,new_pose_estimated,164,164,3,143,3
ANALYTIC_025,KEEP_TWO_WRONG,STANDARD,True,35.00378279250585,96.0638479866771,1.2879569120492411,0,2,6,8,4,0,"[1, 2, 5, 6]",1.6888230887366142,new_pose_estimated,2,2,1,2,1
ANALYTIC_025,KEEP_TWO_WRONG,ROBUST,True,2.5462282808925476,0.28875015182726543,0.02563715415200029,0,2,6,8,6,0,"[1, 2, 3, 5, 6, 7]",1.8758965099603941,new_pose_estimated,160,160,3,143,3
ANALYTIC_025,DROP_KEEP_ONE_EACH,STANDARD,True,71.72025589047472,98.83049836826217,1.3950058858868355,1,1,6,7,6,1,"[0, 1, 2, 4, 5, 6, 7]",1.7001088364446728,new_pose_estimated,2,2,1,2,1
ANALYTIC_025,DROP_KEEP_ONE_EACH,ROBUST,True,71.72025589047472,98.83049836826217,1.3950058858868355,1,1,6,7,6,1,"[0, 1, 2, 4, 5, 6, 7]",1.7001088364446728,new_pose_estimated,162,82,3,143,3
ANALYTIC_025,DROP_KEEP_TWO_EACH,STANDARD,True,18.303763805352602,4.983487885383842,0.1940372536013823,2,2,4,6,3,1,"[0, 1, 5, 6]",1.8417321776480844,new_pose_estimated,2,2,1,2,1
ANALYTIC_025,DROP_KEEP_TWO_EACH,ROBUST,True,17.182565866234324,6.167187065079755,0.18030193968186814,2,2,4,6,4,1,"[0, 1, 5, 6, 7]",2.017563277438454,new_pose_estimated,161,36,3,143,3
ANALYTIC_025,TWO_COHERENT_WRONG,STANDARD,True,33.34756117060387,1.9953153650510398,0.3339168029481888,0,2,6,8,4,0,"[1, 2, 5, 6]",1.7929556795445785,new_pose_estimated,2,2,1,2,1
ANALYTIC_025,TWO_COHERENT_WRONG,ROBUST,True,2.5462282808925476,0.28875015182726543,0.02563715415200029,0,2,6,8,6,0,"[1, 2, 3, 5, 6, 7]",1.8758965099603941,new_pose_estimated,164,164,3,143,3
ANALYTIC_025,FOUR_VALID,STANDARD,True,2.5383678450712455,1.1642079268291294,0.027386613968767452,4,0,4,4,4,0,"[0, 1, 2, 4]",2.8690373355144514,new_pose_estimated,2,2,1,2,1
ANALYTIC_025,FOUR_VALID,ROBUST,True,2.5383678450712455,1.1642079268291294,0.027386613968767452,4,0,4,4,4,0,"[0, 1, 2, 4]",2.8690373355144514,new_pose_estimated,164,2,2,2,2
ANALYTIC_025,FIVE_VALID,STANDARD,True,2.813890504685529,0.6341545090198832,0.02861868715989343,3,0,5,5,5,0,"[0, 1, 2, 4, 5]",1.9219122975129987,new_pose_estimated,2,2,1,2,1
ANALYTIC_025,FIVE_VALID,ROBUST,True,2.813890504685529,0.6341545090198832,0.02861868715989343,3,0,5,5,5,0,"[0, 1, 2, 4, 5]",1.9219122975129987,new_pose_estimated,164,12,3,3,3
ANALYTIC_025,NEAR_COLLINEAR,STANDARD,True,32.694975680812895,175.36486303497287,1.3428037850130212,0,8,0,8,0,0,[],1.8505297579266882,new_pose_estimated,4,4,1,2,1
ANALYTIC_025,NEAR_COLLINEAR,ROBUST,True,338.90647923851964,93.04361013520536,3.5203932726938394,0,8,0,8,0,4,"[0, 1, 2, 3]",28.170457142977604,new_pose_estimated,161,161,3,143,3
ANALYTIC_026,VALID_ONLY,STANDARD,True,0.6624768226027481,0.8302681553949205,0.010663108489325609,0,0,8,8,8,0,"[0, 1, 2, 3, 4, 5, 6, 7]",2.041122122644984,new_pose_estimated,2,2,1,2,1
ANALYTIC_026,VALID_ONLY,ROBUST,True,0.6624768226027481,0.8302681553949205,0.010663108489325609,0,0,8,8,8,0,"[0, 1, 2, 3, 4, 5, 6, 7]",2.041122122644984,new_pose_estimated,160,160,3,143,3
ANALYTIC_026,DROP_ONE_CORRECT,STANDARD,True,1.4623972703476487,1.081356135637728,0.01785519511747246,1,0,7,7,7,0,"[1, 2, 3, 4, 5, 6, 7]",2.1735993230930197,new_pose_estimated,2,2,1,2,1
ANALYTIC_026,DROP_ONE_CORRECT,ROBUST,True,1.4623972703476487,1.081356135637728,0.01785519511747246,1,0,7,7,7,0,"[1, 2, 3, 4, 5, 6, 7]",2.1735993230930197,new_pose_estimated,160,78,3,3,3
ANALYTIC_026,DROP_TWO_CORRECT,STANDARD,True,1.84080937400441,1.096112956968153,0.02093421758375139,2,0,6,6,6,0,"[1, 2, 3, 5, 6, 7]",2.33304733144327,new_pose_estimated,2,2,1,2,1
ANALYTIC_026,DROP_TWO_CORRECT,ROBUST,True,1.84080937400441,1.096112956968153,0.02093421758375139,2,0,6,6,6,0,"[1, 2, 3, 5, 6, 7]",2.33304733144327,new_pose_estimated,160,32,3,3,3
ANALYTIC_026,KEEP_ONE_WRONG,STANDARD,True,8.293852962264307,2.862054418855212,0.08674421937498349,0,1,7,8,6,0,"[0, 3, 4, 5, 6, 7]",2.0807495709008794,new_pose_estimated,2,2,1,2,1
ANALYTIC_026,KEEP_ONE_WRONG,ROBUST,True,0.5075469086515587,1.0132492117604528,0.010730471018290657,0,1,7,8,7,0,"[0, 2, 3, 4, 5, 6, 7]",2.0043759595629194,new_pose_estimated,160,160,3,143,3
ANALYTIC_026,KEEP_TWO_WRONG,STANDARD,True,12.536057101341461,4.911607021012696,0.13358059611361342,0,2,6,8,4,0,"[0, 3, 5, 6]",1.987450199841412,new_pose_estimated,2,2,1,2,1
ANALYTIC_026,KEEP_TWO_WRONG,ROBUST,True,0.5324909230677987,0.8703171696452698,0.009914497789152037,0,2,6,8,6,0,"[0, 2, 3, 4, 5, 6]",2.064621489416238,new_pose_estimated,158,158,3,143,3
ANALYTIC_026,DROP_KEEP_ONE_EACH,STANDARD,True,7.890447443141607,2.931167149227587,0.0832147015325937,1,1,6,7,5,0,"[3, 4, 5, 6, 7]",2.1759219509493084,new_pose_estimated,2,2,1,2,1
ANALYTIC_026,DROP_KEEP_ONE_EACH,ROBUST,True,1.3954204713382363,1.2240773035205637,0.017945512705406876,1,1,6,7,6,0,"[2, 3, 4, 5, 6, 7]",1.9617985044635897,new_pose_estimated,160,78,3,143,3
ANALYTIC_026,DROP_KEEP_TWO_EACH,STANDARD,True,36.36300909878206,89.29852263830753,1.228240217873489,2,2,4,6,3,1,"[3, 5, 6, 7]",2.0538588377036686,new_pose_estimated,2,2,1,2,1
ANALYTIC_026,DROP_KEEP_TWO_EACH,ROBUST,True,33.394252802397766,90.48749672882755,1.2363014814215472,2,2,4,6,4,1,"[2, 3, 5, 6, 7]",1.7395525627880972,new_pose_estimated,148,32,3,143,3
ANALYTIC_026,TWO_COHERENT_WRONG,STANDARD,True,48.389956924349384,87.27715711702187,1.2384103502293617,0,2,6,8,4,0,"[0, 3, 5, 6]",1.7518537966372767,new_pose_estimated,2,2,1,2,1
ANALYTIC_026,TWO_COHERENT_WRONG,ROBUST,True,0.5324909230677987,0.8703171696452698,0.009914497789152037,0,2,6,8,6,0,"[0, 2, 3, 4, 5, 6]",2.064621489416238,new_pose_estimated,157,157,3,143,3
ANALYTIC_026,FOUR_VALID,STANDARD,True,3.278725188987666,0.7160255003006625,0.033270856501287735,4,0,4,4,4,0,"[0, 1, 2, 4]",4.31539464561035,new_pose_estimated,2,2,1,2,1
ANALYTIC_026,FOUR_VALID,ROBUST,True,3.278725188987666,0.7160255003006625,0.033270856501287735,4,0,4,4,4,0,"[0, 1, 2, 4]",4.31539464561035,new_pose_estimated,160,2,2,2,2
ANALYTIC_026,FIVE_VALID,STANDARD,True,2.0019756662308206,0.5022209761793052,0.02037022932707219,3,0,5,5,5,0,"[0, 1, 2, 4, 5]",2.4479511275286763,new_pose_estimated,2,2,1,2,1
ANALYTIC_026,FIVE_VALID,ROBUST,True,2.0019756662308206,0.5022209761793052,0.02037022932707219,3,0,5,5,5,0,"[0, 1, 2, 4, 5]",2.4479511275286763,new_pose_estimated,160,12,3,3,3
ANALYTIC_026,NEAR_COLLINEAR,STANDARD,True,92.13532665293872,173.60178987133128,1.6085563137142354,0,8,0,8,0,0,[],1.8505297579266882,new_pose_estimated,4,4,1,2,1
ANALYTIC_026,NEAR_COLLINEAR,ROBUST,True,267.68237867719705,95.91527050426002,2.8264550216794206,0,8,0,8,0,4,"[0, 1, 2, 3]",28.170457142977604,new_pose_estimated,161,161,3,143,3
ANALYTIC_027,VALID_ONLY,STANDARD,True,1.5869953421723604,0.34589474086176036,0.016226567300463637,0,0,8,8,8,0,"[0, 1, 2, 3, 4, 5, 6, 7]",1.3907767846510155,new_pose_estimated,2,2,1,2,1
ANALYTIC_027,VALID_ONLY,ROBUST,True,1.5869953421723604,0.34589474086176036,0.016226567300463637,0,0,8,8,8,0,"[0, 1, 2, 3, 4, 5, 6, 7]",1.3907767846510155,new_pose_estimated,164,164,3,143,3
ANALYTIC_027,DROP_ONE_CORRECT,STANDARD,True,1.6554945219903805,0.40640204983670064,0.01701638589466866,1,0,7,7,7,0,"[0, 1, 2, 3, 4, 6, 7]",1.6589292303714598,new_pose_estimated,2,2,1,2,1
ANALYTIC_027,DROP_ONE_CORRECT,ROBUST,True,1.6554945219903805,0.40640204983670064,0.01701638589466866,1,0,7,7,7,0,"[0, 1, 2, 3, 4, 6, 7]",1.6589292303714598,new_pose_estimated,164,82,3,3,3
ANALYTIC_027,DROP_TWO_CORRECT,STANDARD,True,2.3753185234285144,0.27182050689648124,0.02389674609574851,2,0,6,6,6,0,"[1, 2, 3, 4, 6, 7]",1.6004798563678675,new_pose_estimated,2,2,1,2,1
ANALYTIC_027,DROP_TWO_CORRECT,ROBUST,True,2.3753185234285144,0.27182050689648124,0.02389674609574851,2,0,6,6,6,0,"[1, 2, 3, 4, 6, 7]",1.6004798563678675,new_pose_estimated,164,34,3,3,3
ANALYTIC_027,KEEP_ONE_WRONG,STANDARD,True,10.244962903154319,1.960003226773841,0.10449941864869172,0,1,7,8,6,0,"[0, 3, 4, 5, 6, 7]",1.3969084305466848,new_pose_estimated,2,2,1,2,1
ANALYTIC_027,KEEP_ONE_WRONG,ROBUST,True,1.4357346351183824,0.35425852959064125,0.014777066978538114,0,1,7,8,7,0,"[0, 1, 3, 4, 5, 6, 7]",1.656142839442606,new_pose_estimated,156,156,3,143,3
ANALYTIC_027,KEEP_TWO_WRONG,STANDARD,True,8.661250946784984,2.377731354970532,0.09087892713758826,0,2,6,8,5,0,"[0, 3, 5, 6, 7]",1.3934101573996147,new_pose_estimated,2,2,1,2,1
ANALYTIC_027,KEEP_TWO_WRONG,ROBUST,True,1.1852818167013273,0.33605993381023963,0.01230026869363953,0,2,6,8,6,0,"[0, 1, 3, 5, 6, 7]",1.6527179567882126,new_pose_estimated,142,142,3,143,3
ANALYTIC_027,DROP_KEEP_ONE_EACH,STANDARD,True,2.7520125515326925,2.2123365929978007,0.03574269840117582,1,1,6,7,5,0,"[0, 3, 4, 6, 7]",1.6532724365748979,new_pose_estimated,2,2,1,2,1
ANALYTIC_027,DROP_KEEP_ONE_EACH,ROBUST,True,1.5067952908725832,0.40606109814772967,0.015571353675900176,1,1,6,7,6,0,"[0, 1, 3, 4, 6, 7]",1.797417842458117,new_pose_estimated,140,66,3,143,3
ANALYTIC_027,DROP_KEEP_TWO_EACH,STANDARD,True,4.829680307678947,3.8643321307445784,0.06127104359155787,2,2,4,6,2,0,"[3, 6]",1.58962347990794,new_pose_estimated,2,2,1,2,1
ANALYTIC_027,DROP_KEEP_TWO_EACH,ROBUST,True,2.0128836116275655,0.34918330428624356,0.020420713122743996,2,2,4,6,4,0,"[1, 3, 6, 7]",1.4024504449118738,new_pose_estimated,140,26,3,143,3
ANALYTIC_027,TWO_COHERENT_WRONG,STANDARD,True,48.800112213502835,89.66427230304362,1.249734153314807,0,2,6,8,4,0,"[0, 3, 5, 6]",1.5702935801621312,new_pose_estimated,2,2,1,2,1
ANALYTIC_027,TWO_COHERENT_WRONG,ROBUST,True,1.1852818167013273,0.33605993381023963,0.01230026869363953,0,2,6,8,6,0,"[0, 1, 3, 5, 6, 7]",1.6527179567882126,new_pose_estimated,164,164,3,143,3
ANALYTIC_027,FOUR_VALID,STANDARD,True,0.9920302686427972,0.7892897614695528,0.012906214410911656,4,0,4,4,4,0,"[0, 1, 2, 4]",2.8221273205957487,new_pose_estimated,2,2,1,2,1
ANALYTIC_027,FOUR_VALID,ROBUST,True,0.9920302686427972,0.7892897614695528,0.012906214410911656,4,0,4,4,4,0,"[0, 1, 2, 4]",2.8221273205957487,new_pose_estimated,164,2,2,2,2
ANALYTIC_027,FIVE_VALID,STANDARD,True,1.2187569464348464,0.5182969081752538,0.013301640061485598,3,0,5,5,5,0,"[0, 1, 2, 4, 5]",1.7800169276542077,new_pose_estimated,2,2,1,2,1
ANALYTIC_027,FIVE_VALID,ROBUST,True,1.2187569464348464,0.5182969081752538,0.013301640061485598,3,0,5,5,5,0,"[0, 1, 2, 4, 5]",1.7800169276542077,new_pose_estimated,164,12,3,3,3
ANALYTIC_027,NEAR_COLLINEAR,STANDARD,True,111.77054574327838,169.20167706934092,1.7134171401201441,0,8,0,8,0,0,[],1.8505297579266882,new_pose_estimated,4,4,1,2,1
ANALYTIC_027,NEAR_COLLINEAR,ROBUST,True,246.60423066783432,82.20179410530137,2.608897236977061,0,8,0,8,0,4,"[0, 1, 2, 3]",28.170457142977604,new_pose_estimated,161,161,3,143,3
ANALYTIC_028,VALID_ONLY,STANDARD,True,0.41757451517181277,0.2023822913589875,0.004829213583165646,0,0,8,8,8,0,"[0, 1, 2, 3, 4, 5, 6, 7]",1.4128864509988337,new_pose_estimated,2,2,1,2,1
ANALYTIC_028,VALID_ONLY,ROBUST,True,0.41757451517181277,0.2023822913589875,0.004829213583165646,0,0,8,8,8,0,"[0, 1, 2, 3, 4, 5, 6, 7]",1.4128864509988337,new_pose_estimated,162,162,3,143,3
ANALYTIC_028,DROP_ONE_CORRECT,STANDARD,True,0.34629707707622404,0.16886092496636737,0.003786984474360199,1,0,7,7,7,0,"[0, 1, 3, 4, 5, 6, 7]",1.5755514499719903,new_pose_estimated,2,2,1,2,1
ANALYTIC_028,DROP_ONE_CORRECT,ROBUST,True,0.34629707707622404,0.16886092496636737,0.003786984474360199,1,0,7,7,7,0,"[0, 1, 3, 4, 5, 6, 7]",1.5755514499719903,new_pose_estimated,162,80,3,3,3
ANALYTIC_028,DROP_TWO_CORRECT,STANDARD,True,0.6816507991117824,0.3149955451923331,0.007449081268477474,2,0,6,6,6,0,"[0, 1, 3, 5, 6, 7]",1.7262037340947716,new_pose_estimated,2,2,1,2,1
ANALYTIC_028,DROP_TWO_CORRECT,ROBUST,True,0.6816507991117824,0.3149955451923331,0.007449081268477474,2,0,6,6,6,0,"[0, 1, 3, 5, 6, 7]",1.7262037340947716,new_pose_estimated,162,36,3,3,3
ANALYTIC_028,KEEP_ONE_WRONG,STANDARD,True,7.265311828960639,3.2500786878636982,0.07771178670857286,0,1,7,8,6,0,"[0, 1, 2, 3, 5, 6]",1.3851991630838645,new_pose_estimated,2,2,1,2,1
ANALYTIC_028,KEEP_ONE_WRONG,ROBUST,True,0.19028275910583325,0.3591308800759135,0.00410500444990936,0,1,7,8,7,0,"[0, 1, 2, 3, 4, 5, 6]",1.6935385751982126,new_pose_estimated,164,164,3,143,3
ANALYTIC_028,KEEP_TWO_WRONG,STANDARD,True,23.390263938800476,3.52115118724823,0.23599181015384488,0,2,6,8,4,0,"[0, 3, 5, 6]",1.4094926702313022,new_pose_estimated,2,2,1,2,1
ANALYTIC_028,KEEP_TWO_WRONG,ROBUST,True,0.3454215789124061,0.30487871048986814,0.004581370112660037,0,2,6,8,6,0,"[0, 2, 3, 4, 5, 6]",1.8065113119243157,new_pose_estimated,158,158,3,143,3
ANALYTIC_028,DROP_KEEP_ONE_EACH,STANDARD,True,43.38050050967252,94.36322447096695,1.2854490107834118,1,1,6,7,5,0,"[0, 1, 3, 5, 6]",1.4658769993513978,new_pose_estimated,2,2,1,2,1
ANALYTIC_028,DROP_KEEP_ONE_EACH,ROBUST,True,0.5277151999084125,0.32871347526111117,0.0062071417450102456,1,1,6,7,6,0,"[0, 1, 3, 4, 5, 6]",1.7383255819690395,new_pose_estimated,164,82,3,143,3
ANALYTIC_028,DROP_KEEP_TWO_EACH,STANDARD,True,19.106521344059463,1.6245730496687367,0.1915804754421699,2,2,4,6,2,0,"[0, 3]",1.7386434948323508,new_pose_estimated,2,2,1,2,1
ANALYTIC_028,DROP_KEEP_TWO_EACH,ROBUST,True,1.52875414285337,99.53278747026623,1.3001018374424924,2,2,4,6,4,1,"[0, 1, 3, 5, 6]",2.5030014878432736,new_pose_estimated,159,36,3,143,3
ANALYTIC_028,TWO_COHERENT_WRONG,STANDARD,True,58.86737579997734,93.02475819495046,1.3042543085395801,0,2,6,8,4,0,"[0, 3, 5, 6]",1.5064027781165952,new_pose_estimated,2,2,1,2,1
ANALYTIC_028,TWO_COHERENT_WRONG,ROBUST,True,0.3454215789124061,0.30487871048986814,0.004581370112660037,0,2,6,8,6,0,"[0, 2, 3, 4, 5, 6]",1.8065113119243157,new_pose_estimated,162,162,3,143,3
ANALYTIC_028,FOUR_VALID,STANDARD,True,0.7058928103154225,0.39618668402316437,0.008184402249569208,4,0,4,4,4,0,"[0, 1, 2, 4]",2.7005507245394442,new_pose_estimated,2,2,1,2,1
ANALYTIC_028,FOUR_VALID,ROBUST,True,0.7058928103154225,0.39618668402316437,0.008184402249569208,4,0,4,4,4,0,"[0, 1, 2, 4]",2.7005507245394442,new_pose_estimated,162,2,2,2,2
ANALYTIC_028,FIVE_VALID,STANDARD,True,0.40920615786072684,0.3277860838267154,0.0051375372415094845,3,0,5,5,5,0,"[0, 1, 2, 4, 5]",1.7049080907843008,new_pose_estimated,2,2,1,2,1
ANALYTIC_028,FIVE_VALID,ROBUST,True,0.40920615786072684,0.3277860838267154,0.0051375372415094845,3,0,5,5,5,0,"[0, 1, 2, 4, 5]",1.7049080907843008,new_pose_estimated,162,12,3,3,3
ANALYTIC_028,NEAR_COLLINEAR,STANDARD,True,45.794468981563384,171.4264764303424,1.3784125242809577,0,8,0,8,0,0,[],1.8505297579266882,new_pose_estimated,4,4,1,2,1
ANALYTIC_028,NEAR_COLLINEAR,ROBUST,True,314.8402448253567,100.94298251560912,3.3068159579520517,0,8,0,8,0,4,"[0, 1, 2, 3]",28.170457142977604,new_pose_estimated,161,161,3,143,3
ANALYTIC_029,VALID_ONLY,STANDARD,True,0.2500779199713646,0.3020520003835319,0.0040409650503037626,0,0,8,8,8,0,"[0, 1, 2, 3, 4, 5, 6, 7]",1.5512309117918937,new_pose_estimated,2,2,1,2,1
ANALYTIC_029,VALID_ONLY,ROBUST,True,0.2500779199713646,0.3020520003835319,0.0040409650503037626,0,0,8,8,8,0,"[0, 1, 2, 3, 4, 5, 6, 7]",1.5512309117918937,new_pose_estimated,164,164,3,143,3
ANALYTIC_029,DROP_ONE_CORRECT,STANDARD,True,0.7351331284075302,0.4004259122982632,0.00843263502873439,1,0,7,7,7,0,"[0, 1, 2, 3, 4, 5, 7]",1.8704330124557635,new_pose_estimated,2,2,1,2,1
ANALYTIC_029,DROP_ONE_CORRECT,ROBUST,True,0.7351331284075302,0.4004259122982632,0.00843263502873439,1,0,7,7,7,0,"[0, 1, 2, 3, 4, 5, 7]",1.8704330124557635,new_pose_estimated,164,82,3,3,3
ANALYTIC_029,DROP_TWO_CORRECT,STANDARD,True,0.7600943397072463,0.42306054568801726,0.008720699668151732,2,0,6,6,6,0,"[0, 1, 2, 3, 4, 5]",2.0989028402688823,new_pose_estimated,2,2,1,2,1
ANALYTIC_029,DROP_TWO_CORRECT,ROBUST,True,0.7600943397072463,0.42306054568801726,0.008720699668151732,2,0,6,6,6,0,"[0, 1, 2, 3, 4, 5]",2.0989028402688823,new_pose_estimated,164,36,3,3,3
ANALYTIC_029,KEEP_ONE_WRONG,STANDARD,True,5.854694365769762,2.156371747574812,0.06259441622505246,0,1,7,8,7,0,"[0, 1, 2, 4, 5, 6, 7]",1.546345871202872,new_pose_estimated,2,2,1,2,1
ANALYTIC_029,KEEP_ONE_WRONG,ROBUST,True,0.2823084260362352,0.33583351893200164,0.004625229941745567,0,1,7,8,7,0,"[0, 1, 2, 4, 5, 6, 7]",1.636851614639189,new_pose_estimated,160,160,3,143,3
ANALYTIC_029,KEEP_TWO_WRONG,STANDARD,True,12.13411801017391,1.9757446801506482,0.12291565444479,0,2,6,8,4,0,"[1, 2, 5, 6]",1.5225875568189207,new_pose_estimated,2,2,1,2,1
ANALYTIC_029,KEEP_TWO_WRONG,ROBUST,True,0.5516815568742367,0.5114557303711406,0.00737254676689531,0,2,6,8,6,0,"[0, 1, 2, 5, 6, 7]",1.960856888914713,new_pose_estimated,164,164,3,143,3
ANALYTIC_029,DROP_KEEP_ONE_EACH,STANDARD,True,5.312587025449332,2.6145698459261384,0.05961816641863297,1,1,6,7,5,0,"[1, 2, 4, 5, 7]",1.8939820509358885,new_pose_estimated,2,2,1,2,1
ANALYTIC_029,DROP_KEEP_ONE_EACH,ROBUST,True,0.7928419427899983,0.4775223535143419,0.009314208055204862,1,1,6,7,6,0,"[0, 1, 2, 4, 5, 7]",1.8502570265956657,new_pose_estimated,160,82,3,143,3
ANALYTIC_029,DROP_KEEP_TWO_EACH,STANDARD,True,6.540054529858455,3.8761383990579117,0.07587905741783499,2,2,4,6,2,0,"[1, 2]",2.088311786185112,new_pose_estimated,2,2,1,2,1
ANALYTIC_029,DROP_KEEP_TWO_EACH,ROBUST,True,0.9370047422590606,0.6949825240995238,0.011412539513099486,2,2,4,6,4,0,"[0, 1, 2, 5]",3.152336770044131,new_pose_estimated,138,28,3,143,3
ANALYTIC_029,TWO_COHERENT_WRONG,STANDARD,True,12.487492809730103,1.6481053353536876,0.1259496002122357,0,2,6,8,4,0,"[1, 2, 5, 6]",1.5222499100190958,new_pose_estimated,2,2,1,2,1
ANALYTIC_029,TWO_COHERENT_WRONG,ROBUST,True,0.5516815568742367,0.5114557303711406,0.00737254676689531,0,2,6,8,6,0,"[0, 1, 2, 5, 6, 7]",1.960856888914713,new_pose_estimated,162,162,3,143,3
ANALYTIC_029,FOUR_VALID,STANDARD,True,4.191158711766178,1.2482238448221727,0.04361761603877564,4,0,4,4,4,0,"[0, 1, 2, 4]",3.793598033277722,new_pose_estimated,2,2,1,2,1
ANALYTIC_029,FOUR_VALID,ROBUST,True,4.191158711766178,1.2482238448221727,0.04361761603877564,4,0,4,4,4,0,"[0, 1, 2, 4]",3.793598033277722,new_pose_estimated,164,2,2,2,2
ANALYTIC_029,FIVE_VALID,STANDARD,True,0.8239091222511125,0.48630356984807477,0.009598718340071123,3,0,5,5,5,0,"[0, 1, 2, 4, 5]",2.1093476515228016,new_pose_estimated,2,2,1,2,1
ANALYTIC_029,FIVE_VALID,ROBUST,True,0.8239091222511125,0.48630356984807477,0.009598718340071123,3,0,5,5,5,0,"[0, 1, 2, 4, 5]",2.1093476515228016,new_pose_estimated,164,12,3,3,3
ANALYTIC_029,NEAR_COLLINEAR,STANDARD,True,150.30937171706736,176.54076914062776,1.949873604179999,0,8,0,8,0,0,[],1.8505297579266882,new_pose_estimated,4,4,1,2,1
ANALYTIC_029,NEAR_COLLINEAR,ROBUST,True,209.5033096957259,97.0927689849633,2.2706857590777467,0,8,0,8,0,4,"[0, 1, 2, 3]",28.170457142977604,new_pose_estimated,161,161,3,143,3
ANALYTIC_030,VALID_ONLY,STANDARD,True,0.8752362273227315,0.4283220561028613,0.00947895635575401,0,0,8,8,8,0,"[0, 1, 2, 3, 4, 5, 6, 7]",2.0377343634225378,new_pose_estimated,2,2,1,2,1
ANALYTIC_030,VALID_ONLY,ROBUST,True,0.8752362273227315,0.4283220561028613,0.00947895635575401,0,0,8,8,8,0,"[0, 1, 2, 3, 4, 5, 6, 7]",2.0377343634225378,new_pose_estimated,160,160,3,143,3
ANALYTIC_030,DROP_ONE_CORRECT,STANDARD,True,0.8909974672855435,0.5753475274994134,0.01009319013443204,1,0,7,7,7,0,"[1, 2, 3, 4, 5, 6, 7]",2.1980410243398656,new_pose_estimated,2,2,1,2,1
ANALYTIC_030,DROP_ONE_CORRECT,ROBUST,True,0.8909974672855435,0.5753475274994134,0.01009319013443204,1,0,7,7,7,0,"[1, 2, 3, 4, 5, 6, 7]",2.1980410243398656,new_pose_estimated,160,82,3,3,3
ANALYTIC_030,DROP_TWO_CORRECT,STANDARD,True,0.6525584482236833,0.46418585001852514,0.007803970020933993,2,0,6,6,6,0,"[1, 2, 3, 4, 5, 6]",2.3738943500022103,new_pose_estimated,2,2,1,2,1
ANALYTIC_030,DROP_TWO_CORRECT,ROBUST,True,0.6525584482236833,0.46418585001852514,0.007803970020933993,2,0,6,6,6,0,"[1, 2, 3, 4, 5, 6]",2.3738943500022103,new_pose_estimated,160,34,3,3,3
ANALYTIC_030,KEEP_ONE_WRONG,STANDARD,True,2.633863455470138,3.0566847366723087,0.03920524677522644,0,1,7,8,6,0,"[0, 1, 2, 3, 4, 7]",2.1266635118672865,new_pose_estimated,2,2,1,2,1
ANALYTIC_030,KEEP_ONE_WRONG,ROBUST,True,1.0474648555289092,0.3678382745825774,0.010824990739899287,0,1,7,8,7,0,"[0, 1, 2, 3, 4, 6, 7]",2.148185159264758,new_pose_estimated,160,160,3,143,3
ANALYTIC_030,KEEP_TWO_WRONG,STANDARD,True,2.7657370605592617,2.754368054036254,0.03624060691520416,0,2,6,8,6,0,"[0, 1, 2, 3, 4, 7]",1.9979589798967274,new_pose_estimated,2,2,1,2,1
ANALYTIC_030,KEEP_TWO_WRONG,ROBUST,True,33.63183320388901,89.77308516017601,1.225733405504636,0,2,6,8,6,1,"[0, 1, 2, 3, 4, 6, 7]",2.0342587772144043,new_pose_estimated,152,152,3,143,3
ANALYTIC_030,DROP_KEEP_ONE_EACH,STANDARD,True,1.857881844203784,4.67159135622172,0.04683170116493891,1,1,6,7,5,0,"[1, 2, 3, 4, 7]",2.3595972572734234,new_pose_estimated,2,2,1,2,1
ANALYTIC_030,DROP_KEEP_ONE_EACH,ROBUST,True,1.1281411310236502,0.35980308777558884,0.011622100110350022,1,1,6,7,6,0,"[1, 2, 3, 4, 6, 7]",2.277324091375393,new_pose_estimated,160,82,3,143,3
ANALYTIC_030,DROP_KEEP_TWO_EACH,STANDARD,True,5.685713615343494,7.039973708588689,0.09955927545098803,2,2,4,6,3,0,"[1, 2, 3]",2.2078792473831643,new_pose_estimated,2,2,1,2,1
ANALYTIC_030,DROP_KEEP_TWO_EACH,ROBUST,True,39.14702850969053,14.593185237947054,0.41427327995963953,2,2,4,6,3,2,"[1, 2, 4, 5, 6]",4.602775295145581,new_pose_estimated,160,34,3,143,3
ANALYTIC_030,TWO_COHERENT_WRONG,STANDARD,True,6.328335881682732,4.832169297902999,0.08166634979250521,0,2,6,8,5,0,"[0, 1, 2, 3, 7]",2.0013027036992197,new_pose_estimated,2,2,1,2,1
ANALYTIC_030,TWO_COHERENT_WRONG,ROBUST,True,13.926707124374962,4.820895746571214,0.14640322015836107,0,2,6,8,5,2,"[0, 1, 3, 4, 5, 6, 7]",2.0900771015776267,new_pose_estimated,160,160,3,143,3
ANALYTIC_030,FOUR_VALID,STANDARD,True,0.8686035200711657,0.7239822120681012,0.010269169695733292,4,0,4,4,4,0,"[0, 1, 2, 4]",3.3191243807314827,new_pose_estimated,2,2,1,2,1
ANALYTIC_030,FOUR_VALID,ROBUST,True,0.8686035200711657,0.7239822120681012,0.010269169695733292,4,0,4,4,4,0,"[0, 1, 2, 4]",3.3191243807314827,new_pose_estimated,160,2,2,2,2
ANALYTIC_030,FIVE_VALID,STANDARD,True,0.6055664537635311,0.3287764884355936,0.006938222933570236,3,0,5,5,5,0,"[0, 1, 2, 4, 5]",2.3444141786617925,new_pose_estimated,2,2,1,2,1
ANALYTIC_030,FIVE_VALID,ROBUST,True,0.6055664537635311,0.3287764884355936,0.006938222933570236,3,0,5,5,5,0,"[0, 1, 2, 4, 5]",2.3444141786617925,new_pose_estimated,160,12,3,3,3
ANALYTIC_030,NEAR_COLLINEAR,STANDARD,True,95.93338690119616,169.51637710996985,1.6336282579018624,0,8,0,8,0,0,[],1.8505297579266882,new_pose_estimated,4,4,1,2,1
ANALYTIC_030,NEAR_COLLINEAR,ROBUST,True,265.8396847784836,84.07924562448746,2.800028809761902,0,8,0,8,0,4,"[0, 1, 2, 3]",28.170457142977604,new_pose_estimated,161,161,3,143,3
ANALYTIC_031,VALID_ONLY,STANDARD,True,0.4995789725325202,0.2533617943581903,0.005827478605027931,0,0,8,8,8,0,"[0, 1, 2, 3, 4, 5, 6, 7]",1.443492491885486,new_pose_estimated,2,2,1,2,1
ANALYTIC_031,VALID_ONLY,ROBUST,True,0.4995789725325202,0.2533617943581903,0.005827478605027931,0,0,8,8,8,0,"[0, 1, 2, 3, 4, 5, 6, 7]",1.443492491885486,new_pose_estimated,160,160,3,143,3
ANALYTIC_031,DROP_ONE_CORRECT,STANDARD,True,0.5685062602006749,0.3475308349061438,0.007398054879038517,1,0,7,7,7,0,"[0, 1, 2, 3, 4, 5, 7]",1.6812853752585981,new_pose_estimated,2,2,1,2,1
ANALYTIC_031,DROP_ONE_CORRECT,ROBUST,True,0.5685062602006749,0.3475308349061438,0.007398054879038517,1,0,7,7,7,0,"[0, 1, 2, 3, 4, 5, 7]",1.6812853752585981,new_pose_estimated,160,78,3,3,3
ANALYTIC_031,DROP_TWO_CORRECT,STANDARD,True,0.6919768890534078,0.31433821490608616,0.00792751702807167,2,0,6,6,6,0,"[0, 2, 3, 4, 5, 7]",1.7188734644571615,new_pose_estimated,2,2,1,2,1
ANALYTIC_031,DROP_TWO_CORRECT,ROBUST,True,0.6919768890534078,0.31433821490608616,0.00792751702807167,2,0,6,6,6,0,"[0, 2, 3, 4, 5, 7]",1.7188734644571615,new_pose_estimated,160,30,3,3,3
ANALYTIC_031,KEEP_ONE_WRONG,STANDARD,True,9.280006730048546,2.3177009724519544,0.09576009258696301,0,1,7,8,6,0,"[1, 2, 4, 5, 6, 7]",1.4990775102771667,new_pose_estimated,2,2,1,2,1
ANALYTIC_031,KEEP_ONE_WRONG,ROBUST,True,1.298177059182856,0.19667068411885072,0.013122039504442285,0,1,7,8,7,0,"[1, 2, 3, 4, 5, 6, 7]",1.4914786690274762,new_pose_estimated,162,162,3,143,3
ANALYTIC_031,KEEP_TWO_WRONG,STANDARD,True,15.073901397340112,4.701262304330747,0.15672231470824813,0,2,6,8,4,0,"[1, 2, 4, 7]",1.4533116599579092,new_pose_estimated,2,2,1,2,1
ANALYTIC_031,KEEP_TWO_WRONG,ROBUST,True,1.5680961948261845,0.3677377416208019,0.016064369413957832,0,2,6,8,6,0,"[1, 2, 3, 4, 6, 7]",1.5873739226326906,new_pose_estimated,148,148,3,143,3
ANALYTIC_031,DROP_KEEP_ONE_EACH,STANDARD,True,11.246964859252634,2.5079204927858725,0.1151073921420252,1,1,6,7,5,0,"[1, 2, 4, 5, 7]",1.6613145220817869,new_pose_estimated,2,2,1,2,1
ANALYTIC_031,DROP_KEEP_ONE_EACH,ROBUST,True,1.0401126974473471,0.19050248680026238,0.010565876323091946,1,1,6,7,6,0,"[1, 2, 3, 4, 5, 7]",1.5737319734902595,new_pose_estimated,160,78,3,143,3
ANALYTIC_031,DROP_KEEP_TWO_EACH,STANDARD,True,23.12738465482018,5.472414237567983,0.23765610181510152,2,2,4,6,3,0,"[2, 4, 7]",1.7019228848567411,new_pose_estimated,2,2,1,2,1
ANALYTIC_031,DROP_KEEP_TWO_EACH,ROBUST,True,36.67867949537763,8.221026508442435,0.37554768503936564,2,2,4,6,3,2,"[0, 2, 4, 5, 7]",1.4922555485186026,new_pose_estimated,160,30,3,143,3
ANALYTIC_031,TWO_COHERENT_WRONG,STANDARD,True,9.044732100963751,0.5357102037973082,0.09060394601469003,0,2,6,8,5,0,"[1, 2, 4, 6, 7]",1.4737307213729256,new_pose_estimated,2,2,1,2,1
ANALYTIC_031,TWO_COHERENT_WRONG,ROBUST,True,1.5680961948261845,0.3677377416208019,0.016064369413957832,0,2,6,8,6,0,"[1, 2, 3, 4, 6, 7]",1.5873739226326906,new_pose_estimated,156,156,3,143,3
ANALYTIC_031,FOUR_VALID,STANDARD,True,2.5066280312453273,0.8497163865477063,0.02673382846972845,4,0,4,4,4,0,"[0, 1, 2, 4]",2.789560391042318,new_pose_estimated,2,2,1,2,1
ANALYTIC_031,FOUR_VALID,ROBUST,True,2.5066280312453273,0.8497163865477063,0.02673382846972845,4,0,4,4,4,0,"[0, 1, 2, 4]",2.789560391042318,new_pose_estimated,160,2,2,2,2
ANALYTIC_031,FIVE_VALID,STANDARD,True,2.522597812298987,0.6064753422091829,0.02626583909343903,3,0,5,5,5,0,"[0, 1, 2, 4, 5]",1.713186446157428,new_pose_estimated,2,2,1,2,1
ANALYTIC_031,FIVE_VALID,ROBUST,True,2.522597812298987,0.6064753422091829,0.02626583909343903,3,0,5,5,5,0,"[0, 1, 2, 4, 5]",1.713186446157428,new_pose_estimated,160,12,3,3,3
ANALYTIC_031,NEAR_COLLINEAR,STANDARD,True,64.31831721934634,171.38130386573988,1.4477785693175296,0,8,0,8,0,0,[],1.8505297579266882,new_pose_estimated,4,4,1,2,1
ANALYTIC_031,NEAR_COLLINEAR,ROBUST,True,300.5693854811446,102.52121773837416,3.1724249565464504,0,8,0,8,0,4,"[0, 1, 2, 3]",28.170457142977604,new_pose_estimated,161,161,3,143,3
ANALYTIC_032,VALID_ONLY,STANDARD,True,2.2193797680886354,0.3422184529620142,0.022321503132625153,0,0,8,8,8,0,"[0, 1, 2, 3, 4, 5, 6, 7]",1.7472927286742772,new_pose_estimated,2,2,1,2,1
ANALYTIC_032,VALID_ONLY,ROBUST,True,2.2193797680886354,0.3422184529620142,0.022321503132625153,0,0,8,8,8,0,"[0, 1, 2, 3, 4, 5, 6, 7]",1.7472927286742772,new_pose_estimated,164,164,3,143,3
ANALYTIC_032,DROP_ONE_CORRECT,STANDARD,True,2.4409479550248383,0.2470352577811005,0.024463619861738704,1,0,7,7,7,0,"[0, 1, 2, 3, 4, 5, 6]",1.889438103751041,new_pose_estimated,2,2,1,2,1
ANALYTIC_032,DROP_ONE_CORRECT,ROBUST,True,2.4409479550248383,0.2470352577811005,0.024463619861738704,1,0,7,7,7,0,"[0, 1, 2, 3, 4, 5, 6]",1.889438103751041,new_pose_estimated,164,82,3,3,3
ANALYTIC_032,DROP_TWO_CORRECT,STANDARD,True,3.0936079898979085,0.3161111509001121,0.031113298826280278,2,0,6,6,6,0,"[0, 1, 2, 4, 5, 6]",2.009385341974835,new_pose_estimated,2,2,1,2,1
ANALYTIC_032,DROP_TWO_CORRECT,ROBUST,True,3.0936079898979085,0.3161111509001121,0.031113298826280278,2,0,6,6,6,0,"[0, 1, 2, 4, 5, 6]",2.009385341974835,new_pose_estimated,164,36,3,3,3
ANALYTIC_032,KEEP_ONE_WRONG,STANDARD,True,9.58710708928183,3.2474721144675165,0.10120953238106137,0,1,7,8,6,0,"[1, 2, 4, 5, 6, 7]",1.6743315818452997,new_pose_estimated,2,2,1,2,1
ANALYTIC_032,KEEP_ONE_WRONG,ROBUST,True,2.615179212452925,0.679618136109013,0.02683901871049492,0,1,7,8,7,0,"[1, 2, 3, 4, 5, 6, 7]",1.7982636129459573,new_pose_estimated,156,156,3,143,3
ANALYTIC_032,KEEP_TWO_WRONG,STANDARD,True,31.226005948571224,4.7552353263715785,0.3145807009862393,0,2,6,8,4,0,"[4, 5, 6, 7]",1.915440849462445,new_pose_estimated,2,2,1,2,1
ANALYTIC_032,KEEP_TWO_WRONG,ROBUST,True,4.7561860719242794,0.5207123998743092,0.04790421104378066,0,2,6,8,6,0,"[2, 3, 4, 5, 6, 7]",1.724713370950623,new_pose_estimated,164,164,3,143,3
ANALYTIC_032,DROP_KEEP_ONE_EACH,STANDARD,True,10.133961839812617,2.9597739205966564,0.10575463002123581,1,1,6,7,5,0,"[1, 2, 4, 5, 6]",1.9814817876948532,new_pose_estimated,2,2,1,2,1
ANALYTIC_032,DROP_KEEP_ONE_EACH,ROBUST,True,2.977265884814278,0.6385587616936454,0.03033522791952535,1,1,6,7,6,0,"[1, 2, 3, 4, 5, 6]",1.8974296203433152,new_pose_estimated,164,82,3,143,3
ANALYTIC_032,DROP_KEEP_TWO_EACH,STANDARD,True,43.035361129264274,8.653142741738495,0.4354318260565301,2,2,4,6,3,1,"[0, 4, 5, 6]",2.37126862058503,new_pose_estimated,2,2,1,2,1
ANALYTIC_032,DROP_KEEP_TWO_EACH,ROBUST,True,26.073171516058746,6.421328657451443,0.26760280581790535,2,2,4,6,4,1,"[0, 2, 4, 5, 6]",2.043110388828251,new_pose_estimated,164,36,3,143,3
ANALYTIC_032,TWO_COHERENT_WRONG,STANDARD,True,5.248623169608079,5.1848406043324795,0.08521983013316992,0,2,6,8,4,0,"[4, 5, 6, 7]",1.7193993881495777,new_pose_estimated,2,2,1,2,1
ANALYTIC_032,TWO_COHERENT_WRONG,ROBUST,True,4.7561860719242794,0.5207123998743092,0.04790421104378066,0,2,6,8,6,0,"[2, 3, 4, 5, 6, 7]",1.724713370950623,new_pose_estimated,156,156,3,143,3
ANALYTIC_032,FOUR_VALID,STANDARD,True,0.4769385149193063,1.703660544734465,0.01805920458445629,4,0,4,4,4,0,"[0, 1, 2, 4]",3.353405938048672,new_pose_estimated,2,2,1,2,1
ANALYTIC_032,FOUR_VALID,ROBUST,True,0.4769385149193063,1.703660544734465,0.01805920458445629,4,0,4,4,4,0,"[0, 1, 2, 4]",3.353405938048672,new_pose_estimated,164,2,2,2,2
ANALYTIC_032,FIVE_VALID,STANDARD,True,2.9722860431629186,0.07751932000635572,0.0297336538417855,3,0,5,5,5,0,"[0, 1, 2, 4, 5]",2.031401706375457,new_pose_estimated,2,2,1,2,1
ANALYTIC_032,FIVE_VALID,ROBUST,True,2.9722860431629186,0.07751932000635572,0.0297336538417855,3,0,5,5,5,0,"[0, 1, 2, 4, 5]",2.031401706375457,new_pose_estimated,164,12,3,3,3
ANALYTIC_032,NEAR_COLLINEAR,STANDARD,True,18.146367590370396,172.56325750534177,1.3331134213059976,0,8,0,8,0,0,[],1.8505297579266882,new_pose_estimated,4,4,1,2,1
ANALYTIC_032,NEAR_COLLINEAR,ROBUST,True,348.19772536356174,91.10780136649693,3.6009084679334,0,8,0,8,0,4,"[0, 1, 2, 3]",28.170457142977604,new_pose_estimated,161,161,3,143,3
ANALYTIC_033,VALID_ONLY,STANDARD,True,1.8873546256316334,0.2674406142346298,0.019011503063797605,0,0,8,8,8,0,"[0, 1, 2, 3, 4, 5, 6, 7]",1.7517720413492799,new_pose_estimated,2,2,1,2,1
ANALYTIC_033,VALID_ONLY,ROBUST,True,1.8873546256316334,0.2674406142346298,0.019011503063797605,0,0,8,8,8,0,"[0, 1, 2, 3, 4, 5, 6, 7]",1.7517720413492799,new_pose_estimated,160,160,3,143,3
ANALYTIC_033,DROP_ONE_CORRECT,STANDARD,True,2.0299359619756583,0.2460782277645691,0.020412795731061854,1,0,7,7,7,0,"[0, 1, 2, 3, 4, 5, 6]",1.988949960075991,new_pose_estimated,2,2,1,2,1
ANALYTIC_033,DROP_ONE_CORRECT,ROBUST,True,2.0299359619756583,0.2460782277645691,0.020412795731061854,1,0,7,7,7,0,"[0, 1, 2, 3, 4, 5, 6]",1.988949960075991,new_pose_estimated,160,82,3,3,3
ANALYTIC_033,DROP_TWO_CORRECT,STANDARD,True,2.0226597908133677,0.25949136240846155,0.02034102065863714,2,0,6,6,6,0,"[0, 1, 2, 4, 5, 6]",1.8688782407093543,new_pose_estimated,2,2,1,2,1
ANALYTIC_033,DROP_TWO_CORRECT,ROBUST,True,2.0226597908133677,0.25949136240846155,0.02034102065863714,2,0,6,6,6,0,"[0, 1, 2, 4, 5, 6]",1.8688782407093543,new_pose_estimated,160,36,3,3,3
ANALYTIC_033,KEEP_ONE_WRONG,STANDARD,True,3.9426850242353657,2.659401365874196,0.04882861684606853,0,1,7,8,7,0,"[0, 1, 2, 3, 4, 5, 7]",1.7154304385387964,new_pose_estimated,2,2,1,2,1
ANALYTIC_033,KEEP_ONE_WRONG,ROBUST,True,2.0854986927910955,0.357468885101821,0.021057665540345247,0,1,7,8,7,0,"[0, 1, 2, 3, 4, 5, 7]",1.8957334977453577,new_pose_estimated,156,156,3,143,3
ANALYTIC_033,KEEP_TWO_WRONG,STANDARD,True,53.199965010094516,93.18015653384998,1.2989889611548098,0,2,6,8,4,0,"[1, 2, 4, 7]",1.6733322337336276,new_pose_estimated,2,2,1,2,1
ANALYTIC_033,KEEP_TWO_WRONG,ROBUST,True,2.1606623525620687,0.6913796523048028,0.022579158170369918,0,2,6,8,6,0,"[1, 2, 3, 4, 5, 7]",1.9283105056561098,new_pose_estimated,154,154,3,143,3
ANALYTIC_033,DROP_KEEP_ONE_EACH,STANDARD,True,40.108309013086355,91.04621391000532,1.247115241393253,1,1,6,7,5,0,"[0, 1, 2, 3, 4]",1.891811845065174,new_pose_estimated,2,2,1,2,1
ANALYTIC_033,DROP_KEEP_ONE_EACH,ROBUST,True,2.0973372912499406,0.34895114794200816,0.02116413636616552,1,1,6,7,6,0,"[0, 1, 2, 3, 4, 5]",2.1337813018184715,new_pose_estimated,160,82,3,143,3
ANALYTIC_033,DROP_KEEP_TWO_EACH,STANDARD,True,7.348991898460048,4.8093915491826955,0.08785276769349948,2,2,4,6,2,1,"[0, 1, 2]",1.7423050736744845,new_pose_estimated,2,2,1,2,1
ANALYTIC_033,DROP_KEEP_TWO_EACH,ROBUST,True,9.557369861708182,5.939078319103838,0.11416311354475829,2,2,4,6,4,1,"[0, 1, 2, 4, 5]",1.7824934176883844,new_pose_estimated,162,34,3,143,3
ANALYTIC_033,TWO_COHERENT_WRONG,STANDARD,True,10.77409607542986,1.5591686246054581,0.10846306935735578,0,2,6,8,5,0,"[1, 2, 4, 5, 7]",1.7692997700050135,new_pose_estimated,2,2,1,2,1
ANALYTIC_033,TWO_COHERENT_WRONG,ROBUST,True,2.1606623525620687,0.6913796523048028,0.022579158170369918,0,2,6,8,6,0,"[1, 2, 3, 4, 5, 7]",1.9283105056561098,new_pose_estimated,156,156,3,143,3
ANALYTIC_033,FOUR_VALID,STANDARD,True,1.9385582896664662,1.4594059062801035,0.02393412591281871,4,0,4,4,4,0,"[0, 1, 2, 4]",2.995737283886845,new_pose_estimated,2,2,1,2,1
ANALYTIC_033,FOUR_VALID,ROBUST,True,1.9385582896664662,1.4594059062801035,0.02393412591281871,4,0,4,4,4,0,"[0, 1, 2, 4]",2.995737283886845,new_pose_estimated,160,2,2,2,2
ANALYTIC_033,FIVE_VALID,STANDARD,True,2.155494618682458,0.3612184800080619,0.021757111667676222,3,0,5,5,5,0,"[0, 1, 2, 4, 5]",1.9481233747982893,new_pose_estimated,2,2,1,2,1
ANALYTIC_033,FIVE_VALID,ROBUST,True,2.155494618682458,0.3612184800080619,0.021757111667676222,3,0,5,5,5,0,"[0, 1, 2, 4, 5]",1.9481233747982893,new_pose_estimated,160,12,3,3,3
ANALYTIC_033,NEAR_COLLINEAR,STANDARD,True,62.18359975764015,171.84179717684037,1.4532772015748716,0,8,0,8,0,0,[],1.8505297579266882,new_pose_estimated,4,4,1,2,1
ANALYTIC_033,NEAR_COLLINEAR,ROBUST,True,294.7797970790939,85.06465033327258,3.077563394990977,0,8,0,8,0,4,"[0, 1, 2, 3]",28.170457142977604,new_pose_estimated,161,161,3,143,3
ANALYTIC_034,VALID_ONLY,STANDARD,True,0.31297092971185114,0.3610641716030483,0.0045230100476797465,0,0,8,8,8,0,"[0, 1, 2, 3, 4, 5, 6, 7]",1.8215455192803098,new_pose_estimated,2,2,1,2,1
ANALYTIC_034,VALID_ONLY,ROBUST,True,0.31297092971185114,0.3610641716030483,0.0045230100476797465,0,0,8,8,8,0,"[0, 1, 2, 3, 4, 5, 6, 7]",1.8215455192803098,new_pose_estimated,164,164,3,143,3
ANALYTIC_034,DROP_ONE_CORRECT,STANDARD,True,2.0833106497134555,0.506028379009236,0.021295358031211555,1,0,7,7,7,0,"[0, 1, 2, 3, 4, 5, 6]",2.0431664107885874,new_pose_estimated,2,2,1,2,1
ANALYTIC_034,DROP_ONE_CORRECT,ROBUST,True,2.0833106497134555,0.506028379009236,0.021295358031211555,1,0,7,7,7,0,"[0, 1, 2, 3, 4, 5, 6]",2.0431664107885874,new_pose_estimated,164,82,3,3,3
ANALYTIC_034,DROP_TWO_CORRECT,STANDARD,True,2.5731049948513194,0.39707935635916913,0.025973444647051626,2,0,6,6,6,0,"[0, 1, 2, 4, 5, 6]",1.94619015532427,new_pose_estimated,2,2,1,2,1
ANALYTIC_034,DROP_TWO_CORRECT,ROBUST,True,2.5731049948513194,0.39707935635916913,0.025973444647051626,2,0,6,6,6,0,"[0, 1, 2, 4, 5, 6]",1.94619015532427,new_pose_estimated,164,36,3,3,3
ANALYTIC_034,KEEP_ONE_WRONG,STANDARD,True,4.290158167258353,2.758768292563312,0.05283129601147172,0,1,7,8,7,0,"[0, 1, 2, 3, 4, 5, 7]",1.7857695486484177,new_pose_estimated,2,2,1,2,1
ANALYTIC_034,KEEP_ONE_WRONG,ROBUST,True,0.1838984336209804,0.3208063761815122,0.0035149922714857824,0,1,7,8,7,0,"[0, 1, 2, 3, 4, 5, 7]",1.8883160543003688,new_pose_estimated,160,160,3,143,3
ANALYTIC_034,KEEP_TWO_WRONG,STANDARD,True,46.228088655228966,95.84945108392888,1.3032561124616233,0,2,6,8,4,0,"[1, 2, 4, 7]",1.6503385379144264,new_pose_estimated,2,2,1,2,1
ANALYTIC_034,KEEP_TWO_WRONG,ROBUST,True,1.226776913551524,0.5705160400946477,0.013314115598881316,0,2,6,8,6,0,"[1, 2, 3, 4, 5, 7]",1.6883178270053865,new_pose_estimated,152,152,3,143,3
ANALYTIC_034,DROP_KEEP_ONE_EACH,STANDARD,True,4.066332402084283,3.587461094764911,0.06096572157152662,1,1,6,7,6,0,"[0, 1, 2, 3, 4, 5]",2.009058977666413,new_pose_estimated,2,2,1,2,1
ANALYTIC_034,DROP_KEEP_ONE_EACH,ROBUST,True,2.041575642475159,0.47836368158005876,0.020868870007187214,1,1,6,7,6,0,"[0, 1, 2, 3, 4, 5]",2.106073371161639,new_pose_estimated,158,78,3,143,3
ANALYTIC_034,DROP_KEEP_TWO_EACH,STANDARD,True,19.553728868010896,4.8334713588688425,0.2002014922628516,2,2,4,6,3,1,"[0, 1, 2, 5]",2.1122059906985493,new_pose_estimated,2,2,1,2,1
ANALYTIC_034,DROP_KEEP_TWO_EACH,ROBUST,True,17.588914385456697,6.550236498003232,0.1863695150795066,2,2,4,6,4,1,"[0, 1, 2, 4, 5]",2.061887236940788,new_pose_estimated,158,36,3,143,3
ANALYTIC_034,TWO_COHERENT_WRONG,STANDARD,True,6.810678602795941,1.1744109661559765,0.06917506062616122,0,2,6,8,4,0,"[1, 2, 4, 5]",1.8185274598884553,new_pose_estimated,2,2,1,2,1
ANALYTIC_034,TWO_COHERENT_WRONG,ROBUST,True,1.226776913551524,0.5705160400946477,0.013314115598881316,0,2,6,8,6,0,"[1, 2, 3, 4, 5, 7]",1.6883178270053865,new_pose_estimated,156,156,3,143,3
ANALYTIC_034,FOUR_VALID,STANDARD,True,2.494754911327851,1.010592287216437,0.026734704323589025,4,0,4,4,4,0,"[0, 1, 2, 4]",2.6796947986328536,new_pose_estimated,2,2,1,2,1
ANALYTIC_034,FOUR_VALID,ROBUST,True,2.494754911327851,1.010592287216437,0.026734704323589025,4,0,4,4,4,0,"[0, 1, 2, 4]",2.6796947986328536,new_pose_estimated,164,2,2,2,2
ANALYTIC_034,FIVE_VALID,STANDARD,True,2.5521183510393923,0.3916369074267312,0.02579389295163574,3,0,5,5,5,0,"[0, 1, 2, 4, 5]",1.9411096620409058,new_pose_estimated,2,2,1,2,1
ANALYTIC_034,FIVE_VALID,ROBUST,True,2.5521183510393923,0.3916369074267312,0.02579389295163574,3,0,5,5,5,0,"[0, 1, 2, 4, 5]",1.9411096620409058,new_pose_estimated,164,12,3,3,3
ANALYTIC_034,NEAR_COLLINEAR,STANDARD,True,33.5645905410419,178.63684666861732,1.3449564108893777,0,8,0,8,0,0,[],1.8505297579266882,new_pose_estimated,4,4,1,2,1
ANALYTIC_034,NEAR_COLLINEAR,ROBUST,True,326.38099200738355,98.53337941688973,3.4152766951451357,0,8,0,8,0,4,"[0, 1, 2, 3]",28.170457142977604,new_pose_estimated,161,161,3,143,3
ANALYTIC_035,VALID_ONLY,STANDARD,True,1.7902383941880384,0.28688217655115955,0.018133360905124664,0,0,8,8,8,0,"[0, 1, 2, 3, 4, 5, 6, 7]",1.7703366565874674,new_pose_estimated,2,2,1,2,1
ANALYTIC_035,VALID_ONLY,ROBUST,True,1.7902383941880384,0.28688217655115955,0.018133360905124664,0,0,8,8,8,0,"[0, 1, 2, 3, 4, 5, 6, 7]",1.7703366565874674,new_pose_estimated,164,164,3,143,3
ANALYTIC_035,DROP_ONE_CORRECT,STANDARD,True,1.7840495492206652,0.2681947577192744,0.01804514851623211,1,0,7,7,7,0,"[0, 1, 2, 3, 4, 5, 7]",1.9352071125542252,new_pose_estimated,2,2,1,2,1
ANALYTIC_035,DROP_ONE_CORRECT,ROBUST,True,1.7840495492206652,0.2681947577192744,0.01804514851623211,1,0,7,7,7,0,"[0, 1, 2, 3, 4, 5, 7]",1.9352071125542252,new_pose_estimated,164,82,3,3,3
ANALYTIC_035,DROP_TWO_CORRECT,STANDARD,True,1.7195597071109552,0.2987620614786477,0.017446692670482003,2,0,6,6,6,0,"[0, 1, 2, 4, 5, 7]",1.6591113880073336,new_pose_estimated,2,2,1,2,1
ANALYTIC_035,DROP_TWO_CORRECT,ROBUST,True,1.7195597071109552,0.2987620614786477,0.017446692670482003,2,0,6,6,6,0,"[0, 1, 2, 4, 5, 7]",1.6591113880073336,new_pose_estimated,164,34,3,3,3
ANALYTIC_035,KEEP_ONE_WRONG,STANDARD,True,3.889822919034301,2.79988916018519,0.04504862569999177,0,1,7,8,6,0,"[0, 3, 4, 5, 6, 7]",1.7995093141152487,new_pose_estimated,2,2,1,2,1
ANALYTIC_035,KEEP_ONE_WRONG,ROBUST,True,0.6782237464800797,0.20918838252812053,0.007138975561112159,0,1,7,8,7,0,"[0, 2, 3, 4, 5, 6, 7]",1.8968929509904855,new_pose_estimated,152,152,3,143,3
ANALYTIC_035,KEEP_TWO_WRONG,STANDARD,True,7.905849218657736,4.530275735734203,0.09163505948972012,0,2,6,8,4,0,"[0, 3, 5, 6]",1.8209862015234302,new_pose_estimated,2,2,1,2,1
ANALYTIC_035,KEEP_TWO_WRONG,ROBUST,True,1.8089239072033518,0.3273306152370988,0.018387469587488638,0,2,6,8,6,0,"[0, 2, 3, 4, 5, 6]",2.1603315790707724,new_pose_estimated,154,154,3,143,3
ANALYTIC_035,DROP_KEEP_ONE_EACH,STANDARD,True,18.130633009209262,1.517491513010499,0.181924562713161,1,1,6,7,5,0,"[0, 3, 4, 5, 7]",1.9384166548550716,new_pose_estimated,2,2,1,2,1
ANALYTIC_035,DROP_KEEP_ONE_EACH,ROBUST,True,0.6627268104390692,0.18903078124976894,0.006926483070039013,1,1,6,7,6,0,"[0, 2, 3, 4, 5, 7]",2.090756505987113,new_pose_estimated,164,82,3,143,3
ANALYTIC_035,DROP_KEEP_TWO_EACH,STANDARD,True,13.739754962658282,3.2609298133261237,0.14080171991251048,2,2,4,6,2,0,"[0, 5]",1.6333088023686904,new_pose_estimated,2,2,1,2,1
ANALYTIC_035,DROP_KEEP_TWO_EACH,ROBUST,True,53.28763605821797,97.10094049886534,1.3306133876451791,2,2,4,6,3,1,"[0, 1, 4, 5]",1.7568513060177475,new_pose_estimated,160,32,3,143,3
ANALYTIC_035,TWO_COHERENT_WRONG,STANDARD,True,28.56827622564501,98.4759633918347,1.3037896162607459,0,2,6,8,4,0,"[0, 3, 5, 6]",1.7068909886880184,new_pose_estimated,2,2,1,2,1
ANALYTIC_035,TWO_COHERENT_WRONG,ROBUST,True,1.8089239072033518,0.3273306152370988,0.018387469587488638,0,2,6,8,6,0,"[0, 2, 3, 4, 5, 6]",2.1603315790707724,new_pose_estimated,160,160,3,143,3
ANALYTIC_035,FOUR_VALID,STANDARD,True,3.0762953859796203,0.582509108827869,0.03128209979145154,4,0,4,4,4,0,"[0, 1, 2, 4]",2.530204333065167,new_pose_estimated,2,2,1,2,1
ANALYTIC_035,FOUR_VALID,ROBUST,True,3.0762953859796203,0.582509108827869,0.03128209979145154,4,0,4,4,4,0,"[0, 1, 2, 4]",2.530204333065167,new_pose_estimated,164,2,2,2,2
ANALYTIC_035,FIVE_VALID,STANDARD,True,2.8506721556520227,0.44301954479146216,0.028828898588079042,3,0,5,5,5,0,"[0, 1, 2, 4, 5]",1.9000782048981382,new_pose_estimated,2,2,1,2,1
ANALYTIC_035,FIVE_VALID,ROBUST,True,2.8506721556520227,0.44301954479146216,0.028828898588079042,3,0,5,5,5,0,"[0, 1, 2, 4, 5]",1.9000782048981382,new_pose_estimated,164,12,3,3,3
ANALYTIC_035,NEAR_COLLINEAR,STANDARD,True,87.10346997392027,177.36260178069793,1.5572978648224176,0,8,0,8,0,0,[],1.8505297579266882,new_pose_estimated,4,4,1,2,1
ANALYTIC_035,NEAR_COLLINEAR,ROBUST,True,276.3712530231205,92.61852260572186,2.9025899450220156,0,8,0,8,0,4,"[0, 1, 2, 3]",28.170457142977604,new_pose_estimated,161,161,3,143,3
ANALYTIC_036,VALID_ONLY,STANDARD,True,0.23310444422873008,0.6135459117156379,0.006390661047410974,0,0,8,8,8,0,"[0, 1, 2, 3, 4, 5, 6, 7]",1.5240725902727836,new_pose_estimated,2,2,1,2,1
ANALYTIC_036,VALID_ONLY,ROBUST,True,0.23310444422873008,0.6135459117156379,0.006390661047410974,0,0,8,8,8,0,"[0, 1, 2, 3, 4, 5, 6, 7]",1.5240725902727836,new_pose_estimated,164,164,3,143,3
ANALYTIC_036,DROP_ONE_CORRECT,STANDARD,True,0.4665637412130859,0.6366855045172901,0.007818557968942777,1,0,7,7,7,0,"[0, 1, 3, 4, 5, 6, 7]",1.625953019430622,new_pose_estimated,2,2,1,2,1
ANALYTIC_036,DROP_ONE_CORRECT,ROBUST,True,0.4665637412130859,0.6366855045172901,0.007818557968942777,1,0,7,7,7,0,"[0, 1, 3, 4, 5, 6, 7]",1.625953019430622,new_pose_estimated,164,82,3,3,3
ANALYTIC_036,DROP_TWO_CORRECT,STANDARD,True,0.23140611465092137,0.7083765108833855,0.006736453753809829,2,0,6,6,6,0,"[0, 1, 3, 5, 6, 7]",1.845812208290229,new_pose_estimated,2,2,1,2,1
ANALYTIC_036,DROP_TWO_CORRECT,ROBUST,True,0.23140611465092137,0.7083765108833855,0.006736453753809829,2,0,6,6,6,0,"[0, 1, 3, 5, 6, 7]",1.845812208290229,new_pose_estimated,164,36,3,3,3
ANALYTIC_036,KEEP_ONE_WRONG,STANDARD,True,18.10459164806229,95.62215100799067,1.2672322864733017,0,1,7,8,6,0,"[0, 1, 2, 3, 4, 7]",1.5626150237899576,new_pose_estimated,2,2,1,2,1
ANALYTIC_036,KEEP_ONE_WRONG,ROBUST,True,0.3006688672152634,0.6150698710792776,0.0063450833719610085,0,1,7,8,7,0,"[0, 1, 2, 3, 4, 6, 7]",1.7803818123911417,new_pose_estimated,164,164,3,143,3
ANALYTIC_036,KEEP_TWO_WRONG,STANDARD,True,17.431032917210533,94.96585426000873,1.2601616773918507,0,2,6,8,6,0,"[0, 1, 2, 3, 4, 7]",1.5667154062118411,new_pose_estimated,2,2,1,2,1
ANALYTIC_036,KEEP_TWO_WRONG,ROBUST,True,17.833008035636063,93.96644312242253,1.2505064292090293,0,2,6,8,6,1,"[0, 1, 2, 3, 4, 6, 7]",1.855031003526776,new_pose_estimated,144,144,3,143,3
ANALYTIC_036,DROP_KEEP_ONE_EACH,STANDARD,True,2.5081069349436698,2.2858586638679443,0.03355385917028127,1,1,6,7,5,0,"[0, 1, 3, 4, 7]",1.6340207128540238,new_pose_estimated,2,2,1,2,1
ANALYTIC_036,DROP_KEEP_ONE_EACH,ROBUST,True,0.5507436912101787,0.6133119137822648,0.007925481336910492,1,1,6,7,6,0,"[0, 1, 3, 4, 6, 7]",1.9399974665842894,new_pose_estimated,146,70,3,143,3
ANALYTIC_036,DROP_KEEP_TWO_EACH,STANDARD,True,18.545023600880192,95.20271037357277,1.263324454229287,2,2,4,6,4,0,"[0, 1, 3, 7]",1.771336342837181,new_pose_estimated,2,2,1,2,1
ANALYTIC_036,DROP_KEEP_TWO_EACH,ROBUST,True,17.982623298210658,93.89870199222945,1.2498545775038825,2,2,4,6,4,1,"[0, 1, 3, 6, 7]",2.1312449132475733,new_pose_estimated,162,36,3,143,3
ANALYTIC_036,TWO_COHERENT_WRONG,STANDARD,True,2.4759830347863523,2.924719717664725,0.046785924652163614,0,2,6,8,6,0,"[0, 1, 2, 3, 4, 7]",1.522474618161179,new_pose_estimated,2,2,1,2,1
ANALYTIC_036,TWO_COHERENT_WRONG,ROBUST,True,3.557365100098914,3.619625208778228,0.059347955622313674,0,2,6,8,6,1,"[0, 1, 2, 3, 4, 6, 7]",1.7755090416248003,new_pose_estimated,164,164,3,143,3
ANALYTIC_036,FOUR_VALID,STANDARD,True,0.4400952472004702,0.5862936827792192,0.00787389247018022,4,0,4,4,4,0,"[0, 1, 2, 4]",2.344989023712509,new_pose_estimated,2,2,1,2,1
ANALYTIC_036,FOUR_VALID,ROBUST,True,0.4400952472004702,0.5862936827792192,0.00787389247018022,4,0,4,4,4,0,"[0, 1, 2, 4]",2.344989023712509,new_pose_estimated,164,2,2,2,2
ANALYTIC_036,FIVE_VALID,STANDARD,True,0.4244905808662317,0.5867521231405339,0.007815624171995883,3,0,5,5,5,0,"[0, 1, 2, 4, 5]",1.617431767014252,new_pose_estimated,2,2,1,2,1
ANALYTIC_036,FIVE_VALID,ROBUST,True,0.4244905808662317,0.5867521231405339,0.007815624171995883,3,0,5,5,5,0,"[0, 1, 2, 4, 5]",1.617431767014252,new_pose_estimated,164,12,3,3,3
ANALYTIC_036,NEAR_COLLINEAR,STANDARD,True,144.31948374553357,175.68794222306298,1.9223863407359723,0,8,0,8,0,0,[],1.8505297579266882,new_pose_estimated,4,4,1,2,1
ANALYTIC_036,NEAR_COLLINEAR,ROBUST,True,218.20566763753422,90.3844423478803,2.3628651556444478,0,8,0,8,0,4,"[0, 1, 2, 3]",28.170457142977604,new_pose_estimated,161,161,3,143,3
ANALYTIC_037,VALID_ONLY,STANDARD,True,0.28909189494363885,0.5995748342698929,0.008972753581690904,0,0,8,8,8,0,"[0, 1, 2, 3, 4, 5, 6, 7]",1.6587766630773535,new_pose_estimated,2,2,1,2,1
ANALYTIC_037,VALID_ONLY,ROBUST,True,0.28909189494363885,0.5995748342698929,0.008972753581690904,0,0,8,8,8,0,"[0, 1, 2, 3, 4, 5, 6, 7]",1.6587766630773535,new_pose_estimated,164,164,3,143,3
ANALYTIC_037,DROP_ONE_CORRECT,STANDARD,True,1.842513829934904,0.7878231513922559,0.01998374726702695,1,0,7,7,7,0,"[0, 1, 3, 4, 5, 6, 7]",1.9504540895477205,new_pose_estimated,2,2,1,2,1
ANALYTIC_037,DROP_ONE_CORRECT,ROBUST,True,1.842513829934904,0.7878231513922559,0.01998374726702695,1,0,7,7,7,0,"[0, 1, 3, 4, 5, 6, 7]",1.9504540895477205,new_pose_estimated,164,82,3,3,3
ANALYTIC_037,DROP_TWO_CORRECT,STANDARD,True,1.68072711147255,0.7990056104187814,0.0187284704012708,2,0,6,6,6,0,"[0, 1, 3, 4, 6, 7]",2.0959894660114156,new_pose_estimated,2,2,1,2,1
ANALYTIC_037,DROP_TWO_CORRECT,ROBUST,True,1.68072711147255,0.7990056104187814,0.0187284704012708,2,0,6,6,6,0,"[0, 1, 3, 4, 6, 7]",2.0959894660114156,new_pose_estimated,164,34,3,3,3
ANALYTIC_037,KEEP_ONE_WRONG,STANDARD,True,6.835380360211367,1.9417745738596235,0.07112152511685335,0,1,7,8,7,0,"[0, 1, 2, 3, 5, 6, 7]",1.674923217769447,new_pose_estimated,2,2,1,2,1
ANALYTIC_037,KEEP_ONE_WRONG,ROBUST,True,0.38925153355114506,0.6356823156399115,0.009604482521640156,0,1,7,8,7,0,"[0, 1, 2, 3, 5, 6, 7]",1.84966587413828,new_pose_estimated,160,160,3,143,3
ANALYTIC_037,KEEP_TWO_WRONG,STANDARD,True,14.862012873820273,4.0515285960142675,0.15297432832225455,0,2,6,8,4,0,"[0, 3, 5, 6]",1.5938732475207782,new_pose_estimated,2,2,1,2,1
ANALYTIC_037,KEEP_TWO_WRONG,ROBUST,True,0.8676429467736496,0.5899695052774065,0.01077061464406798,0,2,6,8,6,0,"[0, 2, 3, 5, 6, 7]",2.0422482942521527,new_pose_estimated,156,156,3,143,3
ANALYTIC_037,DROP_KEEP_ONE_EACH,STANDARD,True,8.726937054306184,2.034528317811238,0.08949493779701374,1,1,6,7,5,0,"[0, 1, 3, 5, 6]",1.938185766824965,new_pose_estimated,2,2,1,2,1
ANALYTIC_037,DROP_KEEP_ONE_EACH,ROBUST,True,2.2163356550662914,0.9111601304240983,0.023789621032410342,1,1,6,7,6,0,"[0, 1, 3, 5, 6, 7]",2.1320904376214185,new_pose_estimated,162,80,3,143,3
ANALYTIC_037,DROP_KEEP_TWO_EACH,STANDARD,True,19.585248551311565,6.715765924302188,0.20555463714257172,2,2,4,6,3,1,"[0, 1, 3, 6]",2.182091609789366,new_pose_estimated,2,2,1,2,1
ANALYTIC_037,DROP_KEEP_TWO_EACH,ROBUST,True,25.68717070430438,9.389552538311243,0.26951814775034283,2,2,4,6,3,2,"[0, 1, 3, 4, 6]",2.354554183398723,new_pose_estimated,156,34,3,143,3
ANALYTIC_037,TWO_COHERENT_WRONG,STANDARD,True,41.18885498439454,93.19823770616779,1.27224146343883,0,2,6,8,4,0,"[0, 3, 5, 6]",1.617326117460016,new_pose_estimated,2,2,1,2,1
ANALYTIC_037,TWO_COHERENT_WRONG,ROBUST,True,0.8676429467736496,0.5899695052774065,0.01077061464406798,0,2,6,8,6,0,"[0, 2, 3, 5, 6, 7]",2.0422482942521527,new_pose_estimated,158,158,3,143,3
ANALYTIC_037,FOUR_VALID,STANDARD,True,0.08466604095085206,0.7171142521163593,0.009064936552372685,4,0,4,4,4,0,"[0, 1, 2, 4]",2.9085644632372794,new_pose_estimated,2,2,1,2,1
ANALYTIC_037,FOUR_VALID,ROBUST,True,0.08466604095085206,0.7171142521163593,0.009064936552372685,4,0,4,4,4,0,"[0, 1, 2, 4]",2.9085644632372794,new_pose_estimated,164,2,2,2,2
ANALYTIC_037,FIVE_VALID,STANDARD,True,0.2556516348813913,0.48244565363495573,0.007184183040015078,3,0,5,5,5,0,"[0, 1, 2, 4, 5]",1.8188117075714418,new_pose_estimated,2,2,1,2,1
ANALYTIC_037,FIVE_VALID,ROBUST,True,0.2556516348813913,0.48244565363495573,0.007184183040015078,3,0,5,5,5,0,"[0, 1, 2, 4, 5]",1.8188117075714418,new_pose_estimated,164,12,3,3,3
ANALYTIC_037,NEAR_COLLINEAR,STANDARD,True,123.67417166614987,169.63818720000694,1.8073030268163253,0,8,0,8,0,0,[],1.8505297579266882,new_pose_estimated,4,4,1,2,1
ANALYTIC_037,NEAR_COLLINEAR,ROBUST,True,235.83572972429843,86.87917605958127,2.5234727748928556,0,8,0,8,0,4,"[0, 1, 2, 3]",28.170457142977604,new_pose_estimated,161,161,3,143,3
ANALYTIC_038,VALID_ONLY,STANDARD,True,0.8101680853660562,0.19901394201887002,0.008334020374339366,0,0,8,8,8,0,"[0, 1, 2, 3, 4, 5, 6, 7]",1.5828980477285137,new_pose_estimated,2,2,1,2,1
ANALYTIC_038,VALID_ONLY,ROBUST,True,0.8101680853660562,0.19901394201887002,0.008334020374339366,0,0,8,8,8,0,"[0, 1, 2, 3, 4, 5, 6, 7]",1.5828980477285137,new_pose_estimated,164,164,3,143,3
ANALYTIC_038,DROP_ONE_CORRECT,STANDARD,True,0.6316105243119303,0.1438244731638132,0.0065012651472825655,1,0,7,7,7,0,"[0, 1, 3, 4, 5, 6, 7]",1.4434689759869492,new_pose_estimated,2,2,1,2,1
ANALYTIC_038,DROP_ONE_CORRECT,ROBUST,True,0.6316105243119303,0.1438244731638132,0.0065012651472825655,1,0,7,7,7,0,"[0, 1, 3, 4, 5, 6, 7]",1.4434689759869492,new_pose_estimated,164,82,3,3,3
ANALYTIC_038,DROP_TWO_CORRECT,STANDARD,True,0.404361778062969,0.26551344940545524,0.004979708062564711,2,0,6,6,6,0,"[0, 1, 3, 4, 6, 7]",1.762267767026612,new_pose_estimated,2,2,1,2,1
ANALYTIC_038,DROP_TWO_CORRECT,ROBUST,True,0.404361778062969,0.26551344940545524,0.004979708062564711,2,0,6,6,6,0,"[0, 1, 3, 4, 6, 7]",1.762267767026612,new_pose_estimated,164,34,3,3,3
ANALYTIC_038,KEEP_ONE_WRONG,STANDARD,True,15.821313102501358,1.6299810307220777,0.15913433657894127,0,1,7,8,6,0,"[1, 2, 4, 5, 6, 7]",1.5860753808044232,new_pose_estimated,2,2,1,2,1
ANALYTIC_038,KEEP_ONE_WRONG,ROBUST,True,1.9812472072392968,0.14385574355683847,0.01986305251430618,0,1,7,8,7,0,"[0, 1, 2, 4, 5, 6, 7]",1.6459537496365737,new_pose_estimated,164,164,3,143,3
ANALYTIC_038,KEEP_TWO_WRONG,STANDARD,True,37.24539129755403,83.57048763539447,1.1685886307284916,0,2,6,8,4,0,"[1, 2, 4, 7]",1.5976153362952608,new_pose_estimated,2,2,1,2,1
ANALYTIC_038,KEEP_TWO_WRONG,ROBUST,True,1.9165726470115803,0.15325330061677234,0.01922129329295961,0,2,6,8,6,0,"[0, 1, 2, 4, 5, 7]",1.9559165803767244,new_pose_estimated,160,160,3,143,3
ANALYTIC_038,DROP_KEEP_ONE_EACH,STANDARD,True,9.756180451963294,2.004143508193926,0.099834544521716,1,1,6,7,5,0,"[1, 4, 5, 6, 7]",1.435344730811213,new_pose_estimated,2,2,1,2,1
ANALYTIC_038,DROP_KEEP_ONE_EACH,ROBUST,True,1.8187986389177142,0.11941330313924965,0.01824029356981934,1,1,6,7,6,0,"[0, 1, 4, 5, 6, 7]",1.3546353926885077,new_pose_estimated,158,76,3,143,3
ANALYTIC_038,DROP_KEEP_TWO_EACH,STANDARD,True,34.62050762741967,3.5719331473862908,0.34796683518172133,2,2,4,6,3,1,"[1, 4, 6, 7]",1.7439561154711503,new_pose_estimated,2,2,1,2,1
ANALYTIC_038,DROP_KEEP_TWO_EACH,ROBUST,True,49.56863475662796,4.6619114297769935,0.49772006688365916,2,2,4,6,3,2,"[1, 3, 4, 6, 7]",1.6150409482892099,new_pose_estimated,164,34,3,143,3
ANALYTIC_038,TWO_COHERENT_WRONG,STANDARD,True,7.264591702655449,1.581458785248978,0.07426217968889118,0,2,6,8,5,0,"[0, 1, 2, 4, 5]",1.5631639509920214,new_pose_estimated,2,2,1,2,1
ANALYTIC_038,TWO_COHERENT_WRONG,ROBUST,True,1.9165726470115803,0.15325330061677234,0.01922129329295961,0,2,6,8,6,0,"[0, 1, 2, 4, 5, 7]",1.9559165803767244,new_pose_estimated,164,164,3,143,3
ANALYTIC_038,FOUR_VALID,STANDARD,True,1.3174645346217564,0.9419942295396498,0.017676030649790467,4,0,4,4,4,0,"[0, 1, 2, 4]",3.774246337892991,new_pose_estimated,2,2,1,2,1
ANALYTIC_038,FOUR_VALID,ROBUST,True,1.3174645346217564,0.9419942295396498,0.017676030649790467,4,0,4,4,4,0,"[0, 1, 2, 4]",3.774246337892991,new_pose_estimated,164,2,2,2,2
ANALYTIC_038,FIVE_VALID,STANDARD,True,2.121321824934384,0.4120587344866656,0.0215710789009437,3,0,5,5,5,0,"[0, 1, 2, 4, 5]",2.0826021670839174,new_pose_estimated,2,2,1,2,1
ANALYTIC_038,FIVE_VALID,ROBUST,True,2.121321824934384,0.4120587344866656,0.0215710789009437,3,0,5,5,5,0,"[0, 1, 2, 4, 5]",2.0826021670839174,new_pose_estimated,164,12,3,3,3
ANALYTIC_038,NEAR_COLLINEAR,STANDARD,True,84.82820491845409,173.76846113163748,1.5322445744163709,0,8,0,8,0,0,[],1.8505297579266882,new_pose_estimated,4,4,1,2,1
ANALYTIC_038,NEAR_COLLINEAR,ROBUST,True,272.46422164897217,102.65685630670926,2.898514499244853,0,8,0,8,0,4,"[0, 1, 2, 3]",28.170457142977604,new_pose_estimated,161,161,3,143,3
ANALYTIC_039,VALID_ONLY,STANDARD,True,0.935156468233999,0.5088919895690982,0.010785373681972623,0,0,8,8,8,0,"[0, 1, 2, 3, 4, 5, 6, 7]",1.4492685890074004,new_pose_estimated,2,2,1,2,1
ANALYTIC_039,VALID_ONLY,ROBUST,True,0.935156468233999,0.5088919895690982,0.010785373681972623,0,0,8,8,8,0,"[0, 1, 2, 3, 4, 5, 6, 7]",1.4492685890074004,new_pose_estimated,164,164,3,143,3
ANALYTIC_039,DROP_ONE_CORRECT,STANDARD,True,0.8116352640966877,0.43992771277709347,0.009366723402787115,1,0,7,7,7,0,"[0, 1, 3, 4, 5, 6, 7]",1.7307472652808937,new_pose_estimated,2,2,1,2,1
ANALYTIC_039,DROP_ONE_CORRECT,ROBUST,True,0.8116352640966877,0.43992771277709347,0.009366723402787115,1,0,7,7,7,0,"[0, 1, 3, 4, 5, 6, 7]",1.7307472652808937,new_pose_estimated,164,82,3,3,3
ANALYTIC_039,DROP_TWO_CORRECT,STANDARD,True,1.3523365368331213,0.4749430903276147,0.014310488134006321,2,0,6,6,6,0,"[0, 1, 3, 5, 6, 7]",1.8733054474423387,new_pose_estimated,2,2,1,2,1
ANALYTIC_039,DROP_TWO_CORRECT,ROBUST,True,1.3523365368331213,0.4749430903276147,0.014310488134006321,2,0,6,6,6,0,"[0, 1, 3, 5, 6, 7]",1.8733054474423387,new_pose_estimated,164,36,3,3,3
ANALYTIC_039,KEEP_ONE_WRONG,STANDARD,True,7.6004303986932324,2.6485357582772164,0.08121417183812343,0,1,7,8,6,0,"[1, 2, 4, 5, 6, 7]",1.4084871497655844,new_pose_estimated,2,2,1,2,1
ANALYTIC_039,KEEP_ONE_WRONG,ROBUST,True,1.1766899507915471,0.4989987631210533,0.01304597416213939,0,1,7,8,7,0,"[0, 1, 2, 4, 5, 6, 7]",1.492488176178244,new_pose_estimated,164,164,3,143,3
ANALYTIC_039,KEEP_TWO_WRONG,STANDARD,True,8.134948163521482,4.796913027086071,0.09506536356777787,0,2,6,8,4,0,"[1, 2, 4, 7]",1.4810584288186495,new_pose_estimated,2,2,1,2,1
ANALYTIC_039,KEEP_TWO_WRONG,ROBUST,True,1.421857326697527,0.5442850866288045,0.015720632223579646,0,2,6,8,6,0,"[0, 1, 2, 4, 6, 7]",1.6431095559303672,new_pose_estimated,151,151,3,143,3
ANALYTIC_039,DROP_KEEP_ONE_EACH,STANDARD,True,7.301577943718401,2.8216217539928734,0.07740362850594304,1,1,6,7,5,0,"[1, 4, 5, 6, 7]",1.757016943481259,new_pose_estimated,2,2,1,2,1
ANALYTIC_039,DROP_KEEP_ONE_EACH,ROBUST,True,1.0217274214420988,0.4411762968285259,0.011466440953478197,1,1,6,7,6,0,"[0, 1, 4, 5, 6, 7]",1.578128000037033,new_pose_estimated,162,80,3,143,3
ANALYTIC_039,DROP_KEEP_TWO_EACH,STANDARD,True,7.210983245674699,2.262335453771229,0.07532257193779045,2,2,4,6,2,0,"[1, 7]",1.8865252717824779,new_pose_estimated,2,2,1,2,1
ANALYTIC_039,DROP_KEEP_TWO_EACH,ROBUST,True,1.8841168537162296,0.47218253636190055,0.01966209339060461,2,2,4,6,4,0,"[0, 1, 6, 7]",1.5605685307250599,new_pose_estimated,160,36,3,143,3
ANALYTIC_039,TWO_COHERENT_WRONG,STANDARD,True,7.769624658506744,1.2476396784226846,0.07875439324366036,0,2,6,8,5,0,"[1, 2, 4, 6, 7]",1.4485538841707506,new_pose_estimated,2,2,1,2,1
ANALYTIC_039,TWO_COHERENT_WRONG,ROBUST,True,1.421857326697527,0.5442850866288045,0.015720632223579646,0,2,6,8,6,0,"[0, 1, 2, 4, 6, 7]",1.6431095559303672,new_pose_estimated,160,160,3,143,3
ANALYTIC_039,FOUR_VALID,STANDARD,True,2.5097692788976342,0.8640062527352891,0.02722773734110033,4,0,4,4,4,0,"[0, 1, 2, 4]",2.7325540388924128,new_pose_estimated,2,2,1,2,1
ANALYTIC_039,FOUR_VALID,ROBUST,True,2.5097692788976342,0.8640062527352891,0.02722773734110033,4,0,4,4,4,0,"[0, 1, 2, 4]",2.7325540388924128,new_pose_estimated,164,2,2,2,2
ANALYTIC_039,FIVE_VALID,STANDARD,True,2.1088657889465448,0.5798526616564241,0.022159160316893217,3,0,5,5,5,0,"[0, 1, 2, 4, 5]",1.6817997335618238,new_pose_estimated,2,2,1,2,1
ANALYTIC_039,FIVE_VALID,ROBUST,True,2.1088657889465448,0.5798526616564241,0.022159160316893217,3,0,5,5,5,0,"[0, 1, 2, 4, 5]",1.6817997335618238,new_pose_estimated,164,12,3,3,3
ANALYTIC_039,NEAR_COLLINEAR,STANDARD,True,76.51947807145446,168.615408129109,1.5117999955915973,0,8,0,8,0,0,[],1.8505297579266882,new_pose_estimated,4,4,1,2,1
ANALYTIC_039,NEAR_COLLINEAR,ROBUST,True,283.51205376643657,83.45904037764562,2.965325079393942,0,8,0,8,0,4,"[0, 1, 2, 3]",28.170457142977604,new_pose_estimated,161,161,3,143,3
ANALYTIC_040,VALID_ONLY,STANDARD,True,3.118819890721107,0.897031675712242,0.031999105160563396,0,0,8,8,8,0,"[0, 1, 2, 3, 4, 5, 6, 7]",1.9506528255409812,new_pose_estimated,2,2,1,2,1
ANALYTIC_040,VALID_ONLY,ROBUST,True,3.118819890721107,0.897031675712242,0.031999105160563396,0,0,8,8,8,0,"[0, 1, 2, 3, 4, 5, 6, 7]",1.9506528255409812,new_pose_estimated,164,164,3,143,3
ANALYTIC_040,DROP_ONE_CORRECT,STANDARD,True,3.3336422332054667,0.946746180235513,0.03409862135636795,1,0,7,7,7,0,"[0, 1, 3, 4, 5, 6, 7]",2.1173028464314383,new_pose_estimated,2,2,1,2,1
ANALYTIC_040,DROP_ONE_CORRECT,ROBUST,True,3.3336422332054667,0.946746180235513,0.03409862135636795,1,0,7,7,7,0,"[0, 1, 3, 4, 5, 6, 7]",2.1173028464314383,new_pose_estimated,164,82,3,3,3
ANALYTIC_040,DROP_TWO_CORRECT,STANDARD,True,3.5921122828984653,1.0985675183607098,0.03695602448365862,2,0,6,6,6,0,"[1, 3, 4, 5, 6, 7]",1.996345147100741,new_pose_estimated,2,2,1,2,1
ANALYTIC_040,DROP_TWO_CORRECT,ROBUST,True,3.5921122828984653,1.0985675183607098,0.03695602448365862,2,0,6,6,6,0,"[1, 3, 4, 5, 6, 7]",1.996345147100741,new_pose_estimated,164,34,3,3,3
ANALYTIC_040,KEEP_ONE_WRONG,STANDARD,True,10.995808038963402,4.44126551210429,0.11657748693474783,0,1,7,8,7,0,"[0, 1, 2, 3, 4, 6, 7]",1.9333969617578868,new_pose_estimated,2,2,1,2,1
ANALYTIC_040,KEEP_ONE_WRONG,ROBUST,True,2.59922988450897,0.6909403885219363,0.026553167864454847,0,1,7,8,7,0,"[0, 1, 2, 3, 4, 6, 7]",2.1275423292840205,new_pose_estimated,160,160,3,143,3
ANALYTIC_040,KEEP_TWO_WRONG,STANDARD,True,6.165102329362799,6.759780252027162,0.08802765948625332,0,2,6,8,6,0,"[0, 1, 2, 3, 4, 7]",1.7490413703817331,new_pose_estimated,2,2,1,2,1
ANALYTIC_040,KEEP_TWO_WRONG,ROBUST,True,5.246664104465219,8.119014687750644,0.08896528305206496,0,2,6,8,6,1,"[0, 1, 2, 3, 4, 6, 7]",1.9070978559321172,new_pose_estimated,160,160,3,143,3
ANALYTIC_040,DROP_KEEP_ONE_EACH,STANDARD,True,14.156991913101885,4.222770379408475,0.1454905915305728,1,1,6,7,6,0,"[0, 1, 3, 4, 6, 7]",2.093775614757381,new_pose_estimated,2,2,1,2,1
ANALYTIC_040,DROP_KEEP_ONE_EACH,ROBUST,True,2.5132634749345724,0.7913250565554016,0.025816490077310017,1,1,6,7,6,0,"[0, 1, 3, 4, 6, 7]",2.2495546943641345,new_pose_estimated,160,82,3,143,3
ANALYTIC_040,DROP_KEEP_TWO_EACH,STANDARD,True,14.426869899576802,2.7308042274483575,0.14686147594699267,2,2,4,6,4,0,"[1, 3, 4, 7]",2.067494617039597,new_pose_estimated,2,2,1,2,1
ANALYTIC_040,DROP_KEEP_TWO_EACH,ROBUST,True,45.676103058900054,90.31678502834775,1.2494330854360158,2,2,4,6,4,1,"[1, 3, 4, 6, 7]",1.6373177084946329,new_pose_estimated,152,30,3,143,3
ANALYTIC_040,TWO_COHERENT_WRONG,STANDARD,True,17.467049787255913,6.459646937921893,0.1847235990564844,0,2,6,8,4,0,"[0, 1, 2, 3]",1.8944735047446044,new_pose_estimated,2,2,1,2,1
ANALYTIC_040,TWO_COHERENT_WRONG,ROBUST,True,27.46661194201795,6.662195739801729,0.2810900562737326,0,2,6,8,5,2,"[0, 2, 3, 4, 5, 6, 7]",1.9277579962091027,new_pose_estimated,164,164,3,143,3
ANALYTIC_040,FOUR_VALID,STANDARD,True,1.5520421355851521,0.9989385925683856,0.018399314403911658,4,0,4,4,4,0,"[0, 1, 2, 4]",3.4481160887296034,new_pose_estimated,2,2,1,2,1
ANALYTIC_040,FOUR_VALID,ROBUST,True,1.5520421355851521,0.9989385925683856,0.018399314403911658,4,0,4,4,4,0,"[0, 1, 2, 4]",3.4481160887296034,new_pose_estimated,164,2,2,2,2
ANALYTIC_040,FIVE_VALID,STANDARD,True,2.50795688125949,1.2750401897988595,0.02766212502111435,3,0,5,5,5,0,"[0, 1, 2, 4, 5]",2.2284513182282555,new_pose_estimated,2,2,1,2,1
ANALYTIC_040,FIVE_VALID,ROBUST,True,2.50795688125949,1.2750401897988595,0.02766212502111435,3,0,5,5,5,0,"[0, 1, 2, 4, 5]",2.2284513182282555,new_pose_estimated,164,12,3,3,3
ANALYTIC_040,NEAR_COLLINEAR,STANDARD,True,30.786593143729245,172.51650241984743,1.3470564115711774,0,8,0,8,0,0,[],1.8505297579266882,new_pose_estimated,4,4,1,2,1
ANALYTIC_040,NEAR_COLLINEAR,ROBUST,True,344.0039064757864,106.29024030063012,3.5951877030072565,0,8,0,8,0,4,"[0, 1, 2, 3]",28.170457142977604,new_pose_estimated,161,161,3,143,3
ANALYTIC_041,VALID_ONLY,STANDARD,True,1.1397121883356267,0.41227667338936846,0.011980103321498608,0,0,8,8,8,0,"[0, 1, 2, 3, 4, 5, 6, 7]",1.4554499756562658,new_pose_estimated,2,2,1,2,1
ANALYTIC_041,VALID_ONLY,ROBUST,True,1.1397121883356267,0.41227667338936846,0.011980103321498608,0,0,8,8,8,0,"[0, 1, 2, 3, 4, 5, 6, 7]",1.4554499756562658,new_pose_estimated,164,164,3,143,3
ANALYTIC_041,DROP_ONE_CORRECT,STANDARD,True,1.4716621924149347,0.44979809154338435,0.015277672185963397,1,0,7,7,7,0,"[1, 2, 3, 4, 5, 6, 7]",1.7147754067107026,new_pose_estimated,2,2,1,2,1
ANALYTIC_041,DROP_ONE_CORRECT,ROBUST,True,1.4716621924149347,0.44979809154338435,0.015277672185963397,1,0,7,7,7,0,"[1, 2, 3, 4, 5, 6, 7]",1.7147754067107026,new_pose_estimated,164,82,3,3,3
ANALYTIC_041,DROP_TWO_CORRECT,STANDARD,True,1.7815324568124944,0.5315816217479102,0.01853887039520664,2,0,6,6,6,0,"[1, 2, 3, 5, 6, 7]",1.8671319163293363,new_pose_estimated,2,2,1,2,1
ANALYTIC_041,DROP_TWO_CORRECT,ROBUST,True,1.7815324568124944,0.5315816217479102,0.01853887039520664,2,0,6,6,6,0,"[1, 2, 3, 5, 6, 7]",1.8671319163293363,new_pose_estimated,164,36,3,3,3
ANALYTIC_041,KEEP_ONE_WRONG,STANDARD,True,9.41525879666235,2.4766705490991177,0.09725145578813206,0,1,7,8,6,0,"[1, 2, 4, 5, 6, 7]",1.4827104679541105,new_pose_estimated,2,2,1,2,1
ANALYTIC_041,KEEP_ONE_WRONG,ROBUST,True,0.8631774106367429,0.40373053952003396,0.009334172988155698,0,1,7,8,7,0,"[0, 1, 2, 4, 5, 6, 7]",1.7670536387711968,new_pose_estimated,162,162,3,143,3
ANALYTIC_041,KEEP_TWO_WRONG,STANDARD,True,4.120050384131441,2.872540975111588,0.049046321914452476,0,2,6,8,4,0,"[1, 2, 5, 6]",1.4525843203520061,new_pose_estimated,2,2,1,2,1
ANALYTIC_041,KEEP_TWO_WRONG,ROBUST,True,0.6883508488924814,0.3629614611621714,0.008155206169640928,0,2,6,8,6,0,"[0, 1, 2, 4, 5, 6]",1.885412043655512,new_pose_estimated,144,144,3,143,3
ANALYTIC_041,DROP_KEEP_ONE_EACH,STANDARD,True,14.049479790020833,3.3860663411027745,0.14451677573392385,1,1,6,7,6,1,"[1, 2, 3, 4, 5, 6, 7]",1.6867945886583608,new_pose_estimated,2,2,1,2,1
ANALYTIC_041,DROP_KEEP_ONE_EACH,ROBUST,True,14.049479790020833,3.3860663411027745,0.14451677573392385,1,1,6,7,6,1,"[1, 2, 3, 4, 5, 6, 7]",1.6867945886583608,new_pose_estimated,164,82,3,143,3
ANALYTIC_041,DROP_KEEP_TWO_EACH,STANDARD,True,29.982366425525193,92.34769814099715,1.2466994981891977,2,2,4,6,4,2,"[1, 2, 3, 5, 6, 7]",1.9482539430804668,new_pose_estimated,2,2,1,2,1
ANALYTIC_041,DROP_KEEP_TWO_EACH,ROBUST,True,29.982366425525193,92.34769814099715,1.2466994981891977,2,2,4,6,4,2,"[1, 2, 3, 5, 6, 7]",1.9482539430804668,new_pose_estimated,156,36,3,143,3
ANALYTIC_041,TWO_COHERENT_WRONG,STANDARD,True,18.642813800312826,0.893528023482389,0.1866804309693479,0,2,6,8,4,0,"[1, 2, 5, 6]",1.4740841972614849,new_pose_estimated,2,2,1,2,1
ANALYTIC_041,TWO_COHERENT_WRONG,ROBUST,True,0.6883508488924814,0.3629614611621714,0.008155206169640928,0,2,6,8,6,0,"[0, 1, 2, 4, 5, 6]",1.885412043655512,new_pose_estimated,164,164,3,143,3
ANALYTIC_041,FOUR_VALID,STANDARD,True,0.7931769233361471,0.4206082117167523,0.00942020940910144,4,0,4,4,4,0,"[0, 1, 2, 4]",3.1510233815606337,new_pose_estimated,2,2,1,2,1
ANALYTIC_041,FOUR_VALID,ROBUST,True,0.7931769233361471,0.4206082117167523,0.00942020940910144,4,0,4,4,4,0,"[0, 1, 2, 4]",3.1510233815606337,new_pose_estimated,164,2,2,2,2
ANALYTIC_041,FIVE_VALID,STANDARD,True,0.5047779117286596,0.2737774054054267,0.005627413198706272,3,0,5,5,5,0,"[0, 1, 2, 4, 5]",1.894007300422554,new_pose_estimated,2,2,1,2,1
ANALYTIC_041,FIVE_VALID,ROBUST,True,0.5047779117286596,0.2737774054054267,0.005627413198706272,3,0,5,5,5,0,"[0, 1, 2, 4, 5]",1.894007300422554,new_pose_estimated,164,12,3,3,3
ANALYTIC_041,NEAR_COLLINEAR,STANDARD,True,104.54111278897533,171.2603455208007,1.6652049241829414,0,8,0,8,0,0,[],1.8505297579266882,new_pose_estimated,4,4,1,2,1
ANALYTIC_041,NEAR_COLLINEAR,ROBUST,True,257.1284504660679,87.88053457590047,2.7192992199100217,0,8,0,8,0,4,"[0, 1, 2, 3]",28.170457142977604,new_pose_estimated,161,161,3,143,3
ANALYTIC_042,VALID_ONLY,STANDARD,True,0.49164897310160266,0.3322629487615226,0.005857474894065084,0,0,8,8,8,0,"[0, 1, 2, 3, 4, 5, 6, 7]",1.7914418328164283,new_pose_estimated,2,2,1,2,1
ANALYTIC_042,VALID_ONLY,ROBUST,True,0.49164897310160266,0.3322629487615226,0.005857474894065084,0,0,8,8,8,0,"[0, 1, 2, 3, 4, 5, 6, 7]",1.7914418328164283,new_pose_estimated,162,162,3,143,3
ANALYTIC_042,DROP_ONE_CORRECT,STANDARD,True,0.6395408280016568,0.3623926482369506,0.007293332698890284,1,0,7,7,7,0,"[0, 2, 3, 4, 5, 6, 7]",2.011304711766647,new_pose_estimated,2,2,1,2,1
ANALYTIC_042,DROP_ONE_CORRECT,ROBUST,True,0.6395408280016568,0.3623926482369506,0.007293332698890284,1,0,7,7,7,0,"[0, 2, 3, 4, 5, 6, 7]",2.011304711766647,new_pose_estimated,162,80,3,3,3
ANALYTIC_042,DROP_TWO_CORRECT,STANDARD,True,3.278817709441357,0.8438311960536062,0.034020311788370894,2,0,6,6,6,0,"[0, 3, 4, 5, 6, 7]",3.3747885949939587,new_pose_estimated,2,2,1,2,1
ANALYTIC_042,DROP_TWO_CORRECT,ROBUST,True,3.278817709441357,0.8438311960536062,0.034020311788370894,2,0,6,6,6,0,"[0, 3, 4, 5, 6, 7]",3.3747885949939587,new_pose_estimated,162,34,3,3,3
ANALYTIC_042,KEEP_ONE_WRONG,STANDARD,True,3.902264524665719,3.8403905324335876,0.052974737661142676,0,1,7,8,6,0,"[0, 1, 2, 3, 5, 6]",1.7177080120023458,new_pose_estimated,2,2,1,2,1
ANALYTIC_042,KEEP_ONE_WRONG,ROBUST,True,0.6071505639417308,0.5361658212550058,0.007488683097484784,0,1,7,8,7,0,"[0, 1, 2, 3, 4, 5, 6]",2.0406372962596744,new_pose_estimated,164,164,3,143,3
ANALYTIC_042,KEEP_TWO_WRONG,STANDARD,True,27.213636549441155,1.804605998851214,0.2726092422880281,0,2,6,8,4,0,"[1, 2, 5, 6]",1.7568041713606763,new_pose_estimated,2,2,1,2,1
ANALYTIC_042,KEEP_TWO_WRONG,ROBUST,True,0.6494663623543584,0.686457176749578,0.009672957057883956,0,2,6,8,6,0,"[0, 1, 2, 4, 5, 6]",1.9572274698727357,new_pose_estimated,164,164,3,143,3
ANALYTIC_042,DROP_KEEP_ONE_EACH,STANDARD,True,18.093721657193022,3.8095167864553843,0.1847227616972106,1,1,6,7,5,0,"[0, 2, 3, 5, 6]",1.9704964706034434,new_pose_estimated,2,2,1,2,1
ANALYTIC_042,DROP_KEEP_ONE_EACH,ROBUST,True,0.5224745953506864,0.6245105287456576,0.007518504028019502,1,1,6,7,6,0,"[0, 2, 3, 4, 5, 6]",2.2679441033462773,new_pose_estimated,162,80,3,143,3
ANALYTIC_042,DROP_KEEP_TWO_EACH,STANDARD,True,51.62393860430249,7.844528714372343,0.520746751882786,2,2,4,6,2,0,"[5, 6]",3.263533397571496,new_pose_estimated,2,2,1,2,1
ANALYTIC_042,DROP_KEEP_TWO_EACH,ROBUST,True,135.8937239321478,127.2029915772126,1.3997209972063087,2,2,4,6,2,2,"[0, 3, 5, 7]",2.4390032492499456,new_pose_estimated,152,28,3,143,3
ANALYTIC_042,TWO_COHERENT_WRONG,STANDARD,True,31.010856644787864,2.0712313470147343,0.3106722461543437,0,2,6,8,4,0,"[1, 2, 5, 6]",1.8689742051341551,new_pose_estimated,2,2,1,2,1
ANALYTIC_042,TWO_COHERENT_WRONG,ROBUST,True,0.6494663623543584,0.686457176749578,0.009672957057883956,0,2,6,8,6,0,"[0, 1, 2, 4, 5, 6]",1.9572274698727357,new_pose_estimated,164,164,3,143,3
ANALYTIC_042,FOUR_VALID,STANDARD,True,0.4810776581796244,0.4788591044690463,0.007110533842914367,4,0,4,4,4,0,"[0, 1, 2, 4]",3.0449631704704347,new_pose_estimated,2,2,1,2,1
ANALYTIC_042,FOUR_VALID,ROBUST,True,0.4810776581796244,0.4788591044690463,0.007110533842914367,4,0,4,4,4,0,"[0, 1, 2, 4]",3.0449631704704347,new_pose_estimated,162,2,2,2,2
ANALYTIC_042,FIVE_VALID,STANDARD,True,0.437089191849987,0.5601706509831262,0.00818087622808958,3,0,5,5,5,0,"[0, 1, 2, 4, 5]",2.059673637793635,new_pose_estimated,2,2,1,2,1
ANALYTIC_042,FIVE_VALID,ROBUST,True,0.437089191849987,0.5601706509831262,0.00818087622808958,3,0,5,5,5,0,"[0, 1, 2, 4, 5]",2.059673637793635,new_pose_estimated,162,12,3,3,3
ANALYTIC_042,NEAR_COLLINEAR,STANDARD,True,23.235619728615053,169.69333793949525,1.3275872747221524,0,8,0,8,0,0,[],1.8505297579266882,new_pose_estimated,4,4,1,2,1
ANALYTIC_042,NEAR_COLLINEAR,ROBUST,True,346.75932860955083,83.63607402657946,3.576186748312955,0,8,0,8,0,4,"[0, 1, 2, 3]",28.170457142977604,new_pose_estimated,161,161,3,143,3
ANALYTIC_043,VALID_ONLY,STANDARD,True,0.8696105229720487,0.41244012925567963,0.009479917168645716,0,0,8,8,8,0,"[0, 1, 2, 3, 4, 5, 6, 7]",1.6898059443068376,new_pose_estimated,2,2,1,2,1
ANALYTIC_043,VALID_ONLY,ROBUST,True,0.8696105229720487,0.41244012925567963,0.009479917168645716,0,0,8,8,8,0,"[0, 1, 2, 3, 4, 5, 6, 7]",1.6898059443068376,new_pose_estimated,164,164,3,143,3
ANALYTIC_043,DROP_ONE_CORRECT,STANDARD,True,0.8584906180336866,0.512134110425515,0.009654469137791244,1,0,7,7,7,0,"[0, 1, 2, 3, 4, 5, 6]",1.878741722297205,new_pose_estimated,2,2,1,2,1
ANALYTIC_043,DROP_ONE_CORRECT,ROBUST,True,0.8584906180336866,0.512134110425515,0.009654469137791244,1,0,7,7,7,0,"[0, 1, 2, 3, 4, 5, 6]",1.878741722297205,new_pose_estimated,164,82,3,3,3
ANALYTIC_043,DROP_TWO_CORRECT,STANDARD,True,0.8284812502232458,0.5320176641408089,0.009640465011090381,2,0,6,6,6,0,"[0, 1, 3, 4, 5, 6]",1.6060129803095828,new_pose_estimated,2,2,1,2,1
ANALYTIC_043,DROP_TWO_CORRECT,ROBUST,True,0.8284812502232458,0.5320176641408089,0.009640465011090381,2,0,6,6,6,0,"[0, 1, 3, 4, 5, 6]",1.6060129803095828,new_pose_estimated,164,34,3,3,3
ANALYTIC_043,KEEP_ONE_WRONG,STANDARD,True,3.2998481688733747,2.528012962627895,0.03745921337686926,0,1,7,8,6,0,"[0, 1, 2, 3, 4, 7]",1.7132874832063885,new_pose_estimated,2,2,1,2,1
ANALYTIC_043,KEEP_ONE_WRONG,ROBUST,True,0.7668775600494913,0.4348853411407211,0.008668008099145233,0,1,7,8,7,0,"[0, 1, 2, 3, 4, 5, 7]",1.907850802727738,new_pose_estimated,152,152,3,143,3
ANALYTIC_043,KEEP_TWO_WRONG,STANDARD,True,2.8709808798539203,4.463528519549552,0.052256264852916325,0,2,6,8,6,0,"[0, 2, 3, 4, 5, 7]",1.6209661377543414,new_pose_estimated,2,2,1,2,1
ANALYTIC_043,KEEP_TWO_WRONG,ROBUST,True,1.0056347475080347,0.5124626650565229,0.011053269574433281,0,2,6,8,6,0,"[0, 2, 3, 4, 5, 7]",1.717883081181671,new_pose_estimated,164,164,3,143,3
ANALYTIC_043,DROP_KEEP_ONE_EACH,STANDARD,True,2.685540634435622,3.038763072340614,0.03818901641605659,1,1,6,7,5,0,"[0, 1, 2, 3, 4]",1.8541035536013142,new_pose_estimated,2,2,1,2,1
ANALYTIC_043,DROP_KEEP_ONE_EACH,ROBUST,True,0.6183855911015484,0.5545281645503822,0.007868953058340898,1,1,6,7,6,0,"[0, 1, 2, 3, 4, 5]",2.1600696391649805,new_pose_estimated,164,82,3,143,3
ANALYTIC_043,DROP_KEEP_TWO_EACH,STANDARD,True,22.579460416206825,80.68034391537778,1.112723427811967,2,2,4,6,3,1,"[0, 1, 3, 4]",1.8146617762412292,new_pose_estimated,2,2,1,2,1
ANALYTIC_043,DROP_KEEP_TWO_EACH,ROBUST,True,15.207187932061059,79.33354656714152,1.087355416816696,2,2,4,6,3,2,"[0, 1, 3, 4, 6]",1.9231606823882434,new_pose_estimated,164,34,3,143,3
ANALYTIC_043,TWO_COHERENT_WRONG,STANDARD,True,15.366375722294595,2.047831027035161,0.15475282549143177,0,2,6,8,4,0,"[0, 3, 4, 7]",1.7077564283967985,new_pose_estimated,2,2,1,2,1
ANALYTIC_043,TWO_COHERENT_WRONG,ROBUST,True,1.0056347475080347,0.5124626650565229,0.011053269574433281,0,2,6,8,6,0,"[0, 2, 3, 4, 5, 7]",1.717883081181671,new_pose_estimated,160,160,3,143,3
ANALYTIC_043,FOUR_VALID,STANDARD,True,2.374342473961069,1.1786996378593861,0.02683522949665147,4,0,4,4,4,0,"[0, 1, 2, 4]",3.8828356874540906,new_pose_estimated,2,2,1,2,1
ANALYTIC_043,FOUR_VALID,ROBUST,True,2.374342473961069,1.1786996378593861,0.02683522949665147,4,0,4,4,4,0,"[0, 1, 2, 4]",3.8828356874540906,new_pose_estimated,164,2,2,2,2
ANALYTIC_043,FIVE_VALID,STANDARD,True,0.5423302534438789,0.7761296179926901,0.009344663030690783,3,0,5,5,5,0,"[0, 1, 2, 4, 5]",2.294183478914587,new_pose_estimated,2,2,1,2,1
ANALYTIC_043,FIVE_VALID,ROBUST,True,0.5423302534438789,0.7761296179926901,0.009344663030690783,3,0,5,5,5,0,"[0, 1, 2, 4, 5]",2.294183478914587,new_pose_estimated,164,12,3,3,3
ANALYTIC_043,NEAR_COLLINEAR,STANDARD,True,117.2893597762934,173.9555204697716,1.7150867016686377,0,8,0,8,0,0,[],1.8505297579266882,new_pose_estimated,4,4,1,2,1
ANALYTIC_043,NEAR_COLLINEAR,ROBUST,True,247.67675285600438,94.24606463293763,2.6503192187460405,0,8,0,8,0,4,"[0, 1, 2, 3]",28.170457142977604,new_pose_estimated,161,161,3,143,3
ANALYTIC_044,VALID_ONLY,STANDARD,True,1.1861119213618474,0.34631424983434844,0.012470974294625774,0,0,8,8,8,0,"[0, 1, 2, 3, 4, 5, 6, 7]",1.5067622591068077,new_pose_estimated,2,2,1,2,1
ANALYTIC_044,VALID_ONLY,ROBUST,True,1.1861119213618474,0.34631424983434844,0.012470974294625774,0,0,8,8,8,0,"[0, 1, 2, 3, 4, 5, 6, 7]",1.5067622591068077,new_pose_estimated,162,162,3,143,3
ANALYTIC_044,DROP_ONE_CORRECT,STANDARD,True,0.6928616674441928,0.414118850955751,0.008207580174634079,1,0,7,7,7,0,"[0, 1, 3, 4, 5, 6, 7]",1.5162109920059492,new_pose_estimated,2,2,1,2,1
ANALYTIC_044,DROP_ONE_CORRECT,ROBUST,True,0.6928616674441928,0.414118850955751,0.008207580174634079,1,0,7,7,7,0,"[0, 1, 3, 4, 5, 6, 7]",1.5162109920059492,new_pose_estimated,162,82,3,3,3
ANALYTIC_044,DROP_TWO_CORRECT,STANDARD,True,0.663070147133034,0.4276119760815053,0.008062991715027041,2,0,6,6,6,0,"[0, 1, 3, 4, 5, 6]",1.6581900251304569,new_pose_estimated,2,2,1,2,1
ANALYTIC_044,DROP_TWO_CORRECT,ROBUST,True,0.663070147133034,0.4276119760815053,0.008062991715027041,2,0,6,6,6,0,"[0, 1, 3, 4, 5, 6]",1.6581900251304569,new_pose_estimated,162,34,3,3,3
ANALYTIC_044,KEEP_ONE_WRONG,STANDARD,True,5.315044456859801,2.1562682251522074,0.05641291062820168,0,1,7,8,6,0,"[0, 1, 2, 3, 4, 7]",1.5345066841096962,new_pose_estimated,2,2,1,2,1
ANALYTIC_044,KEEP_ONE_WRONG,ROBUST,True,1.5576454174238263,0.46095649511381714,0.016356838261286945,0,1,7,8,7,0,"[0, 1, 2, 3, 4, 5, 7]",1.8320189652690846,new_pose_estimated,160,160,3,143,3
ANALYTIC_044,KEEP_TWO_WRONG,STANDARD,True,10.85796621521675,2.748766530842599,0.11202573540639811,0,2,6,8,4,0,"[1, 2, 4, 7]",1.5586001966078746,new_pose_estimated,2,2,1,2,1
ANALYTIC_044,KEEP_TWO_WRONG,ROBUST,True,1.0563043200636586,0.39817191641362815,0.0113533435082666,0,2,6,8,6,0,"[1, 2, 3, 4, 5, 7]",1.8769814298766652,new_pose_estimated,158,158,3,143,3
ANALYTIC_044,DROP_KEEP_ONE_EACH,STANDARD,True,6.559070876621208,1.7841052816057552,0.06735720778610065,1,1,6,7,5,0,"[0, 1, 3, 4, 7]",1.5068813089912017,new_pose_estimated,2,2,1,2,1
ANALYTIC_044,DROP_KEEP_ONE_EACH,ROBUST,True,1.053737936985521,0.5224507978687379,0.011873702250481863,1,1,6,7,6,0,"[0, 1, 3, 4, 5, 7]",1.72285243195578,new_pose_estimated,160,82,3,143,3
ANALYTIC_044,DROP_KEEP_TWO_EACH,STANDARD,True,4.913357261863359,4.506537680239779,0.06664075567778306,2,2,4,6,2,0,"[1, 4]",1.7052230964428896,new_pose_estimated,2,2,1,2,1
ANALYTIC_044,DROP_KEEP_TWO_EACH,ROBUST,True,0.6200265862910442,0.5076569772765384,0.008176517436639951,2,2,4,6,4,0,"[1, 3, 4, 5]",1.4939476370412115,new_pose_estimated,160,34,3,143,3
ANALYTIC_044,TWO_COHERENT_WRONG,STANDARD,True,7.628098618114936,0.8697101165556452,0.07674200503605882,0,2,6,8,5,0,"[1, 2, 4, 5, 7]",1.5091218552393808,new_pose_estimated,2,2,1,2,1
ANALYTIC_044,TWO_COHERENT_WRONG,ROBUST,True,1.0563043200636586,0.39817191641362815,0.0113533435082666,0,2,6,8,6,0,"[1, 2, 3, 4, 5, 7]",1.8769814298766652,new_pose_estimated,160,160,3,143,3
ANALYTIC_044,FOUR_VALID,STANDARD,True,2.2059091685560124,0.5155769696415461,0.022825399118610312,4,0,4,4,4,0,"[0, 1, 2, 4]",3.4606330652359034,new_pose_estimated,2,2,1,2,1
ANALYTIC_044,FOUR_VALID,ROBUST,True,2.2059091685560124,0.5155769696415461,0.022825399118610312,4,0,4,4,4,0,"[0, 1, 2, 4]",3.4606330652359034,new_pose_estimated,162,2,2,2,2
ANALYTIC_044,FIVE_VALID,STANDARD,True,2.2322833644187394,0.6202892379114427,0.023348287746586177,3,0,5,5,5,0,"[0, 1, 2, 4, 5]",1.9985201795777814,new_pose_estimated,2,2,1,2,1
ANALYTIC_044,FIVE_VALID,ROBUST,True,2.2322833644187394,0.6202892379114427,0.023348287746586177,3,0,5,5,5,0,"[0, 1, 2, 4, 5]",1.9985201795777814,new_pose_estimated,162,12,3,3,3
ANALYTIC_044,NEAR_COLLINEAR,STANDARD,True,150.90467217898805,172.98008478252927,1.9874659582349845,0,8,0,8,0,0,[],1.8505297579266882,new_pose_estimated,4,4,1,2,1
ANALYTIC_044,NEAR_COLLINEAR,ROBUST,True,213.12732478566863,89.06520011957979,2.3011737658101383,0,8,0,8,0,4,"[0, 1, 2, 3]",28.170457142977604,new_pose_estimated,161,161,3,143,3
ANALYTIC_045,VALID_ONLY,STANDARD,True,0.3950218042103486,0.46063747834635765,0.005934748371117439,0,0,8,8,8,0,"[0, 1, 2, 3, 4, 5, 6, 7]",1.4165766895157827,new_pose_estimated,2,2,1,2,1
ANALYTIC_045,VALID_ONLY,ROBUST,True,0.3950218042103486,0.46063747834635765,0.005934748371117439,0,0,8,8,8,0,"[0, 1, 2, 3, 4, 5, 6, 7]",1.4165766895157827,new_pose_estimated,164,164,3,143,3
ANALYTIC_045,DROP_ONE_CORRECT,STANDARD,True,0.33714950227929014,0.2897564314612258,0.004216327913065142,1,0,7,7,7,0,"[1, 2, 3, 4, 5, 6, 7]",1.7531056140166488,new_pose_estimated,2,2,1,2,1
ANALYTIC_045,DROP_ONE_CORRECT,ROBUST,True,0.33714950227929014,0.2897564314612258,0.004216327913065142,1,0,7,7,7,0,"[1, 2, 3, 4, 5, 6, 7]",1.7531056140166488,new_pose_estimated,164,82,3,3,3
ANALYTIC_045,DROP_TWO_CORRECT,STANDARD,True,0.1573843296226787,0.19313466329215898,0.002269618639661612,2,0,6,6,6,0,"[1, 2, 3, 4, 6, 7]",1.824893596788509,new_pose_estimated,2,2,1,2,1
ANALYTIC_045,DROP_TWO_CORRECT,ROBUST,True,0.1573843296226787,0.19313466329215898,0.002269618639661612,2,0,6,6,6,0,"[1, 2, 3, 4, 6, 7]",1.824893596788509,new_pose_estimated,164,34,3,3,3
ANALYTIC_045,KEEP_ONE_WRONG,STANDARD,True,38.1612045479063,88.14694173675026,1.2184439899870816,0,1,7,8,6,0,"[0, 1, 2, 3, 5, 6]",1.497916171831725,new_pose_estimated,2,2,1,2,1
ANALYTIC_045,KEEP_ONE_WRONG,ROBUST,True,0.3719051776285111,0.48458330996065757,0.0059935339136498855,0,1,7,8,7,0,"[0, 1, 2, 3, 4, 5, 6]",1.657368648401546,new_pose_estimated,160,160,3,143,3
ANALYTIC_045,KEEP_TWO_WRONG,STANDARD,True,6.961463466578333,1.2052883414067384,0.07060072465706482,0,2,6,8,5,0,"[0, 3, 4, 5, 6]",1.4375156285771185,new_pose_estimated,2,2,1,2,1
ANALYTIC_045,KEEP_TWO_WRONG,ROBUST,True,0.5864407908179913,0.575789813246662,0.008069578614765191,0,2,6,8,6,0,"[0, 1, 3, 4, 5, 6]",1.4494709167973696,new_pose_estimated,139,139,3,143,3
ANALYTIC_045,DROP_KEEP_ONE_EACH,STANDARD,True,2.8779576782650493,2.456788086284818,0.0347378930639353,1,1,6,7,5,0,"[1, 2, 3, 5, 6]",1.7861733043206938,new_pose_estimated,2,2,1,2,1
ANALYTIC_045,DROP_KEEP_ONE_EACH,ROBUST,True,0.3445488522592508,0.3584518419988185,0.004443090105911485,1,1,6,7,6,0,"[1, 2, 3, 4, 5, 6]",1.8609904820383405,new_pose_estimated,144,70,3,143,3
ANALYTIC_045,DROP_KEEP_TWO_EACH,STANDARD,True,11.243093604509259,3.90992239981206,0.12000818581932629,2,2,4,6,2,0,"[3, 6]",1.779088566668767,new_pose_estimated,2,2,1,2,1
ANALYTIC_045,DROP_KEEP_TWO_EACH,ROBUST,True,0.1480540834506896,0.40909362811405403,0.003882795049664415,2,2,4,6,4,0,"[1, 3, 4, 6]",1.4019509936028645,new_pose_estimated,160,30,3,143,3
ANALYTIC_045,TWO_COHERENT_WRONG,STANDARD,True,49.16689936701374,85.85947276243839,1.2173287094045442,0,2,6,8,4,0,"[0, 3, 5, 6]",1.5225381573719374,new_pose_estimated,2,2,1,2,1
ANALYTIC_045,TWO_COHERENT_WRONG,ROBUST,True,0.5864407908179913,0.575789813246662,0.008069578614765191,0,2,6,8,6,0,"[0, 1, 3, 4, 5, 6]",1.4494709167973696,new_pose_estimated,160,160,3,143,3
ANALYTIC_045,FOUR_VALID,STANDARD,True,0.8178088110128056,1.2569491164811524,0.014060072356801442,4,0,4,4,4,0,"[0, 1, 2, 4]",3.2542302378284007,new_pose_estimated,2,2,1,2,1
ANALYTIC_045,FOUR_VALID,ROBUST,True,0.8178088110128056,1.2569491164811524,0.014060072356801442,4,0,4,4,4,0,"[0, 1, 2, 4]",3.2542302378284007,new_pose_estimated,164,2,2,2,2
ANALYTIC_045,FIVE_VALID,STANDARD,True,0.9505053798601917,0.8470504172000883,0.012568865879142853,3,0,5,5,5,0,"[0, 1, 2, 4, 5]",1.9906973346642418,new_pose_estimated,2,2,1,2,1
ANALYTIC_045,FIVE_VALID,ROBUST,True,0.9505053798601917,0.8470504172000883,0.012568865879142853,3,0,5,5,5,0,"[0, 1, 2, 4, 5]",1.9906973346642418,new_pose_estimated,164,12,3,3,3
ANALYTIC_045,NEAR_COLLINEAR,STANDARD,True,84.99536600343632,174.3116514176961,1.5148380630825016,0,8,0,8,0,0,[],1.8505297579266882,new_pose_estimated,4,4,1,2,1
ANALYTIC_045,NEAR_COLLINEAR,ROBUST,True,280.43836110257746,90.10168347633049,2.9444208239209146,0,8,0,8,0,4,"[0, 1, 2, 3]",28.170457142977604,new_pose_estimated,161,161,3,143,3
ANALYTIC_046,VALID_ONLY,STANDARD,True,0.4145031905490816,0.3072570501121287,0.00538434292141621,0,0,8,8,8,0,"[0, 1, 2, 3, 4, 5, 6, 7]",1.8248217167490133,new_pose_estimated,2,2,1,2,1
ANALYTIC_046,VALID_ONLY,ROBUST,True,0.4145031905490816,0.3072570501121287,0.00538434292141621,0,0,8,8,8,0,"[0, 1, 2, 3, 4, 5, 6, 7]",1.8248217167490133,new_pose_estimated,164,164,3,143,3
ANALYTIC_046,DROP_ONE_CORRECT,STANDARD,True,0.5303004608965619,0.15785781018085618,0.005467166584455378,1,0,7,7,7,0,"[0, 1, 3, 4, 5, 6, 7]",1.7449897799196281,new_pose_estimated,2,2,1,2,1
ANALYTIC_046,DROP_ONE_CORRECT,ROBUST,True,0.5303004608965619,0.15785781018085618,0.005467166584455378,1,0,7,7,7,0,"[0, 1, 3, 4, 5, 6, 7]",1.7449897799196281,new_pose_estimated,164,82,3,3,3
ANALYTIC_046,DROP_TWO_CORRECT,STANDARD,True,0.5593301582316319,0.14355540801664396,0.0057422700846701666,2,0,6,6,6,0,"[0, 1, 3, 4, 5, 7]",2.006088228465741,new_pose_estimated,2,2,1,2,1
ANALYTIC_046,DROP_TWO_CORRECT,ROBUST,True,0.5593301582316319,0.14355540801664396,0.0057422700846701666,2,0,6,6,6,0,"[0, 1, 3, 4, 5, 7]",2.006088228465741,new_pose_estimated,164,36,3,3,3
ANALYTIC_046,KEEP_ONE_WRONG,STANDARD,True,3.9695711668035183,2.669732809264226,0.04703185595738822,0,1,7,8,6,0,"[0, 1, 2, 3, 4, 7]",1.8079856854656686,new_pose_estimated,2,2,1,2,1
ANALYTIC_046,KEEP_ONE_WRONG,ROBUST,True,0.2875792687711785,0.39639770092155785,0.004833121909808289,0,1,7,8,7,0,"[0, 1, 2, 3, 4, 6, 7]",2.1941064612200147,new_pose_estimated,164,164,3,143,3
ANALYTIC_046,KEEP_TWO_WRONG,STANDARD,True,3.6516480751328344,4.384792806276319,0.057023655496186,0,2,6,8,4,0,"[0, 3, 4, 7]",1.7909363958999969,new_pose_estimated,2,2,1,2,1
ANALYTIC_046,KEEP_TWO_WRONG,ROBUST,True,0.3096468232985671,0.4156283915381264,0.005127973652328498,0,2,6,8,6,0,"[0, 2, 3, 4, 6, 7]",1.924206565557849,new_pose_estimated,152,152,3,143,3
ANALYTIC_046,DROP_KEEP_ONE_EACH,STANDARD,True,3.4256805659851355,2.7312828606335557,0.03801440389705347,1,1,6,7,5,0,"[0, 1, 3, 4, 7]",1.7410397113274316,new_pose_estimated,2,2,1,2,1
ANALYTIC_046,DROP_KEEP_ONE_EACH,ROBUST,True,0.35786218853422697,0.29228490248748434,0.004354399172014594,1,1,6,7,6,0,"[0, 1, 3, 4, 6, 7]",2.0151169876594635,new_pose_estimated,164,82,3,143,3
ANALYTIC_046,DROP_KEEP_TWO_EACH,STANDARD,True,32.00982176560291,78.92717922193808,1.1053056773975967,2,2,4,6,4,2,"[0, 1, 3, 4, 5, 7]",1.9542533025689215,new_pose_estimated,2,2,1,2,1
ANALYTIC_046,DROP_KEEP_TWO_EACH,ROBUST,True,32.00982176560291,78.92717922193808,1.1053056773975967,2,2,4,6,4,2,"[0, 1, 3, 4, 5, 7]",1.9542533025689215,new_pose_estimated,160,36,3,143,3
ANALYTIC_046,TWO_COHERENT_WRONG,STANDARD,True,17.267696022117605,1.4379350653811196,0.17321217170505668,0,2,6,8,4,0,"[0, 3, 4, 7]",1.799286924899,new_pose_estimated,2,2,1,2,1
ANALYTIC_046,TWO_COHERENT_WRONG,ROBUST,True,0.3096468232985671,0.4156283915381264,0.005127973652328498,0,2,6,8,6,0,"[0, 2, 3, 4, 6, 7]",1.924206565557849,new_pose_estimated,161,161,3,143,3
ANALYTIC_046,FOUR_VALID,STANDARD,True,2.7861070469195184,1.3684481668283663,0.030199089728521228,4,0,4,4,4,0,"[0, 1, 2, 4]",4.431111954341185,new_pose_estimated,2,2,1,2,1
ANALYTIC_046,FOUR_VALID,ROBUST,True,2.7861070469195184,1.3684481668283663,0.030199089728521228,4,0,4,4,4,0,"[0, 1, 2, 4]",4.431111954341185,new_pose_estimated,164,2,2,2,2
ANALYTIC_046,FIVE_VALID,STANDARD,True,0.45634378637786976,0.5002485909689159,0.007976816577011468,3,0,5,5,5,0,"[0, 1, 2, 4, 5]",2.3144673668406703,new_pose_estimated,2,2,1,2,1
ANALYTIC_046,FIVE_VALID,ROBUST,True,0.45634378637786976,0.5002485909689159,0.007976816577011468,3,0,5,5,5,0,"[0, 1, 2, 4, 5]",2.3144673668406703,new_pose_estimated,164,12,3,3,3
ANALYTIC_046,NEAR_COLLINEAR,STANDARD,True,97.87897141344743,178.22036464187133,1.615374494769887,0,8,0,8,0,0,[],1.8505297579266882,new_pose_estimated,4,4,1,2,1
ANALYTIC_046,NEAR_COLLINEAR,ROBUST,True,263.4013034090919,102.94095762526769,2.7835767169297183,0,8,0,8,0,4,"[0, 1, 2, 3]",28.170457142977604,new_pose_estimated,161,161,3,143,3
ANALYTIC_047,VALID_ONLY,STANDARD,True,0.7449981105141603,0.38390590851078893,0.008209881698675425,0,0,8,8,8,0,"[0, 1, 2, 3, 4, 5, 6, 7]",1.4445509914546075,new_pose_estimated,2,2,1,2,1
ANALYTIC_047,VALID_ONLY,ROBUST,True,0.7449981105141603,0.38390590851078893,0.008209881698675425,0,0,8,8,8,0,"[0, 1, 2, 3, 4, 5, 6, 7]",1.4445509914546075,new_pose_estimated,164,164,3,143,3
ANALYTIC_047,DROP_ONE_CORRECT,STANDARD,True,1.2157805597729745,0.536905050534478,0.013249853617716564,1,0,7,7,7,0,"[0, 1, 3, 4, 5, 6, 7]",1.282893512212221,new_pose_estimated,2,2,1,2,1
ANALYTIC_047,DROP_ONE_CORRECT,ROBUST,True,1.2157805597729745,0.536905050534478,0.013249853617716564,1,0,7,7,7,0,"[0, 1, 3, 4, 5, 6, 7]",1.282893512212221,new_pose_estimated,164,82,3,3,3
ANALYTIC_047,DROP_TWO_CORRECT,STANDARD,True,1.5486871274554834,0.5806867406642818,0.016470021730706143,2,0,6,6,6,0,"[0, 1, 3, 4, 5, 7]",1.5413422388935885,new_pose_estimated,2,2,1,2,1
ANALYTIC_047,DROP_TWO_CORRECT,ROBUST,True,1.5486871274554834,0.5806867406642818,0.016470021730706143,2,0,6,6,6,0,"[0, 1, 3, 4, 5, 7]",1.5413422388935885,new_pose_estimated,164,36,3,3,3
ANALYTIC_047,KEEP_ONE_WRONG,STANDARD,True,6.657681840830704,1.9993027207031617,0.06979807242956546,0,1,7,8,6,0,"[1, 2, 4, 5, 6, 7]",1.4699078460347261,new_pose_estimated,2,2,1,2,1
ANALYTIC_047,KEEP_ONE_WRONG,ROBUST,True,0.7652629175196602,0.3852312862508242,0.008400046196619913,0,1,7,8,7,0,"[0, 1, 2, 4, 5, 6, 7]",1.7154080384490349,new_pose_estimated,164,164,3,143,3
ANALYTIC_047,KEEP_TWO_WRONG,STANDARD,True,13.450954829117624,1.7479150706194517,0.13550901720437092,0,2,6,8,4,0,"[1, 2, 5, 6]",1.4571050138497426,new_pose_estimated,2,2,1,2,1
ANALYTIC_047,KEEP_TWO_WRONG,ROBUST,True,0.6220170904884783,0.465151761219131,0.007394547055933755,0,2,6,8,6,0,"[0, 1, 2, 4, 5, 6]",1.796047147219968,new_pose_estimated,160,160,3,143,3
ANALYTIC_047,DROP_KEEP_ONE_EACH,STANDARD,True,7.207567576598632,2.15511024057944,0.07565679732764709,1,1,6,7,5,0,"[1, 4, 5, 6, 7]",1.2530456954547675,new_pose_estimated,2,2,1,2,1
ANALYTIC_047,DROP_KEEP_ONE_EACH,ROBUST,True,1.11634685579784,0.5393078465414506,0.012341179929354226,1,1,6,7,6,0,"[0, 1, 4, 5, 6, 7]",1.4103855438785406,new_pose_estimated,152,74,3,143,3
ANALYTIC_047,DROP_KEEP_TWO_EACH,STANDARD,True,41.485356355987896,89.08664650551513,1.2342177593000914,2,2,4,6,2,0,"[1, 5]",1.6418942364058562,new_pose_estimated,2,2,1,2,1
ANALYTIC_047,DROP_KEEP_TWO_EACH,ROBUST,True,1.5086935877115635,0.7190794906429516,0.016542205377599435,2,2,4,6,4,0,"[0, 1, 4, 5]",1.4557488420773406,new_pose_estimated,162,36,3,143,3
ANALYTIC_047,TWO_COHERENT_WRONG,STANDARD,True,19.002776426825395,1.3457085954830537,0.19052828530502663,0,2,6,8,4,0,"[1, 2, 5, 6]",1.432544516913186,new_pose_estimated,2,2,1,2,1
ANALYTIC_047,TWO_COHERENT_WRONG,ROBUST,True,0.6220170904884783,0.465151761219131,0.007394547055933755,0,2,6,8,6,0,"[0, 1, 2, 4, 5, 6]",1.796047147219968,new_pose_estimated,164,164,3,143,3
ANALYTIC_047,FOUR_VALID,STANDARD,True,1.1051747349459156,0.7661312135285364,0.012231548553537148,4,0,4,4,4,0,"[0, 1, 2, 4]",3.3171122665357835,new_pose_estimated,2,2,1,2,1
ANALYTIC_047,FOUR_VALID,ROBUST,True,1.1051747349459156,0.7661312135285364,0.012231548553537148,4,0,4,4,4,0,"[0, 1, 2, 4]",3.3171122665357835,new_pose_estimated,164,2,2,2,2
ANALYTIC_047,FIVE_VALID,STANDARD,True,1.0458390787650556,0.6411244065473644,0.011884577468103374,3,0,5,5,5,0,"[0, 1, 2, 4, 5]",1.965274006669637,new_pose_estimated,2,2,1,2,1
ANALYTIC_047,FIVE_VALID,ROBUST,True,1.0458390787650556,0.6411244065473644,0.011884577468103374,3,0,5,5,5,0,"[0, 1, 2, 4, 5]",1.965274006669637,new_pose_estimated,164,12,3,3,3
ANALYTIC_047,NEAR_COLLINEAR,STANDARD,True,112.05782577408418,172.2046620454322,1.693102823949636,0,8,0,8,0,0,[],1.8505297579266882,new_pose_estimated,4,4,1,2,1
ANALYTIC_047,NEAR_COLLINEAR,ROBUST,True,248.5022189024948,102.79661003203456,2.679363498026579,0,8,0,8,0,4,"[0, 1, 2, 3]",28.170457142977604,new_pose_estimated,161,161,3,143,3
ANALYTIC_048,VALID_ONLY,STANDARD,True,2.211785192257348,0.5136683500261366,0.022653604264404853,0,0,8,8,8,0,"[0, 1, 2, 3, 4, 5, 6, 7]",1.7327936059000206,new_pose_estimated,2,2,1,2,1
ANALYTIC_048,VALID_ONLY,ROBUST,True,2.211785192257348,0.5136683500261366,0.022653604264404853,0,0,8,8,8,0,"[0, 1, 2, 3, 4, 5, 6, 7]",1.7327936059000206,new_pose_estimated,164,164,3,143,3
ANALYTIC_048,DROP_ONE_CORRECT,STANDARD,True,2.5470310284336795,0.6262280739349559,0.02618838454739323,1,0,7,7,7,0,"[0, 1, 2, 3, 5, 6, 7]",1.9595385732878388,new_pose_estimated,2,2,1,2,1
ANALYTIC_048,DROP_ONE_CORRECT,ROBUST,True,2.5470310284336795,0.6262280739349559,0.02618838454739323,1,0,7,7,7,0,"[0, 1, 2, 3, 5, 6, 7]",1.9595385732878388,new_pose_estimated,164,82,3,3,3
ANALYTIC_048,DROP_TWO_CORRECT,STANDARD,True,2.609839237199407,0.6224287105145676,0.02674988085850174,2,0,6,6,6,0,"[0, 1, 2, 3, 6, 7]",2.1331179765959027,new_pose_estimated,2,2,1,2,1
ANALYTIC_048,DROP_TWO_CORRECT,ROBUST,True,2.609839237199407,0.6224287105145676,0.02674988085850174,2,0,6,6,6,0,"[0, 1, 2, 3, 6, 7]",2.1331179765959027,new_pose_estimated,164,36,3,3,3
ANALYTIC_048,KEEP_ONE_WRONG,STANDARD,True,16.724915749323486,2.325390834402113,0.16825018751247173,0,1,7,8,6,0,"[0, 3, 4, 5, 6, 7]",1.7134238900175,new_pose_estimated,2,2,1,2,1
ANALYTIC_048,KEEP_ONE_WRONG,ROBUST,True,1.7490022754067893,0.3581154507189294,0.017820066469014087,0,1,7,8,7,0,"[0, 1, 3, 4, 5, 6, 7]",1.997914216501456,new_pose_estimated,164,164,3,143,3
ANALYTIC_048,KEEP_TWO_WRONG,STANDARD,True,78.47665383243825,90.60644386458043,1.3492598215143872,0,2,6,8,6,1,"[0, 1, 3, 4, 5, 6, 7]",1.6117446261758135,new_pose_estimated,2,2,1,2,1
ANALYTIC_048,KEEP_TWO_WRONG,ROBUST,True,79.88516924727406,90.48721917036197,1.351906813139503,0,2,6,8,6,1,"[0, 1, 3, 4, 5, 6, 7]",1.7200499303340546,new_pose_estimated,164,164,3,143,3
ANALYTIC_048,DROP_KEEP_ONE_EACH,STANDARD,True,25.209950808100572,3.714966687450301,0.2541634021347555,1,1,6,7,5,0,"[0, 3, 5, 6, 7]",1.9989555849711793,new_pose_estimated,2,2,1,2,1
ANALYTIC_048,DROP_KEEP_ONE_EACH,ROBUST,True,2.150923104507733,0.4644648224529563,0.02197999501994339,1,1,6,7,6,0,"[0, 1, 3, 5, 6, 7]",2.2011152779348464,new_pose_estimated,160,78,3,143,3
ANALYTIC_048,DROP_KEEP_TWO_EACH,STANDARD,True,2.022540552895403,1.2993271400530018,0.024101983955911586,2,2,4,6,4,0,"[0, 3, 6, 7]",2.0819341863220924,new_pose_estimated,2,2,1,2,1
ANALYTIC_048,DROP_KEEP_TWO_EACH,ROBUST,True,79.32495373641385,90.63593570544421,1.3511088280222272,2,2,4,6,4,1,"[0, 2, 3, 6, 7]",2.074263223248152,new_pose_estimated,160,32,3,143,3
ANALYTIC_048,TWO_COHERENT_WRONG,STANDARD,True,82.28121729221533,90.34838336061117,1.3601715029889354,0,2,6,8,6,2,"[0, 1, 2, 3, 4, 5, 6, 7]",1.5971501016882623,new_pose_estimated,2,2,1,2,1
ANALYTIC_048,TWO_COHERENT_WRONG,ROBUST,True,82.28121729221533,90.34838336061117,1.3601715029889354,0,2,6,8,6,2,"[0, 1, 2, 3, 4, 5, 6, 7]",1.5971501016882623,new_pose_estimated,164,164,3,143,3
ANALYTIC_048,FOUR_VALID,STANDARD,True,1.803115094824959,0.5068619230946187,0.01850566188412553,4,0,4,4,4,0,"[0, 1, 2, 4]",3.0866945488137456,new_pose_estimated,2,2,1,2,1
ANALYTIC_048,FOUR_VALID,ROBUST,True,1.803115094824959,0.5068619230946187,0.01850566188412553,4,0,4,4,4,0,"[0, 1, 2, 4]",3.0866945488137456,new_pose_estimated,164,2,2,2,2
ANALYTIC_048,FIVE_VALID,STANDARD,True,1.4726905220996982,0.5794215369177378,0.015572038918480961,3,0,5,5,5,0,"[0, 1, 2, 4, 5]",1.9838967838261827,new_pose_estimated,2,2,1,2,1
ANALYTIC_048,FIVE_VALID,ROBUST,True,1.4726905220996982,0.5794215369177378,0.015572038918480961,3,0,5,5,5,0,"[0, 1, 2, 4, 5]",1.9838967838261827,new_pose_estimated,164,12,3,3,3
ANALYTIC_048,NEAR_COLLINEAR,STANDARD,True,31.55246227528396,172.90118705845904,1.3595574560884758,0,8,0,8,0,0,[],1.8505297579266882,new_pose_estimated,4,4,1,2,1
ANALYTIC_048,NEAR_COLLINEAR,ROBUST,True,329.28365164042253,90.55153419433177,3.4204361429209027,0,8,0,8,0,4,"[0, 1, 2, 3]",28.170457142977604,new_pose_estimated,161,161,3,143,3
ANALYTIC_049,VALID_ONLY,STANDARD,True,0.5174049945239971,0.4419732315998044,0.006722942160367087,0,0,8,8,8,0,"[0, 1, 2, 3, 4, 5, 6, 7]",1.7908374442539523,new_pose_estimated,2,2,1,2,1
ANALYTIC_049,VALID_ONLY,ROBUST,True,0.5174049945239971,0.4419732315998044,0.006722942160367087,0,0,8,8,8,0,"[0, 1, 2, 3, 4, 5, 6, 7]",1.7908374442539523,new_pose_estimated,164,164,3,143,3
ANALYTIC_049,DROP_ONE_CORRECT,STANDARD,True,1.0186736819749196,0.5294742732146802,0.011391372713131802,1,0,7,7,7,0,"[0, 2, 3, 4, 5, 6, 7]",2.017303019027368,new_pose_estimated,2,2,1,2,1
ANALYTIC_049,DROP_ONE_CORRECT,ROBUST,True,1.0186736819749196,0.5294742732146802,0.011391372713131802,1,0,7,7,7,0,"[0, 2, 3, 4, 5, 6, 7]",2.017303019027368,new_pose_estimated,164,82,3,3,3
ANALYTIC_049,DROP_TWO_CORRECT,STANDARD,True,1.0300587639965721,0.5020415438532508,0.011319505011820103,2,0,6,6,6,0,"[0, 2, 3, 4, 6, 7]",2.150862120834636,new_pose_estimated,2,2,1,2,1
ANALYTIC_049,DROP_TWO_CORRECT,ROBUST,True,1.0300587639965721,0.5020415438532508,0.011319505011820103,2,0,6,6,6,0,"[0, 2, 3, 4, 6, 7]",2.150862120834636,new_pose_estimated,164,36,3,3,3
ANALYTIC_049,KEEP_ONE_WRONG,STANDARD,True,3.1054184011443127,2.2809865488056906,0.03948945061275885,0,1,7,8,6,0,"[1, 2, 4, 5, 6, 7]",1.8339175170146165,new_pose_estimated,2,2,1,2,1
ANALYTIC_049,KEEP_ONE_WRONG,ROBUST,True,0.5510690428257273,0.375792965520066,0.0065695997687706805,0,1,7,8,7,0,"[0, 1, 2, 4, 5, 6, 7]",1.6468104435519766,new_pose_estimated,162,162,3,143,3
ANALYTIC_049,KEEP_TWO_WRONG,STANDARD,True,2.4710499478050787,2.898831299885261,0.04427793156000001,0,2,6,8,4,0,"[1, 2, 5, 6]",1.814537706852933,new_pose_estimated,2,2,1,2,1
ANALYTIC_049,KEEP_TWO_WRONG,ROBUST,True,0.7319098682087987,0.460241431454688,0.008429720694059097,0,2,6,8,6,0,"[0, 1, 2, 4, 5, 6]",1.872175830318448,new_pose_estimated,148,148,3,143,3
ANALYTIC_049,DROP_KEEP_ONE_EACH,STANDARD,True,2.416375424805518,2.847335620364776,0.03576275848157971,1,1,6,7,5,0,"[2, 4, 5, 6, 7]",2.1095977295083594,new_pose_estimated,2,2,1,2,1
ANALYTIC_049,DROP_KEEP_ONE_EACH,ROBUST,True,0.9928093823053492,0.4774671789849554,0.01097607571180902,1,1,6,7,6,0,"[0, 2, 4, 5, 6, 7]",1.7604723924781218,new_pose_estimated,160,78,3,143,3
ANALYTIC_049,DROP_KEEP_TWO_EACH,STANDARD,True,11.286006066122225,4.1920636470415475,0.11906299609113019,2,2,4,6,2,0,"[2, 6]",2.0419811094955933,new_pose_estimated,2,2,1,2,1
ANALYTIC_049,DROP_KEEP_TWO_EACH,ROBUST,True,1.2443853790210784,0.5862369451941591,0.013532832897230038,2,2,4,6,4,0,"[0, 2, 4, 6]",1.8509201900554455,new_pose_estimated,164,36,3,143,3
ANALYTIC_049,TWO_COHERENT_WRONG,STANDARD,True,15.13257327656613,1.801208537119377,0.15224750911785673,0,2,6,8,4,0,"[1, 2, 5, 6]",1.7931359203021882,new_pose_estimated,2,2,1,2,1
ANALYTIC_049,TWO_COHERENT_WRONG,ROBUST,True,0.7319098682087987,0.460241431454688,0.008429720694059097,0,2,6,8,6,0,"[0, 1, 2, 4, 5, 6]",1.872175830318448,new_pose_estimated,162,162,3,143,3
ANALYTIC_049,FOUR_VALID,STANDARD,True,21.543199137175726,93.81872338942595,1.2512126974781892,4,0,4,4,4,0,"[0, 1, 2, 4]",2.8886270601699193,new_pose_estimated,2,2,1,2,1
ANALYTIC_049,FOUR_VALID,ROBUST,True,21.543199137175726,93.81872338942595,1.2512126974781892,4,0,4,4,4,0,"[0, 1, 2, 4]",2.8886270601699193,new_pose_estimated,164,2,2,2,2
ANALYTIC_049,FIVE_VALID,STANDARD,True,0.5556087173631157,0.4126246630886623,0.00704255675313335,3,0,5,5,5,0,"[0, 1, 2, 4, 5]",1.9025000555581908,new_pose_estimated,2,2,1,2,1
ANALYTIC_049,FIVE_VALID,ROBUST,True,0.5556087173631157,0.4126246630886623,0.00704255675313335,3,0,5,5,5,0,"[0, 1, 2, 4, 5]",1.9025000555581908,new_pose_estimated,164,12,3,3,3
ANALYTIC_049,NEAR_COLLINEAR,STANDARD,True,131.46573581325757,179.76996715026215,1.8363757067224942,0,8,0,8,0,0,[],1.8505297579266882,new_pose_estimated,4,4,1,2,1
ANALYTIC_049,NEAR_COLLINEAR,ROBUST,True,232.41869905205667,96.92244311152498,2.5271558795028906,0,8,0,8,0,4,"[0, 1, 2, 3]",28.170457142977604,new_pose_estimated,161,161,3,143,3
ANALYTIC_050,VALID_ONLY,STANDARD,True,0.5403584500295768,0.550870373679594,0.007660535959196416,0,0,8,8,8,0,"[0, 1, 2, 3, 4, 5, 6, 7]",1.7242014388526057,new_pose_estimated,2,2,1,2,1
ANALYTIC_050,VALID_ONLY,ROBUST,True,0.5403584500295768,0.550870373679594,0.007660535959196416,0,0,8,8,8,0,"[0, 1, 2, 3, 4, 5, 6, 7]",1.7242014388526057,new_pose_estimated,164,164,3,143,3
ANALYTIC_050,DROP_ONE_CORRECT,STANDARD,True,0.5320369880571065,0.7631432283491755,0.008687083372284542,1,0,7,7,7,0,"[0, 1, 2, 3, 4, 5, 6]",1.931058063792335,new_pose_estimated,2,2,1,2,1
ANALYTIC_050,DROP_ONE_CORRECT,ROBUST,True,0.5320369880571065,0.7631432283491755,0.008687083372284542,1,0,7,7,7,0,"[0, 1, 2, 3, 4, 5, 6]",1.931058063792335,new_pose_estimated,164,82,3,3,3
ANALYTIC_050,DROP_TWO_CORRECT,STANDARD,True,0.7609726321397814,1.0841619917957914,0.012079912922548824,2,0,6,6,6,0,"[0, 1, 2, 3, 5, 6]",2.8929845943334644,new_pose_estimated,2,2,1,2,1
ANALYTIC_050,DROP_TWO_CORRECT,ROBUST,True,0.7609726321397814,1.0841619917957914,0.012079912922548824,2,0,6,6,6,0,"[0, 1, 2, 3, 5, 6]",2.8929845943334644,new_pose_estimated,164,36,3,3,3
ANALYTIC_050,KEEP_ONE_WRONG,STANDARD,True,47.77314042136821,91.3572330388347,1.264668996952102,0,1,7,8,6,0,"[0, 1, 2, 3, 4, 7]",1.6219239941318044,new_pose_estimated,2,2,1,2,1
ANALYTIC_050,KEEP_ONE_WRONG,ROBUST,True,0.3921603433832308,0.511957873809073,0.006169924006324013,0,1,7,8,7,0,"[0, 1, 2, 3, 4, 6, 7]",1.8717345091041948,new_pose_estimated,164,164,3,143,3
ANALYTIC_050,KEEP_TWO_WRONG,STANDARD,True,60.47853626136606,91.3330846711248,1.3002969491212,0,2,6,8,4,0,"[0, 3, 4, 7]",1.611606473638674,new_pose_estimated,2,2,1,2,1
ANALYTIC_050,KEEP_TWO_WRONG,ROBUST,True,1.587272054517488,0.41221179857459306,0.016446313358544927,0,2,6,8,6,0,"[0, 1, 3, 4, 6, 7]",2.1414091729542104,new_pose_estimated,156,156,3,143,3
ANALYTIC_050,DROP_KEEP_ONE_EACH,STANDARD,True,3.8037331708838322,3.3192720472273747,0.055430020140403255,1,1,6,7,6,0,"[0, 1, 2, 3, 4, 6]",1.8740114884254564,new_pose_estimated,2,2,1,2,1
ANALYTIC_050,DROP_KEEP_ONE_EACH,ROBUST,True,0.5316784127499026,0.7187394841165647,0.008119031270408899,1,1,6,7,6,0,"[0, 1, 2, 3, 4, 6]",2.039952061210476,new_pose_estimated,160,78,3,143,3
ANALYTIC_050,DROP_KEEP_TWO_EACH,STANDARD,True,18.82793934137019,6.451414381889996,0.19691755827951818,2,2,4,6,2,0,"[0, 3]",3.092373392527249,new_pose_estimated,2,2,1,2,1
ANALYTIC_050,DROP_KEEP_TWO_EACH,ROBUST,True,1.4072895138512425,99.89682737504326,1.303404383840015,2,2,4,6,3,1,"[0, 2, 3, 6]",3.1730759944883413,new_pose_estimated,152,28,3,143,3
ANALYTIC_050,TWO_COHERENT_WRONG,STANDARD,True,25.719097793508606,1.3177702941940566,0.25749009661071764,0,2,6,8,4,0,"[0, 3, 4, 7]",1.67117779296103,new_pose_estimated,2,2,1,2,1
ANALYTIC_050,TWO_COHERENT_WRONG,ROBUST,True,1.587272054517488,0.41221179857459306,0.016446313358544927,0,2,6,8,6,0,"[0, 1, 3, 4, 6, 7]",2.1414091729542104,new_pose_estimated,160,160,3,143,3
ANALYTIC_050,FOUR_VALID,STANDARD,True,0.8002919979849233,0.9499408999845103,0.013361033256083326,4,0,4,4,4,0,"[0, 1, 2, 4]",2.933047094395119,new_pose_estimated,2,2,1,2,1
ANALYTIC_050,FOUR_VALID,ROBUST,True,0.8002919979849233,0.9499408999845103,0.013361033256083326,4,0,4,4,4,0,"[0, 1, 2, 4]",2.933047094395119,new_pose_estimated,164,2,2,2,2
ANALYTIC_050,FIVE_VALID,STANDARD,True,0.8516102675777903,0.8842290663715785,0.012811039710822782,3,0,5,5,5,0,"[0, 1, 2, 4, 5]",1.9138665388897926,new_pose_estimated,2,2,1,2,1
ANALYTIC_050,FIVE_VALID,ROBUST,True,0.8516102675777903,0.8842290663715785,0.012811039710822782,3,0,5,5,5,0,"[0, 1, 2, 4, 5]",1.9138665388897926,new_pose_estimated,164,12,3,3,3
ANALYTIC_050,NEAR_COLLINEAR,STANDARD,True,27.210367625107278,174.8791281311471,1.3480294546845966,0,8,0,8,0,0,[],1.8505297579266882,new_pose_estimated,4,4,1,2,1
ANALYTIC_050,NEAR_COLLINEAR,ROBUST,True,332.1229090224198,91.72199075397413,3.4517460724954416,0,8,0,8,0,4,"[0, 1, 2, 3]",28.170457142977604,new_pose_estimated,161,161,3,143,3
ANALYTIC_051,VALID_ONLY,STANDARD,True,1.2669339600291027,0.2685429784878535,0.012865329930477084,0,0,8,8,8,0,"[0, 1, 2, 3, 4, 5, 6, 7]",1.3977099831615625,new_pose_estimated,2,2,1,2,1
ANALYTIC_051,VALID_ONLY,ROBUST,True,1.2669339600291027,0.2685429784878535,0.012865329930477084,0,0,8,8,8,0,"[0, 1, 2, 3, 4, 5, 6, 7]",1.3977099831615625,new_pose_estimated,164,164,3,143,3
ANALYTIC_051,DROP_ONE_CORRECT,STANDARD,True,0.729509498571983,0.49752134554186284,0.00884035139714752,1,0,7,7,7,0,"[0, 1, 2, 4, 5, 6, 7]",1.6429874477635287,new_pose_estimated,2,2,1,2,1
ANALYTIC_051,DROP_ONE_CORRECT,ROBUST,True,0.729509498571983,0.49752134554186284,0.00884035139714752,1,0,7,7,7,0,"[0, 1, 2, 4, 5, 6, 7]",1.6429874477635287,new_pose_estimated,164,82,3,3,3
ANALYTIC_051,DROP_TWO_CORRECT,STANDARD,True,0.2481154253282362,0.4875057450094424,0.005151569019947342,2,0,6,6,6,0,"[0, 1, 2, 4, 6, 7]",1.7196268289678611,new_pose_estimated,2,2,1,2,1
ANALYTIC_051,DROP_TWO_CORRECT,ROBUST,True,0.2481154253282362,0.4875057450094424,0.005151569019947342,2,0,6,6,6,0,"[0, 1, 2, 4, 6, 7]",1.7196268289678611,new_pose_estimated,164,36,3,3,3
ANALYTIC_051,KEEP_ONE_WRONG,STANDARD,True,7.484982083831692,2.5744014056262703,0.07923970872002167,0,1,7,8,7,0,"[0, 1, 2, 3, 4, 5, 7]",1.3983979022413768,new_pose_estimated,2,2,1,2,1
ANALYTIC_051,KEEP_ONE_WRONG,ROBUST,True,0.8479331808369831,0.11545010068282947,0.00853318620341986,0,1,7,8,7,0,"[0, 1, 2, 3, 4, 5, 7]",1.6468703173894028,new_pose_estimated,164,164,3,143,3
ANALYTIC_051,KEEP_TWO_WRONG,STANDARD,True,5.506749222558745,5.298263955667584,0.07477654038208317,0,2,6,8,4,0,"[1, 2, 4, 7]",1.4625722124680285,new_pose_estimated,2,2,1,2,1
ANALYTIC_051,KEEP_TWO_WRONG,ROBUST,True,2.534226468375728,0.3521231269138765,0.025600413074048468,0,2,6,8,6,0,"[1, 2, 3, 4, 5, 7]",1.7945029755699853,new_pose_estimated,148,148,3,143,3
ANALYTIC_051,DROP_KEEP_ONE_EACH,STANDARD,True,7.376744834595324,3.340554674452034,0.08127043830614157,1,1,6,7,5,0,"[0, 1, 2, 4, 7]",1.6497831111851482,new_pose_estimated,2,2,1,2,1
ANALYTIC_051,DROP_KEEP_ONE_EACH,ROBUST,True,0.15570494508666738,0.42749009722927944,0.0041634759363525665,1,1,6,7,6,0,"[0, 1, 2, 4, 5, 7]",1.7447901456980013,new_pose_estimated,156,78,3,143,3
ANALYTIC_051,DROP_KEEP_TWO_EACH,STANDARD,True,13.900048371076917,82.42528428025193,1.1262908402087173,2,2,4,6,4,2,"[0, 1, 2, 4, 6, 7]",1.6820060390050897,new_pose_estimated,2,2,1,2,1
ANALYTIC_051,DROP_KEEP_TWO_EACH,ROBUST,True,13.900048371076917,82.42528428025193,1.1262908402087173,2,2,4,6,4,2,"[0, 1, 2, 4, 6, 7]",1.6820060390050897,new_pose_estimated,152,36,3,143,3
ANALYTIC_051,TWO_COHERENT_WRONG,STANDARD,True,8.262796594933492,0.8092311472213669,0.08299333955782931,0,2,6,8,4,0,"[1, 2, 5, 7]",1.4128726521337152,new_pose_estimated,2,2,1,2,1
ANALYTIC_051,TWO_COHERENT_WRONG,ROBUST,True,2.534226468375728,0.3521231269138765,0.025600413074048468,0,2,6,8,6,0,"[1, 2, 3, 4, 5, 7]",1.7945029755699853,new_pose_estimated,160,160,3,143,3
ANALYTIC_051,FOUR_VALID,STANDARD,True,34.86477057874225,85.14901001966051,1.178919130994343,4,0,4,4,4,0,"[0, 1, 2, 4]",3.086010266748895,new_pose_estimated,2,2,1,2,1
ANALYTIC_051,FOUR_VALID,ROBUST,True,34.86477057874225,85.14901001966051,1.178919130994343,4,0,4,4,4,0,"[0, 1, 2, 4]",3.086010266748895,new_pose_estimated,164,2,2,2,2
ANALYTIC_051,FIVE_VALID,STANDARD,True,0.18767557450159073,0.441980811500429,0.0047023493373949295,3,0,5,5,5,0,"[0, 1, 2, 4, 5]",1.9157087885107027,new_pose_estimated,2,2,1,2,1
ANALYTIC_051,FIVE_VALID,ROBUST,True,0.18767557450159073,0.441980811500429,0.0047023493373949295,3,0,5,5,5,0,"[0, 1, 2, 4, 5]",1.9157087885107027,new_pose_estimated,164,12,3,3,3
ANALYTIC_051,NEAR_COLLINEAR,STANDARD,True,83.60548081642777,169.8050039214054,1.5355941966478164,0,8,0,8,0,0,[],1.8505297579266882,new_pose_estimated,4,4,1,2,1
ANALYTIC_051,NEAR_COLLINEAR,ROBUST,True,279.3535521566189,83.64922759607052,2.9281137677249585,0,8,0,8,0,4,"[0, 1, 2, 3]",28.170457142977604,new_pose_estimated,161,161,3,143,3
ANALYTIC_052,VALID_ONLY,STANDARD,True,0.42456847230289557,0.41801243013963263,0.006390227855005594,0,0,8,8,8,0,"[0, 1, 2, 3, 4, 5, 6, 7]",1.9724367489508958,new_pose_estimated,2,2,1,2,1
ANALYTIC_052,VALID_ONLY,ROBUST,True,0.42456847230289557,0.41801243013963263,0.006390227855005594,0,0,8,8,8,0,"[0, 1, 2, 3, 4, 5, 6, 7]",1.9724367489508958,new_pose_estimated,160,160,3,143,3
ANALYTIC_052,DROP_ONE_CORRECT,STANDARD,True,0.6007392080817432,0.4835767910658911,0.007931998308751978,1,0,7,7,7,0,"[0, 1, 2, 3, 5, 6, 7]",2.155147206867118,new_pose_estimated,2,2,1,2,1
ANALYTIC_052,DROP_ONE_CORRECT,ROBUST,True,0.6007392080817432,0.4835767910658911,0.007931998308751978,1,0,7,7,7,0,"[0, 1, 2, 3, 5, 6, 7]",2.155147206867118,new_pose_estimated,160,78,3,3,3
ANALYTIC_052,DROP_TWO_CORRECT,STANDARD,True,0.6184663297164826,0.5071683095696807,0.007927463025101143,2,0,6,6,6,0,"[0, 1, 2, 3, 5, 6]",2.932237049308833,new_pose_estimated,2,2,1,2,1
ANALYTIC_052,DROP_TWO_CORRECT,ROBUST,True,0.6184663297164826,0.5071683095696807,0.007927463025101143,2,0,6,6,6,0,"[0, 1, 2, 3, 5, 6]",2.932237049308833,new_pose_estimated,160,32,3,3,3
ANALYTIC_052,KEEP_ONE_WRONG,STANDARD,True,8.968915474582852,3.0697157122133176,0.09399987636707063,0,1,7,8,7,0,"[0, 1, 2, 3, 4, 6, 7]",1.9412786194849545,new_pose_estimated,2,2,1,2,1
ANALYTIC_052,KEEP_ONE_WRONG,ROBUST,True,0.23771181824860294,0.4144146770036195,0.005920958591823275,0,1,7,8,7,0,"[0, 1, 2, 3, 4, 6, 7]",2.195179430024477,new_pose_estimated,163,163,3,143,3
ANALYTIC_052,KEEP_TWO_WRONG,STANDARD,True,2.577208373310062,1.5342017646534896,0.030566717222770372,0,2,6,8,6,0,"[0, 1, 2, 3, 4, 7]",1.9415917880873856,new_pose_estimated,2,2,1,2,1
ANALYTIC_052,KEEP_TWO_WRONG,ROBUST,True,9.187818146954818,6.553159705471375,0.10271720177586605,0,2,6,8,6,1,"[0, 1, 2, 3, 4, 6, 7]",2.063778127097834,new_pose_estimated,156,156,3,143,3
ANALYTIC_052,DROP_KEEP_ONE_EACH,STANDARD,True,7.684178917313947,3.6350600711478434,0.08141191817754723,1,1,6,7,5,0,"[0, 1, 2, 3, 7]",2.1176385243530573,new_pose_estimated,2,2,1,2,1
ANALYTIC_052,DROP_KEEP_ONE_EACH,ROBUST,True,0.37020073302052475,0.550061661922088,0.008032626518345529,1,1,6,7,6,0,"[0, 1, 2, 3, 6, 7]",2.387753294329255,new_pose_estimated,163,80,3,143,3
ANALYTIC_052,DROP_KEEP_TWO_EACH,STANDARD,True,7.4182623408190835,9.350990225673634,0.10301890861079924,2,2,4,6,4,0,"[0, 1, 2, 3]",2.5651081750054434,new_pose_estimated,2,2,1,2,1
ANALYTIC_052,DROP_KEEP_TWO_EACH,ROBUST,True,8.77829232322919,10.058962045297248,0.1283630555406342,2,2,4,6,4,1,"[0, 1, 2, 3, 5]",3.001883735235935,new_pose_estimated,164,36,3,143,3
ANALYTIC_052,TWO_COHERENT_WRONG,STANDARD,True,16.702566698363857,5.023079188452677,0.1733320460068031,0,2,6,8,5,1,"[0, 1, 2, 3, 5, 7]",1.9311543662817292,new_pose_estimated,2,2,1,2,1
ANALYTIC_052,TWO_COHERENT_WRONG,ROBUST,True,22.612189463717222,4.751990478286153,0.23032398316004762,0,2,6,8,6,2,"[0, 1, 2, 3, 4, 5, 6, 7]",1.9159594888817446,new_pose_estimated,164,164,3,143,3
ANALYTIC_052,FOUR_VALID,STANDARD,True,2.7604252250350605,0.6044963721294873,0.027949009277357943,4,0,4,4,4,0,"[0, 1, 2, 4]",4.03330494050504,new_pose_estimated,2,2,1,2,1
ANALYTIC_052,FOUR_VALID,ROBUST,True,2.7604252250350605,0.6044963721294873,0.027949009277357943,4,0,4,4,4,0,"[0, 1, 2, 4]",4.03330494050504,new_pose_estimated,160,2,2,2,2
ANALYTIC_052,FIVE_VALID,STANDARD,True,1.6954238712803456,0.28620257613335853,0.01714926892691155,3,0,5,5,5,0,"[0, 1, 2, 4, 5]",2.3974314857947583,new_pose_estimated,2,2,1,2,1
ANALYTIC_052,FIVE_VALID,ROBUST,True,1.6954238712803456,0.28620257613335853,0.01714926892691155,3,0,5,5,5,0,"[0, 1, 2, 4, 5]",2.3974314857947583,new_pose_estimated,160,12,3,3,3
ANALYTIC_052,NEAR_COLLINEAR,STANDARD,True,91.02640757119906,176.55948842266474,1.608207230563892,0,8,0,8,0,0,[],1.8505297579266882,new_pose_estimated,4,4,1,2,1
ANALYTIC_052,NEAR_COLLINEAR,ROBUST,True,268.7963118396194,104.00341354959272,2.859937010765784,0,8,0,8,0,4,"[0, 1, 2, 3]",28.170457142977604,new_pose_estimated,161,161,3,143,3
ANALYTIC_053,VALID_ONLY,STANDARD,True,1.2959638966548064,0.44002543281304196,0.013692158154710806,0,0,8,8,8,0,"[0, 1, 2, 3, 4, 5, 6, 7]",1.359601547083675,new_pose_estimated,2,2,1,2,1
ANALYTIC_053,VALID_ONLY,ROBUST,True,1.2959638966548064,0.44002543281304196,0.013692158154710806,0,0,8,8,8,0,"[0, 1, 2, 3, 4, 5, 6, 7]",1.359601547083675,new_pose_estimated,164,164,3,143,3
ANALYTIC_053,DROP_ONE_CORRECT,STANDARD,True,2.2921180772753087,0.32465450331255136,0.023136821425973973,1,0,7,7,7,0,"[1, 2, 3, 4, 5, 6, 7]",1.501193115937772,new_pose_estimated,2,2,1,2,1
ANALYTIC_053,DROP_ONE_CORRECT,ROBUST,True,2.2921180772753087,0.32465450331255136,0.023136821425973973,1,0,7,7,7,0,"[1, 2, 3, 4, 5, 6, 7]",1.501193115937772,new_pose_estimated,164,82,3,3,3
ANALYTIC_053,DROP_TWO_CORRECT,STANDARD,True,2.719972566723907,0.5455773135489735,0.027710967345451955,2,0,6,6,6,0,"[2, 3, 4, 5, 6, 7]",1.3627496859746706,new_pose_estimated,2,2,1,2,1
ANALYTIC_053,DROP_TWO_CORRECT,ROBUST,True,2.719972566723907,0.5455773135489735,0.027710967345451955,2,0,6,6,6,0,"[2, 3, 4, 5, 6, 7]",1.3627496859746706,new_pose_estimated,164,36,3,3,3
ANALYTIC_053,KEEP_ONE_WRONG,STANDARD,True,19.685506777893345,2.073422882345547,0.19795242611722624,0,1,7,8,6,0,"[0, 1, 2, 3, 4, 7]",1.3673700933687871,new_pose_estimated,2,2,1,2,1
ANALYTIC_053,KEEP_ONE_WRONG,ROBUST,True,0.8987112927389747,0.7344298725935868,0.011371277290291098,0,1,7,8,7,0,"[0, 1, 2, 3, 4, 6, 7]",1.6683315951624238,new_pose_estimated,164,164,3,143,3
ANALYTIC_053,KEEP_TWO_WRONG,STANDARD,True,7.654502683631321,1.4707266870209441,0.0774709183703012,0,2,6,8,6,0,"[0, 1, 2, 4, 6, 7]",1.410725362437099,new_pose_estimated,2,2,1,2,1
ANALYTIC_053,KEEP_TWO_WRONG,ROBUST,True,1.2123899840182033,0.61008747441999,0.013019935726899495,0,2,6,8,6,0,"[0, 1, 2, 4, 6, 7]",1.7091103242052936,new_pose_estimated,144,144,3,143,3
ANALYTIC_053,DROP_KEEP_ONE_EACH,STANDARD,True,35.99853266572431,82.88116892491158,1.1589882040247415,1,1,6,7,5,0,"[1, 2, 3, 4, 7]",1.40788793291647,new_pose_estimated,2,2,1,2,1
ANALYTIC_053,DROP_KEEP_ONE_EACH,ROBUST,True,1.7630927689162499,0.6238542904937107,0.01867241934048293,1,1,6,7,6,0,"[1, 2, 3, 4, 6, 7]",1.7423782000810526,new_pose_estimated,164,82,3,143,3
ANALYTIC_053,DROP_KEEP_TWO_EACH,STANDARD,True,7.468368088806238,1.7167396587461348,0.07614535230891288,2,2,4,6,2,0,"[6, 7]",1.3705870043644612,new_pose_estimated,2,2,1,2,1
ANALYTIC_053,DROP_KEEP_TWO_EACH,ROBUST,True,27.97426898738054,6.093835432898998,0.2867017587314519,2,2,4,6,4,1,"[2, 3, 4, 6, 7]",1.4328938361824175,new_pose_estimated,148,36,3,143,3
ANALYTIC_053,TWO_COHERENT_WRONG,STANDARD,True,7.142612793942381,1.1146626069583274,0.0722866373014518,0,2,6,8,6,0,"[0, 1, 2, 4, 6, 7]",1.3441850777461217,new_pose_estimated,2,2,1,2,1
ANALYTIC_053,TWO_COHERENT_WRONG,ROBUST,True,1.2123899840182033,0.61008747441999,0.013019935726899495,0,2,6,8,6,0,"[0, 1, 2, 4, 6, 7]",1.7091103242052936,new_pose_estimated,164,164,3,143,3
ANALYTIC_053,FOUR_VALID,STANDARD,True,1.301381204151266,1.3842897646480463,0.016434036463395425,4,0,4,4,4,0,"[0, 1, 2, 4]",3.2099579007586687,new_pose_estimated,2,2,1,2,1
ANALYTIC_053,FOUR_VALID,ROBUST,True,1.301381204151266,1.3842897646480463,0.016434036463395425,4,0,4,4,4,0,"[0, 1, 2, 4]",3.2099579007586687,new_pose_estimated,164,2,2,2,2
ANALYTIC_053,FIVE_VALID,STANDARD,True,0.8399368996595293,0.2621409766136413,0.008752217666037584,3,0,5,5,5,0,"[0, 1, 2, 4, 5]",1.8416875481519488,new_pose_estimated,2,2,1,2,1
ANALYTIC_053,FIVE_VALID,ROBUST,True,0.8399368996595293,0.2621409766136413,0.008752217666037584,3,0,5,5,5,0,"[0, 1, 2, 4, 5]",1.8416875481519488,new_pose_estimated,164,12,3,3,3
ANALYTIC_053,NEAR_COLLINEAR,STANDARD,True,15.64003035983832,174.2090081263162,1.2802296051569022,0,8,0,8,0,0,[],1.8505297579266882,new_pose_estimated,4,4,1,2,1
ANALYTIC_053,NEAR_COLLINEAR,ROBUST,True,343.98248294462104,102.32930180715793,3.5772623152190115,0,8,0,8,0,4,"[0, 1, 2, 3]",28.170457142977604,new_pose_estimated,161,161,3,143,3
ANALYTIC_054,VALID_ONLY,STANDARD,True,0.7290601576497059,0.3547025201638673,0.008065879139541859,0,0,8,8,8,0,"[0, 1, 2, 3, 4, 5, 6, 7]",1.4347176994751918,new_pose_estimated,2,2,1,2,1
ANALYTIC_054,VALID_ONLY,ROBUST,True,0.7290601576497059,0.3547025201638673,0.008065879139541859,0,0,8,8,8,0,"[0, 1, 2, 3, 4, 5, 6, 7]",1.4347176994751918,new_pose_estimated,164,164,3,143,3
ANALYTIC_054,DROP_ONE_CORRECT,STANDARD,True,0.7298337152257218,0.3296622662155494,0.008012363290161261,1,0,7,7,7,0,"[1, 2, 3, 4, 5, 6, 7]",1.536197147650464,new_pose_estimated,2,2,1,2,1
ANALYTIC_054,DROP_ONE_CORRECT,ROBUST,True,0.7298337152257218,0.3296622662155494,0.008012363290161261,1,0,7,7,7,0,"[1, 2, 3, 4, 5, 6, 7]",1.536197147650464,new_pose_estimated,164,82,3,3,3
ANALYTIC_054,DROP_TWO_CORRECT,STANDARD,True,0.6550457638430649,0.3267196705601659,0.007312162246730798,2,0,6,6,6,0,"[1, 2, 3, 4, 6, 7]",1.6260737032242962,new_pose_estimated,2,2,1,2,1
ANALYTIC_054,DROP_TWO_CORRECT,ROBUST,True,0.6550457638430649,0.3267196705601659,0.007312162246730798,2,0,6,6,6,0,"[1, 2, 3, 4, 6, 7]",1.6260737032242962,new_pose_estimated,164,34,3,3,3
ANALYTIC_054,KEEP_ONE_WRONG,STANDARD,True,5.124198327977158,2.1822335960819608,0.05586459050822733,0,1,7,8,7,0,"[0, 1, 2, 3, 5, 6, 7]",1.4285975428698963,new_pose_estimated,2,2,1,2,1
ANALYTIC_054,KEEP_ONE_WRONG,ROBUST,True,0.6146480266748011,0.3617627098508023,0.007081430649639198,0,1,7,8,7,0,"[0, 1, 2, 3, 5, 6, 7]",1.7193534532420178,new_pose_estimated,164,164,3,143,3
ANALYTIC_054,KEEP_TWO_WRONG,STANDARD,True,3.740116142992496,3.6359472379852775,0.05989731239998438,0,2,6,8,4,0,"[1, 2, 5, 6]",1.426173708190596,new_pose_estimated,2,2,1,2,1
ANALYTIC_054,KEEP_TWO_WRONG,ROBUST,True,0.9831702281571774,0.4175234928129172,0.01061080132369173,0,2,6,8,6,0,"[0, 1, 2, 5, 6, 7]",1.7013446637521927,new_pose_estimated,156,156,3,143,3
ANALYTIC_054,DROP_KEEP_ONE_EACH,STANDARD,True,2.254144976795052,2.0234273759641117,0.027927499548972026,1,1,6,7,5,0,"[1, 2, 3, 5, 6]",1.5484071963743933,new_pose_estimated,2,2,1,2,1
ANALYTIC_054,DROP_KEEP_ONE_EACH,ROBUST,True,0.5981714240305769,0.3598982855132474,0.006964705399646576,1,1,6,7,6,0,"[1, 2, 3, 5, 6, 7]",1.6808552789113804,new_pose_estimated,156,74,3,143,3
ANALYTIC_054,DROP_KEEP_TWO_EACH,STANDARD,True,21.67263620274609,1.2493541649308617,0.2171280316683067,2,2,4,6,3,1,"[1, 2, 3, 6]",1.6530098203443184,new_pose_estimated,2,2,1,2,1
ANALYTIC_054,DROP_KEEP_TWO_EACH,ROBUST,True,18.2746768103104,3.2516054316329823,0.18538058024603168,2,2,4,6,4,1,"[1, 2, 3, 6, 7]",1.896677655343169,new_pose_estimated,160,34,3,143,3
ANALYTIC_054,TWO_COHERENT_WRONG,STANDARD,True,15.378451039004126,0.6648232824629983,0.1539339724888974,0,2,6,8,4,0,"[1, 2, 5, 6]",1.419602368265025,new_pose_estimated,2,2,1,2,1
ANALYTIC_054,TWO_COHERENT_WRONG,ROBUST,True,0.9831702281571774,0.4175234928129172,0.01061080132369173,0,2,6,8,6,0,"[0, 1, 2, 5, 6, 7]",1.7013446637521927,new_pose_estimated,160,160,3,143,3
ANALYTIC_054,FOUR_VALID,STANDARD,True,0.65971987635406,0.5302873826754778,0.008356408724736348,4,0,4,4,4,0,"[0, 1, 2, 4]",2.9073576649887722,new_pose_estimated,2,2,1,2,1
ANALYTIC_054,FOUR_VALID,ROBUST,True,0.65971987635406,0.5302873826754778,0.008356408724736348,4,0,4,4,4,0,"[0, 1, 2, 4]",2.9073576649887722,new_pose_estimated,164,2,2,2,2
ANALYTIC_054,FIVE_VALID,STANDARD,True,0.7770744535232978,0.3891236593047962,0.008610980685665504,3,0,5,5,5,0,"[0, 1, 2, 4, 5]",1.810090756702974,new_pose_estimated,2,2,1,2,1
ANALYTIC_054,FIVE_VALID,ROBUST,True,0.7770744535232978,0.3891236593047962,0.008610980685665504,3,0,5,5,5,0,"[0, 1, 2, 4, 5]",1.810090756702974,new_pose_estimated,164,12,3,3,3
ANALYTIC_054,NEAR_COLLINEAR,STANDARD,True,131.6626379268534,167.48261048794362,1.8460765166734432,0,8,0,8,0,0,[],1.8505297579266882,new_pose_estimated,4,4,1,2,1
ANALYTIC_054,NEAR_COLLINEAR,ROBUST,True,233.64795317391267,81.67618778323883,2.484928873381965,0,8,0,8,0,4,"[0, 1, 2, 3]",28.170457142977604,new_pose_estimated,161,161,3,143,3
ANALYTIC_055,VALID_ONLY,STANDARD,True,1.0844115028635248,0.3709668843353614,0.011713718439311255,0,0,8,8,8,0,"[0, 1, 2, 3, 4, 5, 6, 7]",1.449559340797436,new_pose_estimated,2,2,1,2,1
ANALYTIC_055,VALID_ONLY,ROBUST,True,1.0844115028635248,0.3709668843353614,0.011713718439311255,0,0,8,8,8,0,"[0, 1, 2, 3, 4, 5, 6, 7]",1.449559340797436,new_pose_estimated,164,164,3,143,3
ANALYTIC_055,DROP_ONE_CORRECT,STANDARD,True,1.3754424917054084,0.4864699362054353,0.014844084046956597,1,0,7,7,7,0,"[0, 1, 2, 3, 4, 6, 7]",1.7636210624190425,new_pose_estimated,2,2,1,2,1
ANALYTIC_055,DROP_ONE_CORRECT,ROBUST,True,1.3754424917054084,0.4864699362054353,0.014844084046956597,1,0,7,7,7,0,"[0, 1, 2, 3, 4, 6, 7]",1.7636210624190425,new_pose_estimated,164,82,3,3,3
ANALYTIC_055,DROP_TWO_CORRECT,STANDARD,True,0.8804590825698211,0.3310993259267353,0.009412798396783792,2,0,6,6,6,0,"[0, 1, 2, 4, 6, 7]",1.7739928959592333,new_pose_estimated,2,2,1,2,1
ANALYTIC_055,DROP_TWO_CORRECT,ROBUST,True,0.8804590825698211,0.3310993259267353,0.009412798396783792,2,0,6,6,6,0,"[0, 1, 2, 4, 6, 7]",1.7739928959592333,new_pose_estimated,164,36,3,3,3
ANALYTIC_055,KEEP_ONE_WRONG,STANDARD,True,2.696963481708455,3.152499514109618,0.03734427026087933,0,1,7,8,7,0,"[0, 1, 2, 3, 4, 5, 6]",1.4410180550171965,new_pose_estimated,2,2,1,2,1
ANALYTIC_055,KEEP_ONE_WRONG,ROBUST,True,0.9905807320159036,0.6208656470912001,0.012244845040238657,0,1,7,8,7,0,"[0, 1, 2, 3, 4, 5, 6]",1.6593837957565294,new_pose_estimated,152,152,3,143,3
ANALYTIC_055,KEEP_TWO_WRONG,STANDARD,True,26.775145262756933,87.331542803107,1.193533638838962,0,2,6,8,4,0,"[0, 3, 5, 6]",1.4399549585395206,new_pose_estimated,2,2,1,2,1
ANALYTIC_055,KEEP_TWO_WRONG,ROBUST,True,1.1088245003296462,0.5727486955201893,0.012788756571769238,0,2,6,8,6,0,"[0, 2, 3, 4, 5, 6]",1.4126763751084157,new_pose_estimated,162,162,3,143,3
ANALYTIC_055,DROP_KEEP_ONE_EACH,STANDARD,True,3.227982996363689,3.3589934628133076,0.0416286235179705,1,1,6,7,5,0,"[0, 1, 2, 3, 6]",1.7531940531199142,new_pose_estimated,2,2,1,2,1
ANALYTIC_055,DROP_KEEP_ONE_EACH,ROBUST,True,1.4934475417846773,0.6515613152949743,0.016843059094848744,1,1,6,7,6,0,"[0, 1, 2, 3, 4, 6]",1.9719999510730633,new_pose_estimated,152,74,3,143,3
ANALYTIC_055,DROP_KEEP_TWO_EACH,STANDARD,True,30.31431276295768,86.34387340587962,1.1884785191833127,2,2,4,6,2,0,"[0, 6]",1.612208299505548,new_pose_estimated,2,2,1,2,1
ANALYTIC_055,DROP_KEEP_TWO_EACH,ROBUST,True,0.7230381496294447,0.5460942168897751,0.00904492339037898,2,2,4,6,4,0,"[0, 2, 4, 6]",1.4845214358797527,new_pose_estimated,150,32,3,143,3
ANALYTIC_055,TWO_COHERENT_WRONG,STANDARD,True,42.19370903843797,82.65791383047019,1.1714914613710519,0,2,6,8,5,0,"[0, 3, 4, 5, 6]",1.4761783637909025,new_pose_estimated,2,2,1,2,1
ANALYTIC_055,TWO_COHERENT_WRONG,ROBUST,True,1.1088245003296462,0.5727486955201893,0.012788756571769238,0,2,6,8,6,0,"[0, 2, 3, 4, 5, 6]",1.4126763751084157,new_pose_estimated,164,164,3,143,3
ANALYTIC_055,FOUR_VALID,STANDARD,True,0.7796612788100792,0.6532001189144709,0.010339190399328691,4,0,4,4,4,0,"[0, 1, 2, 4]",3.452656171586679,new_pose_estimated,2,2,1,2,1
ANALYTIC_055,FOUR_VALID,ROBUST,True,0.7796612788100792,0.6532001189144709,0.010339190399328691,4,0,4,4,4,0,"[0, 1, 2, 4]",3.452656171586679,new_pose_estimated,164,2,2,2,2
ANALYTIC_055,FIVE_VALID,STANDARD,True,0.5441764772977267,0.6659952173508794,0.00885724022097499,3,0,5,5,5,0,"[0, 1, 2, 4, 5]",1.9288498279006618,new_pose_estimated,2,2,1,2,1
ANALYTIC_055,FIVE_VALID,ROBUST,True,0.5441764772977267,0.6659952173508794,0.00885724022097499,3,0,5,5,5,0,"[0, 1, 2, 4, 5]",1.9288498279006618,new_pose_estimated,164,12,3,3,3
ANALYTIC_055,NEAR_COLLINEAR,STANDARD,True,46.78096323158712,176.48612057924225,1.3332489631095377,0,8,0,8,0,0,[],1.8505297579266882,new_pose_estimated,4,4,1,2,1
ANALYTIC_055,NEAR_COLLINEAR,ROBUST,True,311.4567350377027,95.18654132409678,3.2462052234807572,0,8,0,8,0,4,"[0, 1, 2, 3]",28.170457142977604,new_pose_estimated,161,161,3,143,3
ANALYTIC_056,VALID_ONLY,STANDARD,True,2.155793932450268,0.33121794130070303,0.02179732352805268,0,0,8,8,8,0,"[0, 1, 2, 3, 4, 5, 6, 7]",1.4889289646282473,new_pose_estimated,2,2,1,2,1
ANALYTIC_056,VALID_ONLY,ROBUST,True,2.155793932450268,0.33121794130070303,0.02179732352805268,0,0,8,8,8,0,"[0, 1, 2, 3, 4, 5, 6, 7]",1.4889289646282473,new_pose_estimated,164,164,3,143,3
ANALYTIC_056,DROP_ONE_CORRECT,STANDARD,True,1.676239736831809,0.5319495381268632,0.017541421030888238,1,0,7,7,7,0,"[0, 1, 3, 4, 5, 6, 7]",1.4730869672884792,new_pose_estimated,2,2,1,2,1
ANALYTIC_056,DROP_ONE_CORRECT,ROBUST,True,1.676239736831809,0.5319495381268632,0.017541421030888238,1,0,7,7,7,0,"[0, 1, 3, 4, 5, 6, 7]",1.4730869672884792,new_pose_estimated,164,82,3,3,3
ANALYTIC_056,DROP_TWO_CORRECT,STANDARD,True,2.888947368663774,0.5764552039923193,0.029421861922196146,2,0,6,6,6,0,"[0, 1, 4, 5, 6, 7]",1.3895914736500181,new_pose_estimated,2,2,1,2,1
ANALYTIC_056,DROP_TWO_CORRECT,ROBUST,True,2.888947368663774,0.5764552039923193,0.029421861922196146,2,0,6,6,6,0,"[0, 1, 4, 5, 6, 7]",1.3895914736500181,new_pose_estimated,164,36,3,3,3
ANALYTIC_056,KEEP_ONE_WRONG,STANDARD,True,33.91008158554195,83.37653870686884,1.159841310289261,0,1,7,8,6,0,"[0, 1, 2, 3, 4, 7]",1.5354009872822783,new_pose_estimated,2,2,1,2,1
ANALYTIC_056,KEEP_ONE_WRONG,ROBUST,True,2.9967601459930733,0.2703450534890033,0.030082169061198736,0,1,7,8,7,0,"[0, 1, 2, 3, 4, 6, 7]",1.8198920410887247,new_pose_estimated,160,160,3,143,3
ANALYTIC_056,KEEP_TWO_WRONG,STANDARD,True,4.656033596533391,4.585005935019016,0.054740002246515485,0,2,6,8,4,0,"[0, 1, 2, 3]",1.4740545820791622,new_pose_estimated,2,2,1,2,1
ANALYTIC_056,KEEP_TWO_WRONG,ROBUST,True,2.9392358500877314,0.24314711745608275,0.02948567473701374,0,2,6,8,6,0,"[0, 1, 2, 3, 4, 6]",1.9741887612111433,new_pose_estimated,148,148,3,143,3
ANALYTIC_056,DROP_KEEP_ONE_EACH,STANDARD,True,17.629811263077297,2.3542425216795,0.17787532100373302,1,1,6,7,5,0,"[0, 1, 3, 4, 7]",1.4219989153298744,new_pose_estimated,2,2,1,2,1
ANALYTIC_056,DROP_KEEP_ONE_EACH,ROBUST,True,2.4107175107839356,0.5478129617161845,0.024660720625624185,1,1,6,7,6,0,"[0, 1, 3, 4, 6, 7]",1.7730868078129096,new_pose_estimated,164,82,3,143,3
ANALYTIC_056,DROP_KEEP_TWO_EACH,STANDARD,True,30.019519826860076,85.81101056567734,1.1808407108635808,2,2,4,6,2,0,"[0, 1]",1.359046932603505,new_pose_estimated,2,2,1,2,1
ANALYTIC_056,DROP_KEEP_TWO_EACH,ROBUST,True,4.1682713810734064,0.6489127048592997,0.042173099829498274,2,2,4,6,4,0,"[0, 1, 4, 6]",1.5410485577002875,new_pose_estimated,144,36,3,143,3
ANALYTIC_056,TWO_COHERENT_WRONG,STANDARD,True,15.176515108596552,4.115628111802323,0.15738406257766555,0,2,6,8,4,0,"[0, 1, 2, 3]",1.4817328141959258,new_pose_estimated,2,2,1,2,1
ANALYTIC_056,TWO_COHERENT_WRONG,ROBUST,True,2.9392358500877314,0.24314711745608275,0.02948567473701374,0,2,6,8,6,0,"[0, 1, 2, 3, 4, 6]",1.9741887612111433,new_pose_estimated,160,160,3,143,3
ANALYTIC_056,FOUR_VALID,STANDARD,True,4.009510344687995,0.9361458741842928,0.0410923818079478,4,0,4,4,4,0,"[0, 1, 2, 4]",3.4344029775019087,new_pose_estimated,2,2,1,2,1
ANALYTIC_056,FOUR_VALID,ROBUST,True,4.009510344687995,0.9361458741842928,0.0410923818079478,4,0,4,4,4,0,"[0, 1, 2, 4]",3.4344029775019087,new_pose_estimated,164,2,2,2,2
ANALYTIC_056,FIVE_VALID,STANDARD,True,2.690838617544595,0.7404869375284716,0.027838190534693878,3,0,5,5,5,0,"[0, 1, 2, 4, 5]",1.9920527273736977,new_pose_estimated,2,2,1,2,1
ANALYTIC_056,FIVE_VALID,ROBUST,True,2.690838617544595,0.7404869375284716,0.027838190534693878,3,0,5,5,5,0,"[0, 1, 2, 4, 5]",1.9920527273736977,new_pose_estimated,164,12,3,3,3
ANALYTIC_056,NEAR_COLLINEAR,STANDARD,True,44.088717717995905,170.25538599597058,1.3488636558326599,0,8,0,8,0,0,[],1.8505297579266882,new_pose_estimated,4,4,1,2,1
ANALYTIC_056,NEAR_COLLINEAR,ROBUST,True,316.53387338809455,87.31562022822965,3.2760764752969225,0,8,0,8,0,4,"[0, 1, 2, 3]",28.170457142977604,new_pose_estimated,161,161,3,143,3
ANALYTIC_057,VALID_ONLY,STANDARD,True,1.7837349084521041,0.24692841018863293,0.01799074197610761,0,0,8,8,8,0,"[0, 1, 2, 3, 4, 5, 6, 7]",1.3190856221537337,new_pose_estimated,2,2,1,2,1
ANALYTIC_057,VALID_ONLY,ROBUST,True,1.7837349084521041,0.24692841018863293,0.01799074197610761,0,0,8,8,8,0,"[0, 1, 2, 3, 4, 5, 6, 7]",1.3190856221537337,new_pose_estimated,164,164,3,143,3
ANALYTIC_057,DROP_ONE_CORRECT,STANDARD,True,1.104610669171939,0.4319720900633336,0.011980971235718854,1,0,7,7,7,0,"[0, 1, 2, 3, 4, 5, 7]",1.5707983893339983,new_pose_estimated,2,2,1,2,1
ANALYTIC_057,DROP_ONE_CORRECT,ROBUST,True,1.104610669171939,0.4319720900633336,0.011980971235718854,1,0,7,7,7,0,"[0, 1, 2, 3, 4, 5, 7]",1.5707983893339983,new_pose_estimated,164,82,3,3,3
ANALYTIC_057,DROP_TWO_CORRECT,STANDARD,True,1.5521059847896579,0.819719178733326,0.01779880624745625,2,0,6,6,6,0,"[0, 1, 2, 3, 4, 7]",2.2727517037566027,new_pose_estimated,2,2,1,2,1
ANALYTIC_057,DROP_TWO_CORRECT,ROBUST,True,1.5521059847896579,0.819719178733326,0.01779880624745625,2,0,6,6,6,0,"[0, 1, 2, 3, 4, 7]",2.2727517037566027,new_pose_estimated,164,36,3,3,3
ANALYTIC_057,KEEP_ONE_WRONG,STANDARD,True,18.251712629178517,2.327154966030449,0.1838477138551659,0,1,7,8,6,0,"[0, 3, 4, 5, 6, 7]",1.3341566427902178,new_pose_estimated,2,2,1,2,1
ANALYTIC_057,KEEP_ONE_WRONG,ROBUST,True,0.9145598314227029,0.10204110298966064,0.009203585477927812,0,1,7,8,7,0,"[0, 2, 3, 4, 5, 6, 7]",1.4511012237735235,new_pose_estimated,164,164,3,143,3
ANALYTIC_057,KEEP_TWO_WRONG,STANDARD,True,5.7146418690441685,3.9456938024386345,0.0723860853357565,0,2,6,8,4,0,"[4, 5, 6, 7]",1.309545008862081,new_pose_estimated,2,2,1,2,1
ANALYTIC_057,KEEP_TWO_WRONG,ROBUST,True,0.9808562337158676,0.5838458187721626,0.011330752039518614,0,2,6,8,6,0,"[2, 3, 4, 5, 6, 7]",1.3662036448130805,new_pose_estimated,152,152,3,143,3
ANALYTIC_057,DROP_KEEP_ONE_EACH,STANDARD,True,16.14030965329919,2.1024573872036587,0.1630858373891961,1,1,6,7,5,0,"[0, 3, 4, 5, 7]",1.5763659968023433,new_pose_estimated,2,2,1,2,1
ANALYTIC_057,DROP_KEEP_ONE_EACH,ROBUST,True,0.5002361050377714,0.29800404605975767,0.006039154995700193,1,1,6,7,6,0,"[0, 2, 3, 4, 5, 7]",1.5888952753058114,new_pose_estimated,164,82,3,143,3
ANALYTIC_057,DROP_KEEP_TWO_EACH,STANDARD,True,74.86147629412913,88.55741863724073,1.3011555919699735,2,2,4,6,2,0,"[4, 7]",2.4085416290110424,new_pose_estimated,2,2,1,2,1
ANALYTIC_057,DROP_KEEP_TWO_EACH,ROBUST,True,0.8494309319198399,0.4686671846861829,0.010739068544314516,2,2,4,6,4,0,"[2, 3, 4, 7]",2.154365049940286,new_pose_estimated,156,30,3,143,3
ANALYTIC_057,TWO_COHERENT_WRONG,STANDARD,True,6.682619026539078,4.9595624224419375,0.08794818222500245,0,2,6,8,4,0,"[4, 5, 6, 7]",1.3261528295393206,new_pose_estimated,2,2,1,2,1
ANALYTIC_057,TWO_COHERENT_WRONG,ROBUST,True,0.9808562337158676,0.5838458187721626,0.011330752039518614,0,2,6,8,6,0,"[2, 3, 4, 5, 6, 7]",1.3662036448130805,new_pose_estimated,158,158,3,143,3
ANALYTIC_057,FOUR_VALID,STANDARD,True,2.428377580083984,1.7077314481007653,0.029831964070461146,4,0,4,4,4,0,"[0, 1, 2, 4]",2.773426165990616,new_pose_estimated,2,2,1,2,1
ANALYTIC_057,FOUR_VALID,ROBUST,True,2.428377580083984,1.7077314481007653,0.029831964070461146,4,0,4,4,4,0,"[0, 1, 2, 4]",2.773426165990616,new_pose_estimated,164,2,2,2,2
ANALYTIC_057,FIVE_VALID,STANDARD,True,2.4301022683645113,0.7710518433921543,0.025354346268782205,3,0,5,5,5,0,"[0, 1, 2, 4, 5]",1.6706144038972206,new_pose_estimated,2,2,1,2,1
ANALYTIC_057,FIVE_VALID,ROBUST,True,2.4301022683645113,0.7710518433921543,0.025354346268782205,3,0,5,5,5,0,"[0, 1, 2, 4, 5]",1.6706144038972206,new_pose_estimated,164,12,3,3,3
ANALYTIC_057,NEAR_COLLINEAR,STANDARD,True,20.504891648154867,174.30664634926302,1.3143309778669745,0,8,0,8,0,0,[],1.8505297579266882,new_pose_estimated,4,4,1,2,1
ANALYTIC_057,NEAR_COLLINEAR,ROBUST,True,344.0372245359026,88.69893734680815,3.5569818537164606,0,8,0,8,0,4,"[0, 1, 2, 3]",28.170457142977604,new_pose_estimated,161,161,3,143,3
ANALYTIC_058,VALID_ONLY,STANDARD,True,0.38368497980488603,0.5924782498249582,0.00843614975095,0,0,8,8,8,0,"[0, 1, 2, 3, 4, 5, 6, 7]",1.5876439025470737,new_pose_estimated,2,2,1,2,1
ANALYTIC_058,VALID_ONLY,ROBUST,True,0.38368497980488603,0.5924782498249582,0.00843614975095,0,0,8,8,8,0,"[0, 1, 2, 3, 4, 5, 6, 7]",1.5876439025470737,new_pose_estimated,160,160,3,143,3
ANALYTIC_058,DROP_ONE_CORRECT,STANDARD,True,0.6002679113452744,0.5438288804602398,0.008590171090703962,1,0,7,7,7,0,"[0, 1, 2, 3, 4, 5, 7]",1.8495438076407515,new_pose_estimated,2,2,1,2,1
ANALYTIC_058,DROP_ONE_CORRECT,ROBUST,True,0.6002679113452744,0.5438288804602398,0.008590171090703962,1,0,7,7,7,0,"[0, 1, 2, 3, 4, 5, 7]",1.8495438076407515,new_pose_estimated,160,82,3,3,3
ANALYTIC_058,DROP_TWO_CORRECT,STANDARD,True,0.5765912585744393,0.4219302190959586,0.007458360776537946,2,0,6,6,6,0,"[0, 1, 2, 3, 5, 7]",1.9763346477540689,new_pose_estimated,2,2,1,2,1
ANALYTIC_058,DROP_TWO_CORRECT,ROBUST,True,0.5765912585744393,0.4219302190959586,0.007458360776537946,2,0,6,6,6,0,"[0, 1, 2, 3, 5, 7]",1.9763346477540689,new_pose_estimated,160,34,3,3,3
ANALYTIC_058,KEEP_ONE_WRONG,STANDARD,True,5.128268741246403,3.4792115096083562,0.06305634024120975,0,1,7,8,6,0,"[0, 3, 4, 5, 6, 7]",1.638177649291853,new_pose_estimated,2,2,1,2,1
ANALYTIC_058,KEEP_ONE_WRONG,ROBUST,True,0.34308009734922457,0.47874768265629075,0.007083325635177596,0,1,7,8,7,0,"[0, 1, 3, 4, 5, 6, 7]",1.7177312404989717,new_pose_estimated,154,154,3,143,3
ANALYTIC_058,KEEP_TWO_WRONG,STANDARD,True,18.31358756369638,2.2702992533000406,0.18460460127604472,0,2,6,8,4,0,"[0, 3, 4, 7]",1.5804543367018389,new_pose_estimated,2,2,1,2,1
ANALYTIC_058,KEEP_TWO_WRONG,ROBUST,True,0.2340016333070865,0.6006016783127828,0.008475635247285954,0,2,6,8,6,0,"[0, 1, 3, 4, 6, 7]",1.8438850385929124,new_pose_estimated,162,162,3,143,3
ANALYTIC_058,DROP_KEEP_ONE_EACH,STANDARD,True,9.5354584981997,2.6599916639872325,0.09893280371333575,1,1,6,7,5,0,"[0, 3, 4, 5, 7]",1.944497678190822,new_pose_estimated,2,2,1,2,1
ANALYTIC_058,DROP_KEEP_ONE_EACH,ROBUST,True,0.612518766929909,0.4140299193359588,0.0075225733574457035,1,1,6,7,6,0,"[0, 1, 3, 4, 5, 7]",1.8240851758556276,new_pose_estimated,156,74,3,143,3
ANALYTIC_058,DROP_KEEP_TWO_EACH,STANDARD,True,10.739037580368722,4.582492078648779,0.1170157840197471,2,2,4,6,3,1,"[0, 3, 5, 7]",2.0103158260476097,new_pose_estimated,2,2,1,2,1
ANALYTIC_058,DROP_KEEP_TWO_EACH,ROBUST,True,16.53629624117656,6.278404391764589,0.179451563968698,2,2,4,6,3,2,"[0, 2, 3, 5, 7]",1.8621839230307038,new_pose_estimated,152,30,3,143,3
ANALYTIC_058,TWO_COHERENT_WRONG,STANDARD,True,21.926728290100396,1.495286621246269,0.21971670784551067,0,2,6,8,4,0,"[0, 3, 4, 7]",1.5457570340502327,new_pose_estimated,2,2,1,2,1
ANALYTIC_058,TWO_COHERENT_WRONG,ROBUST,True,0.2340016333070865,0.6006016783127828,0.008475635247285954,0,2,6,8,6,0,"[0, 1, 3, 4, 6, 7]",1.8438850385929124,new_pose_estimated,160,160,3,143,3
ANALYTIC_058,FOUR_VALID,STANDARD,True,0.39960095097557136,0.8832328524735885,0.012061499680177203,4,0,4,4,4,0,"[0, 1, 2, 4]",3.4557647206054245,new_pose_estimated,2,2,1,2,1
ANALYTIC_058,FOUR_VALID,ROBUST,True,0.39960095097557136,0.8832328524735885,0.012061499680177203,4,0,4,4,4,0,"[0, 1, 2, 4]",3.4557647206054245,new_pose_estimated,160,2,2,2,2
ANALYTIC_058,FIVE_VALID,STANDARD,True,0.8157236639946951,0.5791541733272444,0.009950121152260055,3,0,5,5,5,0,"[0, 1, 2, 4, 5]",1.9963314566502688,new_pose_estimated,2,2,1,2,1
ANALYTIC_058,FIVE_VALID,ROBUST,True,0.8157236639946951,0.5791541733272444,0.009950121152260055,3,0,5,5,5,0,"[0, 1, 2, 4, 5]",1.9963314566502688,new_pose_estimated,160,12,3,3,3
ANALYTIC_058,NEAR_COLLINEAR,STANDARD,True,63.439100524848925,167.09443523541196,1.4469129670722567,0,8,0,8,0,0,[],1.8505297579266882,new_pose_estimated,4,4,1,2,1
ANALYTIC_058,NEAR_COLLINEAR,ROBUST,True,295.11201874787855,84.94708201430221,3.067845476480567,0,8,0,8,0,4,"[0, 1, 2, 3]",28.170457142977604,new_pose_estimated,161,161,3,143,3
ANALYTIC_059,VALID_ONLY,STANDARD,True,0.5488286319019114,0.6955229318841617,0.010742376099930773,0,0,8,8,8,0,"[0, 1, 2, 3, 4, 5, 6, 7]",1.6655865235566507,new_pose_estimated,2,2,1,2,1
ANALYTIC_059,VALID_ONLY,ROBUST,True,0.5488286319019114,0.6955229318841617,0.010742376099930773,0,0,8,8,8,0,"[0, 1, 2, 3, 4, 5, 6, 7]",1.6655865235566507,new_pose_estimated,160,160,3,143,3
ANALYTIC_059,DROP_ONE_CORRECT,STANDARD,True,0.6394793791430867,0.6740199672320045,0.010960739782606563,1,0,7,7,7,0,"[1, 2, 3, 4, 5, 6, 7]",1.728292511353913,new_pose_estimated,2,2,1,2,1
ANALYTIC_059,DROP_ONE_CORRECT,ROBUST,True,0.6394793791430867,0.6740199672320045,0.010960739782606563,1,0,7,7,7,0,"[1, 2, 3, 4, 5, 6, 7]",1.728292511353913,new_pose_estimated,160,82,3,3,3
ANALYTIC_059,DROP_TWO_CORRECT,STANDARD,True,0.5898237933137869,0.6874621292808999,0.010416218203762569,2,0,6,6,6,0,"[1, 2, 3, 5, 6, 7]",1.9416759038423284,new_pose_estimated,2,2,1,2,1
ANALYTIC_059,DROP_TWO_CORRECT,ROBUST,True,0.5898237933137869,0.6874621292808999,0.010416218203762569,2,0,6,6,6,0,"[1, 2, 3, 5, 6, 7]",1.9416759038423284,new_pose_estimated,160,36,3,3,3
ANALYTIC_059,KEEP_ONE_WRONG,STANDARD,True,2.4212936544172052,3.4000847187031615,0.038078939649479684,0,1,7,8,6,0,"[1, 2, 4, 5, 6, 7]",1.7514059003893439,new_pose_estimated,2,2,1,2,1
ANALYTIC_059,KEEP_ONE_WRONG,ROBUST,True,0.7687995322734489,0.7730765848163041,0.012506677790986711,0,1,7,8,7,0,"[0, 1, 2, 4, 5, 6, 7]",1.8087856353018112,new_pose_estimated,156,156,3,143,3
ANALYTIC_059,KEEP_TWO_WRONG,STANDARD,True,54.66140259226962,96.79510943544228,1.3321901175246629,0,2,6,8,4,0,"[1, 2, 5, 6]",1.6153363855664697,new_pose_estimated,2,2,1,2,1
ANALYTIC_059,KEEP_TWO_WRONG,ROBUST,True,0.511108826863942,0.8341615091657307,0.01293002295526954,0,2,6,8,6,0,"[0, 1, 2, 4, 5, 6]",1.9630107860573451,new_pose_estimated,160,160,3,143,3
ANALYTIC_059,DROP_KEEP_ONE_EACH,STANDARD,True,10.232939934272991,5.137325123516906,0.11515657325941656,1,1,6,7,6,1,"[1, 2, 3, 4, 5, 6, 7]",1.8288070532347107,new_pose_estimated,2,2,1,2,1
ANALYTIC_059,DROP_KEEP_ONE_EACH,ROBUST,True,10.232939934272991,5.137325123516906,0.11515657325941656,1,1,6,7,6,1,"[1, 2, 3, 4, 5, 6, 7]",1.8288070532347107,new_pose_estimated,156,82,3,143,3
ANALYTIC_059,DROP_KEEP_TWO_EACH,STANDARD,True,8.03468922264318,5.559892568880233,0.09980755267120464,2,2,4,6,3,0,"[1, 2, 6]",1.923738154862224,new_pose_estimated,2,2,1,2,1
ANALYTIC_059,DROP_KEEP_TWO_EACH,ROBUST,True,14.32064039972382,94.69850282620331,1.2571875406007458,2,2,4,6,4,1,"[1, 2, 3, 5, 6]",2.7839222428595516,new_pose_estimated,153,37,3,143,3
ANALYTIC_059,TWO_COHERENT_WRONG,STANDARD,True,27.610667863516834,2.1095521934579446,0.2767115959275855,0,2,6,8,4,0,"[1, 2, 5, 6]",1.7371011848273152,new_pose_estimated,2,2,1,2,1
ANALYTIC_059,TWO_COHERENT_WRONG,ROBUST,True,0.511108826863942,0.8341615091657307,0.01293002295526954,0,2,6,8,6,0,"[0, 1, 2, 4, 5, 6]",1.9630107860573451,new_pose_estimated,162,162,3,143,3
ANALYTIC_059,FOUR_VALID,STANDARD,True,0.6805947686865531,0.8908831750575925,0.013515924649588496,4,0,4,4,4,0,"[0, 1, 2, 4]",2.929522087723688,new_pose_estimated,2,2,1,2,1
ANALYTIC_059,FOUR_VALID,ROBUST,True,0.6805947686865531,0.8908831750575925,0.013515924649588496,4,0,4,4,4,0,"[0, 1, 2, 4]",2.929522087723688,new_pose_estimated,160,2,2,2,2
ANALYTIC_059,FIVE_VALID,STANDARD,True,0.36689066149708816,0.9218860694911251,0.01285636686810374,3,0,5,5,5,0,"[0, 1, 2, 4, 5]",1.9075187807381593,new_pose_estimated,2,2,1,2,1
ANALYTIC_059,FIVE_VALID,ROBUST,True,0.36689066149708816,0.9218860694911251,0.01285636686810374,3,0,5,5,5,0,"[0, 1, 2, 4, 5]",1.9075187807381593,new_pose_estimated,160,12,3,3,3
ANALYTIC_059,NEAR_COLLINEAR,STANDARD,True,50.098708305218345,178.03605221740736,1.3904916367939233,0,8,0,8,0,0,[],1.8505297579266882,new_pose_estimated,4,4,1,2,1
ANALYTIC_059,NEAR_COLLINEAR,ROBUST,True,321.53169684913036,93.95305788273446,3.353409063694543,0,8,0,8,0,4,"[0, 1, 2, 3]",28.170457142977604,new_pose_estimated,161,161,3,143,3
ANALYTIC_060,VALID_ONLY,STANDARD,True,1.4576904988034516,0.33942791764569596,0.014915510708239679,0,0,8,8,8,0,"[0, 1, 2, 3, 4, 5, 6, 7]",1.464976503591146,new_pose_estimated,2,2,1,2,1
ANALYTIC_060,VALID_ONLY,ROBUST,True,1.4576904988034516,0.33942791764569596,0.014915510708239679,0,0,8,8,8,0,"[0, 1, 2, 3, 4, 5, 6, 7]",1.464976503591146,new_pose_estimated,164,164,3,143,3
ANALYTIC_060,DROP_ONE_CORRECT,STANDARD,True,0.586740591991195,0.6997014169374489,0.009973178952813473,1,0,7,7,7,0,"[1, 2, 3, 4, 5, 6, 7]",1.3099637816487777,new_pose_estimated,2,2,1,2,1
ANALYTIC_060,DROP_ONE_CORRECT,ROBUST,True,0.586740591991195,0.6997014169374489,0.009973178952813473,1,0,7,7,7,0,"[1, 2, 3, 4, 5, 6, 7]",1.3099637816487777,new_pose_estimated,164,82,3,3,3
ANALYTIC_060,DROP_TWO_CORRECT,STANDARD,True,0.5119376392201465,1.0721753186370409,0.014568318852695834,2,0,6,6,6,0,"[1, 2, 4, 5, 6, 7]",2.7323445790376812,new_pose_estimated,2,2,1,2,1
ANALYTIC_060,DROP_TWO_CORRECT,ROBUST,True,0.5119376392201465,1.0721753186370409,0.014568318852695834,2,0,6,6,6,0,"[1, 2, 4, 5, 6, 7]",2.7323445790376812,new_pose_estimated,164,36,3,3,3
ANALYTIC_060,KEEP_ONE_WRONG,STANDARD,True,11.408324219647403,2.290766460933593,0.11644512802218157,0,1,7,8,6,0,"[0, 1, 2, 3, 5, 6]",1.4940442275506032,new_pose_estimated,2,2,1,2,1
ANALYTIC_060,KEEP_ONE_WRONG,ROBUST,True,1.6423482925549986,0.2773276002750915,0.01664276172219633,0,1,7,8,7,0,"[0, 1, 2, 3, 5, 6, 7]",1.6674442685848074,new_pose_estimated,158,158,3,143,3
ANALYTIC_060,KEEP_TWO_WRONG,STANDARD,True,4.473882711987528,5.674349821880031,0.07006254860662844,0,2,6,8,4,0,"[0, 3, 5, 6]",1.4555052852481702,new_pose_estimated,2,2,1,2,1
ANALYTIC_060,KEEP_TWO_WRONG,ROBUST,True,1.2274626942118723,0.3117468856259412,0.012654263503688527,0,2,6,8,6,0,"[0, 1, 3, 5, 6, 7]",1.856162830175463,new_pose_estimated,148,148,3,143,3
ANALYTIC_060,DROP_KEEP_ONE_EACH,STANDARD,True,29.393761617707646,97.48147898222071,1.295313646229153,1,1,6,7,5,0,"[1, 2, 3, 5, 6]",1.3525917752164855,new_pose_estimated,2,2,1,2,1
ANALYTIC_060,DROP_KEEP_ONE_EACH,ROBUST,True,0.563198608047183,0.6265593367112687,0.009294202445565199,1,1,6,7,6,0,"[1, 2, 3, 5, 6, 7]",1.4562492541112242,new_pose_estimated,164,82,3,143,3
ANALYTIC_060,DROP_KEEP_TWO_EACH,STANDARD,True,35.06184580520356,3.8750442188470924,0.3524926137857849,2,2,4,6,2,0,"[5, 6]",2.6362331985142995,new_pose_estimated,2,2,1,2,1
ANALYTIC_060,DROP_KEEP_TWO_EACH,ROBUST,True,17.37997094998246,9.724148215937364,0.20304318304233634,2,2,4,6,3,1,"[2, 5, 6, 7]",2.639961207844513,new_pose_estimated,156,28,3,143,3
ANALYTIC_060,TWO_COHERENT_WRONG,STANDARD,True,45.25512071403074,96.38886437401766,1.3060533843560322,0,2,6,8,4,0,"[0, 3, 5, 6]",1.4672994033178945,new_pose_estimated,2,2,1,2,1
ANALYTIC_060,TWO_COHERENT_WRONG,ROBUST,True,1.2274626942118723,0.3117468856259412,0.012654263503688527,0,2,6,8,6,0,"[0, 1, 3, 5, 6, 7]",1.856162830175463,new_pose_estimated,164,164,3,143,3
ANALYTIC_060,FOUR_VALID,STANDARD,True,33.22235574654658,92.71551287849346,1.2521035136984797,4,0,4,4,4,0,"[0, 1, 2, 4]",2.697620267078007,new_pose_estimated,2,2,1,2,1
ANALYTIC_060,FOUR_VALID,ROBUST,True,33.22235574654658,92.71551287849346,1.2521035136984797,4,0,4,4,4,0,"[0, 1, 2, 4]",2.697620267078007,new_pose_estimated,164,2,2,2,2
ANALYTIC_060,FIVE_VALID,STANDARD,True,2.6785505337886164,0.4837400058617815,0.027294414637067516,3,0,5,5,5,0,"[0, 1, 2, 4, 5]",1.5761176960627064,new_pose_estimated,2,2,1,2,1
ANALYTIC_060,FIVE_VALID,ROBUST,True,2.6785505337886164,0.4837400058617815,0.027294414637067516,3,0,5,5,5,0,"[0, 1, 2, 4, 5]",1.5761176960627064,new_pose_estimated,164,12,3,3,3
ANALYTIC_060,NEAR_COLLINEAR,STANDARD,True,57.362243283950654,169.5237359686689,1.3983689544376472,0,8,0,8,0,0,[],1.8505297579266882,new_pose_estimated,4,4,1,2,1
ANALYTIC_060,NEAR_COLLINEAR,ROBUST,True,300.7460255161643,82.65462275529953,3.124137254587013,0,8,0,8,0,4,"[0, 1, 2, 3]",28.170457142977604,new_pose_estimated,161,161,3,143,3
ANALYTIC_061,VALID_ONLY,STANDARD,True,1.9603155119901978,0.5672603569854139,0.020351635727766847,0,0,8,8,8,0,"[0, 1, 2, 3, 4, 5, 6, 7]",1.7618744409637737,new_pose_estimated,2,2,1,2,1
ANALYTIC_061,VALID_ONLY,ROBUST,True,1.9603155119901978,0.5672603569854139,0.020351635727766847,0,0,8,8,8,0,"[0, 1, 2, 3, 4, 5, 6, 7]",1.7618744409637737,new_pose_estimated,164,164,3,143,3
ANALYTIC_061,DROP_ONE_CORRECT,STANDARD,True,1.7859143003348197,0.3915218132205184,0.0181216372486464,1,0,7,7,7,0,"[0, 1, 2, 3, 4, 5, 7]",1.9243272948290695,new_pose_estimated,2,2,1,2,1
ANALYTIC_061,DROP_ONE_CORRECT,ROBUST,True,1.7859143003348197,0.3915218132205184,0.0181216372486464,1,0,7,7,7,0,"[0, 1, 2, 3, 4, 5, 7]",1.9243272948290695,new_pose_estimated,164,82,3,3,3
ANALYTIC_061,DROP_TWO_CORRECT,STANDARD,True,1.8860117185867613,0.12500824740517352,0.018873907738720254,2,0,6,6,6,0,"[0, 1, 3, 4, 5, 7]",2.064394808401959,new_pose_estimated,2,2,1,2,1
ANALYTIC_061,DROP_TWO_CORRECT,ROBUST,True,1.8860117185867613,0.12500824740517352,0.018873907738720254,2,0,6,6,6,0,"[0, 1, 3, 4, 5, 7]",2.064394808401959,new_pose_estimated,164,36,3,3,3
ANALYTIC_061,KEEP_ONE_WRONG,STANDARD,True,33.75473577145645,95.93031839547022,1.2868414519703837,0,1,7,8,6,0,"[0, 1, 2, 3, 5, 6]",1.6618305037440617,new_pose_estimated,2,2,1,2,1
ANALYTIC_061,KEEP_ONE_WRONG,ROBUST,True,2.8193867713994702,0.7146136682556109,0.02887925187230373,0,1,7,8,7,0,"[0, 1, 2, 3, 5, 6, 7]",1.9792088575336986,new_pose_estimated,163,163,3,143,3
ANALYTIC_061,KEEP_TWO_WRONG,STANDARD,True,6.536843675546214,4.130176455488797,0.08031734702202714,0,2,6,8,4,0,"[1, 2, 5, 6]",1.7580692062102108,new_pose_estimated,2,2,1,2,1
ANALYTIC_061,KEEP_TWO_WRONG,ROBUST,True,3.358275368957063,0.6932261468875057,0.03425395902681298,0,2,6,8,6,0,"[0, 1, 2, 5, 6, 7]",1.8442763874488999,new_pose_estimated,158,158,3,143,3
ANALYTIC_061,DROP_KEEP_ONE_EACH,STANDARD,True,33.94879629978505,95.86289401507372,1.2868058898837527,1,1,6,7,5,0,"[0, 1, 2, 3, 5]",1.8999201633542269,new_pose_estimated,2,2,1,2,1
ANALYTIC_061,DROP_KEEP_ONE_EACH,ROBUST,True,2.854024100006737,0.7319577994920874,0.028918771054389746,1,1,6,7,6,0,"[0, 1, 2, 3, 5, 7]",2.1197151683736815,new_pose_estimated,163,81,3,143,3
ANALYTIC_061,DROP_KEEP_TWO_EACH,STANDARD,True,5.599176763328552,3.7335849071350538,0.07463221998270958,2,2,4,6,2,0,"[1, 5]",2.084367065545226,new_pose_estimated,2,2,1,2,1
ANALYTIC_061,DROP_KEEP_TWO_EACH,ROBUST,True,3.332673608512048,0.32015884408787587,0.03337850381654703,2,2,4,6,4,0,"[0, 1, 5, 7]",1.688410295268228,new_pose_estimated,162,36,3,143,3
ANALYTIC_061,TWO_COHERENT_WRONG,STANDARD,True,28.38263083518711,2.33420712271533,0.28452970538275724,0,2,6,8,4,0,"[1, 2, 5, 6]",1.820565353977582,new_pose_estimated,2,2,1,2,1
ANALYTIC_061,TWO_COHERENT_WRONG,ROBUST,True,3.358275368957063,0.6932261468875057,0.03425395902681298,0,2,6,8,6,0,"[0, 1, 2, 5, 6, 7]",1.8442763874488999,new_pose_estimated,162,162,3,143,3
ANALYTIC_061,FOUR_VALID,STANDARD,True,1.4306416230153405,0.7488335418104055,0.016051694482006044,4,0,4,4,4,0,"[0, 1, 2, 4]",2.9143090795752995,new_pose_estimated,2,2,1,2,1
ANALYTIC_061,FOUR_VALID,ROBUST,True,1.4306416230153405,0.7488335418104055,0.016051694482006044,4,0,4,4,4,0,"[0, 1, 2, 4]",2.9143090795752995,new_pose_estimated,164,2,2,2,2
ANALYTIC_061,FIVE_VALID,STANDARD,True,1.4220151334441424,0.24459076601872243,0.014515534649942215,3,0,5,5,5,0,"[0, 1, 2, 4, 5]",1.9947127849555575,new_pose_estimated,2,2,1,2,1
ANALYTIC_061,FIVE_VALID,ROBUST,True,1.4220151334441424,0.24459076601872243,0.014515534649942215,3,0,5,5,5,0,"[0, 1, 2, 4, 5]",1.9947127849555575,new_pose_estimated,164,12,3,3,3
ANALYTIC_061,NEAR_COLLINEAR,STANDARD,True,53.04292352129838,179.1476749853173,1.4141517769306562,0,8,0,8,0,0,[],1.8505297579266882,new_pose_estimated,4,4,1,2,1
ANALYTIC_061,NEAR_COLLINEAR,ROBUST,True,315.6407363920837,93.0767288306012,3.295680954484896,0,8,0,8,0,4,"[0, 1, 2, 3]",28.170457142977604,new_pose_estimated,161,161,3,143,3
ANALYTIC_062,VALID_ONLY,STANDARD,True,0.41748630197911435,0.4702112242432212,0.005878579714512456,0,0,8,8,8,0,"[0, 1, 2, 3, 4, 5, 6, 7]",1.8720358822100767,new_pose_estimated,2,2,1,2,1
ANALYTIC_062,VALID_ONLY,ROBUST,True,0.41748630197911435,0.4702112242432212,0.005878579714512456,0,0,8,8,8,0,"[0, 1, 2, 3, 4, 5, 6, 7]",1.8720358822100767,new_pose_estimated,164,164,3,143,3
ANALYTIC_062,DROP_ONE_CORRECT,STANDARD,True,0.6780380999096973,0.5617451817083481,0.008709777822689604,1,0,7,7,7,0,"[0, 1, 2, 3, 5, 6, 7]",2.1540929323201197,new_pose_estimated,2,2,1,2,1
ANALYTIC_062,DROP_ONE_CORRECT,ROBUST,True,0.6780380999096973,0.5617451817083481,0.008709777822689604,1,0,7,7,7,0,"[0, 1, 2, 3, 5, 6, 7]",2.1540929323201197,new_pose_estimated,164,82,3,3,3
ANALYTIC_062,DROP_TWO_CORRECT,STANDARD,True,1.4935524029733682,0.7179188060948793,0.01625751846620009,2,0,6,6,6,0,"[0, 1, 2, 3, 5, 6]",3.349485980208808,new_pose_estimated,2,2,1,2,1
ANALYTIC_062,DROP_TWO_CORRECT,ROBUST,True,1.4935524029733682,0.7179188060948793,0.01625751846620009,2,0,6,6,6,0,"[0, 1, 2, 3, 5, 6]",3.349485980208808,new_pose_estimated,164,36,3,3,3
ANALYTIC_062,KEEP_ONE_WRONG,STANDARD,True,1.9516761178252338,3.1519321725169123,0.04198341697995875,0,1,7,8,6,0,"[1, 2, 4, 5, 6, 7]",1.9399583213981473,new_pose_estimated,2,2,1,2,1
ANALYTIC_062,KEEP_ONE_WRONG,ROBUST,True,0.36037911702334124,0.24702932056159305,0.00406819556672392,0,1,7,8,7,0,"[1, 2, 3, 4, 5, 6, 7]",1.71838946326946,new_pose_estimated,164,164,3,143,3
ANALYTIC_062,KEEP_TWO_WRONG,STANDARD,True,4.073899770441788,5.379549139861462,0.06475317637193558,0,2,6,8,6,2,"[0, 1, 2, 3, 4, 5, 6, 7]",1.692262099860747,new_pose_estimated,2,2,1,2,1
ANALYTIC_062,KEEP_TWO_WRONG,ROBUST,True,4.073899770441788,5.379549139861462,0.06475317637193558,0,2,6,8,6,2,"[0, 1, 2, 3, 4, 5, 6, 7]",1.692262099860747,new_pose_estimated,164,164,3,143,3
ANALYTIC_062,DROP_KEEP_ONE_EACH,STANDARD,True,6.532523313801089,2.5030054854116752,0.06993623014286628,1,1,6,7,5,0,"[1, 2, 5, 6, 7]",2.1621815230865997,new_pose_estimated,2,2,1,2,1
ANALYTIC_062,DROP_KEEP_ONE_EACH,ROBUST,True,0.973344435943845,0.37136717659634966,0.010432736379607614,1,1,6,7,6,0,"[1, 2, 3, 5, 6, 7]",1.8771586833460319,new_pose_estimated,160,82,3,143,3
ANALYTIC_062,DROP_KEEP_TWO_EACH,STANDARD,True,6.958457539163778,7.353126342222118,0.09966536618608829,2,2,4,6,4,2,"[0, 1, 2, 3, 5, 6]",3.6623791500893397,new_pose_estimated,2,2,1,2,1
ANALYTIC_062,DROP_KEEP_TWO_EACH,ROBUST,True,6.958457539163778,7.353126342222118,0.09966536618608829,2,2,4,6,4,2,"[0, 1, 2, 3, 5, 6]",3.6623791500893397,new_pose_estimated,160,32,3,143,3
ANALYTIC_062,TWO_COHERENT_WRONG,STANDARD,True,6.154617519458578,7.539989580907376,0.11756794798729059,0,2,6,8,6,2,"[0, 1, 2, 3, 4, 5, 6, 7]",1.8153328348691726,new_pose_estimated,2,2,1,2,1
ANALYTIC_062,TWO_COHERENT_WRONG,ROBUST,True,6.154617519458578,7.539989580907376,0.11756794798729059,0,2,6,8,6,2,"[0, 1, 2, 3, 4, 5, 6, 7]",1.8153328348691726,new_pose_estimated,164,164,3,143,3
ANALYTIC_062,FOUR_VALID,STANDARD,True,28.690259614451953,94.21345917254077,1.2629952051931177,4,0,4,4,4,0,"[0, 1, 2, 4]",2.9867636887765245,new_pose_estimated,2,2,1,2,1
ANALYTIC_062,FOUR_VALID,ROBUST,True,28.690259614451953,94.21345917254077,1.2629952051931177,4,0,4,4,4,0,"[0, 1, 2, 4]",2.9867636887765245,new_pose_estimated,164,2,2,2,2
ANALYTIC_062,FIVE_VALID,STANDARD,True,0.9550750906075397,0.7470554997232383,0.01192305455882639,3,0,5,5,5,0,"[0, 1, 2, 4, 5]",2.0315339448127343,new_pose_estimated,2,2,1,2,1
ANALYTIC_062,FIVE_VALID,ROBUST,True,0.9550750906075397,0.7470554997232383,0.01192305455882639,3,0,5,5,5,0,"[0, 1, 2, 4, 5]",2.0315339448127343,new_pose_estimated,164,12,3,3,3
ANALYTIC_062,NEAR_COLLINEAR,STANDARD,True,63.712526361684105,170.2367799173175,1.4582472891965967,0,8,0,8,0,0,[],1.8505297579266882,new_pose_estimated,4,4,1,2,1
ANALYTIC_062,NEAR_COLLINEAR,ROBUST,True,297.0792354138913,90.67793786771969,3.1163763990198015,0,8,0,8,0,4,"[0, 1, 2, 3]",28.170457142977604,new_pose_estimated,161,161,3,143,3
ANALYTIC_063,VALID_ONLY,STANDARD,True,0.9505532267245259,0.2856233289378015,0.009938016002110188,0,0,8,8,8,0,"[0, 1, 2, 3, 4, 5, 6, 7]",1.4545947225024916,new_pose_estimated,2,2,1,2,1
ANALYTIC_063,VALID_ONLY,ROBUST,True,0.9505532267245259,0.2856233289378015,0.009938016002110188,0,0,8,8,8,0,"[0, 1, 2, 3, 4, 5, 6, 7]",1.4545947225024916,new_pose_estimated,164,164,3,143,3
ANALYTIC_063,DROP_ONE_CORRECT,STANDARD,True,1.418191834412283,0.27791009761207724,0.014446671473606704,1,0,7,7,7,0,"[0, 1, 2, 3, 4, 5, 6]",1.7387942658747721,new_pose_estimated,2,2,1,2,1
ANALYTIC_063,DROP_ONE_CORRECT,ROBUST,True,1.418191834412283,0.27791009761207724,0.014446671473606704,1,0,7,7,7,0,"[0, 1, 2, 3, 4, 5, 6]",1.7387942658747721,new_pose_estimated,164,82,3,3,3
ANALYTIC_063,DROP_TWO_CORRECT,STANDARD,True,1.5441345115005232,0.25683434608610006,0.015646648533683614,2,0,6,6,6,0,"[0, 1, 2, 4, 5, 6]",1.6557272846366011,new_pose_estimated,2,2,1,2,1
ANALYTIC_063,DROP_TWO_CORRECT,ROBUST,True,1.5441345115005232,0.25683434608610006,0.015646648533683614,2,0,6,6,6,0,"[0, 1, 2, 4, 5, 6]",1.6557272846366011,new_pose_estimated,164,36,3,3,3
ANALYTIC_063,KEEP_ONE_WRONG,STANDARD,True,7.665103957568138,1.7661235590647975,0.07871628239381903,0,1,7,8,6,0,"[0, 3, 4, 5, 6, 7]",1.4910337291838982,new_pose_estimated,2,2,1,2,1
ANALYTIC_063,KEEP_ONE_WRONG,ROBUST,True,1.6826203798177077,0.4936850721817282,0.017571800176058076,0,1,7,8,7,0,"[0, 2, 3, 4, 5, 6, 7]",1.7073615552752601,new_pose_estimated,163,163,3,143,3
ANALYTIC_063,KEEP_TWO_WRONG,STANDARD,True,14.8553996953147,3.2489763704361563,0.15257076571048678,0,2,6,8,6,0,"[0, 3, 4, 5, 6, 7]",1.4484278816105345,new_pose_estimated,2,2,1,2,1
ANALYTIC_063,KEEP_TWO_WRONG,ROBUST,True,57.62260176182785,90.12737210088939,1.2726695641345351,0,2,6,8,6,1,"[0, 1, 3, 4, 5, 6, 7]",1.586258640733702,new_pose_estimated,158,158,3,143,3
ANALYTIC_063,DROP_KEEP_ONE_EACH,STANDARD,True,14.403562338731648,2.354730508749896,0.14584266843771376,1,1,6,7,5,0,"[0, 3, 4, 5, 6]",1.7374483271473888,new_pose_estimated,2,2,1,2,1
ANALYTIC_063,DROP_KEEP_ONE_EACH,ROBUST,True,2.424101636981441,0.5066505808892997,0.024745456553423008,1,1,6,7,6,0,"[0, 2, 3, 4, 5, 6]",1.8709792408996784,new_pose_estimated,162,80,3,143,3
ANALYTIC_063,DROP_KEEP_TWO_EACH,STANDARD,True,20.645370478619878,3.8545332285527887,0.20954787446342032,2,2,4,6,4,0,"[0, 4, 5, 6]",1.6518347604775547,new_pose_estimated,2,2,1,2,1
ANALYTIC_063,DROP_KEEP_TWO_EACH,ROBUST,True,25.61312924100834,4.402140416704625,0.2596961317076402,2,2,4,6,4,1,"[0, 2, 4, 5, 6]",1.5700629932104846,new_pose_estimated,164,36,3,143,3
ANALYTIC_063,TWO_COHERENT_WRONG,STANDARD,True,58.85615775661827,89.98198281464082,1.2740930260111676,0,2,6,8,6,2,"[0, 1, 2, 3, 4, 5, 6, 7]",1.634454258683151,new_pose_estimated,2,2,1,2,1
ANALYTIC_063,TWO_COHERENT_WRONG,ROBUST,True,58.85615775661827,89.98198281464082,1.2740930260111676,0,2,6,8,6,2,"[0, 1, 2, 3, 4, 5, 6, 7]",1.634454258683151,new_pose_estimated,164,164,3,143,3
ANALYTIC_063,FOUR_VALID,STANDARD,True,1.1175533495542749,0.6166456739444932,0.012912463455073957,4,0,4,4,4,0,"[0, 1, 2, 4]",2.835173709899405,new_pose_estimated,2,2,1,2,1
ANALYTIC_063,FOUR_VALID,ROBUST,True,1.1175533495542749,0.6166456739444932,0.012912463455073957,4,0,4,4,4,0,"[0, 1, 2, 4]",2.835173709899405,new_pose_estimated,164,2,2,2,2
ANALYTIC_063,FIVE_VALID,STANDARD,True,1.4667669632373286,0.35512574719145434,0.015039907736338053,3,0,5,5,5,0,"[0, 1, 2, 4, 5]",1.790536060226705,new_pose_estimated,2,2,1,2,1
ANALYTIC_063,FIVE_VALID,ROBUST,True,1.4667669632373286,0.35512574719145434,0.015039907736338053,3,0,5,5,5,0,"[0, 1, 2, 4, 5]",1.790536060226705,new_pose_estimated,164,12,3,3,3
ANALYTIC_063,NEAR_COLLINEAR,STANDARD,True,115.19182873900826,177.99450928461815,1.7442001564289455,0,8,0,8,0,0,[],1.8505297579266882,new_pose_estimated,4,4,1,2,1
ANALYTIC_063,NEAR_COLLINEAR,ROBUST,True,245.18726680927904,90.39924053067642,2.6224800183660064,0,8,0,8,0,4,"[0, 1, 2, 3]",28.170457142977604,new_pose_estimated,161,161,3,143,3
ANALYTIC_064,VALID_ONLY,STANDARD,True,2.4855964244827926,0.40506389941629206,0.02516446956698144,0,0,8,8,8,0,"[0, 1, 2, 3, 4, 5, 6, 7]",1.6555554623997388,new_pose_estimated,2,2,1,2,1
ANALYTIC_064,VALID_ONLY,ROBUST,True,2.4855964244827926,0.40506389941629206,0.02516446956698144,0,0,8,8,8,0,"[0, 1, 2, 3, 4, 5, 6, 7]",1.6555554623997388,new_pose_estimated,164,164,3,143,3
ANALYTIC_064,DROP_ONE_CORRECT,STANDARD,True,2.411192201953658,0.39575635648656476,0.02438234236017605,1,0,7,7,7,0,"[0, 1, 2, 3, 5, 6, 7]",1.8257609551999596,new_pose_estimated,2,2,1,2,1
ANALYTIC_064,DROP_ONE_CORRECT,ROBUST,True,2.411192201953658,0.39575635648656476,0.02438234236017605,1,0,7,7,7,0,"[0, 1, 2, 3, 5, 6, 7]",1.8257609551999596,new_pose_estimated,164,82,3,3,3
ANALYTIC_064,DROP_TWO_CORRECT,STANDARD,True,2.399673744161021,0.29303776554379146,0.02414294272350934,2,0,6,6,6,0,"[0, 1, 3, 5, 6, 7]",1.6560961567161985,new_pose_estimated,2,2,1,2,1
ANALYTIC_064,DROP_TWO_CORRECT,ROBUST,True,2.399673744161021,0.29303776554379146,0.02414294272350934,2,0,6,6,6,0,"[0, 1, 3, 5, 6, 7]",1.6560961567161985,new_pose_estimated,164,36,3,3,3
ANALYTIC_064,KEEP_ONE_WRONG,STANDARD,True,37.20343071872686,82.73381549657648,1.1627320277025226,0,1,7,8,6,0,"[1, 2, 4, 5, 6, 7]",1.5866845673350793,new_pose_estimated,2,2,1,2,1
ANALYTIC_064,KEEP_ONE_WRONG,ROBUST,True,4.328770567275684,0.5209172520133487,0.04359886325861222,0,1,7,8,7,0,"[1, 2, 3, 4, 5, 6, 7]",1.885592211975568,new_pose_estimated,164,164,3,143,3
ANALYTIC_064,KEEP_TWO_WRONG,STANDARD,True,33.883573400028624,4.37722579031692,0.3414052474149448,0,2,6,8,4,0,"[1, 2, 4, 7]",1.6475834644729386,new_pose_estimated,2,2,1,2,1
ANALYTIC_064,KEEP_TWO_WRONG,ROBUST,True,4.385743316349017,0.5834106468661638,0.04424072995153153,0,2,6,8,6,0,"[1, 2, 3, 4, 6, 7]",1.9895491300082815,new_pose_estimated,158,158,3,143,3
ANALYTIC_064,DROP_KEEP_ONE_EACH,STANDARD,True,21.81372304239792,1.4624818100920534,0.21856196148533624,1,1,6,7,5,0,"[1, 2, 5, 6, 7]",1.8374732561699572,new_pose_estimated,2,2,1,2,1
ANALYTIC_064,DROP_KEEP_ONE_EACH,ROBUST,True,4.236100023767641,0.4743950027025154,0.04261272375441659,1,1,6,7,6,0,"[1, 2, 3, 5, 6, 7]",2.058359949296795,new_pose_estimated,164,82,3,143,3
ANALYTIC_064,DROP_KEEP_TWO_EACH,STANDARD,True,4.939392827686605,80.9566754040496,1.1057326284964717,2,2,4,6,2,0,"[1, 7]",1.8052778657547155,new_pose_estimated,2,2,1,2,1
ANALYTIC_064,DROP_KEEP_TWO_EACH,ROBUST,True,4.211615393581309,0.4814436095391998,0.04237019794816703,2,2,4,6,4,0,"[1, 3, 6, 7]",1.7633565718539381,new_pose_estimated,158,34,3,143,3
ANALYTIC_064,TWO_COHERENT_WRONG,STANDARD,True,5.383475830943522,1.5950707911318924,0.05600370061069515,0,2,6,8,6,0,"[1, 2, 3, 4, 6, 7]",1.68586319291793,new_pose_estimated,2,2,1,2,1
ANALYTIC_064,TWO_COHERENT_WRONG,ROBUST,True,4.385743316349017,0.5834106468661638,0.04424072995153153,0,2,6,8,6,0,"[1, 2, 3, 4, 6, 7]",1.9895491300082815,new_pose_estimated,164,164,3,143,3
ANALYTIC_064,FOUR_VALID,STANDARD,True,2.7520533481257425,0.42688861641347736,0.02773611194775369,4,0,4,4,4,0,"[0, 1, 2, 4]",3.7495772740695843,new_pose_estimated,2,2,1,2,1
ANALYTIC_064,FOUR_VALID,ROBUST,True,2.7520533481257425,0.42688861641347736,0.02773611194775369,4,0,4,4,4,0,"[0, 1, 2, 4]",3.7495772740695843,new_pose_estimated,164,2,2,2,2
ANALYTIC_064,FIVE_VALID,STANDARD,True,0.6919733348890675,0.3792060605412098,0.007905940914274085,3,0,5,5,5,0,"[0, 1, 2, 4, 5]",2.0383770556962677,new_pose_estimated,2,2,1,2,1
ANALYTIC_064,FIVE_VALID,ROBUST,True,0.6919733348890675,0.3792060605412098,0.007905940914274085,3,0,5,5,5,0,"[0, 1, 2, 4, 5]",2.0383770556962677,new_pose_estimated,164,12,3,3,3
ANALYTIC_064,NEAR_COLLINEAR,STANDARD,True,73.16983872674217,171.91816641538168,1.4273140710353553,0,8,0,8,0,0,[],1.8505297579266882,new_pose_estimated,4,4,1,2,1
ANALYTIC_064,NEAR_COLLINEAR,ROBUST,True,288.8615362119969,111.05740494542218,3.03764896546242,0,8,0,8,0,4,"[0, 1, 2, 3]",28.170457142977604,new_pose_estimated,161,161,3,143,3
ANALYTIC_065,VALID_ONLY,STANDARD,True,0.8332294644306121,0.33054086114822767,0.009142787643182004,0,0,8,8,8,0,"[0, 1, 2, 3, 4, 5, 6, 7]",1.4114449731986922,new_pose_estimated,2,2,1,2,1
ANALYTIC_065,VALID_ONLY,ROBUST,True,0.8332294644306121,0.33054086114822767,0.009142787643182004,0,0,8,8,8,0,"[0, 1, 2, 3, 4, 5, 6, 7]",1.4114449731986922,new_pose_estimated,164,164,3,143,3
ANALYTIC_065,DROP_ONE_CORRECT,STANDARD,True,0.6886267341371135,0.410218592622819,0.008741696387400957,1,0,7,7,7,0,"[0, 1, 2, 3, 4, 5, 7]",1.618590330306832,new_pose_estimated,2,2,1,2,1
ANALYTIC_065,DROP_ONE_CORRECT,ROBUST,True,0.6886267341371135,0.410218592622819,0.008741696387400957,1,0,7,7,7,0,"[0, 1, 2, 3, 4, 5, 7]",1.618590330306832,new_pose_estimated,164,82,3,3,3
ANALYTIC_065,DROP_TWO_CORRECT,STANDARD,True,0.6614998899683694,0.49746514702253875,0.009553444549905959,2,0,6,6,6,0,"[1, 2, 3, 4, 5, 7]",1.5431878669907064,new_pose_estimated,2,2,1,2,1
ANALYTIC_065,DROP_TWO_CORRECT,ROBUST,True,0.6614998899683694,0.49746514702253875,0.009553444549905959,2,0,6,6,6,0,"[1, 2, 3, 4, 5, 7]",1.5431878669907064,new_pose_estimated,164,36,3,3,3
ANALYTIC_065,KEEP_ONE_WRONG,STANDARD,True,11.368586449865447,2.9947437070082885,0.11738800026960802,0,1,7,8,6,0,"[1, 2, 4, 5, 6, 7]",1.4405143252316372,new_pose_estimated,2,2,1,2,1
ANALYTIC_065,KEEP_ONE_WRONG,ROBUST,True,0.6891011966286045,0.3418853608432969,0.008276920852836475,0,1,7,8,7,0,"[0, 1, 2, 4, 5, 6, 7]",1.4856943598765058,new_pose_estimated,160,160,3,143,3
ANALYTIC_065,KEEP_TWO_WRONG,STANDARD,True,5.157776187508664,3.456917009836574,0.0667199140153991,0,2,6,8,4,0,"[4, 5, 6, 7]",1.410917070820658,new_pose_estimated,2,2,1,2,1
ANALYTIC_065,KEEP_TWO_WRONG,ROBUST,True,0.7992761336677191,0.3588405972269109,0.009222295555366602,0,2,6,8,6,0,"[0, 2, 4, 5, 6, 7]",1.5146824298135284,new_pose_estimated,164,164,3,143,3
ANALYTIC_065,DROP_KEEP_ONE_EACH,STANDARD,True,14.27506233807804,2.472153671909837,0.14456154502650853,1,1,6,7,5,0,"[1, 2, 4, 5, 7]",1.6152671326209929,new_pose_estimated,2,2,1,2,1
ANALYTIC_065,DROP_KEEP_ONE_EACH,ROBUST,True,0.5477067033718958,0.45179629750564737,0.00841977415681006,1,1,6,7,6,0,"[0, 1, 2, 4, 5, 7]",1.6038349418438604,new_pose_estimated,164,82,3,143,3
ANALYTIC_065,DROP_KEEP_TWO_EACH,STANDARD,True,81.3591983956904,93.45606629242997,1.367155048370122,2,2,4,6,3,1,"[3, 4, 5, 7]",1.7023230729134022,new_pose_estimated,2,2,1,2,1
ANALYTIC_065,DROP_KEEP_TWO_EACH,ROBUST,True,74.70580970942018,94.37310515007945,1.3564377271277328,2,2,4,6,4,1,"[2, 3, 4, 5, 7]",1.4446560367261487,new_pose_estimated,154,32,3,143,3
ANALYTIC_065,TWO_COHERENT_WRONG,STANDARD,True,8.667805467068709,4.9988578369661045,0.10007536289256455,0,2,6,8,4,0,"[4, 5, 6, 7]",1.4274820818786684,new_pose_estimated,2,2,1,2,1
ANALYTIC_065,TWO_COHERENT_WRONG,ROBUST,True,0.7992761336677191,0.3588405972269109,0.009222295555366602,0,2,6,8,6,0,"[0, 2, 4, 5, 6, 7]",1.5146824298135284,new_pose_estimated,159,159,3,143,3
ANALYTIC_065,FOUR_VALID,STANDARD,True,1.188014320671165,0.20599302207840034,0.01200092272804318,4,0,4,4,4,0,"[0, 1, 2, 4]",2.719956229382972,new_pose_estimated,2,2,1,2,1
ANALYTIC_065,FOUR_VALID,ROBUST,True,1.188014320671165,0.20599302207840034,0.01200092272804318,4,0,4,4,4,0,"[0, 1, 2, 4]",2.719956229382972,new_pose_estimated,164,2,2,2,2
ANALYTIC_065,FIVE_VALID,STANDARD,True,0.6731796498389438,0.5240648968834876,0.00989011223307148,3,0,5,5,5,0,"[0, 1, 2, 4, 5]",1.668019890119357,new_pose_estimated,2,2,1,2,1
ANALYTIC_065,FIVE_VALID,ROBUST,True,0.6731796498389438,0.5240648968834876,0.00989011223307148,3,0,5,5,5,0,"[0, 1, 2, 4, 5]",1.668019890119357,new_pose_estimated,164,12,3,3,3
ANALYTIC_065,NEAR_COLLINEAR,STANDARD,True,44.27221141876247,176.30374820627245,1.3826039651151345,0,8,0,8,0,0,[],1.8505297579266882,new_pose_estimated,4,4,1,2,1
ANALYTIC_065,NEAR_COLLINEAR,ROBUST,True,313.9615541608212,91.09621293914579,3.274479166150769,0,8,0,8,0,4,"[0, 1, 2, 3]",28.170457142977604,new_pose_estimated,161,161,3,143,3
ANALYTIC_066,VALID_ONLY,STANDARD,True,1.818720299509188,0.27491109412880993,0.01840909849511197,0,0,8,8,8,0,"[0, 1, 2, 3, 4, 5, 6, 7]",1.4498909567598863,new_pose_estimated,2,2,1,2,1
ANALYTIC_066,VALID_ONLY,ROBUST,True,1.818720299509188,0.27491109412880993,0.01840909849511197,0,0,8,8,8,0,"[0, 1, 2, 3, 4, 5, 6, 7]",1.4498909567598863,new_pose_estimated,160,160,3,143,3
ANALYTIC_066,DROP_ONE_CORRECT,STANDARD,True,1.9235148769705759,0.16399941171412633,0.01930078318880994,1,0,7,7,7,0,"[0, 1, 2, 3, 4, 6, 7]",1.689430354829277,new_pose_estimated,2,2,1,2,1
ANALYTIC_066,DROP_ONE_CORRECT,ROBUST,True,1.9235148769705759,0.16399941171412633,0.01930078318880994,1,0,7,7,7,0,"[0, 1, 2, 3, 4, 6, 7]",1.689430354829277,new_pose_estimated,160,82,3,3,3
ANALYTIC_066,DROP_TWO_CORRECT,STANDARD,True,1.997265594049589,0.125477209670062,0.020011215984827288,2,0,6,6,6,0,"[0, 1, 2, 4, 6, 7]",1.4249060778169491,new_pose_estimated,2,2,1,2,1
ANALYTIC_066,DROP_TWO_CORRECT,ROBUST,True,1.997265594049589,0.125477209670062,0.020011215984827288,2,0,6,6,6,0,"[0, 1, 2, 4, 6, 7]",1.4249060778169491,new_pose_estimated,160,36,3,3,3
ANALYTIC_066,KEEP_ONE_WRONG,STANDARD,True,2.576389382442751,2.4446407220421644,0.03544764256730934,0,1,7,8,6,0,"[1, 2, 4, 5, 6, 7]",1.469304251304792,new_pose_estimated,2,2,1,2,1
ANALYTIC_066,KEEP_ONE_WRONG,ROBUST,True,1.663039331455067,0.3392470839391137,0.01700269533912225,0,1,7,8,7,0,"[1, 2, 3, 4, 5, 6, 7]",1.272253167066403,new_pose_estimated,150,150,3,143,3
ANALYTIC_066,KEEP_TWO_WRONG,STANDARD,True,10.674989197154199,3.0274039663990244,0.11066966172178766,0,2,6,8,4,0,"[4, 5, 6, 7]",1.5017769049773,new_pose_estimated,2,2,1,2,1
ANALYTIC_066,KEEP_TWO_WRONG,ROBUST,True,0.2970215044818672,0.27704916945988717,0.004290273050258457,0,2,6,8,6,0,"[2, 3, 4, 5, 6, 7]",1.3685400004995187,new_pose_estimated,151,151,3,143,3
ANALYTIC_066,DROP_KEEP_ONE_EACH,STANDARD,True,1.2199520429194228,2.8048248842763415,0.028002735749331167,1,1,6,7,5,0,"[1, 2, 4, 6, 7]",1.702873180161192,new_pose_estimated,2,2,1,2,1
ANALYTIC_066,DROP_KEEP_ONE_EACH,ROBUST,True,1.8338872796269838,0.1847168377698072,0.018427374411444937,1,1,6,7,6,0,"[1, 2, 3, 4, 6, 7]",1.4358063921845876,new_pose_estimated,150,72,3,143,3
ANALYTIC_066,DROP_KEEP_TWO_EACH,STANDARD,True,8.933373976693106,5.689870587887803,0.10854128592541559,2,2,4,6,2,1,"[0, 4, 7]",1.441565168295038,new_pose_estimated,2,2,1,2,1
ANALYTIC_066,DROP_KEEP_TWO_EACH,ROBUST,True,2.7061757447708,5.226691116670175,0.05307977591181382,2,2,4,6,4,1,"[0, 2, 4, 6, 7]",1.451349166845158,new_pose_estimated,150,32,3,143,3
ANALYTIC_066,TWO_COHERENT_WRONG,STANDARD,True,13.840522437671154,3.744995339427161,0.14340481938159472,0,2,6,8,4,0,"[4, 5, 6, 7]",1.467700651115372,new_pose_estimated,2,2,1,2,1
ANALYTIC_066,TWO_COHERENT_WRONG,ROBUST,True,0.2970215044818672,0.27704916945988717,0.004290273050258457,0,2,6,8,6,0,"[2, 3, 4, 5, 6, 7]",1.3685400004995187,new_pose_estimated,164,164,3,143,3
ANALYTIC_066,FOUR_VALID,STANDARD,True,2.153625115982133,0.18754510745765965,0.02161543999731461,4,0,4,4,4,0,"[0, 1, 2, 4]",2.43439231790666,new_pose_estimated,2,2,1,2,1
ANALYTIC_066,FOUR_VALID,ROBUST,True,2.153625115982133,0.18754510745765965,0.02161543999731461,4,0,4,4,4,0,"[0, 1, 2, 4]",2.43439231790666,new_pose_estimated,160,2,2,2,2
ANALYTIC_066,FIVE_VALID,STANDARD,True,2.2485245848752204,0.41852912149563826,0.022878063740981325,3,0,5,5,5,0,"[0, 1, 2, 4, 5]",1.6224933437453704,new_pose_estimated,2,2,1,2,1
ANALYTIC_066,FIVE_VALID,ROBUST,True,2.2485245848752204,0.41852912149563826,0.022878063740981325,3,0,5,5,5,0,"[0, 1, 2, 4, 5]",1.6224933437453704,new_pose_estimated,160,8,3,3,3
ANALYTIC_066,NEAR_COLLINEAR,STANDARD,True,93.17243415115797,171.29909517556473,1.5879144695485663,0,8,0,8,0,0,[],1.8505297579266882,new_pose_estimated,4,4,1,2,1
ANALYTIC_066,NEAR_COLLINEAR,ROBUST,True,266.5010452285619,101.63387032679132,2.8476163720205268,0,8,0,8,0,4,"[0, 1, 2, 3]",28.170457142977604,new_pose_estimated,161,161,3,143,3
ANALYTIC_067,VALID_ONLY,STANDARD,True,2.858893000456934,0.3027290612412743,0.028739320847557183,0,0,8,8,8,0,"[0, 1, 2, 3, 4, 5, 6, 7]",1.8024937769691929,new_pose_estimated,2,2,1,2,1
ANALYTIC_067,VALID_ONLY,ROBUST,True,2.858893000456934,0.3027290612412743,0.028739320847557183,0,0,8,8,8,0,"[0, 1, 2, 3, 4, 5, 6, 7]",1.8024937769691929,new_pose_estimated,164,164,3,143,3
ANALYTIC_067,DROP_ONE_CORRECT,STANDARD,True,3.917768850273794,0.3373707693472945,0.03935395339211872,1,0,7,7,7,0,"[0, 1, 2, 3, 4, 5, 6]",2.084193624224781,new_pose_estimated,2,2,1,2,1
ANALYTIC_067,DROP_ONE_CORRECT,ROBUST,True,3.917768850273794,0.3373707693472945,0.03935395339211872,1,0,7,7,7,0,"[0, 1, 2, 3, 4, 5, 6]",2.084193624224781,new_pose_estimated,164,82,3,3,3
ANALYTIC_067,DROP_TWO_CORRECT,STANDARD,True,4.913116020694416,0.5540801530338052,0.04945790924212701,2,0,6,6,6,0,"[0, 2, 3, 4, 5, 6]",2.1566147570432914,new_pose_estimated,2,2,1,2,1
ANALYTIC_067,DROP_TWO_CORRECT,ROBUST,True,4.913116020694416,0.5540801530338052,0.04945790924212701,2,0,6,6,6,0,"[0, 2, 3, 4, 5, 6]",2.1566147570432914,new_pose_estimated,164,36,3,3,3
ANALYTIC_067,KEEP_ONE_WRONG,STANDARD,True,3.3365912636139172,3.5094726451323255,0.04682705614729267,0,1,7,8,6,0,"[0, 1, 2, 3, 4, 7]",1.8622851169856323,new_pose_estimated,2,2,1,2,1
ANALYTIC_067,KEEP_ONE_WRONG,ROBUST,True,2.722740300962969,0.39642397159267606,0.02750249534870216,0,1,7,8,7,0,"[0, 1, 2, 3, 4, 5, 7]",1.910318059284849,new_pose_estimated,164,164,3,143,3
ANALYTIC_067,KEEP_TWO_WRONG,STANDARD,True,10.038141965225647,2.061442918451824,0.10312514604702526,0,2,6,8,6,0,"[0, 1, 2, 3, 5, 7]",1.813026625199372,new_pose_estimated,2,2,1,2,1
ANALYTIC_067,KEEP_TWO_WRONG,ROBUST,True,1.46657629478922,0.660481852436742,0.016050126972745455,0,2,6,8,6,0,"[0, 1, 2, 3, 5, 7]",2.222752091505183,new_pose_estimated,164,164,3,143,3
ANALYTIC_067,DROP_KEEP_ONE_EACH,STANDARD,True,6.241870157448547,3.50532868158527,0.06761127415626289,1,1,6,7,5,0,"[0, 1, 2, 3, 4]",2.0583798206087525,new_pose_estimated,2,2,1,2,1
ANALYTIC_067,DROP_KEEP_ONE_EACH,ROBUST,True,3.837267770567897,0.4276718604143425,0.03859088754133345,1,1,6,7,6,0,"[0, 1, 2, 3, 4, 5]",2.1521833576673703,new_pose_estimated,154,76,3,143,3
ANALYTIC_067,DROP_KEEP_TWO_EACH,STANDARD,True,5.109353813786924,6.095363179471032,0.07288604435287235,2,2,4,6,2,0,"[0, 3]",2.255920108783964,new_pose_estimated,2,2,1,2,1
ANALYTIC_067,DROP_KEEP_TWO_EACH,ROBUST,True,9.729483128732772,11.482576577304794,0.13278960879472382,2,2,4,6,3,1,"[0, 2, 3, 4]",3.5241149659543756,new_pose_estimated,150,34,3,143,3
ANALYTIC_067,TWO_COHERENT_WRONG,STANDARD,True,11.088059818804517,4.8170379086917805,0.11950857940311209,0,2,6,8,4,0,"[0, 1, 2, 3]",1.7872338814578692,new_pose_estimated,2,2,1,2,1
ANALYTIC_067,TWO_COHERENT_WRONG,ROBUST,True,1.46657629478922,0.660481852436742,0.016050126972745455,0,2,6,8,6,0,"[0, 1, 2, 3, 5, 7]",2.222752091505183,new_pose_estimated,158,158,3,143,3
ANALYTIC_067,FOUR_VALID,STANDARD,True,37.11251039658868,91.59914725032478,1.2487612282256246,4,0,4,4,4,0,"[0, 1, 2, 4]",3.029744765157891,new_pose_estimated,2,2,1,2,1
ANALYTIC_067,FOUR_VALID,ROBUST,True,37.11251039658868,91.59914725032478,1.2487612282256246,4,0,4,4,4,0,"[0, 1, 2, 4]",3.029744765157891,new_pose_estimated,164,2,2,2,2
ANALYTIC_067,FIVE_VALID,STANDARD,True,4.6381968199498465,0.23448473633158964,0.04644056867195599,3,0,5,5,5,0,"[0, 1, 2, 4, 5]",1.999173241589138,new_pose_estimated,2,2,1,2,1
ANALYTIC_067,FIVE_VALID,ROBUST,True,4.6381968199498465,0.23448473633158964,0.04644056867195599,3,0,5,5,5,0,"[0, 1, 2, 4, 5]",1.999173241589138,new_pose_estimated,164,12,3,3,3
ANALYTIC_067,NEAR_COLLINEAR,STANDARD,True,59.06600110972412,175.82092712567817,1.4362789325988756,0,8,0,8,0,0,[],1.8505297579266882,new_pose_estimated,4,4,1,2,1
ANALYTIC_067,NEAR_COLLINEAR,ROBUST,True,308.2954094257429,100.88571860111311,3.244826614895816,0,8,0,8,0,4,"[0, 1, 2, 3]",28.170457142977604,new_pose_estimated,161,161,3,143,3
ANALYTIC_068,VALID_ONLY,STANDARD,True,1.7312281388100266,0.5067131048599642,0.018201387046145295,0,0,8,8,8,0,"[0, 1, 2, 3, 4, 5, 6, 7]",1.6113946739949225,new_pose_estimated,2,2,1,2,1
ANALYTIC_068,VALID_ONLY,ROBUST,True,1.7312281388100266,0.5067131048599642,0.018201387046145295,0,0,8,8,8,0,"[0, 1, 2, 3, 4, 5, 6, 7]",1.6113946739949225,new_pose_estimated,164,164,3,143,3
ANALYTIC_068,DROP_ONE_CORRECT,STANDARD,True,1.6214454081096688,0.4508337745598135,0.01700840089252198,1,0,7,7,7,0,"[0, 1, 2, 3, 4, 5, 6]",1.7645429468799656,new_pose_estimated,2,2,1,2,1
ANALYTIC_068,DROP_ONE_CORRECT,ROBUST,True,1.6214454081096688,0.4508337745598135,0.01700840089252198,1,0,7,7,7,0,"[0, 1, 2, 3, 4, 5, 6]",1.7645429468799656,new_pose_estimated,164,82,3,3,3
ANALYTIC_068,DROP_TWO_CORRECT,STANDARD,True,1.8639272057267453,0.5126540463363491,0.019486341665717374,2,0,6,6,6,0,"[0, 1, 3, 4, 5, 6]",1.7324613302704481,new_pose_estimated,2,2,1,2,1
ANALYTIC_068,DROP_TWO_CORRECT,ROBUST,True,1.8639272057267453,0.5126540463363491,0.019486341665717374,2,0,6,6,6,0,"[0, 1, 3, 4, 5, 6]",1.7324613302704481,new_pose_estimated,164,34,3,3,3
ANALYTIC_068,KEEP_ONE_WRONG,STANDARD,True,3.221185592525091,3.3212204497269235,0.04352299357855084,0,1,7,8,7,0,"[0, 1, 2, 3, 5, 6, 7]",1.5919145506446417,new_pose_estimated,2,2,1,2,1
ANALYTIC_068,KEEP_ONE_WRONG,ROBUST,True,1.859144861418515,0.6497183122009015,0.01979317750401416,0,1,7,8,7,0,"[0, 1, 2, 3, 5, 6, 7]",1.787336968413182,new_pose_estimated,164,164,3,143,3
ANALYTIC_068,KEEP_TWO_WRONG,STANDARD,True,6.168983604664504,4.5010426630080485,0.06927621495849702,0,2,6,8,4,0,"[1, 2, 5, 6]",1.6529293634440378,new_pose_estimated,2,2,1,2,1
ANALYTIC_068,KEEP_TWO_WRONG,ROBUST,True,2.692224040305816,0.7259866457609535,0.027967790171199238,0,2,6,8,6,0,"[0, 1, 2, 5, 6, 7]",1.9073265334354959,new_pose_estimated,152,152,3,143,3
ANALYTIC_068,DROP_KEEP_ONE_EACH,STANDARD,True,3.644092393767543,4.547187324968117,0.05249581769326253,1,1,6,7,6,0,"[0, 1, 2, 3, 5, 6]",1.7423506088556355,new_pose_estimated,2,2,1,2,1
ANALYTIC_068,DROP_KEEP_ONE_EACH,ROBUST,True,1.806282321157541,0.6408123370594445,0.019287320635399126,1,1,6,7,6,0,"[0, 1, 2, 3, 5, 6]",2.4908079663203133,new_pose_estimated,164,82,3,143,3
ANALYTIC_068,DROP_KEEP_TWO_EACH,STANDARD,True,12.755850094895113,7.1492937832032535,0.14370228958752335,2,2,4,6,3,0,"[0, 5, 6]",1.9535114233279622,new_pose_estimated,2,2,1,2,1
ANALYTIC_068,DROP_KEEP_TWO_EACH,ROBUST,True,21.937364440996582,90.14057106627524,1.2145438353003057,2,2,4,6,3,1,"[1, 3, 5, 6]",2.437566082219514,new_pose_estimated,148,30,3,143,3
ANALYTIC_068,TWO_COHERENT_WRONG,STANDARD,True,23.122626963882503,1.1710582011250168,0.23148350185069666,0,2,6,8,4,0,"[1, 2, 5, 6]",1.617312234543005,new_pose_estimated,2,2,1,2,1
ANALYTIC_068,TWO_COHERENT_WRONG,ROBUST,True,2.692224040305816,0.7259866457609535,0.027967790171199238,0,2,6,8,6,0,"[0, 1, 2, 5, 6, 7]",1.9073265334354959,new_pose_estimated,158,158,3,143,3
ANALYTIC_068,FOUR_VALID,STANDARD,True,3.3530575839867836,0.9215575002692526,0.035012589711678754,4,0,4,4,4,0,"[0, 1, 2, 4]",3.591757442220306,new_pose_estimated,2,2,1,2,1
ANALYTIC_068,FOUR_VALID,ROBUST,True,3.3530575839867836,0.9215575002692526,0.035012589711678754,4,0,4,4,4,0,"[0, 1, 2, 4]",3.591757442220306,new_pose_estimated,164,2,2,2,2
ANALYTIC_068,FIVE_VALID,STANDARD,True,1.753880731449537,0.5986009665007428,0.018723138224924735,3,0,5,5,5,0,"[0, 1, 2, 4, 5]",2.047455475458941,new_pose_estimated,2,2,1,2,1
ANALYTIC_068,FIVE_VALID,ROBUST,True,1.753880731449537,0.5986009665007428,0.018723138224924735,3,0,5,5,5,0,"[0, 1, 2, 4, 5]",2.047455475458941,new_pose_estimated,164,12,3,3,3
ANALYTIC_068,NEAR_COLLINEAR,STANDARD,True,87.63986490232905,170.77139449042159,1.5670333695613476,0,8,0,8,0,0,[],1.8505297579266882,new_pose_estimated,4,4,1,2,1
ANALYTIC_068,NEAR_COLLINEAR,ROBUST,True,273.72415997944273,88.17345815360537,2.8683284253310175,0,8,0,8,0,4,"[0, 1, 2, 3]",28.170457142977604,new_pose_estimated,161,161,3,143,3
ANALYTIC_069,VALID_ONLY,STANDARD,True,1.370168908086086,0.3241426581595051,0.014175620188225036,0,0,8,8,8,0,"[0, 1, 2, 3, 4, 5, 6, 7]",1.6375828140408426,new_pose_estimated,2,2,1,2,1
ANALYTIC_069,VALID_ONLY,ROBUST,True,1.370168908086086,0.3241426581595051,0.014175620188225036,0,0,8,8,8,0,"[0, 1, 2, 3, 4, 5, 6, 7]",1.6375828140408426,new_pose_estimated,164,164,3,143,3
ANALYTIC_069,DROP_ONE_CORRECT,STANDARD,True,1.3840397792571635,0.3095302632718978,0.014189406567220376,1,0,7,7,7,0,"[0, 1, 2, 3, 4, 5, 6]",1.7817561359004401,new_pose_estimated,2,2,1,2,1
ANALYTIC_069,DROP_ONE_CORRECT,ROBUST,True,1.3840397792571635,0.3095302632718978,0.014189406567220376,1,0,7,7,7,0,"[0, 1, 2, 3, 4, 5, 6]",1.7817561359004401,new_pose_estimated,164,82,3,3,3
ANALYTIC_069,DROP_TWO_CORRECT,STANDARD,True,25.856936451897035,85.91158104279471,1.1775020149375575,2,0,6,6,6,0,"[0, 1, 2, 3, 5, 6]",2.508181534426853,new_pose_estimated,2,2,1,2,1
ANALYTIC_069,DROP_TWO_CORRECT,ROBUST,True,25.856936451897035,85.91158104279471,1.1775020149375575,2,0,6,6,6,0,"[0, 1, 2, 3, 5, 6]",2.508181534426853,new_pose_estimated,164,36,3,3,3
ANALYTIC_069,KEEP_ONE_WRONG,STANDARD,True,12.197893015521405,2.6884355653014826,0.12418548760162354,0,1,7,8,6,0,"[0, 1, 2, 3, 4, 7]",1.6544601037308555,new_pose_estimated,2,2,1,2,1
ANALYTIC_069,KEEP_ONE_WRONG,ROBUST,True,2.4839127072952043,0.4354864855592097,0.02536446637773747,0,1,7,8,7,0,"[0, 1, 2, 3, 4, 6, 7]",1.8670411357135013,new_pose_estimated,162,162,3,143,3
ANALYTIC_069,KEEP_TWO_WRONG,STANDARD,True,3.1158660514376333,3.291275078272124,0.0509309279090214,0,2,6,8,4,0,"[0, 3, 4, 7]",1.6130922675104524,new_pose_estimated,2,2,1,2,1
ANALYTIC_069,KEEP_TWO_WRONG,ROBUST,True,3.1144821897459654,0.534716057558434,0.03150933869636316,0,2,6,8,6,0,"[0, 1, 3, 4, 6, 7]",1.7214153590068761,new_pose_estimated,154,154,3,143,3
ANALYTIC_069,DROP_KEEP_ONE_EACH,STANDARD,True,10.471637107891455,3.145132950013406,0.10770508280205983,1,1,6,7,5,0,"[0, 1, 2, 3, 4]",1.809464465113423,new_pose_estimated,2,2,1,2,1
ANALYTIC_069,DROP_KEEP_ONE_EACH,ROBUST,True,2.4545732029620235,0.512975397073292,0.025146997987043694,1,1,6,7,6,0,"[0, 1, 2, 3, 4, 6]",2.047128216906743,new_pose_estimated,158,80,3,143,3
ANALYTIC_069,DROP_KEEP_TWO_EACH,STANDARD,True,38.04798762376153,84.05606861670374,1.1821334088931754,2,2,4,6,2,0,"[0, 3]",2.5540707673880485,new_pose_estimated,2,2,1,2,1
ANALYTIC_069,DROP_KEEP_TWO_EACH,ROBUST,True,37.09391201677695,88.67942192141197,1.230022038328968,2,2,4,6,3,1,"[0, 1, 3, 5]",2.8542464414416595,new_pose_estimated,152,28,3,143,3
ANALYTIC_069,TWO_COHERENT_WRONG,STANDARD,True,17.252502721737184,1.9714927085278544,0.17349100472367007,0,2,6,8,4,0,"[0, 3, 4, 7]",1.6537470174319753,new_pose_estimated,2,2,1,2,1
ANALYTIC_069,TWO_COHERENT_WRONG,ROBUST,True,3.1144821897459654,0.534716057558434,0.03150933869636316,0,2,6,8,6,0,"[0, 1, 3, 4, 6, 7]",1.7214153590068761,new_pose_estimated,160,160,3,143,3
ANALYTIC_069,FOUR_VALID,STANDARD,True,8.098080793141278,81.28572951132787,1.1095212206253626,4,0,4,4,4,0,"[0, 1, 2, 4]",3.221747696057331,new_pose_estimated,2,2,1,2,1
ANALYTIC_069,FOUR_VALID,ROBUST,True,8.098080793141278,81.28572951132787,1.1095212206253626,4,0,4,4,4,0,"[0, 1, 2, 4]",3.221747696057331,new_pose_estimated,164,2,2,2,2
ANALYTIC_069,FIVE_VALID,STANDARD,True,1.6016118211882178,0.6361156891663843,0.016917409245509354,3,0,5,5,5,0,"[0, 1, 2, 4, 5]",2.048187614682745,new_pose_estimated,2,2,1,2,1
ANALYTIC_069,FIVE_VALID,ROBUST,True,1.6016118211882178,0.6361156891663843,0.016917409245509354,3,0,5,5,5,0,"[0, 1, 2, 4, 5]",2.048187614682745,new_pose_estimated,164,12,3,3,3
ANALYTIC_069,NEAR_COLLINEAR,STANDARD,True,75.89679198309052,174.78595911883085,1.4666411804189936,0,8,0,8,0,0,[],1.8505297579266882,new_pose_estimated,4,4,1,2,1
ANALYTIC_069,NEAR_COLLINEAR,ROBUST,True,284.0910581569328,106.88233550863721,2.991283807212148,0,8,0,8,0,4,"[0, 1, 2, 3]",28.170457142977604,new_pose_estimated,161,161,3,143,3
ANALYTIC_070,VALID_ONLY,STANDARD,True,0.9266374041949523,0.19743263274639897,0.009505532682938616,0,0,8,8,8,0,"[0, 1, 2, 3, 4, 5, 6, 7]",1.5329451322481842,new_pose_estimated,2,2,1,2,1
ANALYTIC_070,VALID_ONLY,ROBUST,True,0.9266374041949523,0.19743263274639897,0.009505532682938616,0,0,8,8,8,0,"[0, 1, 2, 3, 4, 5, 6, 7]",1.5329451322481842,new_pose_estimated,164,164,3,143,3
ANALYTIC_070,DROP_ONE_CORRECT,STANDARD,True,0.8548429926246243,0.17953992310118594,0.008764474945195874,1,0,7,7,7,0,"[0, 1, 2, 4, 5, 6, 7]",1.3023738292872602,new_pose_estimated,2,2,1,2,1
ANALYTIC_070,DROP_ONE_CORRECT,ROBUST,True,0.8548429926246243,0.17953992310118594,0.008764474945195874,1,0,7,7,7,0,"[0, 1, 2, 4, 5, 6, 7]",1.3023738292872602,new_pose_estimated,164,82,3,3,3
ANALYTIC_070,DROP_TWO_CORRECT,STANDARD,True,1.5754391836822437,0.4921097172122651,0.01654137379366705,2,0,6,6,6,0,"[0, 1, 4, 5, 6, 7]",1.3342666323849532,new_pose_estimated,2,2,1,2,1
ANALYTIC_070,DROP_TWO_CORRECT,ROBUST,True,1.5754391836822437,0.4921097172122651,0.01654137379366705,2,0,6,6,6,0,"[0, 1, 4, 5, 6, 7]",1.3342666323849532,new_pose_estimated,164,36,3,3,3
ANALYTIC_070,KEEP_ONE_WRONG,STANDARD,True,2.2346151702337886,1.9715605951515411,0.031375521626316474,0,1,7,8,7,0,"[0, 1, 2, 3, 4, 6, 7]",1.5226364276877185,new_pose_estimated,2,2,1,2,1
ANALYTIC_070,KEEP_ONE_WRONG,ROBUST,True,0.9153828522066058,0.19531477635148123,0.009373998361709265,0,1,7,8,7,0,"[0, 1, 2, 3, 4, 6, 7]",1.7621135990876577,new_pose_estimated,154,154,3,143,3
ANALYTIC_070,KEEP_TWO_WRONG,STANDARD,True,1.7955103559029133,1.4262927427539571,0.02156303679491089,0,2,6,8,6,0,"[0, 1, 2, 3, 4, 7]",1.519549644659728,new_pose_estimated,2,2,1,2,1
ANALYTIC_070,KEEP_TWO_WRONG,ROBUST,True,0.9143361658486628,0.23481749317208106,0.009446815800343084,0,2,6,8,6,0,"[0, 1, 2, 3, 4, 7]",2.351189186520796,new_pose_estimated,156,156,3,143,3
ANALYTIC_070,DROP_KEEP_ONE_EACH,STANDARD,True,1.682161027547469,2.213375399033805,0.03496820442593073,1,1,6,7,6,0,"[0, 1, 2, 4, 6, 7]",1.3110932090578877,new_pose_estimated,2,2,1,2,1
ANALYTIC_070,DROP_KEEP_ONE_EACH,ROBUST,True,0.836287526087185,0.18879140899925495,0.008568719531268408,1,1,6,7,6,0,"[0, 1, 2, 4, 6, 7]",1.3905271463654563,new_pose_estimated,160,82,3,143,3
ANALYTIC_070,DROP_KEEP_TWO_EACH,STANDARD,True,11.256788714976746,169.90129239722225,0.9201122857856028,2,2,4,6,0,0,[],2.1445847171674775,new_pose_estimated,2,2,1,2,1
ANALYTIC_070,DROP_KEEP_TWO_EACH,ROBUST,True,1.9077289791424115,0.573972439786913,0.019821992995788993,2,2,4,6,4,0,"[0, 1, 4, 7]",2.214006149673145,new_pose_estimated,154,34,3,143,3
ANALYTIC_070,TWO_COHERENT_WRONG,STANDARD,True,2.9487521606944753,2.981292596459771,0.04979617184701361,0,2,6,8,6,0,"[0, 1, 2, 3, 4, 7]",1.5497714513175138,new_pose_estimated,2,2,1,2,1
ANALYTIC_070,TWO_COHERENT_WRONG,ROBUST,True,4.046846429431791,4.040984276479232,0.06583085208588813,0,2,6,8,5,2,"[0, 2, 3, 4, 5, 6, 7]",1.6377295148947661,new_pose_estimated,164,164,3,143,3
ANALYTIC_070,FOUR_VALID,STANDARD,True,1.263252269765826,0.11180053009509293,0.012677160705020835,4,0,4,4,4,0,"[0, 1, 2, 4]",2.3417595312838486,new_pose_estimated,2,2,1,2,1
ANALYTIC_070,FOUR_VALID,ROBUST,True,1.263252269765826,0.11180053009509293,0.012677160705020835,4,0,4,4,4,0,"[0, 1, 2, 4]",2.3417595312838486,new_pose_estimated,164,2,2,2,2
ANALYTIC_070,FIVE_VALID,STANDARD,True,1.337905681766239,0.0975976715692818,0.013427503936958754,3,0,5,5,5,0,"[0, 1, 2, 4, 5]",1.6687011299360028,new_pose_estimated,2,2,1,2,1
ANALYTIC_070,FIVE_VALID,ROBUST,True,1.337905681766239,0.0975976715692818,0.013427503936958754,3,0,5,5,5,0,"[0, 1, 2, 4, 5]",1.6687011299360028,new_pose_estimated,164,12,3,3,3
ANALYTIC_070,NEAR_COLLINEAR,STANDARD,True,127.55301280658891,174.5309049807492,1.8022505102391624,0,8,0,8,0,0,[],1.8505297579266882,new_pose_estimated,4,4,1,2,1
ANALYTIC_070,NEAR_COLLINEAR,ROBUST,True,236.40862160309274,99.7528550479362,2.5526434038456616,0,8,0,8,0,4,"[0, 1, 2, 3]",28.170457142977604,new_pose_estimated,161,161,3,143,3
ANALYTIC_071,VALID_ONLY,STANDARD,True,0.8817173763179389,0.23192648089028148,0.009136141521136332,0,0,8,8,8,0,"[0, 1, 2, 3, 4, 5, 6, 7]",1.5364372339789,new_pose_estimated,2,2,1,2,1
ANALYTIC_071,VALID_ONLY,ROBUST,True,0.8817173763179389,0.23192648089028148,0.009136141521136332,0,0,8,8,8,0,"[0, 1, 2, 3, 4, 5, 6, 7]",1.5364372339789,new_pose_estimated,164,164,3,143,3
ANALYTIC_071,DROP_ONE_CORRECT,STANDARD,True,1.071102434151436,0.33575985045897355,0.011239576811317816,1,0,7,7,7,0,"[0, 1, 2, 3, 4, 6, 7]",1.7726722680896654,new_pose_estimated,2,2,1,2,1
ANALYTIC_071,DROP_ONE_CORRECT,ROBUST,True,1.071102434151436,0.33575985045897355,0.011239576811317816,1,0,7,7,7,0,"[0, 1, 2, 3, 4, 6, 7]",1.7726722680896654,new_pose_estimated,164,82,3,3,3
ANALYTIC_071,DROP_TWO_CORRECT,STANDARD,True,1.3824189446872361,0.18520629946173636,0.013969135583500264,2,0,6,6,6,0,"[0, 1, 2, 3, 4, 7]",2.6831253248790077,new_pose_estimated,2,2,1,2,1
ANALYTIC_071,DROP_TWO_CORRECT,ROBUST,True,1.3824189446872361,0.18520629946173636,0.013969135583500264,2,0,6,6,6,0,"[0, 1, 2, 3, 4, 7]",2.6831253248790077,new_pose_estimated,164,36,3,3,3
ANALYTIC_071,KEEP_ONE_WRONG,STANDARD,True,5.682814417019475,2.449370764930312,0.062176552939844684,0,1,7,8,6,0,"[0, 3, 4, 5, 6, 7]",1.5312969759016468,new_pose_estimated,2,2,1,2,1
ANALYTIC_071,KEEP_ONE_WRONG,ROBUST,True,0.9889003459871136,0.2921121094211735,0.010278753495654176,0,1,7,8,7,0,"[0, 2, 3, 4, 5, 6, 7]",1.459368040686599,new_pose_estimated,160,160,3,143,3
ANALYTIC_071,KEEP_TWO_WRONG,STANDARD,True,14.627226207317271,3.1502865363502104,0.14951628154120605,0,2,6,8,4,0,"[4, 5, 6, 7]",1.530774573123776,new_pose_estimated,2,2,1,2,1
ANALYTIC_071,KEEP_TWO_WRONG,ROBUST,True,1.2668316499984633,0.4905432853457743,0.013511065328829525,0,2,6,8,6,0,"[0, 2, 4, 5, 6, 7]",1.4987232134948179,new_pose_estimated,164,164,3,143,3
ANALYTIC_071,DROP_KEEP_ONE_EACH,STANDARD,True,4.926629892217343,2.2443321746624263,0.054301133760702114,1,1,6,7,5,0,"[0, 3, 4, 6, 7]",1.8022244565685313,new_pose_estimated,2,2,1,2,1
ANALYTIC_071,DROP_KEEP_ONE_EACH,ROBUST,True,1.2314443318682173,0.37022453089934626,0.012832217792155064,1,1,6,7,6,0,"[0, 2, 3, 4, 6, 7]",1.618543849070993,new_pose_estimated,164,82,3,143,3
ANALYTIC_071,DROP_KEEP_TWO_EACH,STANDARD,True,13.876831716605517,80.27476062553828,1.1024660721496564,2,2,4,6,2,0,"[4, 7]",2.464641639758628,new_pose_estimated,2,2,1,2,1
ANALYTIC_071,DROP_KEEP_TWO_EACH,ROBUST,True,18.11542014524572,3.0238081066420195,0.18453564817618748,2,2,4,6,3,1,"[0, 1, 4, 7]",2.2956130923326317,new_pose_estimated,164,36,3,143,3
ANALYTIC_071,TWO_COHERENT_WRONG,STANDARD,True,8.073943751879105,3.8044566789557934,0.08960698087169269,0,2,6,8,4,0,"[4, 5, 6, 7]",1.5006613558568236,new_pose_estimated,2,2,1,2,1
ANALYTIC_071,TWO_COHERENT_WRONG,ROBUST,True,1.2668316499984633,0.4905432853457743,0.013511065328829525,0,2,6,8,6,0,"[0, 2, 4, 5, 6, 7]",1.4987232134948179,new_pose_estimated,160,160,3,143,3
ANALYTIC_071,FOUR_VALID,STANDARD,True,1.477603232283306,0.4184468421724937,0.01545463327458012,4,0,4,4,4,0,"[0, 1, 2, 4]",3.5558992410538917,new_pose_estimated,2,2,1,2,1
ANALYTIC_071,FOUR_VALID,ROBUST,True,1.477603232283306,0.4184468421724937,0.01545463327458012,4,0,4,4,4,0,"[0, 1, 2, 4]",3.5558992410538917,new_pose_estimated,164,2,2,2,2
ANALYTIC_071,FIVE_VALID,STANDARD,True,1.0671349774099053,0.3465540444200883,0.011228480014945513,3,0,5,5,5,0,"[0, 1, 2, 4, 5]",2.123201632619988,new_pose_estimated,2,2,1,2,1
ANALYTIC_071,FIVE_VALID,ROBUST,True,1.0671349774099053,0.3465540444200883,0.011228480014945513,3,0,5,5,5,0,"[0, 1, 2, 4, 5]",2.123201632619988,new_pose_estimated,164,12,3,3,3
ANALYTIC_071,NEAR_COLLINEAR,STANDARD,True,115.05150996313411,178.87262521027665,1.7217320097142437,0,8,0,8,0,0,[],1.8505297579266882,new_pose_estimated,4,4,1,2,1
ANALYTIC_071,NEAR_COLLINEAR,ROBUST,True,247.28011221934767,95.40245284786893,2.6467421635395003,0,8,0,8,0,4,"[0, 1, 2, 3]",28.170457142977604,new_pose_estimated,161,161,3,143,3
ANALYTIC_072,VALID_ONLY,STANDARD,True,1.2010399287893343,0.16485268889353802,0.012155026441006385,0,0,8,8,8,0,"[0, 1, 2, 3, 4, 5, 6, 7]",1.414426986445044,new_pose_estimated,2,2,1,2,1
ANALYTIC_072,VALID_ONLY,ROBUST,True,1.2010399287893343,0.16485268889353802,0.012155026441006385,0,0,8,8,8,0,"[0, 1, 2, 3, 4, 5, 6, 7]",1.414426986445044,new_pose_estimated,164,164,3,143,3
ANALYTIC_072,DROP_ONE_CORRECT,STANDARD,True,3.3560780342888834,0.20361832371815955,0.03361916350535939,1,0,7,7,7,0,"[0, 1, 3, 4, 5, 6, 7]",1.7870005065139174,new_pose_estimated,2,2,1,2,1
ANALYTIC_072,DROP_ONE_CORRECT,ROBUST,True,3.3560780342888834,0.20361832371815955,0.03361916350535939,1,0,7,7,7,0,"[0, 1, 3, 4, 5, 6, 7]",1.7870005065139174,new_pose_estimated,164,82,3,3,3
ANALYTIC_072,DROP_TWO_CORRECT,STANDARD,True,3.781635097613963,0.3507649083442441,0.03796770416786464,2,0,6,6,6,0,"[0, 1, 3, 5, 6, 7]",1.838418314573859,new_pose_estimated,2,2,1,2,1
ANALYTIC_072,DROP_TWO_CORRECT,ROBUST,True,3.781635097613963,0.3507649083442441,0.03796770416786464,2,0,6,6,6,0,"[0, 1, 3, 5, 6, 7]",1.838418314573859,new_pose_estimated,164,36,3,3,3
ANALYTIC_072,KEEP_ONE_WRONG,STANDARD,True,9.783032878691833,2.2653847991284235,0.10047928891050997,0,1,7,8,6,0,"[1, 2, 4, 5, 6, 7]",1.4208559958341256,new_pose_estimated,2,2,1,2,1
ANALYTIC_072,KEEP_ONE_WRONG,ROBUST,True,1.0720990804665813,0.17765196814955223,0.010903540490847312,0,1,7,8,7,0,"[1, 2, 3, 4, 5, 6, 7]",1.2674753706854283,new_pose_estimated,160,160,3,143,3
ANALYTIC_072,KEEP_TWO_WRONG,STANDARD,True,8.438329155169779,2.2025378333234986,0.08728173459486782,0,2,6,8,5,0,"[1, 2, 4, 6, 7]",1.4122814401028252,new_pose_estimated,2,2,1,2,1
ANALYTIC_072,KEEP_TWO_WRONG,ROBUST,True,1.4437018670437503,0.27713434805372067,0.0147457498421199,0,2,6,8,6,0,"[1, 2, 3, 4, 6, 7]",1.4888606435844,new_pose_estimated,144,144,3,143,3
ANALYTIC_072,DROP_KEEP_ONE_EACH,STANDARD,True,4.523938550481462,2.549816053877955,0.05226161699287604,1,1,6,7,5,0,"[1, 4, 5, 6, 7]",1.8048110204558572,new_pose_estimated,2,2,1,2,1
ANALYTIC_072,DROP_KEEP_ONE_EACH,ROBUST,True,3.1226351136540655,0.2755991710081707,0.03134051985994762,1,1,6,7,6,0,"[1, 3, 4, 5, 6, 7]",1.5219116564164938,new_pose_estimated,164,82,3,143,3
ANALYTIC_072,DROP_KEEP_TWO_EACH,STANDARD,True,5.67642239418883,1.1145578743120805,0.05883303274480781,2,2,4,6,2,0,"[1, 6]",1.8524099013626192,new_pose_estimated,2,2,1,2,1
ANALYTIC_072,DROP_KEEP_TWO_EACH,ROBUST,True,4.10120723632263,0.3382599430617593,0.04114001490355112,2,2,4,6,4,0,"[1, 3, 6, 7]",1.4318543333068792,new_pose_estimated,156,36,3,143,3
ANALYTIC_072,TWO_COHERENT_WRONG,STANDARD,True,9.291184029086155,0.99693330144712,0.09355133264205641,0,2,6,8,5,0,"[1, 2, 4, 6, 7]",1.390505074332268,new_pose_estimated,2,2,1,2,1
ANALYTIC_072,TWO_COHERENT_WRONG,ROBUST,True,1.4437018670437503,0.27713434805372067,0.0147457498421199,0,2,6,8,6,0,"[1, 2, 3, 4, 6, 7]",1.4888606435844,new_pose_estimated,160,160,3,143,3
ANALYTIC_072,FOUR_VALID,STANDARD,True,1.5094681309815479,0.3549385947665131,0.015535150295593013,4,0,4,4,4,0,"[0, 1, 2, 4]",2.5743873927794447,new_pose_estimated,2,2,1,2,1
ANALYTIC_072,FOUR_VALID,ROBUST,True,1.5094681309815479,0.3549385947665131,0.015535150295593013,4,0,4,4,4,0,"[0, 1, 2, 4]",2.5743873927794447,new_pose_estimated,164,2,2,2,2
ANALYTIC_072,FIVE_VALID,STANDARD,True,1.294941502768433,0.4090602134054064,0.013558922611718614,3,0,5,5,5,0,"[0, 1, 2, 4, 5]",1.6619676523500926,new_pose_estimated,2,2,1,2,1
ANALYTIC_072,FIVE_VALID,ROBUST,True,1.294941502768433,0.4090602134054064,0.013558922611718614,3,0,5,5,5,0,"[0, 1, 2, 4, 5]",1.6619676523500926,new_pose_estimated,164,12,3,3,3
ANALYTIC_072,NEAR_COLLINEAR,STANDARD,True,80.10141186382002,173.71431537864024,1.5237039687311822,0,8,0,8,0,0,[],1.8505297579266882,new_pose_estimated,4,4,1,2,1
ANALYTIC_072,NEAR_COLLINEAR,ROBUST,True,277.6853884324734,98.64379380009085,2.9476346703290544,0,8,0,8,0,4,"[0, 1, 2, 3]",28.170457142977604,new_pose_estimated,161,161,3,143,3
ANALYTIC_073,VALID_ONLY,STANDARD,True,1.348755397815175,0.045016834263343956,0.013494845566412656,0,0,8,8,8,0,"[0, 1, 2, 3, 4, 5, 6, 7]",1.3872453699901242,new_pose_estimated,2,2,1,2,1
ANALYTIC_073,VALID_ONLY,ROBUST,True,1.348755397815175,0.045016834263343956,0.013494845566412656,0,0,8,8,8,0,"[0, 1, 2, 3, 4, 5, 6, 7]",1.3872453699901242,new_pose_estimated,164,164,3,143,3
ANALYTIC_073,DROP_ONE_CORRECT,STANDARD,True,2.183493340053489,0.13204188712426562,0.021872784512028846,1,0,7,7,7,0,"[0, 2, 3, 4, 5, 6, 7]",1.3305641685032377,new_pose_estimated,2,2,1,2,1
ANALYTIC_073,DROP_ONE_CORRECT,ROBUST,True,2.183493340053489,0.13204188712426562,0.021872784512028846,1,0,7,7,7,0,"[0, 2, 3, 4, 5, 6, 7]",1.3305641685032377,new_pose_estimated,164,82,3,3,3
ANALYTIC_073,DROP_TWO_CORRECT,STANDARD,True,2.7046156843597386,0.3126784349836758,0.027216558967581607,2,0,6,6,6,0,"[0, 2, 3, 5, 6, 7]",1.5900583966848183,new_pose_estimated,2,2,1,2,1
ANALYTIC_073,DROP_TWO_CORRECT,ROBUST,True,2.7046156843597386,0.3126784349836758,0.027216558967581607,2,0,6,6,6,0,"[0, 2, 3, 5, 6, 7]",1.5900583966848183,new_pose_estimated,164,34,3,3,3
ANALYTIC_073,KEEP_ONE_WRONG,STANDARD,True,4.700601654283513,2.2449795614864176,0.05265758131221386,0,1,7,8,6,0,"[0, 3, 4, 5, 6, 7]",1.3722824905385345,new_pose_estimated,2,2,1,2,1
ANALYTIC_073,KEEP_ONE_WRONG,ROBUST,True,0.6251607334954478,0.14211994148227303,0.006405700509704605,0,1,7,8,7,0,"[0, 1, 3, 4, 5, 6, 7]",1.3211006381588044,new_pose_estimated,140,140,3,143,3
ANALYTIC_073,KEEP_TWO_WRONG,STANDARD,True,5.011428422195379,3.1240599780905542,0.05767538035307923,0,2,6,8,4,0,"[4, 5, 6, 7]",1.400979486950803,new_pose_estimated,2,2,1,2,1
ANALYTIC_073,KEEP_TWO_WRONG,ROBUST,True,1.082190712655649,0.21813864235451955,0.011053954110572993,0,2,6,8,6,0,"[0, 1, 4, 5, 6, 7]",1.3752687445811802,new_pose_estimated,164,164,3,143,3
ANALYTIC_073,DROP_KEEP_ONE_EACH,STANDARD,True,5.476518382037228,3.9359100198016184,0.06788540429907067,1,1,6,7,6,1,"[0, 2, 3, 4, 5, 6, 7]",1.3486320081220682,new_pose_estimated,2,2,1,2,1
ANALYTIC_073,DROP_KEEP_ONE_EACH,ROBUST,True,5.476518382037228,3.9359100198016184,0.06788540429907067,1,1,6,7,6,1,"[0, 2, 3, 4, 5, 6, 7]",1.3486320081220682,new_pose_estimated,164,82,3,143,3
ANALYTIC_073,DROP_KEEP_TWO_EACH,STANDARD,True,19.976774047437036,4.599832509891418,0.20455425032107385,2,2,4,6,3,1,"[2, 5, 6, 7]",1.5260793286238152,new_pose_estimated,2,2,1,2,1
ANALYTIC_073,DROP_KEEP_TWO_EACH,ROBUST,True,16.260699266832816,4.075220517095472,0.16765603337303725,2,2,4,6,4,1,"[0, 2, 5, 6, 7]",1.3805790109011473,new_pose_estimated,144,30,3,143,3
ANALYTIC_073,TWO_COHERENT_WRONG,STANDARD,True,5.22340821037425,3.9584899074080684,0.07237938499153437,0,2,6,8,4,0,"[4, 5, 6, 7]",1.3932987833220345,new_pose_estimated,2,2,1,2,1
ANALYTIC_073,TWO_COHERENT_WRONG,ROBUST,True,10.985683815957747,8.046399691534374,0.14623505825077668,0,2,6,8,4,2,"[2, 3, 4, 5, 6, 7]",1.431141320995178,new_pose_estimated,164,164,3,143,3
ANALYTIC_073,FOUR_VALID,STANDARD,True,1.7516327693609894,0.5732963975229121,0.01862202603450108,4,0,4,4,4,0,"[0, 1, 2, 4]",2.9638077682874915,new_pose_estimated,2,2,1,2,1
ANALYTIC_073,FOUR_VALID,ROBUST,True,1.7516327693609894,0.5732963975229121,0.01862202603450108,4,0,4,4,4,0,"[0, 1, 2, 4]",2.9638077682874915,new_pose_estimated,164,2,2,2,2
ANALYTIC_073,FIVE_VALID,STANDARD,True,1.2615175256039775,0.2679461958208038,0.012953966341659722,3,0,5,5,5,0,"[0, 1, 2, 4, 5]",1.8186056785816307,new_pose_estimated,2,2,1,2,1
ANALYTIC_073,FIVE_VALID,ROBUST,True,1.2615175256039775,0.2679461958208038,0.012953966341659722,3,0,5,5,5,0,"[0, 1, 2, 4, 5]",1.8186056785816307,new_pose_estimated,164,12,3,3,3
ANALYTIC_073,NEAR_COLLINEAR,STANDARD,True,106.57168130826327,175.6065010818885,1.6709526756194262,0,8,0,8,0,0,[],1.8505297579266882,new_pose_estimated,4,4,1,2,1
ANALYTIC_073,NEAR_COLLINEAR,ROBUST,True,256.4366130553792,88.94484658506248,2.7209486446025837,0,8,0,8,0,4,"[0, 1, 2, 3]",28.170457142977604,new_pose_estimated,161,161,3,143,3
ANALYTIC_074,VALID_ONLY,STANDARD,True,0.7466993375308626,0.3448510178995748,0.008343393222994516,0,0,8,8,8,0,"[0, 1, 2, 3, 4, 5, 6, 7]",1.5040534061205926,new_pose_estimated,2,2,1,2,1
ANALYTIC_074,VALID_ONLY,ROBUST,True,0.7466993375308626,0.3448510178995748,0.008343393222994516,0,0,8,8,8,0,"[0, 1, 2, 3, 4, 5, 6, 7]",1.5040534061205926,new_pose_estimated,164,164,3,143,3
ANALYTIC_074,DROP_ONE_CORRECT,STANDARD,True,0.8289473997709222,0.3517935639103497,0.00913215098452692,1,0,7,7,7,0,"[1, 2, 3, 4, 5, 6, 7]",1.5815323059858912,new_pose_estimated,2,2,1,2,1
ANALYTIC_074,DROP_ONE_CORRECT,ROBUST,True,0.8289473997709222,0.3517935639103497,0.00913215098452692,1,0,7,7,7,0,"[1, 2, 3, 4, 5, 6, 7]",1.5815323059858912,new_pose_estimated,164,82,3,3,3
ANALYTIC_074,DROP_TWO_CORRECT,STANDARD,True,0.6035489043978121,0.7483736358590877,0.009047560282391743,2,0,6,6,6,0,"[1, 2, 4, 5, 6, 7]",3.1370651834845344,new_pose_estimated,2,2,1,2,1
ANALYTIC_074,DROP_TWO_CORRECT,ROBUST,True,0.6035489043978121,0.7483736358590877,0.009047560282391743,2,0,6,6,6,0,"[1, 2, 4, 5, 6, 7]",3.1370651834845344,new_pose_estimated,164,36,3,3,3
ANALYTIC_074,KEEP_ONE_WRONG,STANDARD,True,6.612484262533915,2.699595872591731,0.06940883675799558,0,1,7,8,6,0,"[0, 1, 2, 3, 5, 6]",1.4663490812799755,new_pose_estimated,2,2,1,2,1
ANALYTIC_074,KEEP_ONE_WRONG,ROBUST,True,1.0185664864727888,0.23986532598912666,0.010574624723431097,0,1,7,8,7,0,"[0, 1, 2, 3, 5, 6, 7]",1.734897677601511,new_pose_estimated,152,152,3,143,3
ANALYTIC_074,KEEP_TWO_WRONG,STANDARD,True,34.34920170978475,92.12479675684433,1.247984522131158,0,2,6,8,4,0,"[0, 1, 2, 3]",1.5359426154836542,new_pose_estimated,2,2,1,2,1
ANALYTIC_074,KEEP_TWO_WRONG,ROBUST,True,1.2009669907457117,0.31416229368845616,0.012411843419907056,0,2,6,8,6,0,"[0, 1, 2, 3, 5, 7]",1.9220524680552442,new_pose_estimated,154,154,3,143,3
ANALYTIC_074,DROP_KEEP_ONE_EACH,STANDARD,True,11.954280014422727,2.2359104039900237,0.12109848738772248,1,1,6,7,5,0,"[1, 2, 3, 5, 6]",1.5870372859378024,new_pose_estimated,2,2,1,2,1
ANALYTIC_074,DROP_KEEP_ONE_EACH,ROBUST,True,1.1525859814641648,0.22627410304911752,0.011835061907146959,1,1,6,7,6,0,"[1, 2, 3, 5, 6, 7]",1.7185927995270445,new_pose_estimated,160,82,3,143,3
ANALYTIC_074,DROP_KEEP_TWO_EACH,STANDARD,True,62.491902082980076,93.29576785990295,1.3174702385782568,2,2,4,6,2,0,"[1, 2]",3.3677969291629712,new_pose_estimated,2,2,1,2,1
ANALYTIC_074,DROP_KEEP_TWO_EACH,ROBUST,True,38.90341465904922,14.53455247650901,0.41296176022090814,2,2,4,6,3,1,"[1, 2, 6, 7]",3.2768282906753656,new_pose_estimated,162,36,3,143,3
ANALYTIC_074,TWO_COHERENT_WRONG,STANDARD,True,5.494360458141467,4.464800142672024,0.0756365328119277,0,2,6,8,4,0,"[0, 1, 2, 3]",1.4700396026780553,new_pose_estimated,2,2,1,2,1
ANALYTIC_074,TWO_COHERENT_WRONG,ROBUST,True,1.2009669907457117,0.31416229368845616,0.012411843419907056,0,2,6,8,6,0,"[0, 1, 2, 3, 5, 7]",1.9220524680552442,new_pose_estimated,156,156,3,143,3
ANALYTIC_074,FOUR_VALID,STANDARD,True,0.9983401739681078,0.6106755261422654,0.0113621510936558,4,0,4,4,4,0,"[0, 1, 2, 4]",2.793410384869619,new_pose_estimated,2,2,1,2,1
ANALYTIC_074,FOUR_VALID,ROBUST,True,0.9983401739681078,0.6106755261422654,0.0113621510936558,4,0,4,4,4,0,"[0, 1, 2, 4]",2.793410384869619,new_pose_estimated,164,2,2,2,2
ANALYTIC_074,FIVE_VALID,STANDARD,True,0.9833969595437071,0.48299272618102185,0.011127245676942217,3,0,5,5,5,0,"[0, 1, 2, 4, 5]",1.7493397536962771,new_pose_estimated,2,2,1,2,1
ANALYTIC_074,FIVE_VALID,ROBUST,True,0.9833969595437071,0.48299272618102185,0.011127245676942217,3,0,5,5,5,0,"[0, 1, 2, 4, 5]",1.7493397536962771,new_pose_estimated,164,12,3,3,3
ANALYTIC_074,NEAR_COLLINEAR,STANDARD,True,78.70388174484187,170.92154663580183,1.5254576305042458,0,8,0,8,0,0,[],1.8505297579266882,new_pose_estimated,4,4,1,2,1
ANALYTIC_074,NEAR_COLLINEAR,ROBUST,True,280.34767413651053,83.4489705443479,2.9358643045779393,0,8,0,8,0,4,"[0, 1, 2, 3]",28.170457142977604,new_pose_estimated,161,161,3,143,3
ANALYTIC_075,VALID_ONLY,STANDARD,True,0.9151769931544086,0.13984758889096807,0.009247782698961033,0,0,8,8,8,0,"[0, 1, 2, 3, 4, 5, 6, 7]",1.6553826158488663,new_pose_estimated,2,2,1,2,1
ANALYTIC_075,VALID_ONLY,ROBUST,True,0.9151769931544086,0.13984758889096807,0.009247782698961033,0,0,8,8,8,0,"[0, 1, 2, 3, 4, 5, 6, 7]",1.6553826158488663,new_pose_estimated,164,164,3,143,3
ANALYTIC_075,DROP_ONE_CORRECT,STANDARD,True,0.9362877578732877,0.13438234640114466,0.009457847960937155,1,0,7,7,7,0,"[0, 1, 2, 3, 5, 6, 7]",1.8419236478393342,new_pose_estimated,2,2,1,2,1
ANALYTIC_075,DROP_ONE_CORRECT,ROBUST,True,0.9362877578732877,0.13438234640114466,0.009457847960937155,1,0,7,7,7,0,"[0, 1, 2, 3, 5, 6, 7]",1.8419236478393342,new_pose_estimated,164,82,3,3,3
ANALYTIC_075,DROP_TWO_CORRECT,STANDARD,True,1.1481379231250266,0.16194428744797096,0.011588526012454558,2,0,6,6,6,0,"[0, 1, 2, 3, 5, 7]",2.017522012963557,new_pose_estimated,2,2,1,2,1
ANALYTIC_075,DROP_TWO_CORRECT,ROBUST,True,1.1481379231250266,0.16194428744797096,0.011588526012454558,2,0,6,6,6,0,"[0, 1, 2, 3, 5, 7]",2.017522012963557,new_pose_estimated,164,34,3,3,3
ANALYTIC_075,KEEP_ONE_WRONG,STANDARD,True,30.530323098463747,86.93646774692209,1.1943702138316339,0,1,7,8,6,0,"[0, 1, 2, 3, 5, 6]",1.6215945560745353,new_pose_estimated,2,2,1,2,1
ANALYTIC_075,KEEP_ONE_WRONG,ROBUST,True,0.8973905916953904,0.1634614742157078,0.009119427522132056,0,1,7,8,7,0,"[0, 1, 2, 3, 4, 5, 6]",1.8130384899697216,new_pose_estimated,160,160,3,143,3
ANALYTIC_075,KEEP_TWO_WRONG,STANDARD,True,4.359182467819413,3.1414648612960177,0.057016045222924985,0,2,6,8,5,0,"[0, 1, 2, 3, 4]",1.6668327953684234,new_pose_estimated,2,2,1,2,1
ANALYTIC_075,KEEP_TWO_WRONG,ROBUST,True,0.6258967000253125,0.19134306419451755,0.0065363919242615275,0,2,6,8,6,0,"[0, 1, 2, 3, 4, 6]",2.0452087890450756,new_pose_estimated,164,164,3,143,3
ANALYTIC_075,DROP_KEEP_ONE_EACH,STANDARD,True,29.77708636118316,88.04168826433983,1.2043670305851757,1,1,6,7,6,1,"[0, 1, 2, 3, 5, 6, 7]",1.9000788001466988,new_pose_estimated,2,2,1,2,1
ANALYTIC_075,DROP_KEEP_ONE_EACH,ROBUST,True,29.77708636118316,88.04168826433983,1.2043670305851757,1,1,6,7,6,1,"[0, 1, 2, 3, 5, 6, 7]",1.9000788001466988,new_pose_estimated,158,82,3,143,3
ANALYTIC_075,DROP_KEEP_TWO_EACH,STANDARD,True,8.205323190078296,8.394916250448134,0.09171944058703323,2,2,4,6,4,2,"[0, 1, 2, 3, 5, 7]",1.9913518403570007,new_pose_estimated,2,2,1,2,1
ANALYTIC_075,DROP_KEEP_TWO_EACH,ROBUST,True,8.205323190078296,8.394916250448134,0.09171944058703323,2,2,4,6,4,2,"[0, 1, 2, 3, 5, 7]",1.9913518403570007,new_pose_estimated,152,34,3,143,3
ANALYTIC_075,TWO_COHERENT_WRONG,STANDARD,True,9.806739064546836,3.63347816776062,0.1041367332831643,0,2,6,8,4,0,"[0, 1, 2, 3]",1.7040621629957218,new_pose_estimated,2,2,1,2,1
ANALYTIC_075,TWO_COHERENT_WRONG,ROBUST,True,0.6258967000253125,0.19134306419451755,0.0065363919242615275,0,2,6,8,6,0,"[0, 1, 2, 3, 4, 6]",2.0452087890450756,new_pose_estimated,164,164,3,143,3
ANALYTIC_075,FOUR_VALID,STANDARD,True,1.7535312347616763,0.5145300237712951,0.018156819583022073,4,0,4,4,4,0,"[0, 1, 2, 4]",3.6813938813399103,new_pose_estimated,2,2,1,2,1
ANALYTIC_075,FOUR_VALID,ROBUST,True,1.7535312347616763,0.5145300237712951,0.018156819583022073,4,0,4,4,4,0,"[0, 1, 2, 4]",3.6813938813399103,new_pose_estimated,164,2,2,2,2
ANALYTIC_075,FIVE_VALID,STANDARD,True,1.5934418876041443,0.26676397057103535,0.016143901423827805,3,0,5,5,5,0,"[0, 1, 2, 4, 5]",2.123926154789819,new_pose_estimated,2,2,1,2,1
ANALYTIC_075,FIVE_VALID,ROBUST,True,1.5934418876041443,0.26676397057103535,0.016143901423827805,3,0,5,5,5,0,"[0, 1, 2, 4, 5]",2.123926154789819,new_pose_estimated,164,12,3,3,3
ANALYTIC_075,NEAR_COLLINEAR,STANDARD,True,119.52412543250826,168.05459535888465,1.7274451458402535,0,8,0,8,0,0,[],1.8505297579266882,new_pose_estimated,4,4,1,2,1
ANALYTIC_075,NEAR_COLLINEAR,ROBUST,True,242.5866784858005,88.8965584664293,2.567726329863319,0,8,0,8,0,4,"[0, 1, 2, 3]",28.170457142977604,new_pose_estimated,161,161,3,143,3
ANALYTIC_076,VALID_ONLY,STANDARD,True,3.1235283240910134,0.45794114130430574,0.03155549432242548,0,0,8,8,8,0,"[0, 1, 2, 3, 4, 5, 6, 7]",1.5731638885985646,new_pose_estimated,2,2,1,2,1
ANALYTIC_076,VALID_ONLY,ROBUST,True,3.1235283240910134,0.45794114130430574,0.03155549432242548,0,0,8,8,8,0,"[0, 1, 2, 3, 4, 5, 6, 7]",1.5731638885985646,new_pose_estimated,164,164,3,143,3
ANALYTIC_076,DROP_ONE_CORRECT,STANDARD,True,3.7520390464326447,0.5696044910074254,0.038001087537207934,1,0,7,7,7,0,"[0, 1, 2, 4, 5, 6, 7]",1.7834478263560891,new_pose_estimated,2,2,1,2,1
ANALYTIC_076,DROP_ONE_CORRECT,ROBUST,True,3.7520390464326447,0.5696044910074254,0.038001087537207934,1,0,7,7,7,0,"[0, 1, 2, 4, 5, 6, 7]",1.7834478263560891,new_pose_estimated,164,82,3,3,3
ANALYTIC_076,DROP_TWO_CORRECT,STANDARD,True,3.5158612950765176,0.4938695349995796,0.03554138071927219,2,0,6,6,6,0,"[0, 1, 2, 4, 6, 7]",1.9723966437117353,new_pose_estimated,2,2,1,2,1
ANALYTIC_076,DROP_TWO_CORRECT,ROBUST,True,3.5158612950765176,0.4938695349995796,0.03554138071927219,2,0,6,6,6,0,"[0, 1, 2, 4, 6, 7]",1.9723966437117353,new_pose_estimated,164,36,3,3,3
ANALYTIC_076,KEEP_ONE_WRONG,STANDARD,True,47.03689908222304,91.34241624736583,1.269425681223117,0,1,7,8,6,0,"[0, 1, 2, 3, 5, 6]",1.5466173153297118,new_pose_estimated,2,2,1,2,1
ANALYTIC_076,KEEP_ONE_WRONG,ROBUST,True,3.216645991713132,0.6662998195642384,0.032747214949539014,0,1,7,8,7,0,"[0, 1, 2, 3, 5, 6, 7]",1.7600472633895912,new_pose_estimated,160,160,3,143,3
ANALYTIC_076,KEEP_TWO_WRONG,STANDARD,True,4.082308424229419,1.8817515021429942,0.045201034021356626,0,2,6,8,5,0,"[0, 3, 5, 6, 7]",1.6186490760664136,new_pose_estimated,2,2,1,2,1
ANALYTIC_076,KEEP_TWO_WRONG,ROBUST,True,3.2224112941878316,0.6310625610429754,0.03274808925861526,0,2,6,8,6,0,"[0, 2, 3, 5, 6, 7]",1.768251374411809,new_pose_estimated,158,158,3,143,3
ANALYTIC_076,DROP_KEEP_ONE_EACH,STANDARD,True,2.619042082253483,3.0723687957844454,0.03782095490669458,1,1,6,7,5,0,"[0, 1, 2, 5, 6]",1.8465015417347814,new_pose_estimated,2,2,1,2,1
ANALYTIC_076,DROP_KEEP_ONE_EACH,ROBUST,True,3.9737101629095455,0.7622951114707892,0.040351153140301,1,1,6,7,6,0,"[0, 1, 2, 5, 6, 7]",1.8960723914848527,new_pose_estimated,160,78,3,143,3
ANALYTIC_076,DROP_KEEP_TWO_EACH,STANDARD,True,8.110564401521382,2.3096836309532094,0.08440134129415225,2,2,4,6,1,0,[0],2.0056190231450755,new_pose_estimated,2,2,1,2,1
ANALYTIC_076,DROP_KEEP_TWO_EACH,ROBUST,True,3.7128793933314204,0.689505060700961,0.0376770918231526,2,2,4,6,4,0,"[0, 2, 6, 7]",1.6171709702881059,new_pose_estimated,152,34,3,143,3
ANALYTIC_076,TWO_COHERENT_WRONG,STANDARD,True,61.1756056530434,89.58699863495634,1.286201351745537,0,2,6,8,4,0,"[0, 3, 5, 6]",1.5426109735617763,new_pose_estimated,2,2,1,2,1
ANALYTIC_076,TWO_COHERENT_WRONG,ROBUST,True,3.2224112941878316,0.6310625610429754,0.03274808925861526,0,2,6,8,6,0,"[0, 2, 3, 5, 6, 7]",1.768251374411809,new_pose_estimated,160,160,3,143,3
ANALYTIC_076,FOUR_VALID,STANDARD,True,4.765482013944603,1.15336514270423,0.048587962115376235,4,0,4,4,4,0,"[0, 1, 2, 4]",3.267615571221619,new_pose_estimated,2,2,1,2,1
ANALYTIC_076,FOUR_VALID,ROBUST,True,4.765482013944603,1.15336514270423,0.048587962115376235,4,0,4,4,4,0,"[0, 1, 2, 4]",3.267615571221619,new_pose_estimated,164,2,2,2,2
ANALYTIC_076,FIVE_VALID,STANDARD,True,4.1501864262629296,0.5976276368834677,0.042015744183269005,3,0,5,5,5,0,"[0, 1, 2, 4, 5]",1.9255817945059104,new_pose_estimated,2,2,1,2,1
ANALYTIC_076,FIVE_VALID,ROBUST,True,4.1501864262629296,0.5976276368834677,0.042015744183269005,3,0,5,5,5,0,"[0, 1, 2, 4, 5]",1.9255817945059104,new_pose_estimated,164,12,3,3,3
ANALYTIC_076,NEAR_COLLINEAR,STANDARD,True,52.99040136368356,178.34739416200816,1.4186218604746619,0,8,0,8,0,0,[],1.8505297579266882,new_pose_estimated,4,4,1,2,1
ANALYTIC_076,NEAR_COLLINEAR,ROBUST,True,306.1161979617703,98.5793607268265,3.2092282605180533,0,8,0,8,0,4,"[0, 1, 2, 3]",28.170457142977604,new_pose_estimated,161,161,3,143,3
ANALYTIC_077,VALID_ONLY,STANDARD,True,0.2130053783687064,0.46444415050840915,0.00559648120608266,0,0,8,8,8,0,"[0, 1, 2, 3, 4, 5, 6, 7]",1.8638747532549096,new_pose_estimated,2,2,1,2,1
ANALYTIC_077,VALID_ONLY,ROBUST,True,0.2130053783687064,0.46444415050840915,0.00559648120608266,0,0,8,8,8,0,"[0, 1, 2, 3, 4, 5, 6, 7]",1.8638747532549096,new_pose_estimated,164,164,3,143,3
ANALYTIC_077,DROP_ONE_CORRECT,STANDARD,True,0.30806889478999,0.4774922997507788,0.005692120969271795,1,0,7,7,7,0,"[0, 1, 2, 3, 4, 5, 7]",2.0485358956127526,new_pose_estimated,2,2,1,2,1
ANALYTIC_077,DROP_ONE_CORRECT,ROBUST,True,0.30806889478999,0.4774922997507788,0.005692120969271795,1,0,7,7,7,0,"[0, 1, 2, 3, 4, 5, 7]",2.0485358956127526,new_pose_estimated,164,82,3,3,3
ANALYTIC_077,DROP_TWO_CORRECT,STANDARD,True,0.9205059737112701,0.41338600851679025,0.01001063622667294,2,0,6,6,6,0,"[0, 1, 3, 4, 5, 7]",2.0759416840539826,new_pose_estimated,2,2,1,2,1
ANALYTIC_077,DROP_TWO_CORRECT,ROBUST,True,0.9205059737112701,0.41338600851679025,0.01001063622667294,2,0,6,6,6,0,"[0, 1, 3, 4, 5, 7]",2.0759416840539826,new_pose_estimated,164,36,3,3,3
ANALYTIC_077,KEEP_ONE_WRONG,STANDARD,True,9.47971762690102,3.3873463806091673,0.09788544175687741,0,1,7,8,6,0,"[0, 1, 2, 3, 4, 7]",1.8978140589580372,new_pose_estimated,2,2,1,2,1
ANALYTIC_077,KEEP_ONE_WRONG,ROBUST,True,0.2536687987095031,0.47147146567929976,0.0058145449578375944,0,1,7,8,7,0,"[0, 1, 2, 3, 4, 6, 7]",2.084998276300056,new_pose_estimated,154,154,3,143,3
ANALYTIC_077,KEEP_TWO_WRONG,STANDARD,True,7.597544996472696,2.845014029868616,0.08157993625871574,0,2,6,8,5,0,"[1, 2, 4, 6, 7]",1.8080161130047805,new_pose_estimated,2,2,1,2,1
ANALYTIC_077,KEEP_TWO_WRONG,ROBUST,True,0.9913804355485476,0.6901285379818093,0.01296172193628714,0,2,6,8,6,0,"[1, 2, 3, 4, 6, 7]",2.2054810254134507,new_pose_estimated,160,160,3,143,3
ANALYTIC_077,DROP_KEEP_ONE_EACH,STANDARD,True,8.749880052911646,3.8454020636320854,0.0964425417804621,1,1,6,7,6,0,"[0, 1, 2, 3, 4, 7]",1.9675215918351927,new_pose_estimated,2,2,1,2,1
ANALYTIC_077,DROP_KEEP_ONE_EACH,ROBUST,True,0.43432825329309743,0.4945652732794184,0.006420677800777691,1,1,6,7,6,0,"[0, 1, 2, 3, 4, 7]",3.056969338545024,new_pose_estimated,162,82,3,143,3
ANALYTIC_077,DROP_KEEP_TWO_EACH,STANDARD,True,9.822792123415582,2.8726161135257957,0.10387187396218747,2,2,4,6,2,0,"[1, 3]",2.0016109482706286,new_pose_estimated,2,2,1,2,1
ANALYTIC_077,DROP_KEEP_TWO_EACH,ROBUST,True,26.666014499298303,5.434403639436697,0.27006346747030663,2,2,4,6,4,1,"[1, 3, 4, 5, 7]",1.9170731937332188,new_pose_estimated,156,36,3,143,3
ANALYTIC_077,TWO_COHERENT_WRONG,STANDARD,True,7.858409677372598,1.8164844937997802,0.08041515920441616,0,2,6,8,5,0,"[1, 2, 4, 6, 7]",1.9049745289371718,new_pose_estimated,2,2,1,2,1
ANALYTIC_077,TWO_COHERENT_WRONG,ROBUST,True,0.9913804355485476,0.6901285379818093,0.01296172193628714,0,2,6,8,6,0,"[1, 2, 3, 4, 6, 7]",2.2054810254134507,new_pose_estimated,162,162,3,143,3
ANALYTIC_077,FOUR_VALID,STANDARD,True,1.5230809717575755,1.031853463485344,0.017611371881549185,4,0,4,4,4,0,"[0, 1, 2, 4]",3.9376585531294688,new_pose_estimated,2,2,1,2,1
ANALYTIC_077,FOUR_VALID,ROBUST,True,1.5230809717575755,1.031853463485344,0.017611371881549185,4,0,4,4,4,0,"[0, 1, 2, 4]",3.9376585531294688,new_pose_estimated,164,2,2,2,2
ANALYTIC_077,FIVE_VALID,STANDARD,True,1.6328236193628842,0.6929643635588949,0.017289782076546342,3,0,5,5,5,0,"[0, 1, 2, 4, 5]",2.2946019127796355,new_pose_estimated,2,2,1,2,1
ANALYTIC_077,FIVE_VALID,ROBUST,True,1.6328236193628842,0.6929643635588949,0.017289782076546342,3,0,5,5,5,0,"[0, 1, 2, 4, 5]",2.2946019127796355,new_pose_estimated,164,12,3,3,3
ANALYTIC_077,NEAR_COLLINEAR,STANDARD,True,73.24561858569704,174.58788468846438,1.5076986022117849,0,8,0,8,0,0,[],1.8505297579266882,new_pose_estimated,4,4,1,2,1
ANALYTIC_077,NEAR_COLLINEAR,ROBUST,True,286.4992863564798,105.19309695977367,3.028725936144358,0,8,0,8,0,4,"[0, 1, 2, 3]",28.170457142977604,new_pose_estimated,161,161,3,143,3
ANALYTIC_078,VALID_ONLY,STANDARD,True,0.5477218681833164,0.21222379720400605,0.005867781149770171,0,0,8,8,8,0,"[0, 1, 2, 3, 4, 5, 6, 7]",1.9774313883523165,new_pose_estimated,2,2,1,2,1
ANALYTIC_078,VALID_ONLY,ROBUST,True,0.5477218681833164,0.21222379720400605,0.005867781149770171,0,0,8,8,8,0,"[0, 1, 2, 3, 4, 5, 6, 7]",1.9774313883523165,new_pose_estimated,164,164,3,143,3
ANALYTIC_078,DROP_ONE_CORRECT,STANDARD,True,0.9375131809729256,0.0776607401035165,0.009406899356403667,1,0,7,7,7,0,"[1, 2, 3, 4, 5, 6, 7]",2.282920447344724,new_pose_estimated,2,2,1,2,1
ANALYTIC_078,DROP_ONE_CORRECT,ROBUST,True,0.9375131809729256,0.0776607401035165,0.009406899356403667,1,0,7,7,7,0,"[1, 2, 3, 4, 5, 6, 7]",2.282920447344724,new_pose_estimated,164,82,3,3,3
ANALYTIC_078,DROP_TWO_CORRECT,STANDARD,True,0.5817894482420092,0.1534376977704268,0.006012017543980791,2,0,6,6,6,0,"[1, 2, 3, 4, 5, 6]",2.3699397219128833,new_pose_estimated,2,2,1,2,1
ANALYTIC_078,DROP_TWO_CORRECT,ROBUST,True,0.5817894482420092,0.1534376977704268,0.006012017543980791,2,0,6,6,6,0,"[1, 2, 3, 4, 5, 6]",2.3699397219128833,new_pose_estimated,164,34,3,3,3
ANALYTIC_078,KEEP_ONE_WRONG,STANDARD,True,2.1292682269864747,3.036312950165335,0.036469920906242674,0,1,7,8,6,0,"[0, 3, 4, 5, 6, 7]",1.8889047071233842,new_pose_estimated,2,2,1,2,1
ANALYTIC_078,KEEP_ONE_WRONG,ROBUST,True,0.5235209602627213,0.144619679473654,0.0053201419979808946,0,1,7,8,7,0,"[0, 2, 3, 4, 5, 6, 7]",1.940194722313036,new_pose_estimated,164,164,3,143,3
ANALYTIC_078,KEEP_TWO_WRONG,STANDARD,True,13.532317550233728,2.0139873888838653,0.13677223013884793,0,2,6,8,4,0,"[4, 5, 6, 7]",2.0215821219310266,new_pose_estimated,2,2,1,2,1
ANALYTIC_078,KEEP_TWO_WRONG,ROBUST,True,0.48012004162695054,0.4010185437116713,0.006237161937074735,0,2,6,8,6,0,"[0, 2, 4, 5, 6, 7]",2.030240755420316,new_pose_estimated,148,148,3,143,3
ANALYTIC_078,DROP_KEEP_ONE_EACH,STANDARD,True,2.622806782506572,3.0640161163591193,0.03968802620904132,1,1,6,7,5,0,"[3, 4, 5, 6, 7]",2.1776338310623062,new_pose_estimated,2,2,1,2,1
ANALYTIC_078,DROP_KEEP_ONE_EACH,ROBUST,True,0.9082658985361182,0.1747346257385742,0.009310167335038621,1,1,6,7,6,0,"[2, 3, 4, 5, 6, 7]",2.079192127414961,new_pose_estimated,164,82,3,143,3
ANALYTIC_078,DROP_KEEP_TWO_EACH,STANDARD,True,23.730195854591543,6.92425526319634,0.24326688501471824,2,2,4,6,3,1,"[3, 4, 5, 6]",2.6213390277490056,new_pose_estimated,2,2,1,2,1
ANALYTIC_078,DROP_KEEP_TWO_EACH,ROBUST,True,20.797843009160573,8.772399847945955,0.2173867301520711,2,2,4,6,3,2,"[1, 3, 4, 5, 6]",2.289975545943782,new_pose_estimated,156,30,3,143,3
ANALYTIC_078,TWO_COHERENT_WRONG,STANDARD,True,12.44610503833619,4.080219635576407,0.12959638025675901,0,2,6,8,4,0,"[4, 5, 6, 7]",1.9924235821870906,new_pose_estimated,2,2,1,2,1
ANALYTIC_078,TWO_COHERENT_WRONG,ROBUST,True,0.48012004162695054,0.4010185437116713,0.006237161937074735,0,2,6,8,6,0,"[0, 2, 4, 5, 6, 7]",2.030240755420316,new_pose_estimated,158,158,3,143,3
ANALYTIC_078,FOUR_VALID,STANDARD,True,1.5567896052177062,0.6669667319579711,0.016801651280541105,4,0,4,4,4,0,"[0, 1, 2, 4]",4.657552474888171,new_pose_estimated,2,2,1,2,1
ANALYTIC_078,FOUR_VALID,ROBUST,True,1.5567896052177062,0.6669667319579711,0.016801651280541105,4,0,4,4,4,0,"[0, 1, 2, 4]",4.657552474888171,new_pose_estimated,164,2,2,2,2
ANALYTIC_078,FIVE_VALID,STANDARD,True,0.7474382635003565,0.5349860148174688,0.009694711878100963,3,0,5,5,5,0,"[0, 1, 2, 4, 5]",2.546223551437547,new_pose_estimated,2,2,1,2,1
ANALYTIC_078,FIVE_VALID,ROBUST,True,0.7474382635003565,0.5349860148174688,0.009694711878100963,3,0,5,5,5,0,"[0, 1, 2, 4, 5]",2.546223551437547,new_pose_estimated,164,12,3,3,3
ANALYTIC_078,NEAR_COLLINEAR,STANDARD,True,101.70977372028187,171.77792725365592,1.6037036423480553,0,8,0,8,0,0,[],1.8505297579266882,new_pose_estimated,4,4,1,2,1
ANALYTIC_078,NEAR_COLLINEAR,ROBUST,True,261.2488890603661,108.64949718076018,2.8273083663165544,0,8,0,8,0,4,"[0, 1, 2, 3]",28.170457142977604,new_pose_estimated,161,161,3,143,3
ANALYTIC_079,VALID_ONLY,STANDARD,True,1.3285868662714477,0.16382197947722718,0.013443231493102498,0,0,8,8,8,0,"[0, 1, 2, 3, 4, 5, 6, 7]",1.566912246516958,new_pose_estimated,2,2,1,2,1
ANALYTIC_079,VALID_ONLY,ROBUST,True,1.3285868662714477,0.16382197947722718,0.013443231493102498,0,0,8,8,8,0,"[0, 1, 2, 3, 4, 5, 6, 7]",1.566912246516958,new_pose_estimated,164,164,3,143,3
ANALYTIC_079,DROP_ONE_CORRECT,STANDARD,True,1.435643385065971,0.1659608341124495,0.014433629007036722,1,0,7,7,7,0,"[0, 1, 2, 3, 5, 6, 7]",1.6949760711736666,new_pose_estimated,2,2,1,2,1
ANALYTIC_079,DROP_ONE_CORRECT,ROBUST,True,1.435643385065971,0.1659608341124495,0.014433629007036722,1,0,7,7,7,0,"[0, 1, 2, 3, 5, 6, 7]",1.6949760711736666,new_pose_estimated,164,82,3,3,3
ANALYTIC_079,DROP_TWO_CORRECT,STANDARD,True,1.5303691440006502,0.22865216338523595,0.015433472916246825,2,0,6,6,6,0,"[0, 1, 3, 5, 6, 7]",1.478983190838073,new_pose_estimated,2,2,1,2,1
ANALYTIC_079,DROP_TWO_CORRECT,ROBUST,True,1.5303691440006502,0.22865216338523595,0.015433472916246825,2,0,6,6,6,0,"[0, 1, 3, 5, 6, 7]",1.478983190838073,new_pose_estimated,164,36,3,3,3
ANALYTIC_079,KEEP_ONE_WRONG,STANDARD,True,5.07993236014108,3.2568510950301572,0.057639111628132775,0,1,7,8,6,0,"[0, 1, 2, 3, 4, 7]",1.5489335093241285,new_pose_estimated,2,2,1,2,1
ANALYTIC_079,KEEP_ONE_WRONG,ROBUST,True,1.32999286249492,0.14650587687208763,0.013397453179799172,0,1,7,8,7,0,"[0, 1, 2, 3, 4, 6, 7]",1.8215984790465671,new_pose_estimated,152,152,3,143,3
ANALYTIC_079,KEEP_TWO_WRONG,STANDARD,True,8.337376201181234,5.572686411273916,0.0935614066555172,0,2,6,8,6,0,"[0, 1, 2, 3, 4, 7]",1.6048290674306882,new_pose_estimated,2,2,1,2,1
ANALYTIC_079,KEEP_TWO_WRONG,ROBUST,True,26.952545500478674,6.0516555298647425,0.2740670789930596,0,2,6,8,6,1,"[0, 1, 2, 3, 4, 6, 7]",1.8205543070008925,new_pose_estimated,164,164,3,143,3
ANALYTIC_079,DROP_KEEP_ONE_EACH,STANDARD,True,31.296239896536605,83.23026683809685,1.1550515555728846,1,1,6,7,5,0,"[0, 1, 2, 3, 7]",1.7815079776722402,new_pose_estimated,2,2,1,2,1
ANALYTIC_079,DROP_KEEP_ONE_EACH,ROBUST,True,1.2152526395489232,0.08105484816402699,0.012172869522336125,1,1,6,7,6,0,"[0, 1, 2, 3, 6, 7]",1.9410003136838458,new_pose_estimated,164,82,3,143,3
ANALYTIC_079,DROP_KEEP_TWO_EACH,STANDARD,True,4.604968170868406,4.02216278668157,0.05417798632939104,2,2,4,6,4,0,"[0, 1, 3, 7]",1.514923067111167,new_pose_estimated,2,2,1,2,1
ANALYTIC_079,DROP_KEEP_TWO_EACH,ROBUST,True,23.651421382674553,5.185129964247821,0.23998166217482367,2,2,4,6,4,1,"[0, 1, 3, 5, 7]",1.6203278617130328,new_pose_estimated,161,36,3,143,3
ANALYTIC_079,TWO_COHERENT_WRONG,STANDARD,True,32.98749141586737,4.4018665271771615,0.33273396696397883,0,2,6,8,6,2,"[0, 1, 2, 3, 4, 5, 6, 7]",1.5978714652209716,new_pose_estimated,2,2,1,2,1
ANALYTIC_079,TWO_COHERENT_WRONG,ROBUST,True,32.98749141586737,4.4018665271771615,0.33273396696397883,0,2,6,8,6,2,"[0, 1, 2, 3, 4, 5, 6, 7]",1.5978714652209716,new_pose_estimated,164,164,3,143,3
ANALYTIC_079,FOUR_VALID,STANDARD,True,32.92833675757393,83.03474265385017,1.15628667415388,4,0,4,4,4,0,"[0, 1, 2, 4]",3.22106967035923,new_pose_estimated,2,2,1,2,1
ANALYTIC_079,FOUR_VALID,ROBUST,True,32.92833675757393,83.03474265385017,1.15628667415388,4,0,4,4,4,0,"[0, 1, 2, 4]",3.22106967035923,new_pose_estimated,164,2,2,2,2
ANALYTIC_079,FIVE_VALID,STANDARD,True,2.8700631756174158,0.335927224223195,0.028854468587075847,3,0,5,5,5,0,"[0, 1, 2, 4, 5]",2.0501258158766436,new_pose_estimated,2,2,1,2,1
ANALYTIC_079,FIVE_VALID,ROBUST,True,2.8700631756174158,0.335927224223195,0.028854468587075847,3,0,5,5,5,0,"[0, 1, 2, 4, 5]",2.0501258158766436,new_pose_estimated,164,12,3,3,3
ANALYTIC_079,NEAR_COLLINEAR,STANDARD,True,36.19423351351244,178.55745405899347,1.3110818395710764,0,8,0,8,0,0,[],1.8505297579266882,new_pose_estimated,4,4,1,2,1
ANALYTIC_079,NEAR_COLLINEAR,ROBUST,True,327.86106515502104,95.66249073818864,3.4183629012498544,0,8,0,8,0,4,"[0, 1, 2, 3]",28.170457142977604,new_pose_estimated,161,161,3,143,3
ANALYTIC_080,VALID_ONLY,STANDARD,True,1.3717864214953701,0.30387757099731966,0.014003345744201697,0,0,8,8,8,0,"[0, 1, 2, 3, 4, 5, 6, 7]",1.5143534485053372,new_pose_estimated,2,2,1,2,1
ANALYTIC_080,VALID_ONLY,ROBUST,True,1.3717864214953701,0.30387757099731966,0.014003345744201697,0,0,8,8,8,0,"[0, 1, 2, 3, 4, 5, 6, 7]",1.5143534485053372,new_pose_estimated,164,164,3,143,3
ANALYTIC_080,DROP_ONE_CORRECT,STANDARD,True,2.2177904589871362,0.3953352155619701,0.02249450006301961,1,0,7,7,7,0,"[0, 2, 3, 4, 5, 6, 7]",1.5104571189490827,new_pose_estimated,2,2,1,2,1
ANALYTIC_080,DROP_ONE_CORRECT,ROBUST,True,2.2177904589871362,0.3953352155619701,0.02249450006301961,1,0,7,7,7,0,"[0, 2, 3, 4, 5, 6, 7]",1.5104571189490827,new_pose_estimated,164,82,3,3,3
ANALYTIC_080,DROP_TWO_CORRECT,STANDARD,True,0.5153773209707793,0.3086416026565703,0.006251125738142079,2,0,6,6,6,0,"[2, 3, 4, 5, 6, 7]",1.6875997587715446,new_pose_estimated,2,2,1,2,1
ANALYTIC_080,DROP_TWO_CORRECT,ROBUST,True,0.5153773209707793,0.3086416026565703,0.006251125738142079,2,0,6,6,6,0,"[2, 3, 4, 5, 6, 7]",1.6875997587715446,new_pose_estimated,164,36,3,3,3
ANALYTIC_080,KEEP_ONE_WRONG,STANDARD,True,17.957342843793676,2.219193284830607,0.18102671610791454,0,1,7,8,6,0,"[1, 2, 4, 5, 6, 7]",1.4843306484450784,new_pose_estimated,2,2,1,2,1
ANALYTIC_080,KEEP_ONE_WRONG,ROBUST,True,2.0954255593067175,0.3582240937283215,0.021209696889797007,0,1,7,8,7,0,"[0, 1, 2, 4, 5, 6, 7]",1.8013242729613073,new_pose_estimated,158,158,3,143,3
ANALYTIC_080,KEEP_TWO_WRONG,STANDARD,True,30.072374048297025,84.07200588284478,1.1625150608382913,0,2,6,8,4,0,"[1, 2, 4, 7]",1.5218291131641373,new_pose_estimated,2,2,1,2,1
ANALYTIC_080,KEEP_TWO_WRONG,ROBUST,True,4.175429842931593,81.05311738417687,1.1067688632432908,0,2,6,8,4,2,"[1, 2, 3, 4, 5, 7]",1.88934879633452,new_pose_estimated,164,164,3,143,3
ANALYTIC_080,DROP_KEEP_ONE_EACH,STANDARD,True,5.284358499528096,2.789401923635452,0.05932401197621684,1,1,6,7,5,0,"[2, 4, 5, 6, 7]",1.5755985887733148,new_pose_estimated,2,2,1,2,1
ANALYTIC_080,DROP_KEEP_ONE_EACH,ROBUST,True,2.761620375957288,0.41670210219964016,0.02790106921625711,1,1,6,7,6,0,"[0, 2, 4, 5, 6, 7]",1.626574984605102,new_pose_estimated,164,82,3,143,3
ANALYTIC_080,DROP_KEEP_TWO_EACH,STANDARD,True,91.27171201407617,89.63781004454155,1.3966448215910217,2,2,4,6,3,1,"[2, 3, 4, 7]",1.4373026992384401,new_pose_estimated,2,2,1,2,1
ANALYTIC_080,DROP_KEEP_TWO_EACH,ROBUST,True,81.24286623762123,88.32378117412863,1.3395371685216,2,2,4,6,4,1,"[2, 3, 4, 6, 7]",1.4631561017827777,new_pose_estimated,161,36,3,143,3
ANALYTIC_080,TWO_COHERENT_WRONG,STANDARD,True,8.085207609201959,1.2456636355643673,0.08172023934712247,0,2,6,8,5,0,"[1, 2, 4, 6, 7]",1.5652303048854228,new_pose_estimated,2,2,1,2,1
ANALYTIC_080,TWO_COHERENT_WRONG,ROBUST,True,3.4412831932096037,0.6213411997038509,0.03494210504591172,0,2,6,8,6,0,"[0, 1, 2, 4, 6, 7]",1.8735337862991077,new_pose_estimated,162,162,3,143,3
ANALYTIC_080,FOUR_VALID,STANDARD,True,6.016382563144158,0.7296269524606933,0.06062525718239341,4,0,4,4,4,0,"[0, 1, 2, 4]",3.2735130389314175,new_pose_estimated,2,2,1,2,1
ANALYTIC_080,FOUR_VALID,ROBUST,True,6.016382563144158,0.7296269524606933,0.06062525718239341,4,0,4,4,4,0,"[0, 1, 2, 4]",3.2735130389314175,new_pose_estimated,164,2,2,2,2
ANALYTIC_080,FIVE_VALID,STANDARD,True,2.722421761399129,0.24837319465970387,0.027320972302546,3,0,5,5,5,0,"[0, 1, 2, 4, 5]",1.987164138031183,new_pose_estimated,2,2,1,2,1
ANALYTIC_080,FIVE_VALID,ROBUST,True,2.722421761399129,0.24837319465970387,0.027320972302546,3,0,5,5,5,0,"[0, 1, 2, 4, 5]",1.987164138031183,new_pose_estimated,164,12,3,3,3
ANALYTIC_080,NEAR_COLLINEAR,STANDARD,True,41.044502578076404,174.49302236552234,1.336192859323365,0,8,0,8,0,0,[],1.8505297579266882,new_pose_estimated,4,4,1,2,1
ANALYTIC_080,NEAR_COLLINEAR,ROBUST,True,325.8327961671386,89.81937853962458,3.3897556274769682,0,8,0,8,0,4,"[0, 1, 2, 3]",28.170457142977604,new_pose_estimated,161,161,3,143,3
ANALYTIC_081,VALID_ONLY,STANDARD,True,1.1042585818716506,0.44315007764697445,0.011966402831316818,0,0,8,8,8,0,"[0, 1, 2, 3, 4, 5, 6, 7]",1.4568718823656808,new_pose_estimated,2,2,1,2,1
ANALYTIC_081,VALID_ONLY,ROBUST,True,1.1042585818716506,0.44315007764697445,0.011966402831316818,0,0,8,8,8,0,"[0, 1, 2, 3, 4, 5, 6, 7]",1.4568718823656808,new_pose_estimated,164,164,3,143,3
ANALYTIC_081,DROP_ONE_CORRECT,STANDARD,True,1.2688636768534167,0.39353530959039257,0.013266389129647164,1,0,7,7,7,0,"[0, 2, 3, 4, 5, 6, 7]",1.385577490381368,new_pose_estimated,2,2,1,2,1
ANALYTIC_081,DROP_ONE_CORRECT,ROBUST,True,1.2688636768534167,0.39353530959039257,0.013266389129647164,1,0,7,7,7,0,"[0, 2, 3, 4, 5, 6, 7]",1.385577490381368,new_pose_estimated,164,82,3,3,3
ANALYTIC_081,DROP_TWO_CORRECT,STANDARD,True,1.35747042971741,0.4426532111029255,0.014235495538765325,2,0,6,6,6,0,"[0, 2, 3, 4, 5, 6]",1.5927726835917477,new_pose_estimated,2,2,1,2,1
ANALYTIC_081,DROP_TWO_CORRECT,ROBUST,True,1.35747042971741,0.4426532111029255,0.014235495538765325,2,0,6,6,6,0,"[0, 2, 3, 4, 5, 6]",1.5927726835917477,new_pose_estimated,164,36,3,3,3
ANALYTIC_081,KEEP_ONE_WRONG,STANDARD,True,2.7613222183405273,2.3258889163270853,0.036275098896491394,0,1,7,8,6,0,"[1, 2, 4, 5, 6, 7]",1.4462812508136562,new_pose_estimated,2,2,1,2,1
ANALYTIC_081,KEEP_ONE_WRONG,ROBUST,True,0.52360239070073,0.3490451397268438,0.006704651576728935,0,1,7,8,7,0,"[0, 1, 2, 4, 5, 6, 7]",1.6810634971727665,new_pose_estimated,152,152,3,143,3
ANALYTIC_081,KEEP_TWO_WRONG,STANDARD,True,12.174214665602111,2.637078087223852,0.12447942166772333,0,2,6,8,4,0,"[1, 2, 4, 7]",1.4386172752604691,new_pose_estimated,2,2,1,2,1
ANALYTIC_081,KEEP_TWO_WRONG,ROBUST,True,0.5856160805442169,0.39235026997156297,0.007901336899047984,0,2,6,8,6,0,"[0, 1, 2, 4, 6, 7]",1.7759323955634125,new_pose_estimated,164,164,3,143,3
ANALYTIC_081,DROP_KEEP_ONE_EACH,STANDARD,True,7.747285897626198,1.9299200520449855,0.08038527656464162,1,1,6,7,5,0,"[2, 4, 5, 6, 7]",1.4207279498089236,new_pose_estimated,2,2,1,2,1
ANALYTIC_081,DROP_KEEP_ONE_EACH,ROBUST,True,0.6068204309720606,0.27744858852457704,0.006822731948854017,1,1,6,7,6,0,"[0, 2, 4, 5, 6, 7]",1.4351971912971517,new_pose_estimated,164,82,3,143,3
ANALYTIC_081,DROP_KEEP_TWO_EACH,STANDARD,True,1.036812369077902,3.9677145626254995,0.03733715936118995,2,2,4,6,2,0,"[2, 4]",1.6280313859565774,new_pose_estimated,2,2,1,2,1
ANALYTIC_081,DROP_KEEP_TWO_EACH,ROBUST,True,0.8769895265476686,0.448814465605776,0.010032716163993548,2,2,4,6,4,0,"[0, 2, 4, 6]",1.461778292537585,new_pose_estimated,164,36,3,143,3
ANALYTIC_081,TWO_COHERENT_WRONG,STANDARD,True,8.054740159493145,0.2852977784809115,0.08059444857009675,0,2,6,8,4,0,"[1, 2, 6, 7]",1.4542169327013328,new_pose_estimated,2,2,1,2,1
ANALYTIC_081,TWO_COHERENT_WRONG,ROBUST,True,0.5856160805442169,0.39235026997156297,0.007901336899047984,0,2,6,8,6,0,"[0, 1, 2, 4, 6, 7]",1.7759323955634125,new_pose_estimated,164,164,3,143,3
ANALYTIC_081,FOUR_VALID,STANDARD,True,0.7021451329925522,0.5621055380190297,0.010467651556085533,4,0,4,4,4,0,"[0, 1, 2, 4]",3.2529976907548828,new_pose_estimated,2,2,1,2,1
ANALYTIC_081,FOUR_VALID,ROBUST,True,0.7021451329925522,0.5621055380190297,0.010467651556085533,4,0,4,4,4,0,"[0, 1, 2, 4]",3.2529976907548828,new_pose_estimated,164,2,2,2,2
ANALYTIC_081,FIVE_VALID,STANDARD,True,0.5968093442721591,0.39992051789328104,0.007148042660540194,3,0,5,5,5,0,"[0, 1, 2, 4, 5]",1.9944345801961667,new_pose_estimated,2,2,1,2,1
ANALYTIC_081,FIVE_VALID,ROBUST,True,0.5968093442721591,0.39992051789328104,0.007148042660540194,3,0,5,5,5,0,"[0, 1, 2, 4, 5]",1.9944345801961667,new_pose_estimated,164,12,3,3,3
ANALYTIC_081,NEAR_COLLINEAR,STANDARD,True,145.10134378312617,179.09433745628755,1.9388753700908667,0,8,0,8,0,0,[],1.8505297579266882,new_pose_estimated,4,4,1,2,1
ANALYTIC_081,NEAR_COLLINEAR,ROBUST,True,218.2759683072316,93.28520927695693,2.376620065478331,0,8,0,8,0,4,"[0, 1, 2, 3]",28.170457142977604,new_pose_estimated,161,161,3,143,3
ANALYTIC_082,VALID_ONLY,STANDARD,True,2.4512708124791347,0.7992567824128451,0.025589892948585026,0,0,8,8,8,0,"[0, 1, 2, 3, 4, 5, 6, 7]",1.5885428340818333,new_pose_estimated,2,2,1,2,1
ANALYTIC_082,VALID_ONLY,ROBUST,True,2.4512708124791347,0.7992567824128451,0.025589892948585026,0,0,8,8,8,0,"[0, 1, 2, 3, 4, 5, 6, 7]",1.5885428340818333,new_pose_estimated,160,160,3,143,3
ANALYTIC_082,DROP_ONE_CORRECT,STANDARD,True,2.1565209721266307,0.6662318928757743,0.02263376745139999,1,0,7,7,7,0,"[0, 1, 2, 3, 4, 5, 6]",1.7491379827738165,new_pose_estimated,2,2,1,2,1
ANALYTIC_082,DROP_ONE_CORRECT,ROBUST,True,2.1565209721266307,0.6662318928757743,0.02263376745139999,1,0,7,7,7,0,"[0, 1, 2, 3, 4, 5, 6]",1.7491379827738165,new_pose_estimated,160,78,3,3,3
ANALYTIC_082,DROP_TWO_CORRECT,STANDARD,True,2.9697687513198496,0.7935476527361198,0.030757479962756174,2,0,6,6,6,0,"[0, 1, 3, 4, 5, 6]",1.8341165050640817,new_pose_estimated,2,2,1,2,1
ANALYTIC_082,DROP_TWO_CORRECT,ROBUST,True,2.9697687513198496,0.7935476527361198,0.030757479962756174,2,0,6,6,6,0,"[0, 1, 3, 4, 5, 6]",1.8341165050640817,new_pose_estimated,160,34,3,3,3
ANALYTIC_082,KEEP_ONE_WRONG,STANDARD,True,7.089790073322513,2.5939546917844454,0.07635421083433434,0,1,7,8,6,0,"[0, 3, 4, 5, 6, 7]",1.6532571382366708,new_pose_estimated,2,2,1,2,1
ANALYTIC_082,KEEP_ONE_WRONG,ROBUST,True,1.649084718371299,0.7952626749119753,0.01799475873376511,0,1,7,8,7,0,"[0, 2, 3, 4, 5, 6, 7]",1.6094482822681235,new_pose_estimated,160,160,3,143,3
ANALYTIC_082,KEEP_TWO_WRONG,STANDARD,True,13.361302042194243,5.767688684341896,0.14392555867557744,0,2,6,8,4,0,"[0, 3, 6, 7]",1.4650260815311886,new_pose_estimated,2,2,1,2,1
ANALYTIC_082,KEEP_TWO_WRONG,ROBUST,True,0.8673798357194022,0.7555549398416418,0.011011695569057556,0,2,6,8,6,0,"[0, 2, 3, 4, 6, 7]",1.7498985085681444,new_pose_estimated,156,156,3,143,3
ANALYTIC_082,DROP_KEEP_ONE_EACH,STANDARD,True,12.19306775029957,2.8657724627752175,0.12504233320797,1,1,6,7,5,0,"[0, 3, 4, 5, 6]",1.7568869464300336,new_pose_estimated,2,2,1,2,1
ANALYTIC_082,DROP_KEEP_ONE_EACH,ROBUST,True,1.1816656394173486,0.6577492820548104,0.01384674838723295,1,1,6,7,6,0,"[0, 2, 3, 4, 5, 6]",1.7037259714106747,new_pose_estimated,160,78,3,143,3
ANALYTIC_082,DROP_KEEP_TWO_EACH,STANDARD,True,15.053081429175508,5.413246733492808,0.16002691225356702,2,2,4,6,2,1,"[0, 1, 3]",1.7055444358459873,new_pose_estimated,2,2,1,2,1
ANALYTIC_082,DROP_KEEP_TWO_EACH,ROBUST,True,4.812928181903334,5.645253825771492,0.07233841137811985,2,2,4,6,4,1,"[0, 1, 3, 4, 6]",1.719324863473508,new_pose_estimated,154,34,3,143,3
ANALYTIC_082,TWO_COHERENT_WRONG,STANDARD,True,26.751008636242062,2.1282591058036298,0.26817884720611224,0,2,6,8,4,0,"[0, 3, 4, 7]",1.563542628641765,new_pose_estimated,2,2,1,2,1
ANALYTIC_082,TWO_COHERENT_WRONG,ROBUST,True,0.8673798357194022,0.7555549398416418,0.011011695569057556,0,2,6,8,6,0,"[0, 2, 3, 4, 6, 7]",1.7498985085681444,new_pose_estimated,164,164,3,143,3
ANALYTIC_082,FOUR_VALID,STANDARD,True,3.661458648624184,1.0301850862002557,0.03736983394806724,4,0,4,4,4,0,"[0, 1, 2, 4]",3.3288088145766204,new_pose_estimated,2,2,1,2,1
ANALYTIC_082,FOUR_VALID,ROBUST,True,3.661458648624184,1.0301850862002557,0.03736983394806724,4,0,4,4,4,0,"[0, 1, 2, 4]",3.3288088145766204,new_pose_estimated,160,2,2,2,2
ANALYTIC_082,FIVE_VALID,STANDARD,True,2.6281030934422396,0.3940328659332663,0.02673032604127447,3,0,5,5,5,0,"[0, 1, 2, 4, 5]",1.998990361377181,new_pose_estimated,2,2,1,2,1
ANALYTIC_082,FIVE_VALID,ROBUST,True,2.6281030934422396,0.3940328659332663,0.02673032604127447,3,0,5,5,5,0,"[0, 1, 2, 4, 5]",1.998990361377181,new_pose_estimated,160,12,3,3,3
ANALYTIC_082,NEAR_COLLINEAR,STANDARD,True,42.531025699276434,178.92947953865414,1.3711329455580425,0,8,0,8,0,0,[],1.8505297579266882,new_pose_estimated,4,4,1,2,1
ANALYTIC_082,NEAR_COLLINEAR,ROBUST,True,320.6995695652556,98.98336876885767,3.347846429254732,0,8,0,8,0,4,"[0, 1, 2, 3]",28.170457142977604,new_pose_estimated,161,161,3,143,3
ANALYTIC_083,VALID_ONLY,STANDARD,True,0.30272748176413405,0.5283225668105983,0.007926756587787007,0,0,8,8,8,0,"[0, 1, 2, 3, 4, 5, 6, 7]",1.6623839351833345,new_pose_estimated,2,2,1,2,1
ANALYTIC_083,VALID_ONLY,ROBUST,True,0.30272748176413405,0.5283225668105983,0.007926756587787007,0,0,8,8,8,0,"[0, 1, 2, 3, 4, 5, 6, 7]",1.6623839351833345,new_pose_estimated,164,164,3,143,3
ANALYTIC_083,DROP_ONE_CORRECT,STANDARD,True,2.4238201240934716,0.5198410429086129,0.0250358478351266,1,0,7,7,7,0,"[0, 1, 2, 3, 4, 6, 7]",1.9196014061857594,new_pose_estimated,2,2,1,2,1
ANALYTIC_083,DROP_ONE_CORRECT,ROBUST,True,2.4238201240934716,0.5198410429086129,0.0250358478351266,1,0,7,7,7,0,"[0, 1, 2, 3, 4, 6, 7]",1.9196014061857594,new_pose_estimated,164,82,3,3,3
ANALYTIC_083,DROP_TWO_CORRECT,STANDARD,True,3.5734267449832524,0.4563309794881804,0.036150485002550345,2,0,6,6,6,0,"[1, 2, 3, 4, 6, 7]",2.0431090908133056,new_pose_estimated,2,2,1,2,1
ANALYTIC_083,DROP_TWO_CORRECT,ROBUST,True,3.5734267449832524,0.4563309794881804,0.036150485002550345,2,0,6,6,6,0,"[1, 2, 3, 4, 6, 7]",2.0431090908133056,new_pose_estimated,164,34,3,3,3
ANALYTIC_083,KEEP_ONE_WRONG,STANDARD,True,3.206459518706037,2.8247551256909764,0.04158476387380893,0,1,7,8,7,0,"[0, 1, 2, 3, 4, 5, 6]",1.6823172263699466,new_pose_estimated,2,2,1,2,1
ANALYTIC_083,KEEP_ONE_WRONG,ROBUST,True,0.4097878832143523,0.6441345409808844,0.009859653299229248,0,1,7,8,7,0,"[0, 1, 2, 3, 4, 5, 6]",1.7707964203600508,new_pose_estimated,164,164,3,143,3
ANALYTIC_083,KEEP_TWO_WRONG,STANDARD,True,9.360832356899804,5.354597192503955,0.10756944065993398,0,2,6,8,4,0,"[0, 3, 5, 6]",1.6019222501650385,new_pose_estimated,2,2,1,2,1
ANALYTIC_083,KEEP_TWO_WRONG,ROBUST,True,0.3545295476138983,0.6296046730877246,0.009425990097690651,0,2,6,8,6,0,"[0, 1, 3, 4, 5, 6]",1.7068170711483441,new_pose_estimated,152,152,3,143,3
ANALYTIC_083,DROP_KEEP_ONE_EACH,STANDARD,True,5.028460532373229,3.2171364831970313,0.05490436281190435,1,1,6,7,5,0,"[0, 1, 2, 3, 6]",1.8772059024785595,new_pose_estimated,2,2,1,2,1
ANALYTIC_083,DROP_KEEP_ONE_EACH,ROBUST,True,2.3454337369673657,0.5450367276351585,0.024406135616786045,1,1,6,7,6,0,"[0, 1, 2, 3, 4, 6]",2.042837513244128,new_pose_estimated,154,74,3,143,3
ANALYTIC_083,DROP_KEEP_TWO_EACH,STANDARD,True,9.597453195620021,5.36948132272484,0.10898428059452533,2,2,4,6,2,0,"[3, 6]",2.1755848442043315,new_pose_estimated,2,2,1,2,1
ANALYTIC_083,DROP_KEEP_TWO_EACH,ROBUST,True,3.562063060039982,0.4299093427158532,0.036017689679272546,2,2,4,6,4,0,"[1, 3, 4, 6]",1.6881187942614893,new_pose_estimated,158,32,3,143,3
ANALYTIC_083,TWO_COHERENT_WRONG,STANDARD,True,48.101771785293714,83.89179660283351,1.201779797234194,0,2,6,8,5,0,"[0, 3, 4, 5, 6]",1.5656192031641152,new_pose_estimated,2,2,1,2,1
ANALYTIC_083,TWO_COHERENT_WRONG,ROBUST,True,0.3545295476138983,0.6296046730877246,0.009425990097690651,0,2,6,8,6,0,"[0, 1, 3, 4, 5, 6]",1.7068170711483441,new_pose_estimated,160,160,3,143,3
ANALYTIC_083,FOUR_VALID,STANDARD,True,0.6742257984160059,0.5650515530976782,0.009478246236884667,4,0,4,4,4,0,"[0, 1, 2, 4]",3.74772577028035,new_pose_estimated,2,2,1,2,1
ANALYTIC_083,FOUR_VALID,ROBUST,True,0.6742257984160059,0.5650515530976782,0.009478246236884667,4,0,4,4,4,0,"[0, 1, 2, 4]",3.74772577028035,new_pose_estimated,164,2,2,2,2
ANALYTIC_083,FIVE_VALID,STANDARD,True,2.8186912651507825,0.8334469520553746,0.02998519060886748,3,0,5,5,5,0,"[0, 1, 2, 4, 5]",2.068714598910168,new_pose_estimated,2,2,1,2,1
ANALYTIC_083,FIVE_VALID,ROBUST,True,2.8186912651507825,0.8334469520553746,0.02998519060886748,3,0,5,5,5,0,"[0, 1, 2, 4, 5]",2.068714598910168,new_pose_estimated,164,12,3,3,3
ANALYTIC_083,NEAR_COLLINEAR,STANDARD,True,33.728163186294594,168.60789544735178,1.2998264142426694,0,8,0,8,0,0,[],1.8505297579266882,new_pose_estimated,4,4,1,2,1
ANALYTIC_083,NEAR_COLLINEAR,ROBUST,True,328.81630077590046,90.83671311246276,3.393150768514455,0,8,0,8,0,4,"[0, 1, 2, 3]",28.170457142977604,new_pose_estimated,161,161,3,143,3
ANALYTIC_084,VALID_ONLY,STANDARD,True,0.6668586259557985,0.33856793295248805,0.007808606517464119,0,0,8,8,8,0,"[0, 1, 2, 3, 4, 5, 6, 7]",1.3517930285028976,new_pose_estimated,2,2,1,2,1
ANALYTIC_084,VALID_ONLY,ROBUST,True,0.6668586259557985,0.33856793295248805,0.007808606517464119,0,0,8,8,8,0,"[0, 1, 2, 3, 4, 5, 6, 7]",1.3517930285028976,new_pose_estimated,160,160,3,143,3
ANALYTIC_084,DROP_ONE_CORRECT,STANDARD,True,0.4005949762263375,0.41712724242052684,0.007084941850310963,1,0,7,7,7,0,"[0, 1, 2, 4, 5, 6, 7]",1.4254403307224215,new_pose_estimated,2,2,1,2,1
ANALYTIC_084,DROP_ONE_CORRECT,ROBUST,True,0.4005949762263375,0.41712724242052684,0.007084941850310963,1,0,7,7,7,0,"[0, 1, 2, 4, 5, 6, 7]",1.4254403307224215,new_pose_estimated,160,78,3,3,3
ANALYTIC_084,DROP_TWO_CORRECT,STANDARD,True,3.7394735426924743,0.24851491548362736,0.03749071511186058,2,0,6,6,6,0,"[1, 2, 4, 5, 6, 7]",2.377055820590204,new_pose_estimated,2,2,1,2,1
ANALYTIC_084,DROP_TWO_CORRECT,ROBUST,True,3.7394735426924743,0.24851491548362736,0.03749071511186058,2,0,6,6,6,0,"[1, 2, 4, 5, 6, 7]",2.377055820590204,new_pose_estimated,160,36,3,3,3
ANALYTIC_084,KEEP_ONE_WRONG,STANDARD,True,2.6608711091683745,3.2194121061474568,0.040556945171484726,0,1,7,8,7,0,"[0, 1, 2, 3, 4, 5, 6]",1.3516556522669976,new_pose_estimated,2,2,1,2,1
ANALYTIC_084,KEEP_ONE_WRONG,ROBUST,True,0.6986245167510815,0.31580275755253284,0.007918662928644205,0,1,7,8,7,0,"[0, 1, 2, 3, 4, 5, 6]",1.5668045862657864,new_pose_estimated,138,138,3,143,3
ANALYTIC_084,KEEP_TWO_WRONG,STANDARD,True,7.3758488470838515,3.61940033205835,0.08382835623871004,0,2,6,8,6,0,"[0, 1, 2, 3, 5, 6]",1.3585568458041637,new_pose_estimated,2,2,1,2,1
ANALYTIC_084,KEEP_TWO_WRONG,ROBUST,True,0.4461666505288218,0.09953415966974559,0.004596944299436228,0,2,6,8,6,0,"[0, 1, 2, 3, 5, 6]",2.1993109373817052,new_pose_estimated,160,160,3,143,3
ANALYTIC_084,DROP_KEEP_ONE_EACH,STANDARD,True,9.024995343095334,2.84404376668336,0.09470140247677553,1,1,6,7,6,0,"[0, 1, 2, 4, 5, 6]",1.4233096358661,new_pose_estimated,2,2,1,2,1
ANALYTIC_084,DROP_KEEP_ONE_EACH,ROBUST,True,0.5468518222922848,0.3919480016171384,0.007743633769189044,1,1,6,7,6,0,"[0, 1, 2, 4, 5, 6]",1.650184800210514,new_pose_estimated,160,78,3,143,3
ANALYTIC_084,DROP_KEEP_TWO_EACH,STANDARD,True,113.92535041134127,177.07443621379892,1.26126620777696,2,2,4,6,0,0,[],2.1967721369940265,new_pose_estimated,2,2,1,2,1
ANALYTIC_084,DROP_KEEP_TWO_EACH,ROBUST,True,35.36379784408917,8.245158447229883,0.3645092688684205,2,2,4,6,4,1,"[1, 2, 5, 6, 7]",2.9720187358005843,new_pose_estimated,138,28,3,143,3
ANALYTIC_084,TWO_COHERENT_WRONG,STANDARD,True,40.2393727838857,88.78504731138287,1.2301351014307385,0,2,6,8,6,2,"[0, 1, 2, 3, 4, 5, 6, 7]",1.3972224889950557,new_pose_estimated,2,2,1,2,1
ANALYTIC_084,TWO_COHERENT_WRONG,ROBUST,True,40.2393727838857,88.78504731138287,1.2301351014307385,0,2,6,8,6,2,"[0, 1, 2, 3, 4, 5, 6, 7]",1.3972224889950557,new_pose_estimated,164,164,3,143,3
ANALYTIC_084,FOUR_VALID,STANDARD,True,4.119659365512822,1.0698869480567066,0.04269132889961421,4,0,4,4,4,0,"[0, 1, 2, 4]",3.053650753064955,new_pose_estimated,2,2,1,2,1
ANALYTIC_084,FOUR_VALID,ROBUST,True,4.119659365512822,1.0698869480567066,0.04269132889961421,4,0,4,4,4,0,"[0, 1, 2, 4]",3.053650753064955,new_pose_estimated,160,2,2,2,2
ANALYTIC_084,FIVE_VALID,STANDARD,True,0.3340406590560885,0.49807320123570953,0.0063719166176270286,3,0,5,5,5,0,"[0, 1, 2, 4, 5]",1.800510011676656,new_pose_estimated,2,2,1,2,1
ANALYTIC_084,FIVE_VALID,ROBUST,True,0.3340406590560885,0.49807320123570953,0.0063719166176270286,3,0,5,5,5,0,"[0, 1, 2, 4, 5]",1.800510011676656,new_pose_estimated,160,12,3,3,3
ANALYTIC_084,NEAR_COLLINEAR,STANDARD,True,23.509319464081095,168.0944691370271,1.3000807235234328,0,8,0,8,0,0,[],1.8505297579266882,new_pose_estimated,4,4,1,2,1
ANALYTIC_084,NEAR_COLLINEAR,ROBUST,True,333.32775883496885,84.28173144372447,3.437714785683197,0,8,0,8,0,4,"[0, 1, 2, 3]",28.170457142977604,new_pose_estimated,161,161,3,143,3
ANALYTIC_085,VALID_ONLY,STANDARD,True,0.7759511417691416,0.22365911846313827,0.008071743734359541,0,0,8,8,8,0,"[0, 1, 2, 3, 4, 5, 6, 7]",1.5079547813048146,new_pose_estimated,2,2,1,2,1
ANALYTIC_085,VALID_ONLY,ROBUST,True,0.7759511417691416,0.22365911846313827,0.008071743734359541,0,0,8,8,8,0,"[0, 1, 2, 3, 4, 5, 6, 7]",1.5079547813048146,new_pose_estimated,164,164,3,143,3
ANALYTIC_085,DROP_ONE_CORRECT,STANDARD,True,1.469025794264945,0.1544178856424709,0.014777762155378859,1,0,7,7,7,0,"[0, 1, 2, 3, 4, 6, 7]",1.8583044325986406,new_pose_estimated,2,2,1,2,1
ANALYTIC_085,DROP_ONE_CORRECT,ROBUST,True,1.469025794264945,0.1544178856424709,0.014777762155378859,1,0,7,7,7,0,"[0, 1, 2, 3, 4, 6, 7]",1.8583044325986406,new_pose_estimated,164,82,3,3,3
ANALYTIC_085,DROP_TWO_CORRECT,STANDARD,True,1.3532568863023315,0.13530742390986428,0.01361118421461137,2,0,6,6,6,0,"[0, 2, 3, 4, 6, 7]",1.7470704251840807,new_pose_estimated,2,2,1,2,1
ANALYTIC_085,DROP_TWO_CORRECT,ROBUST,True,1.3532568863023315,0.13530742390986428,0.01361118421461137,2,0,6,6,6,0,"[0, 2, 3, 4, 6, 7]",1.7470704251840807,new_pose_estimated,164,36,3,3,3
ANALYTIC_085,KEEP_ONE_WRONG,STANDARD,True,1.8356812151986177,2.0718799871748588,0.025814656186319708,0,1,7,8,7,0,"[0, 1, 2, 3, 5, 6, 7]",1.5126691959246759,new_pose_estimated,2,2,1,2,1
ANALYTIC_085,KEEP_ONE_WRONG,ROBUST,True,0.7853609845855999,0.248657310424985,0.008237105744945936,0,1,7,8,7,0,"[0, 1, 2, 3, 5, 6, 7]",1.7305204623009303,new_pose_estimated,148,148,3,143,3
ANALYTIC_085,KEEP_TWO_WRONG,STANDARD,True,3.83036234286874,4.3555322709521525,0.05218843675498391,0,2,6,8,5,0,"[0, 1, 2, 3, 6]",1.5263774335130773,new_pose_estimated,2,2,1,2,1
ANALYTIC_085,KEEP_TWO_WRONG,ROBUST,True,0.8752819297067261,0.44270909271011344,0.009923623644772762,0,2,6,8,6,0,"[0, 1, 2, 3, 5, 6]",2.3457155141147354,new_pose_estimated,153,153,3,143,3
ANALYTIC_085,DROP_KEEP_ONE_EACH,STANDARD,True,3.380880759332358,2.620793468022597,0.03877189748880387,1,1,6,7,5,0,"[0, 1, 2, 3, 6]",1.856919482813391,new_pose_estimated,2,2,1,2,1
ANALYTIC_085,DROP_KEEP_ONE_EACH,ROBUST,True,1.4689589562042205,0.15446368555437573,0.014776014175660025,1,1,6,7,6,0,"[0, 1, 2, 3, 6, 7]",2.0617534333069187,new_pose_estimated,164,82,3,143,3
ANALYTIC_085,DROP_KEEP_TWO_EACH,STANDARD,True,4.323703346561569,5.814977832616747,0.06606449717529815,2,2,4,6,3,2,"[0, 2, 3, 4, 7]",1.777153505987218,new_pose_estimated,2,2,1,2,1
ANALYTIC_085,DROP_KEEP_TWO_EACH,ROBUST,True,9.179449908019327,8.647230633527167,0.10520285821668782,2,2,4,6,3,2,"[0, 2, 3, 4, 7]",2.670709757434852,new_pose_estimated,149,30,3,143,3
ANALYTIC_085,TWO_COHERENT_WRONG,STANDARD,True,28.63506701838714,87.69635190128169,1.1999357760263476,0,2,6,8,6,2,"[0, 1, 2, 3, 4, 5, 6, 7]",1.5888016619757162,new_pose_estimated,2,2,1,2,1
ANALYTIC_085,TWO_COHERENT_WRONG,ROBUST,True,28.63506701838714,87.69635190128169,1.1999357760263476,0,2,6,8,6,2,"[0, 1, 2, 3, 4, 5, 6, 7]",1.5888016619757162,new_pose_estimated,164,164,3,143,3
ANALYTIC_085,FOUR_VALID,STANDARD,True,1.0187964989527714,0.37584198564467075,0.010921800655309843,4,0,4,4,4,0,"[0, 1, 2, 4]",3.5565084393213082,new_pose_estimated,2,2,1,2,1
ANALYTIC_085,FOUR_VALID,ROBUST,True,1.0187964989527714,0.37584198564467075,0.010921800655309843,4,0,4,4,4,0,"[0, 1, 2, 4]",3.5565084393213082,new_pose_estimated,164,2,2,2,2
ANALYTIC_085,FIVE_VALID,STANDARD,True,0.34215473309875494,0.5513342349504752,0.007596376818312681,3,0,5,5,5,0,"[0, 1, 2, 4, 5]",2.0279506760487362,new_pose_estimated,2,2,1,2,1
ANALYTIC_085,FIVE_VALID,ROBUST,True,0.34215473309875494,0.5513342349504752,0.007596376818312681,3,0,5,5,5,0,"[0, 1, 2, 4, 5]",2.0279506760487362,new_pose_estimated,164,12,3,3,3
ANALYTIC_085,NEAR_COLLINEAR,STANDARD,True,129.4924622260228,176.5039589910884,1.8224057969581549,0,8,0,8,0,0,[],1.8505297579266882,new_pose_estimated,4,4,1,2,1
ANALYTIC_085,NEAR_COLLINEAR,ROBUST,True,229.75939392489892,99.43602107701918,2.48582031406022,0,8,0,8,0,4,"[0, 1, 2, 3]",28.170457142977604,new_pose_estimated,161,161,3,143,3
ANALYTIC_086,VALID_ONLY,STANDARD,True,1.4845447850058626,0.26990370052831103,0.015077637305390208,0,0,8,8,8,0,"[0, 1, 2, 3, 4, 5, 6, 7]",1.5171347732999396,new_pose_estimated,2,2,1,2,1
ANALYTIC_086,VALID_ONLY,ROBUST,True,1.4845447850058626,0.26990370052831103,0.015077637305390208,0,0,8,8,8,0,"[0, 1, 2, 3, 4, 5, 6, 7]",1.5171347732999396,new_pose_estimated,164,164,3,143,3
ANALYTIC_086,DROP_ONE_CORRECT,STANDARD,True,1.2926630335625582,0.305724216096734,0.013402162998977105,1,0,7,7,7,0,"[1, 2, 3, 4, 5, 6, 7]",1.627946228432851,new_pose_estimated,2,2,1,2,1
ANALYTIC_086,DROP_ONE_CORRECT,ROBUST,True,1.2926630335625582,0.305724216096734,0.013402162998977105,1,0,7,7,7,0,"[1, 2, 3, 4, 5, 6, 7]",1.627946228432851,new_pose_estimated,164,82,3,3,3
ANALYTIC_086,DROP_TWO_CORRECT,STANDARD,True,1.2939598742852296,0.331166293119273,0.013480938098159166,2,0,6,6,6,0,"[1, 2, 3, 5, 6, 7]",1.8090075216303825,new_pose_estimated,2,2,1,2,1
ANALYTIC_086,DROP_TWO_CORRECT,ROBUST,True,1.2939598742852296,0.331166293119273,0.013480938098159166,2,0,6,6,6,0,"[1, 2, 3, 5, 6, 7]",1.8090075216303825,new_pose_estimated,164,36,3,3,3
ANALYTIC_086,KEEP_ONE_WRONG,STANDARD,True,10.049908430689142,1.9896158752261603,0.10222843711941815,0,1,7,8,6,0,"[0, 3, 4, 5, 6, 7]",1.4944423036500194,new_pose_estimated,2,2,1,2,1
ANALYTIC_086,KEEP_ONE_WRONG,ROBUST,True,1.8965576559515167,0.1824582887035497,0.01903476631865078,0,1,7,8,7,0,"[0, 1, 3, 4, 5, 6, 7]",1.71959586853169,new_pose_estimated,164,164,3,143,3
ANALYTIC_086,KEEP_TWO_WRONG,STANDARD,True,5.77790654024868,3.9292832582128137,0.07383633013907617,0,2,6,8,4,0,"[0, 3, 4, 7]",1.514464844723263,new_pose_estimated,2,2,1,2,1
ANALYTIC_086,KEEP_TWO_WRONG,ROBUST,True,2.499404922589753,0.1844456988563224,0.025054825459107078,0,2,6,8,6,0,"[0, 1, 3, 4, 5, 7]",1.803562834721191,new_pose_estimated,152,152,3,143,3
ANALYTIC_086,DROP_KEEP_ONE_EACH,STANDARD,True,6.4798811641441,2.108905871709889,0.06760627565190108,1,1,6,7,5,0,"[3, 4, 5, 6, 7]",1.6552285386631493,new_pose_estimated,2,2,1,2,1
ANALYTIC_086,DROP_KEEP_ONE_EACH,ROBUST,True,1.7025514622503488,0.24595212208416373,0.017238965332617075,1,1,6,7,6,0,"[1, 3, 4, 5, 6, 7]",1.5578172943434359,new_pose_estimated,160,78,3,143,3
ANALYTIC_086,DROP_KEEP_TWO_EACH,STANDARD,True,7.665392479912246,3.067945673343945,0.08381545036785068,2,2,4,6,2,0,"[3, 7]",1.8187824739507348,new_pose_estimated,2,2,1,2,1
ANALYTIC_086,DROP_KEEP_TWO_EACH,ROBUST,True,2.343365514532909,0.08777031936144761,0.02345442929352972,2,2,4,6,4,0,"[1, 3, 5, 7]",1.5375411402514099,new_pose_estimated,164,36,3,143,3
ANALYTIC_086,TWO_COHERENT_WRONG,STANDARD,True,15.617997924940827,1.2068837360708473,0.15658063232349473,0,2,6,8,5,0,"[0, 3, 4, 5, 7]",1.510474018677003,new_pose_estimated,2,2,1,2,1
ANALYTIC_086,TWO_COHERENT_WRONG,ROBUST,True,2.499404922589753,0.1844456988563224,0.025054825459107078,0,2,6,8,6,0,"[0, 1, 3, 4, 5, 7]",1.803562834721191,new_pose_estimated,164,164,3,143,3
ANALYTIC_086,FOUR_VALID,STANDARD,True,1.8872001486567442,0.5827774792629903,0.019578270360242088,4,0,4,4,4,0,"[0, 1, 2, 4]",3.2408290137355693,new_pose_estimated,2,2,1,2,1
ANALYTIC_086,FOUR_VALID,ROBUST,True,1.8872001486567442,0.5827774792629903,0.019578270360242088,4,0,4,4,4,0,"[0, 1, 2, 4]",3.2408290137355693,new_pose_estimated,164,2,2,2,2
ANALYTIC_086,FIVE_VALID,STANDARD,True,2.338323990574618,0.7140363940828321,0.024339620915456377,3,0,5,5,5,0,"[0, 1, 2, 4, 5]",1.8770109036052296,new_pose_estimated,2,2,1,2,1
ANALYTIC_086,FIVE_VALID,ROBUST,True,2.338323990574618,0.7140363940828321,0.024339620915456377,3,0,5,5,5,0,"[0, 1, 2, 4, 5]",1.8770109036052296,new_pose_estimated,164,12,3,3,3
ANALYTIC_086,NEAR_COLLINEAR,STANDARD,True,132.37331572967477,171.8428063231378,1.8615886442426444,0,8,0,8,0,0,[],1.8505297579266882,new_pose_estimated,4,4,1,2,1
ANALYTIC_086,NEAR_COLLINEAR,ROBUST,True,230.58340035728318,103.44582050163258,2.510037356691133,0,8,0,8,0,4,"[0, 1, 2, 3]",28.170457142977604,new_pose_estimated,161,161,3,143,3
ANALYTIC_087,VALID_ONLY,STANDARD,True,0.20588501816779553,0.4681305498601567,0.00572789739966122,0,0,8,8,8,0,"[0, 1, 2, 3, 4, 5, 6, 7]",1.9233808767160039,new_pose_estimated,2,2,1,2,1
ANALYTIC_087,VALID_ONLY,ROBUST,True,0.20588501816779553,0.4681305498601567,0.00572789739966122,0,0,8,8,8,0,"[0, 1, 2, 3, 4, 5, 6, 7]",1.9233808767160039,new_pose_estimated,164,164,3,143,3
ANALYTIC_087,DROP_ONE_CORRECT,STANDARD,True,1.0796321650653276,0.6944045213047895,0.012878953880420124,1,0,7,7,7,0,"[1, 2, 3, 4, 5, 6, 7]",2.2246257616774976,new_pose_estimated,2,2,1,2,1
ANALYTIC_087,DROP_ONE_CORRECT,ROBUST,True,1.0796321650653276,0.6944045213047895,0.012878953880420124,1,0,7,7,7,0,"[1, 2, 3, 4, 5, 6, 7]",2.2246257616774976,new_pose_estimated,164,82,3,3,3
ANALYTIC_087,DROP_TWO_CORRECT,STANDARD,True,1.060833574058574,0.6079573014294387,0.012278010731277305,2,0,6,6,6,0,"[1, 2, 3, 4, 6, 7]",2.3633315427763892,new_pose_estimated,2,2,1,2,1
ANALYTIC_087,DROP_TWO_CORRECT,ROBUST,True,1.060833574058574,0.6079573014294387,0.012278010731277305,2,0,6,6,6,0,"[1, 2, 3, 4, 6, 7]",2.3633315427763892,new_pose_estimated,164,34,3,3,3
ANALYTIC_087,KEEP_ONE_WRONG,STANDARD,True,46.20156903880843,91.17209357451358,1.2660869026051054,0,1,7,8,6,0,"[0, 1, 2, 3, 5, 6]",1.70869682356987,new_pose_estimated,2,2,1,2,1
ANALYTIC_087,KEEP_ONE_WRONG,ROBUST,True,0.30158057834093643,0.5253045046594748,0.00654526649375822,0,1,7,8,7,0,"[0, 1, 2, 3, 4, 5, 6]",2.105516019215973,new_pose_estimated,164,164,3,143,3
ANALYTIC_087,KEEP_TWO_WRONG,STANDARD,True,10.256672707806686,7.738117029543337,0.12402109890324792,0,2,6,8,4,0,"[0, 3, 5, 6]",1.799393944437326,new_pose_estimated,2,2,1,2,1
ANALYTIC_087,KEEP_TWO_WRONG,ROBUST,True,0.45516637562848344,0.6665349023764355,0.008400856544310819,0,2,6,8,6,0,"[0, 2, 3, 4, 5, 6]",2.2717851190323546,new_pose_estimated,160,160,3,143,3
ANALYTIC_087,DROP_KEEP_ONE_EACH,STANDARD,True,2.722350587032683,3.4849688406291186,0.04176535391724268,1,1,6,7,5,0,"[1, 2, 3, 5, 6]",2.295078917660405,new_pose_estimated,2,2,1,2,1
ANALYTIC_087,DROP_KEEP_ONE_EACH,ROBUST,True,0.9293643616674526,0.7553662357735917,0.012276821957762408,1,1,6,7,6,0,"[1, 2, 3, 4, 5, 6]",2.2939083378227125,new_pose_estimated,152,74,3,143,3
ANALYTIC_087,DROP_KEEP_TWO_EACH,STANDARD,True,16.8198230140652,5.941462919404974,0.17718884069137764,2,2,4,6,2,0,"[3, 6]",2.169219016988993,new_pose_estimated,2,2,1,2,1
ANALYTIC_087,DROP_KEEP_TWO_EACH,ROBUST,True,0.6742289820740399,0.8518127584996024,0.011753503855911465,2,2,4,6,4,0,"[2, 3, 4, 6]",2.070988752104198,new_pose_estimated,164,34,3,143,3
ANALYTIC_087,TWO_COHERENT_WRONG,STANDARD,True,60.4364011895108,89.39616694170121,1.289565149127199,0,2,6,8,4,0,"[0, 3, 5, 6]",1.7086635554837288,new_pose_estimated,2,2,1,2,1
ANALYTIC_087,TWO_COHERENT_WRONG,ROBUST,True,0.45516637562848344,0.6665349023764355,0.008400856544310819,0,2,6,8,6,0,"[0, 2, 3, 4, 5, 6]",2.2717851190323546,new_pose_estimated,161,161,3,143,3
ANALYTIC_087,FOUR_VALID,STANDARD,True,1.8495667629676718,0.20071891577034762,0.01856640009234375,4,0,4,4,4,0,"[0, 1, 2, 4]",3.7153865248255826,new_pose_estimated,2,2,1,2,1
ANALYTIC_087,FOUR_VALID,ROBUST,True,1.8495667629676718,0.20071891577034762,0.01856640009234375,4,0,4,4,4,0,"[0, 1, 2, 4]",3.7153865248255826,new_pose_estimated,164,2,2,2,2
ANALYTIC_087,FIVE_VALID,STANDARD,True,1.6452379803036388,0.49448689899191584,0.017064808651077974,3,0,5,5,5,0,"[0, 1, 2, 4, 5]",2.3454953557930005,new_pose_estimated,2,2,1,2,1
ANALYTIC_087,FIVE_VALID,ROBUST,True,1.6452379803036388,0.49448689899191584,0.017064808651077974,3,0,5,5,5,0,"[0, 1, 2, 4, 5]",2.3454953557930005,new_pose_estimated,164,12,3,3,3
ANALYTIC_087,NEAR_COLLINEAR,STANDARD,True,49.89149974120358,178.48179133443713,1.4011868508633583,0,8,0,8,0,0,[],1.8505297579266882,new_pose_estimated,4,4,1,2,1
ANALYTIC_087,NEAR_COLLINEAR,ROBUST,True,316.5884351827939,94.07361931149514,3.3190934798125555,0,8,0,8,0,4,"[0, 1, 2, 3]",28.170457142977604,new_pose_estimated,161,161,3,143,3
ANALYTIC_088,VALID_ONLY,STANDARD,True,1.1186790514729572,0.19888432948789914,0.011360651748991965,0,0,8,8,8,0,"[0, 1, 2, 3, 4, 5, 6, 7]",1.6367742257661921,new_pose_estimated,2,2,1,2,1
ANALYTIC_088,VALID_ONLY,ROBUST,True,1.1186790514729572,0.19888432948789914,0.011360651748991965,0,0,8,8,8,0,"[0, 1, 2, 3, 4, 5, 6, 7]",1.6367742257661921,new_pose_estimated,164,164,3,143,3
ANALYTIC_088,DROP_ONE_CORRECT,STANDARD,True,1.6596029321962074,0.3225770372665079,0.016774662921671662,1,0,7,7,7,0,"[0, 1, 3, 4, 5, 6, 7]",1.9010027791965611,new_pose_estimated,2,2,1,2,1
ANALYTIC_088,DROP_ONE_CORRECT,ROBUST,True,1.6596029321962074,0.3225770372665079,0.016774662921671662,1,0,7,7,7,0,"[0, 1, 3, 4, 5, 6, 7]",1.9010027791965611,new_pose_estimated,164,82,3,3,3
ANALYTIC_088,DROP_TWO_CORRECT,STANDARD,True,1.4165297669745063,0.15488686657957973,0.014243990030389298,2,0,6,6,6,0,"[0, 3, 4, 5, 6, 7]",3.2740384798272433,new_pose_estimated,2,2,1,2,1
ANALYTIC_088,DROP_TWO_CORRECT,ROBUST,True,1.4165297669745063,0.15488686657957973,0.014243990030389298,2,0,6,6,6,0,"[0, 3, 4, 5, 6, 7]",3.2740384798272433,new_pose_estimated,164,36,3,3,3
ANALYTIC_088,KEEP_ONE_WRONG,STANDARD,True,2.357065942837265,3.3453300453746966,0.03579920592046962,0,1,7,8,6,0,"[0, 1, 2, 3, 5, 6]",1.5757789118116126,new_pose_estimated,2,2,1,2,1
ANALYTIC_088,KEEP_ONE_WRONG,ROBUST,True,0.5047477086364541,0.30274537751022357,0.005935115602027192,0,1,7,8,7,0,"[0, 1, 2, 3, 5, 6, 7]",1.8318939259890819,new_pose_estimated,164,164,3,143,3
ANALYTIC_088,KEEP_TWO_WRONG,STANDARD,True,6.7622141524136286,5.072675520143992,0.08534607150447521,0,2,6,8,5,0,"[1, 2, 5, 6, 7]",1.7504420920989516,new_pose_estimated,2,2,1,2,1
ANALYTIC_088,KEEP_TWO_WRONG,ROBUST,True,0.2859609889698343,0.2836023886766103,0.004456834462809922,0,2,6,8,6,0,"[0, 1, 2, 5, 6, 7]",1.810801283358158,new_pose_estimated,158,158,3,143,3
ANALYTIC_088,DROP_KEEP_ONE_EACH,STANDARD,True,8.135624434035334,4.048984347016773,0.09071650672431963,1,1,6,7,5,0,"[0, 1, 3, 5, 6]",1.9730372012467892,new_pose_estimated,2,2,1,2,1
ANALYTIC_088,DROP_KEEP_ONE_EACH,ROBUST,True,0.8584771574087676,0.6558491642154185,0.01037411252736142,1,1,6,7,6,0,"[0, 1, 3, 5, 6, 7]",2.089476925598801,new_pose_estimated,152,74,3,143,3
ANALYTIC_088,DROP_KEEP_TWO_EACH,STANDARD,True,57.44953890237897,96.33852751495242,1.328976527041017,2,2,4,6,2,0,"[5, 6]",3.4139063825262568,new_pose_estimated,2,2,1,2,1
ANALYTIC_088,DROP_KEEP_TWO_EACH,ROBUST,True,53.65359597222129,13.252558193142319,0.5482985655481223,2,2,4,6,3,1,"[0, 4, 5, 6]",3.237071013482354,new_pose_estimated,164,36,3,143,3
ANALYTIC_088,TWO_COHERENT_WRONG,STANDARD,True,26.105462140080242,2.1512759627159954,0.2616493194475117,0,2,6,8,4,0,"[1, 2, 5, 6]",1.6601013577965336,new_pose_estimated,2,2,1,2,1
ANALYTIC_088,TWO_COHERENT_WRONG,ROBUST,True,0.2859609889698343,0.2836023886766103,0.004456834462809922,0,2,6,8,6,0,"[0, 1, 2, 5, 6, 7]",1.810801283358158,new_pose_estimated,158,158,3,143,3
ANALYTIC_088,FOUR_VALID,STANDARD,True,40.59959665939862,91.54000026829931,1.2531117179421047,4,0,4,4,4,0,"[0, 1, 2, 4]",2.9464371914564715,new_pose_estimated,2,2,1,2,1
ANALYTIC_088,FOUR_VALID,ROBUST,True,40.59959665939862,91.54000026829931,1.2531117179421047,4,0,4,4,4,0,"[0, 1, 2, 4]",2.9464371914564715,new_pose_estimated,164,2,2,2,2
ANALYTIC_088,FIVE_VALID,STANDARD,True,1.2882997082128935,0.4664844137303276,0.013374267377782995,3,0,5,5,5,0,"[0, 1, 2, 4, 5]",1.8043111278566146,new_pose_estimated,2,2,1,2,1
ANALYTIC_088,FIVE_VALID,ROBUST,True,1.2882997082128935,0.4664844137303276,0.013374267377782995,3,0,5,5,5,0,"[0, 1, 2, 4, 5]",1.8043111278566146,new_pose_estimated,164,12,3,3,3
ANALYTIC_088,NEAR_COLLINEAR,STANDARD,True,51.59638758441395,169.01550406075947,1.412261765970291,0,8,0,8,0,0,[],1.8505297579266882,new_pose_estimated,4,4,1,2,1
ANALYTIC_088,NEAR_COLLINEAR,ROBUST,True,308.32207297616304,86.5497019988755,3.2111293914719274,0,8,0,8,0,4,"[0, 1, 2, 3]",28.170457142977604,new_pose_estimated,161,161,3,143,3
ANALYTIC_089,VALID_ONLY,STANDARD,True,0.5026533660045301,0.4287155712106247,0.006519582436872236,0,0,8,8,8,0,"[0, 1, 2, 3, 4, 5, 6, 7]",1.5862559309706001,new_pose_estimated,2,2,1,2,1
ANALYTIC_089,VALID_ONLY,ROBUST,True,0.5026533660045301,0.4287155712106247,0.006519582436872236,0,0,8,8,8,0,"[0, 1, 2, 3, 4, 5, 6, 7]",1.5862559309706001,new_pose_estimated,164,164,3,143,3
ANALYTIC_089,DROP_ONE_CORRECT,STANDARD,True,0.32948850432318094,0.33073037155399243,0.004283111153328273,1,0,7,7,7,0,"[0, 2, 3, 4, 5, 6, 7]",1.8149256696801215,new_pose_estimated,2,2,1,2,1
ANALYTIC_089,DROP_ONE_CORRECT,ROBUST,True,0.32948850432318094,0.33073037155399243,0.004283111153328273,1,0,7,7,7,0,"[0, 2, 3, 4, 5, 6, 7]",1.8149256696801215,new_pose_estimated,164,82,3,3,3
ANALYTIC_089,DROP_TWO_CORRECT,STANDARD,True,0.3859264442924023,0.37936539681811093,0.004899410722160479,2,0,6,6,6,0,"[0, 2, 3, 4, 6, 7]",2.047654842590325,new_pose_estimated,2,2,1,2,1
ANALYTIC_089,DROP_TWO_CORRECT,ROBUST,True,0.3859264442924023,0.37936539681811093,0.004899410722160479,2,0,6,6,6,0,"[0, 2, 3, 4, 6, 7]",2.047654842590325,new_pose_estimated,164,36,3,3,3
ANALYTIC_089,KEEP_ONE_WRONG,STANDARD,True,1.5865308185415323,2.2852821876223293,0.03192182732817063,0,1,7,8,6,0,"[1, 2, 4, 5, 6, 7]",1.5966485955811953,new_pose_estimated,2,2,1,2,1
ANALYTIC_089,KEEP_ONE_WRONG,ROBUST,True,0.6326915941909815,0.3663797631685543,0.007224542869760074,0,1,7,8,7,0,"[1, 2, 3, 4, 5, 6, 7]",1.294939131640001,new_pose_estimated,164,164,3,143,3
ANALYTIC_089,KEEP_TWO_WRONG,STANDARD,True,11.901655735774632,0.6012216250826217,0.11919165741236232,0,2,6,8,4,0,"[1, 2, 5, 6]",1.618494529957775,new_pose_estimated,2,2,1,2,1
ANALYTIC_089,KEEP_TWO_WRONG,ROBUST,True,0.9391693581708863,0.3657095362882976,0.010017552680046345,0,2,6,8,6,0,"[1, 2, 3, 4, 5, 6]",1.4968658654758817,new_pose_estimated,162,162,3,143,3
ANALYTIC_089,DROP_KEEP_ONE_EACH,STANDARD,True,2.892056594317466,1.9668094037055308,0.03564302748107378,1,1,6,7,5,0,"[2, 4, 5, 6, 7]",1.7939335046156057,new_pose_estimated,2,2,1,2,1
ANALYTIC_089,DROP_KEEP_ONE_EACH,ROBUST,True,0.38620345097622777,0.21896461734567496,0.004173489212399421,1,1,6,7,6,0,"[2, 3, 4, 5, 6, 7]",1.5099723532958487,new_pose_estimated,164,82,3,143,3
ANALYTIC_089,DROP_KEEP_TWO_EACH,STANDARD,True,15.808581270743302,95.85288221189565,1.2681275306896547,2,2,4,6,2,0,"[2, 6]",1.9770070069707972,new_pose_estimated,2,2,1,2,1
ANALYTIC_089,DROP_KEEP_TWO_EACH,ROBUST,True,0.6442210830109792,0.23952711665224213,0.00674260496636297,2,2,4,6,4,0,"[2, 3, 4, 6]",1.6124337219101499,new_pose_estimated,164,36,3,143,3
ANALYTIC_089,TWO_COHERENT_WRONG,STANDARD,True,13.968769131474984,1.0816596099851132,0.14019193528847304,0,2,6,8,4,0,"[1, 2, 5, 6]",1.5570726305744187,new_pose_estimated,2,2,1,2,1
ANALYTIC_089,TWO_COHERENT_WRONG,ROBUST,True,0.9391693581708863,0.3657095362882976,0.010017552680046345,0,2,6,8,6,0,"[1, 2, 3, 4, 5, 6]",1.4968658654758817,new_pose_estimated,164,164,3,143,3
ANALYTIC_089,FOUR_VALID,STANDARD,True,0.742786422764066,0.6701812535040271,0.010934821078757002,4,0,4,4,4,0,"[0, 1, 2, 4]",2.4149482418756523,new_pose_estimated,2,2,1,2,1
ANALYTIC_089,FOUR_VALID,ROBUST,True,0.742786422764066,0.6701812535040271,0.010934821078757002,4,0,4,4,4,0,"[0, 1, 2, 4]",2.4149482418756523,new_pose_estimated,164,2,2,2,2
ANALYTIC_089,FIVE_VALID,STANDARD,True,0.6487027623867796,0.5679252434507301,0.00927368228753872,3,0,5,5,5,0,"[0, 1, 2, 4, 5]",1.6399187658981356,new_pose_estimated,2,2,1,2,1
ANALYTIC_089,FIVE_VALID,ROBUST,True,0.6487027623867796,0.5679252434507301,0.00927368228753872,3,0,5,5,5,0,"[0, 1, 2, 4, 5]",1.6399187658981356,new_pose_estimated,164,12,3,3,3
ANALYTIC_089,NEAR_COLLINEAR,STANDARD,True,149.91022828044606,179.13668263622353,1.968270654035845,0,8,0,8,0,0,[],1.8505297579266882,new_pose_estimated,4,4,1,2,1
ANALYTIC_089,NEAR_COLLINEAR,ROBUST,True,209.7795282143412,95.56186713179389,2.309586118095935,0,8,0,8,0,4,"[0, 1, 2, 3]",28.170457142977604,new_pose_estimated,161,161,3,143,3
ANALYTIC_090,VALID_ONLY,STANDARD,True,1.4774506903627136,0.7119476065714635,0.01599497068448181,0,0,8,8,8,0,"[0, 1, 2, 3, 4, 5, 6, 7]",1.9118542372737994,new_pose_estimated,2,2,1,2,1
ANALYTIC_090,VALID_ONLY,ROBUST,True,1.4774506903627136,0.7119476065714635,0.01599497068448181,0,0,8,8,8,0,"[0, 1, 2, 3, 4, 5, 6, 7]",1.9118542372737994,new_pose_estimated,160,160,3,143,3
ANALYTIC_090,DROP_ONE_CORRECT,STANDARD,True,0.692141020878929,0.9944144860531042,0.011220759353807766,1,0,7,7,7,0,"[0, 1, 2, 4, 5, 6, 7]",2.04827618647016,new_pose_estimated,2,2,1,2,1
ANALYTIC_090,DROP_ONE_CORRECT,ROBUST,True,0.692141020878929,0.9944144860531042,0.011220759353807766,1,0,7,7,7,0,"[0, 1, 2, 4, 5, 6, 7]",2.04827618647016,new_pose_estimated,160,82,3,3,3
ANALYTIC_090,DROP_TWO_CORRECT,STANDARD,True,0.8943654655525056,0.866789002469039,0.012489866631676682,2,0,6,6,6,0,"[0, 1, 4, 5, 6, 7]",2.127092697956728,new_pose_estimated,2,2,1,2,1
ANALYTIC_090,DROP_TWO_CORRECT,ROBUST,True,0.8943654655525056,0.866789002469039,0.012489866631676682,2,0,6,6,6,0,"[0, 1, 4, 5, 6, 7]",2.127092697956728,new_pose_estimated,160,36,3,3,3
ANALYTIC_090,KEEP_ONE_WRONG,STANDARD,True,4.604771424116243,3.7064611480852316,0.058478104758801955,0,1,7,8,6,0,"[0, 1, 2, 3, 5, 6]",1.822265066965142,new_pose_estimated,2,2,1,2,1
ANALYTIC_090,KEEP_ONE_WRONG,ROBUST,True,2.6065316842106117,0.8540735799477924,0.02695478837017106,0,1,7,8,7,0,"[0, 1, 2, 3, 4, 5, 6]",2.0657218865673856,new_pose_estimated,156,156,3,143,3
ANALYTIC_090,KEEP_TWO_WRONG,STANDARD,True,38.646147569775415,96.1050582092683,1.299948723828497,0,2,6,8,6,2,"[0, 1, 2, 3, 4, 5, 6, 7]",1.6779160368211148,new_pose_estimated,2,2,1,2,1
ANALYTIC_090,KEEP_TWO_WRONG,ROBUST,True,38.646147569775415,96.1050582092683,1.299948723828497,0,2,6,8,6,2,"[0, 1, 2, 3, 4, 5, 6, 7]",1.6779160368211148,new_pose_estimated,164,164,3,143,3
ANALYTIC_090,DROP_KEEP_ONE_EACH,STANDARD,True,15.318233527782427,2.6690833744115103,0.15428639817448692,1,1,6,7,5,0,"[0, 1, 2, 5, 6]",2.066882000246744,new_pose_estimated,2,2,1,2,1
ANALYTIC_090,DROP_KEEP_ONE_EACH,ROBUST,True,1.9082263990886357,1.1617070780788643,0.02119351272248514,1,1,6,7,6,0,"[0, 1, 2, 4, 5, 6]",2.130614670492932,new_pose_estimated,156,78,3,143,3
ANALYTIC_090,DROP_KEEP_TWO_EACH,STANDARD,True,37.606946435326414,94.97568529927638,1.2899619565430656,2,2,4,6,4,0,"[0, 1, 5, 6]",1.7786290920036292,new_pose_estimated,2,2,1,2,1
ANALYTIC_090,DROP_KEEP_TWO_EACH,ROBUST,True,32.21111969804954,96.23546991617829,1.2886764316242927,2,2,4,6,4,1,"[0, 1, 5, 6, 7]",1.8105379679155196,new_pose_estimated,152,32,3,143,3
ANALYTIC_090,TWO_COHERENT_WRONG,STANDARD,True,40.14324593585682,95.72372439588179,1.299745538117024,0,2,6,8,6,2,"[0, 1, 2, 3, 4, 5, 6, 7]",1.685562592308356,new_pose_estimated,2,2,1,2,1
ANALYTIC_090,TWO_COHERENT_WRONG,ROBUST,True,40.14324593585682,95.72372439588179,1.299745538117024,0,2,6,8,6,2,"[0, 1, 2, 3, 4, 5, 6, 7]",1.685562592308356,new_pose_estimated,164,164,3,143,3
ANALYTIC_090,FOUR_VALID,STANDARD,True,49.18815808710788,89.27368013120538,1.2531956654829282,4,0,4,4,4,0,"[0, 1, 2, 4]",3.1171006607776186,new_pose_estimated,2,2,1,2,1
ANALYTIC_090,FOUR_VALID,ROBUST,True,49.18815808710788,89.27368013120538,1.2531956654829282,4,0,4,4,4,0,"[0, 1, 2, 4]",3.1171006607776186,new_pose_estimated,160,2,2,2,2
ANALYTIC_090,FIVE_VALID,STANDARD,True,1.4929084026752848,1.2757956886140613,0.01850996602133272,3,0,5,5,5,0,"[0, 1, 2, 4, 5]",2.1553954286926222,new_pose_estimated,2,2,1,2,1
ANALYTIC_090,FIVE_VALID,ROBUST,True,1.4929084026752848,1.2757956886140613,0.01850996602133272,3,0,5,5,5,0,"[0, 1, 2, 4, 5]",2.1553954286926222,new_pose_estimated,160,12,3,3,3
ANALYTIC_090,NEAR_COLLINEAR,STANDARD,True,18.898988370352185,170.66119863905237,1.3440640361888407,0,8,0,8,0,0,[],1.8505297579266882,new_pose_estimated,4,4,1,2,1
ANALYTIC_090,NEAR_COLLINEAR,ROBUST,True,347.9045524506548,90.98638442694099,3.599141150287844,0,8,0,8,0,4,"[0, 1, 2, 3]",28.170457142977604,new_pose_estimated,161,161,3,143,3
ANALYTIC_091,VALID_ONLY,STANDARD,True,0.6380637725223128,0.5097973466721786,0.008041416254984527,0,0,8,8,8,0,"[0, 1, 2, 3, 4, 5, 6, 7]",1.6929290139603062,new_pose_estimated,2,2,1,2,1
ANALYTIC_091,VALID_ONLY,ROBUST,True,0.6380637725223128,0.5097973466721786,0.008041416254984527,0,0,8,8,8,0,"[0, 1, 2, 3, 4, 5, 6, 7]",1.6929290139603062,new_pose_estimated,164,164,3,143,3
ANALYTIC_091,DROP_ONE_CORRECT,STANDARD,True,0.7366656467026749,0.5061997681633618,0.008770610509212786,1,0,7,7,7,0,"[0, 1, 2, 3, 4, 5, 7]",1.8574803683415866,new_pose_estimated,2,2,1,2,1
ANALYTIC_091,DROP_ONE_CORRECT,ROBUST,True,0.7366656467026749,0.5061997681633618,0.008770610509212786,1,0,7,7,7,0,"[0, 1, 2, 3, 4, 5, 7]",1.8574803683415866,new_pose_estimated,164,82,3,3,3
ANALYTIC_091,DROP_TWO_CORRECT,STANDARD,True,0.6633030106704715,0.4113718280801363,0.007735328607759105,2,0,6,6,6,0,"[0, 2, 3, 4, 5, 7]",1.9679036607881506,new_pose_estimated,2,2,1,2,1
ANALYTIC_091,DROP_TWO_CORRECT,ROBUST,True,0.6633030106704715,0.4113718280801363,0.007735328607759105,2,0,6,6,6,0,"[0, 2, 3, 4, 5, 7]",1.9679036607881506,new_pose_estimated,164,34,3,3,3
ANALYTIC_091,KEEP_ONE_WRONG,STANDARD,True,6.129333555447812,1.7118472104040083,0.06378555756973663,0,1,7,8,6,0,"[0, 3, 4, 5, 6, 7]",1.7412204002772276,new_pose_estimated,2,2,1,2,1
ANALYTIC_091,KEEP_ONE_WRONG,ROBUST,True,1.0103958777138295,0.47086314958699715,0.01107447658380183,0,1,7,8,7,0,"[0, 1, 3, 4, 5, 6, 7]",1.979512397370139,new_pose_estimated,154,154,3,143,3
ANALYTIC_091,KEEP_TWO_WRONG,STANDARD,True,3.87247895080248,0.8223438247675571,0.03889166701820061,0,2,6,8,5,0,"[0, 3, 4, 5, 6]",1.7273476449364449,new_pose_estimated,2,2,1,2,1
ANALYTIC_091,KEEP_TWO_WRONG,ROBUST,True,0.6860637430569212,0.7670153755847193,0.009978958890029447,0,2,6,8,6,0,"[0, 1, 3, 4, 5, 6]",2.1811468761659185,new_pose_estimated,151,151,3,143,3
ANALYTIC_091,DROP_KEEP_ONE_EACH,STANDARD,True,10.879684076445187,1.4462497501857208,0.10955016732466441,1,1,6,7,5,0,"[0, 3, 4, 5, 7]",1.8707926833997444,new_pose_estimated,2,2,1,2,1
ANALYTIC_091,DROP_KEEP_ONE_EACH,ROBUST,True,1.2713453684242326,0.4667782544031757,0.013437525145006284,1,1,6,7,6,0,"[0, 1, 3, 4, 5, 7]",2.018248665847339,new_pose_estimated,164,82,3,143,3
ANALYTIC_091,DROP_KEEP_TWO_EACH,STANDARD,True,23.990988090200922,4.642152040661501,0.24340233789157523,2,2,4,6,3,1,"[0, 2, 3, 5]",2.033954137381821,new_pose_estimated,2,2,1,2,1
ANALYTIC_091,DROP_KEEP_TWO_EACH,ROBUST,True,18.440851290840964,2.6837778271641404,0.18607169841205434,2,2,4,6,4,1,"[0, 2, 3, 4, 5]",2.1427975052806625,new_pose_estimated,162,32,3,143,3
ANALYTIC_091,TWO_COHERENT_WRONG,STANDARD,True,39.513586111027536,92.73989284632678,1.2643777889029202,0,2,6,8,4,1,"[0, 3, 5, 6, 7]",1.702607113115305,new_pose_estimated,2,2,1,2,1
ANALYTIC_091,TWO_COHERENT_WRONG,ROBUST,True,0.6860637430569212,0.7670153755847193,0.009978958890029447,0,2,6,8,6,0,"[0, 1, 3, 4, 5, 6]",2.1811468761659185,new_pose_estimated,160,160,3,143,3
ANALYTIC_091,FOUR_VALID,STANDARD,True,0.3267976902179853,0.7611166400054766,0.009070022016583641,4,0,4,4,4,0,"[0, 1, 2, 4]",3.0362486670276807,new_pose_estimated,2,2,1,2,1
ANALYTIC_091,FOUR_VALID,ROBUST,True,0.3267976902179853,0.7611166400054766,0.009070022016583641,4,0,4,4,4,0,"[0, 1, 2, 4]",3.0362486670276807,new_pose_estimated,164,2,2,2,2
ANALYTIC_091,FIVE_VALID,STANDARD,True,0.4215335328233722,0.8228324530136228,0.008505034459668735,3,0,5,5,5,0,"[0, 1, 2, 4, 5]",1.8857245891981382,new_pose_estimated,2,2,1,2,1
ANALYTIC_091,FIVE_VALID,ROBUST,True,0.4215335328233722,0.8228324530136228,0.008505034459668735,3,0,5,5,5,0,"[0, 1, 2, 4, 5]",1.8857245891981382,new_pose_estimated,164,12,3,3,3
ANALYTIC_091,NEAR_COLLINEAR,STANDARD,True,141.44914242007266,172.29749224259166,1.9289075733844558,0,8,0,8,0,0,[],1.8505297579266882,new_pose_estimated,4,4,1,2,1
ANALYTIC_091,NEAR_COLLINEAR,ROBUST,True,224.27796186350326,102.78068100195877,2.46197251538985,0,8,0,8,0,4,"[0, 1, 2, 3]",28.170457142977604,new_pose_estimated,161,161,3,143,3
ANALYTIC_092,VALID_ONLY,STANDARD,True,2.5753003792617863,0.40606151890622105,0.026022415560022084,0,0,8,8,8,0,"[0, 1, 2, 3, 4, 5, 6, 7]",1.9639258158609962,new_pose_estimated,2,2,1,2,1
ANALYTIC_092,VALID_ONLY,ROBUST,True,2.5753003792617863,0.40606151890622105,0.026022415560022084,0,0,8,8,8,0,"[0, 1, 2, 3, 4, 5, 6, 7]",1.9639258158609962,new_pose_estimated,165,165,3,143,3
ANALYTIC_092,DROP_ONE_CORRECT,STANDARD,True,2.450780997092871,0.2068073723582781,0.024576809394836405,1,0,7,7,7,0,"[0, 1, 2, 3, 5, 6, 7]",2.0683843574343004,new_pose_estimated,2,2,1,2,1
ANALYTIC_092,DROP_ONE_CORRECT,ROBUST,True,2.450780997092871,0.2068073723582781,0.024576809394836405,1,0,7,7,7,0,"[0, 1, 2, 3, 5, 6, 7]",2.0683843574343004,new_pose_estimated,165,82,3,3,3
ANALYTIC_092,DROP_TWO_CORRECT,STANDARD,True,2.2975446021548622,0.12050750569180547,0.02299991042125293,2,0,6,6,6,0,"[0, 1, 3, 5, 6, 7]",1.945226390588216,new_pose_estimated,2,2,1,2,1
ANALYTIC_092,DROP_TWO_CORRECT,ROBUST,True,2.2975446021548622,0.12050750569180547,0.02299991042125293,2,0,6,6,6,0,"[0, 1, 3, 5, 6, 7]",1.945226390588216,new_pose_estimated,165,36,3,3,3
ANALYTIC_092,KEEP_ONE_WRONG,STANDARD,True,13.262896393505304,2.569286076942544,0.1343529128839529,0,1,7,8,6,0,"[0, 1, 2, 3, 4, 7]",1.9502791537422999,new_pose_estimated,2,2,1,2,1
ANALYTIC_092,KEEP_ONE_WRONG,ROBUST,True,1.5474765779871549,0.5958154278632681,0.016268897114241336,0,1,7,8,7,0,"[0, 1, 2, 3, 4, 6, 7]",2.254188239497679,new_pose_estimated,164,164,3,143,3
ANALYTIC_092,KEEP_TWO_WRONG,STANDARD,True,25.619553361307368,4.769330876322646,0.26008601083142296,0,2,6,8,4,0,"[1, 2, 4, 7]",1.964983909773547,new_pose_estimated,2,2,1,2,1
ANALYTIC_092,KEEP_TWO_WRONG,ROBUST,True,1.5790700433163953,0.7086420555930284,0.01683261749731624,0,2,6,8,6,0,"[1, 2, 3, 4, 6, 7]",2.3967949776319863,new_pose_estimated,156,156,3,143,3
ANALYTIC_092,DROP_KEEP_ONE_EACH,STANDARD,True,12.814318827212489,3.029996170850864,0.13057706306977884,1,1,6,7,5,0,"[0, 1, 2, 3, 7]",2.062660144508539,new_pose_estimated,2,2,1,2,1
ANALYTIC_092,DROP_KEEP_ONE_EACH,ROBUST,True,1.562822492432962,0.4359621342685026,0.01598023245301637,1,1,6,7,6,0,"[0, 1, 2, 3, 6, 7]",2.430156012542967,new_pose_estimated,164,82,3,143,3
ANALYTIC_092,DROP_KEEP_TWO_EACH,STANDARD,True,7.517408683936863,1.99900031797984,0.07758076041222113,2,2,4,6,2,0,"[1, 6]",1.9544144539131787,new_pose_estimated,2,2,1,2,1
ANALYTIC_092,DROP_KEEP_TWO_EACH,ROBUST,True,1.1843609824779633,0.3461285671048409,0.012243087287239954,2,2,4,6,4,0,"[1, 3, 6, 7]",2.067845062066579,new_pose_estimated,164,36,3,143,3
ANALYTIC_092,TWO_COHERENT_WRONG,STANDARD,True,5.360102446340337,2.4735849584658536,0.058833996616254276,0,2,6,8,5,0,"[1, 2, 3, 4, 6]",1.9976603714803287,new_pose_estimated,2,2,1,2,1
ANALYTIC_092,TWO_COHERENT_WRONG,ROBUST,True,1.5790700433163953,0.7086420555930284,0.01683261749731624,0,2,6,8,6,0,"[1, 2, 3, 4, 6, 7]",2.3967949776319863,new_pose_estimated,164,164,3,143,3
ANALYTIC_092,FOUR_VALID,STANDARD,True,0.815901592817549,0.8847615701497111,0.01276982691183206,4,0,4,4,4,0,"[0, 1, 2, 4]",4.650881633135865,new_pose_estimated,2,2,1,2,1
ANALYTIC_092,FOUR_VALID,ROBUST,True,0.815901592817549,0.8847615701497111,0.01276982691183206,4,0,4,4,4,0,"[0, 1, 2, 4]",4.650881633135865,new_pose_estimated,165,2,2,2,2
ANALYTIC_092,FIVE_VALID,STANDARD,True,3.8783422090656714,0.5557069753290257,0.03930390685082514,3,0,5,5,5,0,"[0, 1, 2, 4, 5]",2.4499595301480324,new_pose_estimated,2,2,1,2,1
ANALYTIC_092,FIVE_VALID,ROBUST,True,3.8783422090656714,0.5557069753290257,0.03930390685082514,3,0,5,5,5,0,"[0, 1, 2, 4, 5]",2.4499595301480324,new_pose_estimated,165,12,3,3,3
ANALYTIC_092,NEAR_COLLINEAR,STANDARD,True,79.06777447004303,179.7753278416975,1.466278510694473,0,8,0,8,0,0,[],1.8505297579266882,new_pose_estimated,4,4,1,2,1
ANALYTIC_092,NEAR_COLLINEAR,ROBUST,True,286.50164888407346,104.61446007986702,2.999112393398403,0,8,0,8,0,4,"[0, 1, 2, 3]",28.170457142977604,new_pose_estimated,161,161,3,143,3
ANALYTIC_093,VALID_ONLY,STANDARD,True,0.3480834238154152,0.5267531132129957,0.006130447471912492,0,0,8,8,8,0,"[0, 1, 2, 3, 4, 5, 6, 7]",1.4319313844424784,new_pose_estimated,2,2,1,2,1
ANALYTIC_093,VALID_ONLY,ROBUST,True,0.3480834238154152,0.5267531132129957,0.006130447471912492,0,0,8,8,8,0,"[0, 1, 2, 3, 4, 5, 6, 7]",1.4319313844424784,new_pose_estimated,164,164,3,143,3
ANALYTIC_093,DROP_ONE_CORRECT,STANDARD,True,0.4808673962274298,0.6055241284895855,0.007566942148559866,1,0,7,7,7,0,"[0, 1, 2, 3, 4, 5, 6]",1.7481010294471295,new_pose_estimated,2,2,1,2,1
ANALYTIC_093,DROP_ONE_CORRECT,ROBUST,True,0.4808673962274298,0.6055241284895855,0.007566942148559866,1,0,7,7,7,0,"[0, 1, 2, 3, 4, 5, 6]",1.7481010294471295,new_pose_estimated,164,82,3,3,3
ANALYTIC_093,DROP_TWO_CORRECT,STANDARD,True,2.076200813889016,0.4828539622527935,0.02130533453313955,2,0,6,6,6,0,"[0, 1, 3, 4, 5, 6]",1.7518880800943226,new_pose_estimated,2,2,1,2,1
ANALYTIC_093,DROP_TWO_CORRECT,ROBUST,True,2.076200813889016,0.4828539622527935,0.02130533453313955,2,0,6,6,6,0,"[0, 1, 3, 4, 5, 6]",1.7518880800943226,new_pose_estimated,164,34,3,3,3
ANALYTIC_093,KEEP_ONE_WRONG,STANDARD,True,25.00586354588145,95.5921364373901,1.2720206073827605,0,1,7,8,6,0,"[0, 1, 2, 3, 4, 7]",1.4447021276007836,new_pose_estimated,2,2,1,2,1
ANALYTIC_093,KEEP_ONE_WRONG,ROBUST,True,0.3908046314999068,0.5008546764973405,0.006143552670997203,0,1,7,8,7,0,"[0, 1, 2, 3, 4, 6, 7]",1.651272907745814,new_pose_estimated,148,148,3,143,3
ANALYTIC_093,KEEP_TWO_WRONG,STANDARD,True,20.791123325093398,94.06026211585011,1.2533301276938524,0,2,6,8,4,0,"[1, 2, 4, 7]",1.4591382524581884,new_pose_estimated,2,2,1,2,1
ANALYTIC_093,KEEP_TWO_WRONG,ROBUST,True,0.4465820209691008,0.5185209289361064,0.006883244427459488,0,2,6,8,6,0,"[0, 1, 2, 4, 6, 7]",1.371408369228814,new_pose_estimated,148,148,3,143,3
ANALYTIC_093,DROP_KEEP_ONE_EACH,STANDARD,True,2.8195848164119597,3.5214181330544836,0.04044137595472125,1,1,6,7,5,0,"[0, 1, 2, 3, 4]",1.7703207923894553,new_pose_estimated,2,2,1,2,1
ANALYTIC_093,DROP_KEEP_ONE_EACH,ROBUST,True,0.5991905125698569,0.6022613937894187,0.008349939735777238,1,1,6,7,6,0,"[0, 1, 2, 3, 4, 6]",1.9708152990791867,new_pose_estimated,164,82,3,143,3
ANALYTIC_093,DROP_KEEP_TWO_EACH,STANDARD,True,7.560878290712969,5.272968208195098,0.09206311027629949,2,2,4,6,2,0,"[1, 4]",1.7780815724636967,new_pose_estimated,2,2,1,2,1
ANALYTIC_093,DROP_KEEP_TWO_EACH,ROBUST,True,2.1963948394958908,0.4883350123255856,0.022487115600395673,2,2,4,6,4,0,"[0, 1, 4, 6]",1.474856941389151,new_pose_estimated,164,34,3,143,3
ANALYTIC_093,TWO_COHERENT_WRONG,STANDARD,True,4.995216808367623,1.4064340000487738,0.05255817138780672,0,2,6,8,5,0,"[1, 2, 4, 6, 7]",1.4689622152085802,new_pose_estimated,2,2,1,2,1
ANALYTIC_093,TWO_COHERENT_WRONG,ROBUST,True,0.4465820209691008,0.5185209289361064,0.006883244427459488,0,2,6,8,6,0,"[0, 1, 2, 4, 6, 7]",1.371408369228814,new_pose_estimated,162,162,3,143,3
ANALYTIC_093,FOUR_VALID,STANDARD,True,25.69385257763458,94.92198624399254,1.265961861459318,4,0,4,4,4,0,"[0, 1, 2, 4]",2.6585896096454844,new_pose_estimated,2,2,1,2,1
ANALYTIC_093,FOUR_VALID,ROBUST,True,25.69385257763458,94.92198624399254,1.265961861459318,4,0,4,4,4,0,"[0, 1, 2, 4]",2.6585896096454844,new_pose_estimated,164,2,2,2,2
ANALYTIC_093,FIVE_VALID,STANDARD,True,0.6147367741568527,0.613966092449047,0.009115158008753082,3,0,5,5,5,0,"[0, 1, 2, 4, 5]",1.6645371119844077,new_pose_estimated,2,2,1,2,1
ANALYTIC_093,FIVE_VALID,ROBUST,True,0.6147367741568527,0.613966092449047,0.009115158008753082,3,0,5,5,5,0,"[0, 1, 2, 4, 5]",1.6645371119844077,new_pose_estimated,164,12,3,3,3
ANALYTIC_093,NEAR_COLLINEAR,STANDARD,True,82.62558539541692,176.86591677341605,1.5187658357916374,0,8,0,8,0,0,[],1.8505297579266882,new_pose_estimated,4,4,1,2,1
ANALYTIC_093,NEAR_COLLINEAR,ROBUST,True,283.0360160463949,96.96553456893878,2.98708778972303,0,8,0,8,0,4,"[0, 1, 2, 3]",28.170457142977604,new_pose_estimated,161,161,3,143,3
ANALYTIC_094,VALID_ONLY,STANDARD,True,1.8648280052381414,0.5870925761550135,0.019245105786780826,0,0,8,8,8,0,"[0, 1, 2, 3, 4, 5, 6, 7]",1.621085693493691,new_pose_estimated,2,2,1,2,1
ANALYTIC_094,VALID_ONLY,ROBUST,True,1.8648280052381414,0.5870925761550135,0.019245105786780826,0,0,8,8,8,0,"[0, 1, 2, 3, 4, 5, 6, 7]",1.621085693493691,new_pose_estimated,160,160,3,143,3
ANALYTIC_094,DROP_ONE_CORRECT,STANDARD,True,2.4008686178756706,0.5808626330849139,0.024477172124097363,1,0,7,7,7,0,"[1, 2, 3, 4, 5, 6, 7]",1.82592984949891,new_pose_estimated,2,2,1,2,1
ANALYTIC_094,DROP_ONE_CORRECT,ROBUST,True,2.4008686178756706,0.5808626330849139,0.024477172124097363,1,0,7,7,7,0,"[1, 2, 3, 4, 5, 6, 7]",1.82592984949891,new_pose_estimated,160,78,3,3,3
ANALYTIC_094,DROP_TWO_CORRECT,STANDARD,True,2.51397838199568,0.4625803886728879,0.025370366541532803,2,0,6,6,6,0,"[1, 3, 4, 5, 6, 7]",1.7128898404962227,new_pose_estimated,2,2,1,2,1
ANALYTIC_094,DROP_TWO_CORRECT,ROBUST,True,2.51397838199568,0.4625803886728879,0.025370366541532803,2,0,6,6,6,0,"[1, 3, 4, 5, 6, 7]",1.7128898404962227,new_pose_estimated,160,34,3,3,3
ANALYTIC_094,KEEP_ONE_WRONG,STANDARD,True,4.955224445226344,2.0257154144228355,0.05403944386746312,0,1,7,8,6,0,"[0, 3, 4, 5, 6, 7]",1.6789499068519207,new_pose_estimated,2,2,1,2,1
ANALYTIC_094,KEEP_ONE_WRONG,ROBUST,True,1.810916741481515,0.6272974742449372,0.01886307379723276,0,1,7,8,7,0,"[0, 2, 3, 4, 5, 6, 7]",1.6215143145194806,new_pose_estimated,162,162,3,143,3
ANALYTIC_094,KEEP_TWO_WRONG,STANDARD,True,14.550856687157285,4.011115687718869,0.15009704756947762,0,2,6,8,4,0,"[0, 3, 4, 7]",1.5469611932367302,new_pose_estimated,2,2,1,2,1
ANALYTIC_094,KEEP_TWO_WRONG,ROBUST,True,1.3216081829279736,0.7618436771356695,0.01514464979997288,0,2,6,8,6,0,"[0, 2, 3, 4, 5, 7]",1.7724417692781211,new_pose_estimated,150,150,3,143,3
ANALYTIC_094,DROP_KEEP_ONE_EACH,STANDARD,True,7.271402850814278,1.8317911071879929,0.07500739830253082,1,1,6,7,5,0,"[3, 4, 5, 6, 7]",1.870863277086954,new_pose_estimated,2,2,1,2,1
ANALYTIC_094,DROP_KEEP_ONE_EACH,ROBUST,True,2.3170050834273543,0.6015142420561718,0.023737827213596067,1,1,6,7,6,0,"[2, 3, 4, 5, 6, 7]",1.612937967993549,new_pose_estimated,160,78,3,143,3
ANALYTIC_094,DROP_KEEP_TWO_EACH,STANDARD,True,37.54558855105203,3.8020638487821756,0.3771302485410981,2,2,4,6,3,1,"[1, 3, 4, 7]",1.6648598041523297,new_pose_estimated,2,2,1,2,1
ANALYTIC_094,DROP_KEEP_TWO_EACH,ROBUST,True,10.198504710025041,86.80501993777666,1.1712670256948226,2,2,4,6,3,2,"[1, 3, 4, 6, 7]",1.5090826166853286,new_pose_estimated,159,34,3,143,3
ANALYTIC_094,TWO_COHERENT_WRONG,STANDARD,True,21.98038580404931,1.864691522219051,0.22050274548714638,0,2,6,8,4,0,"[0, 3, 4, 7]",1.5957234495954296,new_pose_estimated,2,2,1,2,1
ANALYTIC_094,TWO_COHERENT_WRONG,ROBUST,True,1.3216081829279736,0.7618436771356695,0.01514464979997288,0,2,6,8,6,0,"[0, 2, 3, 4, 5, 7]",1.7724417692781211,new_pose_estimated,162,162,3,143,3
ANALYTIC_094,FOUR_VALID,STANDARD,True,0.6352375492047773,0.6652030719427262,0.010178172868195966,4,0,4,4,4,0,"[0, 1, 2, 4]",3.43907249213481,new_pose_estimated,2,2,1,2,1
ANALYTIC_094,FOUR_VALID,ROBUST,True,0.6352375492047773,0.6652030719427262,0.010178172868195966,4,0,4,4,4,0,"[0, 1, 2, 4]",3.43907249213481,new_pose_estimated,160,2,2,2,2
ANALYTIC_094,FIVE_VALID,STANDARD,True,0.6063026533981828,0.6743646950057781,0.010162830874473824,3,0,5,5,5,0,"[0, 1, 2, 4, 5]",2.0225903873420013,new_pose_estimated,2,2,1,2,1
ANALYTIC_094,FIVE_VALID,ROBUST,True,0.6063026533981828,0.6743646950057781,0.010162830874473824,3,0,5,5,5,0,"[0, 1, 2, 4, 5]",2.0225903873420013,new_pose_estimated,160,12,3,3,3
ANALYTIC_094,NEAR_COLLINEAR,STANDARD,True,48.28495188258817,171.17574293586634,1.3817439906826174,0,8,0,8,0,0,[],1.8505297579266882,new_pose_estimated,4,4,1,2,1
ANALYTIC_094,NEAR_COLLINEAR,ROBUST,True,315.3234722042217,89.42000665382844,3.27345458367303,0,8,0,8,0,4,"[0, 1, 2, 3]",28.170457142977604,new_pose_estimated,161,161,3,143,3
ANALYTIC_095,VALID_ONLY,STANDARD,True,0.7911438975077077,0.7185021980058576,0.011180284097839343,0,0,8,8,8,0,"[0, 1, 2, 3, 4, 5, 6, 7]",1.3701295346523066,new_pose_estimated,2,2,1,2,1
ANALYTIC_095,VALID_ONLY,ROBUST,True,0.7911438975077077,0.7185021980058576,0.011180284097839343,0,0,8,8,8,0,"[0, 1, 2, 3, 4, 5, 6, 7]",1.3701295346523066,new_pose_estimated,164,164,3,143,3
ANALYTIC_095,DROP_ONE_CORRECT,STANDARD,True,0.7948070977353321,0.9214945521674838,0.012588525171383067,1,0,7,7,7,0,"[0, 1, 2, 3, 5, 6, 7]",1.5878872732832525,new_pose_estimated,2,2,1,2,1
ANALYTIC_095,DROP_ONE_CORRECT,ROBUST,True,0.7948070977353321,0.9214945521674838,0.012588525171383067,1,0,7,7,7,0,"[0, 1, 2, 3, 5, 6, 7]",1.5878872732832525,new_pose_estimated,164,82,3,3,3
ANALYTIC_095,DROP_TWO_CORRECT,STANDARD,True,0.3047573698913263,1.048418603423872,0.011048667828281442,2,0,6,6,6,0,"[0, 1, 3, 5, 6, 7]",1.4455259210846196,new_pose_estimated,2,2,1,2,1
ANALYTIC_095,DROP_TWO_CORRECT,ROBUST,True,0.3047573698913263,1.048418603423872,0.011048667828281442,2,0,6,6,6,0,"[0, 1, 3, 5, 6, 7]",1.4455259210846196,new_pose_estimated,164,36,3,3,3
ANALYTIC_095,KEEP_ONE_WRONG,STANDARD,True,8.55099148407975,2.699092549993938,0.08971182984318336,0,1,7,8,6,0,"[0, 1, 2, 3, 4, 7]",1.3798370599699303,new_pose_estimated,2,2,1,2,1
ANALYTIC_095,KEEP_ONE_WRONG,ROBUST,True,0.9258974824832159,0.6884978037476759,0.011805897951970444,0,1,7,8,7,0,"[0, 1, 2, 3, 4, 6, 7]",1.5983174035822283,new_pose_estimated,154,154,3,143,3
ANALYTIC_095,KEEP_TWO_WRONG,STANDARD,True,51.63450232570401,84.01027131761845,1.2015459719570036,0,2,6,8,4,0,"[0, 3, 4, 7]",1.4604621959759996,new_pose_estimated,2,2,1,2,1
ANALYTIC_095,KEEP_TWO_WRONG,ROBUST,True,1.6602923232535778,0.7925542223578222,0.018701932690977686,0,2,6,8,6,0,"[0, 2, 3, 4, 6, 7]",1.4803489082984296,new_pose_estimated,160,160,3,143,3
ANALYTIC_095,DROP_KEEP_ONE_EACH,STANDARD,True,5.59829156862306,3.046149693756969,0.06324857827060096,1,1,6,7,5,0,"[0, 1, 2, 3, 7]",1.5945478802183004,new_pose_estimated,2,2,1,2,1
ANALYTIC_095,DROP_KEEP_ONE_EACH,ROBUST,True,0.8674414263638346,0.9641264578226449,0.013242787690067056,1,1,6,7,6,0,"[0, 1, 2, 3, 6, 7]",1.8393025572114956,new_pose_estimated,154,76,3,143,3
ANALYTIC_095,DROP_KEEP_TWO_EACH,STANDARD,True,12.437714580519499,5.700445364799546,0.1346130898902649,2,2,4,6,3,1,"[0, 1, 3, 7]",1.427334417588554,new_pose_estimated,2,2,1,2,1
ANALYTIC_095,DROP_KEEP_TWO_EACH,ROBUST,True,3.688047674697809,5.045787509796139,0.05887654185032638,2,2,4,6,4,1,"[0, 1, 3, 6, 7]",1.6031308395510728,new_pose_estimated,160,32,3,143,3
ANALYTIC_095,TWO_COHERENT_WRONG,STANDARD,True,23.861418396595283,0.2684911319526208,0.23863093822076575,0,2,6,8,4,0,"[0, 3, 4, 7]",1.4098776831866535,new_pose_estimated,2,2,1,2,1
ANALYTIC_095,TWO_COHERENT_WRONG,ROBUST,True,1.6602923232535778,0.7925542223578222,0.018701932690977686,0,2,6,8,6,0,"[0, 2, 3, 4, 6, 7]",1.4803489082984296,new_pose_estimated,164,164,3,143,3
ANALYTIC_095,FOUR_VALID,STANDARD,True,0.8166572137610212,0.9912023660729281,0.012761611562862743,4,0,4,4,4,0,"[0, 1, 2, 4]",3.0886173359717928,new_pose_estimated,2,2,1,2,1
ANALYTIC_095,FOUR_VALID,ROBUST,True,0.8166572137610212,0.9912023660729281,0.012761611562862743,4,0,4,4,4,0,"[0, 1, 2, 4]",3.0886173359717928,new_pose_estimated,164,2,2,2,2
ANALYTIC_095,FIVE_VALID,STANDARD,True,0.42580873295196864,0.5140851178179437,0.00819009043441897,3,0,5,5,5,0,"[0, 1, 2, 4, 5]",1.9171481281780856,new_pose_estimated,2,2,1,2,1
ANALYTIC_095,FIVE_VALID,ROBUST,True,0.42580873295196864,0.5140851178179437,0.00819009043441897,3,0,5,5,5,0,"[0, 1, 2, 4, 5]",1.9171481281780856,new_pose_estimated,164,12,3,3,3
ANALYTIC_095,NEAR_COLLINEAR,STANDARD,True,45.4252190770719,177.35127736264002,1.343559584244531,0,8,0,8,0,0,[],1.8505297579266882,new_pose_estimated,4,4,1,2,1
ANALYTIC_095,NEAR_COLLINEAR,ROBUST,True,321.94334823268906,97.41533212021366,3.362934796180988,0,8,0,8,0,4,"[0, 1, 2, 3]",28.170457142977604,new_pose_estimated,161,161,3,143,3
ANALYTIC_096,VALID_ONLY,STANDARD,True,0.4044016533451575,0.4171160962068734,0.006298458067717654,0,0,8,8,8,0,"[0, 1, 2, 3, 4, 5, 6, 7]",1.3759779375690069,new_pose_estimated,2,2,1,2,1
ANALYTIC_096,VALID_ONLY,ROBUST,True,0.4044016533451575,0.4171160962068734,0.006298458067717654,0,0,8,8,8,0,"[0, 1, 2, 3, 4, 5, 6, 7]",1.3759779375690069,new_pose_estimated,164,164,3,143,3
ANALYTIC_096,DROP_ONE_CORRECT,STANDARD,True,0.8493272071940722,0.3901932757541355,0.009641009803088539,1,0,7,7,7,0,"[0, 1, 2, 3, 4, 6, 7]",1.6526905877915157,new_pose_estimated,2,2,1,2,1
ANALYTIC_096,DROP_ONE_CORRECT,ROBUST,True,0.8493272071940722,0.3901932757541355,0.009641009803088539,1,0,7,7,7,0,"[0, 1, 2, 3, 4, 6, 7]",1.6526905877915157,new_pose_estimated,164,82,3,3,3
ANALYTIC_096,DROP_TWO_CORRECT,STANDARD,True,1.370500725961154,0.3429820459774035,0.014257738065894063,2,0,6,6,6,0,"[0, 1, 3, 4, 6, 7]",1.5184811491955834,new_pose_estimated,2,2,1,2,1
ANALYTIC_096,DROP_TWO_CORRECT,ROBUST,True,1.370500725961154,0.3429820459774035,0.014257738065894063,2,0,6,6,6,0,"[0, 1, 3, 4, 6, 7]",1.5184811491955834,new_pose_estimated,164,34,3,3,3
ANALYTIC_096,KEEP_ONE_WRONG,STANDARD,True,13.890193037092272,3.0442976896552194,0.14273343999105031,0,1,7,8,6,0,"[1, 2, 4, 5, 6, 7]",1.3507980628870015,new_pose_estimated,2,2,1,2,1
ANALYTIC_096,KEEP_ONE_WRONG,ROBUST,True,0.37204641607486916,0.26657035794924766,0.005298991457862826,0,1,7,8,7,0,"[1, 2, 3, 4, 5, 6, 7]",1.6622650557248064,new_pose_estimated,160,160,3,143,3
ANALYTIC_096,KEEP_TWO_WRONG,STANDARD,True,4.95648381662531,4.535289696286559,0.065279557360247,0,2,6,8,6,0,"[1, 2, 3, 4, 5, 6]",1.460449259619726,new_pose_estimated,2,2,1,2,1
ANALYTIC_096,KEEP_TWO_WRONG,ROBUST,True,0.6870520289936793,0.4294794796325303,0.00888225482713114,0,2,6,8,6,0,"[1, 2, 3, 4, 5, 6]",1.7429624313533831,new_pose_estimated,144,144,3,143,3
ANALYTIC_096,DROP_KEEP_ONE_EACH,STANDARD,True,12.37149320501765,3.4219519246052705,0.12863219448697216,1,1,6,7,5,0,"[1, 2, 4, 6, 7]",1.7022651292468738,new_pose_estimated,2,2,1,2,1
ANALYTIC_096,DROP_KEEP_ONE_EACH,ROBUST,True,0.7403715500721797,0.42382000021554245,0.008822946688906149,1,1,6,7,6,0,"[1, 2, 3, 4, 6, 7]",1.804007571075373,new_pose_estimated,156,78,3,143,3
ANALYTIC_096,DROP_KEEP_TWO_EACH,STANDARD,True,52.26371331623505,89.16213648923674,1.2594986096004812,2,2,4,6,2,0,"[1, 6]",1.5410500358519281,new_pose_estimated,2,2,1,2,1
ANALYTIC_096,DROP_KEEP_TWO_EACH,ROBUST,True,0.8083136632120612,0.6361429814843256,0.010873208535637145,2,2,4,6,4,0,"[1, 3, 4, 6]",1.3822226295901028,new_pose_estimated,160,34,3,143,3
ANALYTIC_096,TWO_COHERENT_WRONG,STANDARD,True,31.808074944658394,1.4369723493189805,0.3184503928465392,0,2,6,8,4,0,"[1, 2, 5, 6]",1.4037957140156454,new_pose_estimated,2,2,1,2,1
ANALYTIC_096,TWO_COHERENT_WRONG,ROBUST,True,0.6870520289936793,0.4294794796325303,0.00888225482713114,0,2,6,8,6,0,"[1, 2, 3, 4, 5, 6]",1.7429624313533831,new_pose_estimated,164,164,3,143,3
ANALYTIC_096,FOUR_VALID,STANDARD,True,1.79090355066185,1.0708034508366717,0.021046067551754956,4,0,4,4,4,0,"[0, 1, 2, 4]",3.1025307273427325,new_pose_estimated,2,2,1,2,1
ANALYTIC_096,FOUR_VALID,ROBUST,True,1.79090355066185,1.0708034508366717,0.021046067551754956,4,0,4,4,4,0,"[0, 1, 2, 4]",3.1025307273427325,new_pose_estimated,164,2,2,2,2
ANALYTIC_096,FIVE_VALID,STANDARD,True,0.40165812063499545,0.8821769703062424,0.0097251005356883,3,0,5,5,5,0,"[0, 1, 2, 4, 5]",1.841033275828836,new_pose_estimated,2,2,1,2,1
ANALYTIC_096,FIVE_VALID,ROBUST,True,0.40165812063499545,0.8821769703062424,0.0097251005356883,3,0,5,5,5,0,"[0, 1, 2, 4, 5]",1.841033275828836,new_pose_estimated,164,12,3,3,3
ANALYTIC_096,NEAR_COLLINEAR,STANDARD,True,20.67242084921333,179.5223798571383,1.2957008578742164,0,8,0,8,0,0,[],1.8505297579266882,new_pose_estimated,4,4,1,2,1
ANALYTIC_096,NEAR_COLLINEAR,ROBUST,True,349.07605836474886,95.49416869701692,3.621264895124299,0,8,0,8,0,4,"[0, 1, 2, 3]",28.170457142977604,new_pose_estimated,161,161,3,143,3
ANALYTIC_097,VALID_ONLY,STANDARD,True,1.5171433862021861,0.08646600402738326,0.015193095071077557,0,0,8,8,8,0,"[0, 1, 2, 3, 4, 5, 6, 7]",1.506370629477949,new_pose_estimated,2,2,1,2,1
ANALYTIC_097,VALID_ONLY,ROBUST,True,1.5171433862021861,0.08646600402738326,0.015193095071077557,0,0,8,8,8,0,"[0, 1, 2, 3, 4, 5, 6, 7]",1.506370629477949,new_pose_estimated,164,164,3,143,3
ANALYTIC_097,DROP_ONE_CORRECT,STANDARD,True,1.7133459808808995,0.1836208262132843,0.017255808225802402,1,0,7,7,7,0,"[0, 2, 3, 4, 5, 6, 7]",1.5593780429745605,new_pose_estimated,2,2,1,2,1
ANALYTIC_097,DROP_ONE_CORRECT,ROBUST,True,1.7133459808808995,0.1836208262132843,0.017255808225802402,1,0,7,7,7,0,"[0, 2, 3, 4, 5, 6, 7]",1.5593780429745605,new_pose_estimated,164,82,3,3,3
ANALYTIC_097,DROP_TWO_CORRECT,STANDARD,True,2.1112308827788584,0.23804803321221982,0.021263536646948585,2,0,6,6,6,0,"[0, 2, 3, 5, 6, 7]",1.8250376633760392,new_pose_estimated,2,2,1,2,1
ANALYTIC_097,DROP_TWO_CORRECT,ROBUST,True,2.1112308827788584,0.23804803321221982,0.021263536646948585,2,0,6,6,6,0,"[0, 2, 3, 5, 6, 7]",1.8250376633760392,new_pose_estimated,164,34,3,3,3
ANALYTIC_097,KEEP_ONE_WRONG,STANDARD,True,6.323406359550968,2.162520818472488,0.06733243951804292,0,1,7,8,6,0,"[1, 2, 4, 5, 6, 7]",1.4815158164174196,new_pose_estimated,2,2,1,2,1
ANALYTIC_097,KEEP_ONE_WRONG,ROBUST,True,1.6665197426491887,0.16073197862762983,0.016743922070172085,0,1,7,8,7,0,"[1, 2, 3, 4, 5, 6, 7]",1.4808970969697108,new_pose_estimated,160,160,3,143,3
ANALYTIC_097,KEEP_TWO_WRONG,STANDARD,True,3.37110668780364,0.9579869779318416,0.035269651289174,0,2,6,8,6,0,"[1, 2, 3, 4, 6, 7]",1.558649193671965,new_pose_estimated,2,2,1,2,1
ANALYTIC_097,KEEP_TWO_WRONG,ROBUST,True,1.7921503063827777,0.29108870818869226,0.01810906163173448,0,2,6,8,6,0,"[1, 2, 3, 4, 6, 7]",1.5287806359515606,new_pose_estimated,156,156,3,143,3
ANALYTIC_097,DROP_KEEP_ONE_EACH,STANDARD,True,2.9869621286451444,2.1317293961604147,0.035771164373071165,1,1,6,7,5,0,"[2, 4, 5, 6, 7]",1.6008164740836082,new_pose_estimated,2,2,1,2,1
ANALYTIC_097,DROP_KEEP_ONE_EACH,ROBUST,True,1.8574861243837553,0.22666633726002944,0.018749245796959472,1,1,6,7,6,0,"[2, 3, 4, 5, 6, 7]",1.3202157318909173,new_pose_estimated,164,82,3,143,3
ANALYTIC_097,DROP_KEEP_TWO_EACH,STANDARD,True,4.855879458238405,1.9137322043004934,0.05499115660587067,2,2,4,6,3,0,"[2, 6, 7]",1.7868562731254403,new_pose_estimated,2,2,1,2,1
ANALYTIC_097,DROP_KEEP_TWO_EACH,ROBUST,True,2.335918816491046,0.372013739838693,0.023644576289083143,2,2,4,6,4,0,"[2, 3, 6, 7]",1.454671521930063,new_pose_estimated,151,34,3,143,3
ANALYTIC_097,TWO_COHERENT_WRONG,STANDARD,True,6.047696503418117,0.7958126394001226,0.06111607209799377,0,2,6,8,5,0,"[1, 2, 4, 6, 7]",1.5395883970736584,new_pose_estimated,2,2,1,2,1
ANALYTIC_097,TWO_COHERENT_WRONG,ROBUST,True,1.7921503063827777,0.29108870818869226,0.01810906163173448,0,2,6,8,6,0,"[1, 2, 3, 4, 6, 7]",1.5287806359515606,new_pose_estimated,164,164,3,143,3
ANALYTIC_097,FOUR_VALID,STANDARD,True,1.1459138559151123,0.2101061423178778,0.011607152228973048,4,0,4,4,4,0,"[0, 1, 2, 4]",2.6649287396647594,new_pose_estimated,2,2,1,2,1
ANALYTIC_097,FOUR_VALID,ROBUST,True,1.1459138559151123,0.2101061423178778,0.011607152228973048,4,0,4,4,4,0,"[0, 1, 2, 4]",2.6649287396647594,new_pose_estimated,164,2,2,2,2
ANALYTIC_097,FIVE_VALID,STANDARD,True,1.032982866627505,0.35182439110467195,0.010868902850196857,3,0,5,5,5,0,"[0, 1, 2, 4, 5]",1.8272460187896458,new_pose_estimated,2,2,1,2,1
ANALYTIC_097,FIVE_VALID,ROBUST,True,1.032982866627505,0.35182439110467195,0.010868902850196857,3,0,5,5,5,0,"[0, 1, 2, 4, 5]",1.8272460187896458,new_pose_estimated,164,12,3,3,3
ANALYTIC_097,NEAR_COLLINEAR,STANDARD,True,129.43436740756283,177.7132568129903,1.8328751726513923,0,8,0,8,0,0,[],1.8505297579266882,new_pose_estimated,4,4,1,2,1
ANALYTIC_097,NEAR_COLLINEAR,ROBUST,True,239.45950828981987,94.868192550866,2.579979574262926,0,8,0,8,0,4,"[0, 1, 2, 3]",28.170457142977604,new_pose_estimated,161,161,3,143,3
ANALYTIC_098,VALID_ONLY,STANDARD,True,0.39923801259141256,0.34214451740344437,0.005142177527822964,0,0,8,8,8,0,"[0, 1, 2, 3, 4, 5, 6, 7]",1.5018522553530869,new_pose_estimated,2,2,1,2,1
ANALYTIC_098,VALID_ONLY,ROBUST,True,0.39923801259141256,0.34214451740344437,0.005142177527822964,0,0,8,8,8,0,"[0, 1, 2, 3, 4, 5, 6, 7]",1.5018522553530869,new_pose_estimated,164,164,3,143,3
ANALYTIC_098,DROP_ONE_CORRECT,STANDARD,True,1.5541992892284668,0.46118423680761433,0.01615341386168959,1,0,7,7,7,0,"[0, 1, 2, 4, 5, 6, 7]",1.8709594176909494,new_pose_estimated,2,2,1,2,1
ANALYTIC_098,DROP_ONE_CORRECT,ROBUST,True,1.5541992892284668,0.46118423680761433,0.01615341386168959,1,0,7,7,7,0,"[0, 1, 2, 4, 5, 6, 7]",1.8709594176909494,new_pose_estimated,164,82,3,3,3
ANALYTIC_098,DROP_TWO_CORRECT,STANDARD,True,2.446128457684197,0.4405001795070163,0.0248808163305115,2,0,6,6,6,0,"[0, 1, 2, 4, 5, 6]",1.9909513437117157,new_pose_estimated,2,2,1,2,1
ANALYTIC_098,DROP_TWO_CORRECT,ROBUST,True,2.446128457684197,0.4405001795070163,0.0248808163305115,2,0,6,6,6,0,"[0, 1, 2, 4, 5, 6]",1.9909513437117157,new_pose_estimated,164,36,3,3,3
ANALYTIC_098,KEEP_ONE_WRONG,STANDARD,True,18.94225597312508,1.867752451368622,0.19048777237479425,0,1,7,8,6,0,"[1, 2, 4, 5, 6, 7]",1.5385601936808107,new_pose_estimated,2,2,1,2,1
ANALYTIC_098,KEEP_ONE_WRONG,ROBUST,True,1.5028339500770074,0.28596148203587557,0.015291555456838411,0,1,7,8,7,0,"[1, 2, 3, 4, 5, 6, 7]",1.8481791481308008,new_pose_estimated,164,164,3,143,3
ANALYTIC_098,KEEP_TWO_WRONG,STANDARD,True,67.28781819658181,84.09572105210192,1.2537998548239153,0,2,6,8,4,0,"[4, 5, 6, 7]",1.4526291741779638,new_pose_estimated,2,2,1,2,1
ANALYTIC_098,KEEP_TWO_WRONG,ROBUST,True,1.4443310059035197,0.2500643018947222,0.014667842289583184,0,2,6,8,6,0,"[1, 3, 4, 5, 6, 7]",1.6551135105062182,new_pose_estimated,156,156,3,143,3
ANALYTIC_098,DROP_KEEP_ONE_EACH,STANDARD,True,70.86044502904436,85.23511328431817,1.2762887046782896,1,1,6,7,6,1,"[0, 1, 2, 4, 5, 6, 7]",1.657277081104877,new_pose_estimated,2,2,1,2,1
ANALYTIC_098,DROP_KEEP_ONE_EACH,ROBUST,True,70.86044502904436,85.23511328431817,1.2762887046782896,1,1,6,7,6,1,"[0, 1, 2, 4, 5, 6, 7]",1.657277081104877,new_pose_estimated,164,82,3,143,3
ANALYTIC_098,DROP_KEEP_TWO_EACH,STANDARD,True,60.035073008082676,86.34767719463605,1.250707858436008,2,2,4,6,3,0,"[1, 5, 6]",1.8175597973117952,new_pose_estimated,2,2,1,2,1
ANALYTIC_098,DROP_KEEP_TWO_EACH,ROBUST,True,60.274830852073634,85.25562820564352,1.2418663499443292,2,2,4,6,4,1,"[0, 1, 4, 5, 6]",1.5818170288255577,new_pose_estimated,158,32,3,143,3
ANALYTIC_098,TWO_COHERENT_WRONG,STANDARD,True,14.078327932374805,4.825332315457453,0.14888566992346788,0,2,6,8,4,0,"[4, 5, 6, 7]",1.5509366309234354,new_pose_estimated,2,2,1,2,1
ANALYTIC_098,TWO_COHERENT_WRONG,ROBUST,True,1.4443310059035197,0.2500643018947222,0.014667842289583184,0,2,6,8,6,0,"[1, 3, 4, 5, 6, 7]",1.6551135105062182,new_pose_estimated,162,162,3,143,3
ANALYTIC_098,FOUR_VALID,STANDARD,True,1.2967148739392282,0.7803716285462323,0.015508383383250234,4,0,4,4,4,0,"[0, 1, 2, 4]",3.231984912638394,new_pose_estimated,2,2,1,2,1
ANALYTIC_098,FOUR_VALID,ROBUST,True,1.2967148739392282,0.7803716285462323,0.015508383383250234,4,0,4,4,4,0,"[0, 1, 2, 4]",3.231984912638394,new_pose_estimated,164,2,2,2,2
ANALYTIC_098,FIVE_VALID,STANDARD,True,3.5182994352459613,0.32825417005738566,0.03532909112118701,3,0,5,5,5,0,"[0, 1, 2, 4, 5]",1.9229277452080784,new_pose_estimated,2,2,1,2,1
ANALYTIC_098,FIVE_VALID,ROBUST,True,3.5182994352459613,0.32825417005738566,0.03532909112118701,3,0,5,5,5,0,"[0, 1, 2, 4, 5]",1.9229277452080784,new_pose_estimated,164,12,3,3,3
ANALYTIC_098,NEAR_COLLINEAR,STANDARD,True,34.08258629827022,173.0316252127252,1.2766283844658677,0,8,0,8,0,0,[],1.8505297579266882,new_pose_estimated,4,4,1,2,1
ANALYTIC_098,NEAR_COLLINEAR,ROBUST,True,341.1952468294615,92.39705176268644,3.5241329287157637,0,8,0,8,0,4,"[0, 1, 2, 3]",28.170457142977604,new_pose_estimated,161,161,3,143,3
ANALYTIC_099,VALID_ONLY,STANDARD,True,0.37836691535520883,0.3329136290590234,0.005597459967298808,0,0,8,8,8,0,"[0, 1, 2, 3, 4, 5, 6, 7]",1.777157500160168,new_pose_estimated,2,2,1,2,1
ANALYTIC_099,VALID_ONLY,ROBUST,True,0.37836691535520883,0.3329136290590234,0.005597459967298808,0,0,8,8,8,0,"[0, 1, 2, 3, 4, 5, 6, 7]",1.777157500160168,new_pose_estimated,164,164,3,143,3
ANALYTIC_099,DROP_ONE_CORRECT,STANDARD,True,0.3815047717221865,0.45972361968383163,0.007016447475677312,1,0,7,7,7,0,"[0, 1, 2, 3, 4, 6, 7]",1.9134011238758126,new_pose_estimated,2,2,1,2,1
ANALYTIC_099,DROP_ONE_CORRECT,ROBUST,True,0.3815047717221865,0.45972361968383163,0.007016447475677312,1,0,7,7,7,0,"[0, 1, 2, 3, 4, 6, 7]",1.9134011238758126,new_pose_estimated,164,82,3,3,3
ANALYTIC_099,DROP_TWO_CORRECT,STANDARD,True,0.3394083390200831,0.5601416327351953,0.00777344157145384,2,0,6,6,6,0,"[0, 1, 2, 3, 4, 7]",2.5393347672909257,new_pose_estimated,2,2,1,2,1
ANALYTIC_099,DROP_TWO_CORRECT,ROBUST,True,0.3394083390200831,0.5601416327351953,0.00777344157145384,2,0,6,6,6,0,"[0, 1, 2, 3, 4, 7]",2.5393347672909257,new_pose_estimated,164,36,3,3,3
ANALYTIC_099,KEEP_ONE_WRONG,STANDARD,True,4.0079511633283635,2.264000648173938,0.044038153135162864,0,1,7,8,6,0,"[0, 1, 2, 3, 5, 6]",1.7654513214581922,new_pose_estimated,2,2,1,2,1
ANALYTIC_099,KEEP_ONE_WRONG,ROBUST,True,0.2657095504559126,0.4468334165094282,0.006347574770822986,0,1,7,8,7,0,"[0, 1, 2, 3, 4, 5, 6]",2.094466618422897,new_pose_estimated,164,164,3,143,3
ANALYTIC_099,KEEP_TWO_WRONG,STANDARD,True,15.31876934434295,3.1090455181795247,0.15636243296843433,0,2,6,8,4,0,"[0, 3, 5, 6]",1.7649011626217976,new_pose_estimated,2,2,1,2,1
ANALYTIC_099,KEEP_TWO_WRONG,ROBUST,True,0.38117895678856084,0.37735435741568535,0.006380951939715584,0,2,6,8,6,0,"[0, 2, 3, 4, 5, 6]",2.2438396012342254,new_pose_estimated,164,164,3,143,3
ANALYTIC_099,DROP_KEEP_ONE_EACH,STANDARD,True,7.156930637677808,2.2153486267414935,0.07357952308897275,1,1,6,7,5,0,"[0, 1, 2, 3, 6]",1.8877339646506577,new_pose_estimated,2,2,1,2,1
ANALYTIC_099,DROP_KEEP_ONE_EACH,ROBUST,True,0.2621559415901444,0.5991338224600727,0.008495585038076662,1,1,6,7,6,0,"[0, 1, 2, 3, 4, 6]",2.2422506926672243,new_pose_estimated,164,82,3,143,3
ANALYTIC_099,DROP_KEEP_TWO_EACH,STANDARD,True,19.606189419185636,90.21927666971561,1.2129541015037004,2,2,4,6,2,0,"[0, 3]",2.6711447870968197,new_pose_estimated,2,2,1,2,1
ANALYTIC_099,DROP_KEEP_TWO_EACH,ROBUST,True,9.109650327232696,7.017141982305144,0.12314918373606762,2,2,4,6,2,2,"[0, 1, 3, 7]",3.3469870340435697,new_pose_estimated,165,36,3,143,3
ANALYTIC_099,TWO_COHERENT_WRONG,STANDARD,True,23.797322631105754,96.88700105215841,1.2839659150235856,0,2,6,8,4,0,"[0, 3, 5, 6]",1.716690177307591,new_pose_estimated,2,2,1,2,1
ANALYTIC_099,TWO_COHERENT_WRONG,ROBUST,True,0.38117895678856084,0.37735435741568535,0.006380951939715584,0,2,6,8,6,0,"[0, 2, 3, 4, 5, 6]",2.2438396012342254,new_pose_estimated,160,160,3,143,3
ANALYTIC_099,FOUR_VALID,STANDARD,True,0.37774103699962464,0.6663149903651995,0.009484952417754471,4,0,4,4,4,0,"[0, 1, 2, 4]",2.552783995546611,new_pose_estimated,2,2,1,2,1
ANALYTIC_099,FOUR_VALID,ROBUST,True,0.37774103699962464,0.6663149903651995,0.009484952417754471,4,0,4,4,4,0,"[0, 1, 2, 4]",2.552783995546611,new_pose_estimated,164,2,1,1,1
ANALYTIC_099,FIVE_VALID,STANDARD,True,0.23259474917205333,0.37120748087109373,0.005010021064031667,3,0,5,5,5,0,"[0, 1, 2, 4, 5]",1.8210956844233326,new_pose_estimated,2,2,1,2,1
ANALYTIC_099,FIVE_VALID,ROBUST,True,0.23259474917205333,0.37120748087109373,0.005010021064031667,3,0,5,5,5,0,"[0, 1, 2, 4, 5]",1.8210956844233326,new_pose_estimated,164,12,3,3,3
ANALYTIC_099,NEAR_COLLINEAR,STANDARD,True,153.18360599925148,168.94763899384162,1.990375225488177,0,8,0,8,0,0,[],1.8505297579266882,new_pose_estimated,4,4,1,2,1
ANALYTIC_099,NEAR_COLLINEAR,ROBUST,True,207.7022924479171,83.19812747400609,2.236369140495124,0,8,0,8,0,4,"[0, 1, 2, 3]",28.170457142977604,new_pose_estimated,161,161,3,143,3
ANALYTIC_100,VALID_ONLY,STANDARD,True,0.36695167215260766,0.09964600010945332,0.0038466062433868044,0,0,8,8,8,0,"[0, 1, 2, 3, 4, 5, 6, 7]",1.5220205182114201,new_pose_estimated,2,2,1,2,1
ANALYTIC_100,VALID_ONLY,ROBUST,True,0.36695167215260766,0.09964600010945332,0.0038466062433868044,0,0,8,8,8,0,"[0, 1, 2, 3, 4, 5, 6, 7]",1.5220205182114201,new_pose_estimated,164,164,3,143,3
ANALYTIC_100,DROP_ONE_CORRECT,STANDARD,True,0.48856039602031803,0.10592152684968469,0.005010259807422849,1,0,7,7,7,0,"[1, 2, 3, 4, 5, 6, 7]",1.8978106049123338,new_pose_estimated,2,2,1,2,1
ANALYTIC_100,DROP_ONE_CORRECT,ROBUST,True,0.48856039602031803,0.10592152684968469,0.005010259807422849,1,0,7,7,7,0,"[1, 2, 3, 4, 5, 6, 7]",1.8978106049123338,new_pose_estimated,164,82,3,3,3
ANALYTIC_100,DROP_TWO_CORRECT,STANDARD,True,0.40773963193277435,0.11730549514652772,0.004266459323368469,2,0,6,6,6,0,"[2, 3, 4, 5, 6, 7]",1.6106615794489898,new_pose_estimated,2,2,1,2,1
ANALYTIC_100,DROP_TWO_CORRECT,ROBUST,True,0.40773963193277435,0.11730549514652772,0.004266459323368469,2,0,6,6,6,0,"[2, 3, 4, 5, 6, 7]",1.6106615794489898,new_pose_estimated,164,36,3,3,3
ANALYTIC_100,KEEP_ONE_WRONG,STANDARD,True,10.699725447317622,2.7162161942956358,0.10947508893002042,0,1,7,8,6,0,"[0, 1, 2, 3, 4, 7]",1.563247933248602,new_pose_estimated,2,2,1,2,1
ANALYTIC_100,KEEP_ONE_WRONG,ROBUST,True,0.5708492430817224,0.14022977791921917,0.005849779900157932,0,1,7,8,7,0,"[0, 1, 2, 3, 4, 5, 7]",1.7228563966973907,new_pose_estimated,164,164,3,143,3
ANALYTIC_100,KEEP_TWO_WRONG,STANDARD,True,47.46879602731008,84.72642856336805,1.2014393332642241,0,2,6,8,4,0,"[1, 2, 4, 7]",1.5231883524616843,new_pose_estimated,2,2,1,2,1
ANALYTIC_100,KEEP_TWO_WRONG,ROBUST,True,1.3249991444366185,0.38649440720379746,0.01382163876207499,0,2,6,8,6,0,"[0, 1, 2, 4, 5, 7]",1.989639094891591,new_pose_estimated,164,164,3,143,3
ANALYTIC_100,DROP_KEEP_ONE_EACH,STANDARD,True,15.537585018626492,2.4686468928368073,0.15747966319859863,1,1,6,7,5,0,"[1, 2, 3, 4, 7]",1.9423455930512419,new_pose_estimated,2,2,1,2,1
ANALYTIC_100,DROP_KEEP_ONE_EACH,ROBUST,True,0.6154410186508302,0.16949149899946198,0.006355421061294914,1,1,6,7,6,0,"[1, 2, 3, 4, 5, 7]",1.9377867024147926,new_pose_estimated,158,78,3,143,3
ANALYTIC_100,DROP_KEEP_TWO_EACH,STANDARD,True,5.686486782400989,3.747085695870937,0.06725021859504596,2,2,4,6,2,0,"[2, 4]",1.6947062986918913,new_pose_estimated,2,2,1,2,1
ANALYTIC_100,DROP_KEEP_TWO_EACH,ROBUST,True,25.621955715179308,4.522229524184869,0.26039134997090196,2,2,4,6,4,1,"[2, 3, 4, 5, 7]",1.4717632187095695,new_pose_estimated,154,32,3,143,3
ANALYTIC_100,TWO_COHERENT_WRONG,STANDARD,True,7.428276747549957,1.160636627059385,0.07521629989571682,0,2,6,8,5,0,"[1, 2, 4, 5, 7]",1.5931578283393748,new_pose_estimated,2,2,1,2,1
ANALYTIC_100,TWO_COHERENT_WRONG,ROBUST,True,1.3249991444366185,0.38649440720379746,0.01382163876207499,0,2,6,8,6,0,"[0, 1, 2, 4, 5, 7]",1.989639094891591,new_pose_estimated,160,160,3,143,3
ANALYTIC_100,FOUR_VALID,STANDARD,True,0.3761146535244891,0.27785729245244756,0.004434936606927186,4,0,4,4,4,0,"[0, 1, 2, 4]",3.399867583095516,new_pose_estimated,2,2,1,2,1
ANALYTIC_100,FOUR_VALID,ROBUST,True,0.3761146535244891,0.27785729245244756,0.004434936606927186,4,0,4,4,4,0,"[0, 1, 2, 4]",3.399867583095516,new_pose_estimated,164,2,2,2,2
ANALYTIC_100,FIVE_VALID,STANDARD,True,1.1052546401892342,0.5275732315670386,0.012209155455524165,3,0,5,5,5,0,"[0, 1, 2, 4, 5]",1.9978268324983481,new_pose_estimated,2,2,1,2,1
ANALYTIC_100,FIVE_VALID,ROBUST,True,1.1052546401892342,0.5275732315670386,0.012209155455524165,3,0,5,5,5,0,"[0, 1, 2, 4, 5]",1.9978268324983481,new_pose_estimated,164,12,3,3,3
ANALYTIC_100,NEAR_COLLINEAR,STANDARD,True,72.48684486507472,174.65146692869996,1.4297289863837208,0,8,0,8,0,0,[],1.8505297579266882,new_pose_estimated,4,4,1,2,1
ANALYTIC_100,NEAR_COLLINEAR,ROBUST,True,294.6255888074551,92.69956905588734,3.0781357332727834,0,8,0,8,0,4,"[0, 1, 2, 3]",28.170457142977604,new_pose_estimated,161,161,3,143,3
ANALYTIC_101,VALID_ONLY,STANDARD,True,0.6712854648057648,0.4267008787726067,0.00889894161710637,0,0,8,8,8,0,"[0, 1, 2, 3, 4, 5, 6, 7]",1.8822219413491372,new_pose_estimated,2,2,1,2,1
ANALYTIC_101,VALID_ONLY,ROBUST,True,0.6712854648057648,0.4267008787726067,0.00889894161710637,0,0,8,8,8,0,"[0, 1, 2, 3, 4, 5, 6, 7]",1.8822219413491372,new_pose_estimated,164,164,3,143,3
ANALYTIC_101,DROP_ONE_CORRECT,STANDARD,True,0.838579633581236,0.24264821715780882,0.008945701080558876,1,0,7,7,7,0,"[0, 1, 2, 3, 4, 5, 6]",1.9290015076836213,new_pose_estimated,2,2,1,2,1
ANALYTIC_101,DROP_ONE_CORRECT,ROBUST,True,0.838579633581236,0.24264821715780882,0.008945701080558876,1,0,7,7,7,0,"[0, 1, 2, 3, 4, 5, 6]",1.9290015076836213,new_pose_estimated,164,82,3,3,3
ANALYTIC_101,DROP_TWO_CORRECT,STANDARD,True,0.7423858866442358,0.41714028609248965,0.00949365979631264,2,0,6,6,6,0,"[0, 2, 3, 4, 5, 6]",1.6881332607493231,new_pose_estimated,2,2,1,2,1
ANALYTIC_101,DROP_TWO_CORRECT,ROBUST,True,0.7423858866442358,0.41714028609248965,0.00949365979631264,2,0,6,6,6,0,"[0, 2, 3, 4, 5, 6]",1.6881332607493231,new_pose_estimated,164,36,3,3,3
ANALYTIC_101,KEEP_ONE_WRONG,STANDARD,True,2.999961388174276,3.6097399172072033,0.042250747867943236,0,1,7,8,6,0,"[0, 1, 2, 3, 4, 7]",1.864485085139675,new_pose_estimated,2,2,1,2,1
ANALYTIC_101,KEEP_ONE_WRONG,ROBUST,True,1.5415367407221976,0.5502851963817159,0.016535214877640005,0,1,7,8,7,0,"[0, 1, 2, 3, 4, 6, 7]",2.1345267854319956,new_pose_estimated,164,164,3,143,3
ANALYTIC_101,KEEP_TWO_WRONG,STANDARD,True,21.731690432249483,2.6469934616440125,0.218804480066506,0,2,6,8,5,0,"[1, 2, 4, 6, 7]",1.8760422677395443,new_pose_estimated,2,2,1,2,1
ANALYTIC_101,KEEP_TWO_WRONG,ROBUST,True,3.803059348111984,0.7843646842207055,0.038517701213770045,0,2,6,8,6,0,"[1, 2, 3, 4, 6, 7]",2.3088854539458614,new_pose_estimated,164,164,3,143,3
ANALYTIC_101,DROP_KEEP_ONE_EACH,STANDARD,True,4.798873184808335,4.041104589048649,0.05668964383600496,1,1,6,7,5,0,"[0, 1, 2, 3, 4]",1.9689353556082076,new_pose_estimated,2,2,1,2,1
ANALYTIC_101,DROP_KEEP_ONE_EACH,ROBUST,True,1.4227707156756477,0.32707493248317226,0.014684457424020407,1,1,6,7,6,0,"[0, 1, 2, 3, 4, 6]",2.227308431112948,new_pose_estimated,152,74,3,143,3
ANALYTIC_101,DROP_KEEP_TWO_EACH,STANDARD,True,37.46357510997776,4.6833550424352195,0.376626501161888,2,2,4,6,2,0,"[2, 4]",1.7005588428639367,new_pose_estimated,2,2,1,2,1
ANALYTIC_101,DROP_KEEP_TWO_EACH,ROBUST,True,3.929384167594481,0.6659966604163536,0.03961657642455423,2,2,4,6,4,0,"[2, 3, 4, 6]",1.7923182568602234,new_pose_estimated,158,34,3,143,3
ANALYTIC_101,TWO_COHERENT_WRONG,STANDARD,True,5.919840535014248,1.8994657166167246,0.06179949630876379,0,2,6,8,5,0,"[1, 2, 3, 4, 6]",1.9440223582092684,new_pose_estimated,2,2,1,2,1
ANALYTIC_101,TWO_COHERENT_WRONG,ROBUST,True,3.803059348111984,0.7843646842207055,0.038517701213770045,0,2,6,8,6,0,"[1, 2, 3, 4, 6, 7]",2.3088854539458614,new_pose_estimated,164,164,3,143,3
ANALYTIC_101,FOUR_VALID,STANDARD,True,23.235244487498807,82.3229763958746,1.133472975729098,4,0,4,4,4,0,"[0, 1, 2, 4]",3.4836170712534025,new_pose_estimated,2,2,1,2,1
ANALYTIC_101,FOUR_VALID,ROBUST,True,23.235244487498807,82.3229763958746,1.133472975729098,4,0,4,4,4,0,"[0, 1, 2, 4]",3.4836170712534025,new_pose_estimated,164,2,2,2,2
ANALYTIC_101,FIVE_VALID,STANDARD,True,3.0719196726264357,0.5163277002898183,0.031217504591953455,3,0,5,5,5,0,"[0, 1, 2, 4, 5]",2.361278607194163,new_pose_estimated,2,2,1,2,1
ANALYTIC_101,FIVE_VALID,ROBUST,True,3.0719196726264357,0.5163277002898183,0.031217504591953455,3,0,5,5,5,0,"[0, 1, 2, 4, 5]",2.361278607194163,new_pose_estimated,164,12,3,3,3
ANALYTIC_101,NEAR_COLLINEAR,STANDARD,True,29.218910240857326,175.83132458581292,1.2863948668066978,0,8,0,8,0,0,[],1.8505297579266882,new_pose_estimated,4,4,1,2,1
ANALYTIC_101,NEAR_COLLINEAR,ROBUST,True,355.245779145581,106.95057058000185,3.6726564574056026,0,8,0,8,0,4,"[0, 1, 2, 3]",28.170457142977604,new_pose_estimated,161,161,3,143,3
ANALYTIC_102,VALID_ONLY,STANDARD,True,0.932835646426237,0.243954405973888,0.009513744723387674,0,0,8,8,8,0,"[0, 1, 2, 3, 4, 5, 6, 7]",1.9277218974564836,new_pose_estimated,2,2,1,2,1
ANALYTIC_102,VALID_ONLY,ROBUST,True,0.932835646426237,0.243954405973888,0.009513744723387674,0,0,8,8,8,0,"[0, 1, 2, 3, 4, 5, 6, 7]",1.9277218974564836,new_pose_estimated,164,164,3,143,3
ANALYTIC_102,DROP_ONE_CORRECT,STANDARD,True,1.0035286115793463,0.20982964435881765,0.010167597214382262,1,0,7,7,7,0,"[0, 1, 2, 3, 4, 6, 7]",2.146657509294498,new_pose_estimated,2,2,1,2,1
ANALYTIC_102,DROP_ONE_CORRECT,ROBUST,True,1.0035286115793463,0.20982964435881765,0.010167597214382262,1,0,7,7,7,0,"[0, 1, 2, 3, 4, 6, 7]",2.146657509294498,new_pose_estimated,164,82,3,3,3
ANALYTIC_102,DROP_TWO_CORRECT,STANDARD,True,0.6197178630598505,0.12985889665580974,0.006295291130944806,2,0,6,6,6,0,"[0, 1, 2, 4, 6, 7]",2.357439539969533,new_pose_estimated,2,2,1,2,1
ANALYTIC_102,DROP_TWO_CORRECT,ROBUST,True,0.6197178630598505,0.12985889665580974,0.006295291130944806,2,0,6,6,6,0,"[0, 1, 2, 4, 6, 7]",2.357439539969533,new_pose_estimated,164,36,3,3,3
ANALYTIC_102,KEEP_ONE_WRONG,STANDARD,True,3.366468032608881,2.5464046475956374,0.038661601961311486,0,1,7,8,6,0,"[0, 1, 2, 3, 4, 7]",1.8694057140860543,new_pose_estimated,2,2,1,2,1
ANALYTIC_102,KEEP_ONE_WRONG,ROBUST,True,1.0904441651717425,0.22297045473581117,0.011048047256493334,0,1,7,8,7,0,"[0, 1, 2, 3, 4, 5, 7]",2.170172249128838,new_pose_estimated,161,161,3,143,3
ANALYTIC_102,KEEP_TWO_WRONG,STANDARD,True,6.602869952475113,4.087323570655972,0.0764019484511231,0,2,6,8,6,0,"[0, 2, 3, 4, 5, 7]",1.8511429311744156,new_pose_estimated,2,2,1,2,1
ANALYTIC_102,KEEP_TWO_WRONG,ROBUST,True,1.2540697410892345,0.30476716357044253,0.012789821453726051,0,2,6,8,6,0,"[0, 2, 3, 4, 5, 7]",2.0725704121245903,new_pose_estimated,164,164,3,143,3
ANALYTIC_102,DROP_KEEP_ONE_EACH,STANDARD,True,6.009288185281369,3.17085957095999,0.06845178771370704,1,1,6,7,6,0,"[0, 1, 2, 3, 4, 7]",2.110529055436478,new_pose_estimated,2,2,1,2,1
ANALYTIC_102,DROP_KEEP_ONE_EACH,ROBUST,True,1.2487419696588125,0.24675175841031374,0.012743486800514885,1,1,6,7,6,0,"[0, 1, 2, 3, 4, 7]",3.2988404062577024,new_pose_estimated,163,82,3,143,3
ANALYTIC_102,DROP_KEEP_TWO_EACH,STANDARD,True,12.031099288150347,4.748510181306906,0.1280831198459117,2,2,4,6,2,0,"[4, 7]",2.296267772253707,new_pose_estimated,2,2,1,2,1
ANALYTIC_102,DROP_KEEP_TWO_EACH,ROBUST,True,89.09175621528344,93.48056521443552,1.4249443436185234,2,2,4,6,3,2,"[1, 2, 4, 6, 7]",5.578594465129433,new_pose_estimated,162,36,3,143,3
ANALYTIC_102,TWO_COHERENT_WRONG,STANDARD,True,13.63879665641971,1.2574665343258575,0.136851623564889,0,2,6,8,4,0,"[0, 3, 4, 7]",1.9156637289420924,new_pose_estimated,2,2,1,2,1
ANALYTIC_102,TWO_COHERENT_WRONG,ROBUST,True,1.2540697410892345,0.30476716357044253,0.012789821453726051,0,2,6,8,6,0,"[0, 2, 3, 4, 5, 7]",2.0725704121245903,new_pose_estimated,160,160,3,143,3
ANALYTIC_102,FOUR_VALID,STANDARD,True,0.6174581598630594,0.6261596942747344,0.008501414330000172,4,0,4,4,4,0,"[0, 1, 2, 4]",4.204909106304868,new_pose_estimated,2,2,1,2,1
ANALYTIC_102,FOUR_VALID,ROBUST,True,0.6174581598630594,0.6261596942747344,0.008501414330000172,4,0,4,4,4,0,"[0, 1, 2, 4]",4.204909106304868,new_pose_estimated,164,2,2,2,2
ANALYTIC_102,FIVE_VALID,STANDARD,True,0.7674047649498,0.1022159652798166,0.007732783988442755,3,0,5,5,5,0,"[0, 1, 2, 4, 5]",2.509377252506515,new_pose_estimated,2,2,1,2,1
ANALYTIC_102,FIVE_VALID,ROBUST,True,0.7674047649498,0.1022159652798166,0.007732783988442755,3,0,5,5,5,0,"[0, 1, 2, 4, 5]",2.509377252506515,new_pose_estimated,164,12,3,3,3
ANALYTIC_102,NEAR_COLLINEAR,STANDARD,True,151.66413632843714,175.3906860582389,1.986004826991557,0,8,0,8,0,0,[],1.8505297579266882,new_pose_estimated,4,4,1,2,1
ANALYTIC_102,NEAR_COLLINEAR,ROBUST,True,215.27723540988467,101.45717278788777,2.3908583278157503,0,8,0,8,0,4,"[0, 1, 2, 3]",28.170457142977604,new_pose_estimated,161,161,3,143,3
ANALYTIC_103,VALID_ONLY,STANDARD,True,0.747579102161234,0.5014377524768189,0.0089448774943369,0,0,8,8,8,0,"[0, 1, 2, 3, 4, 5, 6, 7]",1.5367832445159157,new_pose_estimated,2,2,1,2,1
ANALYTIC_103,VALID_ONLY,ROBUST,True,0.747579102161234,0.5014377524768189,0.0089448774943369,0,0,8,8,8,0,"[0, 1, 2, 3, 4, 5, 6, 7]",1.5367832445159157,new_pose_estimated,164,164,3,143,3
ANALYTIC_103,DROP_ONE_CORRECT,STANDARD,True,0.5757040863639716,0.5750770751618242,0.007932129891883407,1,0,7,7,7,0,"[0, 2, 3, 4, 5, 6, 7]",1.5039671166365558,new_pose_estimated,2,2,1,2,1
ANALYTIC_103,DROP_ONE_CORRECT,ROBUST,True,0.5757040863639716,0.5750770751618242,0.007932129891883407,1,0,7,7,7,0,"[0, 2, 3, 4, 5, 6, 7]",1.5039671166365558,new_pose_estimated,164,82,3,3,3
ANALYTIC_103,DROP_TWO_CORRECT,STANDARD,True,0.527116432135258,0.6616023792295441,0.008240875157437598,2,0,6,6,6,0,"[0, 2, 3, 4, 5, 7]",1.6320533355421267,new_pose_estimated,2,2,1,2,1
ANALYTIC_103,DROP_TWO_CORRECT,ROBUST,True,0.527116432135258,0.6616023792295441,0.008240875157437598,2,0,6,6,6,0,"[0, 2, 3, 4, 5, 7]",1.6320533355421267,new_pose_estimated,164,34,3,3,3
ANALYTIC_103,KEEP_ONE_WRONG,STANDARD,True,54.142344842584414,86.10686345922582,1.2342659288811024,0,1,7,8,6,0,"[1, 2, 4, 5, 6, 7]",1.5457740733072778,new_pose_estimated,2,2,1,2,1
ANALYTIC_103,KEEP_ONE_WRONG,ROBUST,True,2.4000401564515292,0.4747118184940155,0.024456586901208388,0,1,7,8,7,0,"[0, 1, 2, 4, 5, 6, 7]",1.7999761191913455,new_pose_estimated,164,164,3,143,3
ANALYTIC_103,KEEP_TWO_WRONG,STANDARD,True,3.537054380538069,3.8104107212759506,0.051607508212033235,0,2,6,8,6,0,"[1, 2, 4, 5, 6, 7]",1.5065141362125187,new_pose_estimated,2,2,1,2,1
ANALYTIC_103,KEEP_TWO_WRONG,ROBUST,True,25.957840936527315,2.901936480291637,0.26105557277424596,0,2,6,8,6,1,"[0, 1, 2, 4, 5, 6, 7]",1.8309375352140025,new_pose_estimated,160,160,3,143,3
ANALYTIC_103,DROP_KEEP_ONE_EACH,STANDARD,True,16.54033264058922,1.2678655142613362,0.16584434257241726,1,1,6,7,5,0,"[2, 4, 5, 6, 7]",1.5361805444868084,new_pose_estimated,2,2,1,2,1
ANALYTIC_103,DROP_KEEP_ONE_EACH,ROBUST,True,2.251637607810655,0.6304809420715274,0.023307780746908303,1,1,6,7,6,0,"[0, 2, 4, 5, 6, 7]",1.6153084293939897,new_pose_estimated,164,82,3,143,3
ANALYTIC_103,DROP_KEEP_TWO_EACH,STANDARD,True,6.901624622679706,1.7804791570315643,0.0714460206397561,2,2,4,6,4,0,"[2, 4, 5, 7]",1.6876828985031878,new_pose_estimated,2,2,1,2,1
ANALYTIC_103,DROP_KEEP_TWO_EACH,ROBUST,True,33.832896654433654,3.339014550581731,0.33962708510581896,2,2,4,6,4,1,"[0, 2, 4, 5, 7]",1.6393601358235181,new_pose_estimated,164,34,3,143,3
ANALYTIC_103,TWO_COHERENT_WRONG,STANDARD,True,40.803078758502295,3.0370855094446836,0.4089229170753985,0,2,6,8,6,2,"[0, 1, 2, 3, 4, 5, 6, 7]",1.5706820414452225,new_pose_estimated,2,2,1,2,1
ANALYTIC_103,TWO_COHERENT_WRONG,ROBUST,True,40.803078758502295,3.0370855094446836,0.4089229170753985,0,2,6,8,6,2,"[0, 1, 2, 3, 4, 5, 6, 7]",1.5706820414452225,new_pose_estimated,164,164,3,143,3
ANALYTIC_103,FOUR_VALID,STANDARD,True,5.215601333074933,0.6925877213869678,0.05258769361915344,4,0,4,4,4,0,"[0, 1, 2, 4]",3.4105927105220664,new_pose_estimated,2,2,1,2,1
ANALYTIC_103,FOUR_VALID,ROBUST,True,5.215601333074933,0.6925877213869678,0.05258769361915344,4,0,4,4,4,0,"[0, 1, 2, 4]",3.4105927105220664,new_pose_estimated,164,2,2,2,2
ANALYTIC_103,FIVE_VALID,STANDARD,True,3.1191838814203563,0.8010577729877257,0.03212165229342194,3,0,5,5,5,0,"[0, 1, 2, 4, 5]",2.0645851673374547,new_pose_estimated,2,2,1,2,1
ANALYTIC_103,FIVE_VALID,ROBUST,True,3.1191838814203563,0.8010577729877257,0.03212165229342194,3,0,5,5,5,0,"[0, 1, 2, 4, 5]",2.0645851673374547,new_pose_estimated,164,12,3,3,3
ANALYTIC_103,NEAR_COLLINEAR,STANDARD,True,70.37229956083381,178.403754473696,1.4463260077318743,0,8,0,8,0,0,[],1.8505297579266882,new_pose_estimated,4,4,1,2,1
ANALYTIC_103,NEAR_COLLINEAR,ROBUST,True,293.65125542253804,98.13706468620256,3.0975684625387374,0,8,0,8,0,4,"[0, 1, 2, 3]",28.170457142977604,new_pose_estimated,161,161,3,143,3
ANALYTIC_104,VALID_ONLY,STANDARD,True,2.7728269129101255,0.23733493335532863,0.027831184436011902,0,0,8,8,8,0,"[0, 1, 2, 3, 4, 5, 6, 7]",1.7160993777794522,new_pose_estimated,2,2,1,2,1
ANALYTIC_104,VALID_ONLY,ROBUST,True,2.7728269129101255,0.23733493335532863,0.027831184436011902,0,0,8,8,8,0,"[0, 1, 2, 3, 4, 5, 6, 7]",1.7160993777794522,new_pose_estimated,164,164,3,143,3
ANALYTIC_104,DROP_ONE_CORRECT,STANDARD,True,2.7758525396595424,0.14429691495373528,0.027791495552946886,1,0,7,7,7,0,"[0, 1, 2, 3, 4, 5, 7]",1.79950827695835,new_pose_estimated,2,2,1,2,1
ANALYTIC_104,DROP_ONE_CORRECT,ROBUST,True,2.7758525396595424,0.14429691495373528,0.027791495552946886,1,0,7,7,7,0,"[0, 1, 2, 3, 4, 5, 7]",1.79950827695835,new_pose_estimated,164,82,3,3,3
ANALYTIC_104,DROP_TWO_CORRECT,STANDARD,True,2.842667022762677,0.10160834516892193,0.028445170235435847,2,0,6,6,6,0,"[0, 1, 2, 4, 5, 7]",1.6786827157326227,new_pose_estimated,2,2,1,2,1
ANALYTIC_104,DROP_TWO_CORRECT,ROBUST,True,2.842667022762677,0.10160834516892193,0.028445170235435847,2,0,6,6,6,0,"[0, 1, 2, 4, 5, 7]",1.6786827157326227,new_pose_estimated,164,34,3,3,3
ANALYTIC_104,KEEP_ONE_WRONG,STANDARD,True,5.081224926939092,2.840032714801689,0.05892743256598657,0,1,7,8,7,0,"[0, 1, 2, 3, 4, 6, 7]",1.694971035194302,new_pose_estimated,2,2,1,2,1
ANALYTIC_104,KEEP_ONE_WRONG,ROBUST,True,2.9321601786866376,0.414413616424172,0.02963192691413193,0,1,7,8,7,0,"[0, 1, 2, 3, 4, 6, 7]",1.8354431698864269,new_pose_estimated,164,164,3,143,3
ANALYTIC_104,KEEP_TWO_WRONG,STANDARD,True,20.440516984222818,2.3387236702190943,0.2056006934302913,0,2,6,8,4,0,"[0, 3, 4, 7]",1.7660451503062262,new_pose_estimated,2,2,1,2,1
ANALYTIC_104,KEEP_TWO_WRONG,ROBUST,True,4.225348014923784,0.4665343546506486,0.04249952444086978,0,2,6,8,6,0,"[0, 2, 3, 4, 6, 7]",1.9963748136528288,new_pose_estimated,154,154,3,143,3
ANALYTIC_104,DROP_KEEP_ONE_EACH,STANDARD,True,6.102489381630413,4.694580662971575,0.07550335007803254,1,1,6,7,6,0,"[0, 1, 2, 3, 4, 7]",1.7387330911502465,new_pose_estimated,2,2,1,2,1
ANALYTIC_104,DROP_KEEP_ONE_EACH,ROBUST,True,2.9313341490409113,0.33608598373412474,0.029518982198798647,1,1,6,7,6,0,"[0, 1, 2, 3, 4, 7]",2.413024834395453,new_pose_estimated,164,82,3,143,3
ANALYTIC_104,DROP_KEEP_TWO_EACH,STANDARD,True,48.886764695817085,94.47662972634517,1.2929385071740516,2,2,4,6,3,0,"[0, 4, 7]",1.6974836220086291,new_pose_estimated,2,2,1,2,1
ANALYTIC_104,DROP_KEEP_TWO_EACH,ROBUST,True,30.33683939440121,94.12046533179311,1.2609940094651941,2,2,4,6,4,1,"[0, 2, 4, 5, 7]",1.6393664427767598,new_pose_estimated,162,34,3,143,3
ANALYTIC_104,TWO_COHERENT_WRONG,STANDARD,True,26.16679984725942,2.6281541629959806,0.2629132817760226,0,2,6,8,4,0,"[0, 3, 4, 7]",1.702865625579237,new_pose_estimated,2,2,1,2,1
ANALYTIC_104,TWO_COHERENT_WRONG,ROBUST,True,4.225348014923784,0.4665343546506486,0.04249952444086978,0,2,6,8,6,0,"[0, 2, 3, 4, 6, 7]",1.9963748136528288,new_pose_estimated,164,164,3,143,3
ANALYTIC_104,FOUR_VALID,STANDARD,True,4.887321859402658,0.7163561137147548,0.04939516069448237,4,0,4,4,4,0,"[0, 1, 2, 4]",2.4669672561630316,new_pose_estimated,2,2,1,2,1
ANALYTIC_104,FOUR_VALID,ROBUST,True,4.887321859402658,0.7163561137147548,0.04939516069448237,4,0,4,4,4,0,"[0, 1, 2, 4]",2.4669672561630316,new_pose_estimated,164,2,2,2,2
ANALYTIC_104,FIVE_VALID,STANDARD,True,4.731903244861041,0.28440481484496927,0.04739608765271901,3,0,5,5,5,0,"[0, 1, 2, 4, 5]",1.8860435430404625,new_pose_estimated,2,2,1,2,1
ANALYTIC_104,FIVE_VALID,ROBUST,True,4.731903244861041,0.28440481484496927,0.04739608765271901,3,0,5,5,5,0,"[0, 1, 2, 4, 5]",1.8860435430404625,new_pose_estimated,164,12,3,3,3
ANALYTIC_104,NEAR_COLLINEAR,STANDARD,True,27.66589483728653,171.71148889664673,1.2927445338670442,0,8,0,8,0,0,[],1.8505297579266882,new_pose_estimated,4,4,1,2,1
ANALYTIC_104,NEAR_COLLINEAR,ROBUST,True,342.3363078199061,105.06852408721396,3.5786768634484774,0,8,0,8,0,4,"[0, 1, 2, 3]",28.170457142977604,new_pose_estimated,161,161,3,143,3
ANALYTIC_105,VALID_ONLY,STANDARD,True,0.9564292849766272,0.17484837131569772,0.009742899889707075,0,0,8,8,8,0,"[0, 1, 2, 3, 4, 5, 6, 7]",1.8275736007539214,new_pose_estimated,2,2,1,2,1
ANALYTIC_105,VALID_ONLY,ROBUST,True,0.9564292849766272,0.17484837131569772,0.009742899889707075,0,0,8,8,8,0,"[0, 1, 2, 3, 4, 5, 6, 7]",1.8275736007539214,new_pose_estimated,164,164,3,143,3
ANALYTIC_105,DROP_ONE_CORRECT,STANDARD,True,1.3259424813550291,0.38430954973608467,0.01382208702692006,1,0,7,7,7,0,"[0, 2, 3, 4, 5, 6, 7]",1.8020490842921504,new_pose_estimated,2,2,1,2,1
ANALYTIC_105,DROP_ONE_CORRECT,ROBUST,True,1.3259424813550291,0.38430954973608467,0.01382208702692006,1,0,7,7,7,0,"[0, 2, 3, 4, 5, 6, 7]",1.8020490842921504,new_pose_estimated,164,82,3,3,3
ANALYTIC_105,DROP_TWO_CORRECT,STANDARD,True,0.770262092323058,0.48081358600286583,0.00948830646195977,2,0,6,6,6,0,"[0, 2, 4, 5, 6, 7]",1.7515279319126338,new_pose_estimated,2,2,1,2,1
ANALYTIC_105,DROP_TWO_CORRECT,ROBUST,True,0.770262092323058,0.48081358600286583,0.00948830646195977,2,0,6,6,6,0,"[0, 2, 4, 5, 6, 7]",1.7515279319126338,new_pose_estimated,164,34,3,3,3
ANALYTIC_105,KEEP_ONE_WRONG,STANDARD,True,2.700899824039066,3.089504567041584,0.039993656103668125,0,1,7,8,7,0,"[0, 1, 2, 3, 4, 5, 6]",1.7908779230406995,new_pose_estimated,2,2,1,2,1
ANALYTIC_105,KEEP_ONE_WRONG,ROBUST,True,0.9353141574041984,0.19220585319254715,0.009560526669203807,0,1,7,8,7,0,"[0, 1, 2, 3, 4, 5, 6]",1.9631103279635633,new_pose_estimated,164,164,3,143,3
ANALYTIC_105,KEEP_TWO_WRONG,STANDARD,True,8.965931029215996,5.822041026912405,0.10337475937247528,0,2,6,8,4,0,"[0, 1, 2, 3]",1.8049279693320202,new_pose_estimated,2,2,1,2,1
ANALYTIC_105,KEEP_TWO_WRONG,ROBUST,True,1.7651357124667397,0.08250338693143536,0.017681373101256236,0,2,6,8,6,0,"[0, 1, 2, 3, 4, 5]",2.365459541499645,new_pose_estimated,158,158,3,143,3
ANALYTIC_105,DROP_KEEP_ONE_EACH,STANDARD,True,3.35521388935197,3.630410362198388,0.047918189127673774,1,1,6,7,5,0,"[0, 2, 3, 5, 6]",1.7066877307915977,new_pose_estimated,2,2,1,2,1
ANALYTIC_105,DROP_KEEP_ONE_EACH,ROBUST,True,1.2958764569926655,0.44492526938123184,0.013722983908450379,1,1,6,7,6,0,"[0, 2, 3, 4, 5, 6]",1.9039604437890805,new_pose_estimated,164,82,3,143,3
ANALYTIC_105,DROP_KEEP_TWO_EACH,STANDARD,True,8.632162140501926,4.313480049661515,0.09765079816293118,2,2,4,6,2,0,"[0, 2]",1.7048268312345032,new_pose_estimated,2,2,1,2,1
ANALYTIC_105,DROP_KEEP_TWO_EACH,ROBUST,True,1.4351217319089695,0.29527878213444325,0.014694142183066744,2,2,4,6,4,0,"[0, 2, 4, 5]",1.9224564133834718,new_pose_estimated,162,34,3,143,3
ANALYTIC_105,TWO_COHERENT_WRONG,STANDARD,True,13.58599679201511,4.296812766851663,0.14217654312816744,0,2,6,8,4,0,"[0, 1, 2, 3]",1.8177400582709415,new_pose_estimated,2,2,1,2,1
ANALYTIC_105,TWO_COHERENT_WRONG,ROBUST,True,1.7651357124667397,0.08250338693143536,0.017681373101256236,0,2,6,8,6,0,"[0, 1, 2, 3, 4, 5]",2.365459541499645,new_pose_estimated,160,160,3,143,3
ANALYTIC_105,FOUR_VALID,STANDARD,True,0.8841932463793171,0.0510956982103925,0.008860801318980673,4,0,4,4,4,0,"[0, 1, 2, 4]",4.260386819655325,new_pose_estimated,2,2,1,2,1
ANALYTIC_105,FOUR_VALID,ROBUST,True,0.8841932463793171,0.0510956982103925,0.008860801318980673,4,0,4,4,4,0,"[0, 1, 2, 4]",4.260386819655325,new_pose_estimated,164,2,2,2,2
ANALYTIC_105,FIVE_VALID,STANDARD,True,1.0702160767781803,0.1305250359285921,0.010766832149612642,3,0,5,5,5,0,"[0, 1, 2, 4, 5]",2.394581668351607,new_pose_estimated,2,2,1,2,1
ANALYTIC_105,FIVE_VALID,ROBUST,True,1.0702160767781803,0.1305250359285921,0.010766832149612642,3,0,5,5,5,0,"[0, 1, 2, 4, 5]",2.394581668351607,new_pose_estimated,164,12,3,3,3
ANALYTIC_105,NEAR_COLLINEAR,STANDARD,True,66.13158075539857,176.39727275686582,1.4590542346455493,0,8,0,8,0,0,[],1.8505297579266882,new_pose_estimated,4,4,1,2,1
ANALYTIC_105,NEAR_COLLINEAR,ROBUST,True,290.8334834175074,93.49433661741688,3.064481667663542,0,8,0,8,0,4,"[0, 1, 2, 3]",28.170457142977604,new_pose_estimated,161,161,3,143,3
ANALYTIC_106,VALID_ONLY,STANDARD,True,0.4746409459345129,0.16099377042071697,0.005024975982403207,0,0,8,8,8,0,"[0, 1, 2, 3, 4, 5, 6, 7]",1.741633453546409,new_pose_estimated,2,2,1,2,1
ANALYTIC_106,VALID_ONLY,ROBUST,True,0.4746409459345129,0.16099377042071697,0.005024975982403207,0,0,8,8,8,0,"[0, 1, 2, 3, 4, 5, 6, 7]",1.741633453546409,new_pose_estimated,164,164,3,143,3
ANALYTIC_106,DROP_ONE_CORRECT,STANDARD,True,0.3273868330508884,0.2689399306612905,0.004464477535938548,1,0,7,7,7,0,"[0, 1, 2, 3, 4, 6, 7]",1.9077850574593687,new_pose_estimated,2,2,1,2,1
ANALYTIC_106,DROP_ONE_CORRECT,ROBUST,True,0.3273868330508884,0.2689399306612905,0.004464477535938548,1,0,7,7,7,0,"[0, 1, 2, 3, 4, 6, 7]",1.9077850574593687,new_pose_estimated,164,82,3,3,3
ANALYTIC_106,DROP_TWO_CORRECT,STANDARD,True,0.3895160334723106,0.2783742505352618,0.004990696403526798,2,0,6,6,6,0,"[0, 2, 3, 4, 6, 7]",2.1060425254442463,new_pose_estimated,2,2,1,2,1
ANALYTIC_106,DROP_TWO_CORRECT,ROBUST,True,0.3895160334723106,0.2783742505352618,0.004990696403526798,2,0,6,6,6,0,"[0, 2, 3, 4, 6, 7]",2.1060425254442463,new_pose_estimated,164,36,3,3,3
ANALYTIC_106,KEEP_ONE_WRONG,STANDARD,True,2.4994468693798364,2.540347919578596,0.03774700406656123,0,1,7,8,6,0,"[1, 2, 4, 5, 6, 7]",1.8063612834038956,new_pose_estimated,2,2,1,2,1
ANALYTIC_106,KEEP_ONE_WRONG,ROBUST,True,0.504971943803356,0.16821126558875077,0.005334171532187332,0,1,7,8,7,0,"[1, 2, 3, 4, 5, 6, 7]",1.5469893461968873,new_pose_estimated,164,164,3,143,3
ANALYTIC_106,KEEP_TWO_WRONG,STANDARD,True,7.642986084178808,4.321008945041195,0.08128231599329752,0,2,6,8,4,0,"[4, 5, 6, 7]",1.8243644054201948,new_pose_estimated,2,2,1,2,1
ANALYTIC_106,KEEP_TWO_WRONG,ROBUST,True,1.1992631120945016,0.16220401439807672,0.012074656534888976,0,2,6,8,6,0,"[1, 3, 4, 5, 6, 7]",1.6476507826314672,new_pose_estimated,152,152,3,143,3
ANALYTIC_106,DROP_KEEP_ONE_EACH,STANDARD,True,2.6382941977999264,2.6762696074598638,0.03706945413157463,1,1,6,7,5,0,"[1, 2, 4, 6, 7]",1.8447044129722776,new_pose_estimated,2,2,1,2,1
ANALYTIC_106,DROP_KEEP_ONE_EACH,ROBUST,True,0.3853536646389212,0.32903003567386846,0.005284274594445708,1,1,6,7,6,0,"[1, 2, 3, 4, 6, 7]",1.6289611314545973,new_pose_estimated,156,74,3,143,3
ANALYTIC_106,DROP_KEEP_TWO_EACH,STANDARD,True,30.01473151664565,4.717797908300491,0.30299414058210145,2,2,4,6,3,1,"[2, 4, 6, 7]",2.209104723141115,new_pose_estimated,2,2,1,2,1
ANALYTIC_106,DROP_KEEP_TWO_EACH,ROBUST,True,29.852593739322963,8.093726196913934,0.30628893986258465,2,2,4,6,3,2,"[0, 2, 4, 6, 7]",2.0292892923643957,new_pose_estimated,162,36,3,143,3
ANALYTIC_106,TWO_COHERENT_WRONG,STANDARD,True,16.192331693124732,3.335039931985762,0.16508022037975878,0,2,6,8,4,0,"[4, 5, 6, 7]",1.7149189487928396,new_pose_estimated,2,2,1,2,1
ANALYTIC_106,TWO_COHERENT_WRONG,ROBUST,True,1.1992631120945016,0.16220401439807672,0.012074656534888976,0,2,6,8,6,0,"[1, 3, 4, 5, 6, 7]",1.6476507826314672,new_pose_estimated,160,160,3,143,3
ANALYTIC_106,FOUR_VALID,STANDARD,True,2.302056657308326,0.19119232780260664,0.02310970627264692,4,0,4,4,4,0,"[0, 1, 2, 4]",2.5069889954428692,new_pose_estimated,2,2,1,2,1
ANALYTIC_106,FOUR_VALID,ROBUST,True,2.302056657308326,0.19119232780260664,0.02310970627264692,4,0,4,4,4,0,"[0, 1, 2, 4]",2.5069889954428692,new_pose_estimated,164,2,2,2,2
ANALYTIC_106,FIVE_VALID,STANDARD,True,2.48044613708606,0.48427385982551535,0.02524878729821297,3,0,5,5,5,0,"[0, 1, 2, 4, 5]",1.8542516253925636,new_pose_estimated,2,2,1,2,1
ANALYTIC_106,FIVE_VALID,ROBUST,True,2.48044613708606,0.48427385982551535,0.02524878729821297,3,0,5,5,5,0,"[0, 1, 2, 4, 5]",1.8542516253925636,new_pose_estimated,164,12,3,3,3
ANALYTIC_106,NEAR_COLLINEAR,STANDARD,True,80.7944561818307,173.55834625928853,1.5223268678844404,0,8,0,8,0,0,[],1.8505297579266882,new_pose_estimated,4,4,1,2,1
ANALYTIC_106,NEAR_COLLINEAR,ROBUST,True,280.6863096927925,92.48518481102712,2.9640796575707027,0,8,0,8,0,4,"[0, 1, 2, 3]",28.170457142977604,new_pose_estimated,161,161,3,143,3
ANALYTIC_107,VALID_ONLY,STANDARD,True,0.4052431155495275,0.7871999803761296,0.008876373168964998,0,0,8,8,8,0,"[0, 1, 2, 3, 4, 5, 6, 7]",1.5873481210539537,new_pose_estimated,2,2,1,2,1
ANALYTIC_107,VALID_ONLY,ROBUST,True,0.4052431155495275,0.7871999803761296,0.008876373168964998,0,0,8,8,8,0,"[0, 1, 2, 3, 4, 5, 6, 7]",1.5873481210539537,new_pose_estimated,164,164,3,143,3
ANALYTIC_107,DROP_ONE_CORRECT,STANDARD,True,0.3556737999089564,0.7141832736576099,0.008498530783014394,1,0,7,7,7,0,"[0, 1, 2, 3, 4, 6, 7]",1.7837036959894215,new_pose_estimated,2,2,1,2,1
ANALYTIC_107,DROP_ONE_CORRECT,ROBUST,True,0.3556737999089564,0.7141832736576099,0.008498530783014394,1,0,7,7,7,0,"[0, 1, 2, 3, 4, 6, 7]",1.7837036959894215,new_pose_estimated,164,82,3,3,3
ANALYTIC_107,DROP_TWO_CORRECT,STANDARD,True,0.49727926914818416,0.6879575858052276,0.008448225318030925,2,0,6,6,6,0,"[0, 1, 2, 3, 4, 7]",2.3689356172758202,new_pose_estimated,2,2,1,2,1
ANALYTIC_107,DROP_TWO_CORRECT,ROBUST,True,0.49727926914818416,0.6879575858052276,0.008448225318030925,2,0,6,6,6,0,"[0, 1, 2, 3, 4, 7]",2.3689356172758202,new_pose_estimated,164,36,3,3,3
ANALYTIC_107,KEEP_ONE_WRONG,STANDARD,True,2.275768998223035,3.408642500087866,0.03743139935510626,0,1,7,8,6,0,"[1, 2, 4, 5, 6, 7]",1.6408502650326677,new_pose_estimated,2,2,1,2,1
ANALYTIC_107,KEEP_ONE_WRONG,ROBUST,True,0.48381463311169026,0.7630822980008668,0.010117702555046203,0,1,7,8,7,0,"[0, 1, 2, 4, 5, 6, 7]",1.5191404655167595,new_pose_estimated,154,154,3,143,3
ANALYTIC_107,KEEP_TWO_WRONG,STANDARD,True,1.218097870351363,0.6946090947907008,0.014090672609156552,0,2,6,8,6,0,"[1, 2, 4, 5, 6, 7]",1.5837565203697743,new_pose_estimated,2,2,1,2,1
ANALYTIC_107,KEEP_TWO_WRONG,ROBUST,True,9.113421728247152,4.5754084619869415,0.10228128758105717,0,2,6,8,6,1,"[1, 2, 3, 4, 5, 6, 7]",1.474084389146624,new_pose_estimated,156,156,3,143,3
ANALYTIC_107,DROP_KEEP_ONE_EACH,STANDARD,True,3.0794139180161486,3.3559505998126578,0.04538457863321786,1,1,6,7,5,0,"[1, 2, 4, 6, 7]",1.8097323758961434,new_pose_estimated,2,2,1,2,1
ANALYTIC_107,DROP_KEEP_ONE_EACH,ROBUST,True,0.3940270623706346,0.7554307980610961,0.010364057347800043,1,1,6,7,6,0,"[0, 1, 2, 4, 6, 7]",1.6324886602069433,new_pose_estimated,160,78,3,143,3
ANALYTIC_107,DROP_KEEP_TWO_EACH,STANDARD,True,1.4222049506749581,6.9967561557487965,0.06000604624594103,2,2,4,6,4,1,"[1, 2, 3, 4, 7]",2.311246855030145,new_pose_estimated,2,2,1,2,1
ANALYTIC_107,DROP_KEEP_TWO_EACH,ROBUST,True,2.1263740100449935,7.05600842438249,0.06472462633105203,2,2,4,6,4,2,"[0, 1, 2, 3, 4, 7]",2.312179162057078,new_pose_estimated,164,36,3,143,3
ANALYTIC_107,TWO_COHERENT_WRONG,STANDARD,True,9.571421408238756,6.797973126102113,0.12411271936487717,0,2,6,8,6,2,"[0, 1, 2, 3, 4, 5, 6, 7]",1.6053588544557322,new_pose_estimated,2,2,1,2,1
ANALYTIC_107,TWO_COHERENT_WRONG,ROBUST,True,9.571421408238756,6.797973126102113,0.12411271936487717,0,2,6,8,6,2,"[0, 1, 2, 3, 4, 5, 6, 7]",1.6053588544557322,new_pose_estimated,164,164,3,143,3
ANALYTIC_107,FOUR_VALID,STANDARD,True,0.46436797539142416,0.5900453113766527,0.009071142158355035,4,0,4,4,4,0,"[0, 1, 2, 4]",2.5056863420030715,new_pose_estimated,2,2,1,2,1
ANALYTIC_107,FOUR_VALID,ROBUST,True,0.46436797539142416,0.5900453113766527,0.009071142158355035,4,0,4,4,4,0,"[0, 1, 2, 4]",2.5056863420030715,new_pose_estimated,164,2,2,2,2
ANALYTIC_107,FIVE_VALID,STANDARD,True,0.5423445934144537,0.7025079109055916,0.00938550938577358,3,0,5,5,5,0,"[0, 1, 2, 4, 5]",1.663128123048741,new_pose_estimated,2,2,1,2,1
ANALYTIC_107,FIVE_VALID,ROBUST,True,0.5423445934144537,0.7025079109055916,0.00938550938577358,3,0,5,5,5,0,"[0, 1, 2, 4, 5]",1.663128123048741,new_pose_estimated,164,12,3,3,3
ANALYTIC_107,NEAR_COLLINEAR,STANDARD,True,103.20046752504626,176.52428930347526,1.65410333342671,0,8,0,8,0,0,[],1.8505297579266882,new_pose_estimated,4,4,1,2,1
ANALYTIC_107,NEAR_COLLINEAR,ROBUST,True,255.41655924114698,99.03517758195458,2.7435180011626557,0,8,0,8,0,4,"[0, 1, 2, 3]",28.170457142977604,new_pose_estimated,161,161,3,143,3
ANALYTIC_108,VALID_ONLY,STANDARD,True,0.47031690940304527,0.27873945097627906,0.005326709511368492,0,0,8,8,8,0,"[0, 1, 2, 3, 4, 5, 6, 7]",1.3957611639519152,new_pose_estimated,2,2,1,2,1
ANALYTIC_108,VALID_ONLY,ROBUST,True,0.47031690940304527,0.27873945097627906,0.005326709511368492,0,0,8,8,8,0,"[0, 1, 2, 3, 4, 5, 6, 7]",1.3957611639519152,new_pose_estimated,164,164,3,143,3
ANALYTIC_108,DROP_ONE_CORRECT,STANDARD,True,0.5143392515571753,0.31218825281529033,0.005833662436341007,1,0,7,7,7,0,"[0, 1, 2, 3, 4, 5, 7]",1.6182049282035205,new_pose_estimated,2,2,1,2,1
ANALYTIC_108,DROP_ONE_CORRECT,ROBUST,True,0.5143392515571753,0.31218825281529033,0.005833662436341007,1,0,7,7,7,0,"[0, 1, 2, 3, 4, 5, 7]",1.6182049282035205,new_pose_estimated,164,82,3,3,3
ANALYTIC_108,DROP_TWO_CORRECT,STANDARD,True,0.9526170259119526,0.5448439639515609,0.011072231271549259,2,0,6,6,6,0,"[0, 1, 2, 4, 5, 7]",1.4220458099747764,new_pose_estimated,2,2,1,2,1
ANALYTIC_108,DROP_TWO_CORRECT,ROBUST,True,0.9526170259119526,0.5448439639515609,0.011072231271549259,2,0,6,6,6,0,"[0, 1, 2, 4, 5, 7]",1.4220458099747764,new_pose_estimated,164,34,3,3,3
ANALYTIC_108,KEEP_ONE_WRONG,STANDARD,True,13.931704833622993,2.334945656562711,0.1413828267474866,0,1,7,8,7,0,"[0, 1, 2, 3, 5, 6, 7]",1.4022140283015474,new_pose_estimated,2,2,1,2,1
ANALYTIC_108,KEEP_ONE_WRONG,ROBUST,True,1.790230034751051,0.3751053977907361,0.018453201267048858,0,1,7,8,7,0,"[0, 1, 2, 3, 5, 6, 7]",1.6514819651864494,new_pose_estimated,160,160,3,143,3
ANALYTIC_108,KEEP_TWO_WRONG,STANDARD,True,16.51911104558332,1.543449047630338,0.1657972059537162,0,2,6,8,5,0,"[0, 3, 5, 6, 7]",1.4453017580710872,new_pose_estimated,2,2,1,2,1
ANALYTIC_108,KEEP_TWO_WRONG,ROBUST,True,2.2812127473483677,0.36796687169417863,0.023203635442891193,0,2,6,8,6,0,"[0, 2, 3, 5, 6, 7]",1.7456069339988685,new_pose_estimated,144,144,3,143,3
ANALYTIC_108,DROP_KEEP_ONE_EACH,STANDARD,True,12.036994620260149,2.957697273098324,0.12331345211666202,1,1,6,7,5,0,"[0, 1, 2, 3, 5]",1.6467495180795781,new_pose_estimated,2,2,1,2,1
ANALYTIC_108,DROP_KEEP_ONE_EACH,ROBUST,True,1.9181142696407738,0.4944133288757026,0.020044477278899544,1,1,6,7,6,0,"[0, 1, 2, 3, 5, 7]",1.905183015409589,new_pose_estimated,156,76,3,143,3
ANALYTIC_108,DROP_KEEP_TWO_EACH,STANDARD,True,22.03906626844326,4.821074712971163,0.22565643425111195,2,2,4,6,2,0,"[0, 5]",1.4097010536256755,new_pose_estimated,2,2,1,2,1
ANALYTIC_108,DROP_KEEP_TWO_EACH,ROBUST,True,2.93695039282481,0.4104052788859368,0.029732150313275266,2,2,4,6,4,0,"[0, 2, 5, 7]",1.4182156884842434,new_pose_estimated,156,32,3,143,3
ANALYTIC_108,TWO_COHERENT_WRONG,STANDARD,True,45.98744615681077,96.29338388943836,1.3063643176097774,0,2,6,8,4,0,"[0, 3, 5, 6]",1.4621366851779614,new_pose_estimated,2,2,1,2,1
ANALYTIC_108,TWO_COHERENT_WRONG,ROBUST,True,2.2812127473483677,0.36796687169417863,0.023203635442891193,0,2,6,8,6,0,"[0, 2, 3, 5, 6, 7]",1.7456069339988685,new_pose_estimated,160,160,3,143,3
ANALYTIC_108,FOUR_VALID,STANDARD,True,0.5325889775446165,1.3632687178957383,0.018930715283825374,4,0,4,4,4,0,"[0, 1, 2, 4]",2.44028114262909,new_pose_estimated,2,2,1,2,1
ANALYTIC_108,FOUR_VALID,ROBUST,True,0.5325889775446165,1.3632687178957383,0.018930715283825374,4,0,4,4,4,0,"[0, 1, 2, 4]",2.44028114262909,new_pose_estimated,164,2,2,2,2
ANALYTIC_108,FIVE_VALID,STANDARD,True,0.5380645161634297,0.6201275594818242,0.009353562223822312,3,0,5,5,5,0,"[0, 1, 2, 4, 5]",1.5785376746105324,new_pose_estimated,2,2,1,2,1
ANALYTIC_108,FIVE_VALID,ROBUST,True,0.5380645161634297,0.6201275594818242,0.009353562223822312,3,0,5,5,5,0,"[0, 1, 2, 4, 5]",1.5785376746105324,new_pose_estimated,164,12,3,3,3
ANALYTIC_108,NEAR_COLLINEAR,STANDARD,True,58.28630962887736,169.33514292848108,1.409429167812919,0,8,0,8,0,0,[],1.8505297579266882,new_pose_estimated,4,4,1,2,1
ANALYTIC_108,NEAR_COLLINEAR,ROBUST,True,303.60089453278806,83.42246539389025,3.155458376318961,0,8,0,8,0,4,"[0, 1, 2, 3]",28.170457142977604,new_pose_estimated,161,161,3,143,3
ANALYTIC_109,VALID_ONLY,STANDARD,True,0.46022455807565327,0.34002567350229684,0.005735742880250595,0,0,8,8,8,0,"[0, 1, 2, 3, 4, 5, 6, 7]",1.5048420076311566,new_pose_estimated,2,2,1,2,1
ANALYTIC_109,VALID_ONLY,ROBUST,True,0.46022455807565327,0.34002567350229684,0.005735742880250595,0,0,8,8,8,0,"[0, 1, 2, 3, 4, 5, 6, 7]",1.5048420076311566,new_pose_estimated,164,164,3,143,3
ANALYTIC_109,DROP_ONE_CORRECT,STANDARD,True,0.2683272075147279,0.24554366531922417,0.004210541786772316,1,0,7,7,7,0,"[1, 2, 3, 4, 5, 6, 7]",1.7178140296054671,new_pose_estimated,2,2,1,2,1
ANALYTIC_109,DROP_ONE_CORRECT,ROBUST,True,0.2683272075147279,0.24554366531922417,0.004210541786772316,1,0,7,7,7,0,"[1, 2, 3, 4, 5, 6, 7]",1.7178140296054671,new_pose_estimated,164,82,3,3,3
ANALYTIC_109,DROP_TWO_CORRECT,STANDARD,True,1.1022707496587727,0.2199403159744552,0.011248818935110188,2,0,6,6,6,0,"[1, 2, 3, 5, 6, 7]",1.8023914586968548,new_pose_estimated,2,2,1,2,1
ANALYTIC_109,DROP_TWO_CORRECT,ROBUST,True,1.1022707496587727,0.2199403159744552,0.011248818935110188,2,0,6,6,6,0,"[1, 2, 3, 5, 6, 7]",1.8023914586968548,new_pose_estimated,164,36,3,3,3
ANALYTIC_109,KEEP_ONE_WRONG,STANDARD,True,11.349798575228396,2.0159693492840325,0.1154890243555011,0,1,7,8,6,0,"[0, 3, 4, 5, 6, 7]",1.4715011056945948,new_pose_estimated,2,2,1,2,1
ANALYTIC_109,KEEP_ONE_WRONG,ROBUST,True,1.4224728375102882,0.4637871321770016,0.014883790110820454,0,1,7,8,7,0,"[0, 2, 3, 4, 5, 6, 7]",1.661048066306053,new_pose_estimated,164,164,3,143,3
ANALYTIC_109,KEEP_TWO_WRONG,STANDARD,True,27.122583885166073,2.1585507179782706,0.27208092195051325,0,2,6,8,4,0,"[4, 5, 6, 7]",1.5295609243277306,new_pose_estimated,2,2,1,2,1
ANALYTIC_109,KEEP_TWO_WRONG,ROBUST,True,1.780347932124192,0.6114811472510716,0.01867802615539383,0,2,6,8,6,0,"[0, 2, 4, 5, 6, 7]",1.5572366846816053,new_pose_estimated,160,160,3,143,3
ANALYTIC_109,DROP_KEEP_ONE_EACH,STANDARD,True,12.259754966788625,2.1959741936285413,0.12409665163526254,1,1,6,7,5,0,"[3, 4, 5, 6, 7]",1.708993673204786,new_pose_estimated,2,2,1,2,1
ANALYTIC_109,DROP_KEEP_ONE_EACH,ROBUST,True,0.8998936007419541,0.40379423910539425,0.010043825725685258,1,1,6,7,6,0,"[2, 3, 4, 5, 6, 7]",1.6263086941260576,new_pose_estimated,164,82,3,143,3
ANALYTIC_109,DROP_KEEP_TWO_EACH,STANDARD,True,7.120433944909954,5.502749485145182,0.08732515411034625,2,2,4,6,3,1,"[3, 5, 6, 7]",1.9414220327232736,new_pose_estimated,2,2,1,2,1
ANALYTIC_109,DROP_KEEP_TWO_EACH,ROBUST,True,7.8302338091465735,7.632047945600668,0.10031818985928173,2,2,4,6,3,2,"[1, 3, 5, 6, 7]",1.8040852509842105,new_pose_estimated,152,32,3,143,3
ANALYTIC_109,TWO_COHERENT_WRONG,STANDARD,True,5.8717100748915545,4.173600132071479,0.07562168013470717,0,2,6,8,4,0,"[4, 5, 6, 7]",1.5247439752526004,new_pose_estimated,2,2,1,2,1
ANALYTIC_109,TWO_COHERENT_WRONG,ROBUST,True,1.780347932124192,0.6114811472510716,0.01867802615539383,0,2,6,8,6,0,"[0, 2, 4, 5, 6, 7]",1.5572366846816053,new_pose_estimated,160,160,3,143,3
ANALYTIC_109,FOUR_VALID,STANDARD,True,1.2152771272774907,1.2537482756258043,0.017177911865695,4,0,4,4,4,0,"[0, 1, 2, 4]",2.980912448322929,new_pose_estimated,2,2,1,2,1
ANALYTIC_109,FOUR_VALID,ROBUST,True,1.2152771272774907,1.2537482756258043,0.017177911865695,4,0,4,4,4,0,"[0, 1, 2, 4]",2.980912448322929,new_pose_estimated,164,2,2,2,2
ANALYTIC_109,FIVE_VALID,STANDARD,True,1.8532820741702798,0.7422491313665276,0.019777303211705753,3,0,5,5,5,0,"[0, 1, 2, 4, 5]",1.8358866227684396,new_pose_estimated,2,2,1,2,1
ANALYTIC_109,FIVE_VALID,ROBUST,True,1.8532820741702798,0.7422491313665276,0.019777303211705753,3,0,5,5,5,0,"[0, 1, 2, 4, 5]",1.8358866227684396,new_pose_estimated,164,12,3,3,3
ANALYTIC_109,NEAR_COLLINEAR,STANDARD,True,74.69212888879979,173.5277511947153,1.4992349714334978,0,8,0,8,0,0,[],1.8505297579266882,new_pose_estimated,4,4,1,2,1
ANALYTIC_109,NEAR_COLLINEAR,ROBUST,True,287.15063932224774,99.33891002465374,3.0433110510965573,0,8,0,8,0,4,"[0, 1, 2, 3]",28.170457142977604,new_pose_estimated,161,161,3,143,3
ANALYTIC_110,VALID_ONLY,STANDARD,True,0.6079898825798218,0.4055422950332668,0.0077168400555371166,0,0,8,8,8,0,"[0, 1, 2, 3, 4, 5, 6, 7]",1.365925549939313,new_pose_estimated,2,2,1,2,1
ANALYTIC_110,VALID_ONLY,ROBUST,True,0.6079898825798218,0.4055422950332668,0.0077168400555371166,0,0,8,8,8,0,"[0, 1, 2, 3, 4, 5, 6, 7]",1.365925549939313,new_pose_estimated,164,164,3,143,3
ANALYTIC_110,DROP_ONE_CORRECT,STANDARD,True,0.9497647217562938,0.5088105321596598,0.010805621723851112,1,0,7,7,7,0,"[0, 2, 3, 4, 5, 6, 7]",1.659857525827054,new_pose_estimated,2,2,1,2,1
ANALYTIC_110,DROP_ONE_CORRECT,ROBUST,True,0.9497647217562938,0.5088105321596598,0.010805621723851112,1,0,7,7,7,0,"[0, 2, 3, 4, 5, 6, 7]",1.659857525827054,new_pose_estimated,164,82,3,3,3
ANALYTIC_110,DROP_TWO_CORRECT,STANDARD,True,1.71304622529281,0.3800218720793928,0.017539117560377477,2,0,6,6,6,0,"[0, 2, 4, 5, 6, 7]",1.4814289124529159,new_pose_estimated,2,2,1,2,1
ANALYTIC_110,DROP_TWO_CORRECT,ROBUST,True,1.71304622529281,0.3800218720793928,0.017539117560377477,2,0,6,6,6,0,"[0, 2, 4, 5, 6, 7]",1.4814289124529159,new_pose_estimated,164,34,3,3,3
ANALYTIC_110,KEEP_ONE_WRONG,STANDARD,True,8.355738502651608,3.203887957376832,0.08903999448103872,0,1,7,8,7,0,"[0, 1, 2, 3, 4, 5, 6]",1.3971432871351188,new_pose_estimated,2,2,1,2,1
ANALYTIC_110,KEEP_ONE_WRONG,ROBUST,True,0.8514689438414457,0.20202362099065002,0.00871998116841078,0,1,7,8,7,0,"[0, 1, 2, 3, 4, 5, 6]",1.5994328618249296,new_pose_estimated,160,160,3,143,3
ANALYTIC_110,KEEP_TWO_WRONG,STANDARD,True,14.64028568410427,3.912239393691432,0.15098365443045883,0,2,6,8,4,0,"[0, 3, 5, 6]",1.3663705428738286,new_pose_estimated,2,2,1,2,1
ANALYTIC_110,KEEP_TWO_WRONG,ROBUST,True,1.1568571213451935,0.3143693052571373,0.012037473658126307,0,2,6,8,6,0,"[0, 1, 3, 4, 5, 6]",1.660789640943953,new_pose_estimated,152,152,3,143,3
ANALYTIC_110,DROP_KEEP_ONE_EACH,STANDARD,True,12.535435927371596,3.675344298853088,0.13037929582043273,1,1,6,7,5,0,"[0, 2, 3, 5, 6]",1.731023634184387,new_pose_estimated,2,2,1,2,1
ANALYTIC_110,DROP_KEEP_ONE_EACH,ROBUST,True,0.41206179473609833,0.2672691973350876,0.0049518481963253085,1,1,6,7,6,0,"[0, 2, 3, 4, 5, 6]",1.6822758212848241,new_pose_estimated,160,78,3,143,3
ANALYTIC_110,DROP_KEEP_TWO_EACH,STANDARD,True,7.623476574919907,4.343334313079255,0.08730254736555423,2,2,4,6,4,0,"[0, 4, 5, 6]",1.597827586206971,new_pose_estimated,2,2,1,2,1
ANALYTIC_110,DROP_KEEP_TWO_EACH,ROBUST,True,21.77982902190225,5.600122036339992,0.22548213596640912,2,2,4,6,4,1,"[0, 2, 4, 5, 6]",1.454760762785258,new_pose_estimated,160,34,3,143,3
ANALYTIC_110,TWO_COHERENT_WRONG,STANDARD,True,61.45741210828828,89.56322751561369,1.2779690477013212,0,2,6,8,4,0,"[0, 3, 5, 6]",1.4713380085246766,new_pose_estimated,2,2,1,2,1
ANALYTIC_110,TWO_COHERENT_WRONG,ROBUST,True,1.1568571213451935,0.3143693052571373,0.012037473658126307,0,2,6,8,6,0,"[0, 1, 3, 4, 5, 6]",1.660789640943953,new_pose_estimated,160,160,3,143,3
ANALYTIC_110,FOUR_VALID,STANDARD,True,0.7741605272485088,0.9215371706376356,0.010973082909051505,4,0,4,4,4,0,"[0, 1, 2, 4]",2.8051788179389296,new_pose_estimated,2,2,1,2,1
ANALYTIC_110,FOUR_VALID,ROBUST,True,0.7741605272485088,0.9215371706376356,0.010973082909051505,4,0,4,4,4,0,"[0, 1, 2, 4]",2.8051788179389296,new_pose_estimated,164,2,2,2,2
ANALYTIC_110,FIVE_VALID,STANDARD,True,0.5617560189699099,0.23260313848646938,0.0060494665972523655,3,0,5,5,5,0,"[0, 1, 2, 4, 5]",1.7532254984000593,new_pose_estimated,2,2,1,2,1
ANALYTIC_110,FIVE_VALID,ROBUST,True,0.5617560189699099,0.23260313848646938,0.0060494665972523655,3,0,5,5,5,0,"[0, 1, 2, 4, 5]",1.7532254984000593,new_pose_estimated,164,12,3,3,3
ANALYTIC_110,NEAR_COLLINEAR,STANDARD,True,40.814389878754696,173.73034416182986,1.3681875588383274,0,8,0,8,0,0,[],1.8505297579266882,new_pose_estimated,4,4,1,2,1
ANALYTIC_110,NEAR_COLLINEAR,ROBUST,True,318.5997520876637,98.96452763166069,3.3366485831635644,0,8,0,8,0,4,"[0, 1, 2, 3]",28.170457142977604,new_pose_estimated,161,161,3,143,3
ANALYTIC_111,VALID_ONLY,STANDARD,True,0.9824647086529444,0.2363921267531575,0.010099375828365533,0,0,8,8,8,0,"[0, 1, 2, 3, 4, 5, 6, 7]",1.2948624627005565,new_pose_estimated,2,2,1,2,1
ANALYTIC_111,VALID_ONLY,ROBUST,True,0.9824647086529444,0.2363921267531575,0.010099375828365533,0,0,8,8,8,0,"[0, 1, 2, 3, 4, 5, 6, 7]",1.2948624627005565,new_pose_estimated,164,164,3,143,3
ANALYTIC_111,DROP_ONE_CORRECT,STANDARD,True,0.7499781231123792,0.40494364546807254,0.00852444138290812,1,0,7,7,7,0,"[0, 2, 3, 4, 5, 6, 7]",1.5051080603121627,new_pose_estimated,2,2,1,2,1
ANALYTIC_111,DROP_ONE_CORRECT,ROBUST,True,0.7499781231123792,0.40494364546807254,0.00852444138290812,1,0,7,7,7,0,"[0, 2, 3, 4, 5, 6, 7]",1.5051080603121627,new_pose_estimated,164,82,3,3,3
ANALYTIC_111,DROP_TWO_CORRECT,STANDARD,True,0.8724230591040476,0.40594090757427626,0.009663107134169981,2,0,6,6,6,0,"[0, 2, 3, 4, 5, 7]",1.6401526965623254,new_pose_estimated,2,2,1,2,1
ANALYTIC_111,DROP_TWO_CORRECT,ROBUST,True,0.8724230591040476,0.40594090757427626,0.009663107134169981,2,0,6,6,6,0,"[0, 2, 3, 4, 5, 7]",1.6401526965623254,new_pose_estimated,164,34,3,3,3
ANALYTIC_111,KEEP_ONE_WRONG,STANDARD,True,10.473595354912488,2.7341095038243752,0.10817018451254856,0,1,7,8,7,0,"[0, 1, 2, 3, 5, 6, 7]",1.303373577834585,new_pose_estimated,2,2,1,2,1
ANALYTIC_111,KEEP_ONE_WRONG,ROBUST,True,1.083996940290796,0.4363018295203086,0.011597081688973603,0,1,7,8,7,0,"[0, 1, 2, 3, 5, 6, 7]",1.5582221709281687,new_pose_estimated,156,156,3,143,3
ANALYTIC_111,KEEP_TWO_WRONG,STANDARD,True,24.313709815607147,2.046373383527621,0.24411485895643803,0,2,6,8,4,0,"[1, 2, 5, 6]",1.3172808095500832,new_pose_estimated,2,2,1,2,1
ANALYTIC_111,KEEP_TWO_WRONG,ROBUST,True,1.0086983768292868,0.43814863955862104,0.010891642347535445,0,2,6,8,6,0,"[1, 2, 3, 5, 6, 7]",1.530572485575238,new_pose_estimated,156,156,3,143,3
ANALYTIC_111,DROP_KEEP_ONE_EACH,STANDARD,True,52.27410963891389,91.59535616142978,1.2755401598166367,1,1,6,7,5,0,"[0, 2, 3, 5, 6]",1.4873310653184664,new_pose_estimated,2,2,1,2,1
ANALYTIC_111,DROP_KEEP_ONE_EACH,ROBUST,True,0.8254731588392739,0.688381183471659,0.010542585132761541,1,1,6,7,6,0,"[0, 2, 3, 5, 6, 7]",1.5603971142087394,new_pose_estimated,156,78,3,143,3
ANALYTIC_111,DROP_KEEP_TWO_EACH,STANDARD,True,22.98594078494725,3.428394672439203,0.23241680013279564,2,2,4,6,2,0,"[2, 5]",1.567350425288812,new_pose_estimated,2,2,1,2,1
ANALYTIC_111,DROP_KEEP_TWO_EACH,ROBUST,True,0.9646082988921176,0.699837157115022,0.011750769951337448,2,2,4,6,4,0,"[2, 3, 5, 7]",1.296625280191291,new_pose_estimated,147,32,3,143,3
ANALYTIC_111,TWO_COHERENT_WRONG,STANDARD,True,30.552327804834206,0.576064592928829,0.3055756408967374,0,2,6,8,4,0,"[1, 2, 5, 6]",1.2728083441711053,new_pose_estimated,2,2,1,2,1
ANALYTIC_111,TWO_COHERENT_WRONG,ROBUST,True,1.0086983768292868,0.43814863955862104,0.010891642347535445,0,2,6,8,6,0,"[1, 2, 3, 5, 6, 7]",1.530572485575238,new_pose_estimated,164,164,3,143,3
ANALYTIC_111,FOUR_VALID,STANDARD,True,0.5035657590178569,0.31496014314413784,0.005695083554048522,4,0,4,4,4,0,"[0, 1, 2, 4]",2.7280334362001004,new_pose_estimated,2,2,1,2,1
ANALYTIC_111,FOUR_VALID,ROBUST,True,0.5035657590178569,0.31496014314413784,0.005695083554048522,4,0,4,4,4,0,"[0, 1, 2, 4]",2.7280334362001004,new_pose_estimated,164,2,2,2,2
ANALYTIC_111,FIVE_VALID,STANDARD,True,1.1562093438792225,0.3605005618505311,0.012119950825681408,3,0,5,5,5,0,"[0, 1, 2, 4, 5]",1.6730169262754504,new_pose_estimated,2,2,1,2,1
ANALYTIC_111,FIVE_VALID,ROBUST,True,1.1562093438792225,0.3605005618505311,0.012119950825681408,3,0,5,5,5,0,"[0, 1, 2, 4, 5]",1.6730169262754504,new_pose_estimated,164,12,3,3,3
ANALYTIC_111,NEAR_COLLINEAR,STANDARD,True,17.19299032207801,177.20423248715787,1.3148595453823135,0,8,0,8,0,0,[],1.8505297579266882,new_pose_estimated,4,4,1,2,1
ANALYTIC_111,NEAR_COLLINEAR,ROBUST,True,341.038292881861,90.45795294046887,3.5323528704672187,0,8,0,8,0,4,"[0, 1, 2, 3]",28.170457142977604,new_pose_estimated,161,161,3,143,3
ANALYTIC_112,VALID_ONLY,STANDARD,True,0.7751864717193444,0.29157928966745983,0.00865751232663257,0,0,8,8,8,0,"[0, 1, 2, 3, 4, 5, 6, 7]",1.8698871458967667,new_pose_estimated,2,2,1,2,1
ANALYTIC_112,VALID_ONLY,ROBUST,True,0.7751864717193444,0.29157928966745983,0.00865751232663257,0,0,8,8,8,0,"[0, 1, 2, 3, 4, 5, 6, 7]",1.8698871458967667,new_pose_estimated,164,164,3,143,3
ANALYTIC_112,DROP_ONE_CORRECT,STANDARD,True,0.8390528036657774,0.23830476338212725,0.008945596013055907,1,0,7,7,7,0,"[1, 2, 3, 4, 5, 6, 7]",2.0316765654564706,new_pose_estimated,2,2,1,2,1
ANALYTIC_112,DROP_ONE_CORRECT,ROBUST,True,0.8390528036657774,0.23830476338212725,0.008945596013055907,1,0,7,7,7,0,"[1, 2, 3, 4, 5, 6, 7]",2.0316765654564706,new_pose_estimated,164,82,3,3,3
ANALYTIC_112,DROP_TWO_CORRECT,STANDARD,True,6.436215835646066,0.5457136507834565,0.06451277383042489,2,0,6,6,6,0,"[1, 2, 4, 5, 6, 7]",2.980330879536881,new_pose_estimated,2,2,1,2,1
ANALYTIC_112,DROP_TWO_CORRECT,ROBUST,True,6.436215835646066,0.5457136507834565,0.06451277383042489,2,0,6,6,6,0,"[1, 2, 4, 5, 6, 7]",2.980330879536881,new_pose_estimated,164,36,3,3,3
ANALYTIC_112,KEEP_ONE_WRONG,STANDARD,True,3.179467382637703,2.763872400234296,0.046830939605781836,0,1,7,8,7,0,"[0, 1, 2, 3, 5, 6, 7]",1.872514096695471,new_pose_estimated,2,2,1,2,1
ANALYTIC_112,KEEP_ONE_WRONG,ROBUST,True,0.9025363097272202,0.4845842669292902,0.01068820876321802,0,1,7,8,7,0,"[0, 1, 2, 3, 5, 6, 7]",1.9815628306905295,new_pose_estimated,162,162,3,143,3
ANALYTIC_112,KEEP_TWO_WRONG,STANDARD,True,17.949046819460058,3.876475960431699,0.18358761801640833,0,2,6,8,6,0,"[0, 1, 2, 3, 6, 7]",1.798196696188736,new_pose_estimated,2,2,1,2,1
ANALYTIC_112,KEEP_TWO_WRONG,ROBUST,True,0.6685669521258338,0.7207482148552607,0.01058220044516892,0,2,6,8,6,0,"[0, 1, 2, 3, 6, 7]",2.23353196914896,new_pose_estimated,150,150,3,143,3
ANALYTIC_112,DROP_KEEP_ONE_EACH,STANDARD,True,31.83722159229222,85.80955359258688,1.185587030449692,1,1,6,7,5,0,"[1, 2, 3, 5, 6]",1.8131787429002153,new_pose_estimated,2,2,1,2,1
ANALYTIC_112,DROP_KEEP_ONE_EACH,ROBUST,True,1.2784282501401802,0.462776444609393,0.01362081209649561,1,1,6,7,6,0,"[1, 2, 3, 5, 6, 7]",2.138955680414622,new_pose_estimated,162,82,3,143,3
ANALYTIC_112,DROP_KEEP_TWO_EACH,STANDARD,True,66.1911054791029,6.061895514078117,0.6641738908308982,2,2,4,6,2,0,"[1, 2]",2.850585079355922,new_pose_estimated,2,2,1,2,1
ANALYTIC_112,DROP_KEEP_TWO_EACH,ROBUST,True,11.561109404751367,0.9814052145519633,0.11584034595040255,2,2,4,6,4,0,"[1, 2, 6, 7]",3.576813925098487,new_pose_estimated,162,34,3,143,3
ANALYTIC_112,TWO_COHERENT_WRONG,STANDARD,True,15.997244070773013,4.1455310583524225,0.16553562747907308,0,2,6,8,4,0,"[0, 1, 2, 3]",1.8111257490351422,new_pose_estimated,2,2,1,2,1
ANALYTIC_112,TWO_COHERENT_WRONG,ROBUST,True,0.6685669521258338,0.7207482148552607,0.01058220044516892,0,2,6,8,6,0,"[0, 1, 2, 3, 6, 7]",2.23353196914896,new_pose_estimated,158,158,3,143,3
ANALYTIC_112,FOUR_VALID,STANDARD,True,2.5049730065675555,0.8231203486512962,0.026151117420392243,4,0,4,4,4,0,"[0, 1, 2, 4]",4.298693701734798,new_pose_estimated,2,2,1,2,1
ANALYTIC_112,FOUR_VALID,ROBUST,True,2.5049730065675555,0.8231203486512962,0.026151117420392243,4,0,4,4,4,0,"[0, 1, 2, 4]",4.298693701734798,new_pose_estimated,164,2,2,2,2
ANALYTIC_112,FIVE_VALID,STANDARD,True,2.188688132358832,0.7413387283733028,0.02296847886038904,3,0,5,5,5,0,"[0, 1, 2, 4, 5]",2.451649259296919,new_pose_estimated,2,2,1,2,1
ANALYTIC_112,FIVE_VALID,ROBUST,True,2.188688132358832,0.7413387283733028,0.02296847886038904,3,0,5,5,5,0,"[0, 1, 2, 4, 5]",2.451649259296919,new_pose_estimated,164,12,3,3,3
ANALYTIC_112,NEAR_COLLINEAR,STANDARD,True,40.82813938195128,169.21172645636614,1.3712921845003203,0,8,0,8,0,0,[],1.8505297579266882,new_pose_estimated,4,4,1,2,1
ANALYTIC_112,NEAR_COLLINEAR,ROBUST,True,318.2482520134546,89.06622907337763,3.3187796993227865,0,8,0,8,0,4,"[0, 1, 2, 3]",28.170457142977604,new_pose_estimated,161,161,3,143,3
ANALYTIC_113,VALID_ONLY,STANDARD,True,0.5798228990893862,0.44538000136035943,0.007871916461903543,0,0,8,8,8,0,"[0, 1, 2, 3, 4, 5, 6, 7]",1.323544876219416,new_pose_estimated,2,2,1,2,1
ANALYTIC_113,VALID_ONLY,ROBUST,True,0.5798228990893862,0.44538000136035943,0.007871916461903543,0,0,8,8,8,0,"[0, 1, 2, 3, 4, 5, 6, 7]",1.323544876219416,new_pose_estimated,164,164,3,143,3
ANALYTIC_113,DROP_ONE_CORRECT,STANDARD,True,1.2955734546700575,0.352697556893807,0.01346808836813518,1,0,7,7,7,0,"[0, 1, 2, 4, 5, 6, 7]",1.4516094604578627,new_pose_estimated,2,2,1,2,1
ANALYTIC_113,DROP_ONE_CORRECT,ROBUST,True,1.2955734546700575,0.352697556893807,0.01346808836813518,1,0,7,7,7,0,"[0, 1, 2, 4, 5, 6, 7]",1.4516094604578627,new_pose_estimated,164,82,3,3,3
ANALYTIC_113,DROP_TWO_CORRECT,STANDARD,True,1.4343799610004413,0.28286223524074655,0.014647739867304724,2,0,6,6,6,0,"[0, 1, 2, 5, 6, 7]",1.6304475768602151,new_pose_estimated,2,2,1,2,1
ANALYTIC_113,DROP_TWO_CORRECT,ROBUST,True,1.4343799610004413,0.28286223524074655,0.014647739867304724,2,0,6,6,6,0,"[0, 1, 2, 5, 6, 7]",1.6304475768602151,new_pose_estimated,164,34,3,3,3
ANALYTIC_113,KEEP_ONE_WRONG,STANDARD,True,6.0011846388684855,2.9990200885114593,0.06644655517856482,0,1,7,8,6,0,"[0, 1, 2, 3, 4, 7]",1.3222928471804392,new_pose_estimated,2,2,1,2,1
ANALYTIC_113,KEEP_ONE_WRONG,ROBUST,True,1.416258406926158,0.7100783840036755,0.015875587811358855,0,1,7,8,7,0,"[0, 1, 2, 3, 4, 5, 7]",1.5865203212701777,new_pose_estimated,144,144,3,143,3
ANALYTIC_113,KEEP_TWO_WRONG,STANDARD,True,11.042039233706687,4.226068954630829,0.11754917044409788,0,2,6,8,5,0,"[0, 3, 4, 5, 7]",1.2978252116932663,new_pose_estimated,2,2,1,2,1
ANALYTIC_113,KEEP_TWO_WRONG,ROBUST,True,0.6189227138453017,0.7932589029319039,0.012378288700502754,0,2,6,8,6,0,"[0, 1, 3, 4, 5, 7]",1.617606945813782,new_pose_estimated,140,140,3,143,3
ANALYTIC_113,DROP_KEEP_ONE_EACH,STANDARD,True,3.0831356600000794,3.8031832576272366,0.0451895607775041,1,1,6,7,5,0,"[0, 1, 2, 4, 7]",1.4189241463137139,new_pose_estimated,2,2,1,2,1
ANALYTIC_113,DROP_KEEP_ONE_EACH,ROBUST,True,1.1000430114776614,0.7017699814700946,0.013481748701237011,1,1,6,7,6,0,"[0, 1, 2, 4, 5, 7]",1.6552345440126794,new_pose_estimated,144,70,3,143,3
ANALYTIC_113,DROP_KEEP_TWO_EACH,STANDARD,True,19.47224265004999,5.42886244077329,0.2014318903797108,2,2,4,6,2,0,"[0, 7]",1.6871261436474188,new_pose_estimated,2,2,1,2,1
ANALYTIC_113,DROP_KEEP_TWO_EACH,ROBUST,True,0.8441600605551705,0.8765187674989314,0.01420151415767956,2,2,4,6,4,0,"[0, 1, 5, 7]",1.3407236265974387,new_pose_estimated,158,34,3,143,3
ANALYTIC_113,TWO_COHERENT_WRONG,STANDARD,True,26.6820033970264,1.3433189734326938,0.2671526555486107,0,2,6,8,4,0,"[0, 3, 4, 7]",1.334787174267545,new_pose_estimated,2,2,1,2,1
ANALYTIC_113,TWO_COHERENT_WRONG,ROBUST,True,0.6189227138453017,0.7932589029319039,0.012378288700502754,0,2,6,8,6,0,"[0, 1, 3, 4, 5, 7]",1.617606945813782,new_pose_estimated,164,164,3,143,3
ANALYTIC_113,FOUR_VALID,STANDARD,True,1.7984896487347442,0.6615100827830868,0.019151508938384423,4,0,4,4,4,0,"[0, 1, 2, 4]",2.9304566184479066,new_pose_estimated,2,2,1,2,1
ANALYTIC_113,FOUR_VALID,ROBUST,True,1.7984896487347442,0.6615100827830868,0.019151508938384423,4,0,4,4,4,0,"[0, 1, 2, 4]",2.9304566184479066,new_pose_estimated,164,2,2,2,2
ANALYTIC_113,FIVE_VALID,STANDARD,True,1.3849790219542284,0.647347184710001,0.015246070572643497,3,0,5,5,5,0,"[0, 1, 2, 4, 5]",1.7320222628155997,new_pose_estimated,2,2,1,2,1
ANALYTIC_113,FIVE_VALID,ROBUST,True,1.3849790219542284,0.647347184710001,0.015246070572643497,3,0,5,5,5,0,"[0, 1, 2, 4, 5]",1.7320222628155997,new_pose_estimated,164,12,3,3,3
ANALYTIC_113,NEAR_COLLINEAR,STANDARD,True,22.769354795748647,178.1128043585834,1.318216125882796,0,8,0,8,0,0,[],1.8505297579266882,new_pose_estimated,4,4,1,2,1
ANALYTIC_113,NEAR_COLLINEAR,ROBUST,True,335.9818763237075,96.65125715542953,3.491085040129403,0,8,0,8,0,4,"[0, 1, 2, 3]",28.170457142977604,new_pose_estimated,161,161,3,143,3
ANALYTIC_114,VALID_ONLY,STANDARD,True,0.8715265580364401,0.288130455111145,0.009134340732951517,0,0,8,8,8,0,"[0, 1, 2, 3, 4, 5, 6, 7]",1.3436182558371643,new_pose_estimated,2,2,1,2,1
ANALYTIC_114,VALID_ONLY,ROBUST,True,0.8715265580364401,0.288130455111145,0.009134340732951517,0,0,8,8,8,0,"[0, 1, 2, 3, 4, 5, 6, 7]",1.3436182558371643,new_pose_estimated,164,164,3,143,3
ANALYTIC_114,DROP_ONE_CORRECT,STANDARD,True,1.3896142589348437,0.386694202175779,0.014309463995143861,1,0,7,7,7,0,"[0, 1, 2, 3, 4, 6, 7]",1.5814218321134488,new_pose_estimated,2,2,1,2,1
ANALYTIC_114,DROP_ONE_CORRECT,ROBUST,True,1.3896142589348437,0.386694202175779,0.014309463995143861,1,0,7,7,7,0,"[0, 1, 2, 3, 4, 6, 7]",1.5814218321134488,new_pose_estimated,164,82,3,3,3
ANALYTIC_114,DROP_TWO_CORRECT,STANDARD,True,1.001094251787089,0.6026604585335641,0.011355102033839576,2,0,6,6,6,0,"[0, 1, 2, 3, 4, 6]",1.8258609169636062,new_pose_estimated,2,2,1,2,1
ANALYTIC_114,DROP_TWO_CORRECT,ROBUST,True,1.001094251787089,0.6026604585335641,0.011355102033839576,2,0,6,6,6,0,"[0, 1, 2, 3, 4, 6]",1.8258609169636062,new_pose_estimated,164,34,3,3,3
ANALYTIC_114,KEEP_ONE_WRONG,STANDARD,True,2.817536870844183,2.8915643254464216,0.03697474945262243,0,1,7,8,6,0,"[0, 1, 2, 3, 5, 6]",1.3262740439489569,new_pose_estimated,2,2,1,2,1
ANALYTIC_114,KEEP_ONE_WRONG,ROBUST,True,1.7699544072113322,0.38648012324210523,0.01818610127844176,0,1,7,8,7,0,"[0, 1, 2, 3, 5, 6, 7]",1.579738363951575,new_pose_estimated,152,152,3,143,3
ANALYTIC_114,KEEP_TWO_WRONG,STANDARD,True,19.21089439829596,5.195065590507365,0.19949681068806713,0,2,6,8,4,0,"[0, 3, 5, 6]",1.3297236878947112,new_pose_estimated,2,2,1,2,1
ANALYTIC_114,KEEP_TWO_WRONG,ROBUST,True,2.3993939822212944,0.3060147799831795,0.024209607667628277,0,2,6,8,6,0,"[0, 1, 3, 5, 6, 7]",1.538796349264648,new_pose_estimated,153,153,3,143,3
ANALYTIC_114,DROP_KEEP_ONE_EACH,STANDARD,True,47.45625813202812,91.08145943978107,1.2630573544000523,1,1,6,7,5,0,"[0, 1, 2, 3, 6]",1.6924972909363378,new_pose_estimated,2,2,1,2,1
ANALYTIC_114,DROP_KEEP_ONE_EACH,ROBUST,True,1.9622686918409258,0.34590893503799125,0.02003332524163661,1,1,6,7,6,0,"[0, 1, 2, 3, 6, 7]",1.8077224334431128,new_pose_estimated,160,78,3,143,3
ANALYTIC_114,DROP_KEEP_TWO_EACH,STANDARD,True,23.989950711855535,5.836662538690267,0.24637015812147087,2,2,4,6,2,0,"[0, 3]",1.8285426153926936,new_pose_estimated,2,2,1,2,1
ANALYTIC_114,DROP_KEEP_TWO_EACH,ROBUST,True,11.798672225179594,6.870754899328353,0.1316209752404043,2,2,4,6,4,1,"[0, 1, 3, 4, 6]",1.6375594049870883,new_pose_estimated,152,34,3,143,3
ANALYTIC_114,TWO_COHERENT_WRONG,STANDARD,True,65.37341582655719,89.20580516986868,1.2875836208337215,0,2,6,8,5,0,"[0, 3, 5, 6, 7]",1.471884931441776,new_pose_estimated,2,2,1,2,1
ANALYTIC_114,TWO_COHERENT_WRONG,ROBUST,True,2.3993939822212944,0.3060147799831795,0.024209607667628277,0,2,6,8,6,0,"[0, 1, 3, 5, 6, 7]",1.538796349264648,new_pose_estimated,158,158,3,143,3
ANALYTIC_114,FOUR_VALID,STANDARD,True,0.9419144843469519,0.8871041803780151,0.014358457167285867,4,0,4,4,4,0,"[0, 1, 2, 4]",2.8967296204720876,new_pose_estimated,2,2,1,2,1
ANALYTIC_114,FOUR_VALID,ROBUST,True,0.9419144843469519,0.8871041803780151,0.014358457167285867,4,0,4,4,4,0,"[0, 1, 2, 4]",2.8967296204720876,new_pose_estimated,164,2,2,2,2
ANALYTIC_114,FIVE_VALID,STANDARD,True,1.614747703225313,0.26408466387029533,0.016346780240706432,3,0,5,5,5,0,"[0, 1, 2, 4, 5]",1.8176374281509349,new_pose_estimated,2,2,1,2,1
ANALYTIC_114,FIVE_VALID,ROBUST,True,1.614747703225313,0.26408466387029533,0.016346780240706432,3,0,5,5,5,0,"[0, 1, 2, 4, 5]",1.8176374281509349,new_pose_estimated,164,12,3,3,3
ANALYTIC_114,NEAR_COLLINEAR,STANDARD,True,28.684800964013196,177.9617071645961,1.3203221482308118,0,8,0,8,0,0,[],1.8505297579266882,new_pose_estimated,4,4,1,2,1
ANALYTIC_114,NEAR_COLLINEAR,ROBUST,True,341.70369742011263,91.22739674944194,3.5445096760135755,0,8,0,8,0,4,"[0, 1, 2, 3]",28.170457142977604,new_pose_estimated,161,161,3,143,3
ANALYTIC_115,VALID_ONLY,STANDARD,True,0.6341543545954353,0.3550083949316078,0.007167785856698444,0,0,8,8,8,0,"[0, 1, 2, 3, 4, 5, 6, 7]",1.6575636921819408,new_pose_estimated,2,2,1,2,1
ANALYTIC_115,VALID_ONLY,ROBUST,True,0.6341543545954353,0.3550083949316078,0.007167785856698444,0,0,8,8,8,0,"[0, 1, 2, 3, 4, 5, 6, 7]",1.6575636921819408,new_pose_estimated,164,164,3,143,3
ANALYTIC_115,DROP_ONE_CORRECT,STANDARD,True,0.46211363868184474,0.4816439050824478,0.0075907160545786705,1,0,7,7,7,0,"[0, 1, 2, 3, 4, 5, 6]",1.8494494964088306,new_pose_estimated,2,2,1,2,1
ANALYTIC_115,DROP_ONE_CORRECT,ROBUST,True,0.46211363868184474,0.4816439050824478,0.0075907160545786705,1,0,7,7,7,0,"[0, 1, 2, 3, 4, 5, 6]",1.8494494964088306,new_pose_estimated,164,82,3,3,3
ANALYTIC_115,DROP_TWO_CORRECT,STANDARD,True,0.36897806929524796,0.4352962156298695,0.00650227440922127,2,0,6,6,6,0,"[0, 1, 2, 3, 4, 6]",1.967219647842287,new_pose_estimated,2,2,1,2,1
ANALYTIC_115,DROP_TWO_CORRECT,ROBUST,True,0.36897806929524796,0.4352962156298695,0.00650227440922127,2,0,6,6,6,0,"[0, 1, 2, 3, 4, 6]",1.967219647842287,new_pose_estimated,164,34,3,3,3
ANALYTIC_115,KEEP_ONE_WRONG,STANDARD,True,11.233941518800831,2.9496252357967845,0.11520133061814827,0,1,7,8,6,0,"[0, 3, 4, 5, 6, 7]",1.6567359982502816,new_pose_estimated,2,2,1,2,1
ANALYTIC_115,KEEP_ONE_WRONG,ROBUST,True,0.6611393673742513,0.33662674069712745,0.007321809878119548,0,1,7,8,7,0,"[0, 2, 3, 4, 5, 6, 7]",1.932373769235485,new_pose_estimated,160,160,3,143,3
ANALYTIC_115,KEEP_TWO_WRONG,STANDARD,True,18.043771778283503,3.3186590158849163,0.18269411163355792,0,2,6,8,4,0,"[0, 3, 4, 7]",1.7742283707353734,new_pose_estimated,2,2,1,2,1
ANALYTIC_115,KEEP_TWO_WRONG,ROBUST,True,0.6181416368747958,0.35770882036469953,0.006850378058357431,0,2,6,8,6,0,"[0, 2, 3, 4, 5, 7]",2.030565645492181,new_pose_estimated,150,150,3,143,3
ANALYTIC_115,DROP_KEEP_ONE_EACH,STANDARD,True,6.625721263900343,3.410131189276267,0.07406655595828501,1,1,6,7,5,0,"[0, 3, 4, 5, 6]",1.9551205791055148,new_pose_estimated,2,2,1,2,1
ANALYTIC_115,DROP_KEEP_ONE_EACH,ROBUST,True,0.4215761093825706,0.4878810494876082,0.007659763674130882,1,1,6,7,6,0,"[0, 2, 3, 4, 5, 6]",2.053500264760734,new_pose_estimated,152,74,3,143,3
ANALYTIC_115,DROP_KEEP_TWO_EACH,STANDARD,True,37.55323227208181,87.19601043223209,1.2091234900764922,2,2,4,6,2,0,"[0, 3]",2.150062047606892,new_pose_estimated,2,2,1,2,1
ANALYTIC_115,DROP_KEEP_TWO_EACH,ROBUST,True,36.99182727118498,87.16276508794331,1.2076717501921723,2,2,4,6,4,1,"[0, 2, 3, 4, 6]",2.1398996110177912,new_pose_estimated,146,30,3,143,3
ANALYTIC_115,TWO_COHERENT_WRONG,STANDARD,True,20.57505776710404,1.6074895008389491,0.2062301645326772,0,2,6,8,4,0,"[0, 3, 4, 7]",1.6169613701052952,new_pose_estimated,2,2,1,2,1
ANALYTIC_115,TWO_COHERENT_WRONG,ROBUST,True,0.6181416368747958,0.35770882036469953,0.006850378058357431,0,2,6,8,6,0,"[0, 2, 3, 4, 5, 7]",2.030565645492181,new_pose_estimated,160,160,3,143,3
ANALYTIC_115,FOUR_VALID,STANDARD,True,0.8826380048219205,0.4276830834530639,0.010076579396832538,4,0,4,4,4,0,"[0, 1, 2, 4]",3.2307550873418815,new_pose_estimated,2,2,1,2,1
ANALYTIC_115,FOUR_VALID,ROBUST,True,0.8826380048219205,0.4276830834530639,0.010076579396832538,4,0,4,4,4,0,"[0, 1, 2, 4]",3.2307550873418815,new_pose_estimated,164,2,2,2,2
ANALYTIC_115,FIVE_VALID,STANDARD,True,0.7056390614214784,0.4740233190122775,0.009208806038171629,3,0,5,5,5,0,"[0, 1, 2, 4, 5]",2.024547482294883,new_pose_estimated,2,2,1,2,1
ANALYTIC_115,FIVE_VALID,ROBUST,True,0.7056390614214784,0.4740233190122775,0.009208806038171629,3,0,5,5,5,0,"[0, 1, 2, 4, 5]",2.024547482294883,new_pose_estimated,164,12,3,3,3
ANALYTIC_115,NEAR_COLLINEAR,STANDARD,True,79.80179017779638,175.5625597340999,1.547742825193038,0,8,0,8,0,0,[],1.8505297579266882,new_pose_estimated,4,4,1,2,1
ANALYTIC_115,NEAR_COLLINEAR,ROBUST,True,281.2935628670719,98.43323502359503,2.9872069165568416,0,8,0,8,0,4,"[0, 1, 2, 3]",28.170457142977604,new_pose_estimated,161,161,3,143,3
ANALYTIC_116,VALID_ONLY,STANDARD,True,0.3562608328473175,0.5158841326690145,0.007752803410643661,0,0,8,8,8,0,"[0, 1, 2, 3, 4, 5, 6, 7]",1.5033608107318457,new_pose_estimated,2,2,1,2,1
ANALYTIC_116,VALID_ONLY,ROBUST,True,0.3562608328473175,0.5158841326690145,0.007752803410643661,0,0,8,8,8,0,"[0, 1, 2, 3, 4, 5, 6, 7]",1.5033608107318457,new_pose_estimated,164,164,3,143,3
ANALYTIC_116,DROP_ONE_CORRECT,STANDARD,True,0.44861122560473377,0.6154347569457763,0.00919308355561865,1,0,7,7,7,0,"[0, 1, 2, 3, 4, 5, 6]",1.6551790421849866,new_pose_estimated,2,2,1,2,1
ANALYTIC_116,DROP_ONE_CORRECT,ROBUST,True,0.44861122560473377,0.6154347569457763,0.00919308355561865,1,0,7,7,7,0,"[0, 1, 2, 3, 4, 5, 6]",1.6551790421849866,new_pose_estimated,164,82,3,3,3
ANALYTIC_116,DROP_TWO_CORRECT,STANDARD,True,0.9495941041688001,0.7374247962934903,0.012866160980571136,2,0,6,6,6,0,"[0, 1, 2, 3, 4, 5]",2.0017534711448355,new_pose_estimated,2,2,1,2,1
ANALYTIC_116,DROP_TWO_CORRECT,ROBUST,True,0.9495941041688001,0.7374247962934903,0.012866160980571136,2,0,6,6,6,0,"[0, 1, 2, 3, 4, 5]",2.0017534711448355,new_pose_estimated,164,36,3,3,3
ANALYTIC_116,KEEP_ONE_WRONG,STANDARD,True,23.377086523150307,0.9178739848260151,0.23396638610851228,0,1,7,8,6,0,"[1, 2, 4, 5, 6, 7]",1.4796367839866986,new_pose_estimated,2,2,1,2,1
ANALYTIC_116,KEEP_ONE_WRONG,ROBUST,True,0.35671875692486243,0.49403211879557246,0.00756360545725642,0,1,7,8,7,0,"[0, 1, 2, 4, 5, 6, 7]",1.565592118195974,new_pose_estimated,164,164,3,143,3
ANALYTIC_116,KEEP_TWO_WRONG,STANDARD,True,10.830205386330901,4.123470042855479,0.11441472218331798,0,2,6,8,4,0,"[4, 5, 6, 7]",1.4321462107693634,new_pose_estimated,2,2,1,2,1
ANALYTIC_116,KEEP_TWO_WRONG,ROBUST,True,0.7084281919401095,0.3404569136103121,0.008132992794619848,0,2,6,8,6,0,"[0, 1, 4, 5, 6, 7]",1.334931032476175,new_pose_estimated,152,152,3,143,3
ANALYTIC_116,DROP_KEEP_ONE_EACH,STANDARD,True,21.47618546660903,1.7210978253232467,0.21565686790699817,1,1,6,7,5,0,"[1, 2, 4, 5, 6]",1.6348753987974576,new_pose_estimated,2,2,1,2,1
ANALYTIC_116,DROP_KEEP_ONE_EACH,ROBUST,True,0.5110639401431325,0.5860748853332183,0.009146829322030144,1,1,6,7,6,0,"[0, 1, 2, 4, 5, 6]",1.7788087142816171,new_pose_estimated,158,76,3,143,3
ANALYTIC_116,DROP_KEEP_TWO_EACH,STANDARD,True,17.756144557320756,3.6968678281758764,0.18105870446740874,2,2,4,6,2,0,"[4, 5]",1.8825691326061407,new_pose_estimated,2,2,1,2,1
ANALYTIC_116,DROP_KEEP_TWO_EACH,ROBUST,True,44.9330411198742,159.99816124700294,1.0574842530099953,2,2,4,6,3,2,"[0, 1, 2, 3, 5]",2.8504687069069536,new_pose_estimated,148,36,3,143,3
ANALYTIC_116,TWO_COHERENT_WRONG,STANDARD,True,14.600903449947792,4.028056264212921,0.1513993353963208,0,2,6,8,4,0,"[4, 5, 6, 7]",1.4405709970462734,new_pose_estimated,2,2,1,2,1
ANALYTIC_116,TWO_COHERENT_WRONG,ROBUST,True,0.7084281919401095,0.3404569136103121,0.008132992794619848,0,2,6,8,6,0,"[0, 1, 4, 5, 6, 7]",1.334931032476175,new_pose_estimated,164,164,3,143,3
ANALYTIC_116,FOUR_VALID,STANDARD,True,4.682973781395429,0.18694695559381547,0.046865785004959165,4,0,4,4,4,0,"[0, 1, 2, 4]",3.5039768058660634,new_pose_estimated,2,2,1,2,1
ANALYTIC_116,FOUR_VALID,ROBUST,True,4.682973781395429,0.18694695559381547,0.046865785004959165,4,0,4,4,4,0,"[0, 1, 2, 4]",3.5039768058660634,new_pose_estimated,164,2,2,2,2
ANALYTIC_116,FIVE_VALID,STANDARD,True,0.9695760718930589,0.7110972852482353,0.012641537270332296,3,0,5,5,5,0,"[0, 1, 2, 4, 5]",1.9672118622596293,new_pose_estimated,2,2,1,2,1
ANALYTIC_116,FIVE_VALID,ROBUST,True,0.9695760718930589,0.7110972852482353,0.012641537270332296,3,0,5,5,5,0,"[0, 1, 2, 4, 5]",1.9672118622596293,new_pose_estimated,164,12,3,3,3
ANALYTIC_116,NEAR_COLLINEAR,STANDARD,True,23.102289284914047,178.4788492431694,1.2981628104611973,0,8,0,8,0,0,[],1.8505297579266882,new_pose_estimated,4,4,1,2,1
ANALYTIC_116,NEAR_COLLINEAR,ROBUST,True,334.63349762961514,98.06749691151953,3.4814743727550077,0,8,0,8,0,4,"[0, 1, 2, 3]",28.170457142977604,new_pose_estimated,161,161,3,143,3
ANALYTIC_117,VALID_ONLY,STANDARD,True,0.5836189433502353,0.11624487804296862,0.005990077325337348,0,0,8,8,8,0,"[0, 1, 2, 3, 4, 5, 6, 7]",1.4192981431771008,new_pose_estimated,2,2,1,2,1
ANALYTIC_117,VALID_ONLY,ROBUST,True,0.5836189433502353,0.11624487804296862,0.005990077325337348,0,0,8,8,8,0,"[0, 1, 2, 3, 4, 5, 6, 7]",1.4192981431771008,new_pose_estimated,164,164,3,143,3
ANALYTIC_117,DROP_ONE_CORRECT,STANDARD,True,1.4696156807982403,0.14289272390510516,0.014756701743588037,1,0,7,7,7,0,"[0, 1, 2, 4, 5, 6, 7]",1.610933223454766,new_pose_estimated,2,2,1,2,1
ANALYTIC_117,DROP_ONE_CORRECT,ROBUST,True,1.4696156807982403,0.14289272390510516,0.014756701743588037,1,0,7,7,7,0,"[0, 1, 2, 4, 5, 6, 7]",1.610933223454766,new_pose_estimated,164,82,3,3,3
ANALYTIC_117,DROP_TWO_CORRECT,STANDARD,True,3.1136676227451985,0.5446995884460188,0.03153009133738475,2,0,6,6,6,0,"[1, 2, 4, 5, 6, 7]",3.0877729016103466,new_pose_estimated,2,2,1,2,1
ANALYTIC_117,DROP_TWO_CORRECT,ROBUST,True,3.1136676227451985,0.5446995884460188,0.03153009133738475,2,0,6,6,6,0,"[1, 2, 4, 5, 6, 7]",3.0877729016103466,new_pose_estimated,164,36,3,3,3
ANALYTIC_117,KEEP_ONE_WRONG,STANDARD,True,17.411009720269387,2.113415399440472,0.17540401281985774,0,1,7,8,6,0,"[0, 3, 4, 5, 6, 7]",1.4047697570792492,new_pose_estimated,2,2,1,2,1
ANALYTIC_117,KEEP_ONE_WRONG,ROBUST,True,1.6650804286526304,0.11424308356507008,0.01668485875322552,0,1,7,8,7,0,"[0, 2, 3, 4, 5, 6, 7]",1.5944796033846544,new_pose_estimated,162,162,3,143,3
ANALYTIC_117,KEEP_TWO_WRONG,STANDARD,True,17.363564139146025,5.1969994200540235,0.18035652844713201,0,2,6,8,4,0,"[0, 3, 4, 7]",1.5215823166616167,new_pose_estimated,2,2,1,2,1
ANALYTIC_117,KEEP_TWO_WRONG,ROBUST,True,1.5715309864356986,0.14135370896757488,0.015783124687709593,0,2,6,8,6,0,"[0, 2, 3, 4, 5, 7]",1.7268269279924142,new_pose_estimated,164,164,3,143,3
ANALYTIC_117,DROP_KEEP_ONE_EACH,STANDARD,True,11.20802207440184,2.602585573328269,0.11492601365229929,1,1,6,7,5,0,"[0, 4, 5, 6, 7]",1.6327102192229292,new_pose_estimated,2,2,1,2,1
ANALYTIC_117,DROP_KEEP_ONE_EACH,ROBUST,True,0.4264518536881563,0.3979255376195077,0.006408577914781898,1,1,6,7,6,0,"[0, 2, 4, 5, 6, 7]",1.5388355805982141,new_pose_estimated,164,82,3,143,3
ANALYTIC_117,DROP_KEEP_TWO_EACH,STANDARD,True,12.937993756420676,8.665143043046069,0.15669661298145598,2,2,4,6,2,0,"[4, 7]",2.8800586839758853,new_pose_estimated,2,2,1,2,1
ANALYTIC_117,DROP_KEEP_TWO_EACH,ROBUST,True,30.529770209985656,16.82853515107409,0.35135161422254374,2,2,4,6,2,2,"[1, 4, 6, 7]",2.8443759757641516,new_pose_estimated,154,30,3,143,3
ANALYTIC_117,TWO_COHERENT_WRONG,STANDARD,True,26.59040777882764,1.5014554227532824,0.26627006682930554,0,2,6,8,4,0,"[0, 3, 4, 7]",1.4032791172043995,new_pose_estimated,2,2,1,2,1
ANALYTIC_117,TWO_COHERENT_WRONG,ROBUST,True,1.5715309864356986,0.14135370896757488,0.015783124687709593,0,2,6,8,6,0,"[0, 2, 3, 4, 5, 7]",1.7268269279924142,new_pose_estimated,160,160,3,143,3
ANALYTIC_117,FOUR_VALID,STANDARD,True,4.008974564483048,1.1930600382311567,0.04157023136298628,4,0,4,4,4,0,"[0, 1, 2, 4]",2.8289209219680735,new_pose_estimated,2,2,1,2,1
ANALYTIC_117,FOUR_VALID,ROBUST,True,4.008974564483048,1.1930600382311567,0.04157023136298628,4,0,4,4,4,0,"[0, 1, 2, 4]",2.8289209219680735,new_pose_estimated,164,2,2,2,2
ANALYTIC_117,FIVE_VALID,STANDARD,True,2.0185427511068403,0.24788527071256936,0.020329095374657553,3,0,5,5,5,0,"[0, 1, 2, 4, 5]",1.7146035123364165,new_pose_estimated,2,2,1,2,1
ANALYTIC_117,FIVE_VALID,ROBUST,True,2.0185427511068403,0.24788527071256936,0.020329095374657553,3,0,5,5,5,0,"[0, 1, 2, 4, 5]",1.7146035123364165,new_pose_estimated,164,12,3,3,3
ANALYTIC_117,NEAR_COLLINEAR,STANDARD,True,24.617995506167635,166.83888787162903,1.3195886691368928,0,8,0,8,0,0,[],1.8505297579266882,new_pose_estimated,4,4,1,2,1
ANALYTIC_117,NEAR_COLLINEAR,ROBUST,True,342.8711691362073,82.99899742116321,3.533891375572516,0,8,0,8,0,4,"[0, 1, 2, 3]",28.170457142977604,new_pose_estimated,161,161,3,143,3
ANALYTIC_118,VALID_ONLY,STANDARD,True,1.431070909840287,0.3551451149308371,0.014790194002630718,0,0,8,8,8,0,"[0, 1, 2, 3, 4, 5, 6, 7]",1.5365828155968992,new_pose_estimated,2,2,1,2,1
ANALYTIC_118,VALID_ONLY,ROBUST,True,1.431070909840287,0.3551451149308371,0.014790194002630718,0,0,8,8,8,0,"[0, 1, 2, 3, 4, 5, 6, 7]",1.5365828155968992,new_pose_estimated,164,164,3,143,3
ANALYTIC_118,DROP_ONE_CORRECT,STANDARD,True,0.6490868647556102,0.2666937431702509,0.007053185102802025,1,0,7,7,7,0,"[0, 1, 2, 3, 5, 6, 7]",1.7887358177158343,new_pose_estimated,2,2,1,2,1
ANALYTIC_118,DROP_ONE_CORRECT,ROBUST,True,0.6490868647556102,0.2666937431702509,0.007053185102802025,1,0,7,7,7,0,"[0, 1, 2, 3, 5, 6, 7]",1.7887358177158343,new_pose_estimated,164,82,3,3,3
ANALYTIC_118,DROP_TWO_CORRECT,STANDARD,True,0.6676074633061659,0.25789926042071765,0.00717985937643033,2,0,6,6,6,0,"[0, 1, 2, 3, 5, 7]",2.0533117188161745,new_pose_estimated,2,2,1,2,1
ANALYTIC_118,DROP_TWO_CORRECT,ROBUST,True,0.6676074633061659,0.25789926042071765,0.00717985937643033,2,0,6,6,6,0,"[0, 1, 2, 3, 5, 7]",2.0533117188161745,new_pose_estimated,164,34,3,3,3
ANALYTIC_118,KEEP_ONE_WRONG,STANDARD,True,6.743153943554203,2.0260077532471965,0.07043865708363896,0,1,7,8,6,0,"[0, 3, 4, 5, 6, 7]",1.529900431978695,new_pose_estimated,2,2,1,2,1
ANALYTIC_118,KEEP_ONE_WRONG,ROBUST,True,0.32095879863213944,0.3946974158070881,0.0050677528141181835,0,1,7,8,7,0,"[0, 1, 3, 4, 5, 6, 7]",1.6692055216165598,new_pose_estimated,152,152,3,143,3
ANALYTIC_118,KEEP_TWO_WRONG,STANDARD,True,8.28926723000844,3.1439987378525784,0.08968504454451129,0,2,6,8,5,0,"[1, 4, 5, 6, 7]",1.5347377387315138,new_pose_estimated,2,2,1,2,1
ANALYTIC_118,KEEP_TWO_WRONG,ROBUST,True,0.42577551995018426,0.4521521839804624,0.005781256003008387,0,2,6,8,6,0,"[0, 1, 4, 5, 6, 7]",1.4599340034186938,new_pose_estimated,154,154,3,143,3
ANALYTIC_118,DROP_KEEP_ONE_EACH,STANDARD,True,14.956683093568774,1.5580477869259781,0.15039120698264047,1,1,6,7,5,0,"[0, 3, 5, 6, 7]",1.7643867931616963,new_pose_estimated,2,2,1,2,1
ANALYTIC_118,DROP_KEEP_ONE_EACH,ROBUST,True,1.6900159768368221,0.30496981826910335,0.01716754472459325,1,1,6,7,6,0,"[0, 1, 3, 5, 6, 7]",1.8273037520780386,new_pose_estimated,158,78,3,143,3
ANALYTIC_118,DROP_KEEP_TWO_EACH,STANDARD,True,16.307365621826484,2.9369787164449273,0.1658067106579478,2,2,4,6,2,0,"[5, 7]",2.0917194777846717,new_pose_estimated,2,2,1,2,1
ANALYTIC_118,DROP_KEEP_TWO_EACH,ROBUST,True,1.907263804672249,0.36112118907849233,0.019341071532175593,2,2,4,6,4,0,"[0, 1, 5, 7]",1.5559331106221224,new_pose_estimated,162,34,3,143,3
ANALYTIC_118,TWO_COHERENT_WRONG,STANDARD,True,12.833565276795142,2.8282923995815565,0.1313452543740421,0,2,6,8,4,0,"[4, 5, 6, 7]",1.5603287941098647,new_pose_estimated,2,2,1,2,1
ANALYTIC_118,TWO_COHERENT_WRONG,ROBUST,True,0.42577551995018426,0.4521521839804624,0.005781256003008387,0,2,6,8,6,0,"[0, 1, 4, 5, 6, 7]",1.4599340034186938,new_pose_estimated,160,160,3,143,3
ANALYTIC_118,FOUR_VALID,STANDARD,True,2.0137603013116374,0.8636638508327706,0.021850554888278285,4,0,4,4,4,0,"[0, 1, 2, 4]",2.337211810618014,new_pose_estimated,2,2,1,2,1
ANALYTIC_118,FOUR_VALID,ROBUST,True,2.0137603013116374,0.8636638508327706,0.021850554888278285,4,0,4,4,4,0,"[0, 1, 2, 4]",2.337211810618014,new_pose_estimated,164,2,2,2,2
ANALYTIC_118,FIVE_VALID,STANDARD,True,1.5690932151076469,0.4244351299709197,0.016273021326428723,3,0,5,5,5,0,"[0, 1, 2, 4, 5]",1.6201327656057252,new_pose_estimated,2,2,1,2,1
ANALYTIC_118,FIVE_VALID,ROBUST,True,1.5690932151076469,0.4244351299709197,0.016273021326428723,3,0,5,5,5,0,"[0, 1, 2, 4, 5]",1.6201327656057252,new_pose_estimated,164,12,3,3,3
ANALYTIC_118,NEAR_COLLINEAR,STANDARD,True,114.93486109781325,171.1214744606824,1.7152048537648938,0,8,0,8,0,0,[],1.8505297579266882,new_pose_estimated,4,4,1,2,1
ANALYTIC_118,NEAR_COLLINEAR,ROBUST,True,246.5083300223485,88.06820970493752,2.6230311998000158,0,8,0,8,0,4,"[0, 1, 2, 3]",28.170457142977604,new_pose_estimated,161,161,3,143,3
ANALYTIC_119,VALID_ONLY,STANDARD,True,1.451549756554447,0.4493269250177252,0.015316655011390075,0,0,8,8,8,0,"[0, 1, 2, 3, 4, 5, 6, 7]",1.5231420277434145,new_pose_estimated,2,2,1,2,1
ANALYTIC_119,VALID_ONLY,ROBUST,True,1.451549756554447,0.4493269250177252,0.015316655011390075,0,0,8,8,8,0,"[0, 1, 2, 3, 4, 5, 6, 7]",1.5231420277434145,new_pose_estimated,164,164,3,143,3
ANALYTIC_119,DROP_ONE_CORRECT,STANDARD,True,1.02133536453518,0.47419914496910875,0.01142527119617108,1,0,7,7,7,0,"[0, 1, 2, 3, 5, 6, 7]",1.850863494654216,new_pose_estimated,2,2,1,2,1
ANALYTIC_119,DROP_ONE_CORRECT,ROBUST,True,1.02133536453518,0.47419914496910875,0.01142527119617108,1,0,7,7,7,0,"[0, 1, 2, 3, 5, 6, 7]",1.850863494654216,new_pose_estimated,164,82,3,3,3
ANALYTIC_119,DROP_TWO_CORRECT,STANDARD,True,0.7366777800141189,0.4164363401063818,0.008643524821258287,2,0,6,6,6,0,"[0, 1, 3, 5, 6, 7]",1.9409860403067503,new_pose_estimated,2,2,1,2,1
ANALYTIC_119,DROP_TWO_CORRECT,ROBUST,True,0.7366777800141189,0.4164363401063818,0.008643524821258287,2,0,6,6,6,0,"[0, 1, 3, 5, 6, 7]",1.9409860403067503,new_pose_estimated,164,36,3,3,3
ANALYTIC_119,KEEP_ONE_WRONG,STANDARD,True,6.242939463330789,2.769933522215432,0.06845734899013639,0,1,7,8,6,0,"[1, 2, 4, 5, 6, 7]",1.5195189197014436,new_pose_estimated,2,2,1,2,1
ANALYTIC_119,KEEP_ONE_WRONG,ROBUST,True,2.1729184036935267,0.5941488805579352,0.022886902004022408,0,1,7,8,7,0,"[0, 1, 2, 4, 5, 6, 7]",1.466410439133802,new_pose_estimated,164,164,3,143,3
ANALYTIC_119,KEEP_TWO_WRONG,STANDARD,True,4.490481593917905,5.465857100170669,0.07190651154967773,0,2,6,8,4,0,"[1, 2, 4, 7]",1.4848250969773373,new_pose_estimated,2,2,1,2,1
ANALYTIC_119,KEEP_TWO_WRONG,ROBUST,True,2.2385124390541633,0.6137113765536387,0.02359074501337482,0,2,6,8,6,0,"[0, 1, 2, 4, 6, 7]",1.5654023885428145,new_pose_estimated,164,164,3,143,3
ANALYTIC_119,DROP_KEEP_ONE_EACH,STANDARD,True,2.0486442906174283,2.8293239293903927,0.033863713241978954,1,1,6,7,5,0,"[1, 2, 5, 6, 7]",1.9072180601183182,new_pose_estimated,2,2,1,2,1
ANALYTIC_119,DROP_KEEP_ONE_EACH,ROBUST,True,1.8976327369357633,0.6319491651920195,0.02049413082115375,1,1,6,7,6,0,"[0, 1, 2, 5, 6, 7]",1.7410019122976672,new_pose_estimated,160,80,3,143,3
ANALYTIC_119,DROP_KEEP_TWO_EACH,STANDARD,True,6.943249220805173,1.3984057628110858,0.07085089819578289,2,2,4,6,3,0,"[0, 1, 6]",2.0135481439518284,new_pose_estimated,2,2,1,2,1
ANALYTIC_119,DROP_KEEP_TWO_EACH,ROBUST,True,1.637247131437067,0.6085620606670007,0.018072264587991695,2,2,4,6,4,0,"[0, 1, 6, 7]",1.6379572193876668,new_pose_estimated,162,34,3,143,3
ANALYTIC_119,TWO_COHERENT_WRONG,STANDARD,True,8.142836146096165,1.3496787493700095,0.0826971120591187,0,2,6,8,5,0,"[1, 2, 4, 6, 7]",1.5581226911362445,new_pose_estimated,2,2,1,2,1
ANALYTIC_119,TWO_COHERENT_WRONG,ROBUST,True,2.2385124390541633,0.6137113765536387,0.02359074501337482,0,2,6,8,6,0,"[0, 1, 2, 4, 6, 7]",1.5654023885428145,new_pose_estimated,164,164,3,143,3
ANALYTIC_119,FOUR_VALID,STANDARD,True,2.595693471348442,0.557892515531374,0.02678021829454595,4,0,4,4,4,0,"[0, 1, 2, 4]",2.530080334643805,new_pose_estimated,2,2,1,2,1
ANALYTIC_119,FOUR_VALID,ROBUST,True,2.595693471348442,0.557892515531374,0.02678021829454595,4,0,4,4,4,0,"[0, 1, 2, 4]",2.530080334643805,new_pose_estimated,164,2,2,2,2
ANALYTIC_119,FIVE_VALID,STANDARD,True,2.6019974217183544,0.5367568132630851,0.02678067993459693,3,0,5,5,5,0,"[0, 1, 2, 4, 5]",1.7429863550214053,new_pose_estimated,2,2,1,2,1
ANALYTIC_119,FIVE_VALID,ROBUST,True,2.6019974217183544,0.5367568132630851,0.02678067993459693,3,0,5,5,5,0,"[0, 1, 2, 4, 5]",1.7429863550214053,new_pose_estimated,164,12,3,3,3
ANALYTIC_119,NEAR_COLLINEAR,STANDARD,True,80.52972497415573,178.95971736696953,1.524821533377206,0,8,0,8,0,0,[],1.8505297579266882,new_pose_estimated,4,4,1,2,1
ANALYTIC_119,NEAR_COLLINEAR,ROBUST,True,284.6537502557101,93.24563500921768,3.001180418323406,0,8,0,8,0,4,"[0, 1, 2, 3]",28.170457142977604,new_pose_estimated,161,161,3,143,3
ANALYTIC_120,VALID_ONLY,STANDARD,True,0.5177896672243076,0.34822519373614863,0.006612509954920531,0,0,8,8,8,0,"[0, 1, 2, 3, 4, 5, 6, 7]",1.768015116414454,new_pose_estimated,2,2,1,2,1
ANALYTIC_120,VALID_ONLY,ROBUST,True,0.5177896672243076,0.34822519373614863,0.006612509954920531,0,0,8,8,8,0,"[0, 1, 2, 3, 4, 5, 6, 7]",1.768015116414454,new_pose_estimated,164,164,3,143,3
ANALYTIC_120,DROP_ONE_CORRECT,STANDARD,True,0.6627960665052226,0.6065920863278945,0.009432786105008277,1,0,7,7,7,0,"[0, 1, 2, 3, 4, 5, 7]",2.029151800574126,new_pose_estimated,2,2,1,2,1
ANALYTIC_120,DROP_ONE_CORRECT,ROBUST,True,0.6627960665052226,0.6065920863278945,0.009432786105008277,1,0,7,7,7,0,"[0, 1, 2, 3, 4, 5, 7]",2.029151800574126,new_pose_estimated,164,82,3,3,3
ANALYTIC_120,DROP_TWO_CORRECT,STANDARD,True,1.107773993223703,0.45958906190430887,0.012273077054526396,2,0,6,6,6,0,"[1, 2, 3, 4, 5, 7]",2.232831952670729,new_pose_estimated,2,2,1,2,1
ANALYTIC_120,DROP_TWO_CORRECT,ROBUST,True,1.107773993223703,0.45958906190430887,0.012273077054526396,2,0,6,6,6,0,"[1, 2, 3, 4, 5, 7]",2.232831952670729,new_pose_estimated,164,36,3,3,3
ANALYTIC_120,KEEP_ONE_WRONG,STANDARD,True,11.211512325377534,1.1978647523565642,0.11269573125653745,0,1,7,8,6,0,"[1, 2, 4, 5, 6, 7]",1.8035925321427078,new_pose_estimated,2,2,1,2,1
ANALYTIC_120,KEEP_ONE_WRONG,ROBUST,True,1.603247491662738,0.4990211958121006,0.01697315555755905,0,1,7,8,7,0,"[0, 1, 2, 4, 5, 6, 7]",2.165383348626646,new_pose_estimated,158,158,3,143,3
ANALYTIC_120,KEEP_TWO_WRONG,STANDARD,True,27.340353405965388,83.79204815349716,1.156012485416325,0,2,6,8,4,0,"[1, 2, 4, 7]",1.6958720966252787,new_pose_estimated,2,2,1,2,1
ANALYTIC_120,KEEP_TWO_WRONG,ROBUST,True,0.5065641702309602,0.4973633658182871,0.008743153586873841,0,2,6,8,6,0,"[0, 1, 2, 4, 6, 7]",2.29947888031629,new_pose_estimated,160,160,3,143,3
ANALYTIC_120,DROP_KEEP_ONE_EACH,STANDARD,True,11.597090028023121,1.2008394379184908,0.11652180701127478,1,1,6,7,5,0,"[1, 2, 4, 5, 7]",2.0548612731761366,new_pose_estimated,2,2,1,2,1
ANALYTIC_120,DROP_KEEP_ONE_EACH,ROBUST,True,2.0131829706782916,0.9410837436797174,0.022456625513427905,1,1,6,7,6,0,"[0, 1, 2, 4, 5, 7]",2.2905399000920736,new_pose_estimated,164,82,3,143,3
ANALYTIC_120,DROP_KEEP_TWO_EACH,STANDARD,True,32.01851171057213,5.684836766745786,0.32592196962578135,2,2,4,6,4,2,"[1, 2, 3, 4, 5, 7]",2.214629258954264,new_pose_estimated,2,2,1,2,1
ANALYTIC_120,DROP_KEEP_TWO_EACH,ROBUST,True,32.01851171057213,5.684836766745786,0.32592196962578135,2,2,4,6,4,2,"[1, 2, 3, 4, 5, 7]",2.214629258954264,new_pose_estimated,164,36,3,143,3
ANALYTIC_120,TWO_COHERENT_WRONG,STANDARD,True,4.978401158496278,1.5732391863226536,0.05232428429553572,0,2,6,8,5,0,"[1, 2, 4, 6, 7]",1.811570277285095,new_pose_estimated,2,2,1,2,1
ANALYTIC_120,TWO_COHERENT_WRONG,ROBUST,True,0.5065641702309602,0.4973633658182871,0.008743153586873841,0,2,6,8,6,0,"[0, 1, 2, 4, 6, 7]",2.29947888031629,new_pose_estimated,164,164,3,143,3
ANALYTIC_120,FOUR_VALID,STANDARD,True,2.7263225656817176,0.9620595162564012,0.02960142284142508,4,0,4,4,4,0,"[0, 1, 2, 4]",4.241210661317016,new_pose_estimated,2,2,1,2,1
ANALYTIC_120,FOUR_VALID,ROBUST,True,2.7263225656817176,0.9620595162564012,0.02960142284142508,4,0,4,4,4,0,"[0, 1, 2, 4]",4.241210661317016,new_pose_estimated,164,2,2,2,2
ANALYTIC_120,FIVE_VALID,STANDARD,True,1.9002361633704632,0.9162459889864341,0.021410020484516998,3,0,5,5,5,0,"[0, 1, 2, 4, 5]",2.31029499829492,new_pose_estimated,2,2,1,2,1
ANALYTIC_120,FIVE_VALID,ROBUST,True,1.9002361633704632,0.9162459889864341,0.021410020484516998,3,0,5,5,5,0,"[0, 1, 2, 4, 5]",2.31029499829492,new_pose_estimated,164,12,3,3,3
ANALYTIC_120,NEAR_COLLINEAR,STANDARD,True,146.86307571217853,170.17244515731855,1.9102590295851485,0,8,0,8,0,0,[],1.8505297579266882,new_pose_estimated,4,4,1,2,1
ANALYTIC_120,NEAR_COLLINEAR,ROBUST,True,221.63339603851261,90.95123172015577,2.3705596104918074,0,8,0,8,0,4,"[0, 1, 2, 3]",28.170457142977604,new_pose_estimated,161,161,3,143,3
ANALYTIC_121,VALID_ONLY,STANDARD,True,0.29035842938201195,0.2041378898210665,0.0039053560074496763,0,0,8,8,8,0,"[0, 1, 2, 3, 4, 5, 6, 7]",1.622424073139848,new_pose_estimated,2,2,1,2,1
ANALYTIC_121,VALID_ONLY,ROBUST,True,0.29035842938201195,0.2041378898210665,0.0039053560074496763,0,0,8,8,8,0,"[0, 1, 2, 3, 4, 5, 6, 7]",1.622424073139848,new_pose_estimated,164,164,3,143,3
ANALYTIC_121,DROP_ONE_CORRECT,STANDARD,True,0.5079992504260732,0.0952060384430488,0.0051792548581776725,1,0,7,7,7,0,"[0, 1, 2, 4, 5, 6, 7]",1.4161714052390972,new_pose_estimated,2,2,1,2,1
ANALYTIC_121,DROP_ONE_CORRECT,ROBUST,True,0.5079992504260732,0.0952060384430488,0.0051792548581776725,1,0,7,7,7,0,"[0, 1, 2, 4, 5, 6, 7]",1.4161714052390972,new_pose_estimated,164,82,3,3,3
ANALYTIC_121,DROP_TWO_CORRECT,STANDARD,True,0.5991859022911873,0.12528955774679656,0.00611994602180999,2,0,6,6,6,0,"[0, 1, 2, 4, 6, 7]",1.5166551584819727,new_pose_estimated,2,2,1,2,1
ANALYTIC_121,DROP_TWO_CORRECT,ROBUST,True,0.5991859022911873,0.12528955774679656,0.00611994602180999,2,0,6,6,6,0,"[0, 1, 2, 4, 6, 7]",1.5166551584819727,new_pose_estimated,164,36,3,3,3
ANALYTIC_121,KEEP_ONE_WRONG,STANDARD,True,1.9557548053202656,2.51803279774424,0.027744634285313888,0,1,7,8,6,0,"[0, 1, 2, 3, 5, 6]",1.6011661438821325,new_pose_estimated,2,2,1,2,1
ANALYTIC_121,KEEP_ONE_WRONG,ROBUST,True,1.124975946794359,0.3760570352168913,0.011804767483066834,0,1,7,8,7,0,"[0, 1, 2, 3, 5, 6, 7]",1.835656986448505,new_pose_estimated,152,152,3,143,3
ANALYTIC_121,KEEP_TWO_WRONG,STANDARD,True,7.815538093377448,3.0324780770188777,0.08574113272000519,0,2,6,8,5,0,"[0, 1, 2, 3, 5]",1.6721962082351214,new_pose_estimated,2,2,1,2,1
ANALYTIC_121,KEEP_TWO_WRONG,ROBUST,True,1.1657865364295583,0.43594519904216295,0.01239243778268571,0,2,6,8,6,0,"[0, 1, 2, 3, 5, 7]",2.0368497911640695,new_pose_estimated,152,152,3,143,3
ANALYTIC_121,DROP_KEEP_ONE_EACH,STANDARD,True,2.3780707248576944,2.444014295533821,0.02989728339846369,1,1,6,7,5,0,"[0, 1, 2, 5, 6]",1.4301757015922347,new_pose_estimated,2,2,1,2,1
ANALYTIC_121,DROP_KEEP_ONE_EACH,ROBUST,True,1.5236293754551449,0.25495490976579804,0.015424417113779284,1,1,6,7,6,0,"[0, 1, 2, 5, 6, 7]",1.5708987689936649,new_pose_estimated,164,82,3,143,3
ANALYTIC_121,DROP_KEEP_TWO_EACH,STANDARD,True,10.399745991762638,2.628195185453023,0.10797037247460656,2,2,4,6,3,0,"[0, 1, 2]",1.5490293210949169,new_pose_estimated,2,2,1,2,1
ANALYTIC_121,DROP_KEEP_TWO_EACH,ROBUST,True,20.55322723597633,9.28334675888088,0.22511843339719356,2,2,4,6,3,1,"[0, 1, 2, 6]",2.946012832909976,new_pose_estimated,162,36,3,143,3
ANALYTIC_121,TWO_COHERENT_WRONG,STANDARD,True,8.361827316569869,3.359370842004826,0.09019957166131387,0,2,6,8,4,0,"[0, 1, 2, 3]",1.5856066603799084,new_pose_estimated,2,2,1,2,1
ANALYTIC_121,TWO_COHERENT_WRONG,ROBUST,True,1.1657865364295583,0.43594519904216295,0.01239243778268571,0,2,6,8,6,0,"[0, 1, 2, 3, 5, 7]",2.0368497911640695,new_pose_estimated,164,164,3,143,3
ANALYTIC_121,FOUR_VALID,STANDARD,True,0.2232421574757427,0.483736023426984,0.006995553700914681,4,0,4,4,4,0,"[0, 1, 2, 4]",2.5616455384603967,new_pose_estimated,2,2,1,2,1
ANALYTIC_121,FOUR_VALID,ROBUST,True,0.2232421574757427,0.483736023426984,0.006995553700914681,4,0,4,4,4,0,"[0, 1, 2, 4]",2.5616455384603967,new_pose_estimated,164,2,2,2,2
ANALYTIC_121,FIVE_VALID,STANDARD,True,0.20000858540793529,0.046278844855219194,0.0020142359531567806,3,0,5,5,5,0,"[0, 1, 2, 4, 5]",1.7109788991584183,new_pose_estimated,2,2,1,2,1
ANALYTIC_121,FIVE_VALID,ROBUST,True,0.20000858540793529,0.046278844855219194,0.0020142359531567806,3,0,5,5,5,0,"[0, 1, 2, 4, 5]",1.7109788991584183,new_pose_estimated,164,12,3,3,3
ANALYTIC_121,NEAR_COLLINEAR,STANDARD,True,126.37544102638067,178.61567989011368,1.8079862544589167,0,8,0,8,0,0,[],1.8505297579266882,new_pose_estimated,4,4,1,2,1
ANALYTIC_121,NEAR_COLLINEAR,ROBUST,True,234.83957513408563,91.79376601199613,2.522679483008691,0,8,0,8,0,4,"[0, 1, 2, 3]",28.170457142977604,new_pose_estimated,161,161,3,143,3
ANALYTIC_122,VALID_ONLY,STANDARD,True,2.1474542003890376,0.34334668770776955,0.021663790668642376,0,0,8,8,8,0,"[0, 1, 2, 3, 4, 5, 6, 7]",1.510250974822377,new_pose_estimated,2,2,1,2,1
ANALYTIC_122,VALID_ONLY,ROBUST,True,2.1474542003890376,0.34334668770776955,0.021663790668642376,0,0,8,8,8,0,"[0, 1, 2, 3, 4, 5, 6, 7]",1.510250974822377,new_pose_estimated,164,164,3,143,3
ANALYTIC_122,DROP_ONE_CORRECT,STANDARD,True,2.0464648375165333,0.3096333950107166,0.020628580656388368,1,0,7,7,7,0,"[0, 1, 2, 3, 4, 6, 7]",1.683389778852232,new_pose_estimated,2,2,1,2,1
ANALYTIC_122,DROP_ONE_CORRECT,ROBUST,True,2.0464648375165333,0.3096333950107166,0.020628580656388368,1,0,7,7,7,0,"[0, 1, 2, 3, 4, 6, 7]",1.683389778852232,new_pose_estimated,164,82,3,3,3
ANALYTIC_122,DROP_TWO_CORRECT,STANDARD,True,2.1417064407537243,0.2623752653119588,0.021523056229149577,2,0,6,6,6,0,"[0, 1, 2, 3, 6, 7]",1.8344110734348722,new_pose_estimated,2,2,1,2,1
ANALYTIC_122,DROP_TWO_CORRECT,ROBUST,True,2.1417064407537243,0.2623752653119588,0.021523056229149577,2,0,6,6,6,0,"[0, 1, 2, 3, 6, 7]",1.8344110734348722,new_pose_estimated,164,36,3,3,3
ANALYTIC_122,KEEP_ONE_WRONG,STANDARD,True,5.4287831364884385,3.025385750236764,0.06254543401968145,0,1,7,8,6,0,"[0, 3, 4, 5, 6, 7]",1.571815060222484,new_pose_estimated,2,2,1,2,1
ANALYTIC_122,KEEP_ONE_WRONG,ROBUST,True,2.7841124454018176,0.4843969863372102,0.028158456131136336,0,1,7,8,7,0,"[0, 1, 3, 4, 5, 6, 7]",1.7095311047355206,new_pose_estimated,164,164,3,143,3
ANALYTIC_122,KEEP_TWO_WRONG,STANDARD,True,12.459262879922415,1.4405091759857567,0.12517907153762056,0,2,6,8,6,0,"[0, 3, 4, 5, 6, 7]",1.5079353751676439,new_pose_estimated,2,2,1,2,1
ANALYTIC_122,KEEP_TWO_WRONG,ROBUST,True,20.965488031759087,4.160892611953127,0.21417470739511613,0,2,6,8,6,1,"[0, 1, 3, 4, 5, 6, 7]",1.6583953151912536,new_pose_estimated,163,163,3,143,3
ANALYTIC_122,DROP_KEEP_ONE_EACH,STANDARD,True,11.220274800452263,2.7154120311756413,0.11585240378563136,1,1,6,7,5,0,"[0, 3, 4, 6, 7]",1.7078947689660764,new_pose_estimated,2,2,1,2,1
ANALYTIC_122,DROP_KEEP_ONE_EACH,ROBUST,True,2.7710871021861037,0.4802435950414095,0.02805682604869303,1,1,6,7,6,0,"[0, 1, 3, 4, 6, 7]",1.8217191891612428,new_pose_estimated,164,82,3,143,3
ANALYTIC_122,DROP_KEEP_TWO_EACH,STANDARD,True,3.8732727571204375,0.9346170869615481,0.039604080313066344,2,2,4,6,4,0,"[0, 3, 6, 7]",1.8365922663270433,new_pose_estimated,2,2,1,2,1
ANALYTIC_122,DROP_KEEP_TWO_EACH,ROBUST,True,4.071685669761336,6.29552284837834,0.07139637924798525,2,2,4,6,4,1,"[0, 1, 3, 6, 7]",1.905481402041569,new_pose_estimated,152,32,3,143,3
ANALYTIC_122,TWO_COHERENT_WRONG,STANDARD,True,81.30299112323446,88.01004615869363,1.3301883861271402,0,2,6,8,6,2,"[0, 1, 2, 3, 4, 5, 6, 7]",1.5359446807986523,new_pose_estimated,2,2,1,2,1
ANALYTIC_122,TWO_COHERENT_WRONG,ROBUST,True,81.30299112323446,88.01004615869363,1.3301883861271402,0,2,6,8,6,2,"[0, 1, 2, 3, 4, 5, 6, 7]",1.5359446807986523,new_pose_estimated,164,164,3,143,3
ANALYTIC_122,FOUR_VALID,STANDARD,True,2.313564369475358,1.2588909092422733,0.025397304902259374,4,0,4,4,4,0,"[0, 1, 2, 4]",2.9635540227517425,new_pose_estimated,2,2,1,2,1
ANALYTIC_122,FOUR_VALID,ROBUST,True,2.313564369475358,1.2588909092422733,0.025397304902259374,4,0,4,4,4,0,"[0, 1, 2, 4]",2.9635540227517425,new_pose_estimated,164,2,2,2,2
ANALYTIC_122,FIVE_VALID,STANDARD,True,1.9992880338778571,0.8529831868319495,0.021303192431390804,3,0,5,5,5,0,"[0, 1, 2, 4, 5]",1.8524011096113664,new_pose_estimated,2,2,1,2,1
ANALYTIC_122,FIVE_VALID,ROBUST,True,1.9992880338778571,0.8529831868319495,0.021303192431390804,3,0,5,5,5,0,"[0, 1, 2, 4, 5]",1.8524011096113664,new_pose_estimated,164,12,3,3,3
ANALYTIC_122,NEAR_COLLINEAR,STANDARD,True,46.07203162671693,168.73071005473787,1.3897288976831514,0,8,0,8,0,0,[],1.8505297579266882,new_pose_estimated,4,4,1,2,1
ANALYTIC_122,NEAR_COLLINEAR,ROBUST,True,314.7574751851587,81.86603372298535,3.264980939021432,0,8,0,8,0,4,"[0, 1, 2, 3]",28.170457142977604,new_pose_estimated,161,161,3,143,3
ANALYTIC_123,VALID_ONLY,STANDARD,True,2.5532389297174594,0.5388745196119498,0.025959375545801352,0,0,8,8,8,0,"[0, 1, 2, 3, 4, 5, 6, 7]",1.598339324876074,new_pose_estimated,2,2,1,2,1
ANALYTIC_123,VALID_ONLY,ROBUST,True,2.5532389297174594,0.5388745196119498,0.025959375545801352,0,0,8,8,8,0,"[0, 1, 2, 3, 4, 5, 6, 7]",1.598339324876074,new_pose_estimated,164,164,3,143,3
ANALYTIC_123,DROP_ONE_CORRECT,STANDARD,True,3.3526829376823026,0.5442391885046601,0.03386612557278323,1,0,7,7,7,0,"[1, 2, 3, 4, 5, 6, 7]",1.6945715756178623,new_pose_estimated,2,2,1,2,1
ANALYTIC_123,DROP_ONE_CORRECT,ROBUST,True,3.3526829376823026,0.5442391885046601,0.03386612557278323,1,0,7,7,7,0,"[1, 2, 3, 4, 5, 6, 7]",1.6945715756178623,new_pose_estimated,164,82,3,3,3
ANALYTIC_123,DROP_TWO_CORRECT,STANDARD,True,3.2343563937884454,0.6048924789458143,0.032823849967095316,2,0,6,6,6,0,"[1, 2, 3, 4, 5, 6]",1.9151017306984908,new_pose_estimated,2,2,1,2,1
ANALYTIC_123,DROP_TWO_CORRECT,ROBUST,True,3.2343563937884454,0.6048924789458143,0.032823849967095316,2,0,6,6,6,0,"[1, 2, 3, 4, 5, 6]",1.9151017306984908,new_pose_estimated,164,34,3,3,3
ANALYTIC_123,KEEP_ONE_WRONG,STANDARD,True,24.70207548141276,84.82339696076117,1.164805348631849,0,1,7,8,6,0,"[0, 1, 2, 3, 5, 6]",1.5769538800774887,new_pose_estimated,2,2,1,2,1
ANALYTIC_123,KEEP_ONE_WRONG,ROBUST,True,2.5492313156704256,0.5141664504771375,0.02587845588497458,0,1,7,8,7,0,"[0, 1, 2, 3, 5, 6, 7]",1.742259172961687,new_pose_estimated,164,164,3,143,3
ANALYTIC_123,KEEP_TWO_WRONG,STANDARD,True,12.851326108175027,82.14871934034599,1.1226029406937612,0,2,6,8,4,0,"[0, 1, 2, 3]",1.610302365436249,new_pose_estimated,2,2,1,2,1
ANALYTIC_123,KEEP_TWO_WRONG,ROBUST,True,1.979352936919364,0.5255197932002923,0.020307000439265883,0,2,6,8,6,0,"[0, 1, 2, 3, 5, 7]",2.094369501317698,new_pose_estimated,160,160,3,143,3
ANALYTIC_123,DROP_KEEP_ONE_EACH,STANDARD,True,22.776370223564836,85.44973522726099,1.168554062171325,1,1,6,7,5,0,"[1, 2, 3, 5, 6]",1.5890084861630454,new_pose_estimated,2,2,1,2,1
ANALYTIC_123,DROP_KEEP_ONE_EACH,ROBUST,True,3.335105488947422,0.5320055390213976,0.033674012624218964,1,1,6,7,6,0,"[1, 2, 3, 5, 6, 7]",1.8809359717213752,new_pose_estimated,164,82,3,143,3
ANALYTIC_123,DROP_KEEP_TWO_EACH,STANDARD,True,18.429419657989488,5.260139877410212,0.19238734393514123,2,2,4,6,2,0,"[1, 2]",1.896159659830504,new_pose_estimated,2,2,1,2,1
ANALYTIC_123,DROP_KEEP_TWO_EACH,ROBUST,True,18.924722251146182,8.508548301361348,0.2103222243186937,2,2,4,6,3,1,"[1, 2, 4, 5]",3.424435880412031,new_pose_estimated,152,34,3,143,3
ANALYTIC_123,TWO_COHERENT_WRONG,STANDARD,True,13.835866251287818,3.9179358463511464,0.14415015477770154,0,2,6,8,4,0,"[0, 1, 2, 3]",1.5731751144754553,new_pose_estimated,2,2,1,2,1
ANALYTIC_123,TWO_COHERENT_WRONG,ROBUST,True,1.979352936919364,0.5255197932002923,0.020307000439265883,0,2,6,8,6,0,"[0, 1, 2, 3, 5, 7]",2.094369501317698,new_pose_estimated,164,164,3,143,3
ANALYTIC_123,FOUR_VALID,STANDARD,True,0.5029597708458022,0.7358043014346978,0.009572130966902242,4,0,4,4,4,0,"[0, 1, 2, 4]",3.8520860613182664,new_pose_estimated,2,2,1,2,1
ANALYTIC_123,FOUR_VALID,ROBUST,True,0.5029597708458022,0.7358043014346978,0.009572130966902242,4,0,4,4,4,0,"[0, 1, 2, 4]",3.8520860613182664,new_pose_estimated,164,2,2,2,2
ANALYTIC_123,FIVE_VALID,STANDARD,True,1.915077603447008,0.6796622975773324,0.020085796130670082,3,0,5,5,5,0,"[0, 1, 2, 4, 5]",2.1517077047523263,new_pose_estimated,2,2,1,2,1
ANALYTIC_123,FIVE_VALID,ROBUST,True,1.915077603447008,0.6796622975773324,0.020085796130670082,3,0,5,5,5,0,"[0, 1, 2, 4, 5]",2.1517077047523263,new_pose_estimated,164,12,3,3,3
ANALYTIC_123,NEAR_COLLINEAR,STANDARD,True,57.91647934330392,171.43136898060186,1.3911291562301946,0,8,0,8,0,0,[],1.8505297579266882,new_pose_estimated,4,4,1,2,1
ANALYTIC_123,NEAR_COLLINEAR,ROBUST,True,299.9718086442839,90.75684547605618,3.1340261917184913,0,8,0,8,0,4,"[0, 1, 2, 3]",28.170457142977604,new_pose_estimated,161,161,3,143,3
ANALYTIC_124,VALID_ONLY,STANDARD,True,1.7778274470672464,0.4952966944131296,0.018426553088281984,0,0,8,8,8,0,"[0, 1, 2, 3, 4, 5, 6, 7]",1.5954951239850894,new_pose_estimated,2,2,1,2,1
ANALYTIC_124,VALID_ONLY,ROBUST,True,1.7778274470672464,0.4952966944131296,0.018426553088281984,0,0,8,8,8,0,"[0, 1, 2, 3, 4, 5, 6, 7]",1.5954951239850894,new_pose_estimated,164,164,3,143,3
ANALYTIC_124,DROP_ONE_CORRECT,STANDARD,True,1.6609596128299022,0.5264812055050054,0.01738230752393942,1,0,7,7,7,0,"[0, 1, 2, 3, 4, 5, 7]",1.8491069770548756,new_pose_estimated,2,2,1,2,1
ANALYTIC_124,DROP_ONE_CORRECT,ROBUST,True,1.6609596128299022,0.5264812055050054,0.01738230752393942,1,0,7,7,7,0,"[0, 1, 2, 3, 4, 5, 7]",1.8491069770548756,new_pose_estimated,164,82,3,3,3
ANALYTIC_124,DROP_TWO_CORRECT,STANDARD,True,1.764430195538913,0.3677189983601301,0.018078418011207464,2,0,6,6,6,0,"[0, 1, 2, 3, 5, 7]",2.0102137344812783,new_pose_estimated,2,2,1,2,1
ANALYTIC_124,DROP_TWO_CORRECT,ROBUST,True,1.764430195538913,0.3677189983601301,0.018078418011207464,2,0,6,6,6,0,"[0, 1, 2, 3, 5, 7]",2.0102137344812783,new_pose_estimated,164,34,3,3,3
ANALYTIC_124,KEEP_ONE_WRONG,STANDARD,True,34.99690794438751,85.24904629315472,1.1812427188501426,0,1,7,8,6,0,"[0, 1, 2, 3, 4, 7]",1.574767951951313,new_pose_estimated,2,2,1,2,1
ANALYTIC_124,KEEP_ONE_WRONG,ROBUST,True,2.341465524420326,0.6171300181633924,0.024124304640131978,0,1,7,8,7,0,"[0, 1, 2, 3, 4, 6, 7]",1.8521827398288153,new_pose_estimated,162,162,3,143,3
ANALYTIC_124,KEEP_TWO_WRONG,STANDARD,True,17.218738403300563,0.5040680534637113,0.17227462138846678,0,2,6,8,4,0,"[0, 3, 4, 7]",1.6144178097399229,new_pose_estimated,2,2,1,2,1
ANALYTIC_124,KEEP_TWO_WRONG,ROBUST,True,2.6754088305398867,0.6734612516065668,0.02751375083355993,0,2,6,8,6,0,"[0, 2, 3, 4, 6, 7]",1.7083613763615928,new_pose_estimated,164,164,3,143,3
ANALYTIC_124,DROP_KEEP_ONE_EACH,STANDARD,True,9.426879233239642,4.354755963419133,0.09983446974178822,1,1,6,7,6,0,"[0, 1, 2, 3, 4, 7]",1.888727343978352,new_pose_estimated,2,2,1,2,1
ANALYTIC_124,DROP_KEEP_ONE_EACH,ROBUST,True,2.825657797697298,0.9023719853196525,0.029351633420465623,1,1,6,7,6,0,"[0, 1, 2, 3, 4, 7]",2.758813462225425,new_pose_estimated,156,82,3,143,3
ANALYTIC_124,DROP_KEEP_TWO_EACH,STANDARD,True,38.20170009666774,82.2451536615858,1.1534242025640247,2,2,4,6,3,1,"[0, 3, 5, 7]",2.186135792739615,new_pose_estimated,2,2,1,2,1
ANALYTIC_124,DROP_KEEP_TWO_EACH,ROBUST,True,28.00514063685466,83.78757314085956,1.1537852371753887,2,2,4,6,4,1,"[0, 2, 3, 5, 7]",1.9301217618334534,new_pose_estimated,154,32,3,143,3
ANALYTIC_124,TWO_COHERENT_WRONG,STANDARD,True,18.54509021650089,1.1262254067795785,0.18571827571611185,0,2,6,8,4,0,"[0, 3, 4, 7]",1.605044681381213,new_pose_estimated,2,2,1,2,1
ANALYTIC_124,TWO_COHERENT_WRONG,ROBUST,True,2.6754088305398867,0.6734612516065668,0.02751375083355993,0,2,6,8,6,0,"[0, 2, 3, 4, 6, 7]",1.7083613763615928,new_pose_estimated,164,164,3,143,3
ANALYTIC_124,FOUR_VALID,STANDARD,True,3.844066052130474,1.1999590278904337,0.04008373547148327,4,0,4,4,4,0,"[0, 1, 2, 4]",3.463312090989313,new_pose_estimated,2,2,1,2,1
ANALYTIC_124,FOUR_VALID,ROBUST,True,3.844066052130474,1.1999590278904337,0.04008373547148327,4,0,4,4,4,0,"[0, 1, 2, 4]",3.463312090989313,new_pose_estimated,164,2,2,2,2
ANALYTIC_124,FIVE_VALID,STANDARD,True,1.693363605396363,0.7174290998428821,0.018372825519976103,3,0,5,5,5,0,"[0, 1, 2, 4, 5]",2.067770340876427,new_pose_estimated,2,2,1,2,1
ANALYTIC_124,FIVE_VALID,ROBUST,True,1.693363605396363,0.7174290998428821,0.018372825519976103,3,0,5,5,5,0,"[0, 1, 2, 4, 5]",2.067770340876427,new_pose_estimated,164,12,3,3,3
ANALYTIC_124,NEAR_COLLINEAR,STANDARD,True,80.9380119838228,173.88572559807182,1.5085352664780702,0,8,0,8,0,0,[],1.8505297579266882,new_pose_estimated,4,4,1,2,1
ANALYTIC_124,NEAR_COLLINEAR,ROBUST,True,286.29515065275564,102.82678807753275,3.023013614851407,0,8,0,8,0,4,"[0, 1, 2, 3]",28.170457142977604,new_pose_estimated,161,161,3,143,3
ANALYTIC_125,VALID_ONLY,STANDARD,True,0.4826028424631295,0.21943088839581237,0.005294330437235815,0,0,8,8,8,0,"[0, 1, 2, 3, 4, 5, 6, 7]",1.7480346009013248,new_pose_estimated,2,2,1,2,1
ANALYTIC_125,VALID_ONLY,ROBUST,True,0.4826028424631295,0.21943088839581237,0.005294330437235815,0,0,8,8,8,0,"[0, 1, 2, 3, 4, 5, 6, 7]",1.7480346009013248,new_pose_estimated,164,164,3,143,3
ANALYTIC_125,DROP_ONE_CORRECT,STANDARD,True,1.8386939274632645,0.5285946419342183,0.018946563724081784,1,0,7,7,7,0,"[0, 1, 2, 4, 5, 6, 7]",2.0550647025177047,new_pose_estimated,2,2,1,2,1
ANALYTIC_125,DROP_ONE_CORRECT,ROBUST,True,1.8386939274632645,0.5285946419342183,0.018946563724081784,1,0,7,7,7,0,"[0, 1, 2, 4, 5, 6, 7]",2.0550647025177047,new_pose_estimated,164,82,3,3,3
ANALYTIC_125,DROP_TWO_CORRECT,STANDARD,True,1.5947657105351394,0.45922350155912856,0.016497426504972632,2,0,6,6,6,0,"[0, 1, 2, 4, 5, 6]",2.1054952024399647,new_pose_estimated,2,2,1,2,1
ANALYTIC_125,DROP_TWO_CORRECT,ROBUST,True,1.5947657105351394,0.45922350155912856,0.016497426504972632,2,0,6,6,6,0,"[0, 1, 2, 4, 5, 6]",2.1054952024399647,new_pose_estimated,164,36,3,3,3
ANALYTIC_125,KEEP_ONE_WRONG,STANDARD,True,4.433706239773652,2.7985318898961915,0.05254475183292068,0,1,7,8,7,0,"[0, 1, 2, 3, 5, 6, 7]",1.7719562494838734,new_pose_estimated,2,2,1,2,1
ANALYTIC_125,KEEP_ONE_WRONG,ROBUST,True,0.30128558555455687,0.5307789370945963,0.00603156432644806,0,1,7,8,7,0,"[0, 1, 2, 3, 5, 6, 7]",1.9114373178459068,new_pose_estimated,160,160,3,143,3
ANALYTIC_125,KEEP_TWO_WRONG,STANDARD,True,5.781754419544642,0.537471634357775,0.058011950846342156,0,2,6,8,5,0,"[0, 3, 5, 6, 7]",1.742455521180471,new_pose_estimated,2,2,1,2,1
ANALYTIC_125,KEEP_TWO_WRONG,ROBUST,True,1.4494564266413428,0.7686707299215495,0.016028793287522523,0,2,6,8,6,0,"[0, 2, 3, 5, 6, 7]",1.8459983975406864,new_pose_estimated,156,156,3,143,3
ANALYTIC_125,DROP_KEEP_ONE_EACH,STANDARD,True,8.316214672821827,2.93724634576865,0.08822277703717318,1,1,6,7,6,0,"[0, 1, 2, 5, 6, 7]",1.9922857100251106,new_pose_estimated,2,2,1,2,1
ANALYTIC_125,DROP_KEEP_ONE_EACH,ROBUST,True,1.1894764650697198,0.6965837505885106,0.013567916844723095,1,1,6,7,6,0,"[0, 1, 2, 5, 6, 7]",2.131422193122789,new_pose_estimated,164,82,3,143,3
ANALYTIC_125,DROP_KEEP_TWO_EACH,STANDARD,True,6.010778438610659,2.5767266627747714,0.06453854497054787,2,2,4,6,2,0,"[2, 6]",2.094840497245817,new_pose_estimated,2,2,1,2,1
ANALYTIC_125,DROP_KEEP_TWO_EACH,ROBUST,True,13.888256325755913,10.405375383973642,0.1703046853427012,2,2,4,6,3,1,"[0, 1, 5, 6]",2.4188765610163387,new_pose_estimated,146,32,3,143,3
ANALYTIC_125,TWO_COHERENT_WRONG,STANDARD,True,53.32876539943728,87.82180785129846,1.2518648388512188,0,2,6,8,4,0,"[0, 3, 5, 6]",1.6417392974658658,new_pose_estimated,2,2,1,2,1
ANALYTIC_125,TWO_COHERENT_WRONG,ROBUST,True,1.4494564266413428,0.7686707299215495,0.016028793287522523,0,2,6,8,6,0,"[0, 2, 3, 5, 6, 7]",1.8459983975406864,new_pose_estimated,160,160,3,143,3
ANALYTIC_125,FOUR_VALID,STANDARD,True,1.409150752491183,0.8355343355258383,0.01669861897462179,4,0,4,4,4,0,"[0, 1, 2, 4]",3.67763975715589,new_pose_estimated,2,2,1,2,1
ANALYTIC_125,FOUR_VALID,ROBUST,True,1.409150752491183,0.8355343355258383,0.01669861897462179,4,0,4,4,4,0,"[0, 1, 2, 4]",3.67763975715589,new_pose_estimated,164,2,2,2,2
ANALYTIC_125,FIVE_VALID,STANDARD,True,1.8423685527065674,0.3320719192126918,0.01871060237651087,3,0,5,5,5,0,"[0, 1, 2, 4, 5]",2.184214740368552,new_pose_estimated,2,2,1,2,1
ANALYTIC_125,FIVE_VALID,ROBUST,True,1.8423685527065674,0.3320719192126918,0.01871060237651087,3,0,5,5,5,0,"[0, 1, 2, 4, 5]",2.184214740368552,new_pose_estimated,164,12,3,3,3
ANALYTIC_125,NEAR_COLLINEAR,STANDARD,True,74.77184952900157,179.66799963617115,1.4983086702060049,0,8,0,8,0,0,[],1.8505297579266882,new_pose_estimated,4,4,1,2,1
ANALYTIC_125,NEAR_COLLINEAR,ROBUST,True,289.4796290959101,98.57072836772129,3.044072652081161,0,8,0,8,0,4,"[0, 1, 2, 3]",28.170457142977604,new_pose_estimated,161,161,3,143,3
ANALYTIC_126,VALID_ONLY,STANDARD,True,0.4575908537829355,0.27655182260691963,0.0053659449492127285,0,0,8,8,8,0,"[0, 1, 2, 3, 4, 5, 6, 7]",1.5691572664656503,new_pose_estimated,2,2,1,2,1
ANALYTIC_126,VALID_ONLY,ROBUST,True,0.4575908537829355,0.27655182260691963,0.0053659449492127285,0,0,8,8,8,0,"[0, 1, 2, 3, 4, 5, 6, 7]",1.5691572664656503,new_pose_estimated,164,164,3,143,3
ANALYTIC_126,DROP_ONE_CORRECT,STANDARD,True,0.16872631177280534,0.24536493431600406,0.003228313199722968,1,0,7,7,7,0,"[0, 1, 2, 3, 5, 6, 7]",1.8037472944307378,new_pose_estimated,2,2,1,2,1
ANALYTIC_126,DROP_ONE_CORRECT,ROBUST,True,0.16872631177280534,0.24536493431600406,0.003228313199722968,1,0,7,7,7,0,"[0, 1, 2, 3, 5, 6, 7]",1.8037472944307378,new_pose_estimated,164,82,3,3,3
ANALYTIC_126,DROP_TWO_CORRECT,STANDARD,True,0.3913090571870631,0.24845832067902288,0.00531078956799129,2,0,6,6,6,0,"[0, 1, 2, 3, 6, 7]",2.0050456761614726,new_pose_estimated,2,2,1,2,1
ANALYTIC_126,DROP_TWO_CORRECT,ROBUST,True,0.3913090571870631,0.24845832067902288,0.00531078956799129,2,0,6,6,6,0,"[0, 1, 2, 3, 6, 7]",2.0050456761614726,new_pose_estimated,164,36,3,3,3
ANALYTIC_126,KEEP_ONE_WRONG,STANDARD,True,2.996573545791548,2.6905424336261086,0.038330136996393545,0,1,7,8,6,0,"[1, 2, 4, 5, 6, 7]",1.5174340359624676,new_pose_estimated,2,2,1,2,1
ANALYTIC_126,KEEP_ONE_WRONG,ROBUST,True,0.44154566563467,0.2756194702331749,0.005250952987011722,0,1,7,8,7,0,"[1, 2, 3, 4, 5, 6, 7]",1.4473947924192327,new_pose_estimated,164,164,3,143,3
ANALYTIC_126,KEEP_TWO_WRONG,STANDARD,True,1.1763470015704303,4.510929967563339,0.04574000347547248,0,2,6,8,6,0,"[1, 2, 3, 4, 5, 6]",1.649237033090438,new_pose_estimated,2,2,1,2,1
ANALYTIC_126,KEEP_TWO_WRONG,ROBUST,True,1.0763113477894282,0.13121727650616152,0.010859179505176408,0,2,6,8,6,0,"[1, 2, 3, 4, 5, 6]",1.6116167190937547,new_pose_estimated,144,144,3,143,3
ANALYTIC_126,DROP_KEEP_ONE_EACH,STANDARD,True,2.83343699932057,2.3638834838156524,0.035571969219010374,1,1,6,7,5,0,"[1, 2, 5, 6, 7]",1.877716235789562,new_pose_estimated,2,2,1,2,1
ANALYTIC_126,DROP_KEEP_ONE_EACH,ROBUST,True,0.16895310436360356,0.23564445775170165,0.0032195563563904663,1,1,6,7,6,0,"[1, 2, 3, 5, 6, 7]",1.617701473844543,new_pose_estimated,152,74,3,143,3
ANALYTIC_126,DROP_KEEP_TWO_EACH,STANDARD,True,5.531597686066153,4.376229783100091,0.06429952838647612,2,2,4,6,3,1,"[1, 2, 6, 7]",1.9702486682784368,new_pose_estimated,2,2,1,2,1
ANALYTIC_126,DROP_KEEP_TWO_EACH,ROBUST,True,6.912291673004443,5.836334258524311,0.090352633887005,2,2,4,6,3,2,"[0, 1, 2, 6, 7]",1.566486575281077,new_pose_estimated,152,36,3,143,3
ANALYTIC_126,TWO_COHERENT_WRONG,STANDARD,True,17.23234571539732,2.123467575634017,0.17359647333483402,0,2,6,8,4,0,"[1, 2, 5, 6]",1.5406014356691562,new_pose_estimated,2,2,1,2,1
ANALYTIC_126,TWO_COHERENT_WRONG,ROBUST,True,36.13262926141994,3.9404499583167514,0.36346360590690435,0,2,6,8,4,2,"[0, 1, 2, 5, 6, 7]",1.5312610785629444,new_pose_estimated,162,162,3,143,3
ANALYTIC_126,FOUR_VALID,STANDARD,True,0.6075203069211886,0.41109192051549315,0.008166902962548584,4,0,4,4,4,0,"[0, 1, 2, 4]",2.3912555384041054,new_pose_estimated,2,2,1,2,1
ANALYTIC_126,FOUR_VALID,ROBUST,True,0.6075203069211886,0.41109192051549315,0.008166902962548584,4,0,4,4,4,0,"[0, 1, 2, 4]",2.3912555384041054,new_pose_estimated,164,2,2,2,2
ANALYTIC_126,FIVE_VALID,STANDARD,True,0.5217298050663861,0.37664946835786267,0.006521674473283232,3,0,5,5,5,0,"[0, 1, 2, 4, 5]",1.6145019614094394,new_pose_estimated,2,2,1,2,1
ANALYTIC_126,FIVE_VALID,ROBUST,True,0.5217298050663861,0.37664946835786267,0.006521674473283232,3,0,5,5,5,0,"[0, 1, 2, 4, 5]",1.6145019614094394,new_pose_estimated,164,12,3,3,3
ANALYTIC_126,NEAR_COLLINEAR,STANDARD,True,95.66159342001092,176.78436350489622,1.5938690149627461,0,8,0,8,0,0,[],1.8505297579266882,new_pose_estimated,4,4,1,2,1
ANALYTIC_126,NEAR_COLLINEAR,ROBUST,True,263.46109862369593,97.144248051112,2.79956172172968,0,8,0,8,0,4,"[0, 1, 2, 3]",28.170457142977604,new_pose_estimated,161,161,3,143,3
ANALYTIC_127,VALID_ONLY,STANDARD,True,1.1915893622793816,0.4366453428057681,0.01253246738223129,0,0,8,8,8,0,"[0, 1, 2, 3, 4, 5, 6, 7]",1.5309581926091202,new_pose_estimated,2,2,1,2,1
ANALYTIC_127,VALID_ONLY,ROBUST,True,1.1915893622793816,0.4366453428057681,0.01253246738223129,0,0,8,8,8,0,"[0, 1, 2, 3, 4, 5, 6, 7]",1.5309581926091202,new_pose_estimated,164,164,3,143,3
ANALYTIC_127,DROP_ONE_CORRECT,STANDARD,True,2.135957597292483,0.5741494920485308,0.021890463293328534,1,0,7,7,7,0,"[0, 1, 2, 3, 5, 6, 7]",1.794167122603733,new_pose_estimated,2,2,1,2,1
ANALYTIC_127,DROP_ONE_CORRECT,ROBUST,True,2.135957597292483,0.5741494920485308,0.021890463293328534,1,0,7,7,7,0,"[0, 1, 2, 3, 5, 6, 7]",1.794167122603733,new_pose_estimated,164,83,3,3,3
ANALYTIC_127,DROP_TWO_CORRECT,STANDARD,True,1.6179939326416908,0.6680357165628023,0.017031320355768122,2,0,6,6,6,0,"[1, 2, 3, 5, 6, 7]",1.7620226599293387,new_pose_estimated,2,2,1,2,1
ANALYTIC_127,DROP_TWO_CORRECT,ROBUST,True,1.6179939326416908,0.6680357165628023,0.017031320355768122,2,0,6,6,6,0,"[1, 2, 3, 5, 6, 7]",1.7620226599293387,new_pose_estimated,164,37,3,3,3
ANALYTIC_127,KEEP_ONE_WRONG,STANDARD,True,2.497683750759512,2.510605081243671,0.03363988473482693,0,1,7,8,6,0,"[0, 3, 4, 5, 6, 7]",1.5895143197635861,new_pose_estimated,2,2,1,2,1
ANALYTIC_127,KEEP_ONE_WRONG,ROBUST,True,1.3021844110826617,0.28288403566977827,0.013212581949118018,0,1,7,8,7,0,"[0, 1, 3, 4, 5, 6, 7]",1.7147779992604038,new_pose_estimated,163,163,3,143,3
ANALYTIC_127,KEEP_TWO_WRONG,STANDARD,True,60.140413148239425,92.37166951490194,1.3009036988085625,0,2,6,8,6,0,"[0, 3, 4, 5, 6, 7]",1.5351910003578395,new_pose_estimated,2,2,1,2,1
ANALYTIC_127,KEEP_TWO_WRONG,ROBUST,True,68.88976929039853,91.61141156613407,1.3144572284726657,0,2,6,8,6,1,"[0, 1, 3, 4, 5, 6, 7]",1.5284097169398605,new_pose_estimated,163,163,3,143,3
ANALYTIC_127,DROP_KEEP_ONE_EACH,STANDARD,True,54.52946281395191,93.17785711118262,1.2969545825321607,1,1,6,7,5,0,"[0, 3, 5, 6, 7]",1.8475082891157675,new_pose_estimated,2,2,1,2,1
ANALYTIC_127,DROP_KEEP_ONE_EACH,ROBUST,True,2.4921895114473043,0.41496566280194486,0.025137965565691388,1,1,6,7,6,0,"[0, 1, 3, 5, 6, 7]",1.8608517138099914,new_pose_estimated,163,82,3,143,3
ANALYTIC_127,DROP_KEEP_TWO_EACH,STANDARD,True,25.139943096318895,3.8194364490635184,0.2536057908084449,2,2,4,6,4,0,"[3, 5, 6, 7]",1.7437209207318403,new_pose_estimated,2,2,1,2,1
ANALYTIC_127,DROP_KEEP_TWO_EACH,ROBUST,True,34.9128071591648,5.750182810312051,0.35373208968489256,2,2,4,6,4,1,"[1, 3, 5, 6, 7]",1.706550898304145,new_pose_estimated,151,32,3,143,3
ANALYTIC_127,TWO_COHERENT_WRONG,STANDARD,True,81.3980777823729,90.80300753748959,1.3457053866209168,0,2,6,8,6,2,"[0, 1, 2, 3, 4, 5, 6, 7]",1.551877065429735,new_pose_estimated,2,2,1,2,1
ANALYTIC_127,TWO_COHERENT_WRONG,ROBUST,True,81.3980777823729,90.80300753748959,1.3457053866209168,0,2,6,8,6,2,"[0, 1, 2, 3, 4, 5, 6, 7]",1.551877065429735,new_pose_estimated,163,163,3,143,3
ANALYTIC_127,FOUR_VALID,STANDARD,True,1.6404001746779318,0.7605501904341293,0.018218685774917896,4,0,4,4,4,0,"[0, 1, 2, 4]",2.735216709376291,new_pose_estimated,2,2,1,2,1
ANALYTIC_127,FOUR_VALID,ROBUST,True,1.6404001746779318,0.7605501904341293,0.018218685774917896,4,0,4,4,4,0,"[0, 1, 2, 4]",2.735216709376291,new_pose_estimated,164,2,2,2,2
ANALYTIC_127,FIVE_VALID,STANDARD,True,1.2731775537742058,0.5580737122574263,0.01386759408179639,3,0,5,5,5,0,"[0, 1, 2, 4, 5]",1.752678741071163,new_pose_estimated,2,2,1,2,1
ANALYTIC_127,FIVE_VALID,ROBUST,True,1.2731775537742058,0.5580737122574263,0.01386759408179639,3,0,5,5,5,0,"[0, 1, 2, 4, 5]",1.752678741071163,new_pose_estimated,164,12,3,3,3
ANALYTIC_127,NEAR_COLLINEAR,STANDARD,True,37.42538646001868,173.22765979664183,1.3585829125987,0,8,0,8,0,0,[],1.8505297579266882,new_pose_estimated,4,4,1,2,1
ANALYTIC_127,NEAR_COLLINEAR,ROBUST,True,322.6559070007938,99.3268894624621,3.37772078733635,0,8,0,8,0,4,"[0, 1, 2, 3]",28.170457142977604,new_pose_estimated,161,161,3,143,3
