frame,domain,label,model,max_conf,n_candidates
1778651519235162880,DAY,1,A42,0.6713055968284607,6
1778651530691638016,DAY,1,A42,0.6895439028739929,4
1778651579029250816,DAY,1,A42,0.3523893654346466,12
1778651650570397184,DAY,1,A42,0.12796804308891296,6
1778651650839160832,DAY,1,A42,0.28042465448379517,10
1778653367706938112,DAY,1,A42,0.10126776248216629,4
1778653508779767808,DAY,1,A42,0.3595426678657532,10
1778653526955536896,DAY,1,A42,0.12079346179962158,15
1778653540259983104,DAY,1,A42,0.1613345593214035,2
1778653545299653120,DAY,1,A42,0.8243212699890137,2
1775201414728017664,DAY,1,A42,0.8801124691963196,1
1775201415399297536,DAY,1,A42,0.8637195229530334,1
1775201416944730624,DAY,1,A42,0.9177601933479309,1
1775201418120676608,DAY,1,A42,0.8162776827812195,3
1775201421043401984,DAY,1,A42,0.5263993740081787,8
1775201428535961600,DAY,1,A42,0.8764278292655945,1
1775201429879521792,DAY,1,A42,0.891357958316803,1
1775201430551447040,DAY,1,A42,0.8999040722846985,1
1775201430786751744,DAY,1,A42,0.9153515100479126,2
1775201436800711168,DAY,1,A42,0.9234450459480286,1
1775201442546213120,DAY,1,A42,0.9191933274269104,2
1775201443822140928,DAY,1,A42,0.9268725514411926,2
1778653003088339968,DAY,1,A42,0.9493101835250854,1
1778653006783606016,DAY,1,A42,0.9543483853340149,2
1778653007724386048,DAY,1,A42,0.9458609223365784,1
1778653017736058368,DAY,1,A42,0.938856303691864,2
1778653018878592768,DAY,1,A42,0.9330803751945496,3
1778653029965134592,DAY,1,A42,0.9484971165657043,1
1778653030032337920,DAY,1,A42,0.9468793869018555,3
1778653030099587072,DAY,1,A42,0.9454628825187683,1
1778653030166875904,DAY,1,A42,0.9432679414749146,1
1778653030233998336,DAY,1,A42,0.9505865573883057,1
1778653030939714816,DAY,1,A42,0.9450824856758118,3
1778653031275751936,DAY,1,A42,0.9604415893554688,2
1778653033056483584,DAY,1,A42,0.9552433490753174,1
1778653041187027200,DAY,1,A42,0.9449799656867981,1
1778653055734035712,DAY,1,A42,0.9710181355476379,1
1778653055801377280,DAY,1,A42,0.9637194275856018,1
1778653055868669952,DAY,1,A42,0.9603028297424316,1
1778653056137140480,DAY,1,A42,0.9704257845878601,1
1778652124170068224,DAY,1,A42,0.9153695106506348,4
1778652125245035520,DAY,1,A42,0.8445723056793213,3
1778652126319943168,DAY,1,A42,0.9060102701187134,4
1778652127361815808,DAY,1,A42,0.9196365475654602,1
1778652128369383168,DAY,1,A42,0.9019536972045898,1
1778652130452698368,DAY,1,A42,0.8834922909736633,2
1778652132535256576,DAY,1,A42,0.9093489646911621,1
1778652134517495552,DAY,1,A42,0.9193451404571533,1
1778652136533958400,DAY,1,A42,0.7954946756362915,1
1778652138515809024,DAY,1,A42,0.8819593191146851,3
1778652140531310080,DAY,1,A42,0.8519076108932495,3
1778652142480077056,DAY,1,A42,0.7952952980995178,4
1778652144496057088,DAY,1,A42,0.14105848968029022,5
1778652146612550912,DAY,1,A42,0.36174657940864563,6
1778652148628229376,DAY,1,A42,0.5472376942634583,5
1778652150610404864,DAY,1,A42,0.7778007984161377,9
1778652152626116352,DAY,1,A42,0.780022144317627,1
1778652154608392192,DAY,1,A42,0.21509882807731628,3
1778652156557165568,DAY,1,A42,0.8684658408164978,3
1778652158404883456,DAY,1,A42,0.8737850189208984,1
1778652166837872128,DAY,1,A42,0.8924010992050171,3
1778652168786111744,DAY,1,A42,0.714536190032959,3
1778652170735118080,DAY,1,A42,0.6754196882247925,3
1778652172717607680,DAY,1,A42,0.6604395508766174,3
1778652174598774528,DAY,1,A42,0.051041170954704285,6
1778652176547299328,DAY,1,A42,0.7910041809082031,3
1778652178428551168,DAY,1,A42,0.865431547164917,4
1778653630038417664,DAY,1,A42,0.6667775511741638,5
1778653632188551424,DAY,1,A42,0.7948920130729675,6
1778653634641026304,DAY,1,A42,0.3047223687171936,8
1778653643678509824,DAY,1,A42,0.006332704331725836,5
1778653659065885952,DAY,1,A42,0.04439690709114075,8
1778653661653195264,DAY,1,A42,0.45205211639404297,10
1778653664407620608,DAY,1,A42,0.6010587811470032,4
1778653674184865536,DAY,1,A42,0.8329520225524902,3
1778653693804927232,DAY,1,A42,0.06677861511707306,4
1778653699314620416,DAY,1,A42,0.0022018670570105314,6
1778653704118966272,DAY,1,A42,0.0534370131790638,3
1778653706706429696,DAY,1,A42,0.029294680804014206,4
1778653709259341568,DAY,1,A42,0.027120057493448257,12
1778653711544007680,DAY,1,A42,0.04795479029417038,6
1778653713962971904,DAY,1,A42,0.11903940886259079,5
1778653721118964736,DAY,1,A42,0.19047008454799652,8
1778653723571790336,DAY,1,A42,0.22528284788131714,3
1778653730458996736,DAY,1,A42,0.2995716333389282,5
1778653738858078976,DAY,1,A42,0.5548676252365112,16
1778653796073599488,DAY,1,A42,0.0023170674685388803,5
1778653798391620864,DAY,1,A42,0.030486518517136574,7
1778653804674198784,DAY,1,A42,0.05339619517326355,13
1778653806958839552,DAY,1,A42,0.019600961357355118,11
1778653811763352320,DAY,1,A42,0.007816014811396599,13
1778653814384002560,DAY,1,A42,0.025404831394553185,10
1778653821069351168,DAY,1,A42,0.6162732243537903,8
1778653823253508096,DAY,1,A42,0.22828802466392517,5
1778653832794714368,DAY,1,A42,0.3016921579837799,11
1778653871330109184,DAY,1,A42,0.005265600513666868,10
1778653882316513792,DAY,1,A42,0.03254794701933861,10
1778653884903302656,DAY,1,A42,0.05880684405565262,9
1778653889069260032,DAY,1,A42,0.06747335940599442,6
1778653898342159872,DAY,1,A42,0.11646333336830139,8
1779449467555301888,NIGHT,1,A42,0.06297820806503296,18
1779449470423201536,NIGHT,1,A42,0.07608352601528168,11
1779449475060066816,NIGHT,1,A42,0.09988658130168915,12
1779449479095927552,NIGHT,1,A42,0.061594702303409576,14
1779449481331070208,NIGHT,1,A42,0.025123003870248795,15
1779449483432542720,NIGHT,1,A42,0.09884782880544662,14
1779449485800670464,NIGHT,1,A42,0.06588272005319595,12
1779449488068910592,NIGHT,1,A42,0.08740704506635666,11
1779449492505469440,NIGHT,1,A42,0.055413246154785156,8
1779449496875356416,NIGHT,1,A42,0.03638642653822899,16
1779449499143611648,NIGHT,1,A42,0.39979198575019836,15
1779449501478488320,NIGHT,1,A42,0.35485172271728516,12
1779449575470221824,NIGHT,1,A42,0.00994990486651659,2
1779449580573721600,NIGHT,1,A42,0.013125020079314709,6
1779449591514485504,NIGHT,1,A42,0.019191540777683258,11
1779449593782795264,NIGHT,1,A42,0.22280217707157135,7
1779449596017728000,NIGHT,1,A42,0.04360167309641838,15
1779449602689248000,NIGHT,1,A42,0.7577670812606812,8
1779449604823769344,NIGHT,1,A42,0.0010452673304826021,1
1779449631842893312,NIGHT,1,A42,0.08989203721284866,10
1779449634044385536,NIGHT,1,A42,0.08004334568977356,10
1779449638581035008,NIGHT,1,A42,0.04419274255633354,9
1779449643284402176,NIGHT,1,A42,0.02597655914723873,12
1779449645419136000,NIGHT,1,A42,0.24294331669807434,9
1779449647620845824,NIGHT,1,A42,0.5048456788063049,7
1779449649655479552,NIGHT,1,A42,0.8528933525085449,2
1779449656527024896,NIGHT,1,A42,0.4982910454273224,6
1779449661263803392,NIGHT,1,A42,0.02910323068499565,12
000000,NEG,0,A42,0.11221397668123245,9
000001,NEG,0,A42,0.11970779299736023,7
000002,NEG,0,A42,0.03334994986653328,10
000003,NEG,0,A42,0.1556587964296341,8
000004,NEG,0,A42,0.024763118475675583,9
000005,NEG,0,A42,0.16862927377223969,9
000006,NEG,0,A42,0.14674445986747742,8
000007,NEG,0,A42,0.035102974623441696,9
000008,NEG,0,A42,0.14937123656272888,8
000009,NEG,0,A42,0.07535109668970108,9
000010,NEG,0,A42,0.17964085936546326,9
000011,NEG,0,A42,0.17176112532615662,9
000012,NEG,0,A42,0.009952596388757229,10
000013,NEG,0,A42,0.038917068392038345,10
000014,NEG,0,A42,0.05443190038204193,9
000015,NEG,0,A42,0.03639042377471924,7
000016,NEG,0,A42,0.020517904311418533,12
000017,NEG,0,A42,0.03784023970365524,7
000018,NEG,0,A42,0.0955849140882492,9
000019,NEG,0,A42,0.03867035731673241,7
000020,NEG,0,A42,0.03333200141787529,9
000021,NEG,0,A42,0.14749425649642944,8
000022,NEG,0,A42,0.054685015231370926,8
000023,NEG,0,A42,0.05588952824473381,9
000024,NEG,0,A42,0.012100921012461185,12
000025,NEG,0,A42,0.021746816113591194,16
000026,NEG,0,A42,0.3496442139148712,13
000027,NEG,0,A42,0.014885211363434792,11
000028,NEG,0,A42,0.00550439627841115,10
000029,NEG,0,A42,0.017651967704296112,10
000030,NEG,0,A42,0.05316183716058731,12
000031,NEG,0,A42,0.008258339948952198,5
000032,NEG,0,A42,0.006168793886899948,13
000033,NEG,0,A42,0.02225784957408905,10
000034,NEG,0,A42,0.00600848626345396,13
000035,NEG,0,A42,0.04122143238782883,12
000036,NEG,0,A42,0.7570714354515076,6
000037,NEG,0,A42,0.8163569569587708,8
000038,NEG,0,A42,0.8140087723731995,5
000039,NEG,0,A42,0.7585647702217102,7
000040,NEG,0,A42,0.777590274810791,6
000041,NEG,0,A42,0.4267386496067047,8
000042,NEG,0,A42,0.3367767632007599,9
000043,NEG,0,A42,0.05894773080945015,8
000044,NEG,0,A42,0.48378893733024597,6
000045,NEG,0,A42,0.10856642574071884,7
000046,NEG,0,A42,0.11901160329580307,5
000047,NEG,0,A42,0.010025158524513245,8
000048,NEG,0,A42,0.03302377834916115,9
000049,NEG,0,A42,0.5756253004074097,7
000050,NEG,0,A42,0.036117542535066605,11
000051,NEG,0,A42,0.05259295180439949,10
000052,NEG,0,A42,0.009162173606455326,12
000053,NEG,0,A42,0.0,0
000054,NEG,0,A42,0.0069610727950930595,8
000055,NEG,0,A42,0.13970120251178741,11
000056,NEG,0,A42,0.39782005548477173,10
000057,NEG,0,A42,0.25734272599220276,12
000058,NEG,0,A42,0.4833126366138458,11
000059,NEG,0,A42,0.6187361478805542,10
000060,NEG,0,A42,0.3112829029560089,12
000061,NEG,0,A42,0.0,0
000062,NEG,0,A42,0.00716277165338397,2
000063,NEG,0,A42,0.12022995203733444,10
000064,NEG,0,A42,0.0039283353835344315,2
000065,NEG,0,A42,0.0213237926363945,5
000066,NEG,0,A42,0.0056506493128836155,4
000067,NEG,0,A42,0.011403142474591732,3
000068,NEG,0,A42,0.055648043751716614,3
000069,NEG,0,A42,0.0,0
000070,NEG,0,A42,0.0020557676907628775,1
000071,NEG,0,A42,0.0021313761826604605,2
000072,NEG,0,A42,0.06627421826124191,10
000073,NEG,0,A42,0.011755669489502907,8
000074,NEG,0,A42,0.017453014850616455,7
000075,NEG,0,A42,0.0021212820429354906,4
000076,NEG,0,A42,0.017390146851539612,5
000077,NEG,0,A42,0.05009698495268822,3
000078,NEG,0,A42,0.2729727029800415,3
000079,NEG,0,A42,0.0758904442191124,2
000080,NEG,0,A42,0.0038266461342573166,1
000081,NEG,0,A42,0.002150652464479208,3
000082,NEG,0,A42,0.009458811022341251,6
000083,NEG,0,A42,0.029979560524225235,2
000084,NEG,0,A42,0.0020531113259494305,8
000085,NEG,0,A42,0.0020453755278140306,6
000086,NEG,0,A42,0.15232889354228973,13
000087,NEG,0,A42,0.13891376554965973,6
000088,NEG,0,A42,0.0034972792491316795,5
000089,NEG,0,A42,0.34269076585769653,9
000090,NEG,0,A42,0.10966945439577103,10
000091,NEG,0,A42,0.08032466471195221,10
000092,NEG,0,A42,0.016474509611725807,8
000093,NEG,0,A42,0.005628612823784351,8
000094,NEG,0,A42,0.037366967648267746,18
000095,NEG,0,A42,0.00207426561973989,4
000096,NEG,0,A42,0.006836308166384697,3
000097,NEG,0,A42,0.003933459986001253,4
000098,NEG,0,A42,0.004969198256731033,6
000099,NEG,0,A42,0.0016631085891276598,4
000100,NEG,0,A42,0.0032414677552878857,3
000101,NEG,0,A42,0.44081971049308777,8
000102,NEG,0,A42,0.0019750914070755243,3
000103,NEG,0,A42,0.004755822941660881,2
000104,NEG,0,A42,0.05722017586231232,15
000105,NEG,0,A42,0.004925169050693512,12
000106,NEG,0,A42,0.0056605711579322815,10
000107,NEG,0,A42,0.10131081938743591,16
000108,NEG,0,A42,0.08722733706235886,10
000109,NEG,0,A42,0.2832736372947693,5
000110,NEG,0,A42,0.06463359296321869,3
000111,NEG,0,A42,0.0014531947672367096,3
000112,NEG,0,A42,0.005324328318238258,23
000113,NEG,0,A42,0.0028509600088000298,10
000114,NEG,0,A42,0.002082813996821642,7
000115,NEG,0,A42,0.001582543132826686,4
000116,NEG,0,A42,0.002110822591930628,5
000117,NEG,0,A42,0.009768531657755375,14
000118,NEG,0,A42,0.003883059835061431,7
000119,NEG,0,A42,0.001910566003061831,9
000120,NEG,0,A42,0.007467764895409346,13
000121,NEG,0,A42,0.018841348588466644,11
000122,NEG,0,A42,0.0022866541985422373,9
000123,NEG,0,A42,0.013499312102794647,11
000124,NEG,0,A42,0.023635756224393845,9
000125,NEG,0,A42,0.21358998119831085,5
000126,NEG,0,A42,0.05528385192155838,7
000127,NEG,0,A42,0.2515762150287628,19
000128,NEG,0,A42,0.09262896329164505,23
000129,NEG,0,A42,0.01936868205666542,16
000130,NEG,0,A42,0.010408824309706688,9
000131,NEG,0,A42,0.0,0
000132,NEG,0,A42,0.0014135392848402262,1
000133,NEG,0,A42,0.004369578789919615,2
000134,NEG,0,A42,0.0,0
000135,NEG,0,A42,0.0010968063725158572,1
000136,NEG,0,A42,0.0024537446442991495,3
000137,NEG,0,A42,0.012182168662548065,8
000138,NEG,0,A42,0.002360057085752487,9
000139,NEG,0,A42,0.0,0
000140,NEG,0,A42,0.0013121950905770063,8
000141,NEG,0,A42,0.003200908424332738,10
000142,NEG,0,A42,0.0029624963644891977,6
000143,NEG,0,A42,0.007276793941855431,16
000144,NEG,0,A42,0.020868854597210884,6
000145,NEG,0,A42,0.025317128747701645,2
000146,NEG,0,A42,0.01740674301981926,6
000147,NEG,0,A42,0.6761539578437805,1
000148,NEG,0,A42,0.03855425491929054,3
000149,NEG,0,A42,0.001169118215329945,1
000150,NEG,0,A42,0.00581071013584733,9
000151,NEG,0,A42,0.005980069283396006,3
000152,NEG,0,A42,0.22179438173770905,3
000153,NEG,0,A42,0.05354253947734833,8
000154,NEG,0,A42,0.22652621567249298,10
000155,NEG,0,A42,0.5262545943260193,7
000156,NEG,0,A42,0.0032586450688540936,13
000157,NEG,0,A42,0.30313393473625183,6
000158,NEG,0,A42,0.19640108942985535,8
000159,NEG,0,A42,0.141864612698555,13
000160,NEG,0,A42,0.08707044273614883,8
000161,NEG,0,A42,0.14016489684581757,8
000162,NEG,0,A42,0.04811243712902069,11
000163,NEG,0,A42,0.026458268985152245,6
000164,NEG,0,A42,0.5682267546653748,8
000165,NEG,0,A42,0.02178046852350235,6
000166,NEG,0,A42,0.012759259901940823,4
000167,NEG,0,A42,0.05189518257975578,4
000168,NEG,0,A42,0.02110985293984413,3
000169,NEG,0,A42,0.0017198093701153994,1
000170,NEG,0,A42,0.051465559750795364,2
000171,NEG,0,A42,0.005128464195877314,2
000172,NEG,0,A42,0.002479973016306758,1
000173,NEG,0,A42,0.0,0
000174,NEG,0,A42,0.0,0
000175,NEG,0,A42,0.004040696192532778,3
000176,NEG,0,A42,0.005708910524845123,1
000177,NEG,0,A42,0.08282648772001266,8
000178,NEG,0,A42,0.0019517202163115144,4
000179,NEG,0,A42,0.00311031355522573,2
000180,NEG,0,A42,0.002255945699289441,2
000181,NEG,0,A42,0.0029309384990483522,2
000182,NEG,0,A42,0.001638342859223485,1
000183,NEG,0,A42,0.05006958544254303,9
000184,NEG,0,A42,0.09241002053022385,11
000185,NEG,0,A42,0.05287705361843109,8
000186,NEG,0,A42,0.005209180526435375,4
000187,NEG,0,A42,0.00791582465171814,9
000188,NEG,0,A42,0.00916378479450941,12
000189,NEG,0,A42,0.016215577721595764,4
000190,NEG,0,A42,0.21364784240722656,10
000191,NEG,0,A42,0.04071788489818573,14
000192,NEG,0,A42,0.23133158683776855,24
000193,NEG,0,A42,0.020469998940825462,25
000194,NEG,0,A42,0.004103786312043667,10
000195,NEG,0,A42,0.04111957922577858,14
000196,NEG,0,A42,0.009255792945623398,22
000197,NEG,0,A42,0.004322702996432781,23
000198,NEG,0,A42,0.004577710758894682,9
000199,NEG,0,A42,0.0034083512146025896,13
000200,NEG,0,A42,0.0119710024446249,16
000201,NEG,0,A42,0.007031474262475967,9
000202,NEG,0,A42,0.001273473841138184,2
000203,NEG,0,A42,0.0035335132852196693,8
000204,NEG,0,A42,0.010146078653633595,14
000205,NEG,0,A42,0.009357423521578312,11
000206,NEG,0,A42,0.019047781825065613,13
000207,NEG,0,A42,0.08226107805967331,23
000208,NEG,0,A42,0.0016910332487896085,3
000209,NEG,0,A42,0.011671934276819229,7
000210,NEG,0,A42,0.010219848714768887,10
000211,NEG,0,A42,0.008178281597793102,6
000212,NEG,0,A42,0.020985735580325127,12
000213,NEG,0,A42,0.05383091792464256,14
000214,NEG,0,A42,0.022330844774842262,15
000215,NEG,0,A42,0.013829419389367104,15
000216,NEG,0,A42,0.0032110766042023897,8
000217,NEG,0,A42,0.0033683008514344692,11
000218,NEG,0,A42,0.04359413683414459,23
000219,NEG,0,A42,0.007030778098851442,14
000220,NEG,0,A42,0.022154666483402252,12
000221,NEG,0,A42,0.02379121072590351,11
000222,NEG,0,A42,0.014527861960232258,19
000223,NEG,0,A42,0.039014168083667755,14
000224,NEG,0,A42,0.05155550688505173,17
000225,NEG,0,A42,0.0034813920501619577,10
000226,NEG,0,A42,0.019022999331355095,15
000227,NEG,0,A42,0.005331345368176699,14
000228,NEG,0,A42,0.010349404998123646,11
000229,NEG,0,A42,0.015423363074660301,15
000230,NEG,0,A42,0.029203305020928383,17
000231,NEG,0,A42,0.03763461858034134,18
000232,NEG,0,A42,0.006662493571639061,9
000233,NEG,0,A42,0.004790065344423056,5
000234,NEG,0,A42,0.05353649705648422,14
000235,NEG,0,A42,0.010563529096543789,9
000236,NEG,0,A42,0.031131502240896225,5
000237,NEG,0,A42,0.015071793459355831,6
000238,NEG,0,A42,0.03290025517344475,14
000239,NEG,0,A42,0.03290025517344475,14
000240,NEG,0,A42,0.0023018375504761934,2
000241,NEG,0,A42,0.015142428688704967,11
000242,NEG,0,A42,0.005705298390239477,5
000243,NEG,0,A42,0.06618810445070267,17
000244,NEG,0,A42,0.015753360465168953,19
000245,NEG,0,A42,0.24719011783599854,9
000246,NEG,0,A42,0.19988054037094116,14
000247,NEG,0,A42,0.04553944990038872,11
000248,NEG,0,A42,0.02904486656188965,13
000249,NEG,0,A42,0.08167412132024765,15
000250,NEG,0,A42,0.05140242353081703,11
000251,NEG,0,A42,0.015303143300116062,16
000252,NEG,0,A42,0.027924032881855965,14
000253,NEG,0,A42,0.02832605689764023,14
000254,NEG,0,A42,0.06864737719297409,7
000255,NEG,0,A42,0.11212480068206787,12
000256,NEG,0,A42,0.002319273306056857,7
000257,NEG,0,A42,0.0,0
000258,NEG,0,A42,0.0,0
000259,NEG,0,A42,0.00256577180698514,2
000260,NEG,0,A42,0.0,0
000261,NEG,0,A42,0.0010747663909569383,1
000262,NEG,0,A42,0.0017720472533255816,1
000263,NEG,0,A42,0.001473860116675496,1
000264,NEG,0,A42,0.0012060501612722874,1
000265,NEG,0,A42,0.0,0
000266,NEG,0,A42,0.0011018052464351058,2
000267,NEG,0,A42,0.0,0
000268,NEG,0,A42,0.0,0
000269,NEG,0,A42,0.0012452666414901614,1
000270,NEG,0,A42,0.0,0
000271,NEG,0,A42,0.0,0
000272,NEG,0,A42,0.002033920492976904,1
000273,NEG,0,A42,0.0020829113200306892,1
000274,NEG,0,A42,0.0,0
000275,NEG,0,A42,0.0,0
000276,NEG,0,A42,0.0020667463541030884,2
000277,NEG,0,A42,0.0,0
000278,NEG,0,A42,0.0016553669702261686,1
000279,NEG,0,A42,0.0,0
000280,NEG,0,A42,0.0,0
000281,NEG,0,A42,0.0013937312178313732,1
000282,NEG,0,A42,0.0,0
000283,NEG,0,A42,0.0,0
000284,NEG,0,A42,0.0,0
000285,NEG,0,A42,0.0,0
000286,NEG,0,A42,0.0010562873212620616,1
000287,NEG,0,A42,0.0,0
000288,NEG,0,A42,0.0010932444129139185,1
000289,NEG,0,A42,0.0010015468578785658,1
000290,NEG,0,A42,0.0,0
000291,NEG,0,A42,0.0012776319636031985,1
000292,NEG,0,A42,0.0,0
000293,NEG,0,A42,0.0011292260605841875,1
000294,NEG,0,A42,0.0,0
000295,NEG,0,A42,0.001177717000246048,1
000296,NEG,0,A42,0.0022419567685574293,7
000297,NEG,0,A42,0.001965189818292856,9
000298,NEG,0,A42,0.0023583846632391214,8
000299,NEG,0,A42,0.0024820570833981037,8
000300,NEG,0,A42,0.0019812369719147682,8
000301,NEG,0,A42,0.0024247365072369576,8
000302,NEG,0,A42,0.002378825331106782,8
000303,NEG,0,A42,0.0021946681663393974,7
000304,NEG,0,A42,0.0022554669994860888,7
000305,NEG,0,A42,0.0021910392679274082,8
000306,NEG,0,A42,0.002320254221558571,8
000307,NEG,0,A42,0.00202069035731256,8
000308,NEG,0,A42,0.0021013913210481405,8
000309,NEG,0,A42,0.0022234281059354544,7
000310,NEG,0,A42,0.0021959978621453047,9
000311,NEG,0,A42,0.0022528565023094416,7
000312,NEG,0,A42,0.00249246577732265,9
000313,NEG,0,A42,0.0024680052883923054,8
000314,NEG,0,A42,0.002275605220347643,9
000315,NEG,0,A42,0.0023422865197062492,8
000316,NEG,0,A42,0.002387643326073885,8
000317,NEG,0,A42,0.002705222927033901,9
000318,NEG,0,A42,0.0023792823776602745,9
000319,NEG,0,A42,0.0025363583117723465,9
000320,NEG,0,A42,0.002514864318072796,9
000321,NEG,0,A42,0.0022934884764254093,9
000322,NEG,0,A42,0.002774080727249384,10
000323,NEG,0,A42,0.002932253060862422,8
000324,NEG,0,A42,0.0026910179294645786,9
000325,NEG,0,A42,0.0023261173628270626,9
000326,NEG,0,A42,0.0025451313704252243,8
000327,NEG,0,A42,0.0025082831270992756,9
000328,NEG,0,A42,0.0024072371888905764,9
000329,NEG,0,A42,0.002293183235451579,8
000330,NEG,0,A42,0.0024211728014051914,9
000331,NEG,0,A42,0.0025959305930882692,9
000332,NEG,0,A42,0.0026984119322150946,9
000333,NEG,0,A42,0.0023505589924752712,9
000334,NEG,0,A42,0.002544630318880081,9
000335,NEG,0,A42,0.0024686427786946297,8
000336,NEG,0,A42,0.002649945905432105,9
000337,NEG,0,A42,0.0024779143277555704,8
000338,NEG,0,A42,0.0029451765585690737,10
000339,NEG,0,A42,0.0028464114293456078,10
000340,NEG,0,A42,0.0031034445855766535,10
000341,NEG,0,A42,0.0028172973543405533,10
000342,NEG,0,A42,0.003224154468625784,10
000343,NEG,0,A42,0.0028666502330452204,10
000344,NEG,0,A42,0.0027607004158198833,10
000345,NEG,0,A42,0.0028376278933137655,9
000346,NEG,0,A42,0.002817367436364293,9
000347,NEG,0,A42,0.002849276876077056,9
000348,NEG,0,A42,0.0027540724258869886,9
000349,NEG,0,A42,0.0029225393664091825,9
000350,NEG,0,A42,0.0030514260288327932,9
000351,NEG,0,A42,0.0023362424690276384,7
000352,NEG,0,A42,0.0030058431439101696,9
000353,NEG,0,A42,0.002499791095033288,8
000354,NEG,0,A42,0.003089653793722391,11
000355,NEG,0,A42,0.0031750211492180824,9
000356,NEG,0,A42,0.0028568545822054148,9
000357,NEG,0,A42,0.0028491984121501446,10
000358,NEG,0,A42,0.0029990943148732185,9
000359,NEG,0,A42,0.0026321508921682835,9
000360,NEG,0,A42,0.003062918782234192,11
000361,NEG,0,A42,0.0029493074398487806,8
000362,NEG,0,A42,0.002567677292972803,9
000363,NEG,0,A42,0.0030584782361984253,9
000364,NEG,0,A42,0.003010751446709037,11
000365,NEG,0,A42,0.0028011987451463938,9
000366,NEG,0,A42,0.0027074955869466066,8
000367,NEG,0,A42,0.002732042223215103,9
000368,NEG,0,A42,0.002767411759123206,10
000369,NEG,0,A42,0.0027455103117972612,8
000370,NEG,0,A42,0.0029477106872946024,9
000371,NEG,0,A42,0.0030453046783804893,9
000372,NEG,0,A42,0.0030740033835172653,10
000373,NEG,0,A42,0.0027847732417285442,9
000374,NEG,0,A42,0.0027986266650259495,8
000375,NEG,0,A42,0.0027474025264382362,9
000376,NEG,0,A42,0.0029428182169795036,9
000377,NEG,0,A42,0.0030720734503120184,8
000378,NEG,0,A42,0.002678369404748082,9
000379,NEG,0,A42,0.0030129491351544857,11
000380,NEG,0,A42,0.0028421138413250446,9
000381,NEG,0,A42,0.0027752763126045465,10
000382,NEG,0,A42,0.0027646729722619057,9
000383,NEG,0,A42,0.002839433727785945,10
000384,NEG,0,A42,0.0030865592416375875,8
000385,NEG,0,A42,0.002879542764276266,10
000386,NEG,0,A42,0.00241327122785151,11
000387,NEG,0,A42,0.003187268739566207,14
000388,NEG,0,A42,0.004051893018186092,14
000389,NEG,0,A42,0.003101455280557275,12
000390,NEG,0,A42,0.005069217644631863,11
000391,NEG,0,A42,0.0029590672347694635,14
000392,NEG,0,A42,0.002175920410081744,3
000393,NEG,0,A42,0.0023403295781463385,5
000394,NEG,0,A42,0.003627944039180875,5
000395,NEG,0,A42,0.00418953038752079,9
000396,NEG,0,A42,0.0021136868745088577,13
000397,NEG,0,A42,0.004439232405275106,13
000398,NEG,0,A42,0.0076324595138430595,21
000399,NEG,0,A42,0.019203070551156998,13
000400,NEG,0,A42,0.009674783796072006,25
000401,NEG,0,A42,0.005197328049689531,31
000402,NEG,0,A42,0.009142144583165646,23
000403,NEG,0,A42,0.013560906052589417,27
000404,NEG,0,A42,0.017137493938207626,41
000405,NEG,0,A42,0.01443467941135168,45
000406,NEG,0,A42,0.011324437335133553,35
000407,NEG,0,A42,0.010190068744122982,38
000408,NEG,0,A42,0.00968518853187561,38
000409,NEG,0,A42,0.010242002084851265,42
000410,NEG,0,A42,0.01673324592411518,34
000411,NEG,0,A42,0.009637556038796902,31
000412,NEG,0,A42,0.012384729459881783,29
000413,NEG,0,A42,0.009687273763120174,20
000414,NEG,0,A42,0.015650847926735878,27
000415,NEG,0,A42,0.014382774941623211,27
000416,NEG,0,A42,0.014101251028478146,33
000417,NEG,0,A42,0.012866624630987644,31
000418,NEG,0,A42,0.012307362630963326,21
000419,NEG,0,A42,0.00895762536674738,24
000420,NEG,0,A42,0.008351512253284454,21
000421,NEG,0,A42,0.005375624168664217,15
000422,NEG,0,A42,0.01091939676553011,15
000423,NEG,0,A42,0.010058952495455742,23
000424,NEG,0,A42,0.010408716276288033,22
000425,NEG,0,A42,0.008273104205727577,24
000426,NEG,0,A42,0.010336929932236671,20
000427,NEG,0,A42,0.011235679499804974,22
000428,NEG,0,A42,0.00678980303928256,19
000429,NEG,0,A42,0.009540928527712822,21
000430,NEG,0,A42,0.008324720896780491,23
000431,NEG,0,A42,0.010604560375213623,29
000432,NEG,0,A42,0.028749896213412285,26
000433,NEG,0,A42,0.02910010702908039,25
000434,NEG,0,A42,0.004410603549331427,20
000435,NEG,0,A42,0.05432489514350891,28
000436,NEG,0,A42,0.06817806512117386,45
000437,NEG,0,A42,0.012349696829915047,41
000438,NEG,0,A42,0.016381321474909782,40
000439,NEG,0,A42,0.014487734995782375,34
000440,NEG,0,A42,0.015252208337187767,29
000441,NEG,0,A42,0.009276336058974266,28
000442,NEG,0,A42,0.00744607811793685,27
000443,NEG,0,A42,0.012889530509710312,22
000444,NEG,0,A42,0.006726323161274195,26
000445,NEG,0,A42,0.006864544469863176,29
000446,NEG,0,A42,0.004222335293889046,23
000447,NEG,0,A42,0.0064055235125124454,25
000448,NEG,0,A42,0.0073928385972976685,16
000449,NEG,0,A42,0.0035195080563426018,14
000450,NEG,0,A42,0.0052900658920407295,23
000451,NEG,0,A42,0.007802843116223812,22
000452,NEG,0,A42,0.003156152321025729,20
000453,NEG,0,A42,0.007332583423703909,11
000454,NEG,0,A42,0.007321852724999189,22
000455,NEG,0,A42,0.010682705789804459,21
000456,NEG,0,A42,0.02064109966158867,33
000457,NEG,0,A42,0.013977755792438984,16
000458,NEG,0,A42,0.01196752954274416,27
000459,NEG,0,A42,0.023885169997811317,25
000460,NEG,0,A42,0.014507485553622246,24
000461,NEG,0,A42,0.01512380875647068,39
000462,NEG,0,A42,0.024080127477645874,33
000463,NEG,0,A42,0.011389557272195816,40
000464,NEG,0,A42,0.011496285907924175,33
000465,NEG,0,A42,0.004033328033983707,9
000466,NEG,0,A42,0.0029145884327590466,7
000467,NEG,0,A42,0.002851400524377823,11
000468,NEG,0,A42,0.002296033315360546,11
000469,NEG,0,A42,0.006821166258305311,14
000470,NEG,0,A42,0.02590036764740944,15
000471,NEG,0,A42,0.0055320109240710735,28
000472,NEG,0,A42,0.008732641115784645,24
000473,NEG,0,A42,0.006097865756601095,9
000474,NEG,0,A42,0.01623772829771042,22
000475,NEG,0,A42,0.018043022602796555,27
000476,NEG,0,A42,0.002929353155195713,16
000477,NEG,0,A42,0.13972733914852142,12
000478,NEG,0,A42,0.018005626276135445,11
000479,NEG,0,A42,0.0030568037182092667,11
000480,NEG,0,A42,0.0035744132474064827,17
000481,NEG,0,A42,0.00442261528223753,7
000482,NEG,0,A42,0.014721129089593887,7
000483,NEG,0,A42,0.003600355004891753,7
000484,NEG,0,A42,0.005832062568515539,13
000485,NEG,0,A42,0.0052733407355844975,7
000486,NEG,0,A42,0.0015849220799282193,3
000487,NEG,0,A42,0.004470265936106443,4
000488,NEG,0,A42,0.004191000945866108,5
000489,NEG,0,A42,0.0018845273880288005,5
000490,NEG,0,A42,0.004926910623908043,7
000491,NEG,0,A42,0.019986553117632866,9
000492,NEG,0,A42,0.0024537118151783943,10
000493,NEG,0,A42,0.003316814312711358,10
000494,NEG,0,A42,0.010068034753203392,27
000495,NEG,0,A42,0.022223860025405884,22
000496,NEG,0,A42,0.009496431797742844,21
000497,NEG,0,A42,0.003076051129028201,14
000498,NEG,0,A42,0.0023667162749916315,13
000499,NEG,0,A42,0.004077543038874865,21
000500,NEG,0,A42,0.005164532922208309,18
000501,NEG,0,A42,0.020556868985295296,19
000502,NEG,0,A42,0.01161168608814478,19
000503,NEG,0,A42,0.010520922020077705,20
000504,NEG,0,A42,0.1047741025686264,21
000505,NEG,0,A42,0.05756928771734238,21
000506,NEG,0,A42,0.01248038187623024,37
000507,NEG,0,A42,0.009978510439395905,35
000508,NEG,0,A42,0.005498364567756653,18
000509,NEG,0,A42,0.007229320239275694,11
000510,NEG,0,A42,0.20376089215278625,25
000511,NEG,0,A42,0.023274486884474754,26
000512,NEG,0,A42,0.01098380796611309,26
000513,NEG,0,A42,0.002351196249946952,9
000514,NEG,0,A42,0.005160563159734011,31
000515,NEG,0,A42,0.009800035506486893,43
000516,NEG,0,A42,0.011269367299973965,23
000517,NEG,0,A42,0.014923850074410439,27
000518,NEG,0,A42,0.004241363611072302,29
000519,NEG,0,A42,0.013131544925272465,12
000520,NEG,0,A42,0.008440349251031876,28
000521,NEG,0,A42,0.008520083501935005,41
000522,NEG,0,A42,0.012230572290718555,38
000523,NEG,0,A42,0.031795013695955276,29
000524,NEG,0,A42,0.027655361220240593,33
000525,NEG,0,A42,0.02033824287354946,30
000526,NEG,0,A42,0.008986311964690685,29
000527,NEG,0,A42,0.007460703607648611,37
000528,NEG,0,A42,0.004324377980083227,28
000529,NEG,0,A42,0.006975818425416946,35
000530,NEG,0,A42,0.008587388321757317,40
000531,NEG,0,A42,0.08364003151655197,36
000532,NEG,0,A42,0.011876008473336697,37
000533,NEG,0,A42,0.004571606870740652,27
000534,NEG,0,A42,0.010393757373094559,37
000535,NEG,0,A42,0.011791303753852844,47
000536,NEG,0,A42,0.0218285471200943,35
000537,NEG,0,A42,0.01042361930012703,32
000538,NEG,0,A42,0.00937232282012701,31
000539,NEG,0,A42,0.014079015702009201,46
000540,NEG,0,A42,0.00934008602052927,22
000541,NEG,0,A42,0.011702651157975197,36
000542,NEG,0,A42,0.01583709381520748,40
000543,NEG,0,A42,0.01491214893758297,38
000544,NEG,0,A42,0.014501500874757767,37
000545,NEG,0,A42,0.02498359978199005,29
000546,NEG,0,A42,0.03604339808225632,30
000547,NEG,0,A42,0.02246023714542389,35
000548,NEG,0,A42,0.009731931611895561,29
000549,NEG,0,A42,0.009432217106223106,33
000550,NEG,0,A42,0.00799123290926218,29
000551,NEG,0,A42,0.02466006763279438,28
000552,NEG,0,A42,0.00536993658170104,26
000553,NEG,0,A42,0.025707488879561424,25
000554,NEG,0,A42,0.006837845779955387,23
000555,NEG,0,A42,0.009267834015190601,13
000556,NEG,0,A42,0.016145970672369003,13
000557,NEG,0,A42,0.003515852615237236,11
000558,NEG,0,A42,0.002342483727261424,10
000559,NEG,0,A42,0.03759108856320381,18
000560,NEG,0,A42,0.00992132443934679,16
000561,NEG,0,A42,0.005212351679801941,19
000562,NEG,0,A42,0.0047207185998559,21
000563,NEG,0,A42,0.012693667784333229,32
000564,NEG,0,A42,0.007279973942786455,27
000565,NEG,0,A42,0.0043486496433615685,19
000566,NEG,0,A42,0.0055722626857459545,23
000567,NEG,0,A42,0.013746625743806362,26
000568,NEG,0,A42,0.008511721156537533,24
000569,NEG,0,A42,0.003971635829657316,22
000570,NEG,0,A42,0.005208167247474194,14
000571,NEG,0,A42,0.008683436550199986,17
000572,NEG,0,A42,0.008525322191417217,31
000573,NEG,0,A42,0.007623393088579178,33
000574,NEG,0,A42,0.008746455423533916,32
000575,NEG,0,A42,0.010023663751780987,35
000576,NEG,0,A42,0.005390947684645653,28
000577,NEG,0,A42,0.01597435399889946,27
000578,NEG,0,A42,0.06350098550319672,19
000579,NEG,0,A42,0.002644266001880169,14
000580,NEG,0,A42,0.022183524444699287,8
000581,NEG,0,A42,0.0036024609580636024,15
000582,NEG,0,A42,0.01672520488500595,15
000583,NEG,0,A42,0.016464153304696083,13
000584,NEG,0,A42,0.0022541324142366648,5
000585,NEG,0,A42,0.02323848195374012,10
000586,NEG,0,A42,0.08451157063245773,21
000587,NEG,0,A42,0.002457401482388377,6
000588,NEG,0,A42,0.004606619477272034,11
000589,NEG,0,A42,0.0038893744349479675,15
000590,NEG,0,A42,0.012799589894711971,23
000591,NEG,0,A42,0.014462354592978954,18
000592,NEG,0,A42,0.01739766076207161,27
000593,NEG,0,A42,0.024932682514190674,28
000594,NEG,0,A42,0.018917107954621315,28
000595,NEG,0,A42,0.018474219366908073,36
000596,NEG,0,A42,0.034960512071847916,31
000597,NEG,0,A42,0.018673188984394073,35
000598,NEG,0,A42,0.046919599175453186,35
000599,NEG,0,A42,0.0247973520308733,34
000600,NEG,0,A42,0.02533607929944992,38
000601,NEG,0,A42,0.02663831226527691,35
000602,NEG,0,A42,0.007797558326274157,41
000603,NEG,0,A42,0.008983352221548557,37
000604,NEG,0,A42,0.1199299693107605,34
000605,NEG,0,A42,0.01358572207391262,34
000606,NEG,0,A42,0.019711080938577652,37
000607,NEG,0,A42,0.027670904994010925,38
000608,NEG,0,A42,0.012229426763951778,42
000609,NEG,0,A42,0.015980500727891922,40
000610,NEG,0,A42,0.03271310776472092,38
000611,NEG,0,A42,0.01796715334057808,36
000612,NEG,0,A42,0.013678189367055893,25
000613,NEG,0,A42,0.008397533558309078,27
000614,NEG,0,A42,0.008127483539283276,31
000615,NEG,0,A42,0.06307690590620041,19
000616,NEG,0,A42,0.08446007966995239,28
000617,NEG,0,A42,0.003317752620205283,13
000618,NEG,0,A42,0.0033317680936306715,23
000619,NEG,0,A42,0.01395545993000269,20
000620,NEG,0,A42,0.005557775963097811,10
000621,NEG,0,A42,0.00691624591127038,29
000622,NEG,0,A42,0.004825050476938486,30
000623,NEG,0,A42,0.009676703251898289,25
000624,NEG,0,A42,0.00516012217849493,28
000625,NEG,0,A42,0.012955280020833015,32
000626,NEG,0,A42,0.0177016481757164,34
000627,NEG,0,A42,0.02954813279211521,33
000628,NEG,0,A42,0.029551032930612564,47
000629,NEG,0,A42,0.02169039659202099,28
000630,NEG,0,A42,0.024291329085826874,40
000631,NEG,0,A42,0.038022372871637344,32
000632,NEG,0,A42,0.0193512924015522,38
000633,NEG,0,A42,0.032971762120723724,31
000634,NEG,0,A42,0.03562471270561218,21
000635,NEG,0,A42,0.015126393176615238,27
000636,NEG,0,A42,0.022960355505347252,26
000637,NEG,0,A42,0.01940116100013256,36
000638,NEG,0,A42,0.01121425535529852,35
000639,NEG,0,A42,0.007047829683870077,33
000640,NEG,0,A42,0.01505536399781704,35
000641,NEG,0,A42,0.012074921280145645,32
000642,NEG,0,A42,0.006977671291679144,24
000643,NEG,0,A42,0.0060417260974645615,36
000644,NEG,0,A42,0.0035264298785477877,24
000645,NEG,0,A42,0.009660358540713787,29
000646,NEG,0,A42,0.0038020876236259937,22
000647,NEG,0,A42,0.004454073961824179,26
000648,NEG,0,A42,0.007594271097332239,30
000649,NEG,0,A42,0.006929339375346899,29
000650,NEG,0,A42,0.006923019420355558,35
000651,NEG,0,A42,0.008049428462982178,31
000652,NEG,0,A42,0.00874436367303133,30
000653,NEG,0,A42,0.008382394909858704,33
000654,NEG,0,A42,0.017782554030418396,32
000655,NEG,0,A42,0.0068630436435341835,27
000656,NEG,0,A42,0.009120314382016659,29
000657,NEG,0,A42,0.005975833162665367,13
000658,NEG,0,A42,0.0064155338332057,23
000659,NEG,0,A42,0.011454458348453045,9
000660,NEG,0,A42,0.010646628215909004,27
000661,NEG,0,A42,0.012413013726472855,37
000662,NEG,0,A42,0.00835768599063158,31
000663,NEG,0,A42,0.010162786580622196,29
000664,NEG,0,A42,0.022823110222816467,38
000665,NEG,0,A42,0.01838045008480549,31
000666,NEG,0,A42,0.017216699197888374,32
000667,NEG,0,A42,0.03164491057395935,34
000668,NEG,0,A42,0.008401946164667606,38
000669,NEG,0,A42,0.018239004537463188,43
000670,NEG,0,A42,0.006513251923024654,45
000671,NEG,0,A42,0.0058062030002474785,42
000672,NEG,0,A42,0.024664239957928658,40
000673,NEG,0,A42,0.16580721735954285,27
000674,NEG,0,A42,0.03481554985046387,32
000675,NEG,0,A42,0.02132091484963894,30
000676,NEG,0,A42,0.03728628158569336,30
000677,NEG,0,A42,0.011477930471301079,39
000678,NEG,0,A42,0.01433465164154768,40
000679,NEG,0,A42,0.009731710888445377,36
000680,NEG,0,A42,0.027175510302186012,25
000681,NEG,0,A42,0.021179087460041046,39
000682,NEG,0,A42,0.013912383466959,45
000683,NEG,0,A42,0.013209588825702667,39
000684,NEG,0,A42,0.02154315635561943,40
000685,NEG,0,A42,0.03553423285484314,42
000686,NEG,0,A42,0.034743838012218475,43
000687,NEG,0,A42,0.014410819858312607,39
000688,NEG,0,A42,0.086508609354496,41
000689,NEG,0,A42,0.08099007606506348,41
000690,NEG,0,A42,0.0921974778175354,43
000691,NEG,0,A42,0.18126307427883148,43
000692,NEG,0,A42,0.0627673789858818,39
000693,NEG,0,A42,0.0442739836871624,33
000694,NEG,0,A42,0.026693644002079964,32
000695,NEG,0,A42,0.13379451632499695,37
000696,NEG,0,A42,0.11746639758348465,41
000697,NEG,0,A42,0.0416831374168396,34
000698,NEG,0,A42,0.022708982229232788,35
000699,NEG,0,A42,0.014402566477656364,37
000700,NEG,0,A42,0.010174093768000603,34
000701,NEG,0,A42,0.010911406949162483,30
000702,NEG,0,A42,0.039918504655361176,36
000703,NEG,0,A42,0.04430563747882843,28
000704,NEG,0,A42,0.014570455066859722,31
000705,NEG,0,A42,0.014681206084787846,26
000706,NEG,0,A42,0.007739209569990635,31
000707,NEG,0,A42,0.013095308095216751,27
000708,NEG,0,A42,0.003680956084281206,19
000709,NEG,0,A42,0.006148208864033222,20
000710,NEG,0,A42,0.01555527001619339,13
000711,NEG,0,A42,0.004359385930001736,16
000712,NEG,0,A42,0.0012057991698384285,2
000713,NEG,0,A42,0.0030365311540663242,8
000714,NEG,0,A42,0.006970660760998726,9
000715,NEG,0,A42,0.0012844617012888193,3
000716,NEG,0,A42,0.001446275506168604,1
000717,NEG,0,A42,0.0030891753267496824,2
000718,NEG,0,A42,0.008118708617985249,4
000719,NEG,0,A42,0.0036384733393788338,3
000720,NEG,0,A42,0.018485091626644135,4
000721,NEG,0,A42,0.09605144709348679,4
000722,NEG,0,A42,0.2509561777114868,5
000723,NEG,0,A42,0.2578293979167938,11
000724,NEG,0,A42,0.011302541941404343,23
000725,NEG,0,A42,0.04588482901453972,27
000726,NEG,0,A42,0.0398685559630394,28
000727,NEG,0,A42,0.03858235478401184,28
000728,NEG,0,A42,0.016217723488807678,36
000729,NEG,0,A42,0.01747981272637844,26
000730,NEG,0,A42,0.0077650356106460094,28
000731,NEG,0,A42,0.004939016420394182,30
000732,NEG,0,A42,0.0030827848240733147,25
000733,NEG,0,A42,0.005149519070982933,26
000734,NEG,0,A42,0.00930789764970541,27
000735,NEG,0,A42,0.008302127942442894,30
000736,NEG,0,A42,0.010328718461096287,34
000737,NEG,0,A42,0.011584360152482986,42
000738,NEG,0,A42,0.014024506323039532,33
000739,NEG,0,A42,0.008394909091293812,34
000740,NEG,0,A42,0.012971967458724976,35
000741,NEG,0,A42,0.008526857011020184,27
000742,NEG,0,A42,0.009669722989201546,26
000743,NEG,0,A42,0.0036111457739025354,26
000744,NEG,0,A42,0.004680553916841745,23
000745,NEG,0,A42,0.009541167877614498,42
000746,NEG,0,A42,0.011139532551169395,38
000747,NEG,0,A42,0.005809473805129528,33
000748,NEG,0,A42,0.007743859197944403,37
000749,NEG,0,A42,0.017101693898439407,42
000750,NEG,0,A42,0.014171845279633999,36
000751,NEG,0,A42,0.015106956474483013,37
000752,NEG,0,A42,0.022342652082443237,29
000753,NEG,0,A42,0.028942452743649483,30
000754,NEG,0,A42,0.083390973508358,29
000755,NEG,0,A42,0.04797839745879173,29
000756,NEG,0,A42,0.0232935082167387,24
000757,NEG,0,A42,0.11202102899551392,19
000758,NEG,0,A42,0.013371084816753864,25
000759,NEG,0,A42,0.03810134157538414,26
000760,NEG,0,A42,0.012553121894598007,32
000761,NEG,0,A42,0.015547618269920349,30
000762,NEG,0,A42,0.008289167657494545,41
000763,NEG,0,A42,0.020357605069875717,47
000764,NEG,0,A42,0.013183923438191414,34
000765,NEG,0,A42,0.024808689951896667,39
000766,NEG,0,A42,0.025248361751437187,34
000767,NEG,0,A42,0.025399647653102875,40
000768,NEG,0,A42,0.013553552329540253,31
000769,NEG,0,A42,0.014418360777199268,42
000770,NEG,0,A42,0.018705030903220177,39
000771,NEG,0,A42,0.013025244697928429,29
000772,NEG,0,A42,0.007122035138309002,17
000773,NEG,0,A42,0.00947957206517458,26
000774,NEG,0,A42,0.004849542863667011,27
000775,NEG,0,A42,0.004641757812350988,24
000776,NEG,0,A42,0.005518009886145592,23
000777,NEG,0,A42,0.013890324160456657,23
000778,NEG,0,A42,0.017054179683327675,19
000779,NEG,0,A42,0.02410496212542057,17
000780,NEG,0,A42,0.01721952110528946,18
000781,NEG,0,A42,0.00285532814450562,15
000782,NEG,0,A42,0.0022278192918747663,7
000783,NEG,0,A42,0.004037582781165838,5
000784,NEG,0,A42,0.0013556075282394886,4
000785,NEG,0,A42,0.009086329489946365,16
000786,NEG,0,A42,0.003995024599134922,17
000787,NEG,0,A42,0.001602622913196683,11
000788,NEG,0,A42,0.011113484390079975,9
000789,NEG,0,A42,0.16601237654685974,9
000790,NEG,0,A42,0.03703034669160843,17
000791,NEG,0,A42,0.004711492918431759,9
000792,NEG,0,A42,0.045690909028053284,19
000793,NEG,0,A42,0.004222996532917023,19
000794,NEG,0,A42,0.004794131964445114,33
000795,NEG,0,A42,0.007372371852397919,38
000796,NEG,0,A42,0.07207666337490082,35
000797,NEG,0,A42,0.13449013233184814,38
000798,NEG,0,A42,0.10464737564325333,37
000799,NEG,0,A42,0.19319894909858704,22
000800,NEG,0,A42,0.023588748648762703,24
000801,NEG,0,A42,0.07370063662528992,22
000802,NEG,0,A42,0.005380429793149233,23
000803,NEG,0,A42,0.02067127451300621,35
000804,NEG,0,A42,0.004629605915397406,20
000805,NEG,0,A42,0.04628196731209755,18
000806,NEG,0,A42,0.004169913940131664,13
000807,NEG,0,A42,0.0031211255118250847,17
000808,NEG,0,A42,0.0044412012211978436,21
000809,NEG,0,A42,0.004002883564680815,19
000810,NEG,0,A42,0.004985532723367214,20
000811,NEG,0,A42,0.0046193404123187065,21
000812,NEG,0,A42,0.008045108057558537,28
000813,NEG,0,A42,0.01034090667963028,29
000814,NEG,0,A42,0.011962873861193657,29
000815,NEG,0,A42,0.010363944806158543,32
000816,NEG,0,A42,0.017742853611707687,39
000817,NEG,0,A42,0.014240781776607037,43
000818,NEG,0,A42,0.008065919391810894,35
000819,NEG,0,A42,0.023831356316804886,33
000820,NEG,0,A42,0.010190049186348915,34
000821,NEG,0,A42,0.009390859864652157,34
000822,NEG,0,A42,0.015371972694993019,33
000823,NEG,0,A42,0.00943439919501543,21
000824,NEG,0,A42,0.009982580319046974,28
000825,NEG,0,A42,0.006270832382142544,33
000826,NEG,0,A42,0.0053489431738853455,26
000827,NEG,0,A42,0.0069761029444634914,35
000828,NEG,0,A42,0.004895713645964861,30
000829,NEG,0,A42,0.027833398431539536,13
000830,NEG,0,A42,0.0043810345232486725,28
000831,NEG,0,A42,0.003700930392369628,26
000832,NEG,0,A42,0.005134440027177334,22
000833,NEG,0,A42,0.020290452986955643,15
000834,NEG,0,A42,0.0072950758039951324,25
000835,NEG,0,A42,0.0022273031063377857,7
000836,NEG,0,A42,0.00494464160874486,24
000837,NEG,0,A42,0.0482308529317379,27
000838,NEG,0,A42,0.003311946988105774,18
000839,NEG,0,A42,0.02545282058417797,22
000840,NEG,0,A42,0.0970960408449173,40
000841,NEG,0,A42,0.021592332050204277,31
000842,NEG,0,A42,0.020323408767580986,36
000843,NEG,0,A42,0.20989400148391724,34
000844,NEG,0,A42,0.1752391755580902,12
000845,NEG,0,A42,0.04904145002365112,29
000846,NEG,0,A42,0.11105220019817352,19
000847,NEG,0,A42,0.17323029041290283,12
000848,NEG,0,A42,0.1728738248348236,16
000849,NEG,0,A42,0.1225726306438446,18
000850,NEG,0,A42,0.2384275496006012,14
000851,NEG,0,A42,0.14546211063861847,12
000852,NEG,0,A42,0.20287714898586273,13
000853,NEG,0,A42,0.05252791568636894,38
000854,NEG,0,A42,0.05145047605037689,43
000855,NEG,0,A42,0.06229796260595322,22
000856,NEG,0,A42,0.23182015120983124,22
000857,NEG,0,A42,0.03421509265899658,33
000858,NEG,0,A42,0.022027170285582542,34
000859,NEG,0,A42,0.05376508831977844,22
000860,NEG,0,A42,0.08677615970373154,10
000861,NEG,0,A42,0.004013598896563053,20
000862,NEG,0,A42,0.011600740253925323,27
000863,NEG,0,A42,0.004932067822664976,14
000864,NEG,0,A42,0.01948375813663006,23
000865,NEG,0,A42,0.02417816035449505,24
000866,NEG,0,A42,0.02863536775112152,19
000867,NEG,0,A42,0.006306691560894251,36
000868,NEG,0,A42,0.010899104177951813,29
000869,NEG,0,A42,0.009394608438014984,32
000870,NEG,0,A42,0.005686106625944376,32
000871,NEG,0,A42,0.002249140525236726,8
000872,NEG,0,A42,0.0017661342862993479,1
000873,NEG,0,A42,0.15479302406311035,10
000874,NEG,0,A42,0.0,0
000875,NEG,0,A42,0.013834056444466114,7
000876,NEG,0,A42,0.05240249261260033,16
000877,NEG,0,A42,0.07671250402927399,4
000878,NEG,0,A42,0.007934032939374447,4
000879,NEG,0,A42,0.018253251910209656,5
000880,NEG,0,A42,0.11603289097547531,3
000881,NEG,0,A42,0.07233624905347824,4
000882,NEG,0,A42,0.00896385870873928,7
000883,NEG,0,A42,0.048628389835357666,9
000884,NEG,0,A42,0.08567961305379868,9
000885,NEG,0,A42,0.1213676854968071,19
000886,NEG,0,A42,0.08527708053588867,36
000887,NEG,0,A42,0.12063879519701004,29
000888,NEG,0,A42,0.21492528915405273,31
000889,NEG,0,A42,0.019478848204016685,44
000890,NEG,0,A42,0.010259131900966167,37
000891,NEG,0,A42,0.02020517736673355,40
000892,NEG,0,A42,0.01699293963611126,37
000893,NEG,0,A42,0.008967451751232147,29
000894,NEG,0,A42,0.0057604131288826466,25
000895,NEG,0,A42,0.006475354544818401,25
000896,NEG,0,A42,0.006285614799708128,25
000897,NEG,0,A42,0.006069606635719538,24
000898,NEG,0,A42,0.008014912717044353,25
000899,NEG,0,A42,0.0074340663850307465,34
000900,NEG,0,A42,0.02305721305310726,35
000901,NEG,0,A42,0.059307992458343506,37
000902,NEG,0,A42,0.03545999899506569,26
000903,NEG,0,A42,0.03991428390145302,34
000904,NEG,0,A42,0.009320459328591824,29
000905,NEG,0,A42,0.009070200845599174,27
000906,NEG,0,A42,0.015432063490152359,27
000907,NEG,0,A42,0.007663288619369268,24
000908,NEG,0,A42,0.008988626301288605,19
000909,NEG,0,A42,0.011091945692896843,28
000910,NEG,0,A42,0.009938735514879227,20
000911,NEG,0,A42,0.011619191616773605,19
000912,NEG,0,A42,0.012190083973109722,22
000913,NEG,0,A42,0.013079103082418442,21
000914,NEG,0,A42,0.008430207148194313,20
000915,NEG,0,A42,0.007819809019565582,24
000916,NEG,0,A42,0.00479884585365653,24
000917,NEG,0,A42,0.005346807185560465,27
000918,NEG,0,A42,0.007514641620218754,24
000919,NEG,0,A42,0.008929809555411339,19
000920,NEG,0,A42,0.01833368092775345,20
000921,NEG,0,A42,0.009838469326496124,30
000922,NEG,0,A42,0.010490902699530125,38
000923,NEG,0,A42,0.008089371025562286,33
000924,NEG,0,A42,0.006978570483624935,33
000925,NEG,0,A42,0.007421494927257299,37
000926,NEG,0,A42,0.006864320952445269,39
000927,NEG,0,A42,0.010653134435415268,42
000928,NEG,0,A42,0.020736077800393105,38
000929,NEG,0,A42,0.033392712473869324,40
000930,NEG,0,A42,0.039349496364593506,41
000931,NEG,0,A42,0.02975420095026493,36
000932,NEG,0,A42,0.01595379039645195,35
000933,NEG,0,A42,0.04933367297053337,43
000934,NEG,0,A42,0.03215358033776283,44
000935,NEG,0,A42,0.047525644302368164,58
000936,NEG,0,A42,0.018722184002399445,64
000937,NEG,0,A42,0.006948656868189573,54
000938,NEG,0,A42,0.009544502943754196,49
000939,NEG,0,A42,0.00527163315564394,42
000940,NEG,0,A42,0.006377663929015398,47
000941,NEG,0,A42,0.007201062515377998,49
000942,NEG,0,A42,0.0075653670355677605,49
000943,NEG,0,A42,0.006156579591333866,43
000944,NEG,0,A42,0.008852005936205387,55
000945,NEG,0,A42,0.03487655520439148,50
000946,NEG,0,A42,0.04443418234586716,48
000947,NEG,0,A42,0.02239631488919258,40
000948,NEG,0,A42,0.00643747765570879,41
000949,NEG,0,A42,0.007250967435538769,34
000950,NEG,0,A42,0.007204778492450714,30
000951,NEG,0,A42,0.005903323646634817,30
000952,NEG,0,A42,0.007297186180949211,34
000953,NEG,0,A42,0.007574090734124184,28
000954,NEG,0,A42,0.006616515107452869,23
000955,NEG,0,A42,0.008318192325532436,32
000956,NEG,0,A42,0.00885855033993721,21
000957,NEG,0,A42,0.007928311824798584,26
000958,NEG,0,A42,0.009653513319790363,34
000959,NEG,0,A42,0.008090902119874954,35
000960,NEG,0,A42,0.010904282331466675,35
000961,NEG,0,A42,0.009601205587387085,34
000962,NEG,0,A42,0.0071794516406953335,31
000963,NEG,0,A42,0.013460966758430004,47
000964,NEG,0,A42,0.024968866258859634,51
000965,NEG,0,A42,0.020190710201859474,48
000966,NEG,0,A42,0.012757841497659683,39
000967,NEG,0,A42,0.017191026359796524,45
000968,NEG,0,A42,0.6369242668151855,40
000969,NEG,0,A42,0.30105093121528625,29
000970,NEG,0,A42,0.003756195306777954,17
000971,NEG,0,A42,0.008479985408484936,17
000972,NEG,0,A42,0.012226368300616741,4
000973,NEG,0,A42,0.0572393424808979,11
000974,NEG,0,A42,0.0069129192270338535,18
000975,NEG,0,A42,0.06701555103063583,9
000976,NEG,0,A42,0.031290505081415176,7
000977,NEG,0,A42,0.0030030051711946726,7
000978,NEG,0,A42,0.07864479720592499,19
000979,NEG,0,A42,0.010637525469064713,13
000980,NEG,0,A42,0.010710624977946281,12
000981,NEG,0,A42,0.08418306708335876,15
000982,NEG,0,A42,0.02418604865670204,12
000983,NEG,0,A42,0.032646771520376205,20
000984,NEG,0,A42,0.0067060161381959915,6
000985,NEG,0,A42,0.0032637694384902716,5
000986,NEG,0,A42,0.00609336793422699,4
000987,NEG,0,A42,0.009451258927583694,14
000988,NEG,0,A42,0.005551659967750311,6
000989,NEG,0,A42,0.06008053570985794,8
000990,NEG,0,A42,0.009200723841786385,15
000991,NEG,0,A42,0.018517857417464256,14
000992,NEG,0,A42,0.20503415167331696,12
000993,NEG,0,A42,0.2188967615365982,12
000994,NEG,0,A42,0.006162379868328571,12
000995,NEG,0,A42,0.012062197551131248,6
000996,NEG,0,A42,0.00509974779561162,14
000997,NEG,0,A42,0.021265733987092972,23
000998,NEG,0,A42,0.2055848091840744,20
000999,NEG,0,A42,0.010115165263414383,28
001000,NEG,0,A42,0.004374796990305185,24
001001,NEG,0,A42,0.005777714774012566,28
001002,NEG,0,A42,0.005601894110441208,35
001003,NEG,0,A42,0.005389799829572439,34
001004,NEG,0,A42,0.0076679931953549385,25
001005,NEG,0,A42,0.009437136352062225,27
001006,NEG,0,A42,0.01194674801081419,34
001007,NEG,0,A42,0.009051620028913021,44
001008,NEG,0,A42,0.30797961354255676,19
001009,NEG,0,A42,0.007826908491551876,23
001010,NEG,0,A42,0.0044546411372721195,17
001011,NEG,0,A42,0.00459199957549572,20
001012,NEG,0,A42,0.004189878702163696,22
001013,NEG,0,A42,0.045756321400403976,16
001014,NEG,0,A42,0.02389952726662159,24
001015,NEG,0,A42,0.015098828822374344,26
001016,NEG,0,A42,0.016475088894367218,28
001017,NEG,0,A42,0.008719779551029205,29
001018,NEG,0,A42,0.00780781265348196,31
001019,NEG,0,A42,0.009562361985445023,37
001020,NEG,0,A42,0.014814399182796478,32
001021,NEG,0,A42,0.012471921741962433,44
001022,NEG,0,A42,0.019286897033452988,50
001023,NEG,0,A42,0.15943442285060883,45
001024,NEG,0,A42,0.005982751026749611,32
001025,NEG,0,A42,0.006970680318772793,16
001026,NEG,0,A42,0.011678085662424564,16
001027,NEG,0,A42,0.04361346364021301,14
001028,NEG,0,A42,0.2544787526130676,13
001029,NEG,0,A42,0.05266553536057472,15
001030,NEG,0,A42,0.15340296924114227,8
001031,NEG,0,A42,0.33266639709472656,18
001032,NEG,0,A42,0.17585007846355438,20
001033,NEG,0,A42,0.23624752461910248,28
001034,NEG,0,A42,0.0966385081410408,24
001035,NEG,0,A42,0.010030394420027733,23
001036,NEG,0,A42,0.08341281116008759,22
001037,NEG,0,A42,0.06520051509141922,26
001038,NEG,0,A42,0.025007447227835655,42
001039,NEG,0,A42,0.017745565623044968,35
001040,NEG,0,A42,0.007004684302955866,34
001041,NEG,0,A42,0.005825996398925781,34
001042,NEG,0,A42,0.008785202167928219,45
001043,NEG,0,A42,0.01768704503774643,37
001044,NEG,0,A42,0.005578282289206982,32
001045,NEG,0,A42,0.006153948605060577,28
001046,NEG,0,A42,0.019343474879860878,31
001047,NEG,0,A42,0.009123261086642742,25
001048,NEG,0,A42,0.01062453631311655,31
001049,NEG,0,A42,0.014370444230735302,39
001050,NEG,0,A42,0.015147891826927662,31
001051,NEG,0,A42,0.01973661221563816,33
001052,NEG,0,A42,0.01726437360048294,48
001053,NEG,0,A42,0.02689599059522152,40
001054,NEG,0,A42,0.007868275046348572,33
001055,NEG,0,A42,0.009878662414848804,37
001056,NEG,0,A42,0.0163517277687788,34
001057,NEG,0,A42,0.00981660932302475,35
001058,NEG,0,A42,0.009707527235150337,25
001059,NEG,0,A42,0.008353281766176224,27
001060,NEG,0,A42,0.006667828653007746,30
001061,NEG,0,A42,0.0066164457239210606,27
001062,NEG,0,A42,0.007522793021053076,30
001063,NEG,0,A42,0.005938549060374498,33
001064,NEG,0,A42,0.005426261108368635,27
001065,NEG,0,A42,0.007964108139276505,28
001066,NEG,0,A42,0.00878662709146738,33
001067,NEG,0,A42,0.004785178229212761,28
001068,NEG,0,A42,0.009786098264157772,25
001069,NEG,0,A42,0.005389327649027109,26
001070,NEG,0,A42,0.009676579385995865,25
001071,NEG,0,A42,0.01124232355505228,27
001072,NEG,0,A42,0.011005192063748837,17
001073,NEG,0,A42,0.006633130367845297,22
001074,NEG,0,A42,0.03162076696753502,22
001075,NEG,0,A42,0.00634632958099246,24
001076,NEG,0,A42,0.004294048994779587,14
001077,NEG,0,A42,0.002937710378319025,7
001078,NEG,0,A42,0.002128488849848509,8
001079,NEG,0,A42,0.0021316600032150745,11
001080,NEG,0,A42,0.003603496588766575,18
001081,NEG,0,A42,0.010768581181764603,16
001082,NEG,0,A42,0.003821521531790495,24
001083,NEG,0,A42,0.00537436967715621,32
001084,NEG,0,A42,0.004145790822803974,25
001085,NEG,0,A42,0.004186094272881746,14
001086,NEG,0,A42,0.08833661675453186,26
001087,NEG,0,A42,0.006357431877404451,22
001088,NEG,0,A42,0.0043216790072619915,18
001089,NEG,0,A42,0.00775198545306921,21
001090,NEG,0,A42,0.011357113718986511,32
001091,NEG,0,A42,0.027649616822600365,17
001092,NEG,0,A42,0.04133648797869682,31
001093,NEG,0,A42,0.040254317224025726,28
001094,NEG,0,A42,0.013784418813884258,40
001095,NEG,0,A42,0.0192323699593544,47
001096,NEG,0,A42,0.03662322461605072,59
001097,NEG,0,A42,0.05977432429790497,49
001098,NEG,0,A42,0.05817829445004463,42
001099,NEG,0,A42,0.10198800265789032,41
001100,NEG,0,A42,0.07105153799057007,41
001101,NEG,0,A42,0.02737877517938614,37
001102,NEG,0,A42,0.02061329036951065,40
001103,NEG,0,A42,0.04288278520107269,44
001104,NEG,0,A42,0.03242446854710579,30
001105,NEG,0,A42,0.07946179062128067,27
001106,NEG,0,A42,0.039904821664094925,28
001107,NEG,0,A42,0.01645880937576294,37
001108,NEG,0,A42,0.006196707021445036,34
001109,NEG,0,A42,0.01774747669696808,35
001110,NEG,0,A42,0.007523426786065102,29
001111,NEG,0,A42,0.08882129937410355,25
001112,NEG,0,A42,0.010867561213672161,27
001113,NEG,0,A42,0.02246006764471531,24
001114,NEG,0,A42,0.018449878320097923,34
001115,NEG,0,A42,0.006574587430804968,35
001116,NEG,0,A42,0.0054530976340174675,25
001117,NEG,0,A42,0.008064226247370243,22
001118,NEG,0,A42,0.014048349112272263,15
001119,NEG,0,A42,0.008570363745093346,14
001120,NEG,0,A42,0.005750848911702633,17
001121,NEG,0,A42,0.0273999385535717,21
001122,NEG,0,A42,0.03713216260075569,20
001123,NEG,0,A42,0.02918669395148754,19
001124,NEG,0,A42,0.06739961355924606,19
001125,NEG,0,A42,0.10582414269447327,17
001126,NEG,0,A42,0.061122726649045944,21
001127,NEG,0,A42,0.036118004471063614,21
001128,NEG,0,A42,0.010498885065317154,17
001129,NEG,0,A42,0.014161696657538414,21
001130,NEG,0,A42,0.015089555643498898,17
001131,NEG,0,A42,0.020721878856420517,18
001132,NEG,0,A42,0.07301262766122818,14
001133,NEG,0,A42,0.033605173230171204,10
001134,NEG,0,A42,0.024684758856892586,16
001135,NEG,0,A42,0.027406049892306328,15
001136,NEG,0,A42,0.009719590656459332,25
001137,NEG,0,A42,0.047170352190732956,19
001138,NEG,0,A42,0.024404169991612434,21
001139,NEG,0,A42,0.010799640789628029,17
001140,NEG,0,A42,0.025161150842905045,20
001141,NEG,0,A42,0.11442814022302628,20
001142,NEG,0,A42,0.02764464169740677,22
001143,NEG,0,A42,0.049976542592048645,22
001144,NEG,0,A42,0.054995276033878326,18
001145,NEG,0,A42,0.2049759477376938,17
001146,NEG,0,A42,0.36031273007392883,14
001147,NEG,0,A42,0.6487776041030884,9
001148,NEG,0,A42,0.4289291799068451,8
001149,NEG,0,A42,0.1565326452255249,16
001150,NEG,0,A42,0.05509679764509201,17
001151,NEG,0,A42,0.08589817583560944,22
001152,NEG,0,A42,0.10997945070266724,20
001153,NEG,0,A42,0.11697179824113846,23
001154,NEG,0,A42,0.0651761069893837,21
001155,NEG,0,A42,0.16694501042366028,22
001156,NEG,0,A42,0.013792367652058601,25
001157,NEG,0,A42,0.02946190908551216,31
001158,NEG,0,A42,0.07503768056631088,30
001159,NEG,0,A42,0.034981127828359604,27
001160,NEG,0,A42,0.01825321651995182,27
001161,NEG,0,A42,0.011592280119657516,24
001162,NEG,0,A42,0.024046458303928375,29
001163,NEG,0,A42,0.018767643719911575,23
001164,NEG,0,A42,0.012399821542203426,28
001165,NEG,0,A42,0.00916796363890171,23
001166,NEG,0,A42,0.004998388700187206,8
001167,NEG,0,A42,0.00483892485499382,14
001168,NEG,0,A42,0.008792310021817684,14
001169,NEG,0,A42,0.004177952650934458,10
001170,NEG,0,A42,0.003668993478640914,16
001171,NEG,0,A42,0.003703760216012597,15
001172,NEG,0,A42,0.016155380755662918,10
001173,NEG,0,A42,0.004771735984832048,12
001174,NEG,0,A42,0.006897035054862499,11
001175,NEG,0,A42,0.024297136813402176,22
001176,NEG,0,A42,0.00724796112626791,20
001177,NEG,0,A42,0.029578067362308502,25
001178,NEG,0,A42,0.0027059651911258698,5
001179,NEG,0,A42,0.0022984168026596308,7
001180,NEG,0,A42,0.0018044678727164865,8
001181,NEG,0,A42,0.0024703696835786104,8
001182,NEG,0,A42,0.0020031502936035395,4
001183,NEG,0,A42,0.0021654251031577587,8
001184,NEG,0,A42,0.0019411257235333323,6
001185,NEG,0,A42,0.0015875628450885415,5
001186,NEG,0,A42,0.0022192683536559343,11
001187,NEG,0,A42,0.0012496772687882185,5
001188,NEG,0,A42,0.003932378254830837,9
001189,NEG,0,A42,0.0032201495487242937,7
001190,NEG,0,A42,0.0020855534821748734,9
001191,NEG,0,A42,0.002124551683664322,8
001192,NEG,0,A42,0.0027594654820859432,14
001193,NEG,0,A42,0.0010600636014714837,1
001194,NEG,0,A42,0.001764811691828072,6
001195,NEG,0,A42,0.0016096322797238827,4
001196,NEG,0,A42,0.0025640346575528383,10
001197,NEG,0,A42,0.0016181492246687412,5
001198,NEG,0,A42,0.07275135815143585,5
001199,NEG,0,A42,0.0036420398391783237,6
001200,NEG,0,A42,0.12953031063079834,5
001201,NEG,0,A42,0.0,0
001202,NEG,0,A42,0.0022711947094649076,3
001203,NEG,0,A42,0.0021583253983408213,3
001204,NEG,0,A42,0.006672065705060959,5
001205,NEG,0,A42,0.008439582772552967,3
001206,NEG,0,A42,0.04774211347103119,5
001207,NEG,0,A42,0.14640219509601593,6
001208,NEG,0,A42,0.17224472761154175,6
001209,NEG,0,A42,0.2005213052034378,5
001210,NEG,0,A42,0.0025694379583001137,13
001211,NEG,0,A42,0.003745422465726733,26
001212,NEG,0,A42,0.005526145454496145,30
001213,NEG,0,A42,0.004663353785872459,23
001214,NEG,0,A42,0.0053841788321733475,15
001215,NEG,0,A42,0.00794757530093193,21
001216,NEG,0,A42,0.0071281008422374725,23
001217,NEG,0,A42,0.016703106462955475,24
001218,NEG,0,A42,0.01760527864098549,30
001219,NEG,0,A42,0.01142590306699276,22
001220,NEG,0,A42,0.006836217362433672,18
001221,NEG,0,A42,0.007682657800614834,16
001222,NEG,0,A42,0.009398985654115677,20
001223,NEG,0,A42,0.015608253888785839,20
001224,NEG,0,A42,0.016587110236287117,18
001225,NEG,0,A42,0.007056822068989277,12
001226,NEG,0,A42,0.010359104722738266,15
001227,NEG,0,A42,0.015850024297833443,20
001228,NEG,0,A42,0.021543841809034348,24
001229,NEG,0,A42,0.01578318513929844,21
001230,NEG,0,A42,0.010338003747165203,15
001231,NEG,0,A42,0.018071090802550316,19
001232,NEG,0,A42,0.013981803320348263,15
001233,NEG,0,A42,0.016239412128925323,18
001234,NEG,0,A42,0.03420675918459892,12
001235,NEG,0,A42,0.003071795916184783,8
001236,NEG,0,A42,0.012072975747287273,6
001237,NEG,0,A42,0.0030498190317302942,8
001238,NEG,0,A42,0.003222461324185133,15
001239,NEG,0,A42,0.003527441993355751,17
001240,NEG,0,A42,0.003004904603585601,12
001241,NEG,0,A42,0.004838624037802219,18
001242,NEG,0,A42,0.0037252111360430717,19
001243,NEG,0,A42,0.0028513772413134575,24
001244,NEG,0,A42,0.004129433538764715,21
001245,NEG,0,A42,0.00410308875143528,30
001246,NEG,0,A42,0.005598880350589752,35
001247,NEG,0,A42,0.01958274282515049,36
001248,NEG,0,A42,0.011934252455830574,35
001249,NEG,0,A42,0.016363659873604774,27
001250,NEG,0,A42,0.0173116996884346,28
001251,NEG,0,A42,0.02903752401471138,26
001252,NEG,0,A42,0.013459262438118458,30
001253,NEG,0,A42,0.004169638268649578,17
001254,NEG,0,A42,0.007526325527578592,24
001255,NEG,0,A42,0.007109183352440596,24
001256,NEG,0,A42,0.006712040863931179,25
001257,NEG,0,A42,0.009499032981693745,25
001258,NEG,0,A42,0.006845835596323013,28
001259,NEG,0,A42,0.009597737342119217,27
001260,NEG,0,A42,0.008651903830468655,30
001261,NEG,0,A42,0.007825279608368874,28
001262,NEG,0,A42,0.006714412942528725,21
001263,NEG,0,A42,0.011484864167869091,27
001264,NEG,0,A42,0.011793259531259537,30
001265,NEG,0,A42,0.01931886188685894,31
001266,NEG,0,A42,0.007190196309238672,28
001267,NEG,0,A42,0.030439002439379692,38
001268,NEG,0,A42,0.02537095732986927,46
001269,NEG,0,A42,0.015900667756795883,39
001270,NEG,0,A42,0.0075476341880857944,32
001271,NEG,0,A42,0.008638173341751099,20
001272,NEG,0,A42,0.009699760936200619,25
001273,NEG,0,A42,0.0036478133406490088,19
001274,NEG,0,A42,0.013066504150629044,20
001275,NEG,0,A42,0.009820345789194107,20
001276,NEG,0,A42,0.008920151740312576,24
001277,NEG,0,A42,0.01037130318582058,26
001278,NEG,0,A42,0.010118832811713219,31
001279,NEG,0,A42,0.005697678308933973,29
001280,NEG,0,A42,0.004570298362523317,22
001281,NEG,0,A42,0.00591149739921093,21
001282,NEG,0,A42,0.0056985183618962765,21
001283,NEG,0,A42,0.003989681601524353,21
001284,NEG,0,A42,0.004482720512896776,24
001285,NEG,0,A42,0.006789397913962603,20
001286,NEG,0,A42,0.006627172697335482,23
001287,NEG,0,A42,0.003261725651100278,22
001288,NEG,0,A42,0.00489457743242383,17
001289,NEG,0,A42,0.00696219690144062,22
001290,NEG,0,A42,0.011901444755494595,21
001291,NEG,0,A42,0.005707005504518747,22
001292,NEG,0,A42,0.008724752813577652,26
001293,NEG,0,A42,0.008642363362014294,18
001294,NEG,0,A42,0.007309749722480774,21
001295,NEG,0,A42,0.008772231638431549,20
001296,NEG,0,A42,0.008902998641133308,25
001297,NEG,0,A42,0.0069001708179712296,18
001298,NEG,0,A42,0.004854898434132338,27
001299,NEG,0,A42,0.0037031956017017365,20
001300,NEG,0,A42,0.004266007803380489,19
001301,NEG,0,A42,0.006390306632965803,19
001302,NEG,0,A42,0.00416686711832881,15
001303,NEG,0,A42,0.010058596730232239,23
001304,NEG,0,A42,0.011657300405204296,22
001305,NEG,0,A42,0.010501272976398468,22
001306,NEG,0,A42,0.009752548299729824,23
001307,NEG,0,A42,0.01097890455275774,30
001308,NEG,0,A42,0.00697694206610322,23
001309,NEG,0,A42,0.003959308844059706,23
001310,NEG,0,A42,0.004319162108004093,19
001311,NEG,0,A42,0.003118180437013507,21
001312,NEG,0,A42,0.0031516938470304012,20
001313,NEG,0,A42,0.0032180319540202618,21
001314,NEG,0,A42,0.003531603142619133,22
001315,NEG,0,A42,0.003535733325406909,21
001316,NEG,0,A42,0.003475567325949669,20
001317,NEG,0,A42,0.006344705820083618,18
001318,NEG,0,A42,0.013582706451416016,21
001319,NEG,0,A42,0.022221725434064865,27
001320,NEG,0,A42,0.015158066526055336,25
001321,NEG,0,A42,0.029515007510781288,22
001322,NEG,0,A42,0.02417578734457493,24
001323,NEG,0,A42,0.03261370211839676,26
001324,NEG,0,A42,0.04283403977751732,26
001325,NEG,0,A42,0.0337393656373024,27
001326,NEG,0,A42,0.03969154879450798,33
001327,NEG,0,A42,0.011005870066583157,26
001328,NEG,0,A42,0.006676045246422291,24
001329,NEG,0,A42,0.003967331722378731,30
001330,NEG,0,A42,0.002390600275248289,19
001331,NEG,0,A42,0.004392999690026045,23
001332,NEG,0,A42,0.004186559468507767,24
001333,NEG,0,A42,0.0049134185537695885,22
001334,NEG,0,A42,0.004838511813431978,13
001335,NEG,0,A42,0.003234559204429388,10
001336,NEG,0,A42,0.0037177063059061766,21
001337,NEG,0,A42,0.0036506701726466417,21
001338,NEG,0,A42,0.003753626486286521,23
001339,NEG,0,A42,0.004096330609172583,14
001340,NEG,0,A42,0.08163400739431381,19
001341,NEG,0,A42,0.04279349371790886,16
001342,NEG,0,A42,0.024094142019748688,20
001343,NEG,0,A42,0.005837157368659973,11
001344,NEG,0,A42,0.01166430115699768,16
001345,NEG,0,A42,0.0351482592523098,28
001346,NEG,0,A42,0.03794844076037407,21
001347,NEG,0,A42,0.021039742976427078,25
001348,NEG,0,A42,0.01784784533083439,28
001349,NEG,0,A42,0.011923895217478275,23
001350,NEG,0,A42,0.019852938130497932,29
001351,NEG,0,A42,0.014881275594234467,33
001352,NEG,0,A42,0.011193678714334965,34
001353,NEG,0,A42,0.01794786937534809,32
001354,NEG,0,A42,0.023160669952630997,25
001355,NEG,0,A42,0.020381156355142593,26
001356,NEG,0,A42,0.01021487731486559,23
001357,NEG,0,A42,0.012394263409078121,25
001358,NEG,0,A42,0.011520442552864552,31
001359,NEG,0,A42,0.008238231763243675,22
001360,NEG,0,A42,0.01894056797027588,23
001361,NEG,0,A42,0.011521418578922749,22
001362,NEG,0,A42,0.007158042397350073,22
001363,NEG,0,A42,0.01166876032948494,20
001364,NEG,0,A42,0.010974504053592682,18
001365,NEG,0,A42,0.011660251766443253,19
001366,NEG,0,A42,0.022453410550951958,29
001367,NEG,0,A42,0.00946369580924511,23
001368,NEG,0,A42,0.006065206602215767,20
001369,NEG,0,A42,0.006910795345902443,16
001370,NEG,0,A42,0.026379896327853203,23
001371,NEG,0,A42,0.025681421160697937,22
001372,NEG,0,A42,0.017418671399354935,27
001373,NEG,0,A42,0.010152995586395264,31
001374,NEG,0,A42,0.016704563051462173,44
001375,NEG,0,A42,0.02457639016211033,53
001376,NEG,0,A42,0.022777561098337173,51
001377,NEG,0,A42,0.017525985836982727,49
001378,NEG,0,A42,0.015336706303060055,51
001379,NEG,0,A42,0.06351429224014282,40
001380,NEG,0,A42,0.05078398808836937,37
001381,NEG,0,A42,0.04813198372721672,45
001382,NEG,0,A42,0.06412772834300995,40
001383,NEG,0,A42,0.03491261973977089,32
001384,NEG,0,A42,0.043269287794828415,34
001385,NEG,0,A42,0.03207680210471153,31
001386,NEG,0,A42,0.006237959489226341,27
001387,NEG,0,A42,0.004891798831522465,20
001388,NEG,0,A42,0.007589866407215595,29
001389,NEG,0,A42,0.007588881999254227,22
001390,NEG,0,A42,0.015963571146130562,49
001391,NEG,0,A42,0.010709992609918118,35
001392,NEG,0,A42,0.007236490026116371,32
001393,NEG,0,A42,0.005071382503956556,29
001394,NEG,0,A42,0.013455989770591259,39
001395,NEG,0,A42,0.31803271174430847,35
001396,NEG,0,A42,0.22830525040626526,34
001397,NEG,0,A42,0.26184412837028503,31
001398,NEG,0,A42,0.006644838489592075,23
001399,NEG,0,A42,0.039870306849479675,28
001400,NEG,0,A42,0.04954461380839348,25
001401,NEG,0,A42,0.2169792354106903,22
001402,NEG,0,A42,0.22378431260585785,25
001403,NEG,0,A42,0.38145965337753296,18
001404,NEG,0,A42,0.27948978543281555,19
001405,NEG,0,A42,0.179914653301239,17
001406,NEG,0,A42,0.2722943127155304,12
001407,NEG,0,A42,0.3831617534160614,9
001408,NEG,0,A42,0.5327290296554565,18
001409,NEG,0,A42,0.270426481962204,27
001410,NEG,0,A42,0.15376988053321838,35
001411,NEG,0,A42,0.023442991077899933,42
001412,NEG,0,A42,0.06712950021028519,43
001413,NEG,0,A42,0.020868854597210884,32
001414,NEG,0,A42,0.013583733700215816,34
001415,NEG,0,A42,0.0887579470872879,36
001416,NEG,0,A42,0.03392155095934868,39
001417,NEG,0,A42,0.024076925590634346,27
001418,NEG,0,A42,0.0828503742814064,14
001419,NEG,0,A42,0.07185228168964386,17
001420,NEG,0,A42,0.06860162317752838,19
001421,NEG,0,A42,0.0406501442193985,31
001422,NEG,0,A42,0.013565695844590664,35
001423,NEG,0,A42,0.015089882537722588,33
001424,NEG,0,A42,0.009873509407043457,43
001425,NEG,0,A42,0.02149755135178566,42
001426,NEG,0,A42,0.10348386317491531,36
001427,NEG,0,A42,0.05770370364189148,44
001428,NEG,0,A42,0.0886605829000473,39
001429,NEG,0,A42,0.022209491580724716,37
001430,NEG,0,A42,0.009646603837609291,38
001431,NEG,0,A42,0.01007916685193777,38
001432,NEG,0,A42,0.025961048901081085,35
001433,NEG,0,A42,0.008747252635657787,32
001434,NEG,0,A42,0.035999517887830734,35
001435,NEG,0,A42,0.07378068566322327,32
001436,NEG,0,A42,0.014970553107559681,34
001437,NEG,0,A42,0.08999820798635483,32
001438,NEG,0,A42,0.1644994169473648,36
001439,NEG,0,A42,0.19304975867271423,34
001440,NEG,0,A42,0.03776387497782707,32
001441,NEG,0,A42,0.012862954288721085,29
001442,NEG,0,A42,0.022336162626743317,30
001443,NEG,0,A42,0.0573681965470314,34
001444,NEG,0,A42,0.013480857014656067,39
001445,NEG,0,A42,0.010232864879071712,36
001446,NEG,0,A42,0.06037720665335655,38
001447,NEG,0,A42,0.1751576066017151,29
001448,NEG,0,A42,0.14898690581321716,39
001449,NEG,0,A42,0.1694696843624115,30
001450,NEG,0,A42,0.16335757076740265,29
001451,NEG,0,A42,0.07371854037046432,29
001452,NEG,0,A42,0.11661185324192047,24
001453,NEG,0,A42,0.003615130204707384,12
001454,NEG,0,A42,0.11538086831569672,20
001455,NEG,0,A42,0.016540080308914185,22
001456,NEG,0,A42,0.04565092548727989,22
001457,NEG,0,A42,0.0065882387571036816,18
001458,NEG,0,A42,0.07661404460668564,17
001459,NEG,0,A42,0.046968575567007065,17
001460,NEG,0,A42,0.05310720577836037,13
001461,NEG,0,A42,0.032225195318460464,23
001462,NEG,0,A42,0.004137668292969465,14
001463,NEG,0,A42,0.011464337818324566,9
001464,NEG,0,A42,0.006196583155542612,13
001465,NEG,0,A42,0.017017792910337448,13
001466,NEG,0,A42,0.010441095568239689,23
001467,NEG,0,A42,0.013844052329659462,24
001468,NEG,0,A42,0.011191478930413723,20
001469,NEG,0,A42,0.015195641666650772,22
001470,NEG,0,A42,0.015214342623949051,21
001471,NEG,0,A42,0.01329391822218895,19
001472,NEG,0,A42,0.15476146340370178,21
001473,NEG,0,A42,0.12635259330272675,21
001474,NEG,0,A42,0.018196754157543182,23
001475,NEG,0,A42,0.0601205937564373,23
001476,NEG,0,A42,0.009592336602509022,23
001477,NEG,0,A42,0.03393455222249031,25
001478,NEG,0,A42,0.005012029316276312,23
001479,NEG,0,A42,0.010149158537387848,25
001480,NEG,0,A42,0.007148330565541983,24
001481,NEG,0,A42,0.012041849084198475,25
001482,NEG,0,A42,0.02919812686741352,24
001483,NEG,0,A42,0.02593565359711647,27
001484,NEG,0,A42,0.006421874277293682,26
001485,NEG,0,A42,0.007426927797496319,26
001486,NEG,0,A42,0.00931545440107584,25
001487,NEG,0,A42,0.00825598556548357,24
001488,NEG,0,A42,0.008612514473497868,23
001489,NEG,0,A42,0.014895115979015827,24
001490,NEG,0,A42,0.013568440452218056,22
001491,NEG,0,A42,0.016897547990083694,27
001492,NEG,0,A42,0.021899113431572914,27
001493,NEG,0,A42,0.013620925135910511,31
001494,NEG,0,A42,0.012967578135430813,34
001495,NEG,0,A42,0.022953905165195465,37
001496,NEG,0,A42,0.034057874232530594,32
001497,NEG,0,A42,0.01567482016980648,32
001498,NEG,0,A42,0.042700283229351044,37
001499,NEG,0,A42,0.04886620119214058,43
001500,NEG,0,A42,0.08732347190380096,48
001501,NEG,0,A42,0.09630906581878662,43
001502,NEG,0,A42,0.09777528792619705,42
001503,NEG,0,A42,0.241417795419693,41
001504,NEG,0,A42,0.08506671339273453,47
001505,NEG,0,A42,0.10000196099281311,53
001506,NEG,0,A42,0.09225983172655106,51
001507,NEG,0,A42,0.112032450735569,40
001508,NEG,0,A42,0.08419637382030487,49
001509,NEG,0,A42,0.06398764997720718,44
001510,NEG,0,A42,0.07806169241666794,48
001511,NEG,0,A42,0.058611270040273666,56
001512,NEG,0,A42,0.06708576530218124,51
001513,NEG,0,A42,0.05082876235246658,52
001514,NEG,0,A42,0.05040493980050087,46
001515,NEG,0,A42,0.037972595542669296,41
001516,NEG,0,A42,0.05987447127699852,42
001517,NEG,0,A42,0.042908430099487305,44
001518,NEG,0,A42,0.06738630682229996,43
001519,NEG,0,A42,0.043313585221767426,42
001520,NEG,0,A42,0.029769981279969215,42
001521,NEG,0,A42,0.017897000536322594,39
001522,NEG,0,A42,0.08274275064468384,38
001523,NEG,0,A42,0.015820655971765518,34
001524,NEG,0,A42,0.025251979008316994,39
001525,NEG,0,A42,0.017578141763806343,30
001526,NEG,0,A42,0.016329584643244743,35
001527,NEG,0,A42,0.01930258795619011,36
001528,NEG,0,A42,0.034810036420822144,35
001529,NEG,0,A42,0.033175379037857056,40
001530,NEG,0,A42,0.025172172114253044,41
001531,NEG,0,A42,0.043807242065668106,44
001532,NEG,0,A42,0.043555863201618195,36
001533,NEG,0,A42,0.04956075921654701,33
001534,NEG,0,A42,0.03982296586036682,31
001535,NEG,0,A42,0.01896214485168457,42
001536,NEG,0,A42,0.018897293135523796,38
001537,NEG,0,A42,0.02531207911670208,40
001538,NEG,0,A42,0.024152636528015137,29
001539,NEG,0,A42,0.02723832055926323,40
001540,NEG,0,A42,0.04037703573703766,34
001541,NEG,0,A42,0.015584428794682026,39
001542,NEG,0,A42,0.023973625153303146,40
001543,NEG,0,A42,0.021075887605547905,44
001544,NEG,0,A42,0.022235993295907974,38
001545,NEG,0,A42,0.018860507756471634,40
001546,NEG,0,A42,0.02624562382698059,41
001547,NEG,0,A42,0.019255606457591057,36
001548,NEG,0,A42,0.009221795946359634,37
001549,NEG,0,A42,0.00732827465981245,35
001550,NEG,0,A42,0.009558591060340405,31
001551,NEG,0,A42,0.007772768847644329,28
001552,NEG,0,A42,0.010741266421973705,37
001553,NEG,0,A42,0.010040759108960629,35
001554,NEG,0,A42,0.008544552139937878,38
001555,NEG,0,A42,0.011366503313183784,42
001556,NEG,0,A42,0.009081714786589146,43
001557,NEG,0,A42,0.010461180470883846,39
001558,NEG,0,A42,0.010667819529771805,35
001559,NEG,0,A42,0.009130631573498249,34
001560,NEG,0,A42,0.012430567294359207,38
001561,NEG,0,A42,0.012124720960855484,27
001562,NEG,0,A42,0.009368635714054108,32
001563,NEG,0,A42,0.006998809520155191,35
001564,NEG,0,A42,0.011716539971530437,27
001565,NEG,0,A42,0.012206113897264004,36
001566,NEG,0,A42,0.011575354263186455,34
001567,NEG,0,A42,0.006568836979568005,30
001568,NEG,0,A42,0.0064660594798624516,27
001569,NEG,0,A42,0.007950346916913986,31
001570,NEG,0,A42,0.009384524077177048,40
001571,NEG,0,A42,0.005196359474211931,32
001572,NEG,0,A42,0.010516386479139328,39
001573,NEG,0,A42,0.013164440169930458,36
001574,NEG,0,A42,0.01574653759598732,34
001575,NEG,0,A42,0.01713583990931511,37
001576,NEG,0,A42,0.025558682158589363,35
001577,NEG,0,A42,0.05183238536119461,41
001578,NEG,0,A42,0.02453392744064331,35
001579,NEG,0,A42,0.06244824826717377,32
001580,NEG,0,A42,0.03632827475667,40
001581,NEG,0,A42,0.020075511187314987,34
001582,NEG,0,A42,0.007055201567709446,27
001583,NEG,0,A42,0.006906963884830475,27
001584,NEG,0,A42,0.008596783503890038,18
001585,NEG,0,A42,0.00782797485589981,21
001586,NEG,0,A42,0.007519956678152084,20
001587,NEG,0,A42,0.009245316497981548,25
001588,NEG,0,A42,0.008292268961668015,26
001589,NEG,0,A42,0.009037544950842857,24
001590,NEG,0,A42,0.012521220371127129,28
001591,NEG,0,A42,0.008279510773718357,25
001592,NEG,0,A42,0.01269654929637909,31
001593,NEG,0,A42,0.008564016781747341,30
001594,NEG,0,A42,0.007144114468246698,21
001595,NEG,0,A42,0.028031283989548683,24
001596,NEG,0,A42,0.012880337424576283,21
001597,NEG,0,A42,0.009745795279741287,23
001598,NEG,0,A42,0.011924821883440018,24
001599,NEG,0,A42,0.008072813041508198,36
001600,NEG,0,A42,0.004790506791323423,35
001601,NEG,0,A42,0.004584662616252899,41
001602,NEG,0,A42,0.012675299309194088,38
001603,NEG,0,A42,0.0035748323425650597,29
001604,NEG,0,A42,0.008031701669096947,46
001605,NEG,0,A42,0.008567936718463898,40
001606,NEG,0,A42,0.005372112151235342,39
001607,NEG,0,A42,0.009488728828728199,43
001608,NEG,0,A42,0.005419617984443903,35
001609,NEG,0,A42,0.005856064613908529,34
001610,NEG,0,A42,0.012191674672067165,34
001611,NEG,0,A42,0.02330327406525612,38
001612,NEG,0,A42,0.024921312928199768,37
001613,NEG,0,A42,0.010518603958189487,29
001614,NEG,0,A42,0.014712680131196976,34
001615,NEG,0,A42,0.00911705195903778,35
001616,NEG,0,A42,0.00907811988145113,26
001617,NEG,0,A42,0.007008927408605814,28
001618,NEG,0,A42,0.006060212850570679,35
001619,NEG,0,A42,0.0073525370098650455,39
001620,NEG,0,A42,0.010667909868061543,61
001621,NEG,0,A42,0.00489429896697402,49
001622,NEG,0,A42,0.005417410749942064,44
001623,NEG,0,A42,0.005014555063098669,36
001624,NEG,0,A42,0.01438592653721571,31
001625,NEG,0,A42,0.009729698300361633,40
001626,NEG,0,A42,0.007565539330244064,43
001627,NEG,0,A42,0.0067731402814388275,44
001628,NEG,0,A42,0.005184405483305454,37
001629,NEG,0,A42,0.005026875529438257,44
001630,NEG,0,A42,0.005533223040401936,35
001631,NEG,0,A42,0.007181225344538689,42
001632,NEG,0,A42,0.007711284328252077,38
001633,NEG,0,A42,0.009883569553494453,37
001634,NEG,0,A42,0.007276869844645262,35
001635,NEG,0,A42,0.006812013685703278,37
001636,NEG,0,A42,0.007341068238019943,39
001637,NEG,0,A42,0.007536465767771006,40
001638,NEG,0,A42,0.006550860591232777,40
001639,NEG,0,A42,0.006058874540030956,43
001640,NEG,0,A42,0.006163513287901878,40
001641,NEG,0,A42,0.008875137194991112,36
001642,NEG,0,A42,0.008538358844816685,38
001643,NEG,0,A42,0.008750498294830322,35
001644,NEG,0,A42,0.007157784886658192,31
001645,NEG,0,A42,0.005937780719250441,30
001646,NEG,0,A42,0.009038301184773445,37
001647,NEG,0,A42,0.02380329743027687,37
001648,NEG,0,A42,0.04105500876903534,35
001649,NEG,0,A42,0.009985638782382011,29
001650,NEG,0,A42,0.007299839984625578,34
001651,NEG,0,A42,0.48378604650497437,11
001652,NEG,0,A42,0.0974750965833664,8
001653,NEG,0,A42,0.005420225206762552,9
001654,NEG,0,A42,0.004342868458479643,3
001655,NEG,0,A42,0.005190559662878513,6
001656,NEG,0,A42,0.004118871875107288,9
001657,NEG,0,A42,0.004727213643491268,10
001658,NEG,0,A42,0.00442097382619977,8
001659,NEG,0,A42,0.004555315710604191,10
001660,NEG,0,A42,0.005096137523651123,9
001661,NEG,0,A42,0.007438466418534517,11
001662,NEG,0,A42,0.006169544532895088,13
001663,NEG,0,A42,0.01098669320344925,17
001664,NEG,0,A42,0.00855746865272522,16
001665,NEG,0,A42,0.0059271398931741714,19
001666,NEG,0,A42,0.0063116722740232944,21
001667,NEG,0,A42,0.006061057094484568,20
001668,NEG,0,A42,0.00863107480108738,26
001669,NEG,0,A42,0.006722868420183659,23
001670,NEG,0,A42,0.005134181585162878,21
001671,NEG,0,A42,0.005104007665067911,19
001672,NEG,0,A42,0.0066824136301875114,27
001673,NEG,0,A42,0.00758991576731205,15
001674,NEG,0,A42,0.0062340060248970985,18
001675,NEG,0,A42,0.007282518316060305,17
001676,NEG,0,A42,0.006130943074822426,16
001677,NEG,0,A42,0.005637479946017265,14
001678,NEG,0,A42,0.005562194623053074,16
001679,NEG,0,A42,0.007866038009524345,18
001680,NEG,0,A42,0.005922424606978893,16
001681,NEG,0,A42,0.007005244959145784,18
001682,NEG,0,A42,0.004924115724861622,16
001683,NEG,0,A42,0.00647917203605175,17
001684,NEG,0,A42,0.005162651650607586,20
001685,NEG,0,A42,0.00791770126670599,23
001686,NEG,0,A42,0.006059741601347923,26
001687,NEG,0,A42,0.005231364164501429,19
001688,NEG,0,A42,0.0052900733426213264,24
001689,NEG,0,A42,0.006062005180865526,28
001690,NEG,0,A42,0.00512353703379631,29
001691,NEG,0,A42,0.006403142120689154,24
001692,NEG,0,A42,0.0055483486503362656,23
001693,NEG,0,A42,0.008725028485059738,31
001694,NEG,0,A42,0.006789323873817921,33
001695,NEG,0,A42,0.003402329282835126,17
001696,NEG,0,A42,0.0058650546707212925,23
001697,NEG,0,A42,0.01254032552242279,28
001698,NEG,0,A42,0.021938174962997437,32
001699,NEG,0,A42,0.006525126285851002,33
001700,NEG,0,A42,0.005809718742966652,30
001701,NEG,0,A42,0.005152725614607334,25
001702,NEG,0,A42,0.006866021081805229,31
001703,NEG,0,A42,0.006219108588993549,27
001704,NEG,0,A42,0.00425473228096962,23
001705,NEG,0,A42,0.005318199750036001,21
001706,NEG,0,A42,0.007103699259459972,13
001707,NEG,0,A42,0.0075267283245921135,17
001708,NEG,0,A42,0.0037373173981904984,12
001709,NEG,0,A42,0.0036912302020937204,12
001710,NEG,0,A42,0.003465658985078335,11
001711,NEG,0,A42,0.003974370192736387,10
001712,NEG,0,A42,0.004520094953477383,13
001713,NEG,0,A42,0.004452262539416552,22
001714,NEG,0,A42,0.007224390283226967,24
001715,NEG,0,A42,0.02569916844367981,31
001716,NEG,0,A42,0.004594382364302874,13
001717,NEG,0,A42,0.0024530256632715464,10
001718,NEG,0,A42,0.0030465847812592983,7
001719,NEG,0,A42,0.0022388293873518705,5
001720,NEG,0,A42,0.002527314703911543,12
001721,NEG,0,A42,0.0019119541393592954,6
001722,NEG,0,A42,0.0,0
001723,NEG,0,A42,0.007798989303410053,6
001724,NEG,0,A42,0.006977483630180359,8
001725,NEG,0,A42,0.0013286618050187826,2
001726,NEG,0,A42,0.0023912282194942236,7
001727,NEG,0,A42,0.004997096490114927,15
001728,NEG,0,A42,0.0068841977044939995,18
001729,NEG,0,A42,0.06983372569084167,4
001730,NEG,0,A42,0.046543654054403305,9
001731,NEG,0,A42,0.23583188652992249,2
001732,NEG,0,A42,0.29488706588745117,3
001733,NEG,0,A42,0.2223365753889084,5
001734,NEG,0,A42,0.29170820116996765,3
001735,NEG,0,A42,0.5072452425956726,2
001736,NEG,0,A42,0.366997092962265,3
001737,NEG,0,A42,0.4356861114501953,4
001738,NEG,0,A42,0.4154651165008545,2
001739,NEG,0,A42,0.3038356900215149,2
001740,NEG,0,A42,0.5226956605911255,2
001741,NEG,0,A42,0.15816831588745117,3
001742,NEG,0,A42,0.31827735900878906,2
001743,NEG,0,A42,0.3785448968410492,2
001744,NEG,0,A42,0.25843536853790283,3
001745,NEG,0,A42,0.28194665908813477,2
001746,NEG,0,A42,0.03126818314194679,1
001747,NEG,0,A42,0.07185136526823044,3
001748,NEG,0,A42,0.030531425029039383,2
001749,NEG,0,A42,0.0181802436709404,5
001750,NEG,0,A42,0.03125333786010742,3
001751,NEG,0,A42,0.05772123858332634,7
001752,NEG,0,A42,0.002481008879840374,3
001753,NEG,0,A42,0.030550865456461906,8
001754,NEG,0,A42,0.05275817960500717,5
001755,NEG,0,A42,0.1005239263176918,7
001756,NEG,0,A42,0.028007442131638527,5
001757,NEG,0,A42,0.04960120469331741,4
001758,NEG,0,A42,0.17749425768852234,8
001759,NEG,0,A42,0.07290391623973846,7
001760,NEG,0,A42,0.11143166571855545,9
001761,NEG,0,A42,0.028209952637553215,4
001762,NEG,0,A42,0.012835036963224411,7
001763,NEG,0,A42,0.03327866643667221,7
001764,NEG,0,A42,0.051858313381671906,5
001765,NEG,0,A42,0.07284633815288544,3
001766,NEG,0,A42,0.08701632916927338,3
001767,NEG,0,A42,0.008876701816916466,2
001768,NEG,0,A42,0.017265697941184044,3
001769,NEG,0,A42,0.035197336226701736,4
001770,NEG,0,A42,0.13540080189704895,5
001771,NEG,0,A42,0.21827220916748047,4
001772,NEG,0,A42,0.12316423654556274,5
001773,NEG,0,A42,0.20806144177913666,5
001774,NEG,0,A42,0.08084343373775482,2
001775,NEG,0,A42,0.1783478558063507,4
001776,NEG,0,A42,0.18789322674274445,2
001777,NEG,0,A42,0.28234148025512695,3
001778,NEG,0,A42,0.12477473169565201,4
001779,NEG,0,A42,0.06238032877445221,6
001780,NEG,0,A42,0.05366363376379013,4
001781,NEG,0,A42,0.007704908028244972,4
001782,NEG,0,A42,0.008658663369715214,3
001783,NEG,0,A42,0.05238956958055496,2
001784,NEG,0,A42,0.04012936353683472,3
001785,NEG,0,A42,0.05055573955178261,4
001786,NEG,0,A42,0.09931519627571106,3
001787,NEG,0,A42,0.1163131445646286,2
001788,NEG,0,A42,0.10355555266141891,2
001789,NEG,0,A42,0.14951524138450623,2
001790,NEG,0,A42,0.07842505723237991,4
001791,NEG,0,A42,0.10326937586069107,2
001792,NEG,0,A42,0.06844932585954666,2
001793,NEG,0,A42,0.027183957397937775,2
001794,NEG,0,A42,0.06491216272115707,3
001795,NEG,0,A42,0.030977332964539528,2
001796,NEG,0,A42,0.04562973976135254,3
001797,NEG,0,A42,0.1343896985054016,5
001798,NEG,0,A42,0.16398102045059204,5
001799,NEG,0,A42,0.11531577259302139,4
001800,NEG,0,A42,0.12797395884990692,5
001801,NEG,0,A42,0.024536527693271637,2
001802,NEG,0,A42,0.03197338804602623,3
001803,NEG,0,A42,0.09417520463466644,5
001804,NEG,0,A42,0.020448725670576096,2
001805,NEG,0,A42,0.03548895940184593,4
001806,NEG,0,A42,0.021485859528183937,4
001807,NEG,0,A42,0.03861507400870323,3
001808,NEG,0,A42,0.04181556776165962,5
001809,NEG,0,A42,0.023889418691396713,2
001810,NEG,0,A42,0.04835035279393196,2
001811,NEG,0,A42,0.010796482674777508,3
001812,NEG,0,A42,0.029000120237469673,3
001813,NEG,0,A42,0.021168572828173637,2
001814,NEG,0,A42,0.1493590623140335,7
001815,NEG,0,A42,0.12294621020555496,4
001816,NEG,0,A42,0.18034450709819794,2
001817,NEG,0,A42,0.019338972866535187,4
001818,NEG,0,A42,0.20892837643623352,4
001819,NEG,0,A42,0.16263456642627716,4
001820,NEG,0,A42,0.09659771621227264,3
001821,NEG,0,A42,0.02156849019229412,3
001822,NEG,0,A42,0.006311540957540274,2
001823,NEG,0,A42,0.0919317826628685,10
001824,NEG,0,A42,0.13503825664520264,12
001825,NEG,0,A42,0.06603589653968811,9
001826,NEG,0,A42,0.09951182454824448,10
001827,NEG,0,A42,0.31430432200431824,14
001828,NEG,0,A42,0.4067222774028778,16
001829,NEG,0,A42,0.14347505569458008,2
001830,NEG,0,A42,0.025308705866336823,2
001831,NEG,0,A42,0.04850181192159653,11
001832,NEG,0,A42,0.41022342443466187,2
001833,NEG,0,A42,0.4625534117221832,2
001834,NEG,0,A42,0.4764631390571594,2
001835,NEG,0,A42,0.3340762257575989,2
001836,NEG,0,A42,0.5321164727210999,2
001837,NEG,0,A42,0.34500226378440857,1
001838,NEG,0,A42,0.15646938979625702,2
001839,NEG,0,A42,0.0035948390141129494,1
001840,NEG,0,A42,0.001695004990324378,1
001841,NEG,0,A42,0.0013192923506721854,1
001842,NEG,0,A42,0.005291265435516834,2
001843,NEG,0,A42,0.011459529399871826,2
001844,NEG,0,A42,0.040128957480192184,1
001845,NEG,0,A42,0.2323925793170929,1
001846,NEG,0,A42,0.026722250506281853,1
001847,NEG,0,A42,0.08621740341186523,1
001848,NEG,0,A42,0.03565723076462746,1
001849,NEG,0,A42,0.09413209557533264,1
001850,NEG,0,A42,0.39845189452171326,2
001851,NEG,0,A42,0.47209569811820984,1
001852,NEG,0,A42,0.41127321124076843,2
001853,NEG,0,A42,0.35741156339645386,1
001854,NEG,0,A42,0.2912499010562897,2
001855,NEG,0,A42,0.01285193394869566,1
001856,NEG,0,A42,0.24784144759178162,2
001857,NEG,0,A42,0.17679287493228912,2
001858,NEG,0,A42,0.2675843834877014,2
001859,NEG,0,A42,0.11824343353509903,1
001860,NEG,0,A42,0.016614675521850586,2
001861,NEG,0,A42,0.13764585554599762,5
001862,NEG,0,A42,0.15094052255153656,7
001863,NEG,0,A42,0.10245659202337265,3
001864,NEG,0,A42,0.05522431060671806,4
001865,NEG,0,A42,0.36881187558174133,2
001866,NEG,0,A42,0.37426993250846863,3
001867,NEG,0,A42,0.29694664478302,4
001868,NEG,0,A42,0.4816628694534302,1
001869,NEG,0,A42,0.1268634796142578,1
001870,NEG,0,A42,0.09810062497854233,1
001871,NEG,0,A42,0.2865177094936371,2
001872,NEG,0,A42,0.011368448846042156,2
001873,NEG,0,A42,0.0,0
001874,NEG,0,A42,0.0,0
001875,NEG,0,A42,0.0,0
001876,NEG,0,A42,0.0,0
001877,NEG,0,A42,0.0,0
001878,NEG,0,A42,0.01078797597438097,1
001879,NEG,0,A42,0.004840971902012825,7
001880,NEG,0,A42,0.0022140161599963903,1
001881,NEG,0,A42,0.004058427177369595,5
001882,NEG,0,A42,0.0010350922821089625,1
001883,NEG,0,A42,0.051822077482938766,1
001884,NEG,0,A42,0.00628299405798316,4
001885,NEG,0,A42,0.16106680035591125,5
001886,NEG,0,A42,0.08862313628196716,3
001887,NEG,0,A42,0.3231066167354584,3
001888,NEG,0,A42,0.04526042565703392,4
001889,NEG,0,A42,0.13988377153873444,2
001890,NEG,0,A42,0.39807358384132385,3
001891,NEG,0,A42,0.37733539938926697,3
001892,NEG,0,A42,0.19043391942977905,3
001893,NEG,0,A42,0.05486229807138443,8
001894,NEG,0,A42,0.09357137978076935,7
001895,NEG,0,A42,0.0615730956196785,8
001896,NEG,0,A42,0.11548636108636856,6
001897,NEG,0,A42,0.013124939985573292,15
001898,NEG,0,A42,0.20440253615379333,4
001899,NEG,0,A42,0.1526423841714859,3
001900,NEG,0,A42,0.16446463763713837,3
001901,NEG,0,A42,0.030504561960697174,8
001902,NEG,0,A42,0.03071850724518299,8
001903,NEG,0,A42,0.04019836708903313,6
001904,NEG,0,A42,0.2869044542312622,7
001905,NEG,0,A42,0.24107614159584045,7
001906,NEG,0,A42,0.1868838667869568,4
001907,NEG,0,A42,0.0070498124696314335,2
001908,NEG,0,A42,0.011306689120829105,14
001909,NEG,0,A42,0.6372113823890686,9
001910,NEG,0,A42,0.01171327754855156,11
001911,NEG,0,A42,0.3148671090602875,7
001912,NEG,0,A42,0.040849678218364716,6
001913,NEG,0,A42,0.5867120623588562,6
001914,NEG,0,A42,0.04307263717055321,5
001915,NEG,0,A42,0.20207571983337402,6
001916,NEG,0,A42,0.012791397981345654,3
001917,NEG,0,A42,0.020316002890467644,3
001918,NEG,0,A42,0.0950007513165474,5
001919,NEG,0,A42,0.01312218513339758,15
001920,NEG,0,A42,0.011817095801234245,16
001921,NEG,0,A42,0.04961005970835686,7
001922,NEG,0,A42,0.0066205719485878944,13
001923,NEG,0,A42,0.010782059282064438,11
001924,NEG,0,A42,0.02404569461941719,7
001925,NEG,0,A42,0.03310089930891991,9
001926,NEG,0,A42,0.04915422946214676,9
001927,NEG,0,A42,0.052611347287893295,6
001928,NEG,0,A42,0.043991509824991226,6
001929,NEG,0,A42,0.12091052532196045,5
001930,NEG,0,A42,0.03979877755045891,16
001931,NEG,0,A42,0.10895078629255295,14
001932,NEG,0,A42,0.12446895241737366,15
001933,NEG,0,A42,0.024600304663181305,4
001934,NEG,0,A42,0.015094147995114326,7
001935,NEG,0,A42,0.02089693397283554,3
001936,NEG,0,A42,0.0055902088060975075,5
001937,NEG,0,A42,0.004992733709514141,4
001938,NEG,0,A42,0.006477289833128452,14
001939,NEG,0,A42,0.007783981971442699,3
001940,NEG,0,A42,0.008477543480694294,10
001941,NEG,0,A42,0.014872923493385315,17
001942,NEG,0,A42,0.034613147377967834,11
001943,NEG,0,A42,0.004072940908372402,7
001944,NEG,0,A42,0.004208505619317293,7
001945,NEG,0,A42,0.08566541969776154,8
001946,NEG,0,A42,0.1404838114976883,9
001947,NEG,0,A42,0.04439039155840874,16
001948,NEG,0,A42,0.0791662409901619,14
001949,NEG,0,A42,0.24074573814868927,18
001950,NEG,0,A42,0.083521768450737,16
001951,NEG,0,A42,0.14542751014232635,8
001952,NEG,0,A42,0.08085013180971146,8
001953,NEG,0,A42,0.4125176668167114,10
001954,NEG,0,A42,0.4110491871833801,10
001955,NEG,0,A42,0.09226024150848389,9
001956,NEG,0,A42,0.01563485525548458,10
001957,NEG,0,A42,0.17678314447402954,8
001958,NEG,0,A42,0.08247406780719757,11
001959,NEG,0,A42,0.016988025978207588,18
001960,NEG,0,A42,0.06152329593896866,16
001961,NEG,0,A42,0.007600295823067427,19
001962,NEG,0,A42,0.019381552934646606,13
001963,NEG,0,A42,0.013837369158864021,8
001964,NEG,0,A42,0.008162585087120533,9
001965,NEG,0,A42,0.014293994754552841,8
001966,NEG,0,A42,0.007018012925982475,8
001967,NEG,0,A42,0.004277489148080349,9
001968,NEG,0,A42,0.00605172012001276,19
001969,NEG,0,A42,0.004486060701310635,11
001970,NEG,0,A42,0.008510191924870014,14
001971,NEG,0,A42,0.0031988017726689577,9
001972,NEG,0,A42,0.00332262204028666,11
001973,NEG,0,A42,0.004173419903963804,14
001974,NEG,0,A42,0.02874680608510971,15
001975,NEG,0,A42,0.005209597758948803,11
001976,NEG,0,A42,0.002218249486759305,7
001977,NEG,0,A42,0.004013728816062212,10
001978,NEG,0,A42,0.0026738399174064398,7
001979,NEG,0,A42,0.007063380442559719,13
001980,NEG,0,A42,0.015817241743206978,9
001981,NEG,0,A42,0.01925794780254364,6
001982,NEG,0,A42,0.03920118510723114,6
001983,NEG,0,A42,0.007723180577158928,10
001984,NEG,0,A42,0.03832969069480896,10
001985,NEG,0,A42,0.39047563076019287,3
001986,NEG,0,A42,0.008264023810625076,12
001987,NEG,0,A42,0.008617527782917023,13
001988,NEG,0,A42,0.04116538539528847,11
001989,NEG,0,A42,0.003950037993490696,16
001990,NEG,0,A42,0.0958397164940834,6
001991,NEG,0,A42,0.005969534162431955,15
001992,NEG,0,A42,0.0038513257168233395,9
001993,NEG,0,A42,0.009243338368833065,6
001994,NEG,0,A42,0.011871370486915112,11
001995,NEG,0,A42,0.14216628670692444,9
001996,NEG,0,A42,0.020946847274899483,4
001997,NEG,0,A42,0.044263292104005814,4
001998,NEG,0,A42,0.07964544743299484,5
001999,NEG,0,A42,0.05647867172956467,2
002000,NEG,0,A42,0.18957939743995667,5
002001,NEG,0,A42,0.0730450376868248,4
002002,NEG,0,A42,0.12367251515388489,4
002003,NEG,0,A42,0.041392531245946884,3
002004,NEG,0,A42,0.0035593146458268166,8
002005,NEG,0,A42,0.01414115633815527,3
002006,NEG,0,A42,0.015703538432717323,8
002007,NEG,0,A42,0.011213292367756367,7
002008,NEG,0,A42,0.01582304574549198,6
002009,NEG,0,A42,0.010455353185534477,10
002010,NEG,0,A42,0.0036627096123993397,5
002011,NEG,0,A42,0.0073931398801505566,10
002012,NEG,0,A42,0.011619552969932556,4
002013,NEG,0,A42,0.005082428455352783,2
002014,NEG,0,A42,0.003434258745983243,6
002015,NEG,0,A42,0.019291821867227554,8
002016,NEG,0,A42,0.0019439362222328782,4
002017,NEG,0,A42,0.008806816302239895,11
002018,NEG,0,A42,0.02870241180062294,5
002019,NEG,0,A42,0.03091401606798172,6
002020,NEG,0,A42,0.16760973632335663,6
002021,NEG,0,A42,0.014534752815961838,5
002022,NEG,0,A42,0.23328272998332977,10
002023,NEG,0,A42,0.17757828533649445,9
002024,NEG,0,A42,0.032528042793273926,6
002025,NEG,0,A42,0.02972189523279667,5
002026,NEG,0,A42,0.04314563050866127,14
002027,NEG,0,A42,0.4068150520324707,24
002028,NEG,0,A42,0.026621289551258087,4
002029,NEG,0,A42,0.046866852790117264,4
002030,NEG,0,A42,0.10235454887151718,10
002031,NEG,0,A42,0.032519761472940445,12
002032,NEG,0,A42,0.020911788567900658,15
002033,NEG,0,A42,0.028774015605449677,5
002034,NEG,0,A42,0.003582614939659834,5
002035,NEG,0,A42,0.021378101781010628,32
002036,NEG,0,A42,0.015142016112804413,24
002037,NEG,0,A42,0.044244296848773956,27
002038,NEG,0,A42,0.004421137273311615,12
002039,NEG,0,A42,0.017081819474697113,23
002040,NEG,0,A42,0.003041936317458749,10
002041,NEG,0,A42,0.012626144103705883,17
002042,NEG,0,A42,0.12630891799926758,30
002043,NEG,0,A42,0.009162554517388344,18
002044,NEG,0,A42,0.040150102227926254,14
002045,NEG,0,A42,0.21254472434520721,20
002046,NEG,0,A42,0.16618746519088745,41
002047,NEG,0,A42,0.02034618705511093,19
002048,NEG,0,A42,0.010322715155780315,26
002049,NEG,0,A42,0.014078829437494278,19
002050,NEG,0,A42,0.02900228276848793,18
002051,NEG,0,A42,0.014635303057730198,33
002052,NEG,0,A42,0.011831052601337433,25
002053,NEG,0,A42,0.006691557355225086,15
002054,NEG,0,A42,0.17783163487911224,41
002055,NEG,0,A42,0.05701353773474693,27
002056,NEG,0,A42,0.05652016028761864,25
002057,NEG,0,A42,0.216704860329628,29
002058,NEG,0,A42,0.32233086228370667,26
002059,NEG,0,A42,0.03753698989748955,16
002060,NEG,0,A42,0.06007184088230133,21
002061,NEG,0,A42,0.048230983316898346,27
002062,NEG,0,A42,0.04329467937350273,33
002063,NEG,0,A42,0.015050629153847694,20
002064,NEG,0,A42,0.004727276507765055,13
002065,NEG,0,A42,0.0034596191253513098,11
002066,NEG,0,A42,0.007874623872339725,16
002067,NEG,0,A42,0.029929596930742264,33
002068,NEG,0,A42,0.020701345056295395,37
002069,NEG,0,A42,0.042084746062755585,29
002070,NEG,0,A42,0.054544657468795776,31
002071,NEG,0,A42,0.07591108232736588,28
002072,NEG,0,A42,0.07940572500228882,27
002073,NEG,0,A42,0.04046529904007912,29
002074,NEG,0,A42,0.04416672885417938,26
002075,NEG,0,A42,0.02165372669696808,24
002076,NEG,0,A42,0.006626328453421593,28
002077,NEG,0,A42,0.01934099569916725,45
002078,NEG,0,A42,0.007364814635366201,22
002079,NEG,0,A42,0.02013975754380226,21
002080,NEG,0,A42,0.01335149072110653,23
002081,NEG,0,A42,0.008618374355137348,15
002082,NEG,0,A42,0.003972890321165323,17
002083,NEG,0,A42,0.0037928284145891666,17
002084,NEG,0,A42,0.04444704204797745,11
002085,NEG,0,A42,0.001692333840765059,7
002086,NEG,0,A42,0.0018549151718616486,9
002087,NEG,0,A42,0.0028969447594136,3
002088,NEG,0,A42,0.0024684478994458914,11
002089,NEG,0,A42,0.0033241494093090296,4
002090,NEG,0,A42,0.0018793035997077823,3
002091,NEG,0,A42,0.0038654631935060024,10
002092,NEG,0,A42,0.017643727362155914,13
002093,NEG,0,A42,0.004570795688778162,13
002094,NEG,0,A42,0.006606987677514553,3
002095,NEG,0,A42,0.003427824703976512,3
002096,NEG,0,A42,0.01903052255511284,9
002097,NEG,0,A42,0.0032885202672332525,4
002098,NEG,0,A42,0.07514438033103943,6
002099,NEG,0,A42,0.05047949030995369,9
002100,NEG,0,A42,0.038281895220279694,7
002101,NEG,0,A42,0.03553519397974014,9
002102,NEG,0,A42,0.003992240410298109,2
002103,NEG,0,A42,0.05941121652722359,7
002104,NEG,0,A42,0.09654787927865982,12
002105,NEG,0,A42,0.05873103812336922,9
002106,NEG,0,A42,0.050543658435344696,11
002107,NEG,0,A42,0.13650678098201752,10
002108,NEG,0,A42,0.11096007376909256,10
002109,NEG,0,A42,0.14359880983829498,8
002110,NEG,0,A42,0.0017420738004148006,8
002111,NEG,0,A42,0.0966709777712822,10
002112,NEG,0,A42,0.0029541319236159325,12
002113,NEG,0,A42,0.0026907275896519423,7
002114,NEG,0,A42,0.0015969033120200038,2
002115,NEG,0,A42,0.0012715873308479786,2
002116,NEG,0,A42,0.018671127036213875,36
002117,NEG,0,A42,0.0020190561190247536,5
002118,NEG,0,A42,0.0414036400616169,20
002119,NEG,0,A42,0.004442386329174042,9
002120,NEG,0,A42,0.00829055905342102,27
002121,NEG,0,A42,0.0020207171328365803,7
002122,NEG,0,A42,0.00253124488517642,13
002123,NEG,0,A42,0.016073444858193398,8
002124,NEG,0,A42,0.01664348691701889,11
002125,NEG,0,A42,0.006056548561900854,31
002126,NEG,0,A42,0.004572642035782337,8
002127,NEG,0,A42,0.04735309258103371,11
002128,NEG,0,A42,0.013552621938288212,6
002129,NEG,0,A42,0.013546223752200603,29
002130,NEG,0,A42,0.04018367454409599,12
002131,NEG,0,A42,0.006577540189027786,26
002132,NEG,0,A42,0.00808299146592617,19
002133,NEG,0,A42,0.002801282797008753,15
002134,NEG,0,A42,0.0029217307455837727,9
002135,NEG,0,A42,0.014361517503857613,10
002136,NEG,0,A42,0.002634986536577344,15
002137,NEG,0,A42,0.016155602410435677,24
002138,NEG,0,A42,0.031887490302324295,27
002139,NEG,0,A42,0.005504228640347719,17
002140,NEG,0,A42,0.004503990523517132,9
002141,NEG,0,A42,0.002703210338950157,7
002142,NEG,0,A42,0.0070701828226447105,12
002143,NEG,0,A42,0.002029281109571457,3
002144,NEG,0,A42,0.0013838961021974683,3
002145,NEG,0,A42,0.0016363388858735561,1
002146,NEG,0,A42,0.00290304864756763,2
002147,NEG,0,A42,0.005203689448535442,6
002148,NEG,0,A42,0.0016855834983289242,4
002149,NEG,0,A42,0.004535253159701824,13
002150,NEG,0,A42,0.003752948949113488,8
002151,NEG,0,A42,0.0017744614742696285,1
002152,NEG,0,A42,0.006445631850510836,6
002153,NEG,0,A42,0.0029537021182477474,1
002154,NEG,0,A42,0.002413311507552862,1
002155,NEG,0,A42,0.0012377393431961536,2
002156,NEG,0,A42,0.03797072917222977,8
002157,NEG,0,A42,0.12301590293645859,6
002158,NEG,0,A42,0.050646159797906876,8
002159,NEG,0,A42,0.23109224438667297,10
002160,NEG,0,A42,0.14195485413074493,9
002161,NEG,0,A42,0.15618103742599487,8
002162,NEG,0,A42,0.12430225312709808,6
002163,NEG,0,A42,0.2398248165845871,6
002164,NEG,0,A42,0.18300671875476837,6
002165,NEG,0,A42,0.11362886428833008,8
002166,NEG,0,A42,0.07411479949951172,15
002167,NEG,0,A42,0.15274091064929962,13
002168,NEG,0,A42,0.048868969082832336,11
002169,NEG,0,A42,0.026190001517534256,19
002170,NEG,0,A42,0.03897635638713837,28
002171,NEG,0,A42,0.020074283704161644,25
002172,NEG,0,A42,0.05217277258634567,13
002173,NEG,0,A42,0.09801454842090607,10
002174,NEG,0,A42,0.0861888974905014,5
002175,NEG,0,A42,0.061415135860443115,18
002176,NEG,0,A42,0.03499406948685646,14
002177,NEG,0,A42,0.018974918872117996,16
002178,NEG,0,A42,0.11119373887777328,21
002179,NEG,0,A42,0.03635813295841217,19
002180,NEG,0,A42,0.09929395467042923,12
002181,NEG,0,A42,0.12236816436052322,10
002182,NEG,0,A42,0.44449105858802795,6
002183,NEG,0,A42,0.01419109757989645,9
002184,NEG,0,A42,0.010626605711877346,10
002185,NEG,0,A42,0.010569481179118156,6
002186,NEG,0,A42,0.0046910569071769714,6
002187,NEG,0,A42,0.01437245775014162,8
002188,NEG,0,A42,0.0018197812605649233,2
002189,NEG,0,A42,0.002320307306945324,5
002190,NEG,0,A42,0.01551881618797779,3
002191,NEG,0,A42,0.04253127798438072,13
002192,NEG,0,A42,0.03256756439805031,17
002193,NEG,0,A42,0.010597542859613895,19
002194,NEG,0,A42,0.001488091191276908,5
002195,NEG,0,A42,0.005506040528416634,8
002196,NEG,0,A42,0.01754862256348133,8
002197,NEG,0,A42,0.009209631010890007,5
002198,NEG,0,A42,0.006939183920621872,3
002199,NEG,0,A42,0.01967848278582096,9
002200,NEG,0,A42,0.012736898846924305,10
002201,NEG,0,A42,0.12267698347568512,12
002202,NEG,0,A42,0.1197342723608017,12
002203,NEG,0,A42,0.09387745708227158,27
002204,NEG,0,A42,0.08826591819524765,17
002205,NEG,0,A42,0.17961366474628448,17
002206,NEG,0,A42,0.11946861445903778,14
002207,NEG,0,A42,0.06303160637617111,6
002208,NEG,0,A42,0.05066988989710808,6
002209,NEG,0,A42,0.023844538256525993,8
002210,NEG,0,A42,0.0,0
002211,NEG,0,A42,0.0024697103071957827,4
002212,NEG,0,A42,0.017723070457577705,7
002213,NEG,0,A42,0.06931038200855255,10
002214,NEG,0,A42,0.020495064556598663,3
002215,NEG,0,A42,0.10057058930397034,8
002216,NEG,0,A42,0.03115151636302471,8
002217,NEG,0,A42,0.039755865931510925,6
002218,NEG,0,A42,0.00989615824073553,7
002219,NEG,0,A42,0.10970107465982437,11
002220,NEG,0,A42,0.007045531179755926,4
002221,NEG,0,A42,0.03700089082121849,8
002222,NEG,0,A42,0.0067906491458415985,5
002223,NEG,0,A42,0.005488878581672907,6
002224,NEG,0,A42,0.011228371411561966,7
002225,NEG,0,A42,0.12169808149337769,14
002226,NEG,0,A42,0.12174473702907562,5
002227,NEG,0,A42,0.04618885740637779,7
002228,NEG,0,A42,0.011174795217812061,5
002229,NEG,0,A42,0.003321161726489663,7
002230,NEG,0,A42,0.13011445105075836,11
002231,NEG,0,A42,0.03700326755642891,10
002232,NEG,0,A42,0.003930951468646526,11
002233,NEG,0,A42,0.017383074387907982,7
002234,NEG,0,A42,0.007314543705433607,6
002235,NEG,0,A42,0.009733759798109531,5
002236,NEG,0,A42,0.0023047698196023703,2
002237,NEG,0,A42,0.010308567434549332,3
002238,NEG,0,A42,0.011243664659559727,6
002239,NEG,0,A42,0.027443785220384598,10
002240,NEG,0,A42,0.02220405451953411,11
002241,NEG,0,A42,0.009373925626277924,3
002242,NEG,0,A42,0.05240216478705406,11
002243,NEG,0,A42,0.02131158486008644,12
002244,NEG,0,A42,0.02420811541378498,9
002245,NEG,0,A42,0.17304474115371704,10
002246,NEG,0,A42,0.0734870433807373,9
002247,NEG,0,A42,0.01562528870999813,4
002248,NEG,0,A42,0.16932404041290283,7
002249,NEG,0,A42,0.28725919127464294,7
002250,NEG,0,A42,0.23250475525856018,9
002251,NEG,0,A42,0.3903821110725403,8
002252,NEG,0,A42,0.5250860452651978,7
002253,NEG,0,A42,0.2903102934360504,11
002254,NEG,0,A42,0.527616024017334,8
002255,NEG,0,A42,0.055517762899398804,10
002256,NEG,0,A42,0.04391612857580185,10
002257,NEG,0,A42,0.0292911808937788,11
002258,NEG,0,A42,0.02760816179215908,6
002259,NEG,0,A42,0.005786377005279064,6
002260,NEG,0,A42,0.0029437136836349964,5
002261,NEG,0,A42,0.0,0
002262,NEG,0,A42,0.006596510764211416,4
002263,NEG,0,A42,0.005885781720280647,7
002264,NEG,0,A42,0.0026915015187114477,5
002265,NEG,0,A42,0.003944986965507269,5
002266,NEG,0,A42,0.0021328420843929052,3
002267,NEG,0,A42,0.01810365542769432,3
002268,NEG,0,A42,0.002727172104641795,1
002269,NEG,0,A42,0.24322712421417236,8
002270,NEG,0,A42,0.27075108885765076,6
002271,NEG,0,A42,0.03794187679886818,9
002272,NEG,0,A42,0.20690187811851501,8
002273,NEG,0,A42,0.315924733877182,8
002274,NEG,0,A42,0.1530284285545349,6
002275,NEG,0,A42,0.035685259848833084,6
002276,NEG,0,A42,0.060435883700847626,5
002277,NEG,0,A42,0.3904730975627899,6
002278,NEG,0,A42,0.4394097328186035,7
002279,NEG,0,A42,0.2480902522802353,10
002280,NEG,0,A42,0.03554397448897362,12
002281,NEG,0,A42,0.024713201448321342,10
002282,NEG,0,A42,0.30727699398994446,6
002283,NEG,0,A42,0.07747944444417953,8
002284,NEG,0,A42,0.18820562958717346,7
002285,NEG,0,A42,0.0075798737816512585,3
002286,NEG,0,A42,0.006581336259841919,8
002287,NEG,0,A42,0.11651129275560379,11
002288,NEG,0,A42,0.07625763863325119,10
002289,NEG,0,A42,0.1353141814470291,9
002290,NEG,0,A42,0.38080278038978577,7
002291,NEG,0,A42,0.03410917520523071,10
002292,NEG,0,A42,0.1718900501728058,4
002293,NEG,0,A42,0.30405116081237793,8
002294,NEG,0,A42,0.23212973773479462,10
002295,NEG,0,A42,0.23200064897537231,10
002296,NEG,0,A42,0.08559635281562805,12
002297,NEG,0,A42,0.08888491243124008,5
002298,NEG,0,A42,0.06747101992368698,10
002299,NEG,0,A42,0.526920735836029,8
002300,NEG,0,A42,0.09001895040273666,14
002301,NEG,0,A42,0.025955380871891975,6
002302,NEG,0,A42,0.024448076263070107,6
002303,NEG,0,A42,0.045254018157720566,9
002304,NEG,0,A42,0.0512775182723999,12
002305,NEG,0,A42,0.04831111803650856,5
002306,NEG,0,A42,0.06626282632350922,4
002307,NEG,0,A42,0.025110721588134766,5
002308,NEG,0,A42,0.0458972305059433,6
002309,NEG,0,A42,0.08853651583194733,5
002310,NEG,0,A42,0.0358346551656723,5
002311,NEG,0,A42,0.025215372443199158,5
002312,NEG,0,A42,0.08202257752418518,4
002313,NEG,0,A42,0.04891879856586456,4
002314,NEG,0,A42,0.09208722412586212,6
002315,NEG,0,A42,0.014361363835632801,6
002316,NEG,0,A42,0.14923381805419922,3
002317,NEG,0,A42,0.017633309587836266,6
002318,NEG,0,A42,0.024457698687911034,7
002319,NEG,0,A42,0.04086622968316078,7
002320,NEG,0,A42,0.01974312588572502,6
002321,NEG,0,A42,0.04684099555015564,4
002322,NEG,0,A42,0.04690874367952347,6
002323,NEG,0,A42,0.14442132413387299,3
002324,NEG,0,A42,0.08491315692663193,4
002325,NEG,0,A42,0.03706574812531471,4
002326,NEG,0,A42,0.041895560920238495,5
002327,NEG,0,A42,0.05052921921014786,4
002328,NEG,0,A42,0.054288800805807114,4
002329,NEG,0,A42,0.12686924636363983,4
002330,NEG,0,A42,0.045087166130542755,5
002331,NEG,0,A42,0.2850937247276306,3
002332,NEG,0,A42,0.24959824979305267,4
002333,NEG,0,A42,0.15301373600959778,4
002334,NEG,0,A42,0.13334213197231293,5
002335,NEG,0,A42,0.1709476262331009,6
002336,NEG,0,A42,0.15674619376659393,4
002337,NEG,0,A42,0.03131837025284767,3
002338,NEG,0,A42,0.08989141881465912,4
002339,NEG,0,A42,0.03462868928909302,4
002340,NEG,0,A42,0.08580656349658966,5
002341,NEG,0,A42,0.03648260235786438,5
002342,NEG,0,A42,0.27647870779037476,4
002343,NEG,0,A42,0.11846787482500076,2
002344,NEG,0,A42,0.04654136672616005,3
002345,NEG,0,A42,0.12613926827907562,4
002346,NEG,0,A42,0.012649563141167164,5
002347,NEG,0,A42,0.00854948628693819,5
002348,NEG,0,A42,0.010833850130438805,4
002349,NEG,0,A42,0.009120365604758263,4
002350,NEG,0,A42,0.009225194342434406,2
002351,NEG,0,A42,0.004298110492527485,2
002352,NEG,0,A42,0.00473710848018527,2
002353,NEG,0,A42,0.019287951290607452,1
002354,NEG,0,A42,0.2931004762649536,1
002355,NEG,0,A42,0.5156072974205017,1
002356,NEG,0,A42,0.08723960816860199,2
002357,NEG,0,A42,0.20835866034030914,2
002358,NEG,0,A42,0.5733856558799744,1
002359,NEG,0,A42,0.49095526337623596,1
002360,NEG,0,A42,0.5317664742469788,1
002361,NEG,0,A42,0.3622449040412903,4
002362,NEG,0,A42,0.2643555700778961,4
002363,NEG,0,A42,0.5991331338882446,3
002364,NEG,0,A42,0.6842936873435974,3
002365,NEG,0,A42,0.6134443879127502,3
002366,NEG,0,A42,0.5812501311302185,4
002367,NEG,0,A42,0.4896453022956848,3
002368,NEG,0,A42,0.212399423122406,3
002369,NEG,0,A42,0.11955201625823975,4
002370,NEG,0,A42,0.08980727195739746,3
002371,NEG,0,A42,0.03502000495791435,4
002372,NEG,0,A42,0.014678295701742172,4
002373,NEG,0,A42,0.00660109706223011,3
002374,NEG,0,A42,0.003975565079599619,3
002375,NEG,0,A42,0.004120493773370981,4
002376,NEG,0,A42,0.021337738260626793,2
002377,NEG,0,A42,0.028573228046298027,3
002378,NEG,0,A42,0.017935125157237053,3
002379,NEG,0,A42,0.02520749717950821,2
002380,NEG,0,A42,0.04188893735408783,3
002381,NEG,0,A42,0.014640000648796558,3
002382,NEG,0,A42,0.011201624758541584,4
002383,NEG,0,A42,0.010082431137561798,4
002384,NEG,0,A42,0.008246690966188908,5
002385,NEG,0,A42,0.01694212481379509,4
002386,NEG,0,A42,0.00854974053800106,2
002387,NEG,0,A42,0.016899054870009422,6
002388,NEG,0,A42,0.04868350550532341,6
002389,NEG,0,A42,0.13743001222610474,9
002390,NEG,0,A42,0.22577400505542755,9
002391,NEG,0,A42,0.060864534229040146,7
002392,NEG,0,A42,0.22128380835056305,9
002393,NEG,0,A42,0.15033189952373505,9
002394,NEG,0,A42,0.03911244869232178,8
002395,NEG,0,A42,0.11956260353326797,9
002396,NEG,0,A42,0.17932091653347015,8
002397,NEG,0,A42,0.20538881421089172,9
002398,NEG,0,A42,0.17787116765975952,9
002399,NEG,0,A42,0.1924581229686737,9
002400,NEG,0,A42,0.13455775380134583,10
002401,NEG,0,A42,0.1858896017074585,11
002402,NEG,0,A42,0.231968954205513,10
002403,NEG,0,A42,0.17412133514881134,9
002404,NEG,0,A42,0.12372338771820068,10
002405,NEG,0,A42,0.17338193953037262,12
002406,NEG,0,A42,0.08735422790050507,10
002407,NEG,0,A42,0.1595223844051361,10
002408,NEG,0,A42,0.1497614085674286,7
002409,NEG,0,A42,0.09007375687360764,11
002410,NEG,0,A42,0.12138315290212631,10
002411,NEG,0,A42,0.09306266903877258,9
002412,NEG,0,A42,0.06393349170684814,10
002413,NEG,0,A42,0.0448569729924202,9
002414,NEG,0,A42,0.025449272245168686,5
002415,NEG,0,A42,0.022358614951372147,7
002416,NEG,0,A42,0.04634447395801544,6
002417,NEG,0,A42,0.07254034280776978,4
002418,NEG,0,A42,0.1342046558856964,7
002419,NEG,0,A42,0.17991620302200317,7
002420,NEG,0,A42,0.1477651596069336,6
002421,NEG,0,A42,0.10331663489341736,5
002422,NEG,0,A42,0.11081545799970627,5
002423,NEG,0,A42,0.044235244393348694,7
002424,NEG,0,A42,0.05957311764359474,4
002425,NEG,0,A42,0.07057774066925049,3
002426,NEG,0,A42,0.11559674888849258,4
002427,NEG,0,A42,0.5796962380409241,3
002428,NEG,0,A42,0.27366867661476135,5
002429,NEG,0,A42,0.17525172233581543,2
002430,NEG,0,A42,0.18425007164478302,3
002431,NEG,0,A42,0.12061551213264465,3
002432,NEG,0,A42,0.032602615654468536,5
002433,NEG,0,A42,0.1707402467727661,4
002434,NEG,0,A42,0.2611216604709625,3
002435,NEG,0,A42,0.28149741888046265,2
002436,NEG,0,A42,0.006815002299845219,5
002437,NEG,0,A42,0.00170607166364789,2
002438,NEG,0,A42,0.004670555237680674,14
002439,NEG,0,A42,0.014483622275292873,17
002440,NEG,0,A42,0.00387708842754364,9
002441,NEG,0,A42,0.0027406588196754456,8
002442,NEG,0,A42,0.0017249416559934616,5
002443,NEG,0,A42,0.005199297796934843,11
002444,NEG,0,A42,0.004701811820268631,13
002445,NEG,0,A42,0.009701432660222054,27
002446,NEG,0,A42,0.003934407141059637,10
002447,NEG,0,A42,0.002993126166984439,4
002448,NEG,0,A42,0.008821455761790276,12
002449,NEG,0,A42,0.046705909073352814,19
002450,NEG,0,A42,0.0036521484144032,17
002451,NEG,0,A42,0.014075586572289467,23
002452,NEG,0,A42,0.042372219264507294,40
002453,NEG,0,A42,0.018851730972528458,35
002454,NEG,0,A42,0.011499689891934395,10
002455,NEG,0,A42,0.17220740020275116,38
002456,NEG,0,A42,0.009029679000377655,32
002457,NEG,0,A42,0.004207796882838011,23
002458,NEG,0,A42,0.005178273189812899,29
002459,NEG,0,A42,0.005572146736085415,29
002460,NEG,0,A42,0.010570528917014599,32
002461,NEG,0,A42,0.015279747545719147,28
002462,NEG,0,A42,0.016584046185016632,23
002463,NEG,0,A42,0.003968172241002321,8
002464,NEG,0,A42,0.007355672772973776,11
002465,NEG,0,A42,0.02923079952597618,18
002466,NEG,0,A42,0.016582762822508812,17
002467,NEG,0,A42,0.02312960848212242,17
002468,NEG,0,A42,0.047704603523015976,16
002469,NEG,0,A42,0.008374273777008057,11
002470,NEG,0,A42,0.006938516162335873,12
002471,NEG,0,A42,0.05818895250558853,15
002472,NEG,0,A42,0.38665303587913513,24
002473,NEG,0,A42,0.6828116774559021,5
002474,NEG,0,A42,0.15403109788894653,22
002475,NEG,0,A42,0.23758767545223236,14
002476,NEG,0,A42,0.012127972207963467,9
002477,NEG,0,A42,0.5105375051498413,7
002478,NEG,0,A42,0.01062682643532753,6
002479,NEG,0,A42,0.09662547707557678,6
002480,NEG,0,A42,0.003912756219506264,5
002481,NEG,0,A42,0.003055391600355506,4
002482,NEG,0,A42,0.012333555147051811,8
002483,NEG,0,A42,0.09820682555437088,11
002484,NEG,0,A42,0.09814019501209259,15
002485,NEG,0,A42,0.0016271632630378008,14
002486,NEG,0,A42,0.002491190331056714,6
002487,NEG,0,A42,0.009845397435128689,8
002488,NEG,0,A42,0.005884191486984491,8
002489,NEG,0,A42,0.019920188933610916,12
002490,NEG,0,A42,0.0070003243163228035,11
002491,NEG,0,A42,0.0029338134918361902,9
002492,NEG,0,A42,0.009116793051362038,9
002493,NEG,0,A42,0.045506756752729416,11
002494,NEG,0,A42,0.04399576410651207,13
002495,NEG,0,A42,0.03542006388306618,12
002496,NEG,0,A42,0.02861831523478031,9
002497,NEG,0,A42,0.006148564629256725,13
002498,NEG,0,A42,0.002508607693016529,7
002499,NEG,0,A42,0.0035329018719494343,3
002500,NEG,0,A42,0.004715259652584791,7
002501,NEG,0,A42,0.007025770377367735,12
002502,NEG,0,A42,0.027177173644304276,3
002503,NEG,0,A42,0.014402661472558975,2
002504,NEG,0,A42,0.012367955408990383,4
002505,NEG,0,A42,0.02456468902528286,5
002506,NEG,0,A42,0.0048579564318060875,5
002507,NEG,0,A42,0.060360245406627655,3
002508,NEG,0,A42,0.028302950784564018,2
002509,NEG,0,A42,0.05201447010040283,3
002510,NEG,0,A42,0.057740796357393265,2
002511,NEG,0,A42,0.011054813861846924,7
002512,NEG,0,A42,0.009801016189157963,4
002513,NEG,0,A42,0.03013695403933525,5
002514,NEG,0,A42,0.032838545739650726,11
002515,NEG,0,A42,0.013409051112830639,11
002516,NEG,0,A42,0.006199526600539684,5
002517,NEG,0,A42,0.0019393962575122714,1
002518,NEG,0,A42,0.006807525642216206,2
002519,NEG,0,A42,0.013805430382490158,2
002520,NEG,0,A42,0.2984020411968231,6
002521,NEG,0,A42,0.014973063953220844,4
002522,NEG,0,A42,0.01225255150347948,3
002523,NEG,0,A42,0.08926272392272949,8
002524,NEG,0,A42,0.36652672290802,6
002525,NEG,0,A42,0.03433970734477043,7
002526,NEG,0,A42,0.043905459344387054,6
002527,NEG,0,A42,0.018281051889061928,11
002528,NEG,0,A42,0.004514581989496946,5
002529,NEG,0,A42,0.01914292946457863,12
002530,NEG,0,A42,0.0756487175822258,14
002531,NEG,0,A42,0.060443706810474396,20
002532,NEG,0,A42,0.08376163244247437,16
002533,NEG,0,A42,0.14581145346164703,17
002534,NEG,0,A42,0.12759357690811157,14
002535,NEG,0,A42,0.20523257553577423,19
002536,NEG,0,A42,0.2600434124469757,15
002537,NEG,0,A42,0.06506271660327911,19
002538,NEG,0,A42,0.009045872837305069,8
002539,NEG,0,A42,0.014870046637952328,11
002540,NEG,0,A42,0.013053301721811295,13
002541,NEG,0,A42,0.06663155555725098,18
002542,NEG,0,A42,0.04848535358905792,14
002543,NEG,0,A42,0.03879180923104286,11
002544,NEG,0,A42,0.026763107627630234,19
002545,NEG,0,A42,0.058234862983226776,11
002546,NEG,0,A42,0.0845458060503006,12
002547,NEG,0,A42,0.08518736809492111,12
002548,NEG,0,A42,0.004489656537771225,12
002549,NEG,0,A42,0.04081012308597565,16
002550,NEG,0,A42,0.07985979318618774,18
002551,NEG,0,A42,0.024995112791657448,19
002552,NEG,0,A42,0.020103449001908302,10
002553,NEG,0,A42,0.026772212237119675,7
002554,NEG,0,A42,0.017377864569425583,11
002555,NEG,0,A42,0.013672844506800175,8
002556,NEG,0,A42,0.012737779878079891,13
002557,NEG,0,A42,0.012094657868146896,16
002558,NEG,0,A42,0.0158136785030365,20
002559,NEG,0,A42,0.0034713372588157654,11
002560,NEG,0,A42,0.0020456539932638407,5
002561,NEG,0,A42,0.007902662269771099,10
002562,NEG,0,A42,0.0015182839706540108,2
002563,NEG,0,A42,0.010297287255525589,10
002564,NEG,0,A42,0.0017058011144399643,3
002565,NEG,0,A42,0.004471995402127504,9
002566,NEG,0,A42,0.002173087792471051,2
002567,NEG,0,A42,0.019493024796247482,9
002568,NEG,0,A42,0.018667710945010185,16
002569,NEG,0,A42,0.019561870023608208,12
002570,NEG,0,A42,0.00804130733013153,12
002571,NEG,0,A42,0.012805622071027756,13
002572,NEG,0,A42,0.00787480641156435,10
002573,NEG,0,A42,0.003521224018186331,7
002574,NEG,0,A42,0.005187318194657564,11
002575,NEG,0,A42,0.005070287734270096,7
002576,NEG,0,A42,0.001563931698910892,1
002577,NEG,0,A42,0.0028134100139141083,2
002578,NEG,0,A42,0.006426162552088499,3
002579,NEG,0,A42,0.004540116526186466,5
002580,NEG,0,A42,0.0,0
002581,NEG,0,A42,0.0020021037198603153,2
002582,NEG,0,A42,0.005472906865179539,5
002583,NEG,0,A42,0.00441764434799552,1
002584,NEG,0,A42,0.013937369920313358,5
002585,NEG,0,A42,0.0014984480803832412,1
002586,NEG,0,A42,0.0,0
002587,NEG,0,A42,0.0012683226959779859,1
002588,NEG,0,A42,0.002938805613666773,8
002589,NEG,0,A42,0.001847518957220018,5
002590,NEG,0,A42,0.0036372633185237646,5
002591,NEG,0,A42,0.004732362926006317,8
002592,NEG,0,A42,0.007314889691770077,10
002593,NEG,0,A42,0.01479863841086626,14
002594,NEG,0,A42,0.011156821623444557,13
002595,NEG,0,A42,0.004191193729639053,10
002596,NEG,0,A42,0.00312966201454401,10
002597,NEG,0,A42,0.006950750015676022,11
002598,NEG,0,A42,0.007736486382782459,12
002599,NEG,0,A42,0.010103617794811726,8
002600,NEG,0,A42,0.0012524632038548589,2
002601,NEG,0,A42,0.0014520080294460058,1
002602,NEG,0,A42,0.0010955844772979617,2
002603,NEG,0,A42,0.02960994653403759,15
002604,NEG,0,A42,0.012276922352612019,9
002605,NEG,0,A42,0.06419375538825989,14
002606,NEG,0,A42,0.04578956216573715,12
002607,NEG,0,A42,0.05955372378230095,11
002608,NEG,0,A42,0.1338476985692978,15
002609,NEG,0,A42,0.1710059493780136,22
002610,NEG,0,A42,0.09403081983327866,14
002611,NEG,0,A42,0.13263322412967682,8
002612,NEG,0,A42,0.18696801364421844,11
002613,NEG,0,A42,0.1577586680650711,10
002614,NEG,0,A42,0.23532754182815552,14
002615,NEG,0,A42,0.24786917865276337,9
002616,NEG,0,A42,0.22510528564453125,13
002617,NEG,0,A42,0.18969401717185974,11
002618,NEG,0,A42,0.20613595843315125,14
002619,NEG,0,A42,0.1387353241443634,12
002620,NEG,0,A42,0.20853851735591888,10
002621,NEG,0,A42,0.10062632709741592,14
002622,NEG,0,A42,0.027545249089598656,11
002623,NEG,0,A42,0.012776016257703304,23
002624,NEG,0,A42,0.0373518243432045,11
002625,NEG,0,A42,0.005074314307421446,6
002626,NEG,0,A42,0.026704251766204834,8
002627,NEG,0,A42,0.010351578705012798,7
002628,NEG,0,A42,0.031399741768836975,6
002629,NEG,0,A42,0.025677911937236786,4
002630,NEG,0,A42,0.017641257494688034,8
002631,NEG,0,A42,0.030231637880206108,9
002632,NEG,0,A42,0.014058008790016174,9
002633,NEG,0,A42,0.04619183763861656,6
002634,NEG,0,A42,0.344184547662735,4
002635,NEG,0,A42,0.10478149354457855,9
002636,NEG,0,A42,0.2922663390636444,6
002637,NEG,0,A42,0.01940896362066269,10
002638,NEG,0,A42,0.0,0
002639,NEG,0,A42,0.0018762106774374843,4
002640,NEG,0,A42,0.006949907168745995,2
002641,NEG,0,A42,0.001907293451949954,5
002642,NEG,0,A42,0.004969016648828983,9
002643,NEG,0,A42,0.004417067393660545,12
002644,NEG,0,A42,0.0016342090675607324,4
002645,NEG,0,A42,0.008002078160643578,6
002646,NEG,0,A42,0.006283539813011885,3
002647,NEG,0,A42,0.012455464340746403,4
002648,NEG,0,A42,0.016306692734360695,5
002649,NEG,0,A42,0.0041089048609137535,4
002650,NEG,0,A42,0.016910767182707787,8
002651,NEG,0,A42,0.006821004673838615,21
002652,NEG,0,A42,0.013406628742814064,24
002653,NEG,0,A42,0.0037776899989694357,25
002654,NEG,0,A42,0.011245346628129482,8
002655,NEG,0,A42,0.0040719471871852875,15
002656,NEG,0,A42,0.03009016439318657,35
002657,NEG,0,A42,0.026092402637004852,63
002658,NEG,0,A42,0.007634026929736137,42
002659,NEG,0,A42,0.014378652907907963,49
002660,NEG,0,A42,0.02112186886370182,45
002661,NEG,0,A42,0.016152577474713326,42
002662,NEG,0,A42,0.03701207414269447,46
002663,NEG,0,A42,0.0082035381346941,53
002664,NEG,0,A42,0.009071220643818378,47
002665,NEG,0,A42,0.012714829295873642,43
002666,NEG,0,A42,0.013808215036988258,52
002667,NEG,0,A42,0.025431668385863304,34
002668,NEG,0,A42,0.08685486018657684,44
002669,NEG,0,A42,0.04863809794187546,36
002670,NEG,0,A42,0.0,0
002671,NEG,0,A42,0.01651260443031788,37
002672,NEG,0,A42,0.025760462507605553,40
002673,NEG,0,A42,0.027795689180493355,46
002674,NEG,0,A42,0.0419432632625103,40
002675,NEG,0,A42,0.13696376979351044,55
002676,NEG,0,A42,0.021749120205640793,35
002677,NEG,0,A42,0.015255983918905258,42
002678,NEG,0,A42,0.2975977063179016,49
002679,NEG,0,A42,0.15340210497379303,51
002680,NEG,0,A42,0.019669948145747185,69
002681,NEG,0,A42,0.02248571068048477,57
002682,NEG,0,A42,0.016637470573186874,42
002683,NEG,0,A42,0.03881387785077095,36
002684,NEG,0,A42,0.010885038413107395,54
002685,NEG,0,A42,0.013990537263453007,57
002686,NEG,0,A42,0.011986917816102505,60
002687,NEG,0,A42,0.013592489995062351,61
002688,NEG,0,A42,0.0063133565708994865,47
1778651519235162880,DAY,1,C43,0.9260266423225403,5
1778651530691638016,DAY,1,C43,0.870269238948822,3
1778651579029250816,DAY,1,C43,0.8014205694198608,4
1778651650570397184,DAY,1,C43,0.5240992307662964,11
1778651650839160832,DAY,1,C43,0.27707165479660034,10
1778653367706938112,DAY,1,C43,0.030737057328224182,7
1778653508779767808,DAY,1,C43,0.6489364504814148,3
1778653526955536896,DAY,1,C43,0.4560548961162567,4
1778653540259983104,DAY,1,C43,0.5841418504714966,3
1778653545299653120,DAY,1,C43,0.9416084289550781,2
1775201414728017664,DAY,1,C43,0.7919422388076782,2
1775201415399297536,DAY,1,C43,0.30402693152427673,5
1775201416944730624,DAY,1,C43,0.3962239623069763,3
1775201418120676608,DAY,1,C43,0.8016135692596436,2
1775201421043401984,DAY,1,C43,0.7980439066886902,1
1775201428535961600,DAY,1,C43,0.5314651727676392,7
1775201429879521792,DAY,1,C43,0.4432481527328491,2
1775201430551447040,DAY,1,C43,0.7775071859359741,9
1775201430786751744,DAY,1,C43,0.7680351138114929,4
1775201436800711168,DAY,1,C43,0.7421363592147827,2
1775201442546213120,DAY,1,C43,0.9568959474563599,1
1775201443822140928,DAY,1,C43,0.9383416175842285,2
1778653003088339968,DAY,1,C43,0.8409655690193176,2
1778653006783606016,DAY,1,C43,0.9574647545814514,2
1778653007724386048,DAY,1,C43,0.9209569096565247,2
1778653017736058368,DAY,1,C43,0.8967463374137878,1
1778653018878592768,DAY,1,C43,0.9532262086868286,1
1778653029965134592,DAY,1,C43,0.896420419216156,2
1778653030032337920,DAY,1,C43,0.9558103084564209,1
1778653030099587072,DAY,1,C43,0.9602029919624329,1
1778653030166875904,DAY,1,C43,0.9566368460655212,1
1778653030233998336,DAY,1,C43,0.958987295627594,1
1778653030939714816,DAY,1,C43,0.9654024839401245,1
1778653031275751936,DAY,1,C43,0.9539809226989746,1
1778653033056483584,DAY,1,C43,0.9279147386550903,1
1778653041187027200,DAY,1,C43,0.9498441815376282,1
1778653055734035712,DAY,1,C43,0.9463000297546387,1
1778653055801377280,DAY,1,C43,0.9578446745872498,2
1778653055868669952,DAY,1,C43,0.9574326872825623,1
1778653056137140480,DAY,1,C43,0.9598008990287781,1
1778652124170068224,DAY,1,C43,0.9657612442970276,3
1778652125245035520,DAY,1,C43,0.9515852928161621,2
1778652126319943168,DAY,1,C43,0.9531294107437134,3
1778652127361815808,DAY,1,C43,0.9653633832931519,1
1778652128369383168,DAY,1,C43,0.9507187604904175,2
1778652130452698368,DAY,1,C43,0.9529525637626648,1
1778652132535256576,DAY,1,C43,0.9569752812385559,1
1778652134517495552,DAY,1,C43,0.9446936845779419,4
1778652136533958400,DAY,1,C43,0.9310977458953857,7
1778652138515809024,DAY,1,C43,0.8962153792381287,1
1778652140531310080,DAY,1,C43,0.8592363595962524,4
1778652142480077056,DAY,1,C43,0.3677569627761841,3
1778652144496057088,DAY,1,C43,0.14920736849308014,4
1778652146612550912,DAY,1,C43,0.6596875786781311,2
1778652148628229376,DAY,1,C43,0.5431699752807617,5
1778652150610404864,DAY,1,C43,0.9521773457527161,3
1778652152626116352,DAY,1,C43,0.3070845901966095,4
1778652154608392192,DAY,1,C43,0.7780532240867615,3
1778652156557165568,DAY,1,C43,0.9490094780921936,4
1778652158404883456,DAY,1,C43,0.8750000596046448,3
1778652166837872128,DAY,1,C43,0.8662794232368469,2
1778652168786111744,DAY,1,C43,0.7838349342346191,3
1778652170735118080,DAY,1,C43,0.609442412853241,4
1778652172717607680,DAY,1,C43,0.1618632823228836,5
1778652174598774528,DAY,1,C43,0.9515925645828247,1
1778652176547299328,DAY,1,C43,0.9446199536323547,1
1778652178428551168,DAY,1,C43,0.15923668444156647,5
1778653630038417664,DAY,1,C43,0.8995170593261719,3
1778653632188551424,DAY,1,C43,0.9480047821998596,2
1778653634641026304,DAY,1,C43,0.9356598854064941,5
1778653643678509824,DAY,1,C43,0.18725012242794037,10
1778653659065885952,DAY,1,C43,0.3111034333705902,9
1778653661653195264,DAY,1,C43,0.41593918204307556,7
1778653664407620608,DAY,1,C43,0.23532746732234955,5
1778653674184865536,DAY,1,C43,0.7992857098579407,5
1778653693804927232,DAY,1,C43,0.428535133600235,15
1778653699314620416,DAY,1,C43,0.29843226075172424,14
1778653704118966272,DAY,1,C43,0.7200290560722351,17
1778653706706429696,DAY,1,C43,0.4106602668762207,14
1778653709259341568,DAY,1,C43,0.16279515624046326,11
1778653711544007680,DAY,1,C43,0.7624607086181641,6
1778653713962971904,DAY,1,C43,0.7602559328079224,7
1778653721118964736,DAY,1,C43,0.8271392583847046,6
1778653723571790336,DAY,1,C43,0.678368330001831,5
1778653730458996736,DAY,1,C43,0.9204341769218445,4
1778653738858078976,DAY,1,C43,0.8231843113899231,5
1778653796073599488,DAY,1,C43,0.021397076547145844,7
1778653798391620864,DAY,1,C43,0.39611881971359253,4
1778653804674198784,DAY,1,C43,0.2854297161102295,9
1778653806958839552,DAY,1,C43,0.09396981447935104,6
1778653811763352320,DAY,1,C43,0.1630384922027588,4
1778653814384002560,DAY,1,C43,0.489982932806015,3
1778653821069351168,DAY,1,C43,0.7302635908126831,3
1778653823253508096,DAY,1,C43,0.7498840689659119,3
1778653832794714368,DAY,1,C43,0.8883048295974731,2
1778653871330109184,DAY,1,C43,0.020704101771116257,12
1778653882316513792,DAY,1,C43,0.022015022113919258,7
1778653884903302656,DAY,1,C43,0.018391629680991173,8
1778653889069260032,DAY,1,C43,0.16527867317199707,7
1778653898342159872,DAY,1,C43,0.46624648571014404,3
1779449467555301888,NIGHT,1,C43,0.37240222096443176,16
1779449470423201536,NIGHT,1,C43,0.33390018343925476,9
1779449475060066816,NIGHT,1,C43,0.16148313879966736,12
1779449479095927552,NIGHT,1,C43,0.3614985942840576,14
1779449481331070208,NIGHT,1,C43,0.618887722492218,12
1779449483432542720,NIGHT,1,C43,0.8137211203575134,8
1779449485800670464,NIGHT,1,C43,0.07575134187936783,7
1779449488068910592,NIGHT,1,C43,0.8447807431221008,3
1779449492505469440,NIGHT,1,C43,0.43375363945961,5
1779449496875356416,NIGHT,1,C43,0.01748756319284439,7
1779449499143611648,NIGHT,1,C43,0.27808329463005066,8
1779449501478488320,NIGHT,1,C43,0.9001060128211975,4
1779449575470221824,NIGHT,1,C43,0.4845260977745056,13
1779449580573721600,NIGHT,1,C43,0.47992613911628723,10
1779449591514485504,NIGHT,1,C43,0.4638383686542511,16
1779449593782795264,NIGHT,1,C43,0.03829671069979668,8
1779449596017728000,NIGHT,1,C43,0.693079948425293,5
1779449602689248000,NIGHT,1,C43,0.6611406803131104,6
1779449604823769344,NIGHT,1,C43,0.012288274243474007,3
1779449631842893312,NIGHT,1,C43,0.7707476615905762,4
1779449634044385536,NIGHT,1,C43,0.5511934757232666,6
1779449638581035008,NIGHT,1,C43,0.5108729004859924,5
1779449643284402176,NIGHT,1,C43,0.622519850730896,8
1779449645419136000,NIGHT,1,C43,0.8330090641975403,1
1779449647620845824,NIGHT,1,C43,0.9206432104110718,1
1779449649655479552,NIGHT,1,C43,0.8914321064949036,1
1779449656527024896,NIGHT,1,C43,0.4979214370250702,4
1779449661263803392,NIGHT,1,C43,0.8035471439361572,3
000000,NEG,0,C43,0.001397470012307167,2
000001,NEG,0,C43,0.003011074848473072,2
000002,NEG,0,C43,0.0014905219431966543,1
000003,NEG,0,C43,0.011665884405374527,2
000004,NEG,0,C43,0.0013167747529223561,1
000005,NEG,0,C43,0.0,0
000006,NEG,0,C43,0.0,0
000007,NEG,0,C43,0.0024869556073099375,1
000008,NEG,0,C43,0.0,0
000009,NEG,0,C43,0.002052407944574952,3
000010,NEG,0,C43,0.0,0
000011,NEG,0,C43,0.0022018670570105314,2
000012,NEG,0,C43,0.0017331581329926848,2
000013,NEG,0,C43,0.0,0
000014,NEG,0,C43,0.0013410488609224558,1
000015,NEG,0,C43,0.002348429523408413,2
000016,NEG,0,C43,0.0010486595565453172,1
000017,NEG,0,C43,0.0018215507734566927,1
000018,NEG,0,C43,0.0,0
000019,NEG,0,C43,0.002649717964231968,2
000020,NEG,0,C43,0.001087484764866531,1
000021,NEG,0,C43,0.0017197332344949245,1
000022,NEG,0,C43,0.0021838454995304346,1
000023,NEG,0,C43,0.0012834557564929128,2
000024,NEG,0,C43,0.0023095752112567425,1
000025,NEG,0,C43,0.25095340609550476,5
000026,NEG,0,C43,0.04075871407985687,5
000027,NEG,0,C43,0.05241604149341583,6
000028,NEG,0,C43,0.43261754512786865,8
000029,NEG,0,C43,0.017026375979185104,5
000030,NEG,0,C43,0.03469986841082573,5
000031,NEG,0,C43,0.005465162452310324,2
000032,NEG,0,C43,0.0031833124812692404,3
000033,NEG,0,C43,0.0,0
000034,NEG,0,C43,0.0,0
000035,NEG,0,C43,0.0,0
000036,NEG,0,C43,0.0,0
000037,NEG,0,C43,0.0,0
000038,NEG,0,C43,0.0,0
000039,NEG,0,C43,0.0,0
000040,NEG,0,C43,0.0,0
000041,NEG,0,C43,0.0,0
000042,NEG,0,C43,0.0,0
000043,NEG,0,C43,0.0,0
000044,NEG,0,C43,0.0,0
000045,NEG,0,C43,0.0,0
000046,NEG,0,C43,0.0015037890989333391,1
000047,NEG,0,C43,0.0,0
000048,NEG,0,C43,0.003187788650393486,3
000049,NEG,0,C43,0.0,0
000050,NEG,0,C43,0.0014762599021196365,1
000051,NEG,0,C43,0.0,0
000052,NEG,0,C43,0.002710294909775257,1
000053,NEG,0,C43,0.0,0
000054,NEG,0,C43,0.0,0
000055,NEG,0,C43,0.0,0
000056,NEG,0,C43,0.0,0
000057,NEG,0,C43,0.002302394015714526,1
000058,NEG,0,C43,0.0026318265590816736,2
000059,NEG,0,C43,0.001286193379200995,1
000060,NEG,0,C43,0.005842502694576979,2
000061,NEG,0,C43,0.005767961032688618,1
000062,NEG,0,C43,0.010319791734218597,4
000063,NEG,0,C43,0.0028932213317602873,2
000064,NEG,0,C43,0.0,0
000065,NEG,0,C43,0.0037183118984103203,3
000066,NEG,0,C43,0.007489532232284546,2
000067,NEG,0,C43,0.003510477486997843,3
000068,NEG,0,C43,0.04631948843598366,3
000069,NEG,0,C43,0.002469561295583844,3
000070,NEG,0,C43,0.0072024231776595116,3
000071,NEG,0,C43,0.0017206805059686303,2
000072,NEG,0,C43,0.003097288776189089,2
000073,NEG,0,C43,0.008987301029264927,1
000074,NEG,0,C43,0.09646821022033691,2
000075,NEG,0,C43,0.09031115472316742,2
000076,NEG,0,C43,0.13200636208057404,3
000077,NEG,0,C43,0.0013762860326096416,1
000078,NEG,0,C43,0.0,0
000079,NEG,0,C43,0.0,0
000080,NEG,0,C43,0.0,0
000081,NEG,0,C43,0.0,0
000082,NEG,0,C43,0.0010826410725712776,1
000083,NEG,0,C43,0.0,0
000084,NEG,0,C43,0.02043955959379673,3
000085,NEG,0,C43,0.0010703012812882662,2
000086,NEG,0,C43,0.007077269721776247,2
000087,NEG,0,C43,0.06073451787233353,3
000088,NEG,0,C43,0.004588616080582142,4
000089,NEG,0,C43,0.29020172357559204,3
000090,NEG,0,C43,0.008435924537479877,2
000091,NEG,0,C43,0.008784517645835876,7
000092,NEG,0,C43,0.009118495509028435,8
000093,NEG,0,C43,0.018836716189980507,8
000094,NEG,0,C43,0.004757983144372702,1
000095,NEG,0,C43,0.0,0
000096,NEG,0,C43,0.0,0
000097,NEG,0,C43,0.007208303548395634,1
000098,NEG,0,C43,0.0,0
000099,NEG,0,C43,0.0,0
000100,NEG,0,C43,0.0,0
000101,NEG,0,C43,0.043042927980422974,3
000102,NEG,0,C43,0.0,0
000103,NEG,0,C43,0.0017728665843605995,2
000104,NEG,0,C43,0.03270769491791725,3
000105,NEG,0,C43,0.0,0
000106,NEG,0,C43,0.013989399187266827,1
000107,NEG,0,C43,0.0,0
000108,NEG,0,C43,0.0,0
000109,NEG,0,C43,0.0,0
000110,NEG,0,C43,0.0,0
000111,NEG,0,C43,0.01056946162134409,2
000112,NEG,0,C43,0.0,0
000113,NEG,0,C43,0.002763800323009491,2
000114,NEG,0,C43,0.05548769235610962,1
000115,NEG,0,C43,0.07299172133207321,2
000116,NEG,0,C43,0.0670737698674202,11
000117,NEG,0,C43,0.24692879617214203,9
000118,NEG,0,C43,0.003091268241405487,1
000119,NEG,0,C43,0.042163267731666565,1
000120,NEG,0,C43,0.014157003723084927,1
000121,NEG,0,C43,0.0,0
000122,NEG,0,C43,0.0,0
000123,NEG,0,C43,0.0010150587186217308,1
000124,NEG,0,C43,0.0,0
000125,NEG,0,C43,0.0038445577956736088,1
000126,NEG,0,C43,0.0,0
000127,NEG,0,C43,0.0,0
000128,NEG,0,C43,0.0,0
000129,NEG,0,C43,0.0,0
000130,NEG,0,C43,0.0,0
000131,NEG,0,C43,0.0,0
000132,NEG,0,C43,0.0010044403607025743,1
000133,NEG,0,C43,0.0,0
000134,NEG,0,C43,0.0,0
000135,NEG,0,C43,0.0,0
000136,NEG,0,C43,0.0,0
000137,NEG,0,C43,0.0,0
000138,NEG,0,C43,0.0,0
000139,NEG,0,C43,0.0,0
000140,NEG,0,C43,0.0,0
000141,NEG,0,C43,0.0,0
000142,NEG,0,C43,0.0016600152011960745,1
000143,NEG,0,C43,0.0,0
000144,NEG,0,C43,0.00470048887655139,2
000145,NEG,0,C43,0.002622682834044099,1
000146,NEG,0,C43,0.0,0
000147,NEG,0,C43,0.004454560577869415,1
000148,NEG,0,C43,0.0012187091633677483,2
000149,NEG,0,C43,0.0,0
000150,NEG,0,C43,0.03305383771657944,2
000151,NEG,0,C43,0.026923032477498055,6
000152,NEG,0,C43,0.014831670559942722,3
000153,NEG,0,C43,0.005775912664830685,2
000154,NEG,0,C43,0.011037581600248814,1
000155,NEG,0,C43,0.0,0
000156,NEG,0,C43,0.009444735012948513,2
000157,NEG,0,C43,0.0,0
000158,NEG,0,C43,0.08949089050292969,1
000159,NEG,0,C43,0.005492528900504112,1
000160,NEG,0,C43,0.001122462679632008,1
000161,NEG,0,C43,0.0022906239610165358,2
000162,NEG,0,C43,0.007688455283641815,3
000163,NEG,0,C43,0.008307171054184437,3
000164,NEG,0,C43,0.008095062337815762,2
000165,NEG,0,C43,0.002152864821255207,2
000166,NEG,0,C43,0.0710865780711174,3
000167,NEG,0,C43,0.5501110553741455,1
000168,NEG,0,C43,0.5485683679580688,3
000169,NEG,0,C43,0.028103921562433243,5
000170,NEG,0,C43,0.0012460782891139388,1
000171,NEG,0,C43,0.0,0
000172,NEG,0,C43,0.003350299084559083,1
000173,NEG,0,C43,0.006853131111711264,1
000174,NEG,0,C43,0.003935087472200394,7
000175,NEG,0,C43,0.0,0
000176,NEG,0,C43,0.02180345170199871,3
000177,NEG,0,C43,0.038647498935461044,6
000178,NEG,0,C43,0.0014154197415336967,1
000179,NEG,0,C43,0.0,0
000180,NEG,0,C43,0.002535157138481736,3
000181,NEG,0,C43,0.0,0
000182,NEG,0,C43,0.0,0
000183,NEG,0,C43,0.0483558364212513,1
000184,NEG,0,C43,0.2208637148141861,3
000185,NEG,0,C43,0.12513932585716248,7
000186,NEG,0,C43,0.013861366547644138,6
000187,NEG,0,C43,0.0,0
000188,NEG,0,C43,0.0070056128315627575,3
000189,NEG,0,C43,0.008248426020145416,6
000190,NEG,0,C43,0.0,0
000191,NEG,0,C43,0.0,0
000192,NEG,0,C43,0.041426774114370346,1
000193,NEG,0,C43,0.007675190921872854,7
000194,NEG,0,C43,0.008174750953912735,4
000195,NEG,0,C43,0.12154505401849747,5
000196,NEG,0,C43,0.01203027181327343,5
000197,NEG,0,C43,0.010969981551170349,4
000198,NEG,0,C43,0.02613576501607895,8
000199,NEG,0,C43,0.07917457818984985,6
000200,NEG,0,C43,0.0879865363240242,7
000201,NEG,0,C43,0.06417376548051834,9
000202,NEG,0,C43,0.015717828646302223,8
000203,NEG,0,C43,0.011345850303769112,4
000204,NEG,0,C43,0.008699936792254448,6
000205,NEG,0,C43,0.016391757875680923,3
000206,NEG,0,C43,0.0,0
000207,NEG,0,C43,0.0024790612515062094,4
000208,NEG,0,C43,0.008932407014071941,4
000209,NEG,0,C43,0.00814019050449133,5
000210,NEG,0,C43,0.03466174751520157,9
000211,NEG,0,C43,0.017391759902238846,8
000212,NEG,0,C43,0.004719968419522047,5
000213,NEG,0,C43,0.006044825538992882,2
000214,NEG,0,C43,0.004758699331432581,7
000215,NEG,0,C43,0.07273958623409271,7
000216,NEG,0,C43,0.13559216260910034,5
000217,NEG,0,C43,0.005705674644559622,2
000218,NEG,0,C43,0.002805552212521434,5
000219,NEG,0,C43,0.008901732042431831,6
000220,NEG,0,C43,0.0017212009988725185,2
000221,NEG,0,C43,0.001988345757126808,1
000222,NEG,0,C43,0.001161362393759191,1
000223,NEG,0,C43,0.02667280100286007,4
000224,NEG,0,C43,0.017106670886278152,5
000225,NEG,0,C43,0.014608701691031456,9
000226,NEG,0,C43,0.02805088274180889,10
000227,NEG,0,C43,0.01710224710404873,11
000228,NEG,0,C43,0.011027712374925613,10
000229,NEG,0,C43,0.004412661772221327,5
000230,NEG,0,C43,0.006054735276848078,8
000231,NEG,0,C43,0.011096527799963951,5
000232,NEG,0,C43,0.006383256521075964,6
000233,NEG,0,C43,0.00873351190239191,10
000234,NEG,0,C43,0.048163674771785736,7
000235,NEG,0,C43,0.057133909314870834,3
000236,NEG,0,C43,0.13927869498729706,8
000237,NEG,0,C43,0.007580092176795006,8
000238,NEG,0,C43,0.004147297237068415,5
000239,NEG,0,C43,0.004147297237068415,5
000240,NEG,0,C43,0.0013303091982379556,3
000241,NEG,0,C43,0.0029703883919864893,5
000242,NEG,0,C43,0.013431805185973644,7
000243,NEG,0,C43,0.033620212227106094,8
000244,NEG,0,C43,0.0,0
000245,NEG,0,C43,0.0025315159000456333,2
000246,NEG,0,C43,0.0055438196286559105,8
000247,NEG,0,C43,0.001916316687129438,2
000248,NEG,0,C43,0.0,0
000249,NEG,0,C43,0.035732630640268326,2
000250,NEG,0,C43,0.010025357827544212,1
000251,NEG,0,C43,0.08626632392406464,3
000252,NEG,0,C43,0.012358599342405796,2
000253,NEG,0,C43,0.006306719034910202,3
000254,NEG,0,C43,0.03162992373108864,11
000255,NEG,0,C43,0.012485701590776443,1
000256,NEG,0,C43,0.00417542178183794,2
000257,NEG,0,C43,0.012590348720550537,1
000258,NEG,0,C43,0.025203300639986992,6
000259,NEG,0,C43,0.0,0
000260,NEG,0,C43,0.0,0
000261,NEG,0,C43,0.0,0
000262,NEG,0,C43,0.0,0
000263,NEG,0,C43,0.0,0
000264,NEG,0,C43,0.0,0
000265,NEG,0,C43,0.0,0
000266,NEG,0,C43,0.0,0
000267,NEG,0,C43,0.0,0
000268,NEG,0,C43,0.0,0
000269,NEG,0,C43,0.0,0
000270,NEG,0,C43,0.0,0
000271,NEG,0,C43,0.0,0
000272,NEG,0,C43,0.0,0
000273,NEG,0,C43,0.0,0
000274,NEG,0,C43,0.0,0
000275,NEG,0,C43,0.0,0
000276,NEG,0,C43,0.0,0
000277,NEG,0,C43,0.0,0
000278,NEG,0,C43,0.0,0
000279,NEG,0,C43,0.0,0
000280,NEG,0,C43,0.0,0
000281,NEG,0,C43,0.0,0
000282,NEG,0,C43,0.0,0
000283,NEG,0,C43,0.0,0
000284,NEG,0,C43,0.0,0
000285,NEG,0,C43,0.0,0
000286,NEG,0,C43,0.0,0
000287,NEG,0,C43,0.0,0
000288,NEG,0,C43,0.0,0
000289,NEG,0,C43,0.0,0
000290,NEG,0,C43,0.0,0
000291,NEG,0,C43,0.0,0
000292,NEG,0,C43,0.0,0
000293,NEG,0,C43,0.0,0
000294,NEG,0,C43,0.0,0
000295,NEG,0,C43,0.0,0
000296,NEG,0,C43,0.0,0
000297,NEG,0,C43,0.0,0
000298,NEG,0,C43,0.0,0
000299,NEG,0,C43,0.0,0
000300,NEG,0,C43,0.0,0
000301,NEG,0,C43,0.0,0
000302,NEG,0,C43,0.0,0
000303,NEG,0,C43,0.0,0
000304,NEG,0,C43,0.0,0
000305,NEG,0,C43,0.0,0
000306,NEG,0,C43,0.0,0
000307,NEG,0,C43,0.0,0
000308,NEG,0,C43,0.0,0
000309,NEG,0,C43,0.0,0
000310,NEG,0,C43,0.0,0
000311,NEG,0,C43,0.0,0
000312,NEG,0,C43,0.0,0
000313,NEG,0,C43,0.0,0
000314,NEG,0,C43,0.0,0
000315,NEG,0,C43,0.0,0
000316,NEG,0,C43,0.0,0
000317,NEG,0,C43,0.0,0
000318,NEG,0,C43,0.0,0
000319,NEG,0,C43,0.0,0
000320,NEG,0,C43,0.0,0
000321,NEG,0,C43,0.0,0
000322,NEG,0,C43,0.0,0
000323,NEG,0,C43,0.0,0
000324,NEG,0,C43,0.0,0
000325,NEG,0,C43,0.0,0
000326,NEG,0,C43,0.0,0
000327,NEG,0,C43,0.0,0
000328,NEG,0,C43,0.0,0
000329,NEG,0,C43,0.0,0
000330,NEG,0,C43,0.0,0
000331,NEG,0,C43,0.0,0
000332,NEG,0,C43,0.0,0
000333,NEG,0,C43,0.0,0
000334,NEG,0,C43,0.0,0
000335,NEG,0,C43,0.0,0
000336,NEG,0,C43,0.0,0
000337,NEG,0,C43,0.0,0
000338,NEG,0,C43,0.0,0
000339,NEG,0,C43,0.0,0
000340,NEG,0,C43,0.0,0
000341,NEG,0,C43,0.0,0
000342,NEG,0,C43,0.0,0
000343,NEG,0,C43,0.0,0
000344,NEG,0,C43,0.0,0
000345,NEG,0,C43,0.0,0
000346,NEG,0,C43,0.0,0
000347,NEG,0,C43,0.0,0
000348,NEG,0,C43,0.0,0
000349,NEG,0,C43,0.0,0
000350,NEG,0,C43,0.0,0
000351,NEG,0,C43,0.0,0
000352,NEG,0,C43,0.0,0
000353,NEG,0,C43,0.0,0
000354,NEG,0,C43,0.0,0
000355,NEG,0,C43,0.0,0
000356,NEG,0,C43,0.0,0
000357,NEG,0,C43,0.0,0
000358,NEG,0,C43,0.0,0
000359,NEG,0,C43,0.0,0
000360,NEG,0,C43,0.0,0
000361,NEG,0,C43,0.0,0
000362,NEG,0,C43,0.0,0
000363,NEG,0,C43,0.0,0
000364,NEG,0,C43,0.0,0
000365,NEG,0,C43,0.0,0
000366,NEG,0,C43,0.0,0
000367,NEG,0,C43,0.0,0
000368,NEG,0,C43,0.0,0
000369,NEG,0,C43,0.0,0
000370,NEG,0,C43,0.0,0
000371,NEG,0,C43,0.0,0
000372,NEG,0,C43,0.0,0
000373,NEG,0,C43,0.0,0
000374,NEG,0,C43,0.0,0
000375,NEG,0,C43,0.0,0
000376,NEG,0,C43,0.0,0
000377,NEG,0,C43,0.0,0
000378,NEG,0,C43,0.0,0
000379,NEG,0,C43,0.0,0
000380,NEG,0,C43,0.0,0
000381,NEG,0,C43,0.0,0
000382,NEG,0,C43,0.0,0
000383,NEG,0,C43,0.0,0
000384,NEG,0,C43,0.0,0
000385,NEG,0,C43,0.0,0
000386,NEG,0,C43,0.0,0
000387,NEG,0,C43,0.0,0
000388,NEG,0,C43,0.0,0
000389,NEG,0,C43,0.0,0
000390,NEG,0,C43,0.0,0
000391,NEG,0,C43,0.0,0
000392,NEG,0,C43,0.0,0
000393,NEG,0,C43,0.0,0
000394,NEG,0,C43,0.0,0
000395,NEG,0,C43,0.0,0
000396,NEG,0,C43,0.0,0
000397,NEG,0,C43,0.0,0
000398,NEG,0,C43,0.0,0
000399,NEG,0,C43,0.0,0
000400,NEG,0,C43,0.0,0
000401,NEG,0,C43,0.0023725247010588646,1
000402,NEG,0,C43,0.0,0
000403,NEG,0,C43,0.002129435772076249,1
000404,NEG,0,C43,0.0018195593729615211,2
000405,NEG,0,C43,0.0,0
000406,NEG,0,C43,0.0,0
000407,NEG,0,C43,0.0,0
000408,NEG,0,C43,0.005371447186917067,1
000409,NEG,0,C43,0.003428025171160698,2
000410,NEG,0,C43,0.0013024663785472512,1
000411,NEG,0,C43,0.0,0
000412,NEG,0,C43,0.0,0
000413,NEG,0,C43,0.0020220321603119373,1
000414,NEG,0,C43,0.0,0
000415,NEG,0,C43,0.0,0
000416,NEG,0,C43,0.0,0
000417,NEG,0,C43,0.0,0
000418,NEG,0,C43,0.0,0
000419,NEG,0,C43,0.0,0
000420,NEG,0,C43,0.0,0
000421,NEG,0,C43,0.0,0
000422,NEG,0,C43,0.0,0
000423,NEG,0,C43,0.0,0
000424,NEG,0,C43,0.0,0
000425,NEG,0,C43,0.0,0
000426,NEG,0,C43,0.0,0
000427,NEG,0,C43,0.0,0
000428,NEG,0,C43,0.0,0
000429,NEG,0,C43,0.0,0
000430,NEG,0,C43,0.0,0
000431,NEG,0,C43,0.0,0
000432,NEG,0,C43,0.0,0
000433,NEG,0,C43,0.0,0
000434,NEG,0,C43,0.0,0
000435,NEG,0,C43,0.003978364169597626,2
000436,NEG,0,C43,0.0,0
000437,NEG,0,C43,0.0,0
000438,NEG,0,C43,0.0,0
000439,NEG,0,C43,0.0,0
000440,NEG,0,C43,0.0,0
000441,NEG,0,C43,0.0,0
000442,NEG,0,C43,0.0,0
000443,NEG,0,C43,0.0,0
000444,NEG,0,C43,0.0,0
000445,NEG,0,C43,0.0,0
000446,NEG,0,C43,0.0,0
000447,NEG,0,C43,0.0,0
000448,NEG,0,C43,0.0,0
000449,NEG,0,C43,0.0,0
000450,NEG,0,C43,0.0,0
000451,NEG,0,C43,0.0,0
000452,NEG,0,C43,0.0,0
000453,NEG,0,C43,0.0,0
000454,NEG,0,C43,0.0014633837854489684,2
000455,NEG,0,C43,0.0016579104121774435,2
000456,NEG,0,C43,0.007267341483384371,3
000457,NEG,0,C43,0.0028218773659318686,1
000458,NEG,0,C43,0.0,0
000459,NEG,0,C43,0.0,0
000460,NEG,0,C43,0.0,0
000461,NEG,0,C43,0.0,0
000462,NEG,0,C43,0.22916293144226074,2
000463,NEG,0,C43,0.0026368468534201384,1
000464,NEG,0,C43,0.00381252309307456,1
000465,NEG,0,C43,0.3263399004936218,1
000466,NEG,0,C43,0.04220326617360115,3
000467,NEG,0,C43,0.0023702257312834263,2
000468,NEG,0,C43,0.0072294436395168304,3
000469,NEG,0,C43,0.0016686366870999336,2
000470,NEG,0,C43,0.0,0
000471,NEG,0,C43,0.0012535720597952604,1
000472,NEG,0,C43,0.0,0
000473,NEG,0,C43,0.002286619506776333,1
000474,NEG,0,C43,0.010817856527864933,2
000475,NEG,0,C43,0.002303037093952298,3
000476,NEG,0,C43,0.0010660686530172825,1
000477,NEG,0,C43,0.004713213071227074,4
000478,NEG,0,C43,0.01799127273261547,2
000479,NEG,0,C43,0.0,0
000480,NEG,0,C43,0.0012168108951300383,1
000481,NEG,0,C43,0.0,0
000482,NEG,0,C43,0.0,0
000483,NEG,0,C43,0.0011280708713456988,1
000484,NEG,0,C43,0.0,0
000485,NEG,0,C43,0.0,0
000486,NEG,0,C43,0.003378462977707386,1
000487,NEG,0,C43,0.010172990150749683,1
000488,NEG,0,C43,0.0,0
000489,NEG,0,C43,0.0,0
000490,NEG,0,C43,0.0,0
000491,NEG,0,C43,0.0,0
000492,NEG,0,C43,0.0,0
000493,NEG,0,C43,0.0,0
000494,NEG,0,C43,0.0,0
000495,NEG,0,C43,0.0,0
000496,NEG,0,C43,0.0,0
000497,NEG,0,C43,0.0,0
000498,NEG,0,C43,0.0027595898136496544,1
000499,NEG,0,C43,0.00547016691416502,1
000500,NEG,0,C43,0.0,0
000501,NEG,0,C43,0.0033878537360578775,2
000502,NEG,0,C43,0.0,0
000503,NEG,0,C43,0.04590984433889389,5
000504,NEG,0,C43,0.14524459838867188,3
000505,NEG,0,C43,0.007233757060021162,1
000506,NEG,0,C43,0.0,0
000507,NEG,0,C43,0.015090427361428738,1
000508,NEG,0,C43,0.0,0
000509,NEG,0,C43,0.0026433493476361036,2
000510,NEG,0,C43,0.0,0
000511,NEG,0,C43,0.0029783553909510374,4
000512,NEG,0,C43,0.014458747580647469,9
000513,NEG,0,C43,0.0,0
000514,NEG,0,C43,0.019542282447218895,3
000515,NEG,0,C43,0.042152754962444305,3
000516,NEG,0,C43,0.004183217417448759,6
000517,NEG,0,C43,0.499753475189209,2
000518,NEG,0,C43,0.32167908549308777,7
000519,NEG,0,C43,0.011007199995219707,4
000520,NEG,0,C43,0.0010585003765299916,1
000521,NEG,0,C43,0.0010363290784880519,1
000522,NEG,0,C43,0.001977555686607957,1
000523,NEG,0,C43,0.015738993883132935,3
000524,NEG,0,C43,0.0017693688860163093,3
000525,NEG,0,C43,0.0,0
000526,NEG,0,C43,0.0030977202113717794,1
000527,NEG,0,C43,0.0053003206849098206,2
000528,NEG,0,C43,0.0,0
000529,NEG,0,C43,0.005084811244159937,1
000530,NEG,0,C43,0.0057332138530910015,2
000531,NEG,0,C43,0.010372629389166832,4
000532,NEG,0,C43,0.002796458313241601,1
000533,NEG,0,C43,0.0032873861491680145,2
000534,NEG,0,C43,0.0,0
000535,NEG,0,C43,0.010067944414913654,2
000536,NEG,0,C43,0.0014755958691239357,1
000537,NEG,0,C43,0.02538721077144146,2
000538,NEG,0,C43,0.0,0
000539,NEG,0,C43,0.0,0
000540,NEG,0,C43,0.0,0
000541,NEG,0,C43,0.0,0
000542,NEG,0,C43,0.0,0
000543,NEG,0,C43,0.0,0
000544,NEG,0,C43,0.0,0
000545,NEG,0,C43,0.0019069857662543654,1
000546,NEG,0,C43,0.012826967053115368,3
000547,NEG,0,C43,0.012899023480713367,2
000548,NEG,0,C43,0.0,0
000549,NEG,0,C43,0.0,0
000550,NEG,0,C43,0.0,0
000551,NEG,0,C43,0.0,0
000552,NEG,0,C43,0.0,0
000553,NEG,0,C43,0.0,0
000554,NEG,0,C43,0.0,0
000555,NEG,0,C43,0.0020561646670103073,1
000556,NEG,0,C43,0.017042553052306175,4
000557,NEG,0,C43,0.0017332077259197831,2
000558,NEG,0,C43,0.0,0
000559,NEG,0,C43,0.0017757153837010264,2
000560,NEG,0,C43,0.0017090466571971774,4
000561,NEG,0,C43,0.0356018990278244,4
000562,NEG,0,C43,0.04367472603917122,3
000563,NEG,0,C43,0.0,0
000564,NEG,0,C43,0.002360007492825389,3
000565,NEG,0,C43,0.0,0
000566,NEG,0,C43,0.00100178481079638,1
000567,NEG,0,C43,0.0010586652206256986,1
000568,NEG,0,C43,0.0,0
000569,NEG,0,C43,0.0027812819462269545,2
000570,NEG,0,C43,0.009334457106888294,4
000571,NEG,0,C43,0.0870017483830452,2
000572,NEG,0,C43,0.4789638817310333,1
000573,NEG,0,C43,0.004750535357743502,3
000574,NEG,0,C43,0.004474898800253868,2
000575,NEG,0,C43,0.21692931652069092,2
000576,NEG,0,C43,0.012051678262650967,2
000577,NEG,0,C43,0.0019084729719907045,2
000578,NEG,0,C43,0.0079527348279953,4
000579,NEG,0,C43,0.12359362840652466,1
000580,NEG,0,C43,0.009013163857161999,4
000581,NEG,0,C43,0.14434979856014252,4
000582,NEG,0,C43,0.02969624660909176,5
000583,NEG,0,C43,0.036158882081508636,5
000584,NEG,0,C43,0.0031928550451993942,3
000585,NEG,0,C43,0.030111752450466156,6
000586,NEG,0,C43,0.016540056094527245,3
000587,NEG,0,C43,0.003093040781095624,3
000588,NEG,0,C43,0.012383119203150272,5
000589,NEG,0,C43,0.0011450409656390548,1
000590,NEG,0,C43,0.0028439953457564116,2
000591,NEG,0,C43,0.0024502326268702745,1
000592,NEG,0,C43,0.0018461613217368722,3
000593,NEG,0,C43,0.010158445686101913,3
000594,NEG,0,C43,0.007212153170257807,4
000595,NEG,0,C43,0.006218230351805687,2
000596,NEG,0,C43,0.3733033835887909,2
000597,NEG,0,C43,0.4129297435283661,3
000598,NEG,0,C43,0.12941519916057587,3
000599,NEG,0,C43,0.05164721608161926,7
000600,NEG,0,C43,0.0018124188063666224,1
000601,NEG,0,C43,0.0030938866548240185,3
000602,NEG,0,C43,0.007496603764593601,4
000603,NEG,0,C43,0.022421907633543015,2
000604,NEG,0,C43,0.010227389633655548,3
000605,NEG,0,C43,0.026669656857848167,4
000606,NEG,0,C43,0.018239755183458328,3
000607,NEG,0,C43,0.018094975501298904,7
000608,NEG,0,C43,0.4830772876739502,2
000609,NEG,0,C43,0.279134064912796,3
000610,NEG,0,C43,0.2376788854598999,4
000611,NEG,0,C43,0.04583076760172844,3
000612,NEG,0,C43,0.034206315875053406,5
000613,NEG,0,C43,0.4879521429538727,3
000614,NEG,0,C43,0.49902069568634033,3
000615,NEG,0,C43,0.030471723526716232,3
000616,NEG,0,C43,0.07658092677593231,4
000617,NEG,0,C43,0.3229479193687439,4
000618,NEG,0,C43,0.02173810452222824,4
000619,NEG,0,C43,0.01679682545363903,5
000620,NEG,0,C43,0.042170699685811996,10
000621,NEG,0,C43,0.014391361735761166,7
000622,NEG,0,C43,0.006597673986107111,2
000623,NEG,0,C43,0.007723268121480942,4
000624,NEG,0,C43,0.18085843324661255,7
000625,NEG,0,C43,0.005628868937492371,2
000626,NEG,0,C43,0.004186790436506271,2
000627,NEG,0,C43,0.0014590888749808073,2
000628,NEG,0,C43,0.0010893086437135935,1
000629,NEG,0,C43,0.0011146743781864643,1
000630,NEG,0,C43,0.0036331152077764273,3
000631,NEG,0,C43,0.0013353462563827634,1
000632,NEG,0,C43,0.006532307714223862,4
000633,NEG,0,C43,0.15219110250473022,5
000634,NEG,0,C43,0.030621755868196487,1
000635,NEG,0,C43,0.014686000533401966,2
000636,NEG,0,C43,0.002603758592158556,4
000637,NEG,0,C43,0.003185099922120571,1
000638,NEG,0,C43,0.0,0
000639,NEG,0,C43,0.02868056483566761,2
000640,NEG,0,C43,0.11791127175092697,1
000641,NEG,0,C43,0.026457801461219788,3
000642,NEG,0,C43,0.03779949992895126,2
000643,NEG,0,C43,0.030465707182884216,2
000644,NEG,0,C43,0.15847618877887726,2
000645,NEG,0,C43,0.290345162153244,2
000646,NEG,0,C43,0.19286003708839417,2
000647,NEG,0,C43,0.23735177516937256,1
000648,NEG,0,C43,0.1915658712387085,2
000649,NEG,0,C43,0.04069749638438225,2
000650,NEG,0,C43,0.006466531194746494,2
000651,NEG,0,C43,0.021270310506224632,2
000652,NEG,0,C43,0.26526516675949097,1
000653,NEG,0,C43,0.02918391302227974,1
000654,NEG,0,C43,0.07751414179801941,1
000655,NEG,0,C43,0.12367814779281616,1
000656,NEG,0,C43,0.18704508244991302,2
000657,NEG,0,C43,0.123954176902771,2
000658,NEG,0,C43,0.2983839511871338,1
000659,NEG,0,C43,0.07075155526399612,3
000660,NEG,0,C43,0.37981364130973816,1
000661,NEG,0,C43,0.003885129699483514,4
000662,NEG,0,C43,0.042227111756801605,4
000663,NEG,0,C43,0.04525630548596382,5
000664,NEG,0,C43,0.008469527587294579,1
000665,NEG,0,C43,0.01922379992902279,3
000666,NEG,0,C43,0.0048832339234650135,9
000667,NEG,0,C43,0.005367178935557604,10
000668,NEG,0,C43,0.002241221023723483,1
000669,NEG,0,C43,0.004506437107920647,5
000670,NEG,0,C43,0.00264782109297812,1
000671,NEG,0,C43,0.08626369386911392,6
000672,NEG,0,C43,0.006258453708142042,4
000673,NEG,0,C43,0.005280462093651295,4
000674,NEG,0,C43,0.006100577302277088,3
000675,NEG,0,C43,0.059526942670345306,6
000676,NEG,0,C43,0.5297794342041016,6
000677,NEG,0,C43,0.41751593351364136,8
000678,NEG,0,C43,0.5723261833190918,6
000679,NEG,0,C43,0.21380631625652313,8
000680,NEG,0,C43,0.0634770616889,10
000681,NEG,0,C43,0.009334621019661427,2
000682,NEG,0,C43,0.01722521148622036,4
000683,NEG,0,C43,0.0033896462991833687,1
000684,NEG,0,C43,0.041075922548770905,4
000685,NEG,0,C43,0.04124049097299576,3
000686,NEG,0,C43,0.04700782522559166,2
000687,NEG,0,C43,0.04979559779167175,2
000688,NEG,0,C43,0.07444333285093307,2
000689,NEG,0,C43,0.03131785988807678,2
000690,NEG,0,C43,0.0833047404885292,3
000691,NEG,0,C43,0.3627963364124298,1
000692,NEG,0,C43,0.06521812826395035,1
000693,NEG,0,C43,0.05319780111312866,3
000694,NEG,0,C43,0.1091499999165535,6
000695,NEG,0,C43,0.02458849735558033,2
000696,NEG,0,C43,0.0014107399620115757,1
000697,NEG,0,C43,0.005202393978834152,3
000698,NEG,0,C43,0.005570939276367426,2
000699,NEG,0,C43,0.0062903366051614285,1
000700,NEG,0,C43,0.0,0
000701,NEG,0,C43,0.0,0
000702,NEG,0,C43,0.0028068465180695057,1
000703,NEG,0,C43,0.001678746659308672,1
000704,NEG,0,C43,0.0,0
000705,NEG,0,C43,0.0016276860842481256,1
000706,NEG,0,C43,0.0034777186810970306,4
000707,NEG,0,C43,0.011835061013698578,3
000708,NEG,0,C43,0.002469113562256098,3
000709,NEG,0,C43,0.008030835539102554,3
000710,NEG,0,C43,0.0011298679746687412,1
000711,NEG,0,C43,0.0014883462572470307,1
000712,NEG,0,C43,0.004978496115654707,4
000713,NEG,0,C43,0.00283154402859509,4
000714,NEG,0,C43,0.0011153361992910504,1
000715,NEG,0,C43,0.0019085636595264077,3
000716,NEG,0,C43,0.0,0
000717,NEG,0,C43,0.001382595975883305,1
000718,NEG,0,C43,0.003524399595335126,3
000719,NEG,0,C43,0.004982647951692343,3
000720,NEG,0,C43,0.0020464989356696606,2
000721,NEG,0,C43,0.0,0
000722,NEG,0,C43,0.0030899078119546175,5
000723,NEG,0,C43,0.003831105772405863,3
000724,NEG,0,C43,0.001112764817662537,1
000725,NEG,0,C43,0.003386752912774682,2
000726,NEG,0,C43,0.0022124650422483683,1
000727,NEG,0,C43,0.0016470254631713033,1
000728,NEG,0,C43,0.004149103537201881,3
000729,NEG,0,C43,0.007243200670927763,1
000730,NEG,0,C43,0.0012880578869953752,1
000731,NEG,0,C43,0.0,0
000732,NEG,0,C43,0.002564065158367157,2
000733,NEG,0,C43,0.0,0
000734,NEG,0,C43,0.0,0
000735,NEG,0,C43,0.0,0
000736,NEG,0,C43,0.0030966028571128845,2
000737,NEG,0,C43,0.0,0
000738,NEG,0,C43,0.0,0
000739,NEG,0,C43,0.0,0
000740,NEG,0,C43,0.0,0
000741,NEG,0,C43,0.0,0
000742,NEG,0,C43,0.0,0
000743,NEG,0,C43,0.0,0
000744,NEG,0,C43,0.0,0
000745,NEG,0,C43,0.0,0
000746,NEG,0,C43,0.0,0
000747,NEG,0,C43,0.0,0
000748,NEG,0,C43,0.0010744377505034208,1
000749,NEG,0,C43,0.0,0
000750,NEG,0,C43,0.0,0
000751,NEG,0,C43,0.0,0
000752,NEG,0,C43,0.0,0
000753,NEG,0,C43,0.0,0
000754,NEG,0,C43,0.0,0
000755,NEG,0,C43,0.0,0
000756,NEG,0,C43,0.0,0
000757,NEG,0,C43,0.0,0
000758,NEG,0,C43,0.0,0
000759,NEG,0,C43,0.0,0
000760,NEG,0,C43,0.0,0
000761,NEG,0,C43,0.0,0
000762,NEG,0,C43,0.0,0
000763,NEG,0,C43,0.0,0
000764,NEG,0,C43,0.0,0
000765,NEG,0,C43,0.0,0
000766,NEG,0,C43,0.0,0
000767,NEG,0,C43,0.0026765575166791677,1
000768,NEG,0,C43,0.0,0
000769,NEG,0,C43,0.001269554952159524,1
000770,NEG,0,C43,0.0,0
000771,NEG,0,C43,0.0,0
000772,NEG,0,C43,0.0,0
000773,NEG,0,C43,0.004978240933269262,3
000774,NEG,0,C43,0.0,0
000775,NEG,0,C43,0.0,0
000776,NEG,0,C43,0.0,0
000777,NEG,0,C43,0.0,0
000778,NEG,0,C43,0.001257159630768001,1
000779,NEG,0,C43,0.0,0
000780,NEG,0,C43,0.0,0
000781,NEG,0,C43,0.0,0
000782,NEG,0,C43,0.0015548104420304298,1
000783,NEG,0,C43,0.007608083542436361,1
000784,NEG,0,C43,0.005049120634794235,3
000785,NEG,0,C43,0.0,0
000786,NEG,0,C43,0.0,0
000787,NEG,0,C43,0.0037369574420154095,1
000788,NEG,0,C43,0.007213505916297436,2
000789,NEG,0,C43,0.003448998788371682,3
000790,NEG,0,C43,0.001990811200812459,1
000791,NEG,0,C43,0.0,0
000792,NEG,0,C43,0.0014135238016024232,1
000793,NEG,0,C43,0.0014063637936487794,1
000794,NEG,0,C43,0.0,0
000795,NEG,0,C43,0.006921760737895966,2
000796,NEG,0,C43,0.0,0
000797,NEG,0,C43,0.0,0
000798,NEG,0,C43,0.0,0
000799,NEG,0,C43,0.0,0
000800,NEG,0,C43,0.001649059820920229,1
000801,NEG,0,C43,0.0,0
000802,NEG,0,C43,0.0,0
000803,NEG,0,C43,0.0,0
000804,NEG,0,C43,0.0,0
000805,NEG,0,C43,0.03498001769185066,1
000806,NEG,0,C43,0.1734977513551712,2
000807,NEG,0,C43,0.0015956744318827987,1
000808,NEG,0,C43,0.036837249994277954,2
000809,NEG,0,C43,0.0,0
000810,NEG,0,C43,0.01306579727679491,3
000811,NEG,0,C43,0.02528909221291542,4
000812,NEG,0,C43,0.0,0
000813,NEG,0,C43,0.0,0
000814,NEG,0,C43,0.0,0
000815,NEG,0,C43,0.0013720772694796324,1
000816,NEG,0,C43,0.0,0
000817,NEG,0,C43,0.0,0
000818,NEG,0,C43,0.0,0
000819,NEG,0,C43,0.002141838427633047,2
000820,NEG,0,C43,0.006688806694000959,2
000821,NEG,0,C43,0.0012144631473347545,1
000822,NEG,0,C43,0.0,0
000823,NEG,0,C43,0.0,0
000824,NEG,0,C43,0.0,0
000825,NEG,0,C43,0.0,0
000826,NEG,0,C43,0.00286530121229589,1
000827,NEG,0,C43,0.0,0
000828,NEG,0,C43,0.0,0
000829,NEG,0,C43,0.0,0
000830,NEG,0,C43,0.0,0
000831,NEG,0,C43,0.0,0
000832,NEG,0,C43,0.0,0
000833,NEG,0,C43,0.0010210595792159438,1
000834,NEG,0,C43,0.0,0
000835,NEG,0,C43,0.0,0
000836,NEG,0,C43,0.0,0
000837,NEG,0,C43,0.0,0
000838,NEG,0,C43,0.0,0
000839,NEG,0,C43,0.0012681675143539906,1
000840,NEG,0,C43,0.027036206796765327,1
000841,NEG,0,C43,0.0,0
000842,NEG,0,C43,0.0015623532235622406,1
000843,NEG,0,C43,0.0010693188523873687,1
000844,NEG,0,C43,0.002476695692166686,2
000845,NEG,0,C43,0.00957415159791708,1
000846,NEG,0,C43,0.0592443123459816,1
000847,NEG,0,C43,0.10219545662403107,1
000848,NEG,0,C43,0.08881133794784546,1
000849,NEG,0,C43,0.07480069249868393,2
000850,NEG,0,C43,0.032397981733083725,2
000851,NEG,0,C43,0.07545837759971619,1
000852,NEG,0,C43,0.06113213300704956,3
000853,NEG,0,C43,0.3440059721469879,2
000854,NEG,0,C43,0.014800501987338066,1
000855,NEG,0,C43,0.2002466917037964,3
000856,NEG,0,C43,0.03801500052213669,1
000857,NEG,0,C43,0.20652982592582703,1
000858,NEG,0,C43,0.014720781706273556,2
000859,NEG,0,C43,0.04876680672168732,3
000860,NEG,0,C43,0.0770539715886116,3
000861,NEG,0,C43,0.019836733117699623,1
000862,NEG,0,C43,0.001215277356095612,1
000863,NEG,0,C43,0.0,0
000864,NEG,0,C43,0.002189525170251727,2
000865,NEG,0,C43,0.0,0
000866,NEG,0,C43,0.0,0
000867,NEG,0,C43,0.0,0
000868,NEG,0,C43,0.004026396200060844,1
000869,NEG,0,C43,0.0012363967252895236,1
000870,NEG,0,C43,0.0,0
000871,NEG,0,C43,0.0,0
000872,NEG,0,C43,0.0,0
000873,NEG,0,C43,0.0,0
000874,NEG,0,C43,0.0,0
000875,NEG,0,C43,0.0015750883612781763,2
000876,NEG,0,C43,0.0,0
000877,NEG,0,C43,0.006505502387881279,1
000878,NEG,0,C43,0.006407174747437239,1
000879,NEG,0,C43,0.0,0
000880,NEG,0,C43,0.0,0
000881,NEG,0,C43,0.0,0
000882,NEG,0,C43,0.0,0
000883,NEG,0,C43,0.0,0
000884,NEG,0,C43,0.0,0
000885,NEG,0,C43,0.0011516737286001444,1
000886,NEG,0,C43,0.0,0
000887,NEG,0,C43,0.0,0
000888,NEG,0,C43,0.0,0
000889,NEG,0,C43,0.0,0
000890,NEG,0,C43,0.0,0
000891,NEG,0,C43,0.0,0
000892,NEG,0,C43,0.0,0
000893,NEG,0,C43,0.0,0
000894,NEG,0,C43,0.0,0
000895,NEG,0,C43,0.0,0
000896,NEG,0,C43,0.0,0
000897,NEG,0,C43,0.0,0
000898,NEG,0,C43,0.0021407785825431347,1
000899,NEG,0,C43,0.0,0
000900,NEG,0,C43,0.0,0
000901,NEG,0,C43,0.0,0
000902,NEG,0,C43,0.0024178489111363888,1
000903,NEG,0,C43,0.0,0
000904,NEG,0,C43,0.0,0
000905,NEG,0,C43,0.0,0
000906,NEG,0,C43,0.0,0
000907,NEG,0,C43,0.0,0
000908,NEG,0,C43,0.0,0
000909,NEG,0,C43,0.0,0
000910,NEG,0,C43,0.00107879051938653,1
000911,NEG,0,C43,0.007656402885913849,1
000912,NEG,0,C43,0.0,0
000913,NEG,0,C43,0.0,0
000914,NEG,0,C43,0.0,0
000915,NEG,0,C43,0.0,0
000916,NEG,0,C43,0.0,0
000917,NEG,0,C43,0.0,0
000918,NEG,0,C43,0.0,0
000919,NEG,0,C43,0.003344127209857106,2
000920,NEG,0,C43,0.02797936275601387,3
000921,NEG,0,C43,0.0,0
000922,NEG,0,C43,0.0,0
000923,NEG,0,C43,0.0,0
000924,NEG,0,C43,0.0028788901399821043,1
000925,NEG,0,C43,0.0,0
000926,NEG,0,C43,0.0,0
000927,NEG,0,C43,0.0,0
000928,NEG,0,C43,0.0,0
000929,NEG,0,C43,0.0,0
000930,NEG,0,C43,0.0,0
000931,NEG,0,C43,0.0,0
000932,NEG,0,C43,0.0,0
000933,NEG,0,C43,0.0,0
000934,NEG,0,C43,0.0,0
000935,NEG,0,C43,0.0,0
000936,NEG,0,C43,0.0,0
000937,NEG,0,C43,0.0,0
000938,NEG,0,C43,0.0,0
000939,NEG,0,C43,0.0,0
000940,NEG,0,C43,0.0,0
000941,NEG,0,C43,0.0,0
000942,NEG,0,C43,0.0,0
000943,NEG,0,C43,0.0,0
000944,NEG,0,C43,0.0,0
000945,NEG,0,C43,0.0,0
000946,NEG,0,C43,0.0,0
000947,NEG,0,C43,0.0,0
000948,NEG,0,C43,0.0,0
000949,NEG,0,C43,0.0,0
000950,NEG,0,C43,0.0,0
000951,NEG,0,C43,0.0,0
000952,NEG,0,C43,0.0,0
000953,NEG,0,C43,0.0,0
000954,NEG,0,C43,0.0,0
000955,NEG,0,C43,0.0,0
000956,NEG,0,C43,0.0,0
000957,NEG,0,C43,0.0,0
000958,NEG,0,C43,0.0,0
000959,NEG,0,C43,0.0,0
000960,NEG,0,C43,0.0,0
000961,NEG,0,C43,0.0,0
000962,NEG,0,C43,0.0012519306037575006,1
000963,NEG,0,C43,0.0,0
000964,NEG,0,C43,0.0,0
000965,NEG,0,C43,0.0,0
000966,NEG,0,C43,0.0,0
000967,NEG,0,C43,0.0,0
000968,NEG,0,C43,0.0,0
000969,NEG,0,C43,0.0047583081759512424,2
000970,NEG,0,C43,0.05376872792840004,2
000971,NEG,0,C43,0.007864858023822308,2
000972,NEG,0,C43,0.0033426813315600157,1
000973,NEG,0,C43,0.0,0
000974,NEG,0,C43,0.0,0
000975,NEG,0,C43,0.0,0
000976,NEG,0,C43,0.00185522495303303,1
000977,NEG,0,C43,0.00829250831156969,2
000978,NEG,0,C43,0.0022516907192766666,3
000979,NEG,0,C43,0.009439775720238686,3
000980,NEG,0,C43,0.04691680893301964,2
000981,NEG,0,C43,0.009175204671919346,1
000982,NEG,0,C43,0.012808865867555141,2
000983,NEG,0,C43,0.023213375359773636,2
000984,NEG,0,C43,0.0,0
000985,NEG,0,C43,0.018849680200219154,1
000986,NEG,0,C43,0.0,0
000987,NEG,0,C43,0.0,0
000988,NEG,0,C43,0.004931584000587463,1
000989,NEG,0,C43,0.1253187656402588,1
000990,NEG,0,C43,0.0,0
000991,NEG,0,C43,0.0,0
000992,NEG,0,C43,0.0,0
000993,NEG,0,C43,0.0,0
000994,NEG,0,C43,0.00278135621920228,1
000995,NEG,0,C43,0.0,0
000996,NEG,0,C43,0.0012674900935962796,1
000997,NEG,0,C43,0.0016556271584704518,1
000998,NEG,0,C43,0.014285841956734657,1
000999,NEG,0,C43,0.0,0
001000,NEG,0,C43,0.0,0
001001,NEG,0,C43,0.003911277279257774,1
001002,NEG,0,C43,0.0030755437910556793,1
001003,NEG,0,C43,0.0,0
001004,NEG,0,C43,0.0,0
001005,NEG,0,C43,0.0,0
001006,NEG,0,C43,0.0,0
001007,NEG,0,C43,0.0,0
001008,NEG,0,C43,0.010847050696611404,4
001009,NEG,0,C43,0.02342955581843853,1
001010,NEG,0,C43,0.0019549233838915825,1
001011,NEG,0,C43,0.0,0
001012,NEG,0,C43,0.0,0
001013,NEG,0,C43,0.0,0
001014,NEG,0,C43,0.0,0
001015,NEG,0,C43,0.0,0
001016,NEG,0,C43,0.0011096171801909804,1
001017,NEG,0,C43,0.0,0
001018,NEG,0,C43,0.0,0
001019,NEG,0,C43,0.0,0
001020,NEG,0,C43,0.0010498971678316593,1
001021,NEG,0,C43,0.0,0
001022,NEG,0,C43,0.0028562487568706274,2
001023,NEG,0,C43,0.001794721931219101,3
001024,NEG,0,C43,0.0012211330467835069,1
001025,NEG,0,C43,0.002048841444775462,2
001026,NEG,0,C43,0.005431226920336485,1
001027,NEG,0,C43,0.006041486281901598,2
001028,NEG,0,C43,0.0018249325221404433,5
001029,NEG,0,C43,0.02188532054424286,5
001030,NEG,0,C43,0.02400735579431057,9
001031,NEG,0,C43,0.024080175906419754,4
001032,NEG,0,C43,0.0022414429113268852,1
001033,NEG,0,C43,0.014024388045072556,5
001034,NEG,0,C43,0.01674821972846985,3
001035,NEG,0,C43,0.0020446875132620335,3
001036,NEG,0,C43,0.023373378440737724,5
001037,NEG,0,C43,0.001181793981231749,2
001038,NEG,0,C43,0.0015411004424095154,2
001039,NEG,0,C43,0.004435834474861622,2
001040,NEG,0,C43,0.0,0
001041,NEG,0,C43,0.0,0
001042,NEG,0,C43,0.00187687948346138,1
001043,NEG,0,C43,0.0,0
001044,NEG,0,C43,0.0016133730532601476,1
001045,NEG,0,C43,0.0,0
001046,NEG,0,C43,0.0,0
001047,NEG,0,C43,0.002257558284327388,3
001048,NEG,0,C43,0.0,0
001049,NEG,0,C43,0.006986889056861401,1
001050,NEG,0,C43,0.00900736078619957,1
001051,NEG,0,C43,0.009419278241693974,2
001052,NEG,0,C43,0.007477200124412775,2
001053,NEG,0,C43,0.002317769918590784,1
001054,NEG,0,C43,0.004466806538403034,2
001055,NEG,0,C43,0.002435242524370551,2
001056,NEG,0,C43,0.0,0
001057,NEG,0,C43,0.0,0
001058,NEG,0,C43,0.0023809049744158983,1
001059,NEG,0,C43,0.0,0
001060,NEG,0,C43,0.0035393203143030405,2
001061,NEG,0,C43,0.001235202536918223,1
001062,NEG,0,C43,0.001482199295423925,1
001063,NEG,0,C43,0.0011728259269148111,1
001064,NEG,0,C43,0.0,0
001065,NEG,0,C43,0.0,0
001066,NEG,0,C43,0.0,0
001067,NEG,0,C43,0.0,0
001068,NEG,0,C43,0.0021573591511696577,1
001069,NEG,0,C43,0.0,0
001070,NEG,0,C43,0.002128566848114133,1
001071,NEG,0,C43,0.0,0
001072,NEG,0,C43,0.0,0
001073,NEG,0,C43,0.001161608612164855,1
001074,NEG,0,C43,0.0015667785191908479,1
001075,NEG,0,C43,0.0,0
001076,NEG,0,C43,0.0034803138114511967,2
001077,NEG,0,C43,0.0016224526334553957,2
001078,NEG,0,C43,0.00720389885827899,2
001079,NEG,0,C43,0.001840157900005579,1
001080,NEG,0,C43,0.001505631604231894,1
001081,NEG,0,C43,0.003058379516005516,1
001082,NEG,0,C43,0.006383722182363272,4
001083,NEG,0,C43,0.041041478514671326,4
001084,NEG,0,C43,0.02241116389632225,3
001085,NEG,0,C43,0.01470073964446783,5
001086,NEG,0,C43,0.01708313263952732,5
001087,NEG,0,C43,0.02251969277858734,5
001088,NEG,0,C43,0.005835690535604954,5
001089,NEG,0,C43,0.002327472437173128,4
001090,NEG,0,C43,0.0025884518399834633,3
001091,NEG,0,C43,0.004189490806311369,4
001092,NEG,0,C43,0.003628457896411419,2
001093,NEG,0,C43,0.0,0
001094,NEG,0,C43,0.0,0
001095,NEG,0,C43,0.0030326060950756073,7
001096,NEG,0,C43,0.018504323437809944,2
001097,NEG,0,C43,0.001212586765177548,1
001098,NEG,0,C43,0.0,0
001099,NEG,0,C43,0.0,0
001100,NEG,0,C43,0.0,0
001101,NEG,0,C43,0.0,0
001102,NEG,0,C43,0.0016110414871945977,2
001103,NEG,0,C43,0.0011578492121770978,1
001104,NEG,0,C43,0.0,0
001105,NEG,0,C43,0.001545489882119,2
001106,NEG,0,C43,0.0,0
001107,NEG,0,C43,0.002829343546181917,2
001108,NEG,0,C43,0.025155188515782356,2
001109,NEG,0,C43,0.012161615304648876,1
001110,NEG,0,C43,0.002130125882104039,2
001111,NEG,0,C43,0.0013266234891489148,2
001112,NEG,0,C43,0.0,0
001113,NEG,0,C43,0.0,0
001114,NEG,0,C43,0.0,0
001115,NEG,0,C43,0.001161807682365179,2
001116,NEG,0,C43,0.0,0
001117,NEG,0,C43,0.0,0
001118,NEG,0,C43,0.0019114690367132425,1
001119,NEG,0,C43,0.00121792231220752,1
001120,NEG,0,C43,0.0026116450317204,1
001121,NEG,0,C43,0.0,0
001122,NEG,0,C43,0.001274607959203422,2
001123,NEG,0,C43,0.0011153590166941285,1
001124,NEG,0,C43,0.0,0
001125,NEG,0,C43,0.0,0
001126,NEG,0,C43,0.0,0
001127,NEG,0,C43,0.0,0
001128,NEG,0,C43,0.0,0
001129,NEG,0,C43,0.002791451057419181,1
001130,NEG,0,C43,0.005610684864223003,1
001131,NEG,0,C43,0.01352624874562025,1
001132,NEG,0,C43,0.0018664664821699262,1
001133,NEG,0,C43,0.0010447222739458084,1
001134,NEG,0,C43,0.0,0
001135,NEG,0,C43,0.0,0
001136,NEG,0,C43,0.0,0
001137,NEG,0,C43,0.0,0
001138,NEG,0,C43,0.0,0
001139,NEG,0,C43,0.0,0
001140,NEG,0,C43,0.0,0
001141,NEG,0,C43,0.0024846852757036686,1
001142,NEG,0,C43,0.002260745270177722,2
001143,NEG,0,C43,0.0017093248898163438,2
001144,NEG,0,C43,0.0,0
001145,NEG,0,C43,0.0,0
001146,NEG,0,C43,0.0,0
001147,NEG,0,C43,0.0014336011372506618,1
001148,NEG,0,C43,0.002210083184763789,2
001149,NEG,0,C43,0.0017190334619954228,3
001150,NEG,0,C43,0.04336310923099518,2
001151,NEG,0,C43,0.002151616383343935,4
001152,NEG,0,C43,0.11301553249359131,4
001153,NEG,0,C43,0.043981101363897324,4
001154,NEG,0,C43,0.006892555393278599,3
001155,NEG,0,C43,0.0269909854978323,2
001156,NEG,0,C43,0.0017229280201718211,1
001157,NEG,0,C43,0.0,0
001158,NEG,0,C43,0.0014310511760413647,1
001159,NEG,0,C43,0.00612499238923192,3
001160,NEG,0,C43,0.009690104983747005,3
001161,NEG,0,C43,0.002401249948889017,3
001162,NEG,0,C43,0.0013947351835668087,2
001163,NEG,0,C43,0.0036066791508346796,1
001164,NEG,0,C43,0.0015256591141223907,1
001165,NEG,0,C43,0.0,0
001166,NEG,0,C43,0.0,0
001167,NEG,0,C43,0.0012075549457222223,1
001168,NEG,0,C43,0.00201047514565289,1
001169,NEG,0,C43,0.0,0
001170,NEG,0,C43,0.0,0
001171,NEG,0,C43,0.0,0
001172,NEG,0,C43,0.0,0
001173,NEG,0,C43,0.0,0
001174,NEG,0,C43,0.0,0
001175,NEG,0,C43,0.0,0
001176,NEG,0,C43,0.0,0
001177,NEG,0,C43,0.0,0
001178,NEG,0,C43,0.0,0
001179,NEG,0,C43,0.0,0
001180,NEG,0,C43,0.0,0
001181,NEG,0,C43,0.0,0
001182,NEG,0,C43,0.0,0
001183,NEG,0,C43,0.0,0
001184,NEG,0,C43,0.0,0
001185,NEG,0,C43,0.0,0
001186,NEG,0,C43,0.0,0
001187,NEG,0,C43,0.0,0
001188,NEG,0,C43,0.0,0
001189,NEG,0,C43,0.0,0
001190,NEG,0,C43,0.0,0
001191,NEG,0,C43,0.0,0
001192,NEG,0,C43,0.003273799316957593,1
001193,NEG,0,C43,0.0019987737759947777,1
001194,NEG,0,C43,0.012145745567977428,2
001195,NEG,0,C43,0.007929248735308647,1
001196,NEG,0,C43,0.0011637305142357945,1
001197,NEG,0,C43,0.0012293109903112054,1
001198,NEG,0,C43,0.0,0
001199,NEG,0,C43,0.001425479189492762,1
001200,NEG,0,C43,0.01257400307804346,1
001201,NEG,0,C43,0.0,0
001202,NEG,0,C43,0.0,0
001203,NEG,0,C43,0.0,0
001204,NEG,0,C43,0.0,0
001205,NEG,0,C43,0.0,0
001206,NEG,0,C43,0.0,0
001207,NEG,0,C43,0.0013055246090516448,1
001208,NEG,0,C43,0.0,0
001209,NEG,0,C43,0.0,0
001210,NEG,0,C43,0.0,0
001211,NEG,0,C43,0.0,0
001212,NEG,0,C43,0.0,0
001213,NEG,0,C43,0.0,0
001214,NEG,0,C43,0.0,0
001215,NEG,0,C43,0.0,0
001216,NEG,0,C43,0.0,0
001217,NEG,0,C43,0.0,0
001218,NEG,0,C43,0.0,0
001219,NEG,0,C43,0.0,0
001220,NEG,0,C43,0.0,0
001221,NEG,0,C43,0.0,0
001222,NEG,0,C43,0.0,0
001223,NEG,0,C43,0.0,0
001224,NEG,0,C43,0.0,0
001225,NEG,0,C43,0.0,0
001226,NEG,0,C43,0.0,0
001227,NEG,0,C43,0.0,0
001228,NEG,0,C43,0.0,0
001229,NEG,0,C43,0.0010095806792378426,1
001230,NEG,0,C43,0.011424954980611801,2
001231,NEG,0,C43,0.0030146983917802572,1
001232,NEG,0,C43,0.0,0
001233,NEG,0,C43,0.0,0
001234,NEG,0,C43,0.0,0
001235,NEG,0,C43,0.0,0
001236,NEG,0,C43,0.0,0
001237,NEG,0,C43,0.0,0
001238,NEG,0,C43,0.0,0
001239,NEG,0,C43,0.0,0
001240,NEG,0,C43,0.0,0
001241,NEG,0,C43,0.0,0
001242,NEG,0,C43,0.0,0
001243,NEG,0,C43,0.0,0
001244,NEG,0,C43,0.0,0
001245,NEG,0,C43,0.0030776921194046736,1
001246,NEG,0,C43,0.0,0
001247,NEG,0,C43,0.007060395088046789,1
001248,NEG,0,C43,0.003215717151761055,1
001249,NEG,0,C43,0.0,0
001250,NEG,0,C43,0.0,0
001251,NEG,0,C43,0.0,0
001252,NEG,0,C43,0.0,0
001253,NEG,0,C43,0.0013747391058132052,1
001254,NEG,0,C43,0.0,0
001255,NEG,0,C43,0.0,0
001256,NEG,0,C43,0.0,0
001257,NEG,0,C43,0.0,0
001258,NEG,0,C43,0.0017628696514293551,2
001259,NEG,0,C43,0.00459702406078577,2
001260,NEG,0,C43,0.019164759665727615,1
001261,NEG,0,C43,0.002530415542423725,1
001262,NEG,0,C43,0.011350540444254875,1
001263,NEG,0,C43,0.01188112236559391,1
001264,NEG,0,C43,0.012572155334055424,1
001265,NEG,0,C43,0.011097867973148823,1
001266,NEG,0,C43,0.0,0
001267,NEG,0,C43,0.0,0
001268,NEG,0,C43,0.0,0
001269,NEG,0,C43,0.0,0
001270,NEG,0,C43,0.0,0
001271,NEG,0,C43,0.0017613263335078955,1
001272,NEG,0,C43,0.0,0
001273,NEG,0,C43,0.0010165577987208962,1
001274,NEG,0,C43,0.0025421143509447575,1
001275,NEG,0,C43,0.0,0
001276,NEG,0,C43,0.0,0
001277,NEG,0,C43,0.0,0
001278,NEG,0,C43,0.0014711825642734766,1
001279,NEG,0,C43,0.0,0
001280,NEG,0,C43,0.011548342183232307,5
001281,NEG,0,C43,0.008580518886446953,5
001282,NEG,0,C43,0.010452826507389545,4
001283,NEG,0,C43,0.02586401253938675,9
001284,NEG,0,C43,0.042888540774583817,10
001285,NEG,0,C43,0.011918862350285053,5
001286,NEG,0,C43,0.007418920751661062,9
001287,NEG,0,C43,0.002648478141054511,2
001288,NEG,0,C43,0.0,0
001289,NEG,0,C43,0.001555141992866993,1
001290,NEG,0,C43,0.0,0
001291,NEG,0,C43,0.0011005124542862177,1
001292,NEG,0,C43,0.001701562898233533,2
001293,NEG,0,C43,0.0,0
001294,NEG,0,C43,0.004796223249286413,3
001295,NEG,0,C43,0.037967924028635025,2
001296,NEG,0,C43,0.004143008030951023,1
001297,NEG,0,C43,0.0,0
001298,NEG,0,C43,0.0016960292123258114,1
001299,NEG,0,C43,0.002254651626572013,1
001300,NEG,0,C43,0.005744919180870056,1
001301,NEG,0,C43,0.005256786476820707,4
001302,NEG,0,C43,0.004890682175755501,6
001303,NEG,0,C43,0.0032475097104907036,6
001304,NEG,0,C43,0.0014542504213750362,3
001305,NEG,0,C43,0.0020144120790064335,4
001306,NEG,0,C43,0.002165707526728511,3
001307,NEG,0,C43,0.0011129725025966763,1
001308,NEG,0,C43,0.0017964354483410716,3
001309,NEG,0,C43,0.0033449376933276653,2
001310,NEG,0,C43,0.004449118860065937,2
001311,NEG,0,C43,0.0027348343282938004,4
001312,NEG,0,C43,0.005559689365327358,2
001313,NEG,0,C43,0.031117571517825127,4
001314,NEG,0,C43,0.0014925813302397728,2
001315,NEG,0,C43,0.0035062211100012064,1
001316,NEG,0,C43,0.0,0
001317,NEG,0,C43,0.007105526048690081,3
001318,NEG,0,C43,0.011017336510121822,2
001319,NEG,0,C43,0.001416202518157661,1
001320,NEG,0,C43,0.001133262412622571,2
001321,NEG,0,C43,0.0015007206238806248,1
001322,NEG,0,C43,0.0011658314615488052,1
001323,NEG,0,C43,0.001210714690387249,2
001324,NEG,0,C43,0.0,0
001325,NEG,0,C43,0.0023055574856698513,6
001326,NEG,0,C43,0.08830437064170837,3
001327,NEG,0,C43,0.13106869161128998,5
001328,NEG,0,C43,0.020782489329576492,3
001329,NEG,0,C43,0.0633610188961029,5
001330,NEG,0,C43,0.04424074664711952,2
001331,NEG,0,C43,0.014038564637303352,6
001332,NEG,0,C43,0.03279457986354828,5
001333,NEG,0,C43,0.10509342700242996,9
001334,NEG,0,C43,0.11680974811315536,10
001335,NEG,0,C43,0.08108524233102798,12
001336,NEG,0,C43,0.15243779122829437,8
001337,NEG,0,C43,0.148952454328537,5
001338,NEG,0,C43,0.017902465537190437,5
001339,NEG,0,C43,0.15994682908058167,8
001340,NEG,0,C43,0.14526520669460297,7
001341,NEG,0,C43,0.17593081295490265,8
001342,NEG,0,C43,0.023542797192931175,7
001343,NEG,0,C43,0.16404393315315247,4
001344,NEG,0,C43,0.001687041250988841,3
001345,NEG,0,C43,0.003918210975825787,4
001346,NEG,0,C43,0.015189955942332745,3
001347,NEG,0,C43,0.0011926514562219381,2
001348,NEG,0,C43,0.0,0
001349,NEG,0,C43,0.009364781901240349,3
001350,NEG,0,C43,0.002455543726682663,1
001351,NEG,0,C43,0.013699421659111977,3
001352,NEG,0,C43,0.0024308098945766687,1
001353,NEG,0,C43,0.012941494584083557,1
001354,NEG,0,C43,0.004963639657944441,1
001355,NEG,0,C43,0.004456957336515188,2
001356,NEG,0,C43,0.013122573494911194,4
001357,NEG,0,C43,0.004919384140521288,4
001358,NEG,0,C43,0.0027783196419477463,1
001359,NEG,0,C43,0.0,0
001360,NEG,0,C43,0.0,0
001361,NEG,0,C43,0.0,0
001362,NEG,0,C43,0.0,0
001363,NEG,0,C43,0.0,0
001364,NEG,0,C43,0.0,0
001365,NEG,0,C43,0.0,0
001366,NEG,0,C43,0.002285872120410204,2
001367,NEG,0,C43,0.0,0
001368,NEG,0,C43,0.0,0
001369,NEG,0,C43,0.011020896025002003,1
001370,NEG,0,C43,0.0037561918143182993,2
001371,NEG,0,C43,0.0,0
001372,NEG,0,C43,0.0010948698036372662,1
001373,NEG,0,C43,0.0,0
001374,NEG,0,C43,0.0015569807728752494,3
001375,NEG,0,C43,0.0,0
001376,NEG,0,C43,0.0,0
001377,NEG,0,C43,0.0,0
001378,NEG,0,C43,0.0,0
001379,NEG,0,C43,0.0,0
001380,NEG,0,C43,0.0012741641839966178,1
001381,NEG,0,C43,0.0,0
001382,NEG,0,C43,0.0,0
001383,NEG,0,C43,0.0,0
001384,NEG,0,C43,0.0,0
001385,NEG,0,C43,0.0,0
001386,NEG,0,C43,0.0,0
001387,NEG,0,C43,0.0,0
001388,NEG,0,C43,0.0,0
001389,NEG,0,C43,0.0,0
001390,NEG,0,C43,0.008564304560422897,3
001391,NEG,0,C43,0.0,0
001392,NEG,0,C43,0.0,0
001393,NEG,0,C43,0.0,0
001394,NEG,0,C43,0.0016419494058936834,1
001395,NEG,0,C43,0.018119001761078835,4
001396,NEG,0,C43,0.0,0
001397,NEG,0,C43,0.0,0
001398,NEG,0,C43,0.0,0
001399,NEG,0,C43,0.0,0
001400,NEG,0,C43,0.0,0
001401,NEG,0,C43,0.0,0
001402,NEG,0,C43,0.0,0
001403,NEG,0,C43,0.0,0
001404,NEG,0,C43,0.0,0
001405,NEG,0,C43,0.0,0
001406,NEG,0,C43,0.0,0
001407,NEG,0,C43,0.0,0
001408,NEG,0,C43,0.0,0
001409,NEG,0,C43,0.0,0
001410,NEG,0,C43,0.0,0
001411,NEG,0,C43,0.004887738265097141,2
001412,NEG,0,C43,0.03225160017609596,2
001413,NEG,0,C43,0.02855113334953785,3
001414,NEG,0,C43,0.05204831808805466,6
001415,NEG,0,C43,0.0,0
001416,NEG,0,C43,0.0018441235879436135,1
001417,NEG,0,C43,0.05115422606468201,13
001418,NEG,0,C43,0.03097391314804554,9
001419,NEG,0,C43,0.01653464138507843,6
001420,NEG,0,C43,0.23331905901432037,9
001421,NEG,0,C43,0.3206386864185333,11
001422,NEG,0,C43,0.3213295638561249,8
001423,NEG,0,C43,0.4915348291397095,7
001424,NEG,0,C43,0.4075864255428314,7
001425,NEG,0,C43,0.112770214676857,9
001426,NEG,0,C43,0.2127133160829544,8
001427,NEG,0,C43,0.36015650629997253,8
001428,NEG,0,C43,0.34527966380119324,6
001429,NEG,0,C43,0.637734591960907,10
001430,NEG,0,C43,0.47295254468917847,9
001431,NEG,0,C43,0.495626300573349,10
001432,NEG,0,C43,0.5984561443328857,7
001433,NEG,0,C43,0.5087392926216125,9
001434,NEG,0,C43,0.3384239971637726,7
001435,NEG,0,C43,0.42708027362823486,6
001436,NEG,0,C43,0.3825448155403137,4
001437,NEG,0,C43,0.46927961707115173,7
001438,NEG,0,C43,0.3921731412410736,6
001439,NEG,0,C43,0.18372444808483124,5
001440,NEG,0,C43,0.39707913994789124,6
001441,NEG,0,C43,0.642792284488678,4
001442,NEG,0,C43,0.6452653408050537,5
001443,NEG,0,C43,0.4429948925971985,6
001444,NEG,0,C43,0.3749581277370453,6
001445,NEG,0,C43,0.2894083559513092,10
001446,NEG,0,C43,0.23427662253379822,7
001447,NEG,0,C43,0.45487889647483826,6
001448,NEG,0,C43,0.4817238450050354,9
001449,NEG,0,C43,0.4478856921195984,10
001450,NEG,0,C43,0.13091932237148285,8
001451,NEG,0,C43,0.21855241060256958,6
001452,NEG,0,C43,0.15113483369350433,5
001453,NEG,0,C43,0.121152862906456,7
001454,NEG,0,C43,0.1472678780555725,5
001455,NEG,0,C43,0.013907955959439278,5
001456,NEG,0,C43,0.002097775461152196,1
001457,NEG,0,C43,0.07997125387191772,3
001458,NEG,0,C43,0.46533194184303284,6
001459,NEG,0,C43,0.4071899950504303,6
001460,NEG,0,C43,0.442203164100647,4
001461,NEG,0,C43,0.12961409986019135,2
001462,NEG,0,C43,0.05555182322859764,7
001463,NEG,0,C43,0.1669984608888626,5
001464,NEG,0,C43,0.5969022512435913,6
001465,NEG,0,C43,0.2937094271183014,5
001466,NEG,0,C43,0.6909265518188477,7
001467,NEG,0,C43,0.4565032124519348,5
001468,NEG,0,C43,0.4993242919445038,7
001469,NEG,0,C43,0.493947297334671,7
001470,NEG,0,C43,0.544953465461731,8
001471,NEG,0,C43,0.09655553102493286,10
001472,NEG,0,C43,0.050417445600032806,7
001473,NEG,0,C43,0.12159810960292816,7
001474,NEG,0,C43,0.15007759630680084,5
001475,NEG,0,C43,0.038659706711769104,5
001476,NEG,0,C43,0.10850293934345245,7
001477,NEG,0,C43,0.04670138657093048,3
001478,NEG,0,C43,0.010524030774831772,3
001479,NEG,0,C43,0.01204987894743681,2
001480,NEG,0,C43,0.0,0
001481,NEG,0,C43,0.0,0
001482,NEG,0,C43,0.0,0
001483,NEG,0,C43,0.0,0
001484,NEG,0,C43,0.0,0
001485,NEG,0,C43,0.004530411679297686,3
001486,NEG,0,C43,0.10956752300262451,2
001487,NEG,0,C43,0.05956504866480827,2
001488,NEG,0,C43,0.0011295914882794023,1
001489,NEG,0,C43,0.0,0
001490,NEG,0,C43,0.0010484907543286681,1
001491,NEG,0,C43,0.0,0
001492,NEG,0,C43,0.0,0
001493,NEG,0,C43,0.0,0
001494,NEG,0,C43,0.0,0
001495,NEG,0,C43,0.0,0
001496,NEG,0,C43,0.0,0
001497,NEG,0,C43,0.0,0
001498,NEG,0,C43,0.0,0
001499,NEG,0,C43,0.0,0
001500,NEG,0,C43,0.0,0
001501,NEG,0,C43,0.0,0
001502,NEG,0,C43,0.0,0
001503,NEG,0,C43,0.0011261049658060074,1
001504,NEG,0,C43,0.0,0
001505,NEG,0,C43,0.0,0
001506,NEG,0,C43,0.0,0
001507,NEG,0,C43,0.0013920890633016825,1
001508,NEG,0,C43,0.0,0
001509,NEG,0,C43,0.0,0
001510,NEG,0,C43,0.0012852259678766131,1
001511,NEG,0,C43,0.0,0
001512,NEG,0,C43,0.0,0
001513,NEG,0,C43,0.0016562009695917368,1
001514,NEG,0,C43,0.0,0
001515,NEG,0,C43,0.0,0
001516,NEG,0,C43,0.0,0
001517,NEG,0,C43,0.0,0
001518,NEG,0,C43,0.0,0
001519,NEG,0,C43,0.0014418927021324635,1
001520,NEG,0,C43,0.0,0
001521,NEG,0,C43,0.0,0
001522,NEG,0,C43,0.0,0
001523,NEG,0,C43,0.0,0
001524,NEG,0,C43,0.0,0
001525,NEG,0,C43,0.0,0
001526,NEG,0,C43,0.0010552930179983377,1
001527,NEG,0,C43,0.0023397039622068405,1
001528,NEG,0,C43,0.0016340402653440833,2
001529,NEG,0,C43,0.007167988456785679,2
001530,NEG,0,C43,0.0032687897328287363,1
001531,NEG,0,C43,0.013252976350486279,1
001532,NEG,0,C43,0.0023119959514588118,1
001533,NEG,0,C43,0.0,0
001534,NEG,0,C43,0.0,0
001535,NEG,0,C43,0.0015557922888547182,1
001536,NEG,0,C43,0.0,0
001537,NEG,0,C43,0.004778858739882708,3
001538,NEG,0,C43,0.0,0
001539,NEG,0,C43,0.0016501208301633596,1
001540,NEG,0,C43,0.0,0
001541,NEG,0,C43,0.0,0
001542,NEG,0,C43,0.0,0
001543,NEG,0,C43,0.0,0
001544,NEG,0,C43,0.0,0
001545,NEG,0,C43,0.0,0
001546,NEG,0,C43,0.0,0
001547,NEG,0,C43,0.0,0
001548,NEG,0,C43,0.0,0
001549,NEG,0,C43,0.0,0
001550,NEG,0,C43,0.0,0
001551,NEG,0,C43,0.0,0
001552,NEG,0,C43,0.0,0
001553,NEG,0,C43,0.0,0
001554,NEG,0,C43,0.0,0
001555,NEG,0,C43,0.004028609022498131,1
001556,NEG,0,C43,0.0,0
001557,NEG,0,C43,0.0,0
001558,NEG,0,C43,0.0,0
001559,NEG,0,C43,0.0,0
001560,NEG,0,C43,0.0,0
001561,NEG,0,C43,0.0,0
001562,NEG,0,C43,0.002930733608081937,5
001563,NEG,0,C43,0.0015962321776896715,2
001564,NEG,0,C43,0.0,0
001565,NEG,0,C43,0.0,0
001566,NEG,0,C43,0.0,0
001567,NEG,0,C43,0.0,0
001568,NEG,0,C43,0.0,0
001569,NEG,0,C43,0.0,0
001570,NEG,0,C43,0.0,0
001571,NEG,0,C43,0.0,0
001572,NEG,0,C43,0.0,0
001573,NEG,0,C43,0.0,0
001574,NEG,0,C43,0.0,0
001575,NEG,0,C43,0.0,0
001576,NEG,0,C43,0.0,0
001577,NEG,0,C43,0.0,0
001578,NEG,0,C43,0.0,0
001579,NEG,0,C43,0.0,0
001580,NEG,0,C43,0.0,0
001581,NEG,0,C43,0.0,0
001582,NEG,0,C43,0.0,0
001583,NEG,0,C43,0.0,0
001584,NEG,0,C43,0.0,0
001585,NEG,0,C43,0.0,0
001586,NEG,0,C43,0.0,0
001587,NEG,0,C43,0.0,0
001588,NEG,0,C43,0.0,0
001589,NEG,0,C43,0.0,0
001590,NEG,0,C43,0.0,0
001591,NEG,0,C43,0.0,0
001592,NEG,0,C43,0.0,0
001593,NEG,0,C43,0.0,0
001594,NEG,0,C43,0.0,0
001595,NEG,0,C43,0.0,0
001596,NEG,0,C43,0.0,0
001597,NEG,0,C43,0.0,0
001598,NEG,0,C43,0.0,0
001599,NEG,0,C43,0.0,0
001600,NEG,0,C43,0.0,0
001601,NEG,0,C43,0.0,0
001602,NEG,0,C43,0.0,0
001603,NEG,0,C43,0.0,0
001604,NEG,0,C43,0.0,0
001605,NEG,0,C43,0.0,0
001606,NEG,0,C43,0.0,0
001607,NEG,0,C43,0.0,0
001608,NEG,0,C43,0.0,0
001609,NEG,0,C43,0.0019799277652055025,1
001610,NEG,0,C43,0.0015782357659190893,1
001611,NEG,0,C43,0.0013219662941992283,1
001612,NEG,0,C43,0.0,0
001613,NEG,0,C43,0.0019192775944247842,1
001614,NEG,0,C43,0.0010964057873934507,1
001615,NEG,0,C43,0.0,0
001616,NEG,0,C43,0.0011608595959842205,1
001617,NEG,0,C43,0.0,0
001618,NEG,0,C43,0.0,0
001619,NEG,0,C43,0.0012293983018025756,1
001620,NEG,0,C43,0.0,0
001621,NEG,0,C43,0.0,0
001622,NEG,0,C43,0.004020010586827993,2
001623,NEG,0,C43,0.0,0
001624,NEG,0,C43,0.0,0
001625,NEG,0,C43,0.0,0
001626,NEG,0,C43,0.0,0
001627,NEG,0,C43,0.0,0
001628,NEG,0,C43,0.0,0
001629,NEG,0,C43,0.0,0
001630,NEG,0,C43,0.0,0
001631,NEG,0,C43,0.0,0
001632,NEG,0,C43,0.0,0
001633,NEG,0,C43,0.0,0
001634,NEG,0,C43,0.0,0
001635,NEG,0,C43,0.0,0
001636,NEG,0,C43,0.0,0
001637,NEG,0,C43,0.0,0
001638,NEG,0,C43,0.0,0
001639,NEG,0,C43,0.0,0
001640,NEG,0,C43,0.0,0
001641,NEG,0,C43,0.0,0
001642,NEG,0,C43,0.0,0
001643,NEG,0,C43,0.0,0
001644,NEG,0,C43,0.0,0
001645,NEG,0,C43,0.0,0
001646,NEG,0,C43,0.0,0
001647,NEG,0,C43,0.0,0
001648,NEG,0,C43,0.0,0
001649,NEG,0,C43,0.0,0
001650,NEG,0,C43,0.0,0
001651,NEG,0,C43,0.0,0
001652,NEG,0,C43,0.003071686252951622,1
001653,NEG,0,C43,0.018414610996842384,2
001654,NEG,0,C43,0.02029111422598362,1
001655,NEG,0,C43,0.022052092477679253,1
001656,NEG,0,C43,0.03117990680038929,1
001657,NEG,0,C43,0.022152217105031013,2
001658,NEG,0,C43,0.0056897359900176525,2
001659,NEG,0,C43,0.006353089585900307,2
001660,NEG,0,C43,0.004047465976327658,1
001661,NEG,0,C43,0.017331048846244812,2
001662,NEG,0,C43,0.04706660658121109,2
001663,NEG,0,C43,0.023929471150040627,2
001664,NEG,0,C43,0.012435385957360268,3
001665,NEG,0,C43,0.03779727593064308,2
001666,NEG,0,C43,0.05215402692556381,2
001667,NEG,0,C43,0.006921438965946436,2
001668,NEG,0,C43,0.012036834843456745,1
001669,NEG,0,C43,0.009104077704250813,1
001670,NEG,0,C43,0.009044209495186806,2
001671,NEG,0,C43,0.059459224343299866,2
001672,NEG,0,C43,0.02824254520237446,2
001673,NEG,0,C43,0.02317059598863125,2
001674,NEG,0,C43,0.017063431441783905,1
001675,NEG,0,C43,0.04907878115773201,1
001676,NEG,0,C43,0.05430461838841438,1
001677,NEG,0,C43,0.016012264415621758,1
001678,NEG,0,C43,0.010919298976659775,1
001679,NEG,0,C43,0.025104384869337082,1
001680,NEG,0,C43,0.032082874327898026,1
001681,NEG,0,C43,0.0341130867600441,1
001682,NEG,0,C43,0.038458436727523804,1
001683,NEG,0,C43,0.06847967952489853,1
001684,NEG,0,C43,0.0031397405546158552,2
001685,NEG,0,C43,0.0,0
001686,NEG,0,C43,0.006747299339622259,1
001687,NEG,0,C43,0.07281307876110077,1
001688,NEG,0,C43,0.00737693440169096,3
001689,NEG,0,C43,0.004457987379282713,2
001690,NEG,0,C43,0.00267097819596529,3
001691,NEG,0,C43,0.0016908473335206509,2
001692,NEG,0,C43,0.007101365365087986,3
001693,NEG,0,C43,0.004460182506591082,1
001694,NEG,0,C43,0.0027677917387336493,1
001695,NEG,0,C43,0.02131805010139942,2
001696,NEG,0,C43,0.006598030682653189,2
001697,NEG,0,C43,0.005868167150765657,2
001698,NEG,0,C43,0.00611511105671525,3
001699,NEG,0,C43,0.008146622218191624,3
001700,NEG,0,C43,0.007946831174194813,3
001701,NEG,0,C43,0.0,0
001702,NEG,0,C43,0.0,0
001703,NEG,0,C43,0.006609278731048107,1
001704,NEG,0,C43,0.0011395952897146344,1
001705,NEG,0,C43,0.0077126347459852695,4
001706,NEG,0,C43,0.005983587820082903,3
001707,NEG,0,C43,0.0013966226251795888,1
001708,NEG,0,C43,0.0,0
001709,NEG,0,C43,0.0,0
001710,NEG,0,C43,0.0,0
001711,NEG,0,C43,0.0,0
001712,NEG,0,C43,0.0010037869215011597,1
001713,NEG,0,C43,0.0,0
001714,NEG,0,C43,0.0,0
001715,NEG,0,C43,0.0021179376635700464,1
001716,NEG,0,C43,0.0,0
001717,NEG,0,C43,0.001160319079644978,2
001718,NEG,0,C43,0.009072249755263329,1
001719,NEG,0,C43,0.003096685279160738,2
001720,NEG,0,C43,0.0,0
001721,NEG,0,C43,0.004343719687312841,2
001722,NEG,0,C43,0.0019272639183327556,1
001723,NEG,0,C43,0.0024434146471321583,2
001724,NEG,0,C43,0.0,0
001725,NEG,0,C43,0.001129461219534278,1
001726,NEG,0,C43,0.0,0
001727,NEG,0,C43,0.006001609843224287,2
001728,NEG,0,C43,0.002161970129236579,3
001729,NEG,0,C43,0.12183760851621628,4
001730,NEG,0,C43,0.34573686122894287,4
001731,NEG,0,C43,0.03216759115457535,5
001732,NEG,0,C43,0.0021153190173208714,2
001733,NEG,0,C43,0.1891324818134308,3
001734,NEG,0,C43,0.036318760365247726,2
001735,NEG,0,C43,0.03216889873147011,1
001736,NEG,0,C43,0.0020370336715132,3
001737,NEG,0,C43,0.028413238003849983,2
001738,NEG,0,C43,0.19334347546100616,4
001739,NEG,0,C43,0.007464341353625059,3
001740,NEG,0,C43,0.18076357245445251,2
001741,NEG,0,C43,0.05441756546497345,4
001742,NEG,0,C43,0.6297675371170044,5
001743,NEG,0,C43,0.04407314211130142,2
001744,NEG,0,C43,0.40250539779663086,3
001745,NEG,0,C43,0.2579807937145233,4
001746,NEG,0,C43,0.19737207889556885,4
001747,NEG,0,C43,0.18237225711345673,2
001748,NEG,0,C43,0.05705913156270981,2
001749,NEG,0,C43,0.021502919495105743,1
001750,NEG,0,C43,0.42621591687202454,5
001751,NEG,0,C43,0.646477222442627,3
001752,NEG,0,C43,0.6609494686126709,7
001753,NEG,0,C43,0.6030171513557434,6
001754,NEG,0,C43,0.7555155158042908,7
001755,NEG,0,C43,0.8023491501808167,4
001756,NEG,0,C43,0.8054361939430237,6
001757,NEG,0,C43,0.8544708490371704,5
001758,NEG,0,C43,0.6735371351242065,7
001759,NEG,0,C43,0.7809073328971863,4
001760,NEG,0,C43,0.7955867648124695,6
001761,NEG,0,C43,0.6648155450820923,4
001762,NEG,0,C43,0.8396725058555603,1
001763,NEG,0,C43,0.8176981806755066,2
001764,NEG,0,C43,0.8624324798583984,1
001765,NEG,0,C43,0.6176151037216187,4
001766,NEG,0,C43,0.7439670562744141,4
001767,NEG,0,C43,0.6663405895233154,5
001768,NEG,0,C43,0.6939483284950256,3
001769,NEG,0,C43,0.3459109663963318,6
001770,NEG,0,C43,0.6475710272789001,4
001771,NEG,0,C43,0.8638521432876587,5
001772,NEG,0,C43,0.8609086871147156,3
001773,NEG,0,C43,0.8649393320083618,3
001774,NEG,0,C43,0.8991925716400146,4
001775,NEG,0,C43,0.7574251890182495,6
001776,NEG,0,C43,0.7074618935585022,4
001777,NEG,0,C43,0.7965494394302368,3
001778,NEG,0,C43,0.8122988939285278,4
001779,NEG,0,C43,0.6698954701423645,2
001780,NEG,0,C43,0.8090564012527466,3
001781,NEG,0,C43,0.7460262775421143,2
001782,NEG,0,C43,0.8244267106056213,3
001783,NEG,0,C43,0.8735358119010925,2
001784,NEG,0,C43,0.8423261046409607,3
001785,NEG,0,C43,0.8634549975395203,2
001786,NEG,0,C43,0.8674108386039734,2
001787,NEG,0,C43,0.8207502365112305,2
001788,NEG,0,C43,0.8008075952529907,2
001789,NEG,0,C43,0.8350354433059692,2
001790,NEG,0,C43,0.7832034826278687,3
001791,NEG,0,C43,0.7218368053436279,3
001792,NEG,0,C43,0.770865797996521,2
001793,NEG,0,C43,0.5854935050010681,2
001794,NEG,0,C43,0.3272041380405426,4
001795,NEG,0,C43,0.43839043378829956,4
001796,NEG,0,C43,0.7409615516662598,3
001797,NEG,0,C43,0.696049690246582,5
001798,NEG,0,C43,0.6822182536125183,4
001799,NEG,0,C43,0.8120336532592773,3
001800,NEG,0,C43,0.30776217579841614,5
001801,NEG,0,C43,0.7749425172805786,3
001802,NEG,0,C43,0.693935751914978,1
001803,NEG,0,C43,0.8062994480133057,2
001804,NEG,0,C43,0.6897515058517456,2
001805,NEG,0,C43,0.7148540019989014,3
001806,NEG,0,C43,0.6795632243156433,2
001807,NEG,0,C43,0.46926945447921753,2
001808,NEG,0,C43,0.39751899242401123,2
001809,NEG,0,C43,0.7228318452835083,2
001810,NEG,0,C43,0.6893215775489807,2
001811,NEG,0,C43,0.48274701833724976,3
001812,NEG,0,C43,0.5234479308128357,2
001813,NEG,0,C43,0.7858858704566956,3
001814,NEG,0,C43,0.7508708238601685,4
001815,NEG,0,C43,0.586374819278717,4
001816,NEG,0,C43,0.23848384618759155,3
001817,NEG,0,C43,0.259040504693985,4
001818,NEG,0,C43,0.5569058060646057,4
001819,NEG,0,C43,0.5616558194160461,2
001820,NEG,0,C43,0.5849515795707703,2
001821,NEG,0,C43,0.4665517508983612,3
001822,NEG,0,C43,0.6514899730682373,2
001823,NEG,0,C43,0.3650316894054413,3
001824,NEG,0,C43,0.5818978548049927,1
001825,NEG,0,C43,0.12312247604131699,3
001826,NEG,0,C43,0.5183785557746887,3
001827,NEG,0,C43,0.5240443348884583,2
001828,NEG,0,C43,0.2847435772418976,3
001829,NEG,0,C43,0.01467322837561369,1
001830,NEG,0,C43,0.007332646753638983,1
001831,NEG,0,C43,0.01182005275040865,3
001832,NEG,0,C43,0.08774688094854355,2
001833,NEG,0,C43,0.022101711481809616,2
001834,NEG,0,C43,0.12839007377624512,2
001835,NEG,0,C43,0.005766191985458136,3
001836,NEG,0,C43,0.002102854661643505,3
001837,NEG,0,C43,0.0026325236540287733,2
001838,NEG,0,C43,0.001682843896560371,2
001839,NEG,0,C43,0.002160085365176201,1
001840,NEG,0,C43,0.003277809591963887,1
001841,NEG,0,C43,0.016390196979045868,3
001842,NEG,0,C43,0.03923739120364189,3
001843,NEG,0,C43,0.020155269652605057,2
001844,NEG,0,C43,0.09734898805618286,3
001845,NEG,0,C43,0.2210434526205063,3
001846,NEG,0,C43,0.2895570397377014,3
001847,NEG,0,C43,0.055750954896211624,2
001848,NEG,0,C43,0.04055613651871681,3
001849,NEG,0,C43,0.029245121404528618,3
001850,NEG,0,C43,0.011215344071388245,2
001851,NEG,0,C43,0.1277884542942047,2
001852,NEG,0,C43,0.21596145629882812,3
001853,NEG,0,C43,0.2517569065093994,3
001854,NEG,0,C43,0.4392210841178894,3
001855,NEG,0,C43,0.15408876538276672,2
001856,NEG,0,C43,0.04643302783370018,2
001857,NEG,0,C43,0.07101412862539291,3
001858,NEG,0,C43,0.006540677510201931,5
001859,NEG,0,C43,0.11200258135795593,5
001860,NEG,0,C43,0.29619601368904114,3
001861,NEG,0,C43,0.3356240689754486,3
001862,NEG,0,C43,0.26513785123825073,5
001863,NEG,0,C43,0.5873508453369141,1
001864,NEG,0,C43,0.5793929696083069,2
001865,NEG,0,C43,0.47569331526756287,4
001866,NEG,0,C43,0.2919086515903473,2
001867,NEG,0,C43,0.02972794882953167,3
001868,NEG,0,C43,0.04698610305786133,7
001869,NEG,0,C43,0.1740606725215912,2
001870,NEG,0,C43,0.38696521520614624,2
001871,NEG,0,C43,0.19645634293556213,6
001872,NEG,0,C43,0.014686774462461472,3
001873,NEG,0,C43,0.0654013380408287,2
001874,NEG,0,C43,0.033740486949682236,6
001875,NEG,0,C43,0.03310861065983772,3
001876,NEG,0,C43,0.01846669800579548,3
001877,NEG,0,C43,0.06482654809951782,1
001878,NEG,0,C43,0.025860445573925972,2
001879,NEG,0,C43,0.01574913039803505,4
001880,NEG,0,C43,0.0018059104913845658,2
001881,NEG,0,C43,0.017669184133410454,3
001882,NEG,0,C43,0.0,0
001883,NEG,0,C43,0.0027215287555009127,1
001884,NEG,0,C43,0.0062155877240002155,2
001885,NEG,0,C43,0.0025153320748358965,2
001886,NEG,0,C43,0.0,0
001887,NEG,0,C43,0.009722992777824402,4
001888,NEG,0,C43,0.0026967201847583055,4
001889,NEG,0,C43,0.0014212920796126127,3
001890,NEG,0,C43,0.0031186044216156006,3
001891,NEG,0,C43,0.0030143861658871174,2
001892,NEG,0,C43,0.00599988317117095,4
001893,NEG,0,C43,0.05075250566005707,5
001894,NEG,0,C43,0.00255834823474288,1
001895,NEG,0,C43,0.002180335344746709,3
001896,NEG,0,C43,0.006309890653938055,1
001897,NEG,0,C43,0.03342986851930618,2
001898,NEG,0,C43,0.007426125928759575,2
001899,NEG,0,C43,0.009090760722756386,7
001900,NEG,0,C43,0.0010397096630185843,1
001901,NEG,0,C43,0.13673025369644165,6
001902,NEG,0,C43,0.2886013984680176,5
001903,NEG,0,C43,0.011172530241310596,3
001904,NEG,0,C43,0.11774272471666336,4
001905,NEG,0,C43,0.02075985260307789,6
001906,NEG,0,C43,0.010204756632447243,7
001907,NEG,0,C43,0.08583569526672363,8
001908,NEG,0,C43,0.010239256545901299,3
001909,NEG,0,C43,0.03720846399664879,3
001910,NEG,0,C43,0.006490710657089949,2
001911,NEG,0,C43,0.012991647236049175,3
001912,NEG,0,C43,0.0026055125053972006,5
001913,NEG,0,C43,0.003763429122045636,2
001914,NEG,0,C43,0.005370516795665026,3
001915,NEG,0,C43,0.005932601168751717,2
001916,NEG,0,C43,0.0028036427684128284,4
001917,NEG,0,C43,0.02369687333703041,3
001918,NEG,0,C43,0.006277614273130894,2
001919,NEG,0,C43,0.003752995515242219,3
001920,NEG,0,C43,0.010906441137194633,2
001921,NEG,0,C43,0.001591117586940527,1
001922,NEG,0,C43,0.0050225770100951195,1
001923,NEG,0,C43,0.0017189246136695147,2
001924,NEG,0,C43,0.001160643994808197,2
001925,NEG,0,C43,0.010248427279293537,5
001926,NEG,0,C43,0.013607259839773178,5
001927,NEG,0,C43,0.0018686380935832858,2
001928,NEG,0,C43,0.0054811351001262665,2
001929,NEG,0,C43,0.006274036597460508,3
001930,NEG,0,C43,0.0010777674615383148,1
001931,NEG,0,C43,0.0026976473163813353,2
001932,NEG,0,C43,0.002086502267047763,3
001933,NEG,0,C43,0.0014155800454318523,2
001934,NEG,0,C43,0.0010401589097455144,1
001935,NEG,0,C43,0.0,0
001936,NEG,0,C43,0.0013098999625071883,1
001937,NEG,0,C43,0.0,0
001938,NEG,0,C43,0.0,0
001939,NEG,0,C43,0.004220206290483475,1
001940,NEG,0,C43,0.0,0
001941,NEG,0,C43,0.0,0
001942,NEG,0,C43,0.0,0
001943,NEG,0,C43,0.0,0
001944,NEG,0,C43,0.0,0
001945,NEG,0,C43,0.0,0
001946,NEG,0,C43,0.0,0
001947,NEG,0,C43,0.0,0
001948,NEG,0,C43,0.003942959941923618,2
001949,NEG,0,C43,0.0017777379835024476,1
001950,NEG,0,C43,0.0,0
001951,NEG,0,C43,0.0,0
001952,NEG,0,C43,0.0,0
001953,NEG,0,C43,0.0,0
001954,NEG,0,C43,0.0,0
001955,NEG,0,C43,0.0,0
001956,NEG,0,C43,0.0035328450612723827,1
001957,NEG,0,C43,0.001231941394507885,1
001958,NEG,0,C43,0.001930857077240944,1
001959,NEG,0,C43,0.0,0
001960,NEG,0,C43,0.0,0
001961,NEG,0,C43,0.0,0
001962,NEG,0,C43,0.0,0
001963,NEG,0,C43,0.0,0
001964,NEG,0,C43,0.0,0
001965,NEG,0,C43,0.0,0
001966,NEG,0,C43,0.0,0
001967,NEG,0,C43,0.0,0
001968,NEG,0,C43,0.0012659680796787143,1
001969,NEG,0,C43,0.0,0
001970,NEG,0,C43,0.00147431087680161,2
001971,NEG,0,C43,0.0,0
001972,NEG,0,C43,0.0,0
001973,NEG,0,C43,0.0,0
001974,NEG,0,C43,0.003622721415013075,1
001975,NEG,0,C43,0.0023452467285096645,1
001976,NEG,0,C43,0.0,0
001977,NEG,0,C43,0.0,0
001978,NEG,0,C43,0.0,0
001979,NEG,0,C43,0.0,0
001980,NEG,0,C43,0.0,0
001981,NEG,0,C43,0.0023117451928555965,1
001982,NEG,0,C43,0.006226601544767618,2
001983,NEG,0,C43,0.004041509702801704,1
001984,NEG,0,C43,0.003317601280286908,2
001985,NEG,0,C43,0.0034634992480278015,4
001986,NEG,0,C43,0.005366888828575611,1
001987,NEG,0,C43,0.006672529969364405,1
001988,NEG,0,C43,0.003246861742809415,1
001989,NEG,0,C43,0.0026747530791908503,1
001990,NEG,0,C43,0.012905691750347614,2
001991,NEG,0,C43,0.009136077016592026,1
001992,NEG,0,C43,0.0011663440382108092,1
001993,NEG,0,C43,0.03513992950320244,5
001994,NEG,0,C43,0.018383370712399483,4
001995,NEG,0,C43,0.00854208879172802,2
001996,NEG,0,C43,0.02204706333577633,5
001997,NEG,0,C43,0.0,0
001998,NEG,0,C43,0.010113775730133057,8
001999,NEG,0,C43,0.012103669345378876,1
002000,NEG,0,C43,0.012175250798463821,6
002001,NEG,0,C43,0.02947801724076271,5
002002,NEG,0,C43,0.027391891926527023,2
002003,NEG,0,C43,0.003761784639209509,10
002004,NEG,0,C43,0.005711298901587725,3
002005,NEG,0,C43,0.013934951275587082,7
002006,NEG,0,C43,0.0011749370023608208,1
002007,NEG,0,C43,0.0,0
002008,NEG,0,C43,0.0011200496228411794,2
002009,NEG,0,C43,0.0,0
002010,NEG,0,C43,0.003157663159072399,1
002011,NEG,0,C43,0.0016685534501448274,1
002012,NEG,0,C43,0.0013660455588251352,2
002013,NEG,0,C43,0.001376755302771926,1
002014,NEG,0,C43,0.0023679009173065424,1
002015,NEG,0,C43,0.0,0
002016,NEG,0,C43,0.0021890897769480944,2
002017,NEG,0,C43,0.0030022726859897375,1
002018,NEG,0,C43,0.010397053323686123,3
002019,NEG,0,C43,0.01441821176558733,3
002020,NEG,0,C43,0.0021644877269864082,4
002021,NEG,0,C43,0.008911458775401115,6
002022,NEG,0,C43,0.563548743724823,4
002023,NEG,0,C43,0.3448057472705841,7
002024,NEG,0,C43,0.0378488153219223,7
002025,NEG,0,C43,0.005804375279694796,3
002026,NEG,0,C43,0.3047940731048584,4
002027,NEG,0,C43,0.40595391392707825,6
002028,NEG,0,C43,0.016365723684430122,3
002029,NEG,0,C43,0.21612897515296936,3
002030,NEG,0,C43,0.019783873111009598,9
002031,NEG,0,C43,0.021297218278050423,5
002032,NEG,0,C43,0.0013347053900361061,1
002033,NEG,0,C43,0.002523483010008931,1
002034,NEG,0,C43,0.007056180853396654,1
002035,NEG,0,C43,0.0,0
002036,NEG,0,C43,0.0,0
002037,NEG,0,C43,0.0013270494528114796,1
002038,NEG,0,C43,0.34168118238449097,4
002039,NEG,0,C43,0.017863331362605095,3
002040,NEG,0,C43,0.008858826942741871,2
002041,NEG,0,C43,0.0027568673249334097,3
002042,NEG,0,C43,0.0,0
002043,NEG,0,C43,0.0,0
002044,NEG,0,C43,0.0,0
002045,NEG,0,C43,0.0,0
002046,NEG,0,C43,0.007581602316349745,4
002047,NEG,0,C43,0.0,0
002048,NEG,0,C43,0.009523362852633,5
002049,NEG,0,C43,0.0021168424282222986,2
002050,NEG,0,C43,0.0015588848618790507,1
002051,NEG,0,C43,0.0,0
002052,NEG,0,C43,0.002940261736512184,2
002053,NEG,0,C43,0.002451903186738491,1
002054,NEG,0,C43,0.06173264980316162,3
002055,NEG,0,C43,0.005009437911212444,2
002056,NEG,0,C43,0.0014552167849615216,3
002057,NEG,0,C43,0.0,0
002058,NEG,0,C43,0.0,0
002059,NEG,0,C43,0.0016358622815459967,1
002060,NEG,0,C43,0.0030083118472248316,3
002061,NEG,0,C43,0.001955997431650758,1
002062,NEG,0,C43,0.0,0
002063,NEG,0,C43,0.0,0
002064,NEG,0,C43,0.0,0
002065,NEG,0,C43,0.0,0
002066,NEG,0,C43,0.0014239493757486343,1
002067,NEG,0,C43,0.001164627610705793,1
002068,NEG,0,C43,0.0014449332375079393,1
002069,NEG,0,C43,0.00445926608517766,1
002070,NEG,0,C43,0.0,0
002071,NEG,0,C43,0.0013096955372020602,1
002072,NEG,0,C43,0.0,0
002073,NEG,0,C43,0.0,0
002074,NEG,0,C43,0.0016844565980136395,1
002075,NEG,0,C43,0.0,0
002076,NEG,0,C43,0.0,0
002077,NEG,0,C43,0.0,0
002078,NEG,0,C43,0.0,0
002079,NEG,0,C43,0.0,0
002080,NEG,0,C43,0.0011700942413881421,1
002081,NEG,0,C43,0.0,0
002082,NEG,0,C43,0.0010291605722159147,1
002083,NEG,0,C43,0.0,0
002084,NEG,0,C43,0.001296674250625074,1
002085,NEG,0,C43,0.0026995069347321987,1
002086,NEG,0,C43,0.0010694003431126475,1
002087,NEG,0,C43,0.0,0
002088,NEG,0,C43,0.0,0
002089,NEG,0,C43,0.0,0
002090,NEG,0,C43,0.003362464951351285,3
002091,NEG,0,C43,0.0,0
002092,NEG,0,C43,0.004075222183018923,3
002093,NEG,0,C43,0.0010273570660501719,1
002094,NEG,0,C43,0.0,0
002095,NEG,0,C43,0.0,0
002096,NEG,0,C43,0.0036333638709038496,2
002097,NEG,0,C43,0.0,0
002098,NEG,0,C43,0.0,0
002099,NEG,0,C43,0.001077878288924694,1
002100,NEG,0,C43,0.005373184569180012,1
002101,NEG,0,C43,0.03192935138940811,2
002102,NEG,0,C43,0.0014101718552410603,1
002103,NEG,0,C43,0.0,0
002104,NEG,0,C43,0.0,0
002105,NEG,0,C43,0.006391847971826792,1
002106,NEG,0,C43,0.0,0
002107,NEG,0,C43,0.0,0
002108,NEG,0,C43,0.0,0
002109,NEG,0,C43,0.0,0
002110,NEG,0,C43,0.0,0
002111,NEG,0,C43,0.005809639114886522,2
002112,NEG,0,C43,0.0010240863775834441,1
002113,NEG,0,C43,0.0,0
002114,NEG,0,C43,0.006779983639717102,2
002115,NEG,0,C43,0.0030426306184381247,1
002116,NEG,0,C43,0.0,0
002117,NEG,0,C43,0.0016846699872985482,1
002118,NEG,0,C43,0.0,0
002119,NEG,0,C43,0.0,0
002120,NEG,0,C43,0.0,0
002121,NEG,0,C43,0.0,0
002122,NEG,0,C43,0.0,0
002123,NEG,0,C43,0.0,0
002124,NEG,0,C43,0.002496566390618682,1
002125,NEG,0,C43,0.0016091710422188044,1
002126,NEG,0,C43,0.0,0
002127,NEG,0,C43,0.005109371617436409,1
002128,NEG,0,C43,0.06345555186271667,1
002129,NEG,0,C43,0.0,0
002130,NEG,0,C43,0.0,0
002131,NEG,0,C43,0.028696708381175995,1
002132,NEG,0,C43,0.01881864108145237,1
002133,NEG,0,C43,0.002787583041936159,1
002134,NEG,0,C43,0.0,0
002135,NEG,0,C43,0.0,0
002136,NEG,0,C43,0.0010055145248770714,1
002137,NEG,0,C43,0.0,0
002138,NEG,0,C43,0.0,0
002139,NEG,0,C43,0.001072149956598878,1
002140,NEG,0,C43,0.0019362035673111677,2
002141,NEG,0,C43,0.0010491566499695182,1
002142,NEG,0,C43,0.0,0
002143,NEG,0,C43,0.0012208301341161132,1
002144,NEG,0,C43,0.0,0
002145,NEG,0,C43,0.0,0
002146,NEG,0,C43,0.0,0
002147,NEG,0,C43,0.0,0
002148,NEG,0,C43,0.0,0
002149,NEG,0,C43,0.003362832358106971,1
002150,NEG,0,C43,0.0,0
002151,NEG,0,C43,0.0,0
002152,NEG,0,C43,0.0,0
002153,NEG,0,C43,0.0016979881329461932,1
002154,NEG,0,C43,0.0,0
002155,NEG,0,C43,0.0,0
002156,NEG,0,C43,0.009574499912559986,4
002157,NEG,0,C43,0.004931529518216848,3
002158,NEG,0,C43,0.004474286921322346,4
002159,NEG,0,C43,0.01531209796667099,2
002160,NEG,0,C43,0.003153833793476224,4
002161,NEG,0,C43,0.007014634553343058,7
002162,NEG,0,C43,0.0035852324217557907,6
002163,NEG,0,C43,0.002443635370582342,2
002164,NEG,0,C43,0.0075623285956680775,4
002165,NEG,0,C43,0.01339712180197239,2
002166,NEG,0,C43,0.003103133523836732,2
002167,NEG,0,C43,0.0020573411602526903,2
002168,NEG,0,C43,0.0,0
002169,NEG,0,C43,0.0,0
002170,NEG,0,C43,0.0015200769994407892,2
002171,NEG,0,C43,0.0,0
002172,NEG,0,C43,0.00359418336302042,4
002173,NEG,0,C43,0.0015353434719145298,1
002174,NEG,0,C43,0.0017571017378941178,2
002175,NEG,0,C43,0.0,0
002176,NEG,0,C43,0.00879075936973095,1
002177,NEG,0,C43,0.004238754510879517,2
002178,NEG,0,C43,0.0,0
002179,NEG,0,C43,0.006705228704959154,6
002180,NEG,0,C43,0.0013866672525182366,1
002181,NEG,0,C43,0.005855603609234095,5
002182,NEG,0,C43,0.003131270408630371,3
002183,NEG,0,C43,0.01833501085639,6
002184,NEG,0,C43,0.0,0
002185,NEG,0,C43,0.017629409208893776,1
002186,NEG,0,C43,0.001127833966165781,1
002187,NEG,0,C43,0.014790589921176434,3
002188,NEG,0,C43,0.0010209267493337393,1
002189,NEG,0,C43,0.03863980993628502,1
002190,NEG,0,C43,0.019800761714577675,4
002191,NEG,0,C43,0.0018708211136981845,1
002192,NEG,0,C43,0.01796552911400795,2
002193,NEG,0,C43,0.03280990570783615,5
002194,NEG,0,C43,0.10244563221931458,2
002195,NEG,0,C43,0.00233480054885149,2
002196,NEG,0,C43,0.0012165253283455968,1
002197,NEG,0,C43,0.0,0
002198,NEG,0,C43,0.009766895323991776,1
002199,NEG,0,C43,0.006115534342825413,3
002200,NEG,0,C43,0.597079873085022,3
002201,NEG,0,C43,0.10700603574514389,3
002202,NEG,0,C43,0.0030424976721405983,1
002203,NEG,0,C43,0.015843451023101807,4
002204,NEG,0,C43,0.10162130743265152,3
002205,NEG,0,C43,0.017506472766399384,3
002206,NEG,0,C43,0.020099559798836708,4
002207,NEG,0,C43,0.0023360138293355703,1
002208,NEG,0,C43,0.002179217291995883,2
002209,NEG,0,C43,0.001162795233540237,1
002210,NEG,0,C43,0.005678403656929731,2
002211,NEG,0,C43,0.0012909711804240942,1
002212,NEG,0,C43,0.012217855080962181,1
002213,NEG,0,C43,0.0,0
002214,NEG,0,C43,0.005245542619377375,1
002215,NEG,0,C43,0.015595276840031147,1
002216,NEG,0,C43,0.002619317267090082,1
002217,NEG,0,C43,0.0020747424568980932,1
002218,NEG,0,C43,0.0,0
002219,NEG,0,C43,0.0,0
002220,NEG,0,C43,0.0,0
002221,NEG,0,C43,0.004201371688395739,2
002222,NEG,0,C43,0.0,0
002223,NEG,0,C43,0.0,0
002224,NEG,0,C43,0.0,0
002225,NEG,0,C43,0.005090623162686825,1
002226,NEG,0,C43,0.0016787665663287044,1
002227,NEG,0,C43,0.004804658703505993,1
002228,NEG,0,C43,0.0,0
002229,NEG,0,C43,0.00787386391311884,1
002230,NEG,0,C43,0.01652960292994976,1
002231,NEG,0,C43,0.007304208818823099,3
002232,NEG,0,C43,0.0,0
002233,NEG,0,C43,0.002582777990028262,3
002234,NEG,0,C43,0.005478471517562866,6
002235,NEG,0,C43,0.005342657677829266,4
002236,NEG,0,C43,0.004176686983555555,4
002237,NEG,0,C43,0.0034310007467865944,5
002238,NEG,0,C43,0.0010292154038324952,1
002239,NEG,0,C43,0.0012483003083616495,1
002240,NEG,0,C43,0.0011353683657944202,1
002241,NEG,0,C43,0.002097207587212324,2
002242,NEG,0,C43,0.00610022759065032,4
002243,NEG,0,C43,0.0019367325585335493,1
002244,NEG,0,C43,0.03518373891711235,3
002245,NEG,0,C43,0.0019339194986969233,4
002246,NEG,0,C43,0.005425558425486088,1
002247,NEG,0,C43,0.028615426272153854,8
002248,NEG,0,C43,0.003403356531634927,2
002249,NEG,0,C43,0.0754864290356636,4
002250,NEG,0,C43,0.002383087296038866,4
002251,NEG,0,C43,0.010364776477217674,3
002252,NEG,0,C43,0.0016193027840927243,1
002253,NEG,0,C43,0.0033001569099724293,4
002254,NEG,0,C43,0.0057271067053079605,7
002255,NEG,0,C43,0.0018702201778069139,1
002256,NEG,0,C43,0.002217054134234786,1
002257,NEG,0,C43,0.0,0
002258,NEG,0,C43,0.0,0
002259,NEG,0,C43,0.0017476927023380995,1
002260,NEG,0,C43,0.0,0
002261,NEG,0,C43,0.0019481286872178316,2
002262,NEG,0,C43,0.001893737819045782,1
002263,NEG,0,C43,0.002698491560295224,1
002264,NEG,0,C43,0.0013416057918220758,2
002265,NEG,0,C43,0.007363942917436361,2
002266,NEG,0,C43,0.0018603296484798193,1
002267,NEG,0,C43,0.0,0
002268,NEG,0,C43,0.0,0
002269,NEG,0,C43,0.026924394071102142,2
002270,NEG,0,C43,0.04950409755110741,3
002271,NEG,0,C43,0.035377729684114456,3
002272,NEG,0,C43,0.014401661232113838,4
002273,NEG,0,C43,0.004398728255182505,2
002274,NEG,0,C43,0.013408672995865345,3
002275,NEG,0,C43,0.01992928609251976,2
002276,NEG,0,C43,0.0014082855777814984,2
002277,NEG,0,C43,0.00578252924606204,2
002278,NEG,0,C43,0.003386083524674177,2
002279,NEG,0,C43,0.0023083153646439314,2
002280,NEG,0,C43,0.0013631857000291348,3
002281,NEG,0,C43,0.002958043245598674,3
002282,NEG,0,C43,0.003293751273304224,2
002283,NEG,0,C43,0.008916240185499191,2
002284,NEG,0,C43,0.0013941694051027298,2
002285,NEG,0,C43,0.0,0
002286,NEG,0,C43,0.11888737976551056,1
002287,NEG,0,C43,0.008740866556763649,2
002288,NEG,0,C43,0.003378472523763776,3
002289,NEG,0,C43,0.002889119554311037,2
002290,NEG,0,C43,0.006495497189462185,2
002291,NEG,0,C43,0.003305903635919094,1
002292,NEG,0,C43,0.0021132384426891804,2
002293,NEG,0,C43,0.005509877111762762,4
002294,NEG,0,C43,0.0456463098526001,5
002295,NEG,0,C43,0.0071357181295752525,4
002296,NEG,0,C43,0.005519587080925703,4
002297,NEG,0,C43,0.03174559772014618,7
002298,NEG,0,C43,0.0022899159230291843,5
002299,NEG,0,C43,0.05823001638054848,4
002300,NEG,0,C43,0.007270073983818293,1
002301,NEG,0,C43,0.0010722342412918806,1
002302,NEG,0,C43,0.0,0
002303,NEG,0,C43,0.002963155508041382,2
002304,NEG,0,C43,0.1190096065402031,2
002305,NEG,0,C43,0.005409667268395424,2
002306,NEG,0,C43,0.1323336660861969,2
002307,NEG,0,C43,0.0,0
002308,NEG,0,C43,0.004324006382375956,1
002309,NEG,0,C43,0.01853979006409645,2
002310,NEG,0,C43,0.6015055775642395,1
002311,NEG,0,C43,0.02654242143034935,1
002312,NEG,0,C43,0.060644056648015976,1
002313,NEG,0,C43,0.43396374583244324,1
002314,NEG,0,C43,0.059279829263687134,1
002315,NEG,0,C43,0.037101469933986664,2
002316,NEG,0,C43,0.02675854042172432,1
002317,NEG,0,C43,0.06796063482761383,1
002318,NEG,0,C43,0.2907760739326477,1
002319,NEG,0,C43,0.5086575150489807,1
002320,NEG,0,C43,0.08648461103439331,2
002321,NEG,0,C43,0.15625539422035217,1
002322,NEG,0,C43,0.2580450773239136,2
002323,NEG,0,C43,0.2680200934410095,1
002324,NEG,0,C43,0.13032308220863342,1
002325,NEG,0,C43,0.21607711911201477,1
002326,NEG,0,C43,0.20954358577728271,1
002327,NEG,0,C43,0.5176416039466858,1
002328,NEG,0,C43,0.7479346990585327,1
002329,NEG,0,C43,0.35472771525382996,1
002330,NEG,0,C43,0.669791042804718,1
002331,NEG,0,C43,0.5983103513717651,1
002332,NEG,0,C43,0.3979610502719879,1
002333,NEG,0,C43,0.40007928013801575,1
002334,NEG,0,C43,0.006036242004483938,1
002335,NEG,0,C43,0.16765856742858887,1
002336,NEG,0,C43,0.3602432608604431,1
002337,NEG,0,C43,0.246535986661911,1
002338,NEG,0,C43,0.1604524850845337,1
002339,NEG,0,C43,0.24497395753860474,1
002340,NEG,0,C43,0.3681468665599823,1
002341,NEG,0,C43,0.11179312318563461,1
002342,NEG,0,C43,0.03849015012383461,1
002343,NEG,0,C43,0.29134657979011536,1
002344,NEG,0,C43,0.00752215925604105,1
002345,NEG,0,C43,0.14200852811336517,1
002346,NEG,0,C43,0.00821589957922697,1
002347,NEG,0,C43,0.20698420703411102,1
002348,NEG,0,C43,0.019901921972632408,1
002349,NEG,0,C43,0.12224060297012329,1
002350,NEG,0,C43,0.005115463864058256,1
002351,NEG,0,C43,0.012449928559362888,1
002352,NEG,0,C43,0.001762873842380941,1
002353,NEG,0,C43,0.005847698077559471,1
002354,NEG,0,C43,0.005157785024493933,1
002355,NEG,0,C43,0.0,0
002356,NEG,0,C43,0.004178444854915142,1
002357,NEG,0,C43,0.0,0
002358,NEG,0,C43,0.003549930639564991,1
002359,NEG,0,C43,0.00122262688819319,1
002360,NEG,0,C43,0.0011404423275962472,1
002361,NEG,0,C43,0.0,0
002362,NEG,0,C43,0.001331607112661004,1
002363,NEG,0,C43,0.002471557818353176,1
002364,NEG,0,C43,0.0016407046932727098,1
002365,NEG,0,C43,0.0,0
002366,NEG,0,C43,0.0,0
002367,NEG,0,C43,0.0,0
002368,NEG,0,C43,0.0019514793530106544,1
002369,NEG,0,C43,0.0025026474613696337,1
002370,NEG,0,C43,0.0,0
002371,NEG,0,C43,0.0028152407612651587,1
002372,NEG,0,C43,0.0027052832301706076,1
002373,NEG,0,C43,0.004478141665458679,1
002374,NEG,0,C43,0.019019467756152153,1
002375,NEG,0,C43,0.003235059091821313,1
002376,NEG,0,C43,0.004429086577147245,1
002377,NEG,0,C43,0.02985018864274025,1
002378,NEG,0,C43,0.027151793241500854,1
002379,NEG,0,C43,0.1811218559741974,1
002380,NEG,0,C43,0.15266002714633942,1
002381,NEG,0,C43,0.08216314017772675,1
002382,NEG,0,C43,0.1300792694091797,1
002383,NEG,0,C43,0.35247600078582764,1
002384,NEG,0,C43,0.03778287023305893,2
002385,NEG,0,C43,0.06991340219974518,1
002386,NEG,0,C43,0.030699318274855614,1
002387,NEG,0,C43,0.047174468636512756,2
002388,NEG,0,C43,0.05332884564995766,2
002389,NEG,0,C43,0.413249135017395,1
002390,NEG,0,C43,0.6194469928741455,1
002391,NEG,0,C43,0.640455424785614,1
002392,NEG,0,C43,0.5569498538970947,2
002393,NEG,0,C43,0.5661717057228088,1
002394,NEG,0,C43,0.43738433718681335,1
002395,NEG,0,C43,0.336416631937027,1
002396,NEG,0,C43,0.2990407347679138,2
002397,NEG,0,C43,0.06327157467603683,1
002398,NEG,0,C43,0.2675475478172302,1
002399,NEG,0,C43,0.3495093286037445,1
002400,NEG,0,C43,0.375551700592041,1
002401,NEG,0,C43,0.23256008327007294,1
002402,NEG,0,C43,0.18133434653282166,1
002403,NEG,0,C43,0.20934194326400757,1
002404,NEG,0,C43,0.19767116010189056,1
002405,NEG,0,C43,0.53821861743927,1
002406,NEG,0,C43,0.23423418402671814,1
002407,NEG,0,C43,0.6623357534408569,1
002408,NEG,0,C43,0.8291193246841431,1
002409,NEG,0,C43,0.3997116684913635,2
002410,NEG,0,C43,0.5181604027748108,1
002411,NEG,0,C43,0.22273892164230347,2
002412,NEG,0,C43,0.4249756634235382,1
002413,NEG,0,C43,0.11645697057247162,2
002414,NEG,0,C43,0.21093490719795227,1
002415,NEG,0,C43,0.20908090472221375,1
002416,NEG,0,C43,0.08642590045928955,1
002417,NEG,0,C43,0.03890101611614227,1
002418,NEG,0,C43,0.282097190618515,1
002419,NEG,0,C43,0.5508779883384705,1
002420,NEG,0,C43,0.6709244251251221,1
002421,NEG,0,C43,0.6883512139320374,1
002422,NEG,0,C43,0.5426800847053528,1
002423,NEG,0,C43,0.6261795163154602,1
002424,NEG,0,C43,0.7699018716812134,1
002425,NEG,0,C43,0.7374893426895142,1
002426,NEG,0,C43,0.43742966651916504,1
002427,NEG,0,C43,0.8122348189353943,1
002428,NEG,0,C43,0.8217350840568542,1
002429,NEG,0,C43,0.8630585670471191,1
002430,NEG,0,C43,0.863188624382019,1
002431,NEG,0,C43,0.8354268670082092,1
002432,NEG,0,C43,0.8413177728652954,1
002433,NEG,0,C43,0.8688135147094727,1
002434,NEG,0,C43,0.9213274121284485,1
002435,NEG,0,C43,0.9274067282676697,1
002436,NEG,0,C43,0.6823310852050781,2
002437,NEG,0,C43,0.25215038657188416,2
002438,NEG,0,C43,0.06246521696448326,1
002439,NEG,0,C43,0.030580157414078712,2
002440,NEG,0,C43,0.04473657160997391,1
002441,NEG,0,C43,0.010539851151406765,2
002442,NEG,0,C43,0.02275996096432209,2
002443,NEG,0,C43,0.0,0
002444,NEG,0,C43,0.0,0
002445,NEG,0,C43,0.0,0
002446,NEG,0,C43,0.0,0
002447,NEG,0,C43,0.0011475355131551623,1
002448,NEG,0,C43,0.0,0
002449,NEG,0,C43,0.0013759060529991984,2
002450,NEG,0,C43,0.002126150531694293,1
002451,NEG,0,C43,0.002578611019998789,1
002452,NEG,0,C43,0.006561021786183119,1
002453,NEG,0,C43,0.0033777838107198477,2
002454,NEG,0,C43,0.0029839337803423405,1
002455,NEG,0,C43,0.0069673084653913975,3
002456,NEG,0,C43,0.0,0
002457,NEG,0,C43,0.0,0
002458,NEG,0,C43,0.00463236914947629,2
002459,NEG,0,C43,0.0033325774129480124,1
002460,NEG,0,C43,0.0,0
002461,NEG,0,C43,0.0,0
002462,NEG,0,C43,0.003786887275055051,3
002463,NEG,0,C43,0.005332033149898052,3
002464,NEG,0,C43,0.04187573492527008,2
002465,NEG,0,C43,0.0031717841047793627,2
002466,NEG,0,C43,0.0388362817466259,1
002467,NEG,0,C43,0.0,0
002468,NEG,0,C43,0.002396483439952135,2
002469,NEG,0,C43,0.0,0
002470,NEG,0,C43,0.0015547926304861903,1
002471,NEG,0,C43,0.0,0
002472,NEG,0,C43,0.0,0
002473,NEG,0,C43,0.09276065975427628,2
002474,NEG,0,C43,0.004082726314663887,1
002475,NEG,0,C43,0.01991868019104004,2
002476,NEG,0,C43,0.0012252237647771835,1
002477,NEG,0,C43,0.0,0
002478,NEG,0,C43,0.0035727135837078094,2
002479,NEG,0,C43,0.0,0
002480,NEG,0,C43,0.0,0
002481,NEG,0,C43,0.0,0
002482,NEG,0,C43,0.0013614583294838667,1
002483,NEG,0,C43,0.0,0
002484,NEG,0,C43,0.0,0
002485,NEG,0,C43,0.0,0
002486,NEG,0,C43,0.0,0
002487,NEG,0,C43,0.0,0
002488,NEG,0,C43,0.0012824258301407099,1
002489,NEG,0,C43,0.0,0
002490,NEG,0,C43,0.0,0
002491,NEG,0,C43,0.0,0
002492,NEG,0,C43,0.0,0
002493,NEG,0,C43,0.0013984438264742494,1
002494,NEG,0,C43,0.03797764703631401,1
002495,NEG,0,C43,0.0,0
002496,NEG,0,C43,0.0012120676692575216,1
002497,NEG,0,C43,0.0,0
002498,NEG,0,C43,0.0,0
002499,NEG,0,C43,0.0,0
002500,NEG,0,C43,0.0,0
002501,NEG,0,C43,0.0,0
002502,NEG,0,C43,0.15380196273326874,2
002503,NEG,0,C43,0.31545108556747437,3
002504,NEG,0,C43,0.06329935789108276,2
002505,NEG,0,C43,0.14012238383293152,2
002506,NEG,0,C43,0.0,0
002507,NEG,0,C43,0.04425821080803871,1
002508,NEG,0,C43,0.007060923147946596,1
002509,NEG,0,C43,0.0,0
002510,NEG,0,C43,0.0,0
002511,NEG,0,C43,0.0,0
002512,NEG,0,C43,0.0,0
002513,NEG,0,C43,0.0,0
002514,NEG,0,C43,0.0,0
002515,NEG,0,C43,0.0010059581836685538,1
002516,NEG,0,C43,0.0,0
002517,NEG,0,C43,0.0,0
002518,NEG,0,C43,0.0,0
002519,NEG,0,C43,0.0,0
002520,NEG,0,C43,0.0010675285011529922,1
002521,NEG,0,C43,0.0,0
002522,NEG,0,C43,0.0,0
002523,NEG,0,C43,0.002749548526480794,1
002524,NEG,0,C43,0.0,0
002525,NEG,0,C43,0.004070702008903027,2
002526,NEG,0,C43,0.0,0
002527,NEG,0,C43,0.0,0
002528,NEG,0,C43,0.0,0
002529,NEG,0,C43,0.0,0
002530,NEG,0,C43,0.6774812936782837,1
002531,NEG,0,C43,0.21692365407943726,1
002532,NEG,0,C43,0.022063417360186577,3
002533,NEG,0,C43,0.416652649641037,3
002534,NEG,0,C43,0.06636462360620499,1
002535,NEG,0,C43,0.0,0
002536,NEG,0,C43,0.009692436084151268,1
002537,NEG,0,C43,0.0,0
002538,NEG,0,C43,0.0,0
002539,NEG,0,C43,0.18726950883865356,2
002540,NEG,0,C43,0.016929207369685173,2
002541,NEG,0,C43,0.0,0
002542,NEG,0,C43,0.003901510266587138,1
002543,NEG,0,C43,0.03377652168273926,4
002544,NEG,0,C43,0.0032060854136943817,2
002545,NEG,0,C43,0.0026150369085371494,1
002546,NEG,0,C43,0.0,0
002547,NEG,0,C43,0.018923135474324226,2
002548,NEG,0,C43,0.4629763960838318,3
002549,NEG,0,C43,0.005615031812340021,1
002550,NEG,0,C43,0.018469015136361122,2
002551,NEG,0,C43,0.015902534127235413,1
002552,NEG,0,C43,0.003239445621147752,1
002553,NEG,0,C43,0.0,0
002554,NEG,0,C43,0.0,0
002555,NEG,0,C43,0.07221699506044388,1
002556,NEG,0,C43,0.006129726301878691,1
002557,NEG,0,C43,0.007744935341179371,2
002558,NEG,0,C43,0.010557799600064754,2
002559,NEG,0,C43,0.3011332154273987,2
002560,NEG,0,C43,0.5206525921821594,1
002561,NEG,0,C43,0.06095355749130249,2
002562,NEG,0,C43,0.07739999890327454,1
002563,NEG,0,C43,0.002775256521999836,2
002564,NEG,0,C43,0.0025603347457945347,3
002565,NEG,0,C43,0.0,0
002566,NEG,0,C43,0.0,0
002567,NEG,0,C43,0.01816214621067047,4
002568,NEG,0,C43,0.007658287417143583,6
002569,NEG,0,C43,0.0037913494743406773,1
002570,NEG,0,C43,0.01020492147654295,3
002571,NEG,0,C43,0.0018427410395815969,1
002572,NEG,0,C43,0.0027393184136599302,1
002573,NEG,0,C43,0.003290455788373947,1
002574,NEG,0,C43,0.08603807538747787,5
002575,NEG,0,C43,0.08365651965141296,4
002576,NEG,0,C43,0.004702414385974407,3
002577,NEG,0,C43,0.019057976081967354,2
002578,NEG,0,C43,0.0010600029490888119,1
002579,NEG,0,C43,0.0,0
002580,NEG,0,C43,0.0,0
002581,NEG,0,C43,0.0,0
002582,NEG,0,C43,0.17832787334918976,2
002583,NEG,0,C43,0.0012378094252198935,1
002584,NEG,0,C43,0.0,0
002585,NEG,0,C43,0.0,0
002586,NEG,0,C43,0.003969610668718815,2
002587,NEG,0,C43,0.005623496137559414,5
002588,NEG,0,C43,0.0,0
002589,NEG,0,C43,0.08137848228216171,5
002590,NEG,0,C43,0.005381031893193722,2
002591,NEG,0,C43,0.010717574506998062,4
002592,NEG,0,C43,0.0046082050539553165,1
002593,NEG,0,C43,0.004762164782732725,3
002594,NEG,0,C43,0.056290075182914734,5
002595,NEG,0,C43,0.0,0
002596,NEG,0,C43,0.037158239632844925,2
002597,NEG,0,C43,0.0,0
002598,NEG,0,C43,0.006434108130633831,1
002599,NEG,0,C43,0.0017558534163981676,2
002600,NEG,0,C43,0.0,0
002601,NEG,0,C43,0.0,0
002602,NEG,0,C43,0.0,0
002603,NEG,0,C43,0.07368829846382141,5
002604,NEG,0,C43,0.0,0
002605,NEG,0,C43,0.03038887120783329,2
002606,NEG,0,C43,0.005201049614697695,1
002607,NEG,0,C43,0.0028484612703323364,4
002608,NEG,0,C43,0.0028196079656481743,1
002609,NEG,0,C43,0.0011428947327658534,1
002610,NEG,0,C43,0.0035265705082565546,3
002611,NEG,0,C43,0.021494371816515923,2
002612,NEG,0,C43,0.10312303900718689,1
002613,NEG,0,C43,0.05980536714196205,6
002614,NEG,0,C43,0.036051083356142044,2
002615,NEG,0,C43,0.18822310864925385,1
002616,NEG,0,C43,0.12886810302734375,1
002617,NEG,0,C43,0.5232782959938049,4
002618,NEG,0,C43,0.003412686288356781,3
002619,NEG,0,C43,0.012371141463518143,2
002620,NEG,0,C43,0.024098794907331467,5
002621,NEG,0,C43,0.007514093536883593,6
002622,NEG,0,C43,0.043901972472667694,7
002623,NEG,0,C43,0.006859021261334419,2
002624,NEG,0,C43,0.0013001534389331937,1
002625,NEG,0,C43,0.0,0
002626,NEG,0,C43,0.004175394307821989,3
002627,NEG,0,C43,0.002414875430986285,2
002628,NEG,0,C43,0.02769768051803112,1
002629,NEG,0,C43,0.0,0
002630,NEG,0,C43,0.004892151337116957,1
002631,NEG,0,C43,0.0,0
002632,NEG,0,C43,0.008506362326443195,1
002633,NEG,0,C43,0.0,0
002634,NEG,0,C43,0.005445973016321659,2
002635,NEG,0,C43,0.002734764013439417,3
002636,NEG,0,C43,0.005065191071480513,1
002637,NEG,0,C43,0.0023272796534001827,1
002638,NEG,0,C43,0.0,0
002639,NEG,0,C43,0.002324531087651849,2
002640,NEG,0,C43,0.001279620104469359,1
002641,NEG,0,C43,0.020767927169799805,2
002642,NEG,0,C43,0.008571956306695938,2
002643,NEG,0,C43,0.06165922433137894,10
002644,NEG,0,C43,0.05905717611312866,10
002645,NEG,0,C43,0.10363730043172836,5
002646,NEG,0,C43,0.14736898243427277,8
002647,NEG,0,C43,0.0,0
002648,NEG,0,C43,0.0031659805681556463,4
002649,NEG,0,C43,0.01970880664885044,4
002650,NEG,0,C43,0.007099702022969723,2
002651,NEG,0,C43,0.05564767122268677,7
002652,NEG,0,C43,0.061292413622140884,8
002653,NEG,0,C43,0.21108360588550568,5
002654,NEG,0,C43,0.010945609770715237,1
002655,NEG,0,C43,0.0023316515143960714,2
002656,NEG,0,C43,0.002101944060996175,1
002657,NEG,0,C43,0.011630416847765446,2
002658,NEG,0,C43,0.0066031767055392265,3
002659,NEG,0,C43,0.007285707164555788,2
002660,NEG,0,C43,0.008987033739686012,1
002661,NEG,0,C43,0.001420679735019803,2
002662,NEG,0,C43,0.0010589725570753217,1
002663,NEG,0,C43,0.06460846215486526,4
002664,NEG,0,C43,0.005554429721087217,3
002665,NEG,0,C43,0.005631706677377224,3
002666,NEG,0,C43,0.01028581615537405,6
002667,NEG,0,C43,0.0,0
002668,NEG,0,C43,0.15362690389156342,4
002669,NEG,0,C43,0.0,0
002670,NEG,0,C43,0.001251707784831524,1
002671,NEG,0,C43,0.0,0
002672,NEG,0,C43,0.0012273980537429452,1
002673,NEG,0,C43,0.0,0
002674,NEG,0,C43,0.0,0
002675,NEG,0,C43,0.0,0
002676,NEG,0,C43,0.0,0
002677,NEG,0,C43,0.0,0
002678,NEG,0,C43,0.0,0
002679,NEG,0,C43,0.0017332234419882298,2
002680,NEG,0,C43,0.0,0
002681,NEG,0,C43,0.0,0
002682,NEG,0,C43,0.001034648041240871,1
002683,NEG,0,C43,0.0012104299385100603,1
002684,NEG,0,C43,0.016355717554688454,4
002685,NEG,0,C43,0.02751697041094303,8
002686,NEG,0,C43,0.0023406255058944225,1
002687,NEG,0,C43,0.022671105340123177,1
002688,NEG,0,C43,0.006367234978824854,1
1778651519235162880,DAY,1,G38,0.9117473363876343,2
1778651530691638016,DAY,1,G38,0.8989534974098206,1
1778651579029250816,DAY,1,G38,0.8584393858909607,4
1778651650570397184,DAY,1,G38,0.4933139383792877,4
1778651650839160832,DAY,1,G38,0.4350602924823761,7
1778653367706938112,DAY,1,G38,0.7129324078559875,6
1778653508779767808,DAY,1,G38,0.797947347164154,9
1778653526955536896,DAY,1,G38,0.5199717283248901,5
1778653540259983104,DAY,1,G38,0.9359405040740967,1
1778653545299653120,DAY,1,G38,0.9180236458778381,1
1775201414728017664,DAY,1,G38,0.9693393111228943,2
1775201415399297536,DAY,1,G38,0.9527209401130676,1
1775201416944730624,DAY,1,G38,0.962668776512146,1
1775201418120676608,DAY,1,G38,0.9653456211090088,1
1775201421043401984,DAY,1,G38,0.9596705436706543,6
1775201428535961600,DAY,1,G38,0.9663224816322327,1
1775201429879521792,DAY,1,G38,0.9698615670204163,2
1775201430551447040,DAY,1,G38,0.9642242193222046,2
1775201430786751744,DAY,1,G38,0.9607626795768738,3
1775201436800711168,DAY,1,G38,0.9729909300804138,1
1775201442546213120,DAY,1,G38,0.8392487168312073,2
1775201443822140928,DAY,1,G38,0.9568020701408386,3
1778653003088339968,DAY,1,G38,0.9642971754074097,4
1778653006783606016,DAY,1,G38,0.964687168598175,3
1778653007724386048,DAY,1,G38,0.9666306376457214,1
1778653017736058368,DAY,1,G38,0.89520663022995,4
1778653018878592768,DAY,1,G38,0.7209910154342651,4
1778653029965134592,DAY,1,G38,0.9549383521080017,2
1778653030032337920,DAY,1,G38,0.9560906887054443,1
1778653030099587072,DAY,1,G38,0.9581074118614197,5
1778653030166875904,DAY,1,G38,0.9576386213302612,4
1778653030233998336,DAY,1,G38,0.9556998014450073,3
1778653030939714816,DAY,1,G38,0.9598208665847778,1
1778653031275751936,DAY,1,G38,0.9635635614395142,2
1778653033056483584,DAY,1,G38,0.9676008820533752,2
1778653041187027200,DAY,1,G38,0.9428917169570923,4
1778653055734035712,DAY,1,G38,0.9294889569282532,1
1778653055801377280,DAY,1,G38,0.9634600877761841,1
1778653055868669952,DAY,1,G38,0.965675413608551,2
1778653056137140480,DAY,1,G38,0.9644978046417236,1
1778652124170068224,DAY,1,G38,0.9187749028205872,3
1778652125245035520,DAY,1,G38,0.92379230260849,2
1778652126319943168,DAY,1,G38,0.17234468460083008,2
1778652127361815808,DAY,1,G38,0.7084452509880066,3
1778652128369383168,DAY,1,G38,0.9522596001625061,1
1778652130452698368,DAY,1,G38,0.9553203582763672,2
1778652132535256576,DAY,1,G38,0.9529093503952026,1
1778652134517495552,DAY,1,G38,0.9496930241584778,2
1778652136533958400,DAY,1,G38,0.945809006690979,1
1778652138515809024,DAY,1,G38,0.5142723321914673,2
1778652140531310080,DAY,1,G38,0.9323115944862366,2
1778652142480077056,DAY,1,G38,0.8412304520606995,4
1778652144496057088,DAY,1,G38,0.8469856977462769,7
1778652146612550912,DAY,1,G38,0.629936695098877,6
1778652148628229376,DAY,1,G38,0.7974404096603394,6
1778652150610404864,DAY,1,G38,0.9300513863563538,7
1778652152626116352,DAY,1,G38,0.7483211755752563,5
1778652154608392192,DAY,1,G38,0.914016842842102,3
1778652156557165568,DAY,1,G38,0.9174313545227051,2
1778652158404883456,DAY,1,G38,0.9263769388198853,2
1778652166837872128,DAY,1,G38,0.9047611355781555,2
1778652168786111744,DAY,1,G38,0.9361651539802551,4
1778652170735118080,DAY,1,G38,0.8750436902046204,2
1778652172717607680,DAY,1,G38,0.7799685001373291,3
1778652174598774528,DAY,1,G38,0.9304940700531006,1
1778652176547299328,DAY,1,G38,0.9326778650283813,2
1778652178428551168,DAY,1,G38,0.8597863912582397,4
1778653630038417664,DAY,1,G38,0.16223104298114777,12
1778653632188551424,DAY,1,G38,0.9247961640357971,3
1778653634641026304,DAY,1,G38,0.890533447265625,3
1778653643678509824,DAY,1,G38,0.050937019288539886,9
1778653659065885952,DAY,1,G38,0.6445204019546509,8
1778653661653195264,DAY,1,G38,0.5453240275382996,4
1778653664407620608,DAY,1,G38,0.9135943651199341,3
1778653674184865536,DAY,1,G38,0.9169408082962036,4
1778653693804927232,DAY,1,G38,0.0,0
1778653699314620416,DAY,1,G38,0.0022325727622956038,1
1778653704118966272,DAY,1,G38,0.0,0
1778653706706429696,DAY,1,G38,0.2074454128742218,3
1778653709259341568,DAY,1,G38,0.10814838111400604,9
1778653711544007680,DAY,1,G38,0.45481500029563904,9
1778653713962971904,DAY,1,G38,0.514707624912262,5
1778653721118964736,DAY,1,G38,0.6445701718330383,5
1778653723571790336,DAY,1,G38,0.8904455304145813,2
1778653730458996736,DAY,1,G38,0.8548349142074585,1
1778653738858078976,DAY,1,G38,0.9034551382064819,2
1778653796073599488,DAY,1,G38,0.2592373192310333,3
1778653798391620864,DAY,1,G38,0.40702399611473083,6
1778653804674198784,DAY,1,G38,0.1195857971906662,13
1778653806958839552,DAY,1,G38,0.052769239991903305,4
1778653811763352320,DAY,1,G38,0.35055011510849,3
1778653814384002560,DAY,1,G38,0.16336193680763245,6
1778653821069351168,DAY,1,G38,0.18430711328983307,5
1778653823253508096,DAY,1,G38,0.7154682874679565,3
1778653832794714368,DAY,1,G38,0.04695858806371689,5
1778653871330109184,DAY,1,G38,0.09424787014722824,5
1778653882316513792,DAY,1,G38,0.4842905104160309,4
1778653884903302656,DAY,1,G38,0.8337724804878235,4
1778653889069260032,DAY,1,G38,0.752328634262085,2
1778653898342159872,DAY,1,G38,0.7307753562927246,2
1779449467555301888,NIGHT,1,G38,0.37785133719444275,15
1779449470423201536,NIGHT,1,G38,0.032898951321840286,13
1779449475060066816,NIGHT,1,G38,0.06331446021795273,14
1779449479095927552,NIGHT,1,G38,0.4422379434108734,13
1779449481331070208,NIGHT,1,G38,0.06927292793989182,12
1779449483432542720,NIGHT,1,G38,0.0291130393743515,4
1779449485800670464,NIGHT,1,G38,0.039998628199100494,6
1779449488068910592,NIGHT,1,G38,0.20212525129318237,5
1779449492505469440,NIGHT,1,G38,0.08589150011539459,12
1779449496875356416,NIGHT,1,G38,0.0578654482960701,8
1779449499143611648,NIGHT,1,G38,0.9030252695083618,2
1779449501478488320,NIGHT,1,G38,0.8860564231872559,7
1779449575470221824,NIGHT,1,G38,0.040329381823539734,7
1779449580573721600,NIGHT,1,G38,0.04629792273044586,7
1779449591514485504,NIGHT,1,G38,0.010470040142536163,8
1779449593782795264,NIGHT,1,G38,0.20341230928897858,10
1779449596017728000,NIGHT,1,G38,0.436716228723526,10
1779449602689248000,NIGHT,1,G38,0.05280686542391777,9
1779449604823769344,NIGHT,1,G38,0.062437865883111954,11
1779449631842893312,NIGHT,1,G38,0.7797709107398987,2
1779449634044385536,NIGHT,1,G38,0.03889385238289833,7
1779449638581035008,NIGHT,1,G38,0.22873441874980927,11
1779449643284402176,NIGHT,1,G38,0.006532629486173391,3
1779449645419136000,NIGHT,1,G38,0.5911419987678528,12
1779449647620845824,NIGHT,1,G38,0.8296496272087097,2
1779449649655479552,NIGHT,1,G38,0.9261310696601868,5
1779449656527024896,NIGHT,1,G38,0.8741535544395447,3
1779449661263803392,NIGHT,1,G38,0.10895995050668716,4
000000,NEG,0,G38,0.03419831395149231,15
000001,NEG,0,G38,0.08064067363739014,13
000002,NEG,0,G38,0.13375258445739746,7
000003,NEG,0,G38,0.31756359338760376,11
000004,NEG,0,G38,0.11829936504364014,9
000005,NEG,0,G38,0.055399760603904724,10
000006,NEG,0,G38,0.1672007292509079,10
000007,NEG,0,G38,0.16676563024520874,9
000008,NEG,0,G38,0.036219190806150436,10
000009,NEG,0,G38,0.0744250938296318,11
000010,NEG,0,G38,0.16005776822566986,9
000011,NEG,0,G38,0.17859002947807312,7
000012,NEG,0,G38,0.23881515860557556,10
000013,NEG,0,G38,0.14443793892860413,7
000014,NEG,0,G38,0.1769711673259735,9
000015,NEG,0,G38,0.1725034862756729,6
000016,NEG,0,G38,0.0341334231197834,14
000017,NEG,0,G38,0.1469069868326187,8
000018,NEG,0,G38,0.12668351829051971,10
000019,NEG,0,G38,0.23639503121376038,9
000020,NEG,0,G38,0.07042312622070312,10
000021,NEG,0,G38,0.08867946267127991,9
000022,NEG,0,G38,0.4837232232093811,6
000023,NEG,0,G38,0.09189333766698837,12
000024,NEG,0,G38,0.024256497621536255,4
000025,NEG,0,G38,0.0012027508346363902,2
000026,NEG,0,G38,0.0833037942647934,2
000027,NEG,0,G38,0.002745632780715823,2
000028,NEG,0,G38,0.02336965687572956,1
000029,NEG,0,G38,0.010444805957376957,2
000030,NEG,0,G38,0.07045337557792664,1
000031,NEG,0,G38,0.005484749563038349,4
000032,NEG,0,G38,0.6829581260681152,1
000033,NEG,0,G38,0.06977375596761703,3
000034,NEG,0,G38,0.0013549434952437878,3
000035,NEG,0,G38,0.012421480379998684,3
000036,NEG,0,G38,0.23922662436962128,1
000037,NEG,0,G38,0.0391201414167881,1
000038,NEG,0,G38,0.08493693917989731,1
000039,NEG,0,G38,0.11201856285333633,1
000040,NEG,0,G38,0.019801903516054153,1
000041,NEG,0,G38,0.008612208068370819,2
000042,NEG,0,G38,0.014555420726537704,2
000043,NEG,0,G38,0.04821747913956642,1
000044,NEG,0,G38,0.2288828343153,2
000045,NEG,0,G38,0.033755164593458176,2
000046,NEG,0,G38,0.586991548538208,3
000047,NEG,0,G38,0.09089652448892593,3
000048,NEG,0,G38,0.13215401768684387,4
000049,NEG,0,G38,0.15693536400794983,1
000050,NEG,0,G38,0.032159723341464996,3
000051,NEG,0,G38,0.3467976748943329,1
000052,NEG,0,G38,0.0028756081592291594,5
000053,NEG,0,G38,0.07624369859695435,5
000054,NEG,0,G38,0.19574178755283356,3
000055,NEG,0,G38,0.5582296252250671,3
000056,NEG,0,G38,0.6290803551673889,2
000057,NEG,0,G38,0.3812483847141266,2
000058,NEG,0,G38,0.3458242416381836,1
000059,NEG,0,G38,0.4976983368396759,2
000060,NEG,0,G38,0.1298176795244217,3
000061,NEG,0,G38,0.0022852253168821335,2
000062,NEG,0,G38,0.00568921584635973,7
000063,NEG,0,G38,0.0016959476051852107,2
000064,NEG,0,G38,0.0016449427930638194,2
000065,NEG,0,G38,0.0027424085419625044,4
000066,NEG,0,G38,0.0030069518834352493,7
000067,NEG,0,G38,0.0024378907401114702,5
000068,NEG,0,G38,0.0014135366072878242,1
000069,NEG,0,G38,0.002722331089898944,3
000070,NEG,0,G38,0.003380782436579466,4
000071,NEG,0,G38,0.003393843537196517,4
000072,NEG,0,G38,0.007818152196705341,5
000073,NEG,0,G38,0.0,0
000074,NEG,0,G38,0.0050004953518509865,5
000075,NEG,0,G38,0.0016945385141298175,1
000076,NEG,0,G38,0.005550469737499952,3
000077,NEG,0,G38,0.01142932940274477,2
000078,NEG,0,G38,0.004143993835896254,6
000079,NEG,0,G38,0.0023416057229042053,1
000080,NEG,0,G38,0.0,0
000081,NEG,0,G38,0.027629677206277847,2
000082,NEG,0,G38,0.0016106663970276713,2
000083,NEG,0,G38,0.011151104234158993,4
000084,NEG,0,G38,0.008578300476074219,5
000085,NEG,0,G38,0.013299831189215183,3
000086,NEG,0,G38,0.17236025631427765,2
000087,NEG,0,G38,0.046626463532447815,2
000088,NEG,0,G38,0.1868022233247757,3
000089,NEG,0,G38,0.1238487958908081,2
000090,NEG,0,G38,0.15557189285755157,2
000091,NEG,0,G38,0.3197705149650574,1
000092,NEG,0,G38,0.11113989353179932,3
000093,NEG,0,G38,0.0,0
000094,NEG,0,G38,0.0022533549927175045,1
000095,NEG,0,G38,0.0,0
000096,NEG,0,G38,0.009007236920297146,1
000097,NEG,0,G38,0.002671394729986787,1
000098,NEG,0,G38,0.001041865791194141,1
000099,NEG,0,G38,0.001892676344141364,1
000100,NEG,0,G38,0.0,0
000101,NEG,0,G38,0.025668548420071602,7
000102,NEG,0,G38,0.0,0
000103,NEG,0,G38,0.0020420183427631855,2
000104,NEG,0,G38,0.014730709604918957,3
000105,NEG,0,G38,0.001149749499745667,1
000106,NEG,0,G38,0.003178945742547512,2
000107,NEG,0,G38,0.05752439796924591,7
000108,NEG,0,G38,0.26121771335601807,7
000109,NEG,0,G38,0.5586602091789246,6
000110,NEG,0,G38,0.3199952244758606,3
000111,NEG,0,G38,0.0,0
000112,NEG,0,G38,0.0,0
000113,NEG,0,G38,0.0010929664131253958,1
000114,NEG,0,G38,0.00572955934330821,2
000115,NEG,0,G38,0.013900757767260075,1
000116,NEG,0,G38,0.0032196580432355404,1
000117,NEG,0,G38,0.0,0
000118,NEG,0,G38,0.0011487274896353483,1
000119,NEG,0,G38,0.004865641705691814,1
000120,NEG,0,G38,0.001499401405453682,1
000121,NEG,0,G38,0.0,0
000122,NEG,0,G38,0.0,0
000123,NEG,0,G38,0.0,0
000124,NEG,0,G38,0.0035295477136969566,5
000125,NEG,0,G38,0.048049867153167725,5
000126,NEG,0,G38,0.026761358603835106,3
000127,NEG,0,G38,0.029832035303115845,3
000128,NEG,0,G38,0.0348975844681263,5
000129,NEG,0,G38,0.0026711912360042334,5
000130,NEG,0,G38,0.005103850271552801,3
000131,NEG,0,G38,0.0,0
000132,NEG,0,G38,0.0,0
000133,NEG,0,G38,0.0,0
000134,NEG,0,G38,0.0,0
000135,NEG,0,G38,0.0,0
000136,NEG,0,G38,0.0,0
000137,NEG,0,G38,0.0,0
000138,NEG,0,G38,0.0,0
000139,NEG,0,G38,0.0,0
000140,NEG,0,G38,0.0,0
000141,NEG,0,G38,0.0,0
000142,NEG,0,G38,0.0012119399616494775,1
000143,NEG,0,G38,0.0,0
000144,NEG,0,G38,0.0,0
000145,NEG,0,G38,0.0011708869133144617,1
000146,NEG,0,G38,0.0010755817638710141,1
000147,NEG,0,G38,0.0,0
000148,NEG,0,G38,0.0,0
000149,NEG,0,G38,0.00783816259354353,4
000150,NEG,0,G38,0.003964562900364399,1
000151,NEG,0,G38,0.14554837346076965,7
000152,NEG,0,G38,0.012466426007449627,5
000153,NEG,0,G38,0.28893396258354187,4
000154,NEG,0,G38,0.0020974462386220694,2
000155,NEG,0,G38,0.007830697111785412,4
000156,NEG,0,G38,0.0010762320598587394,1
000157,NEG,0,G38,0.0014727209927514195,3
000158,NEG,0,G38,0.012182466685771942,2
000159,NEG,0,G38,0.0050282590091228485,2
000160,NEG,0,G38,0.005147052463144064,2
000161,NEG,0,G38,0.004085888620465994,1
000162,NEG,0,G38,0.06150062009692192,4
000163,NEG,0,G38,0.0012157781748101115,1
000164,NEG,0,G38,0.0023712811525911093,1
000165,NEG,0,G38,0.0198432058095932,3
000166,NEG,0,G38,0.0015897743869572878,1
000167,NEG,0,G38,0.0,0
000168,NEG,0,G38,0.00404949439689517,2
000169,NEG,0,G38,0.0017518061213195324,2
000170,NEG,0,G38,0.001821441575884819,2
000171,NEG,0,G38,0.001402329420670867,1
000172,NEG,0,G38,0.0,0
000173,NEG,0,G38,0.0,0
000174,NEG,0,G38,0.0015276027843356133,1
000175,NEG,0,G38,0.0030626512598246336,3
000176,NEG,0,G38,0.005779930856078863,2
000177,NEG,0,G38,0.0044589294120669365,2
000178,NEG,0,G38,0.0032878234051167965,1
000179,NEG,0,G38,0.03458112105727196,3
000180,NEG,0,G38,0.0044143591076135635,3
000181,NEG,0,G38,0.0030530046205967665,5
000182,NEG,0,G38,0.009824325330555439,4
000183,NEG,0,G38,0.0,0
000184,NEG,0,G38,0.038458749651908875,4
000185,NEG,0,G38,0.01819237507879734,5
000186,NEG,0,G38,0.0017696989234536886,5
000187,NEG,0,G38,0.001476610661484301,2
000188,NEG,0,G38,0.004145637154579163,2
000189,NEG,0,G38,0.0028182165697216988,6
000190,NEG,0,G38,0.024078471586108208,2
000191,NEG,0,G38,0.007206907495856285,2
000192,NEG,0,G38,0.0047349887900054455,5
000193,NEG,0,G38,0.009536860510706902,11
000194,NEG,0,G38,0.0024754637852311134,2
000195,NEG,0,G38,0.0034176574554294348,4
000196,NEG,0,G38,0.016808239743113518,10
000197,NEG,0,G38,0.010502442717552185,4
000198,NEG,0,G38,0.0026130040641874075,4
000199,NEG,0,G38,0.005016420502215624,8
000200,NEG,0,G38,0.010643760673701763,8
000201,NEG,0,G38,0.002541222143918276,6
000202,NEG,0,G38,0.00609086686745286,5
000203,NEG,0,G38,0.004762810654938221,4
000204,NEG,0,G38,0.004302599932998419,7
000205,NEG,0,G38,0.06013505905866623,11
000206,NEG,0,G38,0.037225719541311264,10
000207,NEG,0,G38,0.08546819537878036,9
000208,NEG,0,G38,0.027132807299494743,11
000209,NEG,0,G38,0.08669200539588928,9
000210,NEG,0,G38,0.005353826563805342,10
000211,NEG,0,G38,0.008343405090272427,11
000212,NEG,0,G38,0.017169764265418053,7
000213,NEG,0,G38,0.006454563699662685,8
000214,NEG,0,G38,0.008927540853619576,10
000215,NEG,0,G38,0.01738824136555195,16
000216,NEG,0,G38,0.009709329344332218,7
000217,NEG,0,G38,0.03922710940241814,5
000218,NEG,0,G38,0.00638218829408288,6
000219,NEG,0,G38,0.005708018317818642,7
000220,NEG,0,G38,0.004800779279321432,13
000221,NEG,0,G38,0.018336940556764603,13
000222,NEG,0,G38,0.052926916629076004,7
000223,NEG,0,G38,0.024600371718406677,9
000224,NEG,0,G38,0.03892452269792557,4
000225,NEG,0,G38,0.015015169978141785,5
000226,NEG,0,G38,0.08164222538471222,3
000227,NEG,0,G38,0.010629890486598015,4
000228,NEG,0,G38,0.06518848240375519,3
000229,NEG,0,G38,0.06184615194797516,3
000230,NEG,0,G38,0.05687863007187843,4
000231,NEG,0,G38,0.12512800097465515,2
000232,NEG,0,G38,0.003016622271388769,3
000233,NEG,0,G38,0.0015086749335750937,1
000234,NEG,0,G38,0.004803033079952002,2
000235,NEG,0,G38,0.023468296974897385,1
000236,NEG,0,G38,0.006664525717496872,4
000237,NEG,0,G38,0.002270978642627597,1
000238,NEG,0,G38,0.004999034106731415,6
000239,NEG,0,G38,0.004999034106731415,6
000240,NEG,0,G38,0.0027176758740097284,2
000241,NEG,0,G38,0.0044459388591349125,2
000242,NEG,0,G38,0.009623080492019653,8
000243,NEG,0,G38,0.2874313294887543,12
000244,NEG,0,G38,0.018138481304049492,16
000245,NEG,0,G38,0.006440885365009308,12
000246,NEG,0,G38,0.0648532584309578,4
000247,NEG,0,G38,0.014386865310370922,3
000248,NEG,0,G38,0.006316653918474913,7
000249,NEG,0,G38,0.0010792603716254234,1
000250,NEG,0,G38,0.0015550102107226849,1
000251,NEG,0,G38,0.008136767894029617,12
000252,NEG,0,G38,0.1042175143957138,8
000253,NEG,0,G38,0.009498557075858116,7
000254,NEG,0,G38,0.23979446291923523,2
000255,NEG,0,G38,0.004178029950708151,3
000256,NEG,0,G38,0.0034161473158746958,3
000257,NEG,0,G38,0.005728160496801138,2
000258,NEG,0,G38,0.018275542184710503,3
000259,NEG,0,G38,0.0,0
000260,NEG,0,G38,0.0,0
000261,NEG,0,G38,0.0,0
000262,NEG,0,G38,0.0,0
000263,NEG,0,G38,0.0,0
000264,NEG,0,G38,0.0,0
000265,NEG,0,G38,0.0,0
000266,NEG,0,G38,0.0,0
000267,NEG,0,G38,0.0,0
000268,NEG,0,G38,0.0,0
000269,NEG,0,G38,0.0,0
000270,NEG,0,G38,0.0,0
000271,NEG,0,G38,0.0,0
000272,NEG,0,G38,0.0,0
000273,NEG,0,G38,0.0,0
000274,NEG,0,G38,0.0,0
000275,NEG,0,G38,0.0,0
000276,NEG,0,G38,0.0,0
000277,NEG,0,G38,0.0,0
000278,NEG,0,G38,0.0,0
000279,NEG,0,G38,0.0,0
000280,NEG,0,G38,0.0,0
000281,NEG,0,G38,0.0,0
000282,NEG,0,G38,0.0,0
000283,NEG,0,G38,0.0,0
000284,NEG,0,G38,0.0,0
000285,NEG,0,G38,0.0,0
000286,NEG,0,G38,0.0,0
000287,NEG,0,G38,0.0,0
000288,NEG,0,G38,0.0,0
000289,NEG,0,G38,0.0,0
000290,NEG,0,G38,0.0,0
000291,NEG,0,G38,0.0,0
000292,NEG,0,G38,0.0,0
000293,NEG,0,G38,0.0,0
000294,NEG,0,G38,0.0,0
000295,NEG,0,G38,0.0,0
000296,NEG,0,G38,0.0,0
000297,NEG,0,G38,0.0,0
000298,NEG,0,G38,0.0,0
000299,NEG,0,G38,0.0,0
000300,NEG,0,G38,0.0,0
000301,NEG,0,G38,0.0,0
000302,NEG,0,G38,0.0,0
000303,NEG,0,G38,0.0,0
000304,NEG,0,G38,0.0,0
000305,NEG,0,G38,0.0,0
000306,NEG,0,G38,0.0,0
000307,NEG,0,G38,0.0,0
000308,NEG,0,G38,0.0,0
000309,NEG,0,G38,0.0,0
000310,NEG,0,G38,0.0,0
000311,NEG,0,G38,0.0,0
000312,NEG,0,G38,0.0,0
000313,NEG,0,G38,0.0,0
000314,NEG,0,G38,0.0,0
000315,NEG,0,G38,0.0,0
000316,NEG,0,G38,0.0,0
000317,NEG,0,G38,0.0,0
000318,NEG,0,G38,0.0,0
000319,NEG,0,G38,0.0,0
000320,NEG,0,G38,0.0,0
000321,NEG,0,G38,0.0,0
000322,NEG,0,G38,0.0,0
000323,NEG,0,G38,0.0,0
000324,NEG,0,G38,0.0,0
000325,NEG,0,G38,0.0,0
000326,NEG,0,G38,0.0,0
000327,NEG,0,G38,0.0,0
000328,NEG,0,G38,0.0,0
000329,NEG,0,G38,0.0,0
000330,NEG,0,G38,0.0,0
000331,NEG,0,G38,0.0,0
000332,NEG,0,G38,0.0,0
000333,NEG,0,G38,0.0,0
000334,NEG,0,G38,0.0,0
000335,NEG,0,G38,0.0,0
000336,NEG,0,G38,0.0,0
000337,NEG,0,G38,0.0,0
000338,NEG,0,G38,0.0,0
000339,NEG,0,G38,0.0,0
000340,NEG,0,G38,0.0,0
000341,NEG,0,G38,0.0,0
000342,NEG,0,G38,0.0,0
000343,NEG,0,G38,0.0,0
000344,NEG,0,G38,0.0,0
000345,NEG,0,G38,0.0,0
000346,NEG,0,G38,0.0,0
000347,NEG,0,G38,0.0,0
000348,NEG,0,G38,0.0,0
000349,NEG,0,G38,0.0,0
000350,NEG,0,G38,0.0,0
000351,NEG,0,G38,0.0,0
000352,NEG,0,G38,0.0,0
000353,NEG,0,G38,0.0,0
000354,NEG,0,G38,0.0,0
000355,NEG,0,G38,0.0,0
000356,NEG,0,G38,0.0,0
000357,NEG,0,G38,0.0,0
000358,NEG,0,G38,0.0,0
000359,NEG,0,G38,0.0,0
000360,NEG,0,G38,0.0,0
000361,NEG,0,G38,0.0,0
000362,NEG,0,G38,0.0,0
000363,NEG,0,G38,0.0,0
000364,NEG,0,G38,0.0,0
000365,NEG,0,G38,0.0,0
000366,NEG,0,G38,0.0,0
000367,NEG,0,G38,0.0,0
000368,NEG,0,G38,0.0,0
000369,NEG,0,G38,0.0,0
000370,NEG,0,G38,0.0,0
000371,NEG,0,G38,0.0,0
000372,NEG,0,G38,0.0,0
000373,NEG,0,G38,0.0,0
000374,NEG,0,G38,0.0,0
000375,NEG,0,G38,0.0,0
000376,NEG,0,G38,0.0,0
000377,NEG,0,G38,0.0,0
000378,NEG,0,G38,0.0,0
000379,NEG,0,G38,0.0,0
000380,NEG,0,G38,0.0,0
000381,NEG,0,G38,0.0,0
000382,NEG,0,G38,0.0,0
000383,NEG,0,G38,0.0,0
000384,NEG,0,G38,0.0,0
000385,NEG,0,G38,0.0,0
000386,NEG,0,G38,0.004844259936362505,15
000387,NEG,0,G38,0.005484437569975853,16
000388,NEG,0,G38,0.005734201055020094,20
000389,NEG,0,G38,0.009063620120286942,19
000390,NEG,0,G38,0.004964154679328203,15
000391,NEG,0,G38,0.0023789291735738516,12
000392,NEG,0,G38,0.009238104335963726,12
000393,NEG,0,G38,0.006745321676135063,17
000394,NEG,0,G38,0.010207041166722775,19
000395,NEG,0,G38,0.011306870728731155,18
000396,NEG,0,G38,0.012659686617553234,17
000397,NEG,0,G38,0.005345344077795744,15
000398,NEG,0,G38,0.007877087220549583,18
000399,NEG,0,G38,0.013801620341837406,15
000400,NEG,0,G38,0.006842299830168486,11
000401,NEG,0,G38,0.0010542458621785045,2
000402,NEG,0,G38,0.0,0
000403,NEG,0,G38,0.0,0
000404,NEG,0,G38,0.0,0
000405,NEG,0,G38,0.0,0
000406,NEG,0,G38,0.0,0
000407,NEG,0,G38,0.0,0
000408,NEG,0,G38,0.0012239482020959258,1
000409,NEG,0,G38,0.0,0
000410,NEG,0,G38,0.0,0
000411,NEG,0,G38,0.0,0
000412,NEG,0,G38,0.0,0
000413,NEG,0,G38,0.0,0
000414,NEG,0,G38,0.0,0
000415,NEG,0,G38,0.0,0
000416,NEG,0,G38,0.0,0
000417,NEG,0,G38,0.0,0
000418,NEG,0,G38,0.0,0
000419,NEG,0,G38,0.0,0
000420,NEG,0,G38,0.0,0
000421,NEG,0,G38,0.0,0
000422,NEG,0,G38,0.0,0
000423,NEG,0,G38,0.0,0
000424,NEG,0,G38,0.0,0
000425,NEG,0,G38,0.0,0
000426,NEG,0,G38,0.0,0
000427,NEG,0,G38,0.0,0
000428,NEG,0,G38,0.0,0
000429,NEG,0,G38,0.0,0
000430,NEG,0,G38,0.0,0
000431,NEG,0,G38,0.0,0
000432,NEG,0,G38,0.0,0
000433,NEG,0,G38,0.0,0
000434,NEG,0,G38,0.0,0
000435,NEG,0,G38,0.0,0
000436,NEG,0,G38,0.0,0
000437,NEG,0,G38,0.005084195639938116,5
000438,NEG,0,G38,0.0017445625271648169,2
000439,NEG,0,G38,0.0,0
000440,NEG,0,G38,0.0,0
000441,NEG,0,G38,0.0,0
000442,NEG,0,G38,0.0,0
000443,NEG,0,G38,0.0010510359425097704,1
000444,NEG,0,G38,0.0,0
000445,NEG,0,G38,0.0,0
000446,NEG,0,G38,0.0,0
000447,NEG,0,G38,0.0,0
000448,NEG,0,G38,0.0,0
000449,NEG,0,G38,0.0,0
000450,NEG,0,G38,0.0,0
000451,NEG,0,G38,0.0012760862009599805,3
000452,NEG,0,G38,0.001395488390699029,1
000453,NEG,0,G38,0.0013966192491352558,1
000454,NEG,0,G38,0.00608221348375082,2
000455,NEG,0,G38,0.0,0
000456,NEG,0,G38,0.0,0
000457,NEG,0,G38,0.0,0
000458,NEG,0,G38,0.0,0
000459,NEG,0,G38,0.0,0
000460,NEG,0,G38,0.0,0
000461,NEG,0,G38,0.0,0
000462,NEG,0,G38,0.0010296704713255167,1
000463,NEG,0,G38,0.004259838256984949,13
000464,NEG,0,G38,0.0025200345553457737,6
000465,NEG,0,G38,0.0011842793319374323,1
000466,NEG,0,G38,0.0,0
000467,NEG,0,G38,0.0,0
000468,NEG,0,G38,0.01298315729945898,2
000469,NEG,0,G38,0.002361200051382184,1
000470,NEG,0,G38,0.0,0
000471,NEG,0,G38,0.0018564511556178331,1
000472,NEG,0,G38,0.0017129650805145502,2
000473,NEG,0,G38,0.0,0
000474,NEG,0,G38,0.0012254099128767848,2
000475,NEG,0,G38,0.0,0
000476,NEG,0,G38,0.0,0
000477,NEG,0,G38,0.04045724496245384,1
000478,NEG,0,G38,0.0029110515024513006,4
000479,NEG,0,G38,0.001023260410875082,1
000480,NEG,0,G38,0.0,0
000481,NEG,0,G38,0.0,0
000482,NEG,0,G38,0.022478554397821426,8
000483,NEG,0,G38,0.0018558184383437037,4
000484,NEG,0,G38,0.0011035936186090112,1
000485,NEG,0,G38,0.003145929891616106,1
000486,NEG,0,G38,0.006244063843041658,5
000487,NEG,0,G38,0.013447371311485767,5
000488,NEG,0,G38,0.001457173377275467,1
000489,NEG,0,G38,0.0,0
000490,NEG,0,G38,0.0,0
000491,NEG,0,G38,0.019242985174059868,1
000492,NEG,0,G38,0.0010666126618161798,1
000493,NEG,0,G38,0.04265477880835533,4
000494,NEG,0,G38,0.023947743698954582,9
000495,NEG,0,G38,0.012112002819776535,11
000496,NEG,0,G38,0.04673638567328453,6
000497,NEG,0,G38,0.08378200978040695,11
000498,NEG,0,G38,0.03353160247206688,11
000499,NEG,0,G38,0.050148796290159225,6
000500,NEG,0,G38,0.06120714172720909,6
000501,NEG,0,G38,0.037401389330625534,5
000502,NEG,0,G38,0.16335704922676086,13
000503,NEG,0,G38,0.0,0
000504,NEG,0,G38,0.006170076783746481,3
000505,NEG,0,G38,0.0,0
000506,NEG,0,G38,0.002186982659623027,3
000507,NEG,0,G38,0.0033058421686291695,5
000508,NEG,0,G38,0.0,0
000509,NEG,0,G38,0.14732830226421356,6
000510,NEG,0,G38,0.0020035316701978445,3
000511,NEG,0,G38,0.0,0
000512,NEG,0,G38,0.002786989090964198,2
000513,NEG,0,G38,0.0,0
000514,NEG,0,G38,0.0,0
000515,NEG,0,G38,0.0,0
000516,NEG,0,G38,0.005358727183192968,2
000517,NEG,0,G38,0.001287486287765205,2
000518,NEG,0,G38,0.003587495069950819,1
000519,NEG,0,G38,0.0,0
000520,NEG,0,G38,0.0022486804518848658,1
000521,NEG,0,G38,0.0,0
000522,NEG,0,G38,0.006017184350639582,3
000523,NEG,0,G38,0.002879875944927335,1
000524,NEG,0,G38,0.0035224072635173798,1
000525,NEG,0,G38,0.0011631193337962031,1
000526,NEG,0,G38,0.0024567225482314825,8
000527,NEG,0,G38,0.0022993769962340593,1
000528,NEG,0,G38,0.0017524107825011015,3
000529,NEG,0,G38,0.004461107775568962,5
000530,NEG,0,G38,0.0,0
000531,NEG,0,G38,0.005195755511522293,5
000532,NEG,0,G38,0.0012887880438938737,1
000533,NEG,0,G38,0.001432212651707232,1
000534,NEG,0,G38,0.0,0
000535,NEG,0,G38,0.0,0
000536,NEG,0,G38,0.0,0
000537,NEG,0,G38,0.008085495792329311,2
000538,NEG,0,G38,0.0,0
000539,NEG,0,G38,0.0011903941631317139,1
000540,NEG,0,G38,0.0,0
000541,NEG,0,G38,0.0,0
000542,NEG,0,G38,0.0,0
000543,NEG,0,G38,0.0,0
000544,NEG,0,G38,0.0012470614165067673,1
000545,NEG,0,G38,0.0014095259830355644,1
000546,NEG,0,G38,0.001260249875485897,2
000547,NEG,0,G38,0.0,0
000548,NEG,0,G38,0.0011670413659885526,1
000549,NEG,0,G38,0.0023806591052562,12
000550,NEG,0,G38,0.001987285213544965,13
000551,NEG,0,G38,0.009812572970986366,3
000552,NEG,0,G38,0.01834944263100624,3
000553,NEG,0,G38,0.07707564532756805,1
000554,NEG,0,G38,0.020115550607442856,3
000555,NEG,0,G38,0.007521647494286299,2
000556,NEG,0,G38,0.0026423928793519735,1
000557,NEG,0,G38,0.007787076756358147,1
000558,NEG,0,G38,0.012457212433218956,3
000559,NEG,0,G38,0.012044498696923256,1
000560,NEG,0,G38,0.005479666870087385,4
000561,NEG,0,G38,0.1219215989112854,9
000562,NEG,0,G38,0.00812749844044447,11
000563,NEG,0,G38,0.005562890786677599,13
000564,NEG,0,G38,0.028950868174433708,19
000565,NEG,0,G38,0.010345718823373318,11
000566,NEG,0,G38,0.005221914034336805,18
000567,NEG,0,G38,0.018532907590270042,13
000568,NEG,0,G38,0.008950934745371342,19
000569,NEG,0,G38,0.04252894967794418,21
000570,NEG,0,G38,0.010203409940004349,12
000571,NEG,0,G38,0.009766018949449062,2
000572,NEG,0,G38,0.004955299664288759,5
000573,NEG,0,G38,0.0021440000273287296,5
000574,NEG,0,G38,0.0325683169066906,10
000575,NEG,0,G38,0.028064729645848274,5
000576,NEG,0,G38,0.017587706446647644,4
000577,NEG,0,G38,0.006976822391152382,5
000578,NEG,0,G38,0.014584880322217941,5
000579,NEG,0,G38,0.001966942334547639,2
000580,NEG,0,G38,0.0010596042266115546,1
000581,NEG,0,G38,0.0011210301890969276,1
000582,NEG,0,G38,0.0013556217309087515,1
000583,NEG,0,G38,0.0021044020541012287,4
000584,NEG,0,G38,0.0023149324115365744,2
000585,NEG,0,G38,0.0014592146035283804,1
000586,NEG,0,G38,0.004447055980563164,1
000587,NEG,0,G38,0.003715772880241275,3
000588,NEG,0,G38,0.002264296403154731,2
000589,NEG,0,G38,0.001730231917463243,5
000590,NEG,0,G38,0.0042915851809084415,4
000591,NEG,0,G38,0.00250616273842752,4
000592,NEG,0,G38,0.003324509598314762,2
000593,NEG,0,G38,0.001502434373833239,2
000594,NEG,0,G38,0.00161323556676507,3
000595,NEG,0,G38,0.0030376415234059095,2
000596,NEG,0,G38,0.009372597560286522,4
000597,NEG,0,G38,0.0,0
000598,NEG,0,G38,0.0,0
000599,NEG,0,G38,0.0,0
000600,NEG,0,G38,0.0,0
000601,NEG,0,G38,0.01756996661424637,10
000602,NEG,0,G38,0.006375026423484087,6
000603,NEG,0,G38,0.09526292234659195,6
000604,NEG,0,G38,0.07706482708454132,9
000605,NEG,0,G38,0.10217200964689255,10
000606,NEG,0,G38,0.0011638669529929757,2
000607,NEG,0,G38,0.048101868480443954,6
000608,NEG,0,G38,0.004256492014974356,4
000609,NEG,0,G38,0.0012483763275668025,1
000610,NEG,0,G38,0.04343988373875618,3
000611,NEG,0,G38,0.0015448748599737883,1
000612,NEG,0,G38,0.0015532374382019043,1
000613,NEG,0,G38,0.00101619609631598,1
000614,NEG,0,G38,0.0,0
000615,NEG,0,G38,0.0013954266905784607,1
000616,NEG,0,G38,0.0,0
000617,NEG,0,G38,0.001724262023344636,3
000618,NEG,0,G38,0.0,0
000619,NEG,0,G38,0.0,0
000620,NEG,0,G38,0.00188216264359653,3
000621,NEG,0,G38,0.0,0
000622,NEG,0,G38,0.002805645577609539,7
000623,NEG,0,G38,0.0032988958992064,7
000624,NEG,0,G38,0.004324052017182112,9
000625,NEG,0,G38,0.002691389061510563,5
000626,NEG,0,G38,0.00443476065993309,2
000627,NEG,0,G38,0.014450759626924992,1
000628,NEG,0,G38,0.0,0
000629,NEG,0,G38,0.0,0
000630,NEG,0,G38,0.0052461177110672,2
000631,NEG,0,G38,0.04271591827273369,3
000632,NEG,0,G38,0.023089004680514336,4
000633,NEG,0,G38,0.05853922292590141,2
000634,NEG,0,G38,0.11945116519927979,4
000635,NEG,0,G38,0.02492118813097477,3
000636,NEG,0,G38,0.013062975369393826,3
000637,NEG,0,G38,0.009508670307695866,6
000638,NEG,0,G38,0.12502551078796387,3
000639,NEG,0,G38,0.02701200731098652,2
000640,NEG,0,G38,0.03292171657085419,2
000641,NEG,0,G38,0.1703830063343048,3
000642,NEG,0,G38,0.07248073071241379,3
000643,NEG,0,G38,0.13760928809642792,3
000644,NEG,0,G38,0.3459763526916504,2
000645,NEG,0,G38,0.3532573878765106,4
000646,NEG,0,G38,0.0869917944073677,4
000647,NEG,0,G38,0.2240801751613617,3
000648,NEG,0,G38,0.1909337192773819,2
000649,NEG,0,G38,0.21162836253643036,3
000650,NEG,0,G38,0.12019918859004974,3
000651,NEG,0,G38,0.20762242376804352,1
000652,NEG,0,G38,0.21416451036930084,2
000653,NEG,0,G38,0.18293799459934235,2
000654,NEG,0,G38,0.20811039209365845,2
000655,NEG,0,G38,0.1954784095287323,2
000656,NEG,0,G38,0.32307323813438416,1
000657,NEG,0,G38,0.05578593164682388,2
000658,NEG,0,G38,0.13010737299919128,2
000659,NEG,0,G38,0.15107181668281555,2
000660,NEG,0,G38,0.09688880294561386,4
000661,NEG,0,G38,0.1742279827594757,1
000662,NEG,0,G38,0.0013362659374251962,1
000663,NEG,0,G38,0.038803260773420334,2
000664,NEG,0,G38,0.015119661577045918,1
000665,NEG,0,G38,0.08193888515233994,1
000666,NEG,0,G38,0.0794854387640953,2
000667,NEG,0,G38,0.05658559501171112,2
000668,NEG,0,G38,0.19436191022396088,5
000669,NEG,0,G38,0.014052181504666805,2
000670,NEG,0,G38,0.012404038570821285,3
000671,NEG,0,G38,0.006229293067008257,8
000672,NEG,0,G38,0.0035722702741622925,5
000673,NEG,0,G38,0.002048511989414692,5
000674,NEG,0,G38,0.023785099387168884,6
000675,NEG,0,G38,0.011636486276984215,5
000676,NEG,0,G38,0.054408930242061615,3
000677,NEG,0,G38,0.05141860619187355,8
000678,NEG,0,G38,0.3760608434677124,5
000679,NEG,0,G38,0.0040173958986997604,7
000680,NEG,0,G38,0.00249479035846889,2
000681,NEG,0,G38,0.04653840512037277,3
000682,NEG,0,G38,0.001835668459534645,3
000683,NEG,0,G38,0.008061479777097702,6
000684,NEG,0,G38,0.0041389474645257,3
000685,NEG,0,G38,0.001671293517574668,2
000686,NEG,0,G38,0.005213241092860699,4
000687,NEG,0,G38,0.0021013172809034586,4
000688,NEG,0,G38,0.0017093028873205185,1
000689,NEG,0,G38,0.0,0
000690,NEG,0,G38,0.0022566434927284718,4
000691,NEG,0,G38,0.00305949617177248,4
000692,NEG,0,G38,0.0041968380101025105,9
000693,NEG,0,G38,0.015643004328012466,7
000694,NEG,0,G38,0.001527890912257135,3
000695,NEG,0,G38,0.0011520045809447765,1
000696,NEG,0,G38,0.003925328608602285,10
000697,NEG,0,G38,0.0015292015159502625,4
000698,NEG,0,G38,0.0023783568758517504,7
000699,NEG,0,G38,0.0017930979374796152,1
000700,NEG,0,G38,0.002058918122202158,2
000701,NEG,0,G38,0.002423124620690942,2
000702,NEG,0,G38,0.0021964421030133963,2
000703,NEG,0,G38,0.001103077083826065,1
000704,NEG,0,G38,0.0,0
000705,NEG,0,G38,0.002837231382727623,3
000706,NEG,0,G38,0.010798117145895958,2
000707,NEG,0,G38,0.0021708006970584393,3
000708,NEG,0,G38,0.0012528731022030115,2
000709,NEG,0,G38,0.01450073067098856,3
000710,NEG,0,G38,0.001554352231323719,1
000711,NEG,0,G38,0.0015532219549641013,2
000712,NEG,0,G38,0.0014929708559066057,2
000713,NEG,0,G38,0.0,0
000714,NEG,0,G38,0.0,0
000715,NEG,0,G38,0.0,0
000716,NEG,0,G38,0.0,0
000717,NEG,0,G38,0.0016260280972346663,2
000718,NEG,0,G38,0.0,0
000719,NEG,0,G38,0.0,0
000720,NEG,0,G38,0.0,0
000721,NEG,0,G38,0.0,0
000722,NEG,0,G38,0.0,0
000723,NEG,0,G38,0.0,0
000724,NEG,0,G38,0.0,0
000725,NEG,0,G38,0.0,0
000726,NEG,0,G38,0.0,0
000727,NEG,0,G38,0.0,0
000728,NEG,0,G38,0.0,0
000729,NEG,0,G38,0.0,0
000730,NEG,0,G38,0.0,0
000731,NEG,0,G38,0.0,0
000732,NEG,0,G38,0.0,0
000733,NEG,0,G38,0.0,0
000734,NEG,0,G38,0.0,0
000735,NEG,0,G38,0.0,0
000736,NEG,0,G38,0.0,0
000737,NEG,0,G38,0.0,0
000738,NEG,0,G38,0.0,0
000739,NEG,0,G38,0.0,0
000740,NEG,0,G38,0.0,0
000741,NEG,0,G38,0.0,0
000742,NEG,0,G38,0.0,0
000743,NEG,0,G38,0.0,0
000744,NEG,0,G38,0.002116098068654537,1
000745,NEG,0,G38,0.0,0
000746,NEG,0,G38,0.0,0
000747,NEG,0,G38,0.0,0
000748,NEG,0,G38,0.0,0
000749,NEG,0,G38,0.0,0
000750,NEG,0,G38,0.0,0
000751,NEG,0,G38,0.0010360481683164835,2
000752,NEG,0,G38,0.0,0
000753,NEG,0,G38,0.0,0
000754,NEG,0,G38,0.0,0
000755,NEG,0,G38,0.0,0
000756,NEG,0,G38,0.0,0
000757,NEG,0,G38,0.0,0
000758,NEG,0,G38,0.0,0
000759,NEG,0,G38,0.0,0
000760,NEG,0,G38,0.0,0
000761,NEG,0,G38,0.0,0
000762,NEG,0,G38,0.0,0
000763,NEG,0,G38,0.0,0
000764,NEG,0,G38,0.0013608982553705573,1
000765,NEG,0,G38,0.0012486878549680114,1
000766,NEG,0,G38,0.0,0
000767,NEG,0,G38,0.0,0
000768,NEG,0,G38,0.0016835058340802789,3
000769,NEG,0,G38,0.010546919889748096,4
000770,NEG,0,G38,0.01742120087146759,4
000771,NEG,0,G38,0.029541708528995514,4
000772,NEG,0,G38,0.004391227383166552,6
000773,NEG,0,G38,0.027659153565764427,3
000774,NEG,0,G38,0.013730988837778568,6
000775,NEG,0,G38,0.005607427563518286,6
000776,NEG,0,G38,0.004097720142453909,2
000777,NEG,0,G38,0.0022913238499313593,3
000778,NEG,0,G38,0.0015015326207503676,5
000779,NEG,0,G38,0.0037584584206342697,3
000780,NEG,0,G38,0.002194926142692566,1
000781,NEG,0,G38,0.0012427381007000804,1
000782,NEG,0,G38,0.0048240250907838345,3
000783,NEG,0,G38,0.056646205484867096,6
000784,NEG,0,G38,0.005182126071304083,3
000785,NEG,0,G38,0.0,0
000786,NEG,0,G38,0.0,0
000787,NEG,0,G38,0.0,0
000788,NEG,0,G38,0.0,0
000789,NEG,0,G38,0.0012958148727193475,1
000790,NEG,0,G38,0.0,0
000791,NEG,0,G38,0.0019227061420679092,1
000792,NEG,0,G38,0.007171321660280228,3
000793,NEG,0,G38,0.0,0
000794,NEG,0,G38,0.0,0
000795,NEG,0,G38,0.016522759571671486,2
000796,NEG,0,G38,0.010094031691551208,2
000797,NEG,0,G38,0.0019832237157970667,2
000798,NEG,0,G38,0.017873281612992287,2
000799,NEG,0,G38,0.011637330986559391,1
000800,NEG,0,G38,0.08670838177204132,2
000801,NEG,0,G38,0.0019643744453787804,1
000802,NEG,0,G38,0.0,0
000803,NEG,0,G38,0.0,0
000804,NEG,0,G38,0.0,0
000805,NEG,0,G38,0.0,0
000806,NEG,0,G38,0.0,0
000807,NEG,0,G38,0.0,0
000808,NEG,0,G38,0.0,0
000809,NEG,0,G38,0.0,0
000810,NEG,0,G38,0.0,0
000811,NEG,0,G38,0.0,0
000812,NEG,0,G38,0.0,0
000813,NEG,0,G38,0.0,0
000814,NEG,0,G38,0.0,0
000815,NEG,0,G38,0.0,0
000816,NEG,0,G38,0.0,0
000817,NEG,0,G38,0.0,0
000818,NEG,0,G38,0.0,0
000819,NEG,0,G38,0.0,0
000820,NEG,0,G38,0.0,0
000821,NEG,0,G38,0.0,0
000822,NEG,0,G38,0.0,0
000823,NEG,0,G38,0.0,0
000824,NEG,0,G38,0.0,0
000825,NEG,0,G38,0.0,0
000826,NEG,0,G38,0.0,0
000827,NEG,0,G38,0.0,0
000828,NEG,0,G38,0.0,0
000829,NEG,0,G38,0.0,0
000830,NEG,0,G38,0.0,0
000831,NEG,0,G38,0.0,0
000832,NEG,0,G38,0.0,0
000833,NEG,0,G38,0.0,0
000834,NEG,0,G38,0.0,0
000835,NEG,0,G38,0.0,0
000836,NEG,0,G38,0.0,0
000837,NEG,0,G38,0.0,0
000838,NEG,0,G38,0.0,0
000839,NEG,0,G38,0.0024866799358278513,1
000840,NEG,0,G38,0.0030059427954256535,1
000841,NEG,0,G38,0.0,0
000842,NEG,0,G38,0.0,0
000843,NEG,0,G38,0.0012894351966679096,1
000844,NEG,0,G38,0.013457066379487514,2
000845,NEG,0,G38,0.0016990660224109888,1
000846,NEG,0,G38,0.005044417921453714,2
000847,NEG,0,G38,0.01566869206726551,3
000848,NEG,0,G38,0.006083605345338583,2
000849,NEG,0,G38,0.0071312133222818375,2
000850,NEG,0,G38,0.0031211641617119312,2
000851,NEG,0,G38,0.0,0
000852,NEG,0,G38,0.002655496820807457,1
000853,NEG,0,G38,0.034275855869054794,3
000854,NEG,0,G38,0.0036104186438024044,2
000855,NEG,0,G38,0.0,0
000856,NEG,0,G38,0.0037605625111609697,2
000857,NEG,0,G38,0.0,0
000858,NEG,0,G38,0.0,0
000859,NEG,0,G38,0.001408180221915245,1
000860,NEG,0,G38,0.0025814762338995934,1
000861,NEG,0,G38,0.0,0
000862,NEG,0,G38,0.0031086166854947805,1
000863,NEG,0,G38,0.0017389861168339849,1
000864,NEG,0,G38,0.0016899164766073227,1
000865,NEG,0,G38,0.0,0
000866,NEG,0,G38,0.0,0
000867,NEG,0,G38,0.0,0
000868,NEG,0,G38,0.0,0
000869,NEG,0,G38,0.0,0
000870,NEG,0,G38,0.0,0
000871,NEG,0,G38,0.0,0
000872,NEG,0,G38,0.0,0
000873,NEG,0,G38,0.0,0
000874,NEG,0,G38,0.0,0
000875,NEG,0,G38,0.0,0
000876,NEG,0,G38,0.0,0
000877,NEG,0,G38,0.0,0
000878,NEG,0,G38,0.0,0
000879,NEG,0,G38,0.0,0
000880,NEG,0,G38,0.0,0
000881,NEG,0,G38,0.0,0
000882,NEG,0,G38,0.0,0
000883,NEG,0,G38,0.0,0
000884,NEG,0,G38,0.0,0
000885,NEG,0,G38,0.0,0
000886,NEG,0,G38,0.0,0
000887,NEG,0,G38,0.0,0
000888,NEG,0,G38,0.0,0
000889,NEG,0,G38,0.0,0
000890,NEG,0,G38,0.0,0
000891,NEG,0,G38,0.0,0
000892,NEG,0,G38,0.0,0
000893,NEG,0,G38,0.0,0
000894,NEG,0,G38,0.0,0
000895,NEG,0,G38,0.0,0
000896,NEG,0,G38,0.0,0
000897,NEG,0,G38,0.0,0
000898,NEG,0,G38,0.0,0
000899,NEG,0,G38,0.0,0
000900,NEG,0,G38,0.0,0
000901,NEG,0,G38,0.0,0
000902,NEG,0,G38,0.0025121611542999744,1
000903,NEG,0,G38,0.0042177182622253895,2
000904,NEG,0,G38,0.0,0
000905,NEG,0,G38,0.0,0
000906,NEG,0,G38,0.0,0
000907,NEG,0,G38,0.0,0
000908,NEG,0,G38,0.0,0
000909,NEG,0,G38,0.0,0
000910,NEG,0,G38,0.0,0
000911,NEG,0,G38,0.0,0
000912,NEG,0,G38,0.0,0
000913,NEG,0,G38,0.0,0
000914,NEG,0,G38,0.0,0
000915,NEG,0,G38,0.0,0
000916,NEG,0,G38,0.0,0
000917,NEG,0,G38,0.0,0
000918,NEG,0,G38,0.0,0
000919,NEG,0,G38,0.0,0
000920,NEG,0,G38,0.0,0
000921,NEG,0,G38,0.0,0
000922,NEG,0,G38,0.0,0
000923,NEG,0,G38,0.0,0
000924,NEG,0,G38,0.0,0
000925,NEG,0,G38,0.0,0
000926,NEG,0,G38,0.0,0
000927,NEG,0,G38,0.0,0
000928,NEG,0,G38,0.0011930877808481455,1
000929,NEG,0,G38,0.0,0
000930,NEG,0,G38,0.005464397370815277,1
000931,NEG,0,G38,0.0,0
000932,NEG,0,G38,0.0,0
000933,NEG,0,G38,0.0,0
000934,NEG,0,G38,0.0,0
000935,NEG,0,G38,0.005425064358860254,1
000936,NEG,0,G38,0.0,0
000937,NEG,0,G38,0.0,0
000938,NEG,0,G38,0.0,0
000939,NEG,0,G38,0.0,0
000940,NEG,0,G38,0.0,0
000941,NEG,0,G38,0.0,0
000942,NEG,0,G38,0.0,0
000943,NEG,0,G38,0.0,0
000944,NEG,0,G38,0.0,0
000945,NEG,0,G38,0.0034330037888139486,1
000946,NEG,0,G38,0.0017918351804837584,1
000947,NEG,0,G38,0.0017285995418205857,1
000948,NEG,0,G38,0.0,0
000949,NEG,0,G38,0.0,0
000950,NEG,0,G38,0.0,0
000951,NEG,0,G38,0.0,0
000952,NEG,0,G38,0.0,0
000953,NEG,0,G38,0.0,0
000954,NEG,0,G38,0.0,0
000955,NEG,0,G38,0.0,0
000956,NEG,0,G38,0.0,0
000957,NEG,0,G38,0.0,0
000958,NEG,0,G38,0.0,0
000959,NEG,0,G38,0.0,0
000960,NEG,0,G38,0.0,0
000961,NEG,0,G38,0.0,0
000962,NEG,0,G38,0.0,0
000963,NEG,0,G38,0.0,0
000964,NEG,0,G38,0.0,0
000965,NEG,0,G38,0.0,0
000966,NEG,0,G38,0.0,0
000967,NEG,0,G38,0.0,0
000968,NEG,0,G38,0.0,0
000969,NEG,0,G38,0.0,0
000970,NEG,0,G38,0.0,0
000971,NEG,0,G38,0.0,0
000972,NEG,0,G38,0.0,0
000973,NEG,0,G38,0.0,0
000974,NEG,0,G38,0.0,0
000975,NEG,0,G38,0.0,0
000976,NEG,0,G38,0.0,0
000977,NEG,0,G38,0.0010659517720341682,1
000978,NEG,0,G38,0.0,0
000979,NEG,0,G38,0.004143755417317152,1
000980,NEG,0,G38,0.0,0
000981,NEG,0,G38,0.0,0
000982,NEG,0,G38,0.0,0
000983,NEG,0,G38,0.0,0
000984,NEG,0,G38,0.0,0
000985,NEG,0,G38,0.0,0
000986,NEG,0,G38,0.0011383785167708993,1
000987,NEG,0,G38,0.0,0
000988,NEG,0,G38,0.0,0
000989,NEG,0,G38,0.0,0
000990,NEG,0,G38,0.0015576266450807452,1
000991,NEG,0,G38,0.010906591080129147,4
000992,NEG,0,G38,0.0,0
000993,NEG,0,G38,0.0,0
000994,NEG,0,G38,0.0,0
000995,NEG,0,G38,0.0,0
000996,NEG,0,G38,0.0,0
000997,NEG,0,G38,0.0,0
000998,NEG,0,G38,0.0,0
000999,NEG,0,G38,0.0,0
001000,NEG,0,G38,0.0,0
001001,NEG,0,G38,0.0,0
001002,NEG,0,G38,0.0,0
001003,NEG,0,G38,0.0,0
001004,NEG,0,G38,0.0,0
001005,NEG,0,G38,0.0,0
001006,NEG,0,G38,0.0,0
001007,NEG,0,G38,0.0,0
001008,NEG,0,G38,0.0,0
001009,NEG,0,G38,0.0,0
001010,NEG,0,G38,0.0,0
001011,NEG,0,G38,0.0,0
001012,NEG,0,G38,0.0,0
001013,NEG,0,G38,0.0,0
001014,NEG,0,G38,0.0,0
001015,NEG,0,G38,0.0,0
001016,NEG,0,G38,0.0,0
001017,NEG,0,G38,0.0,0
001018,NEG,0,G38,0.0,0
001019,NEG,0,G38,0.0,0
001020,NEG,0,G38,0.0,0
001021,NEG,0,G38,0.0,0
001022,NEG,0,G38,0.0,0
001023,NEG,0,G38,0.0,0
001024,NEG,0,G38,0.0,0
001025,NEG,0,G38,0.0,0
001026,NEG,0,G38,0.0,0
001027,NEG,0,G38,0.00277295452542603,2
001028,NEG,0,G38,0.00173465465195477,3
001029,NEG,0,G38,0.0,0
001030,NEG,0,G38,0.0,0
001031,NEG,0,G38,0.0010081533109769225,1
001032,NEG,0,G38,0.00583504606038332,2
001033,NEG,0,G38,0.0017324951477348804,1
001034,NEG,0,G38,0.005170367192476988,2
001035,NEG,0,G38,0.0013252905337139964,1
001036,NEG,0,G38,0.006767522543668747,2
001037,NEG,0,G38,0.0011162204900756478,1
001038,NEG,0,G38,0.004717592149972916,3
001039,NEG,0,G38,0.0011197589337825775,3
001040,NEG,0,G38,0.0,0
001041,NEG,0,G38,0.0014991344651207328,3
001042,NEG,0,G38,0.0,0
001043,NEG,0,G38,0.0018534263363108039,2
001044,NEG,0,G38,0.0028813958633691072,3
001045,NEG,0,G38,0.0011464067501947284,1
001046,NEG,0,G38,0.0,0
001047,NEG,0,G38,0.0,0
001048,NEG,0,G38,0.0,0
001049,NEG,0,G38,0.0,0
001050,NEG,0,G38,0.0,0
001051,NEG,0,G38,0.001584955956786871,1
001052,NEG,0,G38,0.0,0
001053,NEG,0,G38,0.0,0
001054,NEG,0,G38,0.0,0
001055,NEG,0,G38,0.00431920075789094,3
001056,NEG,0,G38,0.0,0
001057,NEG,0,G38,0.0,0
001058,NEG,0,G38,0.001010341802611947,1
001059,NEG,0,G38,0.0,0
001060,NEG,0,G38,0.0,0
001061,NEG,0,G38,0.0,0
001062,NEG,0,G38,0.0025144731625914574,1
001063,NEG,0,G38,0.0,0
001064,NEG,0,G38,0.0,0
001065,NEG,0,G38,0.0,0
001066,NEG,0,G38,0.0015119008021429181,2
001067,NEG,0,G38,0.0017403705278411508,9
001068,NEG,0,G38,0.0,0
001069,NEG,0,G38,0.004088630899786949,2
001070,NEG,0,G38,0.0016647998709231615,4
001071,NEG,0,G38,0.0029052039608359337,2
001072,NEG,0,G38,0.0018256005132570863,1
001073,NEG,0,G38,0.004493123386055231,4
001074,NEG,0,G38,0.005111415404826403,5
001075,NEG,0,G38,0.0011330842971801758,2
001076,NEG,0,G38,0.0025421048048883677,2
001077,NEG,0,G38,0.029677510261535645,3
001078,NEG,0,G38,0.01939442940056324,7
001079,NEG,0,G38,0.06573104858398438,11
001080,NEG,0,G38,0.035031192004680634,7
001081,NEG,0,G38,0.17267835140228271,10
001082,NEG,0,G38,0.15576310455799103,12
001083,NEG,0,G38,0.07954693585634232,9
001084,NEG,0,G38,0.1711205691099167,10
001085,NEG,0,G38,0.05277200788259506,4
001086,NEG,0,G38,0.0262160487473011,5
001087,NEG,0,G38,0.0029473418835550547,5
001088,NEG,0,G38,0.011455520987510681,11
001089,NEG,0,G38,0.010924342088401318,13
001090,NEG,0,G38,0.005931119900196791,8
001091,NEG,0,G38,0.006525314878672361,13
001092,NEG,0,G38,0.004111053887754679,10
001093,NEG,0,G38,0.0057511841878294945,6
001094,NEG,0,G38,0.020028691738843918,7
001095,NEG,0,G38,0.0019645942375063896,6
001096,NEG,0,G38,0.003483419306576252,4
001097,NEG,0,G38,0.034730613231658936,6
001098,NEG,0,G38,0.003953281324356794,7
001099,NEG,0,G38,0.01575184427201748,6
001100,NEG,0,G38,0.035750892013311386,5
001101,NEG,0,G38,0.047066863626241684,7
001102,NEG,0,G38,0.00850851833820343,5
001103,NEG,0,G38,0.030424101278185844,4
001104,NEG,0,G38,0.006123625207692385,2
001105,NEG,0,G38,0.0327058844268322,5
001106,NEG,0,G38,0.002121172845363617,2
001107,NEG,0,G38,0.0012357974192127585,2
001108,NEG,0,G38,0.0014999990817159414,2
001109,NEG,0,G38,0.0025815204717218876,2
001110,NEG,0,G38,0.008574067614972591,3
001111,NEG,0,G38,0.0025219041854143143,2
001112,NEG,0,G38,0.0014259611489251256,3
001113,NEG,0,G38,0.0022640086244791746,3
001114,NEG,0,G38,0.001812412985600531,3
001115,NEG,0,G38,0.001211719587445259,1
001116,NEG,0,G38,0.0,0
001117,NEG,0,G38,0.0,0
001118,NEG,0,G38,0.0021754412446171045,2
001119,NEG,0,G38,0.0013974180910736322,1
001120,NEG,0,G38,0.0011280913604423404,1
001121,NEG,0,G38,0.0015201456844806671,1
001122,NEG,0,G38,0.0027142444159835577,1
001123,NEG,0,G38,0.0,0
001124,NEG,0,G38,0.0,0
001125,NEG,0,G38,0.0,0
001126,NEG,0,G38,0.0,0
001127,NEG,0,G38,0.0,0
001128,NEG,0,G38,0.0,0
001129,NEG,0,G38,0.0,0
001130,NEG,0,G38,0.0,0
001131,NEG,0,G38,0.0,0
001132,NEG,0,G38,0.0,0
001133,NEG,0,G38,0.0010113741736859083,1
001134,NEG,0,G38,0.001099898712709546,1
001135,NEG,0,G38,0.0,0
001136,NEG,0,G38,0.0,0
001137,NEG,0,G38,0.0,0
001138,NEG,0,G38,0.0,0
001139,NEG,0,G38,0.0,0
001140,NEG,0,G38,0.0,0
001141,NEG,0,G38,0.0,0
001142,NEG,0,G38,0.0,0
001143,NEG,0,G38,0.0,0
001144,NEG,0,G38,0.0,0
001145,NEG,0,G38,0.0011356977047398686,1
001146,NEG,0,G38,0.0,0
001147,NEG,0,G38,0.0,0
001148,NEG,0,G38,0.0,0
001149,NEG,0,G38,0.0,0
001150,NEG,0,G38,0.001144213369116187,1
001151,NEG,0,G38,0.0,0
001152,NEG,0,G38,0.0,0
001153,NEG,0,G38,0.0,0
001154,NEG,0,G38,0.0,0
001155,NEG,0,G38,0.001251180307008326,1
001156,NEG,0,G38,0.0,0
001157,NEG,0,G38,0.0,0
001158,NEG,0,G38,0.0,0
001159,NEG,0,G38,0.0,0
001160,NEG,0,G38,0.0,0
001161,NEG,0,G38,0.0,0
001162,NEG,0,G38,0.0,0
001163,NEG,0,G38,0.0,0
001164,NEG,0,G38,0.0,0
001165,NEG,0,G38,0.002700537908822298,1
001166,NEG,0,G38,0.0,0
001167,NEG,0,G38,0.0017002902459353209,1
001168,NEG,0,G38,0.0015865141758695245,3
001169,NEG,0,G38,0.0,0
001170,NEG,0,G38,0.0023374955635517836,3
001171,NEG,0,G38,0.001351243699900806,3
001172,NEG,0,G38,0.001575975795276463,1
001173,NEG,0,G38,0.0038105316925793886,1
001174,NEG,0,G38,0.003079375484958291,2
001175,NEG,0,G38,0.0022512024734169245,1
001176,NEG,0,G38,0.009571271948516369,1
001177,NEG,0,G38,0.0,0
001178,NEG,0,G38,0.0,0
001179,NEG,0,G38,0.0,0
001180,NEG,0,G38,0.0,0
001181,NEG,0,G38,0.0,0
001182,NEG,0,G38,0.0,0
001183,NEG,0,G38,0.0,0
001184,NEG,0,G38,0.0,0
001185,NEG,0,G38,0.0,0
001186,NEG,0,G38,0.0,0
001187,NEG,0,G38,0.00139692984521389,1
001188,NEG,0,G38,0.002577573526650667,1
001189,NEG,0,G38,0.0011615145485848188,1
001190,NEG,0,G38,0.0,0
001191,NEG,0,G38,0.001133242971263826,1
001192,NEG,0,G38,0.0013493860606104136,2
001193,NEG,0,G38,0.0,0
001194,NEG,0,G38,0.0,0
001195,NEG,0,G38,0.0012192135909572244,1
001196,NEG,0,G38,0.0011341349454596639,4
001197,NEG,0,G38,0.0036505938041955233,4
001198,NEG,0,G38,0.018179330974817276,3
001199,NEG,0,G38,0.003102904884144664,1
001200,NEG,0,G38,0.05623392015695572,8
001201,NEG,0,G38,0.004998696967959404,5
001202,NEG,0,G38,0.017519798129796982,5
001203,NEG,0,G38,0.02492784895002842,6
001204,NEG,0,G38,0.01159089244902134,4
001205,NEG,0,G38,0.03756299242377281,2
001206,NEG,0,G38,0.0015604582149535418,1
001207,NEG,0,G38,0.005567767657339573,1
001208,NEG,0,G38,0.0015742569230496883,1
001209,NEG,0,G38,0.001644825330004096,2
001210,NEG,0,G38,0.0025242562405765057,1
001211,NEG,0,G38,0.0017868918366730213,4
001212,NEG,0,G38,0.008102435618638992,3
001213,NEG,0,G38,0.0,0
001214,NEG,0,G38,0.002021080581471324,1
001215,NEG,0,G38,0.0011684312485158443,1
001216,NEG,0,G38,0.010300525464117527,2
001217,NEG,0,G38,0.11249883472919464,5
001218,NEG,0,G38,0.0032680253498256207,3
001219,NEG,0,G38,0.003178982064127922,2
001220,NEG,0,G38,0.0011962194694206119,2
001221,NEG,0,G38,0.0,0
001222,NEG,0,G38,0.001343648531474173,1
001223,NEG,0,G38,0.0,0
001224,NEG,0,G38,0.0018816216615960002,1
001225,NEG,0,G38,0.0015719562070444226,1
001226,NEG,0,G38,0.0,0
001227,NEG,0,G38,0.004172651097178459,1
001228,NEG,0,G38,0.0022843305487185717,1
001229,NEG,0,G38,0.0019032239215448499,1
001230,NEG,0,G38,0.0032965135760605335,1
001231,NEG,0,G38,0.0058214361779391766,1
001232,NEG,0,G38,0.0,0
001233,NEG,0,G38,0.0,0
001234,NEG,0,G38,0.0,0
001235,NEG,0,G38,0.0,0
001236,NEG,0,G38,0.0,0
001237,NEG,0,G38,0.0,0
001238,NEG,0,G38,0.0015030030626803637,1
001239,NEG,0,G38,0.0,0
001240,NEG,0,G38,0.0,0
001241,NEG,0,G38,0.0,0
001242,NEG,0,G38,0.0,0
001243,NEG,0,G38,0.0,0
001244,NEG,0,G38,0.0,0
001245,NEG,0,G38,0.0010855295695364475,1
001246,NEG,0,G38,0.001917053945362568,2
001247,NEG,0,G38,0.0025770259089767933,5
001248,NEG,0,G38,0.0,0
001249,NEG,0,G38,0.0010586123680695891,1
001250,NEG,0,G38,0.0,0
001251,NEG,0,G38,0.0,0
001252,NEG,0,G38,0.0,0
001253,NEG,0,G38,0.0,0
001254,NEG,0,G38,0.0,0
001255,NEG,0,G38,0.0,0
001256,NEG,0,G38,0.0,0
001257,NEG,0,G38,0.0,0
001258,NEG,0,G38,0.0,0
001259,NEG,0,G38,0.0,0
001260,NEG,0,G38,0.0,0
001261,NEG,0,G38,0.0,0
001262,NEG,0,G38,0.0,0
001263,NEG,0,G38,0.0,0
001264,NEG,0,G38,0.0,0
001265,NEG,0,G38,0.0022760340943932533,1
001266,NEG,0,G38,0.0011770760174840689,1
001267,NEG,0,G38,0.0014238253934308887,1
001268,NEG,0,G38,0.0,0
001269,NEG,0,G38,0.0,0
001270,NEG,0,G38,0.0,0
001271,NEG,0,G38,0.0,0
001272,NEG,0,G38,0.0017178801354020834,1
001273,NEG,0,G38,0.0022343334276229143,2
001274,NEG,0,G38,0.0030651940032839775,3
001275,NEG,0,G38,0.002622618107125163,1
001276,NEG,0,G38,0.0,0
001277,NEG,0,G38,0.0010905915405601263,1
001278,NEG,0,G38,0.00133891508448869,1
001279,NEG,0,G38,0.004524596501141787,2
001280,NEG,0,G38,0.0015886101173236966,1
001281,NEG,0,G38,0.008454716764390469,1
001282,NEG,0,G38,0.00784140732139349,2
001283,NEG,0,G38,0.002937875222414732,2
001284,NEG,0,G38,0.00700587872415781,4
001285,NEG,0,G38,0.0014697893057018518,2
001286,NEG,0,G38,0.0020176798570901155,2
001287,NEG,0,G38,0.0,0
001288,NEG,0,G38,0.0012079455191269517,1
001289,NEG,0,G38,0.001867756131105125,1
001290,NEG,0,G38,0.0029961143154650927,1
001291,NEG,0,G38,0.0021047655027359724,3
001292,NEG,0,G38,0.002828938653692603,1
001293,NEG,0,G38,0.0011797593906521797,1
001294,NEG,0,G38,0.003423811635002494,2
001295,NEG,0,G38,0.0,0
001296,NEG,0,G38,0.0,0
001297,NEG,0,G38,0.004942035768181086,2
001298,NEG,0,G38,0.0029593417420983315,1
001299,NEG,0,G38,0.006030649412423372,1
001300,NEG,0,G38,0.005006995052099228,3
001301,NEG,0,G38,0.0024127892684191465,1
001302,NEG,0,G38,0.0,0
001303,NEG,0,G38,0.016367105767130852,2
001304,NEG,0,G38,0.0,0
001305,NEG,0,G38,0.001055226195603609,2
001306,NEG,0,G38,0.0,0
001307,NEG,0,G38,0.0012851922074332833,1
001308,NEG,0,G38,0.0012116780271753669,2
001309,NEG,0,G38,0.0012777664232999086,2
001310,NEG,0,G38,0.0014236003626137972,1
001311,NEG,0,G38,0.0,0
001312,NEG,0,G38,0.0,0
001313,NEG,0,G38,0.0,0
001314,NEG,0,G38,0.0,0
001315,NEG,0,G38,0.0,0
001316,NEG,0,G38,0.001644171541556716,1
001317,NEG,0,G38,0.0,0
001318,NEG,0,G38,0.0,0
001319,NEG,0,G38,0.0,0
001320,NEG,0,G38,0.0,0
001321,NEG,0,G38,0.0,0
001322,NEG,0,G38,0.0,0
001323,NEG,0,G38,0.0010931205470114946,1
001324,NEG,0,G38,0.0,0
001325,NEG,0,G38,0.010687831789255142,3
001326,NEG,0,G38,0.0026837410405278206,1
001327,NEG,0,G38,0.0,0
001328,NEG,0,G38,0.0011545796878635883,1
001329,NEG,0,G38,0.0,0
001330,NEG,0,G38,0.0,0
001331,NEG,0,G38,0.0,0
001332,NEG,0,G38,0.0,0
001333,NEG,0,G38,0.0028128374833613634,1
001334,NEG,0,G38,0.017453283071517944,1
001335,NEG,0,G38,0.0011458031367510557,1
001336,NEG,0,G38,0.0,0
001337,NEG,0,G38,0.0,0
001338,NEG,0,G38,0.0,0
001339,NEG,0,G38,0.0,0
001340,NEG,0,G38,0.0,0
001341,NEG,0,G38,0.0,0
001342,NEG,0,G38,0.0,0
001343,NEG,0,G38,0.0,0
001344,NEG,0,G38,0.0,0
001345,NEG,0,G38,0.0,0
001346,NEG,0,G38,0.0,0
001347,NEG,0,G38,0.0,0
001348,NEG,0,G38,0.0,0
001349,NEG,0,G38,0.0,0
001350,NEG,0,G38,0.0,0
001351,NEG,0,G38,0.0027468055486679077,1
001352,NEG,0,G38,0.0,0
001353,NEG,0,G38,0.0,0
001354,NEG,0,G38,0.001101954374462366,1
001355,NEG,0,G38,0.0,0
001356,NEG,0,G38,0.0,0
001357,NEG,0,G38,0.0013093649176880717,1
001358,NEG,0,G38,0.001090490142814815,1
001359,NEG,0,G38,0.0,0
001360,NEG,0,G38,0.0020918743684887886,4
001361,NEG,0,G38,0.0016150468727573752,2
001362,NEG,0,G38,0.0,0
001363,NEG,0,G38,0.0,0
001364,NEG,0,G38,0.004108245484530926,1
001365,NEG,0,G38,0.0024339514784514904,4
001366,NEG,0,G38,0.0015260428190231323,4
001367,NEG,0,G38,0.0016293282387778163,1
001368,NEG,0,G38,0.0,0
001369,NEG,0,G38,0.0,0
001370,NEG,0,G38,0.0,0
001371,NEG,0,G38,0.0,0
001372,NEG,0,G38,0.0,0
001373,NEG,0,G38,0.0,0
001374,NEG,0,G38,0.0,0
001375,NEG,0,G38,0.0,0
001376,NEG,0,G38,0.0,0
001377,NEG,0,G38,0.0,0
001378,NEG,0,G38,0.0,0
001379,NEG,0,G38,0.0,0
001380,NEG,0,G38,0.0,0
001381,NEG,0,G38,0.0,0
001382,NEG,0,G38,0.0,0
001383,NEG,0,G38,0.0,0
001384,NEG,0,G38,0.0,0
001385,NEG,0,G38,0.0,0
001386,NEG,0,G38,0.0,0
001387,NEG,0,G38,0.0,0
001388,NEG,0,G38,0.0011265298817306757,3
001389,NEG,0,G38,0.0010027565294876695,1
001390,NEG,0,G38,0.007921244949102402,4
001391,NEG,0,G38,0.0017064760904759169,1
001392,NEG,0,G38,0.0,0
001393,NEG,0,G38,0.0,0
001394,NEG,0,G38,0.0,0
001395,NEG,0,G38,0.01779686100780964,6
001396,NEG,0,G38,0.002647561486810446,3
001397,NEG,0,G38,0.001079080393537879,1
001398,NEG,0,G38,0.0,0
001399,NEG,0,G38,0.0017350914422422647,1
001400,NEG,0,G38,0.0,0
001401,NEG,0,G38,0.0015834936639294028,3
001402,NEG,0,G38,0.0,0
001403,NEG,0,G38,0.0019324576715007424,4
001404,NEG,0,G38,0.0,0
001405,NEG,0,G38,0.0,0
001406,NEG,0,G38,0.0,0
001407,NEG,0,G38,0.0,0
001408,NEG,0,G38,0.0014807266416028142,1
001409,NEG,0,G38,0.0,0
001410,NEG,0,G38,0.0,0
001411,NEG,0,G38,0.0,0
001412,NEG,0,G38,0.0,0
001413,NEG,0,G38,0.005467813927680254,3
001414,NEG,0,G38,0.02504590153694153,4
001415,NEG,0,G38,0.01448457594960928,4
001416,NEG,0,G38,0.0924602597951889,5
001417,NEG,0,G38,0.013714183121919632,3
001418,NEG,0,G38,0.04206839203834534,7
001419,NEG,0,G38,0.20518730580806732,5
001420,NEG,0,G38,0.22827963531017303,6
001421,NEG,0,G38,0.11275284737348557,4
001422,NEG,0,G38,0.33754125237464905,2
001423,NEG,0,G38,0.5947641134262085,5
001424,NEG,0,G38,0.039924297481775284,1
001425,NEG,0,G38,0.18807686865329742,4
001426,NEG,0,G38,0.3847125470638275,5
001427,NEG,0,G38,0.6698819398880005,5
001428,NEG,0,G38,0.22345004975795746,3
001429,NEG,0,G38,0.22357548773288727,3
001430,NEG,0,G38,0.07117164134979248,5
001431,NEG,0,G38,0.2703396677970886,4
001432,NEG,0,G38,0.3826236426830292,3
001433,NEG,0,G38,0.18475285172462463,4
001434,NEG,0,G38,0.31023216247558594,4
001435,NEG,0,G38,0.053531713783741,3
001436,NEG,0,G38,0.23400898277759552,3
001437,NEG,0,G38,0.02135549858212471,2
001438,NEG,0,G38,0.06529951095581055,4
001439,NEG,0,G38,0.008749299682676792,2
001440,NEG,0,G38,0.16809767484664917,5
001441,NEG,0,G38,0.14089979231357574,4
001442,NEG,0,G38,0.3063186705112457,4
001443,NEG,0,G38,0.5817736983299255,7
001444,NEG,0,G38,0.5563174486160278,3
001445,NEG,0,G38,0.05255020037293434,8
001446,NEG,0,G38,0.12075922638177872,2
001447,NEG,0,G38,0.07028838992118835,3
001448,NEG,0,G38,0.11480828374624252,3
001449,NEG,0,G38,0.23666970431804657,5
001450,NEG,0,G38,0.023035846650600433,2
001451,NEG,0,G38,0.32169947028160095,3
001452,NEG,0,G38,0.008548112586140633,3
001453,NEG,0,G38,0.0,0
001454,NEG,0,G38,0.06260236352682114,5
001455,NEG,0,G38,0.002293381607159972,2
001456,NEG,0,G38,0.004181441850960255,2
001457,NEG,0,G38,0.01960134506225586,3
001458,NEG,0,G38,0.0,0
001459,NEG,0,G38,0.0,0
001460,NEG,0,G38,0.0016786210471764207,1
001461,NEG,0,G38,0.0,0
001462,NEG,0,G38,0.0,0
001463,NEG,0,G38,0.0011700608301907778,1
001464,NEG,0,G38,0.0,0
001465,NEG,0,G38,0.001314515364356339,1
001466,NEG,0,G38,0.0014005070552229881,1
001467,NEG,0,G38,0.004636371973901987,3
001468,NEG,0,G38,0.0025593293830752373,1
001469,NEG,0,G38,0.006022091954946518,2
001470,NEG,0,G38,0.0017377621261402965,3
001471,NEG,0,G38,0.0012368372408673167,1
001472,NEG,0,G38,0.020843420177698135,3
001473,NEG,0,G38,0.0064982883632183075,3
001474,NEG,0,G38,0.003318906994536519,3
001475,NEG,0,G38,0.0014581395080313087,2
001476,NEG,0,G38,0.0,0
001477,NEG,0,G38,0.0,0
001478,NEG,0,G38,0.0,0
001479,NEG,0,G38,0.0017340180929750204,1
001480,NEG,0,G38,0.0010526872938498855,1
001481,NEG,0,G38,0.001285563805140555,1
001482,NEG,0,G38,0.014894465915858746,6
001483,NEG,0,G38,0.0,0
001484,NEG,0,G38,0.0015150626422837377,1
001485,NEG,0,G38,0.0,0
001486,NEG,0,G38,0.0,0
001487,NEG,0,G38,0.0,0
001488,NEG,0,G38,0.0019129652064293623,2
001489,NEG,0,G38,0.001139652798883617,1
001490,NEG,0,G38,0.0,0
001491,NEG,0,G38,0.0,0
001492,NEG,0,G38,0.0,0
001493,NEG,0,G38,0.0,0
001494,NEG,0,G38,0.0026612530928105116,4
001495,NEG,0,G38,0.00223150453530252,1
001496,NEG,0,G38,0.0014331028796732426,2
001497,NEG,0,G38,0.009795580059289932,3
001498,NEG,0,G38,0.004395893309265375,1
001499,NEG,0,G38,0.0014471117174252868,1
001500,NEG,0,G38,0.002383073791861534,3
001501,NEG,0,G38,0.01902032271027565,10
001502,NEG,0,G38,0.004249612335115671,4
001503,NEG,0,G38,0.0064535727724432945,4
001504,NEG,0,G38,0.02044190838932991,4
001505,NEG,0,G38,0.013326791115105152,3
001506,NEG,0,G38,0.02049143612384796,6
001507,NEG,0,G38,0.03156372904777527,7
001508,NEG,0,G38,0.006356166675686836,5
001509,NEG,0,G38,0.005828485824167728,7
001510,NEG,0,G38,0.021043887361884117,5
001511,NEG,0,G38,0.004391964990645647,7
001512,NEG,0,G38,0.003187856636941433,5
001513,NEG,0,G38,0.004347427748143673,8
001514,NEG,0,G38,0.01772608421742916,6
001515,NEG,0,G38,0.017995106056332588,6
001516,NEG,0,G38,0.00727803772315383,4
001517,NEG,0,G38,0.0029628188349306583,2
001518,NEG,0,G38,0.0036430489271879196,4
001519,NEG,0,G38,0.012464511208236217,3
001520,NEG,0,G38,0.015339147299528122,2
001521,NEG,0,G38,0.02525212988257408,2
001522,NEG,0,G38,0.03366955742239952,2
001523,NEG,0,G38,0.018500324338674545,5
001524,NEG,0,G38,0.034397535026073456,3
001525,NEG,0,G38,0.023506399244070053,1
001526,NEG,0,G38,0.03146933764219284,5
001527,NEG,0,G38,0.010591414757072926,1
001528,NEG,0,G38,0.05905696377158165,8
001529,NEG,0,G38,0.014619633555412292,5
001530,NEG,0,G38,0.05032060295343399,3
001531,NEG,0,G38,0.016226984560489655,1
001532,NEG,0,G38,0.01855270378291607,2
001533,NEG,0,G38,0.021951798349618912,1
001534,NEG,0,G38,0.025996798649430275,2
001535,NEG,0,G38,0.015017984434962273,4
001536,NEG,0,G38,0.0048999665305018425,1
001537,NEG,0,G38,0.014690486714243889,3
001538,NEG,0,G38,0.002521144924685359,1
001539,NEG,0,G38,0.0026945830322802067,2
001540,NEG,0,G38,0.007144412025809288,6
001541,NEG,0,G38,0.003034714376553893,3
001542,NEG,0,G38,0.015713728964328766,6
001543,NEG,0,G38,0.028860412538051605,7
001544,NEG,0,G38,0.001714415499009192,1
001545,NEG,0,G38,0.001205798122100532,1
001546,NEG,0,G38,0.03859309107065201,5
001547,NEG,0,G38,0.006204540841281414,3
001548,NEG,0,G38,0.0017198233399540186,3
001549,NEG,0,G38,0.0011099136900156736,1
001550,NEG,0,G38,0.0,0
001551,NEG,0,G38,0.001369748031720519,1
001552,NEG,0,G38,0.00144092773552984,2
001553,NEG,0,G38,0.005798943340778351,5
001554,NEG,0,G38,0.0010656629456207156,2
001555,NEG,0,G38,0.001179807703010738,1
001556,NEG,0,G38,0.0,0
001557,NEG,0,G38,0.0016054841689765453,2
001558,NEG,0,G38,0.0013987228740006685,1
001559,NEG,0,G38,0.0,0
001560,NEG,0,G38,0.0016255667433142662,2
001561,NEG,0,G38,0.001365769887343049,3
001562,NEG,0,G38,0.005746117793023586,2
001563,NEG,0,G38,0.005229801870882511,8
001564,NEG,0,G38,0.008213754743337631,8
001565,NEG,0,G38,0.0018736037891358137,6
001566,NEG,0,G38,0.001916414243169129,10
001567,NEG,0,G38,0.0030841187108308077,11
001568,NEG,0,G38,0.006114317569881678,12
001569,NEG,0,G38,0.007059471681714058,14
001570,NEG,0,G38,0.005121152848005295,15
001571,NEG,0,G38,0.005807777401059866,13
001572,NEG,0,G38,0.005749812815338373,13
001573,NEG,0,G38,0.005288181826472282,11
001574,NEG,0,G38,0.003217466175556183,10
001575,NEG,0,G38,0.003248208900913596,11
001576,NEG,0,G38,0.004109433852136135,13
001577,NEG,0,G38,0.0022552094887942076,11
001578,NEG,0,G38,0.0022807884961366653,10
001579,NEG,0,G38,0.002421421930193901,8
001580,NEG,0,G38,0.0038786984514445066,10
001581,NEG,0,G38,0.006712527014315128,9
001582,NEG,0,G38,0.004347171634435654,12
001583,NEG,0,G38,0.003250136272981763,14
001584,NEG,0,G38,0.003168958704918623,14
001585,NEG,0,G38,0.002151941182091832,12
001586,NEG,0,G38,0.0024877910036593676,14
001587,NEG,0,G38,0.001634181011468172,3
001588,NEG,0,G38,0.0,0
001589,NEG,0,G38,0.0,0
001590,NEG,0,G38,0.0018061840673908591,1
001591,NEG,0,G38,0.0,0
001592,NEG,0,G38,0.001449620584025979,1
001593,NEG,0,G38,0.0010532205924391747,1
001594,NEG,0,G38,0.0,0
001595,NEG,0,G38,0.001308796345256269,1
001596,NEG,0,G38,0.0,0
001597,NEG,0,G38,0.0023587942123413086,1
001598,NEG,0,G38,0.007722076959908009,2
001599,NEG,0,G38,0.00868789479136467,1
001600,NEG,0,G38,0.0012544122291728854,2
001601,NEG,0,G38,0.006034588906913996,4
001602,NEG,0,G38,0.002162772696465254,2
001603,NEG,0,G38,0.010690479539334774,5
001604,NEG,0,G38,0.012919498607516289,5
001605,NEG,0,G38,0.00349660636857152,4
001606,NEG,0,G38,0.0014419620856642723,1
001607,NEG,0,G38,0.0014170848298817873,2
001608,NEG,0,G38,0.0015616592718288302,1
001609,NEG,0,G38,0.0012362741399556398,1
001610,NEG,0,G38,0.0,0
001611,NEG,0,G38,0.0,0
001612,NEG,0,G38,0.0,0
001613,NEG,0,G38,0.0,0
001614,NEG,0,G38,0.0,0
001615,NEG,0,G38,0.0,0
001616,NEG,0,G38,0.0,0
001617,NEG,0,G38,0.0,0
001618,NEG,0,G38,0.0,0
001619,NEG,0,G38,0.0,0
001620,NEG,0,G38,0.002183306496590376,3
001621,NEG,0,G38,0.007972524501383305,3
001622,NEG,0,G38,0.018524175509810448,5
001623,NEG,0,G38,0.02468699775636196,4
001624,NEG,0,G38,0.014653757214546204,6
001625,NEG,0,G38,0.018893828615546227,3
001626,NEG,0,G38,0.0270557664334774,4
001627,NEG,0,G38,0.04262114316225052,3
001628,NEG,0,G38,0.02552783489227295,4
001629,NEG,0,G38,0.026123207062482834,4
001630,NEG,0,G38,0.005853008944541216,3
001631,NEG,0,G38,0.01174414623528719,3
001632,NEG,0,G38,0.01070825569331646,4
001633,NEG,0,G38,0.006618495564907789,3
001634,NEG,0,G38,0.004542548209428787,5
001635,NEG,0,G38,0.007585880346596241,3
001636,NEG,0,G38,0.017028531059622765,3
001637,NEG,0,G38,0.02235393598675728,5
001638,NEG,0,G38,0.008743842132389545,5
001639,NEG,0,G38,0.01820194348692894,5
001640,NEG,0,G38,0.0012018152046948671,1
001641,NEG,0,G38,0.0,0
001642,NEG,0,G38,0.0018033415544778109,1
001643,NEG,0,G38,0.005328579805791378,2
001644,NEG,0,G38,0.01779315248131752,1
001645,NEG,0,G38,0.011962653137743473,2
001646,NEG,0,G38,0.005760838743299246,2
001647,NEG,0,G38,0.0019942522048950195,2
001648,NEG,0,G38,0.004876995459198952,1
001649,NEG,0,G38,0.0042426930740475655,1
001650,NEG,0,G38,0.0038171112537384033,1
001651,NEG,0,G38,0.03114232048392296,1
001652,NEG,0,G38,0.19485899806022644,1
001653,NEG,0,G38,0.01796679198741913,1
001654,NEG,0,G38,0.0,0
001655,NEG,0,G38,0.0,0
001656,NEG,0,G38,0.0,0
001657,NEG,0,G38,0.0,0
001658,NEG,0,G38,0.0,0
001659,NEG,0,G38,0.0,0
001660,NEG,0,G38,0.0,0
001661,NEG,0,G38,0.0,0
001662,NEG,0,G38,0.0,0
001663,NEG,0,G38,0.0,0
001664,NEG,0,G38,0.0,0
001665,NEG,0,G38,0.0,0
001666,NEG,0,G38,0.0,0
001667,NEG,0,G38,0.0,0
001668,NEG,0,G38,0.0,0
001669,NEG,0,G38,0.0,0
001670,NEG,0,G38,0.0010478406911715865,1
001671,NEG,0,G38,0.0,0
001672,NEG,0,G38,0.0,0
001673,NEG,0,G38,0.0034748390316963196,1
001674,NEG,0,G38,0.0017462490359321237,1
001675,NEG,0,G38,0.0017126853344962,2
001676,NEG,0,G38,0.0032195309177041054,5
001677,NEG,0,G38,0.0025423222687095404,2
001678,NEG,0,G38,0.0036384649574756622,4
001679,NEG,0,G38,0.0027238670736551285,3
001680,NEG,0,G38,0.001929127611219883,2
001681,NEG,0,G38,0.0022396775893867016,3
001682,NEG,0,G38,0.0013445434160530567,1
001683,NEG,0,G38,0.0014458243967965245,3
001684,NEG,0,G38,0.0125105120241642,14
001685,NEG,0,G38,0.004186851903796196,10
001686,NEG,0,G38,0.0159732885658741,8
001687,NEG,0,G38,0.008044674061238766,8
001688,NEG,0,G38,0.005495601799339056,12
001689,NEG,0,G38,0.010174454189836979,12
001690,NEG,0,G38,0.04556039348244667,8
001691,NEG,0,G38,0.030211610719561577,4
001692,NEG,0,G38,0.0034917101729661226,5
001693,NEG,0,G38,0.0044732484966516495,6
001694,NEG,0,G38,0.0015274835750460625,2
001695,NEG,0,G38,0.0015409677289426327,3
001696,NEG,0,G38,0.00272164773195982,3
001697,NEG,0,G38,0.0021106747444719076,2
001698,NEG,0,G38,0.0,0
001699,NEG,0,G38,0.007332576904445887,3
001700,NEG,0,G38,0.0011402696836739779,1
001701,NEG,0,G38,0.004867267329245806,8
001702,NEG,0,G38,0.013354036025702953,4
001703,NEG,0,G38,0.004318212624639273,2
001704,NEG,0,G38,0.001313671818934381,1
001705,NEG,0,G38,0.004274022299796343,3
001706,NEG,0,G38,0.0011121470015496016,1
001707,NEG,0,G38,0.0,0
001708,NEG,0,G38,0.0011880231322720647,1
001709,NEG,0,G38,0.025542939081788063,2
001710,NEG,0,G38,0.002109658671543002,1
001711,NEG,0,G38,0.0,0
001712,NEG,0,G38,0.0,0
001713,NEG,0,G38,0.0,0
001714,NEG,0,G38,0.001580535084940493,2
001715,NEG,0,G38,0.0016586328856647015,1
001716,NEG,0,G38,0.0035236491821706295,2
001717,NEG,0,G38,0.0015633599832654,2
001718,NEG,0,G38,0.00185936049092561,2
001719,NEG,0,G38,0.0172507856041193,2
001720,NEG,0,G38,0.0021428954787552357,3
001721,NEG,0,G38,0.002675932366400957,4
001722,NEG,0,G38,0.007234708871692419,2
001723,NEG,0,G38,0.001262348610907793,1
001724,NEG,0,G38,0.0056837936863303185,2
001725,NEG,0,G38,0.00922707375138998,6
001726,NEG,0,G38,0.012497030198574066,2
001727,NEG,0,G38,0.0,0
001728,NEG,0,G38,0.0,0
001729,NEG,0,G38,0.0,0
001730,NEG,0,G38,0.016696615144610405,3
001731,NEG,0,G38,0.0011765783419832587,1
001732,NEG,0,G38,0.0,0
001733,NEG,0,G38,0.0,0
001734,NEG,0,G38,0.002712368266656995,1
001735,NEG,0,G38,0.00117570161819458,1
001736,NEG,0,G38,0.01326047908514738,3
001737,NEG,0,G38,0.00227586948312819,1
001738,NEG,0,G38,0.0020344683434814215,1
001739,NEG,0,G38,0.0,0
001740,NEG,0,G38,0.0015737637877464294,2
001741,NEG,0,G38,0.0014235067646950483,1
001742,NEG,0,G38,0.0055762226693332195,3
001743,NEG,0,G38,0.0019293718505650759,3
001744,NEG,0,G38,0.004357770085334778,4
001745,NEG,0,G38,0.009853768162429333,3
001746,NEG,0,G38,0.005407386925071478,5
001747,NEG,0,G38,0.0,0
001748,NEG,0,G38,0.0014876597560942173,1
001749,NEG,0,G38,0.0,0
001750,NEG,0,G38,0.004344101529568434,2
001751,NEG,0,G38,0.0,0
001752,NEG,0,G38,0.0,0
001753,NEG,0,G38,0.0,0
001754,NEG,0,G38,0.005127490498125553,1
001755,NEG,0,G38,0.013812761753797531,1
001756,NEG,0,G38,0.028041433542966843,1
001757,NEG,0,G38,0.041565902531147,2
001758,NEG,0,G38,0.006378316320478916,1
001759,NEG,0,G38,0.041441962122917175,2
001760,NEG,0,G38,0.01166798546910286,2
001761,NEG,0,G38,0.006570213008671999,8
001762,NEG,0,G38,0.07563764601945877,1
001763,NEG,0,G38,0.022959116846323013,1
001764,NEG,0,G38,0.08070998638868332,1
001765,NEG,0,G38,0.047689203172922134,1
001766,NEG,0,G38,0.05017487332224846,1
001767,NEG,0,G38,0.01037635002285242,1
001768,NEG,0,G38,0.024874288588762283,2
001769,NEG,0,G38,0.022414153441786766,2
001770,NEG,0,G38,0.0018557232106104493,1
001771,NEG,0,G38,0.007363925687968731,3
001772,NEG,0,G38,0.010286951437592506,2
001773,NEG,0,G38,0.004457790870219469,3
001774,NEG,0,G38,0.004900540690869093,1
001775,NEG,0,G38,0.04328993707895279,2
001776,NEG,0,G38,0.038440097123384476,1
001777,NEG,0,G38,0.03498486056923866,1
001778,NEG,0,G38,0.04789470508694649,1
001779,NEG,0,G38,0.047129757702350616,1
001780,NEG,0,G38,0.10187328606843948,1
001781,NEG,0,G38,0.08322248607873917,1
001782,NEG,0,G38,0.05130104720592499,3
001783,NEG,0,G38,0.15672703087329865,1
001784,NEG,0,G38,0.3918446898460388,1
001785,NEG,0,G38,0.3758608400821686,1
001786,NEG,0,G38,0.504449725151062,2
001787,NEG,0,G38,0.491718590259552,1
001788,NEG,0,G38,0.3761230707168579,1
001789,NEG,0,G38,0.32886025309562683,1
001790,NEG,0,G38,0.27517595887184143,1
001791,NEG,0,G38,0.44915950298309326,2
001792,NEG,0,G38,0.49082478880882263,1
001793,NEG,0,G38,0.22315973043441772,2
001794,NEG,0,G38,0.2932455539703369,1
001795,NEG,0,G38,0.21025340259075165,1
001796,NEG,0,G38,0.04572002589702606,2
001797,NEG,0,G38,0.19089923799037933,2
001798,NEG,0,G38,0.17718766629695892,2
001799,NEG,0,G38,0.17001031339168549,5
001800,NEG,0,G38,0.03183095157146454,2
001801,NEG,0,G38,0.09448745101690292,2
001802,NEG,0,G38,0.2070256918668747,2
001803,NEG,0,G38,0.12515175342559814,1
001804,NEG,0,G38,0.008819499984383583,2
001805,NEG,0,G38,0.11529435962438583,5
001806,NEG,0,G38,0.04723391309380531,3
001807,NEG,0,G38,0.10509553551673889,4
001808,NEG,0,G38,0.10511921346187592,3
001809,NEG,0,G38,0.09364003688097,5
001810,NEG,0,G38,0.3436286151409149,3
001811,NEG,0,G38,0.006971677765250206,4
001812,NEG,0,G38,0.017809627577662468,3
001813,NEG,0,G38,0.24064421653747559,5
001814,NEG,0,G38,0.046602290123701096,3
001815,NEG,0,G38,0.02485532872378826,3
001816,NEG,0,G38,0.019263343885540962,3
001817,NEG,0,G38,0.011101353913545609,3
001818,NEG,0,G38,0.059080760926008224,2
001819,NEG,0,G38,0.2528277039527893,4
001820,NEG,0,G38,0.36488935351371765,3
001821,NEG,0,G38,0.14882296323776245,3
001822,NEG,0,G38,0.40831294655799866,2
001823,NEG,0,G38,0.37854745984077454,2
001824,NEG,0,G38,0.41440629959106445,2
001825,NEG,0,G38,0.3694979250431061,4
001826,NEG,0,G38,0.3643966615200043,2
001827,NEG,0,G38,0.06197639927268028,3
001828,NEG,0,G38,0.1497170329093933,2
001829,NEG,0,G38,0.06077389419078827,5
001830,NEG,0,G38,0.020485032349824905,6
001831,NEG,0,G38,0.048638034611940384,6
001832,NEG,0,G38,0.04080777242779732,4
001833,NEG,0,G38,0.019918465986847878,3
001834,NEG,0,G38,0.11592621356248856,2
001835,NEG,0,G38,0.17396004498004913,3
001836,NEG,0,G38,0.013288690708577633,6
001837,NEG,0,G38,0.01808442361652851,3
001838,NEG,0,G38,0.014867245219647884,4
001839,NEG,0,G38,0.14147347211837769,4
001840,NEG,0,G38,0.050283610820770264,4
001841,NEG,0,G38,0.02514057606458664,3
001842,NEG,0,G38,0.046850088983774185,5
001843,NEG,0,G38,0.02552722953259945,5
001844,NEG,0,G38,0.05010620132088661,5
001845,NEG,0,G38,0.04915284737944603,5
001846,NEG,0,G38,0.18680346012115479,5
001847,NEG,0,G38,0.13355906307697296,3
001848,NEG,0,G38,0.09590700268745422,5
001849,NEG,0,G38,0.2313939929008484,5
001850,NEG,0,G38,0.3095860481262207,3
001851,NEG,0,G38,0.02199719473719597,4
001852,NEG,0,G38,0.2976677715778351,3
001853,NEG,0,G38,0.3970029056072235,6
001854,NEG,0,G38,0.6489142775535583,3
001855,NEG,0,G38,0.03394830971956253,7
001856,NEG,0,G38,0.05804112181067467,3
001857,NEG,0,G38,0.7067323327064514,3
001858,NEG,0,G38,0.43617498874664307,5
001859,NEG,0,G38,0.49145281314849854,5
001860,NEG,0,G38,0.26843133568763733,4
001861,NEG,0,G38,0.4032602310180664,2
001862,NEG,0,G38,0.28866052627563477,1
001863,NEG,0,G38,0.48387444019317627,3
001864,NEG,0,G38,0.6140676736831665,3
001865,NEG,0,G38,0.7195420265197754,3
001866,NEG,0,G38,0.6449945569038391,1
001867,NEG,0,G38,0.5761829018592834,2
001868,NEG,0,G38,0.5519291758537292,5
001869,NEG,0,G38,0.05885346978902817,3
001870,NEG,0,G38,0.0013038618490099907,1
001871,NEG,0,G38,0.01832461915910244,2
001872,NEG,0,G38,0.032635658979415894,5
001873,NEG,0,G38,0.0036099778953939676,3
001874,NEG,0,G38,0.019883617758750916,3
001875,NEG,0,G38,0.0013923679944127798,1
001876,NEG,0,G38,0.0,0
001877,NEG,0,G38,0.006791675463318825,6
001878,NEG,0,G38,0.0037994447629898787,2
001879,NEG,0,G38,0.002484712516888976,3
001880,NEG,0,G38,0.003639355069026351,3
001881,NEG,0,G38,0.00580738065764308,5
001882,NEG,0,G38,0.01847144402563572,5
001883,NEG,0,G38,0.031199458986520767,5
001884,NEG,0,G38,0.007845429703593254,4
001885,NEG,0,G38,0.0015623100334778428,3
001886,NEG,0,G38,0.0013740203576162457,3
001887,NEG,0,G38,0.005347441416233778,1
001888,NEG,0,G38,0.09592404216527939,7
001889,NEG,0,G38,0.0017715414287522435,2
001890,NEG,0,G38,0.009600331075489521,2
001891,NEG,0,G38,0.009346025995910168,3
001892,NEG,0,G38,0.016603577882051468,4
001893,NEG,0,G38,0.14982888102531433,4
001894,NEG,0,G38,0.031730182468891144,4
001895,NEG,0,G38,0.048547253012657166,5
001896,NEG,0,G38,0.026893729344010353,5
001897,NEG,0,G38,0.07053189724683762,6
001898,NEG,0,G38,0.011918419040739536,2
001899,NEG,0,G38,0.0053394148126244545,3
001900,NEG,0,G38,0.10953134298324585,7
001901,NEG,0,G38,0.010914149694144726,8
001902,NEG,0,G38,0.02827436290681362,11
001903,NEG,0,G38,0.19213837385177612,5
001904,NEG,0,G38,0.04124889895319939,6
001905,NEG,0,G38,0.046324774622917175,7
001906,NEG,0,G38,0.054038286209106445,7
001907,NEG,0,G38,0.06128574162721634,6
001908,NEG,0,G38,0.03862567991018295,9
001909,NEG,0,G38,0.005955640692263842,13
001910,NEG,0,G38,0.017463726922869682,6
001911,NEG,0,G38,0.02610848657786846,10
001912,NEG,0,G38,0.007720923516899347,11
001913,NEG,0,G38,0.0062199304811656475,11
001914,NEG,0,G38,0.03663931041955948,7
001915,NEG,0,G38,0.025875139981508255,14
001916,NEG,0,G38,0.029375750571489334,10
001917,NEG,0,G38,0.013052841648459435,8
001918,NEG,0,G38,0.01576782949268818,9
001919,NEG,0,G38,0.029349537566304207,11
001920,NEG,0,G38,0.00975236389786005,4
001921,NEG,0,G38,0.012111722491681576,3
001922,NEG,0,G38,0.005552639253437519,5
001923,NEG,0,G38,0.017285849899053574,6
001924,NEG,0,G38,0.030933335423469543,10
001925,NEG,0,G38,0.05685216560959816,7
001926,NEG,0,G38,0.09590563923120499,9
001927,NEG,0,G38,0.022764671593904495,5
001928,NEG,0,G38,0.10850182920694351,2
001929,NEG,0,G38,0.015014239586889744,6
001930,NEG,0,G38,0.034059565514326096,7
001931,NEG,0,G38,0.003228797810152173,4
001932,NEG,0,G38,0.00546213099732995,6
001933,NEG,0,G38,0.0020940136164426804,2
001934,NEG,0,G38,0.0022537109907716513,1
001935,NEG,0,G38,0.009759592823684216,2
001936,NEG,0,G38,0.02082185633480549,2
001937,NEG,0,G38,0.01102715078741312,5
001938,NEG,0,G38,0.022171001881361008,2
001939,NEG,0,G38,0.013700427487492561,3
001940,NEG,0,G38,0.003082244424149394,2
001941,NEG,0,G38,0.0010551969753578305,1
001942,NEG,0,G38,0.01751377433538437,5
001943,NEG,0,G38,0.0011664028279483318,1
001944,NEG,0,G38,0.008526841178536415,9
001945,NEG,0,G38,0.0,0
001946,NEG,0,G38,0.004358971957117319,5
001947,NEG,0,G38,0.003489469178020954,6
001948,NEG,0,G38,0.014527404680848122,7
001949,NEG,0,G38,0.0030972016975283623,2
001950,NEG,0,G38,0.004415187053382397,4
001951,NEG,0,G38,0.0,0
001952,NEG,0,G38,0.006314496509730816,1
001953,NEG,0,G38,0.0087439501658082,2
001954,NEG,0,G38,0.006904632784426212,3
001955,NEG,0,G38,0.10596819967031479,3
001956,NEG,0,G38,0.017105156555771828,4
001957,NEG,0,G38,0.02672705240547657,1
001958,NEG,0,G38,0.0057099503464996815,1
001959,NEG,0,G38,0.008493290282785892,3
001960,NEG,0,G38,0.03148500993847847,6
001961,NEG,0,G38,0.009745649062097073,2
001962,NEG,0,G38,0.00819270871579647,4
001963,NEG,0,G38,0.03136596828699112,1
001964,NEG,0,G38,0.0018390503246337175,4
001965,NEG,0,G38,0.005544035695493221,7
001966,NEG,0,G38,0.14183363318443298,7
001967,NEG,0,G38,0.15593235194683075,9
001968,NEG,0,G38,0.07791212946176529,10
001969,NEG,0,G38,0.004785291850566864,6
001970,NEG,0,G38,0.0472525916993618,7
001971,NEG,0,G38,0.19330541789531708,7
001972,NEG,0,G38,0.08782355487346649,9
001973,NEG,0,G38,0.013238416984677315,12
001974,NEG,0,G38,0.04261954128742218,11
001975,NEG,0,G38,0.04934107884764671,8
001976,NEG,0,G38,0.005438096355646849,6
001977,NEG,0,G38,0.010336929932236671,8
001978,NEG,0,G38,0.0022037264425307512,2
001979,NEG,0,G38,0.0,0
001980,NEG,0,G38,0.002972773276269436,1
001981,NEG,0,G38,0.0026876197662204504,1
001982,NEG,0,G38,0.004833935759961605,4
001983,NEG,0,G38,0.011740229092538357,4
001984,NEG,0,G38,0.014436408877372742,1
001985,NEG,0,G38,0.07731883227825165,7
001986,NEG,0,G38,0.00820076372474432,3
001987,NEG,0,G38,0.015343469567596912,5
001988,NEG,0,G38,0.008610840886831284,3
001989,NEG,0,G38,0.04273432865738869,3
001990,NEG,0,G38,0.10528916120529175,3
001991,NEG,0,G38,0.00599053455516696,2
001992,NEG,0,G38,0.015074646100401878,5
001993,NEG,0,G38,0.018998857587575912,6
001994,NEG,0,G38,0.022289594635367393,5
001995,NEG,0,G38,0.0029520161915570498,10
001996,NEG,0,G38,0.04711316153407097,4
001997,NEG,0,G38,0.012765297666192055,6
001998,NEG,0,G38,0.1328148990869522,6
001999,NEG,0,G38,0.02556167170405388,2
002000,NEG,0,G38,0.03485691174864769,6
002001,NEG,0,G38,0.15383820235729218,9
002002,NEG,0,G38,0.14149536192417145,8
002003,NEG,0,G38,0.016536016017198563,11
002004,NEG,0,G38,0.01800675503909588,8
002005,NEG,0,G38,0.002934670075774193,10
002006,NEG,0,G38,0.009151682257652283,7
002007,NEG,0,G38,0.014448707923293114,5
002008,NEG,0,G38,0.009647396393120289,6
002009,NEG,0,G38,0.0036164787597954273,4
002010,NEG,0,G38,0.001897864625789225,1
002011,NEG,0,G38,0.020519182085990906,7
002012,NEG,0,G38,0.004972629714757204,6
002013,NEG,0,G38,0.0071846493519842625,7
002014,NEG,0,G38,0.001373128965497017,1
002015,NEG,0,G38,0.005130877252668142,4
002016,NEG,0,G38,0.010639755055308342,6
002017,NEG,0,G38,0.005729219876229763,3
002018,NEG,0,G38,0.0019462030613794923,2
002019,NEG,0,G38,0.013987043872475624,3
002020,NEG,0,G38,0.0013102793600410223,2
002021,NEG,0,G38,0.01508998777717352,13
002022,NEG,0,G38,0.026192372664809227,9
002023,NEG,0,G38,0.008553137071430683,8
002024,NEG,0,G38,0.026077041402459145,10
002025,NEG,0,G38,0.003662834642454982,6
002026,NEG,0,G38,0.005866759456694126,4
002027,NEG,0,G38,0.012769264169037342,6
002028,NEG,0,G38,0.02655143104493618,7
002029,NEG,0,G38,0.009983881376683712,3
002030,NEG,0,G38,0.009184611961245537,4
002031,NEG,0,G38,0.005987474694848061,5
002032,NEG,0,G38,0.002997757401317358,2
002033,NEG,0,G38,0.0,0
002034,NEG,0,G38,0.014968414790928364,4
002035,NEG,0,G38,0.035441070795059204,5
002036,NEG,0,G38,0.02477402426302433,4
002037,NEG,0,G38,0.022467732429504395,18
002038,NEG,0,G38,0.010910820215940475,13
002039,NEG,0,G38,0.021151693537831306,11
002040,NEG,0,G38,0.08248576521873474,13
002041,NEG,0,G38,0.07259777933359146,10
002042,NEG,0,G38,0.04806891083717346,8
002043,NEG,0,G38,0.026911405846476555,11
002044,NEG,0,G38,0.052639733999967575,6
002045,NEG,0,G38,0.008332420140504837,7
002046,NEG,0,G38,0.009991208091378212,3
002047,NEG,0,G38,0.08695346862077713,3
002048,NEG,0,G38,0.009058705531060696,6
002049,NEG,0,G38,0.05006060376763344,4
002050,NEG,0,G38,0.0057395645417273045,5
002051,NEG,0,G38,0.009633725509047508,2
002052,NEG,0,G38,0.009631519205868244,5
002053,NEG,0,G38,0.0284635778516531,8
002054,NEG,0,G38,0.009029977023601532,7
002055,NEG,0,G38,0.00477007869631052,8
002056,NEG,0,G38,0.004965846426784992,6
002057,NEG,0,G38,0.001545182429254055,5
002058,NEG,0,G38,0.004857187159359455,5
002059,NEG,0,G38,0.0050291079096496105,2
002060,NEG,0,G38,0.0014916891232132912,1
002061,NEG,0,G38,0.0029535284265875816,1
002062,NEG,0,G38,0.03631959483027458,3
002063,NEG,0,G38,0.0016916750464588404,3
002064,NEG,0,G38,0.001927369274199009,3
002065,NEG,0,G38,0.004482235759496689,6
002066,NEG,0,G38,0.005831976421177387,3
002067,NEG,0,G38,0.002730860374867916,2
002068,NEG,0,G38,0.002008595038205385,1
002069,NEG,0,G38,0.0014079381944611669,1
002070,NEG,0,G38,0.0030679639894515276,3
002071,NEG,0,G38,0.025159373879432678,4
002072,NEG,0,G38,0.002046604175120592,1
002073,NEG,0,G38,0.0028986474499106407,4
002074,NEG,0,G38,0.0,0
002075,NEG,0,G38,0.0032458307687193155,6
002076,NEG,0,G38,0.0,0
002077,NEG,0,G38,0.0012146153021603823,1
002078,NEG,0,G38,0.0011974889785051346,3
002079,NEG,0,G38,0.0026393835432827473,3
002080,NEG,0,G38,0.0041436925530433655,2
002081,NEG,0,G38,0.0010590218007564545,1
002082,NEG,0,G38,0.004086398519575596,3
002083,NEG,0,G38,0.0014147600159049034,1
002084,NEG,0,G38,0.004985206760466099,4
002085,NEG,0,G38,0.0021552385296672583,3
002086,NEG,0,G38,0.007643422111868858,1
002087,NEG,0,G38,0.0,0
002088,NEG,0,G38,0.0,0
002089,NEG,0,G38,0.0,0
002090,NEG,0,G38,0.0,0
002091,NEG,0,G38,0.0,0
002092,NEG,0,G38,0.0,0
002093,NEG,0,G38,0.0,0
002094,NEG,0,G38,0.0,0
002095,NEG,0,G38,0.0,0
002096,NEG,0,G38,0.0,0
002097,NEG,0,G38,0.0,0
002098,NEG,0,G38,0.0,0
002099,NEG,0,G38,0.0,0
002100,NEG,0,G38,0.0,0
002101,NEG,0,G38,0.0,0
002102,NEG,0,G38,0.0,0
002103,NEG,0,G38,0.0,0
002104,NEG,0,G38,0.0,0
002105,NEG,0,G38,0.0,0
002106,NEG,0,G38,0.0,0
002107,NEG,0,G38,0.0015789407771080732,1
002108,NEG,0,G38,0.002112432150170207,1
002109,NEG,0,G38,0.0,0
002110,NEG,0,G38,0.0065591298043727875,2
002111,NEG,0,G38,0.007637922186404467,8
002112,NEG,0,G38,0.03363095223903656,2
002113,NEG,0,G38,0.0,0
002114,NEG,0,G38,0.0041154250502586365,4
002115,NEG,0,G38,0.022504908964037895,2
002116,NEG,0,G38,0.0025179896038025618,3
002117,NEG,0,G38,0.0,0
002118,NEG,0,G38,0.0012260298244655132,1
002119,NEG,0,G38,0.0011327993124723434,1
002120,NEG,0,G38,0.0,0
002121,NEG,0,G38,0.019468041136860847,10
002122,NEG,0,G38,0.005861644167453051,2
002123,NEG,0,G38,0.09561867266893387,8
002124,NEG,0,G38,0.013946776278316975,6
002125,NEG,0,G38,0.0020891837775707245,4
002126,NEG,0,G38,0.004485847428441048,6
002127,NEG,0,G38,0.002690934808924794,1
002128,NEG,0,G38,0.028110826388001442,2
002129,NEG,0,G38,0.0,0
002130,NEG,0,G38,0.0030441845301538706,3
002131,NEG,0,G38,0.0013441656483337283,2
002132,NEG,0,G38,0.001273942762054503,1
002133,NEG,0,G38,0.0017348404508084059,3
002134,NEG,0,G38,0.0012433691881597042,1
002135,NEG,0,G38,0.0016746209003031254,1
002136,NEG,0,G38,0.0010300747817382216,1
002137,NEG,0,G38,0.0023198372218757868,4
002138,NEG,0,G38,0.005917269736528397,3
002139,NEG,0,G38,0.005751606542617083,1
002140,NEG,0,G38,0.0022296432871371508,2
002141,NEG,0,G38,0.002068327507004142,5
002142,NEG,0,G38,0.003036529989913106,3
002143,NEG,0,G38,0.0,0
002144,NEG,0,G38,0.0,0
002145,NEG,0,G38,0.0014490664470940828,3
002146,NEG,0,G38,0.0,0
002147,NEG,0,G38,0.0,0
002148,NEG,0,G38,0.0,0
002149,NEG,0,G38,0.0,0
002150,NEG,0,G38,0.005842350423336029,5
002151,NEG,0,G38,0.003318140283226967,5
002152,NEG,0,G38,0.007480379194021225,7
002153,NEG,0,G38,0.001373549341224134,2
002154,NEG,0,G38,0.002427071100100875,2
002155,NEG,0,G38,0.001110629178583622,2
002156,NEG,0,G38,0.0016738055273890495,3
002157,NEG,0,G38,0.00397100206464529,3
002158,NEG,0,G38,0.0029483202379196882,3
002159,NEG,0,G38,0.001236270647495985,2
002160,NEG,0,G38,0.00224643899127841,4
002161,NEG,0,G38,0.005339805036783218,8
002162,NEG,0,G38,0.05108625441789627,5
002163,NEG,0,G38,0.013213965110480785,10
002164,NEG,0,G38,0.006442320067435503,7
002165,NEG,0,G38,0.007303424179553986,7
002166,NEG,0,G38,0.0023023239336907864,2
002167,NEG,0,G38,0.01084390003234148,3
002168,NEG,0,G38,0.0,0
002169,NEG,0,G38,0.0,0
002170,NEG,0,G38,0.0018621605122461915,1
002171,NEG,0,G38,0.0,0
002172,NEG,0,G38,0.005004444625228643,4
002173,NEG,0,G38,0.0013434463180601597,3
002174,NEG,0,G38,0.0,0
002175,NEG,0,G38,0.007911698892712593,8
002176,NEG,0,G38,0.009392802603542805,6
002177,NEG,0,G38,0.001175871817395091,1
002178,NEG,0,G38,0.0012927977368235588,2
002179,NEG,0,G38,0.0062478757463395596,2
002180,NEG,0,G38,0.003391918260604143,3
002181,NEG,0,G38,0.001786216744221747,2
002182,NEG,0,G38,0.015860820189118385,4
002183,NEG,0,G38,0.0033205461222678423,4
002184,NEG,0,G38,0.0,0
002185,NEG,0,G38,0.030741417780518532,9
002186,NEG,0,G38,0.0015368558233603835,1
002187,NEG,0,G38,0.0014442095998674631,1
002188,NEG,0,G38,0.005693408660590649,2
002189,NEG,0,G38,0.0031123487278819084,1
002190,NEG,0,G38,0.004899052903056145,6
002191,NEG,0,G38,0.0047991531901061535,3
002192,NEG,0,G38,0.038091327995061874,10
002193,NEG,0,G38,0.011394406668841839,12
002194,NEG,0,G38,0.10207878798246384,5
002195,NEG,0,G38,0.08106804639101028,8
002196,NEG,0,G38,0.025098677724599838,6
002197,NEG,0,G38,0.018801014870405197,8
002198,NEG,0,G38,0.04543943330645561,7
002199,NEG,0,G38,0.03741351142525673,6
002200,NEG,0,G38,0.009465135633945465,7
002201,NEG,0,G38,0.004559698980301619,4
002202,NEG,0,G38,0.05110437422990799,8
002203,NEG,0,G38,0.028484893962740898,6
002204,NEG,0,G38,0.0018485630862414837,2
002205,NEG,0,G38,0.04514558985829353,4
002206,NEG,0,G38,0.004041722510010004,5
002207,NEG,0,G38,0.008784497156739235,8
002208,NEG,0,G38,0.006709136068820953,4
002209,NEG,0,G38,0.0050559500232338905,1
002210,NEG,0,G38,0.0019249016186222434,2
002211,NEG,0,G38,0.0013901183847337961,2
002212,NEG,0,G38,0.0,0
002213,NEG,0,G38,0.04121753200888634,3
002214,NEG,0,G38,0.01010179053992033,4
002215,NEG,0,G38,0.004124892875552177,2
002216,NEG,0,G38,0.009822098538279533,1
002217,NEG,0,G38,0.0010021767811849713,1
002218,NEG,0,G38,0.0015721971867606044,3
002219,NEG,0,G38,0.0010610613971948624,1
002220,NEG,0,G38,0.0014457962242886424,2
002221,NEG,0,G38,0.0,0
002222,NEG,0,G38,0.0021538976579904556,2
002223,NEG,0,G38,0.010921626351773739,1
002224,NEG,0,G38,0.0013200916582718492,2
002225,NEG,0,G38,0.0,0
002226,NEG,0,G38,0.0,0
002227,NEG,0,G38,0.0,0
002228,NEG,0,G38,0.0,0
002229,NEG,0,G38,0.0,0
002230,NEG,0,G38,0.0,0
002231,NEG,0,G38,0.0,0
002232,NEG,0,G38,0.0026698249857872725,10
002233,NEG,0,G38,0.0,0
002234,NEG,0,G38,0.0,0
002235,NEG,0,G38,0.0,0
002236,NEG,0,G38,0.0,0
002237,NEG,0,G38,0.002949824556708336,5
002238,NEG,0,G38,0.0027268528938293457,6
002239,NEG,0,G38,0.00682822847738862,1
002240,NEG,0,G38,0.00773679418489337,5
002241,NEG,0,G38,0.0035568601451814175,2
002242,NEG,0,G38,0.0048255776055157185,4
002243,NEG,0,G38,0.0015751910395920277,3
002244,NEG,0,G38,0.002183253411203623,2
002245,NEG,0,G38,0.14119766652584076,6
002246,NEG,0,G38,0.013727928511798382,6
002247,NEG,0,G38,0.00378589634783566,5
002248,NEG,0,G38,0.009184485301375389,6
002249,NEG,0,G38,0.01427363883703947,7
002250,NEG,0,G38,0.0017481435788795352,6
002251,NEG,0,G38,0.006835841573774815,3
002252,NEG,0,G38,0.0014309583930298686,1
002253,NEG,0,G38,0.0011752184946089983,1
002254,NEG,0,G38,0.0031045617070049047,6
002255,NEG,0,G38,0.004099884536117315,4
002256,NEG,0,G38,0.0,0
002257,NEG,0,G38,0.0,0
002258,NEG,0,G38,0.0,0
002259,NEG,0,G38,0.0,0
002260,NEG,0,G38,0.0,0
002261,NEG,0,G38,0.0,0
002262,NEG,0,G38,0.0,0
002263,NEG,0,G38,0.0,0
002264,NEG,0,G38,0.0,0
002265,NEG,0,G38,0.0,0
002266,NEG,0,G38,0.0,0
002267,NEG,0,G38,0.0,0
002268,NEG,0,G38,0.0,0
002269,NEG,0,G38,0.0,0
002270,NEG,0,G38,0.0,0
002271,NEG,0,G38,0.001123642548918724,1
002272,NEG,0,G38,0.0035106309223920107,2
002273,NEG,0,G38,0.0,0
002274,NEG,0,G38,0.0013464667135849595,1
002275,NEG,0,G38,0.0,0
002276,NEG,0,G38,0.0,0
002277,NEG,0,G38,0.0,0
002278,NEG,0,G38,0.0,0
002279,NEG,0,G38,0.0,0
002280,NEG,0,G38,0.0,0
002281,NEG,0,G38,0.0,0
002282,NEG,0,G38,0.0010476824827492237,1
002283,NEG,0,G38,0.0,0
002284,NEG,0,G38,0.0,0
002285,NEG,0,G38,0.0,0
002286,NEG,0,G38,0.0,0
002287,NEG,0,G38,0.0022196515928953886,3
002288,NEG,0,G38,0.0055148727260529995,4
002289,NEG,0,G38,0.0024925130419433117,2
002290,NEG,0,G38,0.010868883691728115,2
002291,NEG,0,G38,0.00405000988394022,1
002292,NEG,0,G38,0.006093465723097324,1
002293,NEG,0,G38,0.0,0
002294,NEG,0,G38,0.01205384824424982,1
002295,NEG,0,G38,0.050432879477739334,3
002296,NEG,0,G38,0.01870195008814335,2
002297,NEG,0,G38,0.02310645766556263,1
002298,NEG,0,G38,0.011965617537498474,5
002299,NEG,0,G38,0.021191338077187538,3
002300,NEG,0,G38,0.0,0
002301,NEG,0,G38,0.0,0
002302,NEG,0,G38,0.001874276320450008,2
002303,NEG,0,G38,0.010641580447554588,3
002304,NEG,0,G38,0.0,0
002305,NEG,0,G38,0.06832653284072876,2
002306,NEG,0,G38,0.03429053723812103,3
002307,NEG,0,G38,0.025267992168664932,2
002308,NEG,0,G38,0.01038467325270176,2
002309,NEG,0,G38,0.01102581899613142,3
002310,NEG,0,G38,0.3895423412322998,2
002311,NEG,0,G38,0.6136664748191833,1
002312,NEG,0,G38,0.39858224987983704,1
002313,NEG,0,G38,0.4241805374622345,1
002314,NEG,0,G38,0.5260258316993713,1
002315,NEG,0,G38,0.43430548906326294,1
002316,NEG,0,G38,0.26044437289237976,1
002317,NEG,0,G38,0.11377540975809097,1
002318,NEG,0,G38,0.03292332589626312,1
002319,NEG,0,G38,0.06968934088945389,1
002320,NEG,0,G38,0.0047606369480490685,1
002321,NEG,0,G38,0.2402692288160324,1
002322,NEG,0,G38,0.41867175698280334,1
002323,NEG,0,G38,0.5356516242027283,1
002324,NEG,0,G38,0.2617921531200409,1
002325,NEG,0,G38,0.2485799789428711,1
002326,NEG,0,G38,0.14767895638942719,1
002327,NEG,0,G38,0.13433369994163513,2
002328,NEG,0,G38,0.18453024327754974,2
002329,NEG,0,G38,0.02542685903608799,2
002330,NEG,0,G38,0.02477964572608471,3
002331,NEG,0,G38,0.05369839072227478,3
002332,NEG,0,G38,0.14961665868759155,3
002333,NEG,0,G38,0.021677963435649872,3
002334,NEG,0,G38,0.05760081112384796,1
002335,NEG,0,G38,0.02502213604748249,1
002336,NEG,0,G38,0.026150250807404518,2
002337,NEG,0,G38,0.08113208413124084,2
002338,NEG,0,G38,0.011724532581865788,3
002339,NEG,0,G38,0.004213728941977024,5
002340,NEG,0,G38,0.006456328090280294,4
002341,NEG,0,G38,0.0032636187970638275,6
002342,NEG,0,G38,0.0031413333490490913,1
002343,NEG,0,G38,0.0017774556763470173,1
002344,NEG,0,G38,0.0013316301628947258,1
002345,NEG,0,G38,0.0,0
002346,NEG,0,G38,0.0016512806760147214,1
002347,NEG,0,G38,0.0028484100475907326,3
002348,NEG,0,G38,0.0010443635983392596,1
002349,NEG,0,G38,0.002351909875869751,6
002350,NEG,0,G38,0.0,0
002351,NEG,0,G38,0.0,0
002352,NEG,0,G38,0.0,0
002353,NEG,0,G38,0.0,0
002354,NEG,0,G38,0.0014806116232648492,1
002355,NEG,0,G38,0.0,0
002356,NEG,0,G38,0.0,0
002357,NEG,0,G38,0.0,0
002358,NEG,0,G38,0.001996511360630393,4
002359,NEG,0,G38,0.006380830891430378,5
002360,NEG,0,G38,0.0010670566698536277,1
002361,NEG,0,G38,0.002110934816300869,2
002362,NEG,0,G38,0.02312372624874115,4
002363,NEG,0,G38,0.009294667281210423,3
002364,NEG,0,G38,0.04630520939826965,11
002365,NEG,0,G38,0.029215728864073753,7
002366,NEG,0,G38,0.017295312136411667,5
002367,NEG,0,G38,0.009275113232433796,5
002368,NEG,0,G38,0.020740844309329987,5
002369,NEG,0,G38,0.07637834548950195,8
002370,NEG,0,G38,0.20160719752311707,7
002371,NEG,0,G38,0.14323322474956512,6
002372,NEG,0,G38,0.060949135571718216,6
002373,NEG,0,G38,0.21003670990467072,8
002374,NEG,0,G38,0.10013195127248764,7
002375,NEG,0,G38,0.08275864273309708,7
002376,NEG,0,G38,0.08532112836837769,4
002377,NEG,0,G38,0.10475550591945648,7
002378,NEG,0,G38,0.1267136037349701,8
002379,NEG,0,G38,0.022094253450632095,7
002380,NEG,0,G38,0.055848028510808945,5
002381,NEG,0,G38,0.13420432806015015,5
002382,NEG,0,G38,0.097661592066288,7
002383,NEG,0,G38,0.0817975178360939,8
002384,NEG,0,G38,0.042869482189416885,8
002385,NEG,0,G38,0.11547493189573288,9
002386,NEG,0,G38,0.03112918883562088,7
002387,NEG,0,G38,0.021811824291944504,5
002388,NEG,0,G38,0.07136260718107224,7
002389,NEG,0,G38,0.15425622463226318,8
002390,NEG,0,G38,0.2829940915107727,7
002391,NEG,0,G38,0.1327389031648636,9
002392,NEG,0,G38,0.1322716921567917,8
002393,NEG,0,G38,0.0773676261305809,7
002394,NEG,0,G38,0.18812763690948486,7
002395,NEG,0,G38,0.21096372604370117,8
002396,NEG,0,G38,0.3716185390949249,7
002397,NEG,0,G38,0.35819539427757263,6
002398,NEG,0,G38,0.33709385991096497,5
002399,NEG,0,G38,0.19250792264938354,5
002400,NEG,0,G38,0.24186570942401886,4
002401,NEG,0,G38,0.2867618501186371,5
002402,NEG,0,G38,0.45739835500717163,7
002403,NEG,0,G38,0.4504179358482361,6
002404,NEG,0,G38,0.4468911588191986,6
002405,NEG,0,G38,0.49405696988105774,5
002406,NEG,0,G38,0.49096113443374634,7
002407,NEG,0,G38,0.3477817177772522,4
002408,NEG,0,G38,0.40186017751693726,5
002409,NEG,0,G38,0.4116288423538208,4
002410,NEG,0,G38,0.2857476770877838,4
002411,NEG,0,G38,0.3484223186969757,4
002412,NEG,0,G38,0.3444440960884094,5
002413,NEG,0,G38,0.13107657432556152,5
002414,NEG,0,G38,0.4227864742279053,7
002415,NEG,0,G38,0.21297726035118103,9
002416,NEG,0,G38,0.47318363189697266,8
002417,NEG,0,G38,0.5326634645462036,4
002418,NEG,0,G38,0.6089247465133667,5
002419,NEG,0,G38,0.5152723789215088,4
002420,NEG,0,G38,0.6856072545051575,4
002421,NEG,0,G38,0.5755260586738586,4
002422,NEG,0,G38,0.43614378571510315,4
002423,NEG,0,G38,0.5931817889213562,4
002424,NEG,0,G38,0.7643842697143555,4
002425,NEG,0,G38,0.7577161192893982,5
002426,NEG,0,G38,0.3118128776550293,7
002427,NEG,0,G38,0.4280974864959717,6
002428,NEG,0,G38,0.44167792797088623,5
002429,NEG,0,G38,0.5202540159225464,4
002430,NEG,0,G38,0.5236813426017761,4
002431,NEG,0,G38,0.5631804466247559,3
002432,NEG,0,G38,0.6451743245124817,4
002433,NEG,0,G38,0.7993997931480408,3
002434,NEG,0,G38,0.31844261288642883,3
002435,NEG,0,G38,0.2754691541194916,1
002436,NEG,0,G38,0.0013785292394459248,2
002437,NEG,0,G38,0.0,0
002438,NEG,0,G38,0.0011182996677234769,1
002439,NEG,0,G38,0.0018082406604662538,2
002440,NEG,0,G38,0.0038255793042480946,3
002441,NEG,0,G38,0.02355755679309368,2
002442,NEG,0,G38,0.004449319560080767,1
002443,NEG,0,G38,0.005648452788591385,1
002444,NEG,0,G38,0.0,0
002445,NEG,0,G38,0.0,0
002446,NEG,0,G38,0.0,0
002447,NEG,0,G38,0.0,0
002448,NEG,0,G38,0.0020701135508716106,1
002449,NEG,0,G38,0.0014966290909796953,2
002450,NEG,0,G38,0.001183383516035974,1
002451,NEG,0,G38,0.0,0
002452,NEG,0,G38,0.07868163287639618,2
002453,NEG,0,G38,0.0024231835268437862,3
002454,NEG,0,G38,0.005257262382656336,1
002455,NEG,0,G38,0.0,0
002456,NEG,0,G38,0.0,0
002457,NEG,0,G38,0.0030911581125110388,1
002458,NEG,0,G38,0.0,0
002459,NEG,0,G38,0.0045231361873447895,3
002460,NEG,0,G38,0.004575955215841532,1
002461,NEG,0,G38,0.011122176423668861,1
002462,NEG,0,G38,0.005300323013216257,2
002463,NEG,0,G38,0.002082767663523555,2
002464,NEG,0,G38,0.019432755187153816,3
002465,NEG,0,G38,0.036378152668476105,2
002466,NEG,0,G38,0.01619821973145008,3
002467,NEG,0,G38,0.0014067996526136994,1
002468,NEG,0,G38,0.17140087485313416,4
002469,NEG,0,G38,0.019252600148320198,8
002470,NEG,0,G38,0.026749446988105774,6
002471,NEG,0,G38,0.004929985851049423,4
002472,NEG,0,G38,0.0031631614547222853,2
002473,NEG,0,G38,0.2541598975658417,4
002474,NEG,0,G38,0.014272237196564674,3
002475,NEG,0,G38,0.09454192966222763,9
002476,NEG,0,G38,0.046218566596508026,10
002477,NEG,0,G38,0.013855032622814178,5
002478,NEG,0,G38,0.08286561816930771,6
002479,NEG,0,G38,0.18013426661491394,6
002480,NEG,0,G38,0.1269201636314392,8
002481,NEG,0,G38,0.020309777930378914,8
002482,NEG,0,G38,0.006777026224881411,9
002483,NEG,0,G38,0.017263829708099365,9
002484,NEG,0,G38,0.018144963309168816,10
002485,NEG,0,G38,0.0037237743381410837,3
002486,NEG,0,G38,0.001069850753992796,1
002487,NEG,0,G38,0.004700218793004751,3
002488,NEG,0,G38,0.02201199345290661,8
002489,NEG,0,G38,0.006589434575289488,10
002490,NEG,0,G38,0.028521908447146416,8
002491,NEG,0,G38,0.06315695494413376,4
002492,NEG,0,G38,0.0021481497678905725,2
002493,NEG,0,G38,0.008883361704647541,3
002494,NEG,0,G38,0.06011897325515747,2
002495,NEG,0,G38,0.03565811365842819,1
002496,NEG,0,G38,0.21910473704338074,4
002497,NEG,0,G38,0.08922997117042542,5
002498,NEG,0,G38,0.09226306527853012,4
002499,NEG,0,G38,0.007587933912873268,2
002500,NEG,0,G38,0.0,0
002501,NEG,0,G38,0.003596499329432845,4
002502,NEG,0,G38,0.005436613690108061,8
002503,NEG,0,G38,0.0034568628761917353,3
002504,NEG,0,G38,0.003128818701952696,3
002505,NEG,0,G38,0.007381782867014408,6
002506,NEG,0,G38,0.003182061715051532,1
002507,NEG,0,G38,0.011771617457270622,6
002508,NEG,0,G38,0.0037938589230179787,4
002509,NEG,0,G38,0.0023644461762160063,2
002510,NEG,0,G38,0.00239689857698977,1
002511,NEG,0,G38,0.0,0
002512,NEG,0,G38,0.0,0
002513,NEG,0,G38,0.0010656345402821898,1
002514,NEG,0,G38,0.0,0
002515,NEG,0,G38,0.0,0
002516,NEG,0,G38,0.0,0
002517,NEG,0,G38,0.0,0
002518,NEG,0,G38,0.0,0
002519,NEG,0,G38,0.0,0
002520,NEG,0,G38,0.0,0
002521,NEG,0,G38,0.0,0
002522,NEG,0,G38,0.0,0
002523,NEG,0,G38,0.0,0
002524,NEG,0,G38,0.0,0
002525,NEG,0,G38,0.0,0
002526,NEG,0,G38,0.0,0
002527,NEG,0,G38,0.0,0
002528,NEG,0,G38,0.0,0
002529,NEG,0,G38,0.0070863328874111176,3
002530,NEG,0,G38,0.0,0
002531,NEG,0,G38,0.0,0
002532,NEG,0,G38,0.002564677270129323,1
002533,NEG,0,G38,0.3794023096561432,10
002534,NEG,0,G38,0.19883745908737183,8
002535,NEG,0,G38,0.13529805839061737,4
002536,NEG,0,G38,0.07761546969413757,4
002537,NEG,0,G38,0.004034688230603933,5
002538,NEG,0,G38,0.0,0
002539,NEG,0,G38,0.0,0
002540,NEG,0,G38,0.00673433393239975,5
002541,NEG,0,G38,0.03720248490571976,4
002542,NEG,0,G38,0.0035811634734272957,1
002543,NEG,0,G38,0.0015060303267091513,1
002544,NEG,0,G38,0.0,0
002545,NEG,0,G38,0.0,0
002546,NEG,0,G38,0.0,0
002547,NEG,0,G38,0.0,0
002548,NEG,0,G38,0.0024687391705811024,1
002549,NEG,0,G38,0.00470370939001441,2
002550,NEG,0,G38,0.02322882041335106,4
002551,NEG,0,G38,0.0,0
002552,NEG,0,G38,0.0,0
002553,NEG,0,G38,0.0,0
002554,NEG,0,G38,0.0,0
002555,NEG,0,G38,0.0,0
002556,NEG,0,G38,0.0021659857593476772,5
002557,NEG,0,G38,0.0,0
002558,NEG,0,G38,0.003552156500518322,4
002559,NEG,0,G38,0.0,0
002560,NEG,0,G38,0.0,0
002561,NEG,0,G38,0.0018253617454320192,7
002562,NEG,0,G38,0.0035347859375178814,9
002563,NEG,0,G38,0.0,0
002564,NEG,0,G38,0.004312762524932623,3
002565,NEG,0,G38,0.007150936406105757,3
002566,NEG,0,G38,0.0166740994900465,10
002567,NEG,0,G38,0.03367767482995987,8
002568,NEG,0,G38,0.014535202644765377,5
002569,NEG,0,G38,0.003276426810771227,6
002570,NEG,0,G38,0.009676355868577957,5
002571,NEG,0,G38,0.010636270977556705,6
002572,NEG,0,G38,0.018029222264885902,5
002573,NEG,0,G38,0.00687596807256341,3
002574,NEG,0,G38,0.0020770293194800615,1
002575,NEG,0,G38,0.0,0
002576,NEG,0,G38,0.0,0
002577,NEG,0,G38,0.0,0
002578,NEG,0,G38,0.003946291282773018,1
002579,NEG,0,G38,0.002466758945956826,1
002580,NEG,0,G38,0.0,0
002581,NEG,0,G38,0.0,0
002582,NEG,0,G38,0.0,0
002583,NEG,0,G38,0.0014476417563855648,1
002584,NEG,0,G38,0.0,0
002585,NEG,0,G38,0.0,0
002586,NEG,0,G38,0.0,0
002587,NEG,0,G38,0.0,0
002588,NEG,0,G38,0.0032304173801094294,2
002589,NEG,0,G38,0.03392867371439934,5
002590,NEG,0,G38,0.020650509744882584,4
002591,NEG,0,G38,0.011589395813643932,7
002592,NEG,0,G38,0.0013188393786549568,1
002593,NEG,0,G38,0.002761008683592081,4
002594,NEG,0,G38,0.0045081982389092445,1
002595,NEG,0,G38,0.0027583357878029346,1
002596,NEG,0,G38,0.0,0
002597,NEG,0,G38,0.0,0
002598,NEG,0,G38,0.002829697448760271,2
002599,NEG,0,G38,0.030550794675946236,5
002600,NEG,0,G38,0.0,0
002601,NEG,0,G38,0.0013075125170871615,1
002602,NEG,0,G38,0.00950856227427721,6
002603,NEG,0,G38,0.0,0
002604,NEG,0,G38,0.0023359116166830063,4
002605,NEG,0,G38,0.011009358800947666,6
002606,NEG,0,G38,0.0,0
002607,NEG,0,G38,0.02818320505321026,5
002608,NEG,0,G38,0.08951766043901443,4
002609,NEG,0,G38,0.12017407268285751,5
002610,NEG,0,G38,0.12214460223913193,7
002611,NEG,0,G38,0.22721822559833527,6
002612,NEG,0,G38,0.0878451019525528,11
002613,NEG,0,G38,0.24518893659114838,5
002614,NEG,0,G38,0.3307455778121948,8
002615,NEG,0,G38,0.07098148763179779,4
002616,NEG,0,G38,0.15808357298374176,3
002617,NEG,0,G38,0.24578458070755005,5
002618,NEG,0,G38,0.33769094944000244,4
002619,NEG,0,G38,0.45894351601600647,7
002620,NEG,0,G38,0.5981118679046631,5
002621,NEG,0,G38,0.6124717593193054,5
002622,NEG,0,G38,0.17891238629817963,4
002623,NEG,0,G38,0.3288021385669708,5
002624,NEG,0,G38,0.13264484703540802,6
002625,NEG,0,G38,0.18333959579467773,5
002626,NEG,0,G38,0.2959100008010864,11
002627,NEG,0,G38,0.16821813583374023,6
002628,NEG,0,G38,0.32330644130706787,3
002629,NEG,0,G38,0.047744546085596085,5
002630,NEG,0,G38,0.028660034760832787,5
002631,NEG,0,G38,0.002990628592669964,2
002632,NEG,0,G38,0.01015571877360344,6
002633,NEG,0,G38,0.005253984592854977,5
002634,NEG,0,G38,0.006425380706787109,4
002635,NEG,0,G38,0.002240966074168682,2
002636,NEG,0,G38,0.005570799112319946,8
002637,NEG,0,G38,0.0,0
002638,NEG,0,G38,0.0013217214727774262,1
002639,NEG,0,G38,0.0,0
002640,NEG,0,G38,0.027000105008482933,5
002641,NEG,0,G38,0.09627748280763626,4
002642,NEG,0,G38,0.12817922234535217,12
002643,NEG,0,G38,0.00867826584726572,5
002644,NEG,0,G38,0.0041090804152190685,5
002645,NEG,0,G38,0.00823397096246481,6
002646,NEG,0,G38,0.003969927318394184,11
002647,NEG,0,G38,0.005120210349559784,4
002648,NEG,0,G38,0.004064165521413088,4
002649,NEG,0,G38,0.002967204200103879,7
002650,NEG,0,G38,0.09783975034952164,7
002651,NEG,0,G38,0.06460004299879074,16
002652,NEG,0,G38,0.01672520488500595,14
002653,NEG,0,G38,0.006744797341525555,2
002654,NEG,0,G38,0.0032116265501827,1
002655,NEG,0,G38,0.006868765689432621,4
002656,NEG,0,G38,0.10762446373701096,14
002657,NEG,0,G38,0.11610127985477448,6
002658,NEG,0,G38,0.03809734061360359,4
002659,NEG,0,G38,0.11242030560970306,8
002660,NEG,0,G38,0.1238873079419136,7
002661,NEG,0,G38,0.005984634626656771,3
002662,NEG,0,G38,0.0,0
002663,NEG,0,G38,0.0035978564992547035,4
002664,NEG,0,G38,0.023596789687871933,5
002665,NEG,0,G38,0.0021976472344249487,2
002666,NEG,0,G38,0.0,0
002667,NEG,0,G38,0.0014694604324176908,1
002668,NEG,0,G38,0.04342298209667206,5
002669,NEG,0,G38,0.0019116256153210998,6
002670,NEG,0,G38,0.0020727086812257767,2
002671,NEG,0,G38,0.004818172659724951,3
002672,NEG,0,G38,0.0013002593768760562,2
002673,NEG,0,G38,0.0013212362537160516,1
002674,NEG,0,G38,0.0026094894856214523,3
002675,NEG,0,G38,0.017450151965022087,3
002676,NEG,0,G38,0.0,0
002677,NEG,0,G38,0.018696805462241173,5
002678,NEG,0,G38,0.0033285189419984818,2
002679,NEG,0,G38,0.0028358015697449446,7
002680,NEG,0,G38,0.0,0
002681,NEG,0,G38,0.006139328703284264,9
002682,NEG,0,G38,0.0026547368615865707,3
002683,NEG,0,G38,0.005498990416526794,6
002684,NEG,0,G38,0.0029985099099576473,2
002685,NEG,0,G38,0.0012429205235093832,1
002686,NEG,0,G38,0.0016371867386624217,1
002687,NEG,0,G38,0.025570962578058243,6
002688,NEG,0,G38,0.0018647938268259168,6
1778651519235162880,DAY,1,OLD,0.8247777223587036,2
1778651530691638016,DAY,1,OLD,0.9752360582351685,1
1778651579029250816,DAY,1,OLD,0.9257166385650635,1
1778651650570397184,DAY,1,OLD,0.7582746744155884,1
1778651650839160832,DAY,1,OLD,0.7761836647987366,1
1778653367706938112,DAY,1,OLD,0.9572996497154236,1
1778653508779767808,DAY,1,OLD,0.4726497232913971,3
1778653526955536896,DAY,1,OLD,0.6734448671340942,1
1778653540259983104,DAY,1,OLD,0.9649645090103149,1
1778653545299653120,DAY,1,OLD,0.9738085865974426,1
1775201414728017664,DAY,1,OLD,0.9763719439506531,1
1775201415399297536,DAY,1,OLD,0.8980288505554199,1
1775201416944730624,DAY,1,OLD,0.9722795486450195,1
1775201418120676608,DAY,1,OLD,0.9628455638885498,1
1775201421043401984,DAY,1,OLD,0.9662554860115051,2
1775201428535961600,DAY,1,OLD,0.980472981929779,1
1775201429879521792,DAY,1,OLD,0.970907986164093,1
1775201430551447040,DAY,1,OLD,0.9753867387771606,1
1775201430786751744,DAY,1,OLD,0.9774364829063416,1
1775201436800711168,DAY,1,OLD,0.96901535987854,1
1775201442546213120,DAY,1,OLD,0.9789453148841858,1
1775201443822140928,DAY,1,OLD,0.9771890640258789,1
1778653003088339968,DAY,1,OLD,0.9816494584083557,1
1778653006783606016,DAY,1,OLD,0.9732585549354553,1
1778653007724386048,DAY,1,OLD,0.9683285355567932,1
1778653017736058368,DAY,1,OLD,0.9715251922607422,1
1778653018878592768,DAY,1,OLD,0.9633271098136902,1
1778653029965134592,DAY,1,OLD,0.97345370054245,1
1778653030032337920,DAY,1,OLD,0.9696707129478455,1
1778653030099587072,DAY,1,OLD,0.974165141582489,1
1778653030166875904,DAY,1,OLD,0.9751949906349182,1
1778653030233998336,DAY,1,OLD,0.9754172563552856,1
1778653030939714816,DAY,1,OLD,0.9762765169143677,1
1778653031275751936,DAY,1,OLD,0.97929847240448,1
1778653033056483584,DAY,1,OLD,0.9670842885971069,1
1778653041187027200,DAY,1,OLD,0.9769918322563171,1
1778653055734035712,DAY,1,OLD,0.9686577320098877,2
1778653055801377280,DAY,1,OLD,0.9759144186973572,1
1778653055868669952,DAY,1,OLD,0.9698384404182434,1
1778653056137140480,DAY,1,OLD,0.9732578992843628,1
1778652124170068224,DAY,1,OLD,0.9795671105384827,1
1778652125245035520,DAY,1,OLD,0.9760761260986328,1
1778652126319943168,DAY,1,OLD,0.9773327112197876,1
1778652127361815808,DAY,1,OLD,0.9768900871276855,1
1778652128369383168,DAY,1,OLD,0.97700434923172,1
1778652130452698368,DAY,1,OLD,0.9747009873390198,1
1778652132535256576,DAY,1,OLD,0.9583433270454407,2
1778652134517495552,DAY,1,OLD,0.9520483016967773,1
1778652136533958400,DAY,1,OLD,0.962422251701355,1
1778652138515809024,DAY,1,OLD,0.9367873072624207,1
1778652140531310080,DAY,1,OLD,0.9683230519294739,1
1778652142480077056,DAY,1,OLD,0.9713544249534607,1
1778652144496057088,DAY,1,OLD,0.9676856994628906,1
1778652146612550912,DAY,1,OLD,0.960418164730072,1
1778652148628229376,DAY,1,OLD,0.9755610823631287,1
1778652150610404864,DAY,1,OLD,0.9793196320533752,1
1778652152626116352,DAY,1,OLD,0.9526861310005188,1
1778652154608392192,DAY,1,OLD,0.9662047624588013,1
1778652156557165568,DAY,1,OLD,0.9605139493942261,1
1778652158404883456,DAY,1,OLD,0.9393811821937561,1
1778652166837872128,DAY,1,OLD,0.9437318444252014,1
1778652168786111744,DAY,1,OLD,0.8697370886802673,1
1778652170735118080,DAY,1,OLD,0.9653820395469666,1
1778652172717607680,DAY,1,OLD,0.7919889092445374,2
1778652174598774528,DAY,1,OLD,0.9785677790641785,1
1778652176547299328,DAY,1,OLD,0.9777286648750305,1
1778652178428551168,DAY,1,OLD,0.9765600562095642,2
1778653630038417664,DAY,1,OLD,0.9196750521659851,1
1778653632188551424,DAY,1,OLD,0.9588635563850403,1
1778653634641026304,DAY,1,OLD,0.9595805406570435,1
1778653643678509824,DAY,1,OLD,0.941315770149231,1
1778653659065885952,DAY,1,OLD,0.6975996494293213,1
1778653661653195264,DAY,1,OLD,0.7622623443603516,4
1778653664407620608,DAY,1,OLD,0.9041451215744019,1
1778653674184865536,DAY,1,OLD,0.93411785364151,1
1778653693804927232,DAY,1,OLD,0.241764098405838,2
1778653699314620416,DAY,1,OLD,0.8080287575721741,1
1778653704118966272,DAY,1,OLD,0.034275636076927185,2
1778653706706429696,DAY,1,OLD,0.6482589244842529,2
1778653709259341568,DAY,1,OLD,0.4008762538433075,2
1778653711544007680,DAY,1,OLD,0.11912429332733154,2
1778653713962971904,DAY,1,OLD,0.14964954555034637,1
1778653721118964736,DAY,1,OLD,0.8395720720291138,3
1778653723571790336,DAY,1,OLD,0.9654064774513245,1
1778653730458996736,DAY,1,OLD,0.9551140069961548,1
1778653738858078976,DAY,1,OLD,0.8656679391860962,2
1778653796073599488,DAY,1,OLD,0.10163785517215729,1
1778653798391620864,DAY,1,OLD,0.5764118432998657,1
1778653804674198784,DAY,1,OLD,0.28228893876075745,1
1778653806958839552,DAY,1,OLD,0.003803061554208398,1
1778653811763352320,DAY,1,OLD,0.029635481536388397,1
1778653814384002560,DAY,1,OLD,0.15555091202259064,1
1778653821069351168,DAY,1,OLD,0.029048064723610878,2
1778653823253508096,DAY,1,OLD,0.8575409650802612,1
1778653832794714368,DAY,1,OLD,0.916138768196106,1
1778653871330109184,DAY,1,OLD,0.850963294506073,2
1778653882316513792,DAY,1,OLD,0.8279808759689331,2
1778653884903302656,DAY,1,OLD,0.9539315700531006,1
1778653889069260032,DAY,1,OLD,0.9307963848114014,1
1778653898342159872,DAY,1,OLD,0.9313095808029175,1
1779449467555301888,NIGHT,1,OLD,0.6438788175582886,5
1779449470423201536,NIGHT,1,OLD,0.8024698495864868,1
1779449475060066816,NIGHT,1,OLD,0.9079001545906067,1
1779449479095927552,NIGHT,1,OLD,0.7301421761512756,3
1779449481331070208,NIGHT,1,OLD,0.9147589206695557,2
1779449483432542720,NIGHT,1,OLD,0.005977689288556576,3
1779449485800670464,NIGHT,1,OLD,0.9247517585754395,1
1779449488068910592,NIGHT,1,OLD,0.9596371650695801,1
1779449492505469440,NIGHT,1,OLD,0.9651741981506348,1
1779449496875356416,NIGHT,1,OLD,0.9381603598594666,1
1779449499143611648,NIGHT,1,OLD,0.9682415723800659,1
1779449501478488320,NIGHT,1,OLD,0.9691367149353027,1
1779449575470221824,NIGHT,1,OLD,0.9122791290283203,2
1779449580573721600,NIGHT,1,OLD,0.9047632813453674,4
1779449591514485504,NIGHT,1,OLD,0.8910470008850098,1
1779449593782795264,NIGHT,1,OLD,0.917741596698761,2
1779449596017728000,NIGHT,1,OLD,0.8621375560760498,2
1779449602689248000,NIGHT,1,OLD,0.6349488496780396,3
1779449604823769344,NIGHT,1,OLD,0.17828287184238434,7
1779449631842893312,NIGHT,1,OLD,0.8792640566825867,1
1779449634044385536,NIGHT,1,OLD,0.8595903515815735,2
1779449638581035008,NIGHT,1,OLD,0.8128227591514587,3
1779449643284402176,NIGHT,1,OLD,0.36570504307746887,3
1779449645419136000,NIGHT,1,OLD,0.874087393283844,3
1779449647620845824,NIGHT,1,OLD,0.8043755888938904,2
1779449649655479552,NIGHT,1,OLD,0.8720407485961914,1
1779449656527024896,NIGHT,1,OLD,0.9203969240188599,1
1779449661263803392,NIGHT,1,OLD,0.016868779435753822,5
000000,NEG,0,OLD,0.0,0
000001,NEG,0,OLD,0.0,0
000002,NEG,0,OLD,0.0015592343406751752,1
000003,NEG,0,OLD,0.001986077055335045,1
000004,NEG,0,OLD,0.001346354023553431,1
000005,NEG,0,OLD,0.0018178903264924884,1
000006,NEG,0,OLD,0.0,0
000007,NEG,0,OLD,0.0,0
000008,NEG,0,OLD,0.0,0
000009,NEG,0,OLD,0.0024851071648299694,1
000010,NEG,0,OLD,0.0,0
000011,NEG,0,OLD,0.0,0
000012,NEG,0,OLD,0.0015295299235731363,1
000013,NEG,0,OLD,0.001520018558949232,1
000014,NEG,0,OLD,0.0019452169071882963,1
000015,NEG,0,OLD,0.004311358090490103,1
000016,NEG,0,OLD,0.0,0
000017,NEG,0,OLD,0.0011282132472842932,1
000018,NEG,0,OLD,0.0020709962118417025,1
000019,NEG,0,OLD,0.001953451195731759,1
000020,NEG,0,OLD,0.0015869121998548508,1
000021,NEG,0,OLD,0.0,0
000022,NEG,0,OLD,0.0030182735063135624,1
000023,NEG,0,OLD,0.0029824301600456238,1
000024,NEG,0,OLD,0.009490315802395344,3
000025,NEG,0,OLD,0.10964664816856384,4
000026,NEG,0,OLD,0.6868652105331421,1
000027,NEG,0,OLD,0.014377354644238949,2
000028,NEG,0,OLD,0.08817876130342484,5
000029,NEG,0,OLD,0.4989016354084015,3
000030,NEG,0,OLD,0.7483316659927368,3
000031,NEG,0,OLD,0.4861185848712921,2
000032,NEG,0,OLD,0.6595717668533325,3
000033,NEG,0,OLD,0.32495546340942383,3
000034,NEG,0,OLD,0.5862073302268982,3
000035,NEG,0,OLD,0.6617897152900696,2
000036,NEG,0,OLD,0.46428003907203674,2
000037,NEG,0,OLD,0.46289318799972534,2
000038,NEG,0,OLD,0.6603679060935974,2
000039,NEG,0,OLD,0.754155158996582,1
000040,NEG,0,OLD,0.6972605586051941,2
000041,NEG,0,OLD,0.4112794101238251,1
000042,NEG,0,OLD,0.23208095133304596,3
000043,NEG,0,OLD,0.342827171087265,2
000044,NEG,0,OLD,0.7651840448379517,1
000045,NEG,0,OLD,0.6509939432144165,1
000046,NEG,0,OLD,0.8137826919555664,2
000047,NEG,0,OLD,0.7653564214706421,2
000048,NEG,0,OLD,0.7346935868263245,3
000049,NEG,0,OLD,0.7740854620933533,1
000050,NEG,0,OLD,0.592181384563446,2
000051,NEG,0,OLD,0.7358815670013428,2
000052,NEG,0,OLD,0.7213626503944397,3
000053,NEG,0,OLD,0.6064374446868896,4
000054,NEG,0,OLD,0.7020159959793091,3
000055,NEG,0,OLD,0.7295705676078796,2
000056,NEG,0,OLD,0.8017861247062683,2
000057,NEG,0,OLD,0.784450352191925,2
000058,NEG,0,OLD,0.802280068397522,1
000059,NEG,0,OLD,0.8068757653236389,2
000060,NEG,0,OLD,0.44207942485809326,4
000061,NEG,0,OLD,0.0038740141317248344,2
000062,NEG,0,OLD,0.00398787809535861,4
000063,NEG,0,OLD,0.0011027440195903182,2
000064,NEG,0,OLD,0.010190429165959358,1
000065,NEG,0,OLD,0.0016215876676142216,3
000066,NEG,0,OLD,0.0022958945482969284,3
000067,NEG,0,OLD,0.0014257561415433884,3
000068,NEG,0,OLD,0.0017565054586157203,5
000069,NEG,0,OLD,0.0034798572305589914,5
000070,NEG,0,OLD,0.010485513135790825,10
000071,NEG,0,OLD,0.0017261565662920475,3
000072,NEG,0,OLD,0.2345421463251114,1
000073,NEG,0,OLD,0.012002293951809406,15
000074,NEG,0,OLD,0.0013743803137913346,3
000075,NEG,0,OLD,0.0,0
000076,NEG,0,OLD,0.0013912069844081998,1
000077,NEG,0,OLD,0.15929478406906128,3
000078,NEG,0,OLD,0.004686012398451567,4
000079,NEG,0,OLD,0.036951109766960144,3
000080,NEG,0,OLD,0.02802826091647148,4
000081,NEG,0,OLD,0.0347861722111702,5
000082,NEG,0,OLD,0.24972587823867798,3
000083,NEG,0,OLD,0.188070610165596,5
000084,NEG,0,OLD,0.0580727756023407,3
000085,NEG,0,OLD,0.45012640953063965,1
000086,NEG,0,OLD,0.5401110053062439,2
000087,NEG,0,OLD,0.6845305562019348,2
000088,NEG,0,OLD,0.5979979038238525,2
000089,NEG,0,OLD,0.5296996235847473,2
000090,NEG,0,OLD,0.43745899200439453,3
000091,NEG,0,OLD,0.2508229911327362,2
000092,NEG,0,OLD,0.1596207320690155,3
000093,NEG,0,OLD,0.006803041789680719,2
000094,NEG,0,OLD,0.0,0
000095,NEG,0,OLD,0.0,0
000096,NEG,0,OLD,0.0,0
000097,NEG,0,OLD,0.0,0
000098,NEG,0,OLD,0.0,0
000099,NEG,0,OLD,0.0,0
000100,NEG,0,OLD,0.0,0
000101,NEG,0,OLD,0.0015388216124847531,3
000102,NEG,0,OLD,0.0,0
000103,NEG,0,OLD,0.0,0
000104,NEG,0,OLD,0.0,0
000105,NEG,0,OLD,0.0016506188549101353,1
000106,NEG,0,OLD,0.0,0
000107,NEG,0,OLD,0.07964356243610382,6
000108,NEG,0,OLD,0.36601728200912476,6
000109,NEG,0,OLD,0.2449941635131836,6
000110,NEG,0,OLD,0.07610061764717102,6
000111,NEG,0,OLD,0.0,0
000112,NEG,0,OLD,0.0,0
000113,NEG,0,OLD,0.0,0
000114,NEG,0,OLD,0.0,0
000115,NEG,0,OLD,0.0,0
000116,NEG,0,OLD,0.0,0
000117,NEG,0,OLD,0.0010868643876165152,1
000118,NEG,0,OLD,0.0,0
000119,NEG,0,OLD,0.0,0
000120,NEG,0,OLD,0.0,0
000121,NEG,0,OLD,0.0,0
000122,NEG,0,OLD,0.0,0
000123,NEG,0,OLD,0.0,0
000124,NEG,0,OLD,0.0029442652594298124,5
000125,NEG,0,OLD,0.04549064859747887,7
000126,NEG,0,OLD,0.0012495915871113539,2
000127,NEG,0,OLD,0.0010111202718690038,1
000128,NEG,0,OLD,0.001560569740831852,3
000129,NEG,0,OLD,0.0,0
000130,NEG,0,OLD,0.0,0
000131,NEG,0,OLD,0.0,0
000132,NEG,0,OLD,0.0,0
000133,NEG,0,OLD,0.0,0
000134,NEG,0,OLD,0.0,0
000135,NEG,0,OLD,0.0,0
000136,NEG,0,OLD,0.0,0
000137,NEG,0,OLD,0.0,0
000138,NEG,0,OLD,0.0,0
000139,NEG,0,OLD,0.0,0
000140,NEG,0,OLD,0.0,0
000141,NEG,0,OLD,0.0,0
000142,NEG,0,OLD,0.0,0
000143,NEG,0,OLD,0.03409963846206665,10
000144,NEG,0,OLD,0.001977016683667898,2
000145,NEG,0,OLD,0.0,0
000146,NEG,0,OLD,0.025664683431386948,4
000147,NEG,0,OLD,0.012870785780251026,4
000148,NEG,0,OLD,0.0,0
000149,NEG,0,OLD,0.0012714432086795568,3
000150,NEG,0,OLD,0.0,0
000151,NEG,0,OLD,0.05132165923714638,3
000152,NEG,0,OLD,0.0012584326323121786,1
000153,NEG,0,OLD,0.0,0
000154,NEG,0,OLD,0.07910951972007751,1
000155,NEG,0,OLD,0.057899463921785355,3
000156,NEG,0,OLD,0.06879281997680664,2
000157,NEG,0,OLD,0.04104933887720108,3
000158,NEG,0,OLD,0.016702260822057724,2
000159,NEG,0,OLD,0.009649556130170822,2
000160,NEG,0,OLD,0.05936377868056297,2
000161,NEG,0,OLD,0.12749913334846497,3
000162,NEG,0,OLD,0.0,0
000163,NEG,0,OLD,0.0011637426214292645,2
000164,NEG,0,OLD,0.0,0
000165,NEG,0,OLD,0.0,0
000166,NEG,0,OLD,0.0013618317898362875,1
000167,NEG,0,OLD,0.03620016947388649,4
000168,NEG,0,OLD,0.005615862086415291,5
000169,NEG,0,OLD,0.0018035182729363441,4
000170,NEG,0,OLD,0.08576814830303192,5
000171,NEG,0,OLD,0.05910244584083557,3
000172,NEG,0,OLD,0.007485666312277317,3
000173,NEG,0,OLD,0.0013606779975816607,1
000174,NEG,0,OLD,0.004949765745550394,3
000175,NEG,0,OLD,0.0,0
000176,NEG,0,OLD,0.0,0
000177,NEG,0,OLD,0.0,0
000178,NEG,0,OLD,0.0,0
000179,NEG,0,OLD,0.2881847023963928,5
000180,NEG,0,OLD,0.003979761153459549,4
000181,NEG,0,OLD,0.0029926493298262358,1
000182,NEG,0,OLD,0.003951841499656439,1
000183,NEG,0,OLD,0.0014083317946642637,1
000184,NEG,0,OLD,0.008952335454523563,11
000185,NEG,0,OLD,0.001958063105121255,1
000186,NEG,0,OLD,0.002503876341506839,2
000187,NEG,0,OLD,0.0,0
000188,NEG,0,OLD,0.0,0
000189,NEG,0,OLD,0.0,0
000190,NEG,0,OLD,0.0,0
000191,NEG,0,OLD,0.0,0
000192,NEG,0,OLD,0.0,0
000193,NEG,0,OLD,0.0,0
000194,NEG,0,OLD,0.0014950993936508894,1
000195,NEG,0,OLD,0.0030880137346684933,1
000196,NEG,0,OLD,0.006240171380341053,2
000197,NEG,0,OLD,0.0013680016854777932,1
000198,NEG,0,OLD,0.0,0
000199,NEG,0,OLD,0.0,0
000200,NEG,0,OLD,0.0,0
000201,NEG,0,OLD,0.0,0
000202,NEG,0,OLD,0.001083420473150909,1
000203,NEG,0,OLD,0.0,0
000204,NEG,0,OLD,0.0015043540624901652,1
000205,NEG,0,OLD,0.0010291076032444835,1
000206,NEG,0,OLD,0.0,0
000207,NEG,0,OLD,0.0015427264152094722,1
000208,NEG,0,OLD,0.0,0
000209,NEG,0,OLD,0.00315226917155087,1
000210,NEG,0,OLD,0.0,0
000211,NEG,0,OLD,0.01306180004030466,1
000212,NEG,0,OLD,0.0,0
000213,NEG,0,OLD,0.0,0
000214,NEG,0,OLD,0.0,0
000215,NEG,0,OLD,0.0,0
000216,NEG,0,OLD,0.0020511553157120943,1
000217,NEG,0,OLD,0.0,0
000218,NEG,0,OLD,0.0,0
000219,NEG,0,OLD,0.0,0
000220,NEG,0,OLD,0.0,0
000221,NEG,0,OLD,0.0,0
000222,NEG,0,OLD,0.0,0
000223,NEG,0,OLD,0.0013718368718400598,2
000224,NEG,0,OLD,0.0,0
000225,NEG,0,OLD,0.0016966452822089195,2
000226,NEG,0,OLD,0.01083581242710352,1
000227,NEG,0,OLD,0.002303114626556635,1
000228,NEG,0,OLD,0.10873137414455414,2
000229,NEG,0,OLD,0.055044952780008316,2
000230,NEG,0,OLD,0.0,0
000231,NEG,0,OLD,0.005287702661007643,1
000232,NEG,0,OLD,0.018752500414848328,2
000233,NEG,0,OLD,0.0,0
000234,NEG,0,OLD,0.0,0
000235,NEG,0,OLD,0.0016974766040220857,1
000236,NEG,0,OLD,0.0,0
000237,NEG,0,OLD,0.0,0
000238,NEG,0,OLD,0.0,0
000239,NEG,0,OLD,0.0,0
000240,NEG,0,OLD,0.0,0
000241,NEG,0,OLD,0.0,0
000242,NEG,0,OLD,0.0,0
000243,NEG,0,OLD,0.0,0
000244,NEG,0,OLD,0.0,0
000245,NEG,0,OLD,0.0,0
000246,NEG,0,OLD,0.0,0
000247,NEG,0,OLD,0.0013508492847904563,1
000248,NEG,0,OLD,0.00923340953886509,2
000249,NEG,0,OLD,0.01747339405119419,2
000250,NEG,0,OLD,0.054375823587179184,2
000251,NEG,0,OLD,0.09583933651447296,3
000252,NEG,0,OLD,0.0,0
000253,NEG,0,OLD,0.008954662829637527,1
000254,NEG,0,OLD,0.0,0
000255,NEG,0,OLD,0.002039899118244648,2
000256,NEG,0,OLD,0.0015482569579035044,1
000257,NEG,0,OLD,0.0061768521554768085,2
000258,NEG,0,OLD,0.24153149127960205,8
000259,NEG,0,OLD,0.0,0
000260,NEG,0,OLD,0.0,0
000261,NEG,0,OLD,0.0,0
000262,NEG,0,OLD,0.0,0
000263,NEG,0,OLD,0.0,0
000264,NEG,0,OLD,0.0,0
000265,NEG,0,OLD,0.0,0
000266,NEG,0,OLD,0.0,0
000267,NEG,0,OLD,0.0,0
000268,NEG,0,OLD,0.0,0
000269,NEG,0,OLD,0.0,0
000270,NEG,0,OLD,0.0,0
000271,NEG,0,OLD,0.0,0
000272,NEG,0,OLD,0.0,0
000273,NEG,0,OLD,0.0,0
000274,NEG,0,OLD,0.0,0
000275,NEG,0,OLD,0.0,0
000276,NEG,0,OLD,0.0,0
000277,NEG,0,OLD,0.0,0
000278,NEG,0,OLD,0.0,0
000279,NEG,0,OLD,0.0,0
000280,NEG,0,OLD,0.0,0
000281,NEG,0,OLD,0.0,0
000282,NEG,0,OLD,0.0,0
000283,NEG,0,OLD,0.0,0
000284,NEG,0,OLD,0.0,0
000285,NEG,0,OLD,0.0,0
000286,NEG,0,OLD,0.0,0
000287,NEG,0,OLD,0.0,0
000288,NEG,0,OLD,0.0,0
000289,NEG,0,OLD,0.0,0
000290,NEG,0,OLD,0.0,0
000291,NEG,0,OLD,0.0,0
000292,NEG,0,OLD,0.0,0
000293,NEG,0,OLD,0.0,0
000294,NEG,0,OLD,0.0,0
000295,NEG,0,OLD,0.0,0
000296,NEG,0,OLD,0.001033166190609336,1
000297,NEG,0,OLD,0.001092120772227645,1
000298,NEG,0,OLD,0.0,0
000299,NEG,0,OLD,0.0,0
000300,NEG,0,OLD,0.0,0
000301,NEG,0,OLD,0.001168424030765891,1
000302,NEG,0,OLD,0.0011689187958836555,1
000303,NEG,0,OLD,0.0011488802265375853,1
000304,NEG,0,OLD,0.0016215899959206581,1
000305,NEG,0,OLD,0.0,0
000306,NEG,0,OLD,0.0,0
000307,NEG,0,OLD,0.0,0
000308,NEG,0,OLD,0.0,0
000309,NEG,0,OLD,0.0,0
000310,NEG,0,OLD,0.0,0
000311,NEG,0,OLD,0.0,0
000312,NEG,0,OLD,0.0,0
000313,NEG,0,OLD,0.0,0
000314,NEG,0,OLD,0.0,0
000315,NEG,0,OLD,0.0,0
000316,NEG,0,OLD,0.0,0
000317,NEG,0,OLD,0.0,0
000318,NEG,0,OLD,0.0,0
000319,NEG,0,OLD,0.0,0
000320,NEG,0,OLD,0.0,0
000321,NEG,0,OLD,0.0,0
000322,NEG,0,OLD,0.0,0
000323,NEG,0,OLD,0.0,0
000324,NEG,0,OLD,0.0,0
000325,NEG,0,OLD,0.0,0
000326,NEG,0,OLD,0.0,0
000327,NEG,0,OLD,0.0,0
000328,NEG,0,OLD,0.0,0
000329,NEG,0,OLD,0.0,0
000330,NEG,0,OLD,0.0,0
000331,NEG,0,OLD,0.0,0
000332,NEG,0,OLD,0.0,0
000333,NEG,0,OLD,0.0,0
000334,NEG,0,OLD,0.0,0
000335,NEG,0,OLD,0.0,0
000336,NEG,0,OLD,0.0,0
000337,NEG,0,OLD,0.0,0
000338,NEG,0,OLD,0.0,0
000339,NEG,0,OLD,0.0,0
000340,NEG,0,OLD,0.0,0
000341,NEG,0,OLD,0.0,0
000342,NEG,0,OLD,0.0,0
000343,NEG,0,OLD,0.0,0
000344,NEG,0,OLD,0.0,0
000345,NEG,0,OLD,0.0,0
000346,NEG,0,OLD,0.0,0
000347,NEG,0,OLD,0.0,0
000348,NEG,0,OLD,0.0,0
000349,NEG,0,OLD,0.0,0
000350,NEG,0,OLD,0.0,0
000351,NEG,0,OLD,0.0,0
000352,NEG,0,OLD,0.0,0
000353,NEG,0,OLD,0.0,0
000354,NEG,0,OLD,0.0,0
000355,NEG,0,OLD,0.0,0
000356,NEG,0,OLD,0.0,0
000357,NEG,0,OLD,0.0,0
000358,NEG,0,OLD,0.0,0
000359,NEG,0,OLD,0.0,0
000360,NEG,0,OLD,0.0,0
000361,NEG,0,OLD,0.0,0
000362,NEG,0,OLD,0.0,0
000363,NEG,0,OLD,0.0,0
000364,NEG,0,OLD,0.0,0
000365,NEG,0,OLD,0.0,0
000366,NEG,0,OLD,0.0,0
000367,NEG,0,OLD,0.0,0
000368,NEG,0,OLD,0.0,0
000369,NEG,0,OLD,0.0,0
000370,NEG,0,OLD,0.0,0
000371,NEG,0,OLD,0.0,0
000372,NEG,0,OLD,0.0,0
000373,NEG,0,OLD,0.0,0
000374,NEG,0,OLD,0.0,0
000375,NEG,0,OLD,0.0,0
000376,NEG,0,OLD,0.0,0
000377,NEG,0,OLD,0.0,0
000378,NEG,0,OLD,0.0,0
000379,NEG,0,OLD,0.0,0
000380,NEG,0,OLD,0.0,0
000381,NEG,0,OLD,0.0,0
000382,NEG,0,OLD,0.0,0
000383,NEG,0,OLD,0.0,0
000384,NEG,0,OLD,0.0,0
000385,NEG,0,OLD,0.0,0
000386,NEG,0,OLD,0.0033972561359405518,10
000387,NEG,0,OLD,0.004459388554096222,10
000388,NEG,0,OLD,0.0023015420883893967,5
000389,NEG,0,OLD,0.0,0
000390,NEG,0,OLD,0.0,0
000391,NEG,0,OLD,0.0,0
000392,NEG,0,OLD,0.0,0
000393,NEG,0,OLD,0.0,0
000394,NEG,0,OLD,0.0,0
000395,NEG,0,OLD,0.0,0
000396,NEG,0,OLD,0.0,0
000397,NEG,0,OLD,0.0010080045321956277,1
000398,NEG,0,OLD,0.0015643412480130792,4
000399,NEG,0,OLD,0.0012971126707270741,3
000400,NEG,0,OLD,0.003084274008870125,11
000401,NEG,0,OLD,0.002193664899095893,6
000402,NEG,0,OLD,0.0015912881353870034,3
000403,NEG,0,OLD,0.0,0
000404,NEG,0,OLD,0.0011558765545487404,1
000405,NEG,0,OLD,0.0017597408732399344,2
000406,NEG,0,OLD,0.0,0
000407,NEG,0,OLD,0.0,0
000408,NEG,0,OLD,0.0,0
000409,NEG,0,OLD,0.0,0
000410,NEG,0,OLD,0.0,0
000411,NEG,0,OLD,0.0,0
000412,NEG,0,OLD,0.0,0
000413,NEG,0,OLD,0.0,0
000414,NEG,0,OLD,0.0,0
000415,NEG,0,OLD,0.0,0
000416,NEG,0,OLD,0.0013997489586472511,1
000417,NEG,0,OLD,0.0015187793178483844,1
000418,NEG,0,OLD,0.0,0
000419,NEG,0,OLD,0.0,0
000420,NEG,0,OLD,0.0011467476142570376,1
000421,NEG,0,OLD,0.0,0
000422,NEG,0,OLD,0.0,0
000423,NEG,0,OLD,0.0,0
000424,NEG,0,OLD,0.0,0
000425,NEG,0,OLD,0.0,0
000426,NEG,0,OLD,0.0010181143879890442,1
000427,NEG,0,OLD,0.0,0
000428,NEG,0,OLD,0.0,0
000429,NEG,0,OLD,0.0,0
000430,NEG,0,OLD,0.0,0
000431,NEG,0,OLD,0.0,0
000432,NEG,0,OLD,0.0,0
000433,NEG,0,OLD,0.0,0
000434,NEG,0,OLD,0.0,0
000435,NEG,0,OLD,0.001002224045805633,1
000436,NEG,0,OLD,0.001128189149312675,1
000437,NEG,0,OLD,0.0,0
000438,NEG,0,OLD,0.0,0
000439,NEG,0,OLD,0.004677709192037582,12
000440,NEG,0,OLD,0.005002367310225964,10
000441,NEG,0,OLD,0.00906127318739891,24
000442,NEG,0,OLD,0.008237531408667564,14
000443,NEG,0,OLD,0.0034306258894503117,4
000444,NEG,0,OLD,0.0026320319157093763,4
000445,NEG,0,OLD,0.0022217053920030594,7
000446,NEG,0,OLD,0.003133089980110526,3
000447,NEG,0,OLD,0.004470079205930233,3
000448,NEG,0,OLD,0.0024720081128180027,3
000449,NEG,0,OLD,0.0011845468543469906,1
000450,NEG,0,OLD,0.002623259322717786,3
000451,NEG,0,OLD,0.0042120302096009254,6
000452,NEG,0,OLD,0.0026102717965841293,4
000453,NEG,0,OLD,0.005427946802228689,2
000454,NEG,0,OLD,0.0012337638763710856,2
000455,NEG,0,OLD,0.006342749111354351,16
000456,NEG,0,OLD,0.009449491277337074,3
000457,NEG,0,OLD,0.002053905976936221,1
000458,NEG,0,OLD,0.001509660156443715,1
000459,NEG,0,OLD,0.0023655667901039124,3
000460,NEG,0,OLD,0.001008757739327848,1
000461,NEG,0,OLD,0.007250765338540077,3
000462,NEG,0,OLD,0.011045271530747414,2
000463,NEG,0,OLD,0.024025294929742813,13
000464,NEG,0,OLD,0.026551293209195137,15
000465,NEG,0,OLD,0.006449110805988312,12
000466,NEG,0,OLD,0.0015619597397744656,5
000467,NEG,0,OLD,0.002417256822809577,8
000468,NEG,0,OLD,0.00497255427762866,10
000469,NEG,0,OLD,0.0034698708914220333,10
000470,NEG,0,OLD,0.004585922230035067,9
000471,NEG,0,OLD,0.009263372980058193,9
000472,NEG,0,OLD,0.0015432290965691209,2
000473,NEG,0,OLD,0.0010272255167365074,1
000474,NEG,0,OLD,0.0031866750214248896,9
000475,NEG,0,OLD,0.0041483803652226925,3
000476,NEG,0,OLD,0.0,0
000477,NEG,0,OLD,0.01419084519147873,15
000478,NEG,0,OLD,0.0022637653164565563,1
000479,NEG,0,OLD,0.0,0
000480,NEG,0,OLD,0.002852665726095438,1
000481,NEG,0,OLD,0.0012247787090018392,1
000482,NEG,0,OLD,0.0,0
000483,NEG,0,OLD,0.0,0
000484,NEG,0,OLD,0.0010665596928447485,1
000485,NEG,0,OLD,0.0,0
000486,NEG,0,OLD,0.0014396742917597294,1
000487,NEG,0,OLD,0.0,0
000488,NEG,0,OLD,0.0,0
000489,NEG,0,OLD,0.0029175332747399807,5
000490,NEG,0,OLD,0.0011213389225304127,2
000491,NEG,0,OLD,0.0,0
000492,NEG,0,OLD,0.0020823930390179157,2
000493,NEG,0,OLD,0.0,0
000494,NEG,0,OLD,0.0028575053438544273,5
000495,NEG,0,OLD,0.004044672008603811,4
000496,NEG,0,OLD,0.014571414329111576,15
000497,NEG,0,OLD,0.010265331715345383,9
000498,NEG,0,OLD,0.010855874978005886,7
000499,NEG,0,OLD,0.015530417673289776,7
000500,NEG,0,OLD,0.024845022708177567,10
000501,NEG,0,OLD,0.023188531398773193,15
000502,NEG,0,OLD,0.05665826052427292,12
000503,NEG,0,OLD,0.009666143916547298,3
000504,NEG,0,OLD,0.004618980456143618,9
000505,NEG,0,OLD,0.011992053128778934,4
000506,NEG,0,OLD,0.0367853082716465,9
000507,NEG,0,OLD,0.0,0
000508,NEG,0,OLD,0.005198928061872721,10
000509,NEG,0,OLD,0.10119660943746567,6
000510,NEG,0,OLD,0.18177413940429688,4
000511,NEG,0,OLD,0.0020693314727395773,4
000512,NEG,0,OLD,0.0014064059359952807,1
000513,NEG,0,OLD,0.002521166345104575,1
000514,NEG,0,OLD,0.003697338281199336,1
000515,NEG,0,OLD,0.05427910387516022,9
000516,NEG,0,OLD,0.15546900033950806,11
000517,NEG,0,OLD,0.0664624273777008,15
000518,NEG,0,OLD,0.08525566011667252,4
000519,NEG,0,OLD,0.10278201848268509,6
000520,NEG,0,OLD,0.004461813718080521,4
000521,NEG,0,OLD,0.011141853407025337,5
000522,NEG,0,OLD,0.03258990868926048,4
000523,NEG,0,OLD,0.002544968156144023,7
000524,NEG,0,OLD,0.005605229176580906,11
000525,NEG,0,OLD,0.002704125829041004,6
000526,NEG,0,OLD,0.0013417477020993829,1
000527,NEG,0,OLD,0.0018859896808862686,1
000528,NEG,0,OLD,0.012126143090426922,5
000529,NEG,0,OLD,0.00251034670509398,1
000530,NEG,0,OLD,0.0,0
000531,NEG,0,OLD,0.0,0
000532,NEG,0,OLD,0.001767887151800096,2
000533,NEG,0,OLD,0.0,0
000534,NEG,0,OLD,0.0,0
000535,NEG,0,OLD,0.002397834789007902,5
000536,NEG,0,OLD,0.005631009582430124,2
000537,NEG,0,OLD,0.002569977892562747,3
000538,NEG,0,OLD,0.004262525122612715,1
000539,NEG,0,OLD,0.005836653523147106,3
000540,NEG,0,OLD,0.002961289370432496,5
000541,NEG,0,OLD,0.0024909735657274723,2
000542,NEG,0,OLD,0.0,0
000543,NEG,0,OLD,0.0,0
000544,NEG,0,OLD,0.001941332477144897,1
000545,NEG,0,OLD,0.001735756522975862,2
000546,NEG,0,OLD,0.004485952202230692,4
000547,NEG,0,OLD,0.009156552143394947,1
000548,NEG,0,OLD,0.0,0
000549,NEG,0,OLD,0.00462355837225914,5
000550,NEG,0,OLD,0.01895088143646717,9
000551,NEG,0,OLD,0.0,0
000552,NEG,0,OLD,0.0017427215352654457,2
000553,NEG,0,OLD,0.0399785079061985,6
000554,NEG,0,OLD,0.0014744610525667667,3
000555,NEG,0,OLD,0.0,0
000556,NEG,0,OLD,0.005711008794605732,3
000557,NEG,0,OLD,0.018069203943014145,2
000558,NEG,0,OLD,0.0011465236311778426,1
000559,NEG,0,OLD,0.001191109768114984,1
000560,NEG,0,OLD,0.008935876190662384,11
000561,NEG,0,OLD,0.00772498594596982,22
000562,NEG,0,OLD,0.035163670778274536,10
000563,NEG,0,OLD,0.03610106185078621,14
000564,NEG,0,OLD,0.1153065636754036,14
000565,NEG,0,OLD,0.060609761625528336,14
000566,NEG,0,OLD,0.02230020798742771,17
000567,NEG,0,OLD,0.037799395620822906,13
000568,NEG,0,OLD,0.05526785925030708,15
000569,NEG,0,OLD,0.08546291291713715,14
000570,NEG,0,OLD,0.056326303631067276,14
000571,NEG,0,OLD,0.027048209682106972,10
000572,NEG,0,OLD,0.03869406506419182,8
000573,NEG,0,OLD,0.0028172226157039404,2
000574,NEG,0,OLD,0.002464507007971406,2
000575,NEG,0,OLD,0.08059409260749817,1
000576,NEG,0,OLD,0.019116470590233803,7
000577,NEG,0,OLD,0.006338071543723345,8
000578,NEG,0,OLD,0.01743348315358162,3
000579,NEG,0,OLD,0.017816001549363136,8
000580,NEG,0,OLD,0.015066287480294704,7
000581,NEG,0,OLD,0.0,0
000582,NEG,0,OLD,0.009476174600422382,6
000583,NEG,0,OLD,0.0014031963655725121,2
000584,NEG,0,OLD,0.0,0
000585,NEG,0,OLD,0.0013522962108254433,1
000586,NEG,0,OLD,0.002215819200500846,3
000587,NEG,0,OLD,0.003986255265772343,2
000588,NEG,0,OLD,0.0,0
000589,NEG,0,OLD,0.017725983634591103,1
000590,NEG,0,OLD,0.00601079361513257,4
000591,NEG,0,OLD,0.007464140187948942,1
000592,NEG,0,OLD,0.004052893724292517,2
000593,NEG,0,OLD,0.002322894986718893,1
000594,NEG,0,OLD,0.0016799896256998181,1
000595,NEG,0,OLD,0.0196385458111763,2
000596,NEG,0,OLD,0.13137780129909515,1
000597,NEG,0,OLD,0.0,0
000598,NEG,0,OLD,0.0024088933132588863,4
000599,NEG,0,OLD,0.0015070143854245543,1
000600,NEG,0,OLD,0.00546512333676219,11
000601,NEG,0,OLD,0.004996536765247583,8
000602,NEG,0,OLD,0.0030696881003677845,5
000603,NEG,0,OLD,0.006409767549484968,9
000604,NEG,0,OLD,0.0023624179884791374,3
000605,NEG,0,OLD,0.015206176787614822,6
000606,NEG,0,OLD,0.02524404413998127,6
000607,NEG,0,OLD,0.02013615518808365,2
000608,NEG,0,OLD,0.004506965633481741,4
000609,NEG,0,OLD,0.013460738584399223,5
000610,NEG,0,OLD,0.004898295272141695,5
000611,NEG,0,OLD,0.0012434633681550622,1
000612,NEG,0,OLD,0.004191948100924492,4
000613,NEG,0,OLD,0.001374799874611199,2
000614,NEG,0,OLD,0.0019330388167873025,5
000615,NEG,0,OLD,0.007393496576696634,3
000616,NEG,0,OLD,0.0,0
000617,NEG,0,OLD,0.04745909944176674,2
000618,NEG,0,OLD,0.002056388882920146,4
000619,NEG,0,OLD,0.0,0
000620,NEG,0,OLD,0.0,0
000621,NEG,0,OLD,0.0014502033591270447,2
000622,NEG,0,OLD,0.0,0
000623,NEG,0,OLD,0.0,0
000624,NEG,0,OLD,0.006592394318431616,2
000625,NEG,0,OLD,0.0015160461189225316,5
000626,NEG,0,OLD,0.0027272342704236507,4
000627,NEG,0,OLD,0.0010812805267050862,1
000628,NEG,0,OLD,0.003407771233469248,4
000629,NEG,0,OLD,0.0035388879477977753,5
000630,NEG,0,OLD,0.005387699231505394,5
000631,NEG,0,OLD,0.0014941301196813583,2
000632,NEG,0,OLD,0.004895188845694065,5
000633,NEG,0,OLD,0.0075295777060091496,3
000634,NEG,0,OLD,0.00484980084002018,9
000635,NEG,0,OLD,0.09604382514953613,5
000636,NEG,0,OLD,0.037260837852954865,2
000637,NEG,0,OLD,0.03168800100684166,7
000638,NEG,0,OLD,0.050805531442165375,4
000639,NEG,0,OLD,0.4201752841472626,8
000640,NEG,0,OLD,0.007293280679732561,6
000641,NEG,0,OLD,0.0033523794263601303,7
000642,NEG,0,OLD,0.009919915348291397,8
000643,NEG,0,OLD,0.06410003453493118,5
000644,NEG,0,OLD,0.018971219658851624,5
000645,NEG,0,OLD,0.037279028445482254,6
000646,NEG,0,OLD,0.001956002088263631,2
000647,NEG,0,OLD,0.001767484936863184,3
000648,NEG,0,OLD,0.005944384261965752,10
000649,NEG,0,OLD,0.0012579514877870679,2
000650,NEG,0,OLD,0.002502275165170431,6
000651,NEG,0,OLD,0.001902653486467898,6
000652,NEG,0,OLD,0.0024454749654978514,6
000653,NEG,0,OLD,0.0032062986865639687,5
000654,NEG,0,OLD,0.0016446177614852786,3
000655,NEG,0,OLD,0.0025204122066497803,4
000656,NEG,0,OLD,0.005025404039770365,5
000657,NEG,0,OLD,0.003024652600288391,5
000658,NEG,0,OLD,0.003914615139365196,6
000659,NEG,0,OLD,0.0031445499043911695,6
000660,NEG,0,OLD,0.0016685010632500052,3
000661,NEG,0,OLD,0.008824687451124191,11
000662,NEG,0,OLD,0.002679482800886035,7
000663,NEG,0,OLD,0.003124780487269163,5
000664,NEG,0,OLD,0.312443345785141,12
000665,NEG,0,OLD,0.07757710665464401,9
000666,NEG,0,OLD,0.007826678454875946,7
000667,NEG,0,OLD,0.060659486800432205,4
000668,NEG,0,OLD,0.03825760260224342,13
000669,NEG,0,OLD,0.012383533641695976,8
000670,NEG,0,OLD,0.002531731501221657,7
000671,NEG,0,OLD,0.002712273970246315,3
000672,NEG,0,OLD,0.003859024029225111,8
000673,NEG,0,OLD,0.008015078492462635,3
000674,NEG,0,OLD,0.003650498576462269,2
000675,NEG,0,OLD,0.003843847429379821,5
000676,NEG,0,OLD,0.0048918635584414005,3
000677,NEG,0,OLD,0.0011320323683321476,1
000678,NEG,0,OLD,0.0061929901130497456,1
000679,NEG,0,OLD,0.0,0
000680,NEG,0,OLD,0.0,0
000681,NEG,0,OLD,0.002990329870954156,1
000682,NEG,0,OLD,0.0,0
000683,NEG,0,OLD,0.004922907333821058,3
000684,NEG,0,OLD,0.0,0
000685,NEG,0,OLD,0.0010857266606763005,1
000686,NEG,0,OLD,0.0013269989285618067,3
000687,NEG,0,OLD,0.04593861475586891,2
000688,NEG,0,OLD,0.0,0
000689,NEG,0,OLD,0.00643068877980113,4
000690,NEG,0,OLD,0.009714997373521328,3
000691,NEG,0,OLD,0.0038478022906929255,2
000692,NEG,0,OLD,0.0011312766000628471,2
000693,NEG,0,OLD,0.003699529217556119,2
000694,NEG,0,OLD,0.001138410996645689,1
000695,NEG,0,OLD,0.0,0
000696,NEG,0,OLD,0.0,0
000697,NEG,0,OLD,0.0011458357330411673,1
000698,NEG,0,OLD,0.0012212302535772324,1
000699,NEG,0,OLD,0.0,0
000700,NEG,0,OLD,0.0015924142207950354,1
000701,NEG,0,OLD,0.0,0
000702,NEG,0,OLD,0.0,0
000703,NEG,0,OLD,0.0,0
000704,NEG,0,OLD,0.0,0
000705,NEG,0,OLD,0.0,0
000706,NEG,0,OLD,0.0,0
000707,NEG,0,OLD,0.0,0
000708,NEG,0,OLD,0.0,0
000709,NEG,0,OLD,0.0,0
000710,NEG,0,OLD,0.0010809066006913781,1
000711,NEG,0,OLD,0.0,0
000712,NEG,0,OLD,0.0,0
000713,NEG,0,OLD,0.0,0
000714,NEG,0,OLD,0.0,0
000715,NEG,0,OLD,0.0014054719358682632,1
000716,NEG,0,OLD,0.0,0
000717,NEG,0,OLD,0.001528790220618248,1
000718,NEG,0,OLD,0.0,0
000719,NEG,0,OLD,0.0,0
000720,NEG,0,OLD,0.0013045601081103086,1
000721,NEG,0,OLD,0.0,0
000722,NEG,0,OLD,0.0011540821287781,1
000723,NEG,0,OLD,0.0,0
000724,NEG,0,OLD,0.0,0
000725,NEG,0,OLD,0.0030707272235304117,1
000726,NEG,0,OLD,0.0,0
000727,NEG,0,OLD,0.0,0
000728,NEG,0,OLD,0.0,0
000729,NEG,0,OLD,0.0,0
000730,NEG,0,OLD,0.0,0
000731,NEG,0,OLD,0.0,0
000732,NEG,0,OLD,0.0,0
000733,NEG,0,OLD,0.0,0
000734,NEG,0,OLD,0.0,0
000735,NEG,0,OLD,0.0,0
000736,NEG,0,OLD,0.0,0
000737,NEG,0,OLD,0.0,0
000738,NEG,0,OLD,0.0,0
000739,NEG,0,OLD,0.0,0
000740,NEG,0,OLD,0.0,0
000741,NEG,0,OLD,0.0,0
000742,NEG,0,OLD,0.0,0
000743,NEG,0,OLD,0.0,0
000744,NEG,0,OLD,0.0,0
000745,NEG,0,OLD,0.0,0
000746,NEG,0,OLD,0.0,0
000747,NEG,0,OLD,0.0,0
000748,NEG,0,OLD,0.009191569872200489,8
000749,NEG,0,OLD,0.0036702624056488276,2
000750,NEG,0,OLD,0.015089406631886959,4
000751,NEG,0,OLD,0.0020287055522203445,3
000752,NEG,0,OLD,0.0024223020300269127,4
000753,NEG,0,OLD,0.0022284744773060083,3
000754,NEG,0,OLD,0.0067515186965465546,4
000755,NEG,0,OLD,0.002563722664490342,3
000756,NEG,0,OLD,0.0,0
000757,NEG,0,OLD,0.0,0
000758,NEG,0,OLD,0.0,0
000759,NEG,0,OLD,0.0,0
000760,NEG,0,OLD,0.0,0
000761,NEG,0,OLD,0.0,0
000762,NEG,0,OLD,0.0,0
000763,NEG,0,OLD,0.0029460617806762457,1
000764,NEG,0,OLD,0.0,0
000765,NEG,0,OLD,0.007698524743318558,5
000766,NEG,0,OLD,0.0,0
000767,NEG,0,OLD,0.0,0
000768,NEG,0,OLD,0.0017986171878874302,1
000769,NEG,0,OLD,0.002558438340201974,1
000770,NEG,0,OLD,0.0030090471263974905,3
000771,NEG,0,OLD,0.0022470077965408564,2
000772,NEG,0,OLD,0.00702647166326642,2
000773,NEG,0,OLD,0.0014846913982182741,2
000774,NEG,0,OLD,0.010027368552982807,1
000775,NEG,0,OLD,0.002672796370461583,1
000776,NEG,0,OLD,0.007899194024503231,1
000777,NEG,0,OLD,0.0069944728165864944,1
000778,NEG,0,OLD,0.0024699855130165815,1
000779,NEG,0,OLD,0.007068612612783909,2
000780,NEG,0,OLD,0.0,0
000781,NEG,0,OLD,0.012392185628414154,2
000782,NEG,0,OLD,0.005528727080672979,2
000783,NEG,0,OLD,0.0014376958133652806,1
000784,NEG,0,OLD,0.0,0
000785,NEG,0,OLD,0.0,0
000786,NEG,0,OLD,0.0,0
000787,NEG,0,OLD,0.0,0
000788,NEG,0,OLD,0.0015146147925406694,2
000789,NEG,0,OLD,0.0,0
000790,NEG,0,OLD,0.0026029576547443867,5
000791,NEG,0,OLD,0.0013246129965409636,1
000792,NEG,0,OLD,0.0,0
000793,NEG,0,OLD,0.0,0
000794,NEG,0,OLD,0.0,0
000795,NEG,0,OLD,0.0,0
000796,NEG,0,OLD,0.0,0
000797,NEG,0,OLD,0.0,0
000798,NEG,0,OLD,0.0,0
000799,NEG,0,OLD,0.0,0
000800,NEG,0,OLD,0.0,0
000801,NEG,0,OLD,0.0,0
000802,NEG,0,OLD,0.0,0
000803,NEG,0,OLD,0.0,0
000804,NEG,0,OLD,0.0,0
000805,NEG,0,OLD,0.0,0
000806,NEG,0,OLD,0.0,0
000807,NEG,0,OLD,0.0,0
000808,NEG,0,OLD,0.0,0
000809,NEG,0,OLD,0.0,0
000810,NEG,0,OLD,0.0,0
000811,NEG,0,OLD,0.0,0
000812,NEG,0,OLD,0.0,0
000813,NEG,0,OLD,0.0,0
000814,NEG,0,OLD,0.0,0
000815,NEG,0,OLD,0.0,0
000816,NEG,0,OLD,0.0,0
000817,NEG,0,OLD,0.0,0
000818,NEG,0,OLD,0.0,0
000819,NEG,0,OLD,0.0,0
000820,NEG,0,OLD,0.0,0
000821,NEG,0,OLD,0.0,0
000822,NEG,0,OLD,0.0,0
000823,NEG,0,OLD,0.0,0
000824,NEG,0,OLD,0.0,0
000825,NEG,0,OLD,0.0,0
000826,NEG,0,OLD,0.0,0
000827,NEG,0,OLD,0.0,0
000828,NEG,0,OLD,0.0,0
000829,NEG,0,OLD,0.0,0
000830,NEG,0,OLD,0.0,0
000831,NEG,0,OLD,0.0,0
000832,NEG,0,OLD,0.0,0
000833,NEG,0,OLD,0.0,0
000834,NEG,0,OLD,0.0,0
000835,NEG,0,OLD,0.0,0
000836,NEG,0,OLD,0.0,0
000837,NEG,0,OLD,0.0,0
000838,NEG,0,OLD,0.0,0
000839,NEG,0,OLD,0.0,0
000840,NEG,0,OLD,0.0,0
000841,NEG,0,OLD,0.0,0
000842,NEG,0,OLD,0.0,0
000843,NEG,0,OLD,0.0,0
000844,NEG,0,OLD,0.0,0
000845,NEG,0,OLD,0.0,0
000846,NEG,0,OLD,0.0,0
000847,NEG,0,OLD,0.0,0
000848,NEG,0,OLD,0.0,0
000849,NEG,0,OLD,0.015557036735117435,1
000850,NEG,0,OLD,0.0,0
000851,NEG,0,OLD,0.0,0
000852,NEG,0,OLD,0.0010224870638921857,1
000853,NEG,0,OLD,0.0,0
000854,NEG,0,OLD,0.0,0
000855,NEG,0,OLD,0.0,0
000856,NEG,0,OLD,0.0,0
000857,NEG,0,OLD,0.0,0
000858,NEG,0,OLD,0.0,0
000859,NEG,0,OLD,0.0,0
000860,NEG,0,OLD,0.0,0
000861,NEG,0,OLD,0.0,0
000862,NEG,0,OLD,0.0010073335142806172,1
000863,NEG,0,OLD,0.0,0
000864,NEG,0,OLD,0.0,0
000865,NEG,0,OLD,0.0,0
000866,NEG,0,OLD,0.0,0
000867,NEG,0,OLD,0.0,0
000868,NEG,0,OLD,0.0,0
000869,NEG,0,OLD,0.0,0
000870,NEG,0,OLD,0.0,0
000871,NEG,0,OLD,0.0,0
000872,NEG,0,OLD,0.0,0
000873,NEG,0,OLD,0.0,0
000874,NEG,0,OLD,0.0,0
000875,NEG,0,OLD,0.0,0
000876,NEG,0,OLD,0.0,0
000877,NEG,0,OLD,0.0,0
000878,NEG,0,OLD,0.0,0
000879,NEG,0,OLD,0.0,0
000880,NEG,0,OLD,0.0,0
000881,NEG,0,OLD,0.0,0
000882,NEG,0,OLD,0.0,0
000883,NEG,0,OLD,0.0,0
000884,NEG,0,OLD,0.0,0
000885,NEG,0,OLD,0.0,0
000886,NEG,0,OLD,0.0,0
000887,NEG,0,OLD,0.0,0
000888,NEG,0,OLD,0.0,0
000889,NEG,0,OLD,0.0,0
000890,NEG,0,OLD,0.0,0
000891,NEG,0,OLD,0.0,0
000892,NEG,0,OLD,0.0,0
000893,NEG,0,OLD,0.0,0
000894,NEG,0,OLD,0.0,0
000895,NEG,0,OLD,0.0,0
000896,NEG,0,OLD,0.0,0
000897,NEG,0,OLD,0.0,0
000898,NEG,0,OLD,0.0,0
000899,NEG,0,OLD,0.0,0
000900,NEG,0,OLD,0.0,0
000901,NEG,0,OLD,0.0,0
000902,NEG,0,OLD,0.0,0
000903,NEG,0,OLD,0.0,0
000904,NEG,0,OLD,0.0,0
000905,NEG,0,OLD,0.0,0
000906,NEG,0,OLD,0.0,0
000907,NEG,0,OLD,0.0,0
000908,NEG,0,OLD,0.0,0
000909,NEG,0,OLD,0.0,0
000910,NEG,0,OLD,0.0,0
000911,NEG,0,OLD,0.0,0
000912,NEG,0,OLD,0.0,0
000913,NEG,0,OLD,0.0,0
000914,NEG,0,OLD,0.0,0
000915,NEG,0,OLD,0.0,0
000916,NEG,0,OLD,0.0,0
000917,NEG,0,OLD,0.0,0
000918,NEG,0,OLD,0.0,0
000919,NEG,0,OLD,0.0,0
000920,NEG,0,OLD,0.0,0
000921,NEG,0,OLD,0.0,0
000922,NEG,0,OLD,0.0,0
000923,NEG,0,OLD,0.0,0
000924,NEG,0,OLD,0.0,0
000925,NEG,0,OLD,0.0,0
000926,NEG,0,OLD,0.0,0
000927,NEG,0,OLD,0.0,0
000928,NEG,0,OLD,0.0,0
000929,NEG,0,OLD,0.0,0
000930,NEG,0,OLD,0.0049383859150111675,1
000931,NEG,0,OLD,0.005489204078912735,1
000932,NEG,0,OLD,0.006173805799335241,4
000933,NEG,0,OLD,0.0,0
000934,NEG,0,OLD,0.0,0
000935,NEG,0,OLD,0.0,0
000936,NEG,0,OLD,0.0,0
000937,NEG,0,OLD,0.0,0
000938,NEG,0,OLD,0.0,0
000939,NEG,0,OLD,0.0,0
000940,NEG,0,OLD,0.0,0
000941,NEG,0,OLD,0.0,0
000942,NEG,0,OLD,0.0,0
000943,NEG,0,OLD,0.0,0
000944,NEG,0,OLD,0.0,0
000945,NEG,0,OLD,0.0014969026669859886,1
000946,NEG,0,OLD,0.0,0
000947,NEG,0,OLD,0.0,0
000948,NEG,0,OLD,0.0,0
000949,NEG,0,OLD,0.0,0
000950,NEG,0,OLD,0.0,0
000951,NEG,0,OLD,0.0,0
000952,NEG,0,OLD,0.0,0
000953,NEG,0,OLD,0.0,0
000954,NEG,0,OLD,0.0,0
000955,NEG,0,OLD,0.0,0
000956,NEG,0,OLD,0.0,0
000957,NEG,0,OLD,0.0,0
000958,NEG,0,OLD,0.0,0
000959,NEG,0,OLD,0.0,0
000960,NEG,0,OLD,0.0,0
000961,NEG,0,OLD,0.0,0
000962,NEG,0,OLD,0.0,0
000963,NEG,0,OLD,0.0,0
000964,NEG,0,OLD,0.0,0
000965,NEG,0,OLD,0.0,0
000966,NEG,0,OLD,0.0,0
000967,NEG,0,OLD,0.0,0
000968,NEG,0,OLD,0.0,0
000969,NEG,0,OLD,0.0,0
000970,NEG,0,OLD,0.0,0
000971,NEG,0,OLD,0.0,0
000972,NEG,0,OLD,0.0,0
000973,NEG,0,OLD,0.0,0
000974,NEG,0,OLD,0.0,0
000975,NEG,0,OLD,0.0,0
000976,NEG,0,OLD,0.0,0
000977,NEG,0,OLD,0.0,0
000978,NEG,0,OLD,0.0,0
000979,NEG,0,OLD,0.0,0
000980,NEG,0,OLD,0.0,0
000981,NEG,0,OLD,0.0,0
000982,NEG,0,OLD,0.0,0
000983,NEG,0,OLD,0.0,0
000984,NEG,0,OLD,0.0,0
000985,NEG,0,OLD,0.0,0
000986,NEG,0,OLD,0.0,0
000987,NEG,0,OLD,0.0,0
000988,NEG,0,OLD,0.0,0
000989,NEG,0,OLD,0.0,0
000990,NEG,0,OLD,0.0,0
000991,NEG,0,OLD,0.0,0
000992,NEG,0,OLD,0.0,0
000993,NEG,0,OLD,0.0,0
000994,NEG,0,OLD,0.0,0
000995,NEG,0,OLD,0.0,0
000996,NEG,0,OLD,0.0,0
000997,NEG,0,OLD,0.0,0
000998,NEG,0,OLD,0.0,0
000999,NEG,0,OLD,0.0,0
001000,NEG,0,OLD,0.0,0
001001,NEG,0,OLD,0.0,0
001002,NEG,0,OLD,0.0,0
001003,NEG,0,OLD,0.0,0
001004,NEG,0,OLD,0.0,0
001005,NEG,0,OLD,0.0,0
001006,NEG,0,OLD,0.0,0
001007,NEG,0,OLD,0.0,0
001008,NEG,0,OLD,0.0,0
001009,NEG,0,OLD,0.0,0
001010,NEG,0,OLD,0.0,0
001011,NEG,0,OLD,0.0,0
001012,NEG,0,OLD,0.0,0
001013,NEG,0,OLD,0.0,0
001014,NEG,0,OLD,0.0,0
001015,NEG,0,OLD,0.0,0
001016,NEG,0,OLD,0.0,0
001017,NEG,0,OLD,0.0,0
001018,NEG,0,OLD,0.0,0
001019,NEG,0,OLD,0.0,0
001020,NEG,0,OLD,0.0,0
001021,NEG,0,OLD,0.0,0
001022,NEG,0,OLD,0.0,0
001023,NEG,0,OLD,0.0,0
001024,NEG,0,OLD,0.0,0
001025,NEG,0,OLD,0.0,0
001026,NEG,0,OLD,0.0,0
001027,NEG,0,OLD,0.0,0
001028,NEG,0,OLD,0.003911210689693689,1
001029,NEG,0,OLD,0.0,0
001030,NEG,0,OLD,0.011264066211879253,6
001031,NEG,0,OLD,0.00291988393291831,1
001032,NEG,0,OLD,0.0,0
001033,NEG,0,OLD,0.0,0
001034,NEG,0,OLD,0.0,0
001035,NEG,0,OLD,0.004251366015523672,3
001036,NEG,0,OLD,0.0,0
001037,NEG,0,OLD,0.0,0
001038,NEG,0,OLD,0.0,0
001039,NEG,0,OLD,0.0,0
001040,NEG,0,OLD,0.0,0
001041,NEG,0,OLD,0.0,0
001042,NEG,0,OLD,0.0,0
001043,NEG,0,OLD,0.0,0
001044,NEG,0,OLD,0.0013104939134791493,1
001045,NEG,0,OLD,0.0,0
001046,NEG,0,OLD,0.0,0
001047,NEG,0,OLD,0.0,0
001048,NEG,0,OLD,0.0,0
001049,NEG,0,OLD,0.0,0
001050,NEG,0,OLD,0.0,0
001051,NEG,0,OLD,0.0,0
001052,NEG,0,OLD,0.0,0
001053,NEG,0,OLD,0.0,0
001054,NEG,0,OLD,0.0,0
001055,NEG,0,OLD,0.0,0
001056,NEG,0,OLD,0.0,0
001057,NEG,0,OLD,0.0,0
001058,NEG,0,OLD,0.0,0
001059,NEG,0,OLD,0.0,0
001060,NEG,0,OLD,0.0,0
001061,NEG,0,OLD,0.0,0
001062,NEG,0,OLD,0.0,0
001063,NEG,0,OLD,0.0,0
001064,NEG,0,OLD,0.006413972470909357,1
001065,NEG,0,OLD,0.013248879462480545,1
001066,NEG,0,OLD,0.0010757138952612877,1
001067,NEG,0,OLD,0.0,0
001068,NEG,0,OLD,0.0,0
001069,NEG,0,OLD,0.003710782388225198,2
001070,NEG,0,OLD,0.003919275477528572,1
001071,NEG,0,OLD,0.0,0
001072,NEG,0,OLD,0.0016894740983843803,1
001073,NEG,0,OLD,0.0024025682359933853,1
001074,NEG,0,OLD,0.0014869450824335217,1
001075,NEG,0,OLD,0.0,0
001076,NEG,0,OLD,0.0,0
001077,NEG,0,OLD,0.002952926093712449,5
001078,NEG,0,OLD,0.004682171158492565,5
001079,NEG,0,OLD,0.0,0
001080,NEG,0,OLD,0.0,0
001081,NEG,0,OLD,0.0,0
001082,NEG,0,OLD,0.0,0
001083,NEG,0,OLD,0.0010249404003843665,1
001084,NEG,0,OLD,0.0011708479141816497,1
001085,NEG,0,OLD,0.0,0
001086,NEG,0,OLD,0.0,0
001087,NEG,0,OLD,0.0,0
001088,NEG,0,OLD,0.0,0
001089,NEG,0,OLD,0.0,0
001090,NEG,0,OLD,0.0,0
001091,NEG,0,OLD,0.00121181714348495,1
001092,NEG,0,OLD,0.0,0
001093,NEG,0,OLD,0.001722378539852798,1
001094,NEG,0,OLD,0.0012503808829933405,1
001095,NEG,0,OLD,0.0010765951592475176,1
001096,NEG,0,OLD,0.0,0
001097,NEG,0,OLD,0.0,0
001098,NEG,0,OLD,0.0,0
001099,NEG,0,OLD,0.038315366953611374,4
001100,NEG,0,OLD,0.1783762276172638,3
001101,NEG,0,OLD,0.010673794895410538,3
001102,NEG,0,OLD,0.003663924289867282,4
001103,NEG,0,OLD,0.02287040650844574,2
001104,NEG,0,OLD,0.0014119537081569433,1
001105,NEG,0,OLD,0.006661020219326019,2
001106,NEG,0,OLD,0.0017504675779491663,1
001107,NEG,0,OLD,0.0028403224423527718,1
001108,NEG,0,OLD,0.008033555932343006,1
001109,NEG,0,OLD,0.00676542054861784,2
001110,NEG,0,OLD,0.0022061236668378115,1
001111,NEG,0,OLD,0.001436331425793469,1
001112,NEG,0,OLD,0.002026705304160714,3
001113,NEG,0,OLD,0.0018157139420509338,1
001114,NEG,0,OLD,0.0,0
001115,NEG,0,OLD,0.0,0
001116,NEG,0,OLD,0.0,0
001117,NEG,0,OLD,0.0012199669145047665,1
001118,NEG,0,OLD,0.0019425266655161977,1
001119,NEG,0,OLD,0.0,0
001120,NEG,0,OLD,0.0,0
001121,NEG,0,OLD,0.005291797686368227,1
001122,NEG,0,OLD,0.0,0
001123,NEG,0,OLD,0.0022966593969613314,1
001124,NEG,0,OLD,0.0,0
001125,NEG,0,OLD,0.0,0
001126,NEG,0,OLD,0.0,0
001127,NEG,0,OLD,0.0,0
001128,NEG,0,OLD,0.0,0
001129,NEG,0,OLD,0.0,0
001130,NEG,0,OLD,0.0,0
001131,NEG,0,OLD,0.0,0
001132,NEG,0,OLD,0.0011759524932131171,1
001133,NEG,0,OLD,0.0010057047475129366,1
001134,NEG,0,OLD,0.0,0
001135,NEG,0,OLD,0.0,0
001136,NEG,0,OLD,0.001444519846700132,2
001137,NEG,0,OLD,0.0,0
001138,NEG,0,OLD,0.0,0
001139,NEG,0,OLD,0.002614374039694667,1
001140,NEG,0,OLD,0.0,0
001141,NEG,0,OLD,0.0,0
001142,NEG,0,OLD,0.0,0
001143,NEG,0,OLD,0.006706025917083025,1
001144,NEG,0,OLD,0.003532720496878028,3
001145,NEG,0,OLD,0.0013176209758967161,1
001146,NEG,0,OLD,0.002608789596706629,1
001147,NEG,0,OLD,0.0,0
001148,NEG,0,OLD,0.0028693871572613716,5
001149,NEG,0,OLD,0.0,0
001150,NEG,0,OLD,0.0026105199940502644,1
001151,NEG,0,OLD,0.0012659028870984912,1
001152,NEG,0,OLD,0.00333210825920105,2
001153,NEG,0,OLD,0.004620703868567944,6
001154,NEG,0,OLD,0.00894827488809824,1
001155,NEG,0,OLD,0.003680470399558544,1
001156,NEG,0,OLD,0.0,0
001157,NEG,0,OLD,0.0038295884151011705,1
001158,NEG,0,OLD,0.006768433377146721,1
001159,NEG,0,OLD,0.01005670614540577,1
001160,NEG,0,OLD,0.00911643635481596,1
001161,NEG,0,OLD,0.0,0
001162,NEG,0,OLD,0.00487164594233036,1
001163,NEG,0,OLD,0.02015230432152748,3
001164,NEG,0,OLD,0.0044538709335029125,6
001165,NEG,0,OLD,0.013413051143288612,3
001166,NEG,0,OLD,0.002125401049852371,1
001167,NEG,0,OLD,0.00482077756896615,2
001168,NEG,0,OLD,0.002744226949289441,1
001169,NEG,0,OLD,0.0,0
001170,NEG,0,OLD,0.0,0
001171,NEG,0,OLD,0.0,0
001172,NEG,0,OLD,0.0,0
001173,NEG,0,OLD,0.0,0
001174,NEG,0,OLD,0.0,0
001175,NEG,0,OLD,0.0,0
001176,NEG,0,OLD,0.0,0
001177,NEG,0,OLD,0.0,0
001178,NEG,0,OLD,0.0010943870292976499,1
001179,NEG,0,OLD,0.003917761147022247,5
001180,NEG,0,OLD,0.0037667450960725546,4
001181,NEG,0,OLD,0.003984931856393814,5
001182,NEG,0,OLD,0.0014490464236587286,2
001183,NEG,0,OLD,0.0032881153747439384,5
001184,NEG,0,OLD,0.003805423155426979,6
001185,NEG,0,OLD,0.001707627554424107,5
001186,NEG,0,OLD,0.0020167764741927385,2
001187,NEG,0,OLD,0.0019966273102909327,3
001188,NEG,0,OLD,0.0032183483708649874,3
001189,NEG,0,OLD,0.0018191039562225342,2
001190,NEG,0,OLD,0.0012112546246498823,1
001191,NEG,0,OLD,0.0,0
001192,NEG,0,OLD,0.004065593704581261,7
001193,NEG,0,OLD,0.0027449592016637325,3
001194,NEG,0,OLD,0.0,0
001195,NEG,0,OLD,0.00312846340239048,2
001196,NEG,0,OLD,0.0030285720713436604,3
001197,NEG,0,OLD,0.006986780557781458,8
001198,NEG,0,OLD,0.005480547901242971,4
001199,NEG,0,OLD,0.007747116032987833,5
001200,NEG,0,OLD,0.0028526412788778543,1
001201,NEG,0,OLD,0.010712483897805214,1
001202,NEG,0,OLD,0.009735142812132835,2
001203,NEG,0,OLD,0.0,0
001204,NEG,0,OLD,0.0,0
001205,NEG,0,OLD,0.0,0
001206,NEG,0,OLD,0.0,0
001207,NEG,0,OLD,0.00151439115870744,2
001208,NEG,0,OLD,0.0021471974905580282,3
001209,NEG,0,OLD,0.005371470004320145,1
001210,NEG,0,OLD,0.0028998898342251778,1
001211,NEG,0,OLD,0.0038459678180515766,6
001212,NEG,0,OLD,0.0029939189553260803,4
001213,NEG,0,OLD,0.002289121737703681,3
001214,NEG,0,OLD,0.007544516585767269,3
001215,NEG,0,OLD,0.003495751181617379,2
001216,NEG,0,OLD,0.0029500843957066536,4
001217,NEG,0,OLD,0.017011579126119614,3
001218,NEG,0,OLD,0.011758244596421719,3
001219,NEG,0,OLD,0.0020036278292536736,5
001220,NEG,0,OLD,0.0023192951921373606,4
001221,NEG,0,OLD,0.0016103159869089723,2
001222,NEG,0,OLD,0.003132767044007778,4
001223,NEG,0,OLD,0.006412024609744549,7
001224,NEG,0,OLD,0.005938777234405279,6
001225,NEG,0,OLD,0.035544201731681824,1
001226,NEG,0,OLD,0.002680270466953516,3
001227,NEG,0,OLD,0.0025079157203435898,1
001228,NEG,0,OLD,0.005671605002135038,6
001229,NEG,0,OLD,0.05085642263293266,8
001230,NEG,0,OLD,0.0034540733322501183,4
001231,NEG,0,OLD,0.0508432574570179,7
001232,NEG,0,OLD,0.010314787738025188,5
001233,NEG,0,OLD,0.06952150911092758,2
001234,NEG,0,OLD,0.039905842393636703,2
001235,NEG,0,OLD,0.0,0
001236,NEG,0,OLD,0.00148750317748636,1
001237,NEG,0,OLD,0.0,0
001238,NEG,0,OLD,0.0,0
001239,NEG,0,OLD,0.0,0
001240,NEG,0,OLD,0.0,0
001241,NEG,0,OLD,0.0,0
001242,NEG,0,OLD,0.0,0
001243,NEG,0,OLD,0.0,0
001244,NEG,0,OLD,0.0,0
001245,NEG,0,OLD,0.0,0
001246,NEG,0,OLD,0.0,0
001247,NEG,0,OLD,0.0018379128305241466,2
001248,NEG,0,OLD,0.0,0
001249,NEG,0,OLD,0.0,0
001250,NEG,0,OLD,0.009521100670099258,2
001251,NEG,0,OLD,0.0,0
001252,NEG,0,OLD,0.008086750283837318,2
001253,NEG,0,OLD,0.0011160450521856546,1
001254,NEG,0,OLD,0.0,0
001255,NEG,0,OLD,0.0,0
001256,NEG,0,OLD,0.0,0
001257,NEG,0,OLD,0.0,0
001258,NEG,0,OLD,0.0,0
001259,NEG,0,OLD,0.0,0
001260,NEG,0,OLD,0.0,0
001261,NEG,0,OLD,0.0,0
001262,NEG,0,OLD,0.0,0
001263,NEG,0,OLD,0.0,0
001264,NEG,0,OLD,0.0,0
001265,NEG,0,OLD,0.0,0
001266,NEG,0,OLD,0.0,0
001267,NEG,0,OLD,0.0,0
001268,NEG,0,OLD,0.0020695796702057123,2
001269,NEG,0,OLD,0.0010213620262220502,1
001270,NEG,0,OLD,0.010390985757112503,1
001271,NEG,0,OLD,0.0,0
001272,NEG,0,OLD,0.0,0
001273,NEG,0,OLD,0.001760868588462472,1
001274,NEG,0,OLD,0.00886746495962143,5
001275,NEG,0,OLD,0.0017197938868775964,1
001276,NEG,0,OLD,0.0013275878736749291,1
001277,NEG,0,OLD,0.003907931502908468,3
001278,NEG,0,OLD,0.0020806367974728346,4
001279,NEG,0,OLD,0.0,0
001280,NEG,0,OLD,0.0,0
001281,NEG,0,OLD,0.009696349501609802,3
001282,NEG,0,OLD,0.004187998827546835,3
001283,NEG,0,OLD,0.006652969866991043,4
001284,NEG,0,OLD,0.001754305325448513,2
001285,NEG,0,OLD,0.0014360147761180997,1
001286,NEG,0,OLD,0.0019565830007195473,2
001287,NEG,0,OLD,0.0,0
001288,NEG,0,OLD,0.0,0
001289,NEG,0,OLD,0.0,0
001290,NEG,0,OLD,0.0011248828377574682,1
001291,NEG,0,OLD,0.003466288559138775,2
001292,NEG,0,OLD,0.0,0
001293,NEG,0,OLD,0.0,0
001294,NEG,0,OLD,0.0,0
001295,NEG,0,OLD,0.0,0
001296,NEG,0,OLD,0.004060116596519947,3
001297,NEG,0,OLD,0.0022209298331290483,3
001298,NEG,0,OLD,0.0014243311015889049,2
001299,NEG,0,OLD,0.0028755860403180122,4
001300,NEG,0,OLD,0.0,0
001301,NEG,0,OLD,0.001937773427926004,2
001302,NEG,0,OLD,0.0,0
001303,NEG,0,OLD,0.0,0
001304,NEG,0,OLD,0.0,0
001305,NEG,0,OLD,0.0,0
001306,NEG,0,OLD,0.0,0
001307,NEG,0,OLD,0.0,0
001308,NEG,0,OLD,0.0,0
001309,NEG,0,OLD,0.0,0
001310,NEG,0,OLD,0.001842070952989161,1
001311,NEG,0,OLD,0.003438804764300585,1
001312,NEG,0,OLD,0.0016180952079594135,1
001313,NEG,0,OLD,0.003711926518008113,4
001314,NEG,0,OLD,0.004004435148090124,1
001315,NEG,0,OLD,0.0035975163336843252,1
001316,NEG,0,OLD,0.0,0
001317,NEG,0,OLD,0.003680591005831957,2
001318,NEG,0,OLD,0.0013549013528972864,2
001319,NEG,0,OLD,0.0015468422789126635,1
001320,NEG,0,OLD,0.0,0
001321,NEG,0,OLD,0.0,0
001322,NEG,0,OLD,0.0,0
001323,NEG,0,OLD,0.002371575916185975,1
001324,NEG,0,OLD,0.0,0
001325,NEG,0,OLD,0.0,0
001326,NEG,0,OLD,0.0,0
001327,NEG,0,OLD,0.0,0
001328,NEG,0,OLD,0.0014083076966926455,1
001329,NEG,0,OLD,0.0010296597611159086,1
001330,NEG,0,OLD,0.0,0
001331,NEG,0,OLD,0.0,0
001332,NEG,0,OLD,0.0,0
001333,NEG,0,OLD,0.0,0
001334,NEG,0,OLD,0.0,0
001335,NEG,0,OLD,0.0,0
001336,NEG,0,OLD,0.0,0
001337,NEG,0,OLD,0.0,0
001338,NEG,0,OLD,0.0,0
001339,NEG,0,OLD,0.0,0
001340,NEG,0,OLD,0.0,0
001341,NEG,0,OLD,0.0,0
001342,NEG,0,OLD,0.0,0
001343,NEG,0,OLD,0.0,0
001344,NEG,0,OLD,0.0,0
001345,NEG,0,OLD,0.0,0
001346,NEG,0,OLD,0.0,0
001347,NEG,0,OLD,0.0,0
001348,NEG,0,OLD,0.0,0
001349,NEG,0,OLD,0.0012231586733832955,1
001350,NEG,0,OLD,0.0,0
001351,NEG,0,OLD,0.0,0
001352,NEG,0,OLD,0.0010146370623260736,1
001353,NEG,0,OLD,0.0,0
001354,NEG,0,OLD,0.0,0
001355,NEG,0,OLD,0.0,0
001356,NEG,0,OLD,0.0,0
001357,NEG,0,OLD,0.0,0
001358,NEG,0,OLD,0.0,0
001359,NEG,0,OLD,0.0,0
001360,NEG,0,OLD,0.0,0
001361,NEG,0,OLD,0.0,0
001362,NEG,0,OLD,0.0,0
001363,NEG,0,OLD,0.0,0
001364,NEG,0,OLD,0.0,0
001365,NEG,0,OLD,0.0,0
001366,NEG,0,OLD,0.0,0
001367,NEG,0,OLD,0.0,0
001368,NEG,0,OLD,0.0,0
001369,NEG,0,OLD,0.0,0
001370,NEG,0,OLD,0.0,0
001371,NEG,0,OLD,0.0,0
001372,NEG,0,OLD,0.0,0
001373,NEG,0,OLD,0.0,0
001374,NEG,0,OLD,0.0,0
001375,NEG,0,OLD,0.0,0
001376,NEG,0,OLD,0.0,0
001377,NEG,0,OLD,0.0,0
001378,NEG,0,OLD,0.0,0
001379,NEG,0,OLD,0.0,0
001380,NEG,0,OLD,0.0,0
001381,NEG,0,OLD,0.0,0
001382,NEG,0,OLD,0.0,0
001383,NEG,0,OLD,0.0,0
001384,NEG,0,OLD,0.0,0
001385,NEG,0,OLD,0.0,0
001386,NEG,0,OLD,0.0,0
001387,NEG,0,OLD,0.0,0
001388,NEG,0,OLD,0.0,0
001389,NEG,0,OLD,0.0,0
001390,NEG,0,OLD,0.0016915035666897893,1
001391,NEG,0,OLD,0.0,0
001392,NEG,0,OLD,0.0,0
001393,NEG,0,OLD,0.0,0
001394,NEG,0,OLD,0.004323345143347979,2
001395,NEG,0,OLD,0.012080008164048195,7
001396,NEG,0,OLD,0.0070043099112808704,5
001397,NEG,0,OLD,0.011802392080426216,6
001398,NEG,0,OLD,0.0,0
001399,NEG,0,OLD,0.0010913158766925335,1
001400,NEG,0,OLD,0.0013096798211336136,4
001401,NEG,0,OLD,0.001991119934245944,1
001402,NEG,0,OLD,0.0,0
001403,NEG,0,OLD,0.0016918691108003259,1
001404,NEG,0,OLD,0.0012070690281689167,1
001405,NEG,0,OLD,0.0,0
001406,NEG,0,OLD,0.0,0
001407,NEG,0,OLD,0.0023393244482576847,1
001408,NEG,0,OLD,0.0,0
001409,NEG,0,OLD,0.0,0
001410,NEG,0,OLD,0.0013872807612642646,1
001411,NEG,0,OLD,0.0018063104944303632,1
001412,NEG,0,OLD,0.0038676399271935225,5
001413,NEG,0,OLD,0.021436240524053574,4
001414,NEG,0,OLD,0.10342239588499069,4
001415,NEG,0,OLD,0.009586204774677753,4
001416,NEG,0,OLD,0.074601911008358,4
001417,NEG,0,OLD,0.012536103837192059,4
001418,NEG,0,OLD,0.09278342127799988,3
001419,NEG,0,OLD,0.06507455557584763,4
001420,NEG,0,OLD,0.04876992478966713,9
001421,NEG,0,OLD,0.02904023975133896,11
001422,NEG,0,OLD,0.032883480191230774,12
001423,NEG,0,OLD,0.004160957410931587,5
001424,NEG,0,OLD,0.012116778641939163,4
001425,NEG,0,OLD,0.0208075400441885,5
001426,NEG,0,OLD,0.014028851874172688,3
001427,NEG,0,OLD,0.05233727768063545,6
001428,NEG,0,OLD,0.004317880608141422,4
001429,NEG,0,OLD,0.0058956025168299675,3
001430,NEG,0,OLD,0.022658873349428177,9
001431,NEG,0,OLD,0.046116095036268234,10
001432,NEG,0,OLD,0.011281561106443405,6
001433,NEG,0,OLD,0.2123878449201584,9
001434,NEG,0,OLD,0.16903409361839294,5
001435,NEG,0,OLD,0.00382655905559659,3
001436,NEG,0,OLD,0.0018581278854981065,1
001437,NEG,0,OLD,0.0,0
001438,NEG,0,OLD,0.01325521431863308,2
001439,NEG,0,OLD,0.0012771094916388392,1
001440,NEG,0,OLD,0.0,0
001441,NEG,0,OLD,0.0,0
001442,NEG,0,OLD,0.0012239284114912152,1
001443,NEG,0,OLD,0.0,0
001444,NEG,0,OLD,0.0,0
001445,NEG,0,OLD,0.0,0
001446,NEG,0,OLD,0.0,0
001447,NEG,0,OLD,0.0,0
001448,NEG,0,OLD,0.0,0
001449,NEG,0,OLD,0.0,0
001450,NEG,0,OLD,0.0,0
001451,NEG,0,OLD,0.0,0
001452,NEG,0,OLD,0.0,0
001453,NEG,0,OLD,0.0,0
001454,NEG,0,OLD,0.0,0
001455,NEG,0,OLD,0.0,0
001456,NEG,0,OLD,0.0,0
001457,NEG,0,OLD,0.0,0
001458,NEG,0,OLD,0.0025784883182495832,1
001459,NEG,0,OLD,0.009687479585409164,5
001460,NEG,0,OLD,0.0015799286775290966,1
001461,NEG,0,OLD,0.0,0
001462,NEG,0,OLD,0.0012978918384760618,1
001463,NEG,0,OLD,0.002654707757756114,8
001464,NEG,0,OLD,0.0022891489788889885,3
001465,NEG,0,OLD,0.011529279872775078,7
001466,NEG,0,OLD,0.0036482184659689665,3
001467,NEG,0,OLD,0.0015265289694070816,1
001468,NEG,0,OLD,0.0,0
001469,NEG,0,OLD,0.0,0
001470,NEG,0,OLD,0.0,0
001471,NEG,0,OLD,0.0,0
001472,NEG,0,OLD,0.0,0
001473,NEG,0,OLD,0.0,0
001474,NEG,0,OLD,0.0,0
001475,NEG,0,OLD,0.0,0
001476,NEG,0,OLD,0.0010027660755440593,1
001477,NEG,0,OLD,0.0013318038545548916,1
001478,NEG,0,OLD,0.17277373373508453,5
001479,NEG,0,OLD,0.14517754316329956,3
001480,NEG,0,OLD,0.05298694223165512,3
001481,NEG,0,OLD,0.08631234616041183,4
001482,NEG,0,OLD,0.3317925035953522,3
001483,NEG,0,OLD,0.15047118067741394,3
001484,NEG,0,OLD,0.025294406339526176,8
001485,NEG,0,OLD,0.0015962563920766115,3
001486,NEG,0,OLD,0.003066769801080227,4
001487,NEG,0,OLD,0.005785024259239435,9
001488,NEG,0,OLD,0.002718802075833082,6
001489,NEG,0,OLD,0.02419092319905758,6
001490,NEG,0,OLD,0.011472174897789955,6
001491,NEG,0,OLD,0.02731289714574814,5
001492,NEG,0,OLD,0.015998274087905884,8
001493,NEG,0,OLD,0.13836067914962769,5
001494,NEG,0,OLD,0.0394931361079216,6
001495,NEG,0,OLD,0.02545088157057762,4
001496,NEG,0,OLD,0.03629932180047035,7
001497,NEG,0,OLD,0.04296855255961418,10
001498,NEG,0,OLD,0.0027202812489122152,6
001499,NEG,0,OLD,0.019625643268227577,11
001500,NEG,0,OLD,0.05975157767534256,6
001501,NEG,0,OLD,0.006995079107582569,6
001502,NEG,0,OLD,0.0034505152143538,5
001503,NEG,0,OLD,0.006150109227746725,4
001504,NEG,0,OLD,0.004988192580640316,5
001505,NEG,0,OLD,0.002156458329409361,3
001506,NEG,0,OLD,0.03334945812821388,3
001507,NEG,0,OLD,0.006540838163346052,6
001508,NEG,0,OLD,0.003864468075335026,3
001509,NEG,0,OLD,0.0014464255655184388,3
001510,NEG,0,OLD,0.023635800927877426,9
001511,NEG,0,OLD,0.004232925828546286,7
001512,NEG,0,OLD,0.005504234228283167,5
001513,NEG,0,OLD,0.006111666560173035,2
001514,NEG,0,OLD,0.003465634537860751,3
001515,NEG,0,OLD,0.001260757097043097,2
001516,NEG,0,OLD,0.0025496557354927063,3
001517,NEG,0,OLD,0.03582893684506416,8
001518,NEG,0,OLD,0.04267366603016853,13
001519,NEG,0,OLD,0.019268956035375595,11
001520,NEG,0,OLD,0.03109891340136528,9
001521,NEG,0,OLD,0.0033018807880580425,5
001522,NEG,0,OLD,0.14225509762763977,7
001523,NEG,0,OLD,0.029605505988001823,11
001524,NEG,0,OLD,0.0023710252717137337,7
001525,NEG,0,OLD,0.006649605464190245,5
001526,NEG,0,OLD,0.016305383294820786,9
001527,NEG,0,OLD,0.005544608924537897,11
001528,NEG,0,OLD,0.002641647821292281,7
001529,NEG,0,OLD,0.0023475417401641607,5
001530,NEG,0,OLD,0.00456654280424118,6
001531,NEG,0,OLD,0.0027094418182969093,5
001532,NEG,0,OLD,0.005713555030524731,10
001533,NEG,0,OLD,0.005981923080980778,8
001534,NEG,0,OLD,0.014616851694881916,7
001535,NEG,0,OLD,0.0030126040801405907,7
001536,NEG,0,OLD,0.004150063265115023,6
001537,NEG,0,OLD,0.005465157330036163,9
001538,NEG,0,OLD,0.003309800988063216,3
001539,NEG,0,OLD,0.007589956279844046,6
001540,NEG,0,OLD,0.020463746041059494,8
001541,NEG,0,OLD,0.003278532763943076,5
001542,NEG,0,OLD,0.007328329607844353,6
001543,NEG,0,OLD,0.007334270980209112,14
001544,NEG,0,OLD,0.0017396467737853527,2
001545,NEG,0,OLD,0.001326375873759389,2
001546,NEG,0,OLD,0.0,0
001547,NEG,0,OLD,0.0,0
001548,NEG,0,OLD,0.001000904361717403,1
001549,NEG,0,OLD,0.0,0
001550,NEG,0,OLD,0.0,0
001551,NEG,0,OLD,0.0,0
001552,NEG,0,OLD,0.0017688920488581061,2
001553,NEG,0,OLD,0.0,0
001554,NEG,0,OLD,0.0,0
001555,NEG,0,OLD,0.0,0
001556,NEG,0,OLD,0.001670040306635201,2
001557,NEG,0,OLD,0.001159996958449483,2
001558,NEG,0,OLD,0.002224610187113285,3
001559,NEG,0,OLD,0.0011674861889332533,1
001560,NEG,0,OLD,0.0,0
001561,NEG,0,OLD,0.001212276634760201,1
001562,NEG,0,OLD,0.001200917991809547,2
001563,NEG,0,OLD,0.0020772318821400404,1
001564,NEG,0,OLD,0.0,0
001565,NEG,0,OLD,0.0027167650405317545,2
001566,NEG,0,OLD,0.0011138825211673975,1
001567,NEG,0,OLD,0.0022754871752113104,1
001568,NEG,0,OLD,0.0,0
001569,NEG,0,OLD,0.0,0
001570,NEG,0,OLD,0.0,0
001571,NEG,0,OLD,0.0,0
001572,NEG,0,OLD,0.0,0
001573,NEG,0,OLD,0.00117537344340235,1
001574,NEG,0,OLD,0.0015205447562038898,1
001575,NEG,0,OLD,0.0015906518092378974,3
001576,NEG,0,OLD,0.0010613261256366968,1
001577,NEG,0,OLD,0.0,0
001578,NEG,0,OLD,0.0,0
001579,NEG,0,OLD,0.0,0
001580,NEG,0,OLD,0.0,0
001581,NEG,0,OLD,0.0010731825605034828,1
001582,NEG,0,OLD,0.0,0
001583,NEG,0,OLD,0.002842089394107461,3
001584,NEG,0,OLD,0.00171131722163409,2
001585,NEG,0,OLD,0.0,0
001586,NEG,0,OLD,0.0,0
001587,NEG,0,OLD,0.0,0
001588,NEG,0,OLD,0.0014359724009409547,2
001589,NEG,0,OLD,0.001004038960672915,1
001590,NEG,0,OLD,0.0,0
001591,NEG,0,OLD,0.0,0
001592,NEG,0,OLD,0.002115323906764388,1
001593,NEG,0,OLD,0.0019250883487984538,2
001594,NEG,0,OLD,0.0,0
001595,NEG,0,OLD,0.0,0
001596,NEG,0,OLD,0.0,0
001597,NEG,0,OLD,0.0,0
001598,NEG,0,OLD,0.001068927813321352,1
001599,NEG,0,OLD,0.0,0
001600,NEG,0,OLD,0.0,0
001601,NEG,0,OLD,0.0012788206804543734,2
001602,NEG,0,OLD,0.0,0
001603,NEG,0,OLD,0.0,0
001604,NEG,0,OLD,0.011325634084641933,3
001605,NEG,0,OLD,0.009445314295589924,5
001606,NEG,0,OLD,0.005433819722384214,2
001607,NEG,0,OLD,0.018025921657681465,4
001608,NEG,0,OLD,0.004034765064716339,3
001609,NEG,0,OLD,0.0017258361913263798,1
001610,NEG,0,OLD,0.001037684502080083,1
001611,NEG,0,OLD,0.0,0
001612,NEG,0,OLD,0.0013804598711431026,3
001613,NEG,0,OLD,0.0036155306734144688,4
001614,NEG,0,OLD,0.002109569264575839,3
001615,NEG,0,OLD,0.004337309394031763,2
001616,NEG,0,OLD,0.006301673594862223,4
001617,NEG,0,OLD,0.0030806297436356544,3
001618,NEG,0,OLD,0.0015682711964473128,2
001619,NEG,0,OLD,0.0023756916634738445,2
001620,NEG,0,OLD,0.0011325916275382042,1
001621,NEG,0,OLD,0.0019649420864880085,3
001622,NEG,0,OLD,0.03045525774359703,4
001623,NEG,0,OLD,0.025214258581399918,5
001624,NEG,0,OLD,0.04132698476314545,7
001625,NEG,0,OLD,0.016742661595344543,3
001626,NEG,0,OLD,0.029511159285902977,7
001627,NEG,0,OLD,0.04801001027226448,6
001628,NEG,0,OLD,0.040303681045770645,7
001629,NEG,0,OLD,0.02652355656027794,8
001630,NEG,0,OLD,0.008781603537499905,5
001631,NEG,0,OLD,0.019074885174632072,8
001632,NEG,0,OLD,0.02684100531041622,6
001633,NEG,0,OLD,0.024566082283854485,7
001634,NEG,0,OLD,0.010406669229269028,5
001635,NEG,0,OLD,0.00815756805241108,5
001636,NEG,0,OLD,0.005558508448302746,3
001637,NEG,0,OLD,0.005474490579217672,4
001638,NEG,0,OLD,0.0014863577671349049,3
001639,NEG,0,OLD,0.0011290718102827668,1
001640,NEG,0,OLD,0.001446008333005011,1
001641,NEG,0,OLD,0.0011075949296355247,1
001642,NEG,0,OLD,0.003485144814476371,2
001643,NEG,0,OLD,0.0,0
001644,NEG,0,OLD,0.0,0
001645,NEG,0,OLD,0.0,0
001646,NEG,0,OLD,0.0,0
001647,NEG,0,OLD,0.001095643499866128,1
001648,NEG,0,OLD,0.0,0
001649,NEG,0,OLD,0.0,0
001650,NEG,0,OLD,0.0,0
001651,NEG,0,OLD,0.008526010438799858,1
001652,NEG,0,OLD,0.012866467237472534,1
001653,NEG,0,OLD,0.0019267777679488063,3
001654,NEG,0,OLD,0.0,0
001655,NEG,0,OLD,0.0,0
001656,NEG,0,OLD,0.0,0
001657,NEG,0,OLD,0.0,0
001658,NEG,0,OLD,0.0,0
001659,NEG,0,OLD,0.0,0
001660,NEG,0,OLD,0.0,0
001661,NEG,0,OLD,0.0,0
001662,NEG,0,OLD,0.0,0
001663,NEG,0,OLD,0.0,0
001664,NEG,0,OLD,0.0,0
001665,NEG,0,OLD,0.0,0
001666,NEG,0,OLD,0.0,0
001667,NEG,0,OLD,0.003096166765317321,2
001668,NEG,0,OLD,0.0,0
001669,NEG,0,OLD,0.0,0
001670,NEG,0,OLD,0.005830223672091961,1
001671,NEG,0,OLD,0.005711084697395563,2
001672,NEG,0,OLD,0.0,0
001673,NEG,0,OLD,0.0,0
001674,NEG,0,OLD,0.0,0
001675,NEG,0,OLD,0.0,0
001676,NEG,0,OLD,0.0,0
001677,NEG,0,OLD,0.001102940528653562,3
001678,NEG,0,OLD,0.0016131973825395107,3
001679,NEG,0,OLD,0.0,0
001680,NEG,0,OLD,0.0013118821661919355,2
001681,NEG,0,OLD,0.001371843391098082,1
001682,NEG,0,OLD,0.0,0
001683,NEG,0,OLD,0.0,0
001684,NEG,0,OLD,0.0014951768098399043,5
001685,NEG,0,OLD,0.12796570360660553,1
001686,NEG,0,OLD,0.009825898334383965,4
001687,NEG,0,OLD,0.047881241887807846,2
001688,NEG,0,OLD,0.005728160496801138,13
001689,NEG,0,OLD,0.03935447335243225,14
001690,NEG,0,OLD,0.005130388308316469,4
001691,NEG,0,OLD,0.02522428147494793,10
001692,NEG,0,OLD,0.019195860251784325,12
001693,NEG,0,OLD,0.10756269097328186,20
001694,NEG,0,OLD,0.018854420632123947,8
001695,NEG,0,OLD,0.0891149491071701,14
001696,NEG,0,OLD,0.026283403858542442,13
001697,NEG,0,OLD,0.009797337464988232,6
001698,NEG,0,OLD,0.08947131037712097,14
001699,NEG,0,OLD,0.0014509388711303473,1
001700,NEG,0,OLD,0.0011185079347342253,1
001701,NEG,0,OLD,0.004261228255927563,2
001702,NEG,0,OLD,0.0,0
001703,NEG,0,OLD,0.0,0
001704,NEG,0,OLD,0.0,0
001705,NEG,0,OLD,0.0,0
001706,NEG,0,OLD,0.0,0
001707,NEG,0,OLD,0.0,0
001708,NEG,0,OLD,0.0,0
001709,NEG,0,OLD,0.0,0
001710,NEG,0,OLD,0.0,0
001711,NEG,0,OLD,0.0,0
001712,NEG,0,OLD,0.0,0
001713,NEG,0,OLD,0.0,0
001714,NEG,0,OLD,0.0,0
001715,NEG,0,OLD,0.0,0
001716,NEG,0,OLD,0.0,0
001717,NEG,0,OLD,0.0,0
001718,NEG,0,OLD,0.0,0
001719,NEG,0,OLD,0.0,0
001720,NEG,0,OLD,0.0,0
001721,NEG,0,OLD,0.0021381715778261423,1
001722,NEG,0,OLD,0.0013037408934906125,3
001723,NEG,0,OLD,0.002034091856330633,3
001724,NEG,0,OLD,0.004275895189493895,5
001725,NEG,0,OLD,0.003155383048579097,2
001726,NEG,0,OLD,0.0017291188705712557,1
001727,NEG,0,OLD,0.0,0
001728,NEG,0,OLD,0.0015200359048321843,1
001729,NEG,0,OLD,0.012994533404707909,8
001730,NEG,0,OLD,0.014503237791359425,5
001731,NEG,0,OLD,0.003709994489327073,6
001732,NEG,0,OLD,0.04066435247659683,5
001733,NEG,0,OLD,0.010570035316050053,10
001734,NEG,0,OLD,0.005960701499134302,5
001735,NEG,0,OLD,0.05327983200550079,5
001736,NEG,0,OLD,0.0594031997025013,9
001737,NEG,0,OLD,0.010866079479455948,4
001738,NEG,0,OLD,0.030890367925167084,3
001739,NEG,0,OLD,0.015401655808091164,3
001740,NEG,0,OLD,0.010488017462193966,1
001741,NEG,0,OLD,0.0023114867508411407,2
001742,NEG,0,OLD,0.0020526344887912273,1
001743,NEG,0,OLD,0.02613212540745735,6
001744,NEG,0,OLD,0.23347793519496918,4
001745,NEG,0,OLD,0.07133392244577408,5
001746,NEG,0,OLD,0.05734767019748688,3
001747,NEG,0,OLD,0.1103755533695221,6
001748,NEG,0,OLD,0.101687490940094,3
001749,NEG,0,OLD,0.02800583280622959,3
001750,NEG,0,OLD,0.1729293167591095,4
001751,NEG,0,OLD,0.14501334726810455,6
001752,NEG,0,OLD,0.007876811549067497,8
001753,NEG,0,OLD,0.004984322004020214,4
001754,NEG,0,OLD,0.05978585034608841,6
001755,NEG,0,OLD,0.007524975575506687,6
001756,NEG,0,OLD,0.010578880086541176,5
001757,NEG,0,OLD,0.003732072887942195,4
001758,NEG,0,OLD,0.003989635966718197,4
001759,NEG,0,OLD,0.005702334456145763,5
001760,NEG,0,OLD,0.06936170905828476,5
001761,NEG,0,OLD,0.001668088836595416,4
001762,NEG,0,OLD,0.018825290724635124,5
001763,NEG,0,OLD,0.015450585633516312,6
001764,NEG,0,OLD,0.159316748380661,5
001765,NEG,0,OLD,0.004684696439653635,2
001766,NEG,0,OLD,0.005529133602976799,1
001767,NEG,0,OLD,0.0023051821626722813,2
001768,NEG,0,OLD,0.002464587800204754,4
001769,NEG,0,OLD,0.038353197276592255,4
001770,NEG,0,OLD,0.0032125955913215876,1
001771,NEG,0,OLD,0.012857923284173012,3
001772,NEG,0,OLD,0.0037800201680511236,3
001773,NEG,0,OLD,0.00376943894661963,2
001774,NEG,0,OLD,0.006444859318435192,2
001775,NEG,0,OLD,0.012519274838268757,6
001776,NEG,0,OLD,0.006228496320545673,3
001777,NEG,0,OLD,0.03288842365145683,3
001778,NEG,0,OLD,0.19849471747875214,7
001779,NEG,0,OLD,0.0405084602534771,6
001780,NEG,0,OLD,0.16099458932876587,1
001781,NEG,0,OLD,0.08120191842317581,2
001782,NEG,0,OLD,0.1506430208683014,1
001783,NEG,0,OLD,0.11033617705106735,3
001784,NEG,0,OLD,0.06549180299043655,5
001785,NEG,0,OLD,0.16646046936511993,4
001786,NEG,0,OLD,0.07207271456718445,4
001787,NEG,0,OLD,0.038869548588991165,6
001788,NEG,0,OLD,0.34135884046554565,3
001789,NEG,0,OLD,0.16877451539039612,4
001790,NEG,0,OLD,0.038089703768491745,14
001791,NEG,0,OLD,0.014666389673948288,7
001792,NEG,0,OLD,0.02459615096449852,5
001793,NEG,0,OLD,0.004284597467631102,12
001794,NEG,0,OLD,0.1762949526309967,6
001795,NEG,0,OLD,0.04646658897399902,7
001796,NEG,0,OLD,0.0055665429681539536,14
001797,NEG,0,OLD,0.03669195994734764,10
001798,NEG,0,OLD,0.023009903728961945,11
001799,NEG,0,OLD,0.008452625945210457,8
001800,NEG,0,OLD,0.004909744020551443,6
001801,NEG,0,OLD,0.0015259941574186087,5
001802,NEG,0,OLD,0.012307942844927311,10
001803,NEG,0,OLD,0.0023990096524357796,5
001804,NEG,0,OLD,0.004168470855802298,5
001805,NEG,0,OLD,0.007312217727303505,11
001806,NEG,0,OLD,0.005526402033865452,14
001807,NEG,0,OLD,0.009936897084116936,12
001808,NEG,0,OLD,0.010759263299405575,8
001809,NEG,0,OLD,0.003920677583664656,5
001810,NEG,0,OLD,0.018387790769338608,3
001811,NEG,0,OLD,0.002343451138585806,3
001812,NEG,0,OLD,0.019487902522087097,4
001813,NEG,0,OLD,0.006519873160868883,10
001814,NEG,0,OLD,0.00845792330801487,13
001815,NEG,0,OLD,0.008916303515434265,13
001816,NEG,0,OLD,0.012347016483545303,13
001817,NEG,0,OLD,0.009541015140712261,17
001818,NEG,0,OLD,0.004299263469874859,10
001819,NEG,0,OLD,0.05829733610153198,7
001820,NEG,0,OLD,0.016925549134612083,14
001821,NEG,0,OLD,0.10988693684339523,9
001822,NEG,0,OLD,0.0392405167222023,13
001823,NEG,0,OLD,0.010499514639377594,7
001824,NEG,0,OLD,0.008246944285929203,12
001825,NEG,0,OLD,0.018189530819654465,8
001826,NEG,0,OLD,0.01853906735777855,5
001827,NEG,0,OLD,0.020447082817554474,10
001828,NEG,0,OLD,0.021977588534355164,10
001829,NEG,0,OLD,0.014238687232136726,6
001830,NEG,0,OLD,0.024826163426041603,5
001831,NEG,0,OLD,0.09416267275810242,5
001832,NEG,0,OLD,0.18512000143527985,4
001833,NEG,0,OLD,0.15480206906795502,3
001834,NEG,0,OLD,0.23505181074142456,7
001835,NEG,0,OLD,0.04383976757526398,5
001836,NEG,0,OLD,0.019261298701167107,5
001837,NEG,0,OLD,0.013409138657152653,4
001838,NEG,0,OLD,0.021016234531998634,7
001839,NEG,0,OLD,0.0994565412402153,5
001840,NEG,0,OLD,0.049092356115579605,4
001841,NEG,0,OLD,0.004063659813255072,6
001842,NEG,0,OLD,0.03763648495078087,7
001843,NEG,0,OLD,0.033551525324583054,3
001844,NEG,0,OLD,0.018137292936444283,4
001845,NEG,0,OLD,0.05023818090558052,4
001846,NEG,0,OLD,0.06366670876741409,4
001847,NEG,0,OLD,0.0976325199007988,2
001848,NEG,0,OLD,0.042594823986291885,5
001849,NEG,0,OLD,0.14597949385643005,3
001850,NEG,0,OLD,0.04567693918943405,5
001851,NEG,0,OLD,0.14925846457481384,4
001852,NEG,0,OLD,0.11075335741043091,5
001853,NEG,0,OLD,0.20058873295783997,7
001854,NEG,0,OLD,0.00936038140207529,3
001855,NEG,0,OLD,0.001997952116653323,5
001856,NEG,0,OLD,0.010266905650496483,6
001857,NEG,0,OLD,0.2793499827384949,9
001858,NEG,0,OLD,0.02946050651371479,13
001859,NEG,0,OLD,0.02811087854206562,7
001860,NEG,0,OLD,0.16490575671195984,7
001861,NEG,0,OLD,0.03729073330760002,11
001862,NEG,0,OLD,0.09039584547281265,6
001863,NEG,0,OLD,0.595125675201416,8
001864,NEG,0,OLD,0.21777071058750153,5
001865,NEG,0,OLD,0.029542338103055954,11
001866,NEG,0,OLD,0.16435176134109497,12
001867,NEG,0,OLD,0.13879647850990295,13
001868,NEG,0,OLD,0.03377780318260193,14
001869,NEG,0,OLD,0.24224205315113068,17
001870,NEG,0,OLD,0.004573896527290344,5
001871,NEG,0,OLD,0.013005571439862251,18
001872,NEG,0,OLD,0.14527443051338196,4
001873,NEG,0,OLD,0.006128761451691389,4
001874,NEG,0,OLD,0.0011425187112763524,1
001875,NEG,0,OLD,0.001668756827712059,4
001876,NEG,0,OLD,0.003325474914163351,6
001877,NEG,0,OLD,0.0018408912001177669,3
001878,NEG,0,OLD,0.0024336918722838163,3
001879,NEG,0,OLD,0.0020054203923791647,3
001880,NEG,0,OLD,0.004086949862539768,5
001881,NEG,0,OLD,0.003977196756750345,4
001882,NEG,0,OLD,0.0012790991459041834,2
001883,NEG,0,OLD,0.005245288833975792,4
001884,NEG,0,OLD,0.002002831781283021,2
001885,NEG,0,OLD,0.0014997071120887995,2
001886,NEG,0,OLD,0.0028487429954111576,2
001887,NEG,0,OLD,0.001525207539089024,1
001888,NEG,0,OLD,0.0,0
001889,NEG,0,OLD,0.0,0
001890,NEG,0,OLD,0.006432694382965565,7
001891,NEG,0,OLD,0.006605873815715313,8
001892,NEG,0,OLD,0.0,0
001893,NEG,0,OLD,0.00309210317209363,7
001894,NEG,0,OLD,0.00603509834036231,12
001895,NEG,0,OLD,0.003337638219818473,12
001896,NEG,0,OLD,0.011815325357019901,10
001897,NEG,0,OLD,0.010005051270127296,4
001898,NEG,0,OLD,0.0010906646493822336,1
001899,NEG,0,OLD,0.0011837121564894915,1
001900,NEG,0,OLD,0.001997588900849223,5
001901,NEG,0,OLD,0.0018750535091385245,3
001902,NEG,0,OLD,0.0025638395454734564,3
001903,NEG,0,OLD,0.005984605755656958,4
001904,NEG,0,OLD,0.03784329444169998,5
001905,NEG,0,OLD,0.06183275952935219,3
001906,NEG,0,OLD,0.0044793253764510155,5
001907,NEG,0,OLD,0.10056333243846893,5
001908,NEG,0,OLD,0.0029139136895537376,8
001909,NEG,0,OLD,0.0074888598173856735,3
001910,NEG,0,OLD,0.012267005629837513,1
001911,NEG,0,OLD,0.006490083411335945,4
001912,NEG,0,OLD,0.003523751627653837,4
001913,NEG,0,OLD,0.013756059110164642,4
001914,NEG,0,OLD,0.09431375563144684,5
001915,NEG,0,OLD,0.04028795287013054,4
001916,NEG,0,OLD,0.037936918437480927,7
001917,NEG,0,OLD,0.0,0
001918,NEG,0,OLD,0.002493630163371563,3
001919,NEG,0,OLD,0.03859539330005646,4
001920,NEG,0,OLD,0.002034087898209691,2
001921,NEG,0,OLD,0.0021744270343333483,2
001922,NEG,0,OLD,0.0,0
001923,NEG,0,OLD,0.0012481998419389129,1
001924,NEG,0,OLD,0.0017230419907718897,3
001925,NEG,0,OLD,0.0013919087359681726,2
001926,NEG,0,OLD,0.0016924217343330383,4
001927,NEG,0,OLD,0.0010449641849845648,1
001928,NEG,0,OLD,0.0,0
001929,NEG,0,OLD,0.0029293352272361517,3
001930,NEG,0,OLD,0.0017369309207424521,2
001931,NEG,0,OLD,0.002853505313396454,3
001932,NEG,0,OLD,0.0014355684397742152,2
001933,NEG,0,OLD,0.00156779692042619,1
001934,NEG,0,OLD,0.0017111964989453554,1
001935,NEG,0,OLD,0.0,0
001936,NEG,0,OLD,0.0,0
001937,NEG,0,OLD,0.0012135093566030264,2
001938,NEG,0,OLD,0.0,0
001939,NEG,0,OLD,0.001533652888610959,2
001940,NEG,0,OLD,0.0018908692291006446,4
001941,NEG,0,OLD,0.0013779819710180163,1
001942,NEG,0,OLD,0.0014912303304299712,2
001943,NEG,0,OLD,0.0,0
001944,NEG,0,OLD,0.0,0
001945,NEG,0,OLD,0.0010060924105346203,1
001946,NEG,0,OLD,0.0025971371214836836,1
001947,NEG,0,OLD,0.003907587379217148,5
001948,NEG,0,OLD,0.0024953531101346016,2
001949,NEG,0,OLD,0.003552323207259178,4
001950,NEG,0,OLD,0.0037839836440980434,7
001951,NEG,0,OLD,0.0012610963312909007,1
001952,NEG,0,OLD,0.0,0
001953,NEG,0,OLD,0.003706259885802865,3
001954,NEG,0,OLD,0.001290002604946494,1
001955,NEG,0,OLD,0.002148748841136694,1
001956,NEG,0,OLD,0.002041296334937215,1
001957,NEG,0,OLD,0.0,0
001958,NEG,0,OLD,0.001731181051582098,2
001959,NEG,0,OLD,0.006177244707942009,5
001960,NEG,0,OLD,0.002836675615981221,1
001961,NEG,0,OLD,0.004648693837225437,3
001962,NEG,0,OLD,0.0,0
001963,NEG,0,OLD,0.006313099525868893,4
001964,NEG,0,OLD,0.0028667987789958715,4
001965,NEG,0,OLD,0.04476900398731232,4
001966,NEG,0,OLD,0.0027881478890776634,3
001967,NEG,0,OLD,0.0,0
001968,NEG,0,OLD,0.005231965333223343,3
001969,NEG,0,OLD,0.0,0
001970,NEG,0,OLD,0.0011540063424035907,1
001971,NEG,0,OLD,0.0012814983492717147,1
001972,NEG,0,OLD,0.05915232375264168,2
001973,NEG,0,OLD,0.001519139390438795,1
001974,NEG,0,OLD,0.0028275141958147287,4
001975,NEG,0,OLD,0.009335815906524658,5
001976,NEG,0,OLD,0.1092686653137207,4
001977,NEG,0,OLD,0.0313810370862484,5
001978,NEG,0,OLD,0.004125933162868023,7
001979,NEG,0,OLD,0.0,0
001980,NEG,0,OLD,0.04968998208642006,2
001981,NEG,0,OLD,0.1025272086262703,6
001982,NEG,0,OLD,0.011766758747398853,5
001983,NEG,0,OLD,0.008527630940079689,7
001984,NEG,0,OLD,0.006493826396763325,11
001985,NEG,0,OLD,0.007570764981210232,5
001986,NEG,0,OLD,0.004445141181349754,4
001987,NEG,0,OLD,0.005016616079956293,9
001988,NEG,0,OLD,0.010106894187629223,6
001989,NEG,0,OLD,0.005501767620444298,2
001990,NEG,0,OLD,0.011462516151368618,2
001991,NEG,0,OLD,0.003558758180588484,3
001992,NEG,0,OLD,0.009802640415728092,3
001993,NEG,0,OLD,0.01152857393026352,6
001994,NEG,0,OLD,0.0,0
001995,NEG,0,OLD,0.0028530184645205736,3
001996,NEG,0,OLD,0.006007316056638956,3
001997,NEG,0,OLD,0.0017497828230261803,2
001998,NEG,0,OLD,0.028615610674023628,3
001999,NEG,0,OLD,0.007528132759034634,4
002000,NEG,0,OLD,0.002872138749808073,4
002001,NEG,0,OLD,0.002020440297201276,5
002002,NEG,0,OLD,0.0025133767630904913,2
002003,NEG,0,OLD,0.007391047198325396,3
002004,NEG,0,OLD,0.014200307428836823,2
002005,NEG,0,OLD,0.019487949088215828,3
002006,NEG,0,OLD,0.011103473603725433,10
002007,NEG,0,OLD,0.011879169382154942,8
002008,NEG,0,OLD,0.035126157104969025,12
002009,NEG,0,OLD,0.04823680594563484,6
002010,NEG,0,OLD,0.0033292926382273436,3
002011,NEG,0,OLD,0.0025867940858006477,2
002012,NEG,0,OLD,0.015981849282979965,2
002013,NEG,0,OLD,0.007309420965611935,7
002014,NEG,0,OLD,0.05606742948293686,10
002015,NEG,0,OLD,0.006503998767584562,5
002016,NEG,0,OLD,0.019329369068145752,4
002017,NEG,0,OLD,0.021199410781264305,5
002018,NEG,0,OLD,0.017058055847883224,6
002019,NEG,0,OLD,0.14295245707035065,9
002020,NEG,0,OLD,0.003998784814029932,10
002021,NEG,0,OLD,0.23423245549201965,4
002022,NEG,0,OLD,0.027535848319530487,8
002023,NEG,0,OLD,0.01740390434861183,14
002024,NEG,0,OLD,0.021656231954693794,11
002025,NEG,0,OLD,0.0034853066317737103,6
002026,NEG,0,OLD,0.017935721203684807,10
002027,NEG,0,OLD,0.0010868996614590287,1
002028,NEG,0,OLD,0.0010722838342189789,1
002029,NEG,0,OLD,0.0029723451007157564,5
002030,NEG,0,OLD,0.0,0
002031,NEG,0,OLD,0.0026786508969962597,2
002032,NEG,0,OLD,0.004606998059898615,5
002033,NEG,0,OLD,0.017612356692552567,11
002034,NEG,0,OLD,0.004224450793117285,9
002035,NEG,0,OLD,0.0,0
002036,NEG,0,OLD,0.001826107152737677,1
002037,NEG,0,OLD,0.0015637350734323263,2
002038,NEG,0,OLD,0.09187749773263931,7
002039,NEG,0,OLD,0.009118137881159782,10
002040,NEG,0,OLD,0.0017921115504577756,2
002041,NEG,0,OLD,0.0029682002495974302,6
002042,NEG,0,OLD,0.0022033825516700745,4
002043,NEG,0,OLD,0.027131346985697746,9
002044,NEG,0,OLD,0.014071346260607243,9
002045,NEG,0,OLD,0.01090053841471672,12
002046,NEG,0,OLD,0.006513387430459261,22
002047,NEG,0,OLD,0.03409432992339134,9
002048,NEG,0,OLD,0.01527133584022522,10
002049,NEG,0,OLD,0.08826430141925812,15
002050,NEG,0,OLD,0.01694037765264511,3
002051,NEG,0,OLD,0.002261492656543851,2
002052,NEG,0,OLD,0.00676808413118124,5
002053,NEG,0,OLD,0.007311545312404633,5
002054,NEG,0,OLD,0.004016728140413761,4
002055,NEG,0,OLD,0.0010498196352273226,1
002056,NEG,0,OLD,0.0,0
002057,NEG,0,OLD,0.0,0
002058,NEG,0,OLD,0.0011264027561992407,2
002059,NEG,0,OLD,0.0,0
002060,NEG,0,OLD,0.0025982302613556385,2
002061,NEG,0,OLD,0.0,0
002062,NEG,0,OLD,0.0,0
002063,NEG,0,OLD,0.0,0
002064,NEG,0,OLD,0.0,0
002065,NEG,0,OLD,0.0,0
002066,NEG,0,OLD,0.0,0
002067,NEG,0,OLD,0.022576086223125458,2
002068,NEG,0,OLD,0.0014445279957726598,1
002069,NEG,0,OLD,0.0,0
002070,NEG,0,OLD,0.004911274649202824,1
002071,NEG,0,OLD,0.005305315833538771,1
002072,NEG,0,OLD,0.0047059440985322,6
002073,NEG,0,OLD,0.0038847087416797876,2
002074,NEG,0,OLD,0.0011255457065999508,2
002075,NEG,0,OLD,0.014250015839934349,2
002076,NEG,0,OLD,0.0024144265335053205,1
002077,NEG,0,OLD,0.001969900680705905,1
002078,NEG,0,OLD,0.07235992699861526,5
002079,NEG,0,OLD,0.02897421456873417,6
002080,NEG,0,OLD,0.029683636501431465,9
002081,NEG,0,OLD,0.08533337712287903,8
002082,NEG,0,OLD,0.008939572609961033,4
002083,NEG,0,OLD,0.0012581510236486793,1
002084,NEG,0,OLD,0.0064745997078716755,4
002085,NEG,0,OLD,0.0,0
002086,NEG,0,OLD,0.0012407515896484256,2
002087,NEG,0,OLD,0.0027259362395852804,8
002088,NEG,0,OLD,0.002497386885806918,12
002089,NEG,0,OLD,0.001173594151623547,1
002090,NEG,0,OLD,0.0,0
002091,NEG,0,OLD,0.0027878282126039267,6
002092,NEG,0,OLD,0.0,0
002093,NEG,0,OLD,0.018000533804297447,11
002094,NEG,0,OLD,0.013041132129728794,6
002095,NEG,0,OLD,0.03863067179918289,12
002096,NEG,0,OLD,0.00703703286126256,7
002097,NEG,0,OLD,0.014831474982202053,4
002098,NEG,0,OLD,0.0,0
002099,NEG,0,OLD,0.004909769631922245,5
002100,NEG,0,OLD,0.008905855938792229,7
002101,NEG,0,OLD,0.003089509904384613,6
002102,NEG,0,OLD,0.007364246062934399,9
002103,NEG,0,OLD,0.004639658611267805,5
002104,NEG,0,OLD,0.0013702464057132602,1
002105,NEG,0,OLD,0.008570958860218525,5
002106,NEG,0,OLD,0.0,0
002107,NEG,0,OLD,0.0026206406764686108,4
002108,NEG,0,OLD,0.002956841140985489,4
002109,NEG,0,OLD,0.0,0
002110,NEG,0,OLD,0.022391198202967644,3
002111,NEG,0,OLD,0.00138549052644521,1
002112,NEG,0,OLD,0.002372792223468423,6
002113,NEG,0,OLD,0.0,0
002114,NEG,0,OLD,0.03877655789256096,3
002115,NEG,0,OLD,0.015179524198174477,4
002116,NEG,0,OLD,0.005733831319957972,3
002117,NEG,0,OLD,0.09237351268529892,4
002118,NEG,0,OLD,0.010499498806893826,4
002119,NEG,0,OLD,0.0010388536611571908,1
002120,NEG,0,OLD,0.0028647794388234615,4
002121,NEG,0,OLD,0.006504870485514402,6
002122,NEG,0,OLD,0.003714201971888542,2
002123,NEG,0,OLD,0.03521335497498512,7
002124,NEG,0,OLD,0.15513008832931519,8
002125,NEG,0,OLD,0.0,0
002126,NEG,0,OLD,0.003924994729459286,3
002127,NEG,0,OLD,0.0,0
002128,NEG,0,OLD,0.1520688831806183,5
002129,NEG,0,OLD,0.00952376239001751,12
002130,NEG,0,OLD,0.04282495006918907,3
002131,NEG,0,OLD,0.013724726624786854,9
002132,NEG,0,OLD,0.0,0
002133,NEG,0,OLD,0.0,0
002134,NEG,0,OLD,0.00929973553866148,1
002135,NEG,0,OLD,0.0010820630704984069,1
002136,NEG,0,OLD,0.0,0
002137,NEG,0,OLD,0.001199045218527317,3
002138,NEG,0,OLD,0.009279834106564522,6
002139,NEG,0,OLD,0.07921164482831955,4
002140,NEG,0,OLD,0.02543039061129093,4
002141,NEG,0,OLD,0.0031572419684380293,3
002142,NEG,0,OLD,0.002134469570592046,4
002143,NEG,0,OLD,0.0011103901779279113,1
002144,NEG,0,OLD,0.001864909310825169,2
002145,NEG,0,OLD,0.0,0
002146,NEG,0,OLD,0.0030807529110461473,2
002147,NEG,0,OLD,0.0,0
002148,NEG,0,OLD,0.0,0
002149,NEG,0,OLD,0.0,0
002150,NEG,0,OLD,0.0,0
002151,NEG,0,OLD,0.0035694658290594816,2
002152,NEG,0,OLD,0.0015510176308453083,3
002153,NEG,0,OLD,0.0,0
002154,NEG,0,OLD,0.00146811967715621,1
002155,NEG,0,OLD,0.0,0
002156,NEG,0,OLD,0.0017654669936746359,1
002157,NEG,0,OLD,0.002000167965888977,1
002158,NEG,0,OLD,0.0,0
002159,NEG,0,OLD,0.0013572991592809558,1
002160,NEG,0,OLD,0.0,0
002161,NEG,0,OLD,0.0013734460808336735,1
002162,NEG,0,OLD,0.0011390428990125656,1
002163,NEG,0,OLD,0.002331571653485298,3
002164,NEG,0,OLD,0.0014644223265349865,2
002165,NEG,0,OLD,0.0,0
002166,NEG,0,OLD,0.0029063881374895573,4
002167,NEG,0,OLD,0.0,0
002168,NEG,0,OLD,0.010423501953482628,2
002169,NEG,0,OLD,0.002252071164548397,2
002170,NEG,0,OLD,0.010123887099325657,1
002171,NEG,0,OLD,0.00298276636749506,4
002172,NEG,0,OLD,0.012649248354136944,5
002173,NEG,0,OLD,0.002402362646535039,1
002174,NEG,0,OLD,0.0015191062120720744,3
002175,NEG,0,OLD,0.009595421142876148,3
002176,NEG,0,OLD,0.0,0
002177,NEG,0,OLD,0.001039412571117282,1
002178,NEG,0,OLD,0.0,0
002179,NEG,0,OLD,0.003658928209915757,4
002180,NEG,0,OLD,0.0,0
002181,NEG,0,OLD,0.0010651970515027642,1
002182,NEG,0,OLD,0.0,0
002183,NEG,0,OLD,0.0015527450013905764,1
002184,NEG,0,OLD,0.0,0
002185,NEG,0,OLD,0.005382961593568325,3
002186,NEG,0,OLD,0.0,0
002187,NEG,0,OLD,0.004294326528906822,4
002188,NEG,0,OLD,0.0,0
002189,NEG,0,OLD,0.0010849651880562305,1
002190,NEG,0,OLD,0.0,0
002191,NEG,0,OLD,0.0,0
002192,NEG,0,OLD,0.006984471343457699,2
002193,NEG,0,OLD,0.0160162765532732,10
002194,NEG,0,OLD,0.006332245655357838,5
002195,NEG,0,OLD,0.00897410698235035,5
002196,NEG,0,OLD,0.023614000529050827,7
002197,NEG,0,OLD,0.0038944417610764503,5
002198,NEG,0,OLD,0.008661913685500622,6
002199,NEG,0,OLD,0.019965045154094696,8
002200,NEG,0,OLD,0.006872533820569515,5
002201,NEG,0,OLD,0.002484200755134225,5
002202,NEG,0,OLD,0.003259792923927307,3
002203,NEG,0,OLD,0.0013116439804434776,2
002204,NEG,0,OLD,0.0010245993034914136,1
002205,NEG,0,OLD,0.0029412880539894104,3
002206,NEG,0,OLD,0.003635717323049903,4
002207,NEG,0,OLD,0.00330055202357471,6
002208,NEG,0,OLD,0.0036845782306045294,5
002209,NEG,0,OLD,0.0,0
002210,NEG,0,OLD,0.0011696361470967531,1
002211,NEG,0,OLD,0.002056458266451955,1
002212,NEG,0,OLD,0.0020744353532791138,5
002213,NEG,0,OLD,0.0012209417764097452,2
002214,NEG,0,OLD,0.0,0
002215,NEG,0,OLD,0.0,0
002216,NEG,0,OLD,0.0,0
002217,NEG,0,OLD,0.0,0
002218,NEG,0,OLD,0.0,0
002219,NEG,0,OLD,0.0,0
002220,NEG,0,OLD,0.0,0
002221,NEG,0,OLD,0.0,0
002222,NEG,0,OLD,0.0,0
002223,NEG,0,OLD,0.0013654323993250728,1
002224,NEG,0,OLD,0.005862644873559475,8
002225,NEG,0,OLD,0.0033942372538149357,7
002226,NEG,0,OLD,0.014259636402130127,7
002227,NEG,0,OLD,0.009208987466990948,5
002228,NEG,0,OLD,0.0030227494426071644,6
002229,NEG,0,OLD,0.0,0
002230,NEG,0,OLD,0.0,0
002231,NEG,0,OLD,0.0,0
002232,NEG,0,OLD,0.0023097884841263294,3
002233,NEG,0,OLD,0.002394754672423005,2
002234,NEG,0,OLD,0.0076658460311591625,2
002235,NEG,0,OLD,0.006981565151363611,2
002236,NEG,0,OLD,0.002486067358404398,2
002237,NEG,0,OLD,0.0,0
002238,NEG,0,OLD,0.0034069211687892675,2
002239,NEG,0,OLD,0.0052424161694943905,2
002240,NEG,0,OLD,0.0027227222453802824,4
002241,NEG,0,OLD,0.03429350256919861,4
002242,NEG,0,OLD,0.0,0
002243,NEG,0,OLD,0.012342086061835289,3
002244,NEG,0,OLD,0.0,0
002245,NEG,0,OLD,0.06158585101366043,5
002246,NEG,0,OLD,0.020503029227256775,2
002247,NEG,0,OLD,0.10719865560531616,6
002248,NEG,0,OLD,0.03020274080336094,2
002249,NEG,0,OLD,0.036362677812576294,6
002250,NEG,0,OLD,0.013003325089812279,6
002251,NEG,0,OLD,0.07044503837823868,3
002252,NEG,0,OLD,0.002387634012848139,5
002253,NEG,0,OLD,0.0015156441368162632,2
002254,NEG,0,OLD,0.0015001861611381173,2
002255,NEG,0,OLD,0.0,0
002256,NEG,0,OLD,0.0018996043363586068,1
002257,NEG,0,OLD,0.0,0
002258,NEG,0,OLD,0.0010366879869252443,1
002259,NEG,0,OLD,0.0,0
002260,NEG,0,OLD,0.0,0
002261,NEG,0,OLD,0.0,0
002262,NEG,0,OLD,0.0,0
002263,NEG,0,OLD,0.0,0
002264,NEG,0,OLD,0.0,0
002265,NEG,0,OLD,0.0,0
002266,NEG,0,OLD,0.0,0
002267,NEG,0,OLD,0.0,0
002268,NEG,0,OLD,0.0,0
002269,NEG,0,OLD,0.015824124217033386,1
002270,NEG,0,OLD,0.0,0
002271,NEG,0,OLD,0.0,0
002272,NEG,0,OLD,0.0,0
002273,NEG,0,OLD,0.0,0
002274,NEG,0,OLD,0.0,0
002275,NEG,0,OLD,0.0,0
002276,NEG,0,OLD,0.0,0
002277,NEG,0,OLD,0.0,0
002278,NEG,0,OLD,0.0,0
002279,NEG,0,OLD,0.0,0
002280,NEG,0,OLD,0.0,0
002281,NEG,0,OLD,0.0,0
002282,NEG,0,OLD,0.0,0
002283,NEG,0,OLD,0.0,0
002284,NEG,0,OLD,0.0012892043450847268,1
002285,NEG,0,OLD,0.0,0
002286,NEG,0,OLD,0.0,0
002287,NEG,0,OLD,0.0,0
002288,NEG,0,OLD,0.0,0
002289,NEG,0,OLD,0.0,0
002290,NEG,0,OLD,0.0,0
002291,NEG,0,OLD,0.0,0
002292,NEG,0,OLD,0.0,0
002293,NEG,0,OLD,0.0,0
002294,NEG,0,OLD,0.010657903738319874,2
002295,NEG,0,OLD,0.0011471229372546077,1
002296,NEG,0,OLD,0.0,0
002297,NEG,0,OLD,0.0,0
002298,NEG,0,OLD,0.0,0
002299,NEG,0,OLD,0.0,0
002300,NEG,0,OLD,0.0,0
002301,NEG,0,OLD,0.0,0
002302,NEG,0,OLD,0.003980434034019709,4
002303,NEG,0,OLD,0.016057366505265236,4
002304,NEG,0,OLD,0.0,0
002305,NEG,0,OLD,0.0,0
002306,NEG,0,OLD,0.0,0
002307,NEG,0,OLD,0.0,0
002308,NEG,0,OLD,0.0011834291508421302,1
002309,NEG,0,OLD,0.0,0
002310,NEG,0,OLD,0.2060893028974533,5
002311,NEG,0,OLD,0.0014238450676202774,2
002312,NEG,0,OLD,0.032462529838085175,4
002313,NEG,0,OLD,0.0030574665870517492,3
002314,NEG,0,OLD,0.002898545702919364,3
002315,NEG,0,OLD,0.006532855797559023,5
002316,NEG,0,OLD,0.0,0
002317,NEG,0,OLD,0.0020325621590018272,2
002318,NEG,0,OLD,0.0028631777968257666,2
002319,NEG,0,OLD,0.0017402437515556812,3
002320,NEG,0,OLD,0.0023124227300286293,2
002321,NEG,0,OLD,0.0,0
002322,NEG,0,OLD,0.0029488462023437023,4
002323,NEG,0,OLD,0.0,0
002324,NEG,0,OLD,0.0,0
002325,NEG,0,OLD,0.0,0
002326,NEG,0,OLD,0.0,0
002327,NEG,0,OLD,0.0,0
002328,NEG,0,OLD,0.0,0
002329,NEG,0,OLD,0.0,0
002330,NEG,0,OLD,0.0,0
002331,NEG,0,OLD,0.0,0
002332,NEG,0,OLD,0.0,0
002333,NEG,0,OLD,0.0,0
002334,NEG,0,OLD,0.0,0
002335,NEG,0,OLD,0.0768289640545845,1
002336,NEG,0,OLD,0.020428668707609177,2
002337,NEG,0,OLD,0.05705626308917999,5
002338,NEG,0,OLD,0.05993257462978363,2
002339,NEG,0,OLD,0.0020120590925216675,2
002340,NEG,0,OLD,0.001751365140080452,2
002341,NEG,0,OLD,0.0030552346725016832,3
002342,NEG,0,OLD,0.0,0
002343,NEG,0,OLD,0.001578975236043334,1
002344,NEG,0,OLD,0.00395750068128109,2
002345,NEG,0,OLD,0.0,0
002346,NEG,0,OLD,0.0,0
002347,NEG,0,OLD,0.0020408807322382927,1
002348,NEG,0,OLD,0.0,0
002349,NEG,0,OLD,0.0011392550077289343,1
002350,NEG,0,OLD,0.0,0
002351,NEG,0,OLD,0.0,0
002352,NEG,0,OLD,0.0,0
002353,NEG,0,OLD,0.0,0
002354,NEG,0,OLD,0.0,0
002355,NEG,0,OLD,0.0015337537042796612,1
002356,NEG,0,OLD,0.0,0
002357,NEG,0,OLD,0.0,0
002358,NEG,0,OLD,0.0,0
002359,NEG,0,OLD,0.0,0
002360,NEG,0,OLD,0.0,0
002361,NEG,0,OLD,0.0,0
002362,NEG,0,OLD,0.0,0
002363,NEG,0,OLD,0.0,0
002364,NEG,0,OLD,0.0,0
002365,NEG,0,OLD,0.0010595193598419428,1
002366,NEG,0,OLD,0.0,0
002367,NEG,0,OLD,0.00373633555136621,5
002368,NEG,0,OLD,0.001792886178009212,5
002369,NEG,0,OLD,0.0,0
002370,NEG,0,OLD,0.0012246607802808285,4
002371,NEG,0,OLD,0.00383340148255229,7
002372,NEG,0,OLD,0.0019333562813699245,5
002373,NEG,0,OLD,0.005260794889181852,5
002374,NEG,0,OLD,0.0034257113002240658,5
002375,NEG,0,OLD,0.005870731547474861,8
002376,NEG,0,OLD,0.007957864552736282,8
002377,NEG,0,OLD,0.004415331408381462,6
002378,NEG,0,OLD,0.004841860383749008,8
002379,NEG,0,OLD,0.002788290847092867,5
002380,NEG,0,OLD,0.0,0
002381,NEG,0,OLD,0.021037869155406952,8
002382,NEG,0,OLD,0.03495856747031212,7
002383,NEG,0,OLD,0.005274781957268715,4
002384,NEG,0,OLD,0.010235666297376156,6
002385,NEG,0,OLD,0.03535141050815582,7
002386,NEG,0,OLD,0.04403408616781235,8
002387,NEG,0,OLD,0.028604652732610703,10
002388,NEG,0,OLD,0.03166303411126137,9
002389,NEG,0,OLD,0.009578090161085129,4
002390,NEG,0,OLD,0.012544187717139721,7
002391,NEG,0,OLD,0.01846916228532791,8
002392,NEG,0,OLD,0.03561835736036301,9
002393,NEG,0,OLD,0.012055369094014168,9
002394,NEG,0,OLD,0.032767653465270996,7
002395,NEG,0,OLD,0.011454916559159756,11
002396,NEG,0,OLD,0.03418958932161331,8
002397,NEG,0,OLD,0.028324639424681664,8
002398,NEG,0,OLD,0.015545764937996864,12
002399,NEG,0,OLD,0.004488147795200348,7
002400,NEG,0,OLD,0.21438495814800262,6
002401,NEG,0,OLD,0.0050255064852535725,6
002402,NEG,0,OLD,0.011025762185454369,6
002403,NEG,0,OLD,0.015019861981272697,7
002404,NEG,0,OLD,0.058067869395017624,7
002405,NEG,0,OLD,0.12434078007936478,7
002406,NEG,0,OLD,0.13040173053741455,7
002407,NEG,0,OLD,0.058809857815504074,7
002408,NEG,0,OLD,0.013109668157994747,11
002409,NEG,0,OLD,0.01232222281396389,5
002410,NEG,0,OLD,0.015150360763072968,5
002411,NEG,0,OLD,0.010832644067704678,6
002412,NEG,0,OLD,0.017777709290385246,5
002413,NEG,0,OLD,0.04821332171559334,4
002414,NEG,0,OLD,0.001693371101282537,1
002415,NEG,0,OLD,0.08441407233476639,2
002416,NEG,0,OLD,0.10782737284898758,3
002417,NEG,0,OLD,0.5926027894020081,4
002418,NEG,0,OLD,0.4714164137840271,6
002419,NEG,0,OLD,0.35376715660095215,6
002420,NEG,0,OLD,0.42628055810928345,6
002421,NEG,0,OLD,0.5126230120658875,5
002422,NEG,0,OLD,0.7941603660583496,3
002423,NEG,0,OLD,0.5726714134216309,3
002424,NEG,0,OLD,0.7966883182525635,3
002425,NEG,0,OLD,0.7628493905067444,4
002426,NEG,0,OLD,0.14168070256710052,2
002427,NEG,0,OLD,0.009248126298189163,4
002428,NEG,0,OLD,0.09509745985269547,3
002429,NEG,0,OLD,0.4911040961742401,3
002430,NEG,0,OLD,0.1465020328760147,4
002431,NEG,0,OLD,0.7136837840080261,3
002432,NEG,0,OLD,0.7564760446548462,3
002433,NEG,0,OLD,0.4725848436355591,4
002434,NEG,0,OLD,0.01824222318828106,4
002435,NEG,0,OLD,0.0,0
002436,NEG,0,OLD,0.0,0
002437,NEG,0,OLD,0.00706172501668334,3
002438,NEG,0,OLD,0.0,0
002439,NEG,0,OLD,0.0,0
002440,NEG,0,OLD,0.0012048709904775023,2
002441,NEG,0,OLD,0.0025987024419009686,1
002442,NEG,0,OLD,0.0,0
002443,NEG,0,OLD,0.0,0
002444,NEG,0,OLD,0.0,0
002445,NEG,0,OLD,0.0,0
002446,NEG,0,OLD,0.0,0
002447,NEG,0,OLD,0.0,0
002448,NEG,0,OLD,0.0021511365193873644,6
002449,NEG,0,OLD,0.0,0
002450,NEG,0,OLD,0.0,0
002451,NEG,0,OLD,0.0,0
002452,NEG,0,OLD,0.0,0
002453,NEG,0,OLD,0.0,0
002454,NEG,0,OLD,0.001039763679727912,1
002455,NEG,0,OLD,0.0,0
002456,NEG,0,OLD,0.015313657931983471,4
002457,NEG,0,OLD,0.0,0
002458,NEG,0,OLD,0.0,0
002459,NEG,0,OLD,0.0,0
002460,NEG,0,OLD,0.001864284509792924,1
002461,NEG,0,OLD,0.0,0
002462,NEG,0,OLD,0.0,0
002463,NEG,0,OLD,0.004195837769657373,2
002464,NEG,0,OLD,0.044575657695531845,3
002465,NEG,0,OLD,0.0011927856830880046,1
002466,NEG,0,OLD,0.0077584171667695045,2
002467,NEG,0,OLD,0.0,0
002468,NEG,0,OLD,0.07794053107500076,5
002469,NEG,0,OLD,0.04052121192216873,3
002470,NEG,0,OLD,0.061156198382377625,4
002471,NEG,0,OLD,0.0030212656129151583,6
002472,NEG,0,OLD,0.003182237036526203,2
002473,NEG,0,OLD,0.0012735812924802303,3
002474,NEG,0,OLD,0.00476106395944953,3
002475,NEG,0,OLD,0.12619255483150482,1
002476,NEG,0,OLD,0.022428294643759727,4
002477,NEG,0,OLD,0.22654558718204498,3
002478,NEG,0,OLD,0.0036052041687071323,4
002479,NEG,0,OLD,0.005781230516731739,1
002480,NEG,0,OLD,0.08532749116420746,3
002481,NEG,0,OLD,0.0,0
002482,NEG,0,OLD,0.005932373460382223,3
002483,NEG,0,OLD,0.020148640498518944,4
002484,NEG,0,OLD,0.0019478143658488989,5
002485,NEG,0,OLD,0.001990628195926547,1
002486,NEG,0,OLD,0.014200814999639988,7
002487,NEG,0,OLD,0.013153454288840294,8
002488,NEG,0,OLD,0.001454907120205462,5
002489,NEG,0,OLD,0.01678459346294403,11
002490,NEG,0,OLD,0.0372476689517498,15
002491,NEG,0,OLD,0.025003783404827118,19
002492,NEG,0,OLD,0.01979159563779831,28
002493,NEG,0,OLD,0.004305421840399504,4
002494,NEG,0,OLD,0.013097594492137432,7
002495,NEG,0,OLD,0.001349436235614121,1
002496,NEG,0,OLD,0.005580113269388676,1
002497,NEG,0,OLD,0.0040587494149804115,3
002498,NEG,0,OLD,0.001750925905071199,3
002499,NEG,0,OLD,0.0,0
002500,NEG,0,OLD,0.0,0
002501,NEG,0,OLD,0.0,0
002502,NEG,0,OLD,0.004938374273478985,4
002503,NEG,0,OLD,0.004686064086854458,1
002504,NEG,0,OLD,0.012769890017807484,3
002505,NEG,0,OLD,0.07054752111434937,4
002506,NEG,0,OLD,0.003840190125629306,2
002507,NEG,0,OLD,0.05016892030835152,8
002508,NEG,0,OLD,0.016680581495165825,4
002509,NEG,0,OLD,0.0044089555740356445,2
002510,NEG,0,OLD,0.0012818194227293134,1
002511,NEG,0,OLD,0.0,0
002512,NEG,0,OLD,0.0,0
002513,NEG,0,OLD,0.0026646561454981565,1
002514,NEG,0,OLD,0.0,0
002515,NEG,0,OLD,0.0,0
002516,NEG,0,OLD,0.001065558404661715,1
002517,NEG,0,OLD,0.0,0
002518,NEG,0,OLD,0.0,0
002519,NEG,0,OLD,0.0,0
002520,NEG,0,OLD,0.0,0
002521,NEG,0,OLD,0.0,0
002522,NEG,0,OLD,0.0,0
002523,NEG,0,OLD,0.0,0
002524,NEG,0,OLD,0.0,0
002525,NEG,0,OLD,0.0,0
002526,NEG,0,OLD,0.0,0
002527,NEG,0,OLD,0.0,0
002528,NEG,0,OLD,0.0025400572922080755,1
002529,NEG,0,OLD,0.0,0
002530,NEG,0,OLD,0.0066897510550916195,1
002531,NEG,0,OLD,0.0338895320892334,1
002532,NEG,0,OLD,0.0020944601856172085,1
002533,NEG,0,OLD,0.1772124171257019,2
002534,NEG,0,OLD,0.006297745276242495,1
002535,NEG,0,OLD,0.0017504249699413776,1
002536,NEG,0,OLD,0.10657176375389099,1
002537,NEG,0,OLD,0.0,0
002538,NEG,0,OLD,0.0,0
002539,NEG,0,OLD,0.006710384972393513,1
002540,NEG,0,OLD,0.11785659193992615,2
002541,NEG,0,OLD,0.02002282254397869,1
002542,NEG,0,OLD,0.0,0
002543,NEG,0,OLD,0.0011711395345628262,1
002544,NEG,0,OLD,0.0,0
002545,NEG,0,OLD,0.0,0
002546,NEG,0,OLD,0.0,0
002547,NEG,0,OLD,0.0,0
002548,NEG,0,OLD,0.0017600574064999819,2
002549,NEG,0,OLD,0.0032849994022399187,1
002550,NEG,0,OLD,0.008125347085297108,1
002551,NEG,0,OLD,0.0,0
002552,NEG,0,OLD,0.0,0
002553,NEG,0,OLD,0.0,0
002554,NEG,0,OLD,0.0,0
002555,NEG,0,OLD,0.0,0
002556,NEG,0,OLD,0.0,0
002557,NEG,0,OLD,0.0,0
002558,NEG,0,OLD,0.02081797644495964,5
002559,NEG,0,OLD,0.0013423874042928219,1
002560,NEG,0,OLD,0.0034733929205685854,8
002561,NEG,0,OLD,0.004432222805917263,3
002562,NEG,0,OLD,0.0058296299539506435,15
002563,NEG,0,OLD,0.0012138080783188343,1
002564,NEG,0,OLD,0.0,0
002565,NEG,0,OLD,0.0,0
002566,NEG,0,OLD,0.00109810009598732,1
002567,NEG,0,OLD,0.0014456365024670959,3
002568,NEG,0,OLD,0.061360567808151245,5
002569,NEG,0,OLD,0.006387173663824797,1
002570,NEG,0,OLD,0.005588493775576353,1
002571,NEG,0,OLD,0.008688083849847317,2
002572,NEG,0,OLD,0.0017326708184555173,2
002573,NEG,0,OLD,0.0019814991392195225,2
002574,NEG,0,OLD,0.002874939702451229,4
002575,NEG,0,OLD,0.0017837077612057328,1
002576,NEG,0,OLD,0.004510331898927689,5
002577,NEG,0,OLD,0.003964585717767477,4
002578,NEG,0,OLD,0.005665393080562353,4
002579,NEG,0,OLD,0.009093927219510078,5
002580,NEG,0,OLD,0.0,0
002581,NEG,0,OLD,0.002463419223204255,3
002582,NEG,0,OLD,0.0,0
002583,NEG,0,OLD,0.001865068101324141,1
002584,NEG,0,OLD,0.005406894721090794,3
002585,NEG,0,OLD,0.010730767622590065,6
002586,NEG,0,OLD,0.017600812017917633,11
002587,NEG,0,OLD,0.009497269988059998,5
002588,NEG,0,OLD,0.013282996602356434,7
002589,NEG,0,OLD,0.0015555700520053506,1
002590,NEG,0,OLD,0.005013468209654093,5
002591,NEG,0,OLD,0.006591666955500841,4
002592,NEG,0,OLD,0.002816346473991871,3
002593,NEG,0,OLD,0.0015118381706997752,1
002594,NEG,0,OLD,0.0,0
002595,NEG,0,OLD,0.0,0
002596,NEG,0,OLD,0.0,0
002597,NEG,0,OLD,0.0,0
002598,NEG,0,OLD,0.003790290793403983,1
002599,NEG,0,OLD,0.0,0
002600,NEG,0,OLD,0.0,0
002601,NEG,0,OLD,0.0,0
002602,NEG,0,OLD,0.00330639211460948,5
002603,NEG,0,OLD,0.02478829026222229,2
002604,NEG,0,OLD,0.0032586310990154743,1
002605,NEG,0,OLD,0.0030867529567331076,2
002606,NEG,0,OLD,0.012918503023684025,2
002607,NEG,0,OLD,0.34475210309028625,3
002608,NEG,0,OLD,0.3759838938713074,5
002609,NEG,0,OLD,0.7943958640098572,1
002610,NEG,0,OLD,0.3391249477863312,1
002611,NEG,0,OLD,0.04818394407629967,4
002612,NEG,0,OLD,0.37972313165664673,5
002613,NEG,0,OLD,0.5559636354446411,5
002614,NEG,0,OLD,0.7402475476264954,4
002615,NEG,0,OLD,0.1717337816953659,3
002616,NEG,0,OLD,0.36402398347854614,2
002617,NEG,0,OLD,0.5532745122909546,3
002618,NEG,0,OLD,0.05989309772849083,4
002619,NEG,0,OLD,0.1738857924938202,4
002620,NEG,0,OLD,0.028205113485455513,5
002621,NEG,0,OLD,0.0037774730008095503,3
002622,NEG,0,OLD,0.033443599939346313,5
002623,NEG,0,OLD,0.0,0
002624,NEG,0,OLD,0.03426603972911835,7
002625,NEG,0,OLD,0.009673966094851494,1
002626,NEG,0,OLD,0.0,0
002627,NEG,0,OLD,0.0011551507050171494,1
002628,NEG,0,OLD,0.0032586853485554457,2
002629,NEG,0,OLD,0.002559594577178359,2
002630,NEG,0,OLD,0.0030193545389920473,4
002631,NEG,0,OLD,0.001499979174695909,2
002632,NEG,0,OLD,0.0024778624065220356,2
002633,NEG,0,OLD,0.012288365513086319,4
002634,NEG,0,OLD,0.003404255723580718,3
002635,NEG,0,OLD,0.004442978650331497,4
002636,NEG,0,OLD,0.012412440031766891,1
002637,NEG,0,OLD,0.001443467102944851,1
002638,NEG,0,OLD,0.0,0
002639,NEG,0,OLD,0.0,0
002640,NEG,0,OLD,0.0,0
002641,NEG,0,OLD,0.0,0
002642,NEG,0,OLD,0.022530002519488335,1
002643,NEG,0,OLD,0.0032336125150322914,2
002644,NEG,0,OLD,0.0,0
002645,NEG,0,OLD,0.0017276586731895804,3
002646,NEG,0,OLD,0.004474038723856211,4
002647,NEG,0,OLD,0.010397760197520256,2
002648,NEG,0,OLD,0.280635803937912,5
002649,NEG,0,OLD,0.35796916484832764,4
002650,NEG,0,OLD,0.1465747356414795,2
002651,NEG,0,OLD,0.023725703358650208,5
002652,NEG,0,OLD,0.011453517712652683,9
002653,NEG,0,OLD,0.008782386779785156,5
002654,NEG,0,OLD,0.0,0
002655,NEG,0,OLD,0.0,0
002656,NEG,0,OLD,0.0019889825489372015,3
002657,NEG,0,OLD,0.13903261721134186,3
002658,NEG,0,OLD,0.01366396527737379,7
002659,NEG,0,OLD,0.01424936018884182,3
002660,NEG,0,OLD,0.028384659439325333,2
002661,NEG,0,OLD,0.0016159974038600922,1
002662,NEG,0,OLD,0.0,0
002663,NEG,0,OLD,0.0,0
002664,NEG,0,OLD,0.0,0
002665,NEG,0,OLD,0.0,0
002666,NEG,0,OLD,0.0,0
002667,NEG,0,OLD,0.0,0
002668,NEG,0,OLD,0.0,0
002669,NEG,0,OLD,0.0,0
002670,NEG,0,OLD,0.005858208518475294,2
002671,NEG,0,OLD,0.0020326876547187567,3
002672,NEG,0,OLD,0.0012822168646380305,2
002673,NEG,0,OLD,0.0,0
002674,NEG,0,OLD,0.0035740735474973917,3
002675,NEG,0,OLD,0.0,0
002676,NEG,0,OLD,0.0,0
002677,NEG,0,OLD,0.0,0
002678,NEG,0,OLD,0.0014086444862186909,4
002679,NEG,0,OLD,0.0019545885734260082,3
002680,NEG,0,OLD,0.0,0
002681,NEG,0,OLD,0.0,0
002682,NEG,0,OLD,0.0,0
002683,NEG,0,OLD,0.0,0
002684,NEG,0,OLD,0.0,0
002685,NEG,0,OLD,0.0,0
002686,NEG,0,OLD,0.0,0
002687,NEG,0,OLD,0.0,0
002688,NEG,0,OLD,0.0,0
1778651519235162880,DAY,1,FT,0.9781789183616638,1
1778651530691638016,DAY,1,FT,0.9791966080665588,1
1778651579029250816,DAY,1,FT,0.9713324904441833,1
1778651650570397184,DAY,1,FT,0.9794894456863403,1
1778651650839160832,DAY,1,FT,0.974939227104187,1
1778653367706938112,DAY,1,FT,0.9802872538566589,1
1778653508779767808,DAY,1,FT,0.936211347579956,5
1778653526955536896,DAY,1,FT,0.9389622807502747,1
1778653540259983104,DAY,1,FT,0.9817467927932739,1
1778653545299653120,DAY,1,FT,0.9788074493408203,1
1775201414728017664,DAY,1,FT,0.9850769639015198,1
1775201415399297536,DAY,1,FT,0.9230768084526062,1
1775201416944730624,DAY,1,FT,0.9852085113525391,1
1775201418120676608,DAY,1,FT,0.9757698774337769,1
1775201421043401984,DAY,1,FT,0.978791356086731,2
1775201428535961600,DAY,1,FT,0.9822799563407898,1
1775201429879521792,DAY,1,FT,0.9781650900840759,1
1775201430551447040,DAY,1,FT,0.9847550392150879,1
1775201430786751744,DAY,1,FT,0.9859926104545593,1
1775201436800711168,DAY,1,FT,0.9840989708900452,1
1775201442546213120,DAY,1,FT,0.9825214743614197,1
1775201443822140928,DAY,1,FT,0.9860784411430359,1
1778653003088339968,DAY,1,FT,0.9883798360824585,1
1778653006783606016,DAY,1,FT,0.977161169052124,1
1778653007724386048,DAY,1,FT,0.9793175458908081,1
1778653017736058368,DAY,1,FT,0.9811459183692932,1
1778653018878592768,DAY,1,FT,0.9719112515449524,1
1778653029965134592,DAY,1,FT,0.9705997109413147,1
1778653030032337920,DAY,1,FT,0.9782821536064148,1
1778653030099587072,DAY,1,FT,0.9594953656196594,2
1778653030166875904,DAY,1,FT,0.9675286412239075,1
1778653030233998336,DAY,1,FT,0.968430757522583,1
1778653030939714816,DAY,1,FT,0.9698468446731567,1
1778653031275751936,DAY,1,FT,0.9768770337104797,1
1778653033056483584,DAY,1,FT,0.9628632664680481,1
1778653041187027200,DAY,1,FT,0.9538961052894592,2
1778653055734035712,DAY,1,FT,0.9812594056129456,1
1778653055801377280,DAY,1,FT,0.9830176830291748,1
1778653055868669952,DAY,1,FT,0.9822476506233215,1
1778653056137140480,DAY,1,FT,0.9885263442993164,1
1778652124170068224,DAY,1,FT,0.9837400317192078,1
1778652125245035520,DAY,1,FT,0.9822016358375549,1
1778652126319943168,DAY,1,FT,0.9859216809272766,1
1778652127361815808,DAY,1,FT,0.9819595217704773,1
1778652128369383168,DAY,1,FT,0.9848406910896301,1
1778652130452698368,DAY,1,FT,0.9835972189903259,1
1778652132535256576,DAY,1,FT,0.9792647361755371,1
1778652134517495552,DAY,1,FT,0.9649242162704468,1
1778652136533958400,DAY,1,FT,0.9812062382698059,1
1778652138515809024,DAY,1,FT,0.963100254535675,2
1778652140531310080,DAY,1,FT,0.9809787273406982,1
1778652142480077056,DAY,1,FT,0.9829066395759583,1
1778652144496057088,DAY,1,FT,0.9802670478820801,1
1778652146612550912,DAY,1,FT,0.9807990789413452,1
1778652148628229376,DAY,1,FT,0.981084406375885,1
1778652150610404864,DAY,1,FT,0.9886702299118042,1
1778652152626116352,DAY,1,FT,0.972052812576294,1
1778652154608392192,DAY,1,FT,0.9372065663337708,1
1778652156557165568,DAY,1,FT,0.975081741809845,1
1778652158404883456,DAY,1,FT,0.9816243052482605,1
1778652166837872128,DAY,1,FT,0.9695618152618408,1
1778652168786111744,DAY,1,FT,0.9707720279693604,1
1778652170735118080,DAY,1,FT,0.983632504940033,1
1778652172717607680,DAY,1,FT,0.9821268916130066,1
1778652174598774528,DAY,1,FT,0.9841136336326599,1
1778652176547299328,DAY,1,FT,0.9867608547210693,1
1778652178428551168,DAY,1,FT,0.9801675081253052,1
1778653630038417664,DAY,1,FT,0.9090570211410522,2
1778653632188551424,DAY,1,FT,0.9767954349517822,1
1778653634641026304,DAY,1,FT,0.9691987633705139,2
1778653643678509824,DAY,1,FT,0.9555447697639465,1
1778653659065885952,DAY,1,FT,0.9490590691566467,1
1778653661653195264,DAY,1,FT,0.9057139158248901,2
1778653664407620608,DAY,1,FT,0.9731764793395996,1
1778653674184865536,DAY,1,FT,0.9697090983390808,1
1778653693804927232,DAY,1,FT,0.8793683052062988,2
1778653699314620416,DAY,1,FT,0.9394264221191406,1
1778653704118966272,DAY,1,FT,0.875361442565918,2
1778653706706429696,DAY,1,FT,0.9402680397033691,1
1778653709259341568,DAY,1,FT,0.9584383368492126,1
1778653711544007680,DAY,1,FT,0.7887595891952515,2
1778653713962971904,DAY,1,FT,0.9073100686073303,1
1778653721118964736,DAY,1,FT,0.9245681762695312,1
1778653723571790336,DAY,1,FT,0.9672776460647583,1
1778653730458996736,DAY,1,FT,0.9706503748893738,1
1778653738858078976,DAY,1,FT,0.9684924483299255,1
1778653796073599488,DAY,1,FT,0.9276418685913086,1
1778653798391620864,DAY,1,FT,0.9226939082145691,1
1778653804674198784,DAY,1,FT,0.8651270866394043,1
1778653806958839552,DAY,1,FT,0.9120040535926819,1
1778653811763352320,DAY,1,FT,0.8419358134269714,1
1778653814384002560,DAY,1,FT,0.9471521377563477,1
1778653821069351168,DAY,1,FT,0.9573051929473877,1
1778653823253508096,DAY,1,FT,0.9403979182243347,1
1778653832794714368,DAY,1,FT,0.9552686810493469,1
1778653871330109184,DAY,1,FT,0.4690288305282593,3
1778653882316513792,DAY,1,FT,0.9330095052719116,2
1778653884903302656,DAY,1,FT,0.9741277694702148,1
1778653889069260032,DAY,1,FT,0.9636912941932678,1
1778653898342159872,DAY,1,FT,0.9759481549263,1
1779449467555301888,NIGHT,1,FT,0.9739441275596619,2
1779449470423201536,NIGHT,1,FT,0.9375256299972534,1
1779449475060066816,NIGHT,1,FT,0.9515272378921509,1
1779449479095927552,NIGHT,1,FT,0.9691570997238159,2
1779449481331070208,NIGHT,1,FT,0.9726077914237976,1
1779449483432542720,NIGHT,1,FT,0.9687285423278809,1
1779449485800670464,NIGHT,1,FT,0.9861504435539246,1
1779449488068910592,NIGHT,1,FT,0.9493246674537659,2
1779449492505469440,NIGHT,1,FT,0.9812286496162415,1
1779449496875356416,NIGHT,1,FT,0.869644284248352,3
1779449499143611648,NIGHT,1,FT,0.3432459235191345,2
1779449501478488320,NIGHT,1,FT,0.9848697185516357,1
1779449575470221824,NIGHT,1,FT,0.9695194363594055,1
1779449580573721600,NIGHT,1,FT,0.9699623584747314,1
1779449591514485504,NIGHT,1,FT,0.9616201519966125,1
1779449593782795264,NIGHT,1,FT,0.9772689342498779,1
1779449596017728000,NIGHT,1,FT,0.9820772409439087,1
1779449602689248000,NIGHT,1,FT,0.9794332981109619,1
1779449604823769344,NIGHT,1,FT,0.9373531937599182,3
1779449631842893312,NIGHT,1,FT,0.9565435647964478,1
1779449634044385536,NIGHT,1,FT,0.9576238989830017,1
1779449638581035008,NIGHT,1,FT,0.9590890407562256,1
1779449643284402176,NIGHT,1,FT,0.8667681217193604,1
1779449645419136000,NIGHT,1,FT,0.9503990411758423,1
1779449647620845824,NIGHT,1,FT,0.9261719584465027,1
1779449649655479552,NIGHT,1,FT,0.9591538310050964,1
1779449656527024896,NIGHT,1,FT,0.9814918637275696,1
1779449661263803392,NIGHT,1,FT,0.007167109753936529,2
000000,NEG,0,FT,0.0,0
000001,NEG,0,FT,0.0,0
000002,NEG,0,FT,0.0,0
000003,NEG,0,FT,0.0,0
000004,NEG,0,FT,0.0,0
000005,NEG,0,FT,0.0,0
000006,NEG,0,FT,0.0,0
000007,NEG,0,FT,0.0,0
000008,NEG,0,FT,0.0,0
000009,NEG,0,FT,0.0,0
000010,NEG,0,FT,0.0,0
000011,NEG,0,FT,0.0,0
000012,NEG,0,FT,0.0,0
000013,NEG,0,FT,0.0,0
000014,NEG,0,FT,0.0,0
000015,NEG,0,FT,0.0,0
000016,NEG,0,FT,0.0,0
000017,NEG,0,FT,0.0,0
000018,NEG,0,FT,0.0,0
000019,NEG,0,FT,0.0,0
000020,NEG,0,FT,0.0,0
000021,NEG,0,FT,0.0,0
000022,NEG,0,FT,0.0,0
000023,NEG,0,FT,0.0,0
000024,NEG,0,FT,0.0,0
000025,NEG,0,FT,0.0,0
000026,NEG,0,FT,0.03392695635557175,3
000027,NEG,0,FT,0.008115667849779129,1
000028,NEG,0,FT,0.05847197771072388,2
000029,NEG,0,FT,0.0013882865896448493,1
000030,NEG,0,FT,0.08204569667577744,1
000031,NEG,0,FT,0.006117343436926603,1
000032,NEG,0,FT,0.15207301080226898,1
000033,NEG,0,FT,0.0,0
000034,NEG,0,FT,0.002626055385917425,1
000035,NEG,0,FT,0.23445115983486176,13
000036,NEG,0,FT,0.14393532276153564,1
000037,NEG,0,FT,0.1627250462770462,1
000038,NEG,0,FT,0.17418600618839264,1
000039,NEG,0,FT,0.3792434632778168,2
000040,NEG,0,FT,0.16937166452407837,2
000041,NEG,0,FT,0.0015786130679771304,1
000042,NEG,0,FT,0.002976328367367387,1
000043,NEG,0,FT,0.0031987791880965233,2
000044,NEG,0,FT,0.07179693877696991,1
000045,NEG,0,FT,0.18468564748764038,2
000046,NEG,0,FT,0.17123164236545563,2
000047,NEG,0,FT,0.029814887791872025,1
000048,NEG,0,FT,0.009522953070700169,2
000049,NEG,0,FT,0.04785596951842308,3
000050,NEG,0,FT,0.0012139965547248721,2
000051,NEG,0,FT,0.32477203011512756,1
000052,NEG,0,FT,0.26105064153671265,4
000053,NEG,0,FT,0.018807576969265938,1
000054,NEG,0,FT,0.055015601217746735,2
000055,NEG,0,FT,0.07828868925571442,1
000056,NEG,0,FT,0.33040493726730347,3
000057,NEG,0,FT,0.07656729966402054,2
000058,NEG,0,FT,0.3083195686340332,3
000059,NEG,0,FT,0.14099541306495667,2
000060,NEG,0,FT,0.21366320550441742,2
000061,NEG,0,FT,0.450065940618515,3
000062,NEG,0,FT,0.10761529207229614,3
000063,NEG,0,FT,0.15313205122947693,4
000064,NEG,0,FT,0.14372611045837402,3
000065,NEG,0,FT,0.20399093627929688,3
000066,NEG,0,FT,0.056235965341329575,1
000067,NEG,0,FT,0.020244494080543518,5
000068,NEG,0,FT,0.4349510967731476,2
000069,NEG,0,FT,0.013867521658539772,3
000070,NEG,0,FT,0.40252330899238586,3
000071,NEG,0,FT,0.24161659181118011,4
000072,NEG,0,FT,0.0,0
000073,NEG,0,FT,0.2933852970600128,3
000074,NEG,0,FT,0.01626618020236492,6
000075,NEG,0,FT,0.00501452200114727,3
000076,NEG,0,FT,0.02682209201157093,2
000077,NEG,0,FT,0.023658480495214462,2
000078,NEG,0,FT,0.03895071521401405,1
000079,NEG,0,FT,0.0015535472193732858,1
000080,NEG,0,FT,0.00792099442332983,5
000081,NEG,0,FT,0.0021419504191726446,1
000082,NEG,0,FT,0.00923088751733303,3
000083,NEG,0,FT,0.007491706404834986,3
000084,NEG,0,FT,0.029397856444120407,3
000085,NEG,0,FT,0.004076087381690741,6
000086,NEG,0,FT,0.0,0
000087,NEG,0,FT,0.0021635734010487795,1
000088,NEG,0,FT,0.0,0
000089,NEG,0,FT,0.0,0
000090,NEG,0,FT,0.0016869875835254788,1
000091,NEG,0,FT,0.0,0
000092,NEG,0,FT,0.0014341083588078618,1
000093,NEG,0,FT,0.0,0
000094,NEG,0,FT,0.0,0
000095,NEG,0,FT,0.0,0
000096,NEG,0,FT,0.0,0
000097,NEG,0,FT,0.0,0
000098,NEG,0,FT,0.0,0
000099,NEG,0,FT,0.0,0
000100,NEG,0,FT,0.0,0
000101,NEG,0,FT,0.0103835454210639,4
000102,NEG,0,FT,0.0,0
000103,NEG,0,FT,0.0,0
000104,NEG,0,FT,0.0,0
000105,NEG,0,FT,0.0,0
000106,NEG,0,FT,0.0,0
000107,NEG,0,FT,0.20432904362678528,4
000108,NEG,0,FT,0.5517610311508179,3
000109,NEG,0,FT,0.4942629337310791,3
000110,NEG,0,FT,0.3911764919757843,3
000111,NEG,0,FT,0.0,0
000112,NEG,0,FT,0.0,0
000113,NEG,0,FT,0.0,0
000114,NEG,0,FT,0.0012104834895581007,1
000115,NEG,0,FT,0.0,0
000116,NEG,0,FT,0.013444524258375168,2
000117,NEG,0,FT,0.08826644718647003,3
000118,NEG,0,FT,0.0,0
000119,NEG,0,FT,0.0,0
000120,NEG,0,FT,0.0,0
000121,NEG,0,FT,0.0,0
000122,NEG,0,FT,0.0,0
000123,NEG,0,FT,0.0,0
000124,NEG,0,FT,0.020984452217817307,4
000125,NEG,0,FT,0.012153844349086285,3
000126,NEG,0,FT,0.004989792592823505,3
000127,NEG,0,FT,0.07754312455654144,3
000128,NEG,0,FT,0.0034019541926681995,3
000129,NEG,0,FT,0.0,0
000130,NEG,0,FT,0.0,0
000131,NEG,0,FT,0.0,0
000132,NEG,0,FT,0.0,0
000133,NEG,0,FT,0.0,0
000134,NEG,0,FT,0.0,0
000135,NEG,0,FT,0.0,0
000136,NEG,0,FT,0.0,0
000137,NEG,0,FT,0.0,0
000138,NEG,0,FT,0.0,0
000139,NEG,0,FT,0.0,0
000140,NEG,0,FT,0.0,0
000141,NEG,0,FT,0.0,0
000142,NEG,0,FT,0.0,0
000143,NEG,0,FT,0.0,0
000144,NEG,0,FT,0.0,0
000145,NEG,0,FT,0.0019329265924170613,1
000146,NEG,0,FT,0.0,0
000147,NEG,0,FT,0.0,0
000148,NEG,0,FT,0.0023114436771720648,2
000149,NEG,0,FT,0.008069575764238834,2
000150,NEG,0,FT,0.0,0
000151,NEG,0,FT,0.05204671621322632,1
000152,NEG,0,FT,0.0,0
000153,NEG,0,FT,0.0033815617207437754,2
000154,NEG,0,FT,0.008669286035001278,1
000155,NEG,0,FT,0.004282563924789429,1
000156,NEG,0,FT,0.004283485002815723,1
000157,NEG,0,FT,0.0018560366006568074,1
000158,NEG,0,FT,0.00566813163459301,1
000159,NEG,0,FT,0.001334644854068756,1
000160,NEG,0,FT,0.005143154878169298,1
000161,NEG,0,FT,0.10524316877126694,1
000162,NEG,0,FT,0.0,0
000163,NEG,0,FT,0.0,0
000164,NEG,0,FT,0.0,0
000165,NEG,0,FT,0.0,0
000166,NEG,0,FT,0.0,0
000167,NEG,0,FT,0.0016968020936474204,2
000168,NEG,0,FT,0.005225952714681625,6
000169,NEG,0,FT,0.019518660381436348,3
000170,NEG,0,FT,0.015693863853812218,8
000171,NEG,0,FT,0.27249544858932495,3
000172,NEG,0,FT,0.17619270086288452,6
000173,NEG,0,FT,0.028637779876589775,10
000174,NEG,0,FT,0.0,0
000175,NEG,0,FT,0.0,0
000176,NEG,0,FT,0.0,0
000177,NEG,0,FT,0.0010560920927673578,1
000178,NEG,0,FT,0.0,0
000179,NEG,0,FT,0.0013375519774854183,2
000180,NEG,0,FT,0.009440962225198746,5
000181,NEG,0,FT,0.001198531361296773,1
000182,NEG,0,FT,0.01935637928545475,6
000183,NEG,0,FT,0.0975770428776741,1
000184,NEG,0,FT,0.0020947561133652925,6
000185,NEG,0,FT,0.06171206012368202,7
000186,NEG,0,FT,0.06224709004163742,2
000187,NEG,0,FT,0.5597812533378601,2
000188,NEG,0,FT,0.004202924203127623,2
000189,NEG,0,FT,0.0018525250488892198,2
000190,NEG,0,FT,0.002047719666734338,1
000191,NEG,0,FT,0.0019085519015789032,1
000192,NEG,0,FT,0.0032136193476617336,1
000193,NEG,0,FT,0.009013708680868149,1
000194,NEG,0,FT,0.001052230247296393,1
000195,NEG,0,FT,0.009179613552987576,1
000196,NEG,0,FT,0.0,0
000197,NEG,0,FT,0.0,0
000198,NEG,0,FT,0.03205681964755058,1
000199,NEG,0,FT,0.0023249811492860317,1
000200,NEG,0,FT,0.0024669570848345757,2
000201,NEG,0,FT,0.02029428258538246,1
000202,NEG,0,FT,0.024122411385178566,2
000203,NEG,0,FT,0.06424584984779358,1
000204,NEG,0,FT,0.4057309627532959,1
000205,NEG,0,FT,0.38295477628707886,3
000206,NEG,0,FT,0.2819420099258423,3
000207,NEG,0,FT,0.35524165630340576,3
000208,NEG,0,FT,0.2179867923259735,2
000209,NEG,0,FT,0.13416443765163422,2
000210,NEG,0,FT,0.03388837352395058,3
000211,NEG,0,FT,0.04669349268078804,1
000212,NEG,0,FT,0.14139796793460846,1
000213,NEG,0,FT,0.10113656520843506,2
000214,NEG,0,FT,0.11236152052879333,3
000215,NEG,0,FT,0.23132887482643127,1
000216,NEG,0,FT,0.09172504395246506,2
000217,NEG,0,FT,0.012083024717867374,1
000218,NEG,0,FT,0.0,0
000219,NEG,0,FT,0.0043024225160479546,3
000220,NEG,0,FT,0.00600023940205574,1
000221,NEG,0,FT,0.0019103469094261527,2
000222,NEG,0,FT,0.0016280768904834986,2
000223,NEG,0,FT,0.0,0
000224,NEG,0,FT,0.0,0
000225,NEG,0,FT,0.001186948618851602,3
000226,NEG,0,FT,0.005537651013582945,7
000227,NEG,0,FT,0.002094988478347659,4
000228,NEG,0,FT,0.001557744457386434,5
000229,NEG,0,FT,0.0,0
000230,NEG,0,FT,0.0026116203516721725,1
000231,NEG,0,FT,0.0,0
000232,NEG,0,FT,0.003718100255355239,2
000233,NEG,0,FT,0.0029170059133321047,2
000234,NEG,0,FT,0.002036835765466094,1
000235,NEG,0,FT,0.0018960770685225725,1
000236,NEG,0,FT,0.0,0
000237,NEG,0,FT,0.003379209665581584,5
000238,NEG,0,FT,0.0013104097452014685,2
000239,NEG,0,FT,0.0013104097452014685,2
000240,NEG,0,FT,0.004845354240387678,3
000241,NEG,0,FT,0.01609916426241398,5
000242,NEG,0,FT,0.011071138083934784,5
000243,NEG,0,FT,0.012317342683672905,2
000244,NEG,0,FT,0.06918226182460785,2
000245,NEG,0,FT,0.002037916099652648,2
000246,NEG,0,FT,0.0,0
000247,NEG,0,FT,0.005312480032444,6
000248,NEG,0,FT,0.0029776517767459154,2
000249,NEG,0,FT,0.01387268677353859,6
000250,NEG,0,FT,0.07991758733987808,7
000251,NEG,0,FT,0.021538021042943,7
000252,NEG,0,FT,0.04424191638827324,9
000253,NEG,0,FT,0.020654918625950813,7
000254,NEG,0,FT,0.002920492086559534,5
000255,NEG,0,FT,0.03348558396100998,4
000256,NEG,0,FT,0.004978285636752844,2
000257,NEG,0,FT,0.0022249382454901934,2
000258,NEG,0,FT,0.4882078468799591,4
000259,NEG,0,FT,0.0,0
000260,NEG,0,FT,0.0,0
000261,NEG,0,FT,0.0,0
000262,NEG,0,FT,0.0,0
000263,NEG,0,FT,0.0,0
000264,NEG,0,FT,0.0,0
000265,NEG,0,FT,0.0,0
000266,NEG,0,FT,0.0,0
000267,NEG,0,FT,0.0,0
000268,NEG,0,FT,0.0,0
000269,NEG,0,FT,0.0,0
000270,NEG,0,FT,0.0,0
000271,NEG,0,FT,0.0,0
000272,NEG,0,FT,0.0,0
000273,NEG,0,FT,0.0,0
000274,NEG,0,FT,0.0,0
000275,NEG,0,FT,0.0,0
000276,NEG,0,FT,0.0,0
000277,NEG,0,FT,0.0,0
000278,NEG,0,FT,0.0,0
000279,NEG,0,FT,0.0,0
000280,NEG,0,FT,0.0,0
000281,NEG,0,FT,0.0,0
000282,NEG,0,FT,0.0,0
000283,NEG,0,FT,0.0,0
000284,NEG,0,FT,0.0,0
000285,NEG,0,FT,0.0,0
000286,NEG,0,FT,0.0,0
000287,NEG,0,FT,0.0,0
000288,NEG,0,FT,0.0,0
000289,NEG,0,FT,0.0,0
000290,NEG,0,FT,0.0,0
000291,NEG,0,FT,0.0,0
000292,NEG,0,FT,0.0,0
000293,NEG,0,FT,0.0,0
000294,NEG,0,FT,0.0,0
000295,NEG,0,FT,0.0,0
000296,NEG,0,FT,0.0,0
000297,NEG,0,FT,0.0028910513501614332,1
000298,NEG,0,FT,0.0,0
000299,NEG,0,FT,0.001012694207020104,1
000300,NEG,0,FT,0.0,0
000301,NEG,0,FT,0.0011856219498440623,1
000302,NEG,0,FT,0.001856753253377974,1
000303,NEG,0,FT,0.0,0
000304,NEG,0,FT,0.0,0
000305,NEG,0,FT,0.0017638172721490264,1
000306,NEG,0,FT,0.0,0
000307,NEG,0,FT,0.0,0
000308,NEG,0,FT,0.0,0
000309,NEG,0,FT,0.0016515826573595405,1
000310,NEG,0,FT,0.002789716701954603,1
000311,NEG,0,FT,0.0,0
000312,NEG,0,FT,0.0012101330794394016,1
000313,NEG,0,FT,0.001977861626073718,1
000314,NEG,0,FT,0.0,0
000315,NEG,0,FT,0.0,0
000316,NEG,0,FT,0.0021041736472398043,1
000317,NEG,0,FT,0.0015415780944749713,1
000318,NEG,0,FT,0.0014896393986418843,1
000319,NEG,0,FT,0.001023850287310779,1
000320,NEG,0,FT,0.0018271427834406495,1
000321,NEG,0,FT,0.0,0
000322,NEG,0,FT,0.0,0
000323,NEG,0,FT,0.001413592486642301,1
000324,NEG,0,FT,0.0,0
000325,NEG,0,FT,0.0,0
000326,NEG,0,FT,0.0,0
000327,NEG,0,FT,0.0010248124599456787,1
000328,NEG,0,FT,0.0,0
000329,NEG,0,FT,0.0,0
000330,NEG,0,FT,0.001659303205087781,1
000331,NEG,0,FT,0.001858862116932869,1
000332,NEG,0,FT,0.0020409245043992996,1
000333,NEG,0,FT,0.0014844805700704455,1
000334,NEG,0,FT,0.0021279286593198776,1
000335,NEG,0,FT,0.0019565606489777565,1
000336,NEG,0,FT,0.0,0
000337,NEG,0,FT,0.0014840164221823215,1
000338,NEG,0,FT,0.0013200092362239957,1
000339,NEG,0,FT,0.0019180147210136056,1
000340,NEG,0,FT,0.0014163494342938066,1
000341,NEG,0,FT,0.0019615457858890295,1
000342,NEG,0,FT,0.0012206998653709888,1
000343,NEG,0,FT,0.001552157336845994,1
000344,NEG,0,FT,0.001619816175661981,1
000345,NEG,0,FT,0.0018673872109502554,1
000346,NEG,0,FT,0.00113312853500247,1
000347,NEG,0,FT,0.001264274469576776,1
000348,NEG,0,FT,0.0020312373526394367,1
000349,NEG,0,FT,0.001230565714649856,1
000350,NEG,0,FT,0.0014000915689393878,1
000351,NEG,0,FT,0.0015906465705484152,1
000352,NEG,0,FT,0.0015220604836940765,1
000353,NEG,0,FT,0.0014440453378483653,1
000354,NEG,0,FT,0.002036384306848049,1
000355,NEG,0,FT,0.0015704332618042827,1
000356,NEG,0,FT,0.0023448618594557047,1
000357,NEG,0,FT,0.001908479374833405,1
000358,NEG,0,FT,0.001708006369881332,1
000359,NEG,0,FT,0.0016312996158376336,1
000360,NEG,0,FT,0.001281830365769565,1
000361,NEG,0,FT,0.00204537739045918,1
000362,NEG,0,FT,0.0010142017854377627,1
000363,NEG,0,FT,0.001387899275869131,1
000364,NEG,0,FT,0.0011388855054974556,1
000365,NEG,0,FT,0.001437411061488092,1
000366,NEG,0,FT,0.0014513070927932858,1
000367,NEG,0,FT,0.0015688990242779255,1
000368,NEG,0,FT,0.0015037782723084092,1
000369,NEG,0,FT,0.0015923787141218781,1
000370,NEG,0,FT,0.0018103033071383834,1
000371,NEG,0,FT,0.0014503055717796087,1
000372,NEG,0,FT,0.0016957797342911363,1
000373,NEG,0,FT,0.0015517842257395387,1
000374,NEG,0,FT,0.00195578602142632,1
000375,NEG,0,FT,0.002125054132193327,1
000376,NEG,0,FT,0.0018553795525804162,1
000377,NEG,0,FT,0.001087392563931644,1
000378,NEG,0,FT,0.0016472905408591032,1
000379,NEG,0,FT,0.0012150417314842343,1
000380,NEG,0,FT,0.0011262181214988232,1
000381,NEG,0,FT,0.0022519563790410757,1
000382,NEG,0,FT,0.0015878885751590133,1
000383,NEG,0,FT,0.0021692169830203056,1
000384,NEG,0,FT,0.0015055936528369784,1
000385,NEG,0,FT,0.001623869757167995,1
000386,NEG,0,FT,0.0038723363541066647,21
000387,NEG,0,FT,0.0030994212720543146,16
000388,NEG,0,FT,0.0035542177502065897,17
000389,NEG,0,FT,0.002282593632116914,10
000390,NEG,0,FT,0.002060862723737955,7
000391,NEG,0,FT,0.0016624199924990535,4
000392,NEG,0,FT,0.0023847725242376328,9
000393,NEG,0,FT,0.002186847385019064,8
000394,NEG,0,FT,0.0037255720235407352,12
000395,NEG,0,FT,0.0031195117626339197,12
000396,NEG,0,FT,0.005665933713316917,15
000397,NEG,0,FT,0.005894864909350872,17
000398,NEG,0,FT,0.004422793630510569,15
000399,NEG,0,FT,0.0044600218534469604,12
000400,NEG,0,FT,0.004723000340163708,10
000401,NEG,0,FT,0.0020462421234697104,9
000402,NEG,0,FT,0.0018069742945954204,3
000403,NEG,0,FT,0.002914178417995572,6
000404,NEG,0,FT,0.0,0
000405,NEG,0,FT,0.0013032014248892665,2
000406,NEG,0,FT,0.0010154179763048887,1
000407,NEG,0,FT,0.0,0
000408,NEG,0,FT,0.0,0
000409,NEG,0,FT,0.0,0
000410,NEG,0,FT,0.0,0
000411,NEG,0,FT,0.0,0
000412,NEG,0,FT,0.0,0
000413,NEG,0,FT,0.0,0
000414,NEG,0,FT,0.0,0
000415,NEG,0,FT,0.0,0
000416,NEG,0,FT,0.0,0
000417,NEG,0,FT,0.0,0
000418,NEG,0,FT,0.0011581899598240852,1
000419,NEG,0,FT,0.0,0
000420,NEG,0,FT,0.0,0
000421,NEG,0,FT,0.0,0
000422,NEG,0,FT,0.0,0
000423,NEG,0,FT,0.0,0
000424,NEG,0,FT,0.0,0
000425,NEG,0,FT,0.0,0
000426,NEG,0,FT,0.0,0
000427,NEG,0,FT,0.0,0
000428,NEG,0,FT,0.0,0
000429,NEG,0,FT,0.0,0
000430,NEG,0,FT,0.0,0
000431,NEG,0,FT,0.0,0
000432,NEG,0,FT,0.0,0
000433,NEG,0,FT,0.0,0
000434,NEG,0,FT,0.0,0
000435,NEG,0,FT,0.0,0
000436,NEG,0,FT,0.0,0
000437,NEG,0,FT,0.0010404676431789994,1
000438,NEG,0,FT,0.006413692142814398,6
000439,NEG,0,FT,0.011202152818441391,13
000440,NEG,0,FT,0.010609764605760574,12
000441,NEG,0,FT,0.01796845532953739,15
000442,NEG,0,FT,0.015063167549669743,16
000443,NEG,0,FT,0.013691679574549198,10
000444,NEG,0,FT,0.0061262790113687515,14
000445,NEG,0,FT,0.00585173862054944,10
000446,NEG,0,FT,0.006982500199228525,13
000447,NEG,0,FT,0.004211760126054287,9
000448,NEG,0,FT,0.0014311115955933928,3
000449,NEG,0,FT,0.0011887589935213327,2
000450,NEG,0,FT,0.0,0
000451,NEG,0,FT,0.0036733951419591904,6
000452,NEG,0,FT,0.004238215275108814,3
000453,NEG,0,FT,0.0013525846879929304,1
000454,NEG,0,FT,0.0,0
000455,NEG,0,FT,0.0,0
000456,NEG,0,FT,0.0028243083506822586,3
000457,NEG,0,FT,0.0,0
000458,NEG,0,FT,0.0,0
000459,NEG,0,FT,0.0,0
000460,NEG,0,FT,0.0,0
000461,NEG,0,FT,0.0,0
000462,NEG,0,FT,0.0,0
000463,NEG,0,FT,0.0033803614787757397,1
000464,NEG,0,FT,0.010527020320296288,4
000465,NEG,0,FT,0.003042627591639757,2
000466,NEG,0,FT,0.0,0
000467,NEG,0,FT,0.0,0
000468,NEG,0,FT,0.002092661103233695,2
000469,NEG,0,FT,0.005516300909221172,2
000470,NEG,0,FT,0.0012285583652555943,2
000471,NEG,0,FT,0.003072296967729926,5
000472,NEG,0,FT,0.1555892527103424,3
000473,NEG,0,FT,0.006366511341184378,1
000474,NEG,0,FT,0.0010842113988474011,2
000475,NEG,0,FT,0.0,0
000476,NEG,0,FT,0.0,0
000477,NEG,0,FT,0.0,0
000478,NEG,0,FT,0.001947718090377748,1
000479,NEG,0,FT,0.0,0
000480,NEG,0,FT,0.0,0
000481,NEG,0,FT,0.0,0
000482,NEG,0,FT,0.0,0
000483,NEG,0,FT,0.0,0
000484,NEG,0,FT,0.0,0
000485,NEG,0,FT,0.0,0
000486,NEG,0,FT,0.0,0
000487,NEG,0,FT,0.0,0
000488,NEG,0,FT,0.0,0
000489,NEG,0,FT,0.0,0
000490,NEG,0,FT,0.0,0
000491,NEG,0,FT,0.020174499601125717,2
000492,NEG,0,FT,0.0,0
000493,NEG,0,FT,0.046148497611284256,1
000494,NEG,0,FT,0.003775286255404353,3
000495,NEG,0,FT,0.02279549650847912,3
000496,NEG,0,FT,0.0,0
000497,NEG,0,FT,0.0,0
000498,NEG,0,FT,0.0,0
000499,NEG,0,FT,0.0,0
000500,NEG,0,FT,0.0,0
000501,NEG,0,FT,0.0,0
000502,NEG,0,FT,0.0,0
000503,NEG,0,FT,0.07076403498649597,1
000504,NEG,0,FT,0.08880501240491867,1
000505,NEG,0,FT,0.20131133496761322,2
000506,NEG,0,FT,0.023719267919659615,8
000507,NEG,0,FT,0.00255738478153944,4
000508,NEG,0,FT,0.01720019057393074,11
000509,NEG,0,FT,0.008691188879311085,9
000510,NEG,0,FT,0.02877824194729328,6
000511,NEG,0,FT,0.005520231556147337,1
000512,NEG,0,FT,0.0028923864010721445,2
000513,NEG,0,FT,0.009160819463431835,10
000514,NEG,0,FT,0.013712132349610329,2
000515,NEG,0,FT,0.009482850320637226,7
000516,NEG,0,FT,0.3053678870201111,7
000517,NEG,0,FT,0.18020033836364746,13
000518,NEG,0,FT,0.1314334273338318,5
000519,NEG,0,FT,0.0209641233086586,12
000520,NEG,0,FT,0.0018599398899823427,7
000521,NEG,0,FT,0.004926739726215601,2
000522,NEG,0,FT,0.0,0
000523,NEG,0,FT,0.0,0
000524,NEG,0,FT,0.0015635370509698987,2
000525,NEG,0,FT,0.0016397201688960195,6
000526,NEG,0,FT,0.0,0
000527,NEG,0,FT,0.0,0
000528,NEG,0,FT,0.0,0
000529,NEG,0,FT,0.0,0
000530,NEG,0,FT,0.0,0
000531,NEG,0,FT,0.0,0
000532,NEG,0,FT,0.0036877773236483335,1
000533,NEG,0,FT,0.0015352015616372228,2
000534,NEG,0,FT,0.0,0
000535,NEG,0,FT,0.0,0
000536,NEG,0,FT,0.0,0
000537,NEG,0,FT,0.0,0
000538,NEG,0,FT,0.0,0
000539,NEG,0,FT,0.0029957685619592667,2
000540,NEG,0,FT,0.0,0
000541,NEG,0,FT,0.002360166981816292,1
000542,NEG,0,FT,0.0,0
000543,NEG,0,FT,0.0,0
000544,NEG,0,FT,0.0,0
000545,NEG,0,FT,0.0,0
000546,NEG,0,FT,0.0,0
000547,NEG,0,FT,0.0,0
000548,NEG,0,FT,0.0,0
000549,NEG,0,FT,0.0,0
000550,NEG,0,FT,0.0062356190755963326,8
000551,NEG,0,FT,0.0017497193766757846,2
000552,NEG,0,FT,0.0,0
000553,NEG,0,FT,0.0,0
000554,NEG,0,FT,0.0038925621192902327,2
000555,NEG,0,FT,0.0020596960093826056,1
000556,NEG,0,FT,0.0,0
000557,NEG,0,FT,0.0,0
000558,NEG,0,FT,0.0,0
000559,NEG,0,FT,0.0,0
000560,NEG,0,FT,0.0050973896868526936,3
000561,NEG,0,FT,0.0,0
000562,NEG,0,FT,0.0,0
000563,NEG,0,FT,0.0028092232532799244,2
000564,NEG,0,FT,0.01119635533541441,3
000565,NEG,0,FT,0.001770501141436398,1
000566,NEG,0,FT,0.005388989578932524,3
000567,NEG,0,FT,0.0,0
000568,NEG,0,FT,0.0012910148361697793,1
000569,NEG,0,FT,0.00296371360309422,2
000570,NEG,0,FT,0.003695889376103878,5
000571,NEG,0,FT,0.003396234242245555,2
000572,NEG,0,FT,0.0019376572454348207,1
000573,NEG,0,FT,0.00529172969982028,2
000574,NEG,0,FT,0.0,0
000575,NEG,0,FT,0.0,0
000576,NEG,0,FT,0.0014332304708659649,3
000577,NEG,0,FT,0.0012378973187878728,3
000578,NEG,0,FT,0.0012484091566875577,1
000579,NEG,0,FT,0.0,0
000580,NEG,0,FT,0.014663227833807468,5
000581,NEG,0,FT,0.0023787415120750666,1
000582,NEG,0,FT,0.0,0
000583,NEG,0,FT,0.0,0
000584,NEG,0,FT,0.0,0
000585,NEG,0,FT,0.0,0
000586,NEG,0,FT,0.0,0
000587,NEG,0,FT,0.0,0
000588,NEG,0,FT,0.0,0
000589,NEG,0,FT,0.0,0
000590,NEG,0,FT,0.0,0
000591,NEG,0,FT,0.0,0
000592,NEG,0,FT,0.0012647387338802218,1
000593,NEG,0,FT,0.002056862460449338,1
000594,NEG,0,FT,0.001019486808218062,1
000595,NEG,0,FT,0.0017960353288799524,2
000596,NEG,0,FT,0.0011454882333055139,1
000597,NEG,0,FT,0.0014407007256522775,1
000598,NEG,0,FT,0.0022126147523522377,2
000599,NEG,0,FT,0.0,0
000600,NEG,0,FT,0.0,0
000601,NEG,0,FT,0.0,0
000602,NEG,0,FT,0.0,0
000603,NEG,0,FT,0.0,0
000604,NEG,0,FT,0.0,0
000605,NEG,0,FT,0.0,0
000606,NEG,0,FT,0.0010851656552404165,1
000607,NEG,0,FT,0.0,0
000608,NEG,0,FT,0.0,0
000609,NEG,0,FT,0.0,0
000610,NEG,0,FT,0.0,0
000611,NEG,0,FT,0.0,0
000612,NEG,0,FT,0.0,0
000613,NEG,0,FT,0.0,0
000614,NEG,0,FT,0.0,0
000615,NEG,0,FT,0.0014491879846900702,1
000616,NEG,0,FT,0.0,0
000617,NEG,0,FT,0.0,0
000618,NEG,0,FT,0.0,0
000619,NEG,0,FT,0.0,0
000620,NEG,0,FT,0.0327642560005188,1
000621,NEG,0,FT,0.0,0
000622,NEG,0,FT,0.020826181396842003,1
000623,NEG,0,FT,0.0,0
000624,NEG,0,FT,0.0,0
000625,NEG,0,FT,0.0,0
000626,NEG,0,FT,0.0,0
000627,NEG,0,FT,0.0016971235163509846,1
000628,NEG,0,FT,0.0,0
000629,NEG,0,FT,0.0,0
000630,NEG,0,FT,0.0,0
000631,NEG,0,FT,0.0,0
000632,NEG,0,FT,0.0,0
000633,NEG,0,FT,0.0,0
000634,NEG,0,FT,0.0,0
000635,NEG,0,FT,0.0,0
000636,NEG,0,FT,0.0,0
000637,NEG,0,FT,0.0028765625320374966,1
000638,NEG,0,FT,0.06303896009922028,1
000639,NEG,0,FT,0.0024291579611599445,1
000640,NEG,0,FT,0.0,0
000641,NEG,0,FT,0.0,0
000642,NEG,0,FT,0.0024109326768666506,3
000643,NEG,0,FT,0.0,0
000644,NEG,0,FT,0.0,0
000645,NEG,0,FT,0.003200606908649206,1
000646,NEG,0,FT,0.0,0
000647,NEG,0,FT,0.0,0
000648,NEG,0,FT,0.0012860996648669243,1
000649,NEG,0,FT,0.0,0
000650,NEG,0,FT,0.0,0
000651,NEG,0,FT,0.0,0
000652,NEG,0,FT,0.0,0
000653,NEG,0,FT,0.0,0
000654,NEG,0,FT,0.0,0
000655,NEG,0,FT,0.0,0
000656,NEG,0,FT,0.0,0
000657,NEG,0,FT,0.0,0
000658,NEG,0,FT,0.0,0
000659,NEG,0,FT,0.0,0
000660,NEG,0,FT,0.0,0
000661,NEG,0,FT,0.0015696610789746046,1
000662,NEG,0,FT,0.001798919402062893,2
000663,NEG,0,FT,0.0016073848819360137,1
000664,NEG,0,FT,0.008998631499707699,4
000665,NEG,0,FT,0.0017577860271558166,1
000666,NEG,0,FT,0.0013360801385715604,1
000667,NEG,0,FT,0.0,0
000668,NEG,0,FT,0.0,0
000669,NEG,0,FT,0.0013363424222916365,1
000670,NEG,0,FT,0.0,0
000671,NEG,0,FT,0.0,0
000672,NEG,0,FT,0.0,0
000673,NEG,0,FT,0.0,0
000674,NEG,0,FT,0.0,0
000675,NEG,0,FT,0.0,0
000676,NEG,0,FT,0.0,0
000677,NEG,0,FT,0.0,0
000678,NEG,0,FT,0.0,0
000679,NEG,0,FT,0.0,0
000680,NEG,0,FT,0.0,0
000681,NEG,0,FT,0.0,0
000682,NEG,0,FT,0.0,0
000683,NEG,0,FT,0.0,0
000684,NEG,0,FT,0.0,0
000685,NEG,0,FT,0.0,0
000686,NEG,0,FT,0.0,0
000687,NEG,0,FT,0.0,0
000688,NEG,0,FT,0.0,0
000689,NEG,0,FT,0.0,0
000690,NEG,0,FT,0.0,0
000691,NEG,0,FT,0.0,0
000692,NEG,0,FT,0.0,0
000693,NEG,0,FT,0.0,0
000694,NEG,0,FT,0.0,0
000695,NEG,0,FT,0.0,0
000696,NEG,0,FT,0.0,0
000697,NEG,0,FT,0.0,0
000698,NEG,0,FT,0.0,0
000699,NEG,0,FT,0.0,0
000700,NEG,0,FT,0.0,0
000701,NEG,0,FT,0.0,0
000702,NEG,0,FT,0.0,0
000703,NEG,0,FT,0.0,0
000704,NEG,0,FT,0.0,0
000705,NEG,0,FT,0.0,0
000706,NEG,0,FT,0.0,0
000707,NEG,0,FT,0.07059112936258316,1
000708,NEG,0,FT,0.0,0
000709,NEG,0,FT,0.0010146917775273323,1
000710,NEG,0,FT,0.004843267146497965,1
000711,NEG,0,FT,0.0,0
000712,NEG,0,FT,0.0,0
000713,NEG,0,FT,0.0013623622944578528,1
000714,NEG,0,FT,0.003251665970310569,1
000715,NEG,0,FT,0.0010688096517696977,1
000716,NEG,0,FT,0.0,0
000717,NEG,0,FT,0.0018169718096032739,3
000718,NEG,0,FT,0.0,0
000719,NEG,0,FT,0.0,0
000720,NEG,0,FT,0.0,0
000721,NEG,0,FT,0.0,0
000722,NEG,0,FT,0.0,0
000723,NEG,0,FT,0.0,0
000724,NEG,0,FT,0.0,0
000725,NEG,0,FT,0.0,0
000726,NEG,0,FT,0.0,0
000727,NEG,0,FT,0.0,0
000728,NEG,0,FT,0.0,0
000729,NEG,0,FT,0.0,0
000730,NEG,0,FT,0.0,0
000731,NEG,0,FT,0.0,0
000732,NEG,0,FT,0.0,0
000733,NEG,0,FT,0.0,0
000734,NEG,0,FT,0.0,0
000735,NEG,0,FT,0.0,0
000736,NEG,0,FT,0.0,0
000737,NEG,0,FT,0.0,0
000738,NEG,0,FT,0.0,0
000739,NEG,0,FT,0.0,0
000740,NEG,0,FT,0.0,0
000741,NEG,0,FT,0.0,0
000742,NEG,0,FT,0.0,0
000743,NEG,0,FT,0.0,0
000744,NEG,0,FT,0.0,0
000745,NEG,0,FT,0.0,0
000746,NEG,0,FT,0.0,0
000747,NEG,0,FT,0.0,0
000748,NEG,0,FT,0.0,0
000749,NEG,0,FT,0.0,0
000750,NEG,0,FT,0.0,0
000751,NEG,0,FT,0.0,0
000752,NEG,0,FT,0.0016810825327411294,1
000753,NEG,0,FT,0.0,0
000754,NEG,0,FT,0.007870355620980263,1
000755,NEG,0,FT,0.0,0
000756,NEG,0,FT,0.0,0
000757,NEG,0,FT,0.0,0
000758,NEG,0,FT,0.0,0
000759,NEG,0,FT,0.0,0
000760,NEG,0,FT,0.0,0
000761,NEG,0,FT,0.0,0
000762,NEG,0,FT,0.0,0
000763,NEG,0,FT,0.0,0
000764,NEG,0,FT,0.0,0
000765,NEG,0,FT,0.0015759516973048449,1
000766,NEG,0,FT,0.0015619731275364757,2
000767,NEG,0,FT,0.0,0
000768,NEG,0,FT,0.0,0
000769,NEG,0,FT,0.0,0
000770,NEG,0,FT,0.0,0
000771,NEG,0,FT,0.0,0
000772,NEG,0,FT,0.0,0
000773,NEG,0,FT,0.0016372599638998508,3
000774,NEG,0,FT,0.0014335076557472348,2
000775,NEG,0,FT,0.00330029777251184,6
000776,NEG,0,FT,0.0029659434221684933,6
000777,NEG,0,FT,0.004170622210949659,5
000778,NEG,0,FT,0.0022948854602873325,5
000779,NEG,0,FT,0.001432214630767703,2
000780,NEG,0,FT,0.002053958596661687,1
000781,NEG,0,FT,0.0,0
000782,NEG,0,FT,0.0,0
000783,NEG,0,FT,0.0029702160973101854,1
000784,NEG,0,FT,0.0,0
000785,NEG,0,FT,0.0016380177112296224,3
000786,NEG,0,FT,0.0014243406476452947,2
000787,NEG,0,FT,0.0,0
000788,NEG,0,FT,0.0,0
000789,NEG,0,FT,0.0,0
000790,NEG,0,FT,0.0027651044074445963,6
000791,NEG,0,FT,0.0,0
000792,NEG,0,FT,0.0,0
000793,NEG,0,FT,0.0,0
000794,NEG,0,FT,0.0,0
000795,NEG,0,FT,0.0,0
000796,NEG,0,FT,0.0,0
000797,NEG,0,FT,0.0,0
000798,NEG,0,FT,0.001259998301975429,1
000799,NEG,0,FT,0.0,0
000800,NEG,0,FT,0.0,0
000801,NEG,0,FT,0.0,0
000802,NEG,0,FT,0.0,0
000803,NEG,0,FT,0.0,0
000804,NEG,0,FT,0.0,0
000805,NEG,0,FT,0.0,0
000806,NEG,0,FT,0.0,0
000807,NEG,0,FT,0.0,0
000808,NEG,0,FT,0.0,0
000809,NEG,0,FT,0.0,0
000810,NEG,0,FT,0.0,0
000811,NEG,0,FT,0.0,0
000812,NEG,0,FT,0.0,0
000813,NEG,0,FT,0.0,0
000814,NEG,0,FT,0.0,0
000815,NEG,0,FT,0.0,0
000816,NEG,0,FT,0.0,0
000817,NEG,0,FT,0.0,0
000818,NEG,0,FT,0.0,0
000819,NEG,0,FT,0.0,0
000820,NEG,0,FT,0.0,0
000821,NEG,0,FT,0.0,0
000822,NEG,0,FT,0.0,0
000823,NEG,0,FT,0.0,0
000824,NEG,0,FT,0.0,0
000825,NEG,0,FT,0.0,0
000826,NEG,0,FT,0.0,0
000827,NEG,0,FT,0.0,0
000828,NEG,0,FT,0.0,0
000829,NEG,0,FT,0.0,0
000830,NEG,0,FT,0.0,0
000831,NEG,0,FT,0.0,0
000832,NEG,0,FT,0.0,0
000833,NEG,0,FT,0.0,0
000834,NEG,0,FT,0.0,0
000835,NEG,0,FT,0.0,0
000836,NEG,0,FT,0.0,0
000837,NEG,0,FT,0.0,0
000838,NEG,0,FT,0.0,0
000839,NEG,0,FT,0.001188110327348113,1
000840,NEG,0,FT,0.0,0
000841,NEG,0,FT,0.0,0
000842,NEG,0,FT,0.0,0
000843,NEG,0,FT,0.0,0
000844,NEG,0,FT,0.0,0
000845,NEG,0,FT,0.0,0
000846,NEG,0,FT,0.0,0
000847,NEG,0,FT,0.0,0
000848,NEG,0,FT,0.0,0
000849,NEG,0,FT,0.0010197602678090334,1
000850,NEG,0,FT,0.0,0
000851,NEG,0,FT,0.0,0
000852,NEG,0,FT,0.0,0
000853,NEG,0,FT,0.0,0
000854,NEG,0,FT,0.0,0
000855,NEG,0,FT,0.0,0
000856,NEG,0,FT,0.0,0
000857,NEG,0,FT,0.0,0
000858,NEG,0,FT,0.0,0
000859,NEG,0,FT,0.0,0
000860,NEG,0,FT,0.0,0
000861,NEG,0,FT,0.0,0
000862,NEG,0,FT,0.0,0
000863,NEG,0,FT,0.0,0
000864,NEG,0,FT,0.0,0
000865,NEG,0,FT,0.0,0
000866,NEG,0,FT,0.0,0
000867,NEG,0,FT,0.0,0
000868,NEG,0,FT,0.0,0
000869,NEG,0,FT,0.0,0
000870,NEG,0,FT,0.0,0
000871,NEG,0,FT,0.0,0
000872,NEG,0,FT,0.0,0
000873,NEG,0,FT,0.0,0
000874,NEG,0,FT,0.0,0
000875,NEG,0,FT,0.0,0
000876,NEG,0,FT,0.0,0
000877,NEG,0,FT,0.0,0
000878,NEG,0,FT,0.0,0
000879,NEG,0,FT,0.0,0
000880,NEG,0,FT,0.0,0
000881,NEG,0,FT,0.0,0
000882,NEG,0,FT,0.0,0
000883,NEG,0,FT,0.0,0
000884,NEG,0,FT,0.0,0
000885,NEG,0,FT,0.0,0
000886,NEG,0,FT,0.0,0
000887,NEG,0,FT,0.0,0
000888,NEG,0,FT,0.0,0
000889,NEG,0,FT,0.0,0
000890,NEG,0,FT,0.0,0
000891,NEG,0,FT,0.0,0
000892,NEG,0,FT,0.0,0
000893,NEG,0,FT,0.0,0
000894,NEG,0,FT,0.0,0
000895,NEG,0,FT,0.0,0
000896,NEG,0,FT,0.0,0
000897,NEG,0,FT,0.0,0
000898,NEG,0,FT,0.0,0
000899,NEG,0,FT,0.0,0
000900,NEG,0,FT,0.0,0
000901,NEG,0,FT,0.0,0
000902,NEG,0,FT,0.0,0
000903,NEG,0,FT,0.0,0
000904,NEG,0,FT,0.0,0
000905,NEG,0,FT,0.0027038492262363434,1
000906,NEG,0,FT,0.0018024686723947525,1
000907,NEG,0,FT,0.0018361761467531323,1
000908,NEG,0,FT,0.0,0
000909,NEG,0,FT,0.0,0
000910,NEG,0,FT,0.0,0
000911,NEG,0,FT,0.0,0
000912,NEG,0,FT,0.0,0
000913,NEG,0,FT,0.0,0
000914,NEG,0,FT,0.0,0
000915,NEG,0,FT,0.0,0
000916,NEG,0,FT,0.0,0
000917,NEG,0,FT,0.001267238869331777,1
000918,NEG,0,FT,0.0,0
000919,NEG,0,FT,0.0,0
000920,NEG,0,FT,0.0,0
000921,NEG,0,FT,0.0,0
000922,NEG,0,FT,0.0,0
000923,NEG,0,FT,0.0,0
000924,NEG,0,FT,0.0,0
000925,NEG,0,FT,0.0,0
000926,NEG,0,FT,0.0,0
000927,NEG,0,FT,0.0,0
000928,NEG,0,FT,0.0,0
000929,NEG,0,FT,0.0,0
000930,NEG,0,FT,0.0026952095795422792,1
000931,NEG,0,FT,0.0,0
000932,NEG,0,FT,0.0,0
000933,NEG,0,FT,0.0,0
000934,NEG,0,FT,0.0,0
000935,NEG,0,FT,0.0,0
000936,NEG,0,FT,0.0,0
000937,NEG,0,FT,0.0,0
000938,NEG,0,FT,0.0,0
000939,NEG,0,FT,0.0,0
000940,NEG,0,FT,0.0,0
000941,NEG,0,FT,0.0,0
000942,NEG,0,FT,0.0,0
000943,NEG,0,FT,0.0,0
000944,NEG,0,FT,0.0,0
000945,NEG,0,FT,0.005954545456916094,1
000946,NEG,0,FT,0.0,0
000947,NEG,0,FT,0.0,0
000948,NEG,0,FT,0.0,0
000949,NEG,0,FT,0.0,0
000950,NEG,0,FT,0.0,0
000951,NEG,0,FT,0.0,0
000952,NEG,0,FT,0.0,0
000953,NEG,0,FT,0.0,0
000954,NEG,0,FT,0.0,0
000955,NEG,0,FT,0.001027583726681769,1
000956,NEG,0,FT,0.0,0
000957,NEG,0,FT,0.0,0
000958,NEG,0,FT,0.0,0
000959,NEG,0,FT,0.0,0
000960,NEG,0,FT,0.0,0
000961,NEG,0,FT,0.0,0
000962,NEG,0,FT,0.0,0
000963,NEG,0,FT,0.0,0
000964,NEG,0,FT,0.0,0
000965,NEG,0,FT,0.0,0
000966,NEG,0,FT,0.0,0
000967,NEG,0,FT,0.0,0
000968,NEG,0,FT,0.0,0
000969,NEG,0,FT,0.0,0
000970,NEG,0,FT,0.0,0
000971,NEG,0,FT,0.0,0
000972,NEG,0,FT,0.0,0
000973,NEG,0,FT,0.0,0
000974,NEG,0,FT,0.0,0
000975,NEG,0,FT,0.0,0
000976,NEG,0,FT,0.0,0
000977,NEG,0,FT,0.0,0
000978,NEG,0,FT,0.0,0
000979,NEG,0,FT,0.0,0
000980,NEG,0,FT,0.0,0
000981,NEG,0,FT,0.0,0
000982,NEG,0,FT,0.0,0
000983,NEG,0,FT,0.0,0
000984,NEG,0,FT,0.0,0
000985,NEG,0,FT,0.0,0
000986,NEG,0,FT,0.0,0
000987,NEG,0,FT,0.0,0
000988,NEG,0,FT,0.0,0
000989,NEG,0,FT,0.0,0
000990,NEG,0,FT,0.004194463137537241,2
000991,NEG,0,FT,0.0,0
000992,NEG,0,FT,0.014570243656635284,2
000993,NEG,0,FT,0.02688242495059967,2
000994,NEG,0,FT,0.004550861660391092,3
000995,NEG,0,FT,0.011234375648200512,4
000996,NEG,0,FT,0.0017078950768336654,1
000997,NEG,0,FT,0.0,0
000998,NEG,0,FT,0.0,0
000999,NEG,0,FT,0.0,0
001000,NEG,0,FT,0.0,0
001001,NEG,0,FT,0.0,0
001002,NEG,0,FT,0.0,0
001003,NEG,0,FT,0.0,0
001004,NEG,0,FT,0.0,0
001005,NEG,0,FT,0.0,0
001006,NEG,0,FT,0.0,0
001007,NEG,0,FT,0.0,0
001008,NEG,0,FT,0.0,0
001009,NEG,0,FT,0.0,0
001010,NEG,0,FT,0.0,0
001011,NEG,0,FT,0.0,0
001012,NEG,0,FT,0.0,0
001013,NEG,0,FT,0.0,0
001014,NEG,0,FT,0.0,0
001015,NEG,0,FT,0.0,0
001016,NEG,0,FT,0.0,0
001017,NEG,0,FT,0.0,0
001018,NEG,0,FT,0.0,0
001019,NEG,0,FT,0.0,0
001020,NEG,0,FT,0.0,0
001021,NEG,0,FT,0.0,0
001022,NEG,0,FT,0.0,0
001023,NEG,0,FT,0.0,0
001024,NEG,0,FT,0.0,0
001025,NEG,0,FT,0.0,0
001026,NEG,0,FT,0.0,0
001027,NEG,0,FT,0.0,0
001028,NEG,0,FT,0.0,0
001029,NEG,0,FT,0.0,0
001030,NEG,0,FT,0.0,0
001031,NEG,0,FT,0.0,0
001032,NEG,0,FT,0.0,0
001033,NEG,0,FT,0.0016918167239055037,1
001034,NEG,0,FT,0.0,0
001035,NEG,0,FT,0.0,0
001036,NEG,0,FT,0.0,0
001037,NEG,0,FT,0.0,0
001038,NEG,0,FT,0.0,0
001039,NEG,0,FT,0.0,0
001040,NEG,0,FT,0.0,0
001041,NEG,0,FT,0.0,0
001042,NEG,0,FT,0.0,0
001043,NEG,0,FT,0.001790590351447463,1
001044,NEG,0,FT,0.02180548757314682,2
001045,NEG,0,FT,0.0,0
001046,NEG,0,FT,0.0,0
001047,NEG,0,FT,0.0,0
001048,NEG,0,FT,0.0,0
001049,NEG,0,FT,0.0,0
001050,NEG,0,FT,0.0,0
001051,NEG,0,FT,0.0,0
001052,NEG,0,FT,0.0,0
001053,NEG,0,FT,0.0,0
001054,NEG,0,FT,0.0,0
001055,NEG,0,FT,0.0,0
001056,NEG,0,FT,0.0,0
001057,NEG,0,FT,0.0,0
001058,NEG,0,FT,0.0,0
001059,NEG,0,FT,0.0,0
001060,NEG,0,FT,0.0,0
001061,NEG,0,FT,0.0,0
001062,NEG,0,FT,0.0,0
001063,NEG,0,FT,0.0,0
001064,NEG,0,FT,0.0,0
001065,NEG,0,FT,0.0,0
001066,NEG,0,FT,0.0,0
001067,NEG,0,FT,0.0,0
001068,NEG,0,FT,0.0,0
001069,NEG,0,FT,0.0,0
001070,NEG,0,FT,0.0,0
001071,NEG,0,FT,0.0,0
001072,NEG,0,FT,0.0,0
001073,NEG,0,FT,0.001874040113762021,1
001074,NEG,0,FT,0.001134261954575777,1
001075,NEG,0,FT,0.0,0
001076,NEG,0,FT,0.0,0
001077,NEG,0,FT,0.0,0
001078,NEG,0,FT,0.0,0
001079,NEG,0,FT,0.0,0
001080,NEG,0,FT,0.0,0
001081,NEG,0,FT,0.005483033135533333,2
001082,NEG,0,FT,0.0,0
001083,NEG,0,FT,0.0,0
001084,NEG,0,FT,0.0,0
001085,NEG,0,FT,0.0,0
001086,NEG,0,FT,0.0,0
001087,NEG,0,FT,0.0,0
001088,NEG,0,FT,0.0,0
001089,NEG,0,FT,0.0,0
001090,NEG,0,FT,0.0,0
001091,NEG,0,FT,0.0,0
001092,NEG,0,FT,0.0,0
001093,NEG,0,FT,0.0,0
001094,NEG,0,FT,0.0,0
001095,NEG,0,FT,0.0,0
001096,NEG,0,FT,0.0,0
001097,NEG,0,FT,0.0,0
001098,NEG,0,FT,0.0,0
001099,NEG,0,FT,0.0016056103631854057,1
001100,NEG,0,FT,0.0010479509364813566,1
001101,NEG,0,FT,0.0,0
001102,NEG,0,FT,0.0,0
001103,NEG,0,FT,0.010067184455692768,2
001104,NEG,0,FT,0.0,0
001105,NEG,0,FT,0.0,0
001106,NEG,0,FT,0.0,0
001107,NEG,0,FT,0.0018184875370934606,1
001108,NEG,0,FT,0.0,0
001109,NEG,0,FT,0.0,0
001110,NEG,0,FT,0.0,0
001111,NEG,0,FT,0.0,0
001112,NEG,0,FT,0.002523862523958087,2
001113,NEG,0,FT,0.0,0
001114,NEG,0,FT,0.0,0
001115,NEG,0,FT,0.0,0
001116,NEG,0,FT,0.0,0
001117,NEG,0,FT,0.0,0
001118,NEG,0,FT,0.0,0
001119,NEG,0,FT,0.0,0
001120,NEG,0,FT,0.0,0
001121,NEG,0,FT,0.0,0
001122,NEG,0,FT,0.0,0
001123,NEG,0,FT,0.0,0
001124,NEG,0,FT,0.0,0
001125,NEG,0,FT,0.0,0
001126,NEG,0,FT,0.0,0
001127,NEG,0,FT,0.0,0
001128,NEG,0,FT,0.0,0
001129,NEG,0,FT,0.0,0
001130,NEG,0,FT,0.0,0
001131,NEG,0,FT,0.0,0
001132,NEG,0,FT,0.0,0
001133,NEG,0,FT,0.0,0
001134,NEG,0,FT,0.0,0
001135,NEG,0,FT,0.0,0
001136,NEG,0,FT,0.0,0
001137,NEG,0,FT,0.0,0
001138,NEG,0,FT,0.0,0
001139,NEG,0,FT,0.0,0
001140,NEG,0,FT,0.0,0
001141,NEG,0,FT,0.0,0
001142,NEG,0,FT,0.0,0
001143,NEG,0,FT,0.0,0
001144,NEG,0,FT,0.0,0
001145,NEG,0,FT,0.0,0
001146,NEG,0,FT,0.0,0
001147,NEG,0,FT,0.0,0
001148,NEG,0,FT,0.0,0
001149,NEG,0,FT,0.0,0
001150,NEG,0,FT,0.0,0
001151,NEG,0,FT,0.0,0
001152,NEG,0,FT,0.002510899445042014,1
001153,NEG,0,FT,0.0,0
001154,NEG,0,FT,0.0,0
001155,NEG,0,FT,0.0,0
001156,NEG,0,FT,0.0,0
001157,NEG,0,FT,0.0,0
001158,NEG,0,FT,0.0,0
001159,NEG,0,FT,0.0,0
001160,NEG,0,FT,0.0,0
001161,NEG,0,FT,0.0,0
001162,NEG,0,FT,0.0,0
001163,NEG,0,FT,0.0,0
001164,NEG,0,FT,0.0,0
001165,NEG,0,FT,0.0,0
001166,NEG,0,FT,0.0,0
001167,NEG,0,FT,0.0,0
001168,NEG,0,FT,0.0,0
001169,NEG,0,FT,0.0,0
001170,NEG,0,FT,0.0,0
001171,NEG,0,FT,0.0,0
001172,NEG,0,FT,0.0,0
001173,NEG,0,FT,0.0,0
001174,NEG,0,FT,0.0,0
001175,NEG,0,FT,0.0,0
001176,NEG,0,FT,0.0,0
001177,NEG,0,FT,0.0,0
001178,NEG,0,FT,0.0,0
001179,NEG,0,FT,0.0,0
001180,NEG,0,FT,0.0,0
001181,NEG,0,FT,0.0,0
001182,NEG,0,FT,0.0,0
001183,NEG,0,FT,0.0,0
001184,NEG,0,FT,0.0,0
001185,NEG,0,FT,0.0,0
001186,NEG,0,FT,0.0,0
001187,NEG,0,FT,0.0,0
001188,NEG,0,FT,0.0,0
001189,NEG,0,FT,0.0,0
001190,NEG,0,FT,0.0,0
001191,NEG,0,FT,0.0,0
001192,NEG,0,FT,0.0,0
001193,NEG,0,FT,0.0,0
001194,NEG,0,FT,0.0,0
001195,NEG,0,FT,0.0,0
001196,NEG,0,FT,0.004821571987122297,2
001197,NEG,0,FT,0.0014006509445607662,1
001198,NEG,0,FT,0.014988972805440426,3
001199,NEG,0,FT,0.004857006948441267,3
001200,NEG,0,FT,0.0036164652556180954,2
001201,NEG,0,FT,0.0024491571821272373,2
001202,NEG,0,FT,0.005624290555715561,2
001203,NEG,0,FT,0.0,0
001204,NEG,0,FT,0.00186366424895823,5
001205,NEG,0,FT,0.0,0
001206,NEG,0,FT,0.0,0
001207,NEG,0,FT,0.0013855821453034878,2
001208,NEG,0,FT,0.0013856540899723768,1
001209,NEG,0,FT,0.0012012931983917952,2
001210,NEG,0,FT,0.0,0
001211,NEG,0,FT,0.0019597215577960014,2
001212,NEG,0,FT,0.0022950952406972647,4
001213,NEG,0,FT,0.0011856581550091505,1
001214,NEG,0,FT,0.001129697891883552,2
001215,NEG,0,FT,0.0,0
001216,NEG,0,FT,0.002441014628857374,1
001217,NEG,0,FT,0.005290407221764326,2
001218,NEG,0,FT,0.0,0
001219,NEG,0,FT,0.0,0
001220,NEG,0,FT,0.0,0
001221,NEG,0,FT,0.0,0
001222,NEG,0,FT,0.0,0
001223,NEG,0,FT,0.0,0
001224,NEG,0,FT,0.001284190802834928,1
001225,NEG,0,FT,0.003218103665858507,1
001226,NEG,0,FT,0.006302668247371912,2
001227,NEG,0,FT,0.001846372033469379,1
001228,NEG,0,FT,0.003354913555085659,3
001229,NEG,0,FT,0.012209921143949032,7
001230,NEG,0,FT,0.004684020299464464,3
001231,NEG,0,FT,0.017376968637108803,3
001232,NEG,0,FT,0.030692877247929573,4
001233,NEG,0,FT,0.06870181113481522,2
001234,NEG,0,FT,0.0057138013653457165,1
001235,NEG,0,FT,0.0024902308359742165,2
001236,NEG,0,FT,0.007764873560518026,3
001237,NEG,0,FT,0.0,0
001238,NEG,0,FT,0.0,0
001239,NEG,0,FT,0.0,0
001240,NEG,0,FT,0.0,0
001241,NEG,0,FT,0.0,0
001242,NEG,0,FT,0.0,0
001243,NEG,0,FT,0.0,0
001244,NEG,0,FT,0.0,0
001245,NEG,0,FT,0.0,0
001246,NEG,0,FT,0.0,0
001247,NEG,0,FT,0.0,0
001248,NEG,0,FT,0.0,0
001249,NEG,0,FT,0.0,0
001250,NEG,0,FT,0.0021339149679988623,1
001251,NEG,0,FT,0.0024077454581856728,1
001252,NEG,0,FT,0.0,0
001253,NEG,0,FT,0.002875298960134387,2
001254,NEG,0,FT,0.0,0
001255,NEG,0,FT,0.0,0
001256,NEG,0,FT,0.0,0
001257,NEG,0,FT,0.009500325657427311,3
001258,NEG,0,FT,0.0,0
001259,NEG,0,FT,0.0072023612447083,2
001260,NEG,0,FT,0.0,0
001261,NEG,0,FT,0.001764366403222084,1
001262,NEG,0,FT,0.0,0
001263,NEG,0,FT,0.008019876666367054,1
001264,NEG,0,FT,0.00407026894390583,1
001265,NEG,0,FT,0.001024626544676721,1
001266,NEG,0,FT,0.0,0
001267,NEG,0,FT,0.006481501739472151,1
001268,NEG,0,FT,0.0013351179659366608,1
001269,NEG,0,FT,0.0,0
001270,NEG,0,FT,0.001647787750698626,1
001271,NEG,0,FT,0.0,0
001272,NEG,0,FT,0.0,0
001273,NEG,0,FT,0.0,0
001274,NEG,0,FT,0.00356798036955297,2
001275,NEG,0,FT,0.0,0
001276,NEG,0,FT,0.0,0
001277,NEG,0,FT,0.0013231055345386267,1
001278,NEG,0,FT,0.0,0
001279,NEG,0,FT,0.0,0
001280,NEG,0,FT,0.0,0
001281,NEG,0,FT,0.001168285496532917,1
001282,NEG,0,FT,0.0,0
001283,NEG,0,FT,0.0016557052731513977,1
001284,NEG,0,FT,0.003019964322447777,2
001285,NEG,0,FT,0.0,0
001286,NEG,0,FT,0.0,0
001287,NEG,0,FT,0.0,0
001288,NEG,0,FT,0.0,0
001289,NEG,0,FT,0.0,0
001290,NEG,0,FT,0.0,0
001291,NEG,0,FT,0.0,0
001292,NEG,0,FT,0.0,0
001293,NEG,0,FT,0.0,0
001294,NEG,0,FT,0.0,0
001295,NEG,0,FT,0.0011778874322772026,1
001296,NEG,0,FT,0.0,0
001297,NEG,0,FT,0.0,0
001298,NEG,0,FT,0.0,0
001299,NEG,0,FT,0.0,0
001300,NEG,0,FT,0.0,0
001301,NEG,0,FT,0.0,0
001302,NEG,0,FT,0.0,0
001303,NEG,0,FT,0.0,0
001304,NEG,0,FT,0.0,0
001305,NEG,0,FT,0.0,0
001306,NEG,0,FT,0.0,0
001307,NEG,0,FT,0.0,0
001308,NEG,0,FT,0.0,0
001309,NEG,0,FT,0.0,0
001310,NEG,0,FT,0.0,0
001311,NEG,0,FT,0.0,0
001312,NEG,0,FT,0.0,0
001313,NEG,0,FT,0.0,0
001314,NEG,0,FT,0.0,0
001315,NEG,0,FT,0.0,0
001316,NEG,0,FT,0.0,0
001317,NEG,0,FT,0.0,0
001318,NEG,0,FT,0.0,0
001319,NEG,0,FT,0.0,0
001320,NEG,0,FT,0.0,0
001321,NEG,0,FT,0.0,0
001322,NEG,0,FT,0.0,0
001323,NEG,0,FT,0.0,0
001324,NEG,0,FT,0.0,0
001325,NEG,0,FT,0.0,0
001326,NEG,0,FT,0.0,0
001327,NEG,0,FT,0.0,0
001328,NEG,0,FT,0.0,0
001329,NEG,0,FT,0.0,0
001330,NEG,0,FT,0.0,0
001331,NEG,0,FT,0.0,0
001332,NEG,0,FT,0.0,0
001333,NEG,0,FT,0.0,0
001334,NEG,0,FT,0.0,0
001335,NEG,0,FT,0.0,0
001336,NEG,0,FT,0.0,0
001337,NEG,0,FT,0.0,0
001338,NEG,0,FT,0.0,0
001339,NEG,0,FT,0.0,0
001340,NEG,0,FT,0.0,0
001341,NEG,0,FT,0.0,0
001342,NEG,0,FT,0.0,0
001343,NEG,0,FT,0.0,0
001344,NEG,0,FT,0.0,0
001345,NEG,0,FT,0.0,0
001346,NEG,0,FT,0.0,0
001347,NEG,0,FT,0.0,0
001348,NEG,0,FT,0.0,0
001349,NEG,0,FT,0.0,0
001350,NEG,0,FT,0.0,0
001351,NEG,0,FT,0.0,0
001352,NEG,0,FT,0.0,0
001353,NEG,0,FT,0.0,0
001354,NEG,0,FT,0.0,0
001355,NEG,0,FT,0.0,0
001356,NEG,0,FT,0.0,0
001357,NEG,0,FT,0.0,0
001358,NEG,0,FT,0.0,0
001359,NEG,0,FT,0.0,0
001360,NEG,0,FT,0.0,0
001361,NEG,0,FT,0.0,0
001362,NEG,0,FT,0.0,0
001363,NEG,0,FT,0.0,0
001364,NEG,0,FT,0.0,0
001365,NEG,0,FT,0.0,0
001366,NEG,0,FT,0.0,0
001367,NEG,0,FT,0.0,0
001368,NEG,0,FT,0.0,0
001369,NEG,0,FT,0.0011479443637654185,1
001370,NEG,0,FT,0.0,0
001371,NEG,0,FT,0.0,0
001372,NEG,0,FT,0.0,0
001373,NEG,0,FT,0.0,0
001374,NEG,0,FT,0.0,0
001375,NEG,0,FT,0.0,0
001376,NEG,0,FT,0.0,0
001377,NEG,0,FT,0.0,0
001378,NEG,0,FT,0.0,0
001379,NEG,0,FT,0.0,0
001380,NEG,0,FT,0.0,0
001381,NEG,0,FT,0.0,0
001382,NEG,0,FT,0.0,0
001383,NEG,0,FT,0.0,0
001384,NEG,0,FT,0.0,0
001385,NEG,0,FT,0.0,0
001386,NEG,0,FT,0.0,0
001387,NEG,0,FT,0.0,0
001388,NEG,0,FT,0.0,0
001389,NEG,0,FT,0.0,0
001390,NEG,0,FT,0.0,0
001391,NEG,0,FT,0.0,0
001392,NEG,0,FT,0.0016663148999214172,1
001393,NEG,0,FT,0.0013157166540622711,1
001394,NEG,0,FT,0.0,0
001395,NEG,0,FT,0.0,0
001396,NEG,0,FT,0.0,0
001397,NEG,0,FT,0.0,0
001398,NEG,0,FT,0.0,0
001399,NEG,0,FT,0.0,0
001400,NEG,0,FT,0.0,0
001401,NEG,0,FT,0.0,0
001402,NEG,0,FT,0.0,0
001403,NEG,0,FT,0.0,0
001404,NEG,0,FT,0.0,0
001405,NEG,0,FT,0.0,0
001406,NEG,0,FT,0.0,0
001407,NEG,0,FT,0.0,0
001408,NEG,0,FT,0.0,0
001409,NEG,0,FT,0.0,0
001410,NEG,0,FT,0.0,0
001411,NEG,0,FT,0.0,0
001412,NEG,0,FT,0.0,0
001413,NEG,0,FT,0.0,0
001414,NEG,0,FT,0.11169563233852386,2
001415,NEG,0,FT,0.00321777630597353,3
001416,NEG,0,FT,0.029752245172858238,3
001417,NEG,0,FT,0.0013681248528882861,1
001418,NEG,0,FT,0.00767527474090457,2
001419,NEG,0,FT,0.0010111082810908556,1
001420,NEG,0,FT,0.0012741448590531945,1
001421,NEG,0,FT,0.0,0
001422,NEG,0,FT,0.0010988027788698673,1
001423,NEG,0,FT,0.002281646942719817,1
001424,NEG,0,FT,0.0,0
001425,NEG,0,FT,0.001091117737814784,1
001426,NEG,0,FT,0.0,0
001427,NEG,0,FT,0.0026384175289422274,1
001428,NEG,0,FT,0.0,0
001429,NEG,0,FT,0.0,0
001430,NEG,0,FT,0.0,0
001431,NEG,0,FT,0.0,0
001432,NEG,0,FT,0.0,0
001433,NEG,0,FT,0.02410958521068096,4
001434,NEG,0,FT,0.048527058213949203,3
001435,NEG,0,FT,0.0,0
001436,NEG,0,FT,0.0,0
001437,NEG,0,FT,0.0,0
001438,NEG,0,FT,0.0,0
001439,NEG,0,FT,0.0,0
001440,NEG,0,FT,0.0,0
001441,NEG,0,FT,0.0,0
001442,NEG,0,FT,0.0,0
001443,NEG,0,FT,0.0,0
001444,NEG,0,FT,0.0,0
001445,NEG,0,FT,0.0,0
001446,NEG,0,FT,0.0,0
001447,NEG,0,FT,0.0020407147239893675,1
001448,NEG,0,FT,0.0,0
001449,NEG,0,FT,0.0,0
001450,NEG,0,FT,0.0,0
001451,NEG,0,FT,0.0,0
001452,NEG,0,FT,0.0,0
001453,NEG,0,FT,0.0,0
001454,NEG,0,FT,0.0,0
001455,NEG,0,FT,0.0,0
001456,NEG,0,FT,0.0,0
001457,NEG,0,FT,0.0,0
001458,NEG,0,FT,0.31758105754852295,2
001459,NEG,0,FT,0.16692285239696503,2
001460,NEG,0,FT,0.030114401131868362,2
001461,NEG,0,FT,0.001798400655388832,1
001462,NEG,0,FT,0.01472815778106451,1
001463,NEG,0,FT,0.04822397604584694,1
001464,NEG,0,FT,0.06903091073036194,2
001465,NEG,0,FT,0.18396399915218353,2
001466,NEG,0,FT,0.013656397350132465,1
001467,NEG,0,FT,0.05149559676647186,1
001468,NEG,0,FT,0.006959579419344664,2
001469,NEG,0,FT,0.003043388482183218,1
001470,NEG,0,FT,0.012898125685751438,1
001471,NEG,0,FT,0.005605862010270357,1
001472,NEG,0,FT,0.0,0
001473,NEG,0,FT,0.00959610566496849,1
001474,NEG,0,FT,0.015835987403988838,2
001475,NEG,0,FT,0.005186956375837326,1
001476,NEG,0,FT,0.004762584809213877,2
001477,NEG,0,FT,0.008340430445969105,2
001478,NEG,0,FT,0.0027317642234265804,1
001479,NEG,0,FT,0.004677465185523033,1
001480,NEG,0,FT,0.004362371750175953,1
001481,NEG,0,FT,0.002129415748640895,1
001482,NEG,0,FT,0.0031895420979708433,4
001483,NEG,0,FT,0.004236707929521799,2
001484,NEG,0,FT,0.09519820660352707,2
001485,NEG,0,FT,0.0,0
001486,NEG,0,FT,0.0010111563606187701,1
001487,NEG,0,FT,0.020425662398338318,3
001488,NEG,0,FT,0.02017032541334629,3
001489,NEG,0,FT,0.19281068444252014,4
001490,NEG,0,FT,0.23487111926078796,2
001491,NEG,0,FT,0.08455953747034073,2
001492,NEG,0,FT,0.010484579019248486,4
001493,NEG,0,FT,0.025621328502893448,5
001494,NEG,0,FT,0.023780714720487595,5
001495,NEG,0,FT,0.02812049351632595,4
001496,NEG,0,FT,0.057517159730196,3
001497,NEG,0,FT,0.10362613946199417,4
001498,NEG,0,FT,0.011443281546235085,2
001499,NEG,0,FT,0.007984274066984653,1
001500,NEG,0,FT,0.0055243633687496185,3
001501,NEG,0,FT,0.06977084279060364,2
001502,NEG,0,FT,0.014448178932070732,3
001503,NEG,0,FT,0.14053887128829956,3
001504,NEG,0,FT,0.05182221904397011,2
001505,NEG,0,FT,0.16375666856765747,2
001506,NEG,0,FT,0.1228422299027443,1
001507,NEG,0,FT,0.01435900665819645,4
001508,NEG,0,FT,0.005032557062804699,1
001509,NEG,0,FT,0.14559374749660492,1
001510,NEG,0,FT,0.0027906533796340227,2
001511,NEG,0,FT,0.022766612470149994,1
001512,NEG,0,FT,0.0016345403855666518,1
001513,NEG,0,FT,0.10479088127613068,1
001514,NEG,0,FT,0.0,0
001515,NEG,0,FT,0.0,0
001516,NEG,0,FT,0.0018258518539369106,2
001517,NEG,0,FT,0.1680249571800232,3
001518,NEG,0,FT,0.06955871731042862,4
001519,NEG,0,FT,0.03398016840219498,4
001520,NEG,0,FT,0.03886398673057556,1
001521,NEG,0,FT,0.029020588845014572,1
001522,NEG,0,FT,0.13636358082294464,1
001523,NEG,0,FT,0.06327558308839798,1
001524,NEG,0,FT,0.0703136995434761,2
001525,NEG,0,FT,0.004170745145529509,2
001526,NEG,0,FT,0.10563820600509644,1
001527,NEG,0,FT,0.0030663320794701576,2
001528,NEG,0,FT,0.0,0
001529,NEG,0,FT,0.0,0
001530,NEG,0,FT,0.001407767878845334,1
001531,NEG,0,FT,0.0,0
001532,NEG,0,FT,0.0023203680757433176,1
001533,NEG,0,FT,0.0027537711430341005,2
001534,NEG,0,FT,0.006802793592214584,3
001535,NEG,0,FT,0.0012453515082597733,2
001536,NEG,0,FT,0.0,0
001537,NEG,0,FT,0.0,0
001538,NEG,0,FT,0.002144076395779848,1
001539,NEG,0,FT,0.002383382059633732,2
001540,NEG,0,FT,0.0035626424942165613,1
001541,NEG,0,FT,0.003003753488883376,1
001542,NEG,0,FT,0.0013200626708567142,1
001543,NEG,0,FT,0.0023809887934476137,1
001544,NEG,0,FT,0.0,0
001545,NEG,0,FT,0.0,0
001546,NEG,0,FT,0.0017781223868951201,1
001547,NEG,0,FT,0.0,0
001548,NEG,0,FT,0.0,0
001549,NEG,0,FT,0.0,0
001550,NEG,0,FT,0.0,0
001551,NEG,0,FT,0.0,0
001552,NEG,0,FT,0.0011411888990551233,2
001553,NEG,0,FT,0.0,0
001554,NEG,0,FT,0.0,0
001555,NEG,0,FT,0.0,0
001556,NEG,0,FT,0.0016422668704763055,3
001557,NEG,0,FT,0.00231049838475883,4
001558,NEG,0,FT,0.0033961618319153786,4
001559,NEG,0,FT,0.0,0
001560,NEG,0,FT,0.0,0
001561,NEG,0,FT,0.0,0
001562,NEG,0,FT,0.0,0
001563,NEG,0,FT,0.0,0
001564,NEG,0,FT,0.0,0
001565,NEG,0,FT,0.001170328352600336,1
001566,NEG,0,FT,0.0,0
001567,NEG,0,FT,0.0,0
001568,NEG,0,FT,0.0,0
001569,NEG,0,FT,0.0,0
001570,NEG,0,FT,0.0,0
001571,NEG,0,FT,0.0,0
001572,NEG,0,FT,0.0015103588812053204,1
001573,NEG,0,FT,0.00688129710033536,1
001574,NEG,0,FT,0.0017815176397562027,1
001575,NEG,0,FT,0.0010345811024308205,1
001576,NEG,0,FT,0.0,0
001577,NEG,0,FT,0.0,0
001578,NEG,0,FT,0.0,0
001579,NEG,0,FT,0.0,0
001580,NEG,0,FT,0.0,0
001581,NEG,0,FT,0.0013808629009872675,1
001582,NEG,0,FT,0.0,0
001583,NEG,0,FT,0.0,0
001584,NEG,0,FT,0.0,0
001585,NEG,0,FT,0.0,0
001586,NEG,0,FT,0.0010716215474531054,1
001587,NEG,0,FT,0.0010740013094618917,3
001588,NEG,0,FT,0.0,0
001589,NEG,0,FT,0.0,0
001590,NEG,0,FT,0.0,0
001591,NEG,0,FT,0.0,0
001592,NEG,0,FT,0.0,0
001593,NEG,0,FT,0.0,0
001594,NEG,0,FT,0.0,0
001595,NEG,0,FT,0.0,0
001596,NEG,0,FT,0.0,0
001597,NEG,0,FT,0.0,0
001598,NEG,0,FT,0.0,0
001599,NEG,0,FT,0.0,0
001600,NEG,0,FT,0.0,0
001601,NEG,0,FT,0.0,0
001602,NEG,0,FT,0.0,0
001603,NEG,0,FT,0.0,0
001604,NEG,0,FT,0.029617758467793465,5
001605,NEG,0,FT,0.009599292650818825,2
001606,NEG,0,FT,0.004645215813070536,1
001607,NEG,0,FT,0.0029950947500765324,1
001608,NEG,0,FT,0.0014239975716918707,1
001609,NEG,0,FT,0.0,0
001610,NEG,0,FT,0.0,0
001611,NEG,0,FT,0.0,0
001612,NEG,0,FT,0.0,0
001613,NEG,0,FT,0.0,0
001614,NEG,0,FT,0.0,0
001615,NEG,0,FT,0.0,0
001616,NEG,0,FT,0.0010285034077242017,1
001617,NEG,0,FT,0.0,0
001618,NEG,0,FT,0.0,0
001619,NEG,0,FT,0.0,0
001620,NEG,0,FT,0.0,0
001621,NEG,0,FT,0.0021739129442721605,1
001622,NEG,0,FT,0.02813098579645157,4
001623,NEG,0,FT,0.021001914516091347,2
001624,NEG,0,FT,0.029239242896437645,7
001625,NEG,0,FT,0.0060007390566170216,2
001626,NEG,0,FT,0.012151004746556282,2
001627,NEG,0,FT,0.03726234287023544,4
001628,NEG,0,FT,0.022798897698521614,6
001629,NEG,0,FT,0.011394663713872433,3
001630,NEG,0,FT,0.005885842721909285,3
001631,NEG,0,FT,0.007680139970034361,4
001632,NEG,0,FT,0.011100417003035545,5
001633,NEG,0,FT,0.009173015132546425,4
001634,NEG,0,FT,0.005179992876946926,4
001635,NEG,0,FT,0.0037258213851600885,4
001636,NEG,0,FT,0.0011350996792316437,2
001637,NEG,0,FT,0.0010759634897112846,1
001638,NEG,0,FT,0.0,0
001639,NEG,0,FT,0.0,0
001640,NEG,0,FT,0.0,0
001641,NEG,0,FT,0.001988488482311368,2
001642,NEG,0,FT,0.0029901235830038786,6
001643,NEG,0,FT,0.0011033923365175724,1
001644,NEG,0,FT,0.0,0
001645,NEG,0,FT,0.0,0
001646,NEG,0,FT,0.0,0
001647,NEG,0,FT,0.0,0
001648,NEG,0,FT,0.0,0
001649,NEG,0,FT,0.0,0
001650,NEG,0,FT,0.0,0
001651,NEG,0,FT,0.007967585697770119,1
001652,NEG,0,FT,0.01167389191687107,1
001653,NEG,0,FT,0.0032410428393632174,1
001654,NEG,0,FT,0.0,0
001655,NEG,0,FT,0.0,0
001656,NEG,0,FT,0.0,0
001657,NEG,0,FT,0.0,0
001658,NEG,0,FT,0.0,0
001659,NEG,0,FT,0.0,0
001660,NEG,0,FT,0.0,0
001661,NEG,0,FT,0.0,0
001662,NEG,0,FT,0.0,0
001663,NEG,0,FT,0.0,0
001664,NEG,0,FT,0.0,0
001665,NEG,0,FT,0.0,0
001666,NEG,0,FT,0.0,0
001667,NEG,0,FT,0.0,0
001668,NEG,0,FT,0.0,0
001669,NEG,0,FT,0.0,0
001670,NEG,0,FT,0.0,0
001671,NEG,0,FT,0.0,0
001672,NEG,0,FT,0.0,0
001673,NEG,0,FT,0.0,0
001674,NEG,0,FT,0.0,0
001675,NEG,0,FT,0.0,0
001676,NEG,0,FT,0.0,0
001677,NEG,0,FT,0.0,0
001678,NEG,0,FT,0.0,0
001679,NEG,0,FT,0.0,0
001680,NEG,0,FT,0.0,0
001681,NEG,0,FT,0.0,0
001682,NEG,0,FT,0.0,0
001683,NEG,0,FT,0.0,0
001684,NEG,0,FT,0.001926964963786304,1
001685,NEG,0,FT,0.002285818802192807,1
001686,NEG,0,FT,0.0012165037915110588,1
001687,NEG,0,FT,0.0,0
001688,NEG,0,FT,0.0,0
001689,NEG,0,FT,0.0,0
001690,NEG,0,FT,0.0,0
001691,NEG,0,FT,0.0019072763388976455,1
001692,NEG,0,FT,0.0,0
001693,NEG,0,FT,0.0,0
001694,NEG,0,FT,0.0,0
001695,NEG,0,FT,0.0,0
001696,NEG,0,FT,0.0,0
001697,NEG,0,FT,0.0,0
001698,NEG,0,FT,0.0,0
001699,NEG,0,FT,0.0,0
001700,NEG,0,FT,0.0,0
001701,NEG,0,FT,0.0,0
001702,NEG,0,FT,0.0,0
001703,NEG,0,FT,0.0,0
001704,NEG,0,FT,0.0,0
001705,NEG,0,FT,0.0,0
001706,NEG,0,FT,0.0,0
001707,NEG,0,FT,0.0,0
001708,NEG,0,FT,0.0,0
001709,NEG,0,FT,0.0,0
001710,NEG,0,FT,0.0,0
001711,NEG,0,FT,0.0,0
001712,NEG,0,FT,0.0,0
001713,NEG,0,FT,0.0,0
001714,NEG,0,FT,0.0,0
001715,NEG,0,FT,0.0,0
001716,NEG,0,FT,0.0,0
001717,NEG,0,FT,0.0,0
001718,NEG,0,FT,0.0,0
001719,NEG,0,FT,0.0,0
001720,NEG,0,FT,0.0,0
001721,NEG,0,FT,0.0,0
001722,NEG,0,FT,0.0,0
001723,NEG,0,FT,0.0,0
001724,NEG,0,FT,0.0,0
001725,NEG,0,FT,0.0,0
001726,NEG,0,FT,0.0,0
001727,NEG,0,FT,0.0,0
001728,NEG,0,FT,0.0,0
001729,NEG,0,FT,0.0,0
001730,NEG,0,FT,0.0,0
001731,NEG,0,FT,0.0,0
001732,NEG,0,FT,0.0,0
001733,NEG,0,FT,0.0,0
001734,NEG,0,FT,0.0,0
001735,NEG,0,FT,0.0,0
001736,NEG,0,FT,0.0,0
001737,NEG,0,FT,0.0,0
001738,NEG,0,FT,0.0,0
001739,NEG,0,FT,0.0,0
001740,NEG,0,FT,0.0,0
001741,NEG,0,FT,0.0,0
001742,NEG,0,FT,0.0,0
001743,NEG,0,FT,0.0,0
001744,NEG,0,FT,0.0,0
001745,NEG,0,FT,0.0,0
001746,NEG,0,FT,0.0,0
001747,NEG,0,FT,0.0,0
001748,NEG,0,FT,0.0,0
001749,NEG,0,FT,0.0,0
001750,NEG,0,FT,0.0,0
001751,NEG,0,FT,0.0,0
001752,NEG,0,FT,0.0,0
001753,NEG,0,FT,0.0,0
001754,NEG,0,FT,0.0,0
001755,NEG,0,FT,0.0,0
001756,NEG,0,FT,0.0,0
001757,NEG,0,FT,0.0,0
001758,NEG,0,FT,0.0,0
001759,NEG,0,FT,0.0,0
001760,NEG,0,FT,0.0,0
001761,NEG,0,FT,0.0,0
001762,NEG,0,FT,0.0,0
001763,NEG,0,FT,0.0,0
001764,NEG,0,FT,0.0,0
001765,NEG,0,FT,0.0,0
001766,NEG,0,FT,0.0,0
001767,NEG,0,FT,0.0,0
001768,NEG,0,FT,0.0,0
001769,NEG,0,FT,0.0,0
001770,NEG,0,FT,0.0,0
001771,NEG,0,FT,0.0,0
001772,NEG,0,FT,0.0,0
001773,NEG,0,FT,0.0,0
001774,NEG,0,FT,0.0,0
001775,NEG,0,FT,0.0010121437953785062,1
001776,NEG,0,FT,0.0,0
001777,NEG,0,FT,0.0,0
001778,NEG,0,FT,0.0,0
001779,NEG,0,FT,0.0011161864968016744,1
001780,NEG,0,FT,0.0,0
001781,NEG,0,FT,0.0,0
001782,NEG,0,FT,0.0,0
001783,NEG,0,FT,0.0,0
001784,NEG,0,FT,0.0,0
001785,NEG,0,FT,0.0,0
001786,NEG,0,FT,0.0,0
001787,NEG,0,FT,0.0,0
001788,NEG,0,FT,0.0,0
001789,NEG,0,FT,0.0,0
001790,NEG,0,FT,0.0,0
001791,NEG,0,FT,0.0,0
001792,NEG,0,FT,0.0,0
001793,NEG,0,FT,0.0,0
001794,NEG,0,FT,0.0,0
001795,NEG,0,FT,0.0,0
001796,NEG,0,FT,0.0,0
001797,NEG,0,FT,0.0,0
001798,NEG,0,FT,0.0,0
001799,NEG,0,FT,0.0,0
001800,NEG,0,FT,0.0,0
001801,NEG,0,FT,0.0,0
001802,NEG,0,FT,0.0011022236431017518,1
001803,NEG,0,FT,0.0,0
001804,NEG,0,FT,0.0,0
001805,NEG,0,FT,0.0,0
001806,NEG,0,FT,0.0,0
001807,NEG,0,FT,0.0,0
001808,NEG,0,FT,0.0016781818121671677,1
001809,NEG,0,FT,0.0,0
001810,NEG,0,FT,0.0,0
001811,NEG,0,FT,0.0,0
001812,NEG,0,FT,0.0,0
001813,NEG,0,FT,0.0010214083595201373,1
001814,NEG,0,FT,0.0,0
001815,NEG,0,FT,0.001636576489545405,1
001816,NEG,0,FT,0.0,0
001817,NEG,0,FT,0.0,0
001818,NEG,0,FT,0.0,0
001819,NEG,0,FT,0.0,0
001820,NEG,0,FT,0.0,0
001821,NEG,0,FT,0.0,0
001822,NEG,0,FT,0.0,0
001823,NEG,0,FT,0.0,0
001824,NEG,0,FT,0.0,0
001825,NEG,0,FT,0.006031438242644072,2
001826,NEG,0,FT,0.0,0
001827,NEG,0,FT,0.0019540146458894014,1
001828,NEG,0,FT,0.0,0
001829,NEG,0,FT,0.0,0
001830,NEG,0,FT,0.0,0
001831,NEG,0,FT,0.0,0
001832,NEG,0,FT,0.0,0
001833,NEG,0,FT,0.0,0
001834,NEG,0,FT,0.0,0
001835,NEG,0,FT,0.0,0
001836,NEG,0,FT,0.0,0
001837,NEG,0,FT,0.0,0
001838,NEG,0,FT,0.0,0
001839,NEG,0,FT,0.0,0
001840,NEG,0,FT,0.0,0
001841,NEG,0,FT,0.0,0
001842,NEG,0,FT,0.0,0
001843,NEG,0,FT,0.0,0
001844,NEG,0,FT,0.0,0
001845,NEG,0,FT,0.0,0
001846,NEG,0,FT,0.0,0
001847,NEG,0,FT,0.0,0
001848,NEG,0,FT,0.0,0
001849,NEG,0,FT,0.0,0
001850,NEG,0,FT,0.0,0
001851,NEG,0,FT,0.0,0
001852,NEG,0,FT,0.0,0
001853,NEG,0,FT,0.0029330868273973465,1
001854,NEG,0,FT,0.0,0
001855,NEG,0,FT,0.0,0
001856,NEG,0,FT,0.0,0
001857,NEG,0,FT,0.0,0
001858,NEG,0,FT,0.0,0
001859,NEG,0,FT,0.0,0
001860,NEG,0,FT,0.03215352073311806,6
001861,NEG,0,FT,0.00509578175842762,2
001862,NEG,0,FT,0.1586354821920395,2
001863,NEG,0,FT,0.3831119239330292,2
001864,NEG,0,FT,0.0012115308782085776,1
001865,NEG,0,FT,0.019855935126543045,3
001866,NEG,0,FT,0.001367734745144844,1
001867,NEG,0,FT,0.0056352270767092705,1
001868,NEG,0,FT,0.010623018257319927,1
001869,NEG,0,FT,0.007831882685422897,2
001870,NEG,0,FT,0.0,0
001871,NEG,0,FT,0.0,0
001872,NEG,0,FT,0.05558155104517937,1
001873,NEG,0,FT,0.0,0
001874,NEG,0,FT,0.0,0
001875,NEG,0,FT,0.0,0
001876,NEG,0,FT,0.0,0
001877,NEG,0,FT,0.0,0
001878,NEG,0,FT,0.0,0
001879,NEG,0,FT,0.0,0
001880,NEG,0,FT,0.0,0
001881,NEG,0,FT,0.0,0
001882,NEG,0,FT,0.0,0
001883,NEG,0,FT,0.0061998022720217705,1
001884,NEG,0,FT,0.001080943737179041,1
001885,NEG,0,FT,0.0,0
001886,NEG,0,FT,0.0,0
001887,NEG,0,FT,0.0,0
001888,NEG,0,FT,0.0,0
001889,NEG,0,FT,0.0,0
001890,NEG,0,FT,0.0,0
001891,NEG,0,FT,0.003754764562472701,1
001892,NEG,0,FT,0.0011204307666048408,1
001893,NEG,0,FT,0.0029150929767638445,3
001894,NEG,0,FT,0.0019755023531615734,1
001895,NEG,0,FT,0.0014750584959983826,1
001896,NEG,0,FT,0.0,0
001897,NEG,0,FT,0.00838409923017025,1
001898,NEG,0,FT,0.0,0
001899,NEG,0,FT,0.016322296112775803,1
001900,NEG,0,FT,0.0,0
001901,NEG,0,FT,0.0024059514980763197,1
001902,NEG,0,FT,0.016542918980121613,4
001903,NEG,0,FT,0.0289777722209692,2
001904,NEG,0,FT,0.13602206110954285,3
001905,NEG,0,FT,0.3176189661026001,3
001906,NEG,0,FT,0.018774941563606262,4
001907,NEG,0,FT,0.0,0
001908,NEG,0,FT,0.0,0
001909,NEG,0,FT,0.029112014919519424,1
001910,NEG,0,FT,0.001608863938599825,1
001911,NEG,0,FT,0.0,0
001912,NEG,0,FT,0.004208118189126253,1
001913,NEG,0,FT,0.0064055416733026505,1
001914,NEG,0,FT,0.005234675947576761,3
001915,NEG,0,FT,0.011412645690143108,1
001916,NEG,0,FT,0.04086417704820633,3
001917,NEG,0,FT,0.0,0
001918,NEG,0,FT,0.0,0
001919,NEG,0,FT,0.06106998398900032,2
001920,NEG,0,FT,0.0,0
001921,NEG,0,FT,0.0,0
001922,NEG,0,FT,0.0,0
001923,NEG,0,FT,0.0013627224834635854,1
001924,NEG,0,FT,0.0,0
001925,NEG,0,FT,0.0,0
001926,NEG,0,FT,0.0,0
001927,NEG,0,FT,0.0,0
001928,NEG,0,FT,0.0,0
001929,NEG,0,FT,0.0,0
001930,NEG,0,FT,0.0,0
001931,NEG,0,FT,0.0,0
001932,NEG,0,FT,0.0,0
001933,NEG,0,FT,0.0,0
001934,NEG,0,FT,0.0,0
001935,NEG,0,FT,0.0,0
001936,NEG,0,FT,0.0,0
001937,NEG,0,FT,0.0,0
001938,NEG,0,FT,0.0,0
001939,NEG,0,FT,0.0,0
001940,NEG,0,FT,0.0,0
001941,NEG,0,FT,0.0,0
001942,NEG,0,FT,0.0,0
001943,NEG,0,FT,0.0,0
001944,NEG,0,FT,0.0,0
001945,NEG,0,FT,0.0,0
001946,NEG,0,FT,0.0,0
001947,NEG,0,FT,0.0,0
001948,NEG,0,FT,0.0,0
001949,NEG,0,FT,0.0,0
001950,NEG,0,FT,0.0,0
001951,NEG,0,FT,0.0,0
001952,NEG,0,FT,0.0,0
001953,NEG,0,FT,0.0,0
001954,NEG,0,FT,0.0,0
001955,NEG,0,FT,0.0,0
001956,NEG,0,FT,0.0,0
001957,NEG,0,FT,0.0,0
001958,NEG,0,FT,0.0,0
001959,NEG,0,FT,0.0,0
001960,NEG,0,FT,0.0,0
001961,NEG,0,FT,0.0,0
001962,NEG,0,FT,0.0,0
001963,NEG,0,FT,0.0,0
001964,NEG,0,FT,0.0,0
001965,NEG,0,FT,0.0,0
001966,NEG,0,FT,0.0,0
001967,NEG,0,FT,0.0,0
001968,NEG,0,FT,0.0,0
001969,NEG,0,FT,0.0,0
001970,NEG,0,FT,0.0,0
001971,NEG,0,FT,0.0,0
001972,NEG,0,FT,0.0,0
001973,NEG,0,FT,0.0,0
001974,NEG,0,FT,0.0,0
001975,NEG,0,FT,0.0,0
001976,NEG,0,FT,0.0,0
001977,NEG,0,FT,0.0,0
001978,NEG,0,FT,0.0,0
001979,NEG,0,FT,0.0,0
001980,NEG,0,FT,0.0,0
001981,NEG,0,FT,0.0030877157114446163,2
001982,NEG,0,FT,0.002363646635785699,1
001983,NEG,0,FT,0.0,0
001984,NEG,0,FT,0.004361149854958057,1
001985,NEG,0,FT,0.004773078951984644,2
001986,NEG,0,FT,0.0012221302604302764,1
001987,NEG,0,FT,0.007047045975923538,2
001988,NEG,0,FT,0.0023828481789678335,1
001989,NEG,0,FT,0.0,0
001990,NEG,0,FT,0.0022476802114397287,1
001991,NEG,0,FT,0.0,0
001992,NEG,0,FT,0.0,0
001993,NEG,0,FT,0.03486079350113869,2
001994,NEG,0,FT,0.0,0
001995,NEG,0,FT,0.0011164986062794924,1
001996,NEG,0,FT,0.012179628014564514,1
001997,NEG,0,FT,0.0,0
001998,NEG,0,FT,0.0031528251711279154,1
001999,NEG,0,FT,0.0,0
002000,NEG,0,FT,0.0155954509973526,2
002001,NEG,0,FT,0.0030487477779388428,1
002002,NEG,0,FT,0.0,0
002003,NEG,0,FT,0.04431823641061783,1
002004,NEG,0,FT,0.05865753814578056,1
002005,NEG,0,FT,0.046494122594594955,2
002006,NEG,0,FT,0.0052615259774029255,1
002007,NEG,0,FT,0.03699083253741264,6
002008,NEG,0,FT,0.051386844366788864,3
002009,NEG,0,FT,0.0026891937013715506,1
002010,NEG,0,FT,0.0,0
002011,NEG,0,FT,0.0,0
002012,NEG,0,FT,0.03848828002810478,2
002013,NEG,0,FT,0.003507949411869049,1
002014,NEG,0,FT,0.008529744111001492,2
002015,NEG,0,FT,0.005196194164454937,2
002016,NEG,0,FT,0.0928722396492958,2
002017,NEG,0,FT,0.06715085357427597,1
002018,NEG,0,FT,0.014320382848381996,1
002019,NEG,0,FT,0.12143991887569427,2
002020,NEG,0,FT,0.001486004563048482,1
002021,NEG,0,FT,0.0,0
002022,NEG,0,FT,0.009182177484035492,4
002023,NEG,0,FT,0.027895376086235046,4
002024,NEG,0,FT,0.024095866829156876,2
002025,NEG,0,FT,0.0,0
002026,NEG,0,FT,0.0,0
002027,NEG,0,FT,0.0,0
002028,NEG,0,FT,0.0,0
002029,NEG,0,FT,0.0,0
002030,NEG,0,FT,0.0,0
002031,NEG,0,FT,0.0,0
002032,NEG,0,FT,0.0,0
002033,NEG,0,FT,0.0,0
002034,NEG,0,FT,0.0,0
002035,NEG,0,FT,0.0,0
002036,NEG,0,FT,0.0,0
002037,NEG,0,FT,0.0,0
002038,NEG,0,FT,0.0,0
002039,NEG,0,FT,0.0,0
002040,NEG,0,FT,0.0,0
002041,NEG,0,FT,0.0,0
002042,NEG,0,FT,0.0,0
002043,NEG,0,FT,0.0,0
002044,NEG,0,FT,0.0,0
002045,NEG,0,FT,0.0,0
002046,NEG,0,FT,0.0,0
002047,NEG,0,FT,0.0,0
002048,NEG,0,FT,0.0,0
002049,NEG,0,FT,0.0,0
002050,NEG,0,FT,0.0,0
002051,NEG,0,FT,0.0,0
002052,NEG,0,FT,0.0,0
002053,NEG,0,FT,0.0,0
002054,NEG,0,FT,0.0,0
002055,NEG,0,FT,0.0,0
002056,NEG,0,FT,0.0,0
002057,NEG,0,FT,0.0,0
002058,NEG,0,FT,0.0,0
002059,NEG,0,FT,0.0,0
002060,NEG,0,FT,0.0,0
002061,NEG,0,FT,0.0,0
002062,NEG,0,FT,0.0,0
002063,NEG,0,FT,0.0,0
002064,NEG,0,FT,0.0,0
002065,NEG,0,FT,0.0,0
002066,NEG,0,FT,0.0,0
002067,NEG,0,FT,0.0,0
002068,NEG,0,FT,0.0,0
002069,NEG,0,FT,0.0,0
002070,NEG,0,FT,0.0,0
002071,NEG,0,FT,0.0,0
002072,NEG,0,FT,0.0,0
002073,NEG,0,FT,0.0,0
002074,NEG,0,FT,0.0,0
002075,NEG,0,FT,0.0,0
002076,NEG,0,FT,0.0,0
002077,NEG,0,FT,0.0,0
002078,NEG,0,FT,0.0,0
002079,NEG,0,FT,0.0,0
002080,NEG,0,FT,0.0,0
002081,NEG,0,FT,0.0,0
002082,NEG,0,FT,0.0,0
002083,NEG,0,FT,0.0,0
002084,NEG,0,FT,0.0,0
002085,NEG,0,FT,0.0,0
002086,NEG,0,FT,0.0,0
002087,NEG,0,FT,0.0014131360221654177,2
002088,NEG,0,FT,0.0,0
002089,NEG,0,FT,0.0,0
002090,NEG,0,FT,0.0,0
002091,NEG,0,FT,0.0,0
002092,NEG,0,FT,0.0,0
002093,NEG,0,FT,0.0,0
002094,NEG,0,FT,0.0,0
002095,NEG,0,FT,0.0011392550077289343,1
002096,NEG,0,FT,0.0,0
002097,NEG,0,FT,0.010001207701861858,3
002098,NEG,0,FT,0.007443269249051809,2
002099,NEG,0,FT,0.001817026175558567,2
002100,NEG,0,FT,0.020565751940011978,7
002101,NEG,0,FT,0.011639212258160114,4
002102,NEG,0,FT,0.007085070945322514,4
002103,NEG,0,FT,0.011222834698855877,7
002104,NEG,0,FT,0.002837229985743761,2
002105,NEG,0,FT,0.0011379084317013621,1
002106,NEG,0,FT,0.0,0
002107,NEG,0,FT,0.0,0
002108,NEG,0,FT,0.0,0
002109,NEG,0,FT,0.0,0
002110,NEG,0,FT,0.0,0
002111,NEG,0,FT,0.0,0
002112,NEG,0,FT,0.0,0
002113,NEG,0,FT,0.0,0
002114,NEG,0,FT,0.0,0
002115,NEG,0,FT,0.0,0
002116,NEG,0,FT,0.0,0
002117,NEG,0,FT,0.0,0
002118,NEG,0,FT,0.0,0
002119,NEG,0,FT,0.0,0
002120,NEG,0,FT,0.0,0
002121,NEG,0,FT,0.0,0
002122,NEG,0,FT,0.0,0
002123,NEG,0,FT,0.0,0
002124,NEG,0,FT,0.0,0
002125,NEG,0,FT,0.0,0
002126,NEG,0,FT,0.0,0
002127,NEG,0,FT,0.0,0
002128,NEG,0,FT,0.0010572054889053106,1
002129,NEG,0,FT,0.0,0
002130,NEG,0,FT,0.0,0
002131,NEG,0,FT,0.0,0
002132,NEG,0,FT,0.0,0
002133,NEG,0,FT,0.0,0
002134,NEG,0,FT,0.0,0
002135,NEG,0,FT,0.0,0
002136,NEG,0,FT,0.0,0
002137,NEG,0,FT,0.0,0
002138,NEG,0,FT,0.0,0
002139,NEG,0,FT,0.0,0
002140,NEG,0,FT,0.0033313515596091747,1
002141,NEG,0,FT,0.0,0
002142,NEG,0,FT,0.0,0
002143,NEG,0,FT,0.0,0
002144,NEG,0,FT,0.0,0
002145,NEG,0,FT,0.0,0
002146,NEG,0,FT,0.0,0
002147,NEG,0,FT,0.0,0
002148,NEG,0,FT,0.0,0
002149,NEG,0,FT,0.0,0
002150,NEG,0,FT,0.0,0
002151,NEG,0,FT,0.0,0
002152,NEG,0,FT,0.0,0
002153,NEG,0,FT,0.0,0
002154,NEG,0,FT,0.0,0
002155,NEG,0,FT,0.0,0
002156,NEG,0,FT,0.0,0
002157,NEG,0,FT,0.0,0
002158,NEG,0,FT,0.0,0
002159,NEG,0,FT,0.0,0
002160,NEG,0,FT,0.0,0
002161,NEG,0,FT,0.0,0
002162,NEG,0,FT,0.0,0
002163,NEG,0,FT,0.0,0
002164,NEG,0,FT,0.0,0
002165,NEG,0,FT,0.0,0
002166,NEG,0,FT,0.0,0
002167,NEG,0,FT,0.0,0
002168,NEG,0,FT,0.0,0
002169,NEG,0,FT,0.0,0
002170,NEG,0,FT,0.0,0
002171,NEG,0,FT,0.0,0
002172,NEG,0,FT,0.0,0
002173,NEG,0,FT,0.0,0
002174,NEG,0,FT,0.0036827982403337955,1
002175,NEG,0,FT,0.010194090195000172,2
002176,NEG,0,FT,0.0013252085773274302,1
002177,NEG,0,FT,0.0,0
002178,NEG,0,FT,0.0,0
002179,NEG,0,FT,0.0,0
002180,NEG,0,FT,0.0,0
002181,NEG,0,FT,0.0,0
002182,NEG,0,FT,0.0,0
002183,NEG,0,FT,0.0,0
002184,NEG,0,FT,0.0,0
002185,NEG,0,FT,0.0,0
002186,NEG,0,FT,0.0,0
002187,NEG,0,FT,0.0,0
002188,NEG,0,FT,0.0,0
002189,NEG,0,FT,0.0,0
002190,NEG,0,FT,0.0,0
002191,NEG,0,FT,0.0,0
002192,NEG,0,FT,0.009171398356556892,1
002193,NEG,0,FT,0.0,0
002194,NEG,0,FT,0.07760355621576309,1
002195,NEG,0,FT,0.03025348111987114,1
002196,NEG,0,FT,0.0650787279009819,1
002197,NEG,0,FT,0.007876981981098652,1
002198,NEG,0,FT,0.0,0
002199,NEG,0,FT,0.0,0
002200,NEG,0,FT,0.0,0
002201,NEG,0,FT,0.003580539021641016,1
002202,NEG,0,FT,0.0,0
002203,NEG,0,FT,0.0,0
002204,NEG,0,FT,0.0,0
002205,NEG,0,FT,0.0,0
002206,NEG,0,FT,0.005518441554158926,1
002207,NEG,0,FT,0.0,0
002208,NEG,0,FT,0.002777334302663803,1
002209,NEG,0,FT,0.0,0
002210,NEG,0,FT,0.0,0
002211,NEG,0,FT,0.0,0
002212,NEG,0,FT,0.0,0
002213,NEG,0,FT,0.0,0
002214,NEG,0,FT,0.0011120907729491591,1
002215,NEG,0,FT,0.0015680836513638496,1
002216,NEG,0,FT,0.0,0
002217,NEG,0,FT,0.0,0
002218,NEG,0,FT,0.0,0
002219,NEG,0,FT,0.0,0
002220,NEG,0,FT,0.0,0
002221,NEG,0,FT,0.0,0
002222,NEG,0,FT,0.0,0
002223,NEG,0,FT,0.0,0
002224,NEG,0,FT,0.0012868378544226289,1
002225,NEG,0,FT,0.0,0
002226,NEG,0,FT,0.0018055745167657733,2
002227,NEG,0,FT,0.0,0
002228,NEG,0,FT,0.0,0
002229,NEG,0,FT,0.0,0
002230,NEG,0,FT,0.0,0
002231,NEG,0,FT,0.0,0
002232,NEG,0,FT,0.0,0
002233,NEG,0,FT,0.0,0
002234,NEG,0,FT,0.0010389304952695966,1
002235,NEG,0,FT,0.0,0
002236,NEG,0,FT,0.0,0
002237,NEG,0,FT,0.0,0
002238,NEG,0,FT,0.0,0
002239,NEG,0,FT,0.0,0
002240,NEG,0,FT,0.0,0
002241,NEG,0,FT,0.0,0
002242,NEG,0,FT,0.0,0
002243,NEG,0,FT,0.0013423400232568383,1
002244,NEG,0,FT,0.0,0
002245,NEG,0,FT,0.03302982449531555,2
002246,NEG,0,FT,0.0,0
002247,NEG,0,FT,0.22223329544067383,2
002248,NEG,0,FT,0.07613730430603027,1
002249,NEG,0,FT,0.0,0
002250,NEG,0,FT,0.0,0
002251,NEG,0,FT,0.2367822229862213,3
002252,NEG,0,FT,0.0,0
002253,NEG,0,FT,0.0,0
002254,NEG,0,FT,0.0,0
002255,NEG,0,FT,0.0,0
002256,NEG,0,FT,0.0,0
002257,NEG,0,FT,0.0,0
002258,NEG,0,FT,0.0,0
002259,NEG,0,FT,0.0,0
002260,NEG,0,FT,0.0,0
002261,NEG,0,FT,0.0,0
002262,NEG,0,FT,0.0,0
002263,NEG,0,FT,0.0,0
002264,NEG,0,FT,0.0,0
002265,NEG,0,FT,0.0,0
002266,NEG,0,FT,0.0,0
002267,NEG,0,FT,0.0,0
002268,NEG,0,FT,0.0,0
002269,NEG,0,FT,0.0,0
002270,NEG,0,FT,0.0,0
002271,NEG,0,FT,0.0,0
002272,NEG,0,FT,0.0,0
002273,NEG,0,FT,0.0,0
002274,NEG,0,FT,0.0,0
002275,NEG,0,FT,0.0,0
002276,NEG,0,FT,0.0,0
002277,NEG,0,FT,0.0,0
002278,NEG,0,FT,0.0,0
002279,NEG,0,FT,0.0,0
002280,NEG,0,FT,0.0,0
002281,NEG,0,FT,0.0,0
002282,NEG,0,FT,0.0,0
002283,NEG,0,FT,0.0,0
002284,NEG,0,FT,0.0,0
002285,NEG,0,FT,0.0,0
002286,NEG,0,FT,0.0,0
002287,NEG,0,FT,0.0,0
002288,NEG,0,FT,0.0,0
002289,NEG,0,FT,0.0,0
002290,NEG,0,FT,0.0,0
002291,NEG,0,FT,0.0,0
002292,NEG,0,FT,0.0,0
002293,NEG,0,FT,0.0,0
002294,NEG,0,FT,0.0,0
002295,NEG,0,FT,0.0013056999305263162,2
002296,NEG,0,FT,0.0,0
002297,NEG,0,FT,0.0,0
002298,NEG,0,FT,0.0,0
002299,NEG,0,FT,0.0,0
002300,NEG,0,FT,0.0,0
002301,NEG,0,FT,0.0,0
002302,NEG,0,FT,0.0,0
002303,NEG,0,FT,0.0,0
002304,NEG,0,FT,0.0010676505044102669,1
002305,NEG,0,FT,0.0,0
002306,NEG,0,FT,0.0,0
002307,NEG,0,FT,0.0,0
002308,NEG,0,FT,0.0,0
002309,NEG,0,FT,0.0,0
002310,NEG,0,FT,0.015577583573758602,2
002311,NEG,0,FT,0.0,0
002312,NEG,0,FT,0.2711445093154907,1
002313,NEG,0,FT,0.0011824301909655333,1
002314,NEG,0,FT,0.03593604639172554,2
002315,NEG,0,FT,0.0,0
002316,NEG,0,FT,0.0,0
002317,NEG,0,FT,0.0,0
002318,NEG,0,FT,0.0,0
002319,NEG,0,FT,0.0,0
002320,NEG,0,FT,0.0,0
002321,NEG,0,FT,0.0,0
002322,NEG,0,FT,0.004008366260677576,1
002323,NEG,0,FT,0.0,0
002324,NEG,0,FT,0.0,0
002325,NEG,0,FT,0.0,0
002326,NEG,0,FT,0.0,0
002327,NEG,0,FT,0.0,0
002328,NEG,0,FT,0.0,0
002329,NEG,0,FT,0.0,0
002330,NEG,0,FT,0.0,0
002331,NEG,0,FT,0.0,0
002332,NEG,0,FT,0.0,0
002333,NEG,0,FT,0.0,0
002334,NEG,0,FT,0.0,0
002335,NEG,0,FT,0.027546513825654984,2
002336,NEG,0,FT,0.1354956030845642,2
002337,NEG,0,FT,0.3117903769016266,1
002338,NEG,0,FT,0.004638541955500841,1
002339,NEG,0,FT,0.0,0
002340,NEG,0,FT,0.0016182409599423409,1
002341,NEG,0,FT,0.0017734557623043656,1
002342,NEG,0,FT,0.0019412626279518008,1
002343,NEG,0,FT,0.005010826047509909,1
002344,NEG,0,FT,0.018460260704159737,3
002345,NEG,0,FT,0.009866761974990368,2
002346,NEG,0,FT,0.01177120115607977,2
002347,NEG,0,FT,0.004550831392407417,2
002348,NEG,0,FT,0.0024726383853703737,2
002349,NEG,0,FT,0.015136676840484142,3
002350,NEG,0,FT,0.0,0
002351,NEG,0,FT,0.0,0
002352,NEG,0,FT,0.0,0
002353,NEG,0,FT,0.0,0
002354,NEG,0,FT,0.006608236115425825,1
002355,NEG,0,FT,0.0,0
002356,NEG,0,FT,0.0,0
002357,NEG,0,FT,0.0,0
002358,NEG,0,FT,0.0,0
002359,NEG,0,FT,0.0,0
002360,NEG,0,FT,0.005820152349770069,1
002361,NEG,0,FT,0.00961507111787796,2
002362,NEG,0,FT,0.005495025310665369,2
002363,NEG,0,FT,0.0,0
002364,NEG,0,FT,0.0,0
002365,NEG,0,FT,0.0,0
002366,NEG,0,FT,0.006838577799499035,1
002367,NEG,0,FT,0.0,0
002368,NEG,0,FT,0.0,0
002369,NEG,0,FT,0.0,0
002370,NEG,0,FT,0.0010381161700934172,1
002371,NEG,0,FT,0.0019721216522157192,1
002372,NEG,0,FT,0.04403793811798096,1
002373,NEG,0,FT,0.0,0
002374,NEG,0,FT,0.001409395830705762,1
002375,NEG,0,FT,0.0,0
002376,NEG,0,FT,0.0,0
002377,NEG,0,FT,0.0,0
002378,NEG,0,FT,0.0,0
002379,NEG,0,FT,0.0,0
002380,NEG,0,FT,0.0013082119403406978,1
002381,NEG,0,FT,0.002472013933584094,1
002382,NEG,0,FT,0.0,0
002383,NEG,0,FT,0.0,0
002384,NEG,0,FT,0.0,0
002385,NEG,0,FT,0.0037622563540935516,1
002386,NEG,0,FT,0.1437482237815857,2
002387,NEG,0,FT,0.1078970730304718,1
002388,NEG,0,FT,0.007967307232320309,1
002389,NEG,0,FT,0.011052275076508522,1
002390,NEG,0,FT,0.00786450132727623,2
002391,NEG,0,FT,0.018759775906801224,3
002392,NEG,0,FT,0.024541698396205902,2
002393,NEG,0,FT,0.022571709007024765,3
002394,NEG,0,FT,0.0092063769698143,3
002395,NEG,0,FT,0.02920384518802166,3
002396,NEG,0,FT,0.023553552106022835,1
002397,NEG,0,FT,0.3562106490135193,1
002398,NEG,0,FT,0.004122523125261068,1
002399,NEG,0,FT,0.025213882327079773,1
002400,NEG,0,FT,0.398372620344162,3
002401,NEG,0,FT,0.05613497644662857,1
002402,NEG,0,FT,0.05301791429519653,2
002403,NEG,0,FT,0.2037046104669571,2
002404,NEG,0,FT,0.2614554762840271,1
002405,NEG,0,FT,0.5038744807243347,1
002406,NEG,0,FT,0.6253679394721985,2
002407,NEG,0,FT,0.4936893880367279,2
002408,NEG,0,FT,0.2366108000278473,2
002409,NEG,0,FT,0.1908465325832367,2
002410,NEG,0,FT,0.07687649875879288,3
002411,NEG,0,FT,0.05944789573550224,3
002412,NEG,0,FT,0.3164885938167572,3
002413,NEG,0,FT,0.2359514981508255,4
002414,NEG,0,FT,0.07857188582420349,2
002415,NEG,0,FT,0.09865554422140121,3
002416,NEG,0,FT,0.13620911538600922,3
002417,NEG,0,FT,0.22119705379009247,3
002418,NEG,0,FT,0.5290960669517517,2
002419,NEG,0,FT,0.7574318647384644,2
002420,NEG,0,FT,0.7974789142608643,2
002421,NEG,0,FT,0.5760368704795837,2
002422,NEG,0,FT,0.10348271578550339,4
002423,NEG,0,FT,0.05208950489759445,3
002424,NEG,0,FT,0.06594625115394592,3
002425,NEG,0,FT,0.07857976108789444,2
002426,NEG,0,FT,0.2051238715648651,3
002427,NEG,0,FT,0.14877194166183472,1
002428,NEG,0,FT,0.24001844227313995,2
002429,NEG,0,FT,0.1469835489988327,3
002430,NEG,0,FT,0.1689872145652771,3
002431,NEG,0,FT,0.33716487884521484,3
002432,NEG,0,FT,0.43790143728256226,3
002433,NEG,0,FT,0.29322540760040283,2
002434,NEG,0,FT,0.00848141685128212,1
002435,NEG,0,FT,0.0011721485061571002,1
002436,NEG,0,FT,0.0,0
002437,NEG,0,FT,0.0,0
002438,NEG,0,FT,0.0,0
002439,NEG,0,FT,0.0,0
002440,NEG,0,FT,0.0,0
002441,NEG,0,FT,0.0,0
002442,NEG,0,FT,0.0,0
002443,NEG,0,FT,0.0,0
002444,NEG,0,FT,0.0,0
002445,NEG,0,FT,0.0,0
002446,NEG,0,FT,0.0,0
002447,NEG,0,FT,0.0,0
002448,NEG,0,FT,0.0,0
002449,NEG,0,FT,0.0,0
002450,NEG,0,FT,0.0,0
002451,NEG,0,FT,0.0013250678312033415,1
002452,NEG,0,FT,0.0,0
002453,NEG,0,FT,0.0,0
002454,NEG,0,FT,0.0,0
002455,NEG,0,FT,0.0,0
002456,NEG,0,FT,0.0,0
002457,NEG,0,FT,0.0,0
002458,NEG,0,FT,0.0,0
002459,NEG,0,FT,0.0,0
002460,NEG,0,FT,0.0,0
002461,NEG,0,FT,0.0,0
002462,NEG,0,FT,0.0,0
002463,NEG,0,FT,0.0,0
002464,NEG,0,FT,0.0,0
002465,NEG,0,FT,0.0,0
002466,NEG,0,FT,0.0,0
002467,NEG,0,FT,0.0,0
002468,NEG,0,FT,0.007797141093760729,3
002469,NEG,0,FT,0.0,0
002470,NEG,0,FT,0.0,0
002471,NEG,0,FT,0.0016098254127427936,1
002472,NEG,0,FT,0.0,0
002473,NEG,0,FT,0.0,0
002474,NEG,0,FT,0.0,0
002475,NEG,0,FT,0.0,0
002476,NEG,0,FT,0.0013589425943791866,1
002477,NEG,0,FT,0.0,0
002478,NEG,0,FT,0.0,0
002479,NEG,0,FT,0.0,0
002480,NEG,0,FT,0.0,0
002481,NEG,0,FT,0.0,0
002482,NEG,0,FT,0.0,0
002483,NEG,0,FT,0.0,0
002484,NEG,0,FT,0.0,0
002485,NEG,0,FT,0.0,0
002486,NEG,0,FT,0.0,0
002487,NEG,0,FT,0.0,0
002488,NEG,0,FT,0.0,0
002489,NEG,0,FT,0.0,0
002490,NEG,0,FT,0.0,0
002491,NEG,0,FT,0.001424288609996438,1
002492,NEG,0,FT,0.0,0
002493,NEG,0,FT,0.0,0
002494,NEG,0,FT,0.0,0
002495,NEG,0,FT,0.0,0
002496,NEG,0,FT,0.0,0
002497,NEG,0,FT,0.0,0
002498,NEG,0,FT,0.0017343327635899186,1
002499,NEG,0,FT,0.0,0
002500,NEG,0,FT,0.0,0
002501,NEG,0,FT,0.0,0
002502,NEG,0,FT,0.0,0
002503,NEG,0,FT,0.0,0
002504,NEG,0,FT,0.0,0
002505,NEG,0,FT,0.0,0
002506,NEG,0,FT,0.0,0
002507,NEG,0,FT,0.029961399734020233,2
002508,NEG,0,FT,0.13677404820919037,3
002509,NEG,0,FT,0.05556849017739296,2
002510,NEG,0,FT,0.004691832233220339,2
002511,NEG,0,FT,0.0,0
002512,NEG,0,FT,0.0,0
002513,NEG,0,FT,0.0,0
002514,NEG,0,FT,0.0,0
002515,NEG,0,FT,0.0,0
002516,NEG,0,FT,0.0,0
002517,NEG,0,FT,0.0,0
002518,NEG,0,FT,0.0,0
002519,NEG,0,FT,0.0,0
002520,NEG,0,FT,0.0,0
002521,NEG,0,FT,0.0,0
002522,NEG,0,FT,0.0,0
002523,NEG,0,FT,0.0,0
002524,NEG,0,FT,0.0,0
002525,NEG,0,FT,0.0,0
002526,NEG,0,FT,0.0,0
002527,NEG,0,FT,0.0,0
002528,NEG,0,FT,0.009272686205804348,1
002529,NEG,0,FT,0.0,0
002530,NEG,0,FT,0.0,0
002531,NEG,0,FT,0.0,0
002532,NEG,0,FT,0.0,0
002533,NEG,0,FT,0.006999764125794172,1
002534,NEG,0,FT,0.0,0
002535,NEG,0,FT,0.0,0
002536,NEG,0,FT,0.0,0
002537,NEG,0,FT,0.0,0
002538,NEG,0,FT,0.0,0
002539,NEG,0,FT,0.0,0
002540,NEG,0,FT,0.0013711595674976707,1
002541,NEG,0,FT,0.0,0
002542,NEG,0,FT,0.0,0
002543,NEG,0,FT,0.0,0
002544,NEG,0,FT,0.0,0
002545,NEG,0,FT,0.0,0
002546,NEG,0,FT,0.0,0
002547,NEG,0,FT,0.0,0
002548,NEG,0,FT,0.0,0
002549,NEG,0,FT,0.0,0
002550,NEG,0,FT,0.0,0
002551,NEG,0,FT,0.0,0
002552,NEG,0,FT,0.0,0
002553,NEG,0,FT,0.0,0
002554,NEG,0,FT,0.0,0
002555,NEG,0,FT,0.0,0
002556,NEG,0,FT,0.005427033174782991,3
002557,NEG,0,FT,0.0,0
002558,NEG,0,FT,0.01929292269051075,3
002559,NEG,0,FT,0.0017450284212827682,3
002560,NEG,0,FT,0.01204149704426527,1
002561,NEG,0,FT,0.0,0
002562,NEG,0,FT,0.0,0
002563,NEG,0,FT,0.0,0
002564,NEG,0,FT,0.0011807975824922323,1
002565,NEG,0,FT,0.0,0
002566,NEG,0,FT,0.0,0
002567,NEG,0,FT,0.0,0
002568,NEG,0,FT,0.0,0
002569,NEG,0,FT,0.0,0
002570,NEG,0,FT,0.0,0
002571,NEG,0,FT,0.0,0
002572,NEG,0,FT,0.0,0
002573,NEG,0,FT,0.0,0
002574,NEG,0,FT,0.0,0
002575,NEG,0,FT,0.0,0
002576,NEG,0,FT,0.0,0
002577,NEG,0,FT,0.0,0
002578,NEG,0,FT,0.0,0
002579,NEG,0,FT,0.0,0
002580,NEG,0,FT,0.0,0
002581,NEG,0,FT,0.0,0
002582,NEG,0,FT,0.002002185909077525,1
002583,NEG,0,FT,0.0,0
002584,NEG,0,FT,0.0,0
002585,NEG,0,FT,0.0,0
002586,NEG,0,FT,0.0,0
002587,NEG,0,FT,0.0,0
002588,NEG,0,FT,0.0,0
002589,NEG,0,FT,0.0,0
002590,NEG,0,FT,0.0,0
002591,NEG,0,FT,0.0,0
002592,NEG,0,FT,0.0,0
002593,NEG,0,FT,0.0,0
002594,NEG,0,FT,0.0,0
002595,NEG,0,FT,0.0,0
002596,NEG,0,FT,0.0,0
002597,NEG,0,FT,0.0,0
002598,NEG,0,FT,0.0,0
002599,NEG,0,FT,0.0,0
002600,NEG,0,FT,0.0,0
002601,NEG,0,FT,0.0,0
002602,NEG,0,FT,0.0,0
002603,NEG,0,FT,0.0,0
002604,NEG,0,FT,0.0,0
002605,NEG,0,FT,0.0,0
002606,NEG,0,FT,0.0,0
002607,NEG,0,FT,0.0,0
002608,NEG,0,FT,0.0,0
002609,NEG,0,FT,0.0,0
002610,NEG,0,FT,0.0,0
002611,NEG,0,FT,0.0,0
002612,NEG,0,FT,0.0,0
002613,NEG,0,FT,0.0013641255209222436,1
002614,NEG,0,FT,0.00454189907759428,3
002615,NEG,0,FT,0.0,0
002616,NEG,0,FT,0.0,0
002617,NEG,0,FT,0.0,0
002618,NEG,0,FT,0.0,0
002619,NEG,0,FT,0.0013729158090427518,1
002620,NEG,0,FT,0.0,0
002621,NEG,0,FT,0.0,0
002622,NEG,0,FT,0.0,0
002623,NEG,0,FT,0.0,0
002624,NEG,0,FT,0.0,0
002625,NEG,0,FT,0.0,0
002626,NEG,0,FT,0.0,0
002627,NEG,0,FT,0.0,0
002628,NEG,0,FT,0.0,0
002629,NEG,0,FT,0.0,0
002630,NEG,0,FT,0.001137648243457079,1
002631,NEG,0,FT,0.0,0
002632,NEG,0,FT,0.0,0
002633,NEG,0,FT,0.0,0
002634,NEG,0,FT,0.0,0
002635,NEG,0,FT,0.0,0
002636,NEG,0,FT,0.0,0
002637,NEG,0,FT,0.0,0
002638,NEG,0,FT,0.0,0
002639,NEG,0,FT,0.0,0
002640,NEG,0,FT,0.0,0
002641,NEG,0,FT,0.0,0
002642,NEG,0,FT,0.0,0
002643,NEG,0,FT,0.0,0
002644,NEG,0,FT,0.0,0
002645,NEG,0,FT,0.0,0
002646,NEG,0,FT,0.0,0
002647,NEG,0,FT,0.00234538153745234,1
002648,NEG,0,FT,0.0254477821290493,1
002649,NEG,0,FT,0.46406373381614685,2
002650,NEG,0,FT,0.00891626626253128,1
002651,NEG,0,FT,0.02704760991036892,1
002652,NEG,0,FT,0.001603060169145465,3
002653,NEG,0,FT,0.0,0
002654,NEG,0,FT,0.0,0
002655,NEG,0,FT,0.0,0
002656,NEG,0,FT,0.0,0
002657,NEG,0,FT,0.0,0
002658,NEG,0,FT,0.0,0
002659,NEG,0,FT,0.0,0
002660,NEG,0,FT,0.0,0
002661,NEG,0,FT,0.0,0
002662,NEG,0,FT,0.0,0
002663,NEG,0,FT,0.0,0
002664,NEG,0,FT,0.0,0
002665,NEG,0,FT,0.0,0
002666,NEG,0,FT,0.0,0
002667,NEG,0,FT,0.0,0
002668,NEG,0,FT,0.0,0
002669,NEG,0,FT,0.0,0
002670,NEG,0,FT,0.0,0
002671,NEG,0,FT,0.0,0
002672,NEG,0,FT,0.0,0
002673,NEG,0,FT,0.0,0
002674,NEG,0,FT,0.0,0
002675,NEG,0,FT,0.0,0
002676,NEG,0,FT,0.0,0
002677,NEG,0,FT,0.0,0
002678,NEG,0,FT,0.0,0
002679,NEG,0,FT,0.0,0
002680,NEG,0,FT,0.0,0
002681,NEG,0,FT,0.0,0
002682,NEG,0,FT,0.0,0
002683,NEG,0,FT,0.0,0
002684,NEG,0,FT,0.0,0
002685,NEG,0,FT,0.0,0
002686,NEG,0,FT,0.0,0
002687,NEG,0,FT,0.0,0
002688,NEG,0,FT,0.0,0
